Date,TempMean,TempMin,TempMax,Radiation,Precipitation,VapPressure,Windspeed
2000-01-01,2.6,-1.6,4.2,1470,1.8,0.53,2.1
2000-01-02,5.0,3.1,5.8,1482,0.0,0.73,2.3
2000-01-03,7.0,5.8,8.1,1496,1.3,0.89,3.2
2000-01-04,5.0,3.1,7.4,1511,2.1,0.74,3.3
2000-01-05,2.2,0.2,7.0,3819,2.5,0.61,3.1
2000-01-06,3.0,-1.4,6.4,3373,0.3,0.54,2.7
2000-01-07,4.4,2.5,7.8,2220,0.0,0.71,2.3
2000-01-08,5.1,1.4,6.2,1581,0.1,0.66,2.9
2000-01-09,1.7,-0.2,6.1,1601,0.0,0.59,1.7
2000-01-10,1.4,1.3,2.4,1622,0.0,0.64,1.7
2000-01-11,-0.5,-2.0,2.8,3281,0.0,0.51,2.2
2000-01-12,-0.7,-3.0,2.4,2310,0.0,0.47,2.7
2000-01-13,-2.1,-5.0,-0.8,1693,0.0,0.41,2.6
2000-01-14,-1.3,-1.8,-0.8,1718,0.0,0.51,1.5
2000-01-15,-1.1,-2.2,0.7,1745,0.9,0.5,1.6
2000-01-16,4.4,-2.0,5.8,1773,0.8,0.52,2.5
2000-01-17,7.6,5.9,7.8,1802,1.1,0.89,5.4
2000-01-18,4.3,1.7,7.7,4322,0.5,0.67,5.4
2000-01-19,-0.6,-2.0,4.1,5369,0.6,0.52,2.8
2000-01-20,4.7,-2.7,4.9,1896,2.5,0.49,4.1
2000-01-21,0.5,-1.5,5.2,5061,2.5,0.54,4.2
2000-01-22,-2.0,-2.7,-0.4,1964,4.4,0.48,2.6
2000-01-23,-5.8,-9.1,-1.4,5206,0.2,0.3,2.1
2000-01-24,-6.1,-8.8,-2.0,5177,0.0,0.31,1.4
2000-01-25,-4.4,-10.1,-0.9,3028,0.3,0.29,1.9
2000-01-26,2.6,-4.2,3.8,2113,1.0,0.44,2.8
2000-01-27,2.4,2.1,4.0,2153,0.2,0.69,3.4
2000-01-28,1.5,1.2,3.0,2195,2.2,0.64,4.2
2000-01-29,5.6,0.9,8.3,2237,13.2,0.65,6.5
2000-01-30,4.8,3.1,7.1,5778,7.3,0.74,5.8
2000-01-31,7.2,3.3,9.9,5353,2.3,0.76,5.9
2000-02-01,8.4,5.6,8.9,2371,1.4,0.88,3.6
2000-02-02,6.5,3.7,8.8,3238,3.1,0.77,3.8
2000-02-03,3.2,0.6,7.1,4780,0.5,0.63,3.9
2000-02-04,6.8,-1.4,7.6,2514,0.3,0.55,3.9
2000-02-05,6.3,4.6,8.3,2564,0.0,0.82,3.5
2000-02-06,8.4,3.8,10.2,3541,1.0,0.79,2.7
2000-02-07,8.1,7.0,9.4,4667,3.4,0.96,4.3
2000-02-08,8.7,6.6,9.2,2974,9.6,0.94,5.5
2000-02-09,4.5,2.1,9.3,2839,5.2,0.7,5.9
2000-02-10,6.3,5.0,8.1,4519,3.2,0.84,4.0
2000-02-11,5.3,3.8,8.0,6438,0.4,0.78,2.7
2000-02-12,4.0,-0.1,8.2,7807,3.3,0.6,3.4
2000-02-13,2.9,1.4,5.4,3744,2.3,0.65,3.9
2000-02-14,2.1,0.9,4.7,4496,1.8,0.63,2.9
2000-02-15,4.2,1.7,7.6,3674,0.6,0.68,3.2
2000-02-16,2.0,1.2,3.8,3182,0.5,0.64,3.9
2000-02-17,1.3,-1.1,4.7,5727,2.1,0.55,2.9
2000-02-18,1.5,0.0,4.4,3953,6.0,0.59,3.0
2000-02-19,2.8,0.6,3.8,3371,0.5,0.61,2.6
2000-02-20,0.3,-1.6,4.2,4687,1.4,0.53,2.5
2000-02-21,-1.1,-4.2,2.4,5661,0.1,0.44,1.4
2000-02-22,0.5,-2.4,1.3,3567,2.3,0.5,1.7
2000-02-23,1.0,-1.0,7.1,6839,0.1,0.56,1.5
2000-02-24,3.8,-1.1,7.7,3703,3.8,0.57,3.2
2000-02-25,4.1,2.0,7.1,5724,0.0,0.69,3.4
2000-02-26,5.1,2.6,8.8,6211,0.0,0.72,2.1
2000-02-27,5.5,-1.4,9.2,8866,0.0,0.56,2.7
2000-02-28,9.7,6.4,16.3,5518,4.0,0.97,4.4
2000-02-29,6.5,3.7,8.8,6915,2.1,0.77,4.0
2000-03-01,4.5,3.0,7.3,7515,0.1,0.73,4.1
2000-03-02,4.0,0.8,6.6,8878,3.2,0.63,4.3
2000-03-03,5.0,2.9,8.0,5794,5.4,0.73,6.1
2000-03-04,0.0,-0.7,3.0,5885,0.8,0.56,4.6
2000-03-05,1.2,-1.4,3.5,8132,0.6,0.53,3.7
2000-03-06,6.2,0.3,8.3,4935,1.5,0.62,3.9
2000-03-07,9.4,6.4,11.5,4839,3.9,0.94,4.8
2000-03-08,10.8,8.4,11.3,4651,6.4,1.06,5.4
2000-03-09,6.9,4.0,11.6,4818,4.0,0.81,5.8
2000-03-10,3.6,-0.7,6.7,9434,4.9,0.57,3.0
2000-03-11,5.6,2.0,9.3,5800,1.4,0.69,4.8
2000-03-12,4.2,1.7,5.7,5332,2.8,0.67,1.7
2000-03-13,7.6,4.4,11.7,8589,3.6,0.82,2.0
2000-03-14,5.6,3.4,10.2,5119,5.8,0.77,3.9
2000-03-15,3.2,0.8,6.6,11477,7.3,0.63,4.8
2000-03-16,4.0,1.9,6.8,8158,4.8,0.68,3.9
2000-03-17,3.9,1.4,7.8,9813,0.0,0.66,3.4
2000-03-18,4.0,0.4,7.0,6806,0.0,0.62,2.0
2000-03-19,4.4,-1.4,10.0,14485,0.0,0.56,2.3
2000-03-20,4.9,3.2,7.4,5599,0.0,0.75,2.1
2000-03-21,5.3,3.4,7.8,5780,0.0,0.75,1.6
2000-03-22,6.3,3.1,12.8,12023,0.0,0.76,1.6
2000-03-23,4.2,-0.9,11.8,12765,0.0,0.6,1.5
2000-03-24,5.8,1.3,9.3,8282,1.9,0.66,2.7
2000-03-25,8.5,4.6,12.1,6106,3.3,0.84,2.1
2000-03-26,6.4,4.7,9.8,6708,0.0,0.83,2.0
2000-03-27,4.8,1.4,10.1,9838,0.4,0.67,1.9
2000-03-28,4.2,2.2,5.0,6245,0.6,0.69,3.0
2000-03-29,5.8,3.7,8.8,7071,0.0,0.77,3.8
2000-03-30,6.8,5.5,8.0,6513,0.6,0.87,3.7
2000-03-31,4.6,3.6,6.2,6486,0.3,0.77,1.9
2000-04-01,6.4,2.8,10.9,9827,0.1,0.74,1.5
2000-04-02,7.1,4.2,12.2,15071,0.0,0.82,1.8
2000-04-03,11.1,4.1,17.6,18288,0.0,0.85,2.6
2000-04-04,8.2,5.8,11.6,6806,6.7,0.9,2.2
2000-04-05,2.0,-0.8,8.9,12013,0.0,0.58,3.2
2000-04-06,5.5,-3.9,11.6,17619,0.0,0.49,2.8
2000-04-07,5.9,1.4,11.2,9186,0.0,0.68,2.5
2000-04-08,4.9,2.1,8.7,7121,0.0,0.7,1.5
2000-04-09,4.0,1.6,10.2,20092,0.0,0.69,2.6
2000-04-10,4.1,-3.2,10.5,18404,0.0,0.51,2.0
2000-04-11,6.1,0.1,12.5,15426,0.0,0.64,1.8
2000-04-12,5.2,2.6,10.5,7545,3.4,0.73,2.9
2000-04-13,6.3,0.3,12.3,14380,0.8,0.64,3.5
2000-04-14,5.9,4.0,10.6,12733,0.5,0.79,2.6
2000-04-15,8.5,0.4,13.1,8479,1.8,0.65,2.4
2000-04-16,7.3,3.7,12.3,13049,0.0,0.79,2.7
2000-04-17,11.4,5.3,18.2,12553,0.0,0.92,2.8
2000-04-18,11.3,7.3,16.8,14317,7.0,1.03,1.9
2000-04-19,10.8,9.2,13.0,7949,2.5,1.13,1.7
2000-04-20,11.5,5.3,19.1,17885,0.0,0.93,1.5
2000-04-21,16.5,7.6,23.9,18841,0.0,1.12,1.9
2000-04-22,18.3,6.5,23.9,19318,0.0,1.04,2.1
2000-04-23,17.9,12.5,26.5,18456,0.0,1.5,1.9
2000-04-24,11.4,9.1,18.9,11233,0.5,1.15,2.6
2000-04-25,10.3,5.8,16.2,18300,0.0,0.93,1.7
2000-04-26,16.0,6.9,20.8,23816,0.0,1.04,2.3
2000-04-27,19.2,12.1,25.5,21836,0.0,1.45,2.2
2000-04-28,19.9,16.8,23.5,11541,0.0,1.88,2.8
2000-04-29,19.6,16.4,27.1,22549,0.0,1.88,2.3
2000-04-30,16.0,12.5,21.7,18169,4.0,1.44,1.4
2000-05-01,17.1,12.9,25.2,21385,2.4,1.53,1.8
2000-05-02,17.1,13.2,23.6,23238,0.0,1.53,2.3
2000-05-03,13.2,9.1,21.5,24470,0.0,1.19,1.7
2000-05-04,15.8,7.0,23.1,21925,0.0,1.07,1.5
2000-05-05,16.2,6.2,23.9,26439,0.0,1.04,1.9
2000-05-06,16.0,6.1,23.4,26794,0.0,1.03,2.2
2000-05-07,18.1,9.1,26.1,26385,0.0,1.25,2.3
2000-05-08,18.7,8.8,26.0,22663,0.0,1.21,1.9
2000-05-09,19.3,12.6,26.0,25425,0.0,1.49,1.4
2000-05-10,17.8,8.7,26.7,26664,0.0,1.23,1.3
2000-05-11,17.0,8.7,27.0,27136,0.0,1.24,1.9
2000-05-12,14.4,9.0,20.2,27350,0.0,1.16,2.6
2000-05-13,14.0,5.8,21.1,27434,0.0,0.98,1.8
2000-05-14,17.9,5.2,26.0,27000,0.0,1.02,1.5
2000-05-15,19.6,8.1,28.4,27336,0.0,1.21,1.3
2000-05-16,21.4,9.6,30.2,27153,0.0,1.34,1.5
2000-05-17,17.2,14.0,29.0,19981,0.3,1.68,2.6
2000-05-18,13.2,8.9,17.0,12784,0.0,1.12,2.3
2000-05-19,10.7,5.2,16.9,21137,0.2,0.9,2.4
2000-05-20,10.1,7.2,15.4,12879,7.7,1.01,2.2
2000-05-21,12.4,4.8,17.0,19949,0.9,0.88,1.5
2000-05-22,12.0,9.0,17.0,12316,0.0,1.14,2.2
2000-05-23,13.8,3.6,19.2,19399,0.0,0.84,1.8
2000-05-24,14.4,12.0,17.4,10309,5.2,1.37,2.1
2000-05-25,14.5,12.1,19.9,13220,1.8,1.4,3.2
2000-05-26,14.9,8.0,18.9,24244,0.5,1.09,2.2
2000-05-27,12.0,10.0,19.2,15258,1.6,1.23,3.4
2000-05-28,12.4,7.3,17.5,14246,0.8,1.03,3.8
2000-05-29,10.0,8.0,14.2,18083,1.0,1.05,3.6
2000-05-30,11.0,6.2,17.2,22317,0.0,0.96,1.9
2000-05-31,13.0,2.8,19.0,27868,0.0,0.81,1.5
2000-06-01,16.1,7.3,20.4,14636,0.0,1.06,2.1
2000-06-02,20.0,12.0,26.9,27021,0.0,1.46,2.3
2000-06-03,18.1,10.6,24.1,20741,0.9,1.33,1.6
2000-06-04,19.9,13.3,26.2,19584,0.1,1.58,2.1
2000-06-05,17.1,12.8,20.1,10394,1.6,1.46,1.7
2000-06-06,12.3,11.3,16.4,10282,0.3,1.3,2.9
2000-06-07,12.4,7.9,17.5,22158,0.1,1.07,3.0
2000-06-08,15.5,7.1,21.5,26265,0.0,1.05,1.8
2000-06-09,21.5,11.2,27.9,28922,0.0,1.42,2.6
2000-06-10,24.2,16.7,32.4,26039,0.0,2.0,1.9
2000-06-11,19.1,14.5,26.1,21307,4.6,1.66,2.2
2000-06-12,17.7,11.8,22.8,23035,0.0,1.39,2.3
2000-06-13,21.0,12.0,30.6,28588,0.0,1.54,2.1
2000-06-14,16.1,12.6,18.6,10917,7.6,1.42,1.8
2000-06-15,13.3,12.1,18.3,15674,0.0,1.37,2.9
2000-06-16,12.6,7.7,17.7,24522,0.0,1.06,3.2
2000-06-17,14.3,7.0,20.1,28617,0.0,1.04,1.7
2000-06-18,20.2,7.1,27.1,26507,0.0,1.13,1.5
2000-06-19,24.9,12.3,33.9,28223,0.0,1.61,1.5
2000-06-20,26.8,17.3,35.9,28617,0.0,2.13,1.5
2000-06-21,28.1,18.1,34.4,26766,1.2,2.18,1.9
2000-06-22,19.1,16.5,26.1,17527,9.3,1.87,2.4
2000-06-23,16.9,13.8,22.2,20290,3.0,1.55,2.7
2000-06-24,13.8,13.3,18.0,11711,6.2,1.49,2.5
2000-06-25,12.9,11.6,15.4,11308,0.3,1.32,3.1
2000-06-26,12.3,10.0,16.8,13802,0.3,1.21,3.5
2000-06-27,11.5,9.0,15.9,17875,0.0,1.12,3.3
2000-06-28,10.7,8.8,13.6,12329,3.4,1.1,2.7
2000-06-29,11.9,9.5,14.3,10867,0.8,1.16,2.5
2000-06-30,10.5,9.9,14.4,10325,0.8,1.19,2.5
2000-07-01,16.4,7.1,21.9,25435,0.3,1.05,2.1
2000-07-02,17.8,12.7,22.7,18968,0.0,1.48,1.4
2000-07-03,19.4,14.6,26.0,18025,6.3,1.68,1.9
2000-07-04,18.5,16.1,23.9,20495,0.0,1.8,1.8
2000-07-05,17.3,15.0,23.6,11280,7.4,1.69,2.9
2000-07-06,14.3,13.0,18.5,13223,0.0,1.45,2.2
2000-07-07,14.2,6.5,20.2,18964,0.0,1.0,1.9
2000-07-08,13.4,7.7,17.4,13954,0.1,1.05,2.6
2000-07-09,15.6,11.5,19.4,11568,0.0,1.34,2.8
2000-07-10,15.1,13.1,20.0,15984,4.6,1.48,3.2
2000-07-11,15.5,11.3,19.2,15557,0.6,1.32,3.0
2000-07-12,12.3,11.6,15.9,10300,0.1,1.32,3.4
2000-07-13,14.6,8.9,20.4,18091,1.9,1.15,2.9
2000-07-14,13.5,12.8,17.8,10624,4.5,1.44,2.6
2000-07-15,14.6,8.4,18.1,13190,0.3,1.1,2.1
2000-07-16,15.7,10.2,21.2,18999,0.0,1.26,1.7
2000-07-17,15.5,9.9,17.8,13628,0.0,1.21,2.0
2000-07-18,13.1,12.3,16.9,9954,0.0,1.39,2.5
2000-07-19,13.3,11.1,15.7,9784,0.2,1.29,3.2
2000-07-20,14.7,13.0,18.6,11940,0.0,1.46,3.0
2000-07-21,14.5,11.9,18.9,11120,0.1,1.36,2.6
2000-07-22,16.6,13.2,22.1,13266,0.0,1.5,1.7
2000-07-23,16.9,9.8,23.6,14631,16.5,1.26,1.2
2000-07-24,20.7,9.7,26.9,22931,10.7,1.31,1.7
2000-07-25,17.5,15.7,21.3,12340,7.8,1.75,2.4
2000-07-26,18.7,15.7,23.4,13183,0.0,1.75,2.0
2000-07-27,18.1,15.7,22.7,14277,8.6,1.75,1.7
2000-07-28,16.1,14.9,19.4,10644,77.6,1.64,2.2
2000-07-29,15.5,14.2,19.2,9444,19.7,1.58,2.4
2000-07-30,16.2,12.3,19.0,9899,0.0,1.4,2.3
2000-07-31,15.3,14.0,20.4,13013,0.0,1.56,1.7
2000-08-01,20.2,11.4,26.8,21679,10.8,1.41,1.5
2000-08-02,16.2,15.7,19.8,9603,2.6,1.72,2.1
2000-08-03,17.5,12.3,22.9,20499,0.3,1.44,1.8
2000-08-04,16.4,13.5,22.2,15389,10.6,1.54,1.4
2000-08-05,16.5,11.7,23.2,21576,0.0,1.39,1.6
2000-08-06,18.1,10.5,21.6,12987,0.1,1.29,2.0
2000-08-07,15.4,14.0,21.0,19269,0.0,1.57,2.4
2000-08-08,12.7,9.8,15.2,8866,2.9,1.18,1.8
2000-08-09,14.7,7.7,21.4,22179,1.5,1.1,1.6
2000-08-10,17.1,11.3,24.2,13431,0.9,1.37,2.0
2000-08-11,16.9,14.8,22.0,12613,0.0,1.64,1.9
2000-08-12,17.2,12.5,23.9,15847,0.0,1.46,1.2
2000-08-13,19.7,10.8,27.8,21625,0.0,1.38,1.1
2000-08-14,22.7,14.3,30.1,22974,0.0,1.71,1.3
2000-08-15,21.6,18.0,27.6,15691,0.0,2.04,1.9
2000-08-16,18.7,15.5,24.9,16321,4.2,1.74,1.9
2000-08-17,18.7,15.5,24.8,18149,0.8,1.76,2.0
2000-08-18,18.4,13.6,24.5,17800,5.3,1.57,1.5
2000-08-19,18.3,16.9,22.4,9681,2.2,1.88,1.7
2000-08-20,19.5,16.4,23.6,15317,2.3,1.84,1.7
2000-08-21,14.5,13.0,18.4,8458,0.9,1.46,2.0
2000-08-22,15.1,11.6,20.1,17115,0.0,1.36,1.4
2000-08-23,14.3,10.5,21.8,20290,0.0,1.28,1.6
2000-08-24,16.2,6.7,21.0,16182,0.0,1.02,2.2
2000-08-25,14.8,12.5,20.4,12809,0.0,1.42,1.9
2000-08-26,17.0,9.4,22.0,20584,0.0,1.2,2.8
2000-08-27,19.1,13.3,24.1,19752,1.2,1.54,2.4
2000-08-28,15.9,13.8,21.9,10786,3.7,1.56,1.7
2000-08-29,15.7,9.5,21.8,15596,0.0,1.22,1.3
2000-08-30,14.3,8.2,22.2,19445,0.0,1.13,1.3
2000-08-31,14.5,6.8,22.2,17382,0.0,1.04,1.3
2000-09-01,16.0,7.0,22.5,9395,7.1,1.06,1.8
2000-09-02,14.3,12.5,18.4,9527,7.4,1.41,2.9
2000-09-03,12.9,11.6,14.5,6884,10.9,1.31,3.6
2000-09-04,12.4,9.3,18.3,13858,0.0,1.16,2.2
2000-09-05,12.7,9.8,16.2,8589,0.0,1.19,1.6
2000-09-06,13.6,8.8,18.7,6648,7.5,1.13,2.4
2000-09-07,15.0,10.8,19.9,13922,0.3,1.28,2.3
2000-09-08,16.0,13.6,17.4,6489,0.5,1.51,2.1
2000-09-09,15.4,14.7,18.0,6410,0.6,1.63,1.5
2000-09-10,16.1,11.7,21.9,12159,0.1,1.38,1.2
2000-09-11,14.0,11.5,20.2,10776,0.0,1.34,1.3
2000-09-12,16.9,9.9,20.9,10769,0.0,1.24,1.9
2000-09-13,16.1,14.5,19.9,8581,0.0,1.61,2.2
2000-09-14,15.2,13.7,18.2,6320,0.0,1.52,1.4
2000-09-15,15.3,13.1,18.4,6238,0.0,1.47,2.1
2000-09-16,12.7,11.8,15.0,5851,14.5,1.34,3.0
2000-09-17,11.5,10.1,14.7,5771,0.0,1.19,2.0
2000-09-18,11.7,9.9,16.1,9684,0.0,1.19,2.1
2000-09-19,9.8,5.5,14.2,15908,0.0,0.9,3.0
2000-09-20,9.4,7.5,12.4,8871,0.0,1.0,3.1
2000-09-21,12.2,7.7,17.9,15482,0.0,1.05,2.8
2000-09-22,10.6,6.3,18.7,13097,0.0,0.98,1.6
2000-09-23,12.8,6.3,19.7,14482,0.0,0.99,2.3
2000-09-24,10.8,5.7,17.0,14986,0.0,0.93,2.4
2000-09-25,11.0,5.3,16.2,10308,2.2,0.9,1.5
2000-09-26,12.9,10.4,14.4,5059,1.2,1.22,1.5
2000-09-27,15.1,10.5,22.2,9965,5.6,1.28,1.8
2000-09-28,16.2,12.4,21.6,7464,0.0,1.43,2.2
2000-09-29,17.9,13.9,23.4,11981,0.0,1.59,2.2
2000-09-30,16.2,11.9,21.8,13719,0.0,1.4,2.0
2000-10-01,14.7,7.5,20.0,10624,3.2,1.06,1.6
2000-10-02,13.5,11.4,18.1,7148,5.4,1.32,1.9
2000-10-03,11.5,7.6,18.1,12183,0.0,1.05,1.5
2000-10-04,11.1,5.8,16.0,4447,0.0,0.93,1.2
2000-10-05,13.7,9.0,17.1,5652,7.1,1.13,1.2
2000-10-06,10.1,8.1,14.3,5734,0.6,1.06,2.1
2000-10-07,8.7,7.8,11.0,4226,3.7,1.02,1.3
2000-10-08,8.6,5.8,13.4,7540,0.8,0.91,1.9
2000-10-09,8.2,7.0,10.4,4081,2.2,0.96,1.9
2000-10-10,8.4,6.8,11.7,4010,5.4,0.96,3.7
2000-10-11,11.1,4.9,13.0,5698,1.2,0.86,3.6
2000-10-12,10.7,7.3,16.3,9560,0.2,1.02,2.2
2000-10-13,12.0,8.3,16.5,5128,0.6,1.08,1.4
2000-10-14,12.1,9.4,18.2,8676,0.0,1.18,1.3
2000-10-15,12.6,9.5,13.2,3663,0.0,1.15,2.4
2000-10-16,13.8,11.6,19.1,8427,0.0,1.34,2.7
2000-10-17,9.7,7.8,16.2,7782,0.0,1.04,1.8
2000-10-18,8.9,3.1,14.7,9436,0.0,0.78,1.4
2000-10-19,10.6,7.5,13.8,4493,0.1,1.02,1.7
2000-10-20,11.4,8.7,15.0,7079,0.0,1.1,1.8
2000-10-21,11.4,8.4,15.6,5691,0.0,1.08,2.2
2000-10-22,12.9,7.6,19.9,7988,0.0,1.08,1.5
2000-10-23,11.3,7.5,16.8,7869,2.4,1.03,2.1
2000-10-24,12.0,10.3,14.3,4872,1.8,1.21,3.5
2000-10-25,11.9,9.8,12.9,3031,0.4,1.17,3.9
2000-10-26,9.0,6.9,13.1,4109,0.6,0.98,3.4
2000-10-27,9.7,6.2,12.1,4830,1.0,0.92,3.0
2000-10-28,11.7,10.0,12.9,2859,0.3,1.18,2.6
2000-10-29,11.3,8.9,14.6,6859,0.1,1.11,4.0
2000-10-30,11.3,7.6,15.9,2750,0.3,1.04,5.3
2000-10-31,9.7,8.0,11.2,2822,0.2,1.03,3.9
2000-11-01,9.6,5.6,12.9,4751,0.0,0.9,3.5
2000-11-02,8.7,3.4,12.2,7365,0.3,0.77,3.2
2000-11-03,7.5,5.0,11.2,3630,5.2,0.85,2.3
2000-11-04,5.6,3.8,10.4,5356,0.0,0.78,2.2
2000-11-05,4.5,1.7,8.7,2445,0.0,0.68,2.3
2000-11-06,6.2,3.2,7.1,3619,1.0,0.75,3.4
2000-11-07,8.5,6.9,12.6,5108,0.0,0.97,2.7
2000-11-08,7.5,4.3,12.2,3838,0.2,0.82,3.3
2000-11-09,7.2,6.2,11.1,2319,2.6,0.92,3.2
2000-11-10,7.6,5.2,8.6,2220,1.4,0.85,3.1
2000-11-11,7.2,4.9,9.1,2397,0.3,0.84,3.0
2000-11-12,7.6,2.9,10.2,3864,1.5,0.74,3.2
2000-11-13,9.4,7.6,11.2,2152,1.6,1.01,2.2
2000-11-14,8.6,7.8,11.0,2639,2.3,1.02,1.4
2000-11-15,5.8,4.6,9.5,2127,0.4,0.82,2.1
2000-11-16,5.0,3.4,10.1,4968,0.0,0.77,2.5
2000-11-17,4.1,1.7,5.2,1952,2.2,0.67,1.7
2000-11-18,4.4,3.6,5.9,1918,0.0,0.76,3.0
2000-11-19,5.4,2.4,8.1,2530,0.1,0.7,3.5
2000-11-20,4.5,2.8,9.9,3816,0.0,0.74,2.5
2000-11-21,3.4,0.6,5.2,1822,1.3,0.62,1.9
2000-11-22,7.0,2.9,9.0,2321,2.6,0.73,3.0
2000-11-23,6.1,2.3,8.2,2715,0.1,0.71,2.4
2000-11-24,6.6,4.0,9.0,1784,0.2,0.79,2.2
2000-11-25,3.0,-0.3,6.7,3387,0.0,0.58,1.9
2000-11-26,3.2,1.7,5.2,2146,0.0,0.67,2.9
2000-11-27,5.6,3.3,7.9,1661,0.0,0.75,2.5
2000-11-28,7.0,1.9,10.0,1638,5.3,0.69,2.5
2000-11-29,9.2,8.0,12.9,3230,0.1,1.04,2.3
2000-11-30,7.0,3.5,12.0,2040,0.0,0.78,1.8
2000-12-01,6.3,4.3,8.0,2281,2.4,0.8,2.3
2000-12-02,8.8,5.7,12.0,2256,0.1,0.89,1.9
2000-12-03,7.1,5.4,10.2,1756,0.0,0.87,2.2
2000-12-04,4.8,1.4,7.6,2815,0.0,0.66,2.3
2000-12-05,6.8,4.8,10.8,3390,0.0,0.84,2.4
2000-12-06,4.2,2.7,5.1,1577,0.4,0.71,2.4
2000-12-07,6.3,3.4,9.3,3297,0.3,0.76,2.6
2000-12-08,7.9,5.1,10.5,1719,0.1,0.86,3.0
2000-12-09,6.7,5.1,12.2,3421,2.7,0.86,2.7
2000-12-10,7.5,5.0,9.6,2694,2.4,0.85,3.6
2000-12-11,10.0,7.9,11.7,1435,7.3,1.03,3.9
2000-12-12,12.2,10.1,13.1,1427,5.9,1.19,3.3
2000-12-13,10.0,9.1,13.4,1708,2.5,1.12,5.4
2000-12-14,6.4,4.4,9.3,1660,0.0,0.81,4.3
2000-12-15,4.6,4.4,6.9,1409,4.2,0.81,4.5
2000-12-16,3.6,2.6,5.3,1405,0.4,0.71,4.7
2000-12-17,4.2,2.8,4.5,1402,0.2,0.72,2.3
2000-12-18,1.5,0.8,4.6,1400,0.0,0.63,1.5
2000-12-19,1.4,-1.2,3.0,1399,0.0,0.54,1.4
2000-12-20,-0.8,-1.7,1.0,1399,0.0,0.52,3.1
2000-12-21,-2.1,-2.7,-0.3,3115,0.0,0.48,2.9
2000-12-22,-4.5,-5.5,-2.3,3445,0.0,0.39,2.4
2000-12-23,-6.9,-9.7,-2.1,2797,0.0,0.29,1.7
2000-12-24,-2.7,-9.7,-1.5,1410,5.1,0.29,1.6
2000-12-25,-1.5,-1.8,-0.1,1416,0.0,0.51,1.8
2000-12-26,-2.6,-11.2,-0.6,1422,3.9,0.27,1.8
2000-12-27,-0.4,-2.3,0.4,1429,0.0,0.5,1.7
2000-12-28,0.7,0.7,1.7,1438,0.0,0.61,2.4
2000-12-29,-1.4,-2.8,2.1,3116,0.0,0.48,2.8
2000-12-30,-0.6,-4.1,1.0,1668,1.1,0.44,2.3
2000-12-31,-2.8,-5.4,1.3,3409,0.0,0.4,2.4
2001-01-01,-0.9,-6.1,0.9,1512,5.0,0.38,3.2
2001-01-02,1.8,0.5,3.0,1737,0.7,0.61,2.9
2001-01-03,2.9,1.3,6.0,1539,0.2,0.65,3.1
2001-01-04,2.6,-0.3,3.9,1683,1.3,0.58,3.1
2001-01-05,4.8,2.3,5.4,1613,9.4,0.7,3.8
2001-01-06,5.7,2.3,7.9,2154,0.7,0.71,3.4
2001-01-07,4.1,1.3,8.5,4064,0.0,0.66,2.4
2001-01-08,2.6,1.0,5.9,3086,0.2,0.63,2.0
2001-01-09,4.4,2.2,5.9,1601,1.4,0.69,2.4
2001-01-10,2.4,1.0,4.5,1622,0.0,0.64,1.6
2001-01-11,-1.1,-5.3,2.4,4144,0.0,0.41,1.9
2001-01-12,-1.0,-3.1,-0.3,1668,0.0,0.47,1.8
2001-01-13,-2.7,-2.8,-0.9,1693,0.0,0.48,2.2
2001-01-14,-1.9,-3.5,-0.9,1718,0.0,0.45,2.2
2001-01-15,-2.5,-3.3,-1.5,1745,0.0,0.46,2.4
2001-01-16,-2.7,-4.5,0.7,4018,0.0,0.43,1.8
2001-01-17,-3.2,-6.0,-0.4,4410,0.0,0.38,1.9
2001-01-18,-3.0,-6.1,0.0,2565,0.0,0.38,1.8
2001-01-19,-1.6,-2.7,-0.7,1863,0.0,0.48,1.4
2001-01-20,-1.4,-5.0,-0.5,1896,0.1,0.41,1.4
2001-01-21,-0.2,-2.2,0.3,1929,0.0,0.5,1.8
2001-01-22,-0.4,-0.9,0.2,1964,0.6,0.55,3.1
2001-01-23,2.0,-0.5,3.1,1999,3.5,0.57,3.2
2001-01-24,6.3,2.0,9.2,2036,0.5,0.69,3.6
2001-01-25,3.2,-0.3,7.4,4406,2.1,0.59,2.4
2001-01-26,2.9,1.1,6.4,2703,0.0,0.64,2.5
2001-01-27,2.0,-0.3,3.4,2262,7.3,0.58,3.3
2001-01-28,1.3,0.2,2.7,2195,1.8,0.6,2.2
2001-01-29,1.2,-0.5,4.5,2905,0.2,0.57,1.3
2001-01-30,1.5,-1.5,3.0,2280,0.0,0.53,1.0
2001-01-31,1.0,-0.2,4.3,2953,0.0,0.58,1.2
2001-02-01,0.0,-1.1,1.7,2486,3.4,0.54,2.1
2001-02-02,-4.6,-7.3,-0.7,3238,0.0,0.35,2.2
2001-02-03,-6.2,-12.5,-3.4,2999,0.5,0.23,2.7
2001-02-04,-4.6,-5.2,-3.6,2514,9.7,0.4,3.3
2001-02-05,2.2,-6.0,5.1,2564,7.3,0.4,4.3
2001-02-06,7.6,3.8,9.0,2615,3.9,0.78,3.6
2001-02-07,7.9,5.1,10.7,4105,2.6,0.86,2.6
2001-02-08,8.8,6.2,14.7,5822,0.0,0.94,3.1
2001-02-09,1.7,-0.3,8.0,2903,0.2,0.59,2.4
2001-02-10,-0.4,-4.5,4.2,6792,0.4,0.44,1.3
2001-02-11,7.5,-0.9,10.1,2886,0.4,0.58,3.1
2001-02-12,8.7,6.4,12.5,2943,1.7,0.94,3.0
2001-02-13,2.9,0.5,7.5,4486,0.0,0.63,2.5
2001-02-14,2.9,-0.5,7.0,5384,0.0,0.58,2.0
2001-02-15,-0.1,-2.9,8.5,7273,0.0,0.5,1.5
2001-02-16,2.2,-4.3,9.5,6895,4.7,0.46,1.5
2001-02-17,2.5,0.2,6.5,6649,0.0,0.6,2.3
2001-02-18,2.8,0.0,8.7,6395,0.0,0.61,2.9
2001-02-19,4.4,-0.2,5.3,3443,0.1,0.58,2.9
2001-02-20,4.5,1.6,6.9,6232,0.5,0.66,3.8
2001-02-21,5.6,4.1,8.0,5810,1.3,0.79,5.0
2001-02-22,2.1,1.0,5.0,5678,6.4,0.63,4.9
2001-02-23,-4.0,-7.3,1.0,3940,0.5,0.35,2.9
2001-02-24,-5.4,-11.2,-0.7,9723,1.7,0.26,1.6
2001-02-25,-0.3,-4.5,2.0,4318,3.7,0.43,2.2
2001-02-26,-1.8,-4.4,2.8,8423,0.0,0.43,2.2
2001-02-27,-1.6,-5.0,0.8,6229,0.0,0.41,2.5
2001-02-28,0.1,-3.3,3.3,8428,0.0,0.47,2.1
2001-03-01,-0.4,-4.3,4.4,5607,0.4,0.44,2.2
2001-03-02,-0.1,-1.5,2.1,4623,1.3,0.53,2.1
2001-03-03,-0.6,-1.8,0.8,4200,0.4,0.51,2.0
2001-03-04,-0.2,-2.1,1.3,4274,0.6,0.5,2.5
2001-03-05,-0.1,-2.2,4.5,7506,0.1,0.51,1.7
2001-03-06,0.0,-5.0,5.3,9167,0.0,0.43,2.2
2001-03-07,1.8,-3.3,5.0,6068,0.0,0.47,2.4
2001-03-08,6.5,2.7,7.9,4575,0.0,0.72,2.1
2001-03-09,9.7,5.3,13.3,6430,0.1,0.88,2.7
2001-03-10,9.2,8.0,11.5,4728,3.8,1.03,2.7
2001-03-11,9.8,8.2,13.4,5078,2.3,1.06,2.8
2001-03-12,9.1,5.9,13.5,7907,1.6,0.92,3.0
2001-03-13,6.5,1.7,10.7,11993,1.3,0.69,3.6
2001-03-14,4.0,2.3,8.0,7095,0.2,0.7,3.9
2001-03-15,4.1,1.5,8.8,7099,0.0,0.67,2.3
2001-03-16,3.0,0.4,8.5,6911,1.3,0.63,1.7
2001-03-17,2.5,-2.3,5.1,5662,1.4,0.51,2.5
2001-03-18,1.7,0.3,2.0,5358,16.9,0.6,3.3
2001-03-19,1.3,-1.3,6.0,5438,2.3,0.54,5.0
2001-03-20,-2.4,-6.1,2.9,14978,0.0,0.39,2.1
2001-03-21,-0.1,-7.0,4.0,13647,0.1,0.37,2.5
2001-03-22,-0.1,-1.3,0.7,5679,2.8,0.53,3.1
2001-03-23,0.8,-0.3,1.5,5760,4.6,0.58,2.8
2001-03-24,1.0,0.2,1.2,5841,0.6,0.59,2.6
2001-03-25,1.2,-0.2,2.5,5922,0.0,0.58,3.7
2001-03-26,1.0,-1.0,5.7,16240,0.0,0.56,2.9
2001-03-27,-0.6,-3.1,3.5,17649,0.0,0.48,2.7
2001-03-28,2.1,-2.8,5.5,14982,0.0,0.49,3.7
2001-03-29,5.1,0.5,9.3,7619,1.8,0.63,3.6
2001-03-30,6.8,2.0,11.8,7497,0.0,0.71,1.6
2001-03-31,9.3,3.9,14.1,13484,0.0,0.81,2.1
2001-04-01,9.3,6.5,15.9,9294,0.0,0.97,1.9
2001-04-02,13.2,4.2,20.0,16349,0.0,0.89,1.8
2001-04-03,9.0,6.1,16.3,10695,0.4,0.95,2.6
2001-04-04,9.9,4.0,16.5,11681,0.8,0.83,3.2
2001-04-05,6.9,5.0,12.1,10130,0.1,0.86,3.7
2001-04-06,8.4,5.0,11.8,7219,3.4,0.86,3.5
2001-04-07,7.8,6.2,11.3,7637,0.9,0.93,2.6
2001-04-08,8.2,2.6,14.0,15052,0.0,0.75,2.0
2001-04-09,7.5,3.0,12.2,17786,0.1,0.75,2.2
2001-04-10,8.2,5.8,10.8,7198,0.1,0.9,2.4
2001-04-11,6.0,4.1,9.2,7276,0.0,0.79,2.2
2001-04-12,2.6,0.0,7.7,15080,2.7,0.61,3.8
2001-04-13,2.4,-0.2,5.7,11603,0.4,0.58,3.3
2001-04-14,2.3,-2.0,6.5,13098,0.2,0.52,2.3
2001-04-15,3.2,-0.3,4.7,7580,6.5,0.58,3.1
2001-04-16,5.6,4.0,8.0,7655,1.1,0.78,2.3
2001-04-17,5.4,2.6,8.0,10094,2.2,0.71,2.5
2001-04-18,3.5,1.3,7.0,7803,7.9,0.65,3.3
2001-04-19,3.4,0.4,8.3,13602,1.6,0.62,2.5
2001-04-20,4.6,-1.0,10.5,15496,2.0,0.58,1.5
2001-04-21,5.6,1.3,10.5,18366,0.0,0.67,2.7
2001-04-22,7.0,-1.5,11.6,14010,0.0,0.57,2.0
2001-04-23,7.8,3.1,12.3,9132,0.0,0.76,1.8
2001-04-24,10.8,-1.3,16.0,21865,0.0,0.62,2.0
2001-04-25,10.8,8.2,18.0,11477,11.5,1.09,2.5
2001-04-26,10.1,7.2,15.4,15358,0.2,1.01,3.1
2001-04-27,9.5,6.2,15.3,14711,6.8,0.94,1.9
2001-04-28,9.0,6.0,13.5,11219,3.2,0.92,2.7
2001-04-29,13.2,5.7,18.1,20087,0.0,0.94,2.1
2001-04-30,17.4,10.6,23.7,20188,0.0,1.33,1.6
2001-05-01,12.9,9.1,21.7,22656,0.0,1.18,2.3
2001-05-02,13.1,4.0,19.5,24760,0.0,0.86,2.4
2001-05-03,19.7,9.0,25.9,24742,1.4,1.23,2.5
2001-05-04,12.5,10.7,19.9,10643,0.0,1.28,2.4
2001-05-05,9.0,7.5,12.8,16253,0.0,1.01,3.3
2001-05-06,8.9,6.8,12.7,9002,0.0,0.96,3.1
2001-05-07,9.6,2.5,14.8,16407,0.9,0.75,2.4
2001-05-08,13.7,6.4,21.4,25242,0.0,1.02,2.0
2001-05-09,15.0,3.6,22.3,25971,0.0,0.87,2.5
2001-05-10,17.2,7.5,24.7,26191,0.0,1.12,2.3
2001-05-11,14.2,6.4,21.3,26152,0.0,1.01,2.1
2001-05-12,15.4,4.9,22.7,26111,0.0,0.94,1.8
2001-05-13,16.0,7.3,23.4,23886,0.0,1.09,1.7
2001-05-14,19.4,8.0,25.7,24992,0.3,1.16,1.7
2001-05-15,16.0,13.4,20.2,13351,0.0,1.5,2.0
2001-05-16,14.8,10.4,21.8,19984,2.7,1.28,2.6
2001-05-17,13.9,9.5,20.7,15526,3.1,1.2,2.7
2001-05-18,10.9,9.2,14.0,17134,0.4,1.13,3.3
2001-05-19,10.7,5.5,16.7,24576,0.0,0.91,3.0
2001-05-20,10.0,4.2,15.8,18801,0.0,0.84,2.2
2001-05-21,11.1,5.5,17.9,23793,0.0,0.93,2.4
2001-05-22,13.5,4.4,19.4,26714,0.0,0.88,2.3
2001-05-23,16.0,2.7,22.9,26644,0.0,0.85,1.8
2001-05-24,17.0,5.4,24.2,26962,0.0,1.0,1.7
2001-05-25,14.1,6.0,21.7,27670,0.0,0.99,1.8
2001-05-26,16.8,6.9,24.2,23151,0.0,1.08,1.3
2001-05-27,16.5,9.4,22.9,18751,2.6,1.21,2.4
2001-05-28,14.8,14.1,17.0,10022,3.4,1.56,3.2
2001-05-29,16.0,13.7,21.1,23941,0.0,1.55,4.2
2001-05-30,14.4,11.3,19.5,20181,0.0,1.32,2.3
2001-05-31,12.0,6.3,17.7,14969,7.2,0.97,2.4
2001-06-01,12.3,6.8,17.5,15000,2.7,1.0,2.9
2001-06-02,10.5,8.7,14.9,10432,4.6,1.1,3.2
2001-06-03,8.9,7.0,12.3,12429,8.1,0.97,4.3
2001-06-04,10.2,8.1,14.3,12717,3.4,1.06,3.5
2001-06-05,13.1,10.0,15.5,12347,0.0,1.2,1.8
2001-06-06,13.8,10.1,19.2,12500,25.5,1.23,1.8
2001-06-07,13.7,10.1,17.3,15287,0.4,1.22,3.2
2001-06-08,11.1,9.2,15.5,14912,1.1,1.14,1.8
2001-06-09,11.3,6.1,16.7,26660,0.0,0.95,1.4
2001-06-10,10.5,6.6,14.9,14683,4.4,0.96,1.6
2001-06-11,10.3,6.4,16.7,19973,0.8,0.97,2.4
2001-06-12,11.1,8.8,16.6,17878,3.8,1.12,2.6
2001-06-13,12.8,2.9,18.2,22903,0.0,0.8,1.4
2001-06-14,14.0,10.5,21.2,22915,0.0,1.29,1.4
2001-06-15,18.0,5.9,22.8,23716,4.6,1.0,1.8
2001-06-16,16.7,14.1,22.0,20029,8.7,1.59,1.9
2001-06-17,16.0,11.7,20.9,14360,4.8,1.37,2.2
2001-06-18,15.4,12.5,22.6,18455,0.0,1.45,3.0
2001-06-19,14.1,10.6,20.0,21757,0.0,1.28,2.7
2001-06-20,16.7,7.1,21.4,24660,0.0,1.05,1.6
2001-06-21,15.1,13.6,20.3,16874,1.7,1.52,2.3
2001-06-22,11.8,10.6,16.4,12386,5.2,1.24,2.9
2001-06-23,14.5,10.9,20.6,16339,0.0,1.31,2.7
2001-06-24,14.7,11.3,20.4,22004,0.0,1.33,1.9
2001-06-25,14.6,7.1,20.6,23710,0.0,1.05,1.7
2001-06-26,18.8,9.0,25.5,25413,0.0,1.24,1.5
2001-06-27,23.3,13.0,28.1,25531,2.2,1.56,1.9
2001-06-28,17.6,15.5,23.2,11156,4.0,1.73,1.9
2001-06-29,19.2,11.8,25.5,19045,0.0,1.44,1.5
2001-06-30,19.9,13.1,27.2,18765,19.3,1.56,1.6
2001-07-01,16.1,12.2,21.1,20852,0.0,1.41,2.7
2001-07-02,15.9,13.0,21.3,17017,0.0,1.49,2.0
2001-07-03,18.3,9.2,24.6,25015,0.0,1.23,1.8
2001-07-04,22.2,13.4,27.4,26960,0.0,1.58,2.6
2001-07-05,24.3,16.1,30.5,27061,0.0,1.89,2.1
2001-07-06,24.7,17.7,31.1,26766,0.0,2.09,2.3
2001-07-07,24.2,19.0,30.2,16765,1.5,2.21,2.7
2001-07-08,18.1,16.1,23.8,12148,1.0,1.79,2.9
2001-07-09,17.4,16.4,19.8,10156,1.1,1.8,2.6
2001-07-10,19.5,13.8,24.1,22038,0.8,1.58,2.3
2001-07-11,17.1,14.9,22.3,23568,0.1,1.67,3.6
2001-07-12,16.7,12.9,21.2,21306,1.5,1.46,3.2
2001-07-13,16.6,12.3,22.1,22700,2.2,1.43,2.6
2001-07-14,17.3,12.5,20.6,13918,1.4,1.43,2.1
2001-07-15,15.5,14.3,18.8,11405,4.3,1.58,2.1
2001-07-16,12.7,11.9,16.2,10718,4.7,1.34,1.7
2001-07-17,15.1,8.7,20.9,19779,0.0,1.15,1.4
2001-07-18,16.5,10.6,22.0,16743,0.0,1.29,2.4
2001-07-19,17.0,11.9,24.2,23568,0.4,1.41,2.4
2001-07-20,17.3,11.2,23.3,21049,0.0,1.36,2.3
2001-07-21,18.4,11.6,23.3,19441,0.0,1.39,2.2
2001-07-22,21.1,14.2,26.0,19901,0.0,1.64,1.4
2001-07-23,21.8,14.8,29.2,17392,0.1,1.75,1.4
2001-07-24,21.1,16.3,29.6,20295,4.9,1.89,1.4
2001-07-25,20.7,15.0,27.7,19203,0.0,1.73,1.7
2001-07-26,20.9,13.7,28.2,19781,0.0,1.64,1.4
2001-07-27,23.0,11.2,29.1,24453,0.0,1.45,1.2
2001-07-28,23.3,14.0,31.1,22203,4.0,1.71,1.3
2001-07-29,20.4,16.3,27.8,20724,0.0,1.87,1.7
2001-07-30,21.3,13.4,28.9,24087,0.0,1.63,2.1
2001-07-31,17.5,14.0,20.1,9645,4.6,1.56,1.8
2001-08-01,16.3,13.5,21.8,21128,0.0,1.54,1.9
2001-08-02,18.9,7.6,24.7,22817,2.1,1.12,2.1
2001-08-03,21.1,15.7,27.4,14273,1.1,1.82,2.8
2001-08-04,15.8,12.2,24.7,13826,9.0,1.45,2.1
2001-08-05,15.2,11.4,20.3,17021,4.9,1.34,2.8
2001-08-06,16.3,10.1,21.4,15814,0.1,1.25,2.4
2001-08-07,17.5,15.8,21.6,12363,1.8,1.75,2.8
2001-08-08,17.5,13.8,22.7,18521,5.8,1.56,3.5
2001-08-09,16.1,13.4,22.9,16568,2.5,1.54,2.6
2001-08-10,14.5,11.9,19.7,16482,2.0,1.36,2.5
2001-08-11,14.5,9.7,18.5,17629,0.1,1.2,2.1
2001-08-12,16.2,11.9,20.5,8674,11.4,1.39,2.5
2001-08-13,17.3,15.1,18.0,8486,2.3,1.66,2.5
2001-08-14,21.4,17.6,27.2,16367,0.0,2.0,1.6
2001-08-15,25.1,17.6,33.2,23583,0.0,2.09,1.7
2001-08-16,23.9,19.5,33.0,23461,1.9,2.34,2.4
2001-08-17,18.2,15.4,25.0,20433,0.0,1.75,1.6
2001-08-18,20.0,11.4,25.3,16221,0.0,1.39,2.0
2001-08-19,21.1,18.1,27.3,13359,0.0,2.05,1.9
2001-08-20,18.7,15.2,21.4,8725,0.0,1.69,1.6
2001-08-21,20.1,15.9,25.5,14484,0.0,1.8,1.3
2001-08-22,20.7,14.1,26.6,17110,0.0,1.65,1.5
2001-08-23,22.4,14.5,28.0,16289,0.0,1.71,1.5
2001-08-24,23.5,17.2,30.3,16648,0.0,2.01,1.2
2001-08-25,23.4,16.6,31.3,20626,0.0,1.97,1.1
2001-08-26,25.1,15.8,33.7,20490,0.1,1.93,1.4
2001-08-27,16.3,13.4,23.7,13404,11.6,1.54,2.9
2001-08-28,14.9,11.1,18.0,11916,0.0,1.3,3.2
2001-08-29,16.3,11.2,21.5,15372,0.0,1.34,1.9
2001-08-30,17.1,10.4,23.2,19701,0.0,1.29,1.9
2001-08-31,15.8,14.3,19.6,9009,0.1,1.58,1.7
2001-09-01,15.3,9.8,22.2,12080,0.1,1.24,2.3
2001-09-02,15.4,9.8,17.8,8610,3.5,1.2,2.5
2001-09-03,16.5,14.3,18.2,6962,23.6,1.58,2.2
2001-09-04,13.2,11.4,17.4,8658,0.8,1.32,2.3
2001-09-05,13.7,7.8,19.2,10222,0.6,1.07,2.4
2001-09-06,13.5,10.7,17.9,10779,0.0,1.27,2.1
2001-09-07,13.1,10.1,17.5,8933,16.0,1.21,2.9
2001-09-08,10.7,8.8,16.2,14679,0.9,1.12,4.9
2001-09-09,11.6,8.2,13.8,7134,27.4,1.05,5.2
2001-09-10,13.9,11.8,18.8,9611,4.8,1.35,4.9
2001-09-11,10.5,9.5,14.2,6330,12.5,1.15,3.6
2001-09-12,12.7,9.1,18.1,13091,2.2,1.15,2.8
2001-09-13,12.8,10.4,18.6,10246,2.0,1.24,3.1
2001-09-14,12.3,8.6,17.7,10966,0.0,1.12,2.1
2001-09-15,12.4,10.2,16.9,9924,0.5,1.22,2.8
2001-09-16,10.0,6.3,15.4,7975,0.2,0.95,1.9
2001-09-17,9.9,7.2,16.2,8893,0.1,1.01,1.6
2001-09-18,9.9,3.4,13.8,6174,15.7,0.79,1.8
2001-09-19,12.8,8.4,17.2,9884,0.2,1.09,3.1
2001-09-20,12.1,10.4,15.2,5810,5.9,1.23,3.2
2001-09-21,12.4,11.0,14.7,5827,2.0,1.27,2.4
2001-09-22,11.1,9.3,14.7,7011,3.6,1.14,1.7
2001-09-23,12.1,9.5,15.5,7111,0.0,1.16,1.7
2001-09-24,12.7,8.7,16.5,9123,3.7,1.11,2.1
2001-09-25,12.2,11.3,14.2,5216,6.4,1.29,1.4
2001-09-26,11.8,10.3,15.6,5984,0.1,1.23,1.3
2001-09-27,11.0,8.5,12.9,5059,8.7,1.08,1.8
2001-09-28,13.2,11.0,16.3,7289,0.0,1.28,1.4
2001-09-29,15.5,12.9,20.2,9293,1.4,1.47,1.7
2001-09-30,13.3,11.8,16.0,4827,2.6,1.35,2.0
2001-10-01,15.0,10.3,16.9,4750,1.4,1.22,3.3
2001-10-02,16.6,14.7,21.1,4674,3.8,1.63,3.1
2001-10-03,14.2,12.1,18.1,7060,0.4,1.38,2.4
2001-10-04,13.9,11.2,17.1,8004,0.0,1.3,2.6
2001-10-05,11.6,8.5,17.6,6515,0.0,1.11,1.6
2001-10-06,13.6,7.9,19.2,8893,0.0,1.09,1.8
2001-10-07,14.2,11.9,16.8,4299,0.2,1.36,2.0
2001-10-08,12.5,10.6,17.9,4894,0.1,1.25,2.8
2001-10-09,13.0,7.6,17.2,10184,0.0,1.04,2.9
2001-10-10,14.0,11.6,17.2,9311,2.2,1.33,2.9
2001-10-11,13.8,11.6,14.9,4010,1.0,1.32,2.3
2001-10-12,13.8,10.1,20.4,9374,0.0,1.24,1.7
2001-10-13,14.7,8.5,22.1,9639,0.0,1.15,1.4
2001-10-14,16.4,10.5,21.8,6457,0.0,1.28,1.4
2001-10-15,15.0,11.8,20.1,6822,0.0,1.36,1.3
2001-10-16,12.6,10.2,20.2,7635,0.0,1.25,1.4
2001-10-17,10.8,6.2,14.6,4578,0.0,0.94,1.8
2001-10-18,11.8,10.1,15.5,4202,0.0,1.2,2.1
2001-10-19,11.8,8.7,15.9,6487,0.0,1.1,1.9
2001-10-20,11.6,8.7,16.1,7771,0.0,1.11,2.5
2001-10-21,10.1,8.1,11.7,3480,6.2,1.04,2.2
2001-10-22,10.5,9.9,11.8,3274,0.6,1.17,2.0
2001-10-23,9.5,7.8,12.0,4757,0.0,1.02,1.9
2001-10-24,7.4,5.1,10.1,3151,1.3,0.86,2.3
2001-10-25,10.9,6.8,12.9,3433,0.9,0.97,1.8
2001-10-26,11.0,7.7,16.4,6551,0.0,1.05,2.1
2001-10-27,10.4,6.8,12.2,2973,4.7,0.96,2.6
2001-10-28,10.6,9.0,14.3,5688,1.5,1.11,2.4
2001-10-29,10.5,8.3,11.6,2859,5.2,1.06,3.1
2001-10-30,16.1,11.4,18.1,5700,0.0,1.32,4.0
2001-10-31,10.4,7.0,18.1,4783,2.2,1.02,4.2
2001-11-01,6.4,4.6,11.1,4140,0.4,0.84,3.8
2001-11-02,10.2,4.4,11.2,2644,0.0,0.82,2.0
2001-11-03,10.6,10.1,11.4,2593,0.0,1.19,2.1
2001-11-04,9.1,6.7,11.6,2603,1.3,0.95,2.3
2001-11-05,5.7,4.2,9.5,5475,3.7,0.8,2.8
2001-11-06,7.8,3.6,10.0,2445,2.5,0.78,4.1
2001-11-07,6.2,4.8,8.4,2573,2.4,0.83,3.6
2001-11-08,4.2,2.6,6.5,2352,12.9,0.72,4.0
2001-11-09,0.1,-1.5,4.5,2534,0.4,0.53,2.8
2001-11-10,1.4,-5.1,5.4,7078,0.0,0.43,2.4
2001-11-11,4.9,2.6,5.7,2220,0.6,0.71,2.5
2001-11-12,6.5,5.1,8.9,2179,0.9,0.85,2.1
2001-11-13,0.5,-1.9,6.4,5374,0.0,0.53,1.9
2001-11-14,0.0,-2.5,1.9,3591,0.0,0.49,1.6
2001-11-15,3.3,-2.0,5.7,2060,0.0,0.52,2.5
2001-11-16,2.9,0.0,9.2,4259,0.0,0.61,1.7
2001-11-17,7.0,-1.0,8.0,1987,0.4,0.57,1.7
2001-11-18,6.7,4.7,8.3,1952,0.0,0.83,1.5
2001-11-19,4.4,1.0,8.2,1918,0.1,0.65,1.7
2001-11-20,1.4,-3.7,3.6,5112,0.3,0.46,1.6
2001-11-21,8.6,3.6,9.6,2442,2.9,0.77,3.5
2001-11-22,3.9,0.8,8.6,1822,1.7,0.64,4.8
2001-11-23,0.6,-0.9,4.8,2753,0.0,0.56,3.3
2001-11-24,1.0,-4.2,3.1,3570,0.0,0.44,2.3
2001-11-25,4.4,2.5,5.1,1878,7.0,0.7,1.7
2001-11-26,4.2,2.6,7.6,1710,0.8,0.71,1.9
2001-11-27,1.4,-1.2,2.3,1685,4.5,0.54,1.7
2001-11-28,4.1,2.3,7.4,1661,0.2,0.7,2.8
2001-11-29,4.6,1.4,5.0,1638,7.6,0.65,2.7
2001-11-30,3.5,2.9,5.6,1750,0.0,0.72,2.8
2001-12-01,2.0,0.4,3.4,1817,4.4,0.61,3.0
2001-12-02,1.0,0.6,2.0,1575,0.1,0.61,1.8
2001-12-03,-0.5,-0.9,0.6,1556,0.0,0.55,2.1
2001-12-04,2.8,-1.1,5.5,1625,9.9,0.55,3.2
2001-12-05,6.0,4.2,8.5,1522,1.3,0.8,3.0
2001-12-06,4.4,3.4,5.3,1506,0.4,0.75,3.5
2001-12-07,2.2,0.6,3.4,1492,0.0,0.62,1.5
2001-12-08,0.5,-2.0,3.5,1479,0.0,0.51,1.9
2001-12-09,-1.9,-3.6,-0.3,2055,0.0,0.45,1.7
2001-12-10,1.6,-2.3,2.3,1455,0.3,0.5,1.5
2001-12-11,3.6,1.8,4.0,1445,0.2,0.67,1.4
2001-12-12,2.8,1.2,5.0,1435,0.0,0.65,2.2
2001-12-13,-4.1,-7.4,2.3,3534,0.0,0.35,3.5
2001-12-14,-4.9,-9.3,-2.9,3397,0.5,0.29,2.2
2001-12-15,0.8,-3.8,2.2,1414,0.0,0.45,1.9
2001-12-16,0.0,-2.8,2.0,1778,0.3,0.48,2.3
2001-12-17,0.8,0.2,2.0,1405,0.1,0.6,1.7
2001-12-18,1.2,-0.9,2.2,1402,0.0,0.55,1.9
2001-12-19,3.0,1.6,5.3,1400,2.6,0.66,3.6
2001-12-20,-3.0,-4.4,1.7,2990,1.8,0.43,3.1
2001-12-21,1.1,-3.8,2.7,1399,7.8,0.45,5.1
2001-12-22,-3.7,-5.3,0.3,1849,0.0,0.4,2.8
2001-12-23,-5.1,-9.7,-3.2,4303,1.0,0.29,3.1
2001-12-24,-0.8,-4.6,0.9,1406,6.0,0.42,4.7
2001-12-25,2.0,-0.4,5.5,1410,2.3,0.58,5.4
2001-12-26,1.2,0.3,2.3,1416,0.1,0.6,3.5
2001-12-27,0.8,-0.2,0.8,1587,5.9,0.57,4.3
2001-12-28,1.9,-0.2,4.6,1429,9.8,0.59,5.4
2001-12-29,0.2,-0.9,4.0,1687,0.4,0.55,3.4
2001-12-30,-1.9,-2.9,-0.4,1447,0.1,0.47,3.1
2001-12-31,-5.4,-6.9,-2.6,1542,0.0,0.35,2.4
2002-01-01,1.9,-6.4,3.3,1470,3.0,0.38,3.5
2002-01-02,-1.2,-4.2,4.3,3602,0.0,0.45,3.1
2002-01-03,-4.8,-7.7,-0.9,2520,0.0,0.34,2.4
2002-01-04,-8.2,-10.7,-3.1,4560,0.0,0.27,1.7
2002-01-05,-4.9,-12.5,0.3,4467,0.0,0.24,1.5
2002-01-06,2.4,-3.7,3.3,1544,2.1,0.46,2.1
2002-01-07,0.6,0.0,3.4,1562,1.0,0.59,1.5
2002-01-08,0.6,-0.2,1.9,1581,0.0,0.58,1.3
2002-01-09,-0.6,-1.2,0.2,1601,0.3,0.54,1.3
2002-01-10,-0.3,-0.4,-0.1,1622,0.0,0.57,1.4
2002-01-11,-2.2,-3.3,-0.6,1645,2.0,0.46,1.8
2002-01-12,1.0,-1.3,1.8,1668,0.4,0.53,1.6
2002-01-13,0.3,-0.5,1.0,1693,0.0,0.57,1.7
2002-01-14,-1.2,-1.6,0.9,1718,0.0,0.52,2.1
2002-01-15,-2.7,-3.9,-0.6,3967,0.0,0.44,2.4
2002-01-16,-0.7,-5.4,0.6,1773,0.0,0.4,1.7
2002-01-17,1.7,0.6,3.1,1802,0.0,0.62,2.2
2002-01-18,1.7,0.7,2.7,1832,4.2,0.62,2.5
2002-01-19,3.1,0.6,5.7,1863,1.3,0.62,3.4
2002-01-20,5.3,3.6,6.2,1896,4.6,0.77,4.5
2002-01-21,9.1,6.3,11.0,1929,0.4,0.93,4.4
2002-01-22,7.2,4.5,10.1,3753,0.8,0.82,3.8
2002-01-23,7.2,5.7,8.7,2103,0.0,0.89,3.8
2002-01-24,8.7,5.7,12.0,2141,2.2,0.89,4.9
2002-01-25,2.5,1.6,8.4,3505,3.0,0.67,3.9
2002-01-26,9.5,1.6,11.2,2221,25.9,0.69,5.7
2002-01-27,7.3,7.1,10.0,2371,3.1,0.97,5.4
2002-01-28,10.3,5.6,14.0,2415,6.2,0.9,6.2
2002-01-29,8.5,7.9,10.9,2237,0.2,1.03,4.8
2002-01-30,9.9,7.4,12.0,4142,0.1,1.0,3.0
2002-01-31,6.8,5.2,10.5,2382,1.0,0.86,4.0
2002-02-01,10.1,4.4,10.7,2891,0.0,0.82,3.9
2002-02-02,10.6,9.1,15.0,3648,0.0,1.13,3.4
2002-02-03,9.2,3.5,15.2,6205,0.0,0.8,2.6
2002-02-04,9.4,6.9,12.0,4198,0.0,0.97,4.3
2002-02-05,10.5,7.3,12.9,2564,1.7,0.99,4.0
2002-02-06,7.0,5.3,11.4,5207,0.1,0.87,2.7
2002-02-07,6.8,5.3,9.2,3542,3.7,0.86,3.0
2002-02-08,8.7,5.0,11.3,5189,4.8,0.85,4.2
2002-02-09,10.2,8.2,13.4,2775,1.3,1.06,4.8
2002-02-10,7.0,6.0,8.8,4519,5.1,0.9,4.7
2002-02-11,10.0,6.7,11.1,2886,23.3,0.96,5.7
2002-02-12,9.8,8.3,11.9,5475,2.8,1.06,6.2
2002-02-13,3.2,0.1,9.0,7118,0.0,0.62,2.7
2002-02-14,-1.3,-3.7,4.1,8254,0.0,0.46,3.2
2002-02-15,-1.6,-5.8,5.5,8380,0.0,0.4,2.5
2002-02-16,-0.3,-5.9,7.0,8227,0.0,0.41,1.9
2002-02-17,-0.2,-4.7,5.8,7217,0.0,0.44,1.3
2002-02-18,2.2,-1.1,4.6,3738,0.7,0.55,2.9
2002-02-19,2.2,0.3,5.8,4607,10.7,0.61,5.2
2002-02-20,3.7,0.3,9.4,6379,4.4,0.62,5.2
2002-02-21,-0.5,-2.5,3.0,8641,0.5,0.49,3.9
2002-02-22,2.5,-2.2,4.7,3567,8.1,0.51,5.4
2002-02-23,1.7,0.2,4.8,6152,5.8,0.6,5.7
2002-02-24,1.0,0.4,4.7,6636,5.4,0.61,4.3
2002-02-25,2.1,0.1,4.6,5646,10.6,0.59,3.2
2002-02-26,9.6,1.3,13.3,5421,10.8,0.69,6.3
2002-02-27,4.8,3.3,9.3,8786,4.2,0.76,5.1
2002-02-28,4.3,0.9,8.7,5841,1.0,0.64,4.5
2002-03-01,1.5,0.3,4.9,5280,7.5,0.6,2.9
2002-03-02,1.7,-2.6,4.8,11564,0.5,0.5,2.4
2002-03-03,3.5,-0.5,5.2,7709,0.2,0.57,2.8
2002-03-04,7.1,4.5,8.3,4274,0.1,0.81,2.4
2002-03-05,6.4,5.6,8.1,4348,0.0,0.88,1.7
2002-03-06,7.4,4.5,7.8,4423,5.0,0.82,4.1
2002-03-07,7.3,3.8,9.6,8857,8.9,0.78,6.3
2002-03-08,7.0,4.7,11.6,10739,0.6,0.84,2.9
2002-03-09,7.9,5.3,12.1,8832,7.6,0.87,3.3
2002-03-10,5.8,3.5,9.3,8862,0.0,0.76,4.0
2002-03-11,7.1,3.0,14.6,12065,0.0,0.77,2.6
2002-03-12,8.9,1.9,14.8,7449,2.7,0.73,1.3
2002-03-13,5.0,2.4,8.7,4962,3.9,0.71,2.0
2002-03-14,1.5,-0.7,4.5,5881,0.0,0.56,3.4
2002-03-15,1.4,-0.2,1.9,5119,0.0,0.58,3.3
2002-03-16,3.3,1.5,4.9,5199,0.0,0.66,2.2
2002-03-17,6.4,2.2,8.9,7102,0.0,0.71,2.0
2002-03-18,11.8,6.2,18.0,11459,2.5,0.96,2.8
2002-03-19,7.7,6.7,13.1,5438,0.9,0.96,4.6
2002-03-20,4.5,3.0,7.3,6208,5.0,0.73,3.6
2002-03-21,4.3,2.9,9.0,5599,5.9,0.73,3.5
2002-03-22,3.8,1.3,9.3,11891,0.0,0.66,3.8
2002-03-23,3.6,0.2,6.8,7376,0.1,0.61,3.0
2002-03-24,2.1,1.3,4.9,7164,0.0,0.65,2.5
2002-03-25,1.3,-3.8,3.3,6229,0.0,0.45,1.7
2002-03-26,2.3,0.0,4.2,6209,0.0,0.59,1.3
2002-03-27,1.1,-2.1,7.1,13690,0.0,0.52,1.6
2002-03-28,3.2,-4.7,11.4,16451,0.0,0.47,1.8
2002-03-29,6.5,-1.6,13.9,14598,0.0,0.59,1.9
2002-03-30,9.7,0.8,17.6,14312,0.0,0.7,1.3
2002-03-31,8.7,3.3,15.4,9087,0.0,0.8,1.4
2002-04-01,10.5,4.8,17.2,11885,0.0,0.89,1.3
2002-04-02,12.1,4.5,17.7,18197,0.0,0.87,2.4
2002-04-03,10.1,7.0,15.7,17478,0.0,0.99,4.1
2002-04-04,6.8,2.0,13.8,18068,0.0,0.72,3.4
2002-04-05,3.2,0.0,9.0,19105,0.0,0.61,3.7
2002-04-06,1.5,-4.7,9.8,14466,0.0,0.46,2.7
2002-04-07,4.3,-5.4,11.4,18404,0.0,0.45,1.9
2002-04-08,4.8,-1.0,11.2,20016,0.0,0.59,2.1
2002-04-09,5.6,-4.7,12.0,14609,0.0,0.48,2.4
2002-04-10,7.6,1.4,11.7,14729,0.0,0.69,3.6
2002-04-11,7.5,4.5,10.5,8308,0.0,0.82,2.7
2002-04-12,9.2,2.0,13.3,8967,2.3,0.71,2.3
2002-04-13,6.6,6.1,8.4,7429,3.6,0.91,2.3
2002-04-14,8.2,6.1,9.5,7505,6.0,0.9,2.2
2002-04-15,6.8,6.0,8.5,7580,16.7,0.9,2.4
2002-04-16,5.6,4.8,7.4,7655,3.1,0.83,1.9
2002-04-17,7.7,4.6,10.8,9621,2.6,0.83,1.4
2002-04-18,8.7,5.5,13.2,12553,0.3,0.9,1.4
2002-04-19,8.9,4.4,14.6,11932,7.0,0.84,1.6
2002-04-20,7.8,6.7,10.4,7949,0.0,0.95,1.5
2002-04-21,8.7,3.0,17.0,18847,0.0,0.8,1.5
2002-04-22,11.5,1.0,18.2,22585,0.1,0.71,1.3
2002-04-23,12.6,7.5,18.7,14104,0.2,1.05,2.3
2002-04-24,11.7,8.8,13.8,8232,0.5,1.1,1.7
2002-04-25,13.1,10.8,19.1,17830,0.0,1.28,1.5
2002-04-26,10.2,8.0,14.4,10821,4.0,1.04,2.7
2002-04-27,6.4,4.8,11.0,15696,4.9,0.84,4.3
2002-04-28,7.6,2.0,10.5,9120,7.1,0.7,3.4
2002-04-29,9.3,6.6,14.3,16000,3.4,0.96,4.4
2002-04-30,11.0,6.3,13.7,15840,0.0,0.95,3.4
2002-05-01,13.3,9.8,16.6,10566,0.2,1.19,3.0
2002-05-02,10.7,6.1,13.6,9010,2.3,0.92,1.7
2002-05-03,10.9,8.8,13.1,8822,11.9,1.1,2.2
2002-05-04,9.5,8.6,11.2,8883,11.5,1.08,2.6
2002-05-05,12.7,9.3,16.3,10708,0.4,1.15,2.0
2002-05-06,10.2,8.7,13.4,9002,0.3,1.09,1.8
2002-05-07,10.3,8.6,12.3,9060,0.0,1.08,2.0
2002-05-08,16.8,8.5,22.9,16609,0.0,1.17,2.6
2002-05-09,19.9,12.5,25.4,24190,0.0,1.48,2.7
2002-05-10,20.7,13.3,26.6,26446,0.0,1.58,2.5
2002-05-11,16.3,13.2,24.1,17590,0.4,1.54,1.8
2002-05-12,13.7,11.4,18.0,14330,0.0,1.31,1.8
2002-05-13,15.4,8.8,20.6,24399,0.0,1.16,1.6
2002-05-14,14.7,11.9,19.1,13808,2.5,1.37,3.4
2002-05-15,12.6,8.8,16.7,15153,0.0,1.12,2.5
2002-05-16,16.4,10.4,23.8,25917,0.0,1.3,2.0
2002-05-17,11.9,7.8,19.6,17852,0.0,1.09,1.8
2002-05-18,15.9,2.7,21.1,25027,3.3,0.83,2.1
2002-05-19,13.6,11.7,17.0,9804,0.8,1.34,1.7
2002-05-20,16.0,12.2,19.9,12183,0.0,1.4,1.6
2002-05-21,17.9,10.5,23.0,25872,0.0,1.31,2.5
2002-05-22,21.0,13.5,26.8,25413,0.0,1.6,2.5
2002-05-23,15.6,12.9,21.1,11665,20.6,1.48,1.9
2002-05-24,15.9,11.8,20.0,13140,0.1,1.38,2.5
2002-05-25,15.0,12.8,19.1,18272,0.0,1.44,2.3
2002-05-26,12.9,6.6,18.6,20276,0.0,1.0,1.9
2002-05-27,15.1,8.2,21.1,19274,7.4,1.11,1.6
2002-05-28,16.6,11.8,21.6,14996,0.0,1.39,1.8
2002-05-29,15.0,12.5,21.0,20928,0.0,1.44,2.4
2002-05-30,13.3,8.1,19.8,23196,1.9,1.1,1.8
2002-05-31,11.0,8.6,18.2,14313,3.4,1.12,2.2
2002-06-01,12.7,5.7,19.6,23666,0.0,0.96,1.9
2002-06-02,16.8,5.3,22.8,27512,0.0,0.97,1.9
2002-06-03,18.1,8.1,23.1,27810,0.0,1.13,2.3
2002-06-04,21.1,14.9,26.8,22582,0.0,1.72,1.8
2002-06-05,22.9,16.4,27.3,19189,0.0,1.87,3.5
2002-06-06,19.0,15.2,25.8,20268,5.8,1.74,2.8
2002-06-07,15.0,14.2,17.0,10282,2.2,1.57,2.9
2002-06-08,14.9,13.0,17.2,10300,0.0,1.45,1.7
2002-06-09,17.0,14.0,20.0,12163,0.0,1.56,1.2
2002-06-10,15.4,13.3,20.1,11651,30.4,1.49,2.4
2002-06-11,15.4,11.4,19.9,23006,0.1,1.34,2.5
2002-06-12,14.0,11.7,18.8,10755,16.5,1.35,2.2
2002-06-13,13.6,11.5,17.1,14592,3.1,1.32,3.2
2002-06-14,15.2,11.4,18.9,14735,0.6,1.32,2.2
2002-06-15,18.3,13.4,25.4,20417,0.2,1.55,2.5
2002-06-16,18.7,11.9,23.2,17258,0.0,1.42,1.9
2002-06-17,22.6,15.8,29.0,23994,0.0,1.86,1.5
2002-06-18,27.7,18.5,32.4,28089,0.0,2.2,2.3
2002-06-19,19.8,17.2,28.2,22812,0.4,1.97,1.9
2002-06-20,19.6,15.6,27.3,17139,3.0,1.81,2.4
2002-06-21,17.8,14.5,22.7,19381,0.0,1.63,1.6
2002-06-22,19.0,12.7,24.1,18191,13.2,1.5,1.7
2002-06-23,15.8,13.5,21.9,22803,0.9,1.52,2.6
2002-06-24,14.6,8.7,20.6,24510,0.0,1.15,2.4
2002-06-25,15.9,9.2,21.4,18568,0.0,1.19,2.0
2002-06-26,18.0,9.0,22.9,22908,0.0,1.2,1.8
2002-06-27,14.7,11.9,20.2,21314,0.1,1.37,2.9
2002-06-28,12.5,9.0,18.1,20246,3.5,1.14,3.8
2002-06-29,13.1,10.7,18.5,24708,0.5,1.26,3.3
2002-06-30,14.6,11.3,16.9,10472,2.4,1.31,2.8
2002-07-01,13.8,12.6,16.7,10457,9.8,1.41,3.1
2002-07-02,14.4,11.8,19.3,13992,0.5,1.36,3.2
2002-07-03,14.9,11.8,17.7,10291,1.9,1.35,3.0
2002-07-04,13.9,12.5,16.3,12243,0.4,1.4,3.7
2002-07-05,17.0,7.8,22.2,16687,0.0,1.1,1.9
2002-07-06,17.2,14.5,21.4,11674,0.4,1.62,1.6
2002-07-07,16.8,12.2,21.4,18076,0.0,1.41,1.7
2002-07-08,21.8,12.3,28.5,27221,0.0,1.52,1.9
2002-07-09,26.2,18.0,33.1,27051,0.1,2.14,1.9
2002-07-10,19.2,13.0,29.5,18504,20.0,1.6,2.2
2002-07-11,16.8,11.5,22.7,22130,0.3,1.38,2.1
2002-07-12,18.5,9.0,25.3,16733,0.1,1.22,1.4
2002-07-13,20.0,16.0,25.4,12388,5.9,1.82,2.1
2002-07-14,18.5,15.9,22.7,11571,6.6,1.78,2.0
2002-07-15,20.0,13.6,25.7,20003,8.1,1.58,2.4
2002-07-16,18.8,14.4,25.3,10718,0.1,1.65,2.4
2002-07-17,18.6,16.5,22.3,9901,24.6,1.83,2.8
2002-07-18,16.8,16.1,19.3,9863,2.4,1.77,3.5
2002-07-19,16.0,15.0,18.1,9824,2.7,1.65,2.4
2002-07-20,14.0,12.2,17.2,13798,0.0,1.39,1.6
2002-07-21,15.5,10.1,19.9,13622,20.1,1.23,2.4
2002-07-22,14.0,11.9,16.9,11507,3.6,1.36,3.6
2002-07-23,16.9,11.6,21.2,11203,2.8,1.36,2.8
2002-07-24,16.2,13.9,20.7,16433,0.2,1.55,3.2
2002-07-25,14.5,12.7,18.6,12777,2.0,1.43,2.6
2002-07-26,16.2,13.2,17.6,9645,0.0,1.47,2.1
2002-07-27,19.0,14.4,25.0,22020,0.0,1.66,1.3
2002-07-28,21.8,15.6,28.6,27572,0.0,1.82,1.8
2002-07-29,24.8,15.7,32.2,27231,0.0,1.88,1.5
2002-07-30,26.1,18.1,32.4,24214,0.0,2.15,1.8
2002-07-31,23.9,18.3,30.6,21335,1.9,2.14,1.8
2002-08-01,22.1,18.7,32.2,18212,18.5,2.23,2.0
2002-08-02,17.8,16.1,23.0,12950,0.8,1.79,1.9
2002-08-03,19.5,11.0,26.5,22477,0.0,1.38,1.4
2002-08-04,18.5,15.1,22.3,10552,20.5,1.68,1.5
2002-08-05,17.5,16.5,19.3,8983,10.9,1.81,1.5
2002-08-06,18.5,15.5,24.2,19196,0.0,1.75,1.3
2002-08-07,20.1,14.7,25.0,16610,0.0,1.67,1.6
2002-08-08,18.3,15.9,22.9,10299,14.4,1.77,1.2
2002-08-09,19.2,15.8,24.7,19425,0.2,1.79,1.4
2002-08-10,20.9,16.0,25.8,19702,0.0,1.82,1.6
2002-08-11,20.9,15.5,27.7,15777,20.7,1.78,1.7
2002-08-12,18.9,17.5,21.1,8551,6.5,1.94,3.5
2002-08-13,16.8,14.8,22.4,12044,0.3,1.65,3.5
2002-08-14,19.1,14.4,23.5,11599,0.0,1.63,1.9
2002-08-15,19.1,13.8,25.5,21146,0.0,1.6,1.3
2002-08-16,19.8,11.5,27.0,20911,0.0,1.43,1.3
2002-08-17,21.3,14.7,28.2,16926,3.7,1.73,1.4
2002-08-18,21.4,17.0,27.7,18269,0.0,1.95,2.0
2002-08-19,24.0,17.5,29.0,22360,0.0,2.01,1.8
2002-08-20,22.3,18.0,28.4,23069,0.0,2.08,2.0
2002-08-21,21.8,16.8,28.5,22459,0.0,1.94,1.8
2002-08-22,21.3,14.5,27.6,19244,0.0,1.68,1.3
2002-08-23,20.8,13.2,28.5,17705,0.0,1.6,1.3
2002-08-24,22.0,13.0,28.2,15473,1.1,1.57,1.5
2002-08-25,17.7,15.7,23.0,11154,0.0,1.75,1.5
2002-08-26,21.1,13.3,28.7,17348,0.0,1.61,1.8
2002-08-27,22.7,16.7,29.9,20005,0.0,1.96,1.9
2002-08-28,21.1,15.5,28.9,18830,0.0,1.81,1.6
2002-08-29,19.3,15.5,26.4,14684,0.0,1.77,1.2
2002-08-30,19.4,14.0,26.0,16736,0.0,1.64,1.3
2002-08-31,18.8,13.7,25.5,15701,0.0,1.59,2.2
2002-09-01,15.6,10.5,22.7,17834,0.0,1.29,2.5
2002-09-02,15.9,8.2,23.3,18593,0.0,1.15,1.9
2002-09-03,19.1,10.1,24.0,15661,0.0,1.29,2.4
2002-09-04,19.5,16.4,25.8,12095,0.3,1.87,1.8
2002-09-05,16.1,13.6,23.5,13969,3.2,1.56,1.3
2002-09-06,16.1,10.3,23.2,14394,0.0,1.29,1.7
2002-09-07,16.9,11.6,23.9,15246,0.0,1.39,1.7
2002-09-08,20.1,12.9,26.1,17383,0.0,1.53,1.7
2002-09-09,20.9,15.8,26.7,18414,0.0,1.8,2.4
2002-09-10,21.1,16.1,27.0,13773,0.0,1.83,2.1
2002-09-11,18.7,14.8,24.7,15021,0.0,1.68,1.9
2002-09-12,16.3,9.7,23.1,17406,0.0,1.25,2.4
2002-09-13,15.7,7.9,24.2,17351,0.0,1.14,1.7
2002-09-14,13.7,10.3,20.7,8996,0.0,1.26,2.4
2002-09-15,11.3,6.5,18.5,16308,0.0,0.99,2.3
2002-09-16,12.9,4.0,17.3,8077,1.6,0.85,1.7
2002-09-17,15.2,10.7,21.5,9705,0.1,1.29,2.0
2002-09-18,14.2,12.5,18.7,7281,0.0,1.42,2.1
2002-09-19,14.2,9.4,18.9,9684,0.0,1.18,1.2
2002-09-20,13.8,12.5,18.6,6800,0.0,1.42,1.7
2002-09-21,12.8,10.4,18.0,7398,4.3,1.25,1.6
2002-09-22,11.7,9.8,14.1,5842,8.3,1.17,1.9
2002-09-23,9.2,7.4,12.4,10490,0.0,1.0,3.2
2002-09-24,7.2,1.5,16.1,15152,0.0,0.72,2.9
2002-09-25,10.7,2.4,12.1,5216,0.3,0.73,1.9
2002-09-26,12.7,11.2,15.3,6266,3.9,1.29,2.3
2002-09-27,6.7,2.9,14.5,13909,0.0,0.77,2.0
2002-09-28,10.9,1.5,15.1,8027,0.0,0.71,1.4
2002-09-29,12.4,8.2,16.2,4904,0.0,1.07,1.4
2002-09-30,12.1,8.2,19.5,13430,0.0,1.11,1.3
2002-10-01,11.7,5.3,19.6,12194,0.0,0.94,1.0
2002-10-02,12.5,7.4,19.9,11601,0.0,1.06,1.1
2002-10-03,12.9,6.4,19.8,9962,0.0,1.0,1.7
2002-10-04,11.6,10.4,17.8,9484,2.0,1.24,2.8
2002-10-05,11.3,8.2,12.9,5481,25.4,1.06,2.9
2002-10-06,8.4,4.7,13.1,6676,3.0,0.85,3.4
2002-10-07,2.9,-0.3,9.2,5903,0.2,0.6,1.7
2002-10-08,6.8,-1.7,8.9,4309,1.6,0.55,2.0
2002-10-09,7.7,5.8,11.8,5723,0.0,0.9,2.8
2002-10-10,5.9,3.1,11.0,11926,0.0,0.76,3.4
2002-10-11,5.7,1.1,10.9,11365,0.0,0.67,3.2
2002-10-12,5.0,1.4,8.3,10174,0.0,0.66,2.9
2002-10-13,2.5,1.7,4.8,3869,5.6,0.67,2.3
2002-10-14,4.1,1.6,5.0,3800,3.1,0.66,2.6
2002-10-15,6.2,4.5,6.6,3731,2.4,0.81,1.9
2002-10-16,11.9,6.6,16.4,5496,1.6,0.98,2.4
2002-10-17,10.9,9.4,13.6,6691,0.0,1.14,3.5
2002-10-18,6.7,5.5,9.3,3679,2.7,0.87,3.0
2002-10-19,5.2,3.7,9.3,7519,0.0,0.78,2.7
2002-10-20,3.9,1.4,10.6,7917,0.1,0.67,1.9
2002-10-21,5.3,1.2,5.9,3337,10.5,0.65,2.5
2002-10-22,12.1,6.0,14.6,3345,1.7,0.92,2.6
2002-10-23,9.5,7.3,14.3,3493,2.4,1.01,4.3
2002-10-24,4.9,2.6,8.9,5232,0.0,0.72,3.1
2002-10-25,9.5,1.9,12.6,3981,5.4,0.71,3.7
2002-10-26,9.1,8.3,11.5,3167,7.4,1.05,5.5
2002-10-27,10.0,6.9,13.3,2973,11.3,0.97,6.1
2002-10-28,6.9,5.8,10.5,5226,1.5,0.9,5.4
2002-10-29,7.2,3.9,10.1,4619,1.6,0.79,2.1
2002-10-30,7.0,5.3,9.6,3190,0.0,0.87,1.5
2002-10-31,6.0,2.5,10.7,3258,0.0,0.73,1.2
2002-11-01,7.0,3.2,10.0,4140,8.3,0.76,1.7
2002-11-02,4.0,1.1,8.3,2644,0.0,0.65,2.9
2002-11-03,2.2,0.8,4.6,2593,11.2,0.63,3.4
2002-11-04,0.8,-0.4,3.2,2724,0.0,0.57,2.4
2002-11-05,-1.1,-3.2,3.4,7622,0.0,0.47,1.7
2002-11-06,-0.8,-3.8,2.3,7156,0.0,0.45,2.4
2002-11-07,-0.1,-4.4,2.5,2456,2.6,0.43,2.2
2002-11-08,5.2,1.3,8.1,3328,9.2,0.66,3.4
2002-11-09,3.3,1.2,5.3,2307,3.1,0.65,4.2
2002-11-10,2.8,2.0,4.3,2263,2.6,0.68,1.9
2002-11-11,2.5,1.8,3.2,2220,0.7,0.67,2.7
2002-11-12,6.8,2.2,10.4,2288,0.1,0.71,2.6
2002-11-13,8.9,7.2,11.8,2947,0.2,0.98,2.8
2002-11-14,6.9,4.5,9.3,2472,1.6,0.82,2.3
2002-11-15,6.5,3.3,8.0,2060,0.5,0.75,1.2
2002-11-16,7.5,6.0,8.5,2023,17.5,0.9,2.0
2002-11-17,7.9,6.6,8.3,1987,7.2,0.94,2.9
2002-11-18,6.0,3.8,11.3,4644,0.2,0.79,1.4
2002-11-19,2.0,-1.9,6.3,2018,0.0,0.53,2.2
2002-11-20,-0.9,-4.9,2.8,5459,0.0,0.42,1.8
2002-11-21,1.3,-2.7,2.7,1853,0.0,0.48,2.6
2002-11-22,2.2,1.2,3.3,1822,6.6,0.64,2.1
2002-11-23,4.3,1.6,5.5,1793,0.2,0.66,1.6
2002-11-24,3.8,2.3,5.1,1764,0.0,0.7,1.6
2002-11-25,5.5,2.7,6.0,1737,0.0,0.71,2.0
2002-11-26,7.0,4.8,8.8,1710,0.0,0.83,1.9
2002-11-27,4.2,2.0,8.1,3437,0.0,0.69,1.9
2002-11-28,6.5,2.5,7.2,1661,0.0,0.71,2.3
2002-11-29,6.7,5.5,7.5,1638,16.7,0.87,1.4
2002-11-30,5.3,4.3,6.8,1616,3.5,0.8,1.9
2002-12-01,4.7,3.6,5.4,1595,0.0,0.76,2.1
2002-12-02,3.8,2.9,5.7,1575,0.0,0.73,2.5
2002-12-03,3.7,1.6,5.2,1556,0.1,0.66,1.7
2002-12-04,1.7,1.3,3.9,1539,0.0,0.64,1.5
2002-12-05,0.9,-0.1,2.7,1522,0.0,0.59,2.5
2002-12-06,-0.6,-1.8,0.3,1506,0.2,0.52,3.6
2002-12-07,-4.7,-6.3,-0.2,3534,0.0,0.37,4.1
2002-12-08,-3.4,-6.5,0.9,4566,0.0,0.37,4.0
2002-12-09,-8.6,-9.5,-4.5,3233,0.0,0.29,3.5
2002-12-10,-8.4,-11.4,-4.7,4342,0.0,0.25,2.6
2002-12-11,-5.8,-11.1,-2.4,4318,0.0,0.26,2.7
2002-12-12,-7.0,-8.7,-2.6,4255,0.0,0.31,2.3
2002-12-13,-7.7,-11.7,-3.6,3286,0.0,0.25,1.6
2002-12-14,-4.2,-8.2,-2.7,1544,0.0,0.32,2.6
2002-12-15,-3.5,-5.6,-2.4,1414,0.0,0.39,3.3
2002-12-16,-1.3,-2.8,-0.8,1409,0.5,0.48,2.8
2002-12-17,-0.5,-2.0,0.2,1405,0.2,0.5,2.1
2002-12-18,-0.3,-4.9,1.3,1402,0.4,0.42,2.1
2002-12-19,-0.3,-0.9,1.4,1400,0.0,0.55,1.5
2002-12-20,-2.8,-5.7,-0.3,2052,0.0,0.39,1.7
2002-12-21,-2.2,-4.5,-0.6,1399,0.0,0.42,1.7
2002-12-22,-1.5,-3.2,-0.5,1400,1.5,0.47,2.9
2002-12-23,-3.9,-6.1,-1.2,2506,0.0,0.37,2.9
2002-12-24,-3.9,-4.6,-2.4,1406,0.9,0.42,3.1
2002-12-25,-1.9,-4.5,-1.0,1410,0.0,0.42,2.2
2002-12-26,1.1,-1.4,2.3,1416,2.5,0.53,2.7
2002-12-27,2.5,0.3,3.7,1422,3.4,0.6,2.4
2002-12-28,5.6,2.7,7.5,1429,1.7,0.72,2.2
2002-12-29,3.3,1.1,6.3,1438,2.8,0.65,3.1
2002-12-30,-0.5,-1.2,2.4,1447,1.3,0.54,3.6
2002-12-31,-4.6,-7.9,0.1,4435,0.0,0.33,3.0
2003-01-01,-4.4,-10.7,-1.0,1470,8.3,0.27,2.7
2003-01-02,2.7,-1.5,5.7,1482,12.1,0.54,3.9
2003-01-03,-0.2,-0.9,1.2,1496,2.8,0.55,3.4
2003-01-04,-4.0,-6.8,-0.3,1854,0.7,0.36,2.6
2003-01-05,-5.2,-10.3,-2.8,1527,5.0,0.28,2.2
2003-01-06,-7.0,-9.5,-2.2,1544,0.6,0.29,2.2
2003-01-07,-10.6,-18.7,-7.7,1562,0.0,0.14,1.8
2003-01-08,-10.6,-15.2,-6.7,4413,0.0,0.19,1.6
2003-01-09,-13.8,-17.1,-9.8,1690,0.0,0.16,1.6
2003-01-10,-4.7,-14.7,-2.7,1667,0.0,0.21,1.5
2003-01-11,-4.4,-8.6,-2.4,2054,0.0,0.31,2.0
2003-01-12,0.3,-3.8,1.2,1668,4.6,0.45,2.7
2003-01-13,2.2,-0.4,3.2,1693,1.5,0.57,3.8
2003-01-14,6.2,2.5,7.2,1718,0.8,0.71,4.3
2003-01-15,4.9,3.7,7.3,1745,0.2,0.77,4.1
2003-01-16,5.7,3.6,6.4,1773,0.0,0.76,3.7
2003-01-17,2.3,-0.2,6.3,4458,0.0,0.59,2.7
2003-01-18,2.9,-1.7,3.7,1832,0.1,0.53,2.5
2003-01-19,3.2,0.1,4.3,2801,1.2,0.59,3.0
2003-01-20,5.3,3.1,9.2,3144,0.5,0.74,3.1
2003-01-21,4.0,2.7,6.5,1929,0.0,0.72,2.7
2003-01-22,2.1,-1.2,5.9,3804,0.0,0.55,2.7
2003-01-23,4.0,0.1,5.7,2206,0.3,0.6,2.4
2003-01-24,3.5,2.2,4.9,2036,0.0,0.69,2.1
2003-01-25,2.1,0.5,5.6,4088,1.4,0.62,2.5
2003-01-26,5.1,0.5,5.5,2113,0.7,0.61,2.9
2003-01-27,8.5,4.1,9.3,2153,2.7,0.8,3.8
2003-01-28,3.6,2.0,9.2,3185,9.9,0.69,5.5
2003-01-29,1.5,-0.5,3.7,2515,1.5,0.57,3.4
2003-01-30,-0.3,-1.5,1.5,2450,4.1,0.53,2.7
2003-01-31,-4.2,-7.2,-1.0,2439,0.0,0.35,2.5
2003-02-01,-5.9,-11.8,-2.4,6132,0.0,0.25,2.2
2003-02-02,-0.8,-5.0,0.4,2417,3.7,0.41,3.5
2003-02-03,0.7,-0.4,2.7,3059,0.2,0.57,3.6
2003-02-04,1.0,-0.4,3.1,3476,0.2,0.57,2.4
2003-02-05,-1.9,-3.3,0.8,2564,0.0,0.46,2.4
2003-02-06,-4.3,-7.0,-1.3,2615,0.0,0.35,2.3
2003-02-07,-1.7,-7.7,-0.3,2667,2.2,0.34,2.0
2003-02-08,-0.1,-0.7,1.1,2720,0.0,0.56,1.5
2003-02-09,-2.3,-5.3,0.9,8097,0.0,0.4,2.3
2003-02-10,-2.9,-5.9,-1.4,3804,0.0,0.38,1.7
2003-02-11,-3.5,-4.7,-1.7,2886,0.0,0.41,1.9
2003-02-12,-4.1,-6.9,1.1,8607,0.0,0.36,2.2
2003-02-13,-4.7,-11.9,1.9,7860,0.0,0.26,2.0
2003-02-14,-2.9,-11.3,3.9,8049,0.0,0.28,1.6
2003-02-15,-1.2,-2.4,1.4,3121,0.0,0.49,2.3
2003-02-16,-5.2,-7.2,-0.1,9628,0.0,0.35,2.8
2003-02-17,-8.6,-13.1,-1.8,5443,0.0,0.23,2.0
2003-02-18,-2.2,-9.1,0.7,3307,0.6,0.31,1.8
2003-02-19,-2.5,-2.9,-1.2,3371,0.0,0.47,2.2
2003-02-20,-1.7,-3.1,-0.3,3435,0.0,0.47,1.9
2003-02-21,-1.4,-2.8,-0.6,3501,0.0,0.48,2.1
2003-02-22,0.7,-2.2,4.2,8317,0.0,0.51,2.2
2003-02-23,-1.0,-3.3,5.0,11187,0.0,0.47,1.9
2003-02-24,-1.2,-5.5,6.1,10804,0.0,0.42,1.4
2003-02-25,1.4,-6.3,8.2,10956,0.0,0.4,1.7
2003-02-26,-0.2,-3.2,6.7,11741,0.0,0.48,1.8
2003-02-27,-0.8,-7.8,7.7,10144,0.0,0.37,1.4
2003-02-28,0.6,-3.0,2.5,4468,0.5,0.48,1.7
2003-03-01,2.8,0.4,4.6,5117,0.0,0.61,1.8
2003-03-02,2.0,-0.4,6.1,4623,4.4,0.58,2.5
2003-03-03,-0.1,-0.8,0.7,4200,0.1,0.55,1.8
2003-03-04,0.2,-0.9,2.5,4274,0.0,0.55,1.5
2003-03-05,2.4,-1.0,5.1,4946,0.0,0.56,2.2
2003-03-06,1.6,-1.4,4.4,4509,3.1,0.53,3.1
2003-03-07,3.4,-0.9,6.7,5806,0.2,0.57,1.9
2003-03-08,4.9,0.1,9.1,6336,5.1,0.61,3.5
2003-03-09,8.0,4.9,9.0,4651,0.3,0.84,3.4
2003-03-10,10.2,3.7,13.5,9850,0.0,0.8,2.8
2003-03-11,8.1,5.1,10.9,4806,11.1,0.85,3.2
2003-03-12,5.3,2.3,9.1,5342,2.5,0.7,3.4
2003-03-13,1.2,-2.3,7.9,13566,0.0,0.52,2.6
2003-03-14,2.0,-3.5,7.3,13539,0.0,0.48,2.5
2003-03-15,1.8,-1.7,7.1,10210,0.0,0.53,2.2
2003-03-16,2.8,-3.9,11.5,13475,0.0,0.49,1.7
2003-03-17,3.4,-0.6,9.8,9694,0.0,0.59,2.0
2003-03-18,5.9,-3.3,13.8,14946,0.0,0.52,1.8
2003-03-19,4.6,3.3,5.4,5438,0.0,0.74,2.5
2003-03-20,2.6,1.0,5.7,5518,0.0,0.64,2.1
2003-03-21,0.2,-3.5,4.9,16529,0.0,0.47,2.7
2003-03-22,1.6,-4.3,8.4,16801,0.0,0.46,2.4
2003-03-23,5.3,-2.3,15.3,17578,0.0,0.57,1.5
2003-03-24,8.0,-2.6,17.6,16430,0.0,0.58,1.7
2003-03-25,7.6,4.4,14.6,13208,0.0,0.84,1.6
2003-03-26,6.3,-1.8,15.1,15620,0.0,0.59,1.4
2003-03-27,5.9,2.6,10.1,7334,3.8,0.73,1.3
2003-03-28,7.3,-0.6,14.8,15927,0.0,0.62,1.4
2003-03-29,10.0,3.1,16.3,15021,0.0,0.8,1.4
2003-03-30,7.5,5.4,12.0,14419,0.0,0.87,2.3
2003-03-31,6.2,3.5,12.6,17559,0.0,0.79,2.6
2003-04-01,9.3,-1.5,15.3,12857,3.4,0.59,3.2
2003-04-02,5.7,3.8,10.2,11458,3.2,0.79,3.8
2003-04-03,4.2,1.6,10.2,13539,0.1,0.69,3.2
2003-04-04,6.5,-2.9,11.0,13994,0.0,0.52,2.7
2003-04-05,3.4,1.4,9.6,16889,0.0,0.67,4.4
2003-04-06,0.5,-1.2,4.1,14243,0.0,0.54,3.6
2003-04-07,-0.6,-5.1,4.5,13357,0.0,0.42,2.8
2003-04-08,-0.6,-8.6,5.6,9750,0.0,0.34,1.8
2003-04-09,-1.0,-8.2,4.2,11659,2.8,0.34,2.1
2003-04-10,1.1,-0.7,5.2,8568,0.5,0.56,1.6
2003-04-11,2.0,-3.1,7.0,10717,0.1,0.49,1.9
2003-04-12,4.1,-1.1,13.0,20386,0.0,0.6,1.4
2003-04-13,8.2,-3.0,16.0,20298,0.0,0.55,1.8
2003-04-14,11.1,4.8,17.2,21255,0.0,0.89,3.4
2003-04-15,13.2,6.0,20.3,21866,0.0,0.98,3.2
2003-04-16,12.9,6.9,19.3,21304,0.0,1.02,3.0
2003-04-17,12.4,3.0,19.9,21560,0.0,0.82,2.7
2003-04-18,5.9,2.5,10.5,15641,0.0,0.72,3.5
2003-04-19,10.0,3.7,14.2,11574,0.2,0.81,3.7
2003-04-20,14.4,6.4,19.8,20527,0.0,1.0,2.9
2003-04-21,14.2,8.3,20.9,22095,0.0,1.12,2.5
2003-04-22,12.7,7.0,21.7,22827,0.0,1.06,1.9
2003-04-23,12.6,0.9,20.0,22228,0.0,0.73,1.8
2003-04-24,12.6,4.3,19.7,21621,0.0,0.89,1.4
2003-04-25,15.2,5.6,20.3,16120,0.0,0.95,2.1
2003-04-26,14.9,10.9,18.7,9350,0.9,1.28,2.8
2003-04-27,11.9,9.5,16.7,15696,1.8,1.17,4.0
2003-04-28,13.7,7.0,17.1,11589,0.1,1.0,2.7
2003-04-29,13.5,10.0,19.5,16743,0.5,1.22,3.1
2003-04-30,13.7,6.4,19.0,11367,5.1,0.99,2.7
2003-05-01,11.7,10.2,17.1,19041,0.5,1.21,3.9
2003-05-02,15.4,6.7,20.1,20635,0.0,1.02,2.4
2003-05-03,11.3,9.9,16.0,9574,0.3,1.18,4.4
2003-05-04,15.0,3.8,21.7,25601,0.0,0.88,2.3
2003-05-05,20.7,10.8,29.5,22681,0.2,1.41,2.3
2003-05-06,13.5,11.7,19.8,10139,0.1,1.36,2.3
2003-05-07,11.1,5.5,17.8,23627,0.0,0.93,1.9
2003-05-08,16.5,5.5,24.2,23846,0.1,1.0,1.9
2003-05-09,11.4,8.7,15.0,10446,0.5,1.1,1.6
2003-05-10,13.4,8.3,18.9,18794,0.0,1.1,1.3
2003-05-11,15.6,7.4,20.7,16056,0.1,1.06,1.3
2003-05-12,15.4,10.7,21.2,17787,2.4,1.29,2.0
2003-05-13,10.0,6.9,15.5,13237,1.8,0.99,2.6
2003-05-14,8.0,2.6,13.3,17536,3.9,0.75,2.8
2003-05-15,8.5,4.9,14.5,22107,0.1,0.87,2.1
2003-05-16,10.0,1.0,15.6,25014,0.0,0.69,1.4
2003-05-17,14.1,6.0,19.8,14234,0.0,0.97,2.1
2003-05-18,14.6,9.3,17.5,15322,8.5,1.16,2.4
2003-05-19,13.7,11.2,17.1,13562,6.5,1.3,2.4
2003-05-20,12.5,10.4,17.2,22824,0.6,1.24,3.4
2003-05-21,11.7,9.7,16.5,14568,3.5,1.19,2.6
2003-05-22,13.5,7.8,17.8,17477,1.6,1.07,2.3
2003-05-23,14.6,12.8,17.5,9841,0.3,1.44,2.8
2003-05-24,18.8,11.0,28.3,22007,0.0,1.42,1.9
2003-05-25,18.1,10.5,25.4,21796,0.0,1.33,2.3
2003-05-26,15.4,10.3,20.5,24849,0.0,1.26,1.8
2003-05-27,15.9,11.9,22.2,18882,0.0,1.4,1.7
2003-05-28,17.2,8.1,23.5,28741,0.0,1.15,2.0
2003-05-29,19.3,8.3,26.0,29051,0.0,1.18,1.8
2003-05-30,21.0,12.4,28.5,28965,0.0,1.52,1.4
2003-05-31,19.6,12.3,27.5,23760,0.0,1.51,1.5
2003-06-01,20.5,8.8,27.5,28787,0.0,1.25,1.5
2003-06-02,23.2,12.3,30.2,26986,0.0,1.55,2.2
2003-06-03,23.5,17.2,32.1,20711,0.0,2.06,1.5
2003-06-04,25.1,18.7,31.9,21267,0.0,2.2,2.0
2003-06-05,21.1,17.4,29.8,22479,8.1,2.01,1.8
2003-06-06,17.4,10.8,23.7,24612,0.0,1.33,1.6
2003-06-07,22.7,10.0,29.3,25955,0.0,1.35,1.4
2003-06-08,22.4,16.3,32.1,21895,14.6,1.96,2.1
2003-06-09,15.5,12.3,21.0,27846,0.0,1.41,3.1
2003-06-10,21.0,8.3,26.4,18770,0.1,1.2,1.8
2003-06-11,19.4,16.8,24.8,26830,0.0,1.89,2.5
2003-06-12,20.6,10.7,26.2,24604,0.7,1.36,1.6
2003-06-13,17.2,11.9,22.8,25673,0.0,1.4,2.0
2003-06-14,15.2,8.6,21.5,19616,0.0,1.16,1.6
2003-06-15,16.8,8.2,22.0,21473,0.0,1.14,1.6
2003-06-16,16.4,8.4,22.1,17786,0.0,1.15,1.8
2003-06-17,19.8,8.2,25.3,26501,0.0,1.16,1.6
2003-06-18,18.4,14.7,25.2,15816,0.0,1.68,2.2
2003-06-19,17.4,13.9,22.7,14499,19.1,1.56,3.3
2003-06-20,13.1,12.2,17.5,18986,5.6,1.39,4.5
2003-06-21,14.7,10.8,19.0,17929,0.1,1.27,3.1
2003-06-22,16.4,7.7,21.3,22544,0.1,1.09,1.6
2003-06-23,20.3,14.0,27.7,15020,0.6,1.65,3.1
2003-06-24,16.6,12.6,21.5,25565,0.0,1.45,3.3
2003-06-25,14.3,12.3,18.5,14348,0.0,1.41,2.7
2003-06-26,17.1,9.8,22.8,15262,0.0,1.26,1.7
2003-06-27,19.2,9.2,25.7,29089,0.0,1.25,1.7
2003-06-28,19.8,10.8,27.3,27228,0.0,1.38,1.5
2003-06-29,20.0,16.5,24.7,12066,0.0,1.85,1.5
2003-06-30,19.1,8.8,25.1,22583,0.5,1.21,1.7
2003-07-01,18.6,16.1,23.4,14273,1.3,1.79,2.7
2003-07-02,16.7,14.6,20.9,17412,2.9,1.63,3.0
2003-07-03,16.9,15.0,21.4,18179,0.6,1.66,3.0
2003-07-04,14.6,14.1,16.5,10272,9.1,1.55,3.4
2003-07-05,15.8,13.8,19.3,13666,0.5,1.55,3.3
2003-07-06,15.7,14.2,18.9,11149,0.0,1.58,2.6
2003-07-07,16.7,11.6,21.9,16371,0.0,1.38,1.6
2003-07-08,17.6,11.7,22.9,18832,6.7,1.4,1.6
2003-07-09,16.3,14.5,22.6,14085,0.5,1.63,2.2
2003-07-10,16.6,9.7,22.0,16672,0.0,1.23,1.9
2003-07-11,19.6,9.6,27.3,23568,2.3,1.3,2.0
2003-07-12,16.8,11.8,22.7,23919,0.0,1.39,2.7
2003-07-13,17.3,10.8,23.0,17348,0.0,1.31,1.9
2003-07-14,21.0,9.2,27.3,27480,0.0,1.27,2.1
2003-07-15,23.1,13.5,28.6,23780,0.0,1.61,2.0
2003-07-16,24.8,17.1,31.7,25552,0.4,2.02,2.6
2003-07-17,22.8,19.0,29.6,16140,10.3,2.19,2.2
2003-07-18,19.5,15.9,26.4,21287,0.0,1.81,1.9
2003-07-19,23.5,13.6,30.4,27847,0.0,1.65,1.6
2003-07-20,26.5,18.5,33.4,27265,0.1,2.22,2.1
2003-07-21,22.1,17.8,28.0,13622,1.9,2.04,1.7
2003-07-22,20.5,17.0,26.9,20159,10.0,1.95,1.9
2003-07-23,21.8,14.2,27.4,22420,0.0,1.66,1.4
2003-07-24,20.8,14.3,28.2,15403,2.3,1.69,1.6
2003-07-25,20.2,14.5,25.4,20360,3.0,1.66,1.6
2003-07-26,18.9,16.8,23.1,11698,6.8,1.87,1.9
2003-07-27,22.3,17.7,27.8,17409,0.0,2.02,2.6
2003-07-28,19.8,15.8,25.7,21563,0.0,1.78,1.9
2003-07-29,17.7,14.9,23.4,12813,1.0,1.67,1.3
2003-07-30,21.8,12.4,27.7,20012,0.0,1.52,1.5
2003-07-31,22.5,16.4,29.6,26037,0.0,1.92,1.4
2003-08-01,23.8,15.7,30.5,23157,0.0,1.85,1.2
2003-08-02,24.6,17.3,31.8,17378,0.0,2.04,1.2
2003-08-03,24.0,17.2,31.3,22982,0.0,2.03,1.3
2003-08-04,23.0,14.6,30.2,24780,0.0,1.76,1.5
2003-08-05,21.2,12.8,29.2,24683,0.0,1.58,1.7
2003-08-06,20.9,12.6,28.7,24458,0.0,1.54,1.5
2003-08-07,23.5,15.9,31.0,24606,0.0,1.89,1.3
2003-08-08,23.9,14.2,32.2,24252,0.0,1.74,1.3
2003-08-09,25.1,15.0,34.1,24518,0.0,1.87,1.6
2003-08-10,23.8,15.8,31.0,24409,0.0,1.89,2.0
2003-08-11,22.9,15.7,30.1,24297,0.0,1.85,1.6
2003-08-12,26.4,17.5,34.4,21229,0.0,2.12,1.4
2003-08-13,22.6,17.4,28.7,21245,0.0,2.01,2.7
2003-08-14,18.4,14.1,24.3,20035,0.7,1.6,2.8
2003-08-15,17.6,13.3,23.7,22121,0.0,1.54,3.1
2003-08-16,16.2,11.8,23.9,20304,0.0,1.41,2.1
2003-08-17,19.4,7.7,25.6,22368,0.0,1.15,1.5
2003-08-18,22.0,19.1,27.5,12968,0.2,2.18,2.4
2003-08-19,18.0,16.6,22.7,10839,10.6,1.84,2.6
2003-08-20,16.1,11.7,22.4,18646,0.0,1.39,1.9
2003-08-21,17.2,9.6,23.4,11032,0.0,1.24,1.7
2003-08-22,19.3,14.2,22.9,16044,0.2,1.61,2.9
2003-08-23,18.2,16.0,24.8,17115,0.0,1.81,2.7
2003-08-24,17.2,13.0,22.6,13124,0.0,1.51,2.3
2003-08-25,15.7,10.0,26.2,17235,0.0,1.32,1.7
2003-08-26,16.4,8.6,22.1,17115,0.1,1.15,2.4
2003-08-27,14.6,13.1,20.2,12246,0.0,1.47,3.3
2003-08-28,15.1,12.1,19.5,8690,1.3,1.4,1.4
2003-08-29,13.0,11.8,14.8,7346,15.1,1.33,2.5
2003-08-30,14.0,11.8,19.5,14911,0.0,1.37,2.5
2003-08-31,12.8,6.2,19.1,16836,4.2,0.98,2.5
2003-09-01,11.6,8.9,18.1,14449,1.9,1.14,2.4
2003-09-02,11.0,8.0,17.4,19042,0.4,1.07,1.8
2003-09-03,14.2,4.6,16.8,7519,0.5,0.87,1.9
2003-09-04,16.8,13.1,19.9,9545,0.0,1.48,1.8
2003-09-05,16.9,7.8,23.2,17716,0.0,1.11,1.6
2003-09-06,19.0,12.0,24.1,14722,0.0,1.43,1.9
2003-09-07,18.0,12.5,23.8,10675,0.0,1.47,1.4
2003-09-08,18.0,15.0,25.1,12084,4.5,1.71,1.9
2003-09-09,15.4,11.1,18.8,8531,1.3,1.31,1.8
2003-09-10,14.2,12.3,19.2,11212,16.8,1.41,2.0
2003-09-11,13.3,10.9,15.2,6966,5.3,1.26,3.1
2003-09-12,16.4,13.6,19.8,9197,0.0,1.53,2.0
2003-09-13,13.2,9.6,19.2,17769,0.0,1.2,2.1
2003-09-14,14.2,6.2,21.3,16361,0.0,1.01,1.4
2003-09-15,15.0,7.6,21.7,11777,0.0,1.09,1.3
2003-09-16,15.5,10.5,23.7,15026,0.0,1.3,1.4
2003-09-17,16.7,11.1,22.2,13761,0.0,1.34,1.3
2003-09-18,17.3,11.2,26.1,15933,0.0,1.39,1.7
2003-09-19,17.6,11.4,25.3,15773,0.0,1.39,1.9
2003-09-20,19.1,11.4,28.2,15215,0.0,1.45,1.3
2003-09-21,15.8,11.7,23.1,15940,0.0,1.39,2.2
2003-09-22,21.7,10.3,28.6,15871,3.2,1.37,2.6
2003-09-23,10.4,8.1,22.1,9235,5.7,1.12,3.2
2003-09-24,9.5,4.9,16.1,13525,0.0,0.88,2.0
2003-09-25,11.3,3.8,17.6,14133,0.0,0.84,2.0
2003-09-26,14.4,7.6,20.8,14163,0.1,1.09,2.2
2003-09-27,10.6,7.1,16.8,12419,0.0,1.01,1.8
2003-09-28,10.6,2.0,17.2,11165,7.3,0.75,1.5
2003-09-29,10.6,9.3,14.7,5544,0.9,1.14,2.5
2003-09-30,8.1,4.3,14.5,9989,0.0,0.83,1.6
2003-10-01,12.4,5.5,17.6,11567,2.3,0.92,1.8
2003-10-02,11.0,8.3,17.4,10802,0.0,1.09,1.6
2003-10-03,11.3,4.6,12.9,4949,3.5,0.84,1.7
2003-10-04,10.2,7.1,15.4,8701,1.0,0.99,2.4
2003-10-05,7.2,3.0,13.6,8325,0.1,0.76,2.0
2003-10-06,7.4,4.6,11.6,7955,2.5,0.83,4.1
2003-10-07,8.2,7.8,10.4,5903,3.1,1.02,4.5
2003-10-08,7.9,6.0,12.1,7399,9.0,0.92,4.4
2003-10-09,10.8,6.9,13.6,8284,0.5,0.97,3.9
2003-10-10,13.2,10.9,15.6,5062,0.2,1.26,4.0
2003-10-11,10.5,8.7,14.4,6435,0.1,1.09,3.3
2003-10-12,6.0,3.4,13.7,9215,0.0,0.79,2.0
2003-10-13,5.4,-0.8,14.2,9639,0.0,0.61,1.7
2003-10-14,3.2,-2.3,10.5,8176,0.0,0.54,2.2
2003-10-15,3.6,-2.2,12.3,10066,0.0,0.56,2.0
2003-10-16,4.2,-2.3,11.4,8093,0.0,0.54,2.0
2003-10-17,3.2,0.0,10.1,10315,0.0,0.62,2.2
2003-10-18,2.3,-1.9,11.6,10095,0.0,0.56,1.7
2003-10-19,1.5,-4.5,11.5,9584,0.0,0.48,1.2
2003-10-20,5.0,-2.1,8.2,3910,1.0,0.53,1.8
2003-10-21,5.2,3.5,8.1,3337,0.6,0.76,1.8
2003-10-22,2.4,-0.4,8.1,8464,0.1,0.59,2.0
2003-10-23,-1.4,-3.9,5.9,8831,0.0,0.46,2.6
2003-10-24,-0.8,-7.9,4.4,7314,0.0,0.35,1.8
2003-10-25,5.6,-0.2,7.3,3091,4.4,0.59,3.5
2003-10-26,3.0,0.9,6.6,3031,0.8,0.63,2.3
2003-10-27,-0.4,-5.4,6.2,8120,0.0,0.42,1.4
2003-10-28,1.9,-2.3,8.2,7668,0.0,0.52,2.0
2003-10-29,3.2,-0.5,4.9,2925,1.7,0.57,2.1
2003-10-30,5.7,4.4,6.9,2804,2.4,0.81,1.9
2003-10-31,6.8,3.5,7.9,2877,0.1,0.76,2.7
2003-11-01,7.6,5.0,11.0,2759,0.5,0.85,2.5
2003-11-02,9.0,5.2,12.2,5804,1.4,0.86,3.1
2003-11-03,10.2,7.6,13.0,3388,6.5,1.02,4.2
2003-11-04,8.7,6.5,12.1,4294,0.1,0.94,2.9
2003-11-05,5.8,0.3,12.1,6966,0.0,0.64,1.8
2003-11-06,2.8,1.7,5.8,2445,0.0,0.67,2.2
2003-11-07,4.4,-0.2,7.5,6584,0.0,0.6,3.5
2003-11-08,4.9,3.2,7.5,2926,0.0,0.74,3.9
2003-11-09,4.0,2.6,5.8,2307,0.0,0.71,2.3
2003-11-10,2.8,1.3,3.8,2263,0.0,0.65,2.6
2003-11-11,3.0,-1.3,6.9,6201,0.0,0.55,2.5
2003-11-12,1.9,-1.5,5.9,6165,0.0,0.54,2.3
2003-11-13,0.8,-2.3,3.8,5644,0.0,0.5,1.6
2003-11-14,2.4,0.9,4.0,2099,0.0,0.63,2.0
2003-11-15,7.0,1.6,10.3,3534,0.0,0.68,2.6
2003-11-16,6.0,5.1,8.3,2023,5.2,0.85,1.9
2003-11-17,6.0,4.9,8.3,1987,6.3,0.83,3.4
2003-11-18,10.3,5.5,12.1,1952,9.0,0.88,3.7
2003-11-19,11.6,11.2,12.3,1918,1.8,1.28,4.1
2003-11-20,10.0,6.3,11.8,1934,0.0,0.92,2.1
2003-11-21,8.7,6.8,10.9,2147,0.0,0.95,2.1
2003-11-22,8.2,5.3,9.5,1822,0.0,0.86,2.0
2003-11-23,10.6,7.9,15.2,3041,0.1,1.05,2.2
2003-11-24,8.2,7.1,10.3,1764,1.1,0.97,2.1
2003-11-25,8.6,5.7,11.1,1831,1.3,0.89,1.6
2003-11-26,8.5,7.0,11.8,4271,0.0,0.97,2.2
2003-11-27,6.6,5.6,7.4,1685,0.9,0.87,1.4
2003-11-28,6.5,5.5,7.7,1661,0.2,0.87,2.1
2003-11-29,6.2,3.2,7.5,1955,0.0,0.74,1.7
2003-11-30,6.6,5.6,7.9,1750,0.0,0.88,2.6
2003-12-01,4.9,2.4,7.0,2440,0.0,0.7,2.6
2003-12-02,6.5,3.0,7.4,1575,0.0,0.73,2.4
2003-12-03,6.1,5.6,6.9,1556,0.1,0.88,1.7
2003-12-04,4.9,4.4,5.5,1539,0.2,0.8,2.0
2003-12-05,6.5,4.2,7.3,1522,0.2,0.79,2.4
2003-12-06,3.1,0.8,9.0,2748,0.0,0.64,4.0
2003-12-07,-3.0,-6.7,1.5,3577,0.0,0.37,2.2
2003-12-08,-1.2,-3.8,0.9,1479,0.0,0.45,1.7
2003-12-09,-0.3,-4.0,3.2,4410,0.0,0.45,1.5
2003-12-10,0.1,-1.8,3.5,4384,0.0,0.52,2.1
2003-12-11,0.8,-2.9,3.4,1611,7.5,0.48,3.0
2003-12-12,1.0,-0.7,3.5,2804,8.3,0.56,2.3
2003-12-13,8.3,-0.9,11.0,1427,12.6,0.58,4.2
2003-12-14,5.1,3.0,10.0,1544,5.2,0.74,5.4
2003-12-15,1.1,0.4,3.3,2605,0.0,0.6,5.2
2003-12-16,1.3,-0.7,3.4,4195,1.2,0.56,3.3
2003-12-17,4.7,1.1,5.2,1405,0.1,0.64,2.5
2003-12-18,0.9,-0.9,5.6,4220,0.0,0.56,1.9
2003-12-19,2.7,-1.9,4.7,3766,0.2,0.52,2.1
2003-12-20,6.5,3.9,7.8,1399,2.3,0.78,2.9
2003-12-21,4.6,3.4,8.2,2174,0.6,0.76,6.0
2003-12-22,-1.8,-3.8,3.3,1482,2.6,0.45,3.6
2003-12-23,-2.6,-8.7,0.4,2056,0.0,0.32,2.3
2003-12-24,-0.1,-5.8,2.7,2183,0.1,0.39,2.7
2003-12-25,4.3,1.2,5.0,1410,0.0,0.65,3.0
2003-12-26,4.6,2.4,7.2,1416,0.0,0.71,2.9
2003-12-27,5.3,2.4,7.0,1422,2.7,0.7,3.8
2003-12-28,6.5,2.1,8.1,1429,2.6,0.69,3.7
2003-12-29,3.8,2.7,6.9,1521,0.0,0.72,3.0
2003-12-30,0.9,-0.8,3.4,1447,0.0,0.56,1.3
2003-12-31,-1.4,-4.1,2.2,1793,0.0,0.44,1.9
2004-01-01,-2.8,-7.6,-1.4,1849,0.0,0.34,1.8
2004-01-02,-1.8,-5.8,0.9,2839,0.0,0.39,2.5
2004-01-03,-3.0,-4.6,-0.7,1496,0.0,0.42,1.4
2004-01-04,-4.6,-5.1,-2.7,3229,1.1,0.4,2.4
2004-01-05,-6.9,-9.1,-4.0,4208,0.0,0.3,2.2
2004-01-06,-2.8,-9.3,0.1,1544,7.6,0.3,2.9
2004-01-07,2.6,-0.1,3.7,1562,1.0,0.58,2.0
2004-01-08,1.2,0.3,3.2,2378,1.0,0.6,2.5
2004-01-09,0.1,-1.0,1.0,1601,0.8,0.54,2.5
2004-01-10,1.3,0.2,2.9,1622,0.5,0.6,2.3
2004-01-11,3.8,-0.3,8.1,1645,7.9,0.6,3.5
2004-01-12,3.5,2.0,6.1,2081,0.4,0.68,3.7
2004-01-13,4.6,1.0,5.7,1693,9.8,0.64,4.2
2004-01-14,3.5,2.8,5.9,1765,2.2,0.72,4.8
2004-01-15,3.4,1.4,5.2,2029,4.0,0.66,3.3
2004-01-16,3.2,1.5,5.4,1773,7.9,0.65,4.2
2004-01-17,2.5,1.2,3.7,1802,5.8,0.64,3.0
2004-01-18,-1.2,-2.3,1.6,3150,1.8,0.5,2.5
2004-01-19,1.1,-2.3,2.2,1863,3.4,0.5,3.7
2004-01-20,-0.2,-1.3,1.7,1896,0.6,0.54,2.8
2004-01-21,-3.1,-4.0,-0.4,2030,0.0,0.44,1.6
2004-01-22,-4.9,-9.4,-2.4,4724,0.0,0.3,1.6
2004-01-23,-3.6,-6.6,-2.3,1999,0.0,0.36,1.9
2004-01-24,-3.3,-5.3,-1.9,2507,2.2,0.4,2.1
2004-01-25,-5.7,-6.5,-3.2,2074,0.8,0.36,1.7
2004-01-26,-4.5,-5.9,-3.5,2113,0.5,0.38,1.7
2004-01-27,-4.1,-5.5,-3.2,2153,0.0,0.39,1.6
2004-01-28,-1.2,-4.6,0.4,2195,1.8,0.42,2.6
2004-01-29,-0.9,-3.5,0.4,3295,2.6,0.46,3.6
2004-01-30,0.1,-3.4,1.7,3014,0.7,0.46,3.9
2004-01-31,3.2,-0.5,5.2,2325,8.9,0.57,4.7
2004-02-01,6.5,3.5,9.3,2371,11.6,0.76,5.0
2004-02-02,8.2,4.6,9.9,2886,2.6,0.83,3.9
2004-02-03,11.4,7.2,12.5,2465,4.0,0.99,3.3
2004-02-04,13.0,11.5,14.0,2514,2.6,1.32,3.8
2004-02-05,12.5,11.4,15.1,2625,0.1,1.3,4.3
2004-02-06,10.9,10.0,12.2,2739,14.0,1.18,3.5
2004-02-07,5.5,4.3,10.3,2730,5.3,0.81,5.3
2004-02-08,1.9,1.0,4.6,2784,5.2,0.63,5.3
2004-02-09,1.2,-0.3,4.2,6622,0.0,0.58,4.8
2004-02-10,1.2,-1.3,3.2,2830,9.9,0.54,3.3
2004-02-11,-0.4,-2.3,2.8,3807,0.0,0.5,2.8
2004-02-12,-0.3,-5.6,0.4,2943,0.3,0.39,1.4
2004-02-13,5.8,0.3,7.9,3001,0.1,0.62,2.1
2004-02-14,4.9,2.9,6.5,3061,0.0,0.72,1.6
2004-02-15,0.7,-0.3,5.3,3121,0.0,0.58,1.6
2004-02-16,1.8,-1.9,2.8,3182,0.0,0.52,1.8
2004-02-17,4.3,2.5,5.4,3244,0.0,0.71,2.3
2004-02-18,2.2,0.0,6.8,9196,0.0,0.6,2.4
2004-02-19,-0.5,-2.6,2.9,8824,0.0,0.49,3.7
2004-02-20,-0.5,-5.3,4.1,10353,0.0,0.41,3.5
2004-02-21,-0.6,-3.5,4.4,8641,0.0,0.46,2.6
2004-02-22,-0.3,-4.8,4.0,6809,0.0,0.43,2.2
2004-02-23,-1.4,-3.7,1.3,3787,0.0,0.45,2.7
2004-02-24,-0.2,-8.5,3.2,4089,2.5,0.33,2.6
2004-02-25,-0.4,-2.0,2.4,5255,0.6,0.51,2.9
2004-02-26,-2.1,-4.1,1.4,4710,0.0,0.44,2.4
2004-02-27,-0.4,-5.7,2.6,5749,0.0,0.4,1.4
2004-02-28,-0.8,-5.1,3.6,8428,0.0,0.42,1.3
2004-02-29,-1.6,-5.0,3.7,8468,0.3,0.42,1.9
2004-03-01,1.5,-6.7,3.3,4127,0.8,0.37,2.6
2004-03-02,4.7,3.0,6.5,4200,0.0,0.73,3.2
2004-03-03,1.3,-2.6,6.1,11536,0.0,0.51,2.7
2004-03-04,-1.4,-6.9,2.3,6738,0.0,0.36,1.9
2004-03-05,-0.9,-4.8,3.3,13049,0.0,0.43,3.0
2004-03-06,-1.1,-2.9,1.3,4847,0.7,0.48,2.2
2004-03-07,-0.5,-2.1,1.6,4927,0.2,0.51,1.7
2004-03-08,-0.8,-5.8,6.0,10523,1.3,0.41,2.0
2004-03-09,1.2,-2.6,3.1,5537,0.1,0.49,2.6
2004-03-10,1.6,0.5,2.1,4806,0.0,0.6,2.7
2004-03-11,3.4,1.8,4.7,4975,0.0,0.67,2.3
2004-03-12,5.3,1.1,7.9,9032,0.0,0.65,3.0
2004-03-13,6.8,4.1,8.5,5040,0.3,0.79,2.8
2004-03-14,7.6,0.7,14.4,12566,0.5,0.67,2.7
2004-03-15,10.1,7.9,12.8,5769,0.1,1.03,3.4
2004-03-16,12.4,7.5,13.3,5278,0.0,1.01,2.8
2004-03-17,11.3,5.3,19.9,14074,0.0,0.93,2.0
2004-03-18,10.6,3.9,13.5,5536,0.4,0.81,1.6
2004-03-19,10.7,9.5,13.2,9164,3.1,1.15,4.3
2004-03-20,9.8,5.9,12.6,7685,11.1,0.91,5.9
2004-03-21,7.5,4.8,11.8,11791,6.3,0.84,6.4
2004-03-22,5.3,4.3,7.9,6568,3.1,0.81,3.8
2004-03-23,3.3,0.9,9.1,11237,0.0,0.64,1.8
2004-03-24,3.7,-1.6,9.0,11874,0.0,0.55,3.0
2004-03-25,1.0,-0.7,5.3,13552,0.0,0.57,2.7
2004-03-26,0.9,-3.0,3.7,8063,0.0,0.48,2.1
2004-03-27,1.6,-4.9,6.9,12672,0.3,0.44,1.7
2004-03-28,6.0,1.6,8.0,6245,0.1,0.67,1.7
2004-03-29,7.8,2.2,13.8,12608,0.0,0.73,1.7
2004-03-30,8.8,1.3,15.2,17559,0.0,0.71,2.7
2004-03-31,9.4,4.1,14.9,18903,0.0,0.83,2.5
2004-04-01,10.1,5.0,15.6,17110,0.0,0.89,3.2
2004-04-02,9.5,5.3,15.2,17478,0.0,0.89,3.5
2004-04-03,9.2,2.6,13.6,9479,0.6,0.75,2.7
2004-04-04,7.6,6.7,14.6,10019,2.7,0.96,3.3
2004-04-05,5.0,3.3,10.6,10564,6.5,0.76,3.3
2004-04-06,4.4,2.3,8.7,9431,8.4,0.7,3.1
2004-04-07,4.5,3.1,7.9,10427,4.1,0.74,2.6
2004-04-08,4.7,2.3,9.4,14042,1.1,0.71,2.4
2004-04-09,7.0,3.6,12.9,12447,0.5,0.79,2.3
2004-04-10,4.2,0.2,11.1,13700,0.1,0.63,2.4
2004-04-11,4.6,-4.1,11.1,15887,0.0,0.49,2.1
2004-04-12,5.5,2.5,9.8,7661,0.0,0.72,2.1
2004-04-13,7.0,1.5,12.9,14496,0.0,0.69,1.8
2004-04-14,7.9,-0.7,15.9,21398,0.0,0.63,1.7
2004-04-15,11.7,2.7,18.2,23069,0.0,0.79,1.8
2004-04-16,12.4,3.3,20.1,22151,0.0,0.84,1.7
2004-04-17,13.4,4.9,19.4,21578,0.0,0.9,1.9
2004-04-18,13.0,6.7,18.9,20997,0.5,1.01,2.6
2004-04-19,8.0,5.6,12.9,8069,6.5,0.9,2.4
2004-04-20,9.1,1.6,16.9,18847,0.0,0.73,1.6
2004-04-21,12.2,2.4,18.9,15459,0.0,0.79,1.5
2004-04-22,15.6,5.4,22.3,17863,5.3,0.97,1.5
2004-04-23,9.8,8.7,15.2,10788,1.8,1.1,2.4
2004-04-24,9.5,5.3,12.9,9156,0.0,0.88,2.3
2004-04-25,10.4,1.7,17.5,18668,0.0,0.74,1.8
2004-04-26,9.2,6.9,14.5,9174,0.1,0.98,1.7
2004-04-27,11.8,4.4,17.7,13070,0.0,0.87,1.9
2004-04-28,12.8,7.3,19.9,23679,0.0,1.05,2.5
2004-04-29,13.8,7.8,19.1,16585,0.0,1.08,2.8
2004-04-30,16.2,10.0,22.0,24276,0.0,1.26,3.3
2004-05-01,18.1,11.4,25.1,24135,0.0,1.41,2.3
2004-05-02,12.8,11.3,17.1,9073,5.6,1.3,2.0
2004-05-03,13.3,9.9,20.3,15545,0.0,1.22,1.8
2004-05-04,15.9,8.9,20.9,20538,2.5,1.16,2.1
2004-05-05,11.9,9.7,16.4,11024,7.1,1.18,2.0
2004-05-06,13.6,9.2,17.9,11340,5.5,1.16,2.1
2004-05-07,11.7,8.5,16.7,11784,1.7,1.1,3.3
2004-05-08,10.7,6.8,15.9,11973,0.2,0.98,2.7
2004-05-09,10.4,7.4,12.8,9229,0.4,1.0,2.0
2004-05-10,14.6,10.0,19.9,15928,0.0,1.23,2.2
2004-05-11,10.6,8.3,15.0,9336,0.9,1.08,2.0
2004-05-12,9.4,8.1,11.8,9387,0.4,1.05,2.1
2004-05-13,8.2,6.9,11.1,9952,0.1,0.96,2.1
2004-05-14,8.7,-1.1,14.2,19660,0.0,0.6,1.4
2004-05-15,12.3,5.4,15.9,9665,0.7,0.91,2.8
2004-05-16,14.2,8.8,19.0,20952,0.0,1.13,2.4
2004-05-17,14.1,11.0,19.8,19204,0.0,1.3,1.6
2004-05-18,13.8,9.4,20.2,22891,0.0,1.19,2.1
2004-05-19,14.7,5.9,21.9,16336,0.0,1.0,2.9
2004-05-20,13.0,6.2,17.6,20415,0.0,0.96,2.0
2004-05-21,10.6,8.2,15.6,18127,0.0,1.07,2.5
2004-05-22,8.5,2.0,14.9,24560,7.1,0.73,3.1
2004-05-23,9.9,4.0,13.9,18095,1.1,0.82,3.3
2004-05-24,10.3,2.7,15.1,16314,0.1,0.76,2.5
2004-05-25,10.5,7.5,15.9,17140,0.0,1.02,2.5
2004-05-26,9.2,5.0,14.4,18489,3.2,0.87,2.4
2004-05-27,9.1,7.2,13.1,11331,2.2,1.0,1.8
2004-05-28,11.5,2.6,19.0,22107,0.0,0.79,1.6
2004-05-29,14.4,2.7,21.9,28965,0.0,0.83,1.5
2004-05-30,17.7,7.5,24.4,25203,0.0,1.13,1.8
2004-05-31,18.7,11.4,25.8,22091,0.0,1.4,2.1
2004-06-01,17.4,10.5,24.1,22782,0.0,1.32,1.6
2004-06-02,16.0,10.5,22.0,20711,0.0,1.29,1.8
2004-06-03,16.8,8.8,24.0,22319,0.0,1.19,2.1
2004-06-04,12.0,8.9,13.7,10241,5.2,1.11,1.7
2004-06-05,15.0,9.8,20.3,16187,0.6,1.22,2.0
2004-06-06,13.9,8.2,18.9,17921,0.0,1.1,1.6
2004-06-07,16.8,8.6,24.0,23871,0.2,1.19,1.6
2004-06-08,19.8,14.1,25.5,22706,0.0,1.63,1.7
2004-06-09,15.0,12.3,17.4,11124,13.7,1.38,2.0
2004-06-10,18.8,15.1,24.7,16940,0.5,1.71,1.8
2004-06-11,18.2,12.1,23.1,18273,0.1,1.42,2.6
2004-06-12,14.2,10.4,19.7,19078,4.4,1.26,2.5
2004-06-13,14.3,9.5,20.5,16978,0.0,1.21,2.3
2004-06-14,15.3,8.4,21.1,16063,0.0,1.14,2.6
2004-06-15,16.2,10.2,22.2,18314,0.0,1.27,3.4
2004-06-16,12.6,8.7,17.6,18583,1.1,1.11,3.5
2004-06-17,12.4,8.9,17.2,11857,10.8,1.13,3.1
2004-06-18,14.0,11.1,18.1,17930,2.8,1.29,2.6
2004-06-19,11.8,7.1,15.4,17799,1.5,0.99,2.4
2004-06-20,12.0,5.3,17.9,20568,0.2,0.91,1.8
2004-06-21,13.2,7.1,19.1,16476,0.4,1.03,1.9
2004-06-22,15.6,9.5,21.6,22671,0.4,1.21,1.7
2004-06-23,15.7,12.9,21.9,13960,7.5,1.48,3.4
2004-06-24,14.7,11.4,19.0,14612,1.0,1.33,4.6
2004-06-25,12.5,11.1,14.9,12231,3.0,1.28,3.7
2004-06-26,13.5,8.7,18.9,15515,0.1,1.12,2.1
2004-06-27,15.3,8.8,20.1,11946,1.2,1.15,1.7
2004-06-28,15.4,10.2,20.0,20626,2.2,1.25,3.2
2004-06-29,14.4,9.4,19.4,22056,0.2,1.18,2.7
2004-06-30,16.2,9.4,21.0,14668,0.0,1.19,1.8
2004-07-01,16.0,10.9,22.7,16754,2.9,1.32,2.7
2004-07-02,14.9,9.0,22.0,23043,0.6,1.18,2.5
2004-07-03,13.4,10.3,18.5,12506,5.7,1.23,3.2
2004-07-04,14.4,10.3,20.7,17868,1.0,1.26,2.6
2004-07-05,13.8,9.7,19.4,15348,1.6,1.21,2.2
2004-07-06,13.9,7.4,19.9,22535,0.0,1.06,2.0
2004-07-07,16.6,6.9,22.8,27221,0.1,1.06,2.2
2004-07-08,16.9,13.6,20.1,12252,9.9,1.53,2.1
2004-07-09,17.7,13.7,22.9,16411,4.0,1.57,3.0
2004-07-10,14.8,11.3,19.1,14546,1.5,1.31,3.1
2004-07-11,13.7,10.1,18.6,12683,5.6,1.23,3.1
2004-07-12,13.6,12.2,16.1,10431,1.4,1.38,3.3
2004-07-13,13.2,11.1,16.2,10528,1.0,1.28,3.2
2004-07-14,14.4,10.6,20.8,13750,1.5,1.29,2.7
2004-07-15,16.8,13.7,21.6,15142,12.7,1.56,2.6
2004-07-16,16.4,13.9,21.1,11980,0.0,1.55,1.7
2004-07-17,20.9,15.2,27.4,22066,7.4,1.75,1.8
2004-07-18,20.3,15.5,26.9,18641,5.8,1.78,1.9
2004-07-19,19.2,15.3,23.8,20531,0.0,1.71,1.8
2004-07-20,18.1,13.7,24.4,17760,44.7,1.57,2.0
2004-07-21,16.9,12.5,19.9,10216,0.1,1.43,1.6
2004-07-22,17.7,12.4,24.1,19455,0.0,1.47,1.3
2004-07-23,20.6,14.2,27.6,21583,1.5,1.67,1.8
2004-07-24,18.9,11.6,23.6,20874,0.0,1.39,2.2
2004-07-25,14.8,11.2,20.8,10158,6.5,1.33,2.0
2004-07-26,13.9,9.9,18.9,13439,1.9,1.21,1.8
2004-07-27,14.2,9.9,19.7,16194,0.1,1.21,1.8
2004-07-28,16.2,8.4,22.8,20979,0.0,1.14,1.5
2004-07-29,18.1,10.1,25.2,28035,0.0,1.31,1.9
2004-07-30,20.7,13.1,27.5,25528,0.0,1.58,1.5
2004-07-31,19.7,14.3,26.5,19353,0.3,1.65,1.3
2004-08-01,18.2,12.9,26.3,17251,0.1,1.55,1.6
2004-08-02,19.2,11.0,26.3,22225,0.0,1.37,1.4
2004-08-03,19.4,12.4,26.6,21758,0.0,1.5,1.4
2004-08-04,21.5,12.7,28.9,26818,0.0,1.55,1.4
2004-08-05,24.3,17.6,29.8,24207,0.0,2.05,2.0
2004-08-06,23.9,19.1,28.5,26480,0.0,2.2,2.1
2004-08-07,23.5,17.5,28.7,26370,0.0,2.02,2.1
2004-08-08,24.1,18.5,29.7,26257,0.0,2.14,2.5
2004-08-09,24.4,18.1,30.3,25771,0.0,2.11,2.5
2004-08-10,24.2,18.2,30.7,25285,0.0,2.11,2.6
2004-08-11,22.8,17.5,28.7,13721,0.0,2.02,1.7
2004-08-12,23.1,15.0,30.3,25048,6.2,1.78,1.7
2004-08-13,18.2,15.0,22.2,12455,3.7,1.67,3.2
2004-08-14,18.1,10.7,24.8,18222,0.2,1.35,2.5
2004-08-15,17.0,10.2,23.0,17755,0.0,1.28,1.9
2004-08-16,19.5,13.6,27.1,12451,0.1,1.59,2.0
2004-08-17,20.5,15.1,26.6,15739,0.0,1.74,1.9
2004-08-18,20.3,16.9,26.2,14319,4.9,1.92,2.3
2004-08-19,20.6,15.4,26.3,15060,0.0,1.76,3.3
2004-08-20,17.9,12.4,24.9,16984,0.3,1.47,2.8
2004-08-21,15.3,10.6,20.8,10473,2.2,1.29,2.6
2004-08-22,13.8,8.6,20.7,18531,0.0,1.14,2.0
2004-08-23,14.9,5.7,19.6,13828,0.0,0.96,1.9
2004-08-24,16.9,12.7,23.6,13376,12.2,1.49,2.4
2004-08-25,15.5,12.2,21.4,10831,2.4,1.41,3.2
2004-08-26,15.7,12.5,19.8,9929,0.8,1.43,3.0
2004-08-27,14.6,13.3,16.2,7422,5.7,1.48,3.0
2004-08-28,15.8,10.6,20.5,11244,0.4,1.27,2.1
2004-08-29,15.3,10.8,21.8,11946,0.1,1.31,1.8
2004-08-30,14.5,10.2,19.6,12185,9.0,1.23,2.9
2004-08-31,13.8,9.9,18.8,11404,4.5,1.22,3.0
2004-09-01,13.9,8.7,18.8,9619,0.0,1.14,2.3
2004-09-02,14.6,7.3,22.4,20680,0.0,1.08,1.4
2004-09-03,17.9,10.8,25.2,21075,0.0,1.35,1.3
2004-09-04,18.3,9.8,26.6,20140,0.0,1.29,1.1
2004-09-05,18.9,10.9,26.5,20418,0.0,1.38,1.5
2004-09-06,19.1,10.9,26.1,18729,0.0,1.38,1.6
2004-09-07,17.3,9.5,24.2,18248,0.0,1.24,1.9
2004-09-08,14.3,6.7,21.9,19596,0.0,1.05,2.0
2004-09-09,12.0,3.7,19.5,19642,0.0,0.86,1.9
2004-09-10,15.0,6.3,22.7,19684,0.0,1.02,2.4
2004-09-11,16.9,12.4,23.2,8987,8.1,1.46,2.3
2004-09-12,16.5,12.0,19.6,13485,0.1,1.38,3.5
2004-09-13,15.8,10.3,20.3,9825,0.0,1.25,3.1
2004-09-14,17.0,11.7,21.9,16720,0.0,1.38,3.1
2004-09-15,14.4,9.6,19.5,14720,0.1,1.19,3.3
2004-09-16,12.0,7.1,18.1,11327,0.0,1.02,1.9
2004-09-17,12.7,6.2,20.5,18046,0.0,0.99,2.0
2004-09-18,15.0,7.7,23.1,16471,0.1,1.11,2.1
2004-09-19,13.2,8.7,19.6,7592,2.2,1.14,2.0
2004-09-20,12.6,7.7,15.7,6220,4.7,1.03,3.3
2004-09-21,11.9,10.1,14.1,7400,19.0,1.19,5.3
2004-09-22,10.4,9.0,14.7,9911,2.1,1.11,4.7
2004-09-23,10.5,8.6,14.3,6922,1.2,1.09,4.0
2004-09-24,12.6,10.1,16.1,8157,1.6,1.21,3.5
2004-09-25,12.4,9.6,16.9,6736,1.9,1.17,2.9
2004-09-26,12.0,9.4,15.7,5432,0.9,1.16,2.3
2004-09-27,13.1,8.9,18.3,6735,0.1,1.14,2.7
2004-09-28,13.2,10.0,15.8,4995,3.4,1.19,2.4
2004-09-29,12.5,8.8,14.7,4917,15.7,1.11,2.8
2004-09-30,9.0,4.5,15.4,7172,0.0,0.86,1.5
2004-10-01,10.2,3.1,17.4,13111,0.0,0.8,1.6
2004-10-02,11.5,8.1,16.6,6005,0.0,1.07,2.0
2004-10-03,12.0,8.2,17.8,12444,0.0,1.09,1.9
2004-10-04,13.0,8.2,18.3,6257,0.0,1.08,2.4
2004-10-05,16.5,12.8,22.4,9234,7.2,1.47,2.3
2004-10-06,13.5,9.6,16.5,5312,0.8,1.17,2.4
2004-10-07,11.4,7.3,16.5,10906,1.0,1.01,2.4
2004-10-08,8.7,5.0,13.7,5062,0.0,0.87,1.6
2004-10-09,6.5,0.9,14.0,7840,0.0,0.68,1.7
2004-10-10,5.1,-1.3,12.5,11203,0.0,0.58,2.4
2004-10-11,6.7,2.9,11.7,11533,0.0,0.74,3.2
2004-10-12,5.8,1.6,10.1,12326,0.0,0.68,3.4
2004-10-13,7.5,3.0,12.5,10364,0.0,0.76,2.6
2004-10-14,7.9,4.9,11.8,9062,0.0,0.86,2.6
2004-10-15,7.7,6.0,11.1,3663,0.9,0.91,2.4
2004-10-16,8.7,6.0,12.6,3596,0.0,0.92,2.0
2004-10-17,7.6,4.1,11.5,3530,0.0,0.81,3.0
2004-10-18,9.1,7.8,9.6,3465,5.0,1.01,3.8
2004-10-19,8.1,3.4,13.7,8572,0.0,0.79,1.7
2004-10-20,8.2,3.5,11.5,5928,2.2,0.77,2.7
2004-10-21,11.2,5.9,18.2,8891,0.4,0.95,3.3
2004-10-22,10.6,5.6,15.9,9323,0.0,0.91,2.8
2004-10-23,12.8,8.3,15.7,3151,1.8,1.08,3.3
2004-10-24,16.2,13.0,18.0,3091,1.4,1.46,2.7
2004-10-25,14.7,12.5,18.1,4317,0.0,1.41,3.1
2004-10-26,10.7,7.4,13.4,4778,0.0,1.0,1.7
2004-10-27,8.1,5.9,11.1,3180,0.0,0.9,1.8
2004-10-28,8.7,7.7,9.3,2859,0.0,1.01,2.1
2004-10-29,9.5,8.0,10.9,2804,3.4,1.03,1.6
2004-10-30,11.0,10.9,11.5,2750,0.3,1.25,1.4
2004-10-31,9.6,5.8,11.5,3010,0.0,0.9,1.7
2004-11-01,6.9,3.3,10.4,4751,0.0,0.76,2.0
2004-11-02,7.9,4.1,11.5,3633,0.0,0.81,2.4
2004-11-03,9.1,7.3,11.3,2663,0.0,0.99,1.7
2004-11-04,10.4,8.5,12.4,2493,0.4,1.07,1.6
2004-11-05,8.1,5.1,10.7,3858,4.6,0.86,3.1
2004-11-06,6.8,4.3,9.8,4898,0.1,0.81,2.9
2004-11-07,5.3,2.0,9.1,3041,0.0,0.7,2.0
2004-11-08,2.4,0.8,3.0,2307,0.0,0.63,1.4
2004-11-09,3.9,0.4,6.2,2263,5.8,0.62,2.4
2004-11-10,4.7,1.4,6.5,2220,0.0,0.66,2.2
2004-11-11,3.2,1.1,8.2,2179,0.0,0.65,1.3
2004-11-12,4.6,1.0,7.0,2138,2.2,0.64,2.7
2004-11-13,4.0,-1.5,7.6,4496,0.1,0.55,3.1
2004-11-14,1.2,-3.7,7.5,6061,0.0,0.47,2.0
2004-11-15,5.3,3.5,7.0,2023,0.6,0.76,2.6
2004-11-16,7.2,5.5,10.0,3888,9.1,0.87,2.6
2004-11-17,9.0,6.2,11.3,1952,12.1,0.93,4.1
2004-11-18,7.0,2.2,11.7,2068,4.8,0.72,5.2
2004-11-19,1.1,0.3,4.6,4367,0.9,0.6,3.9
2004-11-20,1.4,-1.0,2.6,1853,0.3,0.55,3.9
2004-11-21,0.6,-2.3,5.0,4832,2.9,0.51,2.6
2004-11-22,6.0,0.5,10.0,1793,7.4,0.63,4.5
2004-11-23,4.7,0.2,7.8,3950,0.0,0.61,4.1
2004-11-24,-0.4,-3.8,3.6,4841,0.0,0.46,1.5
2004-11-25,-0.1,-2.5,5.3,3992,0.0,0.5,1.8
2004-11-26,-0.2,-4.3,3.5,2192,0.5,0.44,2.5
2004-11-27,6.0,4.1,8.6,1707,0.0,0.79,2.6
2004-11-28,4.9,2.0,6.3,1638,3.1,0.68,1.6
2004-11-29,5.5,2.8,5.8,1616,0.0,0.72,1.2
2004-11-30,2.3,0.4,3.3,1595,0.0,0.6,2.1
2004-12-01,3.5,2.5,4.5,1575,0.2,0.7,1.7
2004-12-02,3.5,2.8,4.4,1556,0.0,0.72,1.7
2004-12-03,3.5,3.0,4.4,1539,0.0,0.73,1.7
2004-12-04,4.4,3.5,6.1,1522,0.0,0.76,2.2
2004-12-05,4.9,2.2,7.0,1506,0.1,0.7,2.5
2004-12-06,6.6,5.2,7.4,1492,0.0,0.85,2.4
2004-12-07,6.7,2.4,8.1,1479,0.0,0.7,2.1
2004-12-08,4.2,2.3,6.0,1466,0.0,0.7,1.9
2004-12-09,3.0,1.4,4.5,1455,0.0,0.65,1.9
2004-12-10,-0.6,-3.3,2.4,3735,0.0,0.46,1.5
2004-12-11,-0.2,-3.3,2.3,1435,0.0,0.47,1.4
2004-12-12,3.1,2.6,4.0,1427,0.0,0.71,1.2
2004-12-13,2.1,0.7,2.7,1420,0.0,0.62,1.4
2004-12-14,-1.0,-2.3,0.7,1414,0.0,0.5,1.9
2004-12-15,1.9,-2.3,5.9,4195,0.4,0.51,2.4
2004-12-16,4.4,2.9,7.2,2877,0.7,0.72,2.9
2004-12-17,5.2,3.5,7.0,1443,5.4,0.76,3.8
2004-12-18,2.6,0.8,4.0,2583,0.6,0.62,4.2
2004-12-19,-0.4,-3.8,2.7,3112,0.5,0.45,2.5
2004-12-20,-0.2,-3.6,3.5,4010,0.0,0.46,2.4
2004-12-21,-2.5,-5.2,0.7,3890,0.0,0.41,1.6
2004-12-22,-1.9,-5.6,2.6,1403,2.2,0.4,3.8
2004-12-23,5.9,2.8,8.8,1406,7.7,0.73,4.9
2004-12-24,6.9,3.0,8.7,1820,9.8,0.73,5.0
2004-12-25,4.6,1.8,7.3,1662,0.3,0.68,3.3
2004-12-26,-0.2,-2.3,2.5,1422,0.0,0.5,1.8
2004-12-27,1.2,-0.3,2.8,1429,0.0,0.58,2.3
2004-12-28,0.0,-1.4,1.3,2186,1.9,0.53,2.9
2004-12-29,0.9,-0.7,2.5,1447,0.0,0.56,2.3
2004-12-30,3.3,0.2,6.1,1458,0.1,0.6,3.1
2004-12-31,7.2,6.4,8.3,1470,4.1,0.93,2.8
2005-01-01,4.4,1.8,7.9,1470,2.1,0.68,2.7
2005-01-02,4.7,0.4,7.4,1482,8.6,0.61,5.4
2005-01-03,3.9,0.3,6.8,1795,3.7,0.61,5.0
2005-01-04,7.8,6.9,8.6,1511,1.2,0.96,5.2
2005-01-05,5.7,4.6,6.9,1700,1.5,0.82,3.5
2005-01-06,5.8,4.5,7.9,2589,0.0,0.81,4.1
2005-01-07,9.9,6.5,11.9,1562,0.0,0.94,5.0
2005-01-08,9.2,6.5,11.4,2510,0.1,0.94,5.8
2005-01-09,6.4,4.4,8.1,1958,0.0,0.8,4.3
2005-01-10,10.4,6.7,13.9,4009,0.0,0.96,3.9
2005-01-11,8.3,5.9,10.3,2781,0.2,0.89,3.1
2005-01-12,8.0,4.8,9.7,2127,0.1,0.84,3.5
2005-01-13,3.9,1.6,5.3,2017,2.7,0.66,3.8
2005-01-14,2.8,0.4,5.4,2233,0.1,0.61,2.5
2005-01-15,1.8,-1.0,3.1,1745,0.0,0.55,1.5
2005-01-16,-1.4,-3.6,1.9,4974,0.0,0.46,2.0
2005-01-17,1.6,-2.5,6.1,2720,2.6,0.51,2.9
2005-01-18,3.4,1.7,5.5,1832,6.2,0.67,3.6
2005-01-19,1.9,-0.2,4.8,2801,6.4,0.58,3.7
2005-01-20,4.2,2.4,6.9,1946,10.5,0.71,6.3
2005-01-21,2.9,0.7,5.9,3192,4.0,0.62,5.8
2005-01-22,1.3,-0.7,5.0,5286,0.0,0.57,3.6
2005-01-23,-0.2,-2.5,3.2,3655,2.4,0.5,3.0
2005-01-24,-0.7,-2.1,1.6,3973,0.2,0.51,3.5
2005-01-25,-0.9,-4.0,1.5,2710,0.3,0.44,3.0
2005-01-26,-3.4,-8.1,0.8,3401,0.0,0.33,2.9
2005-01-27,-3.7,-9.1,-1.4,2153,0.7,0.3,1.6
2005-01-28,-2.7,-7.0,0.0,2195,0.0,0.35,1.1
2005-01-29,-4.6,-7.9,-1.4,2237,0.1,0.33,1.4
2005-01-30,0.1,-5.7,3.4,2280,2.0,0.4,2.5
2005-01-31,4.2,2.2,6.5,2325,1.3,0.69,4.1
2005-02-01,2.0,-1.2,6.1,7231,0.0,0.55,3.4
2005-02-02,2.2,-0.9,4.6,2417,0.0,0.55,3.2
2005-02-03,2.7,0.2,4.2,2465,0.1,0.6,2.0
2005-02-04,3.2,0.9,5.5,2514,0.1,0.63,1.6
2005-02-05,1.3,-2.9,3.8,7193,0.0,0.49,2.6
2005-02-06,-2.3,-5.6,1.4,7736,0.0,0.39,2.3
2005-02-07,-2.7,-6.1,1.6,7917,0.0,0.38,2.2
2005-02-08,-3.1,-6.7,1.2,8165,0.0,0.37,1.8
2005-02-09,-0.9,-4.6,2.6,4378,2.2,0.43,2.0
2005-02-10,4.6,2.5,6.1,2830,6.0,0.7,4.0
2005-02-11,2.3,-1.0,6.3,4596,0.5,0.56,2.7
2005-02-12,3.7,-0.8,10.6,2943,14.1,0.58,5.3
2005-02-13,1.3,-0.2,2.5,3204,4.7,0.58,5.5
2005-02-14,-0.2,-1.1,2.0,5452,0.5,0.55,4.0
2005-02-15,-0.1,-1.5,0.8,3190,0.0,0.53,3.5
2005-02-16,-0.2,-0.8,0.6,3182,0.1,0.55,3.3
2005-02-17,-1.8,-5.2,-0.3,4095,0.0,0.4,1.8
2005-02-18,-1.9,-6.7,1.5,3379,3.7,0.37,2.6
2005-02-19,0.4,-1.2,1.6,3371,0.3,0.54,2.3
2005-02-20,1.0,-0.4,3.6,3509,0.5,0.57,1.6
2005-02-21,0.2,-2.1,2.5,5512,0.3,0.51,2.5
2005-02-22,-1.3,-2.6,0.0,6809,1.0,0.49,3.4
2005-02-23,-0.2,-1.2,0.8,3635,8.7,0.54,2.5
2005-02-24,-0.3,-1.0,0.6,3703,0.6,0.54,1.7
2005-02-25,0.3,-0.2,1.4,3772,0.8,0.58,1.5
2005-02-26,-0.9,-6.7,0.7,3841,0.4,0.36,2.0
2005-02-27,-5.3,-9.6,-1.1,10863,0.0,0.3,3.6
2005-02-28,-5.3,-11.3,-2.0,6165,1.0,0.26,2.6
2005-03-01,-3.6,-5.8,-1.9,4055,2.1,0.38,3.2
2005-03-02,-2.4,-4.0,-1.6,4127,3.9,0.43,2.2
2005-03-03,-2.3,-3.8,0.3,4534,0.4,0.45,2.1
2005-03-04,-2.8,-5.5,-0.5,10692,0.0,0.39,1.5
2005-03-05,-4.1,-8.1,-0.5,11006,0.1,0.33,2.2
2005-03-06,-3.7,-9.0,0.9,11410,0.0,0.31,2.6
2005-03-07,-1.3,-6.5,3.6,5632,0.0,0.38,2.6
2005-03-08,0.8,-3.8,4.5,6160,0.0,0.46,3.0
2005-03-09,-0.9,-4.4,3.1,4829,0.0,0.43,2.5
2005-03-10,-1.1,-7.3,3.6,14522,0.1,0.36,2.0
2005-03-11,1.8,-0.2,3.2,4896,7.4,0.58,5.0
2005-03-12,1.6,-0.6,4.3,5892,3.5,0.57,4.9
2005-03-13,0.8,-2.1,5.8,8570,1.3,0.52,3.0
2005-03-14,3.2,0.2,7.8,11858,0.0,0.61,2.4
2005-03-15,5.0,-1.0,9.0,5119,0.1,0.57,2.6
2005-03-16,12.8,8.5,17.0,7672,1.0,1.1,3.5
2005-03-17,12.0,10.3,14.1,5278,1.1,1.22,4.7
2005-03-18,9.7,4.5,11.3,5358,1.5,0.83,3.9
2005-03-19,2.3,-2.6,4.7,7099,0.0,0.5,2.5
2005-03-20,0.3,-4.2,5.3,17145,0.0,0.45,2.0
2005-03-21,2.2,-1.9,7.4,13151,0.0,0.53,2.3
2005-03-22,5.2,-1.5,11.0,16099,0.1,0.57,2.7
2005-03-23,8.0,2.4,16.4,8184,2.4,0.76,1.7
2005-03-24,6.5,-0.1,13.7,9201,0.0,0.64,1.7
2005-03-25,9.4,4.4,14.2,10334,8.3,0.84,1.6
2005-03-26,9.2,7.8,11.8,7037,3.8,1.03,1.5
2005-03-27,8.9,5.1,11.8,6083,0.0,0.86,2.3
2005-03-28,7.5,3.4,13.7,17606,0.0,0.79,2.2
2005-03-29,7.0,2.8,12.4,9100,0.0,0.74,2.4
2005-03-30,6.9,0.9,12.5,19318,0.0,0.66,3.0
2005-03-31,5.6,-1.0,12.2,19704,0.0,0.6,2.5
2005-04-01,6.6,-1.2,13.0,20199,0.0,0.59,2.4
2005-04-02,8.6,1.4,15.9,20480,0.0,0.72,2.3
2005-04-03,10.3,2.7,19.6,20651,0.0,0.8,1.9
2005-04-04,11.9,2.3,21.2,20271,0.0,0.81,1.9
2005-04-05,8.5,1.3,12.2,8468,0.5,0.68,2.5
2005-04-06,8.7,-0.3,15.7,14912,0.0,0.64,2.8
2005-04-07,10.6,3.8,16.1,14030,0.2,0.83,3.9
2005-04-08,6.5,2.0,11.0,9299,2.9,0.71,2.5
2005-04-09,4.3,-1.4,8.8,12000,0.0,0.56,2.7
2005-04-10,4.5,-0.8,10.4,9138,3.0,0.59,2.2
2005-04-11,8.1,2.1,15.5,10832,0.0,0.74,2.4
2005-04-12,9.4,1.4,15.6,13004,0.0,0.71,1.7
2005-04-13,11.6,8.0,15.7,10212,0.0,1.06,1.3
2005-04-14,13.1,9.0,18.5,11234,0.0,1.15,1.6
2005-04-15,15.3,10.5,21.8,15894,0.0,1.28,2.1
2005-04-16,13.5,6.0,20.7,20598,0.0,0.98,3.1
2005-04-17,11.1,5.8,18.9,19314,0.0,0.95,3.1
2005-04-18,9.4,6.3,14.0,8872,0.3,0.94,2.4
2005-04-19,8.0,3.0,13.7,14079,0.0,0.77,3.0
2005-04-20,5.2,-2.8,11.6,24240,0.0,0.53,3.1
2005-04-21,3.2,-6.1,11.1,24621,0.0,0.43,1.7
2005-04-22,4.7,-2.3,11.5,16788,0.0,0.54,1.4
2005-04-23,7.9,1.3,14.1,21379,0.0,0.7,2.0
2005-04-24,8.5,1.0,15.3,25029,0.0,0.69,2.5
2005-04-25,8.5,3.8,13.6,13676,0.1,0.8,3.0
2005-04-26,11.2,5.9,17.3,23818,0.0,0.94,2.3
2005-04-27,8.7,4.8,15.3,10405,4.5,0.87,2.6
2005-04-28,10.9,3.8,18.7,22947,0.0,0.84,1.9
2005-04-29,12.8,6.4,17.6,8692,0.0,0.98,1.6
2005-04-30,15.2,9.9,20.2,18697,0.1,1.22,1.2
2005-05-01,18.2,9.4,25.5,24525,0.0,1.27,1.5
2005-05-02,21.2,14.0,31.0,22885,7.9,1.71,2.2
2005-05-03,14.6,11.8,18.9,10075,2.8,1.36,1.8
2005-05-04,13.7,11.2,17.7,11648,1.4,1.31,2.6
2005-05-05,10.3,5.1,15.4,20160,1.4,0.88,3.1
2005-05-06,9.5,4.8,14.0,14309,2.5,0.86,3.4
2005-05-07,7.9,4.0,12.8,17040,3.3,0.81,3.0
2005-05-08,6.9,3.7,11.3,17497,2.5,0.79,3.2
2005-05-09,6.6,3.4,11.7,15536,0.4,0.78,2.6
2005-05-10,6.5,2.6,12.0,13437,4.8,0.74,2.4
2005-05-11,7.5,2.6,13.1,15289,4.0,0.74,2.4
2005-05-12,8.2,1.9,15.3,15867,0.0,0.73,2.2
2005-05-13,10.2,0.4,17.4,27093,0.0,0.69,2.0
2005-05-14,12.5,6.0,17.7,10466,1.0,0.95,2.3
2005-05-15,9.1,6.8,10.6,9488,18.7,0.95,2.7
2005-05-16,10.1,7.0,14.1,14437,0.1,0.98,2.2
2005-05-17,8.5,5.5,13.0,14751,0.0,0.89,1.9
2005-05-18,8.0,1.3,14.1,23992,0.0,0.7,2.1
2005-05-19,10.0,0.9,16.7,27167,0.0,0.7,1.9
2005-05-20,13.6,7.4,18.5,11664,0.0,1.04,2.3
2005-05-21,15.9,11.5,21.6,14438,0.1,1.36,2.0
2005-05-22,17.3,13.2,23.2,16566,5.1,1.53,1.8
2005-05-23,14.8,9.4,19.4,12837,3.6,1.18,2.0
2005-05-24,14.9,8.7,20.0,21355,0.0,1.14,1.9
2005-05-25,17.6,12.9,22.3,19316,0.0,1.48,1.9
2005-05-26,20.6,11.5,27.9,26809,0.0,1.46,2.0
2005-05-27,22.7,15.1,30.0,28560,0.0,1.79,1.4
2005-05-28,25.3,17.8,33.4,29134,0.0,2.15,2.1
2005-05-29,18.9,14.2,25.6,25645,11.0,1.64,1.9
2005-05-30,11.1,8.7,14.2,10085,3.1,1.1,2.5
2005-05-31,10.2,6.4,14.7,14838,1.3,0.95,3.1
2005-06-01,9.3,4.3,13.3,12506,0.0,0.83,2.2
2005-06-02,11.2,4.1,14.8,10695,2.6,0.83,1.9
2005-06-03,19.4,14.0,24.5,21500,0.5,1.61,2.1
2005-06-04,15.7,10.8,18.5,19425,5.0,1.28,3.8
2005-06-05,12.9,11.1,16.7,12873,4.4,1.29,3.2
2005-06-06,10.4,6.9,13.5,11710,0.3,0.98,3.0
2005-06-07,10.9,4.8,16.4,22267,0.0,0.87,3.3
2005-06-08,11.3,2.2,17.6,28482,0.0,0.76,2.1
2005-06-09,12.9,2.7,20.4,26265,0.2,0.82,1.8
2005-06-10,13.2,7.3,18.5,15343,1.6,1.04,2.3
2005-06-11,9.5,6.4,13.9,13644,0.4,0.94,2.6
2005-06-12,10.4,7.0,14.0,14712,0.2,0.99,2.0
2005-06-13,11.2,7.8,16.4,16307,4.6,1.05,2.5
2005-06-14,17.2,6.9,25.3,23838,0.0,1.1,1.7
2005-06-15,19.1,9.7,25.9,30578,0.0,1.27,1.4
2005-06-16,18.8,13.4,25.3,19897,0.0,1.57,1.8
2005-06-17,18.6,13.6,23.8,11325,0.0,1.55,2.6
2005-06-18,16.5,10.3,22.9,30860,0.0,1.29,2.5
2005-06-19,18.4,8.8,25.2,26375,0.0,1.21,1.5
2005-06-20,20.7,13.6,27.3,30466,0.0,1.61,1.6
2005-06-21,21.5,13.4,31.5,23471,1.6,1.66,1.8
2005-06-22,17.3,11.6,23.6,22808,0.0,1.39,2.1
2005-06-23,19.9,9.5,28.4,30981,0.0,1.31,1.4
2005-06-24,23.3,16.2,30.9,19762,0.0,1.92,1.5
2005-06-25,19.0,12.2,30.7,20282,5.7,1.55,2.3
2005-06-26,17.4,10.3,24.2,27654,0.0,1.3,1.7
2005-06-27,16.0,9.4,23.3,30407,0.0,1.23,1.7
2005-06-28,16.6,9.6,23.4,26570,0.0,1.24,2.0
2005-06-29,17.6,8.9,24.4,26289,0.0,1.22,1.7
2005-06-30,18.8,13.6,24.3,22978,0.1,1.56,2.1
2005-07-01,15.6,14.1,17.2,10325,13.3,1.55,2.1
2005-07-02,18.4,13.2,25.2,20437,0.0,1.54,1.5
2005-07-03,21.0,13.7,27.3,15813,0.0,1.61,1.3
2005-07-04,24.0,16.6,29.9,27222,8.9,1.95,2.8
2005-07-05,14.1,11.9,16.5,10252,9.7,1.36,2.2
2005-07-06,14.1,11.5,17.8,10886,1.6,1.32,2.0
2005-07-07,15.2,12.2,19.2,13355,13.9,1.4,1.9
2005-07-08,15.7,13.6,17.9,10182,9.7,1.52,1.3
2005-07-09,17.0,13.6,24.1,12514,9.1,1.57,1.5
2005-07-10,20.7,12.0,27.5,29366,0.0,1.47,2.3
2005-07-11,21.3,12.6,28.4,29191,0.0,1.55,2.3
2005-07-12,23.0,15.0,30.4,29275,0.0,1.78,1.9
2005-07-13,22.6,13.4,29.8,27007,0.0,1.63,1.7
2005-07-14,20.8,13.3,28.3,26176,0.0,1.61,1.2
2005-07-15,20.7,13.9,30.8,22087,2.1,1.69,2.3
2005-07-16,17.0,12.2,21.8,19827,0.0,1.41,2.4
2005-07-17,16.8,12.1,21.8,13410,0.0,1.41,2.2
2005-07-18,20.2,14.4,26.2,19210,2.3,1.66,1.6
2005-07-19,17.5,12.6,23.0,16825,1.6,1.47,3.3
2005-07-20,14.9,12.4,19.9,11855,9.2,1.41,3.9
2005-07-21,13.7,12.2,14.7,9742,38.1,1.38,4.4
2005-07-22,17.5,14.7,22.6,16414,1.1,1.66,3.0
2005-07-23,14.8,13.6,17.4,9656,0.4,1.51,2.5
2005-07-24,17.2,13.4,22.7,16305,0.1,1.53,2.0
2005-07-25,18.5,16.1,24.7,15733,5.6,1.8,2.2
2005-07-26,17.2,14.9,21.7,11441,1.0,1.65,2.1
2005-07-27,17.2,12.8,20.7,16384,0.5,1.45,1.4
2005-07-28,22.8,16.4,30.2,22842,0.5,1.94,1.6
2005-07-29,23.8,19.3,30.3,18044,1.8,2.26,1.7
2005-07-30,20.4,13.1,24.6,21795,0.0,1.52,2.6
2005-07-31,17.1,12.3,25.1,19683,3.3,1.48,2.9
2005-08-01,15.8,11.4,19.0,10604,0.0,1.33,2.5
2005-08-02,16.7,12.1,22.2,18263,0.0,1.41,1.8
2005-08-03,17.0,12.5,22.0,10739,1.6,1.45,1.8
2005-08-04,15.6,11.0,20.4,18736,0.9,1.32,2.6
2005-08-05,15.2,9.6,21.5,15514,9.1,1.22,2.2
2005-08-06,13.6,9.6,18.0,14687,3.5,1.19,2.8
2005-08-07,13.0,8.3,18.8,19359,0.3,1.11,2.3
2005-08-08,13.0,6.9,19.5,14534,3.0,1.03,2.1
2005-08-09,13.1,12.3,14.5,8742,0.7,1.37,2.7
2005-08-10,14.1,12.4,15.9,8803,2.1,1.4,3.2
2005-08-11,15.3,13.3,19.5,9727,0.0,1.5,3.0
2005-08-12,15.9,12.8,19.9,11382,0.0,1.44,2.2
2005-08-13,14.7,12.5,17.9,10204,0.5,1.42,2.2
2005-08-14,14.7,12.5,17.3,8542,2.4,1.4,2.1
2005-08-15,17.4,13.5,22.7,11156,0.0,1.55,2.0
2005-08-16,14.5,10.2,18.6,12777,0.0,1.24,1.8
2005-08-17,15.3,8.4,22.6,17893,0.0,1.15,1.6
2005-08-18,18.9,11.6,26.2,24294,0.0,1.43,2.1
2005-08-19,21.5,14.7,27.6,22120,0.0,1.72,2.0
2005-08-20,20.6,17.0,25.5,11594,0.7,1.92,1.5
2005-08-21,21.1,16.0,28.5,17579,1.9,1.86,2.0
2005-08-22,20.4,11.5,28.3,21970,0.0,1.46,2.2
2005-08-23,17.3,13.7,21.3,7793,0.0,1.54,2.0
2005-08-24,17.8,14.5,23.7,19702,0.0,1.65,1.8
2005-08-25,15.8,12.6,20.3,7763,2.5,1.44,2.8
2005-08-26,12.8,8.8,17.7,13275,2.5,1.12,2.9
2005-08-27,14.4,8.4,21.2,15952,0.0,1.14,1.7
2005-08-28,15.6,8.8,22.7,17678,0.0,1.19,1.5
2005-08-29,18.3,10.8,26.5,22136,0.0,1.38,1.8
2005-08-30,16.5,10.4,24.6,15368,0.0,1.31,1.4
2005-08-31,19.2,12.9,26.0,21486,0.0,1.53,2.1
2005-09-01,22.0,16.1,28.6,20654,0.0,1.87,2.2
2005-09-02,17.9,13.7,22.7,9956,1.5,1.56,1.6
2005-09-03,16.2,8.3,22.7,17669,0.0,1.14,1.9
2005-09-04,15.0,5.4,24.7,19967,0.0,1.0,1.7
2005-09-05,19.0,10.6,26.5,20030,0.0,1.35,1.9
2005-09-06,19.7,13.0,27.8,19870,0.0,1.57,1.6
2005-09-07,20.5,12.6,30.6,17967,0.0,1.58,1.5
2005-09-08,21.0,14.9,28.8,18464,0.0,1.75,1.6
2005-09-09,22.0,13.9,30.1,17340,0.0,1.7,1.7
2005-09-10,20.0,15.2,26.9,13239,0.6,1.74,1.9
2005-09-11,17.4,16.3,19.2,6330,12.2,1.79,1.9
2005-09-12,16.2,12.6,20.5,7829,0.1,1.43,2.2
2005-09-13,13.9,9.4,20.0,16202,0.0,1.2,1.4
2005-09-14,14.3,7.9,20.1,10240,0.3,1.09,2.8
2005-09-15,14.7,11.3,19.3,9409,21.2,1.32,2.8
2005-09-16,10.1,3.7,13.0,6033,6.8,0.79,2.8
2005-09-17,8.2,2.0,16.1,15383,0.7,0.74,1.8
2005-09-18,9.3,0.5,17.2,14927,0.0,0.69,2.0
2005-09-19,12.9,9.5,17.1,6490,0.0,1.18,1.7
2005-09-20,14.1,9.6,20.4,14621,0.0,1.2,1.1
2005-09-21,13.5,6.2,19.0,13388,0.0,0.98,1.4
2005-09-22,14.5,8.2,20.9,16163,0.0,1.12,1.5
2005-09-23,14.7,7.4,22.1,16186,0.0,1.09,1.6
2005-09-24,15.5,9.9,23.6,15152,0.0,1.26,1.2
2005-09-25,16.0,7.3,23.7,13848,0.2,1.09,1.4
2005-09-26,13.8,10.3,18.2,6924,6.1,1.24,1.6
2005-09-27,13.7,8.5,18.6,6922,4.8,1.11,2.1
2005-09-28,13.0,8.3,18.1,8950,1.0,1.09,2.3
2005-09-29,10.0,8.2,13.6,5635,6.3,1.06,2.8
2005-09-30,11.6,8.6,16.0,8630,0.0,1.1,2.3
2005-10-01,11.1,10.1,12.5,5109,11.8,1.2,2.4
2005-10-02,9.9,5.1,14.9,6805,0.0,0.87,1.5
2005-10-03,8.2,4.0,15.4,6972,0.0,0.83,1.7
2005-10-04,11.9,6.8,17.2,5741,0.0,0.99,2.6
2005-10-05,13.5,9.0,20.0,13237,0.0,1.17,2.3
2005-10-06,14.4,8.4,21.4,12901,0.0,1.13,1.9
2005-10-07,15.0,11.3,20.2,12570,0.0,1.33,2.1
2005-10-08,14.0,10.5,19.4,12075,0.0,1.27,1.7
2005-10-09,13.2,8.5,20.0,9110,0.0,1.12,1.5
2005-10-10,13.2,8.5,18.9,10945,0.0,1.12,1.7
2005-10-11,13.7,9.2,19.4,12092,0.0,1.16,2.2
2005-10-12,12.6,8.7,17.9,11852,0.0,1.13,2.1
2005-10-13,10.7,6.6,17.7,11694,0.0,0.99,1.4
2005-10-14,9.0,2.9,18.5,10833,0.0,0.81,1.0
2005-10-15,8.6,1.7,16.0,9139,0.0,0.73,1.6
2005-10-16,6.4,-1.4,14.1,10690,0.0,0.59,2.0
2005-10-17,8.7,1.8,14.1,5257,0.0,0.71,2.5
2005-10-18,7.3,2.5,13.2,7633,0.0,0.74,2.5
2005-10-19,7.1,0.7,13.2,9805,0.0,0.66,2.4
2005-10-20,9.0,3.0,15.4,4639,0.0,0.78,2.2
2005-10-21,10.6,5.9,14.6,3480,1.0,0.92,2.3
2005-10-22,13.0,8.6,16.5,5762,2.1,1.11,3.3
2005-10-23,9.7,5.8,13.2,3563,2.0,0.9,2.5
2005-10-24,8.2,5.1,12.6,3151,12.5,0.86,2.2
2005-10-25,13.5,12.3,15.4,3091,1.1,1.38,4.1
2005-10-26,13.0,8.5,15.3,4317,0.0,1.08,3.4
2005-10-27,12.6,7.6,19.3,8187,0.0,1.07,1.7
2005-10-28,13.1,9.7,17.3,8526,0.0,1.19,2.3
2005-10-29,11.0,7.4,16.0,8074,0.0,1.03,2.1
2005-10-30,11.3,6.9,17.3,8146,0.0,0.99,2.0
2005-10-31,9.3,6.1,14.1,8025,0.0,0.93,2.4
2005-11-01,9.1,6.5,11.5,2696,5.6,0.94,2.1
2005-11-02,9.6,4.8,13.9,5742,2.4,0.86,2.2
2005-11-03,13.6,10.4,18.5,5529,0.9,1.25,2.7
2005-11-04,12.2,10.5,13.2,2543,3.0,1.23,2.1
2005-11-05,9.8,6.8,12.3,4939,0.0,0.97,2.6
2005-11-06,7.3,3.4,13.1,7097,0.0,0.78,2.3
2005-11-07,6.7,3.4,9.1,2631,3.3,0.76,2.2
2005-11-08,8.7,6.3,12.5,6945,0.0,0.94,2.2
2005-11-09,6.6,3.6,9.8,4008,0.0,0.77,1.9
2005-11-10,8.2,3.2,11.8,5398,0.1,0.76,2.2
2005-11-11,10.8,9.2,11.8,2220,0.9,1.12,2.8
2005-11-12,9.1,2.9,11.0,2725,0.0,0.74,2.4
2005-11-13,5.0,1.6,8.1,2300,0.1,0.67,1.5
2005-11-14,4.2,1.9,5.4,2099,0.2,0.68,2.2
2005-11-15,5.4,2.2,7.0,2060,11.4,0.7,3.3
2005-11-16,2.6,0.1,5.1,2075,2.5,0.6,2.6
2005-11-17,0.8,-1.0,3.5,1987,0.1,0.55,2.4
2005-11-18,-0.5,-1.7,0.3,1952,1.5,0.52,1.7
2005-11-19,0.7,-0.6,4.1,5181,0.1,0.57,1.7
2005-11-20,4.1,1.7,7.6,2232,0.5,0.68,2.4
2005-11-21,1.4,-2.6,5.9,5387,0.0,0.5,2.0
2005-11-22,-1.0,-4.4,5.0,5464,0.0,0.44,1.8
2005-11-23,-1.0,-5.8,4.0,3522,0.0,0.4,1.9
2005-11-24,1.4,-0.8,3.2,1764,1.3,0.56,2.7
2005-11-25,0.1,-1.5,1.3,1737,2.3,0.52,4.2
2005-11-26,-0.5,-2.7,2.6,2455,0.0,0.49,3.1
2005-11-27,-2.2,-4.9,1.0,5051,0.0,0.42,1.9
2005-11-28,-1.0,-2.6,0.3,1798,0.0,0.49,2.1
2005-11-29,0.1,-3.7,2.4,1638,0.1,0.45,1.8
2005-11-30,2.8,-0.3,4.5,1616,0.1,0.58,2.2
2005-12-01,0.0,-1.9,3.1,3729,0.0,0.52,2.2
2005-12-02,-1.0,-2.1,0.0,2545,0.0,0.5,3.0
2005-12-03,-0.6,-1.2,0.2,1556,0.1,0.54,2.8
2005-12-04,2.0,-0.9,3.9,1539,6.5,0.55,2.8
2005-12-05,5.0,3.7,7.4,1824,2.5,0.77,2.4
2005-12-06,3.6,1.7,7.0,2834,0.2,0.67,1.5
2005-12-07,2.4,-0.2,3.8,1662,0.0,0.58,2.0
2005-12-08,2.5,1.1,3.4,1479,0.1,0.63,1.8
2005-12-09,1.1,-2.8,4.9,2812,0.0,0.49,1.6
2005-12-10,-0.7,-2.8,0.5,1455,0.0,0.48,1.8
2005-12-11,2.8,0.2,4.2,1445,0.4,0.6,2.5
2005-12-12,3.6,-1.8,8.1,1767,0.0,0.54,2.2
2005-12-13,3.2,-1.3,7.1,2832,0.8,0.56,2.2
2005-12-14,5.4,4.2,6.9,1420,1.0,0.79,2.2
2005-12-15,6.3,4.3,8.1,2194,9.1,0.8,4.7
2005-12-16,2.9,-1.4,7.5,2105,3.1,0.55,5.7
2005-12-17,-1.0,-5.0,0.3,1405,1.4,0.41,3.6
2005-12-18,-0.5,-5.0,1.9,1484,0.8,0.42,3.3
2005-12-19,1.3,0.4,3.4,1400,2.8,0.61,3.2
2005-12-20,4.0,-1.6,6.5,1399,4.0,0.54,3.3
2005-12-21,0.1,-4.0,4.4,1399,2.2,0.45,2.1
2005-12-22,4.9,2.2,6.8,1849,0.1,0.69,2.9
2005-12-23,5.6,2.5,7.1,1403,3.1,0.7,2.5
2005-12-24,6.8,3.9,8.5,1447,0.5,0.79,3.2
2005-12-25,0.3,-2.5,3.7,3994,0.0,0.5,1.9
2005-12-26,-2.1,-3.7,-0.2,1416,1.7,0.45,2.1
2005-12-27,-1.5,-3.8,-0.2,2618,0.0,0.45,2.9
2005-12-28,-2.9,-4.5,-1.7,1719,1.9,0.42,2.8
2005-12-29,-1.8,-3.6,-0.6,1438,8.8,0.45,3.1
2005-12-30,-3.2,-7.2,-0.9,4076,0.2,0.35,2.8
2005-12-31,-2.2,-6.5,2.9,1500,2.1,0.38,3.1
2006-01-01,2.2,0.4,3.6,1470,0.0,0.6,2.0
2006-01-02,1.2,0.0,2.5,1482,0.0,0.59,1.3
2006-01-03,0.3,-0.8,1.0,1496,0.0,0.55,1.3
2006-01-04,-0.5,-1.7,0.3,1511,0.0,0.52,2.1
2006-01-05,0.7,-0.5,1.5,1527,0.0,0.57,3.4
2006-01-06,-1.0,-2.0,-0.2,1544,0.0,0.51,3.0
2006-01-07,-1.0,-2.1,-0.2,1562,0.0,0.5,2.6
2006-01-08,-4.1,-6.6,-2.1,1758,0.0,0.36,2.4
2006-01-09,-5.3,-7.3,-1.3,4636,0.0,0.35,1.6
2006-01-10,-4.2,-8.6,0.3,4144,0.0,0.32,2.0
2006-01-11,0.9,-3.4,4.7,3553,1.1,0.47,2.7
2006-01-12,2.3,-2.2,3.4,1668,0.0,0.51,1.6
2006-01-13,-0.3,-2.0,0.6,1693,0.0,0.51,2.3
2006-01-14,-2.1,-4.1,0.6,4900,0.0,0.44,1.8
2006-01-15,-4.1,-6.5,-1.9,5101,0.0,0.36,2.0
2006-01-16,-4.8,-7.7,-0.8,5165,0.0,0.34,2.0
2006-01-17,-3.1,-6.7,-0.2,2333,5.1,0.36,3.0
2006-01-18,-0.9,-2.4,-0.1,1832,0.3,0.49,3.0
2006-01-19,-2.0,-2.7,-1.1,1913,4.6,0.48,1.8
2006-01-20,0.5,-2.2,4.4,1896,6.3,0.51,2.9
2006-01-21,1.2,-5.7,3.8,1929,0.4,0.4,3.5
2006-01-22,-8.5,-12.5,-5.7,5797,0.0,0.23,2.4
2006-01-23,-12.6,-15.4,-9.1,5879,0.0,0.18,2.5
2006-01-24,-10.6,-14.7,-6.9,4759,0.0,0.19,2.1
2006-01-25,-4.3,-8.1,-1.1,2551,0.1,0.33,2.3
2006-01-26,-4.9,-9.5,-1.1,5332,0.0,0.3,2.6
2006-01-27,-8.7,-14.2,-2.5,6173,0.0,0.21,1.8
2006-01-28,-10.3,-16.2,-0.5,6430,0.0,0.19,1.7
2006-01-29,-6.9,-13.9,-1.2,2237,0.0,0.22,1.5
2006-01-30,-0.1,-3.3,1.9,2280,0.0,0.47,1.8
2006-01-31,0.9,-0.2,2.8,3753,0.0,0.58,2.0
2006-02-01,-0.6,-1.2,-0.2,2371,0.0,0.53,1.5
2006-02-02,-0.1,-0.5,0.4,2417,0.0,0.57,1.5
2006-02-03,0.6,-0.2,2.1,2465,0.0,0.58,1.4
2006-02-04,-1.4,-8.3,0.6,3717,1.0,0.33,1.7
2006-02-05,-5.9,-10.2,-0.3,4087,0.0,0.29,1.1
2006-02-06,-4.1,-10.2,1.5,2615,8.7,0.29,2.0
2006-02-07,4.1,1.9,5.4,2667,8.4,0.68,4.1
2006-02-08,3.5,2.5,4.6,2847,5.5,0.7,4.5
2006-02-09,1.3,0.2,2.7,2775,5.0,0.6,4.9
2006-02-10,1.0,-1.4,2.8,3804,0.0,0.53,3.5
2006-02-11,-0.3,-1.4,0.4,2886,0.1,0.53,1.2
2006-02-12,-0.8,-4.1,2.9,5608,0.0,0.45,1.4
2006-02-13,0.0,-4.6,4.5,4081,0.0,0.43,1.5
2006-02-14,-2.0,-6.1,1.9,9006,0.1,0.39,1.8
2006-02-15,1.6,-0.2,3.3,3121,4.6,0.58,3.3
2006-02-16,3.0,0.6,4.5,3532,1.9,0.61,2.4
2006-02-17,3.3,0.3,7.2,3882,1.5,0.61,2.9
2006-02-18,4.3,2.6,8.2,4743,2.7,0.72,2.6
2006-02-19,3.1,0.3,4.6,3371,0.0,0.6,2.0
2006-02-20,1.9,1.0,3.0,3435,0.0,0.63,2.2
2006-02-21,1.7,0.9,3.4,3501,0.0,0.63,2.8
2006-02-22,0.4,-2.0,1.3,3567,0.0,0.51,2.8
2006-02-23,-1.5,-4.4,2.3,4779,0.0,0.43,1.7
2006-02-24,-0.3,-3.4,4.2,11113,0.0,0.47,3.8
2006-02-25,-1.7,-2.5,-1.2,3772,0.0,0.49,3.3
2006-02-26,-1.0,-7.5,3.6,8423,0.0,0.36,2.2
2006-02-27,-3.6,-9.2,2.7,9745,0.0,0.31,1.6
2006-02-28,-1.0,-4.9,1.7,3983,6.4,0.42,3.0
2006-03-01,0.1,-1.1,1.9,4627,1.1,0.54,3.4
2006-03-02,-0.3,-1.5,2.0,4623,0.1,0.53,3.4
2006-03-03,-1.0,-5.2,2.7,6706,0.0,0.41,2.5
2006-03-04,-0.9,-6.1,3.5,9932,0.0,0.39,2.1
2006-03-05,-0.8,-8.3,3.9,6653,3.6,0.34,2.5
2006-03-06,-3.4,-12.7,3.1,5803,2.0,0.25,2.7
2006-03-07,-0.3,-3.6,2.3,6242,0.1,0.46,2.1
2006-03-08,-0.3,-3.9,3.3,11620,0.0,0.45,2.7
2006-03-09,-0.4,-1.3,0.6,4651,0.3,0.53,3.1
2006-03-10,-1.1,-2.0,-0.6,4728,9.3,0.51,3.2
2006-03-11,-3.0,-5.0,-0.8,5259,0.5,0.41,3.4
2006-03-12,-4.7,-11.8,0.1,9557,0.0,0.26,2.7
2006-03-13,-7.4,-16.1,0.5,13288,0.0,0.19,2.0
2006-03-14,-6.0,-13.5,0.5,11858,0.0,0.23,1.9
2006-03-15,-2.3,-10.3,1.4,6816,0.0,0.29,2.5
2006-03-16,0.9,-0.1,2.9,5389,0.0,0.58,2.8
2006-03-17,0.7,-0.3,3.3,5950,0.1,0.58,2.6
2006-03-18,-0.9,-1.8,-0.3,5358,0.0,0.52,2.3
2006-03-19,0.0,-3.0,2.2,5438,0.1,0.48,2.1
2006-03-20,2.1,-1.7,6.5,6110,0.0,0.54,1.9
2006-03-21,-0.5,-4.8,5.0,11859,0.0,0.43,1.6
2006-03-22,-1.2,-5.6,4.8,12993,0.1,0.41,1.9
2006-03-23,-0.7,-6.9,5.9,17780,0.0,0.38,1.9
2006-03-24,3.0,-2.1,8.1,16430,2.0,0.53,2.9
2006-03-25,1.9,1.0,3.0,5922,4.0,0.63,2.9
2006-03-26,7.4,2.2,15.4,6416,13.8,0.74,2.9
2006-03-27,12.2,6.3,19.3,10460,5.3,0.99,3.0
2006-03-28,9.8,3.6,14.5,10363,0.5,0.81,3.4
2006-03-29,7.2,1.5,10.0,7196,4.3,0.68,3.5
2006-03-30,7.2,1.5,11.3,6751,4.8,0.69,3.5
2006-03-31,10.5,6.1,12.7,6728,4.0,0.93,4.5
2006-04-01,10.1,5.1,14.9,7782,2.1,0.87,2.9
2006-04-02,8.4,3.9,14.3,10262,1.4,0.82,3.0
2006-04-03,6.5,0.0,11.8,7631,1.9,0.63,3.5
2006-04-04,3.9,0.1,8.9,13994,1.7,0.61,2.7
2006-04-05,2.7,0.0,7.5,14562,2.0,0.6,2.8
2006-04-06,4.2,-1.0,9.1,8223,0.1,0.57,2.4
2006-04-07,7.8,4.7,12.3,13357,1.2,0.85,2.3
2006-04-08,7.8,2.9,14.3,14263,1.6,0.76,3.2
2006-04-09,5.9,1.8,10.7,13248,0.0,0.69,3.2
2006-04-10,4.7,-0.3,10.9,12561,0.0,0.61,2.6
2006-04-11,4.4,-0.3,8.7,11176,0.0,0.59,2.3
2006-04-12,4.8,3.0,6.9,7468,1.6,0.74,2.6
2006-04-13,6.1,3.4,9.6,7545,8.0,0.76,3.7
2006-04-14,6.7,3.8,11.7,12982,1.2,0.79,3.9
2006-04-15,8.6,4.5,12.5,14489,1.7,0.84,2.1
2006-04-16,9.6,7.0,13.6,7655,1.6,0.99,3.3
2006-04-17,8.8,4.0,14.4,12340,0.9,0.82,2.5
2006-04-18,8.5,3.2,12.8,14335,1.5,0.78,2.3
2006-04-19,8.8,1.1,15.4,15749,0.1,0.7,1.7
2006-04-20,11.0,7.3,16.2,13459,0.0,1.02,1.5
2006-04-21,12.4,8.2,18.3,11870,3.8,1.08,1.5
2006-04-22,9.2,7.9,11.1,8213,8.4,1.03,2.0
2006-04-23,9.1,7.0,12.9,10102,1.4,0.98,1.5
2006-04-24,9.1,5.1,12.9,9692,0.0,0.86,1.3
2006-04-25,13.3,4.4,21.0,22962,0.1,0.9,1.5
2006-04-26,15.1,11.8,19.8,11802,7.7,1.37,1.6
2006-04-27,11.7,5.6,15.9,9913,0.0,0.91,2.1
2006-04-28,9.1,4.2,14.3,16898,17.7,0.83,2.4
2006-04-29,5.4,3.9,7.9,8568,10.3,0.78,2.2
2006-04-30,5.9,2.0,11.6,12858,1.2,0.7,2.0
2006-05-01,9.1,-0.2,15.2,22032,0.2,0.64,2.2
2006-05-02,12.0,7.5,17.9,17885,0.0,1.05,1.8
2006-05-03,16.0,6.3,23.1,25620,0.0,1.02,2.1
2006-05-04,17.9,11.5,23.6,25853,0.0,1.39,3.0
2006-05-05,17.2,11.2,23.2,25580,0.0,1.36,2.9
2006-05-06,16.6,10.3,22.9,24418,0.0,1.29,2.7
2006-05-07,17.2,10.4,24.2,24767,0.0,1.31,2.9
2006-05-08,16.3,9.3,23.5,25750,0.0,1.22,2.8
2006-05-09,15.7,6.8,23.7,27117,0.0,1.06,2.8
2006-05-10,15.5,5.9,23.9,27211,0.0,1.01,1.9
2006-05-11,15.7,5.0,24.9,24747,0.0,0.99,1.4
2006-05-12,16.8,6.4,25.7,24446,0.1,1.07,1.5
2006-05-13,13.5,8.9,20.1,12980,0.9,1.15,2.0
2006-05-14,10.9,2.7,16.2,21907,0.0,0.78,2.3
2006-05-15,10.5,1.1,16.6,21463,1.2,0.7,1.7
2006-05-16,16.0,10.8,22.5,19855,0.2,1.31,2.7
2006-05-17,13.0,9.4,18.5,13847,0.0,1.17,1.8
2006-05-18,13.6,10.4,20.0,13123,9.8,1.26,2.8
2006-05-19,12.2,8.9,15.5,12136,3.4,1.12,4.1
2006-05-20,12.2,9.5,18.1,14908,5.7,1.18,4.0
2006-05-21,12.1,9.4,16.3,12359,0.6,1.15,3.5
2006-05-22,14.8,11.0,20.0,15395,1.7,1.3,3.2
2006-05-23,11.6,6.3,15.2,14009,2.2,0.95,4.0
2006-05-24,10.4,4.4,15.9,19790,0.5,0.85,3.2
2006-05-25,9.1,5.9,12.9,10178,2.7,0.91,3.1
2006-05-26,10.3,4.9,14.6,17663,1.1,0.87,2.8
2006-05-27,12.2,9.4,17.4,11034,9.0,1.17,2.8
2006-05-28,11.6,8.1,15.2,14865,2.1,1.07,4.4
2006-05-29,10.8,5.0,15.9,16211,1.5,0.88,2.6
2006-05-30,8.7,4.9,13.8,12445,3.1,0.87,3.1
2006-05-31,11.8,7.8,17.9,16937,0.3,1.06,3.1
2006-06-01,9.2,5.8,13.5,14606,0.4,0.91,2.9
2006-06-02,11.9,3.1,19.2,20680,0.8,0.82,1.7
2006-06-03,10.8,6.4,15.4,10194,2.0,0.96,2.2
2006-06-04,10.6,5.7,15.8,13770,0.0,0.92,3.2
2006-06-05,10.9,5.8,15.9,13794,0.0,0.93,2.1
2006-06-06,12.3,6.7,18.9,17240,1.5,1.01,1.7
2006-06-07,13.3,4.0,20.0,23716,0.0,0.87,1.3
2006-06-08,15.1,7.3,22.5,25452,0.0,1.09,1.4
2006-06-09,17.1,7.7,24.9,28637,0.0,1.13,1.4
2006-06-10,18.4,8.9,25.5,31558,0.0,1.23,1.7
2006-06-11,20.0,13.0,26.8,32105,0.0,1.56,2.2
2006-06-12,21.6,12.1,29.1,32650,0.0,1.52,1.9
2006-06-13,23.2,14.5,31.3,31610,0.0,1.77,1.4
2006-06-14,22.3,13.6,32.0,27269,0.0,1.7,1.7
2006-06-15,19.4,13.7,24.7,18306,9.8,1.59,1.6
2006-06-16,17.1,14.2,20.0,13563,5.4,1.58,1.9
2006-06-17,15.0,12.8,19.0,12645,0.1,1.45,1.8
2006-06-18,18.3,11.8,24.2,27693,0.0,1.41,1.5
2006-06-19,21.1,15.5,29.2,24000,1.3,1.83,2.0
2006-06-20,19.9,14.9,26.3,18062,5.2,1.71,1.7
2006-06-21,19.7,17.6,23.1,15950,0.0,1.96,2.5
2006-06-22,17.8,11.0,21.5,25183,0.0,1.32,2.8
2006-06-23,15.3,8.6,21.3,20165,0.0,1.15,1.6
2006-06-24,18.9,11.8,24.5,28862,0.0,1.43,1.4
2006-06-25,24.0,15.5,30.8,27534,2.0,1.86,1.8
2006-06-26,21.2,16.6,26.0,14471,0.7,1.89,2.5
2006-06-27,17.5,12.4,22.3,14329,0.0,1.45,2.0
2006-06-28,15.2,10.7,19.4,14318,0.0,1.27,1.7
2006-06-29,16.3,10.5,21.3,18519,0.0,1.27,1.7
2006-06-30,15.6,8.9,22.1,16132,0.0,1.18,1.7
2006-07-01,19.8,9.8,27.6,25721,0.0,1.32,2.0
2006-07-02,22.7,15.5,28.3,29907,0.0,1.79,2.6
2006-07-03,23.2,15.5,29.3,30011,0.0,1.81,2.4
2006-07-04,23.3,14.2,29.6,30113,0.0,1.7,1.9
2006-07-05,24.8,16.2,32.2,29556,0.0,1.93,2.0
2006-07-06,24.1,16.4,30.8,27948,2.0,1.92,1.7
2006-07-07,23.0,18.8,29.7,20568,2.2,2.19,1.7
2006-07-08,20.3,15.8,26.0,19881,2.3,1.8,1.5
2006-07-09,21.9,15.0,29.8,23908,0.0,1.77,1.8
2006-07-10,21.3,15.1,26.2,25571,0.0,1.74,1.9
2006-07-11,21.9,12.8,30.8,23568,0.1,1.6,1.7
2006-07-12,20.6,14.0,27.5,26923,0.0,1.66,1.6
2006-07-13,22.8,14.8,31.4,24527,0.0,1.79,1.6
2006-07-14,18.2,10.9,23.9,25132,0.0,1.35,2.8
2006-07-15,18.2,8.0,26.1,28861,0.0,1.18,2.3
2006-07-16,20.1,9.5,27.5,30236,0.0,1.29,2.2
2006-07-17,21.0,10.6,29.5,30047,0.0,1.4,1.5
2006-07-18,22.7,12.4,31.6,29985,0.0,1.58,1.6
2006-07-19,24.7,13.2,34.1,29013,0.0,1.72,1.3
2006-07-20,27.6,17.8,36.5,25322,0.1,2.2,1.7
2006-07-21,24.6,16.7,31.6,27199,0.0,2.0,2.0
2006-07-22,24.1,13.7,32.9,27390,0.0,1.71,1.6
2006-07-23,23.1,17.5,32.6,14555,0.4,2.08,1.7
2006-07-24,22.9,15.0,30.2,25058,0.0,1.8,1.7
2006-07-25,23.6,15.2,31.8,27172,0.0,1.83,1.6
2006-07-26,24.8,14.3,33.2,28762,0.0,1.78,1.4
2006-07-27,26.1,19.2,34.1,20355,0.0,2.31,1.6
2006-07-28,23.2,19.6,29.5,11976,1.6,2.27,1.5
2006-07-29,21.3,17.1,27.7,15748,3.7,1.95,1.6
2006-07-30,23.4,16.7,30.4,21031,0.1,1.97,1.5
2006-07-31,20.6,13.1,25.1,18667,0.0,1.53,2.0
2006-08-01,19.2,12.2,26.5,19607,3.6,1.49,2.5
2006-08-02,16.6,12.6,21.6,19528,0.7,1.45,3.2
2006-08-03,16.5,11.4,22.4,16419,0.0,1.36,1.6
2006-08-04,18.0,10.0,26.1,20373,0.0,1.31,1.6
2006-08-05,18.2,11.3,25.9,10993,1.9,1.4,2.3
2006-08-06,19.0,14.7,22.6,11806,4.2,1.66,3.0
2006-08-07,21.0,13.0,27.9,26979,0.0,1.58,3.0
2006-08-08,19.9,16.4,24.6,20639,0.0,1.83,2.8
2006-08-09,18.1,14.2,23.3,13959,0.1,1.61,1.9
2006-08-10,17.0,11.2,22.9,14377,0.0,1.36,1.8
2006-08-11,15.7,10.5,20.9,12196,0.6,1.27,1.6
2006-08-12,15.1,10.1,21.3,16798,0.0,1.24,1.3
2006-08-13,14.0,9.4,21.0,9222,9.4,1.19,1.5
2006-08-14,15.7,12.3,18.8,12455,5.6,1.4,2.9
2006-08-15,16.7,13.7,19.9,12130,0.5,1.54,3.4
2006-08-16,17.5,12.9,25.3,16541,1.2,1.53,1.5
2006-08-17,19.4,14.2,25.1,17531,0.0,1.63,1.4
2006-08-18,19.4,15.6,24.6,10197,0.4,1.75,2.2
2006-08-19,19.5,13.5,28.3,19960,8.6,1.62,1.7
2006-08-20,18.4,15.2,23.4,15419,0.2,1.7,2.6
2006-08-21,16.0,13.8,18.8,8651,11.2,1.54,2.9
2006-08-22,15.3,12.1,19.2,9169,3.0,1.38,2.7
2006-08-23,16.0,11.8,18.8,8029,0.4,1.35,1.9
2006-08-24,17.1,10.2,22.7,13828,0.0,1.28,1.7
2006-08-25,16.4,14.8,19.8,10452,2.1,1.64,1.7
2006-08-26,15.8,13.4,19.7,9550,2.0,1.49,1.5
2006-08-27,15.1,12.7,20.7,9234,5.0,1.45,2.6
2006-08-28,14.5,11.9,19.8,15373,6.7,1.37,2.8
2006-08-29,12.4,11.7,13.7,7346,7.6,1.32,3.1
2006-08-30,14.6,10.9,19.4,13885,2.9,1.3,3.4
2006-08-31,16.8,14.0,20.8,14567,2.0,1.56,2.9
2006-09-01,17.5,15.0,21.9,9373,0.9,1.67,2.3
2006-09-02,20.2,15.0,27.2,15340,0.3,1.73,2.1
2006-09-03,18.6,17.1,20.7,8523,7.2,1.89,4.2
2006-09-04,17.4,13.4,20.1,11540,0.1,1.5,4.6
2006-09-05,16.3,12.4,21.8,16724,0.2,1.44,2.7
2006-09-06,19.0,15.2,24.3,10232,0.0,1.72,1.8
2006-09-07,16.3,11.5,24.9,10784,4.6,1.4,2.6
2006-09-08,14.4,8.5,20.3,14787,0.0,1.13,3.2
2006-09-09,14.0,7.9,16.8,6489,0.0,1.06,1.9
2006-09-10,16.1,8.7,22.1,19215,0.0,1.17,1.7
2006-09-11,18.0,11.4,24.6,19048,0.0,1.4,1.7
2006-09-12,18.3,12.1,25.4,18564,0.0,1.47,1.7
2006-09-13,18.7,11.5,26.7,18605,0.0,1.43,1.7
2006-09-14,18.6,11.5,26.0,18435,0.0,1.42,2.0
2006-09-15,20.3,13.4,26.1,17852,0.0,1.57,3.0
2006-09-16,21.2,17.0,26.0,13085,0.0,1.93,2.6
2006-09-17,20.0,15.4,24.7,13051,0.0,1.75,1.8
2006-09-18,18.6,12.3,26.1,14625,0.0,1.49,1.7
2006-09-19,16.7,12.9,21.6,7289,0.1,1.48,2.4
2006-09-20,14.3,8.9,20.9,16107,0.0,1.16,1.8
2006-09-21,16.2,7.8,24.2,16530,0.0,1.14,2.1
2006-09-22,19.3,12.7,26.8,16553,0.0,1.52,2.3
2006-09-23,18.5,13.3,24.4,16282,0.0,1.54,2.2
2006-09-24,17.8,12.3,25.2,16205,0.0,1.46,1.9
2006-09-25,19.2,15.2,24.5,15271,0.0,1.73,1.9
2006-09-26,18.2,14.7,23.0,8240,6.0,1.66,1.7
2006-09-27,15.9,12.0,20.5,9065,1.1,1.39,1.4
2006-09-28,15.5,11.0,21.5,8950,0.0,1.32,1.4
2006-09-29,16.1,10.1,23.8,11487,0.0,1.28,1.5
2006-09-30,16.5,11.0,23.6,9627,2.5,1.35,1.6
2006-10-01,16.1,9.6,23.1,9683,0.8,1.25,2.0
2006-10-02,16.0,12.3,19.6,9203,1.1,1.41,3.3
2006-10-03,14.5,11.8,18.1,6884,0.1,1.35,2.2
2006-10-04,12.5,9.9,16.5,4958,3.2,1.19,2.6
2006-10-05,11.6,8.5,16.7,8239,8.1,1.1,2.4
2006-10-06,14.2,10.8,18.1,4799,1.8,1.28,3.6
2006-10-07,13.8,10.8,17.2,6831,0.2,1.27,3.7
2006-10-08,12.9,9.2,15.9,4894,0.0,1.14,2.4
2006-10-09,11.9,7.2,18.9,12001,0.0,1.04,1.5
2006-10-10,12.3,6.7,20.2,8657,0.0,1.02,1.0
2006-10-11,12.7,8.3,17.6,9344,0.0,1.09,1.7
2006-10-12,11.2,9.1,12.3,3939,0.0,1.11,1.2
2006-10-13,13.3,10.5,15.7,3869,0.0,1.24,1.6
2006-10-14,11.9,9.9,13.3,3800,0.0,1.18,2.2
2006-10-15,9.4,7.6,11.6,3809,0.0,1.01,2.0
2006-10-16,10.5,6.7,15.0,8169,0.0,0.97,1.9
2006-10-17,8.8,4.2,15.5,10767,0.0,0.84,1.9
2006-10-18,8.6,1.9,15.8,7484,0.0,0.74,1.8
2006-10-19,11.5,6.9,18.0,6635,0.0,1.01,1.9
2006-10-20,11.4,8.6,16.4,5076,0.3,1.1,2.0
2006-10-21,13.6,9.7,18.3,4560,0.0,1.19,2.3
2006-10-22,13.6,10.4,18.3,6544,0.0,1.24,2.6
2006-10-23,16.3,13.4,19.7,3563,4.8,1.49,2.9
2006-10-24,14.8,11.3,18.3,5232,4.5,1.31,4.1
2006-10-25,11.6,8.2,16.1,8504,0.0,1.08,2.2
2006-10-26,15.0,10.5,20.6,5468,0.0,1.28,2.9
2006-10-27,14.2,10.2,19.0,3909,0.5,1.24,3.4
2006-10-28,10.6,8.5,12.7,2916,6.2,1.07,2.4
2006-10-29,11.8,8.4,15.2,4033,5.3,1.08,3.7
2006-10-30,9.2,7.2,11.0,2804,0.1,0.98,1.8
2006-10-31,11.7,7.9,13.3,2750,4.7,1.04,3.9
2006-11-01,4.1,-0.3,8.0,2696,7.0,0.59,5.3
2006-11-02,0.0,-3.0,5.4,6919,0.0,0.49,2.6
2006-11-03,0.9,-2.9,6.7,4734,0.2,0.49,1.8
2006-11-04,6.5,1.1,9.6,2724,0.9,0.66,2.9
2006-11-05,10.3,9.1,11.1,2493,3.6,1.11,4.2
2006-11-06,11.7,9.3,13.1,2445,0.0,1.14,3.4
2006-11-07,8.3,3.9,10.6,2689,0.0,0.79,2.2
2006-11-08,5.8,2.2,10.7,3615,0.6,0.71,3.1
2006-11-09,8.5,5.4,11.0,4065,1.1,0.87,4.4
2006-11-10,6.2,2.1,10.0,5510,0.0,0.7,2.2
2006-11-11,6.1,4.6,8.1,2220,8.4,0.82,4.0
2006-11-12,6.0,5.2,7.4,3599,2.2,0.85,4.9
2006-11-13,7.2,3.8,10.4,2138,9.7,0.78,4.3
2006-11-14,9.9,8.0,11.7,2205,2.1,1.04,3.4
2006-11-15,11.9,9.0,14.8,3587,0.0,1.12,2.6
2006-11-16,10.9,6.6,16.1,5248,0.0,0.97,2.6
2006-11-17,11.7,8.2,14.0,1987,0.0,1.06,2.2
2006-11-18,9.8,4.0,14.1,2866,0.1,0.82,2.2
2006-11-19,5.6,1.8,9.2,1968,6.9,0.69,2.1
2006-11-20,5.4,2.6,7.3,3424,3.2,0.71,3.3
2006-11-21,6.5,3.8,9.8,2000,0.4,0.79,2.9
2006-11-22,4.4,0.8,6.9,3473,0.2,0.63,2.6
2006-11-23,6.3,3.1,9.0,1793,6.8,0.75,3.5
2006-11-24,9.6,7.9,11.9,3998,0.6,1.03,2.7
2006-11-25,11.6,9.8,15.5,1737,0.0,1.17,3.2
2006-11-26,11.2,4.9,14.9,1757,0.0,0.87,1.9
2006-11-27,6.1,1.8,9.9,3207,0.0,0.69,1.8
2006-11-28,6.8,4.1,10.5,4447,0.0,0.8,2.0
2006-11-29,6.7,3.1,10.6,1638,0.2,0.76,1.8
2006-11-30,4.8,2.1,8.7,3813,0.0,0.7,2.0
2006-12-01,5.3,2.0,10.1,3196,0.0,0.7,2.5
2006-12-02,5.9,3.5,9.9,4045,0.0,0.77,2.9
2006-12-03,9.4,7.6,11.0,3788,1.8,1.01,3.5
2006-12-04,7.6,4.9,10.0,2016,3.1,0.84,4.1
2006-12-05,12.3,7.1,14.4,1608,2.9,0.99,4.4
2006-12-06,10.4,8.0,11.2,1592,0.0,1.03,3.7
2006-12-07,7.8,5.3,9.7,2215,0.7,0.86,4.3
2006-12-08,9.3,6.5,13.3,1605,3.0,0.95,4.0
2006-12-09,7.7,3.3,10.8,2728,0.0,0.77,2.6
2006-12-10,2.8,0.4,7.0,4175,0.0,0.62,2.2
2006-12-11,3.6,0.7,6.2,1445,8.5,0.63,3.9
2006-12-12,6.5,4.6,7.9,3509,0.6,0.82,3.2
2006-12-13,8.5,6.6,11.1,1964,0.0,0.94,3.8
2006-12-14,10.6,10.4,10.9,1420,0.0,1.22,3.9
2006-12-15,6.7,1.3,10.4,1455,0.0,0.67,2.9
2006-12-16,5.4,1.8,8.3,1409,0.6,0.68,3.1
2006-12-17,4.0,1.6,6.1,1568,0.9,0.67,2.5
2006-12-18,2.5,-0.4,5.3,1810,0.0,0.58,1.7
2006-12-19,2.4,0.4,5.4,3073,0.0,0.61,2.2
2006-12-20,5.5,3.2,6.9,1399,0.3,0.74,2.3
2006-12-21,6.4,6.0,6.9,1399,0.0,0.9,1.5
2006-12-22,6.0,5.6,6.5,1400,0.1,0.87,1.9
2006-12-23,5.3,4.9,5.9,1403,0.0,0.83,1.8
2006-12-24,5.3,4.6,6.2,1406,0.0,0.82,1.7
2006-12-25,5.7,4.5,6.4,1410,0.0,0.81,1.3
2006-12-26,2.0,-1.7,4.4,2361,0.0,0.53,1.5
2006-12-27,-0.4,-1.6,0.1,1422,0.0,0.52,1.8
2006-12-28,0.3,0.1,1.0,1429,2.6,0.59,2.4
2006-12-29,2.6,0.7,5.4,1521,0.0,0.62,2.0
2006-12-30,4.9,0.6,8.0,1447,4.0,0.62,3.7
2006-12-31,8.7,6.4,10.6,1626,3.9,0.93,5.2
2007-01-01,7.8,5.4,10.6,2523,2.3,0.87,5.5
2007-01-02,4.7,3.1,5.8,1609,1.6,0.73,3.8
2007-01-03,5.1,3.3,7.0,2264,3.6,0.75,3.7
2007-01-04,7.5,6.3,8.7,1597,4.0,0.92,4.7
2007-01-05,7.2,6.2,8.8,1829,2.6,0.92,4.3
2007-01-06,7.6,5.6,8.7,1544,5.7,0.87,3.1
2007-01-07,5.5,2.5,8.1,1781,0.1,0.72,3.4
2007-01-08,6.6,5.0,9.0,1581,1.6,0.85,3.7
2007-01-09,11.2,6.3,13.7,1601,0.5,0.95,4.6
2007-01-10,11.5,5.9,13.1,1622,3.7,0.91,4.5
2007-01-11,6.1,4.2,8.2,1645,7.6,0.79,6.3
2007-01-12,8.0,4.4,11.9,2127,2.1,0.83,6.1
2007-01-13,10.9,8.9,12.4,2156,0.6,1.1,4.8
2007-01-14,7.8,3.6,11.2,3169,0.0,0.78,4.8
2007-01-15,4.1,2.4,7.6,2832,0.0,0.71,2.6
2007-01-16,4.7,1.4,6.8,1773,2.2,0.66,2.7
2007-01-17,8.4,6.4,10.8,2044,2.1,0.94,4.0
2007-01-18,7.9,5.2,12.2,1832,21.5,0.86,7.1
2007-01-19,6.4,4.9,8.4,2012,10.1,0.84,6.0
2007-01-20,8.4,6.0,12.5,1896,2.2,0.92,5.1
2007-01-21,5.6,4.3,7.0,2131,2.1,0.8,5.4
2007-01-22,1.6,-3.6,5.2,2526,0.2,0.47,3.2
2007-01-23,-4.6,-7.8,-0.3,5000,0.0,0.34,2.8
2007-01-24,-5.2,-9.6,-0.8,4549,0.0,0.3,2.7
2007-01-25,-2.9,-8.1,0.2,4459,0.0,0.33,2.5
2007-01-26,-2.2,-8.4,1.6,2113,2.7,0.33,3.5
2007-01-27,0.8,-0.8,3.2,5087,0.8,0.56,4.1
2007-01-28,4.0,0.4,7.1,2195,5.1,0.61,5.3
2007-01-29,4.7,0.6,7.3,3128,1.0,0.62,3.8
2007-01-30,5.8,3.3,7.1,2337,0.5,0.75,2.9
2007-01-31,6.1,5.4,7.0,2839,1.0,0.86,4.1
2007-02-01,5.7,3.1,8.3,4627,0.5,0.74,2.5
2007-02-02,7.0,5.7,8.0,2417,1.8,0.88,2.6
2007-02-03,6.2,3.5,9.7,3415,0.0,0.77,3.4
2007-02-04,5.0,0.5,8.2,4258,0.0,0.63,2.3
2007-02-05,1.4,-0.4,3.5,2564,0.6,0.57,2.7
2007-02-06,0.6,-2.3,4.1,3047,0.0,0.51,1.9
2007-02-07,-1.0,-3.8,3.9,8042,0.0,0.46,1.6
2007-02-08,-1.5,-4.8,0.4,2720,4.0,0.42,2.5
2007-02-09,-0.7,-2.0,-0.3,2775,2.8,0.51,2.7
2007-02-10,-2.8,-4.0,-1.5,2830,0.5,0.44,2.9
2007-02-11,-2.8,-5.4,0.2,2886,3.8,0.4,3.5
2007-02-12,3.1,0.4,5.1,3943,10.1,0.61,2.9
2007-02-13,5.2,4.0,7.1,3001,0.2,0.78,3.7
2007-02-14,6.2,4.4,8.5,4359,8.3,0.81,2.2
2007-02-15,4.1,2.9,5.1,3121,1.0,0.73,2.6
2007-02-16,3.5,2.4,4.9,3182,0.0,0.7,2.9
2007-02-17,4.3,1.8,8.2,7855,0.0,0.68,3.3
2007-02-18,3.9,-1.0,9.8,8909,0.0,0.58,1.9
2007-02-19,4.1,2.2,6.0,3371,0.0,0.69,1.2
2007-02-20,3.2,-0.5,6.6,3435,0.0,0.58,1.2
2007-02-21,5.6,3.1,8.2,3576,12.9,0.74,2.3
2007-02-22,6.4,3.5,9.0,3643,1.1,0.76,1.9
2007-02-23,0.2,-1.3,3.4,3635,0.1,0.54,2.6
2007-02-24,2.8,-0.9,6.3,6327,0.0,0.56,3.3
2007-02-25,6.2,4.1,9.4,4084,8.6,0.8,3.2
2007-02-26,5.3,3.3,7.2,3841,6.9,0.75,3.5
2007-02-27,4.0,2.0,7.1,6628,6.6,0.69,3.8
2007-02-28,7.1,2.4,10.8,4225,8.1,0.72,4.5
2007-03-01,7.2,5.5,9.7,5607,6.6,0.87,4.6
2007-03-02,5.9,4.4,8.4,5036,3.6,0.8,3.8
2007-03-03,3.5,0.5,5.9,4200,0.0,0.62,3.4
2007-03-04,5.0,1.1,9.6,9510,0.0,0.66,2.0
2007-03-05,5.5,2.9,9.9,5202,2.1,0.74,3.3
2007-03-06,7.6,2.9,12.6,5113,2.2,0.75,3.1
2007-03-07,8.8,4.0,12.1,5458,0.0,0.8,2.2
2007-03-08,6.3,3.4,8.9,4575,0.0,0.76,2.1
2007-03-09,6.3,0.9,11.2,7943,1.4,0.65,2.3
2007-03-10,6.6,3.0,10.5,7693,0.0,0.75,2.6
2007-03-11,9.2,3.5,15.3,14152,0.0,0.81,2.3
2007-03-12,9.4,1.5,17.3,14963,0.0,0.73,1.6
2007-03-13,9.0,2.7,17.6,13751,0.0,0.79,1.5
2007-03-14,6.4,0.0,13.1,12792,0.0,0.64,2.0
2007-03-15,6.0,-0.2,13.5,14357,0.0,0.63,1.6
2007-03-16,5.8,0.4,9.0,5294,2.3,0.62,2.3
2007-03-17,7.7,4.7,11.4,8926,3.7,0.84,4.6
2007-03-18,6.6,2.3,9.4,6617,3.9,0.71,5.8
2007-03-19,3.4,0.0,7.6,8564,0.2,0.6,3.1
2007-03-20,3.4,-1.4,9.8,13795,1.0,0.56,2.5
2007-03-21,1.9,0.4,3.2,5599,18.2,0.61,3.1
2007-03-22,3.8,2.2,5.0,5679,8.4,0.69,3.6
2007-03-23,6.0,2.6,11.5,13033,1.4,0.73,3.5
2007-03-24,9.8,6.5,14.6,15310,0.0,0.96,3.4
2007-03-25,9.8,5.0,15.6,17723,0.0,0.89,3.7
2007-03-26,9.8,4.5,16.2,18102,0.0,0.86,3.4
2007-03-27,10.3,4.4,17.0,18483,0.0,0.86,3.1
2007-03-28,10.5,2.7,17.3,17921,0.0,0.79,2.2
2007-03-29,10.9,6.7,15.6,16819,0.0,0.98,2.4
2007-03-30,9.6,4.9,15.2,14632,0.0,0.87,2.1
2007-03-31,9.6,2.3,17.0,15414,0.0,0.76,2.7
2007-04-01,10.6,1.9,17.1,18579,0.0,0.74,2.7
2007-04-02,9.2,0.9,18.2,18306,0.0,0.71,1.8
2007-04-03,4.5,1.1,9.9,6975,0.5,0.66,2.8
2007-04-04,4.5,-2.4,10.9,20271,0.0,0.54,2.9
2007-04-05,7.7,2.8,11.0,8468,0.0,0.74,3.1
2007-04-06,8.5,2.7,12.6,8000,0.1,0.75,2.4
2007-04-07,6.8,0.1,13.4,17731,0.0,0.65,2.4
2007-04-08,9.5,6.1,13.2,7381,0.0,0.92,2.7
2007-04-09,9.9,7.3,11.9,7461,0.3,0.99,3.3
2007-04-10,10.6,4.9,16.2,12561,0.1,0.88,2.9
2007-04-11,11.5,4.6,17.5,16109,0.0,0.88,2.2
2007-04-12,11.3,1.7,19.9,20040,0.0,0.77,1.8
2007-04-13,14.4,5.0,22.3,22501,0.0,0.94,2.4
2007-04-14,16.1,8.6,24.1,22769,0.0,1.17,2.4
2007-04-15,15.9,5.1,23.4,22218,0.0,0.98,2.2
2007-04-16,17.2,10.7,25.4,23069,0.0,1.34,1.8
2007-04-17,11.4,4.3,17.4,14468,0.0,0.86,2.3
2007-04-18,7.7,2.6,13.6,16472,0.0,0.75,3.0
2007-04-19,9.0,0.1,16.9,18492,0.3,0.67,3.1
2007-04-20,6.0,0.0,9.1,8787,0.0,0.61,3.0
2007-04-21,5.2,-2.5,12.1,22937,0.0,0.54,1.5
2007-04-22,9.3,0.1,17.6,23793,0.0,0.68,1.7
2007-04-23,13.9,3.3,23.2,20652,0.0,0.87,1.7
2007-04-24,14.4,9.4,19.9,15048,0.0,1.19,1.3
2007-04-25,16.6,9.2,23.6,21373,0.0,1.22,2.1
2007-04-26,17.5,9.8,24.9,24554,0.0,1.29,2.0
2007-04-27,17.7,7.0,26.6,24431,0.0,1.12,1.6
2007-04-28,15.3,6.6,24.8,24922,0.0,1.07,1.8
2007-04-29,9.3,1.9,15.5,25909,0.0,0.73,2.8
2007-04-30,9.7,-0.9,19.2,24040,0.0,0.66,2.6
2007-05-01,9.0,-0.4,17.6,26145,0.0,0.66,2.4
2007-05-02,11.9,1.5,21.3,25885,0.0,0.77,2.3
2007-05-03,12.9,2.6,20.8,26246,0.0,0.81,1.9
2007-05-04,13.7,2.3,22.1,26858,0.0,0.81,2.3
2007-05-05,14.9,3.4,23.9,26714,0.0,0.88,2.4
2007-05-06,15.6,4.1,24.2,24165,0.3,0.92,1.9
2007-05-07,11.3,9.8,13.7,9060,3.4,1.17,3.2
2007-05-08,10.8,8.6,13.9,16482,6.9,1.08,4.4
2007-05-09,11.6,7.3,17.1,18591,5.5,1.03,3.8
2007-05-10,12.7,7.7,17.4,12417,8.0,1.05,3.8
2007-05-11,11.2,7.2,15.0,10305,11.4,1.01,4.0
2007-05-12,10.5,6.7,16.2,13433,7.7,0.97,3.2
2007-05-13,15.3,9.0,20.8,20165,1.6,1.17,2.3
2007-05-14,16.4,12.1,21.7,18436,1.0,1.4,3.0
2007-05-15,11.3,5.4,17.0,17085,0.4,0.91,2.6
2007-05-16,10.8,4.6,18.1,16501,6.6,0.88,2.6
2007-05-17,9.9,6.3,14.8,20435,0.0,0.95,2.8
2007-05-18,12.1,3.5,19.2,28909,0.0,0.84,2.0
2007-05-19,14.4,10.4,20.6,14598,2.4,1.27,2.0
2007-05-20,17.5,11.6,23.0,16984,0.0,1.38,1.8
2007-05-21,22.5,15.4,30.2,26781,0.0,1.81,1.7
2007-05-22,19.4,14.1,26.1,21510,0.0,1.65,1.7
2007-05-23,17.1,10.0,22.4,21434,0.0,1.26,1.7
2007-05-24,17.9,8.1,24.3,22268,0.0,1.15,1.5
2007-05-25,20.8,14.9,29.9,19446,19.0,1.77,1.7
2007-05-26,17.3,13.3,23.1,13612,9.3,1.52,1.8
2007-05-27,17.2,13.1,23.5,14566,11.9,1.52,2.1
2007-05-28,16.8,14.3,20.6,12640,13.9,1.6,2.0
2007-05-29,14.7,9.9,19.9,10316,6.7,1.22,3.6
2007-05-30,12.8,8.3,18.7,19132,0.0,1.11,2.3
2007-05-31,15.0,7.6,20.4,22579,0.0,1.07,1.6
2007-06-01,16.8,9.8,22.9,22878,0.0,1.24,2.0
2007-06-02,14.8,11.1,18.5,10169,0.1,1.29,1.9
2007-06-03,14.4,12.6,16.3,10194,0.7,1.41,2.0
2007-06-04,15.9,13.2,18.7,10218,0.0,1.47,1.8
2007-06-05,17.1,12.8,20.9,14057,0.1,1.46,1.8
2007-06-06,18.7,12.3,25.8,20004,0.0,1.47,1.9
2007-06-07,22.0,15.1,29.2,28457,0.1,1.79,2.2
2007-06-08,23.8,16.6,30.1,28614,0.0,1.94,1.9
2007-06-09,23.3,15.7,30.4,27846,0.0,1.87,1.7
2007-06-10,22.6,14.1,29.9,29844,0.0,1.69,1.5
2007-06-11,22.2,12.4,30.2,30259,0.0,1.55,1.3
2007-06-12,22.3,14.3,29.7,28693,0.6,1.71,1.9
2007-06-13,18.3,13.5,23.4,16043,2.6,1.55,1.8
2007-06-14,19.2,11.6,26.5,18297,10.2,1.42,1.7
2007-06-15,18.4,14.5,24.8,12896,12.3,1.65,2.5
2007-06-16,15.9,12.7,21.5,15147,11.4,1.45,2.5
2007-06-17,16.8,11.4,22.8,19375,0.8,1.36,2.2
2007-06-18,15.1,11.7,20.3,11197,8.8,1.37,2.0
2007-06-19,19.1,12.4,25.2,26639,0.0,1.49,1.3
2007-06-20,20.7,16.0,27.7,20174,14.4,1.85,1.9
2007-06-21,15.2,12.6,17.6,10409,17.6,1.42,1.9
2007-06-22,16.7,12.3,23.0,18322,1.4,1.44,2.0
2007-06-23,15.8,13.2,20.2,17395,2.9,1.5,2.7
2007-06-24,17.7,13.4,22.7,17784,0.1,1.53,2.0
2007-06-25,18.7,14.3,25.0,15139,7.6,1.63,2.3
2007-06-26,14.0,11.5,17.2,14735,8.3,1.33,4.6
2007-06-27,12.3,10.6,16.4,14329,1.1,1.24,4.6
2007-06-28,13.2,7.5,19.0,16162,0.3,1.05,3.2
2007-06-29,13.5,7.3,18.2,12197,4.5,1.03,2.7
2007-06-30,15.1,10.8,19.5,16659,0.0,1.28,2.9
2007-07-01,17.7,10.4,24.0,13878,0.0,1.32,1.9
2007-07-02,17.7,14.3,20.5,10704,2.9,1.6,2.0
2007-07-03,15.9,12.9,21.5,18179,5.4,1.48,2.5
2007-07-04,14.7,11.3,19.9,13820,1.7,1.32,2.9
2007-07-05,16.0,11.5,20.8,17212,5.0,1.35,3.7
2007-07-06,15.5,12.9,20.8,15742,2.3,1.46,4.2
2007-07-07,15.8,12.3,19.9,16896,1.9,1.41,3.8
2007-07-08,16.8,10.4,23.4,26434,0.0,1.3,2.2
2007-07-09,14.0,9.6,18.4,10811,3.6,1.19,1.8
2007-07-10,13.2,10.5,17.7,17588,3.4,1.25,2.1
2007-07-11,13.1,9.6,15.9,11800,8.2,1.17,2.8
2007-07-12,14.9,12.1,18.9,10985,10.3,1.38,3.0
2007-07-13,18.1,13.8,23.4,13172,1.0,1.58,2.1
2007-07-14,23.0,14.2,31.1,25784,0.0,1.72,2.3
2007-07-15,24.1,16.7,31.0,25734,0.0,1.98,1.8
2007-07-16,27.3,19.6,35.6,28805,0.3,2.39,1.7
2007-07-17,22.0,15.2,26.7,20819,0.0,1.75,2.4
2007-07-18,20.2,12.9,27.8,20508,0.0,1.57,1.8
2007-07-19,19.1,11.3,24.8,19678,0.0,1.39,1.6
2007-07-20,21.8,17.0,27.5,19884,0.0,1.94,2.3
2007-07-21,21.0,16.9,26.4,22673,16.9,1.91,1.9
2007-07-22,15.7,12.7,18.9,12411,15.1,1.44,2.3
2007-07-23,17.1,11.1,22.5,20873,0.8,1.34,2.0
2007-07-24,16.7,13.8,20.7,13730,7.1,1.55,3.7
2007-07-25,16.9,13.0,22.4,17019,0.0,1.49,3.0
2007-07-26,19.5,12.3,25.9,16830,0.5,1.48,2.2
2007-07-27,18.5,14.7,22.8,16897,0.4,1.65,3.5
2007-07-28,16.4,12.0,20.5,12103,1.1,1.39,3.0
2007-07-29,13.1,10.8,16.0,9368,11.4,1.26,2.8
2007-07-30,13.0,9.9,15.9,13391,0.7,1.2,3.7
2007-07-31,14.3,11.6,19.5,16379,0.3,1.34,2.9
2007-08-01,15.8,9.9,22.0,18973,0.0,1.24,1.8
2007-08-02,16.1,12.4,20.8,13203,3.0,1.42,2.2
2007-08-03,16.5,9.1,21.4,17429,0.0,1.19,2.2
2007-08-04,17.0,8.2,25.2,21506,0.0,1.18,1.4
2007-08-05,20.7,12.6,27.1,26566,0.0,1.51,1.9
2007-08-06,21.6,15.1,26.8,26337,0.0,1.73,2.1
2007-08-07,22.4,15.0,28.7,24106,0.0,1.75,1.9
2007-08-08,19.4,16.2,24.6,13413,3.6,1.83,2.2
2007-08-09,22.4,16.1,29.9,22531,0.1,1.88,2.4
2007-08-10,20.3,18.8,23.4,9175,24.7,2.1,2.2
2007-08-11,17.6,15.8,18.7,8616,6.9,1.74,2.4
2007-08-12,17.6,13.4,23.7,14705,2.6,1.54,1.5
2007-08-13,17.3,12.5,23.9,13271,0.1,1.46,1.6
2007-08-14,18.5,11.0,24.9,22847,0.0,1.36,1.7
2007-08-15,22.2,16.9,28.3,12739,8.3,1.93,3.0
2007-08-16,17.8,11.1,22.5,13020,3.1,1.34,3.2
2007-08-17,14.7,10.5,20.5,14991,1.3,1.27,2.3
2007-08-18,15.2,8.6,21.4,19354,0.0,1.15,1.5
2007-08-19,18.7,11.5,25.1,18880,0.0,1.41,1.7
2007-08-20,19.8,13.7,25.8,19603,1.6,1.59,1.8
2007-08-21,18.0,15.6,22.6,10556,18.6,1.74,2.3
2007-08-22,17.0,14.1,20.4,9999,15.3,1.58,1.9
2007-08-23,18.8,12.4,25.3,19240,0.0,1.47,1.3
2007-08-24,19.4,15.8,25.0,16530,0.0,1.79,1.4
2007-08-25,18.6,14.4,23.1,12908,0.0,1.63,1.9
2007-08-26,17.4,11.3,22.9,16999,0.0,1.36,2.4
2007-08-27,14.2,12.5,18.6,8771,0.2,1.42,2.3
2007-08-28,12.8,5.9,18.6,16987,0.1,0.95,2.1
2007-08-29,11.5,3.2,17.9,15945,0.0,0.82,1.9
2007-08-30,12.5,7.6,16.8,10235,3.1,1.04,2.4
2007-08-31,14.1,12.7,16.1,7307,3.8,1.42,2.7
2007-09-01,14.6,12.3,18.8,8922,0.2,1.4,2.4
2007-09-02,16.1,12.7,19.1,9283,8.7,1.44,2.4
2007-09-03,13.3,8.0,17.2,13319,1.7,1.06,2.9
2007-09-04,11.0,7.7,15.8,13425,6.6,1.04,3.1
2007-09-05,11.9,6.4,18.6,17165,0.0,0.98,2.2
2007-09-06,14.1,9.2,20.7,11765,0.3,1.19,2.5
2007-09-07,15.5,12.8,18.9,8280,0.1,1.45,2.7
2007-09-08,15.5,13.3,18.5,7650,0.0,1.48,3.0
2007-09-09,14.5,10.7,20.4,13365,2.2,1.29,3.0
2007-09-10,12.1,10.7,15.3,8651,7.7,1.26,3.4
2007-09-11,13.6,9.9,18.0,9404,0.1,1.2,2.7
2007-09-12,13.4,9.4,15.6,7093,0.1,1.15,2.2
2007-09-13,12.9,11.3,16.7,7216,0.0,1.3,1.7
2007-09-14,13.9,10.1,18.1,13456,0.2,1.23,2.4
2007-09-15,12.5,9.3,16.9,15484,0.0,1.16,3.0
2007-09-16,14.5,8.7,20.0,16968,0.0,1.14,2.3
2007-09-17,16.2,12.3,20.8,13761,3.9,1.42,2.3
2007-09-18,11.4,6.1,15.6,10299,1.5,0.94,3.1
2007-09-19,10.1,6.0,15.6,12579,0.0,0.93,2.5
2007-09-20,13.6,8.3,18.8,7394,0.2,1.11,2.8
2007-09-21,15.2,11.1,19.6,9362,0.0,1.31,2.3
2007-09-22,14.1,9.3,20.1,8763,0.0,1.18,1.4
2007-09-23,14.9,7.4,23.3,15607,0.0,1.09,1.3
2007-09-24,17.0,11.0,25.0,14099,9.6,1.37,2.3
2007-09-25,13.0,9.3,16.9,8062,3.6,1.16,2.3
2007-09-26,11.3,7.1,16.7,9744,0.0,1.0,1.3
2007-09-27,12.8,9.1,15.3,5618,14.0,1.13,2.9
2007-09-28,14.2,11.0,16.2,5166,7.9,1.28,3.2
2007-09-29,12.3,9.7,15.7,5635,7.1,1.18,3.3
2007-09-30,12.7,11.4,13.7,5008,0.1,1.3,2.1
2007-10-01,11.6,8.1,15.0,5737,0.0,1.06,1.2
2007-10-02,12.0,5.6,14.7,5029,0.0,0.9,1.1
2007-10-03,9.4,3.3,16.0,11369,0.0,0.8,1.3
2007-10-04,12.1,10.2,13.5,4522,1.3,1.2,1.4
2007-10-05,11.7,7.2,16.9,6774,0.0,1.01,1.6
2007-10-06,8.7,4.7,15.2,7187,0.0,0.86,1.5
2007-10-07,7.6,2.3,15.0,8097,0.0,0.74,1.1
2007-10-08,8.7,4.0,14.0,5812,0.0,0.82,1.4
2007-10-09,9.2,5.5,11.0,4153,0.0,0.88,1.0
2007-10-10,9.6,7.7,13.9,8984,0.0,1.03,1.3
2007-10-11,9.8,5.3,14.2,5303,0.1,0.89,1.6
2007-10-12,12.0,5.1,15.1,6017,0.0,0.88,2.6
2007-10-13,6.6,2.1,13.0,11378,0.0,0.72,1.5
2007-10-14,7.0,1.8,13.6,11302,0.0,0.71,1.7
2007-10-15,8.8,2.3,17.2,11148,0.0,0.76,1.8
2007-10-16,13.1,10.1,17.3,5955,0.0,1.22,2.2
2007-10-17,12.4,8.8,17.4,6087,12.1,1.12,2.5
2007-10-18,7.3,1.3,12.2,7932,0.0,0.68,3.2
2007-10-19,4.7,0.2,10.5,7741,0.1,0.62,2.4
2007-10-20,4.0,-1.9,10.5,6460,0.0,0.55,1.7
2007-10-21,5.7,2.3,9.7,7295,0.0,0.71,1.7
2007-10-22,3.7,-1.1,7.9,9673,0.0,0.56,2.2
2007-10-23,5.3,-0.4,8.6,3633,0.0,0.59,2.6
2007-10-24,7.8,6.4,8.5,3151,0.0,0.92,2.9
2007-10-25,8.0,7.4,8.4,3091,0.0,0.99,2.3
2007-10-26,8.0,6.9,9.3,3031,0.9,0.95,1.9
2007-10-27,8.4,6.9,9.7,2973,0.4,0.96,1.1
2007-10-28,5.7,1.8,11.6,7734,0.0,0.7,2.0
2007-10-29,7.0,3.8,10.1,3316,8.2,0.78,1.9
2007-10-30,7.8,3.8,10.4,3126,6.7,0.78,1.8
2007-10-31,6.8,1.0,11.0,3767,0.0,0.66,2.0
2007-11-01,10.8,9.5,11.8,2696,0.4,1.14,2.1
2007-11-02,12.0,10.7,13.5,2644,1.3,1.25,1.4
2007-11-03,10.6,7.9,13.3,2593,0.9,1.04,2.3
2007-11-04,7.2,-0.2,11.4,5019,0.0,0.61,2.1
2007-11-05,3.3,-1.7,8.5,3686,6.0,0.54,1.8
2007-11-06,5.8,2.1,7.7,3446,1.8,0.7,4.1
2007-11-07,7.3,3.1,10.8,2980,3.0,0.75,4.9
2007-11-08,8.6,5.7,10.8,2811,3.1,0.88,3.9
2007-11-09,4.9,3.5,7.0,2704,4.2,0.76,5.5
2007-11-10,3.4,1.4,7.7,5342,5.3,0.66,4.3
2007-11-11,1.8,0.4,3.4,2497,4.8,0.61,4.1
2007-11-12,2.7,0.0,6.6,3544,3.9,0.59,3.7
2007-11-13,1.5,-1.7,6.7,5644,0.0,0.53,3.1
2007-11-14,0.9,-1.1,4.5,3750,0.2,0.55,2.8
2007-11-15,0.4,-3.3,4.6,4850,0.3,0.47,2.0
2007-11-16,2.6,-1.6,5.3,2023,0.2,0.53,1.9
2007-11-17,5.8,5.7,6.0,1987,2.2,0.88,1.6
2007-11-18,5.2,2.6,6.3,1952,0.2,0.71,1.9
2007-11-19,1.7,1.0,3.0,2018,0.0,0.63,2.6
2007-11-20,1.6,0.8,2.9,1885,0.0,0.62,2.2
2007-11-21,2.2,0.5,3.9,2589,0.0,0.61,2.4
2007-11-22,3.8,1.0,6.2,1968,0.0,0.64,1.8
2007-11-23,4.8,2.2,7.8,1793,0.0,0.7,1.8
2007-11-24,2.8,0.3,4.2,4093,1.6,0.6,2.3
2007-11-25,4.5,2.0,7.5,2583,0.4,0.69,4.3
2007-11-26,1.8,-0.8,4.9,3992,0.0,0.56,4.4
2007-11-27,-0.5,-4.9,3.7,5005,0.0,0.42,2.4
2007-11-28,0.6,-5.1,4.4,2026,0.0,0.42,2.0
2007-11-29,3.1,0.3,4.9,1638,2.3,0.6,3.0
2007-11-30,5.7,3.8,7.2,1795,6.6,0.77,3.3
2007-12-01,7.4,5.0,10.5,2040,0.7,0.85,3.9
2007-12-02,7.2,4.8,9.4,1751,12.4,0.84,5.0
2007-12-03,6.3,4.0,8.1,1731,6.1,0.79,5.3
2007-12-04,5.3,3.8,7.1,3015,0.9,0.77,3.4
2007-12-05,8.4,5.4,10.6,1522,0.7,0.87,3.5
2007-12-06,9.3,7.9,10.5,1592,11.4,1.03,4.1
2007-12-07,9.4,6.9,13.0,1875,2.9,0.97,5.3
2007-12-08,5.9,3.4,7.5,2028,2.7,0.75,3.9
2007-12-09,4.7,2.9,8.5,1971,1.6,0.74,3.3
2007-12-10,3.9,2.9,5.7,1664,0.2,0.73,2.4
2007-12-11,3.8,2.4,5.8,1445,0.4,0.7,2.5
2007-12-12,4.1,0.6,4.7,1435,0.1,0.62,2.2
2007-12-13,2.7,1.7,4.3,1427,0.0,0.66,1.8
2007-12-14,2.0,1.4,2.7,1420,0.0,0.65,1.8
2007-12-15,-0.2,-5.2,2.5,2482,0.0,0.41,2.2
2007-12-16,-2.5,-5.9,-0.2,1409,0.0,0.38,2.2
2007-12-17,1.2,-0.7,2.7,1405,0.0,0.56,2.8
2007-12-18,0.0,-0.4,0.1,1402,0.0,0.57,1.9
2007-12-19,0.0,-0.6,0.3,1400,0.0,0.56,1.2
2007-12-20,-2.0,-4.0,-0.8,1399,0.0,0.44,1.2
2007-12-21,-4.4,-5.0,-4.0,1399,0.0,0.4,1.1
2007-12-22,-5.6,-6.1,-5.3,1400,0.0,0.37,1.2
2007-12-23,-2.9,-7.0,0.1,1893,0.0,0.36,1.3
2007-12-24,0.8,0.2,1.7,1406,0.0,0.6,1.5
2007-12-25,-0.5,-1.3,0.0,1410,0.0,0.53,2.5
2007-12-26,0.5,-2.1,2.7,1909,0.1,0.51,2.1
2007-12-27,2.3,0.9,4.4,1422,0.0,0.63,2.5
2007-12-28,4.8,0.9,7.4,2050,0.0,0.64,3.0
2007-12-29,2.5,0.2,5.6,1604,0.0,0.6,3.5
2007-12-30,2.9,1.4,4.5,1447,1.0,0.65,2.6
2007-12-31,1.2,-2.3,4.5,3890,0.1,0.51,1.9
2008-01-01,0.1,-0.6,0.6,1470,0.5,0.56,1.5
2008-01-02,-0.1,-2.1,0.3,1482,0.1,0.51,2.6
2008-01-03,-3.3,-3.7,-2.4,1496,0.0,0.44,4.1
2008-01-04,-5.3,-6.6,-4.0,2241,0.0,0.36,3.5
2008-01-05,-0.3,-3.7,2.0,1570,1.9,0.45,3.4
2008-01-06,1.9,0.9,3.4,1544,4.5,0.63,2.4
2008-01-07,2.9,0.0,5.6,1737,6.7,0.59,3.7
2008-01-08,4.3,0.5,6.1,2732,0.1,0.61,3.2
2008-01-09,2.7,0.1,6.3,2449,2.5,0.6,2.9
2008-01-10,3.8,2.1,6.1,3108,0.0,0.69,3.3
2008-01-11,7.7,4.3,11.0,2463,0.0,0.81,3.2
2008-01-12,6.0,3.4,9.4,2769,0.0,0.76,3.3
2008-01-13,1.7,-0.9,6.6,4843,0.0,0.56,2.3
2008-01-14,1.6,-0.6,4.0,2841,0.0,0.57,2.8
2008-01-15,6.1,3.4,8.3,2407,0.4,0.76,4.0
2008-01-16,7.5,2.3,10.0,1773,0.2,0.71,3.5
2008-01-17,5.0,0.6,8.3,2671,3.5,0.63,2.7
2008-01-18,6.9,5.1,8.6,2223,9.0,0.85,4.1
2008-01-19,9.0,3.4,11.5,1863,4.8,0.77,4.8
2008-01-20,7.4,3.6,11.2,1896,18.8,0.78,3.7
2008-01-21,6.9,4.4,9.6,1929,24.1,0.81,4.1
2008-01-22,1.7,-1.8,8.2,2679,0.1,0.54,3.8
2008-01-23,2.4,-0.7,5.8,2155,2.2,0.57,2.6
2008-01-24,7.6,5.1,8.9,2036,4.3,0.85,3.1
2008-01-25,5.7,2.6,8.1,4724,0.0,0.72,3.9
2008-01-26,7.6,5.0,8.4,2113,9.3,0.84,4.8
2008-01-27,6.4,3.7,8.4,2153,1.4,0.77,4.3
2008-01-28,6.6,4.1,8.0,2195,0.3,0.79,1.7
2008-01-29,6.3,5.3,7.5,2237,0.0,0.86,1.8
2008-01-30,4.5,1.4,4.9,2280,0.7,0.66,2.6
2008-01-31,2.3,0.4,4.6,2953,0.1,0.61,4.2
2008-02-01,5.5,4.2,7.0,3239,0.3,0.79,5.3
2008-02-02,3.3,0.7,6.2,4234,0.4,0.63,3.8
2008-02-03,1.6,0.3,4.9,6680,0.0,0.6,2.9
2008-02-04,2.8,0.5,6.3,5581,0.0,0.62,2.8
2008-02-05,3.9,0.2,6.2,3661,5.2,0.6,3.6
2008-02-06,6.9,5.3,8.2,2739,4.2,0.86,4.5
2008-02-07,4.6,1.3,8.0,6042,0.0,0.65,2.9
2008-02-08,6.4,4.2,9.0,2720,0.1,0.8,1.8
2008-02-09,5.4,0.4,12.9,7199,0.0,0.65,1.6
2008-02-10,3.9,0.2,12.5,7311,0.0,0.64,1.5
2008-02-11,3.1,-1.7,10.2,8017,0.0,0.55,1.4
2008-02-12,4.1,-1.2,6.2,2943,0.0,0.55,1.5
2008-02-13,0.9,-3.4,5.8,7455,0.0,0.48,1.3
2008-02-14,2.2,-3.0,3.7,3061,0.1,0.48,1.6
2008-02-15,-2.1,-6.2,3.6,8795,0.0,0.39,2.5
2008-02-16,-3.3,-7.6,3.0,9278,0.0,0.35,1.8
2008-02-17,-0.4,-6.6,5.4,7075,0.0,0.39,2.4
2008-02-18,4.6,3.4,5.9,3307,1.0,0.75,2.7
2008-02-19,4.4,3.5,5.1,3371,0.2,0.76,1.9
2008-02-20,3.5,0.6,8.2,5055,0.0,0.63,1.6
2008-02-21,5.3,1.4,8.9,4022,0.9,0.66,3.3
2008-02-22,9.5,7.6,10.7,3567,3.3,1.0,5.3
2008-02-23,8.3,6.2,9.8,6762,0.0,0.92,4.0
2008-02-24,9.2,7.7,9.7,3703,5.8,1.01,2.7
2008-02-25,6.3,2.9,9.3,7989,0.2,0.74,2.6
2008-02-26,8.5,3.7,13.1,3841,2.2,0.79,4.0
2008-02-27,6.5,4.7,8.0,5829,0.7,0.83,4.5
2008-02-28,6.2,3.0,9.5,8185,0.0,0.74,2.3
2008-02-29,5.7,0.8,10.2,5771,14.5,0.65,3.1
2008-03-01,6.1,4.1,7.5,4210,7.9,0.79,7.2
2008-03-02,6.0,4.5,9.0,4618,7.3,0.82,6.1
2008-03-03,4.5,2.0,8.5,7230,1.4,0.69,4.0
2008-03-04,2.2,-1.2,6.4,7165,2.1,0.56,2.9
2008-03-05,1.7,-1.8,5.7,12877,0.0,0.53,3.1
2008-03-06,5.3,2.7,7.2,4499,0.5,0.72,3.4
2008-03-07,7.8,6.4,9.3,4575,0.5,0.93,2.0
2008-03-08,6.9,3.5,10.8,10256,0.0,0.77,2.0
2008-03-09,6.5,1.8,10.7,5178,0.0,0.69,2.9
2008-03-10,9.3,3.6,13.0,11067,0.2,0.79,3.8
2008-03-11,8.2,5.8,12.5,7633,5.2,0.9,4.7
2008-03-12,6.3,1.0,9.0,7275,14.5,0.65,6.1
2008-03-13,6.2,3.6,9.7,8496,2.3,0.77,5.5
2008-03-14,5.1,2.4,9.7,7947,3.3,0.71,3.6
2008-03-15,6.2,2.6,9.3,8433,0.0,0.73,1.7
2008-03-16,4.7,1.3,7.4,5278,5.3,0.65,2.8
2008-03-17,2.6,-0.1,7.6,10975,2.4,0.6,3.8
2008-03-18,1.9,-0.9,7.3,11397,0.0,0.57,3.5
2008-03-19,2.5,-0.7,7.8,10445,0.4,0.57,2.7
2008-03-20,2.0,-1.5,4.9,8679,9.5,0.54,3.5
2008-03-21,3.3,0.9,6.4,6180,9.3,0.64,4.0
2008-03-22,1.1,-1.6,3.0,5760,1.4,0.53,3.3
2008-03-23,-0.7,-4.3,3.3,15005,0.0,0.44,2.2
2008-03-24,-0.3,-4.2,5.1,10026,1.0,0.45,2.5
2008-03-25,0.4,-2.4,4.3,8278,4.0,0.5,3.6
2008-03-26,1.0,-2.7,5.3,9522,0.3,0.49,3.0
2008-03-27,1.6,-3.2,7.1,12147,0.0,0.48,1.6
2008-03-28,6.1,1.6,10.3,12483,2.4,0.68,2.8
2008-03-29,6.7,3.0,10.4,9520,3.2,0.75,3.8
2008-03-30,9.7,2.7,17.0,16165,0.0,0.78,3.3
2008-03-31,9.4,3.4,14.1,9725,0.0,0.79,2.1
2008-04-01,8.2,1.4,16.4,13632,5.2,0.72,2.3
2008-04-02,7.7,6.3,11.6,8725,6.1,0.93,3.4
2008-04-03,6.8,2.1,11.4,10030,0.2,0.71,2.5
2008-04-04,6.0,3.7,8.2,7138,0.4,0.77,1.8
2008-04-05,6.2,2.4,9.7,6885,7.6,0.71,2.3
2008-04-06,4.2,-1.0,9.0,11114,0.2,0.57,1.9
2008-04-07,4.3,-1.1,9.3,11217,0.0,0.57,2.4
2008-04-08,4.8,-0.6,10.5,15404,0.0,0.59,1.8
2008-04-09,4.4,0.7,7.8,8796,1.0,0.63,1.7
2008-04-10,4.7,2.9,7.4,7276,0.0,0.73,1.7
2008-04-11,5.0,3.6,5.9,7353,2.2,0.76,2.2
2008-04-12,8.2,2.7,14.5,16356,0.0,0.75,2.5
2008-04-13,7.9,1.6,15.0,15662,3.4,0.72,2.0
2008-04-14,6.9,5.0,9.5,7580,6.8,0.84,2.2
2008-04-15,6.2,4.0,8.5,7655,2.2,0.79,2.2
2008-04-16,6.2,2.6,10.8,15768,0.3,0.73,2.0
2008-04-17,4.7,2.2,6.6,7803,4.3,0.69,2.2
2008-04-18,6.2,3.8,8.9,8115,0.0,0.78,2.9
2008-04-19,5.8,2.2,9.8,9147,0.0,0.7,3.0
2008-04-20,8.3,5.0,12.2,8983,0.0,0.86,2.4
2008-04-21,10.3,4.3,16.1,23914,0.0,0.85,3.6
2008-04-22,10.2,3.4,16.5,21258,0.0,0.81,3.4
2008-04-23,10.0,0.8,17.9,23204,0.0,0.7,1.8
2008-04-24,12.4,3.0,19.3,21618,0.4,0.82,1.7
2008-04-25,10.7,4.2,16.6,11066,0.0,0.85,2.4
2008-04-26,11.1,2.1,18.7,20494,0.0,0.77,1.4
2008-04-27,14.9,9.6,21.1,19984,0.0,1.22,2.0
2008-04-28,16.3,10.2,22.7,21697,3.2,1.28,2.4
2008-04-29,11.6,8.1,12.9,8633,18.9,1.05,2.0
2008-04-30,13.1,8.3,19.0,18418,0.0,1.1,2.5
2008-05-01,12.5,7.4,17.2,19135,0.0,1.03,2.2
2008-05-02,10.9,4.3,17.2,19602,1.5,0.85,1.6
2008-05-03,11.5,3.7,19.0,24218,0.0,0.85,1.5
2008-05-04,11.3,1.3,18.8,25201,0.0,0.74,1.9
2008-05-05,13.5,4.9,21.1,24923,0.0,0.93,2.0
2008-05-06,13.6,4.6,21.5,26920,0.0,0.92,2.0
2008-05-07,14.1,4.8,22.2,25496,0.0,0.94,1.6
2008-05-08,15.1,4.0,23.4,26862,0.0,0.9,1.6
2008-05-09,16.0,6.1,23.4,27211,0.0,1.03,2.1
2008-05-10,17.4,9.3,24.2,25258,0.0,1.24,2.4
2008-05-11,17.6,8.1,25.2,25343,0.0,1.16,2.2
2008-05-12,16.8,6.3,26.0,26067,0.0,1.08,1.9
2008-05-13,13.6,6.9,19.7,26148,0.0,1.02,2.4
2008-05-14,12.9,3.1,21.4,27515,0.0,0.84,1.7
2008-05-15,14.9,6.8,22.9,22177,0.0,1.06,1.6
2008-05-16,13.7,6.5,19.9,12167,6.3,1.0,1.7
2008-05-17,11.0,8.2,14.6,10664,5.4,1.06,2.0
2008-05-18,10.1,6.1,15.8,13950,0.1,0.94,1.9
2008-05-19,9.7,3.6,16.2,15038,0.1,0.82,2.0
2008-05-20,9.6,1.2,17.7,20155,0.0,0.73,2.4
2008-05-21,11.6,1.4,18.8,28795,0.0,0.74,2.1
2008-05-22,13.3,3.7,20.5,27555,0.0,0.87,1.7
2008-05-23,13.7,6.8,20.4,28135,0.0,1.03,1.8
2008-05-24,13.9,5.8,21.3,24798,0.0,0.98,2.3
2008-05-25,15.1,7.6,22.5,21191,0.6,1.09,2.4
2008-05-26,14.2,11.3,16.7,10904,0.2,1.3,2.3
2008-05-27,13.9,10.0,19.1,15782,0.0,1.22,2.9
2008-05-28,18.1,12.3,23.4,26431,0.0,1.44,3.1
2008-05-29,20.0,14.3,26.4,26605,0.0,1.65,2.6
2008-05-30,22.3,15.7,29.1,27434,0.0,1.83,2.4
2008-05-31,22.7,15.1,30.7,28393,0.0,1.81,2.1
2008-06-01,22.3,13.3,29.5,27906,0.0,1.61,1.8
2008-06-02,24.0,16.6,30.9,29519,0.0,1.97,2.1
2008-06-03,21.7,13.6,31.6,22977,0.0,1.68,2.3
2008-06-04,19.1,11.8,27.4,29585,0.0,1.46,2.3
2008-06-05,19.3,13.0,26.1,26061,0.0,1.54,2.5
2008-06-06,19.1,12.3,25.3,18448,0.0,1.47,2.3
2008-06-07,21.2,14.3,28.2,19787,0.0,1.69,2.0
2008-06-08,20.4,10.6,28.5,29955,0.0,1.4,1.8
2008-06-09,20.2,9.1,29.3,28262,0.0,1.31,1.7
2008-06-10,18.3,10.5,26.3,26039,0.0,1.34,2.3
2008-06-11,13.7,9.6,18.9,21043,0.2,1.2,3.0
2008-06-12,13.6,9.2,19.4,18418,0.0,1.16,2.3
2008-06-13,12.4,8.2,17.2,18033,0.1,1.08,2.6
2008-06-14,12.1,7.2,19.2,18834,0.1,1.04,2.1
2008-06-15,12.4,7.5,18.1,18182,0.1,1.04,2.0
2008-06-16,13.2,6.5,20.5,25445,0.0,1.01,1.8
2008-06-17,14.1,4.9,21.7,27825,0.0,0.93,1.4
2008-06-18,17.2,7.4,25.4,22681,0.0,1.13,1.7
2008-06-19,18.3,11.7,25.0,13048,0.0,1.41,2.7
2008-06-20,16.0,10.5,22.6,18325,1.0,1.3,2.5
2008-06-21,16.2,9.6,23.0,25578,0.1,1.24,1.8
2008-06-22,20.5,12.6,30.2,17527,16.4,1.58,2.4
2008-06-23,16.0,7.6,20.5,20290,0.0,1.07,3.3
2008-06-24,14.3,5.8,21.4,29907,0.0,0.99,1.8
2008-06-25,18.6,11.9,25.3,18162,0.2,1.43,2.1
2008-06-26,18.6,13.0,24.9,24609,0.0,1.53,2.2
2008-06-27,14.6,9.9,18.5,14581,2.7,1.21,3.0
2008-06-28,15.7,9.9,21.6,12856,3.2,1.23,2.8
2008-06-29,18.6,11.8,24.9,24558,0.0,1.43,2.1
2008-06-30,17.7,10.0,23.6,24537,0.0,1.26,2.3
2008-07-01,19.6,9.3,27.4,27934,0.0,1.28,1.5
2008-07-02,23.5,14.9,30.9,30143,0.0,1.79,2.2
2008-07-03,25.0,18.4,34.1,24069,0.0,2.2,2.2
2008-07-04,15.7,14.0,20.3,10252,10.5,1.57,2.8
2008-07-05,18.2,13.6,25.5,21254,0.0,1.59,1.6
2008-07-06,18.8,12.1,26.3,17158,1.1,1.47,1.8
2008-07-07,17.3,12.3,24.1,18964,1.1,1.46,2.9
2008-07-08,16.0,12.1,21.2,15919,5.8,1.39,3.7
2008-07-09,14.9,10.9,20.3,17981,7.0,1.31,3.1
2008-07-10,15.4,9.9,18.4,10100,15.1,1.2,2.2
2008-07-11,18.1,15.2,22.6,12161,1.6,1.7,2.3
2008-07-12,17.4,11.2,22.6,22178,1.0,1.34,2.6
2008-07-13,15.9,9.9,22.2,22003,0.0,1.25,1.7
2008-07-14,16.2,9.0,22.1,18049,0.1,1.18,2.3
2008-07-15,18.5,14.1,21.1,11629,0.5,1.58,2.6
2008-07-16,16.0,10.3,18.5,11980,6.6,1.23,2.6
2008-07-17,14.6,10.8,20.8,12330,2.3,1.29,1.9
2008-07-18,14.7,12.3,17.9,9824,1.0,1.39,2.2
2008-07-19,15.7,12.8,22.1,13798,12.1,1.47,2.8
2008-07-20,15.2,11.0,20.5,15820,0.4,1.3,3.0
2008-07-21,12.3,10.7,14.9,9829,6.9,1.25,3.5
2008-07-22,15.7,10.4,22.9,15458,0.9,1.3,2.5
2008-07-23,17.6,10.8,24.8,26861,0.0,1.35,1.6
2008-07-24,19.1,9.2,26.8,27429,0.0,1.27,2.3
2008-07-25,22.6,16.0,29.9,27351,0.0,1.87,2.3
2008-07-26,23.3,16.3,31.1,23044,0.0,1.94,2.1
2008-07-27,24.8,16.6,32.1,28083,0.0,1.97,1.9
2008-07-28,24.3,14.5,32.4,26976,0.0,1.79,2.1
2008-07-29,25.3,18.2,32.6,26634,0.0,2.17,2.1
2008-07-30,21.4,17.6,26.9,16252,0.0,2.0,1.6
2008-07-31,23.9,16.7,30.9,27468,0.0,1.97,2.1
2008-08-01,24.1,17.8,31.1,18643,0.8,2.1,2.3
2008-08-02,21.0,16.4,26.1,17807,0.6,1.86,2.0
2008-08-03,20.6,17.1,25.0,17351,11.7,1.92,2.8
2008-08-04,17.6,13.5,21.7,15137,2.9,1.53,4.1
2008-08-05,17.2,10.9,23.1,18695,0.0,1.32,3.1
2008-08-06,17.8,10.1,24.7,13362,0.0,1.3,1.5
2008-08-07,24.1,16.7,32.5,22632,0.2,2.0,2.4
2008-08-08,18.5,13.5,23.4,14580,8.8,1.55,3.1
2008-08-09,16.3,11.9,21.5,19331,2.4,1.39,2.8
2008-08-10,16.1,12.8,18.9,8739,3.0,1.45,2.8
2008-08-11,18.0,13.9,22.7,17659,1.2,1.56,2.2
2008-08-12,17.6,13.8,20.3,8486,1.7,1.54,2.6
2008-08-13,17.4,13.6,22.8,19057,2.3,1.56,4.0
2008-08-14,17.0,10.2,22.2,18100,0.0,1.27,2.7
2008-08-15,15.2,10.0,18.9,9500,0.0,1.23,1.6
2008-08-16,16.1,9.0,22.9,20917,0.0,1.2,1.6
2008-08-17,16.3,8.2,24.3,22125,0.4,1.16,1.6
2008-08-18,16.4,13.2,20.9,8799,3.3,1.5,2.2
2008-08-19,19.8,15.1,25.2,15897,0.0,1.72,2.7
2008-08-20,17.1,13.8,19.9,10675,2.5,1.54,3.3
2008-08-21,18.4,14.3,23.9,14266,2.0,1.63,2.4
2008-08-22,16.8,12.6,21.6,8973,10.3,1.45,1.8
2008-08-23,14.9,12.5,18.1,12184,13.5,1.41,3.1
2008-08-24,15.3,12.0,19.8,8582,4.6,1.39,2.4
2008-08-25,16.5,12.0,21.3,10714,0.0,1.4,1.7
2008-08-26,17.0,12.1,21.1,10740,0.0,1.41,2.0
2008-08-27,18.0,16.7,20.7,8344,0.1,1.85,2.2
2008-08-28,17.4,15.8,20.9,8607,0.6,1.75,2.3
2008-08-29,17.7,13.6,21.9,9665,0.2,1.55,2.4
2008-08-30,15.9,11.2,22.9,17743,0.0,1.36,1.5
2008-08-31,18.0,10.2,23.9,21218,0.0,1.28,2.2
2008-09-01,17.1,12.6,20.7,11414,0.7,1.44,2.3
2008-09-02,17.1,10.4,22.2,12984,0.6,1.28,2.4
2008-09-03,15.4,10.5,19.9,10210,1.5,1.26,3.0
2008-09-04,14.3,9.0,20.9,15291,0.0,1.18,2.6
2008-09-05,16.2,9.3,21.7,15927,3.8,1.21,2.2
2008-09-06,18.0,16.2,20.6,6757,2.1,1.79,2.5
2008-09-07,17.5,14.1,22.4,13057,0.0,1.6,2.4
2008-09-08,16.2,12.6,21.0,9927,0.0,1.44,2.4
2008-09-09,16.7,9.7,23.8,18041,0.1,1.25,1.7
2008-09-10,17.6,12.7,24.8,10464,0.1,1.49,1.7
2008-09-11,17.3,12.2,23.5,11407,0.0,1.45,1.8
2008-09-12,15.0,9.8,20.1,12545,0.0,1.21,3.2
2008-09-13,12.1,6.1,17.5,15220,0.0,0.96,3.2
2008-09-14,11.2,8.0,14.1,7659,0.7,1.05,2.6
2008-09-15,12.0,6.2,17.9,11347,0.1,0.96,2.3
2008-09-16,10.9,8.2,14.9,7474,0.1,1.07,1.8
2008-09-17,10.3,5.0,15.4,10701,0.0,0.88,1.5
2008-09-18,10.2,3.9,16.1,7688,0.0,0.83,1.5
2008-09-19,8.6,1.1,14.9,9869,0.0,0.69,1.4
2008-09-20,10.9,3.3,17.9,13093,0.0,0.82,1.7
2008-09-21,12.1,8.0,18.0,9153,0.6,1.08,1.8
2008-09-22,11.9,9.1,15.9,6146,0.4,1.14,1.9
2008-09-23,12.3,11.9,12.9,5295,4.8,1.34,2.0
2008-09-24,12.9,7.7,17.8,8726,0.0,1.05,2.1
2008-09-25,11.6,6.4,18.0,11248,0.0,0.98,2.4
2008-09-26,10.6,5.6,16.9,6922,0.0,0.92,1.8
2008-09-27,10.1,3.9,17.6,11719,0.0,0.85,1.7
2008-09-28,11.3,5.7,18.6,10207,3.5,0.95,1.7
2008-09-29,10.8,8.4,14.3,6095,3.1,1.08,2.0
2008-09-30,9.8,7.9,11.4,4750,9.6,1.03,3.8
2008-10-01,10.9,9.2,12.8,5917,9.4,1.12,5.1
2008-10-02,10.2,6.8,12.7,6005,0.8,0.96,4.2
2008-10-03,8.1,4.2,13.4,7830,2.5,0.83,2.8
2008-10-04,7.3,3.4,12.5,6688,0.5,0.78,3.1
2008-10-05,9.2,4.5,11.6,4373,9.3,0.83,4.1
2008-10-06,11.0,10.1,13.5,4890,0.1,1.2,1.8
2008-10-07,12.6,10.4,16.4,6564,0.0,1.23,1.7
2008-10-08,11.7,9.3,15.2,4566,2.0,1.15,1.8
2008-10-09,11.4,4.8,16.9,5716,0.0,0.88,1.6
2008-10-10,9.5,3.4,17.1,10395,0.0,0.82,1.7
2008-10-11,12.0,7.1,18.9,11852,0.0,1.02,2.1
2008-10-12,11.3,6.8,16.4,5371,0.0,0.98,1.8
2008-10-13,12.7,5.8,20.3,9270,0.0,0.97,1.9
2008-10-14,14.9,9.7,18.1,6744,0.3,1.2,2.0
2008-10-15,12.4,9.5,16.9,5038,6.4,1.17,2.4
2008-10-16,10.4,7.1,13.6,6087,17.2,0.99,3.3
2008-10-17,8.5,6.6,12.4,5768,1.7,0.95,3.2
2008-10-18,8.7,5.4,11.9,5087,0.0,0.88,2.2
2008-10-19,10.5,8.2,12.4,3400,0.0,1.05,2.5
2008-10-20,10.6,5.8,16.2,9814,0.0,0.93,2.9
2008-10-21,11.3,9.2,16.1,4056,0.5,1.14,3.1
2008-10-22,8.3,5.0,10.7,3422,0.0,0.85,2.1
2008-10-23,6.9,3.0,13.3,9395,0.2,0.77,2.3
2008-10-24,7.5,2.5,13.5,7271,0.7,0.74,2.3
2008-10-25,10.2,8.1,13.1,5129,0.0,1.05,1.9
2008-10-26,11.2,6.9,14.4,3107,5.2,0.98,3.3
2008-10-27,9.1,5.0,11.4,3840,0.1,0.85,2.5
2008-10-28,5.1,2.0,8.4,5597,0.0,0.69,1.8
2008-10-29,3.2,1.0,7.4,3963,0.9,0.64,1.5
2008-10-30,3.4,1.3,4.3,2750,13.0,0.65,2.1
2008-10-31,3.4,0.1,6.7,3700,0.0,0.61,1.7
2008-11-01,6.4,4.6,9.3,4875,0.0,0.82,2.1
2008-11-02,6.6,3.3,9.3,3143,0.0,0.76,1.9
2008-11-03,7.8,7.3,8.5,3932,0.0,0.98,2.2
2008-11-04,8.6,8.2,9.2,4581,0.0,1.05,1.5
2008-11-05,9.3,9.2,9.8,2445,0.2,1.12,2.5
2008-11-06,10.4,10.0,11.0,2398,0.2,1.18,1.7
2008-11-07,10.1,6.1,11.3,4763,0.5,0.91,1.7
2008-11-08,6.8,3.4,12.0,4745,0.0,0.77,1.7
2008-11-09,7.0,4.1,11.8,2263,0.4,0.8,3.5
2008-11-10,11.6,5.2,14.6,2276,0.7,0.88,4.5
2008-11-11,11.9,8.1,15.2,2233,0.7,1.07,4.2
2008-11-12,7.7,3.9,11.1,2300,0.1,0.8,2.9
2008-11-13,5.2,2.3,9.4,2312,0.0,0.71,1.8
2008-11-14,6.6,2.8,9.4,5219,2.2,0.73,2.9
2008-11-15,10.7,10.1,11.3,2023,0.3,1.18,3.3
2008-11-16,7.8,5.4,10.9,1987,1.3,0.87,3.6
2008-11-17,3.1,-0.6,8.0,3780,0.0,0.58,2.0
2008-11-18,3.8,0.9,6.7,2671,4.5,0.64,3.2
2008-11-19,7.3,5.4,9.4,1885,5.7,0.87,4.2
2008-11-20,7.2,2.8,9.1,1853,3.4,0.73,5.7
2008-11-21,1.7,-0.3,3.2,2356,0.8,0.57,4.6
2008-11-22,0.0,-2.3,2.0,2465,0.7,0.5,4.3
2008-11-23,0.5,-1.5,2.9,1764,0.2,0.53,3.6
2008-11-24,-0.4,-1.2,2.4,1831,0.0,0.54,2.3
2008-11-25,0.7,-1.9,3.4,1710,0.2,0.52,2.2
2008-11-26,2.8,-1.9,5.6,1685,0.1,0.53,2.7
2008-11-27,6.3,5.7,7.0,1844,0.3,0.88,3.1
2008-11-28,3.2,0.2,5.2,3131,0.2,0.6,2.3
2008-11-29,0.8,0.3,1.7,3769,0.2,0.6,1.8
2008-11-30,0.7,-0.7,1.8,2128,0.8,0.56,1.9
2008-12-01,1.6,-1.5,4.1,1663,21.5,0.53,2.1
2008-12-02,3.7,1.3,4.8,1556,0.9,0.65,3.3
2008-12-03,1.0,-0.3,2.2,1539,3.2,0.57,2.9
2008-12-04,2.0,0.2,4.2,1522,3.4,0.6,2.9
2008-12-05,3.4,0.8,5.0,2020,0.7,0.62,2.5
2008-12-06,3.0,0.4,4.6,1492,1.0,0.61,2.1
2008-12-07,4.2,3.0,5.4,2113,0.7,0.73,2.2
2008-12-08,4.1,-0.2,5.4,1466,0.0,0.58,2.5
2008-12-09,-0.2,-2.6,1.4,1622,0.2,0.49,2.1
2008-12-10,1.1,0.4,1.6,1445,0.0,0.6,1.5
2008-12-11,0.8,-0.2,1.8,1435,3.7,0.58,1.3
2008-12-12,0.4,-0.7,1.8,1427,0.2,0.56,1.6
2008-12-13,1.0,-1.4,3.0,1420,0.1,0.54,2.6
2008-12-14,3.6,2.8,5.0,2112,0.0,0.72,2.9
2008-12-15,2.8,2.3,3.2,1409,0.0,0.69,2.1
2008-12-16,2.5,2.0,3.1,1405,0.0,0.68,1.3
2008-12-17,2.3,1.5,3.7,1402,0.3,0.66,1.7
2008-12-18,1.9,-0.3,3.3,1400,1.4,0.58,2.1
2008-12-19,3.9,1.8,6.5,1644,3.8,0.67,3.0
2008-12-20,5.8,2.0,8.0,1399,0.9,0.68,4.6
2008-12-21,5.5,2.5,8.5,1564,1.3,0.72,3.6
2008-12-22,7.8,5.9,9.0,2138,0.3,0.89,4.4
2008-12-23,4.4,1.0,6.4,2020,0.8,0.64,2.3
2008-12-24,5.8,5.1,6.7,1410,1.4,0.85,2.5
2008-12-25,1.3,-2.1,5.0,2443,0.1,0.52,2.8
2008-12-26,-1.1,-3.8,0.9,3071,0.0,0.45,3.1
2008-12-27,-0.2,-2.1,1.1,1429,0.0,0.5,2.4
2008-12-28,-0.7,-3.5,0.7,2518,0.0,0.46,2.5
2008-12-29,-2.9,-4.9,-1.0,2115,0.0,0.41,2.3
2008-12-30,-4.9,-8.0,-1.2,3764,0.0,0.33,1.7
2008-12-31,-6.3,-9.2,-2.4,3830,0.0,0.3,1.3
2009-01-01,-1.8,-3.5,-0.2,1470,0.2,0.46,1.6
2009-01-02,-3.7,-11.0,0.6,3729,0.2,0.27,1.5
2009-01-03,-3.6,-11.7,1.1,1496,2.6,0.26,2.6
2009-01-04,0.6,-1.0,1.6,1511,3.7,0.55,2.6
2009-01-05,-5.8,-13.6,-1.4,4294,0.0,0.22,2.5
2009-01-06,-11.3,-16.1,-4.1,4506,0.3,0.18,2.1
2009-01-07,-5.7,-10.9,-0.5,3493,0.0,0.27,2.3
2009-01-08,-8.5,-12.8,-4.4,1581,0.0,0.23,2.1
2009-01-09,-2.7,-7.1,-0.4,1601,0.0,0.35,1.8
2009-01-10,-1.0,-6.0,0.5,1622,0.0,0.38,1.5
2009-01-11,-5.0,-9.3,0.8,4644,0.0,0.3,2.3
2009-01-12,-3.1,-7.7,2.6,4879,0.3,0.35,3.0
2009-01-13,2.2,-0.6,4.1,1693,1.2,0.57,2.7
2009-01-14,1.1,-0.2,2.1,1718,0.8,0.58,1.4
2009-01-15,2.3,1.4,3.0,1745,0.0,0.65,1.3
2009-01-16,-0.1,-0.7,1.2,1773,0.0,0.55,2.2
2009-01-17,-0.2,-1.7,1.3,2140,1.0,0.52,2.4
2009-01-18,2.7,0.6,4.6,2467,1.5,0.62,3.6
2009-01-19,2.3,-0.6,3.7,3690,1.9,0.57,3.7
2009-01-20,3.1,-1.8,5.9,4093,0.0,0.53,2.5
2009-01-21,-1.7,-3.9,1.0,2182,0.0,0.45,1.3
2009-01-22,0.5,-2.5,3.3,4622,0.0,0.49,2.8
2009-01-23,0.8,-0.5,1.8,2568,10.6,0.57,4.4
2009-01-24,2.9,0.9,5.1,2979,1.9,0.63,2.7
2009-01-25,1.9,-1.1,5.8,5148,0.0,0.55,1.8
2009-01-26,-1.4,-2.1,-1.1,2113,0.0,0.5,1.8
2009-01-27,-1.9,-2.2,-1.6,2153,0.0,0.5,1.4
2009-01-28,-2.8,-3.8,-1.9,2195,0.0,0.44,1.6
2009-01-29,-3.6,-4.1,-2.8,2237,0.0,0.43,2.2
2009-01-30,-1.8,-3.7,0.0,2280,0.0,0.45,2.4
2009-01-31,0.4,-1.3,1.7,2325,0.7,0.54,2.9
2009-02-01,-2.3,-5.4,-0.4,3065,0.0,0.4,3.9
2009-02-02,0.6,-0.2,1.5,3296,0.0,0.58,4.2
2009-02-03,1.5,0.4,2.4,4662,0.0,0.6,2.2
2009-02-04,0.8,0.3,2.1,2574,0.3,0.6,1.2
2009-02-05,1.3,-0.4,3.5,2869,0.0,0.57,2.0
2009-02-06,2.0,-0.3,6.8,5453,0.0,0.59,1.8
2009-02-07,2.1,0.6,3.7,2667,5.4,0.62,1.5
2009-02-08,1.5,-1.4,3.8,2784,0.0,0.53,2.8
2009-02-09,0.2,-2.2,2.7,2775,0.4,0.5,2.5
2009-02-10,1.2,0.0,3.2,2830,10.0,0.59,4.8
2009-02-11,0.0,-2.7,1.0,3149,0.0,0.48,4.0
2009-02-12,-2.3,-5.8,-0.2,3809,0.0,0.38,2.7
2009-02-13,-4.2,-7.5,-1.3,3001,0.0,0.34,2.1
2009-02-14,-3.7,-9.0,1.8,8254,0.0,0.32,2.3
2009-02-15,-1.2,-7.0,1.2,5404,5.3,0.36,2.4
2009-02-16,1.0,0.3,2.9,3182,2.7,0.6,2.3
2009-02-17,-1.9,-6.4,1.3,3740,0.0,0.37,3.0
2009-02-18,-4.9,-9.4,-0.8,5390,0.7,0.3,1.6
2009-02-19,-0.6,-2.9,1.4,4025,1.1,0.48,2.1
2009-02-20,1.7,0.1,3.5,3435,0.5,0.6,2.2
2009-02-21,0.7,-0.3,1.8,3501,6.4,0.58,1.7
2009-02-22,4.2,0.8,6.4,3567,0.9,0.63,3.4
2009-02-23,3.4,0.3,5.1,3711,0.1,0.61,3.8
2009-02-24,0.6,-1.9,3.2,3934,0.5,0.51,2.0
2009-02-25,3.6,1.0,5.6,4162,2.4,0.63,2.7
2009-02-26,5.6,3.8,7.2,4078,2.9,0.77,4.1
2009-02-27,4.7,1.2,7.9,3912,0.0,0.65,3.5
2009-02-28,3.8,1.6,5.1,3983,0.5,0.66,1.6
2009-03-01,6.8,4.0,10.0,5199,0.0,0.8,1.8
2009-03-02,6.5,4.2,9.6,4127,0.9,0.8,2.1
2009-03-03,5.3,2.9,9.8,7876,0.0,0.74,2.0
2009-03-04,4.6,0.5,9.6,6892,0.0,0.63,3.2
2009-03-05,6.3,2.3,9.1,4860,0.4,0.7,2.6
2009-03-06,4.6,3.4,6.5,4423,2.1,0.75,2.9
2009-03-07,3.0,-0.1,4.6,4499,0.2,0.59,2.7
2009-03-08,3.5,0.0,7.4,5103,4.5,0.6,3.2
2009-03-09,3.8,0.5,6.8,7142,4.1,0.62,4.0
2009-03-10,4.4,2.4,6.9,4908,2.4,0.71,3.5
2009-03-11,4.4,1.0,7.7,5713,0.0,0.64,3.1
2009-03-12,3.6,-0.5,6.3,5158,7.7,0.58,2.9
2009-03-13,6.6,1.3,9.2,5054,0.0,0.66,2.7
2009-03-14,7.3,1.3,11.9,7188,2.9,0.68,2.0
2009-03-15,7.3,6.7,9.4,5402,1.3,0.95,3.0
2009-03-16,6.7,5.4,8.3,5199,0.3,0.87,1.6
2009-03-17,8.0,2.1,13.0,11998,0.0,0.72,3.1
2009-03-18,5.5,0.0,12.5,13880,0.0,0.63,2.6
2009-03-19,5.0,1.5,9.9,13742,0.0,0.67,2.5
2009-03-20,1.3,-3.1,6.7,14386,0.0,0.49,1.9
2009-03-21,3.7,-3.3,10.6,14542,0.0,0.5,2.0
2009-03-22,6.9,4.9,10.3,7282,0.5,0.85,4.1
2009-03-23,5.3,2.3,6.4,5760,9.6,0.7,5.6
2009-03-24,1.4,-2.4,4.9,10117,2.0,0.5,4.1
2009-03-25,0.8,-3.9,4.1,6537,0.4,0.45,3.2
2009-03-26,4.8,2.1,8.2,6623,3.5,0.69,3.4
2009-03-27,6.6,4.3,11.2,8376,0.3,0.81,3.7
2009-03-28,5.8,1.6,10.1,9418,9.8,0.68,3.0
2009-03-29,4.8,0.0,6.9,6245,0.0,0.6,2.0
2009-03-30,4.0,-1.6,11.5,16016,0.0,0.57,1.8
2009-03-31,5.7,-1.2,14.1,17452,0.0,0.6,2.0
2009-04-01,8.1,-0.5,15.8,18255,0.0,0.64,2.5
2009-04-02,9.7,2.4,16.6,19176,0.0,0.76,3.1
2009-04-03,11.2,1.4,20.1,19667,0.0,0.76,1.9
2009-04-04,12.6,5.0,21.3,16527,0.0,0.94,2.0
2009-04-05,9.7,3.1,16.0,13122,0.0,0.79,1.7
2009-04-06,10.6,4.0,16.4,17811,0.0,0.83,1.8
2009-04-07,13.6,7.8,21.6,16722,1.2,1.11,2.1
2009-04-08,11.2,7.0,16.3,10314,1.9,1.0,2.4
2009-04-09,11.8,7.8,17.6,16992,0.0,1.06,1.7
2009-04-10,14.4,7.2,20.9,20890,0.0,1.06,2.4
2009-04-11,14.7,9.0,21.2,20928,0.0,1.17,2.3
2009-04-12,13.5,7.0,20.2,21308,0.0,1.04,2.0
2009-04-13,12.5,4.8,19.8,21689,0.0,0.9,1.7
2009-04-14,13.9,7.5,21.3,20439,0.0,1.07,1.5
2009-04-15,15.3,9.0,21.9,21515,0.0,1.19,2.3
2009-04-16,13.9,7.8,20.3,22481,0.0,1.08,3.2
2009-04-17,11.1,6.0,17.0,21560,0.0,0.95,3.3
2009-04-18,10.3,3.4,18.1,22766,0.0,0.83,2.5
2009-04-19,8.8,3.0,15.9,23382,0.0,0.78,2.5
2009-04-20,9.9,-1.0,18.6,23641,0.0,0.65,2.1
2009-04-21,10.6,0.7,19.5,23899,0.0,0.71,1.8
2009-04-22,7.0,3.3,14.0,10749,0.2,0.78,2.5
2009-04-23,10.4,2.6,18.1,21137,0.0,0.79,2.0
2009-04-24,11.3,-1.0,20.1,24299,0.0,0.66,2.5
2009-04-25,14.3,7.1,22.8,24061,0.0,1.08,2.6
2009-04-26,15.6,8.3,22.6,22102,0.0,1.15,2.1
2009-04-27,16.2,10.3,23.1,18895,0.1,1.28,2.5
2009-04-28,16.0,11.1,23.2,14428,0.0,1.35,2.6
2009-04-29,13.3,8.2,20.2,12036,0.0,1.11,1.8
2009-04-30,14.6,6.3,24.7,20685,0.0,1.06,1.8
2009-05-01,13.2,3.9,22.8,25522,0.0,0.9,1.9
2009-05-02,12.7,0.3,22.2,25510,0.0,0.73,1.7
2009-05-03,12.4,5.8,20.5,15466,4.7,0.97,1.9
2009-05-04,9.1,5.0,14.4,20196,2.1,0.87,2.8
2009-05-05,9.0,5.2,13.1,9321,5.6,0.87,3.1
2009-05-06,10.4,3.7,15.1,16963,0.9,0.82,4.2
2009-05-07,12.4,4.3,17.9,15140,0.0,0.86,2.4
2009-05-08,13.8,6.1,20.8,16101,2.9,0.99,2.8
2009-05-09,12.7,5.2,18.7,24317,0.5,0.91,2.1
2009-05-10,14.7,8.7,20.3,25681,0.0,1.14,1.8
2009-05-11,10.3,2.9,14.0,9922,0.0,0.76,2.2
2009-05-12,9.8,0.0,17.5,25087,0.0,0.68,2.8
2009-05-13,11.6,2.0,19.0,22731,0.0,0.77,2.5
2009-05-14,12.7,7.1,18.1,21649,0.0,1.02,2.9
2009-05-15,12.2,8.6,15.4,9488,5.6,1.09,3.0
2009-05-16,12.1,7.3,17.8,13535,0.0,1.03,2.3
2009-05-17,15.1,7.5,21.7,19144,8.3,1.09,2.3
2009-05-18,16.2,10.7,21.5,19722,0.1,1.29,2.0
2009-05-19,15.8,7.2,22.7,21077,0.3,1.08,1.5
2009-05-20,16.8,12.0,22.1,22824,0.0,1.4,1.6
2009-05-21,16.5,10.0,22.9,20285,1.5,1.27,2.0
2009-05-22,12.0,7.1,19.2,18258,0.4,1.03,2.5
2009-05-23,13.2,6.8,20.4,26253,0.0,1.03,2.1
2009-05-24,17.1,9.2,24.9,26701,0.0,1.23,2.0
2009-05-25,15.2,6.9,23.7,23232,0.0,1.08,1.6
2009-05-26,19.3,13.8,29.1,19361,15.6,1.65,3.2
2009-05-27,14.5,10.4,18.0,18489,1.8,1.25,3.5
2009-05-28,13.2,8.2,18.1,21018,0.2,1.09,3.7
2009-05-29,12.9,6.9,19.2,23548,0.0,1.01,3.1
2009-05-30,14.6,8.4,21.8,18214,0.0,1.13,2.9
2009-05-31,18.4,9.9,25.9,25991,0.0,1.3,2.4
2009-06-01,18.9,11.0,26.9,29181,0.0,1.38,2.2
2009-06-02,17.9,9.0,26.2,27380,0.0,1.25,2.9
2009-06-03,10.9,4.7,16.4,13481,3.2,0.87,3.9
2009-06-04,9.6,4.2,15.9,19162,0.5,0.84,3.1
2009-06-05,9.5,3.6,15.3,21426,0.0,0.81,2.2
2009-06-06,10.4,1.6,16.7,17503,10.2,0.72,2.4
2009-06-07,10.6,9.5,12.6,10282,4.4,1.15,2.4
2009-06-08,12.4,8.6,16.8,17547,0.8,1.11,2.3
2009-06-09,14.2,8.0,20.4,13085,1.0,1.09,2.3
2009-06-10,15.4,11.9,20.0,19298,0.5,1.38,2.8
2009-06-11,12.5,8.7,17.7,10611,8.7,1.12,4.0
2009-06-12,11.6,7.9,15.7,20911,0.5,1.05,4.2
2009-06-13,13.3,8.1,19.3,29631,0.0,1.1,2.9
2009-06-14,14.8,5.9,22.0,19484,0.8,1.0,1.9
2009-06-15,13.9,11.2,17.4,11049,0.2,1.29,2.0
2009-06-16,12.9,7.1,17.3,22272,0.0,1.01,2.5
2009-06-17,14.1,5.7,21.3,26501,0.0,0.98,1.7
2009-06-18,17.8,13.6,23.2,18455,0.0,1.56,2.6
2009-06-19,13.5,9.2,20.4,16082,2.7,1.17,2.7
2009-06-20,12.9,8.7,18.5,18590,1.5,1.12,2.3
2009-06-21,12.8,7.0,17.4,18853,0.5,1.0,1.8
2009-06-22,15.4,9.2,22.1,23995,0.0,1.2,2.3
2009-06-23,17.3,8.3,24.0,29926,0.0,1.16,3.1
2009-06-24,18.4,9.8,25.2,30577,0.0,1.28,3.0
2009-06-25,15.3,13.4,16.5,11316,24.5,1.49,2.4
2009-06-26,18.2,16.3,21.9,11176,0.0,1.81,2.5
2009-06-27,17.8,12.8,21.8,10771,0.0,1.47,2.3
2009-06-28,16.3,12.1,21.9,14713,0.0,1.41,1.8
2009-06-29,18.6,12.0,26.1,21548,0.0,1.46,1.4
2009-06-30,21.2,17.8,27.2,16264,0.6,2.03,1.4
2009-07-01,22.5,17.2,29.1,17826,0.0,1.98,1.5
2009-07-02,23.4,16.0,29.8,23462,0.0,1.86,1.6
2009-07-03,23.9,15.7,31.3,26725,0.0,1.87,1.6
2009-07-04,21.7,16.7,26.8,18944,0.0,1.9,2.1
2009-07-05,19.0,14.3,26.5,13010,0.0,1.65,1.7
2009-07-06,18.9,11.9,26.7,18892,0.1,1.47,1.9
2009-07-07,18.5,13.2,24.5,20437,2.0,1.54,2.6
2009-07-08,15.9,11.3,21.6,18832,3.8,1.35,3.4
2009-07-09,15.2,11.8,19.8,17098,1.8,1.37,3.3
2009-07-10,13.3,10.6,16.4,12615,6.6,1.24,3.6
2009-07-11,13.6,11.0,18.0,17030,0.8,1.28,2.7
2009-07-12,16.3,9.5,22.0,15949,3.1,1.23,2.0
2009-07-13,19.1,12.6,24.9,21786,0.1,1.5,1.9
2009-07-14,19.5,11.5,28.6,20177,3.6,1.45,1.7
2009-07-15,22.3,16.5,29.6,22347,0.2,1.93,2.1
2009-07-16,21.3,14.4,27.8,26463,0.0,1.69,1.6
2009-07-17,20.9,13.9,27.0,17959,30.6,1.62,2.4
2009-07-18,17.6,14.0,21.5,14666,4.1,1.58,3.1
2009-07-19,16.8,13.0,21.9,17085,0.0,1.49,2.9
2009-07-20,16.4,12.0,21.5,20272,2.3,1.41,3.1
2009-07-21,18.9,11.3,24.9,22027,0.0,1.39,2.0
2009-07-22,21.4,17.0,26.2,15639,0.0,1.92,2.3
2009-07-23,20.5,14.8,25.9,15587,7.5,1.71,2.5
2009-07-24,17.4,11.6,23.8,17978,1.4,1.4,2.7
2009-07-25,15.0,11.7,20.8,15862,2.9,1.36,3.3
2009-07-26,16.7,10.6,22.8,18498,0.0,1.3,2.0
2009-07-27,22.0,15.2,29.0,24581,0.3,1.78,2.3
2009-07-28,18.8,12.7,24.3,20796,0.0,1.49,2.2
2009-07-29,20.5,10.9,27.3,22382,0.1,1.38,1.9
2009-07-30,19.3,12.4,24.3,19121,1.4,1.46,3.4
2009-07-31,16.2,10.1,23.2,25528,0.0,1.26,1.9
2009-08-01,19.1,7.8,25.6,20875,0.0,1.15,1.8
2009-08-02,22.4,17.0,29.3,16239,0.3,1.98,2.2
2009-08-03,18.4,12.1,24.0,15283,0.4,1.43,1.8
2009-08-04,18.1,9.6,25.3,24025,0.0,1.26,1.5
2009-08-05,19.4,11.5,27.0,20161,0.0,1.43,1.6
2009-08-06,21.3,12.7,28.1,22453,0.0,1.55,2.0
2009-08-07,23.4,16.0,29.9,24356,0.0,1.87,2.1
2009-08-08,23.7,17.9,28.6,18023,0.0,2.06,1.8
2009-08-09,22.9,16.0,30.4,22158,0.0,1.88,1.5
2009-08-10,21.8,16.2,30.0,17225,8.7,1.89,1.6
2009-08-11,17.5,14.6,22.4,11950,0.1,1.64,2.4
2009-08-12,17.2,12.4,22.6,11505,0.3,1.44,2.7
2009-08-13,17.0,11.4,23.0,20018,0.0,1.37,2.5
2009-08-14,15.5,9.6,22.1,18935,0.1,1.23,1.7
2009-08-15,19.7,11.0,27.7,21268,0.0,1.41,2.1
2009-08-16,21.4,14.5,28.8,22732,0.0,1.71,2.3
2009-08-17,19.1,12.8,27.2,16321,0.5,1.55,2.4
2009-08-18,17.1,11.2,24.6,16583,0.0,1.37,2.1
2009-08-19,20.0,9.3,28.0,23201,0.0,1.29,1.7
2009-08-20,25.7,17.5,34.3,22710,2.1,2.11,2.5
2009-08-21,17.9,14.3,22.9,8532,7.4,1.61,2.0
2009-08-22,16.4,10.6,22.9,20666,0.0,1.3,1.7
2009-08-23,17.3,7.9,24.6,20656,0.0,1.14,2.0
2009-08-24,19.9,14.3,25.1,22169,0.0,1.64,2.5
2009-08-25,19.8,14.6,26.6,14077,0.2,1.7,1.8
2009-08-26,18.9,13.0,25.5,20141,0.0,1.52,1.7
2009-08-27,20.4,11.2,29.4,18615,0.0,1.44,1.9
2009-08-28,19.5,12.6,25.2,12147,0.0,1.49,3.0
2009-08-29,14.1,10.3,21.1,15257,2.9,1.26,3.0
2009-08-30,13.8,9.2,19.9,12516,0.3,1.17,2.4
2009-08-31,16.9,8.9,25.6,17289,0.0,1.22,2.0
2009-09-01,22.1,14.3,32.6,19977,1.7,1.77,2.6
2009-09-02,18.3,14.2,23.4,17472,0.0,1.62,2.2
2009-09-03,17.2,15.2,22.0,10308,1.8,1.68,3.8
2009-09-04,16.1,13.0,20.7,14645,2.1,1.48,4.0
2009-09-05,15.1,12.2,20.1,10993,2.0,1.4,4.1
2009-09-06,15.2,11.4,19.2,8808,0.7,1.32,2.5
2009-09-07,15.3,10.7,22.0,8607,0.0,1.3,1.7
2009-09-08,18.8,9.9,28.0,19545,0.0,1.32,1.7
2009-09-09,20.4,13.0,30.0,17877,0.0,1.61,1.9
2009-09-10,16.5,10.8,21.2,10145,0.0,1.3,2.4
2009-09-11,13.9,6.3,22.4,12795,0.0,1.03,2.4
2009-09-12,13.9,6.5,21.2,14670,0.2,1.01,2.2
2009-09-13,12.6,10.8,17.4,9515,8.5,1.26,2.7
2009-09-14,14.7,11.3,19.1,10240,0.0,1.31,2.7
2009-09-15,16.5,13.7,20.2,8688,0.1,1.53,2.6
2009-09-16,16.4,9.9,21.8,13698,0.0,1.25,2.6
2009-09-17,11.7,6.1,18.5,12544,0.0,0.97,2.1
2009-09-18,12.2,4.2,20.4,16336,0.0,0.89,1.8
2009-09-19,15.5,8.9,23.3,17170,0.0,1.2,1.6
2009-09-20,16.9,8.2,25.9,15611,0.0,1.17,1.3
2009-09-21,15.5,8.3,20.5,12995,0.0,1.12,1.6
2009-09-22,14.8,7.3,22.9,10906,0.0,1.09,2.1
2009-09-23,15.4,11.2,20.2,8173,0.1,1.33,2.3
2009-09-24,13.4,7.9,19.8,12090,0.0,1.08,1.9
2009-09-25,12.4,6.8,18.8,8821,0.0,1.01,1.7
2009-09-26,13.4,6.9,20.7,11060,0.0,1.03,1.5
2009-09-27,12.3,3.9,22.1,15027,0.0,0.88,1.3
2009-09-28,13.8,7.2,16.0,5166,0.0,1.01,2.4
2009-09-29,12.5,5.5,14.5,5270,6.0,0.89,2.7
2009-09-30,9.5,1.9,15.3,11438,1.2,0.73,1.8
2009-10-01,11.5,6.7,15.3,7441,1.1,0.98,3.1
2009-10-02,8.0,4.5,11.1,5029,3.2,0.82,2.4
2009-10-03,11.3,4.6,14.6,4686,1.9,0.85,3.9
2009-10-04,11.8,8.1,14.4,8440,0.5,1.06,4.6
2009-10-05,9.8,4.9,14.8,10307,0.0,0.87,2.0
2009-10-06,12.2,8.2,15.9,8381,4.3,1.07,2.4
2009-10-07,15.8,10.6,18.7,5143,30.3,1.27,2.7
2009-10-08,10.6,7.1,14.6,8317,3.1,0.99,2.6
2009-10-09,7.6,3.4,14.0,12332,0.0,0.78,2.0
2009-10-10,7.5,5.2,8.7,4898,11.0,0.85,2.3
2009-10-11,9.1,8.0,11.5,4252,9.7,1.03,2.7
2009-10-12,7.4,2.1,11.2,6257,2.2,0.7,3.6
2009-10-13,4.0,-1.4,10.0,9244,1.7,0.56,2.7
2009-10-14,3.4,-1.5,8.4,10130,0.0,0.55,2.9
2009-10-15,4.9,2.9,6.8,4040,0.1,0.73,3.0
2009-10-16,4.3,0.0,8.4,3663,10.2,0.61,3.8
2009-10-17,6.0,2.8,9.6,4578,1.9,0.73,2.8
2009-10-18,4.6,-0.3,9.6,3978,0.2,0.6,1.6
2009-10-19,4.1,-0.3,11.1,8036,0.0,0.61,1.8
2009-10-20,4.7,0.5,9.6,10248,0.0,0.63,2.5
2009-10-21,6.3,5.4,7.7,3337,0.0,0.87,3.0
2009-10-22,6.3,4.5,7.1,3274,5.3,0.81,2.4
2009-10-23,6.1,5.4,7.0,3212,1.3,0.86,1.3
2009-10-24,7.5,6.3,8.5,3151,2.4,0.92,1.8
2009-10-25,10.2,7.9,15.8,3502,0.2,1.06,2.3
2009-10-26,10.9,8.3,12.5,3573,3.3,1.06,2.8
2009-10-27,10.4,9.1,11.5,2973,0.0,1.12,1.8
2009-10-28,9.8,7.8,11.3,2916,3.9,1.02,1.2
2009-10-29,7.7,5.7,10.2,2859,0.0,0.89,1.4
2009-10-30,4.7,0.8,9.1,8211,0.0,0.64,2.1
2009-10-31,3.1,-1.4,7.0,7135,0.0,0.55,2.0
2009-11-01,3.1,0.1,6.6,3638,1.0,0.6,2.8
2009-11-02,5.3,3.0,7.2,2644,16.0,0.74,2.5
2009-11-03,5.4,4.5,6.5,2593,1.7,0.81,2.5
2009-11-04,2.2,0.5,4.4,2543,11.1,0.61,3.5
2009-11-05,6.8,3.7,9.0,2553,1.6,0.78,2.8
2009-11-06,7.3,4.1,11.9,3505,0.0,0.81,2.4
2009-11-07,6.4,3.7,10.6,5654,0.0,0.78,2.6
2009-11-08,4.6,3.7,5.8,2352,0.0,0.76,1.9
2009-11-09,6.2,5.5,6.7,2307,8.3,0.87,2.6
2009-11-10,5.3,4.1,6.1,2263,1.3,0.78,1.8
2009-11-11,5.4,4.5,6.2,2220,1.8,0.81,1.7
2009-11-12,7.0,5.6,9.6,3599,0.2,0.88,2.0
2009-11-13,7.9,5.7,10.1,2138,3.5,0.88,2.6
2009-11-14,10.0,7.7,12.4,2099,0.0,1.02,3.0
2009-11-15,9.6,5.9,13.4,4903,2.1,0.91,2.6
2009-11-16,8.2,6.7,9.0,2023,2.3,0.95,2.2
2009-11-17,9.3,6.6,11.7,1987,0.0,0.95,2.6
2009-11-18,9.3,7.7,10.8,1952,8.0,1.01,4.6
2009-11-19,10.6,6.3,14.0,3775,0.0,0.94,3.4
2009-11-20,9.5,4.2,14.3,4913,0.0,0.83,2.8
2009-11-21,10.4,6.5,13.7,3080,0.3,0.95,2.0
2009-11-22,10.1,7.2,13.0,1822,0.2,0.99,3.4
2009-11-23,9.1,7.8,10.9,1937,9.5,1.02,5.7
2009-11-24,9.9,8.5,12.2,2619,2.3,1.08,4.9
2009-11-25,12.4,8.5,14.0,2019,2.2,1.08,4.1
2009-11-26,9.2,7.7,11.1,2129,1.5,1.02,4.4
2009-11-27,6.7,4.7,8.6,1823,8.9,0.83,4.3
2009-11-28,6.9,5.4,9.3,2392,7.2,0.87,4.1
2009-11-29,8.6,6.0,10.4,1774,0.3,0.9,3.1
2009-11-30,5.8,4.5,7.8,1616,0.7,0.82,1.8
2009-12-01,3.0,-2.8,5.7,1595,0.0,0.49,2.1
2009-12-02,-0.8,-3.3,1.7,2457,0.0,0.46,2.1
2009-12-03,3.4,0.9,5.6,1644,0.3,0.63,3.0
2009-12-04,4.0,1.7,4.7,1539,0.5,0.66,2.1
2009-12-05,2.4,-0.1,3.9,1824,4.0,0.59,2.9
2009-12-06,5.8,2.4,8.7,1506,5.9,0.71,2.9
2009-12-07,5.8,1.9,9.1,3577,0.0,0.69,2.3
2009-12-08,3.9,1.2,5.2,1479,0.7,0.64,2.7
2009-12-09,4.5,0.4,6.6,1466,0.0,0.62,1.9
2009-12-10,3.1,0.7,4.9,1455,12.3,0.62,2.8
2009-12-11,4.1,2.3,4.9,1445,0.2,0.69,3.0
2009-12-12,2.1,-1.4,3.2,1435,0.8,0.53,2.5
2009-12-13,-1.5,-2.9,-0.4,1427,0.3,0.47,2.4
2009-12-14,-0.8,-1.7,-0.1,1420,0.1,0.52,2.2
2009-12-15,-0.7,-2.7,0.2,1414,0.0,0.48,2.1
2009-12-16,-2.9,-5.5,0.7,3539,0.0,0.4,1.9
2009-12-17,-2.4,-4.3,-0.3,2918,0.3,0.43,1.9
2009-12-18,-7.9,-12.1,-2.3,1402,0.1,0.25,2.5
2009-12-19,-12.6,-15.6,-9.8,3114,0.0,0.18,1.8
2009-12-20,-11.3,-15.2,-7.1,1888,2.2,0.19,3.2
2009-12-21,-2.6,-7.2,-0.1,1399,1.2,0.35,2.7
2009-12-22,-0.5,-3.3,2.5,1400,3.2,0.47,3.1
2009-12-23,-1.0,-4.6,1.7,2506,0.0,0.43,2.2
2009-12-24,-0.3,-3.3,0.7,1406,2.8,0.46,2.4
2009-12-25,1.9,0.5,3.9,1410,6.1,0.61,4.4
2009-12-26,3.6,2.3,6.0,2895,0.2,0.7,3.8
2009-12-27,1.8,-0.6,5.3,2329,2.4,0.57,3.0
2009-12-28,2.0,-1.5,4.7,2836,0.3,0.53,2.7
2009-12-29,-0.9,-1.8,0.0,1438,0.3,0.52,2.2
2009-12-30,-1.1,-1.9,-0.1,1447,1.8,0.51,3.0
2009-12-31,-0.4,-1.4,-0.1,1458,0.1,0.53,2.7
2010-01-01,-1.1,-1.6,-0.4,1470,2.1,0.52,2.4
2010-01-02,-4.2,-9.8,-1.7,2839,0.1,0.29,2.5
2010-01-03,-4.7,-5.7,-3.8,1496,0.0,0.38,2.0
2010-01-04,-5.1,-5.6,-3.8,2670,0.3,0.38,2.0
2010-01-05,-5.2,-11.2,-2.3,1527,0.0,0.26,2.1
2010-01-06,-10.6,-14.0,-7.1,3025,0.2,0.2,1.4
2010-01-07,-7.6,-12.0,-4.7,1562,0.4,0.24,1.4
2010-01-08,-4.5,-6.4,-2.7,1581,0.0,0.36,3.0
2010-01-09,-1.2,-2.6,-0.4,1601,4.8,0.48,4.5
2010-01-10,-1.1,-1.8,0.1,1622,2.1,0.51,3.2
2010-01-11,-2.6,-3.6,-1.6,1645,1.3,0.45,2.1
2010-01-12,-3.9,-5.1,-2.9,1668,0.0,0.4,2.0
2010-01-13,-2.9,-3.6,-2.0,1693,0.0,0.45,3.3
2010-01-14,-2.2,-3.4,-1.4,1718,0.0,0.46,2.7
2010-01-15,-3.4,-4.3,-2.5,1745,0.0,0.42,1.9
2010-01-16,-2.4,-3.3,-1.7,1773,0.0,0.46,3.2
2010-01-17,-2.3,-3.3,-1.2,1802,3.3,0.46,3.0
2010-01-18,-1.4,-3.2,0.3,2028,3.5,0.46,2.0
2010-01-19,0.5,-0.2,1.7,1863,1.6,0.58,1.6
2010-01-20,-2.2,-6.3,-0.4,1896,0.6,0.37,2.3
2010-01-21,-7.3,-7.7,-6.4,2081,0.0,0.33,2.1
2010-01-22,-6.8,-8.0,-5.9,1964,0.0,0.32,2.3
2010-01-23,-9.6,-10.9,-8.1,2568,0.0,0.25,2.6
2010-01-24,-11.1,-13.6,-9.3,2036,0.0,0.21,2.7
2010-01-25,-10.0,-14.8,-6.8,4300,0.0,0.19,2.2
2010-01-26,-14.5,-19.0,-6.9,6405,0.0,0.14,1.9
2010-01-27,-8.8,-18.8,-0.3,2153,4.3,0.16,2.9
2010-01-28,0.9,-0.2,2.4,2360,0.1,0.58,4.7
2010-01-29,-0.1,-0.7,1.6,2237,8.2,0.56,3.6
2010-01-30,-4.9,-14.1,-0.8,2450,1.1,0.22,3.4
2010-01-31,-3.8,-13.1,0.6,2325,2.9,0.24,2.9
2010-02-01,-0.1,-3.2,1.3,2428,0.7,0.47,3.4
2010-02-02,-2.7,-8.8,0.8,2417,10.4,0.32,4.7
2010-02-03,0.7,-1.2,2.9,3771,0.0,0.54,4.0
2010-02-04,-0.2,-2.0,1.4,2514,0.4,0.51,2.1
2010-02-05,1.1,-0.7,2.6,6036,0.0,0.56,2.7
2010-02-06,-1.0,-6.8,0.4,2615,0.0,0.36,2.1
2010-02-07,-7.3,-10.1,-6.1,2667,0.0,0.27,2.0
2010-02-08,-4.8,-6.7,-2.6,2784,0.0,0.36,2.3
2010-02-09,-4.5,-5.5,-3.1,2775,0.0,0.39,2.1
2010-02-10,-5.3,-6.9,-3.9,2830,0.4,0.35,2.3
2010-02-11,-2.1,-5.6,-0.5,2886,1.0,0.39,3.4
2010-02-12,-2.6,-4.3,-1.2,2943,3.8,0.43,2.9
2010-02-13,-3.2,-5.8,-0.5,3001,1.3,0.38,2.0
2010-02-14,-4.2,-6.1,-0.2,6956,0.0,0.38,1.1
2010-02-15,-4.1,-7.1,-0.9,5058,0.0,0.35,1.5
2010-02-16,-2.7,-4.7,1.1,6265,0.0,0.42,2.1
2010-02-17,-3.1,-6.6,0.2,8493,0.0,0.37,2.3
2010-02-18,0.0,-2.3,2.6,3307,0.6,0.5,2.2
2010-02-19,1.7,-1.0,5.1,3807,0.2,0.56,2.4
2010-02-20,1.8,-0.8,4.2,6232,0.0,0.56,3.4
2010-02-21,-0.1,-2.8,4.1,7449,0.0,0.49,2.5
2010-02-22,1.2,-1.7,4.3,4397,4.7,0.53,2.7
2010-02-23,0.7,-1.9,4.4,3635,0.0,0.52,2.9
2010-02-24,-0.6,-2.2,0.5,3703,2.2,0.5,2.5
2010-02-25,3.2,0.1,7.2,4631,0.2,0.6,3.1
2010-02-26,4.2,2.5,6.7,3841,0.4,0.71,3.6
2010-02-27,5.0,3.2,8.0,5030,0.4,0.75,3.6
2010-02-28,4.5,2.2,10.0,4225,4.9,0.71,4.6
2010-03-01,2.9,1.1,4.4,5117,0.5,0.64,5.0
2010-03-02,2.3,0.9,5.4,6275,1.6,0.64,2.8
2010-03-03,1.3,-3.4,5.7,6456,0.7,0.47,2.8
2010-03-04,-1.4,-4.5,2.4,8496,0.3,0.43,2.8
2010-03-05,-1.6,-5.4,2.8,10408,0.0,0.4,2.8
2010-03-06,-1.7,-6.4,1.9,10030,0.2,0.38,3.7
2010-03-07,-2.3,-9.1,3.9,11907,0.0,0.32,2.6
2010-03-08,-0.7,-5.4,3.3,7657,0.0,0.41,2.0
2010-03-09,-2.3,-7.6,3.9,13636,0.0,0.36,2.7
2010-03-10,-2.6,-3.9,0.7,7783,0.0,0.45,3.2
2010-03-11,-2.0,-3.9,0.1,4806,1.0,0.44,2.3
2010-03-12,3.4,0.6,6.9,4884,0.4,0.62,2.7
2010-03-13,3.9,2.0,6.8,5517,0.5,0.69,3.9
2010-03-14,3.7,-0.3,6.5,5134,7.0,0.59,4.6
2010-03-15,1.4,-0.5,4.5,6533,2.8,0.57,3.7
2010-03-16,2.0,-0.8,5.2,7387,0.0,0.56,3.0
2010-03-17,5.9,0.2,10.2,5758,0.0,0.62,2.5
2010-03-18,8.8,2.6,15.6,13202,0.0,0.77,2.2
2010-03-19,10.4,6.4,13.6,5634,0.9,0.94,2.9
2010-03-20,11.5,8.9,14.2,5518,9.2,1.1,3.2
2010-03-21,9.5,2.7,12.2,8977,4.3,0.75,3.4
2010-03-22,6.7,-0.3,13.4,16200,0.0,0.63,1.7
2010-03-23,8.2,1.3,14.2,12932,0.0,0.7,2.1
2010-03-24,8.2,0.4,14.5,11441,0.0,0.66,2.3
2010-03-25,12.9,5.8,19.9,16594,0.1,0.96,2.2
2010-03-26,12.9,5.4,19.7,12104,7.7,0.94,2.9
2010-03-27,7.4,5.2,11.0,6396,2.7,0.87,3.4
2010-03-28,7.6,4.4,11.8,7949,4.9,0.82,3.5
2010-03-29,6.9,3.4,11.0,7514,0.2,0.76,2.5
2010-03-30,9.1,3.2,14.7,8349,3.5,0.78,3.0
2010-03-31,8.9,5.9,12.2,11768,0.0,0.9,3.7
2010-04-01,5.1,1.9,9.4,13181,1.5,0.69,3.6
2010-04-02,6.1,0.6,12.7,18849,0.1,0.65,2.4
2010-04-03,7.6,-1.0,13.0,14743,4.5,0.6,2.8
2010-04-04,8.4,5.5,13.3,11351,0.7,0.89,3.0
2010-04-05,6.2,1.2,9.8,7692,0.0,0.67,2.7
2010-04-06,8.7,2.8,14.1,15916,0.0,0.77,2.1
2010-04-07,10.5,3.6,15.5,20199,0.0,0.8,2.5
2010-04-08,9.8,3.8,16.2,13924,0.2,0.82,2.1
2010-04-09,8.1,2.8,13.7,11659,0.0,0.75,2.6
2010-04-10,8.3,5.2,14.4,14044,0.2,0.88,2.7
2010-04-11,5.8,3.5,8.7,8194,0.6,0.76,3.0
2010-04-12,7.1,2.1,14.0,16349,0.0,0.73,3.0
2010-04-13,7.5,1.3,15.1,16124,0.0,0.7,2.3
2010-04-14,7.7,1.8,13.0,18691,0.0,0.71,2.6
2010-04-15,7.8,0.7,15.5,21398,0.0,0.69,2.2
2010-04-16,8.4,3.1,14.4,17186,0.0,0.78,2.9
2010-04-17,7.9,0.6,16.8,22151,0.0,0.69,2.4
2010-04-18,11.0,2.3,20.3,22647,0.0,0.79,1.9
2010-04-19,7.0,-0.1,13.3,19566,0.0,0.63,2.1
2010-04-20,5.5,-2.1,13.1,10105,1.2,0.56,2.9
2010-04-21,5.5,1.2,9.4,14276,1.9,0.66,3.6
2010-04-22,5.8,0.5,11.5,15580,0.0,0.65,2.4
2010-04-23,5.6,-0.4,13.9,22834,0.0,0.62,2.0
2010-04-24,9.2,2.4,16.5,17848,0.0,0.77,1.7
2010-04-25,13.8,1.3,20.7,23328,0.0,0.76,2.3
2010-04-26,12.0,9.3,16.0,9840,2.8,1.15,2.6
2010-04-27,10.7,7.1,16.5,15326,0.0,1.01,2.3
2010-04-28,12.9,4.2,21.3,22453,0.0,0.89,1.6
2010-04-29,17.8,12.4,24.9,17982,0.3,1.47,2.1
2010-04-30,15.0,9.5,19.5,12236,0.4,1.19,3.3
2010-05-01,11.6,6.3,19.3,16923,0.4,0.99,2.3
2010-05-02,10.5,3.6,16.4,22760,0.2,0.82,1.8
2010-05-03,8.1,6.5,9.6,8822,8.6,0.93,2.1
2010-05-04,6.7,0.1,12.5,13408,0.4,0.64,3.0
2010-05-05,6.7,-1.6,13.6,24949,0.0,0.58,3.3
2010-05-06,6.3,4.2,9.4,9002,11.3,0.8,3.4
2010-05-07,7.6,6.0,9.6,9060,1.2,0.91,2.4
2010-05-08,8.3,7.2,10.8,9118,0.7,0.98,1.5
2010-05-09,9.6,5.6,14.6,10955,0.0,0.9,1.4
2010-05-10,8.2,6.0,11.8,10887,0.0,0.92,1.8
2010-05-11,9.8,6.5,14.1,9922,13.9,0.95,2.3
2010-05-12,9.4,7.0,12.6,9464,0.3,0.97,2.7
2010-05-13,8.7,7.8,10.5,9387,0.0,1.02,2.0
2010-05-14,8.4,7.7,9.9,9438,5.5,1.01,1.9
2010-05-15,7.4,6.0,9.2,9488,7.4,0.9,2.9
2010-05-16,10.6,3.7,16.7,19984,0.0,0.82,3.6
2010-05-17,10.7,2.9,18.0,19919,0.0,0.8,2.7
2010-05-18,9.4,6.9,12.6,9888,10.6,0.97,3.3
2010-05-19,12.7,8.4,16.8,9804,0.0,1.09,3.2
2010-05-20,13.4,8.8,15.1,9718,0.5,1.11,2.3
2010-05-21,14.5,7.0,22.2,27171,0.0,1.07,2.1
2010-05-22,12.1,8.0,16.5,9801,0.0,1.06,2.0
2010-05-23,16.0,10.3,23.7,18959,0.0,1.3,2.3
2010-05-24,13.7,9.9,19.3,14313,13.6,1.21,2.8
2010-05-25,10.8,4.2,15.7,22579,0.0,0.83,3.0
2010-05-26,9.6,1.9,15.0,20015,2.2,0.72,2.0
2010-05-27,11.3,7.2,15.8,12212,1.5,1.01,1.9
2010-05-28,12.6,5.5,19.5,17745,5.6,0.95,2.1
2010-05-29,12.8,3.8,19.6,26431,0.1,0.86,1.8
2010-05-30,14.0,10.8,18.4,12576,8.1,1.28,3.0
2010-05-31,10.8,10.3,12.3,10114,1.6,1.21,3.3
2010-06-01,11.0,10.1,12.6,10142,1.9,1.19,2.7
2010-06-02,15.1,9.8,21.0,25541,0.0,1.22,2.9
2010-06-03,15.5,8.7,21.7,30045,0.0,1.15,2.8
2010-06-04,14.3,8.0,21.6,29159,0.0,1.11,1.9
2010-06-05,17.0,7.5,25.6,27875,0.0,1.14,1.4
2010-06-06,20.0,9.7,28.1,25139,2.8,1.33,1.7
2010-06-07,16.5,10.1,20.2,11599,0.1,1.24,3.0
2010-06-08,17.6,9.8,23.9,24003,0.8,1.25,1.9
2010-06-09,20.1,15.2,26.2,20597,9.6,1.74,1.8
2010-06-10,21.2,15.7,27.0,20616,2.0,1.79,1.9
2010-06-11,20.7,14.0,25.4,21292,6.4,1.62,3.0
2010-06-12,14.3,10.3,18.4,17218,0.1,1.23,2.8
2010-06-13,12.5,7.2,16.6,13537,0.0,1.02,2.2
2010-06-14,13.8,5.1,19.5,18165,0.0,0.93,1.6
2010-06-15,14.1,7.3,18.6,26091,0.0,1.04,2.7
2010-06-16,15.2,5.3,21.9,29530,0.0,0.97,3.1
2010-06-17,17.1,7.3,24.0,30196,0.0,1.1,2.4
2010-06-18,13.0,8.9,17.9,17004,0.0,1.13,3.0
2010-06-19,11.0,7.8,17.0,14235,2.1,1.05,2.9
2010-06-20,12.4,9.3,17.4,13840,0.7,1.15,2.2
2010-06-21,13.6,8.2,21.2,21888,0.0,1.12,1.9
2010-06-22,14.9,6.2,21.5,19510,0.0,1.0,1.6
2010-06-23,16.1,7.2,23.3,22275,0.0,1.09,1.4
2010-06-24,18.8,8.3,27.4,28335,0.0,1.21,1.4
2010-06-25,17.8,10.8,24.5,14744,0.2,1.33,1.8
2010-06-26,17.0,10.6,24.4,27785,0.0,1.32,1.8
2010-06-27,18.2,7.8,26.1,30275,0.0,1.15,1.6
2010-06-28,21.2,13.5,28.5,30390,0.0,1.63,1.5
2010-06-29,22.1,14.0,32.1,25630,0.4,1.72,1.5
2010-06-30,19.7,13.2,25.6,25743,0.0,1.56,1.8
2010-07-01,21.2,13.3,27.4,25590,0.0,1.58,1.5
2010-07-02,25.0,17.9,32.4,26487,0.0,2.14,1.6
2010-07-03,26.8,19.0,33.8,29485,0.0,2.27,1.9
2010-07-04,23.3,17.6,28.6,16711,0.0,2.02,2.0
2010-07-05,22.0,16.1,28.8,22333,2.0,1.88,2.1
2010-07-06,16.2,10.3,22.3,18367,0.1,1.28,2.6
2010-07-07,17.2,8.4,24.7,28831,0.0,1.18,1.6
2010-07-08,23.6,15.2,32.2,25648,0.0,1.83,1.6
2010-07-09,26.2,17.0,34.6,28885,0.0,2.08,1.6
2010-07-10,28.9,21.0,37.4,25440,0.0,2.63,1.6
2010-07-11,27.7,22.5,33.7,22522,0.2,2.75,1.9
2010-07-12,27.5,18.6,36.5,21698,4.9,2.31,2.2
2010-07-13,22.1,17.2,28.4,23222,0.0,1.98,1.9
2010-07-14,25.5,16.2,31.5,28262,0.6,1.94,2.3
2010-07-15,22.1,14.6,28.2,20263,0.0,1.73,2.8
2010-07-16,23.3,12.4,32.0,27244,0.0,1.58,2.0
2010-07-17,21.0,12.6,25.3,13410,0.1,1.5,2.3
2010-07-18,18.1,11.7,25.6,22196,0.0,1.42,1.9
2010-07-19,20.5,10.6,28.6,28624,0.0,1.4,1.7
2010-07-20,22.9,13.9,29.3,28560,0.0,1.67,1.9
2010-07-21,25.7,17.8,33.2,27846,0.0,2.14,2.0
2010-07-22,22.5,18.5,29.0,15123,1.7,2.15,2.0
2010-07-23,19.7,16.8,25.3,14555,0.0,1.9,1.8
2010-07-24,18.1,14.8,22.6,14245,0.0,1.66,3.4
2010-07-25,16.8,9.3,22.6,18175,0.0,1.21,2.6
2010-07-26,16.9,7.2,25.2,17985,0.0,1.12,1.6
2010-07-27,19.7,14.7,26.6,15488,0.0,1.7,1.7
2010-07-28,17.3,11.3,24.0,18623,1.7,1.38,2.4
2010-07-29,16.3,10.1,22.6,19703,0.0,1.27,2.5
2010-07-30,16.9,9.8,22.3,14664,0.0,1.25,2.3
2010-07-31,19.9,8.3,28.2,21081,0.1,1.23,2.0
2010-08-01,22.5,18.0,29.0,14535,3.9,2.06,1.9
2010-08-02,20.6,16.6,25.0,17504,2.0,1.87,1.5
2010-08-03,16.9,11.9,21.8,10361,5.8,1.4,2.0
2010-08-04,17.6,10.0,24.4,18485,1.8,1.29,2.0
2010-08-05,18.9,15.6,24.8,12751,6.0,1.76,1.9
2010-08-06,18.1,15.4,22.7,15939,0.0,1.71,2.2
2010-08-07,20.0,13.6,27.1,20483,0.0,1.59,1.9
2010-08-08,19.4,13.2,26.4,12167,0.4,1.56,1.7
2010-08-09,17.9,14.0,25.0,12469,0.5,1.62,1.6
2010-08-10,20.4,13.8,28.3,15739,0.0,1.65,1.7
2010-08-11,18.8,15.2,22.2,8986,6.3,1.7,1.9
2010-08-12,17.6,15.2,19.5,8551,4.8,1.68,1.5
2010-08-13,18.9,15.5,23.7,14743,6.8,1.74,1.5
2010-08-14,15.8,14.9,16.5,8420,0.8,1.63,2.1
2010-08-15,18.7,15.4,22.7,8719,35.8,1.71,2.7
2010-08-16,17.7,15.5,21.8,13991,6.5,1.73,2.5
2010-08-17,17.5,13.4,22.2,14507,7.3,1.52,3.0
2010-08-18,16.4,14.5,20.8,11040,5.7,1.62,3.1
2010-08-19,16.1,11.6,22.6,15880,0.1,1.38,2.6
2010-08-20,18.4,11.1,26.1,20798,0.0,1.39,1.7
2010-08-21,21.6,14.8,29.1,19126,0.0,1.74,2.0
2010-08-22,21.8,17.0,27.3,14384,0.3,1.95,2.1
2010-08-23,19.5,17.0,22.8,8147,6.8,1.89,2.8
2010-08-24,18.2,12.4,21.5,17940,0.2,1.44,4.0
2010-08-25,15.3,12.0,20.6,14428,1.9,1.4,3.2
2010-08-26,14.9,12.6,17.0,7572,7.6,1.41,2.2
2010-08-27,14.6,11.6,16.2,7497,11.4,1.33,3.1
2010-08-28,12.7,9.5,17.8,12377,1.0,1.18,2.9
2010-08-29,13.0,9.5,18.6,10671,13.5,1.18,3.1
2010-08-30,11.4,9.6,12.8,7270,15.7,1.15,3.3
2010-08-31,13.2,8.3,19.4,13773,0.5,1.1,2.7
2010-09-01,14.0,11.6,19.9,10163,0.7,1.35,2.0
2010-09-02,13.4,7.3,20.1,9732,0.1,1.05,1.8
2010-09-03,11.8,4.7,19.6,19341,0.4,0.91,1.4
2010-09-04,12.3,8.0,17.6,13758,0.0,1.08,1.6
2010-09-05,13.0,7.7,19.6,17936,0.0,1.07,2.0
2010-09-06,12.3,4.9,19.0,18446,0.0,0.9,2.6
2010-09-07,12.8,7.0,17.7,11654,0.0,1.01,3.1
2010-09-08,15.3,11.7,19.5,11759,2.4,1.35,3.3
2010-09-09,13.6,12.9,15.3,6489,3.8,1.44,2.2
2010-09-10,15.1,11.3,19.8,10785,0.0,1.33,2.0
2010-09-11,14.9,10.6,20.9,7178,0.0,1.27,1.8
2010-09-12,17.2,11.2,23.8,12776,4.3,1.37,1.6
2010-09-13,15.0,11.6,19.7,9933,6.7,1.35,2.3
2010-09-14,14.0,12.2,15.4,6091,16.1,1.38,3.4
2010-09-15,14.3,12.1,17.6,14763,1.6,1.37,4.1
2010-09-16,12.4,9.8,16.5,9814,0.1,1.19,3.6
2010-09-17,12.5,10.1,16.0,11834,0.4,1.21,3.2
2010-09-18,10.8,9.0,14.1,8589,0.8,1.12,2.6
2010-09-19,11.6,7.2,16.2,8786,2.1,1.01,2.4
2010-09-20,13.8,11.6,15.5,5612,2.7,1.33,2.5
2010-09-21,13.1,6.0,18.5,10344,0.0,0.97,1.8
2010-09-22,12.6,3.8,20.6,15287,0.0,0.87,1.5
2010-09-23,16.4,10.1,24.5,15800,0.0,1.29,1.7
2010-09-24,16.3,12.1,22.9,10176,1.0,1.43,2.0
2010-09-25,12.1,10.2,14.0,5216,30.7,1.21,2.2
2010-09-26,10.7,10.0,11.3,5137,20.3,1.18,2.2
2010-09-27,13.4,12.0,13.7,5059,0.1,1.35,3.0
2010-09-28,10.8,8.2,12.0,4981,0.1,1.05,2.5
2010-09-29,8.2,3.3,14.0,6275,0.0,0.78,1.7
2010-09-30,8.0,3.8,13.6,6910,0.0,0.8,1.7
2010-10-01,8.4,3.9,13.3,14437,0.0,0.81,2.1
2010-10-02,9.6,5.6,12.8,5384,0.0,0.9,2.6
2010-10-03,12.9,9.8,17.5,6972,0.0,1.19,3.1
2010-10-04,13.1,9.7,17.1,12792,0.0,1.18,3.0
2010-10-05,14.4,11.7,17.7,10393,0.0,1.34,2.3
2010-10-06,15.3,11.6,19.7,10257,0.1,1.35,2.4
2010-10-07,14.5,12.1,16.9,4299,0.0,1.37,1.9
2010-10-08,12.9,10.6,17.2,6731,0.0,1.25,2.5
2010-10-09,11.4,6.8,17.9,12166,0.0,1.0,2.6
2010-10-10,7.8,1.3,15.5,12498,0.0,0.71,2.4
2010-10-11,4.0,-0.7,10.3,4414,0.0,0.59,2.1
2010-10-12,4.1,-0.5,12.9,5698,0.0,0.61,1.4
2010-10-13,5.8,0.6,13.3,11141,0.0,0.66,1.5
2010-10-14,7.0,-0.4,12.1,3878,0.0,0.61,1.9
2010-10-15,9.2,4.5,13.0,5895,0.7,0.83,1.6
2010-10-16,6.5,4.9,8.4,3663,0.0,0.84,2.6
2010-10-17,5.8,1.1,8.2,3596,0.0,0.65,2.2
2010-10-18,4.8,-1.5,11.5,9797,2.7,0.57,1.9
2010-10-19,7.0,5.4,9.6,3833,2.4,0.87,3.2
2010-10-20,6.8,3.4,10.2,5513,5.4,0.77,3.6
2010-10-21,5.1,1.9,7.8,3768,1.4,0.69,3.7
2010-10-22,7.6,5.4,9.4,3274,0.5,0.87,2.9
2010-10-23,7.3,3.2,11.6,8339,0.1,0.76,3.2
2010-10-24,7.5,1.7,9.1,3220,0.5,0.68,3.8
2010-10-25,5.0,0.5,10.3,8710,0.0,0.63,2.6
2010-10-26,5.4,0.7,10.1,8040,0.0,0.64,2.0
2010-10-27,6.6,4.6,8.2,2973,5.8,0.82,2.7
2010-10-28,8.9,7.2,10.8,2916,1.0,0.98,2.7
2010-10-29,9.9,7.0,12.8,7422,0.0,0.98,2.4
2010-10-30,9.8,6.5,14.3,3448,0.0,0.96,2.4
2010-10-31,6.7,3.1,11.6,3004,0.0,0.76,1.7
2010-11-01,6.7,2.7,9.2,2696,0.0,0.72,1.4
2010-11-02,8.6,7.6,10.8,2644,0.0,1.01,2.4
2010-11-03,11.2,9.2,13.3,3082,8.3,1.13,4.0
2010-11-04,12.4,8.9,14.5,2543,19.0,1.12,4.5
2010-11-05,13.0,9.7,14.6,2732,13.4,1.17,4.6
2010-11-06,7.1,-0.1,10.7,3270,0.7,0.62,3.2
2010-11-07,1.1,-1.9,7.0,4026,0.0,0.53,1.7
2010-11-08,1.8,-2.0,4.5,2352,0.1,0.51,2.2
2010-11-09,3.4,2.4,4.4,2307,0.0,0.7,2.0
2010-11-10,5.6,4.2,6.9,2487,3.7,0.79,2.1
2010-11-11,5.0,2.9,7.6,3437,3.3,0.73,4.3
2010-11-12,9.4,6.7,11.5,2616,0.2,0.95,6.1
2010-11-13,9.7,7.9,11.6,2408,0.6,1.03,4.4
2010-11-14,12.2,8.7,15.7,2205,0.6,1.11,2.9
2010-11-15,8.8,4.9,14.2,3850,0.0,0.87,2.4
2010-11-16,5.7,4.6,7.0,2023,0.6,0.81,2.3
2010-11-17,4.7,3.8,5.5,1987,0.0,0.77,2.4
2010-11-18,4.8,3.7,5.5,1952,11.3,0.76,1.8
2010-11-19,5.3,4.1,6.9,1918,0.0,0.79,1.8
2010-11-20,5.8,4.8,7.1,1885,0.7,0.83,1.5
2010-11-21,5.2,1.8,6.7,1853,0.0,0.68,2.3
2010-11-22,3.6,1.4,4.9,1822,14.0,0.66,3.1
2010-11-23,2.6,1.5,3.8,1793,2.1,0.65,3.8
2010-11-24,0.3,-1.1,1.6,1764,0.4,0.54,3.3
2010-11-25,-2.0,-4.3,0.3,2301,0.0,0.43,1.8
2010-11-26,-2.0,-3.5,-1.0,1710,0.5,0.45,1.8
2010-11-27,-3.2,-6.9,0.0,2838,0.0,0.36,1.4
2010-11-28,-2.7,-4.9,-0.3,3259,0.0,0.41,1.9
2010-11-29,-0.6,-2.4,0.7,1638,0.1,0.49,3.1
2010-11-30,-3.1,-6.8,-0.4,2916,0.1,0.36,2.9
2010-12-01,-8.6,-10.3,-7.0,2440,1.7,0.27,4.4
2010-12-02,-7.5,-8.5,-6.3,1575,2.7,0.31,2.4
2010-12-03,-5.3,-8.1,-4.2,1556,0.5,0.32,1.8
2010-12-04,-5.5,-9.0,-2.1,5186,4.2,0.3,3.0
2010-12-05,-0.5,-4.3,1.3,1522,4.8,0.43,3.5
2010-12-06,0.6,-0.9,1.2,1506,0.0,0.55,1.7
2010-12-07,-2.0,-4.6,-0.6,1492,0.0,0.42,1.6
2010-12-08,-4.0,-5.7,-2.5,1479,5.1,0.39,2.0
2010-12-09,-1.7,-4.1,0.4,1508,0.2,0.44,4.2
2010-12-10,-2.4,-6.7,1.5,2710,7.0,0.37,3.4
2010-12-11,4.4,1.5,6.2,1445,1.9,0.66,5.3
2010-12-12,0.0,-4.8,3.1,1435,0.7,0.42,4.0
2010-12-13,-4.7,-7.9,-2.2,1427,0.7,0.33,2.6
2010-12-14,-1.8,-3.4,-0.8,1420,0.2,0.46,2.9
2010-12-15,-2.6,-3.2,-2.2,1414,0.8,0.46,3.0
2010-12-16,-3.3,-4.7,-2.5,1409,12.6,0.41,3.4
2010-12-17,-4.6,-6.6,-2.7,1405,0.1,0.36,2.1
2010-12-18,-7.4,-8.5,-4.7,1402,0.0,0.31,1.8
2010-12-19,-8.7,-10.1,-7.8,1400,2.7,0.27,2.4
2010-12-20,-7.4,-11.4,-5.7,1399,0.7,0.25,2.7
2010-12-21,-14.0,-18.1,-8.4,2052,0.0,0.15,1.6
2010-12-22,-6.0,-14.2,-3.3,1400,4.7,0.21,2.1
2010-12-23,-1.4,-3.2,-0.4,1403,18.6,0.46,2.8
2010-12-24,-2.0,-4.4,-0.4,1406,0.0,0.42,3.9
2010-12-25,-6.1,-8.8,-4.2,1410,0.0,0.3,3.1
2010-12-26,-7.2,-10.5,-2.3,2608,2.4,0.27,2.0
2010-12-27,-3.8,-6.3,-2.1,1422,2.7,0.37,2.0
2010-12-28,-7.1,-8.5,-5.0,1429,0.0,0.31,1.9
2010-12-29,-8.5,-10.2,-7.8,1438,0.0,0.27,1.6
2010-12-30,-8.3,-10.8,-2.9,1447,0.3,0.27,1.5
2010-12-31,0.8,-2.8,1.8,1458,0.2,0.48,2.3
2011-01-01,2.1,-1.2,3.6,2397,0.2,0.54,3.4
2011-01-02,-0.6,-4.9,1.5,2797,0.0,0.41,2.6
2011-01-03,-2.2,-6.0,-0.3,2520,0.0,0.38,1.9
2011-01-04,0.1,-2.4,0.8,1511,0.0,0.49,2.1
2011-01-05,-5.4,-7.5,-2.3,3429,0.4,0.34,2.8
2011-01-06,0.2,-5.0,3.5,1544,7.3,0.42,3.5
2011-01-07,2.2,1.2,4.1,1562,2.9,0.64,2.5
2011-01-08,4.6,2.0,7.6,2510,5.1,0.69,3.2
2011-01-09,4.1,1.4,5.8,1914,3.1,0.66,2.6
2011-01-10,0.8,-2.1,4.3,3379,0.0,0.51,1.9
2011-01-11,-0.6,-2.8,3.0,1645,0.7,0.48,2.7
2011-01-12,2.7,1.5,3.5,2035,1.2,0.65,3.4
2011-01-13,4.0,1.9,8.4,1693,6.4,0.69,3.2
2011-01-14,9.2,8.2,10.1,1718,7.3,1.05,3.6
2011-01-15,7.8,6.7,8.6,2360,2.2,0.94,3.7
2011-01-16,8.3,6.7,10.6,1964,0.0,0.95,2.7
2011-01-17,6.4,3.0,9.0,2092,0.1,0.74,2.1
2011-01-18,5.6,1.6,7.8,1832,0.1,0.67,2.2
2011-01-19,3.1,2.0,4.6,2110,0.6,0.68,2.2
2011-01-20,0.4,-0.7,1.9,1896,0.0,0.56,2.1
2011-01-21,-1.0,-1.5,-0.8,1929,0.2,0.52,2.1
2011-01-22,0.1,-0.8,0.8,1964,0.2,0.55,1.8
2011-01-23,0.9,-0.3,1.9,1999,0.0,0.57,1.8
2011-01-24,1.7,-0.2,3.7,2036,0.8,0.58,2.3
2011-01-25,3.0,1.1,4.5,2339,1.7,0.64,3.6
2011-01-26,0.4,-1.3,1.0,2113,0.1,0.53,2.3
2011-01-27,-1.8,-6.1,0.9,5032,0.0,0.38,2.6
2011-01-28,-3.9,-7.6,1.0,5935,0.0,0.35,2.5
2011-01-29,-4.0,-7.4,1.2,5969,0.0,0.35,1.7
2011-01-30,-2.6,-5.6,-1.0,2280,0.0,0.39,1.6
2011-01-31,-2.6,-3.7,-1.0,2325,0.0,0.45,1.5
2011-02-01,-3.2,-4.3,-1.9,2371,0.1,0.42,2.4
2011-02-02,0.8,-2.1,2.6,2417,0.2,0.51,3.0
2011-02-03,3.0,0.5,5.6,3059,0.5,0.62,3.3
2011-02-04,6.0,1.7,10.0,2514,4.4,0.68,5.4
2011-02-05,9.6,7.2,10.8,2564,21.2,0.98,6.1
2011-02-06,8.5,6.4,9.4,2615,10.9,0.93,4.2
2011-02-07,8.4,6.4,10.7,4355,0.0,0.93,3.7
2011-02-08,5.4,-0.6,8.3,5316,0.0,0.58,3.4
2011-02-09,1.5,-1.0,5.0,4955,0.0,0.55,1.7
2011-02-10,3.4,-0.6,6.9,3090,2.4,0.58,2.5
2011-02-11,4.0,-0.9,7.5,4399,0.1,0.57,3.4
2011-02-12,-0.7,-3.0,1.4,6341,0.2,0.47,2.9
2011-02-13,-0.3,-2.1,0.5,3001,0.3,0.5,2.5
2011-02-14,-0.3,-1.2,0.7,3061,0.1,0.53,3.3
2011-02-15,-1.3,-3.6,0.3,3121,1.8,0.45,3.2
2011-02-16,-0.3,-2.4,2.8,4443,0.0,0.5,2.7
2011-02-17,-1.2,-3.6,1.3,3882,0.0,0.46,2.5
2011-02-18,-1.4,-2.4,-0.3,3307,0.0,0.49,2.1
2011-02-19,-1.8,-2.9,-1.3,3371,0.0,0.47,2.6
2011-02-20,-3.7,-6.5,-0.9,7189,0.0,0.36,3.4
2011-02-21,-5.7,-9.1,-1.9,7225,0.0,0.3,2.8
2011-02-22,-7.3,-11.3,-2.6,10427,0.0,0.26,2.4
2011-02-23,-7.2,-11.4,-3.2,9432,0.0,0.25,2.2
2011-02-24,-3.7,-7.4,1.1,8025,0.0,0.35,2.3
2011-02-25,-2.6,-8.1,1.9,7989,0.0,0.34,2.1
2011-02-26,-0.5,-6.2,6.0,11109,0.0,0.4,2.7
2011-02-27,-0.2,-4.6,3.3,8147,0.0,0.43,2.6
2011-02-28,2.4,-3.2,8.7,9801,0.0,0.5,2.1
2011-03-01,0.3,-3.9,6.7,11164,0.0,0.47,2.7
2011-03-02,-0.2,-2.9,3.4,9168,0.0,0.48,3.6
2011-03-03,-0.8,-4.8,4.7,12387,0.0,0.43,2.6
2011-03-04,-1.9,-4.3,4.1,8159,0.0,0.44,1.8
2011-03-05,2.0,-2.4,8.7,8360,0.0,0.52,2.4
2011-03-06,0.0,-6.0,6.4,13049,0.0,0.41,2.4
2011-03-07,-1.4,-8.2,4.7,13476,0.0,0.34,2.7
2011-03-08,1.6,-3.8,8.3,13645,0.0,0.47,2.5
2011-03-09,4.8,-0.9,10.8,6519,0.3,0.59,3.5
2011-03-10,5.8,0.7,8.4,7064,5.0,0.64,4.3
2011-03-11,5.9,-0.2,10.2,11249,0.0,0.61,3.6
2011-03-12,5.5,-0.7,12.9,11114,0.0,0.61,2.1
2011-03-13,8.6,2.5,15.6,7275,1.0,0.76,1.7
2011-03-14,9.0,6.5,10.9,5040,1.8,0.94,1.3
2011-03-15,5.5,0.9,7.8,5685,0.2,0.64,3.2
2011-03-16,2.7,0.6,4.6,5199,1.5,0.62,3.9
2011-03-17,3.3,2.4,4.8,5278,6.2,0.7,3.0
2011-03-18,3.0,1.4,4.9,5358,0.0,0.66,3.1
2011-03-19,3.5,-1.4,9.2,13937,0.0,0.56,2.3
2011-03-20,2.4,-2.4,9.2,10248,0.0,0.53,1.6
2011-03-21,4.5,-1.7,12.0,13747,0.0,0.56,1.9
2011-03-22,8.5,0.2,15.9,14997,0.0,0.67,2.1
2011-03-23,7.4,1.5,13.9,16366,0.0,0.7,2.1
2011-03-24,9.0,1.7,16.2,14496,0.0,0.73,2.3
2011-03-25,7.7,5.1,10.8,5922,0.3,0.86,2.4
2011-03-26,4.6,0.8,8.8,11690,0.0,0.64,2.2
2011-03-27,2.3,-2.3,9.3,15774,0.0,0.53,1.5
2011-03-28,2.9,-4.1,10.8,11203,0.0,0.48,2.1
2011-03-29,4.5,-3.7,13.2,18722,0.0,0.52,1.7
2011-03-30,7.4,-2.2,15.5,16655,0.1,0.58,1.8
2011-03-31,11.1,7.0,15.1,7264,2.3,0.99,3.4
2011-04-01,12.7,9.4,16.5,13828,0.0,1.16,3.4
2011-04-02,14.9,8.3,21.9,17436,0.0,1.14,2.1
2011-04-03,12.5,9.4,19.4,9929,8.9,1.18,1.9
2011-04-04,9.5,6.3,13.9,11681,2.0,0.94,2.6
2011-04-05,9.0,3.9,12.5,12457,0.0,0.8,3.1
2011-04-06,11.7,10.0,13.6,6885,0.0,1.18,3.1
2011-04-07,11.7,5.9,17.6,13918,0.1,0.94,4.0
2011-04-08,9.0,5.4,16.1,11668,0.0,0.9,4.3
2011-04-09,8.6,2.8,15.6,20283,0.0,0.77,3.1
2011-04-10,9.2,0.3,19.2,20206,0.0,0.7,1.7
2011-04-11,11.9,3.5,21.6,18748,0.1,0.86,1.8
2011-04-12,8.2,5.5,11.5,11505,3.5,0.88,4.8
2011-04-13,6.3,5.4,8.4,7429,2.7,0.87,4.2
2011-04-14,6.0,-0.4,12.7,15079,0.0,0.62,1.9
2011-04-15,6.7,-1.8,16.2,18705,0.0,0.59,1.6
2011-04-16,9.2,0.4,16.2,13421,0.0,0.68,1.5
2011-04-17,10.5,5.1,17.2,9503,0.0,0.89,1.7
2011-04-18,10.9,1.9,19.8,23122,0.0,0.77,1.6
2011-04-19,13.4,6.4,20.6,22786,0.0,1.0,1.9
2011-04-20,14.6,7.9,22.1,23042,0.0,1.12,1.5
2011-04-21,14.7,4.5,23.0,23659,0.0,0.93,1.6
2011-04-22,16.4,7.3,23.5,23672,0.0,1.1,2.2
2011-04-23,17.6,11.3,23.8,23198,0.0,1.37,2.5
2011-04-24,15.2,7.6,22.2,23447,0.0,1.1,2.3
2011-04-25,13.8,4.7,21.3,23939,0.0,0.91,2.3
2011-04-26,14.7,7.2,23.0,22347,0.4,1.09,2.1
2011-04-27,14.5,9.1,20.4,14465,0.0,1.17,2.1
2011-04-28,13.9,6.6,21.5,15787,0.3,1.03,2.5
2011-04-29,13.9,8.3,21.3,23803,0.0,1.12,3.5
2011-04-30,11.3,3.4,17.4,25034,0.0,0.82,3.6
2011-05-01,8.8,2.2,16.0,25148,0.0,0.75,3.0
2011-05-02,6.2,1.0,12.5,15510,0.0,0.67,3.1
2011-05-03,6.5,-0.2,12.7,19728,0.4,0.62,2.6
2011-05-04,6.8,-1.3,13.3,19819,0.0,0.59,1.9
2011-05-05,8.1,-2.6,16.9,26462,0.0,0.57,1.5
2011-05-06,13.5,4.1,21.7,25934,0.0,0.89,1.9
2011-05-07,16.8,8.8,24.0,26794,0.0,1.19,2.6
2011-05-08,17.3,9.2,24.8,27147,0.0,1.22,3.1
2011-05-09,17.9,10.8,24.8,27117,0.0,1.35,2.9
2011-05-10,18.8,10.6,27.2,24788,0.0,1.37,1.6
2011-05-11,16.5,9.1,23.5,19635,0.1,1.22,1.8
2011-05-12,14.9,8.5,22.0,15226,1.4,1.14,2.0
2011-05-13,12.6,6.3,19.2,20037,0.0,0.99,2.2
2011-05-14,11.7,5.3,22.0,14451,1.6,0.95,2.4
2011-05-15,10.1,4.3,15.7,19532,0.5,0.85,2.9
2011-05-16,10.2,5.8,12.3,9536,5.0,0.91,3.3
2011-05-17,12.8,11.4,15.6,9971,1.4,1.31,3.0
2011-05-18,15.6,9.3,21.5,11700,0.0,1.2,2.0
2011-05-19,15.9,9.6,22.6,17708,0.0,1.24,1.7
2011-05-20,15.2,8.2,23.9,15687,1.3,1.16,1.5
2011-05-21,16.5,7.7,22.8,22623,0.0,1.11,1.5
2011-05-22,17.8,10.0,27.1,18648,4.8,1.32,2.5
2011-05-23,15.1,8.6,21.4,24820,0.0,1.15,2.4
2011-05-24,13.3,6.9,18.7,20312,0.2,1.01,3.3
2011-05-25,13.8,7.4,20.3,27540,0.0,1.06,2.3
2011-05-26,17.4,9.0,26.7,23151,0.0,1.26,3.4
2011-05-27,13.8,8.4,17.8,16658,1.5,1.1,3.4
2011-05-28,13.3,7.7,18.3,17745,0.5,1.06,2.5
2011-05-29,15.7,11.4,20.2,13198,0.0,1.34,2.8
2011-05-30,21.6,11.9,29.9,29097,0.0,1.52,2.1
2011-05-31,18.4,11.4,26.8,20480,10.3,1.41,2.8
2011-06-01,13.7,5.5,19.9,25636,0.0,0.95,2.9
2011-06-02,15.0,3.2,24.1,29482,0.0,0.89,2.6
2011-06-03,19.0,9.2,26.7,29256,0.0,1.26,2.8
2011-06-04,20.4,10.9,27.8,29948,0.0,1.41,2.4
2011-06-05,23.6,13.9,31.3,26427,3.4,1.69,2.3
2011-06-06,23.9,18.1,31.2,25271,19.3,2.12,2.1
2011-06-07,19.2,15.5,23.9,18711,12.0,1.75,1.7
2011-06-08,17.2,12.8,23.2,13199,5.8,1.49,2.7
2011-06-09,15.4,10.4,20.6,22574,0.0,1.27,2.6
2011-06-10,14.9,8.0,22.0,24175,0.0,1.12,1.5
2011-06-11,14.5,8.5,20.1,21951,0.1,1.13,1.9
2011-06-12,14.1,6.6,21.0,22362,0.0,1.02,1.4
2011-06-13,19.0,12.5,25.5,22375,0.0,1.48,2.1
2011-06-14,18.2,10.8,23.7,18561,0.0,1.33,1.9
2011-06-15,17.2,8.6,24.1,20549,0.1,1.17,1.4
2011-06-16,19.7,15.5,26.1,16994,6.0,1.77,2.2
2011-06-17,16.2,13.4,20.6,17132,0.6,1.51,2.6
2011-06-18,15.9,11.2,22.7,17532,0.2,1.35,3.5
2011-06-19,12.8,10.2,17.0,11992,7.0,1.23,4.3
2011-06-20,14.3,10.1,18.2,16215,0.4,1.21,3.0
2011-06-21,15.6,9.0,22.3,15950,3.2,1.19,2.4
2011-06-22,18.0,12.1,26.7,19246,13.8,1.47,2.5
2011-06-23,16.1,11.9,21.8,20956,0.0,1.4,3.0
2011-06-24,13.7,10.6,18.3,20422,4.2,1.27,2.9
2011-06-25,14.0,8.8,19.9,20282,1.1,1.14,2.5
2011-06-26,16.6,12.4,23.6,16976,0.2,1.46,1.8
2011-06-27,19.7,10.5,26.6,30012,0.0,1.35,1.9
2011-06-28,21.5,15.2,27.4,29995,0.0,1.75,2.3
2011-06-29,22.4,15.6,30.0,26684,5.1,1.83,2.3
2011-06-30,13.8,8.5,16.5,12183,14.1,1.09,3.1
2011-07-01,13.8,8.3,19.8,23089,0.0,1.11,2.7
2011-07-02,12.3,11.2,13.3,10309,17.2,1.29,3.5
2011-07-03,14.7,13.3,15.7,10291,14.4,1.47,3.5
2011-07-04,14.9,14.1,16.6,10272,5.8,1.56,2.2
2011-07-05,17.6,13.8,23.0,16030,0.0,1.58,1.4
2011-07-06,19.9,14.6,27.3,25585,8.0,1.69,2.1
2011-07-07,20.3,14.5,25.7,23454,1.9,1.66,1.8
2011-07-08,19.3,13.3,25.1,18570,0.0,1.56,2.4
2011-07-09,19.5,12.2,28.5,22598,0.9,1.51,2.3
2011-07-10,18.4,14.4,23.1,17065,4.7,1.63,1.7
2011-07-11,18.3,13.2,23.7,17946,0.6,1.53,1.7
2011-07-12,19.6,12.7,24.8,18823,1.6,1.49,2.2
2011-07-13,19.8,16.4,24.8,11736,3.8,1.85,2.9
2011-07-14,16.6,14.3,19.2,10528,0.1,1.58,3.8
2011-07-15,15.0,11.7,18.4,10103,0.8,1.34,3.3
2011-07-16,18.3,9.4,26.0,25162,0.1,1.27,2.4
2011-07-17,17.9,14.6,24.7,10940,1.4,1.67,3.1
2011-07-18,16.9,11.9,23.8,19599,0.5,1.41,3.3
2011-07-19,17.1,10.7,24.0,22919,0.0,1.32,2.0
2011-07-20,18.3,11.7,23.8,19625,0.0,1.41,2.8
2011-07-21,17.0,13.0,19.9,9871,2.4,1.47,2.7
2011-07-22,13.3,12.5,15.0,9699,13.0,1.4,3.9
2011-07-23,14.6,11.6,19.5,13781,0.2,1.34,3.7
2011-07-24,12.7,10.8,15.7,9739,2.6,1.26,3.5
2011-07-25,14.3,12.2,16.7,9564,0.3,1.38,1.9
2011-07-26,17.8,13.0,25.0,17985,0.0,1.52,1.4
2011-07-27,19.0,12.1,25.8,25350,0.0,1.47,1.5
2011-07-28,18.3,12.7,23.9,11209,0.2,1.49,1.9
2011-07-29,15.2,13.9,17.9,9368,29.1,1.55,2.8
2011-07-30,16.4,13.8,22.0,14028,1.0,1.56,3.3
2011-07-31,15.5,14.0,17.1,9263,0.3,1.54,2.4
2011-08-01,16.2,13.2,18.2,9209,0.0,1.48,1.5
2011-08-02,19.3,11.6,26.4,26107,0.0,1.44,1.9
2011-08-03,20.9,13.9,26.8,23108,0.0,1.64,2.2
2011-08-04,19.6,16.0,22.9,9923,0.0,1.78,1.9
2011-08-05,19.3,14.4,26.1,15137,0.5,1.66,1.9
2011-08-06,20.2,14.1,27.6,14687,13.8,1.67,1.9
2011-08-07,18.0,12.1,22.3,15236,0.0,1.42,2.8
2011-08-08,14.7,10.7,20.4,14659,7.3,1.29,3.5
2011-08-09,15.3,12.7,18.3,11351,1.4,1.43,4.4
2011-08-10,14.1,11.4,18.3,11899,11.9,1.33,3.3
2011-08-11,17.1,13.0,22.7,10221,1.7,1.49,3.3
2011-08-12,17.4,15.5,19.4,8921,3.8,1.71,2.4
2011-08-13,16.7,13.0,23.0,12657,1.1,1.51,1.7
2011-08-14,18.1,14.3,22.6,10254,12.1,1.62,2.3
2011-08-15,17.1,11.3,22.3,16882,0.8,1.35,2.0
2011-08-16,15.0,8.8,20.8,13263,0.0,1.15,1.4
2011-08-17,18.3,11.4,25.4,17893,0.0,1.4,1.6
2011-08-18,17.9,12.4,23.2,14414,3.6,1.46,1.7
2011-08-19,17.3,11.4,20.8,13119,0.7,1.35,3.3
2011-08-20,16.4,9.8,23.7,22471,0.0,1.26,1.8
2011-08-21,20.5,14.4,26.9,18174,4.2,1.69,1.8
2011-08-22,20.3,16.3,25.8,21140,0.0,1.84,1.9
2011-08-23,18.2,15.7,23.0,12631,0.2,1.75,2.1
2011-08-24,21.2,14.9,28.4,15826,20.4,1.75,1.8
2011-08-25,20.0,17.1,25.0,14662,0.0,1.92,1.6
2011-08-26,24.3,19.6,30.0,16184,5.3,2.28,2.7
2011-08-27,15.8,12.8,20.8,7497,4.1,1.46,3.2
2011-08-28,14.6,10.9,19.6,12031,0.1,1.29,2.9
2011-08-29,13.1,9.9,15.3,11130,1.3,1.18,3.2
2011-08-30,12.8,10.0,17.0,10692,1.0,1.2,2.6
2011-08-31,12.7,9.1,16.7,7194,1.7,1.15,1.8
2011-09-01,12.8,7.3,18.7,13434,0.0,1.03,1.4
2011-09-02,13.9,4.9,21.5,20388,0.0,0.93,1.3
2011-09-03,20.4,12.9,27.8,19230,0.0,1.57,1.5
2011-09-04,20.6,17.4,25.6,10764,17.9,1.95,1.8
2011-09-05,18.0,13.1,20.7,8348,4.0,1.48,2.9
2011-09-06,16.0,11.6,20.6,12860,11.5,1.37,3.7
2011-09-07,13.6,11.2,17.4,9369,7.3,1.29,4.3
2011-09-08,12.7,10.4,15.6,6785,5.6,1.23,3.7
2011-09-09,14.0,10.9,16.9,6489,0.2,1.28,2.0
2011-09-10,18.5,14.4,24.1,9931,0.1,1.65,1.8
2011-09-11,19.8,16.2,26.2,13643,3.2,1.84,2.3
2011-09-12,18.3,15.3,21.7,10460,0.0,1.69,3.9
2011-09-13,16.8,12.0,19.8,10873,0.0,1.39,3.9
2011-09-14,14.5,11.9,17.3,10552,0.1,1.36,3.5
2011-09-15,13.3,8.5,17.0,10439,0.0,1.1,2.6
2011-09-16,11.7,8.3,17.3,10939,0.1,1.09,1.6
2011-09-17,14.4,10.7,20.9,9096,0.0,1.3,2.3
2011-09-18,13.9,10.8,16.8,5973,0.3,1.27,2.3
2011-09-19,12.5,7.8,18.2,12679,0.0,1.07,2.2
2011-09-20,13.5,7.3,20.2,13829,0.0,1.05,2.1
2011-09-21,14.8,11.5,18.5,7005,0.0,1.32,2.1
2011-09-22,13.7,7.1,17.7,9153,0.3,1.02,2.7
2011-09-23,11.4,6.7,17.6,11263,0.0,0.99,1.8
2011-09-24,12.2,4.8,20.8,15152,0.0,0.93,1.5
2011-09-25,14.5,9.1,23.6,15366,0.0,1.2,1.2
2011-09-26,16.6,9.0,25.4,13880,0.1,1.23,1.5
2011-09-27,15.3,7.9,20.8,9251,0.0,1.09,1.2
2011-09-28,13.3,5.5,22.0,13657,0.0,0.98,1.5
2011-09-29,15.0,8.0,24.4,14322,0.0,1.16,1.4
2011-09-30,15.7,7.5,26.8,14517,0.0,1.16,1.4
2011-10-01,16.5,9.0,26.3,14437,0.0,1.23,1.1
2011-10-02,16.1,9.3,25.4,14177,0.0,1.26,1.1
2011-10-03,15.9,9.6,22.4,6356,0.1,1.23,1.9
2011-10-04,17.1,13.6,21.1,7134,0.0,1.54,2.8
2011-10-05,15.6,12.7,18.0,4964,0.0,1.43,3.0
2011-10-06,14.4,7.9,19.0,4714,5.5,1.08,4.2
2011-10-07,9.2,7.1,12.8,7590,0.8,0.98,3.8
2011-10-08,8.6,4.7,12.6,10739,0.5,0.84,3.8
2011-10-09,7.5,1.4,13.3,9110,7.9,0.69,2.6
2011-10-10,13.2,8.8,15.5,4081,6.7,1.11,4.0
2011-10-11,12.0,9.5,13.9,4010,8.9,1.15,4.3
2011-10-12,9.6,5.0,13.8,8655,0.0,0.87,3.2
2011-10-13,7.1,1.2,15.0,11536,0.0,0.7,1.9
2011-10-14,4.3,-1.3,11.4,10833,0.0,0.58,1.7
2011-10-15,5.4,0.6,11.6,11534,0.0,0.65,2.0
2011-10-16,7.3,2.7,13.7,11300,0.0,0.75,2.0
2011-10-17,7.6,2.3,13.3,7522,0.0,0.73,2.0
2011-10-18,7.9,5.3,14.1,3903,1.7,0.89,3.6
2011-10-19,8.2,5.4,12.6,6856,0.7,0.88,3.2
2011-10-20,5.5,2.2,10.2,6387,0.3,0.71,2.5
2011-10-21,5.1,1.1,11.6,6647,0.0,0.67,1.9
2011-10-22,4.8,0.0,11.2,9957,0.0,0.62,2.1
2011-10-23,5.5,0.8,10.6,9814,0.0,0.65,2.4
2011-10-24,6.7,3.6,10.0,4538,0.0,0.78,3.7
2011-10-25,9.1,7.6,10.6,5352,0.0,1.01,3.5
2011-10-26,9.6,3.8,14.3,3843,0.3,0.81,2.0
2011-10-27,7.8,3.5,11.2,2973,0.0,0.77,2.1
2011-10-28,10.8,6.6,15.4,6744,0.0,0.97,1.5
2011-10-29,9.8,5.7,12.1,3055,0.0,0.9,1.5
2011-10-30,12.8,10.1,17.3,4864,0.0,1.22,1.8
2011-10-31,12.1,10.2,15.4,3004,0.0,1.21,1.6
2011-11-01,8.8,4.3,12.4,4328,0.0,0.82,2.1
2011-11-02,6.6,3.9,9.1,2644,0.0,0.79,2.0
2011-11-03,8.7,5.4,12.3,4489,0.0,0.88,2.6
2011-11-04,7.7,4.9,10.7,3509,0.0,0.84,2.4
2011-11-05,7.7,4.2,12.2,5356,0.0,0.82,2.1
2011-11-06,6.9,5.0,8.3,2445,0.0,0.85,1.9
2011-11-07,7.1,5.5,10.0,5247,0.0,0.87,2.4
2011-11-08,6.4,3.0,9.7,3271,0.0,0.75,2.1
2011-11-09,4.3,-0.2,6.8,2307,0.0,0.59,1.6
2011-11-10,3.9,1.4,5.1,2263,0.0,0.65,2.5
2011-11-11,2.0,-0.1,4.0,3437,0.0,0.59,3.2
2011-11-12,1.3,-1.1,5.5,6220,0.0,0.55,2.1
2011-11-13,0.0,-3.5,6.3,5914,0.0,0.48,1.4
2011-11-14,-0.3,-5.1,4.2,4763,0.0,0.42,1.4
2011-11-15,2.2,1.2,2.9,2060,0.0,0.64,1.9
2011-11-16,1.0,-2.8,3.2,2023,0.0,0.49,2.1
2011-11-17,-0.8,-1.9,0.1,1987,0.0,0.51,1.8
2011-11-18,1.9,-1.4,4.9,1952,0.1,0.54,1.4
2011-11-19,5.7,4.0,7.9,1918,0.0,0.79,1.4
2011-11-20,5.0,-0.8,8.2,1885,0.0,0.57,1.4
2011-11-21,1.7,-2.4,6.1,4946,0.0,0.51,1.4
2011-11-22,1.3,0.4,2.3,1822,0.0,0.6,1.5
2011-11-23,1.5,0.0,2.8,1793,0.0,0.59,1.5
2011-11-24,5.9,2.2,9.3,1764,0.0,0.71,2.1
2011-11-25,5.9,2.5,9.1,3383,0.5,0.72,3.0
2011-11-26,7.7,4.7,10.2,2129,0.5,0.83,3.7
2011-11-27,9.6,6.9,10.9,1685,0.9,0.97,5.1
2011-11-28,4.9,0.5,9.2,4447,0.0,0.63,2.4
2011-11-29,1.4,-2.0,7.1,4715,0.0,0.53,2.6
2011-11-30,6.2,0.9,10.2,4396,0.0,0.65,2.7
2011-12-01,4.8,0.4,9.8,1639,1.2,0.63,3.2
2011-12-02,7.3,3.8,12.0,1575,1.0,0.79,3.1
2011-12-03,5.0,2.0,7.5,1688,3.3,0.69,4.6
2011-12-04,6.4,3.8,7.6,1582,6.2,0.78,4.5
2011-12-05,3.2,1.8,4.4,2255,1.7,0.67,4.5
2011-12-06,3.2,1.5,4.8,1549,0.3,0.65,4.0
2011-12-07,2.9,1.2,4.3,1492,7.3,0.64,4.8
2011-12-08,4.9,2.4,8.3,2620,4.4,0.71,4.8
2011-12-09,5.1,1.9,8.5,2223,7.1,0.69,5.1
2011-12-10,2.9,1.4,4.3,1539,4.4,0.65,3.3
2011-12-11,2.6,0.0,5.2,2986,0.0,0.59,2.5
2011-12-12,3.4,-0.1,6.6,1435,4.0,0.59,3.3
2011-12-13,4.7,1.4,7.9,1427,3.5,0.66,4.7
2011-12-14,5.4,3.8,7.9,1461,3.1,0.77,4.5
2011-12-15,5.2,3.5,6.3,2071,0.3,0.76,4.0
2011-12-16,2.5,0.3,4.9,1409,15.7,0.6,5.3
2011-12-17,3.4,2.5,5.2,2427,0.2,0.7,4.6
2011-12-18,2.2,1.1,3.0,1402,0.8,0.64,3.6
2011-12-19,2.1,-0.7,2.9,1400,0.1,0.56,3.1
2011-12-20,0.2,-1.3,2.0,1481,3.7,0.54,3.1
2011-12-21,2.3,-0.2,4.5,1726,0.0,0.58,2.8
2011-12-22,3.2,0.3,6.6,1400,2.6,0.61,2.2
2011-12-23,8.3,6.9,9.0,1403,2.5,0.95,2.8
2011-12-24,5.0,2.3,7.9,1488,3.6,0.71,4.1
2011-12-25,6.6,3.6,9.5,1410,0.9,0.77,3.8
2011-12-26,9.9,9.4,10.6,1416,0.5,1.13,3.4
2011-12-27,8.8,5.9,10.7,1422,0.4,0.9,2.5
2011-12-28,7.0,6.2,8.2,2588,0.5,0.92,3.1
2011-12-29,5.8,3.5,7.0,1853,8.8,0.76,5.0
2011-12-30,3.7,2.0,5.2,1948,0.4,0.68,4.2
2011-12-31,2.6,0.5,5.0,2255,1.6,0.61,2.5
2012-01-01,7.9,2.9,11.2,1470,5.4,0.75,3.3
2012-01-02,8.2,3.1,13.2,1482,0.7,0.76,3.4
2012-01-03,5.4,2.1,9.3,2093,4.7,0.7,5.4
2012-01-04,4.9,2.7,5.9,1640,15.5,0.72,5.7
2012-01-05,4.8,3.0,7.3,2305,9.6,0.73,7.0
2012-01-06,1.8,-1.8,4.1,2938,0.8,0.52,4.4
2012-01-07,4.7,3.2,6.9,1562,4.6,0.74,4.6
2012-01-08,4.7,3.0,6.4,1581,2.1,0.73,3.7
2012-01-09,3.8,-0.3,7.1,1601,2.9,0.59,3.0
2012-01-10,5.1,3.7,6.9,2388,0.0,0.77,3.1
2012-01-11,7.1,5.6,8.7,1645,0.2,0.87,3.0
2012-01-12,7.1,2.3,9.4,1668,1.0,0.71,4.9
2012-01-13,2.7,1.5,4.1,1971,0.0,0.65,5.0
2012-01-14,1.0,-2.5,4.6,4806,0.0,0.5,3.2
2012-01-15,-1.0,-4.3,3.3,5007,0.0,0.44,1.7
2012-01-16,1.6,-1.1,3.5,1773,0.4,0.55,1.8
2012-01-17,2.0,-1.5,4.3,1802,0.3,0.53,1.9
2012-01-18,0.9,-3.4,3.9,4127,3.9,0.47,2.8
2012-01-19,4.0,2.0,5.1,1863,10.7,0.68,4.4
2012-01-20,1.6,0.2,3.1,1896,1.7,0.59,4.0
2012-01-21,2.6,0.6,5.3,1929,10.7,0.62,4.4
2012-01-22,3.9,2.0,5.8,1964,3.0,0.68,5.5
2012-01-23,0.6,-0.9,2.3,1999,1.7,0.55,2.9
2012-01-24,0.0,-2.9,2.2,2141,0.0,0.48,1.9
2012-01-25,-3.4,-4.7,-2.5,2074,0.0,0.41,1.7
2012-01-26,-2.2,-4.2,0.6,6351,0.0,0.43,3.1
2012-01-27,-1.9,-2.5,-0.6,2153,0.1,0.49,2.3
2012-01-28,-3.1,-5.9,-2.2,2195,4.1,0.38,1.8
2012-01-29,-5.1,-6.7,-3.2,2237,0.0,0.36,2.7
2012-01-30,-5.8,-8.1,-2.0,6567,0.0,0.32,2.9
2012-01-31,-8.5,-12.0,-5.5,6952,0.0,0.24,3.5
2012-02-01,-8.5,-11.7,-4.9,6768,0.0,0.25,3.6
2012-02-02,-10.7,-16.8,-5.4,5113,0.1,0.17,2.9
2012-02-03,-10.0,-15.8,-4.4,6680,0.0,0.19,2.0
2012-02-04,-13.1,-17.1,-5.5,5220,0.0,0.17,1.5
2012-02-05,-14.4,-19.9,-7.6,7011,0.0,0.13,1.9
2012-02-06,-15.7,-19.7,-10.5,7304,0.0,0.13,1.7
2012-02-07,-10.6,-19.6,-5.0,3417,0.0,0.14,2.7
2012-02-08,-4.5,-8.5,-1.4,5506,0.5,0.32,2.7
2012-02-09,-3.6,-9.9,-0.1,3993,0.5,0.29,2.7
2012-02-10,-8.6,-14.5,-4.3,6597,0.0,0.2,2.2
2012-02-11,-6.4,-13.2,-2.6,7425,0.0,0.22,2.0
2012-02-12,-5.7,-12.8,-1.7,2943,0.0,0.23,1.9
2012-02-13,-1.6,-4.5,0.1,3204,0.0,0.42,1.8
2012-02-14,0.1,-2.4,1.9,3061,3.1,0.5,2.6
2012-02-15,2.5,-0.8,5.9,8449,0.0,0.56,5.5
2012-02-16,0.4,-5.0,4.4,6965,7.2,0.42,2.7
2012-02-17,4.3,2.4,6.9,4308,0.2,0.71,3.4
2012-02-18,4.9,1.6,7.6,3307,2.9,0.67,3.1
2012-02-19,2.7,-0.1,6.5,3952,0.6,0.59,3.6
2012-02-20,1.2,-1.3,4.9,9029,1.8,0.54,2.6
2012-02-21,2.5,0.5,5.2,3501,3.5,0.61,3.1
2012-02-22,5.9,4.4,7.6,3567,2.0,0.81,3.2
2012-02-23,8.1,5.7,11.2,5618,1.4,0.89,4.1
2012-02-24,9.3,4.7,11.5,3780,2.4,0.84,4.2
2012-02-25,5.3,2.8,8.1,6583,6.0,0.73,3.8
2012-02-26,3.3,-2.7,7.9,9845,0.0,0.51,2.6
2012-02-27,0.5,-4.2,5.1,3912,2.3,0.45,2.2
2012-02-28,7.9,5.8,9.5,3983,0.1,0.89,3.4
2012-02-29,9.5,8.6,11.9,4055,0.2,1.08,2.3
2012-03-01,8.5,7.5,8.8,4127,0.0,1.0,2.1
2012-03-02,5.6,-0.4,7.1,4200,0.0,0.58,1.7
2012-03-03,3.8,-1.7,9.4,10016,0.0,0.55,2.3
2012-03-04,4.1,2.6,4.8,4348,0.0,0.71,2.1
2012-03-05,4.0,1.1,8.8,8650,0.0,0.65,3.1
2012-03-06,2.1,-1.6,6.2,12692,0.0,0.54,2.0
2012-03-07,2.1,-2.0,5.5,7921,4.1,0.52,2.7
2012-03-08,4.3,-1.0,10.2,8388,0.3,0.58,3.1
2012-03-09,4.6,-2.1,10.2,6525,0.0,0.54,2.3
2012-03-10,8.7,7.1,11.5,5622,0.0,0.98,3.0
2012-03-11,7.8,6.3,9.4,4884,0.0,0.92,3.2
2012-03-12,7.8,7.0,10.2,5332,0.0,0.97,3.3
2012-03-13,7.8,6.5,9.6,5040,0.0,0.93,2.7
2012-03-14,7.7,6.9,8.7,5119,0.0,0.95,2.2
2012-03-15,6.7,2.0,11.9,9765,0.0,0.71,1.5
2012-03-16,8.5,0.0,19.3,15357,0.0,0.68,2.0
2012-03-17,6.9,2.8,12.1,8941,0.0,0.74,2.2
2012-03-18,8.8,5.6,14.0,6610,2.0,0.9,2.8
2012-03-19,6.2,1.1,11.2,14780,0.0,0.67,2.9
2012-03-20,7.9,1.2,13.4,6891,0.0,0.68,2.5
2012-03-21,12.0,8.1,16.2,9086,0.0,1.07,2.0
2012-03-22,9.4,2.6,17.5,17073,0.0,0.78,1.8
2012-03-23,9.5,1.2,18.5,17143,0.0,0.73,1.4
2012-03-24,8.8,0.8,19.2,17928,0.0,0.72,1.6
2012-03-25,7.7,0.9,17.8,15517,0.0,0.71,2.1
2012-03-26,8.0,-0.6,16.8,16607,0.0,0.65,1.8
2012-03-27,10.6,3.8,18.7,16451,0.0,0.84,2.4
2012-03-28,11.4,3.4,19.4,17664,0.0,0.83,3.0
2012-03-29,7.8,6.4,9.2,6325,0.0,0.92,4.6
2012-03-30,8.0,6.8,10.4,8443,0.9,0.96,4.7
2012-03-31,4.9,-1.1,7.8,10157,0.5,0.56,4.8
2012-04-01,3.8,-2.2,9.6,12871,1.3,0.53,3.3
2012-04-02,4.8,3.0,7.1,7084,2.3,0.73,2.7
2012-04-03,3.6,2.1,5.9,6726,8.9,0.69,2.1
2012-04-04,3.3,2.7,4.0,6806,8.5,0.72,2.9
2012-04-05,3.4,-2.1,8.4,9561,0.0,0.53,2.5
2012-04-06,2.7,-3.9,8.0,10216,2.6,0.47,2.1
2012-04-07,2.0,-1.8,4.6,7832,1.3,0.53,3.2
2012-04-08,1.8,-4.4,8.0,21077,0.0,0.45,2.2
2012-04-09,5.0,0.8,7.6,7541,1.4,0.63,3.3
2012-04-10,10.4,6.2,14.6,7390,0.5,0.94,3.3
2012-04-11,9.0,4.6,12.0,7583,1.2,0.83,2.3
2012-04-12,8.1,3.9,14.2,11371,4.4,0.81,1.7
2012-04-13,6.2,-0.5,11.5,11467,0.2,0.6,1.7
2012-04-14,6.5,-0.7,13.2,11211,0.0,0.61,1.9
2012-04-15,7.6,-0.2,15.2,18245,0.0,0.64,3.1
2012-04-16,5.7,1.0,11.7,19669,0.0,0.66,3.4
2012-04-17,5.2,-0.6,10.8,21697,0.0,0.6,2.5
2012-04-18,7.5,3.3,12.7,9308,0.0,0.77,2.7
2012-04-19,11.3,2.9,17.7,21845,0.0,0.79,2.4
2012-04-20,10.2,4.4,17.7,14156,0.8,0.87,2.1
2012-04-21,9.1,4.1,16.1,17150,0.8,0.83,2.6
2012-04-22,7.0,3.9,12.9,11194,1.5,0.8,2.7
2012-04-23,8.6,2.6,15.9,17361,0.3,0.76,2.5
2012-04-24,10.0,6.3,14.7,9645,0.0,0.95,2.6
2012-04-25,10.5,4.9,15.9,13273,0.0,0.88,3.1
2012-04-26,13.6,9.3,18.1,9051,0.0,1.17,3.2
2012-04-27,14.3,10.3,19.1,11342,0.1,1.25,2.2
2012-04-28,17.9,9.9,28.7,22069,0.0,1.34,2.6
2012-04-29,14.7,9.9,19.7,14349,0.0,1.21,3.0
2012-04-30,15.3,7.9,23.3,22780,0.0,1.12,2.5
2012-05-01,15.5,7.8,24.8,26010,0.0,1.15,2.5
2012-05-02,15.3,7.5,24.8,25996,0.0,1.13,2.7
2012-05-03,14.7,8.3,21.3,15168,0.1,1.12,2.0
2012-05-04,13.5,8.1,19.4,14110,0.1,1.1,2.1
2012-05-05,8.7,6.5,12.6,10139,1.1,0.95,2.3
2012-05-06,7.8,4.9,10.6,12100,0.8,0.85,1.9
2012-05-07,8.3,5.2,12.7,11149,0.5,0.87,1.5
2012-05-08,13.7,7.8,19.6,21263,0.0,1.09,2.2
2012-05-09,15.6,10.6,21.4,14585,1.1,1.28,2.4
2012-05-10,18.0,11.4,22.7,10561,4.4,1.36,2.6
2012-05-11,17.5,9.7,24.2,13818,1.6,1.27,3.2
2012-05-12,8.7,3.8,13.1,18112,0.0,0.8,3.6
2012-05-13,8.3,3.6,14.1,15480,0.0,0.8,2.1
2012-05-14,11.0,2.8,18.0,24811,0.0,0.8,2.2
2012-05-15,10.2,7.0,17.8,13793,3.7,1.02,2.6
2012-05-16,7.8,2.8,12.1,16947,1.7,0.74,3.7
2012-05-17,7.5,1.7,12.8,16746,0.1,0.7,2.5
2012-05-18,11.7,4.1,17.8,23928,0.0,0.86,2.7
2012-05-19,16.4,10.7,24.1,21137,0.0,1.33,1.9
2012-05-20,19.7,11.7,26.8,27301,0.0,1.45,2.1
2012-05-21,21.3,13.0,26.7,20729,0.0,1.55,2.8
2012-05-22,23.3,15.5,30.8,24560,0.0,1.86,2.4
2012-05-23,20.3,13.1,29.1,28527,0.0,1.61,2.5
2012-05-24,17.4,10.1,24.6,29759,0.0,1.3,2.9
2012-05-25,16.9,8.8,24.2,29161,0.0,1.2,2.7
2012-05-26,17.4,7.7,24.8,28037,0.0,1.13,2.3
2012-05-27,18.5,12.8,25.0,23505,0.0,1.51,1.6
2012-05-28,18.0,8.5,25.1,24203,0.0,1.18,1.8
2012-05-29,14.5,9.2,21.1,18607,0.0,1.19,2.8
2012-05-30,12.2,8.0,16.4,13394,0.0,1.06,2.2
2012-05-31,12.6,8.5,16.7,11980,14.0,1.1,2.1
2012-06-01,11.6,6.7,15.5,16738,0.0,0.97,3.7
2012-06-02,10.2,4.6,15.8,20448,0.5,0.86,2.6
2012-06-03,8.9,3.3,13.2,12454,0.0,0.78,2.2
2012-06-04,11.4,7.6,16.5,16426,3.1,1.04,2.5
2012-06-05,10.5,5.1,15.8,18030,0.0,0.88,2.6
2012-06-06,10.2,3.8,14.2,10282,2.2,0.81,2.2
2012-06-07,15.3,8.2,22.0,13067,3.5,1.14,2.0
2012-06-08,17.6,10.9,24.0,19807,1.5,1.35,2.9
2012-06-09,15.7,10.3,20.8,23780,0.0,1.26,3.2
2012-06-10,15.5,9.4,21.4,20896,0.0,1.21,2.0
2012-06-11,15.5,7.1,22.2,15504,5.6,1.07,1.6
2012-06-12,14.8,11.2,18.8,12086,12.1,1.31,2.0
2012-06-13,13.8,8.8,19.1,21991,0.0,1.14,2.6
2012-06-14,13.2,7.5,18.2,19362,0.0,1.05,1.6
2012-06-15,15.9,8.8,21.3,18182,0.7,1.15,2.1
2012-06-16,16.9,13.8,20.9,10533,2.4,1.56,2.4
2012-06-17,16.5,11.1,22.0,19511,0.0,1.33,2.6
2012-06-18,18.8,10.0,30.0,25716,2.7,1.37,2.8
2012-06-19,17.1,9.1,23.3,19778,0.1,1.2,1.8
2012-06-20,15.6,14.1,17.0,10409,8.4,1.56,2.1
2012-06-21,16.5,13.3,20.5,13969,0.2,1.5,2.1
2012-06-22,18.0,12.5,24.3,22935,0.0,1.48,2.9
2012-06-23,17.0,11.2,22.2,26093,0.0,1.34,2.4
2012-06-24,14.8,11.7,20.6,11052,10.7,1.37,3.0
2012-06-25,13.5,10.6,17.4,12626,4.3,1.26,4.0
2012-06-26,13.5,9.2,17.0,12616,0.0,1.15,3.2
2012-06-27,12.9,7.2,15.9,13132,1.7,1.0,2.0
2012-06-28,18.8,14.9,24.6,16016,0.0,1.7,1.7
2012-06-29,22.2,17.7,30.4,19950,2.8,2.07,2.1
2012-06-30,21.5,17.1,27.6,20063,2.1,1.95,1.9
2012-07-01,19.0,12.0,23.5,14518,0.8,1.42,2.5
2012-07-02,15.8,9.3,22.3,20283,0.2,1.2,1.8
2012-07-03,16.5,13.2,19.6,10272,1.6,1.48,1.4
2012-07-04,20.2,14.8,26.2,22202,0.0,1.7,1.7
2012-07-05,20.5,14.7,26.4,17448,0.7,1.69,2.0
2012-07-06,20.8,17.3,26.6,16240,0.9,1.96,2.0
2012-07-07,19.8,14.9,24.6,14769,1.4,1.7,1.5
2012-07-08,20.4,14.2,27.2,23908,1.2,1.67,2.6
2012-07-09,18.5,14.8,24.3,14317,0.1,1.68,3.2
2012-07-10,18.7,14.7,25.2,17946,1.0,1.68,2.2
2012-07-11,15.7,12.5,21.2,13990,3.8,1.43,2.8
2012-07-12,13.8,10.6,19.6,17218,2.6,1.26,3.4
2012-07-13,13.8,10.1,17.1,10398,3.7,1.21,2.4
2012-07-14,14.8,13.2,17.1,11536,2.4,1.47,3.4
2012-07-15,15.9,12.7,21.1,17614,1.1,1.45,2.8
2012-07-16,14.5,11.7,19.1,19779,9.4,1.34,3.3
2012-07-17,16.4,13.0,21.4,20119,1.6,1.48,3.5
2012-07-18,16.3,13.2,21.2,11250,5.0,1.49,2.9
2012-07-19,15.2,12.3,18.4,12762,11.3,1.4,3.8
2012-07-20,14.6,9.9,19.6,17113,0.0,1.23,2.6
2012-07-21,14.2,9.9,20.0,18093,0.0,1.23,2.3
2012-07-22,14.8,8.8,21.8,20099,0.0,1.16,1.8
2012-07-23,18.5,10.0,26.7,26088,0.0,1.32,2.3
2012-07-24,21.4,12.4,29.5,27814,0.0,1.56,1.9
2012-07-25,24.5,15.3,32.7,27608,0.0,1.87,1.5
2012-07-26,23.6,16.4,30.6,26502,0.0,1.94,1.7
2012-07-27,23.9,14.6,30.9,26293,4.3,1.78,1.8
2012-07-28,20.9,16.5,26.8,17024,0.0,1.89,2.3
2012-07-29,17.2,11.4,22.4,13136,3.0,1.36,2.3
2012-07-30,14.2,9.5,21.9,16633,0.9,1.22,2.4
2012-07-31,15.3,9.4,20.7,15930,0.1,1.19,1.9
2012-08-01,20.4,13.9,26.3,20793,0.0,1.63,1.8
2012-08-02,21.8,17.3,28.2,15914,1.3,2.0,2.3
2012-08-03,19.7,15.7,26.5,21129,8.7,1.78,1.6
2012-08-04,19.2,13.0,25.6,21668,3.0,1.53,1.5
2012-08-05,18.9,15.5,23.2,13559,6.2,1.73,1.5
2012-08-06,18.9,14.8,23.7,14237,0.0,1.66,2.7
2012-08-07,16.4,13.1,20.3,13039,0.1,1.48,3.3
2012-08-08,16.2,12.5,21.2,14332,1.9,1.43,2.2
2012-08-09,15.2,9.9,20.7,12023,0.0,1.23,1.9
2012-08-10,14.5,9.3,18.8,10838,0.3,1.17,2.1
2012-08-11,16.5,10.3,22.5,19013,0.0,1.27,1.9
2012-08-12,16.3,8.8,22.8,22103,0.0,1.17,2.3
2012-08-13,16.6,9.7,22.5,20891,0.0,1.24,2.1
2012-08-14,18.2,10.5,24.8,22243,0.0,1.32,1.9
2012-08-15,17.6,9.3,24.3,22854,0.0,1.24,2.1
2012-08-16,16.1,11.4,20.7,12572,4.9,1.35,1.8
2012-08-17,18.4,10.0,26.3,22366,0.0,1.3,1.4
2012-08-18,22.3,15.2,29.3,22480,0.0,1.8,1.8
2012-08-19,25.5,16.0,36.4,22950,0.0,2.01,1.8
2012-08-20,23.2,18.6,30.3,14365,5.0,2.16,2.1
2012-08-21,20.0,15.3,24.6,17229,0.0,1.74,1.5
2012-08-22,19.5,13.6,24.3,15345,2.0,1.56,2.8
2012-08-23,17.6,10.9,24.2,20525,0.0,1.34,2.0
2012-08-24,14.7,9.8,19.4,7646,0.5,1.21,1.8
2012-08-25,17.8,12.8,25.6,14555,1.0,1.52,2.7
2012-08-26,16.2,12.0,20.8,13520,1.3,1.39,3.7
2012-08-27,15.6,10.9,21.8,19983,0.0,1.31,2.2
2012-08-28,16.7,10.9,23.0,10098,0.1,1.34,2.1
2012-08-29,19.1,11.2,26.9,17648,0.3,1.41,1.7
2012-08-30,17.9,14.7,21.1,7307,4.6,1.63,1.7
2012-08-31,15.0,9.4,20.3,8019,1.6,1.19,2.2
2012-09-01,13.1,7.9,18.0,12312,0.0,1.06,2.0
2012-09-02,14.8,8.1,22.8,15438,0.0,1.14,1.7
2012-09-03,15.4,9.6,21.2,11540,0.0,1.21,1.6
2012-09-04,16.6,9.9,24.3,19589,0.0,1.28,1.8
2012-09-05,16.5,12.5,21.3,11217,0.0,1.43,2.1
2012-09-06,14.7,9.6,19.1,14920,0.0,1.19,2.4
2012-09-07,15.6,13.1,18.8,6569,2.9,1.47,2.5
2012-09-08,16.5,11.9,21.0,8638,1.3,1.38,1.8
2012-09-09,18.6,11.3,25.1,16547,0.0,1.38,1.8
2012-09-10,21.7,14.3,31.0,17564,0.0,1.74,1.9
2012-09-11,17.3,12.5,22.8,7619,11.4,1.46,2.4
2012-09-12,12.0,7.0,16.8,11709,0.0,1.01,2.3
2012-09-13,11.3,4.9,18.2,12211,0.0,0.9,1.6
2012-09-14,13.1,8.7,16.1,8379,0.6,1.11,3.4
2012-09-15,14.4,11.5,18.0,8077,0.1,1.33,2.6
2012-09-16,15.7,10.9,21.7,16803,0.0,1.31,2.0
2012-09-17,15.1,10.6,20.7,13217,0.0,1.28,1.9
2012-09-18,15.3,11.3,20.0,9784,0.6,1.32,2.4
2012-09-19,10.4,5.7,15.7,13433,0.7,0.92,2.7
2012-09-20,10.1,4.7,16.3,13093,0.0,0.87,2.1
2012-09-21,11.5,6.5,17.1,8569,0.0,0.98,2.1
2012-09-22,9.1,5.2,13.8,8463,0.5,0.87,2.7
2012-09-23,10.0,3.2,16.3,12568,0.0,0.8,2.0
2012-09-24,11.9,9.3,13.8,5311,8.8,1.14,3.4
2012-09-25,13.7,9.7,19.1,7112,0.0,1.2,2.8
2012-09-26,14.2,10.7,18.7,6457,5.8,1.27,2.1
2012-09-27,13.0,11.4,15.9,6643,4.3,1.31,3.1
2012-09-28,12.8,9.9,16.5,7098,0.1,1.19,2.6
2012-09-29,11.2,8.5,16.5,8268,1.5,1.09,2.4
2012-09-30,10.7,6.7,16.5,13719,0.0,0.99,2.2
2012-10-01,10.7,4.4,19.1,13200,0.0,0.88,1.8
2012-10-02,12.7,6.8,19.0,7148,0.1,1.02,2.2
2012-10-03,14.6,11.1,19.3,8179,3.0,1.3,2.9
2012-10-04,10.5,8.0,12.1,4447,26.1,1.04,3.3
2012-10-05,10.7,7.5,16.5,4544,9.6,1.03,3.6
2012-10-06,9.7,7.3,11.7,5903,10.3,1.0,3.0
2012-10-07,8.6,5.7,13.9,8818,0.0,0.9,2.9
2012-10-08,8.7,3.0,13.9,8862,0.1,0.76,2.1
2012-10-09,6.9,1.5,13.0,9638,0.0,0.7,2.6
2012-10-10,7.0,3.2,11.0,5141,2.4,0.76,1.9
2012-10-11,7.5,3.0,12.9,6657,0.7,0.76,1.7
2012-10-12,8.2,4.8,11.2,7110,6.6,0.84,2.8
2012-10-13,10.0,7.1,14.1,8801,1.7,0.99,2.7
2012-10-14,8.5,6.5,12.3,5817,3.2,0.95,2.5
2012-10-15,7.7,5.2,10.2,3816,0.9,0.86,2.7
2012-10-16,8.4,4.5,14.3,8352,0.3,0.84,2.9
2012-10-17,10.2,5.5,14.4,7409,0.0,0.9,2.7
2012-10-18,14.2,10.8,19.8,8846,0.0,1.28,2.4
2012-10-19,14.3,9.4,20.7,8936,0.0,1.19,1.9
2012-10-20,14.1,8.5,22.2,9166,0.0,1.15,1.5
2012-10-21,14.8,10.3,19.9,8535,0.0,1.25,1.7
2012-10-22,13.1,12.5,13.4,3212,0.4,1.39,1.9
2012-10-23,11.7,11.1,12.1,3151,0.1,1.27,1.8
2012-10-24,11.4,9.4,13.0,3091,0.3,1.14,1.2
2012-10-25,8.8,5.3,11.7,3573,0.8,0.87,2.4
2012-10-26,2.2,-1.8,6.9,5446,0.0,0.54,2.3
2012-10-27,0.8,-2.8,6.4,5952,0.1,0.5,2.8
2012-10-28,0.2,-4.1,7.7,7813,0.0,0.47,2.0
2012-10-29,2.1,-2.7,7.0,6859,2.2,0.5,2.8
2012-10-30,4.7,1.3,8.7,3449,0.8,0.66,2.4
2012-10-31,4.9,1.3,9.5,5771,0.0,0.67,2.5
2012-11-01,5.9,3.8,7.9,2644,0.9,0.77,3.1
2012-11-02,6.5,3.6,10.4,3633,4.9,0.78,3.8
2012-11-03,6.2,4.4,8.3,3388,2.4,0.81,3.0
2012-11-04,6.1,2.7,8.1,4044,2.7,0.72,2.5
2012-11-05,6.7,3.9,9.5,2740,1.5,0.79,3.1
2012-11-06,5.6,2.0,8.9,5596,2.5,0.69,3.3
2012-11-07,9.3,6.6,11.4,2524,1.3,0.94,4.3
2012-11-08,9.3,8.6,10.3,2307,0.8,1.08,3.4
2012-11-09,8.9,7.2,10.6,2263,0.0,0.99,2.2
2012-11-10,7.2,4.5,8.9,2386,1.7,0.81,2.3
2012-11-11,8.4,5.2,11.6,3544,0.0,0.87,2.1
2012-11-12,5.9,1.5,7.9,2138,0.0,0.66,2.0
2012-11-13,3.8,-0.5,10.9,5562,0.0,0.61,1.8
2012-11-14,3.0,-1.4,8.7,5956,0.0,0.55,1.7
2012-11-15,-1.5,-2.9,0.0,2023,0.1,0.47,1.4
2012-11-16,-0.5,-2.2,0.4,1987,0.0,0.5,1.8
2012-11-17,0.7,-1.3,2.0,1952,0.2,0.54,2.2
2012-11-18,4.0,-0.4,6.8,1918,2.8,0.59,1.6
2012-11-19,3.8,-0.3,7.2,2878,0.0,0.59,1.7
2012-11-20,5.6,4.7,6.5,1853,0.0,0.82,2.0
2012-11-21,5.9,2.8,7.2,1822,0.0,0.72,2.6
2012-11-22,6.2,1.7,10.9,4194,0.0,0.69,2.4
2012-11-23,3.3,-0.3,6.2,3095,3.6,0.59,2.4
2012-11-24,4.8,3.5,6.0,1737,1.8,0.76,1.6
2012-11-25,7.6,4.8,12.3,2176,0.8,0.85,3.9
2012-11-26,6.6,3.9,8.6,3391,7.1,0.78,2.4
2012-11-27,6.9,5.0,8.8,1661,0.1,0.84,1.6
2012-11-28,5.2,4.4,6.6,1638,0.0,0.81,1.9
2012-11-29,3.6,2.0,5.1,1616,0.6,0.68,3.5
2012-11-30,0.6,-3.5,3.1,1995,0.9,0.46,2.0
2012-12-01,1.2,-2.1,2.9,1575,0.8,0.51,2.1
2012-12-02,0.3,-0.7,1.7,1556,1.2,0.56,2.5
2012-12-03,-0.3,-2.6,1.6,2928,2.9,0.49,3.0
2012-12-04,3.1,0.0,5.3,1651,1.3,0.59,3.6
2012-12-05,-2.8,-5.7,0.4,3733,0.9,0.39,2.7
2012-12-06,-3.6,-7.7,-1.1,2215,0.0,0.34,3.1
2012-12-07,-5.5,-7.8,-2.3,4058,0.0,0.33,2.4
2012-12-08,-6.4,-11.7,-2.8,1508,3.2,0.25,1.6
2012-12-09,-0.6,-3.9,2.1,1455,17.2,0.44,3.7
2012-12-10,-0.6,-4.0,0.9,1445,0.7,0.44,3.9
2012-12-11,-2.2,-4.2,0.0,2182,0.1,0.43,3.0
2012-12-12,-5.1,-8.8,-3.3,1427,0.0,0.31,1.8
2012-12-13,-3.1,-4.7,-1.8,1420,0.5,0.42,2.0
2012-12-14,-2.5,-5.9,0.4,1414,8.9,0.38,3.1
2012-12-15,2.2,0.0,4.3,1491,0.2,0.59,2.9
2012-12-16,2.8,1.6,4.4,1405,1.4,0.66,2.5
2012-12-17,2.1,1.1,3.4,1524,0.4,0.63,2.0
2012-12-18,1.9,1.0,2.8,1400,1.6,0.63,1.7
2012-12-19,1.2,0.6,1.8,1399,0.0,0.61,1.4
2012-12-20,0.8,-0.3,1.3,1399,0.0,0.57,3.0
2012-12-21,-2.3,-4.8,0.2,1400,0.0,0.41,2.8
2012-12-22,-3.0,-4.1,-2.0,1403,2.6,0.43,2.6
2012-12-23,-0.6,-2.6,1.8,1406,9.0,0.49,4.0
2012-12-24,4.3,0.8,8.5,1410,0.5,0.64,2.9
2012-12-25,8.0,4.8,11.7,1416,1.9,0.85,3.6
2012-12-26,6.6,3.8,8.2,2494,3.0,0.77,4.3
2012-12-27,5.7,-1.2,8.7,2298,1.8,0.56,4.3
2012-12-28,-1.5,-5.9,2.0,3432,1.8,0.39,2.8
2012-12-29,5.5,1.4,9.0,1573,0.0,0.67,3.3
2012-12-30,7.0,4.8,9.7,2213,1.4,0.84,4.3
2012-12-31,8.3,6.2,10.2,1680,0.9,0.92,4.3
2013-01-01,6.5,3.2,8.6,1470,5.1,0.74,3.4
2013-01-02,5.0,3.4,6.4,1567,1.6,0.75,3.1
2013-01-03,7.7,5.2,10.0,1496,0.5,0.86,4.1
2013-01-04,7.9,4.8,9.8,1511,11.7,0.84,4.0
2013-01-05,7.5,5.9,8.1,1527,0.2,0.89,3.1
2013-01-06,6.7,5.6,7.8,1544,1.6,0.88,3.1
2013-01-07,5.5,4.7,6.3,1562,3.9,0.82,1.8
2013-01-08,6.5,5.3,6.8,1581,2.0,0.85,2.2
2013-01-09,6.4,4.3,6.9,1601,8.6,0.8,2.4
2013-01-10,2.2,-1.2,4.7,1622,2.6,0.54,3.2
2013-01-11,-1.3,-5.0,0.0,1917,0.5,0.41,2.3
2013-01-12,-3.1,-6.5,-0.4,2035,0.4,0.37,1.7
2013-01-13,-2.5,-5.3,-1.3,1785,0.7,0.4,2.0
2013-01-14,-4.6,-6.3,-3.3,1718,0.1,0.37,1.7
2013-01-15,-5.4,-7.7,-4.2,1745,0.0,0.33,1.7
2013-01-16,-4.3,-5.5,-2.7,1773,0.1,0.39,1.8
2013-01-17,-1.0,-2.9,0.7,1850,0.1,0.48,2.3
2013-01-18,-1.8,-3.2,-1.1,1832,0.0,0.47,2.5
2013-01-19,-5.2,-10.2,-2.9,1863,0.0,0.28,3.2
2013-01-20,-5.8,-11.3,-2.1,4143,0.0,0.26,3.0
2013-01-21,-3.9,-6.7,-2.3,1929,0.8,0.36,2.8
2013-01-22,-6.5,-7.6,-5.1,1964,0.2,0.33,2.1
2013-01-23,-5.3,-8.2,-3.3,1999,0.0,0.32,1.4
2013-01-24,-4.1,-11.5,-0.3,3554,0.0,0.26,1.7
2013-01-25,-8.5,-13.1,-2.6,3982,0.0,0.23,1.7
2013-01-26,-7.6,-12.1,-2.7,2167,1.2,0.24,2.8
2013-01-27,-0.1,-2.9,2.4,2153,6.2,0.48,3.2
2013-01-28,2.4,-0.3,4.5,2195,2.0,0.58,2.9
2013-01-29,5.2,1.5,8.1,2237,10.0,0.67,4.4
2013-01-30,8.4,4.3,10.8,2619,10.1,0.81,5.4
2013-01-31,6.2,4.7,7.8,3068,4.9,0.82,6.2
2013-02-01,5.3,1.9,6.8,2428,6.9,0.68,3.5
2013-02-02,0.4,-4.8,2.9,3062,0.0,0.42,3.2
2013-02-03,0.8,-5.2,3.3,2703,5.2,0.41,3.8
2013-02-04,4.4,2.1,7.0,2574,5.7,0.69,4.6
2013-02-05,2.6,0.0,5.4,2686,4.1,0.6,4.2
2013-02-06,0.6,-1.8,2.1,3170,2.2,0.52,2.5
2013-02-07,0.2,-0.4,2.6,3042,1.4,0.57,2.3
2013-02-08,-0.5,-1.5,0.6,2720,4.7,0.53,2.0
2013-02-09,-1.6,-5.5,0.3,3672,0.7,0.4,1.6
2013-02-10,-3.4,-5.3,-2.0,2830,0.0,0.39,2.1
2013-02-11,-2.6,-6.5,0.0,6044,0.0,0.37,3.4
2013-02-12,-1.3,-4.5,2.2,7074,0.0,0.43,2.5
2013-02-13,-2.8,-7.2,0.5,3069,0.0,0.35,1.5
2013-02-14,-3.2,-6.7,0.1,5111,0.0,0.36,2.2
2013-02-15,-0.2,-2.4,1.9,3259,0.0,0.5,1.7
2013-02-16,0.6,0.0,1.4,3182,0.1,0.59,1.2
2013-02-17,0.5,-0.1,1.0,3244,0.1,0.58,1.3
2013-02-18,0.7,0.0,1.9,3307,6.2,0.58,1.5
2013-02-19,0.4,-0.6,1.4,3443,0.4,0.56,2.8
2013-02-20,-0.8,-1.7,1.1,4024,0.6,0.52,2.9
2013-02-21,-1.4,-2.9,1.1,3948,0.4,0.48,3.0
2013-02-22,-3.0,-6.7,-0.4,4171,0.0,0.36,3.3
2013-02-23,-1.8,-6.1,0.1,3635,0.6,0.38,3.3
2013-02-24,0.6,-0.5,1.1,3703,1.2,0.56,2.5
2013-02-25,1.4,0.9,2.5,3772,0.9,0.63,2.4
2013-02-26,1.1,0.4,1.5,3841,0.0,0.6,2.3
2013-02-27,0.6,-3.0,3.2,4231,0.0,0.48,2.0
2013-02-28,0.6,-4.0,6.3,10690,0.1,0.46,1.8
2013-03-01,2.0,-3.6,6.1,7078,0.0,0.47,2.4
2013-03-02,0.9,-3.6,7.0,11564,0.1,0.48,2.3
2013-03-03,2.5,-3.2,7.0,5537,0.0,0.49,2.3
2013-03-04,1.2,-4.6,8.3,12803,0.0,0.45,2.0
2013-03-05,3.7,-2.1,11.5,13310,0.0,0.55,2.0
2013-03-06,3.3,-3.4,11.9,12618,0.0,0.51,1.7
2013-03-07,3.8,0.7,7.1,5719,1.0,0.63,2.7
2013-03-08,1.3,-0.2,3.3,4575,0.0,0.58,3.3
2013-03-09,0.2,-1.1,1.7,4651,9.9,0.54,3.2
2013-03-10,-3.2,-7.0,-1.0,4728,0.9,0.35,3.4
2013-03-11,-4.2,-7.1,-1.1,6076,0.3,0.35,3.0
2013-03-12,-5.0,-12.1,0.2,11664,0.0,0.25,2.5
2013-03-13,-6.9,-15.4,0.8,14676,0.8,0.2,1.9
2013-03-14,-3.0,-6.0,1.6,5788,0.5,0.39,1.9
2013-03-15,-4.6,-11.0,2.4,13226,0.0,0.28,1.9
2013-03-16,-2.4,-8.8,2.7,13855,0.0,0.32,3.1
2013-03-17,0.0,-2.7,3.0,6910,0.0,0.49,3.9
2013-03-18,-1.2,-2.2,0.1,5358,4.8,0.5,3.2
2013-03-19,-1.3,-2.6,0.5,5438,3.1,0.48,3.1
2013-03-20,-0.6,-3.5,2.3,5518,0.0,0.46,2.5
2013-03-21,-0.9,-6.1,2.1,5698,0.1,0.38,2.3
2013-03-22,-2.2,-4.8,1.8,8184,0.1,0.42,3.4
2013-03-23,-5.2,-8.2,-1.8,16972,0.0,0.32,4.8
2013-03-24,-4.0,-9.7,1.3,17856,0.0,0.3,4.6
2013-03-25,-2.1,-5.8,1.4,18031,0.0,0.39,4.4
2013-03-26,-1.7,-6.6,2.6,15310,0.0,0.37,3.6
2013-03-27,-0.8,-4.9,3.5,12752,0.0,0.42,3.1
2013-03-28,-0.4,-2.4,1.8,7004,0.1,0.5,2.5
2013-03-29,-0.2,-1.6,2.0,6245,0.1,0.52,2.1
2013-03-30,0.2,-1.1,2.7,6645,0.7,0.54,1.8
2013-03-31,-0.3,-4.5,4.1,10481,0.0,0.43,2.2
2013-04-01,-0.8,-6.8,5.3,18687,0.0,0.38,2.3
2013-04-02,-0.6,-6.9,5.1,15154,0.0,0.38,2.9
2013-04-03,0.6,-3.2,5.4,13649,0.0,0.48,3.3
2013-04-04,1.4,-2.7,6.4,9479,0.0,0.5,3.2
2013-04-05,1.8,0.8,3.6,6806,0.1,0.63,2.7
2013-04-06,2.4,-3.1,8.1,13017,0.0,0.49,2.0
2013-04-07,1.6,-4.5,9.3,19974,0.0,0.46,2.0
2013-04-08,2.6,-3.9,8.4,13586,0.0,0.48,2.3
2013-04-09,4.7,2.1,9.2,11659,0.4,0.7,2.9
2013-04-10,5.7,3.5,9.3,7541,0.3,0.76,3.0
2013-04-11,7.2,4.1,10.3,7276,3.5,0.8,2.7
2013-04-12,9.2,6.4,13.7,10697,0.1,0.95,3.2
2013-04-13,8.0,2.5,11.4,10212,0.6,0.73,3.3
2013-04-14,10.7,1.9,18.5,15196,0.0,0.76,2.2
2013-04-15,15.8,10.2,24.0,18119,2.1,1.29,2.3
2013-04-16,14.5,11.3,19.7,11068,0.2,1.33,2.2
2013-04-17,14.1,9.4,18.7,13522,0.0,1.17,2.0
2013-04-18,15.7,8.2,21.1,18372,0.0,1.11,3.8
2013-04-19,9.9,4.7,14.7,15749,0.0,0.86,2.9
2013-04-20,6.6,0.9,12.5,21725,0.0,0.66,3.1
2013-04-21,9.6,1.1,16.4,18486,0.0,0.71,2.2
2013-04-22,10.6,4.7,14.7,10991,0.0,0.86,1.8
2013-04-23,10.4,5.0,14.5,9496,0.0,0.87,2.9
2013-04-24,12.5,3.6,20.1,19917,0.0,0.85,2.2
2013-04-25,15.0,11.8,20.3,13432,3.2,1.37,1.6
2013-04-26,13.2,6.0,20.3,16216,10.7,0.98,2.4
2013-04-27,6.8,4.5,9.4,8805,0.2,0.82,2.8
2013-04-28,7.6,0.3,14.2,23564,0.0,0.65,1.9
2013-04-29,9.9,4.3,14.9,14018,0.1,0.83,2.6
2013-04-30,9.1,2.8,15.3,18200,0.0,0.77,2.3
2013-05-01,10.6,0.9,17.9,22905,0.0,0.72,2.3
2013-05-02,12.9,8.9,18.4,13635,0.0,1.14,2.2
2013-05-03,12.0,5.0,18.0,24115,0.0,0.9,1.9
2013-05-04,13.7,4.3,22.0,23213,0.0,0.9,2.0
2013-05-05,13.1,4.0,21.0,20790,0.0,0.89,1.8
2013-05-06,16.1,5.8,24.7,26060,0.0,1.03,2.0
2013-05-07,15.8,8.5,21.6,12100,8.0,1.14,1.9
2013-05-08,17.5,13.2,23.3,18005,0.0,1.51,2.0
2013-05-09,16.3,11.2,22.2,16045,6.8,1.34,2.0
2013-05-10,14.1,9.0,19.3,16753,0.0,1.15,2.5
2013-05-11,12.6,6.6,18.4,14011,2.8,0.99,2.1
2013-05-12,9.8,5.4,14.0,12665,0.3,0.89,2.7
2013-05-13,10.1,3.7,14.2,15289,2.5,0.81,2.9
2013-05-14,11.8,8.1,16.2,17408,0.0,1.07,2.5
2013-05-15,18.0,9.1,25.3,25069,0.0,1.23,2.5
2013-05-16,19.6,11.8,26.4,22177,0.0,1.45,2.4
2013-05-17,21.4,16.8,26.8,20306,2.0,1.9,2.4
2013-05-18,12.8,10.0,17.0,9629,5.0,1.2,2.3
2013-05-19,12.0,8.5,15.1,9674,0.0,1.09,2.2
2013-05-20,12.8,9.5,15.0,9718,0.0,1.16,2.5
2013-05-21,12.8,11.0,16.1,9760,2.9,1.27,2.4
2013-05-22,8.9,4.5,11.2,9801,9.9,0.83,3.8
2013-05-23,8.9,2.8,13.9,18959,0.0,0.76,2.2
2013-05-24,8.4,3.5,13.0,14053,0.0,0.79,1.8
2013-05-25,8.3,5.8,10.1,9917,13.6,0.9,2.4
2013-05-26,11.4,9.8,12.0,9953,8.1,1.16,3.8
2013-05-27,13.5,9.2,19.2,22021,0.0,1.17,2.5
2013-05-28,12.6,8.6,17.2,13163,0.7,1.11,1.9
2013-05-29,13.9,9.2,18.3,16343,3.0,1.16,2.3
2013-05-30,15.4,12.1,22.0,13494,8.4,1.42,2.1
2013-05-31,16.4,11.6,22.5,16675,1.8,1.37,3.6
2013-06-01,16.1,11.8,22.3,16707,0.7,1.39,3.4
2013-06-02,12.5,9.7,16.1,10826,0.0,1.18,4.1
2013-06-03,13.3,7.3,20.0,25444,0.0,1.06,3.2
2013-06-04,14.7,8.0,21.1,19162,0.0,1.11,2.3
2013-06-05,15.2,5.6,21.8,31033,0.0,0.97,1.8
2013-06-06,16.7,6.0,23.6,31722,0.0,1.02,1.8
2013-06-07,17.6,7.5,24.8,31618,0.0,1.13,1.7
2013-06-08,17.5,9.6,24.3,29536,0.0,1.25,1.9
2013-06-09,14.9,8.8,21.8,22443,0.0,1.16,2.1
2013-06-10,15.2,6.7,23.1,25230,0.0,1.05,2.1
2013-06-11,15.7,8.2,22.5,25380,0.0,1.14,1.6
2013-06-12,18.8,8.1,26.0,26715,0.0,1.18,1.9
2013-06-13,20.1,12.0,26.3,15516,10.1,1.47,2.8
2013-06-14,14.8,10.0,20.1,15130,0.0,1.24,2.7
2013-06-15,15.8,9.3,22.9,22265,0.3,1.21,2.7
2013-06-16,16.1,11.5,21.4,22800,0.0,1.37,2.5
2013-06-17,18.3,10.6,24.8,28613,0.0,1.32,1.8
2013-06-18,20.9,14.9,28.0,21755,0.0,1.75,1.8
2013-06-19,25.6,17.2,32.1,24660,22.1,2.06,2.2
2013-06-20,22.3,17.6,28.0,25056,5.3,2.03,2.3
2013-06-21,20.2,16.6,24.1,19381,0.1,1.86,3.2
2013-06-22,19.6,15.7,24.1,18191,0.8,1.77,2.8
2013-06-23,17.5,13.1,21.6,18054,0.0,1.49,3.2
2013-06-24,15.7,11.7,20.2,19499,3.0,1.37,2.5
2013-06-25,13.2,11.2,14.8,10393,3.4,1.28,3.0
2013-06-26,12.2,9.9,15.3,11308,0.1,1.18,3.2
2013-06-27,13.1,9.6,17.8,16438,0.0,1.18,2.2
2013-06-28,13.3,9.1,17.8,14054,1.7,1.15,2.2
2013-06-29,13.2,8.1,17.0,12856,1.9,1.07,3.0
2013-06-30,11.7,6.9,16.5,14684,0.5,0.99,2.4
2013-07-01,17.6,12.5,23.3,19931,1.1,1.47,2.2
2013-07-02,17.0,11.8,22.1,22410,0.0,1.4,1.7
2013-07-03,19.9,14.8,27.3,16076,0.6,1.73,2.2
2013-07-04,19.5,16.7,23.8,12243,0.1,1.87,1.7
2013-07-05,19.0,12.4,23.7,14192,0.0,1.46,1.8
2013-07-06,16.7,8.5,23.6,28473,0.0,1.17,1.9
2013-07-07,18.3,8.0,26.3,30142,0.0,1.17,2.0
2013-07-08,19.6,10.4,27.7,29449,0.0,1.37,2.2
2013-07-09,19.6,10.1,27.0,29671,0.0,1.32,1.9
2013-07-10,16.6,11.9,21.8,20467,0.0,1.4,2.7
2013-07-11,17.4,11.3,23.4,20430,0.0,1.37,2.6
2013-07-12,16.8,12.3,23.8,18301,0.0,1.45,1.9
2013-07-13,17.5,10.1,23.9,27529,0.0,1.28,2.0
2013-07-14,15.8,11.5,18.8,11701,0.0,1.34,2.3
2013-07-15,16.7,10.0,23.6,26907,0.0,1.26,2.0
2013-07-16,17.8,10.4,25.8,19566,0.0,1.33,1.6
2013-07-17,19.6,12.3,27.4,23938,0.0,1.5,1.7
2013-07-18,20.6,13.1,27.8,24533,0.0,1.57,2.2
2013-07-19,20.1,14.2,26.2,24735,0.0,1.66,2.7
2013-07-20,21.0,13.5,27.7,28301,0.0,1.6,2.0
2013-07-21,21.5,10.2,31.0,29268,0.0,1.41,1.7
2013-07-22,23.5,12.2,32.2,29069,0.0,1.59,1.4
2013-07-23,22.9,13.3,31.0,27835,0.0,1.66,1.8
2013-07-24,23.1,15.0,30.5,23514,1.8,1.79,1.8
2013-07-25,22.6,17.6,29.4,22931,0.0,2.05,1.4
2013-07-26,24.2,16.6,32.1,21192,0.0,1.97,1.4
2013-07-27,25.3,17.8,33.8,22916,2.6,2.15,1.7
2013-07-28,24.3,18.8,32.0,19007,3.9,2.22,2.4
2013-07-29,20.0,16.3,23.7,11154,8.6,1.82,2.0
2013-07-30,19.5,16.0,24.1,23323,0.2,1.78,2.9
2013-07-31,19.6,16.3,24.8,16760,0.3,1.84,2.8
2013-08-01,22.6,16.8,30.4,21508,0.0,1.97,1.7
2013-08-02,27.5,18.9,35.8,26739,0.0,2.34,1.9
2013-08-03,24.9,16.5,31.3,18691,2.1,1.97,2.4
2013-08-04,19.5,14.4,25.2,15211,0.0,1.65,1.6
2013-08-05,22.1,12.7,28.6,25311,0.8,1.56,1.9
2013-08-06,23.7,16.9,29.7,22203,5.1,1.98,2.3
2013-08-07,20.1,14.6,24.7,16485,1.2,1.67,2.1
2013-08-08,18.7,12.9,21.4,9551,0.0,1.47,2.3
2013-08-09,16.9,10.6,24.1,22407,0.0,1.33,1.6
2013-08-10,17.6,10.1,25.1,17844,1.3,1.3,2.2
2013-08-11,16.0,12.3,21.7,12814,0.7,1.43,2.4
2013-08-12,16.2,11.8,22.2,14582,0.5,1.38,2.3
2013-08-13,13.8,10.1,20.9,16583,5.5,1.24,2.8
2013-08-14,14.3,8.7,20.0,19179,0.5,1.14,2.3
2013-08-15,16.2,7.0,23.7,18100,0.0,1.08,1.7
2013-08-16,20.8,13.5,29.0,18969,0.0,1.64,1.9
2013-08-17,19.6,13.2,25.4,13055,0.0,1.55,1.8
2013-08-18,18.7,16.2,26.0,9956,3.5,1.85,2.5
2013-08-19,15.8,13.4,18.6,8078,20.9,1.49,2.0
2013-08-20,15.4,10.9,19.4,12909,0.0,1.3,2.0
2013-08-21,16.4,10.4,23.4,20079,0.0,1.3,1.5
2013-08-22,17.4,11.4,24.6,17466,0.0,1.4,1.4
2013-08-23,18.8,12.7,24.4,19003,0.0,1.49,2.0
2013-08-24,18.6,12.2,24.3,21230,0.0,1.45,2.5
2013-08-25,19.3,14.0,24.9,19807,0.0,1.61,2.6
2013-08-26,17.7,12.3,23.3,22352,0.0,1.44,2.6
2013-08-27,16.7,11.0,23.0,13635,0.0,1.34,1.9
2013-08-28,17.3,10.2,24.5,12723,0.7,1.3,1.5
2013-08-29,16.6,8.2,24.1,18352,0.0,1.17,1.3
2013-08-30,17.2,10.3,24.7,15710,0.0,1.31,1.6
2013-08-31,16.4,9.3,21.0,10370,5.0,1.19,2.5
2013-09-01,14.3,9.6,19.7,11065,2.5,1.2,2.9
2013-09-02,14.8,12.3,16.5,7039,9.8,1.39,3.8
2013-09-03,17.4,15.8,20.2,7073,1.0,1.75,2.2
2013-09-04,16.9,13.0,20.7,6995,0.0,1.48,1.3
2013-09-05,18.3,12.3,24.0,20801,0.0,1.46,2.1
2013-09-06,20.2,14.2,26.4,20637,0.0,1.64,2.4
2013-09-07,20.7,14.7,26.9,19491,0.0,1.7,1.8
2013-09-08,17.9,14.5,23.4,9380,25.4,1.63,2.3
2013-09-09,12.6,8.6,16.1,8423,21.6,1.11,2.5
2013-09-10,11.7,8.5,16.4,8331,4.9,1.1,2.6
2013-09-11,11.5,10.3,13.5,6330,2.6,1.2,2.6
2013-09-12,13.0,9.9,17.2,7303,0.0,1.19,1.9
2013-09-13,12.9,9.7,19.6,11082,0.0,1.2,1.8
2013-09-14,14.9,8.5,21.8,13041,0.3,1.15,2.2
2013-09-15,14.1,11.4,17.7,7762,1.4,1.32,2.3
2013-09-16,12.2,6.8,17.0,9712,1.1,0.99,3.2
2013-09-17,9.6,4.2,16.0,13558,3.4,0.85,3.3
2013-09-18,9.3,6.9,11.9,5973,7.2,0.97,2.7
2013-09-19,10.6,6.0,15.9,8287,1.7,0.93,2.5
2013-09-20,12.3,10.1,15.5,6107,6.0,1.2,2.4
2013-09-21,12.7,8.9,17.8,7202,0.0,1.13,1.7
2013-09-22,13.9,9.3,16.9,6232,0.0,1.16,2.2
2013-09-23,16.4,14.4,17.8,6339,1.0,1.58,2.7
2013-09-24,13.3,7.1,15.4,5295,2.4,0.99,1.7
2013-09-25,9.0,5.2,12.5,5216,10.8,0.88,1.6
2013-09-26,8.9,3.0,14.7,7864,0.1,0.78,2.2
2013-09-27,8.1,2.1,14.8,9717,0.4,0.73,1.6
2013-09-28,8.4,2.8,15.3,11165,0.0,0.77,1.9
2013-09-29,9.4,4.7,15.0,15419,0.0,0.86,3.3
2013-09-30,9.0,5.2,14.2,14336,0.0,0.88,2.9
2013-10-01,8.4,4.5,14.6,12733,0.0,0.85,2.3
2013-10-02,8.2,1.4,14.3,13555,0.0,0.7,2.9
2013-10-03,7.7,2.9,12.7,13743,0.0,0.76,3.5
2013-10-04,9.1,3.9,13.6,9920,0.1,0.8,2.9
2013-10-05,9.6,7.7,10.3,4447,4.3,1.01,1.7
2013-10-06,13.1,10.5,16.3,4970,0.0,1.23,1.4
2013-10-07,13.3,10.9,17.3,6578,0.0,1.28,1.4
2013-10-08,13.6,11.3,16.6,4226,0.1,1.31,1.3
2013-10-09,13.7,10.9,17.2,4897,4.6,1.27,2.2
2013-10-10,9.4,7.9,10.8,4081,2.7,1.03,2.2
2013-10-11,12.8,8.4,15.0,4010,1.7,1.08,2.5
2013-10-12,12.4,11.5,13.0,3939,29.7,1.31,2.3
2013-10-13,8.6,3.7,11.8,6319,0.0,0.78,2.1
2013-10-14,8.5,4.3,13.4,7316,0.0,0.83,2.0
2013-10-15,9.1,5.0,10.8,3731,7.7,0.85,2.3
2013-10-16,7.9,4.5,11.2,3740,0.7,0.83,1.9
2013-10-17,11.2,8.7,15.0,3974,7.8,1.1,4.0
2013-10-18,8.2,1.6,12.8,8678,0.0,0.7,2.3
2013-10-19,8.0,3.0,11.8,5529,0.0,0.75,2.4
2013-10-20,14.1,9.7,18.2,4566,2.3,1.19,2.3
2013-10-21,13.7,11.1,17.1,5064,0.0,1.29,2.5
2013-10-22,14.9,10.7,19.9,8180,0.0,1.28,2.5
2013-10-23,16.2,13.0,20.7,4617,0.0,1.48,3.1
2013-10-24,11.4,4.1,15.8,8562,0.0,0.84,2.2
2013-10-25,9.8,2.9,13.8,3091,0.6,0.76,2.1
2013-10-26,15.3,12.7,18.7,5062,1.7,1.43,2.7
2013-10-27,14.5,12.2,18.7,4444,2.4,1.4,4.4
2013-10-28,13.9,11.6,18.3,3378,6.1,1.34,5.3
2013-10-29,11.0,7.6,13.2,4033,0.0,1.01,3.9
2013-10-30,8.5,3.8,12.7,7503,0.0,0.79,2.7
2013-10-31,6.9,2.6,12.4,7453,0.2,0.74,2.4
2013-11-01,9.5,7.3,12.3,3763,1.8,0.99,2.6
2013-11-02,8.9,7.4,10.7,2644,8.0,1.0,2.8
2013-11-03,9.2,5.4,12.0,4000,1.2,0.87,4.2
2013-11-04,8.0,5.9,12.6,2603,8.5,0.91,4.1
2013-11-05,7.4,4.9,10.8,4939,3.6,0.84,3.3
2013-11-06,7.3,5.5,10.1,3682,6.9,0.88,3.8
2013-11-07,10.6,7.9,14.5,3735,0.8,1.05,3.6
2013-11-08,8.9,7.7,10.6,2467,1.3,1.01,2.1
2013-11-09,8.6,5.6,10.8,3781,1.2,0.88,4.0
2013-11-10,6.4,4.7,8.0,3383,0.3,0.83,2.9
2013-11-11,5.4,2.8,9.4,6423,0.0,0.73,1.9
2013-11-12,5.5,2.9,8.2,2343,0.2,0.74,2.2
2013-11-13,6.1,2.1,10.7,5321,0.0,0.71,2.0
2013-11-14,2.8,-0.8,8.3,3750,0.0,0.58,1.9
2013-11-15,0.1,-2.4,1.4,2060,0.0,0.49,1.8
2013-11-16,3.5,1.0,5.5,2023,0.0,0.64,2.2
2013-11-17,6.5,5.8,7.6,1987,0.1,0.88,1.6
2013-11-18,5.7,5.0,6.6,1952,0.1,0.84,1.9
2013-11-19,5.5,4.8,7.2,1918,3.1,0.83,2.0
2013-11-20,4.2,-0.5,5.8,1885,5.5,0.57,2.2
2013-11-21,-0.6,-2.6,1.5,1902,0.5,0.49,2.0
2013-11-22,3.7,0.6,5.5,1822,0.8,0.62,2.6
2013-11-23,5.1,-1.2,7.0,1793,0.1,0.55,2.4
2013-11-24,1.6,-2.8,6.3,3237,0.0,0.49,2.9
2013-11-25,-1.5,-5.3,4.2,5311,0.0,0.41,2.3
2013-11-26,-1.4,-4.3,4.2,5016,0.0,0.44,1.6
2013-11-27,1.4,-4.3,6.0,1685,0.8,0.45,2.2
2013-11-28,7.5,5.5,8.6,1935,0.0,0.87,2.9
2013-11-29,5.6,3.8,6.5,1638,6.8,0.77,3.3
2013-11-30,4.9,3.9,5.7,1616,0.8,0.78,2.6
2013-12-01,5.4,0.7,8.5,1595,0.1,0.63,2.6
2013-12-02,0.2,-2.2,2.0,1840,0.0,0.5,1.8
2013-12-03,1.0,-0.4,1.4,1556,0.0,0.57,1.7
2013-12-04,2.3,-1.1,5.2,1539,0.8,0.55,2.9
2013-12-05,2.9,0.3,5.0,1522,11.3,0.61,5.3
2013-12-06,0.7,0.3,1.7,1721,3.4,0.6,6.9
2013-12-07,0.8,0.1,1.4,1917,0.9,0.59,3.8
2013-12-08,4.4,0.5,8.2,1479,7.0,0.63,3.5
2013-12-09,9.0,8.4,9.6,1466,3.6,1.06,3.4
2013-12-10,7.9,6.1,8.7,1455,0.8,0.91,1.8
2013-12-11,5.3,3.7,6.0,1445,0.0,0.76,1.9
2013-12-12,2.2,0.3,3.5,1435,0.0,0.6,2.0
2013-12-13,1.8,-1.4,4.9,3369,0.0,0.54,1.9
2013-12-14,1.1,-2.5,5.3,1791,0.6,0.5,2.5
2013-12-15,4.8,2.3,7.2,1414,1.6,0.7,3.0
2013-12-16,4.5,1.3,8.3,3048,0.0,0.66,2.8
2013-12-17,5.8,3.3,8.5,1855,0.0,0.75,1.9
2013-12-18,4.4,2.4,6.1,1606,0.0,0.7,2.2
2013-12-19,5.2,1.5,7.9,1400,1.8,0.66,3.0
2013-12-20,2.8,0.3,5.7,1399,0.0,0.61,2.5
2013-12-21,5.5,3.1,6.8,1399,0.0,0.74,3.7
2013-12-22,8.0,5.1,10.1,1400,1.2,0.86,4.2
2013-12-23,6.4,3.1,9.0,3650,0.0,0.75,3.8
2013-12-24,10.8,8.9,12.1,1406,0.0,1.1,4.8
2013-12-25,9.0,2.9,11.4,1410,0.2,0.75,2.8
2013-12-26,4.3,1.5,5.8,1416,1.4,0.66,1.8
2013-12-27,6.1,2.2,7.5,2989,0.2,0.69,3.9
2013-12-28,6.4,2.7,10.0,1471,2.4,0.73,2.9
2013-12-29,5.2,3.4,6.8,1521,0.9,0.75,3.1
2013-12-30,3.5,0.7,5.7,4118,0.0,0.62,2.8
2013-12-31,2.3,0.2,4.5,3932,0.0,0.6,2.5
2014-01-01,1.0,-0.8,5.2,2566,0.2,0.56,2.7
2014-01-02,4.4,0.7,8.0,1482,0.5,0.63,3.2
2014-01-03,5.0,1.2,8.2,2093,0.5,0.66,3.2
2014-01-04,5.5,3.7,7.3,2670,0.0,0.77,2.9
2014-01-05,3.5,-0.5,6.9,1613,0.2,0.58,2.6
2014-01-06,3.7,-0.6,7.8,1544,9.9,0.58,3.3
2014-01-07,8.9,6.8,11.4,2703,0.0,0.96,3.3
2014-01-08,7.7,4.9,9.0,1979,3.9,0.84,3.1
2014-01-09,7.7,3.5,12.0,1601,1.9,0.78,4.0
2014-01-10,5.9,4.0,6.9,1757,0.3,0.79,4.0
2014-01-11,5.2,3.2,7.1,2054,1.7,0.75,3.2
2014-01-12,3.2,-1.0,6.0,3732,0.1,0.56,2.8
2014-01-13,1.4,-1.0,3.6,1785,1.9,0.55,2.2
2014-01-14,2.3,-0.8,5.0,1718,0.0,0.56,1.5
2014-01-15,2.2,-0.7,3.2,1745,1.8,0.56,2.3
2014-01-16,2.8,1.4,4.2,1773,5.7,0.65,2.8
2014-01-17,5.3,2.4,8.3,2333,0.5,0.71,2.3
2014-01-18,4.4,3.0,5.8,3004,0.0,0.73,2.5
2014-01-19,1.7,-1.5,4.3,1863,0.0,0.53,3.3
2014-01-20,-1.6,-2.6,-1.2,1896,0.3,0.48,2.6
2014-01-21,-2.2,-2.9,-1.6,1929,0.7,0.47,1.9
2014-01-22,-3.9,-5.0,-3.0,1964,0.0,0.41,2.0
2014-01-23,-4.4,-5.5,-4.0,1999,0.0,0.39,2.7
2014-01-24,-6.4,-10.4,-5.3,2036,0.0,0.27,2.8
2014-01-25,-11.2,-13.9,-9.3,5042,0.0,0.2,2.6
2014-01-26,-11.1,-12.9,-8.5,3776,1.1,0.22,3.6
2014-01-27,-3.4,-8.4,-0.2,2697,0.6,0.32,3.1
2014-01-28,-1.7,-4.0,0.5,2965,0.0,0.44,2.7
2014-01-29,-5.8,-6.5,-4.1,2237,0.1,0.36,3.4
2014-01-30,-5.2,-6.5,-3.8,2280,0.0,0.36,2.9
2014-01-31,-4.0,-6.4,-1.3,2439,0.0,0.37,2.1
2014-02-01,1.0,-3.4,3.9,3181,0.0,0.47,2.9
2014-02-02,1.8,-0.8,4.7,2417,0.0,0.56,1.9
2014-02-03,0.6,-1.0,2.4,2465,0.0,0.55,2.3
2014-02-04,0.8,-1.3,3.6,3597,0.1,0.54,2.3
2014-02-05,1.0,-1.1,4.0,6706,0.0,0.55,2.8
2014-02-06,4.5,1.3,9.7,4713,0.4,0.67,3.3
2014-02-07,7.2,3.9,12.5,3542,0.6,0.8,4.5
2014-02-08,5.4,1.5,8.3,3417,3.8,0.67,3.7
2014-02-09,5.9,2.4,9.8,5211,0.0,0.72,4.2
2014-02-10,4.3,0.0,8.1,7182,1.8,0.61,2.6
2014-02-11,4.1,2.5,6.2,2952,2.1,0.71,3.1
2014-02-12,4.5,2.3,8.1,6275,0.3,0.7,3.2
2014-02-13,5.4,3.1,9.4,4823,4.7,0.75,3.7
2014-02-14,4.6,2.9,8.2,5452,1.0,0.74,3.5
2014-02-15,8.8,4.3,13.3,3398,0.0,0.83,4.3
2014-02-16,7.1,2.3,9.7,5494,0.1,0.71,4.2
2014-02-17,3.9,-1.5,8.7,5798,0.2,0.55,2.0
2014-02-18,3.6,0.0,8.5,5174,0.6,0.61,1.8
2014-02-19,5.1,1.0,7.5,3371,2.1,0.64,2.3
2014-02-20,7.2,3.7,11.6,6011,0.4,0.79,2.6
2014-02-21,7.3,2.3,10.8,4618,1.2,0.72,3.0
2014-02-22,5.1,0.4,9.7,7864,0.0,0.63,2.9
2014-02-23,5.2,0.4,10.2,11111,0.0,0.63,2.5
2014-02-24,5.4,0.4,11.9,11499,0.0,0.65,2.6
2014-02-25,6.7,1.8,13.5,11112,0.0,0.71,2.4
2014-02-26,7.7,3.6,13.8,6527,0.0,0.79,1.7
2014-02-27,6.5,4.0,11.3,5590,0.5,0.8,2.1
2014-02-28,4.8,-1.0,7.4,4548,0.9,0.57,2.0
2014-03-01,4.0,-3.0,10.5,9530,0.1,0.51,1.6
2014-03-02,4.1,0.1,9.4,7845,0.0,0.62,1.8
2014-03-03,5.2,-0.1,10.1,11385,0.0,0.61,2.6
2014-03-04,4.4,-1.1,8.8,5372,0.1,0.57,1.3
2014-03-05,5.2,1.3,8.3,4690,0.0,0.66,1.5
2014-03-06,3.6,0.3,6.1,5027,0.0,0.61,1.7
2014-03-07,3.7,0.2,8.0,6852,0.0,0.61,2.0
2014-03-08,6.0,-0.8,12.0,13997,0.0,0.59,1.9
2014-03-09,8.9,2.0,17.8,13992,0.0,0.75,2.4
2014-03-10,8.6,1.8,18.6,14433,0.0,0.75,1.9
2014-03-11,7.8,0.3,14.6,12700,0.0,0.66,2.3
2014-03-12,4.9,-2.6,14.2,14871,0.0,0.55,1.7
2014-03-13,6.2,-2.4,16.9,15231,0.0,0.58,1.3
2014-03-14,3.8,-1.1,8.3,5134,1.3,0.56,1.9
2014-03-15,8.3,6.1,11.3,10210,1.7,0.91,5.2
2014-03-16,9.2,6.4,11.0,5199,0.1,0.93,5.6
2014-03-17,9.5,8.3,11.2,5374,0.3,1.05,4.0
2014-03-18,8.8,6.7,10.4,5358,3.0,0.95,3.1
2014-03-19,9.4,6.6,12.2,5536,0.0,0.95,4.5
2014-03-20,13.0,5.3,19.7,15864,0.0,0.94,3.2
2014-03-21,10.6,1.0,17.2,5897,1.3,0.71,3.7
2014-03-22,6.7,0.8,12.1,6581,0.2,0.66,2.7
2014-03-23,6.2,1.5,10.7,12427,0.4,0.68,2.2
2014-03-24,4.2,-0.9,10.9,9201,0.1,0.59,1.7
2014-03-25,3.8,-2.8,11.6,12695,1.8,0.53,1.7
2014-03-26,6.2,2.1,11.4,12931,0.0,0.71,2.3
2014-03-27,6.4,2.3,12.0,17649,0.0,0.72,3.0
2014-03-28,6.1,3.2,7.9,6164,0.0,0.74,2.5
2014-03-29,7.1,3.4,14.7,11003,0.0,0.8,2.1
2014-03-30,10.4,2.7,19.7,17827,0.0,0.8,1.3
2014-03-31,8.9,2.4,15.8,8014,0.0,0.76,1.3
2014-04-01,7.2,0.8,13.8,9294,0.0,0.67,1.7
2014-04-02,10.6,5.3,18.5,15915,0.0,0.92,1.8
2014-04-03,10.8,4.0,19.6,18244,0.0,0.87,2.0
2014-04-04,6.6,5.0,7.3,6726,2.7,0.84,2.5
2014-04-05,8.0,6.4,9.8,6806,4.5,0.92,1.7
2014-04-06,12.0,8.0,17.5,8892,3.9,1.08,2.0
2014-04-07,14.9,10.3,19.7,10777,0.0,1.24,2.1
2014-04-08,11.1,5.6,15.8,10991,1.6,0.92,4.2
2014-04-09,8.4,5.2,11.7,9049,0.5,0.87,3.9
2014-04-10,8.9,6.2,12.3,8796,0.0,0.93,2.1
2014-04-11,8.1,4.0,10.8,7964,0.6,0.8,1.6
2014-04-12,8.4,0.4,15.8,13465,0.0,0.67,1.6
2014-04-13,10.3,7.4,14.8,14037,4.9,1.02,3.2
2014-04-14,7.1,4.2,10.2,14380,1.1,0.81,4.8
2014-04-15,6.4,0.7,12.1,16714,0.0,0.66,3.4
2014-04-16,6.6,-1.9,14.6,21775,0.0,0.58,1.7
2014-04-17,9.0,1.0,15.2,20260,3.6,0.69,2.7
2014-04-18,6.4,0.4,10.9,11603,1.6,0.64,2.7
2014-04-19,9.8,0.2,18.8,16941,0.0,0.7,2.8
2014-04-20,13.9,7.1,20.5,19928,2.6,1.04,3.1
2014-04-21,13.6,10.2,18.9,13434,1.6,1.23,2.3
2014-04-22,14.3,9.1,21.0,17150,0.5,1.18,1.7
2014-04-23,12.9,7.9,19.1,11921,4.6,1.08,1.7
2014-04-24,11.7,7.6,17.7,13101,0.0,1.04,2.1
2014-04-25,15.3,7.1,23.0,22106,0.0,1.07,2.4
2014-04-26,15.5,7.0,22.2,20385,3.5,1.07,1.9
2014-04-27,16.1,11.4,21.7,23078,0.0,1.36,2.3
2014-04-28,15.6,7.9,21.6,21466,0.0,1.11,1.7
2014-04-29,14.5,4.4,23.0,23555,0.0,0.93,1.4
2014-04-30,15.8,8.4,22.0,15964,0.0,1.14,1.6
2014-05-01,12.8,8.1,18.3,16299,0.0,1.08,2.0
2014-05-02,8.5,1.5,13.0,15260,0.0,0.7,2.6
2014-05-03,7.9,-1.4,15.4,23614,0.0,0.6,2.5
2014-05-04,7.2,2.2,10.2,8883,0.0,0.71,2.0
2014-05-05,9.3,3.0,15.5,13354,0.0,0.78,1.5
2014-05-06,12.9,7.0,18.1,11529,5.4,1.02,2.6
2014-05-07,12.4,9.8,17.3,14760,1.2,1.19,3.0
2014-05-08,11.4,9.2,15.0,11276,9.3,1.13,3.2
2014-05-09,11.3,7.5,16.9,10701,10.1,1.04,3.7
2014-05-10,11.5,8.6,16.0,13820,6.2,1.1,3.2
2014-05-11,11.1,9.8,14.0,11583,1.2,1.18,4.3
2014-05-12,10.1,7.5,14.3,11385,2.5,1.01,3.8
2014-05-13,10.2,6.4,14.9,17471,0.0,0.96,2.9
2014-05-14,8.8,5.5,12.7,11109,0.2,0.89,3.1
2014-05-15,10.9,5.7,18.5,17471,0.0,0.94,2.5
2014-05-16,11.6,2.8,19.7,25530,0.0,0.81,2.6
2014-05-17,13.5,4.9,20.5,20694,0.7,0.92,2.1
2014-05-18,12.0,9.7,14.4,9888,1.7,1.17,1.8
2014-05-19,13.2,9.7,18.4,14598,0.1,1.2,1.7
2014-05-20,18.9,9.8,27.4,28014,0.0,1.31,1.7
2014-05-21,22.1,13.4,29.1,26651,0.0,1.61,2.1
2014-05-22,23.0,17.3,29.7,25543,0.0,2.0,2.3
2014-05-23,17.7,11.7,20.6,16093,0.0,1.37,2.0
2014-05-24,16.5,9.6,23.9,21616,0.1,1.25,1.8
2014-05-25,17.7,10.6,24.2,28323,0.0,1.33,1.8
2014-05-26,18.7,11.1,25.0,22759,0.0,1.37,2.4
2014-05-27,14.2,10.4,19.2,10904,2.3,1.26,3.0
2014-05-28,9.5,8.5,11.3,10022,0.3,1.07,3.2
2014-05-29,9.3,4.6,13.1,11495,0.0,0.84,2.2
2014-05-30,12.5,2.1,20.5,24901,0.0,0.8,2.0
2014-05-31,13.8,6.3,20.8,24679,0.0,1.01,2.4
2014-06-01,11.6,4.1,18.3,15788,0.0,0.86,1.7
2014-06-02,15.2,7.1,22.6,24227,0.0,1.07,1.4
2014-06-03,14.9,7.1,21.8,13481,0.0,1.07,1.3
2014-06-04,18.4,10.1,24.1,28501,0.9,1.29,2.0
2014-06-05,15.2,10.6,20.1,16031,4.0,1.27,2.9
2014-06-06,17.0,8.3,25.1,30010,0.0,1.18,1.9
2014-06-07,21.0,8.3,30.9,27931,0.0,1.28,1.6
2014-06-08,23.2,15.7,33.9,23212,1.4,1.95,1.8
2014-06-09,20.7,15.9,27.6,18884,8.5,1.84,2.0
2014-06-10,23.8,17.9,29.6,24966,0.3,2.08,2.0
2014-06-11,19.6,13.4,24.1,13380,10.7,1.54,2.2
2014-06-12,16.3,9.9,22.4,22626,0.0,1.26,2.3
2014-06-13,15.1,11.0,19.8,13009,5.1,1.3,2.8
2014-06-14,15.0,9.0,21.0,18297,0.1,1.16,2.5
2014-06-15,15.0,6.6,23.0,24640,0.0,1.04,2.2
2014-06-16,13.9,7.9,17.7,16598,0.0,1.07,2.4
2014-06-17,16.9,8.6,23.8,22146,0.0,1.18,2.1
2014-06-18,15.4,7.1,21.7,23338,0.0,1.06,2.4
2014-06-19,14.8,12.8,18.7,11332,0.2,1.44,3.3
2014-06-20,14.6,11.3,20.4,15555,0.0,1.33,3.4
2014-06-21,13.7,10.6,17.7,13180,2.7,1.26,2.8
2014-06-22,13.8,9.7,19.7,21225,0.2,1.21,2.9
2014-06-23,13.8,8.4,19.9,22275,0.0,1.11,2.5
2014-06-24,13.8,11.3,18.6,13432,7.8,1.32,1.8
2014-06-25,11.9,7.3,18.8,12370,7.8,1.04,2.1
2014-06-26,13.6,5.6,21.9,22644,0.0,0.97,1.4
2014-06-27,16.7,7.1,23.5,25004,2.8,1.07,1.6
2014-06-28,17.1,13.6,23.7,16557,8.4,1.57,1.9
2014-06-29,14.2,12.8,16.7,10353,3.1,1.44,2.3
2014-06-30,14.5,10.4,19.3,17844,3.3,1.26,2.3
2014-07-01,13.8,8.7,19.4,20589,0.6,1.13,1.9
2014-07-02,14.8,9.4,20.5,20568,0.4,1.19,2.0
2014-07-03,16.9,8.0,23.2,20414,0.0,1.14,2.0
2014-07-04,22.0,10.8,31.2,28668,0.0,1.46,2.0
2014-07-05,21.4,17.0,30.1,16161,4.9,1.99,2.5
2014-07-06,23.6,16.9,30.0,24535,0.0,1.97,2.3
2014-07-07,20.7,15.9,24.7,12699,2.4,1.8,2.2
2014-07-08,18.2,15.1,21.8,10444,10.7,1.69,2.7
2014-07-09,20.6,17.6,27.4,15788,3.3,2.01,3.2
2014-07-10,23.0,16.5,29.3,27665,0.0,1.9,2.3
2014-07-11,20.6,12.2,26.8,28145,0.0,1.48,2.3
2014-07-12,16.4,12.2,22.5,16864,0.1,1.43,2.0
2014-07-13,15.8,11.2,22.3,13302,18.3,1.35,2.1
2014-07-14,18.4,14.0,24.2,14049,4.2,1.59,2.6
2014-07-15,19.6,15.5,25.0,21305,0.0,1.75,1.9
2014-07-16,20.1,14.4,25.9,24121,0.0,1.67,1.3
2014-07-17,20.8,12.8,27.6,28487,0.0,1.55,1.3
2014-07-18,22.8,13.0,30.7,30504,0.0,1.63,1.5
2014-07-19,25.6,19.2,32.4,30310,0.0,2.27,2.0
2014-07-20,26.0,18.0,34.3,23251,0.0,2.17,2.2
2014-07-21,23.6,17.6,29.4,24742,0.0,2.05,2.5
2014-07-22,23.2,16.3,30.3,26228,0.0,1.91,2.7
2014-07-23,22.5,16.6,29.3,27191,0.0,1.94,2.6
2014-07-24,19.1,14.9,27.2,12314,3.8,1.72,2.3
2014-07-25,20.0,16.5,24.9,11235,10.9,1.86,1.8
2014-07-26,21.0,17.1,27.3,19011,2.2,1.95,1.6
2014-07-27,22.1,18.0,29.2,20611,0.1,2.08,1.7
2014-07-28,22.4,16.4,28.4,24248,0.0,1.89,1.7
2014-07-29,22.2,17.7,28.9,12175,9.7,2.04,1.9
2014-07-30,18.8,14.7,20.8,9316,25.3,1.63,2.4
2014-07-31,18.6,12.6,25.6,26799,0.0,1.49,1.9
2014-08-01,20.9,13.4,27.1,27721,0.0,1.59,1.7
2014-08-02,23.1,19.0,28.0,18390,8.5,2.18,2.0
2014-08-03,21.3,18.0,27.3,10361,31.3,2.05,1.7
2014-08-04,19.0,16.6,21.9,9419,0.5,1.83,1.6
2014-08-05,18.5,16.0,23.6,10616,7.0,1.8,1.7
2014-08-06,18.7,12.6,25.4,24332,0.0,1.5,1.5
2014-08-07,17.7,14.3,21.3,8865,0.8,1.6,1.5
2014-08-08,20.0,13.0,26.9,21137,0.0,1.56,1.5
2014-08-09,20.7,14.0,25.6,19052,2.7,1.61,3.0
2014-08-10,19.5,13.3,24.7,10289,0.0,1.55,2.7
2014-08-11,18.7,13.3,23.4,19481,0.0,1.52,3.1
2014-08-12,16.5,12.4,22.0,17659,2.1,1.43,2.9
2014-08-13,17.3,11.6,24.7,15479,6.3,1.41,2.3
2014-08-14,16.8,12.7,21.7,18079,0.8,1.46,2.6
2014-08-15,15.7,12.5,21.9,15054,0.8,1.45,2.3
2014-08-16,14.7,11.4,18.3,14720,4.8,1.33,2.8
2014-08-17,15.3,12.8,18.3,8217,2.3,1.43,3.6
2014-08-18,14.5,12.3,18.9,15016,0.9,1.41,3.9
2014-08-19,13.5,11.3,16.8,12999,0.4,1.3,2.9
2014-08-20,12.9,7.9,18.7,16256,0.3,1.08,2.6
2014-08-21,12.9,7.5,19.1,17936,0.0,1.06,2.0
2014-08-22,14.4,8.9,19.3,12251,0.1,1.15,2.5
2014-08-23,14.0,8.4,20.4,15463,0.0,1.12,2.4
2014-08-24,12.3,8.0,19.2,17118,1.5,1.09,2.6
2014-08-25,12.5,6.7,18.6,17819,0.0,1.0,1.9
2014-08-26,12.1,4.3,20.2,16999,0.0,0.9,1.9
2014-08-27,13.5,5.0,22.0,20468,0.0,0.95,1.7
2014-08-28,15.7,6.2,23.9,22172,0.0,1.04,1.5
2014-08-29,16.3,11.4,22.1,11818,3.4,1.36,1.9
2014-08-30,15.5,10.6,20.0,10007,1.8,1.28,2.0
2014-08-31,15.2,10.2,20.0,11504,1.1,1.25,1.8
2014-09-01,14.3,9.3,19.3,7794,0.9,1.18,1.9
2014-09-02,16.2,11.1,21.6,15116,0.0,1.33,1.8
2014-09-03,15.8,8.6,22.2,19341,0.0,1.16,2.5
2014-09-04,17.6,10.4,24.2,20410,0.0,1.31,2.3
2014-09-05,19.4,13.3,25.7,19589,0.0,1.57,1.5
2014-09-06,19.8,13.6,26.7,17570,1.8,1.59,1.3
2014-09-07,18.7,14.9,24.6,10348,1.0,1.7,1.3
2014-09-08,15.4,9.5,22.5,13814,0.0,1.23,1.7
2014-09-09,14.2,11.0,18.2,7241,0.7,1.29,2.2
2014-09-10,15.2,11.3,21.1,10999,2.2,1.34,2.2
2014-09-11,13.8,9.7,19.3,12159,0.0,1.2,2.1
2014-09-12,16.0,9.5,21.1,9724,0.0,1.2,2.8
2014-09-13,16.3,14.8,17.0,6171,6.0,1.63,2.2
2014-09-14,16.0,14.1,18.6,6091,10.5,1.56,2.0
2014-09-15,18.6,13.6,25.0,17749,0.0,1.58,1.9
2014-09-16,18.6,14.2,24.0,16866,0.0,1.61,2.1
2014-09-17,18.3,13.6,23.5,15586,0.0,1.56,2.2
2014-09-18,17.7,13.7,23.3,17946,0.0,1.57,1.9
2014-09-19,17.1,12.3,23.5,10283,0.0,1.45,1.6
2014-09-20,16.5,12.5,21.3,6206,0.7,1.43,1.4
2014-09-21,14.4,11.5,19.1,7693,2.2,1.34,2.7
2014-09-22,10.8,9.0,12.6,7303,6.8,1.11,3.7
2014-09-23,12.0,8.1,17.1,13000,0.0,1.08,2.0
2014-09-24,11.8,8.5,15.9,5773,0.0,1.09,2.2
2014-09-25,13.3,11.0,16.7,6259,0.6,1.29,2.9
2014-09-26,14.3,12.2,17.3,5137,1.1,1.38,2.6
2014-09-27,12.4,6.5,19.3,11114,0.0,0.99,1.7
2014-09-28,12.5,5.3,21.1,13196,0.0,0.95,1.5
2014-09-29,15.5,9.2,22.5,10207,5.8,1.21,1.4
2014-09-30,16.1,11.5,20.1,5189,0.9,1.35,1.4
2014-10-01,15.0,10.2,21.2,9504,0.0,1.26,1.2
2014-10-02,15.9,11.9,21.7,8670,0.0,1.4,1.1
2014-10-03,16.5,12.0,21.4,11896,0.0,1.4,1.5
2014-10-04,14.1,10.3,19.4,13750,0.0,1.24,2.2
2014-10-05,13.0,8.0,18.1,11772,0.0,1.07,1.8
2014-10-06,13.8,10.4,18.5,9746,0.0,1.25,2.4
2014-10-07,12.5,10.8,15.1,4890,9.8,1.25,3.3
2014-10-08,12.8,7.9,16.8,7733,11.4,1.06,2.7
2014-10-09,16.2,13.6,18.7,4236,1.9,1.52,2.6
2014-10-10,13.2,10.9,17.8,6206,0.0,1.29,1.9
2014-10-11,13.5,10.8,17.4,4495,0.0,1.26,1.4
2014-10-12,12.7,10.4,16.3,7536,1.0,1.23,1.8
2014-10-13,13.8,11.7,16.9,4185,0.0,1.34,2.0
2014-10-14,13.0,9.3,18.4,8176,0.0,1.17,1.7
2014-10-15,11.3,8.2,15.8,5045,0.1,1.07,1.7
2014-10-16,11.7,8.8,13.7,3663,3.2,1.09,1.9
2014-10-17,12.9,8.8,16.1,3974,0.7,1.11,1.9
2014-10-18,13.3,8.7,17.4,4351,0.0,1.12,2.0
2014-10-19,16.0,10.3,22.4,10100,8.3,1.29,2.8
2014-10-20,13.4,11.1,16.8,4711,9.7,1.29,3.2
2014-10-21,11.6,9.5,14.5,3409,4.2,1.15,3.6
2014-10-22,10.5,8.8,12.7,3274,2.2,1.09,4.7
2014-10-23,10.2,6.7,14.0,4827,0.2,0.97,2.5
2014-10-24,9.3,6.6,13.7,3914,0.0,0.95,2.2
2014-10-25,9.0,7.0,11.4,3159,1.1,0.98,2.0
2014-10-26,11.8,9.4,15.1,6754,0.0,1.14,2.0
2014-10-27,11.4,7.8,17.0,5847,0.0,1.05,2.3
2014-10-28,5.4,1.8,7.6,3708,0.0,0.68,2.2
2014-10-29,6.1,3.1,8.2,2859,2.0,0.74,1.9
2014-10-30,9.2,8.1,11.1,3190,0.0,1.04,1.2
2014-10-31,10.9,8.5,13.8,3004,0.2,1.08,1.6
2014-11-01,12.3,6.8,18.6,7277,0.0,1.0,1.6
2014-11-02,12.2,7.1,17.6,5308,0.1,1.01,2.1
2014-11-03,13.7,11.3,17.0,3939,0.1,1.31,3.3
2014-11-04,12.0,9.2,14.9,2603,0.0,1.13,2.4
2014-11-05,9.7,8.4,11.5,2493,0.0,1.07,1.8
2014-11-06,8.4,5.0,10.4,2799,0.0,0.85,1.7
2014-11-07,5.8,2.0,9.7,7108,0.0,0.7,2.3
2014-11-08,7.3,4.1,12.6,4189,0.0,0.81,2.4
2014-11-09,6.8,2.4,11.6,5198,0.0,0.72,2.0
2014-11-10,6.8,4.2,8.5,2263,0.0,0.8,1.8
2014-11-11,5.9,1.8,8.5,2220,0.0,0.69,2.2
2014-11-12,9.8,8.3,10.9,2179,0.2,1.06,1.9
2014-11-13,9.7,8.2,10.8,2138,0.0,1.05,1.2
2014-11-14,10.1,8.4,12.4,2205,0.0,1.07,2.6
2014-11-15,9.8,8.9,10.4,2060,0.0,1.09,2.7
2014-11-16,8.6,7.1,10.3,2023,1.0,0.97,2.7
2014-11-17,7.4,4.5,11.1,5225,0.0,0.82,2.0
2014-11-18,7.0,5.8,7.5,1952,0.0,0.89,2.7
2014-11-19,5.7,5.1,6.1,1918,0.0,0.85,1.8
2014-11-20,5.0,-1.0,7.9,1885,0.0,0.56,1.3
2014-11-21,1.8,-1.5,6.2,1853,0.0,0.54,1.5
2014-11-22,5.0,2.9,6.8,1919,1.7,0.73,2.2
2014-11-23,5.5,3.4,8.2,3041,0.6,0.76,2.4
2014-11-24,7.1,4.3,10.4,3617,5.4,0.82,2.3
2014-11-25,2.9,0.8,4.2,1737,0.1,0.63,1.9
2014-11-26,3.5,2.5,5.3,2176,0.0,0.71,2.8
2014-11-27,2.8,1.0,5.0,4267,0.0,0.63,3.0
2014-11-28,1.6,0.7,2.5,1798,0.0,0.62,3.7
2014-11-29,-0.2,-1.4,0.5,1638,0.0,0.53,3.3
2014-11-30,-1.1,-1.6,-0.5,1616,0.0,0.52,3.0
2014-12-01,-2.7,-3.2,-1.8,1595,0.0,0.46,3.5
2014-12-02,-3.1,-3.6,-2.3,1575,0.0,0.45,2.2
2014-12-03,-2.9,-3.9,-1.1,1556,0.0,0.44,2.0
2014-12-04,1.1,-0.8,2.8,1539,1.0,0.56,1.9
2014-12-05,2.1,1.7,2.5,1522,0.2,0.66,1.5
2014-12-06,2.9,-0.2,5.0,1506,0.1,0.58,1.6
2014-12-07,3.4,1.5,6.0,2130,4.2,0.66,2.6
2014-12-08,2.8,0.1,5.2,3086,0.0,0.6,2.7
2014-12-09,2.1,-0.3,4.4,1550,0.0,0.58,2.0
2014-12-10,2.6,0.4,4.4,1455,4.0,0.61,4.0
2014-12-11,3.5,2.3,4.8,1445,7.5,0.7,4.6
2014-12-12,6.1,2.7,9.3,1435,8.9,0.73,5.1
2014-12-13,3.6,-1.0,5.4,1427,0.0,0.56,2.7
2014-12-14,1.6,-0.7,4.8,1667,0.0,0.56,2.1
2014-12-15,2.4,-1.2,5.0,1414,1.3,0.54,2.9
2014-12-16,4.5,1.4,5.9,1491,0.1,0.66,2.5
2014-12-17,2.4,0.6,6.9,1405,1.8,0.62,3.2
2014-12-18,9.5,6.7,12.0,1402,5.7,0.95,3.9
2014-12-19,9.1,5.1,11.3,1400,6.4,0.85,5.1
2014-12-20,4.6,0.5,6.7,1399,14.1,0.62,5.5
2014-12-21,5.4,3.5,8.1,1644,1.4,0.76,4.5
2014-12-22,10.0,8.3,11.0,1400,15.9,1.06,5.9
2014-12-23,10.0,9.4,10.6,1403,5.9,1.13,4.9
2014-12-24,7.4,3.5,9.2,1406,1.8,0.77,4.8
2014-12-25,3.9,1.2,6.6,2312,1.5,0.65,4.2
2014-12-26,-1.3,-4.1,0.8,2649,0.0,0.44,2.0
2014-12-27,-3.0,-5.3,-1.1,1463,0.0,0.4,3.3
2014-12-28,-4.0,-8.7,1.4,3953,3.1,0.32,2.8
2014-12-29,-1.3,-3.1,0.0,3432,3.7,0.47,2.6
2014-12-30,1.0,-1.0,3.1,1489,1.4,0.55,2.3
2014-12-31,4.0,2.0,5.7,1458,0.5,0.68,2.2
2015-01-01,3.8,1.8,4.9,3662,1.3,0.67,2.9
2015-01-02,6.2,4.5,8.8,1906,3.1,0.82,5.0
2015-01-03,4.1,1.9,5.3,1667,1.5,0.68,4.1
2015-01-04,3.5,1.8,5.7,3014,0.1,0.67,3.8
2015-01-05,3.6,2.8,4.1,1527,0.1,0.72,2.8
2015-01-06,2.3,0.3,3.0,1544,0.5,0.6,1.9
2015-01-07,3.3,-0.5,6.6,2132,0.4,0.58,2.6
2015-01-08,4.4,2.6,6.3,1581,12.5,0.71,4.1
2015-01-09,6.3,5.1,8.8,1601,15.1,0.84,6.2
2015-01-10,8.4,5.2,12.7,1622,4.1,0.87,7.0
2015-01-11,3.6,2.1,5.4,1781,8.1,0.68,5.8
2015-01-12,6.4,4.0,8.1,1668,2.4,0.79,5.4
2015-01-13,8.6,7.3,10.5,1739,3.2,0.99,4.3
2015-01-14,4.6,2.0,7.4,2093,2.9,0.69,4.1
2015-01-15,4.9,0.3,9.8,1745,2.9,0.62,4.2
2015-01-16,6.5,3.2,9.0,2967,0.0,0.75,2.8
2015-01-17,1.9,-2.6,5.2,4410,0.0,0.5,2.1
2015-01-18,0.0,-2.5,2.8,2369,0.0,0.5,2.1
2015-01-19,-0.6,-3.4,1.4,2653,0.0,0.46,1.4
2015-01-20,0.4,-0.3,1.0,1896,1.3,0.57,1.2
2015-01-21,-2.1,-3.4,-0.2,1929,0.0,0.46,1.8
2015-01-22,-1.3,-2.9,0.4,3293,0.0,0.48,2.1
2015-01-23,-1.9,-5.6,-0.2,2672,0.0,0.39,1.9
2015-01-24,-0.4,-2.1,0.9,3554,0.9,0.51,2.4
2015-01-25,0.4,-2.1,2.4,2074,0.3,0.51,2.2
2015-01-26,2.7,1.3,4.4,2113,6.3,0.65,2.9
2015-01-27,3.1,-0.3,6.0,3185,0.0,0.58,3.3
2015-01-28,3.6,1.9,5.6,2195,5.4,0.68,4.2
2015-01-29,1.9,0.6,3.1,2460,0.4,0.62,4.1
2015-01-30,0.7,0.3,1.6,2280,4.6,0.6,2.7
2015-01-31,0.4,-1.5,2.6,4553,0.2,0.53,2.4
2015-02-01,1.2,0.2,2.1,2371,0.7,0.59,2.4
2015-02-02,0.6,-1.2,2.7,3472,5.8,0.54,2.9
2015-02-03,-0.4,-2.2,0.6,2465,1.3,0.5,2.0
2015-02-04,-1.5,-3.2,-0.9,2514,0.7,0.46,1.8
2015-02-05,-1.1,-4.7,1.9,5914,0.0,0.42,2.6
2015-02-06,-3.1,-7.1,2.3,7551,0.0,0.36,3.1
2015-02-07,-0.2,-7.1,4.4,2667,0.0,0.37,3.0
2015-02-08,1.9,-0.6,3.9,7405,0.5,0.56,4.1
2015-02-09,5.3,2.5,6.6,2775,0.1,0.71,3.8
2015-02-10,5.7,4.4,6.9,2830,0.0,0.81,2.4
2015-02-11,4.4,2.3,5.4,2886,0.0,0.7,1.7
2015-02-12,0.8,-1.1,2.2,2943,0.0,0.54,1.7
2015-02-13,-0.7,-2.0,0.1,3001,0.0,0.51,2.2
2015-02-14,0.9,-2.0,7.1,8869,0.0,0.53,2.2
2015-02-15,1.7,-1.3,5.5,6165,0.0,0.55,2.7
2015-02-16,1.0,-1.7,3.9,4583,0.0,0.53,2.5
2015-02-17,-0.2,-3.5,2.3,4450,0.0,0.46,1.7
2015-02-18,3.3,0.5,7.8,8047,0.0,0.63,2.1
2015-02-19,2.2,-0.8,5.9,9623,0.0,0.56,2.7
2015-02-20,3.4,-2.8,7.9,4024,2.6,0.51,3.2
2015-02-21,4.8,1.5,8.4,4022,0.0,0.67,3.0
2015-02-22,2.7,-0.6,7.0,7714,0.1,0.58,2.1
2015-02-23,1.8,0.4,3.1,3635,4.3,0.61,3.3
2015-02-24,2.9,-1.7,7.3,7022,0.0,0.54,3.2
2015-02-25,2.8,-0.3,8.0,8379,0.0,0.59,2.0
2015-02-26,3.1,-2.5,9.9,11504,0.0,0.53,2.1
2015-02-27,2.8,-0.3,6.1,4791,1.5,0.58,2.1
2015-02-28,2.2,-0.6,6.5,7943,0.1,0.57,2.4
2015-03-01,3.6,0.4,8.9,5117,9.7,0.63,3.8
2015-03-02,4.0,0.5,7.5,6193,5.0,0.63,4.7
2015-03-03,3.6,0.7,7.1,6873,4.7,0.63,4.1
2015-03-04,2.8,0.2,5.8,6216,1.4,0.6,3.6
2015-03-05,4.2,0.7,7.4,4604,0.1,0.63,2.7
2015-03-06,6.0,4.0,10.2,6493,0.0,0.79,2.1
2015-03-07,8.0,2.9,13.0,7462,0.0,0.75,2.5
2015-03-08,9.9,4.1,17.7,12148,0.0,0.85,2.3
2015-03-09,7.4,3.4,12.2,10345,0.0,0.77,1.6
2015-03-10,5.9,1.3,12.2,7693,0.4,0.68,2.1
2015-03-11,4.7,-0.7,10.7,7437,0.0,0.6,2.4
2015-03-12,3.3,-1.0,8.5,10290,0.0,0.57,2.0
2015-03-13,2.7,-1.8,6.7,5979,0.0,0.53,2.7
2015-03-14,4.5,3.0,6.1,5040,0.1,0.73,2.7
2015-03-15,5.4,3.5,7.0,5119,0.0,0.76,3.2
2015-03-16,8.8,5.5,12.6,13190,0.0,0.89,3.3
2015-03-17,10.5,5.8,15.3,13533,0.0,0.92,2.6
2015-03-18,8.5,0.9,14.5,15043,0.0,0.68,2.0
2015-03-19,5.2,-1.9,14.2,15989,0.0,0.58,1.6
2015-03-20,4.0,-3.5,13.2,15667,0.6,0.52,1.5
2015-03-21,3.2,0.7,4.9,5599,5.8,0.62,2.6
2015-03-22,1.0,-3.5,5.5,16801,0.0,0.47,2.8
2015-03-23,3.1,-2.4,9.9,14548,0.0,0.53,1.8
2015-03-24,5.3,0.1,11.4,6961,0.0,0.63,1.4
2015-03-25,7.6,-1.1,14.7,14337,0.0,0.6,2.4
2015-03-26,6.2,3.7,7.5,6002,0.2,0.77,2.5
2015-03-27,6.3,4.2,9.9,6604,2.9,0.81,3.1
2015-03-28,7.4,4.8,11.0,8893,0.9,0.84,2.8
2015-03-29,9.1,5.6,11.1,6245,13.0,0.88,5.0
2015-03-30,5.5,3.6,8.3,8455,8.9,0.76,5.8
2015-03-31,5.0,0.6,9.6,7586,7.5,0.63,7.0
2015-04-01,4.2,2.1,8.1,12317,4.7,0.69,5.7
2015-04-02,3.7,1.5,7.6,13414,1.3,0.66,4.5
2015-04-03,5.0,-0.9,10.0,14087,0.0,0.58,2.6
2015-04-04,3.1,-2.5,9.9,18399,0.0,0.53,2.1
2015-04-05,3.8,-3.2,11.4,17887,0.0,0.51,2.1
2015-04-06,4.6,-1.4,10.6,19037,0.0,0.57,2.1
2015-04-07,5.6,-2.0,11.0,9656,0.0,0.55,2.3
2015-04-08,8.3,4.0,13.6,10653,0.0,0.82,2.1
2015-04-09,7.4,3.0,14.1,12113,0.0,0.77,1.5
2015-04-10,11.5,3.0,20.1,15984,0.0,0.82,1.4
2015-04-11,13.4,6.2,20.7,17601,2.3,1.0,3.4
2015-04-12,9.6,5.0,14.3,18194,0.2,0.88,2.9
2015-04-13,8.5,1.5,13.5,18791,0.0,0.7,3.8
2015-04-14,8.9,-0.5,15.1,11117,0.0,0.63,2.8
2015-04-15,14.7,9.5,22.6,19407,0.0,1.22,3.1
2015-04-16,8.9,3.7,13.6,21069,0.0,0.8,2.6
2015-04-17,6.7,1.4,13.4,15768,0.5,0.7,2.7
2015-04-18,6.2,-1.1,13.1,20628,0.0,0.59,2.3
2015-04-19,8.5,1.3,16.2,21593,0.0,0.72,1.9
2015-04-20,10.1,0.9,18.0,22803,0.0,0.71,2.3
2015-04-21,11.3,1.6,21.7,23779,0.0,0.79,2.8
2015-04-22,8.5,3.2,14.6,14010,0.8,0.78,2.4
2015-04-23,8.4,1.4,16.2,20652,0.0,0.72,1.9
2015-04-24,11.0,2.7,20.0,19430,0.0,0.82,1.8
2015-04-25,12.1,6.4,18.9,10133,3.0,0.99,2.3
2015-04-26,12.2,8.5,18.2,11312,5.8,1.1,2.0
2015-04-27,8.3,6.3,10.2,8436,3.5,0.92,2.5
2015-04-28,7.3,1.6,12.8,19490,0.5,0.7,2.7
2015-04-29,8.8,1.6,14.9,22936,0.0,0.71,2.2
2015-04-30,10.2,7.0,15.5,16088,3.3,0.99,2.5
2015-05-01,7.7,2.6,12.7,17296,0.0,0.74,1.9
2015-05-02,7.3,0.2,14.6,19010,0.0,0.65,1.6
2015-05-03,12.2,1.2,19.3,19352,7.9,0.74,2.6
2015-05-04,15.8,11.6,21.3,18059,0.5,1.36,2.6
2015-05-05,16.6,8.9,23.5,14110,8.7,1.19,3.4
2015-05-06,13.5,6.5,20.6,18353,0.0,1.02,2.9
2015-05-07,10.8,7.1,15.5,15394,2.0,1.0,3.0
2015-05-08,12.3,6.1,18.1,16101,0.0,0.97,1.6
2015-05-09,14.2,10.6,18.9,12610,2.3,1.26,3.0
2015-05-10,10.2,3.9,15.0,15988,0.0,0.82,3.0
2015-05-11,13.5,3.4,20.9,23213,0.0,0.85,2.2
2015-05-12,16.3,6.4,27.2,16379,5.8,1.1,2.9
2015-05-13,12.2,6.4,18.0,22346,0.0,0.98,2.7
2015-05-14,9.8,3.3,14.9,10338,0.0,0.79,2.1
2015-05-15,8.7,1.0,16.6,23910,0.0,0.7,2.0
2015-05-16,8.3,2.0,11.3,13148,0.7,0.71,2.6
2015-05-17,9.5,5.6,14.4,18110,0.8,0.91,2.9
2015-05-18,12.7,6.0,18.2,15452,0.1,0.95,2.3
2015-05-19,12.7,5.9,17.6,17579,0.0,0.94,3.0
2015-05-20,10.4,4.6,17.5,16076,2.9,0.88,2.0
2015-05-21,9.4,2.7,15.1,22753,0.1,0.76,1.9
2015-05-22,12.9,4.2,20.3,22941,0.0,0.88,1.6
2015-05-23,12.7,4.7,17.2,14400,0.0,0.87,2.0
2015-05-24,12.7,3.6,20.9,27353,0.0,0.86,1.4
2015-05-25,12.4,6.9,16.9,16183,0.0,0.99,1.9
2015-05-26,10.6,5.5,15.4,16225,0.4,0.9,2.6
2015-05-27,10.2,5.1,15.6,13258,0.0,0.89,2.3
2015-05-28,12.6,6.1,19.9,13425,2.4,0.98,2.8
2015-05-29,12.3,3.7,17.4,22500,2.8,0.84,2.3
2015-05-30,10.8,7.4,14.8,17689,3.4,1.02,3.3
2015-05-31,14.0,5.8,20.5,15231,0.7,0.97,2.8
2015-06-01,13.8,8.1,17.8,19071,0.0,1.08,2.5
2015-06-02,16.2,8.1,22.0,13322,0.1,1.12,3.8
2015-06-03,16.3,6.4,20.0,16373,0.0,1.01,3.5
2015-06-04,14.0,4.2,21.5,30737,0.0,0.9,1.7
2015-06-05,20.8,10.9,29.8,30112,0.2,1.43,2.2
2015-06-06,19.9,11.1,26.5,18820,0.0,1.39,2.5
2015-06-07,15.0,6.5,23.1,26350,0.0,1.04,2.3
2015-06-08,12.4,5.0,18.8,24266,0.0,0.91,2.7
2015-06-09,12.2,5.4,18.8,17171,0.0,0.94,2.6
2015-06-10,14.5,5.7,20.9,23121,0.0,0.97,2.2
2015-06-11,16.9,4.8,24.2,30918,0.0,0.97,1.9
2015-06-12,20.6,14.5,27.5,27638,0.0,1.7,1.6
2015-06-13,19.8,14.4,26.5,17495,1.7,1.66,2.1
2015-06-14,15.3,12.1,18.6,11040,0.0,1.39,2.2
2015-06-15,13.0,8.5,18.7,21077,0.0,1.11,2.5
2015-06-16,11.6,5.7,17.0,13035,0.0,0.93,2.2
2015-06-17,12.9,3.1,20.2,22410,1.6,0.83,2.1
2015-06-18,13.9,10.0,19.5,15816,0.2,1.22,2.9
2015-06-19,12.1,9.5,18.0,14235,1.8,1.17,2.9
2015-06-20,12.7,7.6,18.9,14632,5.9,1.07,2.5
2015-06-21,13.8,7.0,19.1,18721,3.2,1.03,2.0
2015-06-22,12.9,10.5,15.6,12518,2.9,1.23,2.4
2015-06-23,12.5,10.1,17.5,15284,7.5,1.21,3.0
2015-06-24,13.1,10.4,16.9,11190,0.0,1.23,2.5
2015-06-25,16.6,12.4,22.6,17513,0.8,1.44,1.6
2015-06-26,17.8,13.9,22.7,12231,0.8,1.56,1.4
2015-06-27,17.4,13.4,23.1,11298,0.2,1.53,2.3
2015-06-28,17.0,9.8,23.5,21827,0.0,1.25,1.8
2015-06-29,20.1,14.4,27.3,23918,0.0,1.69,1.7
2015-06-30,19.1,12.8,26.1,28639,0.0,1.53,1.7
2015-07-01,21.0,10.5,28.7,31116,0.0,1.38,2.1
2015-07-02,24.6,16.4,31.1,31091,0.0,1.95,2.5
2015-07-03,26.3,19.3,33.7,26987,0.0,2.32,1.7
2015-07-04,28.3,17.8,38.3,26960,2.5,2.24,1.8
2015-07-05,25.4,19.2,35.5,21545,5.3,2.36,2.0
2015-07-06,19.9,13.0,24.5,23748,0.0,1.51,2.7
2015-07-07,21.2,11.4,30.8,24372,5.7,1.48,2.0
2015-07-08,17.0,13.6,20.2,15556,4.6,1.53,4.0
2015-07-09,14.2,11.5,18.2,20503,2.3,1.33,4.0
2015-07-10,14.3,8.4,19.6,24393,0.0,1.12,2.7
2015-07-11,16.3,7.0,24.0,23307,0.0,1.08,1.7
2015-07-12,16.1,12.9,19.7,10201,5.6,1.46,2.3
2015-07-13,16.5,14.4,20.8,11866,6.0,1.6,2.4
2015-07-14,16.6,14.3,19.9,10528,5.5,1.58,2.4
2015-07-15,17.5,10.7,23.8,22217,0.4,1.33,1.8
2015-07-16,19.6,14.6,25.3,22949,0.0,1.66,1.6
2015-07-17,22.7,13.2,32.3,24458,0.5,1.65,2.2
2015-07-18,20.6,13.4,25.3,16873,0.1,1.57,2.4
2015-07-19,14.3,11.2,15.9,9824,13.0,1.29,2.3
2015-07-20,18.0,11.8,23.2,25322,0.0,1.4,2.2
2015-07-21,20.6,15.4,26.3,19570,6.3,1.76,2.5
2015-07-22,20.8,14.2,27.0,17705,0.0,1.66,1.9
2015-07-23,17.4,10.1,23.7,19583,0.0,1.27,2.0
2015-07-24,17.9,7.7,24.5,18879,6.9,1.13,1.9
2015-07-25,19.0,12.7,26.2,18432,5.8,1.51,4.4
2015-07-26,15.6,12.3,20.4,16702,0.7,1.42,3.0
2015-07-27,15.3,12.4,20.4,11646,5.0,1.42,3.3
2015-07-28,16.0,13.5,20.0,11464,0.1,1.52,4.0
2015-07-29,14.1,11.8,19.0,14982,3.5,1.36,3.5
2015-07-30,14.3,10.7,18.4,12754,0.4,1.28,3.5
2015-07-31,13.1,6.0,18.2,15363,0.0,0.95,2.2
2015-08-01,15.6,5.0,23.9,23284,0.0,0.98,1.7
2015-08-02,19.1,9.5,26.7,25980,0.0,1.29,1.5
2015-08-03,22.4,9.3,31.6,26895,0.0,1.34,1.8
2015-08-04,24.4,16.5,33.9,21884,2.9,2.01,2.4
2015-08-05,19.5,14.3,25.6,23929,0.0,1.65,1.7
2015-08-06,23.5,12.8,33.2,26587,0.0,1.64,1.7
2015-08-07,24.6,16.7,31.4,25105,2.5,1.98,1.7
2015-08-08,21.1,14.7,26.4,13787,0.0,1.69,2.4
2015-08-09,20.1,11.8,27.3,25885,0.0,1.45,2.2
2015-08-10,23.1,14.0,31.5,23542,0.0,1.71,1.9
2015-08-11,21.5,16.2,25.8,22815,0.0,1.83,2.0
2015-08-12,19.0,14.3,22.6,9536,1.0,1.62,2.0
2015-08-13,21.5,15.3,28.4,20877,0.0,1.79,2.7
2015-08-14,25.5,18.7,32.9,22969,2.5,2.22,2.6
2015-08-15,21.0,17.5,25.8,12496,1.7,1.97,1.9
2015-08-16,20.8,15.9,26.7,15084,23.0,1.81,2.1
2015-08-17,21.0,17.7,25.2,8943,0.8,1.99,2.4
2015-08-18,16.5,15.1,18.1,8148,1.0,1.65,2.0
2015-08-19,15.3,12.3,16.3,13479,0.1,1.38,1.5
2015-08-20,16.5,11.4,24.5,20559,0.0,1.39,1.3
2015-08-21,17.6,8.7,26.4,23769,0.0,1.23,1.4
2015-08-22,19.5,9.4,27.2,22800,0.0,1.29,1.9
2015-08-23,18.8,11.7,24.7,14401,0.0,1.41,2.7
2015-08-24,19.8,15.4,26.4,11596,15.8,1.77,2.8
2015-08-25,16.9,13.9,21.2,11622,1.7,1.56,3.4
2015-08-26,19.8,13.9,26.6,18395,0.0,1.62,2.6
2015-08-27,17.6,14.3,21.4,7613,16.2,1.61,2.4
2015-08-28,15.3,11.8,19.4,12723,0.0,1.36,1.9
2015-08-29,16.6,9.4,23.4,21563,0.0,1.24,1.3
2015-08-30,18.0,13.1,23.7,10806,10.2,1.51,1.5
2015-08-31,23.3,16.4,30.4,16722,0.0,1.92,1.8
2015-09-01,18.5,13.0,23.1,9824,0.4,1.49,2.6
2015-09-02,14.8,10.3,20.1,15453,0.0,1.26,2.2
2015-09-03,12.8,9.3,18.7,11646,0.6,1.16,1.6
2015-09-04,13.8,8.6,19.4,11873,1.6,1.13,2.4
2015-09-05,13.6,11.0,16.8,11324,7.1,1.27,3.7
2015-09-06,13.8,9.9,18.8,10670,1.8,1.22,4.1
2015-09-07,12.9,7.0,18.8,17423,0.0,1.02,2.5
2015-09-08,12.4,6.5,19.6,15220,0.0,1.01,1.8
2015-09-09,12.1,4.6,19.6,15836,0.0,0.89,1.9
2015-09-10,13.4,6.4,20.1,16121,0.6,0.99,2.3
2015-09-11,13.7,10.3,16.9,7814,0.1,1.22,2.1
2015-09-12,15.4,10.9,20.0,10987,3.6,1.29,2.1
2015-09-13,17.6,14.8,21.1,10142,0.1,1.65,2.0
2015-09-14,16.9,14.6,19.4,8996,11.9,1.61,2.6
2015-09-15,13.7,10.9,17.1,12086,0.9,1.27,3.0
2015-09-16,14.5,10.6,17.8,6033,2.3,1.26,2.6
2015-09-17,16.8,14.1,19.3,6561,2.1,1.56,3.4
2015-09-18,14.5,10.8,19.6,15430,0.0,1.29,2.3
2015-09-19,12.3,8.3,16.7,8087,0.3,1.08,1.7
2015-09-20,11.0,7.8,15.2,7394,2.7,1.04,2.3
2015-09-21,12.1,7.7,15.7,6023,0.1,1.03,1.7
2015-09-22,13.2,11.0,16.6,5550,0.8,1.28,2.2
2015-09-23,12.1,9.3,16.5,7691,0.0,1.16,2.0
2015-09-24,13.3,8.2,17.2,9218,0.0,1.08,2.2
2015-09-25,13.4,7.1,18.5,11572,0.0,1.02,1.6
2015-09-26,10.4,4.4,18.0,13598,0.0,0.87,1.7
2015-09-27,9.7,4.0,17.4,13350,0.0,0.84,2.0
2015-09-28,9.5,2.1,18.3,14211,0.0,0.76,1.9
2015-09-29,10.8,4.8,17.8,11944,0.0,0.88,2.5
2015-09-30,9.9,4.5,17.0,14155,0.0,0.86,2.4
2015-10-01,8.5,1.3,17.4,13540,0.0,0.72,2.1
2015-10-02,8.0,1.8,16.8,9026,0.0,0.74,1.8
2015-10-03,10.1,1.5,19.8,13128,0.0,0.76,1.5
2015-10-04,11.7,6.4,19.2,11138,0.0,0.99,1.6
2015-10-05,11.2,4.1,18.8,9531,0.0,0.87,1.8
2015-10-06,13.7,10.9,15.9,4373,0.4,1.26,2.7
2015-10-07,12.9,10.2,14.4,4299,7.4,1.21,2.5
2015-10-08,8.8,7.6,10.3,4226,1.0,1.01,1.7
2015-10-09,9.1,6.1,13.5,10184,0.0,0.92,1.6
2015-10-10,6.7,2.5,11.0,9965,0.0,0.73,2.5
2015-10-11,4.9,0.8,10.8,12011,0.0,0.65,2.9
2015-10-12,4.2,0.1,9.0,10973,0.0,0.62,2.3
2015-10-13,4.4,2.0,6.7,3948,0.0,0.68,2.0
2015-10-14,5.0,3.7,6.6,3800,3.1,0.77,2.0
2015-10-15,6.4,5.6,7.2,3731,9.4,0.88,2.3
2015-10-16,7.2,6.3,8.7,3663,19.3,0.92,1.6
2015-10-17,7.6,6.7,8.7,3596,0.1,0.95,1.2
2015-10-18,7.8,6.0,9.6,3530,5.5,0.91,1.2
2015-10-19,9.7,7.6,13.4,4644,1.0,1.02,1.2
2015-10-20,9.5,8.4,11.6,3619,0.0,1.06,1.3
2015-10-21,8.9,6.3,11.8,3409,0.0,0.92,1.7
2015-10-22,9.9,6.5,11.8,3274,0.5,0.94,2.7
2015-10-23,10.2,7.0,15.3,7286,0.0,0.99,2.1
2015-10-24,7.9,2.3,12.7,7314,0.1,0.72,1.8
2015-10-25,9.3,2.9,15.0,5078,0.0,0.77,1.7
2015-10-26,6.3,-0.1,13.0,8649,0.0,0.63,1.8
2015-10-27,7.9,3.9,12.7,8655,0.0,0.81,2.0
2015-10-28,7.6,5.2,11.6,7734,0.0,0.87,2.1
2015-10-29,6.3,2.4,11.7,7878,0.0,0.72,1.3
2015-10-30,5.5,3.8,7.2,2804,0.0,0.77,1.7
2015-10-31,9.1,6.2,12.8,6754,0.0,0.93,2.3
2015-11-01,7.1,2.4,14.8,6713,0.1,0.75,1.5
2015-11-02,4.1,1.4,6.8,2644,0.1,0.66,1.3
2015-11-03,1.9,0.1,3.9,2593,0.0,0.6,1.3
2015-11-04,3.8,-0.7,8.4,4717,0.1,0.58,1.5
2015-11-05,9.3,6.2,15.2,4342,0.4,0.95,1.4
2015-11-06,11.9,9.6,14.2,2445,6.9,1.15,2.1
2015-11-07,15.4,12.8,18.2,3038,3.4,1.45,2.8
2015-11-08,12.3,8.6,15.1,5452,1.5,1.09,2.7
2015-11-09,13.2,10.2,15.1,3668,3.6,1.21,4.2
2015-11-10,13.3,11.3,14.4,2263,1.3,1.3,4.5
2015-11-11,13.5,12.1,14.7,2220,0.0,1.36,3.2
2015-11-12,11.2,6.3,15.1,3489,0.0,0.95,2.6
2015-11-13,10.2,6.3,14.3,2624,0.1,0.94,3.4
2015-11-14,7.7,6.2,9.8,3484,4.9,0.92,4.5
2015-11-15,9.5,6.7,13.0,2060,29.5,0.95,4.5
2015-11-16,11.2,8.9,12.3,2023,3.4,1.11,3.5
2015-11-17,11.3,10.0,13.2,1987,12.4,1.18,4.0
2015-11-18,11.3,9.6,13.9,2206,1.9,1.16,5.9
2015-11-19,10.6,9.0,12.1,2922,0.0,1.11,5.6
2015-11-20,7.8,6.1,9.2,3275,0.2,0.91,3.3
2015-11-21,4.6,1.4,5.8,1853,1.5,0.66,2.6
2015-11-22,0.0,-1.7,1.9,1871,2.6,0.52,3.1
2015-11-23,0.4,-2.9,4.1,4818,0.0,0.49,2.3
2015-11-24,2.5,0.8,4.8,2334,1.7,0.63,3.3
2015-11-25,2.9,1.2,4.1,1737,1.2,0.64,2.5
2015-11-26,2.6,-1.4,7.0,4457,0.0,0.55,1.7
2015-11-27,1.7,-1.7,6.2,3299,0.0,0.54,2.2
2015-11-28,2.1,-1.3,5.9,2118,6.3,0.55,3.8
2015-11-29,6.8,4.0,9.8,1638,7.2,0.79,5.7
2015-11-30,5.2,2.6,7.2,2423,8.5,0.71,5.7
2015-12-01,5.1,3.5,6.9,2040,3.0,0.76,4.1
2015-12-02,9.5,5.7,10.5,1575,0.0,0.89,2.8
2015-12-03,7.7,3.8,10.6,3875,0.0,0.79,2.3
2015-12-04,7.1,3.3,9.8,2103,0.4,0.75,3.5
2015-12-05,7.8,6.7,8.7,1608,0.0,0.95,3.9
2015-12-06,8.9,5.7,11.3,1977,0.5,0.89,4.3
2015-12-07,9.5,8.2,10.9,1492,0.1,1.05,1.8
2015-12-08,8.3,4.8,11.1,3847,1.6,0.84,2.0
2015-12-09,6.7,1.6,9.2,1550,0.1,0.68,2.6
2015-12-10,3.8,1.5,7.1,3589,0.3,0.66,3.0
2015-12-11,4.4,1.7,6.5,1445,6.8,0.67,3.7
2015-12-12,4.8,3.0,6.7,2306,14.2,0.73,3.4
2015-12-13,4.6,-1.3,10.2,2584,0.1,0.57,3.2
2015-12-14,0.7,-1.7,2.8,1502,0.0,0.52,1.6
2015-12-15,4.4,3.2,7.4,1825,0.0,0.75,1.6
2015-12-16,6.0,4.4,8.5,1819,1.5,0.81,2.4
2015-12-17,11.1,8.9,12.3,1405,0.4,1.11,2.7
2015-12-18,11.8,10.2,12.8,1524,0.3,1.2,2.6
2015-12-19,10.8,9.2,12.9,2583,0.0,1.13,2.4
2015-12-20,8.9,6.8,10.4,1440,2.1,0.96,2.6
2015-12-21,10.1,8.9,11.0,1726,2.6,1.1,4.0
2015-12-22,11.0,8.4,13.9,1400,0.3,1.08,4.4
2015-12-23,10.7,3.0,13.2,2015,0.4,0.76,3.9
2015-12-24,6.8,2.5,12.2,2920,2.1,0.73,2.9
2015-12-25,7.9,5.3,11.4,3009,1.7,0.87,3.2
2015-12-26,13.3,9.6,14.7,1580,0.1,1.16,4.0
2015-12-27,11.0,8.4,12.7,1422,0.6,1.07,3.1
2015-12-28,5.0,1.5,8.7,1678,0.0,0.67,2.1
2015-12-29,4.5,3.6,5.4,1687,0.0,0.76,2.7
2015-12-30,2.5,-0.4,4.4,2365,0.0,0.57,3.1
2015-12-31,0.0,-1.1,1.3,1877,1.3,0.54,2.9
2016-01-01,0.8,-1.4,2.5,2228,0.4,0.53,1.6
2016-01-02,-2.0,-6.7,1.5,1482,0.0,0.37,3.6
2016-01-03,-7.8,-9.2,-6.5,1496,0.0,0.29,3.8
2016-01-04,-8.4,-10.1,-6.5,1640,0.0,0.27,3.3
2016-01-05,-7.2,-8.2,-5.9,1527,0.7,0.31,2.8
2016-01-06,-7.7,-12.4,-5.4,1544,0.0,0.23,2.3
2016-01-07,-5.8,-10.1,-2.0,1562,6.6,0.28,3.1
2016-01-08,2.4,-2.0,5.0,2156,1.5,0.52,3.6
2016-01-09,-0.2,-3.2,3.2,3744,0.0,0.47,1.9
2016-01-10,0.5,-0.9,2.5,2073,3.7,0.55,2.8
2016-01-11,1.2,-0.2,2.2,1645,2.0,0.58,2.4
2016-01-12,3.0,1.5,5.7,1806,4.2,0.65,3.4
2016-01-13,2.1,0.5,3.9,1693,2.0,0.61,3.9
2016-01-14,1.4,0.1,3.7,4198,0.6,0.59,2.6
2016-01-15,-0.4,-1.3,0.4,1745,0.0,0.53,3.0
2016-01-16,-0.8,-1.8,0.2,1773,1.8,0.51,2.2
2016-01-17,-2.5,-8.6,-1.1,1802,0.1,0.31,2.2
2016-01-18,-7.0,-10.2,-4.6,3639,0.0,0.28,1.6
2016-01-19,-5.8,-10.2,-2.0,3937,0.2,0.28,2.0
2016-01-20,-1.4,-5.5,1.0,1896,0.8,0.4,1.9
2016-01-21,-4.1,-6.6,-2.6,2131,0.0,0.36,1.5
2016-01-22,-7.2,-11.9,-3.7,5491,3.3,0.24,2.0
2016-01-23,-0.3,-5.7,3.9,1999,0.8,0.4,2.6
2016-01-24,4.1,2.7,5.5,2193,2.5,0.72,2.2
2016-01-25,7.4,4.7,9.2,2074,0.8,0.83,2.4
2016-01-26,8.6,5.3,10.3,2972,2.2,0.87,3.3
2016-01-27,10.2,7.8,11.8,2153,1.9,1.03,4.5
2016-01-28,6.6,0.7,10.7,5165,0.4,0.65,3.7
2016-01-29,6.4,0.9,9.5,2738,0.0,0.64,4.3
2016-01-30,6.8,2.2,9.2,2280,8.1,0.7,5.1
2016-01-31,3.8,1.8,6.1,3410,0.0,0.67,4.1
2016-02-01,7.3,2.9,11.8,2371,3.7,0.75,4.9
2016-02-02,8.6,6.5,10.7,2769,0.3,0.94,5.7
2016-02-03,5.3,2.6,7.1,3949,0.7,0.72,4.4
2016-02-04,2.8,1.0,3.6,2514,1.4,0.63,3.8
2016-02-05,3.7,1.1,6.6,2564,2.6,0.65,2.6
2016-02-06,7.4,4.7,10.8,4034,0.0,0.84,2.9
2016-02-07,7.0,3.6,11.0,3917,1.5,0.78,3.5
2016-02-08,6.9,4.2,10.3,3164,2.7,0.81,5.5
2016-02-09,7.1,2.3,8.5,4570,4.4,0.7,5.1
2016-02-10,3.9,1.4,5.2,3155,1.6,0.66,4.2
2016-02-11,4.3,1.0,6.3,3018,2.4,0.64,3.3
2016-02-12,1.2,-0.8,5.1,5408,0.0,0.56,1.8
2016-02-13,1.5,-3.1,7.2,8265,0.2,0.49,2.3
2016-02-14,1.2,0.8,2.1,3061,9.4,0.62,3.1
2016-02-15,1.6,0.2,2.3,3121,0.7,0.6,2.7
2016-02-16,-0.1,-3.3,3.3,6755,0.0,0.47,2.1
2016-02-17,-0.1,-3.6,3.8,7855,1.0,0.46,2.4
2016-02-18,0.7,-1.8,2.5,3810,0.0,0.52,1.7
2016-02-19,0.9,-2.4,3.1,3589,0.0,0.5,1.9
2016-02-20,3.0,-0.7,5.6,3435,8.5,0.57,4.4
2016-02-21,7.7,5.1,11.1,3501,14.9,0.86,5.2
2016-02-22,6.4,4.2,11.3,3567,2.0,0.81,4.8
2016-02-23,4.3,2.3,8.0,6152,1.5,0.7,3.1
2016-02-24,1.9,-0.9,5.8,7562,0.3,0.56,2.7
2016-02-25,0.9,-2.6,4.5,6739,0.2,0.5,2.1
2016-02-26,1.6,-1.6,4.7,4394,0.0,0.53,1.9
2016-02-27,0.3,-2.7,5.8,9505,0.0,0.5,2.0
2016-02-28,1.2,-2.2,6.8,9963,0.0,0.52,2.4
2016-02-29,0.0,-2.6,5.1,10020,0.0,0.5,3.2
2016-03-01,-0.3,-5.6,3.6,9911,3.1,0.41,2.7
2016-03-02,3.4,-0.3,9.2,4952,1.5,0.6,3.5
2016-03-03,2.7,-1.4,7.7,6385,0.0,0.55,2.1
2016-03-04,3.2,-2.1,7.6,7677,0.1,0.53,2.7
2016-03-05,5.2,3.8,7.4,4423,6.2,0.78,1.8
2016-03-06,3.8,1.6,5.7,4499,1.8,0.66,2.5
2016-03-07,1.8,-2.1,6.4,6688,0.0,0.52,1.7
2016-03-08,1.6,-4.0,8.0,10612,0.0,0.47,1.6
2016-03-09,3.4,-1.7,8.5,13444,0.0,0.54,2.5
2016-03-10,3.7,-1.8,8.2,5895,0.0,0.54,2.0
2016-03-11,2.4,-1.9,4.6,4884,0.0,0.52,2.3
2016-03-12,3.2,1.8,6.1,5332,0.0,0.67,2.4
2016-03-13,1.1,-3.7,3.9,5134,0.0,0.46,2.9
2016-03-14,1.3,-5.9,7.9,7287,0.0,0.42,2.4
2016-03-15,5.6,3.6,10.7,9765,0.0,0.78,2.5
2016-03-16,4.2,-2.1,10.3,15357,0.0,0.54,3.5
2016-03-17,3.7,-3.8,12.4,16205,0.0,0.5,1.8
2016-03-18,5.0,0.8,6.8,5438,0.0,0.63,2.1
2016-03-19,5.0,3.0,8.4,6701,0.0,0.73,2.1
2016-03-20,6.1,2.6,7.9,6096,0.2,0.71,2.9
2016-03-21,6.1,2.6,8.0,6381,0.9,0.71,3.0
2016-03-22,5.4,1.3,8.3,6063,1.7,0.66,2.5
2016-03-23,4.2,-0.3,9.1,7368,0.0,0.6,2.3
2016-03-24,3.3,-1.2,8.2,8487,0.4,0.56,1.9
2016-03-25,6.8,5.6,7.8,6002,2.8,0.88,2.6
2016-03-26,8.6,2.3,14.0,17232,0.0,0.74,2.5
2016-03-27,7.4,4.3,14.1,10048,2.5,0.83,3.2
2016-03-28,8.4,3.4,13.4,12060,4.3,0.79,3.7
2016-03-29,6.3,2.7,9.5,7603,3.6,0.72,3.8
2016-03-30,6.6,2.7,12.1,10695,1.9,0.74,2.8
2016-03-31,5.9,1.6,10.2,10697,0.0,0.69,2.1
2016-04-01,6.4,1.2,13.1,18523,0.0,0.68,2.2
2016-04-02,8.1,1.2,15.4,16822,0.0,0.7,2.3
2016-04-03,12.4,7.7,18.8,11461,0.0,1.06,1.8
2016-04-04,14.6,9.7,21.7,10462,0.1,1.23,1.9
2016-04-05,11.4,8.5,15.1,7219,0.8,1.09,2.0
2016-04-06,10.7,5.5,15.3,12347,1.7,0.91,3.5
2016-04-07,7.8,2.7,13.0,15842,0.8,0.75,3.3
2016-04-08,6.2,1.4,10.9,12567,0.0,0.67,1.8
2016-04-09,7.4,-0.7,15.0,16098,0.0,0.63,1.6
2016-04-10,8.9,3.0,16.2,15536,0.0,0.79,2.2
2016-04-11,7.4,0.6,12.4,10005,1.7,0.65,2.6
2016-04-12,9.8,6.6,15.2,11603,1.4,0.97,1.9
2016-04-13,11.6,8.1,16.3,12282,2.0,1.07,1.7
2016-04-14,9.1,4.0,14.7,13904,0.0,0.82,1.9
2016-04-15,8.1,4.0,12.7,8832,5.5,0.81,2.5
2016-04-16,10.9,5.0,16.7,17541,0.2,0.89,3.1
2016-04-17,7.7,1.4,12.4,16828,0.0,0.69,2.6
2016-04-18,7.1,-0.1,11.7,12648,0.1,0.62,2.5
2016-04-19,9.0,6.0,13.6,16574,0.0,0.92,3.4
2016-04-20,8.8,2.1,13.8,21734,0.0,0.73,2.6
2016-04-21,7.9,-0.6,15.6,23431,0.0,0.64,1.9
2016-04-22,7.6,2.7,14.7,19560,0.0,0.76,2.3
2016-04-23,5.2,1.2,11.5,12857,0.1,0.67,2.6
2016-04-24,2.6,-0.7,8.5,14287,1.0,0.58,2.7
2016-04-25,3.9,-1.1,8.7,14867,4.9,0.57,3.2
2016-04-26,4.3,2.0,9.4,13973,3.0,0.7,3.4
2016-04-27,4.7,3.1,8.3,11219,1.9,0.74,3.8
2016-04-28,4.5,0.4,9.3,11045,5.7,0.63,2.6
2016-04-29,7.9,0.3,14.6,19319,0.0,0.66,2.6
2016-04-30,9.8,5.1,17.0,12810,1.2,0.9,2.1
2016-05-01,10.5,4.2,18.5,22635,0.0,0.87,2.8
2016-05-02,11.6,1.9,20.2,25369,0.0,0.78,1.7
2016-05-03,10.4,5.7,18.4,15796,0.2,0.94,2.6
2016-05-04,8.6,1.9,15.8,21925,0.0,0.74,2.1
2016-05-05,10.8,-0.9,19.6,26187,0.0,0.66,2.3
2016-05-06,16.6,7.0,23.5,26287,0.0,1.07,2.6
2016-05-07,18.9,12.7,24.7,27147,0.0,1.49,2.8
2016-05-08,18.7,12.5,25.3,27117,0.0,1.5,3.5
2016-05-09,19.2,10.3,25.9,27083,0.0,1.33,3.1
2016-05-10,18.9,12.8,24.9,27430,0.0,1.5,2.6
2016-05-11,19.0,11.7,25.5,24831,0.0,1.41,3.0
2016-05-12,17.5,10.5,24.5,25939,0.0,1.33,3.2
2016-05-13,15.7,9.4,22.2,26406,0.0,1.21,2.6
2016-05-14,9.0,5.4,13.3,16699,0.3,0.88,3.5
2016-05-15,7.3,4.7,12.7,17275,2.2,0.85,3.6
2016-05-16,8.3,3.4,14.0,19660,0.1,0.78,3.1
2016-05-17,8.2,4.4,12.9,10664,1.2,0.83,2.6
2016-05-18,12.7,3.9,19.3,18356,0.0,0.85,1.9
2016-05-19,16.7,7.8,23.9,24510,0.0,1.13,1.7
2016-05-20,14.9,9.8,20.6,14828,0.1,1.22,2.4
2016-05-21,17.5,11.3,24.7,20209,0.0,1.38,2.0
2016-05-22,20.9,12.5,28.8,25732,2.3,1.54,2.5
2016-05-23,17.9,14.5,22.6,13009,20.8,1.63,2.7
2016-05-24,13.6,11.7,15.2,9917,0.0,1.33,2.8
2016-05-25,12.9,11.1,15.1,9953,0.1,1.28,1.6
2016-05-26,13.1,11.7,14.9,9988,0.6,1.34,1.4
2016-05-27,15.9,11.4,20.8,16305,0.0,1.35,1.5
2016-05-28,17.1,9.1,23.9,24596,0.0,1.22,1.8
2016-05-29,18.7,12.5,26.7,15592,0.1,1.51,2.4
2016-05-30,20.0,15.9,28.5,20086,6.3,1.85,2.9
2016-05-31,19.5,15.0,25.9,18808,0.2,1.72,2.0
2016-06-01,19.3,14.9,24.4,15950,1.2,1.69,2.2
2016-06-02,18.5,14.6,26.9,16636,5.2,1.69,1.8
2016-06-03,21.4,14.6,27.0,27186,0.0,1.7,1.8
2016-06-04,20.5,13.5,27.9,21953,1.4,1.62,1.6
2016-06-05,21.7,12.6,29.1,30405,0.0,1.56,1.6
2016-06-06,20.3,9.0,24.6,31355,0.0,1.21,1.9
2016-06-07,19.5,7.7,25.8,28087,0.0,1.16,1.6
2016-06-08,16.2,13.1,22.0,26528,0.0,1.49,2.3
2016-06-09,17.1,12.3,23.2,20484,0.0,1.45,2.1
2016-06-10,14.9,8.2,21.9,22479,0.0,1.13,2.3
2016-06-11,16.1,9.1,21.5,24868,0.0,1.19,1.5
2016-06-12,13.7,8.6,17.3,10371,1.4,1.11,2.1
2016-06-13,16.1,10.8,20.0,11568,3.9,1.29,2.2
2016-06-14,16.1,12.1,20.2,16063,3.3,1.4,2.0
2016-06-15,14.9,11.7,19.1,13035,4.6,1.34,1.8
2016-06-16,16.5,11.7,22.3,19243,0.4,1.38,1.6
2016-06-17,15.9,13.0,18.1,14232,4.0,1.45,2.6
2016-06-18,16.0,11.3,21.0,17270,0.4,1.34,2.4
2016-06-19,14.5,10.1,20.0,13180,0.8,1.23,2.0
2016-06-20,16.4,8.6,22.3,27297,2.0,1.16,2.3
2016-06-21,17.9,13.2,22.2,16607,0.0,1.51,2.2
2016-06-22,21.1,13.4,26.7,21879,0.0,1.59,1.6
2016-06-23,24.8,15.7,31.2,31104,0.0,1.87,2.2
2016-06-24,24.4,18.0,34.1,25028,5.1,2.19,1.9
2016-06-25,21.2,17.0,31.2,19612,20.7,2.01,2.3
2016-06-26,17.5,13.6,22.8,24345,0.0,1.56,2.5
2016-06-27,17.7,11.7,23.6,24725,2.0,1.39,2.4
2016-06-28,16.7,12.2,22.5,18650,5.1,1.43,1.7
2016-06-29,17.2,12.3,23.6,22188,0.0,1.46,2.6
2016-06-30,18.1,13.8,22.6,11773,0.4,1.56,2.2
2016-07-01,20.3,16.6,24.6,14255,0.2,1.87,2.5
2016-07-02,15.6,10.1,19.3,14498,5.5,1.23,2.7
2016-07-03,13.6,9.9,19.1,23543,2.2,1.22,2.3
2016-07-04,16.3,10.5,23.1,22333,0.0,1.31,1.6
2016-07-05,18.2,12.9,23.9,20204,3.5,1.49,2.9
2016-07-06,14.7,10.9,19.5,18732,0.4,1.29,3.8
2016-07-07,16.0,9.6,22.4,24599,0.0,1.23,1.9
2016-07-08,18.0,14.1,24.4,12252,1.9,1.61,2.4
2016-07-09,18.1,13.6,23.9,16541,0.0,1.56,2.7
2016-07-10,23.2,15.5,29.8,19907,0.0,1.82,2.2
2016-07-11,21.8,16.2,25.9,18301,0.0,1.84,3.0
2016-07-12,19.2,12.9,25.9,24136,0.3,1.52,2.2
2016-07-13,15.2,11.2,21.3,18743,10.9,1.33,1.9
2016-07-14,14.9,11.6,19.0,12187,0.7,1.34,3.1
2016-07-15,14.4,11.9,17.7,11629,0.1,1.35,3.0
2016-07-16,16.5,10.0,21.6,16140,0.4,1.26,2.1
2016-07-17,18.7,14.1,24.5,13238,0.1,1.62,2.0
2016-07-18,17.3,13.4,22.6,11120,0.2,1.52,2.1
2016-07-19,18.7,13.8,25.9,15611,0.4,1.6,1.6
2016-07-20,22.5,12.6,29.3,26036,0.0,1.55,1.8
2016-07-21,24.1,15.6,30.3,17447,1.2,1.86,1.9
2016-07-22,23.7,15.7,30.9,20615,0.0,1.88,1.7
2016-07-23,23.5,13.3,29.2,22999,0.0,1.62,1.5
2016-07-24,23.0,16.3,29.0,16890,0.0,1.9,1.4
2016-07-25,23.7,16.2,31.1,21577,2.4,1.91,1.5
2016-07-26,21.0,15.8,26.7,21892,6.6,1.8,1.6
2016-07-27,18.5,14.1,24.2,16322,11.6,1.62,1.8
2016-07-28,19.3,15.7,24.3,13706,6.7,1.76,1.7
2016-07-29,19.8,15.9,25.0,15683,0.1,1.79,2.3
2016-07-30,19.7,15.4,25.6,19810,0.7,1.76,2.1
2016-07-31,16.7,12.5,21.5,9717,0.7,1.45,1.7
2016-08-01,15.7,11.6,21.8,17757,0.0,1.37,2.2
2016-08-02,14.8,10.1,19.3,12001,0.8,1.23,1.9
2016-08-03,18.1,15.2,20.3,9041,11.5,1.68,2.6
2016-08-04,19.0,15.9,22.1,15514,0.0,1.76,2.5
2016-08-05,18.2,14.3,24.3,14937,0.0,1.63,2.2
2016-08-06,16.6,11.5,21.6,16110,3.4,1.36,2.3
2016-08-07,18.8,10.9,24.9,19767,0.0,1.36,2.2
2016-08-08,19.4,12.5,23.9,13959,0.1,1.46,3.1
2016-08-09,14.2,10.0,20.4,13510,0.0,1.23,2.3
2016-08-10,12.3,7.4,18.1,16148,0.2,1.04,2.3
2016-08-11,11.6,7.2,17.4,13228,2.9,1.02,2.4
2016-08-12,15.9,12.4,18.6,8486,1.0,1.42,2.5
2016-08-13,19.1,14.5,23.4,17345,0.7,1.63,2.6
2016-08-14,17.2,11.3,21.8,13105,0.0,1.34,1.9
2016-08-15,15.3,9.1,22.0,19697,0.0,1.2,1.8
2016-08-16,15.4,7.9,22.5,18498,0.0,1.12,1.7
2016-08-17,15.1,6.4,23.4,19836,0.0,1.04,1.5
2016-08-18,13.8,8.1,19.0,8679,0.3,1.1,1.6
2016-08-19,16.9,7.2,25.0,23189,0.6,1.11,1.4
2016-08-20,18.2,14.9,23.3,9246,0.3,1.69,2.0
2016-08-21,17.2,13.0,23.5,15806,0.0,1.52,2.6
2016-08-22,18.0,13.2,23.5,10979,1.6,1.52,2.3
2016-08-23,19.2,14.1,25.3,13711,0.2,1.62,1.6
2016-08-24,21.6,12.0,29.6,21561,0.0,1.53,1.9
2016-08-25,24.4,17.1,31.4,23167,0.0,2.03,2.2
2016-08-26,26.2,17.4,35.6,22437,0.0,2.14,1.9
2016-08-27,23.1,18.1,29.3,20559,0.0,2.09,1.7
2016-08-28,22.9,17.2,34.0,18352,20.8,2.08,2.4
2016-08-29,17.2,10.7,22.3,11034,0.7,1.31,2.7
2016-08-30,15.7,10.1,22.9,18877,0.0,1.27,1.9
2016-08-31,17.7,9.3,25.6,21669,0.0,1.25,1.6
2016-09-01,18.5,10.4,25.5,17920,0.1,1.33,1.8
2016-09-02,17.7,9.7,24.9,17780,0.3,1.26,1.6
2016-09-03,17.8,13.0,22.9,10875,0.3,1.5,1.9
2016-09-04,16.9,14.1,21.9,7356,7.2,1.59,2.7
2016-09-05,17.1,14.4,21.2,8260,0.2,1.6,2.6
2016-09-06,16.7,10.0,23.0,19926,0.0,1.27,1.5
2016-09-07,17.8,9.9,25.0,19654,0.0,1.29,1.8
2016-09-08,20.5,13.5,28.6,19381,0.0,1.61,1.9
2016-09-09,18.3,11.7,25.1,18041,0.0,1.41,1.6
2016-09-10,19.3,9.7,26.5,18624,0.0,1.28,1.3
2016-09-11,21.1,15.2,27.3,17932,0.0,1.77,1.4
2016-09-12,22.1,13.6,30.4,17769,0.0,1.65,1.5
2016-09-13,24.4,18.0,31.1,18332,0.0,2.11,1.8
2016-09-14,23.4,17.6,30.1,17646,0.0,2.04,2.2
2016-09-15,20.8,14.9,26.5,17990,0.0,1.73,2.5
2016-09-16,18.3,12.7,26.0,12443,1.1,1.52,1.8
2016-09-17,18.1,14.6,22.7,8086,0.0,1.64,2.6
2016-09-18,15.6,10.1,20.2,17270,0.0,1.24,2.7
2016-09-19,13.9,9.2,19.9,8582,0.0,1.17,1.9
2016-09-20,13.8,10.3,19.3,8380,0.0,1.24,1.3
2016-09-21,13.5,7.0,20.8,8861,0.1,1.04,1.4
2016-09-22,12.7,5.7,20.4,14641,0.0,0.96,1.2
2016-09-23,14.7,8.2,22.2,11994,1.1,1.13,1.5
2016-09-24,14.0,8.4,20.4,14512,0.0,1.12,1.5
2016-09-25,16.0,9.7,23.1,14539,0.0,1.25,1.8
2016-09-26,15.6,10.5,20.8,11394,0.0,1.27,1.4
2016-09-27,16.1,11.8,21.8,11627,0.0,1.38,1.3
2016-09-28,16.7,11.3,20.0,5635,0.0,1.32,3.2
2016-09-29,19.0,13.3,23.8,8721,0.2,1.54,3.6
2016-09-30,13.5,7.2,17.9,5557,2.2,1.03,2.4
2016-10-01,11.1,7.8,13.2,4674,3.0,1.03,1.8
2016-10-02,12.3,8.7,15.8,6620,3.3,1.11,2.3
2016-10-03,12.1,7.8,17.4,9833,1.1,1.05,2.4
2016-10-04,12.4,7.1,17.2,10996,0.0,1.01,3.0
2016-10-05,9.2,3.4,13.3,8637,0.0,0.78,3.2
2016-10-06,11.2,9.9,12.9,4299,0.9,1.18,3.1
2016-10-07,11.1,6.1,15.4,6647,1.5,0.94,2.2
2016-10-08,8.3,2.0,13.2,6879,2.7,0.72,2.0
2016-10-09,7.0,2.0,10.3,4245,2.1,0.7,1.6
2016-10-10,7.5,3.4,12.1,6111,0.8,0.78,1.2
2016-10-11,7.8,5.8,10.4,3939,1.7,0.9,2.0
2016-10-12,7.8,7.0,9.4,4027,0.0,0.96,2.4
2016-10-13,7.8,6.9,9.5,3800,0.0,0.96,3.2
2016-10-14,8.3,5.6,11.5,6513,0.0,0.88,3.4
2016-10-15,8.5,7.5,9.9,3663,1.3,1.0,2.3
2016-10-16,10.1,9.4,11.8,3596,0.0,1.14,1.7
2016-10-17,8.6,8.5,8.9,3530,0.1,1.07,1.9
2016-10-18,10.6,8.7,15.3,4718,3.8,1.1,1.9
2016-10-19,8.4,6.4,10.9,3619,0.4,0.93,2.5
2016-10-20,7.7,5.6,11.0,3768,0.7,0.89,2.1
2016-10-21,7.5,6.9,8.8,3274,0.7,0.96,1.9
2016-10-22,6.8,3.2,9.0,3212,0.6,0.75,1.5
2016-10-23,5.4,2.9,8.4,3359,0.0,0.73,1.5
2016-10-24,5.5,1.1,7.7,3091,0.2,0.65,1.7
2016-10-25,6.2,0.9,11.0,3167,0.0,0.66,1.5
2016-10-26,4.1,0.9,6.7,2973,0.0,0.64,1.2
2016-10-27,9.3,4.8,11.5,2916,0.0,0.84,2.0
2016-10-28,11.1,6.2,12.6,2859,0.2,0.93,2.7
2016-10-29,8.8,4.7,12.9,4606,0.0,0.84,2.5
2016-10-30,8.2,4.4,12.3,6754,0.0,0.83,1.7
2016-10-31,9.4,6.5,12.1,2696,0.6,0.94,1.5
2016-11-01,9.2,5.3,10.5,2644,1.6,0.86,2.1
2016-11-02,5.5,1.8,8.3,3143,1.2,0.68,3.3
2016-11-03,3.0,-1.2,7.2,6046,1.2,0.56,1.8
2016-11-04,6.1,2.7,10.3,4461,0.0,0.73,2.2
2016-11-05,5.3,2.7,7.0,2445,1.9,0.71,2.1
2016-11-06,5.1,2.6,7.1,2398,0.8,0.72,2.2
2016-11-07,3.7,1.9,5.1,2697,0.5,0.68,2.2
2016-11-08,1.9,0.0,3.7,2307,5.6,0.59,2.1
2016-11-09,0.7,-2.2,3.3,2655,0.0,0.5,2.1
2016-11-10,1.6,0.8,2.1,2220,0.0,0.62,2.3
2016-11-11,-0.6,-4.9,3.7,5182,0.0,0.42,2.2
2016-11-12,-3.3,-5.2,-1.1,2138,0.0,0.4,1.6
2016-11-13,-1.3,-3.7,2.6,4763,0.0,0.46,2.0
2016-11-14,-0.3,-5.5,4.4,5587,0.9,0.41,2.1
2016-11-15,4.6,1.8,9.3,2023,3.4,0.68,3.0
2016-11-16,7.5,3.0,10.1,1987,3.0,0.75,2.9
2016-11-17,8.1,5.8,9.8,2612,3.3,0.9,3.6
2016-11-18,7.8,4.2,10.5,2771,2.7,0.81,4.1
2016-11-19,4.8,0.9,8.7,3126,0.2,0.64,2.8
2016-11-20,5.7,0.8,10.4,2442,0.4,0.65,3.8
2016-11-21,9.8,7.2,12.6,2599,0.0,0.99,2.5
2016-11-22,9.2,5.7,13.5,2561,0.0,0.9,1.9
2016-11-23,6.8,4.4,12.1,3047,0.0,0.82,1.3
2016-11-24,3.9,-1.6,8.2,4229,0.0,0.55,2.4
2016-11-25,-0.4,-2.1,0.8,1710,0.0,0.5,2.3
2016-11-26,0.5,-1.5,5.2,1685,0.3,0.54,1.8
2016-11-27,4.2,-1.8,7.5,4675,0.0,0.53,2.5
2016-11-28,-1.4,-6.1,3.6,4624,0.0,0.39,2.4
2016-11-29,-3.3,-7.7,2.3,4576,0.0,0.35,2.1
2016-11-30,1.9,-2.6,5.3,1595,6.0,0.5,3.0
2016-12-01,7.2,5.5,8.2,1575,1.3,0.87,4.2
2016-12-02,2.9,-3.7,8.2,4925,0.0,0.48,2.9
2016-12-03,-2.9,-5.8,2.7,4665,0.0,0.39,1.4
2016-12-04,-2.6,-6.0,2.0,2557,0.0,0.39,1.5
2016-12-05,-4.9,-7.1,-2.0,1506,0.1,0.35,1.5
2016-12-06,0.8,-1.6,3.2,1535,0.5,0.52,1.5
2016-12-07,1.7,-0.4,5.5,1479,0.2,0.58,2.3
2016-12-08,7.3,4.8,9.4,1550,0.0,0.84,3.0
2016-12-09,8.6,6.4,10.3,1497,0.1,0.93,2.8
2016-12-10,8.9,7.7,10.1,1445,16.4,1.02,2.8
2016-12-11,7.2,6.2,7.9,1435,7.1,0.92,3.7
2016-12-12,4.7,2.1,7.5,1427,0.2,0.69,2.3
2016-12-13,3.8,2.0,5.8,1420,1.6,0.68,1.6
2016-12-14,5.2,1.9,7.1,1866,0.1,0.68,1.4
2016-12-15,1.6,1.2,1.7,1409,0.0,0.64,2.4
2016-12-16,-0.1,-1.7,1.2,1732,0.0,0.52,2.2
2016-12-17,0.4,-0.5,3.1,1402,1.1,0.57,1.6
2016-12-18,5.3,3.5,6.7,1400,1.0,0.76,1.7
2016-12-19,4.2,0.2,6.8,1807,0.0,0.61,1.8
2016-12-20,1.2,0.2,2.9,1399,0.0,0.6,2.4
2016-12-21,0.5,-2.1,4.1,3890,0.7,0.51,2.4
2016-12-22,2.4,0.2,4.3,1403,3.7,0.6,2.3
2016-12-23,4.8,2.7,6.1,1406,1.3,0.72,2.7
2016-12-24,6.2,3.3,7.5,1451,9.0,0.75,4.3
2016-12-25,8.0,4.9,10.3,1416,4.3,0.85,4.7
2016-12-26,8.1,2.2,11.0,1917,5.7,0.71,4.8
2016-12-27,7.4,4.8,8.5,1471,0.1,0.83,4.7
2016-12-28,7.3,5.7,8.3,1438,0.0,0.88,2.5
2016-12-29,2.9,-2.8,5.4,2866,0.0,0.49,1.7
2016-12-30,-1.1,-3.9,4.4,4561,0.0,0.45,1.8
2016-12-31,0.5,-3.0,3.4,1470,0.0,0.48,2.2
2017-01-01,2.8,0.6,4.4,1470,0.5,0.62,2.5
2017-01-02,1.2,-0.7,3.6,2033,1.3,0.56,2.6
2017-01-03,3.2,1.5,6.4,1496,9.5,0.66,4.2
2017-01-04,2.5,-1.9,6.0,2198,7.1,0.53,5.5
2017-01-05,-5.1,-11.9,-1.5,4078,0.0,0.25,3.1
2017-01-06,-10.1,-13.9,-4.4,4550,0.0,0.21,1.6
2017-01-07,-3.7,-7.4,0.1,1562,2.0,0.35,2.5
2017-01-08,0.5,0.0,1.6,1581,0.0,0.58,1.5
2017-01-09,0.0,-1.1,1.3,1601,0.0,0.54,1.8
2017-01-10,-0.4,-2.4,1.6,2163,0.2,0.5,2.6
2017-01-11,0.9,-1.0,3.6,1645,7.1,0.55,4.2
2017-01-12,2.8,1.3,5.4,1943,12.2,0.65,4.2
2017-01-13,0.4,-1.3,1.4,1693,2.8,0.54,4.7
2017-01-14,0.5,-0.1,2.7,3216,0.6,0.59,3.8
2017-01-15,-0.2,-5.6,2.0,1840,0.5,0.4,2.8
2017-01-16,-5.7,-9.4,-0.1,4353,0.1,0.3,1.7
2017-01-17,-3.4,-7.6,0.2,1899,0.0,0.34,1.9
2017-01-18,-3.6,-5.8,-1.7,1832,0.0,0.38,2.3
2017-01-19,-1.7,-4.1,0.8,2061,0.0,0.44,1.9
2017-01-20,0.3,-1.8,1.5,1896,0.0,0.52,1.5
2017-01-21,1.5,0.8,3.1,1929,0.0,0.62,1.3
2017-01-22,-1.3,-5.5,1.4,3293,0.0,0.4,1.3
2017-01-23,-1.8,-3.2,-0.7,1999,0.1,0.46,1.4
2017-01-24,-0.6,-2.7,0.0,2036,0.2,0.48,1.5
2017-01-25,-0.2,-0.5,0.7,2074,0.0,0.57,1.9
2017-01-26,0.4,-1.7,2.4,5547,0.0,0.52,2.5
2017-01-27,-1.4,-3.2,1.7,6064,0.0,0.47,2.1
2017-01-28,-3.0,-5.2,0.1,6210,0.0,0.4,1.9
2017-01-29,0.7,-3.9,5.5,3184,0.0,0.46,2.1
2017-01-30,0.9,-0.6,1.8,2280,10.8,0.56,2.7
2017-01-31,0.5,0.3,1.2,2325,0.3,0.6,2.0
2017-02-01,0.1,-0.5,0.7,2371,0.0,0.57,2.1
2017-02-02,-0.5,-2.4,0.5,2417,0.0,0.49,2.3
2017-02-03,1.1,-0.1,3.0,2465,1.1,0.59,2.0
2017-02-04,3.2,0.7,6.0,2514,0.0,0.62,2.3
2017-02-05,1.1,0.2,1.8,2564,0.3,0.59,2.0
2017-02-06,0.3,-1.9,2.9,5330,0.0,0.51,2.0
2017-02-07,-0.7,-2.1,0.9,2792,0.0,0.51,2.4
2017-02-08,-3.1,-4.6,-2.2,2720,0.0,0.41,2.7
2017-02-09,-4.3,-7.2,-2.1,2839,0.0,0.35,2.8
2017-02-10,-3.4,-5.8,-0.5,4908,0.0,0.38,2.8
2017-02-11,-2.0,-2.8,-0.7,2886,0.0,0.48,2.8
2017-02-12,-1.7,-4.9,1.0,4542,0.0,0.42,3.2
2017-02-13,-2.9,-6.4,2.8,8535,0.0,0.38,3.0
2017-02-14,-1.4,-7.7,6.0,9006,0.0,0.36,2.0
2017-02-15,0.0,-4.8,8.1,9072,0.0,0.44,1.3
2017-02-16,3.9,-3.8,11.0,7176,0.2,0.5,1.9
2017-02-17,4.7,2.4,6.1,3244,0.5,0.7,2.4
2017-02-18,4.0,2.2,5.1,3307,0.0,0.69,1.8
2017-02-19,3.5,0.1,5.5,3371,2.8,0.6,2.5
2017-02-20,7.4,5.4,9.4,3435,3.0,0.87,4.1
2017-02-21,6.8,3.2,9.0,5065,3.6,0.75,4.2
2017-02-22,7.6,4.2,10.2,3718,6.9,0.81,5.5
2017-02-23,6.2,4.5,8.8,3635,16.6,0.82,5.2
2017-02-24,3.1,-0.1,6.3,7253,0.6,0.59,4.5
2017-02-25,2.5,-1.1,6.6,4318,4.0,0.55,2.8
2017-02-26,7.3,5.4,8.7,3841,0.0,0.87,3.5
2017-02-27,9.8,7.9,12.4,4391,0.3,1.03,3.4
2017-02-28,7.3,3.5,10.2,7377,0.4,0.77,4.2
2017-03-01,3.5,1.2,6.1,5607,2.2,0.64,4.0
2017-03-02,4.1,2.2,5.6,4292,6.3,0.69,4.7
2017-03-03,6.3,2.2,11.1,11050,0.0,0.71,2.6
2017-03-04,8.4,4.1,15.1,8074,2.3,0.84,2.5
2017-03-05,8.1,5.6,11.6,4860,0.1,0.89,3.3
2017-03-06,5.4,2.6,10.8,6407,4.7,0.73,2.8
2017-03-07,2.5,2.1,3.5,4499,0.0,0.68,2.4
2017-03-08,4.7,1.9,8.9,5103,8.0,0.69,2.9
2017-03-09,6.5,4.6,9.8,4829,6.9,0.82,3.0
2017-03-10,6.2,0.1,10.7,6076,0.0,0.63,3.0
2017-03-11,4.3,0.1,9.3,8617,0.0,0.62,1.7
2017-03-12,3.5,0.5,8.3,8182,0.0,0.62,2.6
2017-03-13,2.9,-1.2,8.4,10235,0.0,0.57,1.7
2017-03-14,7.8,-0.2,13.1,8216,0.0,0.63,2.3
2017-03-15,9.1,4.2,13.0,13509,0.0,0.82,2.7
2017-03-16,7.3,1.3,14.7,10050,0.0,0.7,1.9
2017-03-17,7.3,3.8,10.9,8158,4.5,0.79,3.6
2017-03-18,5.7,1.9,9.6,7876,0.5,0.69,5.2
2017-03-19,4.2,-1.5,9.7,5438,14.8,0.56,3.7
2017-03-20,10.5,9.8,11.9,5518,5.1,1.17,3.8
2017-03-21,8.4,0.6,12.0,8977,0.2,0.65,3.2
2017-03-22,4.8,-0.9,11.2,16701,0.0,0.59,2.1
2017-03-23,5.8,1.8,7.3,5760,0.0,0.68,2.4
2017-03-24,5.6,-1.4,13.7,17550,0.0,0.59,2.4
2017-03-25,5.6,-0.5,13.1,15363,0.0,0.62,2.6
2017-03-26,4.4,-0.9,12.8,12311,0.0,0.6,1.8
2017-03-27,8.1,-1.0,17.8,18274,0.0,0.64,1.7
2017-03-28,10.6,0.7,20.7,18341,0.0,0.74,1.8
2017-03-29,9.6,4.8,11.5,6245,5.6,0.84,2.9
2017-03-30,14.0,10.8,19.5,8988,0.0,1.28,1.9
2017-03-31,14.6,8.6,21.6,16594,0.0,1.15,2.2
2017-04-01,14.0,6.8,20.8,14692,10.9,1.03,1.7
2017-04-02,11.8,6.1,16.5,10914,0.2,0.94,2.1
2017-04-03,9.0,7.1,11.1,6646,0.0,0.98,1.9
2017-04-04,10.0,5.4,14.1,11461,0.0,0.89,1.5
2017-04-05,8.2,3.6,12.0,11016,0.3,0.79,2.7
2017-04-06,8.1,3.4,13.3,16808,0.0,0.78,3.5
2017-04-07,9.2,7.0,11.5,6964,0.0,0.97,3.4
2017-04-08,10.5,7.6,14.1,8622,0.0,1.02,1.8
2017-04-09,12.0,3.8,19.3,21077,0.0,0.85,1.3
2017-04-10,9.9,5.8,14.6,14843,0.1,0.92,3.5
2017-04-11,7.5,3.7,12.1,11291,5.1,0.79,3.1
2017-04-12,8.3,6.8,10.4,7353,6.2,0.96,3.7
2017-04-13,7.7,4.4,12.5,14733,0.2,0.82,3.7
2017-04-14,7.7,3.3,13.1,14263,1.9,0.78,2.6
2017-04-15,7.2,2.2,11.3,11913,4.7,0.72,3.7
2017-04-16,5.5,2.8,9.1,11303,2.3,0.73,3.0
2017-04-17,5.3,0.8,10.8,15059,1.9,0.65,2.6
2017-04-18,3.4,-1.2,6.5,8041,0.0,0.55,3.0
2017-04-19,2.0,-3.2,7.8,17061,0.0,0.49,2.7
2017-04-20,4.4,-4.5,11.2,18490,0.0,0.48,1.9
2017-04-21,9.7,5.6,15.3,8983,2.8,0.91,3.3
2017-04-22,6.1,3.6,10.1,14372,0.9,0.77,3.9
2017-04-23,5.3,1.7,9.5,12164,1.6,0.69,3.3
2017-04-24,7.2,1.0,13.6,8962,8.6,0.68,2.7
2017-04-25,5.1,0.2,10.0,15753,1.5,0.62,2.7
2017-04-26,5.1,-0.4,12.0,18055,0.3,0.61,1.6
2017-04-27,5.4,-1.9,12.3,19756,0.0,0.56,1.7
2017-04-28,7.5,-0.6,14.2,17638,1.8,0.62,1.9
2017-04-29,5.8,1.3,10.3,16000,1.2,0.67,1.9
2017-04-30,8.5,0.2,14.7,23295,0.0,0.65,3.4
2017-05-01,11.5,5.3,17.0,18293,0.0,0.91,3.5
2017-05-02,9.7,8.2,12.0,9385,2.2,1.05,3.2
2017-05-03,11.2,8.0,15.2,12708,1.2,1.05,2.7
2017-05-04,7.0,5.8,8.5,8883,11.2,0.88,2.9
2017-05-05,7.9,6.1,9.4,8943,0.3,0.91,2.0
2017-05-06,10.9,7.2,16.6,10771,0.0,1.02,2.1
2017-05-07,12.9,6.9,19.9,18307,0.4,1.03,2.2
2017-05-08,8.3,4.8,11.8,10768,0.0,0.84,2.8
2017-05-09,7.6,3.3,11.8,14518,0.3,0.77,1.9
2017-05-10,7.3,2.0,10.7,9484,0.0,0.7,1.9
2017-05-11,11.1,1.0,18.6,26664,0.5,0.73,2.2
2017-05-12,15.4,9.5,22.7,19196,0.0,1.22,2.2
2017-05-13,14.8,9.0,21.1,15931,0.1,1.17,1.7
2017-05-14,14.7,8.3,20.9,17151,1.4,1.12,1.7
2017-05-15,14.7,9.6,20.4,21334,0.3,1.2,1.7
2017-05-16,13.9,9.5,16.4,9536,2.7,1.16,1.5
2017-05-17,19.8,13.8,25.8,23407,0.0,1.62,2.1
2017-05-18,20.6,14.8,29.0,24380,20.3,1.74,2.2
2017-05-19,19.0,12.3,26.7,20688,0.1,1.48,2.6
2017-05-20,14.4,8.5,19.9,20099,0.0,1.13,2.4
2017-05-21,14.3,6.0,21.7,24572,0.0,0.99,1.7
2017-05-22,15.7,9.2,23.0,22290,0.0,1.21,1.6
2017-05-23,16.2,9.2,25.0,22345,6.7,1.23,2.4
2017-05-24,13.3,8.2,18.4,16661,0.0,1.09,3.0
2017-05-25,14.6,7.1,21.0,17619,0.0,1.05,2.3
2017-05-26,17.2,11.3,24.2,23673,0.0,1.37,2.0
2017-05-27,19.7,10.5,26.5,31176,0.0,1.35,2.1
2017-05-28,21.9,14.3,28.9,25338,0.0,1.71,2.0
2017-05-29,20.6,12.4,28.0,27610,0.0,1.51,1.7
2017-05-30,19.9,14.9,26.6,18345,20.4,1.71,2.4
2017-05-31,16.4,8.7,21.2,26647,0.0,1.15,3.0
2017-06-01,14.1,7.0,21.4,29969,0.0,1.05,1.9
2017-06-02,16.7,5.1,24.9,30796,0.0,0.99,1.4
2017-06-03,16.2,13.6,20.4,13612,3.0,1.52,1.8
2017-06-04,15.4,10.9,19.8,17189,1.8,1.3,2.6
2017-06-05,16.0,9.7,20.9,24585,0.0,1.21,1.7
2017-06-06,16.4,12.3,25.9,20399,5.5,1.48,3.1
2017-06-07,12.8,10.6,17.3,17394,3.5,1.25,4.3
2017-06-08,14.9,11.5,18.5,11091,0.0,1.32,2.5
2017-06-09,17.7,12.5,26.7,20202,4.0,1.51,2.5
2017-06-10,16.8,9.5,22.5,21275,0.0,1.23,1.8
2017-06-11,20.2,12.9,27.9,22083,3.6,1.55,2.0
2017-06-12,17.0,13.9,20.4,16295,0.2,1.55,3.6
2017-06-13,15.0,10.1,18.1,15120,0.3,1.23,2.9
2017-06-14,15.6,8.3,22.4,23442,0.0,1.14,1.8
2017-06-15,19.7,10.7,28.1,26619,10.4,1.4,1.9
2017-06-16,16.1,12.6,19.9,18709,0.5,1.44,3.7
2017-06-17,16.6,11.8,22.1,21355,0.0,1.4,3.0
2017-06-18,18.2,10.6,25.6,21491,0.0,1.35,1.7
2017-06-19,22.6,14.2,29.6,29675,0.0,1.7,1.4
2017-06-20,20.6,11.3,26.7,26903,0.0,1.4,2.2
2017-06-21,16.5,9.2,23.2,29540,0.0,1.2,1.7
2017-06-22,18.4,11.5,25.1,19642,10.2,1.41,2.4
2017-06-23,18.6,16.4,22.1,12118,1.9,1.81,3.6
2017-06-24,17.0,14.8,20.8,11586,4.2,1.64,3.1
2017-06-25,16.4,14.1,19.7,11711,6.6,1.56,3.0
2017-06-26,15.8,8.6,21.0,26204,0.0,1.15,2.6
2017-06-27,15.5,7.0,21.3,27244,0.0,1.04,1.8
2017-06-28,20.1,13.5,26.5,23144,0.1,1.58,2.5
2017-06-29,18.1,14.8,23.2,12724,107.0,1.68,2.7
2017-06-30,14.7,14.0,15.7,10340,18.8,1.54,3.4
2017-07-01,15.1,13.6,16.6,10588,3.0,1.5,3.2
2017-07-02,14.9,9.6,19.6,14913,0.5,1.2,3.1
2017-07-03,16.0,8.2,22.4,22518,0.5,1.14,2.7
2017-07-04,15.9,12.9,20.0,20521,0.6,1.45,2.3
2017-07-05,15.9,12.3,21.0,16161,0.4,1.41,1.6
2017-07-06,20.0,14.4,25.9,26504,1.6,1.67,1.4
2017-07-07,21.1,17.0,27.6,18732,13.0,1.94,2.1
2017-07-08,19.1,13.6,25.1,15949,0.0,1.59,2.3
2017-07-09,17.5,9.7,24.2,29409,0.0,1.27,1.6
2017-07-10,16.1,13.5,18.8,10652,1.3,1.51,2.0
2017-07-11,18.0,13.6,24.3,16507,0.6,1.56,2.5
2017-07-12,14.7,11.1,17.7,10070,11.7,1.29,2.9
2017-07-13,14.3,9.0,19.4,21133,0.0,1.16,2.4
2017-07-14,15.3,8.3,22.4,20177,0.0,1.14,1.7
2017-07-15,16.1,11.9,22.2,14662,0.0,1.4,1.9
2017-07-16,16.6,10.7,20.4,10328,0.9,1.29,2.0
2017-07-17,17.1,10.8,22.7,25108,0.0,1.32,1.8
2017-07-18,17.2,9.0,23.5,27519,0.0,1.19,1.7
2017-07-19,21.1,13.1,27.7,25383,2.4,1.57,2.3
2017-07-20,20.5,16.7,25.7,15870,0.0,1.9,2.3
2017-07-21,20.0,15.9,24.7,23191,0.0,1.8,1.8
2017-07-22,18.4,16.5,20.8,10862,14.2,1.82,2.0
2017-07-23,18.3,12.9,22.6,16102,6.1,1.48,2.5
2017-07-24,16.5,11.9,23.1,16176,33.4,1.41,1.9
2017-07-25,15.2,13.8,18.7,9564,38.2,1.53,3.1
2017-07-26,16.5,12.3,21.2,16574,0.3,1.42,3.0
2017-07-27,17.4,11.1,23.5,12286,0.9,1.35,2.3
2017-07-28,16.0,12.4,22.1,18879,6.0,1.44,2.6
2017-07-29,18.0,13.5,24.6,11410,9.1,1.55,2.5
2017-07-30,22.3,16.0,29.2,17975,3.1,1.88,2.7
2017-07-31,21.1,14.7,27.6,21462,0.0,1.72,1.9
2017-08-01,20.9,16.1,25.8,14535,0.1,1.83,1.8
2017-08-02,20.0,14.9,24.8,15986,1.9,1.69,1.7
2017-08-03,20.8,16.4,27.1,16293,0.4,1.88,2.6
2017-08-04,19.3,16.5,23.0,15840,0.0,1.83,3.1
2017-08-05,17.7,13.6,21.2,13630,0.2,1.53,2.4
2017-08-06,17.0,11.6,22.5,22453,0.0,1.37,2.1
2017-08-07,18.3,9.5,25.5,23856,0.0,1.27,1.8
2017-08-08,19.9,13.1,25.2,16777,0.0,1.53,2.4
2017-08-09,19.2,12.4,24.6,22034,0.0,1.47,2.2
2017-08-10,17.9,11.8,23.4,12643,12.0,1.41,1.9
2017-08-11,15.7,14.8,17.1,8616,12.7,1.62,2.1
2017-08-12,15.2,13.5,18.3,8798,2.1,1.5,2.9
2017-08-13,16.3,10.5,21.8,14988,0.1,1.28,1.9
2017-08-14,17.4,8.6,23.6,24803,0.0,1.17,1.8
2017-08-15,21.8,16.5,27.9,19806,1.9,1.89,2.1
2017-08-16,18.6,14.7,23.9,12777,0.0,1.67,1.5
2017-08-17,19.3,14.0,24.9,13902,2.4,1.61,1.9
2017-08-18,18.4,16.6,22.3,8630,13.4,1.83,2.2
2017-08-19,16.1,11.6,20.6,16720,1.2,1.37,2.7
2017-08-20,14.4,10.5,20.8,15299,1.1,1.27,2.5
2017-08-21,14.6,9.7,18.7,12936,2.0,1.19,2.2
2017-08-22,13.3,8.2,19.2,12725,0.0,1.09,1.7
2017-08-23,14.2,6.4,22.3,22780,0.0,1.02,1.4
2017-08-24,16.0,10.7,22.7,10304,1.6,1.31,2.1
2017-08-25,17.2,11.8,22.9,17352,0.0,1.4,1.6
2017-08-26,17.6,10.2,23.6,15951,1.7,1.29,1.5
2017-08-27,17.6,11.4,22.5,17341,0.0,1.36,1.9
2017-08-28,16.0,9.7,22.9,20674,0.0,1.24,1.3
2017-08-29,19.3,11.1,27.3,22021,0.0,1.41,1.7
2017-08-30,22.6,15.4,29.7,18105,0.1,1.81,2.1
2017-08-31,17.8,11.8,20.5,8441,0.1,1.37,2.6
2017-09-01,14.5,10.0,19.5,14675,0.0,1.22,1.5
2017-09-02,14.1,7.7,19.9,14443,0.3,1.08,1.4
2017-09-03,13.4,7.3,20.9,18784,0.0,1.07,1.3
2017-09-04,13.1,5.3,21.3,18304,0.0,0.96,1.6
2017-09-05,15.6,6.2,23.6,18597,0.2,1.02,1.7
2017-09-06,16.3,12.0,21.6,8917,7.7,1.39,3.1
2017-09-07,13.9,11.0,19.1,7954,0.4,1.3,2.9
2017-09-08,13.7,12.5,15.3,6569,7.8,1.4,3.2
2017-09-09,14.6,11.5,18.1,8745,2.5,1.32,2.6
2017-09-10,14.0,9.5,19.7,14733,0.0,1.18,2.3
2017-09-11,13.9,11.6,18.0,8556,1.5,1.34,3.5
2017-09-12,13.7,9.6,18.6,9513,3.2,1.19,3.3
2017-09-13,13.2,9.1,18.2,9724,4.1,1.15,5.0
2017-09-14,12.3,10.6,16.8,12211,2.6,1.24,4.4
2017-09-15,12.9,8.3,17.2,13116,0.0,1.09,2.7
2017-09-16,11.0,6.7,17.6,14515,0.0,0.99,1.5
2017-09-17,11.0,4.0,18.0,11936,0.1,0.85,1.2
2017-09-18,11.3,7.2,16.5,12714,0.0,1.01,1.6
2017-09-19,10.8,5.4,16.9,10582,0.0,0.92,1.6
2017-09-20,12.1,8.9,15.8,6503,0.0,1.12,2.0
2017-09-21,13.6,10.4,18.0,7693,0.0,1.25,1.3
2017-09-22,13.1,7.2,19.3,14313,0.0,1.04,1.1
2017-09-23,12.5,6.2,18.6,9718,2.5,0.97,1.2
2017-09-24,14.5,12.0,18.0,5773,0.2,1.37,1.4
2017-09-25,14.7,13.2,18.1,6259,0.2,1.47,1.7
2017-09-26,14.8,13.5,18.9,7676,0.0,1.51,1.9
2017-09-27,15.2,13.2,18.3,5339,0.2,1.48,1.7
2017-09-28,15.2,12.9,17.7,5904,0.0,1.44,1.7
2017-09-29,16.6,13.5,21.0,10938,0.0,1.51,1.8
2017-09-30,15.1,10.9,19.5,8540,2.4,1.29,2.2
2017-10-01,12.8,9.8,16.2,6006,1.1,1.19,1.9
2017-10-02,12.2,9.7,14.9,4674,9.5,1.17,3.2
2017-10-03,12.8,10.6,17.1,8291,3.6,1.26,3.1
2017-10-04,12.0,10.5,13.3,5045,5.8,1.23,3.6
2017-10-05,11.0,9.7,15.4,5654,10.2,1.17,4.8
2017-10-06,10.1,7.6,14.1,7528,2.3,1.02,3.8
2017-10-07,10.5,9.3,11.5,4299,9.6,1.13,3.8
2017-10-08,9.9,3.3,14.6,11240,0.0,0.79,3.0
2017-10-09,7.9,2.3,13.1,6879,1.2,0.74,2.0
2017-10-10,12.1,9.7,14.8,4326,0.5,1.17,2.7
2017-10-11,14.4,13.7,15.2,4010,1.1,1.52,3.1
2017-10-12,13.3,9.9,15.7,8975,0.1,1.19,3.9
2017-10-13,12.0,6.9,16.4,7900,0.0,1.0,2.2
2017-10-14,15.1,10.7,18.5,4816,0.0,1.26,2.1
2017-10-15,14.4,9.7,21.1,9294,0.0,1.22,1.7
2017-10-16,14.8,9.4,22.0,10537,0.0,1.2,1.8
2017-10-17,14.0,9.9,18.7,6012,0.0,1.22,1.8
2017-10-18,11.7,8.5,15.9,5619,0.0,1.09,1.2
2017-10-19,11.6,9.4,12.5,3539,0.0,1.14,1.7
2017-10-20,11.7,10.2,13.3,3692,4.3,1.21,2.3
2017-10-21,11.9,11.1,13.4,3337,3.0,1.27,2.2
2017-10-22,10.7,9.2,13.8,4625,4.3,1.12,3.2
2017-10-23,10.5,9.6,12.1,3212,2.2,1.15,2.7
2017-10-24,11.9,10.6,14.1,3220,5.0,1.24,2.4
2017-10-25,14.5,10.0,18.1,3776,0.3,1.21,3.0
2017-10-26,11.6,9.6,13.7,3031,0.8,1.16,2.3
2017-10-27,10.5,7.3,12.7,4377,0.8,1.0,3.6
2017-10-28,10.5,9.1,11.9,2916,7.6,1.11,5.0
2017-10-29,8.2,5.5,12.1,5402,5.4,0.88,6.2
2017-10-30,4.9,1.1,9.8,8018,0.0,0.66,3.1
2017-10-31,7.2,4.9,8.9,2750,4.1,0.84,2.3
2017-11-01,10.3,8.5,11.7,2696,20.9,1.07,2.7
2017-11-02,9.0,6.9,12.0,3450,0.2,0.97,2.8
2017-11-03,7.7,6.6,10.3,3510,0.0,0.95,1.6
2017-11-04,7.8,4.3,11.0,4355,0.0,0.81,2.1
2017-11-05,8.8,4.9,10.2,2493,10.4,0.84,2.5
2017-11-06,5.0,1.1,9.8,6979,0.0,0.66,1.8
2017-11-07,3.4,0.9,6.4,2805,0.0,0.64,2.0
2017-11-08,7.1,4.8,9.1,2582,0.0,0.84,1.7
2017-11-09,6.8,5.6,8.4,2307,1.1,0.88,1.8
2017-11-10,7.0,4.3,8.5,2263,7.3,0.81,3.9
2017-11-11,4.7,2.3,7.5,2718,3.1,0.7,3.7
2017-11-12,3.5,1.6,6.4,2397,1.0,0.67,2.5
2017-11-13,4.1,-1.6,8.5,4296,0.0,0.55,2.2
2017-11-14,3.1,-2.4,6.7,2205,0.6,0.52,2.2
2017-11-15,8.1,6.9,9.1,2060,0.3,0.96,1.8
2017-11-16,7.8,6.2,8.6,2023,0.4,0.91,1.9
2017-11-17,5.8,1.6,9.4,5996,0.0,0.68,1.8
2017-11-18,4.4,2.5,7.1,2561,2.8,0.7,3.5
2017-11-19,4.6,1.2,8.3,3022,2.1,0.65,4.4
2017-11-20,3.9,1.3,5.7,2133,1.2,0.65,3.3
2017-11-21,4.3,3.4,5.7,1853,5.2,0.75,2.8
2017-11-22,8.3,4.5,10.1,1822,1.3,0.82,3.2
2017-11-23,9.0,4.0,13.9,2705,0.1,0.82,3.5
2017-11-24,5.9,3.5,8.1,1812,5.8,0.76,2.5
2017-11-25,3.3,1.3,4.4,1737,1.6,0.65,2.3
2017-11-26,3.8,1.4,5.0,1710,0.0,0.65,3.6
2017-11-27,4.4,3.3,5.8,1685,9.5,0.75,4.3
2017-11-28,5.6,4.0,6.6,1752,0.1,0.79,3.5
2017-11-29,3.5,-0.6,5.3,1638,0.1,0.57,1.7
2017-11-30,1.1,-0.2,1.7,1616,1.2,0.58,1.7
2017-12-01,1.4,0.1,2.8,1595,0.9,0.59,1.4
2017-12-02,1.0,0.5,2.2,1575,0.2,0.61,1.7
2017-12-03,1.1,0.0,4.0,1556,4.8,0.59,2.7
2017-12-04,4.0,1.5,6.0,2754,2.7,0.66,3.3
2017-12-05,7.1,4.9,7.7,1522,0.4,0.83,3.7
2017-12-06,7.4,7.1,7.8,1506,0.0,0.97,4.0
2017-12-07,6.0,5.0,7.8,1917,1.9,0.84,4.2
2017-12-08,3.7,0.9,5.9,1563,1.9,0.63,3.9
2017-12-09,1.7,0.7,3.0,1508,1.6,0.62,4.2
2017-12-10,0.1,-1.2,1.7,1664,4.6,0.54,4.1
2017-12-11,0.9,0.1,3.2,1445,3.7,0.6,3.0
2017-12-12,2.6,0.6,5.6,1435,3.5,0.62,4.0
2017-12-13,1.7,-0.5,3.4,3121,9.2,0.57,4.0
2017-12-14,3.2,1.0,4.5,1420,0.9,0.64,4.5
2017-12-15,1.9,-0.3,3.4,1414,0.0,0.58,2.3
2017-12-16,2.3,1.0,3.7,1409,0.0,0.63,2.3
2017-12-17,1.0,-0.7,2.1,1609,0.0,0.56,2.5
2017-12-18,-0.3,-3.0,2.6,4097,0.0,0.48,1.7
2017-12-19,3.1,0.2,4.9,1400,1.2,0.6,1.6
2017-12-20,4.8,3.5,6.3,1399,1.3,0.76,1.5
2017-12-21,6.2,4.6,7.6,1399,0.0,0.81,2.5
2017-12-22,5.3,3.0,6.9,1482,0.0,0.74,2.3
2017-12-23,7.0,3.8,9.3,1403,0.1,0.78,4.3
2017-12-24,9.0,8.5,10.0,1406,0.0,1.06,4.8
2017-12-25,7.9,5.7,9.8,1410,0.1,0.88,3.6
2017-12-26,4.4,0.3,8.1,1868,0.0,0.61,3.8
2017-12-27,2.4,0.2,4.1,1793,0.1,0.6,2.6
2017-12-28,2.7,-0.2,4.7,1636,0.0,0.58,3.3
2017-12-29,2.1,-0.6,4.5,2435,0.0,0.57,3.6
2017-12-30,4.0,0.5,10.1,1447,3.5,0.64,4.0
2017-12-31,8.8,5.1,12.3,1458,8.5,0.87,4.1
2018-01-01,6.9,2.9,9.3,2313,1.3,0.74,4.4
2018-01-02,4.3,1.9,5.9,1482,7.6,0.68,3.4
2018-01-03,5.3,2.8,7.0,1539,18.4,0.73,5.8
2018-01-04,5.9,4.7,7.4,1768,3.0,0.82,4.2
2018-01-05,5.8,1.6,8.1,1527,0.8,0.67,3.6
2018-01-06,4.3,1.8,6.6,2154,0.0,0.68,1.9
2018-01-07,-0.2,-3.9,2.4,2528,0.0,0.45,3.0
2018-01-08,-1.9,-5.2,1.4,4369,0.0,0.41,3.4
2018-01-09,1.8,-1.3,3.3,1601,0.0,0.54,3.1
2018-01-10,1.8,-0.1,5.1,2838,0.0,0.59,1.7
2018-01-11,0.0,-1.5,1.1,1645,4.9,0.53,1.2
2018-01-12,1.3,1.0,1.5,1668,0.3,0.63,1.8
2018-01-13,0.3,-0.5,1.0,1693,0.0,0.57,2.9
2018-01-14,-1.0,-2.9,0.5,4666,0.0,0.47,2.9
2018-01-15,0.8,-2.4,3.4,2454,5.0,0.5,3.9
2018-01-16,2.7,0.2,4.6,2012,2.5,0.6,4.3
2018-01-17,1.5,-0.1,2.4,1899,1.0,0.59,4.3
2018-01-18,1.6,0.1,3.2,1832,15.3,0.6,5.3
2018-01-19,1.8,0.6,2.5,1863,0.7,0.62,2.8
2018-01-20,1.2,-1.7,3.7,2046,0.2,0.53,2.3
2018-01-21,-0.9,-2.0,0.1,1980,0.0,0.51,1.8
2018-01-22,0.0,-1.3,0.8,1964,0.3,0.54,2.5
2018-01-23,2.9,0.1,6.1,1999,2.8,0.6,2.6
2018-01-24,9.9,5.6,12.3,2036,1.3,0.89,3.9
2018-01-25,7.7,4.6,11.6,2074,1.0,0.83,2.6
2018-01-26,4.8,2.0,7.4,2113,0.0,0.69,1.4
2018-01-27,5.1,3.6,6.5,2153,1.0,0.77,2.0
2018-01-28,7.7,5.1,9.9,2360,3.9,0.85,4.6
2018-01-29,8.7,4.5,10.4,2237,7.4,0.82,5.2
2018-01-30,4.5,0.7,6.6,3691,0.0,0.63,3.2
2018-01-31,4.3,0.4,8.8,2325,10.6,0.63,3.7
2018-02-01,2.6,0.5,5.6,4280,0.3,0.62,3.3
2018-02-02,2.7,1.6,3.8,2417,2.6,0.66,2.9
2018-02-03,0.1,-1.2,2.1,2465,0.2,0.54,2.0
2018-02-04,-0.3,-1.8,0.5,2935,0.0,0.51,2.1
2018-02-05,-0.9,-5.5,1.7,4391,0.0,0.4,2.5
2018-02-06,-3.6,-7.1,-0.4,7366,0.0,0.35,1.9
2018-02-07,-3.5,-8.2,0.8,7667,0.0,0.33,1.5
2018-02-08,-5.5,-10.1,0.9,7722,0.0,0.29,1.2
2018-02-09,-3.5,-8.3,0.8,7135,0.0,0.33,1.8
2018-02-10,-0.2,-5.1,3.7,6792,0.1,0.42,1.8
2018-02-11,0.7,-1.5,2.6,3018,2.9,0.53,3.6
2018-02-12,1.7,-1.2,5.3,5542,0.1,0.55,3.1
2018-02-13,-0.4,-4.1,5.1,8602,0.0,0.45,2.1
2018-02-14,-1.0,-5.6,4.2,9006,0.0,0.4,2.0
2018-02-15,-0.6,-2.7,2.1,4366,2.1,0.48,3.1
2018-02-16,2.1,-0.2,5.6,6195,0.0,0.59,2.3
2018-02-17,1.9,0.3,5.0,3244,0.0,0.61,1.6
2018-02-18,1.5,-1.1,6.1,6898,0.0,0.56,1.6
2018-02-19,0.3,-1.9,5.1,4752,0.0,0.52,1.4
2018-02-20,-0.3,-3.1,3.9,8145,0.0,0.48,1.7
2018-02-21,-1.4,-4.9,3.9,6630,0.0,0.43,2.1
2018-02-22,-1.3,-5.5,2.4,4924,0.1,0.4,2.9
2018-02-23,-2.1,-6.6,1.1,9356,0.0,0.37,3.2
2018-02-24,-2.3,-7.2,1.2,7562,0.0,0.35,4.0
2018-02-25,-5.5,-10.2,-1.7,4943,1.0,0.28,3.2
2018-02-26,-5.4,-10.2,-0.9,7791,0.6,0.28,3.2
2018-02-27,-6.6,-11.3,-1.7,5989,0.5,0.26,2.8
2018-02-28,-10.2,-14.0,-6.8,11660,0.0,0.2,3.7
2018-03-01,-8.2,-11.8,-4.1,11736,0.0,0.24,4.4
2018-03-02,-8.8,-12.5,-4.8,11812,0.0,0.23,3.5
2018-03-03,-6.9,-11.5,-2.2,12053,0.0,0.26,2.8
2018-03-04,-2.2,-8.0,3.2,9341,0.6,0.34,2.7
2018-03-05,2.9,-1.8,9.7,8957,0.0,0.55,2.4
2018-03-06,1.7,-1.8,5.8,9167,5.6,0.52,1.7
2018-03-07,0.5,0.0,1.2,4499,4.0,0.59,2.1
2018-03-08,3.8,0.0,9.4,7129,2.3,0.61,3.3
2018-03-09,4.4,-1.4,8.6,8121,0.0,0.56,2.7
2018-03-10,4.4,-0.6,7.1,4728,0.3,0.57,2.2
2018-03-11,9.4,3.8,15.2,8889,0.0,0.82,2.0
2018-03-12,7.7,5.4,9.2,4884,16.8,0.87,2.2
2018-03-13,7.2,3.5,10.7,5054,0.9,0.78,3.7
2018-03-14,3.1,-1.1,5.0,5040,0.0,0.55,2.1
2018-03-15,2.7,1.5,4.3,5308,0.0,0.66,4.0
2018-03-16,-0.3,-4.2,1.2,5199,0.0,0.43,4.1
2018-03-17,-2.8,-4.8,0.1,13533,0.0,0.42,5.5
2018-03-18,-2.2,-5.3,1.2,15720,0.0,0.4,5.2
2018-03-19,-1.9,-7.4,4.2,15989,0.2,0.36,2.6
2018-03-20,0.1,-6.3,5.8,10741,0.6,0.4,2.7
2018-03-21,0.2,-7.3,7.4,11163,2.1,0.38,2.2
2018-03-22,3.1,0.5,5.7,5679,3.2,0.61,3.0
2018-03-23,3.1,1.7,5.1,5760,0.0,0.67,1.7
2018-03-24,4.1,-2.0,10.6,10525,0.0,0.55,1.8
2018-03-25,4.0,-3.7,10.9,15055,0.0,0.5,1.4
2018-03-26,3.9,-0.9,7.2,6726,0.0,0.56,1.7
2018-03-27,4.1,-0.8,9.5,10460,0.0,0.58,1.9
2018-03-28,2.0,0.2,3.7,6164,9.1,0.59,3.3
2018-03-29,2.4,-2.0,6.7,7831,0.1,0.53,3.1
2018-03-30,3.3,-3.7,10.0,16655,0.0,0.49,2.7
2018-03-31,1.0,0.2,2.6,6406,18.7,0.6,2.7
2018-04-01,1.0,-0.1,2.8,6486,3.8,0.58,3.6
2018-04-02,3.9,-1.3,8.7,15697,2.5,0.56,2.4
2018-04-03,10.7,5.3,17.8,11132,2.0,0.92,2.8
2018-04-04,12.9,8.0,18.9,16747,10.2,1.09,2.8
2018-04-05,8.3,2.4,13.5,9133,0.6,0.74,4.1
2018-04-06,6.5,0.4,12.7,20264,0.0,0.65,2.6
2018-04-07,11.2,4.0,18.6,20647,0.0,0.86,2.9
2018-04-08,13.3,6.9,20.2,21145,0.0,1.03,2.1
2018-04-09,13.5,4.7,21.2,18013,0.0,0.93,1.7
2018-04-10,13.2,6.9,20.7,18152,0.0,1.03,3.0
2018-04-11,8.3,4.8,13.4,14503,0.0,0.85,3.0
2018-04-12,13.1,4.6,20.7,15541,0.0,0.9,3.2
2018-04-13,15.4,10.0,19.7,9516,2.4,1.23,2.7
2018-04-14,9.3,5.0,11.4,7971,6.4,0.85,2.4
2018-04-15,9.1,4.0,16.2,11328,0.0,0.84,1.5
2018-04-16,11.3,7.3,17.2,9067,0.0,1.03,1.7
2018-04-17,12.5,5.8,19.4,21797,0.0,0.95,1.5
2018-04-18,14.9,5.7,23.9,23122,0.0,1.01,1.6
2018-04-19,16.6,8.4,24.5,23382,0.0,1.17,1.9
2018-04-20,19.4,11.4,28.2,23402,0.0,1.45,1.9
2018-04-21,14.9,6.6,21.5,23538,0.0,1.03,1.8
2018-04-22,14.6,3.6,22.7,23310,0.0,0.89,1.8
2018-04-23,15.5,7.2,20.9,14589,0.0,1.06,2.8
2018-04-24,10.8,6.1,14.1,8597,2.7,0.93,2.8
2018-04-25,11.5,6.7,17.4,12943,1.3,0.99,3.6
2018-04-26,7.7,4.3,12.7,12292,4.4,0.83,3.2
2018-04-27,10.3,3.4,16.2,18156,0.0,0.8,2.0
2018-04-28,13.6,7.9,20.2,19861,0.0,1.1,2.0
2018-04-29,16.3,9.8,22.8,23060,0.0,1.26,2.2
2018-04-30,14.8,9.4,20.1,16088,2.6,1.18,3.9
2018-05-01,9.0,1.0,11.5,11563,0.0,0.66,3.7
2018-05-02,8.6,-0.8,15.3,16635,0.0,0.62,2.0
2018-05-03,10.1,2.4,17.3,24993,0.0,0.77,2.3
2018-05-04,9.9,-0.1,18.0,24847,0.0,0.67,2.3
2018-05-05,11.4,0.3,20.0,26336,0.0,0.71,2.6
2018-05-06,14.8,4.0,23.5,26818,0.0,0.91,2.4
2018-05-07,17.0,7.0,25.3,26920,0.0,1.1,2.4
2018-05-08,18.7,9.5,25.7,27782,0.0,1.26,2.5
2018-05-09,20.2,11.0,27.9,26862,0.0,1.42,2.1
2018-05-10,18.3,11.3,27.3,18284,11.0,1.42,2.5
2018-05-11,14.5,10.5,19.7,16823,0.0,1.27,1.8
2018-05-12,16.3,9.4,22.8,21885,0.0,1.23,1.9
2018-05-13,19.3,11.6,27.0,27478,0.0,1.43,2.7
2018-05-14,19.6,11.2,26.6,27177,0.0,1.4,2.8
2018-05-15,16.1,8.9,24.6,20690,0.8,1.21,2.3
2018-05-16,14.9,8.9,20.0,9923,0.0,1.15,2.3
2018-05-17,14.0,9.9,19.3,26895,0.0,1.21,3.1
2018-05-18,10.9,8.9,13.1,9629,0.1,1.1,2.2
2018-05-19,15.3,10.0,21.7,21725,0.0,1.24,1.6
2018-05-20,15.7,7.7,22.7,29960,0.0,1.1,2.5
2018-05-21,17.2,7.6,24.3,29250,0.0,1.12,2.8
2018-05-22,18.4,8.9,25.1,29186,0.0,1.21,2.0
2018-05-23,18.0,9.2,24.8,29509,0.0,1.22,2.2
2018-05-24,19.1,11.4,25.7,29570,0.0,1.4,2.5
2018-05-25,19.3,11.8,26.7,24798,0.0,1.44,2.2
2018-05-26,18.7,9.1,27.5,26940,0.0,1.26,1.8
2018-05-27,19.0,11.1,27.6,26860,1.9,1.4,1.9
2018-05-28,23.1,15.1,31.5,21018,0.0,1.81,2.1
2018-05-29,25.3,19.3,31.8,29837,0.0,2.29,2.5
2018-05-30,23.5,16.1,32.1,22016,0.2,1.92,1.8
2018-05-31,23.7,15.3,31.3,26122,0.4,1.83,1.9
2018-06-01,23.0,15.7,30.8,23272,0.0,1.87,2.1
2018-06-02,18.8,16.5,20.8,10169,1.0,1.82,2.0
2018-06-03,18.6,14.0,23.7,14664,0.6,1.59,1.7
2018-06-04,18.0,13.4,23.9,22451,0.0,1.55,2.0
2018-06-05,18.5,13.8,24.4,22742,0.0,1.58,2.0
2018-06-06,18.9,11.8,24.7,30800,0.0,1.42,2.3
2018-06-07,21.1,12.4,28.8,29643,0.0,1.54,1.9
2018-06-08,24.3,17.4,31.7,25452,0.0,2.07,1.7
2018-06-09,24.4,13.6,32.0,27319,0.0,1.7,1.8
2018-06-10,22.0,16.2,29.7,21407,0.0,1.89,1.8
2018-06-11,18.2,12.7,24.1,24984,0.0,1.5,2.2
2018-06-12,15.2,11.4,18.6,10624,0.0,1.33,2.4
2018-06-13,14.2,11.3,17.6,10503,0.1,1.31,2.6
2018-06-14,16.7,9.6,23.1,20012,0.1,1.25,1.9
2018-06-15,18.7,13.9,24.7,17910,0.0,1.6,1.4
2018-06-16,20.8,12.5,26.9,20425,0.0,1.5,1.5
2018-06-17,19.1,13.9,24.4,19243,0.0,1.6,2.3
2018-06-18,18.5,13.5,23.2,17664,0.1,1.54,2.2
2018-06-19,18.6,14.6,23.2,13839,0.0,1.64,2.3
2018-06-20,20.0,12.2,27.1,17403,0.0,1.48,1.9
2018-06-21,13.4,8.6,20.3,18589,6.3,1.14,3.6
2018-06-22,13.0,8.6,19.7,18454,0.3,1.13,3.7
2018-06-23,12.4,9.6,16.9,11459,2.3,1.17,3.3
2018-06-24,12.5,8.7,15.3,10531,0.7,1.1,2.4
2018-06-25,13.8,7.6,18.1,11579,0.0,1.05,2.3
2018-06-26,17.9,12.7,25.2,20140,0.0,1.5,1.9
2018-06-27,19.5,11.1,25.8,27771,0.0,1.39,2.3
2018-06-28,20.9,12.4,28.4,30654,0.0,1.51,2.4
2018-06-29,20.1,10.5,28.0,29976,0.0,1.36,2.4
2018-06-30,17.6,9.4,23.7,25611,0.0,1.23,2.5
2018-07-01,17.0,8.2,24.1,28616,0.0,1.17,2.7
2018-07-02,17.0,6.9,25.7,28723,0.0,1.1,2.1
2018-07-03,19.1,8.9,27.4,28434,0.0,1.25,1.8
2018-07-04,20.7,9.5,29.6,30639,0.0,1.33,1.6
2018-07-05,19.9,13.1,27.3,28899,0.0,1.57,2.2
2018-07-06,17.7,10.7,24.4,20204,0.0,1.32,2.8
2018-07-07,17.1,9.1,23.7,29749,0.0,1.21,2.8
2018-07-08,19.2,11.9,27.0,22896,0.0,1.46,2.4
2018-07-09,16.2,11.7,23.5,16443,0.0,1.39,2.6
2018-07-10,16.3,11.7,21.9,17327,12.1,1.38,2.1
2018-07-11,16.3,13.7,20.9,10885,0.8,1.54,1.9
2018-07-12,20.5,16.1,26.1,22220,0.0,1.82,2.2
2018-07-13,19.2,14.1,25.8,23874,0.0,1.63,2.1
2018-07-14,15.9,10.6,21.8,17569,0.0,1.3,1.9
2018-07-15,18.1,9.9,25.3,20133,0.0,1.29,1.6
2018-07-16,21.2,10.5,29.4,28285,0.0,1.4,1.5
2018-07-17,23.2,13.7,31.2,25498,0.0,1.68,2.0
2018-07-18,20.8,16.5,26.6,22975,0.0,1.88,2.6
2018-07-19,20.0,13.2,27.1,27198,0.0,1.58,2.0
2018-07-20,19.2,10.9,26.9,24028,0.0,1.38,1.6
2018-07-21,21.4,12.2,28.7,19311,0.2,1.53,1.7
2018-07-22,21.5,15.6,30.2,16801,9.4,1.85,1.8
2018-07-23,21.1,12.6,28.9,26288,0.0,1.55,1.6
2018-07-24,24.6,14.7,32.4,25702,0.0,1.8,1.4
2018-07-25,27.0,18.9,34.1,26915,0.0,2.3,1.6
2018-07-26,26.7,17.4,34.1,26709,0.0,2.13,2.0
2018-07-27,26.0,17.9,32.8,24325,0.0,2.14,2.2
2018-07-28,23.8,19.2,32.9,21691,1.9,2.28,2.4
2018-07-29,22.7,16.2,29.6,26976,0.0,1.89,1.8
2018-07-30,27.3,20.5,33.4,21668,0.0,2.46,1.5
2018-07-31,29.1,22.6,36.3,22479,0.5,2.81,1.9
2018-08-01,25.1,20.2,30.8,22142,0.3,2.38,2.0
2018-08-02,24.2,18.7,30.6,20414,0.0,2.19,1.8
2018-08-03,25.3,15.2,33.1,26642,0.0,1.87,1.6
2018-08-04,24.8,18.1,31.7,20625,0.0,2.13,1.8
2018-08-05,20.1,14.0,25.6,17524,0.0,1.61,2.5
2018-08-06,21.7,11.8,30.6,26211,0.0,1.53,1.7
2018-08-07,27.7,17.9,36.4,25980,0.1,2.23,1.9
2018-08-08,28.0,21.1,35.4,22757,0.0,2.6,2.5
2018-08-09,23.8,16.9,32.8,20419,4.0,2.04,2.6
2018-08-10,19.2,13.7,24.0,17101,0.0,1.57,3.2
2018-08-11,16.2,10.8,21.4,16148,0.6,1.31,2.9
2018-08-12,18.7,9.7,26.4,20490,0.0,1.3,1.8
2018-08-13,20.6,13.7,31.2,17932,0.1,1.68,2.1
2018-08-14,19.2,16.2,24.6,12455,2.5,1.83,2.8
2018-08-15,18.9,14.3,24.1,12252,0.0,1.62,1.9
2018-08-16,21.6,13.7,29.5,23825,0.0,1.65,1.7
2018-08-17,20.3,13.9,27.4,16684,0.0,1.65,1.9
2018-08-18,19.0,11.0,26.5,22607,0.0,1.38,1.8
2018-08-19,20.7,11.9,28.4,22841,0.0,1.47,1.8
2018-08-20,20.0,15.2,24.6,10518,0.0,1.71,2.3
2018-08-21,17.9,11.7,24.1,18412,0.0,1.4,1.5
2018-08-22,20.7,12.1,28.5,23274,0.0,1.51,1.5
2018-08-23,22.7,15.8,30.1,21364,0.1,1.85,1.9
2018-08-24,18.2,12.1,22.1,12066,0.0,1.4,2.7
2018-08-25,13.4,8.7,19.7,10569,0.9,1.15,2.6
2018-08-26,14.0,8.0,21.3,18977,0.1,1.12,2.1
2018-08-27,15.3,13.2,20.8,8887,2.9,1.49,3.1
2018-08-28,15.7,10.3,21.5,12953,0.0,1.26,1.6
2018-08-29,19.5,9.3,27.1,20645,3.3,1.28,2.0
2018-08-30,16.4,13.4,20.0,7270,3.9,1.51,2.7
2018-08-31,14.2,9.5,19.9,17516,0.0,1.19,2.0
2018-09-01,15.0,9.4,22.4,13208,0.0,1.21,1.9
2018-09-02,17.0,7.9,23.6,15340,0.0,1.13,2.1
2018-09-03,22.5,17.6,28.3,16776,0.0,2.02,2.0
2018-09-04,19.5,13.5,25.5,17306,0.0,1.56,1.7
2018-09-05,18.6,12.3,25.1,13087,0.0,1.48,1.6
2018-09-06,19.8,14.6,25.7,15160,5.1,1.69,1.8
2018-09-07,16.8,9.8,22.6,10675,0.4,1.25,2.2
2018-09-08,14.9,9.2,21.2,15004,0.0,1.2,2.1
2018-09-09,17.2,11.6,24.2,15514,0.0,1.4,1.6
2018-09-10,17.2,11.7,23.7,8224,0.8,1.4,1.8
2018-09-11,20.3,15.0,26.9,13219,0.0,1.73,2.7
2018-09-12,15.9,13.2,19.1,6251,0.4,1.47,2.3
2018-09-13,14.2,10.1,17.5,6275,0.0,1.21,1.6
2018-09-14,13.4,6.8,21.0,14493,0.0,1.03,1.5
2018-09-15,13.9,9.4,21.0,10748,0.3,1.19,2.2
2018-09-16,14.9,7.8,22.6,14311,0.0,1.12,1.6
2018-09-17,16.6,8.5,26.2,17006,0.0,1.22,1.5
2018-09-18,20.9,10.9,31.0,17241,0.0,1.45,2.2
2018-09-19,20.2,12.9,28.4,16372,0.0,1.58,2.2
2018-09-20,20.1,15.5,26.5,13829,0.0,1.78,2.2
2018-09-21,17.0,10.5,26.7,8773,3.9,1.36,3.8
2018-09-22,12.8,9.4,17.1,10711,1.3,1.16,3.4
2018-09-23,9.9,7.0,13.7,5374,1.9,0.98,3.1
2018-09-24,9.4,6.4,13.6,13525,0.0,0.94,3.7
2018-09-25,8.5,2.4,15.1,14607,0.0,0.74,2.1
2018-09-26,12.7,6.1,18.1,10496,0.0,0.97,2.7
2018-09-27,17.7,11.5,23.0,12605,0.0,1.37,2.2
2018-09-28,12.5,4.0,16.3,11350,0.0,0.84,2.6
2018-09-29,8.1,1.6,16.0,11487,0.0,0.73,2.0
2018-09-30,9.5,2.6,18.3,12706,0.0,0.8,1.8
2018-10-01,7.7,3.4,15.4,7351,1.9,0.8,2.5
2018-10-02,7.6,3.9,11.0,4674,5.7,0.8,3.9
2018-10-03,11.0,8.8,15.0,9786,0.1,1.11,3.9
2018-10-04,12.2,8.7,15.5,4609,0.0,1.1,1.9
2018-10-05,14.4,9.0,21.2,13150,0.0,1.17,1.9
2018-10-06,13.7,6.4,22.4,12731,0.2,1.03,1.7
2018-10-07,10.4,2.6,14.7,8941,0.0,0.76,2.1
2018-10-08,7.8,1.0,15.7,10405,0.0,0.7,1.5
2018-10-09,11.0,4.2,19.0,10019,0.0,0.88,1.5
2018-10-10,14.9,5.8,22.7,12008,0.0,0.99,2.0
2018-10-11,16.7,11.7,23.1,11931,0.0,1.39,2.3
2018-10-12,16.5,10.6,25.7,11692,0.0,1.35,1.9
2018-10-13,18.0,10.6,26.8,11378,0.0,1.37,2.1
2018-10-14,16.6,11.4,23.4,11068,0.0,1.37,2.3
2018-10-15,15.8,9.7,24.0,10762,0.0,1.26,1.7
2018-10-16,13.8,6.2,23.9,10460,0.0,1.04,1.2
2018-10-17,12.9,7.7,22.1,9711,0.0,1.09,1.1
2018-10-18,10.9,2.6,16.4,3903,0.0,0.77,1.8
2018-10-19,5.4,-0.2,13.5,7593,0.0,0.63,1.4
2018-10-20,7.0,1.0,14.0,4202,0.0,0.68,1.6
2018-10-21,8.8,4.4,15.8,5640,0.0,0.86,1.6
2018-10-22,8.6,3.5,13.7,5407,1.6,0.79,2.2
2018-10-23,10.2,5.7,12.4,3212,4.5,0.9,4.7
2018-10-24,10.5,8.6,12.5,7522,1.2,1.08,4.4
2018-10-25,11.4,9.8,13.6,3844,1.0,1.18,3.8
2018-10-26,9.8,7.1,12.3,3099,0.4,0.98,2.8
2018-10-27,6.3,0.2,8.9,4444,0.2,0.62,2.6
2018-10-28,3.0,-1.6,7.0,3510,0.0,0.54,3.2
2018-10-29,5.2,4.3,5.6,2859,0.0,0.8,3.6
2018-10-30,9.6,4.8,15.7,5443,0.7,0.87,4.3
2018-10-31,9.9,7.2,12.7,7834,0.0,0.99,2.8
2018-11-01,7.2,2.9,10.7,3951,0.0,0.74,1.9
2018-11-02,7.1,1.7,14.1,5246,0.0,0.71,2.1
2018-11-03,3.7,-0.7,10.9,7120,0.0,0.59,1.6
2018-11-04,8.1,3.5,10.1,2543,0.0,0.77,1.9
2018-11-05,10.5,8.4,12.2,2493,0.0,1.06,2.1
2018-11-06,9.4,5.6,15.1,6921,0.0,0.91,1.9
2018-11-07,7.8,3.3,12.9,4259,0.0,0.78,1.8
2018-11-08,6.7,1.7,14.2,3443,0.1,0.72,1.5
2018-11-09,8.3,3.0,11.5,2421,0.0,0.75,1.8
2018-11-10,9.4,6.6,11.8,2319,1.4,0.94,2.7
2018-11-11,11.2,8.7,13.6,3824,1.1,1.09,2.8
2018-11-12,11.7,9.0,15.5,3216,0.5,1.12,2.2
2018-11-13,10.0,7.7,12.9,2839,1.8,1.02,2.6
2018-11-14,7.5,4.0,10.3,2312,0.0,0.8,1.9
2018-11-15,7.1,4.9,11.2,4376,0.0,0.85,1.9
2018-11-16,5.3,2.6,9.1,5872,0.0,0.72,2.4
2018-11-17,2.7,-3.1,7.2,5739,0.0,0.49,2.8
2018-11-18,1.2,-4.7,5.7,3272,0.2,0.44,2.5
2018-11-19,4.6,2.7,5.6,2118,0.4,0.72,4.0
2018-11-20,2.9,2.0,4.3,1885,0.1,0.68,4.4
2018-11-21,1.5,0.4,2.2,1853,0.0,0.61,2.9
2018-11-22,1.1,0.4,1.7,1822,0.0,0.6,2.1
2018-11-23,1.5,0.2,2.6,1793,0.0,0.6,1.9
2018-11-24,1.7,0.0,2.6,1764,1.4,0.59,1.6
2018-11-25,3.5,2.1,4.5,1737,0.0,0.68,1.9
2018-11-26,0.6,-3.1,4.6,2176,0.0,0.48,2.4
2018-11-27,-0.7,-4.2,1.7,1685,0.0,0.44,1.6
2018-11-28,0.1,-1.3,1.6,4310,0.0,0.53,2.8
2018-11-29,1.8,-0.8,3.7,1638,0.1,0.56,3.6
2018-11-30,2.8,1.8,3.9,1616,0.1,0.67,2.7
2018-12-01,4.6,0.4,10.0,2484,0.0,0.63,2.5
2018-12-02,7.8,5.1,11.3,1575,5.1,0.85,3.4
2018-12-03,10.5,6.8,12.7,1863,4.2,0.96,3.4
2018-12-04,5.1,1.0,10.1,3449,0.0,0.65,3.2
2018-12-05,1.9,-1.7,5.8,3678,0.0,0.53,2.0
2018-12-06,5.7,2.2,10.1,1506,2.1,0.7,2.8
2018-12-07,10.6,7.0,11.4,1492,7.4,0.98,4.0
2018-12-08,7.0,5.9,8.3,1479,3.6,0.89,5.6
2018-12-09,6.8,4.4,8.4,1466,3.1,0.8,5.2
2018-12-10,3.8,3.0,4.7,2626,0.3,0.73,4.7
2018-12-11,4.0,1.7,4.9,1486,1.0,0.67,3.5
2018-12-12,2.3,-0.3,4.6,1435,0.2,0.58,2.0
2018-12-13,1.3,-0.4,2.5,1427,0.0,0.57,2.5
2018-12-14,0.4,0.0,0.9,1420,0.0,0.59,2.3
2018-12-15,-0.3,-1.7,0.1,1414,0.0,0.52,2.2
2018-12-16,-0.3,-1.0,0.2,1409,0.2,0.55,2.5
2018-12-17,0.6,-0.9,2.3,1405,1.6,0.55,1.8
2018-12-18,3.9,1.1,6.8,2178,0.0,0.64,2.2
2018-12-19,1.8,0.4,3.2,1400,0.1,0.61,2.6
2018-12-20,3.9,2.7,5.2,1644,1.6,0.72,2.5
2018-12-21,6.6,4.7,10.3,1399,13.6,0.83,4.2
2018-12-22,6.0,4.4,8.9,1400,4.2,0.81,3.9
2018-12-23,6.3,5.2,7.5,1484,1.1,0.85,2.9
2018-12-24,2.2,0.5,5.0,1447,0.1,0.61,3.0
2018-12-25,5.1,3.1,6.5,1410,0.1,0.74,3.1
2018-12-26,6.2,5.0,7.6,1416,0.2,0.84,2.7
2018-12-27,5.2,4.2,6.0,1422,0.6,0.79,2.2
2018-12-28,6.3,5.6,7.2,1429,0.7,0.88,2.1
2018-12-29,6.4,5.4,7.6,1438,7.0,0.86,3.1
2018-12-30,6.3,3.2,8.3,2240,0.0,0.75,3.9
2018-12-31,6.5,3.2,8.6,1542,1.1,0.74,2.1
2019-01-01,6.3,3.3,8.3,1596,2.3,0.75,5.1
2019-01-02,2.5,-0.9,4.7,3093,0.3,0.56,4.3
2019-01-03,-0.6,-4.2,3.6,3458,0.1,0.44,2.3
2019-01-04,2.6,-2.0,6.1,1511,2.4,0.52,3.2
2019-01-05,6.6,0.7,8.3,1527,0.0,0.63,3.9
2019-01-06,0.5,-2.4,2.6,1544,2.8,0.5,2.3
2019-01-07,5.4,2.6,6.4,1562,7.6,0.71,3.0
2019-01-08,5.1,1.7,6.7,1581,8.3,0.67,5.7
2019-01-09,1.6,0.8,2.1,1601,0.2,0.62,4.6
2019-01-10,0.5,-0.3,1.4,1622,1.5,0.57,2.3
2019-01-11,3.6,0.0,6.6,1645,0.9,0.59,3.1
2019-01-12,5.4,4.6,6.0,1668,4.5,0.81,4.1
2019-01-13,6.5,5.0,8.1,1693,6.2,0.84,5.1
2019-01-14,2.5,0.9,5.0,3684,0.0,0.63,5.0
2019-01-15,4.6,1.6,6.8,1745,1.4,0.67,4.5
2019-01-16,6.5,4.4,7.5,1773,1.1,0.81,3.8
2019-01-17,3.9,-0.5,6.1,1850,3.7,0.57,4.2
2019-01-18,-0.1,-4.1,2.0,3687,0.0,0.44,2.4
2019-01-19,-2.0,-4.9,1.6,4875,0.0,0.42,1.6
2019-01-20,-4.5,-7.2,-2.6,2245,0.0,0.34,1.3
2019-01-21,-2.6,-5.5,0.2,2586,0.4,0.39,1.7
2019-01-22,-1.7,-4.3,0.7,3651,0.0,0.43,2.2
2019-01-23,-4.8,-6.4,-2.4,3706,0.0,0.37,2.3
2019-01-24,-3.7,-5.5,-2.6,2036,0.0,0.39,1.6
2019-01-25,-3.7,-4.7,-2.6,2127,1.7,0.41,2.1
2019-01-26,1.7,-3.4,4.7,2113,4.8,0.47,3.2
2019-01-27,4.1,2.9,6.2,2262,3.2,0.72,3.4
2019-01-28,2.0,-0.6,3.7,2195,1.7,0.57,3.6
2019-01-29,0.2,-2.2,2.9,3184,0.0,0.5,2.6
2019-01-30,0.3,-1.8,3.5,5214,0.0,0.52,2.9
2019-01-31,0.7,-1.7,3.9,3639,0.0,0.53,2.1
2019-02-01,-0.5,-1.7,0.4,2371,0.7,0.52,2.4
2019-02-02,0.5,-0.2,0.5,2417,3.2,0.57,1.6
2019-02-03,0.4,-2.8,2.1,2465,0.0,0.48,2.7
2019-02-04,1.0,-3.8,4.2,5280,0.1,0.46,2.7
2019-02-05,3.2,2.3,3.7,2564,0.0,0.69,2.5
2019-02-06,3.2,-0.1,6.4,3232,1.1,0.6,2.3
2019-02-07,4.5,2.4,6.9,2980,0.7,0.71,3.1
2019-02-08,6.5,4.5,8.2,3164,0.0,0.81,3.8
2019-02-09,8.0,6.7,10.5,4827,0.6,0.95,5.0
2019-02-10,6.4,2.3,7.9,2830,8.0,0.71,4.3
2019-02-11,4.9,1.9,7.6,4662,0.2,0.68,4.8
2019-02-12,4.0,2.1,6.5,6141,0.0,0.69,3.2
2019-02-13,6.8,4.5,7.6,3001,0.2,0.81,2.7
2019-02-14,6.0,-0.6,11.5,8732,0.0,0.6,1.8
2019-02-15,4.2,-2.5,14.3,9210,0.0,0.56,1.6
2019-02-16,5.5,-1.1,14.8,9137,0.0,0.61,1.9
2019-02-17,4.9,-0.1,12.4,8210,0.0,0.62,1.6
2019-02-18,5.5,-1.6,15.1,9699,0.0,0.6,1.7
2019-02-19,6.2,1.6,10.2,4170,0.3,0.69,2.9
2019-02-20,7.7,5.4,10.5,4907,0.3,0.87,2.3
2019-02-21,9.0,7.0,11.6,4171,1.3,0.97,2.6
2019-02-22,4.3,-0.6,8.0,8769,0.0,0.58,2.5
2019-02-23,1.1,-2.1,6.4,9890,0.0,0.52,2.3
2019-02-24,3.7,-2.6,13.6,10727,0.0,0.55,1.5
2019-02-25,4.4,-2.9,14.8,10956,0.0,0.54,1.6
2019-02-26,5.5,-0.7,14.5,11109,0.0,0.62,1.5
2019-02-27,6.4,-2.3,17.7,11662,0.0,0.6,1.6
2019-02-28,5.9,3.6,8.3,7135,0.0,0.76,3.1
2019-03-01,4.2,2.7,5.1,4055,0.0,0.71,2.6
2019-03-02,4.5,2.7,6.2,4210,0.2,0.72,2.4
2019-03-03,9.0,6.2,10.2,4200,2.7,0.92,4.2
2019-03-04,9.4,6.7,14.5,6385,3.3,0.97,5.7
2019-03-05,5.4,0.9,8.8,5714,0.7,0.64,4.6
2019-03-06,6.1,0.0,10.9,5286,3.1,0.62,3.1
2019-03-07,9.9,6.2,14.5,7026,1.3,0.94,4.5
2019-03-08,7.0,3.6,9.7,7657,4.2,0.77,4.9
2019-03-09,7.0,4.6,10.3,6608,2.6,0.83,5.6
2019-03-10,4.5,0.7,8.1,5986,7.0,0.63,4.7
2019-03-11,3.2,0.9,6.0,5532,3.8,0.63,4.4
2019-03-12,5.2,0.4,8.5,6808,0.1,0.63,3.9
2019-03-13,6.6,5.1,8.2,5332,2.1,0.85,5.6
2019-03-14,5.7,4.7,6.9,5040,10.5,0.82,5.1
2019-03-15,7.2,5.4,10.3,5968,2.0,0.87,5.4
2019-03-16,6.7,4.9,9.5,5294,5.3,0.84,4.7
2019-03-17,7.5,3.9,11.0,6718,2.6,0.8,4.5
2019-03-18,5.5,3.0,9.2,8554,1.5,0.74,4.2
2019-03-19,4.2,-1.5,9.7,10225,0.0,0.56,2.1
2019-03-20,6.0,-2.2,11.9,10051,0.0,0.55,2.0
2019-03-21,10.9,8.7,13.3,6096,0.0,1.09,2.1
2019-03-22,10.4,7.0,14.4,10589,0.0,0.99,1.6
2019-03-23,6.9,2.3,11.8,6669,0.0,0.73,2.1
2019-03-24,5.0,0.6,10.5,12154,0.8,0.64,1.9
2019-03-25,4.8,1.1,8.4,9205,1.0,0.65,3.5
2019-03-26,5.7,1.7,8.9,8071,1.7,0.68,3.1
2019-03-27,7.9,5.1,11.6,6500,1.6,0.86,2.3
2019-03-28,8.9,7.7,10.6,6164,0.2,1.01,2.0
2019-03-29,10.6,5.0,16.1,10263,0.0,0.88,1.8
2019-03-30,11.1,2.0,18.9,17614,0.0,0.77,1.8
2019-03-31,6.9,-2.2,11.7,15843,0.0,0.55,2.4
2019-04-01,4.2,-4.7,11.4,19227,0.0,0.47,2.7
2019-04-02,8.5,1.6,14.5,16241,0.3,0.71,2.8
2019-04-03,10.2,6.1,14.3,7959,0.6,0.93,2.1
2019-04-04,10.3,4.6,16.9,14655,0.0,0.87,2.3
2019-04-05,8.0,4.6,12.3,7692,0.0,0.83,1.8
2019-04-06,12.6,2.2,22.6,18591,0.0,0.81,2.1
2019-04-07,12.5,4.6,20.5,20087,0.0,0.91,2.0
2019-04-08,9.5,1.3,18.7,20242,0.0,0.74,2.1
2019-04-09,5.6,-0.1,11.5,19942,0.0,0.62,2.4
2019-04-10,4.4,-2.3,10.2,18608,0.0,0.54,2.7
2019-04-11,3.9,0.6,7.9,12324,0.0,0.63,2.8
2019-04-12,2.9,0.7,7.0,8045,1.2,0.62,2.7
2019-04-13,3.2,0.6,8.5,10907,0.1,0.63,2.7
2019-04-14,4.9,1.4,8.6,7505,0.3,0.66,2.8
2019-04-15,7.7,1.7,14.7,22569,0.0,0.72,2.9
2019-04-16,8.4,0.8,15.1,22834,0.0,0.69,2.7
2019-04-17,11.7,5.0,18.0,23215,0.0,0.9,2.6
2019-04-18,13.3,2.8,21.6,23122,0.0,0.83,3.0
2019-04-19,14.8,6.3,22.9,23502,0.0,1.03,2.5
2019-04-20,11.5,1.2,20.4,23761,0.0,0.75,2.0
2019-04-21,12.7,1.1,21.7,23899,0.0,0.77,1.9
2019-04-22,14.0,5.9,19.8,24035,0.0,0.97,3.4
2019-04-23,15.1,10.5,20.5,19924,0.0,1.27,4.4
2019-04-24,17.0,11.7,23.2,19917,0.4,1.39,3.4
2019-04-25,17.3,9.0,23.3,24061,0.0,1.2,2.7
2019-04-26,16.2,9.6,21.9,19281,6.3,1.22,2.8
2019-04-27,12.7,8.6,19.0,14834,1.4,1.13,2.7
2019-04-28,8.8,6.7,12.5,11219,3.4,0.96,2.2
2019-04-29,10.1,3.5,17.0,17238,0.3,0.82,2.6
2019-04-30,12.3,0.7,20.4,23295,0.0,0.73,2.5
2019-05-01,10.5,8.1,15.5,16549,0.0,1.07,2.6
2019-05-02,9.4,6.3,13.1,8760,0.4,0.94,3.3
2019-05-03,6.8,2.8,10.7,15591,0.1,0.74,3.1
2019-05-04,5.3,-0.3,10.8,17682,1.1,0.61,2.6
2019-05-05,5.8,-2.0,13.7,21420,0.0,0.57,2.3
2019-05-06,5.9,0.3,12.3,15067,2.2,0.64,2.6
2019-05-07,7.2,1.4,13.5,21600,0.0,0.69,1.8
2019-05-08,9.8,1.6,17.0,17878,2.6,0.73,2.6
2019-05-09,13.0,9.6,18.5,16809,3.6,1.18,2.6
2019-05-10,10.4,3.4,15.1,13182,1.0,0.8,2.5
2019-05-11,7.5,2.4,12.4,10305,0.0,0.73,2.6
2019-05-12,9.6,2.5,16.4,24574,0.0,0.77,3.1
2019-05-13,9.2,0.5,16.7,24527,0.0,0.68,2.8
2019-05-14,9.1,0.9,15.0,23706,0.0,0.68,2.7
2019-05-15,9.7,0.3,16.2,20175,2.0,0.68,2.6
2019-05-16,9.0,6.8,10.7,9536,5.6,0.96,2.5
2019-05-17,13.9,9.9,18.4,18756,0.0,1.2,2.2
2019-05-18,17.8,12.0,24.0,27744,0.0,1.43,2.0
2019-05-19,18.7,10.2,26.5,22762,0.0,1.32,2.1
2019-05-20,17.9,12.4,25.3,18931,1.6,1.47,2.4
2019-05-21,16.7,12.6,22.6,16647,3.0,1.47,3.1
2019-05-22,11.4,6.6,14.3,12533,0.5,0.96,3.2
2019-05-23,12.8,3.6,20.4,26383,0.0,0.86,1.8
2019-05-24,16.4,9.2,24.2,24224,0.0,1.23,2.0
2019-05-25,12.4,7.4,15.8,10701,0.0,1.02,2.2
2019-05-26,15.0,6.7,21.8,12175,1.1,1.04,2.7
2019-05-27,16.6,10.5,21.8,16135,0.3,1.28,2.5
2019-05-28,13.0,9.9,17.6,14865,0.0,1.2,2.2
2019-05-29,10.9,5.4,16.1,21321,0.0,0.9,2.0
2019-05-30,14.7,5.4,20.8,15329,0.0,0.96,2.4
2019-05-31,18.8,13.5,24.5,13001,0.0,1.57,2.0
2019-06-01,19.6,10.8,27.1,25242,0.0,1.39,1.8
2019-06-02,22.7,12.2,32.2,27512,0.0,1.59,1.9
2019-06-03,22.1,17.1,31.4,22552,5.0,2.03,2.1
2019-06-04,21.6,15.0,27.9,25739,0.0,1.75,1.9
2019-06-05,24.7,18.0,34.0,20242,0.0,2.18,2.2
2019-06-06,19.9,13.6,26.9,18293,6.5,1.61,2.9
2019-06-07,18.8,9.9,25.1,30960,12.7,1.28,2.6
2019-06-08,16.4,11.7,20.5,19918,0.0,1.36,3.8
2019-06-09,17.5,9.6,23.8,28110,0.1,1.24,2.1
2019-06-10,20.7,15.8,27.2,18507,0.0,1.81,2.2
2019-06-11,20.6,16.6,25.6,19841,21.4,1.89,2.1
2019-06-12,18.8,12.8,26.3,12866,8.9,1.52,2.3
2019-06-13,18.4,12.5,25.7,22903,2.3,1.5,2.1
2019-06-14,21.2,11.5,29.3,28192,0.9,1.47,2.1
2019-06-15,22.3,13.9,28.9,19362,0.1,1.67,2.9
2019-06-16,17.2,11.3,22.6,18314,0.0,1.35,1.9
2019-06-17,20.3,12.0,27.1,27821,0.0,1.47,1.7
2019-06-18,23.3,16.5,29.7,26373,0.0,1.94,1.8
2019-06-19,24.7,17.9,32.5,27035,0.6,2.12,1.9
2019-06-20,19.9,15.6,24.7,19250,14.8,1.76,2.2
2019-06-21,18.1,13.2,23.9,21756,0.0,1.52,1.9
2019-06-22,18.3,10.6,24.1,28745,0.0,1.33,2.2
2019-06-23,20.7,13.5,27.0,28343,0.0,1.58,2.4
2019-06-24,22.3,12.5,29.3,30709,0.0,1.55,2.5
2019-06-25,25.6,16.5,33.6,29116,0.0,2.02,2.0
2019-06-26,24.7,15.6,33.8,30290,0.0,1.93,2.4
2019-06-27,16.8,12.1,22.1,26058,0.0,1.4,3.1
2019-06-28,17.2,12.1,23.6,19983,0.0,1.43,2.0
2019-06-29,21.4,9.7,31.1,31293,0.0,1.37,1.6
2019-06-30,25.5,14.3,36.7,29297,0.0,1.87,2.6
2019-07-01,20.5,14.6,27.5,24142,0.0,1.71,3.0
2019-07-02,16.1,9.3,20.4,18727,0.0,1.18,3.1
2019-07-03,14.0,6.5,20.0,20020,0.0,1.01,2.5
2019-07-04,16.0,6.7,22.3,21704,0.1,1.05,2.4
2019-07-05,16.9,14.6,20.4,10777,0.2,1.62,2.6
2019-07-06,15.7,12.6,18.9,10230,2.0,1.42,2.8
2019-07-07,14.0,10.4,17.5,13092,0.0,1.24,3.0
2019-07-08,13.8,9.9,19.6,15294,2.1,1.23,2.6
2019-07-09,13.6,9.3,18.8,10942,0.0,1.17,2.5
2019-07-10,15.2,7.7,22.3,19944,0.0,1.1,2.0
2019-07-11,17.8,11.3,24.3,15854,3.7,1.38,1.5
2019-07-12,17.5,15.4,21.4,11246,3.8,1.7,1.9
2019-07-13,17.6,14.6,24.2,14868,7.8,1.66,2.5
2019-07-14,15.7,13.8,17.2,10006,0.1,1.52,2.2
2019-07-15,14.5,12.5,16.6,10103,0.0,1.4,2.4
2019-07-16,16.3,10.6,21.9,17875,0.0,1.29,2.6
2019-07-17,15.2,8.8,22.6,18349,0.0,1.18,1.5
2019-07-18,19.3,10.3,26.6,21936,0.0,1.33,1.6
2019-07-19,20.2,13.6,26.5,18900,0.4,1.61,1.8
2019-07-20,20.2,11.4,29.7,21697,10.8,1.46,2.1
2019-07-21,19.5,13.3,25.9,24096,0.0,1.56,2.5
2019-07-22,17.6,11.7,22.6,13315,1.7,1.38,1.7
2019-07-23,22.9,14.1,31.3,29511,0.0,1.73,1.6
2019-07-24,25.2,15.7,33.1,28792,0.0,1.92,1.6
2019-07-25,26.9,19.5,34.7,25372,0.0,2.38,1.9
2019-07-26,23.9,16.4,30.9,28377,0.0,1.93,2.5
2019-07-27,22.9,18.4,27.8,24325,0.0,2.11,2.9
2019-07-28,24.2,17.5,30.9,23097,0.0,2.07,2.4
2019-07-29,23.1,18.8,27.8,15110,4.6,2.16,2.1
2019-07-30,19.9,15.8,24.0,14155,1.0,1.77,1.8
2019-07-31,19.4,14.1,25.1,13584,14.9,1.63,2.0
2019-08-01,18.7,13.0,24.7,16944,0.0,1.52,1.5
2019-08-02,18.5,13.9,24.0,16112,0.9,1.6,1.5
2019-08-03,20.2,14.8,26.1,21594,0.0,1.7,1.8
2019-08-04,17.6,13.3,21.8,12315,0.0,1.51,1.5
2019-08-05,18.8,12.5,23.7,9988,0.2,1.47,1.7
2019-08-06,19.2,14.3,24.5,15814,8.6,1.62,2.1
2019-08-07,18.9,13.3,24.4,13612,0.0,1.54,2.1
2019-08-08,18.1,12.8,25.0,19518,3.5,1.51,2.5
2019-08-09,19.8,11.0,26.6,18556,0.1,1.39,1.9
2019-08-10,22.4,17.2,27.1,17225,0.0,1.97,3.3
2019-08-11,21.3,16.8,26.5,17753,0.0,1.91,2.6
2019-08-12,20.3,15.2,25.7,20244,1.5,1.74,2.2
2019-08-13,15.2,11.1,19.9,15356,2.8,1.31,2.5
2019-08-14,15.3,9.2,22.5,21869,0.4,1.21,2.0
2019-08-15,15.1,11.2,20.9,8597,4.8,1.33,2.6
2019-08-16,17.1,13.7,22.2,12535,0.2,1.55,2.2
2019-08-17,19.3,14.9,25.0,9064,0.2,1.7,2.5
2019-08-18,18.7,14.5,23.4,8751,1.6,1.63,2.4
2019-08-19,17.5,11.4,23.2,18520,0.0,1.36,2.3
2019-08-20,16.8,10.0,23.0,17212,0.0,1.27,1.7
2019-08-21,16.1,9.3,23.7,22340,0.0,1.23,1.6
2019-08-22,18.4,8.7,27.8,23511,0.0,1.24,1.7
2019-08-23,20.6,10.0,29.5,22898,0.0,1.36,1.6
2019-08-24,22.0,12.1,29.4,22992,0.0,1.52,1.8
2019-08-25,24.7,16.5,31.8,19223,0.0,1.97,1.6
2019-08-26,25.8,19.1,32.7,19675,0.1,2.29,1.5
2019-08-27,24.7,19.4,33.0,16994,34.7,2.33,1.6
2019-08-28,23.7,18.2,33.8,16871,11.0,2.21,1.6
2019-08-29,20.3,16.1,26.0,14225,0.1,1.82,1.8
2019-08-30,20.3,14.1,27.3,14569,0.0,1.65,1.3
2019-08-31,24.3,15.1,33.2,19898,0.0,1.87,1.7
2019-09-01,19.7,11.9,24.0,11178,0.1,1.42,2.5
2019-09-02,14.4,9.6,20.9,18481,0.3,1.21,2.2
2019-09-03,14.8,9.5,20.4,7296,0.5,1.2,2.2
2019-09-04,17.6,11.7,23.7,10875,0.3,1.4,2.3
2019-09-05,14.7,9.2,18.9,13307,0.7,1.17,3.0
2019-09-06,13.7,7.5,20.3,15927,0.0,1.06,2.1
2019-09-07,13.5,9.3,16.7,6648,0.0,1.15,1.6
2019-09-08,13.8,6.3,20.6,14138,0.2,1.0,1.3
2019-09-09,13.1,11.8,15.5,6489,15.0,1.34,2.0
2019-09-10,14.7,9.2,19.6,12386,0.0,1.17,2.3
2019-09-11,14.8,7.1,22.0,14703,1.4,1.06,2.3
2019-09-12,17.3,13.8,22.3,9408,0.0,1.56,2.3
2019-09-13,16.9,8.3,21.0,9828,0.9,1.13,2.4
2019-09-14,12.0,5.3,19.4,17709,0.0,0.93,1.5
2019-09-15,14.5,7.6,22.7,11777,0.0,1.1,2.5
2019-09-16,13.7,9.3,18.7,8486,0.0,1.16,2.0
2019-09-17,11.4,9.1,13.6,9502,2.4,1.13,3.4
2019-09-18,11.8,8.8,16.4,13821,0.1,1.11,2.8
2019-09-19,10.7,4.8,16.5,16072,0.0,0.88,2.1
2019-09-20,11.7,4.9,17.5,7592,0.0,0.89,1.8
2019-09-21,13.8,6.4,22.2,16530,0.0,1.02,1.8
2019-09-22,16.6,8.3,24.4,16066,0.0,1.16,1.8
2019-09-23,16.5,9.6,23.4,15027,0.0,1.24,2.0
2019-09-24,16.6,14.0,20.9,7400,0.2,1.57,1.6
2019-09-25,13.7,11.0,15.0,5216,7.2,1.27,2.1
2019-09-26,14.2,9.1,19.7,6454,5.9,1.16,2.2
2019-09-27,15.3,12.7,18.4,6270,2.4,1.43,2.6
2019-09-28,15.4,13.3,18.7,10058,0.6,1.49,3.4
2019-09-29,14.3,13.4,14.7,4904,24.6,1.48,3.6
2019-09-30,14.1,11.4,16.1,7725,10.8,1.3,4.8
2019-10-01,12.3,9.9,17.3,5467,19.6,1.2,2.8
2019-10-02,9.9,7.7,14.3,11157,1.7,1.03,3.0
2019-10-03,8.9,5.9,11.5,4774,0.7,0.9,2.4
2019-10-04,8.3,6.7,10.1,4522,12.7,0.94,2.4
2019-10-05,7.9,2.4,13.0,9273,0.2,0.73,2.7
2019-10-06,5.7,0.6,11.8,8381,0.0,0.65,2.1
2019-10-07,5.2,-0.8,12.2,11219,0.6,0.6,1.7
2019-10-08,10.7,6.5,14.3,4309,4.1,0.96,2.9
2019-10-09,11.5,8.6,15.4,7210,11.1,1.09,3.1
2019-10-10,10.4,8.5,13.7,6533,1.8,1.08,3.5
2019-10-11,13.4,9.3,16.2,4091,2.9,1.15,3.7
2019-10-12,14.5,12.0,16.4,4179,1.8,1.36,2.9
2019-10-13,16.5,10.9,21.3,6003,1.0,1.3,2.4
2019-10-14,16.4,13.0,19.9,9583,0.0,1.47,2.1
2019-10-15,15.7,11.8,21.9,10375,3.6,1.38,1.9
2019-10-16,12.1,9.3,13.8,4427,10.5,1.14,2.9
2019-10-17,14.0,12.1,16.4,3672,4.0,1.38,2.3
2019-10-18,13.1,8.4,18.0,7708,3.8,1.11,2.8
2019-10-19,12.0,7.5,16.2,6930,0.1,1.04,2.4
2019-10-20,12.8,11.2,14.9,3473,0.8,1.29,1.6
2019-10-21,13.1,9.9,16.0,3552,0.0,1.18,1.8
2019-10-22,11.0,7.0,14.7,5478,0.0,0.99,1.6
2019-10-23,10.5,5.8,15.7,6373,0.1,0.92,1.8
2019-10-24,12.3,10.2,14.7,3151,0.0,1.21,2.0
2019-10-25,12.8,10.4,16.2,5558,0.0,1.23,2.7
2019-10-26,14.6,10.8,18.9,7837,0.7,1.29,3.3
2019-10-27,11.5,7.1,16.7,3842,0.1,1.0,3.1
2019-10-28,7.5,2.9,11.7,6414,0.2,0.74,2.2
2019-10-29,3.4,-1.6,10.5,6966,0.0,0.56,1.7
2019-10-30,0.8,-3.0,9.6,7567,0.0,0.51,1.7
2019-10-31,0.5,-4.1,8.0,7707,0.0,0.46,1.7
2019-11-01,2.8,-0.9,5.9,4955,4.2,0.56,2.5
2019-11-02,10.7,6.2,15.5,2892,3.5,0.95,3.1
2019-11-03,11.6,9.6,14.5,3816,3.5,1.17,2.3
2019-11-04,10.0,8.9,13.3,3086,6.2,1.11,2.5
2019-11-05,8.6,7.3,9.5,2493,7.1,0.98,2.1
2019-11-06,6.9,5.2,8.2,2445,2.0,0.85,1.8
2019-11-07,6.3,3.6,8.6,2398,0.1,0.76,2.1
2019-11-08,5.8,2.0,8.3,2639,1.2,0.69,1.6
2019-11-09,5.4,1.5,7.8,2307,0.1,0.67,1.9
2019-11-10,2.1,-1.2,8.4,5510,0.0,0.57,1.5
2019-11-11,0.8,-1.4,3.3,2220,0.0,0.54,2.6
2019-11-12,4.5,1.3,9.0,5401,0.0,0.66,2.9
2019-11-13,3.7,0.6,6.2,2408,0.1,0.62,2.3
2019-11-14,4.6,1.1,8.3,5722,0.0,0.65,2.4
2019-11-15,6.0,3.7,7.9,2060,0.0,0.77,2.9
2019-11-16,5.5,0.4,7.4,2023,8.4,0.61,2.1
2019-11-17,3.0,-0.9,6.8,1987,0.0,0.56,2.1
2019-11-18,5.8,4.3,7.2,1952,2.3,0.8,2.6
2019-11-19,6.1,4.3,7.8,1968,0.5,0.8,2.4
2019-11-20,4.5,3.3,5.7,1885,0.2,0.74,1.3
2019-11-21,6.7,4.2,8.4,1853,2.0,0.8,1.5
2019-11-22,7.2,5.8,8.2,1822,0.0,0.88,2.2
2019-11-23,6.6,3.7,7.8,1889,0.0,0.77,3.2
2019-11-24,4.7,3.4,5.3,1764,0.0,0.75,2.2
2019-11-25,5.1,4.6,5.4,1737,0.0,0.81,1.5
2019-11-26,5.6,4.4,7.2,1710,0.0,0.81,2.1
2019-11-27,6.9,6.0,8.4,1731,1.2,0.9,3.0
2019-11-28,9.5,7.9,11.3,1661,4.1,1.03,4.4
2019-11-29,3.9,-3.1,7.9,3357,0.0,0.5,3.6
2019-11-30,0.3,-3.6,5.9,4576,0.0,0.47,1.8
2019-12-01,0.3,-1.5,1.7,1595,0.1,0.53,1.6
2019-12-02,2.9,-0.7,5.5,2457,1.4,0.56,2.3
2019-12-03,3.4,-0.4,6.0,1556,0.2,0.58,1.9
2019-12-04,3.8,-1.2,5.7,1539,0.0,0.55,2.1
2019-12-05,0.2,-2.9,4.4,4109,0.0,0.49,2.3
2019-12-06,3.8,0.0,6.7,1506,3.5,0.6,4.0
2019-12-07,8.1,6.9,9.8,1662,5.2,0.96,4.1
2019-12-08,8.3,5.4,9.7,1479,2.9,0.87,4.7
2019-12-09,6.4,4.1,9.1,2223,1.3,0.8,4.1
2019-12-10,2.7,0.7,6.1,3882,2.0,0.63,3.0
2019-12-11,2.8,0.7,3.2,1445,11.8,0.62,2.8
2019-12-12,2.8,0.5,4.5,1435,0.0,0.61,2.5
2019-12-13,1.2,0.1,3.5,2915,1.3,0.6,3.5
2019-12-14,3.5,1.0,5.5,1420,3.9,0.64,4.5
2019-12-15,5.5,0.8,9.2,2933,1.5,0.64,4.1
2019-12-16,5.2,2.4,7.6,1409,0.3,0.71,2.3
2019-12-17,8.2,5.0,12.1,2018,1.0,0.86,2.4
2019-12-18,7.3,1.8,12.7,2464,0.0,0.7,2.3
2019-12-19,4.9,1.8,6.6,2257,0.0,0.68,2.3
2019-12-20,6.7,3.3,10.0,3153,1.1,0.76,2.8
2019-12-21,6.1,2.1,10.0,2990,0.0,0.7,2.3
2019-12-22,2.8,1.6,4.2,1400,1.7,0.66,2.8
2019-12-23,6.6,4.5,8.2,1770,0.4,0.81,3.5
2019-12-24,5.9,5.2,6.9,1651,4.6,0.85,3.0
2019-12-25,5.1,3.9,5.7,1410,0.9,0.78,2.8
2019-12-26,4.5,2.6,6.8,1662,1.0,0.72,1.7
2019-12-27,1.9,-2.3,3.8,1422,0.3,0.5,1.8
2019-12-28,-1.4,-3.9,0.8,1429,0.0,0.44,1.6
2019-12-29,-0.8,-3.7,1.4,2310,0.0,0.45,1.9
2019-12-30,4.9,1.3,8.3,1656,0.0,0.66,2.7
2019-12-31,5.0,-0.3,8.3,3890,0.0,0.59,2.5
2020-01-01,-0.8,-4.7,3.8,3114,0.0,0.43,1.8
2020-01-02,-1.1,-4.8,3.5,3899,0.0,0.42,2.2
2020-01-03,5.2,2.5,7.2,1496,3.5,0.71,3.6
2020-01-04,4.1,1.4,6.0,1726,4.4,0.65,4.2
2020-01-05,1.9,-2.7,4.9,1656,0.3,0.49,2.1
2020-01-06,4.6,0.5,7.4,2241,0.1,0.62,2.2
2020-01-07,3.5,-1.0,6.7,1562,0.1,0.56,2.6
2020-01-08,7.7,5.5,8.9,1581,1.2,0.87,2.9
2020-01-09,9.1,7.9,11.1,1601,5.1,1.03,2.7
2020-01-10,8.8,4.2,11.2,2568,0.4,0.81,3.4
2020-01-11,4.5,2.8,5.7,3235,0.0,0.72,2.7
2020-01-12,5.5,3.8,8.1,2081,0.3,0.77,3.6
2020-01-13,5.3,2.1,8.1,2295,0.2,0.69,2.6
2020-01-14,8.1,2.4,11.1,1859,0.8,0.73,4.0
2020-01-15,11.9,8.2,14.4,3825,0.2,1.06,3.9
2020-01-16,5.5,2.3,9.5,4544,0.0,0.71,2.3
2020-01-17,5.1,2.4,8.8,4554,1.0,0.71,2.6
2020-01-18,5.4,2.7,7.7,2125,0.0,0.72,2.9
2020-01-19,2.1,-2.7,6.2,3295,0.0,0.5,1.9
2020-01-20,1.8,-3.0,4.5,2745,0.0,0.49,1.9
2020-01-21,2.9,0.5,5.5,4657,0.0,0.61,2.3
2020-01-22,5.3,3.8,7.2,2117,0.0,0.77,2.1
2020-01-23,3.9,0.2,6.0,1999,0.0,0.61,1.8
2020-01-24,0.4,-2.2,3.2,3240,0.2,0.5,2.0
2020-01-25,1.7,0.8,2.7,2074,0.0,0.63,1.9
2020-01-26,0.6,-0.4,1.4,2113,0.0,0.57,1.9
2020-01-27,3.7,-0.2,6.8,2153,8.6,0.59,2.9
2020-01-28,5.2,3.0,7.1,2470,3.9,0.73,4.5
2020-01-29,4.5,2.7,6.7,2627,5.4,0.72,4.4
2020-01-30,6.2,3.1,7.8,2280,1.5,0.74,4.1
2020-01-31,10.0,7.7,11.6,2553,0.4,1.02,4.6
2020-02-01,10.7,7.3,12.3,2371,1.1,0.99,4.5
2020-02-02,6.5,5.3,8.7,2417,5.4,0.86,3.9
2020-02-03,6.8,4.5,9.3,2465,2.5,0.82,3.7
2020-02-04,4.4,2.9,6.2,4198,1.1,0.72,4.1
2020-02-05,2.9,0.1,5.5,6950,0.0,0.6,3.0
2020-02-06,4.7,2.9,7.2,2800,0.0,0.72,2.3
2020-02-07,5.2,4.7,5.8,2667,0.0,0.82,1.9
2020-02-08,4.5,0.0,8.4,6392,0.0,0.61,2.3
2020-02-09,9.4,4.2,13.6,3801,10.3,0.82,5.2
2020-02-10,6.1,2.5,9.1,3414,9.4,0.72,7.0
2020-02-11,3.9,1.7,6.4,3018,0.2,0.67,6.6
2020-02-12,4.0,2.1,6.9,3809,0.2,0.69,5.6
2020-02-13,2.6,-0.1,5.0,3541,5.3,0.59,3.3
2020-02-14,3.6,2.3,5.8,3061,0.5,0.7,2.5
2020-02-15,5.8,2.5,10.7,6096,0.0,0.73,3.1
2020-02-16,12.0,7.4,16.8,3252,3.4,1.03,5.2
2020-02-17,8.4,6.4,10.9,6152,1.3,0.93,4.5
2020-02-18,6.2,4.2,8.6,5318,1.0,0.8,4.8
2020-02-19,5.3,2.8,8.0,5261,3.1,0.73,4.3
2020-02-20,4.7,0.1,9.0,3803,6.2,0.62,3.7
2020-02-21,5.6,3.2,7.7,4618,0.3,0.75,4.6
2020-02-22,8.3,6.8,10.9,3869,1.8,0.95,5.3
2020-02-23,5.6,3.0,7.8,3635,10.9,0.74,5.6
2020-02-24,4.7,3.1,8.9,4089,13.2,0.74,3.8
2020-02-25,6.9,3.1,9.7,8301,0.0,0.75,4.7
2020-02-26,3.0,0.5,6.4,4552,1.0,0.61,3.8
2020-02-27,2.3,-0.3,5.4,4311,0.0,0.58,3.1
2020-02-28,3.7,-0.1,7.9,7054,6.2,0.6,3.7
2020-02-29,6.5,1.0,11.9,6588,2.8,0.67,4.1
2020-03-01,6.3,3.4,9.9,8259,6.4,0.76,4.1
2020-03-02,6.1,4.3,9.7,7876,0.6,0.8,2.6
2020-03-03,4.5,-0.5,7.2,4696,0.9,0.58,2.7
2020-03-04,2.9,-1.3,7.8,6653,0.0,0.56,2.3
2020-03-05,4.8,-1.6,10.1,9426,1.0,0.56,2.6
2020-03-06,3.6,2.2,5.8,4499,9.5,0.69,3.9
2020-03-07,4.2,0.2,8.6,8185,0.1,0.62,3.1
2020-03-08,6.4,0.4,11.4,5541,1.1,0.64,3.1
2020-03-09,7.5,2.4,11.7,6615,1.3,0.72,2.6
2020-03-10,6.7,2.2,11.0,4806,9.1,0.71,4.5
2020-03-11,9.6,6.1,13.2,11206,7.0,0.92,4.4
2020-03-12,8.6,2.9,11.1,9680,1.0,0.75,5.3
2020-03-13,5.6,1.7,8.8,7655,1.6,0.67,4.6
2020-03-14,2.8,-2.9,7.8,15111,0.0,0.5,1.9
2020-03-15,6.6,0.7,13.2,13475,0.0,0.66,3.2
2020-03-16,7.9,1.8,15.6,13821,0.0,0.73,2.0
2020-03-17,7.9,1.6,13.5,11072,0.0,0.7,2.0
2020-03-18,11.2,5.1,17.1,10420,0.0,0.91,2.4
2020-03-19,8.3,5.4,10.5,5518,0.2,0.87,1.5
2020-03-20,6.4,2.2,10.0,6791,0.0,0.71,2.3
2020-03-21,2.9,-2.4,6.5,11991,0.0,0.51,4.0
2020-03-22,1.9,-3.9,7.1,15053,0.0,0.47,3.8
2020-03-23,1.5,-2.8,6.6,17245,0.0,0.5,3.1
2020-03-24,2.4,-3.7,8.2,17313,0.0,0.48,2.9
2020-03-25,4.1,-1.6,10.5,17275,0.0,0.56,3.3
2020-03-26,5.4,-0.1,11.1,17858,0.0,0.62,3.4
2020-03-27,8.3,0.9,15.6,17816,0.0,0.69,2.9
2020-03-28,7.3,0.8,13.9,18087,0.0,0.67,2.6
2020-03-29,2.6,-4.5,4.8,8242,0.8,0.44,4.0
2020-03-30,-0.6,-5.3,4.5,7049,3.3,0.41,2.7
2020-03-31,0.8,-3.7,6.3,13613,0.0,0.47,2.1
2020-04-01,3.4,-3.8,8.5,7436,0.1,0.48,2.3
2020-04-02,6.8,4.3,9.7,6975,0.4,0.8,2.9
2020-04-03,6.1,1.4,9.7,14324,0.1,0.67,3.0
2020-04-04,5.5,-2.4,13.4,19216,0.0,0.55,1.7
2020-04-05,9.5,-0.1,16.8,20041,0.0,0.67,2.9
2020-04-06,12.6,5.7,21.0,20759,0.0,0.97,2.4
2020-04-07,11.8,4.8,18.5,19904,0.0,0.9,2.0
2020-04-08,13.5,3.9,23.1,20736,0.0,0.91,1.7
2020-04-09,10.5,2.2,17.9,15528,0.0,0.76,2.0
2020-04-10,6.4,-1.3,14.1,21157,0.0,0.6,1.8
2020-04-11,7.8,-1.3,16.3,21654,0.0,0.61,1.5
2020-04-12,13.7,3.0,23.4,20762,1.0,0.87,1.9
2020-04-13,7.1,1.5,10.7,16594,0.0,0.68,3.9
2020-04-14,5.4,-2.2,11.4,18939,0.0,0.54,2.9
2020-04-15,9.0,3.7,16.6,18951,0.0,0.82,2.6
2020-04-16,9.9,0.8,17.5,22151,0.0,0.7,2.0
2020-04-17,10.3,2.7,17.1,23241,0.0,0.78,1.6
2020-04-18,10.1,1.2,17.0,23621,0.0,0.72,2.1
2020-04-19,8.8,4.3,13.8,23881,0.0,0.83,3.0
2020-04-20,10.0,3.1,16.3,24019,0.0,0.8,4.1
2020-04-21,11.1,5.0,17.2,24156,0.0,0.89,4.6
2020-04-22,12.0,5.5,18.3,24289,0.0,0.93,3.6
2020-04-23,12.8,2.7,21.1,24299,0.0,0.83,1.9
2020-04-24,12.5,6.2,20.8,23206,0.0,1.0,2.8
2020-04-25,10.4,5.0,15.3,12660,0.0,0.87,2.5
2020-04-26,9.6,2.2,17.2,22094,0.0,0.76,1.5
2020-04-27,11.8,0.0,21.9,23317,0.0,0.71,1.8
2020-04-28,12.7,7.2,19.8,18353,1.2,1.05,2.1
2020-04-29,10.5,7.3,15.7,10621,8.5,1.01,2.5
2020-04-30,11.6,7.4,16.2,12560,5.8,1.02,2.9
2020-05-01,11.0,6.9,16.3,16510,0.1,1.0,3.1
2020-05-02,8.8,4.8,14.9,14338,4.3,0.87,3.0
2020-05-03,9.3,4.3,13.5,10517,1.4,0.83,2.0
2020-05-04,9.0,4.2,14.2,12472,0.2,0.83,2.1
2020-05-05,7.3,1.3,12.9,21891,0.3,0.69,2.5
2020-05-06,9.6,0.1,16.8,26794,0.0,0.67,2.4
2020-05-07,11.0,4.9,17.4,20925,0.0,0.88,2.0
2020-05-08,11.9,2.3,20.3,26735,0.0,0.79,1.6
2020-05-09,15.4,5.0,23.3,26828,0.0,0.97,1.5
2020-05-10,17.1,10.1,25.8,19762,0.5,1.3,2.1
2020-05-11,6.9,1.0,11.6,15354,0.4,0.67,3.7
2020-05-12,7.0,1.8,12.0,14776,0.0,0.7,2.4
2020-05-13,9.1,5.2,14.1,15608,1.6,0.89,2.0
2020-05-14,8.6,1.1,13.9,20948,0.0,0.69,2.5
2020-05-15,7.6,-1.2,14.3,16114,0.0,0.6,2.6
2020-05-16,11.4,4.7,16.9,20048,0.0,0.88,2.4
2020-05-17,13.3,6.1,18.7,21921,0.0,0.98,2.5
2020-05-18,15.3,9.8,20.7,10322,0.1,1.22,2.3
2020-05-19,14.7,8.8,19.7,13481,0.0,1.15,2.3
2020-05-20,13.4,5.4,20.4,26391,0.0,0.96,1.6
2020-05-21,14.7,5.9,21.9,28015,0.0,1.0,1.5
2020-05-22,16.6,12.2,21.8,10623,3.5,1.41,2.1
2020-05-23,13.9,8.0,17.7,12879,4.4,1.07,2.8
2020-05-24,11.8,7.5,17.1,16705,8.3,1.03,3.5
2020-05-25,12.2,9.3,14.7,10084,0.1,1.14,3.1
2020-05-26,13.6,6.5,20.7,21890,0.0,1.01,1.6
2020-05-27,15.6,7.5,22.2,20887,0.0,1.1,1.9
2020-05-28,13.9,8.1,19.9,26038,0.0,1.11,2.7
2020-05-29,13.8,4.7,21.2,22803,0.0,0.93,2.1
2020-05-30,14.0,6.6,21.3,17856,0.0,1.02,2.5
2020-05-31,15.3,8.7,22.3,27080,0.0,1.16,2.7
2020-06-01,16.5,7.0,24.3,30927,0.0,1.09,2.4
2020-06-02,18.6,7.2,27.3,30176,0.0,1.14,1.7
2020-06-03,18.3,9.8,27.2,22714,0.1,1.3,1.9
2020-06-04,15.2,12.0,19.9,12083,12.2,1.38,2.2
2020-06-05,12.2,8.4,17.8,15397,3.2,1.1,3.4
2020-06-06,11.2,7.0,17.5,21740,1.8,1.01,3.2
2020-06-07,14.3,7.8,20.3,20182,0.0,1.08,2.3
2020-06-08,14.0,6.8,19.5,21125,0.0,1.01,1.5
2020-06-09,16.2,9.6,22.0,21671,0.0,1.23,1.9
2020-06-10,16.4,11.4,21.2,20896,5.0,1.35,2.1
2020-06-11,15.8,13.0,19.5,10624,1.3,1.47,2.0
2020-06-12,18.9,14.3,26.2,20529,1.4,1.66,2.5
2020-06-13,19.0,15.8,26.5,16054,8.5,1.81,2.4
2020-06-14,18.7,14.3,25.2,16063,0.0,1.64,2.7
2020-06-15,19.0,11.4,25.3,29398,0.0,1.39,2.0
2020-06-16,19.8,12.0,26.7,30592,0.0,1.47,1.4
2020-06-17,21.2,10.9,28.4,30728,0.0,1.4,1.7
2020-06-18,19.3,14.4,26.2,14631,3.4,1.66,2.2
2020-06-19,17.5,15.1,20.4,12784,3.6,1.67,2.3
2020-06-20,17.1,15.0,19.9,10409,2.4,1.65,2.5
2020-06-21,18.5,13.2,24.4,23995,0.0,1.53,2.0
2020-06-22,18.4,12.0,25.1,24254,0.0,1.45,2.2
2020-06-23,17.4,9.5,24.9,31104,0.0,1.26,1.8
2020-06-24,19.5,8.6,26.2,27797,0.0,1.22,2.1
2020-06-25,21.8,14.8,27.9,21722,0.0,1.74,2.4
2020-06-26,23.2,16.5,30.5,26849,0.0,1.94,2.0
2020-06-27,23.7,15.7,31.1,22749,0.0,1.86,2.1
2020-06-28,20.0,13.6,25.9,13382,0.9,1.59,2.5
2020-06-29,17.7,11.3,25.1,21662,0.1,1.38,2.5
2020-06-30,16.5,12.1,19.7,10852,0.1,1.39,3.5
2020-07-01,17.0,14.1,20.3,10572,3.9,1.58,2.8
2020-07-02,17.4,12.7,22.9,18705,6.9,1.47,2.3
2020-07-03,18.0,13.5,22.7,18682,0.0,1.55,2.4
2020-07-04,18.6,15.8,22.1,10908,0.6,1.76,3.3
2020-07-05,19.9,13.2,23.9,12986,1.1,1.52,4.0
2020-07-06,14.6,10.8,18.3,17420,3.3,1.27,4.0
2020-07-07,14.2,9.9,20.9,19226,3.5,1.24,2.5
2020-07-08,14.6,11.3,17.9,14871,1.5,1.31,2.0
2020-07-09,13.9,11.4,17.5,10129,11.4,1.32,2.1
2020-07-10,14.7,9.7,22.4,11931,1.8,1.23,2.9
2020-07-11,14.5,8.3,20.2,23527,0.0,1.13,2.2
2020-07-12,14.1,7.2,20.5,20350,0.0,1.05,1.9
2020-07-13,16.4,7.5,23.3,27088,0.0,1.11,1.6
2020-07-14,18.7,11.6,26.8,21175,5.9,1.44,1.7
2020-07-15,15.4,13.3,19.7,11369,1.8,1.49,1.7
2020-07-16,15.9,12.3,20.6,13930,0.0,1.41,1.7
2020-07-17,17.6,10.4,23.9,16094,0.0,1.31,1.5
2020-07-18,19.5,10.0,27.2,23438,0.0,1.33,1.3
2020-07-19,22.2,13.1,29.1,19884,2.8,1.61,1.5
2020-07-20,17.1,9.7,22.1,17630,5.3,1.24,2.2
2020-07-21,15.0,7.5,22.2,24033,0.0,1.1,2.1
2020-07-22,15.2,7.2,21.0,19455,0.0,1.05,1.8
2020-07-23,17.9,11.4,24.1,22741,0.0,1.39,1.6
2020-07-24,19.2,14.9,24.7,15990,0.0,1.68,2.4
2020-07-25,19.8,15.4,25.9,15034,1.9,1.76,1.9
2020-07-26,18.1,13.3,22.7,14848,8.7,1.52,2.5
2020-07-27,18.2,11.2,24.5,16066,1.5,1.37,1.9
2020-07-28,19.3,13.3,24.6,18172,0.0,1.55,3.3
2020-07-29,16.6,10.8,21.1,16065,0.0,1.31,2.8
2020-07-30,16.0,10.0,22.1,21462,0.0,1.24,1.8
2020-07-31,18.9,9.9,27.2,26453,0.0,1.33,1.6
2020-08-01,21.8,13.7,29.8,20287,4.0,1.67,2.0
2020-08-02,18.3,14.5,22.6,11497,19.6,1.63,1.9
2020-08-03,16.7,11.2,22.1,19240,0.0,1.34,1.9
2020-08-04,15.5,9.2,21.9,16770,0.0,1.19,1.8
2020-08-05,19.1,9.3,28.1,24708,0.0,1.29,1.9
2020-08-06,21.8,13.5,30.1,26105,0.0,1.66,1.7
2020-08-07,24.3,15.4,32.1,25871,0.0,1.86,1.6
2020-08-08,26.2,16.7,34.3,24643,0.0,2.05,1.4
2020-08-09,26.3,18.5,33.7,20569,0.0,2.21,1.7
2020-08-10,25.2,19.4,33.4,21210,6.9,2.33,2.0
2020-08-11,25.1,18.7,31.6,25413,0.0,2.21,2.3
2020-08-12,24.1,16.3,31.0,25048,0.0,1.94,2.3
2020-08-13,24.2,15.6,31.7,20157,0.0,1.87,2.0
2020-08-14,23.8,17.9,30.8,14445,5.3,2.11,1.7
2020-08-15,24.1,16.3,30.9,23582,0.0,1.93,1.4
2020-08-16,24.5,16.9,31.0,23941,0.0,1.99,1.8
2020-08-17,22.7,16.3,31.4,21161,8.6,1.93,1.8
2020-08-18,19.6,16.8,24.7,11079,8.9,1.88,1.8
2020-08-19,20.0,13.8,26.4,19483,0.0,1.61,1.5
2020-08-20,22.9,16.3,30.3,14722,0.0,1.91,1.9
2020-08-21,23.3,18.2,30.1,10710,0.0,2.13,2.2
2020-08-22,21.6,15.9,26.8,15345,1.7,1.81,2.7
2020-08-23,18.5,14.5,23.8,16296,0.0,1.63,3.0
2020-08-24,15.4,12.4,21.3,9985,8.7,1.43,2.3
2020-08-25,16.3,11.9,21.2,13275,6.8,1.39,2.2
2020-08-26,15.5,13.5,17.2,7497,8.8,1.49,5.1
2020-08-27,15.5,11.1,19.6,12262,0.2,1.31,2.7
2020-08-28,16.0,12.2,22.2,9754,1.4,1.41,2.4
2020-08-29,16.4,10.9,22.3,16850,0.0,1.32,2.1
2020-08-30,17.0,8.9,23.6,16949,0.0,1.2,1.8
2020-08-31,16.2,11.6,21.8,11742,1.3,1.37,1.8
2020-09-01,15.2,8.6,20.9,16911,0.0,1.15,1.7
2020-09-02,14.3,8.3,20.7,10196,1.2,1.11,1.5
2020-09-03,14.8,6.9,22.5,13758,6.3,1.06,2.2
2020-09-04,17.9,13.5,22.8,14079,0.4,1.53,2.3
2020-09-05,14.3,11.8,18.6,8479,9.7,1.36,2.3
2020-09-06,13.3,9.5,18.5,15355,1.2,1.18,1.9
2020-09-07,14.1,10.7,19.2,12516,0.0,1.28,1.7
2020-09-08,16.2,11.3,20.3,8745,0.0,1.34,2.4
2020-09-09,17.5,12.0,23.1,8117,3.0,1.42,2.4
2020-09-10,14.1,10.7,19.3,14385,0.0,1.27,1.8
2020-09-11,14.8,9.8,21.0,10776,0.0,1.22,1.4
2020-09-12,15.7,8.5,23.6,17560,0.0,1.17,2.1
2020-09-13,16.2,9.9,23.1,16879,0.0,1.25,1.9
2020-09-14,19.0,10.6,28.4,17749,0.0,1.39,1.5
2020-09-15,21.0,14.2,29.7,16763,0.0,1.71,1.3
2020-09-16,19.3,13.1,28.0,15891,0.0,1.59,1.9
2020-09-17,12.6,5.3,18.7,17040,0.0,0.93,2.7
2020-09-18,10.5,1.8,19.4,16971,0.0,0.77,2.2
2020-09-19,12.4,3.1,20.6,14423,0.0,0.83,1.8
2020-09-20,13.7,4.9,23.0,16530,0.0,0.96,1.7
2020-09-21,14.3,5.0,23.8,16261,0.0,0.97,1.2
2020-09-22,15.9,7.7,25.5,15800,0.0,1.14,1.2
2020-09-23,16.1,8.9,24.6,13142,0.0,1.21,1.9
2020-09-24,15.5,11.0,20.1,9485,17.7,1.3,2.8
2020-09-25,12.3,6.6,17.0,7112,0.3,0.98,2.6
2020-09-26,9.9,7.3,14.2,5059,22.1,1.0,3.0
2020-09-27,10.1,9.2,11.4,4981,3.0,1.12,2.1
2020-09-28,12.1,6.8,16.8,9110,0.0,0.99,1.5
2020-09-29,10.9,4.0,18.8,11619,0.0,0.87,1.6
2020-09-30,11.5,5.5,18.4,14078,0.0,0.94,1.4
2020-10-01,13.1,6.7,18.2,12667,0.0,1.0,2.0
2020-10-02,13.8,11.1,17.1,4774,0.0,1.29,2.9
2020-10-03,16.2,12.4,20.4,7395,0.0,1.42,3.3
2020-10-04,12.5,7.2,18.4,8842,0.0,1.03,2.9
2020-10-05,10.2,7.1,13.8,4458,4.6,0.98,2.7
2020-10-06,11.4,7.2,16.7,5481,1.1,1.02,3.5
2020-10-07,12.0,8.8,15.9,6313,2.6,1.12,3.2
2020-10-08,11.7,8.3,14.3,4484,12.1,1.06,3.5
2020-10-09,11.8,7.6,15.5,5062,0.5,1.02,2.2
2020-10-10,9.6,4.2,13.8,8536,0.9,0.83,2.6
2020-10-11,8.5,4.9,12.6,6737,1.5,0.86,2.0
2020-10-12,9.4,6.3,13.6,6477,0.0,0.94,1.6
2020-10-13,8.6,4.4,13.3,5754,0.0,0.83,1.6
2020-10-14,9.6,8.1,10.8,3731,3.4,1.05,3.4
2020-10-15,9.3,7.6,11.4,3663,0.0,1.0,2.7
2020-10-16,9.2,6.0,11.6,4125,0.0,0.91,2.1
2020-10-17,8.1,3.2,11.4,6141,0.0,0.76,1.4
2020-10-18,7.9,3.6,11.4,6193,0.5,0.78,2.3
2020-10-19,8.0,4.8,12.1,4711,0.0,0.84,1.7
2020-10-20,8.4,4.3,11.7,3984,5.7,0.82,2.4
2020-10-21,12.3,10.4,15.2,3274,0.8,1.23,2.9
2020-10-22,15.6,11.5,19.0,6232,10.2,1.33,3.0
2020-10-23,11.2,7.9,13.6,3706,2.8,1.04,2.0
2020-10-24,12.8,9.9,14.7,3776,0.0,1.19,2.8
2020-10-25,13.2,9.9,16.8,4791,2.8,1.19,2.8
2020-10-26,10.1,7.3,11.7,2973,4.0,1.0,2.4
2020-10-27,9.2,5.3,13.5,4566,0.1,0.88,3.1
2020-10-28,10.6,6.9,15.1,4945,4.3,0.99,3.4
2020-10-29,9.5,6.9,11.9,3963,5.9,0.97,3.5
2020-10-30,11.9,7.6,13.7,2750,10.0,1.02,3.3
2020-10-31,13.7,10.6,15.0,2696,1.4,1.24,2.2
2020-11-01,13.2,11.2,15.5,2706,4.5,1.28,2.9
2020-11-02,16.8,13.2,20.4,2654,2.1,1.49,4.0
2020-11-03,9.7,5.8,12.6,5261,0.0,0.9,2.7
2020-11-04,7.0,3.5,11.6,6608,0.0,0.77,2.3
2020-11-05,7.0,2.3,11.4,5036,0.0,0.72,2.2
2020-11-06,9.4,8.9,10.4,2398,0.1,1.09,1.8
2020-11-07,7.2,2.8,11.2,5739,0.0,0.74,1.7
2020-11-08,5.3,0.4,11.9,6672,0.0,0.65,1.4
2020-11-09,5.5,5.4,6.0,2263,0.0,0.86,1.8
2020-11-10,5.4,5.2,5.8,2220,0.0,0.85,1.8
2020-11-11,5.0,2.7,6.3,2179,0.0,0.71,1.6
2020-11-12,7.8,6.3,11.1,3433,2.2,0.92,2.3
2020-11-13,8.1,5.4,12.2,4017,0.2,0.88,2.0
2020-11-14,11.0,8.7,13.7,2060,0.1,1.09,2.0
2020-11-15,11.0,8.8,15.0,4884,2.4,1.11,3.1
2020-11-16,9.9,6.3,12.3,3529,0.0,0.93,3.5
2020-11-17,10.2,7.5,11.4,1952,2.1,1.0,3.0
2020-11-18,10.4,8.1,12.9,1918,0.3,1.05,2.7
2020-11-19,8.3,3.2,12.1,2629,0.4,0.76,4.0
2020-11-20,2.7,-0.6,7.1,5142,0.0,0.57,2.2
2020-11-21,4.3,-0.4,7.9,1822,0.6,0.59,3.0
2020-11-22,7.7,3.8,11.0,2033,0.7,0.79,2.8
2020-11-23,4.9,2.3,9.0,4045,0.0,0.71,2.4
2020-11-24,4.8,1.3,8.2,1784,0.0,0.66,2.4
2020-11-25,1.5,-0.1,2.8,1710,0.0,0.58,2.2
2020-11-26,5.4,-0.4,8.4,1685,0.4,0.59,1.9
2020-11-27,3.3,2.1,5.7,2026,0.1,0.68,1.4
2020-11-28,2.0,-0.8,3.5,1638,0.0,0.56,1.8
2020-11-29,1.8,-1.3,5.0,1795,0.1,0.54,1.8
2020-11-30,2.1,1.9,2.7,1595,1.1,0.67,2.1
2020-12-01,2.5,1.8,3.2,1575,0.1,0.67,2.0
2020-12-02,0.2,-2.6,2.6,2344,0.0,0.49,1.8
2020-12-03,-0.5,-2.6,1.1,1539,0.0,0.48,3.0
2020-12-04,0.5,-1.0,2.6,1522,0.0,0.55,3.0
2020-12-05,1.4,-0.3,2.6,2277,0.0,0.57,2.0
2020-12-06,4.2,2.1,6.6,1620,0.0,0.69,1.9
2020-12-07,6.4,4.7,7.9,1479,0.0,0.83,2.4
2020-12-08,3.7,1.2,6.4,3149,0.2,0.65,1.8
2020-12-09,2.2,1.9,2.6,1455,1.0,0.68,1.8
2020-12-10,0.6,-0.1,1.9,1445,0.1,0.58,1.6
2020-12-11,0.4,-0.1,1.6,1435,0.0,0.58,2.8
2020-12-12,1.8,1.1,2.9,1799,0.0,0.64,2.2
2020-12-13,2.7,1.9,3.7,1420,0.2,0.67,1.8
2020-12-14,5.3,2.9,7.3,1414,0.4,0.73,2.6
2020-12-15,6.0,4.1,8.1,1450,2.8,0.79,2.2
2020-12-16,6.2,3.2,8.1,1568,0.1,0.75,1.9
2020-12-17,6.6,4.3,9.0,1524,1.5,0.8,2.6
2020-12-18,5.5,1.6,9.0,3440,0.0,0.68,2.3
2020-12-19,3.5,0.6,7.3,3683,0.0,0.62,2.7
2020-12-20,4.3,3.1,5.3,1399,2.0,0.74,2.3
2020-12-21,4.6,2.4,7.9,3441,11.3,0.71,2.7
2020-12-22,8.5,5.4,13.0,1403,2.8,0.89,3.8
2020-12-23,6.0,2.3,10.1,1447,19.3,0.71,2.2
2020-12-24,4.7,1.6,10.2,1410,3.1,0.69,3.4
2020-12-25,1.1,-3.1,3.2,1827,0.1,0.48,2.4
2020-12-26,0.9,-4.0,3.6,1422,0.0,0.45,3.0
2020-12-27,2.2,0.8,3.4,1429,1.2,0.62,5.0
2020-12-28,2.7,0.8,4.5,2102,5.9,0.63,2.6
2020-12-29,2.1,0.3,4.2,2115,0.0,0.6,2.6
2020-12-30,2.8,-0.1,5.3,3387,0.0,0.59,2.7
2020-12-31,1.9,-0.1,3.6,1849,0.1,0.59,2.4
2021-01-01,1.0,-2.3,3.0,1470,0.2,0.5,1.4
2021-01-02,2.8,0.7,5.0,1525,0.2,0.62,1.6
2021-01-03,2.4,1.6,2.7,1496,3.4,0.66,2.6
2021-01-04,1.7,0.6,2.8,1511,4.7,0.62,2.6
2021-01-05,2.7,0.7,3.6,1527,1.2,0.62,2.6
2021-01-06,1.2,0.0,2.9,1544,2.7,0.59,2.2
2021-01-07,0.7,0.0,1.0,1562,1.4,0.58,2.1
2021-01-08,0.9,0.0,1.4,1581,1.9,0.59,2.1
2021-01-09,1.2,0.0,1.9,1646,0.4,0.58,1.6
2021-01-10,0.5,-1.2,2.3,1622,0.8,0.54,1.9
2021-01-11,2.2,1.0,3.1,1645,6.1,0.63,3.2
2021-01-12,2.8,0.3,4.1,2632,4.8,0.61,4.0
2021-01-13,1.5,-0.2,4.2,1693,4.3,0.58,4.2
2021-01-14,1.2,-0.2,2.2,1765,0.1,0.58,2.9
2021-01-15,-0.6,-2.5,0.4,1745,0.2,0.49,2.2
2021-01-16,-2.3,-6.1,0.1,1821,0.0,0.38,2.1
2021-01-17,-3.9,-7.2,-0.7,5472,0.3,0.35,1.6
2021-01-18,0.8,-2.9,3.7,1832,3.4,0.48,2.9
2021-01-19,3.5,0.4,7.8,1863,13.5,0.62,3.8
2021-01-20,7.0,4.6,9.1,1896,0.0,0.82,3.6
2021-01-21,7.1,5.1,10.0,3394,1.4,0.85,4.4
2021-01-22,5.1,-0.9,10.4,1964,0.6,0.59,3.5
2021-01-23,0.3,-1.4,3.8,2051,0.0,0.53,2.1
2021-01-24,0.9,-1.3,3.0,2036,1.5,0.54,2.4
2021-01-25,0.6,-1.9,1.3,2074,0.0,0.51,1.8
2021-01-26,-0.5,-4.7,2.7,3240,0.0,0.42,3.0
2021-01-27,1.7,-2.4,4.9,3077,0.9,0.5,2.5
2021-01-28,1.0,-2.6,3.7,2415,0.0,0.49,2.6
2021-01-29,-1.1,-2.4,0.0,2237,1.8,0.49,3.5
2021-01-30,-1.6,-8.2,2.3,4537,0.1,0.34,2.6
2021-01-31,-6.0,-11.0,0.2,4382,0.0,0.27,2.1
2021-02-01,-2.6,-6.3,-0.4,2371,0.3,0.37,2.2
2021-02-02,-0.3,-1.5,0.7,2417,3.4,0.52,2.3
2021-02-03,1.1,0.1,2.2,2465,17.1,0.59,3.3
2021-02-04,0.6,0.2,0.8,2574,0.5,0.6,2.8
2021-02-05,0.5,-0.7,0.8,2564,0.0,0.56,2.4
2021-02-06,-1.1,-3.2,0.0,2985,0.0,0.46,3.9
2021-02-07,-4.3,-5.6,-3.5,2667,0.0,0.38,4.8
2021-02-08,-6.0,-8.7,-4.4,2720,2.0,0.31,3.6
2021-02-09,-7.3,-9.1,-5.2,3352,0.0,0.3,1.9
2021-02-10,-4.6,-8.5,-0.3,4843,0.0,0.32,2.3
2021-02-11,-4.2,-7.4,-0.8,6636,0.0,0.34,1.8
2021-02-12,-5.7,-12.2,-0.9,8673,0.0,0.25,2.3
2021-02-13,-7.8,-14.4,-0.3,8872,0.0,0.22,2.1
2021-02-14,-7.5,-13.6,-0.9,9074,0.0,0.22,2.0
2021-02-15,-3.5,-8.4,-0.2,3121,7.9,0.32,2.7
2021-02-16,2.1,0.2,4.7,3182,1.5,0.6,2.2
2021-02-17,4.7,1.7,7.6,3244,1.3,0.68,2.9
2021-02-18,5.8,1.9,9.5,5964,6.1,0.69,2.5
2021-02-19,5.3,0.5,9.7,5843,0.0,0.63,2.5
2021-02-20,6.6,1.8,12.6,6968,0.0,0.7,2.2
2021-02-21,8.8,1.9,17.6,10354,0.0,0.75,2.2
2021-02-22,7.1,1.3,15.0,10427,0.0,0.7,2.0
2021-02-23,10.0,3.3,18.0,6534,0.0,0.82,2.0
2021-02-24,10.7,4.2,18.8,10418,0.0,0.87,2.2
2021-02-25,10.2,3.6,18.2,9941,1.6,0.84,2.1
2021-02-26,7.3,3.7,10.7,7317,0.0,0.78,2.4
2021-02-27,4.3,-0.4,6.7,4071,0.0,0.58,2.3
2021-02-28,3.9,-0.7,6.6,4306,0.0,0.57,2.0
2021-03-01,3.6,-2.0,6.4,6670,0.0,0.52,1.6
2021-03-02,0.4,-2.5,7.1,11894,0.0,0.51,1.4
2021-03-03,5.0,-2.7,14.4,10633,0.0,0.55,1.6
2021-03-04,3.2,0.2,4.8,4274,0.0,0.6,2.4
2021-03-05,0.7,-4.4,6.8,12713,0.0,0.45,2.4
2021-03-06,1.0,-4.8,4.7,4596,0.0,0.43,2.3
2021-03-07,3.0,0.2,6.3,5022,0.5,0.61,2.5
2021-03-08,0.8,-4.7,6.6,13293,0.0,0.44,1.6
2021-03-09,2.4,-1.2,6.8,9099,0.0,0.56,1.6
2021-03-10,3.6,-2.5,7.7,11647,6.8,0.51,2.2
2021-03-11,7.0,3.8,12.7,5441,9.1,0.79,5.2
2021-03-12,6.7,4.3,10.6,5983,3.1,0.81,5.0
2021-03-13,5.8,2.7,9.7,5517,9.6,0.73,5.4
2021-03-14,5.0,3.2,8.4,7375,0.5,0.75,4.2
2021-03-15,4.7,2.6,8.2,5402,4.2,0.72,3.6
2021-03-16,4.5,0.4,9.2,11572,2.4,0.63,3.2
2021-03-17,2.5,-1.9,8.2,7966,0.2,0.53,2.0
2021-03-18,0.9,-2.7,4.8,8167,0.5,0.5,1.6
2021-03-19,0.0,-4.5,4.7,7783,0.1,0.44,2.5
2021-03-20,1.0,-4.4,4.7,5518,0.2,0.44,2.4
2021-03-21,6.0,1.5,11.2,9673,0.1,0.68,3.7
2021-03-22,5.4,0.8,10.7,14596,0.5,0.65,2.4
2021-03-23,5.5,3.9,7.6,5760,0.1,0.78,2.0
2021-03-24,7.4,2.6,13.6,9099,0.0,0.75,1.8
2021-03-25,7.6,0.9,14.4,12489,0.0,0.68,1.7
2021-03-26,10.1,5.1,16.4,15103,0.2,0.89,2.2
2021-03-27,5.6,2.6,9.3,8271,3.4,0.73,4.0
2021-03-28,7.2,0.5,11.7,8473,1.1,0.64,3.1
2021-03-29,13.5,6.9,20.3,12378,0.0,1.03,2.9
2021-03-30,12.5,4.8,22.0,18466,0.0,0.93,1.7
2021-03-31,13.0,2.2,24.6,18631,0.1,0.84,1.3
2021-04-01,8.7,5.2,15.5,7458,0.1,0.89,2.5
2021-04-02,4.7,-0.8,7.5,9501,1.3,0.57,3.1
2021-04-03,4.6,-1.5,10.5,19010,0.0,0.56,2.8
2021-04-04,3.6,-3.1,7.3,9699,0.7,0.49,2.5
2021-04-05,3.1,-0.7,5.7,11903,1.3,0.57,4.8
2021-04-06,1.0,-1.5,5.2,13909,2.7,0.54,4.0
2021-04-07,1.8,-0.4,5.3,7412,1.9,0.58,4.3
2021-04-08,3.7,0.8,7.0,10653,0.0,0.63,3.5
2021-04-09,6.8,1.5,12.9,11773,0.1,0.69,3.0
2021-04-10,6.4,3.4,10.3,11192,3.7,0.76,2.0
2021-04-11,7.4,3.7,13.3,8538,4.4,0.8,3.0
2021-04-12,4.5,0.8,9.4,13696,0.1,0.64,2.7
2021-04-13,4.3,0.1,10.2,16936,1.4,0.62,2.6
2021-04-14,3.5,-1.6,9.6,15079,0.0,0.56,2.1
2021-04-15,4.1,-3.2,10.0,12147,0.0,0.5,2.3
2021-04-16,7.2,4.5,11.8,20716,0.2,0.82,2.4
2021-04-17,8.8,4.7,14.3,11631,0.5,0.86,2.1
2021-04-18,6.7,2.7,10.4,8160,1.6,0.73,1.6
2021-04-19,8.7,2.5,17.1,16941,0.0,0.78,1.7
2021-04-20,9.4,0.9,18.4,24001,0.0,0.72,1.6
2021-04-21,8.0,0.4,17.0,19328,0.0,0.68,2.6
2021-04-22,7.3,3.3,12.1,13527,0.0,0.77,3.6
2021-04-23,8.4,2.3,15.0,20288,0.0,0.74,2.6
2021-04-24,6.7,0.7,13.6,18578,0.0,0.67,2.3
2021-04-25,4.8,-1.4,11.8,19052,0.0,0.57,2.4
2021-04-26,4.0,-3.3,11.0,19036,0.0,0.51,2.1
2021-04-27,6.4,-3.0,13.3,25785,0.0,0.53,2.5
2021-04-28,11.2,2.7,17.9,22330,1.3,0.78,2.2
2021-04-29,8.5,6.8,11.2,8816,6.4,0.96,3.0
2021-04-30,7.8,3.2,11.1,9503,0.0,0.76,1.9
2021-05-01,8.0,1.3,14.3,11688,1.2,0.7,1.7
2021-05-02,7.8,5.2,12.5,8885,0.9,0.88,2.7
2021-05-03,6.5,3.0,10.9,14714,0.1,0.75,2.8
2021-05-04,9.2,5.2,12.9,9763,1.9,0.88,5.1
2021-05-05,8.0,5.1,11.4,9699,0.5,0.86,5.1
2021-05-06,7.2,1.5,12.6,21764,2.5,0.7,3.1
2021-05-07,6.2,1.6,10.4,15267,1.4,0.68,3.0
2021-05-08,8.9,0.1,14.7,20798,0.3,0.65,2.4
2021-05-09,18.9,10.2,25.9,24699,0.0,1.31,3.0
2021-05-10,20.6,14.2,29.4,22492,1.1,1.69,2.6
2021-05-11,15.3,11.0,20.1,13245,4.0,1.3,2.3
2021-05-12,12.0,10.7,13.7,9336,2.9,1.24,2.5
2021-05-13,10.9,10.2,11.6,9387,14.7,1.2,2.2
2021-05-14,8.8,7.0,9.8,9438,3.4,0.96,2.2
2021-05-15,10.7,5.6,15.8,15926,2.0,0.92,2.3
2021-05-16,11.9,8.5,16.9,16243,4.5,1.09,2.4
2021-05-17,12.2,8.5,16.9,17981,0.1,1.09,2.6
2021-05-18,11.6,6.3,16.2,11441,0.0,0.95,2.5
2021-05-19,10.9,4.5,17.5,22891,0.0,0.87,2.2
2021-05-20,11.9,6.0,17.0,20358,1.0,0.95,2.3
2021-05-21,12.0,7.6,18.1,18336,2.9,1.05,3.6
2021-05-22,11.4,6.7,15.6,16176,0.9,0.98,4.2
2021-05-23,11.4,7.6,15.9,16745,0.1,1.04,3.0
2021-05-24,15.1,6.8,21.1,23572,0.4,1.03,2.7
2021-05-25,11.5,9.3,16.3,14747,3.8,1.15,3.7
2021-05-26,11.5,8.9,16.8,14919,3.1,1.13,3.4
2021-05-27,11.4,8.3,15.0,11034,1.8,1.08,3.1
2021-05-28,11.6,6.7,16.7,22065,1.4,0.98,2.1
2021-05-29,10.8,4.1,17.5,21321,0.0,0.85,2.1
2021-05-30,14.4,5.2,21.9,25425,0.0,0.95,2.1
2021-05-31,15.1,4.1,22.8,30977,0.0,0.92,1.8
2021-06-01,16.4,8.1,23.8,19858,0.0,1.15,1.9
2021-06-02,17.4,11.1,23.7,25015,0.2,1.36,2.2
2021-06-03,20.7,15.2,26.6,24655,0.2,1.75,2.0
2021-06-04,21.3,15.3,27.9,24424,0.0,1.79,1.6
2021-06-05,21.1,13.3,28.5,26427,0.0,1.6,1.9
2021-06-06,19.2,14.5,26.2,20926,0.0,1.67,1.9
2021-06-07,19.7,14.4,26.3,27009,0.0,1.67,1.8
2021-06-08,19.3,11.0,25.2,18337,0.0,1.38,1.6
2021-06-09,20.0,8.5,27.6,28242,0.0,1.22,1.4
2021-06-10,20.7,12.3,27.4,28394,0.0,1.5,1.5
2021-06-11,21.2,12.5,28.1,23270,0.0,1.52,1.7
2021-06-12,17.2,11.2,21.0,17614,6.4,1.34,3.2
2021-06-13,14.9,9.3,20.9,19869,0.0,1.18,2.7
2021-06-14,18.8,7.4,28.0,29116,0.0,1.15,1.8
2021-06-15,17.9,11.3,23.8,22265,0.0,1.37,1.7
2021-06-16,20.2,8.1,27.7,29926,0.0,1.2,1.7
2021-06-17,25.9,17.6,34.3,29800,0.0,2.15,2.1
2021-06-18,27.1,18.1,35.5,30596,0.0,2.2,1.8
2021-06-19,27.2,20.9,33.7,28091,0.0,2.5,1.9
2021-06-20,24.4,19.7,29.9,21889,18.9,2.28,2.4
2021-06-21,20.7,14.9,27.4,20172,0.1,1.74,2.7
2021-06-22,15.9,11.1,20.0,13573,0.0,1.32,2.3
2021-06-23,16.3,9.0,22.7,20297,0.1,1.19,1.8
2021-06-24,17.5,13.0,20.9,10399,0.0,1.47,1.6
2021-06-25,17.1,11.8,22.8,20809,0.0,1.39,1.6
2021-06-26,18.5,9.9,25.9,25149,0.0,1.3,1.3
2021-06-27,19.8,11.2,26.8,23554,0.0,1.41,1.6
2021-06-28,23.2,14.1,30.3,25252,0.0,1.72,1.8
2021-06-29,20.5,17.1,24.2,14304,2.3,1.91,1.9
2021-06-30,17.3,15.1,19.8,10998,35.9,1.67,2.6
2021-07-01,16.0,14.1,18.7,10457,4.4,1.56,2.8
2021-07-02,18.4,13.4,23.9,16491,0.0,1.55,2.1
2021-07-03,17.9,11.6,24.4,24227,0.0,1.39,1.5
2021-07-04,20.8,11.7,27.3,29850,0.0,1.45,1.6
2021-07-05,18.5,14.8,24.2,18131,1.5,1.67,2.0
2021-07-06,20.9,15.6,28.1,18761,2.3,1.81,2.7
2021-07-07,19.9,16.1,24.7,18601,0.0,1.8,1.7
2021-07-08,19.3,13.4,23.9,12804,0.0,1.55,1.5
2021-07-09,16.4,12.7,20.4,10156,13.7,1.45,2.3
2021-07-10,18.7,14.6,24.2,17327,0.0,1.66,1.9
2021-07-11,22.3,15.0,28.2,24091,0.0,1.74,1.8
2021-07-12,22.7,17.0,27.4,23657,0.0,1.96,1.8
2021-07-13,23.8,17.9,28.9,21003,3.0,2.05,2.0
2021-07-14,21.6,15.8,25.0,20829,0.0,1.79,2.2
2021-07-15,21.8,14.5,28.8,25474,0.0,1.71,1.7
2021-07-16,22.4,18.8,28.1,22949,0.0,2.15,2.1
2021-07-17,23.3,17.0,28.6,25368,0.0,1.96,2.7
2021-07-18,20.7,14.6,27.0,24533,0.0,1.7,2.6
2021-07-19,16.8,11.8,20.2,10602,0.2,1.37,2.2
2021-07-20,17.5,12.5,22.8,13280,0.1,1.46,1.8
2021-07-21,17.8,13.3,21.4,11423,0.9,1.51,1.7
2021-07-22,17.3,11.9,22.9,17318,0.0,1.4,1.5
2021-07-23,15.7,9.2,21.4,18681,0.0,1.19,1.3
2021-07-24,21.7,9.4,29.3,24157,0.5,1.31,2.0
2021-07-25,23.2,18.4,29.9,17147,0.1,2.15,1.8
2021-07-26,22.0,17.0,29.9,16574,3.5,1.97,1.6
2021-07-27,21.3,16.0,26.8,21379,0.0,1.82,2.0
2021-07-28,20.4,16.9,24.9,18495,0.3,1.9,2.5
2021-07-29,18.3,13.7,23.3,16641,0.1,1.57,3.4
2021-07-30,19.5,11.9,25.1,25488,1.2,1.44,2.5
2021-07-31,17.8,13.8,21.3,16506,3.5,1.56,3.3
2021-08-01,17.7,14.8,23.3,13267,3.8,1.66,2.2
2021-08-02,16.1,12.6,20.1,15227,0.2,1.43,2.4
2021-08-03,17.3,10.0,22.8,17429,3.0,1.26,1.5
2021-08-04,19.1,15.0,24.0,15589,0.7,1.69,1.4
2021-08-05,19.3,13.8,25.3,21668,3.1,1.61,1.7
2021-08-06,18.3,12.6,25.2,20825,1.4,1.49,2.4
2021-08-07,18.9,13.3,25.0,19359,1.0,1.55,2.2
2021-08-08,17.5,14.0,22.0,12417,0.1,1.57,3.1
2021-08-09,16.9,12.1,22.6,15202,5.4,1.41,2.3
2021-08-10,15.8,11.5,23.1,13633,2.9,1.38,2.0
2021-08-11,16.9,10.9,23.4,15901,0.0,1.34,1.5
2021-08-12,20.1,11.3,27.1,23444,0.0,1.43,1.3
2021-08-13,22.0,14.8,29.0,20877,0.0,1.74,2.0
2021-08-14,19.3,12.5,25.9,16367,0.0,1.49,2.1
2021-08-15,19.5,12.9,26.3,12739,2.3,1.55,1.8
2021-08-16,15.7,11.9,20.5,9136,3.8,1.39,3.5
2021-08-17,14.6,12.6,17.2,8943,2.6,1.42,3.8
2021-08-18,16.1,12.7,18.3,8871,0.2,1.43,3.2
2021-08-19,16.6,15.2,19.5,8799,4.6,1.68,2.6
2021-08-20,15.6,11.9,20.3,9442,5.3,1.38,1.7
2021-08-21,16.9,11.3,22.0,18650,0.0,1.35,1.3
2021-08-22,16.7,15.2,18.9,8221,7.4,1.66,2.1
2021-08-23,17.3,10.3,22.5,21600,0.0,1.27,2.5
2021-08-24,15.1,8.5,21.9,21347,0.0,1.14,2.1
2021-08-25,14.5,7.8,20.3,10686,2.1,1.08,2.4
2021-08-26,14.3,12.4,19.0,10598,22.7,1.42,2.8
2021-08-27,14.5,12.0,18.8,10508,2.4,1.38,2.5
2021-08-28,15.1,12.3,18.9,8805,5.0,1.41,2.1
2021-08-29,15.8,14.1,18.1,7346,1.1,1.57,2.2
2021-08-30,16.3,11.7,19.3,9095,0.1,1.36,2.4
2021-08-31,15.6,10.4,21.7,18310,0.0,1.27,2.3
2021-09-01,16.3,10.3,22.8,15239,0.0,1.29,1.8
2021-09-02,14.6,9.1,19.9,7039,0.0,1.17,1.6
2021-09-03,14.9,7.7,22.7,17222,0.0,1.1,1.8
2021-09-04,13.8,9.6,18.6,12316,0.0,1.19,1.5
2021-09-05,12.9,8.1,18.7,11875,0.0,1.08,1.6
2021-09-06,14.6,6.8,21.7,15927,0.0,1.04,1.2
2021-09-07,15.5,9.4,22.4,15681,0.0,1.21,1.1
2021-09-08,16.9,9.6,24.2,20627,0.0,1.24,1.6
2021-09-09,19.5,13.0,26.5,20348,0.0,1.54,1.7
2021-09-10,19.7,15.1,25.6,9931,6.8,1.72,1.6
2021-09-11,18.5,14.7,22.5,8450,1.1,1.65,1.9
2021-09-12,17.7,12.4,21.6,10460,0.0,1.43,1.8
2021-09-13,14.3,9.3,17.8,6171,0.0,1.16,1.5
2021-09-14,15.6,8.2,21.5,15738,0.0,1.13,1.5
2021-09-15,17.5,14.6,20.3,6423,11.2,1.62,1.9
2021-09-16,16.7,15.0,18.6,8690,0.3,1.65,2.5
2021-09-17,14.1,12.7,15.7,6257,0.1,1.41,2.0
2021-09-18,14.1,10.3,17.4,5973,0.1,1.23,1.8
2021-09-19,12.8,10.4,15.4,5692,0.0,1.22,2.1
2021-09-20,12.4,10.1,16.5,6305,0.0,1.21,1.5
2021-09-21,11.9,8.0,14.5,6220,0.4,1.05,1.8
2021-09-22,13.1,8.9,18.2,10613,0.0,1.13,1.9
2021-09-23,13.9,9.8,17.3,5374,1.4,1.19,3.5
2021-09-24,14.5,10.1,17.4,7592,0.1,1.21,2.9
2021-09-25,16.8,13.0,20.5,7113,0.1,1.47,1.7
2021-09-26,18.4,12.8,24.3,11624,1.5,1.49,1.6
2021-09-27,18.0,15.7,21.5,5804,0.1,1.74,1.9
2021-09-28,14.7,9.3,19.1,12827,0.0,1.17,1.6
2021-09-29,11.7,9.0,16.5,6733,5.2,1.13,2.7
2021-09-30,11.8,9.6,16.1,9083,0.0,1.16,3.1
2021-10-01,12.9,8.4,18.6,11298,0.4,1.1,2.6
2021-10-02,13.5,9.3,17.9,6361,0.3,1.16,2.5
2021-10-03,17.3,15.3,19.3,4598,0.7,1.69,3.5
2021-10-04,13.2,9.8,16.6,4522,1.2,1.19,2.0
2021-10-05,10.9,10.0,11.9,4447,14.9,1.18,2.2
2021-10-06,11.8,7.0,17.2,10599,0.0,1.01,2.5
2021-10-07,9.3,3.8,16.6,12907,0.0,0.83,1.2
2021-10-08,9.3,3.4,16.0,5896,0.0,0.81,1.8
2021-10-09,8.2,3.1,15.2,12414,0.0,0.78,2.0
2021-10-10,6.9,1.7,13.8,11027,0.0,0.71,1.4
2021-10-11,9.1,3.2,15.8,7162,3.9,0.79,2.1
2021-10-12,7.7,1.6,12.4,8495,0.0,0.69,2.5
2021-10-13,6.9,1.0,13.0,9639,1.7,0.68,1.9
2021-10-14,11.7,9.3,14.6,3878,5.2,1.13,2.6
2021-10-15,10.7,4.2,12.9,5740,2.8,0.82,2.8
2021-10-16,8.6,4.1,11.6,5573,0.1,0.81,1.7
2021-10-17,9.1,7.4,11.1,3823,0.9,1.0,1.6
2021-10-18,11.0,8.4,15.2,5171,0.0,1.08,1.8
2021-10-19,12.5,8.2,15.6,3465,0.4,1.07,2.6
2021-10-20,16.0,12.8,19.4,4129,7.0,1.46,3.8
2021-10-21,11.0,5.9,15.5,3552,5.5,0.93,5.4
2021-10-22,6.8,5.2,9.4,3700,6.3,0.86,4.3
2021-10-23,7.7,4.5,11.2,7075,0.0,0.83,2.3
2021-10-24,7.4,3.8,12.2,9326,0.0,0.8,2.0
2021-10-25,6.9,1.0,13.2,7134,0.4,0.67,1.9
2021-10-26,11.0,8.8,13.8,3776,0.4,1.1,2.4
2021-10-27,13.2,11.3,14.7,2973,0.0,1.3,2.6
2021-10-28,10.4,6.3,15.5,8658,0.0,0.95,2.1
2021-10-29,8.7,4.0,15.2,8400,0.0,0.83,2.3
2021-10-30,9.3,5.6,12.6,5250,0.0,0.89,2.4
2021-10-31,12.8,9.4,15.4,4084,0.1,1.16,2.7
2021-11-01,10.3,7.3,12.5,2822,0.7,0.99,2.6
2021-11-02,8.0,4.7,12.3,5742,0.3,0.85,1.7
2021-11-03,6.7,3.7,9.2,4367,0.8,0.77,1.6
2021-11-04,7.4,6.2,8.4,2543,28.1,0.91,2.9
2021-11-05,8.4,6.6,10.8,3448,0.1,0.94,2.5
2021-11-06,8.7,7.2,9.7,2445,0.4,0.98,3.0
2021-11-07,9.1,7.6,11.4,3387,6.8,1.0,4.0
2021-11-08,8.9,7.9,11.6,2984,3.6,1.03,2.2
2021-11-09,7.9,4.1,11.3,4461,0.0,0.81,2.0
2021-11-10,4.8,0.8,9.9,5566,0.3,0.64,1.5
2021-11-11,7.7,4.2,9.5,2220,0.2,0.8,1.4
2021-11-12,7.2,3.3,8.9,2179,0.2,0.76,1.9
2021-11-13,5.6,3.2,7.5,2138,0.0,0.74,1.8
2021-11-14,6.7,6.2,7.1,2099,0.0,0.91,2.0
2021-11-15,6.1,5.4,6.6,2060,0.0,0.86,2.3
2021-11-16,4.9,4.2,5.2,2023,0.4,0.79,1.4
2021-11-17,5.3,3.6,7.1,1987,0.6,0.76,2.4
2021-11-18,8.1,4.2,10.4,1952,1.9,0.8,3.2
2021-11-19,11.9,10.5,13.2,1918,0.3,1.23,3.4
2021-11-20,10.6,8.9,11.9,1885,1.6,1.1,2.8
2021-11-21,7.2,2.4,9.5,2147,0.7,0.72,2.3
2021-11-22,2.3,-0.5,6.1,4881,0.1,0.57,2.2
2021-11-23,6.4,2.3,8.9,1841,0.4,0.71,2.2
2021-11-24,6.7,5.4,8.3,1764,0.3,0.87,1.9
2021-11-25,5.0,3.7,6.7,2160,0.0,0.76,2.1
2021-11-26,3.4,2.0,4.3,1710,3.6,0.68,2.7
2021-11-27,2.7,1.9,3.5,1685,2.1,0.68,2.3
2021-11-28,2.1,1.0,2.8,1661,0.4,0.63,1.4
2021-11-29,1.7,0.0,3.1,1909,1.5,0.59,2.4
2021-11-30,3.7,0.7,6.4,1706,7.1,0.63,5.1
2021-12-01,5.7,1.1,8.5,1595,2.1,0.66,5.2
2021-12-02,0.9,-2.8,3.8,3339,0.0,0.49,3.4
2021-12-03,0.8,-1.7,2.7,2081,1.6,0.52,3.7
2021-12-04,2.5,0.1,3.9,1539,5.5,0.6,2.7
2021-12-05,0.4,-0.2,0.9,1522,0.7,0.58,2.2
2021-12-06,-0.2,-2.4,1.4,2277,0.0,0.49,2.0
2021-12-07,-0.2,-1.2,0.7,1492,0.0,0.53,2.9
2021-12-08,0.5,-0.5,1.3,1479,0.5,0.57,2.9
2021-12-09,-0.7,-1.3,-0.1,1466,0.0,0.53,2.0
2021-12-10,0.3,-0.3,2.1,1455,0.0,0.58,1.9
2021-12-11,1.6,0.4,4.4,2569,0.4,0.61,2.0
2021-12-12,3.1,0.6,6.6,1435,4.1,0.62,2.5
2021-12-13,8.1,6.0,10.1,1427,0.4,0.9,1.8
2021-12-14,7.5,7.0,7.9,1461,0.3,0.96,1.9
2021-12-15,8.7,7.7,9.9,1414,0.0,1.01,2.1
2021-12-16,7.0,3.4,9.2,2925,0.0,0.76,1.9
2021-12-17,5.7,4.9,6.7,1405,0.6,0.83,2.0
2021-12-18,6.5,5.2,8.0,1402,0.2,0.85,2.3
2021-12-19,5.9,-1.5,8.0,1400,0.1,0.55,3.4
2021-12-20,-0.1,-3.0,3.8,4050,0.0,0.48,1.8
2021-12-21,-2.4,-5.4,0.0,1399,0.0,0.4,1.3
2021-12-22,-2.9,-4.1,-1.8,1400,0.0,0.43,1.7
2021-12-23,-1.9,-4.1,1.7,1403,15.5,0.44,2.4
2021-12-24,0.6,-6.2,3.7,1406,3.1,0.39,3.2
2021-12-25,-7.5,-11.4,-2.1,4035,0.0,0.26,2.0
2021-12-26,-8.0,-13.2,-2.9,4088,0.0,0.22,2.0
2021-12-27,-3.1,-7.5,-0.3,1422,0.1,0.34,2.5
2021-12-28,0.2,-1.7,1.8,1429,2.8,0.52,3.2
2021-12-29,2.7,1.3,4.0,1438,0.8,0.65,2.5
2021-12-30,8.7,3.8,11.7,1447,3.7,0.79,3.5
2021-12-31,12.2,11.1,13.7,1458,4.0,1.27,3.8
2022-01-01,11.5,9.6,12.4,1470,1.0,1.16,2.6
2022-01-02,10.6,7.7,13.0,1567,9.9,1.02,3.4
2022-01-03,8.2,6.3,9.9,1709,0.5,0.92,4.4
2022-01-04,5.7,1.5,7.7,1511,1.6,0.67,3.0
2022-01-05,3.0,1.6,4.3,2175,0.9,0.66,4.3
2022-01-06,0.5,-1.9,3.5,4332,0.0,0.52,2.5
2022-01-07,0.7,-1.6,2.3,1562,2.9,0.52,3.2
2022-01-08,1.5,0.6,2.9,1625,0.1,0.61,3.2
2022-01-09,2.0,0.5,4.2,1601,4.6,0.61,3.2
2022-01-10,2.6,1.9,3.9,1622,0.0,0.67,1.4
2022-01-11,0.7,0.0,1.7,1645,0.1,0.59,1.7
2022-01-12,2.9,0.6,4.3,1898,0.0,0.62,1.8
2022-01-13,5.0,3.9,6.5,1693,0.0,0.78,2.8
2022-01-14,5.9,-0.2,7.1,1718,0.0,0.6,2.6
2022-01-15,1.2,-2.3,4.5,2502,0.0,0.51,1.6
2022-01-16,2.4,-0.8,6.0,1773,0.6,0.57,3.1
2022-01-17,4.1,-1.0,7.1,2961,1.6,0.56,4.5
2022-01-18,4.7,-0.2,6.8,1832,0.0,0.59,2.0
2022-01-19,3.7,3.0,4.6,1913,1.7,0.73,3.4
2022-01-20,1.3,-1.6,3.6,3144,0.2,0.53,4.6
2022-01-21,0.7,-3.4,5.1,5213,0.8,0.47,3.3
2022-01-22,4.8,2.6,5.6,1964,1.0,0.71,2.8
2022-01-23,5.8,4.7,7.0,1999,0.4,0.83,1.8
2022-01-24,4.5,3.6,5.1,2036,0.1,0.76,1.6
2022-01-25,4.0,3.0,5.4,2074,0.2,0.73,1.8
2022-01-26,2.9,2.2,3.9,2113,0.2,0.69,2.9
2022-01-27,5.1,3.7,7.6,2153,0.7,0.77,4.8
2022-01-28,4.6,2.6,7.0,6210,4.6,0.71,4.1
2022-01-29,6.5,3.7,9.6,2237,2.2,0.78,5.5
2022-01-30,5.7,2.4,7.3,3578,0.0,0.71,5.7
2022-01-31,1.6,0.0,2.7,2325,0.4,0.59,3.4
2022-02-01,3.6,0.9,6.8,2371,5.2,0.64,4.8
2022-02-02,4.8,0.9,6.8,3355,0.1,0.64,4.5
2022-02-03,4.7,1.7,7.5,2465,4.6,0.67,2.5
2022-02-04,5.9,2.2,8.1,2514,5.0,0.7,3.9
2022-02-05,4.2,1.7,6.0,3843,1.4,0.67,4.5
2022-02-06,5.3,1.7,7.4,2615,11.2,0.67,5.8
2022-02-07,3.6,1.7,6.8,6292,0.1,0.67,4.8
2022-02-08,6.5,2.0,8.5,2720,4.2,0.69,4.0
2022-02-09,8.6,7.6,9.8,2839,1.9,1.0,3.1
2022-02-10,5.7,1.2,7.3,2830,3.6,0.65,2.6
2022-02-11,1.9,-2.4,5.3,5583,0.1,0.5,3.0
2022-02-12,0.2,-4.1,5.5,8607,0.0,0.45,2.3
2022-02-13,2.5,-2.1,7.7,8467,0.0,0.53,3.1
2022-02-14,8.1,3.8,13.5,5726,0.0,0.8,3.4
2022-02-15,6.7,4.9,8.7,3605,1.8,0.84,3.3
2022-02-16,8.3,5.5,12.0,3182,14.5,0.89,5.3
2022-02-17,6.8,4.2,10.5,3315,15.5,0.81,7.5
2022-02-18,5.8,3.4,10.0,3450,6.4,0.76,5.2
2022-02-19,4.7,3.1,7.1,4679,5.9,0.74,6.2
2022-02-20,5.3,2.3,8.6,3435,11.8,0.71,5.4
2022-02-21,4.6,2.8,9.3,3799,3.8,0.73,6.4
2022-02-22,5.5,2.7,7.5,5980,4.8,0.72,4.6
2022-02-23,6.0,1.6,10.3,8441,0.0,0.68,3.5
2022-02-24,6.0,2.8,10.8,3857,1.0,0.74,3.9
2022-02-25,3.9,2.1,6.8,5568,1.2,0.69,4.2
2022-02-26,3.5,-1.7,9.4,11346,0.0,0.55,2.0
2022-02-27,2.1,-3.2,8.2,9265,0.0,0.49,2.4
2022-02-28,0.2,-1.2,4.0,7539,0.0,0.54,2.2
2022-03-01,1.3,-2.5,7.3,11328,0.0,0.51,2.0
2022-03-02,2.1,-2.9,9.0,10324,0.0,0.51,1.3
2022-03-03,-1.0,-4.1,8.5,4701,0.0,0.47,1.7
2022-03-04,1.1,-2.6,5.8,8496,0.0,0.5,1.9
2022-03-05,0.8,-5.1,6.4,8872,0.0,0.43,1.9
2022-03-06,0.5,-2.5,4.0,4509,0.0,0.5,2.0
2022-03-07,1.7,-4.4,5.9,13389,0.0,0.45,2.0
2022-03-08,1.8,-5.1,9.1,13645,0.0,0.44,1.9
2022-03-09,3.4,-4.2,11.1,13903,0.0,0.48,1.5
2022-03-10,4.7,-1.1,14.2,14073,0.0,0.6,2.6
2022-03-11,3.6,-1.4,11.2,14425,0.0,0.57,4.0
2022-03-12,5.2,-0.2,13.0,14596,0.0,0.63,3.0
2022-03-13,6.1,-0.4,14.8,14861,0.0,0.64,2.7
2022-03-14,6.5,1.7,11.1,10737,1.6,0.69,2.3
2022-03-15,6.5,1.9,9.7,7476,0.0,0.69,1.5
2022-03-16,5.5,-0.8,13.0,10716,0.0,0.6,2.3
2022-03-17,6.0,-0.5,9.7,5278,0.2,0.59,2.5
2022-03-18,4.6,-3.1,12.8,14461,0.0,0.53,2.5
2022-03-19,4.9,-3.0,10.6,14621,0.0,0.51,3.5
2022-03-20,7.1,1.6,11.9,16357,0.0,0.7,3.7
2022-03-21,6.5,0.3,15.5,16430,0.0,0.67,2.2
2022-03-22,6.9,-0.8,17.4,16901,0.0,0.64,1.6
2022-03-23,7.1,-3.5,16.3,17073,0.0,0.55,1.3
2022-03-24,6.4,-3.0,16.4,17245,0.0,0.55,1.2
2022-03-25,8.2,-1.2,15.4,16594,0.0,0.61,1.7
2022-03-26,8.0,2.1,15.7,9518,0.0,0.74,2.4
2022-03-27,7.3,0.9,12.6,18066,0.0,0.66,1.6
2022-03-28,7.1,3.0,11.7,12777,0.0,0.76,2.2
2022-03-29,7.2,1.6,10.8,15761,0.0,0.68,2.2
2022-03-30,3.8,0.9,5.7,6325,1.0,0.63,1.9
2022-03-31,3.9,1.0,4.3,9945,0.0,0.63,3.3
2022-04-01,2.8,-2.1,3.3,10589,0.0,0.51,3.9
2022-04-02,1.3,-3.3,6.4,10262,0.0,0.48,3.3
2022-04-03,2.1,-4.7,8.0,12883,0.5,0.45,2.4
2022-04-04,3.5,0.7,8.4,6726,9.6,0.64,5.0
2022-04-05,5.7,4.9,11.0,9687,6.3,0.85,4.0
2022-04-06,9.4,7.4,10.2,6885,0.0,0.99,4.2
2022-04-07,8.3,1.7,11.3,9543,14.1,0.69,5.9
2022-04-08,5.5,0.7,9.1,12232,0.1,0.64,4.2
2022-04-09,4.4,0.7,9.1,14496,3.3,0.64,4.0
2022-04-10,4.5,0.0,9.9,12333,1.1,0.61,3.2
2022-04-11,5.8,-1.8,13.7,18633,0.0,0.58,2.0
2022-04-12,10.1,5.3,21.3,20616,0.0,0.96,2.5
2022-04-13,13.2,9.8,19.9,15081,3.9,1.22,1.9
2022-04-14,12.0,5.0,18.2,7855,2.1,0.9,2.1
2022-04-15,7.5,2.5,10.2,7580,0.2,0.72,2.6
2022-04-16,6.4,2.0,13.8,23540,0.0,0.72,2.7
2022-04-17,6.3,0.8,17.2,20497,0.0,0.7,2.0
2022-04-18,8.8,4.4,19.0,23716,0.0,0.88,1.7
2022-04-19,8.6,1.2,16.8,24098,0.0,0.71,2.4
2022-04-20,9.1,1.8,16.3,13579,0.0,0.74,2.4
2022-04-21,9.6,2.3,16.5,10186,0.0,0.75,2.5
2022-04-22,9.9,5.0,17.2,11836,0.0,0.89,3.3
2022-04-23,11.2,7.0,17.8,23077,0.0,1.02,3.4
2022-04-24,9.0,4.5,16.3,16509,0.0,0.86,3.3
2022-04-25,9.8,4.8,11.1,21129,0.0,0.84,2.2
2022-04-26,9.9,1.1,14.2,18178,0.0,0.68,1.8
2022-04-27,10.0,-0.5,14.5,20863,0.0,0.63,1.7
2022-04-28,9.9,-0.7,14.8,23688,0.0,0.62,1.8
2022-04-29,9.8,0.8,14.0,19344,0.0,0.67,1.7
2022-04-30,10.2,1.6,13.1,18200,0.0,0.7,2.0
2022-05-01,11.0,5.7,13.4,9819,0.0,0.91,1.6
2022-05-02,11.9,3.5,18.3,18260,0.0,0.82,1.6
2022-05-03,9.9,0.7,15.0,18224,0.0,0.68,1.9
2022-05-04,10.2,4.8,16.1,21830,0.0,0.87,1.5
2022-05-05,11.7,3.3,18.8,25706,0.0,0.82,1.6
2022-05-06,13.1,4.0,21.3,18858,0.0,0.89,1.5
2022-05-07,14.9,7.6,21.5,15267,0.0,1.08,1.7
2022-05-08,11.4,3.7,18.0,28670,0.0,0.84,2.1
2022-05-09,12.2,1.6,23.7,25844,0.0,0.81,1.7
2022-05-10,18.0,12.6,24.7,18284,1.2,1.49,2.1
2022-05-11,18.9,12.1,23.5,15417,0.3,1.42,2.9
2022-05-12,14.6,8.2,19.9,18300,0.0,1.11,3.2
2022-05-13,12.6,8.4,18.5,15289,0.8,1.1,2.8
2022-05-14,13.4,7.2,21.6,14837,0.0,1.06,2.3
2022-05-15,14.2,4.3,24.0,29833,0.0,0.93,1.6
2022-05-16,18.1,12.4,26.2,25659,5.1,1.5,2.2
2022-05-17,15.1,12.3,22.4,11134,0.4,1.43,1.8
2022-05-18,18.3,14.5,29.5,26191,0.0,1.73,2.1
2022-05-19,20.8,11.9,27.5,22503,1.9,1.47,2.2
2022-05-20,17.0,10.4,21.6,17114,1.2,1.27,2.4
2022-05-21,13.8,6.8,18.8,18206,1.5,1.01,3.7
2022-05-22,13.2,6.0,20.4,13184,0.0,0.98,1.6
2022-05-23,17.3,11.9,25.8,25862,2.2,1.44,2.9
2022-05-24,15.6,8.3,16.5,14183,1.2,1.08,2.9
2022-05-25,15.0,7.7,19.0,21665,0.2,1.07,2.4
2022-05-26,15.5,12.7,19.5,14004,4.0,1.44,3.6
2022-05-27,12.8,8.9,16.8,22675,3.7,1.13,4.1
2022-05-28,10.5,7.5,14.9,13032,0.7,1.02,3.7
2022-05-29,10.2,7.2,12.3,11495,0.7,0.99,2.2
2022-05-30,10.1,6.4,14.0,10609,0.1,0.95,1.6
2022-05-31,12.9,6.6,18.1,21136,0.4,0.99,1.6
2022-06-01,11.6,9.0,17.8,15263,4.4,1.15,2.1
2022-06-02,12.2,7.2,21.9,21862,0.0,1.07,2.1
2022-06-03,15.4,8.1,25.4,29913,0.0,1.17,1.8
2022-06-04,17.1,10.9,25.1,30737,0.0,1.35,1.9
2022-06-05,19.0,12.1,26.0,28138,0.7,1.46,2.4
2022-06-06,18.6,12.7,22.1,16187,0.0,1.47,2.7
2022-06-07,17.2,11.5,21.5,19765,0.0,1.35,2.4
2022-06-08,17.2,12.5,23.8,18074,0.1,1.47,1.9
2022-06-09,17.7,10.8,23.2,18225,0.0,1.32,2.4
2022-06-10,17.4,10.7,24.9,26153,0.0,1.33,1.8
2022-06-11,20.3,12.7,26.2,23006,0.0,1.51,1.8
2022-06-12,18.8,11.1,24.8,25528,0.4,1.36,2.0
2022-06-13,13.9,9.7,20.9,20133,3.0,1.21,2.7
2022-06-14,13.2,8.3,22.5,16846,0.0,1.15,1.8
2022-06-15,17.2,8.0,26.8,22660,0.0,1.2,1.5
2022-06-16,17.1,9.2,25.8,20293,0.0,1.26,2.2
2022-06-17,18.5,10.8,30.5,22410,0.0,1.44,1.6
2022-06-18,23.0,16.1,30.7,28881,0.0,1.91,2.2
2022-06-19,18.3,12.5,20.5,20701,0.9,1.43,2.7
2022-06-20,14.2,8.8,22.2,14764,1.0,1.18,2.5
2022-06-21,17.3,7.4,24.7,25978,0.0,1.12,2.0
2022-06-22,19.5,8.7,28.4,31119,0.0,1.25,1.6
2022-06-23,22.0,9.8,34.4,31641,0.0,1.43,1.8
2022-06-24,23.7,18.4,26.3,24510,0.0,2.08,2.3
2022-06-25,23.1,16.8,30.1,19095,0.6,1.98,1.6
2022-06-26,23.6,16.8,26.0,17372,0.0,1.9,1.8
2022-06-27,21.7,13.9,22.7,22632,0.0,1.56,2.2
2022-06-28,20.2,12.6,26.8,21827,0.0,1.52,1.9
2022-06-29,21.6,11.8,28.7,23128,0.0,1.49,1.9
2022-06-30,23.2,14.9,31.8,24821,1.0,1.82,1.9
2022-07-01,16.9,13.0,23.5,10457,6.6,1.52,2.5
2022-07-02,19.4,11.4,27.1,30170,0.0,1.43,1.9
2022-07-03,23.1,13.0,27.0,25147,0.0,1.54,2.0
2022-07-04,19.2,11.0,24.9,26040,0.0,1.36,2.2
2022-07-05,17.8,8.9,23.2,21545,0.0,1.2,2.2
2022-07-06,15.3,10.9,22.8,11805,9.2,1.33,2.5
2022-07-07,15.8,13.9,19.7,12305,1.9,1.55,3.1
2022-07-08,16.5,12.7,24.6,17391,0.0,1.48,2.8
2022-07-09,16.2,13.0,23.8,16181,5.6,1.51,2.7
2022-07-10,15.3,12.1,19.3,19159,0.0,1.39,3.1
2022-07-11,16.2,11.5,22.2,24353,0.0,1.37,2.0
2022-07-12,19.2,8.8,28.9,29536,0.0,1.28,1.7
2022-07-13,21.9,12.5,31.4,15390,0.0,1.6,2.3
2022-07-14,16.4,8.9,23.5,21481,0.0,1.19,2.6
2022-07-15,15.6,10.0,22.5,12447,1.8,1.27,2.5
2022-07-16,16.2,9.0,23.3,21258,0.0,1.2,2.9
2022-07-17,16.3,6.9,26.7,23678,0.0,1.12,1.8
2022-07-18,20.4,12.5,33.6,19470,0.0,1.63,1.4
2022-07-19,25.2,17.2,39.4,29402,0.0,2.23,1.7
2022-07-20,29.5,19.2,33.5,28171,0.0,2.29,2.3
2022-07-21,22.4,15.8,24.5,18406,2.8,1.78,2.4
2022-07-22,18.4,12.8,20.6,17576,0.0,1.46,2.0
2022-07-23,17.0,10.8,23.9,16747,0.2,1.34,2.1
2022-07-24,20.3,15.1,30.8,29178,0.0,1.82,1.6
2022-07-25,24.5,18.9,29.5,20874,3.6,2.18,2.7
2022-07-26,17.5,12.1,21.3,18242,0.7,1.4,2.9
2022-07-27,15.2,8.3,21.4,15744,0.0,1.13,2.4
2022-07-28,15.3,6.7,23.7,26165,0.0,1.06,1.9
2022-07-29,20.7,13.0,23.1,18555,0.0,1.49,2.1
2022-07-30,21.2,10.7,27.5,21922,0.7,1.39,1.9
2022-07-31,20.4,17.0,23.8,17523,1.2,1.91,1.8
2022-08-01,18.9,11.2,23.7,14028,0.0,1.36,2.3
2022-08-02,19.1,8.2,27.9,23450,0.0,1.21,1.5
2022-08-03,25.7,17.8,33.4,24497,0.0,2.15,1.6
2022-08-04,26.8,16.9,36.7,24528,6.4,2.11,1.8
2022-08-05,17.6,10.7,20.1,9486,2.4,1.29,2.4
2022-08-06,15.5,9.2,22.3,22077,0.0,1.2,2.3
2022-08-07,16.7,7.2,24.6,24731,0.0,1.11,1.8
2022-08-08,18.6,9.3,25.8,17400,0.0,1.26,1.7
2022-08-09,20.5,14.4,26.5,23897,0.0,1.66,1.9
2022-08-10,20.2,11.1,27.4,25895,0.0,1.42,2.0
2022-08-11,22.8,12.8,30.4,26890,0.0,1.6,2.0
2022-08-12,23.0,13.7,30.4,26644,0.0,1.68,2.2
2022-08-13,23.2,14.5,29.7,16706,0.0,1.72,1.8
2022-08-14,25.2,17.0,32.4,19546,0.0,2.04,2.0
2022-08-15,23.7,18.6,31.6,18344,14.4,2.21,2.1
2022-08-16,22.6,17.1,29.7,20426,0.1,1.99,1.6
2022-08-17,24.6,15.2,32.0,19466,0.0,1.85,1.5
2022-08-18,23.3,17.5,28.7,20920,4.1,2.02,1.9
2022-08-19,19.7,17.8,22.0,8078,2.4,1.97,2.0
2022-08-20,19.8,14.1,23.7,9921,0.1,1.61,1.9
2022-08-21,18.4,10.3,26.5,19364,0.0,1.34,1.6
2022-08-22,19.6,11.0,26.4,16755,0.0,1.38,1.6
2022-08-23,21.1,13.9,27.6,23370,0.0,1.64,1.8
2022-08-24,21.4,13.1,28.2,17588,0.0,1.57,1.8
2022-08-25,22.0,16.9,28.6,16650,0.0,1.96,2.0
2022-08-26,21.9,17.1,29.9,8968,4.3,2.0,1.9
2022-08-27,19.3,15.1,22.8,8771,0.4,1.68,2.2
2022-08-28,16.5,11.8,22.1,16410,0.0,1.4,2.4
2022-08-29,17.3,12.5,22.3,9525,0.5,1.45,1.8
2022-08-30,16.6,9.7,21.3,10121,0.2,1.21,1.9
2022-08-31,15.4,8.4,22.5,19445,0.0,1.15,2.0
2022-09-01,16.1,9.7,22.6,17270,0.0,1.24,2.0
2022-09-02,16.5,9.4,23.4,17920,0.0,1.24,2.4
2022-09-03,17.3,12.4,22.6,14546,0.0,1.44,2.5
2022-09-04,19.3,13.9,24.8,16308,0.0,1.6,1.9
2022-09-05,19.7,15.8,25.1,17385,0.0,1.79,2.3
2022-09-06,17.6,14.7,22.1,9903,0.0,1.65,2.4
2022-09-07,17.5,14.5,22.2,11981,2.1,1.62,1.9
2022-09-08,14.5,12.5,16.9,6569,32.7,1.4,2.3
2022-09-09,15.2,11.4,21.5,11431,3.9,1.35,2.2
2022-09-10,15.8,11.2,21.0,12279,5.4,1.34,2.0
2022-09-11,15.9,9.7,20.9,12371,0.5,1.21,1.7
2022-09-12,15.1,7.9,21.3,14775,1.4,1.1,1.4
2022-09-13,15.9,10.7,21.9,11813,0.6,1.31,2.1
2022-09-14,14.3,9.1,18.7,7440,0.4,1.16,1.9
2022-09-15,13.0,9.8,17.4,10645,2.4,1.2,2.8
2022-09-16,12.0,9.4,16.1,12165,6.7,1.16,3.4
2022-09-17,12.1,10.5,15.5,10820,1.8,1.23,3.8
2022-09-18,10.1,7.2,13.9,12714,7.9,0.99,3.8
2022-09-19,11.7,8.1,18.0,11082,4.2,1.08,3.0
2022-09-20,10.4,5.9,17.2,15314,0.0,0.94,1.9
2022-09-21,9.9,3.3,17.9,15842,0.0,0.82,1.3
2022-09-22,10.8,5.8,17.0,10419,0.0,0.93,1.3
2022-09-23,11.6,5.2,17.8,8656,1.0,0.91,1.4
2022-09-24,12.0,10.2,13.4,5295,6.5,1.2,1.3
2022-09-25,11.6,5.9,15.5,5975,0.5,0.93,1.5
2022-09-26,11.0,6.2,16.0,6736,1.3,0.95,3.0
2022-09-27,10.7,9.1,12.4,5152,7.5,1.12,2.9
2022-09-28,8.6,3.5,12.9,5535,4.4,0.78,1.9
2022-09-29,8.6,2.6,14.5,11944,1.2,0.75,1.4
2022-09-30,10.1,5.5,16.6,11710,0.0,0.92,1.6
2022-10-01,10.4,7.6,15.2,5109,8.4,1.03,3.5
2022-10-02,11.9,9.8,16.3,10003,0.4,1.18,3.0
2022-10-03,12.9,10.1,16.6,6532,1.3,1.2,2.4
2022-10-04,12.6,9.2,18.1,7482,0.0,1.15,1.9
2022-10-05,13.5,9.5,18.1,8239,0.0,1.18,2.9
2022-10-06,13.7,6.2,17.8,12475,0.0,0.97,2.9
2022-10-07,10.4,4.9,17.1,12738,0.0,0.89,2.0
2022-10-08,10.0,6.0,16.5,7399,1.1,0.94,2.4
2022-10-09,9.4,3.5,15.6,11836,0.0,0.81,2.0
2022-10-10,10.9,5.0,16.3,10047,0.2,0.89,2.2
2022-10-11,10.4,5.2,15.5,9829,0.0,0.89,1.7
2022-10-12,11.0,6.7,15.7,8895,0.0,0.98,1.3
2022-10-13,11.1,6.3,16.6,5608,0.2,0.97,1.6
2022-10-14,13.0,10.1,16.7,4972,0.4,1.21,1.8
2022-10-15,14.3,10.5,17.2,8212,0.0,1.24,2.5
2022-10-16,13.9,9.8,19.3,7940,0.0,1.21,2.2
2022-10-17,16.8,11.7,22.0,7371,0.5,1.39,2.0
2022-10-18,14.2,12.0,17.9,6067,0.0,1.36,1.8
2022-10-19,10.4,4.0,15.1,9068,0.0,0.82,1.8
2022-10-20,9.3,5.2,13.4,9811,1.1,0.87,2.6
2022-10-21,11.9,8.4,15.4,3480,2.0,1.08,2.0
2022-10-22,14.7,11.2,20.1,6331,0.0,1.33,1.9
2022-10-23,13.0,7.1,17.0,6934,2.2,1.02,2.0
2022-10-24,15.2,11.8,19.9,6065,0.3,1.37,3.1
2022-10-25,12.6,7.2,17.0,5763,0.1,1.02,2.4
2022-10-26,10.9,5.5,17.8,7904,0.0,0.93,1.8
2022-10-27,13.5,8.5,19.2,6649,0.0,1.12,1.8
2022-10-28,16.4,11.8,23.1,7140,0.1,1.41,2.1
2022-10-29,14.8,11.0,18.8,3185,0.0,1.29,1.5
2022-10-30,14.1,9.2,21.0,7245,0.0,1.19,1.4
2022-10-31,11.3,8.5,12.6,2750,0.0,1.08,1.4
2022-11-01,12.6,6.5,18.2,4328,0.1,0.99,2.7
2022-11-02,9.5,4.7,15.0,5122,0.1,0.86,3.0
2022-11-03,8.6,4.6,12.2,3816,2.1,0.84,2.6
2022-11-04,9.0,5.1,11.2,2543,0.4,0.86,2.2
2022-11-05,6.2,1.5,11.9,7026,0.0,0.68,2.1
2022-11-06,8.5,5.2,12.9,4918,0.1,0.88,2.9
2022-11-07,11.3,8.0,14.7,4491,0.0,1.06,3.2
2022-11-08,12.4,8.1,15.8,5567,0.3,1.06,2.7
2022-11-09,12.5,10.5,15.6,3328,0.1,1.23,2.9
2022-11-10,11.6,9.4,13.7,2935,0.0,1.14,2.7
2022-11-11,9.0,3.4,13.5,2884,0.0,0.78,2.3
2022-11-12,5.2,1.7,11.5,3872,0.0,0.7,1.3
2022-11-13,7.3,3.2,9.6,2138,0.0,0.76,1.9
2022-11-14,7.5,6.0,10.3,4976,0.0,0.91,2.5
2022-11-15,8.0,4.5,13.1,4955,0.0,0.83,2.1
2022-11-16,6.3,5.5,7.0,2023,1.5,0.87,2.9
2022-11-17,3.9,2.2,5.0,1987,2.8,0.69,4.0
2022-11-18,-0.8,-6.0,1.8,4441,0.0,0.39,3.0
2022-11-19,-2.2,-7.7,1.7,3123,1.2,0.35,2.0
2022-11-20,-0.1,-3.4,1.8,1885,0.6,0.46,2.1
2022-11-21,-2.1,-3.4,1.7,3620,0.0,0.46,2.4
2022-11-22,0.3,-1.8,1.5,1822,0.0,0.52,2.7
2022-11-23,3.7,1.9,6.9,2945,0.2,0.68,2.4
2022-11-24,2.8,1.0,5.5,1764,0.0,0.64,2.2
2022-11-25,4.3,1.1,6.7,2254,4.3,0.64,1.8
2022-11-26,7.1,6.3,7.9,1710,0.1,0.92,1.7
2022-11-27,4.3,1.5,5.9,3022,0.0,0.66,2.2
2022-11-28,4.5,3.6,5.0,1661,0.0,0.76,2.4
2022-11-29,3.9,3.3,4.6,1638,0.2,0.75,1.7
2022-11-30,3.8,1.7,4.1,1616,0.0,0.66,1.8
2022-12-01,0.9,0.0,1.5,1595,0.6,0.59,1.9
2022-12-02,0.7,-0.3,1.6,1575,0.4,0.57,2.4
2022-12-03,-0.6,-1.7,-0.2,1556,0.0,0.52,2.5
2022-12-04,0.9,-0.6,1.9,1539,0.0,0.56,2.5
2022-12-05,1.3,0.1,1.9,1522,11.1,0.59,1.9
2022-12-06,1.3,0.1,3.1,1506,2.5,0.59,1.8
2022-12-07,2.0,-0.8,4.2,1917,1.1,0.56,2.5
2022-12-08,0.9,-1.4,2.8,1479,2.0,0.53,1.8
2022-12-09,-1.5,-2.7,-0.8,1466,0.0,0.48,1.5
2022-12-10,-2.1,-3.0,-1.6,1455,0.0,0.47,1.5
2022-12-11,-3.0,-6.1,-2.0,1445,0.0,0.38,1.5
2022-12-12,-3.2,-6.3,-1.1,1601,0.0,0.37,1.5
2022-12-13,-4.8,-7.7,-1.1,2543,0.0,0.34,1.8
2022-12-14,-7.3,-10.9,-3.1,4138,0.0,0.26,1.7
2022-12-15,-6.5,-11.4,-0.2,3755,0.0,0.26,1.7
2022-12-16,-4.6,-7.7,-2.0,1409,0.0,0.33,1.4
2022-12-17,-5.8,-8.3,-4.0,3245,0.0,0.32,1.5
2022-12-18,-5.9,-8.5,-4.2,1402,0.0,0.31,2.4
2022-12-19,0.2,-4.9,4.2,1400,6.6,0.42,3.1
2022-12-20,5.5,3.0,7.1,1399,9.5,0.73,2.8
2022-12-21,6.4,4.3,7.5,1399,2.5,0.8,2.4
2022-12-22,5.4,3.4,7.4,1400,3.7,0.75,3.0
2022-12-23,4.7,2.7,6.1,1403,6.2,0.72,2.5
2022-12-24,5.1,3.0,7.2,1406,4.6,0.74,2.7
2022-12-25,4.2,0.0,8.5,1533,4.8,0.61,2.1
2022-12-26,7.5,2.5,10.1,1416,0.2,0.72,3.5
2022-12-27,3.8,1.9,5.8,1752,0.8,0.67,3.3
2022-12-28,6.5,4.1,8.6,1429,4.7,0.79,3.9
2022-12-29,9.1,7.0,11.6,2684,3.6,0.97,4.4
2022-12-30,7.3,4.7,10.9,3116,2.9,0.83,3.8
2022-12-31,12.6,9.7,15.4,1458,5.5,1.17,4.4
2023-01-01,12.7,8.8,16.3,1512,1.8,1.12,3.6
2023-01-02,10.6,6.5,14.7,1694,1.3,0.96,3.1
2023-01-03,4.3,2.3,6.6,3885,1.4,0.7,2.3
2023-01-04,7.6,3.4,10.7,1511,23.1,0.76,4.9
2023-01-05,7.7,3.3,9.8,2478,1.7,0.75,4.3
2023-01-06,6.7,3.1,10.4,1631,1.5,0.75,2.9
2023-01-07,7.8,3.7,11.2,1825,0.2,0.79,2.5
2023-01-08,6.9,4.3,8.1,1581,5.8,0.8,2.7
2023-01-09,6.0,3.8,8.1,1824,4.6,0.77,3.1
2023-01-10,5.9,4.5,6.9,1712,2.9,0.81,3.2
2023-01-11,6.8,4.5,8.7,1645,3.9,0.82,3.7
2023-01-12,8.8,6.9,10.1,1668,9.5,0.96,4.9
2023-01-13,8.0,6.0,9.4,1971,1.6,0.9,4.9
2023-01-14,6.8,5.4,10.0,1718,12.2,0.87,4.3
2023-01-15,6.4,4.3,10.1,1793,1.0,0.81,5.0
2023-01-16,4.5,2.6,5.5,3684,1.8,0.71,3.8
2023-01-17,2.2,-2.3,4.3,2333,0.3,0.5,3.1
2023-01-18,-2.0,-4.1,1.0,2565,0.0,0.44,2.1
2023-01-19,0.1,-2.9,2.7,2604,0.0,0.48,2.8
2023-01-20,-0.4,-2.8,1.1,1896,0.0,0.48,1.6
2023-01-21,1.0,-1.5,3.2,2687,2.6,0.53,2.7
2023-01-22,2.4,1.3,2.9,1964,0.4,0.65,2.4
2023-01-23,2.0,1.3,2.5,1999,0.0,0.65,2.2
2023-01-24,0.0,-1.1,1.1,2036,0.0,0.54,2.0
2023-01-25,-0.5,-1.3,-0.1,2074,0.0,0.53,1.8
2023-01-26,-0.6,-2.2,2.3,2113,1.1,0.5,1.6
2023-01-27,2.1,-1.8,3.7,2208,0.1,0.52,2.3
2023-01-28,0.3,-2.3,1.9,4395,0.4,0.5,1.9
2023-01-29,1.7,0.6,2.8,2237,1.5,0.62,2.9
2023-01-30,4.5,2.4,7.1,2562,2.9,0.7,5.2
2023-01-31,4.1,2.6,6.2,2325,7.6,0.71,4.7
2023-02-01,4.3,2.1,6.3,2602,5.6,0.69,5.5
2023-02-02,4.1,0.2,7.1,3648,6.0,0.61,4.1
2023-02-03,6.0,2.7,8.4,2703,6.0,0.72,5.6
2023-02-04,0.9,-2.1,4.6,6122,0.0,0.51,2.1
2023-02-05,-0.7,-3.7,2.0,4209,0.0,0.45,1.7
2023-02-06,0.1,-4.7,3.5,3170,0.0,0.43,1.7
2023-02-07,-2.9,-6.6,2.0,7042,0.0,0.37,1.6
2023-02-08,-2.2,-5.6,2.3,8102,0.0,0.4,2.1
2023-02-09,-0.9,-5.9,3.2,7007,0.0,0.4,2.3
2023-02-10,3.2,0.2,6.5,4908,0.0,0.6,2.6
2023-02-11,6.6,4.0,7.9,2886,0.5,0.79,3.1
2023-02-12,7.2,6.0,8.5,2943,1.5,0.9,1.7
2023-02-13,6.1,5.0,7.1,3001,0.0,0.84,1.6
2023-02-14,5.2,1.0,8.9,5179,0.0,0.65,1.4
2023-02-15,0.8,-1.2,3.7,4228,0.0,0.54,1.6
2023-02-16,4.0,-1.9,8.5,5984,0.9,0.54,2.3
2023-02-17,9.0,6.0,11.8,3244,2.3,0.92,5.0
2023-02-18,6.2,3.6,9.9,3307,13.6,0.77,4.5
2023-02-19,3.9,0.6,7.5,8678,0.3,0.63,3.3
2023-02-20,7.1,3.2,8.9,3435,7.0,0.74,4.6
2023-02-21,8.9,6.5,11.3,3948,0.0,0.93,2.8
2023-02-22,7.7,5.8,11.0,3567,0.0,0.89,1.6
2023-02-23,5.8,3.0,8.1,3635,0.5,0.74,1.8
2023-02-24,3.3,1.6,4.2,3703,4.6,0.66,3.3
2023-02-25,1.3,-1.2,3.4,4162,1.3,0.54,3.9
2023-02-26,0.3,-4.5,4.5,9529,0.0,0.44,3.1
2023-02-27,-0.8,-5.7,5.7,9026,0.0,0.41,2.4
2023-02-28,-0.8,-6.3,6.1,11660,0.0,0.4,2.0
2023-03-01,0.5,-5.9,8.4,11410,0.0,0.42,2.0
2023-03-02,0.2,-1.3,1.4,4127,0.0,0.54,1.9
2023-03-03,2.4,0.1,7.0,6539,0.0,0.61,2.0
2023-03-04,4.9,1.6,6.2,4358,0.0,0.66,3.1
2023-03-05,1.9,0.2,4.1,4946,3.8,0.6,2.5
2023-03-06,0.7,-1.3,4.3,7270,2.7,0.54,2.3
2023-03-07,1.9,-0.9,4.7,5196,1.1,0.56,4.1
2023-03-08,0.9,-1.1,3.5,4575,0.1,0.55,2.4
2023-03-09,0.7,-0.3,2.0,4651,9.0,0.57,2.9
2023-03-10,0.6,0.2,1.4,4728,11.2,0.6,4.2
2023-03-11,1.4,-0.1,4.0,10613,0.0,0.59,3.3
2023-03-12,2.3,-1.7,5.5,8091,5.3,0.53,2.6
2023-03-13,10.8,5.2,16.7,6535,4.2,0.91,4.4
2023-03-14,7.4,1.1,12.8,8029,3.0,0.67,4.5
2023-03-15,1.9,-2.2,6.8,9833,0.9,0.52,2.8
2023-03-16,3.3,-3.6,9.0,13855,0.0,0.48,2.7
2023-03-17,8.5,3.6,14.0,9694,0.0,0.8,2.7
2023-03-18,10.9,5.7,17.1,10491,0.7,0.93,1.9
2023-03-19,10.4,4.8,16.3,9737,0.2,0.88,1.7
2023-03-20,8.5,3.9,10.2,6208,0.2,0.79,2.4
2023-03-21,8.6,6.7,10.4,5599,2.6,0.95,2.0
2023-03-22,11.1,6.7,15.7,8886,3.7,0.98,3.2
2023-03-23,10.5,7.3,13.6,6568,4.8,1.01,3.5
2023-03-24,11.4,7.4,15.4,9506,1.3,1.01,3.9
2023-03-25,8.8,7.2,12.3,9821,9.7,0.99,4.5
2023-03-26,7.3,2.6,10.6,9415,0.0,0.73,3.2
2023-03-27,2.8,-0.6,7.6,15044,0.8,0.58,3.7
2023-03-28,2.9,-1.6,8.2,14142,0.0,0.55,2.7
2023-03-29,6.6,0.8,10.9,6773,0.0,0.65,2.5
2023-03-30,11.5,8.0,16.4,8668,4.2,1.06,3.5
2023-03-31,9.9,7.1,13.1,7264,6.0,0.98,3.2
2023-04-01,5.6,2.1,8.2,6486,4.1,0.69,4.2
2023-04-02,3.6,-2.2,7.9,11893,0.0,0.52,3.5
2023-04-03,1.6,-3.7,7.4,17588,0.0,0.47,2.8
2023-04-04,1.2,-5.1,8.1,16967,0.0,0.43,1.9
2023-04-05,2.5,-5.0,10.0,15116,0.0,0.45,1.3
2023-04-06,5.2,-3.0,11.9,21267,0.0,0.53,1.9
2023-04-07,4.9,0.8,9.4,11787,0.1,0.64,2.2
2023-04-08,5.6,4.2,7.1,7042,0.0,0.8,2.0
2023-04-09,7.5,3.3,12.6,13361,0.0,0.77,1.7
2023-04-10,10.3,3.0,17.0,17467,3.2,0.8,2.8
2023-04-11,7.3,1.4,11.1,11750,2.5,0.68,3.4
2023-04-12,7.0,0.7,12.4,12889,2.5,0.66,3.0
2023-04-13,8.4,2.9,14.2,14153,0.0,0.77,2.8
2023-04-14,6.9,4.1,10.8,7855,3.8,0.8,1.9
2023-04-15,9.3,6.4,12.4,7698,0.1,0.94,2.6
2023-04-16,9.0,6.2,12.1,7655,0.0,0.92,2.2
2023-04-17,8.2,4.8,14.0,15177,0.1,0.86,2.5
2023-04-18,7.6,3.3,13.7,10297,0.0,0.78,3.2
2023-04-19,7.8,2.5,13.3,21355,2.3,0.75,3.4
2023-04-20,8.4,4.7,13.5,10584,0.4,0.85,3.0
2023-04-21,13.6,7.1,20.4,24380,0.0,1.04,3.0
2023-04-22,15.8,9.4,22.2,23069,1.5,1.21,2.5
2023-04-23,13.6,10.2,18.2,13861,2.4,1.23,2.3
2023-04-24,10.8,7.6,16.3,12857,0.9,1.04,3.6
2023-04-25,7.0,2.6,10.3,14654,0.1,0.73,3.2
2023-04-26,5.3,0.2,10.6,13519,0.5,0.63,2.5
2023-04-27,5.8,-1.3,12.9,17664,0.0,0.58,1.7
2023-04-28,9.8,1.7,16.5,18132,8.1,0.73,2.2
2023-04-29,10.8,4.8,16.9,12656,0.0,0.88,2.6
2023-04-30,7.9,0.5,14.6,26525,0.0,0.67,2.1
2023-05-01,11.5,2.0,19.5,22905,0.0,0.77,1.8
2023-05-02,8.8,2.0,13.0,12010,0.0,0.72,2.6
2023-05-03,8.3,0.8,14.5,22862,0.0,0.68,1.8
2023-05-04,10.6,0.3,17.8,23213,0.0,0.69,2.1
2023-05-05,12.6,7.7,19.8,20412,7.6,1.08,2.8
2023-05-06,8.3,7.5,9.7,9002,0.7,1.0,2.2
2023-05-07,11.2,8.0,17.1,15520,0.0,1.07,2.7
2023-05-08,12.6,6.3,18.4,27020,0.0,0.98,2.5
2023-05-09,14.1,7.9,19.6,26735,0.0,1.09,2.8
2023-05-10,14.1,10.8,19.6,16753,0.1,1.29,2.3
2023-05-11,17.0,12.0,23.8,18740,0.0,1.44,1.8
2023-05-12,18.0,12.5,23.5,24959,0.0,1.46,2.3
2023-05-13,16.2,8.3,22.6,26580,0.0,1.15,2.2
2023-05-14,15.5,6.2,22.9,21778,0.0,1.03,1.7
2023-05-15,15.9,10.0,22.4,18630,0.5,1.26,2.2
2023-05-16,11.0,6.7,16.1,17920,0.0,0.98,3.3
2023-05-17,9.3,2.0,14.7,24182,0.0,0.73,2.9
2023-05-18,8.9,-0.3,16.5,24380,0.0,0.66,2.1
2023-05-19,13.3,5.9,20.1,19263,0.0,0.97,2.5
2023-05-20,13.0,6.8,17.6,19320,0.0,1.01,3.1
2023-05-21,19.1,10.4,26.8,22883,0.0,1.34,2.6
2023-05-22,21.6,15.5,27.2,23071,1.2,1.77,2.1
2023-05-23,13.0,9.6,15.2,9841,4.8,1.17,3.2
2023-05-24,10.9,7.5,16.3,13661,0.0,1.03,2.3
2023-05-25,12.3,6.5,20.3,15791,0.0,1.01,2.4
2023-05-26,11.4,4.8,18.3,28639,0.0,0.89,2.5
2023-05-27,13.3,3.6,21.1,29083,0.0,0.87,2.0
2023-05-28,15.3,5.2,23.3,28218,0.0,0.97,1.9
2023-05-29,14.0,7.3,20.0,26562,0.0,1.06,2.6
2023-05-30,14.1,5.1,21.6,27654,0.0,0.95,2.4
2023-05-31,16.4,5.3,24.8,30190,0.0,1.01,2.4
2023-06-01,13.1,8.5,18.6,24979,0.0,1.11,2.7
2023-06-02,12.6,4.9,19.6,22519,0.0,0.91,2.5
2023-06-03,12.7,2.2,20.6,31491,0.0,0.8,2.3
2023-06-04,15.6,3.4,23.8,31395,0.0,0.89,1.9
2023-06-05,18.2,7.8,25.8,29717,0.0,1.16,2.0
2023-06-06,20.0,10.2,27.0,24217,0.0,1.35,1.9
2023-06-07,20.6,12.0,27.8,18711,0.0,1.49,1.7
2023-06-08,20.3,13.9,28.8,19655,1.4,1.66,1.9
2023-06-09,20.2,11.5,27.5,28242,0.0,1.43,2.3
2023-06-10,19.7,9.8,29.4,30767,0.0,1.35,2.7
2023-06-11,20.9,12.4,27.9,31314,0.0,1.51,2.7
2023-06-12,21.6,13.0,26.9,30803,0.0,1.56,2.6
2023-06-13,18.6,10.5,25.5,30027,0.0,1.34,2.8
2023-06-14,18.8,11.1,25.6,29116,0.0,1.38,2.4
2023-06-15,18.4,10.3,25.2,20549,4.6,1.32,1.8
2023-06-16,15.5,11.9,20.2,14091,8.9,1.37,1.9
2023-06-17,16.7,11.9,22.2,20827,1.0,1.4,1.6
2023-06-18,19.8,10.0,27.7,29672,0.1,1.33,1.4
2023-06-19,22.3,17.8,29.2,19909,0.0,2.07,2.0
2023-06-20,21.8,16.2,28.1,21097,23.2,1.86,1.8
2023-06-21,22.2,15.4,27.4,23867,0.0,1.78,2.1
2023-06-22,20.7,13.2,27.2,18850,10.4,1.56,2.3
2023-06-23,17.6,14.4,21.6,11591,0.2,1.6,2.9
2023-06-24,19.5,12.0,26.2,27412,0.0,1.47,1.7
2023-06-25,22.5,15.4,29.1,16590,0.0,1.79,1.4
2023-06-26,21.4,14.6,32.1,25413,5.1,1.77,2.8
2023-06-27,16.3,12.0,21.6,25004,4.9,1.39,2.8
2023-06-28,17.5,11.4,23.0,23540,0.0,1.37,2.0
2023-06-29,19.2,12.2,24.9,10880,0.2,1.46,1.5
2023-06-30,18.0,13.7,22.2,13500,5.0,1.55,1.8
2023-07-01,16.2,12.1,19.9,13089,5.3,1.4,3.0
2023-07-02,17.2,12.7,21.6,20305,0.0,1.46,3.8
2023-07-03,16.4,12.1,21.7,17522,0.4,1.4,3.4
2023-07-04,16.1,11.6,21.6,19601,0.5,1.36,2.9
2023-07-05,16.9,11.4,22.3,18656,1.2,1.35,3.7
2023-07-06,16.4,10.9,22.1,21386,0.0,1.33,2.0
2023-07-07,20.2,9.0,28.5,29880,0.0,1.29,1.5
2023-07-08,23.7,13.3,31.1,29973,0.0,1.66,1.8
2023-07-09,25.2,15.3,33.2,27706,0.8,1.88,1.6
2023-07-10,21.8,13.4,26.6,18374,0.0,1.58,2.2
2023-07-11,23.0,11.7,30.8,29060,1.4,1.51,2.0
2023-07-12,21.5,16.0,26.8,20522,0.0,1.82,3.0
2023-07-13,18.3,12.6,24.9,21003,2.5,1.5,2.5
2023-07-14,19.9,11.3,26.2,23307,0.0,1.4,1.7
2023-07-15,23.9,17.9,34.1,19872,5.3,2.15,2.5
2023-07-16,21.9,17.2,27.6,22299,0.0,1.98,3.1
2023-07-17,18.5,12.6,25.3,18999,0.4,1.5,2.8
2023-07-18,17.8,10.3,25.3,21936,0.0,1.32,1.9
2023-07-19,16.6,13.5,22.7,13065,3.9,1.55,2.1
2023-07-20,15.6,10.7,21.2,15222,0.9,1.29,2.2
2023-07-21,15.2,10.0,21.7,14009,2.1,1.24,1.8
2023-07-22,15.7,11.2,21.7,19126,1.9,1.33,2.4
2023-07-23,17.3,13.4,22.6,10042,1.0,1.52,3.1
2023-07-24,18.2,13.6,23.3,15017,12.4,1.55,2.8
2023-07-25,15.4,10.1,20.2,17276,0.0,1.24,2.4
2023-07-26,14.0,10.0,18.8,21706,2.7,1.22,2.6
2023-07-27,14.1,9.7,17.3,11005,15.2,1.19,2.4
2023-07-28,18.4,16.0,22.1,13254,1.4,1.77,2.3
2023-07-29,18.6,14.2,23.3,14982,6.5,1.61,2.4
2023-07-30,17.1,13.3,23.6,18612,1.2,1.53,2.9
2023-07-31,16.2,13.5,19.0,9645,16.5,1.5,3.1
2023-08-01,17.0,14.9,20.8,13267,5.2,1.66,3.4
2023-08-02,17.0,14.6,21.7,12064,9.9,1.64,3.2
2023-08-03,17.6,15.1,21.8,12380,4.5,1.69,4.1
2023-08-04,17.3,13.0,22.0,15337,0.1,1.49,2.0
2023-08-05,17.1,10.3,22.2,18905,0.0,1.28,1.7
2023-08-06,16.2,14.2,19.0,8924,0.0,1.56,2.8
2023-08-07,15.4,13.3,18.5,12737,0.3,1.48,4.6
2023-08-08,13.8,10.7,18.5,14784,8.1,1.26,3.8
2023-08-09,13.9,9.5,19.4,13338,2.4,1.19,2.5
2023-08-10,14.8,8.2,21.3,19083,0.0,1.12,1.6
2023-08-11,18.3,10.2,24.9,16518,0.0,1.3,1.4
2023-08-12,21.1,16.6,27.0,10644,0.6,1.88,1.8
2023-08-13,20.1,13.9,25.6,17810,0.0,1.61,1.6
2023-08-14,22.3,14.3,28.3,18201,0.4,1.7,1.5
2023-08-15,23.0,18.9,28.3,17491,4.4,2.17,1.7
2023-08-16,21.2,16.8,25.7,20061,1.0,1.9,1.6
2023-08-17,18.6,15.7,22.0,8217,2.0,1.75,2.0
2023-08-18,22.7,15.2,29.9,19595,0.0,1.81,1.8
2023-08-19,24.9,19.1,31.0,18280,0.0,2.25,1.7
2023-08-20,22.2,17.0,27.8,20081,0.0,1.96,1.5
2023-08-21,20.0,13.1,25.6,19721,0.0,1.53,1.4
2023-08-22,19.4,13.0,26.4,14977,0.0,1.56,1.5
2023-08-23,18.9,11.9,25.4,19948,0.0,1.44,1.5
2023-08-24,21.8,15.8,27.2,17470,0.0,1.81,1.6
2023-08-25,21.0,16.9,26.2,15013,3.2,1.92,2.1
2023-08-26,18.4,11.6,23.1,16068,0.0,1.38,2.2
2023-08-27,15.6,11.4,22.3,8771,1.6,1.35,1.7
2023-08-28,15.5,10.6,21.5,15489,0.0,1.29,1.9
2023-08-29,15.1,10.5,20.0,8837,1.8,1.26,1.6
2023-08-30,16.3,11.2,21.7,15482,2.5,1.33,1.8
2023-08-31,13.3,11.0,17.0,13092,1.5,1.28,2.6
2023-09-01,14.5,9.2,20.1,15578,0.0,1.18,1.9
2023-09-02,15.2,7.6,22.7,18033,0.0,1.1,1.3
2023-09-03,16.2,10.8,21.9,15326,0.0,1.31,1.7
2023-09-04,17.4,9.9,24.7,20743,0.0,1.28,1.7
2023-09-05,20.6,12.7,29.3,19920,0.0,1.58,1.9
2023-09-06,21.3,13.3,29.8,20199,0.0,1.63,1.7
2023-09-07,22.3,14.3,29.2,19926,0.0,1.7,2.1
2023-09-08,21.9,15.1,29.2,19654,0.0,1.79,1.6
2023-09-09,21.2,14.2,30.4,19166,0.0,1.73,1.2
2023-09-10,20.5,12.6,29.0,18361,0.0,1.56,1.1
2023-09-11,20.7,11.8,30.4,17140,0.0,1.52,1.3
2023-09-12,18.6,16.0,22.7,9303,41.5,1.79,1.5
2023-09-13,15.7,9.1,19.1,6275,5.9,1.16,2.3
2023-09-14,12.6,6.8,19.7,15116,0.0,1.02,1.4
2023-09-15,15.5,7.4,21.8,17955,0.0,1.07,1.8
2023-09-16,17.6,12.5,24.1,17581,0.0,1.47,1.5
2023-09-17,19.2,10.6,26.0,14268,0.0,1.35,1.6
2023-09-18,20.6,17.2,25.6,9595,0.0,1.94,2.7
2023-09-19,17.4,14.8,19.6,12878,0.0,1.63,3.8
2023-09-20,19.2,15.8,24.4,14819,0.0,1.77,2.8
2023-09-21,19.5,13.3,27.5,11522,3.5,1.59,2.2
2023-09-22,15.9,11.5,19.1,7887,0.0,1.34,2.5
2023-09-23,13.7,10.1,18.1,9525,0.0,1.23,2.5
2023-09-24,13.0,8.7,18.9,11037,0.0,1.12,1.7
2023-09-25,14.0,9.0,20.6,14512,0.0,1.16,1.8
2023-09-26,14.6,6.9,22.8,14445,0.0,1.06,1.2
2023-09-27,16.8,9.4,25.4,12698,0.0,1.26,1.4
2023-09-28,17.7,13.2,24.7,11350,0.1,1.53,1.6
2023-09-29,17.3,12.7,23.2,6092,0.5,1.47,2.3
2023-09-30,13.8,10.8,19.1,11710,0.0,1.28,2.0
2023-10-01,15.0,11.8,18.5,5019,2.8,1.35,1.8
2023-10-02,18.9,14.0,24.6,9558,0.0,1.62,1.7
2023-10-03,16.0,12.4,22.4,4774,0.9,1.45,3.6
2023-10-04,14.3,11.7,17.7,7482,0.0,1.34,3.0
2023-10-05,13.1,10.4,16.8,6085,3.8,1.24,2.6
2023-10-06,14.9,11.8,17.4,4373,1.1,1.35,3.0
2023-10-07,14.3,10.4,17.2,4299,20.3,1.24,3.4
2023-10-08,11.5,8.5,15.6,8234,3.6,1.1,1.8
2023-10-09,10.5,8.7,13.0,4153,2.6,1.09,1.9
2023-10-10,14.7,11.9,18.2,5307,0.0,1.36,1.8
2023-10-11,17.5,13.3,21.5,7970,10.8,1.51,3.2
2023-10-12,13.3,10.9,16.4,5378,1.2,1.27,2.3
2023-10-13,17.2,12.1,21.6,5371,14.7,1.42,3.3
2023-10-14,11.8,7.0,17.3,8332,0.6,1.01,4.0
2023-10-15,7.5,4.8,10.4,8135,0.0,0.84,3.2
2023-10-16,7.0,4.0,11.4,5725,0.1,0.8,1.9
2023-10-17,6.0,0.0,12.2,9560,0.0,0.63,1.5
2023-10-18,5.9,-1.0,12.0,9200,0.8,0.59,2.3
2023-10-19,7.0,6.2,7.6,3465,4.5,0.92,2.9
2023-10-20,5.9,5.0,7.0,3400,19.0,0.84,4.0
2023-10-21,9.3,5.8,15.4,4704,1.6,0.92,2.7
2023-10-22,10.7,7.3,15.7,5762,0.2,1.01,2.4
2023-10-23,9.4,5.8,14.6,6583,0.4,0.92,1.6
2023-10-24,11.2,9.8,12.7,3151,3.4,1.17,2.0
2023-10-25,9.8,6.5,13.7,6517,1.3,0.95,2.3
2023-10-26,9.9,8.9,11.5,3031,0.0,1.1,2.3
2023-10-27,8.6,7.5,8.9,2973,8.1,1.0,2.3
2023-10-28,9.1,7.5,11.2,2916,5.7,1.01,2.6
2023-10-29,12.1,8.2,15.7,4033,0.2,1.08,3.3
2023-10-30,12.2,9.7,16.1,5572,4.6,1.18,2.5
2023-10-31,9.4,4.3,11.8,3322,0.5,0.82,3.2
2023-11-01,9.0,4.9,12.5,2885,0.0,0.86,2.7
2023-11-02,10.5,7.0,12.3,2706,0.2,0.97,3.7
2023-11-03,9.1,6.0,12.9,4183,0.0,0.92,3.1
2023-11-04,7.7,3.0,11.7,4898,3.2,0.76,3.6
2023-11-05,9.4,6.8,12.4,2970,4.5,0.96,4.0
2023-11-06,10.2,8.3,11.6,2740,0.1,1.06,4.1
2023-11-07,9.1,6.0,12.3,4142,2.6,0.91,3.4
2023-11-08,8.4,5.9,11.0,2984,3.8,0.91,3.5
2023-11-09,8.5,6.8,9.8,2307,1.2,0.96,3.3
2023-11-10,8.0,5.8,11.0,2711,0.0,0.89,3.1
2023-11-11,6.0,4.5,7.6,2220,0.9,0.81,2.6
2023-11-12,6.0,3.0,8.6,2834,0.8,0.74,1.8
2023-11-13,5.2,0.3,9.2,3541,6.2,0.63,3.1
2023-11-14,10.7,8.8,12.5,2685,1.4,1.1,4.7
2023-11-15,7.4,6.2,8.9,3587,2.3,0.91,3.4
2023-11-16,6.2,3.2,8.3,3167,0.9,0.75,2.7
2023-11-17,4.0,2.7,5.2,2655,0.7,0.72,2.4
2023-11-18,3.9,2.0,6.6,3018,9.4,0.68,2.2
2023-11-19,8.4,4.2,12.0,2118,2.3,0.81,3.8
2023-11-20,9.5,6.9,10.9,1885,4.1,0.97,2.9
2023-11-21,4.9,2.4,6.7,1902,0.0,0.7,2.2
2023-11-22,0.8,-2.6,4.0,2890,0.0,0.49,2.3
2023-11-23,8.4,4.2,11.3,1793,5.4,0.81,4.9
2023-11-24,3.3,0.4,6.4,3095,2.3,0.61,4.9
2023-11-25,0.9,-0.7,3.4,2395,1.8,0.56,3.4
2023-11-26,-0.5,-3.2,0.8,2362,0.2,0.46,2.2
2023-11-27,0.7,-0.3,1.4,1685,0.6,0.57,2.6
2023-11-28,-1.2,-3.0,0.9,2803,1.0,0.47,2.9
2023-11-29,-0.8,-5.2,0.1,1638,5.2,0.4,2.8
2023-11-30,-2.9,-5.8,-0.8,3320,0.0,0.38,1.3
2023-12-01,-3.2,-5.1,-1.7,1595,0.0,0.4,1.6
2023-12-02,-2.2,-4.1,-0.9,2148,0.1,0.43,2.1
2023-12-03,-2.2,-3.7,-1.0,1731,0.0,0.45,2.1
2023-12-04,-2.3,-4.6,-0.5,1539,0.1,0.42,2.6
2023-12-05,-1.3,-2.3,-0.4,1522,1.2,0.49,3.1
2023-12-06,0.1,-0.4,0.5,1506,0.1,0.57,2.2
2023-12-07,0.6,-0.5,1.4,1492,0.0,0.56,1.6
2023-12-08,0.3,-1.4,1.1,1479,0.4,0.53,2.4
2023-12-09,2.9,0.9,5.4,2644,3.9,0.64,2.9
2023-12-10,5.7,3.2,7.4,1455,13.5,0.75,4.0
2023-12-11,7.3,5.3,9.0,1445,5.4,0.86,3.6
2023-12-12,5.4,4.6,6.5,1892,6.4,0.82,2.0
2023-12-13,4.2,2.6,5.0,1427,0.9,0.71,2.4
2023-12-14,2.8,-0.4,4.1,1420,0.0,0.57,2.0
2023-12-15,3.4,-1.5,6.4,1414,0.2,0.54,2.2
2023-12-16,7.2,5.5,8.6,1614,0.0,0.87,2.9
2023-12-17,8.5,6.1,9.8,1650,0.0,0.92,3.1
2023-12-18,6.9,6.7,7.4,1402,0.0,0.95,3.0
2023-12-19,6.6,5.6,7.0,1400,11.2,0.87,3.3
2023-12-20,5.1,4.0,6.3,1685,12.8,0.79,4.2
2023-12-21,7.2,4.6,9.4,1399,10.5,0.82,6.3
2023-12-22,3.0,1.1,4.8,2053,3.8,0.64,6.3
2023-12-23,1.7,0.3,2.9,1403,11.4,0.6,5.0
2023-12-24,8.1,1.0,11.9,1406,8.6,0.67,5.5
2023-12-25,8.9,5.9,10.8,2640,12.2,0.9,5.0
2023-12-26,7.4,3.8,9.1,2279,2.2,0.78,4.6
2023-12-27,3.0,0.0,4.6,1958,0.1,0.59,2.4
2023-12-28,8.9,4.4,10.9,1719,0.5,0.82,4.2
2023-12-29,8.0,5.7,10.0,1479,11.4,0.89,4.8
2023-12-30,5.7,3.0,7.7,2198,0.0,0.73,3.4
2023-12-31,5.3,3.1,7.7,1458,0.6,0.74,3.1
2024-01-01,6.4,4.1,8.2,1554,0.0,0.79,3.7
2024-01-02,5.0,2.7,7.8,1482,16.8,0.72,4.1
2024-01-03,9.0,7.5,10.9,1496,3.6,1.01,5.3
2024-01-04,3.2,0.3,8.4,1511,0.7,0.62,4.0
2024-01-05,0.1,-0.4,0.4,1527,4.1,0.57,2.9
2024-01-06,-0.5,-1.4,0.1,1544,0.4,0.53,2.6
2024-01-07,-1.3,-2.6,0.0,1869,0.0,0.49,3.5
2024-01-08,-3.8,-9.8,-1.4,4325,0.0,0.29,3.5
2024-01-09,-7.7,-11.4,-1.9,4368,0.0,0.26,2.3
2024-01-10,-7.2,-10.6,-2.9,4414,0.0,0.27,1.6
2024-01-11,-1.6,-4.7,0.4,1645,0.0,0.42,1.7
2024-01-12,-0.3,-2.0,2.2,1668,0.2,0.51,2.0
2024-01-13,2.5,1.8,3.5,1693,1.8,0.67,3.4
2024-01-14,2.4,1.0,3.5,1765,2.4,0.63,3.6
2024-01-15,0.7,-1.5,1.9,1745,2.8,0.53,4.3
2024-01-16,-0.7,-2.8,0.7,1821,0.9,0.48,2.6
2024-01-17,-3.1,-4.8,-1.3,2526,0.0,0.41,2.4
2024-01-18,-3.1,-6.8,1.2,4664,0.0,0.36,2.3
2024-01-19,0.1,-3.6,2.1,4184,0.0,0.45,3.1
2024-01-20,1.0,-2.6,3.2,2845,0.0,0.49,3.1
2024-01-21,0.5,-3.2,4.0,1929,0.4,0.47,3.4
2024-01-22,6.5,2.9,9.9,1964,7.8,0.74,5.0
2024-01-23,6.0,4.1,8.0,3189,9.1,0.79,4.6
2024-01-24,8.9,5.5,11.6,2455,4.0,0.88,6.6
2024-01-25,6.1,0.4,8.6,2657,0.0,0.62,3.7
2024-01-26,5.7,1.2,9.7,2274,6.5,0.66,3.9
2024-01-27,4.4,-1.0,8.1,5304,0.0,0.57,2.7
2024-01-28,1.6,-2.4,6.0,6045,0.0,0.51,2.0
2024-01-29,3.0,-0.2,7.8,5467,0.0,0.6,2.0
2024-01-30,4.8,-0.4,9.4,3070,0.3,0.59,2.2
2024-01-31,5.5,4.4,7.4,2325,1.3,0.8,2.9
2024-02-01,6.0,4.0,7.9,4859,0.0,0.79,3.7
2024-02-02,5.9,4.3,9.1,2417,1.2,0.8,3.9
2024-02-03,9.0,6.3,10.3,2465,5.2,0.93,4.4
2024-02-04,6.7,5.2,8.7,2514,7.5,0.85,4.8
2024-02-05,8.8,8.3,9.4,2564,8.3,1.06,5.5
2024-02-06,8.8,5.0,10.7,2615,11.0,0.85,5.7
2024-02-07,3.2,-2.5,6.0,4355,0.2,0.51,4.1
2024-02-08,0.3,-2.5,3.1,2720,2.4,0.5,2.3
2024-02-09,2.3,0.6,5.0,2775,9.1,0.62,3.0
2024-02-10,6.3,5.2,8.1,2830,2.0,0.85,2.1
2024-02-11,5.2,4.7,5.7,2886,8.7,0.82,2.9
2024-02-12,6.1,3.6,8.5,3809,0.1,0.77,2.5
2024-02-13,5.0,2.5,8.1,5633,0.2,0.72,2.6
2024-02-14,6.7,2.3,9.9,3061,4.1,0.71,2.7
2024-02-15,11.1,9.6,12.7,3121,1.8,1.16,2.1
2024-02-16,11.9,9.5,15.7,4233,0.3,1.16,2.6
2024-02-17,7.3,0.8,10.8,6578,0.0,0.65,2.4
2024-02-18,5.7,0.1,9.0,3307,13.9,0.62,2.5
2024-02-19,7.7,5.8,10.0,3807,2.1,0.89,3.7
2024-02-20,8.0,6.7,9.7,4098,0.3,0.95,3.2
2024-02-21,8.3,7.0,9.8,3501,3.5,0.96,3.2
2024-02-22,8.9,7.0,11.6,3944,4.9,0.97,4.1
2024-02-23,7.7,2.9,11.4,6305,0.0,0.75,4.1
2024-02-24,4.3,0.8,9.7,6636,0.5,0.65,2.5
2024-02-25,4.5,-0.3,9.3,5412,0.0,0.6,2.3
2024-02-26,3.6,-1.3,8.8,4473,0.0,0.56,2.1
2024-02-27,3.1,0.9,5.0,3912,0.0,0.63,2.1
2024-02-28,3.7,0.9,8.4,8589,0.0,0.64,1.7
2024-02-29,5.0,0.3,11.3,11164,0.0,0.64,2.4
2024-03-01,6.5,2.3,11.0,8259,0.2,0.72,2.1
2024-03-02,8.2,4.6,13.2,6539,0.7,0.84,2.2
2024-03-03,9.8,6.4,14.0,8159,0.0,0.95,2.3
2024-03-04,8.2,3.3,13.6,9043,0.0,0.78,2.0
2024-03-05,4.8,1.4,7.6,8650,0.0,0.66,2.3
2024-03-06,3.5,-2.5,8.2,10077,0.0,0.52,1.9
2024-03-07,4.6,0.6,8.6,8009,0.0,0.63,2.6
2024-03-08,3.8,-1.8,8.7,13013,0.0,0.54,3.2
2024-03-09,5.2,0.3,10.0,7604,0.0,0.63,3.0
2024-03-10,8.0,3.3,11.7,9706,0.0,0.76,3.4
2024-03-11,9.2,5.4,12.9,5433,0.0,0.88,2.8
2024-03-12,7.6,1.7,11.5,4962,0.0,0.7,2.0
2024-03-13,8.0,1.1,13.5,10084,0.9,0.68,2.0
2024-03-14,11.3,8.0,16.1,9644,0.0,1.06,2.1
2024-03-15,11.0,5.8,16.4,8623,3.2,0.93,2.9
2024-03-16,8.3,2.0,10.7,8542,1.9,0.7,3.5
2024-03-17,3.9,-1.2,8.9,14074,0.0,0.56,1.8
2024-03-18,3.8,-0.8,9.0,11788,0.0,0.58,2.0
2024-03-19,5.1,-1.0,10.1,10544,0.0,0.58,1.7
2024-03-20,8.8,3.4,14.7,7984,5.6,0.8,1.3
2024-03-21,8.9,6.1,12.4,5780,2.4,0.92,2.4
2024-03-22,9.0,6.2,11.3,5760,3.4,0.93,2.6
2024-03-23,6.2,2.6,10.4,11034,1.3,0.73,3.3
2024-03-24,4.8,2.0,7.9,6845,5.1,0.69,4.2
2024-03-25,5.6,0.6,9.8,9312,0.5,0.64,2.6
2024-03-26,6.4,-1.1,11.1,10668,0.0,0.58,2.6
2024-03-27,9.7,4.4,16.4,12777,0.0,0.85,2.4
2024-03-28,7.8,4.7,13.7,9523,1.8,0.85,3.4
2024-03-29,8.9,4.0,14.4,7390,1.0,0.82,2.8
2024-03-30,13.5,7.4,20.5,13055,0.0,1.07,2.1
2024-03-31,11.9,7.5,17.2,11669,0.0,1.03,1.9
2024-04-01,8.4,4.9,11.1,6566,10.4,0.84,2.9
2024-04-02,10.2,8.0,13.5,11242,3.0,1.05,4.3
2024-04-03,8.4,5.5,10.4,6726,9.0,0.88,2.7
2024-04-04,10.6,8.2,13.5,10352,5.7,1.05,3.6
2024-04-05,12.7,9.5,16.8,8111,3.0,1.16,3.2
2024-04-06,15.8,9.9,22.1,14703,0.0,1.24,2.4
2024-04-07,17.5,13.0,23.1,14827,2.6,1.49,2.4
2024-04-08,16.5,12.4,23.0,16992,0.0,1.44,1.8
2024-04-09,14.7,10.6,22.5,11306,0.5,1.3,3.3
2024-04-10,10.8,6.1,15.2,13815,0.0,0.93,2.6
2024-04-11,11.2,5.1,16.0,9083,0.3,0.89,2.3
2024-04-12,14.7,11.0,18.5,8936,0.0,1.29,2.3
2024-04-13,16.0,9.2,21.6,19507,0.0,1.2,2.5
2024-04-14,13.1,7.3,17.2,19876,0.0,1.03,3.2
2024-04-15,8.6,3.0,13.8,10126,4.3,0.77,3.2
2024-04-16,6.0,1.9,10.1,11394,1.5,0.7,4.0
2024-04-17,6.0,0.1,12.5,16947,0.0,0.64,2.1
2024-04-18,5.7,-1.5,12.8,17061,0.7,0.58,2.2
2024-04-19,6.3,4.6,9.5,9985,10.4,0.82,4.0
2024-04-20,4.6,-0.3,8.2,13193,0.2,0.59,2.8
2024-04-21,3.7,-1.1,10.7,17754,0.5,0.58,2.5
2024-04-22,2.6,-2.1,9.1,15801,0.0,0.54,2.0
2024-04-23,4.1,-2.9,10.3,14561,1.8,0.52,2.0
2024-04-24,4.9,2.6,10.0,12821,1.5,0.73,2.5
2024-04-25,5.1,2.5,10.3,10208,1.1,0.72,2.3
2024-04-26,7.2,3.0,11.7,8805,0.4,0.76,2.1
2024-04-27,12.9,4.8,19.6,22577,0.0,0.91,2.1
2024-04-28,16.5,11.2,23.5,15381,0.0,1.35,2.7
2024-04-29,15.2,9.6,21.1,20934,0.0,1.22,1.8
2024-04-30,18.2,9.7,26.3,24525,0.0,1.3,2.1
2024-05-01,20.2,14.1,26.3,24635,0.0,1.63,3.0
2024-05-02,20.4,14.9,25.9,24241,0.0,1.71,3.3
2024-05-03,17.7,12.2,23.6,20573,5.5,1.43,2.8
2024-05-04,14.6,11.0,19.1,14110,0.2,1.3,1.6
2024-05-05,13.3,8.3,18.3,15573,0.7,1.1,2.6
2024-05-06,12.5,5.7,18.7,22867,0.0,0.95,1.9
2024-05-07,11.0,4.5,16.8,14450,0.0,0.87,2.1
2024-05-08,10.7,2.5,18.7,21517,0.0,0.79,1.8
2024-05-09,13.0,2.3,20.9,25936,0.0,0.8,1.5
2024-05-10,16.0,10.3,23.4,19507,0.0,1.28,1.6
2024-05-11,14.2,8.4,20.4,16763,0.0,1.12,1.8
2024-05-12,15.4,8.9,21.1,28248,0.0,1.17,2.4
2024-05-13,17.8,10.7,24.1,28719,0.0,1.33,2.4
2024-05-14,19.0,11.8,25.2,28803,0.0,1.42,3.1
2024-05-15,20.2,13.3,25.5,28755,0.0,1.56,3.1
2024-05-16,20.3,14.7,26.1,25345,0.0,1.69,3.3
2024-05-17,19.8,12.6,25.4,27097,0.0,1.5,3.4
2024-05-18,16.3,12.1,20.6,13173,0.1,1.4,2.1
2024-05-19,15.1,9.7,21.7,17374,5.9,1.23,1.8
2024-05-20,14.8,9.2,20.3,16647,1.4,1.17,1.6
2024-05-21,18.9,11.5,25.7,25283,0.5,1.42,2.9
2024-05-22,17.7,13.9,24.6,12056,14.3,1.59,2.7
2024-05-23,17.3,12.1,22.9,19660,0.0,1.43,1.9
2024-05-24,17.6,9.4,24.9,25843,1.1,1.26,1.7
2024-05-25,16.7,12.7,22.9,18447,3.1,1.47,1.6
2024-05-26,19.1,14.4,24.4,24506,0.5,1.64,1.7
2024-05-27,18.5,14.2,24.1,14211,7.5,1.62,1.8
2024-05-28,14.4,10.1,18.5,16605,0.0,1.23,2.2
2024-05-29,14.4,10.2,20.6,14936,3.6,1.25,2.4
2024-05-30,14.4,10.8,19.1,12214,7.6,1.28,1.8
2024-05-31,16.5,13.7,21.2,16707,0.0,1.55,2.2
2024-06-01,19.0,13.3,25.1,22125,0.0,1.56,2.6
2024-06-02,16.7,13.7,21.4,19922,0.0,1.54,2.9
2024-06-03,14.5,12.4,18.0,13112,0.0,1.4,2.3
2024-06-04,15.4,12.5,19.1,13531,0.8,1.43,1.6
2024-06-05,15.2,9.8,19.6,12500,0.6,1.2,2.5
2024-06-06,13.8,6.4,20.3,22662,0.0,1.0,1.9
2024-06-07,14.1,6.8,20.1,18864,0.0,1.02,1.8
2024-06-08,16.4,9.1,23.7,26397,0.0,1.21,2.4
2024-06-09,13.7,8.3,19.4,25494,0.0,1.1,2.5
2024-06-10,12.0,6.9,17.7,17732,5.9,1.01,2.4
2024-06-11,11.1,8.5,16.0,14053,3.3,1.1,3.1
2024-06-12,11.3,7.7,15.8,18814,3.0,1.04,2.3
2024-06-13,12.0,6.6,17.1,21068,0.0,0.98,1.8
2024-06-14,16.1,10.9,22.3,14216,0.1,1.32,2.4
2024-06-15,15.2,10.6,20.4,18050,5.7,1.29,3.2
2024-06-16,17.5,10.0,23.6,21618,0.2,1.26,2.4
2024-06-17,17.4,12.5,23.8,20963,2.2,1.47,1.9
2024-06-18,18.0,12.7,24.7,21361,14.7,1.49,1.6
2024-06-19,15.6,9.7,21.3,14896,0.3,1.21,2.2
2024-06-20,15.9,7.7,21.5,24790,0.0,1.08,1.7
2024-06-21,19.9,15.8,25.3,15420,1.8,1.78,2.1
2024-06-22,18.3,15.3,23.0,18318,0.0,1.71,2.9
2024-06-23,17.1,11.4,23.1,19499,0.0,1.38,1.9
2024-06-24,18.8,9.8,25.7,27402,0.0,1.29,1.7
2024-06-25,21.9,13.3,28.0,28313,0.0,1.59,2.2
2024-06-26,23.9,14.8,31.1,28562,0.0,1.8,1.9
2024-06-27,23.4,18.1,31.6,19192,3.7,2.12,1.8
2024-06-28,20.8,14.2,25.7,23786,0.0,1.65,2.5
2024-06-29,21.0,11.1,27.8,27717,28.7,1.42,1.8
2024-06-30,18.3,15.7,21.4,11246,3.8,1.73,2.8
2024-07-01,14.6,12.8,17.1,12282,4.8,1.44,2.3
2024-07-02,14.2,12.3,18.1,11343,1.0,1.4,2.7
2024-07-03,14.2,11.9,19.0,10929,0.3,1.36,2.2
2024-07-04,14.0,9.0,19.6,16555,9.2,1.15,3.2
2024-07-05,14.9,8.2,19.9,21386,0.0,1.11,2.8
2024-07-06,19.7,13.1,28.7,20175,1.3,1.58,3.2
2024-07-07,16.6,11.5,22.4,25124,0.0,1.36,2.4
2024-07-08,18.4,10.4,24.9,21943,0.0,1.32,1.6
2024-07-09,23.8,16.9,30.0,24263,0.0,1.97,2.0
2024-07-10,22.3,19.2,26.6,18730,3.4,2.2,1.9
2024-07-11,20.8,15.3,25.7,19346,1.3,1.74,1.6
2024-07-12,19.6,13.4,24.9,11344,2.9,1.55,2.3
2024-07-13,15.9,11.4,19.7,15222,0.0,1.33,2.5
2024-07-14,17.4,10.4,24.5,24822,0.0,1.32,1.9
2024-07-15,20.0,13.2,26.7,27113,5.2,1.56,1.8
2024-07-16,19.2,14.6,26.3,18609,8.0,1.68,2.6
2024-07-17,17.7,13.6,22.7,17522,1.3,1.55,2.4
2024-07-18,18.9,11.6,25.4,26939,0.0,1.41,1.4
2024-07-19,21.9,12.8,28.6,27653,0.0,1.56,1.4
2024-07-20,23.6,15.4,30.4,27587,0.0,1.83,1.6
2024-07-21,23.8,19.1,32.1,24420,0.2,2.27,1.8
2024-07-22,18.8,12.4,22.7,14426,0.2,1.45,2.5
2024-07-23,18.5,12.2,27.3,18107,3.1,1.49,2.2
2024-07-24,17.9,10.7,22.1,17918,0.0,1.3,2.5
2024-07-25,16.5,9.2,23.4,24400,0.1,1.21,1.4
2024-07-26,18.1,14.5,23.2,11902,0.5,1.64,1.8
2024-07-27,17.5,15.6,21.0,9802,11.3,1.73,1.3
2024-07-28,17.9,13.5,22.9,18810,2.7,1.54,2.5
2024-07-29,17.6,10.2,24.7,27398,0.0,1.31,1.7
2024-07-30,20.3,11.2,28.6,25782,0.0,1.44,1.4
2024-07-31,21.4,13.9,28.0,21635,0.0,1.64,1.5
2024-08-01,21.1,12.6,28.3,23703,0.0,1.54,1.7
2024-08-02,18.2,13.1,21.8,9603,0.3,1.5,1.8
2024-08-03,19.4,11.5,26.8,19744,6.7,1.44,1.5
2024-08-04,18.8,12.6,23.6,15514,0.0,1.46,2.3
2024-08-05,17.5,11.4,24.2,19823,0.0,1.38,1.5
2024-08-06,20.8,11.5,27.3,24980,0.0,1.45,1.5
2024-08-07,22.0,16.7,30.4,22757,21.0,1.97,1.8
2024-08-08,18.9,14.4,24.3,18307,0.0,1.64,1.8
2024-08-09,17.5,13.6,21.2,11528,4.2,1.53,2.7
2024-08-10,19.1,11.4,24.9,21580,0.1,1.39,2.3
2024-08-11,19.6,12.0,25.4,21721,0.0,1.44,1.8
2024-08-12,19.2,9.8,27.0,25048,0.0,1.31,1.6
2024-08-13,23.6,15.9,30.5,23948,0.0,1.88,2.1
2024-08-14,24.2,17.9,30.3,21634,0.1,2.1,1.8
2024-08-15,21.4,17.2,26.5,17633,0.1,1.95,1.7
2024-08-16,21.7,16.3,28.7,18619,3.6,1.88,1.9
2024-08-17,18.1,13.6,19.6,8871,10.1,1.52,1.5
2024-08-18,16.6,13.3,20.5,8319,0.0,1.5,1.7
2024-08-19,16.4,10.5,22.8,17810,0.0,1.29,1.7
2024-08-20,19.5,10.8,26.0,21864,0.4,1.37,1.8
2024-08-21,17.2,11.4,21.6,13910,0.6,1.36,3.2
2024-08-22,17.4,11.7,22.9,12985,0.0,1.4,2.3
2024-08-23,21.1,15.8,28.2,17235,0.0,1.83,3.2
2024-08-24,24.2,15.4,31.3,19924,1.9,1.83,2.6
2024-08-25,18.1,10.4,22.9,15486,0.0,1.3,2.8
2024-08-26,16.5,9.1,24.5,19542,0.0,1.23,1.6
2024-08-27,18.9,8.6,26.7,21596,0.0,1.22,1.7
2024-08-28,22.6,13.2,29.3,21219,0.0,1.62,1.8
2024-08-29,25.5,18.0,33.3,19701,0.9,2.15,1.6
2024-08-30,18.3,13.8,22.4,8782,4.7,1.56,1.9
