Date,TempMean,TempMin,TempMax,Radiation,Precipitation,VapPressure,Windspeed
2000-01-01,2.4,-2.4,4.5,1657,2.5,0.5,2.1
2000-01-02,4.3,2.9,5.1,1670,0.0,0.73,2.3
2000-01-03,6.2,4.7,7.2,1685,0.1,0.82,3.2
2000-01-04,5.2,5.0,6.6,1701,2.9,0.84,3.3
2000-01-05,1.6,-1.5,6.9,4396,0.0,0.54,3.1
2000-01-06,2.6,-2.8,6.4,4563,0.7,0.5,2.7
2000-01-07,4.4,2.8,8.3,3288,0.0,0.73,2.3
2000-01-08,4.2,-0.6,6.2,2790,2.1,0.57,2.9
2000-01-09,2.8,1.5,5.9,1840,0.0,0.66,1.7
2000-01-10,1.6,-1.1,2.5,1818,0.0,0.54,1.7
2000-01-11,-0.3,-1.5,3.0,3517,0.0,0.53,2.2
2000-01-12,-1.5,-5.5,1.9,4790,0.0,0.4,2.7
2000-01-13,-2.7,-5.7,0.8,4842,0.0,0.39,2.6
2000-01-14,-1.3,-3.0,-0.2,1919,0.0,0.47,1.5
2000-01-15,-1.2,-1.9,0.4,1947,0.0,0.51,1.6
2000-01-16,2.9,-3.2,4.4,1977,1.0,0.47,2.5
2000-01-17,7.3,4.5,7.9,2007,0.9,0.81,5.4
2000-01-18,3.6,1.6,7.7,3976,3.0,0.67,5.4
2000-01-19,-0.1,-1.4,3.4,2953,0.2,0.53,2.8
2000-01-20,3.6,-2.7,4.5,2106,2.3,0.49,4.1
2000-01-21,-0.2,-2.7,4.7,2691,0.0,0.49,4.2
2000-01-22,-1.7,-2.9,0.4,2177,6.4,0.48,2.6
2000-01-23,-8.8,-11.7,-2.4,3340,0.0,0.25,2.1
2000-01-24,-7.0,-11.3,-2.5,5151,0.0,0.26,1.4
2000-01-25,-6.2,-14.9,-2.0,4177,0.0,0.2,1.9
2000-01-26,1.8,-4.6,2.9,2333,0.2,0.43,2.8
2000-01-27,2.2,1.8,3.4,2375,0.1,0.67,3.4
2000-01-28,0.9,0.4,2.4,2419,0.8,0.6,4.2
2000-01-29,5.7,0.0,8.4,2463,6.2,0.61,6.5
2000-01-30,4.8,2.5,7.7,4897,5.2,0.71,5.8
2000-01-31,8.0,3.5,11.4,5535,2.5,0.78,5.9
2000-02-01,8.7,6.5,10.4,2603,2.7,0.94,3.6
2000-02-02,6.5,5.5,8.1,2651,1.3,0.87,3.8
2000-02-03,2.8,0.3,7.3,4801,0.1,0.61,3.9
2000-02-04,6.6,-1.6,8.3,3048,0.5,0.55,3.9
2000-02-05,6.9,4.4,8.9,3103,0.0,0.81,3.5
2000-02-06,7.1,3.5,13.5,4370,0.0,0.79,2.7
2000-02-07,8.3,4.0,10.1,4137,1.3,0.8,4.3
2000-02-08,8.9,6.6,9.9,3215,4.5,0.94,5.5
2000-02-09,4.9,3.9,10.0,3338,1.6,0.78,5.9
2000-02-10,6.9,5.1,9.9,5814,2.5,0.85,4.0
2000-02-11,3.9,1.7,8.5,6356,0.0,0.68,2.7
2000-02-12,2.7,-2.3,7.5,8994,0.7,0.52,3.4
2000-02-13,2.8,1.1,4.5,4051,4.3,0.64,3.9
2000-02-14,2.1,0.8,4.9,3988,1.0,0.63,2.9
2000-02-15,4.1,0.8,8.9,4329,0.2,0.64,3.2
2000-02-16,2.5,0.6,6.3,4541,1.7,0.62,3.9
2000-02-17,2.0,-0.7,4.9,4756,0.1,0.56,2.9
2000-02-18,2.4,0.1,6.0,5046,0.4,0.6,3.0
2000-02-19,2.1,1.1,4.3,3643,1.1,0.63,2.6
2000-02-20,0.9,0.3,3.5,4283,0.0,0.6,2.5
2000-02-21,-2.3,-4.2,2.4,5952,0.0,0.44,1.4
2000-02-22,-0.1,-5.0,2.1,3994,3.3,0.41,1.7
2000-02-23,1.5,-0.4,6.9,5696,0.0,0.59,1.5
2000-02-24,3.6,-2.6,6.9,3988,6.8,0.51,3.2
2000-02-25,2.5,0.7,4.9,4893,0.6,0.62,3.4
2000-02-26,5.2,2.4,7.6,4514,0.0,0.71,2.1
2000-02-27,5.8,-2.3,10.9,10172,0.0,0.54,2.7
2000-02-28,10.1,6.7,17.4,10468,1.3,0.99,4.4
2000-02-29,7.1,3.7,10.2,7441,2.0,0.78,4.0
2000-03-01,5.6,3.2,8.9,5147,0.0,0.74,4.1
2000-03-02,3.9,1.6,6.9,8547,3.9,0.66,4.3
2000-03-03,4.8,3.0,9.4,4823,2.0,0.75,6.1
2000-03-04,1.0,-0.3,4.2,7463,0.0,0.58,4.6
2000-03-05,1.4,-0.6,3.9,6318,0.6,0.56,3.7
2000-03-06,6.5,0.5,8.9,5906,0.0,0.63,3.9
2000-03-07,9.7,6.5,12.9,5399,2.7,0.95,4.8
2000-03-08,11.0,8.9,11.7,4967,6.4,1.09,5.4
2000-03-09,7.9,4.8,12.6,5220,3.9,0.85,5.8
2000-03-10,3.5,-2.1,7.8,8894,2.7,0.53,3.0
2000-03-11,6.2,2.1,10.0,6711,3.1,0.7,4.8
2000-03-12,4.1,2.7,6.5,8323,1.5,0.72,1.7
2000-03-13,8.3,3.7,11.9,8161,1.1,0.79,2.0
2000-03-14,6.9,4.5,10.2,5450,8.1,0.82,3.9
2000-03-15,3.4,1.1,7.4,9383,5.3,0.64,4.8
2000-03-16,3.6,1.5,6.6,7278,8.9,0.66,3.9
2000-03-17,3.5,0.5,7.1,7561,0.1,0.62,3.4
2000-03-18,3.9,-1.4,8.9,12270,0.0,0.56,2.0
2000-03-19,4.8,-1.4,10.4,13830,0.0,0.56,2.3
2000-03-20,5.3,3.2,6.5,5942,0.0,0.74,2.1
2000-03-21,4.4,1.4,10.2,8050,0.0,0.67,1.6
2000-03-22,4.6,-1.1,12.4,10578,0.0,0.59,1.6
2000-03-23,5.4,0.2,13.8,10598,0.0,0.65,1.5
2000-03-24,7.4,-0.3,10.9,7261,0.3,0.61,2.7
2000-03-25,9.6,6.0,13.9,7550,0.0,0.92,2.1
2000-03-26,7.2,4.0,14.3,8643,0.6,0.82,2.0
2000-03-27,5.9,4.5,8.4,6522,1.3,0.82,1.9
2000-03-28,5.1,3.1,6.9,6605,8.0,0.74,3.0
2000-03-29,7.2,4.5,8.1,6688,0.1,0.82,3.8
2000-03-30,6.2,5.2,8.2,6770,2.8,0.85,3.7
2000-03-31,5.3,4.8,6.9,6852,0.6,0.83,1.9
2000-04-01,7.5,0.0,11.6,8291,0.0,0.62,1.5
2000-04-02,8.1,2.4,13.6,13841,0.0,0.74,1.8
2000-04-03,11.5,2.9,18.6,20515,0.0,0.81,2.6
2000-04-04,9.5,5.4,13.6,8880,0.7,0.88,2.2
2000-04-05,3.9,1.0,9.1,8436,0.0,0.65,3.2
2000-04-06,4.6,-1.8,10.8,20461,0.0,0.56,2.8
2000-04-07,4.9,1.4,8.6,8827,0.1,0.66,2.5
2000-04-08,6.6,1.2,9.9,9350,0.0,0.66,1.5
2000-04-09,4.9,2.8,11.1,15563,0.0,0.74,2.6
2000-04-10,4.7,-2.4,12.1,19641,0.0,0.55,2.0
2000-04-11,7.2,-1.2,13.5,16577,0.0,0.59,1.8
2000-04-12,6.1,0.9,11.7,8038,3.8,0.66,2.9
2000-04-13,8.3,1.4,13.1,13696,2.4,0.69,3.5
2000-04-14,7.8,6.0,11.2,10549,0.7,0.91,2.6
2000-04-15,12.1,0.0,21.1,12778,23.7,0.72,2.4
2000-04-16,8.9,5.9,15.1,18080,0.0,0.93,2.7
2000-04-17,13.9,5.2,21.4,16040,0.0,0.94,2.8
2000-04-18,13.6,10.1,19.6,12267,0.5,1.23,1.9
2000-04-19,12.6,10.4,17.6,9721,1.2,1.24,1.7
2000-04-20,12.7,7.1,20.6,19467,0.0,1.05,1.5
2000-04-21,14.7,7.6,24.9,20969,0.0,1.13,1.9
2000-04-22,19.1,9.9,26.9,21088,0.0,1.31,2.1
2000-04-23,21.7,12.0,29.6,22253,0.0,1.53,1.9
2000-04-24,12.9,11.0,19.0,8703,1.3,1.3,2.6
2000-04-25,9.5,7.5,13.5,18972,0.0,1.01,1.7
2000-04-26,16.3,3.0,23.6,22839,0.0,0.86,2.3
2000-04-27,20.0,11.9,27.1,19766,0.0,1.47,2.2
2000-04-28,20.5,16.9,25.9,11106,0.0,1.92,2.8
2000-04-29,20.3,15.6,27.8,23053,0.0,1.79,2.3
2000-04-30,18.9,10.4,29.1,18515,1.2,1.38,1.4
2000-05-01,20.3,12.9,27.2,22547,0.0,1.55,1.8
2000-05-02,17.3,12.9,24.0,27677,0.0,1.5,2.3
2000-05-03,14.2,8.1,22.4,27068,0.0,1.14,1.7
2000-05-04,15.0,5.6,24.0,26693,0.0,1.01,1.5
2000-05-05,17.4,5.4,25.8,29692,0.0,1.01,1.9
2000-05-06,17.9,6.9,26.1,28711,0.0,1.12,2.2
2000-05-07,19.5,9.8,27.0,9775,0.0,1.31,2.3
2000-05-08,20.4,12.2,27.1,20162,0.0,1.48,1.9
2000-05-09,20.2,10.9,26.5,20484,0.0,1.38,1.4
2000-05-10,19.5,11.7,27.9,25930,0.0,1.46,1.3
2000-05-11,20.1,12.0,27.5,28216,0.0,1.47,1.9
2000-05-12,15.2,10.3,21.0,24995,0.0,1.27,2.6
2000-05-13,14.4,5.6,22.7,28510,0.0,0.99,1.8
2000-05-14,17.9,5.4,27.5,30067,0.0,1.05,1.5
2000-05-15,20.5,7.8,30.6,10202,0.0,1.23,1.3
2000-05-16,21.7,9.4,32.1,10004,0.0,1.37,1.5
2000-05-17,17.5,11.9,31.8,10050,0.0,1.55,2.6
2000-05-18,14.6,9.9,20.8,10096,0.0,1.23,2.3
2000-05-19,12.9,5.8,19.0,17446,8.8,0.95,2.4
2000-05-20,10.2,7.9,12.0,12787,10.9,1.04,2.2
2000-05-21,13.5,7.8,18.3,19411,6.1,1.06,1.5
2000-05-22,11.1,10.2,14.0,10513,8.2,1.21,2.2
2000-05-23,14.4,6.0,20.5,11175,0.0,0.99,1.8
2000-05-24,16.6,10.9,20.5,13206,0.0,1.3,2.1
2000-05-25,15.5,12.8,21.1,11250,3.5,1.45,3.2
2000-05-26,15.4,9.4,20.7,30754,0.0,1.19,2.2
2000-05-27,13.4,11.3,19.3,16192,3.4,1.32,3.4
2000-05-28,14.3,7.9,19.5,17354,0.0,1.08,3.8
2000-05-29,11.6,8.7,17.0,24896,0.0,1.12,3.6
2000-05-30,11.6,7.0,15.5,22057,0.1,0.99,1.9
2000-05-31,13.3,4.9,20.0,23846,0.0,0.91,1.5
2000-06-01,18.1,5.6,21.8,17489,0.0,0.97,2.1
2000-06-02,21.1,15.6,29.8,29934,0.0,1.85,2.3
2000-06-03,21.0,12.8,26.6,24949,2.0,1.54,1.6
2000-06-04,20.5,15.1,28.6,20962,0.0,1.77,2.1
2000-06-05,16.9,15.7,19.4,11066,7.2,1.74,1.7
2000-06-06,15.1,13.3,16.7,11211,0.0,1.47,2.9
2000-06-07,13.7,9.8,18.5,19148,0.1,1.2,3.0
2000-06-08,15.6,6.0,22.2,27466,0.0,0.99,1.8
2000-06-09,21.7,10.5,29.5,30253,0.0,1.4,2.6
2000-06-10,25.1,14.2,34.5,27253,0.1,1.81,1.9
2000-06-11,20.5,17.1,28.0,21356,4.4,1.95,2.2
2000-06-12,18.6,13.8,23.5,26025,0.0,1.57,2.3
2000-06-13,24.1,11.8,31.0,29938,0.0,1.53,2.1
2000-06-14,19.9,14.6,25.0,17362,3.7,1.67,1.8
2000-06-15,14.5,13.1,18.5,14726,0.1,1.47,2.9
2000-06-16,13.0,9.0,17.5,21529,0.0,1.13,3.2
2000-06-17,14.1,5.6,21.9,29715,0.0,0.97,1.7
2000-06-18,20.2,6.6,28.0,26318,0.0,1.12,1.5
2000-06-19,25.6,11.6,34.5,30221,0.0,1.57,1.5
2000-06-20,26.7,15.1,37.0,30218,0.0,1.96,1.5
2000-06-21,28.1,17.2,37.5,27571,0.0,2.19,1.9
2000-06-22,20.7,17.3,29.5,18003,2.6,2.01,2.4
2000-06-23,17.6,12.6,25.3,19255,0.0,1.5,2.7
2000-06-24,13.8,11.3,20.9,12832,3.3,1.33,2.5
2000-06-25,14.3,11.3,18.5,11944,0.0,1.32,3.1
2000-06-26,13.1,11.2,17.0,16837,0.2,1.29,3.5
2000-06-27,12.8,10.1,16.0,14060,0.0,1.21,3.3
2000-06-28,12.5,9.7,16.1,13041,0.0,1.18,2.7
2000-06-29,13.4,10.6,15.0,10767,0.0,1.24,2.5
2000-06-30,14.2,10.9,16.2,13513,0.0,1.27,2.5
2000-07-01,18.7,6.1,24.3,26168,0.2,1.03,2.1
2000-07-02,17.8,12.9,24.3,14354,0.0,1.52,1.4
2000-07-03,20.1,15.4,26.1,13330,0.2,1.77,1.9
2000-07-04,18.4,14.1,23.8,14060,0.0,1.62,1.8
2000-07-05,18.1,14.7,23.1,12408,0.0,1.66,2.9
2000-07-06,15.3,13.3,21.2,14260,0.9,1.5,2.2
2000-07-07,17.2,7.5,22.1,20735,0.0,1.09,1.9
2000-07-08,14.3,11.7,17.7,12705,0.0,1.34,2.6
2000-07-09,16.9,11.6,22.2,15672,0.1,1.37,2.8
2000-07-10,16.2,14.1,22.4,14766,1.6,1.6,3.2
2000-07-11,17.8,14.5,23.2,17723,0.0,1.64,3.0
2000-07-12,14.7,12.8,17.0,11210,0.0,1.43,3.4
2000-07-13,15.5,8.9,21.5,18143,0.0,1.17,2.9
2000-07-14,14.1,13.1,21.7,12135,3.1,1.5,2.6
2000-07-15,14.5,9.6,18.6,15574,0.0,1.19,2.1
2000-07-16,16.4,8.9,22.6,16896,0.0,1.18,1.7
2000-07-17,16.3,12.1,19.6,15116,0.0,1.38,2.0
2000-07-18,13.7,12.1,15.1,10245,0.1,1.36,2.5
2000-07-19,14.1,12.6,16.0,10328,0.1,1.41,3.2
2000-07-20,16.3,13.0,20.8,11767,0.2,1.48,3.0
2000-07-21,14.8,12.1,16.8,10119,0.1,1.36,2.6
2000-07-22,15.0,13.5,20.1,11798,10.5,1.52,1.7
2000-07-23,17.5,10.3,24.1,18016,1.0,1.3,1.2
2000-07-24,20.8,10.1,26.5,21391,0.0,1.32,1.7
2000-07-25,19.7,16.1,26.4,16058,6.8,1.85,2.4
2000-07-26,18.4,17.1,22.5,12086,0.6,1.89,2.0
2000-07-27,19.1,16.1,24.1,12764,3.1,1.81,1.7
2000-07-28,18.0,15.1,22.7,10758,3.4,1.7,2.2
2000-07-29,15.4,14.1,16.6,9731,20.2,1.56,2.4
2000-07-30,16.8,13.9,20.5,11255,0.6,1.56,2.3
2000-07-31,15.4,13.2,20.1,13376,0.0,1.49,1.7
2000-08-01,19.6,9.2,27.8,22614,0.0,1.27,1.5
2000-08-02,18.3,14.6,22.7,12283,8.8,1.64,2.1
2000-08-03,18.1,11.7,24.2,20396,0.2,1.41,1.8
2000-08-04,17.4,12.7,24.4,21630,0.1,1.49,1.4
2000-08-05,17.3,11.0,25.7,24171,0.0,1.38,1.6
2000-08-06,18.0,10.2,23.4,20134,0.1,1.28,2.0
2000-08-07,15.8,12.9,22.0,19090,0.0,1.49,2.4
2000-08-08,15.9,10.2,18.7,10336,0.6,1.24,1.8
2000-08-09,14.9,9.4,22.0,22459,0.0,1.2,1.6
2000-08-10,19.7,9.2,26.7,11971,1.8,1.26,2.0
2000-08-11,18.2,16.4,20.9,9073,0.0,1.8,1.9
2000-08-12,18.9,13.7,25.7,17684,0.0,1.58,1.2
2000-08-13,20.9,12.2,30.5,22613,0.0,1.53,1.1
2000-08-14,22.5,12.2,32.7,24362,0.0,1.59,1.3
2000-08-15,21.4,16.2,30.7,16114,7.6,1.91,1.9
2000-08-16,19.7,17.2,26.1,15093,6.8,1.95,1.9
2000-08-17,19.5,15.2,25.7,20184,3.7,1.74,2.0
2000-08-18,19.6,15.0,24.2,16166,8.5,1.7,1.5
2000-08-19,19.8,17.3,26.2,11376,3.4,1.96,1.7
2000-08-20,20.2,17.5,25.5,13683,9.5,1.97,1.7
2000-08-21,16.8,14.2,21.7,10299,0.2,1.6,2.0
2000-08-22,15.1,12.4,21.6,17783,0.4,1.43,1.4
2000-08-23,14.3,11.2,21.6,19353,0.0,1.33,1.6
2000-08-24,16.9,7.7,22.4,18892,0.0,1.11,2.2
2000-08-25,15.7,13.1,21.5,14867,0.0,1.49,1.9
2000-08-26,17.5,7.6,23.2,22299,0.0,1.11,2.8
2000-08-27,19.3,12.7,25.7,21160,0.1,1.5,2.4
2000-08-28,17.6,15.2,20.7,10254,4.4,1.69,1.7
2000-08-29,16.5,10.2,23.4,15627,0.0,1.28,1.3
2000-08-30,16.4,11.2,23.2,19746,0.0,1.36,1.3
2000-08-31,16.5,12.7,22.9,12576,0.0,1.47,1.3
2000-09-01,17.0,10.9,23.7,15372,5.0,1.33,1.8
2000-09-02,14.8,13.3,18.9,11292,4.7,1.48,2.9
2000-09-03,13.8,12.3,14.6,7363,4.9,1.38,3.6
2000-09-04,11.8,9.6,17.5,8445,0.0,1.18,2.2
2000-09-05,12.3,8.8,16.7,7831,1.1,1.12,1.6
2000-09-06,14.7,7.7,20.4,11819,7.6,1.09,2.4
2000-09-07,13.4,11.3,19.4,10359,0.2,1.33,2.3
2000-09-08,16.3,10.0,19.1,6853,0.9,1.22,2.1
2000-09-09,18.8,17.1,22.3,8513,0.6,1.9,1.5
2000-09-10,17.1,15.3,22.7,8624,0.0,1.71,1.2
2000-09-11,14.5,11.6,19.2,9035,0.0,1.35,1.3
2000-09-12,17.3,8.9,23.0,15060,0.0,1.18,1.9
2000-09-13,17.4,15.5,22.6,10034,0.0,1.73,2.2
2000-09-14,14.4,12.6,19.8,8046,0.0,1.43,1.4
2000-09-15,16.0,11.3,20.2,8639,0.0,1.33,2.1
2000-09-16,14.0,12.4,17.8,7955,10.6,1.41,3.0
2000-09-17,11.8,11.0,13.7,6504,0.1,1.27,2.0
2000-09-18,11.8,10.1,17.1,9973,0.0,1.21,2.1
2000-09-19,9.2,5.6,14.7,17197,0.0,0.9,3.0
2000-09-20,10.3,5.7,12.1,6817,0.0,0.9,3.1
2000-09-21,12.5,7.7,17.7,11791,0.0,1.06,2.8
2000-09-22,10.7,4.6,19.0,14171,0.0,0.9,1.6
2000-09-23,11.4,4.1,19.3,15863,0.0,0.87,2.3
2000-09-24,9.9,4.1,16.7,15969,0.0,0.84,2.4
2000-09-25,12.4,4.7,19.5,11538,0.0,0.91,1.5
2000-09-26,14.8,11.6,19.2,7452,0.0,1.35,1.5
2000-09-27,16.0,10.0,24.9,12072,0.0,1.29,1.8
2000-09-28,17.8,11.8,24.1,9814,0.0,1.4,2.2
2000-09-29,17.0,12.1,23.2,14675,0.0,1.43,2.2
2000-09-30,15.8,11.1,23.0,14421,0.0,1.34,2.0
2000-10-01,16.4,9.3,23.6,10908,14.0,1.23,1.6
2000-10-02,13.6,10.7,19.7,9074,0.1,1.27,1.9
2000-10-03,11.9,7.3,19.2,11396,0.0,1.04,1.5
2000-10-04,14.0,8.7,20.1,5505,0.0,1.15,1.2
2000-10-05,15.0,11.3,18.1,4926,5.9,1.32,1.2
2000-10-06,11.0,10.5,15.0,4766,0.9,1.23,2.1
2000-10-07,9.2,8.5,11.2,4527,7.8,1.07,1.3
2000-10-08,10.6,7.9,13.6,5972,1.5,1.04,1.9
2000-10-09,10.2,8.5,11.5,4377,1.5,1.07,1.9
2000-10-10,9.8,6.8,12.0,4539,0.5,0.96,3.7
2000-10-11,12.0,6.2,14.7,4695,0.1,0.94,3.6
2000-10-12,10.7,8.5,16.6,6152,0.2,1.09,2.2
2000-10-13,12.2,7.0,16.5,6589,0.0,1.01,1.4
2000-10-14,12.1,8.6,17.4,7616,0.0,1.12,1.3
2000-10-15,13.5,10.3,15.3,3945,0.0,1.21,2.4
2000-10-16,12.8,10.3,19.1,5930,0.0,1.25,2.7
2000-10-17,11.4,6.7,16.7,6128,0.0,0.98,1.8
2000-10-18,8.8,5.0,16.0,7397,0.0,0.89,1.4
2000-10-19,10.4,7.6,15.4,4452,0.0,1.03,1.7
2000-10-20,10.0,4.0,14.6,7531,0.0,0.82,1.8
2000-10-21,11.4,7.5,16.6,7766,0.0,1.04,2.2
2000-10-22,10.1,5.0,18.9,8885,0.0,0.92,1.5
2000-10-23,11.0,4.4,17.8,8691,1.0,0.86,2.1
2000-10-24,13.0,10.4,15.6,4755,0.0,1.23,3.5
2000-10-25,13.3,10.8,14.6,3290,0.1,1.26,3.9
2000-10-26,9.8,7.8,14.3,4143,2.9,1.03,3.4
2000-10-27,9.8,6.3,12.1,4460,0.9,0.93,3.0
2000-10-28,11.7,10.5,13.6,3111,0.2,1.23,2.6
2000-10-29,11.6,9.3,15.6,5635,0.2,1.15,4.0
2000-10-30,14.3,8.3,16.6,2997,0.0,1.09,5.3
2000-10-31,11.0,10.3,15.5,2941,0.0,1.22,3.9
2000-11-01,9.6,6.9,14.0,5376,0.0,0.97,3.5
2000-11-02,9.5,4.1,13.3,6372,0.0,0.82,3.2
2000-11-03,7.6,5.4,10.7,2781,2.6,0.87,2.3
2000-11-04,5.5,2.1,11.7,4193,0.0,0.71,2.2
2000-11-05,4.4,1.1,10.7,5629,0.0,0.66,2.3
2000-11-06,6.8,0.6,8.0,3088,0.0,0.62,3.4
2000-11-07,8.8,6.8,14.0,5857,0.0,0.97,2.7
2000-11-08,8.4,3.3,13.0,4767,0.0,0.77,3.3
2000-11-09,8.0,6.0,12.4,4309,0.0,0.91,3.2
2000-11-10,6.9,4.8,10.1,5605,0.0,0.84,3.1
2000-11-11,6.7,3.7,10.2,5147,0.0,0.78,3.0
2000-11-12,7.9,2.1,12.3,4328,0.0,0.72,3.2
2000-11-13,9.8,7.8,12.5,2317,0.7,1.03,2.2
2000-11-14,8.9,7.2,10.8,2277,8.3,0.98,1.4
2000-11-15,7.4,5.6,10.1,4140,0.8,0.88,2.1
2000-11-16,4.4,2.6,9.3,4895,0.0,0.73,2.5
2000-11-17,3.7,-1.4,5.0,2163,2.4,0.54,1.7
2000-11-18,4.2,3.1,7.4,3620,0.0,0.74,3.0
2000-11-19,4.5,2.1,8.7,4455,0.5,0.7,3.5
2000-11-20,4.7,2.4,10.0,3374,0.0,0.71,2.5
2000-11-21,4.7,0.4,6.1,2028,3.7,0.61,1.9
2000-11-22,7.7,2.1,10.5,3093,0.3,0.7,3.0
2000-11-23,5.3,0.0,10.0,3477,0.0,0.62,2.4
2000-11-24,5.3,1.6,8.1,2592,0.0,0.67,2.2
2000-11-25,3.3,-0.2,6.6,1910,0.0,0.59,1.9
2000-11-26,4.4,1.2,6.0,2847,0.0,0.65,2.9
2000-11-27,6.4,4.4,8.4,3268,0.0,0.8,2.5
2000-11-28,7.0,2.1,9.0,1834,1.5,0.7,2.5
2000-11-29,9.4,8.2,13.8,3018,0.0,1.05,2.3
2000-11-30,7.2,3.6,12.0,2055,0.0,0.79,1.8
2000-12-01,5.8,3.0,9.5,3792,0.0,0.74,2.3
2000-12-02,6.7,2.5,10.3,1923,0.8,0.72,1.9
2000-12-03,7.0,1.8,10.5,3464,0.0,0.69,2.2
2000-12-04,3.9,-0.2,8.5,3607,0.0,0.6,2.3
2000-12-05,6.0,2.7,10.9,3665,0.0,0.74,2.4
2000-12-06,3.3,0.6,7.0,3595,0.0,0.62,2.4
2000-12-07,5.3,2.0,8.9,3909,0.0,0.69,2.6
2000-12-08,9.4,4.0,10.9,1653,0.2,0.79,3.0
2000-12-09,7.9,6.5,11.9,3359,0.0,0.94,2.7
2000-12-10,7.9,5.2,9.4,1881,1.8,0.86,3.6
2000-12-11,9.3,7.9,10.9,1662,1.7,1.03,3.9
2000-12-12,11.6,9.4,14.0,1653,0.9,1.14,3.3
2000-12-13,11.0,9.2,13.9,3173,0.0,1.13,5.4
2000-12-14,7.6,6.6,9.4,2463,0.1,0.94,4.3
2000-12-15,4.8,3.6,7.1,2332,5.6,0.76,4.5
2000-12-16,3.6,1.8,5.1,1589,1.9,0.67,4.7
2000-12-17,3.5,2.0,4.6,1585,0.2,0.68,2.3
2000-12-18,-0.1,-2.6,3.3,2443,0.0,0.49,1.5
2000-12-19,0.7,-3.4,1.9,1582,0.0,0.46,1.4
2000-12-20,-0.6,-2.0,1.1,1583,0.0,0.51,3.1
2000-12-21,-2.2,-2.8,-0.4,3180,0.0,0.48,2.9
2000-12-22,-4.6,-5.9,-2.1,3102,0.0,0.38,2.4
2000-12-23,-4.7,-11.0,-0.7,3928,0.0,0.27,1.7
2000-12-24,-1.3,-3.5,-0.1,1594,9.0,0.45,1.6
2000-12-25,-1.0,-1.9,0.2,1600,1.8,0.51,1.8
2000-12-26,-1.8,-2.9,-1.0,1607,6.5,0.47,1.8
2000-12-27,0.5,-2.0,1.4,1863,0.8,0.51,1.7
2000-12-28,0.5,-0.1,2.2,1623,0.0,0.58,2.4
2000-12-29,-2.0,-3.2,1.7,1675,0.0,0.47,2.8
2000-12-30,-0.9,-6.3,2.1,3492,0.6,0.38,2.3
2000-12-31,-0.7,-1.9,0.4,2923,0.0,0.51,2.4
2001-01-01,-0.8,-6.5,2.1,2079,4.1,0.37,3.2
2001-01-02,2.7,0.5,5.0,2264,0.0,0.61,2.9
2001-01-03,3.6,1.9,7.9,2240,0.9,0.68,3.1
2001-01-04,2.8,-1.0,4.9,2645,1.1,0.55,3.1
2001-01-05,5.6,3.1,6.5,2106,7.1,0.74,3.8
2001-01-06,6.2,4.3,10.0,1909,0.2,0.81,3.4
2001-01-07,3.1,1.9,6.8,3069,0.0,0.68,2.4
2001-01-08,0.2,-1.9,6.4,3762,0.0,0.53,2.0
2001-01-09,3.8,-1.8,5.0,1796,0.0,0.53,2.4
2001-01-10,0.8,-1.3,4.4,1818,0.0,0.54,1.6
2001-01-11,-1.5,-4.8,2.4,4332,0.0,0.42,1.9
2001-01-12,-2.7,-4.8,-0.3,1866,0.0,0.42,1.8
2001-01-13,-2.3,-6.3,-1.5,1892,0.0,0.37,2.2
2001-01-14,-2.8,-3.3,-1.5,1919,0.0,0.46,2.2
2001-01-15,-1.9,-3.4,0.0,2276,0.0,0.46,2.4
2001-01-16,-2.9,-5.8,1.0,4634,0.0,0.39,1.8
2001-01-17,-4.0,-6.9,-0.1,4500,0.0,0.36,1.9
2001-01-18,-3.0,-8.3,0.1,4364,0.0,0.32,1.8
2001-01-19,-2.2,-4.6,1.5,4079,0.0,0.42,1.4
2001-01-20,-1.3,-6.2,0.5,2106,0.0,0.38,1.4
2001-01-21,-0.5,-4.7,0.6,2141,0.0,0.42,1.8
2001-01-22,-0.1,-0.8,0.1,2177,1.4,0.55,3.1
2001-01-23,2.7,0.3,4.1,2419,3.1,0.61,3.2
2001-01-24,4.5,2.1,5.9,2253,3.2,0.69,3.6
2001-01-25,3.8,1.2,9.4,5643,0.4,0.66,2.4
2001-01-26,3.4,1.1,8.2,4399,0.0,0.65,2.5
2001-01-27,1.9,-2.8,4.3,3019,9.5,0.49,3.3
2001-01-28,2.6,0.5,3.3,2419,4.1,0.61,2.2
2001-01-29,1.7,0.8,3.2,2463,1.3,0.62,1.3
2001-01-30,0.2,-0.5,1.4,2619,0.1,0.56,1.0
2001-01-31,0.7,-1.0,3.4,3286,0.0,0.55,1.2
2001-02-01,-0.1,-0.6,1.0,2603,1.1,0.56,2.1
2001-02-02,-2.6,-3.9,-0.5,3458,0.3,0.44,2.2
2001-02-03,-5.3,-11.3,-2.7,5617,3.9,0.26,2.7
2001-02-04,-4.2,-4.5,-3.6,2752,7.8,0.42,3.3
2001-02-05,3.4,-5.1,6.6,3044,3.3,0.43,4.3
2001-02-06,10.5,4.6,12.4,3160,3.0,0.84,3.6
2001-02-07,8.9,5.4,12.4,2973,0.4,0.88,2.6
2001-02-08,10.2,7.4,13.5,3215,0.0,1.01,3.1
2001-02-09,2.3,0.1,9.8,3024,0.1,0.62,2.4
2001-02-10,-1.3,-6.0,5.1,7656,0.0,0.4,1.3
2001-02-11,7.5,-2.7,9.6,3268,0.0,0.52,3.1
2001-02-12,9.3,8.0,10.8,3199,0.0,1.03,3.0
2001-02-13,1.9,-1.1,8.8,3524,0.0,0.57,2.5
2001-02-14,0.7,-2.7,3.4,3321,0.0,0.49,2.0
2001-02-15,0.1,-3.7,9.3,7637,0.0,0.48,1.5
2001-02-16,1.9,-8.1,8.5,7752,1.6,0.37,1.5
2001-02-17,1.3,-1.5,3.6,4411,0.0,0.53,2.3
2001-02-18,3.1,-1.0,6.9,3577,0.0,0.56,2.9
2001-02-19,3.8,0.2,5.2,4139,0.5,0.6,2.9
2001-02-20,5.1,1.9,7.5,10156,0.3,0.69,3.8
2001-02-21,5.4,3.6,8.6,4648,2.9,0.76,5.0
2001-02-22,2.7,0.5,5.0,3994,3.8,0.61,4.9
2001-02-23,-2.2,-3.8,1.6,4214,3.0,0.45,2.9
2001-02-24,-6.3,-8.9,-1.5,8411,0.8,0.31,1.6
2001-02-25,-0.8,-7.9,2.1,4893,0.1,0.34,2.2
2001-02-26,-1.1,-3.5,3.5,5664,0.0,0.46,2.2
2001-02-27,-0.3,-7.3,4.4,8622,0.0,0.36,2.5
2001-02-28,0.0,-4.8,6.2,10625,0.0,0.43,2.1
2001-03-01,1.7,-3.7,6.2,9025,0.6,0.47,2.2
2001-03-02,0.8,-2.1,3.8,5707,0.0,0.51,2.1
2001-03-03,0.9,-1.7,4.7,7900,1.3,0.53,2.0
2001-03-04,-0.2,-2.3,0.2,4578,3.1,0.49,2.5
2001-03-05,-0.1,-3.1,3.5,4985,0.4,0.48,1.7
2001-03-06,-1.1,-5.0,5.6,11825,0.0,0.43,2.2
2001-03-07,2.9,-5.9,6.0,8350,0.0,0.41,2.4
2001-03-08,7.5,4.2,10.9,5059,2.7,0.81,2.1
2001-03-09,10.4,5.0,14.8,6429,0.0,0.87,2.7
2001-03-10,10.5,8.1,14.4,5568,0.5,1.06,2.7
2001-03-11,10.8,8.7,14.3,5302,0.9,1.1,2.8
2001-03-12,10.7,9.0,13.9,5295,1.4,1.11,3.0
2001-03-13,7.3,5.5,11.5,10644,0.0,0.88,3.6
2001-03-14,4.5,3.5,7.7,6089,2.3,0.76,3.9
2001-03-15,5.2,1.4,10.1,9813,0.0,0.67,2.3
2001-03-16,4.7,-0.6,9.3,6448,0.0,0.59,1.7
2001-03-17,2.5,0.0,5.2,5613,3.2,0.59,2.5
2001-03-18,2.7,0.8,3.2,5695,9.1,0.62,3.3
2001-03-19,1.8,-0.8,7.5,6060,2.2,0.57,5.0
2001-03-20,-0.9,-4.0,2.9,15348,0.0,0.45,2.1
2001-03-21,0.2,-7.7,3.8,12734,0.3,0.35,2.5
2001-03-22,2.0,-0.3,3.2,6025,0.7,0.57,3.1
2001-03-23,1.5,0.9,3.5,6108,14.4,0.63,2.8
2001-03-24,2.2,0.6,3.2,6191,0.6,0.61,2.6
2001-03-25,-0.1,-0.4,0.8,6274,13.0,0.57,3.7
2001-03-26,-1.3,-1.6,4.0,14708,0.0,0.53,2.9
2001-03-27,-1.8,-3.7,2.8,14952,0.0,0.45,2.7
2001-03-28,0.7,-1.6,4.7,11465,0.0,0.53,3.7
2001-03-29,4.5,1.1,8.4,7519,1.2,0.65,3.6
2001-03-30,6.7,2.9,10.1,6688,0.7,0.74,1.6
2001-03-31,9.6,1.3,14.1,14699,0.0,0.7,2.1
2001-04-01,12.2,7.4,17.0,9858,0.0,1.02,1.9
2001-04-02,14.0,6.3,20.2,16846,0.0,1.0,1.8
2001-04-03,12.1,7.7,16.7,11636,0.4,1.05,2.6
2001-04-04,11.2,4.8,18.6,12380,11.2,0.9,3.2
2001-04-05,7.7,3.8,13.1,12919,0.0,0.8,3.7
2001-04-06,8.4,5.3,12.8,7367,2.5,0.88,3.5
2001-04-07,9.5,6.8,14.0,8739,1.5,0.97,2.6
2001-04-08,9.7,4.7,15.1,11315,0.1,0.86,2.0
2001-04-09,6.8,1.0,12.2,16636,0.0,0.66,2.2
2001-04-10,8.7,5.6,12.1,7908,0.4,0.89,2.4
2001-04-11,9.2,5.1,14.0,9858,0.0,0.88,2.2
2001-04-12,4.2,0.6,9.6,15914,2.0,0.63,3.8
2001-04-13,1.3,-0.2,4.1,9259,0.1,0.58,3.3
2001-04-14,1.3,-1.1,6.1,15482,0.1,0.56,2.3
2001-04-15,2.1,-0.8,5.5,7970,5.1,0.56,3.1
2001-04-16,6.0,4.1,8.4,8835,0.1,0.8,2.3
2001-04-17,5.1,3.3,8.6,8235,0.2,0.76,2.5
2001-04-18,4.5,2.2,9.4,8993,0.5,0.7,3.3
2001-04-19,3.2,-0.2,8.7,14207,0.8,0.6,2.5
2001-04-20,4.5,-1.7,10.6,15567,0.2,0.55,1.5
2001-04-21,5.8,2.3,10.2,12447,0.0,0.72,2.7
2001-04-22,5.8,2.3,11.0,8722,0.0,0.72,2.0
2001-04-23,8.6,3.8,15.1,14709,0.0,0.82,1.8
2001-04-24,10.5,0.3,17.5,23184,0.0,0.68,2.0
2001-04-25,13.2,7.3,22.0,17232,8.0,1.08,2.5
2001-04-26,10.0,6.6,16.1,16393,0.0,0.97,3.1
2001-04-27,9.7,3.8,16.1,14370,2.0,0.83,1.9
2001-04-28,10.4,6.0,14.6,11033,0.1,0.92,2.7
2001-04-29,12.3,6.2,18.6,12764,0.0,0.97,2.1
2001-04-30,17.3,10.2,24.5,24122,0.0,1.3,1.6
2001-05-01,17.9,10.8,25.2,25065,0.0,1.35,2.3
2001-05-02,14.3,7.4,21.4,24578,0.0,1.07,2.4
2001-05-03,20.0,10.2,28.8,23845,3.4,1.35,2.5
2001-05-04,16.3,13.0,20.1,14338,0.0,1.46,2.4
2001-05-05,10.9,8.9,12.4,9356,7.9,1.1,3.3
2001-05-06,8.5,7.5,10.0,9416,1.8,1.0,3.1
2001-05-07,9.8,6.8,14.5,12499,0.0,0.98,2.4
2001-05-08,13.1,8.0,21.5,15959,0.4,1.11,2.0
2001-05-09,15.2,6.5,22.8,27575,0.0,1.03,2.5
2001-05-10,17.1,8.1,24.0,27425,0.0,1.16,2.3
2001-05-11,15.6,8.5,22.0,27150,0.0,1.14,2.1
2001-05-12,14.3,4.9,21.7,28093,0.0,0.93,1.8
2001-05-13,15.9,5.5,23.0,25240,0.0,0.98,1.7
2001-05-14,18.6,9.5,26.3,26669,0.0,1.27,1.7
2001-05-15,17.6,13.8,21.7,14087,0.1,1.57,2.0
2001-05-16,16.4,11.1,23.0,21653,1.3,1.34,2.6
2001-05-17,15.1,10.6,20.5,14567,0.5,1.27,2.7
2001-05-18,12.6,9.2,16.6,19066,0.8,1.14,3.3
2001-05-19,12.1,7.6,17.2,17764,0.0,1.04,3.0
2001-05-20,11.7,4.9,18.0,28592,0.0,0.89,2.2
2001-05-21,11.8,4.6,17.6,24815,0.0,0.87,2.4
2001-05-22,13.3,6.6,19.4,21646,0.0,1.0,2.3
2001-05-23,15.4,4.5,23.6,29530,0.0,0.94,1.8
2001-05-24,17.8,7.8,25.1,29590,0.0,1.15,1.7
2001-05-25,15.9,8.9,22.3,29523,0.0,1.19,1.8
2001-05-26,16.9,5.8,24.8,25339,0.0,1.03,1.3
2001-05-27,17.7,9.6,24.1,18899,0.6,1.26,2.4
2001-05-28,17.1,16.1,18.3,10447,5.3,1.77,3.2
2001-05-29,18.8,13.7,22.7,18854,0.1,1.56,4.2
2001-05-30,15.4,11.5,19.9,16014,1.3,1.34,2.3
2001-05-31,13.1,10.2,15.6,12042,4.2,1.21,2.4
2001-06-01,12.3,7.5,15.7,13073,2.2,1.03,2.9
2001-06-02,12.4,7.4,15.1,12224,3.1,1.02,3.2
2001-06-03,9.7,6.3,14.7,14132,10.0,0.95,4.3
2001-06-04,10.8,7.4,14.1,11649,2.9,1.0,3.5
2001-06-05,13.7,9.8,17.1,16191,0.0,1.19,1.8
2001-06-06,14.3,9.3,19.4,11442,0.0,1.18,1.8
2001-06-07,14.3,10.1,20.5,10709,3.0,1.24,3.2
2001-06-08,12.0,8.6,14.9,10727,0.1,1.1,1.8
2001-06-09,12.8,8.4,17.6,10744,1.7,1.11,1.4
2001-06-10,10.5,7.8,13.0,11137,2.6,1.04,1.6
2001-06-11,11.8,7.4,16.6,21844,0.2,1.02,2.4
2001-06-12,11.2,7.8,14.9,13807,1.2,1.05,2.6
2001-06-13,12.6,5.7,19.2,22250,0.0,0.96,1.4
2001-06-14,16.4,11.2,22.9,19618,1.8,1.36,1.4
2001-06-15,17.4,10.5,25.1,22522,1.9,1.34,1.8
2001-06-16,17.9,13.4,22.8,19635,0.0,1.53,1.9
2001-06-17,17.1,11.8,23.3,20648,3.9,1.4,2.2
2001-06-18,16.0,11.3,19.4,10833,0.0,1.33,3.0
2001-06-19,14.6,10.2,19.9,18262,0.0,1.25,2.7
2001-06-20,16.4,9.5,22.9,29969,0.0,1.23,1.6
2001-06-21,16.1,10.9,22.0,16248,0.6,1.32,2.3
2001-06-22,13.4,10.1,15.2,16245,8.0,1.2,2.9
2001-06-23,15.7,10.5,19.7,15360,0.0,1.27,2.7
2001-06-24,15.9,10.0,22.2,23784,0.0,1.25,1.9
2001-06-25,16.2,10.1,23.4,29309,0.0,1.28,1.7
2001-06-26,18.0,10.5,27.1,28919,0.0,1.36,1.5
2001-06-27,21.9,14.0,30.5,29282,0.0,1.7,1.9
2001-06-28,19.0,15.7,21.6,12049,0.9,1.75,1.9
2001-06-29,19.3,14.4,25.4,23845,0.0,1.66,1.5
2001-06-30,20.2,15.5,29.3,25208,4.8,1.81,1.6
2001-07-01,19.0,14.2,22.6,20543,0.0,1.59,2.7
2001-07-02,16.5,13.0,20.9,14499,0.0,1.47,2.0
2001-07-03,17.8,10.3,24.7,25390,0.0,1.31,1.8
2001-07-04,20.9,13.0,27.5,26366,0.0,1.55,2.6
2001-07-05,23.7,15.3,30.9,27965,0.0,1.83,2.1
2001-07-06,24.5,16.5,32.2,27307,0.0,1.97,2.3
2001-07-07,25.3,17.1,32.6,17514,4.6,2.06,2.7
2001-07-08,19.0,15.1,22.5,11107,7.2,1.69,2.9
2001-07-09,17.4,14.2,19.2,10581,1.6,1.58,2.6
2001-07-10,19.8,14.0,25.4,20167,4.3,1.62,2.3
2001-07-11,18.8,13.3,22.8,18259,2.6,1.53,3.6
2001-07-12,18.1,11.8,23.2,24953,0.0,1.4,3.2
2001-07-13,18.6,12.7,23.0,23538,3.2,1.48,2.6
2001-07-14,17.7,12.5,23.0,11300,3.9,1.45,2.1
2001-07-15,16.9,13.6,19.0,12011,11.6,1.52,2.1
2001-07-16,13.6,10.8,14.8,10484,7.4,1.25,1.7
2001-07-17,15.6,10.0,20.8,24089,0.1,1.23,1.4
2001-07-18,16.8,10.4,22.5,18708,0.0,1.3,2.4
2001-07-19,18.0,11.2,25.1,21999,2.5,1.38,2.4
2001-07-20,18.1,12.1,23.2,21202,0.0,1.43,2.3
2001-07-21,17.8,12.7,23.0,15839,0.0,1.48,2.2
2001-07-22,21.0,14.6,27.4,20101,0.0,1.7,1.4
2001-07-23,23.1,18.1,29.5,16351,0.0,2.11,1.4
2001-07-24,22.9,16.9,29.7,21947,0.0,1.98,1.4
2001-07-25,22.7,15.9,28.4,25316,0.0,1.84,1.7
2001-07-26,23.3,16.4,29.5,23651,0.0,1.92,1.4
2001-07-27,22.5,16.2,29.5,27368,0.0,1.88,1.2
2001-07-28,24.0,15.9,31.5,26676,4.9,1.9,1.3
2001-07-29,21.8,17.1,27.4,19894,0.2,1.96,1.7
2001-07-30,22.8,16.3,30.4,23347,0.0,1.92,2.1
2001-07-31,20.8,16.3,27.8,14288,6.2,1.87,1.8
2001-08-01,17.8,13.1,22.3,18098,0.0,1.49,1.9
2001-08-02,19.3,12.2,25.8,23460,1.6,1.47,2.1
2001-08-03,21.3,16.0,28.9,15417,0.3,1.86,2.8
2001-08-04,17.7,13.8,23.3,12579,0.9,1.58,2.1
2001-08-05,16.4,11.9,22.4,17311,0.3,1.39,2.8
2001-08-06,16.5,10.3,21.8,17830,0.1,1.28,2.4
2001-08-07,18.4,14.3,22.6,12018,0.0,1.62,2.8
2001-08-08,19.1,14.0,24.7,16591,1.6,1.6,3.5
2001-08-09,18.3,14.1,22.7,19475,1.4,1.59,2.6
2001-08-10,16.5,11.1,21.4,17725,0.0,1.34,2.5
2001-08-11,14.4,9.6,19.9,18696,0.0,1.2,2.1
2001-08-12,17.0,10.7,24.0,11661,4.4,1.32,2.5
2001-08-13,17.2,14.6,19.4,8889,1.0,1.61,2.5
2001-08-14,22.5,17.5,29.6,17120,0.0,2.03,1.6
2001-08-15,27.3,19.1,35.0,24712,0.0,2.31,1.7
2001-08-16,27.1,20.4,34.3,23543,0.8,2.46,2.4
2001-08-17,21.0,16.4,25.5,18678,0.0,1.85,1.6
2001-08-18,18.2,14.9,22.5,8661,0.0,1.66,2.0
2001-08-19,20.4,16.9,27.7,13181,7.1,1.95,1.9
2001-08-20,19.9,16.3,24.5,13548,0.0,1.82,1.6
2001-08-21,19.6,16.3,23.7,9128,0.0,1.82,1.3
2001-08-22,21.4,16.9,26.9,16083,0.0,1.91,1.5
2001-08-23,22.1,16.5,29.0,18912,0.0,1.91,1.5
2001-08-24,23.4,15.5,31.2,16317,0.1,1.86,1.2
2001-08-25,25.2,19.5,32.0,21690,0.0,2.32,1.1
2001-08-26,25.7,18.8,32.8,20327,0.0,2.25,1.4
2001-08-27,18.3,11.7,23.3,12318,2.8,1.4,2.9
2001-08-28,14.6,9.9,18.6,12551,0.0,1.21,3.2
2001-08-29,15.3,11.3,20.8,14427,0.0,1.33,1.9
2001-08-30,17.1,9.8,24.3,21417,0.0,1.27,1.9
2001-08-31,15.9,13.8,19.7,8334,0.3,1.55,1.7
2001-09-01,16.2,11.1,22.2,13657,0.0,1.34,2.3
2001-09-02,15.1,10.3,19.3,9243,0.3,1.24,2.5
2001-09-03,16.8,14.9,20.9,7550,3.1,1.65,2.2
2001-09-04,14.7,11.0,18.8,9914,3.5,1.29,2.3
2001-09-05,12.8,7.2,18.7,10664,4.3,1.03,2.4
2001-09-06,14.6,12.5,18.0,12349,0.1,1.41,2.1
2001-09-07,13.2,11.7,16.2,8164,12.9,1.33,2.9
2001-09-08,12.5,9.1,15.3,11812,1.3,1.13,4.9
2001-09-09,11.1,9.0,13.0,6853,18.4,1.11,5.2
2001-09-10,13.6,11.4,18.5,9538,2.7,1.32,4.9
2001-09-11,11.5,10.6,12.2,6690,13.9,1.23,3.6
2001-09-12,12.4,10.0,17.2,11258,2.5,1.21,2.8
2001-09-13,12.4,9.6,15.9,7029,9.4,1.17,3.1
2001-09-14,11.4,8.4,16.3,9336,0.2,1.09,2.1
2001-09-15,13.2,10.1,17.5,11311,0.0,1.21,2.8
2001-09-16,10.9,6.7,15.7,11586,0.1,0.98,1.9
2001-09-17,11.1,7.7,16.9,10977,0.0,1.04,1.6
2001-09-18,9.9,5.9,12.6,6214,7.5,0.91,1.8
2001-09-19,12.8,8.7,18.3,15447,0.5,1.13,3.1
2001-09-20,12.5,10.3,15.8,7002,2.2,1.22,3.2
2001-09-21,12.7,11.0,16.1,6817,10.6,1.27,2.4
2001-09-22,12.2,11.0,14.5,6822,0.2,1.27,1.7
2001-09-23,11.9,9.2,17.5,7290,0.0,1.15,1.7
2001-09-24,11.0,7.7,14.0,6089,5.1,1.03,2.1
2001-09-25,12.3,11.1,14.2,5547,1.0,1.28,1.4
2001-09-26,12.1,7.3,15.3,5647,0.0,1.01,1.3
2001-09-27,10.5,6.0,14.2,5475,14.3,0.92,1.8
2001-09-28,13.2,11.6,15.2,5751,0.0,1.31,1.4
2001-09-29,15.7,12.6,20.5,12019,0.1,1.43,1.7
2001-09-30,14.0,12.6,15.7,5146,2.0,1.41,2.0
2001-10-01,14.5,11.4,17.6,5067,5.0,1.31,3.3
2001-10-02,17.9,13.5,23.1,7562,1.7,1.55,3.1
2001-10-03,15.5,12.7,18.2,6355,6.2,1.42,2.4
2001-10-04,13.7,9.0,17.8,8872,0.0,1.15,2.6
2001-10-05,12.2,7.3,17.5,8588,0.0,1.03,1.6
2001-10-06,13.5,7.3,20.2,12103,0.0,1.05,1.8
2001-10-07,14.1,11.6,16.2,4602,2.4,1.33,2.0
2001-10-08,14.1,10.5,20.8,9458,0.7,1.27,2.8
2001-10-09,13.0,9.8,17.9,8932,0.0,1.19,2.9
2001-10-10,13.5,10.2,17.5,10553,0.0,1.22,2.9
2001-10-11,14.2,12.0,16.6,4304,0.0,1.37,2.3
2001-10-12,15.5,10.9,20.8,11826,0.0,1.3,1.7
2001-10-13,15.5,8.9,22.3,10292,0.0,1.19,1.4
2001-10-14,17.2,12.7,23.6,9168,0.0,1.49,1.4
2001-10-15,15.9,11.8,21.3,7841,0.0,1.39,1.3
2001-10-16,15.3,11.7,19.7,8248,0.0,1.36,1.4
2001-10-17,12.4,10.6,15.2,4316,0.0,1.25,1.8
2001-10-18,11.7,8.6,14.7,3952,0.0,1.09,2.1
2001-10-19,10.5,8.1,15.5,6608,0.0,1.07,1.9
2001-10-20,10.2,7.0,15.4,7004,0.0,0.99,2.5
2001-10-21,9.8,5.6,14.1,4377,6.6,0.91,2.2
2001-10-22,11.8,9.1,15.2,3818,2.6,1.12,2.0
2001-10-23,9.3,5.6,11.9,3477,0.0,0.89,1.9
2001-10-24,7.3,4.2,10.3,3549,0.5,0.81,2.3
2001-10-25,11.2,8.6,15.7,4755,0.1,1.1,1.8
2001-10-26,11.1,8.2,16.3,6989,0.0,1.07,2.1
2001-10-27,10.7,6.8,14.3,4339,0.7,0.97,2.6
2001-10-28,10.7,8.2,13.9,4331,0.0,1.06,2.4
2001-10-29,9.8,7.9,11.4,3111,3.5,1.03,3.1
2001-10-30,14.4,9.8,19.4,5446,0.0,1.21,4.0
2001-10-31,13.2,7.6,18.5,4552,0.0,1.06,4.2
2001-11-01,7.9,5.9,10.2,4293,0.0,0.9,3.8
2001-11-02,8.5,6.0,10.4,2887,0.0,0.9,2.0
2001-11-03,10.2,9.5,11.1,2833,0.0,1.14,2.1
2001-11-04,10.0,8.8,12.5,4855,0.3,1.1,2.3
2001-11-05,7.2,2.9,10.0,5423,0.5,0.74,2.8
2001-11-06,6.8,3.0,9.6,2679,1.2,0.74,4.1
2001-11-07,7.3,5.6,9.2,2687,1.2,0.88,3.6
2001-11-08,5.5,2.6,7.7,2582,5.7,0.72,4.0
2001-11-09,1.0,-1.1,4.5,3261,0.7,0.55,2.8
2001-11-10,-0.2,-4.4,5.1,7120,0.0,0.44,2.4
2001-11-11,2.6,-1.0,5.6,2445,0.0,0.55,2.5
2001-11-12,6.6,4.8,8.8,2401,1.2,0.83,2.1
2001-11-13,1.4,-3.9,5.7,5977,0.1,0.46,1.9
2001-11-14,-0.6,-3.6,2.9,3159,0.0,0.46,1.6
2001-11-15,0.9,-2.4,5.4,3733,0.0,0.51,2.5
2001-11-16,5.1,-0.8,7.6,2290,0.0,0.58,1.7
2001-11-17,5.2,-0.1,7.7,2200,0.1,0.6,1.7
2001-11-18,6.4,4.6,7.8,2163,0.1,0.82,1.5
2001-11-19,5.9,-1.0,8.4,2277,0.9,0.57,1.7
2001-11-20,-0.2,-2.9,3.9,2093,0.0,0.48,1.6
2001-11-21,7.4,2.7,10.2,4007,1.2,0.73,3.5
2001-11-22,5.5,0.6,9.3,2028,3.5,0.63,4.8
2001-11-23,1.0,-1.1,3.7,5621,0.0,0.54,3.3
2001-11-24,0.1,-2.0,3.6,2439,0.0,0.51,2.3
2001-11-25,3.4,2.0,5.0,1938,0.2,0.68,1.7
2001-11-26,5.0,3.1,7.6,1910,3.4,0.74,1.9
2001-11-27,1.8,0.2,3.0,1884,2.2,0.6,1.7
2001-11-28,4.1,2.4,7.0,2631,0.2,0.7,2.8
2001-11-29,3.5,0.1,5.0,1834,9.4,0.6,2.7
2001-11-30,3.8,1.8,5.0,1811,0.0,0.67,2.8
2001-12-01,1.0,-0.6,3.1,3385,1.6,0.57,3.0
2001-12-02,0.3,-0.5,1.2,1768,0.1,0.56,1.8
2001-12-03,-0.7,-1.2,-0.1,1748,0.0,0.54,2.1
2001-12-04,1.8,-1.0,6.6,1816,6.1,0.56,3.2
2001-12-05,6.3,4.1,8.1,1712,7.1,0.79,3.0
2001-12-06,4.8,3.8,5.8,1696,3.0,0.77,3.5
2001-12-07,3.1,2.2,3.9,1680,0.1,0.69,1.5
2001-12-08,0.6,-2.1,3.8,1666,0.0,0.51,1.9
2001-12-09,-2.8,-5.1,-1.3,1990,0.0,0.4,1.7
2001-12-10,-0.2,-2.9,2.1,1641,0.2,0.48,1.5
2001-12-11,2.8,2.1,3.4,1630,1.7,0.69,1.4
2001-12-12,3.3,0.6,4.9,1621,0.3,0.62,2.2
2001-12-13,-4.5,-10.9,1.4,3765,0.0,0.28,3.5
2001-12-14,-8.3,-12.6,-4.0,3173,1.0,0.23,2.2
2001-12-15,-1.3,-4.6,0.9,1598,0.0,0.42,1.9
2001-12-16,0.0,-0.5,1.1,2373,0.7,0.56,2.3
2001-12-17,0.5,-0.1,1.2,1589,0.4,0.58,1.7
2001-12-18,0.2,-0.8,2.9,1585,0.3,0.56,1.9
2001-12-19,3.2,0.6,4.9,1583,2.2,0.62,3.6
2001-12-20,-2.5,-5.7,1.3,3464,0.3,0.39,3.1
2001-12-21,0.5,-3.8,2.1,1583,3.5,0.45,5.1
2001-12-22,-2.0,-5.6,0.5,1748,1.6,0.39,2.8
2001-12-23,-6.5,-8.5,-4.5,4044,0.1,0.31,3.1
2001-12-24,-2.2,-8.7,1.7,1590,7.7,0.32,4.7
2001-12-25,1.8,0.2,3.4,1676,3.2,0.59,5.4
2001-12-26,1.8,1.0,2.5,1600,0.1,0.63,3.5
2001-12-27,0.6,-1.0,2.1,1689,1.6,0.55,4.3
2001-12-28,2.7,0.5,5.2,1614,3.6,0.61,5.4
2001-12-29,1.0,-1.5,3.8,1873,0.2,0.53,3.4
2001-12-30,-1.0,-3.6,0.5,1634,2.1,0.45,3.1
2001-12-31,-5.5,-7.9,-3.5,2316,0.0,0.33,2.4
2002-01-01,0.2,-6.7,2.5,1657,1.0,0.37,3.5
2002-01-02,0.4,-6.4,3.3,4173,0.0,0.38,3.1
2002-01-03,-6.8,-11.2,-2.4,4586,0.0,0.26,2.4
2002-01-04,-10.3,-14.1,-4.2,5049,0.0,0.21,1.7
2002-01-05,-9.3,-14.3,-1.3,5045,0.0,0.21,1.5
2002-01-06,0.1,-9.2,3.0,1735,1.7,0.32,2.1
2002-01-07,1.6,0.5,3.1,1754,0.0,0.61,1.5
2002-01-08,0.0,-0.5,1.1,1774,0.0,0.56,1.3
2002-01-09,-0.7,-1.2,0.0,1796,0.0,0.54,1.3
2002-01-10,-0.8,-2.0,-0.3,1818,0.1,0.51,1.4
2002-01-11,-2.7,-4.9,0.5,1842,0.7,0.41,1.8
2002-01-12,0.9,0.2,1.8,1866,2.1,0.59,1.6
2002-01-13,0.5,-0.7,1.2,1892,0.0,0.55,1.7
2002-01-14,-2.6,-6.2,-0.5,1919,0.0,0.37,2.1
2002-01-15,-4.0,-7.9,0.3,5612,0.0,0.34,2.4
2002-01-16,-3.5,-8.8,0.1,1977,0.0,0.32,1.7
2002-01-17,0.0,-1.4,1.6,3302,0.0,0.53,2.2
2002-01-18,0.5,-0.4,2.1,2039,0.4,0.57,2.5
2002-01-19,2.3,0.1,5.4,2072,0.8,0.6,3.4
2002-01-20,4.6,3.2,7.3,2699,6.9,0.74,4.5
2002-01-21,8.7,6.6,11.3,2141,0.2,0.95,4.4
2002-01-22,7.5,4.2,10.0,2936,0.0,0.8,3.8
2002-01-23,6.9,5.2,8.5,4107,0.0,0.86,3.8
2002-01-24,9.1,6.5,11.6,3029,0.3,0.95,4.9
2002-01-25,3.6,1.3,6.4,4439,0.9,0.65,3.9
2002-01-26,8.6,2.5,11.7,2492,9.4,0.73,5.7
2002-01-27,8.7,6.8,11.6,3072,1.5,0.95,5.4
2002-01-28,10.6,6.8,14.9,3395,1.9,0.98,6.2
2002-01-29,9.4,6.7,11.4,4329,0.0,0.96,4.8
2002-01-30,10.5,8.6,13.0,2897,0.0,1.09,3.0
2002-01-31,8.3,3.6,11.4,4017,0.8,0.78,4.0
2002-02-01,7.4,2.6,11.3,3968,0.0,0.74,3.9
2002-02-02,12.1,9.1,16.7,6281,0.0,1.15,3.4
2002-02-03,10.8,7.0,17.1,7891,0.0,1.0,2.6
2002-02-04,8.8,6.3,12.0,6058,0.0,0.93,4.3
2002-02-05,10.9,6.9,13.7,2805,1.2,0.97,4.0
2002-02-06,8.7,4.6,12.2,5096,0.1,0.84,2.7
2002-02-07,6.0,3.4,8.6,3280,1.5,0.76,3.0
2002-02-08,7.3,4.2,11.6,3463,8.4,0.81,4.2
2002-02-09,9.4,5.9,12.6,3087,4.7,0.91,4.8
2002-02-10,6.2,5.1,8.6,3526,4.1,0.85,4.7
2002-02-11,8.6,5.1,11.9,3140,5.8,0.86,5.7
2002-02-12,10.3,7.6,12.9,5022,1.0,1.01,6.2
2002-02-13,5.7,0.5,9.5,3919,0.0,0.63,2.7
2002-02-14,0.7,-2.1,4.7,8658,0.0,0.52,3.2
2002-02-15,0.9,-3.8,6.6,10135,0.0,0.47,2.5
2002-02-16,1.5,-2.8,7.6,10280,0.0,0.5,1.9
2002-02-17,2.9,-1.5,9.0,9596,0.0,0.55,1.3
2002-02-18,2.3,-0.8,5.6,4766,1.1,0.56,2.9
2002-02-19,2.5,-0.4,6.1,4564,8.0,0.58,5.2
2002-02-20,4.1,-0.2,9.0,4785,2.0,0.6,5.2
2002-02-21,0.0,-4.1,3.2,6242,0.0,0.45,3.9
2002-02-22,0.6,-3.4,4.7,3847,5.8,0.47,5.4
2002-02-23,1.6,-0.3,4.5,5029,1.1,0.58,5.7
2002-02-24,1.0,-0.6,3.8,5637,2.0,0.57,4.3
2002-02-25,1.8,0.0,4.6,5424,9.0,0.59,3.2
2002-02-26,8.5,2.4,12.6,4974,6.1,0.73,6.3
2002-02-27,5.7,2.8,8.8,7769,0.2,0.73,5.1
2002-02-28,5.4,2.2,9.3,8979,2.1,0.71,4.5
2002-03-01,3.8,0.7,6.6,4827,0.6,0.63,2.9
2002-03-02,1.2,-2.9,5.1,12272,0.0,0.49,2.4
2002-03-03,3.3,0.4,5.1,6686,0.0,0.61,2.8
2002-03-04,7.1,4.8,10.1,4742,0.0,0.84,2.4
2002-03-05,7.4,6.2,8.7,4655,0.0,0.91,1.7
2002-03-06,8.1,6.0,9.6,5567,7.5,0.91,4.1
2002-03-07,8.9,6.0,11.2,8772,0.5,0.91,6.3
2002-03-08,7.3,4.6,11.6,11869,0.0,0.83,2.9
2002-03-09,7.8,5.2,10.3,4967,2.1,0.85,3.3
2002-03-10,6.4,3.8,9.8,8779,0.3,0.79,4.0
2002-03-11,7.6,2.4,14.9,13188,0.0,0.75,2.6
2002-03-12,8.5,1.4,14.9,7064,0.0,0.71,1.3
2002-03-13,7.1,2.3,9.8,5287,7.2,0.72,2.0
2002-03-14,2.8,1.2,5.1,5549,0.0,0.64,3.4
2002-03-15,1.7,0.8,2.2,5450,0.0,0.62,3.3
2002-03-16,3.2,2.1,4.7,5531,0.0,0.68,2.2
2002-03-17,7.3,3.5,13.3,8851,0.0,0.79,2.0
2002-03-18,11.6,3.3,18.9,13533,6.3,0.83,2.8
2002-03-19,9.2,7.2,12.5,6248,1.0,0.99,4.6
2002-03-20,6.6,3.7,9.7,5860,2.0,0.78,3.6
2002-03-21,6.6,4.0,10.5,6038,2.3,0.79,3.5
2002-03-22,4.7,1.6,8.3,10075,0.0,0.68,3.8
2002-03-23,3.4,1.0,6.6,6885,0.7,0.64,3.0
2002-03-24,2.5,1.1,4.0,6387,0.0,0.63,2.5
2002-03-25,1.3,-0.1,2.6,6965,0.0,0.58,1.7
2002-03-26,1.8,-0.2,3.7,6357,0.0,0.58,1.3
2002-03-27,2.3,-3.0,7.3,13049,0.0,0.5,1.6
2002-03-28,2.7,-5.2,11.7,18324,0.0,0.46,1.8
2002-03-29,5.5,-3.1,14.8,17576,0.0,0.54,1.9
2002-03-30,8.5,-2.6,18.3,16609,0.0,0.59,1.3
2002-03-31,7.9,2.7,16.1,10786,0.0,0.77,1.4
2002-04-01,9.1,5.0,18.4,16700,0.0,0.91,1.3
2002-04-02,11.9,5.0,18.5,19663,0.0,0.9,2.4
2002-04-03,10.7,3.7,16.2,19406,0.0,0.82,4.1
2002-04-04,7.1,0.2,14.1,20410,0.0,0.65,3.4
2002-04-05,4.5,-1.9,9.4,18659,0.0,0.54,3.7
2002-04-06,2.0,-3.0,6.3,9292,0.0,0.49,2.7
2002-04-07,2.5,-2.2,10.2,21322,0.0,0.54,1.9
2002-04-08,4.0,-2.1,11.4,19967,0.0,0.55,2.1
2002-04-09,5.7,-0.3,12.2,17942,0.0,0.62,2.4
2002-04-10,6.7,1.8,10.7,9002,0.0,0.69,3.6
2002-04-11,7.2,3.0,10.9,7879,0.0,0.75,2.7
2002-04-12,7.9,2.3,13.3,7959,0.2,0.73,2.3
2002-04-13,8.5,6.5,10.1,7816,0.5,0.94,2.3
2002-04-14,7.9,6.0,8.9,7893,8.3,0.9,2.2
2002-04-15,7.6,5.8,8.1,7970,15.7,0.89,2.4
2002-04-16,7.0,4.2,7.9,8047,1.7,0.79,1.9
2002-04-17,7.7,2.8,12.8,9933,1.9,0.76,1.4
2002-04-18,9.1,3.6,15.0,12403,0.0,0.81,1.4
2002-04-19,9.7,6.9,15.8,12609,4.3,0.99,1.6
2002-04-20,9.5,6.5,13.5,8575,0.0,0.96,1.5
2002-04-21,9.0,2.6,15.4,19236,0.0,0.76,1.5
2002-04-22,10.1,4.5,19.5,24782,0.0,0.89,1.3
2002-04-23,12.5,7.2,17.2,10650,0.0,1.01,2.3
2002-04-24,11.1,8.5,13.0,8633,0.0,1.08,1.7
2002-04-25,13.7,9.9,18.4,12792,0.2,1.2,1.5
2002-04-26,12.3,8.0,17.6,9945,5.0,1.08,2.7
2002-04-27,8.4,2.4,11.8,14252,2.2,0.73,4.3
2002-04-28,8.5,2.3,13.4,11387,0.5,0.73,3.4
2002-04-29,10.8,7.3,14.9,14539,1.4,1.01,4.4
2002-04-30,11.4,5.9,15.0,13672,0.0,0.92,3.4
2002-05-01,14.6,9.6,18.7,12202,3.9,1.19,3.0
2002-05-02,11.8,9.7,15.6,9289,0.2,1.18,1.7
2002-05-03,12.7,10.8,16.7,12586,2.8,1.26,2.2
2002-05-04,11.3,10.2,12.3,9295,4.7,1.2,2.6
2002-05-05,12.9,9.7,15.3,9356,1.3,1.18,2.0
2002-05-06,13.1,9.7,17.8,11830,0.1,1.18,1.8
2002-05-07,11.9,9.5,13.7,9475,0.0,1.14,2.0
2002-05-08,16.0,10.2,24.3,20082,0.0,1.31,2.6
2002-05-09,18.8,11.3,25.8,25266,0.0,1.4,2.7
2002-05-10,19.4,13.0,24.8,25233,0.4,1.53,2.5
2002-05-11,16.9,12.6,22.5,17388,5.8,1.46,1.8
2002-05-12,16.2,11.7,20.4,13421,0.4,1.36,1.8
2002-05-13,15.7,11.4,21.6,20708,0.0,1.36,1.6
2002-05-14,16.3,11.1,20.6,15870,0.4,1.31,3.4
2002-05-15,14.2,9.3,18.5,16914,0.0,1.17,2.5
2002-05-16,18.0,10.7,24.1,25100,0.0,1.33,2.0
2002-05-17,14.6,9.6,21.8,25665,0.0,1.22,1.8
2002-05-18,15.3,8.4,22.5,26476,0.7,1.15,2.1
2002-05-19,14.4,11.9,17.2,10096,4.4,1.36,1.7
2002-05-20,16.3,11.4,22.0,17323,0.0,1.36,1.6
2002-05-21,17.4,10.4,23.1,24071,0.0,1.29,2.5
2002-05-22,19.8,12.1,27.7,25247,0.0,1.49,2.5
2002-05-23,17.7,13.4,24.1,18095,10.9,1.54,1.9
2002-05-24,16.3,12.4,20.5,14036,0.2,1.43,2.5
2002-05-25,16.0,12.2,20.6,12708,1.5,1.4,2.3
2002-05-26,12.9,10.0,16.0,10502,0.1,1.2,1.9
2002-05-27,14.7,10.0,20.3,16777,9.0,1.23,1.6
2002-05-28,15.8,11.9,18.3,10447,1.6,1.36,1.8
2002-05-29,16.9,11.1,21.5,19479,0.0,1.32,2.4
2002-05-30,15.3,9.2,19.8,25647,0.0,1.18,1.8
2002-05-31,14.8,9.3,20.5,19678,0.0,1.18,2.2
2002-06-01,12.9,7.6,18.7,24222,0.0,1.06,1.9
2002-06-02,15.2,5.2,22.5,28895,0.0,0.96,1.9
2002-06-03,16.5,5.8,23.6,28680,0.0,1.02,2.3
2002-06-04,20.0,11.6,27.8,24824,0.0,1.45,1.8
2002-06-05,21.9,14.1,27.5,22217,0.0,1.66,3.5
2002-06-06,18.6,16.5,22.7,13326,3.2,1.83,2.8
2002-06-07,15.6,15.2,16.1,10709,6.9,1.67,2.9
2002-06-08,15.0,14.5,16.4,10727,0.7,1.6,1.7
2002-06-09,16.4,14.8,19.9,10744,2.1,1.64,1.2
2002-06-10,15.9,13.1,19.3,11263,17.2,1.48,2.4
2002-06-11,15.8,12.4,21.2,22347,0.3,1.42,2.5
2002-06-12,15.7,13.2,19.5,11794,5.9,1.48,2.2
2002-06-13,14.7,13.4,16.4,11931,0.8,1.48,3.2
2002-06-14,15.3,12.6,18.2,11060,0.3,1.42,2.2
2002-06-15,18.9,13.8,24.5,16858,0.4,1.58,2.5
2002-06-16,18.6,12.9,22.8,16362,0.0,1.49,1.9
2002-06-17,22.4,16.3,29.3,23291,0.0,1.9,1.5
2002-06-18,25.7,14.7,33.1,29841,0.0,1.82,2.3
2002-06-19,21.7,19.9,25.2,18136,24.9,2.27,1.9
2002-06-20,20.9,13.5,28.9,19270,6.9,1.63,2.4
2002-06-21,18.5,12.9,21.8,18010,0.0,1.48,1.6
2002-06-22,19.8,12.4,25.7,25180,0.0,1.49,1.7
2002-06-23,19.0,11.3,23.7,20771,0.0,1.37,2.6
2002-06-24,16.2,10.3,22.3,24916,0.0,1.28,2.4
2002-06-25,16.4,8.7,22.2,20882,0.0,1.16,2.0
2002-06-26,18.2,10.4,25.0,26027,0.0,1.33,1.8
2002-06-27,17.0,12.2,21.4,19225,0.1,1.41,2.9
2002-06-28,14.3,10.3,19.0,20469,0.9,1.24,3.8
2002-06-29,14.1,11.2,18.1,17941,0.8,1.31,3.3
2002-06-30,16.2,11.1,20.9,13153,0.0,1.33,2.8
2002-07-01,15.9,14.7,18.5,10752,7.1,1.62,3.1
2002-07-02,16.5,13.6,19.9,13997,2.9,1.51,3.2
2002-07-03,16.2,13.5,18.5,10968,1.5,1.51,3.0
2002-07-04,15.5,11.0,17.6,10949,0.2,1.28,3.7
2002-07-05,17.3,8.5,24.3,23706,0.0,1.18,1.9
2002-07-06,17.2,11.5,21.3,12909,0.0,1.36,1.6
2002-07-07,16.2,10.4,21.4,14761,0.3,1.28,1.7
2002-07-08,20.7,12.3,29.2,27612,0.0,1.54,1.9
2002-07-09,25.8,15.5,34.6,28323,0.0,1.92,1.9
2002-07-10,22.8,14.7,31.5,20042,17.7,1.79,2.2
2002-07-11,17.1,11.9,22.4,21253,0.8,1.39,2.1
2002-07-12,19.1,10.3,26.1,20839,0.0,1.32,1.4
2002-07-13,19.8,13.0,26.1,16315,2.3,1.54,2.1
2002-07-14,18.7,16.6,20.4,10429,7.6,1.82,2.0
2002-07-15,18.4,15.6,23.2,15367,5.1,1.75,2.4
2002-07-16,20.9,16.2,28.0,21285,0.0,1.86,2.4
2002-07-17,19.8,18.3,23.4,10323,38.8,2.04,2.8
2002-07-18,17.0,15.6,18.7,10285,1.5,1.71,3.5
2002-07-19,15.6,14.5,16.3,10245,0.8,1.59,2.4
2002-07-20,16.5,12.1,20.2,16754,0.0,1.4,1.6
2002-07-21,16.7,11.4,22.3,20528,1.1,1.35,2.4
2002-07-22,15.4,13.8,18.3,12214,3.3,1.53,3.6
2002-07-23,17.7,12.8,22.5,11921,4.1,1.47,2.8
2002-07-24,17.2,14.4,21.0,12978,0.6,1.61,3.2
2002-07-25,15.8,13.8,19.7,12559,0.9,1.55,2.6
2002-07-26,16.4,14.4,18.7,9935,0.1,1.59,2.1
2002-07-27,20.4,15.5,26.6,19055,0.0,1.78,1.3
2002-07-28,22.8,14.0,31.0,27408,0.0,1.71,1.8
2002-07-29,24.7,14.7,33.0,25132,0.0,1.81,1.5
2002-07-30,26.0,17.7,33.6,24320,0.0,2.13,1.8
2002-07-31,25.3,18.0,32.0,21568,0.0,2.15,1.8
2002-08-01,22.8,18.2,31.0,16645,16.3,2.14,2.0
2002-08-02,19.6,13.9,24.5,17178,0.0,1.59,1.9
2002-08-03,20.0,11.9,27.7,24698,0.0,1.48,1.4
2002-08-04,18.3,14.4,25.3,11978,44.9,1.65,1.5
2002-08-05,17.9,15.2,20.1,10114,8.4,1.67,1.5
2002-08-06,18.2,12.5,24.5,21300,0.0,1.47,1.3
2002-08-07,18.8,15.0,23.9,12734,4.6,1.68,1.6
2002-08-08,19.2,15.2,25.1,13258,4.5,1.72,1.2
2002-08-09,19.8,17.1,25.0,16982,0.3,1.92,1.4
2002-08-10,20.6,15.8,26.7,19145,0.7,1.8,1.6
2002-08-11,21.5,17.4,27.7,14567,2.5,2.0,1.7
2002-08-12,19.0,18.7,19.4,8956,59.6,2.07,3.5
2002-08-13,18.3,16.1,20.0,9476,6.2,1.77,3.5
2002-08-14,19.4,15.9,22.5,9173,0.0,1.77,1.9
2002-08-15,20.1,15.7,26.7,17141,0.0,1.8,1.3
2002-08-16,21.1,13.2,27.1,22846,0.1,1.58,1.3
2002-08-17,22.6,17.8,28.5,19141,0.0,2.05,1.4
2002-08-18,22.8,18.6,29.1,22028,0.0,2.16,2.0
2002-08-19,23.1,16.1,30.4,22135,0.0,1.91,1.8
2002-08-20,22.4,16.3,29.5,23153,0.0,1.91,2.0
2002-08-21,22.1,15.1,29.0,22338,0.0,1.77,1.8
2002-08-22,20.8,15.9,28.2,17557,0.0,1.83,1.3
2002-08-23,20.0,13.7,28.0,16767,4.1,1.63,1.3
2002-08-24,21.1,13.0,28.4,19128,0.0,1.58,1.5
2002-08-25,19.6,15.0,23.7,18892,0.0,1.69,1.5
2002-08-26,21.9,16.1,29.4,18544,0.0,1.87,1.8
2002-08-27,22.9,15.8,30.2,18307,0.0,1.86,1.9
2002-08-28,22.3,16.3,29.0,19173,0.0,1.9,1.6
2002-08-29,21.5,17.0,27.1,16184,0.0,1.93,1.2
2002-08-30,20.2,13.8,26.4,15627,0.0,1.61,1.3
2002-08-31,19.8,13.4,26.5,15181,0.0,1.57,2.2
2002-09-01,15.7,9.5,21.4,15170,0.0,1.21,2.5
2002-09-02,15.0,7.2,23.0,18490,0.0,1.09,1.9
2002-09-03,17.9,9.3,24.3,17600,0.0,1.24,2.4
2002-09-04,20.1,14.2,26.6,17994,0.0,1.66,1.8
2002-09-05,18.0,11.6,25.1,16160,0.0,1.41,1.3
2002-09-06,16.7,8.5,24.6,16867,0.0,1.18,1.7
2002-09-07,16.6,11.5,24.8,12863,0.0,1.39,1.7
2002-09-08,18.6,10.6,27.1,18868,0.0,1.36,1.7
2002-09-09,20.0,14.1,27.3,18814,0.0,1.65,2.4
2002-09-10,19.3,14.4,26.4,9231,0.0,1.68,2.1
2002-09-11,17.5,10.8,24.4,14018,0.0,1.35,1.9
2002-09-12,15.6,9.7,22.4,19041,0.0,1.23,2.4
2002-09-13,15.4,6.3,22.9,14859,0.0,1.03,1.7
2002-09-14,15.1,12.6,18.7,8937,0.4,1.43,2.4
2002-09-15,13.0,6.2,19.5,14280,0.0,0.98,2.3
2002-09-16,11.7,5.3,18.0,8737,0.2,0.92,1.7
2002-09-17,15.8,14.3,20.6,8247,0.0,1.6,2.0
2002-09-18,15.1,13.6,17.5,6504,0.0,1.51,2.1
2002-09-19,15.4,13.3,19.4,9877,0.0,1.49,1.2
2002-09-20,14.9,13.0,18.1,6621,0.0,1.45,1.7
2002-09-21,13.6,11.8,17.3,6912,1.2,1.34,1.6
2002-09-22,11.8,11.4,13.7,6447,27.3,1.3,1.9
2002-09-23,8.2,8.1,10.7,5709,1.3,1.04,3.2
2002-09-24,8.3,3.1,14.8,15217,0.0,0.78,2.9
2002-09-25,8.3,-0.2,15.2,11398,1.3,0.64,1.9
2002-09-26,12.2,11.8,14.2,5738,6.1,1.34,2.3
2002-09-27,9.8,5.1,13.8,9069,0.0,0.87,2.0
2002-09-28,8.7,1.1,14.5,9045,0.0,0.69,1.4
2002-09-29,13.1,9.5,17.1,7255,0.0,1.18,1.4
2002-09-30,10.6,5.0,17.2,10566,0.0,0.89,1.3
2002-10-01,11.0,4.3,19.5,13382,0.0,0.88,1.0
2002-10-02,10.7,4.2,19.6,10994,0.0,0.89,1.1
2002-10-03,13.3,5.9,19.5,9499,0.1,0.96,1.7
2002-10-04,13.7,10.7,17.7,9377,0.3,1.26,2.8
2002-10-05,11.8,9.9,15.0,8088,5.9,1.18,2.9
2002-10-06,10.2,4.6,12.4,5173,5.9,0.84,3.4
2002-10-07,5.4,1.4,9.3,6481,0.8,0.67,1.7
2002-10-08,5.3,1.1,8.0,4527,0.3,0.65,2.0
2002-10-09,8.5,3.4,11.9,8532,0.0,0.77,2.8
2002-10-10,5.4,1.6,11.1,11819,0.0,0.68,3.4
2002-10-11,4.7,0.2,10.1,11589,0.0,0.62,3.2
2002-10-12,4.3,0.2,8.4,8958,0.0,0.61,2.9
2002-10-13,2.4,1.8,4.3,4158,6.8,0.67,2.3
2002-10-14,4.8,2.3,8.6,4541,6.3,0.71,2.6
2002-10-15,8.3,6.8,10.4,4015,0.0,0.96,1.9
2002-10-16,13.0,10.1,16.5,5058,2.2,1.21,2.4
2002-10-17,11.6,8.4,13.9,5123,0.0,1.08,3.5
2002-10-18,7.7,6.3,10.2,5113,3.3,0.92,3.0
2002-10-19,6.3,3.9,10.0,6608,2.4,0.78,2.7
2002-10-20,5.0,0.4,10.5,8422,0.6,0.64,1.9
2002-10-21,5.6,1.7,11.2,3606,3.3,0.69,2.5
2002-10-22,11.9,8.5,14.4,3611,4.7,1.09,2.6
2002-10-23,11.9,6.9,16.2,4093,1.9,0.99,4.3
2002-10-24,6.2,1.9,10.3,6932,0.3,0.69,3.1
2002-10-25,8.5,2.6,13.0,4555,9.2,0.75,3.7
2002-10-26,11.1,9.8,13.2,4016,3.0,1.17,5.5
2002-10-27,10.5,8.3,14.2,3882,4.8,1.07,6.1
2002-10-28,8.0,6.1,10.7,4911,1.5,0.91,5.4
2002-10-29,7.7,5.3,10.4,5851,1.8,0.86,2.1
2002-10-30,7.3,4.5,9.5,3557,0.0,0.82,1.5
2002-10-31,6.3,0.2,11.0,4054,0.0,0.63,1.2
2002-11-01,5.6,0.0,10.0,5338,17.6,0.62,1.7
2002-11-02,5.6,-2.5,8.2,2887,0.1,0.52,2.9
2002-11-03,1.8,-3.0,4.7,2953,20.9,0.48,3.4
2002-11-04,0.9,-1.3,2.5,2781,0.2,0.53,2.4
2002-11-05,-1.5,-5.3,2.8,7296,0.0,0.41,1.7
2002-11-06,-1.5,-5.9,3.6,7191,0.0,0.4,2.4
2002-11-07,0.4,-4.9,3.5,4573,1.3,0.42,2.2
2002-11-08,6.0,4.4,8.8,3599,9.9,0.81,3.4
2002-11-09,4.3,2.3,6.0,2535,1.6,0.7,4.2
2002-11-10,3.2,-1.0,7.0,3206,0.6,0.57,1.9
2002-11-11,3.5,3.2,4.3,2445,1.6,0.74,2.7
2002-11-12,7.5,4.2,11.0,3693,0.0,0.81,2.6
2002-11-13,9.4,7.7,12.4,3476,0.0,1.02,2.8
2002-11-14,7.3,4.0,10.8,3106,0.2,0.8,2.3
2002-11-15,6.8,4.4,9.0,2277,1.6,0.81,1.2
2002-11-16,7.1,6.2,8.6,2238,3.0,0.91,2.0
2002-11-17,8.5,6.0,9.8,2251,0.3,0.9,2.9
2002-11-18,4.9,1.0,11.8,4878,0.0,0.66,1.4
2002-11-19,4.3,-0.3,6.8,2128,0.0,0.59,2.2
2002-11-20,-0.9,-4.4,2.8,5684,0.0,0.43,1.8
2002-11-21,1.2,-0.3,3.4,2303,0.0,0.58,2.6
2002-11-22,3.2,2.7,3.8,2028,8.8,0.71,2.1
2002-11-23,3.9,0.3,8.0,2140,0.1,0.62,1.6
2002-11-24,3.4,0.3,7.6,2722,0.0,0.62,1.6
2002-11-25,5.2,3.0,8.0,1938,0.3,0.73,2.0
2002-11-26,8.5,7.7,10.3,1910,0.0,1.01,1.9
2002-11-27,5.5,2.1,7.3,3168,0.0,0.69,1.9
2002-11-28,6.6,5.4,8.2,1858,0.6,0.86,2.3
2002-11-29,6.3,4.5,7.4,1834,24.9,0.81,1.4
2002-11-30,6.0,5.6,6.9,1811,10.4,0.88,1.9
2002-12-01,4.4,2.6,5.6,1789,0.0,0.71,2.1
2002-12-02,3.2,-0.2,5.9,1944,0.0,0.59,2.5
2002-12-03,2.4,-0.3,4.9,1748,0.2,0.58,1.7
2002-12-04,1.9,1.9,2.6,1730,0.0,0.68,1.5
2002-12-05,1.1,-0.9,2.5,1712,0.1,0.55,2.5
2002-12-06,-1.1,-1.5,-0.2,1696,0.0,0.52,3.6
2002-12-07,-4.5,-6.2,-1.8,2106,0.0,0.37,4.1
2002-12-08,-5.7,-7.7,-2.0,4797,0.0,0.33,4.0
2002-12-09,-8.1,-9.6,-6.3,3632,0.0,0.28,3.5
2002-12-10,-9.7,-12.3,-5.3,4616,0.0,0.23,2.6
2002-12-11,-8.5,-12.8,-4.1,4091,0.0,0.23,2.7
2002-12-12,-8.2,-11.8,-3.8,4197,0.0,0.24,2.3
2002-12-13,-9.1,-13.9,-4.8,3806,0.0,0.21,1.6
2002-12-14,-5.1,-6.6,-3.5,1893,0.0,0.36,2.6
2002-12-15,-5.0,-7.2,-2.2,1598,0.0,0.35,3.3
2002-12-16,-0.7,-2.0,0.3,1593,0.3,0.51,2.8
2002-12-17,-0.1,-0.5,0.6,1589,0.0,0.56,2.1
2002-12-18,-0.4,-2.6,1.0,1585,0.3,0.49,2.1
2002-12-19,0.4,-3.1,1.6,1583,0.0,0.47,1.5
2002-12-20,-3.4,-6.9,0.1,3668,0.0,0.36,1.7
2002-12-21,-1.4,-2.5,-0.6,1583,0.0,0.49,1.7
2002-12-22,-1.6,-4.2,-0.2,1584,5.7,0.43,2.9
2002-12-23,-3.2,-4.4,-1.1,1586,0.0,0.43,2.9
2002-12-24,-4.0,-4.3,-2.7,1590,1.7,0.43,3.1
2002-12-25,-1.9,-3.9,0.5,1594,0.0,0.44,2.2
2002-12-26,1.1,-1.6,3.2,2713,2.2,0.52,2.7
2002-12-27,3.6,2.0,5.7,1648,0.5,0.68,2.4
2002-12-28,4.8,3.7,6.6,1614,0.3,0.77,2.2
2002-12-29,5.8,4.0,7.6,1665,8.3,0.79,3.1
2002-12-30,1.0,-1.4,4.4,1634,10.9,0.53,3.6
2002-12-31,-6.5,-13.7,-1.5,4709,0.0,0.22,3.0
2003-01-01,-7.0,-15.7,3.1,1868,12.4,0.21,2.7
2003-01-02,5.1,2.4,7.1,1670,15.6,0.7,3.9
2003-01-03,0.2,-0.3,2.2,1685,0.6,0.57,3.4
2003-01-04,-2.1,-5.5,-0.4,1872,0.0,0.39,2.6
2003-01-05,-5.2,-9.6,-2.7,2927,0.8,0.29,2.2
2003-01-06,-4.3,-8.2,-2.0,2257,0.2,0.32,2.2
2003-01-07,-12.1,-16.6,-8.3,3946,0.0,0.17,1.8
2003-01-08,-12.7,-17.4,-7.7,2481,0.0,0.16,1.6
2003-01-09,-12.4,-18.3,-8.3,3131,0.0,0.15,1.6
2003-01-10,-6.3,-8.5,-3.7,1818,0.2,0.31,1.5
2003-01-11,-8.1,-12.5,-4.7,2159,0.0,0.23,2.0
2003-01-12,-0.9,-4.5,0.7,1866,5.8,0.43,2.7
2003-01-13,1.5,-0.8,4.5,1892,2.0,0.56,3.8
2003-01-14,6.4,4.5,7.6,1919,0.0,0.81,4.3
2003-01-15,5.5,3.7,7.1,1947,0.0,0.77,4.1
2003-01-16,5.3,4.2,7.1,2024,0.0,0.8,3.7
2003-01-17,2.5,0.0,5.6,5027,0.0,0.59,2.7
2003-01-18,1.7,-1.5,3.3,2039,0.0,0.53,2.5
2003-01-19,2.8,0.8,5.1,4911,1.2,0.63,3.0
2003-01-20,5.2,3.4,8.8,5025,0.0,0.76,3.1
2003-01-21,4.6,0.9,6.9,2291,0.0,0.63,2.7
2003-01-22,2.8,-0.6,7.6,4605,0.0,0.58,2.7
2003-01-23,4.6,2.8,6.8,2265,0.2,0.72,2.4
2003-01-24,3.0,2.3,3.8,2253,0.0,0.69,2.1
2003-01-25,2.3,0.3,4.1,3025,1.5,0.61,2.5
2003-01-26,3.8,0.9,5.6,2333,0.7,0.63,2.9
2003-01-27,7.1,3.6,9.5,2375,2.3,0.77,3.8
2003-01-28,5.2,1.5,9.9,2636,3.9,0.67,5.5
2003-01-29,1.7,-0.1,3.7,2463,2.4,0.58,3.4
2003-01-30,-0.2,-1.8,2.6,2953,0.1,0.52,2.7
2003-01-31,-2.4,-7.7,-1.2,2555,0.4,0.33,2.5
2003-02-01,-5.4,-9.0,-1.4,6928,0.0,0.31,2.2
2003-02-02,-1.5,-3.9,1.7,3228,2.4,0.45,3.5
2003-02-03,1.9,0.3,4.6,4218,0.0,0.6,3.6
2003-02-04,1.0,-0.5,3.5,3461,2.1,0.57,2.4
2003-02-05,-1.8,-8.7,3.1,4358,0.0,0.33,2.4
2003-02-06,-2.1,-6.1,-0.9,2858,0.0,0.37,2.3
2003-02-07,-2.4,-6.0,0.0,2912,1.5,0.38,2.0
2003-02-08,0.1,-2.9,1.8,2967,0.1,0.48,1.5
2003-02-09,-3.2,-6.2,0.8,8171,0.0,0.38,2.3
2003-02-10,-3.5,-7.4,-1.1,3081,0.0,0.34,1.7
2003-02-11,-3.2,-8.7,-0.9,3140,0.0,0.32,1.9
2003-02-12,-5.1,-8.5,0.2,8864,0.0,0.32,2.2
2003-02-13,-6.0,-11.5,0.7,9059,0.0,0.26,2.0
2003-02-14,-4.6,-11.5,2.3,8991,0.0,0.27,1.6
2003-02-15,-1.0,-2.4,1.6,3384,0.0,0.5,2.3
2003-02-16,-4.0,-7.6,-1.2,8572,0.0,0.34,2.8
2003-02-17,-6.6,-11.6,-2.1,4825,0.0,0.25,2.0
2003-02-18,-6.4,-13.0,-2.1,3577,0.0,0.23,1.8
2003-02-19,-1.5,-2.0,-0.2,3643,0.0,0.51,2.2
2003-02-20,-1.5,-2.0,-0.4,3711,0.0,0.5,1.9
2003-02-21,-1.6,-3.9,-0.1,3779,0.0,0.44,2.1
2003-02-22,0.2,-2.8,4.7,8611,0.0,0.49,2.2
2003-02-23,0.1,-4.8,6.8,10960,0.0,0.44,1.9
2003-02-24,-0.6,-7.0,8.1,11185,0.0,0.39,1.4
2003-02-25,0.8,-6.1,10.0,11413,0.0,0.42,1.7
2003-02-26,0.6,-3.2,7.5,11491,0.0,0.49,1.8
2003-02-27,0.1,-5.8,9.2,11490,0.0,0.43,1.4
2003-02-28,0.4,-0.8,2.2,5218,0.0,0.56,1.7
2003-03-01,3.1,0.6,7.7,6015,0.0,0.62,1.8
2003-03-02,2.2,0.5,4.9,4506,2.6,0.61,2.5
2003-03-03,0.4,0.1,1.4,4502,0.1,0.59,1.8
2003-03-04,0.9,-0.1,2.9,4578,0.0,0.58,1.5
2003-03-05,1.8,-0.4,5.8,4738,0.0,0.58,2.2
2003-03-06,2.0,-0.9,5.8,7319,2.7,0.56,3.1
2003-03-07,3.6,0.7,7.5,6664,0.0,0.63,1.9
2003-03-08,5.8,0.4,10.5,8123,6.1,0.64,3.5
2003-03-09,7.9,5.3,9.7,4967,0.6,0.86,3.4
2003-03-10,9.3,3.8,14.7,7651,0.0,0.82,2.8
2003-03-11,9.2,7.2,11.1,5127,5.8,0.98,3.2
2003-03-12,7.3,3.5,10.4,6180,0.5,0.77,3.4
2003-03-13,3.1,-0.8,7.8,14929,0.0,0.57,2.6
2003-03-14,2.4,-1.3,6.8,8341,0.0,0.55,2.5
2003-03-15,2.6,-2.0,8.0,11995,0.0,0.53,2.2
2003-03-16,3.5,-2.6,11.2,13051,0.0,0.53,1.7
2003-03-17,2.1,-1.8,6.5,6538,0.0,0.53,2.0
2003-03-18,4.2,-3.0,12.7,15212,0.0,0.53,1.8
2003-03-19,4.1,0.8,5.6,5777,0.0,0.63,2.5
2003-03-20,3.2,0.6,4.8,5860,0.0,0.61,2.1
2003-03-21,0.1,-3.2,5.0,17230,0.0,0.48,2.7
2003-03-22,0.9,-5.2,8.7,17500,0.0,0.44,2.4
2003-03-23,4.4,-5.1,15.2,17673,0.0,0.48,1.5
2003-03-24,7.7,-3.1,18.9,17943,0.0,0.57,1.7
2003-03-25,9.5,0.8,15.4,14563,0.0,0.68,1.6
2003-03-26,5.2,-1.7,13.1,14509,0.0,0.57,1.4
2003-03-27,6.0,0.8,12.7,9344,5.3,0.67,1.3
2003-03-28,7.5,2.5,14.8,12675,0.0,0.75,1.4
2003-03-29,8.3,-0.4,17.2,15950,0.0,0.65,1.4
2003-03-30,10.8,5.7,17.3,16507,0.0,0.94,2.3
2003-03-31,6.7,-0.4,13.0,16038,0.0,0.62,2.6
2003-04-01,8.8,0.7,16.3,16493,4.9,0.69,3.2
2003-04-02,7.3,3.4,10.7,10482,2.9,0.76,3.8
2003-04-03,5.2,1.6,8.6,9011,4.5,0.68,3.2
2003-04-04,6.3,-0.2,10.7,17557,0.0,0.61,2.7
2003-04-05,6.0,-0.3,10.1,13557,0.0,0.61,4.4
2003-04-06,1.8,-3.1,4.5,14424,0.2,0.48,3.6
2003-04-07,0.4,-3.8,3.5,11858,0.0,0.45,2.8
2003-04-08,0.2,-3.2,3.2,9043,0.0,0.47,1.8
2003-04-09,-0.3,-5.3,4.5,14135,1.0,0.41,2.1
2003-04-10,1.2,-4.1,5.7,10642,0.0,0.45,1.6
2003-04-11,2.7,-2.3,9.0,16014,0.0,0.52,1.9
2003-04-12,5.1,-0.1,13.4,20113,0.0,0.63,1.4
2003-04-13,7.6,2.9,16.2,21030,0.0,0.78,1.8
2003-04-14,10.6,1.8,18.6,21731,0.0,0.75,3.4
2003-04-15,13.5,4.4,21.0,21762,0.0,0.9,3.2
2003-04-16,13.1,6.2,19.6,22127,0.0,0.98,3.0
2003-04-17,12.6,5.8,19.8,22041,0.0,0.97,2.7
2003-04-18,6.1,2.1,8.6,9448,1.6,0.69,3.5
2003-04-19,9.7,3.3,15.2,13180,0.0,0.79,3.7
2003-04-20,14.2,6.8,21.1,22100,0.0,1.03,2.9
2003-04-21,14.7,6.7,21.4,22114,0.0,1.02,2.5
2003-04-22,14.0,6.7,21.9,22933,0.0,1.05,1.9
2003-04-23,12.4,3.6,19.3,20508,0.0,0.85,1.8
2003-04-24,11.7,5.4,20.3,21438,0.0,0.95,1.4
2003-04-25,14.4,6.1,22.8,16297,0.0,1.02,2.1
2003-04-26,15.4,10.1,22.4,9007,2.8,1.26,2.8
2003-04-27,13.7,8.5,17.5,16487,1.2,1.1,4.0
2003-04-28,14.2,7.2,19.1,13865,0.0,1.03,2.7
2003-04-29,16.0,10.7,22.1,12290,4.1,1.3,3.1
2003-04-30,15.1,8.7,21.1,13435,1.9,1.16,2.7
2003-05-01,13.9,9.9,19.4,18038,0.2,1.22,3.9
2003-05-02,15.3,8.4,20.6,23980,0.0,1.13,2.4
2003-05-03,13.3,7.4,15.8,13664,0.0,1.02,4.4
2003-05-04,14.7,4.3,22.6,26347,0.0,0.91,2.3
2003-05-05,21.3,9.0,30.9,24044,0.0,1.32,2.3
2003-05-06,15.8,10.9,19.0,11950,0.0,1.3,2.3
2003-05-07,14.0,6.3,19.8,23992,0.0,1.0,1.9
2003-05-08,17.2,4.5,26.3,23841,0.0,0.98,1.9
2003-05-09,14.1,11.9,18.7,11412,0.0,1.37,1.6
2003-05-10,13.8,10.0,18.1,14882,0.0,1.21,1.3
2003-05-11,15.9,10.1,21.9,19096,13.4,1.26,1.3
2003-05-12,16.0,10.7,22.1,16723,7.6,1.3,2.0
2003-05-13,11.4,5.8,16.1,12868,0.6,0.92,2.6
2003-05-14,10.1,4.9,15.3,16729,0.7,0.87,2.8
2003-05-15,9.3,4.1,15.0,21462,0.9,0.83,2.1
2003-05-16,9.7,2.8,15.9,20299,0.0,0.78,1.4
2003-05-17,13.4,5.7,19.7,16540,0.0,0.96,2.1
2003-05-18,14.4,10.1,18.5,16472,10.8,1.23,2.4
2003-05-19,14.8,13.1,18.2,12940,4.5,1.46,2.4
2003-05-20,14.4,10.3,19.2,20542,0.0,1.25,3.4
2003-05-21,12.9,8.6,18.3,12911,0.0,1.11,2.6
2003-05-22,14.4,9.3,18.9,17922,0.0,1.17,2.3
2003-05-23,16.3,11.6,20.2,10762,0.3,1.36,2.8
2003-05-24,20.9,10.8,29.3,26479,0.0,1.42,1.9
2003-05-25,19.3,12.7,26.4,25039,7.0,1.52,2.3
2003-05-26,16.8,13.4,21.6,19729,0.0,1.52,1.8
2003-05-27,18.2,13.8,22.9,23017,0.0,1.57,1.7
2003-05-28,17.6,13.2,23.4,19315,0.0,1.52,2.0
2003-05-29,18.6,10.7,26.1,29479,0.0,1.35,1.8
2003-05-30,20.0,9.3,29.3,29650,0.0,1.31,1.4
2003-05-31,18.8,9.6,26.7,19052,0.3,1.29,1.5
2003-06-01,20.4,13.3,27.3,28857,0.0,1.57,1.5
2003-06-02,21.9,13.1,30.1,28394,0.0,1.62,2.2
2003-06-03,24.2,15.3,32.4,23287,0.0,1.85,1.5
2003-06-04,25.6,16.9,33.2,27333,0.0,2.03,2.0
2003-06-05,23.0,16.3,32.1,22594,6.5,1.96,1.8
2003-06-06,19.0,13.5,24.4,27393,0.0,1.57,1.6
2003-06-07,20.7,14.3,28.6,25786,0.0,1.69,1.4
2003-06-08,23.8,16.3,32.5,24553,6.7,1.96,2.1
2003-06-09,17.6,12.6,21.4,25832,0.0,1.44,3.1
2003-06-10,20.1,10.4,28.4,26983,0.3,1.39,1.8
2003-06-11,21.7,16.0,25.5,22473,0.0,1.8,2.5
2003-06-12,21.0,13.6,28.1,22236,0.1,1.63,1.6
2003-06-13,19.2,12.6,23.3,26780,0.0,1.47,2.0
2003-06-14,17.2,11.5,23.5,21002,0.0,1.38,1.6
2003-06-15,17.4,10.5,23.4,23907,0.0,1.31,1.6
2003-06-16,17.3,11.1,22.4,24544,0.0,1.33,1.8
2003-06-17,18.5,11.5,25.1,24928,0.0,1.41,1.6
2003-06-18,17.5,12.7,22.6,12721,0.0,1.47,2.2
2003-06-19,19.1,14.9,22.7,13856,8.0,1.67,3.3
2003-06-20,16.4,11.0,20.3,22794,0.8,1.31,4.5
2003-06-21,14.5,9.2,17.9,12095,0.5,1.16,3.1
2003-06-22,17.3,9.4,23.0,24677,0.0,1.22,1.6
2003-06-23,22.0,12.7,31.6,17374,13.4,1.62,3.1
2003-06-24,18.9,12.6,23.2,24161,0.0,1.46,3.3
2003-06-25,17.0,10.7,22.2,22139,0.0,1.31,2.7
2003-06-26,16.0,9.4,21.8,17979,0.0,1.21,1.7
2003-06-27,18.8,12.1,24.9,28653,0.0,1.46,1.7
2003-06-28,19.5,12.1,26.8,26878,0.0,1.48,1.5
2003-06-29,21.4,15.5,29.1,16056,0.0,1.82,1.5
2003-06-30,20.4,14.5,26.6,22822,0.0,1.67,1.7
2003-07-01,19.1,15.1,22.1,14141,0.5,1.68,2.7
2003-07-02,17.7,14.1,23.0,16758,1.8,1.59,3.0
2003-07-03,17.2,12.4,23.4,21126,2.9,1.45,3.0
2003-07-04,16.9,15.6,19.6,11826,4.9,1.72,3.4
2003-07-05,15.7,14.8,17.4,11053,0.4,1.63,3.3
2003-07-06,16.2,14.4,19.5,11407,0.0,1.6,2.6
2003-07-07,17.2,13.3,22.5,17263,0.0,1.51,1.6
2003-07-08,17.9,12.9,23.7,17609,0.0,1.5,1.6
2003-07-09,17.8,14.2,22.5,15704,1.7,1.61,2.2
2003-07-10,16.4,10.5,22.2,15422,0.0,1.28,1.9
2003-07-11,19.9,8.6,27.9,26492,2.2,1.24,2.0
2003-07-12,18.2,14.4,23.3,19219,0.0,1.62,2.7
2003-07-13,17.3,11.6,23.5,21297,0.0,1.38,1.9
2003-07-14,19.9,9.4,27.3,28718,0.0,1.27,2.1
2003-07-15,22.1,14.4,28.9,26180,0.0,1.72,2.0
2003-07-16,25.2,17.0,32.3,26873,1.5,2.03,2.6
2003-07-17,23.6,18.1,30.4,16772,8.9,2.12,2.2
2003-07-18,21.2,15.8,27.2,21681,0.0,1.81,1.9
2003-07-19,23.3,13.7,30.8,25463,0.0,1.68,1.6
2003-07-20,26.1,16.0,33.7,27010,0.0,1.94,2.1
2003-07-21,24.7,20.0,31.7,17567,0.8,2.35,1.7
2003-07-22,22.5,16.8,27.8,21950,0.1,1.92,1.9
2003-07-23,21.7,15.6,26.8,20411,0.0,1.8,1.4
2003-07-24,21.5,15.2,29.5,16418,6.7,1.78,1.6
2003-07-25,21.2,16.8,26.2,20655,0.6,1.91,1.6
2003-07-26,20.2,17.9,24.5,12261,1.5,2.0,1.9
2003-07-27,24.5,18.6,31.9,20644,4.5,2.2,2.6
2003-07-28,21.4,18.0,25.6,18622,0.0,2.03,1.9
2003-07-29,20.1,13.9,25.4,15387,2.1,1.62,1.3
2003-07-30,20.5,11.3,27.7,22010,0.0,1.44,1.5
2003-07-31,21.9,12.9,29.3,22174,0.0,1.59,1.4
2003-08-01,24.4,16.3,31.5,24030,0.0,1.94,1.2
2003-08-02,25.5,17.3,32.6,14279,0.0,2.07,1.2
2003-08-03,25.8,19.0,32.4,19274,0.0,2.26,1.3
2003-08-04,25.4,19.0,31.9,26528,0.0,2.25,1.5
2003-08-05,23.3,15.6,30.3,25588,0.0,1.86,1.7
2003-08-06,22.3,15.5,29.0,25607,0.0,1.82,1.5
2003-08-07,22.7,11.9,32.6,25504,0.0,1.58,1.3
2003-08-08,24.1,13.0,33.5,25518,0.0,1.67,1.3
2003-08-09,25.5,13.9,34.7,25647,0.0,1.78,1.6
2003-08-10,23.9,17.1,30.8,26127,0.0,2.01,2.0
2003-08-11,22.8,13.5,30.1,26130,0.0,1.66,1.6
2003-08-12,25.8,14.9,34.8,23071,0.0,1.89,1.4
2003-08-13,27.1,20.8,33.3,24602,0.2,2.5,2.7
2003-08-14,20.5,16.7,24.7,15250,0.0,1.88,2.8
2003-08-15,19.1,14.6,24.3,19237,0.0,1.67,3.1
2003-08-16,17.6,10.8,24.1,19016,0.0,1.33,2.1
2003-08-17,18.8,6.5,27.3,23883,2.2,1.1,1.5
2003-08-18,22.2,16.0,31.2,15229,0.7,1.91,2.4
2003-08-19,20.9,16.0,24.9,13640,0.1,1.81,2.6
2003-08-20,17.4,11.3,23.9,19151,0.0,1.38,1.9
2003-08-21,17.8,8.3,25.6,17897,0.0,1.18,1.7
2003-08-22,19.9,12.2,25.5,18011,0.0,1.48,2.9
2003-08-23,19.4,15.4,24.1,13040,4.1,1.73,2.7
2003-08-24,17.8,15.2,21.3,8672,0.0,1.68,2.3
2003-08-25,18.4,10.9,26.1,18892,0.0,1.38,1.7
2003-08-26,17.2,7.6,25.3,16427,0.0,1.13,2.4
2003-08-27,16.3,13.9,20.0,10766,0.0,1.55,3.3
2003-08-28,16.7,13.4,20.9,11227,2.2,1.5,1.4
2003-08-29,15.6,13.3,20.5,9266,18.4,1.5,2.5
2003-08-30,15.8,11.5,20.9,14097,0.0,1.36,2.5
2003-08-31,14.1,9.4,18.9,18442,1.8,1.18,2.5
2003-09-01,11.9,7.9,18.0,14197,5.8,1.06,2.4
2003-09-02,11.6,6.5,18.4,16232,0.0,0.99,1.8
2003-09-03,12.7,7.4,17.7,10437,0.0,1.04,1.9
2003-09-04,15.0,10.9,20.2,8638,0.0,1.3,1.8
2003-09-05,17.0,12.0,23.4,16794,0.0,1.41,1.6
2003-09-06,17.3,9.2,25.1,18337,0.0,1.24,1.9
2003-09-07,17.9,11.3,26.0,12132,0.1,1.41,1.4
2003-09-08,17.6,11.3,26.0,14717,0.5,1.41,1.9
2003-09-09,14.3,11.8,17.7,7163,5.2,1.35,1.8
2003-09-10,13.7,10.8,19.2,9333,19.5,1.28,2.0
2003-09-11,10.8,8.4,13.8,6690,3.4,1.07,3.1
2003-09-12,14.2,11.1,17.4,7013,0.6,1.29,2.0
2003-09-13,13.8,9.8,19.1,11446,0.0,1.22,2.1
2003-09-14,14.4,9.8,20.4,11329,0.0,1.23,1.4
2003-09-15,15.3,9.4,22.0,17744,0.0,1.2,1.3
2003-09-16,16.7,11.2,23.1,13748,0.0,1.35,1.4
2003-09-17,16.4,11.5,23.0,16633,0.0,1.37,1.3
2003-09-18,19.3,11.9,27.8,16763,0.0,1.49,1.7
2003-09-19,20.3,12.5,29.5,17271,0.0,1.56,1.9
2003-09-20,22.1,15.2,30.5,16625,0.0,1.8,1.3
2003-09-21,20.0,13.3,28.2,16931,0.0,1.61,2.2
2003-09-22,21.4,13.0,29.9,16291,0.1,1.6,2.6
2003-09-23,13.9,6.2,21.0,8591,2.0,1.0,3.2
2003-09-24,9.7,4.1,16.8,13465,0.0,0.85,2.0
2003-09-25,11.4,5.1,18.8,15969,0.0,0.91,2.0
2003-09-26,13.7,5.6,22.0,15436,0.0,0.98,2.2
2003-09-27,12.6,7.3,18.5,8620,0.0,1.04,1.8
2003-09-28,11.9,7.0,17.5,8066,4.1,1.01,1.5
2003-09-29,11.2,7.5,15.3,7078,2.4,1.03,2.5
2003-09-30,9.0,5.0,13.9,9780,0.0,0.87,1.6
2003-10-01,10.7,2.7,18.1,12256,3.3,0.79,1.8
2003-10-02,11.4,5.7,15.3,6790,0.0,0.92,1.6
2003-10-03,10.2,4.0,15.3,6270,13.2,0.83,1.7
2003-10-04,12.2,5.7,16.1,8283,0.8,0.92,2.4
2003-10-05,7.9,3.9,13.6,8422,0.0,0.8,2.0
2003-10-06,8.1,5.2,12.3,9298,2.5,0.87,4.1
2003-10-07,9.1,8.1,10.7,5501,0.9,1.04,4.5
2003-10-08,9.1,6.7,13.4,6790,5.4,0.96,4.4
2003-10-09,10.8,9.3,13.8,8612,0.0,1.14,3.9
2003-10-10,13.4,11.3,15.2,4456,0.1,1.3,4.0
2003-10-11,11.9,9.3,15.1,5400,0.0,1.14,3.3
2003-10-12,8.6,2.3,14.3,9811,0.0,0.74,2.0
2003-10-13,5.6,-0.6,13.8,8528,0.0,0.62,1.7
2003-10-14,4.1,-1.2,10.9,9926,0.0,0.58,2.2
2003-10-15,5.6,-0.8,11.4,9941,0.0,0.6,2.0
2003-10-16,4.7,-2.2,11.5,7951,0.0,0.54,2.0
2003-10-17,4.0,-1.8,9.6,10918,0.0,0.55,2.2
2003-10-18,2.5,-2.7,11.3,10698,0.0,0.52,1.7
2003-10-19,1.5,-3.1,10.4,9189,0.0,0.51,1.2
2003-10-20,1.3,-2.9,7.6,4027,0.0,0.5,1.8
2003-10-21,3.8,0.4,6.0,3606,0.8,0.61,1.8
2003-10-22,3.4,-0.7,6.9,6104,0.0,0.58,2.0
2003-10-23,0.4,-3.6,5.7,5805,0.0,0.47,2.6
2003-10-24,-0.9,-6.3,4.4,9164,0.0,0.39,1.8
2003-10-25,4.9,1.8,8.2,3418,3.3,0.68,3.5
2003-10-26,5.1,3.0,6.5,3290,0.7,0.73,2.3
2003-10-27,0.9,-2.4,5.7,9300,0.0,0.51,1.4
2003-10-28,1.4,-3.1,8.8,8717,0.0,0.5,2.0
2003-10-29,3.8,0.3,6.4,3175,5.0,0.61,2.1
2003-10-30,5.9,4.5,7.6,3053,6.7,0.81,1.9
2003-10-31,6.7,2.9,10.0,3308,0.0,0.74,2.7
2003-11-01,8.2,5.8,11.7,3433,0.4,0.9,2.5
2003-11-02,8.3,3.5,12.7,5133,0.4,0.79,3.1
2003-11-03,10.3,8.0,13.3,4213,1.7,1.04,4.2
2003-11-04,9.3,2.9,12.0,4144,0.0,0.75,2.9
2003-11-05,5.1,0.4,13.0,7121,0.1,0.65,1.8
2003-11-06,2.5,0.0,4.9,2679,0.0,0.59,2.2
2003-11-07,3.3,0.3,5.8,2630,0.0,0.61,3.5
2003-11-08,6.1,3.6,8.7,6252,0.0,0.77,3.9
2003-11-09,4.3,2.6,7.0,3595,0.0,0.71,2.3
2003-11-10,2.6,1.6,4.1,2490,0.0,0.66,2.6
2003-11-11,2.8,-1.2,7.0,6422,0.0,0.55,2.5
2003-11-12,0.9,-2.1,5.4,6439,0.0,0.52,2.3
2003-11-13,-0.9,-4.3,5.6,6031,0.0,0.45,1.6
2003-11-14,1.5,-1.8,5.0,2423,0.0,0.53,2.0
2003-11-15,6.0,1.1,10.2,4513,0.0,0.66,2.6
2003-11-16,5.1,3.1,8.1,2290,12.0,0.74,1.9
2003-11-17,6.2,4.6,8.2,2200,1.8,0.82,3.4
2003-11-18,8.7,5.9,12.7,2163,4.2,0.91,3.7
2003-11-19,12.7,11.9,14.0,2128,0.3,1.35,4.1
2003-11-20,10.2,8.6,12.0,2487,0.0,1.08,2.1
2003-11-21,9.1,4.5,12.1,4250,0.0,0.83,2.1
2003-11-22,7.9,2.7,12.3,2028,0.0,0.74,2.0
2003-11-23,11.7,9.9,14.0,3236,0.0,1.18,2.2
2003-11-24,10.3,6.7,13.8,2344,0.0,0.96,2.1
2003-11-25,8.7,6.0,12.2,1985,2.7,0.92,1.6
2003-11-26,8.4,5.2,11.9,5059,0.1,0.87,2.2
2003-11-27,5.5,4.7,6.3,1884,0.0,0.82,1.4
2003-11-28,6.8,6.2,7.9,1858,3.1,0.92,2.1
2003-11-29,7.0,6.4,7.9,1834,0.7,0.92,1.7
2003-11-30,6.2,2.6,8.1,2928,0.0,0.72,2.6
2003-12-01,3.5,0.2,7.6,4139,0.0,0.61,2.6
2003-12-02,5.4,1.4,7.2,1768,0.0,0.66,2.4
2003-12-03,5.6,5.5,6.4,1748,0.1,0.87,1.7
2003-12-04,4.5,3.6,5.7,1730,0.6,0.76,2.0
2003-12-05,4.8,3.6,7.1,1712,1.6,0.76,2.4
2003-12-06,4.5,0.1,8.4,3365,0.0,0.61,4.0
2003-12-07,-2.3,-4.9,1.6,4872,0.0,0.42,2.2
2003-12-08,-3.1,-6.3,2.3,2005,0.0,0.38,1.7
2003-12-09,-3.5,-7.3,2.5,4768,0.0,0.36,1.5
2003-12-10,0.2,-4.2,4.6,4658,0.0,0.45,2.1
2003-12-11,0.9,-2.5,4.3,3049,5.6,0.5,3.0
2003-12-12,1.6,-0.8,4.2,1828,4.0,0.56,2.3
2003-12-13,7.0,0.1,11.3,1612,11.8,0.63,4.2
2003-12-14,6.9,2.6,10.3,1605,4.7,0.73,5.4
2003-12-15,1.3,0.5,2.3,2586,0.0,0.61,5.2
2003-12-16,1.6,0.5,2.7,4468,1.1,0.61,3.3
2003-12-17,4.8,2.2,6.2,1589,0.0,0.69,2.5
2003-12-18,2.2,-1.9,6.9,4534,0.0,0.53,1.9
2003-12-19,2.7,-0.3,6.0,3957,0.0,0.58,2.1
2003-12-20,6.1,4.3,8.3,1582,4.8,0.8,2.9
2003-12-21,6.5,3.5,9.3,2483,0.9,0.76,6.0
2003-12-22,0.6,-3.9,4.1,1584,0.2,0.45,3.6
2003-12-23,-4.3,-8.1,-1.1,2611,0.0,0.33,2.3
2003-12-24,-1.7,-6.8,1.5,4380,0.0,0.37,2.7
2003-12-25,2.8,1.0,4.2,1594,0.0,0.63,3.0
2003-12-26,4.8,3.8,6.5,1600,0.0,0.77,2.9
2003-12-27,5.1,2.2,7.2,1648,0.0,0.69,3.8
2003-12-28,6.2,2.5,8.5,1614,0.0,0.72,3.7
2003-12-29,4.3,2.8,5.7,2289,0.0,0.72,3.0
2003-12-30,0.1,-3.3,3.5,2636,0.0,0.47,1.3
2003-12-31,0.1,-3.4,1.3,1645,0.0,0.46,1.9
2004-01-01,-4.5,-8.4,-2.6,1699,0.0,0.31,1.8
2004-01-02,-2.5,-7.3,0.2,2816,0.0,0.35,2.5
2004-01-03,-4.2,-8.1,-1.6,1728,0.1,0.32,1.4
2004-01-04,-5.0,-6.8,-3.4,2903,2.3,0.35,2.4
2004-01-05,-8.1,-14.6,-5.0,4785,0.0,0.2,2.2
2004-01-06,-4.8,-13.5,1.3,1996,9.2,0.23,2.9
2004-01-07,3.3,0.0,4.6,1754,0.0,0.59,2.0
2004-01-08,0.8,-2.2,4.6,4557,0.0,0.51,2.5
2004-01-09,1.3,-1.1,2.5,1796,0.7,0.54,2.5
2004-01-10,3.4,0.6,4.5,1818,1.8,0.61,2.3
2004-01-11,3.7,-1.2,7.8,1887,10.3,0.56,3.5
2004-01-12,3.2,1.1,6.6,4242,1.4,0.65,3.7
2004-01-13,4.0,1.4,6.6,1892,4.5,0.66,4.2
2004-01-14,4.7,1.7,6.5,2105,3.9,0.67,4.8
2004-01-15,2.4,0.7,3.8,2088,1.7,0.62,3.3
2004-01-16,3.5,1.5,4.9,2404,4.6,0.66,4.2
2004-01-17,4.8,0.6,6.4,2007,4.2,0.62,3.0
2004-01-18,-0.1,-3.3,1.3,3105,0.0,0.47,2.5
2004-01-19,0.8,-2.2,2.3,2072,4.9,0.5,3.7
2004-01-20,0.5,-0.7,2.4,2155,0.2,0.56,2.8
2004-01-21,-1.9,-3.5,-0.6,2991,0.0,0.45,1.6
2004-01-22,-4.2,-6.2,-2.4,4504,0.0,0.37,1.6
2004-01-23,-4.9,-8.6,-1.9,2214,0.0,0.31,1.9
2004-01-24,-4.5,-8.2,-1.1,5306,2.7,0.33,2.1
2004-01-25,-5.7,-6.7,-4.7,2293,1.5,0.36,1.7
2004-01-26,-4.6,-5.5,-3.0,2333,0.0,0.39,1.7
2004-01-27,-3.1,-4.5,-1.6,2375,0.0,0.42,1.6
2004-01-28,-2.5,-6.1,-0.3,2744,0.2,0.38,2.6
2004-01-29,-0.6,-1.9,1.2,4164,0.5,0.51,3.6
2004-01-30,0.8,-0.3,2.3,3064,0.8,0.57,3.9
2004-01-31,3.3,-0.1,8.6,2611,3.7,0.6,4.7
2004-02-01,8.4,5.3,10.9,2603,6.6,0.87,5.0
2004-02-02,8.3,6.1,10.6,2651,3.7,0.91,3.9
2004-02-03,10.0,7.5,13.3,2701,2.3,1.01,3.3
2004-02-04,13.5,12.8,14.8,2752,0.0,1.42,3.8
2004-02-05,13.5,11.2,15.6,2805,4.4,1.29,4.3
2004-02-06,11.6,9.8,13.4,2979,2.0,1.17,3.5
2004-02-07,7.6,4.1,12.2,3463,3.0,0.81,5.3
2004-02-08,2.5,0.9,5.2,3711,5.9,0.63,5.3
2004-02-09,1.4,-1.0,3.8,5535,0.2,0.55,4.8
2004-02-10,0.7,-1.2,3.5,3081,10.5,0.54,3.3
2004-02-11,0.8,-3.8,2.9,4105,0.1,0.46,2.8
2004-02-12,-2.1,-6.5,0.3,3199,0.3,0.37,1.4
2004-02-13,4.5,0.5,7.7,3260,0.0,0.62,2.1
2004-02-14,5.2,4.3,7.1,3922,0.0,0.8,1.6
2004-02-15,2.2,0.7,4.8,3384,0.0,0.62,1.6
2004-02-16,1.0,-0.5,2.4,3447,0.0,0.57,1.8
2004-02-17,3.6,2.1,5.3,3581,0.0,0.69,2.3
2004-02-18,2.9,-0.1,5.4,6516,0.0,0.59,2.4
2004-02-19,-0.4,-4.4,2.3,7041,0.0,0.43,3.7
2004-02-20,-1.6,-6.3,3.3,11087,0.0,0.38,3.5
2004-02-21,-0.4,-4.1,5.1,9213,0.0,0.45,2.6
2004-02-22,0.1,-3.3,3.9,6193,0.0,0.47,2.2
2004-02-23,-0.2,-2.1,1.6,3917,0.0,0.51,2.7
2004-02-24,-0.3,-6.5,4.7,9461,3.3,0.39,2.6
2004-02-25,0.5,-1.4,2.1,4438,0.4,0.53,2.9
2004-02-26,-1.3,-5.4,3.0,8194,0.0,0.41,2.4
2004-02-27,-1.6,-5.1,2.1,4591,0.0,0.41,1.4
2004-02-28,-2.5,-7.8,4.0,8430,0.0,0.35,1.3
2004-02-29,-2.1,-5.8,2.1,5460,0.0,0.39,1.9
2004-03-01,-0.2,-3.6,3.0,6028,2.0,0.46,2.6
2004-03-02,4.3,2.7,6.8,4906,0.2,0.72,3.2
2004-03-03,3.0,-4.1,7.0,8012,0.0,0.46,2.7
2004-03-04,-1.8,-7.5,2.4,8537,0.0,0.35,1.9
2004-03-05,-0.8,-4.6,3.3,13827,0.0,0.43,3.0
2004-03-06,-1.1,-3.2,2.1,7254,0.7,0.47,2.2
2004-03-07,0.4,-3.4,3.6,6761,0.1,0.47,1.7
2004-03-08,0.6,-4.8,6.0,10899,0.2,0.44,2.0
2004-03-09,1.3,0.8,3.1,5047,0.6,0.62,2.6
2004-03-10,1.2,0.6,2.2,5127,1.9,0.61,2.7
2004-03-11,3.6,2.4,5.6,5295,0.0,0.7,2.3
2004-03-12,4.9,1.1,9.7,9751,0.0,0.66,3.0
2004-03-13,7.7,4.1,11.5,5458,1.8,0.81,2.8
2004-03-14,9.5,4.7,15.0,12267,0.0,0.86,2.7
2004-03-15,10.7,8.2,13.2,6357,0.0,1.06,3.4
2004-03-16,11.6,7.0,15.5,5613,0.0,0.99,2.8
2004-03-17,12.6,5.3,20.7,15026,0.0,0.95,2.0
2004-03-18,10.6,3.1,15.7,10859,0.0,0.79,1.6
2004-03-19,12.5,8.5,14.5,7378,2.8,1.08,4.3
2004-03-20,10.5,7.3,14.5,6325,4.6,1.0,5.9
2004-03-21,9.8,5.7,12.6,12968,0.1,0.9,6.4
2004-03-22,6.6,2.0,10.8,8246,1.3,0.7,3.8
2004-03-23,5.2,-0.7,10.0,14418,0.0,0.59,1.8
2004-03-24,5.1,1.3,9.0,6471,0.0,0.66,3.0
2004-03-25,2.9,-0.7,5.4,6854,0.0,0.57,2.7
2004-03-26,0.4,-4.0,4.8,7942,0.0,0.45,2.1
2004-03-27,0.7,-6.4,7.2,14693,0.0,0.4,1.7
2004-03-28,4.9,-0.6,8.4,6605,0.0,0.58,1.7
2004-03-29,6.9,0.7,13.3,12415,0.0,0.66,1.7
2004-03-30,7.1,-1.4,14.7,18715,0.0,0.6,2.7
2004-03-31,8.3,1.2,15.3,19602,0.0,0.7,2.5
2004-04-01,10.1,3.6,16.2,16116,0.0,0.82,3.2
2004-04-02,11.3,7.5,16.3,18776,0.0,1.03,3.5
2004-04-03,10.5,5.3,17.2,12486,1.0,0.91,2.7
2004-04-04,10.1,5.3,14.6,8986,1.9,0.89,3.3
2004-04-05,7.6,5.1,12.4,12713,0.2,0.87,3.3
2004-04-06,6.4,4.9,9.7,10137,3.8,0.84,3.1
2004-04-07,6.3,4.4,11.0,9692,0.6,0.82,2.6
2004-04-08,5.3,3.6,9.7,8153,5.4,0.77,2.4
2004-04-09,6.2,3.8,10.1,9111,0.5,0.78,2.3
2004-04-10,5.4,0.5,10.5,12716,0.2,0.64,2.4
2004-04-11,5.0,-2.2,11.5,18676,0.0,0.54,2.1
2004-04-12,6.0,1.4,9.7,7927,0.0,0.67,2.1
2004-04-13,7.3,1.2,12.8,10125,0.0,0.69,1.8
2004-04-14,8.3,-0.1,15.4,23219,0.0,0.65,1.7
2004-04-15,10.8,0.8,18.7,23141,0.0,0.71,1.8
2004-04-16,12.8,3.4,20.3,21248,0.0,0.85,1.7
2004-04-17,12.3,3.5,20.3,21609,0.0,0.86,1.9
2004-04-18,13.0,4.6,20.8,20029,0.0,0.91,2.6
2004-04-19,9.2,2.7,11.7,9148,4.4,0.74,2.4
2004-04-20,9.9,2.4,17.9,16705,0.0,0.78,1.6
2004-04-21,12.3,5.3,19.7,12997,0.0,0.94,1.5
2004-04-22,14.3,5.1,21.9,22016,0.1,0.95,1.5
2004-04-23,10.3,6.8,12.5,9914,7.9,0.96,2.4
2004-04-24,8.9,6.4,12.2,8937,0.8,0.94,2.3
2004-04-25,10.5,2.9,16.6,18972,0.1,0.78,1.8
2004-04-26,11.6,8.5,15.5,8959,0.1,1.09,1.7
2004-04-27,12.0,7.4,18.1,12685,0.0,1.04,1.9
2004-04-28,12.7,5.5,19.1,24484,0.0,0.93,2.5
2004-04-29,14.8,8.8,19.8,19847,0.0,1.15,2.8
2004-04-30,17.1,11.5,22.7,25184,0.0,1.38,3.3
2004-05-01,17.8,11.8,24.8,19681,0.0,1.42,2.3
2004-05-02,13.6,12.1,14.7,9233,0.8,1.36,2.0
2004-05-03,15.2,10.4,21.0,18662,2.7,1.27,1.8
2004-05-04,15.9,7.3,21.8,16098,0.1,1.07,2.1
2004-05-05,14.8,11.8,18.9,14726,5.5,1.36,2.0
2004-05-06,14.4,11.4,19.7,10926,0.5,1.33,2.1
2004-05-07,12.5,7.7,17.4,13049,0.8,1.05,3.3
2004-05-08,10.5,5.0,15.2,15544,0.0,0.88,2.7
2004-05-09,10.3,7.8,12.0,9645,0.7,1.02,2.0
2004-05-10,14.6,10.6,19.8,15313,0.0,1.27,2.2
2004-05-11,13.5,10.4,17.7,11832,0.0,1.23,2.0
2004-05-12,10.3,8.6,11.7,10296,0.5,1.08,2.1
2004-05-13,9.1,4.2,10.9,10961,1.0,0.81,2.1
2004-05-14,9.2,2.8,14.0,16176,0.0,0.76,1.4
2004-05-15,11.5,5.0,15.4,9956,1.5,0.88,2.8
2004-05-16,13.1,9.4,18.4,18389,0.0,1.17,2.4
2004-05-17,15.1,10.4,19.9,13138,0.0,1.25,1.6
2004-05-18,15.9,7.7,21.6,21103,0.0,1.09,2.1
2004-05-19,15.1,5.9,21.9,22152,0.0,1.0,2.9
2004-05-20,13.9,8.6,18.7,20227,0.0,1.13,2.0
2004-05-21,10.9,6.8,13.8,11838,0.6,0.98,2.5
2004-05-22,8.6,2.7,14.5,21700,1.9,0.75,3.1
2004-05-23,8.3,4.1,14.5,17894,4.8,0.83,3.3
2004-05-24,9.1,2.5,14.7,13455,0.0,0.76,2.5
2004-05-25,10.5,5.2,15.3,12123,0.3,0.89,2.5
2004-05-26,10.2,5.4,14.3,16278,0.0,0.9,2.4
2004-05-27,10.2,5.3,14.5,12195,0.0,0.89,1.8
2004-05-28,12.2,3.2,19.7,26729,0.0,0.83,1.6
2004-05-29,13.9,2.8,22.4,29900,0.0,0.85,1.5
2004-05-30,16.9,4.2,24.9,28817,0.0,0.93,1.8
2004-05-31,18.5,9.2,25.3,21842,0.0,1.25,2.1
2004-06-01,15.5,9.3,21.6,20372,5.4,1.2,1.6
2004-06-02,15.8,11.7,19.1,14634,0.0,1.34,1.8
2004-06-03,18.6,10.6,25.3,25828,0.0,1.33,2.1
2004-06-04,13.9,9.6,19.2,13806,12.0,1.2,1.7
2004-06-05,14.6,11.8,19.2,14080,2.4,1.35,2.0
2004-06-06,15.0,9.3,20.8,24655,0.0,1.2,1.6
2004-06-07,17.4,8.0,24.5,22416,0.0,1.14,1.6
2004-06-08,20.5,13.8,26.7,22814,0.0,1.63,1.7
2004-06-09,16.5,13.3,20.5,14281,11.8,1.5,2.0
2004-06-10,19.3,15.3,23.4,16057,0.0,1.71,1.8
2004-06-11,19.2,14.6,24.3,18210,5.6,1.67,2.6
2004-06-12,15.5,11.1,19.1,23130,2.3,1.31,2.5
2004-06-13,15.5,10.5,21.4,17101,0.0,1.28,2.3
2004-06-14,15.6,8.8,20.7,19250,0.0,1.16,2.6
2004-06-15,17.8,11.4,24.9,17621,0.4,1.39,3.4
2004-06-16,13.6,7.8,18.6,22536,0.0,1.07,3.5
2004-06-17,13.6,7.9,21.6,13225,13.1,1.11,3.1
2004-06-18,14.8,11.9,19.4,15367,4.5,1.37,2.6
2004-06-19,13.2,6.9,17.1,17130,0.1,1.0,2.4
2004-06-20,13.7,5.5,20.0,24806,0.0,0.96,1.8
2004-06-21,14.5,7.6,19.7,21405,0.0,1.07,1.9
2004-06-22,15.9,10.1,21.8,18129,0.2,1.25,1.7
2004-06-23,17.0,13.1,22.8,15606,4.9,1.5,3.4
2004-06-24,15.9,11.7,20.2,16228,0.0,1.37,4.6
2004-06-25,13.4,10.4,15.9,14081,0.6,1.23,3.7
2004-06-26,14.3,8.8,19.9,17214,0.0,1.14,2.1
2004-06-27,16.2,8.4,21.6,11672,0.0,1.14,1.7
2004-06-28,16.9,12.5,21.7,21961,0.3,1.44,3.2
2004-06-29,14.6,10.4,19.3,18804,0.6,1.26,2.7
2004-06-30,17.2,11.8,21.9,16651,0.0,1.38,1.8
2004-07-01,16.8,11.3,21.1,18389,3.9,1.34,2.7
2004-07-02,15.6,10.6,21.7,21628,0.1,1.3,2.5
2004-07-03,14.2,10.9,19.5,16840,2.1,1.29,3.2
2004-07-04,16.3,11.2,21.4,19948,0.0,1.34,2.6
2004-07-05,15.2,11.1,19.5,16415,1.2,1.31,2.2
2004-07-06,14.8,7.5,20.7,24771,0.0,1.08,2.0
2004-07-07,18.2,6.0,25.0,26737,0.0,1.05,2.2
2004-07-08,18.2,15.7,22.0,13580,11.5,1.75,2.1
2004-07-09,18.8,15.2,23.0,17670,1.3,1.7,3.0
2004-07-10,15.4,11.7,19.1,18384,1.2,1.34,3.1
2004-07-11,15.3,10.3,20.9,22834,5.1,1.27,3.1
2004-07-12,14.4,12.5,18.0,11334,1.5,1.41,3.3
2004-07-13,14.1,11.9,17.0,11425,0.3,1.35,3.2
2004-07-14,15.2,11.9,19.9,14497,0.6,1.38,2.7
2004-07-15,17.6,13.5,21.7,13464,0.0,1.53,2.6
2004-07-16,17.6,13.4,20.9,12803,2.7,1.5,1.7
2004-07-17,21.9,14.3,29.1,22301,1.0,1.7,1.8
2004-07-18,21.8,17.1,29.5,22494,15.7,1.97,1.9
2004-07-19,19.7,12.4,24.7,19719,0.0,1.48,1.8
2004-07-20,20.4,12.1,28.0,15469,2.6,1.51,2.0
2004-07-21,19.8,14.4,24.8,17513,0.0,1.65,1.6
2004-07-22,17.5,14.0,21.7,14382,11.7,1.57,1.3
2004-07-23,21.3,13.8,29.0,22316,14.1,1.65,1.8
2004-07-24,19.8,11.8,24.7,18692,0.0,1.42,2.2
2004-07-25,17.1,11.0,24.1,17283,3.1,1.36,2.0
2004-07-26,14.8,10.6,19.9,13064,0.0,1.28,1.8
2004-07-27,15.1,9.7,21.0,16425,0.0,1.22,1.8
2004-07-28,17.4,9.3,23.8,24401,0.0,1.24,1.5
2004-07-29,18.7,9.7,25.4,26630,0.0,1.27,1.9
2004-07-30,21.3,11.0,28.8,24479,0.0,1.42,1.5
2004-07-31,21.9,12.6,29.9,21851,0.0,1.56,1.3
2004-08-01,19.8,13.0,25.4,21527,0.0,1.54,1.6
2004-08-02,19.7,12.6,26.2,20720,0.0,1.51,1.4
2004-08-03,19.8,12.5,26.8,22680,0.0,1.52,1.4
2004-08-04,22.0,11.9,29.0,24749,0.0,1.48,1.4
2004-08-05,24.0,14.3,29.9,22377,0.0,1.73,2.0
2004-08-06,23.6,15.5,29.9,25027,0.0,1.82,2.1
2004-08-07,22.8,13.3,29.6,23851,0.0,1.62,2.1
2004-08-08,23.8,16.6,30.1,23748,0.0,1.94,2.5
2004-08-09,23.5,15.3,30.2,23524,0.0,1.81,2.5
2004-08-10,24.3,17.1,30.6,23652,0.0,2.0,2.6
2004-08-11,23.8,18.1,31.3,15190,0.0,2.13,1.7
2004-08-12,23.2,15.9,30.8,23664,10.9,1.87,1.7
2004-08-13,18.6,15.4,22.9,16068,0.8,1.73,3.2
2004-08-14,17.9,12.6,24.1,13297,4.2,1.47,2.5
2004-08-15,17.9,9.9,24.1,20873,0.0,1.27,1.9
2004-08-16,21.5,13.1,28.2,16249,0.0,1.57,2.0
2004-08-17,21.8,16.9,27.5,17188,0.0,1.93,1.9
2004-08-18,22.0,17.4,28.1,15018,0.5,2.0,2.3
2004-08-19,23.3,18.9,28.7,16864,0.0,2.17,3.3
2004-08-20,19.8,12.4,26.3,14708,1.4,1.48,2.8
2004-08-21,17.0,11.9,23.5,15289,2.9,1.42,2.6
2004-08-22,14.7,7.8,20.8,18799,0.0,1.09,2.0
2004-08-23,15.7,6.3,22.3,15081,0.0,1.02,1.9
2004-08-24,18.4,13.7,24.5,11057,4.0,1.58,2.4
2004-08-25,16.8,13.7,21.9,12304,1.4,1.55,3.2
2004-08-26,16.0,13.6,20.6,11099,1.8,1.53,3.0
2004-08-27,16.1,14.0,19.3,11337,1.9,1.55,3.0
2004-08-28,17.1,12.2,22.9,10804,11.1,1.43,2.1
2004-08-29,16.3,12.9,21.7,11038,4.9,1.47,1.8
2004-08-30,15.4,12.4,19.6,8986,5.5,1.41,2.9
2004-08-31,14.0,11.1,18.0,11494,1.4,1.3,3.0
2004-09-01,13.9,8.4,19.1,16447,0.0,1.11,2.3
2004-09-02,15.5,6.7,22.8,20380,0.0,1.05,1.4
2004-09-03,17.6,10.4,26.3,20864,0.0,1.33,1.3
2004-09-04,17.9,8.9,26.4,20388,0.0,1.24,1.1
2004-09-05,17.6,9.2,25.7,20334,0.0,1.25,1.5
2004-09-06,18.5,12.0,26.0,19441,0.0,1.45,1.6
2004-09-07,17.7,9.9,25.3,17934,0.0,1.29,1.9
2004-09-08,15.5,9.2,21.9,19227,0.0,1.19,2.0
2004-09-09,12.3,3.3,20.2,19168,0.0,0.85,1.9
2004-09-10,15.4,5.5,23.4,18801,0.0,0.98,2.4
2004-09-11,18.4,12.0,23.5,10248,1.2,1.42,2.3
2004-09-12,17.0,11.8,20.7,13554,0.0,1.38,3.5
2004-09-13,16.2,11.3,21.2,8439,0.0,1.35,3.1
2004-09-14,18.8,13.9,23.8,11806,0.0,1.59,3.1
2004-09-15,15.4,10.2,19.2,13944,0.0,1.23,3.3
2004-09-16,11.9,5.3,18.3,12928,0.0,0.93,1.9
2004-09-17,12.8,3.0,20.5,17247,0.0,0.82,2.0
2004-09-18,15.9,6.5,23.8,17175,0.0,1.06,2.1
2004-09-19,15.6,9.9,19.5,7669,0.0,1.22,2.0
2004-09-20,14.7,8.7,18.2,6534,3.6,1.13,3.3
2004-09-21,12.7,10.0,16.2,7853,1.4,1.2,5.3
2004-09-22,11.7,8.9,15.5,10358,0.2,1.12,4.7
2004-09-23,11.2,8.8,13.8,6273,0.2,1.1,4.0
2004-09-24,12.4,10.1,16.0,7467,1.8,1.21,3.5
2004-09-25,12.6,9.5,16.5,6826,5.4,1.16,2.9
2004-09-26,11.5,8.8,15.9,6014,0.4,1.12,2.3
2004-09-27,13.2,9.9,16.7,5394,0.1,1.2,2.7
2004-09-28,13.7,9.7,15.6,6020,7.1,1.18,2.4
2004-09-29,13.5,10.8,16.1,5496,3.0,1.27,2.8
2004-09-30,11.0,5.0,16.1,10090,0.0,0.88,1.5
2004-10-01,9.8,3.2,16.6,10050,0.0,0.8,1.6
2004-10-02,11.0,6.4,15.1,5845,0.0,0.95,2.0
2004-10-03,12.3,6.1,18.6,11817,0.0,0.97,1.9
2004-10-04,14.7,8.2,19.9,8338,0.0,1.11,2.4
2004-10-05,19.0,12.9,25.0,11691,0.1,1.51,2.3
2004-10-06,13.4,10.5,15.4,4847,0.6,1.24,2.4
2004-10-07,12.0,6.8,17.4,11074,0.0,1.0,2.4
2004-10-08,8.8,5.5,13.4,5572,0.0,0.89,1.6
2004-10-09,5.6,-0.1,11.1,6040,0.0,0.62,1.7
2004-10-10,4.7,-2.1,12.1,8064,0.0,0.55,2.4
2004-10-11,6.1,1.3,11.5,11438,0.0,0.68,3.2
2004-10-12,5.3,0.1,10.9,11289,0.0,0.62,3.4
2004-10-13,7.7,2.9,14.2,10912,0.0,0.77,2.6
2004-10-14,7.5,3.2,13.4,9866,0.0,0.77,2.6
2004-10-15,7.0,3.9,9.9,4465,6.5,0.79,2.4
2004-10-16,8.4,5.2,12.7,5856,0.2,0.87,2.0
2004-10-17,7.2,3.5,11.5,5330,1.4,0.77,3.0
2004-10-18,9.3,7.3,11.3,4457,5.8,0.99,3.8
2004-10-19,7.6,2.0,13.8,9556,0.0,0.72,1.7
2004-10-20,8.2,1.6,12.7,6480,1.0,0.7,2.7
2004-10-21,12.2,5.3,20.2,8805,0.2,0.94,3.3
2004-10-22,11.1,6.4,17.1,9501,0.0,0.98,2.8
2004-10-23,14.0,10.2,17.3,3549,0.0,1.22,3.3
2004-10-24,17.0,14.3,20.5,5691,0.0,1.6,2.7
2004-10-25,15.3,10.5,19.9,6131,0.0,1.26,3.1
2004-10-26,10.6,7.2,13.4,3686,0.0,1.0,1.7
2004-10-27,9.1,5.2,13.7,6266,0.0,0.88,1.8
2004-10-28,9.3,8.2,11.1,3111,0.0,1.05,2.1
2004-10-29,10.6,7.6,13.7,3242,7.8,1.02,1.6
2004-10-30,11.4,10.6,12.5,2997,0.4,1.23,1.4
2004-10-31,11.1,7.7,13.8,3372,0.0,1.03,1.7
2004-11-01,8.1,5.0,10.9,3433,0.0,0.85,2.0
2004-11-02,8.9,7.0,11.6,3853,0.0,0.97,2.4
2004-11-03,10.1,7.7,13.0,3314,0.0,1.02,1.7
2004-11-04,11.7,8.6,14.1,2730,0.0,1.09,1.6
2004-11-05,8.9,5.5,11.3,4820,0.4,0.89,3.1
2004-11-06,6.8,4.3,9.5,3716,0.1,0.81,2.9
2004-11-07,5.5,3.3,8.0,3203,1.0,0.75,2.0
2004-11-08,3.4,0.8,6.7,4209,0.3,0.64,1.4
2004-11-09,3.8,1.5,6.8,2490,11.0,0.66,2.4
2004-11-10,3.5,-0.7,6.8,3262,0.0,0.57,2.2
2004-11-11,2.0,0.5,3.0,2724,0.0,0.61,1.3
2004-11-12,3.7,1.4,6.7,2784,3.8,0.65,2.7
2004-11-13,4.1,-0.9,7.0,4421,0.0,0.57,3.1
2004-11-14,0.3,-2.1,3.9,3265,0.0,0.51,2.0
2004-11-15,4.1,1.1,6.1,2649,0.2,0.64,2.6
2004-11-16,7.2,5.9,9.5,2861,11.6,0.9,2.6
2004-11-17,9.0,5.9,11.2,2163,6.8,0.9,4.1
2004-11-18,7.2,2.7,11.6,2128,14.2,0.74,5.2
2004-11-19,0.7,-0.4,2.8,3569,0.5,0.57,3.9
2004-11-20,1.5,0.0,2.4,2060,0.1,0.59,3.9
2004-11-21,1.2,-1.6,5.1,3955,2.7,0.53,2.6
2004-11-22,5.7,0.3,10.6,1997,5.8,0.63,4.5
2004-11-23,5.0,-0.3,10.3,3808,0.0,0.6,4.1
2004-11-24,-0.5,-3.5,3.1,5164,0.0,0.46,1.5
2004-11-25,0.4,-2.1,4.9,4318,0.0,0.51,1.8
2004-11-26,0.2,-2.9,3.2,2388,1.4,0.48,2.5
2004-11-27,5.6,3.1,8.0,1904,0.0,0.74,2.6
2004-11-28,5.5,3.6,6.8,1834,3.7,0.76,1.6
2004-11-29,5.0,1.0,6.5,1811,0.0,0.64,1.2
2004-11-30,2.8,1.8,3.8,1789,0.0,0.67,2.1
2004-12-01,3.9,2.9,5.9,1768,0.0,0.72,1.7
2004-12-02,2.7,-0.4,4.9,1748,0.0,0.58,1.7
2004-12-03,2.2,0.3,3.9,1730,0.0,0.6,1.7
2004-12-04,2.9,-0.6,5.1,3004,0.0,0.57,2.2
2004-12-05,2.0,-0.7,6.3,1696,0.0,0.57,2.5
2004-12-06,6.5,5.1,8.2,1808,0.0,0.85,2.4
2004-12-07,6.4,3.7,7.2,1666,0.0,0.77,2.1
2004-12-08,4.1,2.2,5.3,1653,0.0,0.69,1.9
2004-12-09,2.9,-0.8,4.7,1641,0.0,0.56,1.9
2004-12-10,-1.9,-5.1,1.0,3549,0.0,0.41,1.5
2004-12-11,-1.7,-5.6,1.1,1621,0.0,0.39,1.4
2004-12-12,1.8,1.1,2.9,1612,0.0,0.64,1.2
2004-12-13,0.8,-1.6,2.1,1605,0.0,0.53,1.4
2004-12-14,-2.1,-4.8,-0.9,1598,0.0,0.41,1.9
2004-12-15,0.5,-5.5,6.2,4057,0.0,0.42,2.4
2004-12-16,3.0,1.0,6.3,4049,0.6,0.64,2.9
2004-12-17,4.5,2.6,6.8,1626,3.0,0.72,3.8
2004-12-18,2.5,0.4,4.7,2770,4.6,0.61,4.2
2004-12-19,-0.4,-4.8,1.9,2196,0.7,0.42,2.5
2004-12-20,-1.2,-4.7,3.1,4037,0.0,0.42,2.4
2004-12-21,-1.3,-4.0,3.5,3958,0.0,0.45,1.6
2004-12-22,-2.6,-6.0,2.0,1586,1.0,0.39,3.8
2004-12-23,4.7,1.6,9.1,1590,3.4,0.67,4.9
2004-12-24,6.7,4.3,8.9,1882,2.5,0.81,5.0
2004-12-25,5.4,1.5,9.8,2136,0.5,0.67,3.3
2004-12-26,0.8,-1.3,2.2,1607,2.4,0.53,1.8
2004-12-27,2.1,-0.1,3.8,1614,0.0,0.58,2.3
2004-12-28,0.6,-0.5,2.2,2789,0.2,0.57,2.9
2004-12-29,1.8,0.5,2.9,1634,0.0,0.61,2.3
2004-12-30,2.7,0.0,5.2,1645,0.0,0.59,3.1
2004-12-31,5.8,4.6,7.2,1657,3.8,0.82,2.8
2005-01-01,5.8,4.4,8.0,1657,0.0,0.81,2.7
2005-01-02,5.4,3.0,8.0,1967,0.9,0.73,5.4
2005-01-03,4.4,1.2,6.7,1898,2.2,0.65,5.0
2005-01-04,7.6,6.4,8.9,1701,0.4,0.92,5.2
2005-01-05,5.6,4.0,7.4,2236,0.8,0.78,3.5
2005-01-06,5.2,3.1,7.7,2649,0.2,0.74,4.1
2005-01-07,8.5,4.9,11.1,1754,0.0,0.84,5.0
2005-01-08,9.1,5.6,12.1,3232,0.0,0.89,5.8
2005-01-09,6.2,3.8,8.8,3087,0.0,0.78,4.3
2005-01-10,9.5,6.8,13.0,3479,0.0,0.97,3.9
2005-01-11,7.8,6.1,9.7,1842,0.2,0.91,3.1
2005-01-12,7.9,4.3,10.4,1866,0.0,0.82,3.5
2005-01-13,3.5,1.3,6.0,2722,0.7,0.65,3.8
2005-01-14,3.2,0.9,5.1,3222,0.0,0.63,2.5
2005-01-15,1.5,-3.5,4.1,1947,0.0,0.46,1.5
2005-01-16,-0.4,-3.8,4.3,5299,0.0,0.46,2.0
2005-01-17,1.9,-1.1,5.9,3062,0.7,0.55,2.9
2005-01-18,4.7,2.1,7.0,2039,1.7,0.69,3.6
2005-01-19,2.1,0.2,5.5,2806,3.0,0.6,3.7
2005-01-20,4.3,2.1,7.1,2106,8.5,0.69,6.3
2005-01-21,3.3,0.5,6.0,3341,4.3,0.62,5.8
2005-01-22,1.6,0.0,4.1,4555,0.0,0.59,3.6
2005-01-23,0.2,-1.5,2.8,4210,2.2,0.53,3.0
2005-01-24,-0.8,-2.0,0.0,2460,0.2,0.51,3.5
2005-01-25,-1.3,-3.1,-0.2,2502,0.3,0.47,3.0
2005-01-26,-2.9,-5.5,-1.1,5511,0.0,0.39,2.9
2005-01-27,-3.0,-5.2,-1.9,2429,1.9,0.4,1.6
2005-01-28,-3.4,-9.7,-0.9,2690,0.0,0.29,1.1
2005-01-29,-4.2,-7.5,-2.3,2518,0.0,0.34,1.4
2005-01-30,-0.8,-5.3,3.0,2508,1.8,0.41,2.5
2005-01-31,4.2,2.2,6.3,2555,2.6,0.69,4.1
2005-02-01,2.4,-0.6,5.4,7155,0.0,0.57,3.4
2005-02-02,2.3,-0.6,4.3,2651,0.2,0.57,3.2
2005-02-03,2.4,-2.0,4.6,3634,0.0,0.52,2.0
2005-02-04,2.1,-0.2,4.2,2752,0.0,0.58,1.6
2005-02-05,0.1,-4.3,3.2,7705,0.0,0.44,2.6
2005-02-06,-2.6,-6.4,2.5,7637,0.0,0.38,2.3
2005-02-07,-3.4,-7.8,1.5,7689,0.0,0.34,2.2
2005-02-08,-2.6,-6.6,2.8,6688,0.0,0.38,1.8
2005-02-09,-0.1,-4.3,3.9,6288,1.4,0.44,2.0
2005-02-10,4.4,2.4,5.8,3081,4.1,0.7,4.0
2005-02-11,3.1,-1.6,7.0,7256,2.4,0.54,2.7
2005-02-12,5.0,-0.5,11.1,3199,13.4,0.6,5.3
2005-02-13,2.2,-0.3,4.5,3260,5.3,0.58,5.5
2005-02-14,-0.2,-2.2,1.7,4389,1.0,0.5,4.0
2005-02-15,-0.1,-2.0,1.3,3384,0.0,0.51,3.5
2005-02-16,0.2,-0.6,1.2,3447,0.0,0.56,3.3
2005-02-17,-1.3,-4.1,-0.1,3512,0.0,0.43,1.8
2005-02-18,-2.6,-6.2,-0.4,6446,1.7,0.38,2.6
2005-02-19,-0.3,-2.8,1.3,3643,1.3,0.48,2.3
2005-02-20,1.0,-0.3,4.0,3925,0.0,0.58,1.6
2005-02-21,0.1,-2.1,2.2,5807,0.0,0.51,2.5
2005-02-22,-1.9,-4.2,-0.2,5973,1.3,0.43,3.4
2005-02-23,-0.3,-1.5,0.4,3917,3.1,0.52,2.5
2005-02-24,-1.9,-6.4,-0.2,5337,0.5,0.37,1.7
2005-02-25,0.0,-1.1,1.4,4059,2.3,0.54,1.5
2005-02-26,-0.8,-5.3,0.6,4131,2.6,0.4,2.0
2005-02-27,-5.0,-11.9,-1.8,8312,0.0,0.25,3.6
2005-02-28,-6.6,-12.2,-1.8,8352,0.4,0.24,2.6
2005-03-01,-3.7,-5.8,-1.8,6173,4.9,0.38,3.2
2005-03-02,-2.1,-5.5,1.2,7709,0.0,0.4,2.2
2005-03-03,-2.4,-5.1,0.5,4502,0.2,0.4,2.1
2005-03-04,-3.4,-10.4,0.7,6867,0.1,0.29,1.5
2005-03-05,-3.9,-7.4,0.4,8124,0.0,0.35,2.2
2005-03-06,-3.6,-9.2,-0.1,7569,0.0,0.31,2.6
2005-03-07,-1.2,-7.5,2.1,4894,0.0,0.35,2.6
2005-03-08,2.1,0.2,4.4,5570,0.0,0.6,3.0
2005-03-09,-0.1,-5.7,2.5,5225,0.0,0.4,2.5
2005-03-10,-1.3,-7.0,2.4,14334,0.0,0.36,2.0
2005-03-11,2.2,0.4,3.8,5127,5.2,0.61,5.0
2005-03-12,2.2,0.6,4.4,5472,1.8,0.62,4.9
2005-03-13,1.9,-0.9,6.0,8233,0.2,0.57,3.0
2005-03-14,3.4,1.0,6.7,9783,0.0,0.64,2.4
2005-03-15,6.3,0.6,10.3,6722,0.0,0.64,2.6
2005-03-16,12.9,7.8,18.1,7732,0.2,1.07,3.5
2005-03-17,13.2,11.3,15.5,5706,0.2,1.3,4.7
2005-03-18,11.2,7.8,13.9,5695,2.0,1.03,3.9
2005-03-19,2.9,-2.3,8.0,10670,0.0,0.52,2.5
2005-03-20,0.4,-5.2,6.2,16581,0.0,0.42,2.0
2005-03-21,2.1,-2.9,8.6,13212,0.0,0.51,2.3
2005-03-22,5.2,-2.4,12.3,16246,0.0,0.54,2.7
2005-03-23,8.6,2.5,15.8,8440,2.0,0.76,1.7
2005-03-24,8.8,3.2,15.8,10990,0.0,0.79,1.7
2005-03-25,10.1,2.1,17.5,11011,1.4,0.76,1.6
2005-03-26,10.0,7.5,12.4,6754,0.1,1.0,1.5
2005-03-27,9.2,7.1,12.1,6439,0.0,0.98,2.3
2005-03-28,8.1,4.3,13.3,14289,0.0,0.83,2.2
2005-03-29,8.4,3.7,13.9,15138,0.0,0.8,2.4
2005-03-30,8.1,4.0,13.1,18552,0.0,0.81,3.0
2005-03-31,6.2,0.2,12.1,19024,0.0,0.64,2.5
2005-04-01,7.1,-0.7,14.6,19395,0.0,0.62,2.4
2005-04-02,9.3,0.0,17.6,19663,0.0,0.67,2.3
2005-04-03,12.3,2.9,21.1,19616,0.0,0.83,1.9
2005-04-04,13.1,1.9,21.6,19670,0.0,0.79,1.9
2005-04-05,9.5,4.0,12.6,8029,0.5,0.81,2.5
2005-04-06,10.4,1.2,16.3,16242,3.1,0.71,2.8
2005-04-07,11.3,6.3,14.9,10997,2.1,0.95,3.9
2005-04-08,7.0,2.1,11.3,10882,6.8,0.71,2.5
2005-04-09,4.9,1.9,7.9,7501,0.0,0.68,2.7
2005-04-10,5.2,-0.1,10.4,9002,1.7,0.62,2.2
2005-04-11,8.0,4.0,13.5,11287,0.0,0.81,2.4
2005-04-12,10.3,1.9,16.7,12489,0.0,0.74,1.7
2005-04-13,12.1,8.2,16.9,8926,0.0,1.08,1.3
2005-04-14,14.3,9.8,19.4,13473,0.0,1.21,1.6
2005-04-15,15.0,9.4,20.6,13128,0.0,1.19,2.1
2005-04-16,14.2,6.1,21.4,20325,0.8,0.99,3.1
2005-04-17,13.2,5.2,21.3,18759,0.0,0.94,3.1
2005-04-18,10.7,4.7,17.6,17517,0.0,0.89,2.4
2005-04-19,7.8,1.9,14.3,18202,0.0,0.72,3.0
2005-04-20,3.7,-3.2,10.3,23705,0.0,0.5,3.1
2005-04-21,2.5,-4.8,9.1,23610,0.0,0.45,1.7
2005-04-22,5.8,-0.8,13.2,22124,0.0,0.61,1.4
2005-04-23,7.7,-2.0,15.1,22944,0.0,0.58,2.0
2005-04-24,10.1,3.3,16.5,23534,0.0,0.81,2.5
2005-04-25,11.2,7.4,15.8,13961,0.0,1.02,3.0
2005-04-26,11.5,6.3,18.3,23661,0.0,0.98,2.3
2005-04-27,10.9,6.6,16.6,11311,22.4,0.97,2.6
2005-04-28,11.6,5.8,17.6,21300,0.0,0.94,1.9
2005-04-29,13.8,7.4,18.3,14184,0.0,1.03,1.6
2005-04-30,14.9,5.8,21.2,17947,0.0,0.98,1.2
2005-05-01,18.6,9.3,26.0,23279,0.0,1.25,1.5
2005-05-02,22.6,14.0,31.7,22428,0.0,1.73,2.2
2005-05-03,16.8,12.9,22.7,15221,5.6,1.49,1.8
2005-05-04,14.4,11.4,19.6,13498,2.8,1.32,2.6
2005-05-05,11.1,6.2,16.0,19710,1.0,0.95,3.1
2005-05-06,9.2,6.0,14.2,13157,2.8,0.92,3.4
2005-05-07,7.3,4.3,10.0,13709,17.3,0.81,3.0
2005-05-08,7.2,4.4,12.3,14747,0.8,0.83,3.2
2005-05-09,7.0,4.3,11.6,16638,1.8,0.81,2.6
2005-05-10,6.9,3.6,12.6,14395,0.9,0.79,2.4
2005-05-11,7.1,3.8,12.9,12628,5.6,0.8,2.4
2005-05-12,7.2,2.6,13.5,16600,0.0,0.74,2.2
2005-05-13,10.3,0.5,17.9,21198,0.0,0.7,2.0
2005-05-14,12.0,8.9,17.3,10348,16.1,1.14,2.3
2005-05-15,10.0,7.2,12.6,14332,2.3,0.99,2.7
2005-05-16,11.7,6.6,17.8,23254,0.5,0.99,2.2
2005-05-17,7.6,5.2,10.5,11607,1.2,0.86,1.9
2005-05-18,8.9,3.5,14.1,20301,0.0,0.79,2.1
2005-05-19,10.5,0.3,17.4,26421,0.0,0.68,1.9
2005-05-20,14.8,7.2,20.7,20047,0.0,1.05,2.3
2005-05-21,17.8,11.8,22.5,17499,0.1,1.4,2.0
2005-05-22,17.3,14.7,21.6,15811,5.3,1.64,1.8
2005-05-23,15.6,12.8,20.2,12253,9.4,1.46,2.0
2005-05-24,15.4,10.5,19.9,21627,0.0,1.26,1.9
2005-05-25,18.1,12.0,24.3,23669,0.0,1.44,1.9
2005-05-26,20.9,10.6,28.1,25713,0.0,1.37,2.0
2005-05-27,23.4,16.3,30.9,28009,0.0,1.93,1.4
2005-05-28,25.6,14.8,33.7,28682,0.0,1.83,2.1
2005-05-29,21.1,16.7,26.1,26854,7.6,1.9,1.9
2005-05-30,13.5,10.3,17.2,10635,1.3,1.22,2.5
2005-05-31,11.0,7.2,16.4,15797,2.0,1.01,3.1
2005-06-01,9.7,5.7,13.6,11069,0.0,0.9,2.2
2005-06-02,12.6,5.5,17.2,13854,0.2,0.92,1.9
2005-06-03,20.7,14.5,26.4,24792,0.1,1.68,2.1
2005-06-04,17.8,12.7,22.0,19428,0.0,1.46,3.8
2005-06-05,14.1,11.6,17.4,13680,10.6,1.32,3.2
2005-06-06,11.2,8.8,13.6,11819,0.9,1.1,3.0
2005-06-07,10.7,5.6,15.6,11840,1.0,0.91,3.3
2005-06-08,11.2,4.0,17.1,19777,0.0,0.84,2.1
2005-06-09,13.0,3.3,20.2,23568,0.0,0.85,1.8
2005-06-10,12.9,8.6,19.6,14659,0.3,1.14,2.3
2005-06-11,10.5,6.7,14.4,13919,0.0,0.97,2.6
2005-06-12,11.6,7.5,16.3,17707,0.0,1.03,2.0
2005-06-13,13.3,6.5,19.3,22753,0.0,0.99,2.5
2005-06-14,17.4,5.5,26.6,21506,0.0,1.03,1.7
2005-06-15,20.0,12.9,26.5,26298,0.0,1.53,1.4
2005-06-16,19.7,11.1,26.6,23789,0.0,1.39,1.8
2005-06-17,19.7,15.6,24.6,11710,0.1,1.75,2.6
2005-06-18,17.1,9.5,23.3,29715,0.0,1.23,2.5
2005-06-19,18.7,8.0,26.2,26948,0.0,1.19,1.5
2005-06-20,20.8,12.0,27.6,30095,0.0,1.48,1.6
2005-06-21,23.9,15.9,32.0,24806,8.7,1.9,1.8
2005-06-22,18.2,13.4,23.3,23922,0.0,1.54,2.1
2005-06-23,20.3,10.4,28.3,30334,0.0,1.38,1.4
2005-06-24,23.3,14.1,31.1,22651,0.0,1.72,1.5
2005-06-25,21.4,14.1,32.5,20504,2.2,1.75,2.3
2005-06-26,18.4,12.2,25.2,25021,0.0,1.46,1.7
2005-06-27,18.0,11.4,24.4,28779,0.0,1.39,1.7
2005-06-28,17.3,9.8,24.2,29768,0.0,1.27,2.0
2005-06-29,18.9,9.6,25.5,25227,0.0,1.27,1.7
2005-06-30,18.5,14.7,23.1,17422,0.5,1.66,2.1
2005-07-01,16.8,14.6,19.7,10877,0.0,1.62,2.1
2005-07-02,18.7,13.6,25.1,19769,0.0,1.59,1.5
2005-07-03,21.5,13.1,27.9,19621,0.0,1.58,1.3
2005-07-04,24.6,17.6,30.5,26868,4.9,2.07,2.8
2005-07-05,14.1,12.0,19.3,10677,7.8,1.38,2.2
2005-07-06,13.3,11.5,14.9,10655,3.4,1.31,2.0
2005-07-07,15.3,11.9,20.2,11633,2.4,1.37,1.9
2005-07-08,15.1,13.7,16.7,10607,11.9,1.51,1.3
2005-07-09,16.6,13.7,21.6,12205,1.9,1.56,1.5
2005-07-10,21.1,13.5,27.4,28906,0.0,1.61,2.3
2005-07-11,21.9,13.8,28.6,28863,0.0,1.65,2.3
2005-07-12,22.6,13.5,30.5,28318,0.0,1.66,1.9
2005-07-13,22.7,13.6,30.1,27523,0.0,1.66,1.7
2005-07-14,21.2,13.8,29.2,20507,0.3,1.66,1.2
2005-07-15,22.0,14.0,31.5,20835,0.3,1.71,2.3
2005-07-16,18.5,14.0,23.6,23148,0.0,1.6,2.4
2005-07-17,17.1,12.6,22.8,19252,0.0,1.46,2.2
2005-07-18,21.2,14.8,27.5,22053,0.9,1.71,1.6
2005-07-19,19.8,15.8,24.7,17669,0.0,1.79,3.3
2005-07-20,16.5,11.8,21.9,16136,3.9,1.38,3.9
2005-07-21,13.7,11.7,15.1,10409,33.2,1.33,4.4
2005-07-22,16.3,13.2,21.1,13077,11.1,1.49,3.0
2005-07-23,14.4,12.8,16.7,10321,0.2,1.44,2.5
2005-07-24,18.1,13.2,23.5,15558,0.0,1.52,2.0
2005-07-25,19.2,16.0,26.3,15012,9.3,1.83,2.2
2005-07-26,17.8,14.3,22.3,12139,1.5,1.6,2.1
2005-07-27,18.0,13.8,22.9,16121,6.7,1.57,1.4
2005-07-28,23.4,17.3,31.1,20696,0.2,2.05,1.6
2005-07-29,24.0,19.3,29.5,17336,27.6,2.23,1.7
2005-07-30,21.6,15.4,26.2,24077,0.0,1.75,2.6
2005-07-31,19.8,15.0,25.9,21446,0.0,1.72,2.9
2005-08-01,16.7,9.9,21.0,22214,0.0,1.24,2.5
2005-08-02,16.4,9.4,21.7,19594,0.0,1.21,1.8
2005-08-03,15.8,13.9,17.1,9511,7.2,1.54,1.8
2005-08-04,16.2,12.8,21.1,15706,0.7,1.45,2.6
2005-08-05,16.3,11.8,21.6,15512,11.7,1.39,2.2
2005-08-06,14.2,10.3,18.1,14240,3.8,1.23,2.8
2005-08-07,12.5,8.8,17.6,15718,1.0,1.13,2.3
2005-08-08,13.7,7.9,20.1,15520,0.6,1.09,2.1
2005-08-09,13.7,11.6,15.6,10099,0.8,1.32,2.7
2005-08-10,13.7,12.1,15.3,9204,2.7,1.37,3.2
2005-08-11,15.9,13.5,19.8,10909,0.0,1.5,3.0
2005-08-12,16.4,10.8,21.6,19072,12.9,1.3,2.2
2005-08-13,14.5,12.5,17.1,9124,0.7,1.41,2.2
2005-08-14,15.6,13.7,18.6,9173,0.6,1.52,2.1
2005-08-15,17.5,12.7,23.1,13879,0.0,1.48,2.0
2005-08-16,15.5,10.6,21.8,18900,0.0,1.3,1.8
2005-08-17,15.9,8.2,23.2,20529,0.0,1.14,1.6
2005-08-18,19.2,10.4,26.3,23987,0.0,1.33,2.1
2005-08-19,21.4,14.7,27.8,20872,0.0,1.73,2.0
2005-08-20,20.8,16.5,25.0,12748,21.5,1.87,1.5
2005-08-21,20.7,14.9,27.6,18238,0.0,1.72,2.0
2005-08-22,19.2,11.1,27.2,21300,0.0,1.4,2.2
2005-08-23,16.4,13.2,18.2,8184,4.2,1.48,2.0
2005-08-24,17.8,15.4,22.4,16767,0.0,1.72,1.8
2005-08-25,17.1,12.7,21.4,8370,1.4,1.47,2.8
2005-08-26,14.3,10.9,19.5,16427,0.1,1.29,2.9
2005-08-27,15.5,10.9,21.9,18972,0.0,1.32,1.7
2005-08-28,15.9,8.4,23.1,19283,0.0,1.16,1.5
2005-08-29,18.9,9.4,28.2,21675,0.0,1.3,1.8
2005-08-30,18.7,10.0,26.1,21417,0.0,1.31,1.4
2005-08-31,20.0,13.5,26.3,21159,0.0,1.59,2.1
2005-09-01,21.9,14.5,29.1,20468,0.0,1.73,2.2
2005-09-02,18.5,12.4,22.7,11179,0.0,1.45,1.6
2005-09-03,17.8,13.6,22.1,11613,0.0,1.54,1.9
2005-09-04,16.4,7.9,24.3,19588,0.0,1.15,1.7
2005-09-05,19.3,11.5,26.6,19225,0.0,1.43,1.9
2005-09-06,19.7,12.3,27.6,19388,0.0,1.51,1.6
2005-09-07,20.1,9.6,30.0,18710,0.0,1.33,1.5
2005-09-08,21.1,13.7,29.8,18142,0.0,1.67,1.6
2005-09-09,20.1,12.6,29.0,17783,0.0,1.56,1.7
2005-09-10,20.0,14.2,27.8,16299,2.8,1.66,1.9
2005-09-11,17.8,16.9,18.3,6690,2.1,1.85,1.9
2005-09-12,16.6,11.8,18.7,7316,0.9,1.36,2.2
2005-09-13,14.6,9.9,20.6,14758,0.0,1.22,1.4
2005-09-14,15.4,9.6,20.9,12326,0.0,1.21,2.8
2005-09-15,16.4,13.0,21.3,12004,19.0,1.49,2.8
2005-09-16,11.3,6.8,12.8,6281,3.9,0.96,2.8
2005-09-17,9.2,3.9,16.0,16146,0.0,0.83,1.8
2005-09-18,9.3,1.9,17.7,16763,0.0,0.75,2.0
2005-09-19,10.9,3.3,19.7,16695,0.0,0.83,1.7
2005-09-20,11.7,4.1,19.8,16435,0.0,0.88,1.1
2005-09-21,13.4,7.1,18.4,8613,0.0,1.03,1.4
2005-09-22,13.1,6.7,21.1,14510,0.0,1.03,1.5
2005-09-23,14.7,6.1,22.6,15472,0.0,1.01,1.6
2005-09-24,15.1,8.9,23.3,15033,0.0,1.2,1.2
2005-09-25,16.1,7.4,24.2,13500,0.0,1.11,1.4
2005-09-26,14.9,12.4,17.9,7007,4.5,1.4,1.6
2005-09-27,15.2,10.8,20.1,9788,0.7,1.3,2.1
2005-09-28,13.6,9.7,18.0,7086,1.0,1.19,2.3
2005-09-29,11.1,9.0,14.7,6461,4.1,1.11,2.8
2005-09-30,11.2,8.4,15.8,8293,0.0,1.09,2.3
2005-10-01,11.4,9.1,13.9,5327,8.8,1.13,2.4
2005-10-02,11.2,7.0,13.9,5332,0.0,0.98,1.5
2005-10-03,10.9,6.4,15.2,5505,0.0,0.95,1.7
2005-10-04,14.1,12.1,18.0,8788,0.0,1.37,2.6
2005-10-05,14.2,10.2,19.9,11421,0.0,1.25,2.3
2005-10-06,13.7,10.3,19.0,11113,0.0,1.24,1.9
2005-10-07,13.7,9.7,19.6,10727,0.0,1.2,2.1
2005-10-08,14.2,10.1,20.0,12206,0.0,1.23,1.7
2005-10-09,14.2,7.8,20.6,10132,0.0,1.1,1.5
2005-10-10,12.6,7.9,19.4,10394,0.0,1.08,1.7
2005-10-11,13.3,7.4,20.3,11981,0.0,1.06,2.2
2005-10-12,12.3,8.5,18.2,11748,0.0,1.1,2.1
2005-10-13,10.4,4.0,17.9,11595,0.0,0.84,1.4
2005-10-14,8.8,1.9,18.3,11443,0.0,0.76,1.0
2005-10-15,7.1,1.2,16.1,8441,0.0,0.71,1.6
2005-10-16,6.1,-1.8,13.2,9583,0.0,0.57,2.0
2005-10-17,9.5,6.1,13.4,4829,0.0,0.93,2.5
2005-10-18,7.9,2.2,12.2,6128,0.0,0.72,2.5
2005-10-19,6.5,1.0,13.1,10050,0.0,0.67,2.4
2005-10-20,10.4,2.4,16.6,6933,0.2,0.76,2.2
2005-10-21,13.1,10.1,16.0,3747,0.3,1.21,2.3
2005-10-22,14.3,12.5,18.1,4511,12.6,1.41,3.3
2005-10-23,11.8,8.1,15.2,5394,1.9,1.07,2.5
2005-10-24,10.0,7.5,12.2,3481,6.3,1.01,2.2
2005-10-25,13.9,12.2,16.3,3418,2.9,1.38,4.1
2005-10-26,13.3,9.5,16.2,5866,0.0,1.17,3.4
2005-10-27,13.2,7.8,19.5,8582,0.0,1.08,1.7
2005-10-28,12.9,9.1,18.6,8975,0.0,1.15,2.3
2005-10-29,10.8,6.5,17.2,8656,0.0,0.98,2.1
2005-10-30,11.3,5.8,19.6,8280,0.0,0.96,2.0
2005-10-31,8.7,5.1,14.0,8160,0.0,0.88,2.4
2005-11-01,9.3,5.1,12.6,2941,0.9,0.86,2.1
2005-11-02,10.8,6.4,14.3,5801,0.3,0.95,2.2
2005-11-03,14.0,10.0,18.4,4993,0.5,1.22,2.7
2005-11-04,13.0,11.2,15.2,3255,5.6,1.28,2.1
2005-11-05,9.7,6.0,12.5,4135,1.5,0.92,2.6
2005-11-06,6.8,3.7,12.0,7423,0.0,0.79,2.3
2005-11-07,7.5,2.1,10.8,5088,0.0,0.7,2.2
2005-11-08,9.3,5.7,13.4,6987,0.0,0.91,2.2
2005-11-09,7.2,3.8,13.4,5771,0.0,0.81,1.9
2005-11-10,8.1,3.4,11.6,4088,0.5,0.77,2.2
2005-11-11,9.9,8.4,12.0,2826,0.0,1.06,2.8
2005-11-12,8.2,2.3,11.8,5901,0.0,0.73,2.4
2005-11-13,5.2,-0.2,9.9,3742,0.0,0.61,1.5
2005-11-14,5.8,3.0,7.5,2370,0.0,0.74,2.2
2005-11-15,5.2,3.7,6.5,2433,6.7,0.77,3.3
2005-11-16,3.9,0.3,5.5,2547,4.3,0.6,2.6
2005-11-17,1.4,-0.2,3.5,2200,3.8,0.58,2.4
2005-11-18,0.5,-0.2,1.6,2163,0.0,0.58,1.7
2005-11-19,0.4,-0.8,3.1,2973,1.5,0.56,1.7
2005-11-20,3.2,0.6,6.2,2093,1.3,0.62,2.4
2005-11-21,2.1,-2.2,5.4,3423,0.0,0.51,2.0
2005-11-22,1.3,-1.5,3.7,2269,0.0,0.53,1.8
2005-11-23,3.5,2.3,4.6,1997,0.9,0.69,1.9
2005-11-24,2.7,0.1,4.2,1967,0.8,0.6,2.7
2005-11-25,-0.3,-1.5,1.2,2359,1.1,0.53,4.2
2005-11-26,-0.1,-2.5,3.2,5337,0.0,0.5,3.1
2005-11-27,-1.9,-5.9,3.1,4866,0.0,0.39,1.9
2005-11-28,-0.7,-4.5,0.3,1858,2.0,0.42,2.1
2005-11-29,-0.5,-6.0,2.4,2104,0.0,0.39,1.8
2005-11-30,1.6,-0.2,3.5,1945,0.0,0.58,2.2
2005-12-01,0.3,-2.1,4.0,4583,0.0,0.51,2.2
2005-12-02,-1.4,-3.4,0.7,3396,0.0,0.46,3.0
2005-12-03,-0.6,-2.0,0.8,1748,0.1,0.51,2.8
2005-12-04,3.5,-0.8,5.4,1730,1.8,0.56,2.8
2005-12-05,5.2,3.1,7.6,2057,0.0,0.74,2.4
2005-12-06,2.7,-1.6,7.5,4178,0.0,0.55,1.5
2005-12-07,2.3,-0.2,4.3,1808,2.7,0.58,2.0
2005-12-08,2.8,1.0,4.4,1666,0.3,0.63,1.8
2005-12-09,1.4,-2.2,4.6,2832,0.0,0.51,1.6
2005-12-10,-1.4,-3.3,0.8,3149,0.0,0.46,1.8
2005-12-11,1.7,-1.2,4.0,1630,0.2,0.54,2.5
2005-12-12,3.9,-0.7,7.6,1704,0.1,0.58,2.2
2005-12-13,2.7,-0.8,5.2,1612,0.5,0.56,2.2
2005-12-14,5.0,3.8,6.1,1605,0.7,0.78,2.2
2005-12-15,5.8,4.7,8.1,1927,7.0,0.82,4.7
2005-12-16,3.2,-0.3,6.9,1757,3.4,0.59,5.7
2005-12-17,-0.2,-5.7,1.0,1589,4.8,0.39,3.6
2005-12-18,-0.4,-5.4,1.4,1585,1.1,0.4,3.3
2005-12-19,0.9,0.1,2.9,1583,2.5,0.59,3.2
2005-12-20,4.0,1.2,6.3,1582,3.7,0.65,3.3
2005-12-21,1.3,-2.4,3.9,1869,2.3,0.5,2.1
2005-12-22,4.9,3.6,6.7,2075,3.8,0.76,2.9
2005-12-23,5.1,2.8,6.7,1586,3.6,0.73,2.5
2005-12-24,6.9,4.3,8.2,1590,0.7,0.81,3.2
2005-12-25,1.3,-0.6,4.7,3773,0.0,0.57,1.9
2005-12-26,-0.8,-1.4,0.6,1600,8.2,0.53,2.1
2005-12-27,-1.6,-3.1,-0.8,1607,0.7,0.47,2.9
2005-12-28,-3.6,-5.0,-1.8,1614,1.7,0.41,2.8
2005-12-29,-3.0,-5.3,-1.0,1623,6.2,0.4,3.1
2005-12-30,-4.6,-8.4,-2.2,4141,0.0,0.32,2.8
2005-12-31,-1.5,-8.3,4.0,2106,1.8,0.34,3.1
2006-01-01,2.8,0.5,4.6,1826,0.0,0.61,2.0
2006-01-02,1.4,0.4,2.7,1670,0.0,0.6,1.3
2006-01-03,0.7,-0.2,1.4,1685,0.0,0.58,1.3
2006-01-04,-0.3,-0.9,0.4,1701,0.0,0.55,2.1
2006-01-05,0.4,-0.3,1.3,1717,0.0,0.57,3.4
2006-01-06,-0.9,-1.7,-0.3,1735,0.0,0.52,3.0
2006-01-07,-1.2,-3.0,-0.4,1754,0.0,0.47,2.6
2006-01-08,-4.2,-7.0,-1.2,3276,0.0,0.35,2.4
2006-01-09,-6.1,-8.9,-1.7,4689,0.0,0.31,1.6
2006-01-10,-4.9,-8.7,-1.1,4781,0.0,0.31,2.0
2006-01-11,0.0,-3.6,3.9,4468,0.6,0.46,2.7
2006-01-12,1.8,-1.4,4.7,2871,0.0,0.54,1.6
2006-01-13,-0.3,-2.5,0.9,1892,0.0,0.49,2.3
2006-01-14,-2.4,-4.5,1.1,5084,0.0,0.43,1.8
2006-01-15,-4.6,-7.5,-1.2,5236,0.0,0.34,2.0
2006-01-16,-5.3,-9.2,-0.3,5346,0.0,0.31,2.0
2006-01-17,-2.7,-8.2,0.6,3493,5.7,0.33,3.0
2006-01-18,-0.8,-2.6,1.4,2039,0.8,0.49,3.0
2006-01-19,-2.1,-3.0,-0.6,2072,4.0,0.47,1.8
2006-01-20,1.0,-2.8,4.2,2106,6.6,0.49,2.9
2006-01-21,1.9,-5.7,4.2,2141,0.5,0.4,3.5
2006-01-22,-9.5,-14.3,-5.7,6022,0.0,0.2,2.4
2006-01-23,-14.1,-16.8,-10.2,6102,0.0,0.16,2.5
2006-01-24,-11.0,-16.8,-5.1,5668,0.0,0.17,2.1
2006-01-25,-4.1,-7.4,-0.5,3497,0.0,0.34,2.3
2006-01-26,-6.8,-11.0,-4.0,5723,0.0,0.26,2.6
2006-01-27,-9.4,-13.2,-3.2,6234,0.0,0.23,1.8
2006-01-28,-9.7,-14.0,-2.6,6540,0.0,0.21,1.7
2006-01-29,-7.8,-12.5,0.6,5756,0.0,0.25,1.5
2006-01-30,-4.0,-10.6,0.6,2619,0.0,0.28,1.8
2006-01-31,-0.2,-2.0,1.0,2555,0.0,0.51,2.0
2006-02-01,-2.3,-3.1,-0.5,2603,0.0,0.47,1.5
2006-02-02,-2.1,-3.3,-1.1,2651,0.0,0.46,1.5
2006-02-03,-0.2,-1.1,0.6,2701,1.0,0.54,1.4
2006-02-04,-2.5,-14.0,0.5,4523,2.6,0.22,1.7
2006-02-05,-8.6,-14.1,-2.3,5075,0.0,0.21,1.1
2006-02-06,-6.6,-14.4,1.2,4552,7.4,0.22,2.0
2006-02-07,3.6,0.5,5.5,2912,7.3,0.61,4.1
2006-02-08,3.5,2.5,5.0,3029,3.5,0.71,4.5
2006-02-09,1.4,0.0,3.5,3463,12.4,0.59,4.9
2006-02-10,0.5,0.2,1.0,3081,0.0,0.59,3.5
2006-02-11,-0.1,-1.6,1.7,3140,0.2,0.52,1.2
2006-02-12,-0.7,-3.1,1.6,5413,0.0,0.47,1.4
2006-02-13,-0.2,-5.1,3.1,4380,0.0,0.41,1.5
2006-02-14,-1.8,-6.6,2.3,7457,0.0,0.37,1.8
2006-02-15,2.0,-2.8,4.7,4059,3.2,0.49,3.3
2006-02-16,3.5,0.7,5.8,4131,2.6,0.63,2.4
2006-02-17,4.3,2.6,7.4,4895,3.9,0.72,2.9
2006-02-18,5.1,3.4,7.7,6376,0.3,0.75,2.6
2006-02-19,3.5,-1.4,7.7,4847,0.0,0.55,2.0
2006-02-20,0.8,-1.8,2.9,3711,5.9,0.52,2.2
2006-02-21,1.4,0.3,2.9,3779,0.1,0.6,2.8
2006-02-22,0.3,-0.5,1.2,3847,0.0,0.56,2.8
2006-02-23,-0.9,-2.3,2.1,6215,0.0,0.5,1.7
2006-02-24,-0.4,-3.3,3.9,9761,0.0,0.47,3.8
2006-02-25,-2.0,-2.5,-1.4,4059,0.0,0.49,3.3
2006-02-26,-1.3,-5.6,2.3,4974,0.3,0.4,2.2
2006-02-27,-3.1,-7.4,1.4,9397,0.0,0.35,1.6
2006-02-28,-0.6,-4.6,3.1,5061,0.0,0.43,3.0
2006-03-01,0.6,-1.3,2.8,5777,0.7,0.53,3.4
2006-03-02,0.1,-1.9,3.5,8189,0.0,0.52,3.4
2006-03-03,-0.6,-2.7,2.5,6929,0.0,0.49,2.5
2006-03-04,-0.2,-3.0,3.7,8993,0.0,0.48,2.1
2006-03-05,0.4,-4.0,4.5,9446,3.4,0.45,2.5
2006-03-06,-1.9,-9.7,3.3,6735,3.2,0.31,2.7
2006-03-07,-0.2,-5.1,2.1,6496,0.0,0.41,2.1
2006-03-08,-0.8,-7.4,3.8,12039,0.7,0.36,2.7
2006-03-09,-0.5,-1.6,0.7,4967,6.6,0.52,3.1
2006-03-10,0.0,-2.0,1.3,5047,8.5,0.51,3.2
2006-03-11,-2.3,-5.1,0.3,5127,2.2,0.41,3.4
2006-03-12,-3.5,-10.9,0.1,6003,0.0,0.27,2.7
2006-03-13,-6.4,-14.3,1.3,11626,0.0,0.22,2.0
2006-03-14,-6.1,-13.0,1.1,10053,0.0,0.24,1.9
2006-03-15,-2.9,-10.9,1.2,5904,0.0,0.27,2.5
2006-03-16,1.1,-0.4,4.1,6265,0.0,0.57,2.8
2006-03-17,1.0,-0.2,4.3,7463,0.0,0.58,2.6
2006-03-18,-0.3,-1.4,0.2,5695,0.0,0.53,2.3
2006-03-19,0.2,-1.9,2.8,5777,0.0,0.52,2.1
2006-03-20,2.8,0.3,6.8,8042,0.0,0.61,1.9
2006-03-21,0.7,-2.7,4.1,7377,0.0,0.49,1.6
2006-03-22,-0.2,-4.0,5.0,14028,0.0,0.45,1.9
2006-03-23,0.4,-4.8,6.1,17187,0.0,0.44,1.9
2006-03-24,3.3,-2.6,9.2,15299,2.4,0.52,2.9
2006-03-25,3.4,1.8,5.1,6274,3.2,0.67,2.9
2006-03-26,9.5,2.2,16.6,7848,8.0,0.76,2.9
2006-03-27,13.5,10.5,18.9,8743,5.4,1.26,3.0
2006-03-28,11.1,7.3,15.1,12776,0.1,1.01,3.4
2006-03-29,8.2,4.4,11.7,9754,0.4,0.82,3.5
2006-03-30,8.7,1.8,12.5,7915,3.8,0.71,3.5
2006-03-31,11.4,7.3,14.1,9139,3.8,1.0,4.5
2006-04-01,10.7,7.4,14.9,9962,1.0,1.01,2.9
2006-04-02,9.9,4.8,15.8,13090,0.9,0.88,3.0
2006-04-03,7.0,2.5,11.5,8696,4.0,0.73,3.5
2006-04-04,4.9,1.7,9.1,13331,1.9,0.68,2.7
2006-04-05,3.4,-0.2,7.7,12600,0.0,0.6,2.8
2006-04-06,4.5,-1.2,9.3,9933,0.0,0.56,2.4
2006-04-07,7.0,3.4,12.0,10675,0.3,0.77,2.3
2006-04-08,8.9,2.6,14.9,15208,0.0,0.75,3.2
2006-04-09,7.1,3.2,11.3,19247,0.7,0.76,3.2
2006-04-10,4.7,0.8,8.7,9549,0.0,0.64,2.6
2006-04-11,4.2,-0.7,8.2,8759,0.0,0.58,2.3
2006-04-12,5.5,2.8,8.0,7738,0.7,0.73,2.6
2006-04-13,7.5,3.4,10.3,9148,1.7,0.76,3.7
2006-04-14,8.2,4.0,13.5,15705,1.4,0.81,3.9
2006-04-15,8.7,2.8,14.8,15707,1.6,0.77,2.1
2006-04-16,11.2,7.8,15.5,8948,3.6,1.04,3.3
2006-04-17,10.0,6.4,13.3,10951,0.8,0.95,2.5
2006-04-18,9.8,5.5,14.5,14789,1.5,0.89,2.3
2006-04-19,10.4,3.5,15.2,16148,0.0,0.8,1.7
2006-04-20,11.6,5.6,17.9,18432,0.0,0.93,1.5
2006-04-21,13.9,7.3,21.6,13712,0.4,1.06,1.5
2006-04-22,10.7,7.4,14.6,10340,8.2,1.01,2.0
2006-04-23,9.7,5.7,14.9,11462,0.0,0.91,1.5
2006-04-24,10.2,4.8,14.9,12708,0.0,0.87,1.3
2006-04-25,14.1,4.0,22.6,24125,0.0,0.91,1.5
2006-04-26,15.9,11.2,23.7,14048,11.0,1.36,1.6
2006-04-27,13.0,9.0,15.8,8841,0.0,1.12,2.1
2006-04-28,10.0,6.9,14.2,14573,0.4,0.98,2.4
2006-04-29,6.2,3.2,8.7,9330,0.3,0.75,2.2
2006-04-30,6.7,2.3,13.0,13553,0.1,0.73,2.0
2006-05-01,10.2,2.4,16.4,20063,0.0,0.76,2.2
2006-05-02,13.1,8.4,18.6,18964,0.0,1.1,1.8
2006-05-03,16.7,6.4,24.6,25162,0.0,1.05,2.1
2006-05-04,18.0,10.4,24.4,22745,0.0,1.32,3.0
2006-05-05,17.5,10.2,24.5,24766,0.0,1.3,2.9
2006-05-06,16.0,7.4,23.3,21606,0.0,1.09,2.7
2006-05-07,16.7,8.4,24.9,23629,0.0,1.19,2.9
2006-05-08,16.8,7.6,24.6,21780,0.0,1.12,2.8
2006-05-09,17.5,8.5,24.5,25874,0.0,1.19,2.8
2006-05-10,15.7,5.5,23.5,27060,0.0,0.99,1.9
2006-05-11,15.4,3.6,24.9,26906,0.0,0.91,1.4
2006-05-12,17.7,7.0,25.9,26871,0.0,1.11,1.5
2006-05-13,14.3,8.0,19.5,14583,0.4,1.09,2.0
2006-05-14,11.7,4.7,16.0,15011,0.0,0.87,2.3
2006-05-15,11.9,1.6,18.5,21462,0.0,0.75,1.7
2006-05-16,17.5,12.6,23.1,17590,0.0,1.46,2.7
2006-05-17,13.8,9.0,19.1,18636,0.0,1.16,1.8
2006-05-18,14.6,11.2,18.9,12891,6.4,1.32,2.8
2006-05-19,14.1,10.7,17.2,12693,0.6,1.27,4.1
2006-05-20,13.0,9.9,19.5,18437,4.8,1.22,4.0
2006-05-21,13.3,9.4,17.6,12539,0.0,1.17,3.5
2006-05-22,16.1,11.5,23.2,15811,3.4,1.39,3.2
2006-05-23,13.5,7.1,17.8,21948,2.3,1.02,4.0
2006-05-24,11.7,5.4,17.5,21876,1.0,0.91,3.2
2006-05-25,10.5,6.9,14.9,11462,7.4,0.98,3.1
2006-05-26,11.3,7.2,15.2,16986,0.6,1.0,2.8
2006-05-27,12.6,9.7,17.6,12784,15.8,1.19,2.8
2006-05-28,12.3,8.0,16.0,17691,1.5,1.06,4.4
2006-05-29,10.7,7.5,14.9,15729,4.0,1.02,2.6
2006-05-30,8.7,5.5,12.2,13387,1.2,0.88,3.1
2006-05-31,10.5,7.6,16.2,14045,3.6,1.04,3.1
2006-06-01,9.3,4.5,12.7,15328,2.3,0.83,2.9
2006-06-02,11.5,2.7,18.6,25386,0.0,0.79,1.7
2006-06-03,10.8,7.4,12.7,12878,3.6,1.0,2.2
2006-06-04,10.8,7.1,14.8,12903,0.0,1.0,3.2
2006-06-05,10.2,5.3,14.3,13806,0.0,0.88,2.1
2006-06-06,12.3,9.5,18.9,17973,4.8,1.18,1.7
2006-06-07,13.7,5.8,20.5,24781,0.0,0.97,1.3
2006-06-08,15.5,7.4,22.6,25056,0.0,1.09,1.4
2006-06-09,16.6,8.8,23.5,27466,0.0,1.19,1.4
2006-06-10,18.3,9.7,24.7,30002,0.0,1.27,1.7
2006-06-11,19.7,10.4,27.0,30020,0.0,1.35,2.2
2006-06-12,21.6,10.8,29.5,28527,0.0,1.41,1.9
2006-06-13,23.5,13.8,31.3,30681,0.0,1.69,1.4
2006-06-14,23.4,13.7,32.3,27421,0.0,1.7,1.7
2006-06-15,20.4,15.5,25.7,17110,2.9,1.77,1.6
2006-06-16,19.8,15.7,25.0,15229,3.4,1.78,1.9
2006-06-17,14.8,11.5,17.8,11710,0.0,1.32,1.8
2006-06-18,18.6,11.9,25.6,29338,0.0,1.45,1.5
2006-06-19,21.4,13.4,30.2,24808,21.0,1.63,2.0
2006-06-20,22.4,17.2,27.9,21535,0.0,1.97,1.7
2006-06-21,22.1,17.3,27.3,20527,0.0,1.96,2.5
2006-06-22,19.1,11.3,23.9,21783,0.0,1.38,2.8
2006-06-23,15.6,9.3,21.6,16241,0.0,1.2,1.6
2006-06-24,19.2,7.8,26.7,26551,0.0,1.16,1.4
2006-06-25,24.6,13.6,33.2,25158,8.8,1.73,1.8
2006-06-26,23.3,19.1,27.4,25273,0.0,2.2,2.5
2006-06-27,20.4,16.7,26.2,23499,0.3,1.88,2.0
2006-06-28,17.0,13.3,20.8,13934,0.0,1.49,1.7
2006-06-29,18.1,10.9,22.3,24096,0.0,1.32,1.7
2006-06-30,16.2,11.7,20.9,13027,0.0,1.37,1.7
2006-07-01,19.9,9.8,28.2,26694,0.0,1.33,2.0
2006-07-02,22.5,12.9,29.2,29807,0.0,1.58,2.6
2006-07-03,22.6,11.3,30.0,29905,0.0,1.48,2.4
2006-07-04,22.8,10.2,31.3,29751,0.0,1.4,1.9
2006-07-05,25.9,18.6,33.2,29719,0.0,2.24,2.0
2006-07-06,25.0,16.7,33.0,27307,1.7,2.01,1.7
2006-07-07,22.7,18.0,30.8,21768,9.8,2.11,1.7
2006-07-08,20.0,17.2,25.6,15358,13.3,1.94,1.5
2006-07-09,23.0,15.6,29.8,24200,0.0,1.85,1.8
2006-07-10,22.7,15.5,28.1,25910,0.0,1.81,1.9
2006-07-11,24.0,14.3,31.7,24871,0.0,1.77,1.7
2006-07-12,22.8,18.4,28.5,24953,0.0,2.1,1.6
2006-07-13,23.8,18.8,31.8,21297,4.4,2.23,1.6
2006-07-14,19.9,12.9,24.2,24115,0.0,1.51,2.8
2006-07-15,19.3,9.5,27.1,25931,0.0,1.29,2.3
2006-07-16,21.1,15.1,26.9,28859,0.0,1.74,2.2
2006-07-17,21.2,11.4,29.6,28306,0.0,1.46,1.5
2006-07-18,24.1,13.5,32.5,28866,0.0,1.71,1.6
2006-07-19,25.2,12.8,34.3,28680,0.0,1.69,1.3
2006-07-20,27.8,15.0,37.4,26639,0.0,1.95,1.7
2006-07-21,25.9,18.8,32.4,23120,0.0,2.22,2.0
2006-07-22,24.5,15.9,32.5,26632,0.0,1.91,1.6
2006-07-23,23.9,17.4,30.0,11059,0.0,2.02,1.7
2006-07-24,23.6,16.7,31.1,26493,0.0,1.96,1.7
2006-07-25,23.7,15.7,30.9,25316,0.0,1.88,1.6
2006-07-26,25.4,16.0,33.1,27325,0.0,1.93,1.4
2006-07-27,27.1,18.3,34.5,22845,0.0,2.23,1.6
2006-07-28,25.5,19.0,31.8,16791,5.5,2.24,1.5
2006-07-29,22.2,18.9,27.6,15143,0.1,2.17,1.6
2006-07-30,24.1,17.1,30.3,24441,0.0,2.01,1.5
2006-07-31,21.9,15.6,27.0,14531,0.0,1.79,2.0
2006-08-01,20.4,12.8,26.5,20035,0.0,1.53,2.5
2006-08-02,18.0,14.0,23.7,18628,0.0,1.59,3.2
2006-08-03,18.0,13.4,23.6,17104,0.0,1.54,1.6
2006-08-04,18.5,11.4,24.7,19313,0.0,1.38,1.6
2006-08-05,17.3,12.4,22.0,11313,17.3,1.43,2.3
2006-08-06,18.8,16.1,22.3,10890,6.3,1.79,3.0
2006-08-07,21.2,14.7,27.2,23475,0.0,1.72,3.0
2006-08-08,19.1,16.5,23.5,14687,0.0,1.84,2.8
2006-08-09,18.1,14.4,22.6,14253,0.0,1.62,1.9
2006-08-10,16.4,12.8,20.7,13346,0.1,1.45,1.8
2006-08-11,15.2,10.1,20.5,12089,0.7,1.24,1.6
2006-08-12,15.9,10.9,21.2,15543,0.0,1.32,1.3
2006-08-13,13.7,9.5,17.5,8889,1.7,1.18,1.5
2006-08-14,17.2,10.4,23.3,19458,3.8,1.3,2.9
2006-08-15,16.5,13.2,19.9,10036,2.8,1.48,3.4
2006-08-16,18.2,12.8,25.5,17623,0.2,1.52,1.5
2006-08-17,20.1,12.6,26.7,16134,0.0,1.51,1.4
2006-08-18,19.1,16.1,23.1,11542,1.5,1.79,2.2
2006-08-19,21.0,14.6,28.0,19380,7.7,1.71,1.7
2006-08-20,18.0,14.7,24.9,17322,1.5,1.69,2.6
2006-08-21,17.2,14.4,21.6,13683,2.9,1.6,2.9
2006-08-22,15.4,12.2,19.5,10979,7.2,1.4,2.7
2006-08-23,16.4,11.8,20.8,9539,0.1,1.38,1.9
2006-08-24,17.7,10.2,24.9,18679,0.6,1.3,1.7
2006-08-25,17.1,14.0,22.6,13071,0.2,1.58,1.7
2006-08-26,15.3,13.1,18.8,8627,6.0,1.47,1.5
2006-08-27,15.9,12.1,21.0,11210,3.3,1.4,2.6
2006-08-28,15.0,11.6,21.3,15090,4.8,1.36,2.8
2006-08-29,12.4,10.5,15.2,7839,5.4,1.23,3.1
2006-08-30,13.9,10.8,19.2,10929,2.7,1.28,3.4
2006-08-31,16.5,13.5,20.2,15181,0.0,1.51,2.9
2006-09-01,18.9,15.3,23.9,9116,0.5,1.72,2.3
2006-09-02,21.4,16.8,26.5,14404,0.1,1.91,2.1
2006-09-03,19.3,17.1,21.6,7550,3.3,1.9,4.2
2006-09-04,18.6,14.9,21.2,12997,0.0,1.66,4.6
2006-09-05,17.2,12.9,21.9,15949,0.0,1.48,2.7
2006-09-06,20.2,16.3,25.3,13715,0.0,1.83,1.8
2006-09-07,18.8,12.7,27.6,14847,0.0,1.55,2.6
2006-09-08,15.0,9.9,20.8,14821,0.0,1.23,3.2
2006-09-09,13.8,8.4,18.2,7163,0.0,1.1,1.9
2006-09-10,16.1,7.6,24.1,18860,0.0,1.11,1.7
2006-09-11,17.8,9.0,26.8,19106,0.0,1.24,1.7
2006-09-12,18.5,10.8,26.7,17829,0.0,1.37,1.7
2006-09-13,19.0,10.6,27.1,18171,0.0,1.36,1.7
2006-09-14,18.5,9.9,26.7,17709,0.0,1.3,2.0
2006-09-15,20.5,13.0,27.5,16952,0.0,1.55,3.0
2006-09-16,21.8,17.8,26.3,12765,0.0,2.02,2.6
2006-09-17,20.7,15.4,26.7,10880,0.0,1.76,1.8
2006-09-18,18.7,11.2,26.5,15795,0.0,1.39,1.7
2006-09-19,18.1,15.3,21.6,8052,0.0,1.71,2.4
2006-09-20,15.6,10.7,20.9,15482,0.0,1.3,1.8
2006-09-21,16.9,7.5,25.0,16175,0.0,1.14,2.1
2006-09-22,19.4,12.3,27.5,16104,0.0,1.51,2.3
2006-09-23,18.5,12.1,25.6,15658,0.0,1.46,2.2
2006-09-24,19.8,12.7,27.5,15402,0.0,1.54,1.9
2006-09-25,19.4,13.5,26.0,14872,0.0,1.57,1.9
2006-09-26,18.4,12.7,25.3,12989,4.3,1.5,1.7
2006-09-27,15.6,11.5,18.6,5835,0.9,1.33,1.4
2006-09-28,16.2,12.5,21.8,10202,0.0,1.44,1.4
2006-09-29,16.7,10.1,24.1,13784,0.0,1.29,1.5
2006-09-30,17.9,12.6,23.8,11965,7.5,1.48,1.6
2006-10-01,16.9,13.6,22.1,9138,1.8,1.54,2.0
2006-10-02,16.3,14.0,18.6,5332,0.0,1.55,3.3
2006-10-03,14.4,11.6,18.6,6440,0.0,1.33,2.2
2006-10-04,13.5,11.1,15.7,4832,0.8,1.29,2.6
2006-10-05,12.6,10.6,17.2,7755,0.7,1.25,2.4
2006-10-06,14.4,10.5,18.4,5668,1.0,1.25,3.6
2006-10-07,13.5,9.8,17.3,6317,4.6,1.19,3.7
2006-10-08,11.7,6.5,17.2,8892,0.0,0.98,2.4
2006-10-09,12.1,5.3,20.4,11012,0.0,0.94,1.5
2006-10-10,11.9,7.0,19.1,11028,0.0,1.03,1.0
2006-10-11,11.5,4.9,18.6,8220,0.0,0.9,1.7
2006-10-12,9.4,5.7,15.1,5781,0.2,0.92,1.2
2006-10-13,12.8,10.6,15.1,4158,0.0,1.24,1.6
2006-10-14,11.2,8.3,12.9,4086,0.5,1.06,2.2
2006-10-15,9.5,7.6,11.7,4015,0.0,1.02,2.0
2006-10-16,10.5,5.4,17.3,8767,0.0,0.92,1.9
2006-10-17,8.3,2.2,15.5,11138,0.0,0.74,1.9
2006-10-18,10.2,1.2,17.5,8739,0.0,0.72,1.8
2006-10-19,11.0,4.2,16.9,4600,0.0,0.85,1.9
2006-10-20,11.9,7.6,16.8,4311,0.7,1.04,2.0
2006-10-21,15.1,12.0,19.6,6760,0.0,1.38,2.3
2006-10-22,15.0,12.1,19.5,8043,1.2,1.4,2.6
2006-10-23,16.5,13.1,19.3,5531,0.6,1.48,2.9
2006-10-24,16.3,12.2,19.4,5984,0.0,1.4,4.1
2006-10-25,12.2,9.1,16.4,9101,0.0,1.13,2.2
2006-10-26,16.4,9.4,22.4,6527,0.0,1.21,2.9
2006-10-27,15.3,9.4,20.1,8647,0.1,1.18,3.4
2006-10-28,10.6,6.9,13.5,4008,8.0,0.98,2.4
2006-10-29,12.4,7.9,15.8,3748,6.5,1.06,3.7
2006-10-30,9.4,6.9,11.7,3179,0.3,0.96,1.8
2006-10-31,12.1,9.7,14.4,3432,3.3,1.17,3.9
2006-11-01,4.8,0.0,10.0,3187,2.2,0.62,5.3
2006-11-02,0.6,-2.3,5.8,6894,0.0,0.51,2.6
2006-11-03,1.0,-2.3,5.9,7272,0.8,0.51,1.8
2006-11-04,6.0,1.4,9.0,2840,2.2,0.67,2.9
2006-11-05,10.0,8.5,11.6,2730,1.7,1.08,4.2
2006-11-06,11.5,10.2,13.4,3316,0.0,1.2,3.4
2006-11-07,7.6,1.5,10.5,3145,0.0,0.68,2.2
2006-11-08,6.3,1.7,11.2,6196,0.3,0.69,3.1
2006-11-09,8.6,5.4,11.5,4209,0.4,0.88,4.4
2006-11-10,5.9,3.2,9.8,5467,0.0,0.75,2.2
2006-11-11,6.4,4.7,8.6,2445,3.4,0.83,4.0
2006-11-12,6.3,5.0,8.2,2993,0.0,0.84,4.9
2006-11-13,7.1,4.3,10.6,2359,3.7,0.81,4.3
2006-11-14,10.5,8.4,12.7,2423,0.7,1.07,3.4
2006-11-15,12.3,10.6,14.7,5813,0.0,1.24,2.6
2006-11-16,13.0,10.1,17.4,5631,0.0,1.21,2.6
2006-11-17,12.7,10.1,15.7,2454,0.7,1.21,2.2
2006-11-18,11.0,7.5,13.9,3018,0.3,1.01,2.2
2006-11-19,7.5,2.4,10.5,2177,2.3,0.72,2.1
2006-11-20,6.0,3.4,8.2,4356,3.1,0.76,3.3
2006-11-21,7.5,4.8,9.7,2060,1.3,0.84,2.9
2006-11-22,5.2,1.8,8.1,4918,0.0,0.68,2.6
2006-11-23,6.6,3.4,10.3,1997,7.9,0.76,3.5
2006-11-24,10.3,8.0,12.5,4138,0.0,1.03,2.7
2006-11-25,11.9,9.0,15.0,1938,0.0,1.13,3.2
2006-11-26,11.6,5.5,14.7,2095,0.1,0.9,1.9
2006-11-27,7.1,2.3,12.5,4407,0.0,0.73,1.8
2006-11-28,5.8,1.4,10.8,4223,0.0,0.68,2.0
2006-11-29,6.8,1.7,10.0,1834,0.4,0.68,1.8
2006-11-30,5.4,-0.3,9.6,4761,0.0,0.6,2.0
2006-12-01,5.2,-0.7,10.1,4627,0.0,0.59,2.5
2006-12-02,6.1,4.1,8.3,4452,0.0,0.79,2.9
2006-12-03,9.2,7.1,11.3,3888,1.5,0.97,3.5
2006-12-04,8.4,6.8,10.3,2077,0.9,0.95,4.1
2006-12-05,12.5,7.4,15.0,2315,3.0,1.01,4.4
2006-12-06,10.7,7.9,15.2,1696,1.0,1.05,3.7
2006-12-07,8.1,6.1,9.6,3467,0.0,0.91,4.3
2006-12-08,10.7,7.2,14.6,2343,0.1,1.0,4.0
2006-12-09,7.7,3.6,11.3,1653,0.0,0.78,2.6
2006-12-10,3.6,1.5,6.8,3778,0.0,0.66,2.2
2006-12-11,3.9,1.6,6.1,2006,8.8,0.67,3.9
2006-12-12,5.7,4.1,7.7,2909,1.3,0.79,3.2
2006-12-13,7.2,4.8,9.6,1736,0.0,0.83,3.8
2006-12-14,9.1,6.0,10.4,1687,0.0,0.9,3.9
2006-12-15,6.3,2.7,10.1,3944,0.0,0.73,2.9
2006-12-16,7.1,4.6,10.3,2291,0.7,0.83,3.1
2006-12-17,4.0,1.5,6.3,2163,0.0,0.66,2.5
2006-12-18,3.1,2.1,4.6,1749,0.0,0.69,1.7
2006-12-19,3.1,0.3,6.0,2156,0.0,0.61,2.2
2006-12-20,4.6,1.6,6.2,1582,0.8,0.66,2.3
2006-12-21,6.0,4.9,7.3,1583,0.0,0.83,1.5
2006-12-22,5.9,4.5,6.7,1584,0.0,0.81,1.9
2006-12-23,4.2,3.0,5.2,1586,0.2,0.73,1.8
2006-12-24,2.9,1.4,4.7,1590,1.0,0.65,1.7
2006-12-25,4.9,1.5,7.0,2458,0.0,0.66,1.3
2006-12-26,1.2,-1.2,4.9,3083,0.0,0.55,1.5
2006-12-27,-1.3,-2.7,-0.3,1607,0.0,0.48,1.8
2006-12-28,0.0,-1.0,1.5,1614,7.1,0.54,2.4
2006-12-29,2.7,1.0,5.3,2040,0.0,0.63,2.0
2006-12-30,4.4,1.4,8.7,1717,4.7,0.67,3.7
2006-12-31,8.7,6.7,10.8,2400,0.9,0.94,5.2
2007-01-01,8.2,4.3,11.7,2374,1.8,0.82,5.5
2007-01-02,4.6,3.1,5.8,1798,1.6,0.73,3.8
2007-01-03,5.1,3.5,6.8,2453,2.5,0.75,3.7
2007-01-04,7.1,5.3,8.8,2087,0.9,0.86,4.7
2007-01-05,7.4,6.5,8.1,1761,4.8,0.93,4.3
2007-01-06,8.1,6.5,9.4,1735,6.6,0.93,3.1
2007-01-07,6.7,5.0,9.7,2017,0.0,0.85,3.4
2007-01-08,7.5,5.1,10.1,1863,1.8,0.86,3.7
2007-01-09,11.4,7.6,14.2,1840,0.0,1.03,4.6
2007-01-10,11.6,6.9,13.1,1863,1.2,0.98,4.5
2007-01-11,6.5,5.6,8.7,1842,4.6,0.87,6.3
2007-01-12,8.0,4.2,11.6,3191,3.0,0.81,6.1
2007-01-13,11.6,10.3,12.6,1892,0.6,1.21,4.8
2007-01-14,7.8,2.9,11.9,3781,0.0,0.75,4.8
2007-01-15,3.7,1.2,7.3,4626,0.0,0.65,2.6
2007-01-16,4.3,0.9,7.0,2594,2.3,0.64,2.7
2007-01-17,7.9,4.7,11.0,3014,5.2,0.83,4.0
2007-01-18,8.9,5.3,13.5,2039,44.6,0.88,7.1
2007-01-19,7.0,5.2,9.9,2414,3.0,0.86,6.0
2007-01-20,9.1,5.7,13.7,2106,2.2,0.91,5.1
2007-01-21,5.3,4.1,7.4,2641,0.8,0.79,5.4
2007-01-22,2.1,-3.9,5.7,2733,0.2,0.46,3.2
2007-01-23,-3.8,-7.0,-0.4,5642,0.0,0.35,2.8
2007-01-24,-3.1,-5.1,-0.8,2253,0.0,0.4,2.7
2007-01-25,-2.8,-7.4,-0.2,4282,0.0,0.34,2.5
2007-01-26,-3.4,-8.0,1.9,2386,5.4,0.34,3.5
2007-01-27,0.9,-1.8,2.6,5698,1.1,0.52,4.1
2007-01-28,3.7,1.1,6.6,2419,3.4,0.65,5.3
2007-01-29,5.2,3.1,7.1,2792,0.5,0.74,3.8
2007-01-30,5.8,3.4,7.4,2508,0.3,0.75,2.9
2007-01-31,6.7,5.5,8.1,4410,0.5,0.87,4.1
2007-02-01,5.9,3.8,8.4,5448,0.2,0.78,2.5
2007-02-02,7.0,5.0,8.8,2651,1.6,0.84,2.6
2007-02-03,6.4,4.9,8.6,5500,0.0,0.83,3.4
2007-02-04,4.8,0.9,7.7,2870,0.0,0.64,2.3
2007-02-05,2.2,0.1,4.5,2864,0.3,0.6,2.7
2007-02-06,1.2,-1.7,4.9,3644,0.2,0.53,1.9
2007-02-07,0.0,-5.2,4.5,6648,3.7,0.41,1.6
2007-02-08,-0.1,-0.6,0.5,2967,4.3,0.56,2.5
2007-02-09,0.9,-0.9,3.2,3024,1.0,0.55,2.7
2007-02-10,-2.1,-3.5,-0.5,3081,1.1,0.46,2.9
2007-02-11,-1.2,-4.0,1.8,3140,3.8,0.44,3.5
2007-02-12,5.7,1.3,8.7,5022,3.0,0.66,2.9
2007-02-13,6.7,5.8,7.5,3260,1.8,0.89,3.7
2007-02-14,7.0,4.8,10.1,6256,5.5,0.84,2.2
2007-02-15,4.5,3.0,5.7,3384,1.3,0.73,2.6
2007-02-16,3.9,2.5,5.1,3447,0.0,0.7,2.9
2007-02-17,4.5,1.3,8.7,8836,0.0,0.66,3.3
2007-02-18,4.7,0.7,10.1,9314,0.0,0.64,1.9
2007-02-19,4.0,2.1,5.8,3643,0.0,0.69,1.2
2007-02-20,2.9,-1.9,7.3,4427,0.0,0.53,1.2
2007-02-21,5.7,1.5,11.4,7763,2.6,0.68,2.3
2007-02-22,6.9,4.1,10.3,4873,0.0,0.8,1.9
2007-02-23,1.0,-0.8,4.9,3917,0.0,0.56,2.6
2007-02-24,3.6,-1.3,9.4,8486,0.0,0.56,3.3
2007-02-25,7.6,4.7,11.4,5045,2.6,0.84,3.2
2007-02-26,6.1,4.3,8.8,4131,3.2,0.8,3.5
2007-02-27,4.2,1.9,6.2,6142,6.4,0.68,3.8
2007-02-28,7.9,2.3,12.0,5531,4.6,0.72,4.5
2007-03-01,7.8,5.7,10.5,5302,3.3,0.89,4.6
2007-03-02,5.8,2.6,7.9,4747,3.4,0.71,3.8
2007-03-03,3.0,0.7,4.3,4502,3.5,0.62,3.4
2007-03-04,5.4,1.6,9.9,12181,0.0,0.68,2.0
2007-03-05,6.3,2.1,11.5,5481,0.4,0.71,3.3
2007-03-06,8.5,3.9,12.7,7152,0.7,0.81,3.1
2007-03-07,9.7,4.9,12.7,5484,0.0,0.85,2.2
2007-03-08,6.0,2.2,10.1,5399,0.7,0.7,2.1
2007-03-09,7.2,2.1,12.9,9437,3.2,0.73,2.3
2007-03-10,6.4,3.0,10.4,8866,0.0,0.75,2.6
2007-03-11,8.7,4.7,14.7,13977,0.0,0.86,2.3
2007-03-12,10.0,1.3,18.8,14494,0.0,0.74,1.6
2007-03-13,11.0,2.4,18.5,13411,0.0,0.79,1.5
2007-03-14,6.9,1.8,12.6,11495,0.0,0.7,2.0
2007-03-15,6.2,0.7,13.2,12722,0.0,0.66,1.6
2007-03-16,7.4,1.5,12.0,8833,0.9,0.69,2.3
2007-03-17,8.0,5.2,10.0,7093,5.7,0.86,4.6
2007-03-18,7.2,1.7,11.0,5788,2.4,0.69,5.8
2007-03-19,3.4,-1.3,8.2,13399,0.0,0.56,3.1
2007-03-20,2.6,-2.2,7.6,6144,0.6,0.52,2.5
2007-03-21,2.1,-0.1,3.3,5942,13.1,0.59,3.1
2007-03-22,2.0,0.3,4.0,6025,18.1,0.6,3.6
2007-03-23,5.8,1.8,11.2,12717,4.3,0.7,3.5
2007-03-24,10.7,7.4,14.9,14614,0.0,1.01,3.4
2007-03-25,10.3,5.0,16.2,17129,0.0,0.88,3.7
2007-03-26,9.2,0.5,16.0,17293,0.0,0.67,3.4
2007-03-27,10.6,3.1,17.2,17556,0.0,0.8,3.1
2007-03-28,10.8,3.9,17.4,17215,0.0,0.84,2.2
2007-03-29,10.4,5.6,15.9,16966,0.0,0.91,2.4
2007-03-30,9.2,2.8,14.9,16302,0.0,0.77,2.1
2007-03-31,10.8,5.4,18.3,16965,0.0,0.93,2.7
2007-04-01,11.4,5.7,18.2,18462,0.0,0.95,2.7
2007-04-02,9.3,1.3,18.4,18620,0.0,0.74,1.8
2007-04-03,5.2,0.9,9.5,10586,0.7,0.64,2.8
2007-04-04,5.3,0.5,10.6,19881,0.0,0.64,2.9
2007-04-05,7.1,1.4,12.6,8667,0.0,0.68,3.1
2007-04-06,8.9,4.1,12.9,8222,0.0,0.82,2.4
2007-04-07,7.2,2.1,13.4,20461,0.0,0.72,2.4
2007-04-08,9.4,5.3,12.2,8178,0.0,0.88,2.7
2007-04-09,11.0,8.4,14.6,10655,0.1,1.08,3.3
2007-04-10,11.4,6.4,15.8,10095,0.0,0.96,2.9
2007-04-11,11.4,3.7,16.6,9088,0.0,0.82,2.2
2007-04-12,11.3,0.8,20.0,21660,0.0,0.73,1.8
2007-04-13,15.5,6.0,23.4,21364,0.0,1.01,2.4
2007-04-14,16.9,7.1,24.3,22400,0.0,1.09,2.4
2007-04-15,15.9,3.8,24.0,22098,0.0,0.91,2.2
2007-04-16,17.2,6.9,26.9,22127,0.0,1.11,1.8
2007-04-17,12.9,6.2,19.2,16949,0.0,0.98,2.3
2007-04-18,8.0,2.6,13.8,15926,0.0,0.75,3.0
2007-04-19,10.3,0.6,17.5,21855,0.0,0.7,3.1
2007-04-20,7.0,2.0,10.3,9148,0.0,0.7,3.0
2007-04-21,5.9,-0.1,12.5,23495,0.0,0.63,1.5
2007-04-22,10.0,-1.5,19.1,23857,0.0,0.63,1.7
2007-04-23,13.8,0.8,23.1,22480,0.0,0.76,1.7
2007-04-24,15.4,8.0,20.0,15967,0.0,1.09,1.3
2007-04-25,16.5,6.1,25.1,21671,0.0,1.05,2.1
2007-04-26,17.6,8.5,25.5,24716,0.0,1.2,2.0
2007-04-27,17.7,6.1,27.7,24956,0.0,1.09,1.6
2007-04-28,17.1,6.5,26.2,24368,0.0,1.09,1.8
2007-04-29,10.8,5.7,15.8,25549,0.0,0.92,2.8
2007-04-30,10.1,-1.1,19.2,22816,0.0,0.66,2.6
2007-05-01,9.1,1.7,16.0,25780,0.0,0.73,2.4
2007-05-02,11.6,1.2,20.9,21830,0.0,0.75,2.3
2007-05-03,13.5,1.8,21.2,25881,0.0,0.79,1.9
2007-05-04,15.2,5.3,22.2,26347,0.0,0.96,2.3
2007-05-05,15.8,4.7,23.7,26211,0.0,0.95,2.4
2007-05-06,15.7,4.2,24.4,24382,0.5,0.93,1.9
2007-05-07,12.6,11.4,14.3,9596,27.8,1.3,3.2
2007-05-08,12.0,10.4,16.4,15838,4.6,1.23,4.4
2007-05-09,11.9,9.0,16.5,15180,6.1,1.13,3.8
2007-05-10,13.8,10.0,17.8,10741,3.3,1.21,3.8
2007-05-11,13.0,9.2,18.1,12262,9.0,1.15,4.0
2007-05-12,11.7,7.8,16.8,12321,3.7,1.05,3.2
2007-05-13,16.0,10.7,21.7,18748,3.1,1.3,2.3
2007-05-14,16.6,11.9,21.8,15993,16.4,1.4,3.0
2007-05-15,11.3,6.7,14.3,11874,8.8,0.97,2.6
2007-05-16,11.9,4.7,18.3,20299,8.6,0.89,2.6
2007-05-17,10.0,7.2,14.4,18143,0.0,1.0,2.8
2007-05-18,12.2,4.3,18.5,28081,0.0,0.87,2.0
2007-05-19,17.4,9.2,24.1,22340,0.0,1.23,2.0
2007-05-20,20.6,13.2,27.4,21409,0.0,1.58,1.8
2007-05-21,23.3,16.2,30.9,28039,0.0,1.92,1.7
2007-05-22,21.3,14.4,26.7,25371,0.0,1.67,1.7
2007-05-23,16.6,10.1,21.9,16976,0.0,1.26,1.7
2007-05-24,20.2,10.2,26.7,21876,0.0,1.33,1.5
2007-05-25,23.1,15.0,31.1,24292,1.6,1.8,1.7
2007-05-26,19.3,13.7,28.0,16861,13.7,1.63,1.8
2007-05-27,19.0,15.0,24.7,17900,7.3,1.71,2.1
2007-05-28,17.0,13.2,20.6,11321,7.0,1.5,2.0
2007-05-29,16.8,10.9,23.7,11604,15.3,1.33,3.6
2007-05-30,12.8,7.4,18.3,21143,0.0,1.03,2.3
2007-05-31,14.9,6.4,21.1,21180,0.0,1.0,1.6
2007-06-01,17.7,10.6,23.3,24347,0.0,1.3,2.0
2007-06-02,16.0,13.5,19.2,11472,0.1,1.51,1.9
2007-06-03,15.5,13.7,17.3,10621,0.7,1.52,2.0
2007-06-04,16.6,15.2,18.9,10770,0.5,1.66,1.8
2007-06-05,16.6,12.4,20.6,15940,2.1,1.43,1.8
2007-06-06,18.6,11.8,25.5,19983,0.0,1.44,1.9
2007-06-07,22.0,14.2,29.4,24529,1.4,1.69,2.2
2007-06-08,24.0,14.6,30.1,27695,0.0,1.75,1.9
2007-06-09,24.1,16.9,31.1,25957,0.0,2.0,1.7
2007-06-10,22.1,13.0,29.2,29121,0.0,1.58,1.5
2007-06-11,22.5,12.7,30.0,28511,0.0,1.57,1.3
2007-06-12,21.2,13.1,29.6,23117,1.4,1.61,1.9
2007-06-13,20.0,15.3,24.9,18474,0.0,1.74,1.8
2007-06-14,22.3,14.4,28.3,20247,4.7,1.7,1.7
2007-06-15,21.4,17.0,28.6,18872,38.4,1.96,2.5
2007-06-16,18.0,14.6,23.9,18628,1.4,1.64,2.5
2007-06-17,18.6,13.1,24.5,23921,1.8,1.54,2.2
2007-06-18,17.6,12.6,23.7,16623,1.1,1.47,2.0
2007-06-19,19.9,13.0,26.0,26067,0.0,1.53,1.3
2007-06-20,22.1,15.5,30.2,21913,1.8,1.85,1.9
2007-06-21,16.6,12.8,19.7,10836,35.3,1.45,1.9
2007-06-22,17.0,12.7,22.4,16371,0.1,1.46,2.0
2007-06-23,15.9,13.1,20.9,15235,3.4,1.49,2.7
2007-06-24,18.5,13.6,23.8,23029,0.0,1.55,2.0
2007-06-25,20.1,14.6,27.0,18618,13.1,1.7,2.3
2007-06-26,15.5,11.8,20.3,17854,3.2,1.37,4.6
2007-06-27,12.9,10.8,16.5,15454,1.3,1.27,4.6
2007-06-28,14.3,9.8,18.3,17076,3.3,1.19,3.2
2007-06-29,15.5,8.8,21.4,17690,3.4,1.16,2.7
2007-06-30,16.3,13.4,19.9,16669,0.6,1.51,2.9
2007-07-01,19.4,12.7,25.2,13639,0.0,1.5,1.9
2007-07-02,18.7,14.7,22.7,11112,2.3,1.66,2.0
2007-07-03,17.1,13.3,23.2,19998,0.3,1.53,2.5
2007-07-04,14.8,12.6,18.8,13330,5.7,1.43,2.9
2007-07-05,15.5,12.6,20.2,15939,6.7,1.43,3.7
2007-07-06,16.3,13.4,21.8,17917,0.9,1.51,4.2
2007-07-07,16.2,12.6,20.9,13259,4.2,1.43,3.8
2007-07-08,17.0,10.5,23.3,24861,0.0,1.3,2.2
2007-07-09,14.0,9.7,18.0,10581,17.0,1.19,1.8
2007-07-10,13.8,9.4,19.3,15797,0.5,1.18,2.1
2007-07-11,13.9,9.2,18.4,16388,9.5,1.16,2.8
2007-07-12,15.6,13.1,20.6,10993,1.4,1.48,3.0
2007-07-13,18.9,15.1,25.6,15444,0.6,1.72,2.1
2007-07-14,24.0,14.3,31.9,27598,0.2,1.75,2.3
2007-07-15,26.4,16.2,34.9,27796,0.0,2.01,1.8
2007-07-16,29.5,20.6,37.3,26873,0.7,2.55,1.7
2007-07-17,23.1,15.0,27.2,22725,0.0,1.73,2.4
2007-07-18,22.0,14.5,28.4,22424,0.0,1.71,1.8
2007-07-19,21.1,14.6,26.2,19772,0.2,1.7,1.6
2007-07-20,22.3,17.7,26.7,17371,0.0,2.02,2.3
2007-07-21,21.1,17.7,25.7,20652,50.2,2.0,1.9
2007-07-22,16.8,13.8,21.6,15049,6.3,1.56,2.3
2007-07-23,18.6,12.3,23.7,20781,0.0,1.44,2.0
2007-07-24,17.9,13.3,22.7,13101,3.0,1.52,3.7
2007-07-25,17.3,13.5,22.4,19551,0.0,1.53,3.0
2007-07-26,21.2,13.7,27.3,18630,0.0,1.61,2.2
2007-07-27,20.2,13.9,23.6,21622,0.4,1.58,3.5
2007-07-28,16.8,13.9,20.7,12398,7.1,1.55,3.0
2007-07-29,14.4,12.1,16.7,9906,9.4,1.37,2.8
2007-07-30,13.7,10.8,17.4,16175,0.2,1.26,3.7
2007-07-31,14.9,11.5,19.3,14288,0.0,1.33,2.9
2007-08-01,15.9,10.1,21.2,18946,0.0,1.26,1.8
2007-08-02,17.7,11.7,24.8,16695,4.1,1.42,2.2
2007-08-03,16.9,11.4,21.5,15778,0.0,1.35,2.2
2007-08-04,17.0,9.6,23.9,19434,0.0,1.25,1.4
2007-08-05,19.8,10.7,26.9,25828,0.0,1.38,1.9
2007-08-06,21.1,13.0,27.7,25607,0.0,1.56,2.1
2007-08-07,21.6,12.8,28.9,24191,0.4,1.56,1.9
2007-08-08,19.7,16.5,23.7,13377,0.7,1.85,2.2
2007-08-09,22.7,15.3,29.9,23985,0.0,1.82,2.4
2007-08-10,20.2,18.9,24.7,11334,6.6,2.12,2.2
2007-08-11,18.0,15.7,19.2,9021,3.7,1.72,2.4
2007-08-12,16.6,12.8,21.6,11661,0.7,1.46,1.5
2007-08-13,18.0,12.3,24.7,18387,0.0,1.45,1.6
2007-08-14,19.2,11.8,25.8,22964,0.5,1.44,1.7
2007-08-15,22.3,17.6,27.6,14695,1.6,2.03,3.0
2007-08-16,20.2,12.2,24.3,14721,0.9,1.45,3.2
2007-08-17,15.6,11.5,21.9,16134,0.0,1.35,2.3
2007-08-18,16.5,9.3,22.4,19377,0.0,1.2,1.5
2007-08-19,19.0,10.9,26.0,17428,0.0,1.38,1.7
2007-08-20,19.7,12.9,26.4,19837,16.9,1.53,1.8
2007-08-21,17.9,15.0,21.9,10950,5.4,1.67,2.3
2007-08-22,18.9,14.9,24.5,14495,1.4,1.69,1.9
2007-08-23,19.2,14.0,25.1,14621,28.6,1.6,1.3
2007-08-24,19.2,16.2,24.3,16880,0.2,1.83,1.4
2007-08-25,19.3,15.3,23.8,18444,0.0,1.71,1.9
2007-08-26,18.6,12.2,23.6,15535,0.0,1.43,2.4
2007-08-27,14.6,11.2,18.9,11210,0.0,1.32,2.3
2007-08-28,13.8,9.0,18.5,16414,0.0,1.15,2.1
2007-08-29,11.6,5.3,18.6,15196,0.0,0.93,1.9
2007-08-30,14.0,9.0,18.8,12895,1.0,1.14,2.4
2007-08-31,14.9,13.3,18.0,8008,4.1,1.49,2.7
2007-09-01,14.8,11.5,19.0,9440,0.0,1.33,2.4
2007-09-02,16.3,10.9,20.9,10856,9.8,1.3,2.4
2007-09-03,13.4,8.9,16.5,11399,8.5,1.12,2.9
2007-09-04,10.2,6.6,14.3,11084,8.5,0.96,3.1
2007-09-05,11.4,6.5,17.8,18062,0.0,0.98,2.2
2007-09-06,11.9,4.8,18.2,10983,0.0,0.9,2.5
2007-09-07,14.3,10.7,17.5,7746,0.0,1.27,2.7
2007-09-08,15.2,13.5,18.0,7142,0.3,1.5,3.0
2007-09-09,14.6,11.0,19.1,12009,1.0,1.3,3.0
2007-09-10,11.9,10.3,15.0,7899,9.6,1.21,3.4
2007-09-11,13.6,10.6,18.3,10049,0.0,1.27,2.7
2007-09-12,14.1,10.1,16.5,8125,0.0,1.21,2.2
2007-09-13,12.6,8.7,16.1,7531,0.0,1.11,1.7
2007-09-14,14.1,8.6,19.9,14021,0.5,1.14,2.4
2007-09-15,12.9,9.9,17.0,13984,0.0,1.2,3.0
2007-09-16,14.6,9.1,21.5,16892,0.0,1.19,2.3
2007-09-17,18.2,13.7,24.9,12830,5.0,1.58,2.3
2007-09-18,11.7,6.6,14.2,8440,4.1,0.96,3.1
2007-09-19,9.9,6.5,14.6,9973,0.0,0.96,2.5
2007-09-20,13.4,6.9,19.7,13100,0.0,1.02,2.8
2007-09-21,15.1,10.3,20.7,11827,0.0,1.26,2.3
2007-09-22,14.8,7.9,22.1,15541,0.0,1.12,1.4
2007-09-23,14.9,6.6,24.3,15937,0.0,1.06,1.3
2007-09-24,17.6,9.2,25.4,15770,2.4,1.23,2.3
2007-09-25,13.4,11.1,16.6,8015,1.5,1.28,2.3
2007-09-26,12.4,7.7,18.0,11176,0.0,1.06,1.3
2007-09-27,13.0,10.8,14.4,5655,17.9,1.25,2.9
2007-09-28,14.0,11.2,16.4,5840,15.2,1.29,3.2
2007-09-29,12.4,10.6,13.9,5226,2.2,1.23,3.3
2007-09-30,13.5,11.6,16.2,5234,0.0,1.33,2.1
2007-10-01,13.2,8.8,17.9,8705,2.3,1.13,1.2
2007-10-02,12.5,9.2,14.8,4988,0.0,1.14,1.1
2007-10-03,11.3,8.7,15.1,8054,0.0,1.09,1.3
2007-10-04,11.8,7.7,15.4,5169,0.0,1.04,1.4
2007-10-05,11.8,8.6,14.7,6255,0.0,1.09,1.6
2007-10-06,9.2,4.3,15.6,8061,0.0,0.85,1.5
2007-10-07,7.9,2.9,15.9,9829,0.0,0.78,1.1
2007-10-08,9.3,4.6,15.5,7841,0.0,0.86,1.4
2007-10-09,9.2,7.6,11.6,5492,0.0,1.01,1.0
2007-10-10,8.5,3.8,13.5,11899,0.0,0.8,1.3
2007-10-11,9.6,7.6,12.2,4460,0.4,1.01,1.6
2007-10-12,11.6,6.0,15.9,5005,0.2,0.93,2.6
2007-10-13,7.3,1.0,13.3,10369,0.0,0.68,1.5
2007-10-14,6.5,0.0,14.0,11670,0.0,0.64,1.7
2007-10-15,10.1,1.0,18.0,11366,0.0,0.72,1.8
2007-10-16,12.8,9.6,17.2,6393,0.0,1.18,2.2
2007-10-17,14.1,9.7,18.6,7984,4.2,1.19,2.5
2007-10-18,8.5,4.8,11.7,6563,0.0,0.85,3.2
2007-10-19,5.4,1.8,10.3,7181,0.0,0.69,2.4
2007-10-20,4.7,-0.7,10.0,7642,0.9,0.59,1.7
2007-10-21,5.3,0.9,9.3,5218,0.0,0.65,1.7
2007-10-22,3.4,-1.7,6.5,6727,0.0,0.54,2.2
2007-10-23,5.4,-0.4,10.1,6626,0.0,0.6,2.6
2007-10-24,7.0,5.8,8.1,3414,0.0,0.89,2.9
2007-10-25,7.7,6.6,8.5,3351,0.0,0.94,2.3
2007-10-26,7.8,6.5,9.2,3290,0.0,0.94,1.9
2007-10-27,7.8,3.9,8.7,3229,1.7,0.78,1.1
2007-10-28,5.0,0.2,9.9,5879,0.0,0.63,2.0
2007-10-29,7.9,4.0,12.2,5533,1.3,0.8,1.9
2007-10-30,8.3,4.9,9.8,3053,0.8,0.84,1.8
2007-10-31,7.3,2.9,12.0,5610,0.0,0.75,2.0
2007-11-01,9.9,8.0,11.3,2941,0.0,1.04,2.1
2007-11-02,11.8,10.6,13.1,2887,1.4,1.23,1.4
2007-11-03,11.6,8.9,14.1,3013,1.2,1.11,2.3
2007-11-04,7.7,-0.1,10.8,4618,0.0,0.62,2.1
2007-11-05,3.5,-1.6,9.0,5423,6.7,0.55,1.8
2007-11-06,5.7,3.2,7.9,3836,5.0,0.74,4.1
2007-11-07,6.9,3.8,8.9,2745,4.4,0.78,4.9
2007-11-08,8.6,6.6,10.2,3260,4.1,0.94,3.9
2007-11-09,5.3,3.4,8.2,3484,1.3,0.76,5.5
2007-11-10,3.5,1.8,5.9,3868,10.0,0.67,4.3
2007-11-11,1.7,0.4,2.7,2445,6.0,0.6,4.1
2007-11-12,2.6,0.5,4.7,2455,6.1,0.61,3.7
2007-11-13,2.0,-0.1,6.1,4753,1.0,0.6,3.1
2007-11-14,1.2,-0.9,3.3,2528,0.6,0.55,2.8
2007-11-15,1.3,-0.9,3.9,2381,0.1,0.55,2.0
2007-11-16,0.8,-2.7,4.1,2238,0.7,0.49,1.9
2007-11-17,5.2,4.1,6.6,2200,1.6,0.79,1.6
2007-11-18,4.7,0.7,6.5,2163,0.0,0.63,1.9
2007-11-19,1.2,-0.9,4.3,3918,0.0,0.55,2.6
2007-11-20,0.8,-0.8,4.4,2831,0.0,0.56,2.2
2007-11-21,1.9,-1.4,5.7,3861,0.0,0.54,2.4
2007-11-22,5.8,1.7,9.0,2172,0.0,0.68,1.8
2007-11-23,6.6,4.6,8.4,1997,0.8,0.82,1.8
2007-11-24,2.6,-0.4,5.0,3241,0.2,0.58,2.3
2007-11-25,4.0,1.0,7.6,2218,2.6,0.65,4.3
2007-11-26,1.7,-0.2,3.9,3624,0.4,0.58,4.4
2007-11-27,0.2,-3.2,3.4,4958,0.0,0.47,2.4
2007-11-28,0.9,-3.6,5.0,2540,0.0,0.47,2.0
2007-11-29,2.4,0.2,4.2,2104,1.7,0.6,3.0
2007-11-30,5.6,3.4,7.5,1856,3.1,0.75,3.3
2007-12-01,7.1,5.4,10.1,2321,2.6,0.87,3.9
2007-12-02,7.4,4.9,10.3,1944,4.0,0.85,5.0
2007-12-03,6.9,4.7,9.0,1879,2.7,0.83,5.3
2007-12-04,5.5,4.4,7.1,3074,0.0,0.8,3.4
2007-12-05,8.1,5.0,10.7,1712,0.0,0.85,3.5
2007-12-06,9.1,7.9,10.5,2038,6.6,1.03,4.1
2007-12-07,9.3,5.7,13.8,2489,1.1,0.91,5.3
2007-12-08,5.9,3.4,7.5,2047,0.2,0.75,3.9
2007-12-09,5.5,3.5,8.3,2200,0.7,0.76,3.3
2007-12-10,4.1,1.6,7.2,3233,0.0,0.66,2.4
2007-12-11,3.6,1.7,5.5,1630,1.3,0.67,2.5
2007-12-12,4.7,3.9,5.5,1621,0.5,0.78,2.2
2007-12-13,3.3,1.6,4.4,1612,0.0,0.66,1.8
2007-12-14,2.0,1.2,2.9,1605,0.0,0.64,1.8
2007-12-15,-0.8,-4.8,1.6,4150,0.0,0.42,2.2
2007-12-16,-2.1,-5.6,-0.1,1593,0.0,0.39,2.2
2007-12-17,0.3,-0.8,1.5,1589,0.0,0.55,2.8
2007-12-18,-1.3,-2.3,-0.5,1585,0.0,0.5,1.9
2007-12-19,-1.5,-2.1,-0.8,1583,0.0,0.5,1.2
2007-12-20,-3.5,-5.2,-1.7,1582,0.0,0.4,1.2
2007-12-21,-5.1,-5.9,-3.9,1583,0.0,0.38,1.1
2007-12-22,-5.1,-6.3,-3.5,1584,0.0,0.37,1.2
2007-12-23,-2.7,-8.9,1.0,3225,0.0,0.31,1.3
2007-12-24,0.6,-0.3,1.5,1590,0.0,0.58,1.5
2007-12-25,0.2,-2.1,4.1,3115,0.0,0.51,2.5
2007-12-26,-0.2,-2.1,1.4,1806,0.0,0.5,2.1
2007-12-27,1.0,-1.0,2.9,3012,0.0,0.55,2.5
2007-12-28,3.9,1.8,5.9,1614,0.0,0.67,3.0
2007-12-29,2.7,1.0,4.7,2705,0.0,0.63,3.5
2007-12-30,3.3,1.0,5.3,1801,1.3,0.63,2.6
2007-12-31,1.6,-0.3,3.6,1813,0.0,0.58,1.9
2008-01-01,0.1,-0.3,1.0,1657,5.4,0.57,1.5
2008-01-02,-0.8,-3.4,-0.1,1670,0.0,0.46,2.6
2008-01-03,-3.7,-4.5,-2.6,1685,0.0,0.42,4.1
2008-01-04,-5.8,-7.3,-3.6,2602,0.0,0.34,3.5
2008-01-05,-0.5,-5.1,2.4,1847,4.0,0.41,3.4
2008-01-06,1.7,0.0,3.1,1735,2.5,0.59,2.4
2008-01-07,2.8,-0.5,5.9,2280,6.9,0.58,3.7
2008-01-08,4.2,2.0,6.5,3143,0.0,0.69,3.2
2008-01-09,3.5,0.7,6.3,2953,0.5,0.62,2.9
2008-01-10,4.4,1.4,7.6,3569,0.0,0.66,3.3
2008-01-11,8.2,4.7,10.7,2476,0.0,0.83,3.2
2008-01-12,5.6,2.3,8.4,2140,0.0,0.7,3.3
2008-01-13,2.8,-0.7,7.1,5211,0.0,0.57,2.3
2008-01-14,3.3,-0.6,6.9,3734,0.0,0.58,2.8
2008-01-15,6.8,4.1,8.8,3968,2.0,0.79,4.0
2008-01-16,7.5,4.1,10.1,1977,0.1,0.8,3.5
2008-01-17,6.2,3.3,9.0,3397,2.0,0.75,2.7
2008-01-18,6.9,4.7,9.3,2426,6.8,0.83,4.1
2008-01-19,9.5,5.8,12.5,2072,11.9,0.9,4.8
2008-01-20,8.8,5.3,11.7,2106,9.9,0.87,3.7
2008-01-21,9.4,7.2,11.2,2141,15.1,0.99,4.1
2008-01-22,2.9,-0.1,8.6,2329,0.0,0.6,3.8
2008-01-23,2.8,-0.3,6.3,4568,0.9,0.58,2.6
2008-01-24,6.9,4.5,8.7,2253,2.5,0.82,3.1
2008-01-25,5.3,2.6,7.8,6166,0.0,0.72,3.9
2008-01-26,7.8,5.5,9.5,2757,11.0,0.88,4.8
2008-01-27,6.8,4.1,8.3,2375,4.2,0.79,4.3
2008-01-28,6.4,2.6,8.8,2419,0.7,0.72,1.7
2008-01-29,5.9,3.1,7.7,2463,0.0,0.74,1.8
2008-01-30,3.9,2.1,5.0,2508,1.5,0.68,2.6
2008-01-31,2.5,0.4,4.2,4073,0.0,0.61,4.2
2008-02-01,5.4,3.3,7.6,3115,0.0,0.75,5.3
2008-02-02,2.8,-0.1,6.6,3861,0.2,0.59,3.8
2008-02-03,1.2,-0.8,5.4,6783,0.0,0.56,2.9
2008-02-04,3.4,-1.2,9.0,6471,0.0,0.56,2.8
2008-02-05,5.2,1.9,7.9,5075,0.5,0.68,3.6
2008-02-06,7.6,4.6,9.7,3100,4.5,0.82,4.5
2008-02-07,4.8,2.0,8.0,5668,0.2,0.68,2.9
2008-02-08,6.2,3.8,9.5,3649,0.1,0.79,1.8
2008-02-09,6.0,0.8,12.9,6476,0.0,0.66,1.6
2008-02-10,3.8,-1.7,12.9,7783,0.0,0.57,1.5
2008-02-11,4.5,-0.7,11.4,8028,0.1,0.6,1.4
2008-02-12,4.6,3.0,6.5,3199,0.0,0.73,1.5
2008-02-13,3.2,-0.5,6.8,5962,0.0,0.58,1.3
2008-02-14,2.2,-1.6,3.3,3321,0.1,0.53,1.6
2008-02-15,-1.6,-5.8,3.0,8177,0.0,0.4,2.5
2008-02-16,-2.9,-6.9,2.9,8845,0.0,0.37,1.8
2008-02-17,-0.4,-4.8,3.7,6208,0.0,0.43,2.4
2008-02-18,2.9,1.7,5.0,3577,0.3,0.66,2.7
2008-02-19,4.3,3.1,5.2,3643,0.5,0.73,1.9
2008-02-20,4.8,-0.8,10.0,7721,0.0,0.59,1.6
2008-02-21,6.2,3.0,9.0,5373,0.2,0.74,3.3
2008-02-22,9.7,7.8,10.8,3847,1.5,1.02,5.3
2008-02-23,8.2,5.3,10.6,7920,0.0,0.87,4.0
2008-02-24,8.4,3.6,12.7,8861,1.9,0.79,2.7
2008-02-25,6.5,2.4,9.8,8153,0.2,0.72,2.6
2008-02-26,9.6,3.5,13.2,4208,1.2,0.78,4.0
2008-02-27,7.0,3.5,9.4,4746,0.0,0.77,4.5
2008-02-28,5.9,2.7,9.9,8039,0.0,0.73,2.3
2008-02-29,6.0,0.1,11.0,6649,8.7,0.63,3.1
2008-03-01,6.5,2.1,9.1,4506,7.6,0.7,7.2
2008-03-02,7.2,5.1,10.7,6282,1.4,0.86,6.1
2008-03-03,5.9,1.5,9.4,6131,1.5,0.67,4.0
2008-03-04,2.6,0.0,8.2,5894,2.3,0.6,2.9
2008-03-05,1.2,-1.8,5.1,12326,0.0,0.52,3.1
2008-03-06,4.5,0.9,7.6,5316,0.3,0.64,3.4
2008-03-07,8.0,5.8,11.2,5059,0.1,0.9,2.0
2008-03-08,6.9,4.1,10.6,6171,0.0,0.8,2.0
2008-03-09,7.4,2.8,11.7,9387,0.0,0.74,2.9
2008-03-10,10.0,4.9,15.2,13276,0.0,0.87,3.8
2008-03-11,9.4,5.9,12.8,9718,1.5,0.91,4.7
2008-03-12,7.4,3.9,10.3,7162,3.8,0.79,6.1
2008-03-13,6.3,3.5,9.9,7981,1.7,0.77,5.5
2008-03-14,5.7,2.0,10.1,7359,1.1,0.7,3.6
2008-03-15,6.3,1.1,11.2,9842,0.0,0.67,1.7
2008-03-16,4.5,1.3,5.9,5613,3.7,0.65,2.8
2008-03-17,3.5,-0.1,8.0,9334,0.9,0.6,3.8
2008-03-18,1.5,-0.8,6.5,8318,1.5,0.56,3.5
2008-03-19,1.5,-1.5,6.5,10319,1.6,0.55,2.7
2008-03-20,1.8,-2.2,5.5,7569,3.6,0.51,3.5
2008-03-21,3.7,1.8,7.5,6604,6.2,0.68,4.0
2008-03-22,2.0,-0.5,4.4,6108,3.7,0.57,3.3
2008-03-23,-0.9,-5.4,2.8,10500,0.0,0.4,2.2
2008-03-24,0.2,-6.1,6.1,15254,0.0,0.4,2.5
2008-03-25,0.3,-2.3,4.1,8444,1.0,0.51,3.6
2008-03-26,1.5,-1.7,6.1,9444,1.2,0.53,3.0
2008-03-27,2.9,-3.6,8.5,14794,0.0,0.48,1.6
2008-03-28,6.1,-0.7,11.3,11684,3.0,0.6,2.8
2008-03-29,7.9,4.1,11.9,9654,0.1,0.81,3.8
2008-03-30,10.0,2.8,17.7,14287,0.0,0.79,3.3
2008-03-31,10.3,6.0,16.0,13901,0.0,0.94,2.1
2008-04-01,10.3,4.1,16.2,15907,2.3,0.84,2.3
2008-04-02,7.8,5.4,11.1,8381,9.7,0.88,3.4
2008-04-03,7.7,5.2,11.5,8894,6.7,0.86,2.5
2008-04-04,6.4,3.7,9.7,7179,0.0,0.78,1.8
2008-04-05,6.9,3.0,11.2,7260,7.6,0.75,2.3
2008-04-06,4.7,-0.4,8.9,8416,0.0,0.59,1.9
2008-04-07,4.0,-1.4,8.4,9692,1.9,0.55,2.4
2008-04-08,5.1,0.8,10.0,14896,0.0,0.65,1.8
2008-04-09,4.1,0.6,5.9,7580,7.1,0.62,1.7
2008-04-10,4.5,3.1,5.9,7659,0.5,0.74,1.7
2008-04-11,6.0,3.5,8.2,7738,6.0,0.76,2.2
2008-04-12,8.7,4.8,14.2,16589,0.0,0.86,2.5
2008-04-13,9.9,5.5,15.7,15705,3.0,0.91,2.0
2008-04-14,9.0,6.2,13.2,10101,5.8,0.94,2.2
2008-04-15,6.9,5.1,7.6,8047,9.2,0.85,2.2
2008-04-16,6.2,1.8,10.6,11517,0.0,0.69,2.0
2008-04-17,4.6,1.8,6.2,8197,8.3,0.67,2.2
2008-04-18,6.8,5.1,9.0,8843,0.0,0.85,2.9
2008-04-19,6.8,3.3,10.4,13160,0.0,0.76,3.0
2008-04-20,8.5,2.6,14.3,14173,0.0,0.76,2.4
2008-04-21,11.2,4.0,16.5,21893,0.0,0.83,3.6
2008-04-22,12.1,5.7,17.6,21668,0.0,0.94,3.4
2008-04-23,10.3,2.4,18.0,22952,0.0,0.78,1.8
2008-04-24,11.9,1.3,20.1,22022,3.8,0.76,1.7
2008-04-25,10.9,6.3,14.4,10297,0.2,0.95,2.4
2008-04-26,11.0,3.2,18.1,22251,0.0,0.81,1.4
2008-04-27,14.1,4.6,20.8,19176,0.0,0.91,2.0
2008-04-28,16.8,10.2,23.1,21998,5.2,1.28,2.4
2008-04-29,12.5,10.1,14.8,9041,3.1,1.2,2.0
2008-04-30,13.6,8.5,19.1,17800,0.8,1.11,2.5
2008-05-01,12.6,6.8,17.8,17411,0.2,1.0,2.2
2008-05-02,10.9,5.1,16.1,18814,0.1,0.89,1.6
2008-05-03,11.1,4.9,17.9,19742,0.1,0.89,1.5
2008-05-04,12.1,3.2,18.5,23322,0.0,0.81,1.9
2008-05-05,14.5,5.7,21.0,21485,0.0,0.97,2.0
2008-05-06,14.4,6.1,21.5,26170,0.0,1.0,2.0
2008-05-07,14.7,5.5,22.6,25902,0.0,0.98,1.6
2008-05-08,15.8,5.6,23.2,26481,0.0,0.99,1.6
2008-05-09,16.5,6.0,24.0,26817,0.0,1.02,2.1
2008-05-10,16.6,7.2,24.2,24221,0.0,1.09,2.4
2008-05-11,17.0,6.6,25.1,26749,0.0,1.08,2.2
2008-05-12,17.6,6.4,25.7,25975,0.0,1.07,1.9
2008-05-13,14.8,10.2,20.3,19674,0.0,1.25,2.4
2008-05-14,14.2,7.2,22.4,25027,0.0,1.08,1.7
2008-05-15,14.8,5.9,21.8,21776,0.0,0.99,1.6
2008-05-16,14.9,8.4,19.8,13950,1.3,1.13,1.7
2008-05-17,14.3,10.0,20.6,10791,5.1,1.24,2.0
2008-05-18,11.6,6.4,16.4,14919,0.0,0.96,1.9
2008-05-19,10.7,5.0,16.1,14598,0.0,0.88,2.0
2008-05-20,12.6,4.4,17.7,24071,0.0,0.87,2.4
2008-05-21,13.1,3.6,19.6,26116,0.0,0.84,2.1
2008-05-22,14.4,6.1,20.8,23937,0.0,0.99,1.7
2008-05-23,15.4,11.2,21.3,16027,0.0,1.33,1.8
2008-05-24,15.5,9.5,22.2,28029,0.0,1.22,2.3
2008-05-25,16.5,9.5,23.1,21100,0.0,1.22,2.4
2008-05-26,16.8,12.6,21.5,12285,0.0,1.45,2.3
2008-05-27,15.0,11.4,19.3,17691,0.0,1.33,2.9
2008-05-28,19.0,13.2,24.9,25229,0.0,1.54,3.1
2008-05-29,20.3,14.4,27.0,25271,0.0,1.67,2.6
2008-05-30,22.8,15.8,30.7,25937,0.0,1.86,2.4
2008-05-31,23.4,17.1,30.4,26728,0.0,2.01,2.1
2008-06-01,23.1,14.0,30.7,25636,0.0,1.71,1.8
2008-06-02,24.7,17.3,32.3,27928,0.0,2.04,2.1
2008-06-03,21.4,15.4,31.9,21185,4.4,1.85,2.3
2008-06-04,20.8,13.6,27.5,28871,0.0,1.62,2.3
2008-06-05,20.2,14.9,25.5,27895,0.0,1.71,2.5
2008-06-06,19.6,12.8,24.9,20383,0.0,1.5,2.3
2008-06-07,21.6,13.6,27.9,23170,0.0,1.62,2.0
2008-06-08,21.6,10.6,28.9,29226,0.0,1.39,1.8
2008-06-09,20.8,10.4,29.1,29498,0.0,1.38,1.7
2008-06-10,20.5,11.2,27.6,28511,0.0,1.41,2.3
2008-06-11,15.4,10.2,20.3,18462,0.0,1.25,3.0
2008-06-12,13.6,8.1,18.4,16839,8.1,1.09,2.3
2008-06-13,12.2,9.0,17.4,16472,3.8,1.14,2.6
2008-06-14,12.2,7.9,17.1,17739,1.0,1.06,2.1
2008-06-15,13.4,9.2,18.7,19257,0.0,1.16,2.0
2008-06-16,13.1,8.8,18.2,18634,1.3,1.13,1.8
2008-06-17,14.4,6.7,21.8,27953,0.0,1.04,1.4
2008-06-18,17.1,7.1,24.9,26444,0.0,1.1,1.7
2008-06-19,19.6,10.6,26.8,19396,6.9,1.37,2.7
2008-06-20,17.7,13.4,22.4,22793,0.4,1.53,2.5
2008-06-21,17.3,13.1,22.3,18636,0.0,1.49,1.8
2008-06-22,22.8,13.6,31.8,23665,10.5,1.69,2.4
2008-06-23,18.6,10.7,22.6,26929,0.0,1.31,3.3
2008-06-24,15.4,8.6,22.0,28680,0.0,1.15,1.8
2008-06-25,18.8,12.1,23.9,17728,2.3,1.44,2.1
2008-06-26,19.5,13.0,24.9,25636,0.0,1.53,2.2
2008-06-27,16.4,10.5,21.5,14311,0.1,1.28,3.0
2008-06-28,17.1,11.7,22.4,12664,2.6,1.39,2.8
2008-06-29,19.9,12.7,26.0,26841,0.0,1.52,2.1
2008-06-30,18.6,10.3,24.2,23932,0.0,1.3,2.3
2008-07-01,20.0,8.7,27.8,28803,0.0,1.24,1.5
2008-07-02,24.7,14.6,32.8,28902,0.0,1.79,2.2
2008-07-03,25.2,18.9,34.3,24486,8.7,2.28,2.2
2008-07-04,16.3,13.1,19.0,12431,17.9,1.46,2.8
2008-07-05,17.9,13.2,23.9,20797,0.0,1.52,1.6
2008-07-06,20.7,12.3,26.5,17263,1.3,1.49,1.8
2008-07-07,18.9,13.9,24.1,20235,0.0,1.58,2.9
2008-07-08,16.9,13.7,23.4,16953,0.4,1.56,3.7
2008-07-09,16.0,12.1,22.3,17795,2.5,1.42,3.1
2008-07-10,16.5,11.3,20.0,10524,3.4,1.32,2.2
2008-07-11,19.8,16.0,27.1,16352,10.8,1.84,2.3
2008-07-12,18.8,12.2,24.3,17934,0.0,1.45,2.6
2008-07-13,15.5,11.5,18.6,11798,1.7,1.33,1.7
2008-07-14,16.1,10.0,21.0,17728,0.0,1.24,2.3
2008-07-15,19.0,14.3,23.6,14333,0.0,1.61,2.6
2008-07-16,17.1,12.7,21.9,13795,6.7,1.45,2.6
2008-07-17,15.7,10.7,20.3,14620,0.0,1.28,1.9
2008-07-18,16.4,14.1,20.5,10864,2.6,1.57,2.2
2008-07-19,17.0,13.4,22.8,16012,5.2,1.53,2.8
2008-07-20,15.4,12.1,19.4,15222,0.5,1.39,3.0
2008-07-21,13.3,10.3,17.7,11475,0.4,1.23,3.5
2008-07-22,15.7,11.0,21.2,12905,0.0,1.32,2.5
2008-07-23,17.1,12.1,23.5,20964,0.0,1.42,1.6
2008-07-24,19.9,10.8,26.7,24948,0.0,1.37,2.3
2008-07-25,23.8,17.4,31.1,26223,0.0,2.05,2.3
2008-07-26,24.0,18.4,32.3,23089,3.4,2.19,2.1
2008-07-27,25.0,18.2,32.1,27530,0.0,2.16,1.9
2008-07-28,25.5,15.9,32.5,27568,0.0,1.91,2.1
2008-07-29,25.7,18.1,32.5,25171,0.0,2.16,2.1
2008-07-30,21.6,14.9,27.5,16593,0.0,1.74,1.6
2008-07-31,23.8,14.3,31.6,26936,0.0,1.76,2.1
2008-08-01,24.5,17.2,34.3,19957,5.5,2.1,2.3
2008-08-02,19.9,16.8,24.2,11801,0.0,1.87,2.0
2008-08-03,21.3,18.1,25.2,18472,1.1,2.03,2.8
2008-08-04,19.2,14.8,23.0,15992,2.5,1.66,4.1
2008-08-05,18.3,12.4,23.6,19744,0.0,1.46,3.1
2008-08-06,19.0,9.6,26.4,15957,0.0,1.28,1.5
2008-08-07,25.4,16.2,33.6,24089,0.4,1.97,2.4
2008-08-08,19.7,15.3,25.1,15796,3.6,1.75,3.1
2008-08-09,16.2,11.8,21.5,18316,0.0,1.38,2.8
2008-08-10,17.0,12.3,19.8,9139,2.1,1.4,2.8
2008-08-11,19.9,14.7,25.7,16366,0.3,1.69,2.2
2008-08-12,20.2,16.0,23.7,9710,1.9,1.78,2.6
2008-08-13,21.0,16.8,25.3,20393,0.0,1.9,4.0
2008-08-14,18.8,10.3,24.7,20635,0.0,1.31,2.7
2008-08-15,13.7,9.4,17.2,8686,7.1,1.16,1.6
2008-08-16,16.0,9.3,22.7,18794,0.0,1.22,1.6
2008-08-17,16.7,10.6,24.3,21451,0.0,1.32,1.6
2008-08-18,17.6,10.6,22.7,9852,1.3,1.31,2.2
2008-08-19,20.6,13.9,27.1,14349,0.0,1.63,2.7
2008-08-20,18.7,15.1,23.2,14366,1.0,1.69,3.3
2008-08-21,19.5,14.5,25.2,16990,0.0,1.65,2.4
2008-08-22,18.1,12.5,23.4,9313,13.0,1.47,1.8
2008-08-23,15.2,11.2,19.1,14293,15.5,1.31,3.1
2008-08-24,15.0,11.7,19.5,9042,0.5,1.35,2.4
2008-08-25,15.7,10.9,20.3,9519,1.8,1.31,1.7
2008-08-26,17.7,13.1,21.7,14426,0.0,1.5,2.0
2008-08-27,19.1,15.2,23.6,14428,0.0,1.72,2.2
2008-08-28,17.8,15.8,20.8,8058,0.9,1.74,2.3
2008-08-29,18.2,14.5,22.4,9618,0.1,1.64,2.4
2008-08-30,16.8,12.2,23.3,19529,0.0,1.43,1.5
2008-08-31,18.2,9.4,26.1,20792,0.0,1.25,2.2
2008-09-01,17.3,12.0,23.7,13329,3.6,1.43,2.3
2008-09-02,18.2,10.5,23.7,16317,0.0,1.3,2.4
2008-09-03,16.9,10.6,21.9,10446,5.2,1.29,3.0
2008-09-04,14.1,8.9,19.7,14258,0.0,1.15,2.6
2008-09-05,16.6,11.1,21.5,12559,0.5,1.32,2.2
2008-09-06,18.6,16.4,22.2,7015,16.1,1.82,2.5
2008-09-07,17.5,15.0,21.5,8698,0.0,1.67,2.4
2008-09-08,16.5,11.9,21.0,12009,0.2,1.38,2.4
2008-09-09,17.3,10.5,23.3,17938,0.1,1.3,1.7
2008-09-10,18.3,12.1,24.8,11982,0.0,1.45,1.7
2008-09-11,18.0,12.8,23.7,12775,0.0,1.5,1.8
2008-09-12,14.7,10.0,19.8,11948,0.0,1.22,3.2
2008-09-13,11.8,6.3,16.8,14519,0.0,0.96,3.2
2008-09-14,11.0,8.0,13.6,6462,0.0,1.04,2.6
2008-09-15,11.9,8.4,16.3,8737,0.0,1.09,2.3
2008-09-16,9.9,5.6,13.0,10392,0.0,0.89,1.8
2008-09-17,10.3,7.3,14.9,9408,0.0,1.01,1.5
2008-09-18,10.8,6.6,15.5,6996,0.0,0.97,1.5
2008-09-19,9.8,2.8,15.8,9479,0.0,0.78,1.4
2008-09-20,12.0,8.4,16.6,7857,0.0,1.09,1.7
2008-09-21,12.3,9.7,17.4,9728,5.1,1.18,1.8
2008-09-22,11.4,9.3,15.4,7011,7.2,1.14,1.9
2008-09-23,11.9,11.5,12.6,5628,6.4,1.31,2.0
2008-09-24,12.8,7.6,18.0,10118,0.0,1.06,2.1
2008-09-25,11.0,6.2,17.2,11901,0.0,0.96,2.4
2008-09-26,9.8,4.7,17.0,10237,0.0,0.88,1.8
2008-09-27,10.0,4.5,16.8,10381,0.0,0.87,1.7
2008-09-28,11.8,6.3,18.3,12990,0.2,0.98,1.7
2008-09-29,11.7,9.2,15.4,7507,2.9,1.14,2.0
2008-09-30,10.4,7.9,11.7,5327,13.5,1.03,3.8
2008-10-01,11.5,8.3,15.3,5074,13.7,1.08,5.1
2008-10-02,10.6,6.9,14.4,11538,0.0,0.98,4.2
2008-10-03,8.8,4.1,13.9,10639,0.0,0.82,2.8
2008-10-04,6.9,3.0,12.2,7088,0.0,0.75,3.1
2008-10-05,9.1,5.4,11.6,4678,4.0,0.87,4.1
2008-10-06,11.2,9.3,13.8,4602,0.1,1.14,1.8
2008-10-07,12.5,9.8,16.9,5173,0.0,1.19,1.7
2008-10-08,11.3,7.3,16.8,5572,0.0,1.03,1.8
2008-10-09,11.5,5.7,14.8,4852,0.2,0.91,1.6
2008-10-10,10.7,3.6,16.7,11981,0.0,0.82,1.7
2008-10-11,13.1,8.3,18.8,12679,0.0,1.11,2.1
2008-10-12,11.3,6.6,16.0,5461,0.0,0.98,1.8
2008-10-13,13.5,5.1,21.0,9699,0.2,0.94,1.9
2008-10-14,14.6,10.5,17.6,5216,0.0,1.25,2.0
2008-10-15,12.8,9.3,16.6,4539,2.2,1.15,2.4
2008-10-16,10.9,6.3,14.2,5783,3.4,0.94,3.3
2008-10-17,8.5,5.0,11.8,6201,0.0,0.86,3.2
2008-10-18,8.4,4.6,13.4,7899,0.0,0.85,2.2
2008-10-19,10.5,7.4,14.0,6650,0.0,1.01,2.5
2008-10-20,11.8,6.2,16.5,11104,0.0,0.96,2.9
2008-10-21,13.5,9.4,20.6,7420,1.4,1.19,3.1
2008-10-22,9.2,6.8,10.9,3477,0.0,0.95,2.1
2008-10-23,7.7,3.4,13.0,10111,0.0,0.79,2.3
2008-10-24,7.5,0.6,12.8,9502,0.0,0.66,2.3
2008-10-25,9.4,6.7,12.3,3290,0.0,0.95,1.9
2008-10-26,11.1,6.4,14.4,4143,6.0,0.95,3.3
2008-10-27,9.8,4.7,13.0,3170,1.9,0.85,2.5
2008-10-28,6.2,3.0,9.8,4895,0.0,0.74,1.8
2008-10-29,4.9,3.3,7.4,3368,11.0,0.75,1.5
2008-10-30,3.6,2.2,5.1,2997,13.0,0.69,2.1
2008-10-31,4.9,1.7,8.0,4601,0.0,0.68,1.7
2008-11-01,5.8,3.0,9.3,5558,0.0,0.74,2.1
2008-11-02,5.0,1.7,6.5,2833,0.1,0.67,1.9
2008-11-03,7.5,5.6,8.3,2781,0.0,0.87,2.2
2008-11-04,8.9,7.9,9.6,2730,0.0,1.03,1.5
2008-11-05,9.6,8.5,10.4,2679,1.0,1.07,2.5
2008-11-06,10.8,9.8,11.8,2630,3.1,1.17,1.7
2008-11-07,10.9,9.6,11.4,2582,0.7,1.14,1.7
2008-11-08,8.4,4.1,11.4,3093,0.0,0.8,1.7
2008-11-09,9.2,5.5,12.4,2986,0.7,0.89,3.5
2008-11-10,13.4,9.1,15.4,2499,0.0,1.13,4.5
2008-11-11,12.2,8.0,15.3,2509,0.1,1.05,4.2
2008-11-12,7.7,4.9,11.2,4753,0.0,0.85,2.9
2008-11-13,6.0,1.5,10.2,4947,0.0,0.67,1.8
2008-11-14,6.3,2.0,9.2,2277,0.0,0.69,2.9
2008-11-15,9.9,8.2,11.1,2238,0.0,1.05,3.3
2008-11-16,8.6,5.0,10.7,3827,0.0,0.85,3.6
2008-11-17,3.6,0.3,7.1,5582,0.0,0.61,2.0
2008-11-18,4.2,1.1,6.9,2376,2.6,0.65,3.2
2008-11-19,7.3,5.1,9.9,2093,2.8,0.85,4.2
2008-11-20,7.9,3.7,9.6,2060,4.2,0.78,5.7
2008-11-21,1.5,-0.7,4.8,2028,8.0,0.56,4.6
2008-11-22,0.0,-2.0,1.6,2664,0.5,0.51,4.3
2008-11-23,0.8,-0.8,2.1,2911,0.4,0.55,3.6
2008-11-24,-0.7,-2.7,0.9,2686,0.2,0.48,2.3
2008-11-25,0.5,-1.6,2.7,2188,0.0,0.53,2.2
2008-11-26,2.9,-1.4,5.8,2067,0.2,0.55,2.7
2008-11-27,5.7,3.8,8.0,2586,0.0,0.78,3.1
2008-11-28,2.9,-0.9,5.8,2871,0.2,0.56,2.3
2008-11-29,0.9,-1.0,3.0,1856,0.0,0.55,1.8
2008-11-30,0.0,-2.5,2.5,2055,0.0,0.5,1.9
2008-12-01,1.2,-2.2,3.4,1768,11.1,0.51,2.1
2008-12-02,3.8,2.5,6.2,2010,0.0,0.71,3.3
2008-12-03,1.2,0.2,2.9,1730,3.8,0.6,2.9
2008-12-04,1.5,-0.9,5.1,1712,1.3,0.56,2.9
2008-12-05,4.5,2.2,6.7,2081,0.0,0.7,2.5
2008-12-06,3.4,0.8,5.1,1680,2.5,0.63,2.1
2008-12-07,4.1,2.2,4.9,1751,0.9,0.69,2.2
2008-12-08,3.5,0.3,5.0,1737,0.0,0.61,2.5
2008-12-09,0.8,-1.9,3.8,2982,0.0,0.52,2.1
2008-12-10,1.6,0.7,2.5,1630,0.5,0.62,1.5
2008-12-11,1.1,-0.2,2.0,1621,5.9,0.58,1.3
2008-12-12,0.3,-0.6,1.0,1612,0.1,0.56,1.6
2008-12-13,1.4,-0.3,3.1,1605,0.0,0.58,2.6
2008-12-14,3.5,2.1,5.3,1639,0.0,0.69,2.9
2008-12-15,2.9,2.3,3.6,1593,0.0,0.7,2.1
2008-12-16,2.6,2.2,3.2,1589,0.0,0.69,1.3
2008-12-17,2.6,1.1,3.5,1585,0.0,0.64,1.7
2008-12-18,1.5,-0.7,3.1,1583,0.8,0.56,2.1
2008-12-19,3.2,-0.9,6.6,1664,2.8,0.56,3.0
2008-12-20,5.1,2.0,8.0,1583,0.7,0.68,4.6
2008-12-21,5.4,2.7,8.7,1952,0.8,0.73,3.6
2008-12-22,7.9,5.8,9.1,2078,0.1,0.89,4.4
2008-12-23,4.8,0.7,6.2,1959,0.2,0.63,2.3
2008-12-24,5.7,5.0,6.6,1594,3.5,0.84,2.5
2008-12-25,1.1,-2.4,5.4,2919,0.0,0.51,2.8
2008-12-26,-1.9,-5.2,-0.1,3425,0.0,0.4,3.1
2008-12-27,-1.2,-4.3,1.4,1697,0.0,0.43,2.4
2008-12-28,-4.1,-5.5,-1.9,3746,0.0,0.39,2.5
2008-12-29,-4.4,-6.4,-2.8,2177,0.0,0.36,2.3
2008-12-30,-4.9,-8.2,-0.4,4247,0.0,0.33,1.7
2008-12-31,-6.6,-10.1,-1.8,4315,0.0,0.28,1.3
2009-01-01,-2.8,-6.8,-1.3,1657,0.0,0.36,1.6
2009-01-02,-4.0,-12.4,-0.3,2179,1.9,0.25,1.5
2009-01-03,-5.5,-11.6,0.6,2325,2.7,0.26,2.6
2009-01-04,0.4,0.0,1.2,1701,5.9,0.59,2.6
2009-01-05,-5.7,-15.7,0.1,4137,0.0,0.2,2.5
2009-01-06,-14.5,-18.5,-7.4,4781,0.1,0.15,2.1
2009-01-07,-9.5,-17.9,-3.3,2675,0.1,0.16,2.3
2009-01-08,-9.4,-12.6,-6.5,1819,0.0,0.23,2.1
2009-01-09,-6.1,-10.9,-1.7,1840,0.0,0.27,1.8
2009-01-10,-1.7,-9.4,1.2,1818,0.0,0.3,1.5
2009-01-11,-6.2,-12.5,-0.1,5101,0.0,0.24,2.3
2009-01-12,-1.9,-5.6,0.9,5155,0.0,0.4,3.0
2009-01-13,1.2,-2.0,3.8,1984,0.0,0.51,2.7
2009-01-14,-2.0,-7.1,0.9,2199,0.5,0.35,1.4
2009-01-15,1.3,0.3,2.3,1947,0.1,0.6,1.3
2009-01-16,-0.3,-1.6,1.3,1977,0.0,0.52,2.2
2009-01-17,0.0,-2.4,3.0,2774,0.1,0.5,2.4
2009-01-18,3.6,1.2,7.5,3686,2.0,0.66,3.6
2009-01-19,2.8,0.5,4.9,4079,2.2,0.61,3.7
2009-01-20,2.9,-3.4,6.1,2106,0.0,0.47,2.5
2009-01-21,-1.7,-4.2,0.5,2141,0.0,0.43,1.3
2009-01-22,0.5,-3.1,4.1,5971,0.0,0.48,2.8
2009-01-23,0.9,-1.8,4.2,3289,8.2,0.52,4.4
2009-01-24,2.9,1.8,4.6,3029,0.0,0.67,2.7
2009-01-25,2.0,-1.4,6.3,5905,0.0,0.54,1.8
2009-01-26,0.0,-1.6,0.7,2333,0.0,0.52,1.8
2009-01-27,-0.3,-1.3,0.4,2375,0.0,0.53,1.4
2009-01-28,-2.8,-4.1,-1.2,2419,0.0,0.43,1.6
2009-01-29,-3.2,-4.0,-2.5,2463,0.0,0.43,2.2
2009-01-30,-1.5,-2.6,-0.1,2508,0.0,0.48,2.4
2009-01-31,0.0,-2.3,1.8,2780,0.4,0.5,2.9
2009-02-01,-1.8,-4.2,-0.1,2603,0.1,0.43,3.9
2009-02-02,0.9,-0.3,2.4,2651,0.0,0.58,4.2
2009-02-03,1.6,0.0,2.9,2701,0.0,0.59,2.2
2009-02-04,0.2,-0.4,0.9,2752,0.5,0.57,1.2
2009-02-05,2.4,-1.8,6.3,4777,0.0,0.53,2.0
2009-02-06,2.6,-0.3,7.1,3826,0.0,0.59,1.8
2009-02-07,1.1,-0.2,2.0,2912,0.0,0.58,1.5
2009-02-08,1.8,-1.0,3.7,3897,0.0,0.55,2.8
2009-02-09,0.9,-1.4,5.2,5095,0.8,0.54,2.5
2009-02-10,2.7,-0.4,6.6,3081,7.5,0.58,4.8
2009-02-11,0.5,-2.2,1.4,3204,0.0,0.5,4.0
2009-02-12,-1.4,-2.9,0.3,3785,0.0,0.47,2.7
2009-02-13,-2.4,-5.2,0.8,6687,0.0,0.4,2.1
2009-02-14,-2.6,-6.0,1.5,4789,0.0,0.39,2.3
2009-02-15,-1.5,-5.3,1.3,3789,5.2,0.41,2.4
2009-02-16,0.6,-0.8,2.0,3447,4.1,0.55,2.3
2009-02-17,-1.9,-4.6,0.3,9250,0.0,0.42,3.0
2009-02-18,-4.4,-9.1,-1.8,4347,0.0,0.3,1.6
2009-02-19,-1.3,-5.9,1.9,3714,1.5,0.39,2.1
2009-02-20,1.4,-0.3,3.3,3711,1.2,0.58,2.2
2009-02-21,0.3,-0.3,1.6,3779,4.0,0.57,1.7
2009-02-22,3.3,0.3,5.7,3847,3.6,0.61,3.4
2009-02-23,3.4,0.5,5.3,3917,0.2,0.62,3.8
2009-02-24,1.5,0.2,3.1,3988,0.0,0.59,2.0
2009-02-25,3.5,0.4,5.7,4059,2.6,0.61,2.7
2009-02-26,5.7,4.2,7.6,4668,3.7,0.79,4.1
2009-02-27,5.3,2.7,8.0,4901,0.0,0.73,3.5
2009-02-28,4.6,2.7,6.4,4277,0.6,0.72,1.6
2009-03-01,6.9,4.0,10.7,6094,0.0,0.8,1.8
2009-03-02,6.9,3.6,10.4,4426,0.6,0.78,2.1
2009-03-03,5.5,1.3,9.7,7253,0.0,0.67,2.0
2009-03-04,4.6,0.7,9.4,5968,0.0,0.64,3.2
2009-03-05,6.4,1.8,10.4,4655,5.1,0.69,2.6
2009-03-06,4.7,3.5,7.6,4732,4.8,0.76,2.9
2009-03-07,3.7,1.1,4.7,4810,0.0,0.64,2.7
2009-03-08,4.6,0.5,7.7,4889,1.1,0.62,3.2
2009-03-09,4.7,2.0,7.5,9523,2.2,0.69,4.0
2009-03-10,5.3,3.3,8.1,5307,0.5,0.75,3.5
2009-03-11,4.7,2.1,7.5,6178,0.7,0.69,3.1
2009-03-12,4.1,1.0,7.2,5738,6.9,0.64,2.9
2009-03-13,7.1,3.1,10.1,5466,0.2,0.75,2.7
2009-03-14,7.4,0.7,12.3,9062,3.6,0.65,2.0
2009-03-15,7.5,6.4,8.7,5450,1.7,0.93,3.0
2009-03-16,6.8,5.5,8.4,5531,0.0,0.87,1.6
2009-03-17,7.9,3.2,12.2,11071,0.0,0.77,3.1
2009-03-18,5.3,0.2,10.4,13719,0.0,0.62,2.6
2009-03-19,5.0,0.9,9.2,11611,0.0,0.64,2.5
2009-03-20,2.1,-3.5,6.4,15822,0.0,0.47,1.9
2009-03-21,3.0,-3.4,8.9,11203,0.0,0.49,2.0
2009-03-22,6.7,4.0,10.9,7568,0.3,0.79,4.1
2009-03-23,6.2,2.6,8.4,6108,3.8,0.72,5.6
2009-03-24,2.0,-2.7,6.3,9717,0.3,0.5,4.1
2009-03-25,1.4,-3.3,4.8,8839,0.3,0.48,3.2
2009-03-26,5.2,1.5,8.3,6655,1.8,0.67,3.4
2009-03-27,6.7,4.2,10.2,8543,0.6,0.81,3.7
2009-03-28,6.1,2.4,10.3,7733,4.6,0.72,3.0
2009-03-29,6.4,3.9,8.9,9348,0.0,0.79,2.0
2009-03-30,6.3,-0.2,11.7,12006,0.0,0.62,1.8
2009-03-31,6.3,-1.0,14.3,18200,0.0,0.6,2.0
2009-04-01,8.1,-0.9,15.9,18980,0.0,0.63,2.5
2009-04-02,10.7,4.6,17.1,19350,0.0,0.87,3.1
2009-04-03,12.3,2.8,22.5,19406,0.0,0.85,1.9
2009-04-04,13.6,4.8,21.1,17346,0.0,0.92,2.0
2009-04-05,10.4,3.4,15.1,11643,0.0,0.8,1.7
2009-04-06,11.2,2.5,18.6,17097,0.0,0.79,1.8
2009-04-07,15.0,6.2,23.3,17988,0.0,1.03,2.1
2009-04-08,13.1,9.2,17.4,10125,0.4,1.15,2.4
2009-04-09,13.1,7.8,18.5,17398,0.0,1.07,1.7
2009-04-10,14.9,6.2,22.2,20921,0.0,1.01,2.4
2009-04-11,15.6,10.0,22.1,21070,0.0,1.24,2.3
2009-04-12,13.8,7.4,20.7,21660,0.0,1.06,2.0
2009-04-13,13.3,3.9,21.7,21919,0.0,0.88,1.7
2009-04-14,13.8,3.4,22.3,21061,0.0,0.87,1.5
2009-04-15,15.0,4.2,23.3,20752,0.0,0.92,2.3
2009-04-16,15.6,11.2,21.1,22127,0.0,1.32,3.2
2009-04-17,12.9,9.0,19.2,13667,0.5,1.15,3.3
2009-04-18,10.2,7.3,12.6,8197,0.0,0.99,2.5
2009-04-19,9.4,2.0,16.3,23225,0.0,0.74,2.5
2009-04-20,10.4,0.4,18.5,23475,0.0,0.7,2.1
2009-04-21,11.2,0.9,19.6,23610,0.0,0.73,1.8
2009-04-22,7.7,2.1,12.5,13921,0.2,0.71,2.5
2009-04-23,8.2,2.0,15.1,13898,0.1,0.74,2.0
2009-04-24,11.5,0.3,21.1,23999,0.0,0.72,2.5
2009-04-25,15.8,7.7,23.4,24008,0.0,1.12,2.6
2009-04-26,16.7,9.4,22.9,21082,0.0,1.21,2.1
2009-04-27,17.8,12.8,23.8,20604,0.0,1.48,2.5
2009-04-28,18.0,10.4,24.9,17642,0.0,1.32,2.6
2009-04-29,14.7,8.1,20.9,13711,0.0,1.12,1.8
2009-04-30,14.3,5.2,25.6,18541,0.0,1.0,1.8
2009-05-01,14.3,4.7,23.0,25065,0.0,0.93,1.9
2009-05-02,12.4,0.2,23.3,25414,0.0,0.75,1.7
2009-05-03,13.4,4.0,23.3,15581,1.2,0.92,1.9
2009-05-04,9.3,3.2,13.8,14699,0.3,0.77,2.8
2009-05-05,9.2,3.5,12.4,9356,6.7,0.78,3.1
2009-05-06,11.1,5.7,16.0,14606,2.0,0.92,4.2
2009-05-07,13.4,4.7,19.8,20242,0.0,0.9,2.4
2009-05-08,15.3,7.2,21.6,17536,4.6,1.06,2.8
2009-05-09,13.3,6.0,19.1,22957,16.7,0.96,2.1
2009-05-10,14.6,9.8,20.1,20240,0.0,1.21,1.8
2009-05-11,12.1,8.9,14.1,9700,8.1,1.11,2.2
2009-05-12,11.5,3.0,17.4,26871,0.0,0.8,2.8
2009-05-13,12.8,6.1,18.6,26833,0.0,0.97,2.5
2009-05-14,13.0,7.7,18.6,22497,0.0,1.07,2.9
2009-05-15,14.3,8.3,20.5,11997,2.2,1.12,3.0
2009-05-16,13.2,7.7,18.5,17220,0.0,1.07,2.3
2009-05-17,16.8,6.3,25.1,22952,5.3,1.06,2.3
2009-05-18,16.6,12.1,21.4,20301,1.8,1.41,2.0
2009-05-19,16.4,8.1,23.7,22463,0.4,1.14,1.5
2009-05-20,17.3,10.0,23.0,24382,0.0,1.27,1.6
2009-05-21,16.0,10.7,20.7,13903,6.7,1.29,2.0
2009-05-22,13.6,9.0,19.5,15439,0.2,1.16,2.5
2009-05-23,13.8,8.0,20.5,26671,0.0,1.1,2.1
2009-05-24,17.9,8.5,25.2,25608,0.0,1.19,2.0
2009-05-25,17.3,8.6,25.3,27779,0.0,1.19,1.6
2009-05-26,20.3,13.1,27.7,17734,3.0,1.57,3.2
2009-05-27,14.3,11.1,18.4,19024,0.0,1.31,3.5
2009-05-28,13.4,8.6,18.3,19564,1.7,1.11,3.7
2009-05-29,13.1,7.5,18.5,24354,0.0,1.04,3.1
2009-05-30,13.4,6.2,20.8,11261,8.1,1.0,2.9
2009-05-31,16.7,12.5,24.1,18552,0.5,1.47,2.4
2009-06-01,17.5,11.4,24.0,21216,1.4,1.39,2.2
2009-06-02,18.5,9.8,26.0,26012,0.0,1.28,2.9
2009-06-03,12.0,8.7,16.7,13254,2.9,1.1,3.9
2009-06-04,9.2,4.8,14.2,17672,1.8,0.86,3.1
2009-06-05,9.7,3.7,15.3,19957,0.0,0.81,2.2
2009-06-06,10.4,1.6,16.3,16843,11.8,0.72,2.4
2009-06-07,11.8,10.4,14.9,12468,2.5,1.23,2.4
2009-06-08,14.5,7.4,19.7,21159,0.3,1.05,2.3
2009-06-09,15.8,12.2,19.7,15648,2.8,1.39,2.3
2009-06-10,17.0,12.3,21.8,19815,2.1,1.44,2.8
2009-06-11,13.7,8.4,19.2,11781,2.9,1.11,4.0
2009-06-12,11.8,7.5,16.1,18839,2.0,1.03,4.2
2009-06-13,13.9,8.0,19.5,28038,0.0,1.09,2.9
2009-06-14,15.9,7.0,22.7,22890,0.1,1.07,1.9
2009-06-15,16.5,13.0,21.3,16355,12.2,1.49,2.0
2009-06-16,14.5,10.0,19.2,21523,0.0,1.23,2.5
2009-06-17,14.6,7.1,21.1,26438,0.0,1.05,1.7
2009-06-18,18.0,14.0,23.3,16875,0.3,1.58,2.6
2009-06-19,14.9,9.5,20.7,15241,0.1,1.2,2.7
2009-06-20,13.7,8.5,20.3,20654,2.6,1.13,2.3
2009-06-21,13.8,9.7,18.5,16374,1.5,1.2,1.8
2009-06-22,15.1,10.4,22.2,17252,0.8,1.28,2.3
2009-06-23,17.1,11.1,22.6,22407,0.0,1.34,3.1
2009-06-24,18.9,11.9,25.2,24916,0.0,1.43,3.0
2009-06-25,15.5,13.2,17.8,10820,9.4,1.48,2.4
2009-06-26,19.3,17.3,21.2,11441,0.1,1.91,2.5
2009-06-27,18.7,15.7,21.5,11557,0.3,1.74,2.3
2009-06-28,17.4,13.8,23.0,15693,0.0,1.58,1.8
2009-06-29,19.5,11.8,26.1,20579,0.0,1.45,1.4
2009-06-30,22.1,15.7,28.0,20562,0.0,1.81,1.4
2009-07-01,21.4,15.7,26.8,17404,0.3,1.8,1.5
2009-07-02,22.5,16.2,30.2,25541,0.0,1.9,1.6
2009-07-03,23.3,15.1,30.8,23885,0.6,1.82,1.6
2009-07-04,22.3,17.2,28.1,19723,0.0,1.99,2.1
2009-07-05,20.0,14.4,25.2,21702,0.0,1.65,1.7
2009-07-06,19.7,12.2,26.4,19670,0.0,1.48,1.9
2009-07-07,19.5,14.5,25.1,21517,0.0,1.67,2.6
2009-07-08,16.5,13.4,21.6,18859,2.1,1.52,3.4
2009-07-09,15.8,13.1,21.1,14204,0.1,1.48,3.3
2009-07-10,14.2,10.9,18.5,16296,4.0,1.29,3.6
2009-07-11,14.3,9.5,19.6,17136,0.0,1.2,2.7
2009-07-12,17.0,9.4,24.0,18721,4.1,1.23,2.0
2009-07-13,19.6,13.5,25.1,18557,0.0,1.56,1.9
2009-07-14,21.5,12.7,28.4,17894,0.0,1.55,1.7
2009-07-15,23.7,17.7,29.5,21333,2.7,2.06,2.1
2009-07-16,22.0,14.9,28.7,22030,0.0,1.75,1.6
2009-07-17,22.4,14.3,31.8,19500,14.8,1.74,2.4
2009-07-18,17.9,14.4,20.7,10285,0.2,1.61,3.1
2009-07-19,17.0,13.3,22.4,15689,4.1,1.53,2.9
2009-07-20,16.0,12.7,22.4,17001,3.5,1.46,3.1
2009-07-21,19.9,12.5,26.6,20158,2.1,1.5,2.0
2009-07-22,22.1,17.5,26.7,15418,0.0,1.98,2.3
2009-07-23,23.4,16.0,29.3,18319,0.1,1.86,2.5
2009-07-24,17.9,12.6,23.7,16418,16.5,1.47,2.7
2009-07-25,15.7,11.9,19.6,16484,3.4,1.38,3.3
2009-07-26,16.8,11.3,22.5,19120,0.0,1.36,2.0
2009-07-27,22.2,15.4,28.3,25657,0.0,1.79,2.3
2009-07-28,18.9,13.0,23.4,20452,0.0,1.51,2.2
2009-07-29,20.7,10.7,27.8,23914,0.0,1.38,1.9
2009-07-30,20.4,15.7,25.5,20673,0.0,1.79,3.4
2009-07-31,16.5,9.3,23.1,25571,0.0,1.22,1.9
2009-08-01,19.7,8.5,27.8,20883,0.0,1.24,1.8
2009-08-02,23.0,14.7,31.8,20319,3.3,1.78,2.2
2009-08-03,17.6,13.3,22.0,11319,0.3,1.52,1.8
2009-08-04,18.0,11.8,24.7,24364,0.0,1.42,1.5
2009-08-05,19.6,11.2,26.3,24988,0.0,1.4,1.6
2009-08-06,21.2,13.2,27.0,25009,0.0,1.58,2.0
2009-08-07,22.9,16.4,29.4,20492,0.0,1.91,2.1
2009-08-08,23.1,16.1,29.1,23375,0.0,1.87,1.8
2009-08-09,22.3,13.8,29.0,23866,0.0,1.65,1.5
2009-08-10,22.2,15.5,29.1,17251,3.9,1.82,1.6
2009-08-11,18.6,16.0,22.2,10083,0.5,1.78,2.4
2009-08-12,18.4,15.5,22.3,15072,1.3,1.74,2.7
2009-08-13,17.9,13.6,22.3,17566,0.0,1.55,2.5
2009-08-14,15.5,10.2,21.6,20393,0.0,1.26,1.7
2009-08-15,20.8,11.0,28.2,22848,0.0,1.41,2.1
2009-08-16,23.7,16.9,31.3,22382,0.0,2.01,2.3
2009-08-17,21.1,13.7,28.0,20529,0.0,1.63,2.4
2009-08-18,17.9,10.9,24.7,18110,0.0,1.35,2.1
2009-08-19,20.4,8.9,29.4,22479,0.0,1.28,1.7
2009-08-20,25.5,16.0,34.3,22925,0.0,1.95,2.5
2009-08-21,19.4,14.6,23.7,9014,12.4,1.65,2.0
2009-08-22,16.6,10.5,23.2,18805,0.0,1.3,1.7
2009-08-23,17.7,7.8,25.9,20493,0.0,1.17,2.0
2009-08-24,19.9,12.9,26.5,22277,0.0,1.53,2.5
2009-08-25,21.7,14.0,30.8,17213,0.0,1.69,1.8
2009-08-26,20.3,13.6,25.9,17875,0.0,1.59,1.7
2009-08-27,21.6,12.0,29.8,17642,0.0,1.51,1.9
2009-08-28,22.1,16.4,29.5,12662,0.0,1.92,3.0
2009-08-29,15.7,10.8,20.4,14537,2.0,1.29,3.0
2009-08-30,14.7,9.3,21.3,17593,0.0,1.2,2.4
2009-08-31,18.2,9.6,26.7,18659,0.0,1.29,2.0
2009-09-01,23.5,14.8,33.4,19927,8.0,1.84,2.6
2009-09-02,19.0,15.2,23.5,16877,0.7,1.71,2.2
2009-09-03,17.3,14.6,21.3,11292,3.0,1.64,3.8
2009-09-04,16.4,12.2,20.8,13741,3.0,1.42,4.0
2009-09-05,13.9,11.0,18.1,9290,2.6,1.29,4.1
2009-09-06,14.0,11.4,17.5,8987,0.0,1.32,2.5
2009-09-07,15.8,8.8,22.7,13803,0.1,1.19,1.7
2009-09-08,18.8,8.4,27.4,19179,0.0,1.21,1.7
2009-09-09,18.9,10.9,28.6,18814,0.0,1.41,1.9
2009-09-10,16.0,11.4,19.9,7899,0.0,1.34,2.4
2009-09-11,15.5,9.7,22.3,14730,0.0,1.23,2.4
2009-09-12,14.6,8.3,21.2,14190,0.0,1.12,2.2
2009-09-13,12.3,10.0,17.4,9137,7.5,1.21,2.7
2009-09-14,14.9,11.8,19.3,8837,0.0,1.36,2.7
2009-09-15,16.3,13.9,18.8,6561,0.0,1.54,2.6
2009-09-16,16.8,12.6,23.4,13257,0.0,1.47,2.6
2009-09-17,13.9,7.8,20.3,16633,0.0,1.08,2.1
2009-09-18,12.8,4.6,21.3,16860,0.0,0.91,1.8
2009-09-19,14.9,6.9,24.4,16695,0.0,1.07,1.6
2009-09-20,16.0,7.5,25.9,16339,0.0,1.14,1.3
2009-09-21,15.8,9.8,21.2,11165,0.0,1.23,1.6
2009-09-22,16.4,8.1,23.9,14041,0.0,1.15,2.1
2009-09-23,16.8,12.6,21.1,9335,0.0,1.45,2.3
2009-09-24,15.1,9.5,19.9,11898,0.0,1.19,1.9
2009-09-25,12.7,7.4,19.1,10209,0.0,1.05,1.7
2009-09-26,12.0,4.8,20.3,12354,0.0,0.91,1.5
2009-09-27,12.6,3.7,23.7,14639,0.0,0.89,1.3
2009-09-28,13.8,7.1,18.4,6018,0.0,1.03,2.4
2009-09-29,14.0,9.2,16.6,5314,3.9,1.14,2.7
2009-09-30,10.2,4.7,14.6,12315,0.2,0.86,1.8
2009-10-01,12.3,7.8,14.5,7406,5.5,1.04,3.1
2009-10-02,8.6,5.2,12.4,5332,0.5,0.87,2.4
2009-10-03,11.3,5.1,15.3,6015,0.8,0.89,3.9
2009-10-04,12.8,8.1,15.9,9545,0.0,1.07,4.6
2009-10-05,10.4,5.4,15.2,9838,1.1,0.91,2.0
2009-10-06,11.9,8.6,16.2,4678,5.0,1.09,2.4
2009-10-07,19.1,16.1,23.0,7542,9.8,1.79,2.7
2009-10-08,12.0,7.7,16.1,5982,11.6,1.04,2.6
2009-10-09,8.3,3.2,13.4,12132,0.0,0.77,2.0
2009-10-10,8.2,3.6,11.8,4536,9.9,0.78,2.3
2009-10-11,10.2,8.5,12.0,4460,5.1,1.07,2.7
2009-10-12,8.1,4.6,9.7,5858,2.3,0.82,3.6
2009-10-13,5.2,1.1,9.4,7455,1.2,0.65,2.7
2009-10-14,4.2,0.0,8.3,9471,0.0,0.61,2.9
2009-10-15,4.2,3.4,4.9,4015,2.5,0.75,3.0
2009-10-16,4.7,2.3,8.7,4094,5.1,0.7,3.8
2009-10-17,6.1,4.4,8.2,4169,0.8,0.81,2.8
2009-10-18,6.2,3.6,10.3,6781,0.0,0.78,1.6
2009-10-19,5.6,0.2,11.5,10265,0.0,0.63,1.8
2009-10-20,4.4,-0.6,9.6,8564,0.0,0.59,2.5
2009-10-21,6.3,3.9,7.6,3606,0.0,0.78,3.0
2009-10-22,6.2,3.3,7.9,3541,10.2,0.75,2.4
2009-10-23,6.4,5.3,7.0,3477,0.0,0.86,1.3
2009-10-24,8.2,5.7,10.7,3414,1.6,0.89,1.8
2009-10-25,10.9,7.1,15.6,5825,0.0,1.0,2.3
2009-10-26,10.4,7.5,12.6,3620,3.5,1.01,2.8
2009-10-27,11.1,9.4,12.9,3490,0.0,1.13,1.8
2009-10-28,10.6,8.9,12.3,3170,1.6,1.11,1.2
2009-10-29,8.2,5.5,10.9,3111,0.0,0.88,1.4
2009-10-30,4.2,-1.2,9.7,6579,0.0,0.57,2.1
2009-10-31,1.7,-2.1,6.7,7538,0.0,0.52,2.0
2009-11-01,2.0,-2.1,6.8,6752,3.2,0.52,2.8
2009-11-02,5.1,2.0,7.7,2887,20.6,0.69,2.5
2009-11-03,4.5,3.9,5.4,2833,1.9,0.78,2.5
2009-11-04,4.9,3.0,7.2,2781,6.3,0.74,3.5
2009-11-05,7.6,5.4,11.6,4310,0.1,0.87,2.8
2009-11-06,7.8,4.1,10.7,3952,0.0,0.8,2.4
2009-11-07,6.2,2.1,10.4,6288,0.0,0.7,2.6
2009-11-08,3.6,0.5,6.1,3542,1.1,0.61,1.9
2009-11-09,5.1,4.3,6.0,2535,2.7,0.79,2.6
2009-11-10,5.4,1.6,7.0,2490,0.7,0.67,1.8
2009-11-11,4.4,0.3,7.0,2445,0.8,0.61,1.7
2009-11-12,7.0,5.5,9.9,4178,0.2,0.87,2.0
2009-11-13,8.9,5.6,12.8,2359,0.5,0.9,2.6
2009-11-14,12.0,9.4,14.4,2791,0.0,1.14,3.0
2009-11-15,10.6,8.8,13.5,4201,0.1,1.1,2.6
2009-11-16,8.7,5.8,12.0,2238,0.2,0.91,2.2
2009-11-17,10.6,8.7,12.9,2200,2.4,1.08,2.6
2009-11-18,9.8,6.8,12.1,3571,0.3,0.96,4.6
2009-11-19,10.9,7.1,13.5,4564,0.0,0.98,3.4
2009-11-20,10.7,5.6,15.6,5143,0.0,0.91,2.8
2009-11-21,11.6,6.7,14.6,2741,0.0,0.96,2.0
2009-11-22,11.2,8.2,13.7,2028,0.0,1.06,3.4
2009-11-23,9.8,8.2,11.4,2330,11.8,1.05,5.7
2009-11-24,10.1,8.0,12.1,2391,1.3,1.04,4.9
2009-11-25,12.2,9.8,14.0,2873,0.0,1.18,4.1
2009-11-26,9.4,7.2,11.5,4318,0.0,0.98,4.4
2009-11-27,8.3,6.6,10.2,2205,1.1,0.94,4.3
2009-11-28,7.8,5.9,9.6,3177,1.2,0.89,4.1
2009-11-29,9.9,6.8,12.0,2826,0.0,0.96,3.1
2009-11-30,5.3,2.5,7.1,1811,12.7,0.7,1.8
2009-12-01,4.8,0.2,6.1,1789,2.2,0.6,2.1
2009-12-02,0.5,-1.0,2.2,1768,0.0,0.55,2.1
2009-12-03,3.9,0.8,7.0,2709,0.0,0.63,3.0
2009-12-04,2.1,0.7,4.2,1730,0.5,0.62,2.1
2009-12-05,2.8,0.1,4.5,2531,3.3,0.6,2.9
2009-12-06,6.9,3.8,9.2,1824,6.1,0.78,2.9
2009-12-07,6.1,1.2,9.2,4106,0.1,0.66,2.3
2009-12-08,4.6,0.9,6.0,1666,5.1,0.63,2.7
2009-12-09,4.2,0.4,6.4,1653,0.2,0.61,1.9
2009-12-10,2.9,-0.4,5.8,1641,8.0,0.58,2.8
2009-12-11,3.4,1.7,4.8,2256,0.2,0.67,3.0
2009-12-12,2.3,0.2,3.3,1621,0.8,0.6,2.5
2009-12-13,-1.3,-2.5,0.6,2274,0.0,0.49,2.4
2009-12-14,-0.9,-2.5,-0.2,1605,0.0,0.49,2.2
2009-12-15,-0.5,-1.5,0.5,1598,0.0,0.53,2.1
2009-12-16,-1.9,-6.1,0.2,2045,0.0,0.38,1.9
2009-12-17,-3.9,-6.4,-1.9,1671,0.5,0.36,1.9
2009-12-18,-9.8,-13.1,-2.9,1954,1.0,0.23,2.5
2009-12-19,-13.9,-18.0,-12.0,1624,0.0,0.14,1.8
2009-12-20,-11.7,-18.1,-5.3,3341,2.1,0.16,3.2
2009-12-21,-2.5,-5.5,-0.2,1583,0.7,0.39,2.7
2009-12-22,0.1,-3.8,4.9,1584,5.4,0.46,3.1
2009-12-23,0.1,-2.5,2.5,2651,0.1,0.5,2.2
2009-12-24,-0.1,-1.9,0.8,1590,4.1,0.51,2.4
2009-12-25,3.2,0.4,6.7,1594,0.6,0.61,4.4
2009-12-26,3.6,1.2,6.3,3331,0.0,0.65,3.8
2009-12-27,2.0,0.1,3.9,3094,2.8,0.6,3.0
2009-12-28,1.9,-0.4,3.9,2278,0.6,0.57,2.7
2009-12-29,-1.0,-2.4,-0.1,1623,4.8,0.49,2.2
2009-12-30,-1.0,-1.7,-0.6,1634,10.7,0.52,3.0
2009-12-31,-1.4,-2.6,-0.7,1645,8.0,0.48,2.7
2010-01-01,-2.1,-2.7,-1.4,1657,3.4,0.48,2.4
2010-01-02,-3.6,-11.5,-1.1,1670,1.0,0.26,2.5
2010-01-03,-5.4,-9.3,-3.2,1685,0.1,0.29,2.0
2010-01-04,-6.6,-7.7,-5.4,1701,0.0,0.33,2.0
2010-01-05,-7.6,-14.9,-4.0,2970,0.0,0.2,2.1
2010-01-06,-10.1,-15.7,-7.1,1735,0.0,0.18,1.4
2010-01-07,-8.0,-14.4,-4.7,1754,0.0,0.2,1.4
2010-01-08,-9.9,-16.7,-3.6,1774,1.0,0.17,3.0
2010-01-09,-2.8,-3.3,-2.1,1796,8.1,0.46,4.5
2010-01-10,-3.4,-4.3,-2.6,1818,2.2,0.43,3.2
2010-01-11,-4.2,-4.8,-2.9,1842,0.0,0.41,2.1
2010-01-12,-4.3,-6.3,-2.6,2826,0.0,0.37,2.0
2010-01-13,-2.7,-3.5,-1.9,1892,0.0,0.45,3.3
2010-01-14,-1.9,-2.8,-1.1,1919,0.0,0.48,2.7
2010-01-15,-2.7,-3.5,-1.9,1947,0.0,0.45,1.9
2010-01-16,-2.3,-3.7,-1.5,1977,0.0,0.45,3.2
2010-01-17,-1.6,-3.8,1.3,2007,1.6,0.45,3.0
2010-01-18,0.5,0.2,1.4,2039,2.4,0.6,2.0
2010-01-19,1.2,0.3,2.3,2072,1.1,0.6,1.6
2010-01-20,-1.7,-5.8,0.2,2106,0.3,0.39,2.3
2010-01-21,-6.9,-7.8,-5.9,2141,0.0,0.33,2.1
2010-01-22,-6.9,-10.2,-5.5,2177,0.0,0.27,2.3
2010-01-23,-9.7,-11.2,-8.2,2214,0.0,0.25,2.6
2010-01-24,-11.3,-14.1,-8.9,2253,0.0,0.2,2.7
2010-01-25,-10.1,-11.6,-7.3,4648,0.0,0.24,2.2
2010-01-26,-13.6,-18.0,-9.3,6570,0.0,0.15,1.9
2010-01-27,-9.6,-18.2,-1.5,2483,3.2,0.17,2.9
2010-01-28,0.9,-1.4,2.5,2690,2.8,0.53,4.7
2010-01-29,0.3,-0.3,1.6,2463,4.4,0.57,3.6
2010-01-30,-2.7,-7.7,0.4,3064,0.5,0.34,3.4
2010-01-31,-3.7,-7.9,-0.4,3567,0.0,0.33,2.9
2010-02-01,-1.0,-2.7,1.5,5391,1.5,0.48,3.4
2010-02-02,-2.1,-8.3,1.0,2651,4.5,0.33,4.7
2010-02-03,0.6,-2.2,2.5,6025,0.0,0.51,4.0
2010-02-04,0.1,-2.1,3.2,2752,0.5,0.51,2.1
2010-02-05,0.6,-2.1,3.2,6151,0.0,0.51,2.7
2010-02-06,-0.5,-5.6,1.2,2858,0.0,0.4,2.1
2010-02-07,-5.2,-6.7,-3.4,3647,0.0,0.35,2.0
2010-02-08,-4.4,-5.7,-3.2,2967,0.0,0.38,2.3
2010-02-09,-4.8,-5.9,-3.0,4970,0.3,0.38,2.1
2010-02-10,-6.0,-6.8,-4.9,3081,0.6,0.35,2.3
2010-02-11,-3.4,-5.7,-1.5,3140,5.0,0.39,3.4
2010-02-12,-1.7,-3.8,-0.5,3199,2.3,0.45,2.9
2010-02-13,-3.5,-6.2,-1.9,3260,0.2,0.37,2.0
2010-02-14,-3.8,-7.6,-0.7,5122,0.0,0.34,1.1
2010-02-15,-3.7,-7.4,0.6,5477,0.0,0.35,1.5
2010-02-16,-2.5,-5.1,-0.6,3447,0.0,0.41,2.1
2010-02-17,-3.6,-9.7,1.7,8490,0.0,0.3,2.3
2010-02-18,1.1,-2.2,4.9,3717,0.0,0.51,2.2
2010-02-19,2.4,-0.2,6.4,3997,2.3,0.59,2.4
2010-02-20,1.5,-0.9,4.0,7721,0.0,0.55,3.4
2010-02-21,-0.5,-3.5,2.5,7039,0.0,0.46,2.5
2010-02-22,1.9,-3.0,6.1,5240,1.2,0.49,2.7
2010-02-23,2.7,-0.4,6.7,3917,0.8,0.58,2.9
2010-02-24,0.2,-1.3,1.6,3988,0.2,0.53,2.5
2010-02-25,5.3,-0.4,10.3,9139,0.0,0.6,3.1
2010-02-26,6.4,3.6,9.6,4744,0.0,0.77,3.6
2010-02-27,5.7,2.8,9.6,5289,0.0,0.73,3.6
2010-02-28,6.7,3.0,13.0,5061,3.4,0.77,4.6
2010-03-01,4.4,1.1,6.4,5777,0.0,0.64,5.0
2010-03-02,2.4,-0.1,6.1,8109,0.6,0.6,2.8
2010-03-03,1.8,-1.9,5.8,7495,0.0,0.52,2.8
2010-03-04,-1.0,-3.8,3.3,7439,0.1,0.45,2.8
2010-03-05,-1.7,-4.6,1.2,9198,0.0,0.42,2.8
2010-03-06,-1.7,-4.7,1.4,10239,0.0,0.42,3.7
2010-03-07,-1.9,-7.3,2.9,11721,0.0,0.36,2.6
2010-03-08,-0.9,-5.5,2.5,6932,0.0,0.4,2.0
2010-03-09,-2.7,-8.0,3.3,13048,0.0,0.34,2.7
2010-03-10,-2.2,-7.3,3.9,11296,0.0,0.36,3.2
2010-03-11,-2.9,-4.6,-0.9,5127,1.4,0.42,2.3
2010-03-12,2.4,-1.4,5.8,5207,1.4,0.55,2.7
2010-03-13,3.7,1.7,5.5,5287,1.0,0.67,3.9
2010-03-14,4.2,0.1,7.6,5549,7.5,0.61,4.6
2010-03-15,1.6,-0.5,4.9,7450,2.9,0.57,3.7
2010-03-16,2.1,-0.4,4.8,5990,0.0,0.57,3.0
2010-03-17,6.4,2.0,10.7,6353,0.0,0.7,2.5
2010-03-18,9.9,3.2,15.6,14559,0.0,0.79,2.2
2010-03-19,11.9,8.0,14.7,7001,0.0,1.06,2.9
2010-03-20,13.0,10.1,16.4,6144,2.0,1.21,3.2
2010-03-21,10.6,4.8,14.1,6421,2.2,0.86,3.4
2010-03-22,7.8,0.5,13.7,16342,0.0,0.66,1.7
2010-03-23,8.9,0.9,14.0,13202,0.0,0.68,2.1
2010-03-24,9.1,-0.2,16.8,12165,0.0,0.65,2.3
2010-03-25,13.9,5.8,21.9,16537,0.0,0.99,2.2
2010-03-26,14.7,5.8,23.4,11129,13.5,1.01,2.9
2010-03-27,8.3,5.2,12.2,8042,1.8,0.86,3.4
2010-03-28,8.4,5.3,11.9,8237,1.6,0.87,3.5
2010-03-29,7.4,3.0,10.4,6605,0.3,0.75,2.5
2010-03-30,10.0,1.9,18.0,10984,1.3,0.76,3.0
2010-03-31,9.7,5.7,12.6,9036,0.0,0.9,3.7
2010-04-01,6.6,1.7,10.9,14523,0.0,0.69,3.6
2010-04-02,6.3,-0.2,12.9,18828,0.0,0.63,2.4
2010-04-03,8.0,0.7,13.8,10376,0.1,0.67,2.8
2010-04-04,10.1,6.1,14.1,10056,0.0,0.93,3.0
2010-04-05,6.9,1.9,9.8,7711,0.0,0.69,2.7
2010-04-06,8.9,2.5,14.9,17097,0.0,0.75,2.1
2010-04-07,10.3,3.6,17.1,20676,0.0,0.82,2.5
2010-04-08,11.8,4.2,19.6,17371,0.0,0.89,2.1
2010-04-09,7.8,2.9,12.8,9894,0.0,0.76,2.6
2010-04-10,7.7,3.8,12.3,12064,0.3,0.79,2.7
2010-04-11,6.4,4.8,9.6,8099,0.1,0.83,3.0
2010-04-12,8.7,4.4,15.8,15472,0.3,0.86,3.0
2010-04-13,8.2,1.9,14.9,13035,0.0,0.73,2.3
2010-04-14,7.9,4.6,12.5,13584,0.3,0.84,2.6
2010-04-15,8.3,1.7,12.8,7970,0.5,0.7,2.2
2010-04-16,7.4,1.0,13.4,13904,0.0,0.68,2.9
2010-04-17,7.9,0.1,15.9,23172,0.0,0.67,2.4
2010-04-18,11.2,0.3,20.6,23314,0.0,0.72,1.9
2010-04-19,8.6,0.9,14.0,19914,0.0,0.68,2.1
2010-04-20,7.6,-2.5,16.4,19120,0.9,0.57,2.9
2010-04-21,5.5,1.3,9.3,13712,1.5,0.66,3.6
2010-04-22,5.7,-1.4,10.8,14383,0.0,0.57,2.4
2010-04-23,5.7,-3.3,14.2,22712,0.0,0.54,2.0
2010-04-24,9.2,-1.4,17.5,19110,0.0,0.63,1.7
2010-04-25,14.9,5.6,22.8,23774,0.0,0.99,2.3
2010-04-26,12.1,9.7,16.9,11469,4.4,1.19,2.6
2010-04-27,11.4,6.6,15.8,13076,0.0,0.97,2.3
2010-04-28,13.4,4.9,21.0,22834,0.0,0.92,1.6
2010-04-29,18.0,10.5,24.7,17144,0.0,1.31,2.1
2010-04-30,17.8,10.1,23.0,16760,0.0,1.27,3.3
2010-05-01,13.4,6.9,18.9,17324,0.0,1.02,2.3
2010-05-02,11.1,6.4,15.0,9886,7.1,0.96,1.8
2010-05-03,9.4,7.9,11.6,9233,8.8,1.03,2.1
2010-05-04,7.6,1.3,12.2,9895,0.0,0.68,3.0
2010-05-05,7.6,-0.7,14.2,25007,0.8,0.62,3.3
2010-05-06,7.2,7.0,7.7,9416,14.6,0.96,3.4
2010-05-07,9.1,7.0,11.4,9475,0.0,0.98,2.4
2010-05-08,9.6,5.1,13.9,11836,0.1,0.88,1.5
2010-05-09,11.6,5.3,17.1,13235,4.8,0.91,1.4
2010-05-10,9.3,6.9,12.1,9889,2.5,0.96,1.8
2010-05-11,10.1,7.5,12.6,10920,3.1,1.01,2.3
2010-05-12,11.4,6.5,16.9,10976,0.0,0.97,2.7
2010-05-13,8.8,6.8,10.5,9806,0.0,0.96,2.0
2010-05-14,8.8,7.7,10.5,9857,12.0,1.01,1.9
2010-05-15,7.1,5.1,8.4,9907,9.6,0.85,2.9
2010-05-16,11.1,5.8,16.6,20422,0.0,0.93,3.6
2010-05-17,11.6,4.3,16.6,19746,0.0,0.86,2.7
2010-05-18,10.1,7.1,13.7,11285,16.6,0.99,3.3
2010-05-19,11.2,7.7,14.5,10096,7.5,1.03,3.2
2010-05-20,13.6,9.9,16.9,10140,0.0,1.2,2.3
2010-05-21,14.6,8.0,21.6,24195,0.0,1.11,2.1
2010-05-22,13.7,8.9,17.2,19908,0.0,1.13,2.0
2010-05-23,17.3,13.6,22.2,18344,0.0,1.55,2.3
2010-05-24,14.8,11.0,21.2,15778,10.5,1.32,2.8
2010-05-25,11.8,5.5,16.0,18811,0.0,0.91,3.0
2010-05-26,10.8,3.8,16.2,21599,1.8,0.82,2.0
2010-05-27,11.6,7.0,15.6,12035,1.0,1.0,1.9
2010-05-28,13.1,6.6,17.6,14693,0.1,0.99,2.1
2010-05-29,13.8,4.8,20.4,26479,0.6,0.91,1.8
2010-05-30,14.0,10.8,19.8,12261,22.4,1.28,3.0
2010-05-31,10.8,9.7,12.5,10540,21.9,1.17,3.3
2010-06-01,10.3,9.8,11.4,10568,2.5,1.16,2.7
2010-06-02,13.7,10.4,17.7,10720,0.0,1.23,2.9
2010-06-03,16.9,9.7,23.1,29433,0.0,1.25,2.8
2010-06-04,15.0,8.9,21.5,29718,0.0,1.17,1.9
2010-06-05,17.7,7.5,25.7,29247,0.0,1.13,1.4
2010-06-06,21.0,11.3,28.6,28523,2.8,1.44,1.7
2010-06-07,18.2,12.3,21.5,17117,0.0,1.42,3.0
2010-06-08,19.1,9.6,26.2,24050,0.1,1.29,1.9
2010-06-09,21.9,15.1,27.8,20425,2.4,1.74,1.8
2010-06-10,23.5,18.4,29.2,20821,0.0,2.13,1.9
2010-06-11,22.6,16.1,26.6,25366,0.2,1.83,3.0
2010-06-12,14.9,10.8,16.8,10787,0.3,1.27,2.8
2010-06-13,12.6,8.5,17.4,12182,0.0,1.1,2.2
2010-06-14,14.9,8.0,21.3,22261,0.0,1.12,1.6
2010-06-15,14.5,7.5,19.8,22774,0.0,1.05,2.7
2010-06-16,15.7,6.3,22.7,30208,0.0,1.02,3.1
2010-06-17,18.1,8.3,25.1,30089,0.0,1.18,2.4
2010-06-18,15.3,8.4,22.8,24554,0.0,1.14,3.0
2010-06-19,12.7,10.0,17.1,15493,0.0,1.21,2.9
2010-06-20,12.9,8.4,17.7,15116,0.2,1.09,2.2
2010-06-21,14.6,9.1,19.8,20024,0.0,1.16,1.9
2010-06-22,15.2,7.2,21.8,19895,0.0,1.07,1.6
2010-06-23,15.4,7.3,23.1,19135,0.0,1.1,1.4
2010-06-24,18.4,8.8,26.4,27432,0.0,1.24,1.4
2010-06-25,19.5,10.7,26.3,17612,0.0,1.37,1.8
2010-06-26,18.6,11.2,24.1,24392,0.0,1.36,1.8
2010-06-27,19.3,10.3,26.1,29911,0.0,1.32,1.6
2010-06-28,21.3,10.9,29.8,29894,0.0,1.43,1.5
2010-06-29,22.7,11.5,31.1,28368,0.0,1.5,1.5
2010-06-30,21.8,16.9,27.4,26338,0.5,1.92,1.8
2010-07-01,21.8,16.3,28.2,20668,0.0,1.87,1.5
2010-07-02,26.0,17.8,32.8,24662,0.0,2.14,1.6
2010-07-03,27.2,19.7,32.9,28275,0.0,2.34,1.9
2010-07-04,23.4,16.4,29.1,20726,0.1,1.92,2.0
2010-07-05,23.6,17.4,29.4,23456,0.0,2.01,2.1
2010-07-06,18.1,12.5,22.3,17166,0.0,1.45,2.6
2010-07-07,17.5,10.3,24.5,27899,0.0,1.3,1.6
2010-07-08,22.7,13.2,31.2,27737,0.0,1.64,1.6
2010-07-09,26.3,14.7,34.9,29948,0.0,1.85,1.6
2010-07-10,28.5,18.5,37.2,25411,0.0,2.29,1.6
2010-07-11,28.6,20.5,37.2,22251,0.0,2.54,1.9
2010-07-12,28.9,19.5,38.2,24579,2.7,2.46,2.2
2010-07-13,22.6,17.5,27.9,21297,0.0,2.02,1.9
2010-07-14,26.5,16.6,33.4,27350,0.1,2.0,2.3
2010-07-15,23.2,17.3,28.6,20463,0.0,2.0,2.8
2010-07-16,25.4,14.2,33.9,28238,0.0,1.8,2.0
2010-07-17,22.6,17.8,29.1,18632,0.0,2.06,2.3
2010-07-18,18.9,11.5,25.1,19699,0.0,1.41,1.9
2010-07-19,20.2,9.6,27.8,26453,0.0,1.31,1.7
2010-07-20,22.5,11.4,30.3,26268,0.0,1.47,1.9
2010-07-21,26.0,17.2,33.8,28056,0.0,2.09,2.0
2010-07-22,23.4,18.3,29.6,17390,16.8,2.12,2.0
2010-07-23,20.2,16.2,25.1,15489,0.0,1.84,1.8
2010-07-24,18.7,15.3,22.4,12487,0.0,1.71,3.4
2010-07-25,17.6,13.6,23.3,19060,0.0,1.55,2.6
2010-07-26,17.4,9.8,23.9,14466,0.0,1.25,1.6
2010-07-27,19.3,10.3,27.0,18443,0.0,1.35,1.7
2010-07-28,18.3,13.2,25.4,18622,1.3,1.55,2.4
2010-07-29,17.0,11.1,23.7,16240,0.0,1.36,2.5
2010-07-30,17.7,12.4,23.5,17147,0.0,1.45,2.3
2010-07-31,20.8,11.6,28.5,21932,0.0,1.47,2.0
2010-08-01,23.8,18.8,30.7,16645,0.4,2.21,1.9
2010-08-02,21.0,15.7,26.6,13554,4.7,1.79,1.5
2010-08-03,17.1,13.2,20.4,9993,12.5,1.49,2.0
2010-08-04,18.4,11.5,23.9,21117,0.0,1.38,2.0
2010-08-05,18.8,13.2,26.1,13593,1.9,1.57,1.9
2010-08-06,18.4,14.0,22.8,10411,12.9,1.6,2.2
2010-08-07,20.0,15.8,25.6,16673,0.0,1.8,1.9
2010-08-08,19.8,15.0,26.9,13377,0.0,1.73,1.7
2010-08-09,18.2,13.8,22.5,12235,0.8,1.57,1.6
2010-08-10,21.0,12.9,28.2,20920,0.0,1.57,1.7
2010-08-11,20.4,15.9,25.8,10791,0.2,1.8,1.9
2010-08-12,17.7,13.8,20.0,9544,9.6,1.55,1.5
2010-08-13,19.8,16.1,23.9,15338,25.5,1.8,1.5
2010-08-14,15.7,14.0,17.1,8822,0.7,1.54,2.1
2010-08-15,18.5,15.8,23.3,8754,22.5,1.77,2.7
2010-08-16,17.8,15.0,22.7,14721,0.6,1.67,2.5
2010-08-17,17.0,14.1,20.2,11507,12.6,1.57,3.0
2010-08-18,17.7,13.7,22.2,12924,0.6,1.55,3.1
2010-08-19,17.4,11.3,23.4,21446,0.0,1.37,2.6
2010-08-20,19.0,10.0,25.8,20981,0.0,1.3,1.7
2010-08-21,22.8,14.4,30.7,22452,0.0,1.73,2.0
2010-08-22,23.1,17.2,29.7,18351,2.3,1.99,2.1
2010-08-23,20.6,17.3,23.4,9991,0.6,1.92,2.8
2010-08-24,19.3,14.2,23.0,20140,0.0,1.62,4.0
2010-08-25,16.9,14.1,20.7,13743,1.0,1.58,3.2
2010-08-26,15.7,13.4,17.4,7959,10.5,1.48,2.2
2010-08-27,16.9,13.6,19.3,7883,6.4,1.52,3.1
2010-08-28,13.7,10.6,17.9,12772,0.4,1.25,2.9
2010-08-29,13.2,10.4,17.3,8937,15.6,1.23,3.1
2010-08-30,11.9,9.3,15.6,8307,1.9,1.15,3.3
2010-08-31,14.0,9.9,19.5,15072,0.4,1.22,2.7
2010-09-01,13.8,11.2,17.9,8467,0.3,1.3,2.0
2010-09-02,13.3,8.7,18.7,9888,2.9,1.13,1.8
2010-09-03,11.6,7.0,18.0,14714,0.0,1.01,1.4
2010-09-04,11.3,6.6,17.3,11509,0.5,0.99,1.6
2010-09-05,12.2,6.4,19.2,17217,0.0,0.99,2.0
2010-09-06,11.5,4.1,18.1,16341,0.0,0.85,2.6
2010-09-07,12.4,4.9,18.5,12863,0.0,0.9,3.1
2010-09-08,15.5,11.5,20.0,11293,2.3,1.35,3.3
2010-09-09,14.8,12.8,17.9,7575,1.6,1.43,2.2
2010-09-10,16.2,11.7,21.2,11075,0.1,1.36,2.0
2010-09-11,16.4,10.3,22.7,17071,0.0,1.28,1.8
2010-09-12,18.0,10.2,24.2,13583,0.0,1.3,1.6
2010-09-13,15.5,12.2,19.8,10241,2.1,1.4,2.3
2010-09-14,13.9,12.1,15.6,6445,16.8,1.37,3.4
2010-09-15,14.7,11.9,17.8,13885,3.9,1.36,4.1
2010-09-16,13.3,8.9,17.5,13846,0.0,1.13,3.6
2010-09-17,12.4,9.9,15.9,10100,0.7,1.2,3.2
2010-09-18,11.1,8.1,14.9,11343,0.0,1.05,2.6
2010-09-19,12.2,7.4,17.1,13718,0.0,1.03,2.4
2010-09-20,15.1,11.7,18.6,8145,0.0,1.35,2.5
2010-09-21,14.4,7.3,19.4,11260,0.0,1.05,1.8
2010-09-22,13.5,6.0,22.5,15635,0.0,1.01,1.5
2010-09-23,16.4,7.4,24.2,15286,0.0,1.11,1.7
2010-09-24,18.3,13.8,24.4,12543,3.4,1.58,2.0
2010-09-25,11.7,9.4,14.7,5547,31.4,1.14,2.2
2010-09-26,10.2,9.7,10.8,5466,46.0,1.16,2.2
2010-09-27,12.2,10.2,14.3,5386,18.7,1.21,3.0
2010-09-28,10.9,8.9,12.3,5305,0.6,1.11,2.5
2010-09-29,9.3,6.5,13.0,5579,0.0,0.95,1.7
2010-09-30,8.5,2.5,13.2,10129,0.0,0.74,1.7
2010-10-01,7.9,2.1,13.7,13728,0.0,0.73,2.1
2010-10-02,9.6,4.0,13.7,5503,0.0,0.81,2.6
2010-10-03,12.9,8.9,18.6,11113,0.0,1.13,3.1
2010-10-04,13.2,8.2,18.0,11228,0.0,1.09,3.0
2010-10-05,14.7,11.7,18.5,10421,0.0,1.35,2.3
2010-10-06,15.3,11.7,19.8,11691,0.0,1.36,2.4
2010-10-07,14.2,11.1,18.6,7624,0.0,1.3,1.9
2010-10-08,12.4,9.0,16.4,8084,0.0,1.13,2.5
2010-10-09,10.8,5.7,17.6,11252,0.0,0.94,2.6
2010-10-10,7.8,1.1,15.4,12136,0.0,0.7,2.4
2010-10-11,3.9,-0.9,8.7,4774,0.0,0.58,2.1
2010-10-12,4.1,0.3,10.8,7408,0.0,0.63,1.4
2010-10-13,5.3,-0.2,12.9,10752,0.0,0.63,1.5
2010-10-14,6.6,-0.4,10.6,5452,0.4,0.6,1.9
2010-10-15,9.6,7.2,11.7,4315,5.6,0.98,1.6
2010-10-16,6.8,4.7,9.0,3945,4.2,0.83,2.6
2010-10-17,6.3,0.2,10.7,8130,0.0,0.63,2.2
2010-10-18,4.5,-1.1,10.7,10625,0.2,0.58,1.9
2010-10-19,6.1,3.3,7.7,3739,1.5,0.75,3.2
2010-10-20,6.9,4.1,10.0,4311,2.1,0.8,3.6
2010-10-21,5.2,2.1,7.7,4728,0.8,0.7,3.7
2010-10-22,6.9,4.1,9.6,3541,0.0,0.8,2.9
2010-10-23,7.1,2.3,11.8,8200,0.2,0.73,3.2
2010-10-24,8.4,3.3,10.7,3684,0.4,0.76,3.8
2010-10-25,5.1,1.8,9.4,8299,0.0,0.68,2.6
2010-10-26,5.3,2.6,9.3,7122,0.0,0.73,2.0
2010-10-27,7.3,2.8,10.2,3360,0.5,0.74,2.7
2010-10-28,9.4,7.3,12.1,4137,0.1,1.0,2.7
2010-10-29,9.8,5.7,14.2,8018,0.0,0.91,2.4
2010-10-30,12.4,8.3,15.8,5257,0.0,1.08,2.4
2010-10-31,7.7,1.5,12.6,5050,0.0,0.7,1.7
2010-11-01,5.9,1.6,8.3,2941,0.0,0.68,1.4
2010-11-02,8.3,7.0,9.8,2887,0.0,0.96,2.4
2010-11-03,11.3,9.3,14.0,2893,7.5,1.14,4.0
2010-11-04,13.6,9.5,16.0,2781,0.5,1.16,4.5
2010-11-05,13.7,10.4,16.1,2730,9.6,1.24,4.6
2010-11-06,8.1,3.4,10.4,2795,2.2,0.77,3.2
2010-11-07,3.3,1.4,6.2,3373,0.4,0.66,1.7
2010-11-08,2.8,1.6,3.9,2582,0.7,0.66,2.2
2010-11-09,3.7,1.7,5.4,2535,0.0,0.67,2.0
2010-11-10,5.6,-0.4,10.2,3482,2.7,0.6,2.1
2010-11-11,5.7,4.0,7.8,3425,4.3,0.79,4.3
2010-11-12,9.2,6.5,12.1,3424,3.5,0.94,6.1
2010-11-13,10.3,8.6,12.0,2359,4.9,1.08,4.4
2010-11-14,13.7,10.4,17.4,4316,0.0,1.23,2.9
2010-11-15,10.0,5.9,14.6,2537,4.4,0.92,2.4
2010-11-16,5.6,4.4,6.8,2238,13.1,0.8,2.3
2010-11-17,4.0,3.7,4.7,2200,0.3,0.77,2.4
2010-11-18,5.1,4.0,5.9,2163,10.7,0.78,1.8
2010-11-19,5.5,3.6,7.0,2128,0.0,0.76,1.8
2010-11-20,5.6,0.9,8.3,2093,0.0,0.65,1.5
2010-11-21,3.0,0.5,4.9,2060,0.1,0.61,2.3
2010-11-22,3.8,3.1,4.6,2028,9.9,0.73,3.1
2010-11-23,3.1,1.0,4.2,1997,3.9,0.63,3.8
2010-11-24,0.6,-1.0,1.6,1967,0.6,0.55,3.3
2010-11-25,-0.5,-2.7,1.4,2733,0.0,0.48,1.8
2010-11-26,-1.2,-2.9,0.5,1956,0.0,0.47,1.8
2010-11-27,-3.3,-6.1,-0.1,3719,0.0,0.38,1.4
2010-11-28,-3.0,-6.1,-0.5,3495,0.6,0.38,1.9
2010-11-29,-1.1,-2.0,-0.5,1834,0.0,0.51,3.1
2010-11-30,-3.6,-6.0,-1.4,4091,0.0,0.38,2.9
2010-12-01,-8.2,-9.8,-5.8,1789,5.1,0.28,4.4
2010-12-02,-9.3,-12.6,-7.8,1768,1.2,0.23,2.4
2010-12-03,-7.1,-12.1,-4.6,1879,0.0,0.24,1.8
2010-12-04,-5.9,-10.2,-3.2,3725,0.3,0.27,3.0
2010-12-05,-0.2,-3.3,1.2,1712,0.2,0.46,3.5
2010-12-06,-0.2,-6.3,1.2,1696,0.0,0.38,1.7
2010-12-07,-4.1,-9.0,-1.3,1680,0.3,0.31,1.6
2010-12-08,-2.6,-3.1,-1.9,1666,8.6,0.47,2.0
2010-12-09,-1.1,-2.9,0.8,1653,0.9,0.47,4.2
2010-12-10,-2.2,-7.7,1.0,2479,5.7,0.34,3.4
2010-12-11,3.8,0.6,5.6,1630,3.7,0.62,5.3
2010-12-12,0.7,-3.7,3.8,1621,1.7,0.46,4.0
2010-12-13,-3.5,-5.1,-2.1,1612,0.9,0.4,2.6
2010-12-14,-2.1,-3.9,-0.5,1687,3.0,0.44,2.9
2010-12-15,-2.8,-4.8,-2.0,1598,1.5,0.41,3.0
2010-12-16,-3.9,-5.4,-2.6,2250,4.1,0.39,3.4
2010-12-17,-3.5,-5.7,-2.3,1589,3.0,0.38,2.1
2010-12-18,-11.6,-16.9,-5.7,4124,0.1,0.17,1.8
2010-12-19,-11.8,-18.9,-5.0,1624,5.7,0.15,2.4
2010-12-20,-6.5,-12.9,-4.5,1582,0.5,0.23,2.7
2010-12-21,-10.6,-17.5,-6.7,1583,0.2,0.16,1.6
2010-12-22,-4.3,-7.0,-1.5,1584,2.8,0.35,2.1
2010-12-23,-0.2,-1.5,0.4,1586,1.1,0.52,2.8
2010-12-24,-1.1,-3.3,0.1,1590,10.6,0.46,3.9
2010-12-25,-5.2,-8.2,-3.3,1594,0.4,0.32,3.1
2010-12-26,-7.2,-11.0,-4.3,1600,1.2,0.26,2.0
2010-12-27,-2.8,-8.5,0.0,1607,6.3,0.32,2.0
2010-12-28,-6.2,-7.2,-3.2,1614,0.0,0.34,1.9
2010-12-29,-8.8,-11.4,-6.7,1623,0.0,0.25,1.6
2010-12-30,-8.5,-12.6,-2.3,1634,0.3,0.24,1.5
2010-12-31,0.8,-2.2,1.8,1645,0.0,0.5,2.3
2011-01-01,2.2,0.6,3.7,2037,0.0,0.62,3.4
2011-01-02,0.3,-2.1,1.6,1713,0.0,0.51,2.6
2011-01-03,-1.2,-4.2,0.6,2922,0.3,0.43,1.9
2011-01-04,-1.4,-5.8,0.5,1829,0.0,0.39,2.1
2011-01-05,-5.3,-7.4,-2.9,3964,0.0,0.34,2.8
2011-01-06,1.7,-4.1,5.7,1735,6.1,0.45,3.5
2011-01-07,3.9,1.2,7.2,1754,1.1,0.65,2.5
2011-01-08,7.5,4.2,10.6,3011,0.4,0.81,3.2
2011-01-09,5.7,1.6,9.8,1796,1.4,0.68,2.6
2011-01-10,1.6,-1.6,4.7,4825,0.0,0.53,1.9
2011-01-11,0.7,-3.2,3.9,1842,0.4,0.48,2.7
2011-01-12,3.9,2.9,4.8,2095,2.7,0.73,3.4
2011-01-13,5.9,3.5,9.7,1892,6.2,0.77,3.2
2011-01-14,10.1,9.0,11.2,1919,5.0,1.1,3.6
2011-01-15,8.3,7.0,9.7,2887,0.8,0.97,3.7
2011-01-16,8.1,5.4,10.8,3780,0.0,0.88,2.7
2011-01-17,5.2,2.3,9.7,5219,0.0,0.71,2.1
2011-01-18,5.4,2.8,7.5,2426,1.4,0.72,2.2
2011-01-19,2.8,0.7,4.6,2463,2.6,0.62,2.2
2011-01-20,0.6,-0.9,1.8,2106,0.1,0.55,2.1
2011-01-21,-0.9,-1.7,-0.3,2141,0.0,0.52,2.1
2011-01-22,-0.3,-2.5,2.0,4453,0.1,0.49,1.8
2011-01-23,0.7,-0.3,1.7,2214,3.3,0.57,1.8
2011-01-24,1.0,-0.4,3.0,2253,0.7,0.57,2.3
2011-01-25,2.3,-0.1,4.3,2554,4.3,0.59,3.6
2011-01-26,0.5,-1.4,1.7,2333,0.7,0.53,2.3
2011-01-27,-1.1,-3.4,0.1,2483,0.0,0.46,2.6
2011-01-28,-2.3,-4.4,0.8,5184,0.0,0.43,2.5
2011-01-29,-3.4,-6.8,1.3,6469,0.0,0.36,1.7
2011-01-30,-4.2,-7.5,-1.4,2508,0.2,0.34,1.6
2011-01-31,-4.2,-6.1,-3.1,2555,0.0,0.37,1.5
2011-02-01,-4.2,-5.6,-2.6,2603,0.3,0.39,2.4
2011-02-02,0.0,-3.1,2.2,2651,0.1,0.47,3.0
2011-02-03,2.0,0.2,4.1,2701,0.7,0.6,3.3
2011-02-04,5.2,1.1,9.6,2811,0.1,0.66,5.4
2011-02-05,9.4,8.4,10.3,2805,4.3,1.06,6.1
2011-02-06,9.1,7.6,10.5,2858,1.5,1.01,4.2
2011-02-07,7.8,6.9,8.7,4872,0.0,0.95,3.7
2011-02-08,5.7,0.2,9.3,6068,0.0,0.62,3.4
2011-02-09,1.2,-1.3,6.5,5911,0.0,0.55,1.7
2011-02-10,2.8,-1.9,6.7,3463,4.7,0.53,2.5
2011-02-11,4.4,-0.2,6.8,4040,2.2,0.59,3.4
2011-02-12,-0.3,-2.2,1.3,6064,1.2,0.5,2.9
2011-02-13,-0.3,-1.8,0.8,3260,0.2,0.51,2.5
2011-02-14,-0.1,-1.4,1.2,3321,0.0,0.53,3.3
2011-02-15,-0.4,-2.1,2.9,4194,0.2,0.51,3.2
2011-02-16,0.2,-1.9,4.3,6590,0.0,0.52,2.7
2011-02-17,-1.2,-2.5,-0.1,3512,0.0,0.49,2.5
2011-02-18,-1.8,-2.6,-0.8,3577,0.0,0.49,2.1
2011-02-19,-2.3,-3.2,-1.4,3643,0.1,0.47,2.6
2011-02-20,-3.6,-7.1,-1.3,8509,0.0,0.35,3.4
2011-02-21,-5.9,-9.4,-2.8,7256,0.0,0.29,2.8
2011-02-22,-7.9,-11.3,-3.1,10810,0.0,0.26,2.4
2011-02-23,-8.4,-13.3,-2.9,10960,0.0,0.22,2.2
2011-02-24,-4.5,-10.1,2.9,6762,0.0,0.3,2.3
2011-02-25,-3.2,-9.2,3.4,10883,0.0,0.32,2.1
2011-02-26,-0.8,-8.1,7.1,11644,0.0,0.36,2.7
2011-02-27,0.3,-4.9,4.5,7304,0.0,0.42,2.6
2011-02-28,2.3,-3.1,9.8,11957,0.0,0.51,2.1
2011-03-01,1.2,-3.0,6.9,12035,0.0,0.49,2.7
2011-03-02,0.0,-4.2,6.1,11151,0.0,0.45,3.6
2011-03-03,-0.1,-4.9,7.6,12593,0.0,0.44,2.6
2011-03-04,-1.3,-6.9,6.5,12590,0.0,0.39,1.8
2011-03-05,0.2,-3.6,5.6,5646,0.0,0.47,2.4
2011-03-06,0.6,-4.7,6.3,13077,0.0,0.44,2.4
2011-03-07,-1.0,-8.4,5.5,13576,0.0,0.34,2.7
2011-03-08,2.8,-3.8,10.2,13741,0.0,0.49,2.5
2011-03-09,6.8,1.8,13.5,9437,0.0,0.71,3.5
2011-03-10,7.3,3.3,11.0,8866,1.6,0.76,4.3
2011-03-11,6.8,3.2,9.8,6266,0.0,0.75,3.6
2011-03-12,7.0,0.3,13.1,10160,0.0,0.65,2.1
2011-03-13,9.2,0.8,16.9,10555,0.8,0.69,1.7
2011-03-14,8.6,6.2,11.7,5368,2.5,0.92,1.3
2011-03-15,8.2,5.0,11.6,5450,0.0,0.85,3.2
2011-03-16,5.1,3.7,7.3,5531,1.7,0.77,3.9
2011-03-17,4.0,2.9,6.4,5613,6.2,0.73,3.0
2011-03-18,3.6,2.0,5.4,5695,0.0,0.68,3.1
2011-03-19,4.4,0.8,9.5,13870,0.0,0.64,2.3
2011-03-20,2.3,-1.5,8.8,11173,0.0,0.55,1.6
2011-03-21,5.3,-1.6,12.4,15795,0.0,0.58,1.9
2011-03-22,8.4,1.1,15.5,16246,0.0,0.7,2.1
2011-03-23,7.5,2.9,13.4,15243,0.0,0.76,2.1
2011-03-24,9.0,2.4,16.4,15789,0.0,0.76,2.3
2011-03-25,8.5,5.5,11.3,6274,0.1,0.89,2.4
2011-03-26,4.7,-0.4,8.3,11427,0.3,0.59,2.2
2011-03-27,2.4,-2.1,9.3,13450,0.0,0.53,1.5
2011-03-28,3.8,-2.0,10.9,15197,0.0,0.55,2.1
2011-03-29,5.1,-2.2,13.6,18490,0.0,0.56,1.7
2011-03-30,8.2,-2.2,17.6,15995,0.0,0.6,1.8
2011-03-31,11.8,7.7,16.0,7697,1.1,1.05,3.4
2011-04-01,13.9,11.8,17.9,12657,0.0,1.36,3.4
2011-04-02,16.1,10.2,22.4,16742,0.0,1.27,2.1
2011-04-03,15.4,8.6,22.2,14471,9.4,1.16,1.9
2011-04-04,10.4,8.4,15.3,9950,1.0,1.08,2.6
2011-04-05,10.4,5.0,14.1,13344,0.1,0.87,3.1
2011-04-06,12.5,10.4,15.2,7260,0.0,1.23,3.1
2011-04-07,13.8,6.6,19.7,12826,0.0,1.01,4.0
2011-04-08,9.9,5.7,16.4,10125,0.0,0.93,4.3
2011-04-09,9.1,1.5,15.0,19899,0.0,0.72,3.1
2011-04-10,9.7,1.0,18.3,20593,0.0,0.72,1.7
2011-04-11,13.2,4.1,21.2,17552,0.0,0.88,1.8
2011-04-12,9.1,6.0,11.9,12489,3.1,0.91,4.8
2011-04-13,6.2,5.1,7.4,7816,10.8,0.85,4.2
2011-04-14,6.7,4.2,10.5,9121,0.1,0.81,1.9
2011-04-15,8.6,2.7,14.4,11558,0.0,0.76,1.6
2011-04-16,9.5,0.3,16.1,16270,0.0,0.67,1.5
2011-04-17,11.4,4.2,17.6,13554,0.0,0.85,1.7
2011-04-18,11.5,2.3,19.8,21722,0.0,0.79,1.6
2011-04-19,13.8,3.3,21.6,22654,0.0,0.86,1.9
2011-04-20,14.9,5.9,22.9,22673,0.0,1.0,1.5
2011-04-21,14.4,5.2,23.0,23264,0.0,0.96,1.6
2011-04-22,16.6,7.8,24.7,23395,0.0,1.15,2.2
2011-04-23,18.1,12.5,24.3,23408,0.0,1.48,2.5
2011-04-24,15.6,6.4,22.1,23883,0.0,1.03,2.3
2011-04-25,13.5,4.6,19.9,16531,0.0,0.9,2.3
2011-04-26,13.7,7.3,21.0,15689,5.5,1.07,2.1
2011-04-27,14.4,10.9,19.8,12723,3.1,1.3,2.1
2011-04-28,16.0,9.3,22.7,15281,0.0,1.22,2.5
2011-04-29,16.2,10.4,23.3,21406,1.0,1.3,3.5
2011-04-30,12.5,7.0,18.6,24716,0.0,1.02,3.6
2011-05-01,10.1,5.1,15.9,24827,0.0,0.89,3.0
2011-05-02,6.3,4.3,10.8,9767,0.2,0.81,3.1
2011-05-03,6.8,2.4,12.6,19413,0.0,0.73,2.6
2011-05-04,6.8,0.0,13.3,16140,0.2,0.64,1.9
2011-05-05,7.7,-2.5,16.1,25489,0.0,0.57,1.5
2011-05-06,13.6,1.2,22.5,25227,0.0,0.78,1.9
2011-05-07,16.9,8.3,24.8,26170,0.0,1.18,2.6
2011-05-08,16.0,7.6,23.8,26509,0.0,1.12,3.1
2011-05-09,17.9,9.6,25.0,26481,0.0,1.27,2.9
2011-05-10,19.0,10.2,27.4,25720,0.0,1.35,1.6
2011-05-11,18.3,8.3,27.0,22513,0.2,1.21,1.8
2011-05-12,15.8,9.6,23.1,15133,1.8,1.25,2.0
2011-05-13,12.8,6.9,19.2,18625,0.0,1.01,2.2
2011-05-14,14.2,6.4,22.4,15993,1.0,1.03,2.4
2011-05-15,10.7,5.9,16.5,18758,0.5,0.94,2.9
2011-05-16,11.0,6.0,14.2,11803,2.1,0.92,3.3
2011-05-17,14.0,10.6,17.7,11360,0.7,1.26,3.0
2011-05-18,16.6,10.1,24.1,25611,0.0,1.29,2.0
2011-05-19,17.7,8.9,27.0,23082,3.7,1.25,1.7
2011-05-20,17.7,11.7,25.5,17323,0.1,1.41,1.5
2011-05-21,17.8,10.4,24.2,21095,0.0,1.31,1.5
2011-05-22,19.4,12.2,28.7,19163,0.6,1.53,2.5
2011-05-23,16.0,8.9,21.7,25428,0.0,1.18,2.4
2011-05-24,15.4,7.7,21.9,22498,0.0,1.1,3.3
2011-05-25,13.3,5.5,20.1,26285,0.0,0.94,2.3
2011-05-26,18.9,9.0,28.3,23968,0.0,1.27,3.4
2011-05-27,15.4,8.6,18.8,17776,0.0,1.12,3.4
2011-05-28,13.9,7.0,19.6,20813,0.1,1.03,2.5
2011-05-29,16.9,12.1,22.1,20479,0.0,1.4,2.8
2011-05-30,23.3,11.8,31.3,29149,0.0,1.52,2.1
2011-05-31,20.9,12.9,30.6,20680,2.2,1.62,2.8
2011-06-01,14.3,8.4,20.0,17332,0.0,1.12,2.9
2011-06-02,15.7,5.3,23.3,29271,0.0,0.98,2.6
2011-06-03,18.9,7.7,26.4,29182,0.0,1.17,2.8
2011-06-04,21.9,13.0,29.2,29216,0.0,1.58,2.4
2011-06-05,25.1,17.2,32.8,22092,0.9,2.05,2.3
2011-06-06,24.2,16.2,32.2,23374,7.9,1.93,2.1
2011-06-07,20.5,16.7,25.5,20383,1.1,1.89,1.7
2011-06-08,18.4,13.6,25.6,13995,1.4,1.57,2.7
2011-06-09,16.5,12.2,21.0,22437,0.0,1.41,2.6
2011-06-10,15.9,9.3,21.9,22204,0.0,1.2,1.5
2011-06-11,16.2,8.6,22.6,20838,0.0,1.16,1.9
2011-06-12,15.8,6.8,22.2,22111,0.0,1.04,1.4
2011-06-13,19.3,10.8,26.1,25899,0.0,1.36,2.1
2011-06-14,18.9,13.4,23.2,13954,1.5,1.53,1.9
2011-06-15,18.9,12.2,24.6,22774,0.2,1.44,1.4
2011-06-16,21.5,15.6,28.3,20012,2.1,1.8,2.2
2011-06-17,17.7,12.8,22.5,24550,2.3,1.47,2.6
2011-06-18,16.3,11.7,22.4,18008,5.8,1.39,3.5
2011-06-19,14.0,10.7,19.1,15745,1.6,1.28,4.3
2011-06-20,15.1,10.7,19.9,17256,1.5,1.28,3.0
2011-06-21,16.9,10.4,23.7,17632,0.5,1.3,2.4
2011-06-22,19.5,14.0,27.4,20902,14.1,1.65,2.5
2011-06-23,16.4,12.6,21.8,19387,2.3,1.45,3.0
2011-06-24,13.5,11.0,18.2,17493,3.2,1.29,2.9
2011-06-25,14.4,10.1,18.9,19624,0.3,1.23,2.5
2011-06-26,17.3,12.9,23.6,16093,0.4,1.5,1.8
2011-06-27,20.0,10.7,27.1,29911,0.0,1.36,1.9
2011-06-28,21.7,14.0,28.3,29768,0.0,1.66,2.3
2011-06-29,23.1,14.1,30.7,27991,0.0,1.72,2.3
2011-06-30,14.6,10.5,19.8,13655,9.1,1.27,3.1
2011-07-01,14.5,8.7,19.6,23179,0.6,1.14,2.7
2011-07-02,12.1,10.7,13.6,10735,37.6,1.24,3.5
2011-07-03,14.8,13.0,16.3,10717,11.8,1.44,3.5
2011-07-04,15.3,14.0,16.4,10698,17.1,1.54,2.2
2011-07-05,18.0,13.1,24.6,20073,0.0,1.52,1.4
2011-07-06,20.4,11.8,29.4,26681,12.1,1.51,2.1
2011-07-07,21.2,16.8,26.5,21643,1.3,1.91,1.8
2011-07-08,20.4,15.9,25.3,20360,0.0,1.81,2.4
2011-07-09,21.7,12.5,29.9,21576,0.4,1.56,2.3
2011-07-10,20.1,15.9,25.7,16671,29.6,1.81,1.7
2011-07-11,18.1,13.5,24.3,19257,0.3,1.56,1.7
2011-07-12,20.7,12.2,26.9,24080,0.0,1.49,2.2
2011-07-13,21.0,17.0,25.6,13451,50.5,1.93,2.9
2011-07-14,17.5,14.6,21.4,13540,0.0,1.62,3.8
2011-07-15,15.7,12.9,17.7,11017,0.0,1.44,3.3
2011-07-16,19.5,11.6,25.6,27245,0.0,1.42,2.4
2011-07-17,19.0,14.6,24.1,11067,7.2,1.66,3.1
2011-07-18,17.8,12.6,22.9,21557,0.0,1.47,3.3
2011-07-19,18.8,12.0,25.2,25092,0.0,1.45,2.0
2011-07-20,19.0,14.4,22.6,10822,0.0,1.62,2.8
2011-07-21,17.6,15.4,19.7,10162,2.0,1.7,2.7
2011-07-22,14.0,12.5,16.0,10119,10.4,1.41,3.9
2011-07-23,15.7,11.8,19.7,15612,0.0,1.36,3.7
2011-07-24,14.8,10.8,18.5,15558,0.0,1.28,3.5
2011-07-25,14.3,12.5,17.0,9983,0.2,1.41,1.9
2011-07-26,17.8,11.6,24.4,23896,0.0,1.39,1.4
2011-07-27,18.9,11.2,25.6,25290,0.0,1.38,1.5
2011-07-28,18.1,12.1,22.5,12764,2.8,1.43,1.9
2011-07-29,15.2,13.4,17.3,9784,45.8,1.49,2.8
2011-07-30,15.7,13.4,20.1,9731,14.4,1.5,3.3
2011-07-31,14.8,13.4,16.2,9678,1.1,1.49,2.4
2011-08-01,16.8,14.0,20.3,11924,0.0,1.57,1.5
2011-08-02,18.8,12.1,25.5,24789,0.0,1.45,1.9
2011-08-03,21.2,12.7,28.2,24336,1.2,1.53,2.2
2011-08-04,19.8,17.1,23.4,10174,1.8,1.91,1.9
2011-08-05,20.2,15.8,25.3,14432,12.7,1.78,1.9
2011-08-06,23.0,15.3,28.8,19864,0.9,1.79,1.9
2011-08-07,19.3,13.1,22.8,11302,0.1,1.5,2.8
2011-08-08,16.5,13.3,20.8,17900,3.1,1.49,3.5
2011-08-09,16.1,13.5,20.3,13897,0.9,1.51,4.4
2011-08-10,15.1,12.2,19.5,12162,0.2,1.4,3.3
2011-08-11,19.5,15.2,25.7,12089,1.7,1.74,3.3
2011-08-12,17.8,15.1,22.6,11191,4.7,1.69,2.4
2011-08-13,18.4,14.3,23.2,18739,0.0,1.61,1.7
2011-08-14,19.7,14.9,25.3,12212,8.0,1.7,2.3
2011-08-15,17.9,13.7,22.7,13180,0.7,1.56,2.0
2011-08-16,16.0,10.7,20.4,11703,0.0,1.29,1.4
2011-08-17,19.2,12.6,25.7,18100,0.0,1.5,1.6
2011-08-18,20.8,12.6,27.8,22258,2.8,1.53,1.7
2011-08-19,19.0,12.3,23.6,13985,0.5,1.46,3.3
2011-08-20,16.7,10.4,23.8,22467,0.0,1.3,1.8
2011-08-21,20.6,12.7,25.5,15164,0.1,1.51,1.8
2011-08-22,21.6,14.9,26.3,20960,0.0,1.71,1.9
2011-08-23,18.2,15.3,22.5,10781,9.6,1.72,2.1
2011-08-24,21.3,15.2,28.8,15868,28.1,1.79,1.8
2011-08-25,21.6,17.5,27.0,18780,0.0,2.0,1.6
2011-08-26,25.6,18.5,31.8,19881,0.0,2.19,2.7
2011-08-27,17.0,13.7,22.5,7883,2.0,1.55,3.2
2011-08-28,15.9,11.9,20.6,13655,0.0,1.38,2.9
2011-08-29,14.2,12.0,18.9,11133,1.0,1.38,3.2
2011-08-30,13.6,10.4,17.7,10273,0.1,1.23,2.6
2011-08-31,14.3,8.7,20.1,14529,0.0,1.15,1.8
2011-09-01,14.3,11.3,18.2,10521,0.0,1.32,1.4
2011-09-02,16.9,11.5,23.1,17415,0.0,1.38,1.3
2011-09-03,20.7,11.4,29.5,20167,0.0,1.48,1.5
2011-09-04,22.2,17.3,28.6,14167,8.2,2.0,1.8
2011-09-05,18.1,12.8,21.1,7493,2.8,1.45,2.9
2011-09-06,17.1,12.2,21.8,16131,3.6,1.41,3.7
2011-09-07,15.7,13.6,18.8,10670,1.2,1.51,4.3
2011-09-08,13.4,11.1,15.6,7142,4.6,1.28,3.7
2011-09-09,14.6,10.8,18.1,6956,0.9,1.28,2.0
2011-09-10,19.2,14.5,24.4,9743,0.0,1.65,1.8
2011-09-11,21.0,16.7,27.8,13916,5.1,1.92,2.3
2011-09-12,18.6,15.1,22.2,15200,0.0,1.69,3.9
2011-09-13,18.1,13.4,22.2,15160,0.0,1.52,3.9
2011-09-14,15.3,12.8,18.5,11927,0.0,1.44,3.5
2011-09-15,13.7,9.8,18.2,12796,0.0,1.21,2.6
2011-09-16,12.4,8.0,17.8,14828,0.0,1.07,1.6
2011-09-17,16.1,9.4,22.9,12245,0.0,1.21,2.3
2011-09-18,15.1,11.2,17.9,6117,3.9,1.3,2.3
2011-09-19,13.3,9.5,18.5,14294,0.0,1.18,2.2
2011-09-20,13.6,7.6,20.4,15863,0.0,1.07,2.1
2011-09-21,14.7,9.8,20.6,13528,0.0,1.22,2.1
2011-09-22,15.2,9.6,19.4,10759,0.0,1.19,2.7
2011-09-23,12.4,6.9,17.8,12776,0.0,1.0,1.8
2011-09-24,13.0,4.8,20.8,15033,0.0,0.93,1.5
2011-09-25,14.4,7.1,23.4,14872,0.0,1.09,1.2
2011-09-26,17.1,8.8,25.7,13895,0.0,1.22,1.5
2011-09-27,15.6,9.0,20.0,7182,2.4,1.17,1.2
2011-09-28,13.9,7.4,22.0,13230,0.0,1.08,1.5
2011-09-29,15.4,8.8,24.4,14137,0.0,1.19,1.4
2011-09-30,16.2,7.8,26.9,13888,0.0,1.17,1.4
2011-10-01,16.1,8.4,26.5,13728,0.0,1.21,1.1
2011-10-02,16.0,8.0,25.7,13482,0.0,1.16,1.1
2011-10-03,17.5,11.4,23.8,10094,0.0,1.37,1.9
2011-10-04,19.0,15.6,24.1,10218,0.0,1.74,2.8
2011-10-05,16.5,14.0,19.4,5422,0.0,1.56,3.0
2011-10-06,15.2,9.1,20.6,6411,5.4,1.18,4.2
2011-10-07,9.7,7.1,11.9,7542,0.9,0.98,3.8
2011-10-08,8.6,5.2,11.8,9377,1.6,0.86,3.8
2011-10-09,8.1,3.5,13.1,9652,5.7,0.79,2.6
2011-10-10,13.1,8.2,16.8,4377,10.7,1.08,4.0
2011-10-11,13.0,10.4,16.1,4304,17.8,1.24,4.3
2011-10-12,10.4,5.8,14.3,8726,0.0,0.92,3.2
2011-10-13,7.8,2.6,14.0,10062,0.0,0.75,1.9
2011-10-14,4.6,-0.3,12.3,10457,0.0,0.62,1.7
2011-10-15,5.3,-1.1,12.2,11366,0.0,0.59,2.0
2011-10-16,7.3,1.9,14.0,11141,0.0,0.72,2.0
2011-10-17,7.8,0.8,14.8,9891,0.0,0.68,2.0
2011-10-18,9.2,5.5,16.4,6201,1.5,0.91,3.6
2011-10-19,8.8,5.3,12.6,8257,0.3,0.88,3.2
2011-10-20,6.1,2.9,9.8,6154,0.0,0.74,2.5
2011-10-21,5.6,1.6,11.1,7110,0.0,0.68,1.9
2011-10-22,5.1,-0.6,11.5,10052,0.0,0.6,2.1
2011-10-23,5.2,-0.4,11.9,9775,0.0,0.62,2.4
2011-10-24,6.5,2.1,11.5,5646,0.0,0.71,3.7
2011-10-25,9.5,7.4,11.6,5089,0.1,0.99,3.5
2011-10-26,9.7,3.9,12.3,3290,0.0,0.81,2.0
2011-10-27,8.2,1.9,11.8,3229,0.0,0.71,2.1
2011-10-28,11.1,5.4,15.5,7749,0.0,0.9,1.5
2011-10-29,9.7,3.2,15.6,5469,0.0,0.79,1.5
2011-10-30,11.8,8.0,16.7,4753,0.0,1.07,1.8
2011-10-31,10.9,7.3,15.6,4801,0.0,1.01,1.6
2011-11-01,9.8,5.7,14.5,6875,0.0,0.91,2.1
2011-11-02,7.1,2.9,10.6,3737,0.0,0.74,2.0
2011-11-03,8.4,4.7,13.9,5653,0.0,0.85,2.6
2011-11-04,7.3,2.8,11.4,3729,0.0,0.74,2.4
2011-11-05,6.8,2.7,12.7,4954,0.0,0.74,2.1
2011-11-06,6.5,2.5,14.1,5051,0.0,0.75,1.9
2011-11-07,6.4,0.5,14.0,6859,0.0,0.66,2.4
2011-11-08,6.6,2.8,12.3,6591,0.0,0.75,2.1
2011-11-09,4.5,1.4,6.9,2535,0.1,0.66,1.6
2011-11-10,3.6,0.6,5.7,2490,0.0,0.62,2.5
2011-11-11,1.7,-0.6,4.7,4842,0.0,0.57,3.2
2011-11-12,1.0,-1.8,6.7,6655,0.0,0.53,2.1
2011-11-13,0.9,-3.2,7.9,6403,0.0,0.5,1.4
2011-11-14,0.0,-4.3,6.3,5736,0.0,0.45,1.4
2011-11-15,1.1,0.0,1.9,2277,0.0,0.58,1.9
2011-11-16,0.2,-4.1,3.7,2701,0.0,0.45,2.1
2011-11-17,-0.7,-2.4,1.0,2200,0.0,0.49,1.8
2011-11-18,2.5,-1.2,4.9,2163,0.0,0.55,1.4
2011-11-19,5.8,4.0,8.1,2128,0.0,0.79,1.4
2011-11-20,5.1,-0.2,7.9,2093,0.0,0.6,1.4
2011-11-21,1.4,-1.9,6.2,4542,0.0,0.53,1.4
2011-11-22,0.9,-0.5,2.4,2028,0.0,0.57,1.5
2011-11-23,0.0,-1.0,1.6,1997,0.0,0.55,1.5
2011-11-24,5.0,-0.6,10.1,3997,0.0,0.59,2.1
2011-11-25,6.1,2.7,9.8,4790,0.3,0.73,3.0
2011-11-26,7.2,5.0,9.3,3253,0.0,0.85,3.7
2011-11-27,9.2,7.5,10.7,1884,0.2,1.0,5.1
2011-11-28,5.5,-0.7,9.0,5041,0.0,0.58,2.4
2011-11-29,3.5,-1.2,7.9,5215,0.0,0.56,2.6
2011-11-30,6.7,2.1,10.3,4627,0.0,0.71,2.7
2011-12-01,5.9,0.7,10.7,2099,0.5,0.65,3.2
2011-12-02,8.4,2.9,12.4,1768,1.1,0.76,3.1
2011-12-03,4.9,2.1,7.6,1879,3.0,0.69,4.6
2011-12-04,6.7,4.4,8.5,1730,1.5,0.81,4.5
2011-12-05,4.3,2.4,6.7,2617,0.2,0.7,4.5
2011-12-06,3.4,2.2,5.6,2124,0.2,0.69,4.0
2011-12-07,3.6,1.1,5.6,1723,6.6,0.64,4.8
2011-12-08,5.3,4.1,7.7,2597,3.1,0.79,4.8
2011-12-09,5.7,2.3,8.6,3379,0.1,0.71,5.1
2011-12-10,2.9,1.1,4.9,1934,0.0,0.64,3.3
2011-12-11,1.5,0.0,4.2,3799,0.1,0.59,2.5
2011-12-12,4.2,-1.0,7.4,1621,0.7,0.57,3.3
2011-12-13,5.2,2.4,7.9,1612,2.0,0.71,4.7
2011-12-14,6.4,4.3,10.4,1770,2.0,0.82,4.5
2011-12-15,5.1,3.5,6.9,1886,0.1,0.76,4.0
2011-12-16,3.3,0.2,7.5,1593,18.1,0.61,5.3
2011-12-17,3.5,2.5,4.9,2327,0.2,0.7,4.6
2011-12-18,2.7,1.1,4.1,1708,0.4,0.64,3.6
2011-12-19,2.2,0.3,2.8,1624,0.0,0.6,3.1
2011-12-20,1.0,-0.2,2.4,2441,3.2,0.58,3.1
2011-12-21,3.2,0.7,4.8,1624,0.7,0.62,2.8
2011-12-22,3.6,1.3,5.9,1584,1.4,0.65,2.2
2011-12-23,7.9,5.7,9.2,1586,0.3,0.88,2.8
2011-12-24,5.5,2.3,8.1,1590,5.3,0.7,4.1
2011-12-25,5.1,2.0,8.0,1594,0.5,0.68,3.8
2011-12-26,9.4,7.9,10.5,1600,0.0,1.03,3.4
2011-12-27,8.6,6.3,10.2,1607,0.0,0.92,2.5
2011-12-28,6.6,4.7,8.4,3605,0.0,0.82,3.1
2011-12-29,5.4,3.9,6.6,1665,2.1,0.78,5.0
2011-12-30,3.5,2.4,5.0,1759,3.3,0.7,4.2
2011-12-31,2.6,0.1,4.9,3282,0.8,0.6,2.5
2012-01-01,8.0,3.1,11.3,1657,2.0,0.76,3.3
2012-01-02,9.1,4.4,13.3,1670,6.5,0.83,3.4
2012-01-03,5.9,2.4,10.2,2666,2.6,0.72,5.4
2012-01-04,5.4,4.0,6.9,2087,5.2,0.79,5.7
2012-01-05,4.9,2.9,6.6,2149,9.3,0.73,7.0
2012-01-06,2.4,-0.2,4.1,1735,0.7,0.58,4.4
2012-01-07,4.6,2.4,6.7,1754,5.6,0.7,4.6
2012-01-08,4.9,4.0,6.3,1774,2.5,0.79,3.7
2012-01-09,4.3,1.9,7.5,1796,2.8,0.69,3.0
2012-01-10,5.5,4.1,7.3,2402,0.0,0.79,3.1
2012-01-11,7.4,5.5,8.7,1842,0.3,0.87,3.0
2012-01-12,7.7,3.7,10.2,1866,3.0,0.78,4.9
2012-01-13,3.1,1.6,4.1,1984,0.1,0.66,5.0
2012-01-14,1.6,-1.2,4.0,4711,0.0,0.54,3.2
2012-01-15,-0.7,-3.2,2.4,5142,0.0,0.47,1.7
2012-01-16,0.8,-1.6,2.8,1977,1.0,0.52,1.8
2012-01-17,2.2,-1.4,3.6,2007,0.3,0.54,1.9
2012-01-18,1.3,-1.7,4.4,4703,5.3,0.53,2.8
2012-01-19,4.2,2.4,5.5,2072,11.2,0.7,4.4
2012-01-20,2.1,0.5,3.3,2106,0.7,0.61,4.0
2012-01-21,2.7,0.8,5.2,2141,6.5,0.63,4.4
2012-01-22,4.2,2.2,6.3,2228,5.8,0.69,5.5
2012-01-23,1.5,0.1,2.6,2214,6.1,0.59,2.9
2012-01-24,0.5,-2.4,1.8,2253,0.2,0.5,1.9
2012-01-25,-2.5,-4.9,-1.4,2293,0.0,0.41,1.7
2012-01-26,-2.7,-6.0,0.9,6517,0.0,0.39,3.1
2012-01-27,-2.5,-3.8,-1.1,2375,1.0,0.45,2.3
2012-01-28,-4.0,-5.1,-3.0,2419,5.0,0.4,1.8
2012-01-29,-5.2,-6.6,-3.5,3506,0.0,0.36,2.7
2012-01-30,-6.2,-8.9,-2.8,6619,0.0,0.3,2.9
2012-01-31,-8.2,-10.6,-6.3,6884,0.0,0.26,3.5
2012-02-01,-8.9,-11.1,-5.7,7155,0.0,0.25,3.6
2012-02-02,-12.4,-17.9,-7.9,7202,0.2,0.15,2.9
2012-02-03,-10.5,-18.0,-4.8,4917,0.0,0.16,2.0
2012-02-04,-14.5,-19.1,-6.0,5999,0.0,0.14,1.5
2012-02-05,-14.1,-20.9,-7.4,6749,0.0,0.12,1.9
2012-02-06,-16.5,-22.7,-10.7,7637,0.0,0.1,1.7
2012-02-07,-12.7,-21.9,-6.2,4443,0.0,0.12,2.7
2012-02-08,-7.5,-11.3,-3.5,7866,0.2,0.26,2.7
2012-02-09,-4.9,-8.9,-2.3,3714,1.1,0.31,2.7
2012-02-10,-10.6,-17.4,-6.1,7656,0.1,0.16,2.2
2012-02-11,-10.5,-18.6,-5.0,5069,0.0,0.15,2.0
2012-02-12,-9.3,-19.2,-3.1,4957,0.0,0.15,1.9
2012-02-13,-1.9,-2.8,-1.0,3260,0.0,0.48,1.8
2012-02-14,-0.8,-6.3,1.9,3321,2.1,0.38,2.6
2012-02-15,2.3,0.1,4.7,7434,0.0,0.6,5.5
2012-02-16,0.8,-3.1,4.2,8435,5.4,0.48,2.7
2012-02-17,4.5,2.0,7.0,4203,0.3,0.68,3.4
2012-02-18,4.9,1.1,8.7,3787,2.3,0.65,3.1
2012-02-19,3.4,0.6,6.2,3927,0.2,0.62,3.6
2012-02-20,1.1,-0.9,4.1,9082,0.0,0.56,2.6
2012-02-21,1.6,0.1,4.4,3779,4.5,0.6,3.1
2012-02-22,6.2,3.7,9.5,5826,2.5,0.77,3.2
2012-02-23,7.4,4.7,10.5,4362,0.1,0.83,4.1
2012-02-24,10.0,6.1,11.7,3988,1.3,0.92,4.2
2012-02-25,5.8,3.8,8.3,7016,5.1,0.78,3.8
2012-02-26,3.5,-2.3,7.2,8884,0.1,0.52,2.6
2012-02-27,1.3,-3.4,5.0,6374,2.6,0.47,2.2
2012-02-28,7.9,5.0,10.4,4277,0.6,0.85,3.4
2012-02-29,10.0,9.3,11.3,4352,0.2,1.13,2.3
2012-03-01,9.5,7.8,10.9,4426,0.0,1.02,2.1
2012-03-02,6.8,0.0,9.2,4664,0.0,0.61,1.7
2012-03-03,3.7,-1.5,10.4,9892,0.0,0.56,2.3
2012-03-04,4.4,1.3,7.3,4655,0.0,0.65,2.1
2012-03-05,4.0,-0.2,10.1,11241,0.0,0.61,3.1
2012-03-06,1.7,-2.8,6.7,12649,0.0,0.5,2.0
2012-03-07,3.1,-3.7,9.1,9485,1.5,0.49,2.7
2012-03-08,4.8,1.0,9.4,7288,0.8,0.65,3.1
2012-03-09,5.3,-0.4,10.1,11643,0.0,0.6,2.3
2012-03-10,8.8,6.5,12.2,5477,0.1,0.94,3.0
2012-03-11,7.9,6.9,9.2,5207,0.1,0.96,3.2
2012-03-12,8.1,6.2,10.4,5287,0.2,0.92,3.3
2012-03-13,7.5,6.1,8.7,5368,0.0,0.91,2.7
2012-03-14,7.4,6.1,8.3,5450,0.0,0.91,2.2
2012-03-15,6.4,0.2,11.0,9933,0.0,0.63,1.5
2012-03-16,9.5,-0.9,20.3,15604,0.0,0.66,2.0
2012-03-17,11.0,5.1,17.6,14932,0.0,0.91,2.2
2012-03-18,9.3,4.2,16.2,10200,1.3,0.84,2.8
2012-03-19,6.7,3.0,11.4,15158,0.0,0.75,2.9
2012-03-20,7.9,1.2,13.4,10056,0.4,0.68,2.5
2012-03-21,10.3,7.3,13.6,6122,0.0,1.01,2.0
2012-03-22,9.9,4.0,16.7,13688,0.0,0.84,1.8
2012-03-23,9.4,0.6,17.7,17160,0.0,0.69,1.4
2012-03-24,10.5,1.5,19.3,16734,0.0,0.74,1.6
2012-03-25,8.1,1.6,15.9,15901,0.0,0.72,2.1
2012-03-26,7.4,-1.6,15.8,15253,0.0,0.6,1.8
2012-03-27,10.2,4.4,17.0,16105,0.0,0.86,2.4
2012-03-28,12.3,5.4,19.8,17881,0.0,0.95,3.0
2012-03-29,8.2,6.8,9.7,6688,0.1,0.95,4.6
2012-03-30,8.2,6.5,10.0,7388,0.1,0.93,4.7
2012-03-31,5.7,0.1,8.2,10377,1.1,0.61,4.8
2012-04-01,4.7,-1.5,9.8,12986,1.3,0.56,3.3
2012-04-02,5.8,3.6,8.0,7856,0.0,0.76,2.7
2012-04-03,8.3,3.9,14.1,9739,4.3,0.81,2.1
2012-04-04,4.9,3.9,6.0,7179,3.2,0.78,2.9
2012-04-05,3.8,-2.1,7.3,7367,0.0,0.53,2.5
2012-04-06,3.1,-2.8,7.9,11643,2.7,0.51,2.1
2012-04-07,3.1,-0.2,5.7,9368,0.3,0.58,3.2
2012-04-08,2.0,-2.2,7.5,17289,0.0,0.52,2.2
2012-04-09,6.0,0.5,11.0,11735,0.0,0.64,3.3
2012-04-10,12.0,7.8,17.7,11946,0.0,1.06,3.3
2012-04-11,9.2,4.2,11.8,7848,2.6,0.82,2.3
2012-04-12,8.4,4.2,13.8,8371,5.2,0.83,1.7
2012-04-13,6.8,0.2,11.7,11576,0.4,0.64,1.7
2012-04-14,7.3,-1.1,15.0,20528,0.0,0.61,1.9
2012-04-15,8.5,0.8,14.3,15031,0.0,0.67,3.1
2012-04-16,6.3,0.3,11.4,17514,0.0,0.63,3.4
2012-04-17,5.3,-0.9,10.6,18540,0.0,0.58,2.5
2012-04-18,8.4,2.9,13.7,14093,0.0,0.77,2.7
2012-04-19,11.1,3.2,17.9,16827,0.0,0.82,2.4
2012-04-20,10.0,1.8,16.5,14748,0.9,0.73,2.1
2012-04-21,10.4,5.3,16.4,17849,0.6,0.91,2.6
2012-04-22,8.8,5.2,14.1,15173,0.5,0.89,2.7
2012-04-23,9.7,4.6,15.6,17131,0.0,0.86,2.5
2012-04-24,10.7,5.9,15.4,13143,0.0,0.92,2.6
2012-04-25,11.7,7.0,16.8,15338,0.0,1.01,3.1
2012-04-26,14.6,10.9,17.6,8841,0.0,1.28,3.2
2012-04-27,16.3,10.5,23.2,17406,0.0,1.3,2.2
2012-04-28,20.1,8.5,31.4,22353,0.0,1.28,2.6
2012-04-29,21.6,13.0,29.0,16166,0.0,1.6,3.0
2012-04-30,17.8,11.8,23.8,21969,0.0,1.41,2.5
2012-05-01,17.6,8.9,27.1,24578,0.0,1.25,2.5
2012-05-02,18.8,10.8,27.2,24923,2.1,1.37,2.7
2012-05-03,15.9,11.3,21.3,10135,2.7,1.34,2.0
2012-05-04,15.5,10.1,20.4,16459,0.2,1.24,2.1
2012-05-05,9.2,6.2,12.4,9416,9.9,0.93,2.3
2012-05-06,8.4,5.3,12.4,12499,0.2,0.87,1.9
2012-05-07,10.2,6.7,14.0,9896,0.0,0.97,1.5
2012-05-08,14.8,8.4,20.9,18339,0.0,1.13,2.2
2012-05-09,16.8,11.0,22.1,14395,0.2,1.33,2.4
2012-05-10,20.3,13.3,25.2,17510,1.3,1.56,2.6
2012-05-11,20.6,12.7,27.9,15622,3.3,1.54,3.2
2012-05-12,10.3,4.4,13.9,17768,0.0,0.84,3.6
2012-05-13,7.8,1.7,13.6,15011,0.0,0.71,2.1
2012-05-14,11.0,2.1,17.3,26625,0.0,0.75,2.2
2012-05-15,11.4,7.0,19.5,19190,4.1,1.03,2.6
2012-05-16,8.9,4.4,13.6,15306,0.6,0.84,3.7
2012-05-17,7.9,1.8,13.8,19560,0.0,0.72,2.5
2012-05-18,12.2,4.6,18.0,22587,0.1,0.89,2.7
2012-05-19,16.9,9.6,24.5,18809,0.1,1.26,1.9
2012-05-20,20.9,9.1,28.6,27915,0.0,1.29,2.1
2012-05-21,22.6,14.0,29.0,18294,0.0,1.68,2.8
2012-05-22,24.6,17.6,30.8,24185,0.4,2.07,2.4
2012-05-23,22.2,15.0,30.5,27226,0.0,1.79,2.5
2012-05-24,18.8,12.7,25.0,28776,0.0,1.51,2.9
2012-05-25,17.0,8.8,23.9,28706,0.0,1.19,2.7
2012-05-26,17.7,9.8,24.6,27010,0.0,1.27,2.3
2012-05-27,19.0,13.3,25.1,25185,0.0,1.56,1.6
2012-05-28,18.9,12.1,25.7,24854,0.0,1.46,1.8
2012-05-29,16.0,8.2,21.9,25146,0.0,1.13,2.8
2012-05-30,13.0,7.8,17.9,17049,2.5,1.06,2.2
2012-05-31,13.3,10.4,16.4,11069,11.1,1.23,2.1
2012-06-01,12.2,7.3,15.8,14857,0.0,1.01,3.7
2012-06-02,10.5,5.8,15.7,18898,0.0,0.92,2.6
2012-06-03,9.5,5.7,13.0,10645,8.3,0.91,2.2
2012-06-04,11.5,8.4,15.3,12802,17.2,1.08,2.5
2012-06-05,10.6,6.4,15.0,14582,0.0,0.96,2.6
2012-06-06,11.2,3.6,16.4,13096,0.8,0.82,2.2
2012-06-07,16.4,8.7,21.5,15001,1.1,1.16,2.0
2012-06-08,19.3,11.9,24.7,23568,0.0,1.42,2.9
2012-06-09,16.6,9.4,22.3,24216,0.0,1.22,3.2
2012-06-10,14.9,8.1,21.1,23605,0.0,1.11,2.0
2012-06-11,16.8,7.8,22.1,17581,0.0,1.12,1.6
2012-06-12,16.8,13.1,21.1,16209,2.4,1.48,2.0
2012-06-13,15.1,9.8,20.1,18863,0.0,1.21,2.6
2012-06-14,13.3,8.5,18.0,12956,0.0,1.11,1.6
2012-06-15,16.4,6.5,22.0,18124,1.6,1.03,2.1
2012-06-16,17.4,14.7,20.4,11081,3.9,1.63,2.4
2012-06-17,17.4,10.5,24.0,23043,0.0,1.32,2.6
2012-06-18,21.1,9.7,32.5,26948,1.2,1.4,2.8
2012-06-19,18.1,9.2,24.3,20529,9.9,1.22,1.8
2012-06-20,15.9,14.5,17.0,10836,7.7,1.6,2.1
2012-06-21,14.9,14.0,16.5,10834,0.0,1.55,2.1
2012-06-22,18.5,12.4,24.1,24042,0.0,1.47,2.9
2012-06-23,17.0,11.1,23.4,21519,0.2,1.34,2.4
2012-06-24,17.1,12.6,23.6,14341,6.8,1.46,3.0
2012-06-25,14.5,12.0,17.9,15967,3.1,1.36,4.0
2012-06-26,14.3,10.2,17.8,12437,0.0,1.23,3.2
2012-06-27,14.1,9.1,17.4,12929,3.6,1.15,2.0
2012-06-28,20.2,16.2,25.9,18946,0.0,1.84,1.7
2012-06-29,23.9,18.2,32.1,20687,1.8,2.16,2.1
2012-06-30,22.6,17.8,28.3,21421,9.2,2.03,1.9
2012-07-01,20.2,14.2,25.0,18138,1.4,1.63,2.5
2012-07-02,16.5,11.5,22.4,17991,0.6,1.36,1.8
2012-07-03,18.6,15.3,23.8,13330,0.0,1.71,1.4
2012-07-04,20.9,14.3,27.0,27965,0.0,1.66,1.7
2012-07-05,21.7,16.7,27.8,19670,7.0,1.92,2.0
2012-07-06,23.0,19.3,28.1,16513,4.3,2.2,2.0
2012-07-07,20.1,15.7,24.4,14358,5.6,1.77,1.5
2012-07-08,21.0,14.5,27.4,22201,0.3,1.7,2.6
2012-07-09,19.9,15.5,24.7,20042,0.5,1.75,3.2
2012-07-10,19.7,14.2,25.2,20754,0.8,1.64,2.2
2012-07-11,16.5,13.2,22.2,14483,2.5,1.51,2.8
2012-07-12,14.7,11.2,19.9,21172,3.7,1.32,3.4
2012-07-13,14.7,10.3,18.0,10803,5.7,1.23,2.4
2012-07-14,15.9,14.2,19.8,14248,6.6,1.57,3.4
2012-07-15,15.6,10.4,20.2,17064,2.1,1.27,2.8
2012-07-16,15.1,12.5,20.5,18508,5.7,1.43,3.3
2012-07-17,16.1,13.2,21.1,16974,11.8,1.49,3.5
2012-07-18,17.4,14.0,22.7,12101,9.6,1.59,2.9
2012-07-19,16.2,12.7,21.1,15271,12.6,1.45,3.8
2012-07-20,15.1,10.1,20.1,19294,0.0,1.24,2.6
2012-07-21,14.2,9.6,18.8,17020,0.0,1.19,2.3
2012-07-22,14.6,9.2,21.5,18689,0.0,1.19,1.8
2012-07-23,18.4,8.4,25.9,26616,0.0,1.2,2.3
2012-07-24,21.6,11.7,29.0,27034,0.0,1.48,1.9
2012-07-25,24.1,15.9,32.9,26468,0.0,1.94,1.5
2012-07-26,24.4,17.7,31.2,24312,0.0,2.07,1.7
2012-07-27,24.8,14.8,32.2,25578,7.6,1.82,1.8
2012-07-28,21.9,18.6,27.4,14534,14.5,2.11,2.3
2012-07-29,18.5,14.2,22.1,14230,5.7,1.6,2.3
2012-07-30,16.6,10.2,21.4,18535,0.0,1.25,2.4
2012-07-31,16.5,9.8,22.1,16766,0.0,1.24,1.9
2012-08-01,20.4,11.5,27.5,25755,0.0,1.43,1.8
2012-08-02,22.0,16.9,28.8,20118,2.5,1.94,2.3
2012-08-03,19.4,16.2,24.9,15225,1.3,1.82,1.6
2012-08-04,20.7,14.2,27.1,22829,0.5,1.67,1.5
2012-08-05,18.5,15.7,22.8,12326,3.2,1.76,1.5
2012-08-06,20.1,16.8,25.1,14286,0.0,1.89,2.7
2012-08-07,18.0,14.0,22.0,16472,0.2,1.57,3.3
2012-08-08,16.8,13.7,23.0,14727,0.5,1.55,2.2
2012-08-09,16.0,11.6,21.3,15003,0.0,1.36,1.9
2012-08-10,14.5,10.3,19.3,10555,0.1,1.24,2.1
2012-08-11,16.5,12.0,22.1,22013,0.0,1.4,1.9
2012-08-12,15.7,8.8,22.9,23077,0.0,1.18,2.3
2012-08-13,16.1,8.0,23.6,20626,0.0,1.14,2.1
2012-08-14,17.8,9.2,25.0,24013,0.0,1.23,1.9
2012-08-15,17.4,9.1,24.1,23659,0.0,1.23,2.1
2012-08-16,15.9,11.4,20.2,11392,1.1,1.34,1.8
2012-08-17,18.8,10.7,26.0,20760,0.0,1.35,1.4
2012-08-18,22.4,12.8,30.1,21676,0.0,1.58,1.8
2012-08-19,25.6,13.4,36.2,22810,0.0,1.77,1.8
2012-08-20,27.0,20.4,34.7,18125,0.0,2.46,2.1
2012-08-21,21.9,17.8,26.8,16537,7.4,2.03,1.5
2012-08-22,20.2,14.9,24.7,18573,0.0,1.68,2.8
2012-08-23,17.6,11.9,24.4,22052,1.3,1.42,2.0
2012-08-24,15.7,10.9,20.1,8258,0.3,1.3,1.8
2012-08-25,19.3,14.0,25.3,16872,0.0,1.62,2.7
2012-08-26,18.1,14.7,22.5,14204,0.5,1.65,3.7
2012-08-27,16.0,11.9,21.7,16635,0.0,1.4,2.2
2012-08-28,17.9,12.2,24.5,13110,0.0,1.46,2.1
2012-08-29,20.4,12.8,27.9,18249,0.0,1.54,1.7
2012-08-30,19.2,14.5,23.1,7682,2.5,1.63,1.7
2012-08-31,16.4,12.6,19.8,7819,0.0,1.43,2.2
2012-09-01,14.2,8.3,19.4,17307,0.0,1.1,2.0
2012-09-02,14.8,6.4,22.3,17707,0.0,1.02,1.7
2012-09-03,16.3,10.1,23.2,16186,0.0,1.26,1.6
2012-09-04,16.8,9.1,24.4,18908,0.0,1.22,1.8
2012-09-05,16.1,12.8,20.9,11193,0.2,1.46,2.1
2012-09-06,14.4,11.2,18.8,14638,0.0,1.31,2.4
2012-09-07,16.3,11.5,20.5,7661,0.8,1.36,2.5
2012-09-08,17.5,10.9,22.8,9225,0.0,1.33,1.8
2012-09-09,19.2,9.4,27.3,18348,0.0,1.27,1.8
2012-09-10,23.3,15.9,30.8,17579,0.0,1.87,1.9
2012-09-11,19.8,13.0,27.4,12471,1.2,1.57,2.4
2012-09-12,13.4,8.5,16.9,9237,0.0,1.09,2.3
2012-09-13,12.0,5.7,18.8,14220,0.0,0.94,1.6
2012-09-14,14.5,8.8,20.6,11905,0.9,1.16,3.4
2012-09-15,14.8,11.2,19.3,7853,0.1,1.32,2.6
2012-09-16,16.4,11.6,22.5,16341,0.0,1.37,2.0
2012-09-17,16.0,10.3,23.0,15214,0.0,1.28,1.9
2012-09-18,15.8,8.6,23.5,12182,2.6,1.18,2.4
2012-09-19,11.8,6.5,16.1,13195,0.0,0.97,2.7
2012-09-20,10.4,4.9,16.6,13623,0.0,0.88,2.1
2012-09-21,12.6,5.7,18.1,11322,0.3,0.94,2.1
2012-09-22,11.7,6.3,16.0,10172,0.0,0.96,2.7
2012-09-23,10.5,3.5,16.4,12359,0.2,0.81,2.0
2012-09-24,12.8,9.9,16.5,5638,7.6,1.19,3.4
2012-09-25,15.4,10.8,21.6,9544,3.7,1.3,2.8
2012-09-26,15.7,12.1,21.0,5925,8.8,1.4,2.1
2012-09-27,14.0,11.8,16.6,8066,2.5,1.34,3.1
2012-09-28,13.4,10.8,17.6,9637,0.0,1.27,2.6
2012-09-29,12.5,8.4,18.0,7069,0.0,1.11,2.4
2012-09-30,11.3,6.2,17.0,13208,0.0,0.95,2.2
2012-10-01,11.0,3.9,18.8,12195,0.0,0.85,1.8
2012-10-02,13.5,7.5,19.9,12813,0.0,1.06,2.2
2012-10-03,15.6,11.7,19.8,10134,0.1,1.36,2.9
2012-10-04,12.9,8.1,16.0,4755,10.9,1.07,3.3
2012-10-05,11.8,7.7,17.9,4926,4.5,1.05,3.6
2012-10-06,11.4,5.9,18.3,4929,5.4,0.96,3.0
2012-10-07,8.7,5.4,13.7,7194,3.1,0.89,2.9
2012-10-08,9.1,4.3,13.2,6132,0.0,0.82,2.1
2012-10-09,7.6,3.1,13.1,9523,0.0,0.77,2.6
2012-10-10,7.3,3.3,11.3,5400,0.3,0.76,1.9
2012-10-11,7.8,3.8,13.4,6091,0.0,0.81,1.7
2012-10-12,7.6,1.0,12.5,7378,4.2,0.67,2.8
2012-10-13,10.2,6.5,14.3,11140,0.3,0.96,2.7
2012-10-14,9.4,6.9,12.8,7616,1.5,0.96,2.5
2012-10-15,8.7,5.4,12.0,4168,0.0,0.87,2.7
2012-10-16,8.9,4.3,13.5,9377,0.3,0.83,2.9
2012-10-17,11.7,5.9,15.6,8087,0.0,0.93,2.7
2012-10-18,15.0,10.7,20.1,8472,0.0,1.29,2.4
2012-10-19,14.3,6.3,24.1,10194,0.0,1.05,1.9
2012-10-20,14.0,6.4,23.8,9072,0.0,1.04,1.5
2012-10-21,13.7,7.8,20.6,7974,0.0,1.1,1.7
2012-10-22,12.9,11.5,13.8,3477,0.0,1.31,1.9
2012-10-23,11.4,10.3,12.0,3414,0.0,1.21,1.8
2012-10-24,11.2,10.1,12.9,3351,0.4,1.2,1.2
2012-10-25,9.5,6.1,11.8,3488,0.5,0.92,2.4
2012-10-26,3.7,-0.7,7.5,7864,0.0,0.57,2.3
2012-10-27,2.9,-1.4,5.4,3170,0.0,0.54,2.8
2012-10-28,0.0,-3.9,7.8,6361,0.0,0.47,2.0
2012-10-29,1.8,-4.6,6.5,8405,1.7,0.44,2.8
2012-10-30,4.1,2.2,7.3,3183,2.5,0.7,2.4
2012-10-31,5.2,0.9,10.2,7858,0.0,0.65,2.5
2012-11-01,5.7,2.4,9.2,2887,1.4,0.71,3.1
2012-11-02,7.9,5.7,10.3,5353,1.7,0.89,3.8
2012-11-03,7.0,4.7,9.0,3018,0.6,0.83,3.0
2012-11-04,7.4,4.8,11.0,3725,4.2,0.84,2.5
2012-11-05,7.7,6.2,10.5,3316,0.4,0.92,3.1
2012-11-06,5.5,3.0,8.0,5373,1.6,0.73,3.3
2012-11-07,9.1,5.9,11.4,2639,0.8,0.9,4.3
2012-11-08,9.1,8.4,10.2,2535,0.2,1.06,3.4
2012-11-09,8.6,6.4,10.4,2545,0.0,0.93,2.2
2012-11-10,7.2,4.0,10.1,2772,5.3,0.8,2.3
2012-11-11,9.0,6.4,11.5,2401,0.0,0.94,2.1
2012-11-12,6.3,2.8,9.4,4008,0.0,0.73,2.0
2012-11-13,4.5,0.5,10.1,6262,0.0,0.64,1.8
2012-11-14,1.5,-2.4,8.7,6021,0.0,0.52,1.7
2012-11-15,-2.2,-3.5,-1.0,2238,0.0,0.45,1.4
2012-11-16,0.0,-1.4,1.1,2200,0.0,0.53,1.8
2012-11-17,1.7,-1.4,5.9,5029,0.0,0.54,2.2
2012-11-18,4.2,-1.8,6.8,2128,0.6,0.53,1.6
2012-11-19,5.6,1.6,7.1,2093,0.0,0.67,1.7
2012-11-20,5.0,3.5,6.8,2060,0.0,0.75,2.0
2012-11-21,5.9,0.1,9.3,3569,0.0,0.62,2.6
2012-11-22,6.2,0.7,10.2,3904,0.0,0.64,2.4
2012-11-23,3.6,-1.1,7.0,3666,4.8,0.56,2.4
2012-11-24,6.4,5.7,7.5,1938,1.0,0.88,1.6
2012-11-25,8.4,6.1,12.6,1910,0.1,0.92,3.9
2012-11-26,7.3,4.4,9.7,3581,1.3,0.82,2.4
2012-11-27,7.3,4.2,9.0,1858,2.0,0.8,1.6
2012-11-28,5.5,4.3,7.0,1834,3.5,0.8,1.9
2012-11-29,3.6,2.3,5.2,1811,9.9,0.69,3.5
2012-11-30,1.0,-1.7,2.6,1833,1.1,0.52,2.0
2012-12-01,0.6,-1.9,2.3,1856,0.1,0.51,2.1
2012-12-02,-0.1,-0.7,0.8,1748,0.1,0.56,2.5
2012-12-03,0.2,-2.3,2.2,3681,0.9,0.5,3.0
2012-12-04,2.3,0.2,4.4,1971,1.7,0.6,3.6
2012-12-05,-1.9,-4.6,1.3,2466,0.4,0.43,2.7
2012-12-06,-3.0,-7.1,-0.7,2021,1.1,0.35,3.1
2012-12-07,-4.8,-9.6,-0.3,4544,0.0,0.29,2.4
2012-12-08,-7.0,-13.1,-3.0,2663,0.1,0.23,1.6
2012-12-09,-1.6,-3.5,1.8,1641,6.9,0.46,3.7
2012-12-10,-0.4,-3.4,1.9,1630,2.9,0.46,3.9
2012-12-11,-2.5,-3.7,-1.3,1621,0.1,0.44,3.0
2012-12-12,-4.0,-9.1,-2.0,1612,0.1,0.3,1.8
2012-12-13,-3.0,-4.4,-1.6,1728,0.3,0.42,2.0
2012-12-14,-1.4,-4.5,0.8,1680,6.9,0.42,3.1
2012-12-15,3.6,-0.1,5.0,1593,0.7,0.59,2.9
2012-12-16,4.7,3.1,6.2,1589,0.5,0.74,2.5
2012-12-17,3.2,1.2,6.2,1749,0.8,0.65,2.0
2012-12-18,2.3,1.5,3.5,1583,7.2,0.65,1.7
2012-12-19,1.3,0.8,1.8,1582,0.0,0.62,1.4
2012-12-20,1.0,-0.5,1.8,1583,0.0,0.57,3.0
2012-12-21,-2.3,-3.2,-0.4,1584,0.0,0.46,2.8
2012-12-22,-2.5,-3.1,-1.5,1586,4.5,0.46,2.6
2012-12-23,0.9,-1.8,8.1,1590,12.1,0.54,4.0
2012-12-24,7.7,5.9,11.3,1594,0.0,0.91,2.9
2012-12-25,9.3,5.6,12.5,1600,1.3,0.9,3.6
2012-12-26,6.5,3.9,8.4,1689,1.0,0.78,4.3
2012-12-27,6.1,2.1,8.7,2734,1.1,0.7,4.3
2012-12-28,-0.3,-3.5,3.4,4037,0.1,0.46,2.8
2012-12-29,6.7,3.3,8.8,1634,0.0,0.75,3.3
2012-12-30,7.0,4.4,9.8,3408,1.0,0.81,4.3
2012-12-31,7.5,5.5,9.2,1657,0.0,0.87,4.3
2013-01-01,6.6,3.2,7.3,1657,1.8,0.74,3.4
2013-01-02,4.7,3.0,5.8,1670,1.4,0.73,3.1
2013-01-03,7.4,4.5,10.0,1685,1.7,0.82,4.1
2013-01-04,8.3,5.4,9.9,1701,7.6,0.87,4.0
2013-01-05,7.5,6.3,8.4,1717,1.0,0.92,3.1
2013-01-06,6.7,5.4,7.5,1735,2.8,0.86,3.1
2013-01-07,5.6,4.5,6.5,1754,4.1,0.81,1.8
2013-01-08,6.1,4.9,6.5,1774,2.7,0.83,2.2
2013-01-09,6.5,4.6,7.0,1796,6.3,0.81,2.4
2013-01-10,2.6,-1.1,4.7,1818,3.2,0.55,3.2
2013-01-11,-1.1,-3.4,0.7,3155,1.1,0.46,2.3
2013-01-12,-2.8,-5.8,-1.4,1958,0.5,0.38,1.7
2013-01-13,-2.4,-4.9,-0.6,2768,0.1,0.41,2.0
2013-01-14,-4.4,-6.4,-3.4,2710,0.2,0.36,1.7
2013-01-15,-4.4,-8.1,-3.2,2182,0.0,0.32,1.7
2013-01-16,-3.4,-4.6,-2.9,1977,0.0,0.42,1.8
2013-01-17,-0.8,-3.1,-0.1,2055,0.0,0.47,2.3
2013-01-18,-2.8,-4.2,-1.0,2039,0.0,0.43,2.5
2013-01-19,-5.9,-7.3,-4.1,2121,0.0,0.34,3.2
2013-01-20,-5.1,-9.2,-3.2,2304,1.4,0.3,3.0
2013-01-21,-4.3,-7.1,-3.1,2141,2.9,0.35,2.8
2013-01-22,-6.8,-7.8,-6.1,2177,0.0,0.33,2.1
2013-01-23,-6.2,-7.1,-5.4,2214,0.0,0.35,1.4
2013-01-24,-5.2,-9.3,-3.5,2253,0.0,0.29,1.7
2013-01-25,-8.9,-15.0,-1.9,4858,0.0,0.2,1.7
2013-01-26,-8.9,-13.9,-3.9,2545,0.3,0.21,2.8
2013-01-27,-0.2,-3.9,2.1,2375,3.4,0.44,3.2
2013-01-28,2.6,0.4,5.0,4208,1.4,0.61,2.9
2013-01-29,5.0,1.9,7.5,2573,6.2,0.69,4.4
2013-01-30,8.9,5.6,12.4,2564,6.0,0.89,5.4
2013-01-31,6.5,4.4,7.8,3173,0.0,0.81,6.2
2013-02-01,5.7,2.9,7.5,2603,9.1,0.73,3.5
2013-02-02,0.8,-2.9,4.3,2709,1.6,0.48,3.2
2013-02-03,0.3,-3.4,3.2,3168,5.1,0.47,3.8
2013-02-04,3.7,0.8,8.7,3107,3.0,0.64,4.6
2013-02-05,2.8,-0.4,6.1,3761,0.3,0.58,4.2
2013-02-06,0.9,-1.5,4.2,7456,0.1,0.54,2.5
2013-02-07,0.4,-0.9,2.3,3280,2.1,0.55,2.3
2013-02-08,-0.8,-1.5,0.0,2967,2.2,0.53,2.0
2013-02-09,-2.3,-7.7,0.3,3903,0.6,0.34,1.6
2013-02-10,-4.0,-9.4,0.1,4606,0.0,0.3,2.1
2013-02-11,-3.1,-7.6,-0.3,4684,0.0,0.34,3.4
2013-02-12,-0.7,-2.6,1.7,6585,0.1,0.49,2.5
2013-02-13,-3.3,-4.8,-2.2,3260,0.0,0.41,1.5
2013-02-14,-2.0,-4.4,0.7,4189,0.0,0.43,2.2
2013-02-15,-0.5,-2.5,1.4,3384,0.0,0.49,1.7
2013-02-16,0.4,-3.2,2.7,3447,0.0,0.47,1.2
2013-02-17,0.4,-0.2,1.8,3512,0.0,0.58,1.3
2013-02-18,0.3,-0.4,1.2,3577,5.1,0.57,1.5
2013-02-19,0.2,-0.4,1.5,3643,1.5,0.57,2.8
2013-02-20,-0.9,-2.8,0.4,3711,0.2,0.48,2.9
2013-02-21,-2.0,-3.2,0.2,6387,0.0,0.46,3.0
2013-02-22,-2.9,-4.4,-0.9,5020,0.2,0.43,3.3
2013-02-23,-2.6,-4.3,-0.9,3917,4.9,0.43,3.3
2013-02-24,0.2,-0.9,1.0,3988,3.4,0.55,2.5
2013-02-25,1.2,0.7,2.2,4059,0.1,0.62,2.4
2013-02-26,0.8,0.5,1.5,4131,0.2,0.6,2.3
2013-02-27,0.9,0.3,2.3,4204,0.0,0.6,2.0
2013-02-28,1.6,0.2,4.2,4277,0.2,0.6,1.8
2013-03-01,1.8,-1.9,5.3,6728,0.0,0.53,2.4
2013-03-02,1.1,-2.5,6.3,11872,0.1,0.5,2.3
2013-03-03,1.8,-3.0,5.4,4906,0.0,0.49,2.3
2013-03-04,2.7,-3.1,9.6,12590,0.0,0.5,2.0
2013-03-05,4.5,-2.2,12.1,12915,0.0,0.55,2.0
2013-03-06,3.3,-3.8,13.1,12576,0.0,0.51,1.7
2013-03-07,5.0,0.5,9.6,6074,0.1,0.63,2.7
2013-03-08,1.1,0.3,5.4,4889,0.0,0.61,3.3
2013-03-09,0.1,-0.7,1.6,4967,6.5,0.56,3.2
2013-03-10,-2.3,-5.1,-0.6,5047,4.3,0.41,3.4
2013-03-11,-4.8,-7.8,-2.8,5127,0.9,0.33,3.0
2013-03-12,-3.9,-8.6,-0.9,6711,0.1,0.32,2.5
2013-03-13,-6.5,-10.7,-0.2,13858,0.0,0.27,1.9
2013-03-14,-4.8,-10.4,-0.1,6089,0.0,0.28,1.9
2013-03-15,-4.7,-9.5,0.9,12358,0.0,0.3,1.9
2013-03-16,-2.5,-9.9,3.3,15069,0.0,0.3,3.1
2013-03-17,0.6,-3.1,4.5,9961,0.8,0.48,3.9
2013-03-18,-0.7,-2.1,0.8,5695,6.8,0.5,3.2
2013-03-19,-1.4,-2.2,0.0,5777,1.8,0.5,3.1
2013-03-20,-0.7,-3.6,4.2,6998,5.2,0.47,2.5
2013-03-21,-1.6,-6.6,0.9,6229,0.3,0.37,2.3
2013-03-22,-3.4,-9.0,1.4,7857,0.0,0.32,3.4
2013-03-23,-5.7,-8.4,-2.7,16312,0.0,0.32,4.8
2013-03-24,-4.8,-10.8,0.1,17062,0.0,0.27,4.6
2013-03-25,-2.5,-6.6,2.2,16537,0.0,0.37,4.4
2013-03-26,-1.7,-5.5,2.3,16498,0.0,0.4,3.6
2013-03-27,-0.7,-4.5,2.7,11247,0.2,0.43,3.1
2013-03-28,-0.4,-2.2,1.6,6825,0.6,0.5,2.5
2013-03-29,-0.2,-1.4,1.2,6605,4.5,0.53,2.1
2013-03-30,0.4,-1.3,3.1,8324,0.0,0.54,1.8
2013-03-31,-0.1,-1.5,3.3,9344,0.4,0.53,2.2
2013-04-01,-0.5,-5.7,4.6,15974,0.0,0.41,2.3
2013-04-02,-0.5,-6.4,3.0,8708,0.0,0.38,2.9
2013-04-03,1.0,-2.1,4.8,10481,0.0,0.51,3.3
2013-04-04,1.4,-2.1,4.0,9528,0.0,0.51,3.2
2013-04-05,1.9,0.8,3.6,7179,0.0,0.63,2.7
2013-04-06,1.9,-2.6,5.2,7260,0.0,0.5,2.0
2013-04-07,2.7,-4.1,9.4,17020,0.0,0.47,2.0
2013-04-08,4.4,-2.3,10.0,15749,0.0,0.53,2.3
2013-04-09,5.1,1.5,9.2,9458,0.0,0.67,2.9
2013-04-10,6.6,2.9,10.3,8127,0.0,0.74,3.0
2013-04-11,8.8,4.5,16.1,9418,7.5,0.86,2.7
2013-04-12,10.2,7.3,13.5,10832,1.8,1.0,3.2
2013-04-13,9.8,2.3,14.5,9815,0.0,0.74,3.3
2013-04-14,11.4,1.4,19.3,14366,0.0,0.74,2.2
2013-04-15,17.1,9.6,24.8,16940,0.2,1.25,2.3
2013-04-16,15.4,11.4,20.6,11989,0.0,1.34,2.2
2013-04-17,15.9,10.9,20.5,13441,0.0,1.3,2.0
2013-04-18,17.1,11.4,24.0,18540,0.0,1.39,3.8
2013-04-19,11.8,6.9,15.5,12153,0.0,0.99,2.9
2013-04-20,7.4,2.2,13.1,20495,0.0,0.72,3.1
2013-04-21,11.4,4.0,17.7,19927,0.0,0.85,2.2
2013-04-22,9.9,3.8,16.3,12535,0.0,0.82,1.8
2013-04-23,12.0,6.1,16.9,12390,0.0,0.95,2.9
2013-04-24,13.3,6.6,19.3,21089,0.0,1.0,2.2
2013-04-25,16.4,12.0,21.1,15363,0.0,1.39,1.6
2013-04-26,17.5,7.1,24.7,16745,10.7,1.09,2.4
2013-04-27,7.3,5.8,9.3,8841,2.3,0.89,2.8
2013-04-28,9.0,5.0,14.1,18822,0.1,0.87,1.9
2013-04-29,10.6,6.8,15.6,12527,0.0,0.98,2.6
2013-04-30,10.5,4.5,15.6,15097,0.0,0.85,2.3
2013-05-01,11.6,6.3,16.9,15537,0.0,0.96,2.3
2013-05-02,12.3,7.8,16.1,9170,0.0,1.05,2.2
2013-05-03,12.2,3.5,18.3,19413,0.0,0.82,1.9
2013-05-04,12.1,0.9,19.9,22144,0.0,0.73,2.0
2013-05-05,14.4,3.8,22.5,25850,0.0,0.9,1.8
2013-05-06,16.3,6.2,24.1,21364,0.0,1.05,2.0
2013-05-07,17.0,14.0,22.3,10563,17.8,1.59,1.9
2013-05-08,18.2,12.9,23.9,19476,0.1,1.49,2.0
2013-05-09,16.5,12.2,22.7,13478,7.0,1.42,2.0
2013-05-10,14.8,8.5,19.2,14273,0.0,1.12,2.5
2013-05-11,12.3,7.2,17.0,11774,0.7,1.02,2.1
2013-05-12,10.1,5.5,16.7,15378,3.8,0.91,2.7
2013-05-13,10.6,5.0,15.0,17523,1.1,0.88,2.9
2013-05-14,12.1,8.8,14.7,11820,0.3,1.11,2.5
2013-05-15,18.0,8.7,26.4,25519,0.0,1.23,2.5
2013-05-16,20.2,12.8,26.7,22269,0.0,1.54,2.4
2013-05-17,21.5,16.5,26.9,20116,0.0,1.87,2.4
2013-05-18,12.9,7.6,18.0,11162,10.6,1.06,2.3
2013-05-19,14.0,6.4,21.4,23576,0.0,1.02,2.2
2013-05-20,14.1,10.3,16.7,10140,0.0,1.23,2.5
2013-05-21,13.1,9.2,17.3,16879,0.1,1.15,2.4
2013-05-22,9.6,6.5,12.4,10224,5.2,0.94,3.8
2013-05-23,9.2,3.4,15.7,21948,0.0,0.81,2.2
2013-05-24,9.3,5.6,13.5,13788,0.0,0.9,1.8
2013-05-25,9.1,7.4,12.5,10839,34.7,1.0,2.4
2013-05-26,11.1,8.9,13.3,10378,6.1,1.11,3.8
2013-05-27,11.5,8.8,16.5,16528,0.0,1.11,2.5
2013-05-28,12.6,9.5,17.9,12570,7.3,1.18,1.9
2013-05-29,14.4,10.5,18.8,14354,0.7,1.26,2.3
2013-05-30,15.3,11.5,19.2,11636,4.0,1.34,2.1
2013-05-31,16.0,13.6,22.9,13419,16.0,1.54,3.6
2013-06-01,16.9,13.5,22.9,14201,10.7,1.54,3.4
2013-06-02,12.3,10.9,14.3,10595,1.4,1.26,4.1
2013-06-03,13.4,8.8,20.1,19650,0.0,1.15,3.2
2013-06-04,14.1,7.1,20.7,19303,0.0,1.05,2.3
2013-06-05,15.0,4.6,22.1,29373,0.0,0.93,1.8
2013-06-06,16.8,6.5,24.4,29653,0.0,1.07,1.8
2013-06-07,18.7,10.0,25.9,29430,0.0,1.3,1.7
2013-06-08,19.1,12.5,25.2,23924,0.0,1.49,1.9
2013-06-09,18.5,12.6,24.5,22688,0.1,1.47,2.1
2013-06-10,17.1,10.2,23.1,25600,0.0,1.28,2.1
2013-06-11,16.6,7.5,23.9,24108,0.0,1.12,1.6
2013-06-12,18.8,9.1,25.3,24878,0.0,1.23,1.9
2013-06-13,21.4,14.7,26.6,18978,6.0,1.7,2.8
2013-06-14,15.4,10.0,20.3,16472,0.0,1.23,2.7
2013-06-15,17.0,8.5,23.5,20131,0.3,1.16,2.7
2013-06-16,16.5,11.6,21.5,19005,0.0,1.38,2.5
2013-06-17,19.9,11.4,26.6,26061,0.0,1.43,1.8
2013-06-18,23.5,17.5,30.3,28079,0.0,2.05,1.8
2013-06-19,27.5,18.3,35.0,28710,0.0,2.24,2.2
2013-06-20,24.7,18.3,31.3,22668,51.2,2.14,2.3
2013-06-21,20.7,17.5,24.6,23925,0.0,1.96,3.2
2013-06-22,19.8,15.3,24.9,23419,0.0,1.74,2.8
2013-06-23,18.2,14.6,22.7,18003,0.0,1.64,3.2
2013-06-24,16.6,13.0,20.9,18248,0.3,1.47,2.5
2013-06-25,13.1,11.6,14.7,10820,12.2,1.32,3.0
2013-06-26,12.4,8.9,15.9,12069,0.1,1.12,3.2
2013-06-27,13.1,8.4,18.5,18974,0.5,1.1,2.2
2013-06-28,14.4,9.5,19.8,15945,0.1,1.19,2.2
2013-06-29,14.5,9.5,19.5,11534,2.2,1.19,3.0
2013-06-30,12.4,7.0,16.3,15539,0.1,1.0,2.4
2013-07-01,19.1,13.7,26.0,21798,11.7,1.6,2.2
2013-07-02,18.2,13.8,23.9,22906,0.0,1.59,1.7
2013-07-03,20.8,15.7,28.0,18367,0.2,1.81,2.2
2013-07-04,19.4,17.4,23.2,12328,2.4,1.93,1.7
2013-07-05,19.3,14.7,25.3,16190,0.0,1.69,1.8
2013-07-06,18.5,12.2,24.8,28809,0.0,1.46,1.9
2013-07-07,18.2,10.3,25.2,28649,0.0,1.32,2.0
2013-07-08,20.1,11.4,27.5,29362,0.0,1.43,2.2
2013-07-09,20.2,12.9,27.5,28948,0.0,1.55,1.9
2013-07-10,17.4,12.3,22.7,21915,0.0,1.45,2.7
2013-07-11,16.9,11.4,22.1,14267,0.0,1.36,2.6
2013-07-12,16.2,10.7,23.5,17973,0.0,1.32,1.9
2013-07-13,18.1,11.2,24.7,25406,0.0,1.38,2.0
2013-07-14,16.0,12.6,18.6,10429,0.0,1.42,2.3
2013-07-15,17.0,10.9,24.9,24937,0.0,1.36,2.0
2013-07-16,18.8,10.0,27.0,25383,0.0,1.32,1.6
2013-07-17,21.0,12.1,29.2,25949,0.0,1.5,1.7
2013-07-18,21.4,13.8,28.4,24654,0.0,1.63,2.2
2013-07-19,21.0,13.1,27.3,25587,0.0,1.57,2.7
2013-07-20,21.9,15.0,27.7,26145,0.0,1.73,2.0
2013-07-21,21.2,10.6,29.8,28303,0.0,1.42,1.7
2013-07-22,22.8,11.6,32.4,28234,0.0,1.53,1.4
2013-07-23,22.8,13.4,30.3,27548,0.0,1.64,1.8
2013-07-24,23.5,15.4,30.7,23913,0.3,1.82,1.8
2013-07-25,24.2,18.6,30.6,24458,0.0,2.19,1.4
2013-07-26,25.4,18.4,32.6,20712,0.7,2.18,1.4
2013-07-27,26.7,19.8,34.8,22967,1.0,2.4,1.7
2013-07-28,26.4,20.0,34.7,17646,20.4,2.44,2.4
2013-07-29,21.2,17.9,25.2,10515,2.4,2.02,2.0
2013-07-30,20.5,17.1,26.1,22496,0.1,1.95,2.9
2013-07-31,20.4,17.6,26.2,15380,0.2,2.0,2.8
2013-08-01,23.6,17.5,29.7,21972,0.0,2.04,1.7
2013-08-02,27.8,18.2,35.5,25997,0.0,2.24,1.9
2013-08-03,25.6,18.9,33.1,19876,1.2,2.25,2.4
2013-08-04,21.2,16.4,25.9,14984,9.0,1.85,1.6
2013-08-05,21.7,15.4,28.9,23669,0.0,1.81,1.9
2013-08-06,23.3,17.6,30.5,20342,11.9,2.07,2.3
2013-08-07,20.7,17.3,25.3,10825,6.6,1.95,2.1
2013-08-08,20.1,16.5,23.9,14330,2.4,1.84,2.3
2013-08-09,17.5,13.5,22.4,15202,0.0,1.53,1.6
2013-08-10,18.2,13.0,24.9,18908,1.2,1.53,2.2
2013-08-11,16.5,13.1,20.9,14921,0.3,1.49,2.4
2013-08-12,17.1,13.5,23.4,14602,2.3,1.55,2.3
2013-08-13,15.5,11.1,21.4,19208,1.2,1.34,2.8
2013-08-14,14.5,10.4,20.8,16886,0.1,1.26,2.3
2013-08-15,17.1,8.6,23.8,19470,0.0,1.18,1.7
2013-08-16,21.9,16.7,27.6,22034,0.0,1.9,1.9
2013-08-17,20.4,12.4,26.7,18100,0.0,1.51,1.8
2013-08-18,20.5,17.3,26.5,10850,0.6,1.96,2.5
2013-08-19,17.7,14.2,21.6,9393,1.6,1.6,2.0
2013-08-20,16.6,12.3,21.8,14463,0.0,1.44,2.0
2013-08-21,16.1,9.7,22.5,14139,0.0,1.24,1.5
2013-08-22,16.3,8.7,25.0,19372,0.0,1.2,1.4
2013-08-23,17.9,10.7,25.1,12588,0.0,1.34,2.0
2013-08-24,18.7,12.4,25.1,21490,0.0,1.48,2.5
2013-08-25,19.4,14.5,25.9,20347,0.0,1.67,2.6
2013-08-26,17.7,9.4,24.0,21664,0.0,1.23,2.6
2013-08-27,15.9,8.4,22.1,13649,0.0,1.15,1.9
2013-08-28,16.8,10.4,25.8,12331,0.0,1.33,1.5
2013-08-29,16.8,8.2,26.2,17612,0.0,1.19,1.3
2013-08-30,18.0,10.5,25.4,18358,0.0,1.33,1.6
2013-08-31,17.4,10.6,22.6,11160,1.1,1.31,2.5
2013-09-01,14.1,8.6,18.3,10197,0.0,1.11,2.9
2013-09-02,15.0,13.2,17.5,7415,2.1,1.48,3.8
2013-09-03,17.1,15.6,19.7,7443,1.5,1.71,2.2
2013-09-04,16.8,10.9,20.8,8107,0.0,1.3,1.3
2013-09-05,18.1,11.2,25.5,19542,0.0,1.38,2.1
2013-09-06,19.8,12.9,27.7,19598,0.0,1.56,2.4
2013-09-07,19.9,12.7,28.7,18397,0.0,1.57,1.8
2013-09-08,18.2,13.4,24.6,10151,27.5,1.55,2.3
2013-09-09,12.9,10.1,15.2,7059,5.6,1.2,2.5
2013-09-10,12.6,9.6,18.3,8309,1.1,1.19,2.6
2013-09-11,11.8,9.0,14.6,6996,3.1,1.12,2.6
2013-09-12,12.7,10.3,17.0,9237,0.0,1.23,1.9
2013-09-13,14.2,10.4,19.7,12951,0.0,1.26,1.8
2013-09-14,15.7,9.1,22.0,14619,0.1,1.2,2.2
2013-09-15,14.5,11.8,16.9,7155,0.3,1.34,2.3
2013-09-16,12.8,8.8,15.6,6674,0.2,1.1,3.2
2013-09-17,10.5,5.1,16.2,14586,1.2,0.9,3.3
2013-09-18,10.0,8.2,12.9,6311,4.6,1.06,2.7
2013-09-19,11.3,7.4,15.2,6900,0.1,1.02,2.5
2013-09-20,12.8,10.7,16.0,6239,3.0,1.26,2.4
2013-09-21,13.2,9.9,16.7,6817,0.0,1.2,1.7
2013-09-22,13.8,9.4,17.3,5978,0.0,1.17,2.2
2013-09-23,16.4,14.8,18.4,5895,0.2,1.63,2.7
2013-09-24,14.0,10.1,16.6,5628,2.0,1.2,1.7
2013-09-25,10.7,8.0,13.2,5547,2.3,1.05,1.6
2013-09-26,8.7,3.7,13.3,7188,0.2,0.8,2.2
2013-09-27,8.9,2.3,15.6,12483,0.0,0.75,1.6
2013-09-28,9.2,2.8,16.5,12161,0.0,0.77,1.9
2013-09-29,9.3,4.7,15.2,14314,0.0,0.86,3.3
2013-09-30,9.0,4.4,14.9,14326,0.0,0.85,2.9
2013-10-01,8.1,1.4,14.9,12342,0.0,0.71,2.3
2013-10-02,6.7,-1.3,14.6,11509,0.0,0.6,2.9
2013-10-03,7.0,0.3,14.0,13832,0.0,0.66,3.5
2013-10-04,8.9,2.2,15.7,12069,0.0,0.75,2.9
2013-10-05,9.7,7.5,12.8,4755,5.6,1.01,1.7
2013-10-06,12.5,9.2,15.5,4678,0.2,1.14,1.4
2013-10-07,13.9,11.7,17.2,4684,0.0,1.33,1.4
2013-10-08,13.3,9.8,16.3,5578,0.0,1.18,1.3
2013-10-09,13.4,11.2,16.6,4452,2.0,1.29,2.2
2013-10-10,9.4,7.5,11.9,4377,6.7,1.01,2.2
2013-10-11,12.0,7.8,15.7,4304,15.6,1.05,2.5
2013-10-12,11.3,8.7,13.1,4230,16.2,1.09,2.3
2013-10-13,7.4,2.9,11.7,7532,0.0,0.74,2.1
2013-10-14,9.1,3.3,14.1,5755,0.2,0.79,2.0
2013-10-15,10.3,7.9,12.8,4240,7.0,1.03,2.3
2013-10-16,8.7,7.0,12.0,5132,0.4,0.97,1.9
2013-10-17,11.6,7.4,15.9,6150,2.3,1.02,4.0
2013-10-18,8.7,1.4,12.8,6781,0.1,0.69,2.3
2013-10-19,8.7,2.4,14.2,8687,0.1,0.74,2.4
2013-10-20,15.9,13.2,18.6,4665,0.3,1.48,2.3
2013-10-21,14.7,11.5,18.0,7040,0.0,1.33,2.5
2013-10-22,15.4,8.4,21.5,8251,0.0,1.14,2.5
2013-10-23,17.4,14.1,20.2,3819,0.1,1.57,3.1
2013-10-24,12.5,4.2,16.9,8082,0.2,0.85,2.2
2013-10-25,11.3,4.1,16.0,3351,1.3,0.84,2.1
2013-10-26,16.2,13.0,19.3,5272,3.4,1.46,2.7
2013-10-27,15.6,11.4,18.9,5318,0.8,1.32,4.4
2013-10-28,15.2,11.6,20.7,3557,0.2,1.35,5.3
2013-10-29,11.7,7.6,15.1,5214,0.0,1.02,3.9
2013-10-30,8.7,5.1,12.6,6642,0.0,0.86,2.7
2013-10-31,7.1,3.0,12.0,8285,0.0,0.76,2.4
2013-11-01,9.2,6.2,11.5,3249,1.1,0.92,2.6
2013-11-02,10.3,7.0,12.7,2887,2.5,0.98,2.8
2013-11-03,9.6,5.3,12.0,3613,2.7,0.87,4.2
2013-11-04,9.0,6.0,12.4,3492,4.9,0.91,4.1
2013-11-05,7.5,4.5,10.5,3549,2.7,0.82,3.3
2013-11-06,7.5,4.8,10.3,2911,6.0,0.83,3.8
2013-11-07,11.1,7.5,15.2,2630,6.2,1.02,3.6
2013-11-08,8.9,6.7,11.3,3373,2.9,0.95,2.1
2013-11-09,8.9,5.0,11.4,5660,1.9,0.85,4.0
2013-11-10,6.3,3.3,7.6,3372,0.0,0.75,2.9
2013-11-11,5.3,2.3,8.9,4678,0.0,0.71,1.9
2013-11-12,4.9,1.1,8.2,3747,1.1,0.65,2.2
2013-11-13,6.3,1.7,10.2,4647,0.0,0.69,2.0
2013-11-14,3.5,0.4,7.6,4842,0.0,0.62,1.9
2013-11-15,1.9,-1.4,4.3,2277,0.0,0.54,1.8
2013-11-16,1.8,-0.3,4.8,2906,0.0,0.58,2.2
2013-11-17,5.0,2.2,6.8,2200,0.2,0.69,1.6
2013-11-18,5.2,3.9,6.0,2163,0.0,0.78,1.9
2013-11-19,6.1,4.4,8.5,2327,6.0,0.81,2.0
2013-11-20,4.0,2.2,5.4,2093,10.4,0.69,2.2
2013-11-21,2.4,0.1,3.7,2060,4.0,0.59,2.0
2013-11-22,3.7,1.6,4.8,2028,2.5,0.66,2.6
2013-11-23,5.5,2.2,7.3,1997,0.1,0.7,2.4
2013-11-24,2.1,-1.8,5.5,2391,0.4,0.53,2.9
2013-11-25,-0.4,-3.2,3.2,5164,0.0,0.47,2.3
2013-11-26,-1.3,-3.8,3.1,5059,0.0,0.45,1.6
2013-11-27,0.3,-3.5,4.1,1929,0.6,0.46,2.2
2013-11-28,6.5,3.7,9.0,2131,0.0,0.78,2.9
2013-11-29,5.2,3.6,6.4,1834,4.9,0.76,3.3
2013-11-30,4.5,2.8,6.2,1811,0.8,0.72,2.6
2013-12-01,5.4,2.3,7.3,1789,0.0,0.7,2.6
2013-12-02,0.6,-1.2,2.5,1768,0.0,0.54,1.8
2013-12-03,-0.5,-3.1,2.0,1748,0.0,0.47,1.7
2013-12-04,1.2,-2.7,4.6,1730,1.2,0.49,2.9
2013-12-05,2.9,1.4,4.3,1712,2.2,0.65,5.3
2013-12-06,1.3,-0.1,2.5,1738,1.8,0.58,6.9
2013-12-07,1.0,0.0,1.7,1851,1.1,0.59,3.8
2013-12-08,4.6,0.7,8.2,1666,4.6,0.63,3.5
2013-12-09,8.5,7.9,9.1,1653,4.4,1.02,3.4
2013-12-10,8.1,6.9,8.5,1641,0.8,0.96,1.8
2013-12-11,5.0,3.5,7.0,1630,0.1,0.76,1.9
2013-12-12,2.8,0.8,3.9,1621,0.0,0.63,2.0
2013-12-13,0.1,-1.2,1.5,1612,0.0,0.54,1.9
2013-12-14,0.4,-3.1,4.1,3132,0.0,0.48,2.5
2013-12-15,3.8,1.9,6.5,1598,1.1,0.68,3.0
2013-12-16,5.8,2.4,9.6,4714,0.0,0.71,2.8
2013-12-17,5.4,1.2,8.7,2368,0.0,0.65,1.9
2013-12-18,3.3,-0.4,6.9,2036,0.0,0.59,2.2
2013-12-19,5.9,3.1,7.6,1583,1.4,0.74,3.0
2013-12-20,4.2,1.5,6.6,1582,0.0,0.66,2.5
2013-12-21,4.7,2.2,6.4,1624,1.7,0.7,3.7
2013-12-22,7.9,4.8,10.2,2280,2.8,0.84,4.2
2013-12-23,7.0,4.6,9.1,4085,0.0,0.82,3.8
2013-12-24,11.4,8.9,13.4,1590,0.0,1.11,4.8
2013-12-25,8.8,4.5,11.0,1594,2.6,0.83,2.8
2013-12-26,5.2,2.3,6.7,1600,2.9,0.7,1.8
2013-12-27,6.5,4.6,7.5,4334,0.0,0.82,3.9
2013-12-28,8.5,5.0,11.1,1614,9.4,0.86,2.9
2013-12-29,5.6,3.6,7.5,2081,1.4,0.77,3.1
2013-12-30,2.6,0.9,5.1,4935,0.0,0.63,2.8
2013-12-31,2.3,-0.7,6.0,4499,0.0,0.57,2.5
2014-01-01,1.5,-1.7,4.2,1657,0.1,0.53,2.7
2014-01-02,4.7,0.8,8.1,1670,0.1,0.64,3.2
2014-01-03,6.7,3.6,9.4,2880,0.2,0.77,3.2
2014-01-04,6.2,4.6,8.7,1915,0.0,0.82,2.9
2014-01-05,4.9,1.4,7.0,1717,0.5,0.65,2.6
2014-01-06,5.5,1.4,9.3,1779,8.7,0.67,3.3
2014-01-07,9.6,7.7,11.4,4165,1.5,1.02,3.3
2014-01-08,8.4,4.5,10.9,2260,1.2,0.83,3.1
2014-01-09,8.8,4.5,12.3,1796,1.4,0.83,4.0
2014-01-10,6.0,4.0,7.5,2177,0.0,0.79,4.0
2014-01-11,4.9,2.7,7.3,4241,1.6,0.71,3.2
2014-01-12,3.4,0.0,5.7,4105,0.0,0.6,2.8
2014-01-13,1.9,-1.2,4.7,1984,0.0,0.54,2.2
2014-01-14,2.3,-0.4,5.1,2896,0.0,0.57,1.5
2014-01-15,2.4,-0.4,4.2,1947,0.5,0.57,2.3
2014-01-16,3.0,1.2,5.1,1977,6.2,0.64,2.8
2014-01-17,6.2,4.0,9.7,2151,0.0,0.8,2.3
2014-01-18,4.3,1.4,6.7,3686,0.0,0.65,2.5
2014-01-19,1.3,-2.0,4.8,2072,0.0,0.52,3.3
2014-01-20,-1.8,-2.6,-1.0,2106,0.7,0.48,2.6
2014-01-21,-2.4,-3.6,-1.6,2141,3.8,0.45,1.9
2014-01-22,-4.2,-5.2,-3.2,2177,0.2,0.4,2.0
2014-01-23,-4.6,-5.5,-3.7,2214,0.6,0.39,2.7
2014-01-24,-6.1,-12.0,-4.4,2253,0.5,0.24,2.8
2014-01-25,-11.9,-13.6,-9.4,3811,0.0,0.21,2.6
2014-01-26,-11.1,-12.9,-8.1,4081,0.1,0.22,3.6
2014-01-27,-2.8,-8.4,1.2,2751,1.8,0.33,3.1
2014-01-28,-3.0,-5.5,-0.6,3829,0.0,0.39,2.7
2014-01-29,-5.8,-6.6,-4.8,2463,0.0,0.36,3.4
2014-01-30,-4.2,-5.3,-1.9,3786,0.0,0.4,2.9
2014-01-31,-2.0,-5.8,2.3,3848,0.0,0.39,2.1
2014-02-01,1.5,-6.4,6.4,5277,0.1,0.4,2.9
2014-02-02,2.5,-0.3,5.0,2651,0.4,0.58,1.9
2014-02-03,0.7,-1.3,3.1,2701,0.0,0.54,2.3
2014-02-04,1.1,-1.7,6.0,5881,0.1,0.53,2.3
2014-02-05,1.3,-2.1,6.5,6569,0.1,0.52,2.8
2014-02-06,5.2,2.0,9.4,6851,0.2,0.7,3.3
2014-02-07,8.2,4.2,13.0,3035,0.4,0.82,4.5
2014-02-08,6.4,3.1,10.2,4145,0.3,0.75,3.7
2014-02-09,6.0,3.2,9.6,6915,0.0,0.76,4.2
2014-02-10,4.8,0.6,9.9,7529,0.1,0.64,2.6
2014-02-11,4.6,2.3,7.4,3526,0.1,0.7,3.1
2014-02-12,4.6,1.8,8.4,6976,0.2,0.68,3.2
2014-02-13,5.7,3.1,9.9,6160,6.2,0.74,3.7
2014-02-14,5.0,2.5,8.8,7724,0.1,0.72,3.5
2014-02-15,8.9,4.4,12.4,3384,0.0,0.83,4.3
2014-02-16,7.0,2.4,9.9,7342,0.0,0.72,4.2
2014-02-17,5.3,1.0,10.6,8490,0.0,0.66,2.0
2014-02-18,4.7,0.8,8.2,5746,0.0,0.64,1.8
2014-02-19,6.0,2.9,9.4,3714,0.1,0.73,2.3
2014-02-20,7.0,3.7,11.6,6647,0.3,0.79,2.6
2014-02-21,7.0,3.4,11.7,4648,1.4,0.78,3.0
2014-02-22,5.5,1.7,9.8,9271,0.0,0.68,2.9
2014-02-23,5.4,1.4,10.0,10811,0.0,0.68,2.5
2014-02-24,6.0,0.5,12.2,10960,0.0,0.65,2.6
2014-02-25,7.1,0.1,14.6,10807,0.0,0.65,2.4
2014-02-26,7.1,3.1,12.9,4668,0.1,0.77,1.7
2014-02-27,6.9,4.7,10.9,4979,0.2,0.83,2.1
2014-02-28,4.2,-1.9,7.7,4747,0.1,0.53,2.0
2014-03-01,3.9,-1.7,11.4,10292,0.0,0.57,1.6
2014-03-02,3.8,-1.2,9.3,6188,0.0,0.56,1.8
2014-03-03,5.3,0.7,11.8,11379,0.0,0.66,2.6
2014-03-04,5.7,0.6,11.0,5559,0.2,0.64,1.3
2014-03-05,6.1,1.7,11.0,5563,0.0,0.69,1.5
2014-03-06,4.7,1.3,8.8,7569,0.0,0.66,1.7
2014-03-07,4.7,1.5,11.0,9362,0.0,0.68,2.0
2014-03-08,7.3,2.6,12.6,13401,0.0,0.74,1.9
2014-03-09,9.2,0.3,18.0,13392,0.0,0.69,2.4
2014-03-10,7.5,-0.3,18.1,14160,0.0,0.67,1.9
2014-03-11,6.2,-0.9,15.0,11348,0.0,0.61,2.3
2014-03-12,5.3,-1.9,14.9,14406,0.0,0.58,1.7
2014-03-13,6.4,-2.0,17.3,14572,0.0,0.6,1.3
2014-03-14,6.5,0.2,13.7,14467,0.8,0.65,1.9
2014-03-15,8.6,6.5,11.8,8995,1.5,0.94,5.2
2014-03-16,9.7,6.6,11.3,5531,0.2,0.95,5.6
2014-03-17,9.9,8.1,12.0,5613,0.6,1.04,4.0
2014-03-18,9.7,7.3,12.4,5788,3.4,1.0,3.1
2014-03-19,9.6,7.0,12.2,6060,0.4,0.97,4.5
2014-03-20,13.9,7.2,20.3,15537,0.0,1.05,3.2
2014-03-21,14.0,2.0,21.2,9864,0.0,0.79,3.7
2014-03-22,7.9,2.7,11.1,7086,1.9,0.73,2.7
2014-03-23,6.4,0.7,10.3,7760,0.0,0.64,2.2
2014-03-24,4.6,0.0,10.3,8933,2.5,0.62,1.7
2014-03-25,4.3,0.8,10.3,11504,0.8,0.65,1.7
2014-03-26,6.2,0.7,12.1,14609,0.0,0.66,2.3
2014-03-27,7.8,3.0,13.5,17656,0.0,0.76,3.0
2014-03-28,6.3,1.4,8.8,6522,0.0,0.67,2.5
2014-03-29,7.3,1.0,16.8,12090,0.0,0.71,2.1
2014-03-30,10.1,2.5,20.0,16405,0.0,0.8,1.3
2014-03-31,9.0,1.9,16.2,8315,0.0,0.74,1.3
2014-04-01,9.0,0.3,16.7,11932,0.7,0.68,1.7
2014-04-02,12.9,6.0,20.9,17576,0.0,0.99,1.8
2014-04-03,13.1,4.9,22.0,17516,1.2,0.95,2.0
2014-04-04,9.4,7.8,11.1,7520,2.2,1.02,2.5
2014-04-05,10.7,7.8,15.0,8667,0.7,1.04,1.7
2014-04-06,12.2,7.3,18.0,13248,1.4,1.03,2.0
2014-04-07,15.7,12.1,20.6,11750,0.0,1.4,2.1
2014-04-08,12.4,5.1,16.8,9800,1.9,0.89,4.2
2014-04-09,8.3,5.5,12.1,10981,4.4,0.88,3.9
2014-04-10,8.7,7.0,12.1,9767,0.0,0.98,2.1
2014-04-11,9.2,7.5,12.0,7659,0.8,1.0,1.6
2014-04-12,10.0,7.0,16.1,12710,1.1,0.99,1.6
2014-04-13,10.7,7.1,14.7,13479,2.7,0.99,3.2
2014-04-14,7.9,5.2,11.7,14700,1.3,0.87,4.8
2014-04-15,7.2,2.7,11.5,14137,0.1,0.73,3.4
2014-04-16,6.6,-1.0,14.8,21339,0.0,0.61,1.7
2014-04-17,8.8,0.2,13.8,20683,4.9,0.65,2.7
2014-04-18,6.7,0.4,10.8,12403,3.0,0.63,2.7
2014-04-19,10.3,0.1,20.9,16833,0.0,0.71,2.8
2014-04-20,15.3,9.7,21.4,17400,0.1,1.22,3.1
2014-04-21,14.3,10.4,19.3,15784,0.2,1.26,2.3
2014-04-22,14.5,9.5,21.0,18081,7.2,1.21,1.7
2014-04-23,14.2,6.3,21.5,21668,0.0,1.0,1.7
2014-04-24,11.3,7.1,15.8,9914,0.0,1.0,2.1
2014-04-25,16.0,7.0,23.6,19802,0.0,1.08,2.4
2014-04-26,15.7,6.4,23.5,18620,0.0,1.04,1.9
2014-04-27,15.6,9.9,20.5,19663,0.0,1.23,2.3
2014-04-28,15.7,8.4,21.9,21418,0.0,1.14,1.7
2014-04-29,14.9,4.5,22.5,22708,0.0,0.93,1.4
2014-04-30,15.9,8.9,23.0,18897,0.2,1.18,1.6
2014-05-01,14.3,10.3,19.9,10535,9.7,1.25,2.0
2014-05-02,6.5,4.9,10.2,9170,1.9,0.84,2.6
2014-05-03,8.2,1.9,14.5,24803,0.0,0.73,2.5
2014-05-04,6.6,1.7,9.6,9295,0.0,0.68,2.0
2014-05-05,9.9,4.3,15.6,19349,0.0,0.85,1.5
2014-05-06,13.7,5.9,21.2,15692,0.6,0.98,2.6
2014-05-07,14.0,9.4,18.9,16371,0.1,1.18,3.0
2014-05-08,12.4,9.1,16.6,12564,5.5,1.14,3.2
2014-05-09,13.8,8.5,19.1,14572,5.2,1.11,3.7
2014-05-10,12.4,8.4,16.8,16100,4.6,1.09,3.2
2014-05-11,12.1,9.2,16.3,18120,1.3,1.15,4.3
2014-05-12,11.2,8.6,15.6,12688,1.7,1.1,3.8
2014-05-13,10.9,6.2,15.1,14338,2.2,0.95,2.9
2014-05-14,9.1,5.9,13.5,13784,1.1,0.92,3.1
2014-05-15,10.6,5.9,17.3,14824,0.5,0.94,2.5
2014-05-16,12.7,4.1,19.7,24731,0.0,0.87,2.6
2014-05-17,14.1,5.9,20.9,20116,1.3,0.99,2.1
2014-05-18,11.7,9.1,13.2,10050,16.8,1.12,1.8
2014-05-19,13.8,8.1,20.7,16403,0.0,1.11,1.7
2014-05-20,18.3,8.5,27.1,25125,2.7,1.22,1.7
2014-05-21,21.6,10.9,29.0,26179,0.0,1.41,2.1
2014-05-22,23.7,16.4,30.4,26612,0.0,1.92,2.3
2014-05-23,18.7,11.7,21.8,16728,0.0,1.38,2.0
2014-05-24,17.6,10.4,24.3,20756,0.0,1.31,1.8
2014-05-25,17.9,11.4,24.3,26409,0.0,1.38,1.8
2014-05-26,20.1,12.0,25.4,23843,0.0,1.44,2.4
2014-05-27,15.0,10.5,17.9,11286,37.5,1.25,3.0
2014-05-28,10.1,8.0,11.1,10447,18.0,1.03,3.2
2014-05-29,9.1,4.0,11.9,10604,0.0,0.81,2.2
2014-05-30,12.3,2.6,19.6,25647,0.0,0.8,2.0
2014-05-31,14.4,7.6,20.9,27940,0.0,1.07,2.4
2014-06-01,12.3,5.7,18.5,23220,0.0,0.94,1.7
2014-06-02,14.6,5.4,21.7,21124,0.0,0.96,1.4
2014-06-03,15.6,9.2,21.7,15261,0.0,1.18,1.3
2014-06-04,18.3,10.6,24.2,26832,1.8,1.33,2.0
2014-06-05,15.4,9.2,19.7,16191,0.3,1.18,2.9
2014-06-06,16.9,7.7,24.5,29402,0.0,1.13,1.9
2014-06-07,21.0,9.7,29.2,27168,0.0,1.34,1.6
2014-06-08,24.9,14.4,34.0,25810,11.1,1.81,1.8
2014-06-09,24.2,17.0,31.7,25832,0.3,2.02,2.0
2014-06-10,24.8,19.8,31.7,22833,0.2,2.34,2.0
2014-06-11,21.1,16.5,25.5,16812,6.4,1.88,2.2
2014-06-12,17.5,12.9,22.1,27521,0.0,1.47,2.3
2014-06-13,15.3,11.3,20.5,14573,0.3,1.33,2.8
2014-06-14,15.2,8.8,19.9,14835,1.2,1.14,2.5
2014-06-15,15.5,8.6,21.4,23907,0.0,1.15,2.2
2014-06-16,14.8,7.7,19.9,18124,0.0,1.08,2.4
2014-06-17,16.0,10.2,22.9,18508,0.0,1.27,2.1
2014-06-18,16.4,7.5,23.2,28456,0.0,1.11,2.4
2014-06-19,15.0,11.8,17.7,12094,0.2,1.35,3.3
2014-06-20,15.2,11.8,19.9,15620,0.0,1.37,3.4
2014-06-21,14.5,11.6,18.0,11465,0.0,1.34,2.8
2014-06-22,14.9,8.6,20.0,18511,0.2,1.14,2.9
2014-06-23,13.9,7.2,20.2,24168,0.0,1.05,2.5
2014-06-24,13.7,9.6,19.5,13594,17.0,1.19,1.8
2014-06-25,12.2,9.3,14.9,10945,8.9,1.15,2.1
2014-06-26,14.0,6.3,20.7,24518,0.0,1.0,1.4
2014-06-27,17.2,7.1,24.4,24756,0.1,1.1,1.6
2014-06-28,18.4,13.6,24.3,19338,0.2,1.56,1.9
2014-06-29,15.8,13.5,19.7,11659,1.0,1.52,2.3
2014-06-30,15.2,11.1,20.2,16418,3.2,1.31,2.3
2014-07-01,15.1,9.1,20.9,21045,0.0,1.18,1.9
2014-07-02,15.1,8.4,21.7,21275,0.0,1.15,2.0
2014-07-03,17.6,8.9,25.9,25892,0.0,1.23,2.0
2014-07-04,22.6,9.7,32.1,28121,0.0,1.38,2.0
2014-07-05,23.3,18.6,30.2,16315,0.4,2.16,2.5
2014-07-06,24.7,17.7,30.9,26931,0.0,2.08,2.3
2014-07-07,22.1,17.1,25.1,15387,14.5,1.93,2.2
2014-07-08,19.4,16.6,24.4,11857,15.1,1.85,2.7
2014-07-09,20.2,16.1,27.0,13455,3.4,1.83,3.2
2014-07-10,21.3,14.7,29.6,22914,1.9,1.75,2.3
2014-07-11,20.6,12.8,27.2,25120,5.7,1.55,2.3
2014-07-12,16.1,11.7,22.8,17848,2.6,1.39,2.0
2014-07-13,16.3,11.6,22.7,16938,14.1,1.38,2.1
2014-07-14,19.8,15.1,24.9,18267,1.4,1.7,2.6
2014-07-15,21.1,16.8,26.5,26180,0.0,1.91,1.9
2014-07-16,21.0,16.2,26.6,17933,0.0,1.84,1.3
2014-07-17,21.5,13.8,28.5,26569,0.0,1.64,1.3
2014-07-18,22.5,12.7,30.9,28990,0.0,1.6,1.5
2014-07-19,25.4,17.3,32.6,28928,0.0,2.07,2.0
2014-07-20,26.3,17.7,33.9,22808,0.0,2.12,2.2
2014-07-21,24.7,19.1,30.3,20158,0.0,2.22,2.5
2014-07-22,23.4,17.0,30.2,26756,0.2,1.99,2.7
2014-07-23,22.9,17.5,29.3,25580,0.0,2.04,2.6
2014-07-24,19.0,15.0,24.4,12732,11.5,1.69,2.3
2014-07-25,18.8,16.1,22.4,10228,16.6,1.79,1.8
2014-07-26,21.4,17.1,28.3,18630,0.0,1.97,1.6
2014-07-27,22.8,17.0,30.2,18443,0.6,1.99,1.7
2014-07-28,22.9,19.1,28.1,19598,4.3,2.19,1.7
2014-07-29,22.0,19.5,28.1,15143,5.3,2.25,1.9
2014-07-30,20.1,17.4,22.9,9853,2.1,1.94,2.4
2014-07-31,18.7,13.4,24.7,23388,0.0,1.56,1.9
2014-08-01,21.0,11.8,28.0,23909,0.0,1.47,1.7
2014-08-02,23.6,18.4,29.8,17420,0.1,2.15,2.0
2014-08-03,21.9,19.0,26.9,13850,3.8,2.15,1.7
2014-08-04,19.4,15.3,24.6,10054,0.4,1.74,1.6
2014-08-05,18.0,13.9,24.1,15512,25.1,1.58,1.7
2014-08-06,19.0,13.1,25.6,22975,0.0,1.53,1.5
2014-08-07,18.5,12.9,24.4,12615,0.1,1.5,1.5
2014-08-08,20.3,13.1,26.9,22423,0.0,1.57,1.5
2014-08-09,20.6,12.5,27.7,19594,0.8,1.52,3.0
2014-08-10,19.9,11.7,28.1,13346,12.4,1.48,2.7
2014-08-11,19.1,13.8,23.1,20466,0.1,1.56,3.1
2014-08-12,17.0,13.0,22.5,19660,0.9,1.5,2.9
2014-08-13,18.2,10.4,24.8,16511,11.4,1.32,2.3
2014-08-14,17.3,13.8,21.9,19458,0.6,1.56,2.6
2014-08-15,16.1,13.3,19.7,14229,9.8,1.49,2.3
2014-08-16,15.2,13.2,20.7,11820,3.1,1.48,2.8
2014-08-17,16.8,12.7,21.3,13705,0.0,1.46,3.6
2014-08-18,16.4,12.9,21.4,14192,0.0,1.47,3.9
2014-08-19,14.2,10.4,20.6,15018,1.9,1.27,2.9
2014-08-20,13.3,8.8,19.5,15721,0.0,1.14,2.6
2014-08-21,13.4,8.1,19.5,18238,0.4,1.1,2.0
2014-08-22,15.7,10.1,20.9,13361,0.0,1.24,2.5
2014-08-23,14.7,10.6,20.4,16428,0.0,1.29,2.4
2014-08-24,12.5,8.2,18.3,15868,0.8,1.08,2.6
2014-08-25,13.4,7.4,18.5,16318,1.3,1.04,1.9
2014-08-26,13.6,7.3,19.4,12638,0.0,1.05,1.9
2014-08-27,13.9,6.5,22.0,19527,0.0,1.03,1.7
2014-08-28,15.9,6.8,23.5,21160,0.0,1.07,1.5
2014-08-29,17.4,11.7,22.0,12012,0.3,1.39,1.9
2014-08-30,17.4,13.7,21.6,10601,1.4,1.56,2.0
2014-08-31,15.3,12.0,20.0,10616,0.2,1.38,1.8
2014-09-01,14.5,10.6,19.2,8792,5.6,1.26,1.9
2014-09-02,15.4,9.8,20.6,11179,0.1,1.22,1.8
2014-09-03,16.2,11.3,22.0,15997,0.0,1.35,2.5
2014-09-04,17.4,10.4,24.3,18100,0.0,1.31,2.3
2014-09-05,19.2,13.2,26.1,18485,0.0,1.57,1.5
2014-09-06,18.8,13.5,27.3,15501,18.3,1.6,1.3
2014-09-07,19.4,14.5,26.2,13803,1.9,1.67,1.3
2014-09-08,17.8,11.6,22.8,14613,0.0,1.39,1.7
2014-09-09,15.0,10.1,20.2,12009,0.0,1.24,2.2
2014-09-10,14.7,11.4,18.8,8206,4.8,1.32,2.2
2014-09-11,14.0,10.9,18.1,9642,0.0,1.28,2.1
2014-09-12,15.9,12.7,18.5,6609,0.9,1.44,2.8
2014-09-13,16.5,14.9,17.9,6527,0.5,1.63,2.2
2014-09-14,16.2,14.6,17.7,6445,1.8,1.6,2.0
2014-09-15,19.0,14.2,25.0,17150,0.0,1.63,1.9
2014-09-16,18.7,14.0,25.0,14828,0.0,1.62,2.1
2014-09-17,18.6,13.2,25.1,16926,0.0,1.55,2.2
2014-09-18,18.1,12.5,24.4,16085,0.6,1.46,1.9
2014-09-19,15.8,12.5,19.1,6131,1.8,1.43,1.6
2014-09-20,17.2,14.9,21.6,6716,3.5,1.67,1.4
2014-09-21,15.4,12.2,18.4,6155,0.7,1.4,2.7
2014-09-22,11.3,9.5,14.5,7384,3.7,1.15,3.7
2014-09-23,11.1,6.9,15.9,10637,0.0,0.99,2.0
2014-09-24,11.8,8.7,15.2,9132,0.0,1.1,2.2
2014-09-25,13.9,11.2,17.3,7832,0.5,1.31,2.9
2014-09-26,14.7,12.5,17.0,5466,1.3,1.41,2.6
2014-09-27,13.5,6.9,18.7,11674,0.0,1.01,1.7
2014-09-28,13.7,5.2,21.2,12785,0.0,0.95,1.5
2014-09-29,17.2,9.5,24.3,11137,0.1,1.25,1.4
2014-09-30,16.9,13.2,19.8,5671,0.0,1.49,1.4
2014-10-01,15.0,10.5,20.9,9917,0.0,1.27,1.2
2014-10-02,15.0,10.3,21.1,6018,0.0,1.26,1.1
2014-10-03,14.3,9.1,21.0,12898,0.0,1.18,1.5
2014-10-04,12.7,7.3,19.7,12827,0.0,1.05,2.2
2014-10-05,12.5,7.0,19.5,11588,0.0,1.03,1.8
2014-10-06,13.6,9.4,19.8,11938,0.0,1.19,2.4
2014-10-07,13.6,9.5,18.8,4684,0.8,1.19,3.3
2014-10-08,14.4,10.8,18.1,6467,4.0,1.28,2.7
2014-10-09,18.0,15.2,20.2,4452,2.3,1.68,2.6
2014-10-10,14.4,12.3,17.7,5090,4.2,1.4,1.9
2014-10-11,14.1,12.4,15.2,4304,2.4,1.39,1.4
2014-10-12,13.4,11.3,17.4,9268,0.6,1.31,1.8
2014-10-13,15.2,11.6,19.2,6075,0.1,1.35,2.0
2014-10-14,14.5,11.3,18.5,6362,0.1,1.32,1.7
2014-10-15,13.3,8.9,17.9,6341,0.0,1.13,1.7
2014-10-16,11.9,8.8,14.2,3945,3.2,1.1,1.9
2014-10-17,13.4,10.1,17.5,6150,2.3,1.21,1.9
2014-10-18,14.1,9.5,18.0,6999,0.0,1.17,2.0
2014-10-19,16.6,11.9,22.2,10121,1.9,1.4,2.8
2014-10-20,13.7,11.6,16.5,4169,4.2,1.33,3.2
2014-10-21,12.2,9.6,14.8,5498,3.6,1.17,3.6
2014-10-22,9.9,7.9,11.8,3541,4.8,1.03,4.7
2014-10-23,10.6,7.0,13.1,3819,0.2,0.98,2.5
2014-10-24,9.5,6.2,13.6,5037,0.0,0.93,2.2
2014-10-25,9.2,5.6,13.1,4555,0.7,0.89,2.0
2014-10-26,11.8,8.9,14.5,4016,0.1,1.12,2.0
2014-10-27,11.4,5.8,16.6,7864,0.0,0.93,2.3
2014-10-28,6.8,1.9,13.5,8459,0.0,0.72,2.2
2014-10-29,6.2,0.8,9.9,7954,0.4,0.64,1.9
2014-10-30,8.7,7.1,10.2,3053,0.2,0.97,1.2
2014-10-31,11.5,7.7,15.9,5112,0.0,1.04,1.6
2014-11-01,12.9,7.7,19.5,7797,0.0,1.08,1.6
2014-11-02,12.4,6.0,17.8,7744,0.0,0.95,2.1
2014-11-03,14.3,11.4,16.9,3853,0.0,1.31,3.3
2014-11-04,11.6,8.9,14.8,2781,0.0,1.12,2.4
2014-11-05,9.5,7.9,11.4,2730,0.6,1.03,1.8
2014-11-06,8.8,6.8,10.7,2911,0.0,0.96,1.7
2014-11-07,7.1,3.4,11.1,7259,0.0,0.77,2.3
2014-11-08,8.2,3.7,13.0,5857,0.0,0.79,2.4
2014-11-09,5.4,2.5,8.2,3484,0.1,0.71,2.0
2014-11-10,6.1,3.1,8.8,2490,0.5,0.74,1.8
2014-11-11,7.0,1.6,10.2,2826,0.2,0.69,2.2
2014-11-12,10.1,8.8,11.3,2401,0.0,1.09,1.9
2014-11-13,10.1,9.7,10.7,2359,0.0,1.16,1.2
2014-11-14,10.2,8.1,13.9,4264,0.0,1.05,2.6
2014-11-15,10.1,9.1,11.8,2277,0.0,1.12,2.7
2014-11-16,8.6,3.6,10.1,2238,0.9,0.77,2.7
2014-11-17,7.1,2.7,12.0,5352,0.7,0.74,2.0
2014-11-18,6.9,5.2,8.4,2163,1.7,0.85,2.7
2014-11-19,4.5,4.0,5.2,2128,0.8,0.78,1.8
2014-11-20,4.9,3.9,5.7,2093,0.0,0.78,1.3
2014-11-21,5.6,4.2,7.1,2060,0.0,0.8,1.5
2014-11-22,5.4,3.0,7.7,3521,0.0,0.73,2.2
2014-11-23,5.4,2.0,10.3,4524,0.0,0.7,2.4
2014-11-24,6.4,3.3,9.8,2628,4.1,0.75,2.3
2014-11-25,2.9,0.8,4.3,1938,0.1,0.62,1.9
2014-11-26,3.5,1.7,6.3,2327,0.0,0.67,2.8
2014-11-27,2.3,-1.0,5.0,4361,0.0,0.55,3.0
2014-11-28,1.4,0.1,2.9,1858,0.0,0.59,3.7
2014-11-29,-0.3,-1.2,0.3,1834,0.0,0.54,3.3
2014-11-30,-0.9,-1.7,-0.1,1811,0.0,0.52,3.0
2014-12-01,-2.5,-3.0,-1.4,1789,0.0,0.47,3.5
2014-12-02,-2.6,-3.0,-1.8,1768,0.0,0.47,2.2
2014-12-03,-1.6,-3.0,-0.2,1748,0.0,0.47,2.0
2014-12-04,1.7,-0.4,3.8,1730,0.5,0.57,1.9
2014-12-05,2.7,2.4,3.4,1712,0.1,0.7,1.5
2014-12-06,3.2,0.2,5.7,3108,0.0,0.61,1.6
2014-12-07,2.7,0.2,4.8,1680,3.1,0.6,2.6
2014-12-08,3.1,-0.1,5.6,3740,0.1,0.59,2.7
2014-12-09,0.5,-0.7,3.4,3758,0.0,0.56,2.0
2014-12-10,2.2,0.1,3.9,1641,0.7,0.6,4.0
2014-12-11,3.5,1.7,6.3,1672,4.8,0.67,4.6
2014-12-12,6.6,1.7,10.1,1621,2.8,0.68,5.1
2014-12-13,5.1,2.6,6.6,1612,0.0,0.71,2.7
2014-12-14,3.0,0.2,4.8,1605,0.0,0.6,2.1
2014-12-15,3.4,-0.1,5.9,2010,0.3,0.59,2.9
2014-12-16,3.9,1.1,6.1,1634,0.1,0.64,2.5
2014-12-17,2.7,0.3,7.0,1589,1.9,0.61,3.2
2014-12-18,9.2,6.5,12.5,1585,2.2,0.94,3.9
2014-12-19,9.7,5.1,12.1,1583,3.2,0.86,5.1
2014-12-20,5.2,0.6,7.1,1582,5.5,0.63,5.5
2014-12-21,5.6,3.7,8.2,1624,0.1,0.77,4.5
2014-12-22,9.8,7.9,11.8,1584,2.7,1.03,5.9
2014-12-23,10.3,9.3,11.2,1586,0.1,1.13,4.9
2014-12-24,8.3,3.7,10.8,1590,3.0,0.78,4.8
2014-12-25,4.3,1.8,6.3,1964,2.7,0.68,4.2
2014-12-26,-0.7,-4.4,1.9,2630,0.3,0.43,2.0
2014-12-27,-3.5,-5.6,-1.4,2598,0.0,0.39,3.3
2014-12-28,-5.0,-8.3,-2.6,2195,4.9,0.32,2.8
2014-12-29,-3.3,-5.7,-1.7,1707,1.1,0.38,2.6
2014-12-30,-0.8,-2.9,1.6,1634,1.3,0.48,2.3
2014-12-31,2.3,1.1,4.3,1645,0.8,0.63,2.2
2015-01-01,3.0,1.3,5.0,4020,0.2,0.65,2.9
2015-01-02,5.5,3.3,8.4,2179,1.7,0.75,5.0
2015-01-03,4.1,2.7,6.0,1685,0.1,0.71,4.1
2015-01-04,3.6,1.7,5.3,2259,1.3,0.66,3.8
2015-01-05,3.3,2.4,4.2,1717,0.3,0.7,2.8
2015-01-06,1.9,0.2,3.1,1735,0.3,0.59,1.9
2015-01-07,3.0,0.4,6.1,1754,0.2,0.61,2.6
2015-01-08,4.1,1.2,6.9,1774,6.1,0.65,4.1
2015-01-09,7.1,4.6,9.4,1796,4.3,0.82,6.2
2015-01-10,8.9,4.9,13.0,1818,4.3,0.86,7.0
2015-01-11,3.5,1.3,5.1,1932,7.0,0.65,5.8
2015-01-12,6.1,3.4,8.0,1866,1.3,0.76,5.4
2015-01-13,9.6,7.3,12.2,3137,3.3,0.99,4.3
2015-01-14,5.8,2.8,7.9,3408,0.6,0.73,4.1
2015-01-15,5.7,0.6,10.0,1947,0.6,0.63,4.2
2015-01-16,7.0,3.9,9.7,2309,0.7,0.78,2.8
2015-01-17,2.6,-2.0,5.1,2583,0.0,0.52,2.1
2015-01-18,-0.1,-2.9,3.3,4994,0.0,0.48,2.1
2015-01-19,-1.1,-4.7,1.3,2610,0.0,0.42,1.4
2015-01-20,0.0,-1.6,1.4,2106,2.2,0.52,1.2
2015-01-21,-0.5,-1.7,0.8,2591,0.0,0.52,1.8
2015-01-22,-0.3,-1.3,0.4,2177,0.1,0.53,2.1
2015-01-23,-0.2,-1.1,0.7,2214,0.0,0.54,1.9
2015-01-24,0.2,-1.0,1.8,3961,1.0,0.54,2.4
2015-01-25,0.8,-0.9,1.9,2293,0.1,0.55,2.2
2015-01-26,2.5,1.4,4.4,2757,6.6,0.65,2.9
2015-01-27,3.2,0.0,5.2,2375,0.0,0.59,3.3
2015-01-28,3.4,0.3,5.7,3395,3.0,0.61,4.2
2015-01-29,2.2,0.4,4.3,3780,4.1,0.61,4.1
2015-01-30,0.5,-0.1,1.6,2508,4.7,0.58,2.7
2015-01-31,-0.1,-2.6,1.1,4017,0.5,0.48,2.4
2015-02-01,0.1,-1.7,3.4,5448,0.0,0.52,2.4
2015-02-02,0.7,-1.2,2.8,3112,0.5,0.54,2.9
2015-02-03,-0.2,-3.0,1.2,2760,3.1,0.47,2.0
2015-02-04,-1.5,-2.5,0.2,2752,0.6,0.49,1.8
2015-02-05,-1.1,-4.1,2.3,5494,0.0,0.44,2.6
2015-02-06,-4.4,-8.4,-1.5,2918,0.0,0.32,3.1
2015-02-07,-1.1,-5.7,3.8,3525,0.1,0.4,3.0
2015-02-08,1.3,-2.0,3.3,7060,1.1,0.51,4.1
2015-02-09,4.1,0.0,6.2,3024,0.3,0.6,3.8
2015-02-10,4.9,3.9,6.0,3081,0.0,0.78,2.4
2015-02-11,4.5,1.6,6.2,3140,0.0,0.66,1.7
2015-02-12,0.9,-0.6,2.6,3199,0.0,0.56,1.7
2015-02-13,1.2,-1.3,6.9,6489,0.0,0.55,2.2
2015-02-14,0.8,-3.7,7.7,9191,0.0,0.48,2.2
2015-02-15,1.6,-3.2,7.2,7097,0.0,0.49,2.7
2015-02-16,1.1,-2.0,5.3,7478,0.0,0.52,2.5
2015-02-17,0.1,-3.6,3.0,5586,0.0,0.46,1.7
2015-02-18,2.7,-0.1,6.2,8265,0.0,0.59,2.1
2015-02-19,1.7,-1.9,7.2,10298,0.0,0.53,2.7
2015-02-20,3.8,-2.7,9.8,7578,0.0,0.52,3.2
2015-02-21,5.8,0.3,10.1,5228,0.0,0.62,3.0
2015-02-22,1.9,-0.6,5.5,4654,0.0,0.57,2.1
2015-02-23,1.7,-1.0,3.5,3917,4.6,0.55,3.3
2015-02-24,3.5,0.7,6.6,6012,0.0,0.63,3.2
2015-02-25,2.6,-2.3,8.9,9366,0.0,0.53,2.0
2015-02-26,2.9,-3.9,9.9,11798,0.0,0.49,2.1
2015-02-27,3.8,-1.2,10.8,10095,0.2,0.57,2.1
2015-02-28,2.9,-0.4,7.0,9606,0.0,0.58,2.4
2015-03-01,4.8,1.2,8.4,5064,0.9,0.65,3.8
2015-03-02,5.3,1.2,8.3,7308,1.2,0.65,4.7
2015-03-03,4.2,2.1,7.9,7738,2.3,0.69,4.1
2015-03-04,3.4,0.7,5.9,6622,0.5,0.62,3.6
2015-03-05,3.8,1.2,6.8,5398,0.6,0.65,2.7
2015-03-06,5.0,0.6,7.2,4732,0.0,0.63,2.1
2015-03-07,7.8,2.8,12.3,11047,0.0,0.75,2.5
2015-03-08,11.2,5.5,17.3,12465,0.0,0.92,2.3
2015-03-09,8.7,2.9,13.8,11243,0.0,0.76,1.6
2015-03-10,5.9,1.9,9.7,5568,0.4,0.69,2.1
2015-03-11,4.4,0.4,9.0,6529,0.0,0.62,2.4
2015-03-12,2.7,-0.1,5.0,5207,0.0,0.59,2.0
2015-03-13,2.1,-1.8,5.9,6448,0.1,0.53,2.7
2015-03-14,3.9,2.1,5.9,5368,0.9,0.69,2.7
2015-03-15,5.5,4.1,7.9,5450,0.1,0.79,3.2
2015-03-16,9.0,4.4,12.5,10300,0.0,0.82,3.3
2015-03-17,11.1,5.8,17.2,13199,0.0,0.94,2.6
2015-03-18,8.8,0.1,15.5,15866,0.0,0.65,2.0
2015-03-19,5.2,-2.6,13.6,16128,0.0,0.55,1.6
2015-03-20,4.7,-4.4,13.4,15537,0.0,0.49,1.5
2015-03-21,2.5,-0.1,4.2,5942,3.4,0.59,2.6
2015-03-22,1.2,-2.0,5.4,16825,0.0,0.52,2.8
2015-03-23,3.9,-3.3,10.4,14271,0.0,0.5,1.8
2015-03-24,6.8,0.7,12.7,9912,0.0,0.67,1.4
2015-03-25,8.3,-1.0,16.6,15846,0.0,0.63,2.4
2015-03-26,7.0,3.8,10.3,6357,0.2,0.78,2.5
2015-03-27,7.1,3.8,11.3,8342,0.3,0.79,3.1
2015-03-28,7.3,4.9,11.1,9952,0.5,0.84,2.8
2015-03-29,9.7,7.3,12.4,6605,4.1,1.0,5.0
2015-03-30,6.2,3.2,9.2,8426,5.9,0.75,5.8
2015-03-31,5.9,0.6,11.5,9859,3.0,0.65,7.0
2015-04-01,4.1,1.4,7.5,9236,3.6,0.66,5.7
2015-04-02,3.7,0.7,7.7,11734,1.1,0.64,4.5
2015-04-03,4.3,0.2,9.3,10586,0.2,0.62,2.6
2015-04-04,2.9,-2.0,9.9,16395,0.5,0.54,2.1
2015-04-05,3.6,-2.3,10.7,17277,0.0,0.54,2.1
2015-04-06,4.6,-1.3,10.5,16242,0.0,0.57,2.1
2015-04-07,6.3,-3.2,12.8,14224,0.0,0.52,2.3
2015-04-08,8.4,4.6,10.5,7421,0.0,0.83,2.1
2015-04-09,10.4,4.4,17.3,15984,0.0,0.87,1.5
2015-04-10,12.7,2.1,21.3,19718,0.0,0.79,1.4
2015-04-11,14.0,5.5,21.4,16563,1.3,0.97,3.4
2015-04-12,10.0,5.0,14.7,19229,0.0,0.88,2.9
2015-04-13,9.2,1.9,13.6,16255,0.0,0.71,3.8
2015-04-14,9.6,0.2,16.1,15816,0.0,0.66,2.8
2015-04-15,15.7,8.2,23.1,20080,0.0,1.14,3.1
2015-04-16,10.2,4.0,14.4,19199,0.0,0.82,2.6
2015-04-17,7.0,2.4,12.4,14233,0.0,0.73,2.7
2015-04-18,6.1,-0.5,12.7,18995,0.0,0.62,2.3
2015-04-19,7.5,-2.0,16.2,21512,0.0,0.59,1.9
2015-04-20,10.4,1.8,18.6,21985,0.0,0.75,2.3
2015-04-21,12.5,2.0,21.6,23264,0.0,0.81,2.8
2015-04-22,7.8,3.5,13.7,12073,0.7,0.79,2.4
2015-04-23,10.2,1.4,18.5,23524,0.0,0.74,1.9
2015-04-24,12.7,2.1,20.6,22835,0.0,0.78,1.8
2015-04-25,15.2,8.6,21.8,12325,0.8,1.16,2.3
2015-04-26,13.7,9.9,18.7,16627,7.9,1.22,2.0
2015-04-27,9.3,5.4,11.7,8841,2.6,0.87,2.5
2015-04-28,7.8,2.7,12.2,13983,0.2,0.75,2.7
2015-04-29,8.6,1.2,15.1,21406,0.0,0.7,2.2
2015-04-30,11.1,7.3,17.2,16878,6.3,1.03,2.5
2015-05-01,8.5,2.2,13.8,20659,0.0,0.73,1.9
2015-05-02,8.1,0.6,15.5,18128,0.0,0.68,1.6
2015-05-03,12.9,1.9,20.2,18575,5.2,0.78,2.6
2015-05-04,17.2,12.9,22.8,23825,0.0,1.49,2.6
2015-05-05,18.2,11.3,25.5,12847,0.4,1.4,3.4
2015-05-06,15.1,8.6,21.3,18347,0.0,1.15,2.9
2015-05-07,11.7,5.6,16.6,18064,0.0,0.92,3.0
2015-05-08,13.6,4.9,19.4,13534,0.0,0.9,1.6
2015-05-09,15.4,10.4,20.2,16030,3.8,1.27,3.0
2015-05-10,11.2,3.8,15.9,16343,0.0,0.82,3.0
2015-05-11,14.3,2.7,22.3,24099,0.0,0.84,2.2
2015-05-12,18.2,7.8,27.5,16967,6.5,1.18,2.9
2015-05-13,13.0,6.6,18.4,20463,0.0,0.99,2.7
2015-05-14,9.4,3.1,14.5,12066,0.0,0.77,2.1
2015-05-15,10.0,1.4,17.0,24166,0.0,0.72,2.0
2015-05-16,9.9,2.8,15.1,16728,0.7,0.76,2.6
2015-05-17,10.7,5.3,16.0,18389,0.0,0.89,2.9
2015-05-18,14.1,5.4,21.9,16966,0.0,0.97,2.3
2015-05-19,14.5,7.0,18.9,20855,0.0,1.02,3.0
2015-05-20,11.4,5.0,16.4,11874,0.0,0.89,2.0
2015-05-21,10.5,2.7,17.5,23079,0.0,0.78,1.9
2015-05-22,14.1,4.2,21.2,21646,0.0,0.9,1.6
2015-05-23,15.2,6.1,20.3,13496,0.0,0.98,2.0
2015-05-24,13.1,2.8,21.5,28595,0.2,0.83,1.4
2015-05-25,15.6,10.2,21.4,20057,0.0,1.25,1.9
2015-05-26,11.0,5.5,15.8,16986,0.1,0.9,2.6
2015-05-27,10.3,6.2,14.4,12035,0.0,0.94,2.3
2015-05-28,13.5,7.2,21.4,16442,0.3,1.07,2.8
2015-05-29,14.8,9.9,20.3,19479,1.8,1.22,2.3
2015-05-30,11.5,7.3,17.1,20017,0.6,1.03,3.3
2015-05-31,15.5,6.0,22.9,22683,0.1,1.01,2.8
2015-06-01,14.0,10.1,18.7,12197,2.8,1.22,2.5
2015-06-02,18.2,10.3,24.6,21124,0.0,1.3,3.8
2015-06-03,17.5,8.4,22.2,19525,0.0,1.15,3.5
2015-06-04,15.2,5.6,22.8,27710,0.0,0.99,1.7
2015-06-05,21.8,11.0,30.8,29122,0.0,1.47,2.2
2015-06-06,22.7,15.7,30.4,23374,0.0,1.87,2.5
2015-06-07,17.5,11.8,23.9,22268,0.0,1.41,2.3
2015-06-08,14.8,9.0,20.0,20782,0.0,1.17,2.7
2015-06-09,14.8,7.0,20.6,22563,0.0,1.05,2.6
2015-06-10,16.5,7.9,22.5,21198,0.0,1.12,2.2
2015-06-11,16.7,6.0,24.6,24737,0.0,1.03,1.9
2015-06-12,20.3,9.9,28.1,24753,0.0,1.33,1.6
2015-06-13,21.2,15.2,29.9,20110,3.7,1.81,2.1
2015-06-14,16.7,14.2,20.0,15842,0.0,1.58,2.2
2015-06-15,14.5,6.7,19.9,24536,0.0,1.01,2.5
2015-06-16,11.1,5.4,16.7,15481,0.0,0.91,2.2
2015-06-17,14.0,3.9,21.4,25935,2.3,0.89,2.1
2015-06-18,15.6,12.5,20.9,13980,0.0,1.43,2.9
2015-06-19,13.3,10.9,18.5,13101,0.2,1.29,2.9
2015-06-20,12.5,11.2,18.4,13228,4.6,1.31,2.5
2015-06-21,14.4,8.4,18.9,20024,0.0,1.12,2.0
2015-06-22,14.5,12.2,18.8,12848,8.7,1.38,2.4
2015-06-23,12.2,10.6,16.0,12844,5.0,1.24,3.0
2015-06-24,13.2,10.8,17.1,12713,0.0,1.27,2.5
2015-06-25,17.4,12.0,23.9,17863,0.0,1.42,1.6
2015-06-26,18.9,13.0,24.1,14081,0.5,1.51,1.4
2015-06-27,18.6,14.6,23.6,13066,1.0,1.65,2.3
2015-06-28,17.0,11.7,23.2,20720,0.2,1.39,1.8
2015-06-29,20.7,14.8,27.8,20705,0.0,1.73,1.7
2015-06-30,20.5,14.8,26.9,26464,0.0,1.73,1.7
2015-07-01,21.9,13.5,28.8,30083,0.0,1.62,2.1
2015-07-02,25.0,15.3,32.8,29932,0.0,1.88,2.5
2015-07-03,26.8,19.0,34.3,26895,0.0,2.28,1.7
2015-07-04,27.4,18.8,38.3,24235,17.9,2.36,1.8
2015-07-05,26.4,19.1,34.1,22954,6.5,2.31,2.0
2015-07-06,20.6,14.0,25.6,23426,0.0,1.61,2.7
2015-07-07,22.8,12.8,32.4,26147,6.4,1.65,2.0
2015-07-08,19.0,15.4,23.4,17109,2.3,1.74,4.0
2015-07-09,14.9,11.3,18.8,19952,0.3,1.32,4.0
2015-07-10,14.4,9.2,20.1,22164,0.0,1.18,2.7
2015-07-11,17.1,7.7,24.8,24871,0.0,1.13,1.7
2015-07-12,17.0,11.4,23.1,13112,6.8,1.38,2.3
2015-07-13,17.0,14.8,20.7,10961,6.0,1.65,2.4
2015-07-14,17.7,15.2,22.2,11674,4.6,1.7,2.4
2015-07-15,18.4,13.6,23.5,22948,0.2,1.56,1.8
2015-07-16,20.5,14.9,26.5,19175,0.0,1.73,1.6
2015-07-17,23.6,13.7,33.8,23965,0.0,1.74,2.2
2015-07-18,21.3,14.1,26.0,19575,0.0,1.64,2.4
2015-07-19,16.8,13.7,19.8,11111,10.5,1.53,2.3
2015-07-20,19.9,14.7,25.6,27010,0.3,1.68,2.2
2015-07-21,22.6,16.4,28.8,18801,0.8,1.89,2.5
2015-07-22,23.3,16.3,29.9,16897,2.1,1.91,1.9
2015-07-23,19.7,12.8,25.4,22134,0.0,1.51,2.0
2015-07-24,20.6,12.6,27.2,23053,2.8,1.52,1.9
2015-07-25,20.8,13.4,27.9,18692,0.1,1.62,4.4
2015-07-26,16.7,13.9,21.5,20222,0.2,1.56,3.0
2015-07-27,16.4,12.7,21.9,12820,6.2,1.45,3.3
2015-07-28,17.1,14.6,21.9,13252,0.1,1.63,4.0
2015-07-29,16.0,12.3,21.1,17458,0.2,1.42,3.5
2015-07-30,15.8,11.8,21.4,16175,0.1,1.38,3.5
2015-07-31,13.5,6.5,19.3,17079,0.0,0.99,2.2
2015-08-01,17.0,6.4,26.6,22820,0.0,1.09,1.7
2015-08-02,20.4,9.8,29.2,26601,0.0,1.34,1.5
2015-08-03,23.6,11.0,32.8,25180,0.0,1.51,1.8
2015-08-04,25.0,17.5,35.0,22320,0.3,2.13,2.4
2015-08-05,20.6,13.9,26.6,24749,0.0,1.62,1.7
2015-08-06,24.4,12.2,34.8,26206,0.0,1.64,1.7
2015-08-07,27.1,16.8,34.2,23714,0.0,2.04,1.7
2015-08-08,23.6,18.6,30.4,18138,0.1,2.17,2.4
2015-08-09,22.0,15.5,28.7,25647,0.0,1.79,2.2
2015-08-10,24.9,16.2,33.2,21985,0.0,1.97,1.9
2015-08-11,24.6,19.7,29.9,23652,0.0,2.28,2.0
2015-08-12,22.0,17.6,28.3,15543,0.0,2.02,2.0
2015-08-13,23.7,18.4,29.8,22022,0.0,2.15,2.7
2015-08-14,26.6,20.3,35.3,17938,15.3,2.47,2.6
2015-08-15,21.3,17.9,26.9,12016,1.8,2.04,1.9
2015-08-16,21.7,17.2,28.7,15882,14.0,1.98,2.1
2015-08-17,21.9,19.3,26.5,11160,4.0,2.19,2.4
2015-08-18,16.9,15.2,19.7,8546,28.3,1.67,2.0
2015-08-19,15.8,14.4,17.2,8475,0.8,1.59,1.5
2015-08-20,18.1,11.6,26.0,18808,0.0,1.42,1.3
2015-08-21,18.5,10.0,27.4,23591,0.0,1.32,1.4
2015-08-22,19.1,10.1,27.3,22888,0.0,1.34,1.9
2015-08-23,19.1,11.0,25.9,19590,2.4,1.37,2.7
2015-08-24,21.3,15.3,27.5,15418,10.6,1.76,2.8
2015-08-25,18.4,15.0,22.1,12848,0.0,1.68,3.4
2015-08-26,20.9,15.1,26.9,21106,0.0,1.74,2.6
2015-08-27,20.5,17.0,25.4,9213,13.5,1.92,2.4
2015-08-28,16.4,13.1,20.7,10234,0.0,1.48,1.9
2015-08-29,18.1,11.3,24.9,20138,0.0,1.39,1.3
2015-08-30,22.4,14.5,31.1,19997,0.0,1.76,1.5
2015-08-31,25.8,17.8,33.9,20507,0.0,2.16,1.8
2015-09-01,20.3,14.1,25.9,12900,2.1,1.63,2.6
2015-09-02,15.0,9.7,20.1,19565,0.0,1.21,2.2
2015-09-03,13.1,9.3,19.6,10009,2.6,1.17,1.6
2015-09-04,13.5,8.0,18.8,14273,0.3,1.09,2.4
2015-09-05,13.8,10.3,18.9,11298,4.2,1.24,3.7
2015-09-06,13.1,10.3,17.0,9197,7.5,1.23,4.1
2015-09-07,12.9,6.9,18.1,13594,0.0,1.01,2.5
2015-09-08,13.5,6.5,19.8,17208,0.0,1.0,1.8
2015-09-09,12.6,5.1,19.3,14896,0.0,0.92,1.9
2015-09-10,12.0,5.6,20.4,11075,2.4,0.96,2.3
2015-09-11,13.7,10.1,18.4,8624,0.0,1.22,2.1
2015-09-12,16.4,11.7,22.7,11966,1.4,1.38,2.1
2015-09-13,18.6,14.4,23.7,9639,0.0,1.62,2.0
2015-09-14,17.1,13.4,19.6,9635,7.0,1.51,2.6
2015-09-15,14.5,9.2,19.3,12895,0.6,1.17,3.0
2015-09-16,16.1,9.6,21.9,7264,2.5,1.22,2.6
2015-09-17,18.0,13.6,22.1,7077,1.2,1.54,3.4
2015-09-18,15.1,10.7,19.8,13763,0.0,1.28,2.3
2015-09-19,14.3,10.8,18.6,10261,2.9,1.27,1.7
2015-09-20,12.1,9.6,16.4,9098,1.6,1.18,2.3
2015-09-21,12.4,8.7,16.6,8046,0.0,1.12,1.7
2015-09-22,14.1,11.4,18.3,6353,0.3,1.33,2.2
2015-09-23,13.0,10.2,17.5,7383,0.0,1.22,2.0
2015-09-24,13.6,9.1,19.1,11160,0.0,1.16,2.2
2015-09-25,14.2,10.3,18.8,10118,0.0,1.25,1.6
2015-09-26,11.8,4.9,18.1,12807,0.0,0.9,1.7
2015-09-27,10.2,4.6,17.5,13381,0.0,0.88,2.0
2015-09-28,10.0,2.9,18.9,14921,0.0,0.81,1.9
2015-09-29,9.6,2.8,18.6,11931,0.0,0.79,2.5
2015-09-30,9.4,3.7,18.1,11004,0.0,0.83,2.4
2015-10-01,8.3,1.3,17.6,13901,0.0,0.72,2.1
2015-10-02,8.7,0.4,19.1,13482,0.0,0.71,1.8
2015-10-03,11.7,3.2,20.4,13917,0.0,0.84,1.5
2015-10-04,13.5,7.4,19.8,11901,0.0,1.05,1.6
2015-10-05,12.1,4.3,20.1,11338,0.0,0.89,1.8
2015-10-06,13.7,9.8,17.2,4678,0.4,1.19,2.7
2015-10-07,13.3,10.2,15.0,4602,16.5,1.21,2.5
2015-10-08,9.0,7.6,10.4,4527,10.3,1.0,1.7
2015-10-09,8.4,6.2,9.7,4452,1.0,0.91,1.6
2015-10-10,7.3,3.6,11.9,10869,0.0,0.79,2.5
2015-10-11,5.4,1.3,10.3,12216,0.0,0.67,2.9
2015-10-12,4.6,-0.2,9.6,11438,0.0,0.6,2.3
2015-10-13,4.3,3.7,4.9,4158,0.0,0.76,2.0
2015-10-14,5.0,3.2,7.0,4086,9.9,0.74,2.0
2015-10-15,6.7,5.9,7.3,4015,11.5,0.89,2.3
2015-10-16,7.5,6.7,8.4,3945,7.6,0.95,1.6
2015-10-17,7.7,6.7,9.2,3876,0.2,0.94,1.2
2015-10-18,8.0,5.6,11.9,5258,2.8,0.89,1.2
2015-10-19,7.8,6.7,8.6,3739,2.4,0.94,1.2
2015-10-20,9.4,8.1,10.8,3673,0.7,1.05,1.3
2015-10-21,9.1,6.8,11.1,3606,0.0,0.96,1.7
2015-10-22,9.6,6.5,11.8,3541,0.5,0.94,2.7
2015-10-23,10.6,4.9,15.2,8680,0.0,0.87,2.1
2015-10-24,8.3,2.1,14.4,8826,0.0,0.73,1.8
2015-10-25,9.6,4.7,14.5,4087,0.0,0.85,1.7
2015-10-26,7.2,2.1,13.7,8707,0.0,0.73,1.8
2015-10-27,7.2,2.8,13.5,8386,0.0,0.76,2.0
2015-10-28,6.8,3.5,12.4,6201,0.0,0.78,2.1
2015-10-29,5.0,2.4,6.7,3111,0.0,0.7,1.3
2015-10-30,6.7,4.6,8.3,3053,0.0,0.82,1.7
2015-10-31,9.4,4.2,15.9,7725,0.0,0.84,2.3
2015-11-01,8.0,2.1,16.8,7797,0.0,0.75,1.5
2015-11-02,5.1,0.2,13.5,7380,0.0,0.65,1.3
2015-11-03,1.3,-2.7,8.6,7332,0.0,0.51,1.3
2015-11-04,3.0,-3.1,9.7,4500,0.3,0.51,1.5
2015-11-05,9.6,4.8,17.3,5657,0.2,0.88,1.4
2015-11-06,12.9,8.1,15.2,2679,2.6,1.07,2.1
2015-11-07,15.5,12.4,17.7,2802,0.1,1.4,2.8
2015-11-08,13.3,9.4,17.5,5914,0.2,1.16,2.7
2015-11-09,14.4,12.0,17.2,3763,0.1,1.36,4.2
2015-11-10,14.3,12.3,15.4,2490,0.6,1.38,4.5
2015-11-11,13.5,10.8,14.6,2445,0.7,1.26,3.2
2015-11-12,11.4,8.4,14.8,2832,0.0,1.07,2.6
2015-11-13,11.5,6.6,13.9,2678,1.2,0.96,3.4
2015-11-14,7.3,5.5,9.2,2843,7.7,0.87,4.5
2015-11-15,10.5,6.1,13.5,2277,20.4,0.92,4.5
2015-11-16,11.9,10.0,12.7,2238,1.9,1.19,3.5
2015-11-17,12.1,10.0,14.0,2200,4.1,1.19,4.0
2015-11-18,12.1,10.3,14.2,2515,0.3,1.21,5.9
2015-11-19,11.0,7.6,13.3,3818,0.8,1.02,5.6
2015-11-20,7.5,4.8,9.2,2733,0.4,0.83,3.3
2015-11-21,4.6,2.5,5.6,2109,0.9,0.71,2.6
2015-11-22,1.3,-0.8,3.3,2991,1.3,0.55,3.1
2015-11-23,0.6,-0.9,3.0,2140,0.1,0.55,2.3
2015-11-24,1.7,-0.6,3.7,3147,0.1,0.57,3.3
2015-11-25,3.1,1.2,4.0,1938,0.3,0.64,2.5
2015-11-26,3.6,-0.5,6.9,2512,0.0,0.58,1.7
2015-11-27,2.2,-0.3,6.0,4086,0.0,0.58,2.2
2015-11-28,1.7,-0.9,4.9,1858,3.5,0.56,3.8
2015-11-29,6.3,2.6,9.7,1834,9.3,0.73,5.7
2015-11-30,6.5,2.7,10.1,3197,10.3,0.73,5.7
2015-12-01,5.9,4.0,10.2,3030,1.4,0.79,4.1
2015-12-02,9.4,5.1,10.8,1768,0.0,0.86,2.8
2015-12-03,8.0,4.3,11.0,3932,0.0,0.81,2.3
2015-12-04,7.0,4.0,9.2,1816,0.5,0.79,3.5
2015-12-05,6.5,4.6,8.0,2186,0.0,0.82,3.9
2015-12-06,8.3,6.0,10.4,3151,0.0,0.9,4.3
2015-12-07,10.0,7.0,12.2,1893,0.0,0.97,1.8
2015-12-08,7.8,3.1,11.7,4120,0.6,0.76,2.0
2015-12-09,6.5,2.5,9.0,1948,0.8,0.71,2.6
2015-12-10,3.3,0.9,5.9,4280,0.0,0.63,3.0
2015-12-11,4.5,2.8,6.4,1630,0.9,0.72,3.7
2015-12-12,4.9,3.3,6.8,2327,5.1,0.75,3.4
2015-12-13,5.0,0.0,10.3,2233,0.1,0.62,3.2
2015-12-14,1.6,-2.2,5.3,2059,0.0,0.51,1.6
2015-12-15,5.6,4.5,6.4,1598,0.0,0.81,1.6
2015-12-16,6.6,4.5,9.1,2948,0.8,0.82,2.4
2015-12-17,11.0,8.2,13.1,1589,0.8,1.05,2.7
2015-12-18,11.3,9.5,12.4,1585,2.6,1.14,2.6
2015-12-19,9.3,7.5,11.7,2811,0.0,1.0,2.4
2015-12-20,10.0,7.4,12.3,1828,2.4,1.0,2.6
2015-12-21,9.8,8.4,11.1,2319,1.9,1.07,4.0
2015-12-22,11.2,7.7,13.0,1584,0.0,1.02,4.4
2015-12-23,10.7,5.3,13.0,2406,0.0,0.88,3.9
2015-12-24,8.1,4.3,11.3,4134,1.2,0.81,2.9
2015-12-25,8.8,6.8,11.5,2704,0.4,0.96,3.2
2015-12-26,12.9,9.7,14.8,1971,0.0,1.17,4.0
2015-12-27,10.4,8.7,12.3,2020,0.0,1.09,3.1
2015-12-28,7.1,2.0,12.0,1946,0.2,0.71,2.1
2015-12-29,3.9,1.5,5.6,1623,0.0,0.66,2.7
2015-12-30,1.4,-2.1,2.7,2093,0.0,0.51,3.1
2015-12-31,0.5,-2.8,3.1,3408,0.8,0.49,2.9
2016-01-01,1.2,-0.1,2.6,1657,0.0,0.58,1.6
2016-01-02,-2.0,-6.5,1.5,1670,0.1,0.37,3.6
2016-01-03,-8.0,-9.9,-6.4,2197,0.0,0.28,3.8
2016-01-04,-8.1,-10.1,-5.9,1701,0.2,0.27,3.3
2016-01-05,-7.1,-7.9,-6.5,1717,2.9,0.32,2.8
2016-01-06,-7.2,-8.0,-6.0,1735,1.5,0.32,2.3
2016-01-07,-5.3,-7.3,-1.5,1754,2.2,0.34,3.1
2016-01-08,3.3,-1.5,5.5,2481,0.0,0.54,3.6
2016-01-09,0.7,-2.6,6.0,4867,0.0,0.5,1.9
2016-01-10,1.6,-2.5,5.4,2536,3.9,0.51,2.8
2016-01-11,2.7,1.4,4.3,1978,3.7,0.65,2.4
2016-01-12,3.4,1.6,5.2,1866,2.1,0.66,3.4
2016-01-13,2.5,0.4,4.4,1892,1.4,0.61,3.9
2016-01-14,1.6,0.2,4.7,4618,0.6,0.6,2.6
2016-01-15,-0.1,-1.4,1.6,1947,0.1,0.53,3.0
2016-01-16,-0.8,-3.1,-0.1,1977,5.2,0.47,2.2
2016-01-17,-1.8,-3.7,-0.7,2007,0.1,0.45,2.2
2016-01-18,-7.6,-12.3,-3.7,4412,0.0,0.24,1.6
2016-01-19,-7.5,-14.1,-2.5,4715,0.1,0.21,2.0
2016-01-20,-1.9,-7.6,0.2,2106,1.1,0.34,1.9
2016-01-21,-6.4,-12.8,-2.4,4392,0.0,0.23,1.5
2016-01-22,-9.0,-15.7,-1.3,6022,1.5,0.19,2.0
2016-01-23,0.2,-6.7,4.0,2214,2.0,0.38,2.6
2016-01-24,3.3,1.9,4.8,2253,1.6,0.67,2.2
2016-01-25,8.1,4.8,10.2,2293,0.8,0.84,2.4
2016-01-26,9.2,6.1,11.3,3816,0.3,0.91,3.3
2016-01-27,10.2,8.2,11.8,2375,0.5,1.05,4.5
2016-01-28,7.3,1.9,11.4,5455,0.7,0.7,3.7
2016-01-29,5.8,1.7,8.9,3396,0.0,0.68,4.3
2016-01-30,7.3,2.8,9.4,2508,3.3,0.73,5.1
2016-01-31,3.9,2.1,5.9,3117,0.2,0.69,4.1
2016-02-01,7.7,3.9,12.0,2603,4.4,0.8,4.9
2016-02-02,8.7,5.0,11.4,4207,1.8,0.85,5.7
2016-02-03,5.0,3.1,7.2,4451,0.1,0.74,4.4
2016-02-04,3.4,2.2,4.9,2752,2.1,0.69,3.8
2016-02-05,3.8,0.4,6.9,2984,2.2,0.62,2.6
2016-02-06,8.1,6.1,11.5,4249,0.0,0.92,2.9
2016-02-07,8.5,5.4,11.5,4443,0.3,0.88,3.5
2016-02-08,7.7,5.5,10.9,3029,0.8,0.88,5.5
2016-02-09,7.9,4.7,10.4,4342,1.5,0.84,5.1
2016-02-10,4.4,2.6,7.1,4670,0.5,0.72,4.2
2016-02-11,4.5,0.8,7.3,5520,0.0,0.63,3.3
2016-02-12,2.8,-1.3,7.0,6455,0.0,0.55,1.8
2016-02-13,1.3,-3.0,7.7,7346,0.1,0.5,2.3
2016-02-14,2.5,1.0,3.7,3321,0.5,0.63,3.1
2016-02-15,2.5,0.1,3.4,3384,0.2,0.59,2.7
2016-02-16,-0.4,-4.7,2.4,5497,0.0,0.42,2.1
2016-02-17,-0.2,-4.1,3.5,6761,1.8,0.44,2.4
2016-02-18,1.4,-1.5,5.4,4207,0.0,0.53,1.7
2016-02-19,1.8,-1.6,5.6,6475,0.0,0.54,1.9
2016-02-20,3.4,-0.1,5.9,3711,4.9,0.59,4.4
2016-02-21,8.6,5.6,12.4,3851,6.6,0.89,5.2
2016-02-22,7.0,3.5,12.6,3847,10.8,0.79,4.8
2016-02-23,4.3,2.0,7.6,5622,0.4,0.69,3.1
2016-02-24,2.6,-0.9,6.5,7886,0.6,0.56,2.7
2016-02-25,1.3,-1.5,5.3,6864,0.4,0.54,2.1
2016-02-26,1.1,-3.4,4.8,5664,0.0,0.47,1.9
2016-02-27,0.8,-4.7,6.2,9862,0.0,0.44,2.0
2016-02-28,2.3,-1.6,6.1,8117,0.0,0.53,2.4
2016-02-29,1.0,-1.4,3.6,4748,0.0,0.54,3.2
2016-03-01,0.5,-2.4,3.7,10111,0.1,0.5,2.7
2016-03-02,4.4,1.5,9.1,4583,0.7,0.67,3.5
2016-03-03,3.5,0.4,7.5,6949,0.0,0.62,2.1
2016-03-04,3.7,-2.5,8.9,10354,0.0,0.52,2.7
2016-03-05,5.8,3.5,9.1,5149,3.6,0.77,1.8
2016-03-06,3.5,0.0,5.4,4810,3.3,0.6,2.5
2016-03-07,2.5,-1.7,7.3,7357,0.0,0.54,1.7
2016-03-08,1.5,-3.5,7.5,10985,0.0,0.48,1.6
2016-03-09,2.9,-2.8,9.2,12945,0.0,0.51,2.5
2016-03-10,4.5,1.6,7.6,5477,0.0,0.67,2.0
2016-03-11,3.6,1.4,5.9,5295,0.0,0.66,2.3
2016-03-12,2.9,1.6,4.1,5287,0.0,0.66,2.4
2016-03-13,2.1,0.8,3.0,5368,0.0,0.63,2.9
2016-03-14,3.5,-3.2,8.6,12722,0.7,0.5,2.4
2016-03-15,4.8,2.9,6.9,5715,0.0,0.73,2.5
2016-03-16,5.0,-2.0,11.6,14217,0.0,0.55,3.5
2016-03-17,3.9,-3.7,13.0,15866,0.0,0.51,1.8
2016-03-18,4.1,0.4,7.0,5777,0.2,0.62,2.1
2016-03-19,5.6,3.8,8.1,6334,0.1,0.77,2.1
2016-03-20,5.5,2.8,7.1,5942,0.2,0.72,2.9
2016-03-21,5.6,1.6,8.6,6507,1.8,0.68,3.0
2016-03-22,5.8,3.5,8.7,6788,1.0,0.76,2.5
2016-03-23,4.3,0.6,7.2,7072,0.1,0.63,2.3
2016-03-24,4.5,-0.1,9.1,9037,0.3,0.61,1.9
2016-03-25,6.6,4.9,8.3,6357,3.8,0.83,2.6
2016-03-26,9.0,5.0,13.8,14752,0.0,0.87,2.5
2016-03-27,8.2,3.4,14.7,10658,0.0,0.8,3.2
2016-03-28,9.6,4.0,14.4,12395,4.2,0.82,3.7
2016-03-29,7.6,3.7,11.3,10472,2.8,0.79,3.8
2016-03-30,7.4,2.3,12.0,9962,0.4,0.72,2.8
2016-03-31,7.2,3.3,10.9,7474,0.2,0.76,2.1
2016-04-01,7.4,0.8,13.4,17368,0.0,0.67,2.2
2016-04-02,8.9,-0.1,16.2,17201,0.0,0.66,2.3
2016-04-03,13.0,5.6,20.8,15550,0.0,0.96,1.8
2016-04-04,14.7,8.5,21.2,10049,0.0,1.14,1.9
2016-04-05,14.2,7.5,20.7,12286,0.0,1.08,2.0
2016-04-06,11.7,8.1,15.4,15299,0.7,1.06,3.5
2016-04-07,9.3,4.0,12.7,12937,0.3,0.81,3.3
2016-04-08,7.4,0.4,13.4,17180,0.0,0.65,1.8
2016-04-09,7.6,-1.4,15.4,16437,0.0,0.6,1.6
2016-04-10,7.7,0.5,13.5,14585,0.0,0.65,2.2
2016-04-11,7.9,-0.2,13.3,8401,0.1,0.63,2.6
2016-04-12,11.9,8.8,17.2,12702,1.6,1.13,1.9
2016-04-13,11.4,6.5,16.6,12357,0.2,0.97,1.7
2016-04-14,9.2,3.7,12.9,11110,0.1,0.8,1.9
2016-04-15,8.9,3.3,14.1,12552,7.0,0.79,2.5
2016-04-16,11.1,6.4,14.9,11743,2.1,0.96,3.1
2016-04-17,8.4,2.3,12.9,14107,0.2,0.73,2.6
2016-04-18,7.8,0.2,13.4,17403,0.0,0.65,2.5
2016-04-19,10.1,5.8,14.3,16140,0.0,0.92,3.4
2016-04-20,8.4,3.2,13.5,17510,0.0,0.78,2.6
2016-04-21,8.0,-0.5,15.3,23280,0.0,0.63,1.9
2016-04-22,8.3,3.2,14.2,21204,0.0,0.78,2.3
2016-04-23,6.1,1.5,10.8,15967,0.0,0.68,2.6
2016-04-24,3.5,-0.5,9.2,13727,0.7,0.59,2.7
2016-04-25,5.1,-1.0,10.3,18503,2.9,0.58,3.2
2016-04-26,5.0,2.6,10.3,14722,3.1,0.73,3.4
2016-04-27,5.1,2.7,8.8,14691,2.4,0.72,3.8
2016-04-28,5.5,2.1,9.5,14303,1.0,0.7,2.6
2016-04-29,9.1,2.0,14.7,17947,0.0,0.73,2.6
2016-04-30,12.1,6.6,19.0,12083,0.0,1.0,2.1
2016-05-01,12.4,5.1,19.7,24816,0.0,0.92,2.8
2016-05-02,12.4,1.3,20.7,25162,0.0,0.76,1.7
2016-05-03,11.3,4.0,20.0,18662,1.6,0.87,2.6
2016-05-04,9.2,2.7,15.0,15496,0.3,0.76,2.1
2016-05-05,11.6,1.0,20.4,23899,0.0,0.75,2.3
2016-05-06,17.2,6.3,24.6,26533,0.0,1.05,2.6
2016-05-07,19.1,11.5,25.5,26630,0.0,1.41,2.8
2016-05-08,18.4,10.8,25.4,25752,0.0,1.36,3.5
2016-05-09,19.4,11.9,26.3,26451,0.0,1.44,3.1
2016-05-10,19.2,12.2,26.0,27028,0.0,1.48,2.6
2016-05-11,19.2,11.0,26.6,23081,0.0,1.39,3.0
2016-05-12,19.0,13.4,25.3,23158,0.9,1.57,3.2
2016-05-13,16.4,9.1,23.2,25933,0.0,1.2,2.6
2016-05-14,9.7,5.7,13.2,13595,0.6,0.9,3.5
2016-05-15,8.0,4.8,12.2,15743,1.4,0.84,3.6
2016-05-16,8.4,3.6,13.8,17280,0.0,0.79,3.1
2016-05-17,9.4,4.4,12.7,10297,0.0,0.83,2.6
2016-05-18,13.8,5.6,19.9,16403,0.0,0.95,1.9
2016-05-19,17.6,11.6,22.7,17446,0.0,1.38,1.7
2016-05-20,16.9,12.0,22.0,17871,0.0,1.4,2.4
2016-05-21,18.4,13.4,24.0,22639,0.0,1.54,2.0
2016-05-22,22.5,14.3,30.0,24931,0.3,1.73,2.5
2016-05-23,18.9,14.9,23.8,14783,54.0,1.67,2.7
2016-05-24,14.6,12.1,17.0,10341,0.1,1.37,2.8
2016-05-25,13.0,11.3,14.8,10378,0.1,1.3,1.6
2016-05-26,14.6,9.7,19.5,13408,0.0,1.2,1.4
2016-05-27,15.1,9.1,21.5,16192,0.0,1.19,1.5
2016-05-28,17.8,8.4,24.4,20979,0.0,1.16,1.8
2016-05-29,20.0,14.3,27.9,18766,1.9,1.67,2.4
2016-05-30,21.4,15.9,27.3,22933,7.1,1.82,2.9
2016-05-31,19.1,13.1,27.4,22343,23.8,1.57,2.0
2016-06-01,18.0,14.8,23.0,15233,34.9,1.66,2.2
2016-06-02,19.0,14.4,25.1,17268,5.4,1.64,1.8
2016-06-03,21.5,13.5,27.5,27835,0.0,1.59,1.8
2016-06-04,21.1,12.6,27.6,26360,0.0,1.52,1.6
2016-06-05,21.0,13.7,28.7,24379,2.1,1.65,1.6
2016-06-06,21.3,12.8,26.8,29555,0.0,1.53,1.9
2016-06-07,19.5,10.2,26.9,28198,0.0,1.34,1.6
2016-06-08,18.9,12.2,24.3,28346,0.0,1.45,2.3
2016-06-09,17.3,13.7,23.3,17551,0.0,1.57,2.1
2016-06-10,15.9,10.3,22.3,22976,0.0,1.28,2.3
2016-06-11,17.6,10.7,23.3,25256,0.0,1.33,1.5
2016-06-12,16.8,12.6,22.0,12560,1.0,1.46,2.1
2016-06-13,16.7,13.4,22.2,14710,6.3,1.52,2.2
2016-06-14,16.3,14.0,21.8,17236,6.2,1.58,2.0
2016-06-15,15.6,12.2,20.8,13089,5.8,1.42,1.8
2016-06-16,16.8,10.3,21.5,21277,6.8,1.26,1.6
2016-06-17,15.6,12.6,20.5,13350,10.5,1.43,2.6
2016-06-18,16.5,11.4,21.8,20025,7.2,1.35,2.4
2016-06-19,15.8,10.1,19.7,20403,0.0,1.24,2.0
2016-06-20,16.8,7.9,23.3,24806,0.3,1.12,2.3
2016-06-21,18.6,14.7,24.6,17881,0.0,1.67,2.2
2016-06-22,21.1,14.8,27.6,21778,0.1,1.72,1.6
2016-06-23,25.5,16.3,32.9,29571,0.0,1.95,2.2
2016-06-24,26.5,17.8,34.7,26416,0.0,2.16,1.9
2016-06-25,23.2,16.2,30.3,25021,0.2,1.91,2.3
2016-06-26,17.7,12.1,23.8,22368,0.0,1.44,2.5
2016-06-27,18.2,11.6,24.4,22354,0.9,1.39,2.4
2016-06-28,17.6,12.4,22.2,23217,0.6,1.44,1.7
2016-06-29,18.7,12.8,24.3,22320,0.0,1.49,2.6
2016-06-30,18.3,13.0,23.9,14894,0.2,1.52,2.2
2016-07-01,21.6,15.3,27.3,23408,0.0,1.77,2.5
2016-07-02,17.1,10.8,22.9,12975,1.7,1.33,2.7
2016-07-03,15.1,9.2,22.2,24361,1.0,1.19,2.3
2016-07-04,16.8,8.5,23.7,26462,0.0,1.17,1.6
2016-07-05,19.5,13.7,26.0,22424,1.0,1.6,2.9
2016-07-06,15.6,10.4,20.3,17514,0.8,1.26,3.8
2016-07-07,16.1,8.6,22.3,23986,0.0,1.16,1.9
2016-07-08,19.7,12.4,26.4,14704,1.1,1.49,2.4
2016-07-09,18.9,14.2,24.0,17919,0.0,1.61,2.7
2016-07-10,24.8,17.9,31.6,24621,0.0,2.11,2.2
2016-07-11,23.5,17.3,27.6,15978,0.0,1.98,3.0
2016-07-12,20.9,13.3,26.0,16315,0.0,1.56,2.2
2016-07-13,16.1,12.6,22.9,15406,8.8,1.47,1.9
2016-07-14,15.5,13.9,18.7,10395,0.8,1.54,3.1
2016-07-15,14.6,10.3,18.6,11105,1.0,1.24,3.0
2016-07-16,18.1,8.6,24.3,22477,0.1,1.18,2.1
2016-07-17,20.2,17.5,25.8,17717,2.9,1.97,2.0
2016-07-18,19.1,14.4,23.6,11854,0.0,1.64,2.1
2016-07-19,19.4,12.7,25.7,18978,0.0,1.5,1.6
2016-07-20,22.2,13.4,29.9,25711,0.0,1.64,1.8
2016-07-21,23.9,19.2,30.2,18992,0.0,2.25,1.9
2016-07-22,23.6,15.3,31.3,23857,0.0,1.83,1.7
2016-07-23,22.7,12.3,29.7,22562,0.0,1.54,1.5
2016-07-24,23.6,18.8,30.3,24703,0.0,2.21,1.4
2016-07-25,23.2,17.5,30.9,17528,0.1,2.07,1.5
2016-07-26,22.1,16.4,27.7,19421,0.0,1.9,1.6
2016-07-27,19.8,16.7,23.2,11910,17.5,1.85,1.8
2016-07-28,19.6,14.1,25.9,14656,9.5,1.63,1.7
2016-07-29,20.8,15.9,26.0,20308,0.0,1.81,2.3
2016-07-30,20.2,15.0,25.2,15623,0.0,1.72,2.1
2016-07-31,18.3,13.8,25.7,13618,3.3,1.61,1.7
2016-08-01,16.9,12.9,22.5,17541,0.1,1.47,2.2
2016-08-02,15.7,10.6,19.0,9872,2.7,1.27,1.9
2016-08-03,19.4,15.9,22.9,9453,0.1,1.77,2.6
2016-08-04,19.9,15.8,22.1,11313,3.1,1.76,2.5
2016-08-05,18.1,15.0,23.3,11727,0.6,1.69,2.2
2016-08-06,17.2,13.3,23.0,14286,0.1,1.52,2.3
2016-08-07,18.8,12.1,25.9,22423,0.0,1.47,2.2
2016-08-08,21.3,15.0,27.9,18051,0.0,1.75,3.1
2016-08-09,15.9,10.2,22.4,14411,0.0,1.27,2.3
2016-08-10,12.8,7.8,17.9,13741,0.2,1.06,2.3
2016-08-11,12.9,6.7,19.3,16484,0.9,1.01,2.4
2016-08-12,16.1,13.1,19.8,9007,0.6,1.47,2.5
2016-08-13,21.2,15.9,28.1,22964,0.0,1.85,2.6
2016-08-14,18.2,15.6,22.6,13530,0.0,1.74,1.9
2016-08-15,16.5,8.4,22.6,17391,0.0,1.15,1.8
2016-08-16,15.2,7.5,23.1,17984,0.0,1.1,1.7
2016-08-17,15.1,8.2,23.4,19723,0.0,1.15,1.5
2016-08-18,15.8,8.5,22.9,12952,0.0,1.17,1.6
2016-08-19,18.6,7.3,27.3,22353,2.0,1.14,1.4
2016-08-20,20.2,16.4,26.2,12658,5.9,1.87,2.0
2016-08-21,17.6,13.7,23.2,16423,0.7,1.57,2.6
2016-08-22,18.9,14.0,23.9,11572,0.1,1.6,2.3
2016-08-23,19.7,15.4,25.1,13169,0.0,1.75,1.6
2016-08-24,22.2,13.1,29.7,22698,0.0,1.62,1.9
2016-08-25,23.8,16.2,31.7,22555,0.0,1.92,2.2
2016-08-26,25.1,16.3,34.8,22077,0.0,2.0,1.9
2016-08-27,23.9,15.3,32.5,21601,0.0,1.86,1.7
2016-08-28,24.5,17.1,35.4,16953,0.3,2.12,2.4
2016-08-29,19.0,12.5,23.6,12021,1.3,1.46,2.7
2016-08-30,16.1,9.6,23.9,19311,0.0,1.25,1.9
2016-08-31,17.9,8.4,27.3,21224,0.0,1.21,1.6
2016-09-01,19.1,11.0,26.4,18060,0.0,1.38,1.8
2016-09-02,18.6,10.6,26.2,18884,0.0,1.36,1.6
2016-09-03,19.9,14.2,26.9,18419,0.0,1.65,1.9
2016-09-04,17.6,14.1,22.8,8762,2.0,1.6,2.7
2016-09-05,16.6,14.7,21.8,9407,1.8,1.65,2.6
2016-09-06,17.4,10.6,24.3,19128,0.0,1.32,1.5
2016-09-07,18.4,7.8,26.9,18972,0.0,1.17,1.8
2016-09-08,21.7,12.0,30.5,18917,0.0,1.53,1.9
2016-09-09,20.4,12.9,26.4,17426,0.0,1.53,1.6
2016-09-10,20.2,11.7,28.4,14119,0.0,1.47,1.3
2016-09-11,21.9,14.5,30.0,17121,0.0,1.74,1.4
2016-09-12,22.7,15.8,32.7,17770,0.0,1.92,1.5
2016-09-13,23.7,16.0,32.1,17609,0.0,1.91,1.8
2016-09-14,22.8,17.1,30.6,17249,0.0,2.0,2.2
2016-09-15,20.4,14.6,27.3,17383,0.0,1.69,2.5
2016-09-16,18.9,10.6,26.2,12343,7.9,1.36,1.8
2016-09-17,16.9,15.2,18.8,6117,5.9,1.68,2.6
2016-09-18,16.0,12.5,20.9,12278,0.0,1.43,2.7
2016-09-19,15.3,9.6,20.3,8812,0.0,1.2,1.9
2016-09-20,13.0,5.8,19.7,11071,0.0,0.97,1.3
2016-09-21,14.8,9.6,21.7,12822,0.0,1.21,1.4
2016-09-22,14.3,9.3,20.6,14357,0.0,1.19,1.2
2016-09-23,15.7,9.1,22.4,12267,0.0,1.2,1.5
2016-09-24,14.6,9.4,21.6,14049,0.0,1.2,1.5
2016-09-25,16.0,8.7,23.7,14076,0.0,1.18,1.8
2016-09-26,15.3,8.2,23.6,13740,0.0,1.16,1.4
2016-09-27,15.2,8.0,23.3,14387,0.0,1.14,1.3
2016-09-28,17.2,13.1,20.4,5490,0.0,1.48,3.2
2016-09-29,20.5,14.6,25.3,9692,0.0,1.66,3.6
2016-09-30,15.7,8.4,20.3,7752,0.0,1.13,2.4
2016-10-01,12.3,7.6,14.8,4988,4.8,1.02,1.8
2016-10-02,12.8,8.5,17.0,8734,2.5,1.1,2.3
2016-10-03,12.0,6.5,17.1,9629,2.6,0.98,2.4
2016-10-04,13.1,6.1,17.7,12171,0.0,0.96,3.0
2016-10-05,8.6,5.2,11.6,6081,3.7,0.87,3.2
2016-10-06,10.7,8.4,12.5,4602,2.6,1.07,3.1
2016-10-07,10.4,6.7,14.2,5497,1.3,0.96,2.2
2016-10-08,9.2,6.3,13.2,5412,1.4,0.94,2.0
2016-10-09,7.8,4.7,10.5,4694,0.3,0.83,1.6
2016-10-10,7.5,3.9,12.1,6575,0.0,0.8,1.2
2016-10-11,7.8,6.1,9.6,4230,2.4,0.91,2.0
2016-10-12,7.5,6.4,8.3,4158,1.3,0.93,2.4
2016-10-13,7.3,6.0,8.2,4086,0.2,0.9,3.2
2016-10-14,8.2,4.8,11.3,5591,0.0,0.85,3.4
2016-10-15,9.5,7.1,13.3,4761,0.3,0.99,2.3
2016-10-16,11.5,9.1,16.4,5196,0.0,1.13,1.7
2016-10-17,9.0,8.2,9.6,3807,0.0,1.05,1.9
2016-10-18,10.7,8.0,14.8,4672,3.0,1.05,1.9
2016-10-19,9.7,7.9,11.4,4736,0.5,1.03,2.5
2016-10-20,8.1,5.6,11.8,5428,3.6,0.88,2.1
2016-10-21,7.1,5.9,8.4,3611,1.2,0.89,1.9
2016-10-22,6.9,5.1,8.4,3956,0.2,0.85,1.5
2016-10-23,6.6,3.7,9.1,4225,0.0,0.77,1.5
2016-10-24,6.3,2.7,8.2,3351,8.0,0.72,1.7
2016-10-25,8.1,4.0,9.2,3290,0.4,0.79,1.5
2016-10-26,6.6,4.7,8.8,3229,0.0,0.82,1.2
2016-10-27,9.6,6.0,12.4,3170,0.6,0.91,2.0
2016-10-28,11.5,7.7,13.2,3111,0.7,1.03,2.7
2016-10-29,9.9,7.1,13.0,4942,0.0,0.99,2.5
2016-10-30,7.7,2.1,12.3,6107,0.0,0.72,1.7
2016-10-31,8.4,1.9,11.5,2941,0.4,0.7,1.5
2016-11-01,9.5,6.7,11.5,3251,1.2,0.95,2.1
2016-11-02,6.3,2.6,8.8,4033,0.7,0.72,3.3
2016-11-03,3.1,-0.6,7.2,6514,0.0,0.58,1.8
2016-11-04,6.1,4.6,8.2,2730,0.1,0.82,2.2
2016-11-05,6.6,4.0,9.5,2679,4.1,0.79,2.1
2016-11-06,5.5,3.2,9.3,4173,3.1,0.75,2.2
2016-11-07,4.0,2.3,5.3,2582,0.4,0.69,2.2
2016-11-08,2.8,0.3,5.7,2535,1.2,0.61,2.1
2016-11-09,0.8,-2.6,5.5,4529,0.0,0.5,2.1
2016-11-10,1.2,-0.8,5.2,4134,0.0,0.56,2.3
2016-11-11,-0.2,-3.6,1.7,2401,0.0,0.46,2.2
2016-11-12,-2.2,-5.4,1.1,3317,0.0,0.4,1.6
2016-11-13,-1.7,-5.7,3.0,6105,0.0,0.4,2.0
2016-11-14,-0.1,-5.9,5.2,6073,0.0,0.4,2.1
2016-11-15,3.4,1.6,7.6,2238,2.2,0.67,3.0
2016-11-16,8.0,7.0,9.4,2505,2.5,0.96,2.9
2016-11-17,9.5,8.2,11.9,2465,1.1,1.05,3.6
2016-11-18,9.4,5.3,14.0,2675,3.4,0.88,4.1
2016-11-19,5.9,2.8,8.0,2093,2.2,0.73,2.8
2016-11-20,7.5,2.5,12.9,2741,0.0,0.74,3.8
2016-11-21,10.2,6.8,12.6,3184,0.0,0.97,2.5
2016-11-22,9.4,3.9,13.4,2187,0.0,0.81,1.9
2016-11-23,4.7,2.0,8.5,2958,0.0,0.69,1.3
2016-11-24,4.2,0.5,7.5,2966,0.0,0.63,2.4
2016-11-25,0.8,-0.9,2.2,1910,0.0,0.55,2.3
2016-11-26,0.0,-1.3,2.7,1884,0.1,0.54,1.8
2016-11-27,4.0,0.1,7.2,4587,0.0,0.6,2.5
2016-11-28,-0.9,-5.5,2.8,4809,0.0,0.4,2.4
2016-11-29,-2.5,-5.7,1.7,4940,0.0,0.39,2.1
2016-11-30,1.0,-3.6,4.6,1789,7.4,0.47,3.0
2016-12-01,6.5,4.2,8.1,1768,1.4,0.8,4.2
2016-12-02,3.8,-1.6,8.0,4806,0.0,0.54,2.9
2016-12-03,-1.1,-3.9,2.9,4765,0.0,0.45,1.4
2016-12-04,-1.9,-5.4,1.8,4168,0.0,0.4,1.5
2016-12-05,-4.4,-7.8,-0.3,4606,0.1,0.34,1.5
2016-12-06,-0.2,-3.6,1.6,1680,0.7,0.46,1.5
2016-12-07,1.6,-0.6,6.2,1751,0.1,0.57,2.3
2016-12-08,6.8,4.9,9.9,3126,0.0,0.84,3.0
2016-12-09,7.7,5.0,9.5,1641,0.1,0.84,2.8
2016-12-10,8.7,7.4,10.8,1672,8.9,1.0,2.8
2016-12-11,7.3,5.1,8.7,1621,9.1,0.85,3.7
2016-12-12,4.1,-0.9,7.3,1612,0.2,0.57,2.3
2016-12-13,3.3,0.0,5.6,1605,0.6,0.59,1.6
2016-12-14,5.2,2.0,6.6,1598,0.2,0.68,1.4
2016-12-15,1.8,-0.3,2.6,1593,0.0,0.57,2.4
2016-12-16,-0.7,-3.7,3.3,4213,0.0,0.46,2.2
2016-12-17,-1.5,-4.7,2.0,1585,0.6,0.42,1.6
2016-12-18,4.2,1.8,6.0,1583,0.9,0.68,1.7
2016-12-19,3.5,1.7,5.2,1582,0.0,0.67,1.8
2016-12-20,-0.1,-1.8,1.9,1583,0.0,0.52,2.4
2016-12-21,-0.6,-3.5,2.3,3057,0.0,0.46,2.4
2016-12-22,1.1,-1.2,2.7,1668,0.6,0.54,2.3
2016-12-23,3.0,1.5,5.2,2205,0.8,0.66,2.7
2016-12-24,5.0,1.5,7.4,1594,2.4,0.67,4.3
2016-12-25,8.1,4.6,9.9,1600,1.0,0.83,4.7
2016-12-26,8.3,3.9,11.1,1648,1.2,0.8,4.8
2016-12-27,6.9,5.1,8.4,1614,1.8,0.85,4.7
2016-12-28,6.7,4.8,7.5,1623,0.9,0.83,2.5
2016-12-29,3.4,-1.7,5.6,2386,0.0,0.53,1.7
2016-12-30,0.1,-3.1,4.2,4415,0.0,0.48,1.8
2016-12-31,0.9,-3.0,4.2,4399,0.0,0.48,2.2
2017-01-01,1.6,-1.0,4.0,2332,1.1,0.55,2.5
2017-01-02,0.4,-1.0,2.6,1798,0.7,0.55,2.6
2017-01-03,2.5,0.3,4.8,1685,7.3,0.6,4.2
2017-01-04,2.2,-1.3,5.2,2173,3.8,0.55,5.5
2017-01-05,-3.6,-9.0,-0.7,4353,0.0,0.31,3.1
2017-01-06,-8.5,-11.0,-4.3,4912,0.0,0.26,1.6
2017-01-07,-5.2,-8.7,-1.0,1754,2.2,0.31,2.5
2017-01-08,-0.6,-2.2,0.5,1774,0.0,0.5,1.5
2017-01-09,-0.5,-1.6,0.7,1796,0.0,0.52,1.8
2017-01-10,-1.2,-4.2,1.5,3658,0.0,0.43,2.6
2017-01-11,-0.2,-3.5,4.0,1842,2.3,0.46,4.2
2017-01-12,3.0,1.7,4.8,2186,1.8,0.67,4.2
2017-01-13,1.1,-0.4,2.9,1892,4.8,0.57,4.7
2017-01-14,0.4,-0.9,2.7,2757,0.1,0.55,3.8
2017-01-15,-0.3,-4.3,0.6,1947,2.4,0.43,2.8
2017-01-16,-3.9,-7.2,-1.5,1977,0.0,0.35,1.7
2017-01-17,-4.8,-8.7,-2.6,2487,0.0,0.31,1.9
2017-01-18,-5.1,-7.5,-3.1,2039,0.0,0.34,2.3
2017-01-19,-3.8,-5.9,-1.8,2365,0.0,0.38,1.9
2017-01-20,-0.7,-2.9,1.7,2848,0.0,0.48,1.5
2017-01-21,0.7,-1.7,2.1,2141,0.0,0.52,1.3
2017-01-22,-1.7,-5.3,2.7,4706,0.0,0.41,1.3
2017-01-23,-4.1,-7.0,-2.1,2214,0.2,0.35,1.4
2017-01-24,-1.3,-2.5,-0.3,2253,0.0,0.49,1.5
2017-01-25,-0.3,-1.0,0.6,2293,0.0,0.54,1.9
2017-01-26,-0.1,-2.3,3.3,5670,0.0,0.5,2.5
2017-01-27,-1.6,-4.9,2.9,6663,0.0,0.42,2.1
2017-01-28,-3.7,-8.1,0.7,6703,0.0,0.33,1.9
2017-01-29,2.3,-1.0,5.9,3835,0.0,0.56,2.1
2017-01-30,1.4,-0.1,3.6,2508,4.5,0.59,2.7
2017-01-31,0.4,-0.5,1.4,2555,0.2,0.56,2.0
2017-02-01,-0.2,-2.4,0.5,2603,0.1,0.49,2.1
2017-02-02,-1.3,-4.5,0.9,2651,0.0,0.42,2.3
2017-02-03,1.7,-0.7,4.4,2876,0.4,0.57,2.0
2017-02-04,3.8,0.0,10.3,5940,0.0,0.62,2.3
2017-02-05,1.6,0.7,2.3,2805,0.1,0.61,2.0
2017-02-06,-0.6,-2.1,1.0,2858,0.2,0.5,2.0
2017-02-07,-0.9,-1.9,-0.4,2912,0.0,0.51,2.4
2017-02-08,-3.2,-5.8,-1.6,2967,0.0,0.39,2.7
2017-02-09,-3.8,-6.5,-1.3,4279,0.0,0.36,2.8
2017-02-10,-2.6,-5.6,2.2,4543,0.0,0.4,2.8
2017-02-11,-1.5,-2.4,-0.5,3140,0.0,0.49,2.8
2017-02-12,-1.2,-3.2,1.6,6259,0.0,0.47,3.2
2017-02-13,-1.9,-6.4,3.2,8664,0.0,0.38,3.0
2017-02-14,-1.8,-7.1,4.8,8858,0.0,0.37,2.0
2017-02-15,1.1,-5.0,11.6,9325,0.0,0.46,1.3
2017-02-16,4.8,-2.2,11.5,7410,0.3,0.54,1.9
2017-02-17,5.0,2.4,7.0,3512,1.7,0.7,2.4
2017-02-18,3.9,2.0,5.3,3577,0.1,0.68,1.8
2017-02-19,4.0,0.5,7.9,5201,2.5,0.62,2.5
2017-02-20,7.2,4.6,9.7,3711,4.6,0.82,4.1
2017-02-21,7.9,3.8,10.3,5083,2.1,0.78,4.2
2017-02-22,7.9,3.9,11.7,3847,12.2,0.8,5.5
2017-02-23,7.1,5.0,9.0,3917,7.1,0.85,5.2
2017-02-24,3.5,0.1,7.5,6462,1.1,0.6,4.5
2017-02-25,3.6,-0.4,6.9,7016,0.3,0.59,2.8
2017-02-26,8.3,5.0,10.5,4208,0.9,0.85,3.5
2017-02-27,10.2,7.1,13.5,8467,0.0,0.98,3.4
2017-02-28,8.2,3.3,11.9,7020,1.8,0.77,4.2
2017-03-01,4.2,1.5,7.2,6094,2.1,0.66,4.0
2017-03-02,5.9,3.9,7.6,4426,1.6,0.78,4.7
2017-03-03,6.9,2.4,11.4,10489,0.0,0.73,2.6
2017-03-04,10.3,3.2,17.8,10546,1.5,0.81,2.5
2017-03-05,9.1,6.5,12.1,6720,0.1,0.94,3.3
2017-03-06,5.6,2.9,8.6,4899,2.3,0.73,2.8
2017-03-07,2.9,1.8,4.0,4810,0.0,0.67,2.4
2017-03-08,5.9,2.8,10.6,7017,3.6,0.74,2.9
2017-03-09,7.3,4.9,11.2,7374,4.9,0.85,3.0
2017-03-10,6.8,1.8,10.1,6696,0.0,0.69,3.0
2017-03-11,3.8,0.2,9.5,8456,0.0,0.62,1.7
2017-03-12,2.8,-1.1,8.4,11222,0.0,0.57,2.6
2017-03-13,3.8,-1.1,9.3,9930,0.0,0.57,1.7
2017-03-14,7.3,0.0,12.2,6720,0.0,0.63,2.3
2017-03-15,9.9,4.4,13.4,12358,0.0,0.83,2.7
2017-03-16,8.2,2.9,14.5,14794,0.0,0.77,1.9
2017-03-17,8.2,6.1,10.8,5891,5.0,0.92,3.6
2017-03-18,6.4,2.9,11.6,7841,1.1,0.75,5.2
2017-03-19,5.2,-0.2,11.0,5777,11.6,0.61,3.7
2017-03-20,11.4,9.3,13.5,5955,0.1,1.13,3.8
2017-03-21,9.8,4.3,12.2,6038,1.1,0.82,3.2
2017-03-22,6.6,-0.8,12.3,12871,0.2,0.6,2.1
2017-03-23,6.3,4.3,7.6,6108,4.4,0.8,2.4
2017-03-24,6.1,-1.0,13.9,17062,0.0,0.6,2.4
2017-03-25,6.2,-0.2,13.1,15649,0.0,0.63,2.6
2017-03-26,6.1,-1.2,14.3,17392,0.0,0.6,1.8
2017-03-27,8.4,-0.8,17.7,17756,0.0,0.65,1.7
2017-03-28,11.7,1.0,21.0,17921,0.0,0.75,1.8
2017-03-29,10.9,7.6,13.9,7519,3.6,1.03,2.9
2017-03-30,13.8,10.3,18.8,9858,0.0,1.25,1.9
2017-03-31,16.0,7.9,23.1,15729,0.0,1.13,2.2
2017-04-01,15.7,8.8,22.9,17218,1.9,1.18,1.7
2017-04-02,12.5,6.8,17.5,13299,0.0,1.0,2.1
2017-04-03,8.2,5.3,9.8,7016,0.0,0.86,1.9
2017-04-04,9.6,6.2,13.6,9316,0.0,0.93,1.5
2017-04-05,9.4,5.6,14.5,11537,0.0,0.91,2.7
2017-04-06,8.8,5.1,13.2,15386,0.2,0.87,3.5
2017-04-07,9.7,6.3,13.1,7341,0.0,0.94,3.4
2017-04-08,10.1,6.4,13.8,7637,0.0,0.95,1.8
2017-04-09,11.9,5.8,19.0,19790,0.0,0.95,1.3
2017-04-10,11.5,6.2,19.7,15125,0.0,0.99,3.5
2017-04-11,7.5,3.8,10.6,9528,2.8,0.79,3.1
2017-04-12,9.6,7.2,13.9,8180,4.4,0.99,3.7
2017-04-13,8.5,4.9,12.8,11258,0.1,0.86,3.7
2017-04-14,8.4,3.4,13.6,15705,0.0,0.78,2.6
2017-04-15,8.0,4.2,11.5,9540,2.1,0.81,3.7
2017-04-16,5.9,3.7,10.4,10863,1.9,0.78,3.0
2017-04-17,5.7,1.6,11.2,15704,0.9,0.69,2.6
2017-04-18,4.7,1.0,8.8,11380,0.9,0.65,3.0
2017-04-19,3.2,-2.5,8.3,15691,0.0,0.51,2.7
2017-04-20,4.2,-4.1,10.7,19807,0.0,0.48,1.9
2017-04-21,10.0,5.5,15.1,9339,0.8,0.9,3.3
2017-04-22,7.0,4.8,10.8,13459,0.5,0.84,3.9
2017-04-23,6.1,1.9,9.7,12622,0.6,0.69,3.3
2017-04-24,8.4,0.6,14.9,16549,0.0,0.68,2.7
2017-04-25,6.9,2.2,12.2,13143,0.5,0.72,2.7
2017-04-26,6.0,-0.4,12.1,17565,0.0,0.61,1.6
2017-04-27,5.3,-2.1,11.9,17546,0.0,0.56,1.7
2017-04-28,7.6,-1.5,14.8,20238,0.8,0.59,1.9
2017-04-29,6.6,-0.8,12.2,13356,0.0,0.6,1.9
2017-04-30,8.2,-1.9,15.9,24597,0.0,0.58,3.4
2017-05-01,12.0,5.4,17.2,16252,0.0,0.92,3.5
2017-05-02,9.9,8.4,12.1,9170,6.3,1.07,3.2
2017-05-03,11.6,7.7,17.1,13305,1.3,1.05,2.7
2017-05-04,8.5,7.3,10.1,9295,4.2,0.98,2.9
2017-05-05,9.4,7.8,11.3,9356,0.1,1.02,2.0
2017-05-06,12.1,7.9,17.2,11588,0.0,1.06,2.1
2017-05-07,13.6,7.4,19.5,19879,0.2,1.05,2.2
2017-05-08,8.3,4.0,10.7,9896,0.5,0.8,2.8
2017-05-09,6.7,2.2,11.2,12992,0.2,0.72,1.9
2017-05-10,8.3,2.3,13.9,16465,0.0,0.74,1.9
2017-05-11,12.5,0.5,21.3,25686,0.0,0.73,2.2
2017-05-12,16.3,10.8,24.4,20146,3.5,1.35,2.2
2017-05-13,15.3,11.8,20.1,13236,1.0,1.36,1.7
2017-05-14,15.0,9.2,19.9,19551,0.8,1.17,1.7
2017-05-15,14.9,9.0,20.6,19618,0.0,1.16,1.7
2017-05-16,16.0,8.4,20.6,11557,0.3,1.13,1.5
2017-05-17,21.3,15.0,27.0,25665,0.0,1.74,2.1
2017-05-18,22.1,15.3,29.3,26846,0.0,1.8,2.2
2017-05-19,21.8,13.8,30.4,23082,0.0,1.69,2.6
2017-05-20,15.1,9.1,20.3,18561,0.0,1.17,2.4
2017-05-21,15.1,6.5,21.8,25187,0.0,1.02,1.7
2017-05-22,16.2,7.4,23.6,26364,0.0,1.1,1.6
2017-05-23,17.2,8.0,25.6,22570,1.1,1.18,2.4
2017-05-24,13.2,9.3,18.4,13539,0.5,1.17,3.0
2017-05-25,14.0,7.2,20.4,20555,0.0,1.06,2.3
2017-05-26,17.5,11.1,25.4,21973,0.0,1.37,2.0
2017-05-27,20.7,9.3,28.3,28882,0.0,1.3,2.1
2017-05-28,23.8,15.0,31.5,25934,0.0,1.8,2.0
2017-05-29,23.8,15.8,30.4,26229,0.0,1.87,1.7
2017-05-30,22.2,17.4,28.6,19142,8.9,2.01,2.4
2017-05-31,17.9,9.8,23.3,24936,0.0,1.26,3.0
2017-06-01,14.9,7.5,22.7,29734,0.0,1.1,1.9
2017-06-02,18.0,6.5,26.5,29522,0.0,1.09,1.4
2017-06-03,17.6,13.8,23.5,14132,5.6,1.57,1.8
2017-06-04,16.0,11.9,19.6,16040,11.1,1.38,2.6
2017-06-05,16.1,12.7,22.7,19330,2.1,1.48,1.7
2017-06-06,17.7,13.2,25.6,16843,2.8,1.56,3.1
2017-06-07,14.2,10.4,19.4,19629,1.4,1.25,4.3
2017-06-08,16.6,12.1,21.2,14121,0.0,1.39,2.5
2017-06-09,19.4,12.5,28.4,22311,0.1,1.54,2.5
2017-06-10,17.7,11.3,22.7,18557,0.0,1.35,1.8
2017-06-11,21.5,11.5,29.2,25114,1.4,1.46,2.0
2017-06-12,19.3,16.2,22.1,17959,0.0,1.8,3.6
2017-06-13,16.5,11.3,20.7,14322,0.0,1.34,2.9
2017-06-14,16.4,9.3,23.7,27169,0.0,1.23,1.8
2017-06-15,20.3,9.0,28.1,24788,9.3,1.26,1.9
2017-06-16,16.7,13.1,20.8,18880,4.1,1.49,3.7
2017-06-17,16.5,12.1,22.2,21277,0.0,1.41,3.0
2017-06-18,19.1,10.8,26.7,28456,0.0,1.37,1.7
2017-06-19,22.8,13.7,31.2,28458,0.0,1.68,1.4
2017-06-20,22.1,14.2,28.5,25941,0.0,1.68,2.2
2017-06-21,18.0,10.2,24.5,29463,0.0,1.3,1.7
2017-06-22,19.4,10.6,29.3,19769,21.5,1.39,2.4
2017-06-23,19.9,16.9,24.5,16493,0.1,1.9,3.6
2017-06-24,19.4,17.3,22.3,11203,0.3,1.91,3.1
2017-06-25,18.3,15.5,23.2,13713,3.2,1.73,3.0
2017-06-26,16.4,10.6,21.4,15967,1.2,1.28,2.6
2017-06-27,16.7,8.4,23.5,25511,0.0,1.16,1.8
2017-06-28,20.1,14.0,27.0,22982,6.1,1.65,2.5
2017-06-29,18.1,15.5,23.4,11283,37.5,1.74,2.7
2017-06-30,16.8,14.3,21.3,11771,4.7,1.6,3.4
2017-07-01,16.0,14.6,18.8,11630,5.5,1.61,3.2
2017-07-02,15.9,11.1,19.0,13119,0.5,1.3,3.1
2017-07-03,17.1,10.0,22.8,25892,0.5,1.26,2.7
2017-07-04,16.6,11.9,21.8,24737,0.0,1.4,2.3
2017-07-05,16.1,12.0,22.5,15939,0.3,1.4,1.6
2017-07-06,20.1,12.0,27.2,23050,0.3,1.48,1.4
2017-07-07,21.7,16.4,28.9,19140,0.4,1.9,2.1
2017-07-08,19.5,15.4,26.5,16109,0.1,1.77,2.3
2017-07-09,18.3,13.1,25.4,21451,0.2,1.54,1.6
2017-07-10,18.6,14.4,23.8,12301,5.0,1.63,2.0
2017-07-11,18.3,13.7,24.5,17136,2.2,1.58,2.5
2017-07-12,16.2,11.9,20.6,11117,9.9,1.38,2.9
2017-07-13,14.8,9.6,20.7,18432,0.0,1.22,2.4
2017-07-14,16.4,9.6,23.0,18143,0.4,1.24,1.7
2017-07-15,17.1,12.0,23.2,17728,0.2,1.42,1.9
2017-07-16,17.7,10.8,23.1,13712,3.7,1.32,2.0
2017-07-17,18.1,11.3,24.5,18508,0.0,1.39,1.8
2017-07-18,18.2,9.6,25.6,28247,0.0,1.28,1.7
2017-07-19,22.7,14.7,29.9,27567,1.3,1.77,2.3
2017-07-20,22.2,17.8,27.6,20584,0.3,2.03,2.3
2017-07-21,21.3,16.8,26.8,23490,0.0,1.9,1.8
2017-07-22,20.7,17.5,24.7,14556,8.4,1.97,2.0
2017-07-23,19.6,15.3,24.3,14997,0.5,1.72,2.5
2017-07-24,18.3,12.8,24.4,15804,24.9,1.5,1.9
2017-07-25,15.8,14.8,18.0,9983,10.5,1.63,3.1
2017-07-26,15.8,12.5,19.0,10547,21.8,1.42,3.0
2017-07-27,17.4,11.7,23.1,15754,2.3,1.39,2.3
2017-07-28,18.3,13.8,23.4,21551,0.1,1.58,2.6
2017-07-29,20.7,15.2,26.4,14413,0.0,1.73,2.5
2017-07-30,24.2,17.8,31.9,19943,1.2,2.1,2.7
2017-07-31,22.7,16.8,29.0,21689,5.9,1.95,1.9
2017-08-01,22.6,17.9,29.1,17251,0.1,2.07,1.8
2017-08-02,21.4,16.9,26.9,15729,0.6,1.91,1.7
2017-08-03,22.5,18.1,28.9,13368,1.2,2.09,2.6
2017-08-04,20.8,16.8,25.0,19434,0.0,1.88,3.1
2017-08-05,17.5,14.7,21.8,12153,1.6,1.65,2.4
2017-08-06,16.7,10.6,22.2,21419,0.0,1.31,2.1
2017-08-07,18.2,8.7,25.3,23833,0.0,1.2,1.8
2017-08-08,20.9,12.3,27.7,22542,0.0,1.52,2.4
2017-08-09,21.0,15.0,26.2,24104,1.7,1.71,2.2
2017-08-10,20.2,16.1,24.8,12991,33.0,1.81,1.9
2017-08-11,16.2,14.2,18.0,9021,1.9,1.57,2.1
2017-08-12,15.2,12.6,18.9,9426,1.2,1.42,2.9
2017-08-13,17.6,13.1,21.6,15456,0.0,1.49,1.9
2017-08-14,18.2,10.1,25.6,19691,0.0,1.31,1.8
2017-08-15,22.0,14.8,29.1,17141,0.0,1.74,2.1
2017-08-16,19.2,14.3,24.2,14257,3.9,1.63,1.5
2017-08-17,20.7,12.4,26.3,16596,1.0,1.48,1.9
2017-08-18,20.4,16.0,24.9,12579,9.7,1.81,2.2
2017-08-19,17.1,12.7,21.2,16855,0.0,1.46,2.7
2017-08-20,15.6,11.0,21.0,16178,0.0,1.31,2.5
2017-08-21,15.2,12.0,20.2,12772,0.0,1.39,2.2
2017-08-22,13.7,7.9,19.0,13815,0.0,1.08,1.7
2017-08-23,14.5,6.9,22.6,22526,0.0,1.07,1.4
2017-08-24,16.7,10.2,22.8,10583,0.6,1.27,2.1
2017-08-25,17.7,12.2,23.3,16094,0.0,1.43,1.6
2017-08-26,17.7,10.5,23.7,8404,0.1,1.3,1.5
2017-08-27,18.6,12.5,23.1,20192,0.0,1.45,1.9
2017-08-28,16.3,9.4,24.4,21932,0.0,1.25,1.3
2017-08-29,19.5,9.4,27.6,22444,0.0,1.29,1.7
2017-08-30,23.3,13.6,30.5,18140,0.0,1.66,2.1
2017-08-31,20.6,13.2,25.9,12247,0.9,1.55,2.6
2017-09-01,14.5,10.6,17.7,9765,0.0,1.26,1.5
2017-09-02,14.7,7.2,21.1,15479,0.4,1.06,1.4
2017-09-03,13.0,5.5,20.8,17814,0.0,0.96,1.3
2017-09-04,13.7,5.8,21.5,19376,0.0,0.98,1.6
2017-09-05,15.7,6.4,24.3,17640,0.7,1.06,1.7
2017-09-06,16.2,12.2,21.4,8777,9.4,1.41,3.1
2017-09-07,14.2,11.1,19.8,8582,2.0,1.31,2.9
2017-09-08,14.4,12.1,16.3,6934,1.6,1.37,3.2
2017-09-09,16.0,13.7,19.9,8297,2.9,1.54,2.6
2017-09-10,15.3,10.8,20.9,14763,0.0,1.3,2.3
2017-09-11,14.9,11.9,18.0,8624,0.1,1.37,3.5
2017-09-12,14.2,10.1,19.1,11359,0.0,1.22,3.3
2017-09-13,14.2,9.9,20.3,11847,4.0,1.22,5.0
2017-09-14,12.8,10.0,15.7,9136,2.6,1.19,4.4
2017-09-15,12.5,9.0,17.4,10718,1.0,1.14,2.7
2017-09-16,11.6,5.9,17.9,14337,0.0,0.95,1.5
2017-09-17,11.4,3.5,18.9,12148,0.7,0.83,1.2
2017-09-18,11.2,5.3,17.5,14247,0.0,0.91,1.6
2017-09-19,11.3,5.4,17.6,12086,0.0,0.92,1.6
2017-09-20,12.1,8.0,17.3,9193,0.0,1.07,2.0
2017-09-21,13.0,9.1,16.9,6439,0.0,1.14,1.3
2017-09-22,13.3,6.9,20.2,10478,0.0,1.03,1.1
2017-09-23,11.9,5.2,18.0,9893,4.4,0.91,1.2
2017-09-24,13.5,11.6,16.5,5628,2.0,1.33,1.4
2017-09-25,14.1,13.0,17.7,5821,0.1,1.46,1.7
2017-09-26,14.9,11.9,19.9,9454,0.0,1.38,1.9
2017-09-27,15.1,11.5,19.0,7991,0.0,1.33,1.7
2017-09-28,15.5,12.0,19.6,6819,0.2,1.38,1.7
2017-09-29,16.8,12.4,23.0,12196,0.0,1.44,1.8
2017-09-30,15.7,10.0,22.0,11703,0.3,1.26,2.2
2017-10-01,12.8,10.3,14.8,5067,2.1,1.22,1.9
2017-10-02,12.7,9.7,14.7,5160,7.4,1.16,3.2
2017-10-03,13.0,10.3,17.2,8139,0.3,1.22,3.1
2017-10-04,12.1,10.2,13.7,4917,3.5,1.21,3.6
2017-10-05,11.0,9.0,16.2,5172,10.8,1.12,4.8
2017-10-06,10.4,8.8,13.0,5173,1.9,1.09,3.8
2017-10-07,10.4,9.4,12.2,5011,10.0,1.13,3.8
2017-10-08,10.2,4.0,14.3,9700,1.8,0.82,3.0
2017-10-09,8.6,3.9,12.8,6772,4.6,0.8,2.0
2017-10-10,12.2,9.7,14.0,4377,0.8,1.16,2.7
2017-10-11,14.6,13.0,16.6,4539,0.1,1.46,3.1
2017-10-12,13.5,9.3,16.4,7331,0.1,1.15,3.9
2017-10-13,12.3,9.3,16.6,7072,0.0,1.15,2.2
2017-10-14,16.2,12.6,21.0,6968,0.0,1.44,2.1
2017-10-15,16.2,10.1,23.0,11516,0.0,1.27,1.7
2017-10-16,17.2,11.6,22.6,10844,0.0,1.38,1.8
2017-10-17,16.3,9.9,21.8,10404,0.0,1.25,1.8
2017-10-18,12.2,7.8,18.8,7796,0.0,1.07,1.2
2017-10-19,10.2,7.8,12.1,3739,0.0,1.03,1.7
2017-10-20,12.3,7.7,15.8,4452,0.5,1.04,2.3
2017-10-21,12.0,10.0,14.3,3677,4.4,1.19,2.2
2017-10-22,11.5,9.0,14.0,5758,0.6,1.11,3.2
2017-10-23,10.2,8.1,12.6,3477,1.5,1.04,2.7
2017-10-24,12.2,9.7,15.0,4158,3.3,1.18,2.4
2017-10-25,14.9,11.2,18.1,3953,0.1,1.31,3.0
2017-10-26,12.6,10.4,15.4,3620,0.7,1.22,2.3
2017-10-27,10.7,7.5,13.0,4078,0.2,1.01,3.6
2017-10-28,10.3,8.7,11.8,3170,5.9,1.09,5.0
2017-10-29,8.1,4.9,12.9,4895,6.7,0.86,6.2
2017-10-30,5.5,2.4,9.6,8280,0.1,0.71,3.1
2017-10-31,7.3,4.2,9.3,2997,1.3,0.8,2.3
2017-11-01,9.7,7.3,11.2,2941,5.7,0.99,2.7
2017-11-02,9.5,6.4,11.9,2887,0.6,0.93,2.8
2017-11-03,8.5,6.5,12.0,4633,0.0,0.95,1.6
2017-11-04,8.4,2.4,12.4,4322,0.0,0.73,2.1
2017-11-05,9.7,6.4,11.4,2730,7.3,0.94,2.5
2017-11-06,5.8,3.4,10.0,6728,0.1,0.76,1.8
2017-11-07,5.3,2.7,7.8,2630,0.0,0.72,2.0
2017-11-08,7.4,5.8,9.7,3712,0.0,0.89,1.7
2017-11-09,6.5,4.9,8.0,2535,0.6,0.83,1.8
2017-11-10,6.9,4.1,8.4,2490,3.0,0.8,3.9
2017-11-11,5.0,2.7,6.9,2445,1.4,0.72,3.7
2017-11-12,3.7,1.8,6.6,2724,1.0,0.68,2.5
2017-11-13,4.1,-0.6,7.6,3742,0.0,0.58,2.2
2017-11-14,4.0,-1.1,7.7,2633,0.1,0.57,2.2
2017-11-15,7.9,6.1,9.1,2277,0.3,0.91,1.8
2017-11-16,7.4,4.8,9.0,2701,0.4,0.83,1.9
2017-11-17,5.6,1.2,9.5,5403,0.0,0.66,1.8
2017-11-18,3.9,1.9,6.5,2365,1.5,0.68,3.5
2017-11-19,4.4,2.2,6.3,2476,1.4,0.69,4.4
2017-11-20,4.2,2.3,6.0,2142,2.6,0.7,3.3
2017-11-21,4.8,2.6,10.0,2060,7.2,0.73,2.8
2017-11-22,8.8,6.5,10.7,2028,0.1,0.94,3.2
2017-11-23,10.4,6.9,13.7,2664,0.1,0.97,3.5
2017-11-24,8.6,3.1,14.2,2344,6.1,0.77,2.5
2017-11-25,3.9,1.4,5.1,1938,11.5,0.65,2.3
2017-11-26,3.4,0.5,5.2,2651,0.2,0.61,3.6
2017-11-27,4.0,1.3,5.8,2251,3.9,0.65,4.3
2017-11-28,5.9,2.7,7.4,2677,0.0,0.72,3.5
2017-11-29,2.2,-0.3,5.1,3727,0.4,0.58,1.7
2017-11-30,0.8,-1.3,2.1,2526,0.0,0.54,1.7
2017-12-01,1.0,-0.7,2.8,2232,0.2,0.56,1.4
2017-12-02,1.1,-1.9,3.6,2252,0.0,0.52,1.7
2017-12-03,-0.1,-2.6,2.4,1792,1.0,0.49,2.7
2017-12-04,3.9,1.7,5.8,2120,1.2,0.67,3.3
2017-12-05,6.7,4.4,7.5,1712,0.4,0.81,3.7
2017-12-06,7.1,6.6,7.5,1696,0.0,0.94,4.0
2017-12-07,5.7,4.3,7.7,4446,3.2,0.8,4.2
2017-12-08,3.6,0.4,5.9,2724,0.8,0.62,3.9
2017-12-09,1.4,-0.2,2.8,1653,1.5,0.58,4.2
2017-12-10,0.2,-1.6,2.8,1976,4.3,0.52,4.1
2017-12-11,2.9,1.3,7.0,1630,4.7,0.65,3.0
2017-12-12,4.3,1.4,8.0,1621,0.4,0.66,4.0
2017-12-13,2.2,-0.3,4.4,3475,4.7,0.58,4.0
2017-12-14,3.4,1.9,5.3,1687,2.5,0.68,4.5
2017-12-15,1.7,0.3,3.4,1598,1.3,0.6,2.3
2017-12-16,2.0,0.3,3.1,1593,0.3,0.6,2.3
2017-12-17,1.7,-0.1,2.9,1835,0.5,0.58,2.5
2017-12-18,0.3,-2.5,3.8,4124,0.0,0.5,1.7
2017-12-19,2.3,-0.1,4.0,1583,3.8,0.59,1.6
2017-12-20,3.8,1.8,5.4,1582,1.0,0.67,1.5
2017-12-21,6.3,4.8,7.9,1583,0.3,0.83,2.5
2017-12-22,5.1,2.3,6.9,1584,0.0,0.69,2.3
2017-12-23,7.1,3.0,9.5,1586,0.0,0.74,4.3
2017-12-24,9.7,9.0,10.3,1590,0.0,1.1,4.8
2017-12-25,7.9,2.6,9.5,1594,0.0,0.72,3.6
2017-12-26,4.7,1.9,8.8,2795,0.5,0.69,3.8
2017-12-27,2.6,0.7,4.3,1607,0.0,0.62,2.6
2017-12-28,2.6,0.5,4.4,1614,0.0,0.61,3.3
2017-12-29,1.5,-0.7,4.3,2747,0.0,0.56,3.6
2017-12-30,3.8,-0.8,9.8,1634,2.0,0.58,4.0
2017-12-31,9.9,6.7,12.7,1645,1.4,0.96,4.1
2018-01-01,8.0,4.8,12.3,3260,3.6,0.85,4.4
2018-01-02,4.5,2.4,6.3,1798,3.3,0.7,3.4
2018-01-03,6.0,2.9,8.3,2240,9.3,0.73,5.8
2018-01-04,6.7,5.7,7.8,1915,1.5,0.88,4.2
2018-01-05,7.0,4.5,9.4,1847,0.0,0.82,3.6
2018-01-06,5.1,1.9,7.8,2518,0.0,0.69,1.9
2018-01-07,1.3,-1.6,4.0,2017,0.0,0.53,3.0
2018-01-08,-1.2,-3.3,2.2,4468,0.0,0.47,3.4
2018-01-09,1.7,-2.0,3.9,1796,0.1,0.51,3.1
2018-01-10,1.7,-1.0,6.7,3748,0.0,0.56,1.7
2018-01-11,0.4,-1.1,2.1,1842,0.3,0.54,1.2
2018-01-12,1.9,1.4,2.4,1866,0.3,0.65,1.8
2018-01-13,0.6,-0.1,1.4,1892,0.0,0.58,2.9
2018-01-14,-0.9,-2.3,1.5,4944,0.0,0.5,2.9
2018-01-15,1.1,-2.0,3.7,2699,3.3,0.52,3.9
2018-01-16,3.2,0.9,5.3,2262,2.0,0.63,4.3
2018-01-17,1.5,0.1,2.7,2151,2.5,0.59,4.3
2018-01-18,2.6,0.5,6.8,2039,5.4,0.62,5.3
2018-01-19,2.3,0.2,4.3,2219,0.3,0.6,2.8
2018-01-20,1.2,-1.1,4.0,2452,0.1,0.55,2.3
2018-01-21,-0.8,-1.6,-0.2,2141,0.0,0.52,1.8
2018-01-22,0.3,-0.5,1.4,2177,0.1,0.56,2.5
2018-01-23,3.5,0.3,7.1,2265,0.6,0.61,2.6
2018-01-24,9.3,5.6,11.1,2874,0.0,0.88,3.9
2018-01-25,8.9,6.6,11.1,2293,5.0,0.94,2.6
2018-01-26,6.3,4.7,7.5,2333,0.6,0.82,1.4
2018-01-27,5.3,3.1,7.6,3126,0.1,0.74,2.0
2018-01-28,7.6,5.2,9.4,2473,1.0,0.86,4.6
2018-01-29,9.6,5.7,11.1,2573,2.3,0.89,5.2
2018-01-30,4.6,2.1,6.7,3064,0.0,0.69,3.2
2018-01-31,5.8,1.3,9.8,2555,4.3,0.67,3.7
2018-02-01,3.4,1.5,5.8,5619,0.0,0.66,3.3
2018-02-02,2.3,0.0,4.1,3688,1.3,0.59,2.9
2018-02-03,0.8,-1.0,2.5,2701,0.8,0.55,2.0
2018-02-04,-0.3,-2.5,2.2,4228,0.1,0.49,2.1
2018-02-05,-0.7,-5.5,2.9,4239,0.0,0.41,2.5
2018-02-06,-3.4,-7.7,0.8,7395,0.0,0.34,1.9
2018-02-07,-1.9,-5.7,1.5,4137,0.0,0.39,1.5
2018-02-08,-4.5,-8.9,1.8,7866,0.0,0.32,1.2
2018-02-09,-2.2,-8.1,2.5,7418,0.0,0.34,1.8
2018-02-10,1.4,-0.3,4.3,3971,0.0,0.58,1.8
2018-02-11,1.6,0.1,3.2,3140,0.4,0.6,3.6
2018-02-12,1.3,-0.9,4.4,5153,0.1,0.56,3.1
2018-02-13,0.1,-4.3,4.7,8993,0.0,0.44,2.1
2018-02-14,-1.0,-6.3,5.1,9125,0.0,0.39,2.0
2018-02-15,-0.6,-4.2,2.6,5679,1.3,0.44,3.1
2018-02-16,2.1,-0.9,6.7,7888,0.0,0.57,2.3
2018-02-17,0.9,-2.3,4.2,3512,0.0,0.5,1.6
2018-02-18,1.6,-0.4,3.9,3577,0.0,0.57,1.6
2018-02-19,0.5,-2.4,4.9,6121,0.0,0.5,1.4
2018-02-20,-0.3,-3.9,4.0,9440,0.0,0.45,1.7
2018-02-21,-1.5,-6.5,4.3,8850,0.0,0.38,2.1
2018-02-22,-1.0,-4.9,3.6,8245,0.0,0.43,2.9
2018-02-23,-2.1,-5.1,0.6,10737,0.0,0.41,3.2
2018-02-24,-2.5,-7.5,1.7,10136,0.0,0.35,4.0
2018-02-25,-5.0,-8.4,-1.4,9821,0.0,0.32,3.2
2018-02-26,-5.5,-8.7,-2.3,6968,0.0,0.31,3.2
2018-02-27,-7.8,-13.8,-1.9,9320,0.0,0.22,2.8
2018-02-28,-8.7,-12.0,-5.1,9214,0.0,0.24,3.7
2018-03-01,-7.8,-11.1,-3.6,12193,0.0,0.26,4.4
2018-03-02,-7.5,-12.2,-1.6,12272,0.0,0.25,3.5
2018-03-03,-6.4,-11.2,-1.1,12431,0.0,0.26,2.8
2018-03-04,-1.9,-8.2,5.2,11364,0.7,0.35,2.7
2018-03-05,3.6,-1.4,11.8,8950,0.0,0.57,2.4
2018-03-06,0.7,-3.4,5.5,4899,6.2,0.48,1.7
2018-03-07,0.7,-0.2,1.8,4810,1.6,0.58,2.1
2018-03-08,4.5,-0.4,9.7,7527,4.3,0.6,3.3
2018-03-09,3.8,-1.1,8.9,7288,0.2,0.57,2.7
2018-03-10,6.5,-0.9,12.8,5481,0.5,0.6,2.2
2018-03-11,11.2,2.5,16.8,10384,0.0,0.77,2.0
2018-03-12,8.2,4.2,11.0,5207,9.4,0.81,2.2
2018-03-13,8.4,3.5,11.9,5645,3.2,0.77,3.7
2018-03-14,3.9,2.6,5.6,5368,0.0,0.71,2.1
2018-03-15,3.6,2.1,6.4,6722,0.0,0.69,4.0
2018-03-16,-0.1,-2.6,2.4,5531,3.7,0.49,4.1
2018-03-17,-2.9,-4.9,-1.1,7648,0.0,0.41,5.5
2018-03-18,-2.1,-5.5,1.3,15866,0.0,0.4,5.2
2018-03-19,-1.4,-6.0,4.3,16504,0.1,0.4,2.6
2018-03-20,-1.2,-5.9,3.0,6809,2.7,0.39,2.7
2018-03-21,0.7,-5.7,6.0,14838,0.0,0.41,2.2
2018-03-22,2.4,0.2,4.3,6025,2.8,0.6,3.0
2018-03-23,3.2,1.7,5.0,6108,0.1,0.66,1.7
2018-03-24,2.7,-1.9,8.7,11675,0.0,0.54,1.8
2018-03-25,4.0,-3.2,11.6,16339,0.0,0.52,1.4
2018-03-26,5.5,-0.2,10.3,8743,0.1,0.61,1.7
2018-03-27,4.2,0.4,9.7,10345,1.8,0.63,1.9
2018-03-28,1.7,0.8,3.3,6522,5.3,0.63,3.3
2018-03-29,5.0,1.2,8.5,7113,0.0,0.66,3.1
2018-03-30,5.3,-1.5,11.7,13847,0.2,0.57,2.7
2018-03-31,2.4,0.6,4.3,6770,3.8,0.62,2.7
2018-04-01,2.1,0.6,3.5,6852,0.8,0.61,3.6
2018-04-02,4.9,-1.0,9.9,13716,0.8,0.58,2.4
2018-04-03,12.8,5.9,18.5,13526,0.0,0.95,2.8
2018-04-04,14.7,10.2,20.8,17451,3.1,1.26,2.8
2018-04-05,9.8,2.8,14.8,12494,0.0,0.77,4.1
2018-04-06,6.7,0.1,13.6,20305,0.0,0.64,2.6
2018-04-07,12.4,3.3,21.4,20569,0.0,0.85,2.9
2018-04-08,13.7,5.6,20.6,20508,0.0,0.97,2.1
2018-04-09,13.7,2.9,22.1,17833,0.0,0.84,1.7
2018-04-10,16.2,10.1,25.2,19936,0.9,1.31,3.0
2018-04-11,13.4,9.7,20.9,13485,0.7,1.21,3.0
2018-04-12,16.5,9.7,24.1,14699,0.0,1.26,3.2
2018-04-13,15.9,10.8,21.5,10703,10.7,1.31,2.7
2018-04-14,13.1,8.4,17.8,13584,1.8,1.1,2.4
2018-04-15,14.6,8.1,22.2,16940,1.1,1.13,1.5
2018-04-16,12.4,9.8,15.9,8047,1.7,1.18,1.7
2018-04-17,13.3,7.4,20.1,20570,0.0,1.07,1.5
2018-04-18,15.6,7.3,25.0,22632,0.0,1.11,1.6
2018-04-19,17.1,6.7,25.7,22882,0.0,1.09,1.9
2018-04-20,19.3,9.5,26.7,23131,0.0,1.29,1.9
2018-04-21,15.6,6.9,21.8,22689,0.0,1.05,1.8
2018-04-22,16.2,5.2,24.7,21200,1.7,1.0,1.8
2018-04-23,16.2,9.8,20.5,16101,0.7,1.21,2.8
2018-04-24,11.9,6.2,15.3,12475,0.4,0.94,2.8
2018-04-25,12.5,6.8,17.8,14662,1.4,1.0,3.6
2018-04-26,8.8,5.1,13.3,13462,3.3,0.87,3.2
2018-04-27,11.1,4.3,17.0,21310,0.0,0.86,2.0
2018-04-28,13.9,4.0,21.5,21182,0.0,0.9,2.0
2018-04-29,17.9,8.7,25.5,21643,0.0,1.21,2.2
2018-04-30,16.2,11.2,21.6,18422,0.2,1.33,3.9
2018-05-01,11.7,3.1,14.6,21254,0.0,0.78,3.7
2018-05-02,9.9,0.2,15.3,11081,0.0,0.66,2.0
2018-05-03,12.5,4.1,18.5,19772,0.0,0.86,2.3
2018-05-04,10.9,1.3,18.9,25987,0.0,0.74,2.3
2018-05-05,12.2,2.1,20.6,26452,0.0,0.78,2.6
2018-05-06,14.6,4.1,23.0,26554,0.0,0.91,2.4
2018-05-07,16.8,5.0,25.2,26654,0.0,0.98,2.4
2018-05-08,18.8,7.8,26.9,26751,0.0,1.17,2.5
2018-05-09,19.8,10.5,27.3,21742,1.2,1.37,2.1
2018-05-10,19.8,14.1,28.2,19510,0.0,1.66,2.5
2018-05-11,14.8,8.5,19.6,11286,0.0,1.12,1.8
2018-05-12,16.8,7.6,24.1,21124,0.0,1.11,1.9
2018-05-13,21.1,14.1,27.8,27200,0.0,1.66,2.7
2018-05-14,19.7,10.7,26.1,27528,0.0,1.35,2.8
2018-05-15,15.0,7.7,24.3,19249,6.4,1.12,2.3
2018-05-16,15.5,9.7,21.7,16728,3.0,1.23,2.3
2018-05-17,15.1,10.9,20.7,21966,0.0,1.31,3.1
2018-05-18,11.7,10.9,13.6,10050,0.0,1.26,2.2
2018-05-19,15.4,11.0,22.5,17887,0.0,1.33,1.6
2018-05-20,16.7,9.9,23.3,28221,0.0,1.26,2.5
2018-05-21,17.9,6.7,25.1,28163,0.0,1.08,2.8
2018-05-22,19.3,10.9,25.9,27730,0.0,1.37,2.0
2018-05-23,19.7,13.7,25.4,25180,0.0,1.59,2.2
2018-05-24,20.4,14.3,26.7,26604,0.0,1.67,2.5
2018-05-25,21.0,14.4,28.1,24915,0.0,1.69,2.2
2018-05-26,20.6,10.5,28.8,28706,0.0,1.39,1.8
2018-05-27,20.6,12.8,27.7,24764,2.8,1.56,1.9
2018-05-28,24.5,15.3,31.8,25684,0.0,1.84,2.1
2018-05-29,26.0,19.4,32.6,28104,0.0,2.29,2.5
2018-05-30,22.2,15.3,31.1,20268,1.2,1.85,1.8
2018-05-31,23.7,14.8,31.6,25937,0.0,1.8,1.9
2018-06-01,22.4,18.2,28.8,18710,3.7,2.09,2.1
2018-06-02,19.9,16.6,23.6,11848,1.6,1.85,2.0
2018-06-03,19.3,14.0,24.1,15261,0.7,1.61,1.7
2018-06-04,20.1,12.7,27.3,21436,0.0,1.53,2.0
2018-06-05,19.4,13.9,25.1,23221,0.0,1.6,2.0
2018-06-06,19.4,12.2,26.2,29779,0.0,1.47,2.3
2018-06-07,22.0,13.0,30.8,29681,0.0,1.63,1.9
2018-06-08,24.5,15.2,31.8,29580,0.0,1.83,1.7
2018-06-09,24.8,15.1,33.0,25706,0.0,1.86,1.8
2018-06-10,22.3,15.6,30.5,18054,3.7,1.84,1.8
2018-06-11,19.4,15.5,25.4,19957,0.0,1.75,2.2
2018-06-12,16.5,13.1,21.7,17455,0.0,1.5,2.4
2018-06-13,15.0,10.8,17.3,11050,0.0,1.28,2.6
2018-06-14,16.5,7.6,23.8,27924,0.0,1.12,1.9
2018-06-15,18.8,14.4,24.7,13586,0.0,1.64,1.4
2018-06-16,21.6,15.2,27.3,12837,0.0,1.77,1.5
2018-06-17,20.2,14.5,25.6,21781,0.0,1.68,2.3
2018-06-18,19.5,13.2,24.6,17379,0.0,1.54,2.2
2018-06-19,20.6,16.7,24.4,15619,0.0,1.88,2.3
2018-06-20,21.7,15.1,28.6,18515,0.0,1.77,1.9
2018-06-21,16.8,9.8,27.1,19898,2.5,1.32,3.6
2018-06-22,14.0,9.1,19.4,17001,0.7,1.16,3.7
2018-06-23,12.8,10.5,15.6,11963,2.9,1.23,3.3
2018-06-24,13.0,11.4,15.5,10826,1.2,1.31,2.4
2018-06-25,15.9,10.2,22.4,15348,0.0,1.27,2.3
2018-06-26,17.9,11.8,25.4,13327,0.0,1.43,1.9
2018-06-27,19.1,10.2,25.7,25134,0.0,1.32,2.3
2018-06-28,21.8,14.3,28.8,25244,0.0,1.7,2.4
2018-06-29,21.7,12.4,30.5,28870,0.0,1.57,2.4
2018-06-30,18.2,12.2,24.1,27092,0.0,1.44,2.5
2018-07-01,18.0,11.8,24.2,27070,0.0,1.41,2.7
2018-07-02,17.6,6.5,25.2,26795,0.0,1.06,2.1
2018-07-03,20.0,7.9,28.9,29027,0.0,1.21,1.8
2018-07-04,22.4,9.5,31.8,29375,0.0,1.38,1.6
2018-07-05,23.1,14.6,31.4,24708,0.0,1.78,2.2
2018-07-06,18.5,13.4,24.7,16540,0.0,1.56,2.8
2018-07-07,18.5,9.7,25.9,27273,0.0,1.27,2.8
2018-07-08,19.9,13.0,27.1,17359,0.0,1.55,2.4
2018-07-09,18.5,13.5,24.1,21076,0.0,1.55,2.6
2018-07-10,16.6,12.5,21.9,15797,0.2,1.45,2.1
2018-07-11,17.4,12.3,24.2,17635,14.8,1.45,1.9
2018-07-12,18.1,13.3,23.0,10743,4.0,1.52,2.2
2018-07-13,20.6,14.3,27.1,28395,0.0,1.67,2.1
2018-07-14,19.0,13.0,25.1,27350,0.0,1.52,1.9
2018-07-15,19.0,11.0,25.6,25807,0.0,1.38,1.6
2018-07-16,21.6,12.0,29.7,27369,0.0,1.5,1.5
2018-07-17,23.2,13.5,31.5,24957,0.0,1.67,2.0
2018-07-18,21.6,16.7,26.4,24654,0.0,1.9,2.6
2018-07-19,21.0,13.8,28.0,25587,0.0,1.63,2.0
2018-07-20,21.1,11.3,28.9,24415,0.0,1.44,1.6
2018-07-21,22.3,12.4,28.3,21392,0.2,1.53,1.7
2018-07-22,22.3,17.8,29.6,13200,0.0,2.07,1.8
2018-07-23,21.9,15.0,28.5,27302,0.0,1.76,1.6
2018-07-24,24.0,13.8,31.7,27476,0.0,1.72,1.4
2018-07-25,26.6,16.7,33.9,26911,0.0,2.01,1.6
2018-07-26,26.5,16.8,33.7,26713,0.0,2.04,2.0
2018-07-27,26.6,19.0,34.0,26023,0.0,2.29,2.2
2018-07-28,24.9,17.6,34.7,22893,11.9,2.15,2.4
2018-07-29,22.8,16.5,29.1,23183,0.0,1.92,1.8
2018-07-30,27.8,21.1,34.3,22253,0.0,2.57,1.5
2018-07-31,29.4,20.8,36.8,23509,0.6,2.6,1.9
2018-08-01,26.7,21.8,32.5,20277,5.1,2.63,2.0
2018-08-02,23.0,19.4,29.0,16937,1.8,2.25,1.8
2018-08-03,25.9,18.3,33.2,24698,0.0,2.19,1.6
2018-08-04,27.1,19.8,33.2,24484,0.0,2.37,1.8
2018-08-05,21.3,14.8,26.0,22829,0.0,1.69,2.5
2018-08-06,22.0,12.8,30.5,26086,0.0,1.61,1.7
2018-08-07,28.2,19.1,36.1,23117,0.0,2.33,1.9
2018-08-08,28.0,19.8,36.7,21471,1.7,2.46,2.5
2018-08-09,25.6,18.7,34.9,22442,3.8,2.29,2.6
2018-08-10,20.1,16.2,24.3,20210,0.0,1.83,3.2
2018-08-11,18.7,13.1,23.4,16455,0.0,1.51,2.9
2018-08-12,19.3,11.7,27.5,23777,0.0,1.46,1.8
2018-08-13,20.8,10.6,31.2,17801,0.1,1.43,2.1
2018-08-14,19.3,15.6,24.4,14315,1.4,1.76,2.8
2018-08-15,19.3,14.6,25.8,15743,0.0,1.67,1.9
2018-08-16,22.6,12.4,31.0,23891,0.0,1.57,1.7
2018-08-17,23.2,15.1,30.7,22842,0.6,1.81,1.9
2018-08-18,20.6,14.3,26.9,20069,0.0,1.66,1.8
2018-08-19,21.3,11.8,29.8,23398,0.0,1.51,1.8
2018-08-20,20.7,15.7,24.5,8403,0.0,1.77,2.3
2018-08-21,19.4,11.1,25.0,20061,0.0,1.37,1.5
2018-08-22,20.5,9.1,29.9,22547,0.0,1.32,1.5
2018-08-23,23.9,14.5,33.6,20267,1.1,1.82,1.9
2018-08-24,18.8,13.9,22.7,11145,0.3,1.56,2.7
2018-08-25,15.2,10.3,21.1,13183,0.2,1.26,2.6
2018-08-26,14.7,9.0,21.1,21218,0.0,1.17,2.1
2018-08-27,17.7,14.0,22.6,9102,0.0,1.58,3.1
2018-08-28,17.2,9.9,23.2,13876,0.0,1.26,1.6
2018-08-29,21.1,10.2,29.8,20797,0.6,1.39,2.0
2018-08-30,17.4,12.6,20.4,7651,3.1,1.45,2.7
2018-08-31,15.0,9.7,21.0,18007,0.0,1.22,2.0
2018-09-01,15.9,7.5,24.1,15927,0.0,1.11,1.9
2018-09-02,17.8,14.3,21.3,7415,0.0,1.6,2.1
2018-09-03,22.4,16.5,29.1,17600,0.0,1.92,2.0
2018-09-04,20.2,14.0,27.7,18738,0.0,1.65,1.7
2018-09-05,18.1,11.2,25.9,11721,0.0,1.4,1.6
2018-09-06,20.4,13.7,27.4,17812,3.5,1.62,1.8
2018-09-07,17.9,12.3,23.3,11192,0.4,1.44,2.2
2018-09-08,15.6,9.9,22.0,17104,0.0,1.24,2.1
2018-09-09,18.2,11.5,25.5,16030,0.0,1.41,1.6
2018-09-10,18.4,10.6,25.2,9845,0.0,1.35,1.8
2018-09-11,21.4,16.1,27.4,16358,0.0,1.84,2.7
2018-09-12,20.4,14.9,27.6,14089,0.2,1.72,2.3
2018-09-13,14.4,13.2,16.3,6527,0.4,1.47,1.6
2018-09-14,15.7,12.3,21.0,9635,0.0,1.41,1.5
2018-09-15,15.5,10.1,22.1,12796,0.0,1.27,2.2
2018-09-16,15.5,7.2,23.2,13944,0.0,1.08,1.6
2018-09-17,17.6,8.4,27.0,16536,0.0,1.21,1.5
2018-09-18,21.2,9.3,31.1,16956,0.0,1.34,2.2
2018-09-19,22.4,13.3,29.9,15639,0.0,1.64,2.2
2018-09-20,21.3,14.1,29.3,14243,0.0,1.68,2.2
2018-09-21,18.8,10.9,28.8,9558,5.3,1.42,3.8
2018-09-22,13.1,10.3,17.5,9728,0.6,1.24,3.4
2018-09-23,10.2,8.3,13.4,5709,14.5,1.07,3.1
2018-09-24,9.6,6.2,14.2,12543,0.0,0.94,3.7
2018-09-25,8.8,4.4,15.1,14415,0.0,0.84,2.1
2018-09-26,12.3,6.0,17.4,11901,0.0,0.95,2.7
2018-09-27,17.5,12.6,23.0,12393,0.0,1.47,2.2
2018-09-28,11.6,5.5,17.5,10826,0.0,0.93,2.6
2018-09-29,8.3,2.4,16.3,14049,0.0,0.76,2.0
2018-09-30,9.3,1.6,18.5,14413,0.0,0.75,1.8
2018-10-01,7.9,2.3,14.1,8098,0.5,0.73,2.5
2018-10-02,7.8,4.4,11.3,5503,2.1,0.82,3.9
2018-10-03,11.1,8.7,15.0,8819,0.7,1.1,3.9
2018-10-04,11.6,7.3,15.1,4832,0.0,1.01,1.9
2018-10-05,14.3,9.6,20.4,13171,0.0,1.2,1.9
2018-10-06,16.8,8.1,23.7,11938,0.0,1.14,1.7
2018-10-07,10.6,1.6,16.4,6154,0.0,0.73,2.1
2018-10-08,7.6,0.2,16.5,11964,0.0,0.67,1.5
2018-10-09,11.1,3.5,20.1,8612,0.0,0.85,1.5
2018-10-10,15.0,5.8,24.2,12215,0.0,1.02,2.0
2018-10-11,17.9,12.6,25.0,11981,0.0,1.48,2.3
2018-10-12,17.2,8.5,27.5,11826,0.0,1.22,1.9
2018-10-13,17.6,8.9,26.9,11672,0.0,1.24,2.1
2018-10-14,17.0,11.5,24.3,11367,0.0,1.38,2.3
2018-10-15,16.0,7.8,23.9,10391,0.0,1.13,1.7
2018-10-16,14.1,8.3,22.8,9286,0.0,1.14,1.2
2018-10-17,12.4,6.0,21.3,10551,0.0,0.99,1.1
2018-10-18,10.3,4.8,14.3,3807,0.0,0.86,1.8
2018-10-19,7.9,1.0,14.6,10265,0.0,0.68,1.4
2018-10-20,8.2,0.9,13.2,6012,0.0,0.67,1.6
2018-10-21,9.2,2.5,16.0,9633,0.0,0.76,1.6
2018-10-22,8.0,4.2,12.8,4442,2.5,0.82,2.2
2018-10-23,9.3,5.1,12.4,3477,3.5,0.87,4.7
2018-10-24,10.1,8.0,12.1,6999,0.7,1.04,4.4
2018-10-25,11.5,9.5,13.6,3685,0.3,1.15,3.8
2018-10-26,10.1,7.9,12.5,3290,0.3,1.03,2.8
2018-10-27,6.9,1.5,9.6,3490,0.1,0.68,2.6
2018-10-28,5.1,1.0,8.0,3363,0.6,0.65,3.2
2018-10-29,4.9,4.4,6.2,3111,0.1,0.8,3.6
2018-10-30,10.8,6.0,18.2,6516,0.1,0.95,4.3
2018-10-31,8.9,2.7,13.1,8036,0.0,0.75,2.8
2018-11-01,6.6,2.1,10.8,4293,0.0,0.7,1.9
2018-11-02,8.5,2.8,14.5,6105,0.0,0.77,2.1
2018-11-03,5.8,0.7,9.1,2833,0.0,0.64,1.6
2018-11-04,8.4,0.8,11.4,2781,0.0,0.66,1.9
2018-11-05,11.5,9.8,14.6,4076,0.0,1.18,2.1
2018-11-06,11.9,7.3,18.1,6960,0.0,1.04,1.9
2018-11-07,9.1,2.9,16.6,7031,0.0,0.78,1.8
2018-11-08,8.2,2.9,14.2,3825,0.7,0.77,1.5
2018-11-09,8.5,5.4,12.2,2703,0.0,0.88,1.8
2018-11-10,9.5,4.1,14.6,5081,0.6,0.83,2.7
2018-11-11,11.1,8.7,13.9,4188,0.4,1.1,2.8
2018-11-12,13.1,9.2,16.6,2832,1.6,1.14,2.2
2018-11-13,10.5,7.8,13.0,2997,6.7,1.04,2.6
2018-11-14,7.7,4.4,12.0,5789,0.0,0.83,1.9
2018-11-15,5.5,2.6,8.8,2589,0.0,0.72,1.9
2018-11-16,4.6,1.7,9.5,6094,0.0,0.69,2.4
2018-11-17,2.2,-1.3,7.0,5962,0.0,0.55,2.8
2018-11-18,1.1,-5.0,5.1,3018,0.2,0.43,2.5
2018-11-19,3.8,2.0,6.4,2476,1.3,0.68,4.0
2018-11-20,2.3,0.8,3.6,2093,0.1,0.63,4.4
2018-11-21,1.6,0.7,2.3,2060,0.0,0.61,2.9
2018-11-22,1.3,0.6,1.8,2028,0.0,0.61,2.1
2018-11-23,1.7,0.1,4.0,1997,0.0,0.59,1.9
2018-11-24,0.9,-0.6,2.3,1967,0.3,0.56,1.6
2018-11-25,3.7,1.9,5.1,1938,0.0,0.68,1.9
2018-11-26,2.6,0.7,4.1,1910,0.0,0.62,2.4
2018-11-27,-0.5,-2.3,1.5,2755,0.0,0.5,1.6
2018-11-28,-0.1,-1.8,2.7,4587,0.0,0.52,2.8
2018-11-29,1.4,-1.4,4.4,2961,0.0,0.53,3.6
2018-11-30,1.9,1.2,3.3,1811,1.7,0.64,2.7
2018-12-01,4.7,1.2,7.9,3563,0.0,0.65,2.5
2018-12-02,8.2,6.1,11.4,1768,4.2,0.92,3.4
2018-12-03,11.0,8.1,13.3,1967,1.5,1.06,3.4
2018-12-04,6.0,0.8,10.8,3508,0.0,0.65,3.2
2018-12-05,2.2,-0.3,6.7,4081,0.3,0.58,2.0
2018-12-06,5.9,2.3,10.1,1696,0.5,0.71,2.8
2018-12-07,10.8,8.2,12.2,1680,5.2,1.05,4.0
2018-12-08,7.2,5.0,8.4,1793,1.4,0.84,5.6
2018-12-09,7.4,5.4,8.7,1737,1.9,0.87,5.2
2018-12-10,4.5,3.3,5.6,2353,0.8,0.74,4.7
2018-12-11,4.4,1.6,5.1,1630,0.6,0.66,3.5
2018-12-12,2.3,1.1,3.7,1621,1.4,0.63,2.0
2018-12-13,1.7,0.7,2.5,1612,0.2,0.62,2.5
2018-12-14,0.2,-1.1,0.7,1605,0.0,0.54,2.3
2018-12-15,-0.3,-2.2,0.4,1598,0.0,0.5,2.2
2018-12-16,-0.4,-2.1,0.9,1675,0.0,0.51,2.5
2018-12-17,1.2,-1.4,3.8,2409,0.4,0.53,1.8
2018-12-18,3.4,0.4,6.1,2036,0.0,0.61,2.2
2018-12-19,2.4,-0.1,4.2,1583,0.0,0.59,2.6
2018-12-20,4.6,1.7,6.3,1623,1.0,0.67,2.5
2018-12-21,7.4,5.7,11.3,1583,5.1,0.89,4.2
2018-12-22,6.9,5.0,9.2,1584,4.6,0.84,3.9
2018-12-23,6.2,5.2,7.6,1627,5.6,0.85,2.9
2018-12-24,2.5,0.7,5.6,1590,0.2,0.62,3.0
2018-12-25,4.9,3.3,6.1,1594,0.1,0.75,3.1
2018-12-26,5.2,4.1,5.9,1600,0.1,0.79,2.7
2018-12-27,5.1,3.2,5.9,1607,0.1,0.74,2.2
2018-12-28,5.8,5.0,6.7,1614,0.8,0.83,2.1
2018-12-29,5.7,4.7,7.1,1623,6.0,0.82,3.1
2018-12-30,6.3,2.9,8.1,1717,0.1,0.73,3.9
2018-12-31,6.2,3.2,8.7,1645,0.1,0.75,2.1
2019-01-01,6.4,2.5,8.5,1699,2.4,0.72,5.1
2019-01-02,1.9,-1.9,3.9,2392,0.0,0.52,4.3
2019-01-03,-0.5,-2.2,2.3,1685,0.0,0.5,2.3
2019-01-04,1.9,-0.8,5.4,1701,2.4,0.56,3.2
2019-01-05,6.7,1.5,8.1,1717,0.0,0.67,3.9
2019-01-06,1.6,-0.9,3.4,2692,1.4,0.55,2.3
2019-01-07,4.5,1.8,5.7,1754,4.8,0.67,3.0
2019-01-08,5.1,1.8,6.9,1774,7.6,0.68,5.7
2019-01-09,1.6,0.9,2.2,1796,3.7,0.63,4.6
2019-01-10,0.7,-0.1,1.8,2177,0.2,0.58,2.3
2019-01-11,2.7,-0.1,6.0,1842,1.3,0.59,3.1
2019-01-12,5.3,4.5,6.2,1866,3.0,0.81,4.1
2019-01-13,6.3,4.8,8.2,1892,4.9,0.83,5.1
2019-01-14,2.4,0.4,5.4,3548,0.5,0.61,5.0
2019-01-15,4.2,1.6,6.9,1947,1.6,0.66,4.5
2019-01-16,6.1,3.3,7.3,1977,0.0,0.75,3.8
2019-01-17,4.4,1.9,7.1,3014,3.7,0.68,4.2
2019-01-18,0.5,-1.5,2.2,5090,0.0,0.53,2.4
2019-01-19,-0.8,-4.4,2.9,4275,0.0,0.44,1.6
2019-01-20,-3.6,-7.1,1.0,5371,0.0,0.36,1.3
2019-01-21,-4.0,-6.4,-0.9,4692,0.2,0.37,1.7
2019-01-22,-2.9,-6.1,1.5,5212,0.0,0.38,2.2
2019-01-23,-5.8,-7.4,-2.7,3903,0.0,0.34,2.3
2019-01-24,-3.5,-4.0,-2.8,2253,0.0,0.44,1.6
2019-01-25,-3.6,-4.8,-2.4,2293,1.0,0.41,2.1
2019-01-26,1.9,-2.3,4.7,2333,5.4,0.51,3.2
2019-01-27,4.3,3.2,6.9,2590,3.6,0.74,3.4
2019-01-28,2.5,0.6,5.5,4534,2.2,0.62,3.6
2019-01-29,1.1,-0.9,3.8,2682,0.1,0.56,2.6
2019-01-30,0.1,-2.2,3.3,5175,0.0,0.5,2.9
2019-01-31,0.9,-2.5,4.7,5591,0.0,0.5,2.1
2019-02-01,-0.5,-3.5,2.6,2773,2.6,0.46,2.4
2019-02-02,0.3,0.0,0.7,2651,0.6,0.58,1.6
2019-02-03,0.7,-1.2,1.4,2701,0.0,0.54,2.7
2019-02-04,1.5,-1.3,5.0,6708,0.0,0.54,2.7
2019-02-05,2.8,1.3,3.9,2805,0.0,0.64,2.5
2019-02-06,3.4,-0.4,6.2,5036,0.0,0.58,2.3
2019-02-07,3.6,1.3,5.9,3463,0.4,0.65,3.1
2019-02-08,5.7,3.0,8.3,4704,0.1,0.74,3.8
2019-02-09,7.7,5.6,10.7,5032,0.4,0.88,5.0
2019-02-10,6.9,4.0,9.4,3081,10.8,0.79,4.3
2019-02-11,4.3,0.6,7.1,4298,0.9,0.63,4.8
2019-02-12,3.4,1.8,6.6,5087,0.0,0.68,3.2
2019-02-13,6.2,3.9,8.3,3260,0.2,0.78,2.7
2019-02-14,6.9,1.6,11.5,8591,0.0,0.68,1.8
2019-02-15,5.1,-1.1,15.2,9527,0.0,0.61,1.6
2019-02-16,7.0,0.2,15.4,9665,0.0,0.66,1.9
2019-02-17,5.5,-1.0,15.4,8766,0.0,0.61,1.6
2019-02-18,7.2,0.1,16.0,9804,0.0,0.66,1.7
2019-02-19,7.4,4.9,10.1,3856,0.2,0.84,2.9
2019-02-20,7.2,4.7,10.2,5215,0.0,0.83,2.3
2019-02-21,8.5,6.3,11.7,4431,1.1,0.93,2.6
2019-02-22,4.2,-2.8,9.2,7952,0.0,0.51,2.5
2019-02-23,0.1,-4.6,7.0,9848,0.0,0.45,2.3
2019-02-24,3.0,-4.0,12.5,10810,0.0,0.49,1.5
2019-02-25,6.1,-1.3,15.1,11262,0.0,0.6,1.6
2019-02-26,6.4,-0.2,14.9,10188,0.0,0.64,1.5
2019-02-27,7.6,-0.8,16.2,11800,0.0,0.63,1.6
2019-02-28,7.8,2.5,13.8,9136,0.9,0.74,3.1
2019-03-01,4.7,3.0,6.3,4352,0.1,0.73,2.6
2019-03-02,4.4,3.1,6.3,4426,0.3,0.74,2.4
2019-03-03,9.6,6.2,11.9,4502,1.2,0.92,4.2
2019-03-04,9.8,5.8,14.6,6377,2.6,0.92,5.7
2019-03-05,6.0,2.8,8.9,7546,1.7,0.73,4.6
2019-03-06,7.7,1.7,12.6,9488,2.5,0.7,3.1
2019-03-07,10.8,8.1,16.6,7844,0.3,1.07,4.5
2019-03-08,7.8,4.8,10.2,8208,1.5,0.84,4.9
2019-03-09,7.7,4.3,12.6,7460,5.6,0.82,5.6
2019-03-10,4.3,0.4,7.8,5047,14.1,0.62,4.7
2019-03-11,3.4,1.6,6.6,5740,0.2,0.66,4.4
2019-03-12,6.0,1.3,9.1,8214,0.1,0.67,3.9
2019-03-13,7.2,4.0,9.8,7698,0.9,0.79,5.6
2019-03-14,6.1,4.6,8.0,5368,8.5,0.82,5.1
2019-03-15,8.0,5.8,11.8,6540,0.1,0.9,5.4
2019-03-16,7.3,4.9,10.1,5531,2.9,0.84,4.7
2019-03-17,8.2,3.8,12.2,6908,2.0,0.8,4.5
2019-03-18,4.9,2.3,9.2,9241,0.6,0.71,4.2
2019-03-19,4.5,-0.4,8.9,9353,0.0,0.59,2.1
2019-03-20,7.1,-1.0,13.1,13545,0.0,0.6,2.0
2019-03-21,9.7,3.7,14.4,8525,0.0,0.8,2.1
2019-03-22,8.5,2.0,15.7,10461,0.0,0.73,1.6
2019-03-23,8.9,1.4,15.6,15049,0.0,0.71,2.1
2019-03-24,5.9,0.8,12.6,12949,1.1,0.66,1.9
2019-03-25,4.5,1.3,7.8,9136,2.0,0.66,3.5
2019-03-26,5.1,1.1,8.5,7450,2.0,0.66,3.1
2019-03-27,7.8,5.1,11.1,6640,3.4,0.86,2.3
2019-03-28,8.9,7.8,10.3,6522,0.6,1.02,2.0
2019-03-29,9.5,3.7,13.5,7926,0.0,0.8,1.8
2019-03-30,10.6,1.8,18.5,17939,0.0,0.75,1.8
2019-03-31,7.9,0.0,12.5,12022,0.0,0.63,2.4
2019-04-01,5.4,-3.4,12.5,19395,0.0,0.51,2.7
2019-04-02,9.3,1.8,15.4,16637,0.0,0.72,2.8
2019-04-03,13.0,8.5,18.7,11846,0.2,1.11,2.1
2019-04-04,11.8,3.7,20.1,18614,0.0,0.87,2.3
2019-04-05,8.1,3.8,12.5,9730,0.0,0.8,1.8
2019-04-06,12.3,2.8,22.6,17204,0.0,0.84,2.1
2019-04-07,12.0,3.1,20.6,20354,0.0,0.83,2.0
2019-04-08,10.9,1.4,20.7,18237,0.0,0.76,2.1
2019-04-09,7.7,4.0,13.3,20008,0.0,0.81,2.4
2019-04-10,6.2,0.0,11.5,17640,0.0,0.62,2.7
2019-04-11,5.1,3.2,7.9,9308,0.0,0.74,2.8
2019-04-12,3.7,2.7,5.3,7738,0.2,0.71,2.7
2019-04-13,4.6,2.3,8.1,7927,0.0,0.7,2.7
2019-04-14,5.4,2.8,8.8,7893,1.4,0.73,2.8
2019-04-15,8.2,2.0,15.2,22546,0.0,0.73,2.9
2019-04-16,9.6,1.4,16.5,22803,0.0,0.71,2.7
2019-04-17,11.9,3.5,19.0,22720,0.0,0.84,2.6
2019-04-18,13.2,1.6,22.1,23086,0.0,0.79,3.0
2019-04-19,15.4,6.4,23.1,23453,0.0,1.04,2.5
2019-04-20,12.5,1.4,22.4,23590,0.0,0.78,2.0
2019-04-21,12.7,1.0,22.3,23725,0.0,0.77,1.9
2019-04-22,14.1,5.8,20.4,23857,0.0,0.96,3.4
2019-04-23,15.1,10.5,20.8,18421,0.0,1.27,4.4
2019-04-24,17.8,12.2,24.3,22020,0.1,1.45,3.4
2019-04-25,18.4,9.3,25.8,23424,0.0,1.26,2.7
2019-04-26,16.2,9.6,22.4,19089,10.4,1.23,2.8
2019-04-27,12.8,8.5,19.0,16369,1.2,1.12,2.7
2019-04-28,9.9,6.9,14.3,12921,0.2,0.98,2.2
2019-04-29,10.2,5.9,17.2,12290,2.5,0.94,2.6
2019-04-30,11.2,0.2,19.5,25191,0.8,0.71,2.5
2019-05-01,12.9,7.2,18.4,20659,0.0,1.03,2.6
2019-05-02,10.2,6.9,14.2,9528,0.1,0.98,3.3
2019-05-03,8.7,6.2,11.9,14982,0.0,0.92,3.1
2019-05-04,6.1,0.4,10.6,15299,0.0,0.64,2.6
2019-05-05,6.2,-0.9,12.2,17904,0.1,0.6,2.3
2019-05-06,7.0,1.1,13.0,15450,1.3,0.68,2.6
2019-05-07,8.4,2.0,13.7,19516,0.0,0.72,1.8
2019-05-08,11.4,1.6,17.6,15474,0.6,0.74,2.6
2019-05-09,13.7,11.2,19.1,14936,1.1,1.31,2.6
2019-05-10,13.0,8.6,17.1,14151,0.6,1.1,2.5
2019-05-11,9.8,5.5,13.1,9822,3.2,0.89,2.6
2019-05-12,10.7,5.7,17.1,25893,0.0,0.93,3.1
2019-05-13,9.8,2.4,17.5,23403,0.0,0.78,2.8
2019-05-14,8.8,0.4,15.2,20656,0.0,0.67,2.7
2019-05-15,9.2,-0.7,15.4,15685,2.8,0.63,2.6
2019-05-16,9.2,7.1,11.0,9956,5.4,0.98,2.5
2019-05-17,13.4,7.0,19.7,14690,0.0,1.04,2.2
2019-05-18,16.3,9.8,23.3,25982,0.0,1.26,2.0
2019-05-19,18.3,8.4,27.1,22092,0.3,1.22,2.1
2019-05-20,17.9,12.5,26.1,18561,10.3,1.5,2.4
2019-05-21,17.5,10.9,23.9,19855,0.1,1.35,3.1
2019-05-22,12.3,9.4,14.3,10348,0.3,1.15,3.2
2019-05-23,13.3,5.6,21.2,27044,0.0,0.96,1.8
2019-05-24,16.4,6.4,22.9,25235,0.1,1.03,2.0
2019-05-25,12.7,8.8,17.0,12708,0.0,1.12,2.2
2019-05-26,16.2,8.4,21.8,19479,0.0,1.13,2.7
2019-05-27,17.5,12.8,19.4,10662,0.5,1.46,2.5
2019-05-28,15.1,10.9,19.6,15817,0.0,1.29,2.2
2019-05-29,12.4,4.1,17.9,23479,0.0,0.86,2.0
2019-05-30,15.0,2.9,22.7,21769,0.0,0.84,2.4
2019-05-31,18.4,13.1,24.0,19052,0.4,1.53,2.0
2019-06-01,20.6,12.7,27.0,25475,0.0,1.54,1.8
2019-06-02,23.3,11.2,31.7,26639,0.0,1.5,1.9
2019-06-03,25.5,16.0,33.8,25545,0.0,1.95,2.1
2019-06-04,22.6,14.3,30.5,28086,0.0,1.74,1.9
2019-06-05,27.0,16.1,34.1,27364,0.0,1.97,2.2
2019-06-06,20.8,13.7,28.2,22369,0.3,1.64,2.9
2019-06-07,19.9,12.9,26.0,24027,0.0,1.53,2.6
2019-06-08,17.7,13.9,21.9,22291,0.0,1.56,3.8
2019-06-09,19.7,11.9,26.5,27089,1.7,1.46,2.1
2019-06-10,21.9,15.8,29.5,18431,0.8,1.86,2.2
2019-06-11,23.0,17.8,28.2,22724,10.3,2.05,2.1
2019-06-12,20.9,14.7,31.9,19846,6.0,1.79,2.3
2019-06-13,20.1,13.5,27.0,22375,0.2,1.58,2.1
2019-06-14,23.0,12.1,30.3,23394,0.0,1.55,2.1
2019-06-15,24.5,15.8,31.3,20886,0.0,1.88,2.9
2019-06-16,17.8,13.0,21.3,15355,0.1,1.49,1.9
2019-06-17,21.3,13.0,28.5,24802,0.0,1.59,1.7
2019-06-18,23.8,14.2,30.5,27072,0.0,1.71,1.8
2019-06-19,25.8,18.7,33.6,27200,3.6,2.24,1.9
2019-06-20,20.9,16.5,26.6,17633,4.8,1.88,2.2
2019-06-21,18.9,12.1,24.8,19143,0.0,1.45,1.9
2019-06-22,20.1,10.8,27.0,25306,0.0,1.39,2.2
2019-06-23,22.3,15.3,29.0,29956,0.0,1.78,2.4
2019-06-24,23.6,15.7,30.1,30074,0.0,1.85,2.5
2019-06-25,26.5,14.7,34.8,29938,0.0,1.84,2.0
2019-06-26,27.8,17.3,36.6,28668,0.0,2.15,2.4
2019-06-27,18.9,12.5,25.8,27648,0.0,1.5,3.1
2019-06-28,17.7,11.3,25.4,22605,0.0,1.4,2.0
2019-06-29,22.0,9.2,32.6,29750,0.0,1.37,1.6
2019-06-30,27.7,13.7,38.1,29478,0.1,1.85,2.6
2019-07-01,22.1,15.7,28.3,23179,0.0,1.83,3.0
2019-07-02,17.1,10.2,22.2,20898,0.0,1.27,3.1
2019-07-03,15.1,7.7,20.7,20625,0.0,1.08,2.5
2019-07-04,16.7,7.7,23.7,25990,0.0,1.11,2.4
2019-07-05,18.7,13.5,22.4,10803,0.0,1.53,2.6
2019-07-06,17.9,12.7,23.8,12408,6.7,1.48,2.8
2019-07-07,15.4,11.5,20.3,17138,0.0,1.35,3.0
2019-07-08,14.4,10.2,18.9,12233,0.3,1.23,2.6
2019-07-09,14.2,9.6,18.3,11331,0.1,1.19,2.5
2019-07-10,15.8,7.8,23.3,24537,0.0,1.12,2.0
2019-07-11,18.6,12.3,25.4,17136,2.4,1.47,1.5
2019-07-12,18.2,14.4,23.7,14857,3.9,1.62,1.9
2019-07-13,18.5,14.2,25.4,17187,0.8,1.63,2.5
2019-07-14,16.9,14.6,19.4,10429,0.0,1.61,2.2
2019-07-15,15.8,13.3,18.3,10395,0.0,1.49,2.4
2019-07-16,16.4,12.3,22.2,14829,0.0,1.44,2.6
2019-07-17,17.1,10.6,24.8,18756,0.0,1.32,1.5
2019-07-18,19.4,9.1,27.6,19575,0.0,1.26,1.6
2019-07-19,20.4,14.4,25.6,13709,0.2,1.65,1.8
2019-07-20,22.4,12.7,30.8,22808,15.7,1.6,2.1
2019-07-21,21.2,14.9,27.0,23120,0.0,1.74,2.5
2019-07-22,20.1,12.7,26.7,17144,0.0,1.52,1.7
2019-07-23,24.1,15.8,32.5,28164,0.0,1.91,1.6
2019-07-24,25.8,14.4,33.9,28091,0.0,1.8,1.6
2019-07-25,27.2,17.9,35.3,27034,0.0,2.17,1.9
2019-07-26,25.0,16.4,31.6,27692,0.0,1.95,2.5
2019-07-27,24.3,19.5,29.5,26757,0.0,2.27,2.9
2019-07-28,24.6,18.3,31.3,21307,0.0,2.14,2.4
2019-07-29,25.4,20.2,31.9,23183,3.7,2.38,2.1
2019-07-30,22.5,16.9,28.7,12528,0.0,1.96,1.8
2019-07-31,18.8,14.8,23.3,10042,5.0,1.66,2.0
2019-08-01,19.3,14.3,25.3,16524,2.1,1.65,1.5
2019-08-02,18.4,12.2,26.9,15729,0.6,1.49,1.5
2019-08-03,19.6,13.1,26.6,20238,0.0,1.55,1.8
2019-08-04,18.8,12.3,24.4,15345,0.0,1.46,1.5
2019-08-05,19.8,11.9,26.1,10954,0.1,1.46,1.7
2019-08-06,21.6,15.5,27.8,19385,0.2,1.79,2.1
2019-08-07,20.1,15.5,24.6,10706,0.4,1.75,2.1
2019-08-08,20.6,13.8,27.7,22185,0.0,1.64,2.5
2019-08-09,21.9,10.2,29.0,19712,0.2,1.37,1.9
2019-08-10,23.7,19.1,28.7,17015,0.0,2.21,3.3
2019-08-11,23.0,17.0,29.5,19168,0.2,1.97,2.6
2019-08-12,20.3,15.5,25.0,17660,0.0,1.75,2.2
2019-08-13,17.5,12.1,22.6,18035,0.1,1.41,2.5
2019-08-14,16.5,10.9,23.0,21094,0.0,1.34,2.0
2019-08-15,17.7,11.9,21.5,9220,0.2,1.39,2.6
2019-08-16,18.0,13.7,23.3,15650,0.0,1.57,2.2
2019-08-17,21.2,16.1,27.7,10235,0.4,1.86,2.5
2019-08-18,20.4,15.9,26.9,10735,8.6,1.82,2.4
2019-08-19,18.6,11.8,24.6,20183,0.0,1.41,2.3
2019-08-20,18.8,11.3,24.3,14921,0.1,1.38,1.7
2019-08-21,17.4,10.2,24.2,21541,0.0,1.3,1.6
2019-08-22,19.3,7.4,28.0,23001,0.0,1.15,1.7
2019-08-23,21.0,10.7,29.4,23091,0.0,1.4,1.6
2019-08-24,21.7,10.6,29.9,21602,0.0,1.4,1.8
2019-08-25,25.1,18.4,32.6,21019,0.0,2.18,1.6
2019-08-26,24.2,15.7,32.2,17095,0.7,1.88,1.5
2019-08-27,24.3,17.9,33.0,17974,0.8,2.12,1.6
2019-08-28,24.4,17.4,33.5,17076,0.7,2.11,1.6
2019-08-29,23.5,16.2,29.9,18930,0.0,1.91,1.8
2019-08-30,23.3,16.8,30.4,14971,0.0,1.97,1.3
2019-08-31,25.8,15.4,34.2,18659,0.0,1.89,1.7
2019-09-01,22.0,13.9,26.9,11819,0.0,1.64,2.5
2019-09-02,15.4,8.9,21.8,16447,0.0,1.18,2.2
2019-09-03,15.2,7.7,20.9,7871,0.3,1.09,2.2
2019-09-04,19.5,12.6,27.1,17143,0.1,1.51,2.3
2019-09-05,16.6,11.2,21.6,14152,0.0,1.33,3.0
2019-09-06,14.4,7.7,21.3,18758,0.0,1.09,2.1
2019-09-07,14.1,7.6,21.7,10252,2.1,1.09,1.6
2019-09-08,15.6,10.0,21.3,14406,0.4,1.24,1.3
2019-09-09,12.9,12.0,14.0,6853,18.0,1.35,2.0
2019-09-10,14.6,10.3,19.9,17529,0.0,1.25,2.3
2019-09-11,16.0,7.6,22.5,16460,0.6,1.09,2.3
2019-09-12,17.8,14.2,23.1,10248,0.0,1.6,2.3
2019-09-13,17.6,9.8,22.7,9840,0.0,1.25,2.4
2019-09-14,12.7,5.1,21.4,17310,0.0,0.94,1.5
2019-09-15,16.6,6.8,24.3,15468,1.0,1.07,2.5
2019-09-16,13.2,10.2,14.7,6281,0.8,1.21,2.0
2019-09-17,11.3,8.7,15.8,9612,1.9,1.11,3.4
2019-09-18,11.4,6.8,17.1,13279,0.0,1.0,2.8
2019-09-19,10.6,4.9,16.9,15543,0.0,0.89,2.1
2019-09-20,10.6,5.1,17.3,9670,0.0,0.9,1.8
2019-09-21,14.0,5.4,23.2,16080,0.0,0.97,1.8
2019-09-22,16.0,6.6,25.8,15729,0.0,1.07,1.8
2019-09-23,15.8,9.6,24.1,13148,0.0,1.26,2.0
2019-09-24,16.3,13.3,21.4,7841,0.1,1.51,1.6
2019-09-25,14.0,11.5,17.1,6278,2.0,1.32,2.1
2019-09-26,15.6,9.9,21.4,8366,1.4,1.24,2.2
2019-09-27,14.9,12.7,16.8,7092,7.7,1.42,2.6
2019-09-28,15.3,12.5,19.5,9223,1.8,1.43,3.4
2019-09-29,15.0,13.1,17.5,5226,5.4,1.46,3.6
2019-09-30,14.7,11.5,17.1,6720,2.2,1.32,4.8
2019-10-01,14.2,11.0,18.2,5500,12.1,1.29,2.8
2019-10-02,9.9,7.2,13.5,8163,2.7,0.99,3.0
2019-10-03,9.6,6.3,13.4,6015,0.0,0.93,2.4
2019-10-04,8.4,5.5,11.5,5001,24.0,0.88,2.4
2019-10-05,8.9,2.5,13.6,6505,0.1,0.74,2.7
2019-10-06,6.1,1.4,11.8,7978,0.0,0.68,2.1
2019-10-07,5.7,-0.5,12.7,10972,0.0,0.62,1.7
2019-10-08,11.0,6.2,13.9,4527,2.2,0.94,2.9
2019-10-09,12.3,9.4,15.8,7332,2.0,1.16,3.1
2019-10-10,11.3,8.5,14.6,9048,0.4,1.08,3.5
2019-10-11,13.3,9.7,15.7,4852,0.1,1.18,3.7
2019-10-12,16.3,13.4,20.2,9578,0.0,1.5,2.9
2019-10-13,19.6,14.8,23.2,7685,0.0,1.68,2.4
2019-10-14,18.6,13.0,23.2,11140,0.0,1.5,2.1
2019-10-15,16.1,9.5,24.8,9716,1.5,1.25,1.9
2019-10-16,12.6,9.5,14.5,4687,4.3,1.15,2.9
2019-10-17,15.0,12.8,18.0,4463,2.1,1.43,2.3
2019-10-18,14.3,9.8,18.2,6418,0.7,1.21,2.8
2019-10-19,13.0,9.8,16.7,4672,0.0,1.18,2.4
2019-10-20,15.5,12.3,20.0,6225,0.0,1.41,1.6
2019-10-21,14.6,8.4,19.6,5709,0.0,1.12,1.8
2019-10-22,12.7,6.6,17.0,6866,0.0,0.98,1.6
2019-10-23,11.8,5.9,17.7,8817,0.0,0.95,1.8
2019-10-24,13.6,10.4,18.2,5646,0.0,1.24,2.0
2019-10-25,14.4,11.2,17.9,7697,0.0,1.3,2.7
2019-10-26,15.1,11.2,18.5,8311,0.0,1.31,3.3
2019-10-27,11.5,6.0,16.6,3229,1.4,0.95,3.1
2019-10-28,7.5,4.1,13.0,7040,0.3,0.81,2.2
2019-10-29,5.0,-0.9,11.1,6234,0.1,0.59,1.7
2019-10-30,1.5,-2.7,9.6,6957,0.0,0.52,1.7
2019-10-31,1.3,-4.2,8.6,8098,0.0,0.47,1.7
2019-11-01,3.1,-2.5,7.9,5768,1.5,0.51,2.5
2019-11-02,12.5,7.5,17.3,3858,1.5,1.04,3.1
2019-11-03,12.0,8.4,15.5,4633,3.9,1.09,2.3
2019-11-04,10.6,8.3,13.5,3611,4.3,1.07,2.5
2019-11-05,9.4,7.8,11.6,3374,1.3,1.02,2.1
2019-11-06,8.0,6.2,9.3,2679,2.2,0.91,1.8
2019-11-07,8.6,6.1,12.2,3145,0.0,0.92,2.1
2019-11-08,6.8,3.0,8.8,2582,3.4,0.74,1.6
2019-11-09,6.3,4.2,7.5,2535,0.9,0.79,1.9
2019-11-10,3.4,-1.5,10.1,6679,0.0,0.56,1.5
2019-11-11,1.5,-1.6,4.9,3807,0.0,0.53,2.6
2019-11-12,4.9,2.4,8.4,5147,0.0,0.71,2.9
2019-11-13,5.0,3.1,7.3,3104,0.0,0.74,2.3
2019-11-14,5.0,1.2,9.6,5579,0.0,0.66,2.4
2019-11-15,6.2,3.6,9.6,2277,2.0,0.77,2.9
2019-11-16,5.0,0.9,6.8,2238,1.0,0.64,2.1
2019-11-17,3.1,-1.5,6.1,2200,1.8,0.54,2.1
2019-11-18,6.0,3.9,8.1,2163,2.3,0.78,2.6
2019-11-19,5.7,3.8,8.4,5161,3.6,0.78,2.4
2019-11-20,4.7,3.6,5.6,2093,0.2,0.76,1.3
2019-11-21,7.0,4.8,8.5,2060,1.8,0.83,1.5
2019-11-22,6.2,3.1,9.0,2220,0.0,0.75,2.2
2019-11-23,6.0,3.2,7.5,1997,0.0,0.74,3.2
2019-11-24,4.3,2.5,6.8,2014,0.0,0.7,2.2
2019-11-25,4.5,3.1,5.6,1938,0.0,0.74,1.5
2019-11-26,5.9,3.5,8.3,1910,0.0,0.76,2.1
2019-11-27,7.0,4.7,9.8,1884,2.5,0.83,3.0
2019-11-28,10.3,8.8,12.6,2722,1.4,1.1,4.4
2019-11-29,5.0,-1.5,9.4,2375,0.0,0.55,3.6
2019-11-30,1.3,-1.5,5.1,4046,0.0,0.53,1.8
2019-12-01,0.5,-2.1,2.0,1789,0.0,0.5,1.6
2019-12-02,2.8,0.9,5.6,2120,0.4,0.63,2.3
2019-12-03,3.5,0.3,5.7,1748,0.2,0.61,1.9
2019-12-04,3.6,-1.3,7.2,4332,0.0,0.55,2.1
2019-12-05,0.4,-2.9,5.0,4426,0.0,0.48,2.3
2019-12-06,2.7,0.6,6.3,1696,5.3,0.62,4.0
2019-12-07,7.9,6.0,9.7,1680,0.3,0.91,4.1
2019-12-08,9.0,7.3,11.2,1666,0.2,0.99,4.7
2019-12-09,7.0,4.3,9.6,3169,0.9,0.81,4.1
2019-12-10,3.2,1.4,6.0,4029,0.0,0.65,3.0
2019-12-11,3.2,1.0,4.8,1630,3.4,0.64,2.8
2019-12-12,2.2,0.6,4.1,1662,0.0,0.61,2.5
2019-12-13,1.0,-0.5,2.9,3392,1.3,0.57,3.5
2019-12-14,4.0,2.0,6.0,1811,4.0,0.68,4.5
2019-12-15,6.1,2.7,9.4,2792,0.7,0.73,4.1
2019-12-16,7.0,4.0,9.2,1593,0.4,0.79,2.3
2019-12-17,9.8,2.7,15.5,2204,0.0,0.76,2.4
2019-12-18,8.0,0.3,14.4,2404,0.0,0.66,2.3
2019-12-19,4.4,0.8,7.3,3302,0.0,0.63,2.3
2019-12-20,6.5,1.1,10.9,3546,1.0,0.67,2.8
2019-12-21,6.7,0.4,9.8,3792,0.0,0.63,2.3
2019-12-22,2.5,0.0,5.4,1584,0.6,0.6,2.8
2019-12-23,7.0,3.8,8.7,2651,0.5,0.78,3.5
2019-12-24,5.9,4.7,8.3,2739,2.6,0.83,3.0
2019-12-25,5.3,4.8,6.3,1594,1.1,0.83,2.8
2019-12-26,4.6,2.9,6.0,1724,0.3,0.73,1.7
2019-12-27,2.6,0.0,3.7,1607,0.0,0.59,1.8
2019-12-28,-0.8,-3.3,1.7,1614,0.0,0.46,1.6
2019-12-29,-0.5,-3.9,2.4,3455,0.0,0.45,1.9
2019-12-30,5.0,1.2,7.9,1884,0.0,0.65,2.7
2019-12-31,5.4,2.4,8.0,2568,0.0,0.71,2.5
2020-01-01,1.2,-3.9,5.3,4188,0.0,0.46,1.8
2020-01-02,0.0,-5.0,7.7,4385,0.0,0.44,2.2
2020-01-03,5.1,1.8,7.4,1685,2.3,0.68,3.6
2020-01-04,4.2,1.2,6.2,1701,2.7,0.65,4.2
2020-01-05,2.0,-1.0,4.9,1847,0.0,0.55,2.1
2020-01-06,4.6,0.2,6.5,2562,0.0,0.6,2.2
2020-01-07,3.0,-0.2,6.0,1754,0.5,0.59,2.6
2020-01-08,6.9,4.2,8.5,1774,3.3,0.8,2.9
2020-01-09,8.8,7.3,10.7,1796,5.2,0.99,2.7
2020-01-10,9.1,4.4,11.3,2761,0.3,0.82,3.4
2020-01-11,4.7,2.4,6.8,3200,0.0,0.7,2.7
2020-01-12,3.7,1.2,6.2,3511,0.0,0.65,3.6
2020-01-13,5.4,2.6,8.1,2399,0.0,0.72,2.6
2020-01-14,8.3,3.3,10.6,1919,0.0,0.76,4.0
2020-01-15,11.3,9.7,13.6,3498,0.0,1.16,3.9
2020-01-16,7.4,3.4,11.6,5251,0.0,0.77,2.3
2020-01-17,5.0,0.8,8.6,5171,0.2,0.64,2.6
2020-01-18,5.2,2.4,7.3,4170,0.0,0.71,2.9
2020-01-19,3.9,1.2,6.0,3295,0.0,0.65,1.9
2020-01-20,0.5,-2.0,4.1,2749,0.0,0.52,1.9
2020-01-21,1.8,-0.4,6.0,5793,0.0,0.58,2.3
2020-01-22,3.7,1.7,5.4,2177,0.0,0.67,2.1
2020-01-23,3.5,-1.9,6.0,2521,0.0,0.53,1.8
2020-01-24,-0.4,-3.4,2.7,4582,0.0,0.46,2.0
2020-01-25,0.5,-1.2,1.9,2293,0.1,0.54,1.9
2020-01-26,-0.1,-1.4,0.8,2333,0.0,0.53,1.9
2020-01-27,5.4,0.5,8.3,3394,3.4,0.62,2.9
2020-01-28,5.6,3.8,8.6,3503,2.4,0.78,4.5
2020-01-29,4.3,2.1,5.8,2463,2.1,0.69,4.4
2020-01-30,6.0,2.4,8.3,2508,0.6,0.71,4.1
2020-01-31,10.3,7.6,12.0,3230,0.0,1.02,4.6
2020-02-01,10.6,7.1,12.0,2603,6.5,0.98,4.5
2020-02-02,7.1,5.6,8.5,2651,6.0,0.88,3.9
2020-02-03,7.6,5.6,10.0,3051,1.0,0.88,3.7
2020-02-04,5.2,3.6,7.3,4700,0.3,0.76,4.1
2020-02-05,3.2,1.5,5.1,6749,0.0,0.65,3.0
2020-02-06,4.4,1.4,7.0,3705,0.1,0.65,2.3
2020-02-07,5.5,4.2,7.0,2912,0.0,0.79,1.9
2020-02-08,5.4,0.1,9.0,6874,0.0,0.62,2.3
2020-02-09,9.9,5.6,13.9,5660,7.5,0.9,5.2
2020-02-10,7.0,3.9,14.3,3590,5.5,0.82,7.0
2020-02-11,4.2,2.3,6.6,3204,0.8,0.7,6.6
2020-02-12,4.0,2.1,6.8,3330,0.0,0.69,5.6
2020-02-13,3.2,0.8,5.6,4183,1.9,0.63,3.3
2020-02-14,4.4,1.8,7.5,3321,0.9,0.68,2.5
2020-02-15,6.6,2.2,11.0,8042,0.0,0.71,3.1
2020-02-16,12.7,8.4,16.6,3857,0.8,1.09,5.2
2020-02-17,9.0,5.8,10.5,4272,0.6,0.9,4.5
2020-02-18,6.5,5.0,8.4,4347,0.7,0.84,4.8
2020-02-19,5.4,3.4,7.5,4634,2.3,0.75,4.3
2020-02-20,5.2,0.9,8.2,3711,2.2,0.64,3.7
2020-02-21,6.2,4.0,8.4,5445,0.0,0.79,4.6
2020-02-22,8.3,5.4,12.3,4434,0.7,0.88,5.3
2020-02-23,7.2,2.7,11.6,3917,10.8,0.74,5.6
2020-02-24,5.2,2.9,8.4,4063,3.3,0.73,3.8
2020-02-25,7.8,3.3,10.0,6637,1.3,0.76,4.7
2020-02-26,2.6,0.3,5.8,4591,7.8,0.61,3.8
2020-02-27,3.2,1.0,5.9,5444,0.5,0.63,3.1
2020-02-28,3.8,0.2,8.4,7177,5.8,0.61,3.7
2020-02-29,7.1,1.2,12.2,7203,0.1,0.68,4.1
2020-03-01,7.0,5.1,10.1,7308,2.2,0.86,4.1
2020-03-02,6.5,3.4,10.9,8305,0.1,0.77,2.6
2020-03-03,4.0,1.2,6.5,4742,1.8,0.65,2.7
2020-03-04,4.0,0.5,8.7,6885,0.0,0.62,2.3
2020-03-05,5.6,-0.6,11.1,9822,2.8,0.6,2.6
2020-03-06,5.0,2.3,7.7,4810,5.2,0.7,3.9
2020-03-07,4.6,1.9,8.0,7187,0.0,0.68,3.1
2020-03-08,6.3,1.4,10.8,6601,0.8,0.68,3.1
2020-03-09,7.8,3.8,11.2,5915,0.7,0.79,2.6
2020-03-10,6.8,3.3,11.7,5127,6.5,0.76,4.5
2020-03-11,10.1,8.1,12.6,6976,0.8,1.04,4.4
2020-03-12,9.6,4.3,12.9,8233,2.3,0.82,5.3
2020-03-13,5.8,2.4,9.7,8522,0.2,0.71,4.6
2020-03-14,3.2,-3.0,9.3,14994,0.0,0.51,1.9
2020-03-15,6.7,0.0,13.3,15069,0.0,0.64,3.2
2020-03-16,9.4,2.4,17.4,15419,0.0,0.77,2.0
2020-03-17,9.0,2.0,15.9,11760,0.0,0.74,2.0
2020-03-18,10.8,6.2,17.0,14528,0.0,0.95,2.4
2020-03-19,10.6,7.4,15.4,7188,0.0,1.01,1.5
2020-03-20,7.5,5.1,9.2,5942,0.1,0.85,2.3
2020-03-21,4.2,0.3,8.4,13160,0.0,0.62,4.0
2020-03-22,2.1,-4.6,7.4,16798,0.0,0.45,3.8
2020-03-23,0.5,-6.4,7.6,17454,0.0,0.4,3.1
2020-03-24,2.1,-5.1,8.6,17721,0.0,0.44,2.9
2020-03-25,3.6,-3.8,10.5,17790,0.0,0.49,3.3
2020-03-26,5.3,-1.4,11.9,17656,0.0,0.57,3.4
2020-03-27,9.2,2.8,16.6,17719,0.0,0.78,2.9
2020-03-28,6.8,-1.6,15.0,17982,0.0,0.6,2.6
2020-03-29,2.3,-3.6,5.5,6892,1.1,0.47,4.0
2020-03-30,-0.4,-5.5,3.2,8315,0.8,0.41,2.7
2020-03-31,1.5,-2.5,5.6,13072,0.0,0.5,2.1
2020-04-01,4.2,-1.8,10.2,17472,0.0,0.55,2.3
2020-04-02,6.9,4.0,11.0,11846,0.0,0.8,2.9
2020-04-03,7.2,4.6,11.0,14176,0.0,0.83,3.0
2020-04-04,7.3,0.5,13.8,17489,0.0,0.66,1.7
2020-04-05,9.8,-0.8,17.7,19770,0.0,0.65,2.9
2020-04-06,13.4,4.0,21.8,19924,0.0,0.89,2.4
2020-04-07,13.5,7.8,19.5,19426,0.0,1.08,2.0
2020-04-08,13.9,6.1,23.4,20225,0.0,1.03,1.7
2020-04-09,12.0,4.0,18.9,17859,0.0,0.85,2.0
2020-04-10,9.0,0.3,16.0,19531,0.0,0.67,1.8
2020-04-11,8.0,-1.1,16.4,20886,0.0,0.62,1.5
2020-04-12,13.5,0.5,23.6,20919,2.5,0.76,1.9
2020-04-13,8.0,3.0,12.4,14589,0.2,0.76,3.9
2020-04-14,5.6,-0.9,11.4,20752,0.0,0.59,2.9
2020-04-15,9.1,3.2,16.2,19424,0.0,0.8,2.6
2020-04-16,11.5,3.1,18.8,22380,0.0,0.82,2.0
2020-04-17,10.3,2.0,17.6,19677,0.0,0.76,1.6
2020-04-18,11.4,3.0,18.5,22882,0.0,0.81,2.1
2020-04-19,9.7,3.4,14.8,23131,0.0,0.79,3.0
2020-04-20,10.3,2.2,16.4,23149,0.0,0.75,4.1
2020-04-21,12.0,5.8,18.3,23280,0.0,0.95,4.6
2020-04-22,13.2,6.0,19.7,23640,0.0,0.97,3.6
2020-04-23,13.2,2.0,22.1,23650,0.0,0.81,1.9
2020-04-24,13.5,4.4,22.0,20269,0.0,0.92,2.8
2020-04-25,11.1,7.4,16.5,13345,0.0,1.03,2.5
2020-04-26,11.8,3.6,18.6,23662,0.0,0.84,1.5
2020-04-27,13.1,0.7,22.9,23424,0.0,0.76,1.8
2020-04-28,15.3,5.1,22.9,18209,0.8,0.95,2.1
2020-04-29,12.6,8.4,18.7,11772,1.9,1.11,2.5
2020-04-30,13.6,8.3,19.0,13036,2.9,1.1,2.9
2020-05-01,12.2,7.1,18.0,15739,0.1,1.01,3.1
2020-05-02,8.7,5.4,14.3,11389,6.6,0.9,3.0
2020-05-03,9.7,4.2,15.5,14098,0.2,0.84,2.0
2020-05-04,8.2,3.9,13.1,11282,4.2,0.81,2.1
2020-05-05,7.4,3.1,13.2,19433,1.1,0.76,2.5
2020-05-06,10.8,2.6,17.3,27017,0.0,0.77,2.4
2020-05-07,10.8,6.1,17.6,20325,0.0,0.96,2.0
2020-05-08,13.8,4.1,21.8,26725,0.0,0.89,1.6
2020-05-09,15.4,4.4,23.9,27060,0.0,0.93,1.5
2020-05-10,16.8,8.6,24.9,18608,1.7,1.19,2.1
2020-05-11,6.7,1.3,12.4,10976,9.3,0.69,3.7
2020-05-12,6.5,-0.6,11.9,17278,0.1,0.6,2.4
2020-05-13,9.8,5.1,14.8,16361,0.0,0.88,2.0
2020-05-14,8.7,2.7,15.1,15193,0.0,0.76,2.5
2020-05-15,9.2,-0.5,15.9,21037,0.0,0.63,2.6
2020-05-16,11.7,5.4,15.6,17033,0.0,0.91,2.4
2020-05-17,13.4,8.2,18.5,21536,0.0,1.09,2.5
2020-05-18,15.9,9.0,22.2,19990,0.0,1.19,2.3
2020-05-19,15.5,9.8,20.8,14722,0.0,1.23,2.3
2020-05-20,16.1,8.5,21.4,24071,0.0,1.13,1.6
2020-05-21,15.1,4.8,22.6,28723,0.0,0.94,1.5
2020-05-22,17.1,10.9,23.0,12377,4.1,1.34,2.1
2020-05-23,15.3,9.3,19.2,12419,0.3,1.17,2.8
2020-05-24,12.7,9.3,16.6,19309,4.3,1.15,3.5
2020-05-25,12.4,10.4,15.0,10502,0.0,1.22,3.1
2020-05-26,14.3,7.5,21.0,24140,0.0,1.07,1.6
2020-05-27,16.1,6.2,22.9,20688,0.0,1.03,1.9
2020-05-28,15.1,9.4,20.5,25104,0.0,1.19,2.7
2020-05-29,15.0,6.4,21.7,23020,0.0,1.01,2.1
2020-05-30,14.5,9.7,18.8,20555,0.0,1.2,2.5
2020-05-31,15.3,7.5,22.9,22218,0.0,1.09,2.7
2020-06-01,17.4,9.0,25.3,29021,0.0,1.22,2.4
2020-06-02,19.2,8.1,27.7,27677,0.0,1.2,1.7
2020-06-03,18.4,9.9,27.4,24573,0.0,1.31,1.9
2020-06-04,16.9,10.5,24.2,14434,2.5,1.31,2.2
2020-06-05,13.3,9.3,19.2,15336,2.5,1.17,3.4
2020-06-06,12.9,7.9,19.0,21514,0.4,1.08,3.2
2020-06-07,15.3,9.7,20.5,14875,0.0,1.21,2.3
2020-06-08,15.1,6.4,22.4,20300,0.1,1.03,1.5
2020-06-09,16.9,8.1,23.2,13401,0.0,1.14,1.9
2020-06-10,17.3,13.3,22.5,19328,1.2,1.51,2.1
2020-06-11,16.5,13.4,20.6,11542,4.3,1.51,2.0
2020-06-12,20.2,14.4,27.4,18852,0.6,1.69,2.5
2020-06-13,21.3,18.0,30.8,17353,53.0,2.11,2.4
2020-06-14,20.5,16.5,25.3,14593,0.0,1.86,2.7
2020-06-15,20.4,13.9,26.3,28698,0.0,1.63,2.0
2020-06-16,20.2,12.4,26.4,24298,0.0,1.49,1.4
2020-06-17,22.8,14.5,28.9,27449,0.0,1.72,1.7
2020-06-18,19.8,17.0,23.0,10835,0.5,1.9,2.2
2020-06-19,17.3,16.1,19.5,10836,1.0,1.76,2.3
2020-06-20,17.7,15.1,21.0,17003,1.8,1.68,2.5
2020-06-21,18.6,12.9,24.3,19140,0.0,1.52,2.0
2020-06-22,19.1,11.2,25.9,24923,0.0,1.4,2.2
2020-06-23,19.0,11.2,25.1,29067,0.0,1.38,1.8
2020-06-24,19.6,10.8,25.9,22894,0.0,1.37,2.1
2020-06-25,22.6,17.3,28.9,18985,0.0,2.0,2.4
2020-06-26,22.0,15.6,27.9,22242,1.4,1.8,2.0
2020-06-27,23.5,14.8,30.9,24742,0.0,1.78,2.1
2020-06-28,21.1,14.5,25.4,15303,5.0,1.66,2.5
2020-06-29,17.4,12.5,23.4,21943,0.3,1.47,2.5
2020-06-30,18.5,13.4,23.6,22426,0.1,1.54,3.5
2020-07-01,19.7,16.2,24.1,11864,5.6,1.82,2.8
2020-07-02,19.4,15.5,24.5,16612,0.3,1.74,2.3
2020-07-03,18.7,14.5,23.4,22606,0.0,1.63,2.4
2020-07-04,20.7,14.6,25.1,18445,0.0,1.67,3.3
2020-07-05,22.4,18.8,27.5,12784,0.4,2.16,4.0
2020-07-06,16.7,11.4,21.1,22018,1.7,1.35,4.0
2020-07-07,15.4,10.8,21.0,17859,0.3,1.3,2.5
2020-07-08,15.0,12.7,18.6,11580,0.0,1.43,2.0
2020-07-09,17.1,12.6,20.6,10928,6.4,1.44,2.1
2020-07-10,18.1,11.0,25.0,14017,2.8,1.37,2.9
2020-07-11,15.2,9.4,20.8,18970,0.0,1.2,2.2
2020-07-12,15.9,7.6,22.1,22168,0.0,1.09,1.9
2020-07-13,17.8,8.1,25.9,27350,0.0,1.17,1.6
2020-07-14,21.1,10.0,29.3,21830,1.5,1.35,1.7
2020-07-15,15.6,13.8,18.3,10360,7.7,1.53,1.7
2020-07-16,16.3,10.3,22.4,16524,0.1,1.29,1.7
2020-07-17,17.1,8.9,23.1,13381,0.2,1.19,1.5
2020-07-18,20.4,12.0,28.2,26206,0.0,1.49,1.3
2020-07-19,22.4,12.3,30.4,23179,0.0,1.56,1.5
2020-07-20,18.3,11.5,23.2,16086,1.5,1.39,2.2
2020-07-21,16.8,10.1,23.4,24907,0.0,1.28,2.1
2020-07-22,16.4,7.3,22.3,20288,1.8,1.08,1.8
2020-07-23,18.0,13.0,24.6,23422,0.0,1.51,1.6
2020-07-24,20.8,13.6,28.2,20778,0.0,1.61,2.4
2020-07-25,19.8,13.0,27.6,17528,0.0,1.56,1.9
2020-07-26,19.3,14.3,25.2,15632,8.6,1.64,2.5
2020-07-27,19.7,12.3,26.4,16303,0.6,1.49,1.9
2020-07-28,22.5,14.2,27.7,20747,0.0,1.68,3.3
2020-07-29,17.6,9.7,23.6,20916,0.0,1.26,2.8
2020-07-30,17.0,8.8,24.9,24601,0.0,1.2,1.8
2020-07-31,19.6,10.1,28.1,25362,0.0,1.34,1.6
2020-08-01,23.1,13.5,32.2,22977,0.0,1.68,2.0
2020-08-02,18.9,16.3,21.3,9631,8.0,1.8,1.9
2020-08-03,17.4,11.7,23.7,18351,0.0,1.4,1.9
2020-08-04,16.4,9.7,23.9,15512,0.0,1.25,1.8
2020-08-05,19.7,8.9,28.7,25129,0.0,1.27,1.9
2020-08-06,22.3,12.4,31.0,25146,0.0,1.57,1.7
2020-08-07,23.9,14.3,32.3,23137,0.0,1.78,1.6
2020-08-08,26.6,16.8,36.1,23392,0.0,2.09,1.4
2020-08-09,26.5,16.6,35.9,22459,0.0,2.07,1.7
2020-08-10,26.1,20.4,32.5,18224,0.1,2.44,2.0
2020-08-11,26.5,19.8,33.3,24483,0.0,2.38,2.3
2020-08-12,25.4,18.3,32.2,24250,0.7,2.18,2.3
2020-08-13,23.1,19.8,26.8,9874,1.2,2.27,2.0
2020-08-14,23.2,17.6,29.4,15277,5.0,2.05,1.7
2020-08-15,23.3,15.4,31.8,22846,0.0,1.87,1.4
2020-08-16,24.1,15.7,32.0,23651,0.0,1.9,1.8
2020-08-17,24.1,16.9,32.1,17418,15.3,2.01,1.8
2020-08-18,20.1,17.2,25.6,12492,0.2,1.94,1.8
2020-08-19,20.3,14.9,27.2,19494,0.0,1.72,1.5
2020-08-20,23.5,15.6,31.1,17327,0.0,1.86,1.9
2020-08-21,25.9,17.6,35.6,17671,1.4,2.15,2.2
2020-08-22,23.0,15.3,27.2,13717,2.8,1.76,2.7
2020-08-23,20.2,15.9,24.7,18229,0.0,1.8,3.0
2020-08-24,18.1,13.8,23.6,12736,0.2,1.57,2.3
2020-08-25,17.8,12.3,22.8,14755,0.4,1.43,2.2
2020-08-26,17.6,15.3,20.4,8215,5.1,1.7,5.1
2020-08-27,16.2,11.7,20.4,14979,0.2,1.36,2.7
2020-08-28,17.1,13.2,22.9,10364,0.5,1.51,2.4
2020-08-29,17.1,11.6,23.6,13769,0.0,1.39,2.1
2020-08-30,17.1,9.8,24.0,12029,8.1,1.26,1.8
2020-08-31,17.3,13.3,23.5,13657,0.1,1.53,1.8
2020-09-01,15.9,11.3,20.5,14082,0.0,1.33,1.7
2020-09-02,13.7,9.7,19.3,9154,2.0,1.2,1.5
2020-09-03,16.1,9.6,22.6,15017,5.9,1.24,2.2
2020-09-04,18.5,15.4,23.1,11298,2.4,1.72,2.3
2020-09-05,15.6,12.9,18.3,7096,0.1,1.45,2.3
2020-09-06,14.3,9.9,19.3,15369,0.0,1.21,1.9
2020-09-07,14.7,10.5,19.8,14821,0.0,1.27,1.7
2020-09-08,17.1,11.9,22.5,10771,0.0,1.4,2.4
2020-09-09,19.8,15.1,24.7,10972,0.9,1.71,2.4
2020-09-10,14.3,8.3,18.9,11575,0.0,1.1,1.8
2020-09-11,15.6,8.4,23.3,17727,0.0,1.17,1.4
2020-09-12,17.4,7.3,26.2,17971,0.0,1.13,2.1
2020-09-13,16.9,10.8,24.8,15117,0.0,1.35,1.9
2020-09-14,19.8,9.7,30.9,17150,0.0,1.36,1.5
2020-09-15,21.8,13.8,32.0,17579,0.0,1.71,1.3
2020-09-16,21.1,13.3,30.0,13805,0.0,1.62,1.9
2020-09-17,14.7,6.7,20.1,15892,0.0,1.02,2.7
2020-09-18,11.6,2.2,21.0,16887,0.0,0.8,2.2
2020-09-19,13.1,2.5,23.2,15672,0.0,0.84,1.8
2020-09-20,14.4,4.9,24.3,16269,0.0,0.98,1.7
2020-09-21,14.9,4.9,25.9,15916,0.0,0.99,1.2
2020-09-22,16.8,7.8,27.1,15565,0.3,1.18,1.2
2020-09-23,18.3,12.2,26.6,10791,0.0,1.47,1.9
2020-09-24,17.3,12.2,21.8,9661,14.2,1.41,2.8
2020-09-25,13.4,11.0,16.7,7551,2.2,1.29,2.6
2020-09-26,9.8,8.7,11.1,5386,21.1,1.09,3.0
2020-09-27,9.6,6.3,13.5,5751,0.1,0.94,2.1
2020-09-28,12.9,8.8,18.4,12814,0.0,1.14,1.5
2020-09-29,12.7,7.7,20.4,10304,0.0,1.09,1.6
2020-09-30,12.4,6.0,20.9,13728,0.0,0.99,1.4
2020-10-01,11.7,3.1,19.3,9621,0.0,0.83,2.0
2020-10-02,13.2,7.5,18.2,6100,0.0,1.05,2.9
2020-10-03,16.9,10.1,21.8,9629,0.0,1.25,3.3
2020-10-04,12.7,5.8,18.0,9088,0.0,0.94,2.9
2020-10-05,11.1,5.1,14.1,4761,0.4,0.87,2.7
2020-10-06,12.5,6.9,16.8,5256,0.9,1.0,3.5
2020-10-07,12.7,7.7,15.2,6305,1.1,1.04,3.2
2020-10-08,12.5,6.7,15.1,6452,4.8,0.97,3.5
2020-10-09,12.7,7.5,15.2,4694,1.3,1.02,2.2
2020-10-10,10.3,3.6,13.5,7750,0.6,0.79,2.6
2020-10-11,8.8,2.2,13.0,7331,0.1,0.73,2.0
2020-10-12,8.4,0.4,12.7,6458,0.0,0.65,1.6
2020-10-13,8.4,1.4,12.8,5224,0.2,0.69,1.6
2020-10-14,9.5,6.3,10.4,4015,13.4,0.92,3.4
2020-10-15,9.5,6.1,10.3,3945,0.8,0.91,2.7
2020-10-16,8.7,3.8,11.0,3876,0.6,0.79,2.1
2020-10-17,8.8,2.7,13.0,5185,0.0,0.75,1.4
2020-10-18,8.0,2.5,10.0,3811,1.1,0.72,2.3
2020-10-19,8.7,3.1,12.5,5232,0.0,0.76,1.7
2020-10-20,9.0,1.2,13.5,4447,4.3,0.69,2.4
2020-10-21,13.3,7.7,17.3,3541,0.3,1.04,2.9
2020-10-22,16.4,11.5,19.6,6147,0.4,1.35,3.0
2020-10-23,13.6,8.2,16.7,3955,6.2,1.08,2.0
2020-10-24,13.4,7.1,17.2,7363,0.0,1.01,2.8
2020-10-25,13.6,8.2,16.7,6461,0.2,1.08,2.8
2020-10-26,11.3,5.6,12.9,3294,1.1,0.9,2.4
2020-10-27,10.0,4.9,13.0,6846,0.2,0.86,3.1
2020-10-28,11.3,6.2,14.7,5724,1.4,0.94,3.4
2020-10-29,10.1,5.3,11.8,3431,3.5,0.88,3.5
2020-10-30,11.7,5.2,13.7,2997,8.3,0.88,3.3
2020-10-31,13.5,8.1,14.7,2941,1.0,1.06,2.2
2020-11-01,13.4,10.8,15.7,3190,7.2,1.26,2.9
2020-11-02,17.2,13.8,20.4,4453,1.0,1.55,4.0
2020-11-03,11.5,8.6,14.1,5092,0.0,1.09,2.7
2020-11-04,8.0,3.7,11.9,6887,0.0,0.79,2.3
2020-11-05,6.9,2.5,11.3,6728,0.0,0.72,2.2
2020-11-06,8.6,7.5,9.8,2630,0.0,1.0,1.8
2020-11-07,7.0,0.8,13.0,6422,0.0,0.66,1.7
2020-11-08,5.3,0.1,12.5,6385,0.0,0.64,1.4
2020-11-09,5.6,4.3,6.6,2490,0.0,0.8,1.8
2020-11-10,5.5,4.3,6.7,2445,0.0,0.8,1.8
2020-11-11,5.0,1.1,6.5,2401,0.0,0.64,1.6
2020-11-12,8.4,6.0,12.1,4753,0.3,0.92,2.3
2020-11-13,8.5,5.2,11.9,5894,0.2,0.87,2.0
2020-11-14,11.6,8.7,15.1,3369,0.0,1.09,2.0
2020-11-15,11.5,8.4,15.2,4809,1.0,1.08,3.1
2020-11-16,10.2,7.5,12.9,3573,0.1,1.01,3.5
2020-11-17,10.0,7.2,11.2,2214,0.7,0.99,3.0
2020-11-18,10.9,9.2,12.2,2177,0.0,1.12,2.7
2020-11-19,9.1,3.2,11.7,2536,0.4,0.76,4.0
2020-11-20,3.2,-0.3,6.8,3715,0.0,0.59,2.2
2020-11-21,3.9,-0.2,7.0,2172,0.0,0.59,3.0
2020-11-22,7.8,6.0,10.4,2378,0.0,0.9,2.8
2020-11-23,5.9,2.4,9.2,4186,0.0,0.71,2.4
2020-11-24,3.1,-0.6,8.1,4322,0.0,0.58,2.4
2020-11-25,1.4,-1.7,5.0,2373,0.0,0.53,2.2
2020-11-26,5.4,0.9,7.9,1929,0.3,0.64,1.9
2020-11-27,6.2,3.7,8.7,2586,0.0,0.77,1.4
2020-11-28,3.2,1.5,4.0,1834,0.0,0.66,1.8
2020-11-29,1.5,-1.6,4.0,1900,0.3,0.53,1.8
2020-11-30,2.1,0.4,3.5,2099,0.0,0.61,2.1
2020-12-01,2.8,1.0,4.0,1768,0.0,0.63,2.0
2020-12-02,-0.8,-4.0,3.1,4631,0.0,0.44,1.8
2020-12-03,-0.3,-3.6,1.3,1730,0.0,0.46,3.0
2020-12-04,0.5,-1.9,3.7,2014,0.0,0.52,3.0
2020-12-05,2.4,-1.6,6.3,2980,0.0,0.54,2.0
2020-12-06,5.6,2.5,9.3,2191,0.0,0.71,1.9
2020-12-07,6.9,2.6,9.4,2047,0.0,0.72,2.4
2020-12-08,4.1,1.9,8.4,3674,0.8,0.69,1.8
2020-12-09,2.3,1.7,2.7,1641,0.3,0.67,1.8
2020-12-10,0.2,-0.5,1.5,1630,0.0,0.57,1.6
2020-12-11,0.5,-0.4,1.6,1621,0.0,0.57,2.8
2020-12-12,1.2,-0.2,2.5,1612,2.8,0.58,2.2
2020-12-13,2.9,1.5,4.1,1605,0.0,0.65,1.8
2020-12-14,5.6,2.4,8.5,2298,0.1,0.71,2.6
2020-12-15,6.8,3.8,9.1,1634,0.5,0.78,2.2
2020-12-16,7.3,4.6,10.1,2122,0.0,0.82,1.9
2020-12-17,6.4,3.1,9.5,2445,1.1,0.75,2.6
2020-12-18,5.7,1.6,9.0,4038,0.0,0.68,2.3
2020-12-19,4.5,0.2,9.0,4118,0.0,0.62,2.7
2020-12-20,5.0,2.7,7.1,2319,1.5,0.72,2.3
2020-12-21,5.6,4.1,7.3,3671,4.6,0.79,2.7
2020-12-22,9.7,6.8,13.5,1750,1.1,0.96,3.8
2020-12-23,7.6,6.3,10.8,1590,4.2,0.92,2.2
2020-12-24,6.2,2.6,10.3,1594,0.5,0.73,3.4
2020-12-25,2.1,-1.4,3.7,1600,0.0,0.53,2.4
2020-12-26,0.5,-2.3,2.7,1607,0.1,0.5,3.0
2020-12-27,2.1,1.2,3.3,1614,0.0,0.64,5.0
2020-12-28,2.6,0.2,5.0,2331,2.5,0.6,2.6
2020-12-29,2.2,-0.3,4.5,2762,0.0,0.58,2.6
2020-12-30,2.6,0.0,4.9,3114,0.0,0.59,2.7
2020-12-31,2.5,0.6,4.6,2205,0.0,0.62,2.4
2021-01-01,2.4,1.1,3.3,1657,0.1,0.64,1.4
2021-01-02,2.5,0.8,4.4,1670,0.0,0.62,1.6
2021-01-03,1.0,0.3,1.6,1685,4.7,0.6,2.6
2021-01-04,0.8,0.3,0.9,1701,0.5,0.6,2.6
2021-01-05,1.7,0.7,2.9,1717,0.9,0.62,2.6
2021-01-06,1.8,0.2,3.0,1735,0.4,0.6,2.2
2021-01-07,1.0,0.0,1.5,1754,0.0,0.59,2.1
2021-01-08,0.6,-0.1,1.5,1774,1.1,0.58,2.1
2021-01-09,0.9,0.0,1.7,1796,0.3,0.59,1.6
2021-01-10,-0.1,-1.6,1.2,2536,0.1,0.52,1.9
2021-01-11,0.9,-0.4,2.0,1842,1.5,0.57,3.2
2021-01-12,1.8,0.5,3.2,2003,1.7,0.61,4.0
2021-01-13,1.5,-0.2,3.5,1892,3.8,0.58,4.2
2021-01-14,1.1,-0.4,2.7,2431,0.1,0.57,2.9
2021-01-15,-0.4,-2.7,0.7,1947,0.1,0.48,2.2
2021-01-16,-2.4,-6.0,-0.8,1977,0.0,0.38,2.1
2021-01-17,-4.1,-8.2,1.1,4836,0.1,0.33,1.6
2021-01-18,0.2,-4.3,3.0,2039,4.8,0.44,2.9
2021-01-19,3.0,0.5,5.8,2072,7.2,0.61,3.8
2021-01-20,6.4,3.6,8.1,2106,0.1,0.77,3.6
2021-01-21,9.0,6.4,12.1,3491,0.6,0.94,4.4
2021-01-22,6.4,0.2,10.7,2177,0.4,0.63,3.5
2021-01-23,1.3,-0.7,3.8,2214,0.6,0.56,2.1
2021-01-24,0.8,-1.0,1.9,2253,0.7,0.55,2.4
2021-01-25,1.0,-0.3,3.5,3130,0.0,0.57,1.8
2021-01-26,0.6,-1.6,3.2,4240,0.1,0.52,3.0
2021-01-27,1.6,-1.5,4.5,4733,0.3,0.53,2.5
2021-01-28,1.9,-2.1,3.5,2419,0.0,0.51,2.6
2021-01-29,-0.9,-2.0,0.8,2463,8.9,0.51,3.5
2021-01-30,-2.4,-9.1,0.9,2564,0.0,0.31,2.6
2021-01-31,-8.0,-14.2,1.6,6322,0.0,0.23,2.1
2021-02-01,-4.6,-12.4,-0.2,3286,0.1,0.25,2.2
2021-02-02,0.9,-0.9,2.4,2651,2.1,0.55,2.3
2021-02-03,4.5,1.0,9.4,3051,8.9,0.65,3.3
2021-02-04,1.1,0.5,2.5,2752,0.8,0.61,2.8
2021-02-05,0.1,-0.8,1.0,2805,2.9,0.55,2.4
2021-02-06,-1.4,-3.5,-0.1,2858,0.1,0.45,3.9
2021-02-07,-5.7,-7.0,-3.6,2912,5.8,0.35,4.8
2021-02-08,-8.4,-10.3,-6.0,2967,3.0,0.27,3.6
2021-02-09,-9.5,-12.4,-7.1,3024,0.2,0.23,1.9
2021-02-10,-10.3,-17.6,-3.2,6385,0.0,0.17,2.3
2021-02-11,-5.4,-10.1,-1.9,5584,0.0,0.28,1.8
2021-02-12,-6.1,-15.9,-1.1,8538,0.0,0.19,2.3
2021-02-13,-10.2,-17.1,-3.4,5566,0.0,0.17,2.1
2021-02-14,-10.1,-15.4,-1.6,8591,0.0,0.2,2.0
2021-02-15,-4.9,-14.7,1.6,4262,2.6,0.22,2.7
2021-02-16,2.5,0.4,4.6,3447,1.6,0.61,2.2
2021-02-17,4.8,2.7,7.3,3650,0.0,0.71,2.9
2021-02-18,7.3,4.3,11.9,7425,4.1,0.82,2.5
2021-02-19,6.0,-0.2,9.8,9377,0.0,0.61,2.5
2021-02-20,7.7,0.1,14.0,9512,0.0,0.64,2.2
2021-02-21,10.7,3.7,19.3,10517,0.0,0.85,2.2
2021-02-22,6.7,-1.0,15.9,10663,0.0,0.62,2.0
2021-02-23,12.0,6.8,18.1,7698,0.0,1.0,2.0
2021-02-24,13.5,9.7,19.2,9611,0.0,1.2,2.2
2021-02-25,12.3,6.9,18.8,10200,0.6,1.01,2.1
2021-02-26,7.5,4.2,9.6,5051,0.7,0.8,2.4
2021-02-27,4.6,0.9,6.0,4204,0.0,0.63,2.3
2021-02-28,2.4,0.7,3.8,4277,0.0,0.62,2.0
2021-03-01,2.7,-1.3,5.8,7124,0.0,0.55,1.6
2021-03-02,2.0,-1.2,8.7,7469,0.0,0.56,1.4
2021-03-03,5.7,-3.1,14.5,10813,0.0,0.53,1.6
2021-03-04,3.5,2.4,5.5,4578,0.1,0.7,2.4
2021-03-05,1.4,-3.4,6.3,10519,0.0,0.48,2.4
2021-03-06,1.3,-3.2,4.5,6401,0.0,0.48,2.3
2021-03-07,3.1,1.5,5.0,4979,0.9,0.66,2.5
2021-03-08,1.5,-3.4,7.2,13827,0.0,0.48,1.6
2021-03-09,2.0,-2.8,7.6,9180,0.0,0.5,1.6
2021-03-10,3.3,-1.4,9.4,11470,0.8,0.56,2.2
2021-03-11,7.5,3.2,14.3,7142,4.1,0.78,5.2
2021-03-12,7.0,4.1,10.7,8303,1.8,0.8,5.0
2021-03-13,6.0,3.3,10.4,6537,4.7,0.76,5.4
2021-03-14,5.6,3.5,9.0,6900,2.3,0.76,4.2
2021-03-15,4.8,1.8,7.7,6359,2.7,0.68,3.6
2021-03-16,4.4,1.6,7.7,9842,2.4,0.67,3.2
2021-03-17,2.1,-2.0,7.3,6723,0.8,0.53,2.0
2021-03-18,1.9,-2.4,6.6,7655,0.7,0.51,1.6
2021-03-19,0.8,-3.8,6.0,7095,0.2,0.47,2.5
2021-03-20,1.0,-3.4,4.3,8611,0.2,0.47,2.4
2021-03-21,5.7,1.0,10.3,8621,0.3,0.66,3.7
2021-03-22,5.2,0.0,11.0,13160,0.5,0.63,2.4
2021-03-23,5.8,4.0,7.3,6108,0.1,0.78,2.0
2021-03-24,8.1,4.1,13.8,11284,0.0,0.81,1.8
2021-03-25,8.6,1.2,15.8,14168,0.6,0.7,1.7
2021-03-26,10.4,5.8,15.9,12123,0.1,0.93,2.2
2021-03-27,6.5,2.1,10.4,9444,3.1,0.7,4.0
2021-03-28,7.7,1.7,12.5,9548,0.1,0.7,3.1
2021-03-29,13.7,9.1,20.2,12294,0.0,1.16,2.9
2021-03-30,13.7,5.4,22.5,18859,0.0,0.98,1.7
2021-03-31,13.0,2.2,23.9,18921,0.0,0.83,1.3
2021-04-01,10.7,6.2,18.1,10377,0.0,0.97,2.5
2021-04-02,6.2,1.2,12.2,12360,0.8,0.68,3.1
2021-04-03,5.3,-2.6,10.2,17096,0.0,0.52,2.8
2021-04-04,4.2,-3.8,10.4,14916,0.0,0.49,2.5
2021-04-05,3.5,-0.7,6.9,10262,2.1,0.58,4.8
2021-04-06,1.7,-1.9,6.7,12499,0.1,0.53,4.0
2021-04-07,3.1,0.7,6.3,9384,0.2,0.62,4.3
2021-04-08,4.2,1.7,6.8,9043,0.1,0.67,3.5
2021-04-09,7.9,1.6,13.5,14353,0.8,0.7,3.0
2021-04-10,7.0,3.9,10.5,8236,4.9,0.79,2.0
2021-04-11,10.3,2.3,19.4,12276,4.9,0.79,3.0
2021-04-12,4.6,0.6,8.8,11053,0.0,0.63,2.7
2021-04-13,4.0,-0.3,10.4,16366,0.0,0.6,2.6
2021-04-14,3.9,-0.8,9.4,14700,0.0,0.58,2.1
2021-04-15,4.1,-2.1,8.5,10325,0.0,0.53,2.3
2021-04-16,7.4,4.3,12.6,12778,0.0,0.82,2.4
2021-04-17,8.7,5.4,13.2,9593,0.3,0.88,2.1
2021-04-18,7.3,3.2,10.7,8197,4.6,0.76,1.6
2021-04-19,7.7,2.8,13.5,12267,0.0,0.76,1.7
2021-04-20,9.9,1.5,18.6,22215,0.0,0.75,1.6
2021-04-21,9.6,0.9,17.7,18546,0.0,0.71,2.6
2021-04-22,7.2,3.9,11.2,12188,0.0,0.79,3.6
2021-04-23,8.5,4.3,14.3,17493,0.0,0.84,2.6
2021-04-24,6.8,0.9,12.8,15734,0.0,0.67,2.3
2021-04-25,5.7,-1.9,11.5,15596,0.1,0.56,2.4
2021-04-26,4.8,-3.7,11.0,19793,0.0,0.5,2.1
2021-04-27,7.0,-3.5,13.9,24721,0.0,0.53,2.5
2021-04-28,11.6,3.8,19.4,22480,0.7,0.86,2.2
2021-04-29,10.8,8.0,16.4,14539,2.3,1.06,3.0
2021-04-30,8.2,3.9,11.0,10347,0.0,0.8,1.9
2021-05-01,9.8,3.3,14.7,15895,0.3,0.78,1.7
2021-05-02,8.5,4.8,10.8,9289,1.1,0.84,2.7
2021-05-03,7.2,1.8,13.3,15940,0.0,0.71,2.8
2021-05-04,10.8,6.1,14.9,11696,1.1,0.94,5.1
2021-05-05,8.1,4.4,12.7,15376,1.3,0.83,5.1
2021-05-06,7.3,2.9,12.5,14485,1.8,0.75,3.1
2021-05-07,5.5,2.5,9.6,12136,8.5,0.72,3.0
2021-05-08,9.9,2.2,15.4,21052,0.0,0.74,2.4
2021-05-09,19.8,11.2,27.6,23322,0.0,1.41,3.0
2021-05-10,21.9,15.0,29.9,24746,0.0,1.78,2.6
2021-05-11,17.9,12.6,24.4,18364,12.4,1.49,2.3
2021-05-12,12.6,10.9,13.7,9753,11.2,1.26,2.5
2021-05-13,10.9,10.0,11.5,9806,24.2,1.18,2.2
2021-05-14,10.7,5.4,14.9,11575,1.0,0.89,2.2
2021-05-15,12.5,5.4,18.4,19495,1.0,0.93,2.3
2021-05-16,12.2,6.3,18.1,16728,0.7,0.97,2.4
2021-05-17,12.9,8.8,18.7,21102,0.6,1.13,2.6
2021-05-18,11.6,7.6,15.8,13508,1.9,1.04,2.5
2021-05-19,12.8,9.2,17.7,22092,0.0,1.15,2.2
2021-05-20,12.4,9.0,17.2,18809,0.0,1.14,2.3
2021-05-21,15.3,8.7,20.8,21219,0.3,1.15,3.6
2021-05-22,12.3,8.2,16.1,14197,0.9,1.08,4.2
2021-05-23,11.8,8.3,16.6,15982,0.5,1.09,3.0
2021-05-24,16.0,7.7,22.0,25235,0.6,1.11,2.7
2021-05-25,11.9,8.8,15.6,15697,2.3,1.1,3.7
2021-05-26,12.2,8.6,16.8,16238,0.4,1.11,3.4
2021-05-27,11.5,8.6,15.6,13782,2.8,1.1,3.1
2021-05-28,12.5,7.3,17.5,17691,0.7,1.03,2.1
2021-05-29,11.2,6.2,16.1,18354,0.0,0.94,2.1
2021-05-30,14.6,6.8,21.5,27523,0.0,1.05,2.1
2021-05-31,14.4,3.9,22.2,28817,0.0,0.89,1.8
2021-06-01,17.0,7.3,24.0,22970,0.0,1.1,1.9
2021-06-02,19.3,11.8,26.3,26388,0.7,1.44,2.2
2021-06-03,21.6,14.6,27.4,23664,0.3,1.7,2.0
2021-06-04,21.3,16.1,27.3,21060,0.0,1.86,1.6
2021-06-05,21.4,15.1,28.8,23975,0.0,1.76,1.9
2021-06-06,20.4,14.9,26.4,20234,0.0,1.72,1.9
2021-06-07,20.3,14.1,26.5,28047,0.0,1.65,1.8
2021-06-08,20.6,13.4,27.1,24679,0.0,1.59,1.6
2021-06-09,21.5,13.9,28.2,25957,0.0,1.65,1.4
2021-06-10,21.6,14.7,27.4,24971,0.0,1.7,1.5
2021-06-11,21.5,14.5,27.1,19202,0.1,1.68,1.7
2021-06-12,18.3,12.7,22.2,15316,1.6,1.47,3.2
2021-06-13,15.0,9.8,20.7,19104,0.0,1.22,2.7
2021-06-14,19.0,7.2,27.4,28805,0.0,1.14,1.8
2021-06-15,19.6,14.3,24.1,19376,0.0,1.62,1.7
2021-06-16,22.1,12.5,29.8,27817,0.0,1.55,1.7
2021-06-17,26.5,18.0,34.7,28578,0.0,2.2,2.1
2021-06-18,27.9,20.4,35.9,28834,0.0,2.49,1.8
2021-06-19,27.0,17.4,34.3,26067,0.0,2.11,1.9
2021-06-20,26.5,20.9,33.5,19647,8.5,2.52,2.4
2021-06-21,23.6,19.1,28.6,24681,0.0,2.21,2.7
2021-06-22,17.3,12.1,22.4,16371,0.0,1.42,2.3
2021-06-23,15.3,11.4,20.5,15235,0.9,1.33,1.8
2021-06-24,17.1,11.6,22.0,11203,0.2,1.36,1.6
2021-06-25,18.7,13.1,22.4,12958,0.0,1.5,1.6
2021-06-26,19.8,11.7,26.8,26279,0.0,1.45,1.3
2021-06-27,21.0,11.2,28.5,28528,0.0,1.44,1.6
2021-06-28,24.4,13.9,32.5,21097,0.0,1.72,1.8
2021-06-29,22.1,16.8,26.4,15805,0.7,1.9,1.9
2021-06-30,17.3,16.1,18.8,10767,26.5,1.76,2.6
2021-07-01,15.6,13.9,16.9,10752,3.9,1.53,2.8
2021-07-02,18.5,14.0,23.1,19267,0.0,1.59,2.1
2021-07-03,18.8,12.8,25.3,25014,0.0,1.5,1.5
2021-07-04,21.5,11.2,28.4,27745,0.0,1.43,1.6
2021-07-05,19.9,16.3,25.4,16816,1.2,1.84,2.0
2021-07-06,22.1,17.5,29.1,19294,2.2,2.02,2.7
2021-07-07,19.3,16.4,23.8,17764,1.2,1.83,1.7
2021-07-08,19.2,15.0,22.4,12733,1.4,1.68,1.5
2021-07-09,16.1,14.1,18.4,10581,33.2,1.56,2.3
2021-07-10,19.2,14.7,25.1,22040,0.0,1.68,1.9
2021-07-11,22.4,14.7,28.8,22875,0.0,1.75,1.8
2021-07-12,21.9,15.8,27.8,21837,0.0,1.83,1.8
2021-07-13,23.8,15.9,29.2,21919,8.3,1.85,2.0
2021-07-14,20.2,14.8,23.8,15282,0.0,1.67,2.2
2021-07-15,20.8,13.7,27.9,20214,0.0,1.62,1.7
2021-07-16,22.4,16.7,26.9,17437,3.9,1.91,2.1
2021-07-17,22.8,17.5,29.6,18136,0.0,2.03,2.7
2021-07-18,21.3,14.6,27.2,25645,0.0,1.69,2.6
2021-07-19,17.2,12.8,20.8,11977,0.0,1.46,2.2
2021-07-20,16.9,12.9,21.5,16012,0.0,1.48,1.8
2021-07-21,18.1,12.5,22.3,10656,0.0,1.45,1.7
2021-07-22,19.1,13.4,22.8,12337,0.0,1.53,1.5
2021-07-23,18.5,12.4,25.3,22380,0.0,1.47,1.3
2021-07-24,22.4,10.7,30.8,22070,0.0,1.43,2.0
2021-07-25,24.3,19.9,30.2,18569,0.0,2.32,1.8
2021-07-26,23.9,18.9,30.1,19610,0.0,2.19,1.6
2021-07-27,22.8,18.0,27.8,19910,0.1,2.06,2.0
2021-07-28,20.1,15.8,25.5,16425,2.6,1.8,2.5
2021-07-29,19.6,12.8,24.3,19163,0.0,1.49,3.4
2021-07-30,20.2,12.3,27.1,24685,0.0,1.51,2.5
2021-07-31,19.8,15.3,24.0,15380,0.0,1.72,3.3
2021-08-01,17.6,13.3,23.4,13618,2.0,1.52,2.2
2021-08-02,16.9,9.5,22.1,18265,0.1,1.21,2.4
2021-08-03,16.7,9.5,22.7,13006,0.5,1.22,1.5
2021-08-04,17.9,13.3,23.2,12579,1.8,1.53,1.4
2021-08-05,18.1,13.9,24.9,14432,6.9,1.61,1.7
2021-08-06,18.0,12.5,25.2,16274,9.1,1.49,2.4
2021-08-07,19.1,13.7,24.0,17985,0.9,1.57,2.2
2021-08-08,18.8,14.2,22.8,15758,0.1,1.6,3.1
2021-08-09,17.4,12.6,23.5,15083,0.8,1.48,2.3
2021-08-10,18.3,14.0,24.6,14174,3.5,1.62,2.0
2021-08-11,16.8,11.8,23.4,17516,0.0,1.41,1.5
2021-08-12,20.2,10.4,28.2,22365,0.0,1.37,1.3
2021-08-13,22.9,15.4,29.4,22374,0.0,1.81,2.0
2021-08-14,21.1,14.8,27.4,23198,0.0,1.73,2.1
2021-08-15,19.6,11.4,26.9,21217,0.0,1.42,1.8
2021-08-16,17.8,12.6,24.2,14373,2.8,1.48,3.5
2021-08-17,15.2,13.2,18.9,9194,0.4,1.48,3.8
2021-08-18,16.9,12.5,20.4,10966,0.1,1.42,3.2
2021-08-19,17.7,14.9,21.1,8819,0.4,1.66,2.6
2021-08-20,17.7,13.8,21.5,11262,0.5,1.55,1.7
2021-08-21,19.0,13.0,24.8,18466,0.0,1.53,1.3
2021-08-22,17.5,15.0,21.4,10639,5.8,1.66,2.1
2021-08-23,17.5,12.8,22.8,12023,0.4,1.49,2.5
2021-08-24,16.2,8.6,22.5,20253,0.0,1.17,2.1
2021-08-25,14.5,5.0,22.9,11392,4.0,0.95,2.4
2021-08-26,14.2,12.6,18.3,11079,13.3,1.42,2.8
2021-08-27,14.0,12.2,18.5,9990,4.7,1.38,2.5
2021-08-28,15.1,11.6,20.2,11669,1.6,1.36,2.1
2021-08-29,15.7,14.6,19.5,9266,20.0,1.61,2.2
2021-08-30,15.6,14.0,17.8,7651,6.4,1.55,2.4
2021-08-31,15.8,11.1,21.3,16051,0.0,1.33,2.3
2021-09-01,15.2,10.7,21.5,14413,0.0,1.29,1.8
2021-09-02,14.6,9.6,20.1,12576,0.0,1.21,1.6
2021-09-03,16.1,8.8,24.1,19097,0.0,1.2,1.8
2021-09-04,13.5,9.3,18.3,10977,0.0,1.16,1.5
2021-09-05,14.9,9.4,21.7,14786,0.0,1.21,1.6
2021-09-06,15.5,7.0,23.5,17182,0.0,1.07,1.2
2021-09-07,16.5,10.2,23.6,17562,0.0,1.29,1.1
2021-09-08,17.6,8.6,25.9,18868,0.0,1.2,1.6
2021-09-09,20.0,11.0,27.7,18402,0.0,1.41,1.7
2021-09-10,21.1,15.4,27.7,15275,1.8,1.78,1.6
2021-09-11,19.2,15.1,24.2,10659,6.8,1.71,1.9
2021-09-12,17.2,13.6,21.8,8630,0.7,1.54,1.8
2021-09-13,15.2,10.3,20.5,11145,0.0,1.26,1.5
2021-09-14,17.3,11.0,23.8,17111,0.0,1.34,1.5
2021-09-15,18.7,14.8,24.2,7551,3.7,1.67,1.9
2021-09-16,16.9,15.0,19.4,7362,0.1,1.66,2.5
2021-09-17,14.9,12.8,17.4,7272,0.2,1.44,2.0
2021-09-18,14.3,11.6,17.6,6311,1.6,1.33,1.8
2021-09-19,13.4,11.7,15.9,6131,0.0,1.34,2.1
2021-09-20,12.5,10.1,17.1,7097,0.0,1.21,1.5
2021-09-21,12.5,9.0,15.4,7573,0.0,1.13,1.8
2021-09-22,13.9,10.3,18.9,12916,0.0,1.24,1.9
2021-09-23,15.3,10.3,19.7,8777,0.5,1.24,3.5
2021-09-24,15.4,10.7,18.6,7195,0.0,1.27,2.9
2021-09-25,17.3,12.2,20.9,7467,0.0,1.4,1.7
2021-09-26,18.8,12.8,25.7,13804,3.8,1.51,1.6
2021-09-27,17.9,15.9,20.1,5925,1.6,1.75,1.9
2021-09-28,14.8,9.1,18.6,8600,0.1,1.15,1.6
2021-09-29,12.5,8.7,18.6,7167,3.1,1.13,2.7
2021-09-30,11.4,8.6,16.1,9692,0.0,1.11,3.1
2021-10-01,12.7,7.8,19.6,12689,0.0,1.09,2.6
2021-10-02,14.3,9.0,19.3,10737,0.0,1.15,2.5
2021-10-03,18.5,15.3,23.0,5080,0.4,1.71,3.5
2021-10-04,13.3,10.9,16.5,4832,2.2,1.27,2.0
2021-10-05,11.4,10.6,12.0,4755,16.9,1.23,2.2
2021-10-06,12.5,6.3,16.7,11856,0.0,0.96,2.5
2021-10-07,9.8,3.3,17.7,12687,0.0,0.81,1.2
2021-10-08,10.0,4.8,17.2,8973,0.0,0.89,1.8
2021-10-09,8.7,1.2,15.9,12372,0.0,0.7,2.0
2021-10-10,6.7,-0.1,14.9,11503,0.0,0.64,1.4
2021-10-11,8.9,4.4,14.7,6654,4.1,0.84,2.1
2021-10-12,8.4,2.9,12.9,9501,0.5,0.76,2.5
2021-10-13,6.8,2.2,11.8,7762,1.7,0.71,1.9
2021-10-14,11.1,8.7,13.5,4314,1.7,1.1,2.6
2021-10-15,10.4,5.6,13.7,5816,2.1,0.9,2.8
2021-10-16,8.5,4.9,12.0,5948,0.0,0.85,1.7
2021-10-17,9.3,5.5,12.4,4096,0.6,0.89,1.6
2021-10-18,11.2,7.4,16.3,7144,0.0,1.02,1.8
2021-10-19,12.8,8.6,17.1,4815,0.0,1.1,2.6
2021-10-20,16.1,13.5,19.2,3956,0.1,1.51,3.8
2021-10-21,12.5,6.1,17.1,4447,2.8,0.95,5.4
2021-10-22,7.4,5.4,10.8,3680,3.6,0.88,4.3
2021-10-23,7.3,4.5,11.8,5941,0.0,0.82,2.3
2021-10-24,7.2,1.4,13.3,9503,0.0,0.69,2.0
2021-10-25,6.2,-0.8,12.3,7229,0.0,0.6,1.9
2021-10-26,11.1,7.0,14.9,4281,0.1,0.98,2.4
2021-10-27,12.4,9.4,15.1,3229,0.0,1.14,2.6
2021-10-28,10.7,5.1,17.9,8975,0.0,0.91,2.1
2021-10-29,9.3,3.6,17.2,8273,0.0,0.83,2.3
2021-10-30,10.4,4.9,14.9,7272,0.0,0.87,2.4
2021-10-31,13.8,10.9,18.5,5858,0.0,1.29,2.7
2021-11-01,10.8,8.8,12.7,2941,0.3,1.09,2.6
2021-11-02,8.8,4.9,13.0,5741,0.0,0.86,1.7
2021-11-03,7.0,2.6,12.6,3613,0.0,0.74,1.6
2021-11-04,7.2,5.8,8.4,2781,35.8,0.89,2.9
2021-11-05,8.0,6.5,9.7,2905,0.1,0.93,2.5
2021-11-06,8.7,6.5,10.9,3431,0.0,0.94,3.0
2021-11-07,8.3,6.5,9.9,3430,5.5,0.93,4.0
2021-11-08,8.5,7.0,10.9,4163,0.7,0.97,2.2
2021-11-09,8.1,4.2,12.2,4432,0.0,0.82,2.0
2021-11-10,4.1,-0.8,10.3,6128,0.0,0.59,1.5
2021-11-11,3.7,-1.1,7.2,2554,0.2,0.56,1.4
2021-11-12,6.2,3.3,9.0,3693,0.0,0.75,1.9
2021-11-13,6.2,3.4,10.0,3104,0.0,0.76,1.8
2021-11-14,6.6,5.5,7.7,2317,0.0,0.87,2.0
2021-11-15,5.7,5.2,6.3,2277,0.0,0.85,2.3
2021-11-16,5.4,4.3,6.4,2238,0.0,0.8,1.4
2021-11-17,5.5,4.0,7.3,2200,0.1,0.78,2.4
2021-11-18,8.1,5.0,10.1,2214,0.7,0.84,3.2
2021-11-19,11.4,9.7,12.7,2128,0.0,1.16,3.4
2021-11-20,10.8,9.3,11.6,2093,0.0,1.13,2.8
2021-11-21,7.3,2.3,9.4,2060,0.4,0.71,2.3
2021-11-22,3.0,-0.8,6.3,5111,0.1,0.57,2.2
2021-11-23,5.0,0.5,7.3,1997,0.2,0.62,2.2
2021-11-24,6.5,5.2,8.1,2014,0.1,0.85,1.9
2021-11-25,4.8,3.9,5.5,2125,0.0,0.78,2.1
2021-11-26,4.3,1.7,6.4,2095,0.1,0.67,2.7
2021-11-27,2.3,0.6,3.7,1884,1.8,0.62,2.3
2021-11-28,1.5,-1.4,4.5,4086,0.2,0.54,1.4
2021-11-29,2.2,0.9,3.1,1834,0.6,0.63,2.4
2021-11-30,3.8,0.9,7.0,1811,3.7,0.64,5.1
2021-12-01,6.3,1.8,8.8,1789,1.5,0.69,5.2
2021-12-02,1.9,-2.9,5.6,4760,0.0,0.49,3.4
2021-12-03,0.7,-2.5,2.7,3233,0.1,0.49,3.7
2021-12-04,2.0,0.3,3.4,1730,2.3,0.6,2.7
2021-12-05,1.2,0.2,2.2,1712,0.6,0.59,2.2
2021-12-06,-0.3,-2.7,1.7,2338,0.0,0.48,2.0
2021-12-07,-0.5,-1.8,0.4,1808,0.0,0.51,2.9
2021-12-08,0.1,-0.4,0.9,1666,0.0,0.57,2.9
2021-12-09,-0.5,-0.9,0.2,1653,0.8,0.55,2.0
2021-12-10,0.2,-0.7,1.7,1641,0.0,0.56,1.9
2021-12-11,-0.2,-1.1,1.0,1714,0.0,0.54,2.0
2021-12-12,2.0,-1.1,5.3,1621,1.9,0.55,2.5
2021-12-13,7.5,5.2,9.8,1612,0.7,0.86,1.8
2021-12-14,7.5,6.8,8.1,1605,0.3,0.95,1.9
2021-12-15,8.4,7.3,9.6,1598,0.0,0.99,2.1
2021-12-16,6.7,1.8,9.4,2127,0.0,0.68,1.9
2021-12-17,5.4,1.7,6.7,1589,0.1,0.67,2.0
2021-12-18,6.5,5.3,8.1,1585,0.2,0.86,2.3
2021-12-19,6.3,1.0,7.8,1583,0.3,0.64,3.4
2021-12-20,0.4,-2.5,3.1,3914,0.0,0.5,1.8
2021-12-21,-0.3,-1.8,1.5,1664,0.0,0.52,1.3
2021-12-22,-2.1,-5.0,1.7,3958,0.0,0.41,1.7
2021-12-23,-0.7,-4.1,2.5,1586,10.5,0.44,2.4
2021-12-24,2.5,-3.7,6.4,1590,9.2,0.47,3.2
2021-12-25,-6.5,-11.2,-1.8,4184,0.0,0.26,2.0
2021-12-26,-7.5,-11.7,-2.0,4196,0.0,0.25,2.0
2021-12-27,-2.2,-6.6,0.4,1648,0.0,0.37,2.5
2021-12-28,1.1,-1.8,5.0,1656,2.8,0.53,3.2
2021-12-29,4.7,2.3,5.9,1623,0.3,0.69,2.5
2021-12-30,9.6,5.6,12.4,1634,2.4,0.89,3.5
2021-12-31,12.6,11.5,14.0,1645,1.7,1.32,3.8
2022-01-01,12.0,9.4,13.2,1657,0.0,1.15,2.6
2022-01-02,10.4,8.9,12.0,1713,2.3,1.11,3.4
2022-01-03,8.8,5.7,11.0,2154,0.2,0.89,4.4
2022-01-04,6.2,2.8,7.2,1701,0.7,0.72,3.0
2022-01-05,3.7,2.5,4.6,2798,0.7,0.7,4.3
2022-01-06,1.2,-0.7,4.5,4650,0.0,0.56,2.5
2022-01-07,1.2,-0.8,2.5,1798,2.0,0.56,3.2
2022-01-08,1.5,0.4,3.3,2128,0.0,0.6,3.2
2022-01-09,2.3,0.2,4.2,1796,1.5,0.6,3.2
2022-01-10,3.5,1.5,4.8,1818,0.0,0.65,1.4
2022-01-11,-0.7,-1.8,1.5,1842,0.0,0.52,1.7
2022-01-12,1.9,-1.0,3.9,1866,0.1,0.55,1.8
2022-01-13,4.0,3.0,4.9,1892,0.0,0.73,2.8
2022-01-14,5.2,1.2,7.1,1919,0.0,0.65,2.6
2022-01-15,1.4,-1.9,4.1,2229,0.0,0.52,1.6
2022-01-16,2.0,-1.8,6.0,1977,0.1,0.53,3.1
2022-01-17,4.2,-0.8,6.4,2007,4.7,0.57,4.5
2022-01-18,3.5,-1.1,5.7,2039,0.0,0.55,2.0
2022-01-19,3.6,1.1,5.2,2904,1.3,0.64,3.4
2022-01-20,1.4,-1.2,3.7,4530,0.0,0.54,4.6
2022-01-21,0.4,-3.6,4.6,5643,1.2,0.47,3.3
2022-01-22,4.4,2.8,5.4,2177,0.9,0.72,2.8
2022-01-23,5.6,4.6,6.8,2214,0.9,0.82,1.8
2022-01-24,5.0,4.5,5.9,2253,0.3,0.81,1.6
2022-01-25,3.8,3.1,4.9,2397,0.1,0.73,1.8
2022-01-26,2.4,1.6,3.5,2333,0.0,0.66,2.9
2022-01-27,4.4,2.7,6.7,2375,1.3,0.72,4.8
2022-01-28,4.4,1.8,6.5,4534,1.8,0.67,4.1
2022-01-29,6.3,3.1,10.1,2463,2.6,0.75,5.5
2022-01-30,5.6,3.5,6.9,2675,0.0,0.76,5.7
2022-01-31,1.9,0.0,3.6,2555,0.9,0.59,3.4
2022-02-01,3.3,0.3,6.5,2603,3.7,0.61,4.8
2022-02-02,4.9,0.1,6.9,3055,0.0,0.6,4.5
2022-02-03,4.7,0.3,7.2,2701,3.0,0.61,2.5
2022-02-04,6.2,3.1,8.3,2752,0.6,0.74,3.9
2022-02-05,4.3,1.9,6.3,4119,0.7,0.68,4.5
2022-02-06,5.7,1.8,8.5,2858,5.6,0.69,5.8
2022-02-07,3.6,1.4,7.1,5484,0.3,0.66,4.8
2022-02-08,6.3,1.3,9.4,2967,0.3,0.67,4.0
2022-02-09,8.9,7.9,9.9,3024,0.0,1.03,3.1
2022-02-10,7.1,4.2,9.8,3208,1.1,0.8,2.6
2022-02-11,3.2,-1.2,4.8,3847,1.4,0.55,3.0
2022-02-12,0.9,-3.0,5.3,8668,0.0,0.48,2.3
2022-02-13,4.1,-0.2,8.1,8664,0.0,0.6,3.1
2022-02-14,8.8,4.9,13.6,7524,0.0,0.86,3.4
2022-02-15,7.1,4.8,10.2,3924,0.5,0.84,3.3
2022-02-16,8.0,5.1,12.9,3447,5.7,0.86,5.3
2022-02-17,8.3,5.2,12.9,5240,0.2,0.88,7.5
2022-02-18,6.7,3.4,11.9,3647,1.5,0.77,5.2
2022-02-19,5.6,3.4,7.5,4564,2.9,0.75,6.2
2022-02-20,5.7,2.1,9.6,3997,7.6,0.7,5.4
2022-02-21,5.6,3.2,10.8,4286,2.3,0.75,6.4
2022-02-22,5.7,2.9,7.9,5680,0.9,0.73,4.6
2022-02-23,6.2,2.5,10.0,9106,0.0,0.72,3.5
2022-02-24,6.3,2.3,10.3,4213,0.4,0.71,3.9
2022-02-25,3.9,1.5,6.7,6182,0.5,0.66,4.2
2022-02-26,3.8,-1.6,8.4,6968,0.0,0.55,2.0
2022-02-27,1.3,-3.9,8.0,11645,0.0,0.47,2.4
2022-02-28,0.9,-1.7,6.7,8901,0.0,0.53,2.2
2022-03-01,1.4,-3.0,8.0,11797,0.0,0.5,2.0
2022-03-02,1.2,-3.4,9.7,9550,0.0,0.5,1.3
2022-03-03,-1.3,-5.6,9.2,5716,0.0,0.43,1.7
2022-03-04,1.9,-0.7,6.5,4660,0.0,0.57,1.9
2022-03-05,0.7,-5.0,7.1,9528,0.0,0.44,1.9
2022-03-06,0.4,-1.2,4.7,5233,0.0,0.54,2.0
2022-03-07,2.4,-2.2,6.6,13323,0.0,0.52,2.0
2022-03-08,2.0,-4.9,9.8,13656,0.0,0.45,1.9
2022-03-09,3.3,-4.6,11.8,13907,0.0,0.47,1.5
2022-03-10,4.3,-3.0,14.9,14073,0.0,0.55,2.6
2022-03-11,3.5,-2.0,11.9,14327,0.0,0.56,4.0
2022-03-12,5.3,-0.6,13.7,14494,0.0,0.61,3.0
2022-03-13,6.4,-2.2,15.5,14750,0.0,0.58,2.7
2022-03-14,6.6,0.2,11.8,11044,1.3,0.63,2.3
2022-03-15,7.9,3.1,10.4,8995,0.0,0.75,1.5
2022-03-16,7.0,-0.3,13.7,13143,0.0,0.63,2.3
2022-03-17,7.5,4.2,10.4,5613,0.0,0.8,2.5
2022-03-18,6.8,0.0,13.5,14932,0.0,0.64,2.5
2022-03-19,6.6,0.1,11.3,14434,0.0,0.63,3.5
2022-03-20,7.4,1.5,12.6,16297,0.0,0.7,3.7
2022-03-21,6.7,0.5,16.2,16369,0.0,0.68,2.2
2022-03-22,7.0,-2.2,18.1,16728,0.0,0.6,1.6
2022-03-23,7.4,-3.3,17.0,16798,0.0,0.56,1.3
2022-03-24,6.3,-2.4,17.1,17062,0.0,0.58,1.2
2022-03-25,7.2,-2.7,16.1,16734,0.0,0.56,1.7
2022-03-26,9.2,2.4,16.4,10831,0.0,0.76,2.4
2022-03-27,7.6,-0.1,13.3,16354,0.0,0.63,1.6
2022-03-28,9.1,2.7,12.4,17820,0.0,0.74,2.2
2022-03-29,7.2,1.3,11.5,10973,0.0,0.68,2.2
2022-03-30,4.7,-2.4,6.4,10677,0.0,0.51,1.9
2022-03-31,4.4,0.5,5.0,10889,0.0,0.61,3.3
2022-04-01,3.3,-1.5,3.9,8200,0.0,0.54,3.9
2022-04-02,2.4,-2.7,6.9,9334,0.0,0.5,3.3
2022-04-03,1.5,-4.1,8.5,13106,0.0,0.47,2.4
2022-04-04,4.0,1.3,8.9,8577,8.2,0.66,5.0
2022-04-05,7.2,5.5,11.5,8561,3.1,0.88,4.0
2022-04-06,10.6,8.0,10.7,7474,0.0,1.04,4.2
2022-04-07,10.0,2.3,11.8,10460,6.7,0.73,5.9
2022-04-08,6.5,1.3,9.6,9476,0.5,0.66,4.2
2022-04-09,5.2,1.3,9.6,14679,0.4,0.66,4.0
2022-04-10,4.5,0.6,10.4,12829,0.7,0.65,3.2
2022-04-11,6.3,-1.2,14.2,19091,0.0,0.6,2.0
2022-04-12,10.3,5.9,21.8,20113,0.0,0.99,2.5
2022-04-13,13.5,10.4,20.4,16255,0.0,1.26,1.9
2022-04-14,11.4,5.6,18.7,9121,2.5,0.94,2.1
2022-04-15,7.9,3.1,10.7,7970,0.1,0.75,2.6
2022-04-16,7.2,2.6,14.3,21001,0.0,0.76,2.7
2022-04-17,6.7,1.4,17.7,22041,0.0,0.73,2.0
2022-04-18,8.9,5.0,19.5,21836,0.0,0.91,1.7
2022-04-19,9.2,1.8,17.3,20143,0.0,0.75,2.4
2022-04-20,9.1,2.4,16.8,10982,0.0,0.77,2.4
2022-04-21,9.3,2.9,17.0,8534,0.6,0.79,2.5
2022-04-22,10.3,5.6,17.7,10108,0.0,0.92,3.3
2022-04-23,11.9,7.6,18.3,21320,0.0,1.05,3.4
2022-04-24,11.2,5.1,16.8,16200,1.7,0.89,3.3
2022-04-25,9.4,5.4,11.6,14778,0.0,0.87,2.2
2022-04-26,11.1,1.7,14.7,21317,0.0,0.72,1.8
2022-04-27,11.0,0.1,15.0,21192,0.0,0.65,1.7
2022-04-28,9.6,-0.1,15.3,22008,0.0,0.64,1.8
2022-04-29,11.3,1.4,14.5,20696,0.0,0.7,1.7
2022-04-30,11.9,2.2,13.6,21985,0.0,0.73,2.0
2022-05-01,10.5,6.5,14.6,11131,0.0,0.96,1.6
2022-05-02,12.4,4.3,19.5,22189,0.0,0.88,1.6
2022-05-03,12.1,1.5,16.2,20491,0.0,0.72,1.9
2022-05-04,13.4,5.6,17.3,15059,1.0,0.92,1.5
2022-05-05,13.5,4.1,20.0,21997,0.0,0.88,1.6
2022-05-06,13.5,4.8,22.5,21847,0.0,0.95,1.5
2022-05-07,16.8,8.4,22.7,16854,0.8,1.16,1.7
2022-05-08,14.1,4.5,19.2,24811,0.0,0.89,2.1
2022-05-09,14.4,2.4,24.9,25995,0.0,0.85,1.7
2022-05-10,20.0,13.4,25.9,21458,0.2,1.56,2.1
2022-05-11,20.7,12.9,24.7,16900,3.4,1.52,2.9
2022-05-12,15.8,9.0,21.1,20024,0.0,1.17,3.2
2022-05-13,14.2,9.2,19.7,15441,0.0,1.18,2.8
2022-05-14,15.3,8.0,22.8,19920,0.0,1.14,2.3
2022-05-15,14.4,5.1,25.2,26502,0.0,1.0,1.6
2022-05-16,18.7,13.2,27.4,22884,5.9,1.58,2.2
2022-05-17,16.4,13.1,23.6,11114,1.2,1.53,1.8
2022-05-18,19.1,15.3,30.7,25982,0.0,1.82,2.1
2022-05-19,21.9,12.7,28.7,23700,0.0,1.57,2.2
2022-05-20,19.6,11.2,22.8,20542,7.0,1.35,2.4
2022-05-21,14.9,7.6,20.0,17127,0.3,1.07,3.7
2022-05-22,13.7,6.8,21.6,22888,0.0,1.03,1.6
2022-05-23,17.6,12.7,27.0,22694,0.8,1.54,2.9
2022-05-24,17.1,9.1,17.7,18640,0.0,1.15,2.9
2022-05-25,15.5,8.5,20.2,21925,0.0,1.13,2.4
2022-05-26,17.1,13.5,20.7,14367,2.9,1.52,3.6
2022-05-27,14.6,9.7,18.0,19398,1.0,1.19,4.1
2022-05-28,11.6,8.3,16.1,15692,0.3,1.08,3.7
2022-05-29,11.2,8.0,13.5,13229,1.7,1.05,2.2
2022-05-30,11.2,7.2,15.2,13763,0.0,1.0,1.6
2022-05-31,13.9,7.4,19.3,21806,1.4,1.05,1.6
2022-06-01,14.2,9.7,19.2,21842,0.1,1.2,2.1
2022-06-02,13.3,7.9,23.3,25636,0.0,1.12,2.1
2022-06-03,17.6,8.8,26.8,25921,0.0,1.23,1.8
2022-06-04,19.9,11.6,26.5,26832,0.0,1.42,1.9
2022-06-05,21.2,12.8,27.4,26862,0.4,1.54,2.4
2022-06-06,19.8,13.4,23.5,19355,0.1,1.53,2.7
2022-06-07,18.6,12.2,22.9,22896,0.0,1.43,2.4
2022-06-08,19.2,13.2,25.2,16886,0.0,1.54,1.9
2022-06-09,17.9,11.5,24.6,16151,0.0,1.4,2.4
2022-06-10,19.0,11.4,26.3,25474,0.0,1.41,1.8
2022-06-11,20.9,13.4,27.6,16435,0.1,1.6,1.8
2022-06-12,19.9,11.8,26.2,21356,0.0,1.44,2.0
2022-06-13,15.3,10.4,22.3,19733,0.3,1.29,2.7
2022-06-14,14.3,9.0,23.9,25030,0.0,1.21,1.8
2022-06-15,18.2,8.7,28.2,29571,0.0,1.26,1.5
2022-06-16,18.7,9.9,27.2,25803,0.0,1.33,2.2
2022-06-17,19.2,11.5,31.9,24550,0.0,1.52,1.6
2022-06-18,25.7,16.8,32.1,28834,0.0,2.01,2.2
2022-06-19,21.9,13.2,24.4,24556,8.2,1.53,2.7
2022-06-20,14.7,9.5,23.6,14487,5.0,1.23,2.5
2022-06-21,16.9,8.1,26.1,28456,0.0,1.18,2.0
2022-06-22,20.0,9.4,29.8,31221,0.0,1.32,1.6
2022-06-23,23.2,10.5,35.8,31215,0.0,1.54,1.8
2022-06-24,24.5,19.1,27.7,24538,0.0,2.19,2.3
2022-06-25,22.7,17.5,31.5,17108,1.0,2.05,1.6
2022-06-26,25.6,17.5,27.4,18734,0.0,2.01,1.8
2022-06-27,23.1,14.6,25.7,21865,1.0,1.69,2.2
2022-06-28,20.9,13.3,28.2,22479,0.0,1.61,1.9
2022-06-29,20.6,12.5,30.1,16182,0.0,1.57,1.9
2022-06-30,23.4,15.6,33.2,20938,0.0,1.92,1.9
2022-07-01,17.9,13.4,24.4,12007,11.7,1.56,2.5
2022-07-02,20.2,11.8,28.0,29430,0.0,1.47,1.9
2022-07-03,24.1,13.4,27.9,27272,0.0,1.62,2.0
2022-07-04,19.6,11.4,25.8,24486,0.0,1.4,2.2
2022-07-05,18.9,9.3,24.1,25836,0.0,1.23,2.2
2022-07-06,16.9,11.3,23.7,14161,6.1,1.37,2.5
2022-07-07,15.8,14.3,20.6,13510,8.2,1.6,3.1
2022-07-08,17.3,13.1,25.5,15358,0.0,1.55,2.8
2022-07-09,16.3,13.4,24.7,14954,3.9,1.56,2.7
2022-07-10,16.0,12.5,20.2,14923,0.0,1.43,3.1
2022-07-11,16.7,11.9,23.1,28114,0.0,1.41,2.0
2022-07-12,19.4,9.2,29.8,29814,0.0,1.31,1.7
2022-07-13,23.4,12.9,32.3,12330,0.0,1.64,2.3
2022-07-14,18.7,9.3,24.4,26105,0.0,1.23,2.6
2022-07-15,16.1,10.4,23.4,15491,0.0,1.3,2.5
2022-07-16,17.3,9.4,24.2,21161,0.6,1.24,2.9
2022-07-17,16.6,7.3,27.6,26321,0.0,1.16,1.8
2022-07-18,21.2,12.9,34.5,26141,0.0,1.67,1.4
2022-07-19,25.8,17.6,40.3,28309,0.0,2.28,1.7
2022-07-20,30.3,19.6,34.4,29110,0.0,2.35,2.3
2022-07-21,23.2,16.2,25.4,16086,11.1,1.83,2.4
2022-07-22,19.8,13.2,21.5,13570,2.7,1.51,2.0
2022-07-23,18.7,11.2,24.8,21396,0.2,1.38,2.1
2022-07-24,20.5,15.5,31.7,29319,0.0,1.87,1.6
2022-07-25,25.8,19.3,30.4,22250,1.8,2.27,2.7
2022-07-26,19.3,12.5,22.2,16058,0.5,1.44,2.9
2022-07-27,16.0,8.7,22.3,19055,0.0,1.16,2.4
2022-07-28,17.1,7.1,24.6,25944,0.0,1.09,1.9
2022-07-29,22.2,13.4,24.0,17458,0.0,1.54,2.1
2022-07-30,21.0,11.1,28.4,10826,0.0,1.43,1.9
2022-07-31,21.5,17.4,24.7,19990,0.1,1.96,1.8
2022-08-01,20.4,16.9,24.5,14829,2.2,1.9,2.3
2022-08-02,20.4,12.8,27.8,24427,0.0,1.54,1.5
2022-08-03,25.4,15.5,34.1,24818,0.0,1.92,1.6
2022-08-04,27.9,16.7,37.1,23522,0.0,2.09,1.8
2022-08-05,20.8,14.6,26.4,11553,2.2,1.68,2.4
2022-08-06,16.7,9.5,23.5,21180,0.0,1.25,2.3
2022-08-07,16.8,7.2,26.1,21088,0.0,1.12,1.8
2022-08-08,19.8,9.1,28.1,23137,0.0,1.26,1.7
2022-08-09,21.0,13.6,27.8,19356,0.0,1.61,1.9
2022-08-10,21.4,10.8,28.7,24234,0.0,1.41,2.0
2022-08-11,22.3,11.5,30.7,24124,0.0,1.5,2.0
2022-08-12,22.3,12.4,30.0,22013,0.0,1.56,2.2
2022-08-13,21.9,14.0,27.6,12642,2.1,1.64,1.8
2022-08-14,23.7,16.2,32.0,18873,0.0,1.95,2.0
2022-08-15,23.0,18.1,32.2,17607,4.5,2.13,2.1
2022-08-16,23.2,16.6,30.6,22266,0.0,1.95,1.6
2022-08-17,24.5,14.7,32.9,19256,0.0,1.8,1.5
2022-08-18,23.9,16.4,30.6,12118,16.0,1.94,1.9
2022-08-19,20.3,19.6,21.5,8475,0.3,2.2,2.0
2022-08-20,20.1,17.2,22.6,8860,0.2,1.91,1.9
2022-08-21,19.6,13.1,26.4,19150,0.0,1.56,1.6
2022-08-22,19.3,11.6,26.8,19145,0.0,1.44,1.6
2022-08-23,19.9,11.9,27.6,21961,0.0,1.47,1.8
2022-08-24,20.7,12.3,28.0,20590,0.0,1.51,1.8
2022-08-25,22.6,17.6,28.8,15646,0.5,2.03,2.0
2022-08-26,20.6,17.2,29.3,13641,19.2,1.99,1.9
2022-08-27,19.9,17.4,24.7,8215,7.1,1.96,2.2
2022-08-28,17.7,13.3,23.6,15862,0.0,1.53,2.4
2022-08-29,17.1,11.7,24.1,11682,0.0,1.4,1.8
2022-08-30,17.8,12.7,24.4,14971,0.0,1.49,1.9
2022-08-31,17.8,13.1,23.2,19637,0.0,1.5,2.0
2022-09-01,17.7,12.3,22.6,20143,0.0,1.44,2.0
2022-09-02,16.5,10.2,22.8,14942,0.0,1.27,2.4
2022-09-03,16.8,10.3,23.7,15676,0.0,1.3,2.5
2022-09-04,19.0,13.4,25.1,18419,0.0,1.56,1.9
2022-09-05,19.7,14.1,25.7,19014,0.0,1.62,2.3
2022-09-06,18.5,14.1,24.1,10773,0.1,1.61,2.4
2022-09-07,18.3,12.9,25.1,12758,0.0,1.52,1.9
2022-09-08,16.1,13.6,18.0,7038,10.0,1.5,2.3
2022-09-09,17.2,13.0,23.2,12834,3.4,1.5,2.2
2022-09-10,16.4,11.6,22.7,12816,0.4,1.38,2.0
2022-09-11,15.4,10.5,20.4,10252,0.0,1.26,1.7
2022-09-12,15.4,7.9,21.7,13381,0.6,1.12,1.4
2022-09-13,15.8,11.9,20.1,8033,0.3,1.39,2.1
2022-09-14,14.4,10.7,18.8,7741,0.0,1.28,1.9
2022-09-15,13.9,10.6,18.7,8540,0.2,1.27,2.8
2022-09-16,13.3,9.6,18.5,14141,3.2,1.18,3.4
2022-09-17,12.1,9.7,16.9,9320,5.8,1.19,3.8
2022-09-18,10.4,8.2,15.0,12021,2.5,1.06,3.8
2022-09-19,11.3,8.0,17.8,8436,4.3,1.07,3.0
2022-09-20,10.2,5.3,16.4,8907,0.3,0.91,1.9
2022-09-21,9.9,3.7,17.7,14190,0.0,0.83,1.3
2022-09-22,9.3,2.2,17.9,15729,0.0,0.76,1.3
2022-09-23,11.0,1.8,18.9,12218,0.0,0.76,1.4
2022-09-24,12.6,8.6,16.3,5720,0.4,1.1,1.3
2022-09-25,13.0,9.6,17.7,8655,0.0,1.18,1.5
2022-09-26,13.1,7.3,18.1,9091,0.2,1.04,3.0
2022-09-27,11.2,8.4,13.5,7721,4.3,1.07,2.9
2022-09-28,9.0,7.3,10.9,5840,0.5,0.99,1.9
2022-09-29,10.1,4.1,15.6,10696,0.0,0.83,1.4
2022-09-30,9.9,2.0,17.7,13451,0.0,0.75,1.6
2022-10-01,10.8,8.4,14.6,5673,2.9,1.08,3.5
2022-10-02,12.2,9.1,17.2,9364,2.7,1.14,3.0
2022-10-03,12.6,9.7,16.7,6185,0.1,1.18,2.4
2022-10-04,13.5,10.0,18.1,10218,0.0,1.21,1.9
2022-10-05,14.9,10.1,19.8,11338,0.2,1.24,2.9
2022-10-06,13.9,6.0,18.2,12186,0.0,0.95,2.9
2022-10-07,10.6,3.3,18.3,12687,0.0,0.82,2.0
2022-10-08,10.9,5.9,16.2,7194,1.2,0.93,2.4
2022-10-09,9.9,4.3,16.3,12292,0.0,0.85,2.0
2022-10-10,12.0,6.1,18.9,11107,0.0,0.97,2.2
2022-10-11,9.1,2.2,15.6,10571,0.0,0.75,1.7
2022-10-12,8.2,0.1,16.7,11283,0.0,0.67,1.3
2022-10-13,10.7,3.0,17.2,7608,0.0,0.8,1.6
2022-10-14,13.3,7.9,18.0,6513,0.1,1.06,1.8
2022-10-15,15.5,12.1,19.1,5441,0.0,1.38,2.5
2022-10-16,15.4,9.9,20.6,8174,0.0,1.22,2.2
2022-10-17,18.0,11.0,25.2,9377,1.5,1.38,2.0
2022-10-18,14.2,8.5,17.6,5330,11.9,1.11,1.8
2022-10-19,9.9,3.4,15.0,4815,0.0,0.8,1.8
2022-10-20,8.3,2.7,14.2,9131,1.5,0.76,2.6
2022-10-21,12.7,8.7,17.1,5008,4.9,1.11,2.0
2022-10-22,14.9,11.8,20.1,7420,0.1,1.36,1.9
2022-10-23,14.2,8.9,17.7,5394,4.2,1.14,2.0
2022-10-24,15.8,12.9,20.0,4225,0.0,1.45,3.1
2022-10-25,13.5,8.3,17.2,6226,0.4,1.09,2.4
2022-10-26,12.5,6.2,19.1,7518,0.0,0.98,1.8
2022-10-27,15.3,10.3,20.9,8190,0.0,1.27,1.8
2022-10-28,18.3,11.8,23.9,6459,0.0,1.41,2.1
2022-10-29,16.9,13.5,21.0,5405,0.0,1.51,1.5
2022-10-30,15.2,10.1,22.7,7776,0.0,1.26,1.4
2022-10-31,12.7,10.8,13.9,3308,0.0,1.25,1.4
2022-11-01,12.9,9.1,18.2,4785,0.0,1.15,2.7
2022-11-02,10.4,5.6,15.3,5741,0.0,0.91,3.0
2022-11-03,9.3,5.6,12.7,4573,2.1,0.89,2.6
2022-11-04,9.5,7.9,11.0,2781,1.1,1.02,2.2
2022-11-05,7.7,4.8,12.6,6301,0.0,0.85,2.1
2022-11-06,8.2,5.0,11.9,7076,0.1,0.86,2.9
2022-11-07,11.2,8.1,14.1,4973,0.0,1.05,3.2
2022-11-08,12.6,9.1,16.9,6027,0.0,1.14,2.7
2022-11-09,13.2,11.2,15.8,4432,0.7,1.3,2.9
2022-11-10,11.5,8.4,14.8,5687,0.0,1.07,2.7
2022-11-11,9.4,4.9,13.2,3752,0.0,0.86,2.3
2022-11-12,6.2,0.5,14.7,5686,0.0,0.67,1.3
2022-11-13,6.7,4.0,10.9,3210,0.0,0.79,1.9
2022-11-14,6.9,3.9,11.9,5999,0.0,0.8,2.5
2022-11-15,8.3,2.9,15.0,5865,0.0,0.77,2.1
2022-11-16,5.6,4.7,6.6,2238,1.0,0.82,2.9
2022-11-17,3.9,2.3,5.1,2200,4.7,0.7,4.0
2022-11-18,-0.7,-5.9,2.5,2163,0.5,0.39,3.0
2022-11-19,-2.8,-7.5,1.3,4365,0.0,0.35,2.0
2022-11-20,-1.0,-4.3,0.8,2290,0.3,0.43,2.1
2022-11-21,-1.2,-3.6,2.0,4299,0.0,0.46,2.4
2022-11-22,0.1,-1.7,2.5,2028,0.0,0.52,2.7
2022-11-23,3.7,-0.3,8.2,2759,0.0,0.59,2.4
2022-11-24,2.6,-1.7,6.1,1967,0.3,0.53,2.2
2022-11-25,5.4,-0.3,9.1,3668,3.7,0.6,1.8
2022-11-26,7.1,3.8,8.3,1910,0.0,0.78,1.7
2022-11-27,4.2,1.1,8.7,4453,0.0,0.65,2.2
2022-11-28,3.7,2.4,5.1,1858,0.0,0.7,2.4
2022-11-29,3.7,2.7,4.6,1834,0.7,0.72,1.7
2022-11-30,3.5,0.4,5.1,1811,0.0,0.61,1.8
2022-12-01,0.5,0.0,1.0,1789,5.8,0.58,1.9
2022-12-02,0.1,-0.8,0.7,1768,0.7,0.55,2.4
2022-12-03,-1.0,-1.5,-0.4,1748,0.1,0.52,2.5
2022-12-04,0.5,-0.2,1.7,1730,2.5,0.58,2.5
2022-12-05,2.7,1.8,3.6,1712,1.7,0.67,1.9
2022-12-06,2.0,1.4,3.0,1696,1.3,0.65,1.8
2022-12-07,2.2,0.4,4.1,1680,1.5,0.61,2.5
2022-12-08,1.2,-1.9,3.3,1666,1.1,0.52,1.8
2022-12-09,-1.2,-1.8,0.0,1653,0.0,0.52,1.5
2022-12-10,-2.1,-3.8,-0.4,1934,0.0,0.44,1.5
2022-12-11,-2.9,-3.5,-2.3,1630,0.9,0.45,1.5
2022-12-12,-2.4,-3.9,-1.8,1662,0.0,0.44,1.5
2022-12-13,-5.5,-10.1,-1.4,3641,0.0,0.28,1.8
2022-12-14,-9.3,-14.3,-3.8,2224,0.0,0.21,1.7
2022-12-15,-7.7,-14.2,-1.3,4109,0.0,0.22,1.7
2022-12-16,-7.3,-13.0,-3.9,1675,0.0,0.23,1.4
2022-12-17,-4.7,-9.9,-3.5,1589,0.0,0.28,1.5
2022-12-18,-6.2,-9.9,-4.2,2691,0.0,0.28,2.4
2022-12-19,0.8,-5.1,6.1,1583,3.6,0.43,3.1
2022-12-20,6.7,5.1,8.4,1582,3.2,0.85,2.8
2022-12-21,7.1,5.5,8.5,1583,0.8,0.88,2.4
2022-12-22,7.3,5.8,8.8,1584,5.5,0.89,3.0
2022-12-23,6.3,4.7,7.5,1709,11.4,0.82,2.5
2022-12-24,6.8,4.3,10.1,2164,2.3,0.81,2.7
2022-12-25,5.6,0.6,10.5,2252,8.2,0.64,2.1
2022-12-26,9.1,3.3,10.9,1806,0.5,0.76,3.5
2022-12-27,3.8,2.1,5.8,2268,0.1,0.69,3.3
2022-12-28,6.6,4.0,9.4,1905,0.9,0.79,3.9
2022-12-29,10.1,8.4,12.3,2497,0.6,1.06,4.4
2022-12-30,7.6,4.8,9.9,3556,0.6,0.83,3.8
2022-12-31,14.7,10.1,17.5,1687,0.1,1.21,4.4
2023-01-01,14.2,10.3,16.0,1657,0.0,1.23,3.6
2023-01-02,13.0,8.2,15.4,1670,0.3,1.06,3.1
2023-01-03,5.4,1.7,8.5,3008,0.0,0.68,2.3
2023-01-04,7.7,4.5,11.0,1701,8.1,0.83,4.9
2023-01-05,8.3,3.8,10.3,2582,1.6,0.78,4.3
2023-01-06,7.9,4.9,11.0,1822,0.1,0.85,2.9
2023-01-07,8.7,6.1,11.3,2938,0.0,0.91,2.5
2023-01-08,7.7,6.3,9.0,1774,5.0,0.91,2.7
2023-01-09,6.9,5.0,8.9,2820,0.6,0.85,3.1
2023-01-10,6.0,4.7,7.4,1863,0.1,0.82,3.2
2023-01-11,6.9,5.1,8.7,1842,6.3,0.85,3.7
2023-01-12,8.9,5.4,10.5,1912,1.9,0.87,4.9
2023-01-13,8.9,6.7,10.1,3183,0.2,0.94,4.9
2023-01-14,7.4,6.2,9.7,2292,8.5,0.91,4.3
2023-01-15,6.6,4.3,10.4,2887,0.0,0.82,5.0
2023-01-16,4.9,2.7,9.2,3305,0.0,0.72,3.8
2023-01-17,2.3,-4.0,5.6,2630,0.1,0.46,3.1
2023-01-18,-2.0,-4.4,1.5,2136,0.0,0.43,2.1
2023-01-19,-0.1,-3.1,2.4,4323,0.0,0.47,2.8
2023-01-20,-1.1,-3.2,2.0,3491,0.0,0.47,1.6
2023-01-21,0.6,-1.6,2.8,2141,5.9,0.52,2.7
2023-01-22,1.4,0.8,2.0,2177,0.3,0.62,2.4
2023-01-23,1.8,1.0,2.5,2214,0.0,0.63,2.2
2023-01-24,0.4,-0.3,1.1,2253,0.0,0.57,2.0
2023-01-25,0.0,-1.1,0.8,2293,0.0,0.54,1.8
2023-01-26,-1.3,-2.2,-0.4,2333,0.1,0.5,1.6
2023-01-27,1.6,-0.5,3.2,2375,1.0,0.57,2.3
2023-01-28,0.0,-1.5,1.5,2419,0.0,0.53,1.9
2023-01-29,0.7,-1.0,2.4,2463,0.2,0.55,2.9
2023-01-30,4.2,1.2,6.8,3175,1.7,0.65,5.2
2023-01-31,4.7,3.0,6.5,2555,2.1,0.73,4.7
2023-02-01,4.6,2.7,6.8,3172,4.0,0.72,5.5
2023-02-02,4.4,0.7,7.2,3631,5.2,0.63,4.1
2023-02-03,6.1,2.4,8.7,3110,2.5,0.71,5.6
2023-02-04,1.0,-3.8,4.9,6058,0.0,0.46,2.1
2023-02-05,-2.6,-5.8,1.6,3641,0.0,0.39,1.7
2023-02-06,-1.3,-5.9,2.0,2858,0.0,0.39,1.7
2023-02-07,-3.2,-8.1,2.5,8118,0.0,0.34,1.6
2023-02-08,-2.3,-7.1,3.1,8176,0.0,0.36,2.1
2023-02-09,-0.5,-4.0,3.1,7606,0.0,0.44,2.3
2023-02-10,2.8,-0.5,6.0,3844,0.0,0.58,2.6
2023-02-11,6.0,2.6,7.9,3140,0.0,0.71,3.1
2023-02-12,7.3,5.2,9.9,3264,0.4,0.86,1.7
2023-02-13,6.5,5.4,7.9,3260,0.0,0.86,1.6
2023-02-14,4.9,-0.2,7.9,4589,0.0,0.6,1.4
2023-02-15,1.1,-2.0,8.7,6422,0.0,0.54,1.6
2023-02-16,5.8,-1.6,11.8,7205,0.3,0.57,2.3
2023-02-17,9.5,6.4,13.5,3512,1.8,0.94,5.0
2023-02-18,7.6,5.3,11.0,3577,8.7,0.87,4.5
2023-02-19,4.1,1.8,7.8,8174,0.1,0.68,3.3
2023-02-20,7.2,2.2,10.0,3711,0.1,0.71,4.6
2023-02-21,9.0,7.4,9.9,3779,6.7,0.99,2.8
2023-02-22,7.7,5.4,10.9,4727,0.0,0.87,1.6
2023-02-23,6.2,2.6,9.5,3917,1.0,0.72,1.8
2023-02-24,3.1,1.3,5.9,3988,3.8,0.65,3.3
2023-02-25,1.4,-0.9,3.6,4211,1.6,0.55,3.9
2023-02-26,0.4,-3.3,4.6,7198,0.0,0.47,3.1
2023-02-27,-0.4,-4.8,5.1,7459,0.0,0.43,2.4
2023-02-28,0.3,-4.4,6.2,12113,0.0,0.44,2.0
2023-03-01,-0.1,-6.6,8.1,12510,0.0,0.4,2.0
2023-03-02,-1.4,-4.9,1.1,4426,0.0,0.41,1.9
2023-03-03,1.5,-1.1,5.7,5311,0.0,0.55,2.0
2023-03-04,4.2,0.4,6.3,4578,0.4,0.61,3.1
2023-03-05,2.3,0.3,4.9,6389,2.0,0.6,2.5
2023-03-06,0.8,-1.6,3.2,6151,1.6,0.52,2.3
2023-03-07,1.8,-1.3,4.1,4810,1.3,0.54,4.1
2023-03-08,0.9,-0.8,3.6,6676,3.6,0.56,2.4
2023-03-09,0.8,0.0,2.0,4967,9.5,0.59,2.9
2023-03-10,2.9,-0.1,7.4,5047,13.0,0.6,4.2
2023-03-11,1.0,-0.1,3.7,8807,0.0,0.58,3.3
2023-03-12,2.8,-1.6,7.1,8480,2.0,0.54,2.6
2023-03-13,11.5,6.8,16.5,6716,2.1,0.99,4.4
2023-03-14,8.7,1.1,14.7,6269,7.9,0.69,4.5
2023-03-15,2.6,-0.8,7.2,10086,0.0,0.57,2.8
2023-03-16,4.5,-1.7,10.0,14427,0.0,0.56,2.7
2023-03-17,9.0,3.4,13.9,7926,0.0,0.78,2.7
2023-03-18,12.0,6.0,18.5,12880,1.1,0.97,1.9
2023-03-19,11.0,5.2,16.6,8318,0.7,0.9,1.7
2023-03-20,9.5,6.7,12.4,6334,0.3,0.96,2.4
2023-03-21,9.5,6.6,13.0,5942,0.7,0.95,2.0
2023-03-22,12.4,8.5,17.3,11714,1.5,1.1,3.2
2023-03-23,12.1,9.4,16.9,7469,3.1,1.16,3.5
2023-03-24,12.2,7.7,16.5,8248,1.1,1.04,3.9
2023-03-25,9.6,7.1,13.0,10320,3.5,0.99,4.5
2023-03-26,8.2,4.2,11.4,7152,0.0,0.81,3.2
2023-03-27,3.2,-0.2,6.8,13650,2.5,0.59,3.7
2023-03-28,3.4,-0.5,8.5,14794,0.0,0.59,2.7
2023-03-29,7.4,1.4,11.8,8738,0.2,0.68,2.5
2023-03-30,11.7,7.9,18.1,8836,6.8,1.07,3.5
2023-03-31,10.5,8.2,13.0,9139,3.0,1.06,3.2
2023-04-01,8.1,3.5,13.6,7889,3.2,0.78,4.2
2023-04-02,4.4,0.9,8.8,9230,0.0,0.64,3.5
2023-04-03,2.5,-2.8,6.7,10271,0.0,0.5,2.8
2023-04-04,2.6,-4.0,8.0,16395,0.0,0.47,1.9
2023-04-05,2.8,-4.1,9.2,14938,0.0,0.48,1.3
2023-04-06,5.5,-3.3,13.0,20412,0.0,0.52,1.9
2023-04-07,4.7,-1.7,9.4,10244,1.7,0.55,2.2
2023-04-08,7.3,3.7,12.0,9800,0.0,0.79,2.0
2023-04-09,6.8,0.8,14.6,16528,0.0,0.68,1.7
2023-04-10,11.0,1.6,17.8,18843,1.9,0.74,2.8
2023-04-11,8.6,1.7,12.6,11287,1.1,0.7,3.4
2023-04-12,8.0,0.0,14.1,13483,3.1,0.64,3.0
2023-04-13,8.1,4.0,12.9,10925,0.0,0.81,2.8
2023-04-14,6.8,3.9,9.5,7893,9.1,0.79,1.9
2023-04-15,9.2,6.6,11.0,7970,7.7,0.95,2.6
2023-04-16,9.1,7.7,11.1,8047,1.4,1.02,2.2
2023-04-17,8.6,5.3,13.5,14233,1.6,0.88,2.5
2023-04-18,9.2,5.1,13.5,10698,0.0,0.87,3.2
2023-04-19,7.6,3.1,13.4,16833,6.9,0.77,3.4
2023-04-20,9.2,5.5,14.2,13274,0.4,0.9,3.0
2023-04-21,14.6,7.5,21.1,22574,0.0,1.08,3.0
2023-04-22,16.3,8.8,22.8,22355,0.8,1.17,2.5
2023-04-23,14.7,11.7,19.0,15521,2.0,1.36,2.3
2023-04-24,12.1,7.6,16.7,12824,0.3,1.05,3.6
2023-04-25,7.5,2.1,10.6,11040,0.1,0.71,3.2
2023-04-26,5.7,1.1,10.4,13228,0.0,0.66,2.5
2023-04-27,6.9,2.7,12.0,14605,0.0,0.74,1.7
2023-04-28,9.8,2.9,15.0,11977,2.3,0.77,2.2
2023-04-29,11.3,6.5,15.3,9330,0.0,0.96,2.6
2023-04-30,8.0,1.6,14.7,25191,0.0,0.71,2.1
2023-05-01,11.5,0.4,20.3,21850,0.0,0.72,1.8
2023-05-02,10.3,6.3,13.3,13828,0.0,0.94,2.6
2023-05-03,8.5,1.8,15.2,23605,0.0,0.73,1.8
2023-05-04,11.2,0.4,19.9,22384,0.0,0.71,2.1
2023-05-05,15.4,8.5,22.9,19349,5.5,1.17,2.8
2023-05-06,9.5,8.7,10.6,9416,0.0,1.08,2.2
2023-05-07,11.1,7.5,16.8,15040,0.0,1.03,2.7
2023-05-08,12.7,5.1,19.8,26145,0.0,0.92,2.5
2023-05-09,14.4,7.8,20.7,25874,0.0,1.08,2.8
2023-05-10,15.2,10.3,21.8,18413,0.0,1.28,2.3
2023-05-11,17.8,10.7,23.9,21293,0.0,1.32,1.8
2023-05-12,18.4,13.6,23.7,24548,0.0,1.57,2.3
2023-05-13,17.1,8.6,23.2,21443,0.0,1.17,2.2
2023-05-14,14.9,6.1,22.4,21147,0.0,1.0,1.7
2023-05-15,14.3,4.8,21.7,16668,0.5,0.93,2.2
2023-05-16,11.5,5.4,16.5,16728,0.0,0.92,3.3
2023-05-17,10.1,4.7,16.1,25542,0.0,0.87,2.9
2023-05-18,10.9,1.6,17.1,22647,0.0,0.74,2.1
2023-05-19,14.3,8.4,19.9,18506,0.0,1.11,2.5
2023-05-20,15.0,10.0,20.7,18189,0.0,1.23,3.1
2023-05-21,20.7,13.8,28.0,19979,0.8,1.63,2.6
2023-05-22,21.3,13.0,27.6,23881,0.4,1.56,2.1
2023-05-23,14.0,9.8,17.2,10264,4.0,1.19,3.2
2023-05-24,10.7,6.3,15.5,12543,0.0,0.95,2.3
2023-05-25,11.7,4.3,18.9,20181,0.0,0.87,2.4
2023-05-26,12.8,4.5,19.9,28082,0.0,0.9,2.5
2023-05-27,13.2,3.0,21.8,28258,0.0,0.84,2.0
2023-05-28,16.8,4.9,24.7,28182,0.0,0.97,1.9
2023-05-29,16.0,6.1,21.9,24229,0.0,1.0,2.6
2023-05-30,15.6,4.8,23.1,28149,0.0,0.94,2.4
2023-05-31,17.5,6.1,25.7,28692,0.0,1.06,2.4
2023-06-01,15.1,8.9,22.0,24849,0.0,1.17,2.7
2023-06-02,13.7,7.1,20.7,18993,0.0,1.05,2.5
2023-06-03,13.9,2.9,21.7,27175,0.0,0.84,2.3
2023-06-04,15.1,3.3,24.2,28588,0.0,0.89,1.9
2023-06-05,18.2,5.6,26.5,27490,0.0,1.05,2.0
2023-06-06,18.9,12.1,24.2,15587,0.1,1.44,1.9
2023-06-07,21.3,15.1,29.0,19378,0.0,1.77,1.7
2023-06-08,21.7,14.3,30.4,22039,1.5,1.73,1.9
2023-06-09,21.8,14.1,29.1,27089,0.0,1.69,2.3
2023-06-10,20.8,12.6,28.4,25348,3.2,1.55,2.7
2023-06-11,22.2,13.4,29.0,28385,0.0,1.61,2.7
2023-06-12,21.6,13.8,27.1,28150,0.0,1.63,2.6
2023-06-13,19.1,11.6,25.2,27157,0.0,1.42,2.8
2023-06-14,18.8,10.1,25.0,21758,0.0,1.3,2.4
2023-06-15,17.7,9.3,24.4,18872,0.3,1.23,1.8
2023-06-16,15.3,12.3,20.6,13341,7.8,1.41,1.9
2023-06-17,17.0,10.2,23.8,20522,0.6,1.28,1.6
2023-06-18,20.3,10.3,28.1,28205,0.0,1.36,1.4
2023-06-19,23.4,18.5,30.5,15493,0.0,2.18,2.0
2023-06-20,21.3,17.9,26.3,18011,13.0,2.02,1.8
2023-06-21,23.0,17.2,28.3,21786,0.0,1.98,2.1
2023-06-22,23.3,16.3,29.6,20021,27.6,1.89,2.3
2023-06-23,17.1,15.3,18.3,10831,42.0,1.67,2.9
2023-06-24,19.2,13.6,25.9,27306,0.0,1.59,1.7
2023-06-25,22.1,15.0,27.8,15473,0.0,1.74,1.4
2023-06-26,22.6,15.8,31.8,22380,10.6,1.88,2.8
2023-06-27,16.5,12.7,21.6,22745,6.8,1.46,2.8
2023-06-28,17.5,11.7,23.6,23359,0.0,1.39,2.0
2023-06-29,20.0,11.9,26.8,13293,0.9,1.45,1.5
2023-06-30,17.9,14.7,20.0,11143,2.9,1.62,1.8
2023-07-01,18.9,14.1,25.0,18158,1.6,1.62,3.0
2023-07-02,18.1,13.2,23.0,19393,0.3,1.51,3.8
2023-07-03,18.0,13.7,21.8,15734,0.0,1.55,3.4
2023-07-04,18.2,11.8,22.8,20475,0.0,1.39,2.9
2023-07-05,18.9,13.5,24.8,19948,0.1,1.57,3.7
2023-07-06,18.1,10.6,24.4,23426,0.0,1.32,2.0
2023-07-07,20.5,8.7,28.9,29275,0.0,1.25,1.5
2023-07-08,23.3,11.3,31.7,29237,0.0,1.5,1.8
2023-07-09,25.3,14.7,32.8,28323,0.9,1.79,1.6
2023-07-10,22.5,14.8,27.2,20167,0.0,1.72,2.2
2023-07-11,23.7,11.9,31.3,28863,0.0,1.55,2.0
2023-07-12,23.2,14.7,27.9,24703,0.0,1.71,3.0
2023-07-13,19.1,12.3,25.8,21172,0.0,1.47,2.5
2023-07-14,20.5,11.4,27.6,24861,0.0,1.44,1.7
2023-07-15,25.5,17.6,36.2,21705,1.9,2.17,2.5
2023-07-16,22.9,14.8,28.6,24886,0.1,1.74,3.1
2023-07-17,20.5,12.8,27.0,24089,0.7,1.54,2.8
2023-07-18,18.4,11.3,25.7,26265,0.0,1.39,1.9
2023-07-19,18.9,10.7,26.5,17050,3.0,1.35,2.1
2023-07-20,16.9,9.4,22.4,17371,0.0,1.21,2.2
2023-07-21,15.0,8.0,22.6,11643,0.5,1.13,1.8
2023-07-22,17.8,12.2,23.2,20471,0.2,1.43,2.4
2023-07-23,19.8,14.1,27.4,13028,0.1,1.66,3.1
2023-07-24,20.9,15.3,27.5,17524,12.8,1.76,2.8
2023-07-25,17.0,12.6,21.1,14889,0.0,1.45,2.4
2023-07-26,15.1,10.4,20.6,19732,1.5,1.27,2.6
2023-07-27,15.5,10.3,19.1,11108,9.0,1.25,2.4
2023-07-28,19.6,16.5,26.0,12642,5.5,1.86,2.3
2023-07-29,19.5,15.9,24.2,17701,7.1,1.79,2.4
2023-07-30,18.7,14.2,24.2,18971,2.0,1.62,2.9
2023-07-31,17.8,14.5,21.4,10284,3.0,1.62,3.1
2023-08-01,17.9,16.2,22.8,14587,4.6,1.8,3.4
2023-08-02,18.7,15.0,22.4,14641,2.0,1.68,3.2
2023-08-03,19.1,16.4,23.4,14814,2.7,1.83,4.1
2023-08-04,18.4,12.5,23.5,19554,0.0,1.46,2.0
2023-08-05,17.2,11.9,21.5,17431,0.0,1.39,1.7
2023-08-06,16.3,14.1,19.4,9334,4.9,1.56,2.8
2023-08-07,16.1,13.0,20.2,15599,2.9,1.47,4.6
2023-08-08,15.6,11.7,21.0,13735,0.5,1.37,3.8
2023-08-09,14.7,10.0,19.2,17457,1.8,1.23,2.5
2023-08-10,15.4,8.3,22.2,18790,0.0,1.13,1.6
2023-08-11,18.5,10.2,25.8,17398,0.0,1.32,1.4
2023-08-12,21.8,17.3,28.8,11896,1.9,1.99,1.8
2023-08-13,21.1,15.3,26.5,16863,0.0,1.74,1.6
2023-08-14,23.1,14.3,30.5,17588,4.7,1.74,1.5
2023-08-15,23.1,17.5,30.0,18888,17.5,2.03,1.7
2023-08-16,22.3,18.9,27.2,13909,5.2,2.17,1.6
2023-08-17,21.1,17.6,25.7,9657,8.8,1.99,2.0
2023-08-18,23.3,16.7,30.3,22489,0.0,1.96,1.8
2023-08-19,25.4,18.4,33.0,21561,0.0,2.18,1.7
2023-08-20,23.5,17.6,28.7,21324,0.0,2.02,1.5
2023-08-21,21.8,17.5,27.2,18922,0.0,1.99,1.4
2023-08-22,21.2,15.1,27.4,13134,0.0,1.74,1.5
2023-08-23,19.6,14.4,26.1,19816,0.0,1.66,1.5
2023-08-24,21.6,13.7,28.9,18903,0.0,1.64,1.6
2023-08-25,22.1,17.2,27.8,15086,8.2,1.97,2.1
2023-08-26,19.0,11.9,24.0,15201,0.3,1.42,2.2
2023-08-27,16.6,11.2,21.0,8326,0.0,1.34,1.7
2023-08-28,15.9,11.3,20.7,13103,0.0,1.34,1.9
2023-08-29,15.2,13.6,18.6,7729,2.4,1.52,1.6
2023-08-30,16.8,13.1,21.6,11038,0.3,1.49,1.8
2023-08-31,14.1,10.9,19.0,12681,3.8,1.3,2.6
2023-09-01,15.3,9.6,20.7,14630,0.0,1.22,1.9
2023-09-02,16.9,12.4,21.7,9781,0.0,1.43,1.3
2023-09-03,16.5,11.2,21.4,15890,0.0,1.34,1.7
2023-09-04,17.6,10.0,25.7,19907,0.0,1.29,1.7
2023-09-05,20.7,12.9,29.1,19648,0.0,1.57,1.9
2023-09-06,20.1,11.0,29.9,19913,0.0,1.44,1.7
2023-09-07,21.1,10.9,30.1,19546,0.0,1.45,2.1
2023-09-08,21.5,13.2,30.4,19387,0.0,1.64,1.6
2023-09-09,20.8,11.6,31.7,19124,0.0,1.51,1.2
2023-09-10,20.2,10.7,30.7,18758,0.0,1.43,1.1
2023-09-11,21.0,11.7,30.8,18495,0.0,1.51,1.3
2023-09-12,20.6,13.3,28.9,15706,12.1,1.6,1.5
2023-09-13,17.6,13.4,23.3,8836,1.6,1.54,2.3
2023-09-14,13.7,8.4,20.1,15715,0.0,1.12,1.4
2023-09-15,16.1,7.4,23.7,17744,0.0,1.11,1.8
2023-09-16,17.9,11.3,26.4,17383,0.0,1.41,1.5
2023-09-17,19.9,10.6,28.3,15853,0.0,1.38,1.6
2023-09-18,20.8,17.5,25.9,9408,0.1,1.98,2.7
2023-09-19,17.7,15.1,20.2,13430,0.0,1.67,3.8
2023-09-20,19.1,14.9,25.1,13576,0.0,1.71,2.8
2023-09-21,21.2,14.0,28.7,13717,1.0,1.66,2.2
2023-09-22,16.8,12.8,21.7,6353,0.0,1.47,2.5
2023-09-23,14.7,10.9,18.8,9614,0.0,1.29,2.5
2023-09-24,14.5,9.9,20.4,12912,0.0,1.23,1.7
2023-09-25,14.9,8.0,22.7,14323,0.0,1.13,1.8
2023-09-26,15.8,7.7,25.1,14257,0.0,1.14,1.2
2023-09-27,18.7,9.6,27.2,13740,0.0,1.3,1.4
2023-09-28,18.7,11.9,26.3,12874,0.0,1.44,1.6
2023-09-29,18.8,13.4,24.3,5579,0.1,1.56,2.3
2023-09-30,13.8,9.1,19.5,9342,0.0,1.16,2.0
2023-10-01,16.1,11.5,19.6,6193,0.0,1.35,1.8
2023-10-02,19.1,13.9,26.3,10651,0.0,1.63,1.7
2023-10-03,17.3,11.6,23.4,5080,5.2,1.38,3.6
2023-10-04,14.0,11.2,18.0,7357,0.0,1.31,3.0
2023-10-05,13.4,11.5,17.4,6088,1.8,1.32,2.6
2023-10-06,15.5,11.9,18.9,6246,0.3,1.36,3.0
2023-10-07,16.9,11.2,19.5,4602,7.7,1.31,3.4
2023-10-08,12.1,10.2,16.3,8488,4.0,1.21,1.8
2023-10-09,10.7,8.6,13.9,4452,3.0,1.08,1.9
2023-10-10,15.6,13.4,18.0,5090,0.1,1.49,1.8
2023-10-11,19.4,15.8,24.7,9552,3.0,1.79,3.2
2023-10-12,14.6,12.1,19.6,4540,1.6,1.38,2.3
2023-10-13,18.3,12.3,22.7,5231,2.2,1.45,3.3
2023-10-14,13.9,7.7,20.3,8789,0.9,1.08,4.0
2023-10-15,7.9,4.8,11.9,8291,0.1,0.85,3.2
2023-10-16,6.7,2.9,11.9,5651,0.1,0.75,1.9
2023-10-17,6.4,0.1,12.6,4316,0.0,0.63,1.5
2023-10-18,5.8,-1.3,13.1,9610,1.6,0.59,2.3
2023-10-19,6.8,5.7,7.5,3739,4.0,0.88,2.9
2023-10-20,6.4,5.5,7.5,3673,7.7,0.87,4.0
2023-10-21,11.6,7.4,19.0,6409,0.9,1.05,2.7
2023-10-22,12.9,10.3,17.2,7212,0.0,1.22,2.4
2023-10-23,11.2,7.6,16.1,5599,0.9,1.03,1.6
2023-10-24,11.3,9.5,13.2,3414,9.5,1.15,2.0
2023-10-25,10.9,7.4,15.6,7095,11.5,1.02,2.3
2023-10-26,9.9,9.2,10.6,3290,1.0,1.12,2.3
2023-10-27,9.9,9.0,11.2,3229,5.8,1.1,2.3
2023-10-28,10.4,8.7,13.0,3492,3.8,1.09,2.6
2023-10-29,12.7,8.9,15.5,3175,2.4,1.12,3.3
2023-10-30,12.8,10.3,16.2,4628,3.5,1.22,2.5
2023-10-31,11.1,7.4,12.9,3121,0.8,1.01,3.2
2023-11-01,10.7,6.8,14.6,3617,0.0,0.98,2.7
2023-11-02,11.1,7.8,13.2,2887,0.2,1.03,3.7
2023-11-03,9.9,7.3,12.6,5173,0.0,0.99,3.1
2023-11-04,8.9,6.3,12.4,6574,1.7,0.93,3.6
2023-11-05,10.3,7.9,13.3,2788,4.4,1.04,4.0
2023-11-06,10.9,8.5,13.6,4183,0.0,1.08,4.1
2023-11-07,9.3,7.0,12.7,5031,0.4,0.98,3.4
2023-11-08,8.7,6.2,11.6,2921,0.0,0.93,3.5
2023-11-09,9.5,7.0,11.1,2591,0.1,0.96,3.3
2023-11-10,8.5,5.0,11.5,3206,0.0,0.86,3.1
2023-11-11,5.9,3.9,8.2,2445,2.3,0.79,2.6
2023-11-12,6.7,5.2,8.6,2401,0.3,0.85,1.8
2023-11-13,7.1,4.2,10.0,4008,5.7,0.8,3.1
2023-11-14,11.1,9.2,13.0,2633,2.9,1.13,4.7
2023-11-15,7.8,5.2,10.1,4253,2.0,0.86,3.4
2023-11-16,5.7,-0.4,9.3,3729,0.4,0.6,2.7
2023-11-17,3.6,0.4,5.6,2200,0.1,0.61,2.4
2023-11-18,3.8,1.8,7.0,3722,6.8,0.68,2.2
2023-11-19,8.8,4.3,12.7,2277,16.6,0.83,3.8
2023-11-20,9.5,8.2,10.7,2093,21.7,1.04,2.9
2023-11-21,4.6,-0.8,8.4,2060,0.0,0.58,2.2
2023-11-22,-0.2,-2.3,2.4,4244,0.0,0.5,2.3
2023-11-23,7.6,2.0,11.1,1997,5.3,0.7,4.9
2023-11-24,4.2,0.5,8.0,3241,1.4,0.62,4.9
2023-11-25,1.2,-0.3,2.6,1938,2.4,0.57,3.4
2023-11-26,0.2,-1.3,2.1,3346,0.4,0.54,2.2
2023-11-27,1.1,-0.4,2.7,1884,6.5,0.57,2.6
2023-11-28,-1.5,-4.9,0.2,2313,0.4,0.41,2.9
2023-11-29,-1.0,-3.5,1.0,1834,0.5,0.46,2.8
2023-11-30,-2.4,-5.3,1.6,2973,0.0,0.41,1.3
2023-12-01,-3.9,-5.3,-2.8,1789,0.0,0.4,1.6
2023-12-02,-3.5,-5.7,-1.6,1768,0.0,0.39,2.1
2023-12-03,-2.2,-4.8,-0.9,1748,0.0,0.41,2.1
2023-12-04,-2.3,-4.8,-0.6,1730,0.0,0.42,2.6
2023-12-05,-0.7,-1.9,0.6,1712,2.3,0.51,3.1
2023-12-06,0.7,0.5,1.4,1696,0.8,0.61,2.2
2023-12-07,0.9,-1.1,2.9,1680,0.0,0.55,1.6
2023-12-08,0.3,-0.3,1.1,1666,1.8,0.57,2.4
2023-12-09,3.5,1.0,6.4,2242,3.2,0.64,2.9
2023-12-10,6.3,3.3,8.5,1641,7.8,0.75,4.0
2023-12-11,7.9,5.8,9.4,1672,9.9,0.89,3.6
2023-12-12,5.8,3.4,7.7,2909,7.8,0.75,2.0
2023-12-13,4.8,3.6,5.9,1612,1.9,0.76,2.4
2023-12-14,2.8,2.3,3.7,1605,0.1,0.69,2.0
2023-12-15,3.3,-0.3,6.2,1598,0.8,0.59,2.2
2023-12-16,7.4,5.4,8.7,2168,0.0,0.87,2.9
2023-12-17,8.1,5.8,9.8,2655,0.0,0.9,3.1
2023-12-18,5.9,3.9,7.0,1585,0.0,0.78,3.0
2023-12-19,6.4,5.0,7.1,1583,7.5,0.84,3.3
2023-12-20,5.4,4.1,7.0,1623,6.0,0.79,4.2
2023-12-21,7.2,1.3,10.0,1583,14.0,0.66,6.3
2023-12-22,3.3,0.7,4.9,2239,2.7,0.62,6.3
2023-12-23,2.3,1.3,3.5,1586,13.9,0.65,5.0
2023-12-24,8.3,1.4,13.2,1590,7.1,0.69,5.5
2023-12-25,10.4,8.7,12.2,1841,10.0,1.08,5.0
2023-12-26,8.3,4.2,10.3,2506,1.8,0.81,4.6
2023-12-27,3.9,1.2,7.2,2764,0.0,0.65,2.4
2023-12-28,8.5,6.9,10.3,2651,0.0,0.96,4.2
2023-12-29,9.3,7.5,11.4,2040,2.3,1.0,4.8
2023-12-30,6.8,5.0,8.2,1801,0.0,0.84,3.4
2023-12-31,6.7,4.2,9.2,1687,0.2,0.81,3.1
2024-01-01,6.8,4.7,8.7,1952,0.7,0.82,3.7
2024-01-02,5.7,3.1,9.0,1670,12.6,0.75,4.1
2024-01-03,9.6,8.2,10.9,1728,1.0,1.05,5.3
2024-01-04,4.2,0.8,8.6,1701,1.5,0.64,4.0
2024-01-05,0.9,0.0,1.7,1717,2.6,0.59,2.9
2024-01-06,0.4,-1.5,1.7,1735,0.3,0.53,2.6
2024-01-07,-1.4,-4.4,-0.2,1754,0.0,0.43,3.5
2024-01-08,-5.8,-8.1,-3.2,4380,0.0,0.32,3.5
2024-01-09,-7.7,-11.6,-3.9,4511,0.0,0.25,2.3
2024-01-10,-6.8,-10.6,-1.6,4556,0.0,0.27,1.6
2024-01-11,-5.3,-10.6,-0.5,1842,0.1,0.28,1.7
2024-01-12,-0.2,-1.4,1.5,1866,0.2,0.53,2.0
2024-01-13,2.0,0.8,3.3,1892,3.1,0.63,3.4
2024-01-14,2.2,1.1,3.7,2292,0.4,0.63,3.6
2024-01-15,1.1,-0.5,2.3,1947,3.9,0.57,4.3
2024-01-16,-0.1,-3.1,0.9,1977,0.1,0.47,2.6
2024-01-17,-2.5,-4.9,-0.6,2055,0.7,0.41,2.4
2024-01-18,-2.7,-5.8,-0.1,3734,0.0,0.39,2.3
2024-01-19,-0.9,-4.4,1.6,4862,0.0,0.43,3.1
2024-01-20,-0.2,-4.2,2.8,4827,0.0,0.44,3.1
2024-01-21,0.4,-5.0,3.6,2541,0.0,0.42,3.4
2024-01-22,6.7,3.1,9.8,2177,2.0,0.75,5.0
2024-01-23,6.0,3.7,8.0,2470,4.5,0.77,4.6
2024-01-24,9.3,5.4,11.5,3547,2.3,0.88,6.6
2024-01-25,6.5,0.1,8.8,3025,0.0,0.61,3.7
2024-01-26,5.6,0.9,9.9,2333,2.9,0.65,3.9
2024-01-27,4.7,0.2,8.3,4841,0.0,0.62,2.7
2024-01-28,2.4,-2.3,8.4,6215,0.0,0.53,2.0
2024-01-29,4.9,-1.2,11.3,5920,0.0,0.58,2.0
2024-01-30,5.8,-0.7,9.2,3841,0.0,0.58,2.2
2024-01-31,5.6,3.7,8.6,2555,1.0,0.78,2.9
2024-02-01,6.2,3.9,8.4,5163,0.1,0.78,3.7
2024-02-02,6.5,3.8,8.9,2651,0.1,0.78,3.9
2024-02-03,9.6,7.3,10.7,2701,4.3,0.99,4.4
2024-02-04,7.5,5.5,9.7,2752,5.2,0.87,4.8
2024-02-05,10.2,9.4,10.8,2805,0.8,1.14,5.5
2024-02-06,10.1,8.3,11.3,2858,10.8,1.06,5.7
2024-02-07,4.0,-2.1,9.6,3280,0.2,0.54,4.1
2024-02-08,1.0,-2.5,4.9,3029,7.7,0.5,2.3
2024-02-09,5.0,0.6,10.3,3024,5.3,0.64,3.0
2024-02-10,9.9,7.2,13.5,4416,0.2,0.99,2.1
2024-02-11,8.0,6.6,9.2,3140,10.6,0.94,2.9
2024-02-12,7.5,4.4,9.6,3395,0.6,0.81,2.5
2024-02-13,5.2,2.8,8.7,7280,0.0,0.73,2.6
2024-02-14,7.3,3.0,10.7,3321,3.9,0.75,2.7
2024-02-15,11.7,9.3,14.6,3384,0.0,1.13,2.1
2024-02-16,12.4,9.4,16.7,4472,2.3,1.16,2.6
2024-02-17,8.5,1.7,11.3,6830,0.0,0.69,2.4
2024-02-18,6.6,-0.2,12.0,4207,5.1,0.62,2.5
2024-02-19,8.3,6.0,10.2,4068,1.8,0.9,3.7
2024-02-20,8.3,6.8,9.4,3925,1.6,0.95,3.2
2024-02-21,8.9,7.0,11.9,5010,0.1,0.97,3.2
2024-02-22,10.1,7.6,13.0,4727,5.5,1.02,4.1
2024-02-23,7.5,3.1,12.2,5251,0.0,0.76,4.1
2024-02-24,4.9,-1.0,10.6,6162,0.0,0.58,2.5
2024-02-25,5.4,0.0,11.3,7774,0.0,0.62,2.3
2024-02-26,4.8,-1.5,10.2,4438,0.0,0.56,2.1
2024-02-27,3.6,1.0,6.1,4204,0.0,0.64,2.1
2024-02-28,3.3,-1.1,7.6,8979,0.0,0.56,1.7
2024-02-29,4.8,-1.3,11.8,11639,0.0,0.58,2.4
2024-03-01,6.6,2.5,11.2,6748,1.2,0.73,2.1
2024-03-02,9.3,6.5,14.3,8790,0.0,0.96,2.2
2024-03-03,8.9,3.1,14.1,8584,0.0,0.77,2.3
2024-03-04,6.9,0.8,12.8,6307,0.0,0.67,2.0
2024-03-05,5.8,0.3,9.3,6985,0.0,0.62,2.3
2024-03-06,4.1,-2.0,9.1,12396,0.0,0.54,1.9
2024-03-07,5.6,-0.4,9.3,11954,0.0,0.6,2.6
2024-03-08,3.9,-4.0,10.0,13650,0.0,0.48,3.2
2024-03-09,4.9,-0.2,10.5,6609,0.0,0.61,3.0
2024-03-10,7.7,2.4,13.3,9771,0.0,0.73,3.4
2024-03-11,9.6,3.5,14.1,6180,0.0,0.79,2.8
2024-03-12,7.6,0.4,13.8,9573,0.0,0.65,2.0
2024-03-13,8.9,1.6,14.2,13386,0.5,0.7,2.0
2024-03-14,11.6,8.1,16.0,7450,0.0,1.07,2.1
2024-03-15,12.4,5.9,18.3,10484,0.2,0.96,2.9
2024-03-16,9.2,2.6,13.2,8018,1.5,0.74,3.5
2024-03-17,4.9,0.7,10.4,15399,0.0,0.65,1.8
2024-03-18,3.3,-1.5,9.8,13964,0.0,0.56,2.0
2024-03-19,5.0,-1.6,11.3,14873,0.0,0.56,1.7
2024-03-20,10.8,1.7,18.2,12160,0.3,0.75,1.3
2024-03-21,10.0,7.0,14.5,7472,8.5,0.98,2.4
2024-03-22,9.6,6.7,12.4,6108,9.2,0.96,2.6
2024-03-23,5.9,3.3,9.3,9227,4.7,0.76,3.3
2024-03-24,5.3,2.3,9.1,6767,5.5,0.7,4.2
2024-03-25,5.4,-0.5,9.6,7848,0.1,0.6,2.6
2024-03-26,6.9,-1.1,13.3,11147,0.0,0.6,2.6
2024-03-27,10.4,4.3,18.3,13281,0.6,0.87,2.4
2024-03-28,8.8,4.7,13.8,10059,0.7,0.85,3.4
2024-03-29,10.4,6.0,15.3,7301,0.5,0.94,2.8
2024-03-30,14.0,7.4,22.5,10786,0.0,1.09,2.1
2024-03-31,12.9,8.2,18.5,12761,0.0,1.09,1.9
2024-04-01,11.3,7.6,17.6,7247,1.2,1.05,2.9
2024-04-02,11.1,8.2,14.4,12266,0.2,1.06,4.3
2024-04-03,11.0,8.7,13.1,7943,2.0,1.09,2.7
2024-04-04,11.8,8.3,15.9,11112,2.6,1.07,3.6
2024-04-05,14.3,9.6,19.2,8543,0.9,1.2,3.2
2024-04-06,18.0,11.1,24.5,17665,0.0,1.36,2.4
2024-04-07,18.8,11.9,23.4,13153,0.0,1.41,2.4
2024-04-08,18.2,12.0,25.7,15549,0.1,1.46,1.8
2024-04-09,16.3,10.9,25.0,13157,0.0,1.36,3.3
2024-04-10,10.9,5.4,14.9,10297,0.0,0.89,2.6
2024-04-11,12.2,5.2,17.2,13483,0.0,0.91,2.3
2024-04-12,15.5,10.7,20.4,9926,0.0,1.29,2.3
2024-04-13,17.4,12.3,21.4,17379,0.0,1.43,2.5
2024-04-14,14.4,8.0,17.8,14586,0.0,1.07,3.2
2024-04-15,9.9,5.9,15.5,10412,1.7,0.93,3.2
2024-04-16,7.1,1.1,12.3,11743,0.5,0.67,4.0
2024-04-17,6.6,0.8,12.8,15130,0.0,0.67,2.1
2024-04-18,6.5,-1.4,12.5,17289,0.3,0.58,2.2
2024-04-19,6.4,4.9,10.0,9033,14.9,0.84,4.0
2024-04-20,6.0,2.8,10.0,12331,1.2,0.73,2.8
2024-04-21,5.4,0.9,10.7,18196,0.0,0.66,2.5
2024-04-22,3.2,-2.9,8.9,15405,0.0,0.51,2.0
2024-04-23,4.2,-2.7,10.1,16666,0.0,0.52,2.0
2024-04-24,5.4,1.0,10.5,13961,0.4,0.65,2.5
2024-04-25,5.3,0.8,10.1,13579,3.6,0.65,2.3
2024-04-26,9.7,3.2,16.1,18487,0.0,0.79,2.1
2024-04-27,13.5,2.0,21.2,23660,0.0,0.79,2.1
2024-04-28,17.8,10.8,24.5,17381,0.1,1.33,2.7
2024-04-29,15.9,10.6,20.9,17828,0.0,1.27,1.8
2024-04-30,19.5,10.9,28.6,23874,0.0,1.41,2.1
2024-05-01,20.9,13.7,27.3,26608,0.0,1.61,3.0
2024-05-02,20.7,14.2,27.1,23366,0.0,1.67,3.3
2024-05-03,17.7,12.8,22.0,20463,0.1,1.46,2.8
2024-05-04,15.6,11.4,20.7,18747,0.6,1.35,1.6
2024-05-05,14.6,8.6,20.5,18468,1.0,1.15,2.6
2024-05-06,13.4,5.6,20.6,22299,0.0,0.97,1.9
2024-05-07,11.7,9.4,15.3,11109,0.0,1.15,2.1
2024-05-08,12.8,6.3,20.1,18825,0.0,0.99,1.8
2024-05-09,13.5,6.5,20.8,26329,0.0,1.01,1.5
2024-05-10,15.9,8.0,23.4,19218,0.0,1.13,1.6
2024-05-11,15.4,8.8,19.7,18801,0.0,1.15,1.8
2024-05-12,15.9,7.7,22.9,28793,0.0,1.11,2.4
2024-05-13,18.3,9.4,25.5,29001,0.0,1.27,2.4
2024-05-14,19.2,10.1,27.3,28837,0.0,1.34,3.1
2024-05-15,20.9,12.9,27.0,29164,0.0,1.54,3.1
2024-05-16,20.5,14.5,26.5,20979,0.0,1.69,3.3
2024-05-17,20.2,13.0,26.7,20671,0.0,1.55,3.4
2024-05-18,15.4,12.5,20.7,10838,1.1,1.44,2.1
2024-05-19,15.6,11.2,20.0,19180,10.9,1.32,1.8
2024-05-20,16.4,11.0,22.0,17127,1.3,1.33,1.6
2024-05-21,20.2,11.1,27.2,20653,1.3,1.4,2.9
2024-05-22,18.3,15.0,24.1,11632,2.3,1.69,2.7
2024-05-23,18.3,12.8,23.5,22373,0.0,1.49,1.9
2024-05-24,17.6,10.0,25.2,21053,16.9,1.29,1.7
2024-05-25,18.4,14.2,24.1,19230,0.8,1.62,1.6
2024-05-26,20.2,12.7,25.6,27135,0.1,1.5,1.7
2024-05-27,18.9,15.2,23.2,12195,4.1,1.71,1.8
2024-05-28,15.2,10.1,19.4,15979,0.9,1.24,2.2
2024-05-29,16.3,9.7,21.5,15264,0.1,1.22,2.4
2024-05-30,15.5,12.0,19.6,12543,15.4,1.38,1.8
2024-05-31,16.5,13.4,21.2,14326,0.0,1.52,2.2
2024-06-01,19.8,14.7,26.0,17489,0.7,1.69,2.6
2024-06-02,17.9,14.6,21.6,12753,1.0,1.63,2.9
2024-06-03,14.1,12.0,17.2,13154,0.0,1.36,2.3
2024-06-04,15.7,11.6,21.0,15564,0.0,1.37,1.6
2024-06-05,16.1,13.0,20.9,12322,2.6,1.47,2.5
2024-06-06,15.1,8.5,20.7,23147,1.6,1.14,1.9
2024-06-07,15.0,9.1,21.2,22542,0.0,1.18,1.8
2024-06-08,17.9,7.3,25.7,26837,0.0,1.12,2.4
2024-06-09,14.9,8.9,20.6,30127,0.0,1.16,2.5
2024-06-10,13.7,8.4,19.8,18699,1.8,1.13,2.4
2024-06-11,12.9,8.5,18.2,16323,0.0,1.1,3.1
2024-06-12,12.3,7.4,16.7,21746,2.7,1.03,2.3
2024-06-13,13.2,7.9,18.9,19870,0.0,1.07,1.8
2024-06-14,15.0,11.4,18.5,12327,0.3,1.32,2.4
2024-06-15,16.4,9.8,22.8,19131,3.3,1.26,3.2
2024-06-16,18.1,8.2,24.3,24550,0.7,1.16,2.4
2024-06-17,18.8,12.6,25.0,21029,0.2,1.48,1.9
2024-06-18,19.6,12.9,27.4,20025,5.0,1.54,1.6
2024-06-19,15.9,10.5,19.3,13606,1.0,1.26,2.2
2024-06-20,17.2,7.4,24.2,22415,0.0,1.11,1.7
2024-06-21,20.0,14.9,23.8,15113,4.5,1.67,2.1
2024-06-22,19.1,15.3,24.0,16493,1.4,1.72,2.9
2024-06-23,18.6,13.5,23.3,21268,0.0,1.54,1.9
2024-06-24,19.2,10.5,26.5,29812,0.0,1.35,1.7
2024-06-25,22.2,14.6,28.1,30680,0.0,1.72,2.2
2024-06-26,25.1,17.1,32.7,29282,0.0,2.03,1.9
2024-06-27,24.8,18.6,32.7,22479,0.0,2.2,1.8
2024-06-28,22.1,12.3,28.2,25353,0.3,1.52,2.5
2024-06-29,22.9,10.0,31.5,26087,1.5,1.4,1.8
2024-06-30,20.9,17.6,28.0,12007,1.5,2.03,2.8
2024-07-01,16.7,14.3,20.1,13997,4.2,1.59,2.3
2024-07-02,14.7,12.9,17.4,12849,3.4,1.44,2.7
2024-07-03,14.8,12.2,18.5,11826,0.0,1.38,2.2
2024-07-04,15.5,10.8,19.5,15939,0.7,1.28,3.2
2024-07-05,16.6,8.6,22.0,20671,0.0,1.15,2.8
2024-07-06,21.7,14.6,31.7,21893,2.0,1.77,3.2
2024-07-07,18.0,11.1,23.9,27612,0.0,1.35,2.4
2024-07-08,19.7,9.3,27.0,22826,0.0,1.28,1.6
2024-07-09,25.5,17.1,33.0,28407,0.0,2.06,2.0
2024-07-10,24.4,18.8,28.9,18259,4.3,2.18,1.9
2024-07-11,20.9,15.9,26.9,18471,1.4,1.82,1.6
2024-07-12,20.3,16.2,26.0,11957,4.6,1.85,2.3
2024-07-13,17.5,11.6,23.3,19138,0.0,1.39,2.5
2024-07-14,18.8,10.5,25.0,20711,0.3,1.33,1.9
2024-07-15,22.2,12.8,29.4,28362,1.9,1.59,1.8
2024-07-16,21.0,16.2,29.0,17888,3.4,1.87,2.6
2024-07-17,19.2,14.4,24.4,18956,0.0,1.64,2.4
2024-07-18,20.2,12.0,27.3,25835,0.0,1.48,1.4
2024-07-19,22.4,12.8,30.2,21696,0.0,1.59,1.4
2024-07-20,24.8,16.4,31.7,23367,0.0,1.96,1.6
2024-07-21,23.6,17.9,33.2,22073,6.6,2.14,1.8
2024-07-22,19.9,12.1,23.4,14013,0.1,1.44,2.5
2024-07-23,19.0,11.7,28.9,18384,7.7,1.47,2.2
2024-07-24,18.7,14.1,23.5,18815,0.8,1.6,2.5
2024-07-25,17.6,10.2,24.6,26223,0.0,1.3,1.4
2024-07-26,20.2,13.6,25.7,12453,9.1,1.58,1.8
2024-07-27,19.3,16.5,23.6,10567,40.2,1.84,1.3
2024-07-28,18.4,13.6,23.2,19650,0.1,1.56,2.5
2024-07-29,17.8,11.7,24.7,28575,0.0,1.41,1.7
2024-07-30,20.7,9.8,28.8,28241,0.0,1.34,1.4
2024-07-31,22.6,14.0,30.0,21488,0.0,1.69,1.5
2024-08-01,23.0,15.0,28.9,25514,0.0,1.76,1.7
2024-08-02,20.2,18.0,24.5,12886,0.1,2.03,1.8
2024-08-03,20.8,13.6,26.7,25085,1.9,1.59,1.5
2024-08-04,19.9,14.8,24.3,17311,1.3,1.68,2.3
2024-08-05,17.7,12.3,23.9,17590,0.0,1.45,1.5
2024-08-06,20.4,10.8,27.6,25981,0.0,1.4,1.5
2024-08-07,23.0,15.7,31.0,21828,1.8,1.88,1.8
2024-08-08,19.4,13.9,23.9,14015,0.0,1.59,1.8
2024-08-09,19.9,13.9,24.3,12044,1.7,1.6,2.7
2024-08-10,20.6,14.2,27.0,20348,0.0,1.66,2.3
2024-08-11,20.7,12.7,26.7,23895,0.0,1.52,1.8
2024-08-12,20.3,10.4,29.1,25540,0.0,1.38,1.6
2024-08-13,23.8,14.9,31.7,23899,0.0,1.82,2.1
2024-08-14,24.0,19.3,32.9,21334,8.2,2.32,1.8
2024-08-15,22.5,16.4,27.7,16462,0.0,1.9,1.7
2024-08-16,22.7,15.8,30.5,19835,0.2,1.88,1.9
2024-08-17,22.0,17.7,29.2,11427,6.5,2.04,1.5
2024-08-18,19.4,17.9,22.5,8475,0.0,1.98,1.7
2024-08-19,17.5,10.8,23.8,18694,0.0,1.34,1.7
2024-08-20,20.6,9.8,28.9,21997,0.2,1.35,1.8
2024-08-21,18.6,11.0,22.7,15402,0.1,1.34,3.2
2024-08-22,19.1,13.1,25.0,15073,0.0,1.54,2.3
2024-08-23,23.4,17.3,30.4,20590,0.0,2.02,3.2
2024-08-24,26.0,17.5,33.7,20907,0.1,2.1,2.6
2024-08-25,19.6,9.3,28.2,14978,0.0,1.3,2.8
2024-08-26,16.7,7.3,26.1,21634,0.0,1.12,1.6
2024-08-27,18.9,8.1,28.0,22263,0.0,1.22,1.7
2024-08-28,22.7,12.0,31.8,22114,0.0,1.56,1.8
2024-08-29,26.4,17.5,35.3,20325,0.0,2.16,1.6
2024-08-30,20.8,16.1,25.4,10073,1.6,1.83,1.9
