Date,TempMean,TempMin,TempMax,Radiation,Precipitation,VapPressure,Windspeed
2000-01-01,1.6,-0.9,2.3,1663,2.4,0.55,2.1
2000-01-02,3.8,2.1,4.3,1676,0.0,0.69,2.3
2000-01-03,6.0,3.7,6.8,1691,0.0,0.77,3.2
2000-01-04,5.2,4.4,6.3,1707,5.5,0.81,3.3
2000-01-05,2.4,-0.4,6.3,4065,0.0,0.58,3.1
2000-01-06,2.2,-1.6,5.1,4233,0.4,0.53,2.7
2000-01-07,4.0,2.1,7.3,2343,0.1,0.69,2.3
2000-01-08,4.2,-0.3,5.8,3497,0.8,0.59,2.9
2000-01-09,4.2,3.0,5.4,1802,0.0,0.73,1.7
2000-01-10,1.6,0.0,3.4,1824,0.0,0.59,1.7
2000-01-11,-0.2,-2.3,3.3,3792,0.0,0.5,2.2
2000-01-12,-1.2,-4.0,2.0,4488,0.0,0.44,2.7
2000-01-13,-3.9,-5.4,0.2,4820,0.0,0.4,2.6
2000-01-14,-1.0,-5.6,-0.5,1925,0.0,0.39,1.5
2000-01-15,-1.5,-2.6,0.3,1954,0.3,0.49,1.6
2000-01-16,2.5,-4.0,3.9,1983,2.7,0.45,2.5
2000-01-17,7.1,3.7,7.5,2013,2.3,0.77,5.4
2000-01-18,3.7,1.4,7.4,3332,3.4,0.66,5.4
2000-01-19,-0.2,-1.6,2.6,4930,0.5,0.52,2.8
2000-01-20,3.6,-3.4,4.4,2112,7.2,0.47,4.1
2000-01-21,-1.4,-4.0,4.4,4857,1.3,0.45,4.2
2000-01-22,-2.3,-3.9,-1.0,2183,5.2,0.44,2.6
2000-01-23,-6.6,-9.9,-1.2,5881,0.3,0.29,2.1
2000-01-24,-5.9,-8.6,-1.2,4005,0.2,0.32,1.4
2000-01-25,-5.5,-10.8,-1.9,3422,0.2,0.27,1.9
2000-01-26,1.6,-5.5,2.7,2340,0.6,0.4,2.8
2000-01-27,2.2,1.5,3.2,2382,0.0,0.65,3.4
2000-01-28,1.4,0.8,2.7,2425,1.0,0.63,4.2
2000-01-29,5.2,0.3,7.7,2469,12.2,0.61,6.5
2000-01-30,4.3,2.2,7.0,5239,5.6,0.7,5.8
2000-01-31,7.8,3.2,11.5,5032,2.5,0.77,5.9
2000-02-01,8.3,5.6,10.1,2609,2.2,0.88,3.6
2000-02-02,6.2,5.1,7.9,2658,4.4,0.85,3.8
2000-02-03,3.4,1.3,7.6,5151,0.3,0.66,3.9
2000-02-04,5.9,-0.9,7.6,3121,1.8,0.57,3.9
2000-02-05,6.6,4.9,8.3,2811,0.0,0.83,3.5
2000-02-06,7.9,5.1,13.5,5584,0.1,0.87,2.7
2000-02-07,7.4,5.0,10.4,3544,1.4,0.85,4.3
2000-02-08,8.8,5.9,9.8,3417,7.3,0.9,5.5
2000-02-09,5.2,3.4,9.5,3672,3.9,0.76,5.9
2000-02-10,6.7,4.3,9.1,4840,3.0,0.8,4.0
2000-02-11,3.6,1.0,8.8,5380,0.0,0.65,2.7
2000-02-12,2.7,-1.4,7.4,8993,0.7,0.55,3.4
2000-02-13,2.4,0.8,3.8,3670,5.0,0.62,3.9
2000-02-14,2.0,0.4,5.9,5849,0.8,0.62,2.9
2000-02-15,4.0,0.2,9.4,4149,1.1,0.62,3.2
2000-02-16,2.6,0.8,5.3,4082,0.9,0.63,3.9
2000-02-17,1.6,-1.8,5.0,5849,0.0,0.53,2.9
2000-02-18,2.0,-1.3,6.0,5799,0.9,0.54,3.0
2000-02-19,2.2,1.2,4.0,3650,3.1,0.64,2.6
2000-02-20,1.1,0.0,3.2,4741,0.2,0.59,2.5
2000-02-21,-0.7,-2.5,2.9,6449,0.0,0.49,1.4
2000-02-22,0.1,-3.4,1.2,3854,3.5,0.46,1.7
2000-02-23,1.8,0.4,6.6,4756,0.2,0.62,1.5
2000-02-24,3.5,-1.5,6.6,3994,6.6,0.54,3.2
2000-02-25,2.7,0.8,4.3,4375,2.2,0.62,3.4
2000-02-26,4.8,2.1,6.6,4764,0.0,0.69,2.1
2000-02-27,5.6,-0.1,10.1,11335,0.0,0.61,2.7
2000-02-28,9.9,5.5,17.9,10045,2.0,0.93,4.4
2000-02-29,6.2,2.8,10.4,7189,1.8,0.73,4.0
2000-03-01,5.3,2.8,9.0,5986,0.3,0.73,4.1
2000-03-02,3.4,1.5,7.2,8474,6.5,0.66,4.3
2000-03-03,4.3,2.1,9.9,4751,2.1,0.7,6.1
2000-03-04,1.1,0.1,5.3,7951,0.5,0.59,4.6
2000-03-05,1.6,-0.5,4.3,6357,0.5,0.57,3.7
2000-03-06,6.1,0.2,9.0,5505,0.0,0.62,3.9
2000-03-07,9.4,5.9,13.2,5677,4.0,0.92,4.8
2000-03-08,10.5,8.4,11.4,4973,7.2,1.07,5.4
2000-03-09,7.9,4.6,12.3,5230,7.9,0.83,5.8
2000-03-10,2.7,-1.5,7.3,10590,4.4,0.54,3.0
2000-03-11,6.1,1.8,10.4,6116,3.5,0.69,4.8
2000-03-12,2.5,1.0,4.6,5293,0.0,0.63,1.7
2000-03-13,7.5,1.9,11.5,7214,2.5,0.7,2.0
2000-03-14,6.8,4.5,10.1,5455,10.7,0.82,3.9
2000-03-15,3.2,0.7,7.3,9470,9.6,0.63,4.8
2000-03-16,2.7,0.3,5.8,6374,6.6,0.61,3.9
2000-03-17,3.2,0.2,7.0,10559,0.2,0.61,3.4
2000-03-18,3.2,-1.3,8.9,15390,0.0,0.56,2.0
2000-03-19,4.7,-0.1,10.3,14583,0.0,0.61,2.3
2000-03-20,5.3,0.8,6.4,5948,0.0,0.63,2.1
2000-03-21,5.2,3.6,7.7,7015,0.0,0.76,1.6
2000-03-22,6.9,-0.3,12.8,14844,0.0,0.62,1.6
2000-03-23,7.3,3.5,13.9,13995,0.0,0.8,1.5
2000-03-24,7.1,1.1,10.9,8898,0.4,0.67,2.7
2000-03-25,9.5,4.9,13.7,7275,0.0,0.86,2.1
2000-03-26,7.9,5.9,15.4,8796,4.3,0.92,2.0
2000-03-27,5.2,4.4,7.3,6527,2.3,0.81,1.9
2000-03-28,5.9,3.1,7.3,6610,8.2,0.74,3.0
2000-03-29,7.3,4.6,8.4,6693,0.0,0.82,3.8
2000-03-30,6.1,5.3,8.3,6775,4.4,0.85,3.7
2000-03-31,4.8,4.1,5.8,6857,1.7,0.78,1.9
2000-04-01,7.5,1.3,10.6,7046,0.0,0.67,1.5
2000-04-02,8.2,2.4,13.9,13988,0.0,0.74,1.8
2000-04-03,10.7,2.9,18.8,19720,0.0,0.8,2.6
2000-04-04,8.4,5.3,11.7,9137,1.6,0.87,2.2
2000-04-05,4.2,2.1,8.1,10430,0.0,0.69,3.2
2000-04-06,5.5,-1.2,11.1,20958,0.0,0.57,2.8
2000-04-07,5.3,1.1,8.1,7977,0.0,0.65,2.5
2000-04-08,5.9,0.8,7.9,7616,0.4,0.63,1.5
2000-04-09,5.4,3.3,10.4,18299,0.0,0.76,2.6
2000-04-10,6.0,-0.6,11.9,17986,0.0,0.6,2.0
2000-04-11,7.1,0.5,13.4,16990,0.0,0.66,1.8
2000-04-12,5.7,2.2,10.8,8500,3.5,0.71,2.9
2000-04-13,8.6,1.3,13.7,14731,0.6,0.69,3.5
2000-04-14,7.1,5.5,10.6,8890,1.8,0.87,2.6
2000-04-15,12.1,3.2,20.4,14029,14.5,0.84,2.4
2000-04-16,9.8,5.2,15.4,17943,0.0,0.9,2.7
2000-04-17,14.3,5.1,22.7,17249,0.0,0.96,2.8
2000-04-18,13.9,9.8,19.3,15499,0.0,1.21,1.9
2000-04-19,12.7,10.0,18.5,12444,2.5,1.21,1.7
2000-04-20,14.5,8.1,20.2,20051,0.1,1.1,1.5
2000-04-21,18.5,9.4,25.5,21230,0.0,1.27,1.9
2000-04-22,20.1,12.5,26.4,22889,0.0,1.49,2.1
2000-04-23,22.3,14.2,29.9,21349,0.0,1.69,1.9
2000-04-24,15.5,11.5,22.0,19438,0.0,1.36,2.6
2000-04-25,10.5,9.4,12.7,8776,0.0,1.14,1.7
2000-04-26,16.4,7.2,23.1,23971,0.0,1.08,2.3
2000-04-27,20.4,11.4,26.2,20956,0.0,1.4,2.2
2000-04-28,20.5,15.1,26.9,13570,0.0,1.74,2.8
2000-04-29,21.7,14.6,28.9,23102,0.0,1.72,2.3
2000-04-30,18.7,13.6,28.9,19319,20.7,1.63,1.4
2000-05-01,18.0,11.9,25.0,16974,0.0,1.44,1.8
2000-05-02,17.1,13.2,23.5,24881,0.0,1.52,2.3
2000-05-03,14.4,7.5,21.7,25108,0.0,1.09,1.7
2000-05-04,16.1,9.1,24.1,24349,0.0,1.23,1.5
2000-05-05,18.0,8.7,25.5,26170,0.0,1.21,1.9
2000-05-06,18.7,9.1,26.4,26392,0.0,1.24,2.2
2000-05-07,19.9,12.3,27.3,26241,0.0,1.49,2.3
2000-05-08,21.7,13.4,29.1,25219,0.0,1.61,1.9
2000-05-09,20.2,12.8,26.9,24935,0.9,1.53,1.4
2000-05-10,20.1,14.0,27.3,22529,0.6,1.65,1.3
2000-05-11,20.0,12.0,27.0,26476,0.0,1.47,1.9
2000-05-12,14.6,10.5,20.3,27560,0.0,1.28,2.6
2000-05-13,15.0,6.5,21.7,28018,0.0,1.02,1.8
2000-05-14,19.0,9.1,26.7,28350,0.0,1.26,1.5
2000-05-15,22.5,12.8,29.3,28303,0.0,1.58,1.3
2000-05-16,23.6,13.9,31.3,25107,0.0,1.69,1.5
2000-05-17,20.7,14.9,31.4,21773,7.4,1.79,2.6
2000-05-18,14.5,10.8,19.9,14010,2.1,1.28,2.3
2000-05-19,10.7,6.2,16.3,16460,3.3,0.95,2.4
2000-05-20,9.9,7.9,13.1,13601,5.7,1.04,2.2
2000-05-21,13.3,7.0,17.3,18461,2.7,1.01,1.5
2000-05-22,11.4,9.7,12.5,10266,9.2,1.17,2.2
2000-05-23,13.9,7.1,19.2,18813,0.0,1.03,1.8
2000-05-24,17.0,9.7,20.3,13139,0.0,1.22,2.1
2000-05-25,16.1,12.5,21.3,11524,0.9,1.43,3.2
2000-05-26,15.5,7.3,20.2,25824,0.0,1.05,2.2
2000-05-27,13.2,10.3,21.8,16183,1.9,1.28,3.4
2000-05-28,14.9,7.0,20.0,18262,0.0,1.04,3.8
2000-05-29,11.3,7.9,16.8,21745,0.7,1.06,3.6
2000-05-30,11.9,6.3,16.2,18461,3.2,0.95,1.9
2000-05-31,13.7,7.5,19.7,23736,0.0,1.07,1.5
2000-06-01,17.7,8.3,22.0,20445,0.0,1.14,2.1
2000-06-02,22.9,15.2,29.5,29819,0.0,1.78,2.3
2000-06-03,21.7,14.2,26.6,27421,4.5,1.66,1.6
2000-06-04,21.1,14.8,27.5,21046,0.2,1.71,2.1
2000-06-05,18.8,15.7,23.3,14791,0.1,1.76,1.7
2000-06-06,15.0,13.6,17.0,11222,0.0,1.5,2.9
2000-06-07,14.3,9.9,19.0,19707,0.0,1.21,3.0
2000-06-08,15.9,7.4,21.7,28451,0.0,1.07,1.8
2000-06-09,21.4,11.0,28.6,31423,0.0,1.41,2.6
2000-06-10,26.0,15.4,33.2,27335,0.0,1.88,1.9
2000-06-11,21.4,18.1,29.1,22600,7.8,2.08,2.2
2000-06-12,18.6,13.5,23.5,25824,0.0,1.56,2.3
2000-06-13,24.0,13.6,31.0,30973,0.0,1.66,2.1
2000-06-14,20.6,14.9,25.9,19166,2.5,1.71,1.8
2000-06-15,15.1,12.5,19.2,15448,1.4,1.41,2.9
2000-06-16,13.1,9.1,17.7,20593,0.0,1.15,3.2
2000-06-17,15.0,6.8,21.2,27405,0.0,1.03,1.7
2000-06-18,19.7,9.4,27.0,24710,0.0,1.28,1.5
2000-06-19,26.0,14.2,33.9,31132,0.0,1.8,1.5
2000-06-20,28.4,18.2,36.4,29846,0.0,2.24,1.5
2000-06-21,29.2,21.0,36.7,25989,0.4,2.6,1.9
2000-06-22,20.8,18.3,30.7,20847,3.6,2.15,2.4
2000-06-23,18.0,14.8,24.2,21097,0.0,1.67,2.7
2000-06-24,13.8,11.5,19.0,13387,2.5,1.33,2.5
2000-06-25,14.4,11.3,17.7,11582,0.3,1.31,3.1
2000-06-26,12.8,10.5,16.9,14139,0.3,1.25,3.5
2000-06-27,12.8,9.9,15.7,13614,0.2,1.19,3.3
2000-06-28,12.7,9.4,16.7,13857,0.0,1.16,2.7
2000-06-29,12.7,9.4,15.3,11152,0.1,1.15,2.5
2000-06-30,13.3,10.6,16.2,11008,0.1,1.25,2.5
2000-07-01,18.5,8.1,24.5,23156,4.1,1.16,2.1
2000-07-02,17.6,13.4,22.8,16221,0.1,1.53,1.4
2000-07-03,19.5,15.0,25.5,13641,1.1,1.71,1.9
2000-07-04,18.0,14.0,23.6,14641,0.0,1.6,1.8
2000-07-05,17.9,15.5,22.1,11678,2.0,1.72,2.9
2000-07-06,17.0,14.4,22.6,13953,0.1,1.62,2.2
2000-07-07,17.8,10.0,22.3,19285,0.1,1.25,1.9
2000-07-08,14.7,12.7,18.3,11347,0.0,1.43,2.6
2000-07-09,16.9,11.1,21.9,16288,0.3,1.32,2.8
2000-07-10,16.7,13.4,21.3,14726,4.4,1.53,3.2
2000-07-11,18.2,13.8,23.1,15965,0.0,1.56,3.0
2000-07-12,14.8,12.7,17.9,11480,0.0,1.43,3.4
2000-07-13,14.5,9.4,21.1,18302,0.3,1.2,2.9
2000-07-14,15.2,12.6,19.4,12426,10.3,1.43,2.6
2000-07-15,15.1,11.0,19.1,19737,0.0,1.3,2.1
2000-07-16,17.0,9.4,21.6,17032,0.0,1.2,1.7
2000-07-17,16.8,13.5,21.4,17997,0.0,1.54,2.0
2000-07-18,14.5,12.7,16.0,10373,0.0,1.41,2.5
2000-07-19,14.5,12.5,15.8,10332,2.4,1.4,3.2
2000-07-20,16.6,12.7,20.0,11675,1.0,1.45,3.0
2000-07-21,14.8,11.9,16.4,10121,1.3,1.35,2.6
2000-07-22,15.4,13.5,17.7,11835,10.7,1.5,1.7
2000-07-23,17.6,12.2,23.9,20814,0.0,1.45,1.2
2000-07-24,21.0,13.4,25.7,21376,4.7,1.57,1.7
2000-07-25,18.8,16.3,26.0,14311,1.5,1.85,2.4
2000-07-26,18.8,16.4,24.3,13755,0.3,1.84,2.0
2000-07-27,20.0,16.0,24.3,15815,1.6,1.8,1.7
2000-07-28,18.5,16.0,22.3,12645,1.4,1.78,2.2
2000-07-29,15.7,14.2,17.0,9733,7.1,1.57,2.4
2000-07-30,16.7,14.2,19.2,11661,0.0,1.58,2.3
2000-07-31,16.2,14.2,19.9,12838,0.0,1.58,1.7
2000-08-01,20.9,10.9,26.7,22762,0.0,1.37,1.5
2000-08-02,18.1,15.9,24.4,13572,7.9,1.8,2.1
2000-08-03,18.8,12.1,24.7,19396,0.9,1.45,1.8
2000-08-04,18.8,13.9,25.5,22006,1.1,1.6,1.4
2000-08-05,19.0,12.5,25.6,24968,0.0,1.49,1.6
2000-08-06,18.2,11.6,24.9,24257,0.2,1.4,2.0
2000-08-07,16.3,14.0,20.9,19175,0.0,1.57,2.4
2000-08-08,15.9,10.7,18.4,11090,1.8,1.28,1.8
2000-08-09,15.4,9.8,21.5,23824,0.0,1.23,1.6
2000-08-10,19.3,11.9,26.6,11914,2.2,1.46,2.0
2000-08-11,17.9,16.1,21.5,9198,0.0,1.78,1.9
2000-08-12,19.0,14.3,24.9,17030,0.0,1.65,1.2
2000-08-13,22.0,15.2,29.8,23497,0.0,1.81,1.1
2000-08-14,24.8,15.4,32.4,24568,0.0,1.85,1.3
2000-08-15,22.4,17.5,30.2,18047,14.0,2.04,1.9
2000-08-16,20.1,16.1,25.4,15466,1.2,1.83,1.9
2000-08-17,19.8,15.0,25.6,19957,14.7,1.72,2.0
2000-08-18,19.3,15.7,24.2,14805,3.8,1.78,1.5
2000-08-19,19.9,16.7,25.9,13658,3.4,1.89,1.7
2000-08-20,20.4,17.2,26.3,14611,23.3,1.94,1.7
2000-08-21,17.9,14.7,23.2,11849,1.1,1.65,2.0
2000-08-22,16.4,12.9,22.0,17985,1.1,1.49,1.4
2000-08-23,15.7,12.7,21.3,19475,0.0,1.46,1.6
2000-08-24,16.9,10.3,22.2,19006,0.0,1.28,2.2
2000-08-25,16.3,14.2,20.6,14786,0.0,1.58,1.9
2000-08-26,16.7,9.5,22.6,22828,0.0,1.22,2.8
2000-08-27,18.9,11.6,24.6,19638,0.0,1.4,2.4
2000-08-28,16.2,13.5,18.2,7733,14.7,1.51,1.7
2000-08-29,17.2,12.2,23.1,16354,0.6,1.42,1.3
2000-08-30,16.6,13.1,22.1,18671,1.7,1.5,1.3
2000-08-31,16.7,13.9,21.9,13237,6.2,1.56,1.3
2000-09-01,17.2,11.9,23.6,16200,5.5,1.42,1.8
2000-09-02,13.8,12.8,18.3,9632,6.7,1.43,2.9
2000-09-03,13.6,12.2,13.8,7261,8.8,1.36,3.6
2000-09-04,11.8,9.4,15.6,9123,3.2,1.15,2.2
2000-09-05,12.6,9.4,16.7,8924,3.1,1.16,1.6
2000-09-06,14.8,9.4,19.3,14588,5.9,1.18,2.4
2000-09-07,14.7,11.2,19.3,11600,0.0,1.32,2.3
2000-09-08,16.2,10.8,19.0,6858,0.1,1.27,2.1
2000-09-09,18.9,15.1,22.8,8554,0.0,1.68,1.5
2000-09-10,17.8,14.9,22.3,11162,0.0,1.67,1.2
2000-09-11,15.1,12.1,18.9,9090,0.0,1.38,1.3
2000-09-12,17.2,10.0,22.4,12783,0.0,1.26,1.9
2000-09-13,17.4,14.8,22.3,9401,6.0,1.66,2.2
2000-09-14,15.0,13.0,19.0,6974,0.5,1.46,1.4
2000-09-15,15.2,12.2,18.7,10800,0.6,1.4,2.1
2000-09-16,13.7,11.8,18.1,7499,8.2,1.35,3.0
2000-09-17,11.6,9.4,12.8,6123,0.0,1.14,2.0
2000-09-18,10.8,8.4,16.5,15355,0.0,1.09,2.1
2000-09-19,9.3,4.7,13.6,15200,0.0,0.86,3.0
2000-09-20,10.3,5.9,11.8,8579,0.0,0.9,3.1
2000-09-21,12.1,7.5,17.5,15655,0.0,1.05,2.8
2000-09-22,11.4,6.1,18.4,12265,0.1,0.96,1.6
2000-09-23,11.6,8.5,18.8,15800,0.1,1.12,2.3
2000-09-24,10.5,4.9,16.4,15726,0.0,0.89,2.4
2000-09-25,12.6,4.9,19.1,12412,1.5,0.91,1.5
2000-09-26,14.2,10.7,19.5,6767,0.1,1.28,1.5
2000-09-27,16.9,10.0,24.2,11857,0.4,1.27,1.8
2000-09-28,18.2,13.8,22.8,10997,0.1,1.57,2.2
2000-09-29,17.1,11.9,23.8,14346,0.0,1.41,2.2
2000-09-30,17.1,11.3,23.3,13916,0.0,1.36,2.0
2000-10-01,16.7,11.1,23.3,12353,2.8,1.36,1.6
2000-10-02,14.8,12.7,19.2,8040,0.1,1.44,1.9
2000-10-03,14.5,9.0,20.6,13345,0.0,1.16,1.5
2000-10-04,15.4,12.7,19.9,6888,0.0,1.44,1.2
2000-10-05,15.6,12.1,19.6,5274,0.3,1.38,1.2
2000-10-06,11.2,9.8,14.5,4608,4.3,1.17,2.1
2000-10-07,9.2,8.0,10.9,4533,7.4,1.03,1.3
2000-10-08,9.8,7.6,12.1,5193,0.7,1.01,1.9
2000-10-09,9.8,8.3,11.1,4383,1.1,1.05,1.9
2000-10-10,9.1,6.4,11.0,4390,0.2,0.93,3.7
2000-10-11,12.0,5.6,15.2,5266,2.6,0.91,3.6
2000-10-12,11.5,9.1,15.9,6592,0.0,1.14,2.2
2000-10-13,13.1,9.8,16.4,6649,0.0,1.18,1.4
2000-10-14,13.0,9.8,18.5,8312,0.0,1.2,1.3
2000-10-15,13.9,10.6,15.3,3951,0.0,1.24,2.4
2000-10-16,14.3,11.0,19.0,8003,0.0,1.3,2.7
2000-10-17,12.6,10.1,16.4,5591,0.0,1.21,1.8
2000-10-18,10.8,8.6,14.7,7188,0.0,1.09,1.4
2000-10-19,11.1,9.5,14.9,4330,0.0,1.15,1.7
2000-10-20,10.1,6.6,14.0,3827,0.0,0.96,1.8
2000-10-21,10.7,6.8,16.6,9278,0.0,0.99,2.2
2000-10-22,12.1,6.5,18.4,9847,0.0,0.99,1.5
2000-10-23,10.8,5.5,16.6,9709,0.9,0.92,2.1
2000-10-24,12.2,9.0,15.9,4928,0.0,1.12,3.5
2000-10-25,12.2,9.7,14.6,3296,0.2,1.17,3.9
2000-10-26,9.6,7.0,14.3,3702,2.7,0.99,3.4
2000-10-27,9.9,6.0,12.3,3967,1.0,0.91,3.0
2000-10-28,11.5,9.3,13.1,3117,0.3,1.14,2.6
2000-10-29,11.4,8.4,16.3,5890,0.0,1.09,4.0
2000-10-30,13.5,8.0,15.0,3003,0.0,1.06,5.3
2000-10-31,10.8,9.6,16.1,2948,0.5,1.16,3.9
2000-11-01,9.0,5.5,14.1,6491,0.0,0.89,3.5
2000-11-02,8.6,3.9,13.0,7314,0.0,0.81,3.2
2000-11-03,8.0,6.1,10.4,2848,2.9,0.91,2.3
2000-11-04,7.1,4.5,12.7,4650,0.0,0.83,2.2
2000-11-05,4.5,1.3,10.4,5582,0.0,0.67,2.3
2000-11-06,6.0,0.9,8.0,4097,3.3,0.64,3.4
2000-11-07,9.2,6.9,14.2,6339,0.0,0.98,2.7
2000-11-08,8.7,4.9,13.4,5449,0.0,0.87,3.3
2000-11-09,6.8,4.9,12.3,5087,0.0,0.85,3.2
2000-11-10,5.8,3.1,10.6,5847,0.0,0.76,3.1
2000-11-11,6.2,3.2,9.8,6149,0.0,0.75,3.0
2000-11-12,7.6,2.6,12.1,4595,0.0,0.74,3.2
2000-11-13,9.3,7.3,12.0,2377,0.6,0.99,2.2
2000-11-14,9.0,6.8,11.2,2337,10.8,0.96,1.4
2000-11-15,7.0,5.2,10.6,4662,0.2,0.87,2.1
2000-11-16,4.4,2.7,10.1,5376,0.0,0.73,2.5
2000-11-17,3.6,0.2,4.6,2170,3.2,0.6,1.7
2000-11-18,3.6,2.1,7.4,4574,0.0,0.69,3.0
2000-11-19,3.6,1.6,8.0,5670,0.7,0.67,3.5
2000-11-20,5.3,0.1,9.3,3957,0.3,0.62,2.5
2000-11-21,5.2,2.7,6.3,2034,5.8,0.71,1.9
2000-11-22,7.4,2.0,9.6,3270,0.0,0.69,3.0
2000-11-23,6.3,3.3,10.1,3759,0.0,0.76,2.4
2000-11-24,5.4,1.9,7.9,2661,0.0,0.68,2.2
2000-11-25,5.4,3.4,6.4,1916,0.7,0.75,1.9
2000-11-26,4.0,2.7,5.9,3203,0.0,0.72,2.9
2000-11-27,6.3,2.4,8.3,2329,0.1,0.71,2.5
2000-11-28,6.6,1.1,8.6,1840,1.1,0.65,2.5
2000-11-29,9.5,7.8,12.9,3508,0.0,1.03,2.3
2000-11-30,8.5,6.0,12.1,2294,0.0,0.92,1.8
2000-12-01,4.7,2.6,8.1,3439,0.0,0.72,2.3
2000-12-02,7.1,3.0,9.3,1799,0.2,0.74,1.9
2000-12-03,7.2,2.3,9.2,3465,0.0,0.71,2.2
2000-12-04,4.3,2.4,8.6,3965,0.1,0.71,2.3
2000-12-05,5.6,3.3,10.1,3628,0.0,0.76,2.4
2000-12-06,2.8,0.3,7.2,3557,0.1,0.61,2.4
2000-12-07,4.6,2.0,8.9,3966,0.2,0.69,2.6
2000-12-08,8.1,3.1,9.7,1659,1.0,0.75,3.0
2000-12-09,6.8,5.4,10.8,3961,0.3,0.88,2.7
2000-12-10,7.2,3.9,8.7,2447,4.3,0.78,3.6
2000-12-11,8.4,6.8,9.7,1627,4.0,0.95,3.9
2000-12-12,11.5,8.1,13.2,1618,1.4,1.05,3.3
2000-12-13,10.8,8.6,13.7,2497,0.1,1.09,5.4
2000-12-14,7.8,5.8,10.0,1899,1.3,0.89,4.3
2000-12-15,5.0,3.2,7.4,2607,3.7,0.75,4.5
2000-12-16,3.5,1.2,5.4,1594,3.6,0.64,4.7
2000-12-17,3.4,2.8,4.3,1591,2.8,0.72,2.3
2000-12-18,1.1,-0.4,3.5,2510,0.0,0.57,1.5
2000-12-19,0.9,-2.1,1.7,1588,0.0,0.5,1.4
2000-12-20,-1.3,-2.7,1.1,1589,0.0,0.48,3.1
2000-12-21,-1.6,-3.1,-0.3,3139,0.0,0.47,2.9
2000-12-22,-4.5,-6.4,-1.3,3268,0.0,0.37,2.4
2000-12-23,-3.4,-7.5,-0.5,4030,0.0,0.34,1.7
2000-12-24,-1.7,-3.1,-0.8,1600,6.0,0.47,1.6
2000-12-25,-0.9,-1.7,-0.2,1606,2.3,0.52,1.8
2000-12-26,-1.9,-2.5,-0.7,1613,6.9,0.49,1.8
2000-12-27,0.6,-2.3,1.3,1663,0.0,0.5,1.7
2000-12-28,0.2,-0.4,2.0,1629,0.0,0.57,2.4
2000-12-29,-1.7,-3.4,1.2,2922,0.0,0.46,2.8
2000-12-30,-0.9,-3.4,1.0,3282,0.6,0.46,2.3
2000-12-31,-0.6,-3.2,0.6,2526,0.8,0.46,2.4
2001-01-01,-0.9,-6.4,1.2,2698,3.4,0.38,3.2
2001-01-02,2.7,0.1,3.9,1850,0.1,0.6,2.9
2001-01-03,3.9,1.7,8.0,2956,0.7,0.68,3.1
2001-01-04,2.7,-0.6,3.9,2672,1.3,0.56,3.1
2001-01-05,4.8,3.1,5.6,2430,7.7,0.74,3.8
2001-01-06,6.4,4.0,9.7,2142,2.0,0.8,3.4
2001-01-07,3.9,2.0,7.2,3329,0.0,0.69,2.4
2001-01-08,1.7,-0.1,6.4,3722,0.0,0.6,2.0
2001-01-09,3.4,-0.8,4.6,1802,0.0,0.56,2.4
2001-01-10,2.1,0.9,4.2,1916,0.0,0.63,1.6
2001-01-11,-1.0,-3.5,2.4,5042,0.0,0.46,1.9
2001-01-12,-0.6,-3.4,-0.3,1873,0.0,0.46,1.8
2001-01-13,-2.2,-3.9,-0.7,1898,0.0,0.44,2.2
2001-01-14,-2.5,-3.1,-1.7,1925,0.0,0.47,2.2
2001-01-15,-1.8,-3.4,0.2,2194,0.0,0.46,2.4
2001-01-16,-3.0,-5.8,1.1,4748,0.0,0.39,1.8
2001-01-17,-3.8,-6.9,-0.4,5052,0.0,0.36,1.9
2001-01-18,-2.5,-7.2,0.1,4570,0.3,0.35,1.8
2001-01-19,-2.2,-4.3,0.8,2478,0.0,0.43,1.4
2001-01-20,-1.4,-5.9,0.6,2112,0.0,0.39,1.4
2001-01-21,-0.2,-3.7,0.4,2147,0.6,0.45,1.8
2001-01-22,-0.5,-1.8,0.3,2183,2.1,0.52,3.1
2001-01-23,1.7,-0.3,3.1,2221,3.6,0.58,3.2
2001-01-24,4.0,1.3,5.7,2259,5.5,0.65,3.6
2001-01-25,3.7,1.4,8.9,4225,1.1,0.66,2.4
2001-01-26,4.0,0.1,8.8,5317,0.0,0.61,2.5
2001-01-27,1.9,-1.5,4.2,3313,5.8,0.54,3.3
2001-01-28,2.5,0.9,3.1,2425,1.9,0.63,2.2
2001-01-29,2.1,1.5,3.0,2469,1.0,0.65,1.3
2001-01-30,0.5,-0.5,1.7,2515,0.7,0.56,1.0
2001-01-31,0.9,-0.7,2.7,2906,0.2,0.56,1.2
2001-02-01,-0.7,-1.9,1.0,2609,5.2,0.51,2.1
2001-02-02,-2.4,-3.8,-0.1,3541,0.3,0.44,2.2
2001-02-03,-5.0,-8.8,-3.4,4138,3.4,0.3,2.7
2001-02-04,-4.6,-5.2,-3.5,2759,7.2,0.4,3.3
2001-02-05,2.6,-6.0,5.2,2994,2.8,0.4,4.3
2001-02-06,10.0,4.1,11.8,2988,3.2,0.8,3.6
2001-02-07,9.2,8.0,11.3,3169,0.7,1.04,2.6
2001-02-08,9.8,6.4,13.1,2974,0.0,0.94,3.1
2001-02-09,3.3,2.0,9.1,3030,0.2,0.7,2.4
2001-02-10,0.2,-3.5,5.4,5619,0.0,0.47,1.3
2001-02-11,6.6,-2.1,9.5,3146,0.2,0.54,3.1
2001-02-12,9.8,6.9,11.6,3206,1.2,0.97,3.0
2001-02-13,3.5,1.2,9.8,3334,0.0,0.67,2.5
2001-02-14,1.8,-0.7,3.0,3328,0.0,0.56,2.0
2001-02-15,2.8,-0.5,8.4,8011,0.0,0.58,1.5
2001-02-16,3.7,-2.6,10.8,9595,1.9,0.53,1.5
2001-02-17,1.2,-1.4,4.4,5143,0.1,0.53,2.3
2001-02-18,3.5,-1.7,7.8,4370,0.0,0.54,2.9
2001-02-19,3.4,-0.7,4.3,3650,1.4,0.56,2.9
2001-02-20,4.6,1.0,7.6,9862,0.3,0.65,3.8
2001-02-21,4.1,2.0,9.1,4821,4.4,0.7,5.0
2001-02-22,2.2,0.0,4.9,5426,10.1,0.59,4.9
2001-02-23,-1.7,-4.0,1.8,4453,6.7,0.44,2.9
2001-02-24,-6.5,-8.5,-1.0,9124,0.6,0.32,1.6
2001-02-25,-2.1,-9.7,0.5,4220,0.1,0.3,2.2
2001-02-26,-2.2,-5.4,3.3,6956,0.2,0.41,2.2
2001-02-27,-1.9,-7.8,3.8,8168,0.0,0.35,2.5
2001-02-28,-1.1,-6.3,5.4,11406,0.0,0.39,2.1
2001-03-01,1.6,-2.8,7.1,9292,1.2,0.5,2.2
2001-03-02,0.4,-0.9,3.0,5005,0.0,0.55,2.1
2001-03-03,0.9,-1.9,5.1,9796,1.0,0.52,2.0
2001-03-04,-0.1,-1.6,-0.1,4584,4.6,0.52,2.5
2001-03-05,0.4,-1.1,4.3,5420,0.0,0.55,1.7
2001-03-06,-0.2,-4.2,5.6,12577,0.0,0.45,2.2
2001-03-07,2.3,-5.0,6.8,9378,0.0,0.44,2.4
2001-03-08,7.3,3.4,11.3,6981,3.7,0.77,2.1
2001-03-09,9.1,5.1,13.6,6027,1.6,0.88,2.7
2001-03-10,9.4,6.4,13.8,6737,0.9,0.95,2.7
2001-03-11,9.9,7.8,12.9,5222,0.9,1.03,2.8
2001-03-12,10.5,8.6,13.9,5303,4.4,1.08,3.0
2001-03-13,6.9,5.2,11.5,11309,0.6,0.86,3.6
2001-03-14,4.1,2.9,7.8,6938,4.6,0.73,3.9
2001-03-15,5.1,2.8,10.1,9354,1.1,0.73,2.3
2001-03-16,3.8,2.0,10.6,7222,0.0,0.7,1.7
2001-03-17,2.9,1.8,4.8,5619,1.5,0.67,2.5
2001-03-18,2.2,0.4,2.6,5701,5.1,0.61,3.3
2001-03-19,2.5,-0.1,7.5,6551,5.4,0.6,5.0
2001-03-20,-0.9,-3.6,3.9,13033,0.0,0.46,2.1
2001-03-21,-0.3,-5.1,4.1,13175,0.1,0.42,2.5
2001-03-22,0.9,-1.0,2.4,6031,1.5,0.55,3.1
2001-03-23,0.8,0.2,1.5,6113,9.8,0.59,2.8
2001-03-24,0.9,0.2,2.2,6196,0.8,0.59,2.6
2001-03-25,-0.2,-0.6,0.0,6279,14.5,0.56,3.7
2001-03-26,0.9,-2.2,5.1,13365,0.0,0.51,2.9
2001-03-27,-0.8,-5.2,2.7,15544,0.0,0.41,2.7
2001-03-28,1.3,-4.2,5.8,14971,0.0,0.45,3.7
2001-03-29,4.4,0.0,8.0,7025,0.1,0.61,3.6
2001-03-30,6.1,1.8,7.9,6693,1.7,0.68,1.6
2001-03-31,9.5,2.7,14.7,14449,0.0,0.76,2.1
2001-04-01,12.0,7.2,16.6,9714,0.0,1.02,1.9
2001-04-02,14.3,8.3,20.2,18441,0.0,1.13,1.8
2001-04-03,11.8,7.4,20.5,12916,1.9,1.07,2.6
2001-04-04,11.0,4.6,19.9,14112,4.4,0.9,3.2
2001-04-05,8.0,4.9,12.6,13043,0.0,0.86,3.7
2001-04-06,8.3,5.4,11.1,7265,2.0,0.88,3.5
2001-04-07,9.3,7.2,14.9,8663,0.8,1.0,2.6
2001-04-08,9.3,6.0,14.6,12835,0.1,0.92,2.0
2001-04-09,7.2,2.8,12.0,16275,0.0,0.74,2.2
2001-04-10,8.3,3.3,11.9,9928,0.2,0.77,2.4
2001-04-11,9.8,4.4,14.0,8225,0.4,0.84,2.2
2001-04-12,4.3,0.1,10.4,13606,2.7,0.62,3.8
2001-04-13,1.9,-0.1,3.8,7820,0.3,0.58,3.3
2001-04-14,2.0,-1.5,6.3,16098,0.0,0.54,2.3
2001-04-15,1.7,-1.1,3.6,7974,3.2,0.55,3.1
2001-04-16,5.8,2.7,9.0,8855,1.3,0.73,2.3
2001-04-17,5.3,3.5,7.6,8126,0.5,0.76,2.5
2001-04-18,4.9,2.1,8.9,8897,1.8,0.69,3.3
2001-04-19,3.8,0.4,8.5,15149,1.5,0.63,2.5
2001-04-20,5.5,-1.4,10.3,16187,0.0,0.57,1.5
2001-04-21,5.8,2.8,9.7,8657,0.5,0.73,2.7
2001-04-22,5.3,2.9,8.1,8494,0.1,0.73,2.0
2001-04-23,8.1,4.5,12.8,11880,0.0,0.84,1.8
2001-04-24,10.6,1.6,17.5,24082,0.0,0.74,2.0
2001-04-25,13.4,5.4,22.5,18961,9.1,0.98,2.5
2001-04-26,10.5,5.6,16.5,14519,0.7,0.92,3.1
2001-04-27,10.2,4.1,15.7,16888,1.9,0.83,1.9
2001-04-28,10.0,6.3,14.5,11923,2.0,0.95,2.7
2001-04-29,12.6,6.4,18.1,14174,0.0,0.99,2.1
2001-04-30,17.6,10.2,25.6,22860,0.0,1.31,1.6
2001-05-01,18.7,10.4,26.8,25032,0.0,1.34,2.3
2001-05-02,15.1,6.9,22.2,25141,0.0,1.05,2.4
2001-05-03,20.0,10.5,29.5,25248,2.2,1.4,2.5
2001-05-04,16.4,11.3,20.4,15915,0.0,1.33,2.4
2001-05-05,9.5,7.0,11.4,9358,14.0,0.98,3.3
2001-05-06,7.2,5.9,7.8,9418,0.7,0.89,3.1
2001-05-07,9.9,5.4,14.8,13798,0.0,0.89,2.4
2001-05-08,13.0,7.6,22.4,18445,0.2,1.11,2.0
2001-05-09,15.5,6.4,22.8,26831,0.0,1.03,2.5
2001-05-10,17.8,10.5,24.6,27047,0.0,1.33,2.3
2001-05-11,16.2,8.2,22.3,27760,0.0,1.13,2.1
2001-05-12,15.3,6.9,22.1,26102,0.0,1.06,1.8
2001-05-13,17.2,9.4,23.4,25684,0.0,1.24,1.7
2001-05-14,19.4,11.4,26.2,25388,0.1,1.4,1.7
2001-05-15,18.1,13.5,22.4,13045,1.9,1.53,2.0
2001-05-16,17.5,12.7,23.2,20890,0.2,1.47,2.6
2001-05-17,14.7,11.2,18.8,15165,3.8,1.31,2.7
2001-05-18,13.3,9.7,17.6,17740,0.1,1.19,3.3
2001-05-19,11.8,6.9,16.9,21330,0.3,0.99,3.0
2001-05-20,11.8,5.2,18.2,26066,0.0,0.91,2.2
2001-05-21,12.4,6.1,17.5,24737,0.0,0.96,2.4
2001-05-22,13.8,8.1,19.7,20742,0.0,1.1,2.3
2001-05-23,16.2,8.0,23.6,29039,0.0,1.14,1.8
2001-05-24,18.3,9.8,25.0,29225,0.0,1.27,1.7
2001-05-25,16.1,8.9,22.9,29283,0.0,1.18,1.8
2001-05-26,17.2,9.4,24.7,24630,0.0,1.24,1.3
2001-05-27,18.1,11.4,24.2,20602,0.2,1.38,2.4
2001-05-28,16.1,14.7,17.0,10448,10.7,1.61,3.2
2001-05-29,17.9,12.4,21.7,22471,0.0,1.43,4.2
2001-05-30,15.2,11.5,18.9,18298,0.3,1.33,2.3
2001-05-31,12.9,10.0,16.9,11563,15.2,1.2,2.4
2001-06-01,12.4,8.7,16.6,15938,0.4,1.12,2.9
2001-06-02,12.4,8.6,15.0,11235,6.5,1.09,3.2
2001-06-03,9.6,7.3,15.3,14717,3.9,1.01,4.3
2001-06-04,10.7,8.4,14.2,10902,2.4,1.08,3.5
2001-06-05,13.3,10.5,16.3,12846,0.0,1.23,1.8
2001-06-06,15.1,10.8,20.0,16970,0.0,1.29,1.8
2001-06-07,15.0,9.5,20.4,14813,0.8,1.2,3.2
2001-06-08,12.3,9.3,15.6,12652,0.9,1.15,1.8
2001-06-09,13.3,8.4,18.5,23704,0.0,1.1,1.4
2001-06-10,11.3,8.1,13.4,10761,5.1,1.05,1.6
2001-06-11,12.4,7.2,18.3,21686,1.2,1.03,2.4
2001-06-12,11.0,7.5,14.1,15667,2.7,1.02,2.6
2001-06-13,13.5,5.8,19.4,25952,0.0,0.95,1.4
2001-06-14,16.2,11.2,22.0,16203,1.0,1.35,1.4
2001-06-15,17.7,10.4,24.1,18396,1.7,1.3,1.8
2001-06-16,18.5,13.1,23.4,17247,0.0,1.51,1.9
2001-06-17,16.6,11.8,23.9,22006,11.8,1.41,2.2
2001-06-18,15.6,12.7,19.8,13916,0.3,1.44,3.0
2001-06-19,15.0,10.2,20.5,19571,0.0,1.24,2.7
2001-06-20,15.9,8.0,23.5,29591,0.0,1.13,1.6
2001-06-21,15.4,12.1,21.5,14818,1.9,1.41,2.3
2001-06-22,12.9,10.8,16.7,16228,4.8,1.26,2.9
2001-06-23,15.2,10.8,19.8,12629,0.3,1.28,2.7
2001-06-24,15.8,11.6,22.9,19043,0.0,1.39,1.9
2001-06-25,16.7,10.0,22.9,29432,0.0,1.27,1.7
2001-06-26,18.7,10.6,25.7,29291,0.0,1.35,1.5
2001-06-27,22.2,14.1,29.2,29533,0.0,1.7,1.9
2001-06-28,18.9,16.8,20.1,11177,1.9,1.86,1.9
2001-06-29,20.1,14.4,25.6,23729,0.0,1.65,1.5
2001-06-30,21.7,14.5,28.5,25889,10.9,1.72,1.6
2001-07-01,18.4,14.1,22.6,19591,0.0,1.59,2.7
2001-07-02,16.2,13.0,20.2,14065,0.0,1.47,2.0
2001-07-03,18.5,11.7,24.7,27228,0.0,1.41,1.8
2001-07-04,21.3,14.0,27.4,25409,0.0,1.65,2.6
2001-07-05,24.0,16.5,30.4,28704,0.0,1.93,2.1
2001-07-06,24.7,17.3,31.5,26372,0.0,2.05,2.3
2001-07-07,24.9,18.1,31.7,19698,6.1,2.13,2.7
2001-07-08,18.8,16.6,23.6,11884,4.3,1.85,2.9
2001-07-09,17.2,14.7,19.1,10582,13.3,1.63,2.6
2001-07-10,19.3,14.0,24.8,18454,0.4,1.61,2.3
2001-07-11,18.2,13.7,22.9,18800,0.9,1.57,3.6
2001-07-12,17.9,12.3,22.8,24233,0.8,1.43,3.2
2001-07-13,18.1,13.5,22.9,19487,1.8,1.54,2.6
2001-07-14,19.2,13.3,24.2,14493,2.6,1.55,2.1
2001-07-15,18.4,14.3,21.4,15723,2.3,1.61,2.1
2001-07-16,13.4,11.3,14.3,10361,9.2,1.29,1.7
2001-07-17,14.6,10.3,18.2,13108,0.0,1.24,1.4
2001-07-18,17.1,10.4,22.7,19514,0.0,1.29,2.4
2001-07-19,18.9,12.0,25.4,25525,0.0,1.44,2.4
2001-07-20,19.7,12.8,24.9,25338,0.0,1.5,2.3
2001-07-21,17.6,13.9,22.7,18602,0.0,1.56,2.2
2001-07-22,21.7,14.3,28.1,22068,0.0,1.68,1.4
2001-07-23,23.5,17.9,30.3,20500,0.0,2.1,1.4
2001-07-24,23.4,16.6,29.4,26958,0.0,1.95,1.4
2001-07-25,22.7,14.8,29.5,22378,0.0,1.74,1.7
2001-07-26,23.2,15.5,29.9,25684,0.0,1.82,1.4
2001-07-27,22.7,14.8,29.6,27978,0.0,1.75,1.2
2001-07-28,24.2,15.2,32.0,27273,6.1,1.85,1.3
2001-07-29,21.3,17.3,26.3,16996,1.4,1.97,1.7
2001-07-30,23.3,15.6,29.8,24373,0.0,1.85,2.1
2001-07-31,20.4,16.8,25.9,14261,8.3,1.89,1.8
2001-08-01,17.9,13.2,23.1,18645,0.0,1.52,1.9
2001-08-02,18.7,12.1,25.2,24488,0.0,1.45,2.1
2001-08-03,21.6,16.2,29.8,15417,0.6,1.9,2.8
2001-08-04,18.5,13.9,23.5,12769,4.9,1.59,2.1
2001-08-05,16.5,13.1,23.8,16864,1.2,1.51,2.8
2001-08-06,16.4,11.2,21.4,16786,1.5,1.34,2.4
2001-08-07,18.4,15.2,22.9,15975,3.2,1.69,2.8
2001-08-08,19.3,14.3,24.9,18203,1.2,1.65,3.5
2001-08-09,17.9,13.6,23.3,19932,0.1,1.55,2.6
2001-08-10,17.1,12.2,22.3,18147,0.0,1.42,2.5
2001-08-11,14.7,10.2,19.3,18055,2.4,1.24,2.1
2001-08-12,17.0,10.9,23.7,10879,3.8,1.33,2.5
2001-08-13,16.8,15.1,17.8,8892,3.7,1.65,2.5
2001-08-14,21.8,17.3,28.0,16459,0.0,1.99,1.6
2001-08-15,26.4,18.1,34.8,24925,0.0,2.21,1.7
2001-08-16,26.6,19.1,35.5,24089,0.0,2.32,2.4
2001-08-17,20.8,16.2,25.6,16528,0.6,1.84,1.6
2001-08-18,17.6,14.3,19.7,8549,3.5,1.59,2.0
2001-08-19,19.7,16.3,26.1,10587,3.6,1.86,1.9
2001-08-20,20.1,15.5,27.2,15058,0.3,1.77,1.6
2001-08-21,19.4,16.6,22.8,8334,1.9,1.84,1.3
2001-08-22,21.9,17.3,28.0,20184,0.0,1.99,1.5
2001-08-23,22.0,16.3,28.5,21327,0.0,1.9,1.5
2001-08-24,23.1,15.7,30.5,17064,0.0,1.85,1.2
2001-08-25,25.0,19.9,31.4,20491,0.0,2.35,1.1
2001-08-26,25.3,18.7,33.1,20927,0.0,2.24,1.4
2001-08-27,18.7,12.9,23.2,11395,6.7,1.49,2.9
2001-08-28,15.0,11.1,18.2,11978,0.0,1.3,3.2
2001-08-29,15.8,11.8,21.6,15803,0.0,1.39,1.9
2001-08-30,17.2,10.9,24.3,21149,0.0,1.35,1.9
2001-08-31,16.0,13.1,18.1,8908,0.0,1.47,1.7
2001-09-01,17.2,13.2,22.7,14451,0.3,1.52,2.3
2001-09-02,15.2,11.0,19.8,11371,0.2,1.3,2.5
2001-09-03,17.5,14.7,21.1,7559,5.2,1.63,2.2
2001-09-04,14.7,11.5,18.9,9431,4.0,1.33,2.3
2001-09-05,13.9,9.6,19.2,14625,0.5,1.2,2.4
2001-09-06,15.0,11.9,17.9,10532,0.5,1.36,2.1
2001-09-07,13.8,11.7,16.9,8512,10.3,1.34,2.9
2001-09-08,11.9,8.4,16.3,11600,2.6,1.09,4.9
2001-09-09,10.3,8.3,11.7,6858,26.2,1.06,5.2
2001-09-10,13.2,11.0,16.4,6986,3.2,1.27,4.9
2001-09-11,11.1,10.4,11.5,6695,7.7,1.22,3.6
2001-09-12,12.3,9.5,17.7,9400,3.0,1.17,2.8
2001-09-13,11.9,9.4,14.4,6737,6.7,1.14,3.1
2001-09-14,11.6,9.8,15.6,7773,3.8,1.18,2.1
2001-09-15,12.6,9.0,17.3,10510,1.5,1.14,2.8
2001-09-16,11.8,8.3,16.7,12505,0.8,1.08,1.9
2001-09-17,10.8,7.7,16.4,10983,0.0,1.05,1.6
2001-09-18,9.8,7.5,11.3,6123,13.7,1.0,1.8
2001-09-19,12.0,7.5,17.9,15649,0.0,1.05,3.1
2001-09-20,12.5,9.7,16.5,6445,4.4,1.19,3.2
2001-09-21,12.7,10.7,16.7,8290,2.0,1.26,2.4
2001-09-22,12.0,10.1,16.2,7710,5.6,1.2,1.7
2001-09-23,12.4,8.9,18.3,13879,0.0,1.14,1.7
2001-09-24,11.3,8.9,13.2,5633,7.6,1.1,2.1
2001-09-25,11.9,10.6,12.8,5552,0.2,1.23,1.4
2001-09-26,11.5,8.7,14.2,5749,0.0,1.1,1.3
2001-09-27,10.3,7.3,12.2,5391,16.4,0.99,1.8
2001-09-28,13.0,11.2,16.7,6857,0.0,1.29,1.4
2001-09-29,14.9,12.1,19.5,10637,0.0,1.4,1.7
2001-09-30,13.6,11.4,15.6,5152,3.9,1.31,2.0
2001-10-01,14.5,12.1,16.7,5073,8.2,1.37,3.3
2001-10-02,17.2,12.7,21.8,5958,2.2,1.47,3.1
2001-10-03,15.0,12.1,17.5,6304,14.4,1.38,2.4
2001-10-04,13.6,8.9,18.5,8705,0.1,1.14,2.6
2001-10-05,12.4,7.5,17.0,9781,0.0,1.04,1.6
2001-10-06,13.6,7.9,20.1,12098,0.0,1.09,1.8
2001-10-07,14.2,10.6,16.8,4942,1.7,1.24,2.0
2001-10-08,14.8,10.3,21.8,10807,1.6,1.28,2.8
2001-10-09,12.9,9.6,18.1,8543,0.0,1.18,2.9
2001-10-10,13.6,9.8,18.6,10932,0.0,1.21,2.9
2001-10-11,14.0,12.6,14.7,4310,3.3,1.41,2.3
2001-10-12,15.5,10.2,20.7,10885,0.0,1.25,1.7
2001-10-13,15.2,9.6,22.1,9959,0.0,1.23,1.4
2001-10-14,16.1,11.5,22.4,9515,0.0,1.36,1.4
2001-10-15,15.8,12.1,21.4,8082,0.0,1.41,1.3
2001-10-16,14.8,10.6,20.8,9179,0.0,1.29,1.4
2001-10-17,12.0,10.2,14.6,4107,0.0,1.21,1.8
2001-10-18,12.7,10.1,14.9,3888,0.0,1.2,2.1
2001-10-19,11.6,8.6,16.1,6236,0.0,1.11,1.9
2001-10-20,11.3,7.7,16.4,8313,0.0,1.05,2.5
2001-10-21,10.6,7.2,13.3,3827,3.5,0.99,2.2
2001-10-22,11.9,9.9,13.6,3548,2.8,1.18,2.0
2001-10-23,9.5,5.4,13.6,6071,0.0,0.88,1.9
2001-10-24,7.3,4.0,9.7,4249,0.4,0.8,2.3
2001-10-25,10.1,7.4,13.5,3904,0.2,1.01,1.8
2001-10-26,11.2,8.2,16.2,7683,0.0,1.07,2.1
2001-10-27,10.9,8.2,14.3,3702,1.6,1.06,2.6
2001-10-28,10.7,8.7,13.4,4691,0.0,1.09,2.4
2001-10-29,9.9,8.5,11.2,3117,4.3,1.07,3.1
2001-10-30,14.2,10.7,17.4,5311,0.0,1.26,4.0
2001-10-31,13.8,8.5,18.6,4846,0.0,1.11,4.2
2001-11-01,8.0,4.0,10.9,5397,0.6,0.79,3.8
2001-11-02,7.7,3.0,10.2,2893,0.1,0.74,2.0
2001-11-03,9.9,7.9,11.0,2840,0.0,1.02,2.1
2001-11-04,9.7,8.2,12.1,3393,1.1,1.05,2.3
2001-11-05,7.3,2.8,9.9,6146,0.2,0.74,2.8
2001-11-06,6.2,2.7,8.9,2686,1.3,0.72,4.1
2001-11-07,7.0,4.9,9.2,2929,1.1,0.84,3.6
2001-11-08,5.6,1.8,7.5,2589,5.6,0.68,4.0
2001-11-09,1.5,-1.7,4.8,2827,0.5,0.52,2.8
2001-11-10,-0.1,-3.2,4.7,6947,0.0,0.47,2.4
2001-11-11,2.5,-1.1,5.1,2451,0.3,0.55,2.5
2001-11-12,6.3,4.5,8.6,2407,1.3,0.81,2.1
2001-11-13,2.2,-1.3,6.6,6063,0.0,0.55,1.9
2001-11-14,0.1,-2.5,4.3,4044,0.0,0.5,1.6
2001-11-15,0.5,-2.5,5.2,2549,0.0,0.5,2.5
2001-11-16,5.4,0.7,7.8,2980,0.0,0.63,1.7
2001-11-17,4.9,0.7,7.1,2206,0.4,0.63,1.7
2001-11-18,6.3,4.7,6.9,2170,0.0,0.82,1.5
2001-11-19,5.8,-0.1,8.2,2134,0.0,0.6,1.7
2001-11-20,0.8,-1.7,2.7,3910,0.0,0.52,1.6
2001-11-21,6.7,2.3,9.6,3111,2.0,0.71,3.5
2001-11-22,5.3,0.1,8.2,2034,8.6,0.61,4.8
2001-11-23,1.4,-0.7,3.9,4781,0.0,0.56,3.3
2001-11-24,0.2,-2.2,2.7,4724,0.0,0.5,2.3
2001-11-25,1.3,-1.1,4.0,1944,0.6,0.55,1.7
2001-11-26,3.2,0.7,5.9,1916,3.5,0.62,1.9
2001-11-27,2.9,1.8,4.3,1890,1.9,0.67,1.7
2001-11-28,4.0,2.3,6.2,2097,0.5,0.69,2.8
2001-11-29,4.1,2.6,4.9,1840,9.4,0.71,2.7
2001-11-30,3.1,0.4,4.2,1817,0.0,0.61,2.8
2001-12-01,-0.1,-1.5,2.5,4243,0.0,0.53,3.0
2001-12-02,0.0,-1.1,1.4,1774,0.0,0.54,1.8
2001-12-03,-0.6,-1.0,0.4,1754,0.0,0.54,2.1
2001-12-04,1.1,-1.2,5.3,1957,9.1,0.55,3.2
2001-12-05,5.7,4.1,8.0,1718,4.4,0.79,3.0
2001-12-06,4.6,4.3,5.1,1702,1.7,0.79,3.5
2001-12-07,4.4,2.3,5.1,1686,1.7,0.7,1.5
2001-12-08,0.6,-1.6,2.5,1672,0.0,0.52,1.9
2001-12-09,-2.5,-3.8,-1.0,2090,0.0,0.44,1.7
2001-12-10,-0.1,-2.2,2.6,1647,0.8,0.5,1.5
2001-12-11,2.9,2.4,3.7,1636,1.6,0.7,1.4
2001-12-12,3.6,1.1,5.6,1627,0.4,0.64,2.2
2001-12-13,-5.0,-10.6,1.4,3947,0.0,0.28,3.5
2001-12-14,-8.0,-11.9,-3.5,3468,0.4,0.24,2.2
2001-12-15,-1.3,-4.4,1.0,1604,0.0,0.43,1.9
2001-12-16,0.2,-0.3,1.2,2187,1.6,0.58,2.3
2001-12-17,0.4,-0.2,1.5,1594,1.3,0.58,1.7
2001-12-18,0.3,-0.6,2.1,1591,0.3,0.56,1.9
2001-12-19,2.7,0.8,4.5,1589,3.3,0.63,3.6
2001-12-20,-2.9,-6.1,1.2,3638,1.1,0.38,3.1
2001-12-21,-0.7,-5.1,1.2,1589,10.3,0.41,5.1
2001-12-22,-2.0,-3.8,0.8,2008,2.3,0.45,2.8
2001-12-23,-5.7,-8.3,-3.6,3436,0.0,0.32,3.1
2001-12-24,-3.8,-6.3,0.2,1596,7.5,0.38,4.7
2001-12-25,1.3,0.0,2.8,1600,6.9,0.59,5.4
2001-12-26,1.3,0.5,2.2,1606,0.1,0.61,3.5
2001-12-27,0.5,-1.2,2.2,1739,3.4,0.54,4.3
2001-12-28,2.4,0.7,4.8,1620,3.4,0.62,5.4
2001-12-29,0.4,-2.8,3.9,2055,0.0,0.49,3.4
2001-12-30,-1.1,-4.2,0.5,1639,3.4,0.43,3.1
2001-12-31,-5.2,-8.1,-3.4,2166,0.2,0.32,2.4
2002-01-01,0.0,-6.1,2.3,1663,1.8,0.39,3.5
2002-01-02,0.1,-5.7,3.1,4496,0.0,0.4,3.1
2002-01-03,-6.3,-10.7,-2.3,3523,0.0,0.27,2.4
2002-01-04,-8.9,-13.3,-2.7,4955,0.0,0.22,1.7
2002-01-05,-7.3,-11.8,-0.9,4861,0.0,0.25,1.5
2002-01-06,0.3,-6.5,2.6,1741,2.2,0.38,2.1
2002-01-07,1.7,0.3,2.7,1760,0.0,0.6,1.5
2002-01-08,0.2,-0.8,0.7,1780,0.2,0.55,1.3
2002-01-09,-0.5,-1.7,0.0,1802,0.2,0.52,1.3
2002-01-10,-0.8,-1.8,-0.4,1824,0.3,0.51,1.4
2002-01-11,-3.1,-5.8,0.3,1848,1.8,0.39,1.8
2002-01-12,0.7,0.2,1.1,1873,1.9,0.6,1.6
2002-01-13,0.4,-1.1,1.0,1898,0.0,0.54,1.7
2002-01-14,-2.9,-5.1,0.4,3638,0.0,0.41,2.1
2002-01-15,-4.0,-6.6,-0.1,5364,0.0,0.37,2.4
2002-01-16,-3.7,-7.6,0.1,4360,0.2,0.34,1.7
2002-01-17,0.0,-2.0,3.1,2896,0.0,0.51,2.2
2002-01-18,0.4,-1.8,3.0,2293,1.3,0.52,2.5
2002-01-19,2.0,0.2,3.4,2078,1.2,0.59,3.4
2002-01-20,4.3,2.5,6.3,2972,6.6,0.71,4.5
2002-01-21,7.8,5.4,9.7,2147,0.8,0.87,4.4
2002-01-22,7.4,4.0,9.1,3631,0.0,0.79,3.8
2002-01-23,6.8,5.1,9.7,3894,0.4,0.85,3.8
2002-01-24,9.0,6.3,11.7,3053,1.9,0.93,4.9
2002-01-25,3.6,0.9,7.1,4974,1.0,0.64,3.9
2002-01-26,8.4,2.0,11.7,2827,4.1,0.71,5.7
2002-01-27,8.7,5.9,11.2,3422,6.9,0.9,5.4
2002-01-28,10.1,6.1,14.7,3533,3.4,0.94,6.2
2002-01-29,9.4,5.9,11.6,5218,0.0,0.91,4.8
2002-01-30,10.5,8.1,12.7,3309,0.0,1.04,3.0
2002-01-31,8.6,4.1,11.8,4227,1.6,0.8,4.0
2002-02-01,7.3,2.2,10.7,3249,0.0,0.71,3.9
2002-02-02,11.6,7.9,17.2,5424,0.0,1.06,3.4
2002-02-03,10.1,6.3,16.0,7296,0.0,0.96,2.6
2002-02-04,8.4,5.9,11.9,5534,0.0,0.91,4.3
2002-02-05,10.9,7.0,14.1,2872,1.9,0.98,4.0
2002-02-06,8.6,3.5,12.6,4657,0.0,0.79,2.7
2002-02-07,6.3,3.4,8.9,3607,1.8,0.76,3.0
2002-02-08,7.2,4.9,11.3,4684,3.7,0.85,4.2
2002-02-09,9.6,6.6,12.4,3030,5.1,0.95,4.8
2002-02-10,6.3,4.9,8.2,4191,4.7,0.84,4.7
2002-02-11,8.3,5.3,10.9,3146,9.9,0.87,5.7
2002-02-12,10.7,8.6,12.8,6665,0.9,1.08,6.2
2002-02-13,6.0,-0.2,9.1,5623,0.0,0.61,2.7
2002-02-14,0.9,-2.8,5.2,8915,0.0,0.49,3.2
2002-02-15,0.5,-3.4,7.0,9459,0.0,0.48,2.5
2002-02-16,1.1,-3.5,8.4,9595,0.0,0.49,1.9
2002-02-17,2.2,-2.3,8.9,9168,0.0,0.53,1.3
2002-02-18,2.5,-1.2,5.9,4441,0.7,0.55,2.9
2002-02-19,2.7,0.0,6.1,4734,7.5,0.6,5.2
2002-02-20,3.9,0.0,9.1,5180,5.0,0.61,5.2
2002-02-21,0.2,-3.9,2.6,6227,0.2,0.45,3.9
2002-02-22,0.3,-3.8,3.5,3854,11.8,0.45,5.4
2002-02-23,2.5,0.3,4.7,5741,1.8,0.61,5.7
2002-02-24,1.4,-0.2,5.2,5832,4.0,0.59,4.3
2002-02-25,1.9,-0.3,5.6,5304,11.6,0.58,3.2
2002-02-26,8.0,2.3,11.5,5390,10.1,0.72,6.3
2002-02-27,5.8,2.4,9.3,7931,2.8,0.71,5.1
2002-02-28,5.3,2.2,9.5,7805,1.8,0.7,4.5
2002-03-01,3.9,0.7,7.2,5328,1.3,0.63,2.9
2002-03-02,1.2,-1.9,5.6,11791,0.1,0.53,2.4
2002-03-03,2.8,-0.7,5.7,9878,0.0,0.57,2.8
2002-03-04,6.2,3.9,8.1,4584,0.3,0.78,2.4
2002-03-05,7.0,5.4,9.4,4661,0.0,0.87,1.7
2002-03-06,7.4,5.5,9.7,6783,3.6,0.87,4.1
2002-03-07,7.9,3.9,11.0,8517,4.8,0.8,6.3
2002-03-08,6.6,3.6,11.2,11501,0.0,0.78,2.9
2002-03-09,7.0,3.2,10.3,4973,2.7,0.76,3.3
2002-03-10,5.8,2.9,9.8,9307,0.4,0.74,4.0
2002-03-11,8.5,1.9,15.6,13722,0.0,0.73,2.6
2002-03-12,9.4,4.8,15.6,6838,0.0,0.87,1.3
2002-03-13,7.2,2.4,11.6,6114,7.4,0.72,2.0
2002-03-14,2.4,0.5,4.7,5374,0.2,0.61,3.4
2002-03-15,1.2,0.1,1.5,5455,1.4,0.59,3.3
2002-03-16,2.5,1.2,3.8,5537,0.0,0.64,2.2
2002-03-17,7.7,3.0,15.4,10814,0.0,0.78,2.0
2002-03-18,11.2,3.8,19.0,13703,7.5,0.85,2.8
2002-03-19,8.7,6.4,11.4,6840,0.4,0.94,4.6
2002-03-20,5.9,2.8,8.7,5865,3.0,0.73,3.6
2002-03-21,6.2,2.9,10.0,7120,1.6,0.74,3.5
2002-03-22,4.2,0.9,8.8,9476,0.3,0.64,3.8
2002-03-23,3.2,0.8,6.5,7502,0.7,0.63,3.0
2002-03-24,2.2,0.6,4.6,6296,0.0,0.62,2.5
2002-03-25,1.4,0.0,2.8,6279,0.0,0.59,1.7
2002-03-26,1.7,0.3,2.9,6362,0.0,0.6,1.3
2002-03-27,3.3,-0.3,8.0,13908,0.0,0.59,1.6
2002-03-28,5.0,-1.8,12.0,18472,0.0,0.56,1.8
2002-03-29,8.8,2.9,16.4,18535,0.0,0.79,1.9
2002-03-30,10.9,3.0,19.0,16612,0.0,0.81,1.3
2002-03-31,9.8,5.5,15.9,10770,0.0,0.91,1.4
2002-04-01,10.8,3.1,18.2,19132,0.0,0.81,1.3
2002-04-02,11.7,4.2,18.9,19613,0.0,0.87,2.4
2002-04-03,10.2,4.2,15.9,19775,0.0,0.84,4.1
2002-04-04,7.5,1.4,14.1,20799,0.0,0.7,3.4
2002-04-05,5.0,-0.2,9.4,17925,0.0,0.61,3.7
2002-04-06,2.1,-1.6,5.8,8356,0.0,0.53,2.7
2002-04-07,3.4,-2.4,9.3,19860,0.0,0.52,1.9
2002-04-08,5.0,-1.7,11.6,19680,0.0,0.56,2.1
2002-04-09,6.3,-0.3,11.9,16497,0.1,0.62,2.4
2002-04-10,7.5,2.1,11.6,9482,0.0,0.72,3.6
2002-04-11,8.0,4.0,10.9,8337,0.0,0.79,2.7
2002-04-12,10.6,4.8,14.5,7855,0.0,0.87,2.3
2002-04-13,10.4,7.8,13.1,7820,0.6,1.03,2.3
2002-04-14,8.3,7.3,8.7,7897,7.5,0.99,2.2
2002-04-15,7.4,6.3,7.6,7974,14.9,0.92,2.4
2002-04-16,6.5,5.5,7.1,8050,1.3,0.87,1.9
2002-04-17,8.1,4.4,13.0,11244,2.2,0.83,1.4
2002-04-18,9.5,3.8,14.0,13421,0.0,0.8,1.4
2002-04-19,10.8,6.0,18.1,15266,3.5,0.96,1.6
2002-04-20,10.0,5.8,13.1,9285,0.0,0.91,1.5
2002-04-21,9.4,3.5,16.3,17467,0.0,0.8,1.5
2002-04-22,12.1,3.3,19.2,25003,0.0,0.82,1.3
2002-04-23,12.7,7.4,18.3,12827,0.2,1.03,2.3
2002-04-24,11.8,8.3,13.6,9112,0.0,1.06,1.7
2002-04-25,12.9,9.6,16.7,9422,0.3,1.18,1.5
2002-04-26,12.8,8.5,17.8,12246,7.8,1.1,2.7
2002-04-27,8.1,3.4,13.1,14487,3.4,0.78,4.3
2002-04-28,8.2,1.3,12.7,11682,0.7,0.68,3.4
2002-04-29,10.1,6.8,14.7,13811,1.7,0.97,4.4
2002-04-30,10.8,6.6,15.8,13528,0.2,0.97,3.4
2002-05-01,14.4,8.8,19.7,12026,5.7,1.15,3.0
2002-05-02,12.5,9.7,15.8,9660,0.4,1.17,1.7
2002-05-03,14.1,9.5,18.5,16692,0.0,1.18,2.2
2002-05-04,12.0,10.8,12.9,9297,3.9,1.25,2.6
2002-05-05,12.8,10.8,15.1,9481,3.1,1.25,2.0
2002-05-06,13.7,11.2,18.1,13483,0.1,1.31,1.8
2002-05-07,11.4,10.4,12.2,9477,0.3,1.22,2.0
2002-05-08,17.2,10.0,25.7,20054,0.0,1.29,2.6
2002-05-09,20.3,13.0,27.1,25095,0.0,1.55,2.7
2002-05-10,20.2,13.4,27.2,21952,0.0,1.59,2.5
2002-05-11,17.5,13.4,25.2,18544,11.5,1.57,1.8
2002-05-12,16.7,12.3,21.5,17242,2.7,1.42,1.8
2002-05-13,16.0,12.0,21.8,18809,0.0,1.41,1.6
2002-05-14,16.2,12.4,22.1,18876,1.8,1.44,3.4
2002-05-15,14.2,10.6,18.6,15554,0.0,1.27,2.5
2002-05-16,18.0,10.1,24.3,24408,0.0,1.28,2.0
2002-05-17,15.7,9.4,21.5,26240,0.0,1.2,1.8
2002-05-18,15.9,7.3,22.6,27445,1.0,1.07,2.1
2002-05-19,13.8,12.6,15.1,10097,6.3,1.41,1.7
2002-05-20,16.2,12.1,22.3,21137,0.0,1.42,1.6
2002-05-21,18.0,11.3,24.2,23978,0.0,1.37,2.5
2002-05-22,20.2,12.9,27.5,26697,0.0,1.55,2.5
2002-05-23,19.9,15.1,27.4,21048,29.8,1.74,1.9
2002-05-24,15.5,13.4,18.9,13860,0.7,1.49,2.5
2002-05-25,15.7,12.1,20.6,12503,6.2,1.4,2.3
2002-05-26,12.6,10.0,13.7,10506,3.4,1.19,1.9
2002-05-27,15.4,9.0,21.0,21112,0.1,1.16,1.6
2002-05-28,14.9,13.5,16.2,10448,9.6,1.49,1.8
2002-05-29,16.9,12.3,22.7,22344,0.0,1.45,2.4
2002-05-30,15.6,9.8,20.4,25958,0.0,1.23,1.8
2002-05-31,14.8,9.6,21.2,19867,2.5,1.21,2.2
2002-06-01,13.3,7.8,19.2,24631,0.0,1.07,1.9
2002-06-02,16.2,8.5,23.5,28504,0.0,1.16,1.9
2002-06-03,17.5,9.5,23.8,26748,0.0,1.24,2.3
2002-06-04,20.7,13.9,27.6,27036,0.0,1.64,1.8
2002-06-05,22.3,15.5,28.0,23864,0.0,1.8,3.5
2002-06-06,18.9,15.6,23.5,16329,10.3,1.75,2.8
2002-06-07,15.2,13.8,15.7,10710,4.7,1.51,2.9
2002-06-08,15.0,13.1,17.3,10728,0.0,1.46,1.7
2002-06-09,16.8,12.3,21.1,17930,0.0,1.42,1.2
2002-06-10,16.3,12.3,20.4,13584,4.2,1.42,2.4
2002-06-11,15.4,11.6,20.2,17835,0.3,1.36,2.5
2002-06-12,15.9,12.5,19.7,13356,8.1,1.42,2.2
2002-06-13,14.5,12.3,15.9,11313,1.8,1.38,3.2
2002-06-14,15.0,12.4,17.6,12478,0.2,1.4,2.2
2002-06-15,19.2,13.4,25.9,16597,0.1,1.56,2.5
2002-06-16,18.4,13.3,23.0,16733,0.0,1.52,1.9
2002-06-17,22.6,15.3,28.9,25217,0.0,1.8,1.5
2002-06-18,26.5,18.4,33.5,29974,0.0,2.22,2.3
2002-06-19,23.1,20.0,26.1,18158,0.9,2.29,1.9
2002-06-20,21.6,15.0,29.1,18929,2.6,1.78,2.4
2002-06-21,18.7,15.4,22.1,17002,0.5,1.72,1.6
2002-06-22,20.7,14.5,26.4,24191,0.0,1.68,1.7
2002-06-23,19.6,13.5,23.7,19563,0.0,1.54,2.6
2002-06-24,16.7,11.8,21.8,22509,0.0,1.38,2.4
2002-06-25,16.9,10.2,22.1,22629,0.0,1.27,2.0
2002-06-26,19.2,12.5,24.8,25570,0.0,1.49,1.8
2002-06-27,17.6,12.1,22.6,19527,0.8,1.41,2.9
2002-06-28,14.1,9.8,18.9,21822,1.7,1.21,3.8
2002-06-29,14.2,10.8,18.9,17960,0.7,1.29,3.3
2002-06-30,15.8,9.4,20.8,13586,0.1,1.2,2.8
2002-07-01,16.2,13.4,19.1,10752,1.8,1.5,3.1
2002-07-02,15.6,12.2,19.6,13809,5.4,1.41,3.2
2002-07-03,17.0,11.9,23.5,12510,0.0,1.42,3.0
2002-07-04,15.6,11.5,17.9,11210,0.9,1.33,3.7
2002-07-05,18.2,9.5,25.3,26787,0.0,1.26,1.9
2002-07-06,18.6,13.9,24.9,16533,0.3,1.61,1.6
2002-07-07,17.3,12.9,22.1,16506,0.4,1.47,1.7
2002-07-08,22.3,13.8,29.6,27962,0.0,1.66,1.9
2002-07-09,26.6,17.7,34.6,29453,0.0,2.14,1.9
2002-07-10,24.4,14.2,32.5,23805,9.0,1.76,2.2
2002-07-11,17.5,13.5,22.6,19819,0.0,1.54,2.1
2002-07-12,20.4,13.7,26.3,20798,0.0,1.6,1.4
2002-07-13,20.5,14.9,27.1,19487,0.7,1.72,2.1
2002-07-14,18.9,16.7,21.2,10430,20.8,1.86,2.0
2002-07-15,19.3,16.2,22.5,12933,0.2,1.8,2.4
2002-07-16,22.1,16.3,28.5,18090,0.1,1.9,2.4
2002-07-17,21.1,19.2,24.3,10450,13.5,2.16,2.8
2002-07-18,17.6,15.2,20.1,11044,0.9,1.67,3.5
2002-07-19,15.3,14.0,15.8,10246,1.2,1.54,2.4
2002-07-20,16.4,13.2,20.5,14998,0.0,1.49,1.6
2002-07-21,17.6,12.8,25.9,25276,1.7,1.52,2.4
2002-07-22,14.8,13.0,16.5,11001,5.6,1.45,3.6
2002-07-23,16.7,12.5,20.8,11332,4.3,1.43,2.8
2002-07-24,16.7,12.1,20.8,13166,1.3,1.39,3.2
2002-07-25,15.2,12.4,18.6,12738,0.7,1.42,2.6
2002-07-26,15.9,13.2,17.9,10436,0.0,1.48,2.1
2002-07-27,20.4,16.1,26.4,18746,0.0,1.85,1.3
2002-07-28,23.0,15.4,30.3,28020,0.0,1.82,1.8
2002-07-29,25.5,18.5,32.7,25573,0.0,2.19,1.5
2002-07-30,26.5,19.9,33.4,25862,0.0,2.39,1.8
2002-07-31,25.6,18.7,32.3,20947,0.0,2.2,1.8
2002-08-01,23.2,19.4,33.2,19510,5.2,2.31,2.0
2002-08-02,19.2,15.6,23.5,13268,0.0,1.75,1.9
2002-08-03,20.4,14.3,26.8,24766,0.0,1.67,1.4
2002-08-04,19.8,16.2,26.9,18905,12.8,1.86,1.5
2002-08-05,18.2,16.4,20.4,9641,5.3,1.81,1.5
2002-08-06,19.4,14.9,24.4,21304,0.0,1.69,1.3
2002-08-07,19.3,14.6,25.2,15000,20.1,1.68,1.6
2002-08-08,20.6,16.4,24.5,12130,0.0,1.85,1.2
2002-08-09,20.0,15.4,25.3,15814,0.0,1.74,1.4
2002-08-10,20.6,15.8,26.6,14644,0.3,1.79,1.6
2002-08-11,22.1,17.1,27.9,17935,6.8,1.97,1.7
2002-08-12,18.6,17.8,20.0,8958,75.2,1.97,3.5
2002-08-13,16.7,15.4,17.7,8892,7.7,1.68,3.5
2002-08-14,18.2,14.9,22.3,10018,0.0,1.67,1.9
2002-08-15,20.2,15.1,26.1,19932,0.0,1.73,1.3
2002-08-16,20.7,14.3,26.3,17218,0.1,1.67,1.3
2002-08-17,22.2,17.1,28.1,16646,0.0,1.96,1.4
2002-08-18,22.6,18.2,28.1,22544,0.0,2.09,2.0
2002-08-19,23.0,17.4,29.9,22537,0.0,2.02,1.8
2002-08-20,22.1,16.4,28.2,23228,0.0,1.88,2.0
2002-08-21,22.2,15.2,29.0,22398,0.0,1.78,1.8
2002-08-22,20.3,15.5,28.1,20531,3.3,1.81,1.3
2002-08-23,21.2,15.5,28.3,18100,0.0,1.79,1.3
2002-08-24,21.6,16.1,28.2,17753,0.0,1.87,1.5
2002-08-25,21.3,16.7,26.8,19692,0.0,1.9,1.5
2002-08-26,22.6,16.7,29.5,19449,0.0,1.96,1.8
2002-08-27,23.2,17.4,29.1,19998,0.0,2.02,1.9
2002-08-28,22.8,16.7,29.0,20201,0.1,1.95,1.6
2002-08-29,21.7,16.5,27.9,17596,0.0,1.89,1.2
2002-08-30,21.5,16.0,26.8,17803,0.0,1.82,1.3
2002-08-31,21.2,16.4,26.7,14899,0.0,1.88,2.2
2002-09-01,17.0,11.4,21.6,15444,0.0,1.36,2.5
2002-09-02,16.3,9.7,23.6,19273,0.0,1.26,1.9
2002-09-03,18.1,10.8,24.0,17599,0.0,1.33,2.4
2002-09-04,20.6,14.7,27.0,18112,0.0,1.7,1.8
2002-09-05,19.6,14.1,25.4,16675,0.0,1.63,1.3
2002-09-06,18.0,12.4,23.8,17289,0.0,1.45,1.7
2002-09-07,18.4,12.3,25.1,14055,0.0,1.48,1.7
2002-09-08,19.3,13.0,26.6,17956,0.0,1.54,1.7
2002-09-09,20.1,14.6,27.1,17384,0.0,1.71,2.4
2002-09-10,20.3,15.7,26.8,16084,0.0,1.8,2.1
2002-09-11,18.5,13.2,24.2,15110,0.0,1.52,1.9
2002-09-12,15.7,9.2,22.9,18377,0.0,1.21,2.4
2002-09-13,16.0,9.0,22.6,15960,0.0,1.19,1.7
2002-09-14,14.7,11.3,19.7,9605,0.6,1.33,2.4
2002-09-15,13.5,8.3,19.5,16168,0.0,1.11,2.3
2002-09-16,11.9,7.1,17.0,8393,0.9,1.02,1.7
2002-09-17,14.5,12.3,18.2,7399,0.1,1.39,2.0
2002-09-18,14.0,11.5,17.4,7802,0.4,1.32,2.1
2002-09-19,14.8,10.8,19.8,12511,0.0,1.28,1.2
2002-09-20,14.1,12.0,17.9,6445,0.0,1.36,1.7
2002-09-21,13.1,10.9,16.1,8193,0.4,1.27,1.6
2002-09-22,11.3,10.3,12.7,5796,20.7,1.21,1.9
2002-09-23,7.4,5.7,10.5,5714,8.7,0.89,3.2
2002-09-24,7.9,1.8,15.0,14482,0.0,0.72,2.9
2002-09-25,9.4,3.2,15.6,12646,0.7,0.79,1.9
2002-09-26,11.7,10.3,14.2,5657,3.1,1.21,2.3
2002-09-27,9.4,6.8,12.9,8969,1.2,0.97,2.0
2002-09-28,9.1,4.3,13.3,8948,0.0,0.83,1.4
2002-09-29,12.8,9.7,18.3,7123,0.0,1.19,1.4
2002-09-30,12.4,8.2,17.6,10776,0.0,1.09,1.3
2002-10-01,13.2,8.4,19.2,14093,0.0,1.11,1.0
2002-10-02,13.5,8.7,20.1,13492,0.0,1.15,1.1
2002-10-03,14.0,8.4,20.2,10122,0.2,1.13,1.7
2002-10-04,13.6,10.2,17.2,9822,2.1,1.22,2.8
2002-10-05,11.5,9.4,14.5,7399,8.7,1.15,2.9
2002-10-06,10.0,4.4,12.2,4853,11.1,0.82,3.4
2002-10-07,6.4,1.5,11.1,8695,0.1,0.68,1.7
2002-10-08,5.8,1.1,8.8,4533,0.2,0.65,2.0
2002-10-09,7.6,2.1,12.7,6745,0.0,0.72,2.8
2002-10-10,5.8,1.6,11.1,12873,0.0,0.68,3.4
2002-10-11,5.3,1.0,10.3,12710,0.0,0.66,3.2
2002-10-12,4.4,0.8,8.7,9461,0.0,0.64,2.9
2002-10-13,1.7,0.6,4.0,4164,9.4,0.62,2.3
2002-10-14,4.4,1.5,8.6,4093,6.3,0.67,2.6
2002-10-15,8.3,6.4,10.5,4022,0.0,0.93,1.9
2002-10-16,12.8,10.0,16.9,5467,4.4,1.2,2.4
2002-10-17,11.2,7.2,14.0,3957,0.5,0.99,3.5
2002-10-18,6.9,5.1,8.9,5147,3.6,0.85,3.0
2002-10-19,5.6,2.5,8.6,5357,1.8,0.71,2.7
2002-10-20,4.8,2.3,9.6,6865,0.1,0.71,1.9
2002-10-21,4.9,2.2,10.4,3613,2.2,0.71,2.5
2002-10-22,11.2,9.4,12.8,3548,4.3,1.14,2.6
2002-10-23,11.5,6.0,16.7,4322,3.9,0.95,4.3
2002-10-24,6.0,3.3,9.9,6461,1.3,0.76,3.1
2002-10-25,7.9,2.2,13.3,5406,8.2,0.73,3.7
2002-10-26,10.5,9.0,12.9,4443,2.5,1.11,5.5
2002-10-27,9.9,7.6,13.0,3302,11.3,1.02,6.1
2002-10-28,7.6,5.3,10.6,4823,0.5,0.87,5.4
2002-10-29,7.3,4.7,11.2,6503,1.7,0.84,2.1
2002-10-30,7.0,5.5,10.1,3767,0.1,0.88,1.5
2002-10-31,7.1,3.7,11.0,4084,0.0,0.78,1.2
2002-11-01,6.6,2.8,11.8,5208,14.0,0.75,1.7
2002-11-02,5.5,0.4,8.0,2893,0.6,0.62,2.9
2002-11-03,1.8,-0.6,4.9,3024,5.7,0.57,3.4
2002-11-04,0.8,-1.8,3.4,2787,0.0,0.52,2.4
2002-11-05,-1.1,-3.5,4.3,6804,0.0,0.47,1.7
2002-11-06,-1.7,-5.0,3.4,7473,0.0,0.42,2.4
2002-11-07,-1.0,-5.1,2.9,5381,1.9,0.42,2.2
2002-11-08,4.6,1.2,8.8,3916,11.9,0.66,3.4
2002-11-09,3.2,0.8,5.6,2542,3.3,0.63,4.2
2002-11-10,3.3,0.6,6.1,4299,0.5,0.62,1.9
2002-11-11,2.5,1.0,3.4,2451,3.1,0.63,2.7
2002-11-12,6.6,3.2,11.3,3508,0.0,0.76,2.6
2002-11-13,9.1,6.9,11.7,3344,0.0,0.96,2.8
2002-11-14,7.2,4.0,10.9,3345,0.1,0.79,2.3
2002-11-15,7.2,4.8,9.0,2283,2.0,0.83,1.2
2002-11-16,7.6,4.6,10.2,2244,1.7,0.83,2.0
2002-11-17,8.5,5.3,9.9,2206,0.4,0.87,2.9
2002-11-18,6.2,2.3,11.3,5253,0.3,0.72,1.4
2002-11-19,4.7,-0.7,7.1,2134,2.0,0.57,2.2
2002-11-20,-0.8,-2.8,3.4,4916,0.0,0.49,1.8
2002-11-21,0.4,-2.6,3.8,3857,0.0,0.5,2.6
2002-11-22,3.1,1.6,4.1,2034,6.0,0.66,2.1
2002-11-23,4.6,3.0,6.1,2003,0.2,0.73,1.6
2002-11-24,4.1,0.7,7.2,3614,0.0,0.63,1.6
2002-11-25,4.7,3.4,6.1,1944,1.1,0.75,2.0
2002-11-26,7.6,4.9,9.5,1964,0.5,0.84,1.9
2002-11-27,5.6,4.0,7.6,2687,0.0,0.79,1.9
2002-11-28,6.1,4.7,7.5,1864,0.0,0.82,2.3
2002-11-29,6.2,4.8,7.5,1840,4.1,0.83,1.4
2002-11-30,5.2,2.7,7.1,1817,7.7,0.72,1.9
2002-12-01,4.2,2.4,5.3,1795,0.2,0.7,2.1
2002-12-02,3.8,2.1,5.3,2404,0.0,0.69,2.5
2002-12-03,3.2,1.3,5.3,1754,0.0,0.65,1.7
2002-12-04,1.6,1.1,1.9,1736,0.0,0.63,1.5
2002-12-05,0.9,-1.4,2.3,1718,0.1,0.53,2.5
2002-12-06,-0.8,-2.7,0.1,1702,0.0,0.48,3.6
2002-12-07,-4.9,-6.8,-2.5,1860,0.0,0.35,4.1
2002-12-08,-6.3,-7.8,-2.7,4658,0.0,0.33,4.0
2002-12-09,-8.1,-10.4,-6.7,3338,0.0,0.27,3.5
2002-12-10,-9.6,-11.6,-6.5,4389,0.0,0.24,2.6
2002-12-11,-8.0,-11.8,-4.3,4324,0.0,0.25,2.7
2002-12-12,-8.0,-10.0,-4.6,4134,0.0,0.28,2.3
2002-12-13,-7.8,-11.1,-4.3,3693,0.0,0.26,1.6
2002-12-14,-5.2,-8.5,-2.2,3805,0.0,0.32,2.6
2002-12-15,-4.4,-7.3,-2.1,1604,0.0,0.34,3.3
2002-12-16,-0.6,-2.2,0.8,1599,1.3,0.5,2.8
2002-12-17,0.3,-0.6,1.1,1594,0.0,0.56,2.1
2002-12-18,-0.2,-2.8,0.6,1801,1.3,0.48,2.1
2002-12-19,-0.2,-1.0,0.7,1589,0.0,0.54,1.5
2002-12-20,-2.8,-5.6,-0.2,3806,0.0,0.39,1.7
2002-12-21,-1.1,-1.7,-0.7,1589,0.0,0.52,1.7
2002-12-22,-1.4,-3.3,-0.3,1590,2.1,0.46,2.9
2002-12-23,-3.1,-5.0,-1.0,3520,0.0,0.41,2.9
2002-12-24,-4.2,-5.3,-2.9,1596,0.4,0.39,3.1
2002-12-25,-2.6,-4.5,0.1,1600,0.0,0.42,2.2
2002-12-26,0.7,-0.4,2.6,2786,2.3,0.57,2.7
2002-12-27,2.1,0.7,3.4,1782,0.5,0.62,2.4
2002-12-28,3.2,1.5,5.7,1705,0.6,0.65,2.2
2002-12-29,5.2,2.7,7.2,1672,5.0,0.72,3.1
2002-12-30,1.4,-2.0,4.1,1639,10.3,0.52,3.6
2002-12-31,-4.8,-9.9,-1.9,4570,0.0,0.29,3.0
2003-01-01,-7.2,-12.9,1.6,1663,12.3,0.25,2.7
2003-01-02,5.2,1.7,7.2,1676,16.3,0.67,3.9
2003-01-03,0.3,-0.4,4.3,1691,0.8,0.58,3.4
2003-01-04,-2.3,-6.1,-0.4,2936,0.0,0.38,2.6
2003-01-05,-6.1,-9.4,-3.4,2121,1.3,0.29,2.2
2003-01-06,-4.4,-8.4,-2.5,1741,0.7,0.32,2.2
2003-01-07,-11.0,-14.2,-8.1,4091,0.0,0.2,1.8
2003-01-08,-11.8,-14.3,-9.1,3316,0.0,0.2,1.6
2003-01-09,-10.9,-15.3,-6.8,2439,0.0,0.19,1.6
2003-01-10,-6.1,-8.2,-3.7,1824,0.6,0.32,1.5
2003-01-11,-8.0,-10.9,-4.9,2311,0.1,0.26,2.0
2003-01-12,-1.4,-4.8,0.5,1873,4.7,0.41,2.7
2003-01-13,0.9,-0.9,3.3,1898,2.8,0.55,3.8
2003-01-14,5.4,3.2,6.8,1925,0.5,0.74,4.3
2003-01-15,5.1,3.5,6.7,1954,0.0,0.76,4.1
2003-01-16,4.7,3.1,6.6,2128,0.0,0.74,3.7
2003-01-17,2.6,0.2,6.3,5640,0.0,0.61,2.7
2003-01-18,1.1,-1.6,2.9,2045,0.0,0.52,2.5
2003-01-19,2.3,1.1,5.6,4830,1.6,0.64,3.0
2003-01-20,4.3,1.7,8.7,4944,0.2,0.68,3.1
2003-01-21,2.8,-0.4,5.4,2505,0.0,0.58,2.7
2003-01-22,1.7,-1.6,6.5,5131,0.0,0.54,2.7
2003-01-23,3.9,2.1,6.5,2221,3.7,0.69,2.4
2003-01-24,2.7,1.8,3.4,2259,0.0,0.67,2.1
2003-01-25,2.5,1.1,4.4,2299,1.7,0.64,2.5
2003-01-26,3.0,0.7,4.8,2340,1.2,0.62,2.9
2003-01-27,6.4,3.5,9.2,2382,5.5,0.77,3.8
2003-01-28,5.1,1.1,9.4,2702,8.7,0.65,5.5
2003-01-29,1.6,0.0,4.3,2581,2.3,0.59,3.4
2003-01-30,-0.1,-1.2,1.3,2742,1.7,0.54,2.7
2003-01-31,-2.7,-7.4,-0.3,2561,1.2,0.35,2.5
2003-02-01,-6.8,-9.5,-2.7,3946,0.0,0.29,2.2
2003-02-02,-3.4,-7.3,0.3,3129,3.3,0.35,3.5
2003-02-03,1.1,-1.0,3.9,4317,0.2,0.55,3.6
2003-02-04,0.4,-1.1,3.8,4267,3.0,0.55,2.4
2003-02-05,-1.0,-3.5,1.4,3788,0.1,0.46,2.4
2003-02-06,-2.4,-3.4,-1.1,2926,0.0,0.46,2.3
2003-02-07,-2.9,-6.9,0.3,3356,1.5,0.36,2.0
2003-02-08,-1.3,-5.3,1.4,2974,0.4,0.4,1.5
2003-02-09,-3.6,-7.2,1.6,6814,0.0,0.35,2.3
2003-02-10,-2.5,-5.9,-0.3,3088,0.0,0.38,1.7
2003-02-11,-2.4,-5.9,0.7,4855,0.0,0.38,1.9
2003-02-12,-4.9,-8.7,0.6,9059,0.0,0.32,2.2
2003-02-13,-5.4,-10.8,1.5,9460,0.0,0.28,2.0
2003-02-14,-3.7,-8.7,2.7,9188,0.0,0.33,1.6
2003-02-15,-1.2,-2.9,1.2,3390,0.1,0.48,2.3
2003-02-16,-3.7,-6.2,-0.8,9735,0.0,0.37,2.8
2003-02-17,-5.7,-9.1,-1.6,6767,0.0,0.3,2.0
2003-02-18,-5.2,-9.3,-2.4,3583,0.5,0.3,1.8
2003-02-19,-1.4,-2.6,-0.2,3650,0.0,0.49,2.2
2003-02-20,-1.5,-1.9,-0.7,3717,0.0,0.51,1.9
2003-02-21,-1.0,-2.5,0.9,3785,0.0,0.49,2.1
2003-02-22,0.6,-3.0,5.6,9618,0.0,0.49,2.2
2003-02-23,0.8,-4.5,7.4,11343,0.0,0.45,1.9
2003-02-24,1.6,-3.9,9.1,11575,0.0,0.48,1.4
2003-02-25,1.8,-4.6,10.6,11654,0.0,0.47,1.7
2003-02-26,1.2,-3.8,8.1,11810,0.0,0.48,1.8
2003-02-27,1.7,-3.5,9.9,11730,0.0,0.49,1.4
2003-02-28,0.4,-2.5,4.3,6764,0.0,0.5,1.7
2003-03-01,2.5,-0.2,6.5,6461,0.0,0.59,1.8
2003-03-02,1.7,-0.9,5.6,6395,2.3,0.56,2.5
2003-03-03,-0.5,-1.8,0.5,4508,0.4,0.51,1.8
2003-03-04,-0.9,-2.9,2.4,5920,0.0,0.48,1.5
2003-03-05,0.2,-4.1,6.2,6348,0.0,0.45,2.2
2003-03-06,1.2,-2.8,5.5,8999,2.2,0.49,3.1
2003-03-07,2.5,-0.2,6.4,4816,0.0,0.59,1.9
2003-03-08,4.9,-0.4,10.7,8111,3.4,0.6,3.5
2003-03-09,6.7,4.9,8.3,4973,2.8,0.83,3.4
2003-03-10,8.6,3.0,14.2,6825,0.0,0.77,2.8
2003-03-11,8.9,6.3,12.4,5222,5.6,0.93,3.2
2003-03-12,6.9,2.9,10.2,6296,4.2,0.74,3.4
2003-03-13,2.9,-0.9,6.9,15502,0.0,0.56,2.6
2003-03-14,2.6,-1.0,7.1,7030,0.0,0.56,2.5
2003-03-15,3.3,-1.7,9.5,15015,0.0,0.55,2.2
2003-03-16,4.2,-1.9,12.0,15837,0.0,0.56,1.7
2003-03-17,2.4,0.0,6.7,6847,0.0,0.6,2.0
2003-03-18,5.6,-1.3,13.9,15608,0.0,0.59,1.8
2003-03-19,3.6,0.4,5.0,5783,0.0,0.61,2.5
2003-03-20,2.5,-1.8,3.8,5865,0.0,0.52,2.1
2003-03-21,-0.5,-4.9,4.8,17764,0.0,0.43,2.7
2003-03-22,1.5,-5.4,8.9,17942,0.0,0.43,2.4
2003-03-23,6.6,-2.7,15.6,18317,0.0,0.56,1.5
2003-03-24,10.4,2.4,19.0,18294,0.0,0.79,1.7
2003-03-25,10.1,4.3,15.9,14439,0.0,0.84,1.6
2003-03-26,5.8,-0.1,12.1,10422,0.0,0.63,1.4
2003-03-27,8.2,3.3,14.2,7263,0.1,0.79,1.3
2003-03-28,8.1,3.3,14.7,11779,0.0,0.78,1.4
2003-03-29,10.0,3.1,16.6,17084,0.0,0.8,1.4
2003-03-30,11.1,4.9,18.0,15985,0.0,0.89,2.3
2003-03-31,7.5,3.0,12.9,15920,0.0,0.76,2.6
2003-04-01,9.5,0.5,15.7,17439,2.1,0.68,3.2
2003-04-02,7.0,3.6,10.9,10028,3.9,0.78,3.8
2003-04-03,5.1,2.3,8.1,9165,4.5,0.7,3.2
2003-04-04,5.8,-1.4,10.9,18318,0.0,0.57,2.7
2003-04-05,5.5,-0.3,10.5,10439,0.0,0.61,4.4
2003-04-06,1.4,-2.9,5.7,15232,0.4,0.49,3.6
2003-04-07,-0.1,-2.9,3.0,7675,0.0,0.48,2.8
2003-04-08,0.4,-3.6,5.1,11510,0.0,0.46,1.8
2003-04-09,-0.9,-5.6,3.5,12612,1.4,0.4,2.1
2003-04-10,1.2,-2.9,4.8,12496,0.0,0.49,1.6
2003-04-11,4.1,-1.7,9.0,15293,0.0,0.55,1.9
2003-04-12,7.0,-0.3,13.1,20712,0.0,0.62,1.4
2003-04-13,9.7,2.5,16.2,21535,0.0,0.76,1.8
2003-04-14,11.4,3.0,18.6,22363,0.0,0.81,3.4
2003-04-15,13.7,5.7,20.9,22394,0.0,0.97,3.2
2003-04-16,13.6,7.1,19.8,22882,0.0,1.05,3.0
2003-04-17,13.5,6.6,20.6,23141,0.0,1.02,2.7
2003-04-18,6.1,3.3,8.2,8201,1.6,0.75,3.5
2003-04-19,9.4,4.0,14.6,13751,0.0,0.82,3.7
2003-04-20,14.5,7.3,21.3,22505,0.0,1.07,2.9
2003-04-21,14.8,7.9,21.4,22870,0.0,1.1,2.5
2003-04-22,14.8,7.2,22.2,23824,0.0,1.07,1.9
2003-04-23,12.6,4.9,20.0,22534,0.0,0.91,1.8
2003-04-24,12.9,4.1,20.8,21349,0.0,0.88,1.4
2003-04-25,15.1,6.6,22.4,19676,0.0,1.03,2.1
2003-04-26,15.1,9.9,21.8,8895,0.8,1.25,2.8
2003-04-27,13.7,8.3,18.5,18328,1.1,1.1,4.0
2003-04-28,14.0,7.5,18.9,15295,1.0,1.05,2.7
2003-04-29,15.6,10.7,22.0,11999,3.7,1.3,3.1
2003-04-30,15.7,8.4,22.4,13407,0.4,1.14,2.7
2003-05-01,14.3,9.9,18.6,18833,0.2,1.21,3.9
2003-05-02,15.1,7.2,20.5,21241,0.0,1.05,2.4
2003-05-03,13.2,7.6,15.7,13269,0.1,1.03,4.4
2003-05-04,14.9,5.7,22.5,25843,0.0,0.98,2.3
2003-05-05,20.7,9.3,30.7,23980,0.0,1.34,2.3
2003-05-06,17.5,10.3,22.4,16686,0.1,1.29,2.3
2003-05-07,14.4,9.8,20.1,21083,0.0,1.21,1.9
2003-05-08,18.5,8.4,27.1,23395,0.0,1.22,1.9
2003-05-09,14.5,11.9,17.4,11204,0.5,1.35,1.6
2003-05-10,14.5,10.4,18.4,13252,0.0,1.25,1.3
2003-05-11,16.7,10.3,23.0,21907,0.0,1.28,1.3
2003-05-12,16.4,12.3,22.3,15246,2.6,1.42,2.0
2003-05-13,12.4,6.5,16.4,13933,3.8,0.98,2.6
2003-05-14,10.5,5.2,16.1,20128,0.1,0.9,2.8
2003-05-15,10.0,5.7,14.6,22078,2.7,0.92,2.1
2003-05-16,10.1,4.6,15.9,17874,1.4,0.86,1.4
2003-05-17,13.4,5.7,21.2,16424,0.0,0.98,2.1
2003-05-18,14.4,9.0,20.5,19001,6.9,1.17,2.4
2003-05-19,14.5,11.9,18.5,12117,6.5,1.36,2.4
2003-05-20,14.0,9.1,19.1,22274,0.1,1.16,3.4
2003-05-21,12.7,7.1,17.6,17777,0.0,1.01,2.6
2003-05-22,14.2,8.6,19.0,20108,0.0,1.13,2.3
2003-05-23,16.0,12.8,19.5,11534,0.4,1.44,2.8
2003-05-24,21.2,11.9,29.7,25162,0.0,1.5,1.9
2003-05-25,21.2,14.9,28.2,28774,4.2,1.74,2.3
2003-05-26,16.5,13.0,21.0,16359,0.1,1.47,1.8
2003-05-27,17.9,11.4,23.8,24041,0.0,1.37,1.7
2003-05-28,18.2,12.2,24.2,23831,0.0,1.44,2.0
2003-05-29,18.8,10.6,26.4,29743,0.0,1.35,1.8
2003-05-30,20.8,11.9,28.8,29788,0.0,1.5,1.4
2003-05-31,19.8,13.2,26.0,17056,0.4,1.56,1.5
2003-06-01,20.5,12.7,27.1,29745,0.0,1.54,1.5
2003-06-02,22.6,14.1,30.1,28760,0.0,1.7,2.2
2003-06-03,24.3,16.3,32.0,23676,0.0,1.95,1.5
2003-06-04,26.0,18.2,33.2,26396,0.0,2.19,2.0
2003-06-05,23.8,17.4,31.8,24505,7.0,2.07,1.8
2003-06-06,19.6,14.8,24.4,25557,0.1,1.68,1.6
2003-06-07,22.2,13.3,28.8,28404,0.0,1.62,1.4
2003-06-08,25.0,16.7,32.8,26505,13.5,1.99,2.1
2003-06-09,17.9,12.6,22.4,26527,0.0,1.46,3.1
2003-06-10,20.5,11.1,27.4,26803,4.2,1.42,1.8
2003-06-11,21.4,15.5,25.8,21045,0.0,1.75,2.5
2003-06-12,21.9,13.3,28.6,26580,1.8,1.61,1.6
2003-06-13,19.5,13.8,24.2,27236,0.0,1.59,2.0
2003-06-14,18.2,12.1,23.7,21084,0.0,1.43,1.6
2003-06-15,18.0,10.9,23.1,22763,0.0,1.32,1.6
2003-06-16,18.2,12.1,23.2,24569,0.0,1.43,1.8
2003-06-17,19.3,12.6,24.9,26887,0.0,1.5,1.6
2003-06-18,17.2,14.3,21.1,14302,1.7,1.59,2.2
2003-06-19,18.3,13.3,22.7,14176,3.7,1.52,3.3
2003-06-20,15.8,12.1,20.5,20342,4.3,1.4,4.5
2003-06-21,14.4,10.9,18.8,13020,0.2,1.29,3.1
2003-06-22,16.7,9.5,22.4,24961,0.0,1.23,1.6
2003-06-23,20.5,14.1,28.3,17380,9.0,1.66,3.1
2003-06-24,18.2,13.5,23.3,23793,0.0,1.54,3.3
2003-06-25,15.9,11.6,20.5,18008,0.0,1.36,2.7
2003-06-26,16.2,11.0,22.2,15304,0.1,1.34,1.7
2003-06-27,18.8,11.2,24.5,28379,0.0,1.37,1.7
2003-06-28,20.8,12.5,27.6,31056,0.0,1.52,1.5
2003-06-29,22.3,15.0,28.7,18345,0.3,1.75,1.5
2003-06-30,21.2,14.9,26.4,25249,0.2,1.72,1.7
2003-07-01,19.0,16.2,22.2,13955,0.3,1.81,2.7
2003-07-02,18.0,13.9,23.2,18546,3.0,1.57,3.0
2003-07-03,17.2,12.6,23.3,21469,1.7,1.47,3.0
2003-07-04,16.8,14.0,19.9,13513,3.9,1.57,3.4
2003-07-05,15.2,13.5,17.3,10934,1.7,1.5,3.3
2003-07-06,15.8,13.4,18.3,11039,0.3,1.49,2.6
2003-07-07,16.9,13.1,22.5,16506,0.0,1.5,1.6
2003-07-08,18.1,12.8,23.4,17754,0.0,1.48,1.6
2003-07-09,17.1,14.4,21.6,14407,1.3,1.6,2.2
2003-07-10,16.6,12.5,21.6,16543,0.0,1.45,1.9
2003-07-11,20.7,11.7,28.1,27839,3.3,1.48,2.0
2003-07-12,17.8,13.2,23.3,18890,0.0,1.51,2.7
2003-07-13,17.7,11.8,23.0,21393,0.0,1.4,1.9
2003-07-14,20.6,13.1,27.5,29729,0.0,1.58,2.1
2003-07-15,22.4,14.7,28.8,26885,0.0,1.75,2.0
2003-07-16,25.2,17.5,31.8,26326,0.5,2.08,2.6
2003-07-17,22.1,17.5,29.9,16019,4.8,2.05,2.2
2003-07-18,21.5,16.8,26.8,20779,0.0,1.9,1.9
2003-07-19,24.2,16.2,30.7,27924,0.0,1.91,1.6
2003-07-20,26.0,17.9,33.0,27608,0.0,2.12,2.1
2003-07-21,25.0,19.4,32.9,19357,0.2,2.32,1.7
2003-07-22,23.8,18.4,28.8,26470,0.2,2.13,1.9
2003-07-23,23.0,17.6,28.2,22006,1.3,2.01,1.4
2003-07-24,21.9,17.3,28.4,17930,8.0,1.99,1.6
2003-07-25,21.2,17.0,27.4,19373,0.0,1.96,1.6
2003-07-26,19.9,16.6,25.2,11936,2.2,1.86,1.9
2003-07-27,23.8,18.0,33.5,18746,9.1,2.17,2.6
2003-07-28,20.4,16.5,25.8,17061,0.4,1.87,1.9
2003-07-29,20.4,15.5,25.9,19109,0.0,1.76,1.3
2003-07-30,21.5,15.0,27.6,22140,0.0,1.75,1.5
2003-07-31,21.5,15.8,27.8,16490,0.0,1.83,1.4
2003-08-01,24.4,16.6,31.2,23587,0.0,1.96,1.2
2003-08-02,26.1,20.7,31.6,17090,0.0,2.45,1.2
2003-08-03,25.7,19.3,32.6,18985,0.2,2.29,1.3
2003-08-04,25.1,18.4,31.4,26023,0.0,2.18,1.5
2003-08-05,23.0,15.8,29.9,25067,0.0,1.86,1.7
2003-08-06,22.3,15.5,28.9,25456,0.0,1.81,1.5
2003-08-07,23.1,15.5,30.5,26449,0.0,1.84,1.3
2003-08-08,25.0,16.7,32.7,25856,0.0,2.02,1.3
2003-08-09,25.9,16.6,33.6,25383,0.0,2.02,1.6
2003-08-10,23.6,17.8,29.9,26239,0.0,2.06,2.0
2003-08-11,22.1,14.2,28.8,26365,0.0,1.7,1.6
2003-08-12,26.0,16.9,33.0,21204,0.0,2.02,1.4
2003-08-13,27.1,19.8,35.4,24809,0.2,2.42,2.7
2003-08-14,20.0,15.8,24.0,13835,0.0,1.77,2.8
2003-08-15,18.8,13.7,24.3,20883,0.0,1.57,3.1
2003-08-16,17.7,12.2,23.4,19469,0.0,1.44,2.1
2003-08-17,19.4,10.7,27.0,24319,0.7,1.38,1.5
2003-08-18,21.9,13.7,31.2,15017,4.5,1.68,2.4
2003-08-19,20.6,15.6,25.7,13047,0.1,1.78,2.6
2003-08-20,18.3,12.9,24.7,20660,0.0,1.52,1.9
2003-08-21,19.4,12.0,26.0,19260,0.0,1.45,1.7
2003-08-22,20.6,15.1,25.9,18679,0.0,1.72,2.9
2003-08-23,18.3,14.2,22.3,13374,4.2,1.6,2.7
2003-08-24,17.3,12.8,22.4,14081,0.0,1.47,2.3
2003-08-25,18.6,11.5,25.8,20720,0.0,1.4,1.7
2003-08-26,18.0,11.0,25.5,16151,0.0,1.37,2.4
2003-08-27,16.0,12.1,20.3,10264,0.1,1.4,3.3
2003-08-28,16.5,12.5,21.1,12428,4.2,1.44,1.4
2003-08-29,15.9,11.5,23.1,10311,6.2,1.38,2.5
2003-08-30,15.6,11.1,20.3,14681,0.3,1.31,2.5
2003-08-31,13.5,9.2,18.7,17007,1.7,1.16,2.5
2003-09-01,12.2,8.2,17.6,13016,3.0,1.09,2.4
2003-09-02,12.2,7.4,18.6,19602,0.0,1.05,1.8
2003-09-03,11.9,6.5,15.1,9851,0.8,0.97,1.9
2003-09-04,15.1,11.6,19.9,8671,0.0,1.35,1.8
2003-09-05,15.9,10.0,23.0,19048,0.0,1.27,1.6
2003-09-06,17.0,9.4,25.1,19112,0.0,1.24,1.9
2003-09-07,17.1,10.6,23.5,11070,0.0,1.31,1.4
2003-09-08,18.3,11.2,25.5,16261,0.0,1.38,1.9
2003-09-09,15.1,11.9,21.0,10752,4.1,1.38,1.8
2003-09-10,14.1,11.6,19.1,11064,12.8,1.34,2.0
2003-09-11,11.8,9.5,14.7,6799,0.0,1.16,3.1
2003-09-12,14.2,10.5,18.6,8058,0.3,1.26,2.0
2003-09-13,14.2,10.9,19.3,8172,0.0,1.29,2.1
2003-09-14,16.2,12.5,21.5,12861,0.0,1.45,1.4
2003-09-15,15.8,10.3,22.0,17381,0.0,1.27,1.3
2003-09-16,16.2,10.9,22.7,14511,0.0,1.32,1.4
2003-09-17,15.9,11.0,21.7,13173,0.0,1.33,1.3
2003-09-18,19.2,10.5,27.8,16892,0.0,1.38,1.7
2003-09-19,20.5,12.3,28.9,17512,0.0,1.52,1.9
2003-09-20,21.3,13.1,30.1,17146,0.0,1.62,1.3
2003-09-21,20.0,13.7,28.6,17168,0.0,1.64,2.2
2003-09-22,20.6,11.3,29.8,16612,0.0,1.47,2.6
2003-09-23,14.2,7.8,19.9,8183,2.3,1.08,3.2
2003-09-24,10.2,5.2,17.2,14765,0.0,0.91,2.0
2003-09-25,11.1,5.4,17.9,16380,0.0,0.93,2.0
2003-09-26,13.2,4.7,21.1,16021,0.0,0.92,2.2
2003-09-27,13.1,8.2,18.5,9060,0.0,1.09,1.8
2003-09-28,12.0,6.0,18.3,10038,9.1,0.96,1.5
2003-09-29,11.7,9.3,17.1,8024,1.1,1.15,2.5
2003-09-30,9.7,6.7,13.7,7116,0.0,0.97,1.6
2003-10-01,11.6,5.3,18.2,13209,2.0,0.92,1.8
2003-10-02,11.5,8.6,14.3,6133,0.1,1.09,1.6
2003-10-03,10.9,4.3,16.3,6391,8.6,0.85,1.7
2003-10-04,12.0,6.0,15.9,7502,1.0,0.93,2.4
2003-10-05,8.2,5.2,13.6,8250,0.0,0.88,2.0
2003-10-06,7.8,4.7,11.9,8560,3.4,0.84,4.1
2003-10-07,8.4,6.8,10.8,5692,3.3,0.96,4.5
2003-10-08,8.7,6.0,13.3,6101,7.5,0.92,4.4
2003-10-09,9.8,7.1,13.3,7481,0.2,0.99,3.9
2003-10-10,12.5,10.4,14.8,4707,0.6,1.22,4.0
2003-10-11,11.4,8.2,14.8,5350,0.0,1.07,3.3
2003-10-12,8.6,4.6,14.4,8986,0.0,0.85,2.0
2003-10-13,7.1,1.5,14.6,10585,0.0,0.7,1.7
2003-10-14,6.3,0.2,12.0,8353,0.1,0.64,2.2
2003-10-15,6.9,1.4,11.9,9001,0.0,0.68,2.0
2003-10-16,5.5,-0.6,11.4,6755,0.0,0.6,2.0
2003-10-17,4.2,-0.2,9.9,11224,0.0,0.61,2.2
2003-10-18,4.0,-1.5,12.0,10925,0.0,0.58,1.7
2003-10-19,4.3,-0.3,10.5,10338,0.0,0.61,1.2
2003-10-20,4.0,0.1,8.3,5706,0.0,0.61,1.8
2003-10-21,3.2,0.6,5.4,3613,3.6,0.62,1.8
2003-10-22,3.1,-1.6,7.2,5104,0.4,0.54,2.0
2003-10-23,0.2,-2.8,5.9,6350,0.0,0.49,2.6
2003-10-24,-1.0,-5.1,4.5,9847,0.0,0.42,1.8
2003-10-25,3.9,-0.7,7.2,3631,2.6,0.57,3.5
2003-10-26,4.2,0.5,5.7,3296,4.4,0.61,2.3
2003-10-27,0.5,-3.0,5.3,9504,0.0,0.48,1.4
2003-10-28,2.0,-2.2,8.2,9041,0.0,0.52,2.0
2003-10-29,3.4,-0.7,6.6,4289,5.8,0.57,2.1
2003-10-30,4.9,2.9,6.7,3060,4.2,0.73,1.9
2003-10-31,6.3,2.3,10.1,3766,0.0,0.71,2.7
2003-11-01,7.8,4.5,10.9,3010,0.5,0.83,2.5
2003-11-02,8.0,5.0,12.4,4754,1.1,0.86,3.1
2003-11-03,10.1,7.0,13.3,3759,0.1,0.97,4.2
2003-11-04,9.5,5.4,12.0,3635,0.0,0.87,2.9
2003-11-05,6.9,3.2,12.2,7343,0.0,0.77,1.8
2003-11-06,3.3,1.8,4.5,2686,0.0,0.67,2.2
2003-11-07,4.4,1.2,6.6,3279,0.0,0.65,3.5
2003-11-08,5.9,2.8,9.1,3858,0.0,0.73,3.9
2003-11-09,4.0,2.0,5.7,2542,0.0,0.68,2.3
2003-11-10,2.8,1.1,4.2,2496,0.0,0.64,2.6
2003-11-11,2.2,-0.9,6.9,6905,0.0,0.56,2.5
2003-11-12,1.1,-1.8,6.0,6810,0.0,0.53,2.3
2003-11-13,-0.1,-3.0,4.5,6335,0.0,0.49,1.6
2003-11-14,0.0,-3.1,2.8,2324,0.0,0.47,2.0
2003-11-15,5.2,-0.1,9.8,4090,0.0,0.61,2.6
2003-11-16,5.0,2.9,7.0,3716,12.6,0.73,1.9
2003-11-17,5.4,3.5,7.7,2206,4.5,0.76,3.4
2003-11-18,8.0,5.3,11.7,2170,3.8,0.87,3.7
2003-11-19,12.2,10.9,13.3,2134,0.5,1.26,4.1
2003-11-20,9.5,5.9,12.5,4262,0.0,0.9,2.1
2003-11-21,8.8,5.8,11.8,4206,0.0,0.9,2.1
2003-11-22,8.5,4.4,11.5,2034,0.0,0.82,2.0
2003-11-23,10.4,7.2,15.0,3368,0.0,1.01,2.2
2003-11-24,9.8,5.5,15.7,3324,0.0,0.91,2.1
2003-11-25,9.2,6.3,13.2,2278,4.5,0.94,1.6
2003-11-26,8.6,5.5,12.3,4804,4.1,0.89,2.2
2003-11-27,5.5,4.2,6.9,1890,0.0,0.79,1.4
2003-11-28,6.8,5.3,7.4,1864,1.7,0.85,2.1
2003-11-29,7.9,7.2,8.4,1840,1.7,0.97,1.7
2003-11-30,5.9,1.8,8.5,3280,0.0,0.69,2.6
2003-12-01,3.4,0.7,7.5,3201,0.0,0.63,2.6
2003-12-02,5.7,3.2,7.2,1774,0.0,0.74,2.4
2003-12-03,5.4,4.9,6.0,1754,0.0,0.83,1.7
2003-12-04,4.6,3.0,5.8,1736,0.2,0.73,2.0
2003-12-05,4.7,3.1,7.2,1718,1.6,0.74,2.4
2003-12-06,4.0,-0.3,8.1,3584,0.0,0.6,4.0
2003-12-07,-1.8,-4.4,2.4,4732,0.0,0.43,2.2
2003-12-08,-0.8,-4.0,1.3,1672,0.0,0.44,1.7
2003-12-09,-1.6,-4.3,2.6,4673,0.0,0.44,1.5
2003-12-10,0.6,-2.4,5.8,4603,0.0,0.51,2.1
2003-12-11,0.7,-1.7,3.8,3855,4.9,0.52,3.0
2003-12-12,1.7,-0.5,3.5,1669,2.2,0.57,2.3
2003-12-13,6.4,-0.4,10.5,1618,14.6,0.61,4.2
2003-12-14,6.7,1.9,10.2,1610,6.1,0.69,5.4
2003-12-15,1.2,0.2,2.5,2783,0.0,0.59,5.2
2003-12-16,0.9,-1.1,3.2,4371,1.4,0.55,3.3
2003-12-17,3.7,0.4,5.3,1594,0.5,0.61,2.5
2003-12-18,2.8,-0.2,6.2,4439,0.0,0.59,1.9
2003-12-19,2.6,-0.3,6.8,4268,0.2,0.59,2.1
2003-12-20,5.7,3.4,8.4,1588,3.3,0.75,2.9
2003-12-21,6.2,3.2,8.6,2467,4.5,0.74,6.0
2003-12-22,0.7,-3.6,3.5,1632,0.6,0.46,3.6
2003-12-23,-3.9,-7.8,0.8,4274,0.0,0.34,2.3
2003-12-24,-2.1,-5.5,1.2,4407,0.0,0.4,2.7
2003-12-25,2.4,0.3,3.9,1600,0.0,0.6,3.0
2003-12-26,4.1,2.6,6.2,1606,0.0,0.71,2.9
2003-12-27,5.2,2.9,7.8,1613,0.0,0.73,3.8
2003-12-28,4.9,2.3,6.9,1620,0.0,0.69,3.7
2003-12-29,3.8,1.6,5.5,2396,0.0,0.66,3.0
2003-12-30,1.8,-0.7,5.9,2537,0.0,0.57,1.3
2003-12-31,1.1,-2.2,2.4,1994,0.0,0.5,1.9
2004-01-01,-2.7,-5.2,-1.7,2051,0.0,0.4,1.8
2004-01-02,-2.5,-4.9,0.3,3412,0.0,0.41,2.5
2004-01-03,-4.4,-6.5,-0.8,2651,0.0,0.37,1.4
2004-01-04,-5.3,-6.7,-2.9,3945,0.2,0.36,2.4
2004-01-05,-7.1,-11.0,-3.5,4905,0.0,0.26,2.2
2004-01-06,-6.1,-11.8,0.2,2320,11.3,0.26,2.9
2004-01-07,2.5,0.3,3.7,1760,0.2,0.6,2.0
2004-01-08,1.7,-0.7,4.9,3903,0.0,0.56,2.5
2004-01-09,0.6,-1.3,2.4,1802,0.7,0.54,2.5
2004-01-10,1.7,0.1,2.8,1824,1.3,0.59,2.3
2004-01-11,3.2,0.1,7.2,1848,10.6,0.6,3.5
2004-01-12,3.2,1.3,6.5,4161,0.7,0.66,3.7
2004-01-13,3.4,1.1,6.2,1898,6.8,0.64,4.2
2004-01-14,4.9,1.8,6.3,1973,4.9,0.68,4.8
2004-01-15,2.1,1.1,3.1,2050,3.4,0.63,3.3
2004-01-16,2.9,0.8,4.9,2128,4.1,0.63,4.2
2004-01-17,4.3,1.1,5.9,2013,5.5,0.64,3.0
2004-01-18,-0.1,-3.2,1.6,3134,0.0,0.47,2.5
2004-01-19,-0.3,-2.8,1.6,2078,5.5,0.48,3.7
2004-01-20,0.3,-1.3,1.8,2112,1.1,0.53,2.8
2004-01-21,-1.8,-5.1,0.2,3630,0.2,0.4,1.6
2004-01-22,-5.6,-9.5,-3.1,2390,0.0,0.29,1.6
2004-01-23,-7.4,-11.6,-2.5,4365,0.0,0.25,1.9
2004-01-24,-7.5,-11.6,-3.3,5750,1.0,0.25,2.1
2004-01-25,-7.2,-8.8,-5.6,2299,0.8,0.3,1.7
2004-01-26,-4.6,-5.9,-3.4,2340,0.2,0.38,1.7
2004-01-27,-3.6,-6.4,-1.2,2601,0.0,0.37,1.6
2004-01-28,-2.8,-6.2,0.2,3810,0.0,0.38,2.6
2004-01-29,-1.1,-3.5,1.3,4208,2.6,0.46,3.6
2004-01-30,0.4,-1.3,1.7,3536,0.5,0.54,3.9
2004-01-31,2.8,-0.7,7.3,2619,4.2,0.58,4.7
2004-02-01,8.2,5.5,10.2,2609,10.3,0.88,5.0
2004-02-02,7.8,5.0,10.2,3423,4.7,0.85,3.9
2004-02-03,9.5,6.4,11.6,2708,4.4,0.93,3.3
2004-02-04,12.5,10.8,13.9,2819,0.0,1.25,3.8
2004-02-05,13.4,10.4,14.9,2811,3.5,1.23,4.3
2004-02-06,11.4,9.6,13.3,2864,2.9,1.16,3.5
2004-02-07,7.8,3.4,13.0,3982,2.3,0.79,5.3
2004-02-08,3.0,0.8,5.1,3734,5.1,0.63,5.3
2004-02-09,1.3,-1.4,4.3,5211,0.4,0.54,4.8
2004-02-10,0.4,-2.0,2.5,3088,10.8,0.51,3.3
2004-02-11,0.4,-4.9,2.7,4460,0.1,0.42,2.8
2004-02-12,-2.3,-5.9,-0.2,3339,0.3,0.38,1.4
2004-02-13,2.7,-0.2,4.9,3266,0.5,0.59,2.1
2004-02-14,4.2,2.3,6.3,3328,0.0,0.7,1.6
2004-02-15,2.2,0.2,4.2,3390,0.0,0.6,1.6
2004-02-16,0.5,-1.3,1.9,3454,0.0,0.53,1.8
2004-02-17,3.5,1.7,5.0,3518,0.0,0.66,2.3
2004-02-18,3.0,0.2,5.7,5299,0.0,0.61,2.4
2004-02-19,0.1,-3.2,3.3,7699,0.0,0.47,3.7
2004-02-20,-1.0,-5.3,4.1,11252,0.0,0.41,3.5
2004-02-21,0.5,-4.2,6.8,9927,0.0,0.46,2.6
2004-02-22,1.1,-1.5,5.2,6174,0.0,0.54,2.2
2004-02-23,0.3,-2.0,2.1,3923,0.0,0.51,2.7
2004-02-24,0.6,-4.9,4.9,10656,1.3,0.43,2.6
2004-02-25,0.6,-2.3,2.4,4375,0.9,0.5,2.9
2004-02-26,-0.8,-4.1,3.1,7896,0.0,0.44,2.4
2004-02-27,-1.4,-4.6,1.6,4843,0.1,0.43,1.4
2004-02-28,-0.4,-4.1,4.0,9965,0.0,0.45,1.3
2004-02-29,-1.0,-5.2,3.0,5733,0.0,0.41,1.9
2004-03-01,0.0,-2.6,3.3,7866,3.0,0.49,2.6
2004-03-02,3.2,1.2,4.9,4508,0.2,0.64,3.2
2004-03-03,2.9,-3.7,6.2,11013,0.0,0.47,2.7
2004-03-04,-1.3,-5.1,1.6,6432,0.0,0.41,1.9
2004-03-05,-1.2,-5.7,3.8,13770,0.0,0.4,3.0
2004-03-06,-1.1,-4.8,2.8,8775,0.3,0.42,2.2
2004-03-07,0.3,-2.5,3.2,6198,0.3,0.5,1.7
2004-03-08,1.0,-3.3,6.2,10854,0.0,0.48,2.0
2004-03-09,1.3,0.5,2.9,5230,0.9,0.61,2.6
2004-03-10,1.6,0.3,2.6,5133,0.4,0.6,2.7
2004-03-11,3.7,1.3,7.4,5664,0.0,0.65,2.3
2004-03-12,4.8,-0.2,10.2,10762,0.0,0.61,3.0
2004-03-13,6.9,2.3,11.3,6478,1.2,0.72,2.8
2004-03-14,8.6,4.8,15.0,10746,0.0,0.86,2.7
2004-03-15,10.3,6.4,14.3,7035,0.0,0.95,3.4
2004-03-16,11.4,7.3,14.3,5619,0.0,1.01,2.8
2004-03-17,13.7,7.5,21.0,15037,0.0,1.07,2.0
2004-03-18,12.2,7.0,17.4,12412,0.0,1.0,1.6
2004-03-19,12.6,8.4,16.0,7028,3.0,1.08,4.3
2004-03-20,9.8,6.4,13.8,7608,8.0,0.95,5.9
2004-03-21,9.9,5.6,13.2,12429,0.0,0.9,6.4
2004-03-22,6.6,2.4,11.5,9387,3.2,0.73,3.8
2004-03-23,5.8,-0.2,10.9,13295,0.0,0.61,1.8
2004-03-24,5.6,2.4,10.0,6783,0.0,0.71,3.0
2004-03-25,2.4,-0.9,4.5,6362,0.0,0.56,2.7
2004-03-26,0.7,-2.0,4.0,6649,0.3,0.52,2.1
2004-03-27,1.6,-2.8,7.3,14971,0.0,0.5,1.7
2004-03-28,4.8,-0.5,8.2,6610,0.0,0.59,1.7
2004-03-29,8.4,4.3,13.4,11078,0.0,0.83,1.7
2004-03-30,9.4,2.6,15.8,18548,0.0,0.76,2.7
2004-03-31,9.5,2.5,15.9,19449,0.0,0.76,2.5
2004-04-01,10.4,4.3,16.6,18335,0.0,0.86,3.2
2004-04-02,9.8,4.7,15.5,18168,0.0,0.86,3.5
2004-04-03,10.1,3.3,17.3,13789,0.7,0.81,2.7
2004-04-04,9.8,5.8,15.5,9137,1.7,0.93,3.3
2004-04-05,7.7,3.2,12.9,14686,1.9,0.77,3.3
2004-04-06,5.5,2.1,10.7,10199,5.2,0.71,3.1
2004-04-07,6.0,1.3,10.6,11731,0.3,0.67,2.6
2004-04-08,4.9,1.2,9.7,9725,3.2,0.66,2.4
2004-04-09,5.5,2.1,10.5,9928,2.0,0.7,2.3
2004-04-10,5.3,1.0,9.5,13274,0.7,0.65,2.4
2004-04-11,6.2,-0.4,12.8,21163,0.0,0.62,2.1
2004-04-12,6.0,0.7,9.4,8500,0.0,0.64,2.1
2004-04-13,8.7,4.7,11.9,10403,0.0,0.84,1.8
2004-04-14,9.9,2.6,16.5,23310,0.0,0.77,1.7
2004-04-15,11.7,2.3,19.3,23227,0.0,0.78,1.8
2004-04-16,13.6,6.4,20.5,22563,0.0,1.01,1.7
2004-04-17,13.2,6.2,19.7,20730,0.0,0.99,1.9
2004-04-18,14.0,5.8,21.3,18295,0.7,0.98,2.6
2004-04-19,10.6,5.4,14.6,9051,1.4,0.9,2.4
2004-04-20,10.9,4.2,17.8,13943,0.0,0.86,1.6
2004-04-21,14.4,6.6,21.2,12740,0.0,1.03,1.5
2004-04-22,16.4,10.1,22.0,22770,0.0,1.26,1.5
2004-04-23,10.3,6.9,13.3,8637,4.2,0.97,2.4
2004-04-24,8.8,5.7,12.5,9184,0.6,0.9,2.3
2004-04-25,11.3,3.7,17.8,20860,0.0,0.84,1.8
2004-04-26,12.1,9.2,15.0,8844,0.3,1.13,1.7
2004-04-27,12.9,9.3,18.1,12645,0.0,1.17,1.9
2004-04-28,14.0,6.7,20.3,25169,0.0,1.03,2.5
2004-04-29,14.8,7.4,21.0,23224,0.0,1.07,2.8
2004-04-30,17.2,10.2,23.9,24424,0.0,1.28,3.3
2004-05-01,17.9,12.0,24.6,18071,0.3,1.44,2.3
2004-05-02,13.5,11.9,15.0,9235,4.6,1.35,2.0
2004-05-03,16.0,11.1,21.9,17631,2.0,1.32,1.8
2004-05-04,16.0,10.2,22.0,15993,0.0,1.26,2.1
2004-05-05,16.1,11.4,21.2,18656,8.9,1.35,2.0
2004-05-06,14.3,10.3,21.4,13181,3.9,1.27,2.1
2004-05-07,12.1,6.9,17.5,11886,1.5,1.0,3.3
2004-05-08,10.5,4.8,14.0,14056,0.0,0.86,2.7
2004-05-09,10.5,8.3,12.5,9647,0.6,1.06,2.0
2004-05-10,14.9,9.9,20.0,14932,4.0,1.23,2.2
2004-05-11,14.4,11.2,18.8,15121,0.3,1.31,2.0
2004-05-12,10.3,9.0,11.3,10308,0.9,1.11,2.1
2004-05-13,9.2,3.7,11.2,10360,0.8,0.79,2.1
2004-05-14,9.6,2.8,15.7,16558,0.0,0.77,1.4
2004-05-15,11.0,5.9,13.9,10083,2.2,0.92,2.8
2004-05-16,13.4,8.7,17.6,21458,0.0,1.11,2.4
2004-05-17,15.2,12.1,19.2,11312,0.0,1.38,1.6
2004-05-18,16.4,9.9,21.3,20573,0.0,1.24,2.1
2004-05-19,15.6,7.3,22.7,21769,0.0,1.08,2.9
2004-05-20,13.7,8.9,18.7,19928,0.0,1.14,2.0
2004-05-21,11.5,7.2,13.8,11873,0.4,1.0,2.5
2004-05-22,9.0,4.2,14.6,23331,1.9,0.83,3.1
2004-05-23,7.7,4.3,14.2,16654,4.7,0.83,3.3
2004-05-24,8.9,3.7,12.2,13266,0.5,0.79,2.5
2004-05-25,10.5,6.5,15.4,12669,0.4,0.96,2.5
2004-05-26,10.1,5.8,15.2,14999,0.2,0.93,2.4
2004-05-27,10.3,5.7,16.3,14144,0.9,0.93,1.8
2004-05-28,13.4,5.9,20.6,28467,0.0,0.97,1.6
2004-05-29,15.5,7.4,22.2,30299,0.0,1.07,1.5
2004-05-30,17.9,10.1,24.9,29448,0.0,1.29,1.8
2004-05-31,19.4,11.7,25.1,24248,0.0,1.41,2.1
2004-06-01,16.3,11.8,24.2,20573,4.8,1.41,1.6
2004-06-02,15.4,11.7,19.9,12797,0.6,1.37,1.8
2004-06-03,19.1,12.3,25.4,25116,0.0,1.47,2.1
2004-06-04,15.9,12.4,22.2,16946,5.5,1.44,1.7
2004-06-05,14.7,11.7,18.6,13381,0.4,1.35,2.0
2004-06-06,16.3,10.2,21.4,28404,0.0,1.25,1.6
2004-06-07,18.2,11.0,24.5,19835,0.0,1.36,1.6
2004-06-08,20.5,14.2,26.8,24345,0.0,1.65,1.7
2004-06-09,15.7,12.7,19.2,14739,10.4,1.44,2.0
2004-06-10,19.2,15.1,23.5,16552,0.2,1.71,1.8
2004-06-11,19.1,13.8,25.1,16437,6.4,1.6,2.6
2004-06-12,15.3,11.4,19.6,21971,1.0,1.32,2.5
2004-06-13,14.2,11.4,18.2,14276,3.5,1.32,2.3
2004-06-14,15.8,9.7,21.0,19937,0.0,1.22,2.6
2004-06-15,18.0,11.4,24.2,18146,1.6,1.38,3.4
2004-06-16,13.6,9.2,18.0,22905,0.0,1.16,3.5
2004-06-17,12.9,8.3,19.5,11861,11.0,1.11,3.1
2004-06-18,14.4,10.8,19.2,14433,1.1,1.28,2.6
2004-06-19,13.6,7.7,17.6,17773,3.1,1.06,2.4
2004-06-20,13.9,6.3,19.8,23038,0.0,1.0,1.8
2004-06-21,15.7,10.4,20.2,26631,2.4,1.27,1.9
2004-06-22,16.2,9.1,21.2,19434,1.3,1.18,1.7
2004-06-23,16.8,12.3,22.0,16732,10.0,1.43,3.4
2004-06-24,16.3,12.1,20.9,17880,0.0,1.4,4.6
2004-06-25,13.9,9.9,17.6,17357,1.0,1.2,3.7
2004-06-26,14.9,10.9,19.6,17987,0.0,1.29,2.1
2004-06-27,16.9,10.9,21.2,11306,0.0,1.32,1.7
2004-06-28,16.8,11.8,22.0,22575,0.5,1.39,3.2
2004-06-29,15.2,10.7,20.0,21276,0.1,1.29,2.7
2004-06-30,17.4,11.3,22.7,15876,0.0,1.35,1.8
2004-07-01,17.3,12.0,22.6,18418,0.9,1.41,2.7
2004-07-02,16.0,10.9,21.9,22492,0.5,1.32,2.5
2004-07-03,14.0,9.5,19.9,19141,6.6,1.19,3.2
2004-07-04,16.4,10.2,21.4,19499,0.8,1.25,2.6
2004-07-05,15.8,11.2,18.9,18322,0.6,1.32,2.2
2004-07-06,15.3,9.9,20.6,25189,0.0,1.22,2.0
2004-07-07,19.0,10.6,25.3,27834,0.0,1.33,2.2
2004-07-08,19.0,15.2,24.9,16192,16.7,1.73,2.1
2004-07-09,19.0,15.5,23.7,16797,0.3,1.74,3.0
2004-07-10,15.9,12.4,20.4,16127,1.4,1.42,3.1
2004-07-11,15.9,10.2,20.7,22579,4.5,1.25,3.1
2004-07-12,13.7,12.1,16.5,10972,4.6,1.36,3.3
2004-07-13,14.0,11.6,16.9,11065,0.4,1.33,3.2
2004-07-14,15.4,11.8,19.9,15597,0.7,1.37,2.7
2004-07-15,17.4,13.0,22.1,13655,0.1,1.5,2.6
2004-07-16,17.4,14.7,20.3,12349,3.7,1.62,1.7
2004-07-17,21.7,14.2,28.2,22422,2.9,1.69,1.8
2004-07-18,22.4,17.1,29.6,24767,9.3,1.98,1.9
2004-07-19,20.2,15.6,25.1,19033,0.0,1.76,1.8
2004-07-20,21.4,14.6,28.7,19987,10.5,1.74,2.0
2004-07-21,20.3,15.5,25.1,17541,0.0,1.76,1.6
2004-07-22,17.2,15.1,19.8,14848,7.5,1.67,1.3
2004-07-23,21.1,13.7,28.0,23322,5.3,1.63,1.8
2004-07-24,20.3,13.4,25.7,19749,0.0,1.57,2.2
2004-07-25,17.7,12.2,23.7,18185,3.5,1.44,2.0
2004-07-26,14.9,11.7,19.5,12507,2.4,1.35,1.8
2004-07-27,15.6,10.8,21.3,17434,0.2,1.3,1.8
2004-07-28,17.6,11.3,24.0,22217,0.0,1.38,1.5
2004-07-29,19.2,10.9,26.0,28344,0.0,1.38,1.9
2004-07-30,21.9,14.3,28.5,27510,0.0,1.68,1.5
2004-07-31,22.8,15.1,29.7,23340,0.1,1.8,1.3
2004-08-01,20.6,14.9,26.6,22022,0.1,1.71,1.6
2004-08-02,20.5,13.5,26.6,23167,0.0,1.58,1.4
2004-08-03,20.4,14.3,25.8,20009,0.0,1.66,1.4
2004-08-04,22.5,15.8,30.0,24822,0.0,1.87,1.4
2004-08-05,24.3,17.5,30.7,23991,0.0,2.05,2.0
2004-08-06,23.1,16.4,29.8,26206,0.0,1.91,2.1
2004-08-07,23.0,16.3,29.6,25127,0.0,1.89,2.1
2004-08-08,23.6,16.4,30.6,24899,0.0,1.94,2.5
2004-08-09,23.6,16.6,30.6,23824,0.0,1.95,2.5
2004-08-10,24.5,17.5,31.4,24920,0.0,2.08,2.6
2004-08-11,24.7,18.4,30.8,17002,0.0,2.16,1.7
2004-08-12,24.8,17.2,31.6,24330,13.1,2.05,1.7
2004-08-13,19.1,15.4,23.6,15147,1.1,1.73,3.2
2004-08-14,18.1,14.3,23.0,13394,1.2,1.62,2.5
2004-08-15,18.8,12.4,25.3,23852,0.0,1.47,1.9
2004-08-16,21.5,14.3,27.6,17354,0.0,1.68,2.0
2004-08-17,21.6,16.0,26.5,14665,0.0,1.82,1.9
2004-08-18,21.7,16.9,27.4,15976,0.0,1.92,2.3
2004-08-19,22.8,18.2,29.4,15409,0.0,2.1,3.3
2004-08-20,18.9,14.6,24.4,12751,3.7,1.65,2.8
2004-08-21,16.9,12.7,21.7,13354,0.4,1.46,2.6
2004-08-22,15.5,11.0,20.6,20405,0.0,1.31,2.0
2004-08-23,16.4,10.6,21.5,16261,0.0,1.29,1.9
2004-08-24,17.7,12.8,24.0,10666,11.4,1.49,2.4
2004-08-25,16.5,12.8,21.4,10578,0.1,1.47,3.2
2004-08-26,15.7,12.7,20.7,10943,2.4,1.45,3.0
2004-08-27,15.9,13.7,18.9,10401,3.5,1.52,3.0
2004-08-28,17.3,13.9,23.2,11544,2.6,1.57,2.1
2004-08-29,16.5,13.4,21.3,12227,5.1,1.53,1.8
2004-08-30,14.9,11.5,18.4,8797,5.8,1.34,2.9
2004-08-31,13.6,10.1,17.3,11471,2.0,1.22,3.0
2004-09-01,14.0,10.6,18.2,15322,0.0,1.26,2.3
2004-09-02,16.0,9.1,22.8,20765,0.0,1.2,1.4
2004-09-03,18.2,11.3,26.4,20934,0.0,1.41,1.3
2004-09-04,19.4,12.7,26.5,20559,0.0,1.53,1.1
2004-09-05,19.3,12.9,26.2,20828,0.0,1.54,1.5
2004-09-06,19.6,13.2,26.6,20131,0.0,1.58,1.6
2004-09-07,18.7,11.4,25.5,18697,0.0,1.41,1.9
2004-09-08,15.3,8.7,22.2,19068,0.0,1.16,2.0
2004-09-09,13.5,6.7,19.9,19849,0.0,1.01,1.9
2004-09-10,15.2,6.7,23.0,19577,0.0,1.04,2.4
2004-09-11,17.6,13.5,24.3,10431,6.5,1.56,2.3
2004-09-12,16.5,11.0,20.7,12271,0.2,1.31,3.5
2004-09-13,15.1,9.1,21.1,9910,0.0,1.17,3.1
2004-09-14,18.3,13.6,23.9,11723,0.1,1.56,3.1
2004-09-15,15.4,10.3,19.8,14511,0.0,1.25,3.3
2004-09-16,12.5,8.4,18.2,13770,0.0,1.1,1.9
2004-09-17,13.6,7.1,20.0,17880,0.0,1.04,2.0
2004-09-18,15.4,7.3,23.4,17708,0.0,1.09,2.1
2004-09-19,15.1,9.9,20.1,9947,0.0,1.23,2.0
2004-09-20,14.7,9.7,18.7,8193,5.4,1.19,3.3
2004-09-21,12.3,9.1,15.2,7232,2.7,1.12,5.3
2004-09-22,11.5,8.5,15.3,8847,0.6,1.08,4.7
2004-09-23,10.7,8.1,14.9,6481,4.0,1.05,4.0
2004-09-24,11.9,8.1,15.7,6859,1.7,1.06,3.5
2004-09-25,12.4,9.0,17.1,7878,0.6,1.13,2.9
2004-09-26,10.6,8.2,14.5,6033,0.9,1.07,2.3
2004-09-27,12.2,9.6,15.8,5675,0.5,1.17,2.7
2004-09-28,12.8,9.0,14.6,6132,6.6,1.12,2.4
2004-09-29,13.1,9.6,16.3,5598,3.8,1.17,2.8
2004-09-30,10.6,6.8,14.8,8168,0.0,0.98,1.5
2004-10-01,10.8,6.5,16.5,6922,0.0,0.97,1.6
2004-10-02,11.4,5.5,16.5,6565,0.0,0.92,2.0
2004-10-03,13.4,8.8,19.3,13173,0.0,1.15,1.9
2004-10-04,14.0,6.7,20.2,9611,0.0,1.02,2.4
2004-10-05,18.6,12.3,24.9,12603,0.1,1.47,2.3
2004-10-06,14.5,10.7,17.4,6026,0.5,1.26,2.4
2004-10-07,12.1,7.7,18.2,12127,0.0,1.05,2.4
2004-10-08,8.9,5.3,12.7,4866,0.0,0.87,1.6
2004-10-09,7.4,3.7,12.1,7779,0.0,0.79,1.7
2004-10-10,6.5,1.4,12.8,9590,0.0,0.69,2.4
2004-10-11,5.8,1.1,12.0,12231,0.0,0.67,3.2
2004-10-12,5.1,-0.4,10.8,12073,0.0,0.6,3.4
2004-10-13,7.5,2.2,12.8,8817,0.0,0.72,2.6
2004-10-14,7.2,2.7,13.4,9614,0.0,0.75,2.6
2004-10-15,7.2,3.1,10.1,3951,5.0,0.75,2.4
2004-10-16,8.1,5.2,10.8,4107,5.0,0.86,2.0
2004-10-17,7.5,4.1,10.9,5369,3.1,0.81,3.0
2004-10-18,9.2,6.9,11.5,4185,4.5,0.96,3.8
2004-10-19,8.9,5.4,14.0,9834,0.0,0.89,1.7
2004-10-20,8.5,2.1,13.2,7335,1.1,0.72,2.7
2004-10-21,12.0,5.8,19.9,8076,0.0,0.96,3.3
2004-10-22,10.6,5.1,16.5,9777,0.0,0.9,2.8
2004-10-23,13.2,7.8,16.9,3973,0.5,1.06,3.3
2004-10-24,16.5,12.7,20.3,6636,0.1,1.44,2.7
2004-10-25,14.4,10.1,19.5,5996,0.0,1.23,3.1
2004-10-26,11.4,8.4,14.3,4169,0.0,1.08,1.7
2004-10-27,9.7,6.8,13.7,6273,0.0,0.97,1.8
2004-10-28,9.3,7.8,10.4,3117,0.0,1.02,2.1
2004-10-29,10.9,8.0,15.0,3446,5.5,1.06,1.6
2004-10-30,11.1,9.8,11.9,3003,2.1,1.17,1.4
2004-10-31,11.4,8.8,13.7,3073,0.0,1.09,1.7
2004-11-01,9.1,7.6,10.5,2893,0.0,1.01,2.0
2004-11-02,9.0,7.2,11.9,3943,0.0,0.99,2.4
2004-11-03,9.9,7.4,12.4,3756,0.0,1.0,1.7
2004-11-04,11.6,9.3,14.6,2975,0.0,1.13,1.6
2004-11-05,9.4,5.7,12.2,4636,0.4,0.9,3.1
2004-11-06,7.0,4.6,9.7,3805,1.5,0.82,2.9
2004-11-07,5.4,1.9,8.0,2877,1.0,0.68,2.0
2004-11-08,3.0,-0.8,5.0,3397,0.9,0.56,1.4
2004-11-09,4.4,2.5,7.1,2496,8.8,0.7,2.4
2004-11-10,3.7,0.9,7.0,3565,0.0,0.64,2.2
2004-11-11,2.5,0.2,3.9,2407,0.0,0.6,1.3
2004-11-12,3.9,1.8,6.6,2419,5.8,0.68,2.7
2004-11-13,4.2,-0.4,7.4,4689,1.0,0.58,3.1
2004-11-14,0.4,-1.5,2.3,2283,0.0,0.53,2.0
2004-11-15,3.5,0.1,6.4,3243,1.2,0.6,2.6
2004-11-16,6.8,5.2,9.0,2986,10.2,0.85,2.6
2004-11-17,8.6,5.7,11.4,2170,11.0,0.89,4.1
2004-11-18,7.4,2.4,11.6,2134,14.4,0.72,5.2
2004-11-19,1.0,-0.3,3.0,3306,1.1,0.58,3.9
2004-11-20,1.5,0.1,2.4,2066,0.3,0.59,3.9
2004-11-21,1.3,-1.3,4.9,3659,3.5,0.54,2.6
2004-11-22,5.0,0.5,10.1,2003,6.6,0.64,4.5
2004-11-23,5.1,0.2,10.0,4241,0.0,0.62,4.1
2004-11-24,-0.3,-2.3,3.2,5338,0.0,0.5,1.5
2004-11-25,0.7,-1.2,5.7,3905,0.0,0.55,1.8
2004-11-26,0.3,-2.7,2.8,3016,1.7,0.49,2.5
2004-11-27,5.2,2.1,7.3,1864,0.4,0.69,2.6
2004-11-28,5.2,3.6,6.2,1840,4.6,0.77,1.6
2004-11-29,5.0,2.2,6.5,1817,0.2,0.69,1.2
2004-11-30,3.1,1.9,4.1,1795,0.0,0.68,2.1
2004-12-01,4.0,2.7,5.2,1774,0.0,0.72,1.7
2004-12-02,2.8,0.2,4.8,1754,0.0,0.6,1.7
2004-12-03,2.4,0.5,3.7,1736,0.0,0.61,1.7
2004-12-04,3.2,-0.3,5.9,2643,0.0,0.59,2.2
2004-12-05,2.2,-0.4,6.4,1702,0.1,0.58,2.5
2004-12-06,6.7,5.9,7.8,1686,0.0,0.89,2.4
2004-12-07,6.5,4.3,7.2,1672,0.0,0.8,2.1
2004-12-08,4.4,3.1,5.5,1659,0.0,0.73,1.9
2004-12-09,3.6,-0.2,4.3,1647,0.0,0.58,1.9
2004-12-10,-0.5,-1.9,1.8,3769,0.0,0.52,1.5
2004-12-11,-1.0,-4.7,1.5,1627,0.1,0.42,1.4
2004-12-12,2.5,1.5,3.4,1618,0.0,0.66,1.2
2004-12-13,1.0,-1.4,2.1,1610,0.0,0.53,1.4
2004-12-14,-2.2,-4.3,-1.3,1604,0.0,0.42,1.9
2004-12-15,0.1,-4.5,4.9,4287,0.0,0.44,2.4
2004-12-16,1.9,-0.1,5.2,4236,1.3,0.59,2.9
2004-12-17,3.6,0.5,6.6,1591,4.6,0.62,3.8
2004-12-18,2.5,0.5,4.1,2384,4.0,0.61,4.2
2004-12-19,-0.2,-3.4,0.8,1881,2.2,0.46,2.5
2004-12-20,-1.0,-4.0,2.6,4015,0.0,0.45,2.4
2004-12-21,-0.9,-4.2,4.0,3808,0.0,0.44,1.6
2004-12-22,-2.8,-6.3,0.9,1634,2.0,0.38,3.8
2004-12-23,4.3,0.8,8.3,1596,3.6,0.64,4.9
2004-12-24,6.6,3.2,8.6,2021,1.8,0.74,5.0
2004-12-25,5.6,0.8,9.2,2112,0.2,0.64,3.3
2004-12-26,1.8,-0.3,3.7,1613,6.3,0.58,1.8
2004-12-27,2.3,0.2,3.9,1620,0.9,0.6,2.3
2004-12-28,0.6,-0.7,2.6,2523,0.4,0.56,2.9
2004-12-29,1.9,0.3,2.6,1639,0.7,0.6,2.3
2004-12-30,3.1,0.4,4.9,1651,0.0,0.61,3.1
2004-12-31,5.8,4.5,6.8,1663,3.0,0.81,2.8
2005-01-01,5.5,4.1,7.3,1836,0.7,0.79,2.7
2005-01-02,5.3,3.5,7.9,1980,6.0,0.76,5.4
2005-01-03,4.1,0.5,6.2,1735,5.0,0.62,5.0
2005-01-04,7.5,6.1,8.6,1707,0.8,0.91,5.2
2005-01-05,5.6,3.7,7.1,2872,2.0,0.77,3.5
2005-01-06,5.3,3.3,8.1,2275,0.3,0.75,4.1
2005-01-07,8.2,5.0,10.6,1760,0.0,0.85,5.0
2005-01-08,9.2,5.8,12.4,3587,0.6,0.9,5.8
2005-01-09,6.4,3.2,8.7,3122,0.0,0.75,4.3
2005-01-10,9.7,6.2,14.0,2834,0.0,0.93,3.9
2005-01-11,7.9,4.2,9.4,1848,0.0,0.8,3.1
2005-01-12,7.6,4.3,10.4,1873,0.1,0.82,3.5
2005-01-13,3.6,1.8,6.0,2228,0.7,0.68,3.8
2005-01-14,3.8,1.7,5.8,2211,0.0,0.67,2.5
2005-01-15,2.1,-0.8,3.8,1954,0.0,0.56,1.5
2005-01-16,0.0,-3.0,4.0,5719,0.0,0.48,2.0
2005-01-17,1.4,-1.9,6.2,3043,0.1,0.53,2.9
2005-01-18,4.2,1.6,5.5,2045,5.1,0.66,3.6
2005-01-19,2.4,-0.6,5.7,2979,3.8,0.57,3.7
2005-01-20,3.8,1.6,5.6,2112,13.6,0.66,6.3
2005-01-21,3.3,0.7,6.0,3119,7.8,0.62,5.8
2005-01-22,1.4,-0.2,4.4,4510,0.0,0.58,3.6
2005-01-23,0.4,-1.1,3.0,3894,2.5,0.54,3.0
2005-01-24,-0.6,-2.1,1.4,2418,2.2,0.5,3.5
2005-01-25,-1.7,-3.2,-0.9,2299,0.0,0.46,3.0
2005-01-26,-3.5,-4.9,-2.6,3910,0.0,0.41,2.9
2005-01-27,-2.6,-3.6,-1.7,2382,3.6,0.45,1.6
2005-01-28,-2.5,-3.7,-1.4,2425,0.1,0.45,1.1
2005-01-29,-3.9,-6.8,-2.8,2469,0.2,0.35,1.4
2005-01-30,-1.4,-5.4,2.4,2515,1.6,0.4,2.5
2005-01-31,3.5,0.7,5.8,2561,2.8,0.63,4.1
2005-02-01,1.6,-1.9,4.8,6505,0.0,0.52,3.4
2005-02-02,1.5,-1.0,3.6,2658,1.8,0.55,3.2
2005-02-03,2.6,0.2,5.2,3899,0.0,0.6,2.0
2005-02-04,1.5,0.0,3.3,2759,0.0,0.59,1.6
2005-02-05,-0.8,-5.6,3.2,7940,0.0,0.4,2.6
2005-02-06,-3.4,-6.5,2.2,7809,0.0,0.38,2.3
2005-02-07,-4.1,-8.2,1.7,8050,0.0,0.33,2.2
2005-02-08,-3.1,-7.5,2.4,7725,0.0,0.35,1.8
2005-02-09,0.1,-3.3,3.6,7070,0.6,0.47,2.0
2005-02-10,3.9,1.6,5.2,3088,5.2,0.66,4.0
2005-02-11,3.4,0.8,7.6,7286,0.9,0.63,2.7
2005-02-12,4.2,-0.4,10.0,3206,14.9,0.6,5.3
2005-02-13,1.9,-0.1,3.9,3266,6.5,0.59,5.5
2005-02-14,-0.5,-1.3,0.3,3328,2.3,0.53,4.0
2005-02-15,0.0,-0.9,0.6,3390,1.0,0.55,3.5
2005-02-16,0.2,-0.6,2.3,4082,0.0,0.56,3.3
2005-02-17,-1.1,-3.0,0.1,3518,0.0,0.47,1.8
2005-02-18,-2.9,-5.6,0.5,7300,0.7,0.39,2.6
2005-02-19,-0.9,-3.3,1.1,3650,0.0,0.46,2.3
2005-02-20,0.6,-0.9,3.0,3717,0.0,0.55,1.6
2005-02-21,-0.2,-2.7,3.3,5265,0.0,0.49,2.5
2005-02-22,-2.0,-4.4,-0.1,5351,0.8,0.42,3.4
2005-02-23,-0.1,-1.2,0.9,3923,4.1,0.54,2.5
2005-02-24,-2.1,-5.8,0.2,3994,1.7,0.39,1.7
2005-02-25,0.1,-0.5,1.4,4065,0.9,0.56,1.5
2005-02-26,-1.0,-6.5,0.8,4137,2.1,0.37,2.0
2005-02-27,-5.3,-9.6,-1.4,7931,0.1,0.29,3.6
2005-02-28,-6.1,-11.0,-0.8,8845,0.5,0.27,2.6
2005-03-01,-3.6,-6.2,-0.4,8402,3.0,0.38,3.2
2005-03-02,-2.4,-5.1,1.4,6967,0.0,0.41,2.2
2005-03-03,-2.6,-6.0,0.5,4508,0.0,0.38,2.1
2005-03-04,-2.6,-6.0,0.4,6504,0.0,0.38,1.5
2005-03-05,-3.4,-6.9,1.5,6770,0.3,0.36,2.2
2005-03-06,-3.5,-6.3,-0.3,6528,0.1,0.37,2.6
2005-03-07,-1.3,-6.1,1.8,4902,0.0,0.38,2.6
2005-03-08,1.7,-2.0,3.7,5416,0.0,0.52,3.0
2005-03-09,-0.4,-5.1,2.8,5676,0.3,0.41,2.5
2005-03-10,-1.4,-6.8,4.1,15067,0.0,0.37,2.0
2005-03-11,1.5,-0.3,3.0,5133,6.7,0.58,5.0
2005-03-12,1.9,0.5,4.0,5303,3.2,0.61,4.9
2005-03-13,1.4,-1.2,5.8,9760,0.5,0.55,3.0
2005-03-14,2.9,-0.3,7.1,9973,0.0,0.59,2.4
2005-03-15,5.4,-0.8,9.9,6848,0.0,0.58,2.6
2005-03-16,12.6,7.2,18.7,6754,0.1,1.03,3.5
2005-03-17,13.0,10.5,16.0,5902,0.8,1.24,4.7
2005-03-18,10.9,6.4,13.3,5701,1.8,0.95,3.9
2005-03-19,2.2,-2.8,6.5,8857,0.0,0.5,2.5
2005-03-20,0.6,-4.5,6.4,17489,0.0,0.45,2.0
2005-03-21,2.0,-3.0,8.1,16983,0.0,0.5,2.3
2005-03-22,4.8,-3.0,13.0,16268,0.0,0.53,2.7
2005-03-23,7.9,2.4,12.5,6312,1.0,0.73,1.7
2005-03-24,10.8,6.6,17.6,11395,0.0,0.99,1.7
2005-03-25,11.3,5.1,18.0,12626,0.0,0.91,1.6
2005-03-26,9.2,7.6,11.0,6362,0.2,1.01,1.5
2005-03-27,8.9,6.8,11.1,6445,0.0,0.96,2.3
2005-03-28,8.1,3.5,13.5,17443,0.0,0.79,2.2
2005-03-29,8.0,2.3,14.3,16876,0.0,0.74,2.4
2005-03-30,7.5,2.5,13.2,19640,0.0,0.74,3.0
2005-03-31,5.9,-0.4,12.1,20125,0.0,0.61,2.5
2005-04-01,6.7,-0.7,14.1,19555,0.0,0.61,2.4
2005-04-02,8.6,-0.2,17.0,19826,0.0,0.66,2.3
2005-04-03,11.5,0.6,20.7,19025,0.0,0.72,1.9
2005-04-04,13.4,4.2,21.1,19612,0.0,0.9,1.9
2005-04-05,8.6,4.1,13.7,9028,1.7,0.82,2.5
2005-04-06,10.2,2.7,16.1,17852,0.0,0.77,2.8
2005-04-07,11.0,6.7,14.2,10639,5.1,0.96,3.9
2005-04-08,8.0,3.3,13.4,12393,2.3,0.77,2.5
2005-04-09,5.2,2.2,9.5,9392,0.5,0.7,2.7
2005-04-10,5.0,-1.1,9.7,10710,0.0,0.57,2.2
2005-04-11,8.8,4.4,14.0,12937,0.0,0.84,2.4
2005-04-12,10.8,4.7,15.3,12591,0.0,0.87,1.7
2005-04-13,12.1,8.7,16.4,12580,0.0,1.11,1.3
2005-04-14,14.0,6.9,19.9,13023,0.0,1.03,1.6
2005-04-15,15.7,10.1,22.3,17702,0.0,1.26,2.1
2005-04-16,15.6,8.7,22.8,20698,0.0,1.17,3.1
2005-04-17,14.5,8.1,21.1,18867,0.0,1.11,3.1
2005-04-18,13.0,6.1,19.4,21078,0.0,0.97,2.4
2005-04-19,10.3,5.4,16.5,19693,0.0,0.92,3.0
2005-04-20,6.3,-0.4,12.8,23674,0.0,0.62,3.1
2005-04-21,4.6,-2.6,10.8,23927,0.0,0.53,1.7
2005-04-22,7.1,0.1,13.7,22409,0.0,0.64,1.4
2005-04-23,8.4,2.3,15.0,21823,0.0,0.74,2.0
2005-04-24,9.8,2.4,16.2,24201,0.0,0.76,2.5
2005-04-25,11.0,6.0,16.2,14907,0.0,0.94,3.0
2005-04-26,12.2,5.0,18.9,23971,0.0,0.92,2.3
2005-04-27,10.1,5.9,15.3,10525,8.6,0.93,2.6
2005-04-28,11.1,5.1,17.3,22161,0.0,0.9,1.9
2005-04-29,12.8,4.9,18.4,18644,0.0,0.89,1.6
2005-04-30,15.8,9.3,22.0,15710,0.0,1.2,1.2
2005-05-01,19.6,12.6,26.4,23938,0.0,1.52,1.5
2005-05-02,22.4,13.2,31.8,22094,0.0,1.65,2.2
2005-05-03,17.8,13.9,23.8,15225,2.7,1.59,1.8
2005-05-04,14.4,10.4,19.6,13219,0.0,1.26,2.6
2005-05-05,11.7,7.0,15.8,18082,0.5,0.99,3.1
2005-05-06,9.1,5.7,14.9,12990,5.0,0.91,3.4
2005-05-07,7.8,4.6,11.3,14045,11.9,0.83,3.0
2005-05-08,8.0,4.8,13.8,17579,2.7,0.85,3.2
2005-05-09,6.9,3.7,11.3,16537,3.5,0.79,2.6
2005-05-10,6.8,4.0,10.9,13500,5.0,0.79,2.4
2005-05-11,6.9,3.8,12.3,12691,3.4,0.79,2.4
2005-05-12,7.9,3.9,13.5,16618,0.0,0.81,2.2
2005-05-13,11.4,4.4,17.9,23934,0.0,0.87,2.0
2005-05-14,12.0,8.3,17.8,11737,22.7,1.1,2.3
2005-05-15,10.0,7.1,12.7,14425,5.3,0.98,2.7
2005-05-16,12.3,6.7,18.3,21518,2.7,1.0,2.2
2005-05-17,7.9,6.0,10.4,11138,2.4,0.9,1.9
2005-05-18,9.5,4.4,13.8,16732,0.0,0.83,2.1
2005-05-19,10.8,2.8,16.7,25874,0.0,0.78,1.9
2005-05-20,14.4,5.6,20.8,23917,0.0,0.96,2.3
2005-05-21,17.4,9.8,24.1,17524,5.3,1.26,2.0
2005-05-22,17.3,14.1,21.8,14787,0.8,1.58,1.8
2005-05-23,16.2,12.8,20.0,12422,0.7,1.45,2.0
2005-05-24,15.5,10.4,20.6,18813,0.0,1.27,1.9
2005-05-25,18.7,12.4,24.4,24198,0.0,1.46,1.9
2005-05-26,21.6,13.9,28.0,25775,0.0,1.64,2.0
2005-05-27,24.3,15.9,31.4,27734,0.0,1.89,1.4
2005-05-28,26.0,17.6,33.1,29185,0.0,2.12,2.1
2005-05-29,21.7,17.1,27.0,28084,9.6,1.96,1.9
2005-05-30,14.6,10.4,18.2,12426,1.1,1.24,2.5
2005-05-31,11.4,7.5,16.9,16673,1.9,1.04,3.1
2005-06-01,10.1,6.0,13.6,11208,0.0,0.92,2.2
2005-06-02,12.5,4.8,16.2,14817,0.3,0.88,1.9
2005-06-03,20.3,12.8,26.4,21756,0.0,1.53,2.1
2005-06-04,18.4,12.3,22.0,19609,0.0,1.43,3.8
2005-06-05,14.1,11.4,18.2,15024,6.0,1.32,3.2
2005-06-06,11.4,8.2,13.2,11330,2.6,1.06,3.0
2005-06-07,9.8,6.5,13.0,11607,2.2,0.95,3.3
2005-06-08,11.8,6.7,16.6,18680,0.2,0.99,2.1
2005-06-09,13.6,5.5,20.4,19213,0.0,0.96,1.8
2005-06-10,12.4,8.4,17.9,11787,3.6,1.1,2.3
2005-06-11,10.4,6.4,14.7,14754,0.2,0.95,2.6
2005-06-12,10.8,6.7,14.8,16052,1.4,0.97,2.0
2005-06-13,13.7,5.9,20.6,23898,0.0,0.97,2.5
2005-06-14,18.9,9.6,27.1,23652,2.5,1.29,1.7
2005-06-15,20.5,15.2,26.2,23662,0.0,1.74,1.4
2005-06-16,21.3,15.3,27.2,24697,0.0,1.76,1.8
2005-06-17,19.7,16.3,22.8,11472,0.0,1.81,2.6
2005-06-18,17.4,11.7,23.1,27534,0.0,1.39,2.5
2005-06-19,19.0,10.2,25.6,28178,0.0,1.31,1.5
2005-06-20,20.2,11.9,27.2,30876,0.0,1.48,1.6
2005-06-21,23.3,15.1,31.4,26892,4.8,1.83,1.8
2005-06-22,18.5,13.9,22.8,23420,0.0,1.57,2.1
2005-06-23,20.6,11.6,27.3,30863,0.0,1.45,1.4
2005-06-24,24.0,16.0,30.5,23408,0.0,1.89,1.5
2005-06-25,22.9,14.6,33.4,21474,3.0,1.8,2.3
2005-06-26,19.1,12.7,25.0,29676,0.0,1.51,1.7
2005-06-27,18.8,11.9,25.0,30816,0.0,1.44,1.7
2005-06-28,18.1,11.2,24.2,29773,0.0,1.37,2.0
2005-06-29,19.6,11.2,25.8,27832,0.0,1.4,1.7
2005-06-30,19.4,13.8,24.6,23839,0.0,1.59,2.1
2005-07-01,17.2,14.4,19.0,10752,8.0,1.59,2.1
2005-07-02,18.7,14.1,24.4,16882,0.0,1.61,1.5
2005-07-03,21.7,14.9,27.8,24284,0.0,1.74,1.3
2005-07-04,23.7,16.0,30.1,28351,3.8,1.89,2.8
2005-07-05,13.9,11.5,21.3,10678,20.7,1.36,2.2
2005-07-06,13.2,11.5,14.2,10656,3.8,1.31,2.0
2005-07-07,15.3,12.3,20.0,12931,1.4,1.41,1.9
2005-07-08,14.8,13.6,16.8,10863,9.9,1.51,1.3
2005-07-09,17.5,14.0,21.6,14152,0.5,1.57,1.5
2005-07-10,21.6,14.7,28.1,29666,0.0,1.72,2.3
2005-07-11,21.9,14.1,28.4,29367,0.0,1.67,2.3
2005-07-12,23.5,15.6,30.4,28049,0.0,1.83,1.9
2005-07-13,23.7,16.2,30.2,28764,0.0,1.9,1.7
2005-07-14,22.7,16.4,28.6,23762,0.0,1.91,1.2
2005-07-15,22.8,16.3,30.9,22700,4.1,1.93,2.3
2005-07-16,19.1,14.9,24.0,23538,0.0,1.68,2.4
2005-07-17,17.6,13.1,22.5,21715,0.0,1.5,2.2
2005-07-18,21.2,15.4,27.3,21158,0.0,1.77,1.6
2005-07-19,20.5,16.3,24.3,16433,0.0,1.83,3.3
2005-07-20,16.9,11.9,22.2,16133,3.8,1.4,3.9
2005-07-21,13.5,12.1,14.4,10542,39.6,1.36,4.4
2005-07-22,16.2,14.1,19.2,12888,7.4,1.57,3.0
2005-07-23,14.2,12.9,15.5,10202,0.0,1.43,2.5
2005-07-24,17.6,13.7,23.2,16050,0.0,1.57,2.0
2005-07-25,19.3,15.5,26.6,15117,8.3,1.78,2.2
2005-07-26,17.9,15.1,21.2,13561,4.2,1.67,2.1
2005-07-27,18.5,14.4,23.5,16375,4.9,1.63,1.4
2005-07-28,23.1,17.7,29.5,19925,0.5,2.06,1.6
2005-07-29,24.0,20.4,29.4,17866,25.9,2.37,1.7
2005-07-30,21.7,17.8,26.3,21148,1.6,2.02,2.6
2005-07-31,20.2,15.5,25.2,20947,0.0,1.76,2.9
2005-08-01,16.9,11.7,20.9,22352,0.0,1.37,2.5
2005-08-02,17.2,10.6,22.5,21652,0.1,1.3,1.8
2005-08-03,16.0,14.2,17.1,9513,8.3,1.57,1.8
2005-08-04,16.1,11.6,21.5,17678,0.5,1.38,2.6
2005-08-05,16.3,10.5,22.0,16007,7.9,1.29,2.2
2005-08-06,14.1,11.8,18.1,14099,4.6,1.35,2.8
2005-08-07,12.7,9.6,17.4,15122,1.8,1.18,2.3
2005-08-08,13.8,8.0,19.8,21969,0.5,1.1,2.1
2005-08-09,13.2,11.4,14.4,9878,0.8,1.3,2.7
2005-08-10,13.5,11.8,15.6,9450,5.8,1.34,3.2
2005-08-11,15.2,12.5,19.2,10830,0.0,1.41,3.0
2005-08-12,16.6,11.4,21.4,19403,5.2,1.34,2.2
2005-08-13,14.2,11.1,16.4,9371,0.7,1.29,2.2
2005-08-14,15.1,11.3,19.3,9422,0.9,1.32,2.1
2005-08-15,17.9,13.6,22.9,13750,0.0,1.54,2.0
2005-08-16,16.7,11.3,22.9,22668,0.0,1.36,1.8
2005-08-17,16.5,10.5,23.1,18299,0.0,1.31,1.6
2005-08-18,19.3,12.2,26.3,24308,0.0,1.48,2.1
2005-08-19,21.0,14.4,27.7,23123,0.0,1.69,2.0
2005-08-20,21.5,16.0,27.7,18793,9.1,1.85,1.5
2005-08-21,21.2,16.4,27.9,21352,0.0,1.88,2.0
2005-08-22,20.1,12.9,27.4,21226,0.3,1.54,2.2
2005-08-23,16.7,15.1,18.0,8187,7.2,1.66,2.0
2005-08-24,18.0,15.5,22.3,16146,0.0,1.74,1.8
2005-08-25,16.9,13.3,20.7,8495,1.5,1.51,2.8
2005-08-26,14.8,9.7,19.6,16378,0.0,1.2,2.9
2005-08-27,15.9,9.4,21.6,20677,0.0,1.2,1.7
2005-08-28,17.4,11.3,23.1,18962,0.0,1.35,1.5
2005-08-29,20.5,13.8,27.4,21744,0.0,1.62,1.8
2005-08-30,19.4,13.4,25.8,21484,0.0,1.58,1.4
2005-08-31,19.6,13.7,26.3,21334,0.0,1.6,2.1
2005-09-01,20.1,13.9,28.1,20961,0.0,1.64,2.2
2005-09-02,18.8,12.6,25.0,15541,0.0,1.48,1.6
2005-09-03,17.8,13.5,20.9,8868,0.0,1.53,1.9
2005-09-04,17.4,10.0,25.5,20283,0.0,1.3,1.7
2005-09-05,18.7,12.5,25.8,20235,0.0,1.5,1.9
2005-09-06,19.0,11.5,26.8,20291,0.0,1.44,1.6
2005-09-07,20.3,12.6,28.2,19598,0.0,1.53,1.5
2005-09-08,21.6,13.6,29.5,19121,0.0,1.65,1.6
2005-09-09,21.5,14.8,29.1,18857,0.0,1.74,1.7
2005-09-10,20.8,15.2,27.7,14829,4.5,1.77,1.9
2005-09-11,17.4,16.0,18.2,6695,8.4,1.76,1.9
2005-09-12,16.7,10.9,18.5,6614,0.5,1.29,2.2
2005-09-13,14.4,10.5,20.6,14115,0.0,1.28,1.4
2005-09-14,14.9,8.7,20.7,13166,0.0,1.14,2.8
2005-09-15,16.1,11.9,21.3,14552,14.2,1.39,2.8
2005-09-16,11.3,8.3,12.5,6286,5.4,1.06,2.8
2005-09-17,10.5,6.2,17.0,14567,0.3,0.95,1.8
2005-09-18,10.8,4.5,17.9,17089,0.0,0.88,2.0
2005-09-19,12.2,6.1,19.5,16237,0.0,0.98,1.7
2005-09-20,13.0,8.4,19.0,15395,0.0,1.11,1.1
2005-09-21,13.7,9.9,18.4,6167,0.0,1.2,1.4
2005-09-22,13.8,9.2,21.1,16325,0.0,1.19,1.5
2005-09-23,14.3,7.8,22.3,16062,0.0,1.11,1.6
2005-09-24,16.2,9.9,23.6,14482,0.0,1.26,1.2
2005-09-25,16.6,10.6,23.1,14886,0.0,1.31,1.4
2005-09-26,14.7,11.7,17.7,8248,3.8,1.34,1.6
2005-09-27,14.6,9.3,20.7,12454,0.3,1.19,2.1
2005-09-28,12.6,8.8,16.7,6766,3.5,1.12,2.3
2005-09-29,10.4,8.0,14.7,6853,4.1,1.06,2.8
2005-09-30,10.6,7.3,15.6,8455,0.0,1.01,2.3
2005-10-01,10.3,6.1,15.5,7018,9.7,0.95,2.4
2005-10-02,11.6,10.0,13.2,4994,0.0,1.18,1.5
2005-10-03,12.6,9.3,15.6,5003,0.0,1.15,1.7
2005-10-04,14.4,11.7,19.3,9822,0.0,1.36,2.6
2005-10-05,14.4,9.7,20.1,12164,0.0,1.21,2.3
2005-10-06,14.2,9.7,20.3,12940,0.0,1.22,1.9
2005-10-07,13.4,10.0,19.7,9946,0.0,1.23,2.1
2005-10-08,13.9,9.8,19.9,12375,0.0,1.22,1.7
2005-10-09,13.8,9.0,20.0,11566,0.0,1.17,1.5
2005-10-10,12.3,7.7,18.7,10852,0.0,1.06,1.7
2005-10-11,12.7,7.2,20.0,12150,0.0,1.04,2.2
2005-10-12,12.3,8.1,19.2,11914,0.0,1.09,2.1
2005-10-13,10.9,6.1,18.0,11055,0.0,0.96,1.4
2005-10-14,11.1,6.3,17.6,11451,0.0,0.96,1.0
2005-10-15,9.8,3.8,16.4,11300,0.0,0.83,1.6
2005-10-16,7.0,1.3,13.1,7134,0.0,0.69,2.0
2005-10-17,9.8,5.9,15.0,5156,0.0,0.92,2.5
2005-10-18,7.6,2.8,12.0,6999,0.0,0.74,2.5
2005-10-19,6.4,0.8,13.5,10338,0.0,0.67,2.4
2005-10-20,10.0,3.9,15.5,8096,0.3,0.82,2.2
2005-10-21,12.1,10.1,14.6,4686,1.2,1.2,2.3
2005-10-22,13.2,10.8,16.9,3689,10.9,1.27,3.3
2005-10-23,11.8,7.8,15.0,5301,6.6,1.04,2.5
2005-10-24,9.6,6.8,11.2,3420,4.4,0.96,2.2
2005-10-25,13.2,10.9,15.5,3357,4.0,1.27,4.1
2005-10-26,12.7,9.5,16.2,5793,0.0,1.17,3.4
2005-10-27,12.4,8.3,18.8,8704,0.0,1.11,1.7
2005-10-28,12.3,7.5,17.8,9041,0.0,1.05,2.3
2005-10-29,9.5,5.1,15.4,8782,0.0,0.88,2.1
2005-10-30,10.1,5.1,17.0,8270,0.0,0.9,2.0
2005-10-31,7.8,4.3,12.9,8342,0.0,0.82,2.4
2005-11-01,8.4,4.3,12.2,4078,0.1,0.82,2.1
2005-11-02,9.7,5.5,14.4,6739,0.0,0.9,2.2
2005-11-03,12.4,8.0,17.3,4678,0.5,1.07,2.7
2005-11-04,12.0,9.9,14.4,3696,4.3,1.19,2.1
2005-11-05,8.9,5.1,11.3,3633,3.7,0.85,2.6
2005-11-06,6.4,3.1,11.7,7473,0.0,0.76,2.3
2005-11-07,6.8,0.8,12.0,6024,0.0,0.66,2.2
2005-11-08,9.1,4.7,13.2,7147,0.0,0.84,2.2
2005-11-09,7.2,3.8,13.0,6077,0.0,0.8,1.9
2005-11-10,7.8,4.7,11.2,3566,0.0,0.84,2.2
2005-11-11,9.9,8.2,12.7,2841,0.0,1.05,2.8
2005-11-12,8.3,3.7,11.6,6094,0.0,0.79,2.4
2005-11-13,6.1,1.1,10.9,5519,0.0,0.67,1.5
2005-11-14,6.4,4.0,7.5,2646,0.0,0.79,2.2
2005-11-15,5.0,3.2,6.5,2549,4.9,0.74,3.3
2005-11-16,4.1,0.9,5.6,2770,3.7,0.63,2.6
2005-11-17,1.6,-1.1,3.5,2206,0.7,0.55,2.4
2005-11-18,0.9,-0.1,1.7,2170,0.2,0.58,1.7
2005-11-19,0.2,-2.0,1.7,2134,0.3,0.51,1.7
2005-11-20,2.5,-0.2,5.7,2099,1.4,0.58,2.4
2005-11-21,1.5,-0.8,5.2,3111,1.8,0.56,2.0
2005-11-22,1.8,-0.2,3.5,2034,0.0,0.58,1.8
2005-11-23,3.9,2.8,4.8,2003,1.0,0.72,1.9
2005-11-24,1.8,-1.4,3.8,1973,0.1,0.53,2.7
2005-11-25,-0.9,-2.2,0.9,2613,1.6,0.5,4.2
2005-11-26,-0.6,-3.0,3.8,5420,0.0,0.48,3.1
2005-11-27,-1.2,-3.4,2.5,3672,0.0,0.46,1.9
2005-11-28,-0.9,-4.1,1.0,1911,0.5,0.44,2.1
2005-11-29,-0.2,-3.9,2.6,2531,0.4,0.45,1.8
2005-11-30,1.6,-1.0,4.3,2045,0.0,0.55,2.2
2005-12-01,-0.1,-3.0,4.7,4833,0.0,0.48,2.2
2005-12-02,-1.4,-3.3,1.4,3304,0.0,0.46,3.0
2005-12-03,-1.0,-2.5,0.5,1754,0.3,0.49,2.8
2005-12-04,2.6,-1.0,5.7,1780,1.2,0.56,2.8
2005-12-05,5.0,3.1,7.4,1982,0.0,0.74,2.4
2005-12-06,2.8,0.0,7.8,4241,0.0,0.6,1.5
2005-12-07,1.3,-0.3,3.2,1686,0.5,0.57,2.0
2005-12-08,2.5,0.3,4.0,1672,0.3,0.6,1.8
2005-12-09,1.9,-0.7,4.9,2821,0.0,0.56,1.6
2005-12-10,-0.6,-2.6,2.5,4132,0.0,0.49,1.8
2005-12-11,1.7,-1.2,3.8,1636,0.5,0.54,2.5
2005-12-12,4.0,-0.9,7.0,1627,0.1,0.57,2.2
2005-12-13,2.3,-1.4,4.5,1618,0.5,0.54,2.2
2005-12-14,4.7,3.2,5.5,1610,0.3,0.74,2.2
2005-12-15,5.6,4.2,7.9,1983,6.4,0.79,4.7
2005-12-16,2.8,-0.8,6.3,1641,6.5,0.57,5.7
2005-12-17,0.0,-1.3,0.7,1594,0.7,0.53,3.6
2005-12-18,0.0,-3.0,1.3,1675,1.7,0.48,3.3
2005-12-19,0.9,0.2,2.9,1589,2.7,0.6,3.2
2005-12-20,3.9,0.4,6.3,1588,3.1,0.61,3.3
2005-12-21,1.8,0.0,3.3,1714,2.2,0.59,2.1
2005-12-22,4.8,3.2,6.2,1757,1.2,0.74,2.9
2005-12-23,4.8,2.4,6.5,1592,4.6,0.7,2.5
2005-12-24,6.5,4.5,7.9,1596,0.9,0.81,3.2
2005-12-25,1.1,-1.5,4.6,3829,0.2,0.54,1.9
2005-12-26,-0.5,-1.2,0.2,1606,4.5,0.54,2.1
2005-12-27,-1.9,-4.0,-0.7,1613,0.7,0.44,2.9
2005-12-28,-3.7,-4.8,-2.1,1620,3.1,0.41,2.8
2005-12-29,-3.1,-5.0,-0.9,1629,5.0,0.41,3.1
2005-12-30,-4.7,-10.3,-0.9,3178,0.0,0.28,2.8
2005-12-31,-3.2,-10.1,2.8,1694,0.9,0.3,3.1
2006-01-01,1.9,-1.0,4.6,2008,0.1,0.55,2.0
2006-01-02,0.9,-0.6,2.9,1763,0.0,0.56,1.3
2006-01-03,0.3,-1.0,1.2,1691,0.0,0.54,1.3
2006-01-04,-0.2,-1.2,0.9,1707,0.0,0.54,2.1
2006-01-05,0.2,-0.9,1.0,1723,0.0,0.55,3.4
2006-01-06,-1.3,-2.4,-0.5,1741,0.0,0.49,3.0
2006-01-07,-2.0,-5.1,-1.1,1760,0.0,0.4,2.6
2006-01-08,-5.7,-8.0,-4.1,2548,0.0,0.32,2.4
2006-01-09,-7.2,-10.1,-3.7,4852,0.0,0.28,1.6
2006-01-10,-5.2,-8.6,-0.7,4899,0.0,0.31,2.0
2006-01-11,-1.3,-5.5,3.5,4857,1.5,0.4,2.7
2006-01-12,2.0,0.6,4.6,3320,0.0,0.62,1.6
2006-01-13,0.0,-2.3,1.1,1898,0.0,0.49,2.3
2006-01-14,-2.4,-5.6,1.2,4780,0.0,0.4,1.8
2006-01-15,-5.4,-7.8,-1.1,5316,0.0,0.33,2.0
2006-01-16,-6.0,-9.1,-1.0,5427,0.0,0.31,2.0
2006-01-17,-3.4,-7.2,0.0,4170,6.4,0.35,3.0
2006-01-18,-2.0,-3.7,0.3,2045,1.0,0.45,3.0
2006-01-19,-3.1,-4.2,-1.7,2128,3.6,0.43,1.8
2006-01-20,-0.8,-4.5,3.3,2112,7.8,0.43,2.9
2006-01-21,1.0,-7.2,3.5,2147,2.1,0.37,3.5
2006-01-22,-10.9,-15.8,-7.1,6061,0.0,0.18,2.4
2006-01-23,-15.4,-18.0,-12.2,5986,0.0,0.14,2.5
2006-01-24,-12.4,-17.7,-7.3,5856,0.0,0.16,2.1
2006-01-25,-5.4,-7.6,-2.4,2620,0.0,0.33,2.3
2006-01-26,-6.8,-9.8,-3.0,5750,0.0,0.28,2.6
2006-01-27,-8.5,-12.3,-3.2,6270,0.0,0.24,1.8
2006-01-28,-7.8,-11.8,-2.1,6471,0.0,0.25,1.7
2006-01-29,-5.1,-9.8,0.5,5442,0.0,0.3,1.5
2006-01-30,-3.0,-7.6,0.0,2912,0.0,0.34,1.8
2006-01-31,-0.2,-2.6,0.6,2561,0.0,0.49,2.0
2006-02-01,-2.4,-3.8,-1.1,2609,0.0,0.45,1.5
2006-02-02,-1.9,-3.6,-1.1,2658,0.1,0.45,1.5
2006-02-03,-0.3,-1.6,0.5,2708,0.5,0.52,1.4
2006-02-04,-1.8,-8.3,0.5,4267,1.6,0.33,1.7
2006-02-05,-6.3,-9.3,-1.6,5925,0.0,0.3,1.1
2006-02-06,-5.6,-10.5,0.3,4657,9.3,0.28,2.0
2006-02-07,2.9,0.0,4.6,2918,7.5,0.59,4.1
2006-02-08,2.7,1.4,3.9,2974,2.6,0.65,4.5
2006-02-09,1.4,-0.1,3.5,4377,9.8,0.58,4.9
2006-02-10,0.1,-0.3,0.5,3088,0.6,0.57,3.5
2006-02-11,0.0,-1.0,2.0,3738,0.2,0.55,1.2
2006-02-12,-0.3,-2.7,2.7,4336,0.0,0.48,1.4
2006-02-13,0.0,-2.8,2.9,3334,0.0,0.49,1.5
2006-02-14,-1.7,-6.2,3.1,8915,0.0,0.38,1.8
2006-02-15,1.2,-3.2,4.4,4425,2.2,0.47,3.3
2006-02-16,2.8,0.9,5.4,4291,0.6,0.64,2.4
2006-02-17,3.2,1.0,5.9,4154,3.5,0.63,2.9
2006-02-18,4.6,2.5,9.1,6799,0.3,0.72,2.6
2006-02-19,3.5,-0.3,6.9,5240,0.0,0.59,2.0
2006-02-20,1.1,-1.0,3.5,3717,2.7,0.55,2.2
2006-02-21,1.3,0.0,2.7,3785,0.0,0.59,2.8
2006-02-22,0.2,-1.1,0.9,3854,0.0,0.54,2.8
2006-02-23,-1.2,-4.3,1.4,3923,0.0,0.43,1.7
2006-02-24,-0.6,-4.2,4.3,10579,0.0,0.45,3.8
2006-02-25,-2.0,-2.8,-1.3,4065,0.0,0.48,3.3
2006-02-26,-1.7,-6.0,2.1,4998,0.5,0.39,2.2
2006-02-27,-3.1,-7.9,2.7,10543,0.0,0.35,1.6
2006-02-28,-1.1,-6.0,2.7,4684,0.6,0.39,3.0
2006-03-01,0.3,-2.4,3.4,5814,2.3,0.5,3.4
2006-03-02,-0.2,-3.3,3.7,7539,0.0,0.47,3.4
2006-03-03,-0.3,-3.9,3.3,7317,0.0,0.45,2.5
2006-03-04,-0.9,-4.8,4.0,9176,0.0,0.43,2.1
2006-03-05,0.0,-3.7,4.9,7529,1.4,0.47,2.5
2006-03-06,-2.1,-7.6,2.5,6869,2.4,0.35,2.7
2006-03-07,-0.4,-3.7,3.0,7915,0.0,0.46,2.1
2006-03-08,-1.1,-5.8,4.2,10197,0.0,0.4,2.7
2006-03-09,-0.5,-2.2,0.7,4973,3.2,0.5,3.1
2006-03-10,0.1,-1.0,0.9,5053,5.9,0.54,3.2
2006-03-11,-2.4,-5.0,-0.4,5133,3.2,0.41,3.4
2006-03-12,-3.1,-6.3,-0.3,5574,0.4,0.37,2.7
2006-03-13,-4.2,-9.1,1.0,10124,0.0,0.31,2.0
2006-03-14,-3.3,-8.5,2.7,11997,0.0,0.33,1.9
2006-03-15,-1.0,-5.1,1.2,5455,0.1,0.41,2.5
2006-03-16,1.6,-0.6,5.6,7222,0.0,0.57,2.8
2006-03-17,1.3,-0.7,4.7,6374,0.0,0.57,2.6
2006-03-18,-0.5,-1.9,0.1,5701,0.0,0.51,2.3
2006-03-19,0.2,-2.4,2.2,5975,0.0,0.5,2.1
2006-03-20,2.3,-0.1,4.5,6253,0.0,0.59,1.9
2006-03-21,1.0,-2.8,4.6,13370,0.0,0.49,1.6
2006-03-22,0.4,-3.9,5.8,14595,0.0,0.46,1.9
2006-03-23,1.0,-4.2,6.3,17821,0.0,0.46,1.9
2006-03-24,2.8,-3.8,9.1,16095,1.5,0.48,2.9
2006-03-25,3.1,0.6,5.3,6279,2.4,0.62,2.9
2006-03-26,8.0,2.9,15.0,7478,9.0,0.77,2.9
2006-03-27,12.6,9.0,19.1,9205,1.2,1.16,3.0
2006-03-28,10.9,6.7,16.1,11367,0.0,0.98,3.4
2006-03-29,7.9,2.6,12.3,9306,0.8,0.74,3.5
2006-03-30,7.8,1.5,11.0,8781,4.0,0.68,3.5
2006-03-31,11.2,7.0,14.8,8667,3.9,0.99,4.5
2006-04-01,10.7,6.6,15.0,10137,0.4,0.96,2.9
2006-04-02,10.0,4.2,16.5,14501,2.4,0.85,3.0
2006-04-03,7.0,1.9,13.2,9057,2.7,0.71,3.5
2006-04-04,3.9,0.9,8.9,11524,4.7,0.65,2.7
2006-04-05,3.9,-0.2,8.9,17166,0.0,0.6,2.8
2006-04-06,4.6,-1.4,9.9,13049,0.0,0.57,2.4
2006-04-07,7.5,2.7,13.0,11846,0.3,0.75,2.3
2006-04-08,9.7,3.7,16.3,16699,0.0,0.82,3.2
2006-04-09,7.4,2.8,12.5,17940,0.0,0.75,3.2
2006-04-10,5.5,1.7,9.0,8031,0.0,0.68,2.6
2006-04-11,4.2,0.2,7.8,8673,0.0,0.61,2.3
2006-04-12,5.3,2.5,7.3,7742,0.4,0.71,2.6
2006-04-13,7.4,3.0,11.8,9973,2.1,0.75,3.7
2006-04-14,7.9,3.6,12.9,11770,0.8,0.79,3.9
2006-04-15,9.1,2.7,14.5,19991,2.4,0.75,2.1
2006-04-16,11.0,7.6,16.5,8625,5.4,1.04,3.3
2006-04-17,9.5,5.8,13.1,10667,0.5,0.91,2.5
2006-04-18,9.8,4.8,15.6,15045,0.3,0.87,2.3
2006-04-19,10.9,5.5,15.5,16081,0.1,0.91,1.7
2006-04-20,13.2,7.1,18.9,21452,0.0,1.02,1.5
2006-04-21,14.5,7.7,20.8,14060,0.4,1.09,1.5
2006-04-22,11.5,9.0,14.6,10263,3.6,1.12,2.0
2006-04-23,10.7,7.3,15.9,12235,0.1,1.02,1.5
2006-04-24,10.9,7.5,15.2,12557,0.0,1.02,1.3
2006-04-25,14.7,6.1,22.2,25161,0.0,1.01,1.5
2006-04-26,16.2,10.8,23.4,12006,7.3,1.34,1.6
2006-04-27,13.1,9.2,14.0,8844,1.6,1.13,2.1
2006-04-28,10.5,6.7,15.1,16620,0.0,0.97,2.4
2006-04-29,6.6,3.4,8.3,9099,4.2,0.76,2.2
2006-04-30,7.2,2.9,13.0,14013,0.0,0.75,2.0
2006-05-01,10.2,3.6,15.7,21264,0.4,0.81,2.2
2006-05-02,13.0,7.8,18.5,16365,0.0,1.07,1.8
2006-05-03,16.4,7.0,23.9,25859,0.0,1.09,2.1
2006-05-04,17.7,10.5,24.2,25475,0.0,1.31,3.0
2006-05-05,17.1,9.8,23.5,24472,0.0,1.25,2.9
2006-05-06,16.6,9.9,24.1,21982,0.1,1.27,2.7
2006-05-07,17.8,10.9,25.0,25158,0.0,1.36,2.9
2006-05-08,17.9,10.6,24.5,21663,0.0,1.33,2.8
2006-05-09,18.0,10.1,24.6,26955,0.0,1.3,2.8
2006-05-10,16.5,7.2,24.3,27917,0.0,1.09,1.9
2006-05-11,16.6,6.9,24.9,27760,0.0,1.1,1.4
2006-05-12,19.1,10.9,26.0,25852,0.0,1.38,1.5
2006-05-13,16.3,10.7,22.4,17809,0.2,1.3,2.0
2006-05-14,12.4,6.2,16.2,14367,0.0,0.95,2.3
2006-05-15,12.4,4.1,18.5,21701,0.3,0.86,1.7
2006-05-16,17.9,11.9,23.8,20513,0.0,1.41,2.7
2006-05-17,14.1,10.2,18.5,15920,0.0,1.23,1.8
2006-05-18,13.9,9.7,17.3,11816,7.9,1.19,2.8
2006-05-19,13.7,9.7,16.9,12495,2.2,1.19,4.1
2006-05-20,13.1,8.9,18.7,17598,5.4,1.14,4.0
2006-05-21,13.0,8.8,16.5,11829,0.3,1.11,3.5
2006-05-22,16.5,10.3,24.7,19601,6.3,1.31,3.2
2006-05-23,13.5,6.7,17.8,18384,2.6,1.0,4.0
2006-05-24,12.1,5.1,17.5,23384,0.2,0.91,3.2
2006-05-25,11.0,7.2,14.0,13139,3.8,0.99,3.1
2006-05-26,11.6,7.1,14.7,17377,0.3,0.99,2.8
2006-05-27,12.5,9.3,17.8,11433,11.4,1.16,2.8
2006-05-28,12.2,8.5,15.9,17076,2.1,1.09,4.4
2006-05-29,11.5,8.4,15.9,15710,1.7,1.09,2.6
2006-05-30,9.8,6.1,13.2,15745,0.4,0.92,3.1
2006-05-31,10.4,8.0,15.0,14246,7.2,1.06,3.1
2006-06-01,9.9,6.1,13.3,18495,0.5,0.93,2.9
2006-06-02,12.7,5.0,19.0,26585,0.0,0.91,1.7
2006-06-03,11.3,7.3,14.9,15869,3.3,1.01,2.2
2006-06-04,11.3,7.2,14.8,13463,0.0,1.0,3.2
2006-06-05,10.8,5.3,14.6,13487,0.0,0.89,2.1
2006-06-06,12.3,8.2,18.5,17354,7.8,1.09,1.7
2006-06-07,14.6,7.1,20.4,26993,0.0,1.04,1.3
2006-06-08,16.7,10.0,22.7,25222,0.0,1.26,1.4
2006-06-09,18.0,10.9,23.8,28451,0.0,1.34,1.4
2006-06-10,18.6,11.8,24.3,29498,0.0,1.42,1.7
2006-06-11,20.3,11.8,26.9,30416,0.0,1.45,2.2
2006-06-12,22.9,15.0,29.9,30432,0.0,1.78,1.9
2006-06-13,24.1,16.2,30.7,30319,0.0,1.91,1.4
2006-06-14,24.4,16.0,31.4,28533,0.0,1.89,1.7
2006-06-15,22.2,16.5,27.7,18652,1.5,1.9,1.6
2006-06-16,20.8,16.3,26.3,15834,1.6,1.85,1.9
2006-06-17,15.7,12.3,19.4,13527,0.1,1.4,1.8
2006-06-18,18.9,11.7,24.9,27405,0.0,1.43,1.5
2006-06-19,21.4,14.0,29.9,22140,2.3,1.69,2.0
2006-06-20,22.7,16.6,28.6,22655,0.0,1.92,1.7
2006-06-21,23.0,17.3,28.5,22139,1.2,1.99,2.5
2006-06-22,20.1,13.4,25.2,20595,0.0,1.57,2.8
2006-06-23,17.0,11.3,21.7,21361,0.0,1.34,1.6
2006-06-24,20.7,12.9,26.8,26489,0.0,1.55,1.4
2006-06-25,24.6,16.4,32.1,23271,0.2,1.96,1.8
2006-06-26,23.3,18.7,27.8,23516,0.0,2.15,2.5
2006-06-27,21.5,17.3,26.9,24787,0.0,1.96,2.0
2006-06-28,17.6,12.2,21.3,21309,0.0,1.4,1.7
2006-06-29,18.1,11.3,23.8,22960,0.0,1.37,1.7
2006-06-30,16.5,13.3,19.8,11408,0.0,1.5,1.7
2006-07-01,21.0,12.7,28.7,25868,0.0,1.57,2.0
2006-07-02,22.4,14.7,29.1,30583,0.0,1.74,2.6
2006-07-03,22.8,14.5,29.9,30811,0.0,1.73,2.4
2006-07-04,23.7,15.0,31.2,30526,0.0,1.81,1.9
2006-07-05,25.6,16.7,32.9,30494,0.0,2.0,2.0
2006-07-06,25.2,17.4,33.3,25222,0.0,2.1,1.7
2006-07-07,23.5,18.3,32.4,23146,19.8,2.16,1.7
2006-07-08,20.0,16.4,25.5,14053,3.3,1.85,1.5
2006-07-09,22.8,15.7,29.6,24863,0.0,1.84,1.8
2006-07-10,23.2,17.7,27.9,24442,0.0,2.02,1.9
2006-07-11,24.9,17.7,31.4,25166,0.0,2.09,1.7
2006-07-12,23.6,17.9,28.9,27540,0.0,2.05,1.6
2006-07-13,24.3,18.8,32.3,23807,7.4,2.24,1.6
2006-07-14,19.9,13.6,24.5,23508,0.0,1.57,2.8
2006-07-15,19.1,11.3,26.1,25363,0.0,1.39,2.3
2006-07-16,19.8,11.4,26.6,28100,0.0,1.43,2.2
2006-07-17,21.9,13.8,29.7,29688,0.0,1.67,1.5
2006-07-18,25.0,17.0,32.7,29754,0.0,2.03,1.6
2006-07-19,25.9,16.9,33.2,29565,0.0,2.03,1.3
2006-07-20,28.6,19.8,36.1,27987,0.0,2.44,1.7
2006-07-21,26.8,19.8,32.3,26410,0.0,2.36,2.0
2006-07-22,24.9,16.9,32.1,27727,0.0,2.01,1.6
2006-07-23,25.2,19.1,32.3,17234,0.0,2.26,1.7
2006-07-24,24.6,17.8,31.3,26958,0.0,2.08,1.7
2006-07-25,24.8,18.1,30.9,25382,0.0,2.13,1.6
2006-07-26,26.3,18.6,33.7,27934,0.0,2.25,1.4
2006-07-27,27.8,19.2,35.6,25608,0.0,2.33,1.6
2006-07-28,24.8,19.2,32.4,15317,15.3,2.27,1.5
2006-07-29,21.9,18.3,27.5,15628,2.1,2.08,1.6
2006-07-30,24.1,17.5,29.9,25738,0.9,2.05,1.5
2006-07-31,22.2,17.3,26.3,16614,0.0,1.97,2.0
2006-08-01,21.1,14.4,26.5,20251,0.1,1.66,2.5
2006-08-02,18.4,13.7,23.8,20049,1.6,1.58,3.2
2006-08-03,17.8,13.2,23.4,18493,0.0,1.52,1.6
2006-08-04,18.6,13.3,25.0,16573,2.2,1.55,1.6
2006-08-05,17.5,13.6,22.7,10253,19.1,1.55,2.3
2006-08-06,18.8,16.7,23.1,9825,1.5,1.87,3.0
2006-08-07,20.5,15.5,26.4,18045,0.0,1.77,3.0
2006-08-08,19.8,16.4,24.5,17839,0.0,1.85,2.8
2006-08-09,17.8,15.0,22.8,13391,0.0,1.68,1.9
2006-08-10,16.0,13.7,20.3,12591,1.3,1.54,1.8
2006-08-11,15.7,11.6,19.5,15406,0.9,1.34,1.6
2006-08-12,16.8,12.0,21.4,20363,2.0,1.4,1.3
2006-08-13,14.5,12.2,16.1,8892,5.6,1.38,1.5
2006-08-14,16.7,10.3,22.9,20038,2.3,1.29,2.9
2006-08-15,16.4,12.6,20.7,10659,3.4,1.44,3.4
2006-08-16,18.1,12.0,25.2,17929,4.3,1.45,1.5
2006-08-17,20.2,14.8,25.9,17590,0.0,1.71,1.4
2006-08-18,19.9,15.8,24.7,11136,0.3,1.79,2.2
2006-08-19,21.3,13.7,28.1,21717,2.7,1.64,1.7
2006-08-20,18.2,14.1,25.3,18209,1.3,1.62,2.6
2006-08-21,16.9,14.1,21.2,11240,7.1,1.59,2.9
2006-08-22,16.1,12.4,20.1,13817,2.3,1.42,2.7
2006-08-23,16.5,14.0,20.2,8994,0.5,1.57,1.9
2006-08-24,18.0,12.5,24.0,18327,2.8,1.46,1.7
2006-08-25,16.3,13.7,22.4,11466,1.4,1.56,1.7
2006-08-26,15.2,12.7,18.8,8645,3.7,1.44,1.5
2006-08-27,15.9,13.1,19.4,12754,4.0,1.47,2.6
2006-08-28,15.3,11.8,20.6,14569,5.3,1.37,2.8
2006-08-29,12.5,10.8,14.6,8517,1.3,1.26,3.1
2006-08-30,13.4,10.8,16.6,7990,2.2,1.26,3.4
2006-08-31,16.1,13.4,20.1,14455,0.0,1.5,2.9
2006-09-01,17.9,14.4,22.0,8381,1.1,1.61,2.3
2006-09-02,20.5,15.4,25.5,15431,0.9,1.75,2.1
2006-09-03,18.9,16.8,20.9,7559,2.9,1.86,4.2
2006-09-04,18.2,14.7,20.3,13772,0.0,1.62,4.6
2006-09-05,16.8,13.0,21.5,15488,0.1,1.48,2.7
2006-09-06,19.5,15.5,24.5,11068,0.0,1.74,1.8
2006-09-07,19.0,13.0,27.7,15334,1.8,1.56,2.6
2006-09-08,15.2,10.2,20.6,14142,0.0,1.25,3.2
2006-09-09,13.8,8.6,18.6,10858,0.0,1.12,1.9
2006-09-10,16.2,10.8,23.4,19430,0.0,1.34,1.7
2006-09-11,17.8,10.3,26.4,19369,0.0,1.34,1.7
2006-09-12,18.1,10.8,26.7,17964,0.0,1.37,1.7
2006-09-13,18.2,11.2,26.0,18522,0.0,1.38,1.7
2006-09-14,18.5,11.0,26.5,18254,0.0,1.38,2.0
2006-09-15,20.5,13.3,27.4,17684,0.0,1.58,3.0
2006-09-16,20.7,16.5,26.1,12906,0.0,1.87,2.6
2006-09-17,20.0,15.7,26.7,11381,0.0,1.8,1.8
2006-09-18,19.6,13.5,27.1,15410,0.0,1.59,1.7
2006-09-19,17.5,15.4,20.2,7511,0.0,1.71,2.4
2006-09-20,16.1,12.0,20.9,15103,0.0,1.39,1.8
2006-09-21,16.6,8.5,25.1,16589,0.0,1.18,2.1
2006-09-22,18.5,11.2,26.9,16612,0.0,1.41,2.3
2006-09-23,17.7,11.8,25.1,16347,0.0,1.42,2.2
2006-09-24,19.2,12.5,27.6,16083,0.0,1.52,1.9
2006-09-25,19.0,13.3,26.1,15633,0.0,1.57,1.9
2006-09-26,18.4,12.5,25.6,14910,0.6,1.49,1.7
2006-09-27,15.6,12.4,18.1,5758,2.1,1.41,1.4
2006-09-28,15.9,12.1,21.5,9948,0.0,1.41,1.4
2006-09-29,17.7,12.0,24.3,13970,0.0,1.44,1.5
2006-09-30,18.1,13.3,24.2,12382,0.2,1.55,1.6
2006-10-01,16.0,13.6,20.6,6488,3.1,1.53,2.0
2006-10-02,15.9,13.2,19.1,5958,0.0,1.47,3.3
2006-10-03,13.9,11.6,16.9,5523,0.1,1.33,2.2
2006-10-04,13.5,10.6,16.6,5096,2.3,1.25,2.6
2006-10-05,12.4,8.6,17.2,7569,0.3,1.11,2.4
2006-10-06,13.3,8.4,18.0,5358,0.7,1.11,3.6
2006-10-07,13.3,10.0,18.2,6109,2.2,1.21,3.7
2006-10-08,12.3,8.8,17.0,8660,0.0,1.12,2.4
2006-10-09,13.2,5.8,20.8,12383,0.0,0.98,1.5
2006-10-10,12.6,7.8,19.2,10205,0.0,1.07,1.0
2006-10-11,13.0,8.3,19.8,9030,0.0,1.11,1.7
2006-10-12,12.1,7.5,18.9,10569,0.0,1.05,1.2
2006-10-13,12.5,10.6,15.1,4164,0.0,1.24,1.6
2006-10-14,10.7,8.2,12.3,4093,0.1,1.06,2.2
2006-10-15,9.8,7.6,12.1,4098,0.0,1.01,2.0
2006-10-16,10.2,5.4,16.3,7134,0.0,0.91,1.9
2006-10-17,7.5,2.1,15.5,11224,0.0,0.74,1.9
2006-10-18,9.1,1.8,16.1,9444,0.0,0.73,1.8
2006-10-19,10.5,4.7,17.2,6675,0.0,0.87,1.9
2006-10-20,11.0,7.5,15.2,4258,1.2,1.02,2.0
2006-10-21,13.7,9.6,19.6,7836,0.0,1.2,2.3
2006-10-22,13.8,10.4,19.0,7722,0.3,1.25,2.6
2006-10-23,15.5,12.3,19.6,5791,1.4,1.41,2.9
2006-10-24,15.8,12.3,19.8,5493,0.3,1.4,4.1
2006-10-25,12.2,7.3,16.7,8890,0.0,1.02,2.2
2006-10-26,15.2,7.2,22.1,7210,0.0,1.07,2.9
2006-10-27,15.4,9.8,18.5,8437,1.3,1.2,3.4
2006-10-28,10.8,7.9,14.3,4955,5.9,1.04,2.4
2006-10-29,11.8,6.4,15.4,3833,3.6,0.96,3.7
2006-10-30,7.5,4.1,10.0,3253,0.0,0.8,1.8
2006-10-31,11.4,9.1,14.3,3448,1.2,1.13,3.9
2006-11-01,4.7,-0.6,9.7,2948,2.6,0.59,5.3
2006-11-02,0.7,-2.1,5.6,7732,0.0,0.52,2.6
2006-11-03,0.6,-2.7,5.4,7559,0.1,0.5,1.8
2006-11-04,5.2,-1.1,8.6,2787,1.0,0.56,2.9
2006-11-05,9.8,8.2,11.0,2736,3.9,1.04,4.2
2006-11-06,11.1,8.6,13.7,2981,0.0,1.09,3.4
2006-11-07,8.0,3.8,11.2,3104,0.0,0.79,2.2
2006-11-08,6.6,2.8,11.9,6281,0.3,0.75,3.1
2006-11-09,8.7,5.6,11.5,3397,1.4,0.88,4.4
2006-11-10,5.8,3.2,9.7,5651,0.0,0.75,2.2
2006-11-11,6.0,3.7,8.3,2451,2.9,0.78,4.0
2006-11-12,6.5,5.0,7.9,2683,0.3,0.84,4.9
2006-11-13,6.8,3.8,9.9,2365,3.8,0.78,4.3
2006-11-14,9.9,7.1,12.1,2324,0.1,0.98,3.4
2006-11-15,11.9,9.0,15.7,5844,0.0,1.13,2.6
2006-11-16,12.2,8.2,18.1,6028,0.0,1.09,2.6
2006-11-17,11.6,8.7,16.3,2466,0.4,1.1,2.2
2006-11-18,10.8,8.8,15.0,3249,0.0,1.11,2.2
2006-11-19,8.6,5.7,11.7,2439,2.2,0.89,2.1
2006-11-20,6.1,4.2,8.5,3608,0.8,0.8,3.3
2006-11-21,7.3,4.7,9.0,2066,0.4,0.83,2.9
2006-11-22,4.7,1.8,9.3,4644,0.0,0.68,2.6
2006-11-23,5.7,1.5,9.3,2100,6.6,0.68,3.5
2006-11-24,10.1,7.8,12.6,4676,0.0,1.03,2.7
2006-11-25,10.5,8.0,12.7,1944,0.0,1.04,3.2
2006-11-26,11.2,7.7,13.6,2484,0.0,1.03,1.9
2006-11-27,7.5,3.3,12.4,4751,0.0,0.77,1.8
2006-11-28,6.3,3.3,10.7,4422,0.0,0.76,2.0
2006-11-29,6.9,3.2,9.1,1840,0.4,0.75,1.8
2006-11-30,5.9,1.0,10.6,4788,0.0,0.66,2.0
2006-12-01,4.1,-0.5,9.2,4924,0.0,0.59,2.5
2006-12-02,4.8,2.2,7.7,3889,0.0,0.7,2.9
2006-12-03,7.4,5.1,10.6,3005,2.9,0.85,3.5
2006-12-04,8.0,5.3,10.9,2578,1.2,0.87,4.1
2006-12-05,12.0,6.7,15.2,2203,0.1,0.98,4.4
2006-12-06,10.9,8.5,14.5,1702,0.2,1.08,3.7
2006-12-07,7.8,4.5,10.1,3862,0.6,0.82,4.3
2006-12-08,10.1,6.2,13.0,3187,0.0,0.93,4.0
2006-12-09,8.2,5.1,11.8,1659,0.0,0.86,2.6
2006-12-10,3.8,0.6,6.8,3232,0.0,0.63,2.2
2006-12-11,3.2,-0.2,6.4,2489,8.1,0.59,3.9
2006-12-12,5.3,3.0,7.3,2519,3.6,0.73,3.2
2006-12-13,6.8,4.4,8.9,2041,0.0,0.81,3.8
2006-12-14,8.7,6.6,10.4,1610,0.0,0.94,3.9
2006-12-15,5.8,2.5,9.6,4172,0.0,0.72,2.9
2006-12-16,6.9,3.7,10.2,2649,1.4,0.78,3.1
2006-12-17,4.5,1.7,6.1,2391,0.1,0.67,2.5
2006-12-18,3.4,1.2,5.3,1801,0.1,0.65,1.7
2006-12-19,3.1,1.4,5.6,2510,0.0,0.65,2.2
2006-12-20,4.8,2.0,6.4,1588,0.9,0.68,2.3
2006-12-21,6.1,5.4,7.0,1589,0.0,0.86,1.5
2006-12-22,5.8,4.5,6.5,1590,0.0,0.81,1.9
2006-12-23,4.6,3.6,5.6,1592,0.0,0.76,1.8
2006-12-24,3.5,2.2,5.2,1596,0.8,0.69,1.7
2006-12-25,5.2,2.2,7.9,2946,0.1,0.69,1.3
2006-12-26,1.4,-0.3,2.8,1606,0.0,0.58,1.5
2006-12-27,-0.4,-1.0,0.7,1613,0.1,0.54,1.8
2006-12-28,0.1,-0.8,1.2,1620,3.6,0.55,2.4
2006-12-29,2.2,0.2,4.2,1629,0.0,0.6,2.0
2006-12-30,3.3,0.1,6.5,1768,4.1,0.6,3.7
2006-12-31,8.5,6.0,10.8,2252,2.5,0.9,5.2
2007-01-01,8.1,4.9,10.7,2353,1.3,0.84,5.5
2007-01-02,4.6,2.8,5.7,1720,1.8,0.72,3.8
2007-01-03,5.4,4.0,6.8,1953,2.5,0.78,3.7
2007-01-04,6.9,5.0,8.5,1838,1.1,0.84,4.7
2007-01-05,7.3,6.5,7.9,1944,2.8,0.94,4.3
2007-01-06,7.8,6.1,9.0,1786,8.5,0.91,3.1
2007-01-07,6.3,4.4,9.0,1850,0.3,0.81,3.4
2007-01-08,7.1,4.3,9.5,2051,1.2,0.81,3.7
2007-01-09,11.0,6.7,13.6,1847,1.1,0.96,4.6
2007-01-10,11.9,7.2,13.1,2008,1.6,1.0,4.5
2007-01-11,6.7,4.9,7.8,1848,4.2,0.84,6.3
2007-01-12,8.0,6.0,10.4,3274,2.8,0.9,6.1
2007-01-13,11.4,9.8,12.3,1898,0.4,1.16,4.8
2007-01-14,8.1,3.3,11.5,3781,0.2,0.77,4.8
2007-01-15,3.8,0.9,7.5,4932,0.0,0.64,2.6
2007-01-16,4.0,0.1,6.8,2371,1.6,0.6,2.7
2007-01-17,7.5,4.3,10.3,2798,3.9,0.81,4.0
2007-01-18,8.8,5.8,13.0,2045,27.8,0.91,7.1
2007-01-19,7.0,5.6,9.3,2128,3.0,0.87,6.0
2007-01-20,8.9,6.0,13.6,2213,2.1,0.92,5.1
2007-01-21,5.5,3.5,8.3,2914,0.7,0.76,5.4
2007-01-22,2.6,-3.7,6.7,2907,0.6,0.47,3.2
2007-01-23,-3.5,-6.0,0.4,5829,0.0,0.38,2.8
2007-01-24,-2.5,-5.3,-0.5,2259,0.1,0.4,2.7
2007-01-25,-2.4,-7.2,0.4,3690,0.2,0.35,2.5
2007-01-26,-3.7,-8.4,1.4,2827,1.2,0.32,3.5
2007-01-27,0.6,-1.8,2.9,6544,0.6,0.52,4.1
2007-01-28,3.7,0.8,6.3,2425,3.7,0.63,5.3
2007-01-29,4.9,1.4,6.8,3086,2.6,0.66,3.8
2007-01-30,5.5,3.0,6.8,2515,1.7,0.73,2.9
2007-01-31,6.7,5.6,8.3,3595,1.0,0.87,4.1
2007-02-01,5.4,3.3,8.5,4586,0.4,0.75,2.5
2007-02-02,6.5,4.2,8.2,2658,3.1,0.79,2.6
2007-02-03,6.0,4.0,8.6,4734,0.0,0.79,3.4
2007-02-04,5.3,1.5,6.7,2759,0.0,0.66,2.3
2007-02-05,2.4,0.6,3.7,3238,0.5,0.62,2.7
2007-02-06,1.2,-1.3,3.8,2988,0.9,0.54,1.9
2007-02-07,0.1,-3.3,4.9,7361,3.9,0.48,1.6
2007-02-08,0.1,-0.4,0.7,2974,2.2,0.57,2.5
2007-02-09,0.9,-1.1,2.9,3030,1.3,0.55,2.7
2007-02-10,-2.6,-4.2,-1.0,3088,0.8,0.43,2.9
2007-02-11,-2.0,-4.8,1.1,3146,3.3,0.42,3.5
2007-02-12,5.1,0.9,8.7,5135,2.6,0.64,2.9
2007-02-13,6.2,4.5,7.6,3266,1.2,0.81,3.7
2007-02-14,6.9,5.2,9.6,4350,6.1,0.85,2.2
2007-02-15,4.4,3.1,5.3,3390,2.5,0.74,2.6
2007-02-16,3.7,2.6,4.4,3454,0.0,0.71,2.9
2007-02-17,4.3,1.0,8.9,8815,0.0,0.65,3.3
2007-02-18,4.2,-0.8,10.7,10087,0.0,0.59,1.9
2007-02-19,3.9,2.2,6.7,5385,0.0,0.7,1.2
2007-02-20,3.7,1.1,7.0,4887,0.0,0.65,1.2
2007-02-21,5.1,1.3,10.2,7929,4.9,0.67,2.3
2007-02-22,6.0,1.7,9.3,4752,0.0,0.68,1.9
2007-02-23,-0.6,-2.0,1.8,3923,0.0,0.51,2.6
2007-02-24,2.5,-2.2,7.7,8895,0.0,0.53,3.3
2007-02-25,7.0,3.9,11.6,5846,1.1,0.79,3.2
2007-02-26,5.8,3.6,8.8,4450,4.5,0.77,3.5
2007-02-27,3.9,1.5,7.7,5872,7.8,0.67,3.8
2007-02-28,7.3,2.1,11.9,5404,4.4,0.72,4.5
2007-03-01,7.3,4.5,11.2,5814,4.6,0.83,4.6
2007-03-02,5.8,4.0,7.7,4433,1.8,0.78,3.8
2007-03-03,3.1,0.5,4.4,4508,2.6,0.61,3.4
2007-03-04,5.2,1.0,10.3,7506,0.0,0.66,2.0
2007-03-05,5.6,0.2,9.8,5251,0.1,0.62,3.3
2007-03-06,8.0,3.1,13.2,7124,0.0,0.76,3.1
2007-03-07,9.9,5.2,14.3,5849,0.1,0.88,2.2
2007-03-08,6.2,2.2,10.6,6633,0.0,0.71,2.1
2007-03-09,7.5,1.5,13.9,11293,2.7,0.7,2.3
2007-03-10,6.3,3.6,10.7,9307,0.0,0.78,2.6
2007-03-11,9.3,4.1,15.7,13990,0.0,0.83,2.3
2007-03-12,11.6,5.4,18.8,15147,0.0,0.94,1.6
2007-03-13,12.2,5.7,19.8,14135,0.0,0.95,1.5
2007-03-14,7.5,2.7,12.3,11813,0.0,0.74,2.0
2007-03-15,7.7,2.2,13.7,14551,0.0,0.73,1.6
2007-03-16,8.0,2.8,13.4,9095,1.2,0.75,2.3
2007-03-17,7.9,5.0,10.6,7130,4.1,0.85,4.6
2007-03-18,7.2,1.2,11.2,5796,2.7,0.67,5.8
2007-03-19,3.1,-0.8,8.2,12796,0.2,0.57,3.1
2007-03-20,2.2,-2.0,5.5,6350,0.9,0.52,2.5
2007-03-21,2.1,0.1,3.2,5948,11.0,0.6,3.1
2007-03-22,1.4,0.1,3.0,6031,16.1,0.59,3.6
2007-03-23,5.8,0.9,11.2,13555,4.3,0.65,3.5
2007-03-24,10.9,7.6,15.1,15095,0.0,1.02,3.4
2007-03-25,10.6,5.0,16.4,17663,0.0,0.89,3.7
2007-03-26,10.3,5.0,16.5,17729,0.0,0.89,3.4
2007-03-27,10.4,3.1,17.4,18304,0.0,0.8,3.1
2007-03-28,10.9,4.0,17.4,18163,0.0,0.84,2.2
2007-03-29,10.2,5.2,16.1,17498,0.0,0.9,2.4
2007-03-30,8.8,2.7,14.9,16716,0.0,0.77,2.1
2007-03-31,11.3,5.9,17.8,15815,0.0,0.95,2.7
2007-04-01,11.3,4.1,18.0,18814,0.0,0.85,2.7
2007-04-02,11.9,5.3,18.6,18867,0.0,0.93,1.8
2007-04-03,5.8,1.9,9.9,11415,0.2,0.69,2.8
2007-04-04,5.6,0.0,10.8,20583,0.0,0.62,2.9
2007-04-05,6.8,1.3,11.1,8052,0.0,0.68,3.1
2007-04-06,8.7,4.8,12.7,8247,0.0,0.85,2.4
2007-04-07,7.6,1.5,13.2,21177,0.0,0.69,2.4
2007-04-08,8.8,4.2,11.3,9633,0.2,0.81,2.7
2007-04-09,10.7,7.3,15.0,9503,0.0,1.01,3.3
2007-04-10,11.1,5.9,15.7,9259,0.2,0.94,2.9
2007-04-11,11.7,5.3,16.9,11142,0.0,0.9,2.2
2007-04-12,13.2,5.2,20.8,22291,0.0,0.94,1.8
2007-04-13,15.5,7.2,23.7,22442,0.0,1.09,2.4
2007-04-14,16.4,8.3,25.0,23160,0.0,1.17,2.4
2007-04-15,15.9,7.8,23.6,22394,0.0,1.13,2.2
2007-04-16,17.3,7.4,26.1,22882,0.0,1.15,1.8
2007-04-17,14.0,6.6,20.2,17828,0.1,1.02,2.3
2007-04-18,8.6,3.6,13.8,15277,0.0,0.79,3.0
2007-04-19,10.5,0.9,18.0,22256,0.0,0.71,3.1
2007-04-20,6.7,3.1,9.5,9285,0.0,0.75,3.0
2007-04-21,6.8,0.2,13.0,23222,0.0,0.65,1.5
2007-04-22,10.6,1.0,18.3,24532,0.0,0.72,1.7
2007-04-23,15.4,4.7,24.1,23244,0.3,0.96,1.7
2007-04-24,16.0,11.9,21.5,15528,0.0,1.39,1.3
2007-04-25,17.3,9.9,25.2,21942,0.0,1.28,2.1
2007-04-26,17.5,8.1,25.3,25048,0.0,1.16,2.0
2007-04-27,19.4,10.8,27.9,25291,0.0,1.39,1.6
2007-04-28,18.3,9.7,26.9,24931,0.0,1.31,1.8
2007-04-29,10.5,3.5,16.7,26498,0.0,0.82,2.8
2007-04-30,10.1,0.5,18.7,22133,0.0,0.7,2.6
2007-05-01,9.6,1.4,16.6,26369,0.0,0.72,2.4
2007-05-02,13.3,6.6,20.6,21241,0.0,1.02,2.3
2007-05-03,14.5,6.7,21.7,25493,0.0,1.04,1.9
2007-05-04,14.9,6.6,22.9,27436,0.0,1.04,2.3
2007-05-05,16.6,7.7,24.1,27298,0.0,1.13,2.4
2007-05-06,17.6,9.6,25.2,26293,0.1,1.28,1.9
2007-05-07,13.0,10.6,14.6,9477,22.2,1.23,3.2
2007-05-08,10.9,7.3,16.2,13742,5.9,1.02,4.4
2007-05-09,12.1,7.4,17.2,17901,3.8,1.03,3.8
2007-05-10,13.4,8.8,17.6,10269,4.6,1.13,3.8
2007-05-11,12.8,8.8,17.5,12566,4.8,1.13,4.0
2007-05-12,11.2,6.8,17.1,12001,3.7,1.0,3.2
2007-05-13,15.6,8.7,21.9,20934,3.0,1.16,2.3
2007-05-14,17.5,11.6,23.3,19878,10.6,1.39,3.0
2007-05-15,11.3,7.1,14.1,10787,3.6,0.99,2.6
2007-05-16,12.3,5.4,18.6,22900,5.4,0.93,2.6
2007-05-17,10.6,6.8,14.4,17431,0.0,0.97,2.8
2007-05-18,12.6,4.9,18.7,28831,0.0,0.91,2.0
2007-05-19,17.5,8.9,25.2,22971,0.0,1.22,2.0
2007-05-20,21.3,14.9,27.7,24676,0.0,1.73,1.8
2007-05-21,23.7,15.0,30.8,28533,0.0,1.78,1.7
2007-05-22,22.3,16.1,27.8,25303,0.0,1.86,1.7
2007-05-23,17.8,13.3,21.4,17750,0.0,1.51,1.7
2007-05-24,20.0,12.5,26.6,22876,0.0,1.5,1.5
2007-05-25,22.9,16.1,31.3,25215,20.2,1.92,1.7
2007-05-26,19.4,15.3,27.6,16486,2.7,1.77,1.8
2007-05-27,18.6,13.9,23.5,15763,18.1,1.59,2.1
2007-05-28,17.5,13.3,22.9,14272,24.4,1.53,2.0
2007-05-29,17.8,10.5,25.9,15710,14.1,1.34,3.6
2007-05-30,13.1,9.2,18.1,18171,0.0,1.15,2.3
2007-05-31,15.1,9.0,20.6,21144,0.0,1.16,1.6
2007-06-01,17.5,10.7,23.8,22969,0.0,1.33,2.0
2007-06-02,17.0,13.0,21.6,14050,0.0,1.49,1.9
2007-06-03,15.7,13.4,18.5,10621,0.4,1.5,2.0
2007-06-04,16.4,14.5,18.1,10646,0.2,1.6,1.8
2007-06-05,17.1,14.6,22.2,15024,0.0,1.63,1.8
2007-06-06,20.4,14.1,26.2,21328,0.0,1.63,1.9
2007-06-07,22.7,16.9,30.7,23788,0.5,2.0,2.2
2007-06-08,24.1,16.8,31.0,29583,0.0,1.99,1.9
2007-06-09,24.0,17.2,31.9,24602,0.5,2.04,1.7
2007-06-10,22.9,15.4,30.4,29627,0.0,1.83,1.5
2007-06-11,23.9,16.9,31.2,29132,0.0,2.01,1.3
2007-06-12,22.3,16.3,31.5,22729,2.7,1.94,1.9
2007-06-13,19.9,15.8,24.7,18889,0.0,1.79,1.8
2007-06-14,22.6,16.7,27.8,20056,8.3,1.92,1.7
2007-06-15,22.1,17.2,28.9,17753,32.5,1.99,2.5
2007-06-16,18.0,14.3,23.4,18275,4.1,1.62,2.5
2007-06-17,19.1,12.9,25.0,22648,0.5,1.51,2.2
2007-06-18,17.9,13.9,23.1,15843,1.6,1.59,2.0
2007-06-19,19.7,13.1,25.8,28563,0.0,1.55,1.3
2007-06-20,22.0,15.0,29.5,23297,4.7,1.78,1.9
2007-06-21,18.1,13.0,22.6,11736,33.3,1.51,1.9
2007-06-22,17.3,12.6,22.8,19439,2.3,1.46,2.0
2007-06-23,15.8,12.8,19.6,16481,9.0,1.45,2.7
2007-06-24,18.4,12.7,23.5,21739,0.0,1.48,2.0
2007-06-25,19.8,14.0,28.2,19933,15.1,1.65,2.3
2007-06-26,15.1,11.8,19.0,16972,3.1,1.36,4.6
2007-06-27,13.2,10.5,16.1,17474,0.4,1.24,4.6
2007-06-28,14.4,10.3,18.5,17333,1.0,1.23,3.2
2007-06-29,15.5,8.4,20.8,20652,0.8,1.12,2.7
2007-06-30,16.3,13.0,19.8,17687,1.6,1.47,2.9
2007-07-01,18.9,12.5,24.8,16261,0.0,1.49,1.9
2007-07-02,18.6,14.8,22.5,11376,1.8,1.65,2.0
2007-07-03,17.0,13.0,22.8,20061,0.4,1.5,2.5
2007-07-04,14.9,12.4,18.0,11338,14.6,1.4,2.9
2007-07-05,15.0,12.2,18.3,12851,10.1,1.39,3.7
2007-07-06,16.4,13.0,21.3,17172,1.1,1.49,4.2
2007-07-07,15.9,12.1,20.5,13442,3.5,1.4,3.8
2007-07-08,17.3,11.2,23.2,26686,1.2,1.36,2.2
2007-07-09,15.4,12.6,19.5,10837,11.6,1.43,1.8
2007-07-10,14.0,10.3,19.6,17307,4.8,1.25,2.1
2007-07-11,13.8,9.3,19.3,17782,7.4,1.18,2.8
2007-07-12,14.8,12.7,18.4,10622,2.0,1.43,3.0
2007-07-13,18.2,13.3,24.3,13895,0.2,1.55,2.1
2007-07-14,23.7,15.2,30.8,28841,0.0,1.82,2.3
2007-07-15,26.3,18.2,34.2,29042,0.0,2.2,1.8
2007-07-16,29.1,21.7,37.6,26326,0.2,2.72,1.7
2007-07-17,24.3,18.6,27.9,22854,0.0,2.12,2.4
2007-07-18,23.0,17.6,28.2,21916,0.0,2.01,1.8
2007-07-19,21.9,16.0,28.0,21358,0.7,1.85,1.6
2007-07-20,22.3,18.2,26.9,18024,0.0,2.06,2.3
2007-07-21,21.6,16.8,27.3,21498,11.8,1.91,1.9
2007-07-22,16.6,12.8,20.6,14145,10.1,1.46,2.3
2007-07-23,18.6,12.3,24.2,22383,0.0,1.45,2.0
2007-07-24,18.1,13.1,24.3,13542,1.4,1.52,3.7
2007-07-25,17.0,13.1,22.2,17871,0.0,1.51,3.0
2007-07-26,20.9,12.7,26.7,21935,0.0,1.52,2.2
2007-07-27,20.0,14.0,24.1,20992,0.8,1.61,3.5
2007-07-28,16.7,13.3,20.6,12203,6.7,1.5,3.0
2007-07-29,14.5,11.5,17.1,11277,19.9,1.32,2.8
2007-07-30,13.7,11.2,16.8,13579,0.3,1.3,3.7
2007-07-31,14.7,11.9,19.0,15004,0.0,1.36,2.9
2007-08-01,16.0,10.6,21.0,21858,0.0,1.28,1.8
2007-08-02,18.0,10.6,25.1,19309,0.8,1.34,2.2
2007-08-03,17.0,11.8,21.6,17017,0.0,1.39,2.2
2007-08-04,17.7,10.5,23.9,22464,0.0,1.31,1.4
2007-08-05,20.5,13.8,26.7,26536,0.0,1.63,1.9
2007-08-06,20.8,13.3,27.5,26677,0.0,1.59,2.1
2007-08-07,22.6,15.2,29.7,22552,0.5,1.8,1.9
2007-08-08,21.0,16.5,27.7,18203,2.3,1.9,2.2
2007-08-09,23.0,15.5,30.1,24656,0.0,1.84,2.4
2007-08-10,20.8,17.8,25.0,12228,0.0,2.0,2.2
2007-08-11,19.0,16.3,21.6,9024,2.4,1.8,2.4
2007-08-12,16.2,13.8,18.4,8958,2.8,1.53,1.5
2007-08-13,18.4,13.0,25.7,18945,0.5,1.54,1.6
2007-08-14,19.6,13.0,25.6,21111,0.5,1.53,1.7
2007-08-15,22.1,16.8,27.8,14820,4.4,1.92,3.0
2007-08-16,20.2,13.3,24.1,12598,0.4,1.54,3.2
2007-08-17,16.1,10.7,21.7,16528,0.0,1.3,2.3
2007-08-18,16.4,10.0,21.5,16899,0.0,1.25,1.5
2007-08-19,19.1,11.7,25.7,20077,0.0,1.43,1.7
2007-08-20,20.9,15.9,28.2,17393,22.0,1.83,1.8
2007-08-21,18.7,15.6,22.7,12170,3.8,1.74,2.3
2007-08-22,18.9,15.6,24.7,14743,7.4,1.76,1.9
2007-08-23,20.6,15.1,25.7,17870,9.2,1.73,1.3
2007-08-24,19.5,15.7,24.4,17524,2.3,1.77,1.4
2007-08-25,19.3,14.4,24.4,18892,0.0,1.64,1.9
2007-08-26,18.8,12.6,24.1,15582,0.0,1.47,2.4
2007-08-27,15.0,10.9,19.7,10603,0.0,1.3,2.3
2007-08-28,14.4,9.2,18.3,16371,0.0,1.16,2.1
2007-08-29,12.7,7.2,18.8,18605,0.0,1.04,1.9
2007-08-30,13.8,8.0,19.1,13900,1.5,1.08,2.4
2007-08-31,14.7,12.3,16.7,7799,1.5,1.38,2.7
2007-09-01,14.7,11.5,19.0,9044,0.0,1.33,2.4
2007-09-02,16.0,11.1,21.7,10822,7.3,1.33,2.4
2007-09-03,13.5,8.7,17.0,11488,9.1,1.12,2.9
2007-09-04,9.5,6.8,13.7,11493,6.4,0.97,3.1
2007-09-05,11.8,6.3,18.6,18509,0.0,0.98,2.2
2007-09-06,12.3,6.2,17.4,12570,0.0,0.97,2.5
2007-09-07,14.5,10.4,19.0,10004,0.0,1.25,2.7
2007-09-08,15.2,13.5,17.2,6939,0.1,1.49,3.0
2007-09-09,14.3,11.1,19.0,14542,0.2,1.3,3.0
2007-09-10,11.8,9.9,14.5,7509,10.7,1.18,3.4
2007-09-11,13.7,10.2,17.6,10331,0.0,1.22,2.7
2007-09-12,14.0,11.1,16.8,10535,0.0,1.29,2.2
2007-09-13,12.1,9.1,14.5,6532,0.0,1.12,1.7
2007-09-14,14.1,8.3,19.9,13268,0.2,1.11,2.4
2007-09-15,12.9,9.7,17.0,12531,0.0,1.18,3.0
2007-09-16,14.2,8.5,20.8,17118,0.0,1.14,2.3
2007-09-17,18.2,12.3,24.6,13472,3.2,1.47,2.3
2007-09-18,12.2,7.3,16.0,8395,5.1,1.02,3.1
2007-09-19,9.7,6.2,14.9,11825,0.0,0.94,2.5
2007-09-20,12.5,5.9,18.8,14811,0.0,0.96,2.8
2007-09-21,14.8,9.3,20.6,14080,0.0,1.19,2.3
2007-09-22,15.4,10.1,22.0,15081,0.0,1.26,1.4
2007-09-23,16.1,10.0,24.1,16062,0.0,1.27,1.3
2007-09-24,17.2,10.8,24.7,16083,0.0,1.34,2.3
2007-09-25,13.0,10.1,15.6,6206,2.0,1.2,2.3
2007-09-26,12.2,7.0,18.2,12042,0.1,1.02,1.3
2007-09-27,13.0,10.4,14.3,5483,14.3,1.21,2.9
2007-09-28,13.7,10.5,16.5,5857,20.2,1.24,3.2
2007-09-29,11.9,9.7,14.0,5231,4.5,1.16,3.3
2007-09-30,13.0,11.0,16.1,5420,0.0,1.27,2.1
2007-10-01,13.0,8.7,17.9,7107,3.4,1.13,1.2
2007-10-02,12.1,10.0,14.3,4994,0.9,1.19,1.1
2007-10-03,11.2,8.0,15.4,10382,0.0,1.06,1.3
2007-10-04,11.1,7.1,14.2,5182,0.1,0.99,1.4
2007-10-05,12.1,8.2,14.9,6973,0.0,1.07,1.6
2007-10-06,9.8,6.4,14.2,6959,0.0,0.95,1.5
2007-10-07,9.2,4.8,16.2,10863,0.0,0.88,1.1
2007-10-08,9.2,4.8,16.0,9238,0.0,0.87,1.4
2007-10-09,9.0,6.5,12.1,4621,0.0,0.94,1.0
2007-10-10,8.1,3.5,13.8,12226,0.0,0.79,1.3
2007-10-11,9.2,6.6,11.4,4310,0.1,0.94,1.6
2007-10-12,11.4,7.9,15.6,5266,0.0,1.05,2.6
2007-10-13,8.0,3.7,13.0,9802,0.0,0.79,1.5
2007-10-14,6.9,1.6,13.4,11916,0.0,0.7,1.7
2007-10-15,9.3,1.5,17.2,11606,0.0,0.73,1.8
2007-10-16,12.0,8.3,17.5,6300,0.0,1.1,2.2
2007-10-17,13.7,9.2,18.2,8527,2.2,1.16,2.5
2007-10-18,8.9,5.7,12.0,6925,0.4,0.89,3.2
2007-10-19,5.9,1.5,10.5,8799,0.0,0.68,2.4
2007-10-20,5.1,-0.1,10.5,7299,0.6,0.61,1.7
2007-10-21,4.9,0.2,8.5,5331,0.1,0.61,1.7
2007-10-22,3.1,-2.1,7.4,6590,0.0,0.53,2.2
2007-10-23,4.9,-0.1,10.3,6071,0.0,0.61,2.6
2007-10-24,6.9,5.5,8.1,3420,0.0,0.87,2.9
2007-10-25,7.4,6.2,8.7,3357,0.0,0.91,2.3
2007-10-26,7.8,5.4,9.9,3296,0.1,0.87,1.9
2007-10-27,7.9,6.7,8.5,3235,0.4,0.94,1.1
2007-10-28,5.4,2.6,8.2,3703,0.0,0.72,2.0
2007-10-29,7.5,3.2,11.9,5852,0.0,0.77,1.9
2007-10-30,8.1,4.6,9.9,3060,0.2,0.83,1.8
2007-10-31,7.2,3.0,12.0,5800,0.0,0.76,2.0
2007-11-01,9.8,6.5,10.9,2948,0.4,0.94,2.1
2007-11-02,11.6,10.2,12.7,2893,1.9,1.19,1.4
2007-11-03,11.2,8.6,13.7,2840,0.9,1.09,2.3
2007-11-04,7.6,2.0,11.1,3938,0.0,0.7,2.1
2007-11-05,3.3,0.5,5.4,4710,5.8,0.61,1.8
2007-11-06,5.6,2.3,8.3,3631,3.7,0.71,4.1
2007-11-07,6.3,2.2,8.3,2812,5.3,0.7,4.9
2007-11-08,8.3,5.7,10.5,3512,4.6,0.89,3.9
2007-11-09,5.2,2.5,8.9,2941,2.3,0.71,5.5
2007-11-10,2.9,-0.1,5.7,3566,5.2,0.59,4.3
2007-11-11,1.5,0.3,1.9,2451,7.9,0.6,4.1
2007-11-12,1.9,0.4,2.6,2463,5.5,0.61,3.7
2007-11-13,1.7,-0.8,5.3,5628,0.3,0.56,3.1
2007-11-14,1.4,-0.6,3.3,2377,0.6,0.56,2.8
2007-11-15,1.8,-1.8,5.2,3240,0.0,0.53,2.0
2007-11-16,0.4,-2.3,3.5,2244,0.8,0.5,1.9
2007-11-17,5.3,3.5,6.3,2206,0.4,0.76,1.6
2007-11-18,4.5,0.5,6.4,2170,0.1,0.61,1.9
2007-11-19,1.0,-1.0,4.3,3608,0.0,0.55,2.6
2007-11-20,0.8,-0.5,3.2,2351,0.0,0.57,2.2
2007-11-21,1.6,-1.3,5.6,5002,0.0,0.54,2.4
2007-11-22,5.1,2.2,7.7,2231,0.2,0.7,1.8
2007-11-23,5.6,2.9,7.8,2003,3.0,0.73,1.8
2007-11-24,2.3,-1.5,5.7,3179,1.8,0.54,2.3
2007-11-25,3.6,-0.3,7.2,2326,0.9,0.59,4.3
2007-11-26,1.8,-0.3,4.0,4047,0.0,0.58,4.4
2007-11-27,0.3,-2.1,3.4,2922,0.0,0.51,2.4
2007-11-28,0.3,-3.6,4.1,3120,0.0,0.46,2.0
2007-11-29,1.9,-0.8,3.9,2024,3.6,0.56,3.0
2007-11-30,5.2,3.2,6.8,1817,2.6,0.74,3.3
2007-12-01,6.5,4.4,8.7,2430,4.8,0.81,3.9
2007-12-02,6.7,3.6,9.7,2179,3.2,0.77,5.0
2007-12-03,6.9,4.3,9.2,1933,4.3,0.81,5.3
2007-12-04,5.4,4.2,7.2,2623,0.2,0.79,3.4
2007-12-05,7.7,4.6,10.6,1718,0.2,0.83,3.5
2007-12-06,9.2,7.6,11.1,2314,6.1,1.01,4.1
2007-12-07,9.2,5.1,13.9,2557,1.9,0.88,5.3
2007-12-08,5.9,3.5,8.1,2581,0.0,0.76,3.9
2007-12-09,5.4,3.6,8.0,1831,0.2,0.76,3.3
2007-12-10,3.8,0.2,7.5,3918,0.0,0.61,2.4
2007-12-11,4.0,2.5,5.5,1636,1.4,0.7,2.5
2007-12-12,5.3,4.5,6.1,1627,0.4,0.81,2.2
2007-12-13,3.7,1.9,4.8,1618,0.0,0.67,1.8
2007-12-14,1.8,-0.2,3.4,1864,0.0,0.58,1.8
2007-12-15,-1.4,-4.3,1.8,4467,0.0,0.43,2.2
2007-12-16,-1.7,-4.7,0.4,1599,0.0,0.42,2.2
2007-12-17,0.4,-0.8,1.7,1594,0.0,0.55,2.8
2007-12-18,-0.9,-1.3,-0.5,1591,0.0,0.53,1.9
2007-12-19,-0.9,-1.5,-0.4,1589,0.0,0.52,1.2
2007-12-20,-2.7,-4.6,-1.3,1588,0.0,0.42,1.2
2007-12-21,-5.0,-6.4,-4.3,1589,0.0,0.36,1.1
2007-12-22,-5.1,-6.3,-3.9,1590,0.0,0.36,1.2
2007-12-23,-3.0,-7.6,0.4,3813,0.0,0.34,1.3
2007-12-24,0.6,0.1,1.1,1596,0.0,0.59,1.5
2007-12-25,0.0,-2.2,2.6,3576,0.0,0.5,2.5
2007-12-26,-0.5,-3.4,1.2,2575,0.0,0.46,2.1
2007-12-27,0.5,-0.9,1.9,1613,0.0,0.55,2.5
2007-12-28,3.4,1.3,5.7,1620,0.0,0.65,3.0
2007-12-29,2.3,0.1,4.9,2821,0.0,0.6,3.5
2007-12-30,3.3,0.9,6.3,1939,0.9,0.63,2.6
2007-12-31,1.5,-1.5,3.0,1651,0.4,0.53,1.9
2008-01-01,0.3,0.0,0.8,1706,2.4,0.59,1.5
2008-01-02,-0.5,-3.6,0.6,1676,0.0,0.45,2.6
2008-01-03,-3.7,-5.2,-2.9,1691,0.0,0.4,4.1
2008-01-04,-5.9,-7.9,-4.6,2892,0.0,0.32,3.5
2008-01-05,-1.1,-4.7,0.9,1723,0.7,0.42,3.4
2008-01-06,1.1,-0.8,2.6,1741,2.4,0.56,2.4
2008-01-07,2.0,-0.6,4.3,2253,5.5,0.57,3.7
2008-01-08,3.9,1.0,7.0,3271,0.0,0.64,3.2
2008-01-09,2.7,0.2,5.7,3031,0.5,0.61,2.9
2008-01-10,3.7,1.0,6.5,3935,0.0,0.64,3.3
2008-01-11,7.2,2.5,10.0,2172,0.0,0.72,3.2
2008-01-12,4.1,1.1,7.4,2013,0.0,0.64,3.3
2008-01-13,2.7,-1.0,7.8,5103,0.0,0.57,2.3
2008-01-14,3.0,-1.3,7.3,3971,0.0,0.55,2.8
2008-01-15,5.5,2.7,8.8,4692,0.0,0.72,4.0
2008-01-16,6.7,3.5,9.3,1983,1.0,0.76,3.5
2008-01-17,5.8,2.7,10.1,3190,2.8,0.73,2.7
2008-01-18,6.5,4.1,8.2,2293,8.0,0.79,4.1
2008-01-19,9.0,4.6,11.3,2078,12.9,0.83,4.8
2008-01-20,8.3,4.6,11.3,2112,11.3,0.83,3.7
2008-01-21,9.3,6.9,10.7,2147,15.9,0.96,4.1
2008-01-22,3.1,-1.3,7.9,2235,0.1,0.56,3.8
2008-01-23,2.7,-1.3,7.2,4678,0.8,0.55,2.6
2008-01-24,7.0,4.4,8.8,2259,2.3,0.81,3.1
2008-01-25,5.6,1.7,8.0,6205,0.0,0.68,3.9
2008-01-26,7.9,5.7,9.5,2448,5.1,0.88,4.8
2008-01-27,6.3,3.2,8.2,2382,7.4,0.74,4.3
2008-01-28,5.8,2.5,8.4,2425,1.6,0.72,1.7
2008-01-29,6.1,4.6,7.5,2469,0.0,0.82,1.8
2008-01-30,4.1,2.4,5.5,2571,1.3,0.7,2.6
2008-01-31,2.7,0.0,4.3,3998,0.2,0.59,4.2
2008-02-01,5.6,2.8,7.6,3074,0.0,0.73,5.3
2008-02-02,2.4,-1.2,5.8,3717,1.3,0.55,3.8
2008-02-03,0.7,-1.8,5.2,6938,0.0,0.53,2.9
2008-02-04,2.8,-2.3,7.9,7283,0.0,0.52,2.8
2008-02-05,5.4,1.4,8.3,5437,0.9,0.66,3.6
2008-02-06,7.7,4.7,10.8,3173,4.0,0.84,4.5
2008-02-07,4.8,1.9,8.3,4733,0.0,0.68,2.9
2008-02-08,5.8,2.5,9.1,2974,0.1,0.72,1.8
2008-02-09,7.4,3.7,12.4,5339,0.0,0.79,1.6
2008-02-10,6.9,2.5,12.8,8021,0.0,0.74,1.5
2008-02-11,5.1,1.6,9.6,6629,0.1,0.68,1.4
2008-02-12,5.0,3.7,6.2,3206,0.0,0.77,1.5
2008-02-13,4.1,1.3,7.0,5084,0.0,0.65,1.3
2008-02-14,2.5,-1.8,3.7,3328,0.0,0.52,1.6
2008-02-15,-0.8,-5.1,3.8,8218,0.0,0.41,2.5
2008-02-16,-2.3,-6.6,2.6,7571,0.0,0.37,1.8
2008-02-17,-0.8,-6.3,3.5,7120,0.0,0.38,2.4
2008-02-18,3.3,1.9,4.8,3583,0.5,0.67,2.7
2008-02-19,4.4,3.2,5.1,3650,0.7,0.74,1.9
2008-02-20,5.1,1.2,9.6,8252,0.0,0.66,1.6
2008-02-21,6.1,2.2,9.9,5709,0.7,0.71,3.3
2008-02-22,9.7,6.8,10.7,3854,1.4,0.96,5.3
2008-02-23,8.3,4.9,10.7,8088,0.0,0.84,4.0
2008-02-24,8.6,5.2,13.6,9354,0.9,0.88,2.7
2008-02-25,6.5,2.9,10.5,7472,1.7,0.74,2.6
2008-02-26,9.3,3.8,14.1,4842,1.4,0.81,4.0
2008-02-27,6.9,3.3,9.2,5081,1.3,0.76,4.5
2008-02-28,6.1,2.8,10.3,8605,0.0,0.74,2.3
2008-02-29,6.1,1.8,11.3,5976,9.0,0.69,3.1
2008-03-01,6.3,3.6,8.2,4433,5.0,0.77,7.2
2008-03-02,6.9,3.8,9.4,5334,5.5,0.78,6.1
2008-03-03,5.8,2.0,9.9,6087,0.7,0.69,4.0
2008-03-04,2.5,0.4,8.2,6011,2.8,0.62,2.9
2008-03-05,1.0,-2.2,5.4,11640,0.1,0.51,3.1
2008-03-06,4.3,0.1,8.5,5333,0.1,0.61,3.4
2008-03-07,7.8,5.3,10.8,5329,0.8,0.86,2.0
2008-03-08,7.1,4.3,9.6,5325,0.4,0.81,2.0
2008-03-09,7.2,2.3,12.2,10636,0.0,0.73,2.9
2008-03-10,9.5,4.1,15.1,14259,0.0,0.84,3.8
2008-03-11,9.3,5.6,12.8,8645,1.4,0.9,4.7
2008-03-12,7.2,5.1,10.5,7937,2.4,0.86,6.1
2008-03-13,6.1,3.3,9.7,7766,4.0,0.76,5.5
2008-03-14,5.4,1.0,9.4,7404,0.9,0.65,3.6
2008-03-15,6.2,1.7,11.0,10312,0.0,0.69,1.7
2008-03-16,4.8,2.0,6.2,5619,4.9,0.69,2.8
2008-03-17,3.3,0.0,8.3,9321,1.2,0.61,3.8
2008-03-18,1.8,-1.3,6.8,12316,0.0,0.55,3.5
2008-03-19,1.0,-1.6,6.8,8771,2.0,0.54,2.7
2008-03-20,1.9,-2.6,6.4,10928,3.2,0.51,3.5
2008-03-21,3.5,0.5,6.7,6818,8.0,0.62,4.0
2008-03-22,2.0,0.1,4.4,6113,1.4,0.6,3.3
2008-03-23,-0.2,-3.7,3.0,9996,0.2,0.46,2.2
2008-03-24,0.9,-4.8,6.6,15850,0.0,0.44,2.5
2008-03-25,0.7,-1.3,5.0,10219,1.7,0.54,3.6
2008-03-26,1.6,-1.2,7.2,10330,0.3,0.56,3.0
2008-03-27,2.6,-1.9,8.3,11470,0.0,0.54,1.6
2008-03-28,6.4,-0.7,12.5,15632,2.5,0.61,2.8
2008-03-29,7.5,3.7,11.0,9512,0.7,0.78,3.8
2008-03-30,9.3,1.9,16.6,10139,0.0,0.74,3.3
2008-03-31,11.0,5.1,16.6,15746,0.0,0.9,2.1
2008-04-01,10.9,6.0,16.7,14714,1.4,0.95,2.3
2008-04-02,7.5,4.9,11.7,9057,3.8,0.85,3.4
2008-04-03,7.9,5.3,12.4,8720,0.6,0.87,2.5
2008-04-04,6.8,3.4,11.2,8269,0.0,0.77,1.8
2008-04-05,6.4,1.3,11.3,7265,3.8,0.67,2.3
2008-04-06,4.7,1.2,7.8,8333,0.1,0.66,1.9
2008-04-07,3.8,-0.9,8.1,8529,2.8,0.57,2.4
2008-04-08,5.7,2.1,10.9,14499,0.6,0.71,1.8
2008-04-09,3.8,2.2,5.5,7585,11.3,0.69,1.7
2008-04-10,4.1,2.7,5.2,7664,0.6,0.72,1.7
2008-04-11,5.9,3.5,7.6,7742,18.4,0.76,2.2
2008-04-12,8.8,4.5,14.4,15301,0.0,0.84,2.5
2008-04-13,10.2,5.4,16.1,14845,0.1,0.9,2.0
2008-04-14,9.8,6.1,14.8,11980,1.2,0.93,2.2
2008-04-15,7.1,4.8,8.6,8050,10.9,0.83,2.2
2008-04-16,6.9,3.1,11.4,13323,0.5,0.76,2.0
2008-04-17,5.0,3.7,5.9,8201,9.6,0.77,2.2
2008-04-18,6.5,4.1,8.6,8625,0.0,0.79,2.9
2008-04-19,6.5,2.6,10.6,14432,0.0,0.73,3.0
2008-04-20,8.5,2.9,13.8,14882,0.0,0.76,2.4
2008-04-21,11.3,4.3,16.7,20758,0.0,0.86,3.6
2008-04-22,12.3,6.4,17.8,21350,0.0,0.97,3.4
2008-04-23,11.4,4.4,18.2,20518,0.0,0.88,1.8
2008-04-24,13.5,5.5,20.1,23015,1.1,0.94,1.7
2008-04-25,11.2,7.7,14.1,12964,0.0,1.02,2.4
2008-04-26,12.5,5.5,18.9,24091,0.0,0.94,1.4
2008-04-27,14.7,6.5,21.1,22401,0.0,1.02,2.0
2008-04-28,16.5,8.1,23.2,23477,0.3,1.14,2.4
2008-04-29,13.9,9.5,17.9,9165,0.3,1.18,2.0
2008-04-30,13.7,8.2,18.4,13485,0.1,1.09,2.5
2008-05-01,12.7,8.1,18.0,15146,2.3,1.08,2.2
2008-05-02,11.6,6.1,17.5,19992,0.8,0.96,1.6
2008-05-03,12.4,6.2,18.9,19715,0.2,0.97,1.5
2008-05-04,13.3,5.5,19.4,22506,0.5,0.95,1.9
2008-05-05,15.1,8.2,21.9,20011,0.0,1.13,2.0
2008-05-06,15.3,6.8,22.0,25899,0.0,1.05,2.0
2008-05-07,16.6,9.2,23.1,26365,0.0,1.22,1.6
2008-05-08,16.8,8.7,23.5,26335,0.0,1.19,1.6
2008-05-09,16.6,8.7,23.9,27545,0.0,1.19,2.1
2008-05-10,17.7,10.7,24.7,25643,0.0,1.34,2.4
2008-05-11,18.3,11.2,25.7,25103,0.0,1.39,2.2
2008-05-12,18.5,9.6,25.8,27685,0.0,1.26,1.9
2008-05-13,14.9,8.4,21.0,21882,0.0,1.13,2.4
2008-05-14,14.9,6.2,22.3,25590,0.0,1.02,1.7
2008-05-15,16.6,10.3,23.0,23277,0.0,1.28,1.6
2008-05-16,15.8,10.6,21.4,15291,0.4,1.28,1.7
2008-05-17,15.7,9.5,21.4,13581,3.0,1.21,2.0
2008-05-18,11.8,7.3,16.6,14262,0.0,1.02,1.9
2008-05-19,11.1,5.8,15.8,16713,0.0,0.92,2.0
2008-05-20,12.4,5.7,19.2,21447,0.0,0.96,2.4
2008-05-21,12.6,5.2,18.8,20868,0.0,0.92,2.1
2008-05-22,14.2,4.4,20.6,22950,0.0,0.9,1.7
2008-05-23,15.5,10.4,20.9,13733,0.0,1.27,1.8
2008-05-24,15.8,9.0,22.6,22164,0.0,1.19,2.3
2008-05-25,16.2,8.4,22.8,25520,0.0,1.14,2.4
2008-05-26,16.0,10.9,20.2,11687,0.0,1.3,2.3
2008-05-27,15.2,10.8,19.4,18095,0.0,1.28,2.9
2008-05-28,18.3,11.3,24.3,25023,0.0,1.38,3.1
2008-05-29,19.8,13.2,26.1,25192,0.0,1.57,2.6
2008-05-30,22.8,14.7,30.6,26638,0.0,1.76,2.4
2008-05-31,23.8,16.9,31.1,27571,0.0,2.0,2.1
2008-06-01,23.3,16.0,30.6,26969,0.0,1.89,1.8
2008-06-02,24.3,16.4,31.6,29947,0.0,1.95,2.1
2008-06-03,23.6,16.7,31.5,22811,0.0,1.99,2.3
2008-06-04,21.8,15.4,28.9,29757,0.0,1.81,2.3
2008-06-05,20.2,13.3,25.9,28249,0.0,1.56,2.5
2008-06-06,19.6,12.2,25.5,22249,0.0,1.48,2.3
2008-06-07,22.0,16.1,28.4,21759,0.0,1.85,2.0
2008-06-08,22.3,12.9,29.7,28066,0.0,1.58,1.8
2008-06-09,22.1,13.0,29.7,30268,0.0,1.59,1.7
2008-06-10,21.6,13.5,28.7,29902,0.0,1.62,2.3
2008-06-11,16.1,11.5,20.0,19775,0.0,1.35,3.0
2008-06-12,14.6,9.2,19.2,20173,8.1,1.17,2.3
2008-06-13,11.9,8.6,16.7,15304,5.6,1.1,2.6
2008-06-14,12.5,7.7,18.0,18267,0.1,1.06,2.1
2008-06-15,13.1,8.2,19.3,18660,1.0,1.1,2.0
2008-06-16,13.6,8.6,19.0,17895,0.0,1.13,1.8
2008-06-17,15.5,7.6,22.2,27662,0.0,1.1,1.4
2008-06-18,19.0,10.4,25.1,23425,0.0,1.31,1.7
2008-06-19,20.2,13.1,26.7,19829,2.9,1.55,2.7
2008-06-20,18.1,13.7,22.8,22910,0.6,1.56,2.5
2008-06-21,17.4,13.1,23.4,20595,0.0,1.51,1.8
2008-06-22,22.7,12.7,32.5,25341,5.9,1.62,2.4
2008-06-23,19.0,11.7,23.3,28286,0.0,1.4,3.3
2008-06-24,15.8,8.8,22.0,30458,0.0,1.17,1.8
2008-06-25,18.9,11.2,25.6,17614,0.0,1.38,2.1
2008-06-26,20.4,15.3,25.7,29918,0.0,1.74,2.2
2008-06-27,17.2,11.7,20.6,14768,0.2,1.37,3.0
2008-06-28,15.9,10.2,20.9,12704,4.0,1.26,2.8
2008-06-29,20.0,14.0,26.4,25120,0.0,1.64,2.1
2008-06-30,19.4,13.6,25.0,24331,0.0,1.58,2.3
2008-07-01,20.7,12.3,28.1,27510,0.0,1.52,1.5
2008-07-02,24.2,14.3,32.3,30171,0.0,1.78,2.2
2008-07-03,26.1,17.9,34.8,27967,2.3,2.17,2.2
2008-07-04,16.6,14.8,20.7,10678,14.3,1.65,2.8
2008-07-05,18.5,13.9,24.3,22539,0.0,1.6,1.6
2008-07-06,21.1,13.2,27.4,21231,0.9,1.58,1.8
2008-07-07,18.9,12.5,23.7,19157,3.9,1.47,2.9
2008-07-08,17.5,12.1,23.0,17467,2.1,1.41,3.7
2008-07-09,16.3,11.8,21.9,18199,2.3,1.38,3.1
2008-07-10,16.1,10.9,19.0,10525,3.6,1.3,2.2
2008-07-11,19.8,16.5,27.4,15329,1.6,1.88,2.3
2008-07-12,19.6,14.1,25.2,21266,0.0,1.61,2.6
2008-07-13,15.9,12.7,18.4,11827,0.5,1.43,1.7
2008-07-14,16.3,10.9,21.5,18387,0.0,1.32,2.3
2008-07-15,19.1,14.0,23.5,14035,0.0,1.6,2.6
2008-07-16,17.6,13.6,23.1,14754,6.6,1.56,2.6
2008-07-17,16.0,11.1,20.8,17871,0.0,1.32,1.9
2008-07-18,16.4,13.1,20.2,11256,1.5,1.47,2.2
2008-07-19,17.0,13.2,23.1,17268,8.5,1.52,2.8
2008-07-20,16.2,12.5,21.3,18854,0.5,1.43,3.0
2008-07-21,14.1,11.2,16.8,11881,0.1,1.3,3.5
2008-07-22,15.9,11.7,21.5,13467,0.4,1.38,2.5
2008-07-23,17.9,11.7,24.0,24827,0.0,1.39,1.6
2008-07-24,20.2,11.7,28.1,22002,0.0,1.48,2.3
2008-07-25,23.2,17.6,31.9,24309,3.4,2.09,2.3
2008-07-26,24.0,17.8,32.6,21366,1.7,2.12,2.1
2008-07-27,25.3,17.7,32.7,28269,0.0,2.13,1.9
2008-07-28,25.9,18.6,33.3,28184,0.0,2.21,2.1
2008-07-29,25.5,17.6,33.3,26855,0.0,2.1,2.1
2008-07-30,21.6,18.1,25.3,11413,0.0,2.04,1.6
2008-07-31,24.1,16.3,31.9,27294,0.0,1.94,2.1
2008-08-01,24.6,17.4,34.8,21405,9.2,2.11,2.3
2008-08-02,19.5,16.2,22.9,13326,0.1,1.81,2.0
2008-08-03,21.5,17.9,26.3,17923,0.1,2.02,2.8
2008-08-04,19.2,14.9,23.6,16252,4.2,1.68,4.1
2008-08-05,18.5,12.8,23.6,19594,0.0,1.49,3.1
2008-08-06,19.2,11.6,25.8,18411,0.0,1.43,1.5
2008-08-07,24.9,15.7,33.5,25127,0.0,1.91,2.4
2008-08-08,21.0,15.3,26.3,16541,2.9,1.75,3.1
2008-08-09,17.1,11.3,22.7,19596,0.0,1.35,2.8
2008-08-10,16.5,11.0,20.3,9385,2.8,1.31,2.8
2008-08-11,20.3,14.2,26.8,19403,0.9,1.65,2.2
2008-08-12,19.8,16.5,23.2,10448,0.4,1.84,2.6
2008-08-13,20.8,16.6,25.3,20038,0.2,1.87,4.0
2008-08-14,19.6,14.9,25.5,21002,0.0,1.71,2.7
2008-08-15,14.8,12.0,16.1,8689,7.4,1.36,1.6
2008-08-16,15.8,10.6,22.3,16174,0.8,1.29,1.6
2008-08-17,18.4,13.2,24.9,19604,0.0,1.54,1.6
2008-08-18,18.5,12.3,23.3,11641,0.2,1.44,2.2
2008-08-19,21.5,16.7,27.9,14125,0.0,1.92,2.7
2008-08-20,18.8,15.0,23.5,14262,0.5,1.68,3.3
2008-08-21,19.3,14.1,25.2,17521,0.0,1.61,2.4
2008-08-22,19.1,12.7,24.6,11299,6.8,1.48,1.8
2008-08-23,15.6,9.7,20.2,13851,8.5,1.21,3.1
2008-08-24,13.9,9.7,16.6,8038,4.7,1.18,2.4
2008-08-25,15.6,11.5,19.6,9782,2.2,1.35,1.7
2008-08-26,18.0,13.4,22.7,14678,0.0,1.53,2.0
2008-08-27,19.4,15.5,24.3,14681,0.0,1.75,2.2
2008-08-28,17.4,15.3,19.4,8517,0.8,1.68,2.3
2008-08-29,17.7,12.9,21.5,8882,0.0,1.48,2.4
2008-08-30,16.3,11.4,23.0,17784,0.0,1.37,1.5
2008-08-31,17.6,10.0,25.5,21513,0.0,1.3,2.2
2008-09-01,17.7,11.9,24.8,15431,9.2,1.42,2.3
2008-09-02,18.2,12.0,23.6,18036,0.0,1.42,2.4
2008-09-03,17.4,11.1,22.3,11493,7.9,1.34,3.0
2008-09-04,13.9,8.9,18.7,14301,0.4,1.14,2.6
2008-09-05,15.7,9.8,20.4,10318,0.3,1.23,2.2
2008-09-06,19.3,16.7,23.2,7126,20.0,1.85,2.5
2008-09-07,17.0,13.8,19.7,7680,0.1,1.55,2.4
2008-09-08,15.9,11.7,20.6,11805,0.6,1.37,2.4
2008-09-09,16.6,10.4,23.3,17653,0.0,1.3,1.7
2008-09-10,17.9,12.4,24.3,12721,0.0,1.46,1.7
2008-09-11,18.1,13.9,23.9,12495,0.0,1.59,1.8
2008-09-12,14.1,9.0,18.7,10426,0.0,1.14,3.2
2008-09-13,11.4,5.2,16.8,14387,0.0,0.9,3.2
2008-09-14,10.9,7.1,13.1,6368,0.0,0.98,2.6
2008-09-15,11.8,8.7,16.0,7490,0.0,1.1,2.3
2008-09-16,9.4,5.4,11.7,9689,0.0,0.87,1.8
2008-09-17,10.7,7.5,15.4,10470,0.0,1.02,1.5
2008-09-18,11.4,8.1,15.3,6825,0.0,1.06,1.5
2008-09-19,11.1,6.2,14.6,6543,0.0,0.94,1.4
2008-09-20,12.1,9.2,16.7,7325,0.3,1.15,1.7
2008-09-21,12.5,9.5,17.6,9050,1.3,1.17,1.8
2008-09-22,11.5,7.8,15.6,6854,3.1,1.05,1.9
2008-09-23,11.9,10.7,12.6,5633,11.7,1.24,2.0
2008-09-24,12.8,9.4,18.1,10686,0.0,1.17,2.1
2008-09-25,11.5,7.6,18.2,12319,0.0,1.05,2.4
2008-09-26,11.3,7.1,17.9,12087,0.0,1.03,1.8
2008-09-27,11.4,7.3,17.1,13675,0.0,1.03,1.7
2008-09-28,12.0,7.2,18.6,14511,0.1,1.03,1.7
2008-09-29,11.7,8.8,16.0,8098,2.0,1.11,2.0
2008-09-30,10.1,7.8,12.8,6842,6.1,1.03,3.8
2008-10-01,11.4,8.6,15.1,5345,6.0,1.09,5.1
2008-10-02,10.7,7.0,14.7,10816,0.0,0.99,4.2
2008-10-03,8.2,3.6,13.7,8705,0.1,0.79,2.8
2008-10-04,6.4,1.6,12.0,6208,0.0,0.69,3.1
2008-10-05,8.5,3.6,11.6,5527,6.7,0.79,4.1
2008-10-06,11.2,9.3,13.0,4608,0.2,1.13,1.8
2008-10-07,12.0,8.1,17.2,8330,0.0,1.08,1.7
2008-10-08,11.3,7.4,16.3,6664,0.0,1.02,1.8
2008-10-09,11.7,8.3,14.1,4383,0.2,1.07,1.6
2008-10-10,11.1,6.2,16.5,10470,0.0,0.96,1.7
2008-10-11,12.8,7.4,19.7,12152,0.0,1.05,2.1
2008-10-12,11.6,8.2,16.0,5495,0.0,1.08,1.8
2008-10-13,13.4,6.5,20.5,10521,1.2,1.01,1.9
2008-10-14,14.4,10.7,17.4,6167,0.0,1.26,2.0
2008-10-15,12.7,9.3,16.5,4633,3.5,1.16,2.4
2008-10-16,11.2,6.0,14.5,5830,5.4,0.93,3.3
2008-10-17,8.6,5.9,11.3,4925,0.2,0.91,3.2
2008-10-18,8.3,4.8,14.1,7994,0.0,0.86,2.2
2008-10-19,10.7,6.5,14.6,5055,0.0,0.96,2.5
2008-10-20,11.1,6.2,16.8,10556,0.0,0.96,2.9
2008-10-21,13.5,9.2,20.8,7793,0.9,1.18,3.1
2008-10-22,9.4,6.4,11.0,3483,0.1,0.93,2.1
2008-10-23,7.7,3.7,12.8,9156,0.0,0.8,2.3
2008-10-24,6.7,1.5,12.5,9777,0.0,0.69,2.3
2008-10-25,9.0,5.9,11.7,3363,0.0,0.91,1.9
2008-10-26,10.6,4.8,14.2,4969,3.7,0.86,3.3
2008-10-27,9.8,5.6,12.7,3176,6.4,0.89,2.5
2008-10-28,6.5,3.8,9.5,4615,1.7,0.79,1.8
2008-10-29,5.9,4.6,7.3,3060,16.0,0.81,1.5
2008-10-30,3.8,2.3,5.6,3003,13.2,0.69,2.1
2008-10-31,4.9,2.3,8.7,5522,0.0,0.7,1.7
2008-11-01,5.8,3.0,10.4,5561,0.0,0.75,2.1
2008-11-02,5.2,2.3,7.9,2840,0.0,0.71,1.9
2008-11-03,7.6,6.2,8.4,2787,0.0,0.91,2.2
2008-11-04,9.3,8.3,10.0,2736,0.0,1.06,1.5
2008-11-05,10.0,9.0,10.9,2686,0.8,1.1,2.5
2008-11-06,11.2,10.7,11.8,2637,0.6,1.24,1.7
2008-11-07,10.9,9.7,11.7,2589,0.0,1.16,1.7
2008-11-08,9.2,6.6,11.1,2542,0.0,0.94,1.7
2008-11-09,9.4,5.9,12.9,4186,0.8,0.91,3.5
2008-11-10,12.8,8.6,15.8,2507,0.0,1.09,4.5
2008-11-11,11.8,6.3,15.3,2407,0.1,0.96,4.2
2008-11-12,6.4,3.5,10.3,4377,0.0,0.77,2.9
2008-11-13,5.4,2.2,10.5,5549,0.0,0.7,1.8
2008-11-14,5.7,1.1,9.4,2337,0.1,0.65,2.9
2008-11-15,9.8,8.3,11.0,2244,0.3,1.06,3.3
2008-11-16,8.3,4.8,11.1,3921,0.8,0.84,3.6
2008-11-17,3.9,0.0,7.7,5921,0.0,0.61,2.0
2008-11-18,3.3,-0.2,6.6,2236,3.1,0.59,3.2
2008-11-19,7.1,5.0,9.6,2099,1.5,0.85,4.2
2008-11-20,7.3,3.5,9.7,2066,10.1,0.77,5.7
2008-11-21,1.6,-0.2,4.3,2034,6.8,0.58,4.6
2008-11-22,-0.1,-1.7,1.4,2734,2.5,0.52,4.3
2008-11-23,0.3,-1.9,2.5,3614,0.1,0.51,3.6
2008-11-24,-1.2,-3.3,1.5,2135,0.6,0.46,2.3
2008-11-25,0.4,-1.5,1.9,1916,0.2,0.53,2.2
2008-11-26,2.5,-1.4,5.5,2593,0.8,0.54,2.7
2008-11-27,5.4,3.3,7.8,2841,0.1,0.75,3.1
2008-11-28,2.5,-1.2,5.2,2808,0.0,0.55,2.3
2008-11-29,1.2,-1.0,2.5,1817,0.6,0.55,1.8
2008-11-30,0.2,-1.7,1.8,1795,0.0,0.52,1.9
2008-12-01,2.1,-1.8,4.8,1774,10.4,0.52,2.1
2008-12-02,3.9,2.1,5.5,2022,0.0,0.69,3.3
2008-12-03,0.9,-0.4,2.6,1913,4.8,0.57,2.9
2008-12-04,1.2,-1.6,4.8,1718,0.1,0.53,2.9
2008-12-05,4.6,2.2,6.3,1964,0.4,0.69,2.5
2008-12-06,3.6,1.2,5.5,1991,0.3,0.64,2.1
2008-12-07,4.1,2.2,4.9,1672,1.3,0.69,2.2
2008-12-08,3.4,-1.0,5.3,1659,0.0,0.55,2.5
2008-12-09,0.4,-1.6,2.4,2804,0.0,0.53,2.1
2008-12-10,1.6,0.4,2.2,1636,0.7,0.61,1.5
2008-12-11,1.6,0.3,1.9,1627,6.3,0.6,1.3
2008-12-12,0.7,0.1,1.0,1618,0.0,0.59,1.6
2008-12-13,1.9,0.4,2.9,1610,0.0,0.61,2.6
2008-12-14,3.5,1.8,4.4,1688,0.0,0.67,2.9
2008-12-15,3.0,2.0,3.3,1599,0.0,0.68,2.1
2008-12-16,3.2,2.3,3.6,1594,0.0,0.7,1.3
2008-12-17,3.2,1.6,3.7,1591,0.2,0.66,1.7
2008-12-18,2.2,0.4,3.3,1589,0.5,0.6,2.1
2008-12-19,3.0,-0.6,6.2,1714,2.0,0.57,3.0
2008-12-20,4.8,1.6,7.0,1589,1.5,0.67,4.6
2008-12-21,5.5,3.3,8.5,1841,0.9,0.75,3.6
2008-12-22,7.9,5.8,9.0,2179,1.3,0.89,4.4
2008-12-23,4.2,0.2,6.1,1847,1.1,0.6,2.3
2008-12-24,5.4,2.2,6.2,1600,3.2,0.69,2.5
2008-12-25,0.7,-2.4,5.2,3334,0.0,0.5,2.8
2008-12-26,-2.0,-5.2,0.5,3303,0.0,0.4,3.1
2008-12-27,-0.7,-2.8,1.4,2087,0.0,0.48,2.4
2008-12-28,-3.5,-5.4,-1.0,4268,0.0,0.4,2.5
2008-12-29,-3.9,-5.8,-3.0,1981,0.0,0.38,2.3
2008-12-30,-4.2,-6.7,0.1,4355,0.0,0.36,1.7
2008-12-31,-5.2,-7.8,-0.6,4468,0.0,0.33,1.3
2009-01-01,-3.4,-7.5,-1.5,1663,0.5,0.34,1.6
2009-01-02,-3.1,-9.0,0.0,2110,1.0,0.31,1.5
2009-01-03,-5.4,-10.5,-0.3,2389,1.5,0.28,2.6
2009-01-04,0.1,-0.5,0.8,1707,7.2,0.56,2.6
2009-01-05,-5.7,-12.1,0.1,4463,0.0,0.25,2.5
2009-01-06,-12.5,-18.7,-6.3,4945,0.0,0.15,2.1
2009-01-07,-10.4,-19.0,-3.9,1760,0.2,0.15,2.3
2009-01-08,-8.5,-12.0,-6.0,2729,0.0,0.24,2.1
2009-01-09,-5.7,-10.7,-2.2,2257,0.0,0.27,1.8
2009-01-10,-2.4,-6.7,-0.3,1824,0.0,0.36,1.5
2009-01-11,-5.7,-9.3,-1.0,5273,0.0,0.3,2.3
2009-01-12,-4.5,-7.0,0.1,5282,0.0,0.36,3.0
2009-01-13,-1.1,-5.4,2.3,2417,0.0,0.41,2.7
2009-01-14,-3.9,-8.4,0.1,3020,0.2,0.32,1.4
2009-01-15,1.0,-0.2,2.2,1954,0.2,0.58,1.3
2009-01-16,-0.4,-2.2,0.9,1983,0.0,0.5,2.2
2009-01-17,-0.5,-2.9,1.9,2994,0.8,0.48,2.4
2009-01-18,2.5,-0.1,6.8,3877,3.9,0.6,3.6
2009-01-19,2.2,-0.4,4.9,4380,2.2,0.58,3.7
2009-01-20,3.3,-0.9,5.3,2112,0.0,0.56,2.5
2009-01-21,-0.4,-2.3,1.1,2147,0.0,0.49,1.3
2009-01-22,-0.2,-3.1,4.4,6010,0.0,0.48,2.8
2009-01-23,-0.2,-2.9,3.7,3632,2.6,0.48,4.4
2009-01-24,2.1,0.1,4.0,2418,0.4,0.59,2.7
2009-01-25,1.5,-1.5,6.2,5242,0.0,0.54,1.8
2009-01-26,-0.3,-1.4,0.7,2394,0.0,0.53,1.8
2009-01-27,0.1,-2.3,2.5,2601,0.0,0.5,1.4
2009-01-28,-2.5,-3.5,-1.4,2425,0.0,0.46,1.6
2009-01-29,-3.0,-4.3,-1.8,2469,0.0,0.43,2.2
2009-01-30,-1.4,-2.8,0.1,2515,0.0,0.48,2.4
2009-01-31,0.0,-2.1,2.0,2676,0.6,0.5,2.9
2009-02-01,-1.6,-4.1,-0.2,2609,0.0,0.44,3.9
2009-02-02,0.8,-0.5,1.8,2658,0.0,0.57,4.2
2009-02-03,1.3,-0.1,2.4,2708,0.0,0.59,2.2
2009-02-04,0.9,-0.9,4.4,3422,0.3,0.56,1.2
2009-02-05,2.6,-1.0,6.5,5253,0.0,0.56,2.0
2009-02-06,2.3,-0.4,6.1,3297,0.8,0.58,1.8
2009-02-07,0.9,-0.1,1.8,2918,0.0,0.58,1.5
2009-02-08,1.7,-1.4,4.4,4241,0.0,0.53,2.8
2009-02-09,0.8,-2.4,4.7,5660,0.2,0.51,2.5
2009-02-10,2.3,-0.5,5.5,3153,7.6,0.57,4.8
2009-02-11,0.3,-2.3,1.5,3146,0.9,0.5,4.0
2009-02-12,-1.5,-3.7,0.0,3206,0.0,0.45,2.7
2009-02-13,-2.1,-5.3,2.5,7912,0.0,0.41,2.1
2009-02-14,-2.9,-6.2,1.2,4963,0.0,0.38,2.3
2009-02-15,-1.2,-4.6,2.4,3735,4.3,0.43,2.4
2009-02-16,0.2,-0.9,1.5,3454,6.4,0.55,2.3
2009-02-17,-2.3,-6.4,0.6,8744,0.0,0.37,3.0
2009-02-18,-3.4,-6.1,0.2,5013,0.1,0.38,1.6
2009-02-19,-1.9,-4.7,1.2,3650,3.2,0.42,2.1
2009-02-20,0.8,-0.9,2.5,3717,3.1,0.55,2.2
2009-02-21,-0.6,-2.0,0.2,3785,4.2,0.5,1.7
2009-02-22,2.4,0.0,4.6,3854,3.0,0.59,3.4
2009-02-23,2.6,0.6,4.3,3923,1.1,0.62,3.8
2009-02-24,1.4,-0.1,2.7,3994,0.0,0.59,2.0
2009-02-25,3.2,0.2,5.3,4065,1.5,0.6,2.7
2009-02-26,5.4,3.8,7.6,4372,6.1,0.78,4.1
2009-02-27,4.6,2.6,7.3,4606,0.0,0.71,3.5
2009-02-28,4.5,2.5,6.4,4364,1.5,0.71,1.6
2009-03-01,6.1,3.8,8.8,4439,0.0,0.78,1.8
2009-03-02,6.5,3.5,9.4,4433,3.1,0.77,2.1
2009-03-03,4.8,0.2,7.8,5086,0.0,0.61,2.0
2009-03-04,3.8,-1.0,9.2,5670,0.0,0.57,3.2
2009-03-05,7.6,2.1,13.4,5083,2.7,0.72,2.6
2009-03-06,4.7,3.6,7.0,4738,1.5,0.76,2.9
2009-03-07,3.6,1.2,4.0,4816,0.1,0.64,2.7
2009-03-08,3.9,-0.5,6.9,4895,1.5,0.58,3.2
2009-03-09,4.5,1.9,7.8,9889,1.2,0.69,4.0
2009-03-10,5.2,3.2,8.2,6116,0.6,0.74,3.5
2009-03-11,4.0,0.9,6.7,5490,0.1,0.64,3.1
2009-03-12,4.4,2.5,7.2,6026,7.7,0.71,2.9
2009-03-13,6.8,4.0,9.4,5476,0.2,0.79,2.7
2009-03-14,8.0,2.5,12.8,9881,2.0,0.74,2.0
2009-03-15,7.4,6.4,8.3,5455,1.7,0.93,3.0
2009-03-16,6.9,4.7,10.1,6286,0.4,0.84,1.6
2009-03-17,7.8,3.7,12.9,11002,0.1,0.8,3.1
2009-03-18,5.2,0.1,8.7,13417,0.1,0.61,2.6
2009-03-19,5.2,2.0,9.4,13949,0.0,0.7,2.5
2009-03-20,2.6,-1.6,6.9,14486,0.0,0.54,1.9
2009-03-21,3.9,-0.9,9.2,10831,0.0,0.57,2.0
2009-03-22,6.5,4.2,10.3,6621,0.5,0.81,4.1
2009-03-23,6.1,2.6,7.4,6113,6.4,0.72,5.6
2009-03-24,1.5,-3.2,5.3,9396,2.5,0.48,4.1
2009-03-25,1.3,-3.8,5.8,11719,0.0,0.46,3.2
2009-03-26,5.0,2.1,7.8,6666,0.8,0.69,3.4
2009-03-27,6.8,3.3,10.3,7569,1.0,0.76,3.7
2009-03-28,5.9,1.5,10.1,6939,2.8,0.68,3.0
2009-03-29,6.3,2.1,10.9,10447,0.0,0.71,2.0
2009-03-30,6.8,3.6,11.7,10347,0.0,0.78,1.8
2009-03-31,8.7,2.1,14.9,19284,0.0,0.73,2.0
2009-04-01,9.8,1.7,16.4,19343,0.0,0.73,2.5
2009-04-02,10.3,4.0,17.5,19932,0.0,0.84,3.1
2009-04-03,13.2,3.3,22.8,20204,0.0,0.87,1.9
2009-04-04,15.9,9.3,23.1,17887,0.5,1.22,2.0
2009-04-05,11.1,6.6,14.5,11090,0.0,0.96,1.7
2009-04-06,11.4,4.1,18.2,18397,0.0,0.86,1.8
2009-04-07,15.0,6.6,23.2,18762,0.0,1.05,2.1
2009-04-08,13.8,8.8,18.0,13387,0.0,1.13,2.4
2009-04-09,13.8,8.8,18.8,15387,0.0,1.14,1.7
2009-04-10,14.5,6.7,21.6,20866,0.0,1.03,2.4
2009-04-11,14.7,8.1,21.8,21577,0.0,1.13,2.3
2009-04-12,12.7,6.1,20.6,22065,0.0,0.99,2.0
2009-04-13,13.1,5.4,20.7,22442,0.0,0.95,1.7
2009-04-14,14.0,6.1,22.6,21565,0.0,1.01,1.5
2009-04-15,15.2,7.0,22.9,22280,0.0,1.06,2.3
2009-04-16,14.6,8.6,20.9,22422,0.0,1.15,3.2
2009-04-17,13.5,7.8,19.5,14940,1.2,1.08,3.3
2009-04-18,10.1,5.9,12.4,8317,0.0,0.91,2.5
2009-04-19,9.4,3.1,16.6,23654,0.0,0.8,2.5
2009-04-20,11.4,3.8,19.3,24259,0.0,0.85,2.1
2009-04-21,12.5,5.0,19.7,24397,0.0,0.92,1.8
2009-04-22,9.5,5.8,14.9,14980,0.6,0.92,2.5
2009-04-23,8.7,3.7,15.0,14248,0.0,0.81,2.0
2009-04-24,12.3,2.8,20.9,24795,0.0,0.82,2.5
2009-04-25,14.7,5.1,23.4,24684,0.0,0.98,2.6
2009-04-26,16.3,8.5,23.6,18946,0.0,1.17,2.1
2009-04-27,18.2,11.0,25.0,22650,0.0,1.37,2.5
2009-04-28,18.2,11.2,24.6,20474,0.0,1.37,2.6
2009-04-29,14.9,8.4,21.3,15503,0.0,1.13,1.8
2009-04-30,16.9,8.6,26.7,22012,0.0,1.22,1.8
2009-05-01,15.1,6.9,23.9,25397,0.0,1.07,1.9
2009-05-02,14.4,3.8,23.3,26482,0.0,0.9,1.7
2009-05-03,15.1,7.3,23.0,14736,1.3,1.09,1.9
2009-05-04,9.7,4.1,14.7,13709,0.0,0.82,2.8
2009-05-05,8.8,3.1,11.5,9358,5.5,0.75,3.1
2009-05-06,11.1,5.8,15.4,14592,1.9,0.92,4.2
2009-05-07,13.7,5.2,20.1,17873,0.0,0.94,2.4
2009-05-08,15.0,7.9,20.9,18816,10.2,1.1,2.8
2009-05-09,13.1,4.4,19.6,24226,9.2,0.89,2.1
2009-05-10,14.8,10.4,20.1,21330,0.0,1.26,1.8
2009-05-11,11.7,6.4,13.7,9702,1.1,0.95,2.2
2009-05-12,11.3,4.0,17.9,26476,0.0,0.84,2.8
2009-05-13,12.5,5.1,18.8,27685,0.0,0.91,2.5
2009-05-14,12.6,6.4,18.6,24136,0.0,0.98,2.9
2009-05-15,14.7,7.4,21.3,16432,3.3,1.07,3.0
2009-05-16,13.5,9.3,18.4,14356,0.4,1.17,2.3
2009-05-17,17.1,8.4,24.8,25737,5.3,1.19,2.3
2009-05-18,17.1,13.9,21.9,19127,0.0,1.56,2.0
2009-05-19,18.0,11.7,24.1,22088,0.3,1.4,1.5
2009-05-20,18.5,12.9,23.6,25055,0.2,1.5,1.6
2009-05-21,16.2,12.6,20.7,13601,8.7,1.44,2.0
2009-05-22,14.2,9.4,19.6,17194,0.7,1.18,2.5
2009-05-23,14.5,8.4,19.8,26756,0.0,1.13,2.1
2009-05-24,18.6,9.6,25.4,27067,0.0,1.27,2.0
2009-05-25,17.6,9.7,25.0,29537,0.0,1.27,1.6
2009-05-26,18.2,12.7,28.3,17759,19.9,1.54,3.2
2009-05-27,14.0,10.2,17.7,17673,0.1,1.23,3.5
2009-05-28,13.6,9.2,18.0,18988,3.8,1.16,3.7
2009-05-29,13.3,7.5,18.7,23747,0.0,1.05,3.1
2009-05-30,13.6,8.2,19.5,11149,10.0,1.11,2.9
2009-05-31,16.3,11.3,24.1,17056,11.3,1.37,2.4
2009-06-01,16.9,12.2,23.9,20796,1.5,1.45,2.2
2009-06-02,18.6,10.6,26.3,26969,0.0,1.36,2.9
2009-06-03,11.4,9.2,14.8,12029,2.1,1.14,3.9
2009-06-04,10.0,6.5,14.2,17048,2.1,0.96,3.1
2009-06-05,10.3,6.1,15.6,19124,0.1,0.94,2.2
2009-06-06,11.3,5.4,16.7,17995,6.3,0.91,2.4
2009-06-07,11.5,9.7,14.6,11992,1.2,1.17,2.4
2009-06-08,14.7,8.7,20.2,22657,0.0,1.14,2.3
2009-06-09,15.8,11.3,19.4,13439,0.1,1.33,2.3
2009-06-10,16.9,12.6,22.0,21413,0.8,1.46,2.8
2009-06-11,13.5,8.8,18.0,11545,11.3,1.13,4.0
2009-06-12,12.3,7.8,16.5,21445,0.7,1.06,4.2
2009-06-13,14.3,9.0,19.6,27879,0.0,1.15,2.9
2009-06-14,16.3,7.8,22.6,24166,0.0,1.12,1.9
2009-06-15,17.1,12.1,22.5,16726,12.6,1.43,2.0
2009-06-16,14.7,11.1,18.9,21743,0.0,1.3,2.5
2009-06-17,14.7,8.0,21.2,27915,0.0,1.11,1.7
2009-06-18,17.8,11.6,23.3,15586,0.4,1.39,2.6
2009-06-19,15.7,10.7,20.3,14047,0.7,1.28,2.7
2009-06-20,14.4,9.6,21.0,21755,2.3,1.22,2.3
2009-06-21,14.5,9.4,20.3,20213,7.8,1.19,1.8
2009-06-22,14.6,10.9,21.8,17898,4.3,1.31,2.3
2009-06-23,17.1,10.6,22.7,22773,0.0,1.31,3.1
2009-06-24,19.1,12.4,25.8,26617,6.2,1.48,3.0
2009-06-25,16.5,13.7,20.3,12617,2.3,1.54,2.4
2009-06-26,19.0,16.5,21.4,11967,0.1,1.81,2.5
2009-06-27,18.5,15.6,21.6,11573,0.1,1.74,2.3
2009-06-28,17.7,12.8,22.6,13229,0.0,1.48,1.8
2009-06-29,20.4,16.9,24.7,14627,0.0,1.89,1.4
2009-06-30,22.4,16.5,28.3,24992,0.0,1.92,1.4
2009-07-01,22.8,17.5,28.1,21256,1.9,2.0,1.5
2009-07-02,22.4,17.8,30.1,22900,1.7,2.08,1.6
2009-07-03,23.0,17.3,29.3,24796,0.0,2.0,1.6
2009-07-04,22.6,17.9,28.1,20037,0.5,2.05,2.1
2009-07-05,20.6,16.3,25.6,18732,0.0,1.85,1.7
2009-07-06,20.5,15.9,27.2,21005,0.0,1.81,1.9
2009-07-07,19.5,13.9,25.7,24168,0.2,1.61,2.6
2009-07-08,16.9,14.1,21.9,17626,3.0,1.59,3.4
2009-07-09,16.0,13.1,20.3,14662,1.6,1.48,3.3
2009-07-10,14.3,10.2,18.7,19600,7.4,1.24,3.6
2009-07-11,14.8,10.5,19.6,17018,0.0,1.26,2.7
2009-07-12,16.6,8.8,23.3,18509,2.6,1.18,2.0
2009-07-13,20.0,15.1,25.4,21647,0.0,1.71,1.9
2009-07-14,21.7,16.2,27.8,16906,0.0,1.87,1.7
2009-07-15,23.2,18.1,29.3,19148,0.0,2.09,2.1
2009-07-16,22.8,17.0,29.0,22018,0.0,1.96,1.6
2009-07-17,22.3,16.1,30.6,18171,12.8,1.9,2.4
2009-07-18,17.4,14.3,20.2,10412,0.6,1.6,3.1
2009-07-19,17.1,12.6,22.0,16812,3.9,1.46,2.9
2009-07-20,15.9,10.8,21.9,18150,1.0,1.31,3.1
2009-07-21,19.6,12.6,25.9,20113,1.6,1.51,2.0
2009-07-22,21.3,16.4,26.6,15025,0.2,1.87,2.3
2009-07-23,22.9,16.6,29.4,17360,0.0,1.95,2.5
2009-07-24,17.7,12.4,22.5,17053,8.4,1.44,2.7
2009-07-25,15.2,11.3,19.2,14616,4.1,1.32,3.3
2009-07-26,16.9,11.3,22.5,20435,0.0,1.36,2.0
2009-07-27,21.5,14.2,28.5,26107,0.0,1.68,2.3
2009-07-28,19.7,15.5,23.7,19925,0.0,1.74,2.2
2009-07-29,20.9,13.9,27.1,24579,0.0,1.63,1.9
2009-07-30,20.0,15.0,26.0,21396,0.1,1.72,3.4
2009-07-31,17.7,12.3,23.3,27138,0.0,1.44,1.9
2009-08-01,19.9,11.1,27.7,21981,0.0,1.41,1.8
2009-08-02,23.4,15.3,31.9,22885,1.3,1.84,2.2
2009-08-03,17.4,13.4,19.3,10251,3.7,1.49,1.8
2009-08-04,18.7,12.0,25.1,25041,0.0,1.45,1.5
2009-08-05,19.9,12.9,27.2,20415,0.0,1.55,1.6
2009-08-06,20.7,14.0,27.3,24845,0.0,1.65,2.0
2009-08-07,22.2,15.7,29.3,19872,0.0,1.85,2.1
2009-08-08,22.7,15.6,29.4,24398,0.0,1.82,1.8
2009-08-09,21.4,15.4,29.0,21749,0.0,1.81,1.5
2009-08-10,21.1,14.9,28.1,16939,2.0,1.73,1.6
2009-08-11,18.2,14.8,22.3,10950,2.4,1.66,2.4
2009-08-12,18.1,14.6,22.6,14721,3.6,1.63,2.7
2009-08-13,18.1,13.6,23.0,18466,0.0,1.55,2.5
2009-08-14,16.5,11.0,22.1,20992,0.0,1.33,1.7
2009-08-15,21.0,12.5,28.4,22191,0.0,1.54,2.1
2009-08-16,24.1,15.5,32.7,23497,0.4,1.88,2.3
2009-08-17,22.0,15.6,28.0,21014,0.1,1.8,2.4
2009-08-18,18.5,13.9,24.4,17958,0.0,1.6,2.1
2009-08-19,20.5,12.7,28.2,23006,0.0,1.53,1.7
2009-08-20,23.9,14.2,33.4,24045,0.2,1.79,2.5
2009-08-21,19.3,14.0,23.5,9264,12.7,1.6,2.0
2009-08-22,17.4,13.0,22.8,18910,0.0,1.5,1.7
2009-08-23,18.0,11.9,25.1,22711,0.0,1.44,2.0
2009-08-24,18.8,11.0,25.9,23262,0.0,1.37,2.5
2009-08-25,21.9,12.9,30.9,19577,2.1,1.61,1.8
2009-08-26,21.4,17.1,26.4,18084,0.0,1.94,1.7
2009-08-27,22.5,15.3,29.5,19772,0.0,1.82,1.9
2009-08-28,22.4,16.8,29.4,12654,0.0,1.95,3.0
2009-08-29,16.4,10.7,21.2,16027,0.4,1.29,3.0
2009-08-30,15.2,7.7,21.2,16465,0.0,1.09,2.4
2009-08-31,17.8,8.5,26.5,20224,0.0,1.21,2.0
2009-09-01,23.0,12.4,32.7,20520,4.6,1.6,2.6
2009-09-02,19.3,14.9,23.4,17078,4.8,1.67,2.2
2009-09-03,16.5,13.4,19.9,11597,10.2,1.51,3.8
2009-09-04,16.1,11.9,21.0,15942,5.0,1.38,4.0
2009-09-05,13.6,9.9,17.3,9770,3.3,1.2,4.1
2009-09-06,14.1,10.3,18.0,9031,0.1,1.23,2.5
2009-09-07,15.2,9.1,21.0,11283,0.0,1.18,1.7
2009-09-08,18.4,11.0,26.4,19862,0.0,1.38,1.7
2009-09-09,18.6,11.5,26.8,19489,0.0,1.44,1.9
2009-09-10,16.9,12.5,22.1,8973,0.1,1.44,2.4
2009-09-11,16.4,12.0,22.6,14694,0.0,1.41,2.4
2009-09-12,15.2,8.7,21.5,14972,0.0,1.16,2.2
2009-09-13,12.4,9.9,15.9,7147,4.0,1.2,2.7
2009-09-14,14.9,10.6,19.6,9808,0.0,1.26,2.7
2009-09-15,16.6,13.1,20.2,8389,0.0,1.47,2.6
2009-09-16,17.1,11.6,23.6,15313,0.0,1.39,2.6
2009-09-17,14.8,9.8,20.8,16956,0.0,1.23,2.1
2009-09-18,14.1,8.1,21.5,17485,0.0,1.11,1.8
2009-09-19,15.4,9.1,23.7,17021,0.0,1.21,1.6
2009-09-20,17.4,10.1,25.7,16465,0.0,1.32,1.3
2009-09-21,16.4,12.7,21.4,11764,0.0,1.47,1.6
2009-09-22,17.0,10.2,23.9,14698,0.0,1.28,2.1
2009-09-23,16.3,11.5,20.9,10746,0.0,1.36,2.3
2009-09-24,14.8,9.7,19.8,12506,0.0,1.21,1.9
2009-09-25,13.2,8.1,18.7,11246,0.0,1.08,1.7
2009-09-26,13.5,8.2,20.7,12967,0.0,1.11,1.5
2009-09-27,15.2,8.7,23.1,15389,0.0,1.19,1.3
2009-09-28,13.9,8.4,17.5,6129,0.0,1.1,2.4
2009-09-29,13.6,7.5,16.0,5231,3.2,1.03,2.7
2009-09-30,9.7,4.8,14.8,14257,0.4,0.86,1.8
2009-10-01,11.9,7.8,14.1,7638,8.0,1.04,3.1
2009-10-02,8.6,5.9,12.1,5432,1.2,0.91,2.4
2009-10-03,10.8,4.3,15.4,5697,1.0,0.84,3.9
2009-10-04,12.9,8.8,16.2,9393,0.0,1.12,4.6
2009-10-05,10.5,6.4,15.1,10632,0.9,0.95,2.0
2009-10-06,11.7,8.8,15.1,4684,3.4,1.11,2.4
2009-10-07,18.5,14.9,22.6,7444,7.5,1.66,2.7
2009-10-08,12.1,7.3,17.9,5936,16.8,1.03,2.6
2009-10-09,8.3,3.8,13.8,12383,0.0,0.81,2.0
2009-10-10,8.1,3.7,13.6,6566,8.5,0.8,2.3
2009-10-11,9.6,8.5,11.1,4390,12.3,1.07,2.7
2009-10-12,7.8,3.8,9.8,5186,4.8,0.79,3.6
2009-10-13,4.8,1.0,9.0,7531,1.8,0.65,2.7
2009-10-14,4.6,1.3,7.8,8353,0.1,0.66,2.9
2009-10-15,4.2,3.0,4.9,4022,7.4,0.73,3.0
2009-10-16,3.9,2.7,5.0,3951,3.6,0.71,3.8
2009-10-17,5.8,4.0,8.3,4407,0.5,0.79,2.8
2009-10-18,6.0,3.3,8.7,4702,0.5,0.75,1.6
2009-10-19,5.2,1.1,11.1,10411,0.0,0.66,1.8
2009-10-20,4.3,-0.4,9.3,7154,0.0,0.6,2.5
2009-10-21,6.3,3.8,8.1,3613,0.0,0.77,3.0
2009-10-22,6.3,3.6,8.3,3548,1.1,0.76,2.4
2009-10-23,6.6,5.8,7.1,3483,0.2,0.89,1.3
2009-10-24,7.5,5.0,9.8,3420,0.6,0.84,1.8
2009-10-25,9.8,7.0,13.8,4109,1.3,0.98,2.3
2009-10-26,9.8,7.1,12.5,3903,1.3,0.98,2.8
2009-10-27,11.0,9.4,12.9,3836,0.0,1.13,1.8
2009-10-28,10.2,8.8,11.6,3176,3.5,1.09,1.2
2009-10-29,7.9,2.6,10.3,3117,0.2,0.73,1.4
2009-10-30,3.7,0.3,8.9,7048,0.0,0.62,2.1
2009-10-31,1.7,-1.0,6.7,8024,0.0,0.56,2.0
2009-11-01,1.7,-2.2,6.6,7406,0.8,0.52,2.8
2009-11-02,4.4,1.9,6.4,2893,21.0,0.68,2.5
2009-11-03,4.3,3.4,4.7,2840,1.0,0.75,2.5
2009-11-04,4.0,1.4,6.6,2787,8.2,0.66,3.5
2009-11-05,7.4,5.1,10.7,4232,0.0,0.86,2.8
2009-11-06,7.5,3.5,12.0,4104,0.0,0.78,2.4
2009-11-07,4.9,1.7,10.7,6900,0.0,0.69,2.6
2009-11-08,3.9,0.5,6.5,2877,2.1,0.62,1.9
2009-11-09,5.2,4.6,6.0,2542,4.2,0.81,2.6
2009-11-10,5.9,4.2,7.4,2496,0.0,0.8,1.8
2009-11-11,4.4,1.0,6.4,2451,0.2,0.64,1.7
2009-11-12,7.0,5.6,10.0,4168,0.0,0.88,2.0
2009-11-13,8.2,5.3,10.7,2583,0.9,0.87,2.6
2009-11-14,11.4,8.8,14.0,3506,0.7,1.11,3.0
2009-11-15,10.4,8.1,14.0,4941,0.7,1.06,2.6
2009-11-16,8.2,5.2,11.0,2507,0.4,0.87,2.2
2009-11-17,10.4,8.1,12.8,2206,2.9,1.05,2.6
2009-11-18,9.4,6.1,12.1,4020,0.2,0.92,4.6
2009-11-19,10.8,5.8,13.5,3862,0.0,0.91,3.4
2009-11-20,9.5,4.8,14.7,5117,0.0,0.86,2.8
2009-11-21,11.3,7.6,14.7,3161,0.0,1.02,2.0
2009-11-22,10.7,8.0,14.0,2034,0.0,1.04,3.4
2009-11-23,9.7,7.7,11.8,2295,4.5,1.02,5.7
2009-11-24,10.2,8.7,11.7,2069,1.7,1.09,4.9
2009-11-25,12.1,10.3,14.3,3139,0.0,1.21,4.1
2009-11-26,9.3,5.8,11.6,3905,0.0,0.9,4.4
2009-11-27,7.9,5.6,10.6,1937,0.7,0.89,4.3
2009-11-28,7.6,5.3,9.8,3306,0.8,0.86,4.1
2009-11-29,9.0,4.4,11.8,2716,0.5,0.82,3.1
2009-11-30,4.8,2.3,6.8,1817,9.3,0.7,1.8
2009-12-01,5.3,0.2,6.4,1795,5.4,0.61,2.1
2009-12-02,0.5,-0.4,2.3,1774,0.0,0.57,2.1
2009-12-03,2.4,0.2,4.9,2960,0.0,0.6,3.0
2009-12-04,0.6,-0.4,1.9,1736,0.1,0.57,2.1
2009-12-05,2.0,-0.9,3.7,2775,3.3,0.55,2.9
2009-12-06,5.7,2.2,8.4,1702,6.4,0.7,2.9
2009-12-07,5.8,0.6,9.2,3993,0.0,0.63,2.3
2009-12-08,4.1,0.9,6.0,1672,1.9,0.63,2.7
2009-12-09,4.9,1.7,6.0,1659,0.1,0.67,1.9
2009-12-10,3.2,0.8,5.1,1647,16.8,0.63,2.8
2009-12-11,3.1,1.5,4.8,2703,0.0,0.65,3.0
2009-12-12,1.1,-1.2,2.7,1627,2.4,0.54,2.5
2009-12-13,-2.2,-3.7,-1.0,2888,0.0,0.45,2.4
2009-12-14,-0.9,-2.4,0.3,1948,0.0,0.49,2.2
2009-12-15,-0.1,-0.9,0.8,1604,0.0,0.55,2.1
2009-12-16,-2.4,-5.4,-0.6,1599,0.6,0.4,1.9
2009-12-17,-3.6,-6.0,-1.9,1594,0.5,0.38,1.9
2009-12-18,-10.5,-13.3,-5.3,1926,0.3,0.22,2.5
2009-12-19,-12.9,-14.7,-10.7,2803,0.0,0.19,1.8
2009-12-20,-11.8,-15.4,-6.9,3638,1.7,0.18,3.2
2009-12-21,-3.3,-7.1,-0.2,1630,2.4,0.35,2.7
2009-12-22,-0.4,-4.4,3.8,1590,8.6,0.43,3.1
2009-12-23,0.3,-1.3,2.0,2346,0.4,0.54,2.2
2009-12-24,0.2,-0.8,1.1,1596,4.0,0.55,2.4
2009-12-25,3.1,0.7,6.0,1684,1.0,0.62,4.4
2009-12-26,3.5,0.1,6.5,2449,0.0,0.6,3.8
2009-12-27,0.8,-1.2,3.0,2373,1.3,0.54,3.0
2009-12-28,1.6,-0.2,3.3,1620,2.0,0.58,2.7
2009-12-29,-0.8,-1.9,0.4,1629,2.3,0.51,2.2
2009-12-30,-1.0,-1.6,0.0,1639,10.0,0.52,3.0
2009-12-31,-1.3,-2.3,-0.6,1651,3.9,0.5,2.7
2010-01-01,-2.0,-2.9,-1.1,1663,2.6,0.48,2.4
2010-01-02,-2.6,-4.6,-1.0,1676,2.0,0.42,2.5
2010-01-03,-4.5,-6.9,-3.2,2302,0.0,0.35,2.0
2010-01-04,-6.5,-8.1,-5.4,1707,0.0,0.32,2.0
2010-01-05,-7.2,-10.8,-4.9,3005,0.0,0.26,2.1
2010-01-06,-7.6,-10.7,-6.2,1741,0.1,0.26,1.4
2010-01-07,-6.9,-8.9,-4.6,1760,0.4,0.3,1.4
2010-01-08,-7.3,-12.4,-3.4,1780,1.1,0.24,3.0
2010-01-09,-2.8,-3.6,-2.2,1802,6.5,0.45,4.5
2010-01-10,-3.7,-5.2,-2.8,1824,3.0,0.4,3.2
2010-01-11,-4.4,-6.6,-3.0,1848,0.0,0.36,2.1
2010-01-12,-4.0,-5.8,-2.9,1873,0.0,0.38,2.0
2010-01-13,-2.9,-4.5,-2.0,1898,0.0,0.42,3.3
2010-01-14,-2.4,-4.2,-1.6,1925,0.0,0.43,2.7
2010-01-15,-3.1,-4.8,-2.0,1954,0.0,0.41,1.9
2010-01-16,-2.7,-4.0,-1.9,1983,0.0,0.43,3.2
2010-01-17,-1.9,-4.7,0.9,2013,3.0,0.42,3.0
2010-01-18,0.0,-0.5,0.4,2045,0.8,0.57,2.0
2010-01-19,0.7,-0.2,1.7,2078,1.2,0.58,1.6
2010-01-20,-2.8,-7.1,0.1,2112,0.0,0.36,2.3
2010-01-21,-7.4,-10.3,-5.9,2147,0.0,0.27,2.1
2010-01-22,-7.7,-10.9,-6.1,2183,0.0,0.26,2.3
2010-01-23,-10.5,-14.3,-9.0,3580,0.0,0.2,2.6
2010-01-24,-12.2,-15.6,-9.1,2259,0.0,0.18,2.7
2010-01-25,-10.7,-13.0,-7.3,4921,0.0,0.22,2.2
2010-01-26,-12.8,-16.8,-8.6,6400,0.0,0.16,1.9
2010-01-27,-10.2,-17.0,-1.8,2491,3.2,0.18,2.9
2010-01-28,0.1,-2.1,2.4,2591,1.6,0.51,4.7
2010-01-29,0.0,-1.2,1.4,2525,4.7,0.54,3.6
2010-01-30,-2.9,-7.8,0.2,2799,0.1,0.34,3.4
2010-01-31,-4.7,-9.7,-1.1,5204,0.3,0.29,2.9
2010-02-01,-1.0,-3.4,1.5,4644,0.9,0.46,3.4
2010-02-02,-1.7,-7.0,0.9,2776,4.9,0.36,4.7
2010-02-03,0.8,-1.5,2.7,5032,0.1,0.53,4.0
2010-02-04,-0.2,-3.0,1.6,2759,2.3,0.48,2.1
2010-02-05,0.2,-2.5,2.9,6108,0.0,0.49,2.7
2010-02-06,-1.1,-6.3,0.9,2864,0.0,0.38,2.1
2010-02-07,-4.6,-6.7,-2.8,2918,0.0,0.36,2.0
2010-02-08,-4.3,-5.6,-2.7,2974,0.0,0.39,2.3
2010-02-09,-4.7,-6.1,-3.0,3800,0.0,0.37,2.1
2010-02-10,-5.4,-6.5,-3.8,3088,0.5,0.36,2.3
2010-02-11,-3.3,-5.1,-1.7,3146,5.0,0.4,3.4
2010-02-12,-1.1,-2.9,0.6,3206,1.7,0.48,2.9
2010-02-13,-2.8,-3.7,-1.5,3266,0.3,0.45,2.0
2010-02-14,-2.9,-4.6,-0.7,4691,0.0,0.42,1.1
2010-02-15,-2.8,-4.4,-0.2,4770,0.0,0.43,1.5
2010-02-16,-1.9,-3.7,0.5,3524,0.0,0.45,2.1
2010-02-17,-3.3,-7.8,1.0,9451,0.0,0.34,2.3
2010-02-18,1.0,-3.2,4.8,3941,0.0,0.48,2.2
2010-02-19,2.3,-1.7,6.2,3722,0.5,0.54,2.4
2010-02-20,1.6,-1.8,5.3,8252,0.0,0.53,3.4
2010-02-21,-0.4,-3.4,2.6,5339,0.2,0.47,2.5
2010-02-22,1.8,-2.6,6.9,5950,3.9,0.51,2.7
2010-02-23,2.7,0.0,5.5,3923,0.5,0.6,2.9
2010-02-24,0.4,-1.1,1.5,3994,1.2,0.54,2.5
2010-02-25,5.2,0.0,10.6,9718,0.0,0.61,3.1
2010-02-26,5.7,3.2,8.7,4215,0.0,0.75,3.6
2010-02-27,5.2,1.9,8.8,6506,0.0,0.69,3.6
2010-02-28,6.1,1.6,11.6,5164,2.9,0.69,4.6
2010-03-01,4.3,1.1,6.2,5490,0.2,0.64,5.0
2010-03-02,2.2,0.1,5.9,6395,0.1,0.6,2.8
2010-03-03,1.1,-2.0,4.0,5995,0.4,0.52,2.8
2010-03-04,-1.3,-4.3,2.9,8341,0.2,0.44,2.8
2010-03-05,-2.1,-4.5,0.4,9722,0.0,0.43,2.8
2010-03-06,-2.0,-4.6,0.7,9169,0.0,0.42,3.7
2010-03-07,-1.7,-7.3,3.0,10583,0.0,0.36,2.6
2010-03-08,-0.8,-4.5,2.7,7502,0.0,0.43,2.0
2010-03-09,-1.4,-6.4,3.3,13575,0.0,0.38,2.7
2010-03-10,-0.5,-5.6,5.6,12586,0.0,0.41,3.2
2010-03-11,-2.7,-4.6,-1.2,5133,0.5,0.42,2.3
2010-03-12,1.8,-1.9,4.8,5213,2.5,0.52,2.7
2010-03-13,3.4,1.7,5.5,5749,2.6,0.67,3.9
2010-03-14,3.4,-1.0,6.8,5466,9.7,0.56,4.6
2010-03-15,0.6,-2.4,4.2,7497,2.8,0.5,3.7
2010-03-16,1.9,0.0,3.9,5911,0.1,0.59,3.0
2010-03-17,5.3,0.3,10.1,5808,0.0,0.62,2.5
2010-03-18,9.6,3.0,16.4,14751,0.0,0.79,2.2
2010-03-19,11.6,5.9,16.4,7224,0.1,0.94,2.9
2010-03-20,12.4,10.0,16.2,6253,2.4,1.2,3.2
2010-03-21,10.3,4.1,13.6,6241,2.8,0.82,3.4
2010-03-22,8.3,3.0,14.0,16859,0.0,0.77,1.7
2010-03-23,9.8,5.0,14.7,13158,0.0,0.88,2.1
2010-03-24,9.8,2.7,16.8,12395,0.0,0.78,2.3
2010-03-25,13.0,4.2,21.5,17260,0.0,0.9,2.2
2010-03-26,15.5,6.4,23.7,13467,7.7,1.05,2.9
2010-03-27,7.5,4.9,12.0,7058,3.0,0.85,3.4
2010-03-28,7.6,4.8,12.5,8278,2.9,0.84,3.5
2010-03-29,7.6,3.3,10.3,6817,1.0,0.76,2.5
2010-03-30,9.8,2.8,17.9,10765,0.1,0.8,3.0
2010-03-31,9.7,4.2,12.4,8352,0.0,0.82,3.7
2010-04-01,6.5,1.7,11.0,16275,0.0,0.69,3.6
2010-04-02,6.4,-0.4,12.4,18122,0.0,0.62,2.4
2010-04-03,7.6,-0.4,14.8,14738,0.1,0.64,2.8
2010-04-04,10.1,5.5,14.8,9152,0.3,0.91,3.0
2010-04-05,6.8,4.2,8.9,8160,0.7,0.8,2.7
2010-04-06,8.2,3.0,13.0,11521,0.0,0.77,2.1
2010-04-07,9.3,1.1,17.0,21177,0.0,0.71,2.5
2010-04-08,11.4,2.5,20.2,18465,0.0,0.81,2.1
2010-04-09,8.5,2.9,12.3,11058,0.0,0.75,2.6
2010-04-10,7.8,3.4,13.3,13165,1.6,0.78,2.7
2010-04-11,6.0,3.6,8.8,8000,0.3,0.77,3.0
2010-04-12,9.0,3.4,16.0,14960,0.1,0.81,3.0
2010-04-13,8.8,1.8,15.4,14734,0.2,0.72,2.3
2010-04-14,7.4,3.0,12.2,12339,0.8,0.75,2.6
2010-04-15,8.4,4.9,12.3,7974,0.9,0.85,2.2
2010-04-16,7.7,1.8,13.7,14374,0.0,0.71,2.9
2010-04-17,8.4,0.7,16.7,23025,0.0,0.69,2.4
2010-04-18,13.2,4.2,21.1,23630,0.0,0.9,1.9
2010-04-19,9.5,3.0,14.5,20625,0.0,0.77,2.1
2010-04-20,8.7,1.4,17.0,20633,0.9,0.72,2.9
2010-04-21,5.6,1.4,9.5,15117,0.8,0.67,3.6
2010-04-22,6.2,2.4,10.8,14862,0.0,0.72,2.4
2010-04-23,7.8,0.2,13.9,23954,0.0,0.65,2.0
2010-04-24,10.8,2.5,17.4,18735,0.0,0.77,1.7
2010-04-25,14.1,5.0,22.6,24088,0.0,0.96,2.3
2010-04-26,11.9,7.0,18.2,15117,6.2,1.02,2.6
2010-04-27,11.6,7.3,15.6,11725,0.0,1.01,2.3
2010-04-28,14.1,5.7,20.9,23004,0.0,0.97,1.6
2010-04-29,18.3,9.3,25.4,18765,0.0,1.26,2.1
2010-04-30,18.3,11.7,24.6,16073,0.0,1.41,3.3
2010-05-01,13.5,8.2,18.1,12026,0.1,1.09,2.3
2010-05-02,11.8,7.2,16.2,10270,11.0,1.01,1.8
2010-05-03,9.2,7.1,11.2,9235,6.3,0.97,2.1
2010-05-04,7.9,2.5,10.7,9297,0.0,0.73,3.0
2010-05-05,8.0,0.4,14.8,25455,1.6,0.66,3.3
2010-05-06,7.1,6.3,8.1,9418,11.9,0.92,3.4
2010-05-07,9.3,6.9,12.7,9724,0.0,0.97,2.4
2010-05-08,10.3,6.9,14.1,12134,0.0,0.98,1.5
2010-05-09,12.2,7.5,17.2,13932,0.5,1.03,1.4
2010-05-10,9.2,6.4,11.4,10269,0.4,0.94,1.8
2010-05-11,9.4,6.1,11.7,9702,1.1,0.92,2.3
2010-05-12,12.8,6.8,18.0,11877,0.0,1.01,2.7
2010-05-13,9.1,6.3,11.1,9808,0.0,0.92,2.0
2010-05-14,9.2,7.3,10.7,9859,9.7,0.99,1.9
2010-05-15,6.9,4.9,7.6,9909,7.6,0.83,2.9
2010-05-16,11.2,6.5,16.4,19508,0.0,0.98,3.6
2010-05-17,11.9,4.7,17.3,20577,0.0,0.88,2.7
2010-05-18,10.4,7.6,13.4,10934,7.4,1.02,3.3
2010-05-19,11.1,7.6,14.1,10097,2.9,1.02,3.2
2010-05-20,14.2,11.6,18.3,11784,0.0,1.34,2.3
2010-05-21,15.4,9.7,22.1,19928,0.0,1.24,2.1
2010-05-22,15.3,10.3,20.2,21248,0.1,1.25,2.0
2010-05-23,17.3,13.8,22.5,15467,0.3,1.57,2.3
2010-05-24,15.3,10.2,19.7,15511,6.2,1.24,2.8
2010-05-25,12.1,6.1,16.5,20257,0.0,0.94,3.0
2010-05-26,11.2,4.5,16.2,22594,2.6,0.86,2.0
2010-05-27,11.8,9.0,16.2,11433,0.1,1.12,1.9
2010-05-28,12.9,8.6,17.5,13634,0.4,1.11,2.1
2010-05-29,14.0,6.7,20.2,25916,0.3,1.02,1.8
2010-05-30,14.3,10.8,18.8,14469,4.5,1.28,3.0
2010-05-31,10.8,9.1,12.4,10541,10.3,1.12,3.3
2010-06-01,9.8,8.1,10.8,10569,1.2,1.05,2.7
2010-06-02,12.2,8.8,15.9,10596,0.0,1.12,2.9
2010-06-03,17.2,9.6,24.5,30075,0.0,1.26,2.8
2010-06-04,15.9,8.7,22.1,30622,0.0,1.17,1.9
2010-06-05,19.1,9.9,26.5,30013,0.0,1.31,1.4
2010-06-06,21.9,13.4,28.6,26070,1.2,1.61,1.7
2010-06-07,18.3,12.1,22.3,16095,0.6,1.42,3.0
2010-06-08,19.0,10.4,26.0,26633,0.0,1.34,1.9
2010-06-09,22.9,16.0,28.4,21394,0.0,1.85,1.8
2010-06-10,24.5,18.2,30.0,23595,0.0,2.12,1.9
2010-06-11,23.6,16.9,28.9,25666,0.1,1.95,3.0
2010-06-12,15.3,11.0,18.2,11430,1.1,1.29,2.8
2010-06-13,13.0,8.8,17.0,12468,0.0,1.12,2.2
2010-06-14,15.5,9.7,21.0,20185,0.0,1.22,1.6
2010-06-15,15.5,9.1,20.7,19038,0.0,1.17,2.7
2010-06-16,16.2,8.0,23.2,31120,0.0,1.14,3.1
2010-06-17,18.5,10.5,25.5,31127,0.0,1.34,2.4
2010-06-18,17.2,10.4,24.9,26763,0.0,1.32,3.0
2010-06-19,13.0,9.0,17.2,14433,0.0,1.14,2.9
2010-06-20,13.3,7.9,18.6,21884,0.0,1.07,2.2
2010-06-21,13.5,8.7,18.4,14947,0.7,1.12,1.9
2010-06-22,15.6,7.8,22.0,24833,0.0,1.11,1.6
2010-06-23,17.0,10.3,22.5,18792,0.0,1.27,1.4
2010-06-24,20.0,11.8,26.5,27388,0.0,1.45,1.4
2010-06-25,21.2,14.5,27.0,25709,0.0,1.7,1.8
2010-06-26,19.5,13.3,24.8,27109,0.0,1.54,1.8
2010-06-27,19.6,11.8,27.4,30816,0.0,1.46,1.6
2010-06-28,22.4,13.3,29.9,30927,0.0,1.64,1.5
2010-06-29,24.5,15.2,32.5,29114,0.0,1.85,1.5
2010-06-30,22.4,17.0,28.1,25889,0.0,1.95,1.8
2010-07-01,22.5,16.3,28.2,20872,0.0,1.87,1.5
2010-07-02,25.1,17.5,32.2,26485,0.0,2.08,1.6
2010-07-03,26.3,18.4,33.2,29531,0.0,2.2,1.9
2010-07-04,25.0,17.8,32.0,23235,1.9,2.11,2.0
2010-07-05,24.3,17.6,30.0,24358,2.3,2.06,2.1
2010-07-06,18.6,13.6,22.9,17172,0.0,1.54,2.6
2010-07-07,18.2,11.0,24.4,28126,0.0,1.35,1.6
2010-07-08,23.1,13.7,30.8,28855,0.0,1.68,1.6
2010-07-09,26.7,17.4,34.5,29708,0.0,2.13,1.6
2010-07-10,28.8,19.2,37.4,27373,0.0,2.38,1.6
2010-07-11,29.0,21.0,37.9,26694,0.0,2.63,1.9
2010-07-12,29.2,21.0,37.6,26395,1.0,2.65,2.2
2010-07-13,23.4,18.5,28.6,21012,0.1,2.12,1.9
2010-07-14,26.5,18.0,34.1,26682,0.0,2.19,2.3
2010-07-15,24.8,18.7,29.9,23080,0.0,2.17,2.8
2010-07-16,26.7,17.5,34.7,28100,1.0,2.15,2.0
2010-07-17,23.0,17.7,28.9,17791,4.9,2.04,2.3
2010-07-18,19.1,14.3,25.0,17492,0.0,1.63,1.9
2010-07-19,20.6,13.6,27.8,26408,0.0,1.61,1.7
2010-07-20,22.4,14.3,30.0,27861,0.0,1.73,1.9
2010-07-21,25.9,17.1,33.3,27669,0.0,2.05,2.0
2010-07-22,24.7,18.4,30.6,18798,29.7,2.15,2.0
2010-07-23,18.0,14.5,21.0,10704,4.5,1.61,1.8
2010-07-24,18.0,14.1,19.9,10031,0.2,1.57,3.4
2010-07-25,17.6,12.7,23.0,21001,0.0,1.48,2.6
2010-07-26,18.6,12.3,24.3,18560,0.0,1.45,1.6
2010-07-27,20.6,13.7,26.7,21241,0.0,1.6,1.7
2010-07-28,18.6,13.5,25.4,18306,2.7,1.58,2.4
2010-07-29,17.5,11.3,23.4,22590,0.0,1.37,2.5
2010-07-30,17.8,12.1,23.9,21768,0.0,1.44,2.3
2010-07-31,20.2,12.3,26.9,17728,0.0,1.49,2.0
2010-08-01,23.8,18.3,30.2,18274,0.0,2.14,1.9
2010-08-02,21.5,17.4,27.5,14008,4.9,1.98,1.5
2010-08-03,17.0,13.9,19.8,9513,5.0,1.56,2.0
2010-08-04,18.2,12.4,23.4,20991,0.0,1.45,2.0
2010-08-05,20.2,13.3,26.8,17844,0.0,1.57,1.9
2010-08-06,18.9,14.7,25.7,12023,8.4,1.69,2.2
2010-08-07,19.9,16.0,26.4,12199,0.0,1.81,1.9
2010-08-08,20.5,16.2,25.9,13709,0.0,1.84,1.7
2010-08-09,19.5,14.1,25.0,17994,0.2,1.62,1.6
2010-08-10,20.9,15.3,27.0,19475,0.0,1.75,1.7
2010-08-11,20.6,15.2,25.4,10830,0.0,1.74,1.9
2010-08-12,18.7,15.4,22.9,12440,17.0,1.73,1.5
2010-08-13,19.8,16.4,24.2,14995,5.1,1.83,1.5
2010-08-14,16.6,14.6,17.7,8825,8.9,1.6,2.1
2010-08-15,19.5,15.8,25.7,10778,6.9,1.78,2.7
2010-08-16,18.6,15.1,23.5,16744,3.3,1.71,2.5
2010-08-17,16.7,14.3,19.9,12987,6.3,1.58,3.0
2010-08-18,16.9,13.2,22.2,13606,0.3,1.51,3.1
2010-08-19,17.5,12.9,22.5,20311,0.0,1.47,2.6
2010-08-20,19.5,12.8,26.0,21244,0.0,1.52,1.7
2010-08-21,23.3,15.4,30.1,22166,0.0,1.84,2.0
2010-08-22,23.4,18.2,30.1,18447,3.1,2.13,2.1
2010-08-23,20.0,17.1,23.2,10493,5.8,1.89,2.8
2010-08-24,19.1,14.7,22.9,18901,0.0,1.65,4.0
2010-08-25,16.7,13.4,20.3,15693,0.7,1.51,3.2
2010-08-26,15.3,12.7,17.2,7963,13.0,1.42,2.2
2010-08-27,16.6,13.8,18.7,7887,1.7,1.53,3.1
2010-08-28,13.5,10.5,17.6,12316,2.3,1.25,2.9
2010-08-29,12.4,9.8,16.7,8629,10.6,1.18,3.1
2010-08-30,12.3,9.4,16.4,10555,0.6,1.16,3.3
2010-08-31,14.3,9.6,19.4,18227,0.3,1.19,2.7
2010-09-01,13.7,9.5,19.3,11471,0.2,1.18,2.0
2010-09-02,13.1,9.2,17.9,8517,1.6,1.16,1.8
2010-09-03,12.7,7.6,18.5,14980,0.0,1.06,1.4
2010-09-04,12.1,7.8,18.9,10516,2.6,1.07,1.6
2010-09-05,12.5,7.6,18.8,17861,0.0,1.06,2.0
2010-09-06,12.0,7.0,19.0,18576,0.0,1.02,2.6
2010-09-07,12.9,7.7,18.7,12456,0.3,1.06,3.1
2010-09-08,14.7,10.3,19.8,11706,1.5,1.25,3.3
2010-09-09,14.2,12.4,16.1,6858,5.9,1.39,2.2
2010-09-10,15.5,12.0,21.1,11169,0.6,1.39,2.0
2010-09-11,16.4,10.5,22.6,16460,0.0,1.3,1.8
2010-09-12,17.8,11.4,24.3,15900,0.4,1.38,1.6
2010-09-13,15.0,10.8,19.2,9709,3.4,1.28,2.3
2010-09-14,13.1,10.4,15.0,6450,15.4,1.22,3.4
2010-09-15,14.1,11.2,17.5,13541,4.2,1.3,4.1
2010-09-16,12.9,8.5,16.8,12304,0.3,1.1,3.6
2010-09-17,12.0,9.7,15.1,9788,3.9,1.17,3.2
2010-09-18,11.3,8.0,14.7,12446,0.1,1.06,2.6
2010-09-19,11.5,7.1,16.8,13492,0.0,1.01,2.4
2010-09-20,14.2,10.8,17.9,6737,0.0,1.27,2.5
2010-09-21,14.4,9.9,18.2,12053,0.0,1.21,1.8
2010-09-22,13.9,7.8,20.8,16229,0.0,1.09,1.5
2010-09-23,15.9,9.0,23.8,15777,0.0,1.21,1.7
2010-09-24,17.8,12.3,24.8,14012,0.0,1.46,2.0
2010-09-25,12.7,9.4,15.7,5552,19.6,1.16,2.2
2010-09-26,10.4,9.4,11.0,5472,37.9,1.13,2.2
2010-09-27,12.7,9.9,14.8,5391,18.0,1.19,3.0
2010-09-28,10.7,8.7,12.1,5311,0.6,1.09,2.5
2010-09-29,9.5,6.3,13.8,6493,0.1,0.94,1.7
2010-09-30,8.2,4.5,11.8,7830,0.0,0.82,1.7
2010-10-01,7.5,2.2,13.9,14359,0.0,0.74,2.1
2010-10-02,8.7,3.8,13.4,5608,0.0,0.81,2.6
2010-10-03,11.9,6.8,18.5,12985,0.0,1.01,3.1
2010-10-04,12.6,7.7,17.9,12056,0.0,1.05,3.0
2010-10-05,13.7,11.1,16.9,5527,0.0,1.28,2.3
2010-10-06,14.4,11.0,19.1,11003,0.0,1.3,2.4
2010-10-07,13.8,10.8,17.1,5776,0.0,1.27,1.9
2010-10-08,11.8,7.9,16.5,9238,0.0,1.06,2.5
2010-10-09,9.4,4.6,16.1,10177,0.0,0.87,2.6
2010-10-10,8.0,2.8,15.7,12792,0.0,0.77,2.4
2010-10-11,5.6,1.1,9.9,5670,0.0,0.66,2.1
2010-10-12,5.7,3.0,9.1,6690,0.0,0.74,1.4
2010-10-13,7.2,2.4,13.3,11368,0.0,0.73,1.5
2010-10-14,7.1,1.2,11.3,6494,0.0,0.67,1.9
2010-10-15,8.8,5.5,10.9,4175,5.8,0.88,1.6
2010-10-16,6.8,5.0,8.8,3951,6.0,0.84,2.6
2010-10-17,6.1,1.8,11.4,8078,0.0,0.69,2.2
2010-10-18,4.7,0.0,10.4,10999,0.1,0.62,1.9
2010-10-19,5.2,1.6,7.8,3746,3.1,0.67,3.2
2010-10-20,6.4,3.9,9.0,4548,4.6,0.78,3.6
2010-10-21,4.8,1.5,7.1,4042,1.0,0.66,3.7
2010-10-22,6.4,3.3,8.9,3548,0.1,0.76,2.9
2010-10-23,6.4,1.3,11.4,8448,0.1,0.68,3.2
2010-10-24,8.4,3.8,11.5,4387,0.4,0.79,3.8
2010-10-25,5.0,1.5,9.3,7182,0.0,0.68,2.6
2010-10-26,5.0,1.9,9.2,6940,0.0,0.69,2.0
2010-10-27,6.6,1.6,10.2,4036,0.1,0.69,2.7
2010-10-28,8.9,6.8,12.1,4560,0.0,0.96,2.7
2010-10-29,9.0,5.2,13.7,8456,0.0,0.88,2.4
2010-10-30,10.3,6.3,16.3,6083,0.0,0.95,2.4
2010-10-31,7.8,4.5,12.2,3893,0.0,0.83,1.7
2010-11-01,7.3,4.8,10.9,2948,0.0,0.84,1.4
2010-11-02,8.1,6.5,9.8,2893,0.0,0.94,2.4
2010-11-03,11.1,7.9,14.4,3024,10.5,1.04,4.0
2010-11-04,13.1,8.6,16.0,2787,2.8,1.1,4.5
2010-11-05,13.7,10.1,16.3,2736,10.1,1.2,4.6
2010-11-06,8.1,3.7,10.3,2863,2.6,0.78,3.2
2010-11-07,3.7,1.9,5.9,2812,2.7,0.68,1.7
2010-11-08,3.1,2.4,3.6,2589,1.1,0.7,2.2
2010-11-09,3.3,1.6,5.4,2542,0.0,0.66,2.0
2010-11-10,5.3,-0.3,10.1,4130,3.8,0.61,2.1
2010-11-11,5.8,3.7,8.3,3899,6.5,0.78,4.3
2010-11-12,8.9,5.6,12.1,2848,3.8,0.89,6.1
2010-11-13,10.1,8.3,11.6,2365,4.7,1.06,4.4
2010-11-14,13.3,10.3,18.0,4582,0.0,1.23,2.9
2010-11-15,10.6,7.1,13.4,2815,5.0,0.98,2.4
2010-11-16,5.7,4.1,7.3,2244,16.2,0.79,2.3
2010-11-17,4.1,3.6,4.6,2206,2.0,0.76,2.4
2010-11-18,5.8,4.4,6.5,2170,7.7,0.8,1.8
2010-11-19,5.6,3.5,6.6,2286,0.0,0.76,1.8
2010-11-20,6.2,3.3,8.4,2099,0.0,0.75,1.5
2010-11-21,3.6,1.9,5.7,2862,0.9,0.68,2.3
2010-11-22,4.4,3.5,5.1,2034,7.9,0.76,3.1
2010-11-23,3.3,1.1,4.9,2003,3.3,0.64,3.8
2010-11-24,0.9,-1.0,1.9,1973,0.7,0.55,3.3
2010-11-25,-0.3,-3.2,1.3,3091,0.6,0.47,1.8
2010-11-26,-0.6,-3.5,0.7,1916,0.5,0.46,1.8
2010-11-27,-2.5,-4.8,-0.7,2077,0.0,0.41,1.4
2010-11-28,-2.6,-5.0,-0.2,2655,0.0,0.41,1.9
2010-11-29,-1.1,-2.2,-0.6,1840,0.0,0.5,3.1
2010-11-30,-3.9,-6.3,-1.9,4194,0.0,0.37,2.9
2010-12-01,-9.0,-10.8,-6.4,2022,6.0,0.26,4.4
2010-12-02,-10.0,-14.6,-7.9,1774,1.8,0.19,2.4
2010-12-03,-8.4,-14.4,-4.6,1843,0.0,0.2,1.8
2010-12-04,-7.0,-11.3,-3.6,3820,0.3,0.25,3.0
2010-12-05,-1.4,-6.6,0.8,1718,0.3,0.37,3.5
2010-12-06,-0.2,-3.9,1.6,1702,0.0,0.45,1.7
2010-12-07,-3.3,-5.9,-1.0,1686,0.3,0.38,1.6
2010-12-08,-2.4,-3.6,-1.7,1672,9.4,0.45,2.0
2010-12-09,-1.8,-4.7,0.4,1659,1.0,0.42,4.2
2010-12-10,-2.5,-4.4,0.3,1647,5.9,0.43,3.4
2010-12-11,3.0,-0.2,4.9,1636,4.1,0.59,5.3
2010-12-12,0.2,-3.8,3.2,1627,1.0,0.46,4.0
2010-12-13,-3.8,-6.4,-1.7,1703,0.5,0.37,2.6
2010-12-14,-2.4,-4.6,-0.4,1695,5.4,0.42,2.9
2010-12-15,-3.9,-8.1,-1.6,1604,0.6,0.32,3.0
2010-12-16,-5.0,-8.0,-3.2,1851,3.2,0.32,3.4
2010-12-17,-4.0,-6.2,-3.0,1594,3.2,0.37,2.1
2010-12-18,-8.0,-10.7,-4.9,4816,0.0,0.26,1.8
2010-12-19,-10.2,-14.4,-5.1,1840,8.8,0.2,2.4
2010-12-20,-6.0,-10.2,-3.9,1588,0.4,0.27,2.7
2010-12-21,-8.1,-13.5,-4.8,1589,0.2,0.22,1.6
2010-12-22,-3.7,-5.9,-1.1,1590,1.4,0.38,2.1
2010-12-23,-0.1,-1.5,0.6,1592,0.3,0.53,2.8
2010-12-24,-0.8,-3.6,0.0,1596,9.8,0.45,3.9
2010-12-25,-5.4,-8.1,-3.1,1600,1.2,0.32,3.1
2010-12-26,-7.7,-10.4,-5.2,1606,1.5,0.27,2.0
2010-12-27,-3.8,-5.7,-1.6,1697,5.1,0.39,2.0
2010-12-28,-6.8,-8.6,-3.8,1620,0.0,0.31,1.9
2010-12-29,-9.3,-12.3,-7.1,1629,0.0,0.23,1.6
2010-12-30,-9.7,-13.8,-3.8,1639,0.6,0.21,1.5
2010-12-31,0.2,-4.2,1.2,1651,0.1,0.43,2.3
2011-01-01,2.3,0.8,3.5,1749,0.0,0.62,3.4
2011-01-02,0.1,-2.6,1.6,1720,0.0,0.49,2.6
2011-01-03,-2.1,-4.4,0.0,1865,1.4,0.43,1.9
2011-01-04,-2.1,-6.3,0.2,1707,0.0,0.38,2.1
2011-01-05,-6.2,-9.0,-2.8,4286,0.0,0.3,2.8
2011-01-06,0.2,-7.0,4.1,1741,6.5,0.37,3.5
2011-01-07,3.8,2.3,6.7,2029,0.6,0.7,2.5
2011-01-08,6.4,3.9,8.7,3000,0.1,0.78,3.2
2011-01-09,5.1,1.1,8.2,1802,0.5,0.65,2.6
2011-01-10,1.0,-2.8,4.7,5083,0.0,0.49,1.9
2011-01-11,0.2,-3.8,3.3,1848,0.7,0.45,2.7
2011-01-12,3.5,2.6,4.8,2480,4.0,0.71,3.4
2011-01-13,5.0,2.8,9.1,1898,7.0,0.73,3.2
2011-01-14,9.4,8.5,10.3,1925,5.9,1.06,3.6
2011-01-15,8.0,6.7,9.5,2866,0.7,0.94,3.7
2011-01-16,7.7,4.8,10.1,2808,0.0,0.84,2.7
2011-01-17,4.5,1.7,9.7,5493,0.0,0.68,2.1
2011-01-18,5.2,2.7,7.2,2045,2.6,0.72,2.2
2011-01-19,2.7,1.3,5.0,2378,0.3,0.65,2.2
2011-01-20,1.1,-0.8,2.0,2112,0.4,0.55,2.1
2011-01-21,-0.5,-1.0,-0.2,2147,0.4,0.54,2.1
2011-01-22,-0.5,-3.7,1.8,4458,0.0,0.45,1.8
2011-01-23,0.6,0.0,1.3,2221,1.8,0.58,1.8
2011-01-24,0.9,-0.2,2.8,2259,0.7,0.58,2.3
2011-01-25,2.1,0.5,4.0,2299,2.9,0.61,3.6
2011-01-26,0.5,-1.9,1.6,2340,1.4,0.51,2.3
2011-01-27,-1.2,-3.4,0.3,2546,0.1,0.46,2.6
2011-01-28,-2.0,-4.7,1.7,4032,0.0,0.42,2.5
2011-01-29,-2.8,-6.3,1.5,7012,0.0,0.38,1.7
2011-01-30,-3.2,-6.1,-0.3,2855,0.1,0.38,1.6
2011-01-31,-5.9,-8.0,-4.1,2561,0.0,0.32,1.5
2011-02-01,-4.9,-6.8,-3.5,2609,0.3,0.35,2.4
2011-02-02,-0.6,-3.7,0.9,2658,0.0,0.45,3.0
2011-02-03,1.1,-1.0,3.6,2708,0.3,0.55,3.3
2011-02-04,4.1,0.0,8.6,2759,1.3,0.6,5.4
2011-02-05,9.2,7.9,10.4,2811,10.8,1.02,6.1
2011-02-06,8.8,7.7,10.2,2864,1.3,1.01,4.2
2011-02-07,7.3,5.2,8.7,4420,0.0,0.85,3.7
2011-02-08,5.6,1.0,8.5,6458,0.0,0.64,3.4
2011-02-09,0.9,-1.2,3.7,5531,0.0,0.54,1.7
2011-02-10,2.4,-1.9,6.2,4126,4.6,0.53,2.5
2011-02-11,4.2,0.2,6.3,4000,2.3,0.61,3.4
2011-02-12,-0.5,-2.3,1.7,8194,0.0,0.5,2.9
2011-02-13,-0.1,-1.1,0.8,3266,0.0,0.54,2.5
2011-02-14,-0.4,-1.7,1.0,3396,0.0,0.52,3.3
2011-02-15,-1.4,-3.6,1.7,6080,0.0,0.46,3.2
2011-02-16,-0.5,-2.4,3.4,5478,0.0,0.5,2.7
2011-02-17,-1.4,-2.9,-0.2,3518,0.0,0.48,2.5
2011-02-18,-1.9,-2.6,-0.8,3583,0.0,0.49,2.1
2011-02-19,-2.6,-3.5,-1.8,3650,0.0,0.45,2.6
2011-02-20,-4.3,-8.0,-1.6,8399,0.0,0.33,3.4
2011-02-21,-6.2,-9.9,-3.0,8447,0.0,0.28,2.8
2011-02-22,-8.5,-12.2,-3.1,10591,0.0,0.24,2.4
2011-02-23,-9.2,-13.4,-4.1,10738,0.0,0.22,2.2
2011-02-24,-5.8,-11.0,1.3,7057,0.0,0.28,2.3
2011-02-25,-4.8,-10.7,2.3,10802,0.0,0.28,2.1
2011-02-26,-2.3,-9.3,6.0,11654,0.0,0.33,2.7
2011-02-27,-0.1,-5.5,5.4,8564,0.0,0.41,2.6
2011-02-28,3.5,-1.6,10.5,11966,0.0,0.56,2.1
2011-03-01,0.6,-4.1,7.3,12528,0.0,0.46,2.7
2011-03-02,0.4,-5.1,7.4,12608,0.0,0.43,3.6
2011-03-03,0.8,-4.6,7.8,13018,0.0,0.45,2.6
2011-03-04,0.0,-6.1,6.6,13016,0.0,0.4,1.8
2011-03-05,-0.3,-4.0,4.7,5589,0.0,0.45,2.4
2011-03-06,0.2,-4.5,7.0,14026,0.0,0.45,2.4
2011-03-07,-0.6,-6.1,5.6,14283,0.0,0.4,2.7
2011-03-08,1.9,-6.2,10.0,14456,0.0,0.42,2.5
2011-03-09,6.6,-0.4,14.3,9977,0.0,0.63,3.5
2011-03-10,7.4,2.4,11.6,9395,1.5,0.72,4.3
2011-03-11,6.6,1.9,10.5,7280,0.0,0.7,3.6
2011-03-12,6.8,1.1,13.3,12167,0.0,0.68,2.1
2011-03-13,10.4,2.2,16.9,9942,1.1,0.75,1.7
2011-03-14,8.9,6.6,11.1,5374,1.5,0.94,1.3
2011-03-15,8.6,5.2,12.2,5827,0.0,0.86,3.2
2011-03-16,4.7,2.5,6.7,5537,1.7,0.71,3.9
2011-03-17,3.9,2.7,5.5,5619,10.4,0.72,3.0
2011-03-18,3.2,1.3,4.6,5701,0.1,0.65,3.1
2011-03-19,4.9,1.9,9.9,14525,0.0,0.69,2.3
2011-03-20,2.6,-0.9,7.3,10418,0.0,0.57,1.6
2011-03-21,6.3,0.0,12.9,16885,0.0,0.63,1.9
2011-03-22,9.0,2.4,15.4,16465,0.0,0.76,2.1
2011-03-23,7.6,3.0,13.3,16432,0.0,0.77,2.1
2011-03-24,9.1,1.5,16.8,14395,0.0,0.73,2.3
2011-03-25,8.0,4.7,10.7,6279,0.2,0.83,2.4
2011-03-26,4.6,-1.0,8.9,10117,0.6,0.57,2.2
2011-03-27,2.4,-2.0,8.8,11761,0.0,0.54,1.5
2011-03-28,4.3,-2.0,11.5,15486,0.0,0.56,2.1
2011-03-29,6.4,-1.8,14.7,19158,0.0,0.59,1.7
2011-03-30,10.1,1.5,17.0,16507,0.0,0.73,1.8
2011-03-31,11.7,6.9,15.9,7090,1.3,0.99,3.4
2011-04-01,13.7,9.9,18.5,12783,0.0,1.21,3.4
2011-04-02,15.6,10.7,21.7,13968,0.0,1.3,2.1
2011-04-03,16.2,8.5,24.5,17310,5.6,1.19,1.9
2011-04-04,10.0,7.1,15.2,10446,2.4,1.0,2.6
2011-04-05,10.3,4.3,14.9,14453,0.0,0.83,3.1
2011-04-06,12.2,9.6,14.3,7265,0.0,1.16,3.1
2011-04-07,13.7,5.9,21.0,13712,0.0,0.99,4.0
2011-04-08,9.6,4.6,16.0,10296,0.0,0.87,4.3
2011-04-09,9.5,4.5,15.1,18384,0.0,0.86,3.1
2011-04-10,10.8,2.3,18.5,21090,0.0,0.78,1.7
2011-04-11,14.3,7.5,21.0,17874,0.0,1.07,1.8
2011-04-12,9.0,5.1,12.3,10900,2.0,0.87,4.8
2011-04-13,5.5,4.2,6.1,7820,9.4,0.79,4.2
2011-04-14,6.5,4.7,9.4,8808,1.0,0.82,1.9
2011-04-15,8.9,4.6,14.1,10034,0.0,0.85,1.6
2011-04-16,10.8,3.3,17.0,19318,0.0,0.81,1.5
2011-04-17,12.6,8.5,17.8,14825,0.0,1.1,1.7
2011-04-18,13.5,5.5,20.1,19338,0.0,0.94,1.6
2011-04-19,14.4,7.4,21.7,22838,0.0,1.07,1.9
2011-04-20,14.9,6.8,22.3,23206,0.0,1.05,1.5
2011-04-21,16.2,8.8,23.4,23927,0.0,1.18,1.6
2011-04-22,17.2,9.2,24.7,23824,0.0,1.24,2.2
2011-04-23,17.6,10.9,24.3,23836,0.0,1.35,2.5
2011-04-24,15.8,8.4,22.4,24438,0.0,1.14,2.3
2011-04-25,12.9,6.7,18.9,12522,0.0,1.01,2.3
2011-04-26,12.8,7.0,21.0,14160,11.0,1.05,2.1
2011-04-27,14.4,10.2,19.5,14727,0.5,1.25,2.1
2011-04-28,16.3,10.5,23.5,14332,0.7,1.31,2.5
2011-04-29,16.3,10.2,23.9,21061,0.0,1.28,3.5
2011-04-30,12.9,6.7,19.5,25890,0.0,1.01,3.6
2011-05-01,10.2,4.6,16.7,26126,0.1,0.87,3.0
2011-05-02,6.7,3.6,11.4,10757,1.0,0.78,3.1
2011-05-03,7.5,2.2,12.8,21459,0.0,0.72,2.6
2011-05-04,7.4,2.2,13.5,17509,0.0,0.72,1.9
2011-05-05,9.0,0.4,16.0,26315,0.0,0.67,1.5
2011-05-06,13.4,2.4,21.5,25924,0.0,0.81,1.9
2011-05-07,15.5,6.9,23.6,26886,0.0,1.07,2.6
2011-05-08,15.0,6.9,23.2,27108,0.0,1.07,3.1
2011-05-09,16.8,8.0,25.1,26955,0.0,1.15,2.9
2011-05-10,19.3,9.7,27.7,25432,0.0,1.3,1.6
2011-05-11,18.6,12.2,27.5,20412,0.2,1.5,1.8
2011-05-12,15.9,9.7,22.7,15620,3.6,1.25,2.0
2011-05-13,13.3,7.5,18.9,18559,0.0,1.05,2.2
2011-05-14,14.4,9.4,21.4,13866,1.3,1.21,2.4
2011-05-15,11.2,6.9,16.5,19694,0.5,0.99,2.9
2011-05-16,10.8,6.6,14.8,13099,1.2,0.97,3.3
2011-05-17,14.1,10.9,17.6,10886,0.4,1.28,3.0
2011-05-18,17.3,9.3,24.1,23538,0.0,1.23,2.0
2011-05-19,18.8,12.2,26.4,20826,4.8,1.48,1.7
2011-05-20,17.8,12.2,25.3,18862,1.4,1.46,1.5
2011-05-21,18.0,12.1,24.3,25370,0.0,1.45,1.5
2011-05-22,19.6,11.7,28.6,20742,3.9,1.48,2.5
2011-05-23,16.4,9.8,22.2,26883,0.0,1.24,2.4
2011-05-24,15.7,8.9,23.3,23384,0.0,1.2,3.3
2011-05-25,14.0,5.8,20.3,26867,0.0,0.97,2.3
2011-05-26,18.5,7.4,28.0,25011,0.0,1.15,3.4
2011-05-27,16.0,10.5,20.6,19074,0.0,1.28,3.4
2011-05-28,14.2,8.2,19.9,20517,0.3,1.11,2.5
2011-05-29,17.5,11.4,22.8,19282,0.0,1.36,2.8
2011-05-30,23.0,13.7,31.1,29788,0.0,1.67,2.1
2011-05-31,21.0,13.0,33.1,22422,14.2,1.67,2.8
2011-06-01,14.7,10.2,19.7,17089,0.0,1.24,2.9
2011-06-02,16.8,8.5,24.2,30167,0.0,1.18,2.6
2011-06-03,19.7,10.9,27.5,30331,0.0,1.39,2.8
2011-06-04,22.3,12.8,30.4,30110,0.0,1.6,2.4
2011-06-05,25.1,17.7,33.3,25658,0.0,2.14,2.3
2011-06-06,23.1,17.8,31.1,20687,17.2,2.1,2.1
2011-06-07,20.5,16.2,26.0,19941,0.1,1.85,1.7
2011-06-08,18.9,13.6,25.7,15987,8.0,1.58,2.7
2011-06-09,16.9,12.6,21.4,23319,0.0,1.44,2.6
2011-06-10,16.9,10.9,22.3,24750,0.0,1.32,1.5
2011-06-11,17.0,12.6,24.6,19504,2.5,1.48,1.9
2011-06-12,17.3,11.2,23.1,22729,0.0,1.35,1.4
2011-06-13,19.5,12.9,25.8,23127,0.0,1.52,2.1
2011-06-14,19.1,14.5,23.4,15304,2.6,1.63,1.9
2011-06-15,19.8,13.7,24.3,24176,0.2,1.57,1.4
2011-06-16,22.2,15.7,28.4,18917,0.2,1.84,2.2
2011-06-17,18.5,13.5,23.5,24575,0.9,1.56,2.6
2011-06-18,16.7,11.6,22.8,17128,0.2,1.39,3.5
2011-06-19,14.1,10.9,19.2,17002,2.5,1.29,4.3
2011-06-20,15.1,11.6,20.5,18287,3.2,1.36,3.0
2011-06-21,17.1,9.7,23.6,19057,0.8,1.26,2.4
2011-06-22,19.6,13.4,27.1,20081,13.1,1.59,2.5
2011-06-23,17.3,12.2,23.2,23287,0.0,1.43,3.0
2011-06-24,14.2,11.0,18.8,20455,1.5,1.29,2.9
2011-06-25,14.9,10.0,19.1,19163,0.0,1.22,2.5
2011-06-26,17.1,12.4,23.1,14919,0.0,1.45,1.8
2011-06-27,20.6,12.9,28.0,30303,0.0,1.55,1.9
2011-06-28,21.6,14.2,28.7,30927,0.0,1.69,2.3
2011-06-29,23.3,15.0,30.9,29883,0.0,1.79,2.3
2011-06-30,15.3,11.4,19.3,11792,1.4,1.33,3.1
2011-07-01,15.4,9.6,20.9,22153,0.0,1.21,2.7
2011-07-02,12.2,11.1,13.2,10736,18.0,1.28,3.5
2011-07-03,15.4,12.9,16.9,10718,2.4,1.43,3.5
2011-07-04,15.8,14.3,16.7,10699,17.8,1.57,2.2
2011-07-05,19.6,15.2,25.4,23079,0.0,1.74,1.4
2011-07-06,21.1,14.3,29.1,28288,3.5,1.7,2.1
2011-07-07,21.1,15.8,27.7,20975,3.2,1.82,1.8
2011-07-08,20.4,16.2,25.1,19795,0.0,1.84,2.4
2011-07-09,22.1,14.9,29.9,21547,2.6,1.77,2.3
2011-07-10,21.8,16.6,26.6,25844,15.3,1.88,1.7
2011-07-11,18.4,13.8,23.5,18928,0.3,1.57,1.7
2011-07-12,21.3,14.7,28.1,27285,0.1,1.72,2.2
2011-07-13,21.3,17.0,26.3,15039,6.7,1.93,2.9
2011-07-14,17.8,14.3,21.7,16271,0.0,1.61,3.8
2011-07-15,15.6,12.7,17.4,12679,0.0,1.43,3.3
2011-07-16,19.1,10.7,25.6,27086,0.0,1.35,2.4
2011-07-17,19.5,14.1,25.7,12729,16.4,1.62,3.1
2011-07-18,17.7,12.3,23.6,24950,0.0,1.46,3.3
2011-07-19,18.7,11.5,24.9,26787,0.0,1.4,2.0
2011-07-20,19.5,16.0,22.9,10962,0.0,1.78,2.8
2011-07-21,16.7,14.8,19.3,10164,19.4,1.63,2.7
2011-07-22,13.3,12.1,15.1,10121,9.3,1.36,3.9
2011-07-23,14.9,11.7,19.1,14472,0.0,1.34,3.7
2011-07-24,14.7,9.8,18.5,17805,0.0,1.2,3.5
2011-07-25,14.5,10.3,18.3,10610,0.0,1.24,1.9
2011-07-26,18.4,13.2,24.4,22809,0.0,1.53,1.4
2011-07-27,19.9,14.2,25.7,22738,0.0,1.65,1.5
2011-07-28,18.3,14.4,22.3,10958,3.1,1.62,1.9
2011-07-29,14.7,13.3,16.8,9786,54.7,1.48,2.8
2011-07-30,15.4,13.0,17.4,9733,18.9,1.45,3.3
2011-07-31,15.3,13.8,16.8,9680,0.6,1.52,2.4
2011-08-01,18.0,15.1,22.5,12961,7.5,1.69,1.5
2011-08-02,19.7,13.4,26.3,26707,0.0,1.59,1.9
2011-08-03,21.0,14.1,27.4,25504,0.0,1.66,2.2
2011-08-04,19.5,16.3,22.9,10314,18.4,1.81,1.9
2011-08-05,19.9,15.9,24.3,15395,2.0,1.79,1.9
2011-08-06,22.8,17.1,28.6,21304,0.2,1.96,1.9
2011-08-07,19.4,14.5,22.0,11103,0.4,1.63,2.8
2011-08-08,16.1,12.7,21.6,19053,3.7,1.46,3.5
2011-08-09,15.8,12.7,19.8,15208,1.1,1.44,4.4
2011-08-10,15.1,12.3,18.5,12228,0.1,1.41,3.3
2011-08-11,18.7,14.2,24.2,11432,1.0,1.62,3.3
2011-08-12,17.8,14.7,22.2,10639,2.6,1.65,2.4
2011-08-13,18.6,14.9,23.5,18466,0.0,1.68,1.7
2011-08-14,19.6,15.3,25.5,11926,7.7,1.75,2.3
2011-08-15,17.8,14.5,21.9,13988,1.8,1.63,2.0
2011-08-16,16.8,11.7,21.1,14612,0.0,1.38,1.4
2011-08-17,19.3,13.7,25.6,16056,0.0,1.6,1.6
2011-08-18,21.8,15.1,28.8,21133,0.2,1.76,1.7
2011-08-19,19.3,13.3,23.8,13750,0.0,1.54,3.3
2011-08-20,17.2,11.1,23.1,23695,0.0,1.35,1.8
2011-08-21,19.8,12.5,25.0,16238,0.0,1.48,1.8
2011-08-22,21.7,15.8,26.4,20068,0.0,1.81,1.9
2011-08-23,18.4,14.6,23.1,11761,5.0,1.64,2.1
2011-08-24,21.4,16.3,29.2,15228,16.8,1.89,1.8
2011-08-25,21.2,16.5,26.7,16835,0.0,1.88,1.6
2011-08-26,24.7,17.9,31.4,22178,0.0,2.09,2.7
2011-08-27,17.2,12.1,23.0,7887,5.9,1.41,3.2
2011-08-28,15.3,10.8,20.1,12428,0.0,1.3,2.9
2011-08-29,14.3,11.2,19.5,11207,0.5,1.31,3.2
2011-08-30,13.6,10.6,17.4,10555,0.0,1.26,2.6
2011-08-31,14.3,8.1,20.2,16341,0.0,1.1,1.8
2011-09-01,14.8,11.5,19.2,11582,0.0,1.34,1.4
2011-09-02,16.4,11.8,22.6,15870,0.0,1.4,1.3
2011-09-03,19.6,11.5,28.9,20546,0.0,1.47,1.5
2011-09-04,21.0,15.0,28.4,13989,6.6,1.76,1.8
2011-09-05,17.7,12.2,20.9,7504,5.6,1.4,2.9
2011-09-06,16.2,10.5,21.3,16645,4.8,1.27,3.7
2011-09-07,15.2,13.1,18.3,9791,1.2,1.46,4.3
2011-09-08,13.1,11.1,15.7,7151,10.2,1.29,3.7
2011-09-09,13.7,10.6,17.3,6858,5.2,1.25,2.0
2011-09-10,18.2,14.0,23.9,9077,0.0,1.6,1.8
2011-09-11,20.7,15.8,28.0,15318,13.0,1.84,2.3
2011-09-12,17.7,14.1,21.4,15384,0.0,1.58,3.9
2011-09-13,17.9,12.9,22.6,14423,0.0,1.48,3.9
2011-09-14,15.0,12.2,18.6,11538,0.0,1.39,3.5
2011-09-15,13.7,9.4,17.8,12228,0.0,1.17,2.6
2011-09-16,11.9,7.7,17.1,15012,0.0,1.05,1.6
2011-09-17,15.9,8.7,22.7,11580,5.2,1.17,2.3
2011-09-18,14.7,10.8,17.4,6123,11.7,1.26,2.3
2011-09-19,13.0,8.8,17.9,14080,0.0,1.13,2.2
2011-09-20,13.7,8.3,19.6,16367,0.0,1.11,2.1
2011-09-21,14.5,8.5,21.0,14466,0.0,1.13,2.1
2011-09-22,14.8,9.5,19.2,9816,0.0,1.19,2.7
2011-09-23,12.4,7.8,18.0,13879,0.0,1.06,1.8
2011-09-24,13.5,7.4,20.5,15612,0.0,1.07,1.5
2011-09-25,15.1,7.9,22.6,15633,0.0,1.12,1.2
2011-09-26,17.8,11.4,25.0,14910,0.0,1.4,1.5
2011-09-27,16.0,11.0,19.8,7776,8.8,1.3,1.2
2011-09-28,15.1,9.8,21.5,14129,0.0,1.23,1.5
2011-09-29,17.0,11.1,24.3,14511,0.0,1.35,1.4
2011-09-30,18.4,12.2,26.5,14882,0.0,1.49,1.4
2011-10-01,18.7,11.7,26.5,14712,0.0,1.45,1.1
2011-10-02,18.3,11.8,26.2,14368,0.0,1.44,1.1
2011-10-03,17.3,11.9,23.9,10643,0.0,1.42,1.9
2011-10-04,18.3,13.8,23.9,11025,0.0,1.59,2.8
2011-10-05,16.2,13.3,19.0,5952,0.0,1.49,3.0
2011-10-06,14.7,8.5,20.4,7549,6.0,1.14,4.2
2011-10-07,9.3,6.4,12.3,8111,0.6,0.93,3.8
2011-10-08,8.5,5.2,12.6,9651,2.1,0.87,3.8
2011-10-09,8.2,4.0,14.1,9442,4.6,0.82,2.6
2011-10-10,12.2,6.9,15.9,4383,6.4,0.99,4.0
2011-10-11,12.3,9.1,15.7,4310,13.1,1.13,4.3
2011-10-12,9.9,5.8,13.8,9461,0.0,0.91,3.2
2011-10-13,7.9,3.2,13.8,10585,0.0,0.77,1.9
2011-10-14,5.8,0.8,11.9,8895,0.0,0.66,1.7
2011-10-15,5.6,1.1,11.8,11683,0.0,0.68,2.0
2011-10-16,6.0,0.3,13.0,11452,0.0,0.65,2.0
2011-10-17,7.7,1.9,15.0,10250,0.0,0.72,2.0
2011-10-18,8.7,3.9,16.8,6777,2.0,0.83,3.6
2011-10-19,8.1,4.9,12.1,8360,0.3,0.85,3.2
2011-10-20,5.7,2.5,9.2,5344,0.0,0.72,2.5
2011-10-21,5.4,1.0,10.9,8766,0.0,0.66,1.9
2011-10-22,4.3,-0.7,10.9,10127,0.0,0.59,2.1
2011-10-23,4.2,-0.8,11.5,9847,0.0,0.6,2.4
2011-10-24,6.3,2.3,9.8,3835,0.0,0.72,3.7
2011-10-25,9.3,6.9,11.9,4928,0.4,0.97,3.5
2011-10-26,10.0,7.1,12.3,3296,0.9,0.98,2.0
2011-10-27,9.6,5.9,12.9,3302,0.0,0.91,2.1
2011-10-28,11.0,7.9,14.6,6273,0.0,1.05,1.5
2011-10-29,10.1,5.6,16.4,8131,0.0,0.92,1.5
2011-10-30,11.2,7.7,16.3,4475,0.0,1.05,1.8
2011-10-31,11.2,8.0,15.2,3702,0.0,1.05,1.6
2011-11-01,9.8,5.5,14.7,6904,0.0,0.9,2.1
2011-11-02,7.9,3.8,13.4,5809,0.0,0.81,2.0
2011-11-03,7.1,3.2,13.0,7130,0.0,0.77,2.6
2011-11-04,6.7,3.6,11.9,4907,0.0,0.79,2.4
2011-11-05,6.9,3.2,12.3,5787,0.0,0.77,2.1
2011-11-06,8.6,4.8,14.5,6882,0.0,0.87,1.9
2011-11-07,8.2,4.6,15.4,7133,0.0,0.86,2.4
2011-11-08,6.7,3.3,12.5,7032,0.0,0.78,2.1
2011-11-09,4.8,2.4,7.4,2542,0.0,0.7,1.6
2011-11-10,3.3,0.0,5.6,2496,0.0,0.59,2.5
2011-11-11,1.3,-2.3,4.6,4957,0.0,0.5,3.2
2011-11-12,0.6,-3.4,6.2,6810,0.0,0.48,2.1
2011-11-13,1.8,-2.3,8.1,6662,0.0,0.52,1.4
2011-11-14,0.7,-2.3,5.9,6248,0.1,0.51,1.4
2011-11-15,1.2,0.0,1.9,2283,0.0,0.58,1.9
2011-11-16,2.2,-1.0,6.2,4504,0.0,0.56,2.1
2011-11-17,-0.5,-3.1,0.7,2206,0.0,0.47,1.8
2011-11-18,1.4,-1.4,3.8,2170,0.0,0.53,1.4
2011-11-19,6.0,3.0,8.9,2185,0.1,0.74,1.4
2011-11-20,5.7,1.3,7.3,2099,0.0,0.65,1.4
2011-11-21,1.8,-1.4,7.5,4902,0.0,0.55,1.4
2011-11-22,1.3,-0.3,4.7,3068,0.0,0.58,1.5
2011-11-23,0.4,-0.7,1.7,2003,0.0,0.56,1.5
2011-11-24,4.4,-0.4,9.7,3517,0.0,0.6,2.1
2011-11-25,5.1,1.2,9.8,5003,0.1,0.67,3.0
2011-11-26,6.6,3.5,8.9,3573,0.0,0.76,3.7
2011-11-27,8.7,6.6,10.4,1890,0.4,0.94,5.1
2011-11-28,5.4,1.0,9.0,5119,0.0,0.65,2.4
2011-11-29,2.9,-2.0,7.7,5389,0.0,0.53,2.6
2011-11-30,5.5,1.0,9.8,4285,0.0,0.65,2.7
2011-12-01,4.7,0.8,10.1,2022,1.3,0.65,3.2
2011-12-02,8.3,3.0,12.7,1774,0.9,0.76,3.1
2011-12-03,4.7,1.2,7.3,2111,4.4,0.65,4.6
2011-12-04,6.6,3.7,8.6,1780,1.4,0.78,4.5
2011-12-05,4.2,1.5,6.8,1982,1.1,0.66,4.5
2011-12-06,3.4,1.5,5.4,1833,0.1,0.65,4.0
2011-12-07,3.4,0.6,5.4,1686,12.0,0.62,4.8
2011-12-08,4.8,3.4,6.4,2451,2.1,0.75,4.8
2011-12-09,5.9,3.4,8.7,2951,0.2,0.76,5.1
2011-12-10,3.2,1.2,4.9,2504,0.0,0.64,3.3
2011-12-11,1.4,-0.7,4.3,3982,0.2,0.56,2.5
2011-12-12,3.6,-1.2,7.0,1712,1.0,0.55,3.3
2011-12-13,4.6,1.6,7.8,1618,2.2,0.67,4.7
2011-12-14,5.9,3.6,10.2,1864,2.3,0.77,4.5
2011-12-15,4.5,2.9,6.3,2320,0.6,0.73,4.0
2011-12-16,3.2,0.5,6.8,1599,20.7,0.62,5.3
2011-12-17,3.3,1.3,4.5,1594,0.3,0.64,4.6
2011-12-18,3.0,1.3,4.0,1675,0.3,0.65,3.6
2011-12-19,2.3,1.1,3.3,1673,0.1,0.64,3.1
2011-12-20,1.1,-0.3,2.3,1923,4.0,0.57,3.1
2011-12-21,2.7,1.0,4.5,1756,0.8,0.64,2.8
2011-12-22,3.3,0.8,5.2,1590,0.9,0.63,2.2
2011-12-23,7.5,5.1,8.7,1592,1.0,0.85,2.8
2011-12-24,5.4,2.3,7.7,1596,3.2,0.7,4.1
2011-12-25,4.8,2.0,7.7,1600,0.7,0.69,3.8
2011-12-26,9.1,7.8,10.0,1606,0.1,1.02,3.4
2011-12-27,8.8,6.2,10.0,1613,0.0,0.91,2.5
2011-12-28,6.3,4.0,7.6,2511,0.0,0.79,3.1
2011-12-29,5.4,3.4,6.6,1927,3.6,0.75,5.0
2011-12-30,3.3,1.7,4.3,1810,4.3,0.66,4.2
2011-12-31,2.5,0.7,5.3,3540,0.2,0.62,2.5
2012-01-01,7.2,2.0,10.6,1663,2.0,0.7,3.3
2012-01-02,8.9,4.2,12.6,1676,6.8,0.82,3.4
2012-01-03,5.4,1.0,10.1,3131,1.1,0.65,5.4
2012-01-04,5.5,3.8,7.3,2585,6.2,0.78,5.7
2012-01-05,4.6,2.7,6.7,2254,6.1,0.72,7.0
2012-01-06,2.2,-0.5,3.9,1786,0.0,0.57,4.4
2012-01-07,4.4,2.2,6.5,1760,2.6,0.69,4.6
2012-01-08,4.6,3.1,5.6,1871,1.7,0.74,3.7
2012-01-09,3.9,2.2,7.1,1802,3.7,0.7,3.0
2012-01-10,5.6,4.0,7.0,2513,0.0,0.78,3.1
2012-01-11,7.1,4.9,8.3,1848,0.1,0.83,3.0
2012-01-12,7.6,3.1,10.4,1873,2.3,0.75,4.9
2012-01-13,3.1,1.7,4.1,1993,0.0,0.66,5.0
2012-01-14,1.7,-1.4,3.9,3971,0.0,0.54,3.2
2012-01-15,-0.7,-2.6,1.7,4980,0.0,0.49,1.7
2012-01-16,0.7,-1.3,2.6,1983,2.5,0.54,1.8
2012-01-17,2.6,-0.7,3.3,2013,0.1,0.56,1.9
2012-01-18,1.1,-2.2,5.2,4917,5.0,0.51,2.8
2012-01-19,4.0,2.3,4.7,2078,9.7,0.69,4.4
2012-01-20,2.1,0.5,2.9,2112,1.5,0.61,4.0
2012-01-21,2.5,0.8,4.6,2147,5.3,0.63,4.4
2012-01-22,4.2,1.3,6.2,2235,3.8,0.65,5.5
2012-01-23,1.2,0.1,2.8,2377,4.1,0.59,2.9
2012-01-24,0.6,-1.5,2.0,2259,0.0,0.53,1.9
2012-01-25,-1.9,-4.3,0.1,2834,0.0,0.43,1.7
2012-01-26,-3.0,-6.0,0.9,6183,0.0,0.39,3.1
2012-01-27,-2.8,-4.4,-1.7,2382,0.0,0.42,2.3
2012-01-28,-4.2,-5.5,-2.6,2425,0.6,0.39,1.8
2012-01-29,-5.0,-6.5,-3.6,4769,0.0,0.36,2.7
2012-01-30,-6.0,-9.1,-2.1,6658,0.0,0.3,2.9
2012-01-31,-8.0,-10.7,-5.7,6755,0.0,0.26,3.5
2012-02-01,-9.3,-12.5,-5.3,7203,0.0,0.23,3.6
2012-02-02,-11.5,-15.7,-7.4,7249,0.8,0.18,2.9
2012-02-03,-9.9,-13.1,-5.7,5091,0.1,0.22,2.0
2012-02-04,-12.0,-15.8,-7.3,7343,0.2,0.18,1.5
2012-02-05,-12.8,-16.4,-9.2,3605,0.0,0.17,1.9
2012-02-06,-15.1,-19.8,-10.3,7871,0.0,0.13,1.7
2012-02-07,-11.5,-18.9,-5.9,4045,0.0,0.15,2.7
2012-02-08,-7.4,-10.5,-3.5,7345,0.4,0.27,2.7
2012-02-09,-5.3,-10.7,-2.3,3479,0.7,0.27,2.7
2012-02-10,-9.7,-14.6,-5.3,8346,0.0,0.2,2.2
2012-02-11,-8.4,-13.2,-5.0,5118,0.0,0.22,2.0
2012-02-12,-8.2,-13.4,-3.3,6332,0.1,0.22,1.9
2012-02-13,-2.1,-4.2,-0.1,3266,0.0,0.43,1.8
2012-02-14,-1.3,-4.8,1.7,3805,3.9,0.42,2.6
2012-02-15,1.8,-0.1,4.0,5045,0.0,0.59,5.5
2012-02-16,0.5,-3.7,3.7,8758,7.3,0.46,2.7
2012-02-17,4.0,1.5,6.1,3730,0.5,0.66,3.4
2012-02-18,4.4,0.2,9.0,3655,1.7,0.62,3.1
2012-02-19,3.0,-0.6,5.7,3939,0.6,0.57,3.6
2012-02-20,0.4,-2.3,4.9,9057,0.0,0.5,2.6
2012-02-21,1.1,-1.0,4.1,3785,5.7,0.55,3.1
2012-02-22,5.8,2.7,10.0,7372,2.3,0.73,3.2
2012-02-23,6.9,3.4,10.8,5741,0.4,0.77,4.1
2012-02-24,9.3,4.8,11.6,3994,2.3,0.85,4.2
2012-02-25,5.3,2.5,8.7,7395,1.6,0.71,3.8
2012-02-26,3.3,-2.4,7.7,9853,0.0,0.52,2.6
2012-02-27,1.1,-3.7,5.6,7931,3.7,0.47,2.2
2012-02-28,7.1,4.0,10.0,4283,1.8,0.8,3.4
2012-02-29,9.2,7.9,10.6,4358,0.8,1.03,2.3
2012-03-01,9.0,7.2,10.2,4433,0.1,0.98,2.1
2012-03-02,6.2,0.8,8.3,4591,0.0,0.64,1.7
2012-03-03,3.4,-2.1,9.5,12766,0.0,0.54,2.3
2012-03-04,3.4,-0.9,9.3,7951,0.0,0.58,2.1
2012-03-05,2.8,-2.2,9.9,13089,0.0,0.54,3.1
2012-03-06,0.5,-3.8,6.2,13165,0.0,0.47,2.0
2012-03-07,1.8,-5.0,7.8,11066,1.0,0.44,2.7
2012-03-08,4.0,0.4,8.9,7168,2.2,0.63,3.1
2012-03-09,4.9,-1.2,10.6,12409,0.0,0.57,2.3
2012-03-10,8.3,5.2,11.5,5401,0.3,0.86,3.0
2012-03-11,7.5,6.3,9.9,5755,0.2,0.92,3.2
2012-03-12,7.6,5.9,9.7,5293,0.2,0.9,3.3
2012-03-13,7.2,5.7,8.2,5374,0.0,0.88,2.7
2012-03-14,7.2,5.8,8.6,5455,0.0,0.89,2.2
2012-03-15,6.7,2.9,9.9,8159,0.0,0.74,1.5
2012-03-16,10.9,0.9,21.3,15536,0.0,0.75,2.0
2012-03-17,12.4,6.2,20.1,15322,0.0,0.99,2.2
2012-03-18,9.7,4.7,17.6,11067,0.1,0.89,2.8
2012-03-19,6.8,2.3,11.5,14680,0.0,0.72,2.9
2012-03-20,7.7,0.4,13.6,10928,0.0,0.66,2.5
2012-03-21,10.2,8.1,12.7,6031,0.0,1.04,2.0
2012-03-22,11.9,7.5,17.5,16134,0.0,1.05,1.8
2012-03-23,11.6,4.4,18.9,17594,0.0,0.88,1.4
2012-03-24,12.1,4.4,19.6,17260,0.0,0.89,1.6
2012-03-25,7.9,1.9,15.2,14685,0.0,0.73,2.1
2012-03-26,8.9,1.7,15.7,17486,0.0,0.73,1.8
2012-03-27,10.2,4.3,17.0,14559,0.0,0.86,2.4
2012-03-28,12.2,5.5,20.0,15839,0.0,0.96,3.0
2012-03-29,8.0,6.4,9.4,6797,0.4,0.93,4.6
2012-03-30,7.9,6.2,10.4,7616,0.9,0.92,4.7
2012-03-31,5.2,1.5,8.0,10878,2.8,0.67,4.8
2012-04-01,4.9,-1.3,10.7,15566,1.4,0.57,3.3
2012-04-02,5.6,3.6,7.6,8307,0.0,0.76,2.7
2012-04-03,8.1,3.5,12.8,11201,2.9,0.78,2.1
2012-04-04,4.8,3.2,5.9,7184,3.1,0.74,2.9
2012-04-05,4.2,0.0,6.9,8793,0.0,0.6,2.5
2012-04-06,3.8,-2.0,9.0,13273,1.9,0.54,2.1
2012-04-07,2.5,-1.0,5.7,9192,1.5,0.56,3.2
2012-04-08,2.2,-2.1,7.1,17385,0.0,0.52,2.2
2012-04-09,5.7,-1.6,12.4,14728,0.0,0.58,3.3
2012-04-10,12.0,6.4,18.7,10917,0.0,0.98,3.3
2012-04-11,9.9,5.1,15.4,8644,0.7,0.88,2.3
2012-04-12,8.0,4.4,11.5,8613,2.6,0.82,1.7
2012-04-13,7.1,2.9,11.6,12909,0.2,0.75,1.7
2012-04-14,8.3,1.1,14.6,20449,0.0,0.69,1.9
2012-04-15,9.0,3.6,13.4,9660,0.0,0.79,3.1
2012-04-16,6.5,1.0,11.5,18059,0.0,0.66,3.4
2012-04-17,5.3,-1.0,11.5,19802,0.0,0.59,2.5
2012-04-18,8.6,1.7,14.4,15499,0.0,0.71,2.7
2012-04-19,11.4,3.0,18.1,17474,0.0,0.81,2.4
2012-04-20,12.1,6.2,17.8,17349,0.9,0.97,2.1
2012-04-21,10.9,4.6,17.0,17928,1.6,0.88,2.6
2012-04-22,9.3,4.2,14.3,15313,0.0,0.83,2.7
2012-04-23,9.3,2.7,15.7,16003,0.0,0.77,2.5
2012-04-24,10.6,4.4,18.0,14072,6.6,0.87,2.6
2012-04-25,11.5,6.7,16.6,14639,0.1,0.99,3.1
2012-04-26,14.9,9.6,19.7,9324,0.0,1.2,3.2
2012-04-27,17.3,11.4,24.2,16741,0.0,1.38,2.2
2012-04-28,21.4,10.7,31.3,25048,0.0,1.43,2.6
2012-04-29,21.5,14.6,28.4,16679,0.0,1.71,3.0
2012-04-30,17.7,10.3,24.6,21021,0.0,1.3,2.5
2012-05-01,18.9,8.7,28.7,24898,0.4,1.27,2.5
2012-05-02,20.7,12.8,28.2,25982,2.2,1.56,2.7
2012-05-03,16.3,12.6,21.5,12239,2.9,1.45,2.0
2012-05-04,16.1,12.4,20.2,17959,0.2,1.43,2.1
2012-05-05,9.8,4.5,13.6,9541,8.2,0.84,2.3
2012-05-06,7.4,4.5,10.2,10094,0.3,0.82,1.9
2012-05-07,10.0,6.4,14.4,11267,0.0,0.95,1.5
2012-05-08,14.3,7.9,20.6,18645,0.0,1.1,2.2
2012-05-09,16.4,10.0,21.5,13624,0.1,1.25,2.4
2012-05-10,20.2,12.7,25.3,17797,0.3,1.5,2.6
2012-05-11,20.7,12.0,28.6,16244,4.9,1.49,3.2
2012-05-12,10.5,5.2,14.3,17433,0.0,0.88,3.6
2012-05-13,8.0,3.8,12.8,10485,0.0,0.8,2.1
2012-05-14,11.1,2.5,17.7,27597,0.0,0.77,2.2
2012-05-15,11.5,5.6,19.0,17874,0.7,0.95,2.6
2012-05-16,9.2,5.0,14.5,15291,0.0,0.87,3.7
2012-05-17,8.7,2.9,14.3,20765,0.0,0.76,2.5
2012-05-18,11.7,3.6,18.1,22845,0.0,0.83,2.7
2012-05-19,16.3,8.7,24.0,15070,0.0,1.19,1.9
2012-05-20,20.5,11.2,28.4,29166,0.0,1.43,2.1
2012-05-21,22.1,14.7,28.4,18588,0.0,1.72,2.8
2012-05-22,24.1,15.7,31.5,26883,0.0,1.89,2.4
2012-05-23,23.3,15.3,31.5,27575,0.0,1.84,2.5
2012-05-24,19.3,11.9,26.1,30045,0.0,1.46,2.9
2012-05-25,17.2,8.4,24.5,30228,0.0,1.17,2.7
2012-05-26,17.8,10.3,24.0,26843,0.0,1.29,2.3
2012-05-27,19.1,13.1,25.8,27273,0.0,1.55,1.6
2012-05-28,19.7,13.9,25.7,25660,0.0,1.61,1.8
2012-05-29,17.0,10.8,22.6,25703,0.0,1.31,2.8
2012-05-30,13.3,8.8,16.8,15395,0.0,1.11,2.2
2012-05-31,13.5,10.6,17.0,12231,19.2,1.25,2.1
2012-06-01,12.1,6.8,15.4,13538,0.3,0.99,3.7
2012-06-02,10.8,5.4,15.9,19580,0.0,0.91,2.6
2012-06-03,10.1,6.2,13.7,11542,7.5,0.93,2.2
2012-06-04,11.6,7.8,15.6,14255,14.3,1.05,2.5
2012-06-05,11.2,7.4,15.8,15560,0.2,1.02,2.6
2012-06-06,12.0,6.7,17.3,17121,0.6,0.99,2.2
2012-06-07,16.6,9.9,21.1,16115,1.3,1.23,2.0
2012-06-08,19.6,13.7,25.1,20496,0.1,1.59,2.9
2012-06-09,17.5,11.0,23.4,22825,0.0,1.34,3.2
2012-06-10,16.5,10.0,22.6,25152,0.0,1.25,2.0
2012-06-11,17.4,10.7,22.2,18363,1.2,1.31,1.6
2012-06-12,16.9,12.4,21.6,18504,2.0,1.43,2.0
2012-06-13,15.9,11.7,20.6,16075,0.0,1.37,2.6
2012-06-14,13.9,10.6,18.1,12615,0.0,1.26,1.6
2012-06-15,17.7,9.8,22.9,21486,1.2,1.24,2.1
2012-06-16,17.5,14.7,20.9,10958,7.4,1.64,2.4
2012-06-17,18.5,12.7,24.1,22267,0.0,1.5,2.6
2012-06-18,21.4,11.9,32.2,28435,14.0,1.55,2.8
2012-06-19,18.5,11.2,24.5,24967,13.8,1.37,1.8
2012-06-20,15.6,13.0,16.9,10836,12.1,1.45,2.1
2012-06-21,14.7,12.7,16.8,10835,0.3,1.42,2.1
2012-06-22,19.0,13.3,25.0,22388,0.0,1.55,2.9
2012-06-23,17.6,12.0,23.9,22894,0.0,1.42,2.4
2012-06-24,17.6,12.3,24.4,16596,5.5,1.46,3.0
2012-06-25,14.3,11.6,18.4,16972,6.4,1.34,4.0
2012-06-26,14.3,10.4,17.1,12214,0.0,1.24,3.2
2012-06-27,14.1,9.4,18.3,15923,9.1,1.17,2.0
2012-06-28,19.3,14.2,25.3,18473,0.0,1.62,1.7
2012-06-29,23.9,15.2,31.4,21660,0.1,1.83,2.1
2012-06-30,23.3,18.3,29.0,22538,24.3,2.11,1.9
2012-07-01,20.6,15.3,24.8,17650,0.2,1.73,2.5
2012-07-02,17.7,12.8,22.3,20061,1.9,1.48,1.8
2012-07-03,18.6,15.0,23.2,13129,0.2,1.68,1.4
2012-07-04,20.7,15.5,26.8,22056,0.0,1.77,1.7
2012-07-05,21.7,16.2,27.9,17556,13.8,1.88,2.0
2012-07-06,22.4,17.6,29.3,20082,6.1,2.04,2.0
2012-07-07,19.4,16.3,24.3,14436,9.1,1.83,1.5
2012-07-08,20.3,14.3,27.1,22950,6.3,1.67,2.6
2012-07-09,19.2,14.8,24.7,23041,1.1,1.68,3.2
2012-07-10,19.8,15.0,24.7,20965,0.0,1.71,2.2
2012-07-11,17.2,13.7,21.4,15074,1.9,1.54,2.8
2012-07-12,14.3,10.2,17.9,17961,10.4,1.22,3.4
2012-07-13,14.1,9.3,17.6,10684,2.6,1.16,2.4
2012-07-14,16.0,12.6,19.8,15470,13.7,1.43,3.4
2012-07-15,15.8,12.3,20.2,17456,1.2,1.41,2.8
2012-07-16,14.8,12.0,20.4,18298,7.5,1.39,3.3
2012-07-17,15.5,12.5,20.7,15975,5.8,1.44,3.5
2012-07-18,16.8,13.8,21.9,11888,13.5,1.56,2.9
2012-07-19,16.1,12.6,21.0,14872,10.6,1.44,3.8
2012-07-20,15.6,11.4,20.4,21498,0.0,1.35,2.6
2012-07-21,14.6,10.1,18.9,18547,0.0,1.23,2.3
2012-07-22,15.9,10.7,22.2,22132,0.0,1.31,1.8
2012-07-23,19.1,11.3,25.9,27084,0.0,1.4,2.3
2012-07-24,21.8,13.8,29.0,27761,0.0,1.65,1.9
2012-07-25,24.8,16.6,33.5,27184,0.0,2.01,1.5
2012-07-26,25.1,19.3,31.2,23986,0.0,2.27,1.7
2012-07-27,24.6,16.5,31.9,25903,1.3,1.98,1.8
2012-07-28,22.7,18.4,28.6,16623,8.7,2.11,2.3
2012-07-29,18.1,14.8,22.7,13952,7.3,1.67,2.3
2012-07-30,17.4,12.5,22.3,19585,0.0,1.45,2.4
2012-07-31,17.5,11.0,23.0,18027,0.0,1.34,1.9
2012-08-01,20.3,12.8,27.1,26953,0.0,1.54,1.8
2012-08-02,22.0,15.6,29.9,20461,0.3,1.83,2.3
2012-08-03,19.3,16.1,23.7,14609,16.9,1.81,1.6
2012-08-04,21.3,15.4,27.1,22863,0.0,1.76,1.5
2012-08-05,18.9,15.2,23.5,14343,1.3,1.71,1.5
2012-08-06,20.2,16.4,24.4,14270,0.0,1.85,2.7
2012-08-07,18.0,14.5,22.1,18932,0.0,1.62,3.3
2012-08-08,17.0,13.1,22.8,16056,1.4,1.5,2.2
2012-08-09,16.1,12.2,21.6,15852,0.0,1.42,1.9
2012-08-10,14.9,10.7,19.7,11914,3.6,1.27,2.1
2012-08-11,15.9,11.3,22.0,18082,0.0,1.35,1.9
2012-08-12,16.0,10.5,22.4,19902,0.0,1.29,2.3
2012-08-13,16.6,10.4,23.4,22662,0.0,1.3,2.1
2012-08-14,17.8,11.1,24.5,23855,0.0,1.36,1.9
2012-08-15,17.5,10.8,24.5,23734,0.0,1.33,2.1
2012-08-16,17.1,12.7,22.7,13695,1.0,1.48,1.8
2012-08-17,19.0,12.8,25.2,22897,0.0,1.5,1.4
2012-08-18,21.1,13.3,28.4,23006,0.0,1.59,1.8
2012-08-19,26.1,15.5,36.4,23811,0.0,1.96,1.8
2012-08-20,27.5,21.4,35.8,18446,0.1,2.65,2.1
2012-08-21,22.2,17.7,27.0,16132,4.2,2.01,1.5
2012-08-22,20.2,14.7,24.9,19829,0.0,1.69,2.8
2012-08-23,18.5,12.3,24.3,22229,1.1,1.45,2.0
2012-08-24,16.2,11.8,19.7,8381,1.5,1.36,1.8
2012-08-25,19.3,14.0,25.0,16151,0.0,1.62,2.7
2012-08-26,18.1,14.3,23.2,15131,0.4,1.61,3.7
2012-08-27,16.4,12.5,21.5,17272,0.0,1.45,2.2
2012-08-28,17.2,9.0,23.1,15018,0.1,1.19,2.1
2012-08-29,20.1,13.3,27.4,20145,0.0,1.58,1.7
2012-08-30,19.5,15.5,23.4,8908,6.5,1.74,1.7
2012-08-31,16.4,12.9,19.1,7609,0.0,1.46,2.2
2012-09-01,15.1,10.5,20.9,19712,0.0,1.27,2.0
2012-09-02,15.7,9.1,21.5,16181,0.0,1.19,1.7
2012-09-03,17.4,12.5,23.8,17136,0.0,1.47,1.6
2012-09-04,17.8,11.5,24.4,19695,0.0,1.39,1.8
2012-09-05,16.1,12.6,20.5,9996,0.0,1.43,2.1
2012-09-06,14.6,10.6,19.9,17679,0.0,1.28,2.4
2012-09-07,15.7,10.8,19.3,6939,4.5,1.29,2.5
2012-09-08,16.6,13.0,21.7,10121,0.4,1.49,1.8
2012-09-09,18.2,12.4,25.1,16711,0.0,1.48,1.8
2012-09-10,21.5,14.2,29.7,17499,0.0,1.71,1.9
2012-09-11,20.6,13.8,28.3,14868,1.3,1.65,2.4
2012-09-12,13.4,9.2,17.8,10016,0.0,1.15,2.3
2012-09-13,12.3,6.5,18.4,16321,0.0,0.99,1.6
2012-09-14,14.2,6.8,20.3,13036,1.0,1.03,3.4
2012-09-15,14.3,10.4,18.8,8593,0.0,1.25,2.6
2012-09-16,15.9,9.1,22.2,15463,0.0,1.19,2.0
2012-09-17,16.4,10.7,23.4,15015,0.0,1.31,1.9
2012-09-18,17.2,11.6,24.8,14570,4.8,1.42,2.4
2012-09-19,11.8,7.3,16.3,14616,0.0,1.02,2.7
2012-09-20,10.2,5.2,16.3,13211,0.0,0.9,2.1
2012-09-21,11.9,5.6,17.8,11252,0.4,0.93,2.1
2012-09-22,11.3,6.6,16.0,10651,0.8,0.98,2.7
2012-09-23,10.4,4.2,17.2,13164,0.0,0.85,2.0
2012-09-24,13.0,8.5,16.2,5646,0.7,1.09,3.4
2012-09-25,15.2,9.6,22.3,10931,3.4,1.22,2.8
2012-09-26,16.4,11.8,22.9,7226,5.7,1.4,2.1
2012-09-27,14.0,11.2,16.6,7675,4.5,1.29,3.1
2012-09-28,13.2,8.6,17.5,10096,0.0,1.11,2.6
2012-09-29,12.4,7.6,19.0,7384,0.1,1.05,2.4
2012-09-30,11.2,6.4,17.1,13209,0.0,0.98,2.2
2012-10-01,11.9,5.9,18.3,10601,0.0,0.96,1.8
2012-10-02,12.9,6.6,19.6,13159,0.0,1.01,2.2
2012-10-03,14.8,9.8,20.8,10166,0.0,1.23,2.9
2012-10-04,13.0,7.9,16.5,4761,7.6,1.06,3.3
2012-10-05,11.1,6.4,16.8,5780,4.4,0.96,3.6
2012-10-06,11.4,6.0,17.8,4859,6.1,0.95,3.0
2012-10-07,8.7,5.7,13.9,6762,0.2,0.9,2.9
2012-10-08,9.0,3.6,14.4,7562,0.0,0.8,2.1
2012-10-09,7.4,2.2,12.9,10447,0.0,0.73,2.6
2012-10-10,6.9,3.6,9.9,4710,1.1,0.77,1.9
2012-10-11,7.9,3.9,12.6,5978,0.0,0.8,1.7
2012-10-12,7.6,1.6,13.6,8158,2.9,0.71,2.8
2012-10-13,9.5,5.7,13.9,10754,0.3,0.9,2.7
2012-10-14,8.8,5.5,13.4,8235,1.2,0.89,2.5
2012-10-15,8.8,4.0,12.9,4027,0.0,0.81,2.7
2012-10-16,8.0,2.1,13.8,10026,0.2,0.73,2.9
2012-10-17,10.3,4.1,14.8,8703,0.0,0.83,2.7
2012-10-18,13.6,9.3,19.3,8653,0.0,1.18,2.4
2012-10-19,14.0,7.4,22.0,10196,0.0,1.08,1.9
2012-10-20,14.9,7.9,23.3,9482,0.0,1.12,1.5
2012-10-21,14.8,10.9,21.1,9066,0.0,1.31,1.7
2012-10-22,12.9,11.1,14.0,3483,0.2,1.27,1.9
2012-10-23,11.5,10.4,12.5,3420,0.0,1.22,1.8
2012-10-24,11.4,8.6,14.0,3972,0.3,1.09,1.2
2012-10-25,9.6,5.6,12.4,3701,1.2,0.89,2.4
2012-10-26,3.7,-0.1,7.5,8437,0.0,0.6,2.3
2012-10-27,3.2,-0.5,5.6,3176,0.0,0.58,2.8
2012-10-28,1.6,-1.9,7.7,7480,0.0,0.53,2.0
2012-10-29,2.0,-2.6,7.1,8721,1.0,0.51,2.8
2012-10-30,3.4,0.7,5.8,3003,2.2,0.63,2.4
2012-10-31,3.9,-0.5,9.2,6841,0.0,0.59,2.5
2012-11-01,5.0,1.3,7.3,2893,4.0,0.65,3.1
2012-11-02,7.1,5.1,10.4,5720,2.6,0.86,3.8
2012-11-03,6.7,3.8,9.4,3272,0.9,0.78,3.0
2012-11-04,7.3,4.0,10.7,3633,4.6,0.8,2.5
2012-11-05,7.6,5.9,10.7,3454,0.5,0.9,3.1
2012-11-06,5.6,3.9,7.9,4973,2.0,0.78,3.3
2012-11-07,8.9,5.0,11.0,2762,0.4,0.85,4.3
2012-11-08,8.9,7.8,10.4,2599,0.1,1.02,3.4
2012-11-09,8.7,6.0,11.0,2721,0.0,0.91,2.2
2012-11-10,7.2,3.8,10.9,3286,2.9,0.79,2.3
2012-11-11,9.1,6.3,12.2,2683,0.1,0.93,2.1
2012-11-12,6.5,3.4,9.3,3562,0.0,0.76,2.0
2012-11-13,4.5,1.1,10.0,6356,0.0,0.66,1.8
2012-11-14,2.2,-1.3,8.2,6216,0.0,0.56,1.7
2012-11-15,-1.4,-2.5,-0.4,2244,0.0,0.49,1.4
2012-11-16,0.2,-1.5,0.8,2206,0.0,0.53,1.8
2012-11-17,0.8,-0.9,2.3,2170,0.0,0.55,2.2
2012-11-18,3.7,-1.1,6.6,2134,0.7,0.55,1.6
2012-11-19,6.1,3.8,7.0,2099,0.0,0.78,1.7
2012-11-20,4.8,3.0,6.3,2066,0.0,0.73,2.0
2012-11-21,5.6,3.5,8.3,3216,0.0,0.76,2.6
2012-11-22,5.9,1.3,10.3,3953,0.0,0.67,2.4
2012-11-23,3.4,-0.9,6.3,3179,4.1,0.56,2.4
2012-11-24,6.5,5.6,7.8,1944,0.9,0.88,1.6
2012-11-25,7.7,5.5,11.5,1916,0.0,0.88,3.9
2012-11-26,6.6,2.7,10.0,3766,1.3,0.73,2.4
2012-11-27,7.8,5.7,9.2,1864,2.8,0.88,1.6
2012-11-28,6.1,5.3,6.8,1840,8.3,0.85,1.9
2012-11-29,3.9,1.7,5.6,1817,18.1,0.66,3.5
2012-11-30,1.5,-2.2,3.2,1795,0.4,0.5,2.0
2012-12-01,-0.2,-2.8,1.6,1864,0.2,0.48,2.1
2012-12-02,-0.1,-1.5,1.0,1754,0.1,0.52,2.5
2012-12-03,-0.1,-1.7,1.1,3199,1.7,0.52,3.0
2012-12-04,1.8,-0.6,4.0,1718,3.0,0.57,3.6
2012-12-05,-2.1,-5.2,1.3,3890,0.0,0.41,2.7
2012-12-06,-3.4,-7.0,-0.9,1773,1.9,0.35,3.1
2012-12-07,-5.3,-7.6,-1.0,4268,0.0,0.34,2.4
2012-12-08,-5.7,-9.9,-2.7,2951,0.2,0.28,1.6
2012-12-09,-2.5,-5.0,1.1,1647,9.4,0.41,3.7
2012-12-10,-0.6,-4.1,1.2,1636,2.2,0.44,3.9
2012-12-11,-2.5,-4.5,-1.0,1627,0.2,0.42,3.0
2012-12-12,-4.5,-7.7,-2.9,3058,0.1,0.33,1.8
2012-12-13,-3.5,-5.4,-1.8,1737,0.6,0.39,2.0
2012-12-14,-2.4,-5.9,0.2,1772,5.6,0.38,3.1
2012-12-15,2.3,-0.6,4.3,1599,2.1,0.57,2.9
2012-12-16,3.7,2.1,5.3,1594,1.1,0.69,2.5
2012-12-17,3.2,0.8,4.9,2094,0.4,0.63,2.0
2012-12-18,2.4,1.3,3.7,1589,4.1,0.65,1.7
2012-12-19,1.7,0.9,2.6,1588,0.1,0.62,1.4
2012-12-20,0.9,-0.9,2.1,1589,0.0,0.55,3.0
2012-12-21,-2.8,-4.0,-0.3,1590,0.0,0.44,2.8
2012-12-22,-3.0,-4.0,-1.9,1592,2.5,0.43,2.6
2012-12-23,-0.4,-2.9,5.6,1596,10.8,0.49,4.0
2012-12-24,6.3,4.1,8.7,1600,0.3,0.8,2.9
2012-12-25,8.6,5.5,12.4,1606,0.9,0.89,3.6
2012-12-26,6.2,2.6,9.0,1697,1.2,0.72,4.3
2012-12-27,5.9,2.5,8.9,2765,0.8,0.71,4.3
2012-12-28,-0.6,-3.7,3.2,4183,0.0,0.46,2.8
2012-12-29,5.2,1.2,8.6,1639,0.0,0.66,3.3
2012-12-30,5.9,3.6,10.0,2982,1.2,0.78,4.3
2012-12-31,7.1,4.0,9.2,1663,0.0,0.79,4.3
2013-01-01,6.2,3.8,7.6,1663,1.1,0.78,3.4
2013-01-02,4.4,2.9,5.7,1720,2.2,0.73,3.1
2013-01-03,6.8,3.9,9.6,1691,1.7,0.79,4.1
2013-01-04,7.7,5.4,9.3,1707,13.1,0.87,4.0
2013-01-05,6.8,5.4,8.3,1723,1.0,0.87,3.1
2013-01-06,6.1,5.3,7.2,1741,3.0,0.86,3.1
2013-01-07,4.3,3.2,6.6,1760,6.1,0.74,1.8
2013-01-08,5.5,3.5,6.6,1780,3.4,0.76,2.2
2013-01-09,6.3,4.4,7.1,1802,6.0,0.8,2.4
2013-01-10,2.5,-0.8,4.7,1824,3.8,0.56,3.2
2013-01-11,-1.0,-2.6,0.1,2496,0.6,0.49,2.3
2013-01-12,-1.9,-3.7,-0.4,2340,0.3,0.45,1.7
2013-01-13,-2.7,-4.3,-0.7,2181,0.0,0.43,2.0
2013-01-14,-4.8,-7.0,-3.3,1925,0.4,0.35,1.7
2013-01-15,-4.4,-5.6,-3.2,1954,0.2,0.38,1.7
2013-01-16,-3.9,-5.0,-2.9,1983,0.0,0.4,1.8
2013-01-17,-1.2,-3.0,0.1,2013,0.0,0.47,2.3
2013-01-18,-3.3,-5.0,-1.6,2045,0.0,0.41,2.5
2013-01-19,-6.6,-8.3,-4.9,2628,0.0,0.32,3.2
2013-01-20,-5.1,-8.2,-3.2,2466,1.1,0.32,3.0
2013-01-21,-4.6,-6.9,-3.2,2147,4.0,0.35,2.8
2013-01-22,-7.2,-8.2,-6.4,2183,0.0,0.31,2.1
2013-01-23,-6.9,-7.5,-6.1,2221,0.0,0.33,1.4
2013-01-24,-5.6,-9.0,-3.9,2259,0.0,0.3,1.7
2013-01-25,-7.5,-12.0,-0.8,4493,0.0,0.25,1.7
2013-01-26,-9.4,-13.6,-4.7,5642,0.2,0.22,2.8
2013-01-27,-1.1,-4.8,1.5,2382,3.4,0.42,3.2
2013-01-28,1.9,-0.5,5.3,4586,1.9,0.58,2.9
2013-01-29,4.0,1.5,6.9,2469,12.3,0.66,4.4
2013-01-30,8.1,5.0,12.1,2515,3.4,0.86,5.4
2013-01-31,6.4,4.7,8.4,3193,0.0,0.82,6.2
2013-02-01,5.6,3.0,7.4,2609,7.8,0.73,3.5
2013-02-02,1.0,-2.7,3.5,2658,2.5,0.49,3.2
2013-02-03,-0.1,-4.3,3.1,2767,5.1,0.44,3.8
2013-02-04,2.9,0.3,6.5,2940,2.6,0.61,4.6
2013-02-05,2.5,-1.5,6.3,3910,2.0,0.54,4.2
2013-02-06,0.5,-2.5,4.6,7995,0.0,0.5,2.5
2013-02-07,0.3,-1.9,2.0,3294,1.6,0.51,2.3
2013-02-08,-0.7,-2.1,1.2,3164,3.8,0.51,2.0
2013-02-09,-1.2,-3.6,0.6,4313,1.1,0.45,1.6
2013-02-10,-4.1,-6.9,-1.7,3088,0.0,0.35,2.1
2013-02-11,-3.0,-8.0,-0.1,4855,0.0,0.33,3.4
2013-02-12,-0.8,-3.7,2.7,6066,1.3,0.45,2.5
2013-02-13,-1.6,-2.9,0.0,3603,0.0,0.47,1.5
2013-02-14,-1.2,-2.5,0.8,3600,0.0,0.49,2.2
2013-02-15,-0.1,-1.4,1.1,3390,0.0,0.53,1.7
2013-02-16,1.1,-0.2,3.4,3454,0.0,0.58,1.2
2013-02-17,1.0,0.0,2.2,3518,0.0,0.58,1.3
2013-02-18,0.3,-0.5,1.6,3583,5.1,0.57,1.5
2013-02-19,0.2,-0.5,1.9,3650,1.7,0.57,2.8
2013-02-20,-1.1,-2.8,0.5,3790,0.3,0.48,2.9
2013-02-21,-2.8,-4.2,-0.8,5265,0.0,0.43,3.0
2013-02-22,-2.8,-3.6,-0.7,5051,0.1,0.45,3.3
2013-02-23,-2.4,-4.3,-0.4,3923,4.0,0.43,3.3
2013-02-24,0.5,-0.5,1.7,3994,4.0,0.56,2.5
2013-02-25,1.6,0.9,2.9,4065,0.0,0.62,2.4
2013-02-26,0.9,0.4,1.7,4137,0.1,0.6,2.3
2013-02-27,1.3,0.3,2.8,4210,0.0,0.6,2.0
2013-02-28,1.8,0.0,4.6,4283,0.1,0.59,1.8
2013-03-01,1.7,-2.1,5.5,6137,0.0,0.51,2.4
2013-03-02,0.7,-3.3,6.2,10891,0.0,0.48,2.3
2013-03-03,1.9,-1.1,5.8,6161,0.0,0.55,2.3
2013-03-04,2.4,-2.6,9.1,13267,0.0,0.51,2.0
2013-03-05,4.0,-3.1,12.5,13770,0.0,0.52,2.0
2013-03-06,5.1,-2.3,14.2,13429,0.0,0.57,1.7
2013-03-07,5.5,1.3,10.0,6451,0.5,0.66,2.7
2013-03-08,0.5,-0.5,2.9,4895,0.0,0.57,3.3
2013-03-09,-0.1,-1.5,1.8,4973,4.6,0.53,3.2
2013-03-10,-2.7,-5.6,-0.8,5053,3.9,0.39,3.4
2013-03-11,-4.6,-5.9,-3.0,5133,0.9,0.38,3.0
2013-03-12,-4.0,-6.3,-0.6,5574,0.1,0.37,2.5
2013-03-13,-3.8,-7.2,0.4,13406,0.0,0.35,1.9
2013-03-14,-3.7,-8.3,0.7,8318,0.0,0.32,1.9
2013-03-15,-3.1,-6.3,1.3,14365,0.1,0.38,1.9
2013-03-16,-1.9,-9.4,4.6,15837,0.0,0.32,3.1
2013-03-17,-0.1,-4.7,4.6,11853,0.0,0.43,3.9
2013-03-18,-0.2,-2.0,2.4,5701,5.1,0.51,3.2
2013-03-19,-1.6,-3.1,-0.1,5783,3.6,0.47,3.1
2013-03-20,-1.1,-3.1,2.1,6447,4.8,0.47,2.5
2013-03-21,-1.2,-4.3,1.7,6339,0.9,0.43,2.3
2013-03-22,-2.3,-5.6,1.0,6621,0.0,0.39,3.4
2013-03-23,-6.2,-10.0,-1.9,17325,0.0,0.28,4.8
2013-03-24,-5.1,-11.8,0.9,17894,0.0,0.26,4.6
2013-03-25,-2.8,-7.3,2.0,16857,0.0,0.35,4.4
2013-03-26,-1.6,-6.0,3.3,16105,0.0,0.39,3.6
2013-03-27,-0.7,-4.9,2.7,10125,0.0,0.42,3.1
2013-03-28,-0.2,-2.7,2.8,8587,1.1,0.49,2.5
2013-03-29,-0.1,-1.9,1.3,6610,3.7,0.51,2.1
2013-03-30,0.2,-1.4,2.6,7319,0.1,0.53,1.8
2013-03-31,0.1,-1.6,3.1,7301,0.3,0.53,2.2
2013-04-01,-0.2,-3.5,3.5,7704,0.0,0.46,2.3
2013-04-02,-0.1,-4.9,2.9,9282,0.0,0.42,2.9
2013-04-03,0.8,-1.1,2.4,7878,0.0,0.54,3.3
2013-04-04,1.3,-1.3,3.3,8936,0.0,0.54,3.2
2013-04-05,1.6,0.2,3.0,7184,0.0,0.6,2.7
2013-04-06,1.9,-1.3,4.5,7265,0.0,0.54,2.0
2013-04-07,3.3,-2.7,9.8,19640,0.0,0.52,2.0
2013-04-08,4.5,-1.0,10.1,16809,0.0,0.58,2.3
2013-04-09,4.6,0.9,9.8,9059,0.0,0.65,2.9
2013-04-10,5.7,2.6,9.2,7808,0.0,0.72,3.0
2013-04-11,8.9,4.3,14.5,9234,5.3,0.83,2.7
2013-04-12,10.2,7.1,14.1,10449,3.9,0.99,3.2
2013-04-13,9.9,5.2,14.0,10540,0.0,0.88,3.3
2013-04-14,11.5,2.6,19.1,13934,0.0,0.8,2.2
2013-04-15,16.2,7.7,24.2,19647,0.8,1.12,2.3
2013-04-16,15.4,9.7,20.1,11155,0.2,1.21,2.2
2013-04-17,16.5,12.3,21.3,13901,0.0,1.43,2.0
2013-04-18,17.4,11.6,25.9,17365,0.0,1.41,3.8
2013-04-19,12.4,7.4,16.6,12236,0.0,1.02,2.9
2013-04-20,8.1,3.2,13.3,23440,0.0,0.77,3.1
2013-04-21,11.1,4.1,17.4,21930,0.0,0.86,2.2
2013-04-22,12.3,7.0,19.6,17692,0.0,1.03,1.8
2013-04-23,12.9,7.3,18.6,13182,0.0,1.04,2.9
2013-04-24,13.6,7.5,19.5,22300,0.0,1.06,2.2
2013-04-25,16.0,12.5,20.8,15145,0.0,1.43,1.6
2013-04-26,17.8,6.8,25.7,16792,12.3,1.09,2.4
2013-04-27,7.4,5.5,9.5,8844,2.6,0.88,2.8
2013-04-28,9.2,5.3,15.0,18427,0.0,0.9,1.9
2013-04-29,11.2,7.4,17.0,13570,0.0,1.02,2.6
2013-04-30,10.9,6.2,14.4,12437,0.0,0.94,2.3
2013-05-01,12.0,6.3,17.7,18347,0.0,0.97,2.3
2013-05-02,12.6,8.7,15.4,9172,0.0,1.11,2.2
2013-05-03,13.1,7.1,18.5,20725,0.0,1.02,1.9
2013-05-04,13.6,5.0,21.0,24495,0.0,0.94,2.0
2013-05-05,15.5,7.9,22.3,24472,0.0,1.11,1.8
2013-05-06,16.9,9.6,24.0,18903,0.7,1.25,2.0
2013-05-07,17.9,13.7,23.4,11452,8.4,1.56,1.9
2013-05-08,18.1,13.5,24.3,18321,0.0,1.56,2.0
2013-05-09,16.9,13.1,23.0,13560,1.8,1.51,2.0
2013-05-10,15.4,9.8,18.9,11636,0.2,1.21,2.5
2013-05-11,13.3,9.1,17.6,14932,0.3,1.14,2.1
2013-05-12,11.0,6.2,18.1,15370,2.3,0.97,2.7
2013-05-13,11.0,5.2,16.0,18434,0.0,0.89,2.9
2013-05-14,12.4,8.9,15.4,13240,1.0,1.11,2.5
2013-05-15,17.7,7.4,26.2,26594,0.6,1.13,2.5
2013-05-16,20.1,12.4,26.2,23654,0.0,1.5,2.4
2013-05-17,21.6,14.9,28.0,23471,0.1,1.75,2.4
2013-05-18,14.0,8.8,18.9,11564,10.5,1.14,2.3
2013-05-19,15.3,7.7,22.7,27515,0.0,1.1,2.2
2013-05-20,14.6,10.1,17.7,11026,0.0,1.22,2.5
2013-05-21,13.2,8.6,17.9,16132,0.0,1.11,2.4
2013-05-22,9.8,5.6,12.4,10226,4.3,0.89,3.8
2013-05-23,9.7,3.8,16.0,25614,0.0,0.83,2.2
2013-05-24,10.6,5.5,14.2,18178,0.0,0.9,1.8
2013-05-25,9.1,7.5,11.3,10342,35.3,1.0,2.4
2013-05-26,11.1,8.5,13.9,10379,2.8,1.08,3.8
2013-05-27,11.9,7.7,16.8,16654,0.0,1.05,2.5
2013-05-28,12.6,9.9,17.8,11722,6.4,1.21,1.9
2013-05-29,13.7,9.4,20.3,14052,4.4,1.19,2.3
2013-05-30,15.4,11.5,21.0,12298,7.2,1.35,2.1
2013-05-31,15.9,13.4,22.7,13479,20.5,1.53,3.6
2013-06-01,16.5,13.5,22.2,11975,6.6,1.54,3.4
2013-06-02,12.2,10.2,15.6,10596,3.6,1.21,4.1
2013-06-03,13.5,9.7,17.9,15741,0.0,1.19,3.2
2013-06-04,14.1,8.4,21.0,19609,0.0,1.13,2.3
2013-06-05,15.4,7.2,22.3,30398,0.0,1.08,1.8
2013-06-06,17.0,7.9,24.3,27992,0.0,1.15,1.8
2013-06-07,18.9,10.2,25.4,30199,0.0,1.3,1.7
2013-06-08,19.2,14.1,25.1,22657,1.3,1.63,1.9
2013-06-09,18.5,12.5,25.2,21908,2.2,1.49,2.1
2013-06-10,17.3,12.4,23.0,24365,0.0,1.44,2.1
2013-06-11,17.8,10.5,23.7,26179,0.0,1.3,1.6
2013-06-12,19.6,12.0,25.1,24012,0.0,1.45,1.9
2013-06-13,21.6,15.0,26.7,19403,9.0,1.72,2.8
2013-06-14,15.7,11.7,20.3,16588,0.0,1.37,2.7
2013-06-15,18.1,12.0,23.2,21221,0.0,1.42,2.7
2013-06-16,17.2,12.6,20.9,19431,0.0,1.43,2.5
2013-06-17,20.4,13.4,26.7,25474,0.0,1.59,1.8
2013-06-18,23.7,17.4,30.3,28047,0.0,2.02,1.8
2013-06-19,26.7,18.1,34.1,28435,0.0,2.19,2.2
2013-06-20,26.0,17.5,32.6,25224,18.3,2.08,2.3
2013-06-21,20.3,16.4,24.6,23424,0.0,1.83,3.2
2013-06-22,20.0,14.5,24.7,25090,0.0,1.64,2.8
2013-06-23,19.2,14.9,24.1,19820,0.0,1.69,3.2
2013-06-24,17.5,13.7,22.0,16860,4.1,1.56,2.5
2013-06-25,12.9,11.6,14.9,10820,30.3,1.32,3.0
2013-06-26,12.6,9.2,15.0,11711,0.0,1.13,3.2
2013-06-27,13.4,7.6,18.7,18501,0.9,1.06,2.2
2013-06-28,14.8,10.7,20.7,16436,0.1,1.29,2.2
2013-06-29,14.6,9.7,19.9,11422,2.0,1.22,3.0
2013-06-30,12.6,7.8,15.9,17047,0.1,1.05,2.4
2013-07-01,18.3,12.2,26.0,21641,12.7,1.48,2.2
2013-07-02,18.0,13.3,23.5,24180,0.0,1.53,1.7
2013-07-03,20.8,13.6,27.9,21596,0.0,1.62,2.2
2013-07-04,19.2,16.3,23.2,14025,0.2,1.81,1.7
2013-07-05,19.9,15.4,24.5,18605,0.0,1.74,1.8
2013-07-06,18.8,13.2,24.8,27010,0.0,1.53,1.9
2013-07-07,19.2,12.0,26.3,29913,0.0,1.47,2.0
2013-07-08,20.5,12.7,27.2,29620,0.0,1.52,2.2
2013-07-09,21.3,15.2,27.5,28816,0.0,1.75,1.9
2013-07-10,18.0,13.2,22.4,23295,0.0,1.5,2.7
2013-07-11,17.0,13.2,22.0,14726,0.0,1.5,2.6
2013-07-12,17.1,12.3,22.6,14184,0.2,1.44,1.9
2013-07-13,18.8,11.8,24.9,27366,0.0,1.43,2.0
2013-07-14,16.1,13.0,18.2,10430,0.0,1.45,2.3
2013-07-15,17.1,10.6,23.7,21685,0.0,1.33,2.0
2013-07-16,19.8,12.3,27.0,26832,0.0,1.5,1.6
2013-07-17,21.5,14.4,28.1,25892,0.0,1.69,1.7
2013-07-18,21.9,14.8,28.5,26720,0.0,1.73,2.2
2013-07-19,21.1,14.7,27.5,27166,0.0,1.71,2.7
2013-07-20,21.4,15.2,27.7,27482,0.0,1.77,2.0
2013-07-21,22.1,13.8,29.6,29432,0.0,1.66,1.7
2013-07-22,24.3,16.9,31.7,28985,0.0,2.01,1.4
2013-07-23,23.1,16.7,30.4,28537,0.0,1.97,1.8
2013-07-24,22.6,13.7,30.7,25579,0.0,1.68,1.8
2013-07-25,24.5,19.4,30.7,24256,0.0,2.27,1.4
2013-07-26,26.1,20.1,32.1,21560,1.1,2.39,1.4
2013-07-27,27.0,20.8,34.2,24235,0.0,2.51,1.7
2013-07-28,27.3,20.1,34.7,18804,3.0,2.44,2.4
2013-07-29,20.9,16.8,24.0,10656,29.1,1.89,2.0
2013-07-30,19.7,16.3,24.3,19659,1.8,1.83,2.9
2013-07-31,19.9,16.0,25.5,14880,0.0,1.8,2.8
2013-08-01,22.6,16.1,29.7,20869,0.0,1.89,1.7
2013-08-02,26.5,17.9,35.0,26214,0.0,2.19,1.9
2013-08-03,25.6,19.8,33.2,20338,2.0,2.37,2.4
2013-08-04,21.9,16.8,28.5,15591,4.3,1.94,1.6
2013-08-05,21.2,14.8,27.8,23230,0.0,1.73,1.9
2013-08-06,23.8,17.4,30.7,21548,17.9,2.05,2.3
2013-08-07,21.0,17.5,26.0,12443,5.8,1.98,2.1
2013-08-08,20.5,15.8,24.0,14680,1.3,1.77,2.3
2013-08-09,17.1,13.5,21.4,14118,0.0,1.54,1.6
2013-08-10,17.7,13.0,25.6,20683,2.6,1.53,2.2
2013-08-11,16.3,12.9,21.0,14684,0.0,1.47,2.4
2013-08-12,16.6,11.9,23.3,14121,3.8,1.4,2.3
2013-08-13,15.6,11.6,21.3,18825,1.4,1.36,2.8
2013-08-14,14.6,10.4,20.5,18368,0.2,1.27,2.3
2013-08-15,17.1,9.6,23.6,22072,0.0,1.25,1.7
2013-08-16,21.2,14.7,27.2,23378,0.0,1.72,1.9
2013-08-17,20.3,13.5,26.9,17708,0.0,1.6,1.8
2013-08-18,19.6,15.3,26.8,10666,0.9,1.76,2.5
2013-08-19,17.8,14.5,20.7,10235,3.9,1.62,2.0
2013-08-20,16.5,12.8,22.2,13191,0.0,1.47,2.0
2013-08-21,16.6,12.3,22.5,11705,0.0,1.43,1.5
2013-08-22,17.6,12.1,24.1,18910,0.0,1.43,1.4
2013-08-23,18.2,13.4,24.3,18215,0.0,1.56,2.0
2013-08-24,18.2,11.9,25.1,22344,0.0,1.44,2.5
2013-08-25,19.0,13.6,25.2,20377,0.0,1.57,2.6
2013-08-26,17.8,13.0,24.0,22519,0.0,1.5,2.6
2013-08-27,16.6,11.6,22.7,10264,0.0,1.38,1.9
2013-08-28,17.5,12.7,24.2,13893,0.0,1.48,1.5
2013-08-29,18.0,10.7,25.4,19838,0.0,1.34,1.3
2013-08-30,19.5,13.1,25.3,17357,0.0,1.54,1.6
2013-08-31,18.2,11.9,24.6,12791,0.5,1.44,2.5
2013-09-01,14.4,9.3,18.9,11361,0.1,1.17,2.9
2013-09-02,14.7,12.9,16.4,7420,4.1,1.44,3.8
2013-09-03,16.8,15.5,18.6,7340,4.1,1.7,2.2
2013-09-04,16.9,13.0,20.5,7586,0.0,1.47,1.3
2013-09-05,17.8,12.1,24.7,19588,0.0,1.45,2.1
2013-09-06,18.5,12.0,26.6,19970,0.0,1.47,2.4
2013-09-07,18.9,11.5,27.4,19065,0.0,1.43,1.8
2013-09-08,18.3,12.5,24.6,11282,5.8,1.48,2.3
2013-09-09,13.5,10.1,15.5,7068,9.0,1.2,2.5
2013-09-10,11.8,8.7,17.8,7300,3.3,1.12,2.6
2013-09-11,11.5,8.8,14.1,7734,3.0,1.1,2.6
2013-09-12,13.0,9.4,17.7,8987,0.5,1.17,1.9
2013-09-13,14.9,10.6,20.1,15755,0.0,1.27,1.8
2013-09-14,15.9,11.1,23.1,13878,0.1,1.35,2.2
2013-09-15,14.8,12.0,17.6,6873,0.7,1.37,2.3
2013-09-16,13.0,9.7,17.2,6587,0.5,1.19,3.2
2013-09-17,10.8,6.3,16.5,14666,0.0,0.96,3.3
2013-09-18,9.6,6.6,12.1,6320,5.0,0.95,2.7
2013-09-19,10.7,7.7,14.5,7119,0.4,1.03,2.5
2013-09-20,12.3,9.4,16.0,6543,4.1,1.15,2.4
2013-09-21,13.6,10.5,17.2,10509,0.0,1.24,1.7
2013-09-22,14.2,10.3,17.3,6753,0.1,1.23,2.2
2013-09-23,16.2,14.8,17.8,5904,0.1,1.62,2.7
2013-09-24,13.2,9.0,15.1,5633,6.2,1.12,1.7
2013-09-25,10.3,7.5,13.1,5739,2.3,1.01,1.6
2013-09-26,9.1,5.9,13.0,7230,0.6,0.91,2.2
2013-09-27,9.6,4.8,14.9,11537,0.0,0.87,1.6
2013-09-28,9.7,5.3,15.8,13675,0.0,0.9,1.9
2013-09-29,8.7,3.6,15.1,14871,0.0,0.8,3.3
2013-09-30,8.7,4.4,14.8,14346,0.0,0.84,2.9
2013-10-01,8.1,3.3,14.8,13032,0.0,0.79,2.3
2013-10-02,7.1,2.2,14.3,13755,0.0,0.74,2.9
2013-10-03,6.6,1.0,13.0,13940,0.0,0.68,3.5
2013-10-04,8.1,1.3,15.6,12658,0.0,0.71,2.9
2013-10-05,10.3,7.2,13.3,4761,0.1,0.99,1.7
2013-10-06,12.3,9.0,15.5,4684,0.1,1.12,1.4
2013-10-07,14.0,11.6,17.3,4608,0.0,1.34,1.4
2013-10-08,12.7,8.3,15.5,4533,0.0,1.07,1.3
2013-10-09,12.8,9.1,16.6,4621,1.9,1.14,2.2
2013-10-10,9.8,7.6,12.2,4383,7.7,1.01,2.2
2013-10-11,12.8,7.9,17.1,4550,13.4,1.06,2.5
2013-10-12,11.8,9.3,14.0,4237,31.4,1.14,2.3
2013-10-13,7.8,4.3,11.5,6670,0.0,0.82,2.1
2013-10-14,9.1,2.7,15.4,7888,0.0,0.77,2.0
2013-10-15,10.3,7.0,13.1,4405,6.3,0.98,2.3
2013-10-16,8.4,5.7,11.1,4936,0.3,0.89,1.9
2013-10-17,10.8,6.0,15.5,5980,2.1,0.93,4.0
2013-10-18,9.1,2.6,13.2,7147,0.0,0.74,2.3
2013-10-19,7.8,1.4,13.1,8287,0.2,0.69,2.4
2013-10-20,15.2,10.9,18.9,5272,0.0,1.29,2.3
2013-10-21,14.5,11.5,18.5,7263,0.0,1.32,2.5
2013-10-22,14.8,9.0,21.3,9703,0.0,1.18,2.5
2013-10-23,16.1,12.5,19.4,4043,0.0,1.43,3.1
2013-10-24,13.2,8.3,17.6,7567,0.1,1.09,2.2
2013-10-25,11.9,6.1,15.6,3426,1.1,0.94,2.1
2013-10-26,15.5,12.5,19.3,4916,5.2,1.42,2.7
2013-10-27,15.3,10.1,19.1,5370,2.5,1.22,4.4
2013-10-28,14.8,10.9,20.6,3308,1.0,1.31,5.3
2013-10-29,11.6,7.2,16.0,6177,0.0,1.01,3.9
2013-10-30,8.4,4.8,13.5,6791,0.0,0.85,2.7
2013-10-31,6.7,2.0,12.5,8723,0.0,0.71,2.4
2013-11-01,8.4,4.4,11.6,3576,1.2,0.83,2.6
2013-11-02,10.1,6.7,12.6,2893,2.1,0.95,2.8
2013-11-03,9.2,5.9,11.2,3330,2.1,0.9,4.2
2013-11-04,8.5,5.8,11.5,2908,3.9,0.9,4.1
2013-11-05,7.2,4.0,11.2,3574,1.8,0.8,3.3
2013-11-06,6.8,3.9,10.4,3277,7.8,0.79,3.8
2013-11-07,10.7,7.2,14.2,2695,5.3,1.0,3.6
2013-11-08,8.9,6.7,11.2,3166,3.7,0.95,2.1
2013-11-09,8.6,4.2,12.3,4480,0.0,0.81,4.0
2013-11-10,5.9,2.6,7.8,3059,0.1,0.72,2.9
2013-11-11,5.2,1.8,8.0,3676,0.0,0.68,1.9
2013-11-12,4.3,0.7,7.2,4719,0.3,0.63,2.2
2013-11-13,6.2,2.3,9.9,3616,0.0,0.71,2.0
2013-11-14,3.7,0.4,8.1,5065,0.0,0.62,1.9
2013-11-15,3.8,2.3,5.0,2283,0.0,0.69,1.8
2013-11-16,2.3,-0.4,5.2,2402,0.0,0.58,2.2
2013-11-17,5.1,2.3,7.7,2206,0.1,0.7,1.6
2013-11-18,5.3,4.0,5.9,2170,0.0,0.78,1.9
2013-11-19,6.4,4.8,7.7,2134,5.3,0.83,2.0
2013-11-20,4.4,2.9,6.3,2099,8.4,0.73,2.2
2013-11-21,3.5,1.4,4.5,2066,7.0,0.65,2.0
2013-11-22,4.3,2.6,5.4,2034,2.4,0.71,2.6
2013-11-23,6.1,3.2,7.8,2003,0.4,0.75,2.4
2013-11-24,2.5,-2.2,5.6,1973,0.3,0.51,2.9
2013-11-25,-0.1,-2.6,3.1,5481,0.0,0.49,2.3
2013-11-26,-0.9,-3.5,3.2,5183,0.0,0.47,1.6
2013-11-27,0.3,-3.7,4.4,2265,0.9,0.46,2.2
2013-11-28,6.4,4.0,8.9,2701,0.0,0.79,2.9
2013-11-29,5.1,3.5,6.6,1840,4.7,0.76,3.3
2013-11-30,4.2,2.2,5.5,1817,1.0,0.69,2.6
2013-12-01,5.6,3.0,7.5,1795,0.0,0.74,2.6
2013-12-02,1.2,-0.9,4.4,4024,0.0,0.56,1.8
2013-12-03,0.0,-2.2,2.7,3630,0.0,0.5,1.7
2013-12-04,1.0,-2.7,4.6,1736,2.1,0.49,2.9
2013-12-05,2.6,0.1,4.0,1718,4.7,0.59,5.3
2013-12-06,0.9,0.1,2.2,1702,3.6,0.59,6.9
2013-12-07,1.0,-0.1,2.1,2078,0.6,0.58,3.8
2013-12-08,3.8,0.1,7.7,1672,4.4,0.61,3.5
2013-12-09,8.4,7.3,9.1,1659,4.6,0.98,3.4
2013-12-10,8.5,7.6,9.2,1647,0.5,1.0,1.8
2013-12-11,6.0,4.2,7.8,1636,0.0,0.8,1.9
2013-12-12,2.9,0.8,4.5,1627,0.0,0.63,2.0
2013-12-13,0.3,-1.1,1.3,2804,0.0,0.54,1.9
2013-12-14,1.2,-0.9,4.4,1610,0.0,0.56,2.5
2013-12-15,3.7,1.1,6.6,1604,0.4,0.65,3.0
2013-12-16,4.6,1.1,8.9,4371,0.0,0.66,2.8
2013-12-17,5.5,2.7,8.8,2517,0.0,0.72,1.9
2013-12-18,3.0,-0.3,6.4,2052,0.0,0.58,2.2
2013-12-19,3.8,1.2,6.6,1589,0.5,0.65,3.0
2013-12-20,4.0,1.1,6.4,1588,0.0,0.64,2.5
2013-12-21,4.2,1.2,7.0,1798,2.9,0.65,3.7
2013-12-22,7.8,4.3,10.7,1925,2.9,0.82,4.2
2013-12-23,6.2,3.7,8.3,3268,0.0,0.78,3.8
2013-12-24,8.6,7.2,10.3,1638,0.0,0.98,4.8
2013-12-25,8.0,6.1,9.4,1600,4.2,0.91,2.8
2013-12-26,6.1,4.7,7.6,2238,1.9,0.83,1.8
2013-12-27,6.2,4.6,7.9,3895,0.0,0.82,3.9
2013-12-28,8.1,6.4,10.1,1620,5.4,0.93,2.9
2013-12-29,5.3,1.9,7.1,2225,0.9,0.68,3.1
2013-12-30,2.0,-0.8,5.2,4417,0.0,0.56,2.8
2013-12-31,1.0,-1.2,5.0,3754,0.0,0.54,2.5
2014-01-01,0.9,-2.1,4.3,1749,0.0,0.51,2.7
2014-01-02,3.8,-0.3,6.7,1763,0.1,0.58,3.2
2014-01-03,6.0,2.6,8.4,3567,0.5,0.72,3.2
2014-01-04,5.8,3.7,8.4,2189,0.0,0.77,2.9
2014-01-05,4.9,0.9,7.2,1723,0.4,0.63,2.6
2014-01-06,4.6,0.6,8.3,2231,9.8,0.63,3.3
2014-01-07,8.5,6.2,10.7,4449,1.6,0.92,3.3
2014-01-08,7.7,4.2,10.5,2277,1.7,0.81,3.1
2014-01-09,8.2,4.1,12.1,1802,0.8,0.81,4.0
2014-01-10,6.2,3.9,7.4,1824,0.0,0.78,4.0
2014-01-11,4.9,2.3,8.0,4486,2.5,0.7,3.2
2014-01-12,3.7,0.1,5.4,3507,0.0,0.6,2.8
2014-01-13,1.6,-1.6,4.0,2087,0.0,0.53,2.2
2014-01-14,4.0,2.1,5.7,2021,0.0,0.68,1.5
2014-01-15,3.3,2.5,4.2,1954,0.0,0.7,2.3
2014-01-16,2.6,0.8,3.9,1983,6.7,0.63,2.8
2014-01-17,5.6,2.9,8.1,2651,0.0,0.73,2.3
2014-01-18,3.4,0.5,5.7,4075,0.0,0.61,2.5
2014-01-19,0.8,-2.7,4.3,2078,0.0,0.49,3.3
2014-01-20,-2.1,-3.2,-1.4,2112,0.6,0.47,2.6
2014-01-21,-2.6,-4.2,-1.6,2147,3.9,0.43,1.9
2014-01-22,-4.6,-5.5,-3.8,2183,0.0,0.39,2.0
2014-01-23,-4.8,-5.7,-3.3,2221,0.0,0.38,2.7
2014-01-24,-6.7,-12.5,-4.2,2259,0.7,0.23,2.8
2014-01-25,-12.1,-13.4,-9.4,4814,0.0,0.21,2.6
2014-01-26,-11.3,-13.5,-8.2,4018,0.0,0.21,3.6
2014-01-27,-3.9,-8.5,-2.1,2382,3.2,0.32,3.1
2014-01-28,-3.1,-5.8,-0.4,3035,0.0,0.39,2.7
2014-01-29,-6.0,-7.0,-5.2,2469,0.0,0.35,3.4
2014-01-30,-4.7,-6.1,-2.8,3139,0.0,0.37,2.9
2014-01-31,-1.8,-5.0,1.9,4112,0.0,0.42,2.1
2014-02-01,1.4,-3.3,6.6,5924,0.0,0.48,2.9
2014-02-02,2.2,1.1,3.4,2658,1.9,0.63,1.9
2014-02-03,1.4,-1.4,4.1,2886,0.0,0.53,2.3
2014-02-04,1.1,-2.4,6.1,7222,0.0,0.51,2.3
2014-02-05,0.8,-3.0,5.2,7085,0.0,0.49,2.8
2014-02-06,4.5,0.8,9.4,6759,0.2,0.64,3.3
2014-02-07,7.5,3.4,12.7,3231,0.1,0.78,4.5
2014-02-08,6.3,2.6,9.8,4938,1.1,0.72,3.7
2014-02-09,5.7,1.5,9.6,7455,0.0,0.68,4.2
2014-02-10,4.1,0.0,10.0,7762,0.0,0.62,2.6
2014-02-11,4.4,2.0,7.9,3343,0.0,0.69,3.1
2014-02-12,4.0,0.6,8.7,6731,0.0,0.63,3.2
2014-02-13,5.2,1.5,10.4,6767,1.6,0.68,3.7
2014-02-14,4.8,2.8,8.5,6394,0.0,0.72,3.5
2014-02-15,8.1,3.8,11.3,3459,0.0,0.79,4.3
2014-02-16,7.0,1.9,11.3,6176,0.3,0.7,4.2
2014-02-17,5.2,0.1,11.0,8744,0.0,0.63,2.0
2014-02-18,4.4,-0.1,8.9,6442,0.0,0.6,1.8
2014-02-19,5.6,2.2,8.7,3650,0.0,0.7,2.3
2014-02-20,6.7,3.8,11.3,5326,0.0,0.79,2.6
2014-02-21,6.8,2.8,11.0,4303,2.5,0.74,3.0
2014-02-22,5.1,0.4,10.5,9618,0.0,0.64,2.9
2014-02-23,5.7,1.1,10.4,10965,0.0,0.66,2.5
2014-02-24,5.7,-1.1,12.9,11575,0.0,0.59,2.6
2014-02-25,6.1,-0.4,14.1,11112,0.0,0.63,2.4
2014-02-26,7.3,2.3,13.3,7269,0.0,0.73,1.7
2014-02-27,7.0,3.4,12.1,5002,0.0,0.78,2.1
2014-02-28,4.8,1.8,7.4,4283,0.0,0.68,2.0
2014-03-01,4.5,-1.1,11.3,11234,0.0,0.58,1.6
2014-03-02,5.0,0.1,10.4,8112,0.0,0.62,1.8
2014-03-03,4.9,0.1,10.8,10622,0.0,0.62,2.6
2014-03-04,5.7,1.7,11.0,4751,1.6,0.69,1.3
2014-03-05,6.3,2.8,10.8,6011,0.0,0.74,1.5
2014-03-06,5.9,0.8,10.6,8743,0.0,0.65,1.7
2014-03-07,3.7,-2.0,11.0,9808,0.0,0.55,2.0
2014-03-08,7.0,2.5,13.0,13848,0.0,0.74,1.9
2014-03-09,8.7,-0.2,17.6,13575,0.0,0.67,2.4
2014-03-10,9.3,1.0,17.7,14447,0.0,0.71,1.9
2014-03-11,8.3,2.3,15.7,13901,0.0,0.75,2.3
2014-03-12,7.5,0.3,14.8,15237,0.0,0.66,1.7
2014-03-13,9.6,1.0,18.0,15229,0.0,0.72,1.3
2014-03-14,7.2,0.8,14.1,15217,2.0,0.68,1.9
2014-03-15,8.4,5.2,11.8,8982,2.6,0.86,5.2
2014-03-16,9.1,5.1,10.9,5537,0.4,0.85,5.6
2014-03-17,9.7,6.6,12.1,5619,0.2,0.95,4.0
2014-03-18,9.7,6.7,12.9,6177,2.6,0.96,3.1
2014-03-19,8.9,5.9,11.3,5879,2.3,0.91,4.5
2014-03-20,13.0,6.0,20.0,15746,0.0,0.98,3.2
2014-03-21,14.0,4.8,22.0,11612,0.6,0.93,3.7
2014-03-22,7.7,4.0,11.1,7113,1.5,0.8,2.7
2014-03-23,6.8,3.8,9.9,6808,0.0,0.78,2.2
2014-03-24,4.8,1.9,9.1,6496,4.4,0.69,1.7
2014-03-25,3.7,1.1,8.9,8596,3.2,0.66,1.7
2014-03-26,6.0,0.0,12.4,15091,0.0,0.63,2.3
2014-03-27,7.4,1.8,13.5,17998,0.0,0.71,3.0
2014-03-28,6.5,2.3,9.7,6527,0.0,0.71,2.5
2014-03-29,9.4,2.0,17.3,14802,0.0,0.75,2.1
2014-03-30,12.3,4.6,20.0,18283,0.0,0.91,1.3
2014-03-31,11.0,5.7,16.2,10244,0.0,0.92,1.3
2014-04-01,9.7,4.3,15.8,12571,0.2,0.84,1.7
2014-04-02,11.9,4.2,20.4,18122,0.0,0.89,1.8
2014-04-03,14.0,6.9,22.3,17096,0.0,1.05,2.0
2014-04-04,10.1,6.1,14.5,7318,0.0,0.93,2.5
2014-04-05,10.3,6.4,15.4,9028,0.1,0.96,1.7
2014-04-06,12.5,7.2,18.4,15996,2.8,1.03,2.0
2014-04-07,15.2,10.7,20.5,10858,0.0,1.29,2.1
2014-04-08,12.5,5.1,18.8,11179,2.9,0.91,4.2
2014-04-09,8.3,4.8,13.4,9170,2.1,0.85,3.9
2014-04-10,7.7,5.5,10.2,8031,0.0,0.88,2.1
2014-04-11,9.1,5.5,12.3,7664,0.9,0.89,1.6
2014-04-12,10.6,6.1,16.1,14283,0.8,0.94,1.6
2014-04-13,11.0,6.7,15.8,14961,3.0,0.97,3.2
2014-04-14,7.5,3.4,11.0,11884,2.6,0.76,4.8
2014-04-15,6.7,2.7,11.8,12781,0.4,0.74,3.4
2014-04-16,7.3,0.6,13.7,20008,0.0,0.66,1.7
2014-04-17,8.8,1.8,14.0,21062,4.1,0.71,2.7
2014-04-18,7.7,4.2,11.7,13305,1.1,0.81,2.7
2014-04-19,12.0,2.6,21.6,17363,0.0,0.83,2.8
2014-04-20,15.4,9.6,20.7,18527,0.5,1.22,3.1
2014-04-21,13.7,10.4,19.6,16527,0.5,1.26,2.3
2014-04-22,14.8,9.5,21.3,13211,0.2,1.21,1.7
2014-04-23,15.1,9.4,21.8,17089,0.2,1.21,1.7
2014-04-24,13.0,8.6,18.8,13983,0.0,1.12,2.1
2014-04-25,16.3,9.6,23.4,23253,0.0,1.24,2.4
2014-04-26,16.2,9.7,23.5,20741,0.1,1.25,1.9
2014-04-27,14.5,10.1,20.3,18328,0.0,1.25,2.3
2014-04-28,15.8,10.5,22.0,22883,0.0,1.29,1.7
2014-04-29,16.0,7.5,22.9,19611,0.0,1.09,1.4
2014-04-30,16.7,11.9,22.6,20800,0.1,1.41,1.6
2014-05-01,14.7,8.3,19.5,11418,7.1,1.11,2.0
2014-05-02,5.6,3.7,8.7,9172,6.1,0.77,2.6
2014-05-03,8.5,1.5,14.9,25859,0.0,0.71,2.5
2014-05-04,6.8,2.3,9.8,9910,0.0,0.72,2.0
2014-05-05,9.8,4.1,15.3,16239,0.0,0.83,1.5
2014-05-06,13.3,4.8,20.4,15700,0.3,0.91,2.6
2014-05-07,14.3,9.3,19.4,15897,0.0,1.18,3.0
2014-05-08,12.8,8.9,17.6,14114,4.7,1.14,3.2
2014-05-09,13.1,7.7,19.3,14553,2.4,1.07,3.7
2014-05-10,12.5,7.7,17.5,16110,6.2,1.05,3.2
2014-05-11,11.8,8.8,16.3,16427,0.5,1.12,4.3
2014-05-12,11.1,8.0,15.0,13748,1.0,1.06,3.8
2014-05-13,11.4,6.5,15.9,15308,0.3,0.97,2.9
2014-05-14,9.7,6.2,14.0,15244,0.6,0.93,3.1
2014-05-15,11.1,6.0,17.4,16307,0.0,0.95,2.5
2014-05-16,13.5,5.0,20.4,25916,0.0,0.93,2.6
2014-05-17,14.2,8.4,21.6,19193,6.3,1.14,2.1
2014-05-18,11.2,9.2,12.9,10556,9.6,1.13,1.8
2014-05-19,14.4,10.7,20.6,15146,0.0,1.28,1.7
2014-05-20,19.3,10.9,27.0,25434,0.0,1.39,1.7
2014-05-21,21.9,14.0,29.1,27774,0.0,1.69,2.1
2014-05-22,22.8,14.6,30.6,28724,0.0,1.76,2.3
2014-05-23,19.1,14.4,22.7,16481,0.5,1.63,2.0
2014-05-24,18.1,13.2,23.7,17416,0.0,1.53,1.8
2014-05-25,18.9,12.7,24.9,28647,0.0,1.5,1.8
2014-05-26,20.2,13.3,25.8,24248,0.0,1.55,2.4
2014-05-27,15.7,10.0,19.5,11051,16.7,1.22,3.0
2014-05-28,10.2,7.6,11.1,10448,20.1,1.01,3.2
2014-05-29,8.8,5.9,11.3,10480,0.0,0.91,2.2
2014-05-30,13.1,5.0,20.2,24809,0.0,0.92,2.0
2014-05-31,14.6,8.2,21.0,28426,0.0,1.13,2.4
2014-06-01,13.2,6.7,18.7,28594,0.0,1.0,1.7
2014-06-02,15.3,7.6,21.9,22876,0.0,1.08,1.4
2014-06-03,16.2,10.7,22.4,18429,0.0,1.3,1.3
2014-06-04,18.0,13.1,23.6,18713,0.4,1.53,2.0
2014-06-05,15.6,10.2,20.0,18611,0.1,1.25,2.9
2014-06-06,18.1,9.2,25.3,28249,0.0,1.25,1.9
2014-06-07,22.6,11.9,30.3,29173,0.0,1.51,1.6
2014-06-08,26.4,17.3,34.4,27018,0.2,2.11,1.8
2014-06-09,24.7,17.1,31.9,26270,0.7,2.04,2.0
2014-06-10,25.0,18.7,31.4,22055,0.0,2.19,2.0
2014-06-11,21.5,17.7,29.0,17707,1.1,2.05,2.2
2014-06-12,18.0,12.6,22.8,26709,0.0,1.46,2.3
2014-06-13,15.5,11.8,19.4,13496,0.4,1.36,2.8
2014-06-14,14.7,9.5,19.4,17230,2.5,1.19,2.5
2014-06-15,15.6,8.8,22.7,21864,0.0,1.19,2.2
2014-06-16,16.0,9.3,21.4,26367,0.0,1.19,2.4
2014-06-17,17.6,12.4,23.3,18537,0.1,1.46,2.1
2014-06-18,17.6,9.5,24.1,29075,0.0,1.24,2.4
2014-06-19,15.2,12.4,18.5,11607,0.1,1.41,3.3
2014-06-20,14.9,10.9,20.1,16232,0.0,1.3,3.4
2014-06-21,13.8,10.8,17.7,12635,1.7,1.28,2.8
2014-06-22,14.7,9.8,19.3,18412,0.4,1.21,2.9
2014-06-23,14.3,8.4,20.1,23543,0.0,1.12,2.5
2014-06-24,13.8,9.3,19.6,12495,14.1,1.17,1.8
2014-06-25,12.2,9.3,15.1,11077,16.7,1.14,2.1
2014-06-26,14.1,7.5,20.7,21592,0.0,1.08,1.4
2014-06-27,17.6,9.5,23.9,24145,0.0,1.25,1.6
2014-06-28,18.5,13.0,24.9,19898,2.8,1.53,1.9
2014-06-29,16.4,12.7,21.3,12063,0.5,1.46,2.3
2014-06-30,15.8,11.4,21.3,18072,2.9,1.36,2.3
2014-07-01,15.8,10.5,21.1,22922,0.0,1.28,1.9
2014-07-02,15.8,9.1,21.3,21107,0.0,1.18,2.0
2014-07-03,18.8,10.6,26.2,27356,0.0,1.36,2.0
2014-07-04,23.8,14.1,32.5,28607,0.0,1.75,2.0
2014-07-05,23.0,18.6,30.3,15664,0.0,2.16,2.5
2014-07-06,24.1,16.8,30.6,22411,0.2,1.99,2.3
2014-07-07,21.9,18.1,25.3,17783,11.8,2.04,2.2
2014-07-08,20.1,16.0,27.6,15202,17.5,1.85,2.7
2014-07-09,20.1,15.5,27.8,13514,13.0,1.79,3.2
2014-07-10,21.3,14.4,29.1,22276,0.7,1.7,2.3
2014-07-11,20.6,12.9,27.1,27330,0.4,1.55,2.3
2014-07-12,16.5,12.6,22.5,20162,0.5,1.46,2.0
2014-07-13,16.8,11.7,23.2,20503,15.5,1.39,2.1
2014-07-14,19.7,14.4,24.9,19318,1.6,1.65,2.6
2014-07-15,21.4,16.2,26.2,24602,0.0,1.84,1.9
2014-07-16,21.7,16.4,27.3,19990,0.1,1.87,1.3
2014-07-17,23.2,16.8,29.1,27157,0.0,1.96,1.3
2014-07-18,23.6,15.2,30.7,29122,0.0,1.81,1.5
2014-07-19,25.9,18.3,33.2,28555,0.0,2.19,2.0
2014-07-20,27.1,19.4,35.0,25717,0.0,2.36,2.2
2014-07-21,25.3,19.5,31.4,21750,0.0,2.3,2.5
2014-07-22,24.4,17.5,31.2,24583,0.0,2.06,2.7
2014-07-23,23.4,17.2,30.3,26904,1.3,2.01,2.6
2014-07-24,19.0,15.6,23.3,11034,9.4,1.74,2.3
2014-07-25,18.9,15.8,22.4,10485,4.1,1.76,1.8
2014-07-26,22.3,17.1,29.3,20310,0.0,1.99,1.6
2014-07-27,23.3,18.2,30.4,20617,1.1,2.12,1.7
2014-07-28,23.3,18.8,28.5,20174,5.4,2.15,1.7
2014-07-29,22.3,19.1,29.6,16623,4.1,2.23,1.9
2014-07-30,20.9,18.2,25.2,10974,0.3,2.04,2.4
2014-07-31,20.1,15.0,24.7,25776,0.0,1.71,1.9
2014-08-01,21.3,14.2,27.6,22970,0.0,1.67,1.7
2014-08-02,23.4,18.9,29.5,20049,3.9,2.18,2.0
2014-08-03,22.7,18.5,27.7,18493,4.2,2.1,1.7
2014-08-04,19.7,16.2,22.3,9823,3.1,1.79,1.6
2014-08-05,19.5,15.4,25.6,18456,0.0,1.76,1.7
2014-08-06,20.0,15.1,26.1,21060,0.0,1.73,1.5
2014-08-07,19.6,14.6,25.4,15975,0.2,1.67,1.5
2014-08-08,20.5,14.5,27.8,24155,0.0,1.7,1.5
2014-08-09,20.9,15.6,28.2,21144,1.0,1.82,3.0
2014-08-10,21.2,14.2,28.7,13436,2.6,1.69,2.7
2014-08-11,18.9,12.2,23.6,18898,0.2,1.43,3.1
2014-08-12,16.7,11.0,22.8,22284,0.8,1.33,2.9
2014-08-13,18.6,12.2,24.5,18825,5.7,1.46,2.3
2014-08-14,17.5,13.8,22.5,18248,0.3,1.57,2.6
2014-08-15,15.7,13.0,20.1,11492,2.9,1.46,2.3
2014-08-16,15.2,12.5,20.5,11532,1.0,1.43,2.8
2014-08-17,16.4,11.8,21.0,12869,0.0,1.37,3.6
2014-08-18,16.7,12.9,20.8,14547,2.7,1.46,3.9
2014-08-19,14.8,9.9,21.2,15508,1.7,1.23,2.9
2014-08-20,13.4,8.4,19.4,17042,0.0,1.11,2.6
2014-08-21,13.6,8.0,19.7,18911,0.5,1.09,2.0
2014-08-22,15.6,10.3,21.5,12081,0.0,1.26,2.5
2014-08-23,15.2,10.2,20.9,15449,0.1,1.26,2.4
2014-08-24,13.0,8.7,18.1,18327,0.6,1.12,2.6
2014-08-25,13.4,7.5,19.4,15807,1.1,1.05,1.9
2014-08-26,13.6,10.0,19.2,10919,0.0,1.23,1.9
2014-08-27,14.6,7.6,22.0,20224,0.0,1.09,1.7
2014-08-28,16.7,9.1,24.0,20877,0.0,1.22,1.5
2014-08-29,16.6,11.5,21.8,10311,0.1,1.37,1.9
2014-08-30,17.4,13.2,22.8,10666,4.1,1.52,2.0
2014-08-31,16.0,11.6,20.7,11793,5.4,1.35,1.8
2014-09-01,14.6,11.9,18.2,7499,6.1,1.36,1.9
2014-09-02,15.9,13.5,20.3,12797,0.1,1.51,1.8
2014-09-03,16.5,11.9,22.4,16290,0.0,1.39,2.5
2014-09-04,18.0,11.5,24.4,20174,0.0,1.39,2.3
2014-09-05,19.5,13.4,26.7,18940,0.0,1.59,1.5
2014-09-06,20.1,13.5,27.9,17074,0.4,1.62,1.3
2014-09-07,20.4,15.5,26.6,17146,0.0,1.78,1.3
2014-09-08,18.7,12.8,23.7,15096,0.0,1.5,1.7
2014-09-09,15.8,10.8,20.6,13384,0.0,1.3,2.2
2014-09-10,14.5,10.9,18.1,7822,9.1,1.28,2.2
2014-09-11,14.1,10.8,18.4,10227,0.1,1.28,2.1
2014-09-12,16.2,12.7,18.2,6614,0.1,1.42,2.8
2014-09-13,17.3,15.0,18.9,6532,1.1,1.65,2.2
2014-09-14,16.8,15.1,19.2,6450,4.4,1.66,2.0
2014-09-15,18.8,13.8,26.0,16774,0.0,1.61,1.9
2014-09-16,18.5,14.2,24.5,13808,0.0,1.62,2.1
2014-09-17,18.3,12.5,24.9,16856,0.0,1.47,2.2
2014-09-18,17.7,12.1,24.6,17188,0.3,1.44,1.9
2014-09-19,15.4,12.1,18.6,6531,1.4,1.39,1.6
2014-09-20,16.8,13.6,21.3,7029,2.8,1.53,1.4
2014-09-21,15.5,11.3,18.3,5974,0.5,1.31,2.7
2014-09-22,11.4,9.1,14.4,7806,3.5,1.12,3.7
2014-09-23,10.6,6.8,15.3,14353,0.0,0.98,2.0
2014-09-24,10.9,7.0,15.3,9870,0.0,0.99,2.2
2014-09-25,13.2,8.7,16.8,7513,0.5,1.11,2.9
2014-09-26,14.3,12.0,16.8,5472,1.1,1.36,2.6
2014-09-27,14.0,9.6,18.2,11629,0.0,1.18,1.7
2014-09-28,14.4,8.1,21.1,13311,0.0,1.11,1.5
2014-09-29,17.4,10.7,24.6,11808,0.3,1.34,1.4
2014-09-30,16.8,13.7,20.2,6669,0.1,1.53,1.4
2014-10-01,15.5,11.7,21.0,8433,0.0,1.37,1.2
2014-10-02,16.4,11.6,22.1,8411,0.0,1.37,1.1
2014-10-03,14.0,9.9,19.8,11944,0.0,1.22,1.5
2014-10-04,12.6,7.6,19.6,13345,0.0,1.06,2.2
2014-10-05,12.3,6.4,19.5,12589,0.0,1.0,1.8
2014-10-06,13.5,9.2,19.6,11508,0.0,1.17,2.4
2014-10-07,13.1,8.7,17.7,4692,0.7,1.12,3.3
2014-10-08,14.2,10.0,19.0,7505,4.2,1.22,2.7
2014-10-09,17.2,13.2,21.1,4703,0.8,1.49,2.6
2014-10-10,15.0,11.9,19.1,5192,3.2,1.37,1.9
2014-10-11,14.3,13.0,15.8,4310,4.9,1.45,1.4
2014-10-12,13.6,10.8,17.1,8907,0.0,1.27,1.8
2014-10-13,15.0,11.0,19.3,5652,0.3,1.3,2.0
2014-10-14,14.9,12.3,18.1,6184,2.5,1.4,1.7
2014-10-15,14.0,10.2,18.3,7086,0.4,1.22,1.7
2014-10-16,11.6,8.8,13.5,3951,4.9,1.1,1.9
2014-10-17,13.4,11.3,17.2,5905,0.0,1.3,1.9
2014-10-18,13.7,10.2,17.7,5666,0.0,1.23,2.0
2014-10-19,15.6,9.9,21.5,10484,1.7,1.25,2.8
2014-10-20,13.6,11.2,16.6,5272,2.2,1.29,3.2
2014-10-21,12.1,9.3,15.0,4901,7.8,1.14,3.6
2014-10-22,9.5,7.8,11.4,3548,6.8,1.02,4.7
2014-10-23,11.0,8.8,12.5,3483,0.0,1.1,2.5
2014-10-24,8.1,5.9,9.8,3420,0.0,0.9,2.2
2014-10-25,8.0,4.5,11.0,4109,0.6,0.83,2.0
2014-10-26,10.8,7.7,13.6,3701,0.0,1.03,2.0
2014-10-27,10.5,4.6,15.9,7970,0.0,0.86,2.3
2014-10-28,6.3,2.0,12.1,8909,0.0,0.71,2.2
2014-10-29,5.7,1.4,10.5,8131,0.3,0.67,1.9
2014-10-30,8.3,6.3,10.3,3060,0.1,0.93,1.2
2014-10-31,11.0,7.7,15.6,4783,0.0,1.04,1.6
2014-11-01,12.9,9.3,18.3,7783,0.0,1.16,1.6
2014-11-02,11.8,7.0,17.2,7980,0.0,1.01,2.1
2014-11-03,12.7,9.4,17.2,5169,0.0,1.16,3.3
2014-11-04,10.4,7.7,14.5,3211,0.0,1.03,2.4
2014-11-05,9.7,7.8,11.8,3035,0.5,1.03,1.8
2014-11-06,9.1,7.6,10.7,2863,0.2,1.0,1.7
2014-11-07,7.3,3.5,11.4,7017,0.0,0.78,2.3
2014-11-08,8.1,4.2,13.0,6685,0.0,0.82,2.4
2014-11-09,6.0,2.0,8.9,2884,0.0,0.69,2.0
2014-11-10,8.0,6.4,9.0,2608,0.3,0.93,1.8
2014-11-11,7.9,3.8,11.3,3231,0.0,0.79,2.2
2014-11-12,9.9,8.5,12.3,2407,0.0,1.07,1.9
2014-11-13,10.2,9.4,11.2,2365,0.1,1.13,1.2
2014-11-14,9.7,7.6,12.3,2969,0.0,1.01,2.6
2014-11-15,9.6,8.3,11.6,2283,0.0,1.06,2.7
2014-11-16,8.8,5.9,10.9,2244,0.1,0.9,2.7
2014-11-17,7.4,3.7,11.9,5688,0.4,0.79,2.0
2014-11-18,6.6,4.3,8.3,2170,2.3,0.8,2.7
2014-11-19,4.0,3.4,4.7,2134,0.6,0.75,1.8
2014-11-20,4.8,3.6,6.2,2099,0.1,0.77,1.3
2014-11-21,5.7,4.3,7.4,2066,0.0,0.8,1.5
2014-11-22,5.1,2.3,7.3,2674,0.2,0.7,2.2
2014-11-23,4.8,1.5,9.1,4586,0.0,0.67,2.4
2014-11-24,5.5,2.6,9.2,2359,2.3,0.72,2.3
2014-11-25,3.6,2.0,4.5,1944,0.1,0.68,1.9
2014-11-26,3.7,1.9,5.2,1916,0.0,0.67,2.8
2014-11-27,1.9,-0.7,4.5,4517,0.0,0.56,3.0
2014-11-28,0.9,-0.4,2.4,1864,0.0,0.57,3.7
2014-11-29,-0.8,-1.9,0.1,1840,0.0,0.51,3.3
2014-11-30,-1.3,-2.3,-0.1,1817,0.0,0.49,3.0
2014-12-01,-2.4,-3.0,-1.6,1795,0.0,0.47,3.5
2014-12-02,-2.5,-3.1,-2.0,1774,0.0,0.47,2.2
2014-12-03,-0.9,-2.6,0.2,1754,0.0,0.48,2.0
2014-12-04,2.1,0.1,4.6,1736,0.0,0.59,1.9
2014-12-05,2.6,1.8,3.4,1718,0.5,0.67,1.5
2014-12-06,3.5,0.9,5.2,3803,0.0,0.63,1.6
2014-12-07,2.7,0.1,5.0,2687,3.0,0.6,2.6
2014-12-08,3.0,-1.1,5.6,3879,0.0,0.55,2.7
2014-12-09,0.2,-1.9,4.1,4070,0.0,0.52,2.0
2014-12-10,1.4,-1.5,3.3,1647,1.2,0.53,4.0
2014-12-11,3.2,1.3,5.9,1679,3.1,0.65,4.6
2014-12-12,6.5,1.7,10.1,1627,2.1,0.68,5.1
2014-12-13,5.1,3.0,7.4,1745,0.0,0.73,2.7
2014-12-14,3.3,1.7,4.6,1822,0.0,0.66,2.1
2014-12-15,3.9,0.1,6.1,2404,0.4,0.6,2.9
2014-12-16,4.0,1.8,5.9,1599,0.2,0.67,2.5
2014-12-17,2.4,-0.3,6.3,1762,2.1,0.58,3.2
2014-12-18,8.9,6.2,11.7,1591,3.8,0.92,3.9
2014-12-19,9.9,3.9,12.0,1589,3.8,0.8,5.1
2014-12-20,5.1,0.7,7.3,1588,8.2,0.63,5.5
2014-12-21,5.5,3.7,6.9,1756,1.4,0.77,4.5
2014-12-22,9.5,6.3,11.6,1590,7.3,0.93,5.9
2014-12-23,10.6,9.4,11.3,1592,0.5,1.13,4.9
2014-12-24,8.1,3.3,11.0,1596,3.5,0.76,4.8
2014-12-25,4.1,1.6,6.1,1726,2.9,0.67,4.2
2014-12-26,-0.6,-4.6,1.9,1732,1.8,0.43,2.0
2014-12-27,-4.5,-6.7,-2.4,3430,0.0,0.36,3.3
2014-12-28,-5.3,-9.0,-2.5,2002,5.4,0.3,2.8
2014-12-29,-3.2,-5.0,-1.1,2864,0.0,0.41,2.6
2014-12-30,-1.3,-3.4,1.0,1639,1.3,0.46,2.3
2014-12-31,2.4,0.7,4.3,1651,0.9,0.62,2.2
2015-01-01,2.8,1.0,5.0,4079,0.3,0.63,2.9
2015-01-02,5.0,2.2,7.9,1980,2.4,0.69,5.0
2015-01-03,4.3,2.9,5.7,1691,0.1,0.73,4.1
2015-01-04,3.5,1.1,5.5,2497,0.7,0.64,3.8
2015-01-05,3.2,1.7,3.8,1723,1.4,0.66,2.8
2015-01-06,1.6,-0.3,3.1,1741,0.0,0.58,1.9
2015-01-07,2.0,-0.8,5.6,1850,0.2,0.56,2.6
2015-01-08,3.6,0.2,6.8,1780,9.8,0.61,4.1
2015-01-09,6.3,4.3,9.2,1802,12.8,0.81,6.2
2015-01-10,8.8,4.4,13.0,1824,3.7,0.83,7.0
2015-01-11,3.2,0.6,5.1,1894,5.8,0.61,5.8
2015-01-12,5.5,3.3,7.8,1873,1.7,0.75,5.4
2015-01-13,9.6,7.1,12.2,3265,1.9,0.98,4.3
2015-01-14,5.7,3.1,7.4,3400,0.6,0.74,4.1
2015-01-15,5.1,0.5,9.8,1954,1.2,0.64,4.2
2015-01-16,7.3,4.8,9.7,2274,6.4,0.84,2.8
2015-01-17,3.0,-0.9,5.2,2454,0.0,0.56,2.1
2015-01-18,0.2,-2.2,3.4,4917,0.0,0.51,2.1
2015-01-19,-0.7,-3.5,0.9,2228,0.1,0.46,1.4
2015-01-20,0.7,0.3,1.6,2112,2.2,0.6,1.2
2015-01-21,0.3,-1.3,1.6,2198,0.0,0.53,1.8
2015-01-22,0.0,-1.5,1.0,2183,0.7,0.52,2.1
2015-01-23,0.2,-0.4,1.0,2221,0.0,0.57,1.9
2015-01-24,-0.1,-1.2,1.0,2418,0.1,0.54,2.4
2015-01-25,0.8,-0.2,1.5,2299,0.1,0.58,2.2
2015-01-26,2.3,0.9,4.6,2448,7.4,0.63,2.9
2015-01-27,2.9,-0.4,4.4,2382,0.7,0.57,3.3
2015-01-28,3.3,0.7,5.6,3145,3.6,0.62,4.2
2015-01-29,1.8,0.2,4.0,4152,4.1,0.6,4.1
2015-01-30,0.7,0.2,1.7,2515,3.1,0.6,2.7
2015-01-31,0.3,-0.7,1.7,3825,1.5,0.56,2.4
2015-02-01,0.4,-1.7,4.4,5051,0.0,0.53,2.4
2015-02-02,0.6,-1.9,2.5,2834,0.7,0.51,2.9
2015-02-03,0.0,-2.1,1.6,2708,3.5,0.51,2.0
2015-02-04,-1.1,-2.5,0.1,2759,0.0,0.49,1.8
2015-02-05,-1.2,-4.3,3.5,6963,0.0,0.44,2.6
2015-02-06,-3.6,-6.9,0.0,4780,0.0,0.36,3.1
2015-02-07,-1.3,-7.2,3.7,2981,0.0,0.36,3.0
2015-02-08,1.4,-1.5,3.8,6965,1.7,0.53,4.1
2015-02-09,3.8,-0.2,5.6,3030,0.6,0.59,3.8
2015-02-10,4.8,3.6,5.6,3088,0.0,0.76,2.4
2015-02-11,4.7,2.1,5.9,3146,0.0,0.69,1.7
2015-02-12,1.0,-2.7,2.8,3605,0.0,0.49,1.7
2015-02-13,1.0,-2.0,6.0,6632,0.0,0.52,2.2
2015-02-14,0.4,-3.8,7.0,9324,0.0,0.47,2.2
2015-02-15,2.1,-2.5,8.0,9045,0.0,0.51,2.7
2015-02-16,0.6,-2.0,4.0,6036,0.0,0.52,2.5
2015-02-17,0.7,-3.4,5.4,7685,0.0,0.47,1.7
2015-02-18,2.9,-0.5,6.8,7943,0.0,0.58,2.1
2015-02-19,2.0,-1.8,8.2,9940,0.0,0.54,2.7
2015-02-20,3.2,-3.6,9.7,7301,0.0,0.49,3.2
2015-02-21,5.5,0.0,11.0,6671,0.0,0.63,3.0
2015-02-22,1.9,-1.1,5.5,4078,0.0,0.55,2.1
2015-02-23,1.8,-0.9,4.3,3923,3.1,0.55,3.3
2015-02-24,3.1,-0.5,7.9,7593,0.0,0.59,3.2
2015-02-25,3.4,-1.2,8.5,8634,0.0,0.56,2.0
2015-02-26,3.3,-2.7,10.0,11889,0.0,0.52,2.1
2015-02-27,3.8,-1.9,11.0,11493,0.5,0.55,2.1
2015-02-28,3.6,-0.1,8.0,10926,0.0,0.6,2.4
2015-03-01,3.9,0.1,7.8,5005,3.3,0.61,3.8
2015-03-02,4.9,0.6,7.5,7376,1.3,0.63,4.7
2015-03-03,4.4,1.0,8.3,8887,1.5,0.65,4.1
2015-03-04,3.3,0.4,6.3,7423,0.8,0.61,3.6
2015-03-05,3.8,1.0,7.7,6179,0.3,0.64,2.7
2015-03-06,4.6,0.4,8.0,4738,0.0,0.62,2.1
2015-03-07,7.8,2.2,12.7,11357,0.0,0.72,2.5
2015-03-08,11.1,4.7,17.9,12457,0.0,0.89,2.3
2015-03-09,9.0,4.1,13.1,9977,0.0,0.81,1.6
2015-03-10,6.3,1.8,11.8,8155,1.0,0.7,2.1
2015-03-11,4.5,0.8,7.6,5222,0.2,0.63,2.4
2015-03-12,2.6,-0.6,4.7,5213,0.0,0.57,2.0
2015-03-13,2.2,-2.6,5.9,5931,0.6,0.5,2.7
2015-03-14,4.2,2.1,6.2,5374,1.3,0.69,2.7
2015-03-15,5.8,3.6,7.7,5455,0.1,0.76,3.2
2015-03-16,8.6,3.6,13.1,11904,0.0,0.79,3.3
2015-03-17,10.4,4.7,18.1,13553,0.0,0.89,2.6
2015-03-18,8.3,3.2,15.1,16656,0.0,0.78,2.0
2015-03-19,6.9,0.6,13.3,16831,0.0,0.66,1.6
2015-03-20,7.1,0.0,13.9,15843,0.0,0.64,1.5
2015-03-21,2.9,-0.3,5.3,5948,2.7,0.58,2.6
2015-03-22,1.3,-2.2,5.6,17745,0.0,0.51,2.8
2015-03-23,4.9,-2.4,12.3,16333,0.0,0.54,1.8
2015-03-24,7.9,1.8,14.2,10196,0.0,0.72,1.4
2015-03-25,9.7,2.1,16.8,16555,0.0,0.75,2.4
2015-03-26,7.4,5.3,9.1,6362,1.2,0.86,2.5
2015-03-27,7.1,4.3,12.2,8489,0.9,0.82,3.1
2015-03-28,7.0,4.8,10.2,8484,0.6,0.84,2.8
2015-03-29,9.5,5.7,12.8,6610,5.7,0.9,5.0
2015-03-30,6.1,2.5,9.0,8572,6.2,0.71,5.8
2015-03-31,5.8,0.3,11.7,9088,4.5,0.64,7.0
2015-04-01,4.2,0.8,7.9,11090,2.3,0.63,5.7
2015-04-02,3.1,0.1,8.6,11093,1.2,0.62,4.5
2015-04-03,4.0,0.2,10.0,10236,0.6,0.62,2.6
2015-04-04,3.9,-2.3,10.6,17348,0.1,0.54,2.1
2015-04-05,4.3,-2.3,11.2,17383,0.0,0.54,2.1
2015-04-06,5.3,0.5,10.2,15996,0.0,0.64,2.1
2015-04-07,6.7,-1.4,13.2,15908,0.0,0.59,2.3
2015-04-08,8.1,5.7,10.2,7425,0.0,0.89,2.1
2015-04-09,10.4,4.6,17.2,15831,0.0,0.87,1.5
2015-04-10,13.3,4.9,20.6,19416,0.0,0.92,1.4
2015-04-11,14.3,6.3,22.7,17201,0.5,1.02,3.4
2015-04-12,9.8,4.5,15.8,17441,0.0,0.86,2.9
2015-04-13,9.2,3.2,12.5,14054,0.0,0.77,3.8
2015-04-14,9.7,0.4,15.3,15073,0.0,0.66,2.8
2015-04-15,15.9,8.9,23.4,19419,0.0,1.19,3.1
2015-04-16,10.3,3.8,15.5,19548,0.0,0.82,2.6
2015-04-17,6.9,2.5,12.1,13439,0.0,0.73,2.7
2015-04-18,6.4,0.0,12.7,18526,0.0,0.63,2.3
2015-04-19,9.3,1.6,16.2,21324,0.0,0.72,1.9
2015-04-20,11.3,3.1,20.1,23206,0.0,0.83,2.3
2015-04-21,13.3,3.8,21.9,24162,0.0,0.89,2.8
2015-04-22,8.7,4.7,14.9,14508,0.0,0.85,2.4
2015-04-23,11.4,2.8,19.5,24428,0.0,0.81,1.9
2015-04-24,13.7,5.1,21.5,23131,0.0,0.95,1.8
2015-04-25,15.5,8.5,23.4,17053,0.5,1.18,2.3
2015-04-26,13.1,9.3,18.5,14399,5.6,1.17,2.0
2015-04-27,9.7,6.6,12.6,8844,1.5,0.95,2.5
2015-04-28,7.6,3.5,11.4,11441,3.3,0.78,2.7
2015-04-29,8.6,0.8,14.9,22632,0.0,0.68,2.2
2015-04-30,9.6,4.1,17.4,13770,6.4,0.86,2.5
2015-05-01,9.3,4.1,15.1,21021,0.0,0.84,1.9
2015-05-02,9.3,2.5,15.9,20997,0.0,0.76,1.6
2015-05-03,13.2,3.7,20.8,20848,5.0,0.86,2.6
2015-05-04,16.8,11.8,22.7,21308,0.2,1.39,2.6
2015-05-05,17.8,11.9,24.2,11816,0.2,1.41,3.4
2015-05-06,15.4,9.1,21.4,18780,0.0,1.19,2.9
2015-05-07,12.1,7.6,17.5,20960,0.1,1.05,3.0
2015-05-08,13.7,6.1,20.1,15104,0.0,0.99,1.6
2015-05-09,15.4,10.4,22.0,16041,2.0,1.29,3.0
2015-05-10,11.0,6.2,15.0,14494,0.0,0.94,3.0
2015-05-11,14.2,4.6,22.1,23775,0.0,0.93,2.2
2015-05-12,17.9,8.3,27.5,18490,6.2,1.22,2.9
2015-05-13,12.8,6.3,18.9,21184,0.0,0.99,2.7
2015-05-14,9.5,5.0,12.6,12865,0.0,0.86,2.1
2015-05-15,10.9,3.9,17.2,25214,0.0,0.84,2.0
2015-05-16,10.6,4.3,16.6,18628,0.5,0.86,2.6
2015-05-17,10.5,5.8,16.2,18689,0.0,0.93,2.9
2015-05-18,14.5,6.2,22.4,18496,0.0,1.02,2.3
2015-05-19,14.9,8.2,19.9,18301,0.0,1.11,3.0
2015-05-20,12.7,6.9,17.2,11784,0.0,1.01,2.0
2015-05-21,11.5,5.2,17.7,21320,0.0,0.92,1.9
2015-05-22,13.9,4.9,20.6,21248,0.0,0.92,1.6
2015-05-23,15.4,7.4,21.3,13310,0.0,1.07,2.0
2015-05-24,13.9,4.8,21.5,27829,0.1,0.92,1.4
2015-05-25,16.5,11.1,23.4,21020,0.1,1.34,1.9
2015-05-26,12.3,7.0,16.6,18013,0.1,1.0,2.6
2015-05-27,10.4,5.9,14.6,12197,0.0,0.92,2.3
2015-05-28,13.0,4.8,21.1,16566,0.8,0.92,2.8
2015-05-29,14.9,9.2,19.9,19792,1.3,1.17,2.3
2015-05-30,12.0,5.8,18.3,21107,0.1,0.95,3.3
2015-05-31,14.9,3.7,22.6,24210,0.0,0.88,2.8
2015-06-01,13.5,9.2,17.7,11464,4.5,1.15,2.5
2015-06-02,18.0,9.9,24.9,22620,0.0,1.29,3.8
2015-06-03,18.6,10.0,22.6,22780,0.0,1.25,3.5
2015-06-04,15.9,8.1,23.1,29854,0.0,1.13,1.7
2015-06-05,21.0,10.1,30.2,30270,0.0,1.38,2.2
2015-06-06,23.5,15.3,31.9,24916,0.0,1.84,2.5
2015-06-07,18.4,13.6,24.1,22249,0.0,1.57,2.3
2015-06-08,16.0,10.3,22.1,23554,0.0,1.27,2.7
2015-06-09,15.2,7.8,21.6,21523,0.0,1.11,2.6
2015-06-10,16.8,11.2,22.6,19873,0.0,1.34,2.2
2015-06-11,18.4,9.2,25.4,26179,0.1,1.23,1.9
2015-06-12,21.0,14.7,27.6,25040,0.0,1.72,1.6
2015-06-13,21.3,15.0,30.4,20302,20.9,1.78,2.1
2015-06-14,17.3,14.3,20.6,20313,0.0,1.6,2.2
2015-06-15,15.1,9.3,20.2,25075,0.0,1.19,2.5
2015-06-16,12.2,7.8,15.7,16605,0.0,1.05,2.2
2015-06-17,15.2,6.8,22.2,26373,2.5,1.04,2.1
2015-06-18,15.5,11.7,20.8,13274,0.0,1.36,2.9
2015-06-19,13.6,10.6,18.7,13919,1.7,1.27,2.9
2015-06-20,12.2,10.1,16.5,13663,5.6,1.21,2.5
2015-06-21,14.5,9.8,18.9,16873,0.3,1.21,2.0
2015-06-22,14.5,10.8,18.6,12761,11.8,1.27,2.4
2015-06-23,11.6,9.7,14.2,11088,11.2,1.17,3.0
2015-06-24,12.6,9.6,16.0,12624,0.1,1.18,2.5
2015-06-25,17.3,10.0,23.2,19420,0.0,1.26,1.6
2015-06-26,18.3,13.7,22.9,14534,0.4,1.57,1.4
2015-06-27,18.4,14.9,23.3,12214,4.5,1.69,2.3
2015-06-28,17.6,12.2,23.0,21822,0.3,1.44,1.8
2015-06-29,20.9,14.1,27.4,20909,0.0,1.66,1.7
2015-06-30,21.0,15.4,26.0,26658,0.0,1.76,1.7
2015-07-01,21.2,13.3,28.3,30864,0.0,1.61,2.1
2015-07-02,23.8,15.3,31.4,30839,0.0,1.84,2.5
2015-07-03,26.3,17.1,34.3,28380,0.0,2.1,1.7
2015-07-04,28.9,20.0,38.0,24514,8.9,2.51,1.8
2015-07-05,27.1,19.4,35.9,23335,11.4,2.37,2.0
2015-07-06,21.1,15.9,25.6,22411,0.0,1.81,2.7
2015-07-07,23.4,14.4,32.9,27743,9.6,1.79,2.0
2015-07-08,19.3,15.5,23.3,16733,4.3,1.73,4.0
2015-07-09,15.1,11.4,18.4,17977,0.2,1.32,4.0
2015-07-10,14.9,10.3,20.0,20492,0.0,1.26,2.7
2015-07-11,17.4,9.3,24.1,24020,0.0,1.23,1.7
2015-07-12,18.3,14.1,24.8,14057,5.7,1.61,2.3
2015-07-13,17.0,14.3,20.3,11480,4.4,1.58,2.4
2015-07-14,17.5,14.7,22.1,11446,7.5,1.65,2.4
2015-07-15,18.8,13.6,24.4,25871,0.9,1.57,1.8
2015-07-16,21.3,16.2,27.5,21384,0.1,1.85,1.6
2015-07-17,24.4,15.6,32.7,23613,0.0,1.88,2.2
2015-07-18,23.2,17.1,27.7,22422,0.0,1.95,2.4
2015-07-19,18.0,14.5,21.7,12772,10.6,1.61,2.3
2015-07-20,19.6,13.9,25.3,27356,0.1,1.61,2.2
2015-07-21,22.5,16.6,27.9,18979,0.4,1.92,2.5
2015-07-22,24.1,18.2,30.1,17415,9.0,2.13,1.9
2015-07-23,19.7,14.1,23.8,18490,0.0,1.62,2.0
2015-07-24,20.8,14.3,26.8,22319,0.9,1.67,1.9
2015-07-25,20.6,12.4,27.1,17621,1.4,1.51,4.4
2015-07-26,16.6,12.7,21.6,19810,0.3,1.46,3.0
2015-07-27,16.4,12.0,22.6,12258,4.8,1.41,3.3
2015-07-28,16.9,13.6,20.4,13573,0.0,1.52,4.0
2015-07-29,16.1,12.0,21.8,20849,0.0,1.41,3.5
2015-07-30,15.7,11.4,20.2,15689,0.6,1.34,3.5
2015-07-31,14.9,10.3,20.0,18223,0.0,1.26,2.2
2015-08-01,18.6,9.4,27.1,24452,0.0,1.29,1.7
2015-08-02,22.6,14.5,30.3,25967,0.0,1.73,1.5
2015-08-03,24.0,13.4,32.6,26980,0.0,1.68,1.8
2015-08-04,26.0,17.8,35.6,23568,1.1,2.2,2.4
2015-08-05,20.8,15.8,26.6,22373,0.0,1.79,1.7
2015-08-06,25.4,15.5,34.9,25334,0.0,1.95,1.7
2015-08-07,28.0,20.6,37.9,17436,0.0,2.57,1.7
2015-08-08,24.7,18.6,33.6,20632,0.1,2.24,2.4
2015-08-09,22.7,16.0,29.8,24414,0.0,1.86,2.2
2015-08-10,25.5,16.5,33.8,22737,0.0,2.0,1.9
2015-08-11,26.0,18.8,33.4,24317,0.0,2.27,2.0
2015-08-12,23.0,17.1,29.8,18923,0.0,2.0,2.0
2015-08-13,24.1,17.8,30.7,21817,0.0,2.1,2.7
2015-08-14,27.1,19.6,34.9,23139,0.1,2.36,2.6
2015-08-15,23.5,19.4,30.8,16960,1.0,2.28,1.9
2015-08-16,22.5,17.8,31.9,17692,24.0,2.1,2.1
2015-08-17,22.3,18.3,28.4,13105,0.8,2.09,2.4
2015-08-18,17.3,15.5,20.0,8549,0.9,1.7,2.0
2015-08-19,16.7,14.3,20.2,10704,0.0,1.6,1.5
2015-08-20,19.2,13.4,25.7,22411,0.0,1.57,1.3
2015-08-21,20.0,12.9,27.7,22282,0.0,1.56,1.4
2015-08-22,20.4,13.7,27.7,23078,0.0,1.64,1.9
2015-08-23,19.6,13.7,25.8,19137,2.0,1.59,2.7
2015-08-24,20.7,14.3,27.7,15687,8.6,1.68,2.8
2015-08-25,17.6,13.4,22.0,11237,0.0,1.53,3.4
2015-08-26,19.9,13.1,26.4,20472,0.0,1.56,2.6
2015-08-27,20.8,16.0,27.9,12754,7.4,1.84,2.4
2015-08-28,16.3,12.6,20.3,12541,0.0,1.44,1.9
2015-08-29,18.1,11.6,24.3,19726,0.0,1.41,1.3
2015-08-30,22.6,14.6,30.6,18807,0.0,1.76,1.5
2015-08-31,26.4,18.3,34.8,20446,0.0,2.22,1.8
2015-09-01,21.5,14.5,28.4,17651,6.3,1.71,2.6
2015-09-02,15.9,12.0,20.5,17846,0.0,1.39,2.2
2015-09-03,14.5,9.7,19.3,9414,1.1,1.2,1.6
2015-09-04,14.5,9.6,20.1,17787,0.4,1.21,2.4
2015-09-05,13.8,10.1,19.3,10957,1.9,1.23,3.7
2015-09-06,12.4,9.9,16.9,8387,11.1,1.2,4.1
2015-09-07,12.6,7.6,18.0,15441,0.0,1.06,2.5
2015-09-08,13.4,6.8,20.0,17108,0.0,1.01,1.8
2015-09-09,12.7,6.7,19.0,13805,0.7,1.0,1.9
2015-09-10,13.2,7.7,20.2,12633,3.3,1.08,2.3
2015-09-11,13.7,10.1,17.6,8357,0.5,1.22,2.1
2015-09-12,16.0,11.4,23.0,12805,0.0,1.37,2.1
2015-09-13,18.4,13.7,24.4,11861,0.0,1.57,2.0
2015-09-14,16.7,12.0,20.5,10419,3.6,1.39,2.6
2015-09-15,15.0,10.2,19.7,12834,0.3,1.24,3.0
2015-09-16,16.6,10.4,24.0,8994,1.4,1.32,2.6
2015-09-17,18.0,12.5,24.4,8195,3.8,1.46,3.4
2015-09-18,15.0,9.7,20.2,13829,0.0,1.21,2.3
2015-09-19,14.5,9.6,20.9,12021,0.6,1.21,1.7
2015-09-20,12.4,9.3,17.4,8391,1.2,1.15,2.3
2015-09-21,12.5,8.6,17.3,7807,0.0,1.11,1.7
2015-09-22,14.0,9.2,18.8,5796,1.4,1.17,2.2
2015-09-23,12.7,9.3,17.3,6854,0.0,1.16,2.0
2015-09-24,13.0,7.4,19.4,13447,0.0,1.05,2.2
2015-09-25,13.4,7.9,20.0,11900,0.0,1.09,1.6
2015-09-26,12.4,7.3,18.4,12597,0.0,1.04,1.7
2015-09-27,11.2,6.1,17.8,13188,0.0,0.95,2.0
2015-09-28,11.4,5.3,19.4,14038,0.0,0.93,1.9
2015-09-29,11.1,5.2,18.4,12889,0.0,0.92,2.5
2015-09-30,11.1,6.3,17.7,12918,0.0,0.97,2.4
2015-10-01,10.6,5.0,17.9,14712,0.0,0.91,2.1
2015-10-02,11.3,4.5,19.6,13404,0.0,0.89,1.8
2015-10-03,13.6,6.1,21.3,13940,0.0,0.99,1.5
2015-10-04,14.2,9.9,19.6,10767,0.0,1.23,1.6
2015-10-05,12.8,7.4,19.7,12844,0.0,1.05,1.8
2015-10-06,13.5,9.1,17.9,4937,0.0,1.15,2.7
2015-10-07,12.4,8.4,14.3,4608,21.8,1.08,2.5
2015-10-08,7.5,6.1,9.4,4533,11.7,0.91,1.7
2015-10-09,8.2,5.2,11.4,4458,0.0,0.86,1.6
2015-10-10,6.1,2.3,11.9,12469,0.0,0.72,2.5
2015-10-11,4.3,0.3,10.3,12550,0.0,0.63,2.9
2015-10-12,3.6,-1.5,9.5,11994,0.0,0.56,2.3
2015-10-13,4.0,2.9,5.4,4164,0.0,0.73,2.0
2015-10-14,4.9,2.6,7.2,4093,9.1,0.71,2.0
2015-10-15,6.4,4.9,7.4,4022,9.0,0.83,2.3
2015-10-16,7.4,6.4,8.7,3951,12.0,0.93,1.6
2015-10-17,7.6,6.2,9.4,3882,0.0,0.91,1.2
2015-10-18,7.8,5.0,12.1,5221,3.2,0.86,1.2
2015-10-19,7.6,6.0,9.0,3746,1.6,0.91,1.2
2015-10-20,9.0,7.4,10.9,3679,1.9,0.99,1.3
2015-10-21,8.8,6.1,12.0,3756,0.0,0.91,1.7
2015-10-22,8.8,5.7,11.4,3548,0.8,0.89,2.7
2015-10-23,10.2,5.7,14.7,8238,0.0,0.91,2.1
2015-10-24,8.2,3.5,14.3,9294,0.0,0.8,1.8
2015-10-25,9.1,6.5,13.4,3767,0.0,0.95,1.7
2015-10-26,7.0,3.6,12.9,8898,0.0,0.79,1.8
2015-10-27,6.9,2.6,12.6,8571,0.0,0.74,2.0
2015-10-28,6.9,3.8,12.1,8118,0.0,0.8,2.1
2015-10-29,5.0,1.8,9.1,5005,0.1,0.69,1.3
2015-10-30,6.7,3.7,9.4,3124,0.0,0.78,1.7
2015-10-31,9.6,5.7,16.0,7897,0.0,0.92,2.3
2015-11-01,9.4,5.0,15.0,8097,0.0,0.88,1.5
2015-11-02,7.4,2.9,14.6,8042,0.0,0.77,1.3
2015-11-03,3.8,-0.5,10.7,7988,0.0,0.6,1.3
2015-11-04,3.1,-1.1,7.0,3453,0.1,0.56,1.5
2015-11-05,9.2,5.3,15.4,4770,0.2,0.9,1.4
2015-11-06,11.7,7.8,15.4,2863,1.4,1.04,2.1
2015-11-07,14.9,11.9,17.8,2695,0.2,1.36,2.8
2015-11-08,13.1,8.5,17.5,6224,0.7,1.1,2.7
2015-11-09,13.6,9.8,17.5,3226,0.2,1.19,4.2
2015-11-10,14.1,12.4,15.6,2496,0.2,1.4,4.5
2015-11-11,13.2,10.5,15.0,2451,0.4,1.23,3.2
2015-11-12,11.4,8.2,15.0,2903,0.0,1.06,2.6
2015-11-13,11.2,6.0,14.2,2800,2.8,0.92,3.4
2015-11-14,7.1,5.0,9.5,3291,4.9,0.84,4.5
2015-11-15,9.6,5.7,13.3,2283,24.9,0.9,4.5
2015-11-16,10.8,8.8,12.6,2244,2.7,1.1,3.5
2015-11-17,11.4,8.8,13.7,2206,5.0,1.09,4.0
2015-11-18,11.4,9.3,13.4,2632,0.6,1.14,5.9
2015-11-19,10.8,7.2,13.7,4116,0.5,0.99,5.6
2015-11-20,7.0,3.6,9.6,2703,0.6,0.77,3.3
2015-11-21,4.3,1.3,6.6,2365,2.6,0.65,2.6
2015-11-22,1.2,-0.9,3.7,2772,1.3,0.55,3.1
2015-11-23,0.1,-2.2,2.8,2100,0.1,0.51,2.3
2015-11-24,0.6,-2.1,3.4,3469,0.0,0.51,3.3
2015-11-25,2.7,0.9,4.1,1944,0.0,0.63,2.5
2015-11-26,3.7,0.7,6.2,1916,0.0,0.63,1.7
2015-11-27,1.6,-0.7,5.6,3297,0.0,0.57,2.2
2015-11-28,0.5,-2.1,3.8,2190,4.3,0.51,3.8
2015-11-29,5.3,0.7,9.4,1840,9.4,0.64,5.7
2015-11-30,5.9,2.6,9.4,3188,12.6,0.72,5.7
2015-12-01,5.6,3.1,9.5,2248,3.1,0.75,4.1
2015-12-02,9.1,5.0,11.0,1774,0.0,0.85,2.8
2015-12-03,7.8,4.1,11.1,3630,0.0,0.8,2.3
2015-12-04,6.6,4.5,9.2,1736,0.3,0.81,3.5
2015-12-05,6.2,3.8,8.3,2335,0.0,0.78,3.9
2015-12-06,8.3,5.6,10.5,3409,0.0,0.88,4.3
2015-12-07,10.3,8.2,12.2,1686,0.0,1.05,1.8
2015-12-08,8.2,3.9,11.3,3922,0.2,0.79,2.0
2015-12-09,6.0,2.2,9.1,1659,0.9,0.7,2.6
2015-12-10,2.5,0.0,5.7,4389,0.0,0.6,3.0
2015-12-11,4.1,1.4,6.9,1636,0.7,0.66,3.7
2015-12-12,4.9,3.4,7.2,3114,7.8,0.75,3.4
2015-12-13,4.7,0.4,10.4,1618,0.2,0.63,3.2
2015-12-14,1.1,-1.5,2.8,2624,0.0,0.53,1.6
2015-12-15,5.2,2.6,6.6,1604,0.0,0.71,1.6
2015-12-16,5.9,4.4,7.8,2691,0.7,0.81,2.4
2015-12-17,10.5,7.7,12.4,1594,1.1,1.02,2.7
2015-12-18,10.8,8.1,12.1,1591,3.1,1.05,2.6
2015-12-19,8.7,6.4,11.7,3012,0.0,0.93,2.4
2015-12-20,9.4,6.5,12.2,2425,0.6,0.94,2.6
2015-12-21,9.5,8.1,10.8,2300,2.5,1.05,4.0
2015-12-22,11.2,7.9,13.2,1590,0.0,1.03,4.4
2015-12-23,10.8,5.5,13.3,2430,0.0,0.89,3.9
2015-12-24,7.1,3.6,10.8,4072,0.6,0.78,2.9
2015-12-25,8.7,6.5,11.0,2904,0.1,0.94,3.2
2015-12-26,12.5,9.1,14.8,2069,0.0,1.12,4.0
2015-12-27,10.4,8.3,12.3,2585,0.0,1.06,3.1
2015-12-28,7.0,2.7,12.1,4037,0.0,0.74,2.1
2015-12-29,3.7,1.1,6.0,2991,0.0,0.64,2.7
2015-12-30,0.5,-2.5,2.6,3349,0.0,0.49,3.1
2015-12-31,-0.1,-3.4,2.8,3840,1.0,0.46,2.9
2016-01-01,0.8,-0.1,2.2,1663,0.1,0.58,1.6
2016-01-02,-2.9,-7.5,1.6,1676,0.0,0.35,3.6
2016-01-03,-9.5,-11.4,-7.2,3000,0.0,0.25,3.8
2016-01-04,-9.0,-11.5,-6.2,1707,0.1,0.25,3.3
2016-01-05,-7.9,-9.0,-6.6,1723,2.4,0.3,2.8
2016-01-06,-7.5,-9.0,-6.3,1741,1.2,0.3,2.3
2016-01-07,-5.6,-7.6,-1.9,1760,3.7,0.34,3.1
2016-01-08,2.3,-2.1,5.4,2548,0.0,0.52,3.6
2016-01-09,-0.1,-2.8,4.1,4760,0.0,0.49,1.9
2016-01-10,0.4,-3.3,3.3,2191,3.7,0.47,2.8
2016-01-11,2.2,1.3,3.2,2542,5.5,0.65,2.4
2016-01-12,2.5,1.5,4.6,1873,2.9,0.66,3.4
2016-01-13,1.8,0.0,4.0,1898,2.4,0.59,3.9
2016-01-14,1.0,-1.0,4.2,4209,0.5,0.55,2.6
2016-01-15,-0.3,-1.3,1.5,1954,0.1,0.53,3.0
2016-01-16,-0.8,-1.5,0.1,1983,2.3,0.52,2.2
2016-01-17,-1.7,-3.0,-0.5,2013,0.4,0.47,2.2
2016-01-18,-4.9,-8.2,-1.3,5313,0.0,0.32,1.6
2016-01-19,-6.4,-10.2,-2.2,4830,0.3,0.28,2.0
2016-01-20,-2.1,-5.0,0.5,2112,0.6,0.41,1.9
2016-01-21,-4.4,-8.3,-2.0,2914,0.0,0.32,1.5
2016-01-22,-7.6,-12.0,-2.8,6010,0.4,0.24,2.0
2016-01-23,-1.2,-8.0,3.4,2221,3.6,0.35,2.6
2016-01-24,2.9,1.7,4.5,2259,3.2,0.67,2.2
2016-01-25,7.3,3.7,9.3,2299,0.2,0.78,2.4
2016-01-26,8.0,4.4,11.1,3531,0.9,0.82,3.3
2016-01-27,9.6,7.1,11.7,2437,0.5,0.98,4.5
2016-01-28,6.8,1.2,11.3,5251,0.7,0.67,3.7
2016-01-29,5.0,0.0,8.6,2974,0.2,0.6,4.3
2016-01-30,7.0,2.7,9.2,2515,4.7,0.72,5.1
2016-01-31,3.6,1.5,6.5,4572,0.2,0.66,4.1
2016-02-01,7.4,3.4,11.7,2609,4.5,0.78,4.9
2016-02-02,8.8,4.7,11.8,4777,1.8,0.84,5.7
2016-02-03,5.0,3.1,7.2,4793,0.1,0.74,4.4
2016-02-04,3.1,1.4,4.3,2759,3.3,0.65,3.8
2016-02-05,3.5,0.4,6.2,2811,0.9,0.62,2.6
2016-02-06,7.5,4.7,11.2,4533,0.0,0.84,2.9
2016-02-07,6.9,4.1,9.9,4796,0.2,0.8,3.5
2016-02-08,7.5,5.1,11.3,3037,0.8,0.85,5.5
2016-02-09,8.0,5.5,9.9,4185,2.2,0.87,5.1
2016-02-10,4.6,2.6,7.9,5490,0.6,0.71,4.2
2016-02-11,4.2,0.1,6.9,4000,0.5,0.6,3.3
2016-02-12,2.3,-0.7,7.1,6465,0.0,0.57,1.8
2016-02-13,1.3,-2.3,7.0,8652,0.1,0.52,2.3
2016-02-14,2.9,0.8,4.3,3328,0.1,0.62,3.1
2016-02-15,3.0,0.9,4.0,3390,0.2,0.63,2.7
2016-02-16,0.2,-2.3,1.6,3454,0.0,0.5,2.1
2016-02-17,-0.2,-4.0,3.4,6979,1.5,0.45,2.4
2016-02-18,2.0,-1.4,5.9,4584,0.0,0.54,1.7
2016-02-19,3.0,0.5,6.0,5674,0.0,0.62,1.9
2016-02-20,3.0,-1.2,5.5,3717,7.6,0.55,4.4
2016-02-21,8.2,5.1,11.4,4007,9.9,0.86,5.2
2016-02-22,6.6,3.2,11.1,3854,11.4,0.76,4.8
2016-02-23,4.2,1.6,7.7,6119,0.4,0.67,3.1
2016-02-24,2.6,-1.6,6.4,7363,0.2,0.53,2.7
2016-02-25,0.7,-1.9,6.1,6853,2.6,0.52,2.1
2016-02-26,1.7,-1.8,5.5,5390,0.0,0.53,1.9
2016-02-27,1.6,-3.5,6.4,10226,0.0,0.47,2.0
2016-02-28,2.8,-0.3,6.9,7965,0.0,0.59,2.4
2016-02-29,1.3,-0.9,3.8,4358,0.1,0.56,3.2
2016-03-01,0.7,-1.5,4.9,7212,0.0,0.54,2.7
2016-03-02,4.2,0.4,9.3,4921,0.1,0.63,3.5
2016-03-03,3.4,-0.6,7.5,5336,0.0,0.58,2.1
2016-03-04,3.6,-1.2,9.4,10650,0.0,0.57,2.7
2016-03-05,5.5,2.2,8.4,5420,4.8,0.7,1.8
2016-03-06,3.2,-0.4,4.6,4902,5.5,0.58,2.5
2016-03-07,2.8,-0.2,7.1,6894,0.0,0.6,1.7
2016-03-08,2.5,-1.8,8.5,12171,0.0,0.54,1.6
2016-03-09,3.1,-2.6,9.6,13649,0.0,0.52,2.5
2016-03-10,5.0,2.5,8.4,5401,0.0,0.72,2.0
2016-03-11,3.9,2.5,5.8,5213,0.1,0.7,2.3
2016-03-12,3.0,0.7,4.3,5293,0.0,0.62,2.4
2016-03-13,1.9,-1.2,3.7,5374,0.0,0.54,2.9
2016-03-14,3.6,-1.6,7.7,13530,1.4,0.54,2.4
2016-03-15,4.5,2.7,6.2,5537,0.0,0.72,2.5
2016-03-16,4.8,0.9,9.8,15914,0.0,0.65,3.5
2016-03-17,5.6,-1.2,12.4,16466,0.0,0.59,1.8
2016-03-18,3.9,-0.1,6.6,5783,0.3,0.59,2.1
2016-03-19,5.8,2.9,10.0,8674,0.1,0.74,2.1
2016-03-20,5.1,2.8,6.6,5948,1.0,0.72,2.9
2016-03-21,5.6,2.0,8.9,6326,1.1,0.69,3.0
2016-03-22,5.9,4.3,9.2,6808,2.3,0.81,2.5
2016-03-23,4.9,2.3,7.5,6496,0.1,0.7,2.3
2016-03-24,4.2,0.8,9.1,8798,0.2,0.64,1.9
2016-03-25,5.9,3.3,8.5,6362,3.6,0.75,2.6
2016-03-26,8.9,4.4,14.3,15135,0.0,0.84,2.5
2016-03-27,8.1,1.6,15.2,13530,0.0,0.71,3.2
2016-03-28,9.9,3.0,15.7,13869,2.8,0.79,3.7
2016-03-29,7.3,2.8,11.1,9303,3.4,0.74,3.8
2016-03-30,6.9,2.2,12.0,10349,0.8,0.72,2.8
2016-03-31,7.4,4.5,10.9,6963,1.3,0.83,2.1
2016-04-01,8.1,3.7,12.9,17163,0.0,0.8,2.2
2016-04-02,9.0,-1.0,17.1,18060,0.0,0.63,2.3
2016-04-03,12.7,4.7,19.4,14975,0.0,0.9,1.8
2016-04-04,15.3,9.5,20.4,9896,0.0,1.2,1.9
2016-04-05,15.7,8.2,22.9,14468,0.1,1.14,2.0
2016-04-06,11.5,7.1,16.2,16347,0.7,1.01,3.5
2016-04-07,9.5,4.4,12.8,11621,0.0,0.83,3.3
2016-04-08,8.5,2.9,14.9,18717,0.0,0.77,1.8
2016-04-09,8.9,2.2,14.2,14839,0.0,0.74,1.6
2016-04-10,7.8,3.7,10.0,7888,0.0,0.78,2.2
2016-04-11,9.2,4.5,12.8,8080,0.1,0.84,2.6
2016-04-12,10.8,8.3,15.3,10087,1.3,1.08,1.9
2016-04-13,12.2,6.3,17.8,14731,3.3,0.97,1.7
2016-04-14,8.9,5.2,11.9,10149,2.9,0.87,1.9
2016-04-15,8.3,2.2,13.3,12534,7.2,0.73,2.5
2016-04-16,10.1,6.1,15.1,10782,3.4,0.94,3.1
2016-04-17,8.3,3.1,12.6,13537,0.5,0.77,2.6
2016-04-18,7.9,0.7,13.8,18994,0.0,0.67,2.5
2016-04-19,9.9,6.1,14.2,15251,0.0,0.93,3.4
2016-04-20,8.8,4.2,14.1,15352,0.0,0.83,2.6
2016-04-21,8.9,1.6,15.6,24296,0.0,0.73,1.9
2016-04-22,8.5,3.3,13.8,21468,0.0,0.78,2.3
2016-04-23,6.6,2.1,10.9,16240,0.0,0.71,2.6
2016-04-24,4.0,0.5,9.7,15622,2.5,0.63,2.7
2016-04-25,5.1,0.3,11.3,17630,3.4,0.64,3.2
2016-04-26,4.9,1.0,10.2,14126,1.3,0.66,3.4
2016-04-27,4.5,1.0,9.6,12886,3.1,0.66,3.8
2016-04-28,5.2,1.2,10.3,17315,0.5,0.66,2.6
2016-04-29,8.8,-0.4,14.9,22012,0.0,0.63,2.6
2016-04-30,12.2,4.1,19.9,17253,0.0,0.88,2.1
2016-05-01,13.0,4.6,19.4,25263,0.0,0.9,2.8
2016-05-02,13.3,4.9,20.1,25737,0.0,0.92,1.7
2016-05-03,12.8,7.0,20.5,19960,0.4,1.04,2.6
2016-05-04,9.3,5.5,14.3,13413,0.0,0.9,2.1
2016-05-05,13.3,5.0,20.5,26540,0.0,0.94,2.3
2016-05-06,16.7,8.2,24.3,27010,0.0,1.16,2.6
2016-05-07,18.2,10.0,25.7,27108,0.0,1.29,2.8
2016-05-08,17.9,10.2,25.5,26707,0.0,1.31,3.5
2016-05-09,18.6,10.9,25.8,27047,0.0,1.36,3.1
2016-05-10,18.4,10.7,25.7,27511,0.0,1.35,2.6
2016-05-11,18.8,10.9,25.9,24729,0.0,1.37,3.0
2016-05-12,19.0,13.1,25.4,22434,0.0,1.54,3.2
2016-05-13,16.8,9.5,23.8,25388,0.0,1.24,2.6
2016-05-14,10.3,6.2,16.2,14801,0.4,0.95,3.5
2016-05-15,8.0,5.0,12.4,16869,3.2,0.86,3.6
2016-05-16,9.3,4.7,14.5,16927,0.1,0.85,3.1
2016-05-17,9.3,5.2,12.3,10430,0.2,0.87,2.6
2016-05-18,14.1,7.7,19.5,16534,0.0,1.08,1.9
2016-05-19,17.0,11.0,23.1,17724,0.0,1.35,1.7
2016-05-20,17.3,12.1,22.9,18663,0.1,1.43,2.4
2016-05-21,18.7,13.5,24.4,19728,0.0,1.57,2.0
2016-05-22,21.8,12.3,29.6,24853,0.0,1.53,2.5
2016-05-23,19.6,13.8,25.4,19321,21.0,1.59,2.7
2016-05-24,15.2,12.3,18.3,10724,0.0,1.4,2.8
2016-05-25,13.3,11.1,15.1,10379,0.2,1.28,1.6
2016-05-26,13.7,10.9,16.6,10923,0.0,1.28,1.4
2016-05-27,15.7,9.5,20.4,15419,0.4,1.2,1.5
2016-05-28,18.4,10.6,25.1,22726,0.0,1.34,1.8
2016-05-29,21.7,14.5,28.2,23916,0.0,1.7,2.4
2016-05-30,21.3,15.1,27.3,20761,2.4,1.74,2.9
2016-05-31,19.4,14.4,27.1,21819,6.1,1.67,2.0
2016-06-01,18.5,16.4,23.2,14945,18.2,1.84,2.2
2016-06-02,19.6,14.2,25.5,18685,1.6,1.64,1.8
2016-06-03,21.3,16.0,26.8,27805,0.0,1.82,1.8
2016-06-04,22.1,15.4,28.3,27451,0.0,1.79,1.6
2016-06-05,21.7,14.9,28.7,24019,0.2,1.75,1.6
2016-06-06,20.2,13.1,25.4,29942,0.0,1.54,1.9
2016-06-07,20.0,10.1,26.8,28429,0.0,1.33,1.6
2016-06-08,20.4,13.4,27.3,28195,0.0,1.6,2.3
2016-06-09,17.5,12.8,22.9,16151,0.0,1.47,2.1
2016-06-10,16.2,10.3,22.5,23997,0.0,1.27,2.3
2016-06-11,17.4,10.1,22.9,28250,0.0,1.27,1.5
2016-06-12,16.8,10.7,21.4,12340,1.1,1.3,2.1
2016-06-13,15.4,11.7,15.7,12350,1.9,1.33,2.2
2016-06-14,16.8,13.5,22.2,17625,3.0,1.54,2.0
2016-06-15,14.9,12.2,19.1,12108,12.2,1.4,1.8
2016-06-16,17.0,10.9,23.2,21492,10.5,1.33,1.6
2016-06-17,15.3,13.6,19.3,13146,13.7,1.52,2.6
2016-06-18,16.0,12.5,21.4,22269,1.3,1.44,2.4
2016-06-19,16.3,11.1,22.6,23297,0.0,1.34,2.0
2016-06-20,17.2,10.6,23.3,26763,0.3,1.3,2.3
2016-06-21,18.6,14.1,23.9,17384,0.0,1.6,2.2
2016-06-22,21.5,14.0,27.9,19948,0.0,1.66,1.6
2016-06-23,25.6,16.0,32.7,30212,0.0,1.93,2.2
2016-06-24,27.1,20.1,35.5,28276,0.0,2.44,1.9
2016-06-25,24.8,19.6,33.8,25441,0.1,2.34,2.3
2016-06-26,19.0,13.6,23.7,21836,0.0,1.57,2.5
2016-06-27,18.6,12.6,24.6,25028,0.0,1.48,2.4
2016-06-28,18.7,13.7,23.0,22575,0.8,1.55,1.7
2016-06-29,19.0,13.4,25.4,21788,1.9,1.55,2.6
2016-06-30,20.1,12.5,25.7,19079,0.1,1.5,2.2
2016-07-01,22.1,15.2,26.8,23924,0.0,1.76,2.5
2016-07-02,18.0,13.8,24.6,14685,0.8,1.59,2.7
2016-07-03,15.9,10.9,22.0,25537,0.3,1.32,2.3
2016-07-04,17.5,9.8,23.5,24102,0.0,1.25,1.6
2016-07-05,19.8,13.9,26.3,20622,0.3,1.63,2.9
2016-07-06,15.9,11.7,20.6,19188,1.9,1.37,3.8
2016-07-07,16.7,10.6,22.6,26048,0.0,1.31,1.9
2016-07-08,19.8,14.7,26.4,14662,2.5,1.69,2.4
2016-07-09,18.7,14.8,23.9,16797,0.0,1.67,2.7
2016-07-10,24.7,17.4,32.1,25039,0.0,2.06,2.2
2016-07-11,24.2,18.0,29.5,18000,0.0,2.07,3.0
2016-07-12,21.4,17.3,26.6,14530,0.0,1.96,2.2
2016-07-13,16.6,9.8,21.6,13351,4.2,1.23,1.9
2016-07-14,15.1,13.3,17.3,10523,2.3,1.47,3.1
2016-07-15,14.9,12.5,18.3,12261,0.5,1.42,3.0
2016-07-16,18.3,9.3,24.5,23107,0.1,1.23,2.1
2016-07-17,19.6,17.0,23.3,14458,1.8,1.9,2.0
2016-07-18,18.8,15.5,22.0,11383,0.0,1.72,2.1
2016-07-19,19.4,15.3,25.0,16637,0.0,1.74,1.6
2016-07-20,22.1,15.4,28.3,20365,0.0,1.79,1.8
2016-07-21,23.2,16.2,28.8,20433,0.6,1.89,1.9
2016-07-22,23.7,16.7,31.4,26276,0.0,1.98,1.7
2016-07-23,22.7,14.6,28.8,23447,0.0,1.71,1.5
2016-07-24,23.1,16.2,30.1,23630,0.0,1.89,1.4
2016-07-25,24.6,16.6,31.3,22685,0.0,1.97,1.5
2016-07-26,23.3,17.7,29.1,19619,0.0,2.06,1.6
2016-07-27,20.1,16.1,26.2,12079,23.1,1.83,1.8
2016-07-28,20.6,16.1,25.6,19855,5.7,1.82,1.7
2016-07-29,20.6,16.0,25.2,19287,0.3,1.81,2.3
2016-07-30,20.5,15.9,25.5,15375,0.0,1.8,2.1
2016-07-31,19.3,14.3,25.5,14568,3.9,1.64,1.7
2016-08-01,16.8,12.9,21.7,18446,0.0,1.47,2.2
2016-08-02,15.6,11.3,18.6,11604,0.8,1.32,1.9
2016-08-03,18.8,14.2,22.6,9455,0.6,1.59,2.6
2016-08-04,19.0,16.3,23.2,11722,11.4,1.81,2.5
2016-08-05,17.7,13.7,21.9,11413,1.5,1.55,2.2
2016-08-06,17.4,12.9,22.4,15244,0.0,1.49,2.3
2016-08-07,18.7,11.9,24.6,22212,0.0,1.44,2.2
2016-08-08,21.0,16.2,28.0,16904,0.0,1.86,3.1
2016-08-09,16.5,12.1,21.0,14765,0.0,1.4,2.3
2016-08-10,13.4,9.3,17.9,15406,1.1,1.16,2.3
2016-08-11,13.5,7.3,18.9,17362,0.0,1.04,2.4
2016-08-12,15.8,12.1,19.4,9251,0.4,1.39,2.5
2016-08-13,21.0,15.2,27.6,22185,0.0,1.76,2.6
2016-08-14,18.5,14.9,22.5,14107,0.0,1.66,1.9
2016-08-15,16.8,11.4,22.3,18758,0.0,1.35,1.8
2016-08-16,15.6,9.5,23.0,15230,1.2,1.24,1.7
2016-08-17,15.5,9.0,22.5,20074,0.0,1.18,1.5
2016-08-18,16.2,10.3,21.8,11290,0.0,1.28,1.6
2016-08-19,19.1,11.2,26.8,23344,3.2,1.41,1.4
2016-08-20,19.6,15.0,25.8,11705,6.2,1.71,2.0
2016-08-21,17.2,13.1,23.2,16248,3.4,1.5,2.6
2016-08-22,18.5,12.6,23.9,14873,0.1,1.48,2.3
2016-08-23,19.3,15.1,23.3,12474,0.0,1.69,1.6
2016-08-24,21.5,15.3,28.4,22319,0.0,1.79,1.9
2016-08-25,22.1,14.1,30.6,23316,0.0,1.71,2.2
2016-08-26,24.5,14.3,34.4,22714,0.0,1.8,1.9
2016-08-27,24.0,15.9,32.6,22228,0.0,1.92,1.7
2016-08-28,24.6,16.9,34.7,18157,1.5,2.09,2.4
2016-08-29,19.4,13.3,24.7,12562,0.0,1.55,2.7
2016-08-30,17.0,10.7,23.9,20113,0.0,1.32,1.9
2016-08-31,19.2,12.1,26.4,21844,0.0,1.48,1.6
2016-09-01,19.5,12.4,26.8,19053,0.0,1.49,1.8
2016-09-02,19.3,12.2,26.1,20219,0.0,1.46,1.6
2016-09-03,20.4,15.5,26.4,18330,0.0,1.77,1.9
2016-09-04,17.8,14.7,22.4,9015,4.5,1.64,2.7
2016-09-05,16.9,13.2,23.1,10318,0.8,1.52,2.6
2016-09-06,16.6,11.0,22.9,19704,0.0,1.33,1.5
2016-09-07,18.6,10.2,26.5,19862,0.0,1.32,1.8
2016-09-08,21.7,13.7,30.6,19384,0.0,1.67,1.9
2016-09-09,21.1,16.2,27.7,18071,0.0,1.86,1.6
2016-09-10,20.7,14.9,27.9,14383,0.0,1.74,1.3
2016-09-11,22.4,15.6,30.2,18377,0.0,1.85,1.4
2016-09-12,23.3,16.4,32.1,18214,0.0,1.96,1.5
2016-09-13,23.4,16.7,31.6,18050,0.0,2.0,1.8
2016-09-14,22.0,16.1,29.4,17785,0.0,1.87,2.2
2016-09-15,19.6,14.2,26.7,18121,0.0,1.66,2.5
2016-09-16,19.6,13.1,28.2,14069,2.2,1.57,1.8
2016-09-17,17.2,14.0,19.6,6221,8.0,1.55,2.6
2016-09-18,15.5,11.5,21.0,12806,0.0,1.35,2.7
2016-09-19,15.2,8.8,20.7,11990,0.0,1.16,1.9
2016-09-20,13.8,7.6,19.0,9448,0.0,1.05,1.3
2016-09-21,15.2,10.6,21.0,14889,0.0,1.28,1.4
2016-09-22,13.9,7.2,20.5,15588,0.0,1.05,1.2
2016-09-23,15.9,10.4,22.8,12506,0.0,1.29,1.5
2016-09-24,15.0,10.2,21.1,13953,0.0,1.26,1.5
2016-09-25,15.0,8.3,23.5,14263,0.0,1.16,1.8
2016-09-26,14.3,8.1,21.6,12454,0.0,1.12,1.4
2016-09-27,15.0,7.7,22.1,15129,0.0,1.09,1.3
2016-09-28,16.3,10.7,20.7,5321,0.0,1.29,3.2
2016-09-29,19.9,14.4,25.3,9972,0.0,1.65,3.6
2016-09-30,15.2,9.9,20.4,7461,0.0,1.23,2.4
2016-10-01,12.7,9.1,14.9,4994,4.0,1.13,1.8
2016-10-02,12.8,8.1,17.7,11163,0.1,1.09,2.3
2016-10-03,12.1,6.4,18.1,11627,8.4,0.99,2.4
2016-10-04,12.7,6.4,17.2,12929,0.3,0.96,3.0
2016-10-05,8.9,5.4,12.7,6454,8.4,0.89,3.2
2016-10-06,10.3,8.4,11.4,4608,3.1,1.07,3.1
2016-10-07,10.1,7.1,12.7,5111,1.9,0.98,2.2
2016-10-08,9.4,6.2,12.8,5602,1.7,0.93,2.0
2016-10-09,7.9,5.1,10.1,4464,0.9,0.86,1.6
2016-10-10,8.1,5.5,12.1,6790,0.0,0.88,1.2
2016-10-11,8.0,6.1,10.1,4237,3.9,0.91,2.0
2016-10-12,7.3,6.1,8.3,4164,2.6,0.91,2.4
2016-10-13,7.1,5.4,7.8,4093,0.2,0.86,3.2
2016-10-14,7.9,3.4,12.0,7392,0.0,0.77,3.4
2016-10-15,9.0,6.3,11.5,4027,0.6,0.92,2.3
2016-10-16,9.8,8.1,12.6,4032,0.0,1.04,1.7
2016-10-17,8.1,6.6,8.9,3813,0.0,0.94,1.9
2016-10-18,9.4,6.6,12.6,3746,2.5,0.95,1.9
2016-10-19,9.1,6.6,11.3,4837,4.1,0.95,2.5
2016-10-20,7.7,4.4,11.4,4185,6.0,0.82,2.1
2016-10-21,7.4,5.9,8.9,3548,0.4,0.9,1.9
2016-10-22,7.0,4.9,9.4,4043,0.4,0.84,1.5
2016-10-23,6.9,4.9,9.4,4526,0.0,0.84,1.5
2016-10-24,7.6,4.6,9.6,3357,6.8,0.83,1.7
2016-10-25,8.6,5.0,9.9,3296,1.0,0.85,1.5
2016-10-26,6.9,5.4,8.4,3235,0.0,0.87,1.2
2016-10-27,8.5,4.2,11.5,3176,0.0,0.81,2.0
2016-10-28,10.8,7.1,12.7,3117,1.2,0.98,2.7
2016-10-29,9.3,6.7,11.9,3767,0.0,0.95,2.5
2016-10-30,7.8,3.2,12.0,6372,0.0,0.76,1.7
2016-10-31,7.9,2.7,11.0,2948,0.2,0.74,1.5
2016-11-01,9.5,6.2,11.9,3079,2.3,0.92,2.1
2016-11-02,6.0,2.7,9.2,3453,1.8,0.72,3.3
2016-11-03,3.2,0.3,7.4,5573,0.1,0.61,1.8
2016-11-04,5.2,2.5,7.7,2796,0.0,0.71,2.2
2016-11-05,6.2,2.7,9.6,2686,6.6,0.73,2.1
2016-11-06,5.2,3.3,7.6,3629,2.1,0.75,2.2
2016-11-07,4.2,1.2,5.7,2589,0.7,0.65,2.2
2016-11-08,2.7,0.6,5.6,2542,0.6,0.62,2.1
2016-11-09,0.4,-2.0,4.2,6045,0.0,0.51,2.1
2016-11-10,0.7,-1.6,5.0,3843,0.0,0.53,2.3
2016-11-11,0.3,-2.8,3.1,3123,0.0,0.49,2.2
2016-11-12,-1.4,-3.9,2.8,5139,0.0,0.45,1.6
2016-11-13,-1.9,-5.0,3.1,6302,0.0,0.42,2.0
2016-11-14,-0.4,-4.0,4.6,6323,0.0,0.45,2.1
2016-11-15,2.7,0.5,7.2,2244,3.6,0.62,3.0
2016-11-16,7.6,6.5,8.9,2258,2.3,0.93,2.9
2016-11-17,8.9,7.4,10.5,2272,4.0,0.99,3.6
2016-11-18,8.8,4.5,13.8,2439,4.9,0.85,4.1
2016-11-19,5.6,2.3,8.2,2099,3.4,0.71,2.8
2016-11-20,6.3,1.0,11.6,3410,0.0,0.67,3.8
2016-11-21,8.9,5.3,12.9,3708,0.0,0.88,2.5
2016-11-22,9.6,6.8,12.0,2100,0.0,0.96,1.9
2016-11-23,7.1,4.1,10.7,3807,0.0,0.8,1.3
2016-11-24,4.8,0.5,8.1,2900,0.0,0.63,2.4
2016-11-25,1.4,-0.3,3.0,1916,0.0,0.58,2.3
2016-11-26,0.1,-1.0,3.4,1890,0.3,0.55,1.8
2016-11-27,3.7,-0.9,6.7,3910,0.1,0.57,2.5
2016-11-28,-0.6,-4.1,3.2,4283,0.0,0.45,2.4
2016-11-29,-2.9,-5.5,1.3,5199,0.0,0.4,2.1
2016-11-30,0.9,-3.8,4.4,1795,6.0,0.46,3.0
2016-12-01,6.1,4.0,8.2,1774,1.6,0.79,4.2
2016-12-02,3.6,-1.4,8.2,4434,0.0,0.56,2.9
2016-12-03,-1.1,-3.6,2.7,5017,0.0,0.46,1.4
2016-12-04,-1.6,-3.9,0.4,1850,0.0,0.44,1.5
2016-12-05,-3.7,-6.1,-0.7,4634,0.0,0.38,1.5
2016-12-06,0.1,-2.8,1.2,1686,0.6,0.48,1.5
2016-12-07,1.5,-0.5,5.0,2624,0.2,0.57,2.3
2016-12-08,6.8,3.8,11.0,3381,0.0,0.79,3.0
2016-12-09,7.4,4.9,9.3,1647,0.0,0.84,2.8
2016-12-10,8.9,7.5,11.3,1636,10.5,1.0,2.8
2016-12-11,7.0,5.1,8.4,1627,10.0,0.85,3.7
2016-12-12,3.1,-2.7,7.1,2422,0.3,0.51,2.3
2016-12-13,1.4,-2.9,4.5,1610,1.4,0.49,1.6
2016-12-14,4.4,0.9,6.0,1604,0.1,0.63,1.4
2016-12-15,2.0,-1.2,3.4,1599,0.0,0.54,2.4
2016-12-16,-0.5,-2.4,2.6,4530,0.0,0.5,2.2
2016-12-17,-1.1,-3.6,1.4,1591,0.6,0.45,1.6
2016-12-18,4.1,1.0,5.8,1589,0.9,0.64,1.7
2016-12-19,3.7,1.4,5.2,1588,0.0,0.66,1.8
2016-12-20,-0.2,-1.5,1.8,1589,0.0,0.53,2.4
2016-12-21,-0.8,-3.5,2.1,3808,0.0,0.46,2.4
2016-12-22,0.4,-2.7,2.9,1634,1.5,0.49,2.3
2016-12-23,2.2,0.4,4.6,1931,0.3,0.61,2.7
2016-12-24,4.3,0.2,6.7,1600,6.5,0.61,4.3
2016-12-25,7.5,4.3,10.2,1606,3.5,0.81,4.7
2016-12-26,8.2,4.0,11.0,1655,1.3,0.8,4.8
2016-12-27,6.2,4.3,7.5,1663,13.0,0.8,4.7
2016-12-28,6.0,4.9,7.3,1629,4.2,0.83,2.5
2016-12-29,3.3,-0.7,5.5,1896,0.0,0.56,1.7
2016-12-30,-0.2,-2.2,2.7,4785,0.0,0.5,1.8
2016-12-31,0.2,-3.3,3.8,4813,0.0,0.47,2.2
2017-01-01,1.8,-0.8,4.0,2224,1.1,0.56,2.5
2017-01-02,0.4,-1.3,2.5,1676,1.0,0.53,2.6
2017-01-03,2.3,0.4,3.9,1691,8.4,0.6,4.2
2017-01-04,2.3,-0.8,4.6,1926,3.6,0.56,5.5
2017-01-05,-3.3,-8.3,-0.5,2651,0.3,0.33,3.1
2017-01-06,-7.8,-10.2,-3.9,5034,0.0,0.27,1.6
2017-01-07,-5.6,-9.2,-2.5,1760,4.0,0.3,2.5
2017-01-08,-1.8,-2.9,-0.9,1780,0.1,0.47,1.5
2017-01-09,-1.2,-2.8,-0.1,1802,0.0,0.48,1.8
2017-01-10,-2.4,-5.8,0.7,4807,0.0,0.39,2.6
2017-01-11,-2.6,-6.7,3.2,1894,3.5,0.38,4.2
2017-01-12,2.7,1.5,4.8,1919,1.7,0.65,4.2
2017-01-13,1.0,-1.1,2.3,1898,4.3,0.55,4.7
2017-01-14,0.1,-1.3,2.0,2449,0.7,0.54,3.8
2017-01-15,0.0,-1.7,0.7,1954,1.6,0.52,2.8
2017-01-16,-2.6,-5.2,-1.3,1983,0.0,0.4,1.7
2017-01-17,-4.4,-7.9,0.3,5836,0.0,0.34,1.9
2017-01-18,-5.3,-8.7,-3.3,2045,0.0,0.31,2.3
2017-01-19,-3.2,-5.1,-0.9,2128,0.0,0.41,1.9
2017-01-20,-0.3,-2.1,1.1,2112,0.1,0.5,1.5
2017-01-21,0.9,-0.6,2.3,2147,0.0,0.56,1.3
2017-01-22,-0.5,-3.3,3.4,5389,0.0,0.47,1.3
2017-01-23,-3.4,-5.1,-2.0,2221,0.0,0.4,1.4
2017-01-24,-1.2,-2.3,-0.2,2259,0.0,0.5,1.5
2017-01-25,-0.2,-0.8,0.4,2299,0.1,0.55,1.9
2017-01-26,-0.1,-3.2,2.6,4776,0.0,0.47,2.5
2017-01-27,-1.8,-4.6,3.4,6982,0.0,0.43,2.1
2017-01-28,-3.9,-7.0,-0.1,6803,0.0,0.35,1.9
2017-01-29,0.8,-3.6,6.4,5891,0.0,0.47,2.1
2017-01-30,0.2,-2.1,2.6,2515,10.3,0.51,2.7
2017-01-31,-0.1,-0.6,0.3,2561,0.2,0.56,2.0
2017-02-01,-0.7,-3.7,0.4,2609,0.0,0.45,2.1
2017-02-02,-2.2,-6.1,0.5,4071,0.0,0.38,2.3
2017-02-03,1.1,-0.7,3.2,2708,1.6,0.56,2.0
2017-02-04,2.2,0.6,4.7,3181,0.0,0.62,2.3
2017-02-05,1.7,0.2,2.7,2811,0.7,0.6,2.0
2017-02-06,-0.8,-2.5,0.8,2864,0.0,0.49,2.0
2017-02-07,-1.0,-2.3,-0.2,2918,0.0,0.5,2.4
2017-02-08,-3.4,-5.2,-1.7,3164,0.0,0.4,2.7
2017-02-09,-3.9,-5.6,-1.2,4762,0.0,0.39,2.8
2017-02-10,-2.9,-6.2,0.5,6204,0.0,0.38,2.8
2017-02-11,-2.0,-3.4,-0.7,3146,0.0,0.46,2.8
2017-02-12,-1.5,-3.7,1.2,6398,0.0,0.45,3.2
2017-02-13,-2.8,-7.1,3.2,9124,0.0,0.37,3.0
2017-02-14,-2.4,-8.4,4.4,8030,0.0,0.34,2.0
2017-02-15,2.9,-3.7,10.6,9873,0.0,0.5,1.3
2017-02-16,5.7,-0.7,12.7,8060,1.1,0.6,1.9
2017-02-17,4.7,2.1,6.6,3518,1.9,0.69,2.4
2017-02-18,3.6,2.1,4.7,3583,0.2,0.68,1.8
2017-02-19,4.0,-0.8,9.0,4807,1.3,0.58,2.5
2017-02-20,6.8,4.0,9.9,3717,3.8,0.79,4.1
2017-02-21,7.2,2.8,10.2,5709,4.5,0.74,4.2
2017-02-22,7.2,2.7,11.7,3854,14.6,0.74,5.5
2017-02-23,6.6,3.8,8.6,3923,8.4,0.78,5.2
2017-02-24,3.0,-0.2,7.3,6444,2.2,0.59,4.5
2017-02-25,3.3,-0.8,6.9,7085,0.0,0.57,2.8
2017-02-26,7.9,4.4,11.1,4450,1.0,0.82,3.5
2017-02-27,9.8,5.9,14.0,9197,0.0,0.92,3.4
2017-02-28,8.5,3.8,11.4,5804,0.0,0.8,4.2
2017-03-01,3.8,1.4,7.4,6865,3.4,0.66,4.0
2017-03-02,5.1,2.6,7.1,4514,3.0,0.72,4.7
2017-03-03,6.4,0.6,11.8,11614,0.0,0.65,2.6
2017-03-04,9.5,3.0,17.3,10261,0.2,0.79,2.5
2017-03-05,8.8,5.4,12.7,6938,0.2,0.89,3.3
2017-03-06,5.4,2.6,8.3,4738,3.7,0.71,2.8
2017-03-07,2.7,1.3,4.0,4816,0.0,0.65,2.4
2017-03-08,5.6,1.7,10.4,6720,4.1,0.68,2.9
2017-03-09,7.0,4.3,11.1,6641,2.6,0.82,3.0
2017-03-10,6.6,3.6,9.7,5673,0.3,0.77,3.0
2017-03-11,4.1,0.5,8.7,7817,0.0,0.62,1.7
2017-03-12,1.8,-1.5,7.0,12709,0.0,0.54,2.6
2017-03-13,3.9,-2.2,9.9,9942,0.0,0.54,1.7
2017-03-14,6.4,1.3,11.3,5558,0.0,0.67,2.3
2017-03-15,9.6,3.6,14.0,12416,0.0,0.8,2.7
2017-03-16,7.6,1.7,13.9,10125,0.0,0.71,1.9
2017-03-17,7.5,4.0,11.8,6280,4.5,0.8,3.6
2017-03-18,5.6,2.0,11.0,7320,2.7,0.71,5.2
2017-03-19,4.1,-1.0,9.7,5975,10.5,0.58,3.7
2017-03-20,10.8,8.8,13.6,5962,0.3,1.1,3.8
2017-03-21,9.1,4.5,12.2,6436,2.3,0.83,3.2
2017-03-22,6.8,2.1,11.8,12528,0.1,0.71,2.1
2017-03-23,6.1,4.9,8.0,6113,1.8,0.83,2.4
2017-03-24,7.5,0.7,14.0,18094,0.0,0.67,2.4
2017-03-25,7.2,1.8,13.2,14439,0.0,0.71,2.6
2017-03-26,7.5,1.1,14.0,15902,0.0,0.69,1.8
2017-03-27,11.1,3.8,18.4,19020,0.0,0.85,1.7
2017-03-28,13.6,4.4,22.3,18987,0.0,0.92,1.8
2017-03-29,10.7,7.1,14.4,7336,4.4,0.99,2.9
2017-03-30,13.0,9.6,18.3,10138,0.0,1.19,1.9
2017-03-31,16.3,9.6,23.1,17182,0.0,1.25,2.2
2017-04-01,16.1,8.8,22.7,17862,0.0,1.19,1.7
2017-04-02,13.1,8.3,18.1,13329,0.0,1.09,2.1
2017-04-03,8.4,5.4,10.1,7021,0.0,0.87,1.9
2017-04-04,9.3,6.1,12.4,8289,0.0,0.92,1.5
2017-04-05,9.7,5.6,14.3,8920,0.6,0.9,2.7
2017-04-06,8.6,4.0,13.6,15887,0.0,0.82,3.5
2017-04-07,9.1,6.2,11.9,7345,0.0,0.92,3.4
2017-04-08,10.7,7.5,14.9,8750,0.0,1.02,1.8
2017-04-09,13.2,8.1,19.2,17940,0.0,1.09,1.3
2017-04-10,12.1,5.2,21.4,17183,0.0,0.94,3.5
2017-04-11,7.0,3.2,10.1,11703,3.4,0.75,3.1
2017-04-12,8.9,6.1,14.7,8306,4.9,0.94,3.7
2017-04-13,8.7,5.1,13.6,13941,0.0,0.88,3.7
2017-04-14,8.5,3.0,13.7,14048,0.0,0.77,2.6
2017-04-15,7.7,4.1,10.7,8203,2.7,0.8,3.7
2017-04-16,5.6,3.2,9.1,11960,3.3,0.75,3.0
2017-04-17,5.5,2.2,11.0,16673,4.4,0.71,2.6
2017-04-18,4.6,2.0,9.3,12261,0.4,0.69,3.0
2017-04-19,2.9,-1.4,7.5,15965,0.1,0.55,2.7
2017-04-20,4.0,-2.8,9.5,18644,0.0,0.51,1.9
2017-04-21,9.7,3.6,16.3,10067,0.8,0.82,3.3
2017-04-22,6.8,3.8,11.3,14155,0.4,0.79,3.9
2017-04-23,5.1,2.1,10.0,11999,0.9,0.7,3.3
2017-04-24,8.4,0.0,15.1,18735,0.0,0.65,2.7
2017-04-25,7.4,2.1,12.3,13715,0.2,0.72,2.7
2017-04-26,6.4,0.6,12.0,17510,0.0,0.65,1.6
2017-04-27,6.8,0.6,13.0,18088,0.0,0.66,1.7
2017-04-28,8.3,2.1,13.1,16138,0.2,0.72,1.9
2017-04-29,7.4,3.3,12.6,14778,0.1,0.77,1.9
2017-04-30,8.2,0.5,15.1,25042,0.0,0.67,3.4
2017-05-01,11.1,3.3,17.7,17010,0.0,0.81,3.5
2017-05-02,9.6,7.7,11.0,9172,2.6,1.02,3.2
2017-05-03,11.8,7.6,17.2,14247,1.8,1.04,2.7
2017-05-04,8.6,6.8,11.0,9297,3.7,0.95,2.9
2017-05-05,9.9,7.6,11.8,9358,0.0,1.01,2.0
2017-05-06,12.4,8.7,17.1,12005,0.0,1.11,2.1
2017-05-07,12.4,7.2,18.9,16885,0.6,1.04,2.2
2017-05-08,7.4,1.2,9.7,9659,4.2,0.66,2.8
2017-05-09,5.7,1.1,10.9,12692,0.8,0.67,1.9
2017-05-10,8.3,3.5,13.5,17229,0.0,0.79,1.9
2017-05-11,12.5,3.5,20.6,26141,0.0,0.85,2.2
2017-05-12,15.9,8.1,25.2,23856,3.8,1.16,2.2
2017-05-13,15.4,12.3,20.3,11433,3.0,1.41,1.7
2017-05-14,15.9,11.1,21.6,23134,3.5,1.33,1.7
2017-05-15,15.7,11.0,21.0,20949,0.1,1.31,1.7
2017-05-16,16.2,10.6,19.4,12973,0.0,1.27,1.5
2017-05-17,20.1,12.7,26.5,25359,0.0,1.53,2.1
2017-05-18,21.6,12.9,29.1,28201,0.0,1.57,2.2
2017-05-19,22.5,13.8,30.5,27010,0.0,1.69,2.6
2017-05-20,15.6,10.9,19.4,16334,0.0,1.3,2.4
2017-05-21,16.1,8.8,22.2,26762,0.0,1.18,1.7
2017-05-22,17.0,9.5,23.6,26697,0.0,1.23,1.6
2017-05-23,18.2,10.7,26.0,23965,2.5,1.35,2.4
2017-05-24,12.9,9.2,17.5,12083,0.2,1.15,3.0
2017-05-25,13.7,7.7,18.6,19113,0.0,1.07,2.3
2017-05-26,17.2,11.1,24.6,21830,0.0,1.37,2.0
2017-05-27,20.2,11.6,27.6,30409,0.0,1.44,2.1
2017-05-28,23.2,12.6,32.0,26126,0.0,1.62,2.0
2017-05-29,23.8,16.6,30.3,26171,0.0,1.95,1.7
2017-05-30,22.3,17.5,31.3,18298,0.2,2.07,2.4
2017-05-31,18.7,10.6,24.3,24083,0.0,1.32,3.0
2017-06-01,15.9,8.2,23.8,30512,0.0,1.15,1.9
2017-06-02,18.8,9.7,26.4,30806,0.0,1.3,1.4
2017-06-03,17.4,11.5,22.9,17405,2.2,1.37,1.8
2017-06-04,16.2,11.8,18.1,14615,12.4,1.35,2.6
2017-06-05,16.1,12.0,22.9,19252,3.1,1.41,1.7
2017-06-06,17.5,11.7,26.0,18252,2.2,1.42,3.1
2017-06-07,14.2,9.6,19.1,20326,0.7,1.19,4.3
2017-06-08,16.3,10.6,21.2,14191,0.0,1.29,2.5
2017-06-09,20.1,12.8,29.4,24987,0.5,1.59,2.5
2017-06-10,18.5,12.1,24.3,24365,0.0,1.45,1.8
2017-06-11,22.4,14.3,29.2,25409,0.8,1.7,2.0
2017-06-12,19.6,15.3,23.4,19390,0.0,1.71,3.6
2017-06-13,16.6,12.2,19.9,14266,0.0,1.4,2.9
2017-06-14,17.1,10.0,23.1,29304,0.0,1.26,1.8
2017-06-15,21.1,12.3,28.3,25717,5.3,1.5,1.9
2017-06-16,16.8,12.4,21.4,18146,3.5,1.44,3.7
2017-06-17,16.7,11.7,22.9,18537,0.0,1.4,3.0
2017-06-18,19.6,11.4,26.4,31002,0.0,1.41,1.7
2017-06-19,24.1,15.7,31.3,29077,0.0,1.87,1.4
2017-06-20,23.6,16.3,29.6,26123,0.0,1.89,2.2
2017-06-21,18.7,11.4,25.2,29332,0.0,1.39,1.7
2017-06-22,19.4,13.2,28.7,19439,23.7,1.61,2.4
2017-06-23,19.6,15.9,23.8,16738,0.0,1.78,3.6
2017-06-24,19.6,16.7,22.9,11597,0.2,1.85,3.1
2017-06-25,17.8,14.5,22.4,12489,4.2,1.64,3.0
2017-06-26,16.6,12.3,21.1,16715,1.1,1.42,2.6
2017-06-27,17.4,10.0,23.7,26839,0.0,1.27,1.8
2017-06-28,19.8,13.4,27.2,21950,7.7,1.59,2.5
2017-06-29,18.2,15.7,20.7,10781,103.1,1.73,2.7
2017-06-30,16.2,13.2,19.7,11408,2.7,1.49,3.4
2017-07-01,15.9,13.3,19.2,11136,6.8,1.48,3.2
2017-07-02,15.9,12.1,19.7,13553,2.8,1.39,3.1
2017-07-03,17.3,10.4,23.0,25948,0.5,1.3,2.7
2017-07-04,17.1,13.2,21.8,25153,0.0,1.51,2.3
2017-07-05,16.5,13.1,21.3,15153,0.3,1.5,1.6
2017-07-06,20.1,13.2,26.3,22539,0.2,1.56,1.4
2017-07-07,20.3,15.5,28.3,17272,1.1,1.79,2.1
2017-07-08,20.0,16.1,25.6,15840,1.6,1.82,2.3
2017-07-09,18.8,13.6,24.9,21675,0.0,1.58,1.6
2017-07-10,18.4,15.2,22.0,12465,19.9,1.68,2.0
2017-07-11,18.5,13.9,24.3,17782,5.7,1.6,2.5
2017-07-12,16.9,12.4,21.5,12912,5.5,1.44,2.9
2017-07-13,15.0,11.1,19.0,23680,0.0,1.3,2.4
2017-07-14,16.6,11.2,22.0,16779,0.0,1.35,1.7
2017-07-15,17.6,12.9,22.9,23207,0.4,1.5,1.9
2017-07-16,17.7,12.2,22.4,16062,4.7,1.42,2.0
2017-07-17,18.6,14.0,23.6,24373,0.0,1.6,1.8
2017-07-18,19.0,12.3,25.1,28364,0.0,1.48,1.7
2017-07-19,22.5,14.2,29.4,27797,1.9,1.69,2.3
2017-07-20,22.3,17.5,28.8,20294,0.3,2.03,2.3
2017-07-21,21.6,17.1,27.4,26662,0.0,1.96,1.8
2017-07-22,20.7,17.3,26.9,16283,13.4,1.96,2.0
2017-07-23,19.8,16.2,24.8,15476,5.7,1.81,2.5
2017-07-24,19.2,14.1,24.4,18432,49.8,1.61,1.9
2017-07-25,16.1,14.2,18.0,9984,8.8,1.57,3.1
2017-07-26,15.8,14.6,16.5,9936,18.5,1.61,3.0
2017-07-27,17.6,13.0,22.8,17872,4.5,1.5,2.3
2017-07-28,18.3,14.1,23.0,23288,0.0,1.59,2.6
2017-07-29,20.2,14.3,26.2,15877,0.0,1.66,2.5
2017-07-30,24.5,17.9,32.1,23257,0.0,2.12,2.7
2017-07-31,23.6,18.4,29.7,21071,4.8,2.14,1.9
2017-08-01,23.4,17.6,30.1,19881,0.9,2.04,1.8
2017-08-02,22.3,17.2,27.2,18940,0.0,1.95,1.7
2017-08-03,21.9,17.4,28.3,12465,4.3,2.01,2.6
2017-08-04,20.6,16.3,25.1,20746,0.0,1.84,3.1
2017-08-05,18.1,14.9,22.9,15395,0.0,1.68,2.4
2017-08-06,17.4,13.2,22.5,25090,0.0,1.51,2.1
2017-08-07,18.7,11.6,25.2,25353,0.0,1.42,1.8
2017-08-08,20.7,12.8,27.1,23669,0.5,1.54,2.4
2017-08-09,21.6,16.6,27.2,23566,4.5,1.9,2.2
2017-08-10,20.1,14.7,25.4,13195,13.1,1.67,1.9
2017-08-11,16.6,13.8,20.0,9265,1.4,1.55,2.1
2017-08-12,15.2,12.5,18.7,9919,1.5,1.42,2.9
2017-08-13,17.5,13.0,21.7,14038,0.0,1.49,1.9
2017-08-14,18.8,13.0,25.1,21469,0.0,1.52,1.8
2017-08-15,21.3,13.4,28.3,22072,0.0,1.62,2.1
2017-08-16,19.5,16.2,23.6,12953,11.3,1.81,1.5
2017-08-17,20.5,14.1,26.1,17118,0.3,1.65,1.9
2017-08-18,20.9,15.8,26.5,13959,14.0,1.81,2.2
2017-08-19,17.1,13.5,21.6,17382,0.0,1.53,2.7
2017-08-20,15.5,10.7,21.5,18443,1.3,1.29,2.5
2017-08-21,15.4,11.9,20.1,11705,0.5,1.39,2.2
2017-08-22,14.4,10.5,19.4,15206,0.1,1.27,1.7
2017-08-23,15.6,9.1,22.0,21212,0.0,1.2,1.4
2017-08-24,16.9,10.0,21.4,13392,0.2,1.25,2.1
2017-08-25,18.3,14.4,22.9,15579,0.0,1.62,1.6
2017-08-26,19.1,13.2,24.2,10123,0.0,1.52,1.5
2017-08-27,18.7,13.4,23.0,18979,0.0,1.54,1.9
2017-08-28,17.6,11.8,23.4,22679,0.0,1.41,1.3
2017-08-29,19.9,11.4,27.1,22528,0.0,1.43,1.7
2017-08-30,22.5,14.1,29.8,19365,0.0,1.68,2.1
2017-08-31,20.5,14.1,26.7,13013,2.5,1.64,2.6
2017-09-01,14.7,11.1,18.5,9044,0.0,1.29,1.5
2017-09-02,14.8,10.0,20.9,15980,0.0,1.24,1.4
2017-09-03,13.7,8.3,20.3,16181,1.7,1.11,1.3
2017-09-04,14.6,8.8,21.3,18764,0.0,1.15,1.6
2017-09-05,16.3,9.2,23.0,18077,0.0,1.21,1.7
2017-09-06,15.9,12.0,21.9,8709,8.3,1.41,3.1
2017-09-07,13.6,10.7,17.1,7979,0.9,1.26,2.9
2017-09-08,14.0,10.2,17.2,6939,0.7,1.22,3.2
2017-09-09,15.3,13.2,18.5,7489,1.0,1.48,2.6
2017-09-10,15.3,11.3,20.5,13679,0.0,1.33,2.3
2017-09-11,14.4,10.3,19.0,11266,0.0,1.24,3.5
2017-09-12,13.3,9.5,18.4,11051,0.4,1.17,3.3
2017-09-13,13.5,8.7,19.2,12578,2.9,1.14,5.0
2017-09-14,12.5,9.6,15.3,8383,1.5,1.16,4.4
2017-09-15,12.7,8.5,17.3,10915,0.5,1.1,2.7
2017-09-16,11.8,5.9,17.9,13808,0.0,0.95,1.5
2017-09-17,12.0,6.4,18.9,14169,0.3,0.99,1.2
2017-09-18,11.7,6.8,17.5,15607,0.0,1.0,1.6
2017-09-19,11.7,5.3,18.3,12806,0.0,0.93,1.6
2017-09-20,12.0,7.3,17.2,11990,0.5,1.03,2.0
2017-09-21,13.1,9.6,17.4,7711,0.0,1.18,1.3
2017-09-22,13.8,10.2,19.3,11252,0.0,1.24,1.1
2017-09-23,12.5,7.8,17.1,9417,7.9,1.05,1.2
2017-09-24,14.0,11.6,16.3,6292,1.1,1.32,1.4
2017-09-25,13.8,12.3,15.5,5646,1.5,1.39,1.7
2017-09-26,14.4,11.7,19.1,9173,0.8,1.34,1.9
2017-09-27,14.8,11.9,19.4,6859,0.0,1.37,1.7
2017-09-28,15.4,11.4,19.4,10675,0.0,1.33,1.7
2017-09-29,15.7,10.3,21.8,13520,0.0,1.28,1.8
2017-09-30,13.9,8.1,20.7,13275,0.0,1.11,2.2
2017-10-01,12.4,10.2,14.5,5073,1.9,1.2,1.9
2017-10-02,12.3,9.2,15.3,5257,11.2,1.13,3.2
2017-10-03,12.3,9.7,15.8,7866,1.0,1.17,3.1
2017-10-04,11.9,9.6,13.7,5182,2.9,1.16,3.6
2017-10-05,10.7,8.1,14.7,5016,12.4,1.06,4.8
2017-10-06,10.5,8.2,13.9,5695,5.4,1.06,3.8
2017-10-07,10.2,8.2,12.6,4942,8.1,1.06,3.8
2017-10-08,9.9,4.3,14.1,8330,2.8,0.83,3.0
2017-10-09,8.1,3.6,14.0,8298,5.5,0.8,2.0
2017-10-10,11.5,8.8,13.6,4383,0.6,1.1,2.7
2017-10-11,14.2,12.0,16.5,4870,0.1,1.36,3.1
2017-10-12,13.3,9.2,16.2,7561,0.1,1.14,3.9
2017-10-13,12.1,8.5,16.6,8158,0.0,1.09,2.2
2017-10-14,15.4,11.4,19.6,5487,0.0,1.32,2.1
2017-10-15,15.9,11.6,21.8,11453,0.0,1.37,1.7
2017-10-16,15.9,10.4,22.7,11073,0.0,1.29,1.8
2017-10-17,16.4,12.4,22.5,10625,0.0,1.44,1.8
2017-10-18,13.8,10.3,19.3,8407,0.0,1.24,1.2
2017-10-19,10.7,8.3,12.3,3746,0.0,1.06,1.7
2017-10-20,12.3,8.3,16.0,5706,1.2,1.08,2.3
2017-10-21,11.3,9.2,13.3,3613,2.4,1.13,2.2
2017-10-22,11.6,9.4,15.0,6590,0.0,1.15,3.2
2017-10-23,9.7,7.3,12.0,3553,0.9,0.99,2.7
2017-10-24,11.6,7.8,14.7,4249,6.5,1.04,2.4
2017-10-25,14.4,11.4,17.6,3767,0.1,1.31,3.0
2017-10-26,12.4,9.9,15.3,3431,0.9,1.18,2.3
2017-10-27,10.4,7.3,12.2,4436,1.1,0.99,3.6
2017-10-28,10.0,8.2,11.3,3176,8.8,1.04,5.0
2017-10-29,7.7,4.2,12.1,3638,4.4,0.82,6.2
2017-10-30,5.5,2.0,9.3,8592,0.0,0.69,3.1
2017-10-31,7.1,3.6,9.2,3003,1.7,0.77,2.3
2017-11-01,9.4,7.4,10.9,2948,7.2,0.99,2.7
2017-11-02,9.2,7.6,11.1,2955,1.5,1.01,2.8
2017-11-03,8.4,4.9,11.6,5046,0.0,0.85,1.6
2017-11-04,7.9,3.4,11.9,5573,0.0,0.77,2.1
2017-11-05,9.7,7.0,13.0,3394,9.0,0.97,2.5
2017-11-06,6.2,3.3,9.2,5405,0.0,0.76,1.8
2017-11-07,5.9,2.2,9.2,3863,0.0,0.7,2.0
2017-11-08,7.2,5.2,9.5,4550,0.0,0.86,1.7
2017-11-09,6.0,4.9,7.5,2542,1.0,0.84,1.8
2017-11-10,6.6,4.1,8.2,2496,2.4,0.79,3.9
2017-11-11,5.1,3.2,7.4,2729,0.9,0.75,3.7
2017-11-12,3.7,1.0,6.3,3013,1.5,0.64,2.5
2017-11-13,4.2,0.8,6.8,2637,0.2,0.63,2.2
2017-11-14,3.8,-1.0,7.6,2754,0.0,0.56,2.2
2017-11-15,7.7,6.0,9.2,2283,0.8,0.9,1.8
2017-11-16,7.6,4.5,9.1,2244,0.9,0.82,1.9
2017-11-17,5.4,0.6,9.9,5116,0.0,0.64,1.8
2017-11-18,3.6,0.7,6.1,2272,1.4,0.63,3.5
2017-11-19,4.2,1.9,5.9,2236,5.4,0.68,4.4
2017-11-20,4.0,0.8,6.1,3005,1.1,0.63,3.3
2017-11-21,4.4,2.6,7.2,2066,5.8,0.71,2.8
2017-11-22,8.2,4.7,10.5,2034,0.1,0.83,3.2
2017-11-23,8.9,4.9,12.7,2734,0.0,0.85,3.5
2017-11-24,9.2,4.4,14.4,2262,2.9,0.84,2.5
2017-11-25,4.0,1.5,5.7,1944,14.7,0.65,2.3
2017-11-26,2.9,-0.1,5.2,3100,0.4,0.59,3.6
2017-11-27,3.7,0.8,5.4,2969,3.7,0.63,4.3
2017-11-28,5.6,3.7,7.1,2469,0.0,0.77,3.5
2017-11-29,2.3,-0.3,5.8,4606,0.0,0.59,1.7
2017-11-30,1.1,-1.3,4.4,3508,0.0,0.54,1.7
2017-12-01,1.4,-1.0,3.8,2158,0.1,0.55,1.4
2017-12-02,2.1,-1.5,3.4,1774,0.0,0.53,1.7
2017-12-03,0.1,-2.2,2.7,3005,1.4,0.5,2.7
2017-12-04,3.3,1.0,5.4,2179,2.7,0.64,3.3
2017-12-05,6.5,2.9,7.3,1718,0.3,0.73,3.7
2017-12-06,7.1,6.4,7.5,1702,0.0,0.92,4.0
2017-12-07,5.7,3.5,7.5,4428,3.6,0.76,4.2
2017-12-08,3.5,-0.1,5.6,3490,1.1,0.59,3.9
2017-12-09,1.0,-1.2,2.6,1659,1.8,0.54,4.2
2017-12-10,0.0,-1.8,1.3,2847,4.3,0.51,4.1
2017-12-11,2.6,0.3,5.8,1636,2.7,0.61,3.0
2017-12-12,4.3,0.8,7.3,1627,1.1,0.63,4.0
2017-12-13,1.8,-0.7,4.0,3989,6.2,0.56,4.0
2017-12-14,3.2,1.7,4.5,1610,1.9,0.67,4.5
2017-12-15,1.6,0.2,3.2,1604,1.7,0.6,2.3
2017-12-16,2.0,0.5,2.9,1641,1.2,0.61,2.3
2017-12-17,1.6,0.5,2.8,1594,0.5,0.61,2.5
2017-12-18,0.3,-1.8,2.6,3685,0.0,0.52,1.7
2017-12-19,1.7,-1.0,3.3,1589,1.1,0.55,1.6
2017-12-20,3.0,1.0,4.7,1588,1.1,0.63,1.5
2017-12-21,6.1,4.4,7.5,1589,0.6,0.81,2.5
2017-12-22,5.5,4.0,6.8,1590,0.0,0.78,2.3
2017-12-23,6.9,3.5,9.3,1592,0.0,0.76,4.3
2017-12-24,9.8,9.0,10.2,1596,0.0,1.1,4.8
2017-12-25,8.2,2.5,10.0,1600,0.0,0.72,3.6
2017-12-26,4.4,1.2,9.8,2786,0.6,0.67,3.8
2017-12-27,2.5,-0.2,4.4,2373,0.1,0.58,2.6
2017-12-28,2.8,1.0,4.4,1620,0.2,0.63,3.3
2017-12-29,1.3,-2.2,3.8,2481,0.0,0.51,3.6
2017-12-30,2.9,-1.8,9.0,1639,2.4,0.55,4.0
2017-12-31,9.4,5.2,12.2,1651,1.3,0.86,4.1
2018-01-01,8.1,3.9,11.8,3044,4.0,0.8,4.4
2018-01-02,4.3,2.0,5.9,1676,2.7,0.68,3.4
2018-01-03,5.2,1.8,8.2,2389,14.4,0.68,5.8
2018-01-04,6.5,5.2,7.8,1750,1.3,0.85,4.2
2018-01-05,6.7,4.1,9.9,1768,0.0,0.8,3.6
2018-01-06,4.7,3.1,6.8,1964,0.0,0.74,1.9
2018-01-07,1.4,-2.1,4.1,1895,0.0,0.51,3.0
2018-01-08,-1.8,-4.2,1.6,4490,0.0,0.44,3.4
2018-01-09,1.5,-2.5,4.8,2257,0.0,0.5,3.1
2018-01-10,1.9,-0.2,5.2,2788,0.1,0.59,1.7
2018-01-11,1.4,0.0,2.8,1848,2.3,0.59,1.2
2018-01-12,1.8,0.8,2.5,1873,0.0,0.62,1.8
2018-01-13,0.3,-0.1,0.9,1898,0.0,0.58,2.9
2018-01-14,-1.5,-3.1,0.8,4923,0.0,0.47,2.9
2018-01-15,0.4,-2.5,3.3,4067,3.4,0.49,3.9
2018-01-16,2.6,0.4,5.3,2808,2.2,0.61,4.3
2018-01-17,1.1,-0.8,2.3,2062,2.3,0.56,4.3
2018-01-18,2.3,0.5,5.5,2045,6.1,0.61,5.3
2018-01-19,2.1,0.0,3.9,2078,0.7,0.59,2.8
2018-01-20,0.8,-0.8,3.1,2618,0.2,0.56,2.3
2018-01-21,-0.1,-1.1,0.5,2147,0.0,0.54,1.8
2018-01-22,0.1,-1.0,1.8,2235,0.2,0.54,2.5
2018-01-23,2.4,-0.3,5.6,2273,0.6,0.58,2.6
2018-01-24,8.6,4.9,10.9,3423,0.0,0.85,3.9
2018-01-25,8.9,7.1,10.8,2299,7.3,0.98,2.6
2018-01-26,6.6,5.5,7.3,2340,0.7,0.87,1.4
2018-01-27,5.3,4.1,7.4,2984,0.1,0.79,2.0
2018-01-28,7.5,5.4,9.5,2647,0.7,0.87,4.6
2018-01-29,9.6,4.9,11.1,2469,2.6,0.84,5.2
2018-01-30,4.5,1.6,6.8,3082,0.0,0.67,3.2
2018-01-31,5.3,0.5,9.1,2561,3.4,0.63,3.7
2018-02-01,3.0,0.0,6.1,5749,0.0,0.6,3.3
2018-02-02,1.8,-1.1,4.9,4012,1.6,0.55,2.9
2018-02-03,0.9,-1.2,2.6,2708,0.8,0.54,2.0
2018-02-04,-0.4,-3.8,2.7,6981,0.7,0.45,2.1
2018-02-05,-1.2,-5.0,2.6,4887,0.0,0.42,2.5
2018-02-06,-3.3,-6.8,0.4,8180,0.0,0.36,1.9
2018-02-07,-1.9,-5.3,2.0,4858,0.0,0.41,1.5
2018-02-08,-3.7,-7.9,1.5,8358,0.0,0.34,1.2
2018-02-09,-2.8,-7.9,1.9,6108,0.0,0.34,1.8
2018-02-10,0.3,-1.5,3.7,3997,0.0,0.53,1.8
2018-02-11,0.9,-0.7,3.6,3935,0.8,0.56,3.6
2018-02-12,0.9,-2.2,5.4,4802,0.1,0.51,3.1
2018-02-13,0.3,-3.3,5.1,7642,0.0,0.48,2.1
2018-02-14,-0.9,-4.3,4.6,9120,0.0,0.45,2.0
2018-02-15,-0.5,-3.7,2.8,5528,0.4,0.45,3.1
2018-02-16,2.2,-1.3,7.1,8060,0.0,0.56,2.3
2018-02-17,1.4,-1.6,4.2,3518,0.0,0.53,1.6
2018-02-18,2.0,0.2,3.6,3583,0.0,0.6,1.6
2018-02-19,0.9,-2.1,5.4,6614,0.0,0.52,1.4
2018-02-20,-0.3,-3.8,4.5,10008,0.0,0.46,1.7
2018-02-21,-0.7,-5.0,4.3,8743,0.0,0.42,2.1
2018-02-22,-0.5,-4.1,3.4,7746,0.0,0.44,2.9
2018-02-23,-3.3,-6.4,0.5,11192,0.0,0.37,3.2
2018-02-24,-2.9,-6.8,1.5,10426,0.0,0.37,4.0
2018-02-25,-5.2,-10.0,-0.9,10647,0.2,0.29,3.2
2018-02-26,-5.9,-10.7,-2.1,8600,0.0,0.27,3.2
2018-02-27,-7.9,-12.0,-2.5,9435,0.0,0.24,2.8
2018-02-28,-9.1,-12.3,-5.2,9725,0.0,0.23,3.7
2018-03-01,-8.5,-12.3,-3.7,12690,0.0,0.24,4.4
2018-03-02,-8.0,-13.5,-2.6,12608,0.0,0.22,3.5
2018-03-03,-6.9,-12.6,-1.3,12853,0.0,0.24,2.8
2018-03-04,-2.8,-9.7,4.6,12098,0.2,0.31,2.7
2018-03-05,2.4,-3.6,10.2,7444,0.0,0.5,2.4
2018-03-06,0.8,-3.7,5.8,5590,7.6,0.46,1.7
2018-03-07,0.9,-0.3,1.7,4816,1.6,0.57,2.1
2018-03-08,4.2,0.0,9.6,7241,3.6,0.61,3.3
2018-03-09,4.5,0.9,9.0,7168,0.2,0.65,2.7
2018-03-10,5.7,-0.3,10.1,5053,0.9,0.61,2.2
2018-03-11,11.0,4.8,16.8,12469,0.0,0.87,2.0
2018-03-12,8.2,5.3,10.1,5213,10.5,0.86,2.2
2018-03-13,8.3,3.2,11.7,6022,3.9,0.76,3.7
2018-03-14,4.0,2.2,5.9,5374,0.5,0.69,2.1
2018-03-15,3.2,1.5,5.4,5548,0.0,0.65,4.0
2018-03-16,-0.2,-3.0,2.0,5537,0.9,0.48,4.1
2018-03-17,-3.1,-5.5,-0.8,7886,0.0,0.39,5.5
2018-03-18,-2.4,-6.4,1.9,16656,0.0,0.38,5.2
2018-03-19,-1.4,-7.0,4.3,17119,0.0,0.37,2.6
2018-03-20,-1.4,-5.8,2.2,6253,1.2,0.39,2.7
2018-03-21,0.7,-5.5,6.7,15616,0.1,0.42,2.2
2018-03-22,2.1,0.1,3.9,6031,4.1,0.6,3.0
2018-03-23,2.9,0.8,3.9,6113,0.8,0.63,1.7
2018-03-24,3.0,-0.9,7.3,8696,0.0,0.57,1.8
2018-03-25,5.5,-1.2,11.7,16353,0.0,0.58,1.4
2018-03-26,5.4,1.4,9.9,9407,0.0,0.67,1.7
2018-03-27,3.7,-1.6,9.3,11761,0.5,0.55,1.9
2018-03-28,1.1,0.0,2.0,6527,8.3,0.59,3.3
2018-03-29,4.9,0.5,8.4,7232,0.1,0.62,3.1
2018-03-30,5.3,-0.4,12.3,15777,0.1,0.62,2.7
2018-03-31,2.9,0.6,4.9,6775,1.8,0.62,2.7
2018-04-01,1.4,0.0,2.7,6857,1.7,0.59,3.6
2018-04-02,4.9,-1.8,10.0,16631,1.3,0.55,2.4
2018-04-03,12.5,4.2,19.3,13773,0.0,0.87,2.8
2018-04-04,15.0,9.1,21.1,18318,3.1,1.17,2.8
2018-04-05,9.6,2.1,15.5,13151,3.0,0.74,4.1
2018-04-06,6.5,-0.5,13.2,21017,0.0,0.62,2.6
2018-04-07,11.8,2.4,21.0,21616,0.0,0.8,2.9
2018-04-08,14.2,7.5,21.2,21005,0.0,1.08,2.1
2018-04-09,14.7,6.1,22.3,18495,0.0,1.02,1.7
2018-04-10,17.1,10.2,25.1,19416,0.7,1.31,3.0
2018-04-11,14.7,10.5,20.5,16415,0.3,1.27,3.0
2018-04-12,16.8,9.2,25.2,15524,0.0,1.25,3.2
2018-04-13,15.3,10.1,20.5,10087,16.9,1.24,2.7
2018-04-14,12.8,8.6,17.9,13137,4.4,1.11,2.4
2018-04-15,15.0,7.7,22.4,17931,0.0,1.11,1.5
2018-04-16,11.5,9.1,13.8,8165,2.8,1.12,1.7
2018-04-17,13.8,7.7,19.8,19098,0.0,1.08,1.5
2018-04-18,17.4,9.2,24.8,23050,0.0,1.22,1.6
2018-04-19,18.2,10.2,25.0,23304,0.0,1.3,1.9
2018-04-20,20.1,11.2,28.4,24025,0.0,1.43,1.9
2018-04-21,16.9,10.3,22.9,23457,0.0,1.29,1.8
2018-04-22,16.7,7.8,24.8,23470,0.5,1.15,1.8
2018-04-23,16.5,10.4,22.0,16378,0.4,1.29,2.8
2018-04-24,12.5,7.6,16.9,11963,0.2,1.04,2.8
2018-04-25,12.3,7.1,19.2,15145,1.8,1.03,3.6
2018-04-26,8.8,5.3,14.1,13801,3.1,0.89,3.2
2018-04-27,10.5,2.8,16.4,21090,0.0,0.78,2.0
2018-04-28,15.2,5.8,22.6,21197,0.0,0.99,2.0
2018-04-29,18.0,10.8,25.1,22027,0.0,1.34,2.2
2018-04-30,16.5,10.4,23.7,20194,0.0,1.3,3.9
2018-05-01,12.2,5.8,16.4,22723,0.0,0.93,3.7
2018-05-02,10.9,4.3,15.0,11367,0.0,0.84,2.0
2018-05-03,13.7,6.4,20.0,20848,0.0,1.01,2.3
2018-05-04,12.4,4.7,19.5,26333,0.0,0.91,2.3
2018-05-05,13.1,4.1,20.3,26929,0.0,0.88,2.6
2018-05-06,15.2,7.0,23.1,27156,0.0,1.07,2.4
2018-05-07,17.6,9.4,25.2,27257,0.0,1.25,2.4
2018-05-08,18.7,10.2,26.5,27108,0.0,1.32,2.5
2018-05-09,20.3,12.1,27.8,24475,0.6,1.49,2.1
2018-05-10,19.9,14.0,27.3,19217,7.5,1.65,2.5
2018-05-11,13.8,10.3,17.9,12691,0.0,1.24,1.8
2018-05-12,17.1,9.5,23.5,21485,0.0,1.25,1.9
2018-05-13,20.4,13.0,27.5,27560,0.0,1.55,2.7
2018-05-14,19.1,11.9,25.2,28018,0.0,1.43,2.8
2018-05-15,15.4,10.3,23.8,17436,4.9,1.3,2.3
2018-05-16,16.1,10.8,22.3,16869,0.4,1.32,2.3
2018-05-17,15.3,10.0,21.1,22590,0.0,1.25,3.1
2018-05-18,12.0,8.9,13.9,10052,0.0,1.11,2.2
2018-05-19,15.9,10.7,22.4,22845,0.0,1.3,1.6
2018-05-20,15.7,7.4,22.7,29225,0.0,1.1,2.5
2018-05-21,17.2,8.7,24.0,28660,0.0,1.19,2.8
2018-05-22,18.2,10.1,25.5,28470,0.0,1.3,2.0
2018-05-23,19.5,11.4,26.4,28151,0.0,1.41,2.2
2018-05-24,19.8,13.3,25.8,27702,0.0,1.55,2.5
2018-05-25,20.6,13.2,27.6,27122,0.0,1.59,2.2
2018-05-26,20.6,13.4,28.1,29083,0.0,1.6,1.8
2018-05-27,20.5,13.2,28.2,23277,0.3,1.6,1.9
2018-05-28,24.3,15.2,32.0,27145,0.0,1.85,2.1
2018-05-29,25.6,17.6,32.4,29615,0.0,2.1,2.5
2018-05-30,24.1,17.6,33.0,23405,0.0,2.11,1.8
2018-05-31,24.4,16.5,31.7,25105,0.0,1.97,1.9
2018-06-01,23.2,18.0,30.5,22969,5.6,2.09,2.1
2018-06-02,20.7,17.3,25.2,14433,8.4,1.94,2.0
2018-06-03,19.5,16.3,24.1,14589,0.3,1.82,1.7
2018-06-04,21.1,15.0,26.7,26524,0.0,1.72,2.0
2018-06-05,18.8,13.7,24.6,20149,0.0,1.58,2.0
2018-06-06,18.7,12.2,25.2,30684,0.0,1.46,2.3
2018-06-07,20.8,11.9,29.1,30199,0.0,1.49,1.9
2018-06-08,23.9,14.7,31.9,29968,0.0,1.79,1.7
2018-06-09,25.5,17.7,32.2,28836,0.0,2.12,1.8
2018-06-10,21.9,16.4,30.2,19488,3.7,1.94,1.8
2018-06-11,19.6,15.4,24.6,20403,0.0,1.74,2.2
2018-06-12,16.8,13.3,21.2,18748,0.0,1.5,2.4
2018-06-13,15.3,13.7,17.0,11569,0.0,1.51,2.6
2018-06-14,17.8,10.8,24.0,27120,0.0,1.33,1.9
2018-06-15,19.4,15.2,24.7,14671,0.0,1.72,1.4
2018-06-16,22.3,16.4,26.9,15577,0.0,1.87,1.5
2018-06-17,21.0,14.1,26.0,24190,0.0,1.64,2.3
2018-06-18,19.1,13.3,24.9,16100,0.0,1.54,2.2
2018-06-19,20.9,16.3,25.7,17002,0.0,1.86,2.3
2018-06-20,22.1,15.5,29.0,17773,0.0,1.82,1.9
2018-06-21,17.6,10.4,27.7,20213,2.2,1.37,3.6
2018-06-22,13.7,9.6,18.8,14431,1.1,1.19,3.7
2018-06-23,13.3,10.9,18.1,13528,3.1,1.28,3.3
2018-06-24,12.9,11.1,14.8,10955,1.8,1.28,2.4
2018-06-25,16.0,11.1,22.5,15569,0.0,1.34,2.3
2018-06-26,17.2,11.3,24.4,16330,0.0,1.38,1.9
2018-06-27,19.2,11.6,25.3,22862,0.0,1.42,2.3
2018-06-28,22.1,14.3,29.1,25285,0.0,1.7,2.4
2018-06-29,22.2,14.2,30.9,30139,0.0,1.73,2.4
2018-06-30,17.5,11.2,23.3,27683,0.0,1.36,2.5
2018-07-01,16.5,8.5,23.5,27918,0.0,1.16,2.7
2018-07-02,17.6,8.2,24.9,28406,0.0,1.17,2.1
2018-07-03,20.6,11.3,28.6,29787,0.0,1.44,1.8
2018-07-04,23.5,14.1,31.6,30270,0.0,1.72,1.6
2018-07-05,24.4,16.8,31.8,26914,0.3,1.98,2.2
2018-07-06,18.4,13.7,23.6,15767,0.0,1.57,2.8
2018-07-07,18.8,10.9,27.1,28254,0.0,1.39,2.8
2018-07-08,19.8,13.4,27.4,18519,0.0,1.58,2.4
2018-07-09,18.9,14.4,23.9,23843,0.0,1.64,2.6
2018-07-10,16.3,13.2,19.9,12848,0.0,1.48,2.1
2018-07-11,17.9,11.9,24.4,18800,39.8,1.42,1.9
2018-07-12,17.1,13.5,20.4,10622,15.4,1.52,2.2
2018-07-13,20.5,14.2,27.3,25332,0.2,1.65,2.1
2018-07-14,18.8,13.4,24.2,27952,0.0,1.55,1.9
2018-07-15,19.1,12.1,25.5,26758,0.0,1.45,1.6
2018-07-16,21.6,14.0,28.6,27593,0.0,1.65,1.5
2018-07-17,22.6,15.3,30.2,20829,0.0,1.81,2.0
2018-07-18,21.8,17.4,26.8,22675,0.0,1.98,2.6
2018-07-19,21.0,15.2,27.2,21610,0.0,1.76,2.0
2018-07-20,21.1,13.5,28.2,26852,0.0,1.61,1.6
2018-07-21,22.1,14.6,28.5,25025,0.0,1.72,1.7
2018-07-22,22.3,17.2,27.6,11378,0.0,1.98,1.8
2018-07-23,22.0,15.6,28.4,27783,0.0,1.81,1.6
2018-07-24,24.1,15.8,31.2,28087,0.0,1.87,1.4
2018-07-25,26.3,19.3,32.9,25883,0.0,2.32,1.6
2018-07-26,26.0,17.2,33.1,28184,0.0,2.07,2.0
2018-07-27,25.8,18.2,32.9,24111,0.0,2.16,2.2
2018-07-28,25.3,18.7,33.7,24284,10.2,2.25,2.4
2018-07-29,22.3,16.1,29.3,24952,0.0,1.89,1.8
2018-07-30,26.5,20.2,33.7,23877,0.0,2.43,1.5
2018-07-31,28.2,19.7,36.0,26519,0.0,2.43,1.9
2018-08-01,25.4,19.7,31.8,18892,0.0,2.34,2.0
2018-08-02,25.2,20.5,31.1,19556,0.0,2.43,1.8
2018-08-03,26.4,18.9,33.5,25750,0.0,2.28,1.6
2018-08-04,27.5,19.5,34.5,25654,0.6,2.36,1.8
2018-08-05,21.4,15.4,26.1,20782,0.0,1.77,2.5
2018-08-06,21.9,13.6,30.1,27166,0.0,1.66,1.7
2018-08-07,26.4,15.5,36.2,25475,0.0,1.98,1.9
2018-08-08,28.4,20.2,37.9,21969,0.0,2.51,2.5
2018-08-09,26.7,19.4,35.0,23687,3.8,2.36,2.6
2018-08-10,20.2,16.3,24.3,17784,0.0,1.83,3.2
2018-08-11,18.9,13.3,23.8,16370,0.0,1.54,2.9
2018-08-12,19.7,10.1,27.6,24445,0.0,1.33,1.8
2018-08-13,22.3,13.7,33.1,18825,0.0,1.72,2.1
2018-08-14,19.5,15.8,24.7,15863,1.5,1.79,2.8
2018-08-15,19.9,15.0,25.7,16247,0.0,1.7,1.9
2018-08-16,22.8,15.0,30.2,24682,0.0,1.8,1.7
2018-08-17,24.1,16.0,32.5,23729,0.0,1.95,1.9
2018-08-18,21.2,16.4,26.7,17722,0.0,1.88,1.8
2018-08-19,23.0,14.4,31.2,23123,0.0,1.76,1.8
2018-08-20,20.7,15.4,24.0,10390,0.0,1.73,2.3
2018-08-21,19.7,13.9,25.2,21469,0.0,1.61,1.5
2018-08-22,21.0,11.8,29.0,23772,0.0,1.48,1.5
2018-08-23,25.5,16.9,34.9,20636,0.0,2.07,1.9
2018-08-24,19.6,14.6,23.7,12015,0.7,1.65,2.7
2018-08-25,16.1,10.7,21.6,13065,0.2,1.3,2.6
2018-08-26,14.9,8.6,20.8,18198,0.0,1.14,2.1
2018-08-27,17.5,10.8,22.8,9018,0.0,1.32,3.1
2018-08-28,18.0,13.5,23.3,15695,0.0,1.54,1.6
2018-08-29,20.2,11.1,28.5,21520,0.1,1.43,2.0
2018-08-30,16.6,12.5,20.2,7655,2.2,1.43,2.7
2018-08-31,15.2,10.0,21.0,17118,0.0,1.24,2.0
2018-09-01,16.4,9.4,23.5,18092,0.0,1.22,1.9
2018-09-02,17.5,13.3,22.4,7639,0.4,1.53,2.1
2018-09-03,22.3,16.8,29.4,16945,0.0,1.95,2.0
2018-09-04,19.8,14.0,27.4,18221,0.0,1.65,1.7
2018-09-05,18.6,13.3,26.1,12575,0.0,1.57,1.6
2018-09-06,19.5,14.3,26.1,14929,0.5,1.65,1.8
2018-09-07,17.8,12.3,23.6,10004,0.5,1.46,2.2
2018-09-08,16.1,9.7,22.7,18168,0.0,1.25,2.1
2018-09-09,19.1,12.9,26.4,16963,0.0,1.53,1.6
2018-09-10,19.6,13.1,26.4,10646,0.0,1.56,1.8
2018-09-11,21.0,15.0,26.7,15837,0.0,1.72,2.7
2018-09-12,20.3,14.7,28.4,14972,0.0,1.72,2.3
2018-09-13,14.1,12.7,16.3,6532,0.6,1.43,1.6
2018-09-14,15.6,12.2,20.5,8689,0.0,1.4,1.5
2018-09-15,15.6,10.8,21.2,12632,0.0,1.3,2.2
2018-09-16,16.3,9.6,23.0,13708,0.0,1.24,1.6
2018-09-17,19.4,11.2,27.9,16856,0.0,1.42,1.5
2018-09-18,21.9,12.1,31.0,17188,0.0,1.54,2.2
2018-09-19,22.1,14.4,29.4,15943,0.0,1.72,2.2
2018-09-20,22.2,16.1,29.4,14908,0.0,1.87,2.2
2018-09-21,19.0,10.1,29.9,11088,2.8,1.36,3.8
2018-09-22,12.8,9.1,17.4,8572,1.3,1.15,3.4
2018-09-23,9.9,7.6,13.1,5714,15.2,1.02,3.1
2018-09-24,9.2,5.4,13.9,13259,1.1,0.89,3.7
2018-09-25,8.4,3.7,14.8,14700,0.0,0.81,2.1
2018-09-26,11.5,4.1,17.4,12412,0.0,0.86,2.7
2018-09-27,17.1,12.7,23.4,13096,0.0,1.48,2.2
2018-09-28,11.8,5.3,17.1,10948,0.0,0.91,2.6
2018-09-29,8.9,3.5,15.4,15141,0.0,0.8,2.0
2018-09-30,10.7,4.1,18.8,14882,0.0,0.87,1.8
2018-10-01,8.5,4.2,14.6,8257,0.6,0.83,2.5
2018-10-02,7.6,3.8,11.2,6659,1.2,0.79,3.9
2018-10-03,10.8,7.4,15.1,9081,0.3,1.02,3.9
2018-10-04,11.3,7.1,15.5,5354,0.0,1.0,1.9
2018-10-05,14.0,9.3,20.8,13270,0.0,1.2,1.9
2018-10-06,15.8,7.9,23.2,11929,0.0,1.13,1.7
2018-10-07,11.1,4.6,15.8,5526,0.0,0.86,2.1
2018-10-08,8.9,2.3,15.7,12953,0.0,0.75,1.5
2018-10-09,12.6,5.6,19.9,9196,0.0,0.95,1.5
2018-10-10,15.2,8.5,23.9,12469,0.0,1.18,2.0
2018-10-11,16.5,10.4,24.6,12390,0.0,1.31,2.3
2018-10-12,17.1,9.7,25.8,12231,0.0,1.29,1.9
2018-10-13,16.4,9.7,26.1,12073,0.0,1.28,2.1
2018-10-14,15.7,8.9,24.1,11761,0.0,1.2,2.3
2018-10-15,14.7,8.9,22.6,10074,0.0,1.18,1.7
2018-10-16,14.3,8.3,21.8,9482,0.0,1.13,1.2
2018-10-17,13.9,7.5,20.8,10775,0.0,1.07,1.1
2018-10-18,11.3,7.3,14.0,6258,0.0,1.0,1.8
2018-10-19,9.2,3.8,14.7,9166,0.0,0.82,1.4
2018-10-20,8.2,2.8,13.5,5923,0.0,0.76,1.6
2018-10-21,9.1,4.5,15.0,10341,0.0,0.85,1.6
2018-10-22,7.5,3.2,11.7,4184,1.5,0.76,2.2
2018-10-23,8.3,3.4,11.9,3483,5.7,0.77,4.7
2018-10-24,9.3,4.9,12.4,6392,0.9,0.85,4.4
2018-10-25,10.8,8.7,13.2,3562,0.4,1.1,3.8
2018-10-26,9.4,6.0,12.7,3296,0.0,0.91,2.8
2018-10-27,7.1,2.2,9.8,3836,0.0,0.7,2.6
2018-10-28,5.4,1.8,8.7,3571,0.8,0.68,3.2
2018-10-29,4.4,3.1,6.5,3117,0.0,0.74,3.6
2018-10-30,11.5,5.5,20.5,6984,0.3,0.96,4.3
2018-10-31,8.3,5.0,13.0,8533,0.0,0.87,2.8
2018-11-01,7.7,3.5,11.5,4580,0.0,0.77,1.9
2018-11-02,8.7,5.4,13.5,5871,0.0,0.89,2.1
2018-11-03,7.0,3.9,10.7,3024,0.0,0.8,1.6
2018-11-04,9.1,4.3,11.0,2787,0.0,0.81,1.9
2018-11-05,11.2,8.9,14.6,4112,0.0,1.11,2.1
2018-11-06,11.6,7.8,18.2,7710,0.0,1.07,1.9
2018-11-07,10.3,6.6,15.5,7484,0.0,0.97,1.8
2018-11-08,9.5,5.3,14.5,3339,0.1,0.89,1.5
2018-11-09,8.9,6.6,11.2,2542,0.0,0.95,1.8
2018-11-10,7.9,4.3,12.1,4242,0.0,0.82,2.7
2018-11-11,8.7,6.1,11.3,3620,1.7,0.91,2.8
2018-11-12,12.0,8.3,16.0,3068,1.1,1.08,2.2
2018-11-13,9.9,6.2,12.2,3018,10.8,0.92,2.6
2018-11-14,7.4,4.4,11.3,5012,0.0,0.82,1.9
2018-11-15,5.8,3.3,10.0,2283,0.0,0.76,1.9
2018-11-16,4.4,0.7,9.2,6711,0.0,0.64,2.4
2018-11-17,1.3,-2.9,5.9,6311,0.0,0.49,2.8
2018-11-18,1.2,-3.3,5.4,2838,0.2,0.47,2.5
2018-11-19,4.0,1.9,5.8,2388,0.3,0.67,4.0
2018-11-20,2.3,1.5,3.5,2099,0.0,0.65,4.4
2018-11-21,1.4,0.3,2.1,2066,0.0,0.6,2.9
2018-11-22,1.3,0.3,2.2,2034,0.0,0.6,2.1
2018-11-23,1.8,0.1,3.6,2003,0.0,0.59,1.9
2018-11-24,1.5,-0.6,3.0,1973,0.6,0.56,1.6
2018-11-25,4.3,2.3,6.6,2087,0.0,0.7,1.9
2018-11-26,2.7,-0.3,4.1,1916,0.0,0.58,2.4
2018-11-27,-0.3,-3.4,2.2,1983,0.0,0.46,1.6
2018-11-28,0.3,-2.0,3.3,4980,0.0,0.51,2.8
2018-11-29,0.3,-2.5,3.3,4006,0.0,0.49,3.6
2018-11-30,0.9,0.1,2.1,1817,4.8,0.59,2.7
2018-12-01,3.6,1.1,7.0,2566,0.0,0.65,2.5
2018-12-02,6.8,4.2,10.7,1774,3.7,0.8,3.4
2018-12-03,10.6,8.2,13.2,2335,2.0,1.06,3.4
2018-12-04,6.1,1.4,10.3,3199,0.0,0.68,3.2
2018-12-05,1.8,-0.1,6.8,4185,0.0,0.6,2.0
2018-12-06,5.1,1.3,9.5,1702,0.7,0.67,2.8
2018-12-07,10.5,9.1,12.3,1686,7.4,1.11,4.0
2018-12-08,6.9,4.7,9.0,1802,2.5,0.83,5.6
2018-12-09,7.1,5.6,8.4,1659,0.6,0.88,5.2
2018-12-10,4.5,3.5,6.0,1947,1.0,0.76,4.7
2018-12-11,4.1,2.1,4.9,1636,4.3,0.69,3.5
2018-12-12,2.4,1.2,3.9,1627,0.2,0.64,2.0
2018-12-13,2.0,0.5,3.2,1618,0.0,0.61,2.5
2018-12-14,0.3,-1.6,0.8,1610,0.0,0.52,2.3
2018-12-15,0.1,-0.6,0.9,1604,0.0,0.56,2.2
2018-12-16,-0.3,-1.2,0.5,1767,0.0,0.54,2.5
2018-12-17,0.8,-1.3,2.3,1678,0.3,0.54,1.8
2018-12-18,3.1,-0.5,6.5,2471,0.0,0.58,2.2
2018-12-19,1.7,-0.8,3.5,1589,0.2,0.56,2.6
2018-12-20,4.1,2.4,6.0,1630,1.6,0.7,2.5
2018-12-21,6.7,4.0,11.1,1589,6.9,0.8,4.2
2018-12-22,6.4,3.9,9.3,1590,6.3,0.78,3.9
2018-12-23,5.8,4.1,7.5,1592,5.9,0.79,2.9
2018-12-24,2.1,0.6,5.5,1596,0.7,0.62,3.0
2018-12-25,4.7,3.1,5.8,1600,0.2,0.73,3.1
2018-12-26,5.5,4.5,6.3,1606,0.4,0.81,2.7
2018-12-27,5.3,3.9,5.8,1613,0.2,0.78,2.2
2018-12-28,5.9,5.2,6.8,1620,0.6,0.85,2.1
2018-12-29,5.7,4.7,6.7,1629,5.0,0.83,3.1
2018-12-30,6.0,2.0,7.7,1725,0.4,0.69,3.9
2018-12-31,5.6,1.8,8.2,1651,0.2,0.68,2.1
2019-01-01,6.4,2.8,8.5,2353,2.3,0.72,5.1
2019-01-02,1.7,-2.4,3.8,2284,0.4,0.5,4.3
2019-01-03,-0.6,-2.3,1.5,1735,0.1,0.5,2.3
2019-01-04,1.8,-1.0,4.9,1707,2.6,0.55,3.2
2019-01-05,6.0,1.3,8.0,1856,0.6,0.65,3.9
2019-01-06,1.9,0.4,3.6,1964,0.9,0.6,2.3
2019-01-07,3.7,0.7,5.9,1760,6.0,0.62,3.0
2019-01-08,4.7,2.0,6.0,1780,9.7,0.68,5.7
2019-01-09,2.1,0.9,2.8,1802,3.5,0.63,4.6
2019-01-10,1.0,-0.2,2.2,1962,0.0,0.58,2.3
2019-01-11,2.3,-0.2,5.5,1848,1.7,0.59,3.1
2019-01-12,5.0,3.9,6.0,1873,3.6,0.78,4.1
2019-01-13,6.2,4.9,8.0,1898,5.6,0.83,5.1
2019-01-14,2.4,0.0,5.7,3543,0.0,0.6,5.0
2019-01-15,3.9,1.0,6.5,1954,1.9,0.64,4.5
2019-01-16,6.0,2.4,7.1,1983,0.0,0.7,3.8
2019-01-17,4.3,0.9,7.1,2749,6.4,0.64,4.2
2019-01-18,0.3,-1.6,1.8,5412,0.0,0.53,2.4
2019-01-19,-0.1,-3.4,3.1,4830,0.0,0.46,1.6
2019-01-20,-2.6,-5.4,1.6,5602,0.0,0.4,1.3
2019-01-21,-3.3,-5.2,-1.5,3886,0.0,0.4,1.7
2019-01-22,-3.8,-6.4,0.1,5079,0.0,0.37,2.2
2019-01-23,-5.5,-7.0,-3.2,3319,0.0,0.35,2.3
2019-01-24,-3.5,-4.4,-3.1,2259,0.0,0.42,1.6
2019-01-25,-3.8,-5.8,-2.6,2887,1.4,0.38,2.1
2019-01-26,1.1,-3.1,4.1,2340,5.8,0.48,3.2
2019-01-27,3.9,2.1,6.3,2491,2.3,0.69,3.4
2019-01-28,2.6,0.4,5.3,4642,2.3,0.61,3.6
2019-01-29,0.9,-1.4,2.8,2581,0.0,0.53,2.6
2019-01-30,-0.4,-3.2,2.6,5466,0.0,0.47,2.9
2019-01-31,0.3,-2.7,4.6,4227,0.0,0.49,2.1
2019-02-01,-1.0,-4.4,2.1,2609,1.5,0.43,2.4
2019-02-02,0.2,-0.3,0.9,2658,1.2,0.57,1.6
2019-02-03,0.5,-1.6,1.5,2708,0.1,0.52,2.7
2019-02-04,0.3,-2.9,5.5,7102,0.1,0.49,2.7
2019-02-05,1.7,-0.7,3.8,2811,0.0,0.56,2.5
2019-02-06,2.5,-0.6,6.7,6511,0.0,0.58,2.3
2019-02-07,2.1,-1.6,5.1,3106,0.0,0.53,3.1
2019-02-08,4.8,1.0,8.9,5444,0.0,0.65,3.8
2019-02-09,6.7,3.4,11.1,5275,0.7,0.77,5.0
2019-02-10,5.9,3.4,8.5,3088,12.3,0.76,4.3
2019-02-11,3.6,0.0,6.1,3672,0.9,0.6,4.8
2019-02-12,2.5,-0.3,6.5,6132,0.1,0.59,3.2
2019-02-13,5.8,2.6,8.4,3266,0.3,0.72,2.7
2019-02-14,6.6,2.5,11.2,7893,0.0,0.73,1.8
2019-02-15,6.4,0.6,14.1,10011,0.0,0.66,1.6
2019-02-16,8.1,1.8,16.3,10154,0.0,0.74,1.9
2019-02-17,7.3,2.2,14.5,9592,0.0,0.73,1.6
2019-02-18,7.6,1.5,16.0,10301,0.0,0.72,1.7
2019-02-19,6.5,2.5,10.3,3939,1.1,0.72,2.9
2019-02-20,6.9,4.8,11.1,5180,0.0,0.84,2.3
2019-02-21,7.7,4.7,11.4,4155,3.3,0.84,2.6
2019-02-22,3.2,-3.2,8.8,8570,0.0,0.5,2.5
2019-02-23,-0.4,-4.6,5.4,9905,0.0,0.44,2.3
2019-02-24,3.7,-3.0,11.8,9890,0.0,0.52,1.5
2019-02-25,6.7,0.9,13.5,11344,0.0,0.67,1.6
2019-02-26,6.6,0.8,12.9,6408,0.0,0.66,1.5
2019-02-27,8.5,2.0,16.7,11968,0.0,0.74,1.6
2019-02-28,7.7,3.8,12.4,9325,0.2,0.8,3.1
2019-03-01,4.5,1.1,5.5,4358,0.2,0.64,2.6
2019-03-02,3.8,1.3,5.8,4433,0.2,0.65,2.4
2019-03-03,9.0,4.8,11.5,4508,1.7,0.84,4.2
2019-03-04,9.5,5.3,16.0,6421,2.3,0.89,5.7
2019-03-05,5.9,1.9,9.9,7360,1.4,0.69,4.6
2019-03-06,7.0,0.6,12.5,10277,0.9,0.66,3.1
2019-03-07,10.4,7.2,16.7,6882,0.3,1.02,4.5
2019-03-08,7.4,3.4,10.5,7850,1.4,0.77,4.9
2019-03-09,7.4,3.7,13.2,6641,7.2,0.8,5.6
2019-03-10,4.5,0.2,8.0,5585,15.3,0.61,4.7
2019-03-11,3.3,0.9,5.6,6475,0.7,0.63,4.4
2019-03-12,5.8,1.8,9.5,7832,0.3,0.69,3.9
2019-03-13,7.3,3.4,10.1,8028,1.1,0.77,5.6
2019-03-14,5.8,3.8,8.6,5742,10.1,0.78,5.1
2019-03-15,7.7,5.1,10.2,5827,0.8,0.85,5.4
2019-03-16,6.7,4.7,8.9,5911,6.3,0.83,4.7
2019-03-17,8.0,3.1,12.8,7413,1.1,0.76,4.5
2019-03-18,4.8,1.9,9.7,8082,1.0,0.69,4.2
2019-03-19,4.7,1.2,9.2,8953,0.0,0.66,2.1
2019-03-20,7.6,-0.1,13.4,14583,0.0,0.63,2.0
2019-03-21,10.1,6.7,12.8,7413,0.0,0.96,2.1
2019-03-22,8.8,5.9,13.4,9181,0.0,0.91,1.6
2019-03-23,9.8,3.2,17.3,16134,0.0,0.81,2.1
2019-03-24,6.7,1.8,12.6,13395,0.0,0.7,1.9
2019-03-25,4.3,0.9,9.1,10410,3.2,0.64,3.5
2019-03-26,5.0,0.5,9.1,7478,0.8,0.63,3.1
2019-03-27,7.6,4.1,10.4,6547,2.6,0.8,2.3
2019-03-28,8.8,7.6,9.9,6527,1.0,1.01,2.0
2019-03-29,9.9,6.0,12.6,6610,0.0,0.92,1.8
2019-03-30,11.5,2.9,19.2,18283,0.0,0.8,1.8
2019-03-31,8.2,1.6,13.7,13082,0.0,0.71,2.4
2019-04-01,5.7,-1.2,12.4,19978,0.0,0.59,2.7
2019-04-02,8.6,0.3,15.7,18122,0.0,0.66,2.8
2019-04-03,13.0,7.1,18.9,14845,0.0,1.02,2.1
2019-04-04,14.0,6.8,21.5,18750,0.0,1.05,2.3
2019-04-05,9.5,5.6,13.9,11090,0.0,0.9,1.8
2019-04-06,14.7,6.3,22.8,19270,0.0,1.03,2.1
2019-04-07,13.9,6.9,20.5,20738,0.0,1.04,2.0
2019-04-08,12.4,4.7,20.8,19349,0.0,0.91,2.1
2019-04-09,7.4,2.4,13.2,18828,0.0,0.74,2.4
2019-04-10,5.9,0.2,11.4,15286,0.0,0.63,2.7
2019-04-11,4.4,1.9,7.5,12488,0.0,0.69,2.8
2019-04-12,3.4,1.9,4.9,7742,0.1,0.67,2.7
2019-04-13,4.7,1.7,7.4,7933,0.5,0.67,2.7
2019-04-14,5.8,2.3,10.3,9834,2.5,0.71,2.8
2019-04-15,7.7,0.6,14.3,22966,0.0,0.67,2.9
2019-04-16,9.2,1.1,16.5,22997,0.0,0.71,2.7
2019-04-17,11.2,2.7,18.9,23372,0.0,0.8,2.6
2019-04-18,14.6,6.3,21.9,23398,0.0,1.02,3.0
2019-04-19,15.5,7.7,23.7,23654,0.0,1.11,2.5
2019-04-20,13.6,4.0,22.2,24025,0.0,0.89,2.0
2019-04-21,14.5,6.5,22.2,24397,0.0,1.04,1.9
2019-04-22,13.5,6.2,19.8,24414,0.0,0.99,3.4
2019-04-23,14.7,9.3,20.5,19574,0.0,1.18,4.4
2019-04-24,17.3,11.6,24.0,21824,1.2,1.39,3.4
2019-04-25,18.3,10.9,25.7,23492,0.0,1.36,2.7
2019-04-26,17.7,9.5,24.3,19664,3.4,1.25,2.8
2019-04-27,12.7,8.6,19.1,11725,0.3,1.13,2.7
2019-04-28,10.2,7.5,13.6,13609,0.2,1.01,2.2
2019-04-29,10.2,4.7,16.7,13086,1.4,0.87,2.6
2019-04-30,11.3,1.2,18.8,25163,0.6,0.74,2.5
2019-05-01,13.2,7.5,18.4,21142,0.0,1.04,2.6
2019-05-02,10.1,6.5,13.8,9416,0.3,0.95,3.3
2019-05-03,8.5,5.3,12.4,16081,0.1,0.87,3.1
2019-05-04,6.7,1.5,11.4,14567,0.0,0.68,2.6
2019-05-05,6.7,0.1,12.9,19434,0.0,0.64,2.3
2019-05-06,8.0,1.7,13.1,16562,1.0,0.7,2.6
2019-05-07,8.6,4.8,14.3,18614,0.0,0.86,1.8
2019-05-08,11.7,1.6,18.8,18321,0.2,0.76,2.6
2019-05-09,13.9,10.2,18.9,15669,0.3,1.23,2.6
2019-05-10,12.9,8.6,17.7,13749,0.5,1.12,2.5
2019-05-11,10.8,6.9,14.5,12068,3.1,0.98,2.6
2019-05-12,11.4,5.2,17.2,25852,0.0,0.91,3.1
2019-05-13,10.2,3.1,17.2,25309,0.0,0.8,2.8
2019-05-14,8.9,2.7,14.4,20379,0.0,0.76,2.7
2019-05-15,8.7,0.6,14.9,12543,3.4,0.68,2.6
2019-05-16,9.2,6.0,11.0,9958,7.2,0.91,2.5
2019-05-17,13.3,5.4,19.6,16927,0.0,0.94,2.2
2019-05-18,17.4,9.6,24.5,28453,0.0,1.26,2.0
2019-05-19,19.1,11.8,26.7,22466,0.0,1.44,2.1
2019-05-20,18.2,12.9,26.4,18230,13.3,1.53,2.4
2019-05-21,18.1,12.4,24.0,22712,0.7,1.46,3.1
2019-05-22,12.4,10.6,14.8,10226,1.7,1.24,3.2
2019-05-23,14.0,7.1,19.8,25487,0.0,1.05,1.8
2019-05-24,17.6,9.7,24.0,26940,0.0,1.26,2.0
2019-05-25,13.2,8.3,16.7,14156,0.0,1.08,2.2
2019-05-26,16.2,7.5,21.7,18904,0.0,1.09,2.7
2019-05-27,17.8,13.6,21.2,11433,0.2,1.53,2.5
2019-05-28,15.1,9.0,20.0,17076,0.0,1.17,2.2
2019-05-29,12.7,8.0,18.7,24002,0.0,1.08,2.0
2019-05-30,16.1,5.9,23.9,24043,0.0,1.01,2.4
2019-05-31,18.9,12.2,24.3,17439,0.8,1.45,2.0
2019-06-01,20.9,13.6,27.9,24759,0.0,1.62,1.8
2019-06-02,23.7,14.7,31.8,26841,0.0,1.78,1.9
2019-06-03,26.0,18.1,34.3,28412,0.0,2.21,2.1
2019-06-04,24.0,16.2,31.3,26012,0.0,1.92,1.9
2019-06-05,26.8,17.9,34.5,29629,0.0,2.18,2.2
2019-06-06,21.4,14.3,31.4,20815,16.4,1.74,2.9
2019-06-07,19.6,12.7,26.1,27378,0.1,1.5,2.6
2019-06-08,18.1,12.8,23.1,21502,0.0,1.49,3.8
2019-06-09,19.6,10.9,26.9,25500,1.3,1.38,2.1
2019-06-10,21.8,15.6,28.9,18718,2.2,1.81,2.2
2019-06-11,22.7,16.0,29.6,24767,46.1,1.88,2.1
2019-06-12,21.5,15.3,33.2,23114,8.8,1.88,2.3
2019-06-13,19.5,14.2,25.6,23512,0.0,1.64,2.1
2019-06-14,23.0,14.2,30.5,24038,0.0,1.71,2.1
2019-06-15,25.0,16.9,31.2,23148,0.0,2.01,2.9
2019-06-16,18.0,14.2,20.8,17375,0.0,1.59,1.9
2019-06-17,21.2,14.8,27.3,24703,0.0,1.73,1.7
2019-06-18,23.5,15.9,30.1,30231,0.0,1.88,1.8
2019-06-19,25.3,17.1,33.1,27921,0.3,2.07,1.9
2019-06-20,21.3,16.8,26.1,21884,3.2,1.91,2.2
2019-06-21,19.9,14.9,25.0,21369,0.0,1.7,1.9
2019-06-22,20.3,13.8,26.7,26631,0.0,1.63,2.2
2019-06-23,21.7,14.0,28.3,29835,0.0,1.66,2.4
2019-06-24,23.2,15.6,29.9,30982,0.0,1.83,2.5
2019-06-25,26.8,17.9,33.8,30458,0.0,2.16,2.0
2019-06-26,28.9,18.5,36.8,30446,0.0,2.29,2.4
2019-06-27,19.6,13.6,26.2,28764,0.0,1.59,3.1
2019-06-28,18.3,11.4,24.7,22591,0.0,1.38,2.0
2019-06-29,23.5,14.6,31.9,30652,0.0,1.79,1.6
2019-06-30,28.8,17.5,38.2,29862,0.0,2.22,2.6
2019-07-01,22.5,16.1,28.1,21513,0.1,1.86,3.0
2019-07-02,17.8,12.6,23.1,24308,0.0,1.46,3.1
2019-07-03,15.8,9.9,20.4,21213,0.0,1.23,2.5
2019-07-04,17.2,9.4,24.2,27712,0.0,1.24,2.4
2019-07-05,18.6,15.1,22.3,11062,0.0,1.68,2.6
2019-07-06,18.1,12.3,23.8,12317,8.3,1.45,2.8
2019-07-07,14.8,11.0,20.4,14336,0.0,1.32,3.0
2019-07-08,14.1,10.9,19.6,12522,0.5,1.29,2.6
2019-07-09,14.4,9.6,18.3,15682,0.0,1.19,2.5
2019-07-10,16.3,9.3,22.8,22531,0.0,1.2,2.0
2019-07-11,18.7,10.9,24.6,20837,1.3,1.34,1.5
2019-07-12,17.9,15.3,23.6,12912,2.3,1.72,1.9
2019-07-13,18.9,14.2,27.0,17707,5.3,1.66,2.5
2019-07-14,16.7,14.1,20.3,13859,0.0,1.58,2.2
2019-07-15,15.4,13.0,17.8,10396,0.3,1.45,2.4
2019-07-16,16.4,12.4,21.2,13402,0.0,1.42,2.6
2019-07-17,17.0,11.2,23.8,19816,0.0,1.37,1.5
2019-07-18,20.3,12.9,27.8,23433,0.0,1.57,1.6
2019-07-19,20.4,15.8,24.5,13403,0.0,1.78,1.8
2019-07-20,22.9,15.7,30.0,23447,18.5,1.84,2.1
2019-07-21,21.1,15.9,26.4,25025,0.0,1.81,2.5
2019-07-22,20.4,14.7,25.1,15906,0.0,1.68,1.7
2019-07-23,23.9,16.5,30.9,29164,0.0,1.93,1.6
2019-07-24,25.8,18.1,33.4,29090,0.0,2.17,1.6
2019-07-25,26.8,19.1,34.8,28137,0.0,2.33,1.9
2019-07-26,24.9,17.5,31.6,28559,0.0,2.06,2.5
2019-07-27,23.7,18.3,29.4,25483,0.0,2.11,2.9
2019-07-28,25.0,17.9,31.6,25031,0.0,2.11,2.4
2019-07-29,25.3,19.4,33.8,17244,0.7,2.33,2.1
2019-07-30,22.1,18.7,25.9,10602,0.0,2.12,1.8
2019-07-31,19.3,14.4,23.5,13271,15.3,1.63,2.0
2019-08-01,18.9,13.5,25.0,16668,0.2,1.56,1.5
2019-08-02,18.9,13.8,25.6,19926,0.4,1.6,1.5
2019-08-03,19.7,13.9,26.4,21937,0.0,1.63,1.8
2019-08-04,19.1,14.3,24.5,18046,0.0,1.62,1.5
2019-08-05,20.0,13.5,24.6,12212,0.0,1.55,1.7
2019-08-06,21.8,15.1,28.4,17396,0.3,1.76,2.1
2019-08-07,21.0,15.6,25.4,13539,1.3,1.78,2.1
2019-08-08,20.5,13.7,27.6,21483,0.0,1.63,2.5
2019-08-09,21.7,13.4,28.7,21386,0.3,1.61,1.9
2019-08-10,23.1,18.7,28.2,17301,0.0,2.15,3.3
2019-08-11,23.0,15.5,29.4,21186,0.3,1.82,2.6
2019-08-12,20.0,15.9,23.9,14241,0.0,1.79,2.2
2019-08-13,17.8,11.2,23.4,20022,0.0,1.37,2.5
2019-08-14,16.7,11.1,23.1,21230,0.0,1.35,2.0
2019-08-15,17.8,12.2,22.9,9589,0.1,1.43,2.6
2019-08-16,18.1,13.3,23.7,15441,0.0,1.54,2.2
2019-08-17,20.2,13.7,28.0,12042,0.8,1.63,2.5
2019-08-18,19.7,15.4,26.9,11372,7.8,1.77,2.4
2019-08-19,18.8,14.4,24.8,19843,0.0,1.65,2.3
2019-08-20,19.3,13.1,25.0,15992,0.1,1.54,1.7
2019-08-21,18.3,12.2,24.4,22980,0.0,1.46,1.6
2019-08-22,19.7,11.8,27.1,23078,0.0,1.47,1.7
2019-08-23,20.9,13.2,28.8,23633,0.0,1.59,1.6
2019-08-24,22.1,14.9,30.0,20622,0.0,1.78,1.8
2019-08-25,24.3,17.3,32.5,20377,0.0,2.06,1.6
2019-08-26,23.8,17.6,32.6,14672,0.4,2.11,1.5
2019-08-27,24.4,18.3,33.6,16489,0.1,2.19,1.6
2019-08-28,24.7,19.0,34.2,16821,2.5,2.31,1.6
2019-08-29,23.7,16.5,30.8,20623,0.8,1.96,1.8
2019-08-30,24.0,18.2,30.3,16131,0.0,2.11,1.3
2019-08-31,25.9,17.8,34.2,20779,0.0,2.15,1.7
2019-09-01,22.8,15.1,29.9,15334,0.0,1.78,2.5
2019-09-02,16.7,12.0,23.1,18943,0.0,1.42,2.2
2019-09-03,16.1,10.3,21.7,10724,0.1,1.27,2.2
2019-09-04,19.7,12.9,27.7,17570,1.9,1.56,2.3
2019-09-05,17.1,11.2,22.3,15272,0.0,1.35,3.0
2019-09-06,14.6,7.8,21.2,19541,0.0,1.09,2.1
2019-09-07,14.5,8.4,21.4,10537,1.9,1.13,1.6
2019-09-08,15.5,11.0,21.0,13613,1.0,1.31,1.3
2019-09-09,13.4,11.3,14.7,6858,21.4,1.3,2.0
2019-09-10,14.4,9.7,19.6,16293,0.0,1.2,2.3
2019-09-11,15.7,8.2,22.5,16668,0.6,1.14,2.3
2019-09-12,17.3,13.7,22.3,9812,0.0,1.56,2.3
2019-09-13,17.0,11.1,23.2,9401,0.0,1.35,2.4
2019-09-14,13.7,7.8,19.4,17643,0.0,1.08,1.5
2019-09-15,16.4,8.8,23.4,15966,0.4,1.18,2.5
2019-09-16,13.3,11.0,14.9,6286,0.7,1.26,2.0
2019-09-17,11.5,8.1,15.5,8494,1.7,1.07,3.4
2019-09-18,11.2,6.7,16.7,13829,0.0,0.98,2.8
2019-09-19,10.8,6.0,16.9,14962,0.0,0.94,2.1
2019-09-20,11.1,5.5,16.9,11795,0.0,0.92,1.8
2019-09-21,14.1,6.8,22.0,16685,0.0,1.05,1.8
2019-09-22,15.8,7.4,25.2,16229,0.0,1.12,1.8
2019-09-23,16.0,8.5,23.6,14923,0.0,1.17,2.0
2019-09-24,15.5,12.8,19.6,6763,0.1,1.45,1.6
2019-09-25,14.0,10.6,16.8,5646,1.2,1.24,2.1
2019-09-26,14.9,9.1,20.6,11209,0.5,1.18,2.2
2019-09-27,14.6,10.9,17.0,6400,9.9,1.28,2.6
2019-09-28,13.9,10.7,18.8,8675,4.1,1.28,3.4
2019-09-29,14.0,11.4,17.0,5412,6.0,1.31,3.6
2019-09-30,14.0,9.8,17.2,6491,2.5,1.19,4.8
2019-10-01,13.6,10.0,17.4,5250,13.1,1.21,2.8
2019-10-02,10.1,6.7,13.8,7885,2.5,0.96,3.0
2019-10-03,9.4,6.6,12.5,6044,0.1,0.95,2.4
2019-10-04,8.6,5.0,11.7,5784,18.6,0.85,2.4
2019-10-05,8.5,3.3,12.4,6548,0.2,0.77,2.7
2019-10-06,6.1,1.9,11.9,10413,0.0,0.7,2.1
2019-10-07,6.7,1.7,12.5,11447,0.0,0.7,1.7
2019-10-08,10.0,4.4,13.7,4615,2.5,0.83,2.9
2019-10-09,12.1,8.5,16.1,7889,2.0,1.09,3.1
2019-10-10,10.9,8.0,15.0,9315,0.5,1.06,3.5
2019-10-11,12.9,8.7,15.8,4790,0.3,1.11,3.7
2019-10-12,16.0,13.2,19.7,8432,0.0,1.49,2.9
2019-10-13,19.0,13.4,24.6,8158,0.0,1.55,2.4
2019-10-14,18.1,13.3,22.8,11373,0.0,1.53,2.1
2019-10-15,15.8,11.1,22.3,10687,0.0,1.34,1.9
2019-10-16,12.0,9.2,14.8,4255,5.6,1.14,2.9
2019-10-17,14.2,11.1,17.6,4107,0.5,1.3,2.3
2019-10-18,14.1,8.4,19.1,7962,2.7,1.11,2.8
2019-10-19,12.2,8.1,16.3,4625,0.0,1.07,2.4
2019-10-20,14.9,10.8,20.4,7589,0.0,1.29,1.6
2019-10-21,14.4,10.5,18.6,4901,0.0,1.26,1.8
2019-10-22,12.9,8.0,17.9,7722,0.0,1.08,1.6
2019-10-23,12.2,7.2,17.6,8308,0.1,1.03,1.8
2019-10-24,13.4,10.0,17.2,4940,0.0,1.21,2.0
2019-10-25,13.6,10.1,18.8,7729,0.0,1.23,2.7
2019-10-26,13.7,9.4,17.6,8425,0.0,1.17,3.3
2019-10-27,11.4,5.3,16.5,3235,0.7,0.9,3.1
2019-10-28,7.7,4.1,12.3,7327,0.5,0.81,2.2
2019-10-29,5.1,0.4,9.7,6177,0.1,0.63,1.7
2019-10-30,3.4,-0.7,9.4,8528,0.0,0.59,1.7
2019-10-31,1.9,-1.4,7.3,8278,0.0,0.55,1.7
2019-11-01,2.8,-2.5,7.5,6652,2.5,0.51,2.5
2019-11-02,11.2,6.4,16.6,3327,0.8,0.97,3.1
2019-11-03,11.2,7.9,13.3,2962,4.3,1.04,2.3
2019-11-04,10.3,8.1,13.1,3635,4.4,1.05,2.5
2019-11-05,9.1,7.2,11.1,2796,1.2,0.98,2.1
2019-11-06,7.9,5.0,9.5,2686,1.9,0.84,1.8
2019-11-07,8.2,5.6,11.6,3746,0.0,0.89,2.1
2019-11-08,7.6,4.0,11.5,3108,1.6,0.8,1.6
2019-11-09,6.6,3.8,7.9,2542,1.3,0.77,1.9
2019-11-10,4.1,-0.3,8.7,7003,0.0,0.59,1.5
2019-11-11,1.4,-0.8,5.2,4066,0.1,0.56,2.6
2019-11-12,4.0,0.2,7.6,3838,0.0,0.61,2.9
2019-11-13,4.4,2.1,7.0,2365,0.0,0.69,2.3
2019-11-14,4.8,2.3,9.1,5764,0.0,0.7,2.4
2019-11-15,7.0,3.6,9.9,2390,1.6,0.77,2.9
2019-11-16,5.5,1.4,7.8,2244,1.0,0.66,2.1
2019-11-17,3.8,-0.3,6.8,2206,1.9,0.59,2.1
2019-11-18,7.3,3.3,10.7,2170,1.0,0.76,2.6
2019-11-19,5.8,3.5,8.4,5082,6.9,0.76,2.4
2019-11-20,5.1,4.1,6.0,2099,0.1,0.79,1.3
2019-11-21,7.9,5.6,9.2,2066,3.1,0.88,1.5
2019-11-22,7.9,5.6,10.1,2526,0.0,0.88,2.2
2019-11-23,6.4,2.7,8.5,2246,0.0,0.72,3.2
2019-11-24,4.5,2.6,7.6,3228,0.0,0.71,2.2
2019-11-25,4.5,3.3,5.3,1944,0.0,0.74,1.5
2019-11-26,6.3,3.8,8.4,1916,0.0,0.78,2.1
2019-11-27,6.4,3.7,8.0,1890,3.3,0.77,3.0
2019-11-28,9.7,7.4,12.6,2655,2.0,1.0,4.4
2019-11-29,5.1,-0.7,9.5,2393,0.0,0.58,3.6
2019-11-30,1.0,-2.1,4.3,4102,0.0,0.51,1.8
2019-12-01,1.7,-0.3,3.4,1795,0.0,0.58,1.6
2019-12-02,3.0,0.6,4.6,1774,0.1,0.62,2.3
2019-12-03,2.7,-0.9,5.4,3585,0.4,0.56,1.9
2019-12-04,3.8,0.0,6.6,3731,0.0,0.59,2.1
2019-12-05,0.5,-2.2,4.3,4846,0.0,0.51,2.3
2019-12-06,2.1,-1.3,6.0,1745,4.3,0.54,4.0
2019-12-07,7.8,5.5,9.7,1730,0.6,0.87,4.1
2019-12-08,9.0,7.0,11.4,1715,0.3,0.98,4.7
2019-12-09,7.0,4.1,9.8,3252,1.5,0.8,4.1
2019-12-10,2.8,0.2,5.4,4432,0.0,0.6,3.0
2019-12-11,3.1,0.3,4.3,1636,1.5,0.6,2.8
2019-12-12,2.1,0.2,4.1,1627,0.0,0.6,2.5
2019-12-13,0.7,-1.4,2.5,3396,0.8,0.53,3.5
2019-12-14,3.4,1.2,5.7,1653,6.4,0.65,4.5
2019-12-15,5.4,1.3,9.2,2488,1.1,0.66,4.1
2019-12-16,6.8,4.1,9.0,1599,0.4,0.8,2.3
2019-12-17,9.0,4.4,12.4,1972,0.0,0.83,2.4
2019-12-18,8.3,1.1,12.2,2261,0.0,0.68,2.3
2019-12-19,3.8,0.4,6.3,2175,0.0,0.61,2.3
2019-12-20,5.9,1.9,8.9,3764,3.8,0.69,2.8
2019-12-21,6.5,1.3,9.6,3388,0.0,0.66,2.3
2019-12-22,2.2,-0.4,4.5,1590,0.4,0.57,2.8
2019-12-23,6.7,3.6,8.4,1885,0.7,0.77,3.5
2019-12-24,6.1,3.7,8.1,2351,2.4,0.77,3.0
2019-12-25,5.4,4.2,6.1,1600,0.8,0.79,2.8
2019-12-26,4.7,3.2,6.1,1732,1.3,0.74,1.7
2019-12-27,3.0,0.2,3.9,1866,0.5,0.6,1.8
2019-12-28,0.8,-2.3,2.4,1790,0.0,0.5,1.6
2019-12-29,-0.3,-3.0,1.6,3885,0.0,0.48,1.9
2019-12-30,4.1,0.9,7.4,1810,0.0,0.64,2.7
2019-12-31,5.7,2.7,7.8,2209,0.0,0.72,2.5
2020-01-01,1.7,-1.8,4.9,3432,0.0,0.53,1.8
2020-01-02,0.4,-3.5,5.7,4626,0.0,0.47,2.2
2020-01-03,4.4,0.0,7.1,1691,3.4,0.6,3.6
2020-01-04,3.9,1.0,5.8,1707,2.5,0.64,4.2
2020-01-05,1.1,-1.8,4.0,2298,0.0,0.52,2.1
2020-01-06,4.5,0.8,7.2,2898,0.0,0.63,2.2
2020-01-07,2.3,-1.6,5.2,1760,0.4,0.54,2.6
2020-01-08,6.3,2.8,8.3,1780,3.7,0.73,2.9
2020-01-09,8.3,7.1,10.3,1802,6.2,0.97,2.7
2020-01-10,8.9,4.4,11.1,2559,1.9,0.82,3.4
2020-01-11,4.3,1.5,7.2,2727,0.0,0.66,2.7
2020-01-12,3.2,0.1,6.2,4535,0.0,0.6,3.6
2020-01-13,5.1,1.7,8.4,2794,0.1,0.68,2.6
2020-01-14,7.0,1.9,10.4,1973,0.0,0.7,4.0
2020-01-15,10.3,7.2,13.6,3155,0.0,0.99,3.9
2020-01-16,6.9,2.8,10.8,5427,0.0,0.74,2.3
2020-01-17,3.8,0.0,8.8,5248,0.1,0.61,2.6
2020-01-18,4.6,2.1,7.0,3630,0.1,0.69,2.9
2020-01-19,3.9,2.5,5.6,2328,0.1,0.71,1.9
2020-01-20,1.4,-1.2,4.5,3933,0.0,0.55,1.9
2020-01-21,1.6,-1.2,6.0,5880,0.0,0.55,2.3
2020-01-22,3.8,1.9,6.0,2183,0.1,0.68,2.1
2020-01-23,2.9,-0.6,7.1,2743,0.0,0.57,1.8
2020-01-24,-0.2,-2.9,3.4,5591,0.0,0.48,2.0
2020-01-25,0.4,-0.9,1.9,2299,0.1,0.55,1.9
2020-01-26,-0.3,-1.6,0.9,2340,0.0,0.52,1.9
2020-01-27,5.0,0.4,9.5,4134,3.0,0.63,2.9
2020-01-28,5.2,2.6,8.1,3478,7.7,0.72,4.5
2020-01-29,4.3,2.7,6.2,2694,1.3,0.72,4.4
2020-01-30,5.4,1.2,8.5,2571,1.7,0.66,4.1
2020-01-31,9.5,6.3,11.8,3366,0.0,0.92,4.6
2020-02-01,10.6,7.2,12.8,2609,8.0,0.99,4.5
2020-02-02,7.3,5.6,8.9,2658,4.0,0.88,3.9
2020-02-03,7.3,5.0,10.1,2886,1.9,0.84,3.7
2020-02-04,5.2,3.6,6.5,2940,1.4,0.77,4.1
2020-02-05,3.0,1.2,5.6,7696,0.0,0.65,3.0
2020-02-06,4.4,2.1,6.6,2988,0.1,0.69,2.3
2020-02-07,5.6,4.6,6.9,2918,0.0,0.82,1.9
2020-02-08,4.8,0.5,9.0,7852,0.0,0.63,2.3
2020-02-09,9.6,5.2,14.0,6814,6.7,0.88,5.2
2020-02-10,6.9,3.0,13.9,3542,6.1,0.76,7.0
2020-02-11,4.5,2.6,6.5,3146,0.5,0.72,6.6
2020-02-12,4.2,2.5,7.5,3605,0.0,0.71,5.6
2020-02-13,3.3,0.1,5.7,5555,1.2,0.6,3.3
2020-02-14,3.7,1.2,6.0,3328,0.6,0.65,2.5
2020-02-15,5.9,1.4,10.9,8149,0.0,0.67,3.1
2020-02-16,12.0,7.2,16.6,3593,1.2,1.02,5.2
2020-02-17,9.5,5.8,11.8,4083,0.2,0.9,4.5
2020-02-18,6.8,4.3,8.7,4298,0.4,0.8,4.8
2020-02-19,5.2,3.8,7.5,4517,5.4,0.77,4.3
2020-02-20,4.9,0.7,7.6,3936,5.3,0.63,3.7
2020-02-21,6.0,4.1,8.1,5487,0.0,0.79,4.6
2020-02-22,8.3,5.3,12.4,4378,1.0,0.87,5.3
2020-02-23,6.7,3.1,8.2,3923,14.4,0.74,5.6
2020-02-24,5.2,2.9,7.8,3994,5.7,0.73,3.8
2020-02-25,7.4,2.8,10.4,6698,2.0,0.73,4.7
2020-02-26,2.2,0.7,4.1,4372,7.1,0.62,3.8
2020-02-27,3.5,1.6,6.4,5081,0.7,0.67,3.1
2020-02-28,3.5,0.5,8.7,6844,4.3,0.62,3.7
2020-02-29,6.9,1.1,12.2,7108,0.8,0.68,4.1
2020-03-01,6.6,3.6,11.0,8030,4.0,0.78,4.1
2020-03-02,5.8,2.6,9.6,7482,0.2,0.72,2.6
2020-03-03,4.0,1.0,6.0,4584,1.0,0.64,2.7
2020-03-04,3.8,-0.1,8.7,8372,0.0,0.61,2.3
2020-03-05,4.9,-0.4,11.2,9851,2.2,0.61,2.6
2020-03-06,5.3,2.5,7.5,4816,6.5,0.71,3.9
2020-03-07,4.0,1.1,7.8,6285,0.0,0.64,3.1
2020-03-08,5.2,0.3,10.3,6729,0.0,0.63,3.1
2020-03-09,6.9,3.2,10.9,6116,1.7,0.76,2.6
2020-03-10,6.0,2.1,10.2,5133,9.0,0.7,4.5
2020-03-11,9.5,7.1,13.1,9186,1.0,0.98,4.4
2020-03-12,9.4,4.0,13.0,7937,3.2,0.81,5.3
2020-03-13,5.8,1.3,9.4,7950,0.2,0.67,4.6
2020-03-14,3.1,-1.3,8.4,15201,0.0,0.56,1.9
2020-03-15,5.6,-1.0,12.2,15369,0.0,0.6,3.2
2020-03-16,9.8,2.6,17.6,14686,0.0,0.78,2.0
2020-03-17,10.2,5.3,16.2,11226,0.0,0.9,2.0
2020-03-18,11.4,5.0,18.1,14813,0.0,0.9,2.4
2020-03-19,10.9,7.5,15.9,7996,0.0,1.02,1.5
2020-03-20,7.7,4.9,9.0,5948,0.5,0.84,2.3
2020-03-21,4.2,-0.6,8.1,14496,0.0,0.58,4.0
2020-03-22,1.6,-3.1,7.3,17325,0.0,0.49,3.8
2020-03-23,0.9,-4.0,6.9,17594,0.0,0.46,3.1
2020-03-24,1.9,-4.4,8.8,17865,0.0,0.46,2.9
2020-03-25,3.4,-3.8,10.8,18034,0.0,0.49,3.3
2020-03-26,5.5,-1.9,11.7,17793,0.0,0.55,3.4
2020-03-27,9.2,2.2,16.7,17648,0.0,0.76,2.9
2020-03-28,7.7,0.0,15.5,17913,0.0,0.65,2.6
2020-03-29,2.6,-3.0,5.6,7841,0.7,0.49,4.0
2020-03-30,0.1,-5.0,4.1,10139,0.4,0.42,2.7
2020-03-31,1.3,-2.6,5.3,13735,0.0,0.5,2.1
2020-04-01,3.5,-3.7,10.5,18548,0.0,0.49,2.3
2020-04-02,6.2,2.7,11.4,11415,0.0,0.74,2.9
2020-04-03,6.9,3.8,11.9,15406,0.0,0.79,3.0
2020-04-04,7.7,3.0,12.7,18034,0.0,0.76,1.7
2020-04-05,9.2,-0.2,17.3,20689,0.0,0.66,2.9
2020-04-06,13.2,3.2,22.1,20958,0.0,0.86,2.4
2020-04-07,13.6,7.6,20.4,21005,0.0,1.07,2.0
2020-04-08,14.6,5.2,23.4,21049,0.0,0.98,1.7
2020-04-09,12.6,5.5,18.6,18076,0.0,0.93,2.0
2020-04-10,9.6,2.9,16.3,21016,0.0,0.78,1.8
2020-04-11,9.3,0.6,16.2,21952,0.0,0.68,1.5
2020-04-12,14.6,2.7,24.3,20968,2.5,0.87,1.9
2020-04-13,7.4,2.1,11.8,12339,0.0,0.71,3.9
2020-04-14,5.4,-1.5,11.4,22165,0.0,0.57,2.9
2020-04-15,8.8,2.5,16.0,18743,0.0,0.76,2.6
2020-04-16,11.3,3.2,18.9,22448,0.0,0.83,2.0
2020-04-17,11.1,4.1,17.9,22122,0.0,0.86,1.6
2020-04-18,10.7,2.9,18.5,23770,0.0,0.81,2.1
2020-04-19,9.2,3.6,14.3,23557,0.0,0.8,3.0
2020-04-20,9.6,1.6,16.7,24279,0.0,0.72,4.1
2020-04-21,11.2,3.5,17.8,24414,0.0,0.82,4.6
2020-04-22,12.5,4.1,19.5,24428,0.0,0.86,3.6
2020-04-23,14.6,6.0,22.1,24438,0.0,1.01,1.9
2020-04-24,14.8,6.2,22.2,19557,0.0,1.01,2.8
2020-04-25,10.8,6.6,16.2,12605,0.0,0.97,2.5
2020-04-26,12.5,4.8,19.2,23010,0.0,0.91,1.5
2020-04-27,14.8,4.3,23.2,22883,0.0,0.92,1.8
2020-04-28,16.7,9.5,23.5,19248,1.2,1.25,2.1
2020-04-29,11.4,7.5,18.0,11710,10.5,1.04,2.5
2020-04-30,12.7,7.9,18.0,14457,1.5,1.06,2.9
2020-05-01,12.6,7.6,17.7,14292,0.2,1.04,3.1
2020-05-02,9.5,4.9,16.0,14491,3.2,0.87,3.0
2020-05-03,10.3,5.4,14.9,13587,0.0,0.89,2.0
2020-05-04,8.8,3.6,11.4,10095,0.8,0.78,2.1
2020-05-05,7.3,2.5,13.1,21736,0.9,0.74,2.5
2020-05-06,11.3,3.1,17.2,25899,0.0,0.8,2.4
2020-05-07,11.2,5.4,17.2,17579,0.0,0.92,2.0
2020-05-08,15.1,7.2,22.5,25839,0.0,1.07,1.6
2020-05-09,17.0,8.9,24.1,26177,0.0,1.2,1.5
2020-05-10,17.1,9.6,24.4,18793,1.2,1.25,2.1
2020-05-11,6.8,0.3,14.5,10629,8.9,0.66,3.7
2020-05-12,6.6,-0.6,11.6,18809,0.0,0.6,2.4
2020-05-13,9.7,4.1,15.4,15369,0.0,0.83,2.0
2020-05-14,9.6,4.3,15.0,21450,0.0,0.84,2.5
2020-05-15,10.2,2.0,16.2,22021,0.0,0.74,2.6
2020-05-16,12.0,7.2,15.6,17934,0.0,1.0,2.4
2020-05-17,13.6,7.6,19.2,22908,0.0,1.06,2.5
2020-05-18,16.1,8.8,22.8,18554,0.0,1.17,2.3
2020-05-19,15.4,10.8,19.4,13048,0.0,1.28,2.3
2020-05-20,16.0,9.0,21.4,23471,0.0,1.18,1.6
2020-05-21,15.3,6.9,22.5,28090,0.0,1.06,1.5
2020-05-22,16.8,8.9,22.8,15593,3.8,1.19,2.1
2020-05-23,15.5,9.5,19.4,12590,0.4,1.19,2.8
2020-05-24,12.5,7.6,17.1,20639,9.3,1.05,3.5
2020-05-25,12.3,9.3,15.0,11142,0.6,1.14,3.1
2020-05-26,15.1,7.5,21.7,26079,0.0,1.09,1.6
2020-05-27,17.0,8.4,23.5,24341,0.0,1.16,1.9
2020-05-28,15.2,9.1,21.0,22216,0.0,1.18,2.7
2020-05-29,14.8,6.8,22.2,22256,0.0,1.04,2.1
2020-05-30,13.6,6.9,19.3,22294,0.0,1.02,2.5
2020-05-31,15.6,7.5,23.7,22074,0.0,1.11,2.7
2020-06-01,17.3,8.1,25.7,30679,0.0,1.18,2.4
2020-06-02,19.7,9.3,28.6,30203,0.0,1.3,1.7
2020-06-03,19.6,12.0,27.1,26652,0.0,1.47,1.9
2020-06-04,17.8,12.0,25.7,17586,8.4,1.46,2.2
2020-06-05,13.5,9.0,18.7,15047,0.9,1.14,3.4
2020-06-06,13.1,7.1,19.4,21865,0.0,1.03,3.2
2020-06-07,14.5,8.7,19.6,13037,0.0,1.14,2.3
2020-06-08,16.6,8.8,23.2,22806,0.0,1.19,1.5
2020-06-09,17.6,12.0,21.5,11916,0.0,1.41,1.9
2020-06-10,16.8,10.5,22.7,20788,3.9,1.29,2.1
2020-06-11,17.0,13.8,20.8,12457,1.4,1.55,2.0
2020-06-12,20.6,13.7,27.3,19018,0.4,1.61,2.5
2020-06-13,21.7,17.1,30.9,17102,16.9,2.02,2.4
2020-06-14,20.6,15.3,26.3,17496,0.0,1.75,2.7
2020-06-15,20.1,13.3,26.1,27267,0.0,1.57,2.0
2020-06-16,21.1,13.6,27.2,29585,0.0,1.6,1.4
2020-06-17,23.6,16.1,29.4,26634,0.0,1.87,1.7
2020-06-18,20.2,16.3,25.5,11093,0.8,1.84,2.2
2020-06-19,17.5,15.2,20.5,10837,1.7,1.68,2.3
2020-06-20,17.5,15.0,20.6,13405,1.5,1.65,2.5
2020-06-21,18.6,13.7,24.2,19696,0.0,1.58,2.0
2020-06-22,20.2,13.3,26.3,29193,0.0,1.56,2.2
2020-06-23,19.4,12.4,25.7,31239,0.0,1.49,1.8
2020-06-24,20.4,12.8,25.6,23912,0.0,1.52,2.1
2020-06-25,22.8,17.9,28.9,21720,0.0,2.05,2.4
2020-06-26,22.1,16.7,29.0,23632,6.4,1.95,2.0
2020-06-27,24.2,16.4,32.1,24387,0.0,1.96,2.1
2020-06-28,21.0,15.2,27.4,15909,7.1,1.75,2.5
2020-06-29,18.1,13.4,22.8,19994,6.8,1.53,2.5
2020-06-30,19.1,13.5,24.4,22794,0.0,1.57,3.5
2020-07-01,19.5,15.5,24.1,13041,13.3,1.74,2.8
2020-07-02,19.6,15.1,24.6,19933,0.0,1.71,2.3
2020-07-03,18.9,14.3,24.0,21316,0.0,1.64,2.4
2020-07-04,20.6,13.8,25.7,21161,0.0,1.61,3.3
2020-07-05,22.0,17.5,28.0,14361,2.2,1.99,4.0
2020-07-06,16.8,11.4,22.0,22380,0.7,1.36,4.0
2020-07-07,15.6,10.8,20.8,19795,0.4,1.29,2.5
2020-07-08,14.8,12.1,19.2,11857,0.9,1.38,2.0
2020-07-09,16.5,12.3,19.5,10682,7.3,1.41,2.1
2020-07-10,17.9,11.1,24.4,14472,2.0,1.36,2.9
2020-07-11,15.1,9.9,21.4,21180,0.0,1.24,2.2
2020-07-12,15.9,9.2,22.6,23807,0.0,1.21,1.9
2020-07-13,18.2,10.8,24.8,28079,0.0,1.35,1.6
2020-07-14,21.6,12.7,29.2,23968,0.0,1.57,1.7
2020-07-15,15.8,13.9,17.3,10361,5.6,1.53,1.7
2020-07-16,16.7,11.8,22.2,17412,0.2,1.38,1.7
2020-07-17,16.1,10.5,20.4,16354,1.4,1.26,1.5
2020-07-18,20.7,12.5,27.7,26914,0.0,1.52,1.3
2020-07-19,23.7,16.1,30.3,22564,0.0,1.91,1.5
2020-07-20,19.7,12.9,25.7,20491,0.0,1.53,2.2
2020-07-21,17.2,10.7,23.6,26218,0.0,1.32,2.1
2020-07-22,17.1,9.7,23.2,23011,2.1,1.25,1.8
2020-07-23,17.7,11.8,23.5,22821,0.0,1.41,1.6
2020-07-24,20.8,12.9,28.6,21752,0.0,1.57,2.4
2020-07-25,20.5,14.0,26.9,17935,0.0,1.65,1.9
2020-07-26,18.5,15.4,23.7,14504,6.2,1.73,2.5
2020-07-27,20.1,13.8,26.7,18929,0.4,1.63,1.9
2020-07-28,22.5,16.1,27.8,20352,0.0,1.86,3.3
2020-07-29,18.3,12.6,23.5,19907,0.0,1.48,2.8
2020-07-30,17.5,10.4,23.9,23795,0.0,1.31,1.8
2020-07-31,20.1,12.1,27.6,26553,0.0,1.48,1.6
2020-08-01,22.4,13.2,30.5,25351,0.0,1.62,2.0
2020-08-02,19.7,15.9,23.1,10374,3.8,1.78,1.9
2020-08-03,17.8,12.9,23.3,16818,0.0,1.5,1.9
2020-08-04,17.2,10.6,23.4,17966,0.0,1.31,1.8
2020-08-05,20.8,12.7,28.1,26799,0.0,1.55,1.9
2020-08-06,22.6,13.8,30.6,26693,0.0,1.67,1.7
2020-08-07,25.7,17.5,33.4,23791,0.0,2.11,1.6
2020-08-08,28.0,20.2,35.4,24899,0.0,2.48,1.4
2020-08-09,27.9,20.9,36.3,20562,2.7,2.6,1.7
2020-08-10,25.1,20.5,32.2,17935,0.0,2.45,2.0
2020-08-11,25.8,18.2,33.6,25286,0.0,2.19,2.3
2020-08-12,24.7,17.7,32.3,25287,0.0,2.09,2.3
2020-08-13,24.1,18.4,30.7,13119,0.0,2.16,2.0
2020-08-14,24.1,20.0,30.1,14582,0.0,2.35,1.7
2020-08-15,24.5,17.8,31.1,20417,0.0,2.1,1.4
2020-08-16,24.1,17.5,31.5,24319,0.0,2.05,1.8
2020-08-17,24.1,16.4,32.0,20310,1.1,1.95,1.8
2020-08-18,21.0,17.2,26.6,11290,1.8,1.96,1.8
2020-08-19,21.0,15.2,27.5,20077,0.0,1.75,1.5
2020-08-20,23.8,15.2,31.4,15657,0.0,1.83,1.9
2020-08-21,27.5,18.5,36.3,18910,2.0,2.29,2.2
2020-08-22,22.2,15.4,26.2,12337,7.1,1.75,2.7
2020-08-23,19.7,14.6,25.1,17753,0.0,1.67,3.0
2020-08-24,18.2,13.8,23.5,14208,0.0,1.57,2.3
2020-08-25,17.9,12.5,23.5,17061,0.3,1.46,2.2
2020-08-26,17.0,14.3,20.5,9811,5.7,1.6,5.1
2020-08-27,16.3,12.5,19.9,12654,0.6,1.43,2.7
2020-08-28,17.1,11.7,23.4,10311,0.0,1.4,2.4
2020-08-29,18.4,13.3,24.3,13789,0.0,1.55,2.1
2020-08-30,17.3,12.3,23.8,12902,21.2,1.45,1.8
2020-08-31,16.4,11.7,22.6,13899,1.2,1.38,1.8
2020-09-01,14.5,9.6,19.5,13346,0.0,1.19,1.7
2020-09-02,13.9,9.9,18.3,7995,1.7,1.21,1.5
2020-09-03,16.8,10.5,23.3,16159,6.9,1.3,2.2
2020-09-04,17.7,14.1,23.1,10633,0.2,1.6,2.3
2020-09-05,15.4,11.9,17.9,7100,0.9,1.36,2.3
2020-09-06,14.3,9.6,19.8,17039,0.0,1.19,1.9
2020-09-07,14.4,10.2,20.8,14990,0.0,1.26,1.7
2020-09-08,16.6,9.6,23.3,11489,0.0,1.24,2.4
2020-09-09,19.4,13.1,26.2,10751,1.1,1.55,2.4
2020-09-10,14.6,10.1,20.0,14590,0.0,1.23,1.8
2020-09-11,16.0,9.2,22.8,17758,0.0,1.2,1.4
2020-09-12,18.3,10.9,27.1,17599,0.0,1.39,2.1
2020-09-13,17.5,10.2,24.8,16117,0.0,1.31,1.9
2020-09-14,21.5,13.3,30.4,17482,0.0,1.64,1.5
2020-09-15,23.1,14.6,31.8,17620,0.0,1.78,1.3
2020-09-16,21.7,14.5,30.1,14766,0.0,1.75,1.9
2020-09-17,14.1,6.7,19.6,16892,0.0,1.01,2.7
2020-09-18,12.4,5.8,20.8,17512,0.0,0.98,2.2
2020-09-19,13.8,6.2,22.1,15978,0.0,1.01,1.8
2020-09-20,15.2,8.4,24.0,16782,0.0,1.16,1.7
2020-09-21,16.5,8.6,25.4,16421,0.0,1.2,1.2
2020-09-22,18.6,10.3,26.8,15872,0.0,1.34,1.2
2020-09-23,19.6,13.1,26.9,13635,0.0,1.57,1.9
2020-09-24,17.1,11.9,22.2,9566,9.6,1.4,2.8
2020-09-25,12.5,10.0,15.4,6952,4.7,1.19,2.6
2020-09-26,9.4,7.1,11.2,5391,19.4,0.97,3.0
2020-09-27,9.0,5.2,12.9,6129,0.1,0.88,2.1
2020-09-28,12.8,7.5,18.8,14601,0.0,1.06,1.5
2020-09-29,13.3,9.4,18.9,9437,0.0,1.18,1.6
2020-09-30,13.2,7.4,19.9,14447,0.0,1.06,1.4
2020-10-01,13.3,7.7,18.7,10951,0.0,1.06,2.0
2020-10-02,13.7,8.9,18.5,5871,0.0,1.14,2.9
2020-10-03,16.9,11.2,22.8,10166,0.0,1.35,3.3
2020-10-04,13.6,6.6,19.3,9186,0.0,1.0,2.9
2020-10-05,10.5,5.7,13.6,4937,1.2,0.9,2.7
2020-10-06,12.1,6.5,16.7,6526,0.6,0.98,3.5
2020-10-07,12.3,8.3,16.2,6927,1.7,1.09,3.2
2020-10-08,12.2,6.5,14.9,6909,4.5,0.96,3.5
2020-10-09,12.9,8.7,15.6,4788,3.5,1.1,2.2
2020-10-10,9.8,3.1,12.8,6390,0.0,0.76,2.6
2020-10-11,7.8,2.4,11.9,6928,0.0,0.73,2.0
2020-10-12,8.4,3.7,12.0,5730,0.0,0.79,1.6
2020-10-13,8.4,1.9,12.8,7965,2.9,0.71,1.6
2020-10-14,9.8,7.6,10.2,4022,17.8,1.01,3.4
2020-10-15,10.1,7.7,10.7,3951,1.0,1.02,2.7
2020-10-16,9.1,6.1,11.6,4332,0.4,0.91,2.1
2020-10-17,9.4,5.1,12.8,6036,0.0,0.87,1.4
2020-10-18,7.9,4.2,9.7,3746,0.9,0.8,2.3
2020-10-19,8.5,3.8,11.8,5199,0.0,0.8,1.7
2020-10-20,8.4,1.6,12.2,4400,2.5,0.7,2.4
2020-10-21,11.9,8.0,16.1,3548,0.1,1.06,2.9
2020-10-22,15.6,11.8,18.8,5931,0.0,1.35,3.0
2020-10-23,13.9,10.3,16.7,3904,14.3,1.23,2.0
2020-10-24,12.7,8.1,16.6,7250,0.0,1.07,2.8
2020-10-25,12.5,8.1,17.4,7075,0.0,1.07,2.8
2020-10-26,11.1,6.5,13.2,3502,1.4,0.94,2.4
2020-10-27,9.6,5.3,12.9,4691,0.2,0.88,3.1
2020-10-28,10.3,6.5,13.7,4550,2.7,0.95,3.4
2020-10-29,9.8,5.7,12.0,4732,2.7,0.89,3.5
2020-10-30,11.4,5.9,13.6,3003,14.5,0.92,3.3
2020-10-31,13.7,9.6,15.0,2948,2.0,1.16,2.2
2020-11-01,12.4,9.6,15.2,3389,6.1,1.17,2.9
2020-11-02,16.6,13.8,20.0,4495,6.1,1.55,4.0
2020-11-03,11.7,9.3,14.5,6239,0.0,1.14,2.7
2020-11-04,8.0,3.8,11.6,6864,0.0,0.79,2.3
2020-11-05,6.8,2.6,10.7,7237,0.0,0.73,2.2
2020-11-06,8.8,7.7,9.8,2637,0.0,1.01,1.8
2020-11-07,7.4,3.5,11.9,5762,0.0,0.77,1.7
2020-11-08,5.3,1.9,11.0,6761,0.0,0.69,1.4
2020-11-09,5.7,4.7,6.5,2496,0.0,0.82,1.8
2020-11-10,5.4,4.0,6.2,2451,0.0,0.78,1.8
2020-11-11,6.1,4.4,7.4,2407,0.0,0.8,1.6
2020-11-12,7.7,5.4,11.2,4323,0.0,0.88,2.3
2020-11-13,7.9,4.8,12.6,6141,0.4,0.85,2.0
2020-11-14,11.5,8.8,14.9,2815,0.0,1.1,2.0
2020-11-15,9.9,6.7,14.2,4556,1.2,0.96,3.1
2020-11-16,9.3,6.5,12.5,3350,0.1,0.94,3.5
2020-11-17,9.6,5.9,11.1,2735,0.5,0.9,3.0
2020-11-18,10.6,7.6,12.7,2134,0.0,1.02,2.7
2020-11-19,8.8,2.8,11.5,2552,0.9,0.75,4.0
2020-11-20,2.8,-0.2,6.0,3360,0.0,0.59,2.2
2020-11-21,3.4,-1.1,6.8,2378,0.0,0.56,3.0
2020-11-22,7.5,5.2,10.2,2490,0.0,0.86,2.8
2020-11-23,5.5,2.0,8.8,3855,0.0,0.69,2.4
2020-11-24,2.7,-0.2,8.0,5099,0.0,0.59,2.4
2020-11-25,1.2,-0.7,3.2,1916,0.0,0.56,2.2
2020-11-26,4.2,-0.4,7.2,1890,0.7,0.59,1.9
2020-11-27,6.0,2.3,8.9,2887,0.4,0.71,1.4
2020-11-28,3.4,0.5,4.9,1840,0.0,0.61,1.8
2020-11-29,1.6,-1.0,4.4,1863,0.0,0.55,1.8
2020-11-30,1.3,-0.6,2.6,1795,0.0,0.56,2.1
2020-12-01,2.4,-1.2,4.1,1774,0.0,0.54,2.0
2020-12-02,-1.1,-3.8,2.5,3987,0.0,0.45,1.8
2020-12-03,-0.8,-3.2,1.1,1736,0.0,0.47,3.0
2020-12-04,0.3,-3.4,3.9,1806,0.0,0.47,3.0
2020-12-05,3.0,-0.3,7.2,2533,0.0,0.59,2.0
2020-12-06,6.8,3.7,10.6,2513,0.0,0.78,1.9
2020-12-07,5.8,2.6,7.9,2235,0.0,0.71,2.4
2020-12-08,3.7,1.1,6.5,3725,1.5,0.64,1.8
2020-12-09,2.0,0.9,2.7,1647,0.0,0.63,1.8
2020-12-10,-0.1,-0.8,1.0,1636,0.0,0.55,1.6
2020-12-11,0.2,-0.9,1.4,1627,0.0,0.55,2.8
2020-12-12,0.9,-0.9,1.9,1660,0.5,0.55,2.2
2020-12-13,3.1,1.7,4.1,1610,0.0,0.66,1.8
2020-12-14,5.3,2.3,7.8,2236,0.0,0.7,2.6
2020-12-15,5.9,3.3,7.7,1599,0.3,0.75,2.2
2020-12-16,7.7,3.9,9.6,1888,0.0,0.79,1.9
2020-12-17,5.3,1.8,8.0,2597,1.1,0.68,2.6
2020-12-18,5.2,1.1,8.6,4017,0.0,0.65,2.3
2020-12-19,3.5,0.8,7.0,4391,0.0,0.63,2.7
2020-12-20,4.0,1.1,6.3,3053,1.4,0.65,2.3
2020-12-21,4.5,2.8,6.5,3808,5.0,0.72,2.7
2020-12-22,9.4,5.6,13.4,1760,2.5,0.89,3.8
2020-12-23,7.4,6.0,10.2,1596,4.3,0.9,2.2
2020-12-24,6.2,2.8,10.3,1768,1.0,0.74,3.4
2020-12-25,2.4,0.5,3.9,1606,0.0,0.61,2.4
2020-12-26,0.8,-1.4,2.5,1613,0.3,0.53,3.0
2020-12-27,1.6,0.5,2.5,1663,0.0,0.61,5.0
2020-12-28,2.3,0.4,4.4,2268,2.3,0.61,2.6
2020-12-29,1.8,-0.5,3.9,2409,0.2,0.57,2.6
2020-12-30,1.9,-0.7,4.9,3840,0.0,0.56,2.7
2020-12-31,2.4,0.3,4.5,2785,0.1,0.6,2.4
2021-01-01,1.9,0.8,3.0,1663,1.1,0.63,1.4
2021-01-02,0.9,-1.5,3.3,1676,0.2,0.53,1.6
2021-01-03,0.5,-1.4,1.4,1691,6.9,0.53,2.6
2021-01-04,0.7,0.4,0.8,1707,0.5,0.61,2.6
2021-01-05,1.5,0.6,2.6,1723,1.4,0.61,2.6
2021-01-06,1.7,0.3,3.0,1741,0.8,0.6,2.2
2021-01-07,0.9,0.2,1.6,1760,0.0,0.59,2.1
2021-01-08,0.5,-0.2,1.3,1780,0.5,0.58,2.1
2021-01-09,1.1,0.1,2.1,1802,0.0,0.59,1.6
2021-01-10,0.2,-1.5,1.4,2008,0.3,0.53,1.9
2021-01-11,0.5,-1.3,1.4,1848,1.9,0.54,3.2
2021-01-12,1.3,-0.1,3.2,1873,2.6,0.58,4.0
2021-01-13,1.3,-0.4,3.5,1898,4.3,0.57,4.2
2021-01-14,1.1,-0.4,3.0,2354,0.0,0.57,2.9
2021-01-15,-0.4,-2.9,1.1,1954,0.4,0.48,2.2
2021-01-16,-1.8,-3.1,-0.8,1983,0.0,0.47,2.1
2021-01-17,-2.9,-5.2,0.0,2013,0.0,0.41,1.6
2021-01-18,-1.2,-6.1,2.2,2045,5.4,0.39,2.9
2021-01-19,2.2,0.4,4.9,2078,7.7,0.61,3.8
2021-01-20,5.5,2.9,8.2,2365,0.1,0.74,3.6
2021-01-21,8.3,4.6,12.9,3732,0.9,0.84,4.4
2021-01-22,6.4,0.8,10.8,2390,0.4,0.65,3.5
2021-01-23,1.7,-0.4,2.8,2221,6.3,0.57,2.1
2021-01-24,0.8,-0.5,1.7,2259,1.3,0.56,2.4
2021-01-25,1.0,0.0,3.0,2673,0.0,0.59,1.8
2021-01-26,0.5,-2.5,2.9,4451,0.0,0.49,3.0
2021-01-27,1.4,-1.3,4.9,5285,0.4,0.54,2.5
2021-01-28,1.7,-2.3,3.8,2425,0.5,0.5,2.6
2021-01-29,-1.2,-2.9,0.7,2469,6.0,0.48,3.5
2021-01-30,-1.2,-4.5,2.0,3026,0.0,0.43,2.6
2021-01-31,-4.9,-8.5,0.5,7158,0.0,0.32,2.1
2021-02-01,-4.5,-10.1,0.2,4005,0.0,0.29,2.2
2021-02-02,0.7,-1.6,2.7,2658,2.0,0.53,2.3
2021-02-03,4.5,0.5,9.1,3244,10.1,0.63,3.3
2021-02-04,0.6,-0.4,2.2,2759,0.9,0.57,2.8
2021-02-05,-0.4,-1.7,0.9,2811,1.5,0.52,2.4
2021-02-06,-2.0,-4.7,-0.5,2864,0.0,0.42,3.9
2021-02-07,-6.2,-8.1,-4.1,2918,2.7,0.32,4.8
2021-02-08,-9.3,-13.1,-6.3,2974,3.7,0.22,3.6
2021-02-09,-9.3,-12.3,-7.2,3030,0.6,0.23,1.9
2021-02-10,-8.7,-12.6,-4.1,5360,0.1,0.23,2.3
2021-02-11,-5.4,-9.0,-1.6,4198,0.1,0.31,1.8
2021-02-12,-5.6,-10.6,-1.1,8527,0.0,0.28,2.3
2021-02-13,-7.7,-13.2,-1.2,8181,0.0,0.23,2.1
2021-02-14,-5.8,-10.0,-0.3,8234,0.0,0.29,2.0
2021-02-15,-5.2,-13.3,0.8,5804,4.4,0.23,2.7
2021-02-16,1.6,-2.0,4.7,3454,1.8,0.52,2.2
2021-02-17,4.3,2.0,6.8,3589,0.1,0.69,2.9
2021-02-18,6.3,3.0,10.6,7157,3.7,0.74,2.5
2021-02-19,5.4,0.9,9.7,9145,0.0,0.65,2.5
2021-02-20,6.3,-0.5,12.8,9203,0.0,0.61,2.2
2021-02-21,9.1,2.9,16.9,10593,0.0,0.79,2.2
2021-02-22,6.6,0.1,13.8,10890,0.0,0.65,2.0
2021-02-23,11.2,5.2,18.7,8163,0.0,0.91,2.0
2021-02-24,12.9,7.8,20.1,9584,0.0,1.09,2.2
2021-02-25,12.4,7.3,19.9,10260,0.8,1.05,2.1
2021-02-26,7.1,2.6,11.0,4998,1.7,0.73,2.4
2021-02-27,4.2,0.4,6.6,4210,0.0,0.62,2.3
2021-02-28,1.7,-0.9,3.6,5004,0.0,0.55,2.0
2021-03-01,3.4,-0.8,7.9,7917,0.0,0.57,1.6
2021-03-02,2.8,-2.6,10.7,8929,0.0,0.53,1.4
2021-03-03,7.1,-1.6,15.4,11366,0.0,0.6,1.6
2021-03-04,3.2,1.8,5.8,4584,0.2,0.67,2.4
2021-03-05,1.8,-2.4,6.6,13011,0.0,0.51,2.4
2021-03-06,1.0,-4.2,3.9,7209,0.0,0.45,2.3
2021-03-07,2.8,0.9,4.3,4902,0.4,0.63,2.5
2021-03-08,1.8,-2.8,6.5,14456,0.0,0.5,1.6
2021-03-09,1.2,-3.5,7.2,11644,0.0,0.48,1.6
2021-03-10,1.9,-3.6,8.8,13472,1.0,0.49,2.2
2021-03-11,6.3,2.1,12.9,7190,5.1,0.73,5.2
2021-03-12,6.6,3.1,10.5,8554,0.8,0.75,5.0
2021-03-13,5.1,2.0,10.6,6205,5.9,0.7,5.4
2021-03-14,4.4,2.3,7.8,6570,3.9,0.7,4.2
2021-03-15,4.1,0.6,8.3,6291,5.7,0.63,3.6
2021-03-16,4.2,0.5,8.2,7129,0.0,0.63,3.2
2021-03-17,1.8,-1.5,6.1,7413,0.7,0.54,2.0
2021-03-18,1.8,-1.8,7.4,7987,3.4,0.53,1.6
2021-03-19,0.6,-4.0,4.4,8089,0.5,0.45,2.5
2021-03-20,0.8,-3.8,4.3,10321,0.1,0.46,2.4
2021-03-21,5.2,0.8,10.2,8682,0.3,0.65,3.7
2021-03-22,4.6,-0.6,10.6,15087,0.2,0.6,2.4
2021-03-23,5.6,3.4,7.9,6113,0.0,0.76,2.0
2021-03-24,8.5,4.3,13.7,11495,0.0,0.83,1.8
2021-03-25,9.6,3.3,16.4,13835,0.3,0.8,1.7
2021-03-26,11.0,6.4,17.0,10422,0.0,0.97,2.2
2021-03-27,6.4,1.2,11.2,9410,3.1,0.67,4.0
2021-03-28,7.3,0.0,12.5,11264,0.1,0.63,3.1
2021-03-29,13.6,8.6,20.5,11484,0.0,1.15,2.9
2021-03-30,15.4,8.0,22.5,19327,0.0,1.12,1.7
2021-03-31,16.7,8.1,24.8,19705,0.0,1.16,1.3
2021-04-01,11.7,5.0,16.6,8233,0.1,0.88,2.5
2021-04-02,6.0,0.4,12.9,12477,0.0,0.65,3.1
2021-04-03,5.5,0.7,10.4,15488,0.0,0.65,2.8
2021-04-04,5.3,-0.9,11.3,18426,0.0,0.59,2.5
2021-04-05,3.3,-1.0,5.7,10330,2.9,0.56,4.8
2021-04-06,1.6,-2.1,6.8,14359,0.3,0.52,4.0
2021-04-07,3.3,0.6,6.8,9321,0.3,0.63,4.3
2021-04-08,4.2,1.3,8.0,8971,0.0,0.65,3.5
2021-04-09,7.7,0.0,13.9,16941,1.5,0.64,3.0
2021-04-10,7.1,4.8,8.9,7585,2.8,0.83,2.0
2021-04-11,10.9,3.0,20.7,13947,3.1,0.83,3.0
2021-04-12,4.6,0.6,7.8,8306,0.0,0.63,2.7
2021-04-13,4.2,-1.1,10.2,16207,0.0,0.58,2.6
2021-04-14,4.4,-0.9,9.9,14959,0.0,0.58,2.1
2021-04-15,3.9,-0.9,8.7,10149,0.0,0.58,2.3
2021-04-16,7.3,3.0,12.8,14834,0.1,0.76,2.4
2021-04-17,8.9,4.8,13.2,10667,1.1,0.86,2.1
2021-04-18,7.3,4.2,12.2,9245,14.0,0.82,1.6
2021-04-19,8.3,3.0,14.7,13751,0.0,0.78,1.7
2021-04-20,11.3,3.2,18.6,23440,0.0,0.82,1.6
2021-04-21,10.7,3.9,18.1,19816,0.0,0.85,2.6
2021-04-22,7.3,3.7,12.3,11089,0.1,0.79,3.6
2021-04-23,8.3,4.1,14.9,15313,0.0,0.83,2.6
2021-04-24,7.1,1.7,12.1,14815,0.0,0.69,2.3
2021-04-25,6.6,1.0,11.5,15742,0.1,0.66,2.4
2021-04-26,5.1,-0.8,10.0,19066,0.0,0.59,2.1
2021-04-27,7.1,-0.5,13.7,25652,0.0,0.63,2.5
2021-04-28,11.0,2.1,18.4,23967,1.0,0.76,2.2
2021-04-29,11.0,7.3,17.7,15261,3.9,1.04,3.0
2021-04-30,8.4,6.4,10.3,9165,0.0,0.93,1.9
2021-05-01,9.7,5.8,14.0,15186,0.0,0.91,1.7
2021-05-02,8.6,5.6,12.7,9782,3.6,0.89,2.7
2021-05-03,7.1,2.9,11.8,14247,0.3,0.75,2.8
2021-05-04,10.1,5.1,15.7,11258,1.0,0.89,5.1
2021-05-05,8.4,4.5,13.6,15748,1.1,0.84,5.1
2021-05-06,7.7,2.5,12.5,19519,1.0,0.73,3.1
2021-05-07,5.5,0.4,9.4,12934,10.5,0.62,3.0
2021-05-08,9.8,2.1,15.3,20178,0.0,0.73,2.4
2021-05-09,19.1,9.6,27.1,24847,0.0,1.29,3.0
2021-05-10,21.9,12.5,30.5,26302,0.0,1.57,2.6
2021-05-11,20.0,13.4,28.2,22280,4.8,1.61,2.3
2021-05-12,12.9,11.4,13.8,9755,7.5,1.3,2.5
2021-05-13,11.1,10.4,11.3,9808,8.3,1.21,2.2
2021-05-14,10.5,7.4,13.1,11737,1.1,1.0,2.2
2021-05-15,13.0,6.7,18.9,20070,0.0,1.01,2.3
2021-05-16,12.5,7.6,18.1,17120,1.1,1.05,2.4
2021-05-17,13.1,8.4,19.8,20073,1.8,1.13,2.6
2021-05-18,11.5,7.8,16.2,13707,0.2,1.04,2.5
2021-05-19,12.6,7.9,17.8,21204,0.1,1.07,2.2
2021-05-20,13.1,9.4,18.0,19999,0.0,1.17,2.3
2021-05-21,15.1,9.6,21.0,19802,0.4,1.22,3.6
2021-05-22,12.6,8.8,17.1,15040,0.2,1.13,4.2
2021-05-23,12.1,7.7,17.3,18765,3.7,1.04,3.0
2021-05-24,15.8,7.4,21.6,27067,0.6,1.08,2.7
2021-05-25,11.7,8.4,16.4,15427,0.7,1.08,3.7
2021-05-26,12.4,8.1,16.7,17886,0.0,1.07,3.4
2021-05-27,11.7,8.0,16.9,15508,5.1,1.06,3.1
2021-05-28,12.3,8.2,17.7,16183,1.4,1.09,2.1
2021-05-29,11.7,6.6,16.3,16348,0.0,0.98,2.1
2021-05-30,14.7,7.2,21.2,29022,0.0,1.06,2.1
2021-05-31,15.1,5.1,22.7,30598,0.0,0.96,1.8
2021-06-01,17.5,9.8,24.6,23992,0.0,1.27,1.9
2021-06-02,18.3,10.8,26.2,24411,0.0,1.36,2.2
2021-06-03,20.7,11.8,28.6,28668,0.1,1.48,2.0
2021-06-04,19.4,13.6,26.2,19737,0.1,1.59,1.6
2021-06-05,21.4,13.3,29.0,26811,0.0,1.6,1.9
2021-06-06,21.2,14.4,28.6,21584,0.0,1.69,1.9
2021-06-07,20.3,11.9,27.5,30071,0.0,1.47,1.8
2021-06-08,21.3,14.4,27.6,27787,0.0,1.68,1.6
2021-06-09,21.1,12.9,27.7,30376,0.0,1.56,1.4
2021-06-10,22.4,16.6,28.1,24365,0.0,1.91,1.5
2021-06-11,22.5,16.5,27.6,25923,0.0,1.89,1.7
2021-06-12,18.3,12.8,22.8,15923,2.2,1.49,3.2
2021-06-13,15.0,10.2,20.9,17990,0.0,1.26,2.7
2021-06-14,19.6,10.3,27.8,30203,0.0,1.35,1.8
2021-06-15,19.6,14.1,23.8,18267,0.0,1.62,1.7
2021-06-16,21.3,11.3,29.3,29964,0.0,1.46,1.7
2021-06-17,26.3,17.1,34.6,30356,0.0,2.09,2.1
2021-06-18,27.8,18.9,35.5,30745,0.0,2.31,1.8
2021-06-19,27.7,19.5,36.0,25866,1.6,2.38,1.9
2021-06-20,27.1,19.6,34.1,20599,0.1,2.37,2.4
2021-06-21,24.5,18.9,31.4,23809,0.0,2.24,2.7
2021-06-22,18.1,13.6,21.8,12119,0.1,1.54,2.3
2021-06-23,16.3,12.6,19.8,15069,0.4,1.43,1.8
2021-06-24,16.7,13.5,19.2,10826,1.1,1.51,1.6
2021-06-25,19.6,15.1,24.9,14542,2.0,1.7,1.6
2021-06-26,20.8,13.9,27.4,27109,0.0,1.65,1.3
2021-06-27,21.5,12.8,28.2,29277,0.0,1.56,1.6
2021-06-28,25.0,15.9,32.1,23617,0.0,1.91,1.8
2021-06-29,23.2,17.3,28.4,16293,20.4,1.99,1.9
2021-06-30,17.4,15.8,18.3,10767,37.2,1.73,2.6
2021-07-01,15.5,13.8,16.6,10752,6.6,1.53,2.8
2021-07-02,19.1,14.6,24.5,20595,0.0,1.66,2.1
2021-07-03,19.7,13.5,25.6,28636,0.0,1.57,1.5
2021-07-04,22.1,14.4,28.4,27200,0.0,1.71,1.6
2021-07-05,20.1,15.9,26.1,17582,2.8,1.82,2.0
2021-07-06,22.8,16.4,30.6,22666,7.0,1.94,2.7
2021-07-07,18.5,16.0,22.7,16251,5.4,1.79,1.7
2021-07-08,18.4,15.1,21.3,14308,6.4,1.68,1.5
2021-07-09,17.0,13.8,19.3,10582,14.3,1.55,2.3
2021-07-10,19.4,13.9,25.3,21639,0.0,1.61,1.9
2021-07-11,22.4,15.1,29.2,26057,0.0,1.79,1.8
2021-07-12,21.5,17.6,26.4,14311,0.1,1.99,1.8
2021-07-13,23.8,16.9,30.1,25460,3.3,1.98,2.0
2021-07-14,20.9,17.2,25.5,16144,0.0,1.93,2.2
2021-07-15,21.8,15.5,27.8,20163,0.0,1.79,1.7
2021-07-16,22.9,17.5,30.0,22018,11.8,2.03,2.1
2021-07-17,23.0,18.1,29.2,18930,0.0,2.08,2.7
2021-07-18,21.7,15.7,27.1,25583,0.0,1.8,2.6
2021-07-19,17.3,13.7,20.6,11635,0.0,1.54,2.2
2021-07-20,17.4,13.3,21.5,16637,0.0,1.51,1.8
2021-07-21,18.1,12.7,23.2,11423,0.0,1.47,1.7
2021-07-22,19.7,16.2,23.3,12133,0.0,1.81,1.5
2021-07-23,20.0,14.5,25.7,24141,0.0,1.66,1.3
2021-07-24,23.2,14.9,31.1,23698,0.0,1.8,2.0
2021-07-25,23.6,18.5,31.0,20125,15.3,2.19,1.8
2021-07-26,23.9,18.8,31.2,17060,0.0,2.22,1.6
2021-07-27,23.1,17.4,28.1,22613,0.0,2.0,2.0
2021-07-28,21.1,17.7,25.4,16064,0.0,2.0,2.5
2021-07-29,20.2,13.6,25.6,19731,0.0,1.57,3.4
2021-07-30,20.5,12.6,26.9,25862,0.0,1.53,2.5
2021-07-31,20.7,15.9,24.8,18719,0.0,1.8,3.3
2021-08-01,17.6,13.9,22.3,14568,6.1,1.56,2.2
2021-08-02,17.2,12.4,22.7,18693,0.1,1.45,2.4
2021-08-03,17.7,11.4,22.7,13941,1.2,1.36,1.5
2021-08-04,18.0,14.5,22.8,15100,0.2,1.64,1.4
2021-08-05,18.2,13.3,24.5,16497,0.8,1.54,1.7
2021-08-06,18.7,14.1,26.6,18373,3.7,1.65,2.4
2021-08-07,19.1,14.0,24.4,19385,2.3,1.61,2.2
2021-08-08,18.4,12.5,23.6,18325,0.7,1.46,3.1
2021-08-09,16.9,11.1,23.6,16177,2.9,1.36,2.3
2021-08-10,17.9,12.8,23.9,16818,3.7,1.49,2.0
2021-08-11,18.0,12.8,24.4,20343,0.0,1.5,1.5
2021-08-12,21.2,14.3,27.5,22524,0.0,1.67,1.3
2021-08-13,23.8,16.9,29.8,20979,0.0,1.96,2.0
2021-08-14,21.8,15.7,27.8,23974,0.0,1.82,2.1
2021-08-15,20.9,14.2,26.8,22072,0.0,1.65,1.8
2021-08-16,18.4,11.6,25.5,14612,1.3,1.41,3.5
2021-08-17,15.2,11.7,18.9,9209,0.0,1.35,3.8
2021-08-18,17.0,13.0,20.4,11724,0.1,1.48,3.2
2021-08-19,18.2,14.7,21.6,9298,0.0,1.64,2.6
2021-08-20,17.8,14.1,21.3,11207,0.6,1.57,1.7
2021-08-21,19.1,13.7,24.5,18911,0.0,1.58,1.3
2021-08-22,17.9,14.9,21.7,10113,17.8,1.65,2.1
2021-08-23,16.6,14.0,19.9,9571,2.9,1.57,2.5
2021-08-24,16.5,10.2,22.2,20852,0.0,1.27,2.1
2021-08-25,15.2,7.9,22.2,13179,4.1,1.12,2.4
2021-08-26,13.9,12.1,17.2,10237,12.5,1.37,2.8
2021-08-27,14.6,12.1,18.7,12301,2.4,1.37,2.5
2021-08-28,15.5,12.2,19.8,11077,0.8,1.4,2.1
2021-08-29,15.9,14.2,19.5,9302,13.2,1.57,2.2
2021-08-30,15.8,13.7,18.2,7767,3.3,1.52,2.4
2021-08-31,16.4,11.8,20.7,14566,0.5,1.38,2.3
2021-09-01,15.1,11.0,20.2,14120,0.0,1.31,1.8
2021-09-02,15.4,11.4,20.8,13456,0.0,1.35,1.6
2021-09-03,16.9,10.3,23.9,20001,0.0,1.31,1.8
2021-09-04,14.1,10.2,18.5,10950,0.0,1.23,1.5
2021-09-05,15.6,9.7,22.6,13762,0.0,1.24,1.6
2021-09-06,16.7,10.0,23.2,18361,0.0,1.26,1.2
2021-09-07,17.3,12.5,22.9,16720,0.0,1.46,1.1
2021-09-08,18.6,12.2,25.7,19862,0.0,1.46,1.6
2021-09-09,19.6,11.8,27.7,19805,0.0,1.48,1.7
2021-09-10,20.2,15.2,27.5,16188,17.8,1.75,1.6
2021-09-11,19.1,15.4,23.7,10020,1.8,1.73,1.9
2021-09-12,17.3,13.7,21.8,8265,0.0,1.55,1.8
2021-09-13,15.7,11.7,19.9,11963,0.0,1.37,1.5
2021-09-14,16.5,10.7,22.8,18356,0.0,1.32,1.5
2021-09-15,18.2,13.9,23.9,8894,7.0,1.59,1.9
2021-09-16,17.2,14.6,19.3,7390,0.6,1.62,2.5
2021-09-17,14.6,12.3,16.7,6901,0.0,1.38,2.0
2021-09-18,14.1,11.6,17.5,6518,0.6,1.33,1.8
2021-09-19,13.0,10.8,15.8,6335,0.0,1.25,2.1
2021-09-20,12.5,9.9,16.5,7613,0.0,1.19,1.5
2021-09-21,12.7,9.4,15.8,7711,0.2,1.16,1.8
2021-09-22,13.8,10.4,19.1,10103,0.0,1.25,1.9
2021-09-23,15.0,9.3,19.6,8278,1.1,1.17,3.5
2021-09-24,14.9,10.9,17.0,8269,0.0,1.28,2.9
2021-09-25,17.5,14.3,21.3,7326,0.0,1.6,1.7
2021-09-26,18.4,13.7,25.1,14448,0.0,1.59,1.6
2021-09-27,17.2,13.9,19.8,5391,0.1,1.56,1.9
2021-09-28,15.2,11.1,18.6,6675,1.3,1.3,1.6
2021-09-29,13.3,8.2,17.1,7123,17.6,1.08,2.7
2021-09-30,10.9,7.7,15.9,10061,0.0,1.04,3.1
2021-10-01,11.9,6.3,18.6,13563,0.0,0.98,2.6
2021-10-02,14.3,9.2,20.4,11039,0.0,1.17,2.5
2021-10-03,17.4,13.8,22.7,5610,0.1,1.56,3.5
2021-10-04,14.0,12.0,17.0,4838,0.7,1.37,2.0
2021-10-05,12.4,10.1,14.1,4761,6.0,1.19,2.2
2021-10-06,12.4,7.6,16.1,9149,0.0,1.03,2.5
2021-10-07,11.6,6.0,18.3,13532,0.0,0.96,1.2
2021-10-08,11.4,4.9,17.4,12210,0.0,0.88,1.8
2021-10-09,8.3,3.3,15.7,13118,0.0,0.79,2.0
2021-10-10,7.5,1.5,14.5,12388,0.0,0.71,1.4
2021-10-11,8.7,3.4,14.5,7670,1.4,0.79,2.1
2021-10-12,8.5,3.5,13.2,6374,0.7,0.78,2.5
2021-10-13,7.1,2.7,12.0,9019,1.2,0.74,1.9
2021-10-14,10.8,7.6,13.4,4093,1.4,1.02,2.6
2021-10-15,10.5,5.9,13.4,5171,0.7,0.91,2.8
2021-10-16,8.6,4.5,13.2,5921,0.1,0.84,1.7
2021-10-17,9.4,5.2,12.7,4107,0.6,0.87,1.6
2021-10-18,11.1,7.6,15.9,6925,0.0,1.04,1.8
2021-10-19,12.7,7.6,16.7,5504,0.0,1.05,2.6
2021-10-20,15.5,12.4,19.2,4548,2.4,1.41,3.8
2021-10-21,12.5,5.9,16.9,4615,1.5,0.94,5.4
2021-10-22,7.2,4.5,10.8,3760,3.2,0.82,4.3
2021-10-23,7.1,4.4,11.6,8099,0.0,0.83,2.3
2021-10-24,7.0,2.3,12.9,9916,0.0,0.73,2.0
2021-10-25,6.6,1.8,11.6,7455,0.0,0.7,1.9
2021-10-26,10.0,5.3,14.8,3701,0.1,0.89,2.4
2021-10-27,12.2,9.2,14.4,3502,0.0,1.14,2.6
2021-10-28,10.1,5.8,16.2,9107,0.0,0.93,2.1
2021-10-29,8.6,3.5,15.0,8847,0.0,0.8,2.3
2021-10-30,10.1,5.3,14.8,7756,0.0,0.89,2.4
2021-10-31,12.9,8.7,18.1,7961,0.0,1.12,2.7
2021-11-01,10.1,7.8,12.4,2948,1.0,1.02,2.6
2021-11-02,8.9,4.8,12.0,4134,0.0,0.85,1.7
2021-11-03,6.7,2.6,11.8,3698,0.0,0.73,1.6
2021-11-04,7.0,6.1,8.4,2787,38.6,0.91,2.9
2021-11-05,7.8,5.8,10.0,2796,0.2,0.89,2.5
2021-11-06,8.6,5.7,11.2,3513,0.1,0.89,3.0
2021-11-07,7.9,6.0,9.8,3162,1.9,0.9,4.0
2021-11-08,8.5,6.7,11.2,2935,0.8,0.95,2.2
2021-11-09,7.9,3.3,11.5,4366,0.0,0.77,2.0
2021-11-10,4.5,0.2,9.5,6271,0.0,0.62,1.5
2021-11-11,5.1,0.5,9.3,4288,0.5,0.63,1.4
2021-11-12,5.8,1.6,8.6,2407,0.0,0.68,1.9
2021-11-13,4.8,2.0,8.5,3888,0.0,0.69,1.8
2021-11-14,6.4,5.5,7.7,2324,0.0,0.87,2.0
2021-11-15,5.5,5.2,6.2,2283,0.0,0.85,2.3
2021-11-16,6.0,4.8,7.6,2244,0.0,0.83,1.4
2021-11-17,5.4,3.8,7.3,2206,0.0,0.78,2.4
2021-11-18,7.7,4.4,10.3,2170,2.5,0.81,3.2
2021-11-19,11.2,9.1,12.6,2134,0.0,1.11,3.4
2021-11-20,10.8,9.2,11.8,2150,0.0,1.12,2.8
2021-11-21,7.6,3.7,9.5,2066,0.3,0.77,2.3
2021-11-22,3.2,-1.0,6.4,4939,0.2,0.56,2.2
2021-11-23,4.7,-0.5,6.9,2003,0.5,0.58,2.2
2021-11-24,6.6,5.4,8.4,2117,0.3,0.87,1.9
2021-11-25,4.1,2.7,5.5,2183,0.0,0.72,2.1
2021-11-26,4.0,1.2,6.6,2958,0.0,0.65,2.7
2021-11-27,1.4,-0.7,3.5,1983,3.8,0.56,2.3
2021-11-28,1.2,-1.4,3.9,4794,0.1,0.54,1.4
2021-11-29,2.2,1.1,3.2,1932,0.8,0.64,2.4
2021-11-30,3.4,1.1,6.2,1817,4.1,0.64,5.1
2021-12-01,5.8,1.0,8.7,1795,3.4,0.65,5.2
2021-12-02,1.8,-2.9,5.8,4744,0.0,0.49,3.4
2021-12-03,0.6,-3.0,3.0,3451,0.9,0.48,3.7
2021-12-04,1.5,0.3,2.4,1736,3.4,0.6,2.7
2021-12-05,0.9,0.2,1.7,1718,0.4,0.6,2.2
2021-12-06,0.6,-1.2,2.1,1702,0.0,0.54,2.0
2021-12-07,-0.4,-1.9,0.6,1686,0.0,0.51,2.9
2021-12-08,0.0,-1.0,1.3,1672,0.1,0.55,2.9
2021-12-09,-1.0,-1.9,-0.1,1659,3.0,0.51,2.0
2021-12-10,-0.1,-1.2,0.7,1647,0.1,0.53,1.9
2021-12-11,-0.8,-2.1,0.2,1636,0.0,0.5,2.0
2021-12-12,0.9,-2.6,5.0,1627,1.2,0.5,2.5
2021-12-13,6.9,4.5,9.4,1618,1.2,0.82,1.8
2021-12-14,7.1,6.1,8.3,1610,0.7,0.91,1.9
2021-12-15,8.2,7.0,9.9,1604,0.0,0.97,2.1
2021-12-16,6.9,3.2,9.2,2271,0.0,0.75,1.9
2021-12-17,5.6,4.7,6.8,1594,0.0,0.82,2.0
2021-12-18,6.0,4.5,7.7,1591,0.3,0.81,2.3
2021-12-19,6.0,0.4,7.4,1589,1.4,0.61,3.4
2021-12-20,0.8,-1.4,2.9,3806,0.2,0.53,1.8
2021-12-21,0.2,-0.6,0.8,1589,0.0,0.56,1.3
2021-12-22,-1.1,-4.0,1.4,4185,0.0,0.44,1.7
2021-12-23,-1.1,-4.2,1.6,1592,9.6,0.44,2.4
2021-12-24,2.2,-4.7,6.1,1596,6.5,0.44,3.2
2021-12-25,-6.0,-8.6,-2.5,4459,0.0,0.31,2.0
2021-12-26,-7.4,-10.2,-3.1,4472,0.0,0.28,2.0
2021-12-27,-3.3,-8.5,-0.1,1613,0.0,0.32,2.5
2021-12-28,-0.3,-4.1,2.8,1620,2.8,0.44,3.2
2021-12-29,4.3,2.0,5.8,1629,0.2,0.68,2.5
2021-12-30,9.2,5.1,12.7,1639,2.7,0.87,3.5
2021-12-31,12.4,11.1,13.7,1651,3.4,1.27,3.8
2022-01-01,11.6,8.8,12.8,1663,0.0,1.1,2.6
2022-01-02,9.4,7.2,11.3,1676,3.8,0.98,3.4
2022-01-03,8.2,4.9,10.6,1996,1.3,0.85,4.4
2022-01-04,6.0,3.1,7.1,1707,1.8,0.74,3.0
2022-01-05,3.5,2.0,4.7,2607,0.5,0.68,4.3
2022-01-06,0.6,-2.2,3.7,4900,0.0,0.51,2.5
2022-01-07,0.4,-2.1,2.3,1895,1.4,0.5,3.2
2022-01-08,0.9,-0.8,2.7,2503,0.0,0.55,3.2
2022-01-09,1.4,-1.3,4.0,1802,0.6,0.54,3.2
2022-01-10,3.1,-0.9,4.9,1824,0.6,0.56,1.4
2022-01-11,-1.9,-2.8,-0.8,1848,0.0,0.48,1.7
2022-01-12,0.9,-2.1,3.7,1919,0.1,0.51,1.8
2022-01-13,4.1,3.0,4.8,1898,0.0,0.73,2.8
2022-01-14,5.3,3.6,6.7,1925,0.0,0.76,2.6
2022-01-15,2.1,0.2,4.2,2722,0.0,0.6,1.6
2022-01-16,1.9,-1.9,5.4,1983,0.4,0.52,3.1
2022-01-17,3.8,-0.7,6.9,2503,2.7,0.58,4.5
2022-01-18,2.6,-1.4,5.2,2144,0.0,0.54,2.0
2022-01-19,3.7,1.7,4.9,3129,0.7,0.67,3.4
2022-01-20,1.2,-1.9,4.2,4287,1.5,0.52,4.6
2022-01-21,0.0,-3.7,3.5,6085,2.3,0.46,3.3
2022-01-22,3.1,1.6,4.7,2752,0.9,0.66,2.8
2022-01-23,5.4,4.4,6.6,2221,2.2,0.81,1.8
2022-01-24,5.1,4.1,6.0,2259,0.5,0.79,1.6
2022-01-25,3.8,2.7,4.7,2299,0.8,0.71,1.8
2022-01-26,2.6,1.4,3.6,2340,0.3,0.65,2.9
2022-01-27,4.2,2.7,6.1,2382,1.2,0.72,4.8
2022-01-28,4.3,2.0,6.6,5251,1.0,0.68,4.1
2022-01-29,5.8,2.2,9.5,2469,4.4,0.7,5.5
2022-01-30,5.6,3.7,6.9,2628,0.0,0.77,5.7
2022-01-31,2.5,0.2,3.9,2561,0.4,0.6,3.4
2022-02-01,3.2,0.8,6.2,2609,3.8,0.63,4.8
2022-02-02,4.7,0.4,7.0,2952,1.2,0.62,4.5
2022-02-03,4.3,-0.1,6.7,2708,3.8,0.6,2.5
2022-02-04,6.2,3.0,8.2,2759,0.7,0.74,3.9
2022-02-05,4.4,3.0,6.1,3849,0.8,0.73,4.5
2022-02-06,5.2,3.3,7.7,2988,5.6,0.75,5.8
2022-02-07,3.7,1.9,7.2,4483,0.1,0.68,4.8
2022-02-08,6.1,1.7,9.3,2974,1.0,0.68,4.0
2022-02-09,8.8,7.9,9.9,3030,0.0,1.03,3.1
2022-02-10,7.1,3.0,10.4,3347,1.6,0.75,2.6
2022-02-11,3.2,-1.1,5.8,3935,0.7,0.55,3.0
2022-02-12,0.7,-2.9,5.5,8793,0.0,0.49,2.3
2022-02-13,3.5,-0.4,7.9,9258,0.0,0.59,3.1
2022-02-14,7.7,3.2,13.5,8234,0.0,0.78,3.4
2022-02-15,6.7,4.1,9.9,4907,0.6,0.8,3.3
2022-02-16,7.5,4.3,12.7,3454,10.1,0.83,5.3
2022-02-17,8.2,5.1,12.8,5284,0.2,0.87,7.5
2022-02-18,6.6,2.5,11.1,3798,3.3,0.73,5.2
2022-02-19,5.8,2.2,7.7,4590,3.1,0.7,6.2
2022-02-20,5.4,2.1,8.5,4009,7.5,0.69,5.4
2022-02-21,5.6,3.1,10.7,4451,3.6,0.75,6.4
2022-02-22,5.4,3.4,7.8,5800,1.8,0.75,4.6
2022-02-23,6.2,2.4,9.8,9299,0.0,0.72,3.5
2022-02-24,6.0,1.4,10.1,4913,0.1,0.67,3.9
2022-02-25,4.1,0.8,7.6,6388,0.5,0.63,4.2
2022-02-26,4.1,-0.4,7.2,4215,0.0,0.59,2.0
2022-02-27,1.7,-2.0,8.7,11572,0.0,0.54,2.4
2022-02-28,1.3,-2.1,6.5,10125,0.0,0.52,2.2
2022-03-01,1.2,-4.7,7.9,12123,0.0,0.45,2.0
2022-03-02,1.7,-2.8,9.6,10156,0.0,0.52,1.3
2022-03-03,-0.8,-4.2,9.1,6161,0.0,0.46,1.7
2022-03-04,1.5,-1.0,6.4,4584,0.0,0.56,1.9
2022-03-05,0.5,-3.6,7.0,9553,0.0,0.48,1.9
2022-03-06,0.3,-1.1,4.6,4909,0.0,0.55,2.0
2022-03-07,2.6,-2.5,6.5,13853,0.0,0.51,2.0
2022-03-08,3.9,-3.0,9.7,14108,0.0,0.51,1.9
2022-03-09,5.6,-0.9,11.7,14453,0.0,0.59,1.5
2022-03-10,3.7,-2.1,14.8,14270,0.0,0.57,2.6
2022-03-11,2.4,-3.4,11.8,14885,0.0,0.51,4.0
2022-03-12,4.0,-2.6,13.6,15057,0.0,0.55,3.0
2022-03-13,5.6,-2.7,15.4,15411,0.0,0.56,2.7
2022-03-14,6.5,-0.4,11.7,12273,1.4,0.61,2.3
2022-03-15,7.8,2.7,10.3,9168,0.0,0.73,1.5
2022-03-16,7.2,1.9,13.6,14900,0.0,0.71,2.3
2022-03-17,6.7,2.0,10.3,5619,0.0,0.7,2.5
2022-03-18,8.2,3.1,13.4,15037,0.0,0.77,2.5
2022-03-19,6.1,0.4,11.2,14813,0.0,0.64,3.5
2022-03-20,6.2,-0.3,12.5,16521,0.0,0.62,3.7
2022-03-21,6.7,-0.2,16.1,16885,0.0,0.66,2.2
2022-03-22,9.0,-0.9,18.0,17351,0.0,0.65,1.6
2022-03-23,10.5,1.6,16.9,17325,0.0,0.73,1.3
2022-03-24,8.4,-0.4,17.0,17594,0.0,0.66,1.2
2022-03-25,9.9,1.9,16.0,16857,0.0,0.73,1.7
2022-03-26,9.0,3.3,16.3,11234,0.0,0.8,2.4
2022-03-27,9.3,2.8,13.2,18100,0.0,0.76,1.6
2022-03-28,9.8,2.9,12.3,18369,0.0,0.75,2.2
2022-03-29,7.5,2.0,11.4,13039,0.0,0.71,2.2
2022-03-30,5.0,-0.1,6.3,8259,0.0,0.59,1.9
2022-03-31,3.6,-1.4,4.9,12451,0.0,0.54,3.3
2022-04-01,3.4,-1.1,4.0,12465,0.0,0.55,3.9
2022-04-02,2.3,-2.3,7.0,9069,0.0,0.52,3.3
2022-04-03,2.3,-3.7,8.6,10665,0.0,0.48,2.4
2022-04-04,3.6,1.7,9.0,8936,11.3,0.68,5.0
2022-04-05,6.8,5.9,11.6,8811,3.3,0.91,4.0
2022-04-06,10.1,8.4,10.8,7374,0.0,1.07,4.2
2022-04-07,9.5,2.7,11.9,10968,7.3,0.74,5.9
2022-04-08,6.4,1.7,9.7,9744,1.1,0.68,4.2
2022-04-09,5.1,1.7,9.7,13056,2.4,0.68,4.0
2022-04-10,4.7,1.0,10.5,12272,0.5,0.65,3.2
2022-04-11,7.0,-0.8,14.3,19220,0.0,0.62,2.0
2022-04-12,10.0,6.3,21.9,21614,0.0,1.02,2.5
2022-04-13,14.0,10.8,20.5,17228,0.0,1.3,1.9
2022-04-14,12.1,6.0,18.8,11314,2.9,0.96,2.1
2022-04-15,7.6,3.5,10.8,7974,0.5,0.77,2.6
2022-04-16,6.9,3.0,14.4,20353,0.0,0.77,2.7
2022-04-17,8.1,1.8,17.8,23256,0.0,0.75,2.0
2022-04-18,9.5,5.4,19.6,23166,0.0,0.94,1.7
2022-04-19,9.0,2.2,17.4,19809,0.0,0.76,2.4
2022-04-20,9.5,2.8,16.9,11391,0.4,0.79,2.4
2022-04-21,9.1,3.3,17.1,8422,0.4,0.8,2.5
2022-04-22,9.8,6.0,17.8,11089,0.1,0.95,3.3
2022-04-23,11.4,8.0,18.4,22889,0.0,1.08,3.4
2022-04-24,11.4,5.5,16.9,16716,1.8,0.92,3.3
2022-04-25,9.4,5.8,11.7,18245,0.0,0.9,2.2
2022-04-26,11.4,2.1,14.8,21937,0.0,0.73,1.8
2022-04-27,11.9,0.5,15.1,22170,0.0,0.67,1.7
2022-04-28,11.4,0.3,15.4,21558,0.0,0.66,1.8
2022-04-29,13.3,1.8,14.6,21423,0.0,0.72,1.7
2022-04-30,12.7,2.6,13.7,17891,0.0,0.75,2.0
2022-05-01,11.5,7.0,14.8,12877,0.0,0.99,1.6
2022-05-02,13.4,4.8,19.7,25263,0.0,0.92,1.6
2022-05-03,13.1,2.0,16.4,21703,0.0,0.75,1.9
2022-05-04,14.0,6.1,17.5,13219,0.8,0.96,1.5
2022-05-05,14.1,4.6,20.2,20048,0.0,0.9,1.6
2022-05-06,14.5,5.3,22.7,22598,0.0,0.97,1.5
2022-05-07,17.1,8.9,22.9,23306,0.4,1.18,1.7
2022-05-08,14.9,5.0,19.4,24261,0.0,0.92,2.1
2022-05-09,14.6,2.9,25.1,27823,0.0,0.89,1.7
2022-05-10,18.9,13.9,26.1,22449,0.1,1.62,2.1
2022-05-11,20.9,13.4,24.9,17423,1.4,1.55,2.9
2022-05-12,15.6,9.5,21.3,19987,0.0,1.21,3.2
2022-05-13,14.3,9.7,19.9,18184,0.0,1.22,2.8
2022-05-14,15.5,8.5,23.0,20128,0.0,1.16,2.3
2022-05-15,15.0,5.6,25.4,28476,0.0,1.02,1.6
2022-05-16,18.8,13.7,27.6,24534,7.8,1.63,2.2
2022-05-17,16.1,13.6,23.8,11642,0.2,1.55,1.8
2022-05-18,18.0,15.8,30.9,26563,0.0,1.88,2.1
2022-05-19,21.2,13.2,28.9,26253,0.0,1.6,2.2
2022-05-20,20.1,11.7,23.0,21137,4.5,1.4,2.4
2022-05-21,15.1,8.1,20.2,18789,0.2,1.1,3.7
2022-05-22,14.2,7.3,21.8,22389,0.0,1.07,1.6
2022-05-23,17.2,13.2,27.2,23838,0.7,1.56,2.9
2022-05-24,17.1,9.6,17.9,17670,0.1,1.18,2.9
2022-05-25,15.4,9.0,20.4,18986,0.5,1.17,2.4
2022-05-26,16.8,14.0,20.9,13814,1.8,1.57,3.6
2022-05-27,14.2,10.2,18.2,18310,1.9,1.23,4.1
2022-05-28,11.0,8.8,16.3,14654,0.4,1.12,3.7
2022-05-29,11.2,8.5,13.7,14690,1.3,1.08,2.2
2022-05-30,11.7,7.7,15.4,13958,0.0,1.04,1.6
2022-05-31,13.8,7.9,19.5,21527,2.0,1.08,1.6
2022-06-01,14.2,10.6,19.2,21179,0.2,1.26,2.1
2022-06-02,14.1,8.8,23.3,23515,0.0,1.18,2.1
2022-06-03,18.7,9.7,26.8,28796,0.0,1.3,1.8
2022-06-04,19.4,12.5,26.5,18969,0.0,1.5,1.9
2022-06-05,20.6,13.7,27.4,28092,5.8,1.62,2.4
2022-06-06,19.0,14.3,23.5,19021,0.3,1.63,2.7
2022-06-07,18.6,13.1,22.9,20967,0.0,1.51,2.4
2022-06-08,20.0,14.1,25.2,16500,0.0,1.61,1.9
2022-06-09,18.1,12.4,24.6,14338,0.5,1.47,2.4
2022-06-10,19.1,12.3,26.3,29113,0.0,1.48,1.8
2022-06-11,21.6,14.3,27.6,15781,0.0,1.68,1.8
2022-06-12,21.0,12.7,26.2,23499,0.0,1.51,2.0
2022-06-13,16.2,11.3,22.3,22357,0.0,1.35,2.7
2022-06-14,15.3,9.9,23.9,25194,0.0,1.28,1.8
2022-06-15,19.0,9.6,28.2,28800,0.0,1.31,1.5
2022-06-16,19.1,10.8,27.2,27138,0.0,1.37,2.2
2022-06-17,20.1,12.4,31.9,25346,0.0,1.6,1.6
2022-06-18,26.4,17.7,32.1,28818,0.0,2.11,2.2
2022-06-19,21.9,14.1,25.2,24324,10.5,1.61,2.7
2022-06-20,14.3,10.4,23.6,14947,6.2,1.29,2.5
2022-06-21,17.5,9.0,26.1,25607,0.0,1.25,2.0
2022-06-22,21.2,10.3,29.8,30869,0.0,1.39,1.6
2022-06-23,22.9,11.4,35.8,30991,0.0,1.59,1.8
2022-06-24,24.1,20.0,27.7,24307,0.0,2.3,2.3
2022-06-25,22.1,18.4,31.5,16596,0.4,2.16,1.6
2022-06-26,25.2,18.4,27.4,24286,0.0,2.1,1.8
2022-06-27,23.1,15.5,26.6,25171,2.7,1.78,2.2
2022-06-28,21.3,14.2,28.2,24387,0.0,1.69,1.9
2022-06-29,20.9,13.4,30.1,18473,0.0,1.65,1.9
2022-06-30,23.8,16.5,33.2,23839,0.0,1.98,1.9
2022-07-01,18.4,14.2,24.5,13955,11.0,1.62,2.5
2022-07-02,19.8,12.6,28.1,30583,0.0,1.53,1.9
2022-07-03,22.9,14.2,28.0,26204,0.0,1.67,2.0
2022-07-04,20.5,12.2,25.9,27967,0.0,1.48,2.2
2022-07-05,19.8,10.1,24.2,26659,0.1,1.28,2.2
2022-07-06,16.9,12.1,23.8,16406,5.8,1.44,2.5
2022-07-07,15.4,15.1,20.7,11527,3.1,1.66,3.1
2022-07-08,16.7,13.9,25.6,15967,0.0,1.61,2.8
2022-07-09,16.2,14.2,24.8,14407,5.1,1.64,2.7
2022-07-10,15.9,13.3,20.3,14249,0.0,1.51,3.1
2022-07-11,17.2,12.7,23.2,26694,0.0,1.47,2.0
2022-07-12,20.1,10.0,29.9,29066,0.0,1.36,1.7
2022-07-13,23.5,13.7,32.4,15039,0.0,1.7,2.3
2022-07-14,19.3,10.1,24.5,26428,0.0,1.29,2.6
2022-07-15,16.4,11.2,23.5,15597,0.4,1.35,2.5
2022-07-16,17.8,10.2,24.3,20877,0.1,1.31,2.9
2022-07-17,17.2,8.1,27.7,26018,0.0,1.2,1.8
2022-07-18,22.0,13.7,34.6,23560,0.0,1.77,1.4
2022-07-19,26.9,18.4,40.4,28429,0.0,2.36,1.7
2022-07-20,29.4,20.4,34.5,27608,0.0,2.48,2.3
2022-07-21,23.6,17.0,25.5,16839,3.1,1.92,2.4
2022-07-22,20.3,14.0,21.6,17792,3.1,1.57,2.0
2022-07-23,18.5,12.0,24.9,20248,1.9,1.43,2.1
2022-07-24,20.7,16.3,31.8,29215,0.0,1.93,1.6
2022-07-25,25.4,20.1,30.5,23004,6.0,2.35,2.7
2022-07-26,19.9,13.3,22.3,17185,0.3,1.52,2.9
2022-07-27,16.8,9.5,22.4,17498,0.0,1.23,2.4
2022-07-28,17.5,7.9,24.7,26899,0.0,1.15,1.9
2022-07-29,21.9,14.2,24.1,21347,0.0,1.62,2.1
2022-07-30,22.1,11.9,28.5,21892,0.0,1.48,1.9
2022-07-31,22.5,18.2,24.8,23300,0.0,2.04,1.8
2022-08-01,20.7,16.8,24.6,12220,0.8,1.88,2.3
2022-08-02,21.6,13.8,28.0,23501,0.0,1.63,1.5
2022-08-03,26.9,18.7,34.4,26365,0.0,2.28,1.6
2022-08-04,29.1,20.5,37.4,25532,0.0,2.56,1.8
2022-08-05,21.8,14.7,28.9,13069,0.6,1.72,2.4
2022-08-06,17.3,11.7,23.4,22769,0.0,1.4,2.3
2022-08-07,18.4,11.2,25.7,23405,0.0,1.39,1.8
2022-08-08,20.8,12.4,28.4,24641,0.0,1.51,1.7
2022-08-09,21.4,15.1,28.0,20538,0.0,1.76,1.9
2022-08-10,21.4,13.1,29.1,26722,0.0,1.61,2.0
2022-08-11,23.0,15.3,30.7,26003,0.0,1.82,2.0
2022-08-12,23.2,15.5,30.8,23245,0.0,1.86,2.2
2022-08-13,22.8,17.6,28.6,11764,0.7,2.02,1.8
2022-08-14,24.9,18.1,32.7,22304,0.0,2.14,2.0
2022-08-15,23.2,17.6,32.1,19219,3.6,2.07,2.1
2022-08-16,23.6,16.1,31.0,22194,0.0,1.9,1.6
2022-08-17,26.0,18.9,32.8,21014,0.0,2.25,1.5
2022-08-18,25.3,19.7,33.8,15017,13.3,2.38,1.9
2022-08-19,20.3,18.6,22.1,9181,0.3,2.07,2.0
2022-08-20,19.8,18.0,20.9,8406,1.2,2.0,1.9
2022-08-21,19.5,14.6,25.2,16819,0.0,1.68,1.6
2022-08-22,19.5,13.3,25.3,11386,0.0,1.54,1.6
2022-08-23,20.6,15.9,27.4,17639,0.0,1.83,1.8
2022-08-24,20.7,14.6,28.3,15458,0.0,1.71,1.8
2022-08-25,22.3,16.9,29.4,17292,0.0,1.96,2.0
2022-08-26,20.9,17.9,28.9,12967,19.9,2.05,1.9
2022-08-27,19.7,17.3,24.8,8679,0.7,1.94,2.2
2022-08-28,17.0,12.5,22.2,12992,0.0,1.44,2.4
2022-08-29,16.6,11.1,22.8,13113,0.0,1.35,1.8
2022-08-30,17.3,12.8,24.0,14012,0.0,1.49,1.9
2022-08-31,16.9,11.5,22.6,17784,0.0,1.37,2.0
2022-09-01,16.7,11.5,22.4,19416,0.0,1.36,2.0
2022-09-02,15.9,10.4,23.5,14992,0.0,1.31,2.4
2022-09-03,16.5,9.9,23.1,15744,0.0,1.25,2.5
2022-09-04,18.1,12.5,25.1,18981,0.0,1.48,1.9
2022-09-05,19.0,13.0,25.4,20343,0.0,1.54,2.3
2022-09-06,18.4,13.2,24.6,13642,0.0,1.54,2.4
2022-09-07,19.4,12.8,26.6,13735,0.3,1.54,1.9
2022-09-08,16.3,13.5,17.8,7151,13.8,1.51,2.3
2022-09-09,17.1,12.4,23.3,13805,1.2,1.46,2.2
2022-09-10,16.5,11.5,22.5,16398,0.0,1.37,2.0
2022-09-11,15.5,12.5,21.8,8877,2.2,1.44,1.7
2022-09-12,15.7,10.9,21.0,15178,0.1,1.31,1.4
2022-09-13,15.7,11.9,20.3,8069,1.1,1.38,2.1
2022-09-14,14.7,11.1,18.7,8994,0.1,1.3,1.9
2022-09-15,13.9,11.0,18.4,9904,0.9,1.29,2.8
2022-09-16,13.2,9.7,18.3,14109,6.1,1.19,3.4
2022-09-17,12.2,9.2,16.5,10983,2.6,1.14,3.8
2022-09-18,10.3,8.1,15.2,11952,3.5,1.07,3.8
2022-09-19,10.6,8.0,16.5,7609,9.4,1.06,3.0
2022-09-20,9.9,7.4,14.9,8683,5.6,1.01,1.9
2022-09-21,11.0,6.0,17.5,14369,0.0,0.95,1.3
2022-09-22,10.7,5.7,17.8,13645,0.0,0.93,1.3
2022-09-23,11.5,5.4,18.3,14258,0.0,0.93,1.4
2022-09-24,12.6,8.2,17.1,5822,0.0,1.08,1.3
2022-09-25,13.8,10.3,18.8,8353,0.0,1.25,1.5
2022-09-26,12.9,8.7,16.9,9913,0.8,1.11,3.0
2022-09-27,10.7,7.6,13.4,6217,4.2,1.02,2.9
2022-09-28,8.6,6.4,11.0,7584,2.0,0.93,1.9
2022-09-29,9.6,5.9,15.7,9556,0.0,0.94,1.4
2022-09-30,10.5,4.7,17.8,12829,0.0,0.88,1.6
2022-10-01,10.3,6.9,13.1,5250,2.5,0.98,3.5
2022-10-02,11.9,8.5,16.8,10250,2.8,1.1,3.0
2022-10-03,12.7,8.9,16.7,6391,0.8,1.13,2.4
2022-10-04,13.3,9.1,18.0,9135,0.0,1.14,1.9
2022-10-05,14.1,8.7,20.1,10462,0.0,1.15,2.9
2022-10-06,14.1,7.9,18.3,12182,0.0,1.08,2.9
2022-10-07,12.0,5.4,18.7,13448,0.0,0.93,2.0
2022-10-08,10.9,6.7,16.1,7917,1.5,0.98,2.4
2022-10-09,9.6,4.7,16.5,12873,0.0,0.87,2.0
2022-10-10,10.8,3.2,17.6,11498,0.0,0.81,2.2
2022-10-11,10.4,6.2,16.0,11110,0.0,0.95,1.7
2022-10-12,9.5,3.9,16.5,12152,0.0,0.83,1.3
2022-10-13,10.7,4.3,17.2,7140,0.0,0.85,1.6
2022-10-14,12.6,7.7,17.4,5642,0.1,1.05,1.8
2022-10-15,14.8,10.9,18.4,6013,0.0,1.28,2.5
2022-10-16,15.7,12.2,20.4,7512,0.0,1.41,2.2
2022-10-17,17.6,11.3,24.9,10175,1.5,1.39,2.0
2022-10-18,14.0,8.2,16.8,4406,9.5,1.08,1.8
2022-10-19,10.1,4.3,14.9,6163,0.0,0.83,1.8
2022-10-20,8.2,2.1,14.5,10340,1.9,0.73,2.6
2022-10-21,11.9,7.3,16.1,4472,2.5,1.01,2.0
2022-10-22,14.2,11.0,18.6,6590,0.0,1.3,1.9
2022-10-23,13.8,9.4,18.4,6630,4.1,1.17,2.0
2022-10-24,14.9,11.0,18.8,4318,0.2,1.29,3.1
2022-10-25,13.1,8.4,17.2,4928,1.9,1.09,2.4
2022-10-26,12.2,6.2,18.7,8965,0.0,0.98,1.8
2022-10-27,14.4,9.5,20.9,8837,0.0,1.21,1.8
2022-10-28,16.5,11.5,23.1,7459,0.0,1.38,2.1
2022-10-29,16.4,12.7,21.6,6438,0.0,1.46,1.5
2022-10-30,16.1,11.4,22.2,7563,0.0,1.37,1.4
2022-10-31,12.9,10.2,17.0,6499,0.0,1.23,1.4
2022-11-01,12.9,8.5,17.0,3890,0.1,1.1,2.7
2022-11-02,9.8,5.6,15.3,5499,0.0,0.91,3.0
2022-11-03,8.4,4.4,12.6,5230,0.1,0.83,2.6
2022-11-04,9.1,6.0,11.0,2787,2.9,0.91,2.2
2022-11-05,7.9,4.4,12.3,6864,0.0,0.83,2.1
2022-11-06,6.9,3.5,11.6,7769,0.1,0.77,2.9
2022-11-07,10.5,6.1,14.8,5381,0.0,0.93,3.2
2022-11-08,11.7,7.4,16.3,6743,0.3,1.02,2.7
2022-11-09,11.9,10.0,15.6,4195,0.9,1.2,2.9
2022-11-10,11.0,7.5,14.7,5876,0.0,1.02,2.7
2022-11-11,9.2,6.5,13.1,3064,0.0,0.95,2.3
2022-11-12,7.8,4.6,13.4,6039,0.0,0.85,1.3
2022-11-13,7.8,4.5,11.3,3942,0.0,0.83,1.9
2022-11-14,6.5,3.7,10.8,6033,0.0,0.78,2.5
2022-11-15,7.5,3.3,13.5,6482,0.0,0.78,2.1
2022-11-16,5.6,4.2,6.5,2244,0.2,0.8,2.9
2022-11-17,3.9,1.5,5.5,2206,1.8,0.66,4.0
2022-11-18,-1.1,-5.0,2.2,2170,0.6,0.41,3.0
2022-11-19,-1.9,-6.4,1.5,4015,0.3,0.38,2.0
2022-11-20,-0.8,-3.3,1.8,2351,0.2,0.46,2.1
2022-11-21,-1.6,-3.2,0.4,2315,0.0,0.47,2.4
2022-11-22,0.0,-3.1,2.0,2034,0.0,0.47,2.7
2022-11-23,2.3,-0.8,7.9,3465,0.0,0.57,2.4
2022-11-24,2.0,-1.2,5.2,1973,0.0,0.55,2.2
2022-11-25,5.1,1.1,7.8,4190,3.8,0.64,1.8
2022-11-26,7.3,5.9,8.2,1916,0.2,0.9,1.7
2022-11-27,4.0,0.7,7.9,4751,0.0,0.63,2.2
2022-11-28,3.6,1.2,5.5,1864,0.0,0.64,2.4
2022-11-29,3.7,2.1,5.0,1840,0.6,0.68,1.7
2022-11-30,3.3,-0.1,6.4,1817,0.0,0.6,1.8
2022-12-01,0.4,-0.3,1.0,1795,3.0,0.57,1.9
2022-12-02,0.3,-1.4,1.1,1774,0.2,0.53,2.4
2022-12-03,-1.0,-2.2,-0.2,1754,0.6,0.5,2.5
2022-12-04,1.0,-0.6,2.7,1736,0.8,0.56,2.5
2022-12-05,3.2,2.0,3.9,1718,0.4,0.68,1.9
2022-12-06,2.3,1.3,3.3,1702,2.0,0.64,1.8
2022-12-07,1.9,-0.9,4.3,1730,1.1,0.55,2.5
2022-12-08,1.2,-1.1,3.2,1672,1.6,0.55,1.8
2022-12-09,-1.1,-2.3,0.2,1659,0.0,0.49,1.5
2022-12-10,-1.7,-3.4,-0.7,1647,0.0,0.46,1.5
2022-12-11,-2.5,-3.4,-1.9,1636,0.2,0.46,1.5
2022-12-12,-1.8,-2.9,-0.8,2094,0.0,0.48,1.5
2022-12-13,-3.0,-8.3,-0.2,1872,0.0,0.33,1.8
2022-12-14,-7.3,-9.7,-4.0,2708,0.0,0.28,1.7
2022-12-15,-7.0,-11.8,-2.8,3835,0.0,0.25,1.7
2022-12-16,-5.1,-8.7,-2.6,2187,0.0,0.31,1.4
2022-12-17,-3.8,-7.2,-2.6,1594,0.0,0.34,1.5
2022-12-18,-5.5,-7.2,-3.9,1591,0.0,0.34,2.4
2022-12-19,-0.3,-5.9,4.2,1589,4.8,0.4,3.1
2022-12-20,6.1,3.4,8.7,1630,3.7,0.76,2.8
2022-12-21,6.6,4.5,8.0,1630,0.6,0.81,2.4
2022-12-22,7.1,4.8,9.2,1590,4.8,0.83,3.0
2022-12-23,6.4,5.1,7.7,1592,12.5,0.85,2.5
2022-12-24,6.5,4.3,9.0,1680,2.2,0.8,2.7
2022-12-25,5.2,0.5,9.2,2483,8.1,0.63,2.1
2022-12-26,8.8,3.8,10.5,1774,0.1,0.79,3.5
2022-12-27,3.4,1.0,6.4,2881,0.1,0.64,3.3
2022-12-28,6.3,2.9,9.1,2044,1.0,0.73,3.9
2022-12-29,9.3,6.7,12.5,2693,1.2,0.96,4.4
2022-12-30,7.0,3.4,9.2,3776,0.9,0.76,3.8
2022-12-31,14.4,7.7,17.6,1908,0.0,1.06,4.4
2023-01-01,14.0,11.6,15.8,1663,0.0,1.33,3.6
2023-01-02,12.7,8.1,15.5,1676,1.2,1.07,3.1
2023-01-03,5.0,1.8,8.9,3523,0.0,0.68,2.3
2023-01-04,6.9,3.2,10.3,1707,12.6,0.76,4.9
2023-01-05,8.0,3.8,9.9,2254,4.4,0.78,4.3
2023-01-06,6.9,3.9,10.3,1741,0.8,0.79,2.9
2023-01-07,8.0,5.7,10.5,2208,0.1,0.89,2.5
2023-01-08,6.8,5.3,8.1,1780,3.7,0.86,2.7
2023-01-09,6.0,4.1,9.1,2621,0.7,0.8,3.1
2023-01-10,5.6,3.4,8.4,2559,0.0,0.75,3.2
2023-01-11,6.3,3.9,8.1,1848,7.6,0.78,3.7
2023-01-12,8.1,4.5,10.6,1919,2.1,0.83,4.9
2023-01-13,8.5,6.0,9.8,2982,0.5,0.9,4.9
2023-01-14,7.1,5.5,8.4,2544,12.0,0.87,4.3
2023-01-15,5.9,3.6,9.4,2770,0.0,0.77,5.0
2023-01-16,4.4,2.1,7.2,4021,0.0,0.69,3.8
2023-01-17,2.6,-1.7,5.1,2749,0.3,0.53,3.1
2023-01-18,-0.2,-3.4,1.7,2045,0.1,0.46,2.1
2023-01-19,-0.8,-4.3,2.7,4930,0.0,0.44,2.8
2023-01-20,0.3,-1.7,2.4,2668,0.0,0.52,1.6
2023-01-21,0.8,-1.1,3.2,2147,6.1,0.55,2.7
2023-01-22,1.4,0.9,2.0,2183,0.2,0.62,2.4
2023-01-23,1.7,0.8,2.7,2221,0.0,0.63,2.2
2023-01-24,0.6,-0.4,1.4,2259,0.0,0.57,2.0
2023-01-25,0.4,-0.5,1.3,2299,0.1,0.57,1.8
2023-01-26,-0.9,-1.6,-0.3,2340,0.0,0.52,1.6
2023-01-27,1.3,-0.5,3.3,2382,0.7,0.57,2.3
2023-01-28,0.1,-2.2,1.6,2425,0.0,0.5,1.9
2023-01-29,0.8,-1.1,3.2,2750,0.3,0.55,2.9
2023-01-30,3.7,1.0,7.2,3026,3.5,0.64,5.2
2023-01-31,4.2,2.2,6.3,2561,2.7,0.69,4.7
2023-02-01,4.2,1.8,6.3,2667,5.2,0.68,5.5
2023-02-02,3.7,0.9,7.0,3776,4.1,0.64,4.1
2023-02-03,5.3,1.3,8.3,3184,4.1,0.66,5.6
2023-02-04,0.8,-4.0,4.6,6378,0.0,0.45,2.1
2023-02-05,-2.5,-5.2,1.2,4887,0.1,0.41,1.7
2023-02-06,-2.4,-5.1,0.1,2864,0.8,0.41,1.7
2023-02-07,-2.9,-8.1,2.7,8613,0.0,0.34,1.6
2023-02-08,-2.6,-6.7,2.6,8739,0.0,0.37,2.1
2023-02-09,-1.3,-5.0,3.7,7968,0.0,0.42,2.3
2023-02-10,2.2,-1.0,6.1,4776,0.0,0.56,2.6
2023-02-11,5.5,1.9,7.5,3146,0.1,0.69,3.1
2023-02-12,6.7,4.8,9.0,3405,0.4,0.83,1.7
2023-02-13,6.3,5.0,7.7,3266,0.0,0.84,1.6
2023-02-14,4.7,0.5,6.5,3328,0.0,0.62,1.4
2023-02-15,3.0,-2.0,10.3,7045,0.0,0.54,1.6
2023-02-16,5.9,-0.4,12.4,8269,0.4,0.62,2.3
2023-02-17,9.0,6.3,12.8,3518,1.4,0.94,5.0
2023-02-18,6.9,4.6,10.4,3583,8.2,0.82,4.5
2023-02-19,3.7,0.4,7.1,7554,0.0,0.61,3.3
2023-02-20,6.8,0.3,10.7,3717,0.1,0.63,4.6
2023-02-21,9.0,6.4,11.0,3933,1.9,0.93,2.8
2023-02-22,6.8,4.0,10.1,4003,0.0,0.8,1.6
2023-02-23,5.9,2.1,10.4,5059,0.9,0.7,1.8
2023-02-24,3.2,1.6,6.0,3994,4.4,0.66,3.3
2023-02-25,1.4,-1.3,3.5,4065,3.4,0.54,3.9
2023-02-26,0.4,-2.6,4.3,7817,0.0,0.49,3.1
2023-02-27,-0.1,-4.3,4.7,5714,0.0,0.44,2.4
2023-02-28,1.4,-1.9,6.0,12846,0.0,0.53,2.0
2023-03-01,2.0,-3.5,7.8,12932,0.0,0.48,2.0
2023-03-02,0.3,-2.3,4.2,12118,0.0,0.5,1.9
2023-03-03,1.0,-1.9,4.2,4508,0.0,0.52,2.0
2023-03-04,4.2,0.8,6.7,4584,0.0,0.64,3.1
2023-03-05,2.1,0.3,5.3,5589,3.1,0.61,2.5
2023-03-06,0.3,-2.2,1.8,6102,1.7,0.5,2.3
2023-03-07,1.3,-1.4,3.4,4816,1.9,0.53,4.1
2023-03-08,0.7,-2.2,3.7,7502,3.1,0.51,2.4
2023-03-09,0.8,0.0,1.4,4973,8.2,0.59,2.9
2023-03-10,3.7,0.3,9.3,5407,12.4,0.62,4.2
2023-03-11,0.7,-1.0,2.9,7727,0.0,0.55,3.3
2023-03-12,2.6,-1.8,5.7,9909,1.4,0.53,2.6
2023-03-13,11.0,5.6,16.3,6478,2.7,0.93,4.4
2023-03-14,8.6,0.5,15.1,6846,7.0,0.67,4.5
2023-03-15,2.3,-1.1,7.2,10374,0.1,0.56,2.8
2023-03-16,4.0,-2.2,10.1,15369,0.0,0.54,2.7
2023-03-17,8.5,2.9,14.4,9775,0.0,0.77,2.7
2023-03-18,12.5,6.6,19.5,11035,1.2,1.0,1.9
2023-03-19,10.7,6.7,16.4,7512,3.0,0.98,1.7
2023-03-20,9.7,7.5,12.0,5962,0.1,1.0,2.4
2023-03-21,9.5,6.3,12.6,5948,0.8,0.93,2.0
2023-03-22,12.4,7.6,17.7,11051,0.7,1.04,3.2
2023-03-23,12.1,9.2,16.8,7998,2.3,1.15,3.5
2023-03-24,12.0,7.4,16.6,7496,0.9,1.02,3.9
2023-03-25,9.4,6.9,13.7,10611,4.9,0.97,4.5
2023-03-26,8.0,4.1,11.6,7986,0.3,0.81,3.2
2023-03-27,3.2,0.0,7.9,12886,1.3,0.6,3.7
2023-03-28,3.6,-0.5,8.7,15795,0.0,0.59,2.7
2023-03-29,7.0,0.6,11.4,8891,0.0,0.65,2.5
2023-03-30,11.3,7.8,19.6,9929,7.7,1.09,3.5
2023-03-31,10.3,7.8,14.6,9929,4.1,1.03,3.2
2023-04-01,7.6,2.8,11.3,6857,2.6,0.74,4.2
2023-04-02,4.3,0.2,8.8,10773,0.0,0.61,3.5
2023-04-03,2.2,-1.7,6.3,10987,0.0,0.53,2.8
2023-04-04,2.4,-3.1,7.2,16054,0.0,0.49,1.9
2023-04-05,3.5,-1.7,9.1,12283,0.0,0.55,1.3
2023-04-06,5.3,-1.9,12.1,20144,0.0,0.56,1.9
2023-04-07,4.6,0.9,7.4,9431,3.0,0.64,2.2
2023-04-08,7.3,2.9,12.9,10296,0.0,0.76,2.0
2023-04-09,7.0,0.9,14.0,19272,0.0,0.68,1.7
2023-04-10,10.7,3.4,17.1,18299,1.7,0.82,2.8
2023-04-11,8.7,2.6,13.1,12152,3.1,0.74,3.4
2023-04-12,8.4,0.2,15.9,16088,2.1,0.67,3.0
2023-04-13,9.1,4.1,14.0,9747,0.2,0.82,2.8
2023-04-14,7.4,5.9,8.3,7897,12.4,0.89,1.9
2023-04-15,9.2,7.0,10.3,7974,6.5,0.97,2.6
2023-04-16,8.9,6.8,10.3,8050,2.0,0.95,2.2
2023-04-17,7.5,4.8,12.2,11013,2.2,0.84,2.5
2023-04-18,8.9,4.9,13.3,10637,0.0,0.86,3.2
2023-04-19,7.3,2.5,13.4,17013,8.0,0.74,3.4
2023-04-20,9.4,4.7,15.9,12210,0.0,0.86,3.0
2023-04-21,14.1,6.6,21.4,22987,0.0,1.02,3.0
2023-04-22,15.6,6.8,23.4,23352,1.6,1.06,2.5
2023-04-23,13.6,9.6,18.4,14484,1.4,1.19,2.3
2023-04-24,12.6,7.2,19.1,14458,0.4,1.03,3.6
2023-04-25,7.9,3.2,11.3,10495,0.2,0.76,3.2
2023-04-26,6.6,1.4,11.4,16673,0.0,0.68,2.5
2023-04-27,8.0,4.9,13.2,16167,0.1,0.86,1.7
2023-04-28,10.6,3.0,16.7,16259,1.8,0.8,2.2
2023-04-29,11.5,7.3,14.7,9582,0.0,1.01,2.6
2023-04-30,9.2,3.5,14.5,26254,0.0,0.79,2.1
2023-05-01,12.8,2.7,20.3,22479,0.0,0.81,1.8
2023-05-02,10.8,7.0,14.4,12951,0.0,0.99,2.6
2023-05-03,9.6,2.8,15.3,26348,0.0,0.77,1.8
2023-05-04,12.7,4.1,19.9,24985,0.0,0.88,2.1
2023-05-05,14.9,6.9,22.2,21646,15.7,1.05,2.8
2023-05-06,8.6,7.2,9.5,9418,0.0,0.98,2.2
2023-05-07,11.0,5.3,16.5,15650,0.0,0.9,2.7
2023-05-08,11.9,3.4,19.2,27726,0.0,0.84,2.5
2023-05-09,13.8,5.7,20.5,27327,0.0,0.96,2.8
2023-05-10,15.7,7.8,23.0,21454,0.0,1.12,2.3
2023-05-11,17.2,10.2,23.7,21159,0.0,1.29,1.8
2023-05-12,17.8,11.5,23.9,26476,0.0,1.38,2.3
2023-05-13,16.8,10.3,23.3,24434,0.0,1.3,2.2
2023-05-14,15.6,9.5,21.8,16371,0.0,1.22,1.7
2023-05-15,14.8,8.6,22.6,17812,1.1,1.16,2.2
2023-05-16,11.6,6.7,16.4,15989,0.0,0.98,3.3
2023-05-17,10.8,5.8,16.5,25863,0.0,0.94,2.9
2023-05-18,11.5,3.9,17.6,22152,0.0,0.85,2.1
2023-05-19,13.6,6.2,19.6,19311,0.0,0.98,2.5
2023-05-20,14.9,8.2,20.2,18104,0.0,1.11,3.1
2023-05-21,20.8,12.1,28.2,23598,0.0,1.49,2.6
2023-05-22,20.7,14.7,27.5,25430,0.1,1.71,2.1
2023-05-23,14.5,8.5,18.0,10393,3.9,1.11,3.2
2023-05-24,11.1,7.9,15.1,14241,0.0,1.04,2.3
2023-05-25,14.0,7.3,20.0,28266,0.0,1.06,2.4
2023-05-26,14.1,7.2,20.1,28956,0.0,1.04,2.5
2023-05-27,15.0,6.2,22.4,29262,0.0,1.02,2.0
2023-05-28,17.6,9.3,24.6,29185,0.0,1.24,1.9
2023-05-29,16.5,9.4,22.1,25023,0.0,1.21,2.6
2023-05-30,16.2,7.4,23.0,29022,0.0,1.09,2.4
2023-05-31,17.9,8.3,25.4,30215,0.0,1.17,2.4
2023-06-01,16.2,10.3,22.7,25654,0.0,1.28,2.7
2023-06-02,13.9,7.0,21.2,21724,0.0,1.06,2.5
2023-06-03,14.1,5.3,21.8,30203,0.0,0.96,2.3
2023-06-04,17.0,8.7,24.5,30622,0.0,1.2,1.9
2023-06-05,19.5,10.7,26.9,28604,0.0,1.38,2.0
2023-06-06,19.4,14.1,23.6,15047,0.1,1.61,1.9
2023-06-07,22.6,16.0,29.5,19685,0.0,1.87,1.7
2023-06-08,23.0,15.2,30.6,24196,0.0,1.81,1.9
2023-06-09,22.6,14.4,30.0,30119,0.0,1.74,2.3
2023-06-10,20.4,12.7,29.4,25776,1.1,1.56,2.7
2023-06-11,21.3,13.3,28.7,27977,0.0,1.61,2.7
2023-06-12,20.4,13.0,27.0,29148,0.0,1.54,2.6
2023-06-13,18.7,11.6,25.4,26338,0.0,1.41,2.8
2023-06-14,17.8,10.0,25.4,18001,0.0,1.3,2.4
2023-06-15,18.7,13.0,23.8,19166,1.8,1.51,1.8
2023-06-16,15.8,12.3,20.7,14935,9.8,1.41,1.9
2023-06-17,16.3,12.1,21.3,14812,9.8,1.4,1.6
2023-06-18,20.4,12.9,27.2,28433,0.0,1.55,1.4
2023-06-19,22.1,16.0,29.4,15846,0.1,1.86,2.0
2023-06-20,21.7,18.0,26.4,17773,6.2,2.04,1.8
2023-06-21,23.5,19.0,28.8,22653,0.0,2.19,2.1
2023-06-22,23.2,17.2,29.9,21494,35.3,2.01,2.3
2023-06-23,17.0,14.9,18.0,10831,31.7,1.63,2.9
2023-06-24,19.4,13.4,25.4,27901,0.0,1.55,1.7
2023-06-25,22.2,16.3,27.9,18650,0.0,1.88,1.4
2023-06-26,22.4,15.6,31.9,23131,3.2,1.89,2.8
2023-06-27,16.1,12.5,20.4,22734,6.8,1.42,2.8
2023-06-28,17.9,12.1,23.6,23617,0.0,1.43,2.0
2023-06-29,20.4,13.4,26.5,13729,0.7,1.57,1.5
2023-06-30,18.3,15.2,21.3,11664,0.2,1.68,1.8
2023-07-01,19.1,14.3,25.3,19847,0.5,1.65,3.0
2023-07-02,18.4,13.4,23.3,20979,1.0,1.54,3.8
2023-07-03,17.8,12.4,22.3,14941,0.0,1.45,3.4
2023-07-04,18.8,13.7,23.8,22467,0.0,1.58,2.9
2023-07-05,18.6,12.9,24.0,18860,0.0,1.5,3.7
2023-07-06,18.1,11.4,23.6,23688,0.0,1.38,2.0
2023-07-07,21.5,13.4,28.9,30552,0.0,1.63,1.5
2023-07-08,24.3,15.4,32.0,30386,0.0,1.85,1.8
2023-07-09,25.2,16.2,33.1,28305,2.4,1.97,1.6
2023-07-10,22.9,16.3,29.6,22531,0.2,1.89,2.2
2023-07-11,23.5,15.0,30.6,29622,0.0,1.8,2.0
2023-07-12,23.5,15.8,28.6,23088,0.0,1.83,3.0
2023-07-13,19.9,14.2,26.3,23426,0.0,1.64,2.5
2023-07-14,20.1,12.5,27.1,24016,0.0,1.51,1.7
2023-07-15,25.3,15.4,35.8,23461,4.4,1.94,2.5
2023-07-16,23.0,18.0,28.5,23158,0.0,2.08,3.1
2023-07-17,21.5,13.9,27.7,22601,0.1,1.64,2.8
2023-07-18,19.2,11.6,25.6,27100,0.0,1.42,1.9
2023-07-19,20.2,14.0,27.0,16686,2.9,1.65,2.1
2023-07-20,17.3,12.6,22.7,18276,0.0,1.46,2.2
2023-07-21,15.9,10.5,21.8,13690,2.8,1.28,1.8
2023-07-22,17.7,12.1,22.9,22949,0.1,1.43,2.4
2023-07-23,20.5,13.8,27.8,13718,0.1,1.65,3.1
2023-07-24,21.1,14.2,28.2,17554,17.9,1.69,2.8
2023-07-25,17.3,13.5,21.7,16744,0.0,1.53,2.4
2023-07-26,15.9,10.8,21.4,21935,2.0,1.31,2.6
2023-07-27,15.2,9.4,19.0,14129,10.4,1.18,2.4
2023-07-28,18.9,15.8,24.0,14196,7.3,1.77,2.3
2023-07-29,19.1,15.1,24.2,18239,12.6,1.71,2.4
2023-07-30,18.4,13.7,24.5,20900,1.7,1.58,2.9
2023-07-31,17.5,13.6,21.2,10175,1.7,1.53,3.1
2023-08-01,17.6,14.9,22.3,14073,3.4,1.67,3.4
2023-08-02,18.5,14.6,22.3,14501,2.3,1.63,3.2
2023-08-03,18.2,15.2,23.3,15663,3.9,1.7,4.1
2023-08-04,18.5,13.9,23.2,19887,0.1,1.57,2.0
2023-08-05,17.3,12.4,22.1,17599,0.5,1.44,1.7
2023-08-06,16.0,13.2,18.6,9337,11.6,1.48,2.8
2023-08-07,15.9,12.7,19.9,14635,0.7,1.44,4.6
2023-08-08,14.7,11.6,19.6,14680,4.0,1.35,3.8
2023-08-09,15.1,11.4,20.3,18842,0.9,1.34,2.5
2023-08-10,16.2,10.7,21.9,20562,0.0,1.31,1.6
2023-08-11,19.3,12.8,25.6,21186,0.0,1.52,1.4
2023-08-12,21.2,15.4,28.9,12680,1.7,1.81,1.8
2023-08-13,21.6,16.4,26.5,18466,0.0,1.86,1.6
2023-08-14,22.9,15.5,31.1,20634,10.7,1.85,1.5
2023-08-15,23.5,17.9,31.3,19694,0.4,2.12,1.7
2023-08-16,22.6,17.9,28.0,14849,0.2,2.04,1.6
2023-08-17,21.4,16.9,26.6,13577,9.1,1.92,2.0
2023-08-18,23.9,18.2,30.2,23603,0.0,2.11,1.8
2023-08-19,24.7,18.4,32.7,22420,0.0,2.19,1.7
2023-08-20,24.3,19.5,29.5,21827,0.0,2.27,1.5
2023-08-21,22.9,18.6,28.2,18330,0.0,2.15,1.4
2023-08-22,21.7,17.3,27.0,11271,0.0,1.97,1.5
2023-08-23,21.1,15.1,27.4,22941,0.0,1.74,1.5
2023-08-24,22.1,16.6,28.7,18786,0.1,1.92,1.6
2023-08-25,23.3,17.8,28.7,15350,1.8,2.06,2.1
2023-08-26,20.0,14.5,26.3,12398,0.5,1.67,2.2
2023-08-27,17.5,14.2,21.0,8113,0.5,1.58,1.7
2023-08-28,16.2,12.1,19.9,12541,0.1,1.4,1.9
2023-08-29,15.4,13.0,17.6,7733,4.2,1.46,1.6
2023-08-30,16.3,12.6,21.2,10443,0.9,1.45,1.8
2023-08-31,14.0,10.0,18.2,12237,3.6,1.21,2.6
2023-09-01,14.9,7.5,21.7,16768,0.0,1.09,1.9
2023-09-02,16.7,11.5,22.1,13785,0.0,1.37,1.3
2023-09-03,16.9,12.6,21.6,14653,0.0,1.45,1.7
2023-09-04,18.2,11.5,26.0,21042,0.0,1.42,1.7
2023-09-05,20.4,13.0,28.3,20990,0.0,1.58,1.9
2023-09-06,21.0,13.0,29.6,20720,0.0,1.61,1.7
2023-09-07,21.1,13.7,29.8,20450,0.0,1.67,2.1
2023-09-08,20.9,12.7,29.8,20074,0.0,1.59,1.6
2023-09-09,22.2,13.6,31.1,19699,0.0,1.67,1.2
2023-09-10,22.3,14.2,30.4,19430,0.0,1.73,1.1
2023-09-11,22.9,14.6,31.1,19058,0.0,1.76,1.3
2023-09-12,22.1,17.1,29.2,16829,6.2,1.98,1.5
2023-09-13,18.0,13.2,23.2,9299,0.3,1.53,2.3
2023-09-14,14.6,9.4,20.6,15812,0.0,1.19,1.4
2023-09-15,15.9,9.0,23.6,18391,0.0,1.2,1.8
2023-09-16,18.0,10.6,26.2,17921,0.0,1.36,1.5
2023-09-17,20.0,12.8,28.3,16956,0.0,1.57,1.6
2023-09-18,19.3,14.2,25.6,9976,0.3,1.64,2.7
2023-09-19,17.3,14.2,20.8,14178,0.0,1.59,3.8
2023-09-20,18.2,12.9,25.3,13352,0.0,1.53,2.8
2023-09-21,20.4,12.8,28.9,15045,2.2,1.56,2.2
2023-09-22,15.9,12.4,19.2,5987,0.4,1.41,2.5
2023-09-23,13.8,9.9,18.8,10556,0.0,1.22,2.5
2023-09-24,14.0,9.1,20.8,12317,0.0,1.17,1.7
2023-09-25,14.4,7.3,22.6,15353,0.0,1.07,1.8
2023-09-26,17.0,10.4,24.6,14077,0.0,1.31,1.2
2023-09-27,19.2,12.4,27.2,14380,0.0,1.51,1.4
2023-09-28,19.6,13.2,27.4,14311,0.0,1.58,1.6
2023-09-29,18.9,13.5,22.9,7754,0.0,1.54,2.3
2023-09-30,14.6,10.6,19.8,10865,0.0,1.27,2.0
2023-10-01,16.3,12.2,21.2,7107,0.0,1.42,1.8
2023-10-02,19.9,13.6,26.6,12528,0.0,1.59,1.7
2023-10-03,17.7,11.7,24.4,6131,7.2,1.42,3.6
2023-10-04,13.7,10.7,17.7,7846,0.0,1.26,3.0
2023-10-05,12.8,10.5,17.1,5612,1.9,1.24,2.6
2023-10-06,14.8,11.4,18.5,6032,1.0,1.32,3.0
2023-10-07,15.9,10.7,18.6,4608,9.6,1.27,3.4
2023-10-08,12.0,9.3,15.8,10972,4.0,1.14,1.8
2023-10-09,10.3,8.4,11.6,4458,2.9,1.06,1.9
2023-10-10,14.4,10.5,17.0,4707,0.1,1.23,1.8
2023-10-11,17.8,13.0,23.0,9750,3.7,1.51,3.2
2023-10-12,14.8,11.5,20.0,4316,2.8,1.35,2.3
2023-10-13,17.5,12.6,21.7,5495,2.2,1.46,3.3
2023-10-14,14.0,7.5,20.6,8353,1.2,1.07,4.0
2023-10-15,8.1,5.1,11.6,8925,0.0,0.86,3.2
2023-10-16,7.2,3.8,11.5,7815,0.0,0.79,1.9
2023-10-17,7.5,4.3,11.5,3957,0.0,0.82,1.5
2023-10-18,6.9,1.4,12.5,10555,0.6,0.69,2.3
2023-10-19,6.7,5.1,7.6,3746,4.2,0.85,2.9
2023-10-20,6.2,4.7,7.3,3679,5.3,0.83,4.0
2023-10-21,11.6,6.6,18.2,6691,1.5,1.0,2.7
2023-10-22,12.7,9.5,16.7,7156,0.0,1.17,2.4
2023-10-23,10.9,8.0,16.0,5581,0.4,1.06,1.6
2023-10-24,11.4,8.7,13.4,3420,12.4,1.09,2.0
2023-10-25,11.0,8.1,14.9,7387,8.7,1.05,2.3
2023-10-26,10.0,9.0,11.1,3296,1.1,1.11,2.3
2023-10-27,9.7,8.6,10.5,3235,6.2,1.07,2.3
2023-10-28,10.6,7.9,13.3,3505,6.9,1.04,2.6
2023-10-29,11.6,8.0,14.8,3182,3.6,1.05,3.3
2023-10-30,12.5,10.5,15.5,3767,2.4,1.23,2.5
2023-10-31,11.0,6.9,13.2,3384,1.6,0.97,3.2
2023-11-01,10.3,6.6,15.0,5271,0.0,0.96,2.7
2023-11-02,10.8,7.1,13.5,3389,1.7,0.98,3.7
2023-11-03,9.7,7.6,11.6,3820,0.0,1.01,3.1
2023-11-04,8.3,5.2,11.9,6299,1.9,0.87,3.6
2023-11-05,10.1,7.7,13.1,3095,3.9,1.02,4.0
2023-11-06,10.7,8.2,13.1,4223,0.0,1.05,4.1
2023-11-07,9.1,6.5,13.4,4856,0.0,0.95,3.4
2023-11-08,8.3,5.9,11.5,3396,0.3,0.9,3.5
2023-11-09,9.5,6.1,11.9,2542,0.1,0.92,3.3
2023-11-10,8.3,4.7,11.1,2890,0.0,0.84,3.1
2023-11-11,5.7,2.6,8.7,2507,1.4,0.72,2.6
2023-11-12,6.3,4.6,8.2,2407,1.3,0.82,1.8
2023-11-13,6.8,3.7,9.7,4921,6.3,0.78,3.1
2023-11-14,10.5,7.7,13.2,2808,2.1,1.03,4.7
2023-11-15,7.7,4.8,10.1,3400,2.6,0.84,3.4
2023-11-16,5.9,0.7,9.3,3085,0.7,0.63,2.7
2023-11-17,4.0,0.6,5.5,2206,0.2,0.62,2.4
2023-11-18,4.1,2.7,6.2,2272,7.8,0.72,2.2
2023-11-19,7.9,3.6,11.5,2846,15.5,0.78,3.8
2023-11-20,9.5,8.2,11.1,2099,20.9,1.05,2.9
2023-11-21,4.0,-1.2,8.7,2066,0.3,0.56,2.2
2023-11-22,-0.7,-3.5,2.2,4792,0.0,0.46,2.3
2023-11-23,7.2,0.5,11.4,2003,3.6,0.64,4.9
2023-11-24,4.3,0.3,7.6,3276,2.5,0.62,4.9
2023-11-25,0.9,-0.1,2.9,2374,1.4,0.58,3.4
2023-11-26,0.1,-1.7,2.0,3952,0.0,0.52,2.2
2023-11-27,0.3,-0.9,1.7,1890,5.7,0.55,2.6
2023-11-28,-1.6,-3.8,-0.2,2887,0.5,0.45,2.9
2023-11-29,-1.3,-4.5,0.8,1840,1.9,0.42,2.8
2023-11-30,-2.3,-4.8,1.6,2777,0.0,0.42,1.3
2023-12-01,-4.6,-6.5,-2.0,1840,0.0,0.36,1.6
2023-12-02,-4.1,-6.8,-1.6,1774,0.2,0.35,2.1
2023-12-03,-2.5,-5.3,-1.0,1754,0.0,0.4,2.1
2023-12-04,-2.8,-6.2,-0.6,1736,0.0,0.37,2.6
2023-12-05,-1.0,-3.0,0.3,1718,2.3,0.47,3.1
2023-12-06,0.7,0.0,1.2,1702,1.3,0.59,2.2
2023-12-07,1.0,0.3,1.7,1686,0.0,0.6,1.6
2023-12-08,0.8,0.1,1.2,1672,0.8,0.59,2.4
2023-12-09,2.7,0.7,5.3,1788,4.3,0.62,2.9
2023-12-10,5.4,2.5,7.3,1690,7.9,0.71,4.0
2023-12-11,7.7,5.5,9.4,1679,13.8,0.87,3.6
2023-12-12,5.7,2.8,8.0,2519,6.9,0.73,2.0
2023-12-13,4.9,3.4,5.9,1618,5.0,0.75,2.4
2023-12-14,3.2,2.0,4.3,1610,0.1,0.68,2.0
2023-12-15,3.3,-0.2,6.1,1604,0.4,0.59,2.2
2023-12-16,7.3,5.7,8.6,2355,0.0,0.88,2.9
2023-12-17,7.5,4.4,9.7,2559,0.0,0.82,3.1
2023-12-18,5.9,3.4,7.9,1633,0.0,0.76,3.0
2023-12-19,6.2,4.7,7.1,1589,7.8,0.82,3.3
2023-12-20,5.2,3.6,6.6,1588,8.0,0.76,4.2
2023-12-21,6.8,3.8,9.5,1589,11.6,0.79,6.3
2023-12-22,3.3,0.4,4.7,3055,3.6,0.61,6.3
2023-12-23,1.9,0.4,2.6,1592,11.1,0.61,5.0
2023-12-24,7.3,0.4,12.4,1596,11.1,0.64,5.5
2023-12-25,9.8,8.4,11.2,1852,9.1,1.06,5.0
2023-12-26,8.3,4.3,10.4,2912,2.2,0.82,4.6
2023-12-27,3.5,0.9,5.3,3472,0.0,0.63,2.4
2023-12-28,8.0,4.1,10.3,2808,0.0,0.8,4.2
2023-12-29,9.2,7.0,11.6,2310,1.6,0.97,4.8
2023-12-30,6.4,4.3,8.5,1682,0.0,0.81,3.4
2023-12-31,6.3,3.7,8.7,1651,0.1,0.77,3.1
2024-01-01,6.1,3.9,8.3,1706,0.8,0.78,3.7
2024-01-02,4.9,2.5,8.3,1676,11.9,0.71,4.1
2024-01-03,9.0,7.4,11.4,1822,0.7,1.0,5.3
2024-01-04,3.8,-1.1,8.6,1707,1.1,0.56,4.0
2024-01-05,0.4,-0.3,1.2,1723,3.9,0.58,2.9
2024-01-06,-0.1,-1.6,1.1,1741,0.4,0.52,2.6
2024-01-07,-2.1,-7.3,-0.5,1760,0.0,0.35,3.5
2024-01-08,-7.2,-9.8,-3.9,4987,0.0,0.28,3.5
2024-01-09,-8.4,-11.3,-4.1,5079,0.0,0.26,2.3
2024-01-10,-6.8,-10.3,-1.4,5129,0.0,0.28,1.6
2024-01-11,-4.3,-9.4,-0.1,1848,0.2,0.3,1.7
2024-01-12,-0.3,-1.2,1.0,1873,0.4,0.54,2.0
2024-01-13,1.7,0.7,2.8,1898,2.9,0.62,3.4
2024-01-14,2.1,1.0,3.4,2163,0.3,0.63,3.6
2024-01-15,1.0,-0.9,2.5,1954,4.1,0.55,4.3
2024-01-16,-1.0,-3.8,0.6,1983,0.1,0.45,2.6
2024-01-17,-2.6,-5.4,-0.3,2945,1.7,0.4,2.4
2024-01-18,-2.6,-5.3,-0.6,3085,0.0,0.4,2.3
2024-01-19,-1.4,-5.4,2.0,5381,0.0,0.4,3.1
2024-01-20,-0.1,-4.1,2.8,4641,0.0,0.44,3.1
2024-01-21,-0.4,-4.9,3.3,2914,0.0,0.42,3.4
2024-01-22,6.2,2.4,9.9,2183,1.3,0.72,5.0
2024-01-23,5.5,3.1,8.5,2639,4.3,0.74,4.6
2024-01-24,8.6,4.4,11.0,3053,2.3,0.82,6.6
2024-01-25,6.7,1.6,9.1,2941,0.0,0.67,3.7
2024-01-26,5.0,0.8,9.4,2340,3.1,0.64,3.9
2024-01-27,4.3,1.1,7.2,3970,0.0,0.65,2.7
2024-01-28,2.5,-1.5,7.9,6803,0.0,0.55,2.0
2024-01-29,4.5,-0.5,9.8,6115,0.0,0.59,2.0
2024-01-30,5.3,1.8,8.7,3480,0.0,0.68,2.2
2024-01-31,5.5,3.7,8.7,2561,1.4,0.77,2.9
2024-02-01,5.9,3.8,8.8,5633,0.0,0.78,3.7
2024-02-02,6.2,3.3,8.5,2658,0.0,0.75,3.9
2024-02-03,9.3,6.5,11.1,2708,5.3,0.94,4.4
2024-02-04,7.1,4.7,8.5,2819,11.8,0.82,4.8
2024-02-05,9.7,7.8,10.3,2811,1.2,1.02,5.5
2024-02-06,10.1,8.3,11.6,2864,10.1,1.06,5.7
2024-02-07,3.8,-0.5,8.7,3106,0.2,0.59,4.1
2024-02-08,1.4,-1.0,4.5,3227,7.0,0.55,2.3
2024-02-09,4.3,0.3,9.7,3030,8.0,0.62,3.0
2024-02-10,10.0,8.5,13.9,4646,0.3,1.08,2.1
2024-02-11,8.0,6.2,9.2,3146,10.6,0.92,2.9
2024-02-12,7.1,3.6,10.1,3804,0.5,0.77,2.5
2024-02-13,4.9,1.3,9.7,6296,0.0,0.67,2.6
2024-02-14,6.3,1.8,9.7,3328,3.6,0.68,2.7
2024-02-15,11.2,8.7,13.6,3390,0.0,1.09,2.1
2024-02-16,11.9,8.3,16.6,4431,3.0,1.09,2.6
2024-02-17,8.7,5.4,11.3,4578,0.0,0.87,2.4
2024-02-18,6.9,1.9,11.0,5013,4.0,0.69,2.5
2024-02-19,7.7,5.8,8.8,3650,3.2,0.89,3.7
2024-02-20,7.7,6.5,9.3,3936,1.2,0.93,3.2
2024-02-21,8.3,6.3,12.1,4525,0.0,0.93,3.2
2024-02-22,9.7,7.6,11.9,4153,4.9,1.01,4.1
2024-02-23,7.6,2.8,11.3,6119,0.0,0.74,4.1
2024-02-24,5.5,0.3,11.5,8282,0.0,0.63,2.5
2024-02-25,5.8,0.6,12.8,8634,0.0,0.66,2.3
2024-02-26,6.4,0.7,12.5,8679,0.0,0.66,2.1
2024-02-27,4.3,2.1,5.9,4210,0.0,0.69,2.1
2024-02-28,2.9,-1.1,5.8,6924,0.0,0.55,1.7
2024-02-29,4.3,-2.3,11.4,11800,0.0,0.54,2.4
2024-03-01,7.3,3.7,10.4,5414,0.4,0.78,2.1
2024-03-02,8.7,6.0,13.8,6408,0.0,0.92,2.2
2024-03-03,9.4,5.7,14.7,8174,0.0,0.91,2.3
2024-03-04,8.9,4.8,13.6,10228,0.0,0.86,2.0
2024-03-05,5.2,-0.4,8.9,9851,0.0,0.59,2.3
2024-03-06,4.1,-1.1,9.2,10324,0.0,0.57,1.9
2024-03-07,4.9,-0.6,9.3,13587,0.0,0.59,2.6
2024-03-08,3.3,-2.6,9.6,14278,0.0,0.52,3.2
2024-03-09,4.6,-1.2,10.5,9484,0.0,0.58,3.0
2024-03-10,7.7,1.4,12.2,10053,0.0,0.68,3.4
2024-03-11,10.3,6.9,13.9,5845,0.0,0.98,2.8
2024-03-12,9.6,5.0,15.2,10033,0.0,0.88,2.0
2024-03-13,9.5,4.1,14.5,13285,0.4,0.83,2.0
2024-03-14,11.1,7.8,15.2,6384,0.0,1.04,2.1
2024-03-15,12.3,7.0,19.1,10593,0.0,1.03,2.9
2024-03-16,8.7,2.4,14.4,7697,2.4,0.75,3.5
2024-03-17,4.4,-0.5,9.2,13131,0.0,0.59,1.8
2024-03-18,2.4,-2.9,8.5,16543,0.0,0.5,2.0
2024-03-19,4.2,-3.2,10.9,15455,0.0,0.51,1.7
2024-03-20,10.8,2.7,18.3,12784,0.5,0.8,1.3
2024-03-21,10.3,5.6,14.7,7507,9.6,0.9,2.4
2024-03-22,9.3,5.7,13.3,6213,7.5,0.9,2.6
2024-03-23,5.5,1.6,9.4,9096,8.2,0.68,3.3
2024-03-24,4.8,0.8,8.4,9604,6.2,0.64,4.2
2024-03-25,6.2,2.1,10.4,7986,0.2,0.7,2.6
2024-03-26,7.0,-0.2,14.4,14624,0.0,0.64,2.6
2024-03-27,11.7,4.0,18.7,14559,0.1,0.86,2.4
2024-03-28,9.9,6.8,15.5,10032,0.5,0.98,3.4
2024-03-29,10.3,4.7,15.8,7841,0.7,0.86,2.8
2024-03-30,15.1,7.2,24.0,11926,0.0,1.1,2.1
2024-03-31,14.0,9.1,19.1,12995,0.0,1.16,1.9
2024-04-01,12.3,8.3,20.4,9176,0.2,1.12,2.9
2024-04-02,10.8,7.1,15.3,12380,1.0,1.0,4.3
2024-04-03,10.2,7.8,12.6,7426,3.2,1.03,2.7
2024-04-04,11.2,7.6,14.8,11741,3.7,1.02,3.6
2024-04-05,14.0,8.6,18.5,11849,1.6,1.12,3.2
2024-04-06,17.4,10.9,24.3,16567,0.0,1.35,2.4
2024-04-07,19.2,13.2,24.3,13829,0.0,1.53,2.4
2024-04-08,20.0,14.2,27.4,13833,0.0,1.66,1.8
2024-04-09,17.9,10.5,27.0,13500,0.3,1.35,3.3
2024-04-10,11.4,6.6,14.9,10244,0.0,0.96,2.6
2024-04-11,12.2,4.7,17.8,14283,0.0,0.88,2.3
2024-04-12,15.8,12.1,21.2,10994,0.0,1.39,2.3
2024-04-13,17.4,11.2,23.1,19629,0.0,1.35,2.5
2024-04-14,14.6,8.6,17.1,15184,0.0,1.1,3.2
2024-04-15,10.1,5.2,15.1,10925,2.5,0.88,3.2
2024-04-16,6.8,2.6,11.2,10551,0.7,0.73,4.0
2024-04-17,6.6,2.2,12.4,14813,0.9,0.72,2.1
2024-04-18,6.7,-0.1,12.5,18295,0.0,0.63,2.2
2024-04-19,6.1,4.2,9.3,9519,8.3,0.8,4.0
2024-04-20,6.3,2.3,10.5,14295,0.0,0.72,2.8
2024-04-21,4.7,-0.8,10.3,16867,0.0,0.59,2.5
2024-04-22,2.7,-2.4,7.3,15431,1.0,0.51,2.0
2024-04-23,4.9,-1.8,11.6,19330,0.0,0.56,2.0
2024-04-24,6.4,2.5,10.4,9184,0.0,0.73,2.5
2024-04-25,5.1,1.0,10.1,12605,2.9,0.65,2.3
2024-04-26,9.5,2.7,15.6,18809,0.0,0.77,2.1
2024-04-27,14.0,4.8,21.7,23245,0.0,0.93,2.1
2024-04-28,17.1,8.6,24.8,21061,0.0,1.19,2.7
2024-04-29,16.3,11.7,21.8,17649,0.0,1.38,1.8
2024-04-30,19.6,10.4,28.5,25275,0.0,1.37,2.1
2024-05-01,20.3,12.5,27.8,24776,0.0,1.53,3.0
2024-05-02,20.1,12.8,27.0,21459,0.0,1.54,3.3
2024-05-03,17.9,11.6,22.9,18489,2.9,1.39,2.8
2024-05-04,15.8,10.7,21.4,22383,0.0,1.3,1.6
2024-05-05,15.6,9.2,21.6,16316,0.1,1.2,2.6
2024-05-06,13.8,7.2,19.9,25158,0.0,1.05,1.9
2024-05-07,11.4,7.9,16.0,11020,0.0,1.05,2.1
2024-05-08,13.0,6.2,20.1,23854,0.0,0.99,1.8
2024-05-09,14.2,6.4,20.9,26053,0.0,1.01,1.5
2024-05-10,17.2,10.4,23.2,20039,0.0,1.29,1.6
2024-05-11,15.4,10.1,20.4,17242,0.0,1.24,1.8
2024-05-12,15.6,8.5,22.6,28435,0.0,1.16,2.4
2024-05-13,17.4,8.5,25.4,28770,0.0,1.2,2.4
2024-05-14,18.7,10.3,26.5,28601,0.0,1.34,3.1
2024-05-15,20.2,11.7,27.1,28680,0.0,1.44,3.1
2024-05-16,20.1,12.8,27.3,21206,0.0,1.53,3.3
2024-05-17,19.6,12.9,26.5,24672,0.0,1.53,3.4
2024-05-18,16.2,11.6,19.8,14389,0.0,1.34,2.1
2024-05-19,15.9,11.7,21.1,16460,2.6,1.38,1.8
2024-05-20,16.4,11.9,21.9,20055,9.4,1.39,1.6
2024-05-21,20.6,12.1,27.3,23656,0.1,1.49,2.9
2024-05-22,19.6,14.5,25.2,13564,4.5,1.65,2.7
2024-05-23,18.6,14.3,24.0,23130,0.0,1.64,1.9
2024-05-24,18.9,13.5,25.7,22800,25.8,1.58,1.7
2024-05-25,18.5,14.0,25.1,17759,8.4,1.6,1.6
2024-05-26,19.5,12.6,25.7,26461,0.5,1.5,1.7
2024-05-27,20.1,15.9,25.1,17841,0.8,1.8,1.8
2024-05-28,16.1,11.1,19.9,15072,4.4,1.31,2.2
2024-05-29,16.7,10.0,22.6,17022,0.1,1.25,2.4
2024-05-30,16.0,12.7,19.0,13479,3.6,1.43,1.8
2024-05-31,17.7,13.2,22.5,18367,0.0,1.51,2.2
2024-06-01,20.8,14.3,27.8,21980,6.8,1.69,2.6
2024-06-02,19.1,14.6,24.9,20860,0.0,1.66,2.9
2024-06-03,14.3,11.2,16.8,10902,0.0,1.3,2.3
2024-06-04,16.4,12.3,21.2,15152,0.0,1.42,1.6
2024-06-05,16.3,11.9,20.9,12740,5.9,1.39,2.5
2024-06-06,15.6,9.9,22.0,24173,0.7,1.24,1.9
2024-06-07,16.0,10.1,21.4,25350,0.0,1.25,1.8
2024-06-08,19.1,10.1,26.7,26783,0.0,1.33,2.4
2024-06-09,16.1,9.9,21.9,29370,0.0,1.25,2.5
2024-06-10,14.6,9.3,19.3,18349,2.0,1.18,2.4
2024-06-11,13.2,8.6,18.4,17079,0.0,1.12,3.1
2024-06-12,13.0,7.9,18.4,22870,0.3,1.07,2.3
2024-06-13,14.2,8.2,20.1,24166,0.0,1.1,1.8
2024-06-14,14.4,9.7,20.8,11588,2.3,1.23,2.4
2024-06-15,16.7,11.1,23.0,17504,3.2,1.34,3.2
2024-06-16,19.0,11.5,25.0,24832,0.7,1.4,2.4
2024-06-17,19.0,14.3,24.6,20083,1.2,1.63,1.9
2024-06-18,19.8,14.1,27.7,20342,11.0,1.65,1.6
2024-06-19,16.0,11.3,18.3,14177,1.9,1.31,2.2
2024-06-20,17.5,9.9,23.9,26249,0.0,1.28,1.7
2024-06-21,20.2,15.1,26.7,16357,7.9,1.75,2.1
2024-06-22,19.0,14.3,23.0,16866,18.1,1.62,2.9
2024-06-23,18.8,14.4,23.5,19556,0.0,1.63,1.9
2024-06-24,19.6,13.1,25.6,26479,0.0,1.53,1.7
2024-06-25,21.5,14.0,27.9,30318,0.0,1.66,2.2
2024-06-26,24.7,16.3,31.5,30560,0.0,1.94,1.9
2024-06-27,24.0,19.3,30.1,19000,0.8,2.24,1.8
2024-06-28,22.8,16.2,28.6,25652,0.7,1.87,2.5
2024-06-29,23.3,14.2,30.6,27555,3.1,1.71,1.8
2024-06-30,21.4,16.2,27.4,12930,2.8,1.87,2.8
2024-07-01,17.0,13.0,19.7,14065,8.3,1.46,2.3
2024-07-02,15.1,12.4,18.4,12766,1.6,1.4,2.7
2024-07-03,15.1,11.6,18.9,14152,0.0,1.35,2.2
2024-07-04,15.4,10.5,19.5,16687,2.2,1.26,3.2
2024-07-05,16.6,8.8,23.2,21644,0.0,1.19,2.8
2024-07-06,21.9,14.0,31.8,23784,1.4,1.73,3.2
2024-07-07,19.0,13.2,24.1,27451,0.0,1.54,2.4
2024-07-08,21.1,13.2,27.2,22185,0.0,1.56,1.6
2024-07-09,25.1,16.7,32.3,28264,0.0,1.99,2.0
2024-07-10,23.3,18.6,30.3,20073,16.3,2.16,1.9
2024-07-11,22.0,18.2,27.0,21689,0.7,2.06,1.6
2024-07-12,20.2,17.1,23.8,11099,14.6,1.91,2.3
2024-07-13,17.7,13.1,22.6,19064,0.1,1.51,2.5
2024-07-14,19.0,13.7,24.6,19402,1.0,1.58,1.9
2024-07-15,22.6,14.9,29.6,28100,0.0,1.75,1.8
2024-07-16,21.5,16.0,28.4,16272,2.7,1.85,2.6
2024-07-17,19.3,13.3,24.4,20020,0.0,1.54,2.4
2024-07-18,20.4,13.7,26.8,28302,0.0,1.6,1.4
2024-07-19,22.9,15.8,29.9,26221,0.0,1.86,1.4
2024-07-20,23.9,17.4,30.9,23135,0.0,2.03,1.6
2024-07-21,23.9,17.6,33.5,23200,2.2,2.12,1.8
2024-07-22,20.0,14.2,23.3,14095,0.1,1.61,2.5
2024-07-23,19.4,13.4,28.1,17303,9.8,1.6,2.2
2024-07-24,19.0,13.7,23.7,20125,0.3,1.57,2.5
2024-07-25,17.7,10.6,24.0,27184,0.0,1.32,1.4
2024-07-26,19.8,13.3,24.6,14379,2.0,1.55,1.8
2024-07-27,19.9,16.7,23.8,10709,37.9,1.87,1.3
2024-07-28,18.2,13.5,22.7,20104,3.0,1.55,2.5
2024-07-29,18.3,11.5,24.6,28468,0.0,1.4,1.7
2024-07-30,21.0,12.8,28.6,27757,0.0,1.56,1.4
2024-07-31,23.6,16.7,30.3,22228,0.0,1.96,1.5
2024-08-01,22.9,16.1,28.8,26090,0.0,1.88,1.7
2024-08-02,19.4,17.1,22.2,9636,0.0,1.9,1.8
2024-08-03,20.4,13.5,25.7,24182,5.0,1.58,1.5
2024-08-04,19.4,15.2,25.4,16987,7.8,1.74,2.3
2024-08-05,18.2,12.5,23.8,22159,0.0,1.47,1.5
2024-08-06,20.3,13.2,26.5,25962,0.0,1.57,1.5
2024-08-07,22.1,14.2,29.9,22576,3.2,1.69,1.8
2024-08-08,20.0,15.3,24.8,17631,0.0,1.73,1.8
2024-08-09,19.7,14.4,24.7,14040,0.6,1.64,2.7
2024-08-10,20.7,13.4,26.9,23836,0.0,1.58,2.3
2024-08-11,21.1,15.3,26.3,23965,0.0,1.75,1.8
2024-08-12,21.3,14.0,28.7,25766,0.0,1.66,1.6
2024-08-13,22.8,14.1,31.3,24690,0.0,1.73,2.1
2024-08-14,24.2,16.7,33.6,22310,1.1,2.02,1.8
2024-08-15,23.3,18.4,28.7,19351,0.0,2.12,1.7
2024-08-16,23.7,17.3,30.6,20778,0.0,2.04,1.9
2024-08-17,23.2,18.5,29.1,15253,0.0,2.12,1.5
2024-08-18,20.0,16.5,23.6,9064,0.4,1.84,1.7
2024-08-19,18.6,13.9,23.7,18910,0.0,1.58,1.7
2024-08-20,20.7,12.4,28.0,22515,0.0,1.51,1.8
2024-08-21,19.5,11.9,23.4,15322,0.0,1.41,3.2
2024-08-22,18.5,12.1,25.1,14066,0.0,1.45,2.3
2024-08-23,23.1,15.3,30.6,19589,0.0,1.81,3.2
2024-08-24,25.4,16.9,33.0,23119,0.1,2.02,2.6
2024-08-25,20.5,14.1,25.9,12967,0.0,1.63,2.8
2024-08-26,19.2,11.7,26.2,17168,0.0,1.43,1.6
2024-08-27,19.4,11.6,27.4,22454,0.0,1.45,1.7
2024-08-28,22.4,13.6,31.1,21856,0.0,1.67,1.8
2024-08-29,26.8,18.4,35.1,20814,0.0,2.25,1.6
2024-08-30,22.6,15.5,29.2,17784,0.0,1.83,1.9
