Date,TempMean,TempMin,TempMax,Radiation,Precipitation,VapPressure,Windspeed
2000-01-01,0.7,-4.2,1.7,1808,1.3,0.44,2.1
2000-01-02,3.2,1.0,4.1,1822,0.0,0.63,2.3
2000-01-03,4.8,2.8,5.7,1837,0.4,0.72,3.2
2000-01-04,4.5,3.9,5.7,1853,3.3,0.78,3.3
2000-01-05,2.3,-0.2,6.8,3582,0.1,0.59,3.1
2000-01-06,2.1,-1.9,6.0,5069,1.0,0.53,2.7
2000-01-07,3.8,1.2,6.6,1910,0.0,0.65,2.3
2000-01-08,3.9,1.4,6.9,2647,0.1,0.66,2.9
2000-01-09,4.1,2.9,4.9,1953,0.8,0.72,1.7
2000-01-10,0.4,-0.3,3.7,2022,0.0,0.58,1.7
2000-01-11,-0.8,-2.7,3.1,4065,0.0,0.49,2.2
2000-01-12,-1.1,-3.6,2.5,5312,0.0,0.46,2.7
2000-01-13,-4.5,-7.3,0.6,5228,0.0,0.35,2.6
2000-01-14,-0.9,-8.0,-0.1,2082,0.0,0.33,1.5
2000-01-15,-0.9,-1.6,0.1,2112,0.2,0.52,1.6
2000-01-16,0.6,-4.8,2.4,2142,1.9,0.42,2.5
2000-01-17,6.2,2.3,7.5,2174,4.1,0.7,5.4
2000-01-18,3.1,0.5,7.2,3480,2.0,0.62,5.4
2000-01-19,-0.2,-1.2,2.3,4220,0.1,0.54,2.8
2000-01-20,1.9,-3.4,3.4,2277,9.5,0.46,4.1
2000-01-21,-3.2,-5.7,3.7,4334,2.7,0.4,4.2
2000-01-22,-3.3,-6.3,-1.4,2351,4.6,0.37,2.6
2000-01-23,-10.1,-14.2,-3.6,6004,0.0,0.21,2.1
2000-01-24,-7.0,-14.4,-3.4,2483,0.4,0.21,1.4
2000-01-25,-6.7,-15.7,-3.7,3052,0.0,0.19,1.9
2000-01-26,-0.2,-6.7,1.3,2514,1.1,0.36,2.8
2000-01-27,1.7,1.1,2.6,2558,0.0,0.64,3.4
2000-01-28,1.7,0.4,2.4,2767,0.0,0.6,4.2
2000-01-29,5.3,1.6,6.7,2649,8.8,0.67,6.5
2000-01-30,4.2,2.3,7.3,4765,3.9,0.7,5.8
2000-01-31,7.9,3.3,10.9,4555,2.3,0.76,5.9
2000-02-01,8.1,4.8,9.6,2795,0.2,0.83,3.6
2000-02-02,6.1,5.0,7.7,2846,3.4,0.84,3.8
2000-02-03,3.3,1.4,6.6,4304,0.0,0.66,3.9
2000-02-04,5.4,-1.9,7.4,3662,2.2,0.53,3.9
2000-02-05,7.9,4.1,9.1,3005,0.0,0.8,3.5
2000-02-06,9.3,6.0,15.5,6279,0.0,0.93,2.7
2000-02-07,7.5,4.4,11.5,3178,0.6,0.82,4.3
2000-02-08,9.3,5.4,10.4,3734,5.4,0.87,5.5
2000-02-09,5.1,2.7,10.4,3547,5.0,0.73,5.9
2000-02-10,6.5,4.4,8.1,4948,3.4,0.8,4.0
2000-02-11,3.0,0.8,7.9,3611,0.0,0.63,2.7
2000-02-12,2.5,-2.1,7.1,8958,0.2,0.52,3.4
2000-02-13,2.3,0.2,5.4,4600,10.3,0.6,3.9
2000-02-14,1.6,-0.4,4.9,5211,3.4,0.58,2.9
2000-02-15,4.5,-0.4,8.5,3606,2.0,0.59,3.2
2000-02-16,2.5,-0.4,6.8,4561,0.1,0.59,3.9
2000-02-17,0.7,-1.7,2.9,5675,0.0,0.52,2.9
2000-02-18,1.9,-1.2,5.6,6395,1.1,0.55,3.0
2000-02-19,2.2,0.8,4.9,3875,2.5,0.63,2.6
2000-02-20,0.7,-0.3,3.9,5162,0.4,0.58,2.5
2000-02-21,-0.8,-2.9,3.2,5535,0.0,0.48,1.4
2000-02-22,0.1,-3.9,2.4,4746,1.3,0.45,1.7
2000-02-23,1.3,-0.1,4.5,4159,0.0,0.59,1.5
2000-02-24,4.5,-1.9,7.3,5504,6.3,0.53,3.2
2000-02-25,2.6,0.3,6.0,4381,2.1,0.61,3.4
2000-02-26,4.5,1.5,6.6,5298,0.0,0.66,2.1
2000-02-27,4.7,-1.5,11.0,12108,0.0,0.57,2.7
2000-02-28,11.1,4.0,15.3,11328,1.2,0.83,4.4
2000-02-29,7.2,3.5,12.8,5872,3.0,0.78,4.0
2000-03-01,5.0,3.0,8.4,5962,2.6,0.73,4.1
2000-03-02,3.5,2.6,6.3,7666,5.4,0.71,4.3
2000-03-03,5.7,2.0,9.8,4843,1.3,0.7,6.1
2000-03-04,0.9,-0.2,4.9,7636,1.0,0.59,4.6
2000-03-05,1.1,-0.6,3.6,7162,1.2,0.56,3.7
2000-03-06,6.2,0.1,9.5,5754,0.0,0.61,3.9
2000-03-07,8.3,5.6,11.7,5587,3.9,0.89,4.8
2000-03-08,10.1,7.9,11.0,5245,3.8,1.02,5.4
2000-03-09,7.8,4.4,12.4,5672,11.1,0.83,5.8
2000-03-10,2.6,-0.5,6.5,12206,3.2,0.58,3.0
2000-03-11,6.8,1.6,11.0,6723,4.3,0.69,4.8
2000-03-12,2.7,1.7,6.5,5575,0.0,0.67,1.7
2000-03-13,6.2,1.4,9.6,8613,0.5,0.67,2.0
2000-03-14,6.6,5.3,9.6,5742,8.9,0.87,3.9
2000-03-15,2.2,1.0,5.9,9835,2.7,0.63,4.8
2000-03-16,1.7,0.1,4.8,7013,3.4,0.6,3.9
2000-03-17,0.5,-1.5,6.0,9516,0.1,0.54,3.4
2000-03-18,2.5,-2.6,7.1,13834,0.0,0.51,2.0
2000-03-19,3.3,-1.0,8.9,8802,0.0,0.57,2.3
2000-03-20,4.1,-4.5,8.2,6915,1.0,0.46,2.1
2000-03-21,5.7,3.9,8.8,6335,0.0,0.79,1.6
2000-03-22,6.3,-1.4,15.7,16449,0.0,0.61,1.6
2000-03-23,6.9,-0.1,13.6,13598,0.0,0.64,1.5
2000-03-24,7.3,1.2,11.6,9430,0.0,0.67,2.7
2000-03-25,8.5,5.3,12.0,6677,0.1,0.87,2.1
2000-03-26,8.7,4.4,17.3,13415,9.4,0.87,2.0
2000-03-27,4.5,4.0,7.9,6847,2.2,0.79,1.9
2000-03-28,4.6,3.7,5.4,6932,10.6,0.76,3.0
2000-03-29,6.9,4.5,8.7,7017,0.3,0.82,3.8
2000-03-30,6.2,4.9,7.6,7102,0.6,0.83,3.7
2000-03-31,3.7,1.9,6.2,7186,3.0,0.68,1.9
2000-04-01,7.4,1.8,10.3,7477,0.0,0.69,1.5
2000-04-02,8.3,4.2,13.6,13907,0.0,0.82,1.8
2000-04-03,9.7,1.9,16.9,16333,0.0,0.75,2.6
2000-04-04,8.7,5.2,13.5,10469,0.5,0.88,2.2
2000-04-05,5.1,2.6,10.1,10464,0.0,0.73,3.2
2000-04-06,4.0,0.2,10.0,21104,0.0,0.62,2.8
2000-04-07,4.3,1.6,6.0,7877,0.4,0.66,2.5
2000-04-08,3.9,-4.1,10.1,11512,0.2,0.48,1.5
2000-04-09,4.9,1.6,10.1,9665,0.0,0.68,2.6
2000-04-10,5.8,0.6,12.3,13998,0.0,0.65,2.0
2000-04-11,7.7,0.4,13.4,14437,10.4,0.65,1.8
2000-04-12,6.7,3.2,13.3,8505,5.1,0.77,2.9
2000-04-13,9.0,3.4,13.5,13443,0.5,0.78,3.5
2000-04-14,9.1,5.9,12.7,10663,1.2,0.91,2.6
2000-04-15,12.7,5.1,20.6,19888,4.6,0.94,2.4
2000-04-16,11.1,6.9,16.3,19121,0.0,1.0,2.7
2000-04-17,15.4,4.9,23.5,18794,0.4,0.96,2.8
2000-04-18,13.3,9.0,18.7,15753,0.2,1.14,1.9
2000-04-19,15.1,8.9,22.2,19144,0.1,1.18,1.7
2000-04-20,14.0,8.0,19.7,19147,0.0,1.09,1.5
2000-04-21,16.1,9.2,25.5,21431,0.0,1.24,1.9
2000-04-22,20.2,8.3,26.7,22010,0.0,1.2,2.1
2000-04-23,22.9,16.1,29.3,22935,0.0,1.89,1.9
2000-04-24,16.9,12.7,25.7,23056,0.0,1.5,2.6
2000-04-25,11.8,9.8,14.1,9155,0.2,1.17,1.7
2000-04-26,17.0,11.1,22.2,21314,0.0,1.34,2.3
2000-04-27,20.3,10.7,26.3,21072,0.0,1.37,2.2
2000-04-28,20.7,14.2,27.2,19773,0.0,1.67,2.8
2000-04-29,21.3,15.1,28.2,21866,0.0,1.77,2.3
2000-04-30,19.7,11.0,27.9,19968,1.6,1.42,1.4
2000-05-01,19.7,9.6,25.6,18647,0.0,1.28,1.8
2000-05-02,15.9,12.7,22.1,25361,0.0,1.47,2.3
2000-05-03,14.1,5.4,20.9,25703,0.0,0.96,1.7
2000-05-04,17.3,6.6,24.5,25092,0.0,1.07,1.5
2000-05-05,18.1,5.5,25.1,25905,0.0,1.02,1.9
2000-05-06,18.9,5.9,26.9,25883,0.0,1.05,2.2
2000-05-07,20.0,12.3,26.6,25978,0.0,1.5,2.3
2000-05-08,21.1,13.0,27.5,22831,0.0,1.55,1.9
2000-05-09,18.8,14.2,25.2,13414,8.5,1.64,1.4
2000-05-10,19.6,12.3,27.1,23719,0.0,1.51,1.3
2000-05-11,19.4,11.8,27.6,25369,0.0,1.47,1.9
2000-05-12,14.1,10.4,19.3,27143,0.0,1.26,2.6
2000-05-13,14.1,5.3,20.3,27952,0.0,0.95,1.8
2000-05-14,16.6,3.8,25.7,28154,0.0,0.92,1.5
2000-05-15,19.9,7.1,29.0,28111,0.0,1.15,1.3
2000-05-16,21.5,9.6,30.8,25630,0.0,1.35,1.5
2000-05-17,21.4,12.0,31.4,22896,4.1,1.56,2.6
2000-05-18,15.0,13.4,19.8,11239,2.1,1.5,2.3
2000-05-19,11.9,8.5,16.4,15075,0.5,1.1,2.4
2000-05-20,10.4,8.7,14.2,13655,0.3,1.1,2.2
2000-05-21,13.4,7.7,18.1,18725,1.5,1.06,1.5
2000-05-22,11.2,9.8,13.7,11047,7.0,1.17,2.2
2000-05-23,14.3,9.5,19.2,21403,0.0,1.19,1.8
2000-05-24,17.9,12.1,22.0,16904,0.0,1.42,2.1
2000-05-25,17.1,13.0,26.0,12886,0.0,1.53,3.2
2000-05-26,17.1,8.4,21.3,26348,0.0,1.13,2.2
2000-05-27,14.4,10.3,24.8,15795,3.3,1.31,3.4
2000-05-28,16.7,7.6,22.4,21383,1.4,1.11,3.8
2000-05-29,12.1,8.6,18.1,23398,0.1,1.12,3.6
2000-05-30,11.6,6.1,16.4,19607,1.2,0.95,1.9
2000-05-31,10.8,9.1,16.7,15562,2.7,1.15,1.5
2000-06-01,17.9,5.8,22.4,23014,0.0,1.0,2.1
2000-06-02,22.5,15.6,28.9,28863,0.0,1.81,2.3
2000-06-03,22.7,12.6,28.5,29392,0.0,1.55,1.6
2000-06-04,22.3,16.4,29.8,18894,0.0,1.91,2.1
2000-06-05,21.3,14.9,30.8,19910,30.3,1.78,1.7
2000-06-06,17.1,14.3,22.1,17330,0.0,1.61,2.9
2000-06-07,14.1,9.7,18.3,20204,0.2,1.19,3.0
2000-06-08,15.9,7.6,21.9,28660,0.0,1.08,1.8
2000-06-09,21.3,10.3,27.4,30170,0.0,1.35,2.6
2000-06-10,26.0,14.8,32.7,29320,0.0,1.82,1.9
2000-06-11,22.3,17.2,32.4,25115,9.2,2.05,2.2
2000-06-12,18.3,15.3,24.5,21031,0.0,1.73,2.3
2000-06-13,23.0,12.2,30.5,29736,0.0,1.53,2.1
2000-06-14,21.1,16.6,25.4,22915,0.1,1.87,1.8
2000-06-15,16.3,13.4,21.1,13607,4.3,1.51,2.9
2000-06-16,12.9,9.6,16.4,20196,0.0,1.18,3.2
2000-06-17,12.3,7.0,19.2,23802,0.0,1.03,1.7
2000-06-18,18.4,6.4,24.6,22562,0.0,1.05,1.5
2000-06-19,24.4,10.8,31.4,29767,0.0,1.44,1.5
2000-06-20,27.8,14.9,34.7,29144,0.0,1.88,1.5
2000-06-21,27.4,16.5,36.5,27649,0.0,2.08,1.9
2000-06-22,24.7,20.9,33.2,23298,0.0,2.49,2.4
2000-06-23,18.5,15.4,23.3,14477,0.1,1.73,2.7
2000-06-24,14.2,10.5,22.6,20675,0.3,1.3,2.5
2000-06-25,14.5,9.5,18.8,15330,0.1,1.19,3.1
2000-06-26,12.9,10.2,17.0,17304,0.1,1.23,3.5
2000-06-27,12.3,9.6,15.6,14563,0.6,1.17,3.3
2000-06-28,12.9,8.6,16.9,14674,0.0,1.11,2.7
2000-06-29,12.5,10.0,15.3,11685,0.0,1.2,2.5
2000-06-30,12.7,10.4,16.5,13775,0.0,1.22,2.5
2000-07-01,19.0,10.4,23.9,22795,0.1,1.31,2.1
2000-07-02,18.9,14.1,23.2,17203,0.0,1.6,1.4
2000-07-03,21.5,15.3,26.8,16314,0.1,1.76,1.9
2000-07-04,20.6,16.2,27.1,19875,0.1,1.85,1.8
2000-07-05,16.8,15.4,19.6,12064,2.8,1.69,2.9
2000-07-06,17.6,12.5,22.9,15620,0.0,1.46,2.2
2000-07-07,17.8,9.6,20.5,15468,13.3,1.21,1.9
2000-07-08,12.8,10.4,17.8,11246,7.9,1.24,2.6
2000-07-09,15.6,10.5,20.1,16146,0.0,1.27,2.8
2000-07-10,17.9,14.1,22.4,14266,0.1,1.6,3.2
2000-07-11,15.8,14.5,21.0,13002,1.2,1.61,3.0
2000-07-12,14.6,12.5,18.4,14197,0.0,1.41,3.4
2000-07-13,16.5,9.9,21.1,18949,0.0,1.23,2.9
2000-07-14,14.5,11.9,19.4,12773,3.9,1.37,2.6
2000-07-15,13.5,12.1,18.4,12367,0.0,1.38,2.1
2000-07-16,15.2,7.0,18.9,17346,10.8,1.02,1.7
2000-07-17,15.3,12.6,18.2,11065,4.5,1.42,2.0
2000-07-18,15.0,13.0,17.8,11024,0.0,1.45,2.5
2000-07-19,14.0,11.6,17.3,11104,0.3,1.34,3.2
2000-07-20,15.8,11.9,19.2,11548,0.0,1.37,3.0
2000-07-21,14.1,11.8,16.4,10651,1.6,1.35,2.6
2000-07-22,14.8,12.7,17.9,10727,2.0,1.43,1.7
2000-07-23,16.0,12.4,22.6,18927,0.0,1.44,1.2
2000-07-24,20.3,9.8,23.4,15355,0.1,1.25,1.7
2000-07-25,20.6,16.8,25.5,16023,0.6,1.89,2.4
2000-07-26,20.2,15.7,24.7,15601,2.6,1.76,2.0
2000-07-27,19.4,15.6,24.0,15541,0.2,1.76,1.7
2000-07-28,19.8,16.5,24.3,13434,3.0,1.84,2.2
2000-07-29,16.5,13.9,20.1,10614,8.8,1.56,2.4
2000-07-30,15.5,13.5,20.6,14511,1.1,1.51,2.3
2000-07-31,15.7,12.0,21.4,17794,0.2,1.4,1.7
2000-08-01,20.6,8.8,27.1,25713,0.0,1.25,1.5
2000-08-02,20.2,16.9,27.3,16455,0.0,1.94,2.1
2000-08-03,18.5,13.1,24.8,18281,0.7,1.53,1.8
2000-08-04,18.0,14.4,25.3,20688,2.5,1.65,1.4
2000-08-05,18.9,10.1,25.8,23318,0.0,1.3,1.6
2000-08-06,20.9,10.6,26.2,21689,0.0,1.36,2.0
2000-08-07,15.4,11.6,21.6,17479,1.5,1.36,2.4
2000-08-08,16.1,10.0,21.8,17394,0.8,1.25,1.8
2000-08-09,15.2,12.4,22.3,22685,0.0,1.45,1.6
2000-08-10,20.0,7.7,26.4,15936,0.0,1.17,2.0
2000-08-11,19.6,16.5,23.9,11316,0.0,1.84,1.9
2000-08-12,19.2,15.4,25.0,17035,0.0,1.75,1.2
2000-08-13,22.6,10.7,29.3,23986,0.0,1.42,1.1
2000-08-14,25.2,14.4,32.2,24098,0.0,1.77,1.3
2000-08-15,23.4,17.1,31.7,18700,0.0,2.02,1.9
2000-08-16,20.2,17.0,27.6,18138,0.0,1.94,1.9
2000-08-17,18.9,14.6,31.2,17691,11.1,1.77,2.0
2000-08-18,21.5,16.0,24.9,17246,0.0,1.81,1.5
2000-08-19,22.6,16.4,29.8,15784,0.0,1.91,1.7
2000-08-20,23.1,16.4,28.7,17033,21.9,1.89,1.7
2000-08-21,20.0,17.2,26.0,19840,7.5,1.94,2.0
2000-08-22,15.5,13.2,21.2,15363,0.0,1.49,1.4
2000-08-23,14.7,10.7,21.7,16925,0.0,1.3,1.6
2000-08-24,17.8,7.0,22.9,19690,0.0,1.06,2.2
2000-08-25,17.3,15.5,21.3,12177,0.0,1.72,1.9
2000-08-26,17.0,6.4,21.4,22503,0.0,1.02,2.8
2000-08-27,18.6,10.6,23.8,21047,0.0,1.31,2.4
2000-08-28,17.3,13.7,21.9,12539,0.2,1.55,1.7
2000-08-29,17.5,11.0,24.3,15897,0.0,1.35,1.3
2000-08-30,17.4,12.8,23.2,13625,0.0,1.49,1.3
2000-08-31,16.5,14.4,22.2,13836,0.0,1.62,1.3
2000-09-01,17.5,9.9,24.4,17128,12.4,1.28,1.8
2000-09-02,15.6,13.6,20.2,11492,2.2,1.53,2.9
2000-09-03,13.6,12.9,15.8,8547,9.0,1.44,3.6
2000-09-04,11.2,10.1,13.4,7622,7.1,1.19,2.2
2000-09-05,11.9,7.1,16.3,8475,0.4,1.0,1.6
2000-09-06,14.6,9.6,19.7,12523,8.6,1.2,2.4
2000-09-07,13.4,11.1,18.8,10764,0.0,1.31,2.3
2000-09-08,16.8,8.8,21.2,10352,0.1,1.17,2.1
2000-09-09,17.3,14.7,23.4,9335,0.0,1.66,1.5
2000-09-10,17.0,12.6,22.5,8027,0.0,1.46,1.2
2000-09-11,16.4,12.8,23.7,11342,0.0,1.5,1.3
2000-09-12,18.4,8.5,23.9,16004,0.0,1.18,1.9
2000-09-13,16.6,14.6,20.3,9039,0.2,1.62,2.2
2000-09-14,14.8,12.5,19.6,8252,0.2,1.42,1.4
2000-09-15,14.6,12.3,18.6,12248,0.0,1.39,2.1
2000-09-16,13.1,11.5,18.4,9124,6.8,1.34,3.0
2000-09-17,10.9,8.2,12.7,6621,0.4,1.05,2.0
2000-09-18,9.4,7.0,14.8,14920,0.0,0.99,2.1
2000-09-19,8.3,4.2,13.7,15148,0.0,0.83,3.0
2000-09-20,10.2,6.5,12.1,6364,0.0,0.94,3.1
2000-09-21,11.1,7.1,15.0,12328,0.0,0.99,2.8
2000-09-22,10.0,6.1,17.7,11547,0.0,0.96,1.6
2000-09-23,10.4,4.8,16.8,15813,0.0,0.87,2.3
2000-09-24,9.6,3.9,16.4,15829,0.0,0.83,2.4
2000-09-25,13.4,3.1,19.4,15031,0.2,0.83,1.5
2000-09-26,13.9,8.3,20.3,10584,0.0,1.11,1.5
2000-09-27,17.3,8.6,24.2,14352,0.0,1.18,1.8
2000-09-28,18.5,14.4,24.2,11123,0.0,1.63,2.2
2000-09-29,17.2,9.6,24.0,14467,0.0,1.25,2.2
2000-09-30,16.9,10.2,24.4,14045,0.0,1.29,2.0
2000-10-01,17.1,11.4,23.7,9361,1.4,1.37,1.6
2000-10-02,13.3,9.9,19.3,7636,0.0,1.21,1.9
2000-10-03,14.4,6.2,19.7,10212,0.4,0.99,1.5
2000-10-04,16.5,13.2,20.3,6932,0.0,1.48,1.2
2000-10-05,16.0,14.0,21.9,6588,2.1,1.58,1.2
2000-10-06,10.9,9.6,14.5,4867,3.4,1.17,2.1
2000-10-07,10.3,9.2,11.0,4788,0.6,1.11,1.3
2000-10-08,9.1,7.9,12.0,5269,0.1,1.04,1.9
2000-10-09,9.7,8.5,11.6,4634,1.4,1.08,1.9
2000-10-10,10.7,6.3,12.7,7056,0.0,0.93,3.7
2000-10-11,13.0,5.9,17.3,7959,0.9,0.94,3.6
2000-10-12,12.9,10.0,18.1,7236,0.3,1.21,2.2
2000-10-13,12.7,8.8,19.1,8872,0.0,1.14,1.4
2000-10-14,14.1,10.4,17.3,4784,0.0,1.23,1.3
2000-10-15,15.2,12.6,19.1,5816,0.0,1.43,2.4
2000-10-16,13.9,10.4,20.3,6752,0.0,1.26,2.7
2000-10-17,11.0,5.5,18.2,8173,0.0,0.93,1.8
2000-10-18,9.9,9.1,11.6,3974,1.1,1.11,1.4
2000-10-19,12.3,9.1,16.3,6100,0.0,1.13,1.7
2000-10-20,11.2,9.0,17.5,6217,0.0,1.13,1.8
2000-10-21,11.0,6.4,16.5,9724,0.0,0.97,2.2
2000-10-22,10.2,7.2,17.5,10000,0.0,1.03,1.5
2000-10-23,9.6,3.6,16.6,9795,0.0,0.82,2.1
2000-10-24,12.1,7.0,17.0,5110,0.0,1.0,3.5
2000-10-25,14.1,9.4,15.9,3971,0.4,1.15,3.9
2000-10-26,10.2,7.7,15.6,4556,0.9,1.04,3.4
2000-10-27,9.3,5.9,12.7,4869,0.0,0.91,3.0
2000-10-28,11.9,8.8,13.3,3322,0.3,1.1,2.6
2000-10-29,12.1,10.3,16.0,4209,0.0,1.23,4.0
2000-10-30,12.7,9.1,14.8,3578,0.0,1.12,5.3
2000-10-31,11.1,9.9,14.7,3146,1.1,1.19,3.9
2000-11-01,9.4,6.8,14.0,5953,0.0,0.97,3.5
2000-11-02,9.9,5.1,14.7,8031,0.0,0.88,3.2
2000-11-03,9.8,7.0,13.1,3872,4.3,0.98,2.3
2000-11-04,7.3,5.5,10.4,2985,0.0,0.88,2.2
2000-11-05,5.1,1.6,10.0,5431,0.0,0.68,2.3
2000-11-06,7.0,0.6,9.3,5236,1.6,0.63,3.4
2000-11-07,9.7,6.5,15.3,4419,2.1,0.96,2.7
2000-11-08,8.8,4.0,13.5,6091,0.6,0.81,3.3
2000-11-09,8.2,5.7,12.6,6504,0.0,0.9,3.2
2000-11-10,5.8,3.7,10.9,7017,0.0,0.79,3.1
2000-11-11,5.3,1.7,10.1,6543,0.0,0.68,3.0
2000-11-12,7.4,3.2,10.6,3773,0.0,0.76,3.2
2000-11-13,9.8,7.5,10.9,2497,0.0,1.01,2.2
2000-11-14,8.2,2.8,10.3,2455,7.5,0.74,1.4
2000-11-15,8.0,6.9,10.4,4229,0.0,0.96,2.1
2000-11-16,6.4,3.4,10.6,5760,0.0,0.77,2.5
2000-11-17,3.6,0.6,5.4,2337,3.0,0.62,1.7
2000-11-18,4.7,3.2,7.8,4760,0.0,0.75,3.0
2000-11-19,3.8,1.5,8.9,6139,0.0,0.67,3.5
2000-11-20,5.6,-0.6,10.4,3458,0.1,0.59,2.5
2000-11-21,5.4,2.8,6.2,2195,2.5,0.72,1.9
2000-11-22,7.0,3.5,10.5,2741,0.0,0.77,3.0
2000-11-23,6.5,4.4,11.0,4137,0.0,0.82,2.4
2000-11-24,6.0,0.2,10.4,3804,2.0,0.62,2.2
2000-11-25,6.0,5.1,6.8,2072,3.7,0.84,1.9
2000-11-26,4.4,3.1,7.6,2463,0.4,0.74,2.9
2000-11-27,6.2,3.4,8.6,2340,0.0,0.76,2.5
2000-11-28,6.4,2.3,7.8,2084,0.0,0.7,2.5
2000-11-29,9.4,7.4,13.7,3962,0.0,1.01,2.3
2000-11-30,7.0,5.0,11.1,2800,0.0,0.86,1.8
2000-12-01,4.0,0.9,8.9,3932,0.0,0.65,2.3
2000-12-02,6.4,1.5,10.6,1903,0.0,0.68,1.9
2000-12-03,6.4,0.6,9.8,3336,0.0,0.64,2.2
2000-12-04,4.8,1.9,10.0,3221,0.0,0.69,2.3
2000-12-05,5.8,1.9,10.8,3804,0.0,0.7,2.4
2000-12-06,3.4,0.6,8.8,4468,0.0,0.63,2.4
2000-12-07,4.6,1.4,7.6,4052,0.0,0.66,2.6
2000-12-08,7.3,3.4,8.5,1803,0.7,0.76,3.0
2000-12-09,6.7,5.0,10.7,3196,0.0,0.85,2.7
2000-12-10,7.4,3.0,9.5,2119,4.4,0.74,3.6
2000-12-11,8.9,7.6,10.8,1769,0.6,1.01,3.9
2000-12-12,12.0,8.8,13.3,1803,0.9,1.1,3.3
2000-12-13,10.9,9.0,14.7,3809,0.0,1.11,5.4
2000-12-14,7.7,6.8,10.3,3002,9.7,0.95,4.3
2000-12-15,5.4,3.2,7.1,3119,5.1,0.75,4.5
2000-12-16,3.0,1.1,5.3,1736,3.8,0.64,4.7
2000-12-17,2.9,2.5,3.6,1733,3.6,0.7,2.3
2000-12-18,0.9,-1.3,4.0,2521,0.0,0.54,1.5
2000-12-19,-0.7,-2.6,1.9,1729,0.0,0.49,1.4
2000-12-20,-1.7,-3.0,0.1,1730,0.0,0.47,3.1
2000-12-21,-2.1,-3.7,-0.4,3355,0.0,0.45,2.9
2000-12-22,-3.6,-6.9,-0.3,3150,0.0,0.36,2.4
2000-12-23,-2.3,-5.9,0.7,4492,0.0,0.38,1.7
2000-12-24,-0.4,-2.3,0.3,1742,1.0,0.5,1.6
2000-12-25,-1.4,-1.6,-0.5,1748,2.4,0.52,1.8
2000-12-26,-1.5,-3.1,-0.7,1755,0.8,0.47,1.8
2000-12-27,-0.1,-1.7,4.6,2522,0.0,0.53,1.7
2000-12-28,-0.1,-3.9,2.1,1773,0.1,0.44,2.4
2000-12-29,-0.3,-2.5,3.5,2505,0.0,0.5,2.8
2000-12-30,-0.4,-2.5,1.0,2221,0.0,0.49,2.3
2000-12-31,-0.5,-2.0,0.6,2751,1.3,0.51,2.4
2001-01-01,-0.2,-5.5,1.8,3780,2.2,0.4,3.2
2001-01-02,2.2,0.1,3.0,1822,0.0,0.59,2.9
2001-01-03,4.3,1.1,6.7,2140,0.0,0.64,3.1
2001-01-04,3.9,-0.1,7.5,4207,0.5,0.6,3.1
2001-01-05,5.2,2.7,6.8,2748,5.5,0.72,3.8
2001-01-06,7.7,5.5,12.8,2331,0.5,0.89,3.4
2001-01-07,5.3,4.1,8.3,2799,0.0,0.79,2.4
2001-01-08,1.1,-1.5,5.8,2155,0.0,0.54,2.0
2001-01-09,2.4,-3.1,3.8,1953,0.0,0.48,2.4
2001-01-10,0.9,-1.2,3.5,2704,0.0,0.54,1.6
2001-01-11,-1.5,-4.3,2.2,5258,0.0,0.43,1.9
2001-01-12,-1.9,-4.9,-0.3,2027,0.0,0.41,1.8
2001-01-13,-3.0,-5.0,-2.2,2054,0.0,0.4,2.2
2001-01-14,-2.5,-3.4,-1.6,2082,0.0,0.46,2.2
2001-01-15,-1.9,-3.2,0.5,2207,0.0,0.46,2.4
2001-01-16,-3.7,-6.0,0.4,5454,0.0,0.38,1.8
2001-01-17,-3.7,-8.0,1.3,5034,0.0,0.34,1.9
2001-01-18,-2.5,-7.2,-0.5,2256,0.0,0.35,1.8
2001-01-19,-2.6,-4.5,0.2,2291,0.0,0.42,1.4
2001-01-20,-0.7,-6.4,2.4,2427,0.2,0.38,1.4
2001-01-21,0.0,-2.4,1.6,2313,0.0,0.5,1.8
2001-01-22,-0.4,-2.9,1.0,2351,4.2,0.48,3.1
2001-01-23,1.4,0.1,2.9,2597,0.6,0.59,3.2
2001-01-24,2.8,1.1,4.7,2430,8.2,0.64,3.6
2001-01-25,4.1,1.1,8.7,5269,3.9,0.65,2.4
2001-01-26,3.7,-1.9,8.3,5130,0.1,0.54,2.5
2001-01-27,2.9,-1.2,5.8,4394,0.7,0.55,3.3
2001-01-28,3.2,2.3,6.8,3641,1.6,0.7,2.2
2001-01-29,2.2,0.9,3.7,2649,0.6,0.63,1.3
2001-01-30,0.8,0.0,2.4,2697,0.4,0.59,1.0
2001-01-31,0.7,-0.4,2.4,2745,0.3,0.57,1.2
2001-02-01,0.3,-0.7,2.4,2909,1.1,0.56,2.1
2001-02-02,-2.4,-3.7,-0.2,5799,2.7,0.45,2.2
2001-02-03,-4.0,-5.0,-2.9,2897,3.3,0.4,2.7
2001-02-04,-5.1,-5.4,-3.9,2951,3.9,0.39,3.3
2001-02-05,4.8,-5.7,8.2,3185,1.8,0.42,4.3
2001-02-06,11.3,6.3,14.3,3850,1.6,0.94,3.6
2001-02-07,10.3,9.1,13.7,3362,0.0,1.12,2.6
2001-02-08,9.6,8.5,12.0,3174,0.0,1.07,3.1
2001-02-09,5.6,2.6,11.2,3673,0.3,0.73,2.4
2001-02-10,0.3,-3.0,6.0,6413,0.0,0.49,1.3
2001-02-11,6.8,-2.6,10.6,4835,0.0,0.53,3.1
2001-02-12,10.0,6.8,13.2,3415,0.5,0.96,3.0
2001-02-13,4.8,3.5,10.2,3874,0.0,0.77,2.5
2001-02-14,1.9,-1.2,3.8,3542,0.0,0.54,2.0
2001-02-15,1.6,-1.2,8.7,8471,0.0,0.56,1.5
2001-02-16,2.1,-5.3,10.6,10234,0.6,0.45,1.5
2001-02-17,0.1,-2.2,3.6,4292,0.0,0.5,2.3
2001-02-18,0.4,-2.6,6.6,4436,0.0,0.5,2.9
2001-02-19,2.3,-3.6,4.4,3875,0.5,0.46,2.9
2001-02-20,4.0,1.9,7.2,5591,0.3,0.68,3.8
2001-02-21,4.8,3.0,7.5,4233,1.4,0.74,5.0
2001-02-22,1.7,0.1,5.0,5038,5.8,0.6,4.9
2001-02-23,-2.3,-3.5,0.6,4159,16.4,0.45,2.9
2001-02-24,-7.9,-10.9,-1.8,8572,0.4,0.27,1.6
2001-02-25,-4.3,-12.4,-1.1,4533,0.0,0.24,2.2
2001-02-26,-5.2,-7.7,1.0,7516,2.7,0.34,2.2
2001-02-27,-1.7,-8.6,3.1,8398,0.0,0.33,2.5
2001-02-28,-0.1,-8.3,5.4,11875,0.0,0.35,2.1
2001-03-01,1.3,-2.8,7.2,11003,0.0,0.5,2.2
2001-03-02,1.0,-0.5,3.8,4846,0.0,0.57,2.1
2001-03-03,1.3,-2.1,4.1,6537,0.9,0.51,2.0
2001-03-04,0.3,-0.1,1.7,4843,6.9,0.58,2.5
2001-03-05,-0.6,-2.2,2.3,5087,0.1,0.5,1.7
2001-03-06,-0.4,-5.9,5.0,10568,0.0,0.4,2.2
2001-03-07,4.0,-3.6,8.3,11038,0.0,0.48,2.4
2001-03-08,8.5,4.7,11.5,8890,0.3,0.84,2.1
2001-03-09,9.1,5.7,14.3,6186,5.4,0.9,2.7
2001-03-10,11.0,8.1,14.9,7312,1.1,1.05,2.7
2001-03-11,9.7,8.1,14.4,6193,2.1,1.06,2.8
2001-03-12,10.7,7.9,17.2,5580,12.7,1.06,3.0
2001-03-13,7.4,5.7,11.1,8858,1.8,0.89,3.6
2001-03-14,4.6,3.1,8.6,6375,1.2,0.74,3.9
2001-03-15,3.7,2.0,9.5,12065,1.3,0.69,2.3
2001-03-16,5.7,0.6,10.6,6829,0.0,0.64,1.7
2001-03-17,2.7,1.6,5.1,5911,3.9,0.66,2.5
2001-03-18,2.3,0.8,3.1,5995,4.1,0.62,3.3
2001-03-19,2.9,-0.2,10.6,8509,4.0,0.61,5.0
2001-03-20,-1.7,-3.5,3.1,11722,0.0,0.46,2.1
2001-03-21,0.0,-6.9,3.3,12991,0.0,0.37,2.5
2001-03-22,1.9,-0.3,3.1,6335,1.0,0.58,3.1
2001-03-23,1.1,0.2,2.7,6421,7.2,0.6,2.8
2001-03-24,2.3,0.4,5.8,6506,2.2,0.61,2.6
2001-03-25,-0.2,-0.7,1.0,6591,11.0,0.56,3.7
2001-03-26,-3.2,-5.9,1.3,8057,3.7,0.39,2.9
2001-03-27,-1.8,-7.6,0.6,12621,0.0,0.34,2.7
2001-03-28,1.1,-3.1,5.3,15247,0.0,0.48,3.7
2001-03-29,3.7,-0.9,8.6,9248,0.0,0.57,3.6
2001-03-30,5.9,-0.6,10.1,8943,0.1,0.59,1.6
2001-03-31,8.3,4.5,14.1,15061,0.0,0.85,2.1
2001-04-01,11.6,4.4,17.7,11500,0.0,0.87,1.9
2001-04-02,14.4,8.0,20.8,16573,0.0,1.11,1.8
2001-04-03,13.4,8.5,21.7,13595,0.3,1.15,2.6
2001-04-04,13.4,6.4,20.1,14763,0.8,0.99,3.2
2001-04-05,8.0,3.5,11.7,14890,0.1,0.78,3.7
2001-04-06,8.1,5.4,10.6,7605,0.9,0.87,3.5
2001-04-07,10.1,6.7,16.0,8966,0.6,0.98,2.6
2001-04-08,8.1,5.1,11.4,7770,1.1,0.86,2.0
2001-04-09,7.2,2.6,11.3,18079,0.0,0.74,2.2
2001-04-10,8.9,1.2,14.6,9557,0.0,0.7,2.4
2001-04-11,10.0,6.1,14.6,8559,1.8,0.94,2.2
2001-04-12,5.1,0.0,11.0,15202,1.2,0.63,3.8
2001-04-13,1.3,-0.3,4.1,9933,0.5,0.58,3.3
2001-04-14,1.9,-0.7,6.8,14437,0.0,0.57,2.3
2001-04-15,1.9,-0.4,4.1,8334,1.6,0.57,3.1
2001-04-16,5.8,1.7,9.8,9638,0.8,0.68,2.3
2001-04-17,5.9,3.8,8.6,9273,0.2,0.78,2.5
2001-04-18,6.1,1.8,10.8,10477,1.8,0.7,3.3
2001-04-19,4.1,-1.2,9.2,17785,0.0,0.57,2.5
2001-04-20,4.9,-2.9,10.4,12345,0.0,0.52,1.5
2001-04-21,4.9,1.9,7.6,8793,3.5,0.68,2.7
2001-04-22,3.3,1.6,4.9,8867,1.6,0.66,2.0
2001-04-23,6.8,3.1,11.6,11692,0.7,0.76,1.8
2001-04-24,9.5,0.0,16.6,22475,0.0,0.66,2.0
2001-04-25,13.9,5.6,21.7,18784,5.5,0.98,2.5
2001-04-26,11.1,6.8,15.7,17961,0.0,0.98,3.1
2001-04-27,10.5,4.8,16.1,15270,0.2,0.87,1.9
2001-04-28,10.5,6.6,15.1,10694,2.1,0.97,2.7
2001-04-29,13.4,8.0,17.9,13340,0.0,1.08,2.1
2001-04-30,18.0,9.8,26.3,23274,0.0,1.3,1.6
2001-05-01,19.6,11.7,28.0,24675,0.0,1.47,2.3
2001-05-02,15.3,7.9,22.2,23013,0.0,1.12,2.4
2001-05-03,20.8,10.3,29.1,25834,0.1,1.37,2.5
2001-05-04,16.8,11.9,19.8,10401,2.8,1.37,2.4
2001-05-05,9.5,7.5,11.8,9751,3.9,1.0,3.3
2001-05-06,7.5,6.3,8.4,9813,0.1,0.92,3.1
2001-05-07,8.4,5.7,11.4,9873,0.4,0.89,2.4
2001-05-08,11.8,7.7,19.0,16399,0.9,1.07,2.0
2001-05-09,15.3,8.3,22.2,25831,0.0,1.13,2.5
2001-05-10,16.4,6.0,23.6,26763,0.0,1.02,2.3
2001-05-11,15.6,7.9,21.6,27695,0.0,1.11,2.1
2001-05-12,13.2,5.1,20.1,25731,0.0,0.94,1.8
2001-05-13,15.6,4.9,23.0,24966,0.0,0.96,1.7
2001-05-14,19.4,12.6,25.5,25771,0.5,1.49,1.7
2001-05-15,18.0,13.2,22.3,15654,1.2,1.52,2.0
2001-05-16,18.3,12.7,24.0,21304,0.0,1.49,2.6
2001-05-17,15.7,12.5,19.9,16256,0.7,1.43,2.7
2001-05-18,14.4,10.4,17.8,12899,0.4,1.24,3.3
2001-05-19,12.5,8.2,17.3,19541,0.0,1.09,3.0
2001-05-20,11.9,4.6,18.7,28644,0.0,0.89,2.2
2001-05-21,11.8,4.3,18.6,25283,0.0,0.88,2.4
2001-05-22,13.6,5.9,19.5,21544,0.0,0.96,2.3
2001-05-23,15.5,4.7,22.9,29449,0.0,0.95,1.8
2001-05-24,17.8,5.6,25.7,29386,0.0,1.03,1.7
2001-05-25,16.2,7.2,23.0,28460,0.0,1.09,1.8
2001-05-26,16.8,9.1,24.2,26422,0.0,1.21,1.3
2001-05-27,18.6,8.8,24.9,19574,0.0,1.2,2.4
2001-05-28,17.3,16.1,19.7,10864,4.6,1.77,3.2
2001-05-29,19.4,14.1,23.8,20149,0.0,1.62,4.2
2001-05-30,15.2,10.0,20.0,20558,0.1,1.23,2.3
2001-05-31,13.0,10.4,19.2,12935,17.7,1.26,2.4
2001-06-01,12.5,9.8,17.3,16427,0.3,1.19,2.9
2001-06-02,12.8,10.1,16.2,11757,5.3,1.2,3.2
2001-06-03,10.1,7.5,14.8,17229,2.3,1.02,4.3
2001-06-04,10.1,7.8,14.2,12056,2.4,1.03,3.5
2001-06-05,12.7,9.6,16.9,12080,0.0,1.17,1.8
2001-06-06,14.9,7.7,19.9,18795,0.0,1.08,1.8
2001-06-07,16.2,10.2,21.5,22785,1.3,1.26,3.2
2001-06-08,12.0,10.0,13.9,11274,0.1,1.18,1.8
2001-06-09,14.3,8.7,18.8,20844,0.0,1.14,1.4
2001-06-10,14.2,10.5,19.6,12424,5.5,1.26,1.6
2001-06-11,12.3,9.4,17.2,17280,1.7,1.16,2.4
2001-06-12,11.2,6.1,16.7,13445,0.2,0.95,2.6
2001-06-13,13.5,5.4,19.8,22646,0.0,0.95,1.4
2001-06-14,16.2,7.8,23.0,20049,0.0,1.12,1.4
2001-06-15,18.4,8.6,26.0,22418,1.1,1.21,1.8
2001-06-16,18.1,14.8,23.1,14973,0.3,1.67,1.9
2001-06-17,16.8,11.3,23.1,19823,0.1,1.35,2.2
2001-06-18,15.5,10.6,20.0,12747,0.0,1.28,3.0
2001-06-19,15.1,11.4,20.3,16352,0.0,1.34,2.7
2001-06-20,15.2,9.2,22.3,25916,0.0,1.2,1.6
2001-06-21,15.4,10.4,21.5,16724,7.7,1.28,2.3
2001-06-22,12.3,9.9,16.3,14859,2.0,1.2,2.9
2001-06-23,14.4,11.0,18.4,11999,0.1,1.29,2.7
2001-06-24,15.4,10.3,21.6,18946,0.0,1.26,1.9
2001-06-25,16.7,8.3,23.9,28991,0.0,1.16,1.7
2001-06-26,17.7,8.8,25.5,29723,0.0,1.21,1.5
2001-06-27,22.1,11.1,29.4,29709,0.0,1.44,1.9
2001-06-28,20.4,17.0,25.2,17415,1.2,1.9,1.9
2001-06-29,20.7,14.9,26.4,21244,0.0,1.72,1.5
2001-06-30,22.4,14.2,28.8,27298,4.3,1.7,1.6
2001-07-01,19.0,14.8,23.5,18977,0.0,1.67,2.7
2001-07-02,15.3,9.0,19.6,15862,0.0,1.15,2.0
2001-07-03,17.3,8.8,24.0,21658,0.0,1.19,1.8
2001-07-04,21.3,12.8,27.3,21757,0.2,1.53,2.6
2001-07-05,23.4,16.0,29.5,28034,0.0,1.87,2.1
2001-07-06,24.7,15.7,31.4,28002,0.0,1.88,2.3
2001-07-07,24.7,17.8,31.0,17966,7.1,2.09,2.7
2001-07-08,18.3,16.8,21.6,11520,3.2,1.86,2.9
2001-07-09,16.8,15.9,17.5,11000,10.5,1.75,2.6
2001-07-10,19.5,15.2,25.0,18487,0.1,1.71,2.3
2001-07-11,19.6,14.4,24.3,16605,0.0,1.64,3.6
2001-07-12,18.3,12.4,24.2,22966,0.0,1.47,3.2
2001-07-13,19.0,14.9,23.0,14812,0.0,1.67,2.6
2001-07-14,21.7,13.9,27.9,16616,0.7,1.66,2.1
2001-07-15,19.6,15.9,24.4,16698,16.8,1.8,2.1
2001-07-16,14.1,12.8,15.7,10774,1.7,1.44,1.7
2001-07-17,13.8,10.3,16.3,10737,2.4,1.23,1.4
2001-07-18,17.3,7.8,24.6,23169,0.3,1.14,2.4
2001-07-19,19.2,12.3,25.2,24091,0.0,1.46,2.4
2001-07-20,17.7,11.3,24.3,15373,5.7,1.38,2.3
2001-07-21,17.7,12.0,21.9,21170,0.0,1.41,2.2
2001-07-22,19.4,10.5,26.7,23910,0.0,1.36,1.4
2001-07-23,22.2,12.7,28.7,27368,0.0,1.57,1.4
2001-07-24,21.4,14.8,27.3,16744,0.0,1.73,1.4
2001-07-25,22.5,15.3,29.1,21531,0.0,1.79,1.7
2001-07-26,23.0,14.2,29.8,24728,0.0,1.72,1.4
2001-07-27,22.1,13.1,29.9,28154,0.0,1.6,1.2
2001-07-28,23.3,11.6,31.9,28312,0.0,1.52,1.3
2001-07-29,21.7,15.4,28.2,18485,1.2,1.78,1.7
2001-07-30,22.7,14.1,30.3,25738,0.0,1.72,2.1
2001-07-31,21.8,16.5,29.3,14511,7.9,1.9,1.8
2001-08-01,18.3,11.4,23.2,18989,0.0,1.36,1.9
2001-08-02,18.8,9.5,25.5,23088,0.0,1.27,2.1
2001-08-03,23.6,16.5,31.3,15502,0.0,1.97,2.8
2001-08-04,19.8,13.4,24.4,12105,0.0,1.56,2.1
2001-08-05,17.5,13.3,24.9,16423,2.1,1.54,2.8
2001-08-06,17.7,11.6,23.9,17764,0.7,1.39,2.4
2001-08-07,19.6,15.3,25.3,16385,0.5,1.74,2.8
2001-08-08,20.3,14.9,26.1,15598,2.3,1.7,3.5
2001-08-09,19.6,15.0,25.0,20677,0.1,1.71,2.6
2001-08-10,17.3,11.6,21.9,14150,2.8,1.38,2.5
2001-08-11,14.3,8.7,19.7,18966,0.2,1.15,2.1
2001-08-12,18.0,8.5,24.5,21892,0.0,1.19,2.5
2001-08-13,18.4,17.4,19.5,9273,0.1,1.91,2.5
2001-08-14,22.6,18.3,29.4,17288,0.0,2.11,1.6
2001-08-15,26.9,17.1,35.3,24444,0.0,2.11,1.7
2001-08-16,27.2,20.3,35.1,22027,1.8,2.49,2.4
2001-08-17,20.0,18.1,21.8,9222,9.6,2.02,1.6
2001-08-18,19.3,17.3,21.6,8921,0.0,1.91,2.0
2001-08-19,22.1,17.7,28.8,14182,0.0,2.03,1.9
2001-08-20,23.1,15.5,30.7,21887,0.0,1.85,1.6
2001-08-21,19.0,17.8,21.0,8701,2.1,1.97,1.3
2001-08-22,21.1,16.3,26.4,16139,0.0,1.85,1.5
2001-08-23,20.9,15.7,27.7,21504,0.0,1.81,1.5
2001-08-24,22.7,15.5,30.0,20150,0.0,1.83,1.2
2001-08-25,24.1,18.5,32.3,17475,0.0,2.19,1.1
2001-08-26,24.1,15.9,32.7,20443,0.0,1.92,1.4
2001-08-27,19.2,12.3,27.7,13946,4.3,1.52,2.9
2001-08-28,15.0,11.0,19.3,12749,0.0,1.3,3.2
2001-08-29,15.5,9.7,20.5,10366,0.0,1.21,1.9
2001-08-30,16.2,8.0,23.6,18816,0.0,1.14,1.9
2001-08-31,16.0,12.7,21.2,10183,11.1,1.46,1.7
2001-09-01,16.2,14.8,18.3,7844,4.3,1.63,2.3
2001-09-02,15.4,10.8,19.4,15319,0.0,1.28,2.5
2001-09-03,17.8,14.3,22.9,8952,2.2,1.61,2.2
2001-09-04,15.7,12.0,19.3,8442,0.1,1.38,2.3
2001-09-05,14.3,11.1,18.0,9401,0.0,1.3,2.4
2001-09-06,14.0,10.6,19.6,10764,0.1,1.26,2.1
2001-09-07,14.0,12.3,17.8,9317,9.5,1.39,2.9
2001-09-08,13.0,9.0,17.5,11586,1.9,1.13,4.9
2001-09-09,10.1,8.2,11.9,7594,15.7,1.05,5.2
2001-09-10,12.3,10.1,15.5,7203,10.1,1.2,4.9
2001-09-11,11.8,10.3,12.7,7018,1.1,1.21,3.6
2001-09-12,12.0,9.9,15.8,9238,2.4,1.19,2.8
2001-09-13,12.5,9.1,15.1,6850,4.0,1.13,3.1
2001-09-14,12.7,9.7,15.5,6964,0.4,1.17,2.1
2001-09-15,12.7,8.1,18.3,11196,0.0,1.08,2.8
2001-09-16,12.4,8.0,16.7,8546,0.0,1.07,1.9
2001-09-17,9.8,5.6,15.9,11059,2.6,0.91,1.6
2001-09-18,9.7,6.4,11.7,6429,11.3,0.93,1.8
2001-09-19,12.6,7.7,19.1,16635,0.0,1.06,3.1
2001-09-20,12.4,8.6,16.4,6922,2.1,1.1,3.2
2001-09-21,13.0,11.8,17.2,6833,4.9,1.36,2.4
2001-09-22,12.0,5.4,17.0,11304,0.0,0.91,1.7
2001-09-23,11.5,3.5,18.2,14225,0.0,0.83,1.7
2001-09-24,11.9,11.1,13.3,5925,5.7,1.27,2.1
2001-09-25,11.6,11.0,12.4,5841,0.9,1.27,1.4
2001-09-26,11.1,7.3,14.6,6298,0.0,1.01,1.3
2001-09-27,10.7,5.1,14.5,7371,12.0,0.87,1.8
2001-09-28,13.0,10.9,15.9,6831,7.3,1.26,1.4
2001-09-29,14.6,11.8,19.4,9720,0.0,1.36,1.7
2001-09-30,13.8,11.0,17.0,5428,2.6,1.28,2.0
2001-10-01,15.2,11.5,17.8,5949,2.9,1.32,3.3
2001-10-02,18.9,14.4,23.5,8678,0.0,1.63,3.1
2001-10-03,17.6,11.8,24.7,8989,8.4,1.42,2.4
2001-10-04,13.3,8.6,18.2,7533,1.0,1.12,2.6
2001-10-05,12.5,6.7,18.4,10249,0.0,1.01,1.6
2001-10-06,13.5,6.9,20.1,12747,0.0,1.02,1.8
2001-10-07,15.4,10.3,21.6,7387,0.0,1.26,2.0
2001-10-08,16.0,10.6,23.5,11149,0.0,1.31,2.8
2001-10-09,14.5,11.6,19.5,11485,0.0,1.34,2.9
2001-10-10,14.3,11.4,18.9,10709,0.0,1.32,2.9
2001-10-11,14.4,12.4,16.1,4558,0.0,1.39,2.3
2001-10-12,15.1,8.6,21.2,10355,0.0,1.15,1.7
2001-10-13,13.9,7.3,22.2,10983,0.0,1.07,1.4
2001-10-14,14.7,8.1,23.1,9704,0.0,1.13,1.4
2001-10-15,15.1,9.5,22.6,9349,0.0,1.22,1.3
2001-10-16,12.4,6.9,19.0,8185,0.0,1.02,1.4
2001-10-17,13.7,10.8,17.1,4701,0.0,1.27,1.8
2001-10-18,12.9,10.5,14.8,4044,0.0,1.23,2.1
2001-10-19,12.8,10.1,15.6,4762,0.0,1.2,1.9
2001-10-20,10.9,7.2,15.4,7163,0.0,1.01,2.5
2001-10-21,10.1,7.1,12.6,4046,2.6,0.99,2.2
2001-10-22,12.1,10.9,14.5,3769,3.6,1.26,2.0
2001-10-23,9.6,6.4,12.4,4592,0.0,0.94,1.9
2001-10-24,7.4,5.3,9.1,3636,0.4,0.86,2.3
2001-10-25,9.9,6.2,14.5,3772,0.0,0.94,1.8
2001-10-26,11.9,8.0,16.8,8203,0.0,1.06,2.1
2001-10-27,10.4,8.0,12.7,5864,1.0,1.04,2.6
2001-10-28,11.4,9.6,14.2,4417,0.0,1.15,2.4
2001-10-29,10.2,9.5,11.7,3322,0.9,1.14,3.1
2001-10-30,14.5,11.6,18.0,5472,0.0,1.34,4.0
2001-10-31,14.9,9.2,21.3,5886,0.6,1.18,4.2
2001-11-01,8.4,6.0,11.1,4194,0.0,0.91,3.8
2001-11-02,7.6,2.5,11.6,4491,0.0,0.73,2.0
2001-11-03,9.6,9.1,10.3,3034,0.0,1.11,2.1
2001-11-04,9.1,8.1,11.1,3039,0.0,1.04,2.3
2001-11-05,6.9,2.3,10.0,6278,0.2,0.71,2.8
2001-11-06,6.5,2.3,8.8,2874,0.8,0.7,4.1
2001-11-07,7.5,6.0,9.4,3225,5.0,0.9,3.6
2001-11-08,6.3,2.3,8.1,2773,6.4,0.7,4.0
2001-11-09,1.7,0.7,3.4,2780,0.9,0.62,2.8
2001-11-10,-0.4,-3.5,3.4,7281,0.0,0.46,2.4
2001-11-11,2.2,-1.9,5.7,4056,0.0,0.52,2.5
2001-11-12,5.5,3.9,7.9,2584,3.1,0.78,2.1
2001-11-13,2.5,-3.7,8.0,5596,0.0,0.48,1.9
2001-11-14,-1.9,-6.0,5.6,4512,0.0,0.4,1.6
2001-11-15,-1.1,-5.6,3.6,2455,0.0,0.41,2.5
2001-11-16,4.1,-2.4,8.0,3503,0.0,0.52,1.7
2001-11-17,3.4,-2.1,6.3,2375,0.0,0.52,1.7
2001-11-18,5.8,4.7,6.9,2337,0.3,0.82,1.5
2001-11-19,5.7,-1.8,8.0,2299,0.4,0.54,1.7
2001-11-20,0.7,-3.5,5.8,4947,0.0,0.47,1.6
2001-11-21,6.0,1.9,8.3,2474,1.5,0.68,3.5
2001-11-22,5.6,0.9,7.8,2195,4.9,0.64,4.8
2001-11-23,2.2,0.9,3.6,2596,0.0,0.63,3.3
2001-11-24,0.8,-3.9,3.7,2322,0.0,0.45,2.3
2001-11-25,-0.5,-4.5,5.5,5413,0.0,0.44,1.7
2001-11-26,0.6,-1.9,2.1,2119,6.1,0.52,1.9
2001-11-27,2.0,1.2,3.2,2044,0.1,0.64,1.7
2001-11-28,3.6,1.8,5.5,2018,2.6,0.67,2.8
2001-11-29,4.0,3.1,4.9,1993,7.4,0.73,2.7
2001-11-30,2.4,-0.6,4.1,2693,0.0,0.57,2.8
2001-12-01,-0.3,-1.9,2.5,4733,0.0,0.51,3.0
2001-12-02,-0.5,-1.5,0.8,1924,0.0,0.53,1.8
2001-12-03,-0.3,-0.9,0.5,1903,0.0,0.55,2.1
2001-12-04,1.0,-1.4,3.3,2015,2.9,0.54,3.2
2001-12-05,5.0,3.0,7.3,1865,5.9,0.73,3.0
2001-12-06,4.1,3.3,5.1,1848,0.0,0.74,3.5
2001-12-07,3.4,0.9,4.5,1832,0.0,0.63,1.5
2001-12-08,-0.7,-3.2,1.3,1903,0.0,0.47,1.9
2001-12-09,-2.7,-4.3,-0.2,3471,0.0,0.43,1.7
2001-12-10,-0.4,-2.2,1.6,1791,3.2,0.5,1.5
2001-12-11,2.5,0.5,3.8,1780,2.9,0.61,1.4
2001-12-12,2.7,-0.5,5.0,1769,0.2,0.57,2.2
2001-12-13,-7.3,-11.6,-0.2,2771,0.0,0.26,3.5
2001-12-14,-9.4,-13.0,-5.4,3515,0.4,0.22,2.2
2001-12-15,-3.4,-5.7,-0.1,1746,0.5,0.39,1.9
2001-12-16,-0.3,-1.4,0.7,1740,1.1,0.53,2.3
2001-12-17,-0.2,-0.9,0.6,1736,1.3,0.55,1.7
2001-12-18,0.2,-0.5,1.0,1733,0.5,0.57,1.9
2001-12-19,2.2,0.3,3.9,1730,0.6,0.6,3.6
2001-12-20,-2.6,-6.3,1.0,3186,0.1,0.37,3.1
2001-12-21,-1.6,-6.3,1.1,1730,4.7,0.38,5.1
2001-12-22,-1.7,-3.7,0.8,2147,3.6,0.45,2.8
2001-12-23,-6.0,-8.5,-3.0,4151,0.2,0.31,3.1
2001-12-24,-4.6,-8.2,-0.6,1904,2.3,0.32,4.7
2001-12-25,2.4,-0.9,4.3,1742,0.0,0.55,5.4
2001-12-26,1.4,0.2,2.7,1790,0.6,0.6,3.5
2001-12-27,0.4,-1.5,2.5,2343,5.4,0.53,4.3
2001-12-28,2.4,0.0,5.4,1763,4.2,0.6,5.4
2001-12-29,0.9,-3.8,4.5,2026,0.0,0.46,3.4
2001-12-30,-1.0,-2.9,0.7,1783,10.0,0.48,3.1
2001-12-31,-5.2,-9.5,-2.5,1837,0.8,0.29,2.4
2002-01-01,-1.3,-7.7,1.7,1851,1.3,0.35,3.5
2002-01-02,-0.1,-5.8,2.7,2425,0.0,0.39,3.1
2002-01-03,-7.2,-12.8,-4.4,4350,0.0,0.23,2.4
2002-01-04,-10.8,-15.3,-4.6,4992,0.0,0.19,1.7
2002-01-05,-8.6,-13.0,-1.9,4854,0.0,0.23,1.5
2002-01-06,-1.4,-11.0,1.9,1890,1.7,0.28,2.1
2002-01-07,1.3,0.2,1.9,1910,0.3,0.59,1.5
2002-01-08,0.2,-0.5,0.7,1931,0.2,0.57,1.3
2002-01-09,-0.5,-1.5,-0.1,1953,0.0,0.52,1.3
2002-01-10,-2.1,-3.2,-1.4,1976,0.0,0.47,1.4
2002-01-11,-2.3,-4.5,-0.4,3744,1.1,0.42,1.8
2002-01-12,0.1,-1.4,0.9,2027,3.2,0.53,1.6
2002-01-13,-1.5,-7.4,-0.1,2054,0.0,0.34,1.7
2002-01-14,-5.1,-8.8,0.3,5003,0.0,0.31,2.1
2002-01-15,-5.0,-9.8,0.4,5440,0.0,0.29,2.4
2002-01-16,-4.0,-8.9,-0.5,5166,0.0,0.31,1.7
2002-01-17,-0.8,-3.2,2.2,3531,0.0,0.47,2.2
2002-01-18,-0.6,-4.0,3.1,4557,0.1,0.44,2.5
2002-01-19,2.5,0.4,4.4,2241,1.8,0.61,3.4
2002-01-20,4.1,2.4,6.6,3176,7.0,0.71,4.5
2002-01-21,7.4,4.9,9.3,2313,1.1,0.84,4.4
2002-01-22,7.5,3.5,11.5,2657,0.0,0.77,3.8
2002-01-23,7.1,5.7,9.9,5281,0.0,0.89,3.8
2002-01-24,9.0,5.8,11.7,3370,0.5,0.9,4.9
2002-01-25,4.0,0.5,8.9,4372,2.9,0.63,3.9
2002-01-26,8.2,2.4,12.0,3902,2.6,0.72,5.7
2002-01-27,9.4,5.9,11.1,3098,7.3,0.9,5.4
2002-01-28,10.3,5.9,15.1,3695,2.9,0.93,6.2
2002-01-29,9.4,2.6,12.5,7014,0.0,0.74,4.8
2002-01-30,10.8,7.7,13.7,5100,0.0,1.02,3.0
2002-01-31,9.5,2.5,13.4,3650,0.8,0.74,4.0
2002-02-01,7.5,2.6,12.6,4340,0.0,0.74,3.9
2002-02-02,11.4,6.6,17.5,7073,0.0,0.98,3.4
2002-02-03,10.3,5.7,16.5,7585,0.0,0.92,2.6
2002-02-04,8.5,6.0,11.9,6212,0.0,0.91,4.3
2002-02-05,9.9,6.1,13.0,3365,0.9,0.93,4.0
2002-02-06,8.6,4.9,12.7,4032,0.0,0.85,2.7
2002-02-07,5.6,2.4,8.5,3178,0.7,0.71,3.0
2002-02-08,6.7,4.8,9.3,4045,7.6,0.83,4.2
2002-02-09,9.9,6.9,13.1,3547,7.0,0.98,4.8
2002-02-10,6.8,5.9,9.1,3993,4.2,0.9,4.7
2002-02-11,8.5,5.9,11.4,3353,6.1,0.9,5.7
2002-02-12,11.2,8.4,14.3,7132,6.3,1.08,6.2
2002-02-13,5.8,-1.0,10.1,4072,0.5,0.58,2.7
2002-02-14,-0.6,-4.9,4.8,9017,0.0,0.43,3.2
2002-02-15,-0.5,-5.7,6.8,8741,0.0,0.42,2.5
2002-02-16,-0.1,-5.9,7.7,8935,0.0,0.41,1.9
2002-02-17,3.5,-1.6,10.1,9271,0.0,0.56,1.3
2002-02-18,2.9,0.0,5.8,5625,0.0,0.6,2.9
2002-02-19,2.7,-0.2,5.6,4088,2.7,0.59,5.2
2002-02-20,4.1,0.0,8.6,5448,7.5,0.6,5.2
2002-02-21,-0.4,-5.5,2.9,5101,1.0,0.41,3.9
2002-02-22,-0.5,-4.8,4.0,4087,8.3,0.43,5.4
2002-02-23,2.5,0.3,6.5,5491,5.3,0.61,5.7
2002-02-24,1.1,0.0,5.1,5354,2.9,0.6,4.3
2002-02-25,1.8,-0.5,4.8,7256,8.7,0.57,3.2
2002-02-26,8.5,2.8,11.5,5069,8.1,0.75,6.3
2002-02-27,6.2,3.6,10.0,6852,5.5,0.78,5.1
2002-02-28,5.5,3.3,9.5,10235,1.6,0.76,4.5
2002-03-01,5.3,2.1,10.3,7845,2.3,0.71,2.9
2002-03-02,0.7,-2.5,5.0,9632,0.0,0.5,2.4
2002-03-03,2.5,0.3,5.2,9278,0.0,0.6,2.8
2002-03-04,5.7,3.6,8.0,4843,0.0,0.76,2.4
2002-03-05,5.6,-1.1,12.4,12324,0.0,0.59,1.7
2002-03-06,6.4,0.0,11.9,8906,0.8,0.63,4.1
2002-03-07,8.7,4.7,12.1,7347,2.0,0.84,6.3
2002-03-08,6.4,2.4,10.8,8552,0.0,0.72,2.9
2002-03-09,7.8,3.8,12.1,7896,0.1,0.8,3.3
2002-03-10,6.2,3.1,9.5,8521,1.1,0.75,4.0
2002-03-11,8.7,1.0,15.8,14035,0.0,0.7,2.6
2002-03-12,9.2,2.1,17.0,10241,0.0,0.75,1.3
2002-03-13,9.3,3.3,15.7,6995,3.4,0.79,2.0
2002-03-14,1.8,0.4,3.2,5659,6.2,0.61,3.4
2002-03-15,0.7,0.3,1.4,5742,6.7,0.6,3.3
2002-03-16,2.7,0.7,4.4,5827,0.0,0.62,2.2
2002-03-17,7.2,0.3,15.4,14364,0.0,0.66,2.0
2002-03-18,11.3,5.0,18.2,15168,0.0,0.9,2.8
2002-03-19,10.2,7.5,13.0,6734,0.9,1.01,4.6
2002-03-20,7.0,4.5,9.4,6259,0.6,0.82,3.6
2002-03-21,6.6,4.0,10.0,6535,1.4,0.8,3.5
2002-03-22,3.9,1.0,6.7,6910,1.4,0.64,3.8
2002-03-23,2.9,1.2,5.8,7963,2.2,0.64,3.0
2002-03-24,2.3,0.9,3.8,6603,0.0,0.63,2.5
2002-03-25,1.1,0.1,2.5,6689,0.0,0.59,1.7
2002-03-26,1.6,0.0,3.3,6677,0.0,0.59,1.3
2002-03-27,2.0,-3.0,7.1,12025,0.0,0.49,1.6
2002-03-28,2.3,-5.3,10.8,17147,0.0,0.45,1.8
2002-03-29,6.2,-2.5,16.7,18411,0.0,0.58,1.9
2002-03-30,9.1,-0.1,19.9,18269,0.0,0.69,1.3
2002-03-31,8.4,1.5,16.1,12510,0.0,0.72,1.4
2002-04-01,9.1,-0.4,17.4,18689,0.0,0.66,1.3
2002-04-02,10.6,3.2,17.6,18123,0.0,0.81,2.4
2002-04-03,8.9,3.3,15.0,19003,0.0,0.79,4.1
2002-04-04,6.6,0.1,12.8,20100,0.0,0.64,3.4
2002-04-05,4.8,-1.3,8.7,16048,0.0,0.56,3.7
2002-04-06,1.2,-4.1,5.0,11628,0.5,0.45,2.7
2002-04-07,3.0,-1.0,8.0,20252,0.0,0.57,1.9
2002-04-08,3.9,-4.4,11.1,19227,0.0,0.48,2.1
2002-04-09,4.3,-4.7,10.9,15388,0.0,0.47,2.4
2002-04-10,6.5,1.1,11.2,10856,0.0,0.67,3.6
2002-04-11,7.7,4.0,10.8,8015,0.0,0.8,2.7
2002-04-12,11.7,6.1,16.6,10282,0.0,0.95,2.3
2002-04-13,10.6,9.0,12.4,8175,0.0,1.11,2.3
2002-04-14,10.1,7.1,13.4,8365,27.6,0.98,2.2
2002-04-15,6.9,6.3,7.6,8334,21.6,0.92,2.4
2002-04-16,7.6,2.3,12.1,9972,0.0,0.73,1.9
2002-04-17,8.2,-0.1,15.5,15876,0.0,0.65,1.4
2002-04-18,10.0,3.0,15.2,17333,0.2,0.78,1.4
2002-04-19,11.0,6.0,16.5,12480,2.1,0.94,1.6
2002-04-20,9.4,4.5,13.9,9738,0.1,0.84,1.5
2002-04-21,9.5,5.3,14.7,11524,0.0,0.88,1.5
2002-04-22,11.9,6.8,18.5,19032,0.0,1.01,1.3
2002-04-23,11.9,5.5,18.1,13870,6.0,0.92,2.3
2002-04-24,11.7,8.5,14.9,11084,0.0,1.08,1.7
2002-04-25,12.3,7.7,15.4,10239,0.0,1.04,1.5
2002-04-26,14.1,8.8,20.3,16107,3.3,1.14,2.7
2002-04-27,8.6,3.9,12.9,15735,2.8,0.8,4.3
2002-04-28,9.4,2.4,14.7,13026,0.1,0.74,3.4
2002-04-29,11.2,7.2,17.6,16966,0.1,1.03,4.4
2002-04-30,11.5,8.0,15.3,16469,0.0,1.05,3.4
2002-05-01,16.2,7.3,23.0,20557,0.3,1.09,3.0
2002-05-02,15.9,9.9,22.3,21479,0.4,1.25,1.7
2002-05-03,15.1,10.3,21.6,17908,0.0,1.26,2.2
2002-05-04,12.7,9.7,15.2,9689,0.0,1.17,2.6
2002-05-05,12.3,10.7,14.4,9751,17.4,1.24,2.0
2002-05-06,14.7,11.5,19.8,12197,10.6,1.34,1.8
2002-05-07,13.4,10.9,15.0,9873,0.0,1.26,2.0
2002-05-08,17.9,10.4,25.7,20231,0.0,1.32,2.6
2002-05-09,20.2,12.8,26.7,21991,0.0,1.54,2.7
2002-05-10,19.8,12.0,26.6,23275,0.4,1.47,2.5
2002-05-11,17.6,12.9,23.2,19019,4.7,1.49,1.8
2002-05-12,16.7,12.4,21.3,18367,0.1,1.43,1.8
2002-05-13,16.7,13.6,21.5,16742,0.0,1.55,1.6
2002-05-14,17.0,12.3,23.4,19835,0.0,1.44,3.4
2002-05-15,14.0,9.0,18.6,17474,0.0,1.15,2.5
2002-05-16,17.4,9.6,25.1,25194,0.0,1.27,2.0
2002-05-17,17.2,10.7,23.6,24048,0.0,1.32,1.8
2002-05-18,15.3,5.6,22.4,28138,0.0,0.98,2.1
2002-05-19,13.9,11.9,16.3,10507,5.7,1.35,1.7
2002-05-20,15.1,11.4,19.3,15441,0.0,1.33,1.6
2002-05-21,17.9,10.8,24.0,25895,0.0,1.33,2.5
2002-05-22,20.5,14.0,25.7,27304,0.0,1.62,2.5
2002-05-23,20.4,13.8,27.5,19757,3.5,1.63,1.9
2002-05-24,15.6,12.6,19.2,12315,0.0,1.44,2.5
2002-05-25,17.1,12.4,21.8,13830,0.2,1.44,2.3
2002-05-26,12.5,11.5,13.4,10794,3.6,1.3,1.9
2002-05-27,16.2,7.7,21.2,21668,1.9,1.09,1.6
2002-05-28,15.3,13.3,17.8,10864,15.1,1.48,1.8
2002-05-29,16.4,12.5,22.0,17435,0.0,1.45,2.4
2002-05-30,15.2,10.2,20.1,26608,0.0,1.24,1.8
2002-05-31,15.2,8.0,21.8,19113,0.6,1.12,2.2
2002-06-01,12.8,7.0,18.7,25204,0.0,1.03,1.9
2002-06-02,15.0,5.3,22.2,27714,0.0,0.96,1.9
2002-06-03,17.1,7.4,23.6,24284,0.0,1.1,2.3
2002-06-04,21.1,12.8,27.3,27411,0.0,1.53,1.8
2002-06-05,22.4,15.2,27.8,24840,0.0,1.78,3.5
2002-06-06,17.4,15.7,20.2,11606,5.8,1.72,2.8
2002-06-07,15.4,13.9,16.3,11131,0.9,1.53,2.9
2002-06-08,15.1,12.7,17.9,11274,0.0,1.43,1.7
2002-06-09,15.7,12.3,19.2,12656,0.0,1.41,1.2
2002-06-10,16.1,12.8,20.8,15278,6.1,1.46,2.4
2002-06-11,15.6,11.0,20.6,21748,0.0,1.31,2.5
2002-06-12,17.5,11.2,22.2,17170,0.1,1.34,2.2
2002-06-13,16.0,13.1,19.9,12215,5.1,1.48,3.2
2002-06-14,15.4,11.5,19.9,12846,0.0,1.34,2.2
2002-06-15,19.1,11.3,26.1,14718,3.9,1.39,2.5
2002-06-16,18.3,14.2,22.9,20439,0.0,1.61,1.9
2002-06-17,21.3,13.3,28.4,25040,0.0,1.59,1.5
2002-06-18,25.8,16.0,33.1,30137,0.0,1.93,2.3
2002-06-19,23.6,20.7,26.1,14861,0.0,2.39,1.9
2002-06-20,23.5,17.9,31.2,21818,0.3,2.11,2.4
2002-06-21,19.7,16.1,25.0,20574,1.9,1.82,1.6
2002-06-22,21.0,14.3,26.5,24421,0.0,1.65,1.7
2002-06-23,19.4,11.9,22.0,18704,0.0,1.39,2.6
2002-06-24,16.3,9.9,22.1,19194,0.0,1.24,2.4
2002-06-25,15.9,8.6,22.2,25268,0.0,1.16,2.0
2002-06-26,18.7,11.2,25.1,23395,0.0,1.38,1.8
2002-06-27,19.3,10.8,25.7,25491,0.1,1.36,2.9
2002-06-28,15.2,9.7,20.7,21384,0.0,1.22,3.8
2002-06-29,14.4,9.9,18.9,15913,0.0,1.21,3.3
2002-06-30,16.6,9.9,21.2,14411,0.0,1.23,2.8
2002-07-01,17.4,13.8,21.5,11793,1.1,1.55,3.1
2002-07-02,16.3,13.8,19.7,11652,0.4,1.55,3.2
2002-07-03,20.0,12.2,27.1,23143,4.1,1.48,3.0
2002-07-04,16.4,12.4,19.8,12232,0.7,1.42,3.7
2002-07-05,17.6,9.1,23.6,24202,0.0,1.2,1.9
2002-07-06,19.9,11.7,28.4,21948,4.7,1.47,1.6
2002-07-07,19.1,14.6,24.1,18954,0.0,1.66,1.7
2002-07-08,22.3,12.9,29.1,26697,0.0,1.57,1.9
2002-07-09,26.5,17.2,33.7,29249,0.0,2.09,1.9
2002-07-10,25.5,14.9,34.4,25757,1.8,1.85,2.2
2002-07-11,17.7,12.3,23.2,20176,0.0,1.45,2.1
2002-07-12,20.4,10.8,27.0,25426,0.0,1.39,1.4
2002-07-13,22.2,14.5,28.0,21080,2.6,1.71,2.1
2002-07-14,18.8,16.3,22.5,10845,8.3,1.81,2.0
2002-07-15,20.2,16.7,25.2,15226,5.6,1.89,2.4
2002-07-16,22.3,17.5,28.4,18004,11.1,2.02,2.4
2002-07-17,19.8,17.7,22.6,11349,4.6,1.98,2.8
2002-07-18,18.2,14.8,20.9,12043,0.0,1.64,3.5
2002-07-19,15.3,13.8,17.2,10658,0.0,1.52,2.4
2002-07-20,17.0,14.0,21.4,13787,0.0,1.58,1.6
2002-07-21,19.9,12.7,28.8,25799,2.6,1.55,2.4
2002-07-22,15.9,13.2,19.7,12962,0.1,1.49,3.6
2002-07-23,17.0,11.9,21.7,14614,0.4,1.4,2.8
2002-07-24,17.2,12.7,21.3,12378,7.5,1.46,3.2
2002-07-25,14.9,11.0,19.5,13417,0.3,1.31,2.6
2002-07-26,15.4,11.0,17.5,10341,0.0,1.29,2.1
2002-07-27,18.9,15.4,24.2,16326,0.0,1.74,1.3
2002-07-28,23.0,14.2,30.2,27468,0.0,1.71,1.8
2002-07-29,25.6,15.4,33.3,26182,0.0,1.89,1.5
2002-07-30,25.8,17.8,32.1,26218,0.0,2.11,1.8
2002-07-31,25.3,18.1,32.0,22058,0.0,2.15,1.8
2002-08-01,23.2,19.3,30.0,17554,21.7,2.24,2.0
2002-08-02,20.0,14.4,23.0,11994,0.0,1.62,1.9
2002-08-03,20.0,13.0,27.4,23239,0.0,1.57,1.4
2002-08-04,20.7,15.4,29.3,21249,10.9,1.81,1.5
2002-08-05,17.8,14.2,21.3,11092,10.9,1.6,1.5
2002-08-06,19.4,12.8,25.2,22373,0.0,1.5,1.3
2002-08-07,17.8,13.0,23.3,12259,4.6,1.5,1.6
2002-08-08,19.2,14.9,24.3,12542,0.0,1.68,1.2
2002-08-09,20.2,13.3,25.9,21263,0.0,1.56,1.4
2002-08-10,20.7,16.0,26.3,16371,0.0,1.83,1.6
2002-08-11,21.8,16.4,28.9,18150,1.9,1.9,1.7
2002-08-12,18.9,17.8,21.6,9341,31.5,1.96,3.5
2002-08-13,16.4,15.1,17.7,9273,39.4,1.67,3.5
2002-08-14,17.9,15.1,21.2,10359,0.0,1.67,1.9
2002-08-15,19.7,14.4,24.5,17998,0.0,1.65,1.3
2002-08-16,19.5,14.9,25.2,14915,0.0,1.69,1.3
2002-08-17,20.2,15.4,28.7,17795,0.2,1.79,1.4
2002-08-18,22.2,15.4,28.5,22361,0.0,1.81,2.0
2002-08-19,23.1,16.8,29.6,21331,0.0,1.97,1.8
2002-08-20,21.9,15.4,28.5,22792,0.0,1.81,2.0
2002-08-21,22.3,14.8,29.2,20523,0.0,1.75,1.8
2002-08-22,20.2,14.2,27.7,21746,0.1,1.68,1.3
2002-08-23,20.8,13.4,29.0,20611,0.0,1.61,1.3
2002-08-24,21.6,14.7,28.5,17703,0.0,1.72,1.5
2002-08-25,21.8,16.4,29.1,17143,1.6,1.92,1.5
2002-08-26,22.7,15.8,30.0,19010,0.0,1.87,1.8
2002-08-27,23.1,16.1,29.7,20309,0.0,1.89,1.9
2002-08-28,22.2,16.1,28.8,18535,9.9,1.88,1.6
2002-08-29,20.9,15.0,28.4,21883,0.6,1.76,1.2
2002-08-30,20.5,15.4,27.0,15572,0.0,1.78,1.3
2002-08-31,21.9,15.0,28.7,16099,2.6,1.75,2.2
2002-09-01,17.0,11.6,21.2,13087,0.0,1.36,2.5
2002-09-02,14.9,7.9,22.3,19789,0.0,1.11,1.9
2002-09-03,17.2,9.3,24.2,18478,0.0,1.24,2.4
2002-09-04,20.6,14.9,27.7,19283,0.0,1.73,1.8
2002-09-05,17.5,13.7,22.2,8355,17.5,1.55,1.3
2002-09-06,16.8,11.6,22.9,15550,0.0,1.39,1.7
2002-09-07,17.6,10.1,25.7,12626,0.0,1.32,1.7
2002-09-08,19.2,11.6,26.5,18884,0.0,1.42,1.7
2002-09-09,20.2,14.5,26.8,17605,0.0,1.68,2.4
2002-09-10,20.5,15.7,26.8,16745,0.0,1.8,2.1
2002-09-11,17.0,11.0,23.4,13472,0.0,1.34,1.9
2002-09-12,14.2,6.7,20.9,19156,0.0,1.02,2.4
2002-09-13,12.6,4.3,21.7,17497,0.0,0.91,1.7
2002-09-14,13.6,6.1,22.0,13090,4.1,1.0,2.4
2002-09-15,12.6,9.7,18.4,12864,0.6,1.2,2.3
2002-09-16,11.6,7.5,16.9,12735,1.2,1.04,1.7
2002-09-17,14.0,11.4,18.7,10188,0.0,1.33,2.0
2002-09-18,13.4,8.4,16.9,7293,0.0,1.09,2.1
2002-09-19,12.8,7.7,19.6,12252,0.0,1.07,1.2
2002-09-20,13.3,8.7,18.3,7773,0.0,1.13,1.7
2002-09-21,12.4,8.3,16.2,7583,1.2,1.09,1.6
2002-09-22,11.4,9.6,16.3,7209,7.0,1.17,1.9
2002-09-23,8.1,5.1,10.8,6008,11.5,0.86,3.2
2002-09-24,7.8,2.9,13.6,16088,0.0,0.76,2.9
2002-09-25,8.4,4.2,12.5,6114,0.0,0.82,1.9
2002-09-26,10.2,5.9,13.9,5758,9.8,0.92,2.3
2002-09-27,9.7,4.2,13.3,8174,3.3,0.82,2.0
2002-09-28,8.7,2.5,14.4,10193,0.0,0.75,1.4
2002-09-29,11.1,8.3,15.1,5773,0.0,1.07,1.4
2002-09-30,11.9,7.2,17.5,7601,0.0,1.03,1.3
2002-10-01,11.9,6.1,18.8,12667,0.0,0.96,1.0
2002-10-02,10.9,3.9,19.3,12860,0.0,0.85,1.1
2002-10-03,12.7,6.8,19.3,9580,0.1,1.02,1.7
2002-10-04,13.1,10.4,16.9,8454,1.9,1.23,2.8
2002-10-05,11.6,8.9,15.5,9171,3.6,1.12,2.9
2002-10-06,9.6,3.6,13.3,4945,8.2,0.79,3.4
2002-10-07,5.5,2.1,10.3,9664,0.0,0.71,1.7
2002-10-08,5.3,1.7,8.2,4788,2.1,0.68,2.0
2002-10-09,7.6,2.8,11.0,8218,0.0,0.74,2.8
2002-10-10,5.8,2.0,9.7,10866,0.0,0.7,3.4
2002-10-11,4.6,0.8,9.4,12678,0.0,0.64,3.2
2002-10-12,3.6,0.3,6.4,7496,2.6,0.61,2.9
2002-10-13,1.1,0.4,3.2,4407,7.3,0.61,2.3
2002-10-14,6.0,1.4,10.7,5014,0.2,0.68,2.6
2002-10-15,10.8,8.7,12.2,4484,0.5,1.08,1.9
2002-10-16,13.8,10.6,17.2,5816,2.1,1.25,2.4
2002-10-17,13.4,8.9,15.5,4115,0.1,1.12,3.5
2002-10-18,7.8,5.9,10.8,4913,0.5,0.9,3.0
2002-10-19,5.8,2.4,10.0,5407,3.2,0.71,2.7
2002-10-20,4.8,0.1,10.0,7305,0.0,0.62,1.9
2002-10-21,5.2,0.1,9.9,3836,4.1,0.61,2.5
2002-10-22,10.5,8.6,12.2,3769,8.2,1.08,2.6
2002-10-23,12.2,7.1,18.1,4387,1.5,1.02,4.3
2002-10-24,6.6,1.0,11.2,8103,0.0,0.67,3.1
2002-10-25,8.4,1.9,13.7,7385,2.8,0.71,3.7
2002-10-26,11.9,9.1,13.6,4698,1.6,1.13,5.5
2002-10-27,10.3,8.0,13.5,3510,8.7,1.05,6.1
2002-10-28,7.9,5.8,10.7,4675,0.2,0.89,5.4
2002-10-29,7.3,3.2,10.5,6451,2.4,0.75,2.1
2002-10-30,7.1,5.8,8.9,3389,0.0,0.89,1.5
2002-10-31,6.2,0.5,10.5,3329,0.0,0.64,1.2
2002-11-01,5.5,0.0,10.0,6043,12.0,0.62,1.7
2002-11-02,5.5,-1.6,10.2,3089,1.4,0.55,2.9
2002-11-03,1.2,-1.5,4.6,5081,9.0,0.54,3.4
2002-11-04,0.4,-0.4,1.4,2980,2.9,0.57,2.4
2002-11-05,-0.4,-3.9,2.3,6102,0.0,0.45,1.7
2002-11-06,-2.0,-4.9,2.8,7233,0.0,0.42,2.4
2002-11-07,-1.4,-7.2,3.7,7131,1.1,0.36,2.2
2002-11-08,3.8,0.8,7.5,3170,11.0,0.63,3.4
2002-11-09,3.5,1.2,7.3,2836,2.4,0.65,4.2
2002-11-10,2.9,-1.0,5.4,3065,0.1,0.56,1.9
2002-11-11,2.2,0.5,3.4,2630,3.1,0.61,2.7
2002-11-12,6.6,2.3,11.6,4482,0.0,0.72,2.6
2002-11-13,8.8,6.1,12.1,4095,0.0,0.92,2.8
2002-11-14,7.6,4.7,12.5,4459,0.0,0.84,2.3
2002-11-15,7.1,5.3,9.5,2612,0.0,0.86,1.2
2002-11-16,8.8,5.9,11.6,2933,0.4,0.91,2.0
2002-11-17,10.6,6.1,12.6,2375,0.0,0.92,2.9
2002-11-18,5.6,1.3,11.3,3707,2.4,0.67,1.4
2002-11-19,5.4,2.4,7.2,2299,16.8,0.71,2.2
2002-11-20,-0.1,-2.2,3.8,4599,0.0,0.51,1.8
2002-11-21,0.8,-2.4,5.2,4442,0.1,0.5,2.6
2002-11-22,2.8,1.8,3.7,2195,8.3,0.67,2.1
2002-11-23,4.1,2.3,5.8,2162,3.4,0.7,1.6
2002-11-24,4.7,-0.3,10.8,3946,0.0,0.61,1.6
2002-11-25,4.4,1.9,7.5,2101,0.0,0.69,2.0
2002-11-26,8.2,6.0,10.2,2072,0.0,0.9,1.9
2002-11-27,5.3,2.4,7.0,2044,0.0,0.7,1.9
2002-11-28,6.2,3.2,8.2,2018,0.0,0.74,2.3
2002-11-29,5.5,3.2,9.8,2312,3.3,0.75,1.4
2002-11-30,3.9,0.1,6.3,1968,22.6,0.6,1.9
2002-12-01,3.1,0.1,5.4,1945,0.0,0.6,2.1
2002-12-02,4.6,1.0,7.0,2727,0.0,0.64,2.5
2002-12-03,2.7,1.1,4.7,1903,0.1,0.64,1.7
2002-12-04,1.0,0.5,1.6,1883,0.0,0.61,1.5
2002-12-05,0.2,-1.3,1.6,1865,0.0,0.53,2.5
2002-12-06,-1.1,-3.1,0.0,1848,0.0,0.47,3.6
2002-12-07,-5.6,-7.3,-2.9,1832,0.0,0.34,4.1
2002-12-08,-7.5,-8.5,-5.3,4138,0.0,0.31,4.0
2002-12-09,-8.5,-11.3,-6.4,4199,0.0,0.25,3.5
2002-12-10,-10.8,-13.3,-7.1,4473,0.0,0.21,2.6
2002-12-11,-9.1,-12.8,-3.7,4154,0.0,0.23,2.7
2002-12-12,-9.4,-11.5,-6.1,4008,0.0,0.25,2.3
2002-12-13,-7.4,-12.3,-3.8,1760,0.0,0.24,1.6
2002-12-14,-6.1,-9.6,-2.1,4061,0.0,0.29,2.6
2002-12-15,-5.3,-8.4,-2.3,1746,0.0,0.31,3.3
2002-12-16,-0.2,-2.4,2.0,1740,4.1,0.49,2.8
2002-12-17,1.1,-0.3,2.6,1736,1.3,0.57,2.1
2002-12-18,-0.2,-0.8,0.8,2357,0.9,0.55,2.1
2002-12-19,-0.8,-5.1,0.2,1730,0.0,0.4,1.5
2002-12-20,-3.6,-8.1,-0.2,4226,0.0,0.33,1.7
2002-12-21,-0.6,-2.5,1.6,2146,0.0,0.49,1.7
2002-12-22,-1.1,-1.9,0.1,1731,4.6,0.51,2.9
2002-12-23,-3.8,-6.5,-1.8,2775,0.0,0.36,2.9
2002-12-24,-5.7,-7.0,-4.1,1737,0.0,0.35,3.1
2002-12-25,-4.1,-7.0,-0.1,2745,0.0,0.35,2.2
2002-12-26,-0.9,-2.8,1.3,2921,0.5,0.48,2.7
2002-12-27,1.7,-0.5,3.8,2217,0.3,0.57,2.4
2002-12-28,2.1,1.0,3.9,1805,0.1,0.63,2.2
2002-12-29,4.6,3.5,7.2,2111,7.8,0.76,3.1
2002-12-30,1.4,-2.1,4.5,1783,11.8,0.51,3.6
2002-12-31,-5.2,-11.8,-1.8,4013,0.0,0.25,3.0
2003-01-01,-7.5,-14.4,1.0,3094,8.6,0.22,2.7
2003-01-02,5.3,1.0,8.5,1822,12.1,0.64,3.9
2003-01-03,2.2,-0.2,7.0,1837,3.1,0.59,3.4
2003-01-04,-3.5,-9.4,-0.3,3074,0.0,0.3,2.6
2003-01-05,-6.7,-11.2,-4.0,3362,0.9,0.26,2.2
2003-01-06,-5.6,-9.9,-3.5,1890,0.2,0.28,2.2
2003-01-07,-11.7,-18.3,-8.6,2399,0.0,0.15,1.8
2003-01-08,-16.0,-20.3,-11.5,4573,0.0,0.12,1.6
2003-01-09,-13.3,-19.0,-8.4,4571,0.0,0.14,1.6
2003-01-10,-5.8,-9.4,-3.3,1976,0.1,0.29,1.5
2003-01-11,-6.7,-11.3,-4.3,2139,0.0,0.25,2.0
2003-01-12,-2.7,-7.4,0.1,2027,1.2,0.35,2.7
2003-01-13,-0.1,-2.3,2.2,2054,5.1,0.5,3.8
2003-01-14,4.4,2.2,6.2,2082,0.7,0.69,4.3
2003-01-15,4.4,2.5,6.0,2112,0.0,0.71,4.1
2003-01-16,4.4,1.6,6.1,2238,0.0,0.67,3.7
2003-01-17,3.1,0.4,7.4,5519,0.0,0.61,2.7
2003-01-18,1.9,0.1,3.9,3284,0.0,0.6,2.5
2003-01-19,2.3,0.0,5.8,4912,0.0,0.6,3.0
2003-01-20,3.4,1.1,7.3,3926,0.0,0.65,3.1
2003-01-21,1.9,-1.3,6.0,4688,0.0,0.54,2.7
2003-01-22,1.8,-1.7,6.8,3168,0.0,0.53,2.7
2003-01-23,4.0,1.7,7.1,2545,3.3,0.67,2.4
2003-01-24,2.2,1.5,3.7,2430,0.0,0.66,2.1
2003-01-25,1.7,0.6,3.4,2472,1.0,0.62,2.5
2003-01-26,2.3,0.2,4.6,2568,0.1,0.6,2.9
2003-01-27,5.8,3.0,9.1,2558,4.3,0.74,3.8
2003-01-28,6.2,3.6,9.3,2822,1.2,0.78,5.5
2003-01-29,2.1,0.2,3.6,2649,1.6,0.6,3.4
2003-01-30,-0.6,-2.8,0.7,2697,2.0,0.48,2.7
2003-01-31,-2.9,-6.7,-0.1,3706,1.2,0.36,2.5
2003-02-01,-7.9,-11.2,-5.0,2795,0.0,0.26,2.2
2003-02-02,-4.2,-7.5,-1.0,3540,2.6,0.34,3.5
2003-02-03,1.1,-1.4,5.2,4245,2.4,0.54,3.6
2003-02-04,0.3,-2.0,3.3,5441,0.0,0.51,2.4
2003-02-05,-0.5,-3.9,3.2,4805,0.0,0.45,2.4
2003-02-06,-2.2,-3.5,-0.5,3060,0.4,0.46,2.3
2003-02-07,-2.7,-5.2,1.5,6374,0.5,0.41,2.0
2003-02-08,-1.2,-3.6,3.8,7092,0.1,0.46,1.5
2003-02-09,-2.3,-4.5,1.0,5247,0.0,0.43,2.3
2003-02-10,-1.9,-4.4,-0.7,3292,0.0,0.42,1.7
2003-02-11,-1.5,-4.5,2.5,7091,0.0,0.43,1.9
2003-02-12,-5.5,-9.4,-1.0,7915,0.0,0.3,2.2
2003-02-13,-6.2,-11.6,0.6,9417,0.0,0.26,2.0
2003-02-14,-5.3,-11.6,2.2,8817,0.0,0.27,1.6
2003-02-15,-1.7,-3.6,0.5,3606,0.0,0.45,2.3
2003-02-16,-4.2,-5.9,-1.7,4219,0.0,0.38,2.8
2003-02-17,-6.7,-11.0,-1.4,9478,0.0,0.26,2.0
2003-02-18,-6.4,-12.8,-1.8,4366,0.0,0.23,1.8
2003-02-19,-2.2,-3.3,-1.1,3875,0.0,0.46,2.2
2003-02-20,-1.6,-2.4,-0.8,3945,0.0,0.49,1.9
2003-02-21,-0.9,-3.0,1.4,4305,0.0,0.47,2.1
2003-02-22,-0.3,-4.1,6.1,8332,0.0,0.45,2.2
2003-02-23,0.1,-6.0,9.1,11264,0.0,0.42,1.9
2003-02-24,0.0,-7.8,9.9,11490,0.0,0.38,1.4
2003-02-25,1.0,-6.3,11.2,11341,0.0,0.43,1.7
2003-02-26,1.2,-5.3,8.6,11569,0.0,0.44,1.8
2003-02-27,4.0,-3.7,12.7,11722,0.0,0.5,1.4
2003-02-28,-0.3,-5.4,4.8,6329,0.4,0.41,1.7
2003-03-01,1.6,-0.3,4.9,4609,0.1,0.58,1.8
2003-03-02,1.3,-0.4,4.5,4925,2.0,0.57,2.5
2003-03-03,-0.8,-1.9,0.0,4764,1.9,0.51,1.8
2003-03-04,-1.1,-3.4,3.8,9484,0.0,0.47,1.5
2003-03-05,0.0,-4.7,6.6,12489,0.0,0.44,2.2
2003-03-06,0.8,-3.0,6.1,10318,0.1,0.49,3.1
2003-03-07,1.3,-1.1,3.1,5083,2.8,0.54,1.9
2003-03-08,5.0,0.2,10.5,8467,3.9,0.62,3.5
2003-03-09,6.7,5.2,8.5,5245,4.4,0.86,3.4
2003-03-10,8.6,3.2,15.8,6967,0.0,0.79,2.8
2003-03-11,9.3,4.9,13.4,5409,11.2,0.87,3.2
2003-03-12,6.8,2.9,10.1,6020,4.3,0.74,3.4
2003-03-13,2.5,-0.3,6.0,12674,0.0,0.58,2.6
2003-03-14,2.3,0.4,4.7,5659,0.0,0.61,2.5
2003-03-15,3.5,-2.3,9.0,14413,0.0,0.52,2.2
2003-03-16,2.3,-4.3,10.4,15028,0.0,0.48,1.7
2003-03-17,3.2,-0.9,8.4,10873,0.0,0.57,2.0
2003-03-18,4.3,-3.3,12.2,12018,0.0,0.51,1.8
2003-03-19,2.2,-1.8,4.6,6080,0.0,0.53,2.5
2003-03-20,2.7,-1.1,3.9,6165,0.0,0.55,2.1
2003-03-21,-0.7,-4.7,3.8,17358,0.0,0.43,2.7
2003-03-22,0.9,-6.2,8.2,17530,0.0,0.41,2.4
2003-03-23,4.1,-4.7,14.6,17895,0.0,0.49,1.5
2003-03-24,7.4,-2.4,18.2,18067,0.0,0.6,1.7
2003-03-25,8.8,1.3,16.5,14519,0.0,0.71,1.6
2003-03-26,6.6,0.4,14.7,11606,0.0,0.67,1.4
2003-03-27,10.5,2.0,19.0,14805,4.8,0.77,1.3
2003-03-28,6.8,3.7,9.4,6847,0.0,0.78,1.4
2003-03-29,7.2,2.7,15.8,14182,0.0,0.77,1.4
2003-03-30,10.1,3.3,18.2,13606,0.0,0.82,2.3
2003-03-31,6.3,-0.9,12.4,14755,0.0,0.59,2.6
2003-04-01,8.2,-2.6,15.5,18484,0.1,0.57,3.2
2003-04-02,8.3,4.2,11.6,10785,0.1,0.81,3.8
2003-04-03,5.0,1.1,8.4,8707,4.1,0.65,3.2
2003-04-04,4.9,-1.6,9.8,16647,0.0,0.55,2.7
2003-04-05,4.7,-2.1,10.3,9522,1.8,0.54,4.4
2003-04-06,-0.2,-2.8,3.8,14275,0.9,0.49,3.6
2003-04-07,-0.4,-2.6,2.1,8007,0.2,0.49,2.8
2003-04-08,-1.1,-5.0,2.4,13338,0.3,0.41,1.8
2003-04-09,-1.0,-5.0,1.8,9252,0.0,0.41,2.1
2003-04-10,2.0,-3.2,7.7,16483,0.0,0.49,1.6
2003-04-11,3.9,-2.1,10.0,13019,0.0,0.54,1.9
2003-04-12,5.9,-3.0,13.1,21106,0.0,0.53,1.4
2003-04-13,7.9,-1.6,15.9,21030,0.0,0.6,1.8
2003-04-14,10.6,1.8,18.1,22054,0.0,0.75,3.4
2003-04-15,12.7,4.5,20.0,22198,0.0,0.89,3.2
2003-04-16,12.5,5.2,19.0,22562,0.0,0.92,3.0
2003-04-17,12.0,2.2,19.4,22591,0.0,0.79,2.7
2003-04-18,5.6,2.8,9.3,10028,3.5,0.73,3.5
2003-04-19,9.4,4.9,14.0,14399,0.0,0.86,3.7
2003-04-20,13.6,6.0,20.7,22204,0.0,0.98,2.9
2003-04-21,14.0,6.4,21.2,22560,0.0,1.01,2.5
2003-04-22,14.0,5.5,21.4,23487,0.0,0.97,1.9
2003-04-23,11.0,3.0,18.2,20061,0.0,0.81,1.8
2003-04-24,11.2,2.3,19.3,19253,0.0,0.78,1.4
2003-04-25,14.1,3.9,22.3,19361,0.0,0.89,2.1
2003-04-26,16.6,8.3,23.4,10546,1.9,1.15,2.8
2003-04-27,13.4,9.0,17.3,16432,7.1,1.14,4.0
2003-04-28,14.2,8.7,18.7,15008,0.0,1.13,2.7
2003-04-29,16.9,11.1,22.1,14392,1.5,1.33,3.1
2003-04-30,17.6,9.8,23.9,15883,0.7,1.25,2.7
2003-05-01,14.6,8.2,18.9,19968,0.0,1.1,3.9
2003-05-02,15.5,5.0,21.5,20535,0.0,0.95,2.4
2003-05-03,14.0,7.5,17.0,11400,0.1,1.04,4.4
2003-05-04,14.8,3.9,22.6,25347,0.0,0.91,2.3
2003-05-05,20.9,8.5,29.3,25686,0.0,1.24,2.3
2003-05-06,20.6,12.8,28.0,21137,0.0,1.55,2.3
2003-05-07,14.8,9.6,20.7,20507,0.0,1.22,1.9
2003-05-08,19.0,9.3,27.6,24302,2.5,1.29,1.9
2003-05-09,15.5,11.0,18.5,13350,0.0,1.29,1.6
2003-05-10,14.6,9.9,18.4,12212,0.0,1.2,1.3
2003-05-11,16.4,12.5,21.0,18899,0.0,1.44,1.3
2003-05-12,16.3,11.7,21.8,15349,0.1,1.38,2.0
2003-05-13,13.8,9.0,20.0,14686,0.0,1.17,2.6
2003-05-14,10.9,6.7,16.1,17775,0.1,0.98,2.8
2003-05-15,9.2,2.7,15.0,17717,0.0,0.76,2.1
2003-05-16,9.8,2.3,16.3,21304,0.6,0.76,1.4
2003-05-17,13.6,4.8,21.6,19422,0.0,0.93,2.1
2003-05-18,14.7,9.4,20.4,19726,2.9,1.2,2.4
2003-05-19,15.7,12.2,19.7,12094,1.1,1.39,2.4
2003-05-20,14.2,8.6,18.2,14341,0.0,1.12,3.4
2003-05-21,12.7,6.5,18.9,20509,0.0,0.99,2.6
2003-05-22,13.6,7.3,19.6,19216,0.0,1.04,2.3
2003-05-23,16.5,11.4,23.2,13010,0.0,1.36,2.8
2003-05-24,21.6,11.2,29.0,28158,0.0,1.44,1.9
2003-05-25,22.6,13.9,29.3,27722,0.0,1.67,2.3
2003-05-26,17.6,14.0,21.0,13870,3.6,1.57,1.8
2003-05-27,17.1,11.3,22.9,17727,0.2,1.36,1.7
2003-05-28,18.1,13.1,23.4,25903,0.0,1.51,2.0
2003-05-29,18.7,9.8,25.7,29772,0.0,1.29,1.8
2003-05-30,20.5,9.2,28.0,29818,0.0,1.29,1.4
2003-05-31,21.3,10.9,29.0,21336,0.0,1.41,1.5
2003-06-01,21.0,12.1,27.6,28047,0.0,1.48,1.5
2003-06-02,22.3,14.4,28.4,26477,0.0,1.71,2.2
2003-06-03,24.1,16.2,30.5,26512,0.0,1.92,1.5
2003-06-04,25.6,16.9,32.7,27039,0.0,2.03,2.0
2003-06-05,25.3,18.6,33.2,25088,12.6,2.24,1.8
2003-06-06,19.4,11.9,25.1,20034,0.0,1.44,1.6
2003-06-07,20.9,10.2,28.9,29357,0.0,1.36,1.4
2003-06-08,24.6,14.5,32.5,29258,10.8,1.8,2.1
2003-06-09,18.9,11.8,22.8,24442,0.0,1.39,3.1
2003-06-10,21.2,10.1,28.5,27688,0.5,1.36,1.8
2003-06-11,22.0,14.7,26.4,19141,0.0,1.69,2.5
2003-06-12,22.2,12.4,29.5,28592,13.2,1.56,1.6
2003-06-13,19.6,11.6,24.4,26992,0.0,1.39,2.0
2003-06-14,18.4,10.1,24.7,25141,0.0,1.3,1.6
2003-06-15,18.2,12.6,23.1,24033,0.0,1.46,1.6
2003-06-16,18.1,11.7,23.2,25034,0.0,1.39,1.8
2003-06-17,19.4,13.0,25.1,29140,0.0,1.52,1.6
2003-06-18,16.3,12.7,19.5,12499,8.0,1.44,2.2
2003-06-19,17.4,11.6,22.3,12253,0.6,1.38,3.3
2003-06-20,16.6,10.7,21.4,20203,3.8,1.3,4.5
2003-06-21,14.7,11.6,18.9,15358,0.0,1.35,3.1
2003-06-22,16.9,9.6,22.3,24545,0.0,1.22,1.6
2003-06-23,22.9,15.8,31.8,20318,3.7,1.88,3.1
2003-06-24,19.7,14.8,24.5,25649,0.0,1.69,3.3
2003-06-25,15.8,9.8,21.8,18193,0.0,1.24,2.7
2003-06-26,15.1,9.4,21.3,15826,0.1,1.21,1.7
2003-06-27,17.7,8.5,24.5,26980,0.0,1.19,1.7
2003-06-28,19.8,8.8,27.2,29320,0.0,1.23,1.5
2003-06-29,21.2,13.2,29.5,17277,0.0,1.61,1.5
2003-06-30,21.9,15.5,27.8,23581,1.8,1.79,1.7
2003-07-01,17.9,14.3,23.1,11917,6.5,1.63,2.7
2003-07-02,18.0,14.4,24.3,18710,2.9,1.64,3.0
2003-07-03,17.1,13.2,22.2,21039,1.7,1.51,3.0
2003-07-04,18.0,13.9,22.3,15696,1.0,1.56,3.4
2003-07-05,15.3,13.9,16.6,11098,2.3,1.53,3.3
2003-07-06,15.8,13.9,18.9,11446,0.8,1.55,2.6
2003-07-07,16.2,11.1,20.8,15867,0.0,1.32,1.6
2003-07-08,17.0,9.1,23.8,20527,0.0,1.21,1.6
2003-07-09,16.9,11.5,22.1,15932,0.0,1.37,2.2
2003-07-10,17.6,13.4,21.0,20212,0.0,1.51,1.9
2003-07-11,20.0,10.1,26.8,27439,0.0,1.33,2.0
2003-07-12,18.7,15.2,23.0,20014,0.0,1.7,2.7
2003-07-13,17.1,12.2,21.8,16164,0.0,1.41,1.9
2003-07-14,19.4,9.0,26.9,28649,0.0,1.24,2.1
2003-07-15,21.7,11.1,28.3,22709,0.0,1.42,2.0
2003-07-16,25.2,18.2,31.0,24008,0.0,2.14,2.6
2003-07-17,21.7,17.1,28.4,13430,7.4,1.98,2.2
2003-07-18,20.6,15.8,26.5,18034,0.0,1.81,1.9
2003-07-19,23.2,13.6,30.3,26411,0.0,1.67,1.6
2003-07-20,25.3,15.9,31.9,27447,0.0,1.9,2.1
2003-07-21,25.3,18.4,34.6,22267,4.3,2.25,1.7
2003-07-22,22.6,18.6,29.6,21234,7.0,2.17,1.9
2003-07-23,22.0,17.4,27.8,20809,0.4,2.0,1.4
2003-07-24,23.6,17.3,29.8,21960,19.8,2.01,1.6
2003-07-25,19.4,15.8,24.2,13296,0.0,1.78,1.6
2003-07-26,20.2,15.4,25.6,15419,3.8,1.76,1.9
2003-07-27,24.0,18.1,34.5,18860,13.6,2.19,2.6
2003-07-28,19.2,15.4,23.0,12529,6.0,1.73,1.9
2003-07-29,19.6,12.4,25.5,20169,0.0,1.48,1.3
2003-07-30,19.6,10.7,26.3,26938,0.0,1.37,1.5
2003-07-31,21.0,17.3,24.8,15829,0.2,1.94,1.4
2003-08-01,23.6,16.8,30.4,20304,0.0,1.97,1.2
2003-08-02,24.2,17.1,30.9,18316,0.3,2.02,1.2
2003-08-03,26.0,18.3,32.9,21454,0.0,2.17,1.3
2003-08-04,25.1,19.2,30.5,23862,0.0,2.24,1.5
2003-08-05,22.6,14.3,28.9,25782,0.0,1.71,1.7
2003-08-06,21.1,13.2,28.0,24264,0.0,1.59,1.5
2003-08-07,21.0,11.5,29.3,26050,0.0,1.47,1.3
2003-08-08,22.4,12.5,31.0,25591,0.0,1.57,1.3
2003-08-09,23.1,13.0,32.1,25718,0.0,1.63,1.6
2003-08-10,22.7,16.7,28.7,25724,0.0,1.93,2.0
2003-08-11,20.6,13.5,27.3,25727,0.0,1.6,1.6
2003-08-12,23.5,12.5,32.8,22822,0.0,1.61,1.4
2003-08-13,27.6,18.2,35.5,24334,0.0,2.24,2.7
2003-08-14,18.9,13.1,21.7,12669,2.5,1.5,2.8
2003-08-15,18.0,12.1,24.6,20300,0.0,1.44,3.1
2003-08-16,17.0,10.2,23.8,22027,0.0,1.28,2.1
2003-08-17,19.5,8.3,27.4,22367,0.0,1.21,1.5
2003-08-18,22.4,16.2,32.3,13477,0.4,1.94,2.4
2003-08-19,20.0,17.2,24.9,10324,0.4,1.94,2.6
2003-08-20,18.2,10.5,24.5,21096,0.0,1.33,1.9
2003-08-21,18.5,8.5,26.8,20298,0.0,1.2,1.7
2003-08-22,21.2,12.8,28.0,19167,0.0,1.55,2.9
2003-08-23,19.5,15.3,22.9,10226,0.6,1.72,2.7
2003-08-24,17.0,11.7,21.8,18037,0.0,1.38,2.3
2003-08-25,17.8,10.3,25.5,19911,0.0,1.31,1.7
2003-08-26,18.0,8.3,25.7,18900,0.0,1.19,2.4
2003-08-27,16.4,13.2,19.3,10546,0.0,1.48,3.3
2003-08-28,16.8,11.7,22.3,13404,0.1,1.38,1.4
2003-08-29,18.7,12.3,26.3,12865,0.3,1.48,2.5
2003-08-30,16.2,10.9,21.3,10383,0.0,1.3,2.5
2003-08-31,13.6,9.0,19.1,16637,0.0,1.16,2.5
2003-09-01,12.4,8.9,17.1,12873,4.8,1.13,2.4
2003-09-02,11.4,2.9,17.9,16171,0.0,0.8,1.8
2003-09-03,11.0,1.4,18.2,11704,0.0,0.73,1.9
2003-09-04,14.6,9.1,17.8,7705,0.0,1.15,1.8
2003-09-05,15.9,9.0,22.7,16727,0.0,1.19,1.6
2003-09-06,17.3,8.8,25.2,19400,0.0,1.21,1.9
2003-09-07,18.4,11.5,26.4,18728,0.0,1.42,1.4
2003-09-08,18.9,11.5,26.7,17445,0.0,1.43,1.9
2003-09-09,16.6,12.2,22.5,11680,5.1,1.43,1.8
2003-09-10,14.4,12.5,18.5,10046,8.2,1.41,2.0
2003-09-11,12.2,7.8,14.5,8027,1.7,1.04,3.1
2003-09-12,12.3,6.9,18.1,7736,0.5,1.01,2.0
2003-09-13,14.4,12.2,17.2,7547,0.0,1.39,2.1
2003-09-14,15.4,8.0,20.5,13288,0.0,1.1,1.4
2003-09-15,13.8,6.0,22.3,17770,0.0,1.0,1.3
2003-09-16,14.2,8.1,22.1,13028,0.0,1.12,1.4
2003-09-17,14.9,9.4,22.4,15508,0.0,1.21,1.3
2003-09-18,18.2,9.6,28.0,17181,0.0,1.32,1.7
2003-09-19,19.6,11.5,29.7,17206,0.0,1.46,1.9
2003-09-20,19.3,10.3,29.9,16944,0.0,1.4,1.3
2003-09-21,19.8,10.3,30.1,16683,0.0,1.41,2.2
2003-09-22,20.8,10.4,30.4,16237,0.0,1.4,2.6
2003-09-23,15.4,8.3,22.6,7301,0.6,1.15,3.2
2003-09-24,10.0,3.6,16.9,13982,0.0,0.81,2.0
2003-09-25,10.3,1.7,18.1,15920,0.0,0.75,2.0
2003-09-26,13.5,5.6,21.0,15842,0.0,0.97,2.2
2003-09-27,12.6,6.3,18.4,9245,0.0,0.98,1.8
2003-09-28,13.2,5.2,20.1,10459,2.9,0.94,1.5
2003-09-29,13.9,10.4,17.9,7176,0.5,1.24,2.5
2003-09-30,10.3,5.1,15.0,9078,0.0,0.88,1.6
2003-10-01,11.5,3.8,18.7,13356,0.3,0.84,1.8
2003-10-02,11.6,6.5,14.7,5265,0.1,0.96,1.6
2003-10-03,11.3,3.9,18.8,7974,1.6,0.85,1.7
2003-10-04,12.4,4.7,15.2,6695,1.7,0.86,2.4
2003-10-05,7.2,3.5,11.4,5605,0.0,0.78,2.0
2003-10-06,8.3,4.6,12.4,6834,0.3,0.84,4.1
2003-10-07,8.8,6.7,11.0,5110,5.9,0.95,4.5
2003-10-08,8.7,6.1,12.6,4869,7.5,0.92,4.4
2003-10-09,9.1,6.2,12.3,5667,0.6,0.93,3.9
2003-10-10,12.4,9.3,14.6,4634,0.0,1.13,4.0
2003-10-11,12.1,9.7,15.6,6744,0.0,1.18,3.3
2003-10-12,8.6,2.0,12.7,8655,0.0,0.72,2.0
2003-10-13,5.7,-0.5,13.7,8842,0.0,0.63,1.7
2003-10-14,4.6,-2.1,10.8,6603,0.0,0.55,2.2
2003-10-15,7.1,4.2,11.7,5607,0.0,0.81,2.0
2003-10-16,5.8,-0.6,10.7,7297,0.0,0.6,2.0
2003-10-17,3.6,-1.5,9.9,10779,0.0,0.56,2.2
2003-10-18,3.4,-2.8,12.5,11142,0.0,0.54,1.7
2003-10-19,2.4,-2.9,10.8,10564,0.0,0.52,1.2
2003-10-20,3.0,-2.5,6.9,3905,0.0,0.51,1.8
2003-10-21,3.0,0.6,4.7,3836,5.5,0.62,1.8
2003-10-22,2.3,-1.6,4.6,3769,0.0,0.53,2.0
2003-10-23,-1.1,-5.4,5.2,8289,0.0,0.41,2.6
2003-10-24,-0.4,-3.5,3.9,6750,0.0,0.47,1.8
2003-10-25,3.7,-0.8,6.8,5712,2.6,0.57,3.5
2003-10-26,4.2,1.9,5.6,3508,5.8,0.68,2.3
2003-10-27,0.4,-4.4,5.4,9263,0.0,0.44,1.4
2003-10-28,2.0,-4.4,9.1,9263,0.0,0.46,2.0
2003-10-29,4.2,1.9,9.1,7665,0.3,0.69,2.1
2003-10-30,4.8,3.3,6.2,3263,0.0,0.75,1.9
2003-10-31,7.8,4.9,12.4,6135,0.0,0.85,2.7
2003-11-01,8.2,4.5,12.0,3146,0.0,0.83,2.5
2003-11-02,8.7,6.3,13.0,5405,0.0,0.93,3.1
2003-11-03,10.5,6.6,13.2,3636,0.0,0.96,4.2
2003-11-04,10.1,6.3,12.8,5003,0.0,0.94,2.9
2003-11-05,6.3,0.7,13.3,7160,0.0,0.66,1.8
2003-11-06,4.7,2.2,8.2,4850,0.0,0.69,2.2
2003-11-07,4.3,-0.3,6.0,2823,0.0,0.58,3.5
2003-11-08,5.5,2.9,8.8,5725,0.0,0.74,3.9
2003-11-09,3.4,1.4,5.0,2724,0.0,0.65,2.3
2003-11-10,2.8,-0.2,4.5,2676,0.0,0.58,2.6
2003-11-11,1.6,-1.5,6.9,6579,0.0,0.54,2.5
2003-11-12,0.3,-2.5,5.6,6109,0.0,0.5,2.3
2003-11-13,-2.1,-4.8,1.4,4577,0.0,0.42,1.6
2003-11-14,0.7,-5.6,6.5,5466,0.0,0.42,2.0
2003-11-15,5.9,2.9,10.3,3504,0.0,0.74,2.6
2003-11-16,3.9,-1.0,7.5,5111,8.0,0.56,1.9
2003-11-17,5.7,3.7,7.7,2375,3.9,0.77,3.4
2003-11-18,7.4,5.4,10.3,2337,4.1,0.87,3.7
2003-11-19,12.0,10.4,13.1,2299,0.0,1.22,4.1
2003-11-20,10.2,6.0,12.7,4549,0.0,0.91,2.1
2003-11-21,7.4,3.8,11.2,3901,0.0,0.79,2.1
2003-11-22,8.1,1.7,12.6,3607,0.0,0.7,2.0
2003-11-23,8.7,6.5,13.3,4332,0.0,0.95,2.2
2003-11-24,8.8,6.3,13.8,3468,0.0,0.94,2.1
2003-11-25,7.4,3.3,12.9,3426,0.2,0.78,1.6
2003-11-26,8.0,5.6,12.2,4744,4.8,0.89,2.2
2003-11-27,7.4,3.6,10.1,3253,0.0,0.77,1.4
2003-11-28,7.1,6.6,7.5,2018,1.8,0.94,2.1
2003-11-29,7.7,5.4,8.2,1993,5.6,0.86,1.7
2003-11-30,5.2,0.5,9.3,4415,0.0,0.63,2.6
2003-12-01,2.4,0.5,6.2,2260,0.0,0.62,2.6
2003-12-02,3.2,0.1,7.0,2102,0.0,0.61,2.4
2003-12-03,3.7,0.8,7.2,2169,0.7,0.63,1.7
2003-12-04,2.9,1.6,4.2,1883,0.1,0.66,2.0
2003-12-05,3.3,2.4,5.4,1865,0.9,0.7,2.4
2003-12-06,3.8,0.0,7.7,3413,0.8,0.61,4.0
2003-12-07,-2.4,-5.5,1.3,4814,0.0,0.4,2.2
2003-12-08,-2.5,-6.0,0.9,2118,0.0,0.39,1.7
2003-12-09,-1.4,-5.1,4.0,4797,0.0,0.42,1.5
2003-12-10,1.1,-3.2,7.6,4431,0.0,0.49,2.1
2003-12-11,2.2,-0.5,5.6,4493,5.7,0.58,3.0
2003-12-12,1.6,-1.1,3.0,1769,0.2,0.54,2.3
2003-12-13,6.3,0.1,11.6,1760,18.7,0.62,4.2
2003-12-14,7.2,1.7,10.4,1753,7.9,0.68,5.4
2003-12-15,1.3,0.2,2.5,1830,0.9,0.59,5.2
2003-12-16,1.0,-2.7,3.5,2492,0.4,0.49,3.3
2003-12-17,2.5,-2.0,4.7,1736,1.8,0.52,2.5
2003-12-18,2.7,-2.7,5.9,4523,0.0,0.5,1.9
2003-12-19,2.0,-2.9,7.1,4602,0.0,0.5,2.1
2003-12-20,5.7,3.8,7.5,1729,0.5,0.77,2.9
2003-12-21,7.0,3.6,9.6,2604,0.6,0.77,6.0
2003-12-22,1.2,-2.8,4.2,1814,0.1,0.49,3.6
2003-12-23,-3.9,-7.4,-0.8,4692,0.0,0.34,2.3
2003-12-24,-3.0,-6.1,1.2,4617,0.0,0.38,2.7
2003-12-25,1.6,-1.5,3.5,1742,0.0,0.53,3.0
2003-12-26,3.8,2.4,5.5,1748,0.0,0.7,2.9
2003-12-27,3.8,1.8,5.2,1755,0.0,0.67,3.8
2003-12-28,3.7,2.0,7.1,2522,0.0,0.69,3.7
2003-12-29,3.2,-3.1,6.4,2111,0.0,0.48,3.0
2003-12-30,-2.5,-5.0,1.0,1783,0.0,0.41,1.3
2003-12-31,-0.3,-2.8,1.7,2221,0.0,0.48,1.9
2004-01-01,-3.3,-4.6,-0.4,1851,0.0,0.42,1.8
2004-01-02,-2.8,-5.5,-0.2,2770,0.0,0.39,2.5
2004-01-03,-4.7,-8.9,-2.0,2530,0.0,0.31,1.4
2004-01-04,-6.2,-8.2,-3.1,3205,0.0,0.32,2.4
2004-01-05,-8.3,-11.3,-5.3,4722,0.0,0.25,2.2
2004-01-06,-6.3,-12.3,-1.9,3214,8.6,0.24,2.9
2004-01-07,1.3,-3.0,3.6,1910,0.5,0.48,2.0
2004-01-08,1.9,-1.1,6.1,3185,0.0,0.56,2.5
2004-01-09,0.1,-2.1,2.0,1953,2.5,0.5,2.5
2004-01-10,1.3,-1.5,2.8,1976,0.6,0.53,2.3
2004-01-11,2.4,-1.5,6.9,2185,10.3,0.54,3.5
2004-01-12,4.1,2.3,7.1,4340,1.4,0.7,3.7
2004-01-13,3.8,1.9,6.7,2054,3.3,0.68,4.2
2004-01-14,5.0,1.7,6.4,2082,2.2,0.67,4.8
2004-01-15,1.7,0.1,3.2,2112,4.0,0.6,3.3
2004-01-16,3.2,1.3,6.3,2142,2.4,0.65,4.2
2004-01-17,4.6,-0.5,7.5,2707,1.3,0.59,3.0
2004-01-18,-0.7,-4.8,1.8,2403,0.2,0.42,2.5
2004-01-19,-1.2,-4.0,1.0,2241,5.9,0.44,3.7
2004-01-20,-0.3,-1.5,1.2,2277,0.7,0.53,2.8
2004-01-21,-2.7,-7.7,-1.0,2616,0.0,0.34,1.6
2004-01-22,-8.3,-12.5,-3.1,5721,0.0,0.23,1.6
2004-01-23,-8.3,-12.7,-2.4,6313,0.0,0.23,1.9
2004-01-24,-9.2,-14.2,-1.8,6188,0.0,0.21,2.1
2004-01-25,-8.6,-11.9,-5.9,2472,0.2,0.24,1.7
2004-01-26,-4.3,-6.6,-1.4,2514,0.1,0.36,1.7
2004-01-27,-3.5,-4.7,-1.9,2558,0.0,0.41,1.6
2004-01-28,-2.4,-5.8,0.6,4951,0.0,0.39,2.6
2004-01-29,-1.1,-3.1,1.4,3699,2.5,0.47,3.6
2004-01-30,0.1,-1.2,1.7,3870,0.7,0.54,3.9
2004-01-31,2.3,-1.1,7.5,3593,5.6,0.56,4.7
2004-02-01,8.3,5.3,11.2,2795,7.0,0.87,5.0
2004-02-02,7.6,4.7,10.3,2903,2.5,0.83,3.9
2004-02-03,9.1,4.8,11.8,2897,3.2,0.84,3.3
2004-02-04,12.6,10.9,14.4,3188,0.2,1.27,3.8
2004-02-05,13.1,11.7,15.2,3005,1.9,1.33,4.3
2004-02-06,12.1,9.9,15.4,3121,1.6,1.19,3.5
2004-02-07,9.0,4.2,14.0,3670,3.6,0.82,5.3
2004-02-08,3.2,0.9,6.0,3734,4.9,0.63,5.3
2004-02-09,0.6,-2.7,3.8,4491,1.9,0.49,4.8
2004-02-10,-0.1,-3.9,2.3,3292,7.3,0.45,3.3
2004-02-11,-0.2,-5.0,2.2,5416,0.4,0.41,2.8
2004-02-12,-3.0,-7.2,-0.4,4915,0.1,0.35,1.4
2004-02-13,1.7,-1.0,4.0,3478,0.5,0.55,2.1
2004-02-14,3.0,0.8,4.8,3542,0.0,0.63,1.6
2004-02-15,0.9,-2.8,4.0,4147,0.0,0.48,1.6
2004-02-16,1.1,-0.9,2.0,3672,0.0,0.55,1.8
2004-02-17,2.0,0.5,3.8,3739,0.2,0.61,2.3
2004-02-18,1.8,-1.8,4.0,5066,0.6,0.52,2.4
2004-02-19,-0.8,-4.0,0.8,3875,0.0,0.44,3.7
2004-02-20,-2.1,-6.2,2.9,10886,0.0,0.39,3.5
2004-02-21,0.5,-6.1,7.7,10167,0.0,0.41,2.6
2004-02-22,2.0,-0.3,5.0,4453,0.0,0.58,2.2
2004-02-23,-0.1,-2.4,1.6,4159,0.0,0.5,2.7
2004-02-24,0.4,-1.1,3.9,9844,0.0,0.55,2.6
2004-02-25,-0.5,-3.5,1.8,4533,1.3,0.46,2.9
2004-02-26,-0.7,-3.3,2.8,5298,0.1,0.47,2.4
2004-02-27,-1.9,-5.7,3.2,8475,0.0,0.4,1.4
2004-02-28,-1.7,-6.1,3.8,7188,0.0,0.39,1.3
2004-02-29,-1.8,-6.5,1.1,4609,0.0,0.37,1.9
2004-03-01,0.0,-1.3,3.6,6441,3.3,0.54,2.6
2004-03-02,1.9,0.2,3.6,4764,1.2,0.6,3.2
2004-03-03,2.3,-5.5,6.2,9810,0.0,0.42,2.7
2004-03-04,-2.3,-7.2,1.4,6156,0.0,0.36,1.9
2004-03-05,-0.8,-5.1,3.4,14139,0.0,0.41,3.0
2004-03-06,-0.7,-5.3,3.7,10451,0.3,0.41,2.2
2004-03-07,1.2,-3.1,4.3,6519,0.0,0.48,1.7
2004-03-08,0.0,-4.2,5.4,9521,0.0,0.45,2.0
2004-03-09,0.5,-0.9,2.1,5413,1.6,0.55,2.6
2004-03-10,1.4,0.5,2.2,5409,0.6,0.61,2.7
2004-03-11,3.6,0.3,7.6,8042,0.0,0.62,2.3
2004-03-12,4.2,-0.4,9.8,10544,0.0,0.6,3.0
2004-03-13,6.5,1.8,10.6,8345,4.2,0.69,2.8
2004-03-14,7.8,4.7,13.7,9626,0.0,0.85,2.7
2004-03-15,9.8,5.8,15.1,6646,0.0,0.92,3.4
2004-03-16,11.3,7.0,15.0,6370,0.0,0.99,2.8
2004-03-17,12.7,7.3,19.7,14149,0.0,1.05,2.0
2004-03-18,12.0,5.4,17.7,13087,0.0,0.92,1.6
2004-03-19,13.6,10.8,17.3,9179,1.0,1.28,4.3
2004-03-20,10.8,6.9,14.6,7200,9.9,0.98,5.9
2004-03-21,10.1,5.9,14.9,10641,0.7,0.93,6.4
2004-03-22,7.5,3.0,12.4,9892,0.4,0.76,3.8
2004-03-23,5.8,-0.3,10.1,13598,0.0,0.61,1.8
2004-03-24,5.7,3.1,8.4,6591,1.3,0.75,3.0
2004-03-25,2.7,1.3,4.2,6677,0.0,0.64,2.7
2004-03-26,0.2,-3.8,4.2,7258,1.4,0.46,2.1
2004-03-27,1.3,-3.7,5.1,10947,0.0,0.46,1.7
2004-03-28,4.1,-0.6,8.0,7033,0.0,0.58,1.7
2004-03-29,6.5,0.5,13.5,10971,0.0,0.65,1.7
2004-03-30,7.0,-1.7,15.2,17408,0.0,0.59,2.7
2004-03-31,8.2,0.8,15.4,19717,0.0,0.68,2.5
2004-04-01,9.4,2.7,15.1,18330,0.0,0.76,3.2
2004-04-02,9.2,4.2,14.5,18795,0.0,0.83,3.5
2004-04-03,10.6,2.7,18.9,16333,0.1,0.8,2.7
2004-04-04,11.2,6.2,17.8,13943,2.4,0.97,3.3
2004-04-05,8.0,3.6,14.1,15228,0.5,0.8,3.3
2004-04-06,6.7,3.5,11.7,10563,1.5,0.78,3.1
2004-04-07,6.2,1.8,11.7,15265,0.1,0.7,2.6
2004-04-08,5.1,0.8,9.6,10221,0.4,0.64,2.4
2004-04-09,4.2,0.9,7.2,7934,3.4,0.63,2.3
2004-04-10,7.1,3.8,13.0,15086,0.4,0.8,2.4
2004-04-11,6.2,-1.4,13.1,19794,0.0,0.59,2.1
2004-04-12,5.9,-1.0,11.0,14328,0.0,0.58,2.1
2004-04-13,7.9,3.3,11.3,8255,0.0,0.76,1.8
2004-04-14,8.1,-1.7,15.6,22531,0.0,0.59,1.7
2004-04-15,11.6,-0.1,19.6,22451,0.0,0.69,1.8
2004-04-16,12.6,5.8,19.3,21471,0.0,0.96,1.7
2004-04-17,12.4,5.0,19.1,19244,0.0,0.91,1.9
2004-04-18,14.5,7.7,20.6,20155,0.0,1.08,2.6
2004-04-19,11.2,5.7,15.2,9398,0.0,0.91,2.4
2004-04-20,10.3,4.8,16.7,14368,0.0,0.88,1.6
2004-04-21,12.8,2.6,21.8,18119,0.0,0.82,1.5
2004-04-22,14.8,5.6,22.8,21207,0.0,0.99,1.5
2004-04-23,11.0,5.3,17.0,11084,3.7,0.91,2.4
2004-04-24,8.9,6.3,12.6,10817,0.4,0.93,2.3
2004-04-25,10.5,5.3,17.0,19003,0.0,0.91,1.8
2004-04-26,9.8,8.0,12.2,9225,1.8,1.03,1.7
2004-04-27,12.6,7.7,17.7,16641,0.0,1.06,1.9
2004-04-28,13.1,5.8,19.7,24803,0.0,0.97,2.5
2004-04-29,14.2,7.3,19.9,22101,0.0,1.05,2.8
2004-04-30,16.8,10.0,23.0,23616,0.0,1.27,3.3
2004-05-01,17.0,10.3,22.1,16405,0.6,1.27,2.3
2004-05-02,14.0,10.5,17.2,9626,0.0,1.24,2.0
2004-05-03,15.4,10.0,21.5,20958,3.0,1.25,1.8
2004-05-04,16.6,11.3,22.0,14270,0.0,1.35,2.1
2004-05-05,17.9,9.9,24.5,21852,0.0,1.27,2.0
2004-05-06,14.7,7.2,22.4,15847,0.9,1.08,2.1
2004-05-07,11.6,6.9,15.9,12447,1.4,0.99,3.3
2004-05-08,10.7,5.3,15.3,16830,0.0,0.89,2.7
2004-05-09,10.5,6.4,14.4,13775,3.3,0.95,2.0
2004-05-10,12.7,9.8,19.3,13838,18.0,1.21,2.2
2004-05-11,14.1,9.2,20.4,17280,3.4,1.17,2.0
2004-05-12,12.0,9.7,15.0,12993,3.9,1.18,2.1
2004-05-13,9.5,6.0,12.0,10384,1.6,0.91,2.1
2004-05-14,10.1,4.4,15.2,18688,0.0,0.85,1.4
2004-05-15,10.3,3.4,14.0,10607,5.7,0.78,2.8
2004-05-16,12.5,8.0,17.4,17839,0.0,1.07,2.4
2004-05-17,14.2,11.3,17.4,11436,0.0,1.31,1.6
2004-05-18,16.3,10.1,20.7,16733,0.0,1.25,2.1
2004-05-19,15.7,6.3,22.2,25099,0.0,1.02,2.9
2004-05-20,14.4,10.7,19.0,23569,0.0,1.27,2.0
2004-05-21,10.6,6.0,16.8,14314,9.2,0.94,2.5
2004-05-22,8.7,4.9,13.2,22211,1.6,0.86,3.1
2004-05-23,6.4,4.0,10.1,14526,7.6,0.8,3.3
2004-05-24,8.2,3.4,11.3,17149,0.1,0.77,2.5
2004-05-25,11.5,7.9,15.6,16208,0.6,1.05,2.5
2004-05-26,10.4,4.5,14.4,15017,0.0,0.84,2.4
2004-05-27,10.0,3.2,15.6,19493,0.0,0.79,1.8
2004-05-28,12.3,5.0,19.2,22123,0.0,0.91,1.6
2004-05-29,13.9,4.3,21.2,27595,0.0,0.9,1.5
2004-05-30,16.4,4.7,24.1,28378,0.0,0.96,1.8
2004-05-31,18.6,10.5,24.6,22979,0.0,1.33,2.1
2004-06-01,15.6,11.5,22.5,20045,4.7,1.37,1.6
2004-06-02,14.6,11.1,17.3,11536,0.0,1.29,1.8
2004-06-03,17.4,9.2,23.6,26173,0.0,1.22,2.1
2004-06-04,15.8,7.0,23.3,19141,3.9,1.08,1.7
2004-06-05,15.3,11.8,19.0,14705,0.0,1.36,2.0
2004-06-06,16.1,9.7,22.4,24397,0.0,1.23,1.6
2004-06-07,17.6,8.5,24.3,21444,0.0,1.18,1.6
2004-06-08,20.8,12.6,27.2,25434,0.0,1.52,1.7
2004-06-09,17.0,13.1,22.2,17388,2.3,1.51,2.0
2004-06-10,20.3,15.1,25.5,19886,1.1,1.72,1.8
2004-06-11,19.1,15.8,24.5,16921,6.7,1.78,2.6
2004-06-12,15.4,12.2,19.5,18548,4.5,1.4,2.5
2004-06-13,15.3,9.4,20.7,19428,1.5,1.19,2.3
2004-06-14,15.9,10.1,19.6,19810,0.0,1.23,2.6
2004-06-15,18.4,12.1,24.4,16340,4.8,1.45,3.4
2004-06-16,13.1,7.1,17.9,19327,0.0,1.03,3.5
2004-06-17,13.8,7.0,21.9,12623,13.5,1.05,3.1
2004-06-18,13.6,10.3,18.1,13619,1.3,1.23,2.6
2004-06-19,13.8,8.6,18.2,15732,0.7,1.12,2.4
2004-06-20,13.7,6.6,18.6,21940,0.0,1.0,1.8
2004-06-21,15.0,7.4,20.6,25538,0.5,1.07,1.9
2004-06-22,15.9,8.9,21.7,19697,0.0,1.18,1.7
2004-06-23,18.5,11.8,24.8,21056,3.9,1.42,3.4
2004-06-24,17.3,12.8,21.9,23406,0.0,1.48,4.6
2004-06-25,15.3,12.4,19.5,21162,0.1,1.41,3.7
2004-06-26,14.8,8.2,20.2,22390,0.0,1.11,2.1
2004-06-27,15.6,7.1,22.5,14315,0.1,1.06,1.7
2004-06-28,17.2,9.9,22.4,20748,0.0,1.26,3.2
2004-06-29,14.4,8.9,20.5,20731,5.1,1.15,2.7
2004-06-30,16.6,10.6,22.7,19473,0.0,1.31,1.8
2004-07-01,18.2,11.2,25.5,18090,4.1,1.38,2.7
2004-07-02,16.0,10.5,21.5,19925,0.0,1.28,2.5
2004-07-03,15.0,10.3,20.6,20520,3.5,1.25,3.2
2004-07-04,17.2,10.2,22.2,20246,0.0,1.27,2.6
2004-07-05,17.4,11.7,23.6,24543,1.6,1.39,2.2
2004-07-06,15.3,7.9,21.4,22164,0.0,1.1,2.0
2004-07-07,17.9,6.1,25.0,26574,0.0,1.05,2.2
2004-07-08,21.8,15.1,29.7,23947,22.2,1.8,2.1
2004-07-09,17.9,14.5,22.7,13559,1.1,1.63,3.0
2004-07-10,15.3,11.5,18.4,15005,1.1,1.34,3.1
2004-07-11,15.2,9.7,20.4,22228,3.9,1.21,3.1
2004-07-12,14.1,11.7,16.9,11739,3.4,1.34,3.3
2004-07-13,14.1,10.8,18.7,12564,0.2,1.28,3.2
2004-07-14,15.4,11.5,19.2,14858,0.5,1.34,2.7
2004-07-15,17.1,13.6,20.8,12000,0.0,1.53,2.6
2004-07-16,18.1,12.9,22.0,12573,2.7,1.49,1.7
2004-07-17,20.8,11.4,27.9,24636,0.0,1.43,1.8
2004-07-18,23.5,17.5,29.9,23602,0.4,2.05,1.9
2004-07-19,20.9,16.1,26.7,17690,2.8,1.84,1.8
2004-07-20,22.7,15.1,30.7,23241,8.2,1.81,2.0
2004-07-21,21.7,16.1,27.1,24031,0.0,1.84,1.6
2004-07-22,17.2,13.6,20.5,12792,16.1,1.53,1.3
2004-07-23,19.9,12.9,27.3,21960,0.0,1.56,1.8
2004-07-24,20.2,15.2,24.4,13659,0.0,1.72,2.2
2004-07-25,18.6,11.3,24.5,22189,4.0,1.39,2.0
2004-07-26,15.4,13.2,19.0,13429,0.3,1.49,1.8
2004-07-27,15.8,11.1,21.2,18191,0.1,1.32,1.8
2004-07-28,17.1,9.2,23.1,24017,0.0,1.22,1.5
2004-07-29,18.2,9.4,25.4,27778,0.0,1.26,1.9
2004-07-30,20.8,13.4,27.8,27329,0.0,1.61,1.5
2004-07-31,21.9,11.8,29.4,24488,5.4,1.51,1.3
2004-08-01,20.3,14.1,25.9,22134,0.0,1.63,1.6
2004-08-02,19.0,11.7,24.8,21573,0.0,1.42,1.4
2004-08-03,19.2,12.4,25.2,19349,0.0,1.49,1.4
2004-08-04,21.4,12.4,28.9,24953,0.0,1.55,1.4
2004-08-05,23.7,15.6,30.1,23436,0.0,1.84,2.0
2004-08-06,22.3,15.8,28.6,24754,0.0,1.83,2.1
2004-08-07,22.3,15.3,28.8,24063,0.0,1.79,2.1
2004-08-08,22.7,14.9,29.4,22787,0.0,1.77,2.5
2004-08-09,22.4,12.6,29.4,24204,0.0,1.56,2.5
2004-08-10,23.1,14.3,30.8,24678,0.0,1.73,2.6
2004-08-11,23.9,17.0,30.7,20498,0.0,2.0,1.7
2004-08-12,23.5,15.4,31.7,21786,2.9,1.86,1.7
2004-08-13,19.3,15.4,24.5,13708,0.1,1.74,3.2
2004-08-14,17.3,12.3,22.9,13279,1.6,1.44,2.5
2004-08-15,17.8,11.3,25.3,23059,0.0,1.39,1.9
2004-08-16,20.9,12.9,28.0,21567,0.0,1.55,2.0
2004-08-17,22.1,16.3,28.3,17577,0.4,1.88,1.9
2004-08-18,22.4,17.5,28.8,17473,0.0,2.03,2.3
2004-08-19,22.0,17.6,27.0,10584,0.6,2.01,3.3
2004-08-20,18.7,12.5,23.5,12417,1.7,1.46,2.8
2004-08-21,17.0,11.8,21.9,14345,0.0,1.38,2.6
2004-08-22,15.4,7.2,21.2,19941,0.0,1.06,2.0
2004-08-23,15.5,5.3,22.5,17481,0.0,0.98,1.9
2004-08-24,17.0,12.7,23.6,12383,22.3,1.49,2.4
2004-08-25,16.7,12.6,21.9,13279,0.4,1.45,3.2
2004-08-26,16.4,11.9,21.6,13837,2.8,1.39,3.0
2004-08-27,16.4,14.1,19.8,11221,5.2,1.57,3.0
2004-08-28,17.5,14.2,21.9,10366,0.0,1.59,2.1
2004-08-29,17.6,12.9,24.3,12870,0.2,1.52,1.8
2004-08-30,16.1,11.8,22.6,11797,3.8,1.4,2.9
2004-08-31,14.1,10.4,19.1,14799,2.4,1.25,3.0
2004-09-01,14.0,7.1,19.3,18938,0.0,1.04,2.3
2004-09-02,15.0,5.1,22.9,20912,0.0,0.95,1.4
2004-09-03,17.9,10.2,26.3,20651,0.0,1.33,1.3
2004-09-04,17.6,8.9,26.0,20390,0.0,1.24,1.1
2004-09-05,17.4,7.7,25.5,19296,0.0,1.14,1.5
2004-09-06,18.4,10.6,26.4,19969,0.0,1.35,1.6
2004-09-07,17.4,9.3,25.7,16315,0.0,1.25,1.9
2004-09-08,14.9,5.8,21.7,17911,0.0,0.99,2.0
2004-09-09,11.4,2.3,18.8,19282,0.0,0.78,1.9
2004-09-10,14.7,4.0,22.9,19019,0.0,0.9,2.4
2004-09-11,17.9,11.0,24.0,10841,0.6,1.35,2.3
2004-09-12,15.9,9.6,20.5,8741,1.0,1.21,3.5
2004-09-13,15.6,8.8,21.0,13387,0.0,1.16,3.1
2004-09-14,19.5,13.7,26.1,12471,0.0,1.61,3.1
2004-09-15,16.3,11.2,21.4,14586,0.0,1.34,3.3
2004-09-16,11.7,3.9,17.9,15605,0.0,0.84,1.9
2004-09-17,11.7,2.0,20.1,17469,0.0,0.78,2.0
2004-09-18,14.3,3.0,22.8,17206,0.0,0.85,2.1
2004-09-19,17.0,12.0,24.4,13446,0.4,1.43,2.0
2004-09-20,16.4,11.9,20.1,10491,0.1,1.39,3.3
2004-09-21,13.9,9.7,17.3,7953,1.7,1.19,5.3
2004-09-22,11.6,9.3,15.7,9516,0.1,1.15,4.7
2004-09-23,11.2,8.1,15.0,6840,9.0,1.06,4.0
2004-09-24,11.8,9.3,15.8,8928,1.9,1.14,3.5
2004-09-25,12.4,9.9,16.2,7559,1.2,1.19,2.9
2004-09-26,10.3,7.3,11.9,5853,0.1,0.99,2.3
2004-09-27,12.5,8.9,15.1,7804,0.1,1.11,2.7
2004-09-28,13.5,10.2,16.7,5948,0.5,1.21,2.4
2004-09-29,14.0,10.7,18.1,8035,10.0,1.26,2.8
2004-09-30,11.6,9.7,14.8,6294,0.0,1.17,1.5
2004-10-01,10.1,4.6,15.6,8081,0.0,0.86,1.6
2004-10-02,11.5,3.6,18.1,10172,0.0,0.83,2.0
2004-10-03,12.5,5.7,19.3,12305,0.0,0.95,1.9
2004-10-04,13.9,5.5,20.9,9752,0.0,0.96,2.4
2004-10-05,19.0,12.7,26.8,12911,0.0,1.52,2.3
2004-10-06,17.0,12.5,23.2,7875,10.3,1.46,2.4
2004-10-07,12.6,7.7,17.8,11632,0.0,1.05,2.4
2004-10-08,8.7,3.9,12.7,5747,0.0,0.81,1.6
2004-10-09,6.3,1.0,11.9,6922,0.0,0.67,1.7
2004-10-10,4.8,0.3,11.7,9633,0.0,0.64,2.4
2004-10-11,5.0,0.6,10.9,12364,0.0,0.64,3.2
2004-10-12,4.9,-0.9,11.1,11824,0.0,0.59,3.4
2004-10-13,7.7,0.6,13.9,10007,0.0,0.67,2.6
2004-10-14,7.9,5.2,10.4,5083,0.0,0.86,2.6
2004-10-15,8.2,2.8,10.3,4483,1.6,0.74,2.4
2004-10-16,6.5,1.5,9.7,4115,2.7,0.68,2.0
2004-10-17,7.6,4.1,11.2,6000,0.0,0.81,3.0
2004-10-18,10.1,8.4,12.8,4547,0.6,1.07,3.8
2004-10-19,7.6,-0.1,13.7,9571,0.0,0.64,1.7
2004-10-20,7.7,-0.5,14.5,7828,3.9,0.63,2.7
2004-10-21,12.3,3.3,21.3,6885,0.0,0.86,3.3
2004-10-22,10.4,4.2,18.3,10274,0.0,0.86,2.8
2004-10-23,14.7,6.7,19.8,6614,0.0,1.02,3.3
2004-10-24,17.2,10.9,22.4,8924,0.0,1.32,2.7
2004-10-25,15.2,9.2,21.1,6219,0.0,1.19,3.1
2004-10-26,10.8,8.7,12.1,3445,12.3,1.09,1.7
2004-10-27,9.2,7.9,10.8,3512,2.8,1.03,1.8
2004-10-28,9.5,7.1,11.6,3322,0.0,0.97,2.1
2004-10-29,10.8,6.7,14.0,4209,1.4,0.97,1.6
2004-10-30,11.4,8.0,12.2,3204,7.1,1.03,1.4
2004-10-31,10.0,7.9,13.1,4071,0.0,1.04,1.7
2004-11-01,9.0,7.3,10.4,3089,0.0,0.98,2.0
2004-11-02,8.7,6.9,10.5,3034,0.0,0.96,2.4
2004-11-03,9.8,7.0,12.4,3277,0.0,0.98,1.7
2004-11-04,12.0,9.7,14.6,2926,0.5,1.17,1.6
2004-11-05,9.9,4.9,12.3,4269,0.1,0.85,3.1
2004-11-06,5.7,3.6,7.9,3110,6.4,0.76,2.9
2004-11-07,5.1,2.5,6.8,2773,0.9,0.7,2.0
2004-11-08,2.5,-0.4,4.5,3061,3.2,0.57,1.4
2004-11-09,5.0,3.2,7.3,2676,5.4,0.74,2.4
2004-11-10,4.0,0.6,7.2,5591,0.0,0.63,2.2
2004-11-11,3.1,0.3,5.2,2584,0.0,0.6,1.3
2004-11-12,4.6,3.2,6.1,2540,4.3,0.74,2.7
2004-11-13,4.2,-0.2,7.2,3451,1.4,0.59,3.1
2004-11-14,0.9,-0.3,3.2,3084,0.0,0.57,2.0
2004-11-15,2.5,-0.4,5.2,2466,0.3,0.58,2.6
2004-11-16,6.3,4.6,8.6,2478,6.9,0.82,2.6
2004-11-17,8.0,5.3,11.6,2337,5.2,0.87,4.1
2004-11-18,8.0,2.3,12.2,2350,18.3,0.73,5.2
2004-11-19,0.1,-2.0,2.7,3506,6.1,0.51,3.9
2004-11-20,0.7,-0.5,1.5,2229,2.5,0.57,3.9
2004-11-21,0.8,-1.3,2.9,3169,0.2,0.54,2.6
2004-11-22,4.7,0.4,9.6,2162,8.7,0.63,4.5
2004-11-23,5.7,0.0,9.7,3086,0.0,0.62,4.1
2004-11-24,-0.7,-4.4,2.6,5508,0.0,0.44,1.5
2004-11-25,-0.4,-3.9,5.0,2963,0.0,0.46,1.8
2004-11-26,0.1,-4.7,4.3,4925,0.5,0.43,2.5
2004-11-27,4.8,1.5,6.6,2018,1.5,0.66,2.6
2004-11-28,5.6,4.1,6.9,2038,1.1,0.79,1.6
2004-11-29,4.9,2.4,6.3,1968,0.7,0.7,1.2
2004-11-30,2.9,1.0,4.1,1945,0.0,0.63,2.1
2004-12-01,3.5,0.6,6.5,1924,1.6,0.63,1.7
2004-12-02,2.5,-0.3,4.2,1903,0.0,0.58,1.7
2004-12-03,1.5,-1.4,3.8,2103,0.0,0.53,1.7
2004-12-04,2.1,-0.5,3.8,1865,0.0,0.57,2.2
2004-12-05,1.9,-0.9,5.3,3239,0.3,0.56,2.5
2004-12-06,5.9,5.0,6.7,1832,0.0,0.83,2.4
2004-12-07,5.2,4.1,5.8,1817,0.0,0.78,2.1
2004-12-08,4.5,3.2,5.9,2017,0.0,0.74,1.9
2004-12-09,3.0,-0.5,4.5,1791,0.0,0.57,1.9
2004-12-10,-0.9,-4.1,2.2,4027,0.0,0.44,1.5
2004-12-11,-1.6,-5.4,1.3,3797,0.4,0.4,1.4
2004-12-12,1.0,0.1,1.7,1760,0.1,0.59,1.2
2004-12-13,0.0,-1.3,1.0,1753,0.0,0.53,1.4
2004-12-14,-1.8,-3.7,-1.0,1746,0.0,0.45,1.9
2004-12-15,-0.1,-4.5,5.3,4497,0.0,0.44,2.4
2004-12-16,0.2,-2.1,4.3,4530,0.5,0.51,2.9
2004-12-17,2.1,-0.8,5.4,2149,3.0,0.56,3.8
2004-12-18,2.2,0.3,3.7,1980,3.6,0.6,4.2
2004-12-19,0.0,-3.1,2.1,1979,0.8,0.47,2.5
2004-12-20,-1.2,-4.3,2.6,4268,0.0,0.44,2.4
2004-12-21,-2.0,-6.3,4.5,4396,0.0,0.39,1.6
2004-12-22,-2.3,-7.0,1.0,2317,2.1,0.36,3.8
2004-12-23,4.0,0.5,7.9,1737,3.0,0.62,4.9
2004-12-24,6.8,2.8,9.7,2327,0.2,0.73,5.0
2004-12-25,6.3,0.2,10.3,1748,0.1,0.63,3.3
2004-12-26,2.4,0.0,3.8,1755,12.0,0.59,1.8
2004-12-27,0.9,0.2,1.9,1763,6.2,0.59,2.3
2004-12-28,0.8,-0.3,3.0,2069,0.0,0.58,2.9
2004-12-29,1.8,0.8,2.6,1783,1.3,0.62,2.3
2004-12-30,2.9,0.9,4.9,1923,0.0,0.63,3.1
2004-12-31,4.9,3.8,6.2,1808,5.7,0.77,2.8
2005-01-01,5.6,4.3,6.7,1893,0.3,0.8,2.7
2005-01-02,5.9,3.6,8.3,2166,5.0,0.76,5.4
2005-01-03,3.8,1.0,6.0,1924,6.8,0.64,5.0
2005-01-04,6.8,5.5,8.2,1853,0.7,0.87,5.2
2005-01-05,5.5,4.1,7.0,1959,1.7,0.79,3.5
2005-01-06,5.1,2.9,7.9,3082,0.3,0.73,4.1
2005-01-07,7.8,3.5,10.0,1910,0.0,0.76,5.0
2005-01-08,10.0,6.3,14.2,4394,1.1,0.94,5.8
2005-01-09,6.4,4.2,8.8,4526,0.0,0.8,4.3
2005-01-10,9.3,6.3,12.8,2431,0.0,0.94,3.9
2005-01-11,7.6,5.1,8.9,2047,0.0,0.85,3.1
2005-01-12,7.8,4.5,10.7,2073,0.6,0.82,3.5
2005-01-13,4.5,2.2,6.9,3454,0.3,0.69,3.8
2005-01-14,3.4,1.7,5.4,2694,0.5,0.67,2.5
2005-01-15,1.8,-3.7,4.1,2112,0.0,0.46,1.5
2005-01-16,-0.1,-4.5,5.1,5647,0.0,0.44,2.0
2005-01-17,1.6,-1.1,5.6,4307,0.0,0.55,2.9
2005-01-18,2.7,0.2,3.9,2207,1.0,0.6,3.6
2005-01-19,2.4,0.2,5.6,3775,3.0,0.6,3.7
2005-01-20,4.2,1.6,6.2,2277,15.0,0.66,6.3
2005-01-21,3.7,1.1,5.5,2667,8.7,0.64,5.8
2005-01-22,0.9,-1.6,2.7,2760,0.2,0.53,3.6
2005-01-23,0.5,-0.8,2.6,2803,3.6,0.56,3.0
2005-01-24,-1.1,-2.4,-0.1,3004,4.2,0.49,3.5
2005-01-25,-2.5,-3.3,-1.6,2472,0.6,0.46,3.0
2005-01-26,-3.9,-5.0,-2.5,2514,0.0,0.4,2.9
2005-01-27,-4.8,-7.0,-3.4,4340,3.0,0.35,1.6
2005-01-28,-3.8,-10.0,-0.7,3040,0.1,0.29,1.1
2005-01-29,-6.9,-14.4,-2.7,2649,0.0,0.21,1.4
2005-01-30,-2.1,-5.2,0.8,3144,1.7,0.4,2.5
2005-01-31,2.4,-0.1,4.6,2745,4.1,0.59,4.1
2005-02-01,1.6,0.0,4.5,4969,0.0,0.59,3.4
2005-02-02,0.8,-1.1,2.6,2846,2.8,0.55,3.2
2005-02-03,1.0,-2.6,3.2,4655,0.0,0.49,2.0
2005-02-04,-0.3,-4.0,2.7,2951,0.0,0.45,1.6
2005-02-05,-3.0,-5.7,1.7,7565,0.0,0.39,2.6
2005-02-06,-4.5,-8.0,1.0,7675,0.0,0.34,2.3
2005-02-07,-5.4,-10.0,0.5,7726,0.0,0.29,2.2
2005-02-08,-1.9,-5.2,2.0,8149,0.0,0.41,1.8
2005-02-09,-0.6,-5.2,4.2,8079,0.0,0.42,2.0
2005-02-10,3.5,0.6,6.8,3356,3.3,0.63,4.0
2005-02-11,3.3,-1.7,7.8,6382,1.1,0.54,2.7
2005-02-12,4.3,-1.7,10.1,3415,13.5,0.55,5.3
2005-02-13,2.7,-0.5,5.5,3544,3.9,0.57,5.5
2005-02-14,-1.0,-2.7,0.0,3542,1.0,0.48,4.0
2005-02-15,-0.6,-2.0,0.4,3674,0.9,0.51,3.5
2005-02-16,-0.9,-1.4,-0.1,3672,3.4,0.53,3.3
2005-02-17,-1.1,-2.9,0.3,3739,0.2,0.47,1.8
2005-02-18,-3.3,-6.9,-1.2,5206,0.3,0.36,2.6
2005-02-19,-1.9,-4.3,-0.1,3875,0.4,0.43,2.3
2005-02-20,0.7,-1.9,4.3,7237,0.2,0.52,1.6
2005-02-21,-0.9,-3.6,3.1,5318,0.0,0.46,2.5
2005-02-22,-2.9,-4.9,-0.8,4087,2.0,0.41,3.4
2005-02-23,-0.5,-4.8,0.7,4159,3.5,0.42,2.5
2005-02-24,-3.2,-8.0,0.8,6103,2.4,0.33,1.7
2005-02-25,-0.2,-1.2,1.0,4306,2.4,0.54,1.5
2005-02-26,-0.9,-4.6,1.2,4380,3.0,0.42,2.0
2005-02-27,-5.7,-10.5,-1.7,9171,0.8,0.28,3.6
2005-02-28,-6.8,-13.4,-1.8,9766,0.8,0.23,2.6
2005-03-01,-3.8,-6.3,-0.6,10924,3.0,0.37,3.2
2005-03-02,-3.2,-6.4,1.5,11068,0.0,0.38,2.2
2005-03-03,-3.2,-8.2,2.2,7827,0.0,0.33,2.1
2005-03-04,-2.6,-4.0,-0.7,4924,0.1,0.44,1.5
2005-03-05,-2.9,-5.1,0.6,7225,0.5,0.41,2.2
2005-03-06,-3.2,-5.8,-0.4,5002,0.8,0.39,2.6
2005-03-07,-2.1,-7.2,1.2,5334,0.0,0.35,2.6
2005-03-08,1.9,0.3,4.0,5756,0.0,0.6,3.0
2005-03-09,-0.9,-4.9,1.2,5245,0.4,0.41,2.5
2005-03-10,-3.6,-10.5,1.8,12492,0.0,0.29,2.0
2005-03-11,0.4,-3.2,2.5,5409,6.0,0.47,5.0
2005-03-12,1.9,0.3,3.9,5756,3.3,0.6,4.9
2005-03-13,1.1,-1.2,3.8,9213,0.0,0.54,3.0
2005-03-14,2.5,-0.4,5.9,7897,0.0,0.58,2.4
2005-03-15,5.3,-1.3,10.4,7729,0.0,0.57,2.6
2005-03-16,11.6,5.9,17.5,9562,0.0,0.95,3.5
2005-03-17,13.3,11.1,16.2,6554,2.8,1.28,4.7
2005-03-18,11.5,4.9,14.7,6088,3.1,0.86,3.9
2005-03-19,1.6,-2.8,5.3,10191,0.2,0.49,2.5
2005-03-20,0.0,-5.0,5.6,17090,0.0,0.43,2.0
2005-03-21,1.1,-4.2,6.8,15744,0.0,0.46,2.3
2005-03-22,4.3,-4.1,12.8,16478,0.0,0.49,2.7
2005-03-23,7.7,-0.1,12.0,6614,0.0,0.62,1.7
2005-03-24,11.2,4.2,17.7,15347,0.0,0.86,1.7
2005-03-25,11.0,3.9,19.6,15890,0.0,0.86,1.6
2005-03-26,9.5,6.3,11.5,6677,0.4,0.92,1.5
2005-03-27,8.7,4.5,13.0,7755,0.0,0.83,2.3
2005-03-28,6.8,2.7,13.1,13247,0.0,0.75,2.2
2005-03-29,7.0,0.3,13.8,18310,0.0,0.65,2.4
2005-03-30,6.2,1.0,12.0,17762,0.0,0.67,3.0
2005-03-31,4.7,-1.4,10.9,19857,0.0,0.57,2.5
2005-04-01,5.7,-2.7,13.5,19306,0.0,0.54,2.4
2005-04-02,7.9,-1.7,17.0,19467,0.0,0.61,2.3
2005-04-03,10.3,-0.7,20.0,18795,0.0,0.67,1.9
2005-04-04,12.5,1.2,20.8,19681,0.0,0.75,1.9
2005-04-05,10.6,4.8,19.3,13311,0.6,0.9,2.5
2005-04-06,10.6,2.2,16.6,18510,1.0,0.76,2.8
2005-04-07,12.8,9.9,17.4,10456,0.2,1.2,3.9
2005-04-08,10.4,6.2,14.7,10233,0.2,0.94,2.5
2005-04-09,6.8,1.6,10.6,9682,3.7,0.69,2.7
2005-04-10,5.1,0.7,8.6,12046,0.0,0.63,2.2
2005-04-11,7.6,1.3,14.4,17588,0.0,0.69,2.4
2005-04-12,8.4,0.6,15.1,15421,0.0,0.67,1.7
2005-04-13,10.4,3.8,16.7,12680,0.0,0.82,1.3
2005-04-14,12.8,4.4,20.2,19184,0.0,0.9,1.6
2005-04-15,13.9,6.4,21.5,17096,0.0,1.02,2.1
2005-04-16,14.2,4.4,21.5,20668,0.0,0.9,3.1
2005-04-17,15.1,10.2,21.2,15316,0.0,1.26,3.1
2005-04-18,13.1,7.9,18.7,20818,0.0,1.08,2.4
2005-04-19,11.6,6.9,16.8,19478,0.0,1.0,3.0
2005-04-20,6.4,0.9,12.0,23338,0.0,0.67,3.1
2005-04-21,3.3,-4.3,10.1,23470,0.0,0.47,1.7
2005-04-22,6.0,-2.6,13.5,18233,0.0,0.54,1.4
2005-04-23,7.6,-1.0,14.7,19717,0.0,0.62,2.0
2005-04-24,9.6,1.2,16.6,21900,0.0,0.72,2.5
2005-04-25,11.3,5.4,17.0,12549,0.0,0.91,3.0
2005-04-26,12.1,4.6,19.0,21436,0.4,0.9,2.3
2005-04-27,11.5,5.4,16.1,11318,8.4,0.9,2.6
2005-04-28,10.1,3.3,17.2,20839,0.0,0.81,1.9
2005-04-29,11.9,2.3,18.0,19188,0.0,0.77,1.6
2005-04-30,15.7,10.2,21.8,17643,0.0,1.27,1.2
2005-05-01,18.6,11.4,25.7,23027,0.0,1.4,1.5
2005-05-02,21.2,10.7,30.9,22069,0.0,1.44,2.2
2005-05-03,19.2,13.2,24.3,15305,0.0,1.53,1.8
2005-05-04,15.5,9.5,20.3,15146,0.1,1.2,2.6
2005-05-05,12.0,8.8,15.8,15816,1.0,1.11,3.1
2005-05-06,8.5,6.3,14.3,11362,2.9,0.94,3.4
2005-05-07,7.7,4.2,10.6,13935,13.5,0.81,3.0
2005-05-08,7.5,4.9,11.5,16997,1.3,0.84,3.2
2005-05-09,6.7,2.7,11.8,15150,2.3,0.74,2.6
2005-05-10,6.7,2.7,12.7,16300,0.1,0.74,2.4
2005-05-11,6.5,3.0,12.7,15043,2.2,0.76,2.4
2005-05-12,8.2,2.5,14.3,17884,0.4,0.74,2.2
2005-05-13,10.9,0.5,17.8,26297,0.0,0.69,2.0
2005-05-14,11.6,7.2,17.5,11354,10.3,1.03,2.3
2005-05-15,12.0,8.6,16.2,12620,0.0,1.09,2.7
2005-05-16,12.6,7.2,18.5,21426,8.8,1.04,2.2
2005-05-17,8.5,7.3,10.5,10413,4.1,0.99,1.9
2005-05-18,8.9,1.7,13.3,11070,0.0,0.71,2.1
2005-05-19,9.4,0.0,16.6,25401,0.0,0.66,1.9
2005-05-20,13.9,3.7,20.1,26688,0.0,0.87,2.3
2005-05-21,17.4,8.9,24.7,19530,2.2,1.21,2.0
2005-05-22,17.9,14.2,22.5,14191,0.4,1.61,1.8
2005-05-23,15.4,12.7,18.0,10679,18.4,1.43,2.0
2005-05-24,15.2,10.5,20.3,20666,0.0,1.28,1.9
2005-05-25,17.8,9.8,24.4,25878,0.0,1.26,1.9
2005-05-26,20.9,10.7,27.7,27775,0.0,1.38,2.0
2005-05-27,22.8,13.6,30.4,28812,0.0,1.65,1.4
2005-05-28,24.8,13.9,32.7,29477,0.0,1.73,2.1
2005-05-29,23.2,16.2,28.7,28908,0.0,1.88,1.9
2005-05-30,19.0,11.5,24.4,21299,0.2,1.39,2.5
2005-05-31,12.5,7.6,17.1,18001,0.0,1.05,3.1
2005-06-01,9.7,3.3,13.9,16056,0.0,0.78,2.2
2005-06-02,12.6,1.7,18.3,18808,0.0,0.75,1.9
2005-06-03,20.2,10.8,27.5,21313,0.0,1.39,2.1
2005-06-04,19.6,12.7,23.6,20229,0.0,1.49,3.8
2005-06-05,13.5,11.5,18.3,14558,11.5,1.33,3.2
2005-06-06,11.8,9.6,14.1,11854,0.0,1.16,3.0
2005-06-07,9.3,7.1,11.6,11999,5.5,0.97,3.3
2005-06-08,11.3,3.9,16.0,19832,0.0,0.83,2.1
2005-06-09,12.3,4.3,19.4,24938,0.0,0.88,1.8
2005-06-10,11.4,5.0,16.4,11803,4.6,0.89,2.3
2005-06-11,10.9,7.7,14.4,16659,0.0,1.04,2.6
2005-06-12,11.0,6.5,15.1,18411,0.0,0.97,2.0
2005-06-13,15.0,7.0,23.6,22521,0.0,1.08,2.5
2005-06-14,18.8,8.6,27.0,21912,28.6,1.22,1.7
2005-06-15,19.0,14.5,24.4,15339,1.6,1.65,1.4
2005-06-16,21.0,13.1,27.7,26898,0.0,1.57,1.8
2005-06-17,20.1,16.4,23.9,12246,0.8,1.84,2.6
2005-06-18,17.7,10.9,22.9,28647,0.0,1.33,2.5
2005-06-19,17.8,9.0,24.5,26537,0.0,1.22,1.5
2005-06-20,19.1,12.1,25.9,30139,0.0,1.47,1.6
2005-06-21,22.2,11.0,29.5,28647,0.9,1.44,1.8
2005-06-22,18.8,11.8,23.3,23427,0.0,1.4,2.1
2005-06-23,19.7,10.0,26.8,27892,0.0,1.31,1.4
2005-06-24,24.1,13.3,31.0,28132,0.0,1.66,1.5
2005-06-25,23.5,18.2,33.2,23778,7.2,2.19,2.3
2005-06-26,18.8,12.4,24.9,23519,0.0,1.47,1.7
2005-06-27,18.7,11.0,25.9,28716,0.0,1.37,1.7
2005-06-28,17.5,9.2,24.6,30188,0.0,1.23,2.0
2005-06-29,19.7,9.5,26.4,27442,0.0,1.27,1.7
2005-06-30,19.0,14.0,24.7,21846,0.0,1.6,2.1
2005-07-01,17.8,15.4,23.4,13403,35.5,1.74,2.1
2005-07-02,18.0,14.4,23.3,15490,0.0,1.62,1.5
2005-07-03,20.4,13.6,27.3,22772,0.0,1.61,1.3
2005-07-04,22.8,13.1,28.8,27570,0.0,1.59,2.8
2005-07-05,14.1,10.2,20.6,11098,18.2,1.25,2.2
2005-07-06,12.9,10.2,17.4,17871,4.0,1.23,2.0
2005-07-07,15.8,11.1,21.4,15250,8.8,1.34,1.9
2005-07-08,14.3,10.8,16.6,11026,8.3,1.26,1.3
2005-07-09,16.9,14.1,21.8,14082,3.5,1.58,1.5
2005-07-10,20.0,14.0,28.3,22061,0.1,1.66,2.3
2005-07-11,21.0,14.2,28.3,24608,0.0,1.67,2.3
2005-07-12,22.0,13.0,29.2,28871,0.0,1.58,1.9
2005-07-13,22.0,12.7,29.3,25504,0.0,1.58,1.7
2005-07-14,21.5,13.5,28.5,23738,0.0,1.63,1.2
2005-07-15,22.9,14.2,31.9,24672,4.9,1.75,2.3
2005-07-16,19.6,15.1,24.6,21435,0.0,1.71,2.4
2005-07-17,17.7,11.8,22.7,23099,0.0,1.39,2.2
2005-07-18,20.0,10.2,26.9,26103,7.6,1.34,1.6
2005-07-19,19.0,15.9,23.5,13466,2.3,1.79,3.3
2005-07-20,17.3,12.3,21.7,13421,0.3,1.43,3.9
2005-07-21,13.2,11.5,15.6,11426,33.1,1.31,4.4
2005-07-22,16.6,13.3,20.2,15638,4.8,1.5,3.0
2005-07-23,14.2,12.3,17.2,10848,0.1,1.39,2.5
2005-07-24,18.0,12.5,23.6,19655,0.0,1.46,2.0
2005-07-25,20.1,17.4,25.6,14749,0.5,1.95,2.2
2005-07-26,19.5,15.5,23.9,17232,0.2,1.75,2.1
2005-07-27,21.0,14.6,27.4,22722,1.5,1.7,1.4
2005-07-28,24.8,18.0,31.7,21806,6.9,2.12,1.6
2005-07-29,25.8,19.7,31.2,22694,12.7,2.33,1.7
2005-07-30,22.2,17.5,26.8,21536,4.5,1.99,2.6
2005-07-31,20.8,16.0,26.0,22418,0.0,1.81,2.9
2005-08-01,17.8,11.5,22.6,22814,0.0,1.37,2.5
2005-08-02,17.4,10.2,23.1,23207,0.0,1.28,1.8
2005-08-03,16.2,14.3,18.5,9908,12.4,1.58,1.8
2005-08-04,15.8,10.1,20.7,16737,0.0,1.25,2.6
2005-08-05,16.6,9.4,22.4,19622,2.7,1.21,2.2
2005-08-06,14.6,10.9,19.4,13746,3.6,1.3,2.8
2005-08-07,12.8,8.3,17.0,16620,0.4,1.09,2.3
2005-08-08,12.9,6.7,18.8,21124,0.3,1.01,2.1
2005-08-09,14.0,10.1,17.6,12352,0.0,1.22,2.7
2005-08-10,13.4,10.6,18.1,14501,15.4,1.26,3.2
2005-08-11,15.0,12.9,19.0,11273,0.0,1.46,3.0
2005-08-12,17.2,13.1,22.0,19917,5.0,1.49,2.2
2005-08-13,14.7,10.5,17.6,10200,0.0,1.25,2.2
2005-08-14,16.0,10.2,22.2,14401,0.0,1.27,2.1
2005-08-15,17.0,13.0,22.2,13163,0.0,1.48,2.0
2005-08-16,17.8,11.1,24.2,20650,0.0,1.37,1.8
2005-08-17,16.2,9.7,22.9,19510,0.0,1.24,1.6
2005-08-18,18.5,8.9,26.3,23728,0.0,1.23,2.1
2005-08-19,20.4,13.7,26.9,20990,0.0,1.61,2.0
2005-08-20,21.1,15.2,27.5,17592,12.4,1.75,1.5
2005-08-21,20.3,13.5,27.6,19060,0.0,1.6,2.0
2005-08-22,20.6,12.8,27.5,18494,7.6,1.54,2.2
2005-08-23,17.6,16.4,20.0,9332,5.6,1.81,2.0
2005-08-24,17.1,12.7,21.0,10698,1.6,1.44,1.8
2005-08-25,16.8,12.6,21.9,9062,2.1,1.45,2.8
2005-08-26,15.7,9.2,20.5,17798,0.0,1.18,2.9
2005-08-27,15.2,8.4,21.7,17457,0.0,1.15,1.7
2005-08-28,16.7,9.1,23.9,20282,0.0,1.22,1.5
2005-08-29,19.1,9.7,28.2,21448,0.0,1.31,1.8
2005-08-30,19.4,12.0,26.3,21302,0.0,1.47,1.4
2005-08-31,20.3,14.2,26.8,21047,0.0,1.65,2.1
2005-09-01,20.6,13.6,27.9,20149,0.0,1.62,2.2
2005-09-02,19.6,12.7,26.7,17661,0.0,1.52,1.6
2005-09-03,18.3,15.5,20.7,9057,0.0,1.72,1.9
2005-09-04,17.7,11.1,24.9,18546,0.0,1.36,1.7
2005-09-05,18.2,9.8,26.4,20180,0.0,1.3,1.9
2005-09-06,20.0,11.3,27.7,20128,0.0,1.44,1.6
2005-09-07,19.9,11.5,27.4,19866,0.0,1.43,1.5
2005-09-08,19.9,9.5,30.3,19809,0.0,1.35,1.6
2005-09-09,20.8,12.6,29.4,19137,0.0,1.56,1.7
2005-09-10,21.3,14.1,27.8,16846,0.8,1.66,1.9
2005-09-11,18.9,16.5,23.6,8329,3.2,1.84,1.9
2005-09-12,17.8,13.8,20.2,6934,2.1,1.54,2.2
2005-09-13,14.1,8.7,19.6,13915,0.0,1.14,1.4
2005-09-14,15.7,8.1,22.0,15264,0.0,1.12,2.8
2005-09-15,17.4,13.5,21.7,12569,12.9,1.53,2.8
2005-09-16,12.6,9.4,16.5,6597,7.4,1.16,2.8
2005-09-17,10.2,4.0,15.4,9124,0.4,0.83,1.8
2005-09-18,9.0,1.5,17.3,17373,0.0,0.73,2.0
2005-09-19,10.7,2.0,18.4,17588,0.0,0.76,1.7
2005-09-20,11.1,2.8,18.9,17134,0.0,0.81,1.1
2005-09-21,12.2,4.9,20.0,13587,0.0,0.91,1.4
2005-09-22,12.7,6.0,21.0,14189,0.0,0.99,1.5
2005-09-23,14.3,6.3,22.4,16256,0.0,1.03,1.6
2005-09-24,15.4,8.5,23.6,15997,0.0,1.17,1.2
2005-09-25,15.1,7.8,23.8,15829,0.0,1.12,1.4
2005-09-26,15.5,10.4,21.8,10800,0.2,1.28,1.6
2005-09-27,15.3,10.0,21.7,12727,0.0,1.24,2.1
2005-09-28,13.3,8.8,18.7,6212,5.3,1.13,2.3
2005-09-29,11.0,8.3,16.8,7176,5.4,1.08,2.8
2005-09-30,9.9,4.3,14.6,6906,0.0,0.83,2.3
2005-10-01,10.5,3.8,16.9,10169,8.1,0.83,2.4
2005-10-02,11.2,10.1,13.0,5265,3.6,1.19,1.5
2005-10-03,12.6,10.5,14.7,5185,0.0,1.24,1.7
2005-10-04,15.0,11.4,19.7,11970,0.0,1.33,2.6
2005-10-05,13.8,9.9,19.7,10332,0.0,1.21,2.3
2005-10-06,12.9,9.3,18.6,8969,0.0,1.16,1.9
2005-10-07,11.9,8.7,17.8,8607,0.0,1.12,2.1
2005-10-08,14.1,8.2,20.4,11632,0.0,1.11,1.7
2005-10-09,11.8,4.4,19.8,12283,0.0,0.9,1.5
2005-10-10,12.0,4.5,21.1,12523,0.0,0.9,1.7
2005-10-11,12.3,6.0,20.6,12366,0.0,0.97,2.2
2005-10-12,11.1,5.6,19.0,12055,0.0,0.95,2.1
2005-10-13,9.0,3.6,16.9,11518,0.0,0.81,1.4
2005-10-14,8.0,1.0,17.8,11747,0.0,0.71,1.0
2005-10-15,7.5,1.1,16.5,10696,0.0,0.71,1.6
2005-10-16,5.7,-2.6,11.7,7741,0.0,0.54,2.0
2005-10-17,8.6,6.3,11.2,4921,0.0,0.93,2.5
2005-10-18,6.4,-0.8,9.9,4261,0.0,0.58,2.5
2005-10-19,5.7,-0.8,13.4,10564,0.0,0.61,2.4
2005-10-20,9.3,5.4,14.9,8509,0.0,0.89,2.2
2005-10-21,11.6,8.9,15.8,5447,0.0,1.12,2.3
2005-10-22,15.1,10.7,19.3,4946,0.2,1.27,3.3
2005-10-23,14.4,9.5,16.8,5003,0.0,1.16,2.5
2005-10-24,10.6,7.1,13.5,4245,2.1,0.98,2.2
2005-10-25,14.9,11.2,18.3,3839,0.1,1.3,4.1
2005-10-26,13.1,7.5,17.8,7079,0.0,1.05,3.4
2005-10-27,11.7,5.7,19.3,9067,0.0,0.95,1.7
2005-10-28,11.9,8.1,17.9,9069,0.0,1.08,2.3
2005-10-29,9.5,3.8,17.8,9006,0.0,0.84,2.1
2005-10-30,10.7,5.6,17.5,8753,0.0,0.93,2.0
2005-10-31,7.9,3.7,12.8,8568,0.0,0.8,2.4
2005-11-01,8.1,2.3,13.4,7153,2.3,0.73,2.1
2005-11-02,9.5,4.7,14.8,6684,0.0,0.86,2.2
2005-11-03,11.3,8.2,15.5,4961,0.2,1.07,2.7
2005-11-04,11.5,9.4,14.2,4408,0.0,1.15,2.1
2005-11-05,9.1,4.9,10.5,3044,1.7,0.84,2.6
2005-11-06,6.3,1.6,12.0,7291,0.0,0.69,2.3
2005-11-07,7.2,1.2,13.1,5178,0.0,0.68,2.2
2005-11-08,9.5,3.1,14.0,7315,0.0,0.78,2.2
2005-11-09,5.8,1.1,12.9,6933,0.0,0.68,1.9
2005-11-10,5.6,0.0,9.6,2676,0.0,0.61,2.2
2005-11-11,10.2,7.5,12.1,2685,0.0,1.0,2.8
2005-11-12,8.3,3.3,11.0,4862,0.0,0.76,2.4
2005-11-13,4.2,-0.5,11.5,6615,0.0,0.6,1.5
2005-11-14,4.9,1.5,7.6,2497,0.0,0.66,2.2
2005-11-15,4.3,1.1,7.9,4605,4.5,0.65,3.3
2005-11-16,4.2,1.6,6.3,2622,9.0,0.66,2.6
2005-11-17,1.8,-0.2,5.2,3503,2.5,0.59,2.4
2005-11-18,1.0,-0.4,2.6,2540,0.0,0.57,1.7
2005-11-19,0.9,-0.8,2.3,2350,0.0,0.56,1.7
2005-11-20,2.3,-0.9,4.3,2263,4.3,0.55,2.4
2005-11-21,1.5,-2.7,3.4,2229,0.2,0.49,2.0
2005-11-22,1.1,-2.7,2.9,2195,1.3,0.49,1.8
2005-11-23,2.0,1.2,2.8,2162,1.1,0.64,1.9
2005-11-24,0.0,-2.9,1.4,2179,0.0,0.48,2.7
2005-11-25,-1.1,-3.2,1.2,2716,0.3,0.47,4.2
2005-11-26,0.6,-2.1,4.9,5260,0.0,0.51,3.1
2005-11-27,-0.5,-4.1,1.9,3160,0.0,0.44,1.9
2005-11-28,-0.7,-4.4,2.1,2939,0.0,0.43,2.1
2005-11-29,0.3,-3.7,4.4,3729,0.0,0.46,1.8
2005-11-30,1.7,-1.2,3.7,1968,0.0,0.54,2.2
2005-12-01,0.2,-3.9,5.3,5093,0.0,0.46,2.2
2005-12-02,-1.4,-4.1,1.2,3977,0.0,0.44,3.0
2005-12-03,-1.3,-4.4,1.2,1947,3.3,0.43,2.8
2005-12-04,3.1,0.7,5.1,2059,2.1,0.62,2.8
2005-12-05,5.0,2.1,6.8,1865,0.0,0.69,2.4
2005-12-06,1.7,-1.5,6.7,4021,0.0,0.54,1.5
2005-12-07,2.1,0.3,3.8,1832,0.3,0.6,2.0
2005-12-08,3.4,0.9,4.5,1817,0.2,0.63,1.8
2005-12-09,1.8,0.2,2.9,1803,0.0,0.6,1.6
2005-12-10,-0.2,-2.2,3.2,3111,0.0,0.5,1.8
2005-12-11,0.5,-1.7,2.6,1780,0.9,0.52,2.5
2005-12-12,3.8,2.2,5.0,1769,0.7,0.69,2.2
2005-12-13,1.7,-0.4,3.9,1760,0.1,0.57,2.2
2005-12-14,4.3,2.7,5.1,1920,0.1,0.71,2.2
2005-12-15,5.3,4.0,6.9,1830,9.2,0.79,4.7
2005-12-16,2.9,-0.6,5.8,1782,12.5,0.57,5.7
2005-12-17,0.0,-1.8,1.5,2278,0.2,0.52,3.6
2005-12-18,0.0,-1.8,1.3,1733,1.3,0.51,3.3
2005-12-19,0.4,-1.1,2.2,1730,8.2,0.54,3.2
2005-12-20,3.1,-0.4,5.8,1729,6.6,0.58,3.3
2005-12-21,0.5,-1.7,3.0,1979,5.5,0.53,2.1
2005-12-22,4.0,2.3,6.0,1898,6.0,0.7,2.9
2005-12-23,4.4,3.1,5.9,1733,5.2,0.74,2.5
2005-12-24,6.1,4.7,7.2,1737,1.3,0.82,3.2
2005-12-25,1.3,-2.4,5.1,2704,1.5,0.51,1.9
2005-12-26,-0.8,-3.4,0.1,1790,0.1,0.46,2.1
2005-12-27,-2.5,-5.1,-0.5,1839,0.9,0.4,2.9
2005-12-28,-3.3,-5.2,-1.0,1763,8.6,0.4,2.8
2005-12-29,-3.6,-5.5,-1.7,1773,2.7,0.39,3.1
2005-12-30,-7.0,-13.9,-2.2,4374,0.0,0.21,2.8
2005-12-31,-4.0,-13.2,2.2,1923,0.0,0.24,3.1
2006-01-01,1.0,-5.2,3.7,1851,0.0,0.41,2.0
2006-01-02,-2.9,-6.6,0.2,1822,0.0,0.37,1.3
2006-01-03,0.7,0.1,1.5,1837,0.0,0.59,1.3
2006-01-04,0.3,0.0,1.0,1853,0.4,0.58,2.1
2006-01-05,0.2,-0.6,0.9,1871,0.0,0.56,3.4
2006-01-06,-1.0,-1.8,-0.3,1890,0.0,0.52,3.0
2006-01-07,-2.0,-5.9,-1.0,1910,0.0,0.38,2.6
2006-01-08,-5.8,-9.2,-2.7,3722,0.0,0.3,2.4
2006-01-09,-8.1,-11.6,-3.4,5067,0.0,0.25,1.6
2006-01-10,-5.3,-10.7,1.0,5207,0.0,0.28,2.0
2006-01-11,-2.7,-9.8,4.4,5533,0.3,0.31,2.7
2006-01-12,1.0,0.3,1.9,2027,0.0,0.6,1.6
2006-01-13,-0.3,-2.0,1.0,2054,0.0,0.51,2.3
2006-01-14,-2.7,-6.9,1.3,5285,0.0,0.36,1.8
2006-01-15,-5.9,-8.7,-0.2,5678,0.0,0.32,2.0
2006-01-16,-5.3,-10.0,0.6,5695,0.0,0.29,2.0
2006-01-17,-2.8,-5.8,0.8,5131,5.7,0.39,3.0
2006-01-18,-2.0,-5.1,1.1,2207,1.2,0.41,3.0
2006-01-19,-4.1,-4.9,-3.1,2241,2.2,0.41,1.8
2006-01-20,-0.8,-4.6,3.5,2277,9.3,0.43,2.9
2006-01-21,1.4,-8.2,2.9,2313,2.6,0.34,3.5
2006-01-22,-13.0,-17.8,-8.1,5619,0.0,0.15,2.4
2006-01-23,-16.5,-19.2,-13.0,6417,0.0,0.13,2.5
2006-01-24,-11.8,-17.7,-5.2,6554,0.0,0.16,2.1
2006-01-25,-5.6,-6.8,-3.1,2788,0.0,0.35,2.3
2006-01-26,-7.0,-13.0,-3.4,2514,0.0,0.23,2.6
2006-01-27,-10.2,-14.6,-3.9,6715,0.0,0.2,1.8
2006-01-28,-8.8,-14.6,0.4,6863,0.0,0.21,1.7
2006-01-29,-5.9,-13.3,-0.6,2649,0.0,0.23,1.5
2006-01-30,-5.0,-11.4,-0.1,3926,0.0,0.26,1.8
2006-01-31,-0.1,-0.8,0.7,2745,0.0,0.55,2.0
2006-02-01,-2.2,-4.8,-0.3,2795,0.0,0.42,1.5
2006-02-02,-4.1,-5.5,-3.0,2846,0.3,0.39,1.5
2006-02-03,-1.3,-3.2,-0.3,2897,0.4,0.46,1.4
2006-02-04,-1.9,-11.9,0.4,4789,1.4,0.26,1.7
2006-02-05,-9.1,-15.2,-3.2,3005,0.0,0.19,1.1
2006-02-06,-7.7,-15.6,-0.6,6096,6.7,0.2,2.0
2006-02-07,2.1,-0.8,3.9,3117,8.1,0.56,4.1
2006-02-08,2.8,1.5,4.2,3174,2.7,0.65,4.5
2006-02-09,1.3,-0.5,3.0,4743,3.9,0.57,4.9
2006-02-10,0.2,-0.4,0.8,3292,2.2,0.57,3.5
2006-02-11,0.0,-1.4,1.9,3804,0.7,0.53,1.2
2006-02-12,-0.8,-2.7,1.0,3480,0.0,0.48,1.4
2006-02-13,-0.1,-2.2,1.7,3478,0.0,0.5,1.5
2006-02-14,-1.6,-6.9,4.1,9551,0.0,0.37,1.8
2006-02-15,1.2,-1.9,3.9,4012,1.6,0.52,3.3
2006-02-16,3.2,1.6,4.5,3741,2.2,0.66,2.4
2006-02-17,3.5,1.5,5.9,4154,2.2,0.66,2.9
2006-02-18,4.9,3.1,9.1,7444,0.6,0.75,2.6
2006-02-19,3.2,-2.2,6.2,4088,0.0,0.51,2.0
2006-02-20,1.5,-2.1,4.2,4088,0.0,0.51,2.2
2006-02-21,1.4,0.1,2.9,4015,0.0,0.59,2.8
2006-02-22,0.1,-1.7,1.6,4087,0.0,0.52,2.8
2006-02-23,-1.1,-4.0,1.0,5417,0.0,0.44,1.7
2006-02-24,-1.4,-4.5,4.0,10143,0.0,0.44,3.8
2006-02-25,-2.2,-3.3,-1.2,4306,0.0,0.46,3.3
2006-02-26,-2.6,-5.5,0.9,5145,0.5,0.4,2.2
2006-02-27,-4.4,-11.4,1.1,10717,0.0,0.27,1.6
2006-02-28,-1.4,-7.3,2.6,6954,0.9,0.35,3.0
2006-03-01,-0.1,-1.4,1.8,5477,0.6,0.53,3.4
2006-03-02,-1.3,-3.5,2.4,6281,0.2,0.46,3.4
2006-03-03,-0.6,-4.4,3.6,10245,0.4,0.44,2.5
2006-03-04,-1.0,-4.5,3.5,8507,0.3,0.43,2.1
2006-03-05,-0.3,-4.4,4.8,9692,0.0,0.44,2.5
2006-03-06,-0.8,-6.5,3.1,9488,1.3,0.38,2.7
2006-03-07,-1.0,-6.6,0.6,5083,0.4,0.37,2.1
2006-03-08,-1.7,-7.3,3.7,12109,0.0,0.36,2.7
2006-03-09,-0.4,-2.6,1.0,5245,6.9,0.49,3.1
2006-03-10,0.8,-0.2,3.6,5500,4.4,0.58,3.2
2006-03-11,-2.0,-3.5,0.3,5409,14.3,0.45,3.4
2006-03-12,-4.2,-11.1,-1.4,5492,0.0,0.26,2.7
2006-03-13,-6.7,-15.7,-0.4,9834,0.0,0.2,2.0
2006-03-14,-3.1,-8.1,-0.1,7270,0.1,0.33,1.9
2006-03-15,-1.3,-3.5,0.6,5742,0.0,0.45,2.5
2006-03-16,0.6,-1.3,3.9,7284,1.8,0.54,2.8
2006-03-17,0.8,-0.2,2.2,5911,0.3,0.58,2.6
2006-03-18,0.0,-1.5,1.6,5995,0.0,0.52,2.3
2006-03-19,0.3,-1.4,3.1,9070,0.0,0.53,2.1
2006-03-20,1.9,0.9,3.1,6165,0.0,0.63,1.9
2006-03-21,0.6,-4.2,6.2,16978,0.0,0.45,1.6
2006-03-22,-0.2,-5.6,5.5,12842,0.0,0.41,1.9
2006-03-23,-0.7,-7.5,5.7,16834,0.0,0.37,1.9
2006-03-24,2.5,-4.2,8.8,16416,0.0,0.47,2.9
2006-03-25,4.8,-0.1,7.6,6591,1.6,0.6,2.9
2006-03-26,8.0,1.0,14.1,7860,7.1,0.68,2.9
2006-03-27,13.2,8.1,19.6,10734,1.8,1.09,3.0
2006-03-28,11.1,5.7,15.1,7947,0.0,0.92,3.4
2006-03-29,8.6,4.8,13.9,10960,0.2,0.86,3.5
2006-03-30,8.6,0.9,13.4,9653,3.3,0.67,3.5
2006-03-31,11.5,8.7,16.6,9653,2.5,1.12,4.5
2006-04-01,11.7,7.3,16.0,11397,0.0,1.02,2.9
2006-04-02,11.6,5.3,17.7,14919,0.0,0.92,3.0
2006-04-03,8.2,5.2,13.7,11411,1.6,0.88,3.5
2006-04-04,4.2,-1.6,10.4,10996,1.2,0.56,2.7
2006-04-05,2.8,-2.4,8.2,18048,0.0,0.52,2.8
2006-04-06,3.9,-2.1,9.4,14063,0.0,0.54,2.4
2006-04-07,7.0,0.5,13.6,13757,0.0,0.66,2.3
2006-04-08,10.5,4.3,16.1,18477,0.0,0.85,3.2
2006-04-09,6.7,0.0,13.3,15388,0.0,0.64,3.2
2006-04-10,5.3,0.1,10.0,8800,0.0,0.62,2.6
2006-04-11,4.1,-1.0,9.1,10843,0.0,0.57,2.3
2006-04-12,5.1,0.3,9.1,8970,0.0,0.62,2.6
2006-04-13,7.8,4.6,11.9,10593,4.2,0.83,3.7
2006-04-14,8.4,3.4,12.9,15762,1.5,0.78,3.9
2006-04-15,8.9,1.3,14.7,19203,2.1,0.7,2.1
2006-04-16,11.4,7.9,16.9,9080,2.3,1.06,3.3
2006-04-17,10.0,7.1,14.3,8937,0.6,0.99,2.5
2006-04-18,10.5,5.8,15.3,14411,0.1,0.92,2.3
2006-04-19,11.2,5.4,15.8,15302,0.0,0.9,1.7
2006-04-20,12.7,5.9,19.1,20618,0.0,0.96,1.5
2006-04-21,15.0,6.9,22.1,17668,0.7,1.06,1.5
2006-04-22,13.2,8.1,17.1,12751,4.9,1.08,2.0
2006-04-23,11.9,4.5,18.1,17080,7.5,0.88,1.5
2006-04-24,10.8,5.4,16.4,16262,0.0,0.91,1.3
2006-04-25,13.5,3.4,22.4,23633,0.0,0.87,1.5
2006-04-26,17.1,8.0,24.4,19467,0.0,1.16,1.6
2006-04-27,16.1,10.1,21.7,17595,0.5,1.26,2.1
2006-04-28,9.2,5.1,12.9,13143,3.1,0.86,2.4
2006-04-29,6.2,3.3,9.5,9363,3.8,0.76,2.2
2006-04-30,7.9,3.5,13.2,14592,0.0,0.78,2.0
2006-05-01,9.7,3.3,14.8,20557,0.0,0.79,2.2
2006-05-02,12.6,7.0,18.9,16287,0.0,1.02,1.8
2006-05-03,16.0,5.6,23.7,25598,0.0,1.0,2.1
2006-05-04,16.6,9.5,22.9,21670,0.0,1.23,3.0
2006-05-05,16.5,8.6,23.1,24497,0.0,1.16,2.9
2006-05-06,16.0,5.8,23.1,21852,0.0,0.99,2.7
2006-05-07,16.1,7.4,24.2,23374,0.0,1.11,2.9
2006-05-08,15.9,7.0,23.7,19991,0.0,1.08,2.8
2006-05-09,16.0,6.1,23.8,24271,0.0,1.03,2.8
2006-05-10,14.5,3.3,22.5,26161,0.0,0.87,1.9
2006-05-11,14.6,4.0,23.4,26008,0.0,0.9,1.4
2006-05-12,17.2,5.6,26.0,26093,0.0,1.03,1.5
2006-05-13,15.8,9.6,22.7,16984,0.6,1.23,2.0
2006-05-14,12.9,3.7,17.0,14988,0.0,0.83,2.3
2006-05-15,12.3,1.5,19.1,23542,0.0,0.75,1.7
2006-05-16,17.3,10.0,23.0,20332,5.2,1.27,2.7
2006-05-17,14.3,9.2,19.9,18813,0.0,1.17,1.8
2006-05-18,14.8,9.1,20.1,11923,0.1,1.18,2.8
2006-05-19,14.3,10.4,19.1,17465,3.2,1.25,4.1
2006-05-20,13.7,9.0,20.8,18131,7.3,1.17,4.0
2006-05-21,13.8,9.4,18.6,13777,0.0,1.18,3.5
2006-05-22,18.1,9.2,26.9,25098,0.6,1.27,3.2
2006-05-23,15.5,8.1,19.7,21107,0.0,1.1,4.0
2006-05-24,13.0,6.4,18.2,22263,0.0,0.98,3.2
2006-05-25,11.9,10.0,14.5,14691,4.0,1.19,3.1
2006-05-26,12.1,8.6,15.6,19654,0.5,1.1,2.8
2006-05-27,12.5,9.2,18.1,12061,4.3,1.15,2.8
2006-05-28,12.9,8.4,17.8,18013,0.1,1.1,4.4
2006-05-29,11.2,7.2,16.3,18422,0.7,1.02,2.6
2006-05-30,10.3,7.8,13.9,16855,2.0,1.03,3.1
2006-05-31,9.1,7.4,11.9,11453,2.5,0.99,3.1
2006-06-01,9.2,2.3,14.4,16180,0.0,0.74,2.9
2006-06-02,10.8,0.7,19.0,26353,0.0,0.71,1.7
2006-06-03,11.8,2.4,19.8,22799,2.1,0.79,2.2
2006-06-04,11.0,9.0,14.0,13790,0.0,1.11,3.2
2006-06-05,10.7,6.9,14.2,13814,0.1,0.98,2.1
2006-06-06,11.0,8.3,16.1,18919,4.4,1.08,1.7
2006-06-07,12.7,5.6,19.7,19190,0.0,0.95,1.3
2006-06-08,14.3,5.7,21.1,21320,0.0,0.97,1.4
2006-06-09,16.0,7.0,23.2,26427,0.0,1.08,1.4
2006-06-10,16.4,7.9,23.2,28309,0.0,1.13,1.7
2006-06-11,18.6,6.6,26.8,29692,0.0,1.1,2.2
2006-06-12,21.9,11.0,29.6,30330,0.0,1.45,1.9
2006-06-13,23.1,11.2,30.5,30220,0.0,1.48,1.4
2006-06-14,23.8,14.2,30.8,30481,0.0,1.73,1.7
2006-06-15,23.8,15.7,31.9,21797,0.0,1.89,1.6
2006-06-16,21.0,17.4,28.3,16216,2.1,2.01,1.9
2006-06-17,17.2,12.3,21.0,16097,0.0,1.41,1.8
2006-06-18,18.4,10.9,25.5,24051,0.0,1.37,1.5
2006-06-19,22.9,14.0,31.7,26165,0.1,1.73,2.0
2006-06-20,23.8,16.1,30.8,26537,2.5,1.91,1.7
2006-06-21,23.0,18.2,29.4,22810,4.8,2.1,2.5
2006-06-22,21.1,13.6,25.9,16970,0.0,1.59,2.8
2006-06-23,17.9,11.9,22.5,18083,0.0,1.4,1.6
2006-06-24,22.2,16.4,28.0,24905,0.0,1.89,1.4
2006-06-25,26.0,17.1,32.5,22413,4.0,2.05,1.8
2006-06-26,25.1,18.0,30.2,26621,0.0,2.1,2.5
2006-06-27,22.7,16.9,30.6,24871,9.6,1.99,2.0
2006-06-28,19.3,15.3,23.7,21384,0.0,1.73,1.7
2006-06-29,18.6,13.0,23.8,18145,0.0,1.51,1.7
2006-06-30,16.5,13.1,19.9,11189,0.0,1.48,1.7
2006-07-01,21.2,12.3,27.8,24923,0.0,1.5,2.0
2006-07-02,21.3,10.6,27.8,29977,0.0,1.38,2.6
2006-07-03,21.9,13.7,28.5,30816,0.0,1.64,2.4
2006-07-04,23.5,13.2,30.8,29673,0.0,1.64,1.9
2006-07-05,25.6,17.8,31.5,30136,0.0,2.1,2.0
2006-07-06,26.4,19.3,34.3,26396,0.0,2.33,1.7
2006-07-07,25.8,18.1,34.4,25992,0.0,2.18,1.7
2006-07-08,22.0,17.1,26.6,19417,0.2,1.96,1.5
2006-07-09,23.5,15.7,30.3,22837,0.7,1.86,1.8
2006-07-10,24.6,16.5,31.6,27359,0.0,1.96,1.9
2006-07-11,26.5,16.9,33.7,25592,0.0,2.04,1.7
2006-07-12,25.3,19.2,31.6,23089,0.0,2.27,1.6
2006-07-13,25.6,19.6,34.0,21326,0.8,2.36,1.6
2006-07-14,21.1,11.5,25.6,21651,0.0,1.42,2.8
2006-07-15,19.0,9.4,26.4,21605,0.0,1.27,2.3
2006-07-16,18.2,9.9,24.3,25724,0.0,1.28,2.2
2006-07-17,20.2,9.4,28.9,29097,0.0,1.32,1.5
2006-07-18,23.5,10.8,32.9,29527,0.0,1.48,1.6
2006-07-19,25.0,12.8,34.0,29342,0.0,1.67,1.3
2006-07-20,27.3,15.8,36.3,27569,0.1,2.0,1.7
2006-07-21,27.4,19.8,33.3,25799,0.0,2.38,2.0
2006-07-22,24.9,16.9,32.2,27681,0.0,2.02,1.6
2006-07-23,24.8,17.8,30.6,16557,0.0,2.09,1.7
2006-07-24,25.0,18.4,32.2,27296,0.0,2.18,1.7
2006-07-25,24.7,16.1,32.2,25648,0.0,1.93,1.6
2006-07-26,26.4,17.5,33.7,27146,0.0,2.1,1.4
2006-07-27,27.3,16.6,35.2,27188,0.0,2.05,1.6
2006-07-28,25.1,20.1,31.8,15782,0.2,2.36,1.5
2006-07-29,22.2,17.3,27.0,14516,0.1,1.97,1.6
2006-07-30,23.5,15.5,30.7,25858,0.0,1.85,1.5
2006-07-31,23.6,18.6,28.7,17027,0.0,2.13,2.0
2006-08-01,21.7,15.0,27.1,18630,0.0,1.75,2.5
2006-08-02,18.9,14.5,23.6,20583,0.4,1.64,3.2
2006-08-03,19.5,13.5,24.8,20501,0.0,1.57,1.6
2006-08-04,18.3,15.1,21.7,10443,2.1,1.68,1.6
2006-08-05,16.3,14.6,20.1,9789,3.5,1.63,2.3
2006-08-06,17.9,16.1,20.2,9728,6.1,1.78,3.0
2006-08-07,20.2,16.3,24.2,12023,0.0,1.83,3.0
2006-08-08,18.5,12.7,22.7,11719,0.0,1.48,2.8
2006-08-09,16.5,12.6,20.2,11414,0.2,1.43,1.9
2006-08-10,16.4,12.6,20.8,12046,0.2,1.45,1.8
2006-08-11,16.1,12.1,20.7,12905,0.9,1.41,1.6
2006-08-12,16.4,10.6,21.1,16895,4.0,1.29,1.3
2006-08-13,13.6,10.0,17.4,11358,12.7,1.21,1.5
2006-08-14,16.9,11.0,23.0,17404,0.1,1.34,2.9
2006-08-15,16.1,13.2,21.0,11667,5.1,1.5,3.4
2006-08-16,18.7,11.3,25.5,19159,0.2,1.4,1.5
2006-08-17,21.1,12.8,28.5,22024,0.0,1.56,1.4
2006-08-18,20.7,16.6,29.7,15186,0.0,1.94,2.2
2006-08-19,21.0,13.8,28.2,23600,0.0,1.65,1.7
2006-08-20,19.7,14.2,25.8,18270,6.0,1.63,2.6
2006-08-21,17.3,13.7,22.1,13768,0.2,1.54,2.9
2006-08-22,16.0,12.3,21.3,12215,6.6,1.43,2.7
2006-08-23,16.3,14.4,20.8,10002,0.5,1.6,1.9
2006-08-24,17.8,10.6,23.6,20150,0.5,1.32,1.7
2006-08-25,16.1,13.6,22.1,11387,10.0,1.54,1.7
2006-08-26,15.0,12.0,20.1,10855,3.9,1.39,1.5
2006-08-27,16.2,12.8,21.7,14056,0.5,1.47,2.6
2006-08-28,15.4,10.7,20.3,16134,0.5,1.28,2.8
2006-08-29,12.5,10.0,15.9,9171,0.2,1.2,3.1
2006-08-30,13.1,10.6,16.9,8653,0.3,1.25,3.4
2006-08-31,15.2,11.2,19.8,10829,0.4,1.31,2.9
2006-09-01,18.1,14.2,23.0,11803,0.0,1.62,2.3
2006-09-02,20.4,15.4,26.3,14681,0.0,1.76,2.1
2006-09-03,20.1,18.2,22.4,7999,2.0,2.02,4.2
2006-09-04,19.4,15.2,22.5,14546,0.4,1.69,4.6
2006-09-05,16.4,11.8,21.3,16518,0.0,1.39,2.7
2006-09-06,18.0,13.4,24.2,11284,0.0,1.55,1.8
2006-09-07,20.4,12.8,29.7,18522,2.4,1.58,2.6
2006-09-08,14.7,9.2,20.4,13334,0.3,1.17,3.2
2006-09-09,12.9,6.3,17.7,10557,0.0,0.97,1.9
2006-09-10,16.1,6.8,23.2,19384,0.0,1.05,1.7
2006-09-11,17.9,9.3,26.3,19220,0.0,1.26,1.7
2006-09-12,17.9,9.1,26.6,18956,0.0,1.25,1.7
2006-09-13,18.7,10.8,26.3,18691,0.0,1.37,1.7
2006-09-14,19.0,9.9,27.0,18427,0.0,1.32,2.0
2006-09-15,20.4,12.7,27.3,17672,0.0,1.53,3.0
2006-09-16,19.7,14.6,24.6,10007,0.0,1.66,2.6
2006-09-17,19.9,15.8,26.2,15024,0.0,1.79,1.8
2006-09-18,20.0,12.2,27.0,16893,0.0,1.5,1.7
2006-09-19,17.1,12.9,20.8,6726,0.1,1.46,2.4
2006-09-20,14.9,7.6,21.0,12406,0.0,1.08,1.8
2006-09-21,15.9,6.5,24.8,16589,0.0,1.07,2.1
2006-09-22,17.6,9.8,26.4,16702,0.0,1.3,2.3
2006-09-23,17.3,10.4,24.9,16440,0.0,1.32,2.2
2006-09-24,19.4,11.7,28.0,16180,0.0,1.47,1.9
2006-09-25,19.2,12.6,26.7,15829,0.0,1.51,1.9
2006-09-26,18.1,11.7,27.1,14761,0.0,1.44,1.7
2006-09-27,16.4,13.7,20.0,7192,0.3,1.52,1.4
2006-09-28,14.6,9.8,21.1,9486,0.1,1.23,1.4
2006-09-29,16.1,8.3,24.6,14806,0.0,1.17,1.5
2006-09-30,16.5,10.3,24.6,12034,0.0,1.3,1.6
2006-10-01,15.7,11.4,21.9,7327,4.7,1.35,2.0
2006-10-02,15.7,13.0,19.6,5692,0.0,1.47,3.3
2006-10-03,13.5,11.4,15.1,5185,9.2,1.3,2.2
2006-10-04,13.2,11.0,15.8,5774,4.0,1.27,2.6
2006-10-05,11.8,8.8,15.1,6434,0.5,1.11,2.4
2006-10-06,13.2,8.8,17.7,7163,0.0,1.12,3.6
2006-10-07,13.7,10.5,18.6,5842,1.5,1.26,3.7
2006-10-08,11.2,5.7,17.4,12437,0.0,0.93,2.4
2006-10-09,11.7,3.2,20.9,12203,0.0,0.84,1.5
2006-10-10,10.9,5.5,19.7,11340,0.0,0.94,1.0
2006-10-11,11.9,5.6,18.8,10882,0.0,0.94,1.7
2006-10-12,12.2,6.0,20.0,11205,0.0,0.98,1.2
2006-10-13,10.8,8.7,12.3,4407,0.2,1.09,1.6
2006-10-14,10.3,7.7,11.9,4333,0.0,1.01,2.2
2006-10-15,9.5,7.2,12.3,4784,0.0,0.99,2.0
2006-10-16,9.3,1.6,15.4,7148,0.0,0.72,1.9
2006-10-17,7.4,0.6,16.1,11365,0.0,0.68,1.9
2006-10-18,9.6,3.5,16.4,9983,0.0,0.81,1.8
2006-10-19,11.3,5.0,17.6,8343,0.0,0.89,1.9
2006-10-20,11.5,8.8,15.4,4896,0.8,1.11,2.0
2006-10-21,13.2,8.6,18.4,5727,0.4,1.12,2.3
2006-10-22,14.3,10.0,20.1,7646,0.0,1.24,2.6
2006-10-23,15.7,10.9,19.9,4729,0.4,1.29,2.9
2006-10-24,16.4,12.9,20.6,4990,0.2,1.47,4.1
2006-10-25,12.2,6.5,17.0,8723,0.0,0.97,2.2
2006-10-26,15.6,6.7,22.2,8600,0.0,1.04,2.9
2006-10-27,15.5,6.5,20.9,8086,0.0,1.01,3.4
2006-10-28,10.8,6.8,15.3,4481,7.9,0.98,2.4
2006-10-29,11.6,0.8,16.3,4727,1.6,0.69,3.7
2006-10-30,5.3,-0.6,9.5,5345,0.0,0.59,1.8
2006-10-31,11.0,7.3,15.9,4389,3.6,1.02,3.9
2006-11-01,5.7,-0.4,11.5,4317,2.0,0.6,5.3
2006-11-02,0.3,-2.8,5.0,7476,0.0,0.49,2.6
2006-11-03,-0.4,-5.3,4.3,7128,0.0,0.42,1.8
2006-11-04,3.6,-5.5,8.2,2980,4.6,0.43,2.9
2006-11-05,9.2,7.7,10.5,2926,13.2,1.01,4.2
2006-11-06,11.0,9.3,13.0,3048,0.4,1.13,3.4
2006-11-07,8.1,0.9,10.9,3627,0.0,0.66,2.2
2006-11-08,7.5,2.2,12.2,6293,0.7,0.72,3.1
2006-11-09,9.1,5.6,11.4,4071,8.9,0.89,4.4
2006-11-10,5.8,2.4,9.1,4008,0.0,0.72,2.2
2006-11-11,6.1,3.3,8.0,2630,2.6,0.75,4.0
2006-11-12,6.5,4.5,8.4,2747,2.7,0.82,4.9
2006-11-13,6.7,4.3,10.1,2540,4.7,0.81,4.3
2006-11-14,10.8,7.5,12.4,2603,0.0,1.0,3.4
2006-11-15,12.3,7.9,16.0,5129,0.0,1.05,2.6
2006-11-16,12.9,8.9,19.5,6511,0.0,1.14,2.6
2006-11-17,11.3,8.2,14.7,3401,0.2,1.06,2.2
2006-11-18,10.0,6.5,13.4,2590,0.0,0.95,2.2
2006-11-19,8.5,3.2,11.6,4609,0.5,0.76,2.1
2006-11-20,6.3,4.6,9.5,2263,0.0,0.82,3.3
2006-11-21,6.8,4.5,8.5,2524,1.3,0.81,2.9
2006-11-22,5.6,2.8,7.2,2292,0.0,0.72,2.6
2006-11-23,6.4,2.5,10.0,3175,0.5,0.72,3.5
2006-11-24,11.4,9.1,15.4,4185,0.0,1.13,2.7
2006-11-25,10.5,7.5,12.7,2527,0.0,1.0,3.2
2006-11-26,10.4,4.3,15.4,4604,0.0,0.84,1.9
2006-11-27,6.8,1.9,13.0,5065,0.0,0.71,1.8
2006-11-28,5.4,1.4,11.1,4229,0.0,0.68,2.0
2006-11-29,5.8,-0.3,8.5,2267,0.0,0.6,1.8
2006-11-30,5.3,-0.1,10.6,4823,0.0,0.61,2.0
2006-12-01,4.5,-0.4,10.3,5048,0.0,0.6,2.5
2006-12-02,5.4,3.6,8.4,4958,0.0,0.77,2.9
2006-12-03,6.5,4.9,9.6,3454,0.6,0.83,3.5
2006-12-04,8.4,5.9,11.7,3556,2.8,0.91,4.1
2006-12-05,11.7,7.4,15.1,2346,0.1,1.02,4.4
2006-12-06,11.2,8.4,13.6,2196,0.1,1.08,3.7
2006-12-07,8.9,6.6,10.9,4338,0.0,0.95,4.3
2006-12-08,9.8,6.8,14.4,3837,0.0,0.97,4.0
2006-12-09,8.2,5.5,10.9,1803,13.7,0.88,2.6
2006-12-10,4.4,1.0,6.8,2259,0.0,0.64,2.2
2006-12-11,3.7,0.4,6.8,4069,5.1,0.61,3.9
2006-12-12,4.8,3.1,6.8,1769,4.2,0.74,3.2
2006-12-13,6.5,3.5,8.6,2139,0.0,0.76,3.8
2006-12-14,8.0,4.6,10.1,3557,0.0,0.82,3.9
2006-12-15,5.8,1.6,11.0,4634,0.0,0.69,2.9
2006-12-16,8.0,3.0,12.8,3871,1.1,0.76,3.1
2006-12-17,4.7,2.6,6.2,2111,0.0,0.71,2.5
2006-12-18,3.7,0.2,5.3,1774,0.0,0.6,1.7
2006-12-19,3.0,0.8,5.1,2147,0.5,0.63,2.2
2006-12-20,4.3,2.2,5.7,1729,0.5,0.69,2.3
2006-12-21,5.2,4.0,6.9,1771,0.0,0.79,1.5
2006-12-22,5.5,4.7,6.3,1731,0.0,0.82,1.9
2006-12-23,3.8,2.5,4.9,1733,0.0,0.7,1.8
2006-12-24,1.5,0.7,2.7,1737,0.8,0.62,1.7
2006-12-25,3.4,1.5,5.2,1784,0.0,0.66,1.3
2006-12-26,0.5,-2.4,3.0,1748,0.0,0.5,1.5
2006-12-27,-2.3,-5.4,-0.5,2805,0.0,0.39,1.8
2006-12-28,-0.6,-2.3,0.8,1763,2.4,0.49,2.4
2006-12-29,1.7,0.5,3.6,1773,0.0,0.61,2.0
2006-12-30,3.4,1.1,6.0,3567,0.2,0.64,3.7
2006-12-31,8.4,4.8,10.6,1880,2.7,0.83,5.2
2007-01-01,8.5,4.6,12.1,2365,1.5,0.84,5.5
2007-01-02,4.4,2.3,5.5,2037,2.2,0.7,3.8
2007-01-03,5.2,3.5,6.4,2010,4.0,0.76,3.7
2007-01-04,6.4,4.9,8.5,2158,3.3,0.84,4.7
2007-01-05,7.2,6.0,8.3,1915,7.5,0.9,4.3
2007-01-06,8.4,6.8,10.4,1890,8.7,0.96,3.1
2007-01-07,6.9,4.4,9.4,1910,0.5,0.82,3.4
2007-01-08,6.8,3.8,9.7,2379,0.8,0.78,3.7
2007-01-09,11.2,6.9,13.9,2088,0.8,0.98,4.6
2007-01-10,12.3,7.8,13.9,3705,4.7,1.03,4.5
2007-01-11,6.6,4.7,8.8,2001,2.9,0.82,6.3
2007-01-12,7.8,5.8,9.9,4155,0.9,0.89,6.1
2007-01-13,11.5,9.6,12.8,2054,0.0,1.15,4.8
2007-01-14,8.3,3.1,11.5,4390,0.1,0.75,4.8
2007-01-15,3.6,0.0,7.4,5345,0.0,0.6,2.6
2007-01-16,4.2,0.3,7.2,2190,0.0,0.61,2.7
2007-01-17,8.3,4.7,11.8,3337,3.6,0.84,4.0
2007-01-18,10.3,6.4,15.2,2207,12.7,0.95,7.1
2007-01-19,7.3,5.0,9.8,2686,2.0,0.84,6.0
2007-01-20,9.5,6.0,14.2,2477,2.5,0.92,5.1
2007-01-21,6.4,5.0,9.4,3829,0.3,0.84,5.4
2007-01-22,3.6,-3.2,6.4,3526,0.0,0.48,3.2
2007-01-23,-3.9,-7.4,-2.0,4248,0.0,0.34,2.8
2007-01-24,-3.1,-4.3,-1.9,2430,4.1,0.42,2.7
2007-01-25,-3.3,-11.5,0.2,2630,2.4,0.26,2.5
2007-01-26,-6.1,-12.7,-0.3,4329,4.0,0.24,3.5
2007-01-27,0.2,-2.3,2.2,4502,0.5,0.5,4.1
2007-01-28,2.8,-0.7,5.7,2603,5.6,0.57,5.3
2007-01-29,4.7,1.1,7.2,3975,0.8,0.65,3.8
2007-01-30,5.0,1.6,7.6,2920,0.9,0.67,2.9
2007-01-31,6.6,5.1,8.8,3763,1.0,0.84,4.1
2007-02-01,4.7,0.8,7.6,3539,0.3,0.63,2.5
2007-02-02,5.7,1.6,8.8,2846,4.2,0.67,2.6
2007-02-03,5.7,1.9,8.3,5124,0.0,0.68,3.4
2007-02-04,4.0,0.4,6.6,2951,0.0,0.62,2.3
2007-02-05,1.7,-1.1,3.5,3005,1.4,0.55,2.7
2007-02-06,1.3,-0.9,3.5,3424,0.0,0.56,1.9
2007-02-07,0.7,-4.5,4.9,6251,3.8,0.44,1.6
2007-02-08,0.2,-0.5,0.9,3174,2.8,0.56,2.5
2007-02-09,2.5,-1.5,5.2,3673,0.8,0.54,2.7
2007-02-10,-2.5,-4.6,0.8,3292,4.9,0.42,2.9
2007-02-11,-1.5,-5.0,1.8,3353,3.5,0.41,3.5
2007-02-12,5.9,0.1,10.3,5632,3.8,0.62,2.9
2007-02-13,7.0,5.6,9.3,3742,4.0,0.87,3.7
2007-02-14,7.3,5.3,10.8,6546,8.1,0.86,2.2
2007-02-15,4.6,3.3,6.2,3606,4.2,0.75,2.6
2007-02-16,3.7,2.9,5.3,3672,0.0,0.72,2.9
2007-02-17,3.8,-0.5,9.1,9824,0.0,0.59,3.3
2007-02-18,3.4,-3.6,10.6,10242,0.0,0.5,1.9
2007-02-19,4.1,2.5,5.8,3875,0.0,0.7,1.2
2007-02-20,2.7,-1.2,6.9,5591,0.0,0.55,1.2
2007-02-21,4.2,0.7,9.6,9443,5.1,0.64,2.3
2007-02-22,5.4,0.7,8.8,4380,3.7,0.64,1.9
2007-02-23,-1.1,-2.5,0.8,4159,0.0,0.49,2.6
2007-02-24,2.6,-1.9,8.3,8946,0.0,0.54,3.3
2007-02-25,6.9,5.2,10.6,5441,1.4,0.87,3.2
2007-02-26,6.0,3.8,9.1,5757,5.5,0.78,3.5
2007-02-27,4.1,1.1,7.2,5229,6.5,0.65,3.8
2007-02-28,8.0,3.0,12.2,4922,0.6,0.75,4.5
2007-03-01,7.9,5.0,10.5,5003,4.9,0.85,4.6
2007-03-02,6.0,4.7,8.3,4846,4.2,0.83,3.8
2007-03-03,2.8,0.3,4.9,4845,6.9,0.6,3.4
2007-03-04,5.0,1.9,9.4,7611,0.0,0.69,2.0
2007-03-05,6.0,0.5,10.6,5498,0.1,0.64,3.3
2007-03-06,7.9,2.8,14.0,6746,0.0,0.76,3.1
2007-03-07,9.5,3.9,16.0,10535,5.8,0.83,2.2
2007-03-08,7.8,5.7,11.1,6773,0.1,0.89,2.1
2007-03-09,7.9,2.2,13.6,12343,0.8,0.73,2.3
2007-03-10,5.6,1.1,9.5,6967,0.0,0.66,2.6
2007-03-11,7.3,1.3,14.6,12031,0.0,0.7,2.3
2007-03-12,9.5,1.5,18.3,14901,0.0,0.74,1.6
2007-03-13,10.5,2.5,20.0,13828,0.0,0.8,1.5
2007-03-14,7.6,0.9,13.0,13985,0.0,0.67,2.0
2007-03-15,5.3,-0.7,12.4,10891,0.0,0.61,1.6
2007-03-16,7.2,-0.5,12.9,12204,2.2,0.61,2.3
2007-03-17,7.6,5.8,9.1,5911,7.0,0.89,4.6
2007-03-18,7.9,3.0,11.1,5995,5.6,0.75,5.8
2007-03-19,4.0,-0.4,7.8,8976,0.0,0.59,3.1
2007-03-20,1.5,-1.7,5.2,6165,2.5,0.53,2.5
2007-03-21,2.0,0.0,4.1,6250,4.9,0.59,3.1
2007-03-22,1.1,0.0,3.5,6335,12.5,0.59,3.6
2007-03-23,4.9,-0.3,9.2,11820,6.5,0.6,3.5
2007-03-24,10.1,7.2,13.6,13987,0.0,0.99,3.4
2007-03-25,9.6,4.3,15.2,17652,0.0,0.84,3.7
2007-03-26,9.2,3.9,15.1,17719,0.0,0.82,3.4
2007-03-27,9.3,1.8,16.5,18082,0.0,0.73,3.1
2007-03-28,9.8,3.2,16.2,16347,0.0,0.8,2.2
2007-03-29,9.1,3.0,15.3,16296,0.0,0.77,2.4
2007-03-30,8.4,1.0,15.0,17661,0.0,0.68,2.1
2007-03-31,10.7,5.7,16.5,18429,0.0,0.92,2.7
2007-04-01,10.6,3.2,17.8,18998,0.0,0.81,2.7
2007-04-02,10.3,2.1,18.4,18744,0.0,0.76,1.8
2007-04-03,5.8,-0.9,12.5,12971,0.0,0.6,2.8
2007-04-04,5.1,-1.1,10.6,20518,0.0,0.58,2.9
2007-04-05,6.5,-1.2,12.8,16680,0.0,0.59,3.1
2007-04-06,8.8,6.5,12.4,8346,0.0,0.94,2.4
2007-04-07,7.9,3.1,13.0,20678,0.0,0.77,2.4
2007-04-08,8.3,2.7,12.9,10661,0.0,0.75,2.7
2007-04-09,11.3,7.7,15.5,12589,0.0,1.04,3.3
2007-04-10,11.4,7.5,15.2,9016,0.0,1.02,2.9
2007-04-11,10.8,3.9,17.5,15194,0.0,0.84,2.2
2007-04-12,12.4,1.9,20.7,21543,0.0,0.79,1.8
2007-04-13,15.2,6.8,23.2,22019,0.0,1.05,2.4
2007-04-14,15.5,6.4,24.1,22386,0.0,1.05,2.4
2007-04-15,14.6,7.1,22.3,21532,0.0,1.07,2.2
2007-04-16,16.0,5.8,24.9,22562,0.0,1.02,1.8
2007-04-17,14.4,4.3,24.1,19569,0.9,0.94,2.3
2007-04-18,8.2,3.9,13.3,15647,0.0,0.81,3.0
2007-04-19,10.1,-0.4,16.8,23090,0.0,0.65,3.1
2007-04-20,7.6,3.8,11.7,16311,0.0,0.79,3.0
2007-04-21,6.9,-0.7,13.0,20512,0.0,0.61,1.5
2007-04-22,9.6,-1.9,18.2,23487,0.0,0.62,1.7
2007-04-23,15.2,3.6,24.0,22010,0.0,0.91,1.7
2007-04-24,15.1,8.4,22.5,14306,0.1,1.15,1.3
2007-04-25,15.5,5.6,23.5,20400,0.0,0.99,2.1
2007-04-26,17.0,7.2,25.1,23869,0.0,1.11,2.0
2007-04-27,18.2,7.8,27.1,24802,0.0,1.18,1.6
2007-04-28,18.1,6.5,26.8,24104,0.3,1.1,1.8
2007-04-29,10.9,3.6,16.0,24569,0.0,0.81,2.8
2007-04-30,9.9,-0.5,18.0,21397,0.0,0.66,2.6
2007-05-01,8.1,1.5,14.6,25145,0.0,0.7,2.4
2007-05-02,10.6,0.3,19.2,23839,0.0,0.7,2.3
2007-05-03,13.1,1.8,21.2,25243,0.0,0.79,1.9
2007-05-04,14.9,5.4,22.6,26059,0.0,0.98,2.3
2007-05-05,16.8,9.1,23.4,25567,0.0,1.21,2.4
2007-05-06,16.6,10.1,22.8,23521,0.0,1.26,1.9
2007-05-07,13.7,9.7,18.4,11785,8.1,1.2,3.2
2007-05-08,11.3,7.6,16.0,13165,7.3,1.03,4.4
2007-05-09,11.8,8.5,16.4,17071,5.6,1.1,3.8
2007-05-10,13.6,9.1,18.2,11009,11.6,1.15,3.8
2007-05-11,15.4,8.7,22.5,13959,1.0,1.17,4.0
2007-05-12,11.9,6.8,17.6,15228,4.2,1.01,3.2
2007-05-13,17.7,9.9,23.5,20491,0.8,1.26,2.3
2007-05-14,19.6,11.4,26.0,19229,7.2,1.41,3.0
2007-05-15,12.5,9.1,17.7,12499,1.6,1.15,2.6
2007-05-16,13.1,6.5,18.6,21061,6.9,1.0,2.6
2007-05-17,9.6,5.4,13.5,13700,0.0,0.89,2.8
2007-05-18,11.6,5.5,17.9,25822,0.0,0.93,2.0
2007-05-19,17.4,6.7,25.1,28209,0.0,1.08,2.0
2007-05-20,20.6,9.9,27.5,28033,0.0,1.32,1.8
2007-05-21,23.1,14.8,30.5,27609,0.0,1.78,1.7
2007-05-22,22.4,14.2,30.2,24117,36.7,1.71,1.7
2007-05-23,18.8,14.0,23.7,20002,0.0,1.59,1.7
2007-05-24,20.6,13.9,27.1,25824,0.0,1.63,1.5
2007-05-25,24.0,15.6,31.3,25755,0.2,1.87,1.7
2007-05-26,22.0,16.3,29.6,21130,0.0,1.89,1.8
2007-05-27,19.1,14.9,27.2,18219,9.3,1.72,2.1
2007-05-28,18.8,12.7,24.2,22328,21.7,1.48,2.0
2007-05-29,18.7,11.7,24.3,22987,12.3,1.41,3.6
2007-05-30,12.2,7.4,17.0,14632,0.0,1.02,2.3
2007-05-31,14.4,6.2,19.4,21213,0.0,0.98,1.6
2007-06-01,17.3,10.6,22.3,24957,0.0,1.29,2.0
2007-06-02,16.4,12.3,20.4,11262,0.5,1.42,1.9
2007-06-03,15.5,14.0,17.5,11041,0.0,1.55,2.0
2007-06-04,15.4,14.1,17.2,11066,0.0,1.55,1.8
2007-06-05,18.1,13.8,22.9,14805,0.0,1.57,1.8
2007-06-06,21.3,14.1,26.6,24620,0.0,1.65,1.9
2007-06-07,23.4,16.3,29.9,22537,0.0,1.91,2.2
2007-06-08,23.7,15.1,30.7,28761,0.0,1.81,1.9
2007-06-09,22.3,14.4,31.5,22581,0.0,1.75,1.7
2007-06-10,22.4,13.9,29.4,27812,0.0,1.68,1.5
2007-06-11,22.9,12.4,30.0,28948,0.0,1.56,1.3
2007-06-12,22.5,14.0,31.0,24619,0.0,1.71,1.9
2007-06-13,20.1,14.0,25.3,17927,0.0,1.62,1.8
2007-06-14,22.4,13.5,29.0,24272,0.0,1.64,1.7
2007-06-15,24.4,16.9,30.6,24654,10.6,1.99,2.5
2007-06-16,18.7,14.7,23.9,20314,0.0,1.67,2.5
2007-06-17,19.7,13.2,25.8,20569,0.5,1.55,2.2
2007-06-18,17.7,12.8,23.9,16474,2.0,1.49,2.0
2007-06-19,19.7,13.1,26.0,28525,0.0,1.56,1.3
2007-06-20,23.8,14.7,30.6,26662,0.0,1.76,1.9
2007-06-21,19.4,13.7,23.7,13495,22.6,1.57,1.9
2007-06-22,17.1,13.6,22.3,17963,0.1,1.55,2.0
2007-06-23,16.7,13.2,22.4,22056,2.9,1.5,2.7
2007-06-24,18.1,13.0,24.4,21925,0.0,1.53,2.0
2007-06-25,20.7,12.3,29.3,23406,13.2,1.54,2.3
2007-06-26,15.6,12.2,19.7,17811,7.2,1.39,4.6
2007-06-27,13.4,10.3,16.9,18296,0.8,1.22,4.6
2007-06-28,14.2,10.1,19.2,17787,5.9,1.23,3.2
2007-06-29,16.2,8.8,21.1,20872,0.0,1.16,2.7
2007-06-30,16.6,11.1,21.8,17509,0.6,1.34,2.9
2007-07-01,19.1,10.9,25.1,17986,0.0,1.35,1.9
2007-07-02,19.0,16.8,22.3,12643,0.8,1.87,2.0
2007-07-03,18.8,14.8,23.9,19059,0.0,1.67,2.5
2007-07-04,15.9,12.4,19.4,15943,8.4,1.42,2.9
2007-07-05,14.7,12.6,18.5,13571,35.2,1.42,3.7
2007-07-06,16.6,13.9,21.5,17253,0.8,1.56,4.2
2007-07-07,17.3,13.2,21.1,16361,0.0,1.49,3.8
2007-07-08,17.4,10.9,23.2,24723,0.0,1.33,2.2
2007-07-09,14.4,10.6,16.8,11000,7.2,1.24,1.8
2007-07-10,13.1,9.7,16.6,11711,11.7,1.18,2.1
2007-07-11,13.7,7.9,19.5,20668,4.0,1.08,2.8
2007-07-12,15.3,12.9,19.2,12264,0.8,1.45,3.0
2007-07-13,18.2,13.4,23.5,15549,0.7,1.53,2.1
2007-07-14,23.7,14.5,31.7,28281,0.0,1.77,2.3
2007-07-15,26.9,16.7,35.3,28965,0.0,2.06,1.8
2007-07-16,29.4,18.4,37.5,28420,0.0,2.31,1.7
2007-07-17,26.7,18.3,31.6,27016,0.2,2.16,2.4
2007-07-18,21.1,15.8,26.8,17545,1.2,1.81,1.8
2007-07-19,22.5,14.9,29.0,24213,0.0,1.77,1.6
2007-07-20,23.6,18.8,28.6,25008,7.7,2.16,2.3
2007-07-21,22.0,17.0,28.0,21414,6.6,1.94,1.9
2007-07-22,17.8,12.1,21.9,13449,8.8,1.41,2.3
2007-07-23,19.5,11.2,25.6,23845,1.2,1.38,2.0
2007-07-24,19.1,13.6,25.3,15168,4.9,1.58,3.7
2007-07-25,16.3,11.8,21.8,14628,0.0,1.38,3.0
2007-07-26,20.8,12.0,28.0,26904,0.0,1.48,2.2
2007-07-27,21.2,14.7,25.1,21274,0.0,1.68,3.5
2007-07-28,17.2,12.9,20.1,11203,23.9,1.46,3.0
2007-07-29,15.1,11.8,16.8,11269,19.2,1.35,2.8
2007-07-30,13.5,11.7,17.3,15295,0.7,1.34,3.7
2007-07-31,14.0,9.0,17.9,13074,0.0,1.14,2.9
2007-08-01,15.1,8.2,20.5,18630,0.0,1.12,1.8
2007-08-02,18.8,10.6,25.3,21657,1.6,1.33,2.2
2007-08-03,16.9,12.2,21.4,14788,0.0,1.41,2.2
2007-08-04,16.6,8.6,23.5,24218,0.0,1.18,1.4
2007-08-05,18.9,9.5,25.9,26375,0.0,1.27,1.9
2007-08-06,20.5,12.6,26.3,25918,0.0,1.51,2.1
2007-08-07,22.2,15.5,29.5,24400,0.0,1.82,1.9
2007-08-08,20.9,16.6,29.3,19948,1.8,1.94,2.2
2007-08-09,22.9,15.6,30.0,22787,0.0,1.83,2.4
2007-08-10,19.8,15.5,24.9,11344,14.5,1.74,2.2
2007-08-11,19.4,16.9,22.7,10923,0.8,1.87,2.4
2007-08-12,16.9,14.2,18.7,9341,0.0,1.57,1.5
2007-08-13,18.9,10.7,26.2,21322,0.1,1.36,1.6
2007-08-14,20.4,13.2,26.6,22139,0.0,1.58,1.7
2007-08-15,23.4,17.8,28.9,14545,0.0,2.05,3.0
2007-08-16,20.4,13.1,24.5,10441,4.6,1.54,3.2
2007-08-17,16.1,9.7,22.4,14594,0.0,1.23,2.3
2007-08-18,16.5,8.8,23.0,21450,0.0,1.18,1.5
2007-08-19,20.3,12.1,26.7,21444,0.3,1.47,1.7
2007-08-20,20.5,16.7,25.6,16349,18.5,1.89,1.8
2007-08-21,19.1,15.5,23.9,13655,0.0,1.75,2.3
2007-08-22,17.6,13.9,23.3,13448,0.1,1.58,1.9
2007-08-23,19.3,13.1,25.1,14916,0.1,1.53,1.3
2007-08-24,19.5,14.4,25.3,17147,0.0,1.65,1.4
2007-08-25,19.9,13.5,26.6,19025,0.0,1.58,1.9
2007-08-26,19.3,14.3,25.5,17247,0.0,1.64,2.4
2007-08-27,15.7,11.4,19.5,16799,0.0,1.34,2.3
2007-08-28,13.5,7.0,18.5,13732,0.0,1.02,2.1
2007-08-29,11.5,4.8,18.6,18406,0.0,0.9,1.9
2007-08-30,13.1,3.9,19.3,17302,0.0,0.85,2.4
2007-08-31,15.0,12.8,17.7,8677,2.8,1.44,2.7
2007-09-01,14.9,12.4,18.5,10840,0.0,1.41,2.4
2007-09-02,15.9,10.8,20.9,10956,0.0,1.3,2.4
2007-09-03,13.7,9.7,16.7,8952,7.7,1.18,2.9
2007-09-04,9.8,6.2,13.6,14967,6.8,0.93,3.1
2007-09-05,11.4,5.5,16.9,16518,0.1,0.92,2.2
2007-09-06,13.8,7.3,19.9,17839,0.0,1.05,2.5
2007-09-07,13.9,10.4,17.5,9938,0.0,1.24,2.7
2007-09-08,14.7,13.0,17.0,7372,1.4,1.44,3.0
2007-09-09,14.5,11.8,18.8,14336,0.0,1.35,3.0
2007-09-10,11.9,9.3,13.4,7305,7.7,1.14,3.4
2007-09-11,13.3,9.5,17.7,13775,0.0,1.17,2.7
2007-09-12,14.2,12.8,17.2,8637,1.4,1.43,2.2
2007-09-13,11.8,6.3,14.8,7547,0.0,0.95,1.7
2007-09-14,13.6,3.9,20.9,14474,0.8,0.87,2.4
2007-09-15,12.9,7.9,16.9,15219,0.0,1.06,3.0
2007-09-16,13.9,8.1,20.9,16730,0.0,1.12,2.3
2007-09-17,18.8,9.9,25.8,14831,1.9,1.29,2.3
2007-09-18,13.1,6.7,18.1,6621,5.0,0.99,3.1
2007-09-19,9.0,5.4,14.6,12919,0.0,0.9,2.5
2007-09-20,12.0,5.6,18.9,15715,0.0,0.94,2.8
2007-09-21,14.5,8.9,21.1,15370,0.0,1.17,2.3
2007-09-22,14.7,8.0,22.9,14468,0.0,1.12,1.4
2007-09-23,14.8,5.3,24.7,15148,0.0,1.0,1.3
2007-09-24,17.2,8.5,25.6,14898,0.0,1.21,2.3
2007-09-25,12.9,9.4,16.7,6477,0.8,1.16,2.3
2007-09-26,12.7,6.3,18.3,11790,0.0,0.98,1.3
2007-09-27,13.0,11.6,14.8,5675,16.7,1.33,2.9
2007-09-28,12.2,10.0,14.9,5592,15.2,1.2,3.2
2007-09-29,12.9,10.0,15.1,5598,0.6,1.19,3.3
2007-09-30,14.2,10.7,18.2,8992,0.0,1.27,2.1
2007-10-01,13.5,6.4,19.5,12839,0.3,1.0,1.2
2007-10-02,12.2,11.4,13.5,5265,9.8,1.3,1.1
2007-10-03,10.9,8.0,14.3,8059,0.7,1.05,1.3
2007-10-04,11.6,7.2,16.0,5607,0.1,1.01,1.4
2007-10-05,12.2,7.6,15.8,8756,0.1,1.04,1.6
2007-10-06,10.6,5.9,14.6,6095,0.0,0.92,1.5
2007-10-07,7.5,3.2,14.0,6656,0.0,0.78,1.1
2007-10-08,8.5,1.4,15.3,9619,0.0,0.71,1.4
2007-10-09,7.3,1.7,10.8,4950,0.0,0.69,1.0
2007-10-10,6.1,-0.4,15.3,12050,0.0,0.64,1.3
2007-10-11,6.4,-0.1,10.3,4558,0.5,0.61,1.6
2007-10-12,10.8,7.9,14.7,6182,0.1,1.04,2.6
2007-10-13,7.0,-0.6,11.8,10448,0.0,0.6,1.5
2007-10-14,5.3,-2.1,13.6,11974,0.0,0.56,1.7
2007-10-15,9.6,0.7,18.7,11744,0.0,0.71,1.8
2007-10-16,12.1,8.0,18.5,8185,0.0,1.07,2.2
2007-10-17,14.2,7.7,20.5,10193,2.5,1.07,2.5
2007-10-18,9.4,5.5,13.9,7521,0.0,0.9,3.2
2007-10-19,5.3,0.4,10.1,7555,0.1,0.63,2.4
2007-10-20,3.6,-2.3,8.4,6100,2.2,0.53,1.7
2007-10-21,4.2,0.5,6.9,5307,0.1,0.62,1.7
2007-10-22,2.1,-3.4,5.6,5638,0.0,0.48,2.2
2007-10-23,4.6,2.6,7.0,4934,0.0,0.71,2.6
2007-10-24,5.9,5.1,6.9,3636,0.0,0.84,2.9
2007-10-25,6.7,6.2,7.6,3572,0.5,0.92,2.3
2007-10-26,8.3,6.7,10.2,3508,0.0,0.95,1.9
2007-10-27,8.5,3.7,11.0,3576,0.0,0.78,1.1
2007-10-28,5.9,1.8,11.4,5128,0.0,0.69,2.0
2007-10-29,7.9,1.6,14.1,7856,0.0,0.71,1.9
2007-10-30,8.5,4.6,11.8,3263,0.5,0.84,1.8
2007-10-31,7.1,4.2,10.7,6323,0.0,0.8,2.0
2007-11-01,8.0,4.4,10.1,3208,0.4,0.82,2.1
2007-11-02,11.0,9.2,12.4,3089,0.1,1.12,1.4
2007-11-03,11.7,9.3,13.5,3215,1.8,1.13,2.3
2007-11-04,7.8,2.0,10.3,3753,0.0,0.7,2.1
2007-11-05,2.4,-1.8,6.3,4985,4.8,0.53,1.8
2007-11-06,5.7,3.0,9.4,3571,3.2,0.75,4.1
2007-11-07,5.9,2.4,8.0,2823,5.3,0.71,4.9
2007-11-08,8.2,6.0,9.9,3852,5.5,0.91,3.9
2007-11-09,5.8,3.0,9.6,3117,1.4,0.74,5.5
2007-11-10,2.8,-0.2,5.8,3619,3.6,0.59,4.3
2007-11-11,1.1,0.0,1.8,2630,10.0,0.59,4.1
2007-11-12,1.7,0.6,2.5,2584,1.7,0.62,3.7
2007-11-13,2.2,0.3,5.1,5221,0.1,0.61,3.1
2007-11-14,0.8,-0.3,1.3,2497,0.0,0.57,2.8
2007-11-15,-0.5,-3.9,2.1,3242,0.0,0.44,2.0
2007-11-16,0.4,-1.6,1.9,3296,1.8,0.52,1.9
2007-11-17,4.1,1.9,5.3,2375,0.3,0.68,1.6
2007-11-18,3.5,-0.1,5.2,2540,0.0,0.59,1.9
2007-11-19,0.4,-1.2,3.4,3705,0.0,0.54,2.6
2007-11-20,0.1,-1.3,2.6,2661,0.0,0.54,2.2
2007-11-21,1.9,-1.5,7.7,5081,0.0,0.54,2.4
2007-11-22,3.8,1.3,5.9,2731,0.0,0.65,1.8
2007-11-23,5.0,1.5,7.0,2162,0.1,0.66,1.8
2007-11-24,3.1,-1.7,5.6,2131,0.8,0.53,2.3
2007-11-25,3.0,-0.7,6.2,2338,6.7,0.57,4.3
2007-11-26,1.9,0.4,3.9,4135,0.5,0.6,4.4
2007-11-27,1.0,-1.5,2.5,2137,0.0,0.53,2.4
2007-11-28,-0.3,-5.2,4.1,3630,0.0,0.41,2.0
2007-11-29,1.4,-0.5,3.2,3089,4.4,0.57,3.0
2007-11-30,4.8,1.8,6.7,1968,3.3,0.68,3.3
2007-12-01,6.5,4.7,8.2,1945,3.7,0.83,3.9
2007-12-02,7.3,5.0,9.5,2504,7.1,0.84,5.0
2007-12-03,7.3,4.4,9.7,1947,2.9,0.82,5.3
2007-12-04,5.1,4.0,7.0,2059,0.6,0.78,3.4
2007-12-05,7.1,4.5,9.8,1865,0.0,0.82,3.5
2007-12-06,9.3,7.7,10.8,1978,6.7,1.01,4.1
2007-12-07,9.5,5.6,13.0,2480,9.1,0.89,5.3
2007-12-08,6.3,4.7,8.5,3579,0.0,0.82,3.9
2007-12-09,4.8,3.2,6.1,1932,1.8,0.74,3.3
2007-12-10,5.5,3.1,9.4,4516,0.0,0.75,2.4
2007-12-11,3.5,0.7,5.1,1780,3.6,0.62,2.5
2007-12-12,5.4,4.4,5.9,1769,0.2,0.8,2.2
2007-12-13,2.7,0.9,4.6,1803,0.0,0.63,1.8
2007-12-14,0.9,-0.9,1.4,1753,0.0,0.55,1.8
2007-12-15,-1.7,-6.1,0.3,2709,0.0,0.38,2.2
2007-12-16,-2.3,-5.5,-0.6,1740,0.0,0.39,2.2
2007-12-17,-0.1,-1.2,0.8,1736,0.0,0.54,2.8
2007-12-18,-1.6,-3.1,-1.0,1733,0.0,0.47,1.9
2007-12-19,-1.9,-2.8,-1.3,1730,0.0,0.48,1.2
2007-12-20,-3.9,-5.1,-2.6,1729,0.0,0.4,1.2
2007-12-21,-5.2,-6.3,-4.7,1730,0.0,0.37,1.1
2007-12-22,-5.0,-8.7,0.5,3313,0.0,0.32,1.2
2007-12-23,-3.7,-9.1,1.4,4234,0.0,0.31,1.3
2007-12-24,-0.1,-1.0,0.7,1737,0.0,0.54,1.5
2007-12-25,-0.1,-1.8,2.6,4000,0.0,0.52,2.5
2007-12-26,-0.9,-3.2,3.2,4137,0.0,0.47,2.1
2007-12-27,0.4,-1.4,3.3,3646,0.0,0.54,2.5
2007-12-28,2.2,-0.2,5.0,1763,0.0,0.58,3.0
2007-12-29,1.1,-1.1,4.1,3719,0.0,0.55,3.5
2007-12-30,2.6,-0.5,5.9,3440,2.6,0.58,2.6
2007-12-31,2.1,0.9,3.2,1837,1.4,0.63,1.9
2008-01-01,0.1,-1.4,1.5,1808,1.1,0.53,1.5
2008-01-02,-1.2,-4.0,-0.1,1822,0.0,0.44,2.6
2008-01-03,-4.2,-6.0,-3.0,1837,0.0,0.37,4.1
2008-01-04,-6.3,-8.4,-4.7,2769,0.0,0.31,3.5
2008-01-05,-1.4,-5.2,0.7,2002,0.6,0.41,3.4
2008-01-06,1.0,-0.8,3.1,1890,1.1,0.56,2.4
2008-01-07,2.0,-0.8,5.1,2399,3.5,0.56,3.7
2008-01-08,4.2,0.6,7.0,3678,0.0,0.62,3.2
2008-01-09,2.9,0.6,4.8,3126,0.1,0.61,2.9
2008-01-10,3.9,1.0,6.5,4160,0.0,0.64,3.3
2008-01-11,5.8,1.9,8.4,2597,0.0,0.69,3.2
2008-01-12,4.1,0.3,6.3,2212,0.0,0.61,3.3
2008-01-13,2.5,-2.3,7.5,5368,0.0,0.52,2.3
2008-01-14,3.4,-1.1,8.6,4437,0.0,0.56,2.8
2008-01-15,4.6,2.8,7.3,4536,0.0,0.73,4.0
2008-01-16,5.1,2.9,6.6,2142,0.0,0.73,3.5
2008-01-17,4.6,1.3,9.0,3628,1.0,0.66,2.7
2008-01-18,6.7,4.5,9.0,2403,8.4,0.82,4.1
2008-01-19,9.4,6.2,13.6,2241,13.5,0.93,4.8
2008-01-20,9.2,6.1,11.9,2277,12.7,0.92,3.7
2008-01-21,10.0,6.8,11.1,2313,3.8,0.96,4.1
2008-01-22,4.1,1.5,8.6,2351,0.6,0.67,3.8
2008-01-23,3.0,-0.9,6.6,4507,0.0,0.56,2.6
2008-01-24,7.0,4.0,8.7,2430,2.6,0.78,3.1
2008-01-25,5.4,1.9,7.7,6483,0.0,0.68,3.9
2008-01-26,7.6,5.5,10.0,3582,6.2,0.87,4.8
2008-01-27,5.5,-0.2,8.0,2558,4.7,0.59,4.3
2008-01-28,2.8,-3.1,6.8,2931,1.1,0.49,1.7
2008-01-29,5.8,4.2,6.8,2649,0.0,0.8,1.8
2008-01-30,4.4,2.6,6.8,2697,2.3,0.72,2.6
2008-01-31,3.1,0.4,5.2,4159,0.9,0.61,4.2
2008-02-01,5.8,3.4,8.6,2795,1.1,0.76,5.3
2008-02-02,2.8,-0.2,4.3,3309,0.0,0.58,3.8
2008-02-03,1.4,-1.2,6.0,7644,0.0,0.55,2.9
2008-02-04,3.2,-2.7,10.3,7635,0.0,0.53,2.8
2008-02-05,6.3,3.1,9.8,6965,6.0,0.75,3.6
2008-02-06,8.2,5.9,11.2,3850,6.0,0.9,4.5
2008-02-07,4.4,-1.2,7.6,4223,0.0,0.56,2.9
2008-02-08,4.2,-1.0,7.8,3236,0.0,0.57,1.8
2008-02-09,6.7,4.0,10.6,3421,0.0,0.79,1.6
2008-02-10,4.7,-0.5,12.5,8196,0.0,0.61,1.5
2008-02-11,2.8,-2.4,8.2,3418,0.0,0.52,1.4
2008-02-12,4.5,1.5,5.2,3415,0.0,0.66,1.5
2008-02-13,1.8,-0.8,4.4,3478,0.0,0.56,1.3
2008-02-14,2.1,-1.8,3.8,3542,0.0,0.52,1.6
2008-02-15,-1.8,-6.9,2.6,7119,0.0,0.37,2.5
2008-02-16,-4.0,-7.6,2.2,8047,0.0,0.35,1.8
2008-02-17,-1.5,-6.8,3.3,7127,0.0,0.37,2.4
2008-02-18,2.3,1.3,3.8,3807,0.5,0.65,2.7
2008-02-19,4.3,3.3,5.8,3875,0.4,0.75,1.9
2008-02-20,5.5,2.2,10.5,8453,0.2,0.7,1.6
2008-02-21,6.3,3.3,8.6,5318,1.4,0.76,3.3
2008-02-22,9.7,7.0,11.3,4087,0.4,0.97,5.3
2008-02-23,8.3,6.3,10.9,9043,0.0,0.93,4.0
2008-02-24,9.2,3.7,17.3,11191,0.0,0.83,2.7
2008-02-25,5.3,-0.6,10.4,7332,0.1,0.59,2.6
2008-02-26,9.8,0.5,16.3,5298,4.0,0.68,4.0
2008-02-27,7.6,5.4,10.5,6465,0.0,0.87,4.5
2008-02-28,5.9,2.5,10.0,7579,0.0,0.72,2.3
2008-02-29,6.2,2.4,9.4,4687,12.7,0.71,3.1
2008-03-01,7.0,3.9,9.7,4686,4.6,0.78,7.2
2008-03-02,7.3,4.5,11.1,5409,4.3,0.82,6.1
2008-03-03,6.4,2.0,8.7,4843,4.1,0.7,4.0
2008-03-04,2.8,0.6,6.8,6074,4.0,0.63,2.9
2008-03-05,0.0,-2.2,4.1,8325,0.0,0.51,3.1
2008-03-06,3.2,-2.2,7.0,5754,1.8,0.52,3.4
2008-03-07,5.8,2.8,9.0,5163,0.0,0.73,2.0
2008-03-08,6.6,3.9,10.3,5758,0.0,0.79,2.0
2008-03-09,7.9,4.3,11.5,8089,0.0,0.82,2.9
2008-03-10,9.4,3.7,14.8,12903,0.0,0.81,3.8
2008-03-11,8.9,5.8,13.6,9537,2.6,0.91,4.7
2008-03-12,8.0,3.1,11.6,9568,3.1,0.76,6.1
2008-03-13,6.3,3.2,9.4,7718,0.3,0.75,5.5
2008-03-14,5.5,1.2,9.1,7007,2.7,0.66,3.6
2008-03-15,6.1,1.5,10.7,12386,0.0,0.68,1.7
2008-03-16,5.3,1.6,7.4,5911,3.4,0.67,2.8
2008-03-17,4.1,0.6,7.9,9702,0.2,0.63,3.8
2008-03-18,1.9,-1.6,7.6,11779,0.0,0.54,3.5
2008-03-19,0.2,-2.8,6.0,8520,5.2,0.49,2.7
2008-03-20,1.0,-2.4,5.4,10617,3.2,0.51,3.5
2008-03-21,3.8,0.3,7.8,9015,3.3,0.61,4.0
2008-03-22,2.9,0.6,7.0,7481,5.2,0.62,3.3
2008-03-23,0.4,-1.7,2.5,6895,3.0,0.52,2.2
2008-03-24,0.6,-1.9,5.1,10213,0.1,0.52,2.5
2008-03-25,0.3,-1.2,3.6,9437,1.5,0.54,3.6
2008-03-26,1.0,-0.7,3.7,8549,0.9,0.56,3.0
2008-03-27,2.6,-3.3,8.4,13347,0.0,0.49,1.6
2008-03-28,6.8,-0.9,14.5,16196,2.2,0.61,2.8
2008-03-29,7.4,2.6,12.3,11072,0.7,0.74,3.8
2008-03-30,9.7,2.0,16.4,15571,0.0,0.75,3.3
2008-03-31,11.6,3.4,19.2,18176,0.0,0.84,2.1
2008-04-01,10.9,5.2,15.9,11922,0.1,0.89,2.3
2008-04-02,7.9,5.9,11.2,8499,3.1,0.9,3.4
2008-04-03,7.1,4.8,10.6,9113,12.8,0.83,2.5
2008-04-04,6.9,1.9,10.6,8469,0.0,0.69,1.8
2008-04-05,7.6,0.6,13.5,11734,0.3,0.67,2.3
2008-04-06,4.5,-0.6,8.3,7901,3.7,0.58,1.9
2008-04-07,2.2,-1.1,5.1,7770,11.4,0.55,2.4
2008-04-08,4.7,0.2,9.8,12804,0.5,0.62,1.8
2008-04-09,4.9,2.6,7.6,7934,9.1,0.71,1.7
2008-04-10,4.7,3.1,6.7,8015,0.4,0.73,1.7
2008-04-11,7.6,4.2,12.7,9626,24.1,0.81,2.2
2008-04-12,7.3,2.1,13.3,10483,0.0,0.73,2.5
2008-04-13,9.7,2.1,16.7,18963,0.1,0.74,2.0
2008-04-14,11.5,4.1,18.6,13658,8.6,0.86,2.2
2008-04-15,7.8,6.1,9.1,8412,1.3,0.91,2.2
2008-04-16,6.7,4.7,9.1,8490,2.4,0.82,2.0
2008-04-17,5.1,4.0,6.9,8566,3.0,0.79,2.2
2008-04-18,6.5,4.3,9.2,8756,1.4,0.81,2.9
2008-04-19,6.5,2.8,8.8,9965,0.0,0.73,3.0
2008-04-20,8.3,3.3,13.6,11182,0.0,0.78,2.4
2008-04-21,10.8,3.0,16.5,22230,0.0,0.79,3.6
2008-04-22,11.7,6.2,15.9,16622,0.0,0.95,3.4
2008-04-23,10.0,2.1,17.9,15801,0.0,0.76,1.8
2008-04-24,11.3,1.2,20.1,22017,0.0,0.74,1.7
2008-04-25,10.1,5.8,14.2,10082,0.1,0.92,2.4
2008-04-26,11.5,4.7,18.5,24337,0.0,0.9,1.4
2008-04-27,13.4,3.4,21.2,23988,0.0,0.86,2.0
2008-04-28,16.3,7.3,22.9,24686,0.0,1.09,2.4
2008-04-29,14.8,10.4,20.2,14123,1.6,1.27,2.0
2008-04-30,13.7,9.9,19.0,11379,0.0,1.21,2.5
2008-05-01,11.9,5.5,17.2,13809,1.8,0.92,2.2
2008-05-02,11.2,3.5,19.2,20392,0.5,0.84,1.6
2008-05-03,11.2,4.7,18.3,19416,0.2,0.89,1.5
2008-05-04,10.8,1.2,18.5,20097,1.5,0.73,1.9
2008-05-05,13.8,9.0,19.9,14223,1.5,1.16,2.0
2008-05-06,14.3,6.5,20.9,19192,0.0,1.01,2.0
2008-05-07,14.0,4.4,22.2,22626,0.0,0.91,1.6
2008-05-08,15.0,5.1,23.2,24871,0.0,0.97,1.6
2008-05-09,15.6,5.0,22.8,27364,0.0,0.95,2.1
2008-05-10,15.6,5.8,23.2,24321,0.0,1.0,2.4
2008-05-11,16.3,6.0,24.8,26817,0.0,1.04,2.2
2008-05-12,17.5,6.4,26.0,27627,0.0,1.08,1.9
2008-05-13,14.9,7.7,21.4,26377,0.0,1.1,2.4
2008-05-14,15.2,7.9,21.9,27790,0.0,1.11,1.7
2008-05-15,15.4,6.8,23.7,20210,0.1,1.06,1.6
2008-05-16,16.3,11.0,21.0,12361,0.1,1.31,1.7
2008-05-17,16.4,10.6,25.2,18994,15.2,1.35,2.0
2008-05-18,12.6,10.7,15.5,11117,0.0,1.25,1.9
2008-05-19,11.2,3.9,17.0,21187,0.0,0.84,2.0
2008-05-20,12.0,2.0,18.1,20754,0.0,0.77,2.4
2008-05-21,12.3,6.9,17.8,11373,0.0,1.0,2.1
2008-05-22,13.4,9.4,17.8,10679,0.0,1.17,1.7
2008-05-23,14.9,10.8,18.5,10964,0.0,1.28,1.8
2008-05-24,15.0,8.7,21.3,17641,0.1,1.15,2.3
2008-05-25,15.4,9.2,21.8,28021,0.0,1.19,2.4
2008-05-26,16.1,9.6,23.7,13170,0.0,1.24,2.3
2008-05-27,16.4,10.9,20.8,22821,0.0,1.3,2.9
2008-05-28,17.9,11.9,24.4,24714,0.0,1.42,3.1
2008-05-29,18.8,12.9,24.8,23274,0.0,1.52,2.6
2008-05-30,22.1,14.1,29.7,26402,0.0,1.7,2.4
2008-05-31,23.8,17.0,30.8,27182,0.0,2.01,2.1
2008-06-01,23.0,16.0,29.9,23879,0.0,1.87,1.8
2008-06-02,23.7,14.7,30.5,29729,0.0,1.75,2.1
2008-06-03,22.9,16.6,31.0,21839,0.0,1.95,2.3
2008-06-04,21.3,15.4,27.6,27070,0.0,1.77,2.3
2008-06-05,19.2,13.2,24.2,26727,0.0,1.52,2.5
2008-06-06,19.6,12.4,25.4,23033,0.0,1.48,2.3
2008-06-07,21.5,12.9,27.4,21320,0.0,1.54,2.0
2008-06-08,20.1,10.0,28.1,22705,0.0,1.33,1.8
2008-06-09,21.4,11.0,29.8,30170,0.0,1.43,1.7
2008-06-10,21.9,10.8,29.8,29816,0.0,1.43,2.3
2008-06-11,17.3,13.8,21.9,17790,0.0,1.56,3.0
2008-06-12,15.6,11.1,20.3,19914,8.3,1.31,2.3
2008-06-13,11.9,8.0,16.3,13964,1.8,1.07,2.6
2008-06-14,12.5,6.6,18.3,20058,0.0,1.0,2.1
2008-06-15,12.9,7.4,18.7,21308,5.3,1.05,2.0
2008-06-16,12.6,7.8,19.0,13116,5.9,1.07,1.8
2008-06-17,15.3,7.5,22.1,28895,0.0,1.09,1.4
2008-06-18,18.3,9.7,24.9,24674,0.0,1.26,1.7
2008-06-19,20.2,10.6,27.6,18713,0.1,1.37,2.7
2008-06-20,18.3,14.2,23.2,20450,1.1,1.61,2.5
2008-06-21,16.6,11.6,21.8,17218,0.0,1.37,1.8
2008-06-22,23.0,10.2,32.9,25533,5.3,1.44,2.4
2008-06-23,20.5,10.9,25.8,25029,0.0,1.36,3.3
2008-06-24,16.5,9.1,23.6,29487,0.0,1.2,1.8
2008-06-25,18.5,12.1,27.3,18184,3.7,1.49,2.1
2008-06-26,20.2,12.3,26.1,25739,0.0,1.49,2.2
2008-06-27,17.2,9.7,22.9,17291,0.0,1.24,3.0
2008-06-28,16.6,8.9,23.2,13558,4.5,1.2,2.8
2008-06-29,20.6,12.6,27.7,22589,0.0,1.53,2.1
2008-06-30,18.8,10.7,25.4,24923,0.0,1.34,2.3
2008-07-01,20.4,8.9,27.9,29853,0.0,1.25,1.5
2008-07-02,24.0,14.8,31.4,30073,0.0,1.79,2.2
2008-07-03,26.0,16.6,34.5,26828,0.1,2.02,2.2
2008-07-04,16.8,14.4,21.0,11098,20.6,1.61,2.8
2008-07-05,17.2,12.3,23.1,19477,0.5,1.45,1.6
2008-07-06,20.5,11.5,27.7,23152,4.0,1.45,1.8
2008-07-07,17.6,12.0,23.4,15839,4.1,1.41,2.9
2008-07-08,16.6,12.2,22.1,22467,4.2,1.43,3.7
2008-07-09,16.2,12.4,21.8,21321,0.3,1.44,3.1
2008-07-10,16.3,10.1,20.3,11311,2.5,1.25,2.2
2008-07-11,21.4,16.5,29.9,18292,7.1,1.92,2.3
2008-07-12,18.6,12.4,22.0,13091,0.1,1.43,2.6
2008-07-13,14.5,11.1,17.7,10968,9.8,1.29,1.7
2008-07-14,16.5,9.7,22.0,20992,0.0,1.23,2.3
2008-07-15,18.7,12.4,23.3,15186,0.0,1.46,2.6
2008-07-16,17.7,12.9,23.0,11104,1.5,1.48,2.6
2008-07-17,16.1,12.4,20.9,16811,0.0,1.43,1.9
2008-07-18,17.2,13.5,22.0,13222,0.1,1.53,2.2
2008-07-19,17.5,12.8,24.3,18544,11.7,1.49,2.8
2008-07-20,16.5,12.0,22.0,19587,0.1,1.4,3.0
2008-07-21,14.3,10.4,18.5,16611,0.0,1.25,3.5
2008-07-22,14.2,9.5,19.5,12427,0.0,1.19,2.5
2008-07-23,17.2,7.7,24.1,24507,0.0,1.13,1.6
2008-07-24,18.9,12.7,23.9,10874,1.6,1.49,2.3
2008-07-25,21.9,17.0,30.7,18804,1.4,2.0,2.3
2008-07-26,23.7,17.6,31.4,23326,0.0,2.08,2.1
2008-07-27,24.2,16.1,31.0,27830,0.0,1.9,1.9
2008-07-28,24.8,15.9,31.9,27625,0.0,1.9,2.1
2008-07-29,24.6,17.1,31.3,26938,0.0,2.02,2.1
2008-07-30,20.6,16.1,25.3,10438,0.0,1.82,1.6
2008-07-31,23.4,14.7,30.7,27118,0.0,1.77,2.1
2008-08-01,24.6,17.1,34.0,22134,0.0,2.07,2.3
2008-08-02,18.8,15.7,20.9,10146,6.7,1.74,2.0
2008-08-03,20.8,15.1,25.9,14480,0.0,1.72,2.8
2008-08-04,20.0,15.7,24.2,14528,2.3,1.78,4.1
2008-08-05,18.5,13.7,23.9,20127,0.0,1.56,3.1
2008-08-06,19.0,9.4,26.9,21453,0.0,1.28,1.5
2008-08-07,24.7,13.9,32.2,25004,8.8,1.73,2.4
2008-08-08,21.3,17.4,26.1,16808,0.1,1.96,3.1
2008-08-09,16.9,10.1,22.1,17657,0.0,1.27,2.8
2008-08-10,17.3,9.2,23.2,12905,3.1,1.2,2.8
2008-08-11,21.4,16.3,27.6,19103,10.0,1.86,2.2
2008-08-12,21.2,17.9,25.8,12285,0.1,2.01,2.6
2008-08-13,20.9,15.5,25.6,20060,0.0,1.77,4.0
2008-08-14,19.8,14.4,25.8,19264,0.1,1.66,2.7
2008-08-15,14.6,12.4,18.2,9065,15.4,1.41,1.6
2008-08-16,13.8,12.2,15.2,8993,19.4,1.37,1.6
2008-08-17,16.4,10.9,23.2,17008,0.0,1.33,1.6
2008-08-18,18.7,10.8,26.0,15657,0.0,1.37,2.2
2008-08-19,20.6,14.4,28.7,15444,13.7,1.7,2.7
2008-08-20,18.4,14.8,23.2,14894,0.2,1.68,3.3
2008-08-21,18.6,14.0,23.7,19391,0.0,1.59,2.4
2008-08-22,19.8,12.2,26.1,20164,2.6,1.46,1.8
2008-08-23,16.2,10.6,19.7,15591,0.1,1.27,3.1
2008-08-24,13.6,10.4,16.4,8398,8.5,1.23,2.4
2008-08-25,15.2,9.1,20.0,11957,0.0,1.17,1.7
2008-08-26,18.3,12.8,23.6,15592,0.0,1.49,2.0
2008-08-27,19.3,14.3,24.5,13841,0.0,1.62,2.2
2008-08-28,17.5,14.6,21.3,8410,0.0,1.64,2.3
2008-08-29,17.4,11.7,21.2,8329,0.1,1.36,2.4
2008-08-30,15.2,8.3,22.4,18250,0.0,1.14,1.5
2008-08-31,16.9,8.1,23.8,21326,0.0,1.15,2.2
2008-09-01,18.0,11.7,26.0,15745,7.8,1.42,2.3
2008-09-02,18.8,14.6,24.5,15408,0.0,1.66,2.4
2008-09-03,20.0,14.1,26.8,16125,12.9,1.64,3.0
2008-09-04,16.0,12.0,21.3,10866,0.2,1.4,2.6
2008-09-05,17.2,12.0,22.9,9932,0.0,1.41,2.2
2008-09-06,21.8,17.1,27.8,10248,8.9,1.96,2.5
2008-09-07,17.1,14.0,19.7,7783,0.0,1.56,2.4
2008-09-08,16.1,10.9,21.8,14132,0.0,1.31,2.4
2008-09-09,16.3,9.5,23.9,19587,0.0,1.25,1.7
2008-09-10,17.8,9.9,25.5,13371,0.0,1.3,1.7
2008-09-11,18.2,13.2,24.2,14347,0.0,1.52,1.8
2008-09-12,13.7,9.6,17.3,7049,0.0,1.17,3.2
2008-09-13,10.4,4.9,15.6,15660,0.0,0.87,3.2
2008-09-14,10.9,9.2,12.9,6878,0.0,1.13,2.6
2008-09-15,11.1,8.7,14.1,6597,0.0,1.09,2.3
2008-09-16,8.4,6.8,10.3,6513,0.0,0.95,1.8
2008-09-17,9.5,6.2,14.2,8445,0.0,0.94,1.5
2008-09-18,9.9,3.8,14.8,7488,0.0,0.81,1.5
2008-09-19,10.9,7.9,14.5,6355,0.0,1.05,1.4
2008-09-20,11.3,9.1,14.7,6270,2.5,1.13,1.7
2008-09-21,11.8,9.4,15.9,7953,1.8,1.15,1.8
2008-09-22,10.6,8.4,13.1,6101,0.5,1.07,1.9
2008-09-23,10.4,8.2,13.4,6565,6.1,1.06,2.0
2008-09-24,12.9,10.0,17.1,9927,0.0,1.21,2.1
2008-09-25,11.4,3.6,15.9,7108,0.0,0.82,2.4
2008-09-26,8.8,1.4,17.2,15583,0.0,0.73,1.8
2008-09-27,8.4,2.6,16.6,8955,0.0,0.77,1.7
2008-09-28,10.4,4.4,17.9,14368,0.0,0.87,1.7
2008-09-29,10.9,6.9,15.4,6123,0.9,0.99,2.0
2008-09-30,10.7,7.9,14.5,7758,2.8,1.05,3.8
2008-10-01,12.5,9.9,16.7,6716,5.5,1.2,5.1
2008-10-02,11.2,7.8,15.3,11863,0.0,1.05,4.2
2008-10-03,8.4,3.7,11.8,7867,0.0,0.78,2.8
2008-10-04,6.8,2.4,12.6,9752,0.0,0.73,3.1
2008-10-05,10.6,4.6,15.4,9298,0.0,0.86,4.1
2008-10-06,11.1,10.0,12.5,4867,2.5,1.18,1.8
2008-10-07,11.4,7.1,16.2,6962,0.0,1.01,1.7
2008-10-08,10.4,6.2,17.1,9652,0.0,0.96,1.8
2008-10-09,11.2,6.0,16.4,7947,0.5,0.94,1.6
2008-10-10,9.9,6.5,15.3,6744,0.0,0.96,1.7
2008-10-11,12.5,6.8,20.4,11977,0.0,1.03,2.1
2008-10-12,11.4,7.2,17.5,8765,0.0,1.03,1.8
2008-10-13,13.1,4.4,21.4,11444,0.5,0.91,1.9
2008-10-14,13.3,8.7,15.8,4260,1.9,1.11,2.0
2008-10-15,12.8,8.6,16.7,4409,2.2,1.1,2.4
2008-10-16,11.8,6.7,14.9,4115,0.5,0.98,3.3
2008-10-17,8.0,5.5,10.6,5855,4.0,0.87,3.2
2008-10-18,7.6,2.7,13.4,8487,0.0,0.75,2.2
2008-10-19,8.4,5.1,13.4,3976,0.0,0.87,2.5
2008-10-20,11.2,5.3,18.3,10210,0.0,0.93,2.9
2008-10-21,14.9,9.7,22.1,9516,4.8,1.24,3.1
2008-10-22,8.5,6.4,10.0,3702,10.1,0.93,2.1
2008-10-23,6.8,2.2,12.9,9186,0.0,0.73,2.3
2008-10-24,5.6,-0.4,13.0,9526,0.0,0.62,2.3
2008-10-25,6.3,1.4,10.8,3508,2.6,0.68,1.9
2008-10-26,9.6,3.9,16.9,8086,5.4,0.83,3.3
2008-10-27,8.8,6.6,9.8,3383,7.3,0.94,2.5
2008-10-28,6.7,5.1,8.1,3322,5.7,0.84,1.8
2008-10-29,5.4,4.5,6.1,3263,32.9,0.81,1.5
2008-10-30,4.3,2.6,6.2,3204,2.0,0.71,2.1
2008-10-31,4.7,-0.5,9.4,5982,0.0,0.59,1.7
2008-11-01,3.7,1.7,8.6,3821,0.0,0.68,2.1
2008-11-02,4.6,2.2,6.8,3034,0.0,0.69,1.9
2008-11-03,8.1,6.7,9.1,2980,0.0,0.94,2.2
2008-11-04,9.8,9.0,10.4,2926,0.0,1.11,1.5
2008-11-05,10.5,8.8,12.1,2874,0.0,1.09,2.5
2008-11-06,10.8,10.1,11.8,2823,0.0,1.19,1.7
2008-11-07,11.6,10.4,12.7,2773,1.0,1.21,1.7
2008-11-08,9.5,8.1,10.8,2724,7.1,1.05,1.7
2008-11-09,10.4,6.6,14.5,5783,0.1,0.96,3.5
2008-11-10,12.5,10.2,15.4,4056,0.0,1.21,4.5
2008-11-11,11.3,9.0,13.7,4862,0.0,1.11,4.2
2008-11-12,7.4,4.0,10.4,2969,0.0,0.8,2.9
2008-11-13,4.1,-0.7,8.6,2921,0.0,0.58,1.8
2008-11-14,5.3,-0.7,9.3,2822,0.0,0.59,2.9
2008-11-15,9.1,6.9,10.0,2414,0.0,0.96,3.3
2008-11-16,8.8,5.0,11.4,2529,2.4,0.85,3.6
2008-11-17,3.6,-1.7,6.8,5635,0.0,0.53,2.0
2008-11-18,3.0,-1.4,5.9,2952,3.8,0.54,3.2
2008-11-19,6.6,5.0,9.1,2263,2.6,0.84,4.2
2008-11-20,7.8,4.6,9.4,2229,3.4,0.82,5.7
2008-11-21,1.9,-0.3,4.8,2195,4.6,0.58,4.6
2008-11-22,-0.4,-1.7,0.3,3561,1.3,0.52,4.3
2008-11-23,0.0,-1.3,1.6,2370,0.1,0.53,3.6
2008-11-24,-1.7,-5.3,0.7,2101,1.8,0.4,2.3
2008-11-25,-0.8,-3.8,0.6,2072,0.1,0.45,2.2
2008-11-26,1.4,-3.0,4.2,3113,1.0,0.48,2.7
2008-11-27,4.8,3.6,6.9,2018,0.0,0.76,3.1
2008-11-28,2.7,-1.1,5.6,4322,0.0,0.55,2.3
2008-11-29,2.4,-0.9,4.5,1968,0.0,0.56,1.8
2008-11-30,-0.2,-2.4,2.9,1990,0.0,0.5,1.9
2008-12-01,2.5,-2.3,8.5,1924,0.6,0.52,2.1
2008-12-02,3.8,1.6,5.7,1903,0.0,0.66,3.3
2008-12-03,3.1,0.7,5.9,3468,0.1,0.62,2.9
2008-12-04,2.9,-1.9,6.9,2652,0.7,0.53,2.9
2008-12-05,4.4,1.7,6.1,2022,1.4,0.67,2.5
2008-12-06,4.2,1.4,6.8,1832,2.0,0.66,2.1
2008-12-07,3.8,2.5,4.7,1817,0.4,0.71,2.2
2008-12-08,3.3,-0.3,4.8,1803,0.0,0.58,2.5
2008-12-09,1.1,-2.8,5.0,3835,0.0,0.49,2.1
2008-12-10,1.7,0.1,2.9,1780,2.6,0.59,1.5
2008-12-11,0.8,0.0,1.5,1769,9.0,0.59,1.3
2008-12-12,0.3,0.0,0.7,1760,1.5,0.58,1.6
2008-12-13,1.5,0.2,2.6,1753,0.0,0.6,2.6
2008-12-14,2.8,1.4,4.9,1746,0.0,0.66,2.9
2008-12-15,2.0,1.1,3.3,1740,0.0,0.64,2.1
2008-12-16,2.1,1.3,2.9,1736,0.0,0.65,1.3
2008-12-17,3.6,2.6,4.4,1733,7.7,0.71,1.7
2008-12-18,2.1,1.3,3.3,1730,0.0,0.64,2.1
2008-12-19,3.4,1.7,5.4,1729,5.8,0.67,3.0
2008-12-20,4.4,2.1,6.3,1730,2.0,0.69,4.6
2008-12-21,5.3,3.9,7.3,2439,0.0,0.78,3.6
2008-12-22,7.8,6.2,9.3,2775,1.3,0.91,4.4
2008-12-23,3.8,-1.0,6.3,1904,0.6,0.56,2.3
2008-12-24,4.0,-0.7,5.9,1742,4.7,0.57,2.5
2008-12-25,-0.1,-3.6,4.6,2083,0.0,0.47,2.8
2008-12-26,-3.7,-6.1,-2.3,2511,0.0,0.37,3.1
2008-12-27,-1.8,-2.6,-0.9,1763,0.0,0.48,2.4
2008-12-28,-3.0,-4.9,-1.4,2196,0.0,0.41,2.5
2008-12-29,-4.1,-5.8,-2.2,3100,0.0,0.38,2.3
2008-12-30,-4.2,-7.2,0.7,4525,0.0,0.35,1.7
2008-12-31,-3.4,-8.0,0.7,4637,0.0,0.33,1.3
2009-01-01,-4.4,-8.7,-2.4,1808,1.2,0.31,1.6
2009-01-02,-4.3,-11.9,-0.8,1822,3.3,0.25,1.5
2009-01-03,-5.8,-12.5,-1.4,3223,2.0,0.24,2.6
2009-01-04,-0.3,-1.8,0.2,1853,8.1,0.51,2.6
2009-01-05,-5.8,-14.6,-0.2,2441,0.1,0.21,2.5
2009-01-06,-15.1,-18.6,-11.6,3656,0.0,0.14,2.1
2009-01-07,-11.1,-19.3,-4.7,2043,0.8,0.14,2.3
2009-01-08,-8.5,-14.8,-5.1,1931,0.0,0.2,2.1
2009-01-09,-6.5,-11.1,-3.2,3713,0.0,0.26,1.8
2009-01-10,-2.7,-6.3,0.2,2067,0.0,0.38,1.5
2009-01-11,-5.2,-10.5,0.3,5029,0.0,0.28,2.3
2009-01-12,-5.2,-7.9,-1.2,5081,0.0,0.33,3.0
2009-01-13,-3.2,-6.6,1.4,5135,0.0,0.37,2.7
2009-01-14,-5.5,-10.6,-1.2,2176,0.0,0.27,1.4
2009-01-15,0.3,-3.5,1.7,2112,0.6,0.46,1.3
2009-01-16,-0.1,-2.8,2.4,2382,0.0,0.48,2.2
2009-01-17,-0.4,-3.7,2.0,2756,2.1,0.45,2.4
2009-01-18,2.5,0.2,5.3,3333,7.0,0.6,3.6
2009-01-19,3.2,-0.3,5.7,4665,1.5,0.58,3.7
2009-01-20,3.0,-2.5,5.7,2277,0.9,0.51,2.5
2009-01-21,-0.5,-2.8,0.8,2313,3.8,0.48,1.3
2009-01-22,0.4,-2.6,5.4,5925,0.0,0.5,2.8
2009-01-23,1.2,-2.4,5.0,4558,1.5,0.51,4.4
2009-01-24,3.3,-2.3,5.8,2587,0.0,0.51,2.7
2009-01-25,1.0,-1.9,6.9,4055,0.0,0.53,1.8
2009-01-26,0.5,-1.1,2.4,2621,0.0,0.54,1.8
2009-01-27,-0.9,-3.0,1.7,3854,0.0,0.47,1.4
2009-01-28,-1.3,-4.2,2.3,4569,0.0,0.44,1.6
2009-01-29,-0.7,-2.9,1.1,2649,0.0,0.48,2.2
2009-01-30,-0.7,-1.5,-0.1,2697,0.8,0.52,2.4
2009-01-31,-0.1,-1.5,1.5,2971,2.4,0.53,2.9
2009-02-01,-1.3,-3.0,0.0,2852,0.8,0.47,3.9
2009-02-02,0.9,-0.8,2.5,2846,0.0,0.56,4.2
2009-02-03,1.1,-0.2,2.9,2897,0.0,0.58,2.2
2009-02-04,2.5,0.6,4.3,2951,0.0,0.62,1.2
2009-02-05,3.0,-1.6,8.6,6725,0.0,0.55,2.0
2009-02-06,2.3,0.2,8.2,4457,0.0,0.61,1.8
2009-02-07,0.3,-0.9,2.0,3117,0.0,0.55,1.5
2009-02-08,1.8,-1.3,3.7,3174,0.0,0.54,2.8
2009-02-09,0.6,-4.0,5.0,6317,0.0,0.45,2.5
2009-02-10,3.4,-0.1,8.3,3929,7.3,0.6,4.8
2009-02-11,0.4,-0.4,3.1,3353,1.3,0.57,4.0
2009-02-12,-1.2,-2.4,-0.1,3415,0.1,0.49,2.7
2009-02-13,-2.7,-8.8,2.1,7239,0.0,0.32,2.1
2009-02-14,-3.5,-9.3,-0.7,3542,0.4,0.3,2.3
2009-02-15,-1.3,-3.4,0.8,3606,7.1,0.46,2.4
2009-02-16,-0.5,-1.9,1.5,3672,7.0,0.51,2.3
2009-02-17,-3.2,-6.3,-0.9,8026,0.8,0.37,3.0
2009-02-18,-2.8,-5.1,0.0,4296,0.2,0.41,1.6
2009-02-19,-2.9,-5.8,-0.8,3875,6.9,0.38,2.1
2009-02-20,-0.1,-1.6,1.4,3945,1.9,0.52,2.2
2009-02-21,-2.3,-3.9,-0.8,4015,3.1,0.44,1.7
2009-02-22,1.2,-2.2,3.9,4087,3.3,0.5,3.4
2009-02-23,2.1,0.1,3.8,4159,2.9,0.6,3.8
2009-02-24,1.0,-0.5,2.1,4232,0.4,0.57,2.0
2009-02-25,2.5,-0.3,4.6,4306,0.9,0.58,2.7
2009-02-26,4.7,3.1,7.1,4533,4.9,0.74,4.1
2009-02-27,4.1,0.4,6.5,4456,0.0,0.61,3.5
2009-02-28,4.7,0.2,6.9,5000,1.1,0.61,1.6
2009-03-01,6.3,4.5,8.6,4609,0.1,0.81,1.8
2009-03-02,6.7,3.8,8.3,4686,1.5,0.78,2.1
2009-03-03,5.2,1.1,7.7,5086,0.5,0.65,2.0
2009-03-04,5.9,1.0,11.0,7367,0.0,0.66,3.2
2009-03-05,8.9,2.7,15.0,9939,2.2,0.76,2.6
2009-03-06,5.0,4.0,5.8,5002,0.0,0.78,2.9
2009-03-07,4.1,3.2,5.1,5083,0.1,0.74,2.7
2009-03-08,4.6,-0.7,8.2,5502,2.0,0.58,3.2
2009-03-09,3.9,-0.1,8.9,10034,1.3,0.6,4.0
2009-03-10,5.1,3.0,8.4,5931,2.5,0.73,3.5
2009-03-11,4.3,2.4,7.6,6281,2.5,0.71,3.1
2009-03-12,4.4,2.3,7.7,6020,9.8,0.7,2.9
2009-03-13,5.8,4.3,7.8,5575,2.9,0.8,2.7
2009-03-14,7.8,0.7,13.2,9777,1.9,0.66,2.0
2009-03-15,7.4,6.5,8.4,5742,2.2,0.93,3.0
2009-03-16,6.6,4.7,8.8,6555,0.0,0.82,1.6
2009-03-17,7.5,4.5,12.1,8851,0.0,0.83,3.1
2009-03-18,5.5,0.9,9.7,13501,7.7,0.65,2.6
2009-03-19,3.8,0.3,8.3,12059,0.0,0.62,2.5
2009-03-20,1.4,-2.1,4.9,9179,0.0,0.51,1.9
2009-03-21,3.5,-0.9,8.1,14984,0.0,0.57,2.0
2009-03-22,5.4,2.0,9.0,6527,4.8,0.7,4.1
2009-03-23,6.0,2.7,7.0,6421,8.2,0.71,5.6
2009-03-24,1.1,-3.0,5.5,8255,2.0,0.49,4.1
2009-03-25,1.1,-5.1,6.6,12953,0.0,0.43,3.2
2009-03-26,4.5,1.0,7.3,6775,0.7,0.64,3.4
2009-03-27,7.0,4.1,10.2,7060,2.2,0.8,3.7
2009-03-28,7.4,3.0,10.6,9447,1.7,0.74,3.0
2009-03-29,7.1,1.1,11.0,8946,0.0,0.66,2.0
2009-03-30,5.0,-0.5,11.4,11173,0.0,0.6,1.8
2009-03-31,5.9,-2.3,14.0,18327,0.0,0.56,2.0
2009-04-01,7.9,-1.9,16.1,19408,0.0,0.59,2.5
2009-04-02,9.6,2.7,16.3,18744,0.0,0.78,3.1
2009-04-03,13.1,2.8,23.5,19939,0.0,0.86,1.9
2009-04-04,14.7,4.7,22.9,19158,0.0,0.95,2.0
2009-04-05,11.0,6.0,16.2,10048,0.0,0.94,1.7
2009-04-06,11.6,4.5,17.7,10887,0.0,0.87,1.8
2009-04-07,14.7,6.9,24.2,18655,0.0,1.08,2.1
2009-04-08,14.2,5.8,22.0,17514,0.7,0.98,2.4
2009-04-09,13.2,9.8,18.2,11728,0.0,1.21,1.7
2009-04-10,14.9,8.4,21.6,20596,0.0,1.14,2.4
2009-04-11,14.0,8.0,20.6,21395,0.0,1.1,2.3
2009-04-12,11.6,5.6,18.8,21324,0.0,0.94,2.0
2009-04-13,12.3,4.9,18.6,22019,0.0,0.9,1.7
2009-04-14,13.8,5.7,21.9,21944,0.0,0.97,1.5
2009-04-15,14.8,6.1,22.6,22198,0.0,1.01,2.3
2009-04-16,13.8,8.1,19.3,22339,0.0,1.1,3.2
2009-04-17,11.3,6.8,17.3,11064,1.0,0.99,3.3
2009-04-18,10.3,4.2,13.7,11376,0.0,0.83,2.5
2009-04-19,9.5,3.4,16.1,22751,0.0,0.81,2.5
2009-04-20,10.7,0.6,19.0,23564,0.0,0.71,2.1
2009-04-21,10.9,0.8,18.5,23698,0.0,0.71,1.8
2009-04-22,9.6,1.3,19.3,18461,0.0,0.74,2.5
2009-04-23,7.9,3.8,12.2,9628,5.5,0.8,2.0
2009-04-24,11.2,0.6,19.3,24316,0.0,0.72,2.5
2009-04-25,14.5,4.3,22.8,24441,0.0,0.92,2.6
2009-04-26,17.1,8.0,23.7,21089,0.0,1.14,2.1
2009-04-27,19.2,14.4,25.5,22709,0.0,1.67,2.5
2009-04-28,19.3,10.7,24.7,22938,0.0,1.34,2.6
2009-04-29,14.4,6.4,20.7,15445,0.0,1.0,1.8
2009-04-30,16.4,5.9,26.3,20224,0.0,1.04,1.8
2009-05-01,14.8,5.2,23.6,24792,0.0,0.97,1.9
2009-05-02,13.2,2.4,22.5,25726,0.0,0.83,1.7
2009-05-03,15.1,3.4,24.0,24533,0.8,0.88,1.9
2009-05-04,10.5,4.4,14.6,14315,0.0,0.84,2.8
2009-05-05,8.9,3.2,12.7,10346,2.5,0.77,3.1
2009-05-06,10.9,4.1,14.0,11839,2.7,0.82,4.2
2009-05-07,12.3,2.9,20.8,14533,0.0,0.83,2.4
2009-05-08,16.1,7.1,24.5,20111,0.6,1.1,2.8
2009-05-09,14.9,4.5,21.3,23431,0.7,0.91,2.1
2009-05-10,15.0,7.2,20.5,18104,0.0,1.05,1.8
2009-05-11,12.5,7.2,15.7,10103,0.0,1.01,2.2
2009-05-12,11.8,3.7,17.9,26817,0.0,0.84,2.8
2009-05-13,12.2,5.0,18.1,25692,0.0,0.9,2.5
2009-05-14,12.0,4.9,18.2,23712,0.0,0.9,2.9
2009-05-15,14.8,6.1,22.0,26819,2.2,1.0,3.0
2009-05-16,13.5,7.8,19.4,14497,0.1,1.08,2.3
2009-05-17,17.8,8.6,24.7,26604,0.0,1.18,2.3
2009-05-18,17.0,11.1,22.4,15947,1.7,1.33,2.0
2009-05-19,16.8,10.0,22.4,19419,5.8,1.26,1.5
2009-05-20,18.1,9.0,25.7,22532,3.6,1.22,1.6
2009-05-21,18.6,13.6,24.0,15491,1.7,1.57,2.0
2009-05-22,13.8,9.9,18.6,14436,10.7,1.21,2.5
2009-05-23,13.6,8.4,19.8,25278,0.0,1.13,2.1
2009-05-24,18.2,10.1,25.8,23859,0.0,1.3,2.0
2009-05-25,18.1,9.8,25.9,28706,0.0,1.3,1.6
2009-05-26,20.3,12.6,31.5,20392,22.9,1.61,3.2
2009-05-27,14.4,11.1,19.1,21299,0.0,1.31,3.5
2009-05-28,12.4,6.7,16.7,16288,18.8,0.98,3.7
2009-05-29,11.6,7.2,17.1,15461,4.7,1.02,3.1
2009-05-30,11.9,7.4,14.6,10929,1.0,1.01,2.9
2009-05-31,14.1,10.5,22.4,13430,12.8,1.29,2.4
2009-06-01,15.5,11.9,20.3,15438,0.2,1.38,2.2
2009-06-02,17.0,11.3,24.0,17447,0.0,1.38,2.9
2009-06-03,11.9,9.6,16.6,12526,4.5,1.17,3.9
2009-06-04,10.2,6.6,13.9,15400,1.2,0.96,3.1
2009-06-05,10.2,4.0,15.9,18274,0.0,0.84,2.2
2009-06-06,10.6,2.3,17.1,18175,6.1,0.76,2.4
2009-06-07,13.2,10.2,18.0,14602,0.0,1.22,2.4
2009-06-08,16.3,10.9,22.3,23552,0.0,1.32,2.3
2009-06-09,16.6,10.6,25.4,21340,2.2,1.33,2.3
2009-06-10,17.2,10.3,22.7,22476,0.0,1.28,2.8
2009-06-11,14.5,9.5,20.9,13307,5.7,1.21,4.0
2009-06-12,12.1,8.4,17.1,22384,0.1,1.1,4.2
2009-06-13,14.2,9.1,20.0,27737,0.0,1.17,2.9
2009-06-14,16.3,6.2,23.5,25638,0.0,1.04,1.9
2009-06-15,18.4,13.2,23.9,17078,12.7,1.52,2.0
2009-06-16,14.8,10.4,19.1,19445,0.0,1.25,2.5
2009-06-17,15.1,10.6,20.5,29140,0.0,1.27,1.7
2009-06-18,19.0,12.4,24.1,17964,0.0,1.47,2.6
2009-06-19,16.9,11.1,20.1,12750,0.0,1.32,2.7
2009-06-20,14.3,7.9,20.3,22314,0.0,1.09,2.3
2009-06-21,13.5,7.6,20.0,18836,4.4,1.07,1.8
2009-06-22,13.9,11.0,18.5,14362,1.1,1.29,2.3
2009-06-23,16.5,12.1,22.7,15600,0.1,1.42,3.1
2009-06-24,17.7,13.1,23.3,12739,11.7,1.51,3.0
2009-06-25,18.4,14.3,23.0,14346,0.1,1.62,2.4
2009-06-26,18.9,17.3,20.4,11235,0.0,1.9,2.5
2009-06-27,18.0,16.3,20.0,11226,0.0,1.8,2.3
2009-06-28,18.7,15.1,22.2,12331,0.5,1.69,1.8
2009-06-29,19.8,15.9,24.5,14674,0.0,1.78,1.4
2009-06-30,20.5,14.6,28.7,18128,1.6,1.74,1.4
2009-07-01,21.6,16.8,28.5,20464,7.2,1.94,1.5
2009-07-02,20.5,16.2,27.6,14748,16.4,1.85,1.6
2009-07-03,21.4,15.3,28.7,21534,0.0,1.79,1.6
2009-07-04,20.8,16.4,26.9,20272,25.2,1.87,2.1
2009-07-05,20.5,16.4,25.8,21606,0.0,1.87,1.7
2009-07-06,21.1,15.0,26.7,19971,0.0,1.72,1.9
2009-07-07,19.2,15.2,26.0,20559,11.6,1.73,2.6
2009-07-08,16.6,13.7,21.1,18677,16.2,1.55,3.4
2009-07-09,16.4,10.9,20.8,18768,0.1,1.3,3.3
2009-07-10,14.7,10.5,20.4,18611,2.4,1.26,3.6
2009-07-11,14.8,11.7,19.6,15620,1.5,1.35,2.7
2009-07-12,17.4,10.1,23.0,21121,1.5,1.27,2.0
2009-07-13,20.5,15.8,26.2,22063,0.0,1.79,1.9
2009-07-14,21.5,14.3,27.5,14775,0.0,1.67,1.7
2009-07-15,22.3,16.4,29.0,17312,0.0,1.91,2.1
2009-07-16,22.2,16.4,28.2,24008,0.0,1.88,1.6
2009-07-17,23.6,16.7,31.8,20039,17.5,1.98,2.4
2009-07-18,16.7,14.6,19.3,10698,6.3,1.62,3.1
2009-07-19,17.0,13.9,22.7,15542,2.1,1.56,2.9
2009-07-20,17.2,12.3,22.4,21349,1.7,1.43,3.1
2009-07-21,20.0,12.7,25.8,23607,2.9,1.51,2.0
2009-07-22,21.6,17.4,27.8,14787,4.0,2.0,2.3
2009-07-23,22.5,17.4,29.7,14857,0.2,2.03,2.5
2009-07-24,18.3,13.3,23.0,14925,2.3,1.52,2.7
2009-07-25,15.3,12.1,20.2,16081,8.0,1.4,3.3
2009-07-26,16.3,11.3,22.2,21343,0.0,1.35,2.0
2009-07-27,20.3,10.1,27.1,26826,0.0,1.33,2.3
2009-07-28,19.2,11.7,24.0,19276,0.1,1.39,2.2
2009-07-29,20.1,10.2,26.4,27024,0.0,1.34,1.9
2009-07-30,20.7,12.5,27.0,18056,0.0,1.5,3.4
2009-07-31,17.2,9.9,23.0,22897,0.0,1.25,1.9
2009-08-01,19.7,8.5,27.7,24129,0.0,1.23,1.8
2009-08-02,23.8,13.7,32.9,24877,5.9,1.71,2.2
2009-08-03,17.5,13.5,19.9,9908,6.9,1.51,1.8
2009-08-04,18.0,11.6,24.4,22912,0.0,1.39,1.5
2009-08-05,20.0,12.9,26.9,24005,0.0,1.53,1.6
2009-08-06,20.2,11.5,28.0,22727,0.0,1.44,2.0
2009-08-07,21.6,13.1,28.4,22514,0.0,1.59,2.1
2009-08-08,21.8,14.5,29.3,23710,0.0,1.72,1.8
2009-08-09,21.0,13.6,27.2,21615,0.0,1.6,1.5
2009-08-10,20.4,14.3,28.5,17540,4.4,1.68,1.6
2009-08-11,19.1,16.8,24.4,13371,0.6,1.89,2.4
2009-08-12,18.2,16.2,22.7,10968,8.7,1.79,2.7
2009-08-13,18.0,14.7,23.3,14371,0.0,1.65,2.5
2009-08-14,16.2,9.8,21.9,20753,0.0,1.23,1.7
2009-08-15,19.0,8.9,27.8,23523,0.0,1.27,2.1
2009-08-16,23.8,14.3,32.0,24436,0.0,1.76,2.3
2009-08-17,21.9,15.3,28.1,20653,0.0,1.77,2.4
2009-08-18,18.6,11.2,25.0,20083,0.0,1.37,2.1
2009-08-19,19.6,9.2,27.9,23600,0.0,1.28,1.7
2009-08-20,23.0,14.1,31.1,23696,0.0,1.72,2.5
2009-08-21,19.7,15.5,24.4,11741,2.3,1.76,2.0
2009-08-22,16.3,9.9,22.4,13672,0.0,1.26,1.7
2009-08-23,16.6,7.6,24.7,21616,0.0,1.12,2.0
2009-08-24,18.6,9.1,25.5,22707,0.0,1.24,2.5
2009-08-25,22.2,12.6,30.6,21461,2.0,1.58,1.8
2009-08-26,20.6,17.6,25.8,9863,1.0,2.0,1.7
2009-08-27,21.0,14.2,28.8,20528,0.0,1.7,1.9
2009-08-28,23.1,16.5,29.9,15588,0.0,1.92,3.0
2009-08-29,16.5,9.9,21.7,13517,0.0,1.24,3.0
2009-08-30,14.8,8.6,22.1,15680,0.0,1.15,2.4
2009-08-31,17.4,6.8,26.3,20401,0.0,1.1,2.0
2009-09-01,23.0,13.2,31.2,21433,0.0,1.64,2.6
2009-09-02,21.1,16.0,26.5,16383,0.0,1.82,2.2
2009-09-03,18.1,12.9,24.3,9057,19.1,1.52,3.8
2009-09-04,16.3,12.6,21.5,13810,7.6,1.45,4.0
2009-09-05,14.0,10.8,18.1,8564,1.0,1.28,4.1
2009-09-06,13.8,9.2,16.8,9412,0.0,1.15,2.5
2009-09-07,15.4,7.4,22.4,16143,0.0,1.08,1.7
2009-09-08,17.9,9.1,26.4,19912,0.0,1.24,1.7
2009-09-09,17.6,11.0,25.7,19137,0.0,1.38,1.9
2009-09-10,17.3,8.5,25.6,17658,0.0,1.21,2.4
2009-09-11,15.7,10.2,20.7,10346,0.0,1.25,2.4
2009-09-12,13.7,7.6,20.7,11242,0.0,1.08,2.2
2009-09-13,12.3,8.7,14.4,8641,0.1,1.09,2.7
2009-09-14,14.8,10.1,19.4,8051,0.0,1.24,2.7
2009-09-15,16.9,13.1,21.4,7859,0.0,1.5,2.6
2009-09-16,18.7,13.2,25.4,13320,0.0,1.55,2.6
2009-09-17,16.0,10.1,21.8,12510,0.0,1.25,2.1
2009-09-18,14.2,5.4,21.9,17565,0.0,0.97,1.8
2009-09-19,15.4,8.5,23.1,17397,0.0,1.16,1.6
2009-09-20,16.9,8.7,25.7,16188,0.0,1.22,1.3
2009-09-21,15.6,10.5,22.4,10304,0.0,1.29,1.6
2009-09-22,15.8,9.7,22.6,11118,0.0,1.24,2.1
2009-09-23,17.2,10.5,23.9,13394,0.0,1.31,2.3
2009-09-24,14.9,8.9,20.5,9587,0.0,1.15,1.9
2009-09-25,11.6,5.8,19.0,10835,0.0,0.95,1.7
2009-09-26,11.8,4.7,21.0,14311,0.0,0.92,1.5
2009-09-27,12.8,4.5,22.9,15315,0.0,0.93,1.3
2009-09-28,13.2,6.3,17.8,8158,0.0,0.97,2.4
2009-09-29,13.9,10.6,16.1,5510,3.8,1.24,2.7
2009-09-30,10.3,6.7,15.5,10469,2.2,0.97,1.8
2009-10-01,12.7,9.0,16.1,5691,0.2,1.13,3.1
2009-10-02,8.4,3.7,12.2,5607,3.8,0.79,2.4
2009-10-03,10.9,3.9,16.0,7721,0.0,0.83,3.9
2009-10-04,13.5,8.6,17.0,8119,0.6,1.1,4.6
2009-10-05,10.5,5.4,15.8,11991,2.5,0.9,2.0
2009-10-06,12.0,9.0,16.5,4945,7.1,1.13,2.4
2009-10-07,19.6,16.5,23.8,7387,0.0,1.83,2.7
2009-10-08,15.1,5.4,21.9,7123,0.0,0.97,2.6
2009-10-09,7.9,3.3,14.2,12840,0.0,0.79,2.0
2009-10-10,7.9,3.9,11.7,4634,4.4,0.8,2.3
2009-10-11,10.0,8.7,11.8,4558,6.5,1.09,2.7
2009-10-12,7.6,3.2,10.2,4559,4.5,0.75,3.6
2009-10-13,3.8,1.4,8.5,6854,6.4,0.66,2.7
2009-10-14,3.8,0.9,7.0,5317,5.1,0.64,2.9
2009-10-15,3.2,1.2,4.4,4260,10.3,0.64,3.0
2009-10-16,3.5,2.0,4.2,4187,5.4,0.68,3.8
2009-10-17,4.2,0.4,6.9,4115,0.3,0.62,2.8
2009-10-18,4.9,2.0,8.2,4334,1.5,0.69,1.6
2009-10-19,4.6,-0.7,11.0,9561,0.0,0.6,1.8
2009-10-20,3.0,-1.5,7.1,5321,0.0,0.54,2.5
2009-10-21,5.4,3.3,7.4,3836,0.0,0.75,3.0
2009-10-22,6.0,2.8,8.4,3838,6.4,0.73,2.4
2009-10-23,6.4,5.9,6.8,3702,2.5,0.89,1.3
2009-10-24,7.1,4.9,8.3,3636,0.0,0.83,1.8
2009-10-25,8.6,4.8,12.7,3839,0.5,0.85,2.3
2009-10-26,10.4,7.3,14.3,3574,1.5,1.01,2.8
2009-10-27,10.9,9.5,13.1,3968,1.0,1.15,1.8
2009-10-28,9.7,8.2,11.4,3383,4.7,1.05,1.2
2009-10-29,7.6,0.2,9.3,3322,0.0,0.62,1.4
2009-10-30,3.3,-1.2,8.2,5345,0.0,0.56,2.1
2009-10-31,0.5,-2.7,5.1,7882,0.0,0.5,2.0
2009-11-01,0.7,-4.0,5.9,7646,0.0,0.46,2.8
2009-11-02,4.0,2.0,5.5,3089,16.3,0.68,2.5
2009-11-03,3.8,3.0,4.6,3034,1.9,0.73,2.5
2009-11-04,4.1,0.7,7.4,2980,5.5,0.63,3.5
2009-11-05,7.9,5.3,11.7,4867,0.0,0.87,2.8
2009-11-06,6.4,2.4,10.7,7408,0.0,0.72,2.4
2009-11-07,2.6,-1.4,9.2,5753,0.0,0.56,2.6
2009-11-08,2.8,-1.3,6.4,2830,3.5,0.55,1.9
2009-11-09,4.7,4.0,5.5,2724,1.5,0.78,2.6
2009-11-10,5.8,3.8,8.6,3287,0.0,0.78,1.8
2009-11-11,5.5,3.4,7.7,3288,0.8,0.75,1.7
2009-11-12,6.5,4.4,9.9,4319,0.0,0.81,2.0
2009-11-13,8.7,5.5,11.0,2915,0.0,0.88,2.6
2009-11-14,11.8,8.6,15.9,4406,0.8,1.1,3.0
2009-11-15,9.6,5.7,13.6,5653,0.0,0.9,2.6
2009-11-16,8.6,4.5,10.6,3140,1.0,0.83,2.2
2009-11-17,10.7,8.4,12.7,2375,12.0,1.07,2.6
2009-11-18,9.7,6.4,12.0,4874,0.5,0.93,4.6
2009-11-19,10.7,5.5,13.6,4358,0.0,0.9,3.4
2009-11-20,9.1,2.8,15.3,4847,0.0,0.77,2.8
2009-11-21,10.6,6.9,15.4,3360,0.0,0.99,2.0
2009-11-22,11.7,7.5,17.0,3510,0.0,1.04,3.4
2009-11-23,10.1,8.0,12.2,2693,3.8,1.03,5.7
2009-11-24,10.8,8.9,12.2,2656,0.7,1.1,4.9
2009-11-25,12.4,10.4,14.6,3662,0.0,1.23,4.1
2009-11-26,9.7,7.2,12.2,4463,0.0,0.99,4.4
2009-11-27,8.6,6.4,11.9,2137,0.0,0.93,4.3
2009-11-28,7.9,5.2,10.2,3630,0.2,0.86,4.1
2009-11-29,9.5,6.1,13.3,3317,0.0,0.93,3.1
2009-11-30,6.0,2.4,9.3,2784,6.6,0.71,1.8
2009-12-01,5.1,3.4,5.9,1945,8.7,0.75,2.1
2009-12-02,2.7,-0.4,5.4,4780,0.0,0.58,2.1
2009-12-03,2.0,-1.9,7.5,4872,0.0,0.53,3.0
2009-12-04,-0.1,-1.9,2.4,1883,0.0,0.52,2.1
2009-12-05,3.0,0.5,4.8,2915,0.1,0.61,2.9
2009-12-06,5.8,3.5,7.8,1848,8.0,0.76,2.9
2009-12-07,6.4,2.2,10.3,4684,0.0,0.71,2.3
2009-12-08,4.7,2.8,5.8,1817,4.6,0.72,2.7
2009-12-09,5.1,4.3,5.9,1803,0.0,0.8,1.9
2009-12-10,4.6,2.3,5.8,1876,11.3,0.7,2.8
2009-12-11,2.5,-2.5,4.6,1780,0.0,0.5,3.0
2009-12-12,-0.8,-3.1,0.5,1769,0.0,0.47,2.5
2009-12-13,-1.9,-3.9,-0.6,1760,0.0,0.44,2.4
2009-12-14,-2.1,-3.9,-0.6,1753,0.0,0.44,2.2
2009-12-15,-1.4,-2.9,-0.1,1746,0.0,0.47,2.1
2009-12-16,-3.3,-5.3,-0.9,1740,0.6,0.4,1.9
2009-12-17,-5.7,-9.9,-4.3,1736,1.0,0.28,1.9
2009-12-18,-11.9,-13.4,-9.5,1858,0.5,0.21,2.5
2009-12-19,-13.6,-14.9,-12.2,1730,0.0,0.18,1.8
2009-12-20,-11.3,-13.9,-7.5,3602,1.6,0.2,3.2
2009-12-21,-2.9,-7.9,0.2,2146,0.0,0.33,2.7
2009-12-22,1.0,-3.3,5.0,1773,3.2,0.47,3.1
2009-12-23,0.7,-1.7,2.8,1733,3.8,0.52,2.2
2009-12-24,0.4,-2.2,1.7,1737,2.0,0.5,2.4
2009-12-25,4.8,1.2,10.5,2118,0.0,0.67,4.4
2009-12-26,4.0,0.0,6.5,4262,0.0,0.6,3.8
2009-12-27,0.9,-2.0,3.4,1881,0.1,0.52,3.0
2009-12-28,1.8,-0.7,3.7,1763,1.9,0.56,2.7
2009-12-29,-0.1,-1.2,1.6,2449,0.9,0.54,2.2
2009-12-30,-0.4,-1.2,0.4,1783,11.6,0.53,3.0
2009-12-31,-1.4,-2.5,-0.3,1795,6.0,0.49,2.7
2010-01-01,-2.4,-2.8,-2.2,1808,2.7,0.48,2.4
2010-01-02,-2.5,-3.8,-1.6,1822,3.0,0.44,2.5
2010-01-03,-5.0,-7.2,-3.8,2097,0.0,0.34,2.0
2010-01-04,-6.4,-9.1,-5.0,1853,0.0,0.29,2.0
2010-01-05,-7.8,-11.2,-2.8,4854,0.0,0.26,2.1
2010-01-06,-7.7,-10.0,-6.7,1890,1.0,0.28,1.4
2010-01-07,-6.2,-10.1,-5.1,1910,0.2,0.27,1.4
2010-01-08,-7.2,-12.6,-3.8,1931,4.4,0.23,3.0
2010-01-09,-3.1,-4.2,-2.3,1953,9.0,0.43,4.5
2010-01-10,-3.8,-6.1,-2.5,1976,10.5,0.37,3.2
2010-01-11,-5.3,-6.3,-4.4,2001,0.0,0.37,2.1
2010-01-12,-5.1,-8.5,-3.2,2027,0.0,0.31,2.0
2010-01-13,-2.8,-4.2,-1.9,2054,0.0,0.43,3.3
2010-01-14,-2.2,-3.1,-2.0,2082,0.0,0.47,2.7
2010-01-15,-2.8,-3.8,-2.1,2112,0.0,0.44,1.9
2010-01-16,-3.1,-5.2,-2.3,2142,0.0,0.4,3.2
2010-01-17,-1.4,-5.4,1.1,2174,1.9,0.4,3.0
2010-01-18,0.9,-0.1,1.7,2207,0.2,0.58,2.0
2010-01-19,0.8,-0.3,2.2,2241,2.9,0.57,1.6
2010-01-20,-3.5,-8.5,-0.2,2277,0.0,0.32,2.3
2010-01-21,-7.5,-8.5,-6.7,2414,0.0,0.31,2.1
2010-01-22,-7.7,-9.9,-5.6,3270,0.0,0.28,2.3
2010-01-23,-11.3,-15.4,-8.2,2390,0.0,0.18,2.6
2010-01-24,-13.0,-16.3,-10.0,3370,0.0,0.17,2.7
2010-01-25,-11.4,-13.9,-7.9,4055,0.0,0.2,2.2
2010-01-26,-14.8,-21.1,-10.3,6411,0.0,0.12,1.9
2010-01-27,-12.2,-21.8,-2.7,2720,3.8,0.13,2.9
2010-01-28,-0.1,-4.0,2.0,2658,2.0,0.44,4.7
2010-01-29,0.2,-1.7,1.4,2649,2.9,0.52,3.6
2010-01-30,-1.8,-10.5,0.5,3032,0.0,0.28,3.4
2010-01-31,-5.0,-12.5,0.3,6421,0.4,0.24,2.9
2010-02-01,-2.1,-5.7,1.2,4454,1.5,0.39,3.4
2010-02-02,-1.7,-5.6,1.0,3425,7.4,0.39,4.7
2010-02-03,0.6,-1.8,2.8,5651,0.0,0.52,4.0
2010-02-04,-0.6,-5.1,2.8,2951,0.0,0.41,2.1
2010-02-05,-0.6,-4.9,3.8,7025,0.0,0.42,2.7
2010-02-06,-0.8,-5.3,1.0,3182,0.0,0.4,2.1
2010-02-07,-4.5,-6.2,-2.6,3117,0.0,0.37,2.0
2010-02-08,-5.4,-6.1,-4.7,3174,0.0,0.37,2.3
2010-02-09,-6.0,-7.5,-3.4,4051,0.0,0.34,2.1
2010-02-10,-5.2,-6.7,-3.0,3292,0.0,0.36,2.3
2010-02-11,-5.1,-6.1,-4.2,3353,2.1,0.37,3.4
2010-02-12,-2.6,-5.9,-0.7,3415,0.4,0.38,2.9
2010-02-13,-2.5,-3.9,-1.1,3478,0.0,0.44,2.0
2010-02-14,-3.2,-4.8,-0.9,3542,0.0,0.41,1.1
2010-02-15,-2.3,-4.0,0.3,3606,0.0,0.44,1.5
2010-02-16,-1.5,-4.2,0.0,3672,0.0,0.43,2.1
2010-02-17,-4.1,-9.6,2.4,8787,0.0,0.31,2.3
2010-02-18,1.1,-5.6,7.5,5625,0.0,0.42,2.2
2010-02-19,2.7,-1.8,8.2,4300,0.1,0.54,2.4
2010-02-20,1.3,-3.1,4.7,7523,0.0,0.48,3.4
2010-02-21,-0.5,-3.6,3.1,5752,2.8,0.46,2.5
2010-02-22,2.1,-3.2,7.1,7161,0.0,0.48,2.7
2010-02-23,4.2,-0.4,9.0,5121,8.3,0.59,2.9
2010-02-24,0.7,-0.4,2.2,4232,0.4,0.57,2.5
2010-02-25,5.8,0.4,11.7,8618,0.0,0.64,3.1
2010-02-26,5.9,2.2,8.3,4380,0.1,0.7,3.6
2010-02-27,5.7,2.7,10.3,8630,0.0,0.73,3.6
2010-02-28,7.3,2.8,11.5,5157,0.1,0.75,4.6
2010-03-01,5.7,1.2,9.9,5556,0.4,0.66,5.0
2010-03-02,2.4,-0.4,6.1,6920,0.0,0.58,2.8
2010-03-03,0.6,-5.2,5.0,6940,0.3,0.42,2.8
2010-03-04,-2.1,-7.4,3.8,8995,1.5,0.36,2.8
2010-03-05,-3.6,-5.3,-0.8,6485,0.0,0.4,2.8
2010-03-06,-3.2,-6.5,0.1,8325,0.0,0.37,3.7
2010-03-07,-2.8,-10.3,2.0,9696,0.8,0.29,2.6
2010-03-08,-1.8,-6.2,1.5,8552,0.0,0.38,2.0
2010-03-09,-3.6,-10.0,2.6,13968,0.0,0.3,2.7
2010-03-10,-1.6,-9.1,5.0,13960,0.0,0.32,3.2
2010-03-11,-0.6,-7.0,5.7,14384,0.0,0.38,2.3
2010-03-12,0.7,-2.6,3.5,5492,7.1,0.49,2.7
2010-03-13,2.8,1.3,4.4,5575,3.6,0.65,3.9
2010-03-14,3.4,-0.7,6.5,5659,10.7,0.57,4.6
2010-03-15,0.7,-1.2,4.1,8994,0.2,0.54,3.7
2010-03-16,1.7,-0.3,3.6,6100,0.0,0.58,3.0
2010-03-17,4.9,0.2,9.3,6003,0.0,0.62,2.5
2010-03-18,8.6,3.3,15.7,12481,0.0,0.79,2.2
2010-03-19,12.0,4.0,18.7,10284,0.0,0.86,2.9
2010-03-20,12.5,9.3,16.6,6259,2.5,1.15,3.2
2010-03-21,11.9,5.8,16.8,6630,2.8,0.94,3.4
2010-03-22,7.1,2.9,13.6,14756,0.0,0.76,1.7
2010-03-23,9.0,0.8,14.8,13170,0.0,0.68,2.1
2010-03-24,8.9,-0.8,17.5,12821,0.0,0.64,2.3
2010-03-25,12.7,3.4,20.7,15694,0.0,0.85,2.2
2010-03-26,16.2,6.8,23.4,15550,5.8,1.06,2.9
2010-03-27,7.8,4.8,11.8,7258,3.7,0.84,3.4
2010-03-28,7.4,5.1,11.1,7847,5.7,0.86,3.5
2010-03-29,8.2,3.9,11.5,6932,7.6,0.8,2.5
2010-03-30,11.4,5.9,18.2,13201,0.0,0.95,3.0
2010-03-31,8.8,4.1,12.4,7102,0.5,0.81,3.7
2010-04-01,7.3,2.6,12.2,16327,0.0,0.73,3.6
2010-04-02,6.1,-0.4,12.1,15643,0.0,0.61,2.4
2010-04-03,7.6,-0.7,14.6,14947,0.0,0.62,2.8
2010-04-04,10.0,5.9,13.7,7752,0.0,0.91,3.0
2010-04-05,6.5,0.0,11.0,9101,0.0,0.63,2.7
2010-04-06,6.9,-1.3,13.1,16287,0.0,0.59,2.1
2010-04-07,9.0,0.9,16.2,20785,0.0,0.7,2.5
2010-04-08,11.4,3.1,19.6,18584,0.0,0.82,2.1
2010-04-09,10.0,6.5,13.8,12481,0.0,0.95,2.6
2010-04-10,6.6,3.9,12.2,10531,7.0,0.8,2.7
2010-04-11,5.0,2.9,7.9,8341,0.2,0.73,3.0
2010-04-12,9.2,2.6,15.7,12250,0.3,0.77,3.0
2010-04-13,10.0,4.1,16.2,17734,0.1,0.84,2.3
2010-04-14,6.5,2.4,9.2,9248,2.1,0.71,2.6
2010-04-15,8.4,4.9,13.5,11328,0.7,0.86,2.2
2010-04-16,7.0,0.3,11.7,15097,0.0,0.64,2.9
2010-04-17,7.0,-1.5,15.0,22591,0.0,0.6,2.4
2010-04-18,11.7,-0.4,20.8,22841,0.0,0.69,1.9
2010-04-19,9.6,2.3,16.1,18575,0.0,0.75,2.1
2010-04-20,9.8,-0.6,16.7,22091,0.4,0.65,2.9
2010-04-21,6.4,2.2,10.6,14937,0.5,0.71,3.6
2010-04-22,5.1,-0.9,10.9,14921,0.0,0.59,2.4
2010-04-23,6.5,-2.5,14.5,23959,0.0,0.56,2.0
2010-04-24,9.6,-1.5,17.6,21324,0.0,0.61,1.7
2010-04-25,13.8,5.2,21.5,23749,0.0,0.95,2.3
2010-04-26,12.5,7.2,21.2,17150,2.3,1.06,2.6
2010-04-27,11.7,6.1,17.5,14107,0.0,0.96,2.3
2010-04-28,12.5,3.5,19.9,22938,0.0,0.84,1.6
2010-04-29,17.8,7.2,25.6,20241,0.0,1.12,2.1
2010-04-30,19.5,13.7,25.3,17408,0.0,1.58,3.3
2010-05-01,13.7,10.4,18.6,11143,0.0,1.24,2.3
2010-05-02,12.0,5.3,17.1,13573,14.2,0.91,1.8
2010-05-03,10.7,6.9,12.8,9626,1.6,0.96,2.1
2010-05-04,8.9,6.7,12.1,9808,0.0,0.96,3.0
2010-05-05,9.1,2.1,14.2,22476,5.2,0.73,3.3
2010-05-06,7.4,6.6,8.4,9813,11.3,0.93,3.4
2010-05-07,10.7,8.3,15.4,11546,0.0,1.08,2.4
2010-05-08,10.5,5.1,15.5,16039,0.0,0.88,1.5
2010-05-09,12.8,5.3,18.8,16950,0.0,0.92,1.4
2010-05-10,11.8,7.8,15.9,14136,0.0,1.05,1.8
2010-05-11,10.8,7.5,14.0,10103,2.2,1.01,2.3
2010-05-12,14.5,8.9,18.8,15952,0.0,1.14,2.7
2010-05-13,9.4,5.0,12.1,10211,0.0,0.86,2.0
2010-05-14,8.9,7.4,11.1,10263,7.8,1.0,1.9
2010-05-15,7.1,5.8,8.3,10314,0.5,0.89,2.9
2010-05-16,10.6,6.6,15.8,12674,0.0,0.97,3.6
2010-05-17,11.9,6.5,16.4,14187,0.0,0.98,2.7
2010-05-18,10.7,8.0,13.0,10948,4.2,1.04,3.3
2010-05-19,9.9,7.3,12.1,10507,1.6,1.0,3.2
2010-05-20,13.5,10.8,17.3,10674,0.7,1.28,2.3
2010-05-21,15.7,12.1,20.3,16715,0.1,1.4,2.1
2010-05-22,16.9,11.6,21.5,20809,0.6,1.38,2.0
2010-05-23,17.3,13.6,22.2,16445,2.7,1.55,2.3
2010-05-24,14.8,10.4,18.4,15140,10.6,1.25,2.8
2010-05-25,11.6,4.5,16.7,19116,0.0,0.86,3.0
2010-05-26,11.8,3.6,17.5,22238,0.2,0.82,2.0
2010-05-27,12.7,8.2,15.3,12800,0.0,1.07,1.9
2010-05-28,12.7,7.1,18.1,12713,7.0,1.02,2.1
2010-05-29,13.7,5.5,19.9,24467,0.0,0.95,1.8
2010-05-30,14.9,11.1,19.5,13645,5.9,1.31,3.0
2010-05-31,11.1,9.3,12.8,10959,3.6,1.13,3.3
2010-06-01,9.8,8.7,11.5,10988,2.5,1.08,2.7
2010-06-02,11.0,9.0,13.2,11015,2.6,1.11,2.9
2010-06-03,14.6,7.7,22.4,16239,0.1,1.11,2.8
2010-06-04,15.5,5.3,23.3,29021,0.0,0.98,1.9
2010-06-05,17.8,8.4,26.1,29919,0.0,1.19,1.4
2010-06-06,21.3,10.4,28.3,27470,0.7,1.38,1.7
2010-06-07,19.4,11.2,25.2,20554,0.0,1.38,3.0
2010-06-08,19.7,9.5,26.7,25785,1.0,1.29,1.9
2010-06-09,23.3,15.3,30.7,26427,0.0,1.82,1.8
2010-06-10,24.1,19.0,30.3,21731,0.0,2.21,1.9
2010-06-11,24.5,18.7,30.3,28327,0.0,2.17,3.0
2010-06-12,16.8,12.3,20.9,11583,0.0,1.42,2.8
2010-06-13,14.3,10.1,18.7,25377,0.0,1.22,2.2
2010-06-14,14.7,8.2,20.5,18807,0.0,1.12,1.6
2010-06-15,15.4,6.6,20.8,18816,0.0,1.01,2.7
2010-06-16,14.5,3.9,21.9,29133,0.0,0.89,3.1
2010-06-17,17.0,6.3,24.3,30754,0.0,1.04,2.4
2010-06-18,17.9,8.9,26.5,27156,0.0,1.24,3.0
2010-06-19,12.8,8.5,17.2,15731,0.0,1.11,2.9
2010-06-20,13.5,5.9,19.1,17346,0.0,0.96,2.2
2010-06-21,14.2,9.1,20.1,20326,1.5,1.18,1.9
2010-06-22,15.7,6.7,23.0,22931,0.0,1.04,1.6
2010-06-23,15.7,6.8,22.1,16345,0.0,1.04,1.4
2010-06-24,17.8,8.4,25.4,21429,0.0,1.2,1.4
2010-06-25,19.8,11.4,26.3,20303,0.0,1.41,1.8
2010-06-26,19.8,13.4,25.3,19300,0.0,1.57,1.8
2010-06-27,19.2,9.4,26.9,30701,0.0,1.28,1.6
2010-06-28,21.2,9.3,29.4,30560,0.0,1.32,1.5
2010-06-29,23.1,13.0,31.2,29921,0.0,1.63,1.5
2010-06-30,22.6,14.7,29.7,25316,0.0,1.75,1.8
2010-07-01,21.4,14.5,29.4,22446,1.5,1.73,1.5
2010-07-02,23.8,14.1,31.8,29110,0.0,1.74,1.6
2010-07-03,25.4,14.9,33.1,29083,0.0,1.82,1.9
2010-07-04,24.7,15.6,32.5,28683,0.0,1.9,2.0
2010-07-05,23.6,17.1,30.9,15919,12.1,2.02,2.1
2010-07-06,17.9,13.2,22.4,13423,0.1,1.5,2.6
2010-07-07,17.2,10.3,23.6,26856,0.0,1.29,1.6
2010-07-08,20.3,9.2,29.4,29658,0.0,1.32,1.6
2010-07-09,25.3,13.4,33.3,29865,0.0,1.7,1.6
2010-07-10,28.7,17.8,37.3,29453,0.0,2.23,1.6
2010-07-11,30.4,20.3,37.0,29286,0.0,2.51,1.9
2010-07-12,30.0,21.3,37.5,29363,0.0,2.65,2.2
2010-07-13,24.2,18.1,29.3,19851,0.1,2.09,1.9
2010-07-14,26.3,16.6,33.1,26194,0.0,2.01,2.3
2010-07-15,24.6,19.4,29.0,16453,0.0,2.25,2.8
2010-07-16,27.7,17.9,35.4,25111,0.0,2.18,2.0
2010-07-17,23.4,18.1,27.9,14286,23.7,2.07,2.3
2010-07-18,18.5,11.7,22.0,13877,0.0,1.39,1.9
2010-07-19,18.6,10.0,25.6,25556,0.0,1.31,1.7
2010-07-20,20.6,11.4,26.1,21105,0.0,1.42,1.9
2010-07-21,25.4,16.9,33.1,26652,0.0,2.03,2.0
2010-07-22,25.6,18.6,32.0,22328,9.3,2.21,2.0
2010-07-23,17.9,15.2,20.7,10484,33.9,1.69,1.8
2010-07-24,16.9,14.9,19.0,10438,6.7,1.63,3.4
2010-07-25,16.9,13.6,22.6,15113,0.0,1.55,2.6
2010-07-26,18.1,12.2,24.4,19408,0.0,1.46,1.6
2010-07-27,19.2,11.2,26.7,24171,0.0,1.4,1.7
2010-07-28,19.1,13.6,25.9,17830,0.5,1.59,2.4
2010-07-29,17.6,12.5,22.7,20409,0.0,1.45,2.5
2010-07-30,17.4,11.7,23.4,22257,0.0,1.4,2.3
2010-07-31,19.2,10.5,27.2,24933,0.0,1.37,2.0
2010-08-01,23.5,15.5,30.5,21021,6.7,1.84,1.9
2010-08-02,21.0,18.3,25.8,14141,10.2,2.06,1.5
2010-08-03,17.0,13.7,18.9,10027,14.7,1.52,2.0
2010-08-04,18.2,12.7,23.4,19706,0.0,1.48,2.0
2010-08-05,19.9,13.1,26.2,19385,0.0,1.55,1.9
2010-08-06,19.4,13.7,24.9,10437,2.0,1.58,2.2
2010-08-07,17.9,15.0,20.7,9666,26.4,1.66,1.9
2010-08-08,19.4,14.6,25.7,15834,0.0,1.69,1.7
2010-08-09,18.6,14.6,24.6,15166,0.0,1.66,1.6
2010-08-10,20.1,13.4,26.5,19528,0.0,1.57,1.7
2010-08-11,20.7,14.4,27.4,18034,0.1,1.69,1.9
2010-08-12,20.3,16.1,28.9,18522,13.3,1.86,1.5
2010-08-13,19.3,15.4,23.7,10547,36.6,1.73,1.5
2010-08-14,17.4,15.1,18.7,9204,6.1,1.67,2.1
2010-08-15,20.1,15.1,27.6,15811,16.7,1.76,2.7
2010-08-16,18.7,14.2,23.2,16865,0.2,1.61,2.5
2010-08-17,15.9,12.8,19.1,10822,11.8,1.44,3.0
2010-08-18,16.3,13.0,22.5,11769,1.3,1.5,3.1
2010-08-19,16.9,10.4,21.7,17699,0.0,1.27,2.6
2010-08-20,17.7,9.2,25.7,23470,0.0,1.25,1.7
2010-08-21,21.1,12.0,29.3,23338,0.0,1.51,2.0
2010-08-22,23.3,15.9,31.0,19616,14.3,1.89,2.1
2010-08-23,21.1,16.4,26.4,13576,16.9,1.86,2.8
2010-08-24,19.8,14.2,24.7,18815,0.0,1.63,4.0
2010-08-25,16.5,11.9,20.5,15483,0.0,1.39,3.2
2010-08-26,16.1,13.7,18.0,8320,9.0,1.53,2.2
2010-08-27,18.2,14.8,22.0,9010,9.7,1.64,3.1
2010-08-28,14.1,10.3,18.0,13295,0.1,1.23,2.9
2010-08-29,13.4,10.8,17.1,12104,5.5,1.27,3.1
2010-08-30,12.7,9.5,16.9,11140,0.1,1.17,3.3
2010-08-31,13.3,8.5,17.7,10721,2.5,1.11,2.7
2010-09-01,12.7,6.9,17.9,10947,0.5,1.01,2.0
2010-09-02,12.6,8.8,17.2,7869,0.6,1.13,1.8
2010-09-03,12.0,8.5,17.8,13820,0.0,1.1,1.4
2010-09-04,11.2,5.8,18.3,15704,0.6,0.95,1.6
2010-09-05,10.2,3.8,18.9,17250,0.1,0.85,2.0
2010-09-06,10.9,3.0,17.4,18775,0.0,0.8,2.6
2010-09-07,13.1,7.6,18.3,15005,0.0,1.05,3.1
2010-09-08,14.7,10.6,19.7,12922,4.0,1.27,3.3
2010-09-09,14.6,12.7,17.4,7288,0.3,1.43,2.2
2010-09-10,15.6,10.0,20.9,11873,0.0,1.24,2.0
2010-09-11,15.1,8.3,23.1,18111,0.0,1.16,1.8
2010-09-12,16.8,8.6,24.7,17954,0.0,1.18,1.6
2010-09-13,13.8,10.7,17.5,8641,4.7,1.27,2.3
2010-09-14,12.9,10.1,14.6,6766,18.6,1.2,3.4
2010-09-15,14.7,11.6,18.7,12471,1.6,1.34,4.1
2010-09-16,13.8,10.3,17.4,11469,1.1,1.23,3.6
2010-09-17,12.4,8.7,16.0,10479,1.5,1.1,3.2
2010-09-18,10.8,6.4,15.8,10269,0.0,0.96,2.6
2010-09-19,10.5,5.7,17.3,14253,0.0,0.94,2.4
2010-09-20,13.3,8.9,18.6,7678,0.0,1.13,2.5
2010-09-21,14.2,7.0,20.8,14619,0.0,1.04,1.8
2010-09-22,13.2,5.5,21.2,16144,0.0,0.96,1.5
2010-09-23,16.1,7.5,23.7,15702,0.0,1.11,1.7
2010-09-24,17.7,13.9,24.3,14257,0.0,1.6,2.0
2010-09-25,14.9,12.0,17.8,6931,11.3,1.38,2.2
2010-09-26,10.4,9.5,12.1,5758,33.6,1.14,2.2
2010-09-27,10.1,9.1,12.9,5675,41.2,1.12,3.0
2010-09-28,11.0,9.3,12.7,5592,1.3,1.14,2.5
2010-09-29,9.4,7.2,12.3,5510,0.1,0.99,1.7
2010-09-30,6.8,1.7,12.4,9165,0.0,0.7,1.7
2010-10-01,6.8,1.1,12.7,14217,0.0,0.67,2.1
2010-10-02,9.5,4.3,15.8,8081,0.0,0.84,2.6
2010-10-03,11.6,6.1,18.0,13891,0.0,0.96,3.1
2010-10-04,13.1,7.5,19.2,10128,0.0,1.06,3.0
2010-10-05,13.7,10.1,15.7,5854,0.0,1.21,2.3
2010-10-06,14.2,11.4,18.4,9134,0.0,1.32,2.4
2010-10-07,13.2,10.3,17.7,7469,0.0,1.23,1.9
2010-10-08,10.7,6.0,16.4,11390,0.0,0.94,2.5
2010-10-09,9.2,4.5,16.0,10210,0.0,0.86,2.6
2010-10-10,6.3,0.3,14.5,12602,0.0,0.66,2.4
2010-10-11,5.1,-2.0,13.8,12444,0.0,0.57,2.1
2010-10-12,3.9,0.2,8.5,6491,0.0,0.61,1.4
2010-10-13,3.1,0.2,8.7,6854,0.0,0.62,1.5
2010-10-14,6.1,2.9,9.2,4787,0.0,0.74,1.9
2010-10-15,8.7,5.0,10.7,4260,6.1,0.85,1.6
2010-10-16,8.1,5.5,10.5,4187,3.9,0.88,2.6
2010-10-17,5.6,-1.2,11.1,8070,0.0,0.57,2.2
2010-10-18,1.9,-3.4,10.9,10997,0.0,0.51,1.9
2010-10-19,4.9,-2.2,8.6,3974,2.8,0.53,3.2
2010-10-20,6.3,4.6,8.1,3976,4.0,0.82,3.6
2010-10-21,4.9,2.4,6.3,4607,0.6,0.7,3.7
2010-10-22,6.0,3.5,8.0,4184,0.3,0.76,2.9
2010-10-23,7.1,0.8,11.7,9316,0.0,0.66,3.2
2010-10-24,9.7,4.0,12.4,5396,0.0,0.81,3.8
2010-10-25,3.8,-0.4,8.2,5378,0.0,0.59,2.6
2010-10-26,3.8,-2.6,9.0,6352,0.0,0.52,2.0
2010-10-27,4.9,-3.7,12.0,6125,0.0,0.5,2.7
2010-10-28,8.7,4.4,14.1,4094,0.0,0.84,2.7
2010-10-29,9.2,4.4,15.0,8878,0.0,0.84,2.4
2010-10-30,10.0,6.8,15.9,8375,0.0,0.98,2.4
2010-10-31,7.4,3.6,13.0,6011,0.0,0.79,1.7
2010-11-01,7.1,3.1,14.4,4564,0.0,0.78,1.4
2010-11-02,7.6,4.9,9.5,3089,0.0,0.84,2.4
2010-11-03,10.9,6.5,14.5,3696,7.2,0.96,4.0
2010-11-04,14.1,8.8,17.3,2980,0.2,1.12,4.5
2010-11-05,14.5,10.5,16.7,2926,2.1,1.24,4.6
2010-11-06,9.5,3.7,14.1,2874,3.1,0.81,3.2
2010-11-07,4.8,3.5,5.4,2823,8.8,0.76,1.7
2010-11-08,1.8,0.4,4.4,2773,0.1,0.61,2.2
2010-11-09,3.4,-0.4,9.1,4801,0.0,0.59,2.0
2010-11-10,4.7,-2.5,12.9,6171,2.4,0.55,2.1
2010-11-11,6.0,2.8,8.3,3672,5.0,0.73,4.3
2010-11-12,9.5,6.3,12.5,3723,16.7,0.94,6.1
2010-11-13,10.9,8.7,13.6,2594,15.5,1.09,4.4
2010-11-14,14.3,11.1,18.6,5784,0.0,1.3,2.9
2010-11-15,10.2,6.9,12.8,2455,16.1,0.96,2.4
2010-11-16,5.3,3.9,6.7,2414,18.1,0.78,2.3
2010-11-17,4.6,4.3,5.6,2375,2.3,0.8,2.4
2010-11-18,6.6,5.8,7.1,2337,6.7,0.89,1.8
2010-11-19,6.0,3.8,7.7,3203,0.0,0.78,1.8
2010-11-20,5.8,3.4,7.4,2263,0.0,0.75,1.5
2010-11-21,3.6,0.6,5.9,2966,0.5,0.62,2.3
2010-11-22,6.2,4.9,7.5,2195,10.0,0.84,3.1
2010-11-23,3.6,2.7,4.6,2162,3.8,0.72,3.8
2010-11-24,0.8,-0.2,2.5,2131,2.5,0.58,3.3
2010-11-25,0.0,-3.1,3.0,3710,0.6,0.47,1.8
2010-11-26,-0.1,-0.7,0.5,2072,1.8,0.56,1.8
2010-11-27,-3.0,-6.2,-0.9,3113,0.0,0.37,1.4
2010-11-28,-3.0,-5.7,-0.9,3170,0.0,0.39,1.9
2010-11-29,-2.0,-2.9,-0.8,1993,6.8,0.48,3.1
2010-11-30,-5.7,-11.8,-3.1,1968,0.0,0.25,2.9
2010-12-01,-10.5,-12.5,-9.2,1945,9.3,0.23,4.4
2010-12-02,-10.9,-14.5,-8.8,2236,0.5,0.19,2.4
2010-12-03,-9.2,-14.1,-4.5,4916,0.0,0.21,1.8
2010-12-04,-8.2,-12.4,-2.8,5008,0.0,0.24,3.0
2010-12-05,-2.0,-6.5,0.7,1865,0.9,0.37,3.5
2010-12-06,-2.2,-8.2,1.7,2065,0.0,0.33,1.7
2010-12-07,-3.5,-6.9,-1.4,1832,0.9,0.35,1.6
2010-12-08,-1.4,-3.3,-0.2,1817,13.4,0.46,2.0
2010-12-09,-1.7,-3.6,0.0,1803,1.1,0.45,4.2
2010-12-10,-2.7,-5.5,-0.5,1791,6.4,0.39,3.4
2010-12-11,2.3,-0.8,4.1,1780,5.9,0.56,5.3
2010-12-12,0.5,-2.8,3.6,1769,1.6,0.49,4.0
2010-12-13,-3.6,-6.1,-2.0,1760,1.5,0.38,2.6
2010-12-14,-2.8,-4.2,-0.5,1753,6.2,0.43,2.9
2010-12-15,-5.5,-8.5,-2.8,1746,0.5,0.32,3.0
2010-12-16,-6.9,-10.9,-3.8,2868,0.0,0.26,3.4
2010-12-17,-4.8,-5.7,-4.0,1736,2.9,0.38,2.1
2010-12-18,-7.8,-13.9,-3.2,4523,0.0,0.21,1.8
2010-12-19,-6.5,-13.7,-0.8,1730,5.8,0.22,2.4
2010-12-20,-3.5,-13.4,3.0,1854,0.0,0.24,2.7
2010-12-21,-6.0,-13.8,-2.3,1730,0.6,0.22,1.6
2010-12-22,-0.9,-2.9,0.5,1731,0.1,0.47,2.1
2010-12-23,0.2,-0.5,0.9,1733,0.5,0.56,2.8
2010-12-24,-0.5,-1.7,0.1,1737,10.7,0.52,3.9
2010-12-25,-4.1,-7.4,-1.4,1742,1.7,0.34,3.1
2010-12-26,-8.3,-13.0,-5.0,1874,1.7,0.22,2.0
2010-12-27,-3.6,-5.4,-1.6,1755,8.3,0.39,2.0
2010-12-28,-5.8,-9.3,-1.4,1763,0.0,0.3,1.9
2010-12-29,-10.4,-11.4,-8.9,1773,0.0,0.24,1.6
2010-12-30,-9.3,-13.6,-3.8,1783,0.0,0.22,1.5
2010-12-31,-0.6,-4.6,1.0,1795,0.2,0.43,2.3
2011-01-01,1.6,0.4,2.9,1851,0.1,0.61,3.4
2011-01-02,0.1,-3.6,1.7,2166,0.0,0.46,2.6
2011-01-03,-2.3,-7.2,0.2,2530,0.0,0.35,1.9
2011-01-04,-3.0,-7.1,-0.3,1853,0.1,0.35,2.1
2011-01-05,-6.8,-12.8,-3.1,2529,0.0,0.23,2.8
2011-01-06,-0.4,-4.4,4.0,1890,2.1,0.44,3.5
2011-01-07,5.0,3.5,8.1,1910,0.5,0.76,2.5
2011-01-08,6.1,4.5,8.0,2199,0.9,0.81,3.2
2011-01-09,6.3,1.7,9.8,2133,0.0,0.68,2.6
2011-01-10,0.3,-3.8,4.9,4934,0.0,0.46,1.9
2011-01-11,1.5,-3.5,4.2,2093,0.1,0.47,2.7
2011-01-12,3.8,1.8,4.7,2073,5.0,0.67,3.4
2011-01-13,5.4,3.0,9.7,2054,9.1,0.75,3.2
2011-01-14,9.7,8.3,10.8,2082,8.3,1.05,3.6
2011-01-15,8.2,5.8,10.1,2730,0.0,0.9,3.7
2011-01-16,7.1,2.6,9.9,4734,0.0,0.72,2.7
2011-01-17,3.8,0.0,10.0,5810,0.0,0.62,2.1
2011-01-18,5.5,1.8,8.0,2207,7.8,0.68,2.2
2011-01-19,1.8,-0.4,3.5,2390,2.8,0.57,2.2
2011-01-20,0.7,-0.7,1.6,2277,0.0,0.56,2.1
2011-01-21,-0.9,-1.8,-0.3,2313,2.4,0.52,2.1
2011-01-22,-0.7,-1.8,1.4,4649,0.5,0.51,1.8
2011-01-23,-0.2,-1.1,0.4,2390,1.5,0.54,1.8
2011-01-24,-0.3,-3.8,1.2,2430,2.0,0.45,2.3
2011-01-25,1.6,-0.1,3.1,2472,3.2,0.58,3.6
2011-01-26,0.5,-0.9,1.2,2514,0.5,0.55,2.3
2011-01-27,-1.0,-2.1,1.5,3368,0.0,0.51,2.6
2011-01-28,-0.6,-3.8,2.4,3805,0.0,0.45,2.5
2011-01-29,-4.2,-7.5,0.1,6351,0.0,0.34,1.7
2011-01-30,-5.0,-9.3,1.5,7056,0.0,0.31,1.6
2011-01-31,-5.0,-7.0,-3.3,3311,0.0,0.35,1.5
2011-02-01,-5.5,-8.0,-2.2,4168,0.0,0.32,2.4
2011-02-02,-2.0,-5.3,0.3,2846,0.0,0.4,3.0
2011-02-03,0.4,-1.4,2.1,2897,1.9,0.53,3.3
2011-02-04,3.8,-0.2,8.7,2951,0.7,0.6,5.4
2011-02-05,9.6,8.3,11.3,3125,0.0,1.06,6.1
2011-02-06,9.8,6.2,11.6,3060,0.0,0.93,4.2
2011-02-07,6.7,5.3,9.3,4469,0.0,0.87,3.7
2011-02-08,6.1,-0.1,8.9,5351,0.0,0.6,3.4
2011-02-09,0.9,-2.3,6.4,8582,0.0,0.52,1.7
2011-02-10,3.1,-3.2,9.3,6031,4.0,0.5,2.5
2011-02-11,4.6,0.7,7.5,3418,1.9,0.63,3.4
2011-02-12,-0.5,-2.9,3.0,8698,0.0,0.48,2.9
2011-02-13,0.0,-1.4,1.6,3478,0.0,0.53,2.5
2011-02-14,-0.6,-2.1,1.0,3742,0.0,0.5,3.3
2011-02-15,-1.7,-4.5,1.1,6511,0.0,0.43,3.2
2011-02-16,-0.6,-3.3,4.4,6133,0.0,0.47,2.7
2011-02-17,-1.6,-2.7,-0.6,3739,1.3,0.48,2.5
2011-02-18,-2.6,-3.4,-1.9,3807,0.2,0.46,2.1
2011-02-19,-3.0,-4.7,-1.7,3875,0.0,0.41,2.6
2011-02-20,-5.5,-7.4,-3.1,4303,0.0,0.34,3.4
2011-02-21,-8.5,-11.6,-5.2,10167,0.0,0.25,2.8
2011-02-22,-10.2,-14.0,-5.5,10381,0.0,0.21,2.4
2011-02-23,-10.0,-14.2,-5.2,10820,0.0,0.2,2.2
2011-02-24,-7.3,-12.9,0.5,10517,0.0,0.24,2.3
2011-02-25,-6.4,-12.9,0.6,10660,0.0,0.24,2.1
2011-02-26,-3.0,-11.2,5.2,11645,0.0,0.29,2.7
2011-02-27,0.3,-6.4,7.3,9094,0.0,0.4,2.6
2011-02-28,2.3,-3.6,10.2,11250,0.0,0.5,2.1
2011-03-01,0.2,-4.4,6.4,12424,0.0,0.45,2.7
2011-03-02,-0.2,-6.0,7.0,12344,0.0,0.41,3.6
2011-03-03,-1.0,-5.4,5.3,12018,0.0,0.42,2.6
2011-03-04,-0.6,-7.8,8.8,12904,0.0,0.38,1.8
2011-03-05,-0.6,-5.9,4.7,7801,0.0,0.4,2.4
2011-03-06,-0.3,-6.9,6.1,13641,0.0,0.38,2.4
2011-03-07,-1.8,-9.9,5.3,13890,0.0,0.31,2.7
2011-03-08,2.5,-5.6,9.5,14142,0.0,0.43,2.5
2011-03-09,7.7,0.8,15.5,12941,0.0,0.69,3.5
2011-03-10,7.7,2.9,11.4,9643,2.3,0.75,4.3
2011-03-11,7.2,2.0,10.5,5758,0.1,0.7,3.6
2011-03-12,6.7,-0.9,14.0,11911,0.0,0.61,2.1
2011-03-13,8.6,-1.0,17.1,10544,0.0,0.63,1.7
2011-03-14,9.1,5.8,14.3,6643,0.0,0.92,1.3
2011-03-15,8.1,5.1,11.1,5742,0.6,0.86,3.2
2011-03-16,5.8,3.6,8.3,5827,4.4,0.76,3.9
2011-03-17,5.5,4.7,6.0,5911,16.6,0.82,3.0
2011-03-18,3.4,2.2,4.9,5995,1.8,0.69,3.1
2011-03-19,4.4,-1.8,9.3,14675,0.0,0.55,2.3
2011-03-20,2.7,-2.6,9.4,11534,0.0,0.52,1.6
2011-03-21,3.3,-4.4,11.9,16029,0.0,0.48,1.9
2011-03-22,6.9,-1.3,14.8,16669,0.0,0.6,2.1
2011-03-23,7.3,1.9,13.4,16063,0.0,0.72,2.1
2011-03-24,8.3,0.5,16.8,15541,0.0,0.69,2.3
2011-03-25,8.4,3.6,13.4,7276,0.0,0.79,2.4
2011-03-26,4.3,0.7,6.5,7761,3.2,0.63,2.2
2011-03-27,2.6,-2.8,9.3,12323,0.0,0.51,1.5
2011-03-28,4.1,-3.9,13.0,18347,0.0,0.5,2.1
2011-03-29,5.1,-2.3,14.0,18814,0.0,0.56,1.7
2011-03-30,8.1,-1.7,18.0,16039,0.0,0.61,1.8
2011-03-31,12.1,5.5,17.1,9551,0.5,0.93,3.4
2011-04-01,14.1,11.5,18.4,13143,0.0,1.34,3.4
2011-04-02,15.1,10.4,20.2,13266,0.0,1.27,2.1
2011-04-03,16.7,7.5,24.8,19315,4.1,1.13,1.9
2011-04-04,10.4,7.1,13.5,9741,5.1,0.98,2.6
2011-04-05,10.5,5.7,15.0,12996,0.0,0.92,3.1
2011-04-06,12.9,9.8,15.4,7605,0.0,1.18,3.1
2011-04-07,15.0,7.7,22.0,13225,0.0,1.11,4.0
2011-04-08,10.0,5.7,15.3,11304,0.0,0.92,4.3
2011-04-09,9.1,2.2,15.3,17648,0.0,0.75,3.1
2011-04-10,9.5,0.1,17.9,21245,0.0,0.68,1.7
2011-04-11,11.7,2.8,19.7,14868,0.0,0.81,1.8
2011-04-12,8.8,6.0,12.1,10501,2.3,0.92,4.8
2011-04-13,5.2,4.3,6.1,8175,5.9,0.8,4.2
2011-04-14,6.2,4.9,8.5,8255,1.8,0.84,1.9
2011-04-15,7.2,0.9,12.6,12327,0.0,0.66,1.6
2011-04-16,8.4,-0.8,15.9,17660,0.0,0.63,1.5
2011-04-17,11.5,4.0,17.9,15092,0.0,0.84,1.7
2011-04-18,11.0,1.7,20.0,21380,0.0,0.77,1.6
2011-04-19,12.7,2.4,21.0,22300,0.0,0.8,1.9
2011-04-20,14.0,5.5,22.6,23564,0.0,0.98,1.5
2011-04-21,14.4,4.2,23.5,23584,0.0,0.93,1.6
2011-04-22,16.0,3.9,24.8,22916,0.0,0.93,2.2
2011-04-23,17.2,10.8,23.7,20863,0.0,1.33,2.5
2011-04-24,14.8,5.8,21.8,23510,0.0,0.99,2.3
2011-04-25,10.4,4.7,16.3,12202,1.3,0.87,2.3
2011-04-26,11.1,4.1,17.1,10082,1.1,0.84,2.1
2011-04-27,14.5,9.5,21.0,12248,0.0,1.21,2.1
2011-04-28,16.1,8.5,24.0,17107,0.0,1.17,2.5
2011-04-29,17.3,11.8,24.3,20124,0.0,1.42,3.5
2011-04-30,14.5,9.3,20.8,25151,0.0,1.2,3.6
2011-05-01,11.2,2.8,17.2,25851,0.0,0.79,3.0
2011-05-02,6.9,4.5,9.0,10623,18.8,0.82,3.1
2011-05-03,5.2,-0.5,11.1,13767,0.8,0.6,2.6
2011-05-04,5.0,-1.3,11.4,16688,3.9,0.58,1.9
2011-05-05,6.8,-2.2,14.8,23665,0.0,0.57,1.5
2011-05-06,11.5,0.4,20.3,26263,0.0,0.72,1.9
2011-05-07,14.2,4.5,22.0,26959,0.0,0.92,2.6
2011-05-08,12.9,4.0,19.4,23224,0.0,0.86,3.1
2011-05-09,16.0,6.0,23.9,27271,0.0,1.01,2.9
2011-05-10,18.6,7.3,26.8,26642,0.0,1.14,1.6
2011-05-11,19.0,9.3,27.2,21670,0.0,1.27,1.8
2011-05-12,17.0,12.1,23.2,13900,6.9,1.43,2.0
2011-05-13,12.7,7.0,18.4,19524,0.0,1.01,2.2
2011-05-14,14.2,5.5,22.0,21288,5.4,0.98,2.4
2011-05-15,11.2,7.1,16.4,14926,2.7,1.01,2.9
2011-05-16,11.2,4.4,15.9,13038,0.0,0.85,3.3
2011-05-17,14.9,11.1,20.1,11630,0.0,1.32,3.0
2011-05-18,17.5,9.0,24.6,22530,0.0,1.21,2.0
2011-05-19,19.8,10.0,28.2,22959,0.0,1.34,1.7
2011-05-20,18.9,12.9,25.8,19353,0.1,1.52,1.5
2011-05-21,18.5,11.5,24.9,21856,0.0,1.4,1.5
2011-05-22,20.8,12.1,28.8,24240,0.0,1.5,2.5
2011-05-23,16.9,10.8,22.6,28099,0.0,1.31,2.4
2011-05-24,16.5,5.6,26.5,23122,0.4,1.05,3.3
2011-05-25,12.6,3.4,20.0,28214,0.0,0.84,2.3
2011-05-26,18.9,5.8,27.7,26914,2.7,1.07,3.4
2011-05-27,16.8,9.5,21.5,15387,0.0,1.22,3.4
2011-05-28,13.4,7.3,19.2,20109,0.0,1.04,2.5
2011-05-29,17.8,11.0,24.5,20026,0.0,1.36,2.8
2011-05-30,22.8,11.6,29.8,29818,0.0,1.47,2.1
2011-05-31,23.4,16.2,31.7,24796,6.2,1.92,2.8
2011-06-01,16.1,13.5,19.9,12966,0.0,1.51,2.9
2011-06-02,17.4,11.7,23.9,26353,0.0,1.41,2.6
2011-06-03,19.2,8.8,26.9,30348,0.0,1.24,2.8
2011-06-04,22.7,11.3,30.0,30259,0.0,1.48,2.4
2011-06-05,24.9,17.6,31.8,26822,0.0,2.08,2.3
2011-06-06,23.7,17.1,31.1,24124,0.8,2.01,2.1
2011-06-07,20.9,17.1,27.5,16958,0.0,1.97,1.7
2011-06-08,20.0,14.0,28.1,14870,3.5,1.65,2.7
2011-06-09,16.8,11.1,22.2,23449,0.0,1.34,2.6
2011-06-10,16.5,8.4,23.3,28557,0.7,1.17,1.5
2011-06-11,18.5,10.1,25.8,21252,0.1,1.3,1.9
2011-06-12,18.0,12.3,24.2,20646,0.0,1.45,1.4
2011-06-13,18.8,10.8,26.7,19293,0.0,1.37,2.1
2011-06-14,18.8,13.4,25.5,16448,6.0,1.56,1.9
2011-06-15,19.4,12.3,26.6,18195,0.0,1.5,1.4
2011-06-16,22.7,14.0,29.8,19321,3.0,1.68,2.2
2011-06-17,18.8,14.7,23.9,26407,3.4,1.67,2.6
2011-06-18,17.6,13.4,22.1,12499,0.1,1.53,3.5
2011-06-19,15.0,11.4,20.8,19333,2.5,1.35,4.3
2011-06-20,15.4,10.2,20.8,16353,0.0,1.26,3.0
2011-06-21,17.2,10.2,24.0,14613,0.0,1.29,2.4
2011-06-22,20.1,13.5,28.7,15977,10.6,1.62,2.5
2011-06-23,18.1,12.2,25.2,21187,2.9,1.46,3.0
2011-06-24,14.3,9.5,19.7,19567,2.8,1.18,2.9
2011-06-25,15.0,10.0,19.8,20427,0.0,1.22,2.5
2011-06-26,16.7,12.7,21.9,12848,0.0,1.45,1.8
2011-06-27,20.1,12.3,26.6,25615,0.0,1.5,1.9
2011-06-28,21.0,12.3,28.3,31056,0.0,1.5,2.3
2011-06-29,22.4,11.8,31.0,30789,0.0,1.53,2.3
2011-06-30,15.4,11.8,18.9,11437,0.0,1.36,3.1
2011-07-01,15.8,8.7,20.8,23313,0.0,1.15,2.7
2011-07-02,12.3,11.0,14.0,11157,6.2,1.27,3.5
2011-07-03,14.9,11.0,17.6,11139,4.5,1.28,3.5
2011-07-04,15.7,14.5,16.6,11119,13.9,1.59,2.2
2011-07-05,18.6,13.0,24.6,22348,0.0,1.51,1.4
2011-07-06,20.8,10.7,28.3,28867,0.0,1.39,2.1
2011-07-07,22.3,15.2,28.2,26733,0.1,1.78,1.8
2011-07-08,20.8,13.8,25.8,21144,0.0,1.62,2.4
2011-07-09,22.6,12.1,30.6,25303,0.6,1.54,2.3
2011-07-10,22.1,16.8,28.0,20952,12.6,1.94,1.7
2011-07-11,17.2,12.9,22.6,15374,0.0,1.48,1.7
2011-07-12,20.8,11.5,27.0,26410,0.0,1.43,2.2
2011-07-13,22.6,17.5,26.8,15303,10.0,1.99,2.9
2011-07-14,19.0,15.8,22.3,16739,0.0,1.75,3.8
2011-07-15,17.2,13.8,20.6,18906,0.0,1.54,3.3
2011-07-16,19.9,11.6,25.8,27072,0.0,1.43,2.4
2011-07-17,21.5,14.7,29.7,16367,4.6,1.75,3.1
2011-07-18,17.4,13.0,23.4,18156,0.1,1.51,3.3
2011-07-19,19.6,10.8,26.2,27632,0.0,1.36,2.0
2011-07-20,18.1,15.3,21.3,10616,15.3,1.69,2.8
2011-07-21,15.4,14.2,17.1,10573,53.1,1.57,2.7
2011-07-22,13.0,11.8,14.4,10529,10.2,1.33,3.9
2011-07-23,15.1,10.2,19.3,17408,0.0,1.24,3.7
2011-07-24,15.4,8.4,21.8,22687,0.0,1.13,3.5
2011-07-25,14.9,9.3,20.6,19956,0.0,1.19,1.9
2011-07-26,16.7,8.4,24.4,17595,0.0,1.16,1.4
2011-07-27,19.3,13.2,26.2,15119,0.0,1.55,1.5
2011-07-28,17.0,13.8,19.8,10480,2.0,1.54,1.9
2011-07-29,14.2,11.5,15.9,10307,19.4,1.31,2.8
2011-07-30,14.8,12.7,16.5,10134,17.8,1.42,3.3
2011-07-31,15.1,13.7,16.7,10079,1.2,1.51,2.4
2011-08-01,17.2,14.5,21.9,11697,0.0,1.63,1.5
2011-08-02,18.3,13.5,24.1,19748,0.0,1.55,1.9
2011-08-03,20.9,13.3,27.2,24072,0.0,1.59,2.2
2011-08-04,18.7,15.5,24.2,11868,6.1,1.75,1.9
2011-08-05,20.2,14.1,25.5,17016,0.1,1.63,1.9
2011-08-06,22.9,16.6,28.4,20009,0.0,1.93,1.9
2011-08-07,19.8,15.1,23.8,10845,1.4,1.7,2.8
2011-08-08,17.7,13.2,22.9,19713,2.0,1.51,3.5
2011-08-09,15.5,12.5,20.1,13994,2.6,1.43,4.4
2011-08-10,15.0,12.3,17.9,11812,0.0,1.39,3.3
2011-08-11,18.5,13.1,24.5,11972,0.0,1.54,3.3
2011-08-12,18.8,14.9,23.8,13060,1.7,1.67,2.4
2011-08-13,18.4,14.9,23.8,14139,1.0,1.67,1.7
2011-08-14,21.0,14.6,27.9,16480,0.2,1.71,2.3
2011-08-15,17.9,11.5,21.7,13394,0.0,1.36,2.0
2011-08-16,16.7,11.2,22.8,13653,0.0,1.35,1.4
2011-08-17,18.7,12.1,25.3,20538,0.0,1.46,1.6
2011-08-18,22.7,12.9,30.0,23044,0.0,1.6,1.7
2011-08-19,20.6,13.7,26.5,14068,6.0,1.61,3.3
2011-08-20,16.9,11.3,23.2,23583,0.0,1.36,1.8
2011-08-21,20.5,11.5,28.3,16695,0.0,1.46,1.8
2011-08-22,21.8,15.6,26.9,17485,0.0,1.78,1.9
2011-08-23,21.1,14.7,26.3,17484,0.0,1.71,2.1
2011-08-24,23.9,17.6,31.8,17259,3.8,2.08,1.8
2011-08-25,21.5,17.4,26.7,18029,0.0,1.98,1.6
2011-08-26,25.3,17.8,32.5,21986,0.0,2.11,2.7
2011-08-27,17.5,12.0,22.8,8242,6.9,1.42,3.2
2011-08-28,15.9,10.9,21.0,17225,0.0,1.31,2.9
2011-08-29,16.0,11.8,20.7,13300,0.0,1.38,3.2
2011-08-30,13.9,8.4,17.8,12870,0.0,1.1,2.6
2011-08-31,13.1,6.3,20.1,16852,0.0,0.99,1.8
2011-09-01,13.6,6.5,20.6,13729,0.0,1.02,1.4
2011-09-02,16.0,9.4,23.2,19470,0.0,1.23,1.3
2011-09-03,20.3,10.5,29.0,20700,0.0,1.4,1.5
2011-09-04,22.6,14.7,29.5,17178,1.9,1.74,1.8
2011-09-05,17.9,13.0,21.4,7517,16.6,1.48,2.9
2011-09-06,16.9,11.2,22.4,17527,3.0,1.35,3.7
2011-09-07,16.4,13.7,19.5,10558,4.2,1.53,4.3
2011-09-08,13.6,11.5,15.9,7269,2.6,1.31,3.7
2011-09-09,14.8,11.6,18.3,7288,0.0,1.34,2.0
2011-09-10,19.7,15.1,25.6,11365,0.0,1.72,1.8
2011-09-11,22.4,16.9,30.2,18313,10.2,1.99,2.3
2011-09-12,18.4,14.9,22.4,15550,0.0,1.67,3.9
2011-09-13,19.9,14.4,23.9,15109,0.0,1.64,3.9
2011-09-14,15.0,11.0,19.7,14276,0.0,1.3,3.5
2011-09-15,13.9,6.7,19.7,15513,0.0,1.02,2.6
2011-09-16,12.1,7.0,18.0,14002,0.0,1.01,1.6
2011-09-17,17.0,9.8,24.1,11736,36.1,1.26,2.3
2011-09-18,15.3,11.7,19.6,6813,17.1,1.35,2.3
2011-09-19,13.0,10.0,15.9,6726,0.0,1.2,2.2
2011-09-20,13.4,7.8,20.0,15337,0.0,1.09,2.1
2011-09-21,13.4,7.1,21.0,14619,0.0,1.05,2.1
2011-09-22,14.4,9.5,19.8,9070,0.0,1.19,2.7
2011-09-23,11.8,6.2,18.0,12009,0.0,0.96,1.8
2011-09-24,11.8,4.4,20.8,16088,0.0,0.91,1.5
2011-09-25,13.6,6.3,23.6,15738,0.0,1.04,1.2
2011-09-26,15.1,6.8,24.5,15482,0.0,1.08,1.5
2011-09-27,14.7,9.8,19.9,6657,0.1,1.22,1.2
2011-09-28,13.0,8.8,20.9,12406,0.0,1.15,1.5
2011-09-29,13.6,6.7,23.0,14280,0.0,1.04,1.4
2011-09-30,15.3,7.0,26.3,14815,0.0,1.11,1.4
2011-10-01,15.5,7.1,26.9,14734,0.0,1.14,1.1
2011-10-02,15.0,6.6,26.3,14566,0.0,1.1,1.1
2011-10-03,15.5,8.0,23.8,12370,0.0,1.15,1.9
2011-10-04,18.6,13.7,24.8,12222,0.0,1.57,2.8
2011-10-05,16.8,13.1,19.7,5854,0.0,1.48,3.0
2011-10-06,16.2,9.6,22.1,10201,3.1,1.23,4.2
2011-10-07,9.7,7.5,13.6,7875,0.5,1.01,3.8
2011-10-08,9.1,7.2,12.2,6399,1.3,0.99,3.8
2011-10-09,8.2,5.4,13.3,9015,1.4,0.88,2.6
2011-10-10,11.9,7.8,16.0,4634,13.0,1.05,4.0
2011-10-11,13.9,11.0,17.2,4558,19.2,1.28,4.3
2011-10-12,9.7,4.3,14.2,9737,0.0,0.83,3.2
2011-10-13,7.3,0.0,13.9,8613,0.0,0.64,1.9
2011-10-14,3.3,-1.6,11.0,7889,0.0,0.57,1.7
2011-10-15,3.9,-2.9,11.3,11744,0.0,0.52,2.0
2011-10-16,6.6,0.4,13.7,11517,0.0,0.66,2.0
2011-10-17,7.0,-0.3,15.1,11365,0.0,0.64,2.0
2011-10-18,10.1,4.3,16.9,8752,2.9,0.85,3.6
2011-10-19,8.4,5.5,11.6,4834,0.2,0.88,3.2
2011-10-20,6.0,0.8,10.4,6809,0.2,0.65,2.5
2011-10-21,3.6,-1.2,11.4,10140,0.0,0.58,1.9
2011-10-22,3.8,-2.6,11.5,10139,0.0,0.53,2.1
2011-10-23,3.8,-0.4,8.8,9864,0.0,0.6,2.4
2011-10-24,6.6,2.2,9.6,3704,0.0,0.71,3.7
2011-10-25,9.8,7.4,12.0,6114,0.0,1.0,3.5
2011-10-26,11.3,9.9,14.3,3706,3.5,1.18,2.0
2011-10-27,11.1,8.6,13.5,3641,0.0,1.08,2.1
2011-10-28,9.3,3.5,12.6,3448,0.0,0.79,1.5
2011-10-29,8.1,2.0,16.3,7282,0.0,0.74,1.5
2011-10-30,10.9,6.7,16.1,4272,0.0,0.98,1.8
2011-10-31,9.4,6.3,14.0,4202,0.0,0.94,1.6
2011-11-01,9.9,4.9,16.8,7523,0.0,0.89,2.1
2011-11-02,8.1,2.5,14.5,7598,0.0,0.75,2.0
2011-11-03,6.2,0.8,13.8,7429,0.0,0.67,2.6
2011-11-04,7.2,2.1,13.2,5360,0.0,0.72,2.4
2011-11-05,8.4,4.9,14.0,5808,0.0,0.86,2.1
2011-11-06,8.7,4.6,16.4,6768,0.0,0.87,1.9
2011-11-07,7.1,2.0,13.8,6959,0.0,0.72,2.4
2011-11-08,8.8,3.8,14.1,6691,0.0,0.81,2.1
2011-11-09,4.9,0.7,10.9,5193,0.0,0.65,1.6
2011-11-10,2.9,-0.9,5.0,2676,0.0,0.56,2.5
2011-11-11,1.1,-1.8,4.4,5262,0.0,0.52,3.2
2011-11-12,1.0,-3.5,8.7,6705,0.0,0.49,2.1
2011-11-13,0.8,-3.5,9.1,6561,0.0,0.49,1.4
2011-11-14,-0.3,-4.7,7.1,6102,0.0,0.45,1.4
2011-11-15,1.1,-1.6,2.2,2455,0.0,0.52,1.9
2011-11-16,2.8,-0.8,7.2,5681,0.0,0.57,2.1
2011-11-17,-0.2,-4.8,1.7,2990,0.0,0.42,1.8
2011-11-18,1.2,-0.5,2.9,2337,0.0,0.57,1.4
2011-11-19,5.2,1.6,9.0,2299,0.0,0.68,1.4
2011-11-20,5.4,-0.1,7.2,2263,0.0,0.6,1.4
2011-11-21,0.7,-1.7,5.1,4737,0.0,0.53,1.4
2011-11-22,0.6,-1.1,4.7,5019,0.0,0.55,1.5
2011-11-23,0.1,-2.8,7.3,5393,0.0,0.5,1.5
2011-11-24,2.3,-3.4,6.9,2131,0.0,0.48,2.1
2011-11-25,3.6,-1.7,10.3,5271,1.4,0.56,3.0
2011-11-26,5.9,3.6,8.4,3947,0.0,0.77,3.7
2011-11-27,8.5,7.0,10.4,3531,0.1,0.96,5.1
2011-11-28,4.7,-1.7,9.0,5104,0.0,0.55,2.4
2011-11-29,3.8,-1.3,9.8,5099,0.0,0.57,2.6
2011-11-30,4.9,-0.7,10.2,3147,0.5,0.59,2.7
2011-12-01,4.4,-0.7,8.4,2035,0.7,0.58,3.2
2011-12-02,7.7,5.0,10.9,2102,1.1,0.85,3.1
2011-12-03,5.5,1.7,8.4,3808,2.7,0.68,4.6
2011-12-04,7.3,4.8,9.0,1883,2.2,0.83,4.5
2011-12-05,4.4,2.4,6.3,2127,0.9,0.7,4.5
2011-12-06,3.4,2.0,5.4,2196,0.5,0.68,4.0
2011-12-07,3.3,0.8,5.2,1918,7.2,0.63,4.8
2011-12-08,4.8,3.4,6.3,2591,5.8,0.75,4.8
2011-12-09,5.3,2.8,9.2,3129,1.5,0.74,5.1
2011-12-10,2.7,0.8,5.0,2302,0.0,0.62,3.3
2011-12-11,1.4,-0.6,4.6,4154,0.0,0.57,2.5
2011-12-12,4.4,-0.3,7.5,1854,0.1,0.59,3.3
2011-12-13,4.7,1.8,9.4,1803,1.3,0.68,4.7
2011-12-14,7.5,5.1,10.7,1920,1.2,0.86,4.5
2011-12-15,4.4,3.1,5.9,1913,1.6,0.74,4.0
2011-12-16,4.1,2.0,8.0,1740,11.2,0.68,5.3
2011-12-17,3.3,1.9,4.2,1736,1.8,0.67,4.6
2011-12-18,2.9,0.9,4.0,1774,0.2,0.63,3.6
2011-12-19,1.7,0.7,3.0,1772,0.0,0.62,3.1
2011-12-20,1.1,-1.0,2.9,4143,3.2,0.55,3.1
2011-12-21,1.9,-0.6,3.7,1730,2.8,0.57,2.8
2011-12-22,2.9,1.4,4.2,1731,0.9,0.65,2.2
2011-12-23,6.6,3.6,8.0,1733,3.5,0.76,2.8
2011-12-24,5.8,2.9,7.4,1737,5.9,0.73,4.1
2011-12-25,4.5,2.0,7.0,1742,1.1,0.68,3.8
2011-12-26,8.4,6.7,9.6,1748,0.0,0.95,3.4
2011-12-27,8.2,6.4,9.1,1755,0.0,0.93,2.5
2011-12-28,6.0,2.7,8.5,2438,0.0,0.72,3.1
2011-12-29,5.2,3.2,7.3,2661,4.5,0.74,5.0
2011-12-30,2.9,1.3,5.2,1783,2.6,0.65,4.2
2011-12-31,2.8,0.2,5.1,2691,0.2,0.6,2.5
2012-01-01,7.3,2.5,11.3,1808,2.2,0.72,3.3
2012-01-02,9.2,5.1,11.8,1822,7.2,0.86,3.4
2012-01-03,6.4,2.3,10.8,4003,0.0,0.72,5.4
2012-01-04,6.5,4.8,9.2,2158,4.5,0.83,5.7
2012-01-05,4.6,2.7,5.9,1959,3.4,0.72,7.0
2012-01-06,2.4,-0.5,3.6,1890,0.0,0.57,4.4
2012-01-07,3.8,0.8,5.7,1910,4.7,0.63,4.6
2012-01-08,4.4,4.0,5.0,1931,3.1,0.78,3.7
2012-01-09,3.6,2.6,6.0,1953,6.1,0.71,3.0
2012-01-10,5.5,4.4,6.5,2295,0.0,0.8,3.1
2012-01-11,6.6,4.3,8.1,2001,2.6,0.8,3.0
2012-01-12,7.7,4.3,10.3,2304,2.6,0.81,4.9
2012-01-13,3.0,1.4,4.4,2054,0.0,0.65,5.0
2012-01-14,1.7,-1.4,3.7,2789,0.0,0.53,3.2
2012-01-15,-1.5,-6.2,0.1,2159,0.0,0.37,1.7
2012-01-16,-1.4,-7.1,1.5,2142,4.8,0.36,1.8
2012-01-17,2.1,0.8,2.6,2174,0.1,0.62,1.9
2012-01-18,1.6,-1.7,5.0,5439,5.0,0.53,2.8
2012-01-19,3.3,0.4,5.2,2241,2.9,0.61,4.4
2012-01-20,2.0,1.0,2.9,2277,8.0,0.63,4.0
2012-01-21,2.5,0.9,5.0,2313,7.5,0.63,4.4
2012-01-22,3.9,1.8,6.5,2351,4.0,0.67,5.5
2012-01-23,1.3,0.3,2.6,2442,5.7,0.6,2.9
2012-01-24,0.0,-3.4,1.2,2430,0.0,0.46,1.9
2012-01-25,-2.9,-6.0,1.0,3316,0.0,0.38,1.7
2012-01-26,-3.4,-7.3,0.4,6197,0.0,0.35,3.1
2012-01-27,-4.0,-6.2,-2.3,2936,0.0,0.37,2.3
2012-01-28,-5.3,-6.6,-4.0,2603,0.0,0.36,1.8
2012-01-29,-6.0,-7.2,-4.6,4086,0.0,0.34,2.7
2012-01-30,-6.6,-9.9,-2.9,7001,0.0,0.29,2.9
2012-01-31,-8.6,-11.3,-6.0,7213,0.0,0.25,3.5
2012-02-01,-10.6,-13.3,-6.5,7144,0.0,0.21,3.6
2012-02-02,-13.6,-17.0,-8.1,7246,0.0,0.16,2.9
2012-02-03,-11.5,-16.5,-5.9,5710,0.7,0.17,2.0
2012-02-04,-11.3,-15.8,-6.1,5915,0.0,0.18,1.5
2012-02-05,-13.8,-17.9,-8.7,3065,0.0,0.15,1.9
2012-02-06,-15.9,-21.8,-10.9,7554,0.0,0.11,1.7
2012-02-07,-11.9,-17.3,-7.7,3117,0.0,0.16,2.7
2012-02-08,-8.0,-11.3,-3.6,6781,0.0,0.25,2.7
2012-02-09,-6.7,-13.7,-2.9,3233,4.6,0.22,2.7
2012-02-10,-12.8,-18.6,-7.7,7687,0.0,0.14,2.2
2012-02-11,-12.4,-20.2,-7.5,7607,0.0,0.13,2.0
2012-02-12,-12.3,-20.8,-5.8,8893,0.4,0.13,1.9
2012-02-13,-3.5,-6.9,-1.1,3478,0.5,0.36,1.8
2012-02-14,-3.9,-12.6,1.6,5611,3.3,0.25,2.6
2012-02-15,1.7,0.3,3.6,4079,0.0,0.6,5.5
2012-02-16,0.6,-0.2,3.0,5791,8.0,0.58,2.7
2012-02-17,3.4,0.5,5.8,4085,1.1,0.61,3.4
2012-02-18,4.6,1.7,8.5,4716,1.6,0.68,3.1
2012-02-19,3.9,0.0,6.0,3875,0.3,0.6,3.6
2012-02-20,0.6,-1.5,5.5,8096,0.0,0.54,2.6
2012-02-21,0.6,-1.7,3.0,4015,3.7,0.53,3.1
2012-02-22,5.2,2.6,9.8,8551,2.0,0.72,3.2
2012-02-23,6.8,3.7,9.6,4381,0.1,0.78,4.1
2012-02-24,9.0,6.3,10.7,4232,4.1,0.93,4.2
2012-02-25,5.9,3.7,8.6,6651,4.3,0.78,3.8
2012-02-26,2.1,-5.8,7.2,9198,0.0,0.42,2.6
2012-02-27,0.1,-6.7,6.4,9171,2.6,0.39,2.2
2012-02-28,6.4,3.6,9.6,4532,6.3,0.77,3.4
2012-02-29,9.2,8.6,10.0,4609,0.6,1.08,2.3
2012-03-01,9.5,8.1,10.8,4686,0.4,1.05,2.1
2012-03-02,7.1,-0.8,9.4,5248,0.0,0.58,1.7
2012-03-03,3.0,-2.4,9.7,12334,0.0,0.53,2.3
2012-03-04,2.5,-0.4,7.8,7636,0.0,0.59,2.1
2012-03-05,2.3,-2.1,9.1,12893,0.0,0.54,3.1
2012-03-06,-0.4,-4.2,4.7,13303,0.0,0.45,2.0
2012-03-07,1.5,-5.7,8.5,13125,0.8,0.42,2.7
2012-03-08,2.8,-0.8,4.3,5245,3.2,0.56,3.1
2012-03-09,3.6,-3.0,9.9,13528,0.0,0.51,2.3
2012-03-10,7.3,5.2,9.4,5671,1.3,0.86,3.0
2012-03-11,8.1,6.2,11.2,8922,2.2,0.92,3.2
2012-03-12,7.5,6.4,8.7,5575,0.9,0.93,3.3
2012-03-13,7.2,6.1,7.9,5659,0.0,0.9,2.7
2012-03-14,7.1,6.2,7.6,5742,0.0,0.92,2.2
2012-03-15,5.7,-0.8,9.3,6738,0.0,0.58,1.5
2012-03-16,8.8,-2.3,21.5,15559,0.0,0.63,2.0
2012-03-17,12.4,2.7,23.0,15910,0.0,0.85,2.2
2012-03-18,11.7,2.9,20.1,14208,0.3,0.82,2.8
2012-03-19,7.2,1.6,11.8,13700,0.0,0.69,2.9
2012-03-20,7.4,0.2,13.7,14510,0.0,0.65,2.5
2012-03-21,9.4,3.6,12.1,6335,0.0,0.78,2.0
2012-03-22,9.6,3.5,16.8,11338,0.0,0.81,1.8
2012-03-23,9.1,0.7,18.1,15541,0.0,0.71,1.4
2012-03-24,10.1,0.7,19.5,17652,0.0,0.71,1.6
2012-03-25,9.5,1.5,17.6,16437,0.0,0.73,2.1
2012-03-26,6.2,-2.0,14.6,18082,0.0,0.58,1.8
2012-03-27,8.8,1.3,16.9,13347,0.0,0.71,2.4
2012-03-28,11.6,3.7,19.2,16196,0.0,0.85,3.0
2012-03-29,8.0,6.1,11.6,7017,2.5,0.91,4.6
2012-03-30,7.7,4.6,9.7,8326,2.1,0.82,4.7
2012-03-31,5.5,0.9,8.5,9651,4.3,0.64,4.8
2012-04-01,5.5,-0.1,9.6,16366,1.2,0.61,3.3
2012-04-02,5.9,2.1,8.4,9123,0.0,0.7,2.7
2012-04-03,9.4,2.1,16.4,13926,2.4,0.75,2.1
2012-04-04,5.6,3.7,7.3,7522,1.2,0.77,2.9
2012-04-05,3.1,-2.2,5.7,7605,0.0,0.52,2.5
2012-04-06,3.0,-2.9,6.2,7688,0.7,0.49,2.1
2012-04-07,3.0,-0.1,7.7,10126,2.1,0.6,3.2
2012-04-08,1.5,-2.7,6.3,13127,0.0,0.5,2.2
2012-04-09,6.2,-3.4,13.1,17024,0.0,0.52,3.3
2012-04-10,11.7,7.3,17.7,11822,0.0,1.04,3.3
2012-04-11,10.8,6.7,17.1,9189,0.1,0.98,2.3
2012-04-12,6.1,2.8,8.0,8175,7.9,0.73,1.7
2012-04-13,5.9,-0.5,10.8,11015,0.0,0.6,1.7
2012-04-14,6.2,-2.0,13.9,18316,0.0,0.57,1.9
2012-04-15,8.5,1.2,13.5,11197,0.3,0.69,3.1
2012-04-16,7.0,0.6,11.2,9721,0.0,0.65,3.4
2012-04-17,5.1,-1.9,11.2,19806,0.0,0.56,2.5
2012-04-18,8.4,2.6,13.9,16769,0.0,0.76,2.7
2012-04-19,10.9,3.8,17.1,13705,0.0,0.84,2.4
2012-04-20,10.6,3.5,19.0,17326,2.3,0.84,2.1
2012-04-21,10.9,4.4,18.2,18918,1.2,0.88,2.6
2012-04-22,9.4,3.6,16.0,17768,0.0,0.81,2.7
2012-04-23,9.6,2.9,15.1,17527,0.0,0.78,2.5
2012-04-24,11.3,5.4,19.0,15897,10.5,0.93,2.6
2012-04-25,11.3,7.4,16.9,15528,0.0,1.03,3.1
2012-04-26,17.3,10.2,25.5,20849,0.0,1.31,3.2
2012-04-27,18.3,8.1,27.0,21889,0.0,1.18,2.2
2012-04-28,21.8,10.9,31.1,25037,0.0,1.46,2.6
2012-04-29,22.2,13.9,29.7,18112,0.0,1.67,3.0
2012-04-30,18.9,12.1,24.9,24792,0.0,1.46,2.5
2012-05-01,19.3,8.6,30.1,23131,0.0,1.27,2.5
2012-05-02,21.2,13.8,28.9,25243,1.8,1.64,2.7
2012-05-03,18.3,14.1,21.8,12180,0.0,1.58,2.0
2012-05-04,16.1,11.2,21.9,20454,0.0,1.35,2.1
2012-05-05,13.8,8.1,21.3,17203,6.8,1.12,2.3
2012-05-06,6.9,4.0,9.0,9873,0.0,0.79,1.9
2012-05-07,10.2,6.6,14.4,13764,0.0,0.97,1.5
2012-05-08,14.6,7.5,21.3,20551,0.0,1.07,2.2
2012-05-09,17.3,11.1,23.9,17022,0.0,1.35,2.4
2012-05-10,20.5,12.3,27.2,21550,0.0,1.49,2.6
2012-05-11,23.3,13.6,31.0,15228,4.4,1.66,3.2
2012-05-12,11.2,5.3,15.1,18193,0.0,0.9,3.6
2012-05-13,7.0,2.1,10.4,12929,0.0,0.7,2.1
2012-05-14,10.3,0.2,17.0,20266,0.0,0.68,2.2
2012-05-15,12.8,9.1,18.2,14254,0.1,1.15,2.6
2012-05-16,9.1,2.6,13.9,13335,0.0,0.76,3.7
2012-05-17,7.4,1.3,14.2,22286,0.0,0.7,2.5
2012-05-18,10.8,0.5,16.9,20762,0.0,0.69,2.7
2012-05-19,16.9,5.6,25.1,28033,0.0,1.02,1.9
2012-05-20,20.6,10.2,28.5,28343,0.0,1.36,2.1
2012-05-21,22.8,15.1,29.8,22279,0.0,1.8,2.8
2012-05-22,23.5,15.7,30.7,26627,1.2,1.86,2.4
2012-05-23,22.2,13.5,31.6,22263,0.0,1.67,2.5
2012-05-24,19.3,12.3,25.4,28091,0.0,1.47,2.9
2012-05-25,16.3,7.4,23.3,28760,0.0,1.09,2.7
2012-05-26,17.1,6.3,23.9,26471,0.0,1.04,2.3
2012-05-27,17.8,11.0,24.1,22081,0.0,1.36,1.6
2012-05-28,17.6,10.9,24.4,25577,0.0,1.35,1.8
2012-05-29,17.6,8.5,24.4,24509,0.0,1.19,2.8
2012-05-30,13.6,7.0,19.5,20348,0.0,1.03,2.2
2012-05-31,14.1,8.4,19.2,12100,7.3,1.11,2.1
2012-06-01,12.9,8.5,15.6,12747,0.0,1.1,3.7
2012-06-02,10.4,6.1,16.1,21685,0.0,0.94,2.6
2012-06-03,10.9,6.1,16.5,14037,9.5,0.94,2.2
2012-06-04,11.6,8.4,15.7,12947,8.3,1.08,2.5
2012-06-05,10.8,4.3,15.3,13217,0.2,0.85,2.6
2012-06-06,11.6,2.7,16.7,16710,0.0,0.78,2.2
2012-06-07,16.5,9.3,22.9,19211,0.1,1.21,2.0
2012-06-08,19.6,14.6,25.5,19355,0.0,1.67,2.9
2012-06-09,16.4,9.2,22.3,19622,0.2,1.2,3.2
2012-06-10,15.3,7.9,21.0,17031,0.0,1.1,2.0
2012-06-11,16.4,8.7,22.5,17790,0.1,1.17,1.6
2012-06-12,18.4,11.9,24.2,26371,0.0,1.41,2.0
2012-06-13,15.5,10.1,20.1,16075,6.6,1.24,2.6
2012-06-14,12.9,7.9,15.8,11861,4.9,1.06,1.6
2012-06-15,17.1,7.2,23.2,22053,0.0,1.08,2.1
2012-06-16,21.3,13.9,29.3,21190,3.2,1.67,2.4
2012-06-17,17.8,12.0,23.5,20076,0.0,1.42,2.6
2012-06-18,21.7,11.6,31.3,22935,2.8,1.51,2.8
2012-06-19,19.2,12.8,24.4,24177,18.2,1.5,1.8
2012-06-20,16.6,14.7,18.0,11260,12.9,1.63,2.1
2012-06-21,15.2,13.5,17.2,11258,7.2,1.49,2.1
2012-06-22,19.1,11.9,25.4,22429,0.0,1.44,2.9
2012-06-23,17.6,10.8,24.2,25401,0.0,1.34,2.4
2012-06-24,19.1,10.0,27.3,20924,3.6,1.34,3.0
2012-06-25,14.5,11.6,19.3,16571,9.3,1.35,4.0
2012-06-26,14.1,10.3,17.0,12094,0.0,1.23,3.2
2012-06-27,15.2,9.0,21.1,18655,3.4,1.17,2.0
2012-06-28,18.8,13.3,24.5,16285,0.1,1.54,1.7
2012-06-29,24.9,15.8,32.1,25687,2.3,1.91,2.1
2012-06-30,24.3,18.4,30.4,22198,5.0,2.13,1.9
2012-07-01,21.4,17.0,25.9,17967,1.1,1.93,2.5
2012-07-02,19.6,13.8,24.7,19183,17.5,1.59,1.8
2012-07-03,17.7,15.7,19.4,11119,0.0,1.74,1.4
2012-07-04,20.1,16.7,24.4,15796,0.0,1.88,1.7
2012-07-05,21.5,15.9,28.5,15647,18.2,1.85,2.0
2012-07-06,22.5,16.8,29.8,22782,13.8,1.95,2.0
2012-07-07,19.7,15.4,26.2,17196,20.3,1.75,1.5
2012-07-08,21.0,13.6,27.5,24316,10.9,1.62,2.6
2012-07-09,20.2,15.6,24.8,23539,0.0,1.76,3.2
2012-07-10,20.7,16.2,25.5,21284,3.3,1.84,2.2
2012-07-11,19.0,14.4,25.0,20014,0.0,1.66,2.8
2012-07-12,15.2,10.7,22.0,19359,1.9,1.3,3.4
2012-07-13,15.3,9.3,19.1,12319,1.1,1.17,2.4
2012-07-14,16.8,13.0,21.7,16085,9.5,1.49,3.4
2012-07-15,16.6,11.5,21.1,20700,0.9,1.35,2.8
2012-07-16,15.4,10.1,20.6,16734,2.3,1.25,3.3
2012-07-17,15.4,12.4,20.8,14610,2.5,1.42,3.5
2012-07-18,17.4,13.6,22.7,12367,3.8,1.55,2.9
2012-07-19,18.1,14.3,23.1,15495,1.4,1.63,3.8
2012-07-20,16.9,12.7,20.9,20683,0.0,1.46,2.6
2012-07-21,14.8,9.5,20.5,19166,0.0,1.21,2.3
2012-07-22,14.2,8.6,20.7,17529,0.1,1.14,1.8
2012-07-23,18.1,7.3,26.1,27296,0.0,1.12,2.3
2012-07-24,21.7,11.0,28.7,28070,0.0,1.42,1.9
2012-07-25,24.3,15.9,31.6,25695,0.0,1.9,1.5
2012-07-26,25.1,16.2,32.1,23688,0.0,1.95,1.7
2012-07-27,24.9,16.6,32.5,24818,0.6,2.0,1.8
2012-07-28,24.1,19.5,31.3,15479,6.5,2.29,2.3
2012-07-29,19.8,14.4,25.5,13975,7.1,1.67,2.3
2012-07-30,18.0,12.2,24.0,21100,0.0,1.45,2.4
2012-07-31,17.8,11.0,24.4,20543,0.0,1.35,1.9
2012-08-01,20.2,10.4,27.8,26667,0.0,1.37,1.8
2012-08-02,23.7,15.4,33.1,22525,0.3,1.87,2.3
2012-08-03,19.0,15.0,24.1,13768,3.0,1.69,1.6
2012-08-04,21.3,14.8,28.4,21991,0.0,1.75,1.5
2012-08-05,22.1,16.3,29.4,18591,0.0,1.9,1.5
2012-08-06,21.2,16.7,25.8,12848,0.0,1.88,2.7
2012-08-07,19.1,12.9,23.9,19948,0.0,1.49,3.3
2012-08-08,17.0,12.2,22.2,15635,0.0,1.41,2.2
2012-08-09,16.4,12.3,21.3,14618,0.7,1.43,1.9
2012-08-10,15.6,9.7,19.9,13954,2.2,1.22,2.1
2012-08-11,15.6,10.2,20.7,16314,0.0,1.25,1.9
2012-08-12,15.0,7.5,21.0,19816,0.0,1.07,2.3
2012-08-13,14.9,6.3,22.8,21561,0.0,1.03,2.1
2012-08-14,15.9,6.7,24.3,23062,0.0,1.07,1.9
2012-08-15,16.5,7.6,24.1,23403,0.0,1.11,2.1
2012-08-16,17.8,9.8,25.8,16652,0.0,1.29,1.8
2012-08-17,19.1,12.6,25.4,18716,0.0,1.5,1.4
2012-08-18,20.5,10.6,29.0,22692,0.0,1.4,1.8
2012-08-19,26.3,14.1,36.2,23357,0.0,1.83,1.8
2012-08-20,28.0,19.1,38.0,20185,0.0,2.39,2.1
2012-08-21,24.8,20.7,30.4,19952,2.0,2.44,1.5
2012-08-22,21.6,14.4,27.6,16703,0.0,1.68,2.8
2012-08-23,18.0,11.3,25.0,21706,0.8,1.4,2.0
2012-08-24,17.9,11.3,23.9,9948,8.8,1.38,1.8
2012-08-25,19.9,16.1,26.4,14271,0.0,1.85,2.7
2012-08-26,19.0,15.0,24.1,13069,0.7,1.69,3.7
2012-08-27,15.4,8.6,21.4,15151,0.0,1.15,2.2
2012-08-28,17.1,7.8,26.7,18297,0.0,1.16,2.1
2012-08-29,20.3,11.4,27.8,19032,0.0,1.45,1.7
2012-08-30,20.3,16.8,26.5,11797,13.3,1.91,1.7
2012-08-31,16.2,14.4,18.0,7844,2.4,1.59,2.2
2012-09-01,15.8,10.0,21.2,10211,0.0,1.24,2.0
2012-09-02,15.5,7.9,22.2,15196,0.0,1.12,1.7
2012-09-03,17.6,11.4,24.4,17493,0.0,1.39,1.6
2012-09-04,16.7,10.6,24.4,17878,0.0,1.32,1.8
2012-09-05,15.4,11.4,18.6,7747,0.0,1.33,2.1
2012-09-06,14.1,8.1,19.0,16143,0.0,1.1,2.4
2012-09-07,15.8,10.4,20.5,9325,4.8,1.27,2.5
2012-09-08,16.7,11.0,22.2,8922,0.1,1.34,1.8
2012-09-09,17.6,9.7,24.9,16542,0.0,1.26,1.8
2012-09-10,21.9,13.0,31.0,18716,0.0,1.62,1.9
2012-09-11,19.8,12.3,30.7,14648,18.3,1.55,2.4
2012-09-12,13.9,11.2,16.4,7746,0.1,1.29,2.3
2012-09-13,12.0,6.7,18.2,13486,0.0,1.0,1.6
2012-09-14,14.2,6.0,20.6,14532,0.1,0.97,3.4
2012-09-15,14.2,10.7,17.2,9715,0.0,1.27,2.6
2012-09-16,16.5,10.9,22.1,17539,0.0,1.33,2.0
2012-09-17,16.8,10.9,23.3,15357,0.0,1.33,1.9
2012-09-18,17.7,9.5,25.6,16063,8.6,1.27,2.4
2012-09-19,11.6,4.6,15.7,12028,0.0,0.86,2.7
2012-09-20,9.3,4.1,15.9,12555,0.0,0.84,2.1
2012-09-21,11.0,3.7,17.6,11862,0.1,0.83,2.1
2012-09-22,11.3,6.5,17.1,9055,5.4,0.98,2.7
2012-09-23,10.1,3.2,16.3,13250,0.0,0.8,2.0
2012-09-24,14.9,9.6,20.7,9201,0.0,1.22,3.4
2012-09-25,17.1,8.2,23.1,14581,0.0,1.14,2.8
2012-09-26,17.7,10.3,26.2,12905,0.0,1.33,2.1
2012-09-27,14.8,11.8,18.4,7627,10.0,1.35,3.1
2012-09-28,13.0,6.9,18.3,8930,0.0,1.01,2.6
2012-09-29,12.4,4.8,20.0,11425,0.0,0.91,2.4
2012-09-30,10.1,5.2,17.4,14303,0.0,0.9,2.2
2012-10-01,10.8,4.3,17.6,7740,0.0,0.87,1.8
2012-10-02,12.0,7.0,19.3,11355,0.0,1.02,2.2
2012-10-03,13.8,6.6,21.1,11301,0.0,1.03,2.9
2012-10-04,14.3,8.0,19.4,5771,1.4,1.1,3.3
2012-10-05,12.5,6.8,18.4,6013,4.4,1.01,3.6
2012-10-06,13.6,7.0,20.9,7062,2.8,1.04,3.0
2012-10-07,8.7,4.2,12.9,8411,0.2,0.82,2.9
2012-10-08,9.0,3.4,13.5,6544,0.0,0.78,2.1
2012-10-09,7.1,0.6,12.9,10314,0.0,0.66,2.6
2012-10-10,6.3,1.0,9.4,4558,1.2,0.65,1.9
2012-10-11,6.9,1.9,13.2,6105,0.0,0.71,1.7
2012-10-12,7.7,0.3,14.4,9759,1.6,0.66,2.8
2012-10-13,10.1,6.3,15.2,10612,0.0,0.95,2.7
2012-10-14,10.3,7.9,14.5,6729,0.0,1.05,2.5
2012-10-15,9.6,4.2,13.9,4187,0.3,0.83,2.7
2012-10-16,7.4,1.7,14.0,9827,0.0,0.71,2.9
2012-10-17,10.4,3.3,16.4,10345,0.0,0.8,2.7
2012-10-18,14.4,9.7,20.8,10564,0.0,1.23,2.4
2012-10-19,14.4,7.0,22.3,10421,0.0,1.05,1.9
2012-10-20,11.2,3.7,21.3,9719,0.0,0.87,1.5
2012-10-21,10.6,4.6,18.4,8477,0.2,0.89,1.7
2012-10-22,10.3,9.2,11.3,3702,0.0,1.13,1.9
2012-10-23,11.1,8.4,12.6,3636,0.0,1.06,1.8
2012-10-24,10.8,9.4,12.5,3572,0.0,1.14,1.2
2012-10-25,9.6,6.2,11.4,3508,1.4,0.92,2.4
2012-10-26,4.1,1.7,6.1,7498,4.3,0.67,2.3
2012-10-27,1.4,0.1,2.4,3383,1.7,0.59,2.8
2012-10-28,1.6,-3.5,7.5,7282,0.0,0.48,2.0
2012-10-29,-1.0,-5.7,3.6,4777,1.1,0.4,2.8
2012-10-30,2.9,0.1,4.7,3204,0.6,0.6,2.4
2012-10-31,5.4,-0.8,11.0,8263,0.0,0.59,2.5
2012-11-01,5.3,1.6,7.5,3089,5.3,0.67,3.1
2012-11-02,7.6,3.1,11.2,5864,2.5,0.75,3.8
2012-11-03,8.6,6.0,10.7,3515,2.9,0.91,3.0
2012-11-04,8.8,7.1,11.2,3279,2.2,0.97,2.5
2012-11-05,8.6,6.6,10.9,3048,0.0,0.95,3.1
2012-11-06,5.7,3.6,7.9,3512,0.6,0.76,3.3
2012-11-07,8.3,5.5,10.4,2830,0.5,0.88,4.3
2012-11-08,9.0,7.7,10.1,2724,0.0,1.02,3.4
2012-11-09,8.5,6.0,11.7,3398,0.0,0.91,2.2
2012-11-10,8.5,3.9,11.8,3233,0.1,0.8,2.3
2012-11-11,9.5,7.5,11.3,2584,9.3,1.0,2.1
2012-11-12,6.9,3.9,10.7,4953,0.0,0.8,2.0
2012-11-13,3.6,-1.5,10.5,6473,0.0,0.56,1.8
2012-11-14,1.5,-2.4,8.8,6387,0.0,0.53,1.7
2012-11-15,-0.6,-4.6,5.2,5992,0.0,0.44,1.4
2012-11-16,-0.7,-3.0,1.3,2375,0.0,0.48,1.8
2012-11-17,0.4,-3.7,5.0,4569,0.0,0.46,2.2
2012-11-18,3.8,-4.0,6.9,2299,1.0,0.46,1.6
2012-11-19,5.9,1.6,8.0,2263,0.0,0.67,1.7
2012-11-20,3.0,-0.2,5.3,2573,0.0,0.58,2.0
2012-11-21,4.4,1.7,7.1,2195,0.0,0.67,2.6
2012-11-22,5.0,-0.6,9.6,2211,0.0,0.59,2.4
2012-11-23,4.8,-1.5,10.1,4901,0.0,0.56,2.4
2012-11-24,6.8,5.7,8.0,2101,0.5,0.88,1.6
2012-11-25,8.0,3.5,11.1,2072,0.0,0.77,3.9
2012-11-26,6.5,0.5,10.0,3299,1.1,0.63,2.4
2012-11-27,7.1,4.2,8.9,2018,0.6,0.8,1.6
2012-11-28,6.1,4.7,6.8,1993,12.5,0.82,1.9
2012-11-29,3.1,0.5,4.9,1968,32.9,0.61,3.5
2012-11-30,0.9,-1.6,2.8,1945,3.9,0.52,2.0
2012-12-01,-0.6,-3.1,1.6,2950,0.0,0.47,2.1
2012-12-02,-0.3,-2.2,1.5,3897,0.0,0.5,2.5
2012-12-03,-0.2,-1.5,1.0,2852,3.2,0.52,3.0
2012-12-04,1.6,-0.6,3.3,2390,0.3,0.56,3.6
2012-12-05,-1.2,-5.9,2.2,2761,2.1,0.39,2.7
2012-12-06,-3.0,-9.2,-0.4,1832,1.7,0.31,3.1
2012-12-07,-5.8,-11.0,-0.2,4482,0.0,0.27,2.4
2012-12-08,-8.1,-14.9,-3.4,3471,0.0,0.2,1.6
2012-12-09,-2.9,-6.0,0.4,2344,4.6,0.38,3.7
2012-12-10,-0.4,-4.4,1.2,1780,4.9,0.43,3.9
2012-12-11,-2.9,-5.2,-1.3,1769,1.8,0.4,3.0
2012-12-12,-4.9,-7.8,-3.4,3613,0.5,0.33,1.8
2012-12-13,-3.2,-6.4,-1.4,1753,0.0,0.37,2.0
2012-12-14,-2.0,-6.2,1.0,1788,0.9,0.38,3.1
2012-12-15,2.4,0.6,3.5,1740,0.6,0.61,2.9
2012-12-16,3.4,1.2,4.5,1736,1.8,0.64,2.5
2012-12-17,3.7,0.8,7.1,1774,0.0,0.63,2.0
2012-12-18,3.6,1.5,4.6,1730,0.8,0.66,1.7
2012-12-19,2.4,1.4,3.4,1729,0.6,0.65,1.4
2012-12-20,0.7,-2.0,2.6,1730,0.0,0.51,3.0
2012-12-21,-3.2,-4.1,-1.8,1731,0.0,0.43,2.8
2012-12-22,-2.7,-3.4,-1.6,1733,1.9,0.46,2.6
2012-12-23,-0.2,-2.9,7.8,1737,11.0,0.5,4.0
2012-12-24,7.3,5.9,9.7,1742,0.0,0.9,2.9
2012-12-25,9.6,5.6,14.1,1874,0.0,0.91,3.6
2012-12-26,7.1,3.5,9.2,1755,3.2,0.77,4.3
2012-12-27,6.2,-0.2,9.7,2691,0.0,0.6,4.3
2012-12-28,0.2,-2.5,3.7,4353,0.0,0.5,2.8
2012-12-29,4.3,0.2,8.2,3142,0.0,0.61,3.3
2012-12-30,5.1,3.0,8.1,2392,0.0,0.74,4.3
2012-12-31,6.9,4.4,9.4,2494,0.0,0.82,4.3
2013-01-01,5.7,4.4,7.4,1851,0.4,0.8,3.4
2013-01-02,4.7,2.8,6.2,1951,3.5,0.72,3.1
2013-01-03,6.6,3.7,9.6,1837,1.1,0.78,4.1
2013-01-04,8.2,6.3,9.7,1940,3.4,0.92,4.0
2013-01-05,6.7,3.9,8.8,1871,0.6,0.79,3.1
2013-01-06,5.6,4.1,6.6,1890,1.6,0.79,3.1
2013-01-07,2.5,0.7,5.6,1910,3.9,0.62,1.8
2013-01-08,4.5,1.1,6.4,1931,4.8,0.64,2.2
2013-01-09,6.1,5.3,6.9,1953,4.6,0.86,2.4
2013-01-10,3.1,-0.3,5.8,1976,4.5,0.59,3.2
2013-01-11,-1.1,-2.0,0.1,2139,3.0,0.51,2.3
2013-01-12,-2.3,-3.8,-1.3,2304,0.7,0.44,1.7
2013-01-13,-3.9,-6.6,-2.3,2334,0.0,0.36,2.0
2013-01-14,-5.1,-8.4,-3.7,2082,0.9,0.32,1.7
2013-01-15,-3.6,-7.7,-2.0,2254,0.0,0.33,1.7
2013-01-16,-3.8,-4.6,-3.0,2142,0.0,0.42,1.8
2013-01-17,-2.8,-4.5,-1.1,2174,0.0,0.42,2.3
2013-01-18,-4.4,-6.5,-3.1,2207,0.0,0.36,2.5
2013-01-19,-6.9,-7.9,-6.1,2241,0.0,0.32,3.2
2013-01-20,-6.2,-7.8,-4.6,2327,3.1,0.32,3.0
2013-01-21,-6.8,-8.7,-5.1,2313,3.2,0.3,2.8
2013-01-22,-7.9,-8.8,-6.8,2351,0.4,0.3,2.1
2013-01-23,-7.0,-7.9,-6.0,2390,0.0,0.32,1.4
2013-01-24,-6.1,-7.1,-5.2,2430,0.0,0.34,1.7
2013-01-25,-10.7,-15.2,-6.6,2683,0.3,0.19,1.7
2013-01-26,-9.2,-13.8,-3.8,6624,0.8,0.21,2.8
2013-01-27,-1.9,-7.7,0.8,2558,1.4,0.34,3.2
2013-01-28,1.9,-0.3,5.0,4515,0.9,0.58,2.9
2013-01-29,4.8,2.3,7.3,3091,10.8,0.7,4.4
2013-01-30,9.0,5.3,13.0,2752,2.9,0.88,5.4
2013-01-31,6.3,3.4,8.7,3820,4.3,0.76,6.2
2013-02-01,5.5,3.5,7.8,3024,1.6,0.76,3.5
2013-02-02,2.0,-0.6,4.0,2846,1.2,0.57,3.2
2013-02-03,0.1,-3.4,2.8,3894,3.8,0.46,3.8
2013-02-04,2.9,0.0,6.3,3128,4.8,0.59,4.6
2013-02-05,3.3,-1.0,7.5,4565,1.8,0.56,4.2
2013-02-06,-0.3,-5.0,4.4,7432,0.5,0.42,2.5
2013-02-07,-0.8,-4.5,3.9,4407,0.5,0.44,2.3
2013-02-08,-1.2,-2.7,0.8,3236,0.1,0.48,2.0
2013-02-09,-1.6,-6.5,0.8,3359,0.0,0.37,1.6
2013-02-10,-3.8,-6.9,-1.9,3292,0.0,0.35,2.1
2013-02-11,-2.1,-4.9,-0.2,4062,0.0,0.41,3.4
2013-02-12,-1.8,-3.4,0.0,3415,6.5,0.46,2.5
2013-02-13,-1.5,-2.2,-0.3,3478,0.0,0.5,1.5
2013-02-14,-1.5,-2.5,0.2,3542,0.0,0.49,2.2
2013-02-15,0.0,-1.1,1.3,3606,0.0,0.54,1.7
2013-02-16,0.3,-0.4,2.0,3672,0.0,0.57,1.2
2013-02-17,0.4,-0.5,1.5,3739,0.5,0.57,1.3
2013-02-18,-0.2,-0.9,1.0,3807,3.7,0.55,1.5
2013-02-19,-0.1,-0.7,0.9,3875,1.0,0.55,2.8
2013-02-20,-1.3,-3.9,0.7,4875,2.0,0.45,2.9
2013-02-21,-3.6,-4.6,-1.6,4015,0.6,0.42,3.0
2013-02-22,-3.4,-5.2,-1.6,4087,0.1,0.4,3.3
2013-02-23,-2.1,-4.0,0.2,4159,5.3,0.44,3.3
2013-02-24,1.0,-0.1,2.0,4232,4.2,0.58,2.5
2013-02-25,1.5,0.7,2.7,4306,0.5,0.62,2.4
2013-02-26,1.0,0.3,1.8,4380,0.0,0.6,2.3
2013-02-27,1.5,0.2,3.4,4456,0.0,0.59,2.0
2013-02-28,2.0,0.3,4.0,4532,0.0,0.6,1.8
2013-03-01,1.5,-2.2,4.6,4766,0.0,0.51,2.4
2013-03-02,0.2,-4.8,6.0,10988,0.0,0.44,2.3
2013-03-03,1.4,-3.2,6.0,6940,0.0,0.48,2.3
2013-03-04,1.3,-5.9,9.2,12985,0.0,0.42,2.0
2013-03-05,4.1,-2.9,11.5,13229,0.0,0.53,2.0
2013-03-06,4.7,-2.8,15.1,13143,0.0,0.55,1.7
2013-03-07,4.3,-1.7,9.1,5754,2.6,0.55,2.7
2013-03-08,0.5,-0.4,3.6,5163,0.0,0.57,3.3
2013-03-09,-0.1,-0.7,1.3,5245,2.5,0.56,3.2
2013-03-10,-1.1,-4.1,0.3,5327,7.0,0.44,3.4
2013-03-11,-4.7,-5.1,-4.0,5409,0.5,0.4,3.0
2013-03-12,-4.3,-5.4,-2.5,5492,2.3,0.39,2.5
2013-03-13,-5.1,-12.7,-1.3,7527,0.0,0.24,1.9
2013-03-14,-7.2,-15.8,1.8,14880,0.0,0.21,1.9
2013-03-15,-5.5,-12.8,1.4,9355,0.0,0.24,1.9
2013-03-16,-3.3,-11.5,3.7,15575,0.0,0.28,3.1
2013-03-17,-0.7,-6.4,4.4,13629,0.0,0.39,3.9
2013-03-18,1.1,-0.7,4.6,6366,8.4,0.56,3.2
2013-03-19,-1.1,-1.7,0.1,6080,1.6,0.52,3.1
2013-03-20,-0.2,-2.3,4.4,11722,2.0,0.51,2.5
2013-03-21,-0.6,-1.5,0.5,6250,1.8,0.53,2.3
2013-03-22,-2.2,-5.5,0.1,6335,0.6,0.39,3.4
2013-03-23,-7.0,-11.1,-2.9,17220,0.0,0.26,4.8
2013-03-24,-6.2,-12.6,0.0,17582,0.0,0.24,4.6
2013-03-25,-3.3,-7.0,0.7,16183,0.0,0.36,4.4
2013-03-26,-1.9,-5.5,2.3,17029,0.0,0.4,3.6
2013-03-27,-0.9,-4.2,2.3,8649,0.0,0.44,3.1
2013-03-28,0.1,-1.7,2.6,7347,2.0,0.52,2.5
2013-03-29,0.1,-0.8,1.2,6932,1.4,0.55,2.1
2013-03-30,0.2,-1.9,2.3,7929,0.0,0.51,1.8
2013-03-31,0.2,-1.0,2.5,7102,0.1,0.55,2.2
2013-04-01,0.2,-1.4,2.7,7494,0.0,0.53,2.3
2013-04-02,0.6,-1.3,3.0,7271,0.0,0.54,2.9
2013-04-03,0.9,0.1,2.1,7355,0.0,0.59,3.3
2013-04-04,1.1,0.0,2.7,7439,0.0,0.59,3.2
2013-04-05,1.5,0.0,3.6,7522,0.0,0.59,2.7
2013-04-06,1.6,-0.7,3.9,7605,0.5,0.56,2.0
2013-04-07,2.9,-2.2,9.4,16313,0.0,0.54,2.0
2013-04-08,4.1,-3.6,10.5,18156,0.0,0.5,2.3
2013-04-09,4.3,1.3,8.9,12589,0.0,0.66,2.9
2013-04-10,5.6,3.0,9.1,8042,0.1,0.74,3.0
2013-04-11,10.0,5.1,15.2,9320,1.7,0.89,2.7
2013-04-12,10.6,7.3,13.2,8970,1.3,1.0,3.2
2013-04-13,9.8,2.6,14.5,11581,0.0,0.75,3.3
2013-04-14,10.9,1.4,18.4,17197,0.0,0.74,2.2
2013-04-15,15.3,6.1,22.0,18427,0.0,1.0,2.3
2013-04-16,16.1,11.3,20.2,14874,0.0,1.33,2.2
2013-04-17,16.0,10.9,22.8,17554,0.0,1.33,2.0
2013-04-18,19.4,13.3,27.6,17783,0.0,1.59,3.8
2013-04-19,13.9,9.3,17.4,12932,0.0,1.15,2.9
2013-04-20,9.2,4.0,14.8,17445,0.0,0.82,3.1
2013-04-21,11.3,5.4,17.3,22446,0.0,0.92,2.2
2013-04-22,13.1,6.6,18.3,12979,0.1,1.0,1.8
2013-04-23,14.4,8.3,20.0,15475,0.0,1.12,2.9
2013-04-24,13.2,7.5,19.9,17412,0.0,1.06,2.2
2013-04-25,15.9,9.7,21.6,14858,0.0,1.23,1.6
2013-04-26,19.4,11.4,27.0,20394,2.4,1.42,2.4
2013-04-27,8.5,5.7,14.0,9225,5.1,0.91,2.8
2013-04-28,8.7,4.3,14.7,13376,0.1,0.84,1.9
2013-04-29,10.7,4.9,15.4,12170,0.0,0.88,2.6
2013-04-30,9.3,2.5,13.3,9547,1.8,0.75,2.3
2013-05-01,11.4,7.7,14.7,10908,0.0,1.04,2.3
2013-05-02,12.8,10.8,15.7,9561,0.0,1.26,2.2
2013-05-03,12.2,7.9,15.4,9626,0.0,1.06,1.9
2013-05-04,12.7,2.8,20.2,19535,0.0,0.81,2.0
2013-05-05,15.1,7.4,22.4,24735,0.0,1.08,1.8
2013-05-06,15.3,8.3,20.4,12554,0.2,1.12,2.0
2013-05-07,17.5,12.8,23.6,13577,1.5,1.49,1.9
2013-05-08,19.8,15.1,26.1,19273,0.0,1.73,2.0
2013-05-09,18.9,13.5,23.3,18151,1.6,1.54,2.0
2013-05-10,14.9,9.5,18.0,10047,5.9,1.17,2.5
2013-05-11,13.5,6.9,17.7,14200,0.0,1.01,2.1
2013-05-12,12.1,6.9,20.2,16435,2.4,1.03,2.7
2013-05-13,11.7,4.2,17.5,22547,0.0,0.86,2.9
2013-05-14,14.8,10.5,20.4,17411,0.0,1.26,2.5
2013-05-15,18.3,8.6,25.7,26455,0.0,1.22,2.5
2013-05-16,20.4,12.2,26.1,24343,0.0,1.46,2.4
2013-05-17,22.2,17.0,28.5,22343,0.0,1.95,2.4
2013-05-18,14.3,7.5,17.8,11801,5.8,1.05,2.3
2013-05-19,17.3,6.1,26.0,27354,0.0,1.05,2.2
2013-05-20,14.3,7.3,19.1,15075,0.0,1.03,2.5
2013-05-21,13.6,8.5,18.8,23937,0.0,1.12,2.4
2013-05-22,10.8,7.6,16.5,12476,1.5,1.04,3.8
2013-05-23,10.2,3.8,15.5,24051,0.0,0.82,2.2
2013-05-24,10.1,2.5,16.1,16736,0.0,0.77,1.8
2013-05-25,9.3,7.3,12.2,10757,3.7,0.99,2.4
2013-05-26,8.3,7.0,9.7,10794,3.3,0.97,3.8
2013-05-27,11.1,7.7,15.6,14524,0.4,1.04,2.5
2013-05-28,10.7,9.2,15.3,11480,15.3,1.13,1.9
2013-05-29,13.7,7.7,20.4,17682,7.5,1.09,2.3
2013-05-30,13.6,10.3,15.8,10929,24.7,1.22,2.1
2013-05-31,15.4,10.1,19.3,14418,3.4,1.23,3.6
2013-06-01,14.9,10.2,18.0,10988,3.1,1.22,3.4
2013-06-02,13.0,11.4,15.6,11015,13.7,1.31,4.1
2013-06-03,12.3,9.4,17.6,13516,24.6,1.17,3.2
2013-06-04,13.0,6.1,20.0,15400,0.5,0.98,2.3
2013-06-05,13.9,3.2,21.2,29176,0.0,0.85,1.8
2013-06-06,16.6,8.6,22.5,25487,0.0,1.17,1.8
2013-06-07,18.0,12.3,25.0,24521,1.9,1.47,1.7
2013-06-08,18.9,13.9,23.5,17847,0.0,1.59,1.9
2013-06-09,17.7,13.0,22.9,14145,0.6,1.5,2.1
2013-06-10,15.4,8.6,20.9,14409,0.0,1.15,2.1
2013-06-11,15.2,5.9,22.5,24231,0.0,1.0,1.6
2013-06-12,19.1,11.9,25.6,26481,0.0,1.45,1.9
2013-06-13,22.1,15.7,27.9,22273,3.7,1.83,2.8
2013-06-14,16.7,11.8,21.4,18186,0.0,1.38,2.7
2013-06-15,19.2,11.0,24.8,22667,0.0,1.36,2.7
2013-06-16,17.3,11.5,22.8,20439,0.0,1.36,2.5
2013-06-17,21.2,13.1,27.6,25537,4.0,1.56,1.8
2013-06-18,24.1,16.9,31.0,28026,0.0,1.99,1.8
2013-06-19,27.2,19.8,33.8,28773,0.0,2.38,2.2
2013-06-20,26.2,18.3,34.3,25916,41.4,2.22,2.3
2013-06-21,20.7,15.2,25.6,23927,0.0,1.73,3.2
2013-06-22,20.9,15.2,25.8,28394,0.0,1.74,2.8
2013-06-23,20.1,15.3,24.3,20070,0.1,1.72,3.2
2013-06-24,16.5,14.3,20.1,11374,24.5,1.59,2.5
2013-06-25,12.6,11.6,14.3,11243,21.4,1.32,3.0
2013-06-26,12.1,8.8,15.0,11856,0.1,1.11,3.2
2013-06-27,13.6,8.5,19.2,20033,0.0,1.12,2.2
2013-06-28,15.1,8.1,21.2,20640,1.7,1.12,2.2
2013-06-29,15.5,12.5,19.7,11575,0.2,1.42,3.0
2013-06-30,13.4,9.7,16.5,16889,0.0,1.19,2.4
2013-07-01,18.7,13.4,25.6,19721,0.4,1.57,2.2
2013-07-02,19.2,13.2,25.3,24776,0.0,1.54,1.7
2013-07-03,21.4,13.1,28.5,20915,0.0,1.59,2.2
2013-07-04,20.2,16.4,24.2,18788,0.0,1.83,1.7
2013-07-05,19.7,14.1,24.9,14189,0.1,1.62,1.8
2013-07-06,19.0,12.5,25.3,26643,0.0,1.5,1.9
2013-07-07,18.8,9.7,25.8,29573,0.0,1.29,2.0
2013-07-08,20.4,11.5,27.7,27931,0.0,1.45,2.2
2013-07-09,21.1,12.6,28.9,27522,0.0,1.55,1.9
2013-07-10,18.5,11.3,25.7,25634,0.0,1.39,2.7
2013-07-11,15.1,12.6,18.2,11065,8.8,1.42,2.6
2013-07-12,16.6,12.9,21.4,11649,0.0,1.47,1.9
2013-07-13,18.8,11.3,24.3,24029,0.0,1.38,2.0
2013-07-14,16.4,12.6,20.2,12442,0.0,1.43,2.3
2013-07-15,16.5,11.0,22.7,21360,0.0,1.34,2.0
2013-07-16,19.0,9.4,26.9,27072,0.0,1.28,1.6
2013-07-17,20.4,12.3,27.6,25670,0.0,1.51,1.7
2013-07-18,21.1,13.2,28.5,24025,0.0,1.6,2.2
2013-07-19,20.9,12.5,28.1,26777,0.0,1.52,2.7
2013-07-20,20.4,13.1,26.9,25374,0.0,1.57,2.0
2013-07-21,20.6,10.5,29.0,28601,0.0,1.4,1.7
2013-07-22,22.7,12.1,31.3,28410,0.0,1.56,1.4
2013-07-23,21.9,12.4,29.3,28340,0.0,1.54,1.8
2013-07-24,22.6,12.2,30.1,26690,0.0,1.54,1.8
2013-07-25,22.6,16.5,29.1,17898,0.0,1.92,1.4
2013-07-26,24.3,15.1,32.4,23882,1.3,1.84,1.4
2013-07-27,27.6,19.9,36.0,25136,0.0,2.44,1.7
2013-07-28,28.6,22.0,35.3,20721,20.2,2.72,2.4
2013-07-29,22.5,18.4,26.3,15358,20.5,2.08,2.0
2013-07-30,20.2,15.4,24.9,21176,0.4,1.74,2.9
2013-07-31,19.7,15.2,24.5,13792,1.4,1.73,2.8
2013-08-01,21.7,14.6,29.0,23532,0.0,1.73,1.7
2013-08-02,25.9,16.0,34.8,26786,0.0,1.99,1.9
2013-08-03,27.2,18.8,35.1,22287,0.2,2.31,2.4
2013-08-04,21.8,18.8,27.1,13649,4.5,2.13,1.6
2013-08-05,22.1,17.3,28.3,16779,0.0,1.98,1.9
2013-08-06,25.2,18.0,34.5,20127,12.9,2.18,2.3
2013-08-07,21.9,17.9,27.3,15795,0.1,2.04,2.1
2013-08-08,22.6,18.0,26.3,15951,1.1,2.03,2.3
2013-08-09,16.8,14.2,18.5,9773,3.7,1.57,1.6
2013-08-10,17.8,11.7,25.6,20112,4.5,1.42,2.2
2013-08-11,16.5,12.1,21.6,18617,0.4,1.42,2.4
2013-08-12,18.5,12.1,25.2,18871,0.8,1.45,2.3
2013-08-13,15.5,12.1,20.6,15645,3.7,1.4,2.8
2013-08-14,14.8,8.7,20.6,19829,0.0,1.15,2.3
2013-08-15,16.5,8.0,23.5,20645,0.0,1.13,1.7
2013-08-16,20.5,13.6,27.2,23977,0.0,1.6,1.9
2013-08-17,21.0,11.6,29.6,19624,0.0,1.49,1.8
2013-08-18,22.0,15.2,30.0,13933,0.0,1.79,2.5
2013-08-19,20.2,16.9,24.2,9983,0.5,1.9,2.0
2013-08-20,15.7,11.5,18.3,8775,3.0,1.33,2.0
2013-08-21,14.6,8.4,22.1,11403,0.0,1.15,1.5
2013-08-22,15.7,7.2,24.1,19840,0.0,1.1,1.4
2013-08-23,16.6,9.4,25.0,16926,0.0,1.24,2.0
2013-08-24,18.1,12.1,25.1,21039,0.0,1.45,2.5
2013-08-25,18.5,12.2,24.5,18250,0.0,1.46,2.6
2013-08-26,17.5,12.5,23.7,20222,0.0,1.47,2.6
2013-08-27,16.0,11.1,22.6,13069,0.0,1.34,1.9
2013-08-28,16.3,8.2,25.0,16898,0.0,1.17,1.5
2013-08-29,16.2,8.1,25.3,20688,0.0,1.16,1.3
2013-08-30,17.5,9.3,26.7,14816,0.0,1.26,1.6
2013-08-31,18.6,12.0,25.4,12872,0.1,1.44,2.5
2013-09-01,14.5,10.3,18.4,12017,0.0,1.23,2.9
2013-09-02,14.6,12.0,17.4,7869,12.3,1.37,3.8
2013-09-03,16.4,15.6,17.9,7681,4.3,1.7,2.2
2013-09-04,18.0,13.4,23.1,12968,0.0,1.53,1.3
2013-09-05,18.1,11.6,24.4,19343,0.0,1.39,2.1
2013-09-06,18.5,11.9,25.4,19920,0.0,1.44,2.4
2013-09-07,18.7,11.3,26.7,19659,0.0,1.4,1.8
2013-09-08,19.1,11.6,27.0,14567,6.6,1.43,2.3
2013-09-09,13.8,9.5,16.4,7390,4.7,1.16,2.5
2013-09-10,13.9,9.8,19.8,8827,3.1,1.21,2.6
2013-09-11,12.0,8.9,16.2,10346,2.9,1.12,2.6
2013-09-12,13.0,9.4,18.0,10140,0.1,1.17,1.9
2013-09-13,14.6,8.9,19.4,10134,0.0,1.15,1.8
2013-09-14,15.7,12.2,22.0,13387,0.0,1.42,2.2
2013-09-15,15.2,11.6,18.3,7467,0.0,1.34,2.3
2013-09-16,14.3,11.0,17.0,6597,3.5,1.28,3.2
2013-09-17,10.7,7.4,15.6,10575,0.5,1.02,3.3
2013-09-18,9.8,7.1,13.2,6525,0.2,0.99,2.7
2013-09-19,11.0,8.2,15.2,7774,1.1,1.07,2.5
2013-09-20,12.4,9.3,15.9,6449,3.5,1.15,2.4
2013-09-21,12.8,8.7,17.3,7020,0.0,1.12,1.7
2013-09-22,14.2,9.3,17.6,8233,0.5,1.16,2.2
2013-09-23,15.9,14.5,17.7,6101,2.1,1.6,2.7
2013-09-24,13.4,10.0,15.7,5925,12.2,1.19,1.7
2013-09-25,10.6,7.2,13.1,5841,3.3,1.0,1.6
2013-09-26,8.5,2.6,10.6,5938,0.2,0.73,2.2
2013-09-27,7.4,1.5,15.1,10584,0.0,0.71,1.6
2013-09-28,7.6,1.0,15.0,11875,0.0,0.68,1.9
2013-09-29,8.3,2.1,14.3,14280,0.0,0.73,3.3
2013-09-30,8.4,3.3,14.5,14293,0.0,0.79,2.9
2013-10-01,6.9,0.1,13.7,10858,0.0,0.64,2.3
2013-10-02,5.3,-1.4,12.9,11580,0.0,0.58,2.9
2013-10-03,6.0,0.4,11.8,13891,0.0,0.64,3.5
2013-10-04,8.2,1.0,15.4,12808,0.0,0.7,2.9
2013-10-05,9.0,3.2,16.2,10415,0.0,0.8,1.7
2013-10-06,10.1,2.8,14.6,4945,0.0,0.76,1.4
2013-10-07,13.1,11.2,16.8,4948,0.0,1.3,1.4
2013-10-08,12.6,5.4,19.6,10827,0.0,0.94,1.3
2013-10-09,12.4,5.4,17.9,6624,1.1,0.93,2.2
2013-10-10,11.7,8.9,15.3,4634,7.5,1.11,2.2
2013-10-11,12.9,9.1,18.0,4558,11.1,1.14,2.5
2013-10-12,12.5,9.9,14.4,4482,5.3,1.19,2.3
2013-10-13,8.5,2.3,13.7,8536,0.0,0.73,2.1
2013-10-14,9.7,1.9,17.1,9931,0.0,0.74,2.0
2013-10-15,10.0,6.9,13.3,5382,1.9,0.97,2.3
2013-10-16,8.1,4.5,10.6,4187,0.0,0.83,1.9
2013-10-17,10.8,4.4,15.5,6019,1.1,0.84,4.0
2013-10-18,8.3,-0.1,12.2,5131,0.0,0.63,2.3
2013-10-19,7.9,-0.4,14.9,8988,0.0,0.63,2.4
2013-10-20,15.4,12.7,19.9,6171,0.6,1.44,2.3
2013-10-21,14.6,9.3,18.7,6708,0.0,1.16,2.5
2013-10-22,15.5,7.4,22.5,9447,0.0,1.09,2.5
2013-10-23,17.1,12.6,21.7,5208,0.0,1.46,3.1
2013-10-24,14.5,10.5,18.9,6479,0.0,1.26,2.2
2013-10-25,12.8,6.5,17.8,3638,0.0,0.98,2.1
2013-10-26,16.6,14.2,20.4,4037,6.8,1.59,2.7
2013-10-27,16.2,13.0,19.8,6125,1.0,1.47,4.4
2013-10-28,16.5,12.4,21.9,4288,0.2,1.44,5.3
2013-10-29,12.6,7.0,15.9,5813,0.0,1.0,3.9
2013-10-30,8.3,2.6,13.1,4967,0.0,0.74,2.7
2013-10-31,6.1,-0.5,13.1,8443,0.0,0.62,2.4
2013-11-01,8.2,1.9,11.4,3146,0.3,0.7,2.6
2013-11-02,10.7,7.4,13.0,3089,2.2,1.0,2.8
2013-11-03,9.9,6.8,13.1,3034,8.2,0.96,4.2
2013-11-04,9.4,6.3,12.3,3218,1.2,0.93,4.1
2013-11-05,7.4,3.2,10.2,3279,2.2,0.75,3.3
2013-11-06,7.1,5.0,9.9,3165,5.0,0.85,3.8
2013-11-07,11.7,7.8,16.2,2823,3.8,1.04,3.6
2013-11-08,9.7,9.0,10.6,2943,4.1,1.1,2.1
2013-11-09,9.5,2.9,12.4,4352,0.0,0.76,4.0
2013-11-10,6.3,1.3,9.5,2732,0.0,0.67,2.9
2013-11-11,4.6,-0.2,7.9,2739,0.0,0.6,1.9
2013-11-12,3.1,-1.7,9.1,6543,2.2,0.55,2.2
2013-11-13,4.7,0.0,9.1,3023,0.0,0.61,2.0
2013-11-14,3.1,-2.0,8.4,5784,0.0,0.54,1.9
2013-11-15,4.1,3.5,4.5,2455,0.0,0.76,1.8
2013-11-16,3.2,1.0,6.4,4022,0.0,0.64,2.2
2013-11-17,3.1,-0.6,5.2,2375,0.0,0.57,1.6
2013-11-18,5.5,3.4,7.3,2438,0.0,0.76,1.9
2013-11-19,7.3,6.5,9.6,2601,2.8,0.93,2.0
2013-11-20,4.9,3.1,6.4,2263,1.0,0.73,2.2
2013-11-21,3.8,3.1,4.7,2229,7.9,0.74,2.0
2013-11-22,4.9,3.8,5.7,2195,1.2,0.77,2.6
2013-11-23,6.3,5.2,6.9,2162,1.3,0.85,2.4
2013-11-24,3.2,-0.9,5.1,2179,1.4,0.56,2.9
2013-11-25,-0.2,-3.3,3.4,5366,0.0,0.47,2.3
2013-11-26,-2.2,-6.8,2.2,3244,0.0,0.37,1.6
2013-11-27,-1.2,-7.3,2.3,4739,0.5,0.35,2.2
2013-11-28,5.4,1.9,7.8,2156,1.1,0.69,2.9
2013-11-29,4.8,2.0,5.9,1993,2.3,0.68,3.3
2013-11-30,4.1,3.3,5.0,1968,0.7,0.74,2.6
2013-12-01,5.5,3.2,7.2,2800,0.7,0.74,2.6
2013-12-02,0.9,-1.2,5.9,1924,0.5,0.55,1.8
2013-12-03,-0.8,-4.1,4.5,3675,0.0,0.45,1.7
2013-12-04,-0.1,-4.8,3.7,2103,3.0,0.43,2.9
2013-12-05,3.0,1.3,5.1,1865,2.2,0.65,5.3
2013-12-06,1.9,0.7,3.4,1848,0.5,0.62,6.9
2013-12-07,1.3,0.3,2.4,2221,0.1,0.6,3.8
2013-12-08,3.3,0.1,7.5,1817,3.8,0.6,3.5
2013-12-09,7.9,6.8,8.8,1803,11.4,0.95,3.4
2013-12-10,7.8,6.1,9.2,1791,0.5,0.91,1.8
2013-12-11,5.1,3.4,7.8,1780,0.0,0.75,1.9
2013-12-12,2.7,-0.5,3.9,1769,0.0,0.57,2.0
2013-12-13,0.8,-2.0,4.4,4412,0.0,0.52,1.9
2013-12-14,0.5,-2.9,3.7,2592,0.0,0.48,2.5
2013-12-15,4.1,1.5,6.0,1746,0.0,0.66,3.0
2013-12-16,4.5,-0.9,11.9,4456,0.0,0.59,2.8
2013-12-17,3.4,-1.3,8.2,3196,0.0,0.56,1.9
2013-12-18,1.4,-0.8,4.3,1733,0.0,0.56,2.2
2013-12-19,2.2,0.3,4.2,1772,0.0,0.6,3.0
2013-12-20,3.4,2.0,5.4,1729,0.1,0.68,2.5
2013-12-21,3.3,0.9,7.2,3644,0.5,0.63,3.7
2013-12-22,7.9,4.1,11.2,2189,1.3,0.81,4.2
2013-12-23,7.8,5.1,11.1,3609,0.0,0.86,3.8
2013-12-24,7.5,6.3,9.1,2154,0.0,0.92,4.8
2013-12-25,8.1,3.8,10.5,1742,0.0,0.79,2.8
2013-12-26,4.6,0.1,8.2,2041,0.0,0.61,1.8
2013-12-27,6.9,5.6,9.3,3352,0.0,0.87,3.9
2013-12-28,7.4,6.3,8.4,1763,0.5,0.92,2.9
2013-12-29,6.1,2.4,7.6,1984,0.0,0.71,3.1
2013-12-30,1.8,-3.2,6.5,4586,0.0,0.49,2.8
2013-12-31,1.5,-2.0,5.6,4099,0.0,0.52,2.5
2014-01-01,2.9,0.6,6.0,2451,0.0,0.62,2.7
2014-01-02,4.2,1.2,6.6,1908,0.5,0.65,3.2
2014-01-03,6.6,2.2,9.4,3917,0.0,0.7,3.2
2014-01-04,7.0,4.8,9.3,2071,0.0,0.83,2.9
2014-01-05,6.4,1.5,9.2,2485,0.7,0.67,2.6
2014-01-06,5.4,0.3,8.5,3435,4.2,0.62,3.3
2014-01-07,8.7,6.3,12.3,4622,0.5,0.93,3.3
2014-01-08,8.1,4.4,12.0,2826,7.3,0.83,3.1
2014-01-09,8.6,3.3,13.3,1998,0.8,0.78,4.0
2014-01-10,6.4,3.2,9.0,2022,0.0,0.75,4.0
2014-01-11,5.0,2.4,8.0,4432,3.2,0.71,3.2
2014-01-12,4.0,0.2,5.6,2675,0.0,0.6,2.8
2014-01-13,1.7,-3.0,4.7,2101,2.5,0.48,2.2
2014-01-14,3.2,1.8,4.4,2082,8.9,0.67,1.5
2014-01-15,1.5,-0.1,2.6,2112,0.5,0.58,2.3
2014-01-16,2.2,-0.3,3.9,2142,5.1,0.58,2.8
2014-01-17,5.2,1.4,7.6,2174,0.0,0.66,2.3
2014-01-18,3.2,-1.3,8.5,4410,0.0,0.56,2.5
2014-01-19,1.1,-1.5,4.5,2241,0.5,0.53,3.3
2014-01-20,-1.4,-2.3,-0.8,2277,3.8,0.5,2.6
2014-01-21,-2.4,-4.0,-1.7,2313,2.6,0.44,1.9
2014-01-22,-5.0,-6.0,-3.8,2351,0.1,0.37,2.0
2014-01-23,-4.7,-5.7,-3.9,2390,1.0,0.38,2.7
2014-01-24,-6.1,-11.3,-4.0,2430,0.2,0.25,2.8
2014-01-25,-11.4,-13.0,-9.2,4688,0.0,0.22,2.6
2014-01-26,-10.7,-13.0,-7.0,5824,0.0,0.22,3.6
2014-01-27,-3.5,-7.2,-0.6,2558,0.9,0.35,3.1
2014-01-28,-4.2,-6.6,-1.1,2603,0.0,0.36,2.7
2014-01-29,-5.8,-7.0,-4.8,2649,0.0,0.35,3.4
2014-01-30,-4.6,-6.9,-2.0,3144,0.0,0.35,2.9
2014-01-31,-0.6,-4.9,5.1,3480,0.0,0.43,2.1
2014-02-01,2.2,-3.8,7.5,5885,0.1,0.47,2.9
2014-02-02,2.3,1.6,3.3,2846,0.6,0.66,1.9
2014-02-03,1.2,-0.8,4.3,3190,0.0,0.56,2.3
2014-02-04,1.0,-2.4,5.6,7635,0.0,0.5,2.3
2014-02-05,1.4,-1.7,6.2,6725,0.0,0.54,2.8
2014-02-06,4.8,2.0,9.2,3303,0.0,0.69,3.3
2014-02-07,6.6,3.0,9.1,3178,0.0,0.74,4.5
2014-02-08,7.2,3.8,10.3,5662,0.0,0.78,3.7
2014-02-09,6.2,1.9,9.2,4114,0.0,0.69,4.2
2014-02-10,3.7,-1.3,9.0,7751,0.0,0.56,2.6
2014-02-11,5.1,1.9,8.8,4255,0.0,0.69,3.1
2014-02-12,2.9,-0.6,8.0,5045,0.0,0.58,3.2
2014-02-13,5.4,-0.1,10.3,5589,1.6,0.61,3.7
2014-02-14,4.7,0.9,9.1,6012,0.1,0.64,3.5
2014-02-15,6.3,4.3,9.2,3606,8.8,0.81,4.3
2014-02-16,6.4,2.5,10.7,5449,0.7,0.73,4.2
2014-02-17,4.5,-0.2,10.8,9685,0.0,0.62,2.0
2014-02-18,4.5,-2.4,9.3,6255,0.0,0.52,1.8
2014-02-19,5.5,2.7,9.9,4229,0.4,0.73,2.3
2014-02-20,6.4,3.5,11.4,5949,0.0,0.78,2.6
2014-02-21,7.5,5.0,11.7,4594,1.9,0.85,3.0
2014-02-22,4.7,0.2,10.9,9869,0.0,0.63,2.9
2014-02-23,5.1,-1.5,11.1,11042,0.0,0.57,2.5
2014-02-24,5.7,-2.1,13.1,11415,0.0,0.56,2.6
2014-02-25,5.9,-1.6,14.1,11417,0.0,0.58,2.4
2014-02-26,6.6,0.6,13.5,11110,0.0,0.67,1.7
2014-02-27,5.3,-0.1,12.1,9944,0.0,0.63,2.1
2014-02-28,5.2,-0.5,8.7,5469,0.0,0.59,2.0
2014-03-01,5.4,-0.5,12.5,11398,0.0,0.61,1.6
2014-03-02,4.7,-0.8,12.1,10908,0.0,0.6,1.8
2014-03-03,4.9,-0.5,10.7,9439,0.0,0.6,2.6
2014-03-04,6.8,4.0,11.9,7774,0.0,0.81,1.3
2014-03-05,5.6,-0.2,10.9,5827,0.0,0.61,1.5
2014-03-06,4.5,-0.8,8.5,5002,0.0,0.57,1.7
2014-03-07,4.5,-4.3,11.6,12968,0.0,0.48,2.0
2014-03-08,4.7,-1.9,13.0,11347,0.0,0.57,1.9
2014-03-09,7.0,-1.1,16.9,13882,0.0,0.62,2.4
2014-03-10,6.9,-1.1,17.6,14046,0.0,0.63,1.9
2014-03-11,6.6,-2.3,16.4,14123,0.0,0.58,2.3
2014-03-12,5.3,-2.8,14.5,14637,0.0,0.55,1.7
2014-03-13,6.5,-2.4,17.8,14804,0.0,0.59,1.3
2014-03-14,6.5,-1.9,15.2,14880,1.7,0.59,1.9
2014-03-15,8.0,5.3,11.2,7729,2.8,0.87,5.2
2014-03-16,8.8,5.6,10.8,5827,1.6,0.88,5.6
2014-03-17,10.4,8.2,12.6,6003,0.0,1.06,4.0
2014-03-18,10.1,7.7,13.0,6644,2.4,1.02,3.1
2014-03-19,9.3,7.1,11.3,6174,0.8,0.97,4.5
2014-03-20,13.6,7.7,20.0,16337,0.0,1.08,3.2
2014-03-21,16.2,8.4,22.5,15744,0.0,1.15,3.7
2014-03-22,10.1,5.9,17.1,7675,2.5,0.94,2.7
2014-03-23,7.1,4.3,8.9,6421,3.6,0.81,2.2
2014-03-24,4.9,3.3,7.3,6506,3.2,0.75,1.7
2014-03-25,3.5,-0.3,8.9,9723,3.1,0.6,1.7
2014-03-26,5.2,-1.3,11.6,15550,0.0,0.58,2.3
2014-03-27,7.3,1.8,13.5,17784,0.0,0.71,3.0
2014-03-28,6.1,1.7,9.8,6847,0.0,0.68,2.5
2014-03-29,9.3,2.8,17.4,13880,0.0,0.79,2.1
2014-03-30,10.3,3.2,19.8,18067,0.0,0.83,1.3
2014-03-31,8.9,1.1,17.2,10673,0.0,0.71,1.3
2014-04-01,9.2,0.6,16.8,15095,0.0,0.69,1.7
2014-04-02,11.4,5.2,19.6,16366,0.0,0.93,1.8
2014-04-03,14.0,3.2,23.1,15467,0.1,0.86,2.0
2014-04-04,11.7,6.3,16.4,15286,0.0,0.96,2.5
2014-04-05,8.7,4.1,12.2,9311,0.0,0.81,1.7
2014-04-06,10.2,3.6,17.4,13428,0.0,0.82,2.0
2014-04-07,13.9,7.5,21.6,12479,1.8,1.09,2.1
2014-04-08,14.2,6.1,22.1,12696,0.8,1.01,4.2
2014-04-09,7.6,4.9,11.0,9467,4.0,0.85,3.9
2014-04-10,7.2,5.7,8.7,7934,0.0,0.89,2.1
2014-04-11,9.3,1.5,15.1,17914,0.0,0.71,1.6
2014-04-12,10.5,6.2,17.1,13671,0.8,0.96,1.6
2014-04-13,11.4,6.7,15.5,14768,2.7,0.97,3.2
2014-04-14,7.2,3.1,12.2,11456,3.9,0.76,4.8
2014-04-15,6.4,3.1,12.4,12216,0.6,0.76,3.4
2014-04-16,5.9,-1.0,12.6,17548,0.0,0.6,1.7
2014-04-17,7.7,-2.2,14.5,20017,1.9,0.56,2.7
2014-04-18,6.9,1.6,11.1,9353,3.6,0.68,2.7
2014-04-19,12.2,-0.6,21.7,17221,0.0,0.7,2.8
2014-04-20,15.6,12.6,19.1,18691,0.0,1.43,3.1
2014-04-21,13.4,9.0,18.4,16871,0.5,1.14,2.3
2014-04-22,13.4,7.2,22.6,16634,14.0,1.07,1.7
2014-04-23,14.2,8.1,20.1,16392,0.0,1.1,1.7
2014-04-24,13.4,9.1,20.2,12350,0.7,1.16,2.1
2014-04-25,16.4,10.9,21.9,23402,0.0,1.32,2.4
2014-04-26,15.1,8.3,21.8,17729,0.6,1.13,1.9
2014-04-27,14.2,9.8,19.7,16781,0.0,1.21,2.3
2014-04-28,13.9,7.2,19.4,19673,0.0,1.05,1.7
2014-04-29,14.6,5.2,22.1,20241,0.0,0.96,1.4
2014-04-30,15.7,8.9,22.0,15648,0.0,1.17,1.6
2014-05-01,13.2,6.8,19.4,11967,0.8,1.02,2.0
2014-05-02,5.1,3.8,10.7,9561,4.6,0.78,2.6
2014-05-03,7.2,0.0,13.6,15068,0.0,0.64,2.5
2014-05-04,5.4,-0.6,9.2,14315,0.0,0.59,2.0
2014-05-05,6.5,-0.8,13.6,13081,0.0,0.61,1.5
2014-05-06,13.6,2.3,20.4,19111,0.3,0.8,2.6
2014-05-07,14.2,8.8,18.1,13338,6.2,1.12,3.0
2014-05-08,13.1,7.3,18.3,14602,0.8,1.03,3.2
2014-05-09,14.7,8.9,20.7,13350,4.2,1.16,3.7
2014-05-10,12.9,8.4,17.7,15819,4.9,1.09,3.2
2014-05-11,12.9,8.4,17.0,22393,0.6,1.09,4.3
2014-05-12,11.7,8.6,16.0,14986,0.7,1.1,3.8
2014-05-13,10.5,6.7,15.2,14686,3.1,0.98,2.9
2014-05-14,8.9,4.2,13.5,16442,0.6,0.82,3.1
2014-05-15,10.6,3.8,15.8,15169,0.0,0.82,2.5
2014-05-16,12.7,5.1,18.2,21547,0.0,0.91,2.6
2014-05-17,13.1,9.7,19.1,11630,13.9,1.2,2.1
2014-05-18,11.8,8.9,15.6,11070,1.9,1.12,1.8
2014-05-19,15.3,10.9,22.9,17221,0.0,1.33,1.7
2014-05-20,19.2,9.4,27.4,27788,0.0,1.28,1.7
2014-05-21,21.8,11.3,28.8,28343,0.0,1.46,2.1
2014-05-22,23.9,17.0,29.9,28529,0.0,1.97,2.3
2014-05-23,20.8,15.9,27.9,22701,8.3,1.84,2.0
2014-05-24,17.4,13.3,21.0,12560,4.1,1.51,1.8
2014-05-25,18.1,12.3,25.1,27230,0.0,1.48,1.8
2014-05-26,19.2,10.7,24.6,26176,0.7,1.34,2.4
2014-05-27,17.3,14.6,22.6,11322,22.8,1.63,3.0
2014-05-28,11.6,8.8,14.5,10864,15.7,1.1,3.2
2014-05-29,8.7,6.8,11.1,10897,0.0,0.96,2.2
2014-05-30,12.1,4.3,18.9,23398,0.0,0.87,2.0
2014-05-31,14.3,5.5,21.2,28625,0.0,0.96,2.4
2014-06-01,13.6,6.4,20.0,26440,0.0,1.01,1.7
2014-06-02,13.9,4.6,19.5,21653,0.0,0.9,1.4
2014-06-03,14.9,10.3,19.0,12155,0.0,1.24,1.3
2014-06-04,17.5,12.6,22.3,19114,0.0,1.45,2.0
2014-06-05,15.9,7.8,21.6,17407,0.0,1.11,2.9
2014-06-06,17.5,6.9,25.2,28710,0.0,1.09,1.9
2014-06-07,22.0,11.2,30.1,29357,0.0,1.46,1.6
2014-06-08,25.9,14.8,34.0,29010,0.0,1.86,1.8
2014-06-09,26.0,16.8,33.1,28908,0.0,2.02,2.0
2014-06-10,25.6,20.0,32.2,22476,0.0,2.36,2.0
2014-06-11,22.8,16.5,31.0,21872,8.2,1.94,2.2
2014-06-12,18.8,11.6,24.6,26109,0.0,1.4,2.3
2014-06-13,15.1,10.7,19.5,16189,3.2,1.28,2.8
2014-06-14,15.3,9.5,20.5,17814,0.0,1.21,2.5
2014-06-15,13.8,6.7,21.2,16581,0.0,1.03,2.2
2014-06-16,15.6,6.2,22.5,24289,0.0,1.01,2.4
2014-06-17,16.3,10.9,22.5,18830,0.0,1.33,2.1
2014-06-18,17.3,8.9,24.6,28647,0.0,1.21,2.4
2014-06-19,14.9,10.8,17.6,12750,0.0,1.27,3.3
2014-06-20,14.9,12.0,19.2,13123,0.0,1.38,3.4
2014-06-21,14.0,10.9,17.6,12129,0.1,1.28,2.8
2014-06-22,15.1,11.2,20.4,19329,1.2,1.32,2.9
2014-06-23,14.1,7.8,20.4,26402,0.3,1.09,2.5
2014-06-24,13.3,6.4,20.8,16960,6.8,1.01,1.8
2014-06-25,12.2,10.4,14.3,11243,4.4,1.21,2.1
2014-06-26,14.2,9.0,20.8,18556,0.0,1.17,1.4
2014-06-27,17.3,7.2,24.2,25491,0.0,1.09,1.6
2014-06-28,19.3,14.4,25.5,17663,0.3,1.67,1.9
2014-06-29,17.8,13.4,23.3,12814,4.8,1.54,2.3
2014-06-30,15.0,11.8,20.4,13791,1.0,1.38,2.3
2014-07-01,14.5,10.1,20.3,16004,0.0,1.25,1.9
2014-07-02,15.6,7.7,22.6,24405,0.0,1.1,2.0
2014-07-03,17.8,8.0,26.2,28959,0.0,1.19,2.0
2014-07-04,22.9,10.8,31.0,28807,0.0,1.45,2.0
2014-07-05,22.8,17.4,29.1,14189,7.1,2.02,2.5
2014-07-06,24.7,18.4,30.7,24666,0.0,2.16,2.3
2014-07-07,23.9,17.6,29.9,26239,0.1,2.06,2.2
2014-07-08,21.4,17.1,30.3,15222,29.2,2.01,2.7
2014-07-09,19.8,16.0,24.4,14206,8.5,1.8,3.2
2014-07-10,19.3,15.4,25.4,18857,2.0,1.75,2.3
2014-07-11,20.2,14.1,26.9,23007,4.0,1.65,2.3
2014-07-12,16.6,10.7,22.7,21736,0.0,1.31,2.0
2014-07-13,17.8,10.2,24.7,20711,0.1,1.31,2.1
2014-07-14,20.3,15.3,26.5,20054,0.1,1.74,2.6
2014-07-15,20.2,13.8,26.4,22709,0.0,1.61,1.9
2014-07-16,21.4,13.1,28.3,22538,0.0,1.58,1.3
2014-07-17,22.9,14.8,30.3,24813,0.0,1.77,1.3
2014-07-18,23.1,13.6,31.5,27815,0.0,1.7,1.5
2014-07-19,25.0,14.5,33.7,26655,0.0,1.82,2.0
2014-07-20,27.4,17.4,35.1,24398,0.0,2.14,2.2
2014-07-21,24.6,20.5,29.8,17029,0.0,2.41,2.5
2014-07-22,24.5,19.0,30.0,25613,0.0,2.22,2.7
2014-07-23,22.5,15.2,29.6,23602,2.7,1.79,2.6
2014-07-24,16.8,13.9,20.4,10559,10.8,1.55,2.3
2014-07-25,18.8,16.1,24.1,11237,2.0,1.81,1.8
2014-07-26,21.9,16.1,30.0,19287,0.0,1.88,1.6
2014-07-27,23.2,17.0,31.1,19101,1.0,2.0,1.7
2014-07-28,22.6,18.9,28.7,17107,5.4,2.17,1.7
2014-07-29,22.3,18.0,29.8,18245,1.1,2.1,1.9
2014-07-30,21.4,17.3,26.8,14695,0.8,1.98,2.4
2014-07-31,19.8,12.9,25.2,20141,0.0,1.53,1.9
2014-08-01,20.4,11.3,25.8,20902,0.0,1.4,1.7
2014-08-02,22.4,18.0,31.1,17959,0.4,2.11,2.0
2014-08-03,22.0,17.2,30.2,20144,33.8,2.0,1.7
2014-08-04,19.0,16.4,23.7,13412,29.2,1.82,1.6
2014-08-05,19.3,14.7,25.2,15120,0.0,1.68,1.7
2014-08-06,18.9,14.1,24.7,17409,0.0,1.63,1.5
2014-08-07,19.8,14.3,26.6,17799,0.3,1.66,1.5
2014-08-08,19.8,13.4,26.9,22535,0.0,1.58,1.5
2014-08-09,22.3,14.5,30.5,21732,0.0,1.75,3.0
2014-08-10,22.9,13.3,30.5,21282,1.5,1.65,2.7
2014-08-11,19.4,11.2,23.3,15702,0.0,1.36,3.1
2014-08-12,17.2,11.0,23.0,20614,0.1,1.34,2.9
2014-08-13,18.5,12.3,23.3,14255,10.3,1.44,2.3
2014-08-14,18.4,14.0,23.1,18790,0.0,1.59,2.6
2014-08-15,15.9,11.7,21.8,17192,4.4,1.38,2.3
2014-08-16,15.4,12.5,20.9,13538,13.7,1.43,2.8
2014-08-17,17.2,12.8,21.7,14023,0.0,1.47,3.6
2014-08-18,17.1,12.8,21.0,15413,0.5,1.47,3.9
2014-08-19,15.9,11.2,21.9,17019,0.0,1.35,2.9
2014-08-20,13.6,8.8,18.9,17479,0.0,1.14,2.6
2014-08-21,13.7,7.1,20.0,18609,0.0,1.04,2.0
2014-08-22,15.5,7.9,22.2,18831,0.0,1.12,2.5
2014-08-23,15.1,10.3,20.7,11119,0.0,1.26,2.4
2014-08-24,12.7,6.5,18.1,16147,1.0,0.99,2.6
2014-08-25,12.7,5.5,18.8,14819,3.2,0.94,1.9
2014-08-26,11.8,7.1,15.1,8430,3.0,0.99,1.9
2014-08-27,13.1,6.6,21.0,17237,0.0,1.02,1.7
2014-08-28,14.4,6.4,23.1,20392,0.0,1.04,1.5
2014-08-29,16.5,8.5,23.9,8845,7.6,1.18,1.9
2014-08-30,17.6,14.3,22.6,11572,4.0,1.62,2.0
2014-08-31,15.6,12.4,17.5,8247,7.7,1.39,1.8
2014-09-01,13.9,12.0,16.1,7844,13.7,1.36,1.9
2014-09-02,14.1,12.4,15.7,7763,0.1,1.39,1.8
2014-09-03,16.4,12.6,21.2,15726,0.0,1.45,2.5
2014-09-04,17.6,11.6,23.6,19914,0.0,1.39,2.3
2014-09-05,19.3,12.3,26.2,19343,0.0,1.47,1.5
2014-09-06,19.7,12.8,27.0,18151,0.0,1.54,1.3
2014-09-07,20.2,13.9,27.4,16143,0.0,1.65,1.3
2014-09-08,18.1,14.5,22.9,9119,0.2,1.64,1.7
2014-09-09,15.5,11.6,20.2,13417,0.0,1.36,2.2
2014-09-10,14.4,12.0,17.7,7812,4.0,1.37,2.2
2014-09-11,14.1,11.5,18.0,8228,3.4,1.33,2.1
2014-09-12,16.6,13.9,20.7,7135,0.6,1.55,2.8
2014-09-13,17.4,16.3,19.2,6850,5.1,1.79,2.2
2014-09-14,17.5,15.5,22.2,7359,0.0,1.73,2.0
2014-09-15,18.8,12.9,25.6,16887,0.0,1.53,1.9
2014-09-16,18.4,13.9,24.5,15950,0.0,1.59,2.1
2014-09-17,17.8,11.6,25.3,16765,0.0,1.42,2.2
2014-09-18,17.3,11.8,24.0,16893,0.0,1.42,1.9
2014-09-19,17.3,12.7,20.9,6726,0.9,1.46,1.6
2014-09-20,17.8,14.3,23.9,7773,0.2,1.63,1.4
2014-09-21,16.4,12.5,20.0,6458,1.7,1.42,2.7
2014-09-22,11.9,9.5,16.0,8047,2.9,1.16,3.7
2014-09-23,9.9,3.0,14.7,13578,0.0,0.78,2.0
2014-09-24,9.9,2.1,16.1,10411,0.0,0.75,2.2
2014-09-25,12.9,8.4,17.7,7930,1.0,1.09,2.9
2014-09-26,13.3,11.3,15.0,5758,1.0,1.29,2.6
2014-09-27,13.7,5.6,18.8,12637,0.0,0.94,1.7
2014-09-28,12.8,3.9,21.5,14441,0.0,0.88,1.5
2014-09-29,17.0,8.5,25.0,13929,0.0,1.2,1.4
2014-09-30,16.3,12.6,21.3,6558,0.0,1.44,1.4
2014-10-01,14.5,9.9,19.9,8447,0.0,1.22,1.2
2014-10-02,13.4,8.0,20.7,10044,0.0,1.11,1.1
2014-10-03,11.8,7.0,18.6,9073,0.0,1.02,1.5
2014-10-04,12.1,6.7,18.1,13645,0.0,0.99,2.2
2014-10-05,12.0,6.2,18.4,11327,0.0,0.97,1.8
2014-10-06,12.9,8.2,18.6,11433,0.0,1.1,2.4
2014-10-07,14.0,8.5,19.2,6086,0.0,1.12,3.3
2014-10-08,16.0,12.9,20.4,7526,2.0,1.46,2.7
2014-10-09,18.6,14.6,24.5,8377,0.0,1.66,2.6
2014-10-10,16.3,13.1,20.3,5817,0.0,1.48,1.9
2014-10-11,16.2,13.6,19.2,4558,0.0,1.51,1.4
2014-10-12,14.6,11.6,18.7,8655,0.0,1.34,1.8
2014-10-13,15.9,11.0,22.1,8307,8.0,1.33,2.0
2014-10-14,14.5,11.2,18.0,5090,3.7,1.31,1.7
2014-10-15,12.8,6.6,18.3,6355,2.6,1.0,1.7
2014-10-16,11.3,6.4,14.4,4187,0.5,0.95,1.9
2014-10-17,13.5,11.0,17.5,5800,0.0,1.29,1.9
2014-10-18,13.8,9.9,18.5,5782,0.0,1.21,2.0
2014-10-19,16.7,11.1,23.0,10492,1.2,1.34,2.8
2014-10-20,14.2,11.4,17.4,4967,0.8,1.32,3.2
2014-10-21,12.8,9.9,15.6,5377,8.0,1.18,3.6
2014-10-22,8.8,7.2,10.9,3769,5.8,0.99,4.7
2014-10-23,9.5,7.4,11.0,3702,0.8,1.0,2.5
2014-10-24,6.6,4.2,7.5,3636,0.0,0.79,2.2
2014-10-25,6.5,2.2,12.0,5445,0.1,0.72,2.0
2014-10-26,11.1,7.0,15.6,6418,0.0,1.0,2.0
2014-10-27,9.0,1.9,15.0,8609,0.0,0.72,2.3
2014-10-28,6.0,-1.2,14.9,9004,0.0,0.61,2.2
2014-10-29,4.5,-1.1,11.0,8814,0.0,0.58,1.9
2014-10-30,6.5,1.8,8.9,3263,0.0,0.68,1.2
2014-10-31,10.6,7.2,15.7,4264,0.0,1.01,1.6
2014-11-01,12.1,7.7,19.0,7461,0.0,1.07,1.6
2014-11-02,11.8,5.5,19.0,8268,0.0,0.95,2.1
2014-11-03,11.5,8.0,15.4,7369,0.0,1.06,3.3
2014-11-04,10.2,6.1,16.0,6609,0.0,0.94,2.4
2014-11-05,9.1,4.1,14.7,3750,0.0,0.82,1.8
2014-11-06,9.2,7.5,11.2,3106,1.5,1.01,1.7
2014-11-07,9.2,6.8,10.7,2880,0.0,0.96,2.3
2014-11-08,8.0,2.0,14.4,6691,0.0,0.73,2.4
2014-11-09,6.6,1.3,9.6,2724,0.0,0.66,2.0
2014-11-10,8.7,6.6,10.4,2676,0.0,0.94,1.8
2014-11-11,9.6,4.5,13.6,2959,0.0,0.84,2.2
2014-11-12,8.9,5.8,10.5,2584,0.0,0.9,1.9
2014-11-13,9.4,8.8,9.9,2540,0.0,1.09,1.2
2014-11-14,9.3,8.2,10.4,2709,0.0,1.05,2.6
2014-11-15,10.6,8.9,12.2,2455,0.0,1.1,2.7
2014-11-16,9.8,6.4,11.9,2414,0.5,0.93,2.7
2014-11-17,7.3,2.6,11.9,5452,1.0,0.73,2.0
2014-11-18,6.6,4.2,7.9,2337,2.1,0.79,2.7
2014-11-19,3.8,3.3,4.3,2299,0.7,0.75,1.8
2014-11-20,4.4,3.4,5.3,2263,0.0,0.75,1.3
2014-11-21,5.6,4.5,6.8,2229,0.0,0.81,1.5
2014-11-22,5.0,2.4,6.4,2195,0.0,0.7,2.2
2014-11-23,4.6,1.2,9.5,5393,0.0,0.66,2.4
2014-11-24,5.0,-0.7,8.5,2131,1.2,0.58,2.3
2014-11-25,2.8,-0.6,4.7,2101,0.0,0.57,1.9
2014-11-26,3.7,0.3,6.2,2119,0.0,0.61,2.8
2014-11-27,1.6,-1.5,4.6,4182,0.0,0.54,3.0
2014-11-28,0.9,-0.4,2.2,2018,0.0,0.57,3.7
2014-11-29,-0.6,-1.7,0.0,1993,0.0,0.52,3.3
2014-11-30,-1.2,-2.1,0.0,1968,0.0,0.5,3.0
2014-12-01,-2.4,-2.6,-2.2,1945,0.0,0.48,3.5
2014-12-02,-2.3,-2.8,-1.7,1924,0.0,0.48,2.2
2014-12-03,-0.2,-1.6,0.8,1903,0.0,0.52,2.0
2014-12-04,2.6,0.1,6.2,2147,0.0,0.6,1.9
2014-12-05,2.4,0.0,4.4,1865,0.5,0.59,1.5
2014-12-06,3.2,0.4,5.3,1891,0.0,0.61,1.6
2014-12-07,3.7,2.2,4.8,1832,1.9,0.69,2.6
2014-12-08,2.4,-2.7,6.0,4181,0.0,0.5,2.7
2014-12-09,-2.0,-5.6,4.2,4498,0.0,0.4,2.0
2014-12-10,0.3,-4.7,3.1,1791,0.0,0.42,4.0
2014-12-11,3.9,1.2,6.2,1907,0.6,0.65,4.6
2014-12-12,7.5,3.3,11.1,1769,1.3,0.76,5.1
2014-12-13,5.8,3.1,11.0,1760,0.4,0.76,2.7
2014-12-14,3.6,3.0,4.3,1753,1.7,0.73,2.1
2014-12-15,5.8,2.4,10.1,3755,0.0,0.72,2.9
2014-12-16,5.5,3.0,8.0,1866,0.0,0.73,2.5
2014-12-17,3.0,-0.1,5.3,2195,1.8,0.59,3.2
2014-12-18,8.5,4.9,11.6,1733,3.3,0.85,3.9
2014-12-19,10.8,5.9,12.9,1730,2.9,0.91,5.1
2014-12-20,5.5,0.8,7.0,1729,7.1,0.63,5.5
2014-12-21,5.5,3.4,7.4,1730,1.2,0.75,4.5
2014-12-22,9.5,6.4,11.0,1731,0.0,0.93,5.9
2014-12-23,11.2,10.5,12.0,1733,0.0,1.22,4.9
2014-12-24,8.6,5.2,10.8,1737,1.0,0.86,4.8
2014-12-25,4.3,0.9,6.2,1951,1.1,0.63,4.2
2014-12-26,-0.9,-3.4,1.0,1790,0.5,0.46,2.0
2014-12-27,-4.2,-7.8,-1.3,3562,0.0,0.33,3.3
2014-12-28,-6.2,-8.5,-2.7,2438,4.0,0.31,2.8
2014-12-29,-4.0,-8.4,-2.3,2026,0.0,0.31,2.6
2014-12-30,-3.5,-8.4,-0.1,2250,0.8,0.32,2.3
2014-12-31,1.5,0.0,3.0,1795,0.6,0.59,2.2
2015-01-01,3.4,1.7,5.7,3694,1.7,0.67,2.9
2015-01-02,5.0,2.7,7.0,1822,1.1,0.71,5.0
2015-01-03,4.0,2.5,5.3,1837,0.8,0.71,4.1
2015-01-04,3.3,-0.1,5.2,2376,0.4,0.59,3.8
2015-01-05,2.2,-0.1,3.1,1871,5.5,0.58,2.8
2015-01-06,0.1,-1.3,2.3,1934,0.0,0.54,1.9
2015-01-07,1.6,-0.3,3.4,1910,1.7,0.58,2.6
2015-01-08,4.1,1.1,7.4,1931,9.7,0.64,4.1
2015-01-09,6.7,4.4,9.9,1953,8.1,0.81,6.2
2015-01-10,9.5,5.0,14.4,1976,2.2,0.87,7.0
2015-01-11,3.5,0.9,5.4,2093,4.1,0.64,5.8
2015-01-12,5.3,1.2,7.6,2027,0.5,0.65,5.4
2015-01-13,10.6,7.3,13.5,4668,0.0,1.0,4.3
2015-01-14,7.0,2.2,11.1,2930,0.1,0.71,4.1
2015-01-15,4.8,0.5,9.0,2112,0.0,0.63,4.2
2015-01-16,7.2,4.6,8.7,2238,0.1,0.82,2.8
2015-01-17,2.9,-2.9,5.5,2174,0.0,0.49,2.1
2015-01-18,-0.4,-4.2,5.6,5586,0.0,0.45,2.1
2015-01-19,-0.3,-4.0,2.1,2241,0.0,0.44,1.4
2015-01-20,1.4,0.1,3.8,2277,3.2,0.6,1.2
2015-01-21,-0.1,-2.1,0.9,2364,0.0,0.51,1.8
2015-01-22,0.0,-1.8,0.9,2351,5.2,0.52,2.1
2015-01-23,-0.2,-1.0,0.1,2390,1.1,0.54,1.9
2015-01-24,-0.8,-1.4,-0.3,2430,0.0,0.53,2.4
2015-01-25,0.6,-0.5,1.9,2525,1.1,0.57,2.2
2015-01-26,2.0,0.1,5.0,3529,7.4,0.6,2.9
2015-01-27,2.7,0.4,4.0,2558,1.5,0.61,3.3
2015-01-28,3.2,1.5,5.4,2822,2.3,0.65,4.2
2015-01-29,2.4,0.8,4.8,4804,0.7,0.63,4.1
2015-01-30,1.6,-0.7,4.4,2808,1.4,0.57,2.7
2015-01-31,0.7,-0.8,2.5,3254,1.2,0.56,2.4
2015-02-01,-0.1,-2.9,4.3,5942,0.0,0.48,2.4
2015-02-02,0.9,-2.3,4.6,4641,0.5,0.5,2.9
2015-02-03,0.1,-1.5,2.6,3190,3.4,0.53,2.0
2015-02-04,-1.5,-2.9,-0.3,2951,1.0,0.47,1.8
2015-02-05,-1.7,-3.4,1.2,4505,0.0,0.46,2.6
2015-02-06,-2.9,-4.2,-1.9,3060,0.0,0.43,3.1
2015-02-07,-1.7,-7.7,3.4,5636,0.0,0.35,3.0
2015-02-08,1.2,-2.1,3.4,7154,0.5,0.51,4.1
2015-02-09,3.1,-0.7,4.8,3233,0.0,0.56,3.8
2015-02-10,4.6,4.0,5.1,3292,0.0,0.78,2.4
2015-02-11,4.4,2.4,5.7,3353,0.0,0.7,1.7
2015-02-12,1.5,-3.6,8.0,8893,0.0,0.48,1.7
2015-02-13,0.3,-6.0,7.7,9021,0.0,0.41,2.2
2015-02-14,-0.1,-4.9,7.0,9150,0.0,0.44,2.2
2015-02-15,1.9,-3.8,10.0,8538,0.0,0.49,2.7
2015-02-16,0.3,-1.7,2.6,3946,0.0,0.52,2.5
2015-02-17,2.0,-3.6,8.8,9547,0.0,0.49,1.7
2015-02-18,2.5,-1.7,7.3,6745,0.0,0.54,2.1
2015-02-19,1.4,-2.2,7.1,9606,0.0,0.52,2.7
2015-02-20,3.4,-4.2,11.1,9670,0.0,0.48,3.2
2015-02-21,5.8,2.5,11.4,7851,0.0,0.73,3.0
2015-02-22,2.3,-2.4,5.2,4087,0.0,0.5,2.1
2015-02-23,3.2,-0.4,8.9,6749,2.0,0.59,3.3
2015-02-24,4.4,-0.3,9.5,8497,0.0,0.6,3.2
2015-02-25,1.7,-3.5,8.4,7786,0.0,0.49,2.0
2015-02-26,1.8,-5.9,9.9,11110,0.0,0.43,2.1
2015-02-27,2.5,-2.9,9.8,10253,0.0,0.51,2.1
2015-02-28,3.1,-2.4,8.0,8516,0.0,0.52,2.4
2015-03-01,3.8,-0.1,7.0,5161,2.3,0.6,3.8
2015-03-02,5.1,1.0,8.9,7638,3.2,0.65,4.7
2015-03-03,5.0,1.8,8.2,9278,0.9,0.68,4.1
2015-03-04,3.9,1.1,7.8,7448,0.0,0.64,3.6
2015-03-05,3.7,0.7,7.6,7390,0.0,0.63,2.7
2015-03-06,2.6,-3.2,7.0,5251,0.0,0.49,2.1
2015-03-07,6.8,-0.5,12.4,12129,0.0,0.61,2.5
2015-03-08,10.6,6.7,15.8,10584,0.0,0.97,2.3
2015-03-09,9.1,3.7,14.5,9435,0.0,0.81,1.6
2015-03-10,7.4,-0.7,13.9,10938,2.9,0.62,2.1
2015-03-11,3.5,0.8,5.7,5409,0.0,0.63,2.4
2015-03-12,2.6,0.8,4.4,5668,0.0,0.62,2.0
2015-03-13,2.5,-1.5,5.4,6463,0.2,0.53,2.7
2015-03-14,3.6,2.1,4.8,5659,2.3,0.68,2.7
2015-03-15,6.1,3.8,8.5,6194,0.0,0.77,3.2
2015-03-16,8.3,3.1,13.1,11384,0.0,0.77,3.3
2015-03-17,10.8,4.6,17.9,14180,0.0,0.88,2.6
2015-03-18,7.5,1.7,13.9,16188,0.0,0.71,2.0
2015-03-19,4.4,-2.5,12.5,16357,0.0,0.54,1.6
2015-03-20,3.1,-5.2,12.3,15866,0.0,0.46,1.5
2015-03-21,3.7,-3.0,9.5,11377,0.8,0.51,2.6
2015-03-22,1.9,-1.6,5.7,14181,0.0,0.53,2.8
2015-03-23,4.0,-2.1,12.4,16641,0.0,0.56,1.8
2015-03-24,7.0,-2.3,15.3,13793,0.0,0.57,1.4
2015-03-25,9.7,-1.3,18.4,15890,0.5,0.63,2.4
2015-03-26,9.0,6.0,12.3,6677,2.2,0.91,2.5
2015-03-27,7.3,5.0,12.6,9840,0.1,0.86,3.1
2015-03-28,6.5,3.5,10.0,8247,0.8,0.76,2.8
2015-03-29,9.5,6.2,13.5,6932,7.0,0.94,5.0
2015-03-30,6.7,2.5,9.9,10160,2.3,0.72,5.8
2015-03-31,6.0,0.9,12.1,9245,9.6,0.66,7.0
2015-04-01,4.2,1.6,8.0,9549,4.1,0.67,5.7
2015-04-02,2.7,0.3,7.6,11095,0.9,0.62,4.5
2015-04-03,3.2,-0.4,8.2,8603,1.2,0.59,2.6
2015-04-04,2.3,-3.3,9.3,15077,0.0,0.5,2.1
2015-04-05,2.4,-4.3,10.2,14996,0.0,0.47,2.1
2015-04-06,3.3,-2.5,9.1,13111,0.0,0.52,2.1
2015-04-07,5.8,-4.0,13.3,17484,0.0,0.51,2.3
2015-04-08,7.7,6.8,8.6,7770,0.0,0.95,2.1
2015-04-09,10.3,4.1,17.1,17756,0.0,0.84,1.5
2015-04-10,11.3,1.1,20.5,21137,0.0,0.75,1.4
2015-04-11,14.9,4.8,22.9,19111,0.0,0.95,3.4
2015-04-12,10.4,5.1,15.0,19247,0.0,0.88,2.9
2015-04-13,9.9,4.0,12.7,14328,0.0,0.81,3.8
2015-04-14,9.4,-0.1,14.8,14658,0.0,0.64,2.8
2015-04-15,15.7,8.7,22.9,18316,0.1,1.18,3.1
2015-04-16,10.9,2.2,15.5,14317,0.1,0.74,2.6
2015-04-17,7.4,2.2,11.5,13861,0.0,0.72,2.7
2015-04-18,5.2,-1.1,10.7,14186,0.0,0.58,2.3
2015-04-19,7.2,-2.4,15.5,19478,0.0,0.57,1.9
2015-04-20,10.0,0.3,18.9,22431,0.0,0.7,2.3
2015-04-21,12.3,1.0,21.9,23470,0.0,0.76,2.8
2015-04-22,7.3,0.4,12.8,11037,0.0,0.65,2.4
2015-04-23,9.9,-1.1,19.3,23729,0.0,0.64,1.9
2015-04-24,12.2,2.0,21.6,20749,0.0,0.81,1.8
2015-04-25,15.9,6.0,23.3,18668,0.0,1.02,2.3
2015-04-26,15.5,10.1,21.2,15064,2.3,1.26,2.0
2015-04-27,14.3,6.8,24.4,15851,9.8,1.07,2.5
2015-04-28,6.2,3.8,8.3,9411,12.2,0.78,2.7
2015-04-29,8.2,0.9,14.2,23516,0.0,0.68,2.2
2015-04-30,11.7,4.8,18.0,19754,3.9,0.89,2.5
2015-05-01,9.7,2.0,14.8,18203,0.0,0.73,1.9
2015-05-02,8.0,0.0,15.5,19591,0.0,0.65,1.6
2015-05-03,12.9,1.5,20.8,20274,4.6,0.77,2.6
2015-05-04,17.4,12.0,23.0,19416,0.0,1.41,2.6
2015-05-05,20.0,12.7,25.9,12130,0.0,1.52,3.4
2015-05-06,16.2,10.9,21.5,16846,0.0,1.32,2.9
2015-05-07,12.7,4.8,19.1,22538,0.0,0.91,3.0
2015-05-08,13.8,2.9,20.7,19033,0.0,0.83,1.6
2015-05-09,16.0,11.2,22.5,15750,12.5,1.34,3.0
2015-05-10,11.2,3.7,14.3,14737,0.0,0.8,3.0
2015-05-11,13.3,1.5,22.1,25165,0.0,0.79,2.2
2015-05-12,18.8,10.2,25.5,18729,4.2,1.31,2.9
2015-05-13,12.6,5.3,18.8,22426,0.0,0.92,2.7
2015-05-14,9.7,2.1,13.2,16200,0.0,0.72,2.1
2015-05-15,10.7,0.4,19.0,26091,0.0,0.71,2.0
2015-05-16,11.6,1.9,18.8,20453,0.8,0.76,2.6
2015-05-17,11.0,5.4,15.8,16987,0.0,0.9,2.9
2015-05-18,14.7,5.8,22.3,19238,0.0,0.99,2.3
2015-05-19,16.3,10.1,22.6,20517,0.0,1.27,3.0
2015-05-20,13.1,6.8,17.7,10674,0.0,0.99,2.0
2015-05-21,11.5,3.4,18.1,18551,0.0,0.83,1.9
2015-05-22,12.0,1.5,20.1,25833,0.0,0.76,1.6
2015-05-23,14.9,4.8,21.3,13991,0.0,0.93,2.0
2015-05-24,14.7,7.1,22.0,28526,0.0,1.06,1.4
2015-05-25,15.1,5.9,21.6,17149,3.5,0.98,1.9
2015-05-26,13.5,10.4,17.3,13993,0.0,1.23,2.6
2015-05-27,10.9,5.5,14.2,15140,0.0,0.9,2.3
2015-05-28,14.0,4.1,21.4,24547,1.2,0.89,2.8
2015-05-29,15.6,8.9,21.2,18792,0.0,1.17,2.3
2015-05-30,12.7,6.0,16.7,16608,1.4,0.95,3.3
2015-05-31,14.7,4.2,22.5,25660,0.0,0.91,2.8
2015-06-01,15.2,12.2,20.6,11358,4.7,1.4,2.5
2015-06-02,18.7,10.2,25.7,24127,0.0,1.32,3.8
2015-06-03,21.0,10.2,27.4,25398,0.0,1.35,3.5
2015-06-04,16.5,6.9,23.3,28030,0.0,1.06,1.7
2015-06-05,21.2,10.6,29.4,29671,0.0,1.4,2.2
2015-06-06,25.5,13.5,34.2,29081,0.2,1.73,2.5
2015-06-07,15.2,9.5,19.3,11255,2.9,1.18,2.3
2015-06-08,14.2,7.9,21.6,19335,13.6,1.11,2.7
2015-06-09,11.4,8.9,13.6,11167,0.0,1.11,2.6
2015-06-10,15.8,10.9,21.9,27316,0.0,1.32,2.2
2015-06-11,17.1,7.1,24.4,28203,3.4,1.1,1.9
2015-06-12,18.9,11.3,26.3,23501,0.0,1.4,1.6
2015-06-13,21.5,14.3,31.3,21031,2.2,1.74,2.1
2015-06-14,20.5,13.5,26.9,27501,0.2,1.6,2.2
2015-06-15,15.6,7.5,21.2,20679,0.0,1.08,2.5
2015-06-16,12.2,4.4,17.9,18079,0.0,0.87,2.2
2015-06-17,14.6,4.1,21.9,26531,2.6,0.9,2.1
2015-06-18,15.1,12.2,19.9,12375,3.1,1.4,2.9
2015-06-19,12.8,10.2,16.0,14737,1.6,1.21,2.9
2015-06-20,12.5,10.6,17.7,15235,8.6,1.26,2.5
2015-06-21,14.2,10.8,19.7,17097,0.0,1.29,2.0
2015-06-22,14.5,11.4,18.3,13245,14.7,1.33,2.4
2015-06-23,11.5,9.1,14.1,11875,4.4,1.12,3.0
2015-06-24,12.0,7.2,16.2,12987,0.1,1.01,2.5
2015-06-25,15.8,6.5,23.0,17821,0.0,1.04,1.6
2015-06-26,17.9,10.0,25.0,18432,0.1,1.3,1.4
2015-06-27,18.4,15.1,23.6,11846,6.1,1.69,2.3
2015-06-28,16.5,11.8,22.7,18283,0.5,1.39,1.8
2015-06-29,19.4,12.0,26.5,20624,0.0,1.46,1.7
2015-06-30,20.6,14.8,26.6,25687,0.0,1.7,1.7
2015-07-01,21.5,13.2,28.1,30002,0.0,1.6,2.1
2015-07-02,23.6,15.1,30.1,29977,0.0,1.8,2.5
2015-07-03,26.1,16.8,33.9,29207,0.0,2.05,1.7
2015-07-04,28.6,17.8,36.7,27446,0.0,2.22,1.8
2015-07-05,29.9,21.6,36.9,24202,4.2,2.69,2.0
2015-07-06,21.4,13.1,26.7,21948,0.0,1.55,2.7
2015-07-07,24.1,11.4,34.0,28461,12.0,1.57,2.0
2015-07-08,20.2,16.4,22.9,17319,0.1,1.82,4.0
2015-07-09,15.5,11.4,19.4,18644,6.6,1.33,4.0
2015-07-10,13.9,7.4,19.4,20089,0.0,1.05,2.7
2015-07-11,16.1,6.2,22.8,21653,0.0,1.02,1.7
2015-07-12,18.1,10.5,27.0,16078,8.2,1.35,2.3
2015-07-13,16.6,14.1,20.8,11985,8.2,1.59,2.4
2015-07-14,17.8,15.2,23.1,13056,10.3,1.71,2.4
2015-07-15,18.6,14.3,23.3,21482,0.0,1.62,1.8
2015-07-16,20.8,13.9,27.2,24744,0.0,1.64,1.6
2015-07-17,24.6,14.1,32.9,21019,0.0,1.75,2.2
2015-07-18,24.1,18.8,28.8,20601,0.6,2.18,2.4
2015-07-19,22.0,16.8,28.0,17008,3.1,1.94,2.3
2015-07-20,20.5,14.4,26.2,26350,2.1,1.66,2.2
2015-07-21,23.0,17.6,30.7,20683,0.0,2.06,2.5
2015-07-22,25.2,17.1,31.5,23788,8.4,2.04,1.9
2015-07-23,20.7,16.9,24.7,17286,0.0,1.89,2.0
2015-07-24,21.7,14.9,27.7,22930,1.1,1.73,1.9
2015-07-25,21.7,16.3,28.5,17171,0.0,1.9,4.4
2015-07-26,16.7,12.4,21.5,18925,0.0,1.44,3.0
2015-07-27,17.0,13.1,23.5,12463,2.3,1.52,3.3
2015-07-28,17.7,14.5,22.1,19155,0.0,1.62,4.0
2015-07-29,16.3,10.7,22.4,17884,3.6,1.3,3.5
2015-07-30,15.3,8.7,20.6,18776,0.0,1.15,3.5
2015-07-31,14.1,7.5,20.8,20621,0.0,1.07,2.2
2015-08-01,18.0,6.5,26.7,22575,0.0,1.1,1.7
2015-08-02,22.4,15.6,30.2,20106,0.0,1.85,1.5
2015-08-03,23.0,11.9,31.7,26453,0.0,1.55,1.8
2015-08-04,26.1,16.3,34.7,24812,1.1,1.99,2.4
2015-08-05,21.5,15.3,27.1,21281,0.0,1.76,1.7
2015-08-06,25.7,15.1,35.2,24973,0.0,1.89,1.7
2015-08-07,28.6,17.2,38.3,25697,0.0,2.17,1.7
2015-08-08,28.1,20.1,35.8,25121,0.0,2.47,2.4
2015-08-09,23.6,18.1,29.9,21849,0.0,2.11,2.2
2015-08-10,26.4,18.7,33.7,21048,0.0,2.25,1.9
2015-08-11,28.3,21.4,36.0,20715,0.0,2.63,2.0
2015-08-12,24.6,18.0,31.0,19568,0.0,2.1,2.0
2015-08-13,24.3,17.9,30.7,22017,0.0,2.1,2.7
2015-08-14,27.3,19.3,34.4,22716,0.0,2.34,2.6
2015-08-15,24.6,17.4,32.0,17883,0.0,2.06,1.9
2015-08-16,21.7,16.7,30.0,13079,6.5,1.97,2.1
2015-08-17,23.1,18.5,28.3,15738,0.8,2.12,2.4
2015-08-18,17.1,15.8,20.3,8921,0.0,1.73,2.0
2015-08-19,18.4,14.7,24.8,15090,0.0,1.68,1.5
2015-08-20,18.3,11.4,25.6,21322,0.0,1.41,1.3
2015-08-21,17.7,8.5,26.3,21537,0.0,1.2,1.4
2015-08-22,17.8,7.9,26.6,20625,0.0,1.18,1.9
2015-08-23,18.9,11.0,25.4,19048,5.0,1.37,2.7
2015-08-24,21.3,15.4,28.4,16147,5.1,1.8,2.8
2015-08-25,17.3,12.0,21.2,9615,0.0,1.39,3.4
2015-08-26,19.9,11.1,27.2,20663,0.0,1.4,2.6
2015-08-27,24.0,13.9,30.9,18773,0.8,1.7,2.4
2015-08-28,17.2,12.4,21.5,8491,0.5,1.44,1.9
2015-08-29,18.1,10.4,26.3,17971,0.0,1.33,1.3
2015-08-30,23.4,13.4,33.3,18059,0.0,1.7,1.5
2015-08-31,26.9,17.2,36.7,19971,1.8,2.16,1.8
2015-09-01,23.3,15.5,32.5,18437,9.8,1.9,2.6
2015-09-02,15.8,10.0,21.3,13829,0.0,1.24,2.2
2015-09-03,14.0,9.2,21.1,9163,4.6,1.19,1.6
2015-09-04,13.6,10.0,19.3,10336,3.2,1.23,2.4
2015-09-05,13.9,10.0,19.4,11703,0.6,1.22,3.7
2015-09-06,11.9,10.2,15.1,7955,13.0,1.21,4.1
2015-09-07,12.3,6.9,17.2,12213,0.0,1.01,2.5
2015-09-08,13.2,6.5,19.5,13231,0.0,1.0,1.8
2015-09-09,12.3,6.5,18.7,14745,1.2,0.98,1.9
2015-09-10,11.8,5.2,19.0,13801,10.6,0.92,2.3
2015-09-11,14.0,10.5,17.6,7522,0.5,1.25,2.1
2015-09-12,16.6,9.4,23.4,17854,0.0,1.24,2.1
2015-09-13,19.6,13.6,26.4,15507,0.0,1.6,2.0
2015-09-14,17.7,14.3,21.6,10521,0.9,1.6,2.6
2015-09-15,17.2,11.8,20.8,9626,0.0,1.38,3.0
2015-09-16,17.7,9.4,25.0,9812,0.0,1.24,2.6
2015-09-17,20.2,13.5,29.7,15895,9.0,1.63,3.4
2015-09-18,15.1,10.9,20.9,13533,0.0,1.3,2.3
2015-09-19,15.4,9.5,22.3,13872,0.0,1.22,1.7
2015-09-20,13.0,9.5,17.0,10326,2.1,1.17,2.3
2015-09-21,12.1,8.1,16.6,9366,0.0,1.07,1.7
2015-09-22,15.4,10.1,20.3,9908,0.0,1.25,2.2
2015-09-23,13.7,8.3,16.4,6101,0.0,1.08,2.0
2015-09-24,12.2,6.0,19.4,14348,0.3,0.97,2.2
2015-09-25,12.9,5.9,19.1,12197,0.0,0.96,1.6
2015-09-26,11.4,4.2,17.9,11160,0.0,0.86,1.7
2015-09-27,9.0,2.1,17.1,13530,0.0,0.76,2.0
2015-09-28,9.5,0.9,18.1,13733,0.0,0.71,1.9
2015-09-29,9.8,2.5,17.1,11912,0.0,0.78,2.5
2015-09-30,9.6,2.0,16.0,11251,0.0,0.74,2.4
2015-10-01,7.3,0.0,16.8,14131,0.0,0.67,2.1
2015-10-02,8.9,-1.1,20.3,14140,0.0,0.66,1.8
2015-10-03,12.7,3.4,21.7,11863,0.0,0.86,1.5
2015-10-04,14.4,7.2,20.9,10631,0.0,1.06,1.6
2015-10-05,12.2,5.0,20.5,12903,0.0,0.94,1.8
2015-10-06,13.7,9.0,18.3,4945,0.0,1.14,2.7
2015-10-07,13.2,10.0,15.3,4867,0.2,1.2,2.5
2015-10-08,8.1,6.9,10.2,4788,1.4,0.96,1.7
2015-10-09,7.5,4.2,12.0,6863,0.6,0.81,1.6
2015-10-10,5.9,1.4,11.6,12523,0.0,0.68,2.5
2015-10-11,4.7,0.0,9.7,12366,0.0,0.62,2.9
2015-10-12,3.5,-1.9,9.3,10664,0.0,0.54,2.3
2015-10-13,3.6,2.8,4.3,4407,0.0,0.72,2.0
2015-10-14,5.4,2.8,7.8,4333,20.4,0.72,2.0
2015-10-15,7.0,6.0,7.8,4260,14.8,0.9,2.3
2015-10-16,8.3,7.5,9.5,4187,4.9,1.0,1.6
2015-10-17,8.2,7.3,9.9,4115,0.0,0.99,1.2
2015-10-18,7.6,3.6,11.8,6869,0.0,0.78,1.2
2015-10-19,6.7,3.3,9.5,3974,0.5,0.76,1.2
2015-10-20,7.6,5.4,9.6,3905,1.9,0.87,1.3
2015-10-21,8.8,7.9,10.3,3836,0.0,1.03,1.7
2015-10-22,9.3,5.3,12.7,4600,1.0,0.87,2.7
2015-10-23,10.5,4.4,14.3,6235,0.0,0.84,2.1
2015-10-24,8.7,1.1,15.3,9592,0.0,0.7,1.8
2015-10-25,9.3,3.9,12.8,3572,0.0,0.8,1.7
2015-10-26,7.1,3.8,12.6,6682,0.0,0.8,1.8
2015-10-27,7.1,3.5,12.5,6256,0.0,0.78,2.0
2015-10-28,7.3,2.7,12.9,7324,0.0,0.75,2.1
2015-10-29,6.5,1.3,12.4,5941,0.0,0.69,1.3
2015-10-30,8.1,6.5,9.8,3263,0.0,0.94,1.7
2015-10-31,8.5,3.4,12.9,6697,0.0,0.78,2.3
2015-11-01,7.6,0.0,17.0,8324,0.0,0.66,1.5
2015-11-02,4.6,-1.6,15.5,8146,0.0,0.6,1.3
2015-11-03,3.0,-2.8,13.8,7971,0.0,0.54,1.3
2015-11-04,4.1,-3.4,12.0,6252,0.0,0.51,1.5
2015-11-05,9.2,5.0,15.7,4514,0.0,0.88,1.4
2015-11-06,11.1,4.3,17.1,4211,1.9,0.86,2.1
2015-11-07,14.6,12.5,16.6,2938,3.1,1.4,2.8
2015-11-08,12.7,5.0,17.4,6123,0.5,0.9,2.7
2015-11-09,13.9,8.7,18.0,4071,2.3,1.12,4.2
2015-11-10,15.0,13.4,16.2,2676,0.5,1.49,4.5
2015-11-11,13.7,11.3,14.7,2630,1.0,1.3,3.2
2015-11-12,10.4,4.0,13.7,2693,0.0,0.81,2.6
2015-11-13,11.1,3.7,14.5,3344,2.4,0.81,3.4
2015-11-14,7.8,5.9,10.1,3981,5.2,0.9,4.5
2015-11-15,9.7,5.8,13.4,2455,24.8,0.91,4.5
2015-11-16,10.8,8.5,12.3,2414,2.2,1.07,3.5
2015-11-17,11.9,9.7,14.0,2837,3.2,1.16,4.0
2015-11-18,12.3,9.7,15.0,2692,0.5,1.18,5.9
2015-11-19,11.8,7.7,13.7,2952,2.3,1.02,5.6
2015-11-20,7.1,4.0,10.0,3108,0.7,0.8,3.3
2015-11-21,4.5,0.8,7.1,3606,0.2,0.63,2.6
2015-11-22,0.9,-2.3,3.1,2779,0.0,0.5,3.1
2015-11-23,0.3,-2.2,1.9,2211,0.8,0.5,2.3
2015-11-24,0.5,-2.9,4.1,5474,0.0,0.49,3.3
2015-11-25,2.8,1.7,3.8,2101,0.6,0.66,2.5
2015-11-26,3.7,0.9,5.4,2072,0.5,0.64,1.7
2015-11-27,0.5,-3.4,3.2,2044,0.0,0.47,2.2
2015-11-28,0.5,-3.1,3.4,2939,3.9,0.47,3.8
2015-11-29,5.5,1.4,10.0,1993,9.0,0.68,5.7
2015-11-30,6.7,2.8,9.4,3056,9.6,0.73,5.7
2015-12-01,6.4,3.9,10.2,2170,2.5,0.79,4.1
2015-12-02,8.8,4.7,10.9,1924,0.0,0.83,2.8
2015-12-03,6.7,1.2,10.6,3410,0.0,0.67,2.3
2015-12-04,6.4,1.3,10.1,1927,0.1,0.67,3.5
2015-12-05,6.9,3.6,10.0,3527,0.0,0.78,3.9
2015-12-06,9.4,7.1,11.6,4282,0.0,0.97,4.3
2015-12-07,9.8,7.7,11.1,1832,0.1,1.02,1.8
2015-12-08,8.3,4.3,12.9,4181,0.0,0.82,2.0
2015-12-09,5.8,2.5,8.2,1803,0.7,0.71,2.6
2015-12-10,3.1,0.6,7.4,4558,0.0,0.63,3.0
2015-12-11,3.7,0.0,6.1,1864,1.4,0.6,3.7
2015-12-12,5.1,2.9,7.2,3374,9.6,0.72,3.4
2015-12-13,5.4,-1.0,10.8,1845,0.0,0.59,3.2
2015-12-14,1.4,-3.8,6.0,3305,0.0,0.47,1.6
2015-12-15,5.6,4.6,7.1,1746,0.0,0.82,1.6
2015-12-16,6.2,4.7,8.8,3202,0.5,0.82,2.4
2015-12-17,10.5,7.5,12.5,1736,0.8,1.01,2.7
2015-12-18,10.7,8.0,12.2,1733,6.6,1.03,2.6
2015-12-19,9.1,6.8,12.2,2938,0.0,0.96,2.4
2015-12-20,8.1,4.3,11.7,4309,0.0,0.82,2.6
2015-12-21,8.4,7.0,10.7,1896,1.9,0.97,4.0
2015-12-22,11.7,9.8,13.0,1773,0.0,1.17,4.4
2015-12-23,10.7,5.2,13.0,3109,0.0,0.87,3.9
2015-12-24,6.9,1.3,11.3,3740,0.2,0.67,2.9
2015-12-25,9.2,7.1,11.9,2536,0.0,0.98,3.2
2015-12-26,12.7,9.3,15.3,2670,0.0,1.15,4.0
2015-12-27,10.3,6.8,12.1,2343,0.0,0.96,3.1
2015-12-28,7.5,0.7,11.2,1974,0.0,0.65,2.1
2015-12-29,3.2,0.2,6.6,4438,0.0,0.61,2.7
2015-12-30,-0.2,-3.6,2.3,4459,0.0,0.46,3.1
2015-12-31,-0.5,-4.9,3.1,4397,0.9,0.42,2.9
2016-01-01,2.3,0.8,3.4,1808,0.0,0.62,1.6
2016-01-02,-3.8,-7.9,2.3,1822,0.0,0.34,3.6
2016-01-03,-10.2,-11.8,-7.7,3353,0.0,0.24,3.8
2016-01-04,-8.9,-11.9,-6.0,1853,0.3,0.24,3.3
2016-01-05,-7.8,-8.3,-7.0,1871,3.5,0.31,2.8
2016-01-06,-7.0,-8.0,-6.1,1890,0.9,0.32,2.3
2016-01-07,-4.5,-6.9,-1.4,1910,4.7,0.35,3.1
2016-01-08,3.3,-1.7,6.0,4036,0.0,0.53,3.6
2016-01-09,0.0,-4.0,4.9,3668,0.0,0.46,1.9
2016-01-10,0.6,-5.1,4.9,2477,7.5,0.42,2.8
2016-01-11,3.3,1.3,5.2,2001,9.3,0.65,2.4
2016-01-12,3.3,2.1,4.6,2027,7.2,0.69,3.4
2016-01-13,2.6,0.2,4.3,2054,3.0,0.6,3.9
2016-01-14,1.5,-1.4,5.1,3872,1.8,0.54,2.6
2016-01-15,0.3,-0.8,1.4,2112,0.5,0.55,3.0
2016-01-16,-0.5,-1.9,0.5,2190,1.1,0.51,2.2
2016-01-17,-2.1,-4.0,-1.0,2174,1.0,0.44,2.2
2016-01-18,-4.2,-11.3,-0.6,3970,0.0,0.27,1.6
2016-01-19,-7.6,-13.4,-2.7,5852,0.3,0.22,2.0
2016-01-20,-2.8,-5.3,-0.8,2277,0.0,0.4,1.9
2016-01-21,-3.3,-9.4,-2.0,2313,0.0,0.3,1.5
2016-01-22,-7.1,-13.4,-0.8,6181,0.0,0.23,2.0
2016-01-23,-1.0,-10.1,3.5,2390,4.7,0.3,2.6
2016-01-24,3.5,2.1,6.3,3579,2.5,0.69,2.2
2016-01-25,6.5,3.0,8.9,2472,0.5,0.74,2.4
2016-01-26,8.8,5.1,11.4,2621,0.6,0.86,3.3
2016-01-27,10.8,8.0,12.5,2558,0.0,1.03,4.5
2016-01-28,8.3,0.6,12.7,4733,0.2,0.65,3.7
2016-01-29,5.3,0.0,9.3,4472,0.0,0.61,4.3
2016-01-30,7.8,3.3,10.0,2752,7.5,0.76,5.1
2016-01-31,4.0,2.1,5.9,4498,1.8,0.69,4.1
2016-02-01,7.5,3.5,12.2,2795,2.2,0.78,4.9
2016-02-02,9.6,5.1,12.2,3193,8.3,0.86,5.7
2016-02-03,5.0,3.1,7.1,4187,0.5,0.74,4.4
2016-02-04,3.1,1.2,4.8,2951,4.7,0.64,3.8
2016-02-05,3.6,0.1,6.3,3725,2.0,0.6,2.6
2016-02-06,8.1,5.1,11.8,6279,0.0,0.86,2.9
2016-02-07,7.5,5.0,11.9,6558,0.0,0.86,3.5
2016-02-08,8.1,5.5,11.3,4356,1.9,0.89,5.5
2016-02-09,8.4,6.1,10.9,4680,3.7,0.91,5.1
2016-02-10,5.3,3.6,10.0,4248,0.5,0.78,4.2
2016-02-11,4.0,1.1,7.5,5222,1.4,0.65,3.3
2016-02-12,2.0,-3.2,7.5,6676,0.0,0.49,1.8
2016-02-13,0.4,-4.8,6.4,7569,0.6,0.44,2.3
2016-02-14,3.6,1.3,7.6,3608,0.3,0.66,3.1
2016-02-15,4.0,2.5,6.2,3674,0.2,0.71,2.7
2016-02-16,0.7,-3.7,2.8,3672,0.0,0.45,2.1
2016-02-17,-1.0,-4.2,1.3,4361,6.3,0.44,2.4
2016-02-18,2.3,-2.5,7.2,6884,0.0,0.51,1.7
2016-02-19,0.8,-2.8,5.1,4300,0.0,0.5,1.9
2016-02-20,3.4,-0.1,6.5,4160,11.2,0.59,4.4
2016-02-21,8.4,5.2,12.6,4015,8.3,0.87,5.2
2016-02-22,7.8,2.2,13.0,4087,10.0,0.73,4.8
2016-02-23,3.3,1.6,6.6,4233,0.0,0.66,3.1
2016-02-24,2.6,-1.8,7.1,7898,0.0,0.53,2.7
2016-02-25,0.2,-3.8,4.9,8088,0.5,0.46,2.1
2016-02-26,0.5,-4.8,5.4,5145,0.7,0.43,1.9
2016-02-27,0.4,-5.9,6.4,9557,0.0,0.41,2.0
2016-02-28,2.1,-4.2,6.7,9375,0.0,0.46,2.4
2016-02-29,0.7,-0.2,1.9,4609,9.6,0.58,3.2
2016-03-01,-0.5,-1.8,0.5,4686,0.0,0.51,2.7
2016-03-02,3.5,-1.4,8.1,4845,0.0,0.55,3.5
2016-03-03,3.1,-1.9,7.2,5576,0.0,0.53,2.1
2016-03-04,2.8,-4.2,10.0,12242,0.0,0.48,2.7
2016-03-05,4.8,0.9,9.8,9322,2.0,0.65,1.8
2016-03-06,3.6,0.5,6.1,5166,2.1,0.61,2.5
2016-03-07,2.6,-3.5,7.4,7450,0.0,0.48,1.7
2016-03-08,1.1,-4.6,6.7,5330,0.0,0.45,1.6
2016-03-09,2.7,-3.8,8.6,10679,0.0,0.48,2.5
2016-03-10,5.5,2.5,8.6,5409,0.0,0.71,2.0
2016-03-11,4.5,3.4,6.8,5492,0.0,0.75,2.3
2016-03-12,3.3,1.4,5.3,5575,0.0,0.65,2.4
2016-03-13,2.0,1.3,3.4,5659,0.0,0.65,2.9
2016-03-14,3.0,-3.4,8.4,13420,3.6,0.49,2.4
2016-03-15,3.6,2.3,4.8,5827,0.0,0.7,2.5
2016-03-16,4.0,-2.2,9.5,15650,0.0,0.53,3.5
2016-03-17,3.2,-4.1,12.3,16280,0.0,0.49,1.8
2016-03-18,2.5,-2.2,5.0,8042,1.3,0.51,2.1
2016-03-19,5.1,2.2,9.6,9085,0.0,0.71,2.1
2016-03-20,5.1,3.9,6.4,6250,1.2,0.78,2.9
2016-03-21,5.5,3.2,9.3,6814,2.7,0.75,3.0
2016-03-22,5.7,1.7,8.8,7578,2.8,0.67,2.5
2016-03-23,4.2,0.9,7.2,6700,0.0,0.63,2.3
2016-03-24,4.3,0.1,8.6,8647,0.2,0.62,1.9
2016-03-25,6.0,1.6,9.3,6677,1.9,0.68,2.6
2016-03-26,8.1,2.5,13.7,14011,0.0,0.75,2.5
2016-03-27,10.1,3.2,17.4,16747,0.0,0.81,3.2
2016-03-28,11.2,4.0,17.3,14484,1.3,0.85,3.7
2016-03-29,7.4,1.3,12.3,9247,2.3,0.68,3.8
2016-03-30,7.1,1.3,12.7,7714,3.7,0.68,2.8
2016-03-31,7.1,4.6,9.8,7186,12.1,0.82,2.1
2016-04-01,6.3,-0.4,13.1,14092,0.0,0.62,2.2
2016-04-02,8.5,-0.9,17.0,19731,0.0,0.64,2.3
2016-04-03,11.9,4.3,20.2,15705,0.0,0.9,1.8
2016-04-04,14.0,6.9,22.1,13101,0.0,1.06,1.9
2016-04-05,15.4,5.2,24.7,16922,0.6,1.0,2.0
2016-04-06,12.4,9.3,16.6,14502,0.0,1.15,3.5
2016-04-07,9.7,3.5,13.4,10982,0.0,0.79,3.3
2016-04-08,9.1,2.8,15.0,17110,0.0,0.77,1.8
2016-04-09,7.1,0.1,12.1,7934,2.5,0.63,1.6
2016-04-10,7.2,6.1,8.7,8015,1.7,0.91,2.2
2016-04-11,8.9,5.8,12.4,8314,0.0,0.9,2.6
2016-04-12,10.3,5.8,15.0,8725,0.0,0.92,1.9
2016-04-13,12.0,4.3,18.9,15320,11.8,0.87,1.7
2016-04-14,8.5,2.2,11.0,8777,3.2,0.71,1.9
2016-04-15,8.0,0.7,13.4,11086,3.7,0.66,2.5
2016-04-16,11.1,6.8,14.6,11175,9.7,0.98,3.1
2016-04-17,8.7,4.6,12.1,9690,1.1,0.84,2.6
2016-04-18,7.5,0.6,13.4,18462,0.0,0.66,2.5
2016-04-19,9.6,5.8,13.8,12118,0.0,0.91,3.4
2016-04-20,7.3,0.7,13.2,12434,0.0,0.66,2.6
2016-04-21,8.0,-1.3,16.7,23487,0.0,0.61,1.9
2016-04-22,7.7,1.4,14.5,20863,0.0,0.7,2.3
2016-04-23,6.4,1.0,12.2,12235,0.0,0.66,2.6
2016-04-24,4.2,0.4,8.6,17283,1.8,0.62,2.7
2016-04-25,4.6,-0.3,9.6,17265,1.4,0.6,3.2
2016-04-26,4.7,2.7,8.0,13178,3.4,0.73,3.4
2016-04-27,5.7,2.7,9.9,13143,0.3,0.73,3.8
2016-04-28,6.0,0.1,11.4,17083,0.3,0.63,2.6
2016-04-29,8.8,-1.7,16.1,24447,0.0,0.6,2.6
2016-04-30,12.2,2.2,19.6,23616,0.0,0.78,2.1
2016-05-01,11.3,4.6,17.3,17113,0.0,0.88,2.8
2016-05-02,11.4,3.6,18.2,18854,0.0,0.84,1.7
2016-05-03,12.3,2.5,19.6,18823,5.7,0.8,2.6
2016-05-04,8.7,7.3,10.2,9751,5.9,0.99,2.1
2016-05-05,11.2,3.7,19.4,18395,0.0,0.85,2.3
2016-05-06,15.6,4.5,24.0,25883,0.0,0.94,2.6
2016-05-07,17.3,8.2,24.3,25859,0.0,1.16,2.8
2016-05-08,17.0,9.5,23.5,25351,0.0,1.25,3.5
2016-05-09,17.6,10.2,24.0,26763,0.0,1.29,3.1
2016-05-10,17.7,10.2,24.1,26852,0.0,1.3,2.6
2016-05-11,18.2,8.9,25.3,25127,0.0,1.22,3.0
2016-05-12,18.9,12.8,24.6,24724,0.0,1.51,3.2
2016-05-13,16.4,7.3,23.0,23833,8.6,1.09,2.6
2016-05-14,10.5,4.6,15.8,21965,0.0,0.86,3.5
2016-05-15,8.1,4.7,12.6,15956,3.1,0.84,3.6
2016-05-16,9.3,5.3,14.3,14674,0.0,0.88,3.1
2016-05-17,9.2,5.8,12.7,10582,0.0,0.91,2.6
2016-05-18,13.4,8.2,20.1,13681,0.0,1.1,1.9
2016-05-19,15.2,7.1,21.4,16052,0.0,1.05,1.7
2016-05-20,15.6,5.8,22.9,20632,0.0,1.0,2.4
2016-05-21,17.7,12.0,24.7,18480,0.0,1.44,2.0
2016-05-22,21.9,12.2,29.5,27363,0.0,1.52,2.5
2016-05-23,20.9,13.8,26.5,23491,1.4,1.61,2.7
2016-05-24,16.3,12.9,20.9,12847,0.1,1.47,2.8
2016-05-25,13.5,11.9,15.3,10794,2.3,1.35,1.6
2016-05-26,14.9,8.7,20.0,14894,0.0,1.14,1.4
2016-05-27,15.7,7.2,23.3,19616,2.7,1.09,1.5
2016-05-28,18.3,10.7,25.7,21013,0.0,1.35,1.8
2016-05-29,21.5,14.1,27.9,26608,0.0,1.66,2.4
2016-05-30,20.1,13.9,26.6,16642,25.4,1.62,2.9
2016-05-31,19.1,12.6,25.1,16798,2.9,1.49,2.0
2016-06-01,17.6,13.4,24.1,13365,10.4,1.54,2.2
2016-06-02,19.5,16.2,24.4,18714,0.1,1.81,1.8
2016-06-03,19.9,13.2,23.6,22334,0.0,1.53,1.8
2016-06-04,20.1,12.2,25.8,27194,0.0,1.47,1.6
2016-06-05,21.3,11.5,27.9,25115,0.0,1.46,1.6
2016-06-06,19.5,10.9,24.8,29109,0.0,1.35,1.9
2016-06-07,18.7,8.9,25.5,28513,0.0,1.23,1.6
2016-06-08,20.4,10.0,28.0,26923,0.0,1.33,2.3
2016-06-09,16.3,11.6,21.2,15650,0.4,1.36,2.1
2016-06-10,16.7,10.9,22.3,26962,0.0,1.32,2.3
2016-06-11,17.2,11.9,20.8,21515,0.0,1.39,1.5
2016-06-12,17.5,10.9,24.3,15816,12.6,1.35,2.1
2016-06-13,16.3,14.8,22.9,12846,3.5,1.66,2.2
2016-06-14,17.1,11.4,24.0,18195,0.0,1.39,2.0
2016-06-15,15.3,10.7,21.3,12241,10.1,1.3,1.8
2016-06-16,17.7,8.7,23.7,21811,3.4,1.18,1.6
2016-06-17,15.1,11.2,20.0,12250,14.1,1.32,2.6
2016-06-18,17.3,10.1,23.2,25295,0.0,1.26,2.4
2016-06-19,17.6,10.0,23.5,26165,0.0,1.28,2.0
2016-06-20,16.6,12.8,21.2,17097,0.2,1.46,2.3
2016-06-21,18.2,12.8,24.5,15356,0.0,1.5,2.2
2016-06-22,20.6,12.6,27.9,19076,0.0,1.54,1.6
2016-06-23,25.1,13.8,31.9,30615,0.0,1.7,2.2
2016-06-24,27.6,15.6,34.6,30108,0.0,1.93,1.9
2016-06-25,24.1,19.1,34.0,23271,19.2,2.3,2.3
2016-06-26,18.3,16.4,23.9,23506,0.0,1.84,2.5
2016-06-27,18.1,15.5,23.7,20268,0.0,1.74,2.4
2016-06-28,18.6,13.4,23.9,18021,12.5,1.55,1.7
2016-06-29,19.8,13.6,27.5,21226,2.6,1.62,2.6
2016-06-30,19.6,13.5,25.5,21083,0.1,1.56,2.2
2016-07-01,22.3,14.2,28.5,26262,0.0,1.68,2.5
2016-07-02,19.5,13.4,28.3,16213,1.5,1.62,2.7
2016-07-03,16.1,10.6,22.0,22870,0.1,1.29,2.3
2016-07-04,16.6,8.2,22.7,21977,0.0,1.13,1.6
2016-07-05,17.9,10.1,26.2,16141,9.1,1.32,2.9
2016-07-06,15.6,11.0,20.1,18213,0.9,1.3,3.8
2016-07-07,15.7,10.1,21.9,26080,0.0,1.26,1.9
2016-07-08,19.7,10.2,27.2,16055,0.1,1.33,2.4
2016-07-09,18.4,12.8,23.0,17995,0.0,1.48,2.7
2016-07-10,24.1,14.1,30.8,25469,0.0,1.72,2.2
2016-07-11,25.4,16.9,32.5,20875,0.1,2.01,3.0
2016-07-12,21.4,18.5,25.7,13829,0.0,2.09,2.2
2016-07-13,19.0,17.1,25.6,16739,9.1,1.94,1.9
2016-07-14,14.0,13.3,15.1,10810,33.9,1.48,3.1
2016-07-15,14.8,13.0,18.4,11877,1.2,1.46,3.0
2016-07-16,17.6,8.7,24.3,23956,1.3,1.19,2.1
2016-07-17,19.2,15.1,23.7,13999,0.4,1.7,2.0
2016-07-18,18.2,14.1,21.2,11146,0.0,1.59,2.1
2016-07-19,18.6,13.2,24.1,17812,0.0,1.54,1.6
2016-07-20,21.4,12.3,27.4,21049,0.0,1.5,1.8
2016-07-21,21.5,14.0,26.7,16976,0.0,1.63,1.9
2016-07-22,21.8,14.5,29.4,25910,0.0,1.73,1.7
2016-07-23,20.9,13.6,27.7,24870,1.5,1.61,1.5
2016-07-24,20.8,17.9,26.1,17777,0.0,2.04,1.4
2016-07-25,22.9,17.0,30.3,25211,0.0,2.0,1.5
2016-07-26,21.8,16.2,27.3,16929,0.5,1.86,1.6
2016-07-27,20.8,16.5,28.7,12167,9.6,1.92,1.8
2016-07-28,20.5,15.8,26.3,17282,0.8,1.8,1.7
2016-07-29,21.0,16.5,26.7,18656,6.6,1.88,2.3
2016-07-30,20.8,16.0,25.4,19063,0.0,1.82,2.1
2016-07-31,19.6,15.0,26.1,13609,3.3,1.73,1.7
2016-08-01,17.2,10.9,22.6,17124,0.0,1.34,2.2
2016-08-02,15.5,10.7,20.1,10860,3.7,1.29,1.9
2016-08-03,18.4,12.5,22.5,10324,1.2,1.46,2.6
2016-08-04,21.3,17.4,27.8,14409,13.2,2.0,2.5
2016-08-05,16.5,14.6,18.3,9728,9.2,1.6,2.2
2016-08-06,17.0,12.0,22.2,17799,1.6,1.41,2.3
2016-08-07,18.4,11.4,25.0,24063,0.0,1.4,2.2
2016-08-08,22.4,16.7,28.6,19270,0.0,1.92,3.1
2016-08-09,16.7,11.1,21.1,13916,0.2,1.32,2.3
2016-08-10,12.3,7.7,16.9,10573,3.3,1.04,2.3
2016-08-11,13.1,6.3,19.2,19336,0.0,0.99,2.4
2016-08-12,16.2,12.8,18.9,9968,0.5,1.45,2.5
2016-08-13,21.1,16.9,27.2,17519,0.0,1.94,2.6
2016-08-14,17.7,11.7,22.2,13969,0.0,1.38,1.9
2016-08-15,16.1,9.4,21.5,14915,0.0,1.2,1.8
2016-08-16,14.4,7.6,21.7,14480,6.8,1.09,1.7
2016-08-17,13.8,9.1,21.1,15072,0.0,1.17,1.5
2016-08-18,15.8,8.1,23.3,17473,0.0,1.14,1.6
2016-08-19,18.8,8.4,28.8,22566,0.0,1.24,1.4
2016-08-20,21.1,15.4,27.7,12980,2.1,1.78,2.0
2016-08-21,18.6,13.4,24.5,14682,0.2,1.55,2.6
2016-08-22,17.9,10.9,24.4,15921,0.0,1.35,2.3
2016-08-23,20.1,13.9,25.3,15035,0.0,1.61,1.6
2016-08-24,20.4,12.1,27.4,21239,0.0,1.49,1.9
2016-08-25,21.8,13.5,29.5,22206,0.0,1.64,2.2
2016-08-26,22.9,14.5,32.0,22064,0.0,1.76,1.9
2016-08-27,23.1,13.1,33.6,21811,0.0,1.68,1.7
2016-08-28,24.7,13.9,34.3,21340,2.0,1.78,2.4
2016-08-29,20.7,14.3,26.3,16437,0.0,1.67,2.7
2016-08-30,15.9,9.7,22.6,19003,0.0,1.24,1.9
2016-08-31,17.7,7.7,25.9,21112,0.0,1.14,1.6
2016-09-01,18.1,8.9,27.0,17873,0.0,1.25,1.8
2016-09-02,18.0,11.5,25.9,19113,0.0,1.41,1.6
2016-09-03,20.4,13.3,27.7,18230,0.0,1.6,1.9
2016-09-04,19.0,15.4,25.6,10866,4.7,1.76,2.7
2016-09-05,16.2,12.1,20.6,10036,1.9,1.4,2.6
2016-09-06,14.6,9.4,22.3,13350,0.0,1.22,1.5
2016-09-07,18.2,9.2,26.7,19604,0.0,1.26,1.8
2016-09-08,21.0,13.1,30.0,19342,0.0,1.61,1.9
2016-09-09,20.4,14.1,28.1,18978,0.0,1.68,1.6
2016-09-10,20.4,12.3,28.2,17809,0.0,1.52,1.3
2016-09-11,22.6,16.0,31.1,14448,0.0,1.9,1.4
2016-09-12,22.5,13.3,32.7,18194,0.0,1.68,1.5
2016-09-13,22.3,13.9,31.0,18130,0.0,1.7,1.8
2016-09-14,21.4,14.7,28.3,17868,0.0,1.74,2.2
2016-09-15,19.2,13.3,26.2,17704,0.0,1.58,2.5
2016-09-16,20.1,12.7,28.3,15798,0.0,1.54,1.8
2016-09-17,19.6,16.5,23.4,6621,0.0,1.83,2.6
2016-09-18,14.2,12.3,18.2,7869,2.4,1.39,2.7
2016-09-19,14.5,10.0,19.8,13351,0.0,1.22,1.9
2016-09-20,13.3,8.8,18.1,8334,0.0,1.12,1.3
2016-09-21,14.0,5.1,19.6,8047,0.0,0.92,1.4
2016-09-22,10.8,2.3,20.4,15794,0.0,0.8,1.2
2016-09-23,12.7,4.1,22.0,10777,0.0,0.9,1.5
2016-09-24,13.3,7.8,21.3,13468,0.0,1.1,1.5
2016-09-25,13.9,6.7,23.0,14941,0.0,1.04,1.8
2016-09-26,13.8,6.0,22.9,14512,0.0,1.01,1.4
2016-09-27,12.1,5.0,21.8,14972,0.0,0.94,1.3
2016-09-28,16.4,6.9,22.4,5948,0.0,1.06,3.2
2016-09-29,20.2,14.8,25.8,8992,0.0,1.7,3.6
2016-09-30,15.0,9.5,19.4,5346,1.6,1.19,2.4
2016-10-01,14.2,8.5,20.7,7228,6.7,1.14,1.8
2016-10-02,15.1,10.7,20.5,10341,1.5,1.29,2.3
2016-10-03,11.9,6.3,17.6,9542,6.2,0.96,2.4
2016-10-04,12.2,6.3,15.8,9088,0.0,0.95,3.0
2016-10-05,8.2,4.8,11.8,6095,25.4,0.84,3.2
2016-10-06,9.2,8.3,10.4,4867,5.6,1.05,3.1
2016-10-07,9.3,5.3,12.9,6238,2.1,0.88,2.2
2016-10-08,8.4,6.7,11.3,4791,1.2,0.95,2.0
2016-10-09,8.7,7.2,11.0,4713,0.5,0.98,1.6
2016-10-10,7.2,2.3,11.4,4714,0.0,0.72,1.2
2016-10-11,6.6,3.6,8.8,4482,6.6,0.77,2.0
2016-10-12,7.2,6.2,7.9,4407,5.3,0.92,2.4
2016-10-13,6.9,5.1,8.0,4333,0.5,0.85,3.2
2016-10-14,8.0,3.5,13.5,8825,0.0,0.79,3.4
2016-10-15,9.0,6.4,10.9,4187,1.5,0.93,2.3
2016-10-16,9.2,8.2,10.9,4115,0.0,1.05,1.7
2016-10-17,7.8,6.8,9.3,4044,0.0,0.95,1.9
2016-10-18,9.1,6.7,11.4,3974,1.4,0.96,1.9
2016-10-19,10.1,8.1,12.4,5250,4.4,1.05,2.5
2016-10-20,7.8,4.1,12.3,4957,2.3,0.81,2.1
2016-10-21,7.2,3.8,9.8,3769,2.5,0.79,1.9
2016-10-22,6.9,3.2,10.3,5003,0.6,0.76,1.5
2016-10-23,7.6,2.8,11.9,6750,0.0,0.75,1.5
2016-10-24,9.3,6.1,12.7,3973,15.6,0.93,1.7
2016-10-25,9.8,6.4,11.5,3508,1.8,0.94,1.5
2016-10-26,7.0,6.2,8.1,3445,0.0,0.91,1.2
2016-10-27,8.2,3.0,10.5,4869,0.0,0.75,2.0
2016-10-28,10.8,8.5,12.2,3322,1.6,1.08,2.7
2016-10-29,9.5,6.4,11.9,3767,0.0,0.93,2.5
2016-10-30,7.0,0.8,11.5,5699,0.0,0.65,1.7
2016-10-31,6.1,-1.0,10.5,3146,0.5,0.58,1.5
2016-11-01,10.6,6.9,13.7,4247,3.4,0.97,2.1
2016-11-02,6.8,2.9,9.2,3937,1.7,0.74,3.3
2016-11-03,2.8,-1.1,6.9,4824,0.0,0.56,1.8
2016-11-04,5.6,2.1,8.3,2926,0.0,0.7,2.2
2016-11-05,6.8,5.3,9.5,2874,6.8,0.86,2.1
2016-11-06,5.3,1.8,7.6,2995,2.0,0.68,2.2
2016-11-07,4.1,3.0,5.8,2773,7.8,0.73,2.2
2016-11-08,3.8,0.2,6.6,3790,1.2,0.61,2.1
2016-11-09,0.5,-3.0,5.1,5728,0.0,0.49,2.1
2016-11-10,0.2,-1.8,1.2,2630,1.1,0.52,2.3
2016-11-11,1.4,0.6,2.3,2584,0.0,0.61,2.2
2016-11-12,-1.5,-6.5,2.0,3612,0.0,0.37,1.6
2016-11-13,-3.8,-8.3,3.4,6526,0.0,0.34,2.0
2016-11-14,-2.6,-8.3,5.1,6440,0.0,0.34,2.1
2016-11-15,2.2,-0.2,4.5,2414,5.3,0.58,3.0
2016-11-16,7.2,4.6,9.4,2375,2.3,0.82,2.9
2016-11-17,10.4,8.2,12.2,2590,0.5,1.05,3.6
2016-11-18,11.2,8.5,15.9,3354,3.6,1.09,4.1
2016-11-19,7.2,3.5,9.2,2263,3.1,0.77,2.8
2016-11-20,7.1,2.7,10.6,4540,0.0,0.74,3.8
2016-11-21,10.4,5.5,14.7,4581,0.0,0.9,2.5
2016-11-22,7.7,3.8,13.4,2645,0.0,0.81,1.9
2016-11-23,5.5,0.8,12.7,4471,0.0,0.67,1.3
2016-11-24,4.4,1.3,6.4,2101,0.0,0.65,2.4
2016-11-25,0.7,-0.9,2.0,2072,0.0,0.55,2.3
2016-11-26,-0.4,-1.4,0.8,2044,0.5,0.53,1.8
2016-11-27,3.4,-0.5,6.8,3031,0.0,0.58,2.5
2016-11-28,-0.7,-5.5,3.7,4185,0.0,0.41,2.4
2016-11-29,-3.0,-7.3,1.8,5005,0.0,0.35,2.1
2016-11-30,0.0,-4.0,3.1,1945,6.1,0.44,3.0
2016-12-01,5.0,3.0,7.2,1924,4.5,0.74,4.2
2016-12-02,3.6,-1.9,7.5,3941,0.0,0.53,2.9
2016-12-03,-2.1,-5.5,2.9,4524,0.0,0.41,1.4
2016-12-04,-2.6,-5.2,-0.3,1865,0.0,0.4,1.5
2016-12-05,-3.3,-7.7,1.9,4630,0.0,0.34,1.5
2016-12-06,-0.5,-4.8,0.8,1832,0.2,0.41,1.5
2016-12-07,1.7,-2.3,5.1,2806,0.0,0.51,2.3
2016-12-08,7.2,5.0,9.9,3728,0.0,0.85,3.0
2016-12-09,6.8,4.6,8.3,1791,0.5,0.82,2.8
2016-12-10,9.1,7.3,12.0,3136,7.7,0.99,2.8
2016-12-11,6.9,6.2,8.4,1769,15.0,0.91,3.7
2016-12-12,2.7,-3.4,6.6,2560,2.2,0.48,2.3
2016-12-13,0.0,-5.2,2.9,1753,0.8,0.41,1.6
2016-12-14,3.4,-1.3,5.1,1746,0.1,0.54,1.4
2016-12-15,2.4,1.4,3.4,1740,0.0,0.65,2.4
2016-12-16,1.4,-3.8,4.2,4238,0.0,0.46,2.2
2016-12-17,-1.1,-4.8,1.5,2482,0.0,0.42,1.6
2016-12-18,3.0,0.9,3.7,1730,4.6,0.63,1.7
2016-12-19,2.3,-2.7,6.3,2478,0.0,0.5,1.8
2016-12-20,-1.3,-3.3,-0.1,1730,0.0,0.46,2.4
2016-12-21,-0.7,-4.6,3.0,4271,0.0,0.43,2.4
2016-12-22,0.6,-2.1,4.3,4234,0.6,0.51,2.3
2016-12-23,1.8,-0.3,3.8,1737,0.0,0.58,2.7
2016-12-24,4.2,0.2,6.4,1867,3.5,0.61,4.3
2016-12-25,7.2,4.3,9.3,1748,3.7,0.81,4.7
2016-12-26,8.5,4.6,11.5,2007,0.8,0.83,4.8
2016-12-27,5.3,2.7,7.1,2185,1.0,0.72,4.7
2016-12-28,3.9,-0.9,6.7,2703,0.0,0.57,2.5
2016-12-29,2.6,-0.3,5.2,1783,0.0,0.58,1.7
2016-12-30,-0.3,-3.6,4.5,4440,0.0,0.47,1.8
2016-12-31,-0.6,-5.5,5.1,4465,0.0,0.41,2.2
2017-01-01,0.0,-2.4,3.2,4508,0.5,0.5,2.5
2017-01-02,-0.3,-1.8,0.9,1822,2.6,0.52,2.6
2017-01-03,1.2,-0.6,2.3,1837,5.6,0.56,4.2
2017-01-04,1.4,-1.0,4.0,1853,4.4,0.55,5.5
2017-01-05,-3.4,-8.2,-0.7,3099,0.2,0.32,3.1
2017-01-06,-7.1,-11.3,-3.4,3479,0.0,0.26,1.6
2017-01-07,-6.2,-8.8,-4.4,1910,1.7,0.3,2.5
2017-01-08,-3.4,-4.6,-2.7,1931,0.2,0.42,1.5
2017-01-09,-2.1,-3.5,-0.6,1953,0.0,0.45,1.8
2017-01-10,-2.4,-7.9,0.9,4388,0.0,0.34,2.6
2017-01-11,-4.9,-8.7,3.1,3469,1.8,0.33,4.2
2017-01-12,3.0,1.5,4.5,2119,0.5,0.65,4.2
2017-01-13,2.1,0.1,5.6,2054,1.3,0.6,4.7
2017-01-14,-0.1,-1.6,1.2,2082,1.7,0.52,3.8
2017-01-15,-0.1,-1.0,0.6,2112,4.5,0.54,2.8
2017-01-16,-1.7,-4.9,0.6,3534,0.4,0.41,1.7
2017-01-17,-2.7,-5.6,-0.2,2271,0.0,0.39,1.9
2017-01-18,-3.4,-6.3,-2.0,2207,0.0,0.37,2.3
2017-01-19,-6.0,-7.9,-4.3,3280,0.0,0.32,1.9
2017-01-20,-2.1,-5.1,0.7,2277,0.0,0.41,1.5
2017-01-21,-0.3,-2.0,1.8,2313,0.0,0.51,1.3
2017-01-22,-3.3,-8.5,-0.9,4904,0.0,0.32,1.3
2017-01-23,-6.9,-10.5,-3.2,5074,0.1,0.27,1.4
2017-01-24,-3.1,-4.6,-1.8,2430,0.0,0.42,1.5
2017-01-25,-0.8,-2.1,-0.1,2472,0.0,0.5,1.9
2017-01-26,-0.6,-4.8,2.1,3956,0.0,0.42,2.5
2017-01-27,-2.6,-7.9,3.8,6607,0.0,0.35,2.1
2017-01-28,-4.3,-8.5,0.4,6699,0.0,0.32,1.9
2017-01-29,-0.9,-5.7,5.8,6793,0.0,0.41,2.1
2017-01-30,-0.6,-4.2,3.1,2752,5.1,0.44,2.7
2017-01-31,-0.8,-1.5,0.0,2745,0.4,0.53,2.0
2017-02-01,-1.5,-6.8,1.3,3939,0.0,0.36,2.1
2017-02-02,-2.4,-7.5,1.5,4814,2.1,0.35,2.3
2017-02-03,1.0,-1.5,3.9,3015,2.1,0.54,2.0
2017-02-04,3.3,-0.3,9.8,6330,0.0,0.61,2.3
2017-02-05,2.5,0.6,4.8,3005,0.7,0.61,2.0
2017-02-06,-1.0,-1.9,0.8,3060,0.2,0.51,2.0
2017-02-07,-1.3,-2.7,-0.5,3117,0.0,0.48,2.4
2017-02-08,-4.0,-4.9,-2.5,3174,0.0,0.41,2.7
2017-02-09,-4.7,-7.2,-2.7,5373,0.0,0.34,2.8
2017-02-10,-2.4,-5.9,1.0,6795,0.0,0.39,2.8
2017-02-11,-2.1,-3.5,-0.9,3418,0.0,0.45,2.8
2017-02-12,-2.3,-5.1,-0.7,3415,0.0,0.4,3.2
2017-02-13,-3.6,-7.9,2.6,8757,0.0,0.34,3.0
2017-02-14,-2.9,-7.0,3.8,7348,0.0,0.37,2.0
2017-02-15,1.9,-4.7,14.7,9281,0.0,0.49,1.3
2017-02-16,4.8,-3.0,12.6,9345,4.0,0.53,1.9
2017-02-17,5.0,3.3,7.5,3946,1.2,0.75,2.4
2017-02-18,3.6,2.3,4.5,3807,0.5,0.7,1.8
2017-02-19,4.2,1.0,7.4,6635,0.0,0.64,2.5
2017-02-20,6.9,4.5,9.3,4231,4.5,0.82,4.1
2017-02-21,7.7,2.5,10.2,5608,7.1,0.72,4.2
2017-02-22,7.5,2.0,12.5,4087,22.7,0.71,5.5
2017-02-23,7.3,3.9,10.4,4159,6.6,0.79,5.2
2017-02-24,3.4,-0.8,8.8,4456,2.6,0.58,4.5
2017-02-25,3.5,-0.8,7.0,8466,0.0,0.57,2.8
2017-02-26,8.6,5.8,11.6,4686,0.0,0.9,3.5
2017-02-27,10.3,7.9,14.3,7779,0.0,1.04,3.4
2017-02-28,8.2,5.3,10.3,5391,0.0,0.87,4.2
2017-03-01,5.6,2.1,9.1,5872,2.5,0.7,4.0
2017-03-02,6.3,4.3,9.5,5563,1.9,0.81,4.7
2017-03-03,6.8,1.5,12.5,11937,0.0,0.69,2.6
2017-03-04,10.7,4.7,17.5,11438,0.0,0.88,2.5
2017-03-05,9.6,4.1,12.7,7225,0.0,0.81,3.3
2017-03-06,4.6,0.4,7.7,5085,4.1,0.62,2.8
2017-03-07,3.2,2.3,4.6,5083,1.3,0.69,2.4
2017-03-08,5.8,1.8,10.0,6688,4.6,0.69,2.9
2017-03-09,6.7,4.5,10.6,7041,4.6,0.83,3.0
2017-03-10,5.6,1.8,8.5,5586,2.2,0.69,3.0
2017-03-11,4.5,-0.6,8.7,7326,0.0,0.58,1.7
2017-03-12,1.6,-2.9,6.5,7515,0.0,0.5,2.6
2017-03-13,3.7,-2.3,9.3,9746,0.0,0.53,1.7
2017-03-14,5.3,-1.7,10.9,7718,0.0,0.56,2.3
2017-03-15,9.6,1.8,13.9,11884,0.0,0.72,2.7
2017-03-16,6.0,1.0,12.6,9471,0.0,0.67,1.9
2017-03-17,7.6,2.8,12.8,7565,5.8,0.76,3.6
2017-03-18,6.1,2.6,11.9,7385,2.0,0.73,5.2
2017-03-19,5.0,-0.3,11.1,7855,13.0,0.61,3.7
2017-03-20,11.6,10.0,13.4,6165,0.0,1.19,3.8
2017-03-21,10.4,6.0,14.3,6725,3.3,0.92,3.2
2017-03-22,7.3,3.9,10.3,9589,0.0,0.79,2.1
2017-03-23,6.9,5.9,7.9,6421,0.0,0.9,2.4
2017-03-24,7.0,0.2,13.4,17290,0.0,0.65,2.4
2017-03-25,5.8,-1.0,13.5,14226,0.0,0.6,2.6
2017-03-26,5.5,-1.4,14.0,18015,0.0,0.59,1.8
2017-03-27,7.6,-1.8,17.7,18281,0.0,0.61,1.7
2017-03-28,11.3,0.2,21.9,18547,0.0,0.73,1.8
2017-03-29,10.3,3.8,16.1,8040,5.2,0.83,2.9
2017-03-30,12.0,8.3,17.6,8943,0.5,1.09,1.9
2017-03-31,15.6,6.3,23.1,18327,0.0,1.02,2.2
2017-04-01,16.9,7.6,25.3,18381,0.0,1.13,1.7
2017-04-02,13.0,6.9,19.4,17917,0.0,1.02,2.1
2017-04-03,9.6,6.8,12.7,10683,0.0,0.96,1.9
2017-04-04,8.0,6.3,9.4,7439,1.2,0.92,1.5
2017-04-05,9.5,5.7,14.7,8364,0.8,0.91,2.7
2017-04-06,8.9,5.0,13.6,14275,0.9,0.86,3.5
2017-04-07,8.0,5.6,10.1,7688,1.4,0.88,3.4
2017-04-08,10.7,5.1,14.1,8520,0.0,0.87,1.8
2017-04-09,11.1,4.1,19.4,18510,0.0,0.88,1.3
2017-04-10,12.7,3.1,23.4,17674,0.0,0.87,3.5
2017-04-11,7.6,5.0,11.4,11061,2.6,0.85,3.1
2017-04-12,9.7,6.7,14.7,8970,4.3,0.97,3.7
2017-04-13,9.1,6.8,12.4,14218,0.5,0.96,3.7
2017-04-14,8.8,4.6,13.6,13885,0.0,0.84,2.6
2017-04-15,9.0,4.8,12.7,9110,2.3,0.85,3.7
2017-04-16,5.5,2.2,9.4,13203,6.2,0.7,3.0
2017-04-17,5.3,0.2,11.2,16435,0.7,0.63,2.6
2017-04-18,3.7,-0.8,9.5,12163,0.3,0.58,3.0
2017-04-19,2.9,-1.5,7.4,14173,0.0,0.54,2.7
2017-04-20,3.3,-3.7,8.9,16878,0.0,0.48,1.9
2017-04-21,9.1,1.6,14.2,9021,1.9,0.7,3.3
2017-04-22,7.5,4.7,11.2,15834,0.5,0.84,3.9
2017-04-23,5.7,1.5,10.1,14214,2.3,0.68,3.3
2017-04-24,7.8,-0.9,14.7,22360,0.0,0.62,2.7
2017-04-25,7.9,3.4,13.7,12087,0.0,0.79,2.7
2017-04-26,6.0,1.1,11.3,11820,0.0,0.67,1.6
2017-04-27,6.6,-0.3,12.1,13294,0.0,0.61,1.7
2017-04-28,6.6,1.7,11.4,9411,0.0,0.69,1.9
2017-04-29,6.0,-1.0,11.3,11936,0.3,0.58,1.9
2017-04-30,6.8,-2.3,13.3,25151,0.0,0.55,3.4
2017-05-01,11.0,3.8,16.8,15026,0.0,0.83,3.5
2017-05-02,9.6,6.3,12.5,12983,1.6,0.94,3.2
2017-05-03,11.3,6.2,16.4,12229,0.5,0.96,2.7
2017-05-04,9.3,8.2,10.7,9689,0.8,1.04,2.9
2017-05-05,10.4,8.4,13.4,9751,0.0,1.07,2.0
2017-05-06,12.9,6.9,16.9,12197,0.0,0.99,2.1
2017-05-07,11.4,5.4,17.9,15966,0.5,0.93,2.2
2017-05-08,6.9,0.9,9.6,10291,2.3,0.65,2.8
2017-05-09,4.1,-2.0,9.6,13590,0.3,0.54,1.9
2017-05-10,8.4,2.1,14.9,16781,0.0,0.73,1.9
2017-05-11,12.7,1.1,21.7,26611,0.0,0.77,2.2
2017-05-12,15.0,7.7,25.0,21264,0.8,1.14,2.2
2017-05-13,14.9,9.7,20.9,11541,2.6,1.21,1.7
2017-05-14,14.7,8.0,22.7,16079,1.3,1.13,1.7
2017-05-15,14.9,8.9,20.9,20266,0.5,1.16,1.7
2017-05-16,15.4,6.7,20.9,14740,0.0,1.02,1.5
2017-05-17,19.6,13.2,25.7,22830,0.0,1.54,2.1
2017-05-18,21.4,13.6,28.1,27894,0.0,1.63,2.2
2017-05-19,22.9,13.4,30.8,28209,0.0,1.64,2.6
2017-05-20,15.1,9.4,19.1,12996,0.0,1.19,2.4
2017-05-21,15.2,6.9,22.2,25405,0.0,1.05,1.7
2017-05-22,15.4,5.3,23.2,28284,0.0,0.97,1.6
2017-05-23,18.4,8.5,25.1,24910,1.5,1.18,2.4
2017-05-24,13.1,11.1,15.6,11332,0.0,1.28,3.0
2017-05-25,13.8,7.2,18.8,20346,0.0,1.04,2.3
2017-05-26,16.0,6.2,23.5,27283,0.0,1.04,2.0
2017-05-27,19.1,8.0,26.9,29304,0.0,1.18,2.1
2017-05-28,22.7,10.3,30.9,27382,0.0,1.4,2.0
2017-05-29,24.2,16.2,31.1,22863,0.0,1.91,1.7
2017-05-30,22.6,16.9,30.2,19324,7.4,1.99,2.4
2017-05-31,18.9,11.9,24.5,23066,0.0,1.43,3.0
2017-06-01,15.4,7.9,23.2,29778,0.0,1.13,1.9
2017-06-02,18.0,5.6,26.4,29817,0.0,1.04,1.4
2017-06-03,19.6,10.7,27.6,18962,0.1,1.37,1.8
2017-06-04,15.7,8.7,19.9,11932,5.5,1.14,2.6
2017-06-05,16.2,8.2,24.2,18770,0.0,1.15,1.7
2017-06-06,18.4,12.9,27.8,15448,4.5,1.57,3.1
2017-06-07,15.4,11.3,20.2,24149,0.0,1.33,4.3
2017-06-08,17.1,11.1,23.0,22312,0.0,1.34,2.5
2017-06-09,21.2,12.0,29.5,27171,6.7,1.52,2.5
2017-06-10,17.8,13.3,23.5,21483,0.0,1.53,1.8
2017-06-11,21.9,11.5,28.8,29072,0.2,1.46,2.0
2017-06-12,21.1,15.0,25.5,22632,0.0,1.71,3.6
2017-06-13,16.7,12.6,20.5,12339,0.0,1.43,2.9
2017-06-14,16.8,9.8,23.7,29488,0.0,1.26,1.8
2017-06-15,20.1,8.2,28.4,26020,2.5,1.21,1.9
2017-06-16,16.7,12.4,21.8,15594,5.2,1.44,3.7
2017-06-17,15.4,11.3,20.3,12246,0.0,1.34,3.0
2017-06-18,18.8,8.4,27.0,29641,0.0,1.21,1.7
2017-06-19,22.7,11.7,31.5,30264,0.0,1.53,1.4
2017-06-20,23.9,14.3,31.9,27655,0.0,1.75,2.2
2017-06-21,18.8,10.7,26.0,29144,0.0,1.35,1.7
2017-06-22,20.6,10.8,30.4,20571,2.3,1.44,2.4
2017-06-23,20.5,17.0,25.4,15476,0.0,1.92,3.6
2017-06-24,22.0,16.9,28.3,19070,0.0,1.93,3.1
2017-06-25,20.7,16.7,27.0,16332,2.0,1.91,3.0
2017-06-26,17.8,12.3,21.3,12972,0.0,1.43,2.6
2017-06-27,18.5,10.3,23.7,21398,0.0,1.3,1.8
2017-06-28,20.0,14.3,27.9,21260,7.1,1.67,2.5
2017-06-29,17.3,15.6,19.4,11203,22.0,1.71,2.7
2017-06-30,18.0,14.1,22.5,14659,5.2,1.58,3.4
2017-07-01,17.0,12.8,22.0,15261,4.3,1.46,3.2
2017-07-02,16.8,13.9,21.2,12767,0.0,1.56,3.1
2017-07-03,17.7,10.1,23.4,26237,0.0,1.28,2.7
2017-07-04,17.8,10.4,23.0,25962,0.0,1.3,2.3
2017-07-05,16.1,10.1,21.1,14930,0.0,1.25,1.6
2017-07-06,19.5,9.8,26.4,24543,0.1,1.3,1.4
2017-07-07,21.3,15.7,28.4,16361,2.4,1.84,2.1
2017-07-08,20.7,15.5,25.4,21021,0.0,1.75,2.3
2017-07-09,21.2,15.1,27.1,19878,1.5,1.75,1.6
2017-07-10,20.9,16.8,26.8,17625,0.8,1.9,2.0
2017-07-11,19.3,15.8,25.1,14020,0.0,1.79,2.5
2017-07-12,18.2,12.4,24.0,15832,19.0,1.46,2.9
2017-07-13,14.9,10.8,19.8,16287,0.0,1.28,2.4
2017-07-14,16.2,11.3,22.1,17353,0.0,1.36,1.7
2017-07-15,15.0,10.6,20.7,15104,5.2,1.28,1.9
2017-07-16,18.3,10.9,23.0,16656,3.8,1.34,2.0
2017-07-17,18.3,11.5,22.2,15878,0.0,1.37,1.8
2017-07-18,19.3,9.7,26.7,28671,0.0,1.29,1.7
2017-07-19,23.6,16.0,30.7,26411,2.9,1.9,2.3
2017-07-20,23.3,18.4,30.0,21837,1.3,2.13,2.3
2017-07-21,22.4,17.5,27.4,23972,0.0,2.01,1.8
2017-07-22,21.6,16.6,30.3,19531,5.9,1.95,2.0
2017-07-23,19.9,15.7,25.6,15464,0.0,1.77,2.5
2017-07-24,19.5,14.8,24.5,18321,38.8,1.69,1.9
2017-07-25,15.9,13.0,19.8,12933,1.5,1.47,3.1
2017-07-26,15.9,13.0,19.1,10462,19.0,1.47,3.0
2017-07-27,18.6,15.0,24.4,13670,0.9,1.69,2.3
2017-07-28,18.8,12.0,23.6,16986,0.0,1.42,2.6
2017-07-29,20.0,11.8,26.8,19688,0.0,1.45,2.5
2017-07-30,24.8,15.2,33.1,25377,0.3,1.87,2.7
2017-07-31,23.8,18.6,30.4,22657,0.1,2.17,1.9
2017-08-01,23.8,17.2,32.0,19467,8.1,2.05,1.8
2017-08-02,22.9,18.5,28.3,20464,0.0,2.12,1.7
2017-08-03,23.4,19.1,28.4,16693,0.1,2.19,2.6
2017-08-04,21.8,16.5,27.4,15193,0.0,1.88,3.1
2017-08-05,21.1,16.0,28.1,19267,3.0,1.85,2.4
2017-08-06,17.2,10.2,22.2,20837,0.0,1.27,2.1
2017-08-07,18.1,8.4,25.3,25461,0.0,1.19,1.8
2017-08-08,20.9,12.9,27.3,23240,1.8,1.56,2.4
2017-08-09,22.2,17.8,27.8,18918,11.6,2.05,2.2
2017-08-10,20.6,15.7,24.9,12046,0.0,1.78,1.9
2017-08-11,18.2,15.9,19.5,9524,10.2,1.75,2.1
2017-08-12,15.9,13.5,19.2,12944,0.0,1.51,2.9
2017-08-13,17.4,11.6,21.5,13676,0.0,1.38,1.9
2017-08-14,18.2,10.6,25.2,20175,0.0,1.35,1.8
2017-08-15,21.7,13.0,29.2,23638,0.0,1.58,2.1
2017-08-16,19.2,14.6,23.1,11818,2.0,1.64,1.5
2017-08-17,21.0,13.1,27.0,18824,1.0,1.57,1.9
2017-08-18,21.9,17.8,29.4,16211,13.0,2.06,2.2
2017-08-19,17.3,11.6,21.8,14863,0.0,1.37,2.7
2017-08-20,15.6,10.4,21.4,16123,6.4,1.28,2.5
2017-08-21,15.5,11.7,19.8,12191,0.1,1.36,2.2
2017-08-22,14.1,8.9,18.9,15242,0.0,1.15,1.7
2017-08-23,13.9,6.3,21.7,21504,0.0,1.01,1.4
2017-08-24,16.7,7.2,26.1,17036,0.0,1.12,2.1
2017-08-25,18.2,12.5,24.2,16147,0.0,1.47,1.6
2017-08-26,19.7,12.6,25.8,15373,0.0,1.51,1.5
2017-08-27,19.0,11.6,24.4,18663,0.0,1.39,1.9
2017-08-28,16.3,9.2,24.1,18863,0.0,1.23,1.3
2017-08-29,19.2,10.1,27.2,21557,0.0,1.33,1.7
2017-08-30,22.4,12.4,30.2,20005,2.4,1.55,2.1
2017-08-31,20.7,15.2,27.6,13518,9.4,1.76,2.6
2017-09-01,13.8,11.6,15.4,7844,9.1,1.32,1.5
2017-09-02,14.2,10.0,19.0,11169,0.0,1.22,1.4
2017-09-03,12.9,7.4,18.1,10328,0.0,1.04,1.3
2017-09-04,13.1,6.5,20.8,16546,0.0,1.01,1.6
2017-09-05,14.7,7.0,22.6,20076,0.0,1.07,1.7
2017-09-06,16.2,11.0,22.1,9412,13.0,1.33,3.1
2017-09-07,13.9,10.5,17.3,10144,2.5,1.25,2.9
2017-09-08,15.4,10.3,19.6,7474,0.0,1.25,3.2
2017-09-09,17.1,14.2,21.7,9535,0.4,1.6,2.6
2017-09-10,15.7,10.9,19.5,10249,0.2,1.29,2.3
2017-09-11,16.5,9.7,22.3,14582,0.0,1.23,3.5
2017-09-12,14.9,10.8,19.5,13245,0.0,1.28,3.3
2017-09-13,15.0,10.0,20.6,9636,1.6,1.24,5.0
2017-09-14,13.3,10.4,15.6,6964,2.8,1.23,4.4
2017-09-15,13.3,8.3,17.8,11588,0.0,1.1,2.7
2017-09-16,10.6,4.7,15.6,9325,0.0,0.87,1.5
2017-09-17,10.6,3.3,18.9,13574,0.0,0.83,1.2
2017-09-18,11.2,5.5,17.5,13629,0.0,0.93,1.6
2017-09-19,11.0,4.5,18.4,15396,0.0,0.87,1.6
2017-09-20,10.6,5.0,17.8,11460,0.1,0.9,2.0
2017-09-21,12.0,4.6,17.1,7396,0.0,0.87,1.3
2017-09-22,12.1,5.6,18.1,11025,0.0,0.94,1.1
2017-09-23,10.8,4.5,15.9,7116,9.3,0.86,1.2
2017-09-24,14.0,12.1,16.9,6016,3.4,1.37,1.4
2017-09-25,13.6,11.7,15.0,5841,1.8,1.32,1.7
2017-09-26,13.8,11.2,17.5,6748,0.8,1.3,1.9
2017-09-27,14.7,11.9,18.8,7639,0.0,1.37,1.7
2017-09-28,15.4,11.1,20.6,9486,0.0,1.31,1.7
2017-09-29,15.1,9.8,21.7,14456,0.0,1.24,1.8
2017-09-30,13.9,8.2,20.5,14120,0.0,1.12,2.2
2017-10-01,11.7,7.4,14.6,6638,0.0,1.01,1.9
2017-10-02,13.5,9.8,18.2,8337,8.7,1.21,3.2
2017-10-03,12.8,10.6,16.3,7636,1.0,1.25,3.1
2017-10-04,12.1,9.4,14.3,5272,2.6,1.15,3.6
2017-10-05,11.1,9.1,15.3,5605,11.9,1.13,4.8
2017-10-06,9.7,8.3,11.9,5356,7.8,1.06,3.8
2017-10-07,10.5,8.3,13.1,5517,5.5,1.07,3.8
2017-10-08,9.4,2.3,14.2,8089,5.5,0.74,3.0
2017-10-09,7.3,1.2,13.4,10449,3.3,0.68,2.0
2017-10-10,11.4,8.1,13.3,4634,2.4,1.06,2.7
2017-10-11,14.7,12.7,17.3,5651,0.0,1.43,3.1
2017-10-12,14.5,11.5,18.6,7882,0.0,1.33,3.9
2017-10-13,12.4,7.8,16.9,9301,0.0,1.06,2.2
2017-10-14,15.8,10.8,21.6,8116,0.0,1.3,2.1
2017-10-15,15.6,9.8,22.7,10846,0.0,1.25,1.7
2017-10-16,15.8,8.9,22.7,10776,0.0,1.19,1.8
2017-10-17,15.6,8.7,24.5,10193,0.0,1.2,1.8
2017-10-18,11.6,6.4,19.3,8535,0.0,0.99,1.2
2017-10-19,12.4,6.0,20.3,9991,0.0,0.98,1.7
2017-10-20,13.3,6.6,21.1,8155,0.1,1.03,2.3
2017-10-21,11.5,9.6,13.9,3836,9.4,1.16,2.2
2017-10-22,11.7,9.0,14.1,4600,1.6,1.12,3.2
2017-10-23,9.6,6.4,11.9,4455,0.5,0.93,2.7
2017-10-24,10.2,4.0,14.3,4042,6.1,0.82,2.4
2017-10-25,14.6,12.2,18.0,4174,0.9,1.39,3.0
2017-10-26,12.9,10.5,15.5,4963,1.7,1.23,2.3
2017-10-27,10.4,8.6,12.2,4164,1.5,1.08,3.6
2017-10-28,9.6,8.6,11.0,3383,7.0,1.08,5.0
2017-10-29,7.9,5.5,11.5,3642,1.7,0.88,6.2
2017-10-30,5.5,1.6,9.3,6671,0.0,0.68,3.1
2017-10-31,6.5,4.2,8.4,3204,0.9,0.8,2.3
2017-11-01,8.7,7.2,10.1,3146,2.7,0.98,2.7
2017-11-02,9.6,8.5,11.2,3150,1.3,1.07,2.8
2017-11-03,7.8,2.6,11.3,3034,0.0,0.74,1.6
2017-11-04,8.1,2.4,12.5,6609,0.0,0.73,2.1
2017-11-05,10.0,7.2,14.2,5514,5.1,1.0,2.5
2017-11-06,5.9,1.3,8.1,2874,1.0,0.66,1.8
2017-11-07,6.1,1.3,8.7,2938,0.0,0.66,2.0
2017-11-08,6.1,4.2,8.2,3568,0.0,0.79,1.7
2017-11-09,6.3,5.7,7.0,2724,0.0,0.88,1.8
2017-11-10,7.1,5.0,8.3,2676,2.5,0.85,3.9
2017-11-11,5.5,4.7,7.3,3178,0.5,0.83,3.7
2017-11-12,4.4,2.3,6.2,3452,4.2,0.69,2.5
2017-11-13,3.4,-0.7,6.1,2701,0.3,0.57,2.2
2017-11-14,4.0,-1.0,7.7,3928,0.2,0.57,2.2
2017-11-15,6.8,5.5,8.4,2455,0.5,0.87,1.8
2017-11-16,6.1,0.2,9.4,3089,1.8,0.62,1.9
2017-11-17,3.2,-1.8,8.5,3657,0.4,0.54,1.8
2017-11-18,2.8,-0.6,5.2,2337,1.4,0.57,3.5
2017-11-19,4.5,2.9,6.2,2350,4.5,0.72,4.4
2017-11-20,4.1,1.2,6.2,2661,4.5,0.65,3.3
2017-11-21,4.6,3.2,8.3,2229,5.3,0.75,2.8
2017-11-22,8.2,4.3,9.9,2195,2.8,0.81,3.2
2017-11-23,9.0,3.2,13.0,3609,0.0,0.77,3.5
2017-11-24,10.5,7.2,14.3,3421,4.9,0.99,2.5
2017-11-25,5.9,2.6,8.4,2101,9.5,0.72,2.3
2017-11-26,3.3,1.2,5.6,3901,0.0,0.65,3.6
2017-11-27,4.4,2.8,6.5,3950,1.6,0.72,4.3
2017-11-28,4.5,2.0,6.0,2018,1.4,0.68,3.5
2017-11-29,1.7,-3.0,6.1,4916,0.0,0.49,1.7
2017-11-30,-0.5,-4.0,1.8,2195,0.0,0.44,1.7
2017-12-01,0.1,-1.1,2.1,1945,0.3,0.54,1.4
2017-12-02,0.8,0.0,2.3,1924,0.5,0.59,1.7
2017-12-03,0.0,-2.3,1.9,4296,2.1,0.5,2.7
2017-12-04,2.0,0.0,5.1,2280,4.0,0.6,3.3
2017-12-05,5.5,1.5,7.0,1865,1.1,0.66,3.7
2017-12-06,6.4,6.2,6.8,1848,0.0,0.91,4.0
2017-12-07,6.3,4.8,8.0,4209,3.5,0.83,4.2
2017-12-08,4.2,1.3,6.8,2849,2.1,0.66,3.9
2017-12-09,0.5,-0.5,1.5,1846,3.2,0.57,4.2
2017-12-10,0.1,-1.4,2.2,3111,3.9,0.53,4.1
2017-12-11,6.1,2.3,8.3,1780,0.2,0.71,3.0
2017-12-12,5.9,2.4,8.8,1854,0.0,0.71,4.0
2017-12-13,2.6,0.1,5.2,4286,2.3,0.6,4.0
2017-12-14,3.0,0.3,4.5,1837,9.6,0.6,4.5
2017-12-15,0.8,-2.3,2.7,1746,1.7,0.5,2.3
2017-12-16,0.4,-3.2,2.1,2074,0.3,0.47,2.3
2017-12-17,0.6,-0.2,1.8,1778,3.7,0.58,2.5
2017-12-18,-1.1,-5.6,2.1,4232,0.0,0.4,1.7
2017-12-19,-0.7,-5.7,1.1,1730,1.3,0.39,1.6
2017-12-20,1.3,-0.1,2.6,1729,0.3,0.58,1.5
2017-12-21,5.2,2.7,7.2,1730,1.1,0.72,2.5
2017-12-22,5.1,4.4,6.4,1731,0.0,0.8,2.3
2017-12-23,6.8,3.6,9.5,1733,0.0,0.77,4.3
2017-12-24,9.4,8.6,10.0,1737,0.0,1.08,4.8
2017-12-25,7.1,1.2,9.9,1742,0.0,0.66,3.6
2017-12-26,4.7,-0.7,8.6,2628,0.0,0.58,3.8
2017-12-27,3.3,0.4,6.1,2974,1.6,0.61,2.6
2017-12-28,2.9,0.9,3.8,1763,6.2,0.63,3.3
2017-12-29,1.4,-0.9,3.4,1773,0.0,0.55,3.6
2017-12-30,2.8,-0.9,10.1,1783,2.7,0.58,4.0
2017-12-31,10.0,7.1,12.5,1880,1.2,0.98,4.1
2018-01-01,8.0,4.1,12.4,2236,2.2,0.81,4.4
2018-01-02,4.5,2.4,5.7,1822,0.4,0.7,3.4
2018-01-03,5.0,2.1,8.3,2054,12.9,0.7,5.8
2018-01-04,7.0,6.0,7.8,1897,0.4,0.9,4.2
2018-01-05,7.7,4.4,10.5,2222,0.0,0.82,3.6
2018-01-06,5.5,2.6,9.5,3612,2.2,0.72,1.9
2018-01-07,2.1,-0.9,4.6,1910,0.9,0.55,3.0
2018-01-08,-1.2,-2.7,1.8,4484,0.0,0.48,3.4
2018-01-09,1.6,-2.4,5.3,3668,2.5,0.5,3.1
2018-01-10,2.7,-0.5,6.2,1976,1.1,0.58,1.7
2018-01-11,2.8,1.2,3.8,2001,1.8,0.64,1.2
2018-01-12,1.8,0.6,3.0,2027,0.0,0.61,1.8
2018-01-13,0.3,-1.2,0.8,2054,0.0,0.54,2.9
2018-01-14,-1.6,-4.2,0.6,4108,0.0,0.43,2.9
2018-01-15,-0.5,-4.2,3.1,5012,0.6,0.44,3.9
2018-01-16,2.3,-0.1,5.4,3102,2.8,0.59,4.3
2018-01-17,1.3,-0.1,2.4,2222,3.2,0.59,4.3
2018-01-18,2.6,0.7,6.8,2305,6.8,0.63,5.3
2018-01-19,2.2,0.3,3.7,2241,0.0,0.6,2.8
2018-01-20,0.7,-2.5,3.1,2327,0.0,0.5,2.3
2018-01-21,-0.2,-1.5,0.5,2313,0.2,0.53,1.8
2018-01-22,0.1,-1.5,2.5,2862,0.6,0.53,2.5
2018-01-23,1.8,-0.5,5.1,2390,1.2,0.57,2.6
2018-01-24,7.9,4.9,11.4,4101,0.0,0.85,3.9
2018-01-25,8.7,6.2,10.9,2472,0.0,0.92,2.6
2018-01-26,6.3,4.9,8.2,2514,1.1,0.84,1.4
2018-01-27,5.3,1.9,7.8,3152,0.0,0.69,2.0
2018-01-28,7.4,4.6,9.7,2603,0.2,0.82,4.6
2018-01-29,10.0,6.0,11.1,2649,2.1,0.91,5.2
2018-01-30,4.4,0.9,6.4,3200,0.0,0.64,3.2
2018-01-31,5.2,0.4,7.9,2802,4.8,0.62,3.7
2018-02-01,3.6,0.4,6.9,2909,0.2,0.62,3.3
2018-02-02,2.8,-0.3,6.3,5914,0.2,0.58,2.9
2018-02-03,1.8,-1.0,3.9,3015,0.3,0.55,2.0
2018-02-04,-0.6,-3.3,2.8,6449,0.2,0.47,2.1
2018-02-05,-2.0,-7.9,1.2,4325,0.0,0.34,2.5
2018-02-06,-4.5,-9.7,0.5,7979,0.0,0.3,1.9
2018-02-07,-3.1,-6.7,2.0,6742,0.0,0.37,1.5
2018-02-08,-2.3,-3.5,0.6,3547,0.0,0.45,1.2
2018-02-09,-1.0,-3.0,3.1,6442,0.0,0.48,1.8
2018-02-10,-1.1,-5.4,1.7,3292,0.0,0.4,1.8
2018-02-11,2.2,0.5,5.5,4964,0.8,0.61,3.6
2018-02-12,1.1,-2.2,4.7,4719,0.4,0.51,3.1
2018-02-13,-1.0,-5.7,5.1,7569,0.0,0.41,2.1
2018-02-14,-2.5,-7.6,3.5,8483,0.0,0.36,2.0
2018-02-15,-0.1,-3.8,3.8,5903,0.0,0.45,3.1
2018-02-16,2.9,-3.1,9.0,9072,0.0,0.5,2.3
2018-02-17,1.2,-3.5,5.6,5329,0.0,0.47,1.6
2018-02-18,1.1,-2.4,2.9,3807,0.0,0.5,1.6
2018-02-19,0.3,-2.1,4.6,6918,0.0,0.51,1.4
2018-02-20,-0.9,-4.0,3.8,9741,0.0,0.45,1.7
2018-02-21,-1.4,-8.2,4.1,9082,0.0,0.34,2.1
2018-02-22,-2.4,-7.6,2.4,8185,0.0,0.35,2.9
2018-02-23,-5.1,-10.5,-0.8,10376,0.0,0.28,3.2
2018-02-24,-5.3,-11.6,-0.4,9395,0.0,0.26,4.0
2018-02-25,-7.3,-11.3,-2.9,10358,0.0,0.26,3.2
2018-02-26,-8.6,-12.8,-4.1,7133,0.0,0.23,3.2
2018-02-27,-10.0,-16.8,-3.9,10794,0.0,0.17,2.8
2018-02-28,-9.5,-12.2,-5.5,9766,0.0,0.24,3.7
2018-03-01,-9.0,-13.4,-3.8,12109,0.0,0.22,4.4
2018-03-02,-8.4,-13.5,-2.5,12025,0.0,0.22,3.5
2018-03-03,-7.5,-13.1,-1.8,12502,0.0,0.23,2.8
2018-03-04,-2.9,-11.5,5.5,12334,0.0,0.28,2.7
2018-03-05,1.4,-4.5,8.8,8623,0.0,0.46,2.4
2018-03-06,-0.3,-3.1,2.1,5002,9.1,0.47,1.7
2018-03-07,1.4,-0.1,3.1,5083,0.9,0.58,2.1
2018-03-08,5.4,-0.4,10.0,8721,0.8,0.6,3.3
2018-03-09,5.4,-1.5,9.5,8152,0.1,0.56,2.7
2018-03-10,6.8,-1.5,13.2,5413,0.8,0.58,2.2
2018-03-11,12.1,7.0,17.7,12206,0.0,1.01,2.0
2018-03-12,8.2,4.1,11.2,5492,9.3,0.81,2.2
2018-03-13,9.2,5.5,11.8,6108,3.5,0.88,3.7
2018-03-14,4.2,2.6,6.0,5659,0.2,0.71,2.1
2018-03-15,3.4,2.1,6.6,6826,0.0,0.69,4.0
2018-03-16,0.0,-3.8,2.7,5827,3.0,0.45,4.1
2018-03-17,-3.7,-6.1,-2.4,6003,0.0,0.37,5.5
2018-03-18,-3.0,-6.4,0.5,15910,0.0,0.37,5.2
2018-03-19,-2.8,-8.2,3.0,16170,0.0,0.34,2.6
2018-03-20,-2.1,-9.9,4.1,14171,0.0,0.3,2.7
2018-03-21,-0.2,-8.4,5.8,14035,0.0,0.34,2.2
2018-03-22,1.4,-1.3,3.4,6335,2.0,0.54,3.0
2018-03-23,2.8,1.5,4.3,6421,0.0,0.66,1.7
2018-03-24,4.4,-1.7,9.3,7089,0.0,0.55,1.8
2018-03-25,4.6,-3.2,11.1,17260,0.0,0.51,1.4
2018-03-26,4.9,-0.2,9.1,6677,0.5,0.61,1.7
2018-03-27,2.8,0.0,6.6,9244,0.2,0.59,1.9
2018-03-28,1.5,-0.6,4.0,6847,5.0,0.57,3.3
2018-03-29,5.8,1.2,8.1,6932,0.0,0.65,3.1
2018-03-30,5.9,-2.7,13.4,16951,0.0,0.54,2.7
2018-03-31,4.8,1.9,8.9,7204,5.1,0.69,2.7
2018-04-01,2.0,1.2,3.2,7186,1.2,0.64,3.6
2018-04-02,4.9,-0.7,10.5,14816,0.8,0.59,2.4
2018-04-03,12.4,5.8,19.9,14011,0.6,0.96,2.8
2018-04-04,16.6,9.1,22.6,16228,0.8,1.19,2.8
2018-04-05,10.7,5.1,16.6,14259,0.4,0.9,4.1
2018-04-06,6.7,0.1,13.4,20310,0.0,0.65,2.6
2018-04-07,12.0,0.8,21.4,20465,0.0,0.75,2.9
2018-04-08,13.6,5.3,20.6,19655,0.0,0.95,2.1
2018-04-09,13.6,3.1,22.6,19694,0.0,0.86,1.7
2018-04-10,17.5,8.7,25.1,19946,0.0,1.21,3.0
2018-04-11,15.9,11.6,20.9,18132,0.0,1.36,3.0
2018-04-12,17.5,9.6,24.4,15311,0.0,1.25,3.2
2018-04-13,15.8,10.9,20.3,10043,6.1,1.31,2.7
2018-04-14,14.0,8.2,20.7,16535,0.0,1.11,2.4
2018-04-15,15.1,7.7,23.4,18760,7.5,1.12,1.5
2018-04-16,12.4,11.4,13.4,8412,13.1,1.3,1.7
2018-04-17,12.6,6.9,19.3,16883,0.0,1.02,1.5
2018-04-18,14.5,4.9,23.1,22616,0.0,0.96,1.6
2018-04-19,16.1,6.4,24.8,22638,0.0,1.06,1.9
2018-04-20,18.6,8.8,27.9,22884,0.0,1.25,1.9
2018-04-21,16.8,8.4,23.8,21536,0.0,1.17,1.8
2018-04-22,16.7,6.1,24.5,22573,1.8,1.04,1.8
2018-04-23,16.9,8.6,22.2,16392,0.0,1.16,2.8
2018-04-24,12.4,6.8,18.2,14536,0.6,1.0,2.8
2018-04-25,14.2,6.8,21.0,13588,0.1,1.03,3.6
2018-04-26,9.8,4.0,14.4,15528,1.5,0.82,3.2
2018-04-27,11.0,2.1,18.0,20849,0.0,0.76,2.0
2018-04-28,15.5,4.7,23.3,22122,0.0,0.95,2.0
2018-04-29,18.8,8.5,26.0,24686,0.0,1.21,2.2
2018-04-30,17.3,8.8,24.5,20576,1.6,1.2,3.9
2018-05-01,12.6,3.2,18.3,17968,0.0,0.82,3.7
2018-05-02,10.5,1.3,17.5,11213,8.5,0.72,2.0
2018-05-03,14.2,8.0,20.0,11637,0.0,1.09,2.3
2018-05-04,12.5,5.2,18.7,25703,0.0,0.91,2.3
2018-05-05,12.9,6.1,19.7,26043,0.0,0.97,2.6
2018-05-06,13.8,4.6,21.4,26144,0.0,0.92,2.4
2018-05-07,16.1,4.2,24.1,26361,0.0,0.94,2.4
2018-05-08,18.1,6.8,25.5,26457,0.0,1.08,2.5
2018-05-09,19.5,10.8,26.1,21871,0.0,1.36,2.1
2018-05-10,20.1,14.0,27.5,20990,2.4,1.66,2.5
2018-05-11,14.9,10.1,16.7,10103,0.0,1.21,1.8
2018-05-12,17.2,8.6,24.9,20902,0.0,1.19,1.9
2018-05-13,20.2,13.7,26.1,27022,0.0,1.61,2.7
2018-05-14,18.2,9.9,23.6,27225,0.0,1.26,2.8
2018-05-15,14.4,7.6,20.1,19173,2.3,1.07,2.3
2018-05-16,13.7,8.9,20.2,12431,4.9,1.16,2.3
2018-05-17,15.9,11.9,20.1,14674,0.0,1.39,3.1
2018-05-18,13.0,9.3,16.4,11436,0.0,1.15,2.2
2018-05-19,15.8,9.4,22.2,22715,0.0,1.21,1.6
2018-05-20,15.8,5.2,22.6,28155,0.0,0.96,2.5
2018-05-21,16.7,6.9,23.6,27976,0.0,1.07,2.8
2018-05-22,18.3,8.7,25.4,28039,0.0,1.2,2.0
2018-05-23,19.9,9.2,26.7,22456,0.0,1.26,2.2
2018-05-24,20.3,14.6,25.9,24842,0.0,1.68,2.5
2018-05-25,19.8,12.6,27.6,25632,0.8,1.52,2.2
2018-05-26,20.3,10.4,28.4,27037,0.0,1.39,1.8
2018-05-27,21.6,11.9,28.4,23392,0.0,1.47,1.9
2018-05-28,24.3,16.1,31.4,24547,0.0,1.93,2.1
2018-05-29,25.3,17.0,31.6,28662,0.0,2.01,2.5
2018-05-30,21.9,17.2,30.5,19324,0.7,2.03,1.8
2018-05-31,24.8,16.8,31.9,27266,0.0,1.99,1.9
2018-06-01,23.3,17.5,32.2,23597,12.9,2.08,2.1
2018-06-02,20.2,17.4,26.1,15221,4.6,1.96,2.0
2018-06-03,19.1,16.0,23.9,15125,0.0,1.79,1.7
2018-06-04,21.0,15.1,27.3,18991,0.0,1.74,2.0
2018-06-05,18.2,13.7,23.8,16911,0.0,1.58,2.0
2018-06-06,18.2,12.8,24.3,29701,0.0,1.49,2.3
2018-06-07,20.6,11.4,28.6,29728,0.0,1.45,1.9
2018-06-08,23.8,11.8,31.8,27397,0.0,1.55,1.7
2018-06-09,22.4,17.9,31.9,21837,4.2,2.1,1.8
2018-06-10,21.3,17.4,30.3,15899,6.9,2.02,1.8
2018-06-11,19.9,15.5,25.4,20134,0.0,1.75,2.2
2018-06-12,17.9,14.6,22.9,22508,0.0,1.65,2.4
2018-06-13,15.9,14.1,18.8,12463,0.0,1.57,2.6
2018-06-14,17.5,11.4,23.4,23775,0.0,1.37,1.9
2018-06-15,18.5,9.8,24.4,25648,0.0,1.26,1.4
2018-06-16,22.1,16.5,27.3,16961,0.0,1.9,1.5
2018-06-17,21.9,16.2,28.5,16470,0.9,1.86,2.3
2018-06-18,19.5,13.3,24.0,21070,0.0,1.53,2.2
2018-06-19,20.1,14.7,25.9,13743,0.0,1.68,2.3
2018-06-20,21.9,13.1,29.9,24302,0.0,1.6,1.9
2018-06-21,19.3,10.6,29.9,24424,0.3,1.4,3.6
2018-06-22,12.6,9.0,17.0,18584,0.8,1.14,3.7
2018-06-23,13.2,10.8,17.0,13862,2.7,1.26,3.3
2018-06-24,13.0,11.3,15.1,11250,1.5,1.3,2.4
2018-06-25,16.4,11.7,22.1,20675,0.0,1.37,2.3
2018-06-26,16.7,10.7,23.0,17191,0.0,1.31,1.9
2018-06-27,18.4,10.1,24.5,24127,0.0,1.29,2.3
2018-06-28,21.6,14.2,26.0,18407,0.0,1.64,2.4
2018-06-29,22.8,16.8,29.9,26822,0.0,1.96,2.4
2018-06-30,16.7,10.5,21.6,23581,0.0,1.29,2.5
2018-07-01,15.0,6.5,21.7,21826,0.0,1.02,2.7
2018-07-02,15.7,5.2,24.1,26510,0.0,0.99,2.1
2018-07-03,18.9,7.6,27.8,30197,0.0,1.17,1.8
2018-07-04,22.0,9.8,31.8,30168,0.0,1.39,1.6
2018-07-05,24.0,12.7,32.9,19628,0.1,1.65,2.2
2018-07-06,18.9,14.0,23.2,16759,0.0,1.6,2.8
2018-07-07,18.9,11.7,26.3,25375,0.0,1.44,2.8
2018-07-08,20.0,12.6,26.2,21144,0.0,1.51,2.4
2018-07-09,20.6,14.2,26.2,22590,0.1,1.66,2.6
2018-07-10,14.3,11.6,17.2,10972,31.9,1.33,2.1
2018-07-11,17.2,12.7,23.0,14882,2.1,1.48,1.9
2018-07-12,15.5,13.2,18.4,11034,8.3,1.47,2.2
2018-07-13,20.3,14.1,27.0,19851,0.1,1.66,2.1
2018-07-14,19.8,12.4,26.5,26071,0.0,1.5,1.9
2018-07-15,18.9,11.3,25.6,27493,0.0,1.39,1.6
2018-07-16,20.7,11.1,28.5,27194,2.3,1.43,1.5
2018-07-17,21.8,16.3,27.8,16612,1.1,1.87,2.0
2018-07-18,22.2,16.6,27.6,16200,0.0,1.9,2.6
2018-07-19,19.1,14.6,23.2,15298,0.0,1.64,2.0
2018-07-20,20.1,10.7,27.5,26960,0.0,1.39,1.6
2018-07-21,21.1,10.9,28.7,25434,0.0,1.42,1.7
2018-07-22,21.4,13.1,28.2,21112,0.0,1.57,1.8
2018-07-23,22.6,15.1,29.4,26275,0.0,1.77,1.6
2018-07-24,22.8,12.9,30.9,25598,0.0,1.61,1.4
2018-07-25,23.9,15.5,32.2,25648,0.4,1.87,1.6
2018-07-26,24.6,15.1,32.4,27025,0.0,1.84,2.0
2018-07-27,24.2,18.1,32.2,20308,3.3,2.13,2.2
2018-07-28,24.6,18.0,33.6,25179,1.3,2.18,2.4
2018-07-29,23.5,17.3,30.1,26783,0.0,2.03,1.8
2018-07-30,26.5,19.6,33.5,19736,0.0,2.35,1.5
2018-07-31,28.1,17.7,36.2,27329,0.0,2.21,1.9
2018-08-01,29.1,20.1,36.4,24847,0.0,2.49,2.0
2018-08-02,27.0,21.3,33.2,21537,0.0,2.55,1.8
2018-08-03,27.3,21.2,33.6,23358,0.0,2.55,1.6
2018-08-04,27.1,18.9,34.4,21724,6.2,2.29,1.8
2018-08-05,21.4,12.9,26.4,22228,0.0,1.53,2.5
2018-08-06,20.5,11.4,29.3,25918,0.0,1.46,1.7
2018-08-07,26.1,14.3,35.6,25579,0.0,1.82,1.9
2018-08-08,27.0,17.2,37.0,22770,0.0,2.14,2.5
2018-08-09,27.1,17.8,36.1,23256,0.0,2.2,2.6
2018-08-10,21.3,14.0,25.8,12513,0.0,1.62,3.2
2018-08-11,18.9,10.0,25.2,18500,0.0,1.29,2.9
2018-08-12,18.8,8.5,28.5,23752,0.0,1.25,1.8
2018-08-13,22.8,10.8,33.6,20743,0.3,1.49,2.1
2018-08-14,21.3,17.6,25.7,15902,0.0,1.99,2.8
2018-08-15,20.8,15.5,26.2,15466,0.0,1.78,1.9
2018-08-16,22.9,14.8,29.7,22945,0.0,1.76,1.7
2018-08-17,24.7,15.1,33.7,20881,3.5,1.88,1.9
2018-08-18,21.0,15.2,27.4,20994,0.0,1.75,1.8
2018-08-19,22.3,13.1,30.8,23033,0.0,1.64,1.8
2018-08-20,21.7,15.0,27.1,16010,0.0,1.75,2.3
2018-08-21,20.0,11.6,24.7,16583,0.0,1.41,1.5
2018-08-22,20.2,9.8,29.7,21634,0.0,1.35,1.5
2018-08-23,23.6,12.8,34.8,21058,0.8,1.69,1.9
2018-08-24,20.5,15.2,25.6,11254,0.2,1.73,2.7
2018-08-25,15.7,10.7,21.1,9615,0.2,1.29,2.6
2018-08-26,13.7,7.9,20.7,18569,0.0,1.1,2.1
2018-08-27,18.7,10.8,25.0,14385,0.0,1.34,3.1
2018-08-28,18.1,9.7,23.8,17335,0.0,1.25,1.6
2018-08-29,19.7,9.0,28.6,21014,0.0,1.27,2.0
2018-08-30,17.2,12.2,21.0,8761,1.6,1.41,2.7
2018-08-31,16.2,10.9,22.0,18143,0.0,1.32,2.0
2018-09-01,14.5,8.2,18.7,8058,2.1,1.1,1.9
2018-09-02,17.8,14.1,23.7,9040,0.4,1.61,2.1
2018-09-03,22.6,18.4,28.5,17207,0.0,2.1,2.0
2018-09-04,20.0,12.7,27.2,15283,0.0,1.52,1.7
2018-09-05,18.2,10.4,26.3,17041,0.0,1.33,1.6
2018-09-06,19.1,10.7,26.7,19400,0.0,1.37,1.8
2018-09-07,18.2,14.0,22.7,9731,7.4,1.59,2.2
2018-09-08,15.9,8.8,22.6,17034,0.0,1.18,2.1
2018-09-09,15.9,8.6,25.8,13519,0.0,1.2,1.6
2018-09-10,18.7,8.6,27.5,14106,0.0,1.25,1.8
2018-09-11,20.9,16.0,27.1,13674,0.0,1.84,2.7
2018-09-12,22.2,14.6,30.0,18655,0.0,1.74,2.3
2018-09-13,15.1,12.4,19.0,6950,0.0,1.42,1.6
2018-09-14,14.5,9.0,18.3,7062,0.0,1.14,1.5
2018-09-15,15.3,8.3,22.0,13845,0.0,1.14,2.2
2018-09-16,15.0,6.9,23.9,16145,0.0,1.07,1.6
2018-09-17,17.4,7.8,27.8,16669,0.0,1.2,1.5
2018-09-18,20.4,9.9,29.9,17085,0.0,1.36,2.2
2018-09-19,21.3,12.8,29.4,15872,0.0,1.59,2.2
2018-09-20,22.3,14.5,30.7,15715,0.0,1.76,2.2
2018-09-21,21.0,12.3,31.6,13587,1.0,1.58,3.8
2018-09-22,13.9,11.1,18.4,8419,0.0,1.31,3.4
2018-09-23,11.3,7.9,14.1,6008,28.6,1.04,3.1
2018-09-24,9.5,6.7,14.1,11235,2.3,0.97,3.7
2018-09-25,7.8,1.6,14.8,14558,0.0,0.71,2.1
2018-09-26,10.3,1.2,16.9,11250,0.0,0.71,2.7
2018-09-27,15.8,11.1,22.4,10406,0.0,1.33,2.2
2018-09-28,10.9,1.8,16.3,7627,0.0,0.74,2.6
2018-09-29,6.8,0.2,14.9,14280,0.0,0.66,2.0
2018-09-30,9.2,1.4,18.9,14293,0.0,0.74,1.8
2018-10-01,7.7,-0.1,15.2,8102,1.6,0.65,2.5
2018-10-02,8.1,3.9,11.4,8081,2.3,0.8,3.9
2018-10-03,10.8,6.9,15.1,8566,1.1,0.99,3.9
2018-10-04,11.4,6.8,16.6,8370,0.0,0.99,1.9
2018-10-05,13.9,6.4,21.1,13318,0.0,1.0,1.9
2018-10-06,15.3,5.7,23.4,11515,0.0,1.01,1.7
2018-10-07,11.8,3.4,16.7,6737,0.0,0.8,2.1
2018-10-08,7.7,-0.4,16.2,12276,0.0,0.65,1.5
2018-10-09,11.1,2.6,20.8,10768,0.0,0.81,1.5
2018-10-10,14.9,6.1,23.8,12286,0.0,1.03,2.0
2018-10-11,17.0,10.1,26.0,11975,0.0,1.31,2.3
2018-10-12,16.3,7.7,26.0,11900,0.0,1.15,1.9
2018-10-13,15.4,7.6,25.2,11671,0.0,1.13,2.1
2018-10-14,17.2,8.5,24.8,11444,0.0,1.19,2.3
2018-10-15,16.3,8.7,23.0,7702,0.0,1.18,1.7
2018-10-16,13.1,6.5,22.1,10332,0.0,1.03,1.2
2018-10-17,11.3,4.7,21.3,10706,0.0,0.91,1.1
2018-10-18,11.2,4.8,18.8,9331,1.7,0.89,1.8
2018-10-19,10.9,6.0,12.6,3974,0.0,0.92,1.4
2018-10-20,7.4,1.5,12.3,6171,0.0,0.69,1.6
2018-10-21,6.8,0.8,14.7,9439,0.0,0.68,1.6
2018-10-22,5.0,-0.3,11.2,3907,1.6,0.61,2.2
2018-10-23,7.3,1.2,11.5,3702,15.6,0.67,4.7
2018-10-24,9.1,5.6,11.5,6344,2.0,0.88,4.4
2018-10-25,11.1,8.4,12.6,3572,0.6,1.06,3.8
2018-10-26,10.4,8.3,12.5,3508,0.0,1.06,2.8
2018-10-27,7.8,2.3,10.5,3510,0.0,0.72,2.6
2018-10-28,4.5,2.2,6.3,3383,7.3,0.69,3.2
2018-10-29,4.4,3.6,8.3,3322,0.0,0.76,3.6
2018-10-30,14.1,7.6,21.2,6797,0.7,1.09,4.3
2018-10-31,8.7,3.5,15.1,8319,0.0,0.8,2.8
2018-11-01,9.0,1.5,15.5,4995,0.0,0.72,1.9
2018-11-02,9.3,4.8,14.1,5222,0.0,0.86,2.1
2018-11-03,9.0,6.8,11.1,3034,0.0,0.96,1.6
2018-11-04,10.5,9.3,11.7,2980,0.0,1.13,1.9
2018-11-05,11.4,8.7,15.5,5455,0.0,1.1,2.1
2018-11-06,12.2,6.8,18.6,7349,0.0,1.0,1.9
2018-11-07,9.3,3.6,17.2,6672,0.0,0.83,1.8
2018-11-08,8.0,3.3,14.0,3852,0.0,0.78,1.5
2018-11-09,8.1,4.4,10.4,2724,0.0,0.82,1.8
2018-11-10,7.9,2.7,15.4,6449,0.0,0.77,2.7
2018-11-11,7.7,0.5,13.9,4056,0.0,0.67,2.8
2018-11-12,11.2,5.3,16.2,4970,0.0,0.9,2.2
2018-11-13,9.8,5.2,11.6,2540,6.2,0.87,2.6
2018-11-14,6.2,2.8,11.3,5148,0.0,0.74,1.9
2018-11-15,6.1,2.0,11.9,6177,0.0,0.71,1.9
2018-11-16,4.3,0.1,8.5,5992,0.0,0.61,2.4
2018-11-17,1.3,-2.6,5.6,5760,0.0,0.5,2.8
2018-11-18,-0.9,-6.7,4.0,3047,2.0,0.38,2.5
2018-11-19,3.4,2.0,5.0,2350,0.5,0.68,4.0
2018-11-20,1.9,1.4,2.5,2263,0.0,0.65,4.4
2018-11-21,0.8,0.2,1.5,2229,0.1,0.59,2.9
2018-11-22,1.1,0.3,1.9,2195,0.0,0.6,2.1
2018-11-23,1.7,-1.2,4.4,2162,0.0,0.54,1.9
2018-11-24,2.2,-0.9,4.2,2131,0.8,0.56,1.6
2018-11-25,4.2,-0.1,7.6,2101,0.2,0.6,1.9
2018-11-26,3.2,0.4,4.7,2072,0.0,0.61,2.4
2018-11-27,0.0,-2.1,2.3,4182,0.0,0.5,1.6
2018-11-28,0.7,-1.9,3.9,4966,0.0,0.52,2.8
2018-11-29,0.0,-3.5,3.9,4734,0.0,0.47,3.6
2018-11-30,1.1,-0.6,2.1,1968,2.5,0.56,2.7
2018-12-01,2.8,-0.2,6.3,2035,0.3,0.59,2.5
2018-12-02,4.9,2.0,8.8,1924,5.2,0.69,3.4
2018-12-03,9.9,8.1,13.0,2169,2.6,1.04,3.4
2018-12-04,6.7,1.6,10.2,2984,0.4,0.69,3.2
2018-12-05,1.1,-2.1,6.4,4533,0.0,0.52,2.0
2018-12-06,4.9,2.2,8.6,1978,0.5,0.7,2.8
2018-12-07,10.3,8.4,11.6,1832,9.0,1.06,4.0
2018-12-08,7.4,5.3,10.4,2677,2.8,0.86,5.6
2018-12-09,7.1,5.9,8.8,1803,3.2,0.9,5.2
2018-12-10,4.5,3.1,6.3,1919,4.2,0.74,4.7
2018-12-11,2.9,1.2,4.1,1780,5.6,0.64,3.5
2018-12-12,1.3,-1.8,2.8,1769,0.0,0.52,2.0
2018-12-13,0.4,-0.5,1.6,1760,0.2,0.57,2.5
2018-12-14,-0.1,-0.7,0.6,1753,0.0,0.55,2.3
2018-12-15,-0.3,-1.2,0.3,1746,0.0,0.54,2.2
2018-12-16,-0.6,-1.5,0.1,1740,0.1,0.52,2.5
2018-12-17,1.7,-0.7,3.6,1736,0.0,0.56,1.8
2018-12-18,3.3,-0.1,7.2,2357,0.0,0.6,2.2
2018-12-19,1.8,-1.1,3.9,1730,6.5,0.55,2.6
2018-12-20,3.0,1.5,5.4,1729,1.2,0.65,2.5
2018-12-21,6.5,4.6,11.1,1730,5.6,0.84,4.2
2018-12-22,7.2,4.7,11.0,1731,3.9,0.83,3.9
2018-12-23,5.5,2.5,7.7,1984,4.5,0.71,2.9
2018-12-24,1.6,0.1,5.1,1737,0.5,0.6,3.0
2018-12-25,3.9,2.1,5.3,1825,1.1,0.69,3.1
2018-12-26,4.7,3.8,5.5,1748,1.2,0.77,2.7
2018-12-27,5.6,4.9,6.2,2049,0.5,0.83,2.2
2018-12-28,5.4,4.4,6.3,1763,1.9,0.81,2.1
2018-12-29,5.1,3.9,5.8,1773,3.2,0.78,3.1
2018-12-30,5.7,4.2,7.2,1783,1.3,0.79,3.9
2018-12-31,4.8,3.3,7.3,1795,1.4,0.75,2.1
2019-01-01,6.3,2.7,7.8,1808,2.6,0.72,5.1
2019-01-02,1.6,-1.9,3.3,2080,0.5,0.52,4.3
2019-01-03,-0.9,-5.2,1.5,1837,0.5,0.41,2.3
2019-01-04,0.0,-5.9,3.6,1853,4.0,0.4,3.2
2019-01-05,5.3,2.0,7.3,1959,0.5,0.68,3.9
2019-01-06,1.7,0.2,2.5,1890,0.0,0.59,2.3
2019-01-07,2.3,-0.8,4.6,1910,4.8,0.56,3.0
2019-01-08,4.4,1.8,5.4,1931,14.8,0.67,5.7
2019-01-09,1.6,0.1,2.6,1953,7.9,0.59,4.6
2019-01-10,0.8,-4.5,2.3,2522,0.2,0.43,2.3
2019-01-11,0.0,-5.1,4.2,2001,2.4,0.42,3.1
2019-01-12,4.6,3.4,6.0,2027,3.5,0.75,4.1
2019-01-13,5.7,4.6,7.6,2054,7.4,0.81,5.1
2019-01-14,2.5,-1.4,6.2,3213,0.6,0.55,5.0
2019-01-15,3.1,0.1,5.8,2112,3.2,0.6,4.5
2019-01-16,5.4,2.8,6.2,2142,0.3,0.72,3.8
2019-01-17,5.1,2.1,7.0,2319,0.5,0.69,4.2
2019-01-18,0.0,-1.9,2.2,3627,0.5,0.51,2.4
2019-01-19,-1.9,-5.8,2.3,5358,0.0,0.39,1.6
2019-01-20,-4.0,-8.7,1.0,5726,0.0,0.32,1.3
2019-01-21,-4.5,-6.0,-3.9,2313,0.0,0.37,1.7
2019-01-22,-4.4,-9.5,0.0,5925,0.0,0.3,2.2
2019-01-23,-5.5,-7.0,-2.7,2390,0.0,0.35,2.3
2019-01-24,-3.7,-4.6,-2.7,2430,0.0,0.42,1.6
2019-01-25,-3.6,-5.1,-2.4,2525,0.8,0.4,2.1
2019-01-26,0.4,-2.7,3.5,2514,5.7,0.49,3.2
2019-01-27,4.5,2.7,7.2,2720,1.5,0.72,3.4
2019-01-28,3.6,0.8,6.5,4405,1.6,0.63,3.6
2019-01-29,1.0,-2.7,2.5,3588,0.2,0.49,2.6
2019-01-30,-1.0,-4.3,2.5,6721,0.0,0.43,2.9
2019-01-31,0.5,-2.4,4.8,5403,0.0,0.5,2.1
2019-02-01,-0.2,-4.0,3.4,2795,0.2,0.45,2.4
2019-02-02,0.9,0.2,2.0,2846,5.5,0.6,1.6
2019-02-03,0.5,0.1,0.9,2897,7.8,0.59,2.7
2019-02-04,0.3,-2.0,3.5,5441,0.0,0.51,2.7
2019-02-05,0.5,-3.0,2.2,3185,0.0,0.48,2.5
2019-02-06,1.6,-1.2,5.2,7554,0.0,0.55,2.3
2019-02-07,0.9,-2.8,3.1,3670,0.1,0.49,3.1
2019-02-08,4.5,1.1,8.9,7963,0.0,0.66,3.8
2019-02-09,7.4,4.6,11.1,4995,0.0,0.84,5.0
2019-02-10,7.5,3.9,10.8,3292,3.3,0.79,4.3
2019-02-11,4.2,1.6,7.8,3998,0.6,0.67,4.8
2019-02-12,2.4,-1.7,6.1,6219,1.5,0.53,3.2
2019-02-13,5.1,2.2,7.3,3478,0.2,0.7,2.7
2019-02-14,5.4,-1.4,9.9,5545,0.0,0.57,1.8
2019-02-15,3.0,-3.4,13.7,9551,0.0,0.52,1.6
2019-02-16,5.2,-3.2,16.5,9755,0.0,0.55,1.9
2019-02-17,4.9,-2.2,15.2,9824,0.0,0.57,1.6
2019-02-18,4.9,-2.8,16.7,10102,0.0,0.56,1.7
2019-02-19,6.6,0.6,11.1,6847,0.0,0.65,2.9
2019-02-20,7.2,4.1,10.2,4446,0.0,0.8,2.3
2019-02-21,7.0,3.8,10.4,4160,6.0,0.78,2.6
2019-02-22,3.1,-3.5,8.4,7600,0.0,0.49,2.5
2019-02-23,-1.2,-5.6,4.9,10079,0.0,0.41,2.3
2019-02-24,1.6,-4.7,10.1,8198,0.0,0.46,1.5
2019-02-25,4.6,-2.6,13.5,11341,0.0,0.54,1.6
2019-02-26,4.8,-1.3,10.1,4457,0.0,0.56,1.5
2019-02-27,5.3,-3.2,15.7,11799,0.0,0.54,1.6
2019-02-28,8.2,3.5,13.7,9766,0.2,0.79,3.1
2019-03-01,4.4,2.6,5.6,4609,2.6,0.71,2.6
2019-03-02,3.7,1.5,5.8,4686,0.5,0.66,2.4
2019-03-03,9.4,4.3,12.0,4764,0.9,0.82,4.2
2019-03-04,10.8,5.3,16.4,5820,1.6,0.91,5.7
2019-03-05,5.8,2.6,9.3,6403,2.6,0.73,4.6
2019-03-06,6.9,0.7,12.1,11897,0.0,0.66,3.1
2019-03-07,11.3,8.6,16.4,6173,0.0,1.1,4.5
2019-03-08,8.1,4.2,12.4,8297,0.7,0.82,4.9
2019-03-09,7.7,4.8,12.2,5844,9.0,0.84,5.6
2019-03-10,5.2,0.6,8.5,5672,10.3,0.63,4.7
2019-03-11,3.5,1.4,6.5,7152,1.3,0.66,4.4
2019-03-12,5.1,0.2,9.2,7163,0.9,0.62,3.9
2019-03-13,7.6,4.9,10.9,9746,0.8,0.85,5.6
2019-03-14,5.9,3.8,9.3,6285,8.7,0.78,5.1
2019-03-15,7.9,5.4,10.7,6375,1.2,0.87,5.4
2019-03-16,7.0,5.3,9.3,6191,2.8,0.87,4.7
2019-03-17,9.4,4.9,16.3,12067,0.6,0.88,4.5
2019-03-18,5.9,3.6,9.2,10350,0.0,0.77,4.2
2019-03-19,4.3,-1.6,8.9,7855,0.0,0.55,2.1
2019-03-20,5.4,-3.5,12.6,16149,0.0,0.51,2.0
2019-03-21,9.7,3.4,15.2,10807,0.0,0.8,2.1
2019-03-22,7.7,1.1,14.8,11215,0.0,0.69,1.6
2019-03-23,10.8,1.8,20.4,16449,0.0,0.77,2.1
2019-03-24,8.2,0.6,12.5,12918,0.0,0.66,1.9
2019-03-25,3.6,-0.3,7.6,9919,3.1,0.59,3.5
2019-03-26,4.7,0.4,8.6,7564,0.0,0.62,3.1
2019-03-27,6.1,0.0,9.4,6960,1.1,0.61,2.3
2019-03-28,8.7,7.4,10.8,6847,2.8,1.0,2.0
2019-03-29,8.5,1.6,12.7,8040,0.0,0.7,1.8
2019-03-30,9.2,-0.5,18.7,18472,0.0,0.66,1.8
2019-03-31,8.5,3.1,12.3,12612,0.0,0.76,2.4
2019-04-01,5.4,-3.3,11.9,19306,0.0,0.51,2.7
2019-04-02,8.8,0.5,16.5,18123,0.0,0.68,2.8
2019-04-03,13.3,4.9,20.5,15987,0.0,0.92,2.1
2019-04-04,14.6,6.1,21.7,18739,0.0,1.01,2.3
2019-04-05,12.5,6.1,20.0,13732,0.1,0.98,1.8
2019-04-06,14.6,6.6,21.7,20204,0.0,1.04,2.1
2019-04-07,12.1,4.1,19.7,20039,0.0,0.87,2.0
2019-04-08,12.1,1.1,20.6,20619,0.0,0.74,2.1
2019-04-09,7.2,1.1,12.2,13235,0.0,0.68,2.4
2019-04-10,5.0,-1.1,10.8,20812,0.0,0.58,2.7
2019-04-11,2.8,-3.0,6.3,11496,0.0,0.49,2.8
2019-04-12,3.2,1.9,5.1,8095,0.0,0.68,2.7
2019-04-13,4.8,2.0,7.9,8175,2.5,0.69,2.7
2019-04-14,6.5,1.3,13.4,13112,0.6,0.68,2.8
2019-04-15,7.7,-0.2,14.2,22198,0.0,0.63,2.9
2019-04-16,8.4,-1.3,15.9,22339,0.0,0.61,2.7
2019-04-17,9.8,1.8,19.0,22031,0.0,0.77,2.6
2019-04-18,12.2,0.2,21.0,22728,0.0,0.71,3.0
2019-04-19,14.6,5.7,22.9,22864,0.0,1.0,2.5
2019-04-20,13.1,1.5,23.0,22998,0.0,0.79,2.0
2019-04-21,12.7,2.1,21.5,23243,0.0,0.8,1.9
2019-04-22,12.7,7.1,17.0,23144,0.0,1.02,3.4
2019-04-23,14.2,8.6,18.4,16965,0.0,1.12,4.4
2019-04-24,16.8,11.2,23.4,22820,0.0,1.37,3.4
2019-04-25,18.6,11.6,26.6,21439,0.0,1.43,2.7
2019-04-26,19.1,9.1,26.6,22943,6.5,1.25,2.8
2019-04-27,12.6,8.0,18.5,10969,0.0,1.07,2.7
2019-04-28,10.4,7.8,14.2,10461,0.1,1.03,2.2
2019-04-29,10.6,5.7,15.9,10298,0.8,0.93,2.6
2019-04-30,10.2,2.4,18.7,22687,0.0,0.78,2.5
2019-05-01,11.9,5.9,19.5,14438,0.1,0.96,2.6
2019-05-02,10.8,4.6,15.3,18175,0.8,0.85,3.3
2019-05-03,9.1,6.1,12.2,14240,0.2,0.92,3.1
2019-05-04,5.0,0.3,7.2,10045,5.4,0.61,2.6
2019-05-05,5.6,-1.3,12.5,18076,0.0,0.58,2.3
2019-05-06,7.1,-0.5,11.5,15058,0.0,0.6,2.6
2019-05-07,7.2,1.3,13.7,14891,0.0,0.69,1.8
2019-05-08,12.3,0.6,18.9,20350,1.3,0.71,2.6
2019-05-09,13.7,10.4,18.6,13950,0.3,1.24,2.6
2019-05-10,12.9,6.8,18.7,14256,2.0,1.01,2.5
2019-05-11,10.2,5.1,14.7,11308,12.1,0.88,2.6
2019-05-12,10.9,5.4,16.8,18125,0.0,0.91,3.1
2019-05-13,9.6,3.1,15.0,21338,0.0,0.78,2.8
2019-05-14,8.2,0.9,14.1,17654,1.3,0.68,2.7
2019-05-15,7.3,3.7,10.9,10314,8.6,0.79,2.6
2019-05-16,8.7,5.7,12.8,11458,0.5,0.9,2.5
2019-05-17,13.7,6.7,19.4,16256,0.0,1.0,2.2
2019-05-18,16.5,8.6,23.9,27894,0.0,1.18,2.0
2019-05-19,18.7,9.3,26.2,22227,0.0,1.26,2.1
2019-05-20,16.3,11.3,21.6,14708,11.8,1.35,2.4
2019-05-21,17.9,9.1,24.7,25038,1.0,1.22,3.1
2019-05-22,12.9,10.3,16.8,10637,5.1,1.22,3.2
2019-05-23,13.3,6.6,20.0,20861,0.0,1.01,1.8
2019-05-24,15.6,5.4,23.3,25210,0.0,0.98,2.0
2019-05-25,15.5,8.9,20.8,27107,0.0,1.17,2.2
2019-05-26,16.4,7.6,23.3,25930,0.0,1.11,2.7
2019-05-27,18.1,13.2,24.2,15633,1.5,1.52,2.5
2019-05-28,14.6,10.6,17.4,10864,4.4,1.26,2.2
2019-05-29,12.3,5.1,17.9,21630,0.0,0.91,2.0
2019-05-30,14.7,3.1,22.3,28953,0.0,0.85,2.4
2019-05-31,18.5,12.5,24.0,16271,0.0,1.46,2.0
2019-06-01,20.4,12.2,28.0,25204,0.0,1.51,1.8
2019-06-02,22.3,11.4,31.1,28580,0.0,1.5,1.9
2019-06-03,25.7,16.0,32.8,29234,0.0,1.94,2.1
2019-06-04,24.0,14.7,31.4,29516,0.0,1.79,1.9
2019-06-05,25.5,17.2,32.1,27070,0.0,2.06,2.2
2019-06-06,22.2,14.1,30.7,22885,4.5,1.72,2.9
2019-06-07,19.3,13.4,25.0,24025,0.0,1.55,2.6
2019-06-08,17.8,9.4,23.0,19832,0.0,1.22,3.8
2019-06-09,19.7,8.0,27.2,26179,0.0,1.19,2.1
2019-06-10,23.9,16.7,29.3,18381,6.0,1.94,2.2
2019-06-11,23.5,16.7,30.6,24479,0.6,1.95,2.1
2019-06-12,24.6,16.6,34.3,23874,2.0,2.04,2.3
2019-06-13,19.7,14.5,25.9,24384,0.3,1.67,2.1
2019-06-14,24.2,12.6,31.5,27252,0.0,1.61,2.1
2019-06-15,26.3,19.9,34.4,23909,0.0,2.41,2.9
2019-06-16,19.0,12.0,24.0,17830,0.0,1.43,1.9
2019-06-17,20.2,10.3,27.9,25165,0.0,1.35,1.7
2019-06-18,23.0,14.4,29.7,29889,0.0,1.71,1.8
2019-06-19,25.2,16.3,33.2,26289,0.0,1.98,1.9
2019-06-20,21.6,17.3,28.0,21072,1.0,1.99,2.2
2019-06-21,20.7,14.2,26.3,22065,0.0,1.64,1.9
2019-06-22,21.0,11.4,27.6,25414,0.0,1.44,2.2
2019-06-23,21.6,12.7,28.6,27768,0.0,1.56,2.4
2019-06-24,23.3,12.9,30.6,30118,0.0,1.62,2.5
2019-06-25,27.0,18.2,34.8,30108,0.0,2.22,2.0
2019-06-26,30.8,23.5,37.9,29227,0.0,2.99,2.4
2019-06-27,21.6,16.1,26.4,27972,0.0,1.85,3.1
2019-06-28,19.1,12.8,24.8,22624,0.0,1.5,2.0
2019-06-29,21.9,10.6,31.6,29921,0.0,1.45,1.6
2019-06-30,27.8,14.2,37.7,29777,0.0,1.87,2.6
2019-07-01,24.1,18.6,29.0,20959,0.0,2.15,3.0
2019-07-02,18.6,10.4,23.8,24900,0.0,1.3,3.1
2019-07-03,15.6,9.4,21.4,24133,0.0,1.21,2.5
2019-07-04,16.9,9.2,23.9,28560,0.0,1.22,2.4
2019-07-05,18.7,13.8,23.2,11840,0.0,1.57,2.6
2019-07-06,20.6,13.7,28.3,17377,5.1,1.62,2.8
2019-07-07,14.9,8.3,19.2,15991,0.0,1.11,3.0
2019-07-08,14.4,8.9,19.5,13001,0.0,1.14,2.6
2019-07-09,15.0,10.9,19.3,15685,0.0,1.29,2.5
2019-07-10,16.4,9.9,23.7,21198,0.0,1.27,2.0
2019-07-11,18.7,8.2,25.7,23746,4.6,1.19,1.5
2019-07-12,17.8,15.0,22.1,13863,3.2,1.68,1.9
2019-07-13,18.0,13.9,25.6,14320,0.5,1.61,2.5
2019-07-14,17.5,13.5,22.5,14529,1.0,1.54,2.2
2019-07-15,16.2,14.6,18.5,11178,0.0,1.61,2.4
2019-07-16,16.3,13.7,19.5,13225,0.0,1.53,2.6
2019-07-17,17.1,11.2,24.3,21631,0.0,1.38,1.5
2019-07-18,20.4,10.6,27.9,25003,0.0,1.38,1.6
2019-07-19,19.6,14.3,26.2,11879,0.3,1.66,1.8
2019-07-20,22.9,12.7,31.4,26106,8.3,1.61,2.1
2019-07-21,21.0,15.5,27.2,23119,0.0,1.77,2.5
2019-07-22,21.1,14.0,26.2,16976,0.0,1.62,1.7
2019-07-23,23.9,17.0,30.9,27854,0.0,1.99,1.6
2019-07-24,25.6,15.4,33.8,27903,0.0,1.89,1.6
2019-07-25,27.1,17.6,35.2,27585,0.0,2.16,1.9
2019-07-26,25.3,20.1,31.4,27629,0.0,2.36,2.5
2019-07-27,23.9,18.0,29.4,26585,0.0,2.1,2.9
2019-07-28,25.0,17.5,31.9,20842,0.0,2.09,2.4
2019-07-29,26.2,18.8,34.0,19086,0.5,2.25,2.1
2019-07-30,23.7,19.5,29.2,13494,0.0,2.27,1.8
2019-07-31,20.6,14.6,26.7,14391,0.0,1.68,2.0
2019-08-01,18.7,12.7,26.2,19109,0.0,1.51,1.5
2019-08-02,18.1,11.1,24.8,15453,0.1,1.36,1.5
2019-08-03,18.2,12.6,26.7,18121,0.3,1.51,1.8
2019-08-04,18.7,12.1,25.4,18993,0.4,1.47,1.5
2019-08-05,19.7,11.8,26.9,16068,0.0,1.45,1.7
2019-08-06,22.0,14.6,29.7,20837,1.3,1.75,2.1
2019-08-07,19.8,15.4,26.2,12377,4.2,1.75,2.1
2019-08-08,20.0,12.9,27.0,19948,0.0,1.54,2.5
2019-08-09,21.9,10.8,29.4,21263,0.2,1.43,1.9
2019-08-10,22.8,17.4,27.2,12630,0.0,1.99,3.3
2019-08-11,23.1,15.4,30.2,21881,0.0,1.81,2.6
2019-08-12,20.3,16.0,23.9,10619,0.0,1.79,2.2
2019-08-13,18.9,12.5,24.4,18078,0.0,1.46,2.5
2019-08-14,15.5,8.3,22.7,19136,0.0,1.14,2.0
2019-08-15,17.9,7.2,24.4,14084,0.0,1.1,2.6
2019-08-16,18.1,12.4,23.9,16177,0.0,1.45,2.2
2019-08-17,21.0,13.6,28.4,10022,0.0,1.63,2.5
2019-08-18,22.4,17.7,31.1,14047,5.0,2.09,2.4
2019-08-19,19.0,13.0,25.9,13728,1.2,1.55,2.3
2019-08-20,19.5,12.8,26.5,10584,6.9,1.53,1.7
2019-08-21,17.9,10.9,24.3,20636,0.0,1.35,1.6
2019-08-22,18.4,9.4,26.3,20288,0.0,1.27,1.7
2019-08-23,19.9,11.0,27.5,22286,0.0,1.4,1.6
2019-08-24,21.6,11.2,28.8,19705,0.0,1.43,1.8
2019-08-25,24.8,18.8,31.4,21129,0.0,2.2,1.6
2019-08-26,23.2,18.3,33.6,17137,2.6,2.19,1.5
2019-08-27,24.7,17.6,31.0,19760,0.0,2.08,1.6
2019-08-28,25.6,18.1,33.3,19955,0.0,2.16,1.6
2019-08-29,23.9,16.3,31.3,18949,0.0,1.93,1.8
2019-08-30,24.7,16.3,32.7,20545,0.0,1.97,1.3
2019-08-31,26.3,17.8,33.6,21047,0.0,2.14,1.7
2019-09-01,25.2,18.6,32.9,15441,0.0,2.21,2.5
2019-09-02,16.9,8.2,22.1,15319,0.0,1.12,2.2
2019-09-03,15.8,6.4,23.4,12550,0.0,1.04,2.2
2019-09-04,20.6,13.9,28.1,19388,0.0,1.64,2.3
2019-09-05,17.3,12.1,23.2,11808,0.0,1.43,3.0
2019-09-06,13.7,6.6,21.2,20128,0.0,1.03,2.1
2019-09-07,12.9,7.3,17.1,7352,2.3,1.03,1.6
2019-09-08,14.9,7.6,20.8,14567,10.5,1.09,1.3
2019-09-09,13.5,11.3,15.3,7186,9.5,1.29,2.0
2019-09-10,14.3,7.4,19.8,15730,0.0,1.05,2.3
2019-09-11,14.4,5.5,23.1,18414,0.0,0.99,2.3
2019-09-12,16.9,12.5,22.3,9238,0.0,1.45,2.3
2019-09-13,17.1,9.7,23.5,9437,0.0,1.25,2.4
2019-09-14,12.3,5.4,19.5,17636,0.0,0.93,1.5
2019-09-15,15.6,5.0,23.9,15808,0.0,0.98,2.5
2019-09-16,13.7,10.5,17.1,6597,0.2,1.24,2.0
2019-09-17,12.0,9.1,16.9,9415,1.1,1.14,3.4
2019-09-18,10.9,6.5,15.9,12285,0.0,0.97,2.8
2019-09-19,9.3,3.1,16.6,12824,0.0,0.8,2.1
2019-09-20,8.9,1.6,16.5,13068,0.0,0.73,1.8
2019-09-21,11.9,3.2,22.0,16777,0.0,0.85,1.8
2019-09-22,15.4,5.5,25.2,16516,0.0,1.01,1.8
2019-09-23,15.2,5.7,23.8,13301,0.0,1.0,2.0
2019-09-24,16.4,11.0,20.5,6657,0.0,1.3,1.6
2019-09-25,14.5,10.7,18.2,5841,1.4,1.27,2.1
2019-09-26,14.8,9.7,20.5,11160,0.1,1.21,2.2
2019-09-27,15.7,11.2,19.7,5675,3.3,1.32,2.6
2019-09-28,14.6,10.0,20.5,11167,4.0,1.24,3.4
2019-09-29,16.6,13.5,19.1,6299,0.6,1.5,3.6
2019-09-30,15.1,11.2,17.8,7514,4.2,1.3,4.8
2019-10-01,15.3,9.7,20.4,5777,0.3,1.21,2.8
2019-10-02,10.6,5.8,16.3,6460,4.1,0.93,3.0
2019-10-03,9.0,5.6,13.4,6622,0.1,0.89,2.4
2019-10-04,8.0,2.5,13.0,5774,27.6,0.74,2.4
2019-10-05,7.6,1.7,8.9,5024,4.2,0.68,2.7
2019-10-06,5.7,-0.1,11.1,11187,0.0,0.62,2.1
2019-10-07,4.0,-1.8,12.6,12592,0.0,0.57,1.7
2019-10-08,9.4,1.8,12.3,4788,4.1,0.7,2.9
2019-10-09,12.9,10.1,17.1,8855,3.2,1.21,3.1
2019-10-10,11.3,9.5,15.2,7869,0.0,1.15,3.5
2019-10-11,13.4,9.1,16.4,5807,0.0,1.13,3.7
2019-10-12,17.2,13.2,22.5,11591,0.0,1.51,2.9
2019-10-13,20.1,15.4,26.1,9912,0.0,1.77,2.4
2019-10-14,18.5,13.2,24.9,11293,0.0,1.54,2.1
2019-10-15,15.1,9.6,23.0,11070,0.0,1.24,1.9
2019-10-16,13.0,10.9,15.6,4557,1.5,1.26,2.9
2019-10-17,15.0,10.5,18.9,6239,0.0,1.26,2.3
2019-10-18,15.9,10.1,20.3,8390,0.0,1.25,2.8
2019-10-19,12.1,8.6,15.2,3974,0.2,1.1,2.4
2019-10-20,15.3,10.6,22.5,10067,0.0,1.3,1.6
2019-10-21,13.6,8.1,20.6,7618,0.0,1.1,1.8
2019-10-22,12.2,7.4,19.5,8824,0.0,1.05,1.6
2019-10-23,11.5,5.5,16.4,5756,0.0,0.91,1.8
2019-10-24,13.2,9.4,17.5,6344,0.0,1.16,2.0
2019-10-25,13.6,9.5,19.1,7251,0.0,1.19,2.7
2019-10-26,14.7,9.0,20.6,7873,0.0,1.16,3.3
2019-10-27,11.5,4.6,17.3,3837,2.2,0.88,3.1
2019-10-28,6.8,3.4,11.6,6484,0.0,0.77,2.2
2019-10-29,3.7,-1.8,7.3,3514,0.0,0.54,1.7
2019-10-30,0.5,-3.7,8.3,7617,0.0,0.48,1.7
2019-10-31,-0.4,-5.0,6.9,7820,0.0,0.43,1.7
2019-11-01,2.4,-3.9,8.0,6845,0.5,0.47,2.5
2019-11-02,10.5,6.9,14.1,3333,0.5,0.98,3.1
2019-11-03,10.6,6.6,12.5,3094,3.4,0.95,2.3
2019-11-04,10.6,8.0,14.3,4110,4.1,1.05,2.5
2019-11-05,9.6,5.7,12.7,3455,0.3,0.89,2.1
2019-11-06,8.5,5.3,11.8,3165,0.0,0.88,1.8
2019-11-07,8.3,3.6,13.2,4776,0.0,0.8,2.1
2019-11-08,7.4,2.8,10.0,3511,0.0,0.73,1.6
2019-11-09,6.7,3.0,8.3,2724,2.0,0.74,1.9
2019-11-10,2.5,-2.5,9.8,6671,0.0,0.52,1.5
2019-11-11,1.8,-2.6,8.4,6579,0.5,0.51,2.6
2019-11-12,4.3,-0.4,6.2,2584,0.0,0.58,2.9
2019-11-13,4.8,3.5,6.2,2540,0.4,0.75,2.3
2019-11-14,5.0,1.3,9.3,5890,0.0,0.66,2.4
2019-11-15,7.2,4.0,10.2,2560,0.0,0.79,2.9
2019-11-16,6.0,0.0,13.0,4852,0.0,0.63,2.1
2019-11-17,6.7,0.9,10.9,3042,0.0,0.66,2.1
2019-11-18,8.4,4.6,13.3,2337,2.2,0.84,2.6
2019-11-19,5.8,3.4,9.4,4258,0.1,0.76,2.4
2019-11-20,5.1,4.2,6.0,2263,0.0,0.79,1.3
2019-11-21,8.0,5.7,9.5,2229,1.5,0.88,1.5
2019-11-22,8.9,6.3,12.6,4630,0.0,0.93,2.2
2019-11-23,6.7,3.4,10.7,3271,0.0,0.76,3.2
2019-11-24,4.5,2.6,8.4,5235,0.0,0.72,2.2
2019-11-25,3.6,2.3,4.9,2101,0.0,0.69,1.5
2019-11-26,6.2,3.9,8.0,2072,0.0,0.78,2.1
2019-11-27,7.0,4.2,9.0,2044,0.5,0.8,3.0
2019-11-28,10.1,7.8,13.1,3400,0.5,1.03,4.4
2019-11-29,6.4,0.3,9.8,3272,0.0,0.62,3.6
2019-11-30,0.4,-3.9,4.2,2512,0.0,0.46,1.8
2019-12-01,1.7,-1.6,4.9,1945,0.0,0.53,1.6
2019-12-02,2.4,-0.2,4.0,1924,0.1,0.58,2.3
2019-12-03,1.7,-1.9,4.8,2080,0.0,0.52,1.9
2019-12-04,3.5,-1.6,7.4,4788,0.0,0.54,2.1
2019-12-05,1.0,-2.5,5.1,4751,0.0,0.5,2.3
2019-12-06,3.3,-1.2,7.3,3108,8.3,0.55,4.0
2019-12-07,7.6,4.8,9.5,1832,0.0,0.83,4.1
2019-12-08,9.4,7.2,11.6,1989,0.0,0.99,4.7
2019-12-09,8.1,5.8,10.0,2915,0.0,0.89,4.1
2019-12-10,3.1,-0.1,6.0,4473,0.0,0.59,3.0
2019-12-11,2.4,-0.4,6.1,3306,0.0,0.58,2.8
2019-12-12,2.8,0.6,4.5,1769,0.0,0.61,2.5
2019-12-13,1.1,-2.2,3.8,2223,2.6,0.51,3.5
2019-12-14,4.5,3.6,6.1,1920,4.2,0.76,4.5
2019-12-15,6.5,3.1,10.5,1830,0.1,0.75,4.1
2019-12-16,7.0,3.9,10.3,1740,0.0,0.79,2.3
2019-12-17,8.4,3.6,11.6,2904,0.0,0.79,2.4
2019-12-18,8.7,3.2,11.1,1733,0.0,0.76,2.3
2019-12-19,4.1,1.3,7.9,3187,0.0,0.66,2.3
2019-12-20,6.6,0.6,12.7,4226,6.3,0.65,2.8
2019-12-21,6.4,0.9,9.7,3020,1.2,0.65,2.3
2019-12-22,2.9,-2.0,6.0,2356,0.1,0.52,2.8
2019-12-23,6.6,4.4,7.7,1733,0.6,0.81,3.5
2019-12-24,6.2,4.9,8.0,2488,4.7,0.83,3.0
2019-12-25,5.5,4.6,6.8,1742,0.0,0.82,2.8
2019-12-26,4.3,2.7,5.7,1790,0.7,0.71,1.7
2019-12-27,2.8,1.2,3.5,1755,0.0,0.64,1.8
2019-12-28,1.1,-0.2,1.9,1763,0.0,0.58,1.6
2019-12-29,0.0,-3.9,2.8,4184,0.0,0.45,1.9
2019-12-30,5.3,0.8,8.4,1953,0.0,0.64,2.7
2019-12-31,5.9,3.1,7.2,2179,0.0,0.74,2.5
2020-01-01,1.6,-3.9,4.7,2708,0.0,0.45,1.8
2020-01-02,-0.2,-6.2,8.2,4623,0.0,0.41,2.2
2020-01-03,5.2,1.1,7.6,1837,1.4,0.65,3.6
2020-01-04,4.4,1.5,7.1,1853,1.6,0.66,4.2
2020-01-05,1.2,-1.6,3.9,3713,0.0,0.53,2.1
2020-01-06,3.7,1.4,5.4,1890,0.0,0.65,2.2
2020-01-07,1.7,-2.4,4.1,2087,0.0,0.5,2.6
2020-01-08,5.7,2.7,7.4,1931,3.1,0.72,2.9
2020-01-09,7.7,6.4,9.0,1953,6.4,0.93,2.7
2020-01-10,9.1,5.1,10.9,2568,0.6,0.85,3.4
2020-01-11,4.2,1.5,6.4,2093,0.0,0.66,2.7
2020-01-12,3.4,0.4,6.5,4849,0.0,0.61,3.6
2020-01-13,5.1,2.9,6.8,2101,0.0,0.73,2.6
2020-01-14,6.0,3.3,8.9,2600,0.0,0.76,4.0
2020-01-15,6.7,3.8,10.7,4109,0.3,0.78,3.9
2020-01-16,6.2,1.2,11.3,5214,0.0,0.67,2.3
2020-01-17,4.4,-1.4,10.0,5228,0.0,0.56,2.6
2020-01-18,4.6,0.0,6.5,2207,0.0,0.6,2.9
2020-01-19,2.3,-0.2,4.5,2241,0.2,0.58,1.9
2020-01-20,2.3,-1.6,5.9,3826,0.0,0.54,1.9
2020-01-21,0.5,-2.7,5.3,6001,0.0,0.49,2.3
2020-01-22,1.4,-1.4,2.9,2351,0.0,0.53,2.1
2020-01-23,2.2,-3.8,5.1,2390,0.0,0.46,1.8
2020-01-24,-1.2,-6.0,4.0,6188,0.0,0.4,2.0
2020-01-25,-0.6,-1.2,-0.1,2472,0.0,0.54,1.9
2020-01-26,0.1,-1.2,2.4,2568,0.0,0.54,1.9
2020-01-27,5.3,1.9,10.6,5258,0.0,0.69,2.9
2020-01-28,5.8,3.4,9.4,3914,5.7,0.76,4.5
2020-01-29,4.4,3.0,6.2,2649,0.5,0.73,4.4
2020-01-30,5.4,2.5,8.0,2697,4.4,0.71,4.1
2020-01-31,10.1,5.1,13.2,4951,0.0,0.87,4.6
2020-02-01,11.4,9.0,14.2,2852,2.2,1.12,4.5
2020-02-02,7.3,5.2,9.6,2903,6.0,0.85,3.9
2020-02-03,7.3,5.3,9.7,3132,4.3,0.86,3.7
2020-02-04,4.7,2.9,6.8,3425,4.9,0.73,4.1
2020-02-05,2.6,-0.1,5.0,5285,0.0,0.59,3.0
2020-02-06,3.4,1.3,5.1,3060,0.1,0.65,2.3
2020-02-07,4.7,2.6,6.6,3117,0.0,0.71,1.9
2020-02-08,3.8,0.1,8.9,8087,0.0,0.61,2.3
2020-02-09,7.1,2.6,11.3,7135,3.0,0.74,5.2
2020-02-10,8.0,3.6,14.2,4439,4.4,0.8,7.0
2020-02-11,4.5,0.9,6.9,3933,2.5,0.63,6.6
2020-02-12,4.3,2.5,6.7,4263,0.0,0.71,5.6
2020-02-13,4.1,1.2,6.8,6051,0.0,0.65,3.3
2020-02-14,3.9,-0.1,6.2,3542,0.6,0.59,2.5
2020-02-15,5.4,-0.1,10.8,7052,0.0,0.62,3.1
2020-02-16,11.2,7.5,17.2,3877,1.7,1.03,5.2
2020-02-17,10.4,7.1,17.4,3739,0.8,1.02,4.5
2020-02-18,6.9,3.6,9.9,5835,0.2,0.77,4.8
2020-02-19,5.2,3.8,7.0,5078,2.7,0.78,4.3
2020-02-20,5.5,0.0,7.9,5233,3.9,0.6,3.7
2020-02-21,5.5,3.5,7.8,4667,0.0,0.76,4.6
2020-02-22,8.3,5.3,11.9,4306,1.7,0.87,5.3
2020-02-23,7.6,5.0,12.4,4159,14.7,0.86,5.6
2020-02-24,5.5,3.4,8.8,4756,6.6,0.76,3.8
2020-02-25,7.9,1.9,11.9,6727,2.1,0.7,4.7
2020-02-26,3.0,0.6,6.9,5298,4.8,0.62,3.8
2020-02-27,3.2,1.3,5.9,5538,0.8,0.65,3.1
2020-02-28,2.8,-0.1,7.1,6016,0.8,0.6,3.7
2020-02-29,5.7,0.9,10.2,5951,1.6,0.65,4.1
2020-03-01,6.6,2.4,12.1,7717,2.6,0.73,4.1
2020-03-02,5.1,1.9,8.0,5328,0.5,0.68,2.6
2020-03-03,3.9,1.4,5.4,4843,6.9,0.65,2.7
2020-03-04,3.5,-0.3,8.8,9775,0.2,0.6,2.3
2020-03-05,5.1,-1.0,10.7,12893,2.3,0.58,2.6
2020-03-06,6.3,3.8,9.6,5083,1.9,0.78,3.9
2020-03-07,4.3,1.5,5.9,5163,0.5,0.66,3.1
2020-03-08,5.8,-0.8,10.6,9264,0.0,0.58,3.1
2020-03-09,6.3,3.0,8.5,5759,1.9,0.74,2.6
2020-03-10,5.9,2.1,10.3,5932,6.4,0.71,4.5
2020-03-11,9.9,6.8,13.3,7163,0.0,0.97,4.4
2020-03-12,10.0,2.3,15.1,7705,0.6,0.74,5.3
2020-03-13,6.1,3.3,10.6,8076,2.0,0.76,4.6
2020-03-14,2.8,-2.7,8.3,15136,0.0,0.51,1.9
2020-03-15,5.3,-2.5,11.3,14573,0.0,0.54,3.2
2020-03-16,8.6,2.8,16.7,14640,0.0,0.78,2.0
2020-03-17,8.1,0.4,14.8,10814,0.0,0.66,2.0
2020-03-18,10.4,3.7,18.1,15983,0.0,0.83,2.4
2020-03-19,9.3,2.8,16.2,8049,0.0,0.78,1.5
2020-03-20,6.6,3.8,10.0,6250,0.6,0.78,2.3
2020-03-21,3.4,-2.8,7.5,11407,0.0,0.51,4.0
2020-03-22,0.3,-5.7,5.5,14906,0.0,0.41,3.8
2020-03-23,0.0,-6.6,5.9,17387,0.0,0.39,3.1
2020-03-24,0.5,-8.2,8.0,17652,0.0,0.36,2.9
2020-03-25,2.7,-4.0,9.3,17916,0.0,0.48,3.3
2020-03-26,4.6,-2.8,11.2,15500,0.0,0.52,3.4
2020-03-27,7.9,-0.4,16.8,17647,0.0,0.65,2.9
2020-03-28,6.8,-2.1,15.1,18008,0.0,0.57,2.6
2020-03-29,2.3,-2.4,4.4,7017,2.1,0.51,4.0
2020-03-30,0.6,-6.3,6.4,15061,0.0,0.4,2.7
2020-03-31,0.9,-5.4,5.7,14581,0.0,0.42,2.1
2020-04-01,2.3,-5.9,9.9,19674,0.0,0.43,2.3
2020-04-02,4.5,-3.2,11.7,10787,0.0,0.51,2.9
2020-04-03,7.2,2.7,11.4,11624,0.0,0.74,3.0
2020-04-04,6.1,-0.2,12.2,13417,0.0,0.62,1.7
2020-04-05,9.2,-0.4,16.6,20416,0.0,0.65,2.9
2020-04-06,13.8,1.9,22.1,20891,0.0,0.81,2.4
2020-04-07,15.1,6.1,22.5,21047,0.0,1.01,2.0
2020-04-08,13.5,3.9,23.5,21201,0.0,0.91,1.7
2020-04-09,11.3,1.6,19.5,17349,0.0,0.75,2.0
2020-04-10,8.9,-0.4,16.8,21177,0.0,0.65,1.8
2020-04-11,8.7,-0.6,17.0,21980,0.0,0.64,1.5
2020-04-12,13.6,0.2,23.8,22019,0.2,0.75,1.9
2020-04-13,8.3,0.8,14.9,11898,2.0,0.68,3.9
2020-04-14,5.1,0.1,10.6,18316,0.0,0.62,2.9
2020-04-15,8.0,1.3,15.0,18662,0.0,0.7,2.6
2020-04-16,11.3,0.4,20.3,22591,0.0,0.72,2.0
2020-04-17,10.0,0.9,17.6,20143,0.0,0.71,1.6
2020-04-18,11.1,1.9,19.0,23428,0.0,0.77,2.1
2020-04-19,9.3,0.5,14.9,21751,0.0,0.66,3.0
2020-04-20,9.0,-0.2,15.7,23698,0.0,0.64,4.1
2020-04-21,10.9,3.8,17.9,23715,0.0,0.84,4.6
2020-04-22,11.7,2.1,19.2,23844,0.0,0.78,3.6
2020-04-23,12.6,1.5,21.7,24201,0.0,0.77,1.9
2020-04-24,14.0,3.3,22.6,18206,0.0,0.86,2.8
2020-04-25,10.4,6.5,14.9,10662,0.0,0.96,2.5
2020-04-26,11.3,3.9,18.6,19571,0.0,0.86,1.5
2020-04-27,13.5,1.8,23.1,24804,0.0,0.81,1.8
2020-04-28,17.3,6.6,25.3,20709,0.0,1.07,2.1
2020-04-29,13.5,9.0,17.0,9665,3.3,1.14,2.5
2020-04-30,14.7,8.8,19.7,14438,0.0,1.15,2.9
2020-05-01,14.0,10.1,19.1,16759,0.0,1.22,3.1
2020-05-02,10.5,6.6,16.0,14358,0.0,0.98,3.0
2020-05-03,10.3,3.7,15.0,13010,0.0,0.81,2.0
2020-05-04,9.0,1.9,17.1,11773,4.3,0.74,2.1
2020-05-05,6.9,0.8,13.0,22448,0.1,0.66,2.5
2020-05-06,10.1,2.2,17.4,16803,0.0,0.76,2.4
2020-05-07,9.2,4.6,15.7,15920,0.0,0.86,2.0
2020-05-08,14.2,3.7,23.0,26071,0.0,0.9,1.6
2020-05-09,16.0,4.2,24.0,25079,0.0,0.93,1.5
2020-05-10,18.1,9.7,26.4,18537,3.1,1.3,2.1
2020-05-11,7.8,1.8,13.9,10157,12.2,0.72,3.7
2020-05-12,6.0,-0.7,12.0,19403,0.0,0.6,2.4
2020-05-13,9.5,0.1,15.1,17048,0.0,0.65,2.0
2020-05-14,10.1,2.2,15.7,19538,0.0,0.75,2.5
2020-05-15,9.7,-0.3,16.5,24343,0.0,0.66,2.6
2020-05-16,11.1,4.6,17.6,20761,0.0,0.87,2.4
2020-05-17,12.6,5.6,18.9,20335,0.0,0.94,2.5
2020-05-18,15.3,7.6,22.3,22959,0.0,1.1,2.3
2020-05-19,15.3,8.0,21.0,16541,0.0,1.1,2.3
2020-05-20,15.4,5.8,21.4,21733,0.0,0.99,1.6
2020-05-21,14.0,3.3,20.7,28406,0.0,0.85,1.5
2020-05-22,17.1,6.2,23.2,20861,3.4,1.02,2.1
2020-05-23,15.5,8.5,20.8,11210,2.1,1.14,2.8
2020-05-24,12.5,9.4,17.9,17641,6.4,1.16,3.5
2020-05-25,11.5,9.4,13.8,12024,2.2,1.14,3.1
2020-05-26,13.0,5.4,20.0,23392,0.0,0.94,1.6
2020-05-27,15.6,4.7,23.1,26766,1.1,0.94,1.9
2020-05-28,13.8,9.2,19.4,17312,0.5,1.16,2.7
2020-05-29,14.4,6.0,20.3,24385,0.0,0.98,2.1
2020-05-30,13.9,7.1,19.4,24919,0.0,1.03,2.5
2020-05-31,15.8,9.7,23.8,19641,0.0,1.25,2.7
2020-06-01,17.0,6.2,24.7,29693,0.0,1.06,2.4
2020-06-02,16.0,7.3,25.4,24160,9.3,1.13,1.7
2020-06-03,17.5,8.4,24.7,28154,0.0,1.18,1.9
2020-06-04,17.7,10.0,24.4,18894,2.4,1.29,2.2
2020-06-05,14.7,11.5,18.4,13961,0.7,1.34,3.4
2020-06-06,14.0,8.6,19.7,17578,0.0,1.13,3.2
2020-06-07,13.4,8.6,17.7,11522,6.3,1.12,2.3
2020-06-08,15.8,10.8,22.1,18735,0.0,1.31,1.5
2020-06-09,17.0,9.4,21.3,18008,0.0,1.21,1.9
2020-06-10,18.1,12.1,23.5,22369,0.0,1.42,2.1
2020-06-11,19.2,15.6,23.9,13817,0.1,1.75,2.0
2020-06-12,21.4,14.4,29.1,17182,0.0,1.7,2.5
2020-06-13,23.3,16.7,33.8,19552,4.1,2.04,2.4
2020-06-14,20.5,15.3,26.2,18816,0.0,1.75,2.7
2020-06-15,19.4,11.1,25.6,24786,0.0,1.38,2.0
2020-06-16,19.7,9.9,26.7,22929,0.0,1.3,1.4
2020-06-17,21.4,12.2,29.0,20697,0.0,1.52,1.7
2020-06-18,21.2,17.0,27.3,13868,0.0,1.95,2.2
2020-06-19,17.3,16.1,19.9,11260,14.4,1.77,2.3
2020-06-20,16.5,14.6,19.9,11260,1.8,1.61,2.5
2020-06-21,15.9,13.6,19.1,11258,3.4,1.53,2.0
2020-06-22,20.2,12.3,27.6,26402,0.0,1.51,2.2
2020-06-23,18.2,10.3,24.5,29498,0.0,1.3,1.8
2020-06-24,18.0,9.0,24.0,18566,0.0,1.2,2.1
2020-06-25,22.4,18.3,27.6,24512,0.0,2.09,2.4
2020-06-26,21.9,16.8,27.1,21770,9.8,1.92,2.0
2020-06-27,23.3,14.9,31.6,22376,2.3,1.81,2.1
2020-06-28,22.7,17.9,30.4,20004,13.3,2.08,2.5
2020-06-29,18.0,12.3,23.6,17633,0.1,1.46,2.5
2020-06-30,19.3,12.1,25.4,25914,0.0,1.47,3.5
2020-07-01,21.9,16.6,28.1,21805,14.8,1.91,2.8
2020-07-02,20.5,16.1,26.1,19925,0.1,1.82,2.3
2020-07-03,19.1,13.9,24.0,22622,0.0,1.6,2.4
2020-07-04,21.4,12.8,27.3,25438,0.0,1.53,3.3
2020-07-05,23.8,19.1,28.0,17871,0.0,2.19,4.0
2020-07-06,19.2,13.0,23.3,22905,0.0,1.5,4.0
2020-07-07,16.3,11.8,21.4,18800,0.2,1.38,2.5
2020-07-08,13.6,10.3,16.3,12479,0.1,1.23,2.0
2020-07-09,17.7,10.8,22.2,11957,0.1,1.31,2.1
2020-07-10,21.6,13.8,30.4,13281,0.0,1.69,2.9
2020-07-11,15.6,8.5,21.8,21244,0.0,1.15,2.2
2020-07-12,15.2,7.0,21.9,25135,0.0,1.05,1.9
2020-07-13,17.1,6.6,25.1,26316,0.0,1.08,1.6
2020-07-14,21.4,10.6,28.6,25162,0.0,1.4,1.7
2020-07-15,17.1,13.0,23.1,15921,5.4,1.49,1.7
2020-07-16,16.5,12.7,21.8,16490,0.5,1.47,1.7
2020-07-17,16.0,10.3,20.8,14610,0.0,1.26,1.5
2020-07-18,19.4,9.5,27.7,22381,0.0,1.3,1.3
2020-07-19,21.9,13.6,30.7,22569,9.3,1.67,1.5
2020-07-20,19.8,12.6,28.3,15567,0.7,1.54,2.2
2020-07-21,18.0,11.8,23.6,24275,0.0,1.4,2.1
2020-07-22,17.6,11.0,23.5,24696,0.0,1.35,1.8
2020-07-23,17.0,11.7,23.1,17108,0.0,1.39,1.6
2020-07-24,20.9,10.1,28.8,22257,0.0,1.35,2.4
2020-07-25,20.5,12.3,27.7,18078,0.0,1.52,1.9
2020-07-26,19.4,14.9,26.4,17412,0.7,1.72,2.5
2020-07-27,21.6,13.5,27.4,18553,0.0,1.61,1.9
2020-07-28,24.4,18.0,30.1,17764,0.0,2.09,3.3
2020-07-29,19.4,11.0,25.7,23697,0.0,1.38,2.8
2020-07-30,18.3,8.8,26.4,25892,0.0,1.24,1.8
2020-07-31,19.2,10.8,27.8,25923,0.0,1.38,1.6
2020-08-01,22.0,11.2,30.6,27025,0.0,1.46,2.0
2020-08-02,21.3,17.5,28.9,14907,7.0,2.03,1.9
2020-08-03,17.5,13.4,21.2,11037,0.1,1.52,1.9
2020-08-04,16.7,11.2,21.9,10737,0.0,1.35,1.8
2020-08-05,19.3,9.1,27.3,26273,0.0,1.27,1.9
2020-08-06,22.0,11.4,29.7,26168,0.0,1.46,1.7
2020-08-07,24.8,15.0,33.6,24651,0.0,1.86,1.6
2020-08-08,26.8,17.1,35.6,23139,0.0,2.1,1.4
2020-08-09,27.3,18.1,36.1,21866,0.0,2.21,1.7
2020-08-10,22.3,18.9,26.9,9408,1.4,2.15,2.0
2020-08-11,25.2,18.9,32.8,24682,0.0,2.25,2.3
2020-08-12,24.8,17.5,31.9,25145,0.0,2.09,2.3
2020-08-13,24.1,17.4,31.4,14517,0.0,2.04,2.0
2020-08-14,22.2,18.6,28.3,11437,0.2,2.13,1.7
2020-08-15,23.3,17.4,29.1,14112,0.0,2.02,1.4
2020-08-16,24.3,17.2,30.6,24425,0.0,2.0,1.8
2020-08-17,23.5,15.4,32.3,20766,0.0,1.88,1.8
2020-08-18,20.2,16.5,24.2,9303,8.5,1.86,1.8
2020-08-19,19.9,14.6,26.7,19175,0.0,1.68,1.5
2020-08-20,23.5,13.5,31.3,19285,0.0,1.68,1.9
2020-08-21,28.3,20.2,35.6,23316,0.0,2.45,2.2
2020-08-22,21.0,17.6,25.4,9891,7.9,1.97,2.7
2020-08-23,19.5,15.1,25.8,15035,0.0,1.74,3.0
2020-08-24,17.3,12.7,22.8,13269,0.1,1.46,2.3
2020-08-25,18.5,11.8,24.0,16806,2.3,1.42,2.2
2020-08-26,19.9,16.9,23.6,10436,1.5,1.89,5.1
2020-08-27,16.5,9.7,20.2,10893,0.0,1.21,2.7
2020-08-28,17.7,10.1,25.7,11778,0.2,1.32,2.4
2020-08-29,19.9,17.1,24.8,10275,0.0,1.93,2.1
2020-08-30,17.3,13.9,20.4,7925,36.7,1.55,1.8
2020-08-31,15.7,10.4,21.8,11589,3.2,1.28,1.8
2020-09-01,13.3,8.7,18.7,10530,0.5,1.13,1.7
2020-09-02,13.1,7.2,18.6,10010,2.5,1.03,1.5
2020-09-03,17.4,12.1,23.0,15809,2.5,1.41,2.2
2020-09-04,18.3,15.2,23.2,8878,0.0,1.71,2.3
2020-09-05,16.5,11.8,20.0,7643,0.1,1.38,2.3
2020-09-06,13.8,7.6,19.3,15109,0.0,1.07,1.9
2020-09-07,13.0,6.4,20.9,14156,0.0,1.01,1.7
2020-09-08,16.7,8.0,24.7,14336,0.0,1.15,2.4
2020-09-09,19.6,11.4,27.5,18673,0.1,1.43,2.4
2020-09-10,15.7,7.7,20.7,16094,0.0,1.08,1.8
2020-09-11,15.4,6.3,23.9,18555,0.0,1.04,1.4
2020-09-12,17.8,9.1,26.2,17995,0.0,1.25,2.1
2020-09-13,17.1,10.5,24.8,17438,0.0,1.32,1.9
2020-09-14,20.2,10.5,30.2,16985,0.0,1.42,1.5
2020-09-15,22.1,13.6,31.8,17802,0.0,1.69,1.3
2020-09-16,22.5,14.3,29.7,15798,0.0,1.71,1.9
2020-09-17,14.9,5.6,19.3,14877,0.0,0.94,2.7
2020-09-18,11.0,2.4,20.0,17206,0.0,0.8,2.2
2020-09-19,13.5,3.9,21.7,15053,0.0,0.88,1.8
2020-09-20,14.5,6.6,23.6,16214,0.0,1.05,1.7
2020-09-21,15.8,6.4,25.3,16423,0.0,1.07,1.2
2020-09-22,18.1,9.1,26.7,16071,0.0,1.26,1.2
2020-09-23,19.6,11.7,27.9,13066,0.2,1.46,1.9
2020-09-24,18.2,12.0,24.0,11289,0.0,1.43,2.8
2020-09-25,13.5,10.8,16.0,5758,10.8,1.26,2.6
2020-09-26,9.3,5.0,10.9,5675,14.4,0.85,3.0
2020-09-27,9.6,4.6,13.9,6123,0.0,0.85,2.1
2020-09-28,12.2,4.6,18.1,11737,0.1,0.88,1.5
2020-09-29,12.6,8.5,18.7,10121,0.0,1.11,1.6
2020-09-30,10.8,5.4,17.2,6983,0.0,0.92,1.4
2020-10-01,11.7,7.2,16.4,5863,0.0,1.01,2.0
2020-10-02,14.0,11.4,18.0,9665,0.0,1.31,2.9
2020-10-03,16.6,12.0,21.8,10631,3.7,1.41,3.3
2020-10-04,13.4,5.9,19.9,10664,0.0,0.98,2.9
2020-10-05,10.8,6.1,16.5,6341,2.1,0.94,2.7
2020-10-06,13.0,8.9,16.8,7631,0.0,1.13,3.5
2020-10-07,12.7,10.3,16.6,6479,0.5,1.23,3.2
2020-10-08,13.5,10.0,16.3,8297,1.3,1.2,3.5
2020-10-09,14.1,12.7,15.7,5028,2.1,1.41,2.2
2020-10-10,10.7,3.9,14.2,4714,0.3,0.81,2.6
2020-10-11,6.7,2.4,12.7,9814,0.0,0.74,2.0
2020-10-12,6.5,0.5,11.4,4560,0.0,0.64,1.6
2020-10-13,5.2,-0.4,9.7,4333,23.5,0.6,1.6
2020-10-14,8.9,7.7,9.9,4260,15.3,1.01,3.4
2020-10-15,10.3,9.6,12.0,4261,1.6,1.16,2.7
2020-10-16,9.3,7.9,12.3,4994,0.7,1.04,2.1
2020-10-17,8.4,7.1,11.2,5058,0.0,0.97,1.4
2020-10-18,9.0,7.3,12.1,4547,0.2,1.0,2.3
2020-10-19,8.7,4.0,11.8,4259,0.0,0.8,1.7
2020-10-20,8.9,2.5,13.3,6147,0.5,0.75,2.4
2020-10-21,12.5,10.3,15.0,3907,0.2,1.21,2.9
2020-10-22,15.8,11.9,21.7,8768,0.0,1.4,3.0
2020-10-23,15.0,12.1,17.4,3839,0.2,1.38,2.0
2020-10-24,13.0,9.6,18.2,7787,0.0,1.18,2.8
2020-10-25,12.4,6.7,18.3,8732,0.0,1.0,2.8
2020-10-26,11.9,9.3,15.6,3968,0.0,1.15,2.4
2020-10-27,10.2,7.5,13.2,3965,0.0,1.01,3.1
2020-10-28,9.8,7.3,13.1,3322,0.1,1.0,3.4
2020-10-29,10.4,7.2,12.9,5093,1.1,0.99,3.5
2020-10-30,10.8,7.2,13.4,3204,18.4,1.0,3.3
2020-10-31,13.2,11.3,14.9,3146,1.0,1.29,2.2
2020-11-01,12.3,9.6,14.3,3089,0.1,1.16,2.9
2020-11-02,16.2,13.9,19.7,3636,0.1,1.55,4.0
2020-11-03,12.6,9.2,17.0,4586,0.0,1.15,2.7
2020-11-04,8.0,1.0,11.4,4279,0.0,0.66,2.3
2020-11-05,5.0,-0.5,10.6,6594,0.0,0.6,2.2
2020-11-06,7.5,6.1,8.9,2823,0.0,0.91,1.8
2020-11-07,7.7,1.5,14.7,6634,0.0,0.71,1.7
2020-11-08,4.8,-1.3,12.3,7102,0.0,0.59,1.4
2020-11-09,5.3,4.3,6.4,2676,0.0,0.8,1.8
2020-11-10,5.4,4.4,6.5,2630,0.0,0.8,1.8
2020-11-11,6.5,5.7,7.5,2584,0.0,0.88,1.6
2020-11-12,7.0,4.4,9.6,3505,0.0,0.81,2.3
2020-11-13,8.6,5.7,12.3,5678,0.0,0.89,2.0
2020-11-14,11.5,8.9,15.7,3346,0.0,1.11,2.0
2020-11-15,9.5,6.5,13.1,5007,1.3,0.95,3.1
2020-11-16,9.6,7.7,12.7,3401,0.2,1.02,3.5
2020-11-17,10.3,7.8,12.1,3351,0.1,1.03,3.0
2020-11-18,10.4,6.3,13.4,2550,0.0,0.93,2.7
2020-11-19,8.8,3.7,10.6,2711,2.3,0.78,4.0
2020-11-20,1.7,-2.5,5.3,3409,0.0,0.5,2.2
2020-11-21,3.4,-1.8,7.0,4630,0.0,0.53,3.0
2020-11-22,7.4,5.9,8.9,2162,0.0,0.9,2.8
2020-11-23,6.2,1.7,9.1,4137,0.0,0.68,2.4
2020-11-24,2.1,-3.8,8.1,5460,0.0,0.48,2.4
2020-11-25,0.0,-5.0,6.4,5401,0.0,0.43,2.2
2020-11-26,3.0,-0.5,5.7,2509,1.7,0.57,1.9
2020-11-27,4.9,1.3,6.1,2018,0.0,0.65,1.4
2020-11-28,2.8,-0.9,5.0,2130,0.0,0.56,1.8
2020-11-29,2.7,1.5,4.5,1968,0.0,0.65,1.8
2020-11-30,1.5,-0.1,2.6,1945,0.0,0.58,2.1
2020-12-01,1.5,-3.7,3.9,1924,0.0,0.46,2.0
2020-12-02,-1.6,-5.1,2.6,4119,0.0,0.42,1.8
2020-12-03,-1.2,-3.5,0.8,1883,0.5,0.46,3.0
2020-12-04,1.8,-2.6,6.1,3396,0.0,0.51,3.0
2020-12-05,4.1,0.6,10.6,3456,0.0,0.64,2.0
2020-12-06,7.8,2.4,12.8,3431,0.0,0.73,1.9
2020-12-07,7.7,5.1,9.5,1817,0.0,0.85,2.4
2020-12-08,3.2,0.6,6.1,4199,0.0,0.62,1.8
2020-12-09,1.8,-0.2,3.0,1791,0.0,0.58,1.8
2020-12-10,-0.8,-1.4,-0.2,1780,0.0,0.53,1.6
2020-12-11,0.1,-1.5,2.4,1769,0.0,0.53,2.8
2020-12-12,1.1,-1.1,2.2,1887,0.5,0.54,2.2
2020-12-13,4.2,2.1,5.5,1753,0.0,0.69,1.8
2020-12-14,5.2,1.7,8.7,3085,0.0,0.68,2.6
2020-12-15,5.4,3.4,7.1,1866,0.0,0.75,2.2
2020-12-16,6.8,3.5,8.2,1736,0.0,0.76,1.9
2020-12-17,4.3,-0.5,7.3,2857,0.3,0.58,2.6
2020-12-18,3.9,1.1,8.7,4145,0.0,0.65,2.3
2020-12-19,2.9,-1.5,7.1,4226,0.0,0.54,2.7
2020-12-20,1.5,-2.6,6.9,3977,0.0,0.51,2.3
2020-12-21,4.4,2.1,7.9,3480,1.9,0.69,2.7
2020-12-22,9.2,5.1,13.6,2109,2.5,0.88,3.8
2020-12-23,8.5,6.7,11.5,1737,5.4,0.95,2.2
2020-12-24,7.6,3.1,11.1,2954,0.1,0.75,3.4
2020-12-25,2.7,1.5,3.9,1748,0.0,0.65,2.4
2020-12-26,1.0,-0.9,2.4,3268,0.0,0.55,3.0
2020-12-27,1.4,-0.1,3.3,2522,0.0,0.59,5.0
2020-12-28,3.3,1.6,4.8,1984,0.0,0.66,2.6
2020-12-29,3.4,0.3,6.7,2165,0.5,0.61,2.6
2020-12-30,2.7,-2.5,6.8,3971,0.0,0.51,2.7
2020-12-31,1.9,-2.8,5.9,4337,0.0,0.49,2.4
2021-01-01,1.1,-3.2,3.3,1808,0.0,0.47,1.4
2021-01-02,0.2,-1.6,2.0,1822,8.1,0.52,1.6
2021-01-03,0.4,-0.2,0.8,1837,8.1,0.57,2.6
2021-01-04,0.5,-0.1,0.8,1853,0.0,0.58,2.6
2021-01-05,0.6,0.1,1.2,1871,2.3,0.59,2.6
2021-01-06,1.0,0.3,1.7,1890,0.3,0.6,2.2
2021-01-07,1.0,0.1,1.9,1910,0.0,0.59,2.1
2021-01-08,0.7,-0.3,1.9,1931,0.0,0.57,2.1
2021-01-09,0.5,-0.6,1.4,1953,1.1,0.56,1.6
2021-01-10,-0.1,-2.7,1.2,1976,0.0,0.48,1.9
2021-01-11,-0.3,-3.2,1.5,2001,2.6,0.47,3.2
2021-01-12,1.3,0.1,2.3,2027,7.4,0.59,4.0
2021-01-13,1.4,-0.6,2.7,2054,6.0,0.56,4.2
2021-01-14,0.3,-1.3,1.3,2176,0.2,0.53,2.9
2021-01-15,-0.6,-3.6,0.6,2159,2.0,0.45,2.2
2021-01-16,-2.8,-4.0,-1.8,2142,0.0,0.44,2.1
2021-01-17,-2.9,-6.8,-1.1,2174,0.0,0.36,1.6
2021-01-18,-2.5,-8.6,2.0,2207,2.7,0.32,2.9
2021-01-19,2.4,0.1,4.6,2241,5.8,0.59,3.8
2021-01-20,6.2,2.7,10.8,3826,0.0,0.73,3.6
2021-01-21,7.7,5.7,9.9,3980,0.0,0.89,4.4
2021-01-22,7.3,3.2,10.7,3781,0.0,0.76,3.5
2021-01-23,1.7,-0.2,4.5,2390,15.3,0.58,2.1
2021-01-24,0.5,-0.1,1.5,2430,2.6,0.58,2.4
2021-01-25,1.1,-0.1,2.8,3000,0.0,0.58,1.8
2021-01-26,0.4,-2.0,2.0,4596,0.0,0.51,3.0
2021-01-27,1.2,-0.9,4.7,3908,0.0,0.56,2.5
2021-01-28,1.7,-2.2,4.1,2603,0.1,0.51,2.6
2021-01-29,-1.3,-3.7,0.9,2815,10.4,0.45,3.5
2021-01-30,-1.8,-5.8,0.1,2752,0.0,0.38,2.6
2021-01-31,-5.2,-10.5,0.8,6534,0.0,0.28,2.1
2021-02-01,-5.8,-11.6,-0.2,5484,0.0,0.26,2.2
2021-02-02,1.9,-1.7,3.6,2846,4.6,0.53,2.3
2021-02-03,7.1,2.0,10.2,3659,7.5,0.7,3.3
2021-02-04,2.5,0.3,9.3,2951,2.3,0.62,2.8
2021-02-05,0.1,-0.7,0.9,3005,0.0,0.55,2.4
2021-02-06,-0.9,-3.4,0.1,3060,9.7,0.46,3.9
2021-02-07,-6.3,-7.8,-3.6,3117,7.6,0.33,4.8
2021-02-08,-9.2,-14.3,-6.8,3174,2.9,0.2,3.6
2021-02-09,-10.3,-14.9,-7.4,3233,0.0,0.19,1.9
2021-02-10,-10.6,-14.6,-6.0,3292,0.0,0.2,2.3
2021-02-11,-8.0,-14.1,-1.4,6318,0.0,0.22,1.8
2021-02-12,-8.9,-13.3,-4.1,4915,0.0,0.22,2.3
2021-02-13,-9.1,-15.1,-3.2,3478,0.0,0.2,2.1
2021-02-14,-8.3,-15.0,-3.5,6346,0.0,0.2,2.0
2021-02-15,-6.0,-17.5,1.9,6579,0.8,0.18,2.7
2021-02-16,1.9,-1.9,4.9,3672,0.1,0.52,2.2
2021-02-17,4.3,1.1,7.0,3808,1.2,0.65,2.9
2021-02-18,6.7,0.2,11.8,7864,1.5,0.63,2.5
2021-02-19,5.8,-2.0,10.4,8687,0.0,0.55,2.5
2021-02-20,6.1,-2.2,13.9,9455,0.0,0.56,2.2
2021-02-21,7.6,3.3,14.4,10601,0.0,0.78,2.2
2021-02-22,5.2,-1.7,12.9,10747,0.0,0.57,2.0
2021-02-23,8.7,0.0,18.6,9783,0.0,0.69,2.0
2021-02-24,11.4,3.2,19.2,9919,0.0,0.82,2.2
2021-02-25,10.7,2.4,20.4,10660,0.0,0.8,2.1
2021-02-26,5.4,3.3,7.2,4380,3.3,0.75,2.4
2021-02-27,4.1,-1.7,7.0,4456,0.0,0.54,2.3
2021-02-28,3.2,-2.0,9.7,7032,0.0,0.55,2.0
2021-03-01,3.8,-1.9,9.6,8556,0.0,0.54,1.6
2021-03-02,3.1,-3.4,13.8,10430,0.0,0.52,1.4
2021-03-03,5.9,-3.4,14.9,11212,0.0,0.53,1.6
2021-03-04,4.2,1.9,6.7,5250,0.0,0.68,2.4
2021-03-05,1.2,-4.6,5.8,11584,0.0,0.44,2.4
2021-03-06,0.6,-7.1,6.0,10152,0.0,0.38,2.3
2021-03-07,3.0,1.5,3.7,5083,0.0,0.66,2.5
2021-03-08,1.0,-5.8,6.0,13380,0.0,0.41,1.6
2021-03-09,-0.9,-7.1,6.7,12172,0.0,0.38,1.6
2021-03-10,0.8,-7.3,8.3,14046,0.0,0.38,2.2
2021-03-11,5.8,1.8,10.3,6803,8.6,0.69,5.2
2021-03-12,7.1,3.9,10.5,8482,3.3,0.79,5.0
2021-03-13,6.8,4.9,11.0,6463,3.7,0.85,5.4
2021-03-14,5.3,2.3,9.0,6912,1.7,0.71,4.2
2021-03-15,4.3,1.4,7.6,7729,5.0,0.66,3.6
2021-03-16,3.9,-1.6,6.3,6009,2.4,0.54,3.2
2021-03-17,1.6,-1.7,6.3,7197,2.3,0.53,2.0
2021-03-18,0.3,-2.4,5.0,7385,3.2,0.51,1.6
2021-03-19,0.6,-3.4,4.1,7949,0.3,0.47,2.5
2021-03-20,-0.6,-6.3,2.6,7484,0.0,0.38,2.4
2021-03-21,2.9,-2.7,8.2,6915,3.2,0.51,3.7
2021-03-22,3.4,-3.3,10.1,15617,0.0,0.51,2.4
2021-03-23,5.2,0.2,7.3,6421,0.0,0.61,2.0
2021-03-24,6.7,0.1,12.3,9323,0.0,0.63,1.8
2021-03-25,7.5,-0.6,16.4,13639,0.0,0.64,1.7
2021-03-26,9.7,2.3,17.4,15156,0.0,0.77,2.2
2021-03-27,7.4,2.9,13.5,11032,2.1,0.76,4.0
2021-03-28,7.5,1.4,12.5,13947,0.0,0.69,3.1
2021-03-29,13.7,9.4,18.3,7536,0.0,1.17,2.9
2021-03-30,13.7,5.7,22.4,18573,0.0,1.0,1.7
2021-03-31,13.8,3.6,24.1,18939,0.0,0.91,1.3
2021-04-01,11.8,4.7,19.7,8727,0.5,0.9,2.5
2021-04-02,7.4,3.6,12.4,15539,0.0,0.79,3.1
2021-04-03,4.9,-2.7,9.4,11515,1.1,0.51,2.8
2021-04-04,4.0,-5.3,11.6,19262,0.0,0.45,2.5
2021-04-05,3.4,-0.4,9.1,7733,2.7,0.59,4.8
2021-04-06,1.3,-1.6,6.8,14063,0.9,0.54,4.0
2021-04-07,3.1,0.2,7.2,10882,1.3,0.61,4.3
2021-04-08,4.2,1.6,8.2,11197,0.0,0.67,3.5
2021-04-09,7.4,1.2,14.1,17756,0.0,0.69,3.0
2021-04-10,6.1,1.4,8.3,7934,1.4,0.66,2.0
2021-04-11,13.6,6.0,21.8,20090,0.5,0.99,3.0
2021-04-12,4.4,0.4,6.8,8095,5.8,0.61,2.7
2021-04-13,4.2,-1.5,9.0,13559,0.0,0.55,2.6
2021-04-14,4.1,0.0,8.7,12560,0.0,0.61,2.1
2021-04-15,2.7,-0.3,6.2,8334,2.7,0.59,2.3
2021-04-16,5.6,1.5,10.4,9192,0.0,0.68,2.4
2021-04-17,6.6,3.7,9.7,8713,0.1,0.78,2.1
2021-04-18,7.3,3.6,12.0,9690,14.0,0.79,1.6
2021-04-19,8.3,2.2,15.3,13722,0.1,0.75,1.7
2021-04-20,9.9,3.9,17.1,16311,0.1,0.84,1.6
2021-04-21,11.4,3.0,18.2,22219,0.0,0.81,2.6
2021-04-22,7.4,3.1,12.0,12179,0.5,0.76,3.6
2021-04-23,7.7,2.5,13.1,12838,0.0,0.74,2.6
2021-04-24,7.3,0.8,12.6,18218,0.0,0.66,2.3
2021-04-25,5.8,-2.1,10.3,15666,0.0,0.54,2.4
2021-04-26,3.7,-4.0,10.2,19003,0.0,0.48,2.1
2021-04-27,6.3,-3.9,13.3,25034,0.0,0.51,2.5
2021-04-28,10.5,1.7,19.0,19090,0.3,0.75,2.2
2021-04-29,11.5,6.8,18.5,11234,4.9,1.01,3.0
2021-04-30,8.3,5.4,11.0,10016,0.0,0.87,1.9
2021-05-01,9.6,6.3,14.0,11614,2.6,0.94,1.7
2021-05-02,7.4,4.9,9.1,9561,14.9,0.84,2.7
2021-05-03,7.5,3.7,11.8,17079,0.0,0.78,2.8
2021-05-04,10.5,5.5,15.2,11113,0.6,0.91,5.1
2021-05-05,10.0,5.9,14.6,19265,0.1,0.92,5.1
2021-05-06,7.9,4.0,13.4,18157,4.7,0.81,3.1
2021-05-07,6.2,3.8,9.2,13099,4.2,0.78,3.0
2021-05-08,9.8,2.2,15.3,20350,0.0,0.75,2.4
2021-05-09,18.9,9.5,26.5,25831,0.0,1.28,3.0
2021-05-10,22.0,13.8,30.0,26522,0.0,1.66,2.6
2021-05-11,22.3,13.4,30.1,26008,0.0,1.65,2.3
2021-05-12,14.7,12.8,16.6,10157,7.6,1.43,2.5
2021-05-13,11.5,10.5,13.1,10211,6.6,1.22,2.2
2021-05-14,11.5,5.4,15.4,10869,0.0,0.9,2.2
2021-05-15,12.8,4.0,18.8,19780,0.1,0.87,2.3
2021-05-16,13.2,7.2,19.1,17171,2.6,1.03,2.4
2021-05-17,13.2,6.1,19.8,19056,2.6,0.98,2.6
2021-05-18,12.4,6.7,17.6,18385,0.0,0.99,2.5
2021-05-19,10.2,4.5,16.7,18686,0.2,0.86,2.2
2021-05-20,11.6,5.2,17.9,19109,0.1,0.91,2.3
2021-05-21,15.6,9.8,21.1,22345,0.0,1.23,3.6
2021-05-22,13.3,10.4,17.9,15907,1.0,1.24,4.2
2021-05-23,11.5,6.9,17.4,20248,10.5,1.0,3.0
2021-05-24,15.3,5.5,21.0,24965,0.9,0.97,2.7
2021-05-25,12.7,8.4,17.6,14814,3.0,1.11,3.7
2021-05-26,11.3,7.8,15.5,16577,4.0,1.04,3.4
2021-05-27,11.1,7.4,14.7,14894,3.8,1.01,3.1
2021-05-28,11.7,6.4,16.0,14192,2.5,0.96,2.1
2021-05-29,11.3,4.4,17.4,15585,0.1,0.86,2.1
2021-05-30,11.6,3.2,18.1,25126,0.0,0.81,2.1
2021-05-31,13.6,3.2,21.8,29490,0.0,0.86,1.8
2021-06-01,16.4,5.0,23.8,21866,0.0,0.97,1.9
2021-06-02,17.5,12.1,23.8,19303,0.0,1.44,2.2
2021-06-03,19.6,10.9,27.0,28616,0.0,1.39,2.0
2021-06-04,17.6,12.8,22.4,11809,0.0,1.47,1.6
2021-06-05,20.5,11.4,28.0,28557,0.0,1.44,1.9
2021-06-06,20.7,11.4,28.0,28462,0.0,1.44,1.9
2021-06-07,19.5,10.6,27.6,27373,0.0,1.37,1.8
2021-06-08,20.8,10.7,27.7,25909,0.0,1.38,1.6
2021-06-09,20.5,13.0,26.8,28288,0.0,1.56,1.4
2021-06-10,20.4,12.1,27.5,21483,0.0,1.5,1.5
2021-06-11,21.5,14.8,28.5,25596,0.0,1.73,1.7
2021-06-12,18.2,12.8,23.7,15307,7.1,1.5,3.2
2021-06-13,13.8,8.1,19.1,17306,0.0,1.09,2.7
2021-06-14,17.4,6.2,26.0,29736,0.0,1.06,1.8
2021-06-15,20.4,11.4,28.1,21922,0.0,1.44,1.7
2021-06-16,22.2,14.7,28.9,29879,0.0,1.72,1.7
2021-06-17,26.2,17.6,33.3,28519,0.0,2.1,2.1
2021-06-18,27.4,18.4,33.9,30262,0.0,2.22,1.8
2021-06-19,28.0,18.7,36.2,25419,0.0,2.29,1.9
2021-06-20,27.9,19.3,35.6,24799,0.0,2.37,2.4
2021-06-21,26.4,18.8,33.0,24673,0.1,2.23,2.7
2021-06-22,18.3,14.6,20.5,11258,4.0,1.63,2.3
2021-06-23,18.8,14.4,22.0,14855,3.8,1.61,1.8
2021-06-24,18.0,14.2,21.8,13236,0.0,1.59,1.6
2021-06-25,18.3,15.6,23.3,12981,1.3,1.74,1.6
2021-06-26,19.5,15.5,25.0,19300,0.4,1.75,1.3
2021-06-27,20.9,13.2,27.7,24747,0.0,1.57,1.6
2021-06-28,23.5,13.3,31.5,25724,0.0,1.66,1.8
2021-06-29,23.1,16.0,30.0,19384,32.6,1.88,1.9
2021-06-30,18.4,14.7,21.2,13543,10.3,1.63,2.6
2021-07-01,17.2,14.6,20.3,13279,1.0,1.62,2.8
2021-07-02,18.4,14.3,23.9,14376,0.1,1.63,2.1
2021-07-03,19.3,13.5,25.0,20049,0.0,1.56,1.5
2021-07-04,21.6,13.7,27.2,23736,0.0,1.6,1.6
2021-07-05,19.4,13.9,25.8,17403,0.0,1.62,2.0
2021-07-06,23.3,14.9,30.6,26766,0.1,1.8,2.7
2021-07-07,18.3,15.3,22.3,15373,4.1,1.71,1.7
2021-07-08,19.3,14.4,23.6,13988,3.5,1.64,1.5
2021-07-09,19.6,14.2,25.9,15809,0.5,1.64,2.3
2021-07-10,19.8,14.0,25.8,21321,0.0,1.62,1.9
2021-07-11,22.0,14.4,28.3,25716,14.8,1.7,1.8
2021-07-12,20.8,16.1,25.9,18169,0.0,1.84,1.8
2021-07-13,23.8,14.5,30.3,27593,2.9,1.73,2.0
2021-07-14,21.7,18.2,26.3,16371,1.8,2.07,2.2
2021-07-15,21.7,17.5,26.9,17557,0.0,2.0,1.7
2021-07-16,23.8,16.0,29.6,25111,0.3,1.88,2.1
2021-07-17,22.2,18.9,26.0,14409,7.5,2.13,2.7
2021-07-18,21.6,15.9,27.6,28304,0.0,1.84,2.6
2021-07-19,17.9,13.6,21.3,14199,0.0,1.53,2.2
2021-07-20,16.9,11.7,21.8,13299,0.0,1.38,1.8
2021-07-21,18.0,11.6,22.9,12766,0.0,1.39,1.7
2021-07-22,19.2,13.9,25.0,11746,0.0,1.59,1.5
2021-07-23,20.0,12.6,27.2,17043,0.0,1.52,1.3
2021-07-24,24.3,16.7,31.0,24264,0.0,1.98,2.0
2021-07-25,21.9,17.7,30.1,17292,2.7,2.08,1.8
2021-07-26,22.8,18.0,30.5,21101,0.1,2.09,1.6
2021-07-27,22.4,16.7,27.9,24412,2.3,1.92,2.0
2021-07-28,20.3,16.1,25.0,13372,0.0,1.82,2.5
2021-07-29,20.8,13.8,25.6,21251,0.0,1.6,3.4
2021-07-30,19.9,12.9,26.5,25137,0.0,1.53,2.5
2021-07-31,20.9,13.5,26.2,22537,0.0,1.58,3.3
2021-08-01,16.8,13.0,21.4,12414,0.1,1.48,2.2
2021-08-02,17.6,12.3,22.6,15215,0.1,1.44,2.4
2021-08-03,17.2,10.8,23.0,15264,1.7,1.31,1.5
2021-08-04,17.8,13.4,23.2,14955,0.0,1.53,1.4
2021-08-05,17.8,12.8,23.3,12395,0.1,1.48,1.7
2021-08-06,19.3,15.1,26.3,13982,0.0,1.72,2.4
2021-08-07,19.8,14.2,25.9,20039,6.7,1.64,2.2
2021-08-08,19.7,12.8,25.4,21124,0.4,1.51,3.1
2021-08-09,17.9,10.7,24.6,20208,0.0,1.34,2.3
2021-08-10,17.3,11.5,22.8,17891,4.3,1.36,2.0
2021-08-11,17.7,11.9,24.0,22580,0.0,1.42,1.5
2021-08-12,19.3,10.2,27.6,22938,0.0,1.33,1.3
2021-08-13,22.9,13.5,30.7,19932,0.0,1.67,2.0
2021-08-14,22.7,16.3,28.8,23986,0.0,1.89,2.1
2021-08-15,20.6,13.1,27.9,22257,0.0,1.58,1.8
2021-08-16,19.9,13.5,27.5,19274,0.0,1.59,3.5
2021-08-17,15.5,12.9,19.3,9222,1.3,1.45,3.8
2021-08-18,16.7,11.6,21.6,10630,2.1,1.36,3.2
2021-08-19,18.5,16.6,21.0,8962,0.0,1.84,2.6
2021-08-20,18.0,11.2,23.0,11601,0.0,1.35,1.7
2021-08-21,18.1,10.3,25.9,14781,0.0,1.33,1.3
2021-08-22,19.4,13.7,25.0,11093,26.9,1.59,2.1
2021-08-23,14.9,14.1,16.7,8551,23.4,1.54,2.5
2021-08-24,15.9,9.4,21.7,15146,0.0,1.21,2.1
2021-08-25,14.8,6.7,20.7,17918,6.3,1.03,2.4
2021-08-26,14.2,12.2,18.4,11186,5.6,1.4,2.8
2021-08-27,13.2,11.5,17.0,9997,5.6,1.32,2.5
2021-08-28,14.1,10.7,18.6,9801,1.4,1.27,2.1
2021-08-29,15.0,10.2,20.1,10583,5.2,1.24,2.2
2021-08-30,14.7,11.9,17.6,8113,17.1,1.36,2.4
2021-08-31,15.5,10.9,19.6,11151,0.1,1.29,2.3
2021-09-01,15.2,10.5,20.9,16832,0.0,1.27,1.8
2021-09-02,15.6,9.7,23.5,15213,0.0,1.25,1.6
2021-09-03,15.8,8.2,23.9,19959,0.0,1.16,1.8
2021-09-04,13.8,8.2,20.8,16441,0.0,1.12,1.5
2021-09-05,15.9,8.6,23.4,17041,0.0,1.18,1.6
2021-09-06,17.1,10.8,24.4,18151,0.0,1.35,1.2
2021-09-07,16.9,10.8,23.4,14385,0.0,1.34,1.1
2021-09-08,17.6,9.2,26.2,19501,0.0,1.26,1.6
2021-09-09,18.8,9.5,27.8,19342,0.0,1.3,1.7
2021-09-10,20.8,16.1,28.2,15831,1.7,1.87,1.6
2021-09-11,18.7,15.2,23.8,9237,0.7,1.71,1.9
2021-09-12,18.1,13.4,24.1,12244,0.0,1.54,1.8
2021-09-13,16.5,10.5,21.9,14810,0.0,1.29,1.5
2021-09-14,17.1,9.7,23.7,17636,0.0,1.26,1.5
2021-09-15,18.4,12.5,25.4,9135,2.4,1.48,1.9
2021-09-16,17.7,14.8,20.4,8254,0.0,1.63,2.5
2021-09-17,14.7,11.7,17.6,7384,1.7,1.34,2.0
2021-09-18,13.2,11.3,16.0,6429,0.2,1.29,1.8
2021-09-19,11.9,9.8,14.5,6440,0.0,1.17,2.1
2021-09-20,11.7,9.9,15.3,6828,0.0,1.18,1.5
2021-09-21,12.5,9.9,15.9,6364,1.4,1.2,1.8
2021-09-22,12.8,9.1,17.1,7209,0.0,1.15,1.9
2021-09-23,15.2,8.4,21.5,10347,0.0,1.14,3.5
2021-09-24,15.2,12.3,18.0,8214,0.0,1.4,2.9
2021-09-25,17.5,15.2,20.5,5932,0.0,1.68,1.7
2021-09-26,19.0,12.0,25.4,13591,0.0,1.44,1.6
2021-09-27,17.3,13.0,21.9,6300,0.0,1.49,1.9
2021-09-28,15.2,13.8,17.9,6566,0.0,1.52,1.6
2021-09-29,14.7,11.0,17.4,6387,0.2,1.29,2.7
2021-09-30,10.8,4.7,16.5,13424,0.0,0.87,3.1
2021-10-01,11.7,4.4,19.1,14303,0.0,0.88,2.6
2021-10-02,14.8,5.6,21.9,11494,0.0,0.97,2.5
2021-10-03,17.7,14.0,23.4,12032,0.0,1.59,3.5
2021-10-04,14.9,13.1,17.3,5104,0.0,1.46,2.0
2021-10-05,14.6,12.7,19.5,5605,0.6,1.44,2.2
2021-10-06,13.1,7.8,16.6,6259,0.0,1.05,2.5
2021-10-07,12.2,4.1,18.6,12917,0.0,0.86,1.2
2021-10-08,11.2,4.6,16.7,12276,0.0,0.87,1.8
2021-10-09,7.2,1.0,15.2,12761,0.0,0.69,2.0
2021-10-10,5.2,-1.5,14.9,12523,0.0,0.59,1.4
2021-10-11,5.9,-2.1,11.2,5260,1.2,0.55,2.1
2021-10-12,7.0,1.1,11.5,6259,0.7,0.67,2.5
2021-10-13,6.0,0.9,12.4,7771,0.0,0.67,1.9
2021-10-14,9.5,5.9,11.8,4333,1.8,0.9,2.6
2021-10-15,10.4,3.2,16.0,5158,0.6,0.79,2.8
2021-10-16,7.2,1.8,12.0,4853,0.0,0.7,1.7
2021-10-17,9.9,7.4,13.7,5507,0.9,1.01,1.6
2021-10-18,10.1,5.9,16.2,8245,0.0,0.93,1.8
2021-10-19,13.3,7.4,18.6,6481,0.0,1.05,2.6
2021-10-20,17.2,12.3,21.5,5180,3.1,1.42,3.8
2021-10-21,13.8,7.5,18.5,4677,1.1,1.04,5.4
2021-10-22,7.8,5.5,11.7,6123,1.7,0.88,4.3
2021-10-23,6.3,0.0,12.0,6851,0.0,0.62,2.3
2021-10-24,4.5,-1.6,12.9,9592,0.0,0.58,2.0
2021-10-25,6.0,-2.5,13.2,7987,0.0,0.55,1.9
2021-10-26,9.5,6.0,14.1,3640,0.7,0.93,2.4
2021-10-27,10.8,7.1,13.6,3706,0.0,0.99,2.6
2021-10-28,10.2,2.2,18.1,8940,0.0,0.77,2.1
2021-10-29,8.8,2.1,16.4,8750,0.0,0.75,2.3
2021-10-30,10.3,3.0,16.5,8375,0.0,0.79,2.4
2021-10-31,13.3,10.6,18.3,7196,0.0,1.27,2.7
2021-11-01,10.6,8.6,13.4,3763,13.5,1.09,2.6
2021-11-02,8.2,2.8,10.9,3211,1.1,0.74,1.7
2021-11-03,7.9,3.1,12.9,6526,0.0,0.77,1.6
2021-11-04,7.1,6.2,8.4,2980,20.0,0.91,2.9
2021-11-05,7.6,6.6,8.5,2926,0.8,0.94,2.5
2021-11-06,7.9,6.0,11.6,3920,0.0,0.91,3.0
2021-11-07,7.9,6.4,8.9,2823,0.1,0.92,4.0
2021-11-08,7.7,6.5,9.7,2773,0.0,0.93,2.2
2021-11-09,7.5,1.8,11.8,5306,0.0,0.7,2.0
2021-11-10,3.2,-1.7,10.3,5950,0.0,0.56,1.5
2021-11-11,2.3,-2.4,9.6,6633,0.0,0.53,1.4
2021-11-12,4.3,1.3,8.9,4862,0.0,0.66,1.9
2021-11-13,5.4,0.6,10.0,3023,0.0,0.63,1.8
2021-11-14,5.7,4.1,8.5,2497,0.0,0.79,2.0
2021-11-15,5.3,4.3,6.0,2455,0.0,0.79,2.3
2021-11-16,5.6,4.5,7.4,2985,0.0,0.81,1.4
2021-11-17,5.7,4.7,6.8,2375,0.0,0.82,2.4
2021-11-18,7.4,4.8,10.1,2692,2.2,0.84,3.2
2021-11-19,10.4,8.2,11.7,2299,0.0,1.05,3.4
2021-11-20,10.5,9.0,11.4,2263,0.0,1.11,2.8
2021-11-21,7.6,5.6,9.1,2229,0.8,0.88,2.3
2021-11-22,3.8,-2.6,6.9,2828,0.0,0.51,2.2
2021-11-23,2.9,-2.4,5.9,2162,1.8,0.51,2.2
2021-11-24,6.2,5.3,7.0,2131,0.9,0.86,1.9
2021-11-25,3.4,2.2,5.4,2101,0.2,0.69,2.1
2021-11-26,3.5,0.1,4.9,2213,0.0,0.6,2.7
2021-11-27,2.5,-0.4,4.7,3438,2.2,0.58,2.3
2021-11-28,-0.2,-4.9,2.5,2018,0.0,0.42,1.4
2021-11-29,0.3,-5.3,2.3,1993,1.6,0.41,2.4
2021-11-30,3.2,0.9,5.4,1968,5.8,0.64,5.1
2021-12-01,6.1,0.8,9.5,1945,2.3,0.64,5.2
2021-12-02,3.3,-2.9,6.9,4512,0.0,0.5,3.4
2021-12-03,0.3,-3.7,3.1,4207,0.2,0.45,3.7
2021-12-04,1.1,0.1,2.7,1883,3.4,0.59,2.7
2021-12-05,1.2,0.1,2.2,1865,0.1,0.59,2.2
2021-12-06,0.2,-0.4,0.8,1848,0.0,0.57,2.0
2021-12-07,-0.3,-1.9,1.1,2567,0.0,0.51,2.9
2021-12-08,-0.5,-2.0,1.4,2591,0.0,0.51,2.9
2021-12-09,-0.7,-1.5,-0.2,1803,4.1,0.52,2.0
2021-12-10,-0.6,-3.9,1.3,1791,0.1,0.45,1.9
2021-12-11,-4.1,-9.2,-1.3,3221,0.0,0.3,2.0
2021-12-12,0.2,-4.7,3.3,2023,0.1,0.43,2.5
2021-12-13,5.4,3.0,7.8,1760,1.6,0.74,1.8
2021-12-14,6.5,5.6,6.8,1753,0.0,0.87,1.9
2021-12-15,7.5,6.3,8.2,1746,0.0,0.92,2.1
2021-12-16,6.8,3.8,8.3,1740,2.0,0.78,1.9
2021-12-17,5.2,4.1,5.4,1736,0.0,0.79,2.0
2021-12-18,5.3,3.7,7.0,1733,0.1,0.76,2.3
2021-12-19,6.1,1.5,7.2,1730,0.1,0.66,3.4
2021-12-20,0.7,-1.9,2.4,2062,0.0,0.52,1.8
2021-12-21,-0.3,-2.1,1.4,1771,2.2,0.5,1.3
2021-12-22,-1.8,-6.0,1.5,4229,0.0,0.39,1.7
2021-12-23,-0.9,-4.4,2.0,1733,5.9,0.43,2.4
2021-12-24,3.9,-3.0,9.2,1737,5.7,0.5,3.2
2021-12-25,-6.7,-11.7,-2.9,3958,0.0,0.25,2.0
2021-12-26,-8.3,-12.4,-3.3,4430,0.0,0.24,2.0
2021-12-27,-3.9,-8.6,-0.8,1923,0.0,0.32,2.5
2021-12-28,0.2,-5.5,4.7,1890,1.7,0.41,3.2
2021-12-29,4.8,1.9,7.2,1942,0.0,0.68,2.5
2021-12-30,9.5,5.1,13.2,1783,0.1,0.87,3.5
2021-12-31,13.3,11.3,14.5,1795,0.2,1.3,3.8
2022-01-01,11.8,9.4,12.9,1808,0.0,1.13,2.6
2022-01-02,10.0,7.5,12.3,2080,4.2,1.01,3.4
2022-01-03,9.2,7.5,10.9,2574,0.2,1.01,4.4
2022-01-04,6.7,5.5,7.9,1853,6.8,0.87,3.0
2022-01-05,3.4,1.6,5.7,2880,1.2,0.66,4.3
2022-01-06,0.4,-2.8,3.2,4318,0.0,0.49,2.5
2022-01-07,0.2,-2.5,3.0,3021,0.0,0.49,3.2
2022-01-08,1.3,-0.9,3.2,1931,0.0,0.55,3.2
2022-01-09,1.7,-1.0,4.8,2043,2.0,0.56,3.2
2022-01-10,1.8,-2.6,3.7,1976,1.4,0.49,1.4
2022-01-11,-2.6,-7.7,1.2,4845,0.0,0.34,1.7
2022-01-12,0.2,-7.0,4.2,2906,0.0,0.37,1.8
2022-01-13,3.5,2.4,5.0,2054,0.0,0.7,2.8
2022-01-14,4.1,0.0,5.6,2082,0.0,0.59,2.6
2022-01-15,1.3,-1.7,2.7,2112,0.0,0.52,1.6
2022-01-16,0.7,-3.3,4.9,3198,0.0,0.48,3.1
2022-01-17,3.4,-1.1,6.2,2368,1.5,0.55,4.5
2022-01-18,1.4,-3.2,4.7,3970,0.0,0.47,2.0
2022-01-19,3.3,1.1,5.8,5358,0.0,0.64,3.4
2022-01-20,1.3,-1.9,3.7,4026,0.3,0.52,4.6
2022-01-21,-0.1,-2.9,2.3,5748,0.6,0.48,3.3
2022-01-22,1.3,-0.6,3.9,4291,0.1,0.56,2.8
2022-01-23,4.0,0.3,5.8,2390,0.7,0.61,1.8
2022-01-24,4.5,3.2,6.8,2430,1.1,0.74,1.6
2022-01-25,3.5,2.8,4.8,2683,1.6,0.72,1.8
2022-01-26,2.3,1.4,3.7,2568,0.5,0.65,2.9
2022-01-27,2.9,1.3,5.2,2558,2.6,0.65,4.8
2022-01-28,4.2,1.6,6.4,3204,0.0,0.67,4.1
2022-01-29,5.0,1.5,8.6,2649,4.3,0.67,5.5
2022-01-30,5.6,3.9,7.0,2752,0.0,0.78,5.7
2022-01-31,2.3,-1.7,4.8,2745,1.7,0.52,3.4
2022-02-01,2.4,-0.5,6.2,2795,6.4,0.58,4.8
2022-02-02,4.5,1.1,6.9,3309,0.4,0.65,4.5
2022-02-03,3.7,-0.6,7.6,3835,4.5,0.58,2.5
2022-02-04,6.5,5.0,8.2,2951,0.0,0.84,3.9
2022-02-05,4.5,3.4,6.9,4025,1.3,0.75,4.5
2022-02-06,5.4,2.9,8.3,3364,5.8,0.73,5.8
2022-02-07,3.5,2.3,7.0,3977,0.8,0.7,4.8
2022-02-08,5.5,2.5,8.7,3174,0.5,0.71,4.0
2022-02-09,8.8,7.8,9.7,3233,0.0,1.02,3.1
2022-02-10,7.9,4.8,12.2,6158,3.1,0.84,2.6
2022-02-11,2.6,0.0,5.0,3675,2.5,0.59,3.0
2022-02-12,0.1,-4.5,5.3,8502,0.0,0.44,2.3
2022-02-13,3.7,-2.5,9.8,9153,0.0,0.52,3.1
2022-02-14,6.1,1.9,11.5,9351,0.0,0.7,3.4
2022-02-15,6.9,4.7,11.0,6309,1.4,0.83,3.3
2022-02-16,7.6,4.7,12.5,3741,8.1,0.84,5.3
2022-02-17,8.9,5.7,14.2,5260,0.2,0.91,7.5
2022-02-18,7.1,3.3,11.6,5276,2.4,0.77,5.2
2022-02-19,6.1,1.7,9.2,4300,4.2,0.68,6.2
2022-02-20,6.0,2.6,9.4,4088,7.2,0.72,5.4
2022-02-21,6.4,3.8,10.9,4884,1.7,0.79,6.4
2022-02-22,5.2,3.2,7.6,5551,4.3,0.74,4.6
2022-02-23,5.8,-0.5,10.0,9191,0.0,0.6,3.5
2022-02-24,6.2,-0.7,10.7,6776,0.0,0.6,3.9
2022-02-25,4.2,1.5,7.9,8240,0.1,0.66,4.2
2022-02-26,3.7,-1.0,6.7,4533,0.0,0.56,2.0
2022-02-27,-0.3,-3.4,1.9,4456,0.0,0.46,2.4
2022-02-28,0.8,-1.9,5.7,9063,0.0,0.52,2.2
2022-03-01,0.7,-5.5,8.0,12267,0.0,0.43,2.0
2022-03-02,0.0,-5.6,9.7,11706,0.0,0.43,1.3
2022-03-03,-0.7,-7.2,9.2,12018,0.0,0.39,1.7
2022-03-04,0.8,-3.6,6.5,5738,0.0,0.47,1.9
2022-03-05,0.0,-5.4,7.1,9528,0.0,0.43,1.9
2022-03-06,0.2,-1.8,4.7,5999,0.0,0.52,2.0
2022-03-07,1.7,-4.0,6.6,10871,0.0,0.46,2.0
2022-03-08,0.9,-6.7,9.8,13718,0.0,0.4,1.9
2022-03-09,2.3,-5.3,11.8,13882,0.0,0.46,1.5
2022-03-10,2.1,-4.2,14.9,13873,0.0,0.51,2.6
2022-03-11,2.2,-2.8,11.9,14384,0.0,0.53,4.0
2022-03-12,3.8,-3.4,13.7,14549,0.0,0.52,3.0
2022-03-13,5.3,-3.2,15.5,14804,0.0,0.55,2.7
2022-03-14,6.8,-1.3,11.8,12105,0.9,0.58,2.3
2022-03-15,8.4,2.0,10.4,10439,0.9,0.7,1.5
2022-03-16,7.7,3.7,13.7,12750,0.0,0.8,2.3
2022-03-17,7.5,2.2,10.4,5911,0.0,0.71,2.5
2022-03-18,7.0,-0.1,13.5,13408,0.0,0.64,2.5
2022-03-19,5.0,0.0,11.3,14021,0.0,0.62,3.5
2022-03-20,6.3,-0.7,12.6,16337,0.0,0.6,3.7
2022-03-21,6.1,-2.5,16.2,16598,0.0,0.58,2.2
2022-03-22,8.1,-2.8,18.1,16861,0.0,0.58,1.6
2022-03-23,8.4,-1.8,17.0,17124,0.0,0.61,1.3
2022-03-24,6.6,-2.9,17.1,17290,0.0,0.56,1.2
2022-03-25,6.7,-3.2,16.1,16379,0.0,0.55,1.7
2022-03-26,8.6,0.5,16.4,12494,0.0,0.69,2.4
2022-03-27,7.2,-0.5,13.3,16593,0.0,0.61,1.6
2022-03-28,10.5,0.7,12.4,18247,0.0,0.66,2.2
2022-03-29,6.9,-0.2,11.5,8241,0.0,0.62,2.2
2022-03-30,3.7,-2.8,6.4,10971,1.6,0.5,1.9
2022-03-31,3.2,0.4,5.0,7102,0.0,0.61,3.3
2022-04-01,3.2,-2.1,4.4,7186,0.0,0.51,3.9
2022-04-02,2.4,-3.3,6.8,15953,0.0,0.48,3.3
2022-04-03,1.6,-4.7,8.4,12763,0.0,0.45,2.4
2022-04-04,4.0,0.7,8.8,13821,7.2,0.64,5.0
2022-04-05,6.7,4.9,11.4,8259,4.6,0.85,4.0
2022-04-06,10.6,7.4,10.8,9617,0.0,1.0,4.2
2022-04-07,10.4,1.7,11.7,10669,6.7,0.69,5.9
2022-04-08,7.3,0.7,9.5,10126,0.5,0.64,4.2
2022-04-09,5.6,0.7,9.5,14957,0.1,0.64,4.0
2022-04-10,4.1,0.0,10.3,11722,3.9,0.62,3.2
2022-04-11,5.9,-1.8,14.1,19219,0.0,0.58,2.0
2022-04-12,9.3,5.3,21.7,21980,0.0,0.96,2.5
2022-04-13,13.8,9.8,20.3,19492,0.0,1.22,1.9
2022-04-14,12.9,5.0,18.6,16203,1.0,0.9,2.1
2022-04-15,8.3,2.5,10.6,8556,1.3,0.72,2.6
2022-04-16,6.5,2.0,14.2,21225,0.0,0.72,2.7
2022-04-17,6.4,0.8,17.6,18450,0.0,0.7,2.0
2022-04-18,7.6,4.4,19.4,23066,0.0,0.88,1.7
2022-04-19,7.7,1.2,17.2,16995,0.0,0.72,2.4
2022-04-20,6.0,1.8,16.7,8718,5.7,0.74,2.4
2022-04-21,8.3,2.3,16.9,8793,2.0,0.77,2.5
2022-04-22,10.1,5.0,17.6,9096,0.0,0.89,3.3
2022-04-23,10.5,7.0,18.2,21207,0.0,1.02,3.4
2022-04-24,10.5,4.5,16.7,15801,2.7,0.86,3.3
2022-04-25,8.2,4.8,11.5,9893,0.0,0.84,2.2
2022-04-26,9.5,1.1,14.6,18076,0.0,0.69,1.8
2022-04-27,10.4,-0.5,14.9,16316,0.0,0.63,1.7
2022-04-28,10.2,-0.7,15.2,21189,0.0,0.62,1.8
2022-04-29,11.2,0.8,14.4,23984,0.0,0.67,1.7
2022-04-30,12.6,1.6,13.5,15413,0.0,0.7,2.0
2022-05-01,11.7,5.8,15.5,22439,0.0,0.93,1.6
2022-05-02,13.1,3.6,20.4,25136,0.0,0.86,1.6
2022-05-03,12.7,0.8,17.1,23113,0.0,0.7,1.9
2022-05-04,15.0,4.9,18.2,18348,0.0,0.9,1.5
2022-05-05,14.2,3.4,20.9,13557,0.0,0.85,1.6
2022-05-06,13.1,4.1,23.4,19707,0.0,0.92,1.5
2022-05-07,15.2,7.7,23.6,20387,0.0,1.11,1.7
2022-05-08,14.7,3.8,20.1,15201,0.0,0.87,2.1
2022-05-09,14.1,1.7,25.8,26311,0.0,0.84,1.7
2022-05-10,18.1,12.7,26.8,23395,0.0,1.52,2.1
2022-05-11,22.8,12.2,25.6,21429,0.0,1.46,2.9
2022-05-12,17.9,8.3,22.0,23679,0.0,1.14,3.2
2022-05-13,14.8,8.5,20.6,19766,0.0,1.13,2.8
2022-05-14,15.3,7.3,23.7,19592,0.0,1.09,2.3
2022-05-15,14.9,4.4,26.1,26940,0.0,0.97,1.6
2022-05-16,18.9,12.5,28.3,24707,1.8,1.54,2.2
2022-05-17,15.3,12.4,24.5,13091,6.6,1.47,1.8
2022-05-18,17.5,14.6,31.6,27650,0.0,1.77,2.1
2022-05-19,20.6,12.0,29.6,26133,0.0,1.53,2.2
2022-05-20,21.0,10.5,23.7,21309,19.0,1.3,2.4
2022-05-21,15.7,6.9,20.9,17572,0.2,1.04,3.7
2022-05-22,14.7,6.1,22.5,24117,0.0,1.01,1.6
2022-05-23,17.3,12.0,27.9,26014,0.0,1.5,2.9
2022-05-24,18.6,8.4,18.6,15876,0.0,1.1,2.9
2022-05-25,14.7,7.8,21.1,17027,0.0,1.1,2.4
2022-05-26,17.1,12.8,21.6,13255,2.4,1.46,3.6
2022-05-27,14.9,9.0,18.9,18466,4.6,1.15,4.1
2022-05-28,11.3,7.6,17.0,18876,0.1,1.04,3.7
2022-05-29,10.7,7.3,14.4,19533,1.9,1.0,2.2
2022-05-30,10.6,6.5,16.1,17719,4.2,0.97,1.6
2022-05-31,13.8,6.7,20.2,26278,1.4,1.02,1.6
2022-06-01,15.1,10.1,24.1,22237,1.2,1.29,2.1
2022-06-02,14.4,7.8,24.1,27714,0.0,1.14,2.1
2022-06-03,18.5,9.3,29.2,27873,0.0,1.31,1.8
2022-06-04,18.4,13.3,27.0,15523,0.0,1.58,1.9
2022-06-05,20.8,12.4,26.8,26574,3.1,1.49,2.4
2022-06-06,20.2,14.1,25.5,17555,2.5,1.63,2.7
2022-06-07,17.7,12.7,20.8,15718,0.0,1.45,2.4
2022-06-08,20.1,11.7,25.0,21444,0.0,1.41,1.9
2022-06-09,17.5,12.7,20.1,16998,0.0,1.45,2.4
2022-06-10,18.7,11.0,23.9,28681,0.0,1.35,1.8
2022-06-11,20.6,8.9,27.4,22245,0.0,1.25,1.8
2022-06-12,21.5,11.6,29.2,26233,0.0,1.46,2.0
2022-06-13,17.1,9.7,23.7,21404,0.0,1.26,2.7
2022-06-14,15.5,8.1,24.6,28246,0.0,1.17,1.8
2022-06-15,19.0,7.7,29.1,30367,0.0,1.19,1.5
2022-06-16,19.7,11.3,28.6,24165,0.0,1.44,2.2
2022-06-17,20.0,10.8,26.9,27028,0.0,1.38,1.6
2022-06-18,26.3,11.5,31.9,28647,0.0,1.52,2.2
2022-06-19,27.2,13.1,35.4,25916,14.5,1.74,2.7
2022-06-20,13.9,12.3,29.9,13744,22.9,1.55,2.5
2022-06-21,16.9,8.6,25.2,28523,0.0,1.19,2.0
2022-06-22,20.3,13.3,25.2,30505,0.0,1.56,1.6
2022-06-23,22.9,16.5,29.3,30499,0.0,1.9,1.8
2022-06-24,24.7,15.4,24.9,24656,5.2,1.74,2.3
2022-06-25,22.3,13.2,26.9,16332,3.0,1.57,1.6
2022-06-26,25.5,11.7,30.6,27986,0.0,1.5,1.8
2022-06-27,28.3,15.3,33.1,27104,1.7,1.87,2.2
2022-06-28,20.5,15.0,26.0,17539,0.5,1.72,1.9
2022-06-29,18.7,16.1,26.1,11575,2.7,1.82,1.9
2022-06-30,22.1,15.3,30.7,17385,0.0,1.82,1.9
2022-07-01,20.3,9.4,20.5,19968,0.0,1.19,2.5
2022-07-02,19.6,8.6,24.6,28738,0.0,1.2,1.9
2022-07-03,23.0,10.5,30.0,27351,0.0,1.41,2.0
2022-07-04,21.8,15.0,27.4,27199,0.0,1.74,2.2
2022-07-05,20.6,13.6,27.3,26304,0.0,1.61,2.2
2022-07-06,17.7,11.0,25.2,18242,0.5,1.38,2.5
2022-07-07,15.1,12.4,17.4,11052,13.2,1.41,3.1
2022-07-08,16.3,10.3,19.4,13618,0.0,1.24,2.8
2022-07-09,15.8,9.1,22.1,14822,1.8,1.18,2.7
2022-07-10,15.8,8.8,18.8,17132,0.0,1.14,3.1
2022-07-11,16.7,9.6,20.4,19314,0.0,1.2,2.0
2022-07-12,19.0,12.3,25.4,27517,0.0,1.47,1.7
2022-07-13,23.0,10.3,29.7,15672,0.0,1.38,2.3
2022-07-14,21.5,14.8,32.9,19809,0.0,1.81,2.6
2022-07-15,16.0,12.5,25.2,17802,0.0,1.49,2.5
2022-07-16,16.8,9.6,25.1,18739,0.1,1.27,2.9
2022-07-17,16.6,8.3,27.4,26894,0.0,1.21,1.8
2022-07-18,20.9,9.0,30.1,22191,0.0,1.3,1.4
2022-07-19,26.2,11.3,32.5,28609,0.0,1.53,1.7
2022-07-20,29.1,12.9,35.4,27691,0.0,1.7,2.3
2022-07-21,24.9,16.1,25.3,20440,0.1,1.82,2.4
2022-07-22,22.0,13.8,31.6,20747,0.0,1.71,2.0
2022-07-23,19.5,17.2,28.7,17043,0.0,1.98,2.1
2022-07-24,20.4,15.2,30.5,28145,0.0,1.8,1.6
2022-07-25,26.0,13.6,34.4,25648,1.2,1.75,2.7
2022-07-26,20.0,14.3,27.3,14814,0.0,1.68,2.9
2022-07-27,17.2,12.8,25.9,19222,0.0,1.52,2.4
2022-07-28,18.3,11.5,28.1,26625,0.0,1.44,1.9
2022-07-29,22.0,17.0,28.8,17643,0.0,1.98,2.1
2022-07-30,18.4,12.9,24.5,12414,2.2,1.51,1.9
2022-07-31,20.7,11.0,27.6,20141,0.0,1.4,1.8
2022-08-01,21.1,15.4,25.8,13968,0.2,1.75,2.3
2022-08-02,21.7,14.3,29.4,21895,0.0,1.72,1.5
2022-08-03,25.3,13.6,34.9,25143,0.0,1.75,1.6
2022-08-04,29.1,17.9,37.0,25524,0.0,2.25,1.8
2022-08-05,25.7,16.1,33.6,22347,0.0,1.97,2.4
2022-08-06,18.3,10.2,24.7,22964,0.0,1.31,2.3
2022-08-07,17.8,7.0,25.9,25697,0.0,1.11,1.8
2022-08-08,19.8,9.1,28.0,21124,0.0,1.28,1.7
2022-08-09,20.3,10.4,28.5,16925,0.0,1.37,1.9
2022-08-10,21.3,11.2,29.7,23035,0.0,1.46,2.0
2022-08-11,22.0,12.7,29.5,25261,0.0,1.57,2.0
2022-08-12,21.9,11.7,29.7,20846,0.0,1.5,2.2
2022-08-13,20.3,13.9,27.5,12285,11.5,1.63,1.8
2022-08-14,24.1,17.7,31.3,20868,0.0,2.08,2.0
2022-08-15,23.4,18.3,31.0,17652,0.0,2.14,2.1
2022-08-16,24.1,16.3,32.1,22486,0.0,1.96,1.6
2022-08-17,26.6,17.5,33.9,20996,0.0,2.11,1.5
2022-08-18,26.0,18.0,35.8,17464,1.3,2.22,1.9
2022-08-19,21.3,18.8,23.8,8849,4.5,2.1,2.0
2022-08-20,19.0,17.5,20.2,8775,52.4,1.92,1.9
2022-08-21,18.9,13.1,24.0,13880,0.0,1.53,1.6
2022-08-22,17.2,12.1,21.1,8738,0.9,1.41,1.6
2022-08-23,19.6,15.7,23.0,8551,0.0,1.75,1.8
2022-08-24,20.2,14.4,27.3,13589,0.0,1.69,1.8
2022-08-25,22.0,15.4,27.6,20354,0.0,1.77,2.0
2022-08-26,22.6,17.9,32.0,16586,15.7,2.11,1.9
2022-08-27,20.4,17.9,23.7,8681,33.4,1.99,2.2
2022-08-28,17.9,12.3,22.6,12531,0.5,1.44,2.4
2022-08-29,16.2,9.9,22.7,18623,0.0,1.25,1.8
2022-08-30,17.4,10.8,23.7,13518,0.0,1.33,1.9
2022-08-31,17.2,12.9,22.6,14808,0.0,1.48,2.0
2022-09-01,16.7,10.5,22.3,15334,0.0,1.29,2.0
2022-09-02,15.3,7.7,21.8,16703,0.0,1.1,2.4
2022-09-03,16.9,10.7,22.4,16043,0.0,1.3,2.5
2022-09-04,17.9,11.9,24.1,20441,0.0,1.43,1.9
2022-09-05,18.4,12.6,24.1,19029,0.0,1.47,2.3
2022-09-06,18.1,14.4,23.9,11492,0.0,1.64,2.4
2022-09-07,19.3,11.7,27.3,14902,0.0,1.45,1.9
2022-09-08,17.1,13.6,20.2,7988,14.2,1.53,2.3
2022-09-09,17.4,11.8,24.0,15358,5.3,1.42,2.2
2022-09-10,15.7,10.6,22.4,15628,1.4,1.3,2.0
2022-09-11,14.7,10.4,21.2,9842,9.4,1.27,1.7
2022-09-12,14.8,9.7,21.0,11843,0.0,1.22,1.4
2022-09-13,15.6,9.6,21.7,7547,0.3,1.21,2.1
2022-09-14,15.1,10.9,18.8,7458,2.4,1.29,1.9
2022-09-15,14.7,11.3,18.6,9233,3.2,1.32,2.8
2022-09-16,13.6,11.1,18.0,11956,1.0,1.3,3.4
2022-09-17,12.5,9.2,16.1,10188,1.1,1.14,3.8
2022-09-18,10.4,7.2,15.9,9981,7.7,1.0,3.8
2022-09-19,10.0,7.7,16.0,7964,4.6,1.05,3.0
2022-09-20,9.5,5.1,15.5,11366,1.6,0.88,1.9
2022-09-21,10.4,4.5,16.7,10022,0.1,0.86,1.3
2022-09-22,9.5,3.5,16.2,10746,0.0,0.81,1.3
2022-09-23,9.5,1.7,17.6,14963,0.0,0.74,1.4
2022-09-24,12.1,7.6,19.0,9953,0.0,1.05,1.3
2022-09-25,11.8,5.2,19.8,11562,0.1,0.93,1.5
2022-09-26,12.4,7.5,18.0,9629,1.1,1.04,3.0
2022-09-27,10.7,6.0,14.4,5853,11.9,0.93,2.9
2022-09-28,7.0,3.3,10.1,6389,0.4,0.76,1.9
2022-09-29,8.0,3.3,13.6,8229,0.0,0.78,1.4
2022-09-30,9.0,1.7,18.0,10991,0.0,0.74,1.6
2022-10-01,10.1,4.7,14.5,5433,2.3,0.85,3.5
2022-10-02,12.4,9.8,17.3,9532,2.0,1.19,3.0
2022-10-03,12.6,9.6,15.6,6368,0.0,1.17,2.4
2022-10-04,12.9,8.2,17.5,9793,0.0,1.08,1.9
2022-10-05,14.2,6.3,21.9,11825,0.0,1.02,2.9
2022-10-06,13.7,4.1,18.6,9873,0.0,0.86,2.9
2022-10-07,10.3,2.2,19.8,12998,0.0,0.79,2.0
2022-10-08,10.8,5.2,17.0,6399,0.3,0.9,2.4
2022-10-09,9.1,2.7,16.2,12362,0.0,0.78,2.0
2022-10-10,10.1,3.0,16.7,7158,0.0,0.8,2.2
2022-10-11,9.2,2.2,16.0,10726,0.0,0.75,1.7
2022-10-12,7.6,0.0,16.3,12055,0.0,0.67,1.3
2022-10-13,10.8,3.1,18.9,7389,0.0,0.81,1.6
2022-10-14,12.9,8.4,18.3,6073,0.7,1.11,1.8
2022-10-15,14.9,12.9,18.2,5083,0.0,1.45,2.5
2022-10-16,16.4,12.5,20.8,6556,0.0,1.43,2.2
2022-10-17,17.6,11.5,25.5,10193,0.0,1.41,2.0
2022-10-18,13.5,10.6,15.2,4044,12.7,1.25,1.8
2022-10-19,9.0,2.5,13.2,5478,0.0,0.74,1.8
2022-10-20,8.0,2.5,15.0,10279,0.3,0.76,2.6
2022-10-21,11.6,6.8,15.2,5027,2.7,0.98,2.0
2022-10-22,13.2,10.6,17.8,5015,0.2,1.26,1.9
2022-10-23,13.8,8.0,19.5,7262,2.6,1.09,2.0
2022-10-24,15.9,11.9,20.9,5937,0.0,1.39,3.1
2022-10-25,13.5,7.4,17.4,5779,0.0,1.03,2.4
2022-10-26,11.9,4.4,19.3,8336,0.0,0.89,1.8
2022-10-27,14.0,7.9,20.5,9067,0.0,1.1,1.8
2022-10-28,16.6,11.3,23.8,7324,0.0,1.37,2.1
2022-10-29,15.0,11.0,20.8,6579,0.0,1.32,1.5
2022-10-30,14.4,8.6,22.8,8185,0.0,1.17,1.4
2022-10-31,12.5,7.1,19.7,8132,0.0,1.04,1.4
2022-11-01,13.2,9.0,18.9,4564,0.0,1.15,2.7
2022-11-02,10.1,3.1,16.2,7415,0.0,0.79,3.0
2022-11-03,8.3,1.4,14.7,7068,0.0,0.7,2.6
2022-11-04,8.8,5.5,12.2,2980,19.8,0.88,2.2
2022-11-05,8.0,2.6,12.0,5573,0.0,0.74,2.1
2022-11-06,6.7,2.3,12.8,7524,0.0,0.73,2.9
2022-11-07,10.5,5.0,14.4,5925,0.0,0.87,3.2
2022-11-08,12.0,7.5,16.7,6577,0.0,1.03,2.7
2022-11-09,11.4,10.1,13.6,3173,0.1,1.2,2.9
2022-11-10,10.6,6.6,14.5,5284,2.0,0.96,2.7
2022-11-11,9.0,4.2,13.9,4001,0.0,0.83,2.3
2022-11-12,6.1,1.3,13.5,6217,0.0,0.69,1.3
2022-11-13,7.7,5.3,10.3,5650,0.0,0.87,1.9
2022-11-14,6.7,1.8,13.0,5307,0.0,0.71,2.5
2022-11-15,6.8,1.3,15.4,6230,0.0,0.7,2.1
2022-11-16,4.8,2.9,5.6,2414,4.1,0.72,2.9
2022-11-17,3.9,1.9,5.2,2375,0.1,0.67,4.0
2022-11-18,-0.5,-5.1,2.0,2337,0.0,0.41,3.0
2022-11-19,-2.9,-8.5,1.2,4559,0.0,0.33,2.0
2022-11-20,-1.1,-3.4,2.1,4698,0.1,0.46,2.1
2022-11-21,-0.9,-3.4,0.6,2376,0.0,0.46,2.4
2022-11-22,0.0,-3.5,1.8,2195,2.8,0.46,2.7
2022-11-23,2.8,-1.9,7.7,3127,0.0,0.53,2.4
2022-11-24,2.7,-1.5,5.4,2609,0.0,0.53,2.2
2022-11-25,6.0,1.7,10.2,4041,0.4,0.69,1.8
2022-11-26,6.9,3.9,8.0,2072,0.1,0.78,1.7
2022-11-27,4.9,1.7,9.1,4879,0.0,0.68,2.2
2022-11-28,3.1,1.1,5.9,2064,0.0,0.64,2.4
2022-11-29,4.0,1.8,5.8,1993,0.0,0.67,1.7
2022-11-30,1.0,-0.5,2.6,1968,0.0,0.57,1.8
2022-12-01,0.5,-0.7,1.8,1945,0.0,0.56,1.9
2022-12-02,0.4,-1.3,1.8,1924,1.1,0.53,2.4
2022-12-03,-0.9,-2.0,0.0,1903,0.0,0.51,2.5
2022-12-04,1.9,-0.3,3.7,1883,1.2,0.58,2.5
2022-12-05,3.6,2.5,5.0,1865,0.0,0.71,1.9
2022-12-06,2.2,0.9,3.0,1848,1.6,0.63,1.8
2022-12-07,2.1,-0.9,3.9,1832,1.6,0.55,2.5
2022-12-08,2.2,-0.8,5.5,2806,2.4,0.56,1.8
2022-12-09,0.6,-0.4,1.9,1803,0.0,0.57,1.5
2022-12-10,-0.6,-2.2,0.2,1791,1.0,0.5,1.5
2022-12-11,-2.6,-3.1,-2.0,1780,1.5,0.47,1.5
2022-12-12,-1.9,-4.0,0.0,1769,0.4,0.44,1.5
2022-12-13,-3.3,-8.1,-1.5,1760,0.0,0.33,1.8
2022-12-14,-6.7,-9.8,-4.1,2046,0.0,0.28,1.7
2022-12-15,-6.7,-10.3,-2.4,3839,0.0,0.28,1.7
2022-12-16,-6.1,-10.3,-4.5,2158,0.0,0.27,1.4
2022-12-17,-4.0,-5.0,-2.9,1736,0.0,0.4,1.5
2022-12-18,-5.0,-7.2,-3.8,2024,0.0,0.34,2.4
2022-12-19,-0.4,-6.6,2.6,1730,1.2,0.37,3.1
2022-12-20,3.6,1.9,5.1,1771,0.1,0.68,2.8
2022-12-21,4.9,3.1,6.4,1730,0.5,0.73,2.4
2022-12-22,6.6,3.9,9.5,1731,3.7,0.79,3.0
2022-12-23,7.6,3.6,9.5,1733,7.9,0.77,2.5
2022-12-24,7.8,4.7,10.1,1862,2.6,0.84,2.7
2022-12-25,5.6,-0.7,9.7,3331,4.2,0.59,2.1
2022-12-26,9.5,5.0,12.7,1832,4.2,0.87,3.5
2022-12-27,4.1,2.0,6.8,2847,0.0,0.69,3.3
2022-12-28,6.0,2.8,8.5,1847,1.1,0.72,3.9
2022-12-29,10.3,7.4,13.9,3126,0.0,1.01,4.4
2022-12-30,8.2,5.6,10.0,4119,0.0,0.88,3.8
2022-12-31,14.4,8.1,17.9,2819,0.0,1.08,4.4
2023-01-01,15.3,11.4,17.8,1808,0.0,1.32,3.6
2023-01-02,12.9,8.9,15.0,1994,1.6,1.11,3.1
2023-01-03,5.7,-0.6,9.2,3050,0.0,0.59,2.3
2023-01-04,6.7,3.3,10.8,1853,7.9,0.77,4.9
2023-01-05,8.7,4.2,11.1,2660,2.9,0.8,4.3
2023-01-06,6.9,3.6,10.0,1890,2.2,0.78,2.9
2023-01-07,7.6,3.8,11.0,2843,0.0,0.79,2.5
2023-01-08,6.6,4.9,8.9,2065,2.0,0.84,2.7
2023-01-09,5.9,3.3,9.1,2359,1.0,0.75,3.1
2023-01-10,5.7,3.2,7.8,2022,0.0,0.75,3.2
2023-01-11,6.1,2.9,8.2,2001,3.9,0.74,3.7
2023-01-12,8.2,4.2,11.0,2860,0.9,0.81,4.9
2023-01-13,8.5,5.9,10.8,2987,1.7,0.9,4.9
2023-01-14,7.5,6.4,9.0,3448,5.6,0.93,4.3
2023-01-15,6.2,4.1,9.3,2112,3.0,0.8,5.0
2023-01-16,4.6,2.1,7.7,4878,0.0,0.7,3.8
2023-01-17,2.8,-3.5,5.6,2271,0.1,0.47,3.1
2023-01-18,-0.1,-3.3,0.6,2207,14.7,0.46,2.1
2023-01-19,-2.4,-6.3,1.1,5753,0.0,0.38,2.8
2023-01-20,-0.6,-1.8,0.2,2277,0.0,0.51,1.6
2023-01-21,-0.3,-1.9,0.9,2313,5.5,0.51,2.7
2023-01-22,0.7,0.1,1.3,2351,0.3,0.59,2.4
2023-01-23,0.8,0.3,1.3,2390,0.0,0.6,2.2
2023-01-24,0.9,0.2,1.4,2430,0.1,0.6,2.0
2023-01-25,0.7,-0.2,1.2,2472,0.1,0.58,1.8
2023-01-26,-0.2,-1.0,0.2,2514,0.1,0.55,1.6
2023-01-27,0.3,-1.1,1.8,2558,0.6,0.54,2.3
2023-01-28,-0.8,-3.0,0.2,2603,0.0,0.47,1.9
2023-01-29,-0.6,-3.1,0.7,2649,0.3,0.47,2.9
2023-01-30,2.7,-0.4,5.4,3144,2.8,0.58,5.2
2023-01-31,4.1,2.4,5.8,2745,2.1,0.7,4.7
2023-02-01,4.4,3.1,6.2,3024,4.2,0.74,5.5
2023-02-02,3.1,-2.2,7.1,4177,2.9,0.52,4.1
2023-02-03,5.2,0.0,7.9,3308,8.1,0.6,5.6
2023-02-04,1.0,-5.3,3.9,5085,0.0,0.41,2.1
2023-02-05,-3.6,-7.9,1.4,5045,0.0,0.34,1.7
2023-02-06,-4.2,-8.4,0.4,3789,0.0,0.32,1.7
2023-02-07,-5.1,-10.5,1.7,8094,0.0,0.28,1.6
2023-02-08,-2.8,-8.6,2.6,8274,0.0,0.33,2.1
2023-02-09,-1.7,-9.0,5.0,8393,0.0,0.33,2.3
2023-02-10,1.3,-2.8,4.8,3802,0.0,0.49,2.6
2023-02-11,4.8,1.5,6.3,3353,0.8,0.66,3.1
2023-02-12,6.1,4.8,7.8,3415,0.5,0.82,1.7
2023-02-13,6.4,5.1,8.4,3478,0.3,0.85,1.6
2023-02-14,4.4,-0.9,6.0,3542,0.0,0.57,1.4
2023-02-15,3.1,-3.7,11.6,9416,0.0,0.5,1.6
2023-02-16,5.6,-1.0,11.8,9208,0.1,0.59,2.3
2023-02-17,9.8,7.0,13.4,3739,2.2,0.98,5.0
2023-02-18,8.0,6.3,10.9,3807,12.7,0.93,4.5
2023-02-19,4.2,0.4,7.2,5927,1.2,0.62,3.3
2023-02-20,7.2,0.7,11.5,4875,0.0,0.65,4.6
2023-02-21,8.9,7.0,9.7,4015,2.3,0.97,2.8
2023-02-22,7.3,4.6,9.5,4087,0.0,0.82,1.6
2023-02-23,7.5,2.9,12.4,4159,1.4,0.76,1.8
2023-02-24,4.5,2.2,7.7,4307,3.7,0.7,3.3
2023-02-25,1.7,-0.3,3.6,4306,3.1,0.58,3.9
2023-02-26,-0.1,-5.4,3.8,6445,0.2,0.41,3.1
2023-02-27,-0.4,-5.7,4.0,5074,0.1,0.4,2.4
2023-02-28,0.0,-5.6,5.2,10938,0.0,0.41,2.0
2023-03-01,-1.4,-8.0,7.0,12424,0.0,0.36,2.0
2023-03-02,0.2,-6.8,8.8,12663,0.0,0.4,1.9
2023-03-03,-0.6,-2.5,1.9,4764,0.0,0.49,2.0
2023-03-04,3.6,1.9,6.3,4843,0.3,0.68,3.1
2023-03-05,1.9,-0.1,5.4,6485,2.7,0.59,2.5
2023-03-06,1.1,-0.5,4.3,5002,2.5,0.57,2.3
2023-03-07,1.8,0.0,5.6,5083,4.4,0.59,4.1
2023-03-08,0.7,-0.6,2.9,6349,5.0,0.56,2.4
2023-03-09,1.1,0.1,2.4,5245,5.9,0.59,2.9
2023-03-10,8.6,2.2,14.9,6363,12.6,0.74,4.2
2023-03-11,0.8,-1.7,6.5,6193,0.6,0.54,3.3
2023-03-12,2.8,-2.1,7.5,10329,0.3,0.52,2.6
2023-03-13,11.2,7.4,15.2,5930,3.8,1.02,4.4
2023-03-14,9.4,1.3,14.3,7091,6.2,0.7,4.5
2023-03-15,2.1,-1.8,6.8,11523,0.0,0.53,2.8
2023-03-16,3.5,-3.1,9.8,15757,0.0,0.51,2.7
2023-03-17,8.4,3.0,14.6,11883,0.0,0.77,2.7
2023-03-18,10.6,4.5,16.7,10999,0.0,0.86,1.9
2023-03-19,10.6,3.4,15.7,8976,0.2,0.81,1.7
2023-03-20,9.8,8.2,11.8,6165,2.0,1.05,2.4
2023-03-21,9.7,7.0,12.6,6345,1.0,0.97,2.0
2023-03-22,12.0,6.7,17.7,10928,0.0,0.99,3.2
2023-03-23,13.5,11.1,16.1,6903,1.2,1.28,3.5
2023-03-24,11.8,7.9,17.7,6797,3.7,1.07,3.9
2023-03-25,9.7,7.9,13.4,11583,1.5,1.04,4.5
2023-03-26,8.9,4.4,13.0,8846,3.1,0.83,3.2
2023-03-27,3.1,0.6,7.5,11727,0.8,0.63,3.7
2023-03-28,2.2,-1.8,7.5,13247,0.0,0.53,2.7
2023-03-29,5.6,-2.2,10.3,9147,0.1,0.54,2.5
2023-03-30,11.6,7.5,17.8,8639,0.8,1.05,3.5
2023-03-31,10.6,7.8,14.5,7612,3.9,1.04,3.2
2023-04-01,9.4,4.5,13.3,7289,3.9,0.84,4.2
2023-04-02,4.2,1.1,6.6,7271,0.0,0.65,3.5
2023-04-03,2.3,-1.9,5.4,13387,0.0,0.52,2.8
2023-04-04,2.2,-2.9,7.0,15600,0.0,0.49,1.9
2023-04-05,2.0,-3.7,8.2,8996,0.1,0.48,1.3
2023-04-06,4.1,-1.9,10.6,15757,0.0,0.55,1.9
2023-04-07,3.0,-1.9,6.5,7688,2.5,0.52,2.2
2023-04-08,5.1,-1.5,8.3,7985,0.0,0.55,2.0
2023-04-09,6.0,-2.6,14.6,13558,0.0,0.55,1.7
2023-04-10,9.8,1.1,17.6,15618,0.0,0.72,2.8
2023-04-11,8.3,1.4,13.1,11170,8.7,0.69,3.4
2023-04-12,8.9,-1.0,15.8,18263,1.0,0.61,3.0
2023-04-13,9.9,5.6,13.5,10043,0.0,0.9,2.8
2023-04-14,7.8,6.4,8.8,8255,22.0,0.92,1.9
2023-04-15,9.4,8.1,11.6,8445,4.5,1.04,2.6
2023-04-16,9.2,7.3,11.2,8412,9.8,0.99,2.2
2023-04-17,7.5,5.4,8.7,8490,0.5,0.87,2.5
2023-04-18,8.3,3.7,11.7,8566,0.0,0.79,3.2
2023-04-19,6.3,3.4,10.1,13270,1.7,0.77,3.4
2023-04-20,8.8,2.6,16.2,12118,0.0,0.77,3.0
2023-04-21,13.8,7.5,20.7,23470,0.0,1.08,3.0
2023-04-22,15.2,6.2,22.8,23715,0.0,1.02,2.5
2023-04-23,15.0,10.1,18.7,14214,0.0,1.22,2.3
2023-04-24,12.7,7.1,17.8,13155,0.4,1.02,3.6
2023-04-25,8.0,4.6,12.4,13819,0.0,0.84,3.2
2023-04-26,5.9,0.7,10.7,18656,0.1,0.65,2.5
2023-04-27,6.4,1.0,11.9,12596,0.0,0.67,1.7
2023-04-28,10.7,1.6,17.8,15242,3.7,0.74,2.2
2023-04-29,11.5,9.7,13.7,9363,0.2,1.16,2.6
2023-04-30,9.4,2.4,15.8,25151,0.0,0.76,2.1
2023-05-01,12.3,0.2,20.9,23851,0.6,0.71,1.8
2023-05-02,11.2,2.3,16.7,12865,0.0,0.76,2.6
2023-05-03,8.9,1.7,15.9,21220,0.0,0.72,1.8
2023-05-04,12.0,-0.1,19.8,23686,0.0,0.69,2.1
2023-05-05,14.7,5.9,22.4,22238,17.9,1.0,2.8
2023-05-06,8.9,7.7,10.4,9813,2.7,1.02,2.2
2023-05-07,9.2,5.5,12.2,9992,0.0,0.88,2.7
2023-05-08,11.0,3.0,18.0,26697,0.0,0.8,2.5
2023-05-09,13.5,5.8,19.7,26911,0.0,0.97,2.8
2023-05-10,16.0,8.0,23.4,25801,0.0,1.13,2.3
2023-05-11,15.8,7.6,22.0,18176,0.0,1.09,1.8
2023-05-12,17.0,9.9,23.3,24644,0.0,1.26,2.3
2023-05-13,14.3,9.0,21.4,20854,1.3,1.18,2.2
2023-05-14,13.9,6.1,21.0,15473,0.5,0.99,1.7
2023-05-15,12.9,7.7,17.3,11164,0.4,1.04,2.2
2023-05-16,10.9,5.9,13.6,11093,0.0,0.92,3.3
2023-05-17,10.7,3.0,16.7,24900,0.0,0.8,2.9
2023-05-18,10.4,2.4,16.8,19238,0.0,0.77,2.1
2023-05-19,12.2,3.7,17.7,14047,0.0,0.83,2.5
2023-05-20,15.3,11.6,21.0,17153,0.0,1.37,3.1
2023-05-21,20.3,11.7,27.4,21244,0.0,1.46,2.6
2023-05-22,20.0,14.0,25.6,23872,0.6,1.61,2.1
2023-05-23,15.9,10.9,23.0,15709,2.2,1.34,3.2
2023-05-24,10.5,4.8,14.9,17350,0.0,0.87,2.3
2023-05-25,13.9,3.4,21.9,26616,0.0,0.87,2.4
2023-05-26,14.8,6.7,21.6,28021,0.0,1.03,2.5
2023-05-27,14.0,3.7,21.0,28935,0.0,0.87,2.0
2023-05-28,15.3,4.5,23.5,29108,0.0,0.93,1.9
2023-05-29,16.1,5.2,23.3,25084,0.0,0.97,2.6
2023-05-30,16.2,6.7,22.7,29447,0.0,1.05,2.4
2023-05-31,17.1,6.6,26.1,28131,0.0,1.09,2.4
2023-06-01,17.2,8.3,24.6,29160,0.0,1.17,2.7
2023-06-02,14.9,9.9,20.6,22148,0.0,1.22,2.5
2023-06-03,14.3,7.2,20.5,29853,0.0,1.05,2.3
2023-06-04,15.6,3.8,23.7,29887,0.0,0.91,1.9
2023-06-05,18.4,5.7,26.5,25336,0.1,1.05,2.0
2023-06-06,17.0,13.1,20.0,11234,2.6,1.48,1.9
2023-06-07,19.8,12.6,27.5,20306,0.1,1.54,1.7
2023-06-08,21.1,12.0,28.8,21444,0.1,1.5,1.9
2023-06-09,21.9,12.1,30.2,22581,0.0,1.54,2.3
2023-06-10,22.0,13.1,29.7,26199,0.2,1.62,2.7
2023-06-11,21.2,11.2,27.7,28327,0.0,1.41,2.7
2023-06-12,19.0,10.3,25.9,27350,0.0,1.33,2.6
2023-06-13,16.0,7.7,22.7,19169,0.0,1.1,2.8
2023-06-14,15.6,10.7,22.4,17193,0.5,1.3,2.4
2023-06-15,16.8,13.1,22.4,16332,0.2,1.5,1.8
2023-06-16,15.8,13.0,20.1,13856,3.7,1.46,1.9
2023-06-17,15.5,11.8,20.9,16345,2.1,1.37,1.6
2023-06-18,18.8,10.2,27.3,25914,0.0,1.34,1.4
2023-06-19,21.7,12.6,30.1,16600,0.0,1.57,2.0
2023-06-20,23.0,16.4,31.1,16353,1.1,1.95,1.8
2023-06-21,24.5,17.6,30.6,24673,0.0,2.05,2.1
2023-06-22,24.5,15.9,31.5,24172,24.6,1.9,2.3
2023-06-23,18.2,14.5,23.6,11751,8.3,1.64,2.9
2023-06-24,19.2,13.9,25.0,23911,0.0,1.59,1.7
2023-06-25,20.2,12.5,27.0,16208,0.0,1.5,1.4
2023-06-26,22.6,15.6,31.7,22899,5.7,1.87,2.8
2023-06-27,15.9,11.4,20.7,20777,4.0,1.35,2.8
2023-06-28,16.5,10.7,23.0,16423,0.0,1.31,2.0
2023-06-29,20.0,10.0,26.7,26326,0.1,1.32,1.5
2023-06-30,19.2,16.1,24.1,11685,12.5,1.81,1.8
2023-07-01,20.1,15.6,24.9,17491,1.1,1.77,3.0
2023-07-02,18.6,12.3,22.9,19948,0.1,1.44,3.8
2023-07-03,18.5,11.4,24.0,20668,0.0,1.39,3.4
2023-07-04,19.5,13.0,25.6,25220,0.0,1.53,2.9
2023-07-05,20.3,11.9,27.4,20617,0.7,1.46,3.7
2023-07-06,18.1,9.7,24.8,25778,0.0,1.26,2.0
2023-07-07,20.9,9.8,28.9,29449,0.0,1.35,1.5
2023-07-08,23.8,12.5,32.1,29658,0.0,1.59,1.8
2023-07-09,25.1,14.0,33.1,28015,0.0,1.76,1.6
2023-07-10,23.6,16.5,31.8,23293,2.0,1.97,2.2
2023-07-11,23.9,14.0,30.9,29040,0.5,1.7,2.0
2023-07-12,24.8,19.1,29.7,20629,0.0,2.23,3.0
2023-07-13,21.6,13.4,27.1,20465,0.0,1.59,2.5
2023-07-14,20.6,11.2,27.6,25457,0.0,1.41,1.7
2023-07-15,27.3,14.5,36.3,26021,3.8,1.88,2.5
2023-07-16,23.7,14.8,29.5,23151,0.0,1.74,3.1
2023-07-17,22.4,13.7,29.7,22855,2.4,1.66,2.8
2023-07-18,18.4,11.6,25.2,26837,0.0,1.42,1.9
2023-07-19,20.1,9.9,28.3,18840,1.9,1.34,2.1
2023-07-20,17.7,10.8,22.6,19642,0.0,1.31,2.2
2023-07-21,17.4,9.3,24.9,16298,0.4,1.23,1.8
2023-07-22,17.4,12.8,23.1,21599,0.1,1.49,2.4
2023-07-23,21.5,15.0,29.9,14492,0.0,1.78,3.1
2023-07-24,23.4,15.6,30.5,18442,0.1,1.84,2.8
2023-07-25,17.1,13.7,21.5,11237,3.5,1.55,2.4
2023-07-26,14.9,10.3,21.3,16265,3.0,1.27,2.6
2023-07-27,15.8,9.7,23.0,16929,6.1,1.24,2.4
2023-07-28,20.2,16.0,26.1,14456,0.5,1.82,2.3
2023-07-29,19.7,14.7,27.9,14516,4.0,1.71,2.4
2023-07-30,19.4,14.5,26.5,18296,1.8,1.69,2.9
2023-07-31,18.3,13.5,23.2,10678,3.7,1.54,3.1
2023-08-01,18.3,14.0,22.3,13251,4.1,1.59,3.4
2023-08-02,18.6,13.4,24.4,14499,0.3,1.56,3.2
2023-08-03,20.9,17.2,24.4,18002,0.0,1.93,4.1
2023-08-04,19.2,14.2,23.5,15193,0.5,1.6,2.0
2023-08-05,17.4,13.0,21.4,11211,12.8,1.48,1.7
2023-08-06,15.2,13.8,16.7,9728,11.8,1.53,2.8
2023-08-07,16.0,13.5,20.9,15560,3.1,1.53,4.6
2023-08-08,15.5,11.7,20.8,17832,6.6,1.36,3.8
2023-08-09,15.0,11.2,21.0,16221,0.2,1.34,2.5
2023-08-10,16.2,9.2,22.8,22685,0.0,1.2,1.6
2023-08-11,18.3,9.0,26.2,23396,0.0,1.25,1.4
2023-08-12,22.4,14.3,29.9,14454,0.3,1.73,1.8
2023-08-13,22.0,17.5,27.0,15529,0.0,2.0,1.6
2023-08-14,23.5,15.0,31.3,19483,4.0,1.82,1.5
2023-08-15,25.6,19.1,33.7,19609,0.0,2.31,1.7
2023-08-16,23.9,19.5,28.7,16521,0.4,2.26,1.6
2023-08-17,23.1,19.3,28.4,16995,0.0,2.23,2.0
2023-08-18,24.3,17.7,30.8,22930,1.0,2.07,1.8
2023-08-19,25.3,18.0,33.4,23260,0.0,2.16,1.7
2023-08-20,24.9,20.2,30.4,17705,0.0,2.38,1.5
2023-08-21,23.5,16.7,29.2,14894,0.0,1.93,1.4
2023-08-22,21.7,15.8,29.1,13560,0.0,1.83,1.5
2023-08-23,20.6,12.0,28.9,19829,0.0,1.51,1.5
2023-08-24,22.0,12.5,29.5,18927,0.2,1.56,1.6
2023-08-25,23.5,17.0,29.6,15040,1.9,1.98,2.1
2023-08-26,21.2,14.6,27.6,13500,0.5,1.71,2.2
2023-08-27,17.5,14.7,20.3,8352,5.9,1.62,1.7
2023-08-28,14.7,12.2,17.5,8491,10.1,1.39,1.9
2023-08-29,13.7,13.0,14.7,8084,5.8,1.44,1.6
2023-08-30,15.7,11.5,20.2,9951,0.1,1.34,1.8
2023-08-31,14.8,10.8,19.6,11797,1.8,1.29,2.6
2023-09-01,16.1,8.5,22.8,16725,0.5,1.17,1.9
2023-09-02,17.3,14.4,20.7,8189,0.0,1.61,1.3
2023-09-03,17.2,12.4,21.5,13503,0.0,1.44,1.7
2023-09-04,17.6,10.2,24.9,19704,0.0,1.3,1.7
2023-09-05,19.7,12.7,26.9,20390,0.0,1.53,1.9
2023-09-06,19.7,10.4,28.8,20232,0.0,1.38,1.7
2023-09-07,20.5,12.1,28.8,19866,0.0,1.5,2.1
2023-09-08,20.8,12.4,29.4,19604,0.0,1.55,1.6
2023-09-09,21.1,12.3,30.6,19342,0.0,1.54,1.2
2023-09-10,20.8,11.7,31.2,19079,0.0,1.51,1.1
2023-09-11,20.5,10.8,30.7,18817,0.0,1.46,1.3
2023-09-12,20.8,12.0,30.7,17854,4.9,1.54,1.5
2023-09-13,19.5,15.0,24.7,12820,1.7,1.71,2.3
2023-09-14,15.4,8.1,21.1,15166,0.0,1.11,1.4
2023-09-15,15.5,5.9,23.7,15219,0.0,1.02,1.8
2023-09-16,18.1,10.1,26.6,17607,0.0,1.32,1.5
2023-09-17,19.4,11.0,28.0,16185,0.0,1.4,1.6
2023-09-18,21.1,13.7,29.6,12093,4.0,1.66,2.7
2023-09-19,17.2,11.3,21.6,13776,0.0,1.35,3.8
2023-09-20,19.2,12.1,26.6,15904,0.0,1.47,2.8
2023-09-21,20.6,11.2,28.7,15745,0.0,1.45,2.2
2023-09-22,16.3,13.8,18.8,6185,2.5,1.54,2.5
2023-09-23,14.2,8.2,18.4,10624,0.0,1.09,2.5
2023-09-24,12.3,6.6,19.9,12242,0.0,1.01,1.7
2023-09-25,13.8,5.6,21.7,11743,0.0,0.98,1.8
2023-09-26,17.5,9.5,26.0,14401,0.0,1.27,1.2
2023-09-27,18.6,11.7,28.8,15047,0.0,1.47,1.4
2023-09-28,19.4,11.7,27.9,14972,0.0,1.46,1.6
2023-09-29,19.5,9.9,27.0,9281,0.0,1.32,2.3
2023-09-30,14.9,8.1,20.4,10991,0.0,1.11,2.0
2023-10-01,16.0,9.8,20.5,5863,0.0,1.21,1.8
2023-10-02,18.9,11.7,27.0,13372,0.0,1.46,1.7
2023-10-03,19.4,12.0,29.2,10341,11.8,1.5,3.6
2023-10-04,13.8,10.8,17.8,8286,0.0,1.27,3.0
2023-10-05,13.5,9.0,18.3,6268,0.8,1.14,2.6
2023-10-06,15.1,8.4,19.6,7820,0.0,1.12,3.0
2023-10-07,16.6,11.3,18.8,4867,8.3,1.32,3.4
2023-10-08,11.3,9.1,15.1,10183,5.7,1.13,1.8
2023-10-09,9.8,8.7,10.7,4711,2.3,1.09,1.9
2023-10-10,13.7,9.9,17.9,5423,0.2,1.21,1.8
2023-10-11,19.4,13.7,24.5,9321,0.0,1.58,3.2
2023-10-12,15.9,13.1,21.2,4482,6.8,1.49,2.3
2023-10-13,18.4,13.2,22.0,6472,0.0,1.5,3.3
2023-10-14,15.6,8.3,22.3,7662,2.8,1.14,4.0
2023-10-15,8.3,5.3,11.5,8451,0.1,0.87,3.2
2023-10-16,6.2,3.0,11.5,7148,1.6,0.75,1.9
2023-10-17,6.0,0.1,10.8,4335,0.0,0.62,1.5
2023-10-18,5.8,-1.1,13.4,10201,0.6,0.6,2.3
2023-10-19,6.7,4.5,8.3,3974,6.9,0.81,2.9
2023-10-20,7.2,6.9,8.1,3905,3.6,0.95,4.0
2023-10-21,12.4,7.9,20.4,8179,1.4,1.09,2.7
2023-10-22,12.5,9.8,17.4,5431,3.9,1.2,2.4
2023-10-23,11.7,8.8,16.4,6509,0.4,1.11,1.6
2023-10-24,11.9,9.6,15.1,3772,10.4,1.16,2.0
2023-10-25,11.3,7.5,14.8,6515,6.1,1.02,2.3
2023-10-26,10.4,5.7,11.7,3508,4.4,0.89,2.3
2023-10-27,7.6,4.0,9.5,3445,9.5,0.79,2.3
2023-10-28,10.9,7.8,13.5,5321,1.8,1.03,2.6
2023-10-29,12.5,7.3,15.3,3322,1.0,1.01,3.3
2023-10-30,13.3,10.1,17.4,4209,4.2,1.21,2.5
2023-10-31,12.5,10.0,15.2,3828,1.0,1.2,3.2
2023-11-01,11.5,7.5,15.9,4749,0.0,1.02,2.7
2023-11-02,11.7,9.4,15.0,4552,5.4,1.15,3.7
2023-11-03,9.1,7.8,10.0,3034,1.3,1.02,3.1
2023-11-04,8.8,6.3,11.8,5538,1.5,0.92,3.6
2023-11-05,10.9,8.3,14.6,4161,0.7,1.08,4.0
2023-11-06,11.4,9.7,13.7,3746,0.1,1.16,4.1
2023-11-07,9.9,7.2,13.1,3397,0.1,1.0,3.4
2023-11-08,8.7,5.7,11.5,3114,0.1,0.9,3.5
2023-11-09,9.4,5.3,13.1,4520,0.3,0.88,3.3
2023-11-10,8.6,4.6,12.6,3841,0.8,0.84,3.1
2023-11-11,5.8,2.1,9.3,3123,0.7,0.7,2.6
2023-11-12,6.2,2.8,8.1,2584,0.1,0.73,1.8
2023-11-13,6.4,0.7,10.9,4631,6.9,0.65,3.1
2023-11-14,11.5,9.5,13.6,3292,1.4,1.15,4.7
2023-11-15,7.8,3.8,10.6,3504,1.7,0.79,3.4
2023-11-16,6.2,0.0,10.4,2622,0.6,0.62,2.7
2023-11-17,2.7,-1.0,4.6,2375,1.0,0.55,2.4
2023-11-18,4.0,3.3,5.1,2337,1.3,0.74,2.2
2023-11-19,8.0,4.1,13.0,3203,14.7,0.81,3.8
2023-11-20,9.3,7.8,10.5,2263,24.7,1.02,2.9
2023-11-21,3.7,0.1,7.7,2229,1.0,0.61,2.2
2023-11-22,-0.9,-3.2,1.1,5165,0.0,0.47,2.3
2023-11-23,5.9,0.5,10.3,2162,3.9,0.63,4.9
2023-11-24,4.6,0.7,7.7,2704,1.9,0.64,4.9
2023-11-25,1.3,0.0,3.6,2432,0.3,0.59,3.4
2023-11-26,-0.4,-3.0,1.9,3385,0.1,0.48,2.2
2023-11-27,0.1,-1.7,2.0,2044,6.6,0.52,2.6
2023-11-28,-2.8,-8.2,-0.6,2018,1.2,0.32,2.9
2023-11-29,-1.8,-4.7,0.7,3043,1.3,0.42,2.8
2023-11-30,-1.9,-5.2,2.5,3600,1.1,0.41,1.3
2023-12-01,-2.3,-5.3,-0.9,1945,0.0,0.4,1.6
2023-12-02,-4.3,-6.1,-2.7,2057,0.8,0.37,2.1
2023-12-03,-2.8,-8.1,-0.6,1903,0.0,0.33,2.1
2023-12-04,-3.8,-9.2,-0.2,1927,0.0,0.3,2.6
2023-12-05,-1.2,-4.2,0.3,1865,0.4,0.43,3.1
2023-12-06,1.1,-0.4,2.5,1848,0.2,0.57,2.2
2023-12-07,1.2,-0.2,2.1,1832,0.0,0.58,1.6
2023-12-08,1.0,-0.8,2.0,2376,0.2,0.55,2.4
2023-12-09,3.2,1.5,5.7,2017,4.2,0.65,2.9
2023-12-10,5.9,2.0,8.4,1791,3.6,0.69,4.0
2023-12-11,8.1,5.7,10.7,2076,12.1,0.89,3.6
2023-12-12,6.1,1.3,8.9,2150,2.2,0.66,2.0
2023-12-13,5.7,3.8,7.1,1760,4.9,0.77,2.4
2023-12-14,3.9,1.9,5.1,1753,0.8,0.68,2.0
2023-12-15,2.9,0.3,5.1,1788,0.8,0.61,2.2
2023-12-16,6.5,4.7,7.6,1740,0.0,0.83,2.9
2023-12-17,6.8,5.7,7.6,2195,0.0,0.88,3.1
2023-12-18,4.9,1.5,8.0,3315,0.0,0.67,3.0
2023-12-19,6.9,5.4,8.5,1730,8.6,0.86,3.3
2023-12-20,5.6,3.8,7.2,1938,3.7,0.77,4.2
2023-12-21,6.7,4.4,9.2,1730,9.1,0.81,6.3
2023-12-22,3.8,0.4,5.5,2689,3.1,0.61,6.3
2023-12-23,1.6,0.1,2.9,1733,14.8,0.59,5.0
2023-12-24,7.1,0.1,12.3,1737,5.3,0.63,5.5
2023-12-25,10.6,8.9,12.3,1825,4.8,1.11,5.0
2023-12-26,9.5,5.0,11.6,2586,2.0,0.85,4.6
2023-12-27,4.2,0.9,6.0,3688,0.2,0.63,2.4
2023-12-28,8.1,5.4,10.5,2986,0.0,0.87,4.2
2023-12-29,9.8,6.8,11.6,2788,4.1,0.95,4.8
2023-12-30,6.8,3.7,11.3,2293,0.0,0.79,3.4
2023-12-31,6.2,3.7,8.7,2179,0.1,0.77,3.1
2024-01-01,6.3,4.2,8.3,1851,1.8,0.8,3.7
2024-01-02,4.9,1.8,7.9,1822,9.8,0.68,4.1
2024-01-03,9.5,7.4,12.0,2704,1.4,1.0,5.3
2024-01-04,5.3,0.5,9.7,1853,2.8,0.63,4.0
2024-01-05,1.9,0.3,3.9,2002,0.3,0.6,2.9
2024-01-06,0.2,-1.7,1.4,1890,0.0,0.52,2.6
2024-01-07,-2.6,-6.2,-1.1,3199,0.0,0.37,3.5
2024-01-08,-7.7,-10.8,-4.6,4842,0.0,0.26,3.5
2024-01-09,-8.9,-12.2,-5.1,4887,0.0,0.24,2.3
2024-01-10,-8.9,-12.5,-2.9,4934,0.0,0.24,1.6
2024-01-11,-6.3,-12.0,-2.3,2827,0.3,0.25,1.7
2024-01-12,-0.9,-2.9,0.8,2027,0.1,0.47,2.0
2024-01-13,1.2,0.3,2.6,2054,1.1,0.6,3.4
2024-01-14,1.8,0.6,3.1,2129,0.7,0.62,3.6
2024-01-15,0.8,-1.2,2.2,2207,5.8,0.54,4.3
2024-01-16,-0.7,-3.3,0.8,2478,0.2,0.46,2.6
2024-01-17,-2.0,-5.0,0.0,3386,2.8,0.41,2.4
2024-01-18,-2.4,-8.0,-0.4,2207,0.4,0.33,2.3
2024-01-19,-3.3,-8.0,0.3,5654,0.0,0.33,3.1
2024-01-20,-1.4,-5.8,1.8,5076,0.0,0.39,3.1
2024-01-21,-1.3,-8.8,3.5,3172,0.0,0.32,3.4
2024-01-22,5.0,0.3,9.4,2351,3.5,0.62,5.0
2024-01-23,5.3,3.0,7.9,2545,4.4,0.74,4.6
2024-01-24,9.2,4.8,12.8,3265,2.5,0.85,6.6
2024-01-25,7.5,4.6,8.9,2683,0.0,0.83,3.7
2024-01-26,5.3,-0.2,9.6,2568,3.1,0.6,3.9
2024-01-27,4.3,-1.3,7.1,3206,0.0,0.56,2.7
2024-01-28,1.7,-4.1,8.9,6590,0.0,0.47,2.0
2024-01-29,5.3,-1.3,11.7,6075,0.0,0.58,2.0
2024-01-30,5.2,2.6,9.0,4597,0.0,0.72,2.2
2024-01-31,5.8,3.9,7.3,2745,1.2,0.78,2.9
2024-02-01,6.1,4.0,8.9,4798,0.3,0.79,3.7
2024-02-02,5.9,3.4,8.4,3019,0.3,0.75,3.9
2024-02-03,9.3,7.5,10.4,2897,2.7,1.0,4.4
2024-02-04,7.9,6.1,10.0,3010,12.4,0.91,4.8
2024-02-05,10.2,7.1,11.5,3005,2.3,0.98,5.5
2024-02-06,9.9,8.2,11.1,3060,3.9,1.05,5.7
2024-02-07,5.0,0.4,10.9,3117,4.3,0.64,4.1
2024-02-08,1.5,-1.5,4.8,3174,7.8,0.53,2.3
2024-02-09,6.2,0.8,11.4,3233,6.1,0.66,3.0
2024-02-10,10.5,7.6,15.4,6222,0.0,1.03,2.1
2024-02-11,8.3,7.1,9.9,3353,9.8,0.97,2.9
2024-02-12,7.6,3.7,9.8,3611,0.6,0.77,2.5
2024-02-13,4.7,0.6,9.0,4996,0.0,0.63,2.6
2024-02-14,6.3,1.1,10.0,3608,1.3,0.66,2.7
2024-02-15,10.9,8.7,14.3,3674,0.3,1.1,2.1
2024-02-16,11.0,7.0,15.0,4356,5.6,0.99,2.6
2024-02-17,8.6,2.6,11.3,4707,0.0,0.74,2.4
2024-02-18,7.1,-0.3,11.5,7514,1.3,0.62,2.5
2024-02-19,7.6,6.4,9.5,3875,7.8,0.92,3.7
2024-02-20,7.8,6.8,9.3,4374,1.9,0.95,3.2
2024-02-21,7.7,4.7,10.7,4015,0.0,0.83,3.2
2024-02-22,9.9,7.2,11.6,4087,2.2,0.99,4.1
2024-02-23,8.5,3.2,12.4,7119,0.0,0.76,4.1
2024-02-24,6.3,-0.1,13.3,9245,0.0,0.63,2.5
2024-02-25,7.1,0.3,13.6,9677,0.0,0.65,2.3
2024-02-26,5.5,-1.1,11.8,8586,0.0,0.58,2.1
2024-02-27,5.0,3.0,6.6,4456,0.2,0.73,2.1
2024-02-28,2.4,-3.1,4.5,4766,0.0,0.48,1.7
2024-02-29,3.2,-3.5,11.0,7688,0.0,0.5,2.4
2024-03-01,8.6,5.5,12.6,6042,0.3,0.89,2.1
2024-03-02,9.5,4.7,12.8,5328,0.0,0.84,2.2
2024-03-03,8.8,3.6,14.5,7204,0.0,0.81,2.3
2024-03-04,7.1,1.6,12.8,6074,0.0,0.7,2.0
2024-03-05,4.9,-1.3,8.7,10983,0.0,0.56,2.3
2024-03-06,2.3,-2.7,6.6,6257,0.2,0.5,1.9
2024-03-07,3.6,-2.8,7.9,12109,0.0,0.51,2.6
2024-03-08,2.5,-3.9,9.2,13797,0.0,0.48,3.2
2024-03-09,4.7,-0.6,10.1,6881,0.0,0.59,3.0
2024-03-10,7.9,1.2,12.6,9069,0.0,0.68,3.4
2024-03-11,9.7,2.4,15.0,9009,0.0,0.75,2.8
2024-03-12,8.3,1.9,14.6,10722,0.0,0.72,2.0
2024-03-13,8.4,2.5,14.6,9867,0.2,0.75,2.0
2024-03-14,10.2,6.7,13.3,5833,0.1,0.97,2.1
2024-03-15,12.5,7.8,20.0,12113,0.3,1.09,2.9
2024-03-16,9.5,4.0,15.5,8300,1.7,0.82,3.5
2024-03-17,4.5,-0.3,9.7,13593,0.0,0.6,1.8
2024-03-18,1.7,-4.2,7.4,16170,0.0,0.46,2.0
2024-03-19,2.9,-5.7,10.6,15583,0.0,0.44,1.7
2024-03-20,9.0,-0.9,17.2,15364,0.0,0.63,1.3
2024-03-21,9.7,4.9,15.0,8249,1.8,0.87,2.4
2024-03-22,10.3,6.6,15.5,6517,3.6,0.97,2.6
2024-03-23,6.2,2.2,10.1,7672,5.2,0.7,3.3
2024-03-24,5.1,1.0,8.9,9626,5.8,0.65,4.2
2024-03-25,5.1,-0.9,9.7,8156,0.8,0.58,2.6
2024-03-26,7.8,-1.0,16.0,17089,0.0,0.62,2.6
2024-03-27,12.4,4.8,19.2,15047,0.2,0.91,2.4
2024-03-28,10.3,6.7,16.2,9651,0.3,0.97,3.4
2024-03-29,11.4,2.6,17.8,8740,0.0,0.78,2.8
2024-03-30,16.1,6.7,24.8,14347,0.0,1.07,2.1
2024-03-31,15.5,7.8,22.9,14273,0.0,1.12,1.9
2024-04-01,13.4,7.1,20.1,7684,0.0,1.04,2.9
2024-04-02,10.8,8.1,15.4,10891,2.4,1.06,4.3
2024-04-03,10.7,9.4,13.4,9950,2.8,1.14,2.7
2024-04-04,12.3,9.2,16.1,11522,2.0,1.14,3.6
2024-04-05,15.2,9.9,21.3,12793,1.7,1.24,3.2
2024-04-06,17.0,10.0,24.4,17803,0.0,1.29,2.4
2024-04-07,18.9,12.3,26.0,15158,0.0,1.49,2.4
2024-04-08,20.7,11.6,28.5,14419,0.0,1.47,1.8
2024-04-09,19.5,9.4,28.2,16267,8.0,1.3,3.3
2024-04-10,10.4,4.4,15.1,10408,0.0,0.84,2.6
2024-04-11,11.4,2.6,19.1,18810,0.0,0.8,2.3
2024-04-12,14.2,5.9,21.4,17075,0.0,0.99,2.3
2024-04-13,17.2,11.6,23.0,17197,0.0,1.38,2.5
2024-04-14,15.4,8.5,20.0,14434,2.1,1.12,3.2
2024-04-15,10.2,6.0,15.2,12646,5.7,0.93,3.2
2024-04-16,7.9,4.6,12.1,13190,0.0,0.84,4.0
2024-04-17,5.8,0.0,11.6,13399,0.6,0.62,2.1
2024-04-18,4.8,-1.9,11.1,16431,0.8,0.56,2.2
2024-04-19,6.2,3.9,8.8,8832,6.5,0.79,4.0
2024-04-20,4.9,0.6,8.1,10500,1.5,0.63,2.8
2024-04-21,3.7,-1.8,9.1,14692,0.6,0.54,2.5
2024-04-22,2.5,-2.2,7.5,13412,0.2,0.52,2.0
2024-04-23,3.7,-3.9,9.7,16952,0.0,0.48,2.0
2024-04-24,6.5,0.6,12.0,14396,1.6,0.65,2.5
2024-04-25,4.8,-0.7,9.8,12863,3.6,0.59,2.3
2024-04-26,9.4,2.1,15.8,16432,0.0,0.74,2.1
2024-04-27,13.5,3.6,23.3,17574,0.0,0.89,2.1
2024-04-28,16.6,8.2,25.2,18837,0.0,1.18,2.7
2024-04-29,18.0,11.4,24.5,20458,0.0,1.39,1.8
2024-04-30,21.3,11.7,28.8,25145,0.0,1.47,2.1
2024-05-01,20.9,13.7,27.3,25254,0.0,1.61,3.0
2024-05-02,19.9,13.6,26.0,20510,0.0,1.6,3.3
2024-05-03,16.6,12.2,23.3,19060,3.7,1.43,2.8
2024-05-04,16.0,11.2,22.1,20811,0.0,1.34,1.6
2024-05-05,15.0,8.0,19.1,14104,0.8,1.08,2.6
2024-05-06,12.5,6.3,18.9,11426,0.0,0.99,1.9
2024-05-07,9.6,6.0,12.9,9932,0.0,0.92,2.1
2024-05-08,12.7,5.4,19.4,21511,0.0,0.94,1.8
2024-05-09,12.7,2.2,20.8,25801,0.0,0.79,1.5
2024-05-10,15.0,5.5,22.7,16730,0.0,0.99,1.6
2024-05-11,16.0,11.2,21.6,19212,0.0,1.33,1.8
2024-05-12,16.0,10.0,22.1,26901,0.0,1.24,2.4
2024-05-13,17.1,8.2,25.0,27467,0.0,1.17,2.4
2024-05-14,18.9,10.0,26.0,27547,0.0,1.31,3.1
2024-05-15,19.8,12.0,26.3,26288,0.0,1.47,3.1
2024-05-16,20.1,13.0,26.9,21491,0.0,1.56,3.3
2024-05-17,18.3,13.1,24.8,21067,0.0,1.53,3.4
2024-05-18,15.4,12.3,18.9,13681,1.7,1.41,2.1
2024-05-19,16.3,10.3,21.9,19720,1.2,1.28,1.8
2024-05-20,17.7,8.7,25.5,23080,0.0,1.21,1.6
2024-05-21,21.0,11.8,28.5,23260,0.2,1.48,2.9
2024-05-22,19.7,14.1,25.1,15095,0.4,1.63,2.7
2024-05-23,18.3,12.6,23.9,15631,0.0,1.48,1.9
2024-05-24,17.5,11.9,25.3,16658,8.4,1.43,1.7
2024-05-25,18.6,12.5,26.0,22607,0.1,1.49,1.6
2024-05-26,19.7,10.8,26.9,23516,1.1,1.38,1.7
2024-05-27,20.4,15.1,26.0,18876,3.0,1.73,1.8
2024-05-28,14.6,9.3,17.1,11020,5.1,1.15,2.2
2024-05-29,17.2,7.2,24.4,24879,0.0,1.1,2.4
2024-05-30,17.8,11.9,23.3,16271,1.1,1.4,1.8
2024-05-31,17.4,11.3,23.8,19023,8.6,1.37,2.2
2024-06-01,19.4,13.4,28.0,23137,3.5,1.6,2.6
2024-06-02,17.3,14.1,24.1,15002,10.8,1.61,2.9
2024-06-03,14.9,13.3,17.6,11437,0.0,1.49,2.3
2024-06-04,15.8,10.7,21.0,14929,0.0,1.28,1.6
2024-06-05,17.5,10.5,23.4,18423,2.1,1.31,2.5
2024-06-06,16.7,11.6,22.5,23529,0.5,1.37,1.9
2024-06-07,16.5,10.1,21.4,21816,0.0,1.25,1.8
2024-06-08,19.8,8.1,27.6,27916,0.0,1.19,2.4
2024-06-09,16.9,10.2,22.7,25082,0.0,1.28,2.5
2024-06-10,16.2,8.9,22.7,22245,1.3,1.19,2.4
2024-06-11,13.8,9.6,18.7,18039,0.0,1.19,3.1
2024-06-12,14.2,6.2,20.0,22894,0.3,0.99,2.3
2024-06-13,13.8,7.1,19.5,21167,0.1,1.03,1.8
2024-06-14,15.6,6.6,21.2,11861,0.0,1.03,2.4
2024-06-15,17.2,10.8,23.0,16961,2.7,1.31,3.2
2024-06-16,18.3,8.5,26.1,25165,0.3,1.21,2.4
2024-06-17,19.6,14.2,25.6,18089,0.2,1.64,1.9
2024-06-18,21.3,12.9,29.9,23308,15.7,1.6,1.6
2024-06-19,16.1,11.5,19.2,11509,3.7,1.34,2.2
2024-06-20,18.0,12.3,23.7,18463,0.0,1.44,1.7
2024-06-21,22.4,15.0,30.1,21937,4.5,1.79,2.1
2024-06-22,19.0,13.6,23.6,20070,3.6,1.56,2.9
2024-06-23,18.6,12.6,24.1,19815,0.0,1.47,1.9
2024-06-24,18.7,10.7,25.9,22041,0.0,1.37,1.7
2024-06-25,21.0,12.3,26.4,26373,0.0,1.49,2.2
2024-06-26,24.7,17.4,31.8,24623,0.4,2.07,1.9
2024-06-27,24.5,19.1,32.8,22500,8.9,2.26,1.8
2024-06-28,23.2,14.2,31.2,20500,1.1,1.73,2.5
2024-06-29,23.9,12.7,31.6,25687,4.0,1.62,1.8
2024-06-30,23.7,17.7,29.6,15509,1.9,2.07,2.8
2024-07-01,17.7,13.2,24.0,16729,13.6,1.53,2.3
2024-07-02,15.7,12.7,18.7,13366,0.7,1.43,2.7
2024-07-03,15.4,12.6,18.5,14211,0.8,1.42,2.2
2024-07-04,15.4,11.3,20.9,15425,3.5,1.33,3.2
2024-07-05,17.5,10.4,23.4,19106,0.0,1.3,2.8
2024-07-06,22.8,14.8,32.6,25375,8.4,1.82,3.2
2024-07-07,18.7,12.1,23.0,22378,0.0,1.41,2.4
2024-07-08,20.4,10.6,27.7,27646,0.0,1.37,1.6
2024-07-09,25.7,15.0,32.8,28714,0.0,1.84,2.0
2024-07-10,25.5,20.5,32.2,20791,10.1,2.45,1.9
2024-07-11,22.5,18.6,27.8,19030,7.6,2.12,1.6
2024-07-12,21.2,17.9,29.4,16164,39.4,2.06,2.3
2024-07-13,18.6,14.2,24.1,19318,0.5,1.62,2.5
2024-07-14,20.7,12.3,27.0,23813,0.0,1.5,1.9
2024-07-15,23.9,14.1,31.2,26214,0.6,1.72,1.8
2024-07-16,23.0,18.4,28.9,17102,1.2,2.13,2.6
2024-07-17,20.8,14.4,26.4,22802,0.0,1.68,2.4
2024-07-18,20.2,12.5,26.7,26899,0.0,1.51,1.4
2024-07-19,22.5,13.6,29.0,27935,0.0,1.64,1.4
2024-07-20,23.9,16.2,30.3,25312,0.0,1.91,1.6
2024-07-21,25.5,16.1,32.8,25369,0.2,1.94,1.8
2024-07-22,21.9,14.1,26.9,17286,0.0,1.65,2.5
2024-07-23,20.8,12.0,29.0,22081,14.3,1.51,2.2
2024-07-24,18.3,14.8,22.9,13780,1.1,1.66,2.5
2024-07-25,18.2,13.0,23.8,25695,0.0,1.51,1.4
2024-07-26,19.6,12.0,26.3,15963,0.8,1.47,1.8
2024-07-27,20.0,15.7,24.9,11203,4.9,1.78,1.3
2024-07-28,18.4,12.3,22.8,18124,3.1,1.43,2.5
2024-07-29,17.6,10.7,23.9,26098,0.0,1.32,1.7
2024-07-30,20.2,9.9,29.4,26850,0.0,1.36,1.4
2024-07-31,23.1,12.8,30.6,24847,0.1,1.58,1.5
2024-08-01,23.7,18.5,29.4,23446,1.9,2.15,1.7
2024-08-02,18.0,15.3,21.5,11098,3.3,1.7,1.8
2024-08-03,19.9,15.0,25.8,22318,5.7,1.71,1.5
2024-08-04,18.5,14.9,24.2,12395,24.2,1.7,2.3
2024-08-05,17.7,12.2,23.5,19418,0.0,1.45,1.5
2024-08-06,19.3,10.5,26.0,23929,0.0,1.34,1.5
2024-08-07,22.9,14.7,30.8,23710,0.2,1.77,1.8
2024-08-08,20.1,12.9,25.1,15049,0.0,1.52,1.8
2024-08-09,20.5,11.9,27.2,16488,0.7,1.48,2.7
2024-08-10,21.4,15.6,27.9,22230,0.0,1.8,2.3
2024-08-11,20.5,13.0,26.4,18754,0.0,1.56,1.8
2024-08-12,20.3,10.9,27.9,23755,0.0,1.39,1.6
2024-08-13,23.2,13.7,31.3,24679,0.0,1.69,2.1
2024-08-14,24.3,17.6,32.8,22602,1.0,2.1,1.8
2024-08-15,23.0,16.8,30.1,19044,0.0,1.98,1.7
2024-08-16,23.6,15.9,31.3,21339,0.0,1.88,1.9
2024-08-17,23.4,15.3,31.0,22361,0.0,1.84,1.5
2024-08-18,21.1,15.5,30.1,13501,12.8,1.84,1.7
2024-08-19,18.4,12.1,24.1,14540,0.0,1.43,1.7
2024-08-20,20.4,10.7,27.8,21537,1.5,1.38,1.8
2024-08-21,19.7,11.0,23.9,17485,0.0,1.35,3.2
2024-08-22,17.8,11.1,25.1,14804,0.0,1.37,2.3
2024-08-23,22.6,13.1,31.3,19594,0.0,1.64,3.2
2024-08-24,25.2,14.5,33.2,22568,0.0,1.79,2.6
2024-08-25,20.8,12.9,24.8,11186,0.0,1.52,2.8
2024-08-26,19.0,10.4,26.1,18444,0.0,1.35,1.6
2024-08-27,19.6,10.2,26.9,22029,0.0,1.34,1.7
2024-08-28,22.9,13.1,31.1,21774,0.0,1.63,1.8
2024-08-29,25.7,18.0,35.4,21410,0.0,2.19,1.6
2024-08-30,24.0,16.8,31.5,20186,0.0,1.99,1.9
