Date,TempMean,TempMin,TempMax,Radiation,Precipitation,VapPressure,Windspeed
2000-01-01,0.2,-2.7,0.7,1498,2.1,0.48,2.1
2000-01-02,4.2,0.5,5.1,1511,0.0,0.61,2.3
2000-01-03,6.8,4.8,7.5,1524,0.7,0.83,3.2
2000-01-04,5.0,4.1,7.3,1667,3.0,0.79,3.3
2000-01-05,2.1,-0.3,6.2,3404,0.0,0.59,3.1
2000-01-06,1.7,-2.2,4.4,4041,0.7,0.51,2.7
2000-01-07,4.8,2.1,6.2,1590,0.0,0.69,2.3
2000-01-08,3.6,-0.1,4.9,2446,0.3,0.59,2.9
2000-01-09,2.2,0.4,5.3,1630,0.0,0.61,1.7
2000-01-10,1.4,-1.2,2.3,1651,0.0,0.54,1.7
2000-01-11,0.0,-1.9,3.0,3616,0.0,0.52,2.2
2000-01-12,-1.3,-3.1,0.5,2791,0.0,0.47,2.7
2000-01-13,-2.5,-5.3,0.5,4483,0.0,0.4,2.6
2000-01-14,-1.8,-3.9,-1.0,1748,0.0,0.44,1.5
2000-01-15,-0.8,-3.2,0.6,1774,0.4,0.46,1.6
2000-01-16,3.0,-3.6,4.7,1802,0.4,0.46,2.5
2000-01-17,7.1,4.5,7.8,1831,5.3,0.82,5.4
2000-01-18,3.2,1.5,7.0,3510,0.4,0.66,5.4
2000-01-19,0.8,0.0,3.0,4490,0.3,0.59,2.8
2000-01-20,4.0,-1.6,5.1,1925,9.4,0.53,4.1
2000-01-21,-2.9,-5.9,4.7,5267,1.1,0.4,4.2
2000-01-22,-3.7,-5.9,-1.6,1993,1.3,0.38,2.6
2000-01-23,-5.1,-10.1,-1.2,5621,0.0,0.28,2.1
2000-01-24,-6.0,-9.1,-1.8,5649,0.0,0.3,1.4
2000-01-25,-5.6,-13.5,-1.9,2157,0.0,0.22,1.9
2000-01-26,2.4,-3.7,3.6,2143,0.1,0.46,2.8
2000-01-27,2.2,1.9,4.3,2183,0.1,0.67,3.4
2000-01-28,1.7,0.7,2.4,2225,1.2,0.62,4.2
2000-01-29,4.5,0.2,7.2,2267,11.0,0.61,6.5
2000-01-30,4.2,2.8,6.0,5050,7.2,0.72,5.8
2000-01-31,6.0,2.3,9.0,5016,2.7,0.71,5.9
2000-02-01,8.3,4.0,9.2,2401,3.6,0.79,3.6
2000-02-02,6.4,5.2,8.5,2854,0.9,0.86,3.8
2000-02-03,2.1,-0.9,6.3,4789,0.2,0.56,3.9
2000-02-04,5.7,-1.9,8.0,2604,1.0,0.54,3.9
2000-02-05,7.1,6.0,8.7,2595,0.0,0.9,3.5
2000-02-06,7.5,3.2,10.4,4417,0.3,0.75,2.7
2000-02-07,6.7,5.5,9.5,4059,2.9,0.88,4.3
2000-02-08,7.1,5.6,8.4,3252,6.4,0.88,5.5
2000-02-09,4.3,2.5,8.7,2932,6.2,0.71,5.9
2000-02-10,5.7,4.7,8.3,4210,4.0,0.83,4.0
2000-02-11,3.8,1.5,8.0,5585,0.0,0.67,2.7
2000-02-12,2.7,-1.1,7.5,8378,0.5,0.56,3.4
2000-02-13,2.4,0.6,4.9,3833,4.6,0.62,3.9
2000-02-14,2.0,-0.7,5.3,5592,0.3,0.57,2.9
2000-02-15,4.5,-1.7,8.3,4246,0.4,0.55,3.2
2000-02-16,1.9,1.2,4.9,3212,4.1,0.64,3.9
2000-02-17,0.7,-0.4,2.5,5168,0.2,0.57,2.9
2000-02-18,1.5,-0.6,5.6,5254,0.3,0.57,3.0
2000-02-19,2.1,1.1,3.3,3401,0.2,0.64,2.6
2000-02-20,0.3,-1.5,4.1,4630,0.0,0.53,2.5
2000-02-21,-1.8,-3.6,2.2,7801,0.0,0.46,1.4
2000-02-22,-0.5,-5.0,1.8,3598,0.1,0.41,1.7
2000-02-23,0.9,0.0,2.9,3665,2.2,0.59,1.5
2000-02-24,2.7,-1.4,6.3,3733,1.2,0.54,3.2
2000-02-25,3.5,1.7,5.4,4959,0.0,0.67,3.4
2000-02-26,4.3,3.0,5.9,4027,0.0,0.73,2.1
2000-02-27,5.1,-1.2,9.4,10412,0.0,0.57,2.7
2000-02-28,9.5,5.5,16.9,9519,3.0,0.92,4.4
2000-02-29,5.6,2.4,9.4,7151,1.2,0.71,4.0
2000-03-01,5.3,3.1,7.7,6115,0.0,0.74,4.1
2000-03-02,3.6,1.8,5.5,8436,8.6,0.67,4.3
2000-03-03,4.4,2.2,8.1,4637,4.5,0.7,6.1
2000-03-04,1.0,0.1,4.3,6315,0.9,0.59,4.6
2000-03-05,1.5,-0.3,4.1,7858,0.4,0.58,3.7
2000-03-06,6.2,0.6,8.6,5130,0.0,0.63,3.9
2000-03-07,8.9,6.3,11.1,4604,3.4,0.92,4.8
2000-03-08,10.0,7.4,10.9,4680,6.3,0.99,5.4
2000-03-09,6.0,3.9,11.2,4846,5.7,0.79,5.8
2000-03-10,1.8,-0.3,6.0,10921,2.0,0.58,3.0
2000-03-11,4.4,0.9,8.8,5454,5.8,0.64,4.8
2000-03-12,2.2,-2.1,5.6,8822,0.2,0.52,1.7
2000-03-13,8.0,3.1,10.6,5805,2.2,0.76,2.0
2000-03-14,6.4,3.8,9.9,5147,9.5,0.78,3.9
2000-03-15,3.2,1.9,5.2,9166,3.2,0.67,4.8
2000-03-16,3.0,0.8,5.3,6915,4.3,0.63,3.9
2000-03-17,3.2,0.6,6.4,10350,0.0,0.62,3.4
2000-03-18,2.2,-2.0,8.5,13363,0.0,0.53,2.0
2000-03-19,3.8,-0.8,9.0,14870,0.0,0.58,2.3
2000-03-20,6.0,2.6,7.8,5625,0.0,0.72,2.1
2000-03-21,4.9,2.2,12.1,8965,0.0,0.72,1.6
2000-03-22,4.4,0.3,11.1,8673,0.0,0.63,1.6
2000-03-23,2.3,-1.1,10.1,13895,0.0,0.58,1.5
2000-03-24,6.5,-2.0,11.1,12420,0.1,0.55,2.7
2000-03-25,7.0,4.3,12.1,6130,0.5,0.82,2.1
2000-03-26,6.3,3.0,15.0,8162,0.2,0.78,2.0
2000-03-27,4.6,2.8,6.5,6189,4.1,0.72,1.9
2000-03-28,4.6,3.7,6.6,6269,1.6,0.77,3.0
2000-03-29,6.8,4.0,8.7,6350,0.0,0.78,3.8
2000-03-30,6.4,5.5,7.6,6430,2.8,0.87,3.7
2000-03-31,5.3,4.7,6.2,6510,0.8,0.82,1.9
2000-04-01,6.2,3.8,8.6,6911,0.0,0.78,1.5
2000-04-02,6.2,3.2,12.5,13890,0.1,0.77,1.8
2000-04-03,10.6,1.1,17.6,19114,0.0,0.72,2.6
2000-04-04,8.4,4.0,11.1,6828,0.1,0.8,2.2
2000-04-05,4.7,3.2,8.0,9872,0.0,0.75,3.2
2000-04-06,5.6,0.2,9.5,19578,0.0,0.62,2.8
2000-04-07,5.6,3.5,10.1,8842,0.0,0.77,2.5
2000-04-08,5.2,-1.6,7.7,7142,0.0,0.54,1.5
2000-04-09,3.3,-1.9,8.6,19242,0.0,0.54,2.6
2000-04-10,4.8,-2.6,10.1,16221,0.0,0.52,2.0
2000-04-11,5.2,-1.2,12.0,12710,0.0,0.58,1.8
2000-04-12,6.3,-1.1,11.7,8819,4.0,0.58,2.9
2000-04-13,7.0,0.5,11.5,11655,0.4,0.65,3.5
2000-04-14,7.7,5.5,10.7,11404,0.0,0.88,2.6
2000-04-15,10.3,0.5,18.4,11149,18.0,0.7,2.4
2000-04-16,7.3,4.1,12.8,15429,0.0,0.82,2.7
2000-04-17,14.2,2.7,21.7,14836,0.0,0.83,2.8
2000-04-18,12.0,9.2,17.6,15292,0.0,1.16,1.9
2000-04-19,14.3,9.4,19.3,13273,0.8,1.18,1.7
2000-04-20,13.6,9.6,20.5,18931,0.0,1.21,1.5
2000-04-21,16.4,7.3,23.9,21186,0.0,1.1,1.9
2000-04-22,18.3,10.0,24.3,20233,0.0,1.28,2.1
2000-04-23,20.4,14.7,28.6,21786,0.0,1.73,1.9
2000-04-24,14.7,12.2,23.2,21063,0.2,1.43,2.6
2000-04-25,11.6,9.8,12.7,8384,0.0,1.17,1.7
2000-04-26,15.4,10.7,20.6,16928,0.0,1.28,2.3
2000-04-27,20.5,11.7,26.1,21882,0.0,1.43,2.2
2000-04-28,20.7,16.3,25.9,17968,0.0,1.84,2.8
2000-04-29,20.6,15.6,28.4,23198,0.0,1.81,2.3
2000-04-30,19.2,11.9,29.0,21466,7.6,1.48,1.4
2000-05-01,20.2,12.8,26.9,21935,0.4,1.53,1.8
2000-05-02,15.5,11.5,22.1,24131,0.0,1.37,2.3
2000-05-03,13.5,6.4,21.1,23986,0.0,1.0,1.7
2000-05-04,15.5,5.3,22.6,25078,0.0,0.96,1.5
2000-05-05,15.4,6.8,23.6,25550,0.0,1.07,1.9
2000-05-06,15.7,6.1,23.4,25773,0.0,1.03,2.2
2000-05-07,17.6,8.4,25.0,25744,0.0,1.17,2.3
2000-05-08,19.0,9.5,26.5,25837,0.0,1.28,1.9
2000-05-09,19.0,10.2,25.1,25050,0.0,1.31,1.4
2000-05-10,18.2,11.1,25.0,20232,0.1,1.37,1.3
2000-05-11,18.2,12.5,25.8,26103,0.0,1.5,1.9
2000-05-12,13.6,9.8,19.2,26312,0.0,1.2,2.6
2000-05-13,14.2,5.0,22.4,26394,0.0,0.95,1.8
2000-05-14,17.6,6.1,26.6,26473,0.0,1.06,1.5
2000-05-15,19.7,8.8,28.7,26549,0.0,1.27,1.3
2000-05-16,20.7,10.9,29.7,24844,0.0,1.42,1.5
2000-05-17,19.9,11.9,30.7,23131,0.0,1.54,2.6
2000-05-18,13.4,9.0,19.1,14144,0.1,1.16,2.3
2000-05-19,13.1,5.8,17.6,19172,1.2,0.94,2.4
2000-05-20,10.7,6.6,16.1,10918,4.8,0.97,2.2
2000-05-21,12.8,5.7,17.4,19791,0.0,0.93,1.5
2000-05-22,12.1,9.8,15.9,10232,2.2,1.18,2.2
2000-05-23,15.0,6.2,19.4,21560,0.0,0.98,1.8
2000-05-24,16.2,10.8,18.9,11079,0.0,1.29,2.1
2000-05-25,15.5,12.4,20.6,10988,1.0,1.43,3.2
2000-05-26,14.4,7.8,19.2,25176,0.0,1.07,2.2
2000-05-27,11.3,9.3,19.4,14277,3.6,1.18,3.4
2000-05-28,14.0,6.2,18.2,17147,0.4,0.97,3.8
2000-05-29,11.0,8.8,15.2,17055,0.7,1.1,3.6
2000-05-30,10.4,7.0,15.5,17347,6.4,0.99,1.9
2000-05-31,12.6,4.0,18.1,26679,0.0,0.85,1.5
2000-06-01,17.3,6.0,21.4,18833,0.0,0.99,2.1
2000-06-02,21.1,14.2,28.7,28691,0.0,1.69,2.3
2000-06-03,18.1,11.0,24.5,24584,4.9,1.36,1.6
2000-06-04,18.7,11.5,25.9,21507,0.0,1.41,2.1
2000-06-05,15.9,14.0,19.0,11043,9.1,1.56,1.7
2000-06-06,14.6,12.8,16.1,10545,0.0,1.42,2.9
2000-06-07,13.3,9.0,16.6,21320,0.1,1.12,3.0
2000-06-08,14.7,8.1,21.2,27823,0.0,1.12,1.8
2000-06-09,20.5,10.1,27.4,29788,0.0,1.34,2.6
2000-06-10,25.5,15.2,32.9,27602,0.0,1.85,1.9
2000-06-11,18.9,14.7,26.9,22429,0.2,1.7,2.2
2000-06-12,17.5,13.0,22.3,22961,0.0,1.49,2.3
2000-06-13,22.1,10.5,30.1,29072,0.0,1.41,2.1
2000-06-14,17.9,14.6,22.7,17011,9.0,1.64,1.8
2000-06-15,14.7,13.0,17.2,13514,0.9,1.45,2.9
2000-06-16,12.6,9.1,16.1,20529,0.9,1.13,3.2
2000-06-17,14.1,6.3,20.4,26115,0.0,1.01,1.7
2000-06-18,18.4,7.5,25.3,23261,0.0,1.13,1.5
2000-06-19,23.6,11.0,32.7,29492,0.0,1.5,1.5
2000-06-20,26.4,15.6,35.8,29620,0.0,1.95,1.5
2000-06-21,27.1,16.3,35.7,28707,0.0,2.04,1.9
2000-06-22,19.7,16.3,27.3,21565,9.7,1.86,2.4
2000-06-23,18.0,15.2,24.1,18185,0.0,1.73,2.7
2000-06-24,13.7,12.2,20.6,11303,4.2,1.4,2.5
2000-06-25,13.9,10.3,17.3,11555,0.2,1.23,3.1
2000-06-26,13.0,11.2,15.9,13619,0.0,1.29,3.5
2000-06-27,13.2,10.8,15.4,12571,0.9,1.26,3.3
2000-06-28,12.0,9.6,14.2,11911,0.9,1.15,2.7
2000-06-29,12.7,10.2,14.8,10343,0.5,1.2,2.5
2000-06-30,13.5,11.2,16.5,10458,0.0,1.3,2.5
2000-07-01,15.2,9.2,20.0,21568,0.0,1.17,2.1
2000-07-02,15.8,11.8,22.8,16890,0.0,1.39,1.4
2000-07-03,20.1,11.0,25.9,13248,13.4,1.37,1.9
2000-07-04,16.7,15.1,19.6,10385,0.0,1.66,1.8
2000-07-05,16.3,15.4,17.5,10879,2.6,1.69,2.9
2000-07-06,16.3,15.0,20.3,14081,0.0,1.66,2.2
2000-07-07,15.5,7.6,19.7,21016,0.0,1.07,1.9
2000-07-08,14.4,9.4,17.9,13897,0.0,1.16,2.6
2000-07-09,15.1,11.2,20.2,13995,0.2,1.33,2.8
2000-07-10,15.4,12.6,20.3,15636,6.9,1.44,3.2
2000-07-11,18.3,12.6,22.2,16244,0.0,1.45,3.0
2000-07-12,14.3,13.1,17.6,10044,0.0,1.46,3.4
2000-07-13,15.3,9.4,19.9,16938,1.8,1.19,2.9
2000-07-14,14.9,13.0,18.4,11772,3.1,1.46,2.6
2000-07-15,13.9,12.4,17.9,12759,0.0,1.4,2.1
2000-07-16,16.1,9.3,20.3,13487,0.0,1.19,1.7
2000-07-17,16.5,11.2,20.0,16893,0.0,1.32,2.0
2000-07-18,13.4,12.2,16.1,9830,0.0,1.38,2.5
2000-07-19,14.1,11.6,16.6,9790,0.2,1.33,3.2
2000-07-20,15.1,13.1,18.0,10640,0.9,1.46,3.0
2000-07-21,15.9,12.9,18.2,9961,0.8,1.45,2.6
2000-07-22,15.8,14.6,19.2,13088,0.3,1.61,1.7
2000-07-23,16.2,12.9,22.6,17724,0.1,1.48,1.2
2000-07-24,19.2,10.0,25.5,22722,2.3,1.3,1.7
2000-07-25,17.9,15.5,22.9,12428,12.6,1.73,2.4
2000-07-26,18.1,15.3,22.6,11241,0.3,1.7,2.0
2000-07-27,17.7,13.9,23.4,15339,1.4,1.59,1.7
2000-07-28,17.0,14.9,20.9,10884,15.2,1.65,2.2
2000-07-29,17.0,15.1,19.7,9326,27.6,1.66,2.4
2000-07-30,16.4,13.7,18.4,9773,0.0,1.53,2.3
2000-07-31,15.3,13.8,18.8,10966,0.0,1.54,1.7
2000-08-01,18.6,9.8,25.7,21861,1.9,1.29,1.5
2000-08-02,17.1,16.3,20.8,11717,3.4,1.79,2.1
2000-08-03,17.2,12.9,23.1,17849,11.3,1.49,1.8
2000-08-04,17.2,14.5,23.1,15915,1.3,1.63,1.4
2000-08-05,17.2,10.6,23.3,22865,0.0,1.3,1.6
2000-08-06,17.2,11.2,21.2,16252,1.1,1.33,2.0
2000-08-07,15.2,13.4,19.5,15068,0.0,1.5,2.4
2000-08-08,13.2,9.3,16.2,11933,5.8,1.15,1.8
2000-08-09,13.8,8.2,20.1,17346,0.0,1.1,1.6
2000-08-10,18.5,8.5,24.5,13490,3.7,1.19,2.0
2000-08-11,16.9,14.6,20.9,8929,0.0,1.63,1.9
2000-08-12,16.4,10.8,22.6,13209,0.0,1.31,1.2
2000-08-13,19.8,12.0,27.3,21670,0.0,1.48,1.1
2000-08-14,21.4,13.3,30.4,24076,0.0,1.64,1.3
2000-08-15,21.6,15.4,27.9,17620,2.2,1.79,1.9
2000-08-16,19.2,15.9,24.5,15137,14.0,1.78,1.9
2000-08-17,19.8,13.8,25.5,17652,0.0,1.6,2.0
2000-08-18,18.3,14.3,24.3,18963,1.7,1.63,1.5
2000-08-19,19.8,15.8,24.5,10613,7.5,1.78,1.7
2000-08-20,18.8,16.8,24.5,13461,1.2,1.9,1.7
2000-08-21,15.5,13.1,20.9,8232,0.0,1.49,2.0
2000-08-22,15.4,12.1,20.3,16291,0.0,1.4,1.4
2000-08-23,14.3,11.2,20.4,18030,0.0,1.32,1.6
2000-08-24,16.4,7.9,19.9,17334,0.0,1.08,2.2
2000-08-25,15.4,12.3,20.9,13892,0.0,1.42,1.9
2000-08-26,16.4,7.5,22.5,21313,0.0,1.09,2.8
2000-08-27,19.2,12.4,24.6,20149,0.0,1.47,2.4
2000-08-28,15.4,14.9,18.3,7366,5.9,1.63,1.7
2000-08-29,16.0,11.3,22.5,16162,0.0,1.36,1.3
2000-08-30,14.5,9.8,22.3,18607,0.0,1.25,1.3
2000-08-31,15.3,8.3,22.0,16135,0.0,1.14,1.3
2000-09-01,16.2,11.3,22.7,14351,9.0,1.35,1.8
2000-09-02,14.7,13.3,19.3,9619,0.7,1.49,2.9
2000-09-03,14.3,12.4,15.9,7233,8.1,1.4,3.6
2000-09-04,11.5,8.4,16.7,10843,1.2,1.1,2.2
2000-09-05,11.3,7.7,15.6,7504,2.2,1.04,1.6
2000-09-06,14.2,8.8,18.6,10101,9.1,1.13,2.4
2000-09-07,13.4,12.0,19.4,10320,0.3,1.37,2.3
2000-09-08,16.1,10.7,17.5,6830,0.0,1.27,2.1
2000-09-09,17.5,16.4,19.3,6433,1.0,1.81,1.5
2000-09-10,16.5,12.6,21.4,10739,0.0,1.44,1.2
2000-09-11,13.5,10.7,19.4,9489,0.5,1.27,1.3
2000-09-12,15.6,8.0,19.8,11858,0.1,1.1,1.9
2000-09-13,17.5,14.5,21.1,10613,0.2,1.62,2.2
2000-09-14,15.1,13.6,17.7,6239,1.8,1.5,1.4
2000-09-15,14.8,12.0,18.6,9884,0.0,1.37,2.1
2000-09-16,12.4,11.9,14.7,5976,11.1,1.35,3.0
2000-09-17,10.6,10.1,12.5,5797,0.0,1.2,2.0
2000-09-18,10.0,7.1,15.7,16539,0.0,1.01,2.1
2000-09-19,8.9,3.7,10.3,5931,0.0,0.78,3.0
2000-09-20,10.3,8.5,11.0,5559,0.0,1.07,3.1
2000-09-21,11.1,7.7,17.8,15558,0.0,1.05,2.8
2000-09-22,10.7,5.4,18.7,12634,0.0,0.93,1.6
2000-09-23,10.5,5.2,18.7,14380,0.0,0.91,2.3
2000-09-24,9.4,4.5,16.5,15158,0.0,0.86,2.4
2000-09-25,12.2,5.0,17.3,12859,1.2,0.9,1.5
2000-09-26,14.2,11.1,16.5,6097,0.0,1.28,1.5
2000-09-27,16.2,11.4,23.0,13111,5.5,1.37,1.8
2000-09-28,17.3,12.8,22.6,10072,0.0,1.48,2.2
2000-09-29,17.2,13.0,23.1,13967,0.0,1.49,2.2
2000-09-30,16.1,11.1,22.3,13803,0.0,1.34,2.0
2000-10-01,15.9,10.7,21.7,11624,4.5,1.3,1.6
2000-10-02,12.9,10.2,17.3,6708,0.8,1.22,1.9
2000-10-03,11.5,6.6,19.2,11852,0.0,1.01,1.5
2000-10-04,14.4,7.8,19.2,5241,0.0,1.07,1.2
2000-10-05,14.1,12.4,18.6,5496,4.2,1.42,1.2
2000-10-06,11.2,9.7,13.8,4328,0.6,1.17,2.1
2000-10-07,11.0,9.1,12.5,4255,2.3,1.12,1.3
2000-10-08,9.7,8.8,11.0,4346,0.7,1.09,1.9
2000-10-09,9.5,8.5,10.4,4111,1.8,1.07,1.9
2000-10-10,9.3,8.0,10.4,4119,2.3,1.04,3.7
2000-10-11,11.6,5.7,13.2,3969,0.8,0.9,3.6
2000-10-12,10.8,8.6,16.9,8504,0.0,1.11,2.2
2000-10-13,11.7,7.2,15.8,4987,0.1,1.01,1.4
2000-10-14,12.2,9.7,18.2,9866,0.0,1.19,1.3
2000-10-15,12.8,9.4,13.5,3693,0.0,1.15,2.4
2000-10-16,13.4,11.4,19.4,8250,0.0,1.33,2.7
2000-10-17,9.9,7.8,15.4,5329,0.0,1.04,1.8
2000-10-18,10.3,6.3,15.6,9323,0.0,0.95,1.4
2000-10-19,10.9,7.6,15.0,4294,0.0,1.03,1.7
2000-10-20,11.7,9.2,15.4,4932,0.0,1.14,1.8
2000-10-21,11.1,8.4,15.6,8013,0.0,1.08,2.2
2000-10-22,11.1,6.1,18.6,8797,0.0,0.97,1.5
2000-10-23,10.4,6.0,16.7,8875,0.4,0.95,2.1
2000-10-24,12.0,8.8,14.2,3798,0.0,1.1,3.5
2000-10-25,11.5,10.1,13.0,3062,0.7,1.19,3.9
2000-10-26,9.1,7.4,12.5,4260,0.3,1.0,3.4
2000-10-27,10.0,7.1,12.8,4970,0.3,0.98,3.0
2000-10-28,11.5,9.1,12.5,2890,0.5,1.12,2.6
2000-10-29,11.4,9.5,15.1,6719,0.0,1.16,4.0
2000-10-30,14.1,7.9,16.1,2780,1.4,1.06,5.3
2000-10-31,10.1,8.7,16.1,2851,0.0,1.11,3.9
2000-11-01,9.2,5.5,13.0,6048,0.0,0.89,3.5
2000-11-02,8.0,3.9,12.5,7771,0.0,0.8,3.2
2000-11-03,7.4,4.9,11.0,2573,1.8,0.85,2.3
2000-11-04,5.9,2.9,11.0,3350,0.0,0.74,2.2
2000-11-05,3.4,0.9,10.0,3583,0.0,0.65,2.3
2000-11-06,6.4,1.5,7.9,3983,4.1,0.66,3.4
2000-11-07,7.8,4.9,13.0,5454,0.3,0.86,2.7
2000-11-08,8.1,2.7,12.5,5034,0.0,0.75,3.3
2000-11-09,7.2,5.7,11.8,3680,0.0,0.9,3.2
2000-11-10,6.7,4.4,8.3,2250,1.4,0.81,3.1
2000-11-11,6.8,5.5,9.1,4428,0.0,0.88,3.0
2000-11-12,7.7,2.2,10.6,4521,0.5,0.71,3.2
2000-11-13,9.4,7.1,11.1,2128,1.9,0.98,2.2
2000-11-14,8.5,7.8,10.0,2090,5.9,1.02,1.4
2000-11-15,6.8,5.6,8.7,2414,0.0,0.87,2.1
2000-11-16,4.4,2.2,9.3,5484,0.0,0.71,2.5
2000-11-17,3.4,0.6,4.7,1981,3.2,0.62,1.7
2000-11-18,4.2,3.4,6.0,3193,0.0,0.75,3.0
2000-11-19,4.1,2.3,8.5,5412,0.4,0.7,3.5
2000-11-20,4.0,1.7,9.3,3783,0.0,0.68,2.5
2000-11-21,4.4,1.0,5.7,1851,5.3,0.64,1.9
2000-11-22,6.8,4.2,9.4,3396,1.7,0.8,3.0
2000-11-23,5.1,1.4,8.5,3728,0.0,0.66,2.4
2000-11-24,6.2,5.5,7.1,1766,0.0,0.87,2.2
2000-11-25,4.6,0.8,6.0,1739,1.0,0.63,1.9
2000-11-26,4.0,2.4,6.1,2035,0.0,0.7,2.9
2000-11-27,5.8,2.4,7.1,1690,0.0,0.7,2.5
2000-11-28,5.9,1.9,7.3,1667,1.5,0.68,2.5
2000-11-29,9.3,7.6,13.5,3650,0.0,1.02,2.3
2000-11-30,6.2,3.9,10.8,2110,0.0,0.79,1.8
2000-12-01,4.9,3.6,6.8,2787,0.2,0.76,2.3
2000-12-02,8.0,3.2,10.1,1585,0.2,0.75,1.9
2000-12-03,8.1,5.4,8.7,2560,0.0,0.87,2.2
2000-12-04,3.4,1.6,8.6,3308,0.0,0.68,2.3
2000-12-05,5.3,2.8,8.6,2472,0.0,0.73,2.4
2000-12-06,3.1,1.4,6.1,3382,0.0,0.66,2.4
2000-12-07,4.8,1.4,8.4,3653,0.0,0.67,2.6
2000-12-08,7.3,3.4,8.9,1494,0.5,0.76,3.0
2000-12-09,6.8,4.4,10.6,3565,0.0,0.81,2.7
2000-12-10,7.0,4.5,9.7,2467,2.5,0.82,3.6
2000-12-11,9.0,6.6,10.6,1463,4.6,0.95,3.9
2000-12-12,11.6,8.7,12.7,1455,4.2,1.09,3.3
2000-12-13,9.5,8.2,12.7,1858,0.9,1.05,5.4
2000-12-14,6.3,5.3,9.2,1973,1.0,0.86,4.3
2000-12-15,5.3,3.8,6.0,1926,4.3,0.77,4.5
2000-12-16,3.8,1.1,5.6,1433,4.9,0.64,4.7
2000-12-17,3.8,3.2,4.4,1430,1.1,0.74,2.3
2000-12-18,2.9,2.3,4.5,1428,0.0,0.7,1.5
2000-12-19,1.2,-1.4,3.1,1427,0.0,0.53,1.4
2000-12-20,-1.8,-3.4,0.4,1793,0.0,0.46,3.1
2000-12-21,-2.4,-4.0,0.9,2444,0.0,0.44,2.9
2000-12-22,-4.4,-5.6,-2.1,3139,0.0,0.39,2.4
2000-12-23,-7.4,-9.3,-2.6,3633,0.0,0.29,1.7
2000-12-24,-2.5,-10.1,-1.7,1438,4.6,0.28,1.6
2000-12-25,-1.2,-2.0,0.4,1444,0.2,0.51,1.8
2000-12-26,-2.0,-2.8,-0.7,1450,6.0,0.48,1.8
2000-12-27,-0.5,-3.3,0.5,1457,1.0,0.46,1.7
2000-12-28,0.7,0.2,0.9,1466,0.1,0.59,2.4
2000-12-29,-2.5,-4.1,0.9,2638,0.0,0.44,2.8
2000-12-30,-2.5,-5.7,-0.6,2487,0.1,0.39,2.3
2000-12-31,-0.1,-1.6,1.0,2337,0.0,0.52,2.4
2001-01-01,-1.7,-6.5,0.3,2001,3.2,0.37,3.2
2001-01-02,1.1,-0.2,2.0,1511,0.5,0.58,2.9
2001-01-03,2.9,0.4,5.8,2076,0.2,0.61,3.1
2001-01-04,1.8,-1.1,3.3,3547,0.4,0.55,3.1
2001-01-05,4.3,1.3,5.1,2071,8.0,0.65,3.8
2001-01-06,4.7,2.5,9.0,1789,3.6,0.71,3.4
2001-01-07,2.0,0.3,6.0,4297,0.0,0.61,2.4
2001-01-08,1.5,-0.4,5.0,3898,0.0,0.58,2.0
2001-01-09,3.6,0.3,4.9,1630,0.6,0.6,2.4
2001-01-10,1.9,0.3,3.9,1964,0.0,0.6,1.6
2001-01-11,-0.3,-4.9,2.8,4564,0.0,0.42,1.9
2001-01-12,-0.5,-1.9,1.0,1697,0.0,0.51,1.8
2001-01-13,-1.1,-2.8,-0.1,1722,0.0,0.48,2.2
2001-01-14,-1.6,-2.3,-0.6,1748,0.0,0.5,2.2
2001-01-15,-2.1,-3.4,-1.4,1774,0.0,0.46,2.4
2001-01-16,-2.6,-5.7,1.1,3510,0.0,0.39,1.8
2001-01-17,-4.2,-6.1,-1.8,2790,0.0,0.37,1.9
2001-01-18,-3.0,-6.4,-0.9,3994,0.0,0.37,1.8
2001-01-19,-2.2,-3.4,-0.4,1893,0.0,0.46,1.4
2001-01-20,-2.1,-7.6,0.0,1975,0.0,0.34,1.4
2001-01-21,-0.9,-4.0,0.3,1959,0.0,0.44,1.8
2001-01-22,-0.9,-1.8,-0.1,1993,1.2,0.51,3.1
2001-01-23,1.0,-0.9,1.9,2029,4.2,0.55,3.2
2001-01-24,4.1,0.6,5.9,2066,3.1,0.62,3.6
2001-01-25,2.7,1.1,6.0,2735,0.4,0.64,2.4
2001-01-26,2.9,0.2,5.3,3207,0.0,0.6,2.5
2001-01-27,1.7,-1.6,3.6,4230,3.3,0.53,3.3
2001-01-28,1.3,0.3,2.3,2225,1.5,0.6,2.2
2001-01-29,2.4,1.4,3.7,2322,0.0,0.65,1.3
2001-01-30,1.6,-0.3,4.4,3652,0.0,0.58,1.0
2001-01-31,0.9,-1.5,2.9,2412,1.5,0.53,1.2
2001-02-01,0.0,-0.7,0.9,2401,3.3,0.55,2.1
2001-02-02,-4.7,-7.7,0.1,4712,0.0,0.34,2.2
2001-02-03,-6.3,-11.9,-3.6,5435,0.5,0.25,2.7
2001-02-04,-5.2,-5.9,-3.6,2545,14.5,0.38,3.3
2001-02-05,0.8,-7.1,4.8,2595,7.9,0.37,4.3
2001-02-06,6.2,2.6,7.9,2646,3.1,0.71,3.6
2001-02-07,4.7,2.0,9.0,2945,3.5,0.7,2.6
2001-02-08,6.7,2.0,12.5,3879,0.9,0.71,3.1
2001-02-09,2.4,1.3,5.7,2805,0.3,0.65,2.4
2001-02-10,-0.5,-2.7,4.7,6395,0.0,0.49,1.3
2001-02-11,5.5,-2.3,7.8,2917,0.8,0.52,3.1
2001-02-12,8.1,5.7,11.8,2974,1.8,0.9,3.0
2001-02-13,2.8,-0.1,6.6,4233,0.0,0.59,2.5
2001-02-14,2.7,-1.3,6.2,3294,0.0,0.55,2.0
2001-02-15,1.1,-1.7,10.2,7052,0.0,0.55,1.5
2001-02-16,1.5,-3.7,7.0,8339,4.8,0.47,1.5
2001-02-17,1.7,-0.7,6.0,6080,0.0,0.57,2.3
2001-02-18,2.1,-1.0,7.4,5041,0.0,0.57,2.9
2001-02-19,3.3,-1.8,3.7,3401,1.0,0.52,2.9
2001-02-20,4.7,2.2,6.4,9212,0.3,0.7,3.8
2001-02-21,5.5,4.3,7.2,5077,1.3,0.8,5.0
2001-02-22,2.2,1.1,4.8,5981,2.0,0.64,4.9
2001-02-23,-1.9,-3.1,0.9,4268,1.6,0.47,2.9
2001-02-24,-6.0,-7.4,-1.5,10367,0.9,0.34,1.6
2001-02-25,-1.0,-7.2,0.8,3956,1.7,0.35,2.2
2001-02-26,-2.4,-4.9,2.1,6602,0.2,0.42,2.2
2001-02-27,-2.7,-9.3,0.4,6546,0.0,0.3,2.5
2001-02-28,-1.2,-5.4,4.3,10476,0.0,0.41,2.1
2001-03-01,0.6,-3.4,5.8,9329,0.0,0.48,2.2
2001-03-02,-0.8,-2.1,2.4,4238,0.9,0.51,2.1
2001-03-03,0.1,-2.8,3.4,8518,0.4,0.49,2.0
2001-03-04,-0.1,-3.0,0.4,4303,2.4,0.47,2.5
2001-03-05,0.0,-2.5,3.8,6568,0.0,0.5,1.7
2001-03-06,-1.2,-6.7,6.0,12795,0.0,0.38,2.2
2001-03-07,2.2,-4.6,6.5,8914,0.0,0.44,2.4
2001-03-08,5.8,1.7,9.1,5125,2.0,0.68,2.1
2001-03-09,7.8,4.4,12.7,5646,0.7,0.83,2.7
2001-03-10,8.9,4.6,12.3,5377,2.8,0.83,2.7
2001-03-11,9.6,7.4,12.0,4924,0.6,1.0,2.8
2001-03-12,9.7,6.8,13.5,5906,2.2,0.96,3.0
2001-03-13,7.4,5.4,11.0,8731,1.3,0.87,3.6
2001-03-14,3.9,3.3,7.0,5621,1.7,0.75,3.9
2001-03-15,3.0,0.4,7.5,5891,0.4,0.62,2.3
2001-03-16,1.6,-1.0,5.7,5508,0.5,0.56,1.7
2001-03-17,2.1,-2.9,4.7,6158,0.0,0.49,2.5
2001-03-18,1.7,0.8,2.7,5385,12.1,0.63,3.3
2001-03-19,2.3,0.0,5.1,5465,7.3,0.6,5.0
2001-03-20,-2.4,-3.8,0.6,8556,0.1,0.45,2.1
2001-03-21,-1.2,-7.8,4.8,15910,0.0,0.35,2.5
2001-03-22,0.5,-1.9,0.8,5903,2.7,0.51,3.1
2001-03-23,1.0,0.0,1.9,6881,4.0,0.58,2.8
2001-03-24,0.9,0.4,1.2,5867,1.3,0.6,2.6
2001-03-25,1.2,0.5,2.5,5947,1.3,0.61,3.7
2001-03-26,0.5,-1.4,5.3,16423,0.0,0.54,2.9
2001-03-27,-1.9,-5.0,3.4,16581,0.0,0.42,2.7
2001-03-28,1.7,-4.0,6.1,17980,0.0,0.46,3.7
2001-03-29,4.7,0.4,7.3,7832,0.2,0.62,3.6
2001-03-30,5.0,2.5,7.8,6350,0.6,0.71,1.6
2001-03-31,8.6,1.1,13.2,9916,0.0,0.68,2.1
2001-04-01,9.9,4.5,14.9,7148,0.0,0.85,1.9
2001-04-02,10.3,2.7,19.3,14942,0.0,0.8,1.8
2001-04-03,11.3,4.0,18.2,11519,3.2,0.86,2.6
2001-04-04,9.6,1.6,17.9,10111,15.2,0.74,3.2
2001-04-05,7.2,2.6,11.2,10539,0.0,0.73,3.7
2001-04-06,7.5,3.7,11.2,6907,1.4,0.79,3.5
2001-04-07,8.0,4.8,11.8,7648,0.5,0.84,2.6
2001-04-08,7.3,3.8,13.1,10730,0.9,0.8,2.0
2001-04-09,6.1,1.1,10.7,14963,0.0,0.66,2.2
2001-04-10,7.9,1.4,14.1,8118,0.6,0.7,2.4
2001-04-11,8.3,4.9,13.1,7522,0.2,0.85,2.2
2001-04-12,3.8,1.5,7.6,13051,2.6,0.66,3.8
2001-04-13,2.3,1.0,3.8,7677,0.2,0.63,3.3
2001-04-14,2.1,-0.9,5.9,13949,0.0,0.56,2.3
2001-04-15,1.6,-1.1,3.9,7600,1.7,0.55,3.1
2001-04-16,5.0,3.3,8.0,8022,1.7,0.75,2.3
2001-04-17,4.7,3.5,6.9,7981,1.4,0.76,2.5
2001-04-18,5.1,2.6,8.9,8874,1.5,0.72,3.3
2001-04-19,3.3,0.0,7.6,12474,0.4,0.6,2.5
2001-04-20,4.7,-1.0,11.1,16692,0.0,0.59,1.5
2001-04-21,5.3,1.6,10.1,14313,0.0,0.68,2.7
2001-04-22,5.1,4.5,6.5,8228,0.4,0.81,2.0
2001-04-23,5.9,3.2,7.4,8179,1.1,0.75,1.8
2001-04-24,8.4,1.4,15.8,20468,0.0,0.72,2.0
2001-04-25,13.1,5.9,21.7,14329,8.4,0.99,2.5
2001-04-26,10.6,7.0,15.3,13573,0.6,0.99,3.1
2001-04-27,9.7,3.8,15.6,17412,1.5,0.82,1.9
2001-04-28,9.7,5.6,15.0,10340,2.0,0.92,2.7
2001-04-29,11.3,4.3,18.1,15287,0.0,0.87,2.1
2001-04-30,16.5,9.0,25.1,18184,0.0,1.21,1.6
2001-05-01,14.6,8.2,22.1,18277,0.0,1.12,2.3
2001-05-02,13.1,6.2,20.0,19475,0.0,0.99,2.4
2001-05-03,19.0,8.0,27.3,17963,6.3,1.2,2.5
2001-05-04,13.8,10.4,15.8,10504,0.0,1.22,2.4
2001-05-05,10.0,8.1,12.0,8955,5.7,1.04,3.3
2001-05-06,8.1,6.5,10.3,9014,1.7,0.93,3.1
2001-05-07,10.1,6.3,14.9,11565,0.0,0.95,2.4
2001-05-08,13.0,6.2,20.6,15500,0.0,1.0,2.0
2001-05-09,14.2,4.8,22.3,26589,0.0,0.94,2.5
2001-05-10,16.0,6.3,24.2,27434,0.0,1.05,2.3
2001-05-11,14.3,6.9,20.4,27777,0.0,1.03,2.1
2001-05-12,14.3,5.4,23.1,26985,0.0,0.99,1.8
2001-05-13,16.0,6.8,23.6,24924,0.0,1.07,1.7
2001-05-14,17.4,8.7,26.0,26014,0.0,1.21,1.7
2001-05-15,16.3,10.4,21.5,11904,0.4,1.28,2.0
2001-05-16,17.2,12.3,22.4,20077,1.0,1.43,2.6
2001-05-17,14.7,10.8,19.4,16455,3.5,1.28,2.7
2001-05-18,12.2,9.3,15.1,16639,0.0,1.14,3.3
2001-05-19,11.4,7.6,15.8,20008,2.7,1.04,3.0
2001-05-20,11.2,6.0,15.7,22363,0.0,0.94,2.2
2001-05-21,11.6,5.9,17.2,18715,0.0,0.94,2.4
2001-05-22,13.5,6.5,20.2,29262,0.0,1.0,2.3
2001-05-23,14.4,4.3,23.0,29324,0.0,0.93,1.8
2001-05-24,15.8,6.7,23.2,29385,0.0,1.05,1.7
2001-05-25,15.2,7.4,22.2,29442,0.0,1.07,1.8
2001-05-26,15.3,5.6,23.2,26670,0.0,0.99,1.3
2001-05-27,17.1,9.2,23.0,21702,2.8,1.21,2.4
2001-05-28,16.2,14.7,17.9,10156,4.4,1.62,3.2
2001-05-29,17.1,13.7,19.9,20112,0.0,1.54,4.2
2001-05-30,14.2,7.3,17.4,13443,0.0,1.02,2.3
2001-05-31,12.5,5.5,18.7,18638,4.7,0.93,2.4
2001-06-01,12.6,10.0,16.4,11697,1.8,1.21,2.9
2001-06-02,12.5,9.7,15.8,11078,3.5,1.17,3.2
2001-06-03,9.8,8.3,14.5,13561,2.1,1.07,4.3
2001-06-04,11.4,9.4,14.3,11904,4.1,1.15,3.5
2001-06-05,12.4,10.8,14.9,10245,0.0,1.26,1.8
2001-06-06,14.6,10.7,19.5,13633,1.6,1.28,1.8
2001-06-07,13.9,9.5,18.9,13654,1.3,1.18,3.2
2001-06-08,11.9,8.8,15.9,12896,1.8,1.12,1.8
2001-06-09,12.1,7.7,17.2,22248,0.0,1.05,1.4
2001-06-10,9.9,7.1,11.8,10336,9.6,0.98,1.6
2001-06-11,11.2,6.5,15.9,21635,0.0,0.97,2.4
2001-06-12,10.0,5.2,14.3,12828,5.3,0.88,2.6
2001-06-13,11.3,3.1,17.7,25816,0.0,0.81,1.4
2001-06-14,13.8,7.5,21.1,14666,0.3,1.08,1.4
2001-06-15,15.7,6.1,22.5,27395,3.4,1.01,1.8
2001-06-16,17.6,14.0,22.3,18966,0.0,1.59,1.9
2001-06-17,15.8,11.4,21.1,17024,10.8,1.35,2.2
2001-06-18,16.1,11.6,19.9,16769,0.0,1.35,3.0
2001-06-19,15.2,11.8,20.1,17031,0.0,1.36,2.7
2001-06-20,15.6,9.0,23.3,29622,0.0,1.2,1.6
2001-06-21,14.4,10.6,20.4,13526,7.5,1.29,2.3
2001-06-22,12.9,9.9,16.6,15600,2.1,1.2,2.9
2001-06-23,16.0,11.6,19.6,14169,0.0,1.35,2.7
2001-06-24,15.7,10.7,20.7,18315,0.0,1.29,1.9
2001-06-25,15.2,9.1,20.8,24014,0.0,1.17,1.7
2001-06-26,17.6,9.3,25.0,27115,0.0,1.24,1.5
2001-06-27,20.2,10.7,27.7,29435,0.0,1.38,1.9
2001-06-28,18.7,15.6,20.7,10368,2.8,1.73,1.9
2001-06-29,18.9,13.0,24.4,23311,0.0,1.53,1.5
2001-06-30,20.5,13.1,27.8,27048,6.5,1.57,1.6
2001-07-01,18.4,15.2,21.2,19001,0.0,1.68,2.7
2001-07-02,15.8,10.4,19.1,12382,0.0,1.25,2.0
2001-07-03,17.7,8.6,24.7,28270,0.0,1.18,1.8
2001-07-04,20.9,12.4,27.3,27337,0.0,1.52,2.6
2001-07-05,23.1,14.8,29.7,26661,0.0,1.76,2.1
2001-07-06,24.2,16.3,30.9,28179,0.0,1.93,2.3
2001-07-07,24.8,19.1,30.4,18726,0.0,2.23,2.7
2001-07-08,20.9,18.4,23.2,10702,0.8,2.06,2.9
2001-07-09,18.3,15.6,20.3,10160,2.2,1.72,2.6
2001-07-10,18.8,14.3,23.8,20046,3.5,1.63,2.3
2001-07-11,18.9,14.5,23.4,19752,0.5,1.63,3.6
2001-07-12,17.3,12.7,21.6,23055,0.4,1.46,3.2
2001-07-13,17.3,13.3,22.6,20573,0.7,1.52,2.6
2001-07-14,16.7,13.0,20.9,11422,5.0,1.47,2.1
2001-07-15,17.6,14.8,19.2,12156,1.5,1.64,2.1
2001-07-16,14.1,12.4,15.3,9943,9.1,1.38,1.7
2001-07-17,15.0,9.4,19.2,14382,0.0,1.17,1.4
2001-07-18,16.8,8.6,22.8,20980,0.0,1.17,2.4
2001-07-19,18.1,11.8,24.9,24244,8.4,1.43,2.4
2001-07-20,18.4,11.1,24.7,28261,0.0,1.37,2.3
2001-07-21,17.3,11.2,22.8,19163,0.0,1.35,2.2
2001-07-22,20.4,11.5,27.7,21394,0.0,1.45,1.4
2001-07-23,21.9,17.3,28.1,15751,0.0,1.99,1.4
2001-07-24,22.7,15.4,29.0,22409,0.0,1.81,1.4
2001-07-25,22.3,14.7,28.4,23860,0.0,1.72,1.7
2001-07-26,22.1,14.8,28.2,25682,0.0,1.73,1.4
2001-07-27,21.2,12.1,29.0,28503,0.0,1.52,1.2
2001-07-28,22.7,12.6,31.3,26910,3.2,1.6,1.3
2001-07-29,20.2,14.5,26.6,18039,0.2,1.67,1.7
2001-07-30,21.1,12.5,28.2,21478,0.0,1.53,2.1
2001-07-31,17.7,14.1,21.2,9898,1.7,1.59,1.8
2001-08-01,17.7,11.1,21.5,16954,0.0,1.32,1.9
2001-08-02,17.6,9.3,24.1,23355,0.0,1.23,2.1
2001-08-03,21.2,15.8,29.2,16064,11.7,1.84,2.8
2001-08-04,18.3,13.6,23.5,15619,3.9,1.56,2.1
2001-08-05,16.3,12.3,22.6,18263,3.6,1.44,2.8
2001-08-06,16.6,11.1,22.1,16948,0.6,1.33,2.4
2001-08-07,17.4,14.1,21.6,11335,9.6,1.59,2.8
2001-08-08,18.1,13.5,23.4,15191,1.2,1.55,3.5
2001-08-09,18.0,12.3,23.2,19512,0.0,1.45,2.6
2001-08-10,15.5,11.7,21.0,16371,7.7,1.37,2.5
2001-08-11,14.4,10.1,19.0,16892,0.3,1.24,2.1
2001-08-12,16.0,11.0,22.1,10503,7.3,1.33,2.5
2001-08-13,17.2,15.5,18.6,8500,3.6,1.7,2.5
2001-08-14,20.5,17.0,25.6,12044,0.0,1.93,1.6
2001-08-15,24.2,16.5,33.1,23477,0.0,1.98,1.7
2001-08-16,24.0,18.7,33.7,21444,5.3,2.25,2.4
2001-08-17,19.6,13.9,24.9,17042,0.0,1.61,1.6
2001-08-18,18.1,12.3,22.1,13857,0.0,1.43,2.0
2001-08-19,21.2,16.8,26.5,11757,0.7,1.91,1.9
2001-08-20,20.0,15.1,25.7,13202,0.0,1.73,1.6
2001-08-21,20.5,16.7,24.5,12758,0.0,1.87,1.3
2001-08-22,20.9,16.8,26.1,15466,0.0,1.91,1.5
2001-08-23,21.6,16.2,27.8,19776,0.0,1.87,1.5
2001-08-24,22.2,17.1,29.6,14908,0.0,1.98,1.2
2001-08-25,22.6,17.0,30.0,20558,0.0,1.98,1.1
2001-08-26,22.4,14.7,31.6,21569,0.0,1.77,1.4
2001-08-27,18.0,13.7,21.0,9911,11.4,1.54,2.9
2001-08-28,15.7,12.2,17.8,11753,0.0,1.38,3.2
2001-08-29,16.2,10.8,21.9,13462,0.0,1.31,1.9
2001-08-30,16.0,9.2,22.1,17958,0.0,1.2,1.9
2001-08-31,16.3,13.3,19.8,8778,0.4,1.5,1.7
2001-09-01,16.4,11.5,21.4,14247,0.3,1.37,2.3
2001-09-02,14.3,10.3,18.7,9822,0.6,1.24,2.5
2001-09-03,16.4,14.0,18.8,6983,15.6,1.55,2.2
2001-09-04,14.7,11.8,18.9,8871,1.1,1.36,2.3
2001-09-05,14.0,10.3,18.2,9758,0.0,1.24,2.4
2001-09-06,14.1,9.8,16.9,11172,0.1,1.19,2.1
2001-09-07,13.3,11.0,17.7,8278,14.9,1.29,2.9
2001-09-08,12.3,8.8,15.3,12663,5.4,1.11,4.9
2001-09-09,11.0,8.5,13.4,6513,22.8,1.07,5.2
2001-09-10,14.0,12.3,16.4,6854,1.5,1.38,4.9
2001-09-11,12.1,11.2,13.5,6354,5.5,1.28,3.6
2001-09-12,13.0,9.6,17.3,10007,0.7,1.17,2.8
2001-09-13,12.5,9.8,17.6,8151,2.1,1.19,3.1
2001-09-14,12.1,9.5,16.4,10715,0.5,1.16,2.1
2001-09-15,13.1,9.9,17.8,10094,0.5,1.21,2.8
2001-09-16,12.0,8.6,16.8,10991,0.0,1.11,1.9
2001-09-17,11.5,7.8,15.0,7376,0.0,1.04,1.6
2001-09-18,10.4,6.9,12.5,5797,31.7,0.97,1.8
2001-09-19,12.0,8.0,17.4,16539,0.0,1.07,3.1
2001-09-20,11.1,9.2,14.5,6126,18.3,1.13,3.2
2001-09-21,12.4,10.0,17.0,8462,3.7,1.2,2.4
2001-09-22,11.8,10.0,14.3,6055,5.0,1.19,1.7
2001-09-23,12.2,9.3,17.8,10064,0.1,1.16,1.7
2001-09-24,11.9,8.1,15.2,5605,13.2,1.07,2.1
2001-09-25,11.7,10.9,12.7,5243,0.2,1.26,1.4
2001-09-26,11.1,7.1,14.1,5165,0.0,0.99,1.3
2001-09-27,10.0,6.5,13.2,5087,7.0,0.94,1.8
2001-09-28,12.1,8.4,16.9,10016,0.0,1.09,1.4
2001-09-29,12.8,9.2,17.9,9892,0.2,1.16,1.7
2001-09-30,12.2,10.1,14.7,4855,3.8,1.19,2.0
2001-10-01,14.5,12.7,15.8,4778,3.9,1.42,3.3
2001-10-02,15.8,13.6,20.0,4702,2.2,1.52,3.1
2001-10-03,14.3,10.5,16.9,6622,0.5,1.25,2.4
2001-10-04,12.9,10.6,17.2,8502,0.0,1.25,2.6
2001-10-05,12.0,8.3,18.3,8218,0.1,1.1,1.6
2001-10-06,12.3,6.9,19.3,11556,0.0,1.02,1.8
2001-10-07,14.1,10.9,16.9,5744,0.9,1.28,2.0
2001-10-08,14.7,10.3,20.8,10189,2.0,1.26,2.8
2001-10-09,12.8,8.3,17.2,9809,0.0,1.09,2.9
2001-10-10,13.8,10.6,17.4,10403,2.6,1.26,2.9
2001-10-11,13.8,12.6,14.3,4039,1.5,1.41,2.3
2001-10-12,13.8,8.2,18.6,8152,0.0,1.1,1.7
2001-10-13,12.8,7.1,20.7,9909,0.0,1.05,1.4
2001-10-14,14.5,9.8,21.3,9464,0.0,1.24,1.4
2001-10-15,14.9,12.2,19.4,3914,0.0,1.4,1.3
2001-10-16,14.5,10.8,19.7,5806,0.0,1.29,1.4
2001-10-17,11.6,9.5,15.2,4894,0.0,1.15,1.8
2001-10-18,12.3,10.5,13.9,3560,0.0,1.23,2.1
2001-10-19,12.0,8.4,15.7,4515,0.0,1.08,1.9
2001-10-20,10.8,7.4,16.0,8254,0.0,1.03,2.5
2001-10-21,10.1,8.0,11.7,3651,1.6,1.04,2.2
2001-10-22,11.0,8.2,12.5,3304,0.3,1.05,2.0
2001-10-23,8.7,5.9,11.5,4492,0.0,0.9,1.9
2001-10-24,7.1,2.9,10.6,6542,0.2,0.74,2.3
2001-10-25,8.7,6.8,10.2,3121,0.0,0.95,1.8
2001-10-26,11.2,9.0,15.3,5672,0.0,1.13,2.1
2001-10-27,10.6,7.8,12.2,3268,3.0,1.03,2.6
2001-10-28,11.5,9.9,13.3,5558,0.0,1.18,2.4
2001-10-29,10.1,8.8,11.3,2890,2.5,1.09,3.1
2001-10-30,14.2,11.2,16.7,5127,0.0,1.29,4.0
2001-10-31,13.3,7.8,18.1,5044,1.1,1.07,4.2
2001-11-01,8.1,5.8,9.7,4838,0.1,0.89,3.8
2001-11-02,7.9,2.8,10.4,2674,0.0,0.73,2.0
2001-11-03,10.2,9.8,10.9,2623,0.0,1.17,2.1
2001-11-04,9.6,8.3,11.8,2872,0.2,1.05,2.3
2001-11-05,6.8,4.0,8.8,6126,2.6,0.79,2.8
2001-11-06,6.2,3.7,8.9,2475,1.6,0.77,4.1
2001-11-07,6.3,4.5,7.7,2428,2.9,0.81,3.6
2001-11-08,5.0,2.8,6.3,2382,9.5,0.72,4.0
2001-11-09,1.4,-2.5,3.0,2843,0.2,0.49,2.8
2001-11-10,0.2,-3.6,5.0,6233,0.0,0.47,2.4
2001-11-11,3.6,1.0,5.5,2250,0.2,0.64,2.5
2001-11-12,6.3,4.6,8.7,2209,0.9,0.82,2.1
2001-11-13,1.2,-2.9,6.3,5751,0.0,0.49,1.9
2001-11-14,-0.8,-4.1,6.8,5140,0.0,0.46,1.6
2001-11-15,0.4,-4.6,7.4,2612,0.1,0.45,2.5
2001-11-16,4.3,-1.4,9.6,5458,0.0,0.56,1.7
2001-11-17,4.2,-1.4,7.5,2016,0.2,0.55,1.7
2001-11-18,7.0,6.1,7.5,1981,0.0,0.91,1.5
2001-11-19,5.3,-1.9,8.1,2346,0.0,0.53,1.7
2001-11-20,0.9,-2.6,6.4,5215,0.0,0.51,1.6
2001-11-21,6.7,2.2,8.7,1882,3.2,0.7,3.5
2001-11-22,5.2,0.9,7.5,1948,4.1,0.64,4.8
2001-11-23,2.2,0.7,4.3,2346,0.0,0.62,3.3
2001-11-24,1.1,-2.0,4.9,3823,0.0,0.52,2.3
2001-11-25,1.1,-1.1,3.7,1766,0.3,0.54,1.7
2001-11-26,2.5,0.6,5.2,1739,3.7,0.62,1.9
2001-11-27,1.7,0.0,4.0,1714,2.1,0.59,1.7
2001-11-28,3.5,1.6,5.5,1690,0.9,0.66,2.8
2001-11-29,3.5,2.4,4.1,1667,2.9,0.7,2.7
2001-11-30,2.5,0.8,3.3,1644,0.0,0.63,2.8
2001-12-01,0.0,-1.3,2.3,3436,0.0,0.54,3.0
2001-12-02,-0.3,-1.6,0.1,1604,0.0,0.52,1.8
2001-12-03,-1.0,-1.8,-0.6,1585,0.0,0.52,2.1
2001-12-04,0.1,-1.2,2.5,1567,5.6,0.54,3.2
2001-12-05,5.4,2.0,7.2,1550,2.4,0.69,3.0
2001-12-06,4.5,3.6,5.0,1535,1.2,0.76,3.5
2001-12-07,3.8,0.6,4.8,1520,0.2,0.61,1.5
2001-12-08,0.0,-2.7,2.0,2769,0.0,0.48,1.9
2001-12-09,-2.4,-4.2,-1.5,1494,0.0,0.43,1.7
2001-12-10,0.5,-1.9,3.7,1483,0.5,0.52,1.5
2001-12-11,3.6,2.5,4.2,1473,0.3,0.7,1.4
2001-12-12,3.7,0.9,5.0,1463,0.0,0.63,2.2
2001-12-13,-4.5,-10.8,1.4,3676,0.0,0.28,3.5
2001-12-14,-6.2,-11.2,-2.3,2514,0.4,0.26,2.2
2001-12-15,0.2,-2.7,1.7,1442,0.0,0.48,1.9
2001-12-16,1.0,-0.1,1.6,1967,0.6,0.58,2.3
2001-12-17,1.4,0.4,2.4,1433,0.1,0.6,1.7
2001-12-18,1.1,-1.0,2.5,1430,0.7,0.55,1.9
2001-12-19,3.0,0.4,4.8,1428,2.1,0.61,3.6
2001-12-20,-2.7,-6.0,0.8,2726,2.7,0.38,3.1
2001-12-21,0.2,-3.8,2.2,1427,5.5,0.45,5.1
2001-12-22,-2.9,-5.7,0.0,1428,0.0,0.39,2.8
2001-12-23,-5.1,-8.3,-3.0,2081,0.7,0.32,3.1
2001-12-24,-2.2,-5.4,0.4,1434,12.9,0.4,4.7
2001-12-25,1.9,-0.1,3.5,1438,2.7,0.58,5.4
2001-12-26,1.6,0.6,2.1,1444,0.2,0.61,3.5
2001-12-27,0.4,-1.2,1.2,1450,4.7,0.54,4.3
2001-12-28,1.6,-0.7,3.5,1457,8.3,0.56,5.4
2001-12-29,0.3,-1.6,2.7,1549,0.1,0.53,3.4
2001-12-30,-1.5,-3.1,-0.5,2929,0.5,0.47,3.1
2001-12-31,-4.0,-7.0,-2.6,3197,0.8,0.35,2.4
2002-01-01,0.6,-4.7,3.8,1498,3.5,0.43,3.5
2002-01-02,0.2,-4.5,3.9,2059,0.0,0.44,3.1
2002-01-03,-4.6,-10.5,-1.3,3179,0.0,0.27,2.4
2002-01-04,-9.5,-13.7,-3.4,3760,0.0,0.22,1.7
2002-01-05,-8.6,-13.2,-1.7,4007,0.0,0.23,1.5
2002-01-06,1.3,-3.8,3.2,1572,1.3,0.46,2.1
2002-01-07,1.1,-0.5,3.1,1590,0.1,0.57,1.5
2002-01-08,0.6,-0.5,1.1,1610,0.3,0.56,1.3
2002-01-09,-0.5,-1.4,0.6,1630,0.3,0.53,1.3
2002-01-10,-0.4,-1.4,-0.2,1651,0.0,0.53,1.4
2002-01-11,-2.4,-4.1,-0.6,1674,0.9,0.43,1.8
2002-01-12,0.2,-2.3,0.8,1697,0.1,0.49,1.6
2002-01-13,0.3,-0.6,1.2,2458,0.0,0.56,1.7
2002-01-14,-1.5,-4.8,0.1,3839,0.0,0.42,2.1
2002-01-15,-4.0,-6.9,-0.1,4544,0.0,0.36,2.4
2002-01-16,-4.2,-8.1,-0.5,3985,0.2,0.33,1.7
2002-01-17,0.4,-0.6,1.2,3462,0.0,0.56,2.2
2002-01-18,0.5,-0.9,1.7,1862,1.6,0.55,2.5
2002-01-19,1.9,-0.2,3.8,1893,0.6,0.58,3.4
2002-01-20,4.1,2.5,6.1,1925,7.3,0.7,4.5
2002-01-21,7.6,5.9,9.5,2009,0.7,0.9,4.4
2002-01-22,7.5,4.9,9.3,3211,1.6,0.84,3.8
2002-01-23,6.6,5.4,8.3,2594,0.0,0.87,3.8
2002-01-24,7.9,4.8,10.8,2637,0.5,0.84,4.9
2002-01-25,3.3,1.2,5.6,3260,1.8,0.65,3.9
2002-01-26,7.2,1.6,10.4,2143,20.7,0.68,5.7
2002-01-27,7.8,6.3,10.3,2399,5.7,0.93,5.4
2002-01-28,8.9,5.0,13.2,2225,3.2,0.86,6.2
2002-01-29,8.8,7.1,9.9,2267,0.0,0.97,4.8
2002-01-30,9.4,7.5,11.0,4323,0.0,1.0,3.0
2002-01-31,7.8,5.1,10.0,3034,1.3,0.85,4.0
2002-02-01,7.7,4.0,10.2,2573,0.0,0.79,3.9
2002-02-02,11.0,7.4,16.1,5699,0.0,1.03,3.4
2002-02-03,7.6,3.6,14.0,6729,0.0,0.8,2.6
2002-02-04,8.0,5.3,10.5,4986,0.1,0.86,4.3
2002-02-05,9.4,7.2,11.9,2595,5.4,0.99,4.0
2002-02-06,8.2,2.6,11.0,4234,0.0,0.73,2.7
2002-02-07,6.0,3.2,7.7,2883,3.8,0.75,3.0
2002-02-08,7.0,4.8,9.9,4756,3.4,0.83,4.2
2002-02-09,9.7,7.2,12.3,2805,5.8,0.99,4.8
2002-02-10,6.4,5.2,8.9,3760,4.0,0.85,4.7
2002-02-11,8.7,5.8,10.8,2917,21.0,0.9,5.7
2002-02-12,10.0,8.0,11.8,6533,0.9,1.03,6.2
2002-02-13,4.4,-1.0,7.3,6836,0.0,0.56,2.7
2002-02-14,0.1,-3.3,5.2,8362,0.0,0.48,3.2
2002-02-15,-1.2,-5.3,5.7,8489,0.0,0.42,2.5
2002-02-16,-0.7,-4.7,8.9,8616,0.0,0.46,1.9
2002-02-17,0.1,-4.2,7.7,8605,0.0,0.46,1.3
2002-02-18,1.7,-1.6,5.7,4331,0.0,0.53,2.9
2002-02-19,2.6,-0.1,4.0,4048,6.7,0.59,5.2
2002-02-20,2.9,0.0,8.7,5211,4.8,0.61,5.2
2002-02-21,-0.3,-4.4,1.9,5813,0.3,0.43,3.9
2002-02-22,0.4,-3.7,3.9,3598,11.5,0.46,5.4
2002-02-23,2.2,0.8,4.2,5775,1.1,0.63,5.7
2002-02-24,2.0,0.5,4.5,5182,3.7,0.61,4.3
2002-02-25,1.4,0.3,5.0,4882,10.1,0.61,3.2
2002-02-26,7.4,1.1,10.9,4964,8.5,0.67,6.3
2002-02-27,5.5,2.0,8.4,6940,0.8,0.69,5.1
2002-02-28,4.6,1.6,7.6,7444,0.3,0.67,4.5
2002-03-01,2.9,0.4,5.5,5053,7.0,0.61,2.9
2002-03-02,1.1,-2.8,5.1,12314,0.0,0.5,2.4
2002-03-03,2.9,-0.3,5.3,9920,0.0,0.58,2.8
2002-03-04,6.5,4.7,7.7,4303,0.0,0.82,2.4
2002-03-05,6.7,5.5,7.7,4378,0.0,0.87,1.7
2002-03-06,6.7,4.0,8.4,4453,6.5,0.79,4.1
2002-03-07,6.9,3.6,9.2,7108,9.1,0.77,6.3
2002-03-08,5.9,4.0,9.2,6428,0.0,0.79,2.9
2002-03-09,7.2,3.8,11.0,6348,6.9,0.79,3.3
2002-03-10,5.2,2.6,8.3,7860,0.2,0.71,4.0
2002-03-11,6.9,1.5,13.9,12980,0.0,0.7,2.6
2002-03-12,6.9,0.4,15.5,8618,0.0,0.67,1.3
2002-03-13,5.9,1.6,7.6,4990,4.0,0.67,2.0
2002-03-14,2.2,0.5,3.5,5161,0.0,0.61,3.4
2002-03-15,0.9,-0.4,1.7,5147,0.0,0.57,3.3
2002-03-16,2.4,1.5,3.6,5226,0.7,0.65,2.2
2002-03-17,6.0,2.5,12.4,9660,0.0,0.74,2.0
2002-03-18,10.5,4.4,17.6,10828,2.7,0.87,2.8
2002-03-19,8.3,6.5,11.8,5947,0.8,0.94,4.6
2002-03-20,5.7,3.1,6.8,5739,4.6,0.74,3.6
2002-03-21,4.2,2.4,6.9,6213,2.5,0.71,3.5
2002-03-22,3.4,1.6,7.1,7977,0.7,0.67,3.8
2002-03-23,3.6,2.6,4.6,5786,0.3,0.71,3.0
2002-03-24,2.0,0.0,3.6,5967,0.1,0.59,2.5
2002-03-25,1.5,0.0,3.3,5947,0.0,0.59,1.7
2002-03-26,1.7,-0.2,3.5,6028,0.0,0.58,1.3
2002-03-27,2.9,-2.3,9.0,14939,0.0,0.52,1.6
2002-03-28,3.6,-3.3,12.8,18498,0.0,0.52,1.8
2002-03-29,5.6,-2.3,16.2,18563,0.0,0.58,1.9
2002-03-30,8.7,-0.3,18.9,16842,0.0,0.68,1.3
2002-03-31,7.0,2.4,14.5,7381,0.0,0.75,1.4
2002-04-01,8.9,0.9,17.8,17253,0.0,0.71,1.3
2002-04-02,10.3,1.8,18.5,17940,0.0,0.75,2.4
2002-04-03,10.4,5.2,15.4,18417,0.0,0.9,4.1
2002-04-04,7.1,1.1,13.2,18897,0.0,0.68,3.4
2002-04-05,3.9,-1.5,8.5,17851,0.0,0.56,3.7
2002-04-06,2.6,-2.5,6.5,8554,0.0,0.51,2.7
2002-04-07,2.9,-3.8,11.0,18805,0.0,0.5,1.9
2002-04-08,4.1,-3.5,11.2,19285,0.0,0.5,2.1
2002-04-09,4.9,-2.5,11.8,18092,0.0,0.54,2.4
2002-04-10,7.2,1.7,11.7,11601,0.0,0.69,3.6
2002-04-11,8.2,4.7,10.7,7409,0.0,0.83,2.7
2002-04-12,9.9,4.7,14.1,7373,1.8,0.85,2.3
2002-04-13,8.9,8.3,9.6,7449,1.0,1.05,2.3
2002-04-14,9.1,7.8,10.8,7525,3.0,1.02,2.2
2002-04-15,7.1,6.1,7.4,7600,14.7,0.91,2.4
2002-04-16,6.1,5.6,6.4,7674,2.0,0.87,1.9
2002-04-17,8.5,5.9,12.6,10425,4.1,0.91,1.4
2002-04-18,7.6,4.4,12.3,10627,0.0,0.83,1.4
2002-04-19,9.7,5.2,16.2,12474,10.2,0.9,1.6
2002-04-20,8.9,4.4,13.4,11622,0.0,0.83,1.5
2002-04-21,9.3,2.7,16.2,20352,0.0,0.78,1.5
2002-04-22,10.0,0.8,19.2,22969,0.0,0.72,1.3
2002-04-23,11.7,5.0,16.9,12953,0.7,0.9,2.3
2002-04-24,11.0,7.4,12.6,8607,0.0,1.0,1.7
2002-04-25,11.9,7.3,14.8,10000,0.0,1.0,1.5
2002-04-26,11.5,6.8,16.1,10194,3.9,0.99,2.7
2002-04-27,8.0,4.1,11.1,13416,1.8,0.8,4.3
2002-04-28,7.1,1.5,11.7,11069,4.3,0.69,3.4
2002-04-29,9.5,6.5,14.0,13093,2.1,0.95,4.4
2002-04-30,10.9,7.3,14.6,12927,0.0,1.01,3.4
2002-05-01,13.7,9.3,17.3,12635,5.3,1.16,3.0
2002-05-02,11.7,9.2,14.7,8896,1.5,1.13,1.7
2002-05-03,12.1,8.8,15.5,11919,1.0,1.11,2.2
2002-05-04,11.2,9.3,11.9,8896,7.8,1.13,2.6
2002-05-05,11.3,8.6,13.4,8955,5.0,1.09,2.0
2002-05-06,10.3,8.0,13.9,10382,0.7,1.05,1.8
2002-05-07,9.4,7.6,10.9,9072,0.0,1.01,2.0
2002-05-08,16.0,8.9,24.1,19498,0.0,1.2,2.6
2002-05-09,20.1,10.6,26.6,26213,0.0,1.36,2.7
2002-05-10,20.9,13.2,27.5,26179,0.0,1.58,2.5
2002-05-11,17.9,12.9,25.7,21616,2.9,1.53,1.8
2002-05-12,16.1,12.1,20.1,14637,0.0,1.39,1.8
2002-05-13,15.5,11.7,21.8,18738,0.0,1.38,1.6
2002-05-14,15.9,12.1,20.7,15391,0.0,1.41,3.4
2002-05-15,13.9,9.9,17.3,17224,0.1,1.2,2.5
2002-05-16,16.8,10.2,22.5,20077,0.0,1.27,2.0
2002-05-17,12.9,6.5,19.5,16328,0.0,1.0,1.8
2002-05-18,14.1,4.2,22.3,26440,0.0,0.91,2.1
2002-05-19,13.6,11.8,15.2,9682,7.3,1.34,1.7
2002-05-20,15.4,9.9,21.5,24278,0.0,1.25,1.6
2002-05-21,17.5,9.4,24.1,26640,0.0,1.23,2.5
2002-05-22,20.3,13.5,26.7,26830,0.0,1.59,2.5
2002-05-23,19.4,13.7,25.6,17920,1.4,1.6,1.9
2002-05-24,15.6,13.8,18.9,12965,1.5,1.54,2.5
2002-05-25,15.3,12.7,18.7,11978,2.4,1.43,2.3
2002-05-26,12.5,9.8,13.7,9959,7.8,1.17,1.9
2002-05-27,15.5,9.3,21.7,16684,0.0,1.21,1.6
2002-05-28,17.0,11.6,20.9,14148,0.0,1.36,1.8
2002-05-29,17.5,12.4,22.3,20885,0.0,1.45,2.4
2002-05-30,14.8,9.7,19.3,21440,0.0,1.2,1.8
2002-05-31,13.3,9.2,19.1,17605,5.6,1.16,2.2
2002-06-01,13.1,6.5,19.0,22417,0.0,1.0,1.9
2002-06-02,15.4,6.3,22.7,28526,0.0,1.02,1.9
2002-06-03,16.8,8.2,23.4,26622,0.0,1.15,2.3
2002-06-04,20.0,13.1,26.4,25360,0.0,1.56,1.8
2002-06-05,22.7,16.6,28.3,28368,0.0,1.92,3.5
2002-06-06,19.3,15.6,25.1,20497,5.0,1.76,2.8
2002-06-07,15.6,14.5,16.6,10285,0.2,1.59,2.9
2002-06-08,14.8,11.0,16.8,10304,0.0,1.27,1.7
2002-06-09,15.2,10.0,19.1,10969,0.0,1.22,1.2
2002-06-10,16.2,12.8,20.1,11373,22.1,1.46,2.4
2002-06-11,15.3,11.8,19.8,18781,0.0,1.37,2.5
2002-06-12,15.3,12.5,18.7,13087,2.0,1.42,2.2
2002-06-13,14.1,12.3,16.5,11412,2.2,1.39,3.2
2002-06-14,15.4,11.8,19.9,19468,0.0,1.37,2.2
2002-06-15,18.3,11.7,24.9,17920,0.4,1.43,2.5
2002-06-16,18.4,13.2,23.2,17668,0.0,1.53,1.9
2002-06-17,21.2,15.2,27.8,20270,0.0,1.78,1.5
2002-06-18,25.2,16.4,32.7,30139,0.0,1.98,2.3
2002-06-19,22.0,16.9,26.6,24949,1.8,1.92,1.9
2002-06-20,19.3,13.8,26.3,20666,18.3,1.62,2.4
2002-06-21,18.5,14.8,21.5,16381,0.0,1.66,1.6
2002-06-22,18.7,13.2,23.7,21959,4.8,1.53,1.7
2002-06-23,17.8,10.8,22.2,17283,0.0,1.31,2.6
2002-06-24,15.0,9.3,20.4,20650,0.0,1.18,2.4
2002-06-25,15.3,9.1,19.9,17658,0.0,1.17,2.0
2002-06-26,16.9,10.3,22.7,21669,0.1,1.28,1.8
2002-06-27,16.5,10.7,20.4,15823,0.0,1.29,2.9
2002-06-28,14.1,9.5,17.7,18921,2.1,1.17,3.8
2002-06-29,14.7,10.9,18.6,15668,0.0,1.29,3.3
2002-06-30,13.6,10.3,16.1,10343,0.5,1.22,2.8
2002-07-01,15.0,13.5,17.6,10328,2.3,1.5,3.1
2002-07-02,15.6,12.6,19.0,11477,0.5,1.43,3.2
2002-07-03,15.8,12.4,19.7,11329,0.3,1.42,3.0
2002-07-04,14.8,12.3,17.3,10534,1.6,1.4,3.7
2002-07-05,16.8,9.7,23.1,21494,0.0,1.25,1.9
2002-07-06,18.5,14.3,22.4,12816,0.2,1.61,1.6
2002-07-07,17.3,12.1,21.6,15500,0.0,1.42,1.7
2002-07-08,19.9,10.7,27.9,25271,0.0,1.39,1.9
2002-07-09,25.5,18.0,33.2,28326,0.0,2.15,1.9
2002-07-10,24.2,14.9,32.6,26096,5.6,1.82,2.2
2002-07-11,17.1,12.6,23.1,18337,0.0,1.46,2.1
2002-07-12,18.5,10.4,25.2,20999,0.0,1.32,1.4
2002-07-13,21.3,15.5,27.4,21985,9.3,1.79,2.1
2002-07-14,18.6,16.2,21.9,10396,2.3,1.79,2.0
2002-07-15,18.2,15.6,23.1,13950,1.3,1.75,2.4
2002-07-16,21.0,15.7,26.8,16983,27.9,1.8,2.4
2002-07-17,20.0,17.8,23.9,11313,28.9,2.0,2.8
2002-07-18,18.7,16.6,20.5,10124,0.7,1.83,3.5
2002-07-19,16.4,15.5,17.5,9830,1.5,1.69,2.4
2002-07-20,15.5,10.7,16.8,9790,0.6,1.26,1.6
2002-07-21,15.7,10.0,24.1,20181,9.9,1.27,2.4
2002-07-22,14.1,12.0,15.7,10342,3.5,1.35,3.6
2002-07-23,16.3,12.6,20.7,12327,1.7,1.44,2.8
2002-07-24,16.5,12.9,19.5,13038,3.2,1.46,3.2
2002-07-25,15.3,12.9,18.6,12354,2.6,1.45,2.6
2002-07-26,15.8,13.4,18.3,9904,0.0,1.49,2.1
2002-07-27,19.4,15.1,25.8,21951,0.0,1.74,1.3
2002-07-28,21.7,14.0,29.7,26281,0.0,1.67,1.8
2002-07-29,23.4,15.3,31.6,24943,0.0,1.85,1.5
2002-07-30,24.7,18.0,31.9,23984,0.0,2.14,1.8
2002-07-31,24.6,18.3,31.7,21025,0.0,2.17,1.8
2002-08-01,24.2,18.5,32.3,20073,7.2,2.19,2.0
2002-08-02,19.0,14.5,19.8,9165,1.9,1.6,1.9
2002-08-03,19.0,12.4,25.8,20038,0.0,1.48,1.4
2002-08-04,20.4,15.8,26.4,13884,5.6,1.81,1.5
2002-08-05,18.3,16.9,19.6,8995,40.0,1.85,1.5
2002-08-06,19.4,16.3,25.2,16702,0.0,1.85,1.3
2002-08-07,19.9,17.1,24.6,15146,4.1,1.92,1.6
2002-08-08,19.3,16.3,23.1,9061,0.5,1.83,1.2
2002-08-09,19.5,15.3,24.8,13889,0.0,1.73,1.4
2002-08-10,19.6,14.3,24.8,16980,0.0,1.64,1.6
2002-08-11,21.3,15.3,28.3,18836,1.0,1.79,1.7
2002-08-12,19.3,18.5,19.5,8565,26.4,2.04,3.5
2002-08-13,18.1,16.6,18.7,8500,9.0,1.82,3.5
2002-08-14,18.8,14.9,22.1,9638,0.0,1.65,1.9
2002-08-15,19.4,14.2,25.2,21318,0.0,1.64,1.3
2002-08-16,20.5,13.9,26.9,19891,0.1,1.64,1.3
2002-08-17,21.8,16.5,27.8,21566,0.0,1.91,1.4
2002-08-18,21.0,15.9,27.3,21921,0.0,1.82,2.0
2002-08-19,22.0,15.8,29.0,21916,0.0,1.86,1.8
2002-08-20,21.0,15.1,27.8,21908,0.0,1.74,2.0
2002-08-21,21.1,14.6,28.3,20608,0.0,1.71,1.8
2002-08-22,20.6,14.1,28.6,21300,0.0,1.68,1.3
2002-08-23,20.4,13.1,28.6,20821,0.0,1.6,1.3
2002-08-24,21.0,14.9,28.1,18840,0.0,1.73,1.5
2002-08-25,21.7,17.5,27.8,19176,0.0,2.01,1.5
2002-08-26,21.9,17.0,28.9,16298,0.0,1.95,1.8
2002-08-27,21.9,16.2,29.3,18805,0.0,1.89,1.9
2002-08-28,21.2,14.5,29.3,17539,0.0,1.72,1.6
2002-08-29,21.5,16.8,27.1,16397,0.0,1.92,1.2
2002-08-30,19.8,14.5,26.1,16049,0.0,1.66,1.3
2002-08-31,19.8,13.3,25.8,15591,0.0,1.55,2.2
2002-09-01,17.0,10.1,21.9,16802,0.0,1.26,2.5
2002-09-02,15.9,9.2,23.6,17555,0.0,1.22,1.9
2002-09-03,17.9,9.8,24.4,18076,0.0,1.26,2.4
2002-09-04,20.4,15.5,27.0,18589,0.0,1.78,1.8
2002-09-05,18.6,13.0,25.5,16922,0.0,1.52,1.3
2002-09-06,16.6,10.6,23.6,16997,0.0,1.32,1.7
2002-09-07,16.7,9.8,24.6,14496,0.0,1.27,1.7
2002-09-08,18.6,12.2,26.1,17776,0.0,1.46,1.7
2002-09-09,19.5,13.5,26.1,16989,0.0,1.58,2.4
2002-09-10,20.4,14.9,26.5,16000,0.0,1.73,2.1
2002-09-11,18.4,12.9,23.0,12932,0.0,1.48,1.9
2002-09-12,15.6,8.9,22.7,16851,0.0,1.19,2.4
2002-09-13,15.7,9.5,23.5,12578,0.0,1.25,1.7
2002-09-14,15.4,11.9,18.9,9897,0.0,1.36,2.4
2002-09-15,13.8,8.1,18.4,14863,0.0,1.09,2.3
2002-09-16,11.9,6.5,16.0,6359,3.4,0.96,1.7
2002-09-17,15.1,12.8,19.3,9574,0.0,1.45,2.0
2002-09-18,14.9,11.9,19.0,9664,0.0,1.36,2.1
2002-09-19,13.8,9.4,20.6,13391,0.0,1.19,1.2
2002-09-20,13.5,11.1,16.9,5833,0.0,1.28,1.7
2002-09-21,12.2,9.0,16.3,10011,2.6,1.13,1.6
2002-09-22,10.9,8.5,12.4,5671,23.5,1.07,1.9
2002-09-23,8.1,5.2,9.6,5400,1.3,0.85,3.2
2002-09-24,7.9,1.9,16.1,13342,0.0,0.73,2.9
2002-09-25,8.8,1.0,15.2,8423,0.3,0.69,1.9
2002-09-26,12.7,10.8,15.2,6463,0.4,1.25,2.3
2002-09-27,10.1,4.1,13.6,7108,0.3,0.82,2.0
2002-09-28,8.3,1.7,14.4,6557,0.0,0.71,1.4
2002-09-29,12.3,10.1,15.5,4932,0.0,1.2,1.4
2002-09-30,12.0,7.3,18.8,8517,0.0,1.04,1.3
2002-10-01,11.3,5.5,19.5,11680,0.0,0.95,1.0
2002-10-02,11.2,5.2,20.1,13114,0.0,0.94,1.1
2002-10-03,12.1,6.5,20.5,10873,0.0,1.01,1.7
2002-10-04,13.5,10.8,17.2,8502,0.9,1.27,2.8
2002-10-05,11.8,9.7,15.0,8047,24.6,1.18,2.9
2002-10-06,9.8,5.7,12.9,5412,2.9,0.9,3.4
2002-10-07,6.7,1.1,10.1,9326,0.0,0.66,1.7
2002-10-08,7.9,3.5,10.4,4255,1.5,0.77,2.0
2002-10-09,7.5,2.2,11.3,5243,0.0,0.72,2.8
2002-10-10,4.8,1.1,11.0,11049,0.0,0.66,3.4
2002-10-11,4.7,0.3,10.6,10024,0.0,0.63,3.2
2002-10-12,4.0,1.4,7.2,8231,0.8,0.66,2.9
2002-10-13,1.6,0.9,3.9,3899,11.6,0.63,2.3
2002-10-14,2.6,0.8,4.8,3830,2.1,0.63,2.6
2002-10-15,6.4,4.8,7.3,3761,3.3,0.83,1.9
2002-10-16,11.5,7.3,16.1,6258,0.6,1.01,2.4
2002-10-17,12.0,9.3,14.1,6311,0.0,1.14,3.5
2002-10-18,7.8,6.8,9.3,3634,0.6,0.95,3.0
2002-10-19,6.1,1.9,8.6,5098,0.6,0.69,2.7
2002-10-20,4.6,0.4,10.0,5446,0.0,0.63,1.9
2002-10-21,3.6,0.4,6.8,3367,5.2,0.61,2.5
2002-10-22,10.8,6.7,12.6,3304,6.4,0.95,2.6
2002-10-23,11.0,6.2,14.2,3242,7.4,0.94,4.3
2002-10-24,5.4,1.4,8.4,4210,0.6,0.67,3.1
2002-10-25,7.2,0.9,11.4,4815,9.4,0.66,3.7
2002-10-26,10.0,7.5,11.2,3262,2.4,1.01,5.5
2002-10-27,9.0,7.2,11.7,3400,9.7,0.98,6.1
2002-10-28,8.6,6.4,10.2,5362,0.1,0.93,5.4
2002-10-29,7.5,5.6,10.7,5405,2.2,0.88,2.1
2002-10-30,6.9,2.5,9.3,3471,0.6,0.71,1.5
2002-10-31,5.1,1.9,8.8,2780,0.0,0.69,1.2
2002-11-01,6.7,2.7,11.4,5273,7.9,0.74,1.7
2002-11-02,5.0,-0.4,8.9,4085,0.1,0.59,2.9
2002-11-03,1.5,-1.2,5.0,4440,0.0,0.54,3.4
2002-11-04,1.2,-2.2,5.2,5922,0.0,0.51,2.4
2002-11-05,-1.3,-4.3,4.4,7189,0.0,0.44,1.7
2002-11-06,-2.0,-5.6,3.0,6966,0.0,0.4,2.4
2002-11-07,-1.2,-5.1,1.5,3350,0.4,0.41,2.2
2002-11-08,3.8,0.8,6.8,2553,9.6,0.63,3.4
2002-11-09,2.4,0.7,4.3,2337,3.2,0.62,4.2
2002-11-10,3.0,-0.7,5.7,2626,0.3,0.57,1.9
2002-11-11,1.7,0.3,2.6,2250,2.6,0.6,2.7
2002-11-12,4.9,2.5,8.0,2209,0.1,0.71,2.6
2002-11-13,8.1,5.5,11.2,3077,0.1,0.88,2.8
2002-11-14,6.8,3.6,9.9,2604,0.1,0.77,2.3
2002-11-15,5.8,3.3,7.5,2090,1.9,0.75,1.2
2002-11-16,7.1,6.3,7.9,2053,3.3,0.92,2.0
2002-11-17,7.4,6.7,8.0,2016,1.7,0.94,2.9
2002-11-18,6.0,1.2,11.6,4451,0.0,0.67,1.4
2002-11-19,4.0,0.0,6.3,1947,0.0,0.59,2.2
2002-11-20,-1.4,-4.9,3.1,4328,0.0,0.42,1.8
2002-11-21,-0.2,-4.6,4.0,4562,0.0,0.43,2.6
2002-11-22,2.4,1.3,3.4,1851,3.7,0.65,2.1
2002-11-23,3.6,2.9,4.6,1822,2.2,0.72,1.6
2002-11-24,4.3,2.4,7.1,1840,0.0,0.7,1.6
2002-11-25,5.0,3.4,5.8,1766,0.5,0.75,2.0
2002-11-26,6.8,4.8,8.8,1739,0.0,0.83,1.9
2002-11-27,5.4,4.4,6.9,1714,0.0,0.81,1.9
2002-11-28,5.0,4.0,6.4,1690,0.0,0.78,2.3
2002-11-29,6.7,6.2,7.3,1667,2.0,0.91,1.4
2002-11-30,4.5,2.4,6.7,1644,6.9,0.7,1.9
2002-12-01,2.9,1.9,4.2,1624,0.1,0.67,2.1
2002-12-02,4.2,2.4,5.2,2700,0.0,0.7,2.5
2002-12-03,3.5,1.1,4.8,1585,0.1,0.64,1.7
2002-12-04,0.9,0.4,1.4,1567,0.0,0.6,1.5
2002-12-05,0.0,-2.5,1.0,1550,0.1,0.49,2.5
2002-12-06,-1.3,-2.7,-0.5,1535,0.0,0.48,3.6
2002-12-07,-5.4,-6.8,-2.9,2875,0.0,0.35,4.1
2002-12-08,-5.5,-9.3,-0.8,4031,0.0,0.3,4.0
2002-12-09,-9.4,-12.5,-6.9,3377,0.0,0.23,3.5
2002-12-10,-10.8,-13.9,-4.9,3939,0.0,0.21,2.6
2002-12-11,-7.7,-12.8,-0.6,3835,0.0,0.24,2.7
2002-12-12,-7.2,-11.4,-2.4,3857,0.0,0.26,2.3
2002-12-13,-9.2,-12.9,-4.7,3717,0.0,0.23,1.6
2002-12-14,-5.2,-8.4,-1.0,3784,0.0,0.32,2.6
2002-12-15,-3.1,-5.1,-2.3,1442,0.0,0.4,3.3
2002-12-16,-2.0,-2.6,-0.8,1437,2.1,0.49,2.8
2002-12-17,-0.3,-1.3,0.7,1433,0.5,0.53,2.1
2002-12-18,-0.2,-3.4,1.4,1471,0.4,0.46,2.1
2002-12-19,-0.5,-1.1,1.0,1428,0.0,0.54,1.5
2002-12-20,-2.1,-4.3,-0.5,2686,0.0,0.43,1.7
2002-12-21,-2.2,-3.8,-0.3,1427,0.1,0.44,1.7
2002-12-22,-1.8,-2.9,-0.6,1428,0.0,0.47,2.9
2002-12-23,-4.1,-5.6,-1.5,3586,0.0,0.39,2.9
2002-12-24,-4.5,-5.3,-3.5,1434,0.3,0.39,3.1
2002-12-25,-3.6,-5.3,-1.9,1438,0.0,0.4,2.2
2002-12-26,-0.1,-1.7,2.2,1444,0.8,0.52,2.7
2002-12-27,1.6,0.4,2.3,1450,0.5,0.6,2.4
2002-12-28,3.5,1.1,6.1,1457,0.1,0.64,2.2
2002-12-29,5.3,2.5,6.3,1466,2.0,0.71,3.1
2002-12-30,0.2,-2.2,2.5,1476,1.0,0.51,3.6
2002-12-31,-4.7,-9.7,-1.5,3906,0.0,0.29,3.0
2003-01-01,-7.4,-11.5,-0.4,1540,8.4,0.26,2.7
2003-01-02,2.3,-0.4,5.4,1511,8.2,0.58,3.9
2003-01-03,-0.3,-1.2,0.6,1524,1.8,0.54,3.4
2003-01-04,-3.1,-8.3,-1.1,2436,0.0,0.32,2.6
2003-01-05,-7.5,-11.9,-4.0,2071,8.1,0.24,2.2
2003-01-06,-6.3,-13.6,-4.0,1572,1.8,0.22,2.2
2003-01-07,-13.9,-16.8,-8.2,2071,0.0,0.17,1.8
2003-01-08,-12.9,-16.7,-6.4,3898,0.0,0.17,1.6
2003-01-09,-13.4,-18.4,-7.9,1674,0.0,0.15,1.6
2003-01-10,-7.0,-11.0,-2.9,1651,0.0,0.26,1.5
2003-01-11,-9.3,-15.3,-4.0,1945,0.4,0.19,2.0
2003-01-12,-0.5,-4.0,0.6,1697,3.3,0.44,2.7
2003-01-13,1.2,-0.6,2.9,1722,0.8,0.56,3.8
2003-01-14,5.2,2.9,6.4,1748,0.3,0.73,4.3
2003-01-15,5.3,3.3,6.5,1774,0.0,0.75,4.1
2003-01-16,5.0,3.5,5.8,1802,0.0,0.75,3.7
2003-01-17,3.4,0.0,6.8,5188,0.0,0.6,2.7
2003-01-18,1.4,-1.5,2.6,1862,0.0,0.53,2.5
2003-01-19,2.1,0.7,4.8,3608,1.4,0.62,3.0
2003-01-20,4.0,1.9,8.4,4156,0.0,0.69,3.1
2003-01-21,3.3,1.1,6.0,2159,0.0,0.64,2.7
2003-01-22,0.5,-2.2,4.9,4377,0.0,0.51,2.7
2003-01-23,1.0,-1.8,4.0,2029,0.1,0.52,2.4
2003-01-24,2.2,1.5,2.7,2066,0.0,0.65,2.1
2003-01-25,2.4,0.7,4.4,2682,1.2,0.62,2.5
2003-01-26,3.8,0.9,4.9,2143,0.5,0.63,2.9
2003-01-27,6.3,3.5,8.4,2183,3.2,0.76,3.8
2003-01-28,4.7,1.9,8.3,2988,4.7,0.68,5.5
2003-01-29,1.6,-0.3,3.0,2322,0.6,0.58,3.4
2003-01-30,0.0,-0.9,0.7,2311,4.6,0.55,2.7
2003-01-31,-2.9,-9.4,-0.7,2751,5.0,0.3,2.5
2003-02-01,-7.6,-11.7,-3.9,3089,0.0,0.25,2.2
2003-02-02,-4.3,-8.4,-0.8,2448,3.1,0.32,3.5
2003-02-03,0.8,-0.2,1.9,2554,1.9,0.58,3.6
2003-02-04,0.3,-0.8,1.9,2723,0.6,0.56,2.4
2003-02-05,0.1,-2.9,2.4,3077,0.0,0.48,2.4
2003-02-06,-2.3,-3.1,-0.9,2646,0.0,0.47,2.3
2003-02-07,-2.8,-6.3,-0.6,2698,2.1,0.37,2.0
2003-02-08,-1.3,-5.9,0.2,2751,0.2,0.38,1.5
2003-02-09,-4.3,-7.2,-0.3,5026,0.0,0.35,2.3
2003-02-10,-3.3,-7.9,-1.7,2860,0.0,0.33,1.7
2003-02-11,-3.2,-7.2,-0.5,4088,0.0,0.35,1.9
2003-02-12,-5.1,-9.4,1.9,8247,0.0,0.31,2.2
2003-02-13,-6.8,-13.9,2.0,8438,0.0,0.23,2.0
2003-02-14,-5.5,-11.4,0.6,8430,0.0,0.26,1.6
2003-02-15,-0.8,-3.9,0.6,3357,0.0,0.44,2.3
2003-02-16,-6.7,-12.5,-1.6,9032,0.0,0.24,2.8
2003-02-17,-8.8,-15.0,-0.5,7342,0.0,0.21,2.0
2003-02-18,-2.3,-6.0,-0.6,3337,0.0,0.38,1.8
2003-02-19,-1.4,-2.1,-0.7,3401,0.0,0.5,2.2
2003-02-20,-1.5,-3.0,3.5,7102,0.0,0.48,1.9
2003-02-21,-1.1,-2.9,0.1,3531,0.0,0.48,2.1
2003-02-22,0.4,-2.6,5.3,9705,0.0,0.5,2.2
2003-02-23,-0.4,-4.8,6.5,10297,0.0,0.44,1.9
2003-02-24,-1.0,-6.2,6.9,10443,0.0,0.4,1.4
2003-02-25,-0.9,-7.5,9.2,10435,0.0,0.39,1.7
2003-02-26,-0.1,-5.5,6.9,10737,0.0,0.42,1.8
2003-02-27,-1.4,-7.7,7.5,10886,0.0,0.37,1.4
2003-02-28,0.3,-0.9,3.9,9439,0.4,0.55,1.7
2003-03-01,1.5,-0.7,5.0,5698,0.0,0.57,1.8
2003-03-02,1.9,-0.1,5.6,7828,0.5,0.59,2.5
2003-03-03,0.1,-2.3,2.5,4230,0.0,0.5,1.8
2003-03-04,-0.1,-3.1,3.9,8971,0.0,0.48,1.5
2003-03-05,0.6,-3.5,5.7,7663,0.0,0.47,2.2
2003-03-06,1.1,-2.1,4.7,6836,1.7,0.52,3.1
2003-03-07,1.7,-1.1,6.5,5216,0.0,0.56,1.9
2003-03-08,4.6,0.5,9.6,6602,3.4,0.63,3.5
2003-03-09,6.9,4.9,7.6,4680,4.2,0.83,3.4
2003-03-10,8.4,4.9,12.1,5732,0.0,0.85,2.8
2003-03-11,8.2,5.3,12.3,4834,10.2,0.87,3.2
2003-03-12,6.0,0.6,7.7,5093,3.1,0.62,3.4
2003-03-13,1.6,-1.4,5.3,13932,0.0,0.54,2.6
2003-03-14,2.0,-1.2,7.3,10226,0.0,0.55,2.5
2003-03-15,2.5,-2.2,9.1,12026,0.0,0.53,2.2
2003-03-16,3.4,-3.2,13.2,14795,0.0,0.53,1.7
2003-03-17,2.4,-1.3,8.0,8713,0.0,0.55,2.0
2003-03-18,3.9,-1.8,11.8,15316,0.0,0.56,1.8
2003-03-19,3.8,-0.5,5.0,5465,0.0,0.57,2.5
2003-03-20,2.3,-2.5,4.8,5545,0.0,0.5,2.1
2003-03-21,-0.9,-5.3,5.0,16204,0.0,0.42,2.7
2003-03-22,-0.1,-6.7,9.0,16174,0.0,0.4,2.4
2003-03-23,3.8,-4.3,15.0,16339,0.0,0.51,1.5
2003-03-24,6.0,-2.6,17.5,16504,0.0,0.58,1.7
2003-03-25,6.8,-0.2,11.2,10094,0.0,0.62,1.6
2003-03-26,4.9,-1.5,13.3,13569,0.0,0.58,1.4
2003-03-27,6.4,0.7,10.5,6314,1.6,0.65,1.3
2003-03-28,7.8,1.8,13.8,15084,0.0,0.72,1.4
2003-03-29,7.4,-0.7,17.0,15437,0.0,0.64,1.4
2003-03-30,7.8,2.0,15.0,15373,0.0,0.74,2.3
2003-03-31,6.3,-1.4,11.3,16784,0.0,0.57,2.6
2003-04-01,7.7,-2.0,14.4,15339,3.6,0.57,3.2
2003-04-02,6.6,4.9,9.2,9695,3.4,0.84,3.8
2003-04-03,5.7,-0.9,9.3,9795,0.4,0.58,3.2
2003-04-04,5.0,-2.2,11.2,16728,0.0,0.55,2.7
2003-04-05,5.4,2.8,8.3,12176,0.0,0.73,4.4
2003-04-06,1.7,-1.5,4.6,14374,0.7,0.54,3.6
2003-04-07,0.5,-0.9,2.4,7980,0.1,0.55,2.8
2003-04-08,0.5,-3.9,4.1,10841,0.0,0.45,1.8
2003-04-09,-0.7,-5.8,2.5,10270,0.8,0.39,2.1
2003-04-10,1.4,-2.6,4.6,7332,0.0,0.49,1.6
2003-04-11,2.3,-3.5,8.0,12380,0.0,0.49,1.9
2003-04-12,4.9,-2.4,13.3,20433,0.0,0.55,1.4
2003-04-13,7.3,-1.9,16.7,21261,0.0,0.6,1.8
2003-04-14,9.5,0.0,17.8,21750,0.0,0.68,3.4
2003-04-15,13.2,5.9,20.6,21895,0.0,0.97,3.2
2003-04-16,12.8,4.6,19.8,22038,0.0,0.9,3.0
2003-04-17,10.4,2.2,18.3,22179,0.0,0.78,2.7
2003-04-18,5.0,3.5,7.5,8172,1.4,0.76,3.5
2003-04-19,9.3,4.6,14.2,12121,0.0,0.85,3.7
2003-04-20,14.2,8.3,20.3,21999,0.0,1.11,2.9
2003-04-21,14.2,6.5,21.3,23076,0.0,1.02,2.5
2003-04-22,12.2,4.3,20.9,24396,0.0,0.89,1.9
2003-04-23,11.1,4.2,19.2,22978,0.0,0.87,1.8
2003-04-24,11.5,4.3,19.1,18671,0.0,0.88,1.4
2003-04-25,13.1,2.5,20.6,19620,0.0,0.81,2.1
2003-04-26,14.9,12.2,18.7,8384,2.2,1.4,2.8
2003-04-27,12.4,8.2,16.3,14143,0.8,1.07,4.0
2003-04-28,13.6,8.7,17.6,13863,0.0,1.11,2.7
2003-04-29,14.3,7.1,20.4,12361,1.7,1.04,3.1
2003-04-30,13.6,4.8,20.6,11459,3.4,0.92,2.7
2003-05-01,13.7,10.1,16.9,14720,0.0,1.22,3.9
2003-05-02,14.0,7.0,19.8,18491,0.0,1.03,2.4
2003-05-03,12.6,9.2,15.3,11179,0.9,1.13,4.4
2003-05-04,14.2,5.7,21.4,24357,0.0,0.97,2.3
2003-05-05,20.3,11.6,29.3,25574,0.0,1.47,2.3
2003-05-06,15.3,11.3,18.8,11003,0.0,1.32,2.3
2003-05-07,13.5,7.1,18.8,25025,0.0,1.03,1.9
2003-05-08,16.9,7.1,25.1,24745,0.0,1.11,1.9
2003-05-09,12.4,10.7,14.3,10687,5.3,1.24,1.6
2003-05-10,14.0,8.3,20.5,19403,0.0,1.12,1.3
2003-05-11,15.7,8.4,21.7,24131,0.0,1.15,1.3
2003-05-12,16.0,12.4,20.9,15897,8.4,1.43,2.0
2003-05-13,12.4,6.0,15.9,10786,1.1,0.93,2.6
2003-05-14,9.6,4.6,14.9,17668,0.8,0.85,2.8
2003-05-15,9.5,2.8,14.6,17985,0.5,0.76,2.1
2003-05-16,9.0,1.1,15.6,18808,0.0,0.69,1.4
2003-05-17,12.7,3.8,20.3,17091,0.0,0.86,2.1
2003-05-18,14.4,9.5,19.4,18166,0.4,1.19,2.4
2003-05-19,14.9,11.4,18.6,11849,2.3,1.33,2.4
2003-05-20,14.2,9.0,18.5,18278,0.0,1.15,3.4
2003-05-21,12.7,8.1,16.7,17437,0.0,1.07,2.6
2003-05-22,14.0,8.0,18.5,14672,0.3,1.07,2.3
2003-05-23,15.7,11.2,19.2,10873,0.0,1.32,2.8
2003-05-24,20.4,10.3,29.0,26178,0.0,1.37,1.9
2003-05-25,20.9,13.5,27.6,25076,2.2,1.6,2.3
2003-05-26,16.2,11.8,20.8,19600,0.0,1.38,1.8
2003-05-27,17.0,11.4,22.9,23375,0.0,1.37,1.7
2003-05-28,16.7,9.8,23.1,28184,0.0,1.25,2.0
2003-05-29,17.6,8.3,25.6,28618,0.0,1.18,1.8
2003-05-30,19.4,9.4,29.4,28792,0.0,1.32,1.4
2003-05-31,19.1,10.8,27.3,17218,0.0,1.38,1.5
2003-06-01,19.2,10.9,26.7,29263,0.0,1.37,1.5
2003-06-02,21.2,10.1,29.2,29043,0.0,1.37,2.2
2003-06-03,24.2,17.1,30.9,25458,0.0,2.02,1.5
2003-06-04,25.6,19.0,32.4,26266,0.0,2.26,2.0
2003-06-05,23.9,18.3,30.6,25520,2.8,2.14,1.8
2003-06-06,18.9,11.4,24.1,26195,0.0,1.39,1.6
2003-06-07,20.3,10.2,28.0,28424,0.0,1.36,1.4
2003-06-08,24.0,15.1,32.4,27023,7.8,1.84,2.1
2003-06-09,18.0,10.5,22.1,25230,0.0,1.3,3.1
2003-06-10,18.8,8.1,26.1,27454,0.0,1.18,1.8
2003-06-11,21.4,13.3,26.0,23581,0.0,1.56,2.5
2003-06-12,19.7,11.4,26.4,22948,0.0,1.41,1.6
2003-06-13,18.9,11.6,23.1,26984,0.0,1.38,2.0
2003-06-14,16.3,8.9,21.6,21285,0.0,1.17,1.6
2003-06-15,16.6,8.8,22.3,22593,0.0,1.17,1.6
2003-06-16,16.9,10.7,21.8,20783,0.0,1.31,1.8
2003-06-17,17.7,8.7,24.4,26241,0.0,1.19,1.6
2003-06-18,19.7,14.0,24.3,16509,0.0,1.6,2.2
2003-06-19,17.9,14.6,22.0,12358,8.4,1.64,3.3
2003-06-20,15.0,12.3,19.4,17551,4.8,1.4,4.5
2003-06-21,15.1,12.6,18.0,12228,0.7,1.43,3.1
2003-06-22,16.1,13.2,21.1,15990,0.4,1.49,1.6
2003-06-23,19.5,13.4,26.2,17542,3.7,1.58,3.1
2003-06-24,18.1,15.0,21.8,19612,0.0,1.66,3.3
2003-06-25,15.8,14.4,17.4,11044,0.4,1.58,2.7
2003-06-26,17.8,11.4,22.6,17001,0.0,1.37,1.7
2003-06-27,17.1,8.6,24.3,19582,0.0,1.18,1.7
2003-06-28,19.2,9.6,26.9,26956,0.0,1.28,1.5
2003-06-29,20.5,12.5,26.9,11781,0.0,1.5,1.5
2003-06-30,18.6,12.5,25.1,19667,0.2,1.48,1.7
2003-07-01,19.0,15.3,22.1,14212,0.0,1.69,2.7
2003-07-02,17.1,13.7,20.6,15358,2.1,1.54,3.0
2003-07-03,17.2,13.1,22.7,17924,0.8,1.51,3.0
2003-07-04,15.8,14.7,17.6,10405,9.5,1.62,3.4
2003-07-05,16.8,14.6,19.5,12193,4.2,1.61,3.3
2003-07-06,16.8,15.0,18.5,10234,0.0,1.65,2.6
2003-07-07,17.4,11.9,21.2,14339,0.0,1.39,1.6
2003-07-08,16.9,11.3,21.4,17922,0.1,1.34,1.6
2003-07-09,17.5,12.6,22.0,13639,0.5,1.46,2.2
2003-07-10,17.6,11.6,22.8,17471,0.0,1.39,1.9
2003-07-11,19.5,9.9,27.1,25926,3.3,1.32,2.0
2003-07-12,17.7,14.0,22.0,18300,0.0,1.57,2.7
2003-07-13,17.8,12.8,22.9,18005,0.0,1.47,1.9
2003-07-14,19.7,10.8,26.5,26815,0.0,1.38,2.1
2003-07-15,21.6,13.4,28.5,23433,0.0,1.6,2.0
2003-07-16,24.1,17.8,30.4,22615,0.0,2.07,2.6
2003-07-17,22.8,19.2,28.6,15660,3.7,2.21,2.2
2003-07-18,20.6,15.1,25.0,17787,0.2,1.71,1.9
2003-07-19,22.4,13.8,28.9,24626,0.0,1.64,1.6
2003-07-20,25.3,17.9,32.2,26223,0.0,2.13,2.1
2003-07-21,24.6,19.9,29.5,14710,0.8,2.32,1.7
2003-07-22,21.3,16.1,26.2,23299,0.0,1.83,1.9
2003-07-23,20.8,14.4,26.4,19430,0.0,1.68,1.4
2003-07-24,20.4,16.6,28.2,17597,0.2,1.91,1.6
2003-07-25,20.6,16.4,26.3,20193,0.0,1.85,1.6
2003-07-26,19.2,16.1,23.7,12807,2.0,1.81,1.9
2003-07-27,23.5,16.5,30.3,18549,12.2,1.95,2.6
2003-07-28,20.3,13.7,25.1,17854,0.4,1.59,1.9
2003-07-29,19.2,12.1,26.7,19796,0.0,1.47,1.3
2003-07-30,20.0,11.4,27.1,21353,0.0,1.43,1.5
2003-07-31,21.3,13.3,27.8,18525,0.0,1.58,1.4
2003-08-01,23.6,16.6,30.7,22194,0.0,1.95,1.2
2003-08-02,23.2,18.0,29.0,10783,0.2,2.06,1.2
2003-08-03,24.3,18.9,30.5,22149,0.0,2.19,1.3
2003-08-04,23.0,15.7,30.0,25901,0.0,1.84,1.5
2003-08-05,21.2,13.3,28.5,24936,0.0,1.6,1.7
2003-08-06,20.9,13.4,28.5,25823,0.0,1.6,1.5
2003-08-07,21.0,11.8,30.4,24981,0.0,1.52,1.3
2003-08-08,22.5,12.9,30.8,25243,0.0,1.6,1.3
2003-08-09,23.3,13.9,32.4,25135,0.0,1.74,1.6
2003-08-10,22.0,14.7,28.7,25024,0.0,1.74,2.0
2003-08-11,22.0,12.9,30.6,24790,0.0,1.62,1.6
2003-08-12,24.7,15.8,33.0,22494,0.0,1.91,1.4
2003-08-13,24.7,18.4,32.3,23954,0.0,2.19,2.7
2003-08-14,19.7,15.0,24.2,16496,0.0,1.7,2.8
2003-08-15,18.9,14.3,23.4,17481,0.0,1.62,3.1
2003-08-16,17.7,11.1,23.0,10691,0.0,1.34,2.1
2003-08-17,17.8,8.7,26.9,22637,0.0,1.24,1.5
2003-08-18,21.8,15.4,29.2,13145,17.0,1.8,2.4
2003-08-19,20.6,16.0,24.5,10103,0.2,1.81,2.6
2003-08-20,17.5,11.6,22.7,16614,0.0,1.38,1.9
2003-08-21,17.4,10.0,23.6,12641,0.0,1.26,1.7
2003-08-22,19.7,15.1,24.9,15000,0.6,1.7,2.9
2003-08-23,20.2,15.6,24.9,18149,0.0,1.77,2.7
2003-08-24,18.5,12.9,23.1,15717,0.0,1.49,2.3
2003-08-25,18.9,11.4,25.5,18370,0.0,1.41,1.7
2003-08-26,17.4,10.3,21.8,15153,0.0,1.28,2.4
2003-08-27,16.5,11.7,19.6,11051,0.0,1.35,3.3
2003-08-28,15.4,10.6,19.9,8916,1.4,1.28,1.4
2003-08-29,13.8,10.4,15.6,7366,10.7,1.23,2.5
2003-08-30,14.6,9.6,19.3,10435,0.4,1.2,2.5
2003-08-31,13.6,9.1,19.5,15145,0.0,1.16,2.5
2003-09-01,12.8,10.4,17.2,12136,6.5,1.24,2.4
2003-09-02,12.1,5.9,17.2,18107,0.0,0.94,1.8
2003-09-03,11.5,6.4,15.4,6983,1.3,0.96,1.9
2003-09-04,14.8,8.8,18.4,7888,0.0,1.14,1.8
2003-09-05,14.0,7.0,21.7,15511,0.0,1.06,1.6
2003-09-06,16.7,9.7,23.8,19263,0.0,1.25,1.9
2003-09-07,16.8,12.8,23.6,11602,0.3,1.49,1.4
2003-09-08,19.1,13.0,25.4,16818,0.0,1.54,1.9
2003-09-09,16.2,13.2,20.4,7253,11.5,1.49,1.8
2003-09-10,14.1,11.4,19.1,8326,23.6,1.33,2.0
2003-09-11,13.2,11.6,15.5,6354,6.3,1.33,3.1
2003-09-12,14.9,10.9,17.9,7104,0.2,1.27,2.0
2003-09-13,15.1,10.9,18.1,8769,0.0,1.28,2.1
2003-09-14,14.8,10.7,21.0,9182,0.0,1.28,1.4
2003-09-15,14.6,9.4,21.6,15675,0.0,1.2,1.3
2003-09-16,15.2,9.9,22.9,16732,0.0,1.26,1.4
2003-09-17,15.6,10.9,22.9,12173,0.0,1.33,1.3
2003-09-18,16.9,10.2,26.9,16606,0.0,1.34,1.7
2003-09-19,17.3,10.1,26.2,16638,0.0,1.32,1.9
2003-09-20,17.7,11.3,27.5,15592,0.0,1.43,1.3
2003-09-21,16.9,8.7,24.7,16206,0.0,1.21,2.2
2003-09-22,18.3,8.2,28.6,15942,0.0,1.23,2.6
2003-09-23,14.0,8.4,19.3,8256,2.4,1.12,3.2
2003-09-24,9.8,4.9,15.8,12681,0.0,0.88,2.0
2003-09-25,9.3,2.8,17.8,14783,0.0,0.79,2.0
2003-09-26,12.1,5.8,20.3,15084,0.0,0.97,2.2
2003-09-27,12.3,5.0,17.0,10691,0.0,0.9,1.8
2003-09-28,10.0,2.2,18.7,14567,6.5,0.78,1.5
2003-09-29,12.0,9.4,16.3,7547,0.6,1.15,2.5
2003-09-30,10.6,8.1,13.5,4944,0.0,1.05,1.6
2003-10-01,11.3,7.1,16.6,10087,0.4,1.01,1.8
2003-10-02,11.7,5.9,16.3,8645,0.0,0.93,1.6
2003-10-03,10.1,3.7,15.4,8964,7.5,0.81,1.7
2003-10-04,11.6,5.8,14.6,6956,0.3,0.92,2.4
2003-10-05,7.6,3.2,13.7,7792,0.0,0.77,2.0
2003-10-06,7.1,2.9,11.4,7348,2.6,0.75,4.1
2003-10-07,8.1,6.7,10.4,4911,7.1,0.95,4.5
2003-10-08,8.8,6.3,12.0,5079,7.2,0.93,4.4
2003-10-09,9.1,6.1,12.6,7200,0.6,0.92,3.9
2003-10-10,12.2,9.0,13.1,4111,1.1,1.12,4.0
2003-10-11,10.9,8.3,13.4,6433,4.3,1.07,3.3
2003-10-12,8.3,2.9,13.0,7520,0.0,0.75,2.0
2003-10-13,5.6,-0.2,14.5,9285,0.0,0.64,1.7
2003-10-14,5.7,-0.7,13.3,9387,0.0,0.61,2.2
2003-10-15,5.7,0.6,13.8,10324,0.0,0.66,2.0
2003-10-16,4.8,-0.4,9.9,4750,0.0,0.6,2.0
2003-10-17,3.2,-1.1,11.2,10487,0.0,0.58,2.2
2003-10-18,2.1,-3.0,13.0,10268,0.0,0.53,1.7
2003-10-19,2.1,-2.6,11.7,10124,0.0,0.54,1.2
2003-10-20,2.4,-2.1,9.1,4726,0.0,0.54,1.8
2003-10-21,4.0,2.0,6.2,3367,1.3,0.69,1.8
2003-10-22,2.9,-1.2,8.5,9067,0.0,0.56,2.0
2003-10-23,1.0,-2.8,8.5,9006,0.0,0.51,2.6
2003-10-24,-0.8,-4.7,5.2,6611,0.0,0.43,1.8
2003-10-25,3.4,-1.5,5.6,3121,9.7,0.54,3.5
2003-10-26,3.2,-3.0,5.8,3129,0.5,0.49,2.3
2003-10-27,-0.4,-4.8,8.1,8623,0.0,0.44,1.4
2003-10-28,1.2,-2.5,9.6,8431,0.0,0.53,2.0
2003-10-29,2.0,-1.5,4.1,2890,3.7,0.53,2.1
2003-10-30,4.2,2.3,4.8,2834,6.4,0.7,1.9
2003-10-31,6.1,4.0,7.5,3157,0.0,0.79,2.7
2003-11-01,7.6,4.9,10.5,2913,0.0,0.84,2.5
2003-11-02,7.2,3.9,13.0,4269,0.4,0.81,3.1
2003-11-03,9.5,6.8,14.6,4137,1.2,0.98,4.2
2003-11-04,9.1,4.6,11.0,2932,0.0,0.83,2.9
2003-11-05,5.2,0.7,13.3,7189,0.0,0.66,1.8
2003-11-06,3.2,0.5,4.1,2475,0.0,0.61,2.2
2003-11-07,4.3,0.1,9.1,4559,0.0,0.61,3.5
2003-11-08,5.3,2.8,6.8,2382,0.0,0.72,3.9
2003-11-09,3.5,2.0,4.4,2337,0.0,0.68,2.3
2003-11-10,2.5,-0.3,4.1,2293,0.0,0.58,2.6
2003-11-11,2.1,-1.0,7.5,6415,0.0,0.56,2.5
2003-11-12,1.6,-1.2,6.6,6215,0.0,0.55,2.3
2003-11-13,-0.4,-3.6,4.1,6072,0.0,0.46,1.6
2003-11-14,-1.1,-4.4,1.4,2128,0.0,0.43,2.0
2003-11-15,3.9,0.1,8.7,4178,0.0,0.61,2.6
2003-11-16,5.8,4.1,8.5,2517,8.0,0.79,1.9
2003-11-17,6.1,4.0,7.7,2067,2.6,0.78,3.4
2003-11-18,8.4,5.3,11.7,1981,4.8,0.87,3.7
2003-11-19,11.6,10.7,11.8,1947,0.5,1.24,4.1
2003-11-20,8.7,3.6,11.0,2702,0.0,0.78,2.1
2003-11-21,8.8,5.7,11.2,2418,0.0,0.89,2.1
2003-11-22,6.5,4.0,9.0,1851,0.0,0.79,2.0
2003-11-23,9.3,7.3,12.4,3205,0.0,1.0,2.2
2003-11-24,8.3,5.2,10.1,1793,0.0,0.86,2.1
2003-11-25,7.6,5.3,10.4,1999,5.2,0.86,1.6
2003-11-26,8.6,6.9,10.8,2849,5.3,0.96,2.2
2003-11-27,6.8,6.2,7.2,1714,0.0,0.91,1.4
2003-11-28,7.4,6.6,7.8,1690,0.0,0.94,2.1
2003-11-29,7.6,7.0,8.1,1667,0.4,0.97,1.7
2003-11-30,6.5,2.8,8.3,2313,0.0,0.73,2.6
2003-12-01,4.4,2.7,6.3,1933,0.0,0.71,2.6
2003-12-02,6.7,3.3,7.9,1604,0.0,0.75,2.4
2003-12-03,6.5,5.4,7.5,1585,0.0,0.86,1.7
2003-12-04,4.3,3.7,6.3,1567,0.0,0.77,2.0
2003-12-05,5.9,3.5,6.9,1550,2.5,0.76,2.4
2003-12-06,2.4,-0.1,8.5,3324,0.0,0.6,4.0
2003-12-07,-2.7,-5.7,1.8,4652,0.0,0.39,2.2
2003-12-08,0.3,-3.8,1.7,1507,0.0,0.45,1.7
2003-12-09,0.0,-2.6,4.3,4591,0.0,0.49,1.5
2003-12-10,1.1,-2.2,4.3,4481,0.0,0.51,2.1
2003-12-11,0.7,-1.8,3.1,1804,4.3,0.52,3.0
2003-12-12,1.3,0.1,3.6,1546,1.3,0.59,2.3
2003-12-13,7.2,-1.0,10.8,1455,21.2,0.59,4.2
2003-12-14,5.1,2.7,9.7,1448,13.8,0.73,5.4
2003-12-15,0.7,-0.4,3.3,2545,0.4,0.57,5.2
2003-12-16,1.0,-1.2,3.7,4250,0.8,0.54,3.3
2003-12-17,4.2,-1.2,5.1,1433,1.5,0.55,2.5
2003-12-18,1.3,-1.0,5.3,4275,0.0,0.55,1.9
2003-12-19,2.3,-2.0,4.7,4149,0.1,0.52,2.1
2003-12-20,5.8,2.1,7.3,1549,1.7,0.69,2.9
2003-12-21,5.0,2.5,7.9,1874,1.9,0.71,6.0
2003-12-22,-0.9,-2.4,3.5,1428,0.3,0.5,3.6
2003-12-23,-4.2,-7.2,-0.4,3830,0.0,0.35,2.3
2003-12-24,-1.2,-6.8,1.5,4204,0.0,0.37,2.7
2003-12-25,2.7,-0.2,3.5,1438,0.0,0.58,3.0
2003-12-26,3.9,2.9,5.3,1444,0.0,0.72,2.9
2003-12-27,4.1,2.4,7.1,1450,0.3,0.7,3.8
2003-12-28,5.1,1.7,6.7,1457,0.0,0.67,3.7
2003-12-29,2.2,0.3,5.7,1797,0.0,0.61,3.0
2003-12-30,1.8,0.3,3.7,1808,0.0,0.6,1.3
2003-12-31,-0.3,-1.5,2.5,1486,0.0,0.53,1.9
2004-01-01,-2.8,-6.1,-0.7,1666,0.0,0.38,1.8
2004-01-02,-2.3,-4.8,0.7,2438,0.3,0.42,2.5
2004-01-03,-3.3,-5.8,-0.3,1737,0.0,0.39,1.4
2004-01-04,-5.0,-7.2,-2.5,4315,0.0,0.35,2.4
2004-01-05,-8.1,-11.3,-2.7,4566,0.0,0.26,2.2
2004-01-06,-6.2,-11.3,-1.6,1789,6.9,0.26,2.9
2004-01-07,1.5,-1.7,3.7,1590,0.0,0.53,2.0
2004-01-08,1.1,0.1,1.9,1610,0.0,0.59,2.5
2004-01-09,0.1,-0.7,0.2,1630,0.9,0.56,2.5
2004-01-10,-0.2,-1.9,0.9,1651,0.0,0.51,2.3
2004-01-11,1.9,-1.9,7.0,1674,10.9,0.53,3.5
2004-01-12,2.8,0.0,5.3,2016,0.2,0.59,3.7
2004-01-13,2.8,-0.1,5.0,1722,7.0,0.59,4.2
2004-01-14,4.0,1.0,4.9,1794,5.9,0.63,4.8
2004-01-15,2.2,0.9,3.7,3371,0.9,0.63,3.3
2004-01-16,2.2,0.4,3.9,1802,10.2,0.6,4.2
2004-01-17,2.7,0.7,3.7,1831,3.9,0.62,3.0
2004-01-18,-0.6,-3.3,1.3,2928,0.8,0.47,2.5
2004-01-19,0.1,-2.5,1.9,1893,5.1,0.49,3.7
2004-01-20,0.4,-0.5,1.9,1925,0.3,0.57,2.8
2004-01-21,-2.0,-7.2,-0.4,3764,0.2,0.35,1.6
2004-01-22,-6.2,-10.8,-3.0,3211,0.0,0.27,1.6
2004-01-23,-7.6,-11.2,-4.3,2491,0.0,0.26,1.9
2004-01-24,-7.2,-11.0,-3.9,4974,0.4,0.26,2.1
2004-01-25,-7.3,-9.1,-6.2,2104,0.5,0.29,1.7
2004-01-26,-6.6,-7.7,-5.5,2143,0.6,0.33,1.7
2004-01-27,-4.3,-6.3,-2.6,2183,0.0,0.37,1.6
2004-01-28,-2.6,-5.2,-0.7,2225,0.2,0.4,2.6
2004-01-29,-2.0,-4.3,1.8,4475,2.6,0.43,3.6
2004-01-30,-0.5,-3.6,0.8,3932,0.4,0.45,3.9
2004-01-31,1.7,-1.5,6.4,2355,11.0,0.54,4.7
2004-02-01,5.3,1.7,8.2,2401,7.9,0.68,5.0
2004-02-02,5.8,2.3,9.2,2854,1.2,0.71,3.9
2004-02-03,8.7,3.9,11.6,2496,4.1,0.79,3.3
2004-02-04,11.5,10.3,12.5,2545,0.6,1.2,3.8
2004-02-05,12.2,9.9,13.7,2595,0.0,1.18,4.3
2004-02-06,10.6,8.5,11.7,2646,5.5,1.07,3.5
2004-02-07,6.5,3.8,8.4,2698,5.5,0.78,5.3
2004-02-08,2.5,1.1,4.5,4255,3.6,0.64,5.3
2004-02-09,0.9,-1.1,3.4,5153,0.7,0.54,4.8
2004-02-10,0.4,-1.5,2.1,2860,6.2,0.53,3.3
2004-02-11,-0.1,-5.9,2.2,3893,0.4,0.39,2.8
2004-02-12,-2.9,-6.8,-0.5,2974,0.0,0.36,1.4
2004-02-13,2.1,-0.8,4.1,3032,0.3,0.56,2.1
2004-02-14,3.7,1.6,6.1,3091,0.0,0.67,1.6
2004-02-15,1.2,-0.3,3.0,3151,0.0,0.58,1.6
2004-02-16,0.9,-1.3,2.0,3212,0.1,0.54,1.8
2004-02-17,3.6,1.8,4.7,3274,0.4,0.67,2.3
2004-02-18,3.0,0.1,6.7,6035,0.0,0.61,2.4
2004-02-19,0.1,-4.2,4.1,8000,0.0,0.44,3.7
2004-02-20,-1.4,-6.0,6.4,9503,0.0,0.41,3.5
2004-02-21,-0.1,-4.5,6.6,9788,0.0,0.44,2.6
2004-02-22,-0.1,-3.4,4.7,6726,0.0,0.47,2.2
2004-02-23,0.3,-1.8,1.3,3967,0.0,0.51,2.7
2004-02-24,0.1,-6.3,3.4,5029,2.2,0.38,2.6
2004-02-25,0.4,-1.3,1.5,5113,0.6,0.53,2.9
2004-02-26,-1.8,-6.3,2.6,4340,0.0,0.38,2.4
2004-02-27,-2.6,-8.9,3.5,7887,0.0,0.32,1.4
2004-02-28,-2.5,-6.8,3.5,7843,0.0,0.37,1.3
2004-02-29,-2.1,-7.7,3.4,7473,0.0,0.35,1.9
2004-03-01,0.1,-2.5,2.2,6278,0.9,0.49,2.6
2004-03-02,3.5,1.7,4.4,4230,0.0,0.66,3.2
2004-03-03,1.8,-4.9,4.9,10722,0.0,0.43,2.7
2004-03-04,-2.0,-5.6,1.2,5136,0.0,0.4,1.9
2004-03-05,-2.0,-7.6,4.9,12540,0.0,0.36,3.0
2004-03-06,-0.7,-4.4,2.5,6936,0.1,0.43,2.2
2004-03-07,0.1,-0.5,1.5,5299,0.2,0.57,1.7
2004-03-08,0.4,-5.1,6.4,10912,0.2,0.43,2.0
2004-03-09,1.4,0.2,3.1,5023,0.0,0.59,2.6
2004-03-10,1.7,0.6,2.4,4834,0.0,0.61,2.7
2004-03-11,3.5,1.1,5.5,5183,0.0,0.64,2.3
2004-03-12,4.6,0.1,9.8,9826,0.0,0.62,3.0
2004-03-13,6.7,2.3,10.3,6082,2.3,0.71,2.8
2004-03-14,8.6,5.8,14.8,11004,0.0,0.91,2.7
2004-03-15,9.7,6.9,12.8,6540,0.0,0.96,3.4
2004-03-16,11.4,8.7,12.8,5306,0.0,1.09,2.8
2004-03-17,13.3,6.6,20.1,13692,0.0,1.01,2.0
2004-03-18,10.0,3.5,15.7,10281,0.2,0.81,1.6
2004-03-19,11.6,8.5,15.2,7682,4.1,1.09,4.3
2004-03-20,8.9,6.2,12.3,6997,7.2,0.93,5.9
2004-03-21,7.9,4.6,11.3,13211,3.2,0.83,6.4
2004-03-22,5.4,2.4,8.0,8275,2.5,0.71,3.8
2004-03-23,3.9,0.2,8.9,13092,0.0,0.62,1.8
2004-03-24,3.7,-0.8,9.0,7060,0.0,0.58,3.0
2004-03-25,2.4,0.9,3.1,6232,0.0,0.63,2.7
2004-03-26,0.8,-3.4,2.6,6827,0.0,0.47,2.1
2004-03-27,0.7,-4.8,7.0,13222,0.0,0.44,1.7
2004-03-28,4.9,0.7,7.8,6269,0.0,0.63,1.7
2004-03-29,7.9,3.1,11.7,10546,0.0,0.76,1.7
2004-03-30,7.5,-0.4,15.4,16995,0.0,0.64,2.7
2004-03-31,8.7,0.9,15.7,17572,0.0,0.69,2.5
2004-04-01,10.3,5.8,15.7,17512,0.0,0.92,3.2
2004-04-02,8.7,3.5,14.6,17124,0.0,0.8,3.5
2004-04-03,8.8,3.6,15.7,11955,0.8,0.81,2.7
2004-04-04,8.5,3.3,15.2,9011,1.6,0.79,3.3
2004-04-05,6.4,2.8,11.2,10640,1.3,0.74,3.3
2004-04-06,4.5,1.7,8.2,10299,5.8,0.68,3.1
2004-04-07,5.7,0.4,10.3,11397,0.3,0.63,2.6
2004-04-08,4.0,-0.7,8.4,10606,3.3,0.58,2.4
2004-04-09,6.4,0.8,12.0,11376,0.0,0.66,2.3
2004-04-10,4.4,-1.0,10.1,10685,0.1,0.58,2.4
2004-04-11,5.2,-2.7,12.2,19865,0.0,0.54,2.1
2004-04-12,5.8,0.5,9.7,7563,0.0,0.63,2.1
2004-04-13,6.0,-0.1,12.3,11081,0.0,0.62,1.8
2004-04-14,7.4,-1.1,16.6,21434,0.0,0.63,1.7
2004-04-15,9.9,-0.2,18.5,21343,0.0,0.67,1.8
2004-04-16,12.6,5.3,20.5,19851,0.0,0.94,1.7
2004-04-17,11.8,3.6,19.2,20681,0.0,0.84,1.9
2004-04-18,13.8,6.2,20.2,17288,1.8,0.99,2.6
2004-04-19,10.6,4.7,15.0,8320,2.7,0.86,2.4
2004-04-20,9.5,2.6,17.2,13248,0.0,0.78,1.6
2004-04-21,12.2,4.6,19.5,12864,0.0,0.9,1.5
2004-04-22,13.5,5.9,21.0,20710,0.0,0.99,1.5
2004-04-23,9.6,6.3,13.0,8248,1.8,0.93,2.4
2004-04-24,9.0,3.1,13.4,9158,0.0,0.77,2.3
2004-04-25,10.5,1.9,16.8,17194,1.7,0.74,1.8
2004-04-26,11.0,9.2,13.4,9299,0.7,1.12,1.7
2004-04-27,12.3,9.4,16.6,14228,0.0,1.17,1.9
2004-04-28,12.9,6.0,18.8,23454,0.0,0.96,2.5
2004-04-29,14.0,7.2,19.8,22097,0.0,1.05,2.8
2004-04-30,16.1,10.0,21.8,22570,0.0,1.25,3.3
2004-05-01,17.7,11.4,24.2,18614,1.4,1.38,2.3
2004-05-02,15.3,12.1,18.9,9081,0.5,1.38,2.0
2004-05-03,13.8,10.4,19.1,15327,1.4,1.25,1.8
2004-05-04,15.3,8.7,21.6,16272,0.0,1.17,2.1
2004-05-05,16.2,12.0,22.2,19831,0.0,1.41,2.0
2004-05-06,15.5,12.2,22.3,13185,2.0,1.42,2.1
2004-05-07,12.8,7.7,16.6,11253,3.1,1.04,3.3
2004-05-08,10.6,7.4,14.0,10186,0.0,1.01,2.7
2004-05-09,11.2,8.3,13.5,9365,0.7,1.07,2.0
2004-05-10,15.7,11.0,20.8,17466,0.0,1.32,2.2
2004-05-11,12.0,9.8,13.6,10857,0.0,1.18,2.0
2004-05-12,10.8,9.7,11.9,9397,0.7,1.16,2.1
2004-05-13,8.9,2.5,12.2,9953,0.0,0.73,2.1
2004-05-14,8.6,0.1,16.0,23052,0.0,0.66,1.4
2004-05-15,11.3,5.3,14.6,10306,0.0,0.89,2.8
2004-05-16,13.6,10.2,18.4,16328,0.0,1.23,2.4
2004-05-17,14.3,8.9,18.3,12183,0.0,1.14,1.6
2004-05-18,14.4,8.6,19.7,20135,0.0,1.13,2.1
2004-05-19,14.3,6.5,21.0,15470,0.0,1.02,2.9
2004-05-20,12.2,7.9,16.3,17437,0.0,1.05,2.0
2004-05-21,11.0,7.2,14.3,14160,0.0,0.99,2.5
2004-05-22,9.0,3.6,15.5,22405,5.6,0.8,3.1
2004-05-23,8.6,4.4,14.1,18481,2.8,0.84,3.3
2004-05-24,9.5,3.8,12.9,11850,0.7,0.8,2.5
2004-05-25,11.2,5.9,15.2,14587,0.0,0.93,2.5
2004-05-26,9.2,4.5,13.8,16556,0.6,0.85,2.4
2004-05-27,10.4,4.2,16.0,14920,0.8,0.85,1.8
2004-05-28,11.7,2.5,18.3,26169,0.0,0.78,1.6
2004-05-29,13.2,3.8,20.9,29179,0.0,0.87,1.5
2004-05-30,15.7,4.7,23.9,28060,0.0,0.96,1.8
2004-05-31,19.0,11.3,25.1,23838,0.0,1.38,2.1
2004-06-01,17.6,11.0,23.6,25682,0.0,1.35,1.6
2004-06-02,14.8,8.5,20.4,11104,0.6,1.14,1.8
2004-06-03,17.5,10.4,24.9,24972,0.0,1.32,2.1
2004-06-04,14.8,12.0,21.2,16458,3.1,1.39,1.7
2004-06-05,15.0,9.1,20.5,14799,0.1,1.18,2.0
2004-06-06,14.9,6.8,20.6,20909,0.0,1.02,1.6
2004-06-07,16.8,10.2,22.4,20024,0.0,1.27,1.6
2004-06-08,18.9,12.4,24.0,19655,0.0,1.46,1.7
2004-06-09,14.9,10.8,18.8,13189,10.1,1.28,2.0
2004-06-10,18.3,14.1,23.7,14760,0.3,1.61,1.8
2004-06-11,17.6,12.6,23.7,14385,4.6,1.47,2.6
2004-06-12,14.7,10.1,19.7,20495,5.2,1.24,2.5
2004-06-13,15.9,9.0,22.2,18560,0.5,1.19,2.3
2004-06-14,15.8,9.6,20.6,14156,0.0,1.21,2.6
2004-06-15,17.3,11.7,23.3,17538,0.4,1.4,3.4
2004-06-16,14.2,10.8,18.0,20270,0.2,1.28,3.5
2004-06-17,12.0,8.8,15.2,11187,27.3,1.1,3.1
2004-06-18,13.9,8.4,17.7,13526,0.8,1.09,2.6
2004-06-19,12.3,6.7,16.7,16642,1.4,0.98,2.4
2004-06-20,13.1,5.4,20.1,23779,0.0,0.94,1.8
2004-06-21,14.8,9.0,20.1,21051,0.0,1.16,1.9
2004-06-22,16.0,10.0,22.2,22343,0.0,1.25,1.7
2004-06-23,16.8,12.2,21.7,16628,3.7,1.43,3.4
2004-06-24,14.6,11.8,19.0,14675,0.4,1.36,4.6
2004-06-25,13.1,10.7,15.1,15445,1.5,1.25,3.7
2004-06-26,13.3,8.0,16.3,14268,0.0,1.07,2.1
2004-06-27,13.6,7.2,18.6,10368,1.7,1.03,1.7
2004-06-28,15.7,11.0,20.4,19295,1.6,1.32,3.2
2004-06-29,15.2,9.2,20.0,23034,0.4,1.17,2.7
2004-06-30,16.0,10.2,21.6,14082,0.0,1.26,1.8
2004-07-01,16.4,12.6,22.3,18075,7.4,1.45,2.7
2004-07-02,15.4,9.6,21.3,22839,1.3,1.21,2.5
2004-07-03,14.3,9.8,18.5,18806,2.3,1.2,3.2
2004-07-04,14.5,9.8,20.2,19427,0.2,1.22,2.6
2004-07-05,14.7,10.4,18.4,16172,2.5,1.25,2.2
2004-07-06,14.1,8.0,19.4,23112,0.0,1.1,2.0
2004-07-07,16.3,7.1,23.4,26173,0.0,1.09,2.2
2004-07-08,18.6,13.7,24.0,15958,6.5,1.57,2.1
2004-07-09,18.8,15.8,23.4,15540,3.1,1.78,3.0
2004-07-10,15.1,12.1,18.0,14221,3.9,1.37,3.1
2004-07-11,14.5,10.8,19.3,15987,3.7,1.29,3.1
2004-07-12,14.3,12.6,17.4,10943,5.0,1.41,3.3
2004-07-13,14.1,11.9,16.9,10909,1.0,1.36,3.2
2004-07-14,14.9,11.2,19.7,14975,1.3,1.32,2.7
2004-07-15,17.0,13.3,21.3,13655,6.8,1.5,2.6
2004-07-16,16.9,13.8,20.9,12464,3.1,1.56,1.7
2004-07-17,20.0,14.0,26.5,17532,14.5,1.64,1.8
2004-07-18,21.9,17.0,28.4,22203,10.8,1.95,1.9
2004-07-19,19.6,13.6,25.2,17688,0.0,1.57,1.8
2004-07-20,19.5,12.1,26.7,18018,2.5,1.47,2.0
2004-07-21,18.9,13.2,22.4,14026,0.0,1.5,1.6
2004-07-22,16.7,12.2,22.8,15498,0.2,1.43,1.3
2004-07-23,19.8,12.1,27.8,19497,5.0,1.49,1.8
2004-07-24,19.2,12.0,24.1,17917,0.0,1.43,2.2
2004-07-25,16.2,10.4,22.4,12807,5.4,1.29,2.0
2004-07-26,15.2,10.1,20.2,12375,0.1,1.24,1.8
2004-07-27,14.8,8.7,20.3,17603,0.0,1.14,1.8
2004-07-28,16.6,8.5,24.4,21805,0.0,1.19,1.5
2004-07-29,18.2,9.0,26.2,26113,0.0,1.25,1.9
2004-07-30,20.5,12.5,27.9,25401,0.0,1.54,1.5
2004-07-31,19.4,13.6,29.3,18451,0.0,1.63,1.3
2004-08-01,19.3,11.9,26.0,23106,0.1,1.45,1.6
2004-08-02,19.6,12.1,25.9,23391,0.0,1.47,1.4
2004-08-03,19.7,13.2,26.7,22061,0.0,1.56,1.4
2004-08-04,20.9,12.8,27.8,21229,0.0,1.54,1.4
2004-08-05,23.5,16.1,29.9,23358,0.0,1.88,2.0
2004-08-06,22.8,16.2,29.0,25472,0.0,1.87,2.1
2004-08-07,22.3,15.4,28.3,24998,0.0,1.79,2.1
2004-08-08,23.1,15.7,29.4,24524,0.0,1.85,2.5
2004-08-09,23.6,15.5,30.5,24415,0.0,1.84,2.5
2004-08-10,23.7,17.8,29.9,25154,0.0,2.06,2.6
2004-08-11,22.6,16.7,28.3,18619,0.0,1.93,1.7
2004-08-12,24.3,17.3,31.4,23350,7.9,2.04,1.7
2004-08-13,18.9,15.3,23.0,12405,1.8,1.71,3.2
2004-08-14,18.1,11.7,23.6,16882,0.2,1.39,2.5
2004-08-15,17.8,9.3,25.4,22639,0.0,1.26,1.9
2004-08-16,20.4,12.9,27.0,16685,0.0,1.54,2.0
2004-08-17,21.1,15.7,27.1,17533,0.0,1.8,1.9
2004-08-18,20.8,16.7,26.2,15537,0.2,1.88,2.3
2004-08-19,22.8,16.9,28.6,18849,0.0,1.96,3.3
2004-08-20,18.1,12.1,24.0,13344,2.0,1.43,2.8
2004-08-21,16.3,11.7,22.3,13950,0.0,1.38,2.6
2004-08-22,14.5,7.6,20.6,17336,0.0,1.08,2.0
2004-08-23,14.9,5.0,20.9,15486,0.0,0.94,1.9
2004-08-24,17.6,12.3,23.9,11809,6.4,1.45,2.4
2004-08-25,16.2,13.4,20.9,11028,1.2,1.5,3.2
2004-08-26,15.7,13.0,20.3,11963,1.1,1.47,3.0
2004-08-27,16.0,14.3,18.6,11072,2.0,1.58,3.0
2004-08-28,17.2,12.6,22.1,10527,1.7,1.46,2.1
2004-08-29,15.0,11.6,18.7,9087,7.6,1.34,1.8
2004-08-30,14.7,12.1,18.0,9448,1.2,1.37,2.9
2004-08-31,13.7,11.4,17.7,11025,5.2,1.32,3.0
2004-09-01,14.5,8.8,17.9,10816,0.0,1.13,2.3
2004-09-02,14.6,7.7,22.5,18186,0.0,1.11,1.4
2004-09-03,16.6,8.8,25.2,20773,0.0,1.21,1.3
2004-09-04,17.7,10.0,26.6,20503,0.0,1.32,1.1
2004-09-05,17.7,10.4,25.8,20341,0.0,1.33,1.5
2004-09-06,18.8,11.5,26.8,19535,0.0,1.44,1.6
2004-09-07,17.7,11.0,24.1,15326,0.0,1.36,1.9
2004-09-08,15.0,7.0,21.9,19212,0.0,1.05,2.0
2004-09-09,12.8,5.1,21.7,19258,0.0,0.96,1.9
2004-09-10,14.4,4.4,22.6,19301,0.0,0.93,2.4
2004-09-11,16.3,11.2,22.4,10733,6.5,1.35,2.3
2004-09-12,16.7,12.0,19.9,11549,0.0,1.38,3.5
2004-09-13,15.7,8.4,20.8,10715,0.0,1.12,3.1
2004-09-14,18.1,12.0,23.4,11718,0.0,1.41,3.1
2004-09-15,15.7,10.0,19.1,14415,0.0,1.22,3.3
2004-09-16,12.7,7.6,17.8,13372,0.0,1.05,1.9
2004-09-17,12.6,4.1,19.8,17002,0.0,0.88,2.0
2004-09-18,14.3,4.5,22.2,16933,0.0,0.91,2.1
2004-09-19,13.9,7.0,18.7,10322,0.0,1.03,2.0
2004-09-20,13.2,4.8,18.4,8269,4.8,0.89,3.3
2004-09-21,12.1,9.5,14.3,6439,7.8,1.16,5.3
2004-09-22,11.3,8.3,15.3,9874,2.0,1.08,4.7
2004-09-23,11.8,8.6,14.6,7775,1.4,1.08,4.0
2004-09-24,12.8,9.3,15.9,6740,1.9,1.15,3.5
2004-09-25,13.1,8.5,16.8,10356,2.2,1.1,2.9
2004-09-26,11.2,8.6,15.5,5179,0.8,1.09,2.3
2004-09-27,12.9,8.2,16.4,5009,0.7,1.08,2.7
2004-09-28,13.1,8.9,14.7,6284,3.0,1.11,2.4
2004-09-29,13.3,9.5,15.8,4944,7.2,1.16,2.8
2004-09-30,11.6,8.0,15.5,8760,0.0,1.06,1.5
2004-10-01,11.0,6.7,16.5,8382,0.0,0.99,1.6
2004-10-02,12.5,8.3,16.0,8270,0.0,1.08,2.0
2004-10-03,11.7,7.0,18.4,11680,0.0,1.01,1.9
2004-10-04,13.5,6.5,19.4,9833,0.0,1.0,2.4
2004-10-05,16.9,9.8,23.8,10714,0.0,1.27,2.3
2004-10-06,13.9,9.1,16.1,5078,1.7,1.13,2.4
2004-10-07,11.4,5.9,17.6,10766,0.0,0.94,2.4
2004-10-08,8.8,4.3,13.7,5650,0.0,0.83,1.6
2004-10-09,8.4,0.8,13.8,8790,0.0,0.67,1.7
2004-10-10,6.0,-0.9,12.1,7950,0.0,0.6,2.4
2004-10-11,6.0,1.0,11.2,10835,0.0,0.67,3.2
2004-10-12,5.6,0.2,10.6,11314,0.0,0.63,3.4
2004-10-13,7.1,2.6,12.5,10699,0.0,0.74,2.6
2004-10-14,7.2,2.6,12.0,10705,0.0,0.74,2.6
2004-10-15,7.8,4.6,9.5,3693,3.5,0.82,2.4
2004-10-16,8.0,5.8,9.5,3626,3.5,0.89,2.0
2004-10-17,8.3,6.0,11.0,4003,0.1,0.91,3.0
2004-10-18,9.3,8.3,9.7,3495,3.2,1.06,3.8
2004-10-19,8.5,1.4,13.1,6166,0.0,0.69,1.7
2004-10-20,7.6,0.9,11.9,6497,0.0,0.66,2.7
2004-10-21,11.3,3.9,19.5,7310,0.4,0.86,3.3
2004-10-22,9.8,3.5,15.8,9422,0.8,0.81,2.8
2004-10-23,12.2,6.3,14.8,3318,0.0,0.95,3.3
2004-10-24,16.1,12.5,19.2,4815,2.8,1.41,2.7
2004-10-25,13.6,8.0,18.4,7011,0.4,1.08,3.1
2004-10-26,10.3,7.0,13.3,4193,0.0,0.97,1.7
2004-10-27,9.2,6.5,12.9,3468,0.0,0.95,1.8
2004-10-28,8.5,6.9,9.0,2890,0.2,0.95,2.1
2004-10-29,10.1,8.4,10.7,2834,4.4,1.06,1.6
2004-10-30,11.1,10.3,11.3,2780,1.9,1.21,1.4
2004-10-31,10.2,3.6,11.7,2789,0.2,0.78,1.7
2004-11-01,7.1,2.8,10.6,2674,0.0,0.74,2.0
2004-11-02,7.6,3.5,10.9,3774,0.0,0.77,2.4
2004-11-03,8.6,7.3,9.7,2573,0.0,0.98,1.7
2004-11-04,11.3,9.8,13.7,2760,0.0,1.17,1.6
2004-11-05,8.4,5.6,11.3,4225,2.8,0.89,3.1
2004-11-06,6.6,3.5,9.3,4099,1.0,0.76,2.9
2004-11-07,5.7,4.0,8.1,2894,1.3,0.79,2.0
2004-11-08,2.3,0.5,3.7,2337,0.0,0.61,1.4
2004-11-09,4.1,0.5,6.7,2293,3.8,0.62,2.4
2004-11-10,3.8,-0.2,6.9,2415,0.0,0.59,2.2
2004-11-11,2.3,-0.9,4.7,2209,0.0,0.56,1.3
2004-11-12,3.2,0.6,6.1,2275,2.9,0.62,2.7
2004-11-13,3.6,-1.0,6.7,5299,0.0,0.56,3.1
2004-11-14,-0.4,-3.0,3.0,2977,0.0,0.48,2.0
2004-11-15,4.3,0.3,6.4,2053,0.4,0.61,2.6
2004-11-16,5.7,1.6,8.4,4566,5.8,0.67,2.6
2004-11-17,7.6,5.4,11.0,1981,12.5,0.87,4.1
2004-11-18,7.1,2.8,11.4,2146,4.0,0.74,5.2
2004-11-19,0.8,-2.3,2.7,5018,0.2,0.5,3.9
2004-11-20,1.0,-2.0,2.3,2077,2.6,0.51,3.9
2004-11-21,-0.5,-3.0,2.7,4117,2.3,0.47,2.6
2004-11-22,4.5,0.5,9.4,1822,6.5,0.63,4.5
2004-11-23,4.2,1.3,8.4,3115,1.7,0.66,4.1
2004-11-24,-0.1,-2.9,3.2,5363,0.0,0.48,1.5
2004-11-25,0.2,-2.3,4.8,2711,0.0,0.51,1.8
2004-11-26,-0.5,-4.0,1.6,3546,0.3,0.44,2.5
2004-11-27,4.5,1.9,7.1,1690,0.8,0.68,2.6
2004-11-28,4.9,2.3,5.9,1667,2.7,0.69,1.6
2004-11-29,4.5,1.7,5.9,1734,0.0,0.67,1.2
2004-11-30,2.6,1.4,3.4,1624,0.0,0.65,2.1
2004-12-01,3.1,2.3,4.4,1604,0.0,0.69,1.7
2004-12-02,3.6,2.6,4.4,1715,0.0,0.71,1.7
2004-12-03,3.4,2.3,4.4,1567,0.0,0.69,1.7
2004-12-04,3.7,3.1,4.8,1550,0.0,0.73,2.2
2004-12-05,3.7,0.7,7.4,1535,0.0,0.63,2.5
2004-12-06,6.8,6.1,7.9,1520,0.0,0.9,2.4
2004-12-07,6.8,3.3,7.5,1507,0.0,0.75,2.1
2004-12-08,5.4,4.6,6.6,1494,0.0,0.82,1.9
2004-12-09,3.5,2.2,4.9,1483,0.0,0.69,1.9
2004-12-10,0.3,-3.2,3.0,3793,0.0,0.47,1.5
2004-12-11,-1.1,-5.6,1.6,1463,0.1,0.4,1.4
2004-12-12,2.8,1.4,4.3,1455,0.0,0.65,1.2
2004-12-13,2.2,0.7,2.9,1448,0.0,0.62,1.4
2004-12-14,-1.3,-2.4,0.9,1442,0.0,0.49,1.9
2004-12-15,-0.1,-3.3,3.2,4291,0.3,0.47,2.4
2004-12-16,2.6,1.3,5.0,3183,1.1,0.65,2.9
2004-12-17,3.6,1.5,5.9,1430,1.9,0.66,3.8
2004-12-18,2.3,0.6,4.2,2078,0.2,0.61,4.2
2004-12-19,-0.5,-5.4,2.4,1589,1.0,0.4,2.5
2004-12-20,-0.6,-4.2,3.0,3376,0.0,0.44,2.4
2004-12-21,-2.6,-5.5,0.8,3175,0.0,0.39,1.6
2004-12-22,-3.3,-6.6,1.6,1431,1.9,0.37,3.8
2004-12-23,4.6,1.4,8.0,1434,5.6,0.66,4.9
2004-12-24,6.4,2.5,8.7,2050,3.8,0.71,5.0
2004-12-25,4.2,-1.1,7.8,2221,0.3,0.56,3.3
2004-12-26,0.2,-2.8,2.7,1450,0.9,0.48,1.8
2004-12-27,2.1,-0.4,3.5,1457,0.0,0.57,2.3
2004-12-28,0.2,-1.2,1.8,2003,1.0,0.54,2.9
2004-12-29,0.9,-0.3,2.9,1476,1.2,0.57,2.3
2004-12-30,2.7,0.7,5.5,1486,0.3,0.63,3.1
2004-12-31,6.2,5.1,8.0,1498,3.8,0.85,2.8
2005-01-01,4.3,2.7,8.0,1582,1.4,0.73,2.7
2005-01-02,4.2,0.5,6.9,2228,4.8,0.62,5.4
2005-01-03,3.8,0.9,6.5,1906,3.9,0.63,5.0
2005-01-04,7.3,6.3,8.4,1539,0.5,0.92,5.2
2005-01-05,5.4,3.2,7.1,2157,0.4,0.75,3.5
2005-01-06,5.1,2.7,7.6,2352,0.0,0.72,4.1
2005-01-07,9.0,3.9,11.3,1590,0.0,0.79,5.0
2005-01-08,8.8,5.8,11.3,3150,0.8,0.89,5.8
2005-01-09,6.2,3.4,8.1,2517,0.0,0.75,4.3
2005-01-10,9.0,4.9,13.5,3531,0.1,0.86,3.9
2005-01-11,7.7,4.6,9.4,1674,0.2,0.82,3.1
2005-01-12,6.8,4.1,9.0,1697,0.2,0.8,3.5
2005-01-13,3.4,1.9,5.2,2596,1.7,0.67,3.8
2005-01-14,3.5,1.7,5.2,1794,0.0,0.67,2.5
2005-01-15,2.0,-1.3,3.8,1774,0.0,0.54,1.5
2005-01-16,-0.4,-2.7,2.8,5360,0.0,0.49,2.0
2005-01-17,0.5,-2.9,3.8,1831,0.7,0.49,2.9
2005-01-18,3.4,0.8,5.3,1862,3.5,0.63,3.6
2005-01-19,1.9,0.0,4.0,1942,4.0,0.59,3.7
2005-01-20,3.5,0.6,5.9,2024,15.3,0.62,6.3
2005-01-21,3.4,1.1,5.6,3062,1.4,0.64,5.8
2005-01-22,1.1,-1.7,3.7,3363,0.0,0.53,3.6
2005-01-23,-0.5,-3.1,2.3,3517,2.3,0.47,3.0
2005-01-24,-0.9,-1.8,0.1,3053,3.4,0.51,3.5
2005-01-25,-1.6,-4.8,0.2,2262,0.0,0.41,3.0
2005-01-26,-3.2,-6.0,-1.0,6133,0.1,0.38,2.9
2005-01-27,-2.8,-4.5,-1.2,2183,1.7,0.42,1.6
2005-01-28,-5.4,-11.3,-1.8,2824,0.0,0.26,1.1
2005-01-29,-4.5,-8.4,-2.3,2267,0.8,0.31,1.4
2005-01-30,-1.1,-7.0,3.1,2311,1.7,0.37,2.5
2005-01-31,3.0,-1.4,5.9,2355,1.5,0.54,4.1
2005-02-01,1.8,-0.3,5.8,6184,0.0,0.59,3.4
2005-02-02,0.8,-2.5,3.8,2448,0.1,0.5,3.2
2005-02-03,1.9,-1.5,5.5,4789,0.0,0.54,2.0
2005-02-04,1.3,-0.5,2.6,2545,0.0,0.57,1.6
2005-02-05,0.0,-5.1,2.9,7601,0.0,0.42,2.6
2005-02-06,-3.0,-5.7,1.1,7716,0.0,0.39,2.3
2005-02-07,-4.1,-8.0,0.7,7833,0.0,0.33,2.2
2005-02-08,-3.7,-7.9,1.0,8077,0.0,0.34,1.8
2005-02-09,-2.2,-8.0,2.8,6613,1.1,0.34,2.0
2005-02-10,3.3,1.3,5.2,2860,3.2,0.65,4.0
2005-02-11,1.5,-2.3,6.0,5650,0.2,0.52,2.7
2005-02-12,2.9,-1.8,9.4,2974,14.7,0.55,5.3
2005-02-13,1.5,-0.1,2.9,3032,4.2,0.58,5.5
2005-02-14,-0.4,-1.0,0.7,3091,0.8,0.54,4.0
2005-02-15,-0.1,-1.5,1.5,3151,0.2,0.53,3.5
2005-02-16,0.1,-0.5,1.3,3420,0.0,0.57,3.3
2005-02-17,-1.7,-3.6,-0.1,3625,0.1,0.45,1.8
2005-02-18,-2.4,-5.9,0.3,4970,1.7,0.39,2.6
2005-02-19,-0.5,-2.1,1.0,3401,1.0,0.5,2.3
2005-02-20,0.5,-0.2,1.9,3466,1.7,0.58,1.6
2005-02-21,-0.6,-3.4,1.3,4341,0.0,0.46,2.5
2005-02-22,-2.6,-5.4,-0.2,5460,0.8,0.4,3.4
2005-02-23,-0.2,-1.5,0.8,3665,9.4,0.53,2.5
2005-02-24,-0.3,-1.5,0.4,3733,0.9,0.52,1.7
2005-02-25,0.2,0.1,1.6,3802,2.2,0.59,1.5
2005-02-26,-1.3,-5.2,0.3,3871,1.9,0.41,2.0
2005-02-27,-5.6,-9.1,-3.1,8755,0.6,0.3,3.6
2005-02-28,-6.8,-16.2,-2.2,8003,0.7,0.19,2.6
2005-03-01,-4.0,-7.7,-2.4,6586,1.5,0.33,3.2
2005-03-02,-3.0,-3.8,-1.7,4157,1.1,0.44,2.2
2005-03-03,-2.6,-4.8,0.3,4230,0.3,0.42,2.1
2005-03-04,-3.6,-10.4,0.4,7804,0.3,0.29,1.5
2005-03-05,-4.0,-9.1,-0.1,11707,0.3,0.31,2.2
2005-03-06,-3.8,-9.9,-0.4,6581,0.0,0.29,2.6
2005-03-07,-2.3,-10.1,3.3,4872,0.0,0.3,2.6
2005-03-08,0.6,-3.2,4.9,9557,0.0,0.48,3.0
2005-03-09,-1.0,-4.8,2.4,5558,0.0,0.42,2.5
2005-03-10,-1.9,-9.6,2.8,13444,0.0,0.31,2.0
2005-03-11,1.2,0.0,2.9,4834,6.8,0.59,5.0
2005-03-12,1.3,-0.6,3.0,5183,5.0,0.56,4.9
2005-03-13,0.3,-2.7,3.8,10100,0.5,0.49,3.0
2005-03-14,1.8,-2.5,6.6,10318,0.0,0.51,2.4
2005-03-15,2.7,-3.6,6.4,5705,0.1,0.47,2.6
2005-03-16,10.7,5.3,15.8,5414,1.2,0.9,3.5
2005-03-17,12.0,10.6,14.9,5968,4.1,1.23,4.7
2005-03-18,9.6,2.6,11.9,5385,1.9,0.73,3.9
2005-03-19,0.7,-3.8,3.8,10473,0.0,0.45,2.5
2005-03-20,-0.8,-5.4,5.0,16133,0.0,0.42,2.0
2005-03-21,0.7,-4.0,6.9,16498,0.0,0.46,2.3
2005-03-22,4.0,-2.4,10.8,15779,0.0,0.53,2.7
2005-03-23,6.9,1.0,13.0,5886,0.2,0.68,1.7
2005-03-24,10.2,7.1,15.0,9379,0.0,0.99,1.7
2005-03-25,11.1,5.5,18.3,14645,0.0,0.93,1.6
2005-03-26,8.3,7.3,9.6,6028,0.0,0.99,1.5
2005-03-27,9.0,8.0,11.1,6827,0.0,1.03,2.3
2005-03-28,6.6,2.5,11.5,18084,0.0,0.73,2.2
2005-03-29,6.0,0.5,12.1,16792,0.0,0.64,2.4
2005-03-30,5.9,1.0,11.6,18520,0.0,0.67,3.0
2005-03-31,4.6,-1.1,11.1,19002,0.0,0.58,2.5
2005-04-01,5.4,-2.3,13.5,19274,0.0,0.56,2.4
2005-04-02,7.6,-2.1,16.1,19546,0.0,0.59,2.3
2005-04-03,9.8,0.5,20.0,19064,0.0,0.71,1.9
2005-04-04,11.3,2.5,20.6,19114,0.0,0.81,1.9
2005-04-05,7.4,2.0,12.6,9666,0.8,0.71,2.5
2005-04-06,8.8,-1.2,15.5,17229,0.1,0.61,2.8
2005-04-07,11.1,3.1,16.1,10079,2.1,0.79,3.9
2005-04-08,5.9,0.7,12.9,12952,1.3,0.66,2.5
2005-04-09,5.2,0.3,10.2,12170,0.4,0.63,2.7
2005-04-10,5.3,-0.8,9.6,12051,2.1,0.58,2.2
2005-04-11,8.5,3.8,14.7,13509,0.0,0.82,2.4
2005-04-12,10.7,1.8,16.8,15890,0.0,0.74,1.7
2005-04-13,11.8,6.6,16.7,10988,0.0,0.98,1.3
2005-04-14,12.4,6.1,19.6,13146,0.0,0.98,1.6
2005-04-15,15.1,9.6,21.3,15900,0.0,1.21,2.1
2005-04-16,13.7,7.4,20.8,19605,0.0,1.06,3.1
2005-04-17,10.9,6.3,18.4,21248,0.0,0.98,3.1
2005-04-18,10.3,6.0,16.6,14251,0.0,0.95,2.4
2005-04-19,7.7,3.0,13.8,21397,0.0,0.77,3.0
2005-04-20,4.4,-1.2,10.3,23649,0.0,0.57,3.1
2005-04-21,3.4,-3.0,10.5,23904,0.0,0.51,1.7
2005-04-22,6.2,-2.5,12.5,16906,0.0,0.54,1.4
2005-04-23,7.3,2.6,12.8,20949,0.0,0.74,2.0
2005-04-24,7.7,1.2,13.8,24422,0.0,0.68,2.5
2005-04-25,9.0,3.0,13.9,13607,2.0,0.76,3.0
2005-04-26,10.5,3.9,17.3,24313,0.0,0.83,2.3
2005-04-27,8.9,5.6,14.4,9178,3.1,0.91,2.6
2005-04-28,9.4,2.9,15.3,18723,0.0,0.77,1.9
2005-04-29,10.4,2.3,16.2,14799,0.0,0.76,1.6
2005-04-30,15.4,8.1,21.1,18551,0.0,1.11,1.2
2005-05-01,17.8,11.4,24.1,21343,0.0,1.39,1.5
2005-05-02,21.2,12.8,29.9,20336,0.1,1.6,2.2
2005-05-03,15.4,10.7,21.0,11425,8.1,1.28,1.8
2005-05-04,13.5,8.8,16.8,10380,0.0,1.11,2.6
2005-05-05,10.8,6.5,14.6,17885,0.8,0.96,3.1
2005-05-06,8.8,3.9,15.4,11998,5.0,0.82,3.4
2005-05-07,7.9,3.8,13.2,16675,0.8,0.8,3.0
2005-05-08,7.8,3.4,12.3,17624,0.5,0.77,3.2
2005-05-09,6.4,2.6,11.5,16196,4.2,0.73,2.6
2005-05-10,6.4,1.8,11.2,13255,2.2,0.7,2.4
2005-05-11,7.2,2.7,12.4,14826,9.6,0.74,2.4
2005-05-12,8.1,2.2,14.1,13755,0.0,0.73,2.2
2005-05-13,11.0,0.4,17.9,26691,0.0,0.7,2.0
2005-05-14,12.5,7.5,18.2,11218,9.6,1.05,2.3
2005-05-15,9.2,7.6,10.2,9497,8.9,1.01,2.7
2005-05-16,11.2,7.0,16.5,21600,0.7,1.01,2.2
2005-05-17,8.5,6.3,11.6,11498,0.3,0.93,1.9
2005-05-18,8.6,1.6,13.5,17784,0.0,0.7,2.1
2005-05-19,9.8,0.2,15.8,26892,0.0,0.66,1.9
2005-05-20,14.0,5.9,19.9,22619,0.0,0.98,2.3
2005-05-21,16.1,10.2,23.5,17437,2.6,1.28,2.0
2005-05-22,16.3,11.6,20.7,14544,2.3,1.35,1.8
2005-05-23,15.7,11.5,20.4,11898,12.0,1.35,2.0
2005-05-24,14.8,8.8,20.7,18224,0.0,1.16,1.9
2005-05-25,17.4,11.0,23.3,22251,0.0,1.34,1.9
2005-05-26,19.8,10.6,26.7,27055,0.0,1.36,2.0
2005-05-27,23.0,14.1,30.0,28392,0.0,1.7,1.4
2005-05-28,24.6,16.1,31.2,29601,0.0,1.91,2.1
2005-05-29,20.3,14.7,25.2,25654,8.4,1.68,1.9
2005-05-30,12.4,10.3,15.0,11250,6.7,1.21,2.5
2005-05-31,11.0,7.5,15.2,14378,2.0,1.02,3.1
2005-06-01,9.8,4.6,12.1,10276,0.0,0.84,2.2
2005-06-02,11.4,3.1,16.5,17411,0.9,0.79,1.9
2005-06-03,19.2,13.4,24.7,21578,0.2,1.56,2.1
2005-06-04,16.7,11.4,20.3,18244,0.0,1.34,3.8
2005-06-05,13.5,11.0,17.9,15811,2.6,1.3,3.2
2005-06-06,10.8,6.9,13.3,10784,0.8,0.97,3.0
2005-06-07,10.4,6.9,14.5,10804,0.3,0.98,3.3
2005-06-08,12.1,5.9,16.6,23264,0.0,0.94,2.1
2005-06-09,13.5,4.0,20.0,19396,0.0,0.87,1.8
2005-06-10,12.1,8.0,17.1,10725,10.4,1.07,2.3
2005-06-11,9.2,5.1,14.2,15279,3.6,0.87,2.6
2005-06-12,10.4,5.0,15.5,15423,0.0,0.88,2.0
2005-06-13,12.2,7.0,18.7,23220,2.8,1.03,2.5
2005-06-14,17.0,5.7,25.5,23881,2.4,1.02,1.7
2005-06-15,19.3,11.9,25.4,20905,0.0,1.44,1.4
2005-06-16,19.1,10.0,26.1,26754,0.0,1.31,1.8
2005-06-17,18.7,15.2,22.7,11962,0.0,1.7,2.6
2005-06-18,16.0,9.3,21.5,27543,0.0,1.2,2.5
2005-06-19,17.0,8.1,23.7,23521,0.0,1.14,1.5
2005-06-20,19.4,9.7,27.1,30401,0.0,1.29,1.6
2005-06-21,21.1,12.5,29.7,25077,0.9,1.55,1.8
2005-06-22,17.6,11.0,22.7,22738,0.0,1.34,2.1
2005-06-23,19.9,9.4,27.4,28442,0.0,1.28,1.4
2005-06-24,23.7,13.6,31.3,23245,0.0,1.69,1.5
2005-06-25,21.8,12.5,32.3,23106,2.1,1.6,2.3
2005-06-26,17.9,10.3,24.6,28801,0.0,1.3,1.7
2005-06-27,17.6,10.0,23.6,30342,0.0,1.26,1.7
2005-06-28,16.8,9.4,23.3,27604,0.0,1.23,2.0
2005-06-29,18.1,8.1,25.0,29270,0.0,1.17,1.7
2005-06-30,18.5,11.5,24.1,26012,0.4,1.39,2.1
2005-07-01,15.6,14.0,17.4,10328,12.2,1.54,2.1
2005-07-02,18.4,14.0,24.0,14064,0.0,1.6,1.5
2005-07-03,20.7,11.7,27.8,23873,0.0,1.46,1.3
2005-07-04,23.1,15.3,29.4,27337,0.0,1.81,2.8
2005-07-05,14.2,11.4,21.2,10385,26.7,1.35,2.2
2005-07-06,12.6,9.8,14.6,12428,8.9,1.18,2.0
2005-07-07,15.3,11.0,20.6,14984,2.5,1.31,1.9
2005-07-08,16.4,12.6,20.7,11347,8.0,1.44,1.3
2005-07-09,17.4,15.0,23.9,15700,3.6,1.68,1.5
2005-07-10,20.8,15.6,26.7,29701,0.0,1.79,2.3
2005-07-11,21.7,14.9,27.8,27855,0.0,1.74,2.3
2005-07-12,23.3,17.0,29.4,29995,0.0,1.96,1.9
2005-07-13,22.9,14.1,29.2,28918,0.0,1.7,1.7
2005-07-14,21.1,12.2,27.6,27585,0.0,1.51,1.2
2005-07-15,21.1,14.8,30.9,22920,3.9,1.78,2.3
2005-07-16,17.4,11.2,23.1,18903,0.0,1.35,2.4
2005-07-17,16.3,10.7,22.0,15788,0.0,1.3,2.2
2005-07-18,19.4,15.9,24.5,13317,0.3,1.78,1.6
2005-07-19,18.2,13.7,23.3,18631,0.8,1.57,3.3
2005-07-20,14.9,11.3,20.8,12338,3.4,1.33,3.9
2005-07-21,13.8,12.0,15.4,9749,24.4,1.36,4.4
2005-07-22,17.2,13.9,22.2,17710,0.0,1.58,3.0
2005-07-23,15.0,13.9,16.6,9790,0.0,1.53,2.5
2005-07-24,16.6,13.2,21.7,14431,0.1,1.5,2.0
2005-07-25,19.0,14.4,25.6,15515,1.6,1.65,2.2
2005-07-26,17.5,15.0,20.9,11671,2.8,1.67,2.1
2005-07-27,17.2,12.3,20.6,17037,0.6,1.41,1.4
2005-07-28,22.9,16.5,29.7,21376,2.5,1.94,1.6
2005-07-29,23.9,19.5,29.3,18164,10.9,2.25,1.7
2005-07-30,21.6,14.4,27.2,21227,0.1,1.68,2.6
2005-07-31,18.9,12.4,25.5,17650,0.2,1.48,2.9
2005-08-01,16.1,10.4,21.2,14459,0.0,1.27,2.5
2005-08-02,16.7,9.1,21.8,21612,0.0,1.19,1.8
2005-08-03,16.0,13.4,19.9,9109,6.6,1.51,1.8
2005-08-04,15.9,9.4,21.7,17105,0.2,1.21,2.6
2005-08-05,15.3,8.0,22.4,16410,9.8,1.12,2.2
2005-08-06,13.9,10.4,19.1,14976,9.4,1.25,2.8
2005-08-07,12.3,8.4,17.7,15761,1.8,1.09,2.3
2005-08-08,13.4,6.2,19.6,24017,0.0,0.98,2.1
2005-08-09,12.9,9.4,14.6,8755,0.2,1.15,2.7
2005-08-10,13.7,12.2,17.1,8814,10.0,1.38,3.2
2005-08-11,14.3,12.8,16.5,8629,0.0,1.43,3.0
2005-08-12,15.8,12.9,19.7,10140,1.5,1.46,2.2
2005-08-13,14.1,11.6,17.4,11277,0.5,1.32,2.2
2005-08-14,14.8,10.2,18.0,9758,0.7,1.22,2.1
2005-08-15,17.7,12.0,23.8,17002,0.0,1.44,2.0
2005-08-16,14.8,10.0,20.2,21922,0.0,1.24,1.8
2005-08-17,15.6,8.4,22.3,15733,0.0,1.14,1.6
2005-08-18,18.3,9.9,25.2,24174,0.0,1.28,2.1
2005-08-19,20.6,13.9,27.0,22861,0.0,1.62,2.0
2005-08-20,21.9,16.0,28.1,19084,23.5,1.85,1.5
2005-08-21,22.4,16.9,28.7,22483,0.0,1.96,2.0
2005-08-22,20.5,13.2,26.3,21883,0.0,1.56,2.2
2005-08-23,17.3,14.0,19.8,7810,0.6,1.56,2.0
2005-08-24,17.1,12.2,22.3,13404,0.0,1.42,1.8
2005-08-25,16.2,12.5,20.5,7779,5.8,1.43,2.8
2005-08-26,13.5,8.8,19.0,14351,0.2,1.13,2.9
2005-08-27,14.3,7.9,20.5,16866,0.0,1.1,1.7
2005-08-28,15.8,8.7,22.3,17539,0.0,1.16,1.5
2005-08-29,18.5,9.9,26.7,21363,0.0,1.3,1.8
2005-08-30,16.5,10.3,22.3,19980,0.0,1.28,1.4
2005-08-31,17.7,10.6,24.0,20953,0.0,1.32,2.1
2005-09-01,20.1,12.5,27.8,21245,0.0,1.53,2.2
2005-09-02,18.9,13.1,25.3,16340,0.0,1.54,1.6
2005-09-03,17.4,9.1,22.5,13463,0.0,1.2,1.9
2005-09-04,15.6,6.0,25.1,19572,0.0,1.03,1.7
2005-09-05,18.0,10.7,26.6,20503,0.0,1.36,1.9
2005-09-06,18.2,10.6,26.7,20341,0.0,1.36,1.6
2005-09-07,19.1,10.1,28.5,19320,0.0,1.36,1.5
2005-09-08,20.2,11.7,28.8,19054,0.0,1.47,1.6
2005-09-09,21.7,13.6,29.8,18894,0.0,1.64,1.7
2005-09-10,19.8,16.5,25.6,14107,0.0,1.86,1.9
2005-09-11,17.4,16.2,18.6,6354,6.5,1.77,1.9
2005-09-12,16.2,9.1,19.5,7312,0.0,1.16,2.2
2005-09-13,13.4,8.1,19.7,14946,0.0,1.1,1.4
2005-09-14,14.3,6.5,20.1,12657,0.0,1.01,2.8
2005-09-15,15.0,11.4,20.4,8978,13.7,1.35,2.8
2005-09-16,10.8,8.0,12.7,5956,6.5,1.04,2.8
2005-09-17,9.7,3.4,16.3,16470,0.0,0.8,1.8
2005-09-18,9.4,1.2,16.9,16209,0.0,0.71,2.0
2005-09-19,12.8,7.6,17.4,5717,0.0,1.05,1.7
2005-09-20,13.4,9.9,17.3,6907,0.0,1.2,1.1
2005-09-21,14.1,11.8,17.4,5849,0.0,1.35,1.4
2005-09-22,14.3,9.2,21.5,15846,0.0,1.19,1.5
2005-09-23,14.5,8.9,21.9,15965,0.0,1.17,1.6
2005-09-24,14.9,8.5,23.2,15135,0.0,1.17,1.2
2005-09-25,15.6,9.4,23.0,15251,0.0,1.22,1.4
2005-09-26,13.8,9.5,18.5,9058,0.8,1.18,1.6
2005-09-27,13.7,7.9,20.0,11977,1.4,1.09,2.1
2005-09-28,13.0,6.4,17.2,6010,0.1,0.96,2.3
2005-09-29,9.8,6.4,14.0,5202,5.1,0.95,2.8
2005-09-30,10.0,4.4,15.1,6373,0.0,0.84,2.3
2005-10-01,9.9,4.7,15.6,6636,8.6,0.87,2.4
2005-10-02,11.4,9.2,13.6,4702,0.0,1.13,1.5
2005-10-03,11.4,8.1,14.8,4713,0.0,1.06,1.7
2005-10-04,12.7,10.3,16.3,6527,0.0,1.23,2.6
2005-10-05,13.9,9.7,19.3,12979,0.0,1.2,2.3
2005-10-06,14.5,9.4,20.4,12734,0.0,1.2,1.9
2005-10-07,14.5,9.8,20.2,12491,0.0,1.22,2.1
2005-10-08,14.3,9.7,19.7,12167,0.0,1.21,1.7
2005-10-09,12.7,7.8,19.6,11277,0.0,1.09,1.5
2005-10-10,12.3,8.0,19.0,10403,0.0,1.08,1.7
2005-10-11,12.8,7.4,19.1,11700,0.0,1.05,2.2
2005-10-12,12.2,8.3,18.7,11546,0.0,1.11,2.1
2005-10-13,10.2,4.4,17.9,10768,0.0,0.87,1.4
2005-10-14,8.9,2.2,17.9,11085,0.0,0.76,1.0
2005-10-15,8.8,1.6,15.5,9332,0.0,0.72,1.6
2005-10-16,6.6,-0.6,13.2,6711,0.0,0.61,2.0
2005-10-17,9.4,6.6,12.7,4745,0.0,0.95,2.5
2005-10-18,7.7,0.9,12.9,6509,0.0,0.67,2.5
2005-10-19,6.4,0.1,13.8,9906,0.0,0.65,2.4
2005-10-20,8.4,2.3,14.4,7174,0.0,0.74,2.2
2005-10-21,10.4,4.2,14.8,3722,0.7,0.83,2.3
2005-10-22,13.3,9.4,16.8,5272,7.3,1.16,3.3
2005-10-23,10.2,5.3,13.4,3936,4.8,0.89,2.5
2005-10-24,7.6,3.1,11.2,3181,8.7,0.75,2.2
2005-10-25,13.0,11.2,14.7,3121,9.8,1.29,4.1
2005-10-26,12.7,6.9,15.4,5605,0.0,0.99,3.4
2005-10-27,12.0,7.6,17.9,8292,0.0,1.05,1.7
2005-10-28,11.9,8.0,17.0,8692,0.0,1.07,2.3
2005-10-29,9.0,5.0,14.6,8436,0.0,0.87,2.1
2005-10-30,9.4,4.7,15.6,8057,0.0,0.87,2.0
2005-10-31,8.0,4.9,13.1,8126,0.0,0.85,2.4
2005-11-01,7.7,3.8,10.2,4093,0.6,0.79,2.1
2005-11-02,8.6,5.8,10.7,3410,0.2,0.89,2.2
2005-11-03,11.9,8.1,15.0,3289,0.7,1.06,2.7
2005-11-04,11.9,10.0,14.1,2991,5.5,1.19,2.1
2005-11-05,8.6,4.1,11.2,2996,1.9,0.81,2.6
2005-11-06,5.8,0.9,11.3,7549,0.0,0.66,2.3
2005-11-07,6.5,2.0,10.1,6172,0.2,0.7,2.2
2005-11-08,9.3,5.7,13.1,6478,0.0,0.9,2.2
2005-11-09,6.8,2.5,12.8,5820,0.0,0.74,1.9
2005-11-10,6.9,1.1,11.1,3236,0.3,0.66,2.2
2005-11-11,9.9,8.6,11.4,2250,2.5,1.07,2.8
2005-11-12,7.7,1.8,11.1,6539,0.0,0.7,2.4
2005-11-13,5.0,0.3,8.6,4093,0.0,0.62,1.5
2005-11-14,4.1,1.6,5.4,2128,0.0,0.66,2.2
2005-11-15,5.3,1.8,6.8,2090,14.0,0.67,3.3
2005-11-16,2.8,0.3,4.5,2259,0.2,0.6,2.6
2005-11-17,0.8,-1.3,2.1,2373,0.0,0.54,2.4
2005-11-18,1.1,0.0,3.5,2788,0.5,0.59,1.7
2005-11-19,0.3,-2.0,2.7,2395,0.7,0.51,1.7
2005-11-20,2.6,0.0,5.9,1963,0.2,0.59,2.4
2005-11-21,2.2,0.3,5.0,4416,0.0,0.61,2.0
2005-11-22,2.2,0.2,4.2,2189,0.0,0.6,1.8
2005-11-23,3.9,2.5,5.4,1822,0.8,0.71,1.9
2005-11-24,2.5,-0.3,4.1,1793,0.2,0.58,2.7
2005-11-25,-1.0,-3.0,0.4,1766,2.9,0.47,4.2
2005-11-26,-2.3,-6.2,1.5,5255,0.0,0.38,3.1
2005-11-27,-2.6,-6.5,2.0,2813,0.0,0.37,1.9
2005-11-28,-3.4,-7.7,-0.3,1962,1.2,0.34,2.1
2005-11-29,-0.3,-2.1,1.2,1667,0.0,0.51,1.8
2005-11-30,1.8,-0.1,3.4,1644,0.1,0.58,2.2
2005-12-01,-0.2,-3.0,3.0,4850,0.0,0.48,2.2
2005-12-02,-1.1,-2.2,0.5,3576,0.0,0.5,3.0
2005-12-03,-0.4,-2.1,0.7,1585,0.2,0.5,2.8
2005-12-04,2.0,-0.3,4.0,1610,2.0,0.58,2.8
2005-12-05,4.6,2.7,6.3,1593,0.4,0.71,2.4
2005-12-06,1.2,-1.1,3.9,3536,0.1,0.55,1.5
2005-12-07,1.4,-0.2,3.8,1520,0.2,0.58,2.0
2005-12-08,1.7,-0.6,3.7,1507,0.5,0.57,1.8
2005-12-09,1.2,-2.3,3.4,1494,0.0,0.51,1.6
2005-12-10,-0.3,-4.0,1.2,2316,0.0,0.44,1.8
2005-12-11,2.1,-0.1,4.4,1473,0.3,0.58,2.5
2005-12-12,3.7,-3.3,7.9,1835,0.0,0.49,2.2
2005-12-13,3.1,-2.6,5.5,1455,0.0,0.5,2.2
2005-12-14,5.2,4.0,6.2,1448,0.7,0.78,2.2
2005-12-15,6.0,4.7,7.6,1810,14.1,0.83,4.7
2005-12-16,2.4,-0.6,6.5,1437,8.4,0.57,5.7
2005-12-17,-1.5,-5.3,0.6,1636,0.2,0.4,3.6
2005-12-18,-1.5,-5.7,1.3,1796,1.6,0.39,3.3
2005-12-19,0.3,-2.1,2.2,1428,3.4,0.51,3.2
2005-12-20,3.4,1.3,6.6,1427,5.5,0.65,3.3
2005-12-21,1.6,0.0,3.9,2077,2.2,0.59,2.1
2005-12-22,5.0,3.4,6.4,1510,1.2,0.75,2.9
2005-12-23,5.1,2.4,7.1,1797,4.8,0.7,2.5
2005-12-24,6.7,3.8,8.1,1597,1.1,0.77,3.2
2005-12-25,0.8,-3.0,4.2,4009,0.3,0.48,1.9
2005-12-26,-0.6,-1.9,0.4,1444,1.6,0.51,2.1
2005-12-27,-1.5,-3.2,-0.3,2271,0.0,0.46,2.9
2005-12-28,-3.6,-4.5,-2.4,1457,2.2,0.42,2.8
2005-12-29,-2.9,-5.0,-0.8,1466,10.6,0.41,3.1
2005-12-30,-5.1,-12.3,-1.6,2638,0.0,0.24,2.8
2005-12-31,-4.6,-11.0,2.2,1486,2.0,0.28,3.1
2006-01-01,1.6,-0.1,3.4,1708,0.0,0.58,2.0
2006-01-02,1.1,-0.4,2.9,1511,0.0,0.57,1.3
2006-01-03,0.5,-0.7,1.6,1524,0.0,0.56,1.3
2006-01-04,-0.1,-0.8,0.9,1881,0.0,0.55,2.1
2006-01-05,0.1,-1.3,0.9,1555,0.0,0.53,3.4
2006-01-06,-1.6,-2.7,-0.6,1572,0.0,0.48,3.0
2006-01-07,-2.2,-5.1,-1.0,1590,0.0,0.4,2.6
2006-01-08,-5.5,-7.8,-2.3,4294,0.0,0.33,2.4
2006-01-09,-7.0,-9.5,-2.8,4469,0.0,0.29,1.6
2006-01-10,-6.3,-11.2,-2.7,4516,0.0,0.26,2.0
2006-01-11,-1.6,-6.0,2.0,4519,0.7,0.39,2.7
2006-01-12,1.8,0.9,2.7,1697,0.0,0.63,1.6
2006-01-13,0.1,-1.1,1.8,1722,0.0,0.54,2.3
2006-01-14,-1.8,-4.7,0.3,4118,0.0,0.42,1.8
2006-01-15,-5.3,-7.4,-1.8,4826,0.0,0.34,2.0
2006-01-16,-6.3,-9.1,-2.0,4981,0.0,0.3,2.0
2006-01-17,-4.2,-8.6,-0.1,4468,4.1,0.32,3.0
2006-01-18,-2.6,-3.4,-1.9,1862,0.3,0.46,3.0
2006-01-19,-2.9,-3.7,-1.7,1893,3.3,0.45,1.8
2006-01-20,-2.3,-4.4,2.4,1925,7.9,0.43,2.9
2006-01-21,-0.2,-9.8,2.9,1959,0.3,0.3,3.5
2006-01-22,-11.8,-16.8,-7.3,5645,0.0,0.17,2.4
2006-01-23,-15.8,-18.5,-12.6,5570,0.0,0.14,2.5
2006-01-24,-13.3,-17.6,-8.4,5078,0.0,0.16,2.1
2006-01-25,-6.6,-9.2,-2.8,2682,0.0,0.3,2.3
2006-01-26,-9.1,-14.3,-3.4,5601,0.0,0.21,2.6
2006-01-27,-11.6,-16.1,-4.6,5899,0.0,0.18,1.8
2006-01-28,-11.1,-17.4,-0.8,6423,0.0,0.18,1.7
2006-01-29,-6.4,-13.3,-1.4,2377,0.0,0.23,1.5
2006-01-30,-0.8,-4.3,1.8,2311,0.0,0.43,1.8
2006-01-31,0.2,-3.1,1.7,2355,0.0,0.47,2.0
2006-02-01,-1.2,-1.7,-0.2,2401,0.0,0.52,1.5
2006-02-02,0.1,-0.7,0.8,2448,0.0,0.56,1.5
2006-02-03,0.4,-0.1,1.8,2496,0.1,0.58,1.4
2006-02-04,-2.3,-11.0,0.3,4629,0.6,0.27,1.7
2006-02-05,-7.7,-12.5,-2.1,5067,0.0,0.24,1.1
2006-02-06,-7.1,-13.6,0.7,4173,8.6,0.23,2.0
2006-02-07,3.0,0.5,4.9,2698,7.2,0.61,4.1
2006-02-08,2.7,1.8,4.4,2751,6.7,0.67,4.5
2006-02-09,1.1,0.3,2.5,2932,6.1,0.6,4.9
2006-02-10,0.2,-0.3,0.6,2860,0.4,0.57,3.5
2006-02-11,0.0,-2.1,1.1,3307,0.4,0.5,1.2
2006-02-12,-2.2,-6.4,1.7,3567,0.0,0.37,1.4
2006-02-13,0.1,-2.0,2.2,3032,0.0,0.51,1.5
2006-02-14,-1.3,-6.1,3.1,9241,0.0,0.39,1.8
2006-02-15,0.5,-2.3,3.5,3562,2.5,0.5,3.3
2006-02-16,2.2,1.2,3.4,3212,2.7,0.64,2.4
2006-02-17,2.4,1.2,4.9,3485,7.5,0.64,2.9
2006-02-18,3.9,1.4,8.1,6745,2.3,0.66,2.6
2006-02-19,2.4,-0.5,4.5,3401,0.0,0.57,2.0
2006-02-20,1.5,0.2,2.6,3466,0.0,0.6,2.2
2006-02-21,1.4,0.3,3.5,3531,0.0,0.6,2.8
2006-02-22,0.1,-1.8,1.1,3598,0.0,0.51,2.8
2006-02-23,-1.9,-5.5,2.9,6906,0.0,0.41,1.7
2006-02-24,-0.9,-3.7,3.5,11129,0.0,0.46,3.8
2006-02-25,-1.8,-2.2,-1.1,3802,0.2,0.5,3.3
2006-02-26,-1.6,-8.5,2.8,6680,0.4,0.33,2.2
2006-02-27,-4.5,-10.0,1.7,6782,0.1,0.29,1.6
2006-02-28,-2.3,-8.7,1.7,4093,1.5,0.32,3.0
2006-03-01,0.3,-1.5,1.4,4730,1.2,0.53,3.4
2006-03-02,-0.7,-3.3,2.5,4973,1.2,0.47,3.4
2006-03-03,-1.5,-5.8,2.2,6127,0.0,0.39,2.5
2006-03-04,-2.5,-7.6,3.2,7054,0.0,0.35,2.1
2006-03-05,-0.4,-5.4,4.0,6989,3.4,0.41,2.5
2006-03-06,-4.4,-13.5,0.4,8368,2.6,0.23,2.7
2006-03-07,-1.2,-8.0,0.4,4528,0.1,0.33,2.1
2006-03-08,-2.4,-8.9,1.5,12685,0.0,0.32,2.7
2006-03-09,-1.0,-3.5,0.7,4768,0.0,0.46,3.1
2006-03-10,-0.6,-1.4,0.3,4757,6.4,0.53,3.2
2006-03-11,-2.5,-4.2,-0.4,4834,1.5,0.43,3.4
2006-03-12,-3.2,-9.1,-0.3,6539,0.8,0.31,2.7
2006-03-13,-5.4,-12.9,0.3,10374,0.0,0.24,2.0
2006-03-14,-6.5,-16.0,0.0,7832,0.0,0.2,1.9
2006-03-15,-0.5,-4.9,1.8,5147,0.0,0.41,2.5
2006-03-16,1.2,-0.4,4.5,7572,0.0,0.57,2.8
2006-03-17,0.9,0.1,2.9,5400,0.0,0.59,2.6
2006-03-18,-0.5,-1.4,0.4,5385,0.0,0.53,2.3
2006-03-19,-0.1,-2.5,1.9,5465,0.0,0.49,2.1
2006-03-20,1.6,-3.7,3.2,5545,0.0,0.46,1.9
2006-03-21,-0.7,-5.6,4.5,16400,0.0,0.4,1.6
2006-03-22,-1.3,-6.6,4.5,16273,0.0,0.38,1.9
2006-03-23,-0.6,-7.3,6.0,17634,0.0,0.37,1.9
2006-03-24,2.2,-3.4,7.7,16403,0.8,0.49,2.9
2006-03-25,2.2,0.6,4.1,5947,1.8,0.61,2.9
2006-03-26,5.0,1.7,11.7,6333,7.6,0.69,2.9
2006-03-27,9.4,3.4,16.0,7854,4.2,0.81,3.0
2006-03-28,8.7,1.9,15.0,11361,0.6,0.72,3.4
2006-03-29,6.0,0.8,11.6,8040,1.9,0.65,3.5
2006-03-30,6.9,0.5,10.5,9392,6.4,0.64,3.5
2006-03-31,10.5,7.0,13.3,7909,4.6,0.97,4.5
2006-04-01,9.7,3.8,14.8,10020,3.2,0.81,2.9
2006-04-02,9.3,2.8,14.7,14406,2.8,0.76,3.0
2006-04-03,7.0,2.4,12.4,9795,4.4,0.73,3.5
2006-04-04,3.3,-1.0,9.0,10654,2.2,0.57,2.7
2006-04-05,2.4,-0.2,6.9,12940,0.8,0.59,2.8
2006-04-06,4.5,-0.6,9.0,16021,0.0,0.59,2.4
2006-04-07,7.2,4.2,12.5,11073,0.2,0.82,2.3
2006-04-08,8.4,2.7,15.0,13841,0.1,0.76,3.2
2006-04-09,6.8,1.1,11.0,16751,0.9,0.66,3.2
2006-04-10,4.7,-0.8,9.3,11376,0.0,0.58,2.6
2006-04-11,3.6,-1.7,8.4,7861,0.0,0.54,2.3
2006-04-12,4.8,1.6,6.8,7486,0.7,0.67,2.6
2006-04-13,7.1,4.8,9.4,8362,3.9,0.84,3.7
2006-04-14,7.1,4.1,12.5,11884,0.9,0.82,3.9
2006-04-15,8.5,2.4,13.1,15439,2.4,0.74,2.1
2006-04-16,10.0,6.8,14.3,7906,2.3,0.97,3.3
2006-04-17,9.0,4.8,14.6,16244,2.5,0.86,2.5
2006-04-18,9.3,4.6,14.3,16005,0.6,0.85,2.3
2006-04-19,9.0,1.9,15.2,16818,0.0,0.73,1.7
2006-04-20,10.7,3.7,16.4,15985,0.0,0.83,1.5
2006-04-21,11.4,5.1,18.3,11472,1.5,0.91,1.5
2006-04-22,10.4,7.7,13.0,9179,3.6,1.02,2.0
2006-04-23,10.0,6.6,15.5,14504,0.0,0.97,1.5
2006-04-24,10.5,4.9,14.9,12681,0.0,0.87,1.3
2006-04-25,12.6,3.9,20.6,20101,0.0,0.87,1.5
2006-04-26,15.6,9.0,22.1,16469,6.3,1.18,1.6
2006-04-27,11.8,6.7,13.9,8451,2.2,0.96,2.1
2006-04-28,9.8,4.6,14.2,20181,0.0,0.85,2.4
2006-04-29,7.1,4.2,10.6,8704,4.0,0.81,2.2
2006-04-30,7.5,4.0,12.0,14638,0.1,0.81,2.0
2006-05-01,9.7,4.1,15.5,19626,0.0,0.84,2.2
2006-05-02,11.5,5.8,17.9,16276,0.0,0.95,1.8
2006-05-03,15.5,5.3,22.4,25364,0.0,0.97,2.1
2006-05-04,17.6,11.8,23.0,25718,0.0,1.4,3.0
2006-05-05,17.1,10.8,23.2,24953,0.0,1.32,2.9
2006-05-06,16.5,10.1,23.1,20701,0.1,1.28,2.7
2006-05-07,17.3,9.6,23.9,23280,0.0,1.25,2.9
2006-05-08,16.3,9.7,23.6,22996,0.0,1.26,2.8
2006-05-09,15.8,8.4,23.1,27465,0.0,1.16,2.8
2006-05-10,15.2,6.4,22.2,27810,0.0,1.02,1.9
2006-05-11,15.5,3.0,24.5,25765,0.0,0.88,1.4
2006-05-12,17.4,9.5,25.4,25473,0.0,1.26,1.5
2006-05-13,14.9,8.2,20.3,17223,1.5,1.11,2.0
2006-05-14,10.9,2.6,15.5,17921,0.0,0.76,2.3
2006-05-15,10.6,0.8,17.1,22039,1.1,0.7,1.7
2006-05-16,14.8,9.2,22.2,17539,0.9,1.19,2.7
2006-05-17,11.6,6.6,15.4,11117,0.0,0.97,1.8
2006-05-18,12.7,7.3,17.8,11674,5.2,1.03,2.8
2006-05-19,13.1,7.8,17.6,13124,2.8,1.06,4.1
2006-05-20,13.4,10.4,18.6,15087,2.7,1.24,4.0
2006-05-21,12.4,10.0,17.2,12579,0.6,1.21,3.5
2006-05-22,15.3,9.7,22.5,18127,2.2,1.24,3.2
2006-05-23,12.7,5.8,17.2,18177,0.2,0.94,4.0
2006-05-24,11.2,3.6,17.5,22458,0.1,0.82,3.2
2006-05-25,9.8,7.3,13.6,13904,2.7,1.01,3.1
2006-05-26,10.6,5.2,15.2,18957,0.7,0.89,2.8
2006-05-27,12.5,9.7,16.4,10508,6.1,1.18,2.8
2006-05-28,12.1,9.7,16.0,17754,1.6,1.18,4.4
2006-05-29,10.7,6.5,16.2,16890,2.1,0.97,2.6
2006-05-30,8.7,3.1,13.4,15894,8.4,0.77,3.1
2006-05-31,11.1,6.6,16.2,16056,5.6,0.97,3.1
2006-06-01,9.2,5.2,13.5,16476,1.1,0.88,2.9
2006-06-02,11.9,3.2,18.6,25295,0.0,0.82,1.7
2006-06-03,10.3,3.9,12.7,11621,4.2,0.81,2.2
2006-06-04,11.3,6.3,16.2,15139,0.2,0.95,3.2
2006-06-05,10.1,4.9,14.9,16847,0.0,0.87,2.1
2006-06-06,12.0,6.1,17.2,17648,2.6,0.96,1.7
2006-06-07,13.5,3.5,20.4,21298,0.0,0.86,1.3
2006-06-08,15.9,8.9,21.9,26375,0.0,1.17,1.4
2006-06-09,16.8,8.0,23.4,27434,0.0,1.13,1.4
2006-06-10,17.7,7.6,24.4,29918,0.0,1.13,1.7
2006-06-11,19.8,9.5,27.7,30586,0.0,1.3,2.2
2006-06-12,22.3,12.0,29.4,29564,0.0,1.51,1.9
2006-06-13,24.0,15.6,31.1,30487,0.0,1.86,1.4
2006-06-14,23.9,14.3,31.5,29202,0.0,1.75,1.7
2006-06-15,21.4,15.9,28.8,19867,3.3,1.85,1.6
2006-06-16,19.2,15.9,26.3,14682,16.9,1.8,1.9
2006-06-17,15.5,14.1,17.1,10793,3.2,1.55,1.8
2006-06-18,18.0,14.1,24.1,20923,0.0,1.61,1.5
2006-06-19,21.5,14.1,29.6,24040,4.4,1.7,2.0
2006-06-20,21.2,15.7,26.8,20276,2.4,1.8,1.7
2006-06-21,21.6,16.4,26.1,22482,3.9,1.86,2.5
2006-06-22,18.1,9.7,23.8,21051,0.0,1.25,2.8
2006-06-23,15.3,8.1,21.2,22084,0.0,1.12,1.6
2006-06-24,18.9,10.7,24.7,24412,0.0,1.34,1.4
2006-06-25,24.2,15.3,31.5,27127,2.2,1.84,1.8
2006-06-26,22.9,16.2,27.4,22965,0.1,1.87,2.5
2006-06-27,18.6,14.2,23.6,26194,0.1,1.61,2.0
2006-06-28,16.6,13.3,20.6,17366,0.0,1.5,1.7
2006-06-29,16.1,10.4,20.9,22275,0.0,1.27,1.7
2006-06-30,16.4,12.4,20.5,10861,0.0,1.43,1.7
2006-07-01,20.8,13.4,27.6,25473,0.0,1.6,2.0
2006-07-02,22.5,14.9,28.4,30496,0.0,1.75,2.6
2006-07-03,23.2,15.9,29.3,30598,0.0,1.85,2.4
2006-07-04,23.0,13.9,30.3,30439,0.0,1.68,1.9
2006-07-05,24.9,15.7,32.5,30278,0.0,1.9,2.0
2006-07-06,25.2,15.2,33.5,28566,0.0,1.86,1.7
2006-07-07,23.8,17.8,31.7,21951,12.7,2.11,1.7
2006-07-08,19.7,15.7,23.7,13023,4.9,1.77,1.5
2006-07-09,22.0,14.9,28.5,23301,0.0,1.76,1.8
2006-07-10,21.8,15.9,28.0,26354,0.0,1.84,1.9
2006-07-11,24.2,15.6,31.4,25154,0.0,1.88,1.7
2006-07-12,22.0,17.2,28.0,27168,0.0,1.98,1.6
2006-07-13,23.7,15.7,30.2,24681,0.4,1.85,1.6
2006-07-14,19.3,12.2,23.0,25404,0.0,1.44,2.8
2006-07-15,18.2,9.1,24.9,21126,0.0,1.23,2.3
2006-07-16,19.4,10.0,26.9,27608,0.0,1.31,2.2
2006-07-17,20.7,10.6,29.4,29469,0.0,1.4,1.5
2006-07-18,23.2,11.8,32.1,29153,0.0,1.54,1.6
2006-07-19,25.0,13.7,32.9,28963,0.0,1.71,1.3
2006-07-20,27.9,16.8,36.6,24822,0.0,2.09,1.7
2006-07-21,26.4,17.4,32.1,25142,0.8,2.06,2.0
2006-07-22,23.8,13.2,31.4,27110,0.0,1.65,1.6
2006-07-23,24.7,17.4,31.7,15751,0.0,2.07,1.7
2006-07-24,23.3,16.2,29.7,26209,0.0,1.89,1.7
2006-07-25,23.4,14.5,29.9,27400,0.0,1.73,1.6
2006-07-26,24.4,14.2,32.2,28207,0.0,1.74,1.4
2006-07-27,26.4,16.5,34.4,26865,0.0,2.01,1.6
2006-07-28,24.5,19.3,31.4,12949,5.0,2.26,1.5
2006-07-29,21.2,16.4,26.5,15152,5.6,1.86,1.6
2006-07-30,22.9,15.0,30.6,23107,2.0,1.8,1.5
2006-07-31,21.3,13.7,26.8,18775,0.0,1.6,2.0
2006-08-01,20.6,11.9,27.6,22693,0.1,1.47,2.5
2006-08-02,16.8,11.2,22.4,17754,4.1,1.35,3.2
2006-08-03,16.6,10.0,23.5,20658,0.2,1.28,1.6
2006-08-04,16.3,10.1,23.2,14132,11.4,1.26,1.6
2006-08-05,17.1,14.1,21.0,10107,19.5,1.58,2.3
2006-08-06,19.2,17.2,22.9,11648,0.4,1.9,3.0
2006-08-07,20.6,15.9,26.7,21538,0.0,1.81,3.0
2006-08-08,18.8,12.8,23.9,17398,0.0,1.49,2.8
2006-08-09,17.6,12.8,23.1,13278,0.0,1.49,1.9
2006-08-10,15.7,11.9,20.4,10399,1.4,1.38,1.8
2006-08-11,14.9,10.9,21.7,12274,3.0,1.31,1.6
2006-08-12,15.8,9.6,22.1,16317,0.1,1.23,1.3
2006-08-13,14.9,12.7,18.3,8500,3.0,1.43,1.5
2006-08-14,16.7,11.9,23.0,19625,0.8,1.41,2.9
2006-08-15,16.3,12.5,20.9,12445,3.5,1.43,3.4
2006-08-16,17.8,10.7,25.0,18218,0.5,1.34,1.5
2006-08-17,19.4,14.5,24.6,17042,0.0,1.66,1.4
2006-08-18,20.7,16.4,27.8,12908,0.0,1.88,2.2
2006-08-19,20.7,14.0,27.9,20735,4.2,1.66,1.7
2006-08-20,18.8,14.0,24.9,16967,7.0,1.61,2.6
2006-08-21,16.2,14.1,20.4,10532,3.8,1.58,2.9
2006-08-22,15.9,13.8,20.2,9633,0.4,1.54,2.7
2006-08-23,16.7,13.2,19.9,9669,0.2,1.48,1.9
2006-08-24,17.1,10.1,23.5,19649,0.0,1.28,1.7
2006-08-25,14.4,11.7,16.5,8816,5.1,1.33,1.7
2006-08-26,14.9,10.8,20.6,11257,4.0,1.3,1.5
2006-08-27,15.3,12.5,20.6,9911,2.5,1.43,2.6
2006-08-28,15.4,12.0,20.4,14362,2.6,1.39,2.8
2006-08-29,12.2,11.5,14.4,7592,5.5,1.3,3.1
2006-08-30,14.0,11.4,17.1,7515,0.7,1.32,3.4
2006-08-31,16.2,13.7,19.9,9448,1.8,1.54,2.9
2006-09-01,17.0,14.2,21.3,7248,1.7,1.6,2.3
2006-09-02,19.9,14.3,25.4,14683,0.8,1.66,2.1
2006-09-03,18.4,16.5,20.3,7203,5.1,1.81,4.2
2006-09-04,17.5,14.0,19.6,10509,0.0,1.55,4.6
2006-09-05,15.8,11.0,20.6,14642,0.0,1.31,2.7
2006-09-06,18.1,11.6,24.2,9338,0.3,1.4,1.8
2006-09-07,17.5,11.7,26.3,13317,3.5,1.44,2.6
2006-09-08,14.4,9.1,20.1,14581,0.0,1.18,3.2
2006-09-09,13.7,6.9,18.3,11063,0.0,1.01,1.9
2006-09-10,16.1,9.8,22.1,18733,0.0,1.24,1.7
2006-09-11,17.5,10.4,25.1,19092,0.0,1.31,1.7
2006-09-12,17.8,9.9,25.6,17991,0.0,1.28,1.7
2006-09-13,17.7,10.9,25.8,18447,0.0,1.36,1.7
2006-09-14,18.3,11.1,25.6,18074,0.0,1.38,2.0
2006-09-15,20.0,13.7,25.6,17704,0.0,1.6,3.0
2006-09-16,20.6,16.4,26.3,14214,0.0,1.85,2.6
2006-09-17,19.2,15.2,24.8,9574,0.0,1.72,1.8
2006-09-18,19.3,12.9,27.1,16407,0.0,1.55,1.7
2006-09-19,17.6,14.7,20.9,6504,0.0,1.64,2.4
2006-09-20,14.7,7.7,20.8,15494,0.0,1.09,1.8
2006-09-21,15.5,6.0,24.2,16496,0.0,1.03,2.1
2006-09-22,18.5,11.3,25.9,16326,0.0,1.4,2.3
2006-09-23,17.7,12.1,24.2,16155,0.0,1.44,2.2
2006-09-24,19.7,12.3,27.1,15701,0.0,1.51,1.9
2006-09-25,19.5,13.8,26.0,15345,0.0,1.61,1.9
2006-09-26,18.4,12.9,25.7,13972,1.0,1.53,1.7
2006-09-27,15.3,9.2,19.7,5179,1.4,1.18,1.4
2006-09-28,14.5,9.5,21.1,7467,0.2,1.2,1.4
2006-09-29,16.2,9.2,23.9,13138,0.0,1.22,1.5
2006-09-30,16.8,11.5,24.0,10840,0.0,1.39,1.6
2006-10-01,15.7,10.2,22.6,9114,0.2,1.28,2.0
2006-10-02,16.1,13.0,21.0,6630,0.0,1.47,3.3
2006-10-03,14.3,11.3,18.1,5928,0.0,1.32,2.2
2006-10-04,12.5,9.5,15.0,4809,0.9,1.16,2.6
2006-10-05,11.4,7.3,17.5,7027,3.7,1.03,2.4
2006-10-06,13.4,8.9,17.9,4654,4.5,1.13,3.6
2006-10-07,13.8,10.3,16.5,5911,1.2,1.22,3.7
2006-10-08,12.9,9.3,15.4,4750,0.0,1.14,2.4
2006-10-09,12.3,5.8,19.6,12256,0.0,0.96,1.5
2006-10-10,12.1,4.9,20.0,12017,0.0,0.91,1.0
2006-10-11,12.2,7.5,17.7,6513,0.0,1.04,1.7
2006-10-12,11.2,7.8,16.5,8862,0.0,1.06,1.2
2006-10-13,13.4,11.2,15.7,3977,0.0,1.29,1.6
2006-10-14,10.8,8.2,12.3,3830,0.1,1.06,2.2
2006-10-15,10.2,7.3,12.9,3837,0.0,0.99,2.0
2006-10-16,10.6,4.8,16.7,6258,0.0,0.88,1.9
2006-10-17,7.4,2.4,14.2,11084,0.0,0.74,1.9
2006-10-18,7.7,-0.1,15.4,9383,0.0,0.65,1.8
2006-10-19,9.4,3.8,15.7,5535,0.0,0.81,1.9
2006-10-20,10.3,7.1,13.1,3574,1.2,0.98,2.0
2006-10-21,12.6,7.8,18.6,4718,0.3,1.07,2.3
2006-10-22,13.8,9.4,19.3,6537,0.4,1.18,2.6
2006-10-23,15.7,12.9,20.0,5464,1.5,1.45,2.9
2006-10-24,15.6,12.3,20.0,5788,5.9,1.41,4.1
2006-10-25,11.0,6.0,15.4,5899,0.0,0.94,2.2
2006-10-26,14.6,7.4,21.0,7546,0.0,1.07,2.9
2006-10-27,14.9,10.1,19.4,5516,2.7,1.24,3.4
2006-10-28,10.3,7.8,11.6,2946,10.1,1.02,2.4
2006-10-29,10.9,6.6,13.9,3148,4.2,0.96,3.7
2006-10-30,8.0,5.4,9.6,3217,0.2,0.87,1.8
2006-10-31,11.4,9.6,14.2,3032,4.8,1.15,3.9
2006-11-01,4.8,0.3,9.5,2727,2.4,0.63,5.3
2006-11-02,1.1,-2.0,5.5,6538,1.5,0.52,2.6
2006-11-03,0.1,-3.7,5.3,7650,0.0,0.47,1.8
2006-11-04,5.2,-2.6,9.2,2573,1.7,0.52,2.9
2006-11-05,10.2,9.0,11.2,2524,5.6,1.1,4.2
2006-11-06,11.6,9.5,13.2,2534,0.0,1.15,3.4
2006-11-07,9.0,5.4,10.8,2428,0.0,0.88,2.2
2006-11-08,6.2,2.9,10.5,5112,0.5,0.74,3.1
2006-11-09,8.1,4.9,11.4,4022,3.2,0.85,4.4
2006-11-10,5.1,1.9,9.6,6288,0.0,0.69,2.2
2006-11-11,5.6,3.9,7.8,2250,5.1,0.78,4.0
2006-11-12,5.8,4.2,7.3,2263,2.6,0.79,4.9
2006-11-13,6.5,3.9,9.7,2168,6.5,0.78,4.3
2006-11-14,9.7,7.6,11.6,2340,0.4,1.01,3.4
2006-11-15,11.3,6.7,14.2,3395,0.0,0.96,2.6
2006-11-16,10.9,5.8,15.9,5716,0.0,0.93,2.6
2006-11-17,10.6,6.6,15.7,3189,0.2,0.97,2.2
2006-11-18,9.7,6.9,14.0,2435,0.6,0.97,2.2
2006-11-19,7.5,4.3,9.9,1947,3.0,0.81,2.1
2006-11-20,5.8,3.9,7.7,3589,1.1,0.78,3.3
2006-11-21,6.4,3.6,8.8,1882,1.0,0.77,2.9
2006-11-22,3.7,0.1,7.1,4406,0.0,0.6,2.6
2006-11-23,5.5,1.8,9.2,1822,8.5,0.69,3.5
2006-11-24,9.7,7.7,12.0,3681,0.0,1.02,2.7
2006-11-25,10.8,8.5,13.3,1812,0.0,1.08,3.2
2006-11-26,10.3,4.7,12.4,1785,0.2,0.84,1.9
2006-11-27,6.0,2.2,11.2,3821,0.0,0.72,1.8
2006-11-28,5.7,2.3,9.0,4367,0.0,0.71,2.0
2006-11-29,5.9,3.1,9.5,1667,0.2,0.75,1.8
2006-11-30,3.9,1.0,8.2,3249,0.0,0.65,2.0
2006-12-01,3.8,1.0,7.9,4452,0.0,0.65,2.5
2006-12-02,4.7,2.6,7.3,4103,0.0,0.71,2.9
2006-12-03,7.7,4.9,10.0,2890,2.6,0.84,3.5
2006-12-04,7.0,5.0,9.4,2172,3.6,0.84,4.1
2006-12-05,11.2,5.8,13.9,1893,1.6,0.92,4.4
2006-12-06,9.8,7.8,14.0,1663,1.6,1.04,3.7
2006-12-07,7.1,4.7,9.1,3679,0.8,0.82,4.3
2006-12-08,9.3,6.3,12.4,2306,0.2,0.93,4.0
2006-12-09,7.6,4.3,11.4,1494,0.0,0.82,2.6
2006-12-10,3.0,0.1,6.9,3481,0.0,0.6,2.2
2006-12-11,2.8,-0.2,5.6,2094,7.3,0.59,3.9
2006-12-12,5.5,3.1,7.7,2330,1.0,0.74,3.2
2006-12-13,7.3,4.8,9.5,1496,0.1,0.83,3.8
2006-12-14,10.0,8.9,10.6,1448,0.0,1.1,3.9
2006-12-15,6.2,0.9,10.4,3526,0.0,0.65,2.9
2006-12-16,5.1,1.6,8.3,1926,1.8,0.68,3.1
2006-12-17,4.7,3.9,5.6,1474,0.3,0.77,2.5
2006-12-18,3.2,0.7,4.5,1430,0.2,0.62,1.7
2006-12-19,3.6,0.4,6.3,2768,0.1,0.61,2.2
2006-12-20,5.7,4.0,7.0,1427,0.7,0.78,2.3
2006-12-21,5.6,3.7,6.6,1427,0.0,0.77,1.5
2006-12-22,5.7,4.9,6.3,1428,0.0,0.83,1.9
2006-12-23,5.2,4.6,5.6,1431,0.0,0.82,1.8
2006-12-24,4.9,3.6,6.4,1434,0.0,0.76,1.7
2006-12-25,5.0,0.4,8.5,3234,0.0,0.63,1.3
2006-12-26,1.8,0.5,2.4,1444,0.0,0.61,1.5
2006-12-27,0.3,-0.9,0.9,1450,0.0,0.55,1.8
2006-12-28,0.0,-0.8,0.7,1457,1.3,0.55,2.4
2006-12-29,2.1,0.6,3.8,1466,0.0,0.61,2.0
2006-12-30,3.4,0.4,6.1,1600,5.9,0.61,3.7
2006-12-31,7.8,6.3,9.1,2029,3.3,0.92,5.2
2007-01-01,7.4,5.6,9.6,2211,0.9,0.88,5.5
2007-01-02,4.9,3.9,6.2,1595,0.8,0.78,3.8
2007-01-03,5.3,4.0,6.7,1737,1.7,0.78,3.7
2007-01-04,6.9,5.4,8.6,1539,3.2,0.87,4.7
2007-01-05,7.1,6.4,8.0,2501,2.0,0.93,4.3
2007-01-06,7.5,4.8,9.2,1572,5.4,0.83,3.1
2007-01-07,4.9,3.3,6.5,1590,0.0,0.75,3.4
2007-01-08,6.3,4.4,8.4,1698,2.1,0.8,3.7
2007-01-09,10.4,5.5,13.2,1630,1.0,0.9,4.6
2007-01-10,11.3,6.6,13.0,2009,2.2,0.95,4.5
2007-01-11,6.0,3.8,8.6,1674,9.2,0.78,6.3
2007-01-12,7.5,5.5,10.1,2609,2.9,0.88,6.1
2007-01-13,10.3,5.9,12.2,2596,0.7,0.9,4.8
2007-01-14,7.9,3.9,10.8,3328,0.0,0.79,4.8
2007-01-15,3.9,0.4,6.9,4028,0.0,0.62,2.6
2007-01-16,3.2,-0.6,6.9,2134,1.9,0.58,2.7
2007-01-17,7.3,4.7,9.4,1927,2.1,0.82,4.0
2007-01-18,8.2,6.3,12.0,1862,20.7,0.93,7.1
2007-01-19,6.4,5.2,7.3,1942,7.0,0.85,6.0
2007-01-20,8.0,5.9,12.2,2024,4.2,0.9,5.1
2007-01-21,5.5,3.5,7.3,2611,1.0,0.76,5.4
2007-01-22,2.1,-3.8,5.3,2399,0.4,0.46,3.2
2007-01-23,-4.5,-7.5,-0.2,5057,0.0,0.34,2.8
2007-01-24,-3.0,-7.2,0.4,3209,0.1,0.35,2.7
2007-01-25,-3.0,-10.0,0.4,3944,0.0,0.29,2.5
2007-01-26,-3.4,-9.8,2.1,2143,4.6,0.3,3.5
2007-01-27,-0.3,-5.1,2.7,5953,1.6,0.41,4.1
2007-01-28,3.2,-0.2,6.0,2225,5.7,0.59,5.3
2007-01-29,3.7,-2.4,6.8,5303,0.7,0.51,3.8
2007-01-30,5.4,2.0,6.9,2311,1.0,0.69,2.9
2007-01-31,6.1,5.2,7.2,2355,2.2,0.86,4.1
2007-02-01,4.9,1.9,8.2,4694,0.4,0.69,2.5
2007-02-02,6.4,3.9,8.1,2448,3.4,0.78,2.6
2007-02-03,6.0,3.7,9.0,6141,0.0,0.78,3.4
2007-02-04,5.4,1.6,8.1,3080,0.0,0.67,2.3
2007-02-05,1.7,0.2,3.7,2595,1.1,0.59,2.7
2007-02-06,0.9,-0.7,2.5,2646,0.0,0.56,1.9
2007-02-07,0.0,-3.7,4.2,7029,1.8,0.46,1.6
2007-02-08,-0.5,-1.3,0.1,2751,3.5,0.53,2.5
2007-02-09,-1.1,-2.6,-0.2,2805,2.7,0.49,2.7
2007-02-10,-3.6,-6.6,-2.1,3246,0.4,0.36,2.9
2007-02-11,-4.4,-7.5,-0.7,2917,3.6,0.34,3.5
2007-02-12,2.0,-0.9,4.6,3040,4.4,0.55,2.9
2007-02-13,4.7,1.9,7.0,3099,1.5,0.68,3.7
2007-02-14,5.0,3.2,7.8,3091,6.6,0.75,2.2
2007-02-15,3.6,2.8,4.5,3151,3.1,0.72,2.6
2007-02-16,3.1,2.3,4.1,3282,0.0,0.69,2.9
2007-02-17,3.9,0.4,7.1,8184,0.0,0.61,3.3
2007-02-18,3.5,-1.6,10.1,9656,0.0,0.56,1.9
2007-02-19,3.5,2.1,4.7,3760,0.0,0.68,1.2
2007-02-20,3.3,0.7,7.2,5211,0.0,0.63,1.2
2007-02-21,3.6,0.8,6.2,3752,9.6,0.63,2.3
2007-02-22,4.1,-0.2,9.3,3598,1.2,0.6,1.9
2007-02-23,-2.5,-3.6,0.0,3665,0.2,0.45,2.6
2007-02-24,0.3,-2.8,3.5,8689,0.1,0.49,3.3
2007-02-25,5.7,2.1,10.5,5267,1.5,0.7,3.2
2007-02-26,4.9,1.6,7.0,3871,7.0,0.67,3.5
2007-02-27,3.5,0.0,7.4,6388,5.3,0.6,3.8
2007-02-28,6.5,1.2,10.6,4252,8.6,0.67,4.5
2007-03-01,6.6,4.6,9.0,4649,6.8,0.82,4.6
2007-03-02,5.3,3.6,9.2,4565,3.4,0.77,3.8
2007-03-03,4.6,2.2,6.3,4642,0.0,0.69,3.4
2007-03-04,4.3,1.6,9.0,7054,0.0,0.68,2.0
2007-03-05,5.0,1.6,8.6,4967,0.3,0.68,3.3
2007-03-06,7.3,1.6,13.1,7772,0.3,0.7,3.1
2007-03-07,9.3,4.5,12.7,5388,0.2,0.83,2.2
2007-03-08,5.8,0.9,10.0,5820,0.1,0.65,2.1
2007-03-09,6.3,0.6,13.0,11263,3.9,0.66,2.3
2007-03-10,6.2,3.3,9.9,9632,0.0,0.76,2.6
2007-03-11,9.0,3.4,15.9,11817,0.0,0.8,2.3
2007-03-12,8.3,0.4,17.2,14673,0.0,0.69,1.6
2007-03-13,10.2,2.7,18.3,13750,0.0,0.8,1.5
2007-03-14,5.6,-0.2,11.2,13082,0.0,0.62,2.0
2007-03-15,6.3,-0.4,13.4,13978,0.0,0.62,1.6
2007-03-16,5.6,-0.3,9.3,7009,1.4,0.6,2.3
2007-03-17,7.4,4.2,11.3,9092,2.5,0.81,4.6
2007-03-18,6.4,1.5,9.2,5576,5.9,0.67,5.8
2007-03-19,2.7,-2.2,7.8,10281,0.0,0.52,3.1
2007-03-20,2.4,-3.5,8.0,6128,0.6,0.49,2.5
2007-03-21,2.6,2.2,3.8,5625,13.2,0.69,3.1
2007-03-22,3.8,1.9,4.6,5706,12.5,0.67,3.6
2007-03-23,5.9,2.1,11.5,12457,2.4,0.71,3.5
2007-03-24,11.0,8.2,15.6,14999,0.0,1.07,3.4
2007-03-25,10.6,6.4,15.4,17578,0.0,0.96,3.7
2007-03-26,10.2,5.4,15.4,17442,0.0,0.9,3.4
2007-03-27,9.9,3.0,16.4,18019,0.0,0.79,3.1
2007-03-28,10.3,2.5,16.6,17877,0.0,0.77,2.2
2007-03-29,10.5,6.3,15.5,15125,0.0,0.95,2.4
2007-03-30,8.9,3.7,14.5,15897,0.0,0.81,2.1
2007-03-31,10.1,4.3,16.2,16784,0.0,0.86,2.7
2007-04-01,10.6,2.7,17.3,17998,0.0,0.79,2.7
2007-04-02,9.5,1.0,18.2,18047,0.0,0.71,1.8
2007-04-03,5.2,0.4,8.3,8933,0.0,0.62,2.8
2007-04-04,4.3,-1.6,10.9,19765,0.0,0.56,2.9
2007-04-05,8.3,2.0,14.1,12831,0.0,0.73,3.1
2007-04-06,9.3,5.5,13.8,11409,0.3,0.89,2.4
2007-04-07,6.7,0.9,12.2,18584,0.0,0.66,2.4
2007-04-08,8.6,4.6,11.9,9508,0.0,0.83,2.7
2007-04-09,10.4,8.6,13.1,7812,0.2,1.09,3.3
2007-04-10,10.9,3.2,16.6,10028,0.2,0.8,2.9
2007-04-11,12.0,3.6,17.7,13058,0.0,0.83,2.2
2007-04-12,12.4,3.1,20.6,21796,0.0,0.83,1.8
2007-04-13,14.0,5.0,21.5,21946,0.0,0.95,2.4
2007-04-14,15.4,6.9,23.3,22324,0.0,1.06,2.4
2007-04-15,15.2,6.6,23.0,21780,0.0,1.04,2.2
2007-04-16,16.1,6.0,25.9,22270,0.0,1.05,1.8
2007-04-17,11.9,4.9,18.3,17756,0.0,0.91,2.3
2007-04-18,7.9,2.1,13.3,16238,0.0,0.73,3.0
2007-04-19,8.9,-1.2,17.3,19049,0.4,0.62,3.1
2007-04-20,6.0,2.2,9.3,9146,0.0,0.71,3.0
2007-04-21,5.2,-1.5,11.8,21536,0.0,0.57,1.5
2007-04-22,8.7,-2.0,16.8,23564,0.0,0.6,1.7
2007-04-23,13.6,1.6,22.6,22023,0.0,0.79,1.7
2007-04-24,15.6,9.0,22.1,14957,0.0,1.18,1.3
2007-04-25,16.6,7.7,24.3,20702,0.0,1.12,2.1
2007-04-26,16.5,8.8,24.6,24917,0.0,1.2,2.0
2007-04-27,17.8,6.6,26.4,24678,0.0,1.1,1.6
2007-04-28,15.4,6.5,24.3,24312,0.0,1.06,1.8
2007-04-29,8.6,3.7,13.5,25038,0.0,0.8,2.8
2007-04-30,9.1,0.2,17.6,23931,0.0,0.68,2.6
2007-05-01,8.8,-1.4,16.6,23673,0.0,0.61,2.4
2007-05-02,13.6,5.6,20.5,20582,0.0,0.96,2.3
2007-05-03,11.9,2.5,19.5,26351,0.0,0.79,1.9
2007-05-04,13.6,2.5,21.4,26707,0.0,0.82,2.3
2007-05-05,15.5,4.0,23.0,26938,0.0,0.91,2.4
2007-05-06,16.7,8.2,24.1,24556,0.2,1.17,1.9
2007-05-07,11.8,10.5,13.5,9072,6.0,1.23,3.2
2007-05-08,10.9,9.2,15.4,14875,6.3,1.14,4.4
2007-05-09,11.1,5.3,16.8,16822,4.0,0.91,3.8
2007-05-10,12.4,6.4,17.1,9741,6.0,0.98,3.8
2007-05-11,12.2,7.7,16.4,11053,10.3,1.05,4.0
2007-05-12,10.5,5.0,16.1,13503,5.6,0.88,3.2
2007-05-13,15.6,7.6,21.5,19874,0.9,1.08,2.3
2007-05-14,17.3,12.7,23.3,18679,13.0,1.47,3.0
2007-05-15,10.8,4.1,14.6,12030,2.6,0.83,2.6
2007-05-16,12.0,3.9,18.6,22235,7.7,0.86,2.6
2007-05-17,10.3,7.4,14.2,13405,0.2,1.01,2.8
2007-05-18,12.0,5.7,18.2,24913,0.0,0.95,2.0
2007-05-19,16.4,8.5,23.5,23705,0.0,1.16,2.0
2007-05-20,19.2,14.0,25.4,20959,0.0,1.62,1.8
2007-05-21,22.7,15.2,29.8,28174,0.0,1.81,1.7
2007-05-22,20.4,13.6,26.9,24910,0.0,1.61,1.7
2007-05-23,16.9,10.7,22.2,19074,0.0,1.31,1.7
2007-05-24,18.3,7.9,24.6,23484,1.4,1.14,1.5
2007-05-25,22.0,15.6,30.3,24434,7.2,1.86,1.7
2007-05-26,18.3,15.2,25.0,14972,6.0,1.71,1.8
2007-05-27,18.3,13.6,23.0,13339,5.2,1.55,2.1
2007-05-28,17.4,14.1,23.1,14920,17.8,1.6,2.0
2007-05-29,17.9,12.7,25.2,16116,12.2,1.5,3.6
2007-05-30,12.8,9.2,17.8,14991,0.1,1.15,2.3
2007-05-31,14.4,7.4,19.5,19670,0.2,1.05,1.6
2007-06-01,16.3,9.9,22.5,22934,0.0,1.24,2.0
2007-06-02,14.8,13.8,16.2,10173,0.0,1.52,1.9
2007-06-03,15.2,13.9,17.0,10199,0.5,1.53,2.0
2007-06-04,15.8,14.6,17.3,10352,3.0,1.6,1.8
2007-06-05,16.7,14.5,22.0,11410,5.0,1.63,1.8
2007-06-06,20.4,13.9,25.6,22180,0.0,1.61,1.9
2007-06-07,22.7,16.0,29.6,23889,0.9,1.88,2.2
2007-06-08,23.7,17.0,30.0,28319,0.0,1.98,1.9
2007-06-09,22.4,13.3,29.7,24452,0.0,1.62,1.7
2007-06-10,21.8,12.3,29.3,28751,0.0,1.54,1.5
2007-06-11,22.0,12.1,30.2,30196,0.0,1.54,1.3
2007-06-12,22.3,13.7,30.2,25283,3.6,1.67,1.9
2007-06-13,18.6,14.2,23.8,15954,0.8,1.62,1.8
2007-06-14,19.5,12.5,27.3,21415,16.0,1.52,1.7
2007-06-15,18.9,14.1,25.7,16103,41.1,1.62,2.5
2007-06-16,16.7,12.2,22.0,17278,6.7,1.42,2.5
2007-06-17,17.7,11.4,23.5,22347,0.6,1.38,2.2
2007-06-18,16.3,12.7,19.6,10668,6.7,1.44,2.0
2007-06-19,18.6,12.8,25.0,22353,0.0,1.51,1.3
2007-06-20,21.4,14.8,27.9,21185,1.0,1.74,1.9
2007-06-21,17.1,13.0,19.5,13137,10.9,1.47,1.9
2007-06-22,16.9,13.0,22.9,18326,5.7,1.5,2.0
2007-06-23,16.2,12.7,20.5,14947,4.6,1.46,2.7
2007-06-24,17.5,12.0,23.3,18963,0.1,1.43,2.0
2007-06-25,19.6,13.3,27.5,19993,6.4,1.59,2.3
2007-06-26,14.9,12.7,19.8,15445,7.4,1.44,4.6
2007-06-27,12.6,11.0,16.8,14008,2.3,1.27,4.6
2007-06-28,13.5,8.4,19.0,17236,1.8,1.11,3.2
2007-06-29,14.8,7.1,20.4,18518,2.0,1.04,2.7
2007-06-30,15.2,10.5,19.5,15652,1.3,1.26,2.9
2007-07-01,17.4,9.7,23.5,12658,0.0,1.25,1.9
2007-07-02,18.3,15.6,21.4,11606,9.7,1.73,2.0
2007-07-03,17.1,12.7,22.8,18571,1.2,1.46,2.5
2007-07-04,14.3,11.0,17.4,10793,11.5,1.29,2.9
2007-07-05,15.3,12.8,19.0,12839,3.3,1.45,3.7
2007-07-06,15.9,13.4,20.6,14494,1.2,1.51,4.2
2007-07-07,16.1,13.5,20.3,16661,2.2,1.51,3.8
2007-07-08,16.7,11.2,22.9,25658,0.0,1.36,2.2
2007-07-09,14.6,9.7,19.2,10418,7.2,1.2,1.8
2007-07-10,13.9,9.5,19.8,18115,3.2,1.19,2.1
2007-07-11,13.5,8.1,19.3,17822,7.5,1.1,2.8
2007-07-12,15.3,13.3,19.0,13031,4.9,1.49,3.0
2007-07-13,17.7,13.5,22.2,10943,1.4,1.54,2.1
2007-07-14,23.2,13.6,30.2,26559,0.0,1.67,2.3
2007-07-15,24.4,16.4,31.3,26380,0.0,1.93,1.8
2007-07-16,27.7,18.4,35.4,28888,2.4,2.24,1.7
2007-07-17,23.2,14.9,27.4,21158,0.0,1.74,2.4
2007-07-18,20.7,13.2,27.3,21874,0.0,1.57,1.8
2007-07-19,19.9,12.5,25.7,22330,0.6,1.5,1.6
2007-07-20,21.4,17.1,26.8,18070,0.0,1.94,2.3
2007-07-21,21.2,15.8,26.1,20435,2.5,1.81,1.9
2007-07-22,16.2,12.8,18.1,11358,28.7,1.44,2.3
2007-07-23,17.6,11.4,22.8,22982,0.0,1.36,2.0
2007-07-24,17.9,14.1,22.2,12025,5.1,1.59,3.7
2007-07-25,16.6,13.2,22.1,16906,0.6,1.5,3.0
2007-07-26,20.0,12.0,25.7,20507,0.0,1.46,2.2
2007-07-27,19.4,12.7,23.3,18549,0.2,1.47,3.5
2007-07-28,16.5,12.5,21.9,11063,1.9,1.45,3.0
2007-07-29,14.2,11.4,18.9,13896,5.7,1.32,2.8
2007-07-30,13.3,10.9,15.9,12583,0.7,1.26,3.7
2007-07-31,14.1,8.7,18.8,13524,0.2,1.14,2.9
2007-08-01,14.9,9.1,20.0,15956,0.0,1.17,1.8
2007-08-02,17.5,9.8,23.5,17878,3.6,1.25,2.2
2007-08-03,16.8,10.5,21.2,16188,0.0,1.29,2.2
2007-08-04,16.6,7.9,23.3,20946,0.0,1.12,1.4
2007-08-05,19.7,10.6,26.4,26419,0.0,1.35,1.9
2007-08-06,20.3,13.5,26.0,26069,0.0,1.57,2.1
2007-08-07,21.8,15.1,28.2,23505,0.0,1.77,1.9
2007-08-08,21.0,16.4,28.4,17275,2.5,1.89,2.2
2007-08-09,22.8,17.4,29.2,23790,0.0,2.02,2.4
2007-08-10,20.3,19.1,23.2,9302,2.8,2.15,2.2
2007-08-11,19.9,18.0,22.2,9601,4.9,1.99,2.4
2007-08-12,16.7,12.4,18.2,8686,11.7,1.41,1.5
2007-08-13,18.1,11.0,24.9,17917,0.0,1.36,1.6
2007-08-14,18.7,11.6,24.8,20948,0.8,1.42,1.7
2007-08-15,21.8,15.4,27.3,13764,1.9,1.77,3.0
2007-08-16,19.8,11.8,24.4,14394,0.3,1.42,3.2
2007-08-17,14.9,9.4,21.4,15614,0.8,1.21,2.3
2007-08-18,15.7,9.0,22.0,18837,0.0,1.18,1.5
2007-08-19,19.4,12.6,25.4,20262,5.4,1.5,1.7
2007-08-20,20.0,16.6,25.2,14731,19.5,1.86,1.8
2007-08-21,19.0,15.8,23.3,11352,7.3,1.77,2.3
2007-08-22,16.8,12.8,20.8,10449,7.4,1.46,1.9
2007-08-23,19.0,11.7,25.6,17685,1.7,1.42,1.3
2007-08-24,19.3,14.8,25.0,14677,0.1,1.7,1.4
2007-08-25,18.5,14.2,24.1,18370,0.0,1.62,1.9
2007-08-26,17.8,10.1,23.5,16986,0.0,1.28,2.4
2007-08-27,14.3,9.7,19.1,10367,0.0,1.2,2.3
2007-08-28,13.4,7.0,19.5,17653,0.0,1.03,2.1
2007-08-29,11.6,4.4,18.3,16284,0.0,0.87,1.9
2007-08-30,12.6,5.6,17.4,11894,1.5,0.93,2.4
2007-08-31,14.3,13.0,16.7,7326,1.9,1.44,2.7
2007-09-01,14.4,10.3,19.1,8248,0.0,1.25,2.4
2007-09-02,16.0,12.7,20.6,9712,7.0,1.44,2.4
2007-09-03,13.0,7.9,17.8,11047,10.8,1.07,2.9
2007-09-04,9.0,5.4,14.7,10181,4.3,0.9,3.1
2007-09-05,11.7,5.2,17.9,19092,0.0,0.91,2.2
2007-09-06,11.8,3.6,18.2,12466,0.0,0.84,2.5
2007-09-07,14.6,11.1,18.7,11923,0.3,1.3,2.7
2007-09-08,15.0,13.0,17.6,6911,0.2,1.46,3.0
2007-09-09,14.3,9.6,19.5,16989,0.9,1.19,3.0
2007-09-10,11.5,8.1,15.2,7485,10.9,1.07,3.4
2007-09-11,13.4,10.3,18.6,9069,0.0,1.24,2.7
2007-09-12,13.5,10.1,15.7,6793,0.0,1.21,2.2
2007-09-13,12.1,9.7,15.1,6916,0.0,1.17,1.7
2007-09-14,13.4,9.8,18.1,9386,0.5,1.2,2.4
2007-09-15,11.8,7.0,16.3,11616,0.0,1.0,3.0
2007-09-16,13.6,8.2,20.0,15523,0.0,1.11,2.3
2007-09-17,16.8,11.7,23.0,12273,4.1,1.4,2.3
2007-09-18,11.2,6.6,14.0,7086,6.0,0.96,3.1
2007-09-19,9.3,5.3,15.2,13293,0.0,0.89,2.5
2007-09-20,12.1,5.3,18.9,10615,0.3,0.92,2.8
2007-09-21,13.9,9.5,19.9,9527,0.0,1.19,2.3
2007-09-22,14.5,8.8,21.6,12774,0.0,1.17,1.4
2007-09-23,15.5,9.2,23.2,15394,0.0,1.2,1.3
2007-09-24,16.2,9.6,23.7,15607,0.0,1.24,2.3
2007-09-25,12.4,10.5,15.8,5711,2.7,1.24,2.3
2007-09-26,12.0,6.5,17.4,13601,0.0,0.98,1.3
2007-09-27,12.9,9.3,15.5,6097,8.5,1.14,2.9
2007-09-28,14.5,12.6,17.4,6830,12.9,1.41,3.2
2007-09-29,12.1,10.7,13.5,4932,10.8,1.25,3.3
2007-09-30,12.4,8.9,14.5,5480,0.2,1.12,2.1
2007-10-01,12.3,9.3,16.4,7167,1.2,1.15,1.2
2007-10-02,12.2,7.5,16.1,5228,0.0,1.03,1.1
2007-10-03,9.7,4.9,15.6,8964,0.0,0.87,1.3
2007-10-04,12.1,6.8,16.1,7042,0.1,0.99,1.4
2007-10-05,11.9,6.7,16.3,5326,0.0,0.98,1.6
2007-10-06,8.5,3.5,15.0,5917,0.0,0.8,1.5
2007-10-07,8.3,2.0,15.9,8659,0.0,0.74,1.1
2007-10-08,8.6,3.7,14.6,6563,0.0,0.81,1.4
2007-10-09,8.5,4.9,10.2,4183,0.0,0.84,1.0
2007-10-10,8.2,5.0,12.1,7902,0.0,0.86,1.3
2007-10-11,9.2,5.0,12.5,5556,1.0,0.86,1.6
2007-10-12,11.8,9.4,15.1,4837,0.4,1.14,2.6
2007-10-13,7.2,1.5,12.1,11236,0.0,0.69,1.5
2007-10-14,5.6,-0.1,13.1,11393,0.0,0.63,1.7
2007-10-15,7.5,0.2,16.2,11240,0.0,0.66,1.8
2007-10-16,10.8,5.4,17.3,5881,0.0,0.92,2.2
2007-10-17,12.3,7.9,17.6,8101,6.6,1.06,2.5
2007-10-18,8.2,4.2,11.4,6214,0.0,0.81,3.2
2007-10-19,5.9,1.8,10.0,7939,0.2,0.69,2.4
2007-10-20,5.4,0.6,9.7,6598,0.2,0.64,1.7
2007-10-21,4.5,0.3,6.9,6426,0.0,0.62,1.7
2007-10-22,2.6,-2.6,6.5,6115,0.0,0.51,2.2
2007-10-23,5.2,-0.5,9.5,6367,0.0,0.6,2.6
2007-10-24,7.2,6.1,8.5,3181,0.0,0.9,2.9
2007-10-25,7.5,6.5,8.3,3121,0.0,0.93,2.3
2007-10-26,8.2,6.8,10.1,3597,0.1,0.96,1.9
2007-10-27,8.3,7.6,9.0,3003,0.0,1.01,1.1
2007-10-28,7.0,3.5,10.3,6472,0.0,0.77,2.0
2007-10-29,6.8,2.8,10.8,5405,0.2,0.74,1.9
2007-10-30,8.2,5.2,9.1,2834,1.5,0.86,1.8
2007-10-31,7.2,0.5,10.9,3598,0.0,0.64,2.0
2007-11-01,10.2,9.0,11.4,2727,1.0,1.11,2.1
2007-11-02,11.0,8.3,12.5,2674,1.7,1.06,1.4
2007-11-03,10.3,8.6,12.7,2623,0.5,1.09,2.3
2007-11-04,7.3,-0.5,11.7,4606,0.0,0.61,2.1
2007-11-05,3.0,-1.9,7.1,5181,6.3,0.53,1.8
2007-11-06,5.4,2.2,8.2,4458,3.5,0.69,4.1
2007-11-07,6.3,1.4,9.2,2947,5.9,0.67,4.9
2007-11-08,8.2,5.8,11.1,4373,2.5,0.9,3.9
2007-11-09,4.8,2.8,7.9,3011,4.4,0.73,5.5
2007-11-10,2.1,-0.1,4.9,2848,1.3,0.59,4.3
2007-11-11,1.2,-1.5,3.2,2360,3.1,0.53,4.1
2007-11-12,1.9,-0.8,5.1,3345,0.5,0.56,3.7
2007-11-13,1.1,-2.7,5.8,5965,0.0,0.5,3.1
2007-11-14,0.9,-2.1,3.1,2128,1.3,0.51,2.8
2007-11-15,0.5,-4.1,2.5,2351,0.1,0.44,2.0
2007-11-16,0.8,-4.6,5.0,2053,0.8,0.44,1.9
2007-11-17,5.9,5.4,6.7,2016,0.7,0.86,1.6
2007-11-18,4.7,0.8,7.0,1981,0.0,0.63,1.9
2007-11-19,1.4,0.1,3.3,3193,0.0,0.59,2.6
2007-11-20,1.7,1.0,3.8,1914,0.0,0.63,2.2
2007-11-21,1.5,0.5,4.1,4806,0.0,0.61,2.4
2007-11-22,3.8,-0.6,7.0,1996,0.1,0.58,1.8
2007-11-23,4.9,2.0,8.0,1822,0.2,0.68,1.8
2007-11-24,2.0,-1.1,3.8,1793,3.3,0.55,2.3
2007-11-25,3.4,0.7,6.6,1766,1.5,0.63,4.3
2007-11-26,1.3,-0.2,3.5,4561,0.0,0.58,4.4
2007-11-27,0.4,-4.0,4.2,2447,0.0,0.45,2.4
2007-11-28,-0.6,-4.4,2.3,2007,0.0,0.43,2.0
2007-11-29,1.6,-0.5,3.7,2116,3.2,0.57,3.0
2007-11-30,5.3,4.1,6.4,1644,2.1,0.79,3.3
2007-12-01,6.0,2.4,8.8,2198,4.8,0.71,3.9
2007-12-02,6.1,2.6,9.0,1691,9.8,0.72,5.0
2007-12-03,5.8,3.8,7.4,1628,8.7,0.78,5.3
2007-12-04,5.0,3.7,7.0,2258,0.2,0.76,3.4
2007-12-05,7.1,3.9,9.8,1550,0.3,0.79,3.5
2007-12-06,8.8,7.7,10.6,1748,8.2,1.01,4.1
2007-12-07,9.1,6.2,12.9,2155,4.0,0.93,5.3
2007-12-08,6.1,3.9,7.5,1843,0.2,0.78,3.9
2007-12-09,3.8,0.3,6.0,1494,3.2,0.61,3.3
2007-12-10,2.5,0.9,3.6,2690,0.0,0.63,2.4
2007-12-11,4.0,1.6,6.4,1473,1.3,0.67,2.5
2007-12-12,4.8,3.7,5.7,1463,0.9,0.76,2.2
2007-12-13,2.8,1.5,4.0,1455,0.1,0.66,1.8
2007-12-14,1.9,1.1,2.6,1489,0.3,0.64,1.8
2007-12-15,-0.9,-4.7,1.3,4221,0.0,0.42,2.2
2007-12-16,-0.6,-4.1,1.2,1437,0.0,0.44,2.2
2007-12-17,1.2,-0.3,2.7,1433,0.0,0.58,2.8
2007-12-18,0.4,-0.3,1.0,1430,0.0,0.57,1.9
2007-12-19,0.3,-0.8,0.9,1428,0.0,0.55,1.2
2007-12-20,-1.9,-3.3,-0.5,1427,0.0,0.46,1.2
2007-12-21,-4.2,-5.6,-3.1,1427,0.0,0.39,1.1
2007-12-22,-5.7,-6.6,-4.8,1428,0.0,0.36,1.2
2007-12-23,-2.9,-5.8,0.2,3505,0.1,0.39,1.3
2007-12-24,0.4,-1.7,1.1,1434,0.0,0.52,1.5
2007-12-25,-0.5,-2.0,0.3,2581,0.0,0.51,2.5
2007-12-26,-1.1,-3.9,0.9,1975,0.0,0.44,2.1
2007-12-27,0.8,-0.2,2.4,1450,0.0,0.58,2.5
2007-12-28,3.2,1.3,5.2,1457,0.0,0.65,3.0
2007-12-29,1.6,-0.4,4.1,1466,0.0,0.57,3.5
2007-12-30,2.1,-0.4,4.9,1476,0.6,0.58,2.6
2007-12-31,1.4,-1.6,3.9,1486,0.0,0.53,1.9
2008-01-01,0.8,-0.3,1.7,1498,1.1,0.57,1.5
2008-01-02,-0.2,-3.9,0.6,1511,0.0,0.44,2.6
2008-01-03,-4.3,-6.0,-3.9,1524,0.0,0.37,4.1
2008-01-04,-5.8,-7.4,-4.5,2821,0.0,0.33,3.5
2008-01-05,-1.5,-4.8,0.8,1555,1.5,0.41,3.4
2008-01-06,0.4,-1.3,1.9,1572,5.0,0.53,2.4
2008-01-07,1.5,-0.4,3.4,1678,3.2,0.57,3.7
2008-01-08,3.4,-0.1,5.9,2578,0.0,0.59,3.2
2008-01-09,1.7,-1.0,4.4,2961,1.5,0.55,2.9
2008-01-10,2.7,-0.3,5.4,3710,0.2,0.58,3.3
2008-01-11,6.4,4.4,9.3,2261,0.1,0.81,3.2
2008-01-12,4.5,1.5,7.9,2153,0.0,0.66,3.3
2008-01-13,2.1,-1.9,5.3,4851,0.0,0.53,2.3
2008-01-14,2.6,0.1,5.0,3607,0.0,0.6,2.8
2008-01-15,5.7,2.8,8.7,4638,0.5,0.73,4.0
2008-01-16,6.5,1.4,8.7,1802,0.2,0.67,3.5
2008-01-17,3.9,-0.1,7.5,2982,3.0,0.6,2.7
2008-01-18,6.6,4.7,8.1,2249,6.7,0.82,4.1
2008-01-19,8.5,2.4,11.7,1893,7.5,0.72,4.8
2008-01-20,6.7,3.1,11.4,1925,20.2,0.76,3.7
2008-01-21,6.6,4.7,8.9,1959,20.7,0.83,4.1
2008-01-22,2.0,-2.4,7.8,2298,0.1,0.52,3.8
2008-01-23,2.0,-2.4,4.7,3466,2.4,0.51,2.6
2008-01-24,6.7,4.4,8.3,2066,3.7,0.81,3.1
2008-01-25,5.5,1.8,8.1,3471,0.2,0.68,3.9
2008-01-26,7.4,5.3,8.6,2143,3.4,0.86,4.8
2008-01-27,5.1,-0.9,8.5,2506,4.7,0.57,4.3
2008-01-28,3.8,-1.8,8.1,2225,0.8,0.54,1.7
2008-01-29,6.2,4.4,7.8,2267,0.0,0.81,1.8
2008-01-30,4.4,3.1,5.2,2311,1.1,0.73,2.6
2008-01-31,2.7,1.2,4.2,3431,0.4,0.64,4.2
2008-02-01,5.1,2.5,7.6,2458,0.1,0.71,5.3
2008-02-02,2.4,-1.2,6.1,3725,0.5,0.55,3.8
2008-02-03,0.8,-1.2,4.4,6964,0.0,0.54,2.9
2008-02-04,2.0,-1.3,6.7,7189,0.0,0.55,2.8
2008-02-05,4.1,-0.2,6.9,5128,2.6,0.59,3.6
2008-02-06,7.0,5.0,8.9,2890,0.9,0.85,4.5
2008-02-07,4.8,1.1,8.1,4739,0.1,0.65,2.9
2008-02-08,5.3,2.7,9.0,2751,0.1,0.73,1.8
2008-02-09,5.5,0.6,12.1,6295,0.0,0.66,1.6
2008-02-10,3.6,-1.3,12.2,7938,0.0,0.58,1.5
2008-02-11,2.1,-1.3,6.0,4609,0.3,0.54,1.4
2008-02-12,4.3,2.3,6.1,3040,0.0,0.7,1.5
2008-02-13,2.3,-2.0,6.1,7837,0.2,0.52,1.3
2008-02-14,2.2,-2.5,4.0,3091,0.0,0.5,1.6
2008-02-15,-1.4,-5.5,3.0,7667,0.0,0.4,2.5
2008-02-16,-2.3,-6.4,2.6,5776,0.0,0.38,1.8
2008-02-17,-0.9,-6.8,3.9,6360,0.1,0.38,2.4
2008-02-18,4.8,3.2,6.5,3337,1.2,0.74,2.7
2008-02-19,4.9,4.1,5.9,3401,0.7,0.79,1.9
2008-02-20,4.8,-0.4,7.8,3466,0.0,0.59,1.6
2008-02-21,4.4,-0.4,7.7,3531,0.7,0.58,3.3
2008-02-22,9.1,7.5,10.1,3598,1.4,1.0,5.3
2008-02-23,7.8,6.0,10.2,7433,0.0,0.9,4.0
2008-02-24,8.8,5.3,9.7,3733,3.5,0.86,2.7
2008-02-25,5.7,1.7,9.1,8353,1.0,0.68,2.6
2008-02-26,8.1,3.0,12.0,4105,1.6,0.76,4.0
2008-02-27,6.6,3.8,8.5,5283,1.1,0.77,4.5
2008-02-28,5.2,1.5,10.3,10157,0.0,0.68,2.3
2008-02-29,5.0,-0.8,10.7,5617,11.3,0.59,3.1
2008-03-01,6.2,4.8,7.4,4320,3.6,0.83,7.2
2008-03-02,5.8,3.9,8.5,4725,4.9,0.79,6.1
2008-03-03,4.1,2.1,9.2,5804,2.2,0.7,4.0
2008-03-04,1.8,-1.1,5.9,5136,3.1,0.55,2.9
2008-03-05,0.6,-1.9,5.1,11773,2.3,0.52,3.1
2008-03-06,4.4,1.4,6.2,4528,1.8,0.66,3.4
2008-03-07,7.6,6.2,9.7,4604,0.7,0.91,2.0
2008-03-08,6.4,3.6,9.7,4680,0.0,0.77,2.0
2008-03-09,6.7,1.3,11.7,10696,0.0,0.68,2.9
2008-03-10,9.0,3.2,13.6,11727,0.0,0.78,3.8
2008-03-11,8.7,6.0,12.5,8437,3.3,0.92,4.7
2008-03-12,6.1,4.2,8.9,4990,12.8,0.8,6.1
2008-03-13,5.8,4.2,10.3,6818,1.7,0.81,5.5
2008-03-14,5.1,1.4,8.7,7099,3.4,0.67,3.6
2008-03-15,6.1,2.8,10.1,9166,0.0,0.73,1.7
2008-03-16,5.1,1.8,8.4,5306,6.2,0.68,2.8
2008-03-17,2.1,0.2,6.9,8345,1.5,0.61,3.8
2008-03-18,1.7,-2.8,7.2,14230,0.0,0.5,3.5
2008-03-19,0.6,-3.2,6.1,7682,0.5,0.48,2.7
2008-03-20,1.7,-4.4,6.2,13657,7.2,0.44,3.5
2008-03-21,3.1,0.8,6.4,6101,10.1,0.63,4.0
2008-03-22,1.5,-0.7,3.3,5886,3.3,0.56,3.3
2008-03-23,-1.1,-5.1,2.7,10884,0.4,0.41,2.2
2008-03-24,-0.1,-6.6,5.7,16971,0.2,0.39,2.5
2008-03-25,0.2,-1.4,4.5,8066,1.9,0.54,3.6
2008-03-26,1.4,-3.6,6.7,13193,0.4,0.47,3.0
2008-03-27,0.6,-5.3,7.7,12395,0.0,0.43,1.6
2008-03-28,5.5,-0.3,12.0,14396,2.1,0.62,2.8
2008-03-29,5.9,1.0,10.4,7189,2.7,0.66,3.8
2008-03-30,8.0,0.6,14.9,9916,0.0,0.68,3.3
2008-03-31,10.3,4.8,16.8,12360,0.0,0.87,2.1
2008-04-01,9.3,2.1,16.0,15477,2.2,0.75,2.3
2008-04-02,7.6,5.3,12.0,7963,4.4,0.87,3.4
2008-04-03,7.6,2.2,11.8,9461,0.3,0.71,2.5
2008-04-04,5.2,0.1,8.4,8793,0.0,0.61,1.8
2008-04-05,6.5,4.7,8.6,6907,9.8,0.83,2.3
2008-04-06,4.6,-0.6,9.2,9084,0.1,0.59,1.9
2008-04-07,3.4,-1.4,8.3,8619,2.0,0.55,2.4
2008-04-08,4.6,-0.7,9.4,10606,0.0,0.59,1.8
2008-04-09,3.3,-0.8,5.9,7444,4.9,0.56,1.7
2008-04-10,3.9,2.8,5.6,7296,0.0,0.72,1.7
2008-04-11,5.0,3.4,6.6,7373,9.0,0.75,2.2
2008-04-12,8.2,2.7,13.6,13042,0.0,0.75,2.5
2008-04-13,8.4,1.3,16.6,15670,3.2,0.72,2.0
2008-04-14,6.9,4.3,9.2,8522,6.8,0.81,2.2
2008-04-15,7.0,4.2,9.6,7674,1.7,0.8,2.2
2008-04-16,6.5,3.6,10.3,11589,4.8,0.78,2.0
2008-04-17,5.5,4.6,7.3,7822,3.0,0.81,2.2
2008-04-18,5.8,3.0,8.4,8012,0.0,0.73,2.9
2008-04-19,5.7,2.0,8.4,8202,0.0,0.69,3.0
2008-04-20,8.2,3.6,12.4,9696,0.0,0.79,2.4
2008-04-21,10.5,4.5,15.5,23326,0.0,0.86,3.6
2008-04-22,10.2,4.7,16.1,22501,0.0,0.87,3.4
2008-04-23,10.1,3.4,16.8,24541,0.0,0.81,1.8
2008-04-24,10.8,1.1,19.3,23948,1.1,0.74,1.7
2008-04-25,9.0,5.1,13.1,9470,5.4,0.87,2.4
2008-04-26,10.6,2.5,18.8,25162,0.0,0.78,1.4
2008-04-27,13.3,4.9,20.1,22368,0.0,0.92,2.0
2008-04-28,16.0,9.6,21.5,23941,0.7,1.22,2.4
2008-04-29,14.8,11.3,19.8,11826,1.2,1.33,2.0
2008-04-30,14.0,10.5,18.6,11286,1.1,1.26,2.5
2008-05-01,12.1,5.7,18.0,14677,0.9,0.94,2.2
2008-05-02,10.9,3.2,17.5,18703,1.5,0.8,1.6
2008-05-03,11.8,4.3,17.8,20894,0.1,0.86,1.5
2008-05-04,11.4,2.5,17.7,19497,0.0,0.77,1.9
2008-05-05,14.3,7.7,20.9,25177,0.0,1.09,2.0
2008-05-06,14.1,5.6,21.8,22657,0.0,0.97,2.0
2008-05-07,14.8,5.5,22.7,25244,0.0,0.99,1.6
2008-05-08,15.2,5.4,23.1,26338,0.0,0.99,1.6
2008-05-09,16.2,6.3,23.4,26556,0.0,1.03,2.1
2008-05-10,17.0,7.1,24.3,26897,0.0,1.09,2.4
2008-05-11,17.4,7.5,25.4,26481,0.0,1.13,2.2
2008-05-12,17.4,6.3,25.2,27070,0.0,1.06,1.9
2008-05-13,12.5,5.9,18.2,23991,0.0,0.95,2.4
2008-05-14,13.1,4.5,20.8,26979,0.0,0.91,1.7
2008-05-15,14.6,4.9,22.5,25280,0.0,0.95,1.6
2008-05-16,14.4,6.4,21.4,16201,7.4,1.02,1.7
2008-05-17,13.8,9.4,19.7,15366,2.9,1.18,2.0
2008-05-18,10.9,5.3,14.7,13124,0.0,0.88,1.9
2008-05-19,10.3,3.8,16.1,19555,0.0,0.83,2.0
2008-05-20,10.9,2.2,17.6,24467,0.0,0.76,2.4
2008-05-21,11.3,2.6,18.2,26446,0.0,0.79,2.1
2008-05-22,13.3,5.9,20.3,28299,0.0,0.98,1.7
2008-05-23,14.2,8.4,20.1,25793,0.0,1.12,1.8
2008-05-24,13.7,8.4,20.5,18270,0.0,1.12,2.3
2008-05-25,15.2,8.2,21.0,21914,0.0,1.13,2.4
2008-05-26,15.0,11.8,18.6,11023,1.4,1.36,2.3
2008-05-27,14.1,10.9,19.5,12989,0.0,1.29,2.9
2008-05-28,17.2,11.0,23.7,26298,0.0,1.34,3.1
2008-05-29,19.1,12.5,25.6,24664,0.0,1.49,2.6
2008-05-30,21.6,14.6,28.5,27028,0.0,1.72,2.4
2008-05-31,22.9,16.6,29.1,28875,0.0,1.92,2.1
2008-06-01,22.7,14.9,29.6,29172,0.0,1.75,1.8
2008-06-02,23.9,16.0,30.8,29596,0.0,1.91,2.1
2008-06-03,22.3,15.7,30.2,26525,0.0,1.85,2.3
2008-06-04,19.5,13.6,26.3,29533,0.0,1.59,2.3
2008-06-05,19.4,13.5,25.6,28785,0.0,1.57,2.5
2008-06-06,19.9,12.3,25.0,22853,0.0,1.47,2.3
2008-06-07,21.7,14.8,27.7,21320,0.0,1.73,2.0
2008-06-08,20.6,9.7,28.5,29508,0.0,1.32,1.8
2008-06-09,20.0,7.8,28.8,28362,0.0,1.2,1.7
2008-06-10,19.8,9.9,27.2,26824,0.0,1.33,2.3
2008-06-11,14.7,8.6,19.8,20482,0.3,1.13,3.0
2008-06-12,13.3,8.9,19.0,18030,2.9,1.15,2.3
2008-06-13,12.2,7.7,17.9,14017,4.2,1.05,2.6
2008-06-14,11.8,5.2,19.4,21165,0.6,0.93,2.1
2008-06-15,12.1,6.7,18.0,18706,2.8,0.99,2.0
2008-06-16,13.1,5.9,19.7,18842,0.2,0.97,1.8
2008-06-17,14.6,5.9,21.5,27283,0.0,1.0,1.4
2008-06-18,17.4,7.9,25.5,23391,0.0,1.17,1.7
2008-06-19,19.5,10.4,27.7,19368,1.3,1.37,2.7
2008-06-20,17.4,11.0,22.7,17550,0.0,1.34,2.5
2008-06-21,16.6,9.9,22.9,19753,0.0,1.26,1.8
2008-06-22,20.8,9.3,31.8,22603,14.0,1.35,2.4
2008-06-23,17.5,10.8,21.1,24672,0.0,1.31,3.3
2008-06-24,14.4,6.6,20.2,30499,0.0,1.02,1.8
2008-06-25,17.5,9.7,24.4,17260,0.6,1.26,2.1
2008-06-26,18.7,13.5,24.5,26453,0.0,1.57,2.2
2008-06-27,14.6,9.1,20.1,13608,2.5,1.18,3.0
2008-06-28,14.8,8.3,20.6,12299,8.7,1.13,2.8
2008-06-29,18.7,12.9,24.9,23681,0.0,1.51,2.1
2008-06-30,18.2,11.0,23.0,24308,0.0,1.34,2.3
2008-07-01,18.9,8.8,25.6,27650,0.0,1.21,1.5
2008-07-02,22.6,13.2,29.7,30339,0.0,1.62,2.2
2008-07-03,25.1,17.0,32.6,28888,0.0,2.02,2.2
2008-07-04,18.2,14.5,23.0,14260,0.0,1.63,2.8
2008-07-05,19.0,12.5,26.2,26888,0.0,1.5,1.6
2008-07-06,21.1,11.3,27.4,22080,1.2,1.42,1.8
2008-07-07,17.6,11.9,24.5,18309,7.6,1.43,2.9
2008-07-08,15.9,10.7,22.7,17762,4.2,1.31,3.7
2008-07-09,14.3,10.8,20.1,16827,5.5,1.3,3.1
2008-07-10,15.7,9.3,19.1,12806,2.6,1.17,2.2
2008-07-11,19.5,16.1,26.9,14702,15.5,1.85,2.3
2008-07-12,18.2,11.9,23.1,19032,0.0,1.41,2.6
2008-07-13,15.9,10.1,20.2,10909,0.1,1.24,1.7
2008-07-14,15.8,8.6,21.2,17026,0.0,1.15,2.3
2008-07-15,18.4,14.2,22.3,11223,0.0,1.6,2.6
2008-07-16,16.5,11.6,18.6,10674,6.4,1.33,2.6
2008-07-17,15.0,9.4,20.0,12934,0.2,1.2,1.9
2008-07-18,15.7,13.0,19.1,11871,1.7,1.47,2.2
2008-07-19,17.1,13.0,22.8,16924,7.7,1.5,2.8
2008-07-20,15.7,11.3,21.4,15601,2.8,1.34,3.0
2008-07-21,12.6,9.7,16.5,10850,1.2,1.19,3.5
2008-07-22,15.9,11.4,21.8,12073,0.0,1.35,2.5
2008-07-23,17.2,10.3,23.1,21270,0.0,1.28,1.6
2008-07-24,19.0,10.7,25.6,22975,0.0,1.35,2.3
2008-07-25,22.4,16.2,29.9,27954,0.0,1.91,2.3
2008-07-26,23.8,16.8,31.2,27369,0.0,1.97,2.1
2008-07-27,24.6,18.6,31.1,28168,0.0,2.2,1.9
2008-07-28,24.5,17.9,31.0,28081,0.0,2.09,2.1
2008-07-29,25.1,17.5,32.0,26990,0.0,2.06,2.1
2008-07-30,22.0,18.0,28.1,12149,0.0,2.05,1.6
2008-07-31,23.2,16.9,29.5,27683,0.0,1.97,2.1
2008-08-01,24.3,17.4,34.0,22359,14.2,2.12,2.3
2008-08-02,20.0,16.4,24.1,12338,0.9,1.83,2.0
2008-08-03,20.4,16.5,25.2,17601,2.2,1.86,2.8
2008-08-04,18.0,15.0,22.3,15421,3.0,1.67,4.1
2008-08-05,17.5,12.3,23.0,13497,1.1,1.44,3.1
2008-08-06,17.7,9.8,24.2,16867,0.0,1.27,1.5
2008-08-07,24.1,15.4,32.2,24385,0.9,1.87,2.4
2008-08-08,19.3,15.4,24.5,17067,5.3,1.74,3.1
2008-08-09,16.1,11.4,21.9,16005,0.0,1.35,2.8
2008-08-10,16.0,11.2,19.5,8751,5.5,1.31,2.8
2008-08-11,18.5,14.1,24.2,17892,1.4,1.62,2.2
2008-08-12,18.9,15.0,22.6,9104,1.0,1.67,2.6
2008-08-13,19.5,13.3,24.7,19264,1.0,1.55,4.0
2008-08-14,17.6,10.7,23.3,22038,0.0,1.33,2.7
2008-08-15,14.6,9.0,19.3,8301,3.7,1.15,1.6
2008-08-16,16.5,9.1,22.1,14780,0.7,1.18,1.6
2008-08-17,16.9,11.7,22.1,11485,0.7,1.37,1.6
2008-08-18,16.0,10.6,20.5,8685,1.2,1.27,2.2
2008-08-19,20.7,15.0,28.0,16261,0.0,1.76,2.7
2008-08-20,17.7,13.8,22.9,12758,3.0,1.57,3.3
2008-08-21,18.6,14.7,23.9,16516,0.0,1.67,2.4
2008-08-22,17.8,13.1,22.3,11528,17.0,1.49,1.8
2008-08-23,15.1,10.3,18.6,12942,5.0,1.24,3.1
2008-08-24,14.0,11.0,17.1,8240,7.0,1.29,2.4
2008-08-25,16.0,11.5,21.6,12632,0.0,1.36,1.7
2008-08-26,17.5,12.0,21.8,12305,0.0,1.41,2.0
2008-08-27,18.5,17.0,21.6,8463,0.0,1.87,2.2
2008-08-28,17.4,15.8,21.1,8382,0.7,1.74,2.3
2008-08-29,16.6,9.4,20.2,9648,0.7,1.19,2.4
2008-08-30,15.7,7.8,22.9,20394,0.0,1.12,1.5
2008-08-31,17.3,9.1,24.4,20912,0.0,1.22,2.2
2008-09-01,18.0,12.8,24.7,13357,1.6,1.51,2.3
2008-09-02,17.7,10.3,23.2,17967,0.0,1.29,2.4
2008-09-03,16.5,11.0,22.3,12256,4.3,1.32,3.0
2008-09-04,14.0,8.4,19.8,15293,0.0,1.13,2.6
2008-09-05,15.9,9.4,21.3,13869,1.8,1.21,2.2
2008-09-06,18.9,16.3,23.6,7206,13.5,1.81,2.5
2008-09-07,17.3,14.9,20.6,7657,0.0,1.65,2.4
2008-09-08,15.9,10.8,20.1,12862,1.5,1.3,2.4
2008-09-09,15.6,8.8,22.7,17682,0.0,1.19,1.7
2008-09-10,17.9,11.4,24.9,14498,0.6,1.39,1.7
2008-09-11,16.6,11.1,22.5,16747,0.1,1.34,1.8
2008-09-12,12.8,7.5,17.8,9078,0.0,1.05,3.2
2008-09-13,10.9,4.4,15.9,14599,0.0,0.85,3.2
2008-09-14,10.7,8.3,13.0,6340,0.0,1.06,2.6
2008-09-15,12.3,8.3,16.8,10689,0.0,1.08,2.3
2008-09-16,10.0,6.2,13.9,9374,0.0,0.94,1.8
2008-09-17,10.2,7.1,14.1,9664,0.1,0.99,1.5
2008-09-18,10.3,3.8,15.0,7291,0.1,0.81,1.5
2008-09-19,10.3,4.1,14.5,6223,0.0,0.83,1.4
2008-09-20,12.5,9.8,16.3,7010,0.0,1.18,1.7
2008-09-21,12.2,10.5,16.0,6919,1.6,1.24,1.8
2008-09-22,11.6,7.5,15.1,5876,2.6,1.02,1.9
2008-09-23,11.6,9.8,12.4,5416,4.3,1.17,2.0
2008-09-24,12.6,9.2,17.0,11603,0.0,1.15,2.1
2008-09-25,11.9,7.7,17.0,11839,0.0,1.05,2.4
2008-09-26,11.4,6.3,17.6,10691,0.0,0.96,1.8
2008-09-27,11.0,3.5,18.2,9105,0.0,0.83,1.7
2008-09-28,11.7,5.3,17.8,10794,4.4,0.92,1.7
2008-09-29,11.1,8.0,15.2,7445,4.4,1.05,2.0
2008-09-30,10.1,8.5,12.3,5132,8.0,1.07,3.8
2008-10-01,11.1,8.6,14.6,4965,13.6,1.08,5.1
2008-10-02,9.8,5.9,12.8,6795,0.0,0.91,4.2
2008-10-03,7.8,1.6,12.2,6956,0.1,0.7,2.8
2008-10-04,5.8,1.3,11.4,6857,0.2,0.68,3.1
2008-10-05,8.5,4.5,10.2,4991,6.2,0.82,4.1
2008-10-06,11.4,9.6,13.5,4328,0.4,1.15,1.8
2008-10-07,11.5,8.2,16.8,8706,0.0,1.08,1.7
2008-10-08,10.2,7.1,13.1,4183,0.0,0.98,1.8
2008-10-09,11.3,4.8,14.8,4111,0.4,0.86,1.6
2008-10-10,9.7,2.9,17.1,11381,0.0,0.78,1.7
2008-10-11,11.9,6.1,18.7,12098,0.0,0.98,2.1
2008-10-12,10.8,6.1,15.9,4601,0.0,0.95,1.8
2008-10-13,11.9,5.1,18.8,7997,0.6,0.91,1.9
2008-10-14,14.2,11.2,17.1,5135,0.0,1.3,2.0
2008-10-15,12.3,9.2,15.9,4976,4.1,1.14,2.4
2008-10-16,11.2,6.5,14.2,6013,2.5,0.96,3.3
2008-10-17,8.5,5.4,12.0,6066,0.4,0.87,3.2
2008-10-18,8.3,4.4,13.3,4661,0.0,0.83,2.2
2008-10-19,10.1,6.5,12.5,3430,0.0,0.94,2.5
2008-10-20,10.3,5.4,15.1,10409,0.0,0.9,2.9
2008-10-21,12.6,9.1,19.6,7802,3.8,1.17,3.1
2008-10-22,8.7,5.2,10.7,3242,0.0,0.86,2.1
2008-10-23,6.8,2.2,12.8,9767,0.0,0.72,2.3
2008-10-24,7.1,2.4,12.1,9423,0.2,0.73,2.3
2008-10-25,10.1,7.7,13.2,3195,0.0,1.03,1.9
2008-10-26,10.5,5.5,13.5,3995,4.8,0.89,3.3
2008-10-27,9.5,3.4,11.1,2946,1.6,0.77,2.5
2008-10-28,5.1,2.0,9.3,4824,0.0,0.69,1.8
2008-10-29,4.6,2.6,7.4,2834,7.0,0.72,1.5
2008-10-30,4.3,3.3,4.9,2780,23.7,0.75,2.1
2008-10-31,3.7,1.1,7.4,2851,0.0,0.64,1.7
2008-11-01,5.9,3.9,8.8,5312,0.0,0.79,2.1
2008-11-02,5.8,1.4,9.8,3289,0.0,0.67,1.9
2008-11-03,7.0,6.5,7.6,2573,0.1,0.93,2.2
2008-11-04,8.7,8.0,9.5,2524,0.0,1.03,1.5
2008-11-05,9.4,8.8,10.0,2475,0.6,1.09,2.5
2008-11-06,10.2,10.2,10.8,2428,0.6,1.19,1.7
2008-11-07,10.0,7.4,11.6,2382,0.2,0.99,1.7
2008-11-08,8.6,5.9,11.0,2337,0.0,0.91,1.7
2008-11-09,8.1,3.8,11.4,4124,0.6,0.8,3.5
2008-11-10,12.1,7.7,14.7,2524,0.0,1.04,4.5
2008-11-11,11.4,6.7,14.5,2804,0.1,0.97,4.2
2008-11-12,6.8,3.7,10.4,6125,0.0,0.78,2.9
2008-11-13,5.1,0.4,11.0,4506,0.0,0.64,1.8
2008-11-14,5.3,1.1,9.3,2090,1.1,0.66,2.9
2008-11-15,10.4,9.7,11.1,2053,0.6,1.16,3.3
2008-11-16,7.9,5.0,10.6,2832,0.6,0.85,3.6
2008-11-17,3.6,-0.7,7.5,5711,0.0,0.57,2.0
2008-11-18,2.9,-0.4,6.4,1947,4.0,0.58,3.2
2008-11-19,6.5,3.8,9.3,1963,5.8,0.78,4.2
2008-11-20,7.5,3.3,9.4,2126,4.6,0.75,5.7
2008-11-21,1.3,-1.5,3.5,2044,3.6,0.53,4.6
2008-11-22,-1.1,-3.5,1.1,3252,1.6,0.46,4.3
2008-11-23,-0.2,-3.9,1.5,2643,0.2,0.44,3.6
2008-11-24,-2.1,-5.6,0.7,3447,0.1,0.39,2.3
2008-11-25,0.2,-2.5,2.0,1832,0.3,0.49,2.2
2008-11-26,1.5,-4.0,5.9,2035,0.7,0.46,2.7
2008-11-27,5.9,4.7,7.2,1735,0.1,0.82,3.1
2008-11-28,2.7,-0.3,4.6,1801,0.5,0.58,2.3
2008-11-29,0.8,-0.4,2.0,1644,0.6,0.57,1.8
2008-11-30,0.4,-1.4,2.1,1624,0.0,0.53,1.9
2008-12-01,1.6,-2.4,5.1,2524,16.9,0.51,2.1
2008-12-02,3.3,0.8,4.6,1585,2.5,0.63,3.3
2008-12-03,0.7,0.1,2.6,1567,5.7,0.59,2.9
2008-12-04,1.1,-0.6,4.1,1765,0.9,0.57,2.9
2008-12-05,2.9,0.3,4.3,1705,0.1,0.6,2.5
2008-12-06,3.2,0.8,4.7,1690,0.0,0.62,2.1
2008-12-07,3.7,1.1,4.9,2895,0.6,0.64,2.2
2008-12-08,4.1,-0.1,5.0,1494,0.0,0.59,2.5
2008-12-09,-0.5,-2.5,1.1,1483,0.0,0.49,2.1
2008-12-10,0.8,0.2,1.9,1473,0.1,0.59,1.5
2008-12-11,1.2,0.4,2.1,1463,4.3,0.6,1.3
2008-12-12,0.7,0.2,1.3,1455,0.1,0.59,1.6
2008-12-13,1.8,0.4,3.2,1448,0.0,0.61,2.6
2008-12-14,2.8,2.3,3.6,1892,0.0,0.7,2.9
2008-12-15,2.3,1.6,2.9,1437,0.0,0.66,2.1
2008-12-16,2.2,1.9,2.7,1433,0.0,0.67,1.3
2008-12-17,2.6,1.0,3.8,1430,0.0,0.63,1.7
2008-12-18,1.2,-2.1,3.0,2118,0.0,0.51,2.1
2008-12-19,3.0,0.9,6.2,3010,2.6,0.63,3.0
2008-12-20,5.0,1.5,7.7,1427,0.9,0.67,4.6
2008-12-21,5.7,3.1,8.7,1550,1.2,0.75,3.6
2008-12-22,7.7,5.2,9.1,2285,0.4,0.86,4.4
2008-12-23,2.9,-2.4,5.8,1556,0.9,0.51,2.3
2008-12-24,4.9,0.8,6.2,1438,2.7,0.63,2.5
2008-12-25,0.2,-1.9,2.5,1444,0.0,0.51,2.8
2008-12-26,-1.9,-5.0,-0.3,2107,0.0,0.41,3.1
2008-12-27,0.2,-1.1,1.9,1705,0.0,0.54,2.4
2008-12-28,-1.0,-2.3,0.4,1507,0.0,0.5,2.5
2008-12-29,-2.5,-4.8,-1.0,2264,0.0,0.41,2.3
2008-12-30,-3.5,-5.8,-0.1,2237,0.0,0.39,1.7
2008-12-31,-6.3,-10.4,-1.8,3175,0.0,0.28,1.3
2009-01-01,-2.4,-8.0,-0.7,1498,0.7,0.33,1.6
2009-01-02,-3.2,-9.9,0.1,3029,0.0,0.29,1.5
2009-01-03,-4.0,-11.5,1.1,1524,0.8,0.27,2.6
2009-01-04,0.6,-1.5,1.2,1539,4.9,0.53,2.6
2009-01-05,-6.5,-15.3,-1.6,4609,0.0,0.2,2.5
2009-01-06,-12.9,-16.8,-5.6,4648,0.1,0.17,2.1
2009-01-07,-7.7,-15.8,-1.0,1634,0.0,0.19,2.3
2009-01-08,-9.4,-14.7,-5.2,4294,0.0,0.2,2.1
2009-01-09,-3.9,-8.9,-0.8,1630,0.0,0.31,1.8
2009-01-10,-0.5,-5.3,0.8,1651,0.0,0.4,1.5
2009-01-11,-7.0,-10.8,-1.7,4970,0.0,0.27,2.3
2009-01-12,-5.2,-10.3,-1.5,5025,0.0,0.28,3.0
2009-01-13,0.3,-3.1,2.2,1722,0.0,0.47,2.7
2009-01-14,-2.2,-7.4,1.0,2398,0.4,0.35,1.4
2009-01-15,1.3,0.0,2.4,1774,0.0,0.59,1.3
2009-01-16,-0.5,-2.0,0.6,1802,0.0,0.51,2.2
2009-01-17,-1.6,-3.3,0.4,4085,0.2,0.46,2.4
2009-01-18,2.1,-0.2,4.4,3946,2.7,0.58,3.6
2009-01-19,2.1,-0.5,3.8,4392,0.8,0.57,3.7
2009-01-20,1.6,-3.4,4.3,1925,0.0,0.47,2.5
2009-01-21,-1.5,-4.3,0.1,1959,0.0,0.43,1.3
2009-01-22,-0.6,-2.2,0.9,1993,0.0,0.5,2.8
2009-01-23,0.3,-1.1,2.5,2645,1.8,0.54,4.4
2009-01-24,2.2,0.4,3.4,2066,1.7,0.61,2.7
2009-01-25,0.9,-1.8,2.5,2998,0.0,0.52,1.8
2009-01-26,-1.5,-2.4,-0.5,2143,0.0,0.49,1.8
2009-01-27,-1.4,-2.3,-0.7,2183,0.0,0.49,1.4
2009-01-28,-3.2,-4.8,-2.3,2225,0.0,0.41,1.6
2009-01-29,-4.7,-6.8,-3.1,2267,0.0,0.35,2.2
2009-01-30,-1.4,-3.9,0.1,2311,0.0,0.44,2.4
2009-01-31,-0.1,-3.7,0.9,2355,0.0,0.45,2.9
2009-02-01,-2.5,-6.0,-0.3,2401,0.1,0.38,3.9
2009-02-02,0.1,-0.8,0.9,2448,0.0,0.55,4.2
2009-02-03,0.5,-0.7,2.1,2496,0.0,0.56,2.2
2009-02-04,0.5,0.0,1.6,2545,0.1,0.58,1.2
2009-02-05,1.9,0.3,4.3,4404,0.0,0.6,2.0
2009-02-06,0.3,-2.2,3.9,3073,0.0,0.5,1.8
2009-02-07,0.5,0.0,1.5,2698,0.0,0.59,1.5
2009-02-08,0.8,-2.5,2.5,3753,0.0,0.5,2.8
2009-02-09,0.1,-3.6,4.5,5724,0.0,0.47,2.5
2009-02-10,0.8,-0.7,2.2,2860,9.4,0.56,4.8
2009-02-11,0.2,-0.5,0.7,2917,1.2,0.57,4.0
2009-02-12,-1.1,-4.4,-0.3,2974,0.0,0.43,2.7
2009-02-13,-2.7,-6.9,2.0,4834,0.0,0.36,2.1
2009-02-14,-2.7,-5.2,0.8,6741,0.0,0.4,2.3
2009-02-15,-1.8,-8.2,0.5,3151,5.8,0.33,2.4
2009-02-16,-0.2,-2.2,1.0,3212,3.8,0.5,2.3
2009-02-17,-3.3,-7.3,-0.1,8114,0.1,0.35,3.0
2009-02-18,-4.3,-6.5,-1.2,3337,1.0,0.36,1.6
2009-02-19,-1.8,-4.3,0.1,3401,2.9,0.43,2.1
2009-02-20,0.0,-1.4,1.9,3466,1.5,0.53,2.2
2009-02-21,-1.5,-2.7,-0.1,3531,4.7,0.48,1.7
2009-02-22,2.2,-0.1,4.5,3598,3.0,0.59,3.4
2009-02-23,2.0,0.6,3.9,3665,0.5,0.61,3.8
2009-02-24,0.6,-2.3,1.9,3733,0.1,0.5,2.0
2009-02-25,2.3,-1.7,4.5,3802,1.1,0.52,2.7
2009-02-26,4.9,3.4,7.5,3949,2.9,0.75,4.1
2009-02-27,4.4,2.3,8.0,4100,0.2,0.7,3.5
2009-02-28,4.4,2.3,7.1,6247,0.2,0.7,1.6
2009-03-01,6.0,4.3,10.4,6344,0.0,0.82,1.8
2009-03-02,6.4,4.5,9.3,4157,1.6,0.82,2.1
2009-03-03,4.6,2.4,8.5,4890,0.0,0.71,2.0
2009-03-04,4.0,0.5,7.7,4637,0.0,0.62,3.2
2009-03-05,6.7,2.6,10.9,5557,1.8,0.73,2.6
2009-03-06,4.1,3.7,6.1,4453,1.0,0.76,2.9
2009-03-07,3.5,0.5,4.4,4528,0.1,0.61,2.7
2009-03-08,3.0,-0.8,6.7,4691,1.9,0.57,3.2
2009-03-09,3.1,-0.3,7.0,9507,2.9,0.59,4.0
2009-03-10,4.0,-0.8,8.3,6530,2.3,0.58,3.5
2009-03-11,2.8,-1.2,6.1,4834,1.0,0.55,3.1
2009-03-12,4.4,3.3,6.6,5183,7.6,0.74,2.9
2009-03-13,5.9,3.4,8.4,5081,1.2,0.75,2.7
2009-03-14,6.1,0.3,11.2,8384,1.9,0.64,2.0
2009-03-15,7.3,6.3,9.5,5333,0.9,0.92,3.0
2009-03-16,6.4,4.2,9.7,6446,0.2,0.8,1.6
2009-03-17,7.9,4.4,12.0,11647,0.0,0.83,3.1
2009-03-18,5.2,-0.3,9.3,13406,0.0,0.6,2.6
2009-03-19,4.6,1.2,8.0,14133,0.0,0.65,2.5
2009-03-20,1.3,-3.4,6.3,13802,0.0,0.48,1.9
2009-03-21,4.1,-2.8,10.0,12090,0.0,0.52,2.0
2009-03-22,6.2,4.4,9.6,5804,1.0,0.81,4.1
2009-03-23,5.4,2.3,6.5,5786,10.4,0.7,5.6
2009-03-24,0.6,-4.0,3.8,9881,1.2,0.45,4.1
2009-03-25,0.7,-5.8,4.9,12622,0.0,0.4,3.2
2009-03-26,4.1,1.3,7.2,6333,1.8,0.66,3.4
2009-03-27,6.6,3.1,11.2,7854,0.4,0.75,3.7
2009-03-28,5.5,-0.4,10.5,11361,4.2,0.61,3.0
2009-03-29,5.6,1.9,8.1,6478,0.2,0.69,2.0
2009-03-30,4.9,-0.9,11.1,9602,0.0,0.59,1.8
2009-03-31,5.6,-2.0,13.8,18368,0.0,0.57,2.0
2009-04-01,7.6,-1.6,16.3,17785,0.0,0.6,2.5
2009-04-02,9.7,4.5,16.2,19546,0.0,0.86,3.1
2009-04-03,11.6,3.0,21.1,19603,0.0,0.83,1.9
2009-04-04,14.1,3.7,22.7,19114,0.0,0.89,2.0
2009-04-05,10.7,2.8,16.6,11630,0.0,0.78,1.7
2009-04-06,10.0,1.2,16.7,16241,0.0,0.72,1.8
2009-04-07,13.9,7.4,21.8,18253,0.0,1.07,2.1
2009-04-08,11.7,6.1,15.9,11508,1.1,0.95,2.4
2009-04-09,12.1,7.9,17.8,17086,0.6,1.07,1.7
2009-04-10,13.5,6.6,19.7,20927,0.0,1.01,2.4
2009-04-11,13.7,8.1,20.0,21530,0.0,1.09,2.3
2009-04-12,12.4,6.6,19.6,21568,0.0,1.01,2.0
2009-04-13,12.5,5.1,19.5,21718,0.0,0.93,1.7
2009-04-14,13.4,5.3,20.8,21636,0.0,0.95,1.5
2009-04-15,15.0,7.5,21.9,21319,0.0,1.08,2.3
2009-04-16,13.6,8.2,19.0,22270,0.0,1.1,3.2
2009-04-17,11.3,7.0,16.6,20433,0.0,1.0,3.3
2009-04-18,10.2,5.3,17.2,19862,0.0,0.91,2.5
2009-04-19,8.1,2.8,14.6,23393,0.0,0.76,2.5
2009-04-20,9.7,-1.1,18.3,23649,0.0,0.64,2.1
2009-04-21,11.0,3.4,18.6,23904,0.0,0.83,1.8
2009-04-22,7.5,2.0,12.6,15479,0.8,0.71,2.5
2009-04-23,10.4,4.4,17.7,18443,0.0,0.87,2.0
2009-04-24,11.7,0.7,19.7,24541,0.0,0.72,2.5
2009-04-25,14.6,6.2,22.2,24189,0.0,1.01,2.6
2009-04-26,16.1,6.8,23.6,19969,0.0,1.07,2.1
2009-04-27,18.1,11.3,25.0,21408,0.0,1.4,2.5
2009-04-28,18.1,10.8,25.0,19695,0.0,1.34,2.6
2009-04-29,15.3,7.2,22.3,16506,0.0,1.08,1.8
2009-04-30,15.4,5.7,25.9,21486,0.0,1.04,1.8
2009-05-01,12.7,6.1,21.4,25636,0.0,0.99,1.9
2009-05-02,13.8,1.5,23.0,25871,0.0,0.79,1.7
2009-05-03,14.7,4.8,23.3,20430,2.1,0.95,1.9
2009-05-04,9.2,2.5,14.9,14091,0.8,0.75,2.8
2009-05-05,7.9,2.3,11.0,9203,6.3,0.72,3.1
2009-05-06,10.8,1.9,15.4,15355,2.1,0.74,4.2
2009-05-07,11.3,0.7,19.8,16301,0.0,0.72,2.4
2009-05-08,14.3,6.0,22.0,20872,4.2,1.0,2.8
2009-05-09,12.3,4.4,18.4,25211,12.8,0.87,2.1
2009-05-10,13.9,7.5,19.9,20784,0.0,1.06,1.8
2009-05-11,10.1,2.8,14.3,9922,0.2,0.76,2.2
2009-05-12,9.3,0.8,15.1,23961,0.0,0.69,2.8
2009-05-13,11.0,1.2,17.9,25303,0.0,0.72,2.5
2009-05-14,11.9,7.2,17.4,24244,0.0,1.02,2.9
2009-05-15,12.3,7.0,16.0,14944,1.6,1.0,3.0
2009-05-16,11.8,6.6,17.2,12083,3.6,0.98,2.3
2009-05-17,15.1,5.9,22.0,26496,6.3,1.0,2.3
2009-05-18,15.9,9.3,21.7,19184,1.0,1.21,2.0
2009-05-19,17.2,11.2,22.7,23450,0.4,1.35,1.5
2009-05-20,16.7,11.0,22.2,22874,0.1,1.34,1.6
2009-05-21,16.9,11.3,22.9,19099,0.0,1.36,2.0
2009-05-22,13.0,8.1,18.5,20687,2.3,1.09,2.5
2009-05-23,12.7,7.6,19.0,19971,0.0,1.05,2.1
2009-05-24,17.1,8.2,24.5,23099,0.0,1.17,2.0
2009-05-25,15.9,8.9,23.1,25590,0.0,1.19,1.6
2009-05-26,18.1,11.8,27.0,16772,7.9,1.46,3.2
2009-05-27,13.8,10.9,18.3,17199,0.4,1.28,3.5
2009-05-28,12.9,9.5,16.7,17238,2.7,1.17,3.7
2009-05-29,12.6,8.8,17.0,24107,0.0,1.12,3.1
2009-05-30,14.4,10.0,20.6,15507,3.6,1.24,2.9
2009-05-31,17.2,10.9,24.2,22897,0.0,1.34,2.4
2009-06-01,18.5,11.2,24.9,26292,0.0,1.39,2.2
2009-06-02,19.3,11.6,26.4,25941,0.0,1.44,2.9
2009-06-03,11.7,7.8,17.2,16535,2.1,1.06,3.9
2009-06-04,9.8,6.5,15.0,19279,2.1,0.96,3.1
2009-06-05,9.9,3.5,15.5,21248,0.2,0.8,2.2
2009-06-06,10.8,2.0,16.9,17907,8.5,0.75,2.4
2009-06-07,10.0,9.4,10.4,10285,4.7,1.13,2.4
2009-06-08,12.8,8.2,17.8,24042,2.3,1.09,2.3
2009-06-09,14.4,7.7,20.2,13043,0.5,1.08,2.3
2009-06-10,16.7,11.1,21.3,25250,0.0,1.33,2.8
2009-06-11,12.9,8.9,19.8,12036,11.1,1.16,4.0
2009-06-12,12.1,7.6,16.5,18536,0.9,1.04,4.2
2009-06-13,14.1,9.6,19.8,27113,0.0,1.19,2.9
2009-06-14,15.3,7.1,21.9,22972,0.3,1.05,1.9
2009-06-15,15.8,9.9,21.4,15454,1.9,1.24,2.0
2009-06-16,14.0,8.8,18.4,20783,0.0,1.14,2.5
2009-06-17,13.3,4.5,19.8,26501,0.0,0.9,1.7
2009-06-18,17.0,11.2,23.4,13913,0.1,1.37,2.6
2009-06-19,14.1,7.1,19.9,15473,2.4,1.03,2.7
2009-06-20,14.0,7.6,20.6,23132,0.1,1.08,2.3
2009-06-21,14.1,10.1,19.9,17809,0.7,1.23,1.8
2009-06-22,16.0,10.5,21.5,22868,0.1,1.28,2.3
2009-06-23,16.8,11.1,21.4,25587,0.0,1.34,3.1
2009-06-24,18.0,12.5,23.4,28563,8.3,1.47,3.0
2009-06-25,16.3,13.5,19.3,11692,10.3,1.51,2.4
2009-06-26,18.6,16.9,20.2,10647,0.0,1.87,2.5
2009-06-27,18.0,13.1,22.0,12323,0.0,1.49,2.3
2009-06-28,16.5,13.1,22.3,13867,0.0,1.49,1.8
2009-06-29,18.7,14.0,23.4,12170,0.0,1.59,1.4
2009-06-30,20.9,16.9,27.5,19537,1.5,1.93,1.4
2009-07-01,22.5,17.3,27.8,21849,0.5,1.97,1.5
2009-07-02,22.7,16.7,28.6,28426,0.2,1.92,1.6
2009-07-03,23.1,16.4,29.1,24132,0.1,1.92,1.6
2009-07-04,22.5,16.8,28.9,20099,1.4,1.95,2.1
2009-07-05,19.3,14.4,23.4,13356,0.1,1.63,1.7
2009-07-06,19.5,12.8,25.3,20045,0.1,1.5,1.9
2009-07-07,18.9,11.9,25.7,22338,0.0,1.43,2.6
2009-07-08,16.4,11.1,21.7,17922,0.9,1.33,3.4
2009-07-09,15.6,11.0,20.8,16989,0.4,1.32,3.3
2009-07-10,14.6,11.2,19.8,18372,8.4,1.31,3.6
2009-07-11,14.2,8.7,18.5,16279,0.2,1.12,2.7
2009-07-12,16.5,7.8,22.4,19071,3.8,1.11,2.0
2009-07-13,19.7,15.0,26.0,21086,0.0,1.72,1.9
2009-07-14,20.0,12.7,27.3,17067,0.7,1.53,1.7
2009-07-15,23.1,17.1,28.9,19717,1.1,1.99,2.1
2009-07-16,22.1,15.8,27.8,22743,0.0,1.83,1.6
2009-07-17,21.5,15.5,30.6,21670,26.2,1.85,2.4
2009-07-18,17.9,15.7,20.5,10635,0.9,1.74,3.1
2009-07-19,17.6,13.4,23.0,15825,0.2,1.54,2.9
2009-07-20,15.7,11.3,21.6,20745,5.7,1.35,3.1
2009-07-21,18.4,10.9,25.3,19926,0.0,1.36,2.0
2009-07-22,21.3,16.9,27.7,17456,0.0,1.95,2.3
2009-07-23,21.8,14.5,28.9,16513,0.6,1.72,2.5
2009-07-24,17.7,11.6,23.4,16837,2.2,1.38,2.7
2009-07-25,15.7,11.3,20.4,14756,1.2,1.33,3.3
2009-07-26,16.9,11.9,22.3,20507,0.0,1.41,2.0
2009-07-27,21.1,13.1,27.5,24597,0.0,1.58,2.3
2009-07-28,19.1,12.3,23.1,16722,0.1,1.45,2.2
2009-07-29,20.0,10.2,27.5,25571,0.0,1.35,1.9
2009-07-30,19.8,13.5,25.6,21227,1.9,1.57,3.4
2009-07-31,16.1,9.5,22.8,23901,0.0,1.23,1.9
2009-08-01,18.8,7.5,26.1,22818,0.2,1.15,1.8
2009-08-02,23.4,16.3,30.8,22110,1.7,1.92,2.2
2009-08-03,17.2,12.1,19.7,9606,3.6,1.39,1.8
2009-08-04,18.3,10.5,24.3,22556,0.0,1.31,1.5
2009-08-05,19.3,12.6,25.6,21229,0.0,1.49,1.6
2009-08-06,19.9,12.7,26.6,17195,0.0,1.51,2.0
2009-08-07,22.4,16.1,28.9,24489,0.0,1.86,2.1
2009-08-08,23.0,16.1,28.9,23772,0.0,1.86,1.8
2009-08-09,21.8,16.0,28.5,24279,0.0,1.86,1.5
2009-08-10,21.7,15.3,28.5,20515,5.1,1.77,1.6
2009-08-11,18.7,16.3,21.9,11059,0.3,1.81,2.4
2009-08-12,17.8,13.2,23.2,15469,0.2,1.53,2.7
2009-08-13,16.7,10.4,23.9,19366,0.0,1.31,2.5
2009-08-14,15.1,8.0,22.0,18662,0.0,1.12,1.7
2009-08-15,19.2,9.6,28.1,20719,0.0,1.3,2.1
2009-08-16,22.2,12.9,31.4,23953,0.0,1.61,2.3
2009-08-17,19.9,12.5,26.7,19661,0.5,1.51,2.4
2009-08-18,17.0,10.1,23.2,15991,0.0,1.26,2.1
2009-08-19,18.8,8.3,27.5,23924,0.0,1.22,1.7
2009-08-20,24.2,14.7,32.9,23791,0.8,1.8,2.5
2009-08-21,19.7,14.5,23.9,8657,8.8,1.64,2.0
2009-08-22,17.1,10.7,22.7,18033,0.0,1.31,1.7
2009-08-23,17.3,8.8,24.7,20356,0.0,1.21,2.0
2009-08-24,19.1,11.8,25.3,23003,0.0,1.43,2.5
2009-08-25,21.6,14.1,30.4,19867,1.5,1.7,1.8
2009-08-26,19.5,13.2,25.1,19163,0.0,1.55,1.7
2009-08-27,20.6,11.2,29.7,18919,0.0,1.46,1.9
2009-08-28,20.7,13.7,27.6,11980,0.0,1.63,3.0
2009-08-29,14.6,9.3,21.1,15042,0.9,1.19,3.0
2009-08-30,13.8,8.2,20.2,14477,0.0,1.11,2.4
2009-08-31,16.3,6.6,25.2,18607,0.0,1.07,2.0
2009-09-01,22.3,11.5,31.5,20690,3.3,1.52,2.6
2009-09-02,18.6,14.1,24.0,16892,1.2,1.61,2.2
2009-09-03,16.3,13.7,20.8,10388,7.2,1.53,3.8
2009-09-04,15.9,11.5,21.2,15422,2.2,1.36,4.0
2009-09-05,14.9,10.9,20.9,12037,0.8,1.3,4.1
2009-09-06,14.4,12.4,18.5,7180,0.9,1.41,2.5
2009-09-07,14.8,10.1,20.5,10423,0.1,1.24,1.7
2009-09-08,17.8,8.7,27.0,19800,0.0,1.24,1.7
2009-09-09,18.7,11.0,27.1,19106,0.0,1.4,1.9
2009-09-10,16.8,13.7,20.5,7064,0.0,1.53,2.4
2009-09-11,15.9,11.2,21.6,12097,0.0,1.33,2.4
2009-09-12,14.9,6.9,21.8,13533,0.0,1.05,2.2
2009-09-13,12.4,10.0,15.6,6401,8.6,1.2,2.7
2009-09-14,14.9,11.7,19.0,10511,0.0,1.36,2.7
2009-09-15,15.9,11.9,19.6,11413,0.0,1.38,2.6
2009-09-16,16.0,11.6,21.7,15624,0.0,1.37,2.6
2009-09-17,12.8,6.7,18.8,14771,0.0,1.01,2.1
2009-09-18,12.9,5.1,20.6,17201,0.0,0.94,1.8
2009-09-19,15.2,9.2,22.8,17031,0.0,1.2,1.6
2009-09-20,16.1,6.9,25.7,16861,0.0,1.1,1.3
2009-09-21,15.7,9.8,21.3,11656,0.0,1.24,1.6
2009-09-22,14.8,6.6,21.3,12774,0.0,1.02,2.1
2009-09-23,14.6,9.4,20.8,9588,0.0,1.2,2.3
2009-09-24,12.9,6.9,19.4,12304,0.0,1.02,1.9
2009-09-25,12.3,5.5,18.5,10013,0.0,0.94,1.7
2009-09-26,12.3,5.7,19.5,10263,0.0,0.95,1.5
2009-09-27,12.4,3.6,22.4,15009,0.0,0.87,1.3
2009-09-28,12.8,5.8,17.6,5646,1.2,0.94,2.4
2009-09-29,12.1,6.2,15.2,6465,5.6,0.95,2.7
2009-09-30,9.5,2.8,15.4,10483,0.4,0.77,1.8
2009-10-01,11.6,7.0,14.7,8140,0.7,0.99,3.1
2009-10-02,8.1,2.1,12.2,6367,0.1,0.71,2.4
2009-10-03,9.9,2.6,14.0,4800,2.8,0.75,3.9
2009-10-04,11.6,8.4,15.2,7557,1.1,1.08,4.6
2009-10-05,9.3,5.5,14.7,11534,0.0,0.9,2.0
2009-10-06,11.9,7.8,16.2,8021,3.6,1.04,2.4
2009-10-07,16.4,11.4,20.5,5744,31.9,1.33,2.7
2009-10-08,10.2,6.0,13.1,6563,5.6,0.92,2.6
2009-10-09,7.3,3.3,12.6,11603,0.0,0.77,2.0
2009-10-10,7.5,3.4,12.3,5482,9.3,0.77,2.3
2009-10-11,8.6,7.6,9.4,4039,12.2,1.0,2.7
2009-10-12,7.0,2.7,9.7,5153,2.7,0.73,3.6
2009-10-13,4.3,0.5,9.8,7723,0.5,0.64,2.7
2009-10-14,4.8,2.0,7.9,7843,0.0,0.69,2.9
2009-10-15,4.3,3.7,5.1,3761,2.2,0.76,3.0
2009-10-16,3.7,2.8,4.9,3693,3.3,0.72,3.8
2009-10-17,5.6,2.9,9.2,4223,0.6,0.74,2.8
2009-10-18,5.2,0.3,9.4,4003,0.0,0.62,1.6
2009-10-19,3.5,-1.1,10.8,9104,0.0,0.58,1.8
2009-10-20,4.0,-0.9,9.5,8974,0.0,0.58,2.5
2009-10-21,5.5,2.3,7.5,3438,0.0,0.7,3.0
2009-10-22,6.1,5.7,6.8,3304,0.5,0.88,2.4
2009-10-23,6.2,5.1,7.2,3242,0.3,0.84,1.3
2009-10-24,7.0,5.6,8.3,3181,0.8,0.87,1.8
2009-10-25,9.3,6.9,13.9,3256,0.3,0.98,2.3
2009-10-26,9.8,6.7,12.2,5070,2.3,0.96,2.8
2009-10-27,10.1,7.1,11.1,3003,0.0,0.98,1.8
2009-10-28,9.0,6.5,10.4,2946,4.6,0.94,1.2
2009-10-29,6.9,1.2,9.5,2890,0.2,0.66,1.4
2009-10-30,3.6,-0.5,8.5,5446,0.0,0.59,2.1
2009-10-31,3.5,-0.1,6.7,4541,0.0,0.6,2.0
2009-11-01,2.2,-0.5,6.1,5646,0.1,0.57,2.8
2009-11-02,3.9,2.4,5.8,2674,17.7,0.7,2.5
2009-11-03,3.7,2.7,5.3,2623,1.5,0.71,2.5
2009-11-04,0.6,-0.2,2.6,2573,8.0,0.58,3.5
2009-11-05,5.8,1.8,9.1,2760,0.2,0.69,2.8
2009-11-06,7.1,2.8,10.6,3175,0.0,0.74,2.4
2009-11-07,4.7,1.7,9.6,6633,0.0,0.68,2.6
2009-11-08,4.5,2.9,6.5,2382,0.6,0.72,1.9
2009-11-09,5.3,4.7,6.3,2337,10.3,0.82,2.6
2009-11-10,5.7,5.0,7.3,2293,0.2,0.84,1.8
2009-11-11,5.2,2.7,7.2,2963,0.7,0.72,1.7
2009-11-12,5.0,1.4,8.6,2371,0.5,0.66,2.0
2009-11-13,7.1,2.4,10.0,2756,2.0,0.71,2.6
2009-11-14,10.5,6.5,13.2,3291,0.1,0.94,3.0
2009-11-15,9.1,6.6,12.7,5066,1.7,0.95,2.6
2009-11-16,8.2,6.3,10.0,2053,2.7,0.93,2.2
2009-11-17,9.2,7.1,12.0,2067,0.4,0.98,2.6
2009-11-18,8.3,5.6,10.6,3090,4.2,0.89,4.6
2009-11-19,9.6,4.3,13.1,3093,0.0,0.83,3.4
2009-11-20,7.7,2.7,13.6,5067,0.0,0.75,2.8
2009-11-21,10.2,6.3,14.1,4757,0.0,0.95,2.0
2009-11-22,9.7,7.5,12.4,1900,0.0,1.0,3.4
2009-11-23,8.8,7.4,10.2,2060,8.1,0.99,5.7
2009-11-24,9.4,8.6,11.4,2171,2.8,1.07,4.9
2009-11-25,11.6,10.7,13.8,2980,0.0,1.25,4.1
2009-11-26,9.2,7.8,11.2,2572,0.4,1.03,4.4
2009-11-27,7.0,5.1,9.3,1897,3.9,0.85,4.3
2009-11-28,6.8,5.3,9.1,3142,5.0,0.86,4.1
2009-11-29,7.9,5.4,10.0,1981,0.5,0.87,3.1
2009-11-30,4.8,2.8,6.3,1689,5.0,0.72,1.8
2009-12-01,4.6,-0.7,6.4,1624,4.3,0.57,2.1
2009-12-02,-0.2,-2.2,2.5,3796,0.0,0.51,2.1
2009-12-03,2.2,-0.1,4.1,2846,0.0,0.58,3.0
2009-12-04,0.6,-0.1,3.0,1567,0.1,0.59,2.1
2009-12-05,2.1,0.3,3.4,2708,2.4,0.6,2.9
2009-12-06,4.8,2.6,8.2,1535,4.1,0.72,2.9
2009-12-07,5.7,1.1,8.8,2663,0.0,0.65,2.3
2009-12-08,3.2,0.8,4.5,1507,0.2,0.63,2.7
2009-12-09,4.7,3.9,5.5,1494,0.0,0.78,1.9
2009-12-10,4.2,3.2,5.0,1483,9.2,0.74,2.8
2009-12-11,3.0,1.9,4.0,1804,0.8,0.67,3.0
2009-12-12,2.5,-0.5,3.6,1463,0.2,0.57,2.5
2009-12-13,-1.6,-4.3,-0.5,1496,0.0,0.43,2.4
2009-12-14,-0.5,-1.5,0.6,1448,0.2,0.53,2.2
2009-12-15,-1.6,-5.6,0.8,1851,0.0,0.39,2.1
2009-12-16,-2.6,-5.5,-0.2,1437,0.0,0.39,1.9
2009-12-17,-3.0,-5.6,-0.9,2043,0.5,0.39,1.9
2009-12-18,-10.5,-13.1,-5.6,1755,0.7,0.22,2.5
2009-12-19,-14.7,-18.8,-12.1,3377,0.0,0.14,1.8
2009-12-20,-12.9,-18.3,-9.0,3294,1.9,0.15,3.2
2009-12-21,-3.9,-9.0,-0.4,1427,0.1,0.31,2.7
2009-12-22,-0.9,-4.3,2.9,1428,1.9,0.44,3.1
2009-12-23,-0.6,-4.2,1.4,1919,0.0,0.44,2.2
2009-12-24,-0.1,-0.9,0.9,1434,1.4,0.55,2.4
2009-12-25,1.9,0.8,3.8,1438,7.4,0.62,4.4
2009-12-26,2.8,0.2,5.9,1935,0.3,0.6,3.8
2009-12-27,0.4,-1.1,2.3,3215,1.3,0.55,3.0
2009-12-28,0.7,-1.7,2.7,1499,0.8,0.52,2.7
2009-12-29,-1.2,-2.3,0.2,1466,0.1,0.49,2.2
2009-12-30,-1.2,-2.0,0.2,1476,0.4,0.5,3.0
2009-12-31,-0.6,-1.1,0.0,1486,0.0,0.54,2.7
2010-01-01,-1.0,-1.3,-0.4,1498,1.3,0.53,2.4
2010-01-02,-1.7,-6.1,-0.6,1806,0.8,0.38,2.5
2010-01-03,-5.3,-7.4,-4.1,1524,0.0,0.34,2.0
2010-01-04,-5.9,-6.5,-5.3,1539,0.0,0.36,2.0
2010-01-05,-5.3,-9.3,-3.1,1555,0.0,0.3,2.1
2010-01-06,-7.8,-11.7,-5.9,1572,0.6,0.24,1.4
2010-01-07,-6.0,-8.0,-4.3,1590,0.5,0.32,1.4
2010-01-08,-5.7,-8.9,-3.3,1610,0.0,0.3,3.0
2010-01-09,-2.1,-3.3,-1.7,1630,3.3,0.46,4.5
2010-01-10,-2.2,-3.7,-1.4,1651,2.5,0.45,3.2
2010-01-11,-3.7,-4.4,-2.5,1674,1.9,0.42,2.1
2010-01-12,-4.0,-4.6,-3.5,1697,0.0,0.42,2.0
2010-01-13,-3.0,-3.9,-1.9,1722,0.0,0.44,3.3
2010-01-14,-3.6,-5.9,-2.6,1748,0.0,0.38,2.7
2010-01-15,-4.4,-7.0,-2.8,1774,0.0,0.35,1.9
2010-01-16,-3.2,-3.6,-2.6,1802,0.0,0.45,3.2
2010-01-17,-3.1,-4.0,-2.1,1831,1.7,0.44,3.0
2010-01-18,-1.9,-5.2,-0.9,1862,1.9,0.4,2.0
2010-01-19,-0.9,-2.1,0.0,1893,1.2,0.5,1.6
2010-01-20,-4.3,-8.7,-1.1,2173,0.3,0.31,2.3
2010-01-21,-8.3,-11.3,-6.1,3864,0.1,0.25,2.1
2010-01-22,-8.1,-10.9,-6.5,1993,0.0,0.26,2.3
2010-01-23,-11.9,-14.7,-8.1,5211,0.0,0.19,2.6
2010-01-24,-12.8,-16.4,-9.3,2066,0.0,0.17,2.7
2010-01-25,-11.0,-12.9,-8.6,4522,0.0,0.22,2.2
2010-01-26,-14.4,-21.6,-7.1,5867,0.0,0.12,1.9
2010-01-27,-11.3,-21.6,-1.3,2183,4.8,0.13,2.9
2010-01-28,0.2,-1.3,1.4,2334,0.5,0.54,4.7
2010-01-29,0.1,-0.9,1.0,2377,5.7,0.55,3.6
2010-01-30,-4.5,-14.4,0.2,2311,1.3,0.22,3.4
2010-01-31,-6.1,-13.6,-0.8,3997,1.4,0.23,2.9
2010-02-01,-0.9,-2.4,0.9,3146,0.7,0.49,3.4
2010-02-02,-2.8,-9.2,0.8,2448,11.6,0.31,4.7
2010-02-03,0.4,-2.4,2.2,3084,0.2,0.5,4.0
2010-02-04,-0.7,-4.5,1.3,2545,0.0,0.43,2.1
2010-02-05,0.9,-1.0,3.6,6575,0.0,0.55,2.7
2010-02-06,-2.2,-7.3,-0.2,6189,0.0,0.35,2.1
2010-02-07,-5.9,-7.3,-3.6,2698,0.0,0.34,2.0
2010-02-08,-4.6,-5.9,-2.3,2751,0.0,0.38,2.3
2010-02-09,-4.6,-5.8,-1.9,3694,0.3,0.38,2.1
2010-02-10,-5.7,-7.2,-4.2,2860,0.4,0.34,2.3
2010-02-11,-2.9,-6.2,-0.4,2917,3.2,0.38,3.4
2010-02-12,-1.3,-2.8,0.3,2974,3.5,0.48,2.9
2010-02-13,-2.3,-3.0,-1.0,3032,0.4,0.47,2.0
2010-02-14,-2.9,-4.2,-1.5,3091,0.0,0.43,1.1
2010-02-15,-2.8,-4.2,-0.8,3151,0.0,0.43,1.5
2010-02-16,-2.0,-3.2,0.0,3974,0.0,0.46,2.1
2010-02-17,-3.0,-4.4,-1.1,5729,0.0,0.43,2.3
2010-02-18,-0.2,-3.6,2.8,3337,0.2,0.46,2.2
2010-02-19,0.2,-4.8,3.8,3401,0.9,0.42,2.4
2010-02-20,1.1,-2.0,4.4,7830,0.0,0.52,3.4
2010-02-21,-1.2,-6.3,2.7,9714,0.0,0.38,2.5
2010-02-22,0.9,-3.8,5.1,6875,5.0,0.46,2.7
2010-02-23,1.3,-1.8,4.9,3665,0.2,0.53,2.9
2010-02-24,-0.5,-2.0,0.9,3733,2.1,0.51,2.5
2010-02-25,3.9,0.6,7.9,6964,0.0,0.63,3.1
2010-02-26,4.5,2.8,7.6,4574,0.8,0.73,3.6
2010-02-27,4.1,2.1,6.9,4731,0.3,0.69,3.6
2010-02-28,4.7,1.7,9.7,4332,12.5,0.68,4.6
2010-03-01,2.9,1.3,3.9,4730,1.8,0.64,5.0
2010-03-02,2.0,0.1,4.5,5054,0.8,0.6,2.8
2010-03-03,1.2,-2.7,4.8,7034,0.4,0.5,2.8
2010-03-04,-1.7,-4.0,2.1,7054,0.5,0.44,2.8
2010-03-05,-2.6,-5.5,0.2,10780,0.0,0.39,2.8
2010-03-06,-3.0,-6.9,1.3,9305,0.0,0.36,3.7
2010-03-07,-1.9,-8.0,3.3,10549,0.0,0.34,2.6
2010-03-08,-1.0,-6.9,2.2,8253,0.0,0.37,2.0
2010-03-09,-2.2,-8.0,4.4,10648,0.0,0.35,2.7
2010-03-10,-1.1,-3.6,4.1,9810,0.0,0.46,3.2
2010-03-11,-2.7,-4.5,-1.1,5998,0.7,0.42,2.3
2010-03-12,2.2,-0.8,4.3,4912,1.7,0.56,2.7
2010-03-13,3.4,1.1,7.5,5629,1.2,0.65,3.9
2010-03-14,2.3,-1.2,5.8,5253,8.1,0.55,4.6
2010-03-15,0.3,-4.7,4.1,7936,1.5,0.43,3.7
2010-03-16,1.5,-0.9,4.3,6633,0.0,0.55,3.0
2010-03-17,4.7,-0.3,9.5,5400,0.0,0.6,2.5
2010-03-18,8.5,2.0,15.0,14552,0.0,0.74,2.2
2010-03-19,10.1,4.8,14.6,5658,0.0,0.86,2.9
2010-03-20,11.4,9.3,13.9,5545,2.8,1.13,3.2
2010-03-21,9.5,4.8,12.5,8074,3.4,0.84,3.4
2010-03-22,6.9,1.8,12.2,15878,0.0,0.7,1.7
2010-03-23,7.8,0.0,13.8,11959,0.0,0.65,2.1
2010-03-24,7.2,-1.5,14.8,12490,0.0,0.59,2.3
2010-03-25,11.3,4.6,19.6,17578,0.0,0.89,2.2
2010-03-26,14.5,6.8,21.3,10614,12.3,1.04,2.9
2010-03-27,7.6,4.9,10.9,7032,1.1,0.85,3.4
2010-03-28,7.8,5.4,11.8,8671,2.2,0.88,3.5
2010-03-29,6.3,1.4,10.4,6373,0.0,0.68,2.5
2010-03-30,8.5,1.0,15.9,10022,0.2,0.7,3.0
2010-03-31,9.5,4.2,11.8,7803,0.0,0.82,3.7
2010-04-01,6.1,0.8,11.6,14488,0.0,0.65,3.6
2010-04-02,4.8,-1.8,12.1,19118,0.0,0.56,2.4
2010-04-03,7.3,-0.2,13.4,16154,0.6,0.63,2.8
2010-04-04,9.0,4.2,14.0,8810,0.2,0.82,3.0
2010-04-05,5.9,0.0,8.8,6828,0.3,0.61,2.7
2010-04-06,6.9,-0.9,14.8,12507,0.0,0.62,2.1
2010-04-07,9.4,2.4,15.5,20904,0.0,0.76,2.5
2010-04-08,11.4,4.2,19.3,17952,0.1,0.87,2.1
2010-04-09,7.9,2.8,13.1,8483,0.3,0.76,2.6
2010-04-10,7.7,4.9,12.5,10927,0.4,0.86,2.7
2010-04-11,5.6,3.9,8.6,7635,0.1,0.78,3.0
2010-04-12,7.1,2.8,13.4,17367,0.0,0.75,3.0
2010-04-13,7.5,2.0,14.6,16467,0.0,0.73,2.3
2010-04-14,7.2,3.1,11.9,15785,0.0,0.75,2.6
2010-04-15,7.9,1.5,14.6,14632,0.0,0.7,2.2
2010-04-16,6.4,-0.3,12.7,16941,0.0,0.62,2.9
2010-04-17,8.2,-0.1,16.6,22411,0.0,0.66,2.4
2010-04-18,11.2,0.3,19.7,23136,0.0,0.7,1.9
2010-04-19,8.1,-0.8,13.2,20810,0.0,0.61,2.1
2010-04-20,6.5,-2.5,14.8,17282,0.7,0.56,2.9
2010-04-21,4.9,0.8,9.1,15142,4.5,0.64,3.6
2010-04-22,4.9,-1.1,11.1,12507,0.0,0.58,2.4
2010-04-23,5.5,-2.7,13.4,22262,0.0,0.54,2.0
2010-04-24,8.5,-0.2,15.5,17353,0.0,0.65,1.7
2010-04-25,13.0,4.1,20.2,24189,0.0,0.88,2.3
2010-04-26,12.9,9.0,18.9,13815,10.2,1.15,2.6
2010-04-27,11.0,5.3,15.1,10631,0.3,0.9,2.3
2010-04-28,12.4,3.1,20.3,23219,0.0,0.83,1.6
2010-04-29,16.9,8.9,24.6,18578,0.0,1.21,2.1
2010-04-30,16.5,10.8,21.9,15128,0.0,1.31,3.3
2010-05-01,12.7,5.5,19.4,16928,0.3,0.95,2.3
2010-05-02,11.0,5.3,15.6,11233,2.0,0.89,1.8
2010-05-03,8.1,5.8,10.2,8835,3.7,0.89,2.1
2010-05-04,7.1,0.0,11.4,10998,0.0,0.63,3.0
2010-05-05,7.2,-0.5,13.8,27062,0.0,0.62,3.3
2010-05-06,7.1,5.4,9.9,9014,9.8,0.87,3.4
2010-05-07,8.0,6.5,10.3,9072,0.9,0.93,2.4
2010-05-08,8.7,5.4,12.1,9254,1.3,0.88,1.5
2010-05-09,9.8,5.8,14.1,12440,0.3,0.91,1.4
2010-05-10,8.8,6.6,11.6,9239,0.0,0.95,1.8
2010-05-11,9.8,5.8,14.4,10928,3.7,0.91,2.3
2010-05-12,11.6,7.8,16.6,10857,2.0,1.05,2.7
2010-05-13,9.2,8.1,10.9,9397,0.0,1.04,2.0
2010-05-14,9.0,7.7,11.0,9447,11.0,1.02,1.9
2010-05-15,7.2,6.5,8.0,9497,15.6,0.93,2.9
2010-05-16,10.0,6.2,15.8,14621,0.0,0.95,3.6
2010-05-17,10.7,0.9,16.4,20904,0.0,0.69,2.7
2010-05-18,10.1,8.1,13.1,10274,23.7,1.05,3.3
2010-05-19,12.0,9.0,14.5,9682,2.2,1.12,3.2
2010-05-20,14.5,11.3,19.3,10236,0.0,1.32,2.3
2010-05-21,15.7,9.1,22.5,21655,0.0,1.2,2.1
2010-05-22,14.2,8.0,19.6,13520,0.0,1.09,2.0
2010-05-23,17.2,12.8,22.7,15230,0.2,1.48,2.3
2010-05-24,13.2,8.5,16.8,13221,11.4,1.1,2.8
2010-05-25,10.2,3.5,15.3,21224,0.0,0.81,3.0
2010-05-26,10.2,1.8,15.7,24356,1.8,0.73,2.0
2010-05-27,10.9,6.9,14.9,12438,0.9,0.98,1.9
2010-05-28,11.5,5.3,17.7,13890,0.7,0.92,2.1
2010-05-29,12.2,3.3,18.9,29520,1.6,0.83,1.8
2010-05-30,13.4,9.5,17.7,11379,7.8,1.17,3.0
2010-05-31,11.1,9.2,13.2,10119,19.3,1.13,3.3
2010-06-01,9.9,9.3,11.2,10147,0.5,1.13,2.7
2010-06-02,13.1,9.8,17.6,11595,0.0,1.19,2.9
2010-06-03,15.9,8.5,21.9,29337,0.0,1.14,2.8
2010-06-04,15.5,6.8,22.1,29889,0.0,1.04,1.9
2010-06-05,18.1,8.3,25.2,28626,0.0,1.18,1.4
2010-06-06,19.9,10.6,26.9,26713,3.3,1.37,1.7
2010-06-07,17.5,12.0,21.5,14950,0.1,1.41,3.0
2010-06-08,17.8,9.3,23.9,27800,15.3,1.22,1.9
2010-06-09,21.6,15.6,27.0,24582,0.0,1.79,1.8
2010-06-10,22.1,17.2,28.5,20192,0.8,1.99,1.9
2010-06-11,21.8,16.3,27.1,23711,3.0,1.88,3.0
2010-06-12,15.0,9.9,18.7,15423,0.0,1.22,2.8
2010-06-13,12.5,7.9,16.9,12061,0.0,1.06,2.2
2010-06-14,13.8,6.2,19.2,17002,0.0,0.98,1.6
2010-06-15,14.3,9.5,18.5,21035,0.0,1.18,2.7
2010-06-16,15.2,5.4,21.2,29869,0.0,0.96,3.1
2010-06-17,17.3,7.3,24.0,30654,0.0,1.1,2.4
2010-06-18,14.8,8.0,21.3,24557,0.0,1.12,3.0
2010-06-19,11.4,8.1,17.6,14824,1.5,1.08,2.9
2010-06-20,12.2,6.4,17.9,18329,0.9,0.98,2.2
2010-06-21,13.6,6.7,20.3,19756,0.8,1.03,1.9
2010-06-22,14.8,6.1,21.2,23776,0.0,1.0,1.6
2010-06-23,15.6,6.8,21.2,17932,0.0,1.03,1.4
2010-06-24,17.8,8.3,24.7,27655,0.0,1.18,1.4
2010-06-25,18.9,10.4,25.6,23625,0.1,1.32,1.8
2010-06-26,17.1,9.4,22.6,29579,0.0,1.22,1.8
2010-06-27,17.7,7.3,25.5,30601,0.0,1.11,1.6
2010-06-28,21.2,10.9,28.3,30455,0.0,1.42,1.5
2010-06-29,23.2,13.9,30.9,28493,0.0,1.7,1.5
2010-06-30,20.8,15.0,26.0,27048,0.0,1.72,1.8
2010-07-01,20.8,14.7,26.6,25991,0.0,1.7,1.5
2010-07-02,23.8,16.3,30.9,28296,0.0,1.93,1.6
2010-07-03,25.0,16.6,31.8,29693,0.0,1.98,1.9
2010-07-04,23.6,14.5,31.0,23201,2.8,1.75,2.0
2010-07-05,22.3,17.3,29.0,20977,3.3,2.0,2.1
2010-07-06,17.0,11.2,22.2,15785,0.0,1.34,2.6
2010-07-07,16.6,9.2,23.3,26080,0.0,1.21,1.6
2010-07-08,21.7,11.8,29.8,27720,0.0,1.51,1.6
2010-07-09,25.7,15.1,33.3,29872,0.0,1.84,1.6
2010-07-10,28.0,17.9,35.9,28285,0.0,2.19,1.6
2010-07-11,28.4,21.6,37.3,24768,0.1,2.69,1.9
2010-07-12,28.5,20.9,36.6,27939,1.9,2.58,2.2
2010-07-13,22.3,15.8,27.5,18647,0.1,1.83,1.9
2010-07-14,25.7,15.9,32.8,27585,0.4,1.93,2.3
2010-07-15,23.8,15.4,28.5,21254,0.0,1.81,2.8
2010-07-16,24.9,12.7,34.0,27864,0.0,1.66,2.0
2010-07-17,22.0,16.6,28.8,15916,1.5,1.93,2.3
2010-07-18,18.3,11.9,24.1,15871,0.0,1.43,1.9
2010-07-19,19.5,9.3,27.2,28453,0.0,1.27,1.7
2010-07-20,22.1,11.7,29.2,28134,0.0,1.49,1.9
2010-07-21,25.1,16.1,32.8,27177,0.0,1.94,2.0
2010-07-22,23.8,16.8,30.9,21648,16.1,1.98,2.0
2010-07-23,19.5,15.7,24.7,11566,1.5,1.76,1.8
2010-07-24,18.7,16.1,20.7,9618,1.0,1.77,3.4
2010-07-25,18.1,12.0,23.2,17159,0.0,1.42,2.6
2010-07-26,17.3,9.5,24.3,21264,0.0,1.25,1.6
2010-07-27,20.4,11.3,26.9,23085,0.0,1.42,1.7
2010-07-28,19.0,12.7,25.2,17226,0.6,1.5,2.4
2010-07-29,17.2,11.2,23.0,21052,0.0,1.35,2.5
2010-07-30,17.6,10.8,23.9,19348,0.0,1.34,2.3
2010-07-31,20.1,11.0,27.7,21900,0.0,1.41,2.0
2010-08-01,22.1,17.0,29.3,17328,4.2,1.98,1.9
2010-08-02,20.7,16.5,26.8,14766,1.3,1.89,1.5
2010-08-03,16.9,12.9,19.6,9109,2.2,1.45,2.0
2010-08-04,17.6,10.6,24.2,18096,0.0,1.33,2.0
2010-08-05,20.1,13.4,26.5,21353,0.0,1.57,1.9
2010-08-06,19.8,15.4,25.2,13127,0.0,1.76,2.2
2010-08-07,20.5,16.2,24.6,10106,0.0,1.83,1.9
2010-08-08,18.5,15.0,23.4,10410,0.0,1.7,1.7
2010-08-09,19.5,13.3,24.8,13155,0.0,1.54,1.6
2010-08-10,20.7,12.7,28.0,22587,0.0,1.55,1.7
2010-08-11,19.0,15.0,24.5,9966,0.8,1.7,1.9
2010-08-12,18.5,13.1,25.6,14258,32.1,1.53,1.5
2010-08-13,19.7,16.7,24.5,12002,15.3,1.87,1.5
2010-08-14,17.2,16.3,18.6,8435,10.5,1.8,2.1
2010-08-15,19.8,16.7,24.9,11965,2.8,1.87,2.7
2010-08-16,19.1,16.6,23.3,14394,7.6,1.85,2.5
2010-08-17,18.1,15.5,22.4,17042,3.1,1.72,3.0
2010-08-18,16.3,14.4,20.9,11129,2.4,1.6,3.1
2010-08-19,16.0,11.3,22.1,14119,0.6,1.36,2.6
2010-08-20,17.7,9.5,25.1,21084,0.0,1.25,1.7
2010-08-21,21.6,12.9,29.7,21546,0.1,1.58,2.0
2010-08-22,22.2,15.0,29.7,18150,0.3,1.79,2.1
2010-08-23,20.6,16.2,24.1,11876,0.2,1.82,2.8
2010-08-24,18.6,14.0,22.4,19418,0.0,1.57,4.0
2010-08-25,15.6,10.5,21.2,13190,1.3,1.29,3.2
2010-08-26,14.6,10.3,16.9,7591,10.6,1.22,2.2
2010-08-27,14.9,13.7,16.2,7516,11.7,1.52,3.1
2010-08-28,13.2,9.5,17.7,10959,0.5,1.17,2.9
2010-08-29,12.7,9.6,17.5,10075,14.5,1.18,3.1
2010-08-30,11.8,11.1,13.6,7290,17.9,1.28,3.3
2010-08-31,13.0,7.8,18.6,18272,0.0,1.07,2.7
2010-09-01,13.3,7.8,19.0,11248,0.2,1.07,2.0
2010-09-02,12.9,6.4,18.7,8717,2.5,0.98,1.8
2010-09-03,11.8,6.7,17.8,16319,2.3,1.0,1.4
2010-09-04,11.3,8.2,15.3,10727,3.2,1.07,1.6
2010-09-05,11.8,6.9,18.2,19309,0.0,1.0,2.0
2010-09-06,11.9,5.0,18.6,19910,0.0,0.9,2.6
2010-09-07,12.3,8.4,17.9,11495,0.0,1.1,3.1
2010-09-08,14.0,9.5,18.5,9894,0.0,1.18,3.3
2010-09-09,12.9,12.1,14.5,6513,5.6,1.36,2.2
2010-09-10,14.9,10.6,19.8,10218,2.6,1.27,2.0
2010-09-11,15.0,9.4,21.7,13036,0.0,1.21,1.8
2010-09-12,17.3,10.5,24.1,15917,3.8,1.32,1.6
2010-09-13,14.6,9.9,18.6,8666,4.3,1.21,2.3
2010-09-14,13.5,9.8,15.4,6116,15.0,1.18,3.4
2010-09-15,14.0,11.1,17.5,12732,3.8,1.3,4.1
2010-09-16,12.3,9.5,16.5,10286,0.0,1.16,3.6
2010-09-17,11.9,9.2,17.1,10274,0.2,1.15,3.2
2010-09-18,10.7,7.5,14.7,9367,2.0,1.02,2.6
2010-09-19,11.3,7.3,16.6,9554,0.3,1.02,2.4
2010-09-20,13.6,11.0,16.5,6126,3.3,1.28,2.5
2010-09-21,12.8,5.6,17.8,9527,0.0,0.93,1.8
2010-09-22,11.7,3.5,19.5,16422,0.0,0.84,1.5
2010-09-23,14.8,8.2,23.3,15584,0.0,1.15,1.7
2010-09-24,16.6,10.4,23.7,13814,0.0,1.3,2.0
2010-09-25,12.3,10.5,15.3,5243,15.7,1.23,2.2
2010-09-26,14.6,11.7,17.8,5165,7.5,1.35,2.2
2010-09-27,14.0,12.0,14.9,5087,2.5,1.35,3.0
2010-09-28,10.1,8.2,11.8,5009,0.3,1.05,2.5
2010-09-29,9.4,7.7,11.6,6104,0.6,1.02,1.7
2010-09-30,7.4,2.5,13.5,8517,0.0,0.74,1.7
2010-10-01,6.6,1.4,12.0,9998,0.0,0.69,2.1
2010-10-02,9.5,4.5,14.4,10573,0.0,0.84,2.6
2010-10-03,11.9,7.4,16.8,13389,0.0,1.03,3.1
2010-10-04,13.1,8.4,17.6,10907,0.0,1.11,3.0
2010-10-05,12.5,9.9,15.0,4476,0.0,1.18,2.3
2010-10-06,14.0,11.3,17.7,8863,0.0,1.31,2.4
2010-10-07,13.3,10.8,16.1,4911,0.0,1.27,1.9
2010-10-08,10.9,8.1,14.3,8623,0.0,1.06,2.5
2010-10-09,9.3,4.1,14.8,10217,0.0,0.83,2.6
2010-10-10,7.1,0.8,14.6,12259,0.0,0.68,2.4
2010-10-11,6.4,-0.5,12.7,4997,0.0,0.62,2.1
2010-10-12,4.5,-1.8,13.2,9888,0.0,0.57,1.4
2010-10-13,4.8,-1.5,13.3,11080,0.0,0.58,1.5
2010-10-14,6.3,-0.7,10.7,4833,0.0,0.6,1.9
2010-10-15,8.5,5.3,11.3,3761,2.5,0.87,1.6
2010-10-16,5.2,3.3,6.8,3693,3.1,0.75,2.6
2010-10-17,5.2,1.6,7.6,3850,0.0,0.67,2.2
2010-10-18,4.2,-1.3,10.8,10710,1.3,0.57,1.9
2010-10-19,5.4,2.9,6.9,3495,3.0,0.73,3.2
2010-10-20,6.5,0.8,9.3,4078,4.6,0.65,3.6
2010-10-21,4.2,0.8,6.8,3580,2.4,0.63,3.7
2010-10-22,7.0,4.6,9.0,3304,0.1,0.82,2.9
2010-10-23,6.3,1.2,11.0,8658,0.1,0.67,3.2
2010-10-24,7.7,4.5,9.5,3181,1.1,0.82,3.8
2010-10-25,4.8,0.3,9.6,8068,0.0,0.63,2.6
2010-10-26,4.1,-0.9,9.5,7479,0.0,0.58,2.0
2010-10-27,5.6,-0.5,9.2,3202,1.3,0.59,2.7
2010-10-28,8.4,6.5,9.9,2946,0.8,0.93,2.7
2010-10-29,9.5,6.4,13.2,7468,0.0,0.94,2.4
2010-10-30,9.5,6.4,14.4,5764,0.0,0.95,2.4
2010-10-31,6.8,1.8,11.5,3472,0.0,0.7,1.7
2010-11-01,6.5,1.0,9.4,2727,0.1,0.65,1.4
2010-11-02,8.2,7.4,9.0,2674,0.0,0.99,2.4
2010-11-03,10.4,8.5,13.9,2623,9.0,1.08,4.0
2010-11-04,11.9,8.3,14.4,2573,19.5,1.07,4.5
2010-11-05,12.5,8.9,14.1,2524,10.6,1.11,4.6
2010-11-06,6.6,-0.5,9.7,2709,1.7,0.59,3.2
2010-11-07,1.3,-1.5,6.1,4329,0.0,0.54,1.7
2010-11-08,1.8,-0.4,2.9,2382,0.7,0.57,2.2
2010-11-09,3.1,1.9,3.7,2337,0.0,0.67,2.0
2010-11-10,4.2,1.8,7.0,3347,1.6,0.68,2.1
2010-11-11,5.4,2.8,7.2,2360,6.0,0.72,4.3
2010-11-12,8.4,5.6,10.9,2371,0.2,0.89,6.1
2010-11-13,9.6,6.9,11.8,2221,1.4,0.96,4.4
2010-11-14,12.2,8.5,16.0,3079,0.2,1.1,2.9
2010-11-15,9.6,5.8,14.3,2455,0.5,0.92,2.4
2010-11-16,5.7,4.1,6.9,2053,7.0,0.79,2.3
2010-11-17,3.6,3.0,4.5,2016,0.3,0.73,2.4
2010-11-18,4.9,3.3,5.7,1981,15.6,0.74,1.8
2010-11-19,5.5,4.7,6.5,2047,0.0,0.82,1.8
2010-11-20,5.4,4.4,6.8,1914,0.0,0.8,1.5
2010-11-21,4.8,2.5,6.3,2613,0.1,0.71,2.3
2010-11-22,3.8,2.1,4.9,1851,7.0,0.69,3.1
2010-11-23,3.0,1.2,4.9,1822,2.2,0.64,3.8
2010-11-24,0.7,-1.1,2.7,1793,0.7,0.54,3.3
2010-11-25,-1.5,-4.3,0.2,4055,0.0,0.43,1.8
2010-11-26,-2.5,-5.0,-0.4,2896,0.0,0.41,1.8
2010-11-27,-1.9,-2.9,-1.2,1714,0.0,0.47,1.4
2010-11-28,-2.5,-4.6,-0.6,2507,0.0,0.42,1.9
2010-11-29,-1.1,-2.3,-0.2,1667,0.0,0.5,3.1
2010-11-30,-4.6,-8.6,-2.2,2625,0.0,0.31,2.9
2010-12-01,-9.7,-12.2,-8.5,1800,3.5,0.23,4.4
2010-12-02,-8.8,-13.3,-7.4,1604,1.6,0.21,2.4
2010-12-03,-7.3,-11.2,-5.2,1585,0.7,0.25,1.8
2010-12-04,-7.2,-11.7,-4.8,3035,0.5,0.24,3.0
2010-12-05,-1.8,-5.2,0.6,1550,4.1,0.41,3.5
2010-12-06,0.5,-0.7,1.1,1535,0.0,0.56,1.7
2010-12-07,-2.3,-4.1,-0.6,1520,0.0,0.43,1.6
2010-12-08,-3.4,-4.4,-1.3,1507,5.7,0.42,2.0
2010-12-09,-1.7,-5.6,0.3,1494,0.9,0.39,4.2
2010-12-10,-2.7,-6.0,0.3,2191,5.3,0.38,3.4
2010-12-11,3.2,0.3,4.8,1473,2.9,0.6,5.3
2010-12-12,-0.3,-4.2,3.1,1463,0.5,0.44,4.0
2010-12-13,-2.9,-5.2,0.0,3881,0.8,0.41,2.6
2010-12-14,-1.7,-3.3,-0.9,1448,2.5,0.46,2.9
2010-12-15,-3.0,-6.1,-1.2,1442,1.8,0.37,3.0
2010-12-16,-4.5,-5.8,-3.3,1478,6.3,0.38,3.4
2010-12-17,-3.9,-6.4,-3.1,1433,4.4,0.36,2.1
2010-12-18,-6.7,-9.1,-5.9,1471,0.0,0.29,1.8
2010-12-19,-10.4,-13.3,-7.3,1672,2.5,0.21,2.4
2010-12-20,-7.2,-9.6,-6.3,1671,0.7,0.28,2.7
2010-12-21,-12.1,-16.1,-7.5,3132,0.0,0.17,1.6
2010-12-22,-7.0,-14.7,-1.8,1428,5.7,0.2,2.1
2010-12-23,-0.4,-1.8,0.1,1431,2.2,0.51,2.8
2010-12-24,-1.1,-3.6,0.1,1434,0.8,0.45,3.9
2010-12-25,-5.3,-6.9,-3.4,1438,0.1,0.35,3.1
2010-12-26,-7.8,-10.7,-5.8,1444,1.7,0.26,2.0
2010-12-27,-5.2,-7.8,-4.3,1450,1.5,0.33,2.0
2010-12-28,-8.0,-10.6,-6.5,1457,0.0,0.26,1.9
2010-12-29,-9.8,-12.5,-8.1,1466,0.0,0.23,1.6
2010-12-30,-10.5,-13.1,-5.8,1476,0.1,0.22,1.5
2010-12-31,-0.1,-5.8,1.4,1486,0.0,0.39,2.3
2011-01-01,2.3,1.1,3.3,1582,0.0,0.64,3.4
2011-01-02,-1.1,-5.0,1.1,2438,0.0,0.41,2.6
2011-01-03,-3.0,-4.1,-1.7,1524,0.0,0.43,1.9
2011-01-04,-0.9,-5.7,0.7,1539,0.0,0.39,2.1
2011-01-05,-5.8,-8.3,-3.4,3663,0.1,0.32,2.8
2011-01-06,0.0,-5.9,3.7,1572,6.3,0.4,3.5
2011-01-07,2.6,1.7,5.8,1590,2.8,0.67,2.5
2011-01-08,4.5,2.1,6.8,2402,0.9,0.69,3.2
2011-01-09,3.8,-0.4,6.5,1630,0.9,0.59,2.6
2011-01-10,-0.1,-2.8,3.3,4158,0.0,0.48,1.9
2011-01-11,0.1,-3.0,2.4,1674,1.0,0.47,2.7
2011-01-12,2.6,1.7,3.7,1697,0.4,0.66,3.4
2011-01-13,2.9,2.0,6.5,1722,4.4,0.69,3.2
2011-01-14,8.7,6.2,10.0,1748,8.7,0.91,3.6
2011-01-15,7.4,4.4,9.6,2150,1.9,0.81,3.7
2011-01-16,7.0,5.1,9.0,2087,0.0,0.85,2.7
2011-01-17,5.2,1.9,8.0,4660,0.0,0.68,2.1
2011-01-18,4.7,2.3,7.4,1862,0.1,0.7,2.2
2011-01-19,2.3,0.7,4.7,2481,0.9,0.62,2.2
2011-01-20,0.3,-1.0,1.2,1925,0.0,0.54,2.1
2011-01-21,-0.2,-2.0,0.9,1959,0.0,0.51,2.1
2011-01-22,-0.5,-2.1,0.7,1993,0.0,0.5,1.8
2011-01-23,0.1,-0.9,0.9,2029,0.9,0.55,1.8
2011-01-24,0.8,-0.2,3.2,2066,1.5,0.58,2.3
2011-01-25,2.7,1.0,4.2,2104,3.2,0.63,3.6
2011-01-26,0.1,-2.0,1.6,2143,1.3,0.51,2.3
2011-01-27,-1.8,-6.0,0.2,3099,0.0,0.38,2.6
2011-01-28,-4.6,-8.8,1.0,5878,0.0,0.32,2.5
2011-01-29,-4.8,-8.3,0.9,5855,0.0,0.33,1.7
2011-01-30,-3.0,-8.3,1.1,2311,0.0,0.33,1.6
2011-01-31,-5.6,-8.5,-3.2,2355,0.0,0.31,1.5
2011-02-01,-4.0,-4.6,-2.9,2401,0.2,0.42,2.4
2011-02-02,0.0,-3.1,1.9,2448,0.1,0.47,3.0
2011-02-03,2.0,-0.2,4.7,2496,0.6,0.58,3.3
2011-02-04,4.3,0.6,9.1,2545,6.0,0.64,5.4
2011-02-05,8.4,6.0,9.9,2595,22.8,0.91,6.1
2011-02-06,6.6,4.2,9.4,2646,5.8,0.8,4.2
2011-02-07,7.4,4.6,9.7,3316,0.0,0.82,3.7
2011-02-08,5.5,1.0,9.5,4819,0.0,0.65,3.4
2011-02-09,0.7,-2.0,3.4,2869,0.0,0.52,1.7
2011-02-10,2.2,-1.3,5.8,3439,5.0,0.55,2.5
2011-02-11,3.9,-0.8,6.1,4023,0.2,0.57,3.4
2011-02-12,-1.1,-3.3,1.5,8576,0.0,0.46,2.9
2011-02-13,-0.4,-2.0,1.5,3633,0.0,0.51,2.5
2011-02-14,-1.3,-2.8,0.2,3362,0.0,0.48,3.3
2011-02-15,-2.4,-4.3,0.2,3904,0.0,0.43,3.2
2011-02-16,-1.6,-3.5,1.2,4598,0.0,0.46,2.7
2011-02-17,-2.5,-4.0,-1.2,3274,0.0,0.44,2.5
2011-02-18,-2.4,-3.2,-1.0,3337,0.0,0.46,2.1
2011-02-19,-2.7,-3.7,-2.0,3401,0.0,0.45,2.6
2011-02-20,-5.2,-8.7,-1.4,4921,0.0,0.31,3.4
2011-02-21,-6.4,-10.6,-3.2,7948,0.0,0.27,2.8
2011-02-22,-9.4,-13.1,-3.7,10823,0.0,0.22,2.4
2011-02-23,-9.5,-15.2,-4.1,11051,0.0,0.19,2.2
2011-02-24,-5.7,-9.7,-0.1,8384,0.0,0.3,2.3
2011-02-25,-4.9,-10.7,1.7,10590,0.0,0.28,2.1
2011-02-26,-2.1,-8.3,4.8,11673,0.0,0.34,2.7
2011-02-27,-0.5,-4.7,3.6,8755,0.0,0.43,2.6
2011-02-28,2.6,-2.8,9.3,8481,0.0,0.51,2.1
2011-03-01,0.6,-4.0,7.8,11830,0.0,0.47,2.7
2011-03-02,0.3,-3.2,5.7,10765,0.0,0.48,3.6
2011-03-03,-0.2,-5.7,7.4,12312,0.0,0.42,2.6
2011-03-04,-1.1,-5.5,7.5,8721,0.0,0.43,1.8
2011-03-05,0.9,-2.8,7.8,7242,0.0,0.51,2.4
2011-03-06,0.1,-6.3,5.4,13221,0.0,0.39,2.4
2011-03-07,-2.4,-9.5,4.8,13215,0.0,0.32,2.7
2011-03-08,1.8,-5.8,8.8,13380,0.0,0.42,2.5
2011-03-09,5.0,-2.1,12.9,8454,0.1,0.56,3.5
2011-03-10,5.8,0.0,10.8,8037,3.4,0.62,4.3
2011-03-11,5.2,-0.5,9.8,10384,0.0,0.59,3.6
2011-03-12,4.5,-2.4,12.1,11510,0.0,0.55,2.1
2011-03-13,7.1,0.8,14.1,8001,0.5,0.68,1.7
2011-03-14,8.0,4.5,11.5,6174,1.9,0.82,1.3
2011-03-15,5.1,0.7,9.1,6356,0.0,0.64,3.2
2011-03-16,3.0,0.4,5.6,5226,7.8,0.61,3.9
2011-03-17,3.0,2.2,4.6,5306,7.6,0.69,3.0
2011-03-18,2.8,1.4,4.0,5385,0.0,0.65,3.1
2011-03-19,4.4,0.3,8.6,14422,0.0,0.62,2.3
2011-03-20,2.2,-1.5,8.0,9625,0.0,0.55,1.6
2011-03-21,4.8,-2.4,13.2,16498,0.0,0.55,1.9
2011-03-22,9.1,2.2,15.8,15187,0.0,0.75,2.1
2011-03-23,7.3,2.9,12.9,16041,0.0,0.76,2.1
2011-03-24,8.9,2.6,16.0,15400,0.0,0.77,2.3
2011-03-25,7.4,4.6,10.5,5947,0.1,0.83,2.4
2011-03-26,4.0,-2.9,7.2,10716,0.0,0.5,2.2
2011-03-27,0.3,-3.8,7.7,12474,0.0,0.48,1.5
2011-03-28,2.2,-3.3,9.0,12395,0.0,0.5,2.1
2011-03-29,4.0,-3.8,12.7,18354,0.0,0.5,1.7
2011-03-30,7.0,-3.0,15.3,16422,0.0,0.55,1.8
2011-03-31,10.8,5.6,15.6,9071,1.4,0.91,3.4
2011-04-01,13.3,10.2,17.5,15126,0.1,1.22,3.4
2011-04-02,14.9,11.1,20.5,10552,0.0,1.33,2.1
2011-04-03,14.4,8.3,21.7,17016,15.8,1.13,1.9
2011-04-04,9.3,6.3,14.9,9135,1.5,0.95,2.6
2011-04-05,9.5,3.0,14.9,13704,0.4,0.77,3.1
2011-04-06,11.9,10.0,14.0,6907,0.0,1.19,3.1
2011-04-07,12.6,6.2,18.9,13392,0.0,0.97,4.0
2011-04-08,9.6,5.1,16.1,11286,0.0,0.89,4.3
2011-04-09,8.4,1.2,14.1,20885,0.0,0.69,3.1
2011-04-10,9.9,0.4,17.9,21264,0.0,0.7,1.7
2011-04-11,12.0,3.7,20.8,16560,0.0,0.86,1.8
2011-04-12,8.0,5.2,11.6,10326,6.6,0.87,4.8
2011-04-13,5.6,4.9,6.4,7449,5.0,0.83,4.2
2011-04-14,6.6,3.2,9.9,7525,1.9,0.76,1.9
2011-04-15,7.5,1.0,14.2,17053,0.0,0.68,1.6
2011-04-16,8.9,-0.4,16.0,16594,0.0,0.64,1.5
2011-04-17,10.9,4.8,16.6,11123,0.0,0.88,1.7
2011-04-18,11.3,2.1,19.7,22317,0.0,0.78,1.6
2011-04-19,13.9,7.0,20.6,20575,0.0,1.05,1.9
2011-04-20,14.1,6.9,21.2,23532,0.0,1.04,1.5
2011-04-21,14.7,3.7,22.4,23549,0.0,0.88,1.6
2011-04-22,16.5,6.0,23.2,23445,0.0,1.02,2.2
2011-04-23,16.9,11.8,22.3,23814,0.0,1.39,2.5
2011-04-24,15.0,8.7,21.3,23822,0.0,1.15,2.3
2011-04-25,12.8,6.5,19.4,15411,0.0,1.0,2.3
2011-04-26,13.9,7.6,22.3,16952,6.3,1.1,2.1
2011-04-27,14.7,7.1,22.2,18381,0.0,1.07,2.1
2011-04-28,14.9,7.9,22.5,16536,0.0,1.12,2.5
2011-04-29,13.1,7.5,20.7,22844,0.0,1.08,3.5
2011-04-30,10.6,5.7,15.9,26010,0.0,0.93,3.6
2011-05-01,8.6,4.3,13.1,25758,0.0,0.83,3.0
2011-05-02,6.4,2.7,11.0,15046,0.0,0.74,3.1
2011-05-03,6.2,0.6,11.4,19320,0.0,0.65,2.6
2011-05-04,6.6,-1.1,11.8,16193,0.3,0.58,1.9
2011-05-05,7.6,-2.0,15.6,21977,0.0,0.59,1.5
2011-05-06,11.9,0.1,21.0,25923,0.0,0.71,1.9
2011-05-07,15.6,6.9,22.9,26770,0.0,1.06,2.6
2011-05-08,15.6,6.7,23.4,25619,0.0,1.06,3.1
2011-05-09,17.3,9.1,24.2,26714,0.0,1.21,2.9
2011-05-10,18.3,8.1,27.0,25301,0.0,1.18,1.6
2011-05-11,18.3,9.2,27.4,20861,1.2,1.28,1.8
2011-05-12,15.6,9.5,23.5,19425,10.5,1.25,2.0
2011-05-13,13.4,8.8,19.7,17097,0.0,1.15,2.2
2011-05-14,13.1,5.9,20.8,14127,2.8,0.98,2.4
2011-05-15,9.4,3.1,16.8,18238,1.4,0.8,2.9
2011-05-16,10.0,2.6,14.0,14113,4.7,0.75,3.3
2011-05-17,13.2,10.7,17.0,11244,1.4,1.26,3.0
2011-05-18,15.7,10.9,22.3,23131,0.0,1.32,2.0
2011-05-19,16.2,9.5,25.4,21665,4.8,1.26,1.7
2011-05-20,16.6,11.4,23.4,17895,1.3,1.37,1.5
2011-05-21,17.1,9.2,22.5,26896,0.0,1.21,1.5
2011-05-22,18.7,11.7,27.1,19663,4.4,1.44,2.5
2011-05-23,15.1,8.4,20.6,26121,0.0,1.13,2.4
2011-05-24,13.8,6.5,21.3,23869,0.0,1.02,3.3
2011-05-25,12.9,4.4,19.4,25975,0.0,0.88,2.3
2011-05-26,17.8,7.8,26.1,25256,0.0,1.15,3.4
2011-05-27,14.5,7.8,19.0,18485,0.2,1.07,3.4
2011-05-28,13.0,5.1,18.6,18655,0.1,0.91,2.5
2011-05-29,16.1,12.1,20.9,17663,0.0,1.4,2.8
2011-05-30,21.7,10.3,29.8,29179,0.0,1.39,2.1
2011-05-31,20.8,13.5,31.4,23155,4.9,1.66,2.8
2011-06-01,14.1,7.4,19.1,16476,0.0,1.05,2.9
2011-06-02,15.4,7.0,21.7,30594,0.0,1.06,2.6
2011-06-03,18.2,8.4,25.1,28173,0.0,1.18,2.8
2011-06-04,20.1,10.6,27.5,28854,0.0,1.36,2.4
2011-06-05,23.7,16.1,31.3,26037,1.5,1.92,2.3
2011-06-06,22.2,17.3,30.6,23475,14.7,2.04,2.1
2011-06-07,19.8,16.4,24.7,19743,9.6,1.84,1.7
2011-06-08,19.1,13.6,24.5,16395,10.6,1.57,2.7
2011-06-09,16.2,12.6,20.5,17062,0.0,1.43,2.6
2011-06-10,15.3,9.4,20.5,27454,0.0,1.19,1.5
2011-06-11,15.9,8.7,23.1,19300,0.3,1.19,1.9
2011-06-12,15.3,7.6,20.7,26191,0.0,1.08,1.4
2011-06-13,18.5,11.8,25.4,26335,0.0,1.43,2.1
2011-06-14,18.0,11.0,24.1,15575,0.4,1.36,1.9
2011-06-15,17.2,8.8,23.6,24799,0.0,1.19,1.4
2011-06-16,21.0,14.9,27.4,20004,2.5,1.74,2.2
2011-06-17,16.6,13.7,21.9,20659,3.8,1.55,2.6
2011-06-18,15.8,9.5,21.8,16379,4.7,1.22,3.5
2011-06-19,12.9,8.0,18.2,16511,7.2,1.08,4.3
2011-06-20,14.8,10.9,19.4,16382,0.0,1.3,3.0
2011-06-21,16.3,8.6,22.2,20275,0.3,1.16,2.4
2011-06-22,18.9,11.6,26.6,20013,18.7,1.43,2.5
2011-06-23,16.5,12.0,21.6,20397,1.4,1.39,3.0
2011-06-24,13.6,9.1,18.0,20520,5.5,1.14,2.9
2011-06-25,14.4,9.2,19.8,19085,0.0,1.18,2.5
2011-06-26,15.9,12.1,21.2,11814,0.0,1.39,1.8
2011-06-27,19.4,10.4,26.1,30860,0.0,1.35,1.9
2011-06-28,20.3,12.2,26.7,31232,0.0,1.48,2.3
2011-06-29,22.1,14.5,29.0,30177,0.0,1.73,2.3
2011-06-30,14.9,9.7,18.0,10472,1.0,1.19,3.1
2011-07-01,14.3,6.9,19.2,22237,0.4,1.01,2.7
2011-07-02,12.7,11.8,15.9,10312,34.4,1.34,3.5
2011-07-03,17.3,15.6,18.4,10812,4.5,1.71,3.5
2011-07-04,16.9,16.1,17.9,10276,15.7,1.77,2.2
2011-07-05,18.7,14.5,24.4,20977,0.0,1.65,1.4
2011-07-06,19.9,12.2,26.3,27533,2.9,1.48,2.1
2011-07-07,20.4,14.1,26.1,21822,3.7,1.65,1.8
2011-07-08,19.4,13.8,24.1,19469,1.8,1.58,2.4
2011-07-09,21.1,13.4,28.6,23817,0.0,1.61,2.3
2011-07-10,19.5,16.1,24.0,19788,5.5,1.81,1.7
2011-07-11,17.2,12.5,23.0,17694,0.3,1.45,1.7
2011-07-12,19.2,11.5,25.2,24212,0.0,1.41,2.2
2011-07-13,19.9,17.5,24.0,14923,8.2,1.97,2.9
2011-07-14,16.6,12.9,20.7,13603,0.0,1.47,3.8
2011-07-15,14.9,12.9,18.7,10362,0.3,1.46,3.3
2011-07-16,18.1,10.2,25.0,26328,0.0,1.3,2.4
2011-07-17,19.0,15.0,25.7,12975,13.0,1.7,3.1
2011-07-18,17.5,12.1,23.0,20214,0.0,1.41,3.3
2011-07-19,17.8,10.4,24.5,26667,0.0,1.32,2.0
2011-07-20,19.0,15.3,22.7,11319,0.0,1.71,2.8
2011-07-21,16.2,14.7,17.7,9749,44.8,1.61,2.7
2011-07-22,13.4,12.6,14.8,9707,31.8,1.41,3.9
2011-07-23,14.3,10.0,19.4,12454,0.0,1.22,3.7
2011-07-24,13.8,9.6,16.9,15824,0.1,1.17,3.5
2011-07-25,13.8,10.6,17.2,9699,1.5,1.25,1.9
2011-07-26,17.1,13.0,22.7,19497,0.0,1.49,1.4
2011-07-27,18.5,13.6,24.3,21699,0.1,1.56,1.5
2011-07-28,17.7,14.4,22.7,10308,15.8,1.63,1.9
2011-07-29,14.3,13.1,16.6,9377,46.5,1.46,2.8
2011-07-30,16.8,14.3,19.7,9326,30.6,1.59,3.3
2011-07-31,17.6,15.8,20.1,10898,1.9,1.74,2.4
2011-08-01,18.8,12.8,23.0,16580,4.9,1.48,1.5
2011-08-02,19.2,12.2,24.8,24351,0.0,1.46,1.9
2011-08-03,20.1,13.6,25.7,25005,0.0,1.58,2.2
2011-08-04,19.6,15.4,24.3,13265,2.9,1.75,1.9
2011-08-05,19.4,13.5,23.7,16533,2.1,1.54,1.9
2011-08-06,21.8,13.7,28.0,19413,0.7,1.63,1.9
2011-08-07,18.9,11.9,21.7,12319,0.1,1.4,2.8
2011-08-08,15.7,10.9,22.1,17765,3.6,1.33,3.5
2011-08-09,15.8,13.0,19.4,14133,0.3,1.46,4.4
2011-08-10,14.5,12.1,18.7,12105,4.4,1.37,3.3
2011-08-11,16.9,12.5,23.8,10087,2.0,1.47,3.3
2011-08-12,17.4,15.1,22.0,10503,6.9,1.68,2.4
2011-08-13,17.5,12.4,22.2,16348,0.0,1.44,1.7
2011-08-14,18.6,11.9,25.1,12044,15.4,1.44,2.3
2011-08-15,17.8,13.8,22.1,15443,1.2,1.57,2.0
2011-08-16,15.5,9.7,19.7,15111,0.0,1.21,1.4
2011-08-17,17.8,10.1,24.3,18471,0.0,1.28,1.6
2011-08-18,19.8,14.8,25.5,18600,3.8,1.68,1.7
2011-08-19,18.3,12.6,23.1,13174,0.0,1.46,3.3
2011-08-20,16.2,10.5,22.2,23555,0.0,1.28,1.8
2011-08-21,19.3,11.1,25.3,16273,4.8,1.39,1.8
2011-08-22,19.9,14.7,24.7,19317,0.0,1.67,1.9
2011-08-23,17.1,14.4,20.4,10134,3.2,1.59,2.1
2011-08-24,20.9,14.4,27.7,16296,8.0,1.69,1.8
2011-08-25,20.8,17.6,25.7,14802,0.0,1.99,1.6
2011-08-26,24.4,18.3,30.0,21340,0.0,2.13,2.7
2011-08-27,17.6,13.0,22.5,7516,4.2,1.5,3.2
2011-08-28,15.2,11.7,19.7,12547,0.1,1.36,2.9
2011-08-29,13.2,10.0,17.4,11430,2.1,1.21,3.2
2011-08-30,12.5,8.1,16.0,10098,0.3,1.07,2.6
2011-08-31,13.4,7.7,18.1,10006,0.2,1.06,1.8
2011-09-01,13.0,7.3,19.2,10914,0.0,1.04,1.4
2011-09-02,13.5,5.3,20.5,19212,0.0,0.94,1.3
2011-09-03,19.1,10.3,27.7,20163,0.0,1.34,1.5
2011-09-04,21.0,15.9,27.0,14003,4.0,1.83,1.8
2011-09-05,17.6,11.2,21.2,6827,3.4,1.33,2.9
2011-09-06,15.9,9.9,21.5,15379,11.0,1.25,3.7
2011-09-07,14.2,11.7,17.4,10101,7.4,1.34,4.3
2011-09-08,12.3,10.3,16.4,6911,6.6,1.22,3.7
2011-09-09,14.1,10.1,18.1,7677,0.3,1.23,2.0
2011-09-10,17.5,14.2,21.8,9062,0.2,1.59,1.8
2011-09-11,20.4,15.6,27.3,16169,13.5,1.81,2.3
2011-09-12,17.9,15.5,20.6,11148,0.4,1.72,3.9
2011-09-13,17.0,11.1,20.5,14946,0.0,1.33,3.9
2011-09-14,14.4,10.9,17.9,10102,0.0,1.27,3.5
2011-09-15,13.1,9.2,17.4,10196,0.1,1.15,2.6
2011-09-16,11.3,6.0,16.2,11998,0.1,0.94,1.6
2011-09-17,13.8,6.4,20.5,11173,0.0,1.01,2.3
2011-09-18,15.0,12.4,19.1,5797,5.1,1.41,2.3
2011-09-19,13.1,8.3,18.3,15063,0.0,1.1,2.2
2011-09-20,12.7,6.2,19.7,15592,0.0,0.99,2.1
2011-09-21,13.5,8.3,20.0,11850,0.0,1.12,2.1
2011-09-22,13.8,6.3,18.3,8839,0.2,0.98,2.7
2011-09-23,10.5,5.2,16.6,11777,0.0,0.9,1.8
2011-09-24,11.7,4.1,19.7,14946,0.0,0.87,1.5
2011-09-25,13.8,8.3,22.1,14877,0.0,1.15,1.2
2011-09-26,15.6,8.0,23.8,14157,0.0,1.15,1.5
2011-09-27,15.0,6.9,20.1,9037,0.0,1.02,1.2
2011-09-28,12.6,5.0,21.2,13384,0.0,0.93,1.5
2011-09-29,14.8,7.4,24.3,12868,0.0,1.12,1.4
2011-09-30,15.4,7.4,25.6,14235,0.0,1.12,1.4
2011-10-01,16.1,7.7,26.6,14157,0.0,1.16,1.1
2011-10-02,16.1,8.0,25.5,13464,0.0,1.17,1.1
2011-10-03,15.9,8.1,21.7,8270,0.1,1.12,1.9
2011-10-04,17.3,12.8,21.9,9705,0.0,1.48,2.8
2011-10-05,15.3,13.0,18.0,4731,0.2,1.46,3.0
2011-10-06,14.6,8.7,20.0,6001,4.9,1.14,4.2
2011-10-07,8.8,4.9,12.5,8410,0.7,0.86,3.8
2011-10-08,8.1,5.8,12.4,6563,2.2,0.9,3.8
2011-10-09,8.8,4.5,13.9,10054,3.2,0.84,2.6
2011-10-10,12.5,8.2,15.6,4111,9.0,1.07,4.0
2011-10-11,12.0,9.2,13.8,4119,6.6,1.12,4.3
2011-10-12,8.9,4.1,14.0,9257,0.1,0.82,3.2
2011-10-13,7.0,1.0,13.6,10611,0.0,0.68,1.9
2011-10-14,4.6,-0.4,11.6,8846,0.0,0.61,1.7
2011-10-15,4.1,-1.8,11.4,11011,0.0,0.56,2.0
2011-10-16,6.2,0.3,13.5,10936,0.0,0.65,2.0
2011-10-17,7.6,0.5,14.3,10487,0.0,0.67,2.0
2011-10-18,8.0,4.2,14.8,6288,1.1,0.83,3.6
2011-10-19,8.1,3.7,12.0,7574,0.0,0.79,3.2
2011-10-20,5.8,2.0,10.0,5806,0.0,0.7,2.5
2011-10-21,4.0,-0.5,11.1,5501,0.0,0.6,1.9
2011-10-22,4.0,-1.6,11.3,9700,0.0,0.56,2.1
2011-10-23,4.8,0.2,11.5,9492,0.0,0.63,2.4
2011-10-24,6.7,3.7,9.0,3181,0.0,0.78,3.7
2011-10-25,9.0,7.3,10.6,6035,0.2,0.99,3.5
2011-10-26,9.9,7.0,11.8,3062,0.6,0.97,2.0
2011-10-27,9.4,6.7,12.6,3334,0.0,0.95,2.1
2011-10-28,10.4,5.7,14.3,4121,0.0,0.9,1.5
2011-10-29,9.7,3.6,15.5,7339,0.0,0.8,1.5
2011-10-30,11.8,8.3,16.6,4554,0.0,1.09,1.8
2011-10-31,12.4,10.7,14.3,2780,0.0,1.24,1.6
2011-11-01,10.3,5.4,14.9,6764,0.0,0.89,2.1
2011-11-02,6.3,3.6,8.1,3840,0.0,0.77,2.0
2011-11-03,7.1,3.9,11.9,5712,0.0,0.8,2.6
2011-11-04,6.4,3.4,11.2,4128,0.0,0.77,2.4
2011-11-05,7.1,4.0,11.3,6126,0.0,0.8,2.1
2011-11-06,8.1,5.0,14.0,6383,0.0,0.86,1.9
2011-11-07,6.8,2.8,12.5,6287,0.0,0.75,2.4
2011-11-08,5.1,2.8,10.6,5397,0.0,0.74,2.1
2011-11-09,4.3,2.8,6.2,2337,0.0,0.72,1.6
2011-11-10,3.4,0.2,6.0,2793,0.0,0.61,2.5
2011-11-11,1.5,-0.8,4.3,5429,0.0,0.56,3.2
2011-11-12,0.8,-2.2,6.0,6215,0.0,0.52,2.1
2011-11-13,0.3,-3.8,7.4,6072,0.0,0.47,1.4
2011-11-14,0.1,-4.7,4.2,4876,0.0,0.43,1.4
2011-11-15,2.0,1.2,2.5,2090,0.0,0.64,1.9
2011-11-16,2.8,-0.6,7.0,4168,0.0,0.58,2.1
2011-11-17,-0.4,-1.9,1.3,2016,0.0,0.51,1.8
2011-11-18,0.8,-0.9,3.2,1981,0.0,0.55,1.4
2011-11-19,5.1,3.0,7.9,1947,0.0,0.74,1.4
2011-11-20,4.1,-1.5,9.0,1914,0.0,0.55,1.4
2011-11-21,1.2,-2.5,6.6,5147,0.0,0.51,1.4
2011-11-22,1.6,-1.2,5.5,3538,0.0,0.55,1.5
2011-11-23,0.0,-1.7,1.3,1822,0.1,0.52,1.5
2011-11-24,4.6,1.2,7.9,1793,0.0,0.65,2.1
2011-11-25,5.1,0.9,8.9,4102,0.5,0.65,3.0
2011-11-26,6.7,4.8,9.2,2803,0.3,0.83,3.7
2011-11-27,9.0,6.6,10.0,1714,1.2,0.94,5.1
2011-11-28,4.6,0.0,8.4,4594,0.0,0.61,2.4
2011-11-29,1.6,-2.4,5.6,4635,0.0,0.5,2.6
2011-11-30,4.0,-0.6,9.2,4185,0.0,0.59,2.7
2011-12-01,4.0,-1.8,9.3,1668,0.6,0.55,3.2
2011-12-02,7.6,3.8,11.6,1604,0.7,0.79,3.1
2011-12-03,4.5,1.6,7.1,1846,5.1,0.67,4.6
2011-12-04,5.8,3.4,7.5,1653,1.9,0.75,4.5
2011-12-05,3.5,1.5,5.5,2236,0.6,0.66,4.5
2011-12-06,3.0,1.5,4.5,1620,0.3,0.65,4.0
2011-12-07,2.5,0.2,4.3,1901,9.9,0.6,4.8
2011-12-08,4.2,3.2,5.7,2180,6.1,0.74,4.8
2011-12-09,5.4,2.2,7.7,2959,0.8,0.7,5.1
2011-12-10,2.4,0.6,3.8,1483,2.9,0.61,3.3
2011-12-11,2.2,-0.4,4.6,3048,0.3,0.58,2.5
2011-12-12,3.0,-1.0,6.4,1463,1.8,0.56,3.3
2011-12-13,4.2,1.4,7.5,1455,6.9,0.66,4.7
2011-12-14,5.3,3.0,9.2,1448,3.7,0.74,4.5
2011-12-15,4.4,3.2,5.7,1687,1.7,0.74,4.0
2011-12-16,2.5,0.4,4.5,1437,19.5,0.61,5.3
2011-12-17,3.0,1.0,4.1,1474,0.4,0.63,4.6
2011-12-18,2.7,1.8,3.7,1430,0.7,0.67,3.6
2011-12-19,2.4,1.5,2.9,1428,0.1,0.65,3.1
2011-12-20,0.8,-0.5,1.9,2483,1.9,0.57,3.1
2011-12-21,1.7,0.1,4.1,1874,0.2,0.6,2.8
2011-12-22,2.3,0.3,4.4,1428,0.9,0.61,2.2
2011-12-23,7.3,4.3,9.2,1431,1.1,0.81,2.8
2011-12-24,5.2,1.4,7.6,1434,1.8,0.66,4.1
2011-12-25,5.4,2.1,9.0,1438,1.3,0.7,3.8
2011-12-26,9.8,8.9,10.7,1444,0.4,1.09,3.4
2011-12-27,8.9,6.9,10.7,1450,0.6,0.96,2.5
2011-12-28,6.3,4.6,7.8,2652,0.0,0.82,3.1
2011-12-29,5.5,2.9,6.8,1921,4.4,0.73,5.0
2011-12-30,3.4,0.6,4.9,1974,2.7,0.62,4.2
2011-12-31,1.8,0.4,3.5,1486,0.1,0.61,2.5
2012-01-01,6.5,1.6,10.4,1498,3.9,0.68,3.3
2012-01-02,8.7,3.9,11.8,1511,3.7,0.8,3.4
2012-01-03,4.7,0.8,8.6,2925,4.8,0.64,5.4
2012-01-04,4.7,2.9,5.7,1838,9.1,0.73,5.7
2012-01-05,4.4,2.6,6.6,2372,9.0,0.71,7.0
2012-01-06,2.1,-1.0,3.5,1832,0.3,0.55,4.4
2012-01-07,4.2,1.9,6.6,1590,4.0,0.68,4.6
2012-01-08,4.7,3.6,6.0,1698,2.6,0.76,3.7
2012-01-09,3.4,1.2,7.3,1630,3.5,0.65,3.0
2012-01-10,5.4,4.2,6.8,2233,0.0,0.8,3.1
2012-01-11,6.7,4.5,8.7,1674,0.4,0.82,3.0
2012-01-12,7.0,3.0,9.3,1697,1.6,0.74,4.9
2012-01-13,3.0,1.2,4.6,1952,0.0,0.64,5.0
2012-01-14,2.4,-1.4,4.1,4722,0.0,0.53,3.2
2012-01-15,-0.6,-3.0,1.6,4685,0.1,0.48,1.7
2012-01-16,1.5,-1.3,3.3,1802,0.8,0.54,1.8
2012-01-17,2.8,-0.4,3.3,1831,2.1,0.57,1.9
2012-01-18,0.6,-2.3,3.4,4285,6.2,0.51,2.8
2012-01-19,4.1,2.5,5.0,1893,7.9,0.71,4.4
2012-01-20,1.3,0.2,2.9,1925,4.3,0.6,4.0
2012-01-21,2.1,0.7,4.3,1959,6.3,0.62,4.4
2012-01-22,3.2,0.3,5.6,1993,7.8,0.61,5.5
2012-01-23,0.3,-1.8,2.3,2081,0.0,0.52,2.9
2012-01-24,-2.0,-6.2,1.3,2066,0.0,0.38,1.9
2012-01-25,-4.5,-7.8,0.9,5100,0.0,0.34,1.7
2012-01-26,-3.5,-7.8,0.4,5761,0.0,0.34,3.1
2012-01-27,-2.8,-4.1,-2.1,2183,0.0,0.43,2.3
2012-01-28,-4.9,-6.0,-3.7,2225,1.6,0.38,1.8
2012-01-29,-5.3,-6.8,-3.7,3868,0.0,0.35,2.7
2012-01-30,-6.3,-9.5,-2.3,6559,0.0,0.29,2.9
2012-01-31,-7.7,-11.0,-5.0,6827,0.0,0.26,3.5
2012-02-01,-9.2,-11.9,-5.8,7102,0.0,0.24,3.6
2012-02-02,-11.3,-17.8,-6.5,5873,0.1,0.16,2.9
2012-02-03,-11.3,-18.0,-4.7,5083,0.0,0.16,2.0
2012-02-04,-13.5,-19.1,-5.8,6237,0.0,0.14,1.5
2012-02-05,-12.4,-16.4,-9.6,2595,0.0,0.17,1.9
2012-02-06,-16.0,-22.2,-10.2,7777,0.0,0.11,1.7
2012-02-07,-9.7,-17.2,-5.7,3750,0.0,0.16,2.7
2012-02-08,-5.6,-8.8,-2.7,6448,0.8,0.31,2.7
2012-02-09,-4.6,-11.4,-2.1,3313,0.1,0.26,2.7
2012-02-10,-9.3,-16.9,-4.3,6524,0.0,0.17,2.2
2012-02-11,-9.6,-16.6,-5.0,6626,0.0,0.17,2.0
2012-02-12,-8.0,-16.4,-2.6,3501,0.4,0.18,1.9
2012-02-13,-1.4,-2.9,0.1,3032,0.0,0.48,1.8
2012-02-14,-1.5,-6.1,1.2,3835,4.3,0.38,2.6
2012-02-15,2.0,0.4,3.7,3767,0.0,0.61,5.5
2012-02-16,0.9,-3.1,4.4,8893,6.1,0.48,2.7
2012-02-17,4.0,2.6,5.4,3555,0.3,0.71,3.4
2012-02-18,4.1,1.9,6.5,3337,2.7,0.68,3.1
2012-02-19,2.7,-0.6,5.5,3545,0.5,0.57,3.6
2012-02-20,0.8,-1.7,5.2,9430,0.2,0.53,2.6
2012-02-21,1.7,0.0,4.3,3531,3.6,0.59,3.1
2012-02-22,5.5,4.3,7.1,4119,2.4,0.8,3.2
2012-02-23,7.3,4.0,10.4,7358,0.9,0.8,4.1
2012-02-24,9.3,4.7,11.3,3809,2.5,0.83,4.2
2012-02-25,5.4,3.2,7.9,5113,0.5,0.74,3.8
2012-02-26,3.1,-2.8,6.3,10503,0.0,0.49,2.6
2012-02-27,0.1,-5.0,4.9,7414,2.6,0.42,2.2
2012-02-28,7.7,4.6,10.7,4013,0.9,0.83,3.4
2012-02-29,9.3,8.0,11.1,4084,0.4,1.03,2.3
2012-03-01,8.6,8.1,9.1,4157,0.0,1.04,2.1
2012-03-02,4.6,-1.8,7.5,4395,0.0,0.53,1.7
2012-03-03,2.3,-3.4,8.9,12472,0.0,0.49,2.3
2012-03-04,2.6,-0.1,6.5,8084,0.0,0.59,2.1
2012-03-05,2.3,-1.1,7.8,12880,0.0,0.56,3.1
2012-03-06,0.4,-2.9,4.8,13043,0.0,0.49,2.0
2012-03-07,1.3,-3.9,5.9,11816,0.8,0.46,2.7
2012-03-08,3.2,-1.3,7.8,5733,1.7,0.56,3.1
2012-03-09,4.0,-2.0,9.3,6973,0.5,0.54,2.3
2012-03-10,8.0,5.6,11.5,5013,1.2,0.88,3.0
2012-03-11,7.8,7.0,10.2,8798,0.0,0.97,3.2
2012-03-12,8.2,7.0,10.8,5081,0.0,0.96,3.3
2012-03-13,7.9,6.4,9.2,5068,0.0,0.92,2.7
2012-03-14,6.9,2.1,8.7,5147,0.0,0.7,2.2
2012-03-15,4.9,-1.0,9.2,6071,0.0,0.57,1.5
2012-03-16,7.1,-2.4,19.2,14865,0.0,0.6,2.0
2012-03-17,8.0,0.5,17.6,14934,0.0,0.69,2.2
2012-03-18,8.3,2.7,15.4,9896,3.5,0.77,2.8
2012-03-19,6.3,0.7,10.7,11470,0.0,0.65,2.9
2012-03-20,6.9,-0.4,11.8,6997,0.0,0.61,2.5
2012-03-21,11.8,9.3,15.7,7483,0.0,1.15,2.0
2012-03-22,9.9,2.8,16.7,17036,0.0,0.78,1.8
2012-03-23,9.3,0.9,18.5,17507,0.0,0.72,1.4
2012-03-24,8.9,0.4,19.4,16971,0.0,0.71,1.6
2012-03-25,6.7,0.7,12.8,13875,0.0,0.66,2.1
2012-03-26,6.7,-2.1,16.1,15863,0.0,0.59,1.8
2012-03-27,9.9,2.8,17.6,15291,0.0,0.79,2.4
2012-03-28,11.8,4.9,18.7,15437,0.0,0.91,3.0
2012-03-29,8.0,7.0,9.3,6455,0.9,0.97,4.6
2012-03-30,8.1,6.0,11.2,8437,1.9,0.91,4.7
2012-03-31,4.8,1.4,6.7,10233,2.9,0.65,4.8
2012-04-01,4.2,-2.4,11.0,14299,1.2,0.54,3.3
2012-04-02,4.9,1.4,7.7,9472,0.8,0.66,2.7
2012-04-03,4.0,2.2,5.8,6749,1.4,0.69,2.1
2012-04-04,3.7,2.9,4.7,6828,4.6,0.72,2.9
2012-04-05,4.6,-1.8,9.8,11409,0.0,0.55,2.5
2012-04-06,4.1,-3.5,11.9,17479,2.8,0.5,2.1
2012-04-07,2.2,-1.2,4.0,7397,0.5,0.54,3.2
2012-04-08,2.2,-2.1,8.0,16975,0.0,0.53,2.2
2012-04-09,5.8,0.0,10.9,10590,0.1,0.62,3.3
2012-04-10,10.5,7.1,14.6,7861,0.0,0.99,3.3
2012-04-11,8.7,3.1,13.8,9417,1.2,0.77,2.3
2012-04-12,7.4,2.7,11.7,7449,0.6,0.74,1.7
2012-04-13,6.4,0.7,10.7,8672,7.6,0.65,1.7
2012-04-14,6.2,-1.0,13.6,17514,0.0,0.61,1.9
2012-04-15,8.0,0.4,14.3,15899,0.0,0.66,3.1
2012-04-16,6.2,0.6,10.9,19851,0.0,0.64,3.4
2012-04-17,4.8,-1.8,10.3,18810,0.0,0.55,2.5
2012-04-18,8.9,2.1,14.0,18109,0.0,0.73,2.7
2012-04-19,11.4,4.9,17.5,16810,0.0,0.89,2.4
2012-04-20,10.6,4.2,18.8,15379,0.9,0.87,2.1
2012-04-21,9.8,3.8,17.3,17976,0.4,0.83,2.6
2012-04-22,8.3,2.9,14.0,13430,0.1,0.76,2.7
2012-04-23,8.8,2.5,15.2,19150,0.0,0.75,2.5
2012-04-24,10.6,4.8,17.9,15050,6.4,0.89,2.6
2012-04-25,11.0,5.8,15.8,15625,0.4,0.92,3.1
2012-04-26,13.3,7.9,17.1,9783,0.1,1.06,3.2
2012-04-27,15.5,10.1,21.1,18237,0.0,1.25,2.2
2012-04-28,19.6,10.8,30.8,21625,0.0,1.43,2.6
2012-04-29,17.0,9.7,23.1,16717,0.0,1.25,3.0
2012-04-30,14.7,8.4,22.9,22079,0.0,1.15,2.5
2012-05-01,16.3,9.3,24.7,25256,0.0,1.24,2.5
2012-05-02,16.3,10.2,24.7,24624,0.0,1.31,2.7
2012-05-03,15.6,8.5,21.6,16441,1.6,1.14,2.0
2012-05-04,15.2,9.7,19.6,16272,0.2,1.2,2.1
2012-05-05,9.0,6.9,10.7,9014,7.7,0.96,2.3
2012-05-06,8.1,5.2,12.0,10069,1.2,0.87,1.9
2012-05-07,8.8,5.4,11.4,10628,0.2,0.88,1.5
2012-05-08,13.2,6.4,19.1,16822,0.0,0.98,2.2
2012-05-09,15.8,9.4,21.3,14133,0.0,1.21,2.4
2012-05-10,19.0,10.9,23.9,16083,4.0,1.35,2.6
2012-05-11,19.5,11.4,26.1,17157,1.8,1.42,3.2
2012-05-12,10.0,5.7,14.1,18486,0.1,0.91,3.6
2012-05-13,7.8,2.0,13.2,10712,0.6,0.72,2.1
2012-05-14,10.0,-0.1,17.5,27106,0.0,0.66,2.2
2012-05-15,11.7,5.0,18.3,21473,0.9,0.91,2.6
2012-05-16,8.9,3.6,13.7,13023,0.6,0.79,3.7
2012-05-17,7.5,1.8,13.7,20076,0.0,0.71,2.5
2012-05-18,10.7,1.1,17.9,22302,0.0,0.72,2.7
2012-05-19,16.0,8.5,23.4,18151,0.0,1.18,1.9
2012-05-20,20.3,10.3,27.0,28174,0.0,1.35,2.1
2012-05-21,22.4,16.1,28.6,19791,0.0,1.87,2.8
2012-05-22,22.6,15.2,30.6,26505,1.2,1.81,2.4
2012-05-23,20.1,13.2,28.4,27717,0.0,1.59,2.5
2012-05-24,16.8,10.9,23.0,28929,0.0,1.34,2.9
2012-05-25,16.1,7.7,22.8,28983,0.0,1.11,2.7
2012-05-26,16.6,8.6,23.5,24790,0.0,1.18,2.3
2012-05-27,17.2,8.7,23.7,24707,0.0,1.18,1.6
2012-05-28,17.0,5.7,25.0,27071,0.0,1.02,1.8
2012-05-29,14.9,7.6,20.9,26341,0.0,1.07,2.8
2012-05-30,11.7,6.2,17.1,14120,0.0,0.96,2.2
2012-05-31,13.2,5.2,19.5,15184,14.8,0.93,2.1
2012-06-01,11.9,7.2,15.3,15214,0.0,1.01,3.7
2012-06-02,9.8,4.0,14.1,20285,0.3,0.82,2.6
2012-06-03,9.3,2.1,13.2,15915,1.2,0.72,2.2
2012-06-04,11.9,8.7,16.8,16847,2.6,1.11,2.5
2012-06-05,11.1,4.8,16.3,15058,0.3,0.88,2.6
2012-06-06,11.1,2.9,16.1,16116,0.3,0.79,2.2
2012-06-07,15.5,9.9,19.8,16006,2.0,1.22,2.0
2012-06-08,18.6,11.3,24.7,21989,0.4,1.38,2.9
2012-06-09,16.0,8.7,22.3,26546,0.0,1.16,3.2
2012-06-10,15.5,9.1,22.2,24748,0.0,1.19,2.0
2012-06-11,16.1,6.1,21.4,19315,2.1,0.99,1.6
2012-06-12,16.2,13.2,21.1,19198,3.9,1.49,2.0
2012-06-13,15.4,9.6,20.1,15705,0.0,1.21,2.6
2012-06-14,12.7,6.5,17.5,14675,0.0,0.98,1.6
2012-06-15,16.5,6.5,22.4,20523,0.4,1.03,2.1
2012-06-16,17.4,13.4,21.7,11702,0.6,1.53,2.4
2012-06-17,17.5,11.6,23.5,22870,0.0,1.38,2.6
2012-06-18,20.6,10.4,31.4,27026,2.0,1.44,2.8
2012-06-19,17.5,9.3,24.0,23911,1.6,1.23,1.8
2012-06-20,15.3,14.1,16.3,10411,8.6,1.56,2.1
2012-06-21,15.2,14.0,17.7,10409,1.4,1.54,2.1
2012-06-22,18.1,11.3,24.5,20138,0.0,1.39,2.9
2012-06-23,16.7,9.0,22.9,19742,0.0,1.2,2.4
2012-06-24,16.0,10.0,22.2,13249,7.2,1.25,3.0
2012-06-25,13.7,12.0,18.7,14148,6.5,1.37,4.0
2012-06-26,13.5,9.1,15.6,10638,0.0,1.13,3.2
2012-06-27,13.1,6.8,16.6,13349,1.1,0.99,2.0
2012-06-28,18.1,14.5,22.9,17093,0.0,1.64,1.7
2012-06-29,22.8,16.0,30.5,22516,0.4,1.89,2.1
2012-06-30,22.2,17.0,27.7,19519,18.5,1.95,1.9
2012-07-01,20.6,13.7,24.6,15099,0.4,1.58,2.5
2012-07-02,16.5,10.3,22.7,20511,0.8,1.28,1.8
2012-07-03,18.4,15.0,23.6,13765,0.0,1.69,1.4
2012-07-04,18.9,15.5,24.1,19169,0.0,1.74,1.7
2012-07-05,20.4,15.7,26.2,15269,5.2,1.79,2.0
2012-07-06,22.1,18.3,29.0,19242,8.1,2.11,2.0
2012-07-07,19.7,16.0,23.8,12120,5.7,1.79,1.5
2012-07-08,20.4,13.6,26.9,23946,0.0,1.61,2.6
2012-07-09,18.7,13.8,24.5,20432,0.3,1.58,3.2
2012-07-10,18.4,13.4,23.3,20652,0.9,1.54,2.2
2012-07-11,16.9,12.2,22.5,14959,0.9,1.43,2.8
2012-07-12,14.6,10.5,19.5,21343,3.1,1.26,3.4
2012-07-13,14.1,8.4,17.0,11038,5.6,1.09,2.4
2012-07-14,14.7,13.4,19.1,14335,7.5,1.5,3.4
2012-07-15,15.1,11.0,19.8,14039,0.7,1.3,2.8
2012-07-16,14.7,10.8,20.0,16939,6.2,1.29,3.3
2012-07-17,15.4,10.7,20.8,17659,0.5,1.29,3.5
2012-07-18,15.7,11.8,20.0,10851,3.6,1.38,2.9
2012-07-19,14.8,12.7,19.8,13867,9.1,1.44,3.8
2012-07-20,14.8,9.2,19.7,15346,0.0,1.18,2.6
2012-07-21,14.6,8.7,19.5,15042,0.0,1.14,2.3
2012-07-22,15.3,9.4,21.1,22982,0.0,1.2,1.8
2012-07-23,17.7,8.8,24.9,25702,0.0,1.2,2.3
2012-07-24,21.1,11.5,28.7,26515,0.0,1.46,1.9
2012-07-25,24.0,16.1,31.8,27071,0.0,1.93,1.5
2012-07-26,23.1,15.9,29.2,25857,0.0,1.85,1.7
2012-07-27,23.5,13.7,31.1,27287,5.7,1.67,1.8
2012-07-28,22.5,18.9,29.2,16407,10.9,2.18,2.3
2012-07-29,17.0,13.8,18.8,10579,26.7,1.54,2.3
2012-07-30,15.9,9.9,22.6,22275,0.5,1.25,2.4
2012-07-31,15.6,9.1,21.1,17079,0.3,1.17,1.9
2012-08-01,19.6,12.9,26.1,25844,0.0,1.53,1.8
2012-08-02,22.2,15.9,30.5,19913,0.4,1.88,2.3
2012-08-03,19.9,15.5,24.4,13636,0.0,1.76,1.6
2012-08-04,20.0,14.7,27.0,21353,0.0,1.7,1.5
2012-08-05,18.2,14.4,21.2,13004,6.7,1.6,1.5
2012-08-06,18.7,14.3,23.6,13056,1.6,1.61,2.7
2012-08-07,17.0,12.4,21.6,18378,0.1,1.43,3.3
2012-08-08,15.7,11.0,21.4,13278,1.0,1.31,2.2
2012-08-09,15.1,10.3,20.0,17468,0.0,1.26,1.9
2012-08-10,14.0,9.2,18.0,10087,0.1,1.16,2.1
2012-08-11,15.8,9.6,21.8,21647,0.0,1.22,1.9
2012-08-12,15.7,9.5,21.7,21660,0.0,1.21,2.3
2012-08-13,16.0,9.1,22.6,21791,0.0,1.19,2.1
2012-08-14,16.7,10.9,22.7,23836,0.0,1.32,1.9
2012-08-15,16.8,8.5,23.4,22280,0.0,1.18,2.1
2012-08-16,16.7,13.1,22.5,11566,1.4,1.5,1.8
2012-08-17,17.8,12.0,24.3,18126,0.0,1.44,1.4
2012-08-18,20.9,13.1,28.1,22861,0.0,1.57,1.8
2012-08-19,24.6,14.4,34.3,23791,0.0,1.8,1.8
2012-08-20,22.9,17.5,28.6,14281,8.6,2.01,2.1
2012-08-21,20.8,16.3,25.1,15700,1.8,1.84,1.5
2012-08-22,20.0,14.1,25.1,15710,0.0,1.63,2.8
2012-08-23,16.9,10.5,23.2,20575,0.0,1.3,2.0
2012-08-24,14.8,9.9,17.8,8240,0.4,1.21,1.8
2012-08-25,17.3,12.8,25.4,11944,0.9,1.51,2.7
2012-08-26,17.0,12.3,23.1,14472,3.2,1.45,3.7
2012-08-27,14.8,8.2,20.4,19468,0.0,1.11,2.2
2012-08-28,16.2,7.7,23.1,14703,0.5,1.11,2.1
2012-08-29,18.8,9.9,26.7,19643,0.0,1.3,1.7
2012-08-30,18.7,15.3,21.5,7661,4.5,1.7,1.7
2012-08-31,16.1,11.6,19.1,7137,0.0,1.34,2.2
2012-09-01,14.0,8.2,19.2,15456,0.0,1.09,2.0
2012-09-02,13.9,6.3,21.2,16539,0.0,1.01,1.7
2012-09-03,15.6,9.3,21.7,13894,0.0,1.21,1.6
2012-09-04,16.3,9.1,24.2,17681,0.0,1.21,1.8
2012-09-05,16.2,11.3,20.8,12466,0.0,1.33,2.1
2012-09-06,14.0,9.7,19.1,13853,0.0,1.2,2.4
2012-09-07,14.8,11.5,17.8,6592,2.1,1.32,2.5
2012-09-08,15.6,11.5,19.7,9582,0.4,1.33,1.8
2012-09-09,16.8,9.1,23.8,16630,0.0,1.21,1.8
2012-09-10,20.5,14.2,29.3,17526,0.0,1.71,1.9
2012-09-11,19.0,12.5,27.6,15399,3.4,1.52,2.4
2012-09-12,12.7,7.1,16.7,9078,0.0,1.0,2.3
2012-09-13,11.8,5.0,18.2,14395,0.0,0.9,1.6
2012-09-14,13.4,7.6,19.7,10805,0.9,1.07,3.4
2012-09-15,14.6,12.3,17.9,8071,0.0,1.39,2.6
2012-09-16,16.1,10.1,22.0,14771,0.0,1.26,2.0
2012-09-17,14.6,9.0,21.8,13532,0.0,1.18,1.9
2012-09-18,15.3,8.9,22.3,12997,0.8,1.19,2.4
2012-09-19,10.9,3.5,16.4,12567,0.1,0.81,2.7
2012-09-20,9.0,1.8,17.5,14076,0.0,0.74,2.1
2012-09-21,11.4,3.3,17.8,11911,0.0,0.82,2.1
2012-09-22,10.3,5.6,14.5,7399,0.7,0.91,2.7
2012-09-23,9.2,3.2,15.2,11644,0.3,0.79,2.0
2012-09-24,11.1,9.3,13.6,5243,9.5,1.13,3.4
2012-09-25,14.4,7.5,20.6,10171,1.9,1.07,2.8
2012-09-26,16.3,12.0,23.1,8761,5.9,1.42,2.1
2012-09-27,13.6,12.1,16.8,6739,6.8,1.36,3.1
2012-09-28,12.9,8.6,17.8,8539,0.1,1.12,2.6
2012-09-29,11.5,7.0,18.3,7803,1.6,1.02,2.4
2012-09-30,10.4,5.4,16.9,12387,0.0,0.92,2.2
2012-10-01,9.5,3.2,18.3,11011,0.0,0.82,1.8
2012-10-02,10.8,2.9,19.2,12435,0.0,0.8,2.2
2012-10-03,13.8,8.2,20.1,9791,0.3,1.1,2.9
2012-10-04,12.2,8.5,15.5,4476,16.5,1.09,3.3
2012-10-05,10.8,6.8,16.0,5159,6.2,0.98,3.6
2012-10-06,9.9,6.4,13.5,4745,17.2,0.94,3.0
2012-10-07,9.3,7.4,13.7,7387,0.4,1.01,2.9
2012-10-08,9.1,4.2,13.2,8341,0.0,0.82,2.1
2012-10-09,7.4,1.8,13.4,9758,0.0,0.71,2.6
2012-10-10,6.3,2.9,10.2,4438,2.3,0.74,1.9
2012-10-11,7.3,3.1,12.2,5074,0.1,0.76,1.7
2012-10-12,7.4,2.3,12.4,8114,5.5,0.72,2.8
2012-10-13,9.5,5.8,14.2,10930,0.8,0.92,2.7
2012-10-14,8.4,6.6,12.2,5745,2.2,0.95,2.5
2012-10-15,8.3,3.8,11.3,3844,0.0,0.79,2.7
2012-10-16,7.7,2.0,13.2,9891,0.4,0.72,2.9
2012-10-17,9.4,2.5,14.2,8720,0.0,0.75,2.7
2012-10-18,13.2,8.5,19.0,9396,0.0,1.12,2.4
2012-10-19,13.3,7.6,21.1,10125,0.0,1.08,1.9
2012-10-20,13.6,7.3,22.8,9342,0.0,1.08,1.5
2012-10-21,14.7,10.4,20.1,6256,0.0,1.26,1.7
2012-10-22,12.9,11.8,13.3,3242,0.2,1.34,1.9
2012-10-23,12.0,11.0,14.0,3181,0.0,1.27,1.8
2012-10-24,11.4,10.2,13.0,3121,0.0,1.21,1.2
2012-10-25,8.8,4.4,11.6,3664,1.3,0.83,2.4
2012-10-26,2.7,-1.7,6.9,6441,0.0,0.54,2.3
2012-10-27,2.2,-1.1,5.4,2946,0.0,0.56,2.8
2012-10-28,0.8,-4.1,7.5,8242,0.0,0.46,2.0
2012-10-29,1.0,-5.5,6.8,8375,4.2,0.42,2.8
2012-10-30,3.4,1.7,6.4,2780,3.8,0.67,2.4
2012-10-31,3.9,0.5,8.1,4279,0.0,0.63,2.5
2012-11-01,5.1,2.4,7.5,2674,2.8,0.71,3.1
2012-11-02,6.9,4.2,10.6,3592,3.0,0.81,3.8
2012-11-03,6.8,5.2,8.7,3051,1.4,0.85,3.0
2012-11-04,6.2,2.6,8.6,3350,3.9,0.72,2.5
2012-11-05,7.0,4.9,9.9,3234,0.6,0.84,3.1
2012-11-06,5.9,4.4,8.3,4444,2.9,0.81,3.3
2012-11-07,8.7,5.7,10.2,2951,0.6,0.89,4.3
2012-11-08,8.9,8.2,10.0,2337,1.2,1.04,3.4
2012-11-09,8.9,7.9,10.6,2404,0.0,1.03,2.2
2012-11-10,7.5,4.9,10.3,2744,2.9,0.85,2.3
2012-11-11,8.3,5.8,12.3,2533,0.0,0.91,2.1
2012-11-12,5.8,3.0,7.5,2168,0.0,0.74,2.0
2012-11-13,3.2,-1.0,9.2,6778,0.0,0.57,1.8
2012-11-14,1.6,-1.8,8.3,6527,0.0,0.54,1.7
2012-11-15,-2.2,-3.7,-0.9,2053,0.0,0.45,1.4
2012-11-16,-0.3,-2.1,0.9,2016,0.0,0.51,1.8
2012-11-17,1.8,0.8,2.9,1981,0.0,0.62,2.2
2012-11-18,3.7,1.5,6.0,1947,1.3,0.66,1.6
2012-11-19,4.2,-0.7,7.7,3491,0.0,0.58,1.7
2012-11-20,5.4,4.0,6.8,1931,0.0,0.78,2.0
2012-11-21,5.6,4.7,6.3,1851,0.0,0.82,2.6
2012-11-22,5.3,-0.4,10.2,2871,0.0,0.6,2.4
2012-11-23,2.6,-0.9,5.3,2171,0.9,0.56,2.4
2012-11-24,4.9,3.5,5.8,1766,1.3,0.75,1.6
2012-11-25,6.9,4.8,10.2,1739,0.4,0.84,3.9
2012-11-26,6.0,2.6,8.0,4096,1.4,0.71,2.4
2012-11-27,6.5,3.9,8.1,1690,0.6,0.78,1.6
2012-11-28,5.2,3.9,6.7,1667,1.1,0.78,1.9
2012-11-29,3.8,2.5,5.4,1644,6.1,0.71,3.5
2012-11-30,1.9,-2.0,3.7,1977,0.8,0.52,2.0
2012-12-01,0.1,-2.1,1.8,1604,0.4,0.51,2.1
2012-12-02,0.0,-0.5,1.0,1585,0.5,0.57,2.5
2012-12-03,-1.0,-3.2,0.7,3337,2.2,0.47,3.0
2012-12-04,1.9,-0.2,4.2,1636,1.1,0.58,3.6
2012-12-05,-3.4,-8.3,0.6,2685,1.3,0.33,2.7
2012-12-06,-4.0,-11.6,-0.6,2070,0.3,0.26,3.1
2012-12-07,-7.7,-11.3,-2.9,4494,0.0,0.26,2.4
2012-12-08,-7.5,-12.4,-3.6,1578,0.7,0.24,1.6
2012-12-09,-2.7,-6.9,1.0,1483,13.3,0.36,3.7
2012-12-10,-1.4,-3.8,0.9,1473,1.5,0.45,3.9
2012-12-11,-2.2,-6.0,-0.5,1463,0.6,0.38,3.0
2012-12-12,-5.5,-7.8,-3.3,2278,0.1,0.33,1.8
2012-12-13,-5.2,-7.6,-3.2,1448,0.0,0.34,2.0
2012-12-14,-4.1,-5.7,-1.1,1442,4.5,0.39,3.1
2012-12-15,1.5,-1.3,3.2,1437,0.6,0.54,2.9
2012-12-16,2.1,1.4,3.3,1433,0.3,0.65,2.5
2012-12-17,1.3,0.9,2.6,1430,0.3,0.62,2.0
2012-12-18,1.5,0.8,2.8,1428,0.2,0.62,1.7
2012-12-19,0.8,0.5,1.9,1427,0.0,0.61,1.4
2012-12-20,0.5,-0.3,1.4,1427,0.0,0.57,3.0
2012-12-21,-3.4,-5.1,0.0,1428,0.0,0.41,2.8
2012-12-22,-4.0,-4.6,-2.7,1431,1.3,0.42,2.6
2012-12-23,-2.0,-3.3,1.3,1434,5.5,0.47,4.0
2012-12-24,3.4,0.7,6.8,1438,0.1,0.63,2.9
2012-12-25,7.1,4.9,10.9,1444,1.7,0.85,3.6
2012-12-26,6.0,3.6,8.2,2681,3.8,0.77,4.3
2012-12-27,5.4,0.8,7.5,2075,1.3,0.63,4.3
2012-12-28,-1.3,-4.3,1.2,4194,0.6,0.43,2.8
2012-12-29,4.5,0.8,7.2,1476,0.1,0.63,3.3
2012-12-30,5.5,3.9,9.1,1987,1.7,0.79,4.3
2012-12-31,6.9,4.8,9.2,1540,0.3,0.83,4.3
2013-01-01,5.8,2.9,6.8,1498,3.7,0.73,3.4
2013-01-02,4.2,2.8,5.6,1806,2.7,0.72,3.1
2013-01-03,6.8,4.1,9.7,1524,1.4,0.8,4.1
2013-01-04,7.4,5.2,9.3,1539,3.6,0.85,4.0
2013-01-05,6.1,4.9,8.2,1555,0.7,0.84,3.1
2013-01-06,5.9,5.0,6.7,1572,1.6,0.83,3.1
2013-01-07,3.6,2.6,5.6,1634,4.1,0.71,1.8
2013-01-08,5.1,2.8,6.7,1610,2.8,0.73,2.2
2013-01-09,6.1,4.1,6.7,1630,7.5,0.79,2.4
2013-01-10,2.0,-1.2,4.4,1651,2.3,0.54,3.2
2013-01-11,-2.5,-7.0,-0.6,2035,0.6,0.35,2.3
2013-01-12,-2.1,-5.7,-0.4,1697,0.8,0.39,1.7
2013-01-13,-3.0,-5.6,-1.5,2550,0.9,0.39,2.0
2013-01-14,-5.9,-8.4,-4.4,1748,0.3,0.31,1.7
2013-01-15,-4.9,-6.4,-3.9,2103,0.1,0.36,1.7
2013-01-16,-4.0,-5.8,-1.8,1802,0.0,0.38,1.8
2013-01-17,-0.7,-1.7,0.2,1831,0.0,0.52,2.3
2013-01-18,-2.5,-4.0,-0.9,1862,0.0,0.44,2.5
2013-01-19,-6.7,-10.4,-4.1,1893,0.0,0.27,3.2
2013-01-20,-4.9,-8.0,-2.7,2619,0.0,0.33,3.0
2013-01-21,-4.8,-8.1,-3.2,1959,0.7,0.32,2.8
2013-01-22,-6.9,-8.1,-6.0,1993,0.1,0.32,2.1
2013-01-23,-5.9,-6.6,-5.2,2029,0.0,0.36,1.4
2013-01-24,-6.4,-13.3,-2.7,2066,0.0,0.22,1.7
2013-01-25,-7.3,-13.5,-0.5,4574,0.0,0.23,1.7
2013-01-26,-8.1,-11.0,-5.5,5708,1.0,0.26,2.8
2013-01-27,-1.6,-5.4,0.9,2183,3.9,0.4,3.2
2013-01-28,1.8,0.6,3.7,3533,2.2,0.62,2.9
2013-01-29,3.2,0.9,5.6,2267,11.2,0.63,4.4
2013-01-30,7.3,4.7,10.4,2366,8.0,0.84,5.4
2013-01-31,5.8,4.5,7.2,3204,2.9,0.81,6.2
2013-02-01,4.8,2.9,6.4,2401,9.4,0.73,3.5
2013-02-02,1.0,-1.6,3.1,2448,0.6,0.53,3.2
2013-02-03,-0.3,-4.1,2.9,2554,4.7,0.45,3.8
2013-02-04,2.9,0.4,6.4,2604,4.2,0.61,4.6
2013-02-05,2.1,0.3,5.2,3439,2.9,0.6,4.2
2013-02-06,0.2,-2.0,1.8,5150,0.1,0.51,2.5
2013-02-07,0.3,-0.8,1.4,3193,0.4,0.55,2.3
2013-02-08,-1.3,-4.6,0.2,2876,1.6,0.42,2.0
2013-02-09,-1.8,-6.5,0.0,2869,0.2,0.37,1.6
2013-02-10,-3.9,-5.5,-2.2,2860,0.0,0.39,2.1
2013-02-11,-2.4,-6.9,0.3,4153,0.0,0.36,3.4
2013-02-12,-1.1,-3.8,2.0,5478,0.0,0.45,2.5
2013-02-13,-1.6,-4.3,0.4,4233,0.0,0.43,1.5
2013-02-14,-0.8,-1.6,0.3,3091,0.0,0.52,2.2
2013-02-15,-0.2,-1.3,0.8,3151,0.0,0.54,1.7
2013-02-16,0.5,0.0,1.7,3212,0.2,0.59,1.2
2013-02-17,0.4,-0.3,1.3,3274,0.0,0.57,1.3
2013-02-18,0.2,-0.5,2.1,3337,5.8,0.57,1.5
2013-02-19,0.0,-0.8,0.9,3401,1.9,0.55,2.8
2013-02-20,-1.8,-3.3,-0.3,3539,0.9,0.46,2.9
2013-02-21,-2.7,-4.8,-0.7,6255,0.1,0.41,3.0
2013-02-22,-3.9,-5.9,-1.0,5013,0.0,0.38,3.3
2013-02-23,-2.6,-6.5,0.0,3740,1.4,0.37,3.3
2013-02-24,0.4,-0.8,1.2,3733,1.6,0.55,2.5
2013-02-25,1.1,0.6,1.9,3802,1.2,0.61,2.4
2013-02-26,0.7,0.3,1.2,3871,0.0,0.6,2.3
2013-02-27,1.2,-1.8,3.4,3942,0.0,0.52,2.0
2013-02-28,1.1,-2.3,6.3,9519,0.0,0.51,1.8
2013-03-01,2.7,-1.0,6.2,7715,0.0,0.56,2.4
2013-03-02,1.4,-3.0,7.0,11499,0.1,0.49,2.3
2013-03-03,2.1,-3.7,7.3,8023,0.0,0.48,2.3
2013-03-04,0.7,-5.4,8.5,12139,0.0,0.43,2.0
2013-03-05,3.3,-2.8,12.4,12549,0.0,0.53,2.0
2013-03-06,3.3,-3.9,12.0,12540,0.0,0.49,1.7
2013-03-07,4.1,0.7,8.4,6764,1.5,0.64,2.7
2013-03-08,0.9,-0.6,3.6,4604,0.0,0.56,3.3
2013-03-09,0.0,-1.4,2.5,4768,8.2,0.53,3.2
2013-03-10,-3.6,-5.4,-1.3,4757,3.2,0.4,3.4
2013-03-11,-4.7,-6.5,-2.1,6177,1.2,0.36,3.0
2013-03-12,-4.5,-10.7,-0.7,8618,0.0,0.27,2.5
2013-03-13,-7.4,-15.0,0.2,14297,0.0,0.21,1.9
2013-03-14,-6.0,-14.5,1.1,11884,0.5,0.22,1.9
2013-03-15,-4.9,-11.1,1.4,12677,0.0,0.27,1.9
2013-03-16,-4.3,-13.6,2.5,14982,0.0,0.24,3.1
2013-03-17,-1.0,-4.2,2.9,12878,0.0,0.44,3.9
2013-03-18,-1.1,-2.0,0.7,5385,5.3,0.51,3.2
2013-03-19,-2.0,-3.0,-0.6,5561,3.1,0.47,3.1
2013-03-20,-1.3,-4.2,1.9,6711,1.2,0.44,2.5
2013-03-21,-1.2,-3.0,1.2,6115,0.6,0.47,2.3
2013-03-22,-2.5,-6.5,0.2,6101,0.1,0.37,3.4
2013-03-23,-6.7,-10.7,-2.9,16738,0.0,0.27,4.8
2013-03-24,-5.4,-14.8,0.2,17106,0.0,0.21,4.6
2013-03-25,-2.5,-6.4,0.9,17173,0.0,0.37,4.4
2013-03-26,-2.1,-6.3,2.1,15913,0.0,0.38,3.6
2013-03-27,-1.0,-5.5,2.5,12680,0.0,0.4,3.1
2013-03-28,-0.3,-2.5,1.8,9912,0.0,0.49,2.5
2013-03-29,0.5,-0.7,2.8,6373,0.2,0.56,2.1
2013-03-30,0.0,-1.9,2.2,6455,0.5,0.51,1.8
2013-03-31,-0.4,-1.8,2.5,9177,0.1,0.52,2.2
2013-04-01,-0.6,-5.7,3.3,10871,0.0,0.4,2.3
2013-04-02,-1.2,-8.1,3.6,7339,0.0,0.34,2.9
2013-04-03,0.2,-3.5,4.1,13028,0.0,0.46,3.3
2013-04-04,0.9,-2.3,5.0,8267,0.0,0.51,3.2
2013-04-05,1.4,0.7,3.3,6828,0.1,0.62,2.7
2013-04-06,2.1,-3.5,6.8,11739,0.0,0.47,2.0
2013-04-07,2.3,-3.9,9.4,16154,0.1,0.48,2.0
2013-04-08,3.0,-2.2,7.7,15952,0.0,0.53,2.3
2013-04-09,4.5,1.1,9.0,9377,0.8,0.65,2.9
2013-04-10,5.0,2.7,7.8,7219,0.1,0.72,3.0
2013-04-11,7.2,4.7,9.5,7296,3.9,0.83,2.7
2013-04-12,8.4,5.8,12.4,9303,1.7,0.9,3.2
2013-04-13,7.8,1.7,11.2,9618,0.8,0.69,3.3
2013-04-14,10.2,-0.3,18.6,19571,0.0,0.67,2.2
2013-04-15,15.7,9.0,23.7,16016,1.0,1.2,2.3
2013-04-16,14.6,11.0,19.3,12539,0.1,1.3,2.2
2013-04-17,14.2,10.5,19.1,13567,0.0,1.25,2.0
2013-04-18,16.3,8.4,23.6,17524,0.0,1.16,3.8
2013-04-19,11.0,6.7,16.0,13648,0.0,0.98,2.9
2013-04-20,7.7,3.0,12.6,22352,0.0,0.75,3.1
2013-04-21,10.4,3.9,15.5,22128,0.0,0.82,2.2
2013-04-22,11.6,4.8,19.2,15479,0.0,0.91,1.8
2013-04-23,10.9,4.3,15.5,10924,0.0,0.84,2.9
2013-04-24,12.2,3.4,18.7,22265,0.0,0.82,2.2
2013-04-25,14.7,11.2,19.4,17816,0.0,1.31,1.6
2013-04-26,14.9,6.3,22.9,17435,6.3,1.03,2.4
2013-04-27,7.5,5.5,10.2,8451,0.0,0.88,2.8
2013-04-28,8.8,5.1,14.4,21761,0.0,0.88,1.9
2013-04-29,10.2,3.5,16.1,12483,0.0,0.81,2.6
2013-04-30,9.6,2.2,16.1,18429,0.0,0.75,2.3
2013-05-01,11.1,3.7,16.7,18154,0.0,0.82,2.3
2013-05-02,11.6,7.6,16.5,10618,0.0,1.04,2.2
2013-05-03,10.7,2.6,16.2,24377,0.0,0.77,1.9
2013-05-04,11.8,-0.1,19.9,25718,0.0,0.69,2.0
2013-05-05,13.6,4.0,20.5,24953,0.0,0.87,1.8
2013-05-06,15.9,8.2,22.8,21074,0.0,1.14,2.0
2013-05-07,18.8,11.5,24.3,14930,1.7,1.38,1.9
2013-05-08,17.8,12.6,22.8,20247,0.0,1.46,2.0
2013-05-09,16.1,11.0,22.7,13316,8.5,1.34,2.0
2013-05-10,14.1,7.7,18.5,13255,0.1,1.07,2.5
2013-05-11,12.1,5.6,17.6,13820,0.0,0.94,2.1
2013-05-12,10.5,3.1,18.2,17661,1.6,0.81,2.7
2013-05-13,10.5,3.1,16.5,19748,1.5,0.79,2.9
2013-05-14,12.1,8.6,15.9,14632,0.0,1.1,2.5
2013-05-15,17.6,7.6,24.6,26726,0.0,1.12,2.5
2013-05-16,20.5,13.4,26.2,22869,0.0,1.58,2.4
2013-05-17,22.0,17.3,27.4,21412,0.4,1.97,2.4
2013-05-18,15.8,10.8,22.0,9765,3.3,1.32,2.3
2013-05-19,14.7,10.8,21.0,20900,0.0,1.3,2.2
2013-05-20,13.8,11.5,16.1,9725,0.0,1.32,2.5
2013-05-21,13.3,8.9,16.8,15647,0.2,1.13,2.4
2013-05-22,9.7,4.5,13.2,9808,6.1,0.84,3.8
2013-05-23,8.8,2.9,14.4,25865,0.0,0.77,2.2
2013-05-24,10.9,4.9,15.8,13350,0.0,0.88,1.8
2013-05-25,10.0,8.3,11.3,9923,26.8,1.06,2.4
2013-05-26,11.5,9.1,13.7,9959,2.3,1.12,3.8
2013-05-27,12.8,6.9,18.7,23889,0.0,1.01,2.5
2013-05-28,13.5,7.6,17.8,12860,2.1,1.05,1.9
2013-05-29,13.5,11.1,19.3,12894,5.0,1.3,2.3
2013-05-30,16.1,10.1,22.0,16539,8.4,1.26,2.1
2013-05-31,16.1,12.8,21.8,16573,3.9,1.47,3.6
2013-06-01,16.7,13.4,22.1,12084,0.7,1.53,3.4
2013-06-02,13.0,11.5,15.9,10173,0.9,1.31,4.1
2013-06-03,13.4,9.4,18.0,21578,0.0,1.17,3.2
2013-06-04,13.5,6.6,18.8,21091,0.0,0.99,2.3
2013-06-05,14.3,4.6,21.0,30180,0.0,0.92,1.8
2013-06-06,15.5,5.1,22.6,30210,0.0,0.96,1.8
2013-06-07,17.7,8.0,25.2,29071,0.0,1.16,1.7
2013-06-08,18.3,10.4,24.1,25467,0.0,1.3,1.9
2013-06-09,16.9,9.8,22.5,26267,1.9,1.24,2.1
2013-06-10,15.6,7.9,22.2,28881,0.0,1.12,2.1
2013-06-11,15.9,5.8,22.4,23711,0.0,1.0,1.6
2013-06-12,18.6,9.5,25.6,27099,0.0,1.27,1.9
2013-06-13,20.9,14.1,26.8,18549,11.2,1.64,2.8
2013-06-14,15.1,10.8,20.1,15056,0.0,1.3,2.7
2013-06-15,16.6,8.4,23.4,22463,1.1,1.15,2.7
2013-06-16,15.9,10.4,21.2,22471,0.0,1.27,2.5
2013-06-17,18.3,9.3,24.4,28058,0.0,1.23,1.8
2013-06-18,20.8,16.3,27.0,23130,0.0,1.87,1.8
2013-06-19,25.1,15.7,32.5,26896,5.4,1.9,2.2
2013-06-20,23.7,18.5,29.2,23132,22.9,2.13,2.3
2013-06-21,20.9,14.7,25.1,24039,0.0,1.68,3.2
2013-06-22,19.5,14.4,24.2,22608,0.0,1.63,2.8
2013-06-23,18.2,13.0,23.1,17023,0.0,1.49,3.2
2013-06-24,16.6,11.8,21.7,17796,0.1,1.39,2.5
2013-06-25,13.2,12.7,14.7,10395,30.4,1.41,3.0
2013-06-26,12.8,11.1,15.7,10777,0.0,1.29,3.2
2013-06-27,13.3,8.6,18.7,19842,0.6,1.13,2.2
2013-06-28,13.4,7.7,19.5,14385,1.7,1.08,2.2
2013-06-29,13.9,9.2,18.8,10745,4.4,1.17,3.0
2013-06-30,12.0,7.4,16.5,14875,0.9,1.03,2.4
2013-07-01,17.7,11.8,24.5,19001,10.1,1.43,2.2
2013-07-02,17.4,13.4,22.4,22215,0.3,1.53,1.7
2013-07-03,20.1,13.9,28.3,20511,0.9,1.66,2.2
2013-07-04,18.9,14.9,22.6,12602,0.3,1.66,1.7
2013-07-05,18.8,14.0,23.4,18910,0.2,1.59,1.8
2013-07-06,17.7,11.1,22.9,29470,0.0,1.34,1.9
2013-07-07,18.1,9.2,24.7,30079,0.0,1.24,2.0
2013-07-08,19.6,10.6,26.5,29396,0.0,1.35,2.2
2013-07-09,19.2,10.9,25.4,29614,0.0,1.36,1.9
2013-07-10,17.1,12.2,20.9,20303,0.0,1.4,2.7
2013-07-11,17.3,11.5,21.6,18080,0.0,1.36,2.6
2013-07-12,16.5,10.5,21.0,11874,0.0,1.28,1.9
2013-07-13,17.8,9.8,24.6,25965,0.0,1.27,2.0
2013-07-14,16.5,13.1,19.5,10268,0.0,1.47,2.3
2013-07-15,16.7,10.4,23.1,24714,0.0,1.29,2.0
2013-07-16,18.7,9.2,26.3,23767,0.0,1.26,1.6
2013-07-17,19.8,11.1,26.4,26017,0.0,1.38,1.7
2013-07-18,20.8,12.8,27.3,27749,0.0,1.53,2.2
2013-07-19,19.6,11.4,26.1,23606,0.0,1.42,2.7
2013-07-20,19.4,10.9,25.8,26223,0.0,1.36,2.0
2013-07-21,20.6,9.1,29.2,28958,0.0,1.3,1.7
2013-07-22,22.6,12.2,30.7,28761,0.0,1.55,1.4
2013-07-23,21.1,14.1,28.2,28689,0.0,1.66,1.8
2013-07-24,21.1,9.6,30.0,25956,0.1,1.33,1.8
2013-07-25,22.5,17.4,29.1,17664,0.0,2.02,1.4
2013-07-26,23.7,15.8,31.0,18866,1.0,1.89,1.4
2013-07-27,25.7,18.5,32.9,23085,0.0,2.21,1.7
2013-07-28,26.6,20.7,34.0,19489,17.6,2.48,2.4
2013-07-29,20.7,18.6,23.0,10005,5.7,2.08,2.0
2013-07-30,19.8,14.6,24.7,19975,1.3,1.67,2.9
2013-07-31,19.5,15.9,25.3,16274,0.3,1.81,2.8
2013-08-01,21.6,17.1,28.0,19075,0.1,1.95,1.7
2013-08-02,26.0,15.4,33.8,26965,0.0,1.89,1.9
2013-08-03,26.4,19.8,33.3,21652,2.0,2.38,2.4
2013-08-04,21.2,17.9,25.6,12521,5.2,2.03,1.6
2013-08-05,21.7,14.7,28.3,23330,0.0,1.74,1.9
2013-08-06,23.5,17.6,30.1,19413,21.1,2.04,2.3
2013-08-07,20.3,17.3,24.4,12688,4.8,1.94,2.1
2013-08-08,20.0,15.4,24.3,13229,2.8,1.75,2.3
2013-08-09,16.8,11.9,22.1,16578,0.0,1.4,1.6
2013-08-10,17.2,10.3,25.5,20637,5.9,1.31,2.2
2013-08-11,15.5,10.8,21.2,17499,0.0,1.3,2.4
2013-08-12,16.0,10.3,22.8,15590,1.7,1.29,2.3
2013-08-13,14.5,11.0,19.8,17676,2.4,1.3,2.8
2013-08-14,14.5,9.2,20.7,18301,0.3,1.19,2.3
2013-08-15,15.6,7.0,22.4,19999,0.0,1.06,1.7
2013-08-16,20.2,12.7,26.9,20727,0.0,1.53,1.9
2013-08-17,19.0,13.3,25.3,16804,0.0,1.54,1.8
2013-08-18,19.3,15.1,26.8,10892,1.1,1.73,2.5
2013-08-19,16.7,13.0,19.8,8567,14.3,1.47,2.0
2013-08-20,15.7,12.8,20.9,11084,0.0,1.46,2.0
2013-08-21,16.1,10.4,21.7,14398,0.0,1.27,1.5
2013-08-22,16.4,9.3,23.1,16516,0.0,1.22,1.4
2013-08-23,17.5,12.4,22.7,20240,0.0,1.45,2.0
2013-08-24,17.4,11.3,23.3,22194,0.0,1.36,2.5
2013-08-25,18.1,13.3,23.5,21824,0.0,1.53,2.6
2013-08-26,17.0,11.6,21.9,22600,0.0,1.38,2.6
2013-08-27,16.8,11.7,21.5,11393,0.0,1.38,1.9
2013-08-28,17.1,10.3,24.2,15383,0.0,1.3,1.5
2013-08-29,16.4,8.6,23.8,17751,0.0,1.18,1.3
2013-08-30,17.3,10.2,24.4,16723,0.0,1.29,1.6
2013-08-31,17.1,10.5,22.7,10342,4.3,1.29,2.5
2013-09-01,13.4,7.8,18.5,13469,0.2,1.07,2.9
2013-09-02,14.7,12.7,16.6,7060,14.9,1.43,3.8
2013-09-03,16.6,15.4,18.8,7203,1.0,1.69,2.2
2013-09-04,16.5,11.7,21.1,9308,0.0,1.38,1.3
2013-09-05,16.4,9.8,23.0,18007,0.0,1.25,2.1
2013-09-06,18.2,12.1,25.5,20341,0.0,1.45,2.4
2013-09-07,18.5,12.1,25.5,19213,0.0,1.45,1.8
2013-09-08,18.1,13.3,24.7,13089,0.4,1.55,2.3
2013-09-09,13.2,8.7,15.8,8841,9.8,1.11,2.5
2013-09-10,11.4,7.4,17.8,7485,2.6,1.04,2.6
2013-09-11,11.2,8.2,13.7,7189,0.1,1.06,2.6
2013-09-12,12.8,8.3,17.1,6378,1.1,1.08,1.9
2013-09-13,14.2,10.2,20.2,13196,0.3,1.25,1.8
2013-09-14,14.6,8.0,21.4,16848,0.6,1.1,2.2
2013-09-15,14.3,11.0,16.6,6746,1.0,1.28,2.3
2013-09-16,12.2,8.5,16.3,6258,2.8,1.1,3.2
2013-09-17,9.6,4.7,15.5,12972,0.1,0.86,3.3
2013-09-18,8.1,4.2,11.1,5995,7.2,0.8,2.7
2013-09-19,10.1,6.1,15.9,8669,1.1,0.95,2.5
2013-09-20,11.3,9.5,13.4,5638,0.9,1.14,2.4
2013-09-21,13.2,10.2,17.2,8366,0.0,1.22,1.7
2013-09-22,14.2,10.3,18.4,7879,0.0,1.23,2.2
2013-09-23,15.7,13.6,17.9,5971,2.3,1.52,2.7
2013-09-24,12.5,5.8,14.3,5510,0.8,0.92,1.7
2013-09-25,8.6,3.5,13.4,5711,13.0,0.79,1.6
2013-09-26,8.9,4.3,13.7,8595,0.3,0.83,2.2
2013-09-27,8.3,2.8,14.7,9313,0.1,0.76,1.6
2013-09-28,7.4,2.2,14.7,9105,0.0,0.74,1.9
2013-09-29,8.5,2.6,14.9,12236,0.0,0.75,3.3
2013-09-30,8.4,4.2,14.3,13431,0.0,0.83,2.9
2013-10-01,8.1,3.5,13.6,13449,0.0,0.78,2.3
2013-10-02,6.7,2.3,13.5,11274,0.0,0.74,2.9
2013-10-03,6.4,1.3,12.0,13302,0.0,0.68,3.5
2013-10-04,8.0,2.4,13.9,11337,0.0,0.74,2.9
2013-10-05,9.2,6.9,12.2,4476,5.1,0.97,1.7
2013-10-06,13.0,9.3,16.8,6422,0.0,1.16,1.4
2013-10-07,13.1,8.8,16.4,4911,0.0,1.11,1.4
2013-10-08,12.9,9.4,17.2,4420,0.0,1.16,1.3
2013-10-09,13.2,11.2,15.7,4346,4.6,1.29,2.2
2013-10-10,10.2,9.5,11.1,4111,6.3,1.14,2.2
2013-10-11,13.4,11.2,15.3,4199,1.0,1.29,2.5
2013-10-12,12.7,10.0,14.4,4048,13.3,1.19,2.3
2013-10-13,8.6,3.0,12.1,6240,0.0,0.76,2.1
2013-10-14,9.0,3.0,15.8,9618,0.0,0.78,2.0
2013-10-15,9.4,6.9,12.2,3914,5.3,0.97,2.3
2013-10-16,8.5,4.0,12.1,3844,0.0,0.8,1.9
2013-10-17,10.1,4.4,14.7,3925,6.6,0.84,4.0
2013-10-18,7.8,-0.9,11.9,7172,0.0,0.59,2.3
2013-10-19,5.7,-1.4,11.4,6117,0.0,0.57,2.4
2013-10-20,13.6,8.8,17.6,5086,0.1,1.13,2.3
2013-10-21,13.1,9.9,16.6,6497,0.0,1.2,2.5
2013-10-22,14.5,9.5,21.0,9138,0.0,1.21,2.5
2013-10-23,16.1,12.0,19.8,5047,0.0,1.39,3.1
2013-10-24,11.6,3.4,16.0,7846,0.0,0.81,2.2
2013-10-25,8.9,1.6,13.6,3189,1.6,0.71,2.1
2013-10-26,14.9,12.6,18.5,4200,0.9,1.42,2.7
2013-10-27,14.5,10.4,19.0,4260,3.3,1.25,4.4
2013-10-28,14.1,10.9,19.1,3860,1.9,1.28,5.3
2013-10-29,11.4,7.9,14.1,5663,0.1,1.04,3.9
2013-10-30,7.9,3.2,12.2,6592,0.0,0.77,2.7
2013-10-31,6.3,1.0,11.7,8000,0.0,0.66,2.4
2013-11-01,8.1,5.0,11.9,3224,0.2,0.86,2.6
2013-11-02,8.8,7.5,10.6,2674,3.6,1.0,2.8
2013-11-03,9.0,5.1,10.7,2926,2.1,0.86,4.2
2013-11-04,8.0,5.4,11.1,2991,4.9,0.88,4.1
2013-11-05,7.0,4.1,10.6,3882,1.3,0.8,3.3
2013-11-06,6.2,4.8,9.3,3292,5.3,0.83,3.8
2013-11-07,9.6,6.1,15.1,3350,4.2,0.94,3.6
2013-11-08,8.6,7.0,11.4,3292,0.6,0.98,2.1
2013-11-09,8.0,4.3,10.6,4753,1.7,0.81,4.0
2013-11-10,5.1,0.5,6.8,2293,0.0,0.62,2.9
2013-11-11,3.7,-0.3,8.1,3182,0.0,0.6,1.9
2013-11-12,3.9,-0.8,8.0,3941,0.4,0.58,2.2
2013-11-13,6.0,1.7,9.9,4468,0.1,0.69,2.0
2013-11-14,3.4,0.9,7.2,3819,0.0,0.63,1.9
2013-11-15,3.3,2.4,4.0,2090,0.0,0.7,1.8
2013-11-16,2.6,0.9,4.6,2053,0.0,0.63,2.2
2013-11-17,6.1,4.7,7.6,2016,0.0,0.83,1.6
2013-11-18,5.6,5.1,6.4,1981,0.0,0.85,1.9
2013-11-19,5.3,4.7,6.8,2545,4.3,0.82,2.0
2013-11-20,4.1,1.4,5.4,1914,11.3,0.65,2.2
2013-11-21,1.2,-1.4,4.2,1882,1.3,0.54,2.0
2013-11-22,3.9,2.3,5.6,1851,0.6,0.69,2.6
2013-11-23,5.4,-1.1,7.4,1822,0.0,0.56,2.4
2013-11-24,2.1,-2.0,6.0,1935,0.0,0.52,2.9
2013-11-25,0.8,-1.7,4.7,4942,0.0,0.53,2.3
2013-11-26,-0.9,-4.5,3.3,5070,0.0,0.43,1.6
2013-11-27,0.0,-4.8,4.7,1760,0.6,0.43,2.2
2013-11-28,6.8,4.8,8.1,2870,0.1,0.83,2.9
2013-11-29,3.7,0.5,5.8,1667,4.6,0.61,3.3
2013-11-30,4.2,3.6,5.5,1689,0.7,0.76,2.6
2013-12-01,5.6,1.1,8.2,1624,0.0,0.65,2.6
2013-12-02,0.8,-2.4,5.5,3840,0.0,0.51,1.8
2013-12-03,0.1,-0.6,0.7,1585,0.0,0.56,1.7
2013-12-04,1.7,-0.5,4.8,1567,1.4,0.57,2.9
2013-12-05,2.4,0.2,4.1,1550,6.7,0.6,5.3
2013-12-06,1.1,0.0,2.3,1535,0.4,0.59,6.9
2013-12-07,0.4,-1.1,1.4,2790,0.2,0.54,3.8
2013-12-08,3.0,-1.1,8.0,1507,5.9,0.56,3.5
2013-12-09,8.6,7.7,9.3,1494,3.3,1.01,3.4
2013-12-10,8.4,6.1,9.6,1483,1.1,0.91,1.8
2013-12-11,5.2,3.2,6.3,1473,0.0,0.74,1.9
2013-12-12,2.5,1.2,3.5,1463,0.0,0.64,2.0
2013-12-13,1.8,0.8,4.1,1455,0.0,0.62,1.9
2013-12-14,1.0,-1.0,4.2,1448,0.3,0.55,2.5
2013-12-15,4.3,2.1,6.6,1442,1.4,0.69,3.0
2013-12-16,3.9,0.5,7.5,4047,0.0,0.63,2.8
2013-12-17,3.9,1.7,6.6,2125,0.0,0.67,1.9
2013-12-18,3.7,1.3,4.9,1918,0.0,0.65,2.2
2013-12-19,4.0,1.5,5.7,1428,0.2,0.65,3.0
2013-12-20,3.6,1.3,5.8,1427,0.0,0.65,2.5
2013-12-21,3.6,0.2,5.9,1914,0.1,0.6,3.7
2013-12-22,6.8,3.9,9.4,1550,0.7,0.78,4.2
2013-12-23,5.9,4.4,7.9,3708,0.0,0.81,3.8
2013-12-24,9.4,7.3,11.3,1434,0.0,0.99,4.8
2013-12-25,8.0,5.5,9.9,1438,3.5,0.87,2.8
2013-12-26,5.7,4.6,6.4,1444,4.1,0.81,1.8
2013-12-27,6.1,4.3,7.3,3994,0.0,0.8,3.9
2013-12-28,7.0,2.6,10.4,1457,5.5,0.73,2.9
2013-12-29,4.9,3.6,6.0,1507,2.0,0.76,3.1
2013-12-30,3.1,0.7,5.1,3676,0.0,0.62,2.8
2013-12-31,0.8,-0.7,3.7,3489,0.0,0.56,2.5
2014-01-01,0.3,-1.1,2.0,1498,0.0,0.55,2.7
2014-01-02,3.3,0.3,6.4,1511,0.2,0.61,3.2
2014-01-03,5.3,1.7,8.2,3094,0.5,0.68,3.2
2014-01-04,5.0,3.5,7.8,2095,0.2,0.76,2.9
2014-01-05,3.9,-0.2,6.7,1598,0.0,0.59,2.6
2014-01-06,3.5,-1.1,7.8,1659,11.8,0.56,3.3
2014-01-07,8.0,4.9,11.0,3991,0.6,0.85,3.3
2014-01-08,7.4,3.8,9.6,1742,5.3,0.78,3.1
2014-01-09,7.1,2.9,11.1,1630,3.6,0.75,4.0
2014-01-10,6.1,4.6,7.2,1785,0.2,0.82,4.0
2014-01-11,4.7,2.6,6.9,2803,1.6,0.71,3.2
2014-01-12,4.0,0.2,5.5,2472,0.0,0.6,2.8
2014-01-13,1.6,-1.1,3.0,1722,0.0,0.54,2.2
2014-01-14,2.7,0.9,6.2,2212,0.0,0.63,1.5
2014-01-15,2.8,2.1,4.0,1821,0.3,0.69,2.3
2014-01-16,1.4,0.6,2.3,1802,7.8,0.61,2.8
2014-01-17,4.4,2.1,7.7,2119,0.0,0.7,2.3
2014-01-18,4.0,2.2,6.6,3655,0.0,0.69,2.5
2014-01-19,0.0,-3.0,3.5,1893,0.0,0.48,3.3
2014-01-20,-3.0,-3.9,-2.3,1925,0.3,0.44,2.6
2014-01-21,-3.7,-5.0,-2.8,1959,2.9,0.4,1.9
2014-01-22,-5.2,-5.8,-4.6,1993,0.0,0.38,2.0
2014-01-23,-6.3,-8.2,-4.0,5313,0.0,0.32,2.7
2014-01-24,-8.2,-12.8,-5.7,3728,0.0,0.23,2.8
2014-01-25,-12.2,-15.0,-8.2,5731,0.0,0.19,2.6
2014-01-26,-12.2,-15.0,-9.4,4963,0.0,0.19,3.6
2014-01-27,-5.6,-9.7,-3.2,2183,3.0,0.29,3.1
2014-01-28,-2.9,-6.0,-1.1,2279,0.1,0.38,2.7
2014-01-29,-6.6,-7.2,-5.6,2377,0.3,0.34,3.4
2014-01-30,-5.7,-7.0,-4.2,2311,0.0,0.35,2.9
2014-01-31,-3.6,-6.6,-0.3,2865,0.0,0.36,2.1
2014-02-01,0.7,-5.4,5.1,5841,0.4,0.41,2.9
2014-02-02,2.0,0.4,4.0,2448,0.1,0.61,1.9
2014-02-03,1.3,-0.1,3.0,2496,0.0,0.59,2.3
2014-02-04,0.7,-2.2,4.7,6534,0.0,0.51,2.3
2014-02-05,0.4,-2.1,3.8,6756,0.0,0.51,2.8
2014-02-06,4.1,0.6,9.2,5089,0.3,0.63,3.3
2014-02-07,6.6,3.2,11.5,3502,1.5,0.77,4.5
2014-02-08,5.6,2.4,8.8,4443,2.8,0.71,3.7
2014-02-09,5.3,2.3,9.0,7057,0.0,0.71,4.2
2014-02-10,4.0,-0.4,9.1,7681,0.1,0.59,2.6
2014-02-11,3.6,1.7,6.3,2982,0.5,0.67,3.1
2014-02-12,3.6,1.1,7.7,5083,0.9,0.65,3.2
2014-02-13,5.0,1.8,9.2,5902,6.4,0.69,3.7
2014-02-14,3.8,1.2,6.8,4646,0.7,0.65,3.5
2014-02-15,7.4,3.4,10.6,3151,0.1,0.77,4.3
2014-02-16,7.0,2.2,10.0,5706,0.1,0.71,4.2
2014-02-17,3.4,-1.8,8.5,6991,0.0,0.54,2.0
2014-02-18,3.7,-0.8,8.6,6248,0.0,0.58,1.8
2014-02-19,4.5,0.5,7.2,3473,1.0,0.62,2.3
2014-02-20,6.7,4.2,10.1,6375,0.0,0.8,2.6
2014-02-21,6.0,3.8,10.9,4194,4.0,0.79,3.0
2014-02-22,4.9,0.1,10.3,9929,0.0,0.62,2.9
2014-02-23,5.6,1.4,10.0,10146,0.0,0.68,2.5
2014-02-24,5.3,-0.3,12.0,10672,0.0,0.62,2.6
2014-02-25,5.7,0.6,12.4,10667,0.0,0.65,2.4
2014-02-26,6.3,2.7,12.7,9255,0.3,0.74,1.7
2014-02-27,5.8,3.3,10.1,4494,0.1,0.76,2.1
2014-02-28,4.7,-0.1,8.6,5289,0.1,0.6,2.0
2014-03-01,3.9,-2.1,10.8,10539,0.0,0.55,1.6
2014-03-02,4.0,0.1,9.6,6359,0.0,0.62,1.8
2014-03-03,4.6,1.4,8.9,9013,0.0,0.66,2.6
2014-03-04,5.4,2.4,9.8,4303,0.0,0.72,1.3
2014-03-05,5.9,1.3,10.3,4967,0.0,0.67,1.5
2014-03-06,4.7,-1.5,9.5,7006,0.0,0.56,1.7
2014-03-07,4.1,-1.4,10.7,10205,0.0,0.57,2.0
2014-03-08,6.4,0.6,12.5,13032,0.0,0.66,1.9
2014-03-09,8.4,2.0,16.6,13106,0.0,0.74,2.4
2014-03-10,7.4,0.2,17.1,13444,0.0,0.68,1.9
2014-03-11,7.6,2.2,13.7,13517,0.0,0.73,2.3
2014-03-12,5.2,-2.1,14.2,14583,0.0,0.57,1.7
2014-03-13,6.1,-2.4,17.0,14662,0.0,0.59,1.3
2014-03-14,4.5,-2.4,12.5,13542,1.2,0.55,1.9
2014-03-15,7.9,5.2,10.5,8029,3.5,0.86,5.2
2014-03-16,8.7,5.7,10.6,5320,0.3,0.89,5.6
2014-03-17,9.3,6.7,11.4,5306,0.1,0.96,4.0
2014-03-18,8.2,5.6,10.6,5385,3.2,0.89,3.1
2014-03-19,8.6,6.2,10.9,5561,0.1,0.92,4.5
2014-03-20,12.7,6.8,18.6,14967,0.0,1.0,3.2
2014-03-21,12.2,2.7,18.9,12090,0.1,0.8,3.7
2014-03-22,6.4,0.2,10.7,6496,0.4,0.63,2.7
2014-03-23,6.1,0.9,10.0,6184,0.0,0.65,2.2
2014-03-24,4.3,0.0,9.3,9078,2.4,0.61,1.7
2014-03-25,4.0,-0.2,9.0,8678,2.8,0.6,1.7
2014-03-26,4.9,-0.3,10.7,14996,0.0,0.61,2.3
2014-03-27,5.2,0.8,10.3,17711,0.0,0.65,3.0
2014-03-28,5.9,3.1,9.3,6189,0.0,0.74,2.5
2014-03-29,8.5,3.2,15.8,12312,0.0,0.79,2.1
2014-03-30,10.0,1.8,19.1,17261,0.0,0.76,1.3
2014-03-31,8.2,1.0,15.2,13191,0.0,0.69,1.3
2014-04-01,5.7,1.3,10.6,8637,0.0,0.67,1.7
2014-04-02,10.2,4.4,16.8,15584,0.0,0.87,1.8
2014-04-03,10.0,3.4,19.3,17339,0.0,0.83,2.0
2014-04-04,6.9,4.2,10.2,7291,5.0,0.81,2.5
2014-04-05,8.4,5.6,12.2,6828,0.4,0.89,1.7
2014-04-06,11.9,7.6,17.4,15472,2.7,1.05,2.0
2014-04-07,15.1,11.6,19.8,11183,0.0,1.34,2.1
2014-04-08,12.0,6.3,17.1,9397,1.6,0.96,4.2
2014-04-09,8.4,5.3,13.2,9935,3.4,0.88,3.9
2014-04-10,6.9,2.6,9.0,7219,0.0,0.72,2.1
2014-04-11,7.6,4.8,10.3,7296,1.5,0.83,1.6
2014-04-12,9.0,4.6,14.8,14187,0.2,0.85,1.6
2014-04-13,10.2,4.5,14.7,13841,3.6,0.84,3.2
2014-04-14,6.6,4.2,10.3,10852,3.2,0.81,4.8
2014-04-15,6.9,3.2,11.2,13364,0.7,0.76,3.4
2014-04-16,7.0,0.4,13.6,19374,0.0,0.66,1.7
2014-04-17,8.0,-1.2,14.1,22179,3.5,0.6,2.7
2014-04-18,7.3,3.5,11.4,15069,0.4,0.78,2.7
2014-04-19,10.7,2.3,19.7,17875,0.0,0.78,2.8
2014-04-20,14.5,8.6,19.7,15749,2.1,1.13,3.1
2014-04-21,13.9,11.2,19.0,15142,0.5,1.31,2.3
2014-04-22,15.0,9.8,21.9,17263,7.8,1.23,1.7
2014-04-23,13.1,7.5,18.9,10804,0.0,1.05,1.7
2014-04-24,12.0,7.8,16.6,10045,0.0,1.05,2.1
2014-04-25,15.8,8.2,22.6,23107,0.0,1.13,2.4
2014-04-26,15.5,6.5,22.9,19969,0.0,1.03,1.9
2014-04-27,14.9,9.9,20.1,18139,0.0,1.23,2.3
2014-04-28,15.1,7.7,21.1,25527,0.0,1.08,1.7
2014-04-29,13.8,5.5,21.8,24794,0.0,0.97,1.4
2014-04-30,14.1,5.2,20.4,22342,0.1,0.94,1.6
2014-05-01,12.8,6.7,17.5,19994,0.0,1.0,2.0
2014-05-02,7.3,4.9,11.4,9511,0.0,0.85,2.6
2014-05-03,8.6,2.5,14.0,25241,0.0,0.75,2.5
2014-05-04,6.3,0.2,10.0,9885,0.0,0.62,2.0
2014-05-05,8.7,2.6,14.8,16148,0.0,0.76,1.5
2014-05-06,12.5,4.0,19.7,15106,0.8,0.87,2.6
2014-05-07,12.6,6.9,18.2,16301,0.3,1.0,3.0
2014-05-08,12.2,8.5,17.1,13376,4.1,1.1,3.2
2014-05-09,12.1,6.2,17.2,11313,6.1,0.96,3.7
2014-05-10,11.4,6.3,16.8,12125,3.8,0.96,3.2
2014-05-11,11.2,8.4,14.7,14574,2.5,1.08,4.3
2014-05-12,10.5,8.3,14.2,12621,2.6,1.07,3.8
2014-05-13,10.6,4.8,15.4,12174,0.0,0.87,2.9
2014-05-14,8.5,3.3,13.0,16276,0.4,0.77,3.1
2014-05-15,11.3,7.1,15.7,17605,0.0,1.01,2.5
2014-05-16,12.7,6.1,18.6,24519,0.0,0.97,2.6
2014-05-17,14.4,8.9,19.8,22429,1.5,1.16,2.1
2014-05-18,11.8,9.2,14.2,9892,12.8,1.13,1.8
2014-05-19,13.5,9.2,18.2,14781,0.1,1.16,1.7
2014-05-20,18.4,8.5,26.5,27725,0.0,1.21,1.7
2014-05-21,21.4,13.1,28.2,27151,0.0,1.57,2.1
2014-05-22,22.9,15.4,29.4,27726,0.0,1.81,2.3
2014-05-23,19.8,15.0,25.8,20611,1.0,1.71,2.0
2014-05-24,16.6,11.0,21.6,18224,0.0,1.32,1.8
2014-05-25,18.4,11.7,24.3,27002,0.0,1.41,1.8
2014-05-26,19.1,13.4,25.2,24741,0.9,1.57,2.4
2014-05-27,14.0,9.4,20.3,12310,10.2,1.19,3.0
2014-05-28,9.4,7.6,10.5,10027,6.5,1.01,3.2
2014-05-29,8.8,2.8,12.0,11348,0.0,0.74,2.2
2014-05-30,12.9,2.3,20.3,25309,0.0,0.79,2.0
2014-05-31,13.6,4.3,20.6,23414,0.0,0.9,2.4
2014-06-01,12.6,4.9,19.0,27325,0.0,0.9,1.7
2014-06-02,13.4,4.0,20.5,26199,0.0,0.87,1.4
2014-06-03,14.3,8.5,20.1,14207,0.0,1.13,1.3
2014-06-04,17.2,9.7,23.2,21091,0.1,1.25,2.0
2014-06-05,14.6,8.2,20.2,18012,3.1,1.11,2.9
2014-06-06,16.2,6.6,24.1,28397,0.0,1.05,1.9
2014-06-07,20.9,9.1,29.4,28164,0.0,1.29,1.6
2014-06-08,24.3,14.0,33.7,26375,1.1,1.78,1.8
2014-06-09,22.3,15.5,29.1,25230,11.1,1.82,2.0
2014-06-10,23.7,18.1,29.8,23823,0.3,2.1,2.0
2014-06-11,21.2,17.2,28.1,14631,16.2,1.99,2.2
2014-06-12,17.0,10.8,22.0,24504,0.0,1.32,2.3
2014-06-13,14.1,10.0,19.3,15824,3.5,1.23,2.8
2014-06-14,14.2,8.0,20.1,19079,0.2,1.1,2.5
2014-06-15,14.9,6.9,22.2,23371,0.0,1.05,2.2
2014-06-16,14.4,5.6,19.9,25716,0.0,0.95,2.4
2014-06-17,16.5,7.5,22.9,25592,0.0,1.09,2.1
2014-06-18,16.0,6.5,22.8,28062,0.0,1.03,2.4
2014-06-19,14.6,10.7,18.8,11189,0.1,1.28,3.3
2014-06-20,14.5,11.8,19.2,13527,0.0,1.35,3.4
2014-06-21,13.1,10.4,16.6,12618,2.7,1.23,2.8
2014-06-22,14.0,8.7,19.4,18326,1.2,1.13,2.9
2014-06-23,13.0,6.6,18.7,16894,0.6,1.0,2.5
2014-06-24,13.4,8.2,18.3,14423,19.8,1.08,1.8
2014-06-25,12.5,8.8,16.4,11692,11.7,1.11,2.1
2014-06-26,14.5,6.4,20.8,25559,0.0,1.01,1.4
2014-06-27,16.9,7.3,24.0,25416,0.2,1.1,1.6
2014-06-28,17.7,13.8,23.3,17496,4.6,1.58,1.9
2014-06-29,14.4,12.6,16.2,10356,2.1,1.42,2.3
2014-06-30,14.5,10.2,20.3,13839,5.8,1.25,2.3
2014-07-01,14.2,7.8,20.6,22625,0.0,1.1,1.9
2014-07-02,14.3,7.3,20.9,22474,2.1,1.07,2.0
2014-07-03,16.7,8.0,23.2,22321,0.0,1.14,2.0
2014-07-04,22.2,10.5,30.3,29146,0.0,1.42,2.0
2014-07-05,21.4,15.7,28.7,16327,0.1,1.83,2.5
2014-07-06,23.7,16.8,29.8,27662,0.0,1.95,2.3
2014-07-07,21.0,16.9,24.6,18081,7.0,1.91,2.2
2014-07-08,20.0,16.3,29.8,14699,11.5,1.91,2.7
2014-07-09,22.4,18.4,29.9,19952,14.1,2.15,3.2
2014-07-10,22.9,17.7,28.5,25968,0.0,2.04,2.3
2014-07-11,19.9,14.4,25.9,28113,0.5,1.67,2.3
2014-07-12,15.5,12.3,20.8,15344,5.0,1.42,2.0
2014-07-13,16.1,10.1,22.0,21857,5.7,1.26,2.1
2014-07-14,18.5,14.5,23.8,17708,3.1,1.63,2.6
2014-07-15,19.6,14.6,24.7,24330,0.0,1.67,1.9
2014-07-16,20.4,13.5,25.3,21847,0.0,1.57,1.3
2014-07-17,22.0,15.3,27.7,25889,0.0,1.77,1.3
2014-07-18,22.7,13.9,30.0,28259,0.0,1.69,1.5
2014-07-19,24.4,15.2,32.1,28453,0.0,1.86,2.0
2014-07-20,24.8,17.3,33.0,24440,0.0,2.07,2.2
2014-07-21,22.8,17.2,29.4,21453,0.0,2.0,2.5
2014-07-22,22.6,16.5,28.2,25967,0.2,1.91,2.7
2014-07-23,21.8,16.7,28.1,26660,0.2,1.91,2.6
2014-07-24,19.1,16.2,26.1,10631,6.2,1.83,2.3
2014-07-25,20.4,16.9,25.0,12354,1.9,1.91,1.8
2014-07-26,22.7,17.1,29.8,21895,0.0,2.0,1.6
2014-07-27,24.0,17.0,31.6,20061,0.0,2.01,1.7
2014-07-28,22.3,18.2,27.4,17729,1.5,2.07,1.7
2014-07-29,22.2,19.5,29.9,14147,17.8,2.27,1.9
2014-07-30,20.7,18.2,25.4,10829,2.4,2.05,2.4
2014-07-31,19.5,13.6,24.9,22275,0.0,1.58,1.9
2014-08-01,20.9,11.7,27.2,25687,0.0,1.44,1.7
2014-08-02,22.8,18.4,28.9,18625,8.6,2.13,2.0
2014-08-03,23.0,18.2,27.5,19913,0.0,2.07,1.7
2014-08-04,20.4,17.6,22.9,9548,0.0,1.97,1.6
2014-08-05,19.1,16.0,24.6,13938,4.4,1.79,1.7
2014-08-06,19.4,12.6,25.2,19906,0.0,1.49,1.5
2014-08-07,17.8,11.0,25.5,15638,5.9,1.37,1.5
2014-08-08,19.3,13.1,25.4,20217,0.0,1.54,1.5
2014-08-09,20.2,13.0,27.4,17678,1.7,1.57,3.0
2014-08-10,19.6,12.4,26.5,13689,10.3,1.5,2.7
2014-08-11,18.7,12.4,22.9,17499,0.0,1.44,3.1
2014-08-12,15.9,10.4,21.6,19103,1.9,1.27,2.9
2014-08-13,17.8,9.7,25.1,18883,7.1,1.27,2.3
2014-08-14,17.4,13.3,22.8,19986,1.1,1.53,2.6
2014-08-15,15.9,11.8,21.2,14124,0.0,1.39,2.3
2014-08-16,14.8,11.6,18.9,14036,1.1,1.35,2.8
2014-08-17,16.2,12.2,19.9,13114,0.1,1.4,3.6
2014-08-18,15.9,13.2,20.4,14331,1.0,1.49,3.9
2014-08-19,14.2,10.3,19.3,14238,4.2,1.24,2.9
2014-08-20,13.0,7.9,18.5,14613,0.2,1.07,2.6
2014-08-21,11.9,6.3,18.6,17679,0.1,0.98,2.0
2014-08-22,14.0,5.7,20.8,10449,0.0,0.96,2.5
2014-08-23,14.2,9.7,19.6,16755,0.0,1.2,2.4
2014-08-24,12.6,7.3,18.3,16990,0.2,1.03,2.6
2014-08-25,12.4,6.2,18.4,18601,0.0,0.97,1.9
2014-08-26,12.2,5.0,18.9,17215,0.0,0.92,1.9
2014-08-27,13.7,6.0,21.0,20287,0.0,0.99,1.7
2014-08-28,15.0,6.1,23.4,21397,0.0,1.03,1.5
2014-08-29,14.9,9.6,20.8,9849,4.6,1.21,1.9
2014-08-30,15.4,8.8,21.9,11221,3.3,1.17,2.0
2014-08-31,15.8,12.0,19.5,9113,0.2,1.38,1.8
2014-09-01,14.3,11.1,15.8,7137,4.7,1.28,1.9
2014-09-02,15.2,10.2,20.3,12363,0.0,1.25,1.8
2014-09-03,15.4,10.2,20.7,15770,0.0,1.25,2.5
2014-09-04,17.1,11.4,22.6,20554,0.0,1.37,2.3
2014-09-05,19.1,13.7,25.6,18550,0.0,1.6,1.5
2014-09-06,19.6,12.7,26.3,18615,2.9,1.52,1.3
2014-09-07,19.6,15.2,25.4,14711,0.1,1.74,1.3
2014-09-08,17.6,11.2,22.4,15326,0.0,1.35,1.7
2014-09-09,14.1,8.3,19.1,10640,0.1,1.11,2.2
2014-09-10,14.1,11.1,19.1,8115,6.4,1.31,2.2
2014-09-11,13.3,9.9,17.1,10322,0.0,1.2,2.1
2014-09-12,15.9,13.1,17.9,6793,0.2,1.46,2.8
2014-09-13,17.0,15.6,19.9,6195,9.6,1.72,2.2
2014-09-14,17.3,15.8,19.6,6116,4.6,1.73,2.0
2014-09-15,19.2,14.7,24.7,17298,0.0,1.67,1.9
2014-09-16,18.8,14.8,23.9,15926,0.0,1.67,2.1
2014-09-17,17.3,12.5,22.6,17070,0.0,1.45,2.2
2014-09-18,17.1,12.3,23.5,16606,0.0,1.45,1.9
2014-09-19,16.6,11.0,23.6,14473,0.0,1.35,1.6
2014-09-20,17.2,10.3,23.3,10420,4.2,1.3,1.4
2014-09-21,14.5,11.0,18.5,7107,3.7,1.29,2.7
2014-09-22,11.1,9.9,13.1,7111,1.9,1.17,3.7
2014-09-23,10.0,6.2,14.5,13110,0.0,0.94,2.0
2014-09-24,11.5,8.8,16.5,7775,0.0,1.11,2.2
2014-09-25,12.8,10.2,17.0,6927,1.6,1.23,2.9
2014-09-26,14.0,11.8,16.7,5165,0.4,1.35,2.6
2014-09-27,12.3,6.4,18.0,9956,0.0,0.98,1.7
2014-09-28,12.0,4.3,19.8,13748,0.0,0.88,1.5
2014-09-29,15.0,8.8,21.7,10252,1.4,1.17,1.4
2014-09-30,16.0,14.5,19.1,5837,0.9,1.6,1.4
2014-10-01,15.1,10.7,19.4,7609,0.5,1.27,1.2
2014-10-02,15.4,10.7,20.6,6191,0.0,1.28,1.1
2014-10-03,14.5,9.7,20.0,11567,0.0,1.2,1.5
2014-10-04,12.8,8.2,18.7,13055,0.0,1.1,2.2
2014-10-05,11.9,6.9,18.4,11619,0.0,1.01,1.8
2014-10-06,12.0,8.5,18.0,10125,0.0,1.11,2.4
2014-10-07,12.7,8.5,16.4,4745,1.7,1.1,3.3
2014-10-08,13.4,8.6,17.7,9118,7.2,1.12,2.7
2014-10-09,16.5,13.5,20.1,4183,3.6,1.52,2.6
2014-10-10,14.5,11.4,18.8,6531,1.0,1.32,1.9
2014-10-11,13.5,11.3,15.4,4039,3.6,1.3,1.4
2014-10-12,13.1,9.1,16.3,5863,0.2,1.13,1.8
2014-10-13,14.0,10.5,17.2,4601,0.1,1.24,2.0
2014-10-14,13.3,8.2,17.4,5219,0.5,1.08,1.7
2014-10-15,11.3,6.2,17.2,5974,0.1,0.96,1.7
2014-10-16,11.1,6.1,14.0,4825,1.7,0.93,1.9
2014-10-17,12.9,8.8,15.5,3999,0.0,1.11,1.9
2014-10-18,12.7,8.9,16.0,3855,0.0,1.12,2.0
2014-10-19,15.5,9.6,22.0,10197,5.4,1.23,2.8
2014-10-20,13.3,9.6,15.2,4006,5.0,1.17,3.2
2014-10-21,12.0,10.0,14.7,3794,12.1,1.19,3.6
2014-10-22,10.3,8.3,11.8,3304,8.8,1.05,4.7
2014-10-23,10.8,9.2,11.7,3242,0.0,1.12,2.5
2014-10-24,8.3,6.5,9.5,3181,0.0,0.94,2.2
2014-10-25,6.7,4.8,9.0,3121,0.9,0.83,2.0
2014-10-26,10.9,8.5,14.3,4735,0.2,1.08,2.0
2014-10-27,10.4,6.3,16.0,7962,0.0,0.96,2.3
2014-10-28,6.7,2.8,11.7,8496,0.0,0.74,2.2
2014-10-29,4.9,0.7,7.1,5211,0.2,0.63,1.9
2014-10-30,8.2,5.2,12.4,4681,0.0,0.87,1.2
2014-10-31,10.0,7.9,14.1,4101,0.1,1.04,1.6
2014-11-01,11.2,8.3,17.7,6205,0.0,1.09,1.6
2014-11-02,10.8,7.2,16.1,7581,0.1,1.01,2.1
2014-11-03,13.0,10.5,15.8,5591,0.1,1.24,3.3
2014-11-04,10.2,8.1,13.3,3530,0.0,1.06,2.4
2014-11-05,9.7,7.6,11.9,2701,0.1,1.01,1.8
2014-11-06,8.2,5.9,9.7,2475,0.0,0.9,1.7
2014-11-07,6.8,2.2,10.6,6172,0.0,0.71,2.3
2014-11-08,6.8,2.6,11.7,6534,0.0,0.74,2.4
2014-11-09,6.0,2.0,8.7,3180,0.0,0.7,2.0
2014-11-10,8.2,4.5,10.1,2460,0.4,0.82,1.8
2014-11-11,7.3,5.1,9.2,2963,0.0,0.85,2.2
2014-11-12,9.5,8.0,10.3,2209,0.0,1.03,1.9
2014-11-13,9.6,9.1,10.1,2168,0.4,1.11,1.2
2014-11-14,9.5,7.8,11.6,2287,0.0,1.02,2.6
2014-11-15,9.3,8.1,10.3,2090,0.2,1.04,2.7
2014-11-16,7.6,6.2,9.4,2053,0.2,0.91,2.7
2014-11-17,6.6,3.7,9.1,3495,0.0,0.77,2.0
2014-11-18,6.1,4.5,7.4,1981,0.2,0.81,2.7
2014-11-19,4.1,3.7,4.6,1947,0.1,0.76,1.8
2014-11-20,5.1,3.8,7.2,2357,0.0,0.77,1.3
2014-11-21,3.0,0.2,6.7,1882,0.0,0.61,1.5
2014-11-22,4.5,3.1,5.9,1851,1.0,0.74,2.2
2014-11-23,5.0,3.2,7.9,2728,0.0,0.74,2.4
2014-11-24,5.4,1.5,9.2,2076,4.7,0.67,2.3
2014-11-25,5.0,2.6,6.2,1766,0.0,0.71,1.9
2014-11-26,3.9,2.0,5.5,2433,0.0,0.68,2.8
2014-11-27,2.5,1.0,4.9,4325,0.0,0.63,3.0
2014-11-28,0.7,-0.6,2.2,1690,0.0,0.57,3.7
2014-11-29,-1.5,-2.7,-0.7,1667,0.0,0.48,3.3
2014-11-30,-2.1,-3.1,-1.3,1644,0.0,0.47,3.0
2014-12-01,-3.4,-4.2,-2.8,1624,0.0,0.43,3.5
2014-12-02,-3.2,-3.8,-2.3,1604,0.0,0.44,2.2
2014-12-03,-2.2,-3.8,-1.0,1585,0.0,0.44,2.0
2014-12-04,1.1,-1.3,2.9,1567,0.0,0.54,1.9
2014-12-05,1.4,0.0,2.5,1550,1.5,0.59,1.5
2014-12-06,2.8,-0.6,4.5,1535,0.0,0.57,1.6
2014-12-07,1.7,0.0,3.0,1520,2.9,0.59,2.6
2014-12-08,3.3,0.0,4.6,1675,0.0,0.59,2.7
2014-12-09,0.8,-2.5,3.9,3377,0.0,0.5,2.0
2014-12-10,1.1,-0.8,3.3,1483,2.7,0.55,4.0
2014-12-11,2.6,0.1,4.9,1514,2.7,0.6,4.6
2014-12-12,5.6,2.2,8.9,1463,7.1,0.71,5.1
2014-12-13,4.2,1.6,5.3,1455,0.0,0.66,2.7
2014-12-14,1.7,-0.7,3.1,1448,0.0,0.56,2.1
2014-12-15,2.2,0.0,4.2,1769,1.4,0.59,2.9
2014-12-16,3.7,2.1,5.3,1437,0.0,0.69,2.5
2014-12-17,2.4,0.3,4.3,1474,0.5,0.6,3.2
2014-12-18,8.4,4.0,12.1,1430,4.3,0.8,3.9
2014-12-19,9.3,4.8,11.9,1428,7.1,0.85,5.1
2014-12-20,4.1,0.7,6.8,1427,6.0,0.63,5.5
2014-12-21,5.1,3.4,6.8,1549,2.8,0.75,4.5
2014-12-22,9.4,6.4,11.1,1428,5.6,0.94,5.9
2014-12-23,10.0,9.1,11.1,1431,2.4,1.11,4.9
2014-12-24,7.4,3.4,9.7,1434,2.1,0.76,4.8
2014-12-25,3.9,-0.4,6.4,1969,0.8,0.58,4.2
2014-12-26,-1.5,-5.7,0.6,1812,0.4,0.39,2.0
2014-12-27,-3.7,-6.8,-2.1,3379,0.0,0.36,3.3
2014-12-28,-3.8,-8.7,1.1,3640,4.5,0.32,2.8
2014-12-29,-3.5,-6.6,-1.3,4153,0.0,0.36,2.6
2014-12-30,-1.3,-4.0,1.4,1476,0.8,0.44,2.3
2014-12-31,2.9,1.0,5.2,1486,0.3,0.63,2.2
2015-01-01,3.1,2.0,4.4,3301,0.2,0.68,2.9
2015-01-02,5.3,2.6,7.9,1595,3.6,0.71,5.0
2015-01-03,3.6,2.3,4.8,1524,0.9,0.7,4.1
2015-01-04,3.3,0.7,4.8,2778,0.5,0.62,3.8
2015-01-05,3.5,2.3,4.3,1555,4.6,0.69,2.8
2015-01-06,0.8,-0.6,2.7,1572,0.1,0.56,1.9
2015-01-07,1.7,-1.0,5.3,1634,0.5,0.55,2.6
2015-01-08,3.5,1.5,5.7,1610,10.6,0.65,4.1
2015-01-09,6.1,4.7,8.1,1630,9.1,0.82,6.2
2015-01-10,8.0,2.8,12.3,1651,2.8,0.75,7.0
2015-01-11,3.3,1.5,4.5,1719,4.1,0.65,5.8
2015-01-12,5.6,2.7,7.4,1697,6.8,0.72,5.4
2015-01-13,8.4,6.9,10.8,1952,0.7,0.96,4.3
2015-01-14,4.8,2.4,7.2,2677,1.7,0.71,4.1
2015-01-15,4.2,0.3,9.1,1774,3.6,0.62,4.2
2015-01-16,6.3,3.4,8.9,3890,0.0,0.76,2.8
2015-01-17,1.8,-3.2,4.5,2359,0.0,0.48,2.1
2015-01-18,-1.2,-4.7,2.1,4867,0.0,0.42,2.1
2015-01-19,-1.3,-4.7,0.8,2824,0.0,0.42,1.4
2015-01-20,1.0,0.4,1.7,1925,2.5,0.6,1.2
2015-01-21,-0.5,-4.5,0.4,2059,0.0,0.43,1.8
2015-01-22,-1.6,-3.0,-0.6,1993,0.0,0.47,2.1
2015-01-23,-0.4,-2.3,0.7,2029,0.0,0.5,1.9
2015-01-24,-0.4,-1.4,0.7,2066,0.2,0.53,2.4
2015-01-25,0.4,-2.9,1.2,2104,0.0,0.48,2.2
2015-01-26,2.1,1.1,4.0,2143,5.3,0.63,2.9
2015-01-27,2.9,-2.9,5.0,2183,0.1,0.48,3.3
2015-01-28,2.5,-2.7,5.0,3097,5.9,0.49,4.2
2015-01-29,1.3,-0.6,2.9,3537,4.0,0.56,4.1
2015-01-30,0.7,0.4,1.4,2311,8.1,0.6,2.7
2015-01-31,-1.2,-6.8,0.3,2412,0.1,0.36,2.4
2015-02-01,0.0,-4.9,1.0,2401,0.8,0.42,2.4
2015-02-02,0.1,-1.7,1.8,2448,1.2,0.52,2.9
2015-02-03,-1.0,-3.1,0.2,2496,0.4,0.47,2.0
2015-02-04,-1.6,-3.4,-0.2,2664,0.0,0.46,1.8
2015-02-05,-1.2,-3.7,2.2,7178,0.0,0.45,2.6
2015-02-06,-4.5,-7.4,-0.5,2646,0.0,0.34,3.1
2015-02-07,-0.5,-6.9,3.9,2698,0.2,0.37,3.0
2015-02-08,1.2,-1.9,3.4,7012,1.0,0.52,4.1
2015-02-09,4.1,0.5,6.0,2805,0.2,0.62,3.8
2015-02-10,5.1,4.3,6.3,2860,0.0,0.79,2.4
2015-02-11,3.0,2.1,6.0,2917,0.0,0.68,1.7
2015-02-12,1.4,0.7,2.5,5215,0.0,0.62,1.7
2015-02-13,-0.7,-2.3,1.0,4567,0.0,0.5,2.2
2015-02-14,0.0,-3.5,5.6,8971,0.0,0.47,2.2
2015-02-15,1.4,-2.5,6.2,8215,0.0,0.51,2.7
2015-02-16,0.0,-1.7,1.1,3212,0.0,0.52,2.5
2015-02-17,0.2,-3.0,4.7,8885,0.0,0.48,1.7
2015-02-18,2.1,0.8,6.4,5680,0.0,0.63,2.1
2015-02-19,2.6,-1.6,8.0,9437,0.0,0.54,2.7
2015-02-20,2.1,-3.0,7.3,6375,0.2,0.5,3.2
2015-02-21,5.3,-0.4,10.1,5813,0.0,0.6,3.0
2015-02-22,1.2,-2.6,6.0,4268,0.0,0.5,2.1
2015-02-23,1.4,-0.3,3.2,3665,4.6,0.57,3.3
2015-02-24,2.4,-1.0,6.7,7850,0.0,0.56,3.2
2015-02-25,1.2,-2.7,7.9,8044,0.0,0.51,2.0
2015-02-26,2.0,-4.0,9.2,11361,0.0,0.48,2.1
2015-02-27,2.6,-1.6,10.4,11438,0.8,0.56,2.1
2015-02-28,2.5,0.0,6.3,7763,0.0,0.59,2.4
2015-03-01,3.0,0.6,6.7,4326,3.3,0.62,3.8
2015-03-02,3.2,-0.9,6.0,5544,3.0,0.57,4.7
2015-03-03,3.6,1.2,7.2,8436,3.7,0.65,4.1
2015-03-04,3.1,1.0,6.5,6804,0.3,0.64,3.6
2015-03-05,3.2,-1.1,7.0,5473,0.0,0.56,2.7
2015-03-06,4.5,-1.2,8.5,4453,0.1,0.56,2.1
2015-03-07,6.8,1.2,11.5,9861,0.0,0.67,2.5
2015-03-08,9.9,2.9,17.0,13032,0.0,0.79,2.3
2015-03-09,7.5,2.5,12.4,9332,0.0,0.74,1.6
2015-03-10,4.7,0.0,9.8,5732,0.2,0.61,2.1
2015-03-11,4.8,2.2,8.7,5192,0.0,0.7,2.4
2015-03-12,3.1,-0.9,5.0,5273,0.0,0.56,2.0
2015-03-13,2.6,-1.4,8.9,9552,0.0,0.56,2.7
2015-03-14,4.1,1.9,6.3,5161,0.3,0.68,2.7
2015-03-15,5.8,4.1,7.4,5147,0.0,0.79,3.2
2015-03-16,7.4,3.7,10.2,8697,0.0,0.78,3.3
2015-03-17,10.8,5.7,16.5,13635,0.0,0.92,2.6
2015-03-18,8.0,0.1,14.1,16366,0.0,0.65,2.0
2015-03-19,5.0,-1.9,12.5,15867,0.0,0.56,1.6
2015-03-20,4.0,-4.0,13.2,14579,0.0,0.5,1.5
2015-03-21,2.2,-2.1,4.2,5625,6.0,0.51,2.6
2015-03-22,0.7,-2.5,5.1,17162,0.0,0.5,2.8
2015-03-23,3.9,-1.3,10.7,15344,0.0,0.57,1.8
2015-03-24,6.8,1.4,12.3,9780,0.0,0.68,1.4
2015-03-25,8.6,-0.2,14.6,15150,0.0,0.63,2.4
2015-03-26,7.3,4.4,9.9,6028,0.0,0.81,2.5
2015-03-27,6.2,3.5,11.2,8059,0.4,0.77,3.1
2015-03-28,6.7,4.8,9.4,6603,1.2,0.84,2.8
2015-03-29,8.9,6.5,11.4,6269,13.6,0.94,5.0
2015-03-30,5.3,2.2,7.5,7714,6.2,0.69,5.8
2015-03-31,4.5,0.7,9.7,8226,9.5,0.64,7.0
2015-04-01,4.1,2.1,7.8,10552,3.1,0.69,5.7
2015-04-02,3.4,1.1,7.7,13443,2.3,0.65,4.5
2015-04-03,4.1,-1.7,9.6,9795,0.0,0.55,2.6
2015-04-04,3.3,-2.8,10.3,16836,0.0,0.52,2.1
2015-04-05,3.2,-3.5,11.1,19161,0.0,0.5,2.1
2015-04-06,4.2,-2.1,9.4,15692,0.0,0.54,2.1
2015-04-07,5.3,-3.5,10.8,12288,0.0,0.5,2.3
2015-04-08,7.6,2.5,11.7,7064,0.0,0.73,2.1
2015-04-09,7.7,1.7,15.2,16304,0.0,0.73,1.5
2015-04-10,10.7,1.1,19.4,19803,0.0,0.73,1.4
2015-04-11,13.2,6.5,22.0,18706,1.7,1.03,3.4
2015-04-12,8.9,4.7,13.7,16231,0.0,0.85,2.9
2015-04-13,8.3,2.0,12.0,13956,0.0,0.71,3.8
2015-04-14,7.9,-1.3,13.0,11769,0.1,0.59,2.8
2015-04-15,14.7,9.3,21.9,18321,0.1,1.2,3.1
2015-04-16,8.9,1.1,13.6,19837,0.0,0.69,2.6
2015-04-17,6.0,-0.8,12.7,14382,0.2,0.6,2.7
2015-04-18,5.2,-1.5,11.5,17291,0.0,0.57,2.3
2015-04-19,8.3,0.1,15.4,19166,0.0,0.66,1.9
2015-04-20,9.5,1.8,17.0,21999,0.0,0.74,2.3
2015-04-21,11.5,0.6,20.0,24023,0.0,0.71,2.8
2015-04-22,8.8,1.3,13.9,15479,0.0,0.69,2.4
2015-04-23,10.0,0.3,17.6,24410,0.0,0.69,1.9
2015-04-24,11.1,1.9,19.6,22864,0.0,0.78,1.8
2015-04-25,12.8,3.4,21.5,14569,0.0,0.85,2.3
2015-04-26,12.8,8.9,18.8,15625,6.0,1.14,2.0
2015-04-27,8.9,7.0,10.6,8451,7.9,0.97,2.5
2015-04-28,7.7,3.6,11.1,9246,0.0,0.78,2.7
2015-04-29,7.9,0.2,14.5,22966,0.0,0.66,2.2
2015-04-30,9.9,5.5,16.1,14149,6.8,0.92,2.5
2015-05-01,7.8,1.5,12.5,17296,0.0,0.69,1.9
2015-05-02,7.8,-0.2,14.2,23411,0.0,0.63,1.6
2015-05-03,12.1,1.9,18.8,22650,5.5,0.76,2.6
2015-05-04,16.2,13.5,21.0,19533,0.2,1.51,2.6
2015-05-05,17.4,10.1,23.4,13544,3.4,1.28,3.4
2015-05-06,14.3,6.5,20.6,21447,0.0,1.02,2.9
2015-05-07,10.6,5.7,15.6,18793,2.0,0.91,3.0
2015-05-08,12.3,4.7,17.6,15125,0.0,0.89,1.6
2015-05-09,14.1,10.4,20.2,14944,1.8,1.27,3.0
2015-05-10,9.9,3.3,14.3,13004,0.0,0.78,3.0
2015-05-11,12.2,1.6,20.1,24885,0.0,0.76,2.2
2015-05-12,16.0,7.0,25.9,17913,4.3,1.11,2.9
2015-05-13,12.2,5.8,17.2,20253,0.0,0.94,2.7
2015-05-14,9.7,3.5,13.5,10838,0.2,0.79,2.1
2015-05-15,9.7,2.4,16.0,22039,0.0,0.76,2.0
2015-05-16,8.9,2.2,12.5,14874,0.4,0.73,2.6
2015-05-17,9.9,5.3,14.3,16455,0.5,0.88,2.9
2015-05-18,12.4,5.5,17.7,13965,0.0,0.92,2.3
2015-05-19,13.8,6.5,18.7,18988,0.0,0.98,3.0
2015-05-20,11.1,4.8,17.4,14066,0.0,0.88,2.0
2015-05-21,10.4,2.4,16.7,20121,0.0,0.76,1.9
2015-05-22,13.0,2.5,20.2,24014,0.0,0.81,1.6
2015-05-23,13.2,2.6,19.5,13820,0.2,0.8,2.0
2015-05-24,12.0,1.6,20.8,27973,0.0,0.77,1.4
2015-05-25,14.4,5.6,21.8,19811,0.0,0.97,1.9
2015-05-26,11.0,4.6,15.7,17415,0.1,0.86,2.6
2015-05-27,9.5,3.9,14.0,13082,0.0,0.82,2.3
2015-05-28,12.2,3.6,21.2,14663,2.7,0.86,2.8
2015-05-29,13.1,6.2,17.9,20756,2.7,0.96,2.3
2015-05-30,10.7,4.9,16.1,18989,1.2,0.88,3.3
2015-05-31,14.0,3.6,21.3,21606,0.1,0.86,2.8
2015-06-01,13.9,7.4,17.2,11568,1.2,1.03,2.5
2015-06-02,16.7,7.1,23.1,19220,0.0,1.07,3.8
2015-06-03,17.0,7.5,21.4,16923,0.1,1.08,3.5
2015-06-04,14.1,3.4,21.3,30536,0.0,0.86,1.7
2015-06-05,19.8,9.2,28.3,30439,0.0,1.28,2.2
2015-06-06,21.2,12.1,29.5,21792,0.0,1.52,2.5
2015-06-07,15.8,7.2,22.2,26739,0.0,1.07,2.3
2015-06-08,13.9,7.5,18.2,23394,0.0,1.05,2.7
2015-06-09,13.4,6.0,18.5,23026,0.0,0.97,2.6
2015-06-10,14.5,6.1,20.4,19673,0.0,0.98,2.2
2015-06-11,16.3,3.7,24.1,30715,0.0,0.91,1.9
2015-06-12,19.9,13.4,26.2,25542,0.0,1.58,1.6
2015-06-13,20.8,13.2,30.7,19976,5.4,1.63,2.1
2015-06-14,15.8,12.9,17.6,14277,0.0,1.45,2.2
2015-06-15,13.4,5.8,18.1,25967,0.0,0.94,2.5
2015-06-16,11.2,3.6,14.9,14942,0.0,0.81,2.2
2015-06-17,13.4,3.0,20.6,24683,1.8,0.83,2.1
2015-06-18,14.1,9.6,20.0,13653,0.2,1.2,2.9
2015-06-19,12.5,9.4,18.3,13136,0.8,1.17,2.9
2015-06-20,13.2,9.7,19.3,14046,8.1,1.2,2.5
2015-06-21,13.3,9.0,19.3,16771,1.2,1.15,2.0
2015-06-22,13.7,10.6,18.2,13913,3.1,1.26,2.4
2015-06-23,12.0,10.5,13.2,11185,11.9,1.23,3.0
2015-06-24,12.4,10.5,15.4,10531,0.2,1.24,2.5
2015-06-25,16.6,11.0,23.1,14935,0.3,1.35,1.6
2015-06-26,17.1,13.0,22.3,10517,0.3,1.49,1.4
2015-06-27,17.2,15.1,22.9,11545,7.5,1.69,2.3
2015-06-28,16.8,13.7,22.6,20476,0.5,1.55,1.8
2015-06-29,19.8,13.9,26.5,19813,0.0,1.62,1.7
2015-06-30,19.1,11.9,24.1,29638,0.0,1.43,1.7
2015-07-01,19.7,9.1,26.3,30910,0.0,1.26,2.1
2015-07-02,23.2,15.6,29.4,30755,0.0,1.82,2.5
2015-07-03,25.2,16.7,33.7,28917,0.0,2.03,1.7
2015-07-04,27.8,18.2,36.7,28371,0.0,2.27,1.8
2015-07-05,27.6,20.1,35.4,25757,6.9,2.47,2.0
2015-07-06,20.3,12.3,24.9,22240,0.0,1.47,2.7
2015-07-07,21.6,11.1,30.6,26725,3.6,1.46,2.0
2015-07-08,17.7,14.0,21.6,14699,4.4,1.57,4.0
2015-07-09,14.4,11.3,18.2,17890,0.4,1.32,4.0
2015-07-10,14.0,7.4,19.5,19273,0.0,1.05,2.7
2015-07-11,15.4,4.8,22.8,22839,0.0,0.95,1.7
2015-07-12,16.8,10.8,23.8,12003,3.9,1.34,2.3
2015-07-13,16.6,14.6,21.2,11199,3.2,1.63,2.4
2015-07-14,16.7,14.0,19.5,10525,3.4,1.57,2.4
2015-07-15,17.9,13.1,22.5,19845,0.0,1.5,1.8
2015-07-16,19.1,14.9,24.6,18007,0.0,1.7,1.6
2015-07-17,22.1,14.0,30.9,23204,0.0,1.7,2.2
2015-07-18,21.4,13.9,25.8,23917,0.0,1.62,2.4
2015-07-19,14.8,11.7,18.7,12254,17.3,1.34,2.3
2015-07-20,17.4,13.3,22.5,22274,0.9,1.51,2.2
2015-07-21,19.8,14.0,26.8,20181,8.6,1.64,2.5
2015-07-22,21.0,13.2,27.4,15550,1.4,1.58,1.9
2015-07-23,18.8,10.3,24.4,20445,0.0,1.31,2.0
2015-07-24,18.5,8.8,24.7,25196,5.0,1.21,1.9
2015-07-25,20.2,13.4,28.8,16527,2.9,1.62,4.4
2015-07-26,15.1,10.3,19.9,16594,0.2,1.25,3.0
2015-07-27,15.9,11.0,23.0,10611,2.8,1.34,3.3
2015-07-28,16.5,14.1,20.4,14459,1.9,1.58,4.0
2015-07-29,14.5,10.8,20.1,14524,4.6,1.3,3.5
2015-07-30,14.7,11.8,18.5,12708,0.0,1.35,3.5
2015-07-31,13.5,6.5,18.1,14024,0.0,0.99,2.2
2015-08-01,15.3,4.9,23.8,24564,0.0,0.97,1.7
2015-08-02,20.4,9.9,28.6,27089,0.0,1.33,1.5
2015-08-03,22.3,10.6,30.9,26868,0.0,1.44,1.8
2015-08-04,25.4,17.3,33.9,22308,2.8,2.11,2.4
2015-08-05,19.6,13.8,25.2,22094,0.0,1.6,1.7
2015-08-06,23.4,13.6,32.8,25823,0.0,1.7,1.7
2015-08-07,26.4,16.6,36.4,22768,0.0,2.07,1.7
2015-08-08,21.9,18.0,25.4,16417,0.4,2.02,2.4
2015-08-09,19.6,13.1,25.7,25991,0.0,1.54,2.2
2015-08-10,22.7,13.3,30.8,23074,0.0,1.64,1.9
2015-08-11,23.6,18.3,30.0,24547,0.0,2.13,2.0
2015-08-12,20.6,17.7,24.8,14621,0.2,1.98,2.0
2015-08-13,21.1,16.6,27.0,19366,0.0,1.88,2.7
2015-08-14,25.5,18.3,33.4,23957,0.1,2.21,2.6
2015-08-15,23.3,18.7,31.0,15922,0.0,2.19,1.9
2015-08-16,23.0,16.9,29.5,20010,10.0,1.97,2.1
2015-08-17,22.5,19.1,28.5,9304,0.4,2.2,2.4
2015-08-18,20.3,13.7,25.6,8639,0.0,1.6,2.0
2015-08-19,18.3,11.8,27.3,15773,0.0,1.45,1.5
2015-08-20,18.4,10.4,26.1,22143,0.0,1.35,1.3
2015-08-21,18.6,8.1,27.9,22600,0.0,1.21,1.4
2015-08-22,19.3,9.1,27.4,21650,0.1,1.27,1.9
2015-08-23,19.1,13.4,24.7,16639,0.8,1.56,2.7
2015-08-24,19.9,14.1,27.1,13751,12.3,1.66,2.8
2015-08-25,17.8,12.8,21.6,12384,0.0,1.46,3.4
2015-08-26,19.7,12.1,26.2,20079,0.0,1.47,2.6
2015-08-27,19.4,16.2,25.2,10481,10.9,1.82,2.4
2015-08-28,15.2,10.5,19.3,10618,0.0,1.26,1.9
2015-08-29,16.4,8.6,23.9,20573,0.0,1.18,1.3
2015-08-30,18.6,11.0,26.5,16498,10.0,1.38,1.5
2015-08-31,24.0,16.7,32.2,18830,0.0,1.98,1.8
2015-09-01,19.9,14.1,25.7,16469,1.9,1.62,2.6
2015-09-02,14.4,9.0,20.3,18107,0.0,1.16,2.2
2015-09-03,12.9,8.2,18.9,11596,0.8,1.1,1.6
2015-09-04,12.5,7.0,19.1,16078,1.0,1.03,2.4
2015-09-05,13.1,9.7,18.2,9866,5.2,1.19,3.7
2015-09-06,12.8,10.2,17.6,9662,7.9,1.22,4.1
2015-09-07,12.4,6.3,17.8,15354,0.1,0.97,2.5
2015-09-08,12.4,5.8,19.8,14155,0.0,0.97,1.8
2015-09-09,12.0,5.2,17.5,11275,0.0,0.91,1.9
2015-09-10,13.0,7.8,20.1,12531,6.2,1.09,2.3
2015-09-11,13.1,11.3,15.7,6563,2.9,1.3,2.1
2015-09-12,15.8,11.1,21.9,15503,0.8,1.32,2.1
2015-09-13,17.5,13.8,23.5,9181,0.1,1.57,2.0
2015-09-14,17.2,13.8,21.8,11226,4.5,1.55,2.6
2015-09-15,14.0,8.5,19.6,12834,5.3,1.12,3.0
2015-09-16,15.2,7.7,23.5,8071,4.4,1.12,2.6
2015-09-17,17.8,14.3,23.4,9874,1.6,1.62,3.4
2015-09-18,14.5,10.1,19.6,14424,0.0,1.23,2.3
2015-09-19,13.3,7.8,20.5,12997,0.2,1.09,1.7
2015-09-20,11.3,6.9,16.4,8468,3.9,1.0,2.3
2015-09-21,11.8,7.5,16.5,8850,0.0,1.03,1.7
2015-09-22,12.7,10.0,15.6,5479,0.7,1.2,2.2
2015-09-23,11.6,8.0,17.0,6638,0.0,1.07,2.0
2015-09-24,12.1,7.1,18.5,11077,0.0,1.02,2.2
2015-09-25,13.2,8.1,18.5,8704,0.0,1.09,1.6
2015-09-26,10.8,4.8,17.4,10727,0.0,0.88,1.7
2015-09-27,10.0,3.6,17.0,13631,0.0,0.82,2.0
2015-09-28,10.2,3.3,18.2,13293,0.0,0.82,1.9
2015-09-29,10.5,4.8,16.9,12056,0.0,0.88,2.5
2015-09-30,9.7,4.2,16.7,13252,0.0,0.85,2.4
2015-10-01,8.7,1.0,17.2,13715,0.0,0.71,2.1
2015-10-02,8.3,0.8,17.1,13201,0.0,0.7,1.8
2015-10-03,10.4,1.3,20.0,13216,0.0,0.75,1.5
2015-10-04,12.3,7.0,19.9,11079,0.0,1.03,1.6
2015-10-05,10.9,4.1,17.6,9068,0.0,0.85,1.8
2015-10-06,13.3,9.8,16.3,4739,0.2,1.18,2.7
2015-10-07,12.2,7.1,13.9,4328,5.1,0.99,2.5
2015-10-08,7.0,5.9,8.0,4255,3.4,0.89,1.7
2015-10-09,7.5,4.9,10.6,4183,0.1,0.85,1.6
2015-10-10,5.5,1.9,10.1,8951,0.0,0.7,2.5
2015-10-11,4.4,0.2,9.7,11700,0.0,0.62,2.9
2015-10-12,3.6,-0.3,8.4,11467,0.0,0.59,2.3
2015-10-13,4.1,3.3,5.3,3899,0.2,0.74,2.0
2015-10-14,5.3,3.5,6.9,3830,7.5,0.76,2.0
2015-10-15,6.2,5.1,6.9,3761,15.0,0.84,2.3
2015-10-16,7.8,6.5,9.2,3693,13.8,0.94,1.6
2015-10-17,8.4,7.6,9.7,3626,0.1,1.0,1.2
2015-10-18,7.9,7.0,8.6,3560,5.0,0.96,1.2
2015-10-19,9.0,7.7,10.0,3495,0.6,1.01,1.2
2015-10-20,9.4,7.6,11.4,3430,2.2,1.0,1.3
2015-10-21,8.9,6.4,12.2,3438,0.0,0.94,1.7
2015-10-22,9.2,6.3,11.6,3304,0.5,0.93,2.7
2015-10-23,10.3,3.8,14.6,5672,0.0,0.81,2.1
2015-10-24,7.2,2.8,13.7,8669,0.0,0.75,1.8
2015-10-25,8.0,3.3,13.3,3460,0.0,0.78,1.7
2015-10-26,5.6,-0.2,12.5,8350,0.0,0.63,1.8
2015-10-27,7.3,2.7,13.6,8689,0.0,0.75,2.0
2015-10-28,6.8,3.9,11.1,8235,0.0,0.8,2.1
2015-10-29,5.5,1.8,11.6,7855,0.0,0.7,1.3
2015-10-30,5.6,2.6,8.6,2834,0.0,0.72,1.7
2015-10-31,9.6,5.3,14.1,7308,0.0,0.89,2.3
2015-11-01,7.0,1.5,14.2,7385,0.0,0.7,1.5
2015-11-02,3.4,-0.3,7.4,7520,0.0,0.59,1.3
2015-11-03,2.5,-1.9,9.6,7832,0.0,0.54,1.3
2015-11-04,1.9,-1.1,6.1,3051,0.0,0.56,1.5
2015-11-05,6.9,2.8,12.9,3941,0.2,0.75,1.4
2015-11-06,9.9,6.2,13.1,2475,5.9,0.93,2.1
2015-11-07,14.3,9.7,18.0,2889,2.2,1.19,2.8
2015-11-08,11.4,5.9,15.5,6591,1.5,0.93,2.7
2015-11-09,12.6,9.8,15.1,3180,1.1,1.19,4.2
2015-11-10,13.1,11.0,14.2,2293,0.8,1.26,4.5
2015-11-11,13.6,11.8,14.8,2250,0.0,1.33,3.2
2015-11-12,10.2,4.9,14.5,3237,0.0,0.87,2.6
2015-11-13,10.0,5.3,13.9,2168,3.0,0.88,3.4
2015-11-14,6.9,5.5,8.7,2445,2.6,0.87,4.5
2015-11-15,8.1,6.1,12.9,2090,19.5,0.92,4.5
2015-11-16,10.0,7.5,12.0,2104,1.5,1.0,3.5
2015-11-17,11.0,9.5,12.6,2016,7.6,1.15,4.0
2015-11-18,10.9,9.0,13.3,2435,3.0,1.11,5.9
2015-11-19,10.3,8.4,12.4,3143,0.3,1.07,5.6
2015-11-20,7.6,5.5,9.2,2210,0.1,0.87,3.3
2015-11-21,4.7,2.8,6.1,1882,0.8,0.72,2.6
2015-11-22,0.8,-2.5,3.2,1851,0.3,0.5,3.1
2015-11-23,-0.1,-2.4,3.7,2585,0.7,0.5,2.3
2015-11-24,0.9,-1.3,3.4,1935,0.0,0.54,3.3
2015-11-25,2.3,0.9,3.8,1766,0.5,0.63,2.5
2015-11-26,3.4,-1.5,5.9,1739,0.0,0.54,1.7
2015-11-27,0.8,-2.1,3.5,2309,0.0,0.51,2.2
2015-11-28,0.5,-1.8,3.5,2007,5.1,0.52,3.8
2015-11-29,5.0,1.3,8.8,1667,8.8,0.66,5.7
2015-11-30,4.7,2.3,7.0,2402,6.0,0.7,5.7
2015-12-01,4.4,2.7,6.9,2684,2.3,0.72,4.1
2015-12-02,8.6,4.5,10.6,1604,0.0,0.83,2.8
2015-12-03,7.4,4.2,10.5,3760,0.0,0.81,2.3
2015-12-04,6.6,4.3,9.5,1740,0.6,0.81,3.5
2015-12-05,6.6,5.0,7.6,1808,0.0,0.84,3.9
2015-12-06,8.0,4.7,10.9,2557,0.3,0.83,4.3
2015-12-07,9.4,8.7,10.9,1520,0.2,1.08,1.8
2015-12-08,7.6,3.6,10.0,2390,0.4,0.78,2.0
2015-12-09,5.5,1.0,8.9,1494,0.8,0.65,2.6
2015-12-10,2.6,0.2,6.0,3648,0.0,0.61,3.0
2015-12-11,3.9,1.8,5.8,1473,7.6,0.67,3.7
2015-12-12,4.8,3.6,6.1,1546,11.1,0.76,3.4
2015-12-13,4.4,-0.8,9.8,1579,0.3,0.58,3.2
2015-12-14,0.0,-2.1,1.8,1448,0.1,0.51,1.6
2015-12-15,3.3,1.9,5.2,1442,0.1,0.67,1.6
2015-12-16,4.7,3.5,7.4,1845,1.5,0.76,2.4
2015-12-17,10.2,7.4,12.0,1433,0.8,1.0,2.7
2015-12-18,10.2,6.8,12.3,1552,0.8,0.97,2.6
2015-12-19,8.8,6.9,11.4,2524,0.0,0.96,2.4
2015-12-20,8.0,5.6,9.9,1427,3.4,0.88,2.6
2015-12-21,9.2,8.2,10.2,2077,3.5,1.05,4.0
2015-12-22,10.0,6.7,12.4,1428,0.0,0.96,4.4
2015-12-23,10.7,4.1,13.1,2366,0.0,0.81,3.9
2015-12-24,6.2,0.8,10.0,3918,0.6,0.65,2.9
2015-12-25,7.5,4.8,10.7,3152,0.8,0.84,3.2
2015-12-26,12.8,7.8,14.5,1444,0.0,1.04,4.0
2015-12-27,10.0,7.6,11.8,2189,0.1,1.01,3.1
2015-12-28,6.1,4.4,10.7,1499,0.0,0.82,2.1
2015-12-29,3.8,1.1,5.0,3533,0.0,0.64,2.7
2015-12-30,0.3,-2.0,1.8,3925,0.0,0.51,3.1
2015-12-31,-0.3,-2.8,2.0,3781,1.5,0.48,2.9
2016-01-01,0.7,-0.5,2.0,1498,0.0,0.56,1.6
2016-01-02,-4.5,-8.8,0.2,1890,0.0,0.31,3.6
2016-01-03,-10.2,-11.2,-8.3,3731,0.0,0.25,3.8
2016-01-04,-10.3,-12.3,-8.3,1924,0.0,0.23,3.3
2016-01-05,-9.4,-10.9,-6.9,1555,0.2,0.26,2.8
2016-01-06,-9.2,-10.7,-6.2,1616,0.2,0.26,2.3
2016-01-07,-6.3,-10.0,-2.6,2027,4.6,0.28,3.1
2016-01-08,1.3,-2.6,4.0,1786,1.0,0.49,3.6
2016-01-09,0.4,-2.2,4.2,4469,0.0,0.51,1.9
2016-01-10,-0.3,-2.0,2.1,1651,2.6,0.51,2.8
2016-01-11,0.8,-1.0,2.4,1674,1.3,0.55,2.4
2016-01-12,1.3,0.3,3.0,1697,5.3,0.6,3.4
2016-01-13,1.2,0.0,3.4,1722,2.8,0.59,3.9
2016-01-14,0.4,-1.3,2.7,2770,0.0,0.54,2.6
2016-01-15,-1.1,-1.6,0.2,1774,0.0,0.52,3.0
2016-01-16,-1.0,-3.7,0.2,1802,0.9,0.45,2.2
2016-01-17,-1.9,-4.7,-0.6,1831,0.1,0.42,2.2
2016-01-18,-6.4,-10.4,-1.4,5158,0.0,0.28,1.6
2016-01-19,-6.1,-10.9,-3.0,3951,0.3,0.26,2.0
2016-01-20,-2.2,-3.3,-0.8,2867,0.0,0.46,1.9
2016-01-21,-4.2,-10.8,-1.0,3864,0.0,0.27,1.5
2016-01-22,-8.1,-12.5,-3.2,5442,0.1,0.24,2.0
2016-01-23,-2.3,-6.5,3.5,2029,2.4,0.38,2.6
2016-01-24,2.7,1.6,4.3,2066,2.4,0.66,2.2
2016-01-25,6.4,2.7,8.7,2104,0.0,0.73,2.4
2016-01-26,6.9,4.2,9.8,4218,0.7,0.8,3.3
2016-01-27,8.9,6.6,11.1,2183,0.7,0.94,4.5
2016-01-28,6.2,1.0,10.8,4896,0.2,0.66,3.7
2016-01-29,4.9,0.6,8.7,2267,0.0,0.63,4.3
2016-01-30,6.8,2.0,9.0,2311,5.3,0.7,5.1
2016-01-31,3.6,2.1,5.4,3318,0.0,0.68,4.1
2016-02-01,6.5,2.6,10.7,2401,4.2,0.73,4.9
2016-02-02,8.5,5.7,10.8,4131,0.3,0.88,5.7
2016-02-03,5.2,2.5,6.9,3730,0.1,0.71,4.4
2016-02-04,2.4,-0.1,3.6,2545,0.4,0.59,3.8
2016-02-05,2.6,-0.7,5.8,2595,1.4,0.57,2.6
2016-02-06,6.9,5.1,9.3,3928,0.0,0.85,2.9
2016-02-07,6.7,2.1,12.2,5482,1.6,0.71,3.5
2016-02-08,6.5,4.2,9.5,2876,3.3,0.8,5.5
2016-02-09,7.2,5.7,9.5,2869,2.5,0.88,5.1
2016-02-10,3.9,2.4,7.4,4467,1.1,0.7,4.2
2016-02-11,3.6,0.5,4.9,2917,3.0,0.61,3.3
2016-02-12,1.7,-0.5,6.2,5610,0.0,0.58,1.8
2016-02-13,1.6,-1.7,6.6,8505,0.1,0.54,2.3
2016-02-14,2.1,0.6,3.3,3091,2.1,0.61,3.1
2016-02-15,2.2,-0.1,3.4,3151,1.8,0.58,2.7
2016-02-16,-0.9,-5.7,2.3,4113,0.0,0.4,2.1
2016-02-17,-0.6,-5.8,4.2,7693,1.2,0.4,2.4
2016-02-18,1.2,-0.1,4.0,5822,0.0,0.59,1.7
2016-02-19,2.0,0.1,5.8,5126,0.0,0.6,1.9
2016-02-20,2.7,0.1,5.1,3466,5.4,0.6,4.4
2016-02-21,7.3,5.1,11.0,3605,13.2,0.85,5.2
2016-02-22,6.1,3.6,11.1,3598,3.2,0.78,4.8
2016-02-23,3.8,1.6,7.5,5398,0.7,0.67,3.1
2016-02-24,2.2,-1.7,5.7,6402,0.1,0.53,2.7
2016-02-25,0.4,-2.2,3.9,7041,0.3,0.5,2.1
2016-02-26,0.7,-3.7,3.6,3871,0.2,0.46,1.9
2016-02-27,0.1,-4.8,5.0,9623,0.0,0.43,2.0
2016-02-28,2.1,-0.8,7.2,7524,0.0,0.57,2.4
2016-02-29,0.2,-1.6,2.9,5779,0.0,0.52,3.2
2016-03-01,0.5,-3.1,5.8,11091,0.3,0.49,2.7
2016-03-02,3.3,0.0,8.3,4807,0.9,0.61,3.5
2016-03-03,2.0,-1.5,6.9,5887,0.0,0.54,2.1
2016-03-04,2.1,-4.0,7.9,10359,0.0,0.47,2.7
2016-03-05,4.6,3.1,7.0,4793,2.1,0.74,1.8
2016-03-06,2.8,-0.2,3.7,4528,4.1,0.58,2.5
2016-03-07,0.9,-2.2,6.2,6255,0.0,0.51,1.7
2016-03-08,1.1,-3.9,8.3,12404,0.0,0.47,1.6
2016-03-09,1.6,-4.0,8.0,12558,0.0,0.47,2.5
2016-03-10,3.7,-0.2,7.3,4924,0.0,0.59,2.0
2016-03-11,2.9,1.3,4.5,4912,0.0,0.64,2.3
2016-03-12,2.5,1.6,3.6,4990,0.0,0.66,2.4
2016-03-13,1.8,-1.9,5.0,5713,0.0,0.52,2.9
2016-03-14,2.1,-4.3,7.6,5240,0.0,0.46,2.4
2016-03-15,4.7,3.2,7.4,5602,0.0,0.75,2.5
2016-03-16,3.9,-2.3,9.7,15054,0.0,0.53,3.5
2016-03-17,3.9,-4.0,12.4,15316,0.0,0.49,1.8
2016-03-18,4.1,-0.6,6.8,5465,0.0,0.57,2.1
2016-03-19,4.6,0.3,9.7,11568,0.0,0.62,2.1
2016-03-20,4.9,0.1,7.7,5723,0.2,0.61,2.9
2016-03-21,5.0,-0.1,7.7,6693,1.7,0.6,3.0
2016-03-22,5.6,3.6,9.2,6583,2.0,0.77,2.5
2016-03-23,4.6,1.7,7.7,5967,0.0,0.67,2.3
2016-03-24,3.9,-0.5,7.8,8678,0.0,0.58,1.9
2016-03-25,6.1,3.5,8.2,6028,2.3,0.76,2.6
2016-03-26,8.4,2.9,13.2,16992,0.0,0.76,2.5
2016-03-27,8.0,4.0,14.5,13429,0.0,0.83,3.2
2016-03-28,8.8,2.0,15.1,13666,2.0,0.74,3.7
2016-03-29,5.9,2.4,9.1,8028,7.6,0.72,3.8
2016-03-30,6.2,1.5,12.1,9388,1.1,0.69,2.8
2016-03-31,6.1,1.7,10.6,11935,0.0,0.69,2.1
2016-04-01,6.2,-0.3,11.9,17619,0.0,0.62,2.2
2016-04-02,8.1,-0.6,16.1,19064,0.0,0.64,2.3
2016-04-03,11.7,4.5,19.3,12064,0.0,0.89,1.8
2016-04-04,14.0,9.2,19.7,8793,0.0,1.18,1.9
2016-04-05,14.9,9.6,21.2,15033,0.2,1.21,2.0
2016-04-06,11.0,7.5,14.9,15823,0.0,1.02,3.5
2016-04-07,8.5,0.8,12.9,14619,0.0,0.66,3.3
2016-04-08,6.0,-0.6,13.1,15634,0.0,0.62,1.8
2016-04-09,7.5,-1.3,13.6,14747,0.0,0.59,1.6
2016-04-10,6.9,1.8,12.0,7522,0.0,0.7,2.2
2016-04-11,8.4,2.6,14.0,8963,0.0,0.75,2.6
2016-04-12,9.5,4.9,13.2,7677,0.6,0.86,1.9
2016-04-13,11.2,4.1,17.5,14293,0.0,0.85,1.7
2016-04-14,8.1,1.5,12.8,8176,0.2,0.69,1.9
2016-04-15,7.3,0.5,13.6,11960,5.0,0.66,2.5
2016-04-16,9.7,3.3,14.8,13800,2.8,0.79,3.1
2016-04-17,7.9,1.6,11.9,14485,0.0,0.7,2.6
2016-04-18,7.1,-0.5,11.0,15409,0.0,0.6,2.5
2016-04-19,9.4,7.1,13.4,15749,0.1,0.98,3.4
2016-04-20,8.2,1.5,13.3,16208,0.0,0.7,2.6
2016-04-21,7.7,-0.2,14.4,23801,0.0,0.64,1.9
2016-04-22,8.3,2.6,13.9,22381,0.0,0.76,2.3
2016-04-23,5.9,0.5,10.9,19030,0.0,0.64,2.6
2016-04-24,4.0,1.1,8.4,19139,0.6,0.65,2.7
2016-04-25,4.5,-1.3,9.5,15504,5.7,0.57,3.2
2016-04-26,4.9,1.2,9.9,13174,0.4,0.66,3.4
2016-04-27,4.8,2.3,10.4,10826,3.1,0.71,3.8
2016-04-28,4.7,-0.4,9.3,11142,2.1,0.6,2.6
2016-04-29,7.8,-1.4,14.5,19530,0.0,0.59,2.6
2016-04-30,12.0,7.0,18.2,15456,0.0,1.02,2.1
2016-05-01,12.2,5.8,18.6,25133,0.0,0.95,2.8
2016-05-02,12.5,3.3,19.5,26228,0.0,0.84,1.7
2016-05-03,11.0,3.4,20.1,18296,1.0,0.85,2.6
2016-05-04,9.6,3.1,14.8,16396,0.0,0.78,2.1
2016-05-05,11.7,1.1,19.8,24929,0.0,0.74,2.3
2016-05-06,15.9,6.6,22.9,26521,0.0,1.04,2.6
2016-05-07,17.6,10.4,24.1,26868,0.0,1.3,2.8
2016-05-08,18.3,11.0,24.7,26714,0.0,1.35,3.5
2016-05-09,18.9,10.1,25.5,25677,0.0,1.3,3.1
2016-05-10,18.1,11.0,24.1,27400,0.0,1.36,2.6
2016-05-11,18.8,10.8,25.3,24591,0.0,1.36,3.0
2016-05-12,17.4,10.5,23.9,24040,0.0,1.31,3.2
2016-05-13,14.0,5.4,20.6,27279,0.0,0.95,2.6
2016-05-14,9.8,5.6,14.2,15197,1.1,0.9,3.5
2016-05-15,7.9,4.8,13.5,19189,2.1,0.85,3.6
2016-05-16,9.4,5.4,14.2,16455,0.1,0.89,3.1
2016-05-17,8.7,3.6,11.9,10146,0.5,0.79,2.6
2016-05-18,12.6,4.2,18.9,17076,0.0,0.87,1.9
2016-05-19,16.0,10.2,22.1,14066,0.0,1.27,1.7
2016-05-20,15.4,7.7,23.0,18715,0.0,1.12,2.4
2016-05-21,17.1,10.8,23.6,19151,0.0,1.33,2.0
2016-05-22,20.7,11.0,28.8,24583,0.0,1.42,2.5
2016-05-23,19.9,11.9,27.4,22586,6.5,1.46,2.7
2016-05-24,16.7,14.2,21.8,24049,0.0,1.59,2.8
2016-05-25,14.9,12.7,18.0,10088,0.0,1.43,1.6
2016-05-26,14.6,12.7,16.3,9994,0.2,1.43,1.4
2016-05-27,16.1,10.9,20.2,12087,0.0,1.3,1.5
2016-05-28,16.7,7.4,23.1,22432,0.0,1.1,1.8
2016-05-29,20.7,13.5,27.3,21053,0.0,1.6,2.4
2016-05-30,19.9,15.6,28.2,17992,12.7,1.82,2.9
2016-05-31,18.1,14.1,25.6,14151,6.6,1.64,2.0
2016-06-01,19.5,15.8,22.5,17282,2.4,1.76,2.2
2016-06-02,20.1,12.6,24.8,20544,3.2,1.49,1.8
2016-06-03,21.7,14.5,26.1,27431,0.0,1.66,1.8
2016-06-04,20.3,13.1,27.6,22542,1.0,1.56,1.6
2016-06-05,21.4,13.4,28.0,27490,0.4,1.6,1.6
2016-06-06,18.6,10.1,24.7,30237,0.0,1.3,1.9
2016-06-07,18.0,7.6,26.1,29226,0.0,1.15,1.6
2016-06-08,18.2,11.0,26.6,29638,0.0,1.39,2.3
2016-06-09,17.3,9.9,22.2,19154,0.0,1.25,2.1
2016-06-10,15.2,8.5,21.8,22543,0.0,1.15,2.3
2016-06-11,15.3,7.2,22.2,28527,0.0,1.07,1.5
2016-06-12,14.5,9.4,20.7,10504,1.3,1.19,2.1
2016-06-13,14.8,11.8,15.0,12849,1.2,1.34,2.2
2016-06-14,16.4,13.2,21.5,13247,1.8,1.51,2.0
2016-06-15,15.5,11.8,18.4,11177,4.3,1.35,1.8
2016-06-16,17.5,9.9,22.5,22217,4.2,1.24,1.6
2016-06-17,15.3,13.7,18.6,11706,17.3,1.52,2.6
2016-06-18,16.3,11.2,20.7,17810,1.0,1.32,2.4
2016-06-19,15.3,10.3,21.9,22094,0.1,1.28,2.0
2016-06-20,16.6,9.2,22.6,26375,0.5,1.21,2.3
2016-06-21,17.8,14.2,23.2,14432,0.7,1.61,2.2
2016-06-22,20.9,13.5,27.2,21565,0.0,1.6,1.6
2016-06-23,24.7,14.9,32.0,30639,0.0,1.81,2.2
2016-06-24,26.8,18.2,34.8,27775,0.0,2.22,1.9
2016-06-25,23.3,17.9,33.1,24262,13.9,2.13,2.3
2016-06-26,18.1,12.3,23.0,20749,0.0,1.44,2.5
2016-06-27,17.8,10.7,23.9,24882,0.8,1.32,2.4
2016-06-28,16.8,11.1,22.3,19554,1.9,1.34,1.7
2016-06-29,17.6,11.9,24.7,23293,0.0,1.42,2.6
2016-06-30,18.5,11.1,25.0,14988,0.0,1.37,2.2
2016-07-01,20.8,13.7,26.3,23639,0.2,1.6,2.5
2016-07-02,16.9,11.3,24.2,13140,0.3,1.37,2.7
2016-07-03,14.3,9.2,21.4,24623,2.4,1.19,2.3
2016-07-04,15.8,8.3,22.7,24594,0.0,1.14,1.6
2016-07-05,18.7,10.4,26.1,17721,1.7,1.35,2.9
2016-07-06,15.1,11.9,20.4,18468,0.9,1.38,3.8
2016-07-07,16.0,9.9,21.3,22176,0.0,1.24,1.9
2016-07-08,18.7,11.6,24.3,16989,5.1,1.41,2.4
2016-07-09,17.3,14.2,22.5,13094,0.0,1.61,2.7
2016-07-10,23.1,16.0,29.9,20395,0.0,1.87,2.2
2016-07-11,22.2,16.9,27.3,17657,0.0,1.94,3.0
2016-07-12,19.8,14.0,26.2,17876,0.0,1.62,2.2
2016-07-13,16.7,11.0,22.0,15014,3.7,1.33,1.9
2016-07-14,15.6,13.1,18.0,9978,1.0,1.46,3.1
2016-07-15,15.1,11.5,19.0,10071,0.0,1.33,3.0
2016-07-16,17.7,8.7,25.0,22437,2.0,1.2,2.1
2016-07-17,18.7,15.6,22.9,13445,0.5,1.73,2.0
2016-07-18,16.8,15.2,20.1,10978,0.0,1.67,2.1
2016-07-19,18.2,14.5,23.7,11701,0.0,1.65,1.6
2016-07-20,20.9,14.3,27.0,24760,0.0,1.66,1.8
2016-07-21,23.4,13.9,30.2,24442,0.0,1.68,1.9
2016-07-22,23.2,14.0,29.3,26026,0.0,1.67,1.7
2016-07-23,21.6,12.2,28.4,22409,0.0,1.51,1.5
2016-07-24,21.9,14.3,29.2,20825,0.0,1.7,1.4
2016-07-25,22.7,13.3,30.4,23536,3.0,1.64,1.5
2016-07-26,22.1,15.0,27.6,23085,0.0,1.75,1.6
2016-07-27,17.8,13.2,23.0,13075,18.2,1.51,1.8
2016-07-28,19.3,16.6,24.3,15528,15.8,1.87,1.7
2016-07-29,19.9,15.9,25.0,17344,0.1,1.79,2.3
2016-07-30,19.5,13.8,25.7,18900,0.2,1.61,2.1
2016-07-31,18.1,12.2,22.8,15582,4.4,1.43,1.7
2016-08-01,15.7,11.3,20.0,20119,2.0,1.32,2.2
2016-08-02,14.0,9.0,17.9,12090,3.7,1.14,1.9
2016-08-03,16.9,10.3,20.7,9053,3.1,1.26,2.6
2016-08-04,20.1,16.2,24.5,13938,2.1,1.82,2.5
2016-08-05,17.8,14.4,23.1,11525,0.0,1.63,2.2
2016-08-06,16.1,11.5,22.2,17728,7.4,1.37,2.3
2016-08-07,17.7,9.8,24.4,23282,0.0,1.26,2.2
2016-08-08,19.7,13.2,26.0,17067,0.1,1.56,3.1
2016-08-09,14.8,8.3,20.3,13080,0.5,1.11,2.3
2016-08-10,12.2,6.7,18.1,16527,0.1,0.99,2.3
2016-08-11,12.3,5.7,18.2,17286,0.0,0.95,2.4
2016-08-12,15.5,12.1,18.9,8621,0.8,1.38,2.5
2016-08-13,20.2,14.3,26.0,18662,0.2,1.65,2.6
2016-08-14,17.0,11.5,21.7,13764,0.0,1.36,1.9
2016-08-15,14.6,8.7,19.9,19532,0.0,1.14,1.8
2016-08-16,14.0,8.3,21.3,16209,1.3,1.12,1.7
2016-08-17,14.1,6.7,22.6,20142,0.0,1.04,1.5
2016-08-18,14.0,9.3,19.7,9512,0.5,1.18,1.6
2016-08-19,17.1,8.0,24.9,23085,0.8,1.16,1.4
2016-08-20,19.2,15.2,25.5,11117,8.0,1.72,2.0
2016-08-21,17.9,11.9,23.6,15350,0.6,1.42,2.6
2016-08-22,18.1,10.8,23.8,13038,1.5,1.34,2.3
2016-08-23,18.8,15.7,24.2,10629,0.2,1.78,1.6
2016-08-24,21.1,15.4,27.4,18601,0.0,1.78,1.9
2016-08-25,22.2,14.5,29.6,22829,0.0,1.74,2.2
2016-08-26,24.2,15.6,33.9,21769,0.0,1.91,1.9
2016-08-27,22.9,17.9,28.7,21737,0.0,2.07,1.7
2016-08-28,23.8,15.9,33.7,18429,2.1,1.94,2.4
2016-08-29,17.7,11.4,23.2,12568,1.6,1.36,2.7
2016-08-30,15.2,8.6,22.0,17714,0.0,1.15,1.9
2016-08-31,17.4,8.6,25.9,21357,0.0,1.2,1.6
2016-09-01,18.4,9.3,25.6,18991,0.0,1.25,1.8
2016-09-02,17.8,10.0,24.7,19285,0.0,1.28,1.6
2016-09-03,18.5,12.8,24.6,14767,0.1,1.51,1.9
2016-09-04,16.5,13.0,23.6,7479,17.2,1.5,2.7
2016-09-05,16.2,11.3,21.4,9230,1.2,1.34,2.6
2016-09-06,15.2,8.3,22.2,18570,0.0,1.13,1.5
2016-09-07,16.9,7.6,25.7,19694,0.0,1.15,1.8
2016-09-08,20.4,13.4,29.0,19106,0.0,1.61,1.9
2016-09-09,18.8,11.6,26.5,17997,0.0,1.42,1.6
2016-09-10,18.5,9.4,26.2,18466,0.0,1.26,1.3
2016-09-11,20.8,13.7,28.5,17680,0.0,1.64,1.4
2016-09-12,22.6,15.6,30.5,17932,0.0,1.84,1.5
2016-09-13,23.7,16.4,31.1,16746,0.0,1.95,1.8
2016-09-14,22.4,16.7,28.9,17298,0.0,1.94,2.2
2016-09-15,19.6,14.2,25.9,17739,0.0,1.64,2.5
2016-09-16,19.6,12.6,27.4,14671,0.0,1.53,1.8
2016-09-17,18.3,14.1,22.9,5797,0.0,1.61,2.6
2016-09-18,15.4,11.4,20.3,13293,0.0,1.34,2.7
2016-09-19,14.5,7.1,19.0,13250,0.0,1.03,1.9
2016-09-20,13.9,7.4,19.5,9237,0.0,1.05,1.3
2016-09-21,13.3,7.6,19.0,11143,0.0,1.05,1.4
2016-09-22,12.1,5.2,20.1,14632,0.0,0.94,1.2
2016-09-23,14.0,5.9,22.3,12776,0.0,1.0,1.5
2016-09-24,13.5,7.6,20.1,11790,0.0,1.07,1.5
2016-09-25,13.8,6.7,22.9,12581,0.0,1.06,1.8
2016-09-26,13.7,8.3,22.4,13539,0.0,1.14,1.4
2016-09-27,13.7,7.2,22.2,14385,0.0,1.07,1.3
2016-09-28,15.9,9.1,19.4,5202,0.0,1.16,3.2
2016-09-29,19.0,13.4,25.4,9589,0.4,1.55,3.6
2016-09-30,14.2,7.3,20.6,7167,0.1,1.05,2.4
2016-10-01,10.8,5.3,13.6,4702,7.6,0.88,1.8
2016-10-02,12.1,6.0,16.8,7229,2.2,0.94,2.3
2016-10-03,11.0,4.4,17.8,10392,3.5,0.86,2.4
2016-10-04,12.1,7.5,16.6,10939,2.1,1.04,3.0
2016-10-05,9.0,7.2,10.7,6674,5.7,0.98,3.2
2016-10-06,10.8,9.3,12.1,4328,2.2,1.12,3.1
2016-10-07,10.1,7.3,13.7,4832,5.0,1.0,2.2
2016-10-08,9.1,7.1,10.7,5080,2.3,0.98,2.0
2016-10-09,7.5,2.8,10.8,5643,2.0,0.74,1.6
2016-10-10,6.7,2.1,12.0,6274,1.7,0.72,1.2
2016-10-11,7.8,6.3,9.7,3969,2.0,0.92,2.0
2016-10-12,7.3,6.5,7.8,3899,0.7,0.93,2.4
2016-10-13,7.0,5.6,7.8,3830,0.0,0.88,3.2
2016-10-14,7.2,3.3,11.1,8263,0.0,0.76,3.4
2016-10-15,7.7,5.8,8.7,3693,2.2,0.89,2.3
2016-10-16,7.7,6.8,8.4,3626,0.3,0.95,1.7
2016-10-17,7.2,6.5,7.7,3560,0.0,0.93,1.9
2016-10-18,8.7,7.0,11.2,3495,3.4,0.97,1.9
2016-10-19,9.0,6.0,11.8,3934,5.7,0.92,2.5
2016-10-20,8.0,7.0,9.9,3509,1.6,0.97,2.1
2016-10-21,8.0,6.9,9.6,3655,0.1,0.96,1.9
2016-10-22,6.2,2.6,8.7,3242,0.0,0.72,1.5
2016-10-23,6.1,3.4,8.9,3867,0.0,0.76,1.5
2016-10-24,7.1,3.8,8.9,3121,1.5,0.78,1.7
2016-10-25,7.6,2.8,10.0,3062,0.0,0.73,1.5
2016-10-26,5.2,2.7,7.2,3069,0.0,0.72,1.2
2016-10-27,8.1,5.2,10.6,2946,0.0,0.87,2.0
2016-10-28,10.9,6.2,13.0,2890,0.4,0.93,2.7
2016-10-29,8.1,4.6,11.9,4618,0.0,0.83,2.5
2016-10-30,6.8,0.4,11.7,7434,0.0,0.64,1.7
2016-10-31,6.5,-0.4,10.9,2727,1.4,0.61,1.5
2016-11-01,9.3,4.9,10.7,2674,1.7,0.84,2.1
2016-11-02,5.1,2.0,7.8,2986,2.7,0.69,3.3
2016-11-03,2.5,-0.6,6.6,5802,1.9,0.58,1.8
2016-11-04,4.8,1.6,8.6,2701,0.9,0.68,2.2
2016-11-05,4.7,0.9,7.4,2475,4.2,0.64,2.1
2016-11-06,5.0,2.7,8.7,3062,2.1,0.73,2.2
2016-11-07,3.4,1.9,4.6,2382,0.6,0.67,2.2
2016-11-08,2.1,0.6,3.7,2337,2.5,0.62,2.1
2016-11-09,0.6,-1.6,3.5,4013,0.0,0.52,2.1
2016-11-10,0.1,-2.0,3.3,4662,0.0,0.51,2.3
2016-11-11,-0.6,-4.5,2.6,3941,0.0,0.43,2.2
2016-11-12,-2.6,-6.3,2.7,6179,0.0,0.38,1.6
2016-11-13,-3.0,-7.3,3.9,5985,0.0,0.36,2.0
2016-11-14,-1.4,-7.2,4.6,5692,0.1,0.37,2.1
2016-11-15,2.7,0.6,6.5,2053,3.9,0.63,3.0
2016-11-16,6.8,2.9,9.4,2016,4.6,0.73,2.9
2016-11-17,7.7,5.5,9.2,2183,2.9,0.87,3.6
2016-11-18,8.4,4.5,12.0,2246,2.6,0.83,4.1
2016-11-19,5.0,1.2,7.8,1914,0.9,0.66,2.8
2016-11-20,6.2,0.8,11.7,3100,0.3,0.66,3.8
2016-11-21,8.8,5.2,13.9,2864,0.0,0.88,2.5
2016-11-22,7.9,3.7,11.0,1822,0.0,0.78,1.9
2016-11-23,5.3,2.7,9.7,3115,0.0,0.73,1.3
2016-11-24,4.7,0.7,7.8,4008,0.0,0.63,2.4
2016-11-25,1.2,-1.2,3.4,1739,0.0,0.54,2.3
2016-11-26,1.0,-0.8,5.1,1714,0.0,0.56,1.8
2016-11-27,4.0,0.7,6.9,4413,0.0,0.63,2.5
2016-11-28,-0.1,-4.3,2.3,3240,0.0,0.44,2.4
2016-11-29,-1.8,-4.7,2.1,4587,0.0,0.42,2.1
2016-11-30,1.4,-2.8,4.8,1624,4.5,0.49,3.0
2016-12-01,6.9,4.6,8.4,1604,1.8,0.82,4.2
2016-12-02,3.6,-0.7,7.8,4760,0.0,0.57,2.9
2016-12-03,-0.8,-3.5,2.6,4590,0.0,0.46,1.4
2016-12-04,-0.8,-3.3,1.0,1550,0.0,0.47,1.5
2016-12-05,-3.3,-4.8,-1.1,1535,0.1,0.41,1.5
2016-12-06,0.6,-1.1,1.9,1520,0.0,0.54,1.5
2016-12-07,1.3,-0.5,5.1,2096,0.4,0.57,2.3
2016-12-08,6.7,3.3,9.0,1829,1.3,0.75,3.0
2016-12-09,8.1,6.3,9.9,1483,0.1,0.92,2.8
2016-12-10,8.9,7.9,9.7,1473,7.9,1.02,2.8
2016-12-11,7.0,5.9,8.0,1463,13.6,0.89,3.7
2016-12-12,2.3,-3.9,6.5,3223,0.1,0.46,2.3
2016-12-13,0.1,-3.9,2.6,1448,1.0,0.45,1.6
2016-12-14,2.5,-0.9,5.4,2300,0.0,0.56,1.4
2016-12-15,1.7,0.2,2.6,1437,0.0,0.6,2.4
2016-12-16,0.2,-4.5,2.9,4282,0.0,0.43,2.2
2016-12-17,-1.4,-4.9,0.2,1430,0.7,0.41,1.6
2016-12-18,3.6,0.2,5.8,1428,1.0,0.6,1.7
2016-12-19,3.6,3.0,4.3,1427,0.0,0.73,1.8
2016-12-20,0.2,-0.9,3.1,1427,0.0,0.55,2.4
2016-12-21,-0.5,-2.1,0.7,1428,0.0,0.5,2.4
2016-12-22,0.2,-2.7,2.9,1431,0.7,0.49,2.3
2016-12-23,3.5,2.0,4.7,1434,0.5,0.68,2.7
2016-12-24,4.6,1.3,6.8,1438,4.5,0.66,4.3
2016-12-25,7.3,4.2,10.0,1444,4.4,0.8,4.7
2016-12-26,7.8,3.8,10.3,1491,5.1,0.78,4.8
2016-12-27,6.2,4.3,7.4,1663,2.6,0.8,4.7
2016-12-28,5.6,4.8,6.8,1466,0.8,0.83,2.5
2016-12-29,2.6,-1.7,5.2,1476,0.0,0.53,1.7
2016-12-30,-0.9,-3.0,3.0,4490,0.0,0.48,1.8
2016-12-31,-0.1,-2.4,2.3,3721,0.0,0.49,2.2
2017-01-01,2.3,1.1,3.3,1498,0.5,0.64,2.5
2017-01-02,0.9,-1.3,3.4,1848,1.3,0.54,2.6
2017-01-03,2.5,0.3,5.1,1524,5.8,0.61,4.2
2017-01-04,2.4,-1.2,5.6,2180,1.5,0.55,5.5
2017-01-05,-3.6,-7.3,-0.7,2845,0.0,0.35,3.1
2017-01-06,-7.5,-12.0,-2.9,4345,0.0,0.24,1.6
2017-01-07,-5.4,-9.5,-1.6,1590,1.7,0.29,2.5
2017-01-08,-1.9,-2.7,-0.8,1610,0.0,0.48,1.5
2017-01-09,-1.6,-2.9,-0.4,1630,0.0,0.47,1.8
2017-01-10,-2.4,-5.9,0.2,3799,0.0,0.38,2.6
2017-01-11,-1.9,-4.9,2.9,1674,4.6,0.42,4.2
2017-01-12,2.2,1.0,3.9,1697,4.4,0.63,4.2
2017-01-13,0.6,-2.2,1.4,1722,2.3,0.5,4.7
2017-01-14,-0.1,-2.5,1.7,2445,1.0,0.49,3.8
2017-01-15,-0.3,-2.7,0.7,1774,0.7,0.48,2.8
2017-01-16,-4.4,-10.2,-0.1,4317,0.0,0.28,1.7
2017-01-17,-6.2,-11.0,0.1,5140,0.0,0.27,1.9
2017-01-18,-4.6,-8.8,-1.7,1862,0.0,0.31,2.3
2017-01-19,-2.0,-4.0,0.0,2138,0.0,0.44,1.9
2017-01-20,0.6,-0.7,2.0,1925,0.1,0.56,1.5
2017-01-21,1.4,0.7,2.9,1959,0.0,0.62,1.3
2017-01-22,0.0,-2.2,2.3,4428,0.0,0.5,1.3
2017-01-23,-2.1,-3.4,-0.7,2029,0.0,0.46,1.4
2017-01-24,-0.4,-1.0,0.1,2066,0.0,0.54,1.5
2017-01-25,0.2,-0.3,1.2,2104,0.0,0.58,1.9
2017-01-26,0.0,-2.8,2.1,4750,0.0,0.48,2.5
2017-01-27,-2.0,-5.2,2.4,6223,0.0,0.41,2.1
2017-01-28,-3.8,-7.6,0.7,6150,0.0,0.34,1.9
2017-01-29,-0.2,-4.8,4.0,4365,0.0,0.43,2.1
2017-01-30,0.4,-0.6,1.9,2311,6.7,0.56,2.7
2017-01-31,0.1,-0.1,0.6,2355,0.0,0.58,2.0
2017-02-01,-0.2,-1.3,0.3,2401,0.0,0.53,2.1
2017-02-02,-2.1,-5.0,-0.1,4654,0.0,0.41,2.3
2017-02-03,0.7,-0.8,2.1,2496,0.9,0.55,2.0
2017-02-04,1.6,0.4,2.6,2545,0.0,0.61,2.3
2017-02-05,0.8,0.0,1.6,2595,1.4,0.58,2.0
2017-02-06,-1.0,-3.2,0.3,2646,0.0,0.46,2.0
2017-02-07,-1.6,-3.1,-0.5,2698,0.0,0.47,2.4
2017-02-08,-4.3,-5.3,-2.9,2751,0.0,0.39,2.7
2017-02-09,-4.9,-6.7,-2.6,3694,0.0,0.36,2.8
2017-02-10,-3.6,-6.2,-0.2,6331,0.0,0.37,2.8
2017-02-11,-2.8,-4.4,-1.7,2982,0.0,0.42,2.8
2017-02-12,-2.4,-5.7,-0.6,2974,0.0,0.39,3.2
2017-02-13,-4.1,-7.9,1.6,8572,0.0,0.34,3.0
2017-02-14,-2.4,-8.2,5.4,8971,0.0,0.35,2.0
2017-02-15,0.8,-4.8,9.6,8968,0.0,0.45,1.3
2017-02-16,2.6,-4.2,11.5,8547,0.0,0.49,1.9
2017-02-17,3.4,0.9,5.0,3274,1.4,0.63,2.4
2017-02-18,2.9,1.8,3.9,3337,0.1,0.67,1.8
2017-02-19,3.3,0.1,6.9,3904,1.9,0.6,2.5
2017-02-20,6.7,4.1,9.6,3466,2.3,0.8,4.1
2017-02-21,6.3,1.2,9.0,5519,4.6,0.66,4.2
2017-02-22,6.7,1.5,9.9,3598,7.0,0.67,5.5
2017-02-23,5.9,4.2,8.1,3665,12.0,0.8,5.2
2017-02-24,2.8,0.1,6.0,6402,0.1,0.6,4.5
2017-02-25,2.8,-0.1,5.6,6116,1.8,0.59,2.8
2017-02-26,7.0,4.2,9.2,3871,0.1,0.81,3.5
2017-02-27,9.4,7.3,13.8,8676,0.1,1.0,3.4
2017-02-28,8.0,4.4,10.5,5768,0.7,0.82,4.2
2017-03-01,4.2,-0.3,8.7,7231,1.6,0.59,4.0
2017-03-02,3.9,0.1,5.3,4157,6.1,0.59,4.7
2017-03-03,6.0,1.3,11.3,11404,0.0,0.67,2.6
2017-03-04,8.6,2.6,16.5,9888,0.6,0.77,2.5
2017-03-05,7.5,3.2,10.8,5220,0.1,0.75,3.3
2017-03-06,5.6,3.0,11.7,8283,7.2,0.76,2.8
2017-03-07,2.3,1.8,2.9,4528,0.0,0.67,2.4
2017-03-08,4.9,1.5,9.3,6428,4.3,0.68,2.9
2017-03-09,6.4,4.9,9.7,6348,3.7,0.84,3.0
2017-03-10,5.5,2.0,8.0,5112,0.0,0.68,3.0
2017-03-11,3.6,0.2,8.9,6356,0.0,0.62,1.7
2017-03-12,2.0,-1.4,7.6,10516,0.0,0.55,2.6
2017-03-13,3.1,-1.9,9.0,9552,0.0,0.54,1.7
2017-03-14,6.2,0.2,11.0,5621,0.0,0.63,2.3
2017-03-15,8.9,3.7,12.5,13978,0.0,0.8,2.7
2017-03-16,6.7,1.5,12.4,7572,0.0,0.69,1.9
2017-03-17,6.7,2.5,10.4,6252,4.0,0.73,3.6
2017-03-18,5.5,2.0,10.2,7200,2.5,0.7,5.2
2017-03-19,3.1,-1.1,9.9,5754,12.6,0.57,3.7
2017-03-20,10.2,9.1,11.2,5545,3.2,1.12,3.8
2017-03-21,8.8,2.1,12.8,7584,0.7,0.72,3.2
2017-03-22,5.2,-1.1,11.1,15187,0.0,0.58,2.1
2017-03-23,5.3,2.6,6.1,5786,3.8,0.71,2.4
2017-03-24,6.2,0.0,13.0,17507,0.0,0.63,2.4
2017-03-25,5.2,-0.1,11.7,13633,0.0,0.62,2.6
2017-03-26,6.1,-0.6,14.3,16117,0.0,0.62,1.8
2017-03-27,8.6,-0.4,17.7,18327,0.0,0.65,1.7
2017-03-28,10.9,0.8,20.5,18084,0.0,0.73,1.8
2017-03-29,9.5,4.7,13.4,6686,0.7,0.85,2.9
2017-03-30,12.4,8.8,17.6,9182,0.1,1.13,1.9
2017-03-31,15.1,8.0,21.2,15833,0.0,1.11,2.2
2017-04-01,14.6,5.6,22.5,17785,3.4,0.98,1.7
2017-04-02,11.7,6.6,16.8,11301,0.5,0.98,2.1
2017-04-03,8.5,3.9,10.5,6670,0.0,0.79,1.9
2017-04-04,9.6,3.5,15.3,11521,0.0,0.81,1.5
2017-04-05,9.1,5.5,13.9,9229,0.1,0.9,2.7
2017-04-06,8.8,4.2,13.2,17009,0.4,0.82,3.5
2017-04-07,9.1,6.7,11.4,6986,0.4,0.96,3.4
2017-04-08,9.8,7.4,13.0,7286,0.0,1.0,1.8
2017-04-09,11.5,4.6,18.8,19321,0.0,0.89,1.3
2017-04-10,10.1,3.6,18.0,16320,0.1,0.83,3.5
2017-04-11,7.4,3.3,11.7,11476,3.0,0.76,3.1
2017-04-12,8.0,6.3,9.9,7373,10.0,0.92,3.7
2017-04-13,8.0,5.2,11.8,11216,0.9,0.86,3.7
2017-04-14,8.0,4.1,12.2,10393,0.5,0.81,2.6
2017-04-15,7.5,4.2,11.2,10597,2.7,0.81,3.7
2017-04-16,5.3,2.6,8.7,9644,1.8,0.72,3.0
2017-04-17,5.4,1.1,9.9,14614,0.6,0.66,2.6
2017-04-18,3.6,-0.2,6.5,12965,0.0,0.59,3.0
2017-04-19,2.5,-1.7,7.5,14352,0.0,0.54,2.7
2017-04-20,4.4,-3.3,9.4,16339,0.0,0.5,1.9
2017-04-21,9.7,5.2,15.0,9696,1.5,0.88,3.3
2017-04-22,6.6,3.4,10.9,15361,0.2,0.77,3.9
2017-04-23,5.5,1.4,9.3,12595,0.7,0.67,3.3
2017-04-24,7.6,0.4,13.5,11483,4.0,0.65,2.7
2017-04-25,5.2,-0.4,10.0,12525,2.7,0.6,2.7
2017-04-26,5.3,-1.1,11.3,20693,0.0,0.58,1.6
2017-04-27,5.0,-1.8,11.5,21771,0.0,0.56,1.7
2017-04-28,6.6,-2.2,13.4,17387,1.6,0.56,1.9
2017-04-29,6.6,3.1,10.4,16749,0.7,0.75,1.9
2017-04-30,8.3,1.4,14.4,25643,0.0,0.71,3.4
2017-05-01,11.2,4.3,16.6,17786,0.0,0.86,3.5
2017-05-02,10.0,8.3,12.8,9757,2.8,1.07,3.2
2017-05-03,11.0,8.9,14.7,9328,2.5,1.11,2.7
2017-05-04,7.8,6.7,9.1,8896,12.6,0.94,2.9
2017-05-05,9.6,7.5,12.0,9079,0.1,1.0,2.0
2017-05-06,12.0,8.6,16.4,15977,0.0,1.1,2.1
2017-05-07,12.5,8.0,18.3,19915,0.0,1.08,2.2
2017-05-08,7.3,3.4,10.1,9254,0.7,0.77,2.8
2017-05-09,7.0,3.3,11.4,13567,1.2,0.76,1.9
2017-05-10,7.2,2.1,11.4,9992,0.1,0.71,1.9
2017-05-11,10.8,0.7,18.1,27023,0.0,0.71,2.2
2017-05-12,14.8,7.5,23.1,22827,0.0,1.1,2.2
2017-05-13,14.0,9.2,18.8,10407,2.2,1.17,1.7
2017-05-14,14.7,8.7,20.9,17415,0.1,1.15,1.7
2017-05-15,14.4,7.7,19.3,22419,0.0,1.07,1.7
2017-05-16,13.3,6.9,17.3,9798,1.2,0.99,1.5
2017-05-17,19.4,11.8,25.2,27513,0.0,1.42,2.1
2017-05-18,21.4,13.4,28.1,27841,0.0,1.6,2.2
2017-05-19,22.4,13.4,29.2,28167,0.0,1.62,2.6
2017-05-20,14.8,7.9,19.0,13555,0.0,1.08,2.4
2017-05-21,14.2,7.0,20.9,26640,0.0,1.04,1.7
2017-05-22,14.8,5.1,22.3,24782,0.0,0.95,1.6
2017-05-23,16.7,8.0,24.7,23174,4.6,1.15,2.4
2017-05-24,12.5,8.0,17.3,12067,0.0,1.07,3.0
2017-05-25,13.0,6.6,19.6,20839,0.0,1.01,2.3
2017-05-26,16.1,9.1,22.8,22171,0.0,1.2,2.0
2017-05-27,19.3,8.8,27.1,28392,0.0,1.25,2.1
2017-05-28,22.5,11.2,31.4,26253,0.0,1.48,2.0
2017-05-29,21.6,12.6,28.5,26556,0.4,1.55,1.7
2017-05-30,19.8,14.9,27.4,21053,14.4,1.74,2.4
2017-05-31,16.9,10.2,21.6,24833,0.0,1.26,3.0
2017-06-01,13.8,6.8,20.6,27454,0.0,1.02,1.9
2017-06-02,16.2,5.8,24.5,30077,0.0,1.02,1.4
2017-06-03,17.1,10.2,21.8,18863,0.5,1.27,1.8
2017-06-04,14.9,9.1,18.0,13975,11.5,1.14,2.6
2017-06-05,15.5,8.9,21.3,22025,0.8,1.18,1.7
2017-06-06,17.4,11.2,25.2,16223,2.3,1.38,3.1
2017-06-07,13.7,10.7,19.1,19095,2.5,1.28,4.3
2017-06-08,15.4,10.6,19.4,16136,0.0,1.27,2.5
2017-06-09,19.6,12.1,28.3,26008,1.5,1.5,2.5
2017-06-10,17.4,12.3,22.4,22397,0.0,1.43,1.8
2017-06-11,21.2,13.9,28.4,23322,1.1,1.66,2.0
2017-06-12,18.0,14.5,21.4,17109,0.1,1.62,3.6
2017-06-13,15.7,11.9,19.5,14526,0.0,1.37,2.9
2017-06-14,15.7,9.7,22.4,25568,0.0,1.23,1.8
2017-06-15,19.5,9.2,27.1,25838,2.6,1.26,1.9
2017-06-16,16.6,12.8,20.9,17019,3.5,1.46,3.7
2017-06-17,16.4,10.3,22.1,21308,0.0,1.27,3.0
2017-06-18,18.0,8.7,25.3,29620,0.0,1.2,1.7
2017-06-19,22.5,13.0,30.1,29233,0.0,1.61,1.4
2017-06-20,21.0,11.8,27.4,26896,0.0,1.46,2.2
2017-06-21,16.9,9.1,22.8,26765,0.0,1.2,1.7
2017-06-22,18.9,10.7,26.2,21310,13.1,1.36,2.4
2017-06-23,18.5,16.3,22.5,11704,0.6,1.81,3.6
2017-06-24,17.3,15.4,20.4,11309,2.1,1.7,3.1
2017-06-25,16.9,14.5,20.9,11822,7.7,1.61,3.0
2017-06-26,15.9,9.0,21.7,21409,0.3,1.18,2.6
2017-06-27,15.4,7.0,21.6,29175,0.0,1.06,1.8
2017-06-28,19.8,12.0,26.2,19180,0.9,1.47,2.5
2017-06-29,18.0,15.2,20.9,10615,48.0,1.68,2.7
2017-06-30,15.3,14.4,17.0,10343,12.8,1.57,3.4
2017-07-01,15.4,12.8,17.4,10328,3.4,1.44,3.2
2017-07-02,15.1,10.2,18.5,13029,0.5,1.23,3.1
2017-07-03,15.9,8.6,21.9,24003,1.4,1.16,2.7
2017-07-04,15.6,12.4,20.2,19582,0.6,1.43,2.3
2017-07-05,15.3,10.9,20.4,17360,0.3,1.3,1.6
2017-07-06,18.6,11.1,24.3,25468,0.5,1.35,1.4
2017-07-07,18.7,14.7,24.5,15758,5.0,1.66,2.1
2017-07-08,19.4,13.7,25.0,13409,0.9,1.59,2.3
2017-07-09,18.1,11.3,24.1,28712,0.0,1.37,1.6
2017-07-10,18.5,13.6,21.9,13480,12.1,1.55,2.0
2017-07-11,17.1,12.9,24.2,17694,7.3,1.51,2.5
2017-07-12,15.9,12.1,20.4,11489,19.9,1.39,2.9
2017-07-13,14.7,10.8,19.3,15180,0.0,1.29,2.4
2017-07-14,15.4,9.7,20.4,17836,0.0,1.21,1.7
2017-07-15,16.0,8.6,22.2,19460,0.4,1.16,1.9
2017-07-16,16.8,10.3,21.6,15319,0.6,1.26,2.0
2017-07-17,17.6,11.3,22.2,18985,0.0,1.35,1.8
2017-07-18,17.3,9.3,23.0,27365,0.0,1.21,1.7
2017-07-19,20.7,12.9,27.0,28070,4.4,1.54,2.3
2017-07-20,21.3,17.4,28.1,18835,8.2,2.0,2.3
2017-07-21,20.6,15.8,25.5,19799,0.0,1.8,1.8
2017-07-22,18.8,15.8,23.4,17583,9.5,1.78,2.0
2017-07-23,18.4,13.6,23.4,16005,5.4,1.55,2.5
2017-07-24,18.5,12.2,23.5,14304,15.4,1.45,1.9
2017-07-25,16.0,14.7,17.4,9572,39.0,1.61,3.1
2017-07-26,16.7,15.8,17.9,9778,7.9,1.73,3.0
2017-07-27,18.3,12.4,23.4,16029,0.1,1.45,2.3
2017-07-28,17.3,11.9,23.5,17603,1.0,1.42,2.6
2017-07-29,18.8,12.7,25.8,14273,0.5,1.51,2.5
2017-07-30,24.2,16.3,31.7,22104,0.0,1.96,2.7
2017-07-31,22.2,17.5,28.1,20900,1.9,2.0,1.9
2017-08-01,22.1,16.5,28.6,18202,0.6,1.91,1.8
2017-08-02,21.0,17.6,25.8,17380,0.2,2.0,1.7
2017-08-03,21.6,15.5,27.7,12959,0.3,1.78,2.6
2017-08-04,19.6,14.6,25.1,15495,0.0,1.67,3.1
2017-08-05,16.9,12.9,23.2,16904,2.5,1.49,2.4
2017-08-06,16.6,10.2,22.7,21879,0.0,1.28,2.1
2017-08-07,17.5,8.3,24.4,24981,0.0,1.16,1.8
2017-08-08,20.1,13.1,25.7,23282,0.1,1.54,2.4
2017-08-09,20.4,14.3,25.3,22568,0.4,1.65,2.2
2017-08-10,20.4,15.3,25.0,19418,23.9,1.74,1.9
2017-08-11,16.9,14.4,18.6,9115,0.4,1.59,2.1
2017-08-12,15.6,13.8,17.6,8929,1.9,1.53,2.9
2017-08-13,17.0,11.2,22.1,16831,0.0,1.34,1.9
2017-08-14,17.5,10.3,23.2,21309,0.0,1.29,1.8
2017-08-15,20.7,13.4,27.1,22757,0.0,1.59,2.1
2017-08-16,18.8,14.1,22.7,12722,0.9,1.59,1.5
2017-08-17,19.6,12.5,25.9,16685,3.9,1.49,1.9
2017-08-18,19.5,15.6,23.5,9469,7.6,1.75,2.2
2017-08-19,16.6,10.9,21.3,16246,0.3,1.3,2.7
2017-08-20,14.4,9.3,20.3,17202,0.5,1.19,2.5
2017-08-21,14.5,10.5,17.8,10766,8.8,1.24,2.2
2017-08-22,13.2,8.5,18.6,11383,0.0,1.11,1.7
2017-08-23,15.0,7.6,21.9,18149,0.0,1.08,1.4
2017-08-24,16.1,9.1,22.9,13983,0.4,1.2,2.1
2017-08-25,16.9,11.7,22.5,15953,0.0,1.39,1.6
2017-08-26,17.6,9.8,22.9,14809,2.6,1.24,1.5
2017-08-27,17.2,11.1,21.9,11849,0.0,1.32,1.9
2017-08-28,16.1,9.6,22.9,19581,0.0,1.24,1.3
2017-08-29,18.5,10.7,26.2,22041,0.0,1.36,1.7
2017-08-30,21.8,13.2,29.6,19081,0.0,1.61,2.1
2017-08-31,19.4,12.1,25.8,12352,1.0,1.47,2.6
2017-09-01,14.1,10.2,17.5,8359,0.1,1.22,1.5
2017-09-02,13.6,8.3,19.9,15235,0.1,1.11,1.4
2017-09-03,13.3,7.0,20.8,13024,0.0,1.04,1.3
2017-09-04,13.3,6.6,20.6,19899,0.0,1.02,1.6
2017-09-05,14.9,6.6,21.9,18658,0.0,1.03,1.7
2017-09-06,15.6,12.8,21.9,7720,7.7,1.48,3.1
2017-09-07,14.2,11.2,18.2,11173,0.2,1.3,2.9
2017-09-08,13.6,11.2,16.1,6592,2.4,1.3,3.2
2017-09-09,15.0,12.7,18.9,8206,1.8,1.44,2.6
2017-09-10,14.2,10.0,20.1,12215,0.0,1.24,2.3
2017-09-11,14.1,10.1,18.0,10217,0.0,1.22,3.5
2017-09-12,13.1,9.3,18.8,10422,2.0,1.17,3.3
2017-09-13,12.5,7.9,17.2,8975,7.6,1.06,5.0
2017-09-14,11.8,9.5,15.9,7853,2.2,1.17,4.4
2017-09-15,12.6,6.9,17.2,11616,0.1,1.01,2.7
2017-09-16,11.0,5.8,17.5,14717,2.7,0.94,1.5
2017-09-17,11.1,4.5,18.2,15970,0.0,0.88,1.2
2017-09-18,10.3,4.6,17.9,14424,0.0,0.88,1.6
2017-09-19,10.1,4.3,16.4,13686,0.0,0.85,1.6
2017-09-20,11.2,5.6,16.0,9249,0.0,0.91,2.0
2017-09-21,12.5,8.0,16.8,7978,0.0,1.06,1.3
2017-09-22,11.6,6.0,18.0,13638,0.0,0.96,1.1
2017-09-23,10.7,3.4,15.5,6733,5.3,0.8,1.2
2017-09-24,15.2,13.0,18.6,6454,0.0,1.46,1.4
2017-09-25,13.8,11.9,15.5,5430,0.9,1.34,1.7
2017-09-26,14.1,12.6,17.4,5814,1.6,1.41,1.9
2017-09-27,15.0,12.5,19.9,8578,0.2,1.43,1.7
2017-09-28,14.4,11.6,18.4,8468,0.0,1.34,1.7
2017-09-29,14.9,10.1,20.2,12687,0.0,1.24,1.8
2017-09-30,13.6,8.0,20.5,13163,0.7,1.1,2.2
2017-10-01,12.1,10.2,14.9,4955,1.4,1.2,1.9
2017-10-02,12.3,10.7,13.5,4702,7.2,1.25,3.2
2017-10-03,12.0,10.6,16.2,7229,0.8,1.25,3.1
2017-10-04,11.6,10.6,13.4,4980,5.6,1.24,3.6
2017-10-05,10.3,8.8,13.5,4476,10.3,1.1,4.8
2017-10-06,9.8,6.5,12.7,6253,1.9,0.95,3.8
2017-10-07,10.1,7.5,12.2,4828,9.3,1.01,3.8
2017-10-08,9.2,3.3,13.8,10437,0.0,0.78,3.0
2017-10-09,7.3,1.6,13.1,9402,0.0,0.7,2.0
2017-10-10,10.9,6.0,13.6,4111,0.9,0.92,2.7
2017-10-11,14.1,13.6,15.4,4119,0.6,1.5,3.1
2017-10-12,13.2,10.2,15.5,7915,0.1,1.22,3.9
2017-10-13,11.4,8.4,15.7,7802,0.0,1.08,2.2
2017-10-14,15.1,11.2,17.4,4293,0.0,1.29,2.1
2017-10-15,14.4,11.4,20.3,7271,0.0,1.34,1.7
2017-10-16,14.2,8.8,21.1,10257,0.0,1.16,1.8
2017-10-17,13.7,9.9,19.7,8772,0.0,1.21,1.8
2017-10-18,12.0,9.2,16.4,7246,0.0,1.15,1.2
2017-10-19,12.9,9.8,17.8,8303,0.0,1.2,1.7
2017-10-20,12.3,8.0,15.3,6022,1.0,1.05,2.3
2017-10-21,11.6,10.0,13.3,4078,7.6,1.18,2.2
2017-10-22,11.3,10.3,14.3,5131,0.5,1.21,3.2
2017-10-23,10.4,9.0,12.1,3242,0.5,1.11,2.7
2017-10-24,11.1,9.5,12.8,3250,10.6,1.15,2.4
2017-10-25,14.1,9.8,17.0,3324,0.2,1.2,3.0
2017-10-26,11.5,9.6,13.6,3062,0.4,1.16,2.3
2017-10-27,10.0,7.1,12.4,3532,1.8,0.98,3.6
2017-10-28,9.8,9.2,11.4,2946,7.8,1.12,5.0
2017-10-29,7.4,4.3,11.7,4437,6.0,0.82,6.2
2017-10-30,4.9,1.8,8.8,6783,0.6,0.69,3.1
2017-10-31,6.8,3.6,9.1,2843,1.7,0.77,2.3
2017-11-01,9.9,7.9,11.6,2727,17.6,1.03,2.7
2017-11-02,9.3,7.5,11.3,2858,0.8,1.0,2.8
2017-11-03,8.0,4.3,11.6,3350,0.0,0.81,1.6
2017-11-04,7.7,4.2,10.9,5264,0.0,0.81,2.1
2017-11-05,9.3,7.7,11.8,2878,8.3,1.02,2.5
2017-11-06,5.6,0.2,10.0,5042,0.0,0.62,1.8
2017-11-07,3.8,-1.6,8.6,6806,0.0,0.55,2.0
2017-11-08,7.4,6.5,9.1,3634,0.0,0.93,1.7
2017-11-09,6.2,5.6,7.3,2337,1.3,0.88,1.8
2017-11-10,6.7,4.8,7.9,2293,6.2,0.83,3.9
2017-11-11,4.4,2.5,6.7,2250,0.9,0.71,3.7
2017-11-12,3.2,1.1,5.7,2263,1.4,0.64,2.5
2017-11-13,3.5,-1.8,7.5,3933,0.0,0.53,2.2
2017-11-14,2.4,-2.1,6.4,2128,0.2,0.52,2.2
2017-11-15,7.5,6.5,8.5,2090,0.2,0.94,1.8
2017-11-16,7.7,6.4,9.3,2053,0.3,0.93,1.9
2017-11-17,4.8,0.4,8.7,5586,0.0,0.62,1.8
2017-11-18,3.3,0.3,6.6,2031,1.3,0.61,3.5
2017-11-19,4.5,2.2,6.8,2296,1.2,0.69,4.4
2017-11-20,3.7,0.2,6.1,3836,0.4,0.6,3.3
2017-11-21,4.0,3.5,4.5,1882,3.5,0.76,2.8
2017-11-22,7.6,4.7,9.7,1851,1.0,0.83,3.2
2017-11-23,7.5,1.8,11.7,2251,0.0,0.7,3.5
2017-11-24,6.2,2.7,9.7,1793,0.7,0.73,2.5
2017-11-25,3.6,1.6,4.4,1766,12.2,0.66,2.3
2017-11-26,3.3,0.6,4.7,1785,0.0,0.62,3.6
2017-11-27,4.1,3.1,4.9,2035,6.4,0.73,4.3
2017-11-28,5.1,3.1,6.4,1735,0.2,0.73,3.5
2017-11-29,2.6,-1.1,5.5,4455,0.1,0.55,1.7
2017-11-30,0.5,-1.3,1.3,1644,0.0,0.53,1.7
2017-12-01,1.2,-0.3,2.8,1624,0.7,0.58,1.4
2017-12-02,0.9,-1.7,2.9,1604,0.1,0.52,1.7
2017-12-03,0.3,-1.6,3.6,1759,1.1,0.53,2.7
2017-12-04,3.0,0.7,5.2,2603,0.7,0.63,3.3
2017-12-05,6.3,1.8,7.7,1550,0.7,0.68,3.7
2017-12-06,6.8,5.8,7.7,1535,1.4,0.89,4.0
2017-12-07,5.7,4.0,7.7,2409,3.0,0.78,4.2
2017-12-08,3.9,1.5,5.9,2180,0.7,0.66,3.9
2017-12-09,1.5,-0.2,2.8,1494,1.3,0.58,4.2
2017-12-10,0.1,-1.6,1.4,1941,4.4,0.52,4.1
2017-12-11,1.9,-0.5,5.2,1473,3.1,0.57,3.0
2017-12-12,3.4,0.7,6.8,1463,2.5,0.63,4.0
2017-12-13,1.7,-0.1,3.6,4005,8.3,0.59,4.0
2017-12-14,2.7,0.8,4.4,1448,0.9,0.62,4.5
2017-12-15,0.8,-1.3,2.2,1442,0.1,0.53,2.3
2017-12-16,1.6,-0.9,2.9,1437,0.3,0.55,2.3
2017-12-17,0.8,-0.1,2.5,1433,0.2,0.58,2.5
2017-12-18,-0.7,-3.4,1.9,3747,0.3,0.46,1.7
2017-12-19,0.9,-0.7,2.6,1428,0.2,0.56,1.6
2017-12-20,2.2,-1.2,5.0,1630,0.8,0.54,1.5
2017-12-21,5.8,3.3,7.1,1630,0.1,0.75,2.5
2017-12-22,5.5,4.0,6.8,1957,0.0,0.78,2.3
2017-12-23,6.9,4.4,9.8,1431,0.0,0.81,4.3
2017-12-24,9.1,8.3,9.9,1434,0.3,1.05,4.8
2017-12-25,8.1,5.5,10.0,1438,0.0,0.87,3.6
2017-12-26,4.2,1.1,8.1,2671,0.0,0.65,3.8
2017-12-27,1.9,-1.0,4.3,2107,0.0,0.55,2.6
2017-12-28,1.3,-1.6,3.9,1457,0.0,0.53,3.3
2017-12-29,1.8,-1.7,3.8,1631,0.0,0.52,3.6
2017-12-30,2.3,-1.7,8.5,1476,3.4,0.54,4.0
2017-12-31,7.9,2.8,11.3,1486,1.9,0.74,4.1
2018-01-01,7.1,1.1,11.6,2630,4.2,0.67,4.4
2018-01-02,3.5,1.4,5.5,1511,3.1,0.66,3.4
2018-01-03,4.5,1.6,6.6,1652,19.4,0.66,5.8
2018-01-04,5.9,4.9,6.9,1582,2.7,0.84,4.2
2018-01-05,5.8,1.0,7.9,1555,0.4,0.65,3.6
2018-01-06,3.5,1.2,5.8,3348,0.1,0.64,1.9
2018-01-07,0.2,-3.7,2.9,1678,0.0,0.46,3.0
2018-01-08,-2.3,-5.2,0.8,4690,0.0,0.4,3.4
2018-01-09,1.8,-2.2,4.5,2739,0.7,0.51,3.1
2018-01-10,1.8,0.7,2.6,1651,0.0,0.62,1.7
2018-01-11,1.2,0.1,2.3,1674,3.7,0.59,1.2
2018-01-12,0.9,0.2,1.3,1697,0.2,0.59,1.8
2018-01-13,-0.1,-0.9,0.5,2044,0.0,0.55,2.9
2018-01-14,-1.7,-3.4,0.0,1933,0.0,0.46,2.9
2018-01-15,0.1,-2.9,2.6,4028,5.9,0.48,3.9
2018-01-16,1.7,0.3,3.1,2134,1.9,0.6,4.3
2018-01-17,1.4,0.6,1.9,1831,0.4,0.61,4.3
2018-01-18,1.7,0.3,3.7,1862,9.4,0.6,5.3
2018-01-19,1.5,0.7,3.0,1893,1.0,0.62,2.8
2018-01-20,1.0,-1.0,2.6,2371,0.1,0.55,2.3
2018-01-21,-0.2,-1.3,1.0,1959,0.0,0.53,1.8
2018-01-22,0.1,-0.7,1.1,1993,0.2,0.56,2.5
2018-01-23,1.3,-0.5,5.0,2029,1.2,0.57,2.6
2018-01-24,8.3,4.5,10.5,2170,0.4,0.82,3.9
2018-01-25,8.0,5.6,10.3,2104,2.9,0.89,2.6
2018-01-26,6.4,5.4,7.3,2143,0.9,0.86,1.4
2018-01-27,5.2,4.5,6.1,2183,0.5,0.81,2.0
2018-01-28,7.2,4.6,9.7,2988,1.2,0.82,4.6
2018-01-29,8.9,4.6,10.3,2267,4.4,0.83,5.2
2018-01-30,4.0,-0.4,5.8,2311,0.3,0.58,3.2
2018-01-31,3.9,-0.4,8.9,2355,7.3,0.59,3.7
2018-02-01,2.7,0.5,5.5,4751,0.0,0.61,3.3
2018-02-02,2.1,-0.4,4.4,4538,0.3,0.57,2.9
2018-02-03,0.0,-2.6,2.7,2496,0.5,0.49,2.0
2018-02-04,-1.1,-3.3,0.7,2604,1.8,0.46,2.1
2018-02-05,-1.4,-7.4,0.8,6997,0.1,0.35,2.5
2018-02-06,-5.0,-8.6,-0.5,7105,0.0,0.32,1.9
2018-02-07,-3.5,-7.4,1.5,7709,0.0,0.35,1.5
2018-02-08,-6.1,-11.7,0.7,7952,0.0,0.26,1.2
2018-02-09,-5.5,-11.1,0.2,5788,0.1,0.27,1.8
2018-02-10,-0.6,-3.1,2.9,3696,0.0,0.48,1.8
2018-02-11,0.5,-1.6,3.2,3893,0.8,0.52,3.6
2018-02-12,0.4,-2.1,3.9,4490,0.0,0.51,3.1
2018-02-13,-0.6,-4.4,4.9,8305,0.0,0.44,2.1
2018-02-14,-1.7,-6.3,4.1,8633,0.0,0.38,2.0
2018-02-15,-1.3,-3.8,1.3,4383,0.7,0.45,3.1
2018-02-16,2.1,-0.5,5.6,6815,0.0,0.58,2.3
2018-02-17,2.2,0.3,5.0,3274,0.0,0.61,1.6
2018-02-18,1.3,0.0,4.0,3337,0.0,0.59,1.6
2018-02-19,0.4,-2.2,5.0,6851,0.0,0.51,1.4
2018-02-20,-0.3,-2.8,3.8,9430,0.0,0.49,1.7
2018-02-21,-0.3,-4.9,4.0,7065,0.0,0.43,2.1
2018-02-22,-1.4,-4.3,1.3,4492,0.2,0.43,2.9
2018-02-23,-3.8,-7.1,-0.3,9996,0.0,0.35,3.2
2018-02-24,-2.6,-7.9,0.4,10138,0.1,0.33,4.0
2018-02-25,-6.6,-10.7,-2.8,8893,0.6,0.27,3.2
2018-02-26,-7.0,-11.1,-3.0,8084,0.0,0.26,3.2
2018-02-27,-8.6,-12.6,-4.6,4889,0.3,0.23,2.8
2018-02-28,-10.6,-14.2,-6.4,11753,0.0,0.2,3.7
2018-03-01,-8.8,-12.2,-4.9,12153,0.0,0.24,4.4
2018-03-02,-9.2,-13.8,-4.7,12314,0.0,0.21,3.5
2018-03-03,-7.5,-12.9,-2.2,12559,0.0,0.23,2.8
2018-03-04,-3.5,-9.6,2.2,11972,0.0,0.3,2.7
2018-03-05,1.4,-2.7,8.3,6568,0.0,0.51,2.4
2018-03-06,1.4,-3.6,5.6,6836,3.5,0.47,1.7
2018-03-07,1.0,0.4,2.0,4528,1.8,0.6,2.1
2018-03-08,3.3,0.2,8.0,6342,2.6,0.61,3.3
2018-03-09,3.3,-1.5,7.7,5558,0.1,0.54,2.7
2018-03-10,3.5,-1.4,7.4,4757,0.7,0.55,2.2
2018-03-11,8.5,1.1,14.9,12801,0.0,0.69,2.0
2018-03-12,7.2,4.1,9.0,4912,8.9,0.8,2.2
2018-03-13,7.9,3.5,11.0,4990,0.9,0.78,3.7
2018-03-14,3.2,1.3,4.3,5068,0.1,0.65,2.1
2018-03-15,2.1,0.7,3.9,5333,0.0,0.62,4.0
2018-03-16,-0.3,-4.2,1.0,5226,0.0,0.44,4.1
2018-03-17,-3.2,-5.8,-0.7,12310,0.0,0.39,5.5
2018-03-18,-2.4,-5.8,1.0,16079,0.0,0.39,5.2
2018-03-19,-1.8,-7.4,4.0,16349,0.1,0.36,2.6
2018-03-20,-1.3,-7.0,3.9,6128,2.1,0.37,2.7
2018-03-21,0.6,-6.9,6.6,14539,0.4,0.38,2.2
2018-03-22,2.0,0.4,3.7,5706,6.0,0.61,3.0
2018-03-23,1.9,0.7,2.7,5786,0.0,0.62,1.7
2018-03-24,2.0,-2.5,7.1,9479,0.0,0.51,1.8
2018-03-25,3.5,-3.8,11.2,16162,0.0,0.49,1.4
2018-03-26,3.4,-0.8,8.4,9595,0.1,0.58,1.7
2018-03-27,3.7,-0.6,9.5,9291,0.0,0.59,1.9
2018-03-28,1.6,0.4,2.4,6189,5.5,0.6,3.3
2018-03-29,3.1,0.5,6.6,7415,0.4,0.62,3.1
2018-03-30,3.1,-3.2,9.7,18101,0.0,0.51,2.7
2018-03-31,1.6,0.2,2.6,6430,11.3,0.6,2.7
2018-04-01,1.0,0.1,1.6,6510,5.4,0.59,3.6
2018-04-02,3.8,-1.4,8.9,14192,1.2,0.56,2.4
2018-04-03,11.3,5.1,18.1,10226,0.0,0.9,2.8
2018-04-04,13.9,7.8,20.1,18138,4.4,1.09,2.8
2018-04-05,9.4,2.3,14.8,11085,1.5,0.75,4.1
2018-04-06,6.4,0.7,12.9,20413,0.0,0.66,2.6
2018-04-07,11.4,2.9,19.6,20683,0.0,0.82,2.9
2018-04-08,13.4,6.2,20.8,20730,0.0,1.0,2.1
2018-04-09,14.5,3.6,23.0,19209,0.0,0.88,1.7
2018-04-10,13.6,7.2,21.6,20477,0.0,1.06,3.0
2018-04-11,9.6,6.2,15.8,14639,0.0,0.95,3.0
2018-04-12,15.0,7.2,22.3,17821,0.2,1.08,3.2
2018-04-13,16.7,11.5,20.5,8362,3.6,1.36,2.7
2018-04-14,10.9,5.5,13.4,11196,3.3,0.89,2.4
2018-04-15,12.4,4.2,21.8,17745,0.1,0.91,1.5
2018-04-16,10.4,7.9,13.9,7674,0.7,1.03,1.7
2018-04-17,12.4,6.8,18.6,20433,0.0,1.0,1.5
2018-04-18,14.7,4.7,23.6,22317,0.0,0.94,1.6
2018-04-19,17.1,7.4,25.1,22689,0.0,1.12,1.9
2018-04-20,18.6,11.0,26.8,23178,0.0,1.4,1.9
2018-04-21,14.8,6.3,19.8,23549,0.0,1.0,1.8
2018-04-22,14.9,3.4,22.7,23445,0.0,0.87,1.8
2018-04-23,15.8,10.0,21.4,15817,0.9,1.25,2.8
2018-04-24,11.6,6.0,14.2,9206,0.8,0.92,2.8
2018-04-25,11.3,5.0,18.4,13607,2.3,0.91,3.6
2018-04-26,8.3,3.6,12.2,14418,4.1,0.79,3.2
2018-04-27,10.2,2.9,15.9,22014,0.0,0.78,2.0
2018-04-28,13.9,4.8,21.8,22976,0.0,0.94,2.0
2018-04-29,16.7,10.1,23.1,21991,0.0,1.28,2.2
2018-04-30,15.6,7.6,23.2,19530,1.0,1.11,3.9
2018-05-01,10.4,2.6,14.6,21098,0.0,0.76,3.7
2018-05-02,9.0,-0.4,14.5,13570,0.0,0.63,2.0
2018-05-03,11.1,2.4,18.6,20307,0.0,0.79,2.3
2018-05-04,9.8,0.6,16.9,25718,0.0,0.69,2.3
2018-05-05,11.3,1.4,19.3,26070,0.0,0.74,2.6
2018-05-06,14.5,5.4,22.1,26172,0.0,0.96,2.4
2018-05-07,16.7,5.6,24.3,26396,0.0,1.01,2.4
2018-05-08,18.2,8.7,25.5,26494,0.0,1.21,2.5
2018-05-09,20.3,12.1,27.4,25587,0.0,1.49,2.1
2018-05-10,19.8,14.8,27.2,18901,2.2,1.72,2.5
2018-05-11,13.3,7.7,16.8,11053,0.0,1.05,1.8
2018-05-12,15.0,6.3,22.0,20307,0.0,1.01,1.9
2018-05-13,19.7,13.5,26.4,27196,0.0,1.6,2.7
2018-05-14,18.9,10.3,24.7,27532,0.0,1.31,2.8
2018-05-15,15.4,8.9,22.9,17858,1.2,1.18,2.3
2018-05-16,15.7,10.5,21.0,18047,1.0,1.28,2.3
2018-05-17,15.8,10.1,22.5,26115,0.0,1.27,3.1
2018-05-18,12.3,8.0,14.7,9765,0.0,1.06,2.2
2018-05-19,15.0,7.6,21.3,28167,0.0,1.09,1.6
2018-05-20,14.9,5.5,21.7,28618,0.0,0.96,2.5
2018-05-21,16.8,8.7,24.0,27407,0.0,1.19,2.8
2018-05-22,18.0,9.2,25.1,26830,0.0,1.24,2.0
2018-05-23,17.7,10.6,24.2,27915,0.0,1.33,2.2
2018-05-24,19.4,12.9,25.4,28230,0.0,1.51,2.5
2018-05-25,19.2,12.4,25.9,28030,0.0,1.48,2.2
2018-05-26,18.3,9.6,25.2,24227,0.0,1.28,1.8
2018-05-27,18.8,12.4,27.4,19772,0.8,1.5,1.9
2018-05-28,24.0,16.0,31.3,27540,0.0,1.92,2.1
2018-05-29,25.0,18.9,31.1,29262,0.0,2.21,2.5
2018-05-30,24.7,17.3,32.9,27115,0.0,2.06,1.8
2018-05-31,24.2,14.9,31.7,25608,4.9,1.82,1.9
2018-06-01,23.2,18.2,30.4,18930,15.8,2.12,2.1
2018-06-02,20.3,17.3,23.9,12758,6.3,1.93,2.0
2018-06-03,20.0,14.7,23.3,12785,0.0,1.65,1.7
2018-06-04,19.0,13.1,25.1,27431,0.0,1.53,2.0
2018-06-05,17.8,10.7,24.2,18271,0.0,1.34,2.0
2018-06-06,17.3,9.6,24.2,30598,0.0,1.24,2.3
2018-06-07,19.8,10.7,27.6,30108,0.0,1.37,1.9
2018-06-08,22.8,12.9,30.2,30004,0.0,1.59,1.7
2018-06-09,24.0,13.6,31.8,28860,0.0,1.69,1.8
2018-06-10,20.2,14.3,30.5,16172,25.1,1.74,1.8
2018-06-11,18.5,13.0,22.9,22673,0.0,1.5,2.2
2018-06-12,15.3,9.9,19.6,14774,0.0,1.23,2.4
2018-06-13,14.5,12.7,16.0,10504,0.0,1.41,2.6
2018-06-14,16.5,10.3,22.7,23492,0.0,1.28,1.9
2018-06-15,18.2,14.4,23.1,14675,0.0,1.63,1.4
2018-06-16,20.9,15.6,26.5,16889,0.0,1.78,1.5
2018-06-17,19.4,13.4,25.1,23515,0.0,1.56,2.3
2018-06-18,18.6,12.4,23.7,17418,0.0,1.46,2.2
2018-06-19,19.5,14.2,23.6,19237,0.0,1.61,2.3
2018-06-20,20.1,12.1,26.9,19238,0.0,1.49,1.9
2018-06-21,15.0,9.1,24.8,21184,3.2,1.22,3.6
2018-06-22,13.6,8.5,20.0,17417,0.1,1.12,3.7
2018-06-23,14.0,11.1,18.8,13261,1.6,1.31,3.3
2018-06-24,13.1,9.2,16.6,10401,1.7,1.14,2.4
2018-06-25,15.6,10.5,20.7,15972,0.0,1.28,2.3
2018-06-26,16.5,10.0,23.4,19335,0.0,1.27,1.9
2018-06-27,18.6,12.7,24.6,25416,0.0,1.48,2.3
2018-06-28,20.7,13.5,26.4,29548,0.0,1.6,2.4
2018-06-29,19.5,10.4,28.1,28752,0.0,1.37,2.4
2018-06-30,16.3,8.8,22.2,25106,0.0,1.18,2.5
2018-07-01,15.4,5.9,21.1,25473,0.0,0.98,2.7
2018-07-02,16.8,6.4,24.1,25709,0.0,1.05,2.1
2018-07-03,19.6,7.5,27.6,30469,0.0,1.16,1.8
2018-07-04,21.7,9.0,30.2,30568,0.0,1.31,1.6
2018-07-05,21.3,12.6,29.2,27824,0.0,1.54,2.2
2018-07-06,18.6,12.2,25.4,16947,0.0,1.47,2.8
2018-07-07,18.3,9.2,25.6,26467,0.0,1.25,2.8
2018-07-08,19.3,13.0,25.9,20371,0.0,1.55,2.4
2018-07-09,17.5,11.9,24.0,20854,0.0,1.42,2.6
2018-07-10,16.4,11.7,22.4,14381,24.9,1.39,2.1
2018-07-11,17.1,14.1,21.6,17051,13.5,1.59,1.9
2018-07-12,17.9,16.1,20.8,10203,1.4,1.78,2.2
2018-07-13,19.9,13.7,26.9,22113,0.1,1.61,2.1
2018-07-14,17.1,10.6,21.1,25148,0.0,1.29,1.9
2018-07-15,17.5,9.1,24.3,24714,0.0,1.22,1.6
2018-07-16,20.7,11.3,27.9,28888,0.0,1.43,1.5
2018-07-17,22.1,15.0,28.5,23716,0.1,1.76,2.0
2018-07-18,21.7,18.3,26.0,21491,0.0,2.08,2.6
2018-07-19,20.0,12.4,25.6,17101,0.0,1.49,2.0
2018-07-20,19.0,10.0,26.4,24185,0.0,1.31,1.6
2018-07-21,19.9,9.4,27.5,26160,0.0,1.29,1.7
2018-07-22,20.6,14.5,27.7,14915,0.0,1.69,1.8
2018-07-23,20.7,13.9,27.3,28309,0.0,1.64,1.6
2018-07-24,23.3,13.1,30.8,24436,0.0,1.64,1.4
2018-07-25,25.1,16.0,32.5,25504,0.0,1.95,1.6
2018-07-26,25.2,15.3,32.2,27449,0.0,1.87,2.0
2018-07-27,25.2,18.2,32.1,25605,0.0,2.16,2.2
2018-07-28,25.1,19.1,33.1,25275,9.5,2.29,2.4
2018-07-29,22.7,18.7,29.0,23939,0.0,2.16,1.8
2018-07-30,25.2,17.7,32.7,21603,0.0,2.13,1.5
2018-07-31,27.9,18.8,35.5,24776,0.8,2.31,1.9
2018-08-01,24.8,21.1,30.2,18451,5.3,2.48,2.0
2018-08-02,23.1,18.3,29.2,19247,0.0,2.12,1.8
2018-08-03,24.7,17.0,32.3,25998,0.0,2.03,1.6
2018-08-04,24.8,16.0,31.4,22928,0.2,1.89,1.8
2018-08-05,20.4,14.5,24.8,20982,0.0,1.65,2.5
2018-08-06,20.9,12.0,29.2,26193,0.0,1.5,1.7
2018-08-07,26.0,14.1,35.5,25718,0.0,1.81,1.9
2018-08-08,29.2,21.0,37.9,20585,0.6,2.63,2.5
2018-08-09,25.9,19.9,33.5,23913,7.1,2.4,2.6
2018-08-10,19.2,12.8,24.4,16615,0.0,1.5,3.2
2018-08-11,16.7,10.9,22.2,15920,0.0,1.31,2.9
2018-08-12,17.8,9.0,25.5,23827,0.0,1.24,1.8
2018-08-13,21.5,11.3,31.9,19970,0.0,1.52,2.1
2018-08-14,19.5,15.9,24.6,13729,0.6,1.79,2.8
2018-08-15,19.1,14.1,23.6,12805,0.0,1.61,1.9
2018-08-16,21.6,12.5,29.5,24431,0.0,1.56,1.7
2018-08-17,22.3,15.1,30.4,21923,0.0,1.79,1.9
2018-08-18,19.7,13.3,26.9,21446,0.0,1.57,1.8
2018-08-19,20.2,11.0,28.4,23570,0.0,1.42,1.8
2018-08-20,19.8,14.6,25.1,9437,0.0,1.67,2.3
2018-08-21,17.3,11.1,23.4,22600,0.0,1.34,1.5
2018-08-22,19.6,10.5,28.3,23284,0.0,1.38,1.5
2018-08-23,23.6,11.7,33.8,21170,2.8,1.56,1.9
2018-08-24,18.6,13.3,23.1,14214,0.1,1.52,2.7
2018-08-25,14.8,8.5,20.8,13075,0.2,1.14,2.6
2018-08-26,13.5,7.7,21.0,19850,0.0,1.08,2.1
2018-08-27,15.9,10.5,20.6,8656,0.8,1.28,3.1
2018-08-28,15.9,9.7,21.2,14135,0.0,1.23,1.6
2018-08-29,18.7,8.5,27.0,21025,0.0,1.22,2.0
2018-08-30,16.2,14.5,17.7,7290,4.3,1.6,2.7
2018-08-31,15.0,10.1,20.8,11682,0.0,1.24,2.0
2018-09-01,15.6,8.8,22.9,17246,0.0,1.18,1.9
2018-09-02,17.4,10.0,24.0,10706,0.0,1.28,2.1
2018-09-03,22.0,16.2,28.1,18735,0.0,1.86,2.0
2018-09-04,19.0,14.7,24.9,19790,0.0,1.69,1.7
2018-09-05,19.3,15.0,25.4,16162,0.0,1.71,1.6
2018-09-06,18.1,14.3,24.3,15163,0.4,1.63,1.8
2018-09-07,17.3,11.8,23.0,9672,0.3,1.4,2.2
2018-09-08,14.7,6.9,21.7,16391,0.0,1.04,2.1
2018-09-09,17.4,10.9,25.1,14767,0.0,1.35,1.6
2018-09-10,17.7,9.9,26.0,8641,0.0,1.31,1.8
2018-09-11,20.5,14.7,26.1,14289,0.0,1.69,2.7
2018-09-12,17.5,14.1,25.1,10629,1.7,1.63,2.3
2018-09-13,14.1,12.9,16.6,6195,1.2,1.44,1.6
2018-09-14,14.9,9.7,21.0,10920,0.0,1.22,1.5
2018-09-15,13.8,7.3,20.6,12327,0.3,1.05,2.2
2018-09-16,14.5,7.0,22.1,15725,0.0,1.06,1.6
2018-09-17,16.6,6.8,27.0,16470,0.0,1.12,1.5
2018-09-18,19.5,9.1,30.5,17101,0.0,1.33,2.2
2018-09-19,20.2,12.1,27.9,16539,0.0,1.5,2.2
2018-09-20,19.7,13.4,27.6,14031,0.0,1.6,2.2
2018-09-21,17.6,9.0,29.4,10011,4.9,1.29,3.8
2018-09-22,12.3,8.3,17.9,9895,1.1,1.1,3.4
2018-09-23,10.2,8.5,13.5,5686,9.7,1.08,3.1
2018-09-24,8.5,5.4,13.2,12115,4.0,0.88,3.7
2018-09-25,8.0,3.4,14.2,14503,0.0,0.79,2.1
2018-09-26,11.6,3.3,17.5,9151,0.0,0.82,2.7
2018-09-27,16.6,11.7,22.4,9496,0.0,1.39,2.2
2018-09-28,11.4,4.1,15.1,10926,0.0,0.84,2.6
2018-09-29,7.9,1.7,15.3,12868,0.0,0.72,2.0
2018-09-30,8.6,1.3,18.1,14235,0.0,0.73,1.8
2018-10-01,7.6,2.1,13.5,6990,0.5,0.72,2.5
2018-10-02,7.2,3.9,9.9,5315,2.2,0.79,3.9
2018-10-03,10.3,6.8,14.3,8097,0.3,0.97,3.9
2018-10-04,11.2,6.6,14.9,4551,0.0,0.96,1.9
2018-10-05,14.4,7.2,20.5,13064,0.0,1.05,1.9
2018-10-06,12.8,5.0,21.3,12313,0.1,0.94,1.7
2018-10-07,9.4,0.5,13.2,5244,0.0,0.66,2.1
2018-10-08,6.4,-0.8,14.7,12085,0.0,0.62,1.5
2018-10-09,9.4,2.2,17.1,8260,0.0,0.76,1.5
2018-10-10,13.8,5.2,23.2,11936,0.0,0.97,2.0
2018-10-11,16.7,10.9,23.6,12179,0.0,1.33,2.3
2018-10-12,16.0,9.5,24.3,12019,0.0,1.25,1.9
2018-10-13,16.3,8.4,25.4,11548,0.0,1.2,2.1
2018-10-14,16.0,11.0,22.8,11239,0.0,1.33,2.3
2018-10-15,14.2,7.8,22.5,9790,0.0,1.12,1.7
2018-10-16,12.0,4.4,22.5,9729,0.0,0.93,1.2
2018-10-17,11.3,4.1,20.9,10562,0.0,0.89,1.1
2018-10-18,9.7,4.1,14.3,5034,0.1,0.82,1.8
2018-10-19,6.7,0.7,12.9,10124,0.0,0.66,1.4
2018-10-20,7.7,1.6,12.5,5446,0.0,0.69,1.6
2018-10-21,7.9,1.1,15.1,7635,0.0,0.69,1.6
2018-10-22,7.5,1.8,12.9,5202,1.7,0.71,2.2
2018-10-23,9.2,5.1,11.7,3242,8.8,0.86,4.7
2018-10-24,8.5,3.1,11.6,7091,0.6,0.76,4.4
2018-10-25,11.2,8.4,13.8,3731,0.2,1.07,3.8
2018-10-26,9.8,6.9,12.2,3262,0.5,0.97,2.8
2018-10-27,6.9,3.4,9.2,3532,0.0,0.76,2.6
2018-10-28,5.5,3.1,7.6,3273,0.0,0.74,3.2
2018-10-29,4.8,3.8,5.8,2890,0.0,0.77,3.6
2018-10-30,12.0,5.4,20.4,6528,0.8,0.96,4.3
2018-10-31,8.9,4.9,12.3,7434,0.0,0.85,2.8
2018-11-01,6.7,2.0,10.8,4279,0.0,0.7,1.9
2018-11-02,7.2,2.7,14.5,6538,0.0,0.75,2.1
2018-11-03,4.9,1.4,9.7,2926,0.0,0.67,1.6
2018-11-04,7.7,2.4,10.2,2573,0.0,0.72,1.9
2018-11-05,10.5,8.1,13.5,3882,0.0,1.05,2.1
2018-11-06,10.3,6.2,16.2,7724,0.0,0.95,1.9
2018-11-07,8.1,3.3,13.8,7382,0.0,0.78,1.8
2018-11-08,7.4,2.5,13.5,3235,0.1,0.74,1.5
2018-11-09,7.3,2.8,10.4,2337,0.1,0.73,1.8
2018-11-10,8.7,6.9,10.7,2904,0.1,0.96,2.7
2018-11-11,8.1,6.7,10.0,2853,5.8,0.95,2.8
2018-11-12,10.7,8.2,14.0,2858,0.6,1.06,2.2
2018-11-13,9.5,5.7,11.6,2168,5.0,0.89,2.6
2018-11-14,7.3,4.9,9.0,2128,0.0,0.84,1.9
2018-11-15,6.5,4.4,9.7,2821,0.0,0.82,1.9
2018-11-16,5.0,1.7,8.6,6231,0.0,0.68,2.4
2018-11-17,1.9,-2.9,6.8,5688,0.0,0.5,2.8
2018-11-18,1.0,-4.7,5.6,2082,0.4,0.44,2.5
2018-11-19,4.2,2.9,5.8,2196,0.5,0.73,4.0
2018-11-20,2.4,1.5,3.9,1914,0.0,0.65,4.4
2018-11-21,0.6,0.0,1.6,1882,0.0,0.58,2.9
2018-11-22,0.2,-0.3,0.6,1851,0.0,0.57,2.1
2018-11-23,1.0,-0.3,2.2,1822,0.0,0.57,1.9
2018-11-24,1.1,-1.8,3.1,1793,1.5,0.52,1.6
2018-11-25,3.4,0.5,4.3,1766,0.6,0.61,1.9
2018-11-26,0.8,-2.6,3.5,1739,0.0,0.49,2.4
2018-11-27,-0.5,-3.6,0.8,1714,0.0,0.45,1.6
2018-11-28,-0.7,-4.0,1.9,5003,0.0,0.44,2.8
2018-11-29,0.3,-1.6,1.9,2611,0.0,0.52,3.6
2018-11-30,1.0,0.2,2.2,1644,2.3,0.59,2.7
2018-12-01,2.7,0.4,5.5,1977,0.0,0.61,2.5
2018-12-02,6.3,2.9,10.9,1604,1.7,0.74,3.4
2018-12-03,9.7,5.9,12.5,2020,2.5,0.9,3.4
2018-12-04,5.5,1.3,9.4,3640,0.0,0.67,3.2
2018-12-05,1.1,-1.0,5.5,4594,0.0,0.56,2.0
2018-12-06,4.2,1.4,9.3,1535,1.0,0.67,2.8
2018-12-07,10.1,8.8,11.1,1520,10.2,1.09,4.0
2018-12-08,6.5,4.4,9.2,1507,3.5,0.81,5.6
2018-12-09,6.5,5.3,7.5,1494,1.5,0.86,5.2
2018-12-10,4.3,3.1,6.0,1816,2.5,0.74,4.7
2018-12-11,3.4,1.9,4.3,1556,2.9,0.67,3.5
2018-12-12,2.7,1.7,3.8,1629,1.2,0.66,2.0
2018-12-13,1.5,0.3,2.5,1455,0.4,0.6,2.5
2018-12-14,0.0,-0.4,0.6,1448,0.0,0.57,2.3
2018-12-15,-0.2,-0.8,0.7,1442,0.0,0.55,2.2
2018-12-16,-0.6,-2.3,0.3,1437,0.0,0.5,2.5
2018-12-17,-0.2,-1.8,0.9,1433,0.3,0.52,1.8
2018-12-18,2.5,0.7,5.1,1430,0.1,0.62,2.2
2018-12-19,1.1,0.1,2.4,1428,0.1,0.59,2.6
2018-12-20,3.1,1.3,4.7,1427,0.1,0.65,2.5
2018-12-21,6.1,3.6,10.0,1427,6.6,0.78,4.2
2018-12-22,5.1,2.8,9.4,1428,1.6,0.73,3.9
2018-12-23,5.4,2.3,7.3,1431,4.8,0.7,2.9
2018-12-24,1.5,0.0,3.6,1434,0.3,0.59,3.0
2018-12-25,4.8,3.3,6.0,1438,0.3,0.74,3.1
2018-12-26,6.5,5.6,8.1,1444,1.0,0.88,2.7
2018-12-27,5.7,4.7,7.2,1450,0.2,0.82,2.2
2018-12-28,6.3,5.5,7.1,1457,1.7,0.87,2.1
2018-12-29,6.2,5.0,7.1,1466,4.7,0.84,3.1
2018-12-30,5.7,0.8,8.0,1476,0.0,0.64,3.9
2018-12-31,5.1,1.9,8.1,1486,0.5,0.69,2.1
2019-01-01,5.9,2.4,8.1,2043,1.8,0.7,5.1
2019-01-02,2.1,-3.2,4.8,2565,0.1,0.48,4.3
2019-01-03,-0.5,-4.3,2.6,1949,0.0,0.44,2.3
2019-01-04,1.9,-1.9,5.4,1539,0.9,0.52,3.2
2019-01-05,5.5,0.7,7.7,1770,0.1,0.64,3.9
2019-01-06,1.5,0.1,3.4,2742,0.4,0.59,2.3
2019-01-07,3.4,0.1,5.9,1590,4.9,0.6,3.0
2019-01-08,4.7,1.7,6.5,1610,7.3,0.67,5.7
2019-01-09,1.5,0.5,2.4,1630,2.1,0.61,4.6
2019-01-10,0.4,-0.6,1.4,2636,0.3,0.56,2.3
2019-01-11,2.6,-0.3,5.8,1674,0.3,0.59,3.1
2019-01-12,4.6,3.0,5.9,1697,3.5,0.73,4.1
2019-01-13,6.0,4.2,7.9,1722,5.1,0.79,5.1
2019-01-14,1.9,0.1,4.6,3700,0.0,0.59,5.0
2019-01-15,4.1,1.4,6.9,1774,3.4,0.66,4.5
2019-01-16,6.2,2.9,7.4,1802,0.3,0.73,3.8
2019-01-17,4.1,-0.3,5.7,1975,1.8,0.58,4.2
2019-01-18,-0.7,-4.2,0.9,4770,0.0,0.43,2.4
2019-01-19,-1.2,-4.7,1.2,2873,0.0,0.42,1.6
2019-01-20,-4.0,-6.5,-2.3,1925,0.0,0.36,1.3
2019-01-21,-3.2,-5.5,-1.6,1959,0.0,0.39,1.7
2019-01-22,-2.3,-5.1,0.0,3870,0.0,0.41,2.2
2019-01-23,-5.3,-7.4,-2.6,4390,0.0,0.34,2.3
2019-01-24,-4.4,-5.7,-3.1,2222,0.0,0.39,1.6
2019-01-25,-4.1,-4.9,-3.2,2209,0.7,0.41,2.1
2019-01-26,-0.2,-3.9,2.9,2143,2.4,0.45,3.2
2019-01-27,3.3,2.3,4.5,2183,3.0,0.7,3.4
2019-01-28,2.6,0.4,5.1,4624,1.0,0.61,3.6
2019-01-29,0.2,-3.4,1.8,2377,0.0,0.46,2.6
2019-01-30,0.2,-1.9,2.9,5721,0.0,0.51,2.9
2019-01-31,-0.1,-2.2,2.4,3431,0.0,0.5,2.1
2019-02-01,-1.0,-3.3,0.3,2401,2.0,0.46,2.4
2019-02-02,0.5,0.1,0.7,2448,1.4,0.59,1.6
2019-02-03,1.0,-3.0,1.6,2496,0.1,0.48,2.7
2019-02-04,0.7,-3.1,4.4,5403,0.0,0.48,2.7
2019-02-05,2.5,0.9,4.2,2715,0.0,0.63,2.5
2019-02-06,3.2,0.7,5.5,3501,0.1,0.63,2.3
2019-02-07,3.4,1.1,6.4,3688,0.6,0.64,3.1
2019-02-08,5.3,2.0,7.7,4693,0.0,0.69,3.8
2019-02-09,6.6,4.7,10.3,4011,2.3,0.83,5.0
2019-02-10,6.1,4.1,7.7,2860,12.8,0.79,4.3
2019-02-11,4.1,1.3,6.8,4739,0.1,0.66,4.8
2019-02-12,2.4,-1.2,5.5,6599,0.2,0.55,3.2
2019-02-13,6.3,2.7,8.2,3032,0.0,0.72,2.7
2019-02-14,5.9,-1.0,10.1,6741,0.0,0.58,1.8
2019-02-15,3.4,-2.6,13.6,9310,0.0,0.55,1.6
2019-02-16,5.4,-1.6,14.4,9447,0.0,0.59,1.9
2019-02-17,4.4,-1.3,11.7,7903,0.0,0.58,1.6
2019-02-18,4.4,-2.0,13.8,9727,0.0,0.57,1.7
2019-02-19,5.2,-0.4,9.4,3545,0.7,0.59,2.9
2019-02-20,7.2,4.6,9.9,6448,0.3,0.83,2.3
2019-02-21,8.0,5.8,9.9,3826,2.7,0.89,2.6
2019-02-22,2.3,-3.6,7.7,8886,0.0,0.48,2.5
2019-02-23,-0.2,-4.5,5.6,9996,0.0,0.44,2.3
2019-02-24,2.9,-4.0,12.9,9452,0.0,0.5,1.5
2019-02-25,4.8,-3.5,14.2,10744,0.0,0.52,1.6
2019-02-26,5.7,0.2,11.1,5198,0.0,0.63,1.5
2019-02-27,6.2,-1.3,16.6,11438,0.0,0.61,1.6
2019-02-28,5.7,1.6,10.0,9998,0.0,0.68,3.1
2019-03-01,2.7,0.3,5.4,4165,0.0,0.61,2.6
2019-03-02,3.0,1.1,5.4,4157,0.3,0.64,2.4
2019-03-03,7.8,2.9,9.7,4230,2.6,0.73,4.2
2019-03-04,8.9,6.2,14.2,6137,3.2,0.94,5.7
2019-03-05,5.5,0.1,8.8,5894,0.8,0.61,4.6
2019-03-06,5.7,-1.1,10.8,8453,1.4,0.58,3.1
2019-03-07,9.5,6.7,15.7,6076,0.5,0.98,4.5
2019-03-08,6.5,0.9,9.2,7993,4.2,0.64,4.9
2019-03-09,6.4,2.7,10.6,6962,5.8,0.74,5.6
2019-03-10,4.7,2.7,8.0,6175,7.0,0.73,4.7
2019-03-11,1.8,-1.5,3.7,4834,6.6,0.53,4.4
2019-03-12,4.6,-0.6,8.7,6539,0.1,0.58,3.9
2019-03-13,6.6,5.1,9.6,6085,2.8,0.85,5.6
2019-03-14,5.2,4.3,7.5,5437,6.2,0.8,5.1
2019-03-15,6.9,5.5,9.2,5519,1.3,0.87,5.4
2019-03-16,6.3,4.6,8.4,7290,3.5,0.82,4.7
2019-03-17,7.1,2.9,11.8,6536,1.8,0.75,4.5
2019-03-18,5.0,2.7,9.1,7581,0.8,0.72,4.2
2019-03-19,3.6,-1.0,9.0,10859,0.0,0.57,2.1
2019-03-20,6.1,-3.2,13.1,12733,0.0,0.53,2.0
2019-03-21,10.6,8.3,15.0,7193,0.0,1.08,2.1
2019-03-22,9.4,6.7,10.5,5706,0.0,0.95,1.6
2019-03-23,8.1,3.2,12.6,7080,0.0,0.77,2.1
2019-03-24,5.0,0.0,10.5,11085,0.8,0.62,1.9
2019-03-25,4.2,1.1,8.2,10802,1.0,0.65,3.5
2019-03-26,4.4,-0.3,8.9,9289,0.1,0.6,3.1
2019-03-27,6.7,0.2,9.6,6108,0.9,0.62,2.3
2019-03-28,8.6,8.3,9.8,6189,0.2,1.05,2.0
2019-03-29,9.2,5.0,12.8,6269,0.0,0.86,1.8
2019-03-30,10.0,1.5,18.2,18311,0.0,0.73,1.8
2019-03-31,6.8,-1.8,11.2,16361,0.0,0.56,2.4
2019-04-01,4.3,-4.1,11.1,19487,0.0,0.49,2.7
2019-04-02,8.5,2.0,14.5,16976,0.0,0.73,2.8
2019-04-03,12.6,7.2,18.1,14537,0.0,1.02,2.1
2019-04-04,13.7,7.8,20.1,18571,0.0,1.09,2.3
2019-04-05,11.5,6.5,17.9,18070,0.0,0.98,1.8
2019-04-06,15.4,8.3,21.4,18656,0.0,1.13,2.1
2019-04-07,12.6,4.0,19.6,20683,0.0,0.87,2.0
2019-04-08,9.1,1.3,18.5,20508,0.0,0.73,2.1
2019-04-09,5.5,-1.3,10.8,19545,0.0,0.57,2.4
2019-04-10,4.0,-2.2,9.6,12275,0.0,0.53,2.7
2019-04-11,3.1,-0.2,6.2,10572,0.0,0.59,2.8
2019-04-12,3.0,1.6,5.0,7373,0.0,0.66,2.7
2019-04-13,3.9,1.1,8.2,7677,0.1,0.65,2.7
2019-04-14,5.6,2.0,10.3,7754,0.2,0.7,2.8
2019-04-15,6.9,1.1,13.3,22587,0.0,0.68,2.9
2019-04-16,8.0,0.3,15.2,22733,0.0,0.66,2.7
2019-04-17,10.6,1.5,18.0,22179,0.0,0.74,2.6
2019-04-18,13.0,2.7,20.7,23136,0.0,0.81,3.0
2019-04-19,13.8,4.2,21.9,23511,0.0,0.9,2.5
2019-04-20,11.7,1.3,20.5,23767,0.0,0.76,2.0
2019-04-21,12.9,1.6,21.3,23904,0.0,0.77,1.9
2019-04-22,12.3,1.5,19.2,24039,0.0,0.76,3.4
2019-04-23,14.3,9.8,19.5,19398,0.3,1.22,4.4
2019-04-24,16.8,12.7,22.5,19869,0.2,1.47,3.4
2019-04-25,17.8,11.5,24.3,23107,0.0,1.38,2.7
2019-04-26,18.7,10.0,26.8,22262,5.3,1.31,2.8
2019-04-27,12.2,6.8,17.4,11963,0.1,1.0,2.7
2019-04-28,9.3,5.4,12.5,8639,1.2,0.88,2.2
2019-04-29,10.4,4.8,17.2,14312,0.1,0.89,2.6
2019-04-30,11.5,1.2,18.3,24665,0.2,0.73,2.5
2019-05-01,12.0,6.7,16.2,18890,0.0,0.97,2.6
2019-05-02,9.9,7.3,13.5,9880,0.4,1.0,3.3
2019-05-03,7.6,3.8,11.8,16606,0.1,0.8,3.1
2019-05-04,5.3,-1.5,10.4,15080,0.6,0.56,2.6
2019-05-05,6.4,-2.4,12.9,19125,0.0,0.55,2.3
2019-05-06,6.6,-1.1,12.7,16971,0.3,0.59,2.6
2019-05-07,7.0,-0.8,12.9,17796,0.0,0.61,1.8
2019-05-08,10.8,-1.2,17.7,18748,2.1,0.63,2.6
2019-05-09,12.5,7.6,16.9,13692,0.6,1.04,2.6
2019-05-10,11.0,2.7,17.6,13004,0.0,0.79,2.5
2019-05-11,9.5,0.7,14.6,16460,0.0,0.68,2.6
2019-05-12,10.3,2.7,15.7,25599,0.0,0.77,3.1
2019-05-13,9.7,2.4,16.1,21137,0.0,0.75,2.8
2019-05-14,8.5,3.9,13.3,19438,0.0,0.81,2.7
2019-05-15,8.9,0.9,14.1,19378,2.1,0.68,2.6
2019-05-16,9.4,7.4,11.1,9545,4.9,1.0,2.5
2019-05-17,14.5,9.6,19.8,17726,0.0,1.19,2.2
2019-05-18,17.7,11.2,24.5,26695,0.0,1.37,2.0
2019-05-19,18.5,10.6,24.5,24087,0.8,1.33,2.1
2019-05-20,17.3,12.5,25.1,17640,9.5,1.48,2.4
2019-05-21,18.0,13.6,23.9,18971,15.4,1.56,3.1
2019-05-22,12.9,10.9,15.6,9808,0.0,1.26,3.2
2019-05-23,12.9,6.3,18.8,26505,0.0,0.98,1.8
2019-05-24,16.6,6.1,23.3,25793,0.0,1.03,2.0
2019-05-25,12.4,7.8,15.5,12620,0.0,1.04,2.2
2019-05-26,15.1,5.0,21.6,14972,0.0,0.95,2.7
2019-05-27,17.5,13.3,22.4,11538,0.1,1.53,2.5
2019-05-28,13.5,5.4,18.6,19041,0.0,0.93,2.2
2019-05-29,10.7,3.4,16.6,22560,0.0,0.81,2.0
2019-05-30,14.5,2.3,23.1,22472,0.0,0.83,2.4
2019-05-31,17.9,11.7,23.7,14895,5.9,1.4,2.0
2019-06-01,20.1,12.5,26.7,26292,0.0,1.51,1.8
2019-06-02,22.1,12.6,30.8,25812,0.0,1.59,1.9
2019-06-03,24.5,15.5,34.1,27268,0.6,1.92,2.1
2019-06-04,22.5,15.5,29.3,24067,0.0,1.81,1.9
2019-06-05,26.2,16.5,33.3,29274,0.0,1.99,2.2
2019-06-06,21.4,14.2,31.3,21144,18.1,1.73,2.9
2019-06-07,18.9,11.9,24.7,28424,0.0,1.42,2.6
2019-06-08,17.8,11.0,22.2,20672,0.0,1.34,3.8
2019-06-09,18.5,8.4,25.0,27952,3.0,1.17,2.1
2019-06-10,19.6,14.1,26.6,19933,2.4,1.65,2.2
2019-06-11,22.9,17.5,28.4,24619,21.1,2.02,2.1
2019-06-12,21.5,15.5,31.2,23207,13.8,1.86,2.3
2019-06-13,19.3,13.5,25.7,24388,1.3,1.58,2.1
2019-06-14,22.1,12.3,29.2,24530,0.0,1.54,2.1
2019-06-15,23.3,16.4,30.7,21165,5.8,1.95,2.9
2019-06-16,18.6,14.7,22.8,20264,0.0,1.65,1.9
2019-06-17,20.6,13.7,26.1,26241,0.0,1.61,1.7
2019-06-18,22.9,15.2,29.0,29231,0.0,1.78,1.8
2019-06-19,24.0,15.3,31.9,28324,0.3,1.84,1.9
2019-06-20,21.3,17.7,25.2,18329,17.5,1.99,2.2
2019-06-21,19.2,15.0,23.5,21573,0.2,1.68,1.9
2019-06-22,18.8,13.0,24.3,25463,0.0,1.52,2.2
2019-06-23,20.0,13.2,26.4,29999,0.0,1.56,2.4
2019-06-24,21.9,13.2,28.3,29990,0.0,1.58,2.5
2019-06-25,25.3,16.9,32.7,28553,0.0,2.03,2.0
2019-06-26,26.9,17.3,34.9,28671,0.0,2.12,2.4
2019-06-27,18.3,12.2,23.9,28916,0.0,1.45,3.1
2019-06-28,17.4,11.7,23.6,24753,0.0,1.39,2.0
2019-06-29,21.5,9.8,30.6,29918,0.0,1.37,1.6
2019-06-30,26.9,13.0,37.8,28731,0.0,1.77,2.6
2019-07-01,20.9,14.0,28.2,23661,0.0,1.65,3.0
2019-07-02,16.3,10.2,20.5,18463,0.0,1.24,3.1
2019-07-03,13.9,6.0,19.2,18183,0.0,0.96,2.5
2019-07-04,15.9,7.0,21.5,21650,0.4,1.05,2.4
2019-07-05,16.2,14.4,19.4,11547,0.4,1.6,2.6
2019-07-06,15.8,11.7,20.2,10234,3.0,1.37,2.8
2019-07-07,13.8,9.3,17.1,10856,0.0,1.15,3.0
2019-07-08,14.5,10.7,19.2,15085,0.9,1.28,2.6
2019-07-09,14.3,8.9,19.1,15829,0.0,1.14,2.5
2019-07-10,16.4,9.6,23.6,20818,0.0,1.25,2.0
2019-07-11,17.9,6.7,24.6,23482,2.1,1.08,1.5
2019-07-12,17.5,13.4,21.7,12003,1.9,1.53,1.9
2019-07-13,19.4,11.9,26.4,21600,0.6,1.45,2.5
2019-07-14,17.7,14.0,22.1,17451,0.0,1.58,2.2
2019-07-15,15.4,13.4,17.4,9978,0.0,1.48,2.4
2019-07-16,16.9,13.3,22.8,12759,0.0,1.53,2.6
2019-07-17,17.3,9.9,24.2,16427,0.0,1.27,1.5
2019-07-18,20.0,10.0,27.5,23279,0.0,1.32,1.6
2019-07-19,19.9,14.3,25.1,13912,5.4,1.64,1.8
2019-07-20,21.8,12.5,30.2,24949,12.5,1.58,2.1
2019-07-21,20.7,14.4,26.0,20053,0.0,1.65,2.5
2019-07-22,17.9,11.8,22.8,14915,1.4,1.39,1.7
2019-07-23,22.6,15.1,29.3,27928,0.0,1.77,1.6
2019-07-24,24.4,14.3,32.2,28615,0.0,1.77,1.6
2019-07-25,24.6,17.5,32.0,28033,0.0,2.06,1.9
2019-07-26,23.2,17.2,29.9,28207,0.0,2.01,2.5
2019-07-27,22.3,17.9,27.9,23589,0.3,2.06,2.9
2019-07-28,24.2,17.4,30.7,25275,0.0,2.05,2.4
2019-07-29,24.4,20.6,31.7,14398,2.9,2.45,2.1
2019-07-30,21.9,18.0,25.6,13460,1.0,2.03,1.8
2019-07-31,19.4,14.9,24.4,12399,26.8,1.69,2.0
2019-08-01,18.1,13.9,23.6,17328,0.5,1.58,1.5
2019-08-02,17.7,12.8,23.2,19247,5.6,1.49,1.5
2019-08-03,18.8,13.4,25.6,18920,2.2,1.57,1.8
2019-08-04,18.4,12.9,22.4,12026,0.0,1.49,1.5
2019-08-05,19.6,12.8,25.1,14185,0.0,1.52,1.7
2019-08-06,19.9,14.0,26.6,19783,2.0,1.63,2.1
2019-08-07,19.3,13.7,24.8,9737,0.1,1.57,2.1
2019-08-08,18.6,11.9,26.2,19849,0.7,1.46,2.5
2019-08-09,20.0,10.9,26.6,22201,0.2,1.39,1.9
2019-08-10,22.7,15.7,28.7,17102,0.0,1.83,3.3
2019-08-11,21.6,13.7,28.9,19929,1.9,1.64,2.6
2019-08-12,19.8,15.6,25.4,17650,0.0,1.78,2.2
2019-08-13,16.7,11.4,23.0,17434,0.0,1.37,2.5
2019-08-14,15.4,8.9,22.0,21670,0.0,1.17,2.0
2019-08-15,16.4,8.9,21.0,8488,0.1,1.16,2.6
2019-08-16,17.3,12.5,23.0,11646,0.0,1.45,2.2
2019-08-17,19.2,12.3,26.8,9661,0.1,1.49,2.5
2019-08-18,19.8,14.7,25.0,9943,4.9,1.67,2.4
2019-08-19,17.4,10.6,23.9,16954,0.0,1.32,2.3
2019-08-20,17.3,8.4,24.9,15672,0.3,1.19,1.7
2019-08-21,16.9,10.3,23.2,20960,0.0,1.29,1.6
2019-08-22,18.4,8.9,27.0,23050,0.0,1.25,1.7
2019-08-23,20.3,10.5,29.0,23028,0.0,1.4,1.6
2019-08-24,21.5,11.2,29.8,22888,0.0,1.46,1.8
2019-08-25,24.2,17.7,31.5,19176,0.0,2.09,1.6
2019-08-26,24.6,16.1,32.7,18819,0.0,1.93,1.5
2019-08-27,24.8,17.8,33.3,17208,1.3,2.15,1.6
2019-08-28,25.3,18.1,33.3,16632,0.1,2.16,1.6
2019-08-29,23.1,16.2,29.4,20912,0.0,1.9,1.8
2019-08-30,22.6,16.6,29.1,15376,0.0,1.92,1.3
2019-08-31,25.5,17.2,33.6,20841,0.0,2.08,1.7
2019-09-01,22.1,15.2,28.9,14358,0.8,1.77,2.5
2019-09-02,15.3,8.4,21.9,17886,0.0,1.14,2.2
2019-09-03,14.0,6.0,20.3,8191,0.7,0.98,2.2
2019-09-04,17.8,10.1,25.4,15532,0.7,1.3,2.3
2019-09-05,16.2,10.0,22.1,14208,0.2,1.24,3.0
2019-09-06,13.4,6.6,21.1,19478,0.0,1.03,2.1
2019-09-07,13.9,8.1,20.4,10423,2.9,1.11,1.6
2019-09-08,15.2,11.8,19.6,11918,1.7,1.36,1.3
2019-09-09,13.6,11.5,14.9,6513,13.6,1.31,2.0
2019-09-10,14.7,9.9,19.6,9062,0.0,1.23,2.3
2019-09-11,15.3,6.8,22.4,17213,0.3,1.05,2.3
2019-09-12,16.6,11.9,22.0,9074,0.0,1.39,2.3
2019-09-13,15.3,7.7,21.3,11240,1.0,1.09,2.4
2019-09-14,11.7,5.6,18.9,16848,0.0,0.94,1.5
2019-09-15,15.0,6.9,23.2,14559,0.0,1.07,2.5
2019-09-16,13.2,8.5,18.6,10286,0.2,1.11,2.0
2019-09-17,11.3,8.2,14.3,9174,5.3,1.06,3.4
2019-09-18,10.3,6.1,15.9,10854,0.3,0.95,2.8
2019-09-19,10.0,4.1,16.9,10538,0.0,0.85,2.1
2019-09-20,11.0,3.6,16.1,7785,0.0,0.81,1.8
2019-09-21,15.0,7.4,21.7,14270,0.0,1.07,1.8
2019-09-22,15.8,6.2,24.9,16038,0.0,1.04,1.8
2019-09-23,15.7,9.2,22.8,15394,0.0,1.2,2.0
2019-09-24,14.7,10.1,18.6,7397,0.0,1.23,1.6
2019-09-25,14.1,12.0,17.0,5337,2.5,1.37,2.1
2019-09-26,14.4,11.7,18.9,6092,2.3,1.35,2.2
2019-09-27,14.4,11.3,16.2,5179,9.0,1.3,2.6
2019-09-28,14.3,10.4,18.6,9742,4.2,1.24,3.4
2019-09-29,14.2,13.3,15.3,5022,22.2,1.47,3.6
2019-09-30,14.1,11.5,16.6,6909,9.8,1.31,4.8
2019-10-01,12.6,9.6,16.7,5132,17.1,1.18,2.8
2019-10-02,9.7,6.4,13.6,8207,3.4,0.94,3.0
2019-10-03,9.6,7.6,12.5,5234,0.4,1.01,2.4
2019-10-04,8.2,3.1,11.6,6698,9.7,0.76,2.4
2019-10-05,8.6,4.9,12.5,7622,0.3,0.86,2.7
2019-10-06,5.4,0.8,12.3,11303,0.0,0.66,2.1
2019-10-07,5.1,-0.8,12.8,10742,0.0,0.61,1.7
2019-10-08,9.6,3.8,13.0,4255,3.1,0.8,2.9
2019-10-09,11.4,8.5,15.2,6058,2.9,1.09,3.1
2019-10-10,10.6,7.1,13.9,6450,0.3,0.99,3.5
2019-10-11,12.6,7.8,16.5,4837,1.1,1.06,3.7
2019-10-12,15.6,12.7,19.5,7047,0.0,1.44,2.9
2019-10-13,16.7,10.1,22.4,7880,0.5,1.26,2.4
2019-10-14,17.3,12.7,20.5,10853,0.0,1.46,2.1
2019-10-15,15.0,10.2,21.4,10705,0.0,1.25,1.9
2019-10-16,11.6,8.5,13.9,3693,12.2,1.08,2.9
2019-10-17,13.5,9.3,16.5,3701,3.5,1.16,2.3
2019-10-18,13.7,7.0,18.2,7319,1.1,1.02,2.8
2019-10-19,11.4,6.7,15.3,3932,0.0,0.98,2.4
2019-10-20,13.7,9.1,19.4,7030,0.0,1.16,1.6
2019-10-21,13.9,10.5,17.7,4434,0.0,1.25,1.8
2019-10-22,11.2,5.2,15.2,5412,0.0,0.89,1.6
2019-10-23,9.9,3.7,15.9,7408,0.0,0.82,1.8
2019-10-24,12.8,9.7,14.9,3181,0.2,1.17,2.0
2019-10-25,12.4,9.2,16.4,7051,0.0,1.15,2.7
2019-10-26,13.8,10.0,18.3,8216,0.0,1.22,3.3
2019-10-27,11.1,6.0,15.6,3069,1.2,0.93,3.1
2019-10-28,7.5,2.8,12.1,6472,0.3,0.74,2.2
2019-10-29,3.8,-1.5,9.8,5082,0.0,0.56,1.7
2019-10-30,1.5,-2.9,9.4,7802,0.0,0.51,1.7
2019-10-31,0.3,-4.1,7.9,7686,0.0,0.46,1.7
2019-11-01,1.8,-3.3,6.3,6267,1.8,0.48,2.5
2019-11-02,10.0,5.7,14.3,3226,6.8,0.9,3.1
2019-11-03,11.0,9.2,13.6,2805,1.0,1.13,2.3
2019-11-04,9.5,8.3,11.2,2633,11.0,1.05,2.5
2019-11-05,8.6,6.3,10.4,2524,5.8,0.92,2.1
2019-11-06,7.6,6.1,8.7,2534,0.2,0.91,1.8
2019-11-07,7.1,5.4,8.8,2428,0.0,0.86,2.1
2019-11-08,6.3,1.4,8.8,2610,3.1,0.67,1.6
2019-11-09,6.7,2.6,8.4,2337,1.3,0.72,1.9
2019-11-10,3.6,1.7,5.4,2293,0.0,0.67,1.5
2019-11-11,2.7,1.0,4.1,4223,0.0,0.63,2.6
2019-11-12,3.2,0.6,7.1,4374,0.0,0.63,2.9
2019-11-13,3.5,1.4,6.5,2168,0.0,0.66,2.3
2019-11-14,4.7,2.8,8.5,6038,0.0,0.72,2.4
2019-11-15,6.2,3.6,8.6,2090,0.0,0.76,2.9
2019-11-16,6.1,0.2,8.6,2053,2.1,0.62,2.1
2019-11-17,3.5,-0.8,7.9,2016,1.8,0.57,2.1
2019-11-18,7.6,3.9,10.2,1981,0.5,0.79,2.6
2019-11-19,5.6,3.6,8.3,3492,4.6,0.76,2.4
2019-11-20,4.9,4.3,5.6,1914,0.2,0.8,1.3
2019-11-21,7.8,5.4,9.6,1882,10.8,0.87,1.5
2019-11-22,8.8,7.6,9.6,2285,0.1,1.01,2.2
2019-11-23,5.2,2.3,7.8,1917,0.0,0.7,3.2
2019-11-24,4.2,3.1,4.9,1793,0.0,0.73,2.2
2019-11-25,3.8,2.9,4.6,1766,0.0,0.72,1.5
2019-11-26,5.2,3.8,7.2,1739,0.0,0.77,2.1
2019-11-27,6.5,5.2,7.7,1714,2.0,0.85,3.0
2019-11-28,9.4,7.5,11.7,1962,4.7,1.0,4.4
2019-11-29,4.5,-0.5,8.9,2476,0.0,0.59,3.6
2019-11-30,0.2,-3.3,4.6,4676,0.0,0.47,1.8
2019-12-01,1.3,-0.4,2.5,1624,0.1,0.57,1.6
2019-12-02,2.7,-1.3,5.2,1954,0.4,0.55,2.3
2019-12-03,1.4,-2.9,5.8,1585,0.3,0.49,1.9
2019-12-04,4.1,-0.4,5.9,1567,0.0,0.58,2.1
2019-12-05,0.1,-1.9,3.0,4552,0.0,0.52,2.3
2019-12-06,2.0,-0.3,4.9,1535,4.8,0.58,4.0
2019-12-07,7.3,4.7,9.1,1520,3.5,0.82,4.1
2019-12-08,7.8,4.9,10.4,1549,3.1,0.84,4.7
2019-12-09,5.8,2.9,8.6,2540,2.3,0.73,4.1
2019-12-10,2.3,0.4,4.9,4356,0.0,0.61,3.0
2019-12-11,2.6,1.3,4.0,1473,2.1,0.65,2.8
2019-12-12,2.0,0.6,4.0,1463,0.1,0.62,2.5
2019-12-13,0.8,-0.2,1.9,2771,0.9,0.58,3.5
2019-12-14,2.7,0.8,4.5,1448,4.8,0.63,4.5
2019-12-15,4.5,0.6,8.7,2791,2.9,0.63,4.1
2019-12-16,4.7,1.3,7.9,1437,0.1,0.66,2.3
2019-12-17,7.6,3.7,13.3,2410,0.0,0.8,2.4
2019-12-18,8.0,0.4,14.3,3056,0.0,0.66,2.3
2019-12-19,3.8,0.3,6.1,1509,0.0,0.61,2.3
2019-12-20,5.9,3.7,8.8,3700,1.0,0.77,2.8
2019-12-21,5.7,0.7,8.5,2645,0.0,0.63,2.3
2019-12-22,2.0,0.6,4.1,1428,0.1,0.61,2.8
2019-12-23,6.2,4.0,8.1,1512,0.5,0.79,3.5
2019-12-24,5.8,4.7,7.3,2289,2.8,0.83,3.0
2019-12-25,4.8,3.0,6.0,1438,0.3,0.73,2.8
2019-12-26,4.5,3.2,5.9,1485,1.6,0.74,1.7
2019-12-27,2.2,-1.4,4.0,1532,0.1,0.54,1.8
2019-12-28,0.1,-2.9,2.5,2199,0.0,0.48,1.6
2019-12-29,-0.8,-4.4,1.2,2169,0.0,0.43,1.9
2019-12-30,3.8,0.8,7.0,1517,0.0,0.63,2.7
2019-12-31,5.2,0.2,7.7,1820,0.0,0.61,2.5
2020-01-01,1.3,-3.3,4.8,1498,0.0,0.48,1.8
2020-01-02,-0.8,-3.7,3.2,4252,0.0,0.46,2.2
2020-01-03,4.1,1.1,7.0,1524,4.0,0.65,3.6
2020-01-04,3.8,0.3,5.5,1796,3.0,0.6,4.2
2020-01-05,0.6,-2.7,2.7,2372,0.2,0.48,2.1
2020-01-06,3.8,1.6,5.5,1572,0.2,0.66,2.2
2020-01-07,2.4,-1.5,5.1,1590,0.2,0.53,2.6
2020-01-08,6.5,3.5,9.2,1610,0.5,0.77,2.9
2020-01-09,8.7,7.5,10.0,1630,3.5,1.0,2.7
2020-01-10,8.9,4.4,10.4,2949,1.5,0.82,3.4
2020-01-11,4.1,1.6,6.5,2983,0.0,0.66,2.7
2020-01-12,4.2,1.6,7.0,3201,0.2,0.67,3.6
2020-01-13,5.4,2.0,7.1,1722,0.1,0.69,2.6
2020-01-14,6.6,1.7,9.9,1933,0.4,0.69,4.0
2020-01-15,10.4,8.6,13.1,3042,0.0,1.09,3.9
2020-01-16,4.9,1.3,10.8,5076,0.0,0.67,2.3
2020-01-17,3.8,0.9,8.4,5092,0.0,0.64,2.6
2020-01-18,5.3,2.4,7.1,3849,0.0,0.7,2.9
2020-01-19,3.3,0.0,4.6,1942,0.0,0.59,1.9
2020-01-20,0.9,-3.0,4.0,2421,0.0,0.48,1.9
2020-01-21,2.3,-0.4,5.0,5368,0.0,0.58,2.3
2020-01-22,3.7,-1.9,6.3,1993,0.0,0.53,2.1
2020-01-23,2.0,-2.3,4.6,2234,0.0,0.5,1.8
2020-01-24,1.5,-1.8,4.7,5441,0.0,0.52,2.0
2020-01-25,1.8,0.7,2.9,2104,0.1,0.62,1.9
2020-01-26,0.2,-1.0,1.5,2143,0.1,0.54,1.9
2020-01-27,4.0,0.4,7.7,2883,3.6,0.62,2.9
2020-01-28,5.4,2.1,8.5,2824,10.0,0.69,4.5
2020-01-29,4.2,2.1,6.2,2322,4.5,0.69,4.4
2020-01-30,5.3,2.9,7.3,2311,4.1,0.73,4.1
2020-01-31,9.1,5.8,11.4,2638,0.4,0.9,4.6
2020-02-01,10.6,7.0,12.3,2401,2.1,0.97,4.5
2020-02-02,6.5,4.7,8.5,2506,3.6,0.82,3.9
2020-02-03,6.4,4.3,9.4,2554,3.0,0.8,3.7
2020-02-04,4.3,2.5,6.3,3259,2.3,0.71,4.1
2020-02-05,3.2,1.4,5.4,7420,0.0,0.65,3.0
2020-02-06,4.6,2.3,6.1,2646,0.0,0.7,2.3
2020-02-07,5.6,4.4,6.7,2698,0.0,0.81,1.9
2020-02-08,4.9,1.4,8.3,7388,0.0,0.66,2.3
2020-02-09,9.0,4.2,13.4,6169,7.5,0.83,5.2
2020-02-10,6.4,3.0,13.4,3053,4.7,0.77,7.0
2020-02-11,4.5,2.9,6.3,2917,0.1,0.73,6.6
2020-02-12,4.0,2.5,6.2,3237,0.1,0.71,5.6
2020-02-13,3.2,0.7,5.3,5435,1.1,0.62,3.3
2020-02-14,3.5,1.1,5.1,3091,1.5,0.64,2.5
2020-02-15,5.3,1.8,9.7,5409,0.0,0.68,3.1
2020-02-16,11.1,6.9,16.1,3282,1.7,0.99,5.2
2020-02-17,8.5,5.4,10.9,4397,0.1,0.87,4.5
2020-02-18,6.0,3.8,8.0,4757,1.9,0.78,4.8
2020-02-19,4.9,3.6,7.1,5126,3.7,0.76,4.3
2020-02-20,4.2,-0.5,7.1,3975,5.6,0.58,3.7
2020-02-21,5.5,3.2,7.4,5004,0.1,0.75,4.6
2020-02-22,7.9,4.8,11.2,4119,2.6,0.84,5.3
2020-02-23,5.7,3.5,7.7,3665,7.8,0.76,5.6
2020-02-24,4.8,1.2,7.3,3733,9.0,0.65,3.8
2020-02-25,7.2,3.6,9.7,8507,0.0,0.77,4.7
2020-02-26,3.2,1.1,5.8,4027,0.8,0.64,3.8
2020-02-27,1.9,-0.9,5.1,4257,0.4,0.56,3.1
2020-02-28,2.8,-1.3,8.0,6726,1.4,0.55,3.7
2020-02-29,6.3,1.2,11.1,6021,2.6,0.67,4.1
2020-03-01,5.8,2.1,9.8,8154,3.7,0.7,4.1
2020-03-02,5.1,2.3,9.7,6704,0.2,0.71,2.6
2020-03-03,3.9,0.4,7.8,4387,0.7,0.62,2.7
2020-03-04,2.7,-0.9,7.8,6989,0.1,0.57,2.3
2020-03-05,4.8,0.1,10.0,10071,0.3,0.62,2.6
2020-03-06,4.0,2.9,4.9,4528,4.0,0.72,3.9
2020-03-07,3.6,-1.0,5.9,4604,0.1,0.56,3.1
2020-03-08,4.4,-1.6,10.2,7664,0.0,0.55,3.1
2020-03-09,6.6,2.3,10.8,5466,1.0,0.72,2.6
2020-03-10,5.9,1.6,10.9,4834,8.7,0.69,4.5
2020-03-11,9.0,6.1,12.5,12595,4.2,0.92,4.4
2020-03-12,8.5,4.2,11.9,8549,2.7,0.81,5.3
2020-03-13,5.2,0.4,8.7,6266,1.3,0.62,4.6
2020-03-14,2.4,-2.7,7.6,15187,0.0,0.51,1.9
2020-03-15,6.0,0.0,11.8,13763,0.0,0.63,3.2
2020-03-16,7.8,0.7,15.6,14487,0.0,0.69,2.0
2020-03-17,7.8,0.6,14.9,9682,0.0,0.68,2.0
2020-03-18,11.0,3.1,16.8,13748,0.0,0.8,2.4
2020-03-19,8.8,5.7,12.8,5837,0.1,0.9,1.5
2020-03-20,6.6,2.9,10.5,5625,0.0,0.74,2.3
2020-03-21,3.0,-1.0,6.8,13014,0.0,0.56,4.0
2020-03-22,1.4,-3.0,5.9,17235,0.0,0.49,3.8
2020-03-23,0.7,-4.8,6.6,17407,0.0,0.44,3.1
2020-03-24,1.2,-5.9,7.9,17679,0.0,0.42,2.9
2020-03-25,3.1,-3.8,10.1,17849,0.0,0.48,3.3
2020-03-26,4.9,-1.9,11.1,17916,0.0,0.56,3.4
2020-03-27,8.5,1.9,15.9,17773,0.0,0.74,2.9
2020-03-28,7.1,1.4,13.8,18042,0.0,0.7,2.6
2020-03-29,2.3,-4.5,5.6,7923,0.8,0.44,4.0
2020-03-30,-0.8,-5.4,3.1,7275,2.8,0.4,2.7
2020-03-31,0.9,-3.7,5.8,10977,0.0,0.46,2.1
2020-04-01,3.4,-3.6,8.9,7875,0.0,0.48,2.3
2020-04-02,6.9,4.4,9.9,6993,0.3,0.81,2.9
2020-04-03,5.3,-0.7,10.9,14016,0.3,0.59,3.0
2020-04-04,4.8,-3.0,13.3,20362,0.0,0.53,1.7
2020-04-05,8.5,-1.5,16.3,20633,0.0,0.61,2.9
2020-04-06,12.4,4.7,21.7,20793,0.0,0.93,2.4
2020-04-07,10.8,3.3,18.2,21063,0.0,0.82,2.0
2020-04-08,11.9,2.2,22.3,20774,0.0,0.82,1.7
2020-04-09,10.5,0.5,16.9,17669,0.0,0.69,2.0
2020-04-10,7.1,-1.6,15.0,21530,0.0,0.6,1.8
2020-04-11,7.3,-2.2,15.7,21455,0.0,0.58,1.5
2020-04-12,12.9,0.5,22.9,22174,0.3,0.75,1.9
2020-04-13,7.3,0.4,13.4,14752,0.2,0.65,3.9
2020-04-14,4.9,-2.5,11.1,18552,0.0,0.53,2.9
2020-04-15,8.7,2.9,15.8,16941,0.0,0.78,2.6
2020-04-16,10.2,0.7,17.2,19968,0.0,0.7,2.0
2020-04-17,9.8,1.8,16.0,22785,0.0,0.73,1.6
2020-04-18,9.4,1.9,16.2,23745,0.0,0.74,2.1
2020-04-19,8.4,4.7,13.3,24003,0.0,0.85,3.0
2020-04-20,9.3,1.8,15.5,24141,0.0,0.72,4.1
2020-04-21,10.8,4.7,17.2,24277,0.0,0.87,4.6
2020-04-22,11.5,4.6,17.9,24530,0.0,0.88,3.6
2020-04-23,12.7,2.3,21.8,24422,0.0,0.82,1.9
2020-04-24,13.2,4.6,21.4,21063,0.0,0.92,2.8
2020-04-25,10.3,1.5,15.2,14901,0.0,0.71,2.5
2020-04-26,9.9,0.5,17.6,20318,0.0,0.69,1.5
2020-04-27,12.5,0.8,22.1,24555,0.0,0.76,1.8
2020-04-28,13.1,5.8,20.5,17603,5.5,0.97,2.1
2020-04-29,10.3,6.5,15.4,10237,2.9,0.96,2.5
2020-04-30,12.4,6.6,18.3,13494,0.8,1.0,2.9
2020-05-01,12.5,6.4,16.5,14062,0.8,0.97,3.1
2020-05-02,10.1,5.2,15.5,17470,3.3,0.89,3.0
2020-05-03,10.3,5.2,14.1,11122,0.0,0.89,2.0
2020-05-04,8.8,2.1,12.9,10692,3.4,0.73,2.1
2020-05-05,7.2,0.6,11.7,20204,0.6,0.64,2.5
2020-05-06,11.5,4.3,16.5,24776,0.0,0.85,2.4
2020-05-07,11.4,5.6,17.4,16499,0.0,0.93,2.0
2020-05-08,12.5,2.1,19.9,26714,0.0,0.79,1.6
2020-05-09,15.5,3.9,22.7,24799,0.0,0.89,1.5
2020-05-10,18.0,10.3,25.9,19981,0.3,1.33,2.1
2020-05-11,7.0,-1.9,10.4,10227,4.8,0.55,3.7
2020-05-12,6.7,-2.5,12.4,18486,0.1,0.55,2.4
2020-05-13,9.8,5.3,14.2,16529,1.3,0.89,2.0
2020-05-14,8.8,-0.4,13.7,21405,0.0,0.63,2.5
2020-05-15,8.9,-1.4,15.9,19443,0.0,0.6,2.6
2020-05-16,11.7,4.1,17.1,17218,0.0,0.84,2.4
2020-05-17,13.8,7.0,18.8,21730,0.0,1.02,2.5
2020-05-18,16.0,12.1,19.5,10957,0.0,1.4,2.3
2020-05-19,14.4,5.8,18.9,12917,0.0,0.95,2.3
2020-05-20,13.1,3.1,19.8,28174,0.0,0.83,1.6
2020-05-21,14.4,3.1,21.3,27854,0.0,0.84,1.5
2020-05-22,17.2,8.2,22.9,19074,1.2,1.14,2.1
2020-05-23,14.7,5.4,20.1,11169,1.6,0.94,2.8
2020-05-24,11.5,5.4,16.1,15445,5.0,0.9,3.5
2020-05-25,11.8,6.2,15.1,10473,1.1,0.95,3.1
2020-05-26,14.0,4.5,20.6,26077,0.0,0.9,1.6
2020-05-27,15.7,4.5,22.1,22132,0.0,0.93,1.9
2020-05-28,15.1,9.3,20.1,25267,0.0,1.18,2.7
2020-05-29,15.1,4.6,20.8,21440,0.0,0.91,2.1
2020-05-30,14.4,10.2,18.7,23543,0.0,1.24,2.5
2020-05-31,15.3,9.5,21.5,24613,0.0,1.22,2.7
2020-06-01,16.3,6.3,23.2,29560,0.0,1.03,2.4
2020-06-02,19.0,6.9,26.9,29337,0.0,1.11,1.7
2020-06-03,18.0,9.3,24.7,26525,0.0,1.24,1.9
2020-06-04,17.2,12.0,24.7,12445,10.3,1.44,2.2
2020-06-05,13.6,10.2,18.0,14669,2.3,1.22,3.4
2020-06-06,12.2,6.8,19.1,21168,0.1,1.01,3.2
2020-06-07,13.9,6.5,19.9,12507,0.0,1.0,2.3
2020-06-08,14.2,6.1,20.3,25619,0.0,0.98,1.5
2020-06-09,16.2,7.1,22.5,25509,0.0,1.06,1.9
2020-06-10,16.1,11.6,20.9,18781,2.3,1.36,2.1
2020-06-11,16.5,14.0,21.3,15033,0.0,1.57,2.0
2020-06-12,19.3,14.1,27.2,20755,0.0,1.64,2.5
2020-06-13,20.1,16.2,30.4,17002,38.0,1.92,2.4
2020-06-14,19.7,14.2,26.1,19997,0.0,1.65,2.7
2020-06-15,18.9,12.1,24.9,28312,0.0,1.46,2.0
2020-06-16,19.5,10.6,26.1,30135,0.0,1.35,1.4
2020-06-17,21.5,11.9,28.2,27543,0.0,1.49,1.7
2020-06-18,19.8,16.2,26.4,16511,2.9,1.85,2.2
2020-06-19,16.8,15.4,18.3,10412,1.5,1.7,2.3
2020-06-20,16.3,15.0,17.6,10411,8.0,1.65,2.5
2020-06-21,17.6,10.5,22.8,19623,0.0,1.29,2.0
2020-06-22,18.4,10.1,23.8,28961,0.0,1.28,2.2
2020-06-23,17.4,8.6,23.4,30120,0.0,1.18,1.8
2020-06-24,19.9,10.3,25.9,25181,0.0,1.33,2.1
2020-06-25,22.4,17.5,27.7,22706,0.0,2.0,2.4
2020-06-26,21.7,15.8,28.8,21916,1.5,1.84,2.0
2020-06-27,23.7,16.5,31.5,24882,0.0,1.95,2.1
2020-06-28,21.4,15.2,27.8,15797,4.4,1.78,2.5
2020-06-29,17.6,11.4,24.6,22127,0.2,1.4,2.5
2020-06-30,17.1,9.1,22.2,18483,0.1,1.19,3.5
2020-07-01,18.5,15.9,22.5,11088,2.8,1.77,2.8
2020-07-02,18.4,14.5,23.9,16631,4.4,1.64,2.3
2020-07-03,18.3,15.0,23.3,19970,0.0,1.69,2.4
2020-07-04,19.7,13.2,25.7,16585,0.5,1.54,3.3
2020-07-05,20.8,15.8,25.9,12945,0.4,1.8,4.0
2020-07-06,16.0,11.5,20.6,22338,2.1,1.34,4.0
2020-07-07,14.9,10.1,21.7,20371,1.9,1.26,2.5
2020-07-08,14.7,11.2,18.4,13768,0.0,1.31,2.0
2020-07-09,15.4,11.8,18.2,10133,12.2,1.35,2.1
2020-07-10,16.3,11.0,24.9,12163,2.0,1.36,2.9
2020-07-11,14.6,8.5,20.3,23312,0.5,1.13,2.2
2020-07-12,14.8,7.1,20.6,20444,0.0,1.05,1.9
2020-07-13,16.9,8.3,23.2,30407,0.0,1.16,1.6
2020-07-14,20.9,11.8,29.2,24842,0.4,1.5,1.7
2020-07-15,15.7,12.7,17.4,9943,5.3,1.43,1.7
2020-07-16,15.3,10.6,20.2,18345,1.8,1.28,1.7
2020-07-17,16.4,9.0,22.1,16127,0.1,1.18,1.5
2020-07-18,20.3,11.3,27.3,26029,0.0,1.42,1.3
2020-07-19,23.1,13.6,30.1,22656,1.9,1.66,1.5
2020-07-20,17.8,10.9,21.2,18400,2.7,1.32,2.2
2020-07-21,15.6,9.1,21.8,21902,0.0,1.19,2.1
2020-07-22,15.0,8.0,20.9,18161,0.0,1.1,1.8
2020-07-23,16.8,11.1,23.4,22663,0.0,1.34,1.6
2020-07-24,18.9,10.9,27.8,14251,0.0,1.41,2.4
2020-07-25,19.1,12.0,25.9,20507,0.0,1.45,1.9
2020-07-26,18.2,14.2,23.7,13509,6.2,1.62,2.5
2020-07-27,18.9,12.3,25.6,17477,2.9,1.48,1.9
2020-07-28,20.5,12.6,26.5,18164,0.0,1.5,3.3
2020-07-29,16.8,10.0,22.4,13836,0.0,1.26,2.8
2020-07-30,15.8,7.9,22.4,20650,0.0,1.11,1.8
2020-07-31,18.3,9.2,25.6,27808,0.0,1.25,1.6
2020-08-01,21.0,10.8,28.9,26591,0.3,1.4,2.0
2020-08-02,19.2,15.1,23.0,11469,1.4,1.7,1.9
2020-08-03,17.4,10.3,22.9,13141,0.0,1.29,1.9
2020-08-04,16.2,8.8,23.0,18263,0.0,1.18,1.8
2020-08-05,19.3,8.1,28.0,25330,0.0,1.22,1.9
2020-08-06,22.2,12.7,30.2,26087,0.0,1.58,1.7
2020-08-07,24.8,15.0,32.9,21443,0.0,1.84,1.6
2020-08-08,27.7,18.5,35.6,24157,0.0,2.26,1.4
2020-08-09,25.0,19.4,34.8,20637,1.1,2.34,1.7
2020-08-10,22.7,18.1,32.3,15677,2.1,2.14,2.0
2020-08-11,23.7,17.2,30.7,25523,0.0,2.01,2.3
2020-08-12,23.4,16.7,31.0,25403,0.0,1.98,2.3
2020-08-13,24.0,14.3,32.0,20708,0.1,1.76,2.0
2020-08-14,22.9,16.8,29.6,15083,0.1,1.97,1.7
2020-08-15,23.7,14.1,31.9,21444,0.0,1.74,1.4
2020-08-16,23.9,16.7,31.9,24780,0.0,1.99,1.8
2020-08-17,24.5,16.1,31.8,23107,0.0,1.93,1.8
2020-08-18,19.7,17.0,23.4,11284,6.7,1.9,1.8
2020-08-19,20.1,14.5,25.7,15672,0.2,1.66,1.5
2020-08-20,22.8,14.7,31.7,15570,0.0,1.78,1.9
2020-08-21,25.9,16.7,35.3,16866,1.2,2.06,2.2
2020-08-22,22.0,15.2,26.4,11528,1.7,1.73,2.7
2020-08-23,19.1,14.5,25.0,17683,0.0,1.66,3.0
2020-08-24,16.8,13.3,23.3,12384,6.0,1.54,2.3
2020-08-25,16.6,11.5,21.7,13778,4.9,1.36,2.2
2020-08-26,15.8,13.8,17.4,9569,12.2,1.53,5.1
2020-08-27,15.3,10.4,18.9,10732,0.0,1.26,2.7
2020-08-28,15.1,10.3,19.6,8043,0.8,1.25,2.4
2020-08-29,16.2,11.1,22.9,15376,0.0,1.34,2.1
2020-08-30,17.7,9.7,23.5,14139,0.1,1.25,1.8
2020-08-31,16.7,10.4,21.7,14469,3.5,1.27,1.8
2020-09-01,14.3,8.3,19.9,15124,0.1,1.11,1.7
2020-09-02,15.1,11.2,19.9,7752,5.6,1.32,1.5
2020-09-03,17.0,11.5,22.5,17169,4.4,1.37,2.2
2020-09-04,17.8,15.0,22.5,13448,0.5,1.68,2.3
2020-09-05,14.2,12.0,16.5,7504,7.0,1.36,2.3
2020-09-06,13.1,9.5,18.7,16640,0.6,1.19,1.9
2020-09-07,13.3,9.5,18.8,12450,0.0,1.19,1.7
2020-09-08,15.5,10.0,20.3,7253,0.0,1.23,2.4
2020-09-09,18.6,12.5,23.4,8115,2.4,1.47,2.4
2020-09-10,13.3,8.5,19.2,15751,0.0,1.12,1.8
2020-09-11,14.8,8.7,21.5,14673,0.0,1.16,1.4
2020-09-12,16.1,6.5,25.1,17520,0.0,1.06,2.1
2020-09-13,16.5,9.0,23.4,16643,0.0,1.21,1.9
2020-09-14,19.5,9.9,29.4,17603,0.0,1.36,1.5
2020-09-15,21.8,14.9,31.1,17235,0.0,1.8,1.3
2020-09-16,20.3,13.1,28.6,14371,0.0,1.6,1.9
2020-09-17,13.0,4.1,17.9,16209,0.0,0.86,2.7
2020-09-18,10.6,1.9,20.2,16736,0.0,0.78,2.2
2020-09-19,12.8,4.0,20.8,14616,0.0,0.88,1.8
2020-09-20,14.2,4.9,23.1,15915,0.0,0.96,1.7
2020-09-21,14.6,5.3,24.5,15750,0.0,0.99,1.2
2020-09-22,16.1,7.9,26.1,15299,0.0,1.16,1.2
2020-09-23,17.0,9.9,25.7,13719,0.0,1.29,1.9
2020-09-24,15.2,10.2,21.7,7862,7.1,1.27,2.8
2020-09-25,12.0,6.1,14.9,5443,11.9,0.94,2.6
2020-09-26,10.3,6.3,14.8,5087,30.1,0.95,3.0
2020-09-27,9.5,8.3,10.6,5009,6.4,1.06,2.1
2020-09-28,12.4,8.6,17.8,13589,0.0,1.12,1.5
2020-09-29,11.9,7.8,18.8,8875,0.0,1.07,1.6
2020-09-30,12.5,5.8,20.2,12033,0.0,0.97,1.4
2020-10-01,12.6,6.1,17.2,5228,0.5,0.96,2.0
2020-10-02,14.1,11.5,16.2,4713,0.0,1.31,2.9
2020-10-03,16.3,11.9,20.5,9705,0.0,1.39,3.3
2020-10-04,13.3,5.3,19.2,8898,0.0,0.93,2.9
2020-10-05,10.9,5.2,16.0,5496,0.2,0.89,2.7
2020-10-06,11.6,6.1,14.9,7077,0.3,0.94,3.5
2020-10-07,11.4,7.1,14.7,5162,4.2,0.99,3.2
2020-10-08,12.0,7.4,14.1,5650,7.0,1.0,3.5
2020-10-09,12.5,8.1,15.0,4353,0.1,1.06,2.2
2020-10-10,9.6,1.5,13.0,7152,0.2,0.7,2.6
2020-10-11,7.1,0.6,13.1,6731,0.1,0.65,2.0
2020-10-12,7.8,-0.1,11.6,3977,0.0,0.62,1.6
2020-10-13,7.2,-1.4,12.7,5991,0.3,0.59,1.6
2020-10-14,10.3,8.2,11.8,3761,9.9,1.05,3.4
2020-10-15,9.5,7.3,10.1,3693,1.1,0.98,2.7
2020-10-16,9.1,6.4,11.1,3626,0.5,0.94,2.1
2020-10-17,8.6,3.5,12.1,5256,0.0,0.78,1.4
2020-10-18,6.9,1.2,11.3,4151,2.0,0.67,2.3
2020-10-19,6.4,-0.6,10.9,6310,0.0,0.59,1.7
2020-10-20,7.7,1.5,11.6,4505,2.5,0.69,2.4
2020-10-21,12.0,8.8,14.9,3374,0.6,1.1,2.9
2020-10-22,15.4,9.2,18.4,4909,2.6,1.16,3.0
2020-10-23,11.7,6.6,14.8,5582,8.7,0.97,2.0
2020-10-24,12.7,9.1,16.1,5357,0.0,1.13,2.8
2020-10-25,12.5,8.5,15.7,6944,0.0,1.09,2.8
2020-10-26,10.3,6.0,13.3,3268,1.1,0.92,2.4
2020-10-27,9.1,5.2,12.8,3795,0.1,0.87,3.1
2020-10-28,10.2,6.7,14.0,4244,2.8,0.97,3.4
2020-10-29,9.3,4.3,11.6,3726,2.0,0.81,3.5
2020-10-30,11.1,4.7,13.8,2780,8.6,0.85,3.3
2020-10-31,14.1,11.2,16.8,3161,0.9,1.3,2.2
2020-11-01,12.7,10.8,14.5,2674,3.3,1.25,2.9
2020-11-02,16.4,14.4,18.7,3774,2.1,1.59,4.0
2020-11-03,9.9,6.2,14.6,6341,0.0,0.94,2.7
2020-11-04,6.7,2.4,10.9,5240,0.0,0.72,2.3
2020-11-05,6.7,1.3,10.7,4925,0.0,0.68,2.2
2020-11-06,9.8,9.0,11.1,2428,0.2,1.11,1.8
2020-11-07,6.8,1.5,10.6,5966,0.0,0.68,1.7
2020-11-08,3.8,0.4,7.0,2337,0.0,0.62,1.4
2020-11-09,5.4,5.1,6.0,2293,0.0,0.84,1.8
2020-11-10,5.1,4.7,5.7,2250,0.0,0.82,1.8
2020-11-11,5.6,5.2,6.4,2209,0.0,0.85,1.6
2020-11-12,7.5,5.5,11.0,2863,0.1,0.88,2.3
2020-11-13,6.5,3.2,10.2,3661,0.1,0.75,2.0
2020-11-14,9.9,7.0,13.1,2455,0.8,0.98,2.0
2020-11-15,9.4,5.4,14.3,4271,0.3,0.9,3.1
2020-11-16,9.6,6.4,12.2,2730,0.1,0.94,3.5
2020-11-17,9.8,6.3,11.1,2536,0.8,0.92,3.0
2020-11-18,10.4,7.5,11.9,2196,0.0,1.01,2.7
2020-11-19,8.3,2.7,11.3,2111,0.7,0.74,4.0
2020-11-20,2.2,-1.9,6.0,5586,0.0,0.53,2.2
2020-11-21,3.2,-0.8,7.1,2864,0.1,0.57,3.0
2020-11-22,6.8,3.1,9.9,2012,0.5,0.74,2.8
2020-11-23,5.0,1.7,8.0,4531,0.0,0.68,2.4
2020-11-24,3.3,0.2,6.5,4569,0.0,0.6,2.4
2020-11-25,1.1,-0.3,2.3,2294,0.0,0.57,2.2
2020-11-26,4.4,0.4,7.5,1714,0.3,0.62,1.9
2020-11-27,4.5,3.0,6.5,1690,0.0,0.73,1.4
2020-11-28,3.3,-0.3,5.5,2026,0.0,0.59,1.8
2020-11-29,2.4,0.0,5.3,1644,0.1,0.59,1.8
2020-11-30,1.4,0.6,2.1,1624,0.0,0.61,2.1
2020-12-01,2.6,1.4,3.8,1604,0.0,0.65,2.0
2020-12-02,0.3,-2.0,2.6,1585,0.0,0.51,1.8
2020-12-03,-0.9,-2.6,0.7,1567,0.0,0.49,3.0
2020-12-04,0.1,-2.1,2.3,1636,0.0,0.5,3.0
2020-12-05,2.6,0.3,6.2,2344,0.0,0.61,2.0
2020-12-06,6.7,2.7,9.6,2578,0.0,0.73,1.9
2020-12-07,5.6,2.9,8.4,1507,0.0,0.73,2.4
2020-12-08,3.4,2.1,5.6,3377,0.0,0.69,1.8
2020-12-09,1.6,0.7,2.7,1483,0.0,0.62,1.8
2020-12-10,-0.7,-1.5,0.9,1473,0.0,0.53,1.6
2020-12-11,-0.6,-1.3,0.4,1463,0.0,0.53,2.8
2020-12-12,1.4,0.2,2.7,1579,0.0,0.6,2.2
2020-12-13,1.7,1.1,2.3,1448,0.0,0.64,1.8
2020-12-14,5.3,2.1,7.9,1728,0.0,0.69,2.6
2020-12-15,5.4,2.8,7.1,1559,0.3,0.72,2.2
2020-12-16,7.2,5.6,8.8,1474,0.0,0.88,1.9
2020-12-17,5.7,3.3,7.7,2527,1.4,0.75,2.6
2020-12-18,4.6,0.3,7.9,3662,0.0,0.62,2.3
2020-12-19,2.1,-0.6,6.0,3903,0.0,0.57,2.7
2020-12-20,2.9,0.7,5.2,2605,2.4,0.63,2.3
2020-12-21,4.6,2.7,7.0,3378,6.1,0.71,2.7
2020-12-22,8.3,4.0,12.7,1431,4.6,0.81,3.8
2020-12-23,3.8,-0.7,8.7,2289,10.6,0.58,2.2
2020-12-24,5.6,2.6,10.4,1438,4.9,0.73,3.4
2020-12-25,2.3,0.2,3.8,1444,0.0,0.6,2.4
2020-12-26,0.8,-1.8,2.8,1450,0.1,0.52,3.0
2020-12-27,1.7,0.7,2.8,1705,0.0,0.62,5.0
2020-12-28,2.1,0.4,3.9,1755,2.8,0.6,2.6
2020-12-29,1.7,0.4,3.3,2347,0.0,0.6,2.6
2020-12-30,2.1,-0.3,4.1,3781,0.0,0.58,2.7
2020-12-31,1.9,0.2,3.1,2630,1.3,0.59,2.4
2021-01-01,1.3,0.0,2.7,1498,0.2,0.59,1.4
2021-01-02,1.9,1.0,3.7,1511,0.0,0.63,1.6
2021-01-03,1.3,0.3,2.2,1524,3.5,0.6,2.6
2021-01-04,0.8,0.4,1.1,1539,1.1,0.6,2.6
2021-01-05,2.1,0.9,3.7,1555,2.3,0.63,2.6
2021-01-06,1.6,0.4,3.6,1572,1.1,0.6,2.2
2021-01-07,0.7,0.3,1.1,1590,0.6,0.6,2.1
2021-01-08,0.8,0.1,1.6,1610,0.7,0.59,2.1
2021-01-09,1.3,-0.6,2.6,1630,0.0,0.56,1.6
2021-01-10,0.2,-1.7,1.9,1785,0.2,0.52,1.9
2021-01-11,0.8,-0.2,1.8,1674,2.4,0.58,3.2
2021-01-12,1.2,-0.1,2.3,1697,2.3,0.58,4.0
2021-01-13,1.2,-0.2,3.1,1722,3.5,0.58,4.2
2021-01-14,1.2,0.1,1.9,1887,0.3,0.59,2.9
2021-01-15,-0.7,-2.6,0.7,1774,0.0,0.49,2.2
2021-01-16,-1.5,-4.0,-0.5,2229,0.0,0.44,2.1
2021-01-17,-3.1,-6.2,-0.6,1831,0.0,0.37,1.6
2021-01-18,-1.5,-6.5,3.1,1862,3.8,0.38,2.9
2021-01-19,1.9,0.4,4.0,1893,7.2,0.61,3.8
2021-01-20,5.3,2.6,7.3,2024,0.0,0.71,3.6
2021-01-21,6.9,3.6,11.3,3112,1.6,0.78,4.4
2021-01-22,5.3,-2.0,9.6,1993,0.1,0.54,3.5
2021-01-23,0.0,-2.4,2.2,2029,0.1,0.5,2.1
2021-01-24,0.3,-2.4,2.1,2066,3.0,0.5,2.4
2021-01-25,0.6,0.0,1.3,2104,0.0,0.58,1.8
2021-01-26,0.1,-2.8,1.5,3633,0.1,0.48,3.0
2021-01-27,0.8,-1.6,3.2,3961,0.3,0.52,2.5
2021-01-28,0.3,-4.6,2.7,2388,0.0,0.43,2.6
2021-01-29,-1.7,-4.6,0.2,2267,0.9,0.42,3.5
2021-01-30,-1.8,-7.3,1.3,4994,0.1,0.35,2.6
2021-01-31,-5.2,-9.2,0.5,7223,0.0,0.31,2.1
2021-02-01,-3.3,-8.1,0.5,3891,0.1,0.33,2.2
2021-02-02,-0.2,-1.1,0.7,2448,2.4,0.54,2.3
2021-02-03,0.6,-0.1,1.5,2496,16.8,0.58,3.3
2021-02-04,0.2,-0.4,0.8,2545,0.5,0.57,2.8
2021-02-05,-0.2,-1.4,1.1,2595,0.0,0.53,2.4
2021-02-06,-2.6,-4.8,-1.0,2646,0.0,0.41,3.9
2021-02-07,-6.0,-7.3,-4.7,2698,0.0,0.34,4.8
2021-02-08,-8.2,-9.6,-6.4,2751,2.3,0.28,3.6
2021-02-09,-8.9,-11.3,-6.3,2805,0.0,0.25,1.9
2021-02-10,-7.7,-11.7,-3.3,7616,0.1,0.25,2.3
2021-02-11,-5.4,-11.7,-2.0,3242,0.2,0.25,1.8
2021-02-12,-6.4,-12.7,-1.3,8049,0.0,0.24,2.3
2021-02-13,-8.1,-15.3,0.3,5301,0.0,0.21,2.1
2021-02-14,-7.0,-13.9,-1.9,3091,0.0,0.22,2.0
2021-02-15,-6.7,-15.2,0.0,5204,5.7,0.2,2.7
2021-02-16,0.5,-2.1,2.7,3212,1.3,0.51,2.2
2021-02-17,3.5,1.3,6.0,3274,0.5,0.65,2.9
2021-02-18,5.3,1.6,9.5,8520,4.1,0.67,2.5
2021-02-19,4.0,-1.5,7.8,6204,0.0,0.55,2.5
2021-02-20,4.3,-1.5,11.4,8921,0.0,0.57,2.2
2021-02-21,6.8,1.0,15.4,10671,0.0,0.7,2.2
2021-02-22,5.5,0.4,13.7,10823,0.0,0.66,2.0
2021-02-23,8.1,2.0,16.9,8262,0.0,0.75,2.0
2021-02-24,10.3,3.4,17.9,10214,0.0,0.82,2.2
2021-02-25,9.5,2.9,18.3,10590,2.6,0.8,2.1
2021-02-26,7.0,4.8,9.4,5198,0.0,0.84,2.4
2021-02-27,4.6,-0.9,8.1,5757,0.0,0.57,2.3
2021-02-28,2.8,-1.3,7.0,4013,0.0,0.55,2.0
2021-03-01,4.0,-2.2,8.1,7796,0.0,0.53,1.6
2021-03-02,2.5,-3.3,12.0,7828,0.0,0.52,1.4
2021-03-03,5.5,-2.2,14.8,10992,0.0,0.57,1.6
2021-03-04,3.3,1.0,5.6,4303,0.1,0.63,2.4
2021-03-05,1.0,-3.9,6.1,10022,0.0,0.46,2.4
2021-03-06,0.5,-4.9,3.6,6666,0.0,0.43,2.3
2021-03-07,2.8,0.2,5.2,4786,0.4,0.6,2.5
2021-03-08,0.7,-3.7,5.9,13380,0.0,0.47,1.6
2021-03-09,-0.1,-5.3,6.6,13282,0.0,0.42,1.6
2021-03-10,1.4,-6.3,8.0,13621,1.5,0.41,2.2
2021-03-11,5.9,2.1,11.0,6535,8.6,0.71,5.2
2021-03-12,6.6,3.8,9.3,6991,0.6,0.78,5.0
2021-03-13,5.6,3.1,8.3,5720,8.0,0.74,5.4
2021-03-14,4.7,1.8,8.5,6818,0.8,0.69,4.2
2021-03-15,4.6,2.9,7.5,6449,5.5,0.73,3.6
2021-03-16,3.8,-1.6,8.0,7009,0.0,0.54,3.2
2021-03-17,1.4,-2.2,7.1,7767,2.2,0.52,2.0
2021-03-18,2.0,-2.0,7.4,9014,0.0,0.53,1.6
2021-03-19,0.3,-2.6,3.6,8162,0.1,0.49,2.5
2021-03-20,1.1,-2.2,3.6,7585,0.7,0.5,2.4
2021-03-21,5.3,0.3,9.7,9445,0.8,0.62,3.7
2021-03-22,4.7,-1.2,9.9,14693,0.4,0.57,2.4
2021-03-23,5.6,4.1,6.7,5786,0.0,0.79,2.0
2021-03-24,6.4,0.8,11.3,8476,0.0,0.66,1.8
2021-03-25,6.7,-1.1,14.2,13633,0.0,0.6,1.7
2021-03-26,8.1,1.5,15.3,9798,0.2,0.71,2.2
2021-03-27,5.2,1.3,9.1,8983,4.4,0.67,4.0
2021-03-28,6.3,-0.7,12.2,11154,0.6,0.6,3.1
2021-03-29,12.4,6.9,19.1,9603,0.1,1.03,2.9
2021-03-30,12.6,4.8,21.1,19045,0.0,0.92,1.7
2021-03-31,12.6,2.1,22.9,19214,0.0,0.82,1.3
2021-04-01,8.6,2.8,15.4,6935,0.0,0.77,2.5
2021-04-02,5.8,1.7,11.1,11515,0.0,0.69,3.1
2021-04-03,4.5,-2.4,9.8,16262,0.0,0.53,2.8
2021-04-04,4.0,-4.0,9.8,15643,0.0,0.47,2.5
2021-04-05,3.2,-0.1,6.4,11085,4.2,0.6,4.8
2021-04-06,1.6,-1.3,6.0,14044,0.9,0.54,4.0
2021-04-07,2.4,0.2,5.8,7869,2.0,0.6,4.3
2021-04-08,3.8,1.2,7.1,8953,0.0,0.65,3.5
2021-04-09,7.2,0.8,13.8,14740,0.3,0.67,3.0
2021-04-10,6.2,1.6,9.8,8118,5.9,0.68,2.0
2021-04-11,9.8,3.0,17.8,11476,2.4,0.8,3.0
2021-04-12,4.3,-0.2,8.9,8622,0.1,0.6,2.7
2021-04-13,3.0,-2.0,9.0,15896,0.6,0.54,2.6
2021-04-14,3.4,-1.6,9.4,13376,0.0,0.55,2.1
2021-04-15,4.5,-1.6,8.5,10367,0.2,0.55,2.3
2021-04-16,6.7,3.4,11.6,13350,0.0,0.77,2.4
2021-04-17,8.9,4.6,14.8,12636,0.0,0.85,2.1
2021-04-18,6.9,3.9,12.1,8991,5.6,0.8,1.6
2021-04-19,10.1,4.7,18.0,16935,0.0,0.89,1.7
2021-04-20,10.2,2.0,18.1,23414,0.0,0.77,1.6
2021-04-21,8.8,1.1,16.9,17510,0.1,0.71,2.6
2021-04-22,7.0,3.0,11.6,15242,1.2,0.75,3.6
2021-04-23,7.9,2.7,12.8,20233,0.0,0.74,2.6
2021-04-24,6.5,-0.8,12.4,18311,0.0,0.6,2.3
2021-04-25,4.9,-1.7,10.4,14449,0.0,0.56,2.4
2021-04-26,3.3,-4.4,9.8,18280,0.0,0.47,2.1
2021-04-27,5.8,-4.4,13.1,25283,0.0,0.49,2.5
2021-04-28,10.5,1.3,17.1,24312,0.0,0.72,2.2
2021-04-29,9.4,6.9,13.9,11264,3.7,0.98,3.0
2021-04-30,7.7,6.1,10.1,8647,0.9,0.91,1.9
2021-05-01,7.8,5.5,11.0,9814,0.2,0.88,1.7
2021-05-02,7.6,4.9,11.6,8773,18.8,0.85,2.7
2021-05-03,7.2,3.6,11.1,13892,1.1,0.78,2.8
2021-05-04,9.1,3.8,14.4,11493,3.1,0.81,5.1
2021-05-05,8.6,5.5,12.6,15528,1.7,0.89,5.1
2021-05-06,7.4,2.8,12.3,20453,0.1,0.75,3.1
2021-05-07,4.9,0.4,10.6,13434,4.6,0.64,3.0
2021-05-08,8.6,0.4,14.6,19997,0.1,0.66,2.4
2021-05-09,17.9,9.7,25.1,24460,0.0,1.27,3.0
2021-05-10,20.6,13.0,28.4,25928,0.0,1.58,2.6
2021-05-11,18.5,13.3,26.4,21364,4.2,1.57,2.3
2021-05-12,13.3,11.5,15.1,9345,5.9,1.31,2.5
2021-05-13,11.6,11.0,12.6,9397,5.4,1.26,2.2
2021-05-14,9.6,6.8,10.9,9447,1.5,0.95,2.2
2021-05-15,11.8,5.8,18.1,21405,2.9,0.94,2.3
2021-05-16,11.6,6.7,17.5,17920,2.5,1.0,2.4
2021-05-17,12.3,6.8,19.4,19124,0.4,1.02,2.6
2021-05-18,10.6,6.0,14.2,11165,0.1,0.92,2.5
2021-05-19,10.9,3.9,16.4,22812,0.2,0.83,2.2
2021-05-20,11.4,7.2,17.4,22363,0.6,1.02,2.3
2021-05-21,12.9,7.7,21.0,20249,3.0,1.08,3.6
2021-05-22,11.5,6.2,17.8,17231,2.4,0.97,4.2
2021-05-23,11.4,5.4,17.1,17664,0.5,0.91,3.0
2021-05-24,14.6,5.0,21.2,24253,0.7,0.93,2.7
2021-05-25,11.6,8.3,15.7,15317,3.3,1.08,3.7
2021-05-26,11.6,7.9,16.6,16001,1.1,1.06,3.4
2021-05-27,11.1,7.1,15.2,13082,4.8,1.0,3.1
2021-05-28,12.2,6.1,16.6,14920,2.1,0.95,2.1
2021-05-29,12.5,5.6,18.0,20627,0.0,0.94,2.1
2021-05-30,13.7,4.6,19.5,29050,0.0,0.9,2.1
2021-05-31,14.3,3.4,21.8,29480,0.0,0.86,1.8
2021-06-01,15.6,7.6,22.4,21642,0.3,1.11,1.9
2021-06-02,17.1,9.7,24.2,22968,0.0,1.27,2.2
2021-06-03,20.0,12.5,26.1,28561,0.0,1.5,2.0
2021-06-04,20.2,14.2,26.2,22255,0.0,1.66,1.6
2021-06-05,20.9,11.1,27.8,27073,0.0,1.42,1.9
2021-06-06,20.2,12.8,26.8,26325,0.0,1.53,1.9
2021-06-07,19.4,7.7,26.7,30108,0.0,1.16,1.8
2021-06-08,19.0,10.9,25.2,24431,0.0,1.35,1.6
2021-06-09,19.5,8.6,27.1,29508,0.0,1.22,1.4
2021-06-10,20.6,12.8,27.3,26676,0.0,1.53,1.5
2021-06-11,20.8,12.9,28.0,26824,1.0,1.55,1.7
2021-06-12,17.0,12.6,21.2,12828,10.5,1.45,3.2
2021-06-13,14.7,9.0,20.4,18549,0.0,1.17,2.7
2021-06-14,18.4,7.5,27.0,29332,0.0,1.15,1.8
2021-06-15,17.6,10.2,23.0,18699,0.0,1.28,1.7
2021-06-16,19.3,8.6,27.1,30129,0.0,1.22,1.7
2021-06-17,25.8,16.8,34.3,29486,0.0,2.05,2.1
2021-06-18,27.3,17.8,35.0,30269,0.0,2.18,1.8
2021-06-19,27.5,17.9,35.3,27415,4.4,2.17,1.9
2021-06-20,26.8,20.9,32.8,23651,2.5,2.49,2.4
2021-06-21,23.6,18.4,30.2,25077,0.0,2.15,2.7
2021-06-22,17.2,11.4,20.7,10799,0.0,1.35,2.3
2021-06-23,15.5,9.6,19.6,14169,0.2,1.2,1.8
2021-06-24,16.3,10.7,20.1,10401,1.1,1.29,1.6
2021-06-25,18.6,12.4,23.8,20901,0.0,1.45,1.6
2021-06-26,18.6,10.4,25.8,27634,0.0,1.33,1.3
2021-06-27,19.5,9.7,26.9,29046,0.0,1.31,1.6
2021-06-28,23.2,12.8,32.0,24364,0.0,1.62,1.8
2021-06-29,22.1,18.3,30.3,13595,15.8,2.12,1.9
2021-06-30,18.3,17.0,19.5,10343,61.0,1.87,2.6
2021-07-01,16.0,15.0,17.0,10328,3.2,1.64,2.8
2021-07-02,19.3,14.5,24.3,20016,0.0,1.64,2.1
2021-07-03,18.5,12.6,23.4,21933,0.0,1.47,1.5
2021-07-04,21.0,13.6,27.1,25527,0.0,1.59,1.6
2021-07-05,19.4,14.1,24.1,18006,5.6,1.61,2.0
2021-07-06,21.8,14.1,29.8,19142,2.6,1.68,2.7
2021-07-07,18.9,14.6,23.6,18210,3.1,1.65,1.7
2021-07-08,18.3,14.3,22.7,12765,1.9,1.6,1.5
2021-07-09,17.1,15.2,19.1,10160,29.6,1.67,2.3
2021-07-10,18.1,14.9,24.5,16055,0.6,1.69,1.9
2021-07-11,22.2,15.4,28.3,25412,0.0,1.79,1.8
2021-07-12,21.8,17.1,27.9,18043,0.5,1.97,1.8
2021-07-13,23.9,15.6,29.9,25323,2.1,1.83,2.0
2021-07-14,22.4,16.0,27.1,18478,0.0,1.84,2.2
2021-07-15,20.7,14.4,27.5,19717,1.3,1.67,1.7
2021-07-16,23.7,16.2,28.6,20567,0.1,1.87,2.1
2021-07-17,23.3,18.0,28.1,20135,0.0,2.05,2.7
2021-07-18,20.8,14.2,25.7,24300,0.0,1.65,2.6
2021-07-19,16.0,11.0,19.4,14295,0.0,1.3,2.2
2021-07-20,16.2,10.5,21.1,15140,0.0,1.28,1.8
2021-07-21,17.8,13.7,22.1,12802,0.0,1.54,1.7
2021-07-22,17.8,11.6,23.2,14026,0.0,1.39,1.5
2021-07-23,18.0,11.3,24.0,24884,0.0,1.38,1.3
2021-07-24,22.5,12.1,29.5,24436,0.0,1.52,2.0
2021-07-25,23.5,19.2,31.5,19814,0.6,2.26,1.8
2021-07-26,22.5,17.2,29.7,18866,2.6,1.99,1.6
2021-07-27,21.5,16.0,27.5,22707,0.8,1.84,2.0
2021-07-28,19.2,14.8,25.2,14207,2.1,1.69,2.5
2021-07-29,18.3,12.1,24.7,23311,0.0,1.45,3.4
2021-07-30,18.7,10.5,25.2,26364,0.0,1.32,2.5
2021-07-31,19.1,14.0,23.9,17150,0.0,1.6,3.3
2021-08-01,16.7,12.9,23.4,15582,4.5,1.51,2.2
2021-08-02,16.0,12.6,20.7,13895,0.1,1.44,2.4
2021-08-03,16.5,10.5,22.1,20658,1.4,1.3,1.5
2021-08-04,18.1,13.7,23.9,11530,0.0,1.56,1.4
2021-08-05,18.7,13.0,24.4,22959,0.3,1.53,1.7
2021-08-06,19.7,14.1,27.1,16948,0.5,1.66,2.4
2021-08-07,19.8,14.3,25.2,19326,1.8,1.64,2.2
2021-08-08,18.4,12.5,25.1,18010,0.3,1.48,3.1
2021-08-09,16.8,10.4,24.0,16456,1.5,1.32,2.3
2021-08-10,16.5,11.3,23.5,15883,6.3,1.38,2.0
2021-08-11,16.6,12.1,23.1,16770,0.0,1.42,1.5
2021-08-12,19.4,10.4,27.2,23585,0.0,1.36,1.3
2021-08-13,22.3,14.0,29.9,19970,0.0,1.69,2.0
2021-08-14,19.3,12.4,26.0,20347,0.0,1.49,2.1
2021-08-15,19.2,12.1,26.0,19040,1.1,1.46,1.8
2021-08-16,16.5,11.9,22.2,15470,5.2,1.4,3.5
2021-08-17,14.2,11.9,16.0,9423,1.1,1.35,3.8
2021-08-18,16.1,13.8,18.8,10536,0.2,1.54,3.2
2021-08-19,17.0,14.9,20.4,8804,3.3,1.66,2.6
2021-08-20,15.7,12.4,18.5,9319,6.2,1.41,1.7
2021-08-21,16.4,10.4,22.1,17093,0.0,1.27,1.3
2021-08-22,17.3,14.8,22.2,11733,5.8,1.66,2.1
2021-08-23,17.3,12.8,21.5,20240,0.0,1.48,2.5
2021-08-24,15.5,8.1,20.9,20806,0.0,1.12,2.1
2021-08-25,14.1,6.6,21.2,12499,3.3,1.03,2.4
2021-08-26,14.2,11.3,17.2,11944,6.6,1.3,2.8
2021-08-27,14.2,11.6,18.1,9113,0.5,1.34,2.5
2021-08-28,15.3,11.2,19.4,9484,3.1,1.31,2.1
2021-08-29,15.7,14.6,18.2,7479,26.9,1.61,2.2
2021-08-30,15.4,14.1,17.9,7403,8.7,1.56,2.4
2021-08-31,15.3,9.9,19.9,14363,0.0,1.22,2.3
2021-09-01,15.6,10.8,22.0,16024,0.0,1.32,1.8
2021-09-02,13.8,8.6,18.3,10927,0.0,1.11,1.6
2021-09-03,14.4,6.8,22.0,20603,0.0,1.05,1.8
2021-09-04,14.6,10.0,19.2,14112,0.0,1.23,1.5
2021-09-05,15.4,10.4,21.9,16704,0.0,1.28,1.6
2021-09-06,15.9,10.4,21.7,16889,0.0,1.27,1.2
2021-09-07,15.7,10.3,22.1,17391,0.0,1.27,1.1
2021-09-08,17.0,8.7,25.0,19481,0.0,1.2,1.6
2021-09-09,18.6,10.8,26.8,19212,0.0,1.37,1.7
2021-09-10,19.7,13.1,27.2,14213,0.5,1.56,1.6
2021-09-11,18.4,12.7,23.1,10008,1.2,1.48,1.9
2021-09-12,17.0,13.0,22.3,7623,0.0,1.49,1.8
2021-09-13,13.9,8.9,17.3,7431,0.0,1.14,1.5
2021-09-14,14.2,6.7,21.7,16950,0.0,1.04,1.5
2021-09-15,17.5,12.3,23.8,8065,7.1,1.45,1.9
2021-09-16,17.0,15.0,19.5,7668,1.2,1.65,2.5
2021-09-17,13.7,12.5,15.4,5877,0.6,1.39,2.0
2021-09-18,13.8,12.2,16.9,5896,0.5,1.37,1.8
2021-09-19,12.5,10.9,15.0,5816,0.0,1.26,2.1
2021-09-20,12.3,10.5,15.2,6321,0.0,1.23,1.5
2021-09-21,11.9,9.3,14.8,7107,0.8,1.14,1.8
2021-09-22,12.8,7.6,18.2,7399,0.0,1.05,1.9
2021-09-23,13.5,7.8,17.0,6257,0.5,1.05,3.5
2021-09-24,14.6,10.7,17.2,8624,0.0,1.27,2.9
2021-09-25,16.6,14.2,20.1,5337,0.1,1.59,1.7
2021-09-26,18.7,14.7,25.3,11932,0.0,1.69,1.6
2021-09-27,17.0,14.1,21.3,6281,0.0,1.57,1.9
2021-09-28,14.5,10.0,18.6,6739,0.4,1.21,1.6
2021-09-29,12.3,8.7,15.6,5022,17.7,1.1,2.7
2021-09-30,10.4,7.6,15.8,8875,0.3,1.04,3.1
2021-10-01,11.4,5.7,18.2,13095,0.0,0.95,2.6
2021-10-02,13.2,7.8,19.2,10134,0.0,1.07,2.5
2021-10-03,17.5,14.8,20.4,5147,0.1,1.63,3.5
2021-10-04,13.4,10.1,16.9,4551,1.9,1.22,2.0
2021-10-05,11.6,10.6,13.6,4476,13.0,1.23,2.2
2021-10-06,12.1,6.0,16.8,8947,0.0,0.94,2.5
2021-10-07,10.3,3.6,18.7,11408,0.0,0.84,1.2
2021-10-08,11.2,5.5,16.9,10437,0.0,0.92,1.8
2021-10-09,8.0,3.0,15.5,12011,0.0,0.78,2.0
2021-10-10,6.8,1.2,14.8,11694,0.0,0.69,1.4
2021-10-11,8.3,1.2,14.6,7630,1.5,0.7,2.1
2021-10-12,7.7,2.8,12.3,7126,0.0,0.75,2.5
2021-10-13,7.4,1.9,13.1,9987,0.8,0.72,1.9
2021-10-14,11.0,8.6,13.3,3830,2.5,1.08,2.6
2021-10-15,10.4,5.7,13.0,4829,2.3,0.91,2.8
2021-10-16,8.7,4.0,11.4,3769,0.0,0.8,1.7
2021-10-17,8.6,4.5,11.5,4447,1.2,0.82,1.6
2021-10-18,11.1,8.1,15.4,5550,0.0,1.06,1.8
2021-10-19,11.5,7.0,14.8,3641,0.6,0.99,2.6
2021-10-20,15.2,12.6,17.3,5230,1.0,1.41,3.8
2021-10-21,11.8,6.0,16.5,3580,4.7,0.94,5.4
2021-10-22,6.6,4.5,9.2,3304,4.6,0.81,4.3
2021-10-23,6.6,3.5,11.7,7547,0.0,0.78,2.3
2021-10-24,7.4,2.8,12.5,9012,0.0,0.75,2.0
2021-10-25,5.3,0.4,10.6,7051,0.0,0.64,1.9
2021-10-26,9.5,5.9,13.6,3329,0.2,0.92,2.4
2021-10-27,12.4,10.1,14.1,3466,0.0,1.19,2.6
2021-10-28,10.9,6.0,16.2,8496,0.0,0.94,2.1
2021-10-29,7.7,3.1,14.4,8371,0.0,0.78,2.3
2021-10-30,8.4,2.4,14.8,7547,0.0,0.75,2.4
2021-10-31,12.2,7.4,16.6,5862,0.0,1.02,2.7
2021-11-01,9.7,7.5,12.0,2727,0.5,1.0,2.6
2021-11-02,8.3,5.0,10.7,2674,0.0,0.85,1.7
2021-11-03,5.7,4.1,7.2,2623,0.0,0.79,1.6
2021-11-04,7.1,6.0,9.2,2573,34.7,0.9,2.9
2021-11-05,8.0,6.5,10.4,2642,0.3,0.94,2.5
2021-11-06,8.4,7.7,9.8,2767,0.2,1.01,3.0
2021-11-07,8.0,6.6,10.6,3811,7.1,0.95,4.0
2021-11-08,8.4,7.3,10.0,2382,1.9,0.99,2.2
2021-11-09,7.6,2.7,10.8,2730,0.0,0.73,2.0
2021-11-10,3.9,0.2,9.6,6011,0.0,0.62,1.5
2021-11-11,5.6,0.2,8.7,2250,0.1,0.62,1.4
2021-11-12,7.7,4.7,9.1,2209,0.2,0.82,1.9
2021-11-13,4.9,3.7,7.0,3772,0.0,0.76,1.8
2021-11-14,5.8,3.7,6.7,2128,0.0,0.76,2.0
2021-11-15,5.5,4.8,6.4,2090,0.0,0.83,2.3
2021-11-16,5.2,4.6,6.5,2053,0.2,0.82,1.4
2021-11-17,4.9,3.3,7.4,2016,0.2,0.75,2.4
2021-11-18,7.4,5.2,9.6,1981,2.4,0.85,3.2
2021-11-19,11.4,9.6,12.6,1947,0.0,1.15,3.4
2021-11-20,10.5,8.7,11.7,1914,0.8,1.09,2.8
2021-11-21,7.2,3.4,9.8,1882,0.3,0.77,2.3
2021-11-22,2.1,-2.2,5.5,5129,0.3,0.51,2.2
2021-11-23,5.5,-0.6,7.8,1822,0.3,0.58,2.2
2021-11-24,6.3,5.4,7.5,1793,0.3,0.86,1.9
2021-11-25,4.7,4.1,5.6,2093,0.0,0.79,2.1
2021-11-26,3.9,2.5,5.1,1739,0.0,0.7,2.7
2021-11-27,1.5,0.5,3.3,1714,4.2,0.61,2.3
2021-11-28,1.1,-1.6,2.6,4140,0.7,0.52,1.4
2021-11-29,1.6,-1.3,3.5,1936,1.2,0.54,2.4
2021-11-30,2.7,-0.4,5.9,1644,3.4,0.58,5.1
2021-12-01,4.8,-0.1,8.3,1624,4.1,0.6,5.2
2021-12-02,1.1,-2.5,4.0,2656,0.1,0.5,3.4
2021-12-03,0.3,-2.3,2.1,2237,1.1,0.5,3.7
2021-12-04,1.6,0.6,3.0,1567,5.4,0.61,2.7
2021-12-05,0.5,-0.7,1.1,1550,0.2,0.56,2.2
2021-12-06,-0.6,-2.7,1.6,2812,0.0,0.49,2.0
2021-12-07,-0.7,-2.0,0.1,1520,0.0,0.51,2.9
2021-12-08,-0.4,-1.5,0.6,1507,0.1,0.53,2.9
2021-12-09,-1.5,-2.0,-0.7,1494,1.7,0.5,2.0
2021-12-10,-0.6,-1.3,0.2,1483,1.8,0.53,1.9
2021-12-11,0.0,-0.8,0.8,1473,0.1,0.55,2.0
2021-12-12,1.4,0.5,4.0,1463,1.5,0.61,2.5
2021-12-13,6.3,3.5,8.7,1455,0.7,0.76,1.8
2021-12-14,7.0,6.2,7.8,1448,0.1,0.91,1.9
2021-12-15,8.4,7.5,9.4,1442,0.0,1.0,2.1
2021-12-16,6.6,2.1,9.5,2905,0.0,0.7,1.9
2021-12-17,4.7,2.1,5.9,1433,0.0,0.69,2.0
2021-12-18,5.9,4.7,8.0,1430,0.0,0.83,2.3
2021-12-19,5.5,0.5,7.4,1428,1.3,0.62,3.4
2021-12-20,1.1,-2.3,4.5,3700,0.1,0.51,1.8
2021-12-21,0.3,-0.6,1.0,1427,0.0,0.56,1.3
2021-12-22,-1.8,-4.5,0.5,2566,0.0,0.42,1.7
2021-12-23,-1.7,-4.7,1.0,1431,9.3,0.42,2.4
2021-12-24,-0.2,-9.2,2.1,1434,3.2,0.31,3.2
2021-12-25,-8.6,-12.6,-2.5,4091,0.0,0.24,2.0
2021-12-26,-9.8,-14.9,-4.1,4103,0.0,0.2,2.0
2021-12-27,-5.4,-9.6,-2.1,1450,0.0,0.29,2.5
2021-12-28,-1.9,-4.5,0.7,1457,0.6,0.43,3.2
2021-12-29,1.3,0.5,2.8,1466,0.4,0.61,2.5
2021-12-30,6.9,1.4,12.2,1476,2.4,0.68,3.5
2021-12-31,12.1,11.3,13.5,1486,3.7,1.28,3.8
2022-01-01,11.2,10.4,11.9,1498,0.3,1.21,2.6
2022-01-02,9.8,8.0,11.8,1511,11.2,1.03,3.4
2022-01-03,7.7,5.0,9.6,1737,0.9,0.85,4.4
2022-01-04,5.3,2.6,6.6,1539,0.7,0.71,3.0
2022-01-05,2.7,1.2,4.1,1598,1.3,0.64,4.3
2022-01-06,0.0,-2.9,2.6,4691,0.0,0.48,2.5
2022-01-07,0.2,-2.2,1.4,1678,4.1,0.5,3.2
2022-01-08,0.8,0.4,1.4,1610,0.0,0.6,3.2
2022-01-09,0.3,-1.1,2.0,1630,0.4,0.55,3.2
2022-01-10,1.3,-1.7,2.7,1651,0.9,0.52,1.4
2022-01-11,-2.5,-3.0,-1.7,1674,0.0,0.47,1.7
2022-01-12,0.7,-1.5,3.5,1697,0.1,0.53,1.8
2022-01-13,5.3,3.8,6.5,1722,0.0,0.77,2.8
2022-01-14,5.4,-1.5,7.6,1748,0.1,0.55,2.6
2022-01-15,0.2,-1.8,1.3,1774,0.0,0.51,1.6
2022-01-16,2.2,-0.1,6.0,1802,0.1,0.59,3.1
2022-01-17,3.5,-1.4,6.4,3126,2.6,0.54,4.5
2022-01-18,1.8,-2.6,5.3,3413,0.0,0.5,2.0
2022-01-19,3.5,3.2,4.5,1893,1.4,0.74,3.4
2022-01-20,0.2,-4.0,3.9,3710,1.4,0.45,4.6
2022-01-21,-0.5,-5.2,3.7,5819,0.9,0.41,3.3
2022-01-22,2.2,0.6,3.8,3211,0.4,0.61,2.8
2022-01-23,5.1,3.6,6.2,2029,0.6,0.77,1.8
2022-01-24,4.3,3.6,5.8,2066,0.1,0.76,1.6
2022-01-25,3.8,3.1,4.7,2104,0.3,0.74,1.8
2022-01-26,3.1,2.4,4.3,2143,0.1,0.7,2.9
2022-01-27,4.7,3.8,7.1,2183,0.2,0.77,4.8
2022-01-28,4.4,1.1,6.6,5769,1.9,0.65,4.1
2022-01-29,5.7,2.7,9.1,2267,4.9,0.72,5.5
2022-01-30,5.5,3.8,6.9,3485,0.0,0.77,5.7
2022-01-31,2.1,-1.5,4.4,2751,0.0,0.53,3.4
2022-02-01,3.3,0.5,6.6,2401,5.3,0.62,4.8
2022-02-02,4.3,-0.3,6.2,3493,0.8,0.59,4.5
2022-02-03,3.8,-0.1,6.8,2496,2.6,0.6,2.5
2022-02-04,5.9,2.5,7.8,2664,3.4,0.71,3.9
2022-02-05,4.0,2.1,5.5,3801,1.8,0.69,4.5
2022-02-06,4.9,2.1,7.6,2646,11.1,0.69,5.8
2022-02-07,3.8,2.0,6.4,3069,0.0,0.68,4.8
2022-02-08,5.9,2.5,8.9,2751,3.1,0.71,4.0
2022-02-09,8.6,7.0,10.0,2932,0.5,0.97,3.1
2022-02-10,5.7,1.4,7.6,2860,2.2,0.66,2.6
2022-02-11,2.0,-2.5,5.7,6301,0.0,0.51,3.0
2022-02-12,0.0,-4.2,5.1,8642,0.0,0.45,2.3
2022-02-13,2.4,-0.9,6.5,8972,0.0,0.56,3.1
2022-02-14,7.4,3.7,12.4,8565,0.0,0.79,3.4
2022-02-15,6.3,4.0,9.5,3220,1.6,0.79,3.3
2022-02-16,7.0,4.5,11.2,3212,16.2,0.83,5.3
2022-02-17,6.5,3.7,12.1,3415,6.5,0.79,7.5
2022-02-18,5.6,2.6,9.7,4757,3.4,0.73,5.2
2022-02-19,4.8,1.5,7.6,3832,1.8,0.66,6.2
2022-02-20,4.8,2.3,8.3,3466,10.8,0.71,5.4
2022-02-21,5.0,2.4,9.5,4047,3.2,0.72,6.4
2022-02-22,5.2,3.4,7.5,4641,2.0,0.75,4.6
2022-02-23,5.4,1.4,9.6,7509,0.0,0.67,3.5
2022-02-24,5.3,1.6,9.2,4267,0.5,0.68,3.9
2022-02-25,3.8,2.5,6.1,5036,1.1,0.7,4.2
2022-02-26,3.6,-2.3,8.3,6446,0.0,0.52,2.0
2022-02-27,-0.2,-3.0,4.7,6072,0.0,0.48,2.4
2022-02-28,0.3,-2.0,6.3,9519,0.0,0.53,2.2
2022-03-01,1.0,-3.1,7.1,11830,0.0,0.49,2.0
2022-03-02,1.0,-3.2,8.8,10438,0.0,0.5,1.3
2022-03-03,-0.2,-3.2,8.3,4230,0.0,0.5,1.7
2022-03-04,1.0,-3.2,5.6,5637,0.0,0.48,1.9
2022-03-05,0.4,-4.1,6.2,9432,0.0,0.45,1.9
2022-03-06,0.8,-2.2,3.8,4453,0.0,0.51,2.0
2022-03-07,2.2,-3.7,5.7,10893,0.0,0.47,2.0
2022-03-08,2.3,-4.7,8.9,13293,0.0,0.46,1.9
2022-03-09,3.2,-4.7,10.9,13457,0.0,0.47,1.5
2022-03-10,3.2,-1.9,14.0,13178,0.0,0.58,2.6
2022-03-11,2.5,-2.1,11.0,13965,0.0,0.54,4.0
2022-03-12,4.4,-1.6,12.8,14312,0.0,0.58,3.0
2022-03-13,6.1,-1.4,14.6,14571,0.0,0.6,2.7
2022-03-14,7.1,0.7,10.9,12621,0.0,0.65,2.3
2022-03-15,8.3,2.6,9.5,8866,0.0,0.72,1.5
2022-03-16,5.1,1.8,12.8,9729,0.0,0.71,2.3
2022-03-17,6.7,2.9,9.5,5306,0.0,0.74,2.5
2022-03-18,7.2,0.3,12.6,15698,0.0,0.65,2.5
2022-03-19,5.1,-1.9,10.4,13844,0.0,0.55,3.5
2022-03-20,6.6,0.9,11.7,16036,0.0,0.66,3.7
2022-03-21,6.2,-0.3,15.3,16302,0.0,0.64,2.2
2022-03-22,6.1,-3.0,17.2,16865,0.0,0.56,1.6
2022-03-23,7.4,-2.2,16.1,16937,0.0,0.58,1.3
2022-03-24,6.0,-3.8,16.2,17206,0.0,0.53,1.2
2022-03-25,7.9,-1.7,15.2,17072,0.0,0.59,1.7
2022-03-26,6.6,0.0,15.5,8677,0.0,0.65,2.4
2022-03-27,6.7,-1.7,12.4,15349,0.0,0.56,1.6
2022-03-28,7.4,1.4,11.5,15394,0.0,0.68,2.2
2022-03-29,6.6,0.5,10.6,15542,0.0,0.64,2.2
2022-03-30,4.3,0.3,5.5,8343,0.0,0.6,1.9
2022-03-31,3.1,-1.4,4.1,16255,0.0,0.53,3.3
2022-04-01,2.5,-2.3,3.0,13956,0.0,0.5,3.9
2022-04-02,1.4,-3.5,6.1,8089,0.1,0.47,3.3
2022-04-03,2.5,-4.9,7.7,13244,0.3,0.44,2.4
2022-04-04,3.4,0.5,8.1,7725,8.6,0.63,5.0
2022-04-05,5.7,4.7,10.7,10430,5.0,0.83,4.0
2022-04-06,9.1,7.2,9.9,6907,0.3,0.98,4.2
2022-04-07,9.1,1.5,11.0,9637,8.3,0.68,5.9
2022-04-08,5.7,0.5,8.8,12619,0.7,0.63,4.2
2022-04-09,4.2,0.5,8.8,14181,2.4,0.63,4.0
2022-04-10,4.2,-0.2,9.6,12500,1.7,0.6,3.2
2022-04-11,5.8,-2.0,13.4,16560,0.0,0.57,2.0
2022-04-12,8.9,5.1,21.0,21228,0.0,0.94,2.5
2022-04-13,12.9,9.6,19.6,17038,0.0,1.2,1.9
2022-04-14,11.5,4.8,17.9,8098,3.2,0.89,2.1
2022-04-15,6.8,2.3,9.9,7600,0.4,0.71,2.6
2022-04-16,5.9,1.8,13.5,23081,0.0,0.71,2.7
2022-04-17,6.8,0.6,16.9,22761,0.0,0.69,2.0
2022-04-18,7.9,4.2,18.7,22668,0.0,0.86,1.7
2022-04-19,8.4,1.0,16.5,21749,0.0,0.7,2.4
2022-04-20,9.4,1.6,16.0,14216,0.0,0.73,2.4
2022-04-21,9.6,2.1,16.2,8038,0.0,0.74,2.5
2022-04-22,9.1,4.8,16.9,12388,0.0,0.88,3.3
2022-04-23,10.4,6.8,17.5,23336,0.0,1.0,3.4
2022-04-24,9.1,4.3,16.0,16874,0.0,0.85,3.3
2022-04-25,8.4,4.6,10.8,15892,0.0,0.83,2.2
2022-04-26,9.2,0.9,13.9,21538,0.0,0.67,1.8
2022-04-27,9.9,-0.7,14.2,19471,0.0,0.62,1.7
2022-04-28,10.0,-0.9,14.5,20910,0.0,0.61,1.8
2022-04-29,11.0,0.6,13.7,22235,0.0,0.66,1.7
2022-04-30,11.8,1.4,12.8,17818,0.0,0.69,2.0
2022-05-01,10.4,5.3,13.8,9078,0.1,0.89,1.6
2022-05-02,11.2,3.1,18.7,21074,0.0,0.82,1.6
2022-05-03,11.0,0.3,15.4,21540,0.0,0.66,1.9
2022-05-04,12.6,4.4,16.5,18667,2.3,0.85,1.5
2022-05-05,12.4,2.9,19.2,17637,0.0,0.8,1.6
2022-05-06,12.5,3.6,21.7,20453,0.0,0.86,1.5
2022-05-07,15.1,7.2,21.9,17422,0.8,1.07,1.7
2022-05-08,13.1,3.3,18.4,26369,0.0,0.82,2.1
2022-05-09,13.4,1.2,24.1,26338,0.0,0.79,1.7
2022-05-10,17.8,12.2,25.1,22666,1.2,1.45,2.1
2022-05-11,19.0,11.7,23.9,17340,3.0,1.41,2.9
2022-05-12,14.6,7.8,20.3,18543,0.0,1.08,3.2
2022-05-13,12.2,8.0,18.9,12174,0.0,1.09,2.8
2022-05-14,13.4,6.8,22.0,14506,0.0,1.05,2.3
2022-05-15,14.0,3.9,24.4,27993,0.0,0.93,1.6
2022-05-16,17.0,12.0,26.6,25407,0.0,1.47,2.2
2022-05-17,17.0,11.9,22.8,12642,0.0,1.4,1.8
2022-05-18,17.8,14.1,29.9,27586,0.0,1.69,2.1
2022-05-19,21.1,11.5,27.9,24852,0.0,1.46,2.2
2022-05-20,19.1,10.0,22.0,21087,2.6,1.26,2.4
2022-05-21,14.4,6.4,19.2,17948,2.3,0.99,3.7
2022-05-22,13.6,5.6,20.8,19663,0.0,0.96,1.6
2022-05-23,17.2,11.5,26.2,26505,0.4,1.43,2.9
2022-05-24,16.1,7.9,16.9,15787,0.2,1.06,2.9
2022-05-25,14.5,7.3,19.4,22765,0.1,1.05,2.4
2022-05-26,16.0,12.3,19.9,14587,1.5,1.41,3.6
2022-05-27,13.4,8.5,17.2,20158,2.5,1.11,4.1
2022-05-28,11.4,7.1,15.3,11830,0.0,1.0,3.7
2022-05-29,11.7,6.8,12.7,12894,0.4,0.96,2.2
2022-05-30,10.7,6.0,14.4,13830,0.1,0.93,1.6
2022-05-31,13.6,6.2,18.5,19670,0.2,0.97,1.6
2022-06-01,13.0,8.9,18.3,18413,4.8,1.14,2.1
2022-06-02,12.5,7.1,22.4,19608,0.0,1.06,2.1
2022-06-03,16.0,8.0,25.9,28820,0.0,1.17,1.8
2022-06-04,17.6,10.8,25.6,26784,0.0,1.35,1.9
2022-06-05,19.1,12.0,26.5,27720,2.9,1.46,2.4
2022-06-06,19.0,12.6,22.6,16482,1.2,1.47,2.7
2022-06-07,18.0,11.4,22.0,22205,0.0,1.36,2.4
2022-06-08,19.0,12.4,24.3,20931,0.2,1.46,1.9
2022-06-09,18.1,10.7,23.7,12914,0.1,1.33,2.4
2022-06-10,18.5,10.6,25.4,29399,0.0,1.33,1.8
2022-06-11,20.3,12.6,26.7,17744,0.0,1.51,1.8
2022-06-12,19.5,11.0,25.3,21780,0.0,1.36,2.0
2022-06-13,14.2,9.6,21.4,21014,2.4,1.22,2.7
2022-06-14,13.4,8.2,23.0,16873,0.0,1.15,1.8
2022-06-15,16.3,7.9,27.3,24280,0.0,1.2,1.5
2022-06-16,17.0,9.1,26.3,22471,0.0,1.26,2.2
2022-06-17,18.8,10.7,31.0,23255,0.0,1.44,1.6
2022-06-18,24.3,16.0,31.2,27283,0.0,1.91,2.2
2022-06-19,21.0,12.4,21.1,24300,1.3,1.42,2.7
2022-06-20,14.2,8.7,22.7,14435,5.1,1.17,2.5
2022-06-21,17.4,7.3,25.2,26245,0.0,1.12,2.0
2022-06-22,19.5,8.6,28.9,30654,0.0,1.25,1.6
2022-06-23,21.9,9.7,34.9,30648,0.0,1.46,1.8
2022-06-24,24.8,18.3,26.8,26747,1.2,2.08,2.3
2022-06-25,23.3,16.7,30.6,17529,3.0,1.95,1.6
2022-06-26,25.4,16.7,26.5,28412,0.0,1.9,1.8
2022-06-27,22.2,13.8,27.1,25675,6.5,1.63,2.2
2022-06-28,20.6,12.5,27.3,19569,0.0,1.52,1.9
2022-06-29,20.0,11.7,29.2,21627,0.0,1.49,1.9
2022-06-30,21.8,14.8,32.3,19537,0.0,1.79,1.9
2022-07-01,18.4,12.5,23.7,16283,5.0,1.47,2.5
2022-07-02,19.5,10.9,27.3,29202,0.0,1.38,1.9
2022-07-03,22.9,12.5,27.2,28270,3.3,1.52,2.0
2022-07-04,19.0,10.5,25.1,25915,0.0,1.34,2.2
2022-07-05,18.9,8.4,23.4,26790,0.0,1.15,2.2
2022-07-06,15.9,10.4,23.0,15269,4.9,1.3,2.5
2022-07-07,15.1,13.4,19.9,11501,7.1,1.51,3.1
2022-07-08,16.4,12.2,24.8,13409,0.0,1.46,2.8
2022-07-09,16.1,12.5,24.0,15571,5.9,1.46,2.7
2022-07-10,15.5,11.6,19.5,15283,0.0,1.34,3.1
2022-07-11,16.7,11.0,22.4,25669,0.0,1.33,2.0
2022-07-12,19.0,8.3,29.1,28324,0.0,1.23,1.7
2022-07-13,22.0,12.0,31.6,14923,0.0,1.54,2.3
2022-07-14,17.5,8.4,23.7,24122,0.0,1.17,2.6
2022-07-15,15.3,9.5,22.7,17410,3.0,1.22,2.5
2022-07-16,16.2,8.5,23.5,20439,0.2,1.16,2.9
2022-07-17,16.1,6.4,26.9,24611,0.0,1.08,1.8
2022-07-18,19.9,12.0,33.8,19192,0.0,1.6,1.4
2022-07-19,25.2,16.7,39.6,28325,0.0,2.19,1.7
2022-07-20,29.2,18.7,33.7,27115,0.0,2.25,2.3
2022-07-21,23.4,15.3,24.7,19036,1.3,1.72,2.4
2022-07-22,18.8,12.3,20.8,13009,0.1,1.42,2.0
2022-07-23,17.3,10.3,24.1,19684,0.0,1.3,2.1
2022-07-24,19.5,14.6,31.0,28488,0.0,1.75,1.6
2022-07-25,24.6,18.4,29.7,22090,5.8,2.14,2.7
2022-07-26,18.3,11.6,21.5,18487,2.4,1.38,2.9
2022-07-27,15.0,7.8,21.6,13761,0.0,1.11,2.4
2022-07-28,16.1,6.2,23.9,27287,0.0,1.04,1.9
2022-07-29,20.5,12.5,23.3,21428,0.0,1.47,2.1
2022-07-30,21.1,10.2,27.7,20476,0.0,1.34,1.9
2022-07-31,20.8,16.5,24.0,20150,0.1,1.85,1.8
2022-08-01,19.3,12.1,24.3,13336,0.1,1.45,2.3
2022-08-02,19.3,10.1,27.2,23728,0.0,1.33,1.5
2022-08-03,26.1,17.0,34.1,25750,0.0,2.08,1.6
2022-08-04,27.9,17.1,37.5,26025,1.1,2.14,1.8
2022-08-05,20.4,14.0,25.3,12331,2.9,1.62,2.4
2022-08-06,16.0,9.8,22.7,20523,0.0,1.25,2.3
2022-08-07,16.8,7.6,24.8,21538,0.0,1.13,1.8
2022-08-08,18.8,9.3,26.2,21566,0.0,1.26,1.7
2022-08-09,20.4,13.4,27.2,21712,0.0,1.59,1.9
2022-08-10,20.1,10.0,28.3,25146,0.0,1.34,2.0
2022-08-11,21.9,12.0,30.7,25883,0.0,1.54,2.0
2022-08-12,23.2,12.4,31.3,24069,0.0,1.59,2.2
2022-08-13,23.5,14.9,30.6,12002,0.0,1.8,1.8
2022-08-14,25.3,18.1,32.7,23235,0.0,2.14,2.0
2022-08-15,23.4,18.6,30.7,17961,20.9,2.16,2.1
2022-08-16,22.8,16.8,29.9,23594,0.0,1.96,1.6
2022-08-17,24.5,16.2,31.2,18709,0.0,1.92,1.5
2022-08-18,25.2,20.0,32.8,15991,6.8,2.38,1.9
2022-08-19,20.4,19.2,22.2,8685,7.7,2.16,2.0
2022-08-20,20.0,16.8,22.7,8025,0.3,1.87,1.9
2022-08-21,18.5,13.6,24.0,16507,0.0,1.57,1.6
2022-08-22,18.8,11.4,24.8,15233,0.0,1.39,1.6
2022-08-23,20.2,15.6,25.6,18149,0.0,1.77,1.8
2022-08-24,20.5,14.1,27.5,15370,0.0,1.66,1.8
2022-08-25,21.4,17.3,27.9,12845,0.0,1.98,2.0
2022-08-26,20.6,18.4,27.6,13549,30.0,2.09,1.9
2022-08-27,19.4,17.3,21.9,8542,8.7,1.91,2.2
2022-08-28,16.9,12.3,21.9,13455,0.0,1.42,2.4
2022-08-29,16.6,11.7,22.0,11656,1.0,1.39,1.8
2022-08-30,16.8,10.8,21.0,11108,1.1,1.3,1.9
2022-08-31,15.7,9.5,21.8,17155,0.0,1.22,2.0
2022-09-01,15.1,9.3,20.7,15691,0.0,1.19,2.0
2022-09-02,15.6,10.0,22.0,17444,0.0,1.26,2.4
2022-09-03,16.3,10.9,21.6,15111,0.0,1.32,2.5
2022-09-04,17.7,12.2,23.4,18917,0.0,1.44,1.9
2022-09-05,17.7,12.3,23.8,18441,0.0,1.45,2.3
2022-09-06,17.7,12.3,22.6,13329,0.0,1.44,2.4
2022-09-07,17.2,13.7,24.0,12995,3.5,1.57,1.9
2022-09-08,14.9,13.7,16.4,6592,20.5,1.51,2.3
2022-09-09,17.3,12.3,23.1,15719,0.2,1.45,2.2
2022-09-10,15.7,10.2,21.3,15894,1.0,1.27,2.0
2022-09-11,15.6,10.2,20.8,9695,0.2,1.26,1.7
2022-09-12,14.1,8.2,20.8,14777,0.3,1.12,1.4
2022-09-13,15.0,10.4,20.9,8769,0.9,1.27,2.1
2022-09-14,14.0,9.0,18.3,9897,0.0,1.14,1.9
2022-09-15,13.1,9.2,18.5,9587,1.4,1.15,2.8
2022-09-16,12.1,9.5,16.6,12200,2.6,1.17,3.4
2022-09-17,12.3,8.5,16.2,10773,8.3,1.09,3.8
2022-09-18,10.3,4.8,14.5,10854,1.9,0.87,3.8
2022-09-19,10.5,5.3,16.6,8767,5.9,0.9,3.0
2022-09-20,9.7,5.4,16.0,10225,7.2,0.91,1.9
2022-09-21,9.9,3.7,16.7,14270,0.0,0.82,1.3
2022-09-22,9.5,2.6,17.7,12198,0.0,0.79,1.3
2022-09-23,10.1,2.6,17.5,14157,0.0,0.78,1.4
2022-09-24,11.5,9.4,14.9,5416,3.1,1.15,1.3
2022-09-25,13.2,8.4,18.8,8236,0.0,1.11,1.5
2022-09-26,11.8,6.4,17.2,10449,0.3,0.96,3.0
2022-09-27,11.2,8.0,13.8,5638,3.1,1.05,2.9
2022-09-28,9.2,5.2,13.3,5282,1.0,0.88,1.9
2022-09-29,8.5,4.4,15.2,7908,0.0,0.85,1.4
2022-09-30,9.0,2.7,17.1,13431,0.0,0.78,1.6
2022-10-01,9.8,3.7,12.9,5044,5.3,0.8,3.5
2022-10-02,12.1,9.9,16.7,9083,2.9,1.2,3.0
2022-10-03,12.7,9.2,16.6,6622,0.3,1.14,2.4
2022-10-04,12.7,8.6,17.2,5668,0.0,1.11,1.9
2022-10-05,13.2,8.0,19.2,9153,0.2,1.09,2.9
2022-10-06,13.2,5.2,17.1,11219,0.0,0.91,2.9
2022-10-07,9.7,3.3,17.9,13074,0.0,0.82,2.0
2022-10-08,9.3,4.1,16.3,8211,1.4,0.84,2.4
2022-10-09,9.2,3.0,16.6,11196,0.0,0.79,2.0
2022-10-10,10.7,5.0,16.8,9677,0.0,0.89,2.2
2022-10-11,10.4,5.9,15.5,11381,0.0,0.93,1.7
2022-10-12,10.2,4.3,16.3,5468,0.0,0.85,1.3
2022-10-13,9.4,3.5,15.5,6084,0.0,0.8,1.6
2022-10-14,12.0,7.7,17.2,6917,0.9,1.05,1.8
2022-10-15,14.4,12.5,18.2,7577,0.0,1.42,2.5
2022-10-16,14.5,10.1,20.3,7994,0.1,1.25,2.2
2022-10-17,17.0,10.4,23.4,10114,1.7,1.3,2.0
2022-10-18,14.1,7.2,17.1,4740,1.0,1.02,1.8
2022-10-19,9.8,3.4,14.4,8012,0.1,0.79,1.8
2022-10-20,7.8,2.5,13.6,10557,0.8,0.74,2.6
2022-10-21,11.2,7.2,15.1,5074,0.6,1.0,2.0
2022-10-22,13.9,9.8,18.7,4569,0.0,1.21,1.9
2022-10-23,13.7,8.1,18.1,6645,1.5,1.09,2.0
2022-10-24,14.6,11.1,19.1,4622,0.7,1.31,3.1
2022-10-25,11.7,7.2,15.6,5018,1.6,1.0,2.4
2022-10-26,10.6,5.1,17.5,8082,0.0,0.91,1.8
2022-10-27,12.5,7.6,18.7,7764,0.0,1.06,1.8
2022-10-28,15.1,10.4,21.9,6211,0.3,1.28,2.1
2022-10-29,14.9,11.3,18.2,4502,0.0,1.32,1.5
2022-10-30,13.3,8.4,20.0,7420,0.0,1.12,1.4
2022-10-31,11.6,6.7,15.4,5359,0.1,0.97,1.4
2022-11-01,12.2,5.3,16.2,4838,0.1,0.9,2.7
2022-11-02,8.3,2.1,14.7,5557,0.0,0.74,3.0
2022-11-03,7.3,1.6,11.9,4440,0.1,0.7,2.6
2022-11-04,8.5,6.8,10.5,2752,1.8,0.96,2.2
2022-11-05,6.5,2.9,11.8,2583,0.0,0.75,2.1
2022-11-06,6.8,3.6,10.9,6208,0.0,0.78,2.9
2022-11-07,10.2,6.8,13.8,3350,0.0,0.98,3.2
2022-11-08,11.5,7.7,15.3,3292,0.0,1.03,2.7
2022-11-09,11.4,8.1,15.6,2955,2.1,1.07,2.9
2022-11-10,10.5,7.7,12.7,5123,0.0,1.02,2.7
2022-11-11,8.8,3.4,11.7,5593,0.0,0.78,2.3
2022-11-12,6.8,2.4,12.0,4320,0.0,0.72,1.3
2022-11-13,8.8,6.8,10.5,6500,0.0,0.96,1.9
2022-11-14,6.5,3.9,9.6,2921,0.0,0.79,2.5
2022-11-15,5.5,2.6,10.4,3447,0.0,0.73,2.1
2022-11-16,5.6,3.5,6.8,2517,0.0,0.75,2.9
2022-11-17,3.1,1.5,4.0,2373,0.0,0.66,4.0
2022-11-18,-1.0,-6.4,2.4,2082,0.0,0.38,3.0
2022-11-19,-1.1,-7.3,3.0,1947,2.0,0.36,2.0
2022-11-20,0.3,-0.6,0.8,2013,1.3,0.56,2.1
2022-11-21,-1.2,-2.4,0.6,3393,0.0,0.49,2.4
2022-11-22,-0.5,-2.3,1.3,2333,0.0,0.5,2.7
2022-11-23,2.5,1.3,4.8,4588,0.0,0.65,2.4
2022-11-24,2.6,1.5,4.1,2171,0.1,0.65,2.2
2022-11-25,4.1,3.1,5.3,2186,4.8,0.74,1.8
2022-11-26,6.8,5.1,7.7,1878,0.6,0.85,1.7
2022-11-27,5.6,3.7,7.7,4233,0.0,0.77,2.2
2022-11-28,3.7,3.0,5.0,1690,0.0,0.73,2.4
2022-11-29,3.3,2.7,4.1,1667,0.0,0.71,1.7
2022-11-30,2.7,0.8,4.2,1644,0.0,0.63,1.8
2022-12-01,0.4,-0.3,1.0,1624,0.0,0.57,1.9
2022-12-02,0.8,-1.0,2.0,1604,0.0,0.55,2.4
2022-12-03,-1.2,-1.6,-0.8,1585,0.1,0.52,2.5
2022-12-04,0.5,-0.9,1.5,1567,0.9,0.55,2.5
2022-12-05,2.1,1.3,2.6,1550,3.9,0.65,1.9
2022-12-06,2.2,0.8,3.1,1535,1.5,0.62,1.8
2022-12-07,1.2,-3.2,3.5,1817,1.0,0.48,2.5
2022-12-08,0.4,-2.6,1.9,1507,2.0,0.49,1.8
2022-12-09,-1.7,-3.1,-0.9,1494,0.0,0.47,1.5
2022-12-10,-3.1,-6.6,-1.4,1525,0.1,0.36,1.5
2022-12-11,-2.2,-3.6,0.0,1638,1.8,0.45,1.5
2022-12-12,-1.7,-4.3,0.2,1835,0.0,0.43,1.5
2022-12-13,-3.8,-9.4,-1.3,1455,0.0,0.3,1.8
2022-12-14,-8.7,-14.0,-4.2,4358,0.0,0.21,1.7
2022-12-15,-8.7,-14.8,-4.2,3567,0.0,0.2,1.7
2022-12-16,-4.2,-9.7,-1.9,1437,0.0,0.29,1.4
2022-12-17,-4.6,-6.7,-2.0,1433,0.0,0.36,1.5
2022-12-18,-5.7,-6.9,-4.7,1430,0.0,0.35,2.4
2022-12-19,-0.6,-5.1,3.7,1428,2.3,0.42,3.1
2022-12-20,5.3,2.8,7.4,1427,4.8,0.73,2.8
2022-12-21,6.3,5.1,7.6,1427,2.4,0.85,2.4
2022-12-22,6.4,4.2,8.0,1428,1.9,0.8,3.0
2022-12-23,5.0,4.0,6.8,1431,3.7,0.78,2.5
2022-12-24,4.1,2.4,6.6,1434,3.9,0.71,2.7
2022-12-25,4.7,2.0,8.6,1438,4.6,0.69,2.1
2022-12-26,8.2,3.4,10.0,1607,0.5,0.76,3.5
2022-12-27,3.0,0.0,5.3,2189,0.0,0.59,3.3
2022-12-28,5.6,1.9,8.4,1581,2.1,0.69,3.9
2022-12-29,8.4,6.1,11.1,1797,2.4,0.92,4.4
2022-12-30,7.1,4.5,8.4,3635,2.4,0.82,3.8
2022-12-31,11.9,8.1,14.6,1486,9.3,1.06,4.4
2023-01-01,12.6,8.7,14.9,1498,0.8,1.1,3.6
2023-01-02,11.1,8.2,14.7,1511,0.0,1.06,3.1
2023-01-03,3.7,-0.6,8.5,4240,0.0,0.58,2.3
2023-01-04,6.9,3.1,10.6,1539,16.9,0.76,4.9
2023-01-05,6.7,-0.7,9.9,2286,0.1,0.59,4.3
2023-01-06,4.8,-1.1,9.4,1572,2.0,0.57,2.9
2023-01-07,6.9,2.3,9.8,1678,0.0,0.72,2.5
2023-01-08,6.9,4.7,8.7,1610,3.0,0.82,2.7
2023-01-09,5.2,2.8,7.4,1896,3.3,0.73,3.1
2023-01-10,5.5,4.1,7.2,1920,0.1,0.79,3.2
2023-01-11,6.2,4.4,8.3,1674,10.5,0.81,3.7
2023-01-12,7.6,4.9,9.3,1697,4.9,0.84,4.9
2023-01-13,8.3,6.2,9.8,2596,0.7,0.92,4.9
2023-01-14,6.8,5.9,8.6,1748,12.2,0.89,4.3
2023-01-15,6.3,4.2,9.2,2009,0.1,0.81,5.0
2023-01-16,4.6,2.4,6.7,4364,0.0,0.7,3.8
2023-01-17,2.2,-3.3,4.4,2023,0.2,0.47,3.1
2023-01-18,-2.4,-5.1,0.9,2201,0.0,0.41,2.1
2023-01-19,-1.0,-5.3,1.5,4637,0.0,0.4,2.8
2023-01-20,0.1,-0.7,1.0,1925,0.0,0.56,1.6
2023-01-21,1.6,-0.3,3.5,1959,8.8,0.57,2.7
2023-01-22,1.7,0.7,2.2,1993,1.5,0.62,2.4
2023-01-23,1.2,0.2,1.7,2029,0.0,0.6,2.2
2023-01-24,0.0,-1.1,0.8,2066,0.0,0.54,2.0
2023-01-25,-0.3,-1.3,0.6,2104,0.1,0.53,1.8
2023-01-26,-0.6,-1.6,0.6,2143,0.5,0.52,1.6
2023-01-27,2.0,-0.5,4.3,2183,0.1,0.57,2.3
2023-01-28,0.4,-2.1,1.9,2279,0.1,0.51,1.9
2023-01-29,1.4,-1.2,2.9,2267,0.6,0.54,2.9
2023-01-30,4.1,1.8,6.1,2702,3.2,0.67,5.2
2023-01-31,3.9,1.3,6.0,2355,4.6,0.65,4.7
2023-02-01,3.6,2.3,5.3,2516,8.2,0.69,5.5
2023-02-02,2.8,-1.9,5.7,4770,3.3,0.52,4.1
2023-02-03,4.9,1.1,8.3,3084,3.6,0.65,5.6
2023-02-04,0.4,-5.3,3.1,5701,0.0,0.41,2.1
2023-02-05,-2.8,-6.4,1.1,4223,0.3,0.37,1.7
2023-02-06,-0.8,-5.1,3.2,2646,0.0,0.42,1.7
2023-02-07,-3.2,-7.3,2.7,7523,0.0,0.36,1.6
2023-02-08,-2.8,-7.3,2.1,8265,0.0,0.36,2.1
2023-02-09,-1.4,-5.6,2.4,7184,0.0,0.4,2.3
2023-02-10,2.6,0.1,6.1,3696,0.0,0.6,2.6
2023-02-11,6.0,3.5,7.8,2917,0.5,0.76,3.1
2023-02-12,6.7,4.6,9.7,3501,1.4,0.82,1.7
2023-02-13,5.5,4.5,6.5,3032,0.0,0.81,1.6
2023-02-14,3.6,-1.9,5.8,3091,0.0,0.52,1.4
2023-02-15,0.0,-2.4,3.2,3904,0.0,0.5,1.6
2023-02-16,3.5,-2.5,9.4,7300,0.9,0.52,2.3
2023-02-17,8.2,6.0,11.1,3274,5.6,0.91,5.0
2023-02-18,4.7,0.4,7.0,3337,9.4,0.62,4.5
2023-02-19,2.6,-1.2,6.9,7066,0.2,0.55,3.3
2023-02-20,6.3,0.5,9.0,3466,3.4,0.63,4.6
2023-02-21,6.7,0.8,9.6,6696,0.0,0.64,2.8
2023-02-22,4.6,-1.0,8.9,3598,0.0,0.57,1.6
2023-02-23,5.2,1.4,9.1,4117,2.0,0.67,1.8
2023-02-24,2.7,1.6,4.4,3733,4.1,0.66,3.3
2023-02-25,1.1,-0.1,2.9,4188,1.1,0.58,3.9
2023-02-26,0.3,-4.6,3.3,7772,0.0,0.43,3.1
2023-02-27,-0.8,-5.1,5.2,4968,0.0,0.42,2.4
2023-02-28,-1.0,-6.5,6.8,12391,0.0,0.4,2.0
2023-03-01,0.6,-5.5,8.8,12072,0.0,0.43,2.0
2023-03-02,-0.7,-2.5,0.3,4157,0.0,0.49,1.9
2023-03-03,1.2,-0.9,3.9,4395,0.0,0.55,2.0
2023-03-04,4.0,0.4,6.2,4554,0.0,0.62,3.1
2023-03-05,1.5,0.0,3.5,5136,3.4,0.59,2.5
2023-03-06,0.2,-1.8,3.7,7943,2.7,0.52,2.3
2023-03-07,1.1,-1.4,4.7,5646,1.4,0.54,4.1
2023-03-08,0.9,-1.3,3.4,4691,0.0,0.54,2.4
2023-03-09,0.5,-0.4,1.2,4680,7.2,0.57,2.9
2023-03-10,0.7,0.6,1.3,4757,9.0,0.62,4.2
2023-03-11,0.8,-0.1,1.9,10384,0.2,0.58,3.3
2023-03-12,1.6,-4.0,4.8,7895,1.4,0.45,2.6
2023-03-13,10.0,4.2,16.0,7180,3.1,0.85,4.4
2023-03-14,7.6,0.4,14.3,7371,6.9,0.66,4.5
2023-03-15,1.7,-1.9,6.8,8587,0.5,0.53,2.8
2023-03-16,3.6,-3.7,9.5,14982,0.0,0.49,2.7
2023-03-17,7.9,3.7,13.4,8429,0.0,0.79,2.7
2023-03-18,10.6,5.3,18.5,11592,0.7,0.92,1.9
2023-03-19,9.8,4.3,16.7,10184,5.2,0.86,1.7
2023-03-20,7.9,4.5,10.9,5739,0.1,0.83,2.4
2023-03-21,8.4,5.3,10.7,5625,1.9,0.87,2.0
2023-03-22,11.2,7.7,16.4,7582,4.7,1.05,3.2
2023-03-23,10.6,8.0,15.5,7180,3.5,1.06,3.5
2023-03-24,11.3,6.0,15.4,9580,1.3,0.94,3.9
2023-03-25,8.4,6.2,12.9,9891,5.7,0.93,4.5
2023-03-26,6.7,0.4,10.3,9595,0.0,0.63,3.2
2023-03-27,2.7,-1.4,6.8,13193,2.3,0.55,3.7
2023-03-28,2.1,-2.2,7.3,15084,0.0,0.52,2.7
2023-03-29,5.6,-0.8,10.0,8561,0.1,0.59,2.5
2023-03-30,10.3,6.8,17.5,8448,2.7,1.0,3.5
2023-03-31,10.2,7.7,14.6,8120,11.0,1.03,3.2
2023-04-01,5.6,2.7,8.7,6510,2.4,0.73,4.2
2023-04-02,3.8,-0.4,7.3,12265,0.0,0.59,3.5
2023-04-03,1.6,-3.0,5.0,9687,0.0,0.48,2.8
2023-04-04,1.5,-4.4,7.0,16945,0.0,0.45,1.9
2023-04-05,2.9,-3.5,7.7,8793,0.0,0.48,1.3
2023-04-06,5.1,-2.6,11.4,19096,0.0,0.53,1.9
2023-04-07,3.1,-1.8,5.3,6986,0.9,0.53,2.2
2023-04-08,6.2,4.1,8.9,11064,0.0,0.79,2.0
2023-04-09,6.5,1.5,11.5,12170,0.0,0.68,1.7
2023-04-10,9.5,-0.3,17.1,19354,2.8,0.66,2.8
2023-04-11,8.1,1.0,12.0,11137,4.0,0.67,3.4
2023-04-12,7.6,-0.8,13.7,15890,3.0,0.61,3.0
2023-04-13,8.6,4.1,14.2,12129,0.0,0.83,2.8
2023-04-14,7.1,4.3,8.7,7525,10.7,0.8,1.9
2023-04-15,9.4,7.4,11.6,9675,1.5,0.99,2.6
2023-04-16,8.8,6.6,11.5,7674,1.1,0.94,2.2
2023-04-17,7.2,4.6,11.0,12636,0.6,0.83,2.5
2023-04-18,8.2,3.7,14.5,9926,0.0,0.81,3.2
2023-04-19,6.8,3.2,11.9,18109,4.5,0.77,3.4
2023-04-20,9.8,5.0,17.1,11858,0.6,0.89,3.0
2023-04-21,14.0,7.9,20.0,23668,0.0,1.09,3.0
2023-04-22,15.2,7.4,22.1,23564,0.5,1.09,2.5
2023-04-23,12.9,8.3,17.3,12475,6.8,1.09,2.3
2023-04-24,11.9,7.9,17.0,14957,1.8,1.07,3.6
2023-04-25,7.5,3.1,9.9,10361,0.0,0.74,3.2
2023-04-26,5.5,0.8,10.7,16107,0.2,0.65,2.5
2023-04-27,5.6,-1.4,11.2,16807,0.0,0.57,1.7
2023-04-28,9.3,-0.9,15.8,19088,2.5,0.63,2.2
2023-04-29,10.9,4.4,16.1,11752,0.0,0.85,2.6
2023-04-30,7.9,1.7,13.9,25766,0.0,0.71,2.1
2023-05-01,11.1,2.0,19.1,22570,0.0,0.77,1.8
2023-05-02,9.2,4.9,12.2,14431,0.0,0.86,2.6
2023-05-03,8.6,0.7,14.9,24994,0.0,0.68,1.8
2023-05-04,11.0,1.0,18.6,22996,0.0,0.73,2.1
2023-05-05,13.2,8.9,17.2,21109,2.4,1.13,2.8
2023-05-06,7.9,6.6,10.9,9014,2.6,0.95,2.2
2023-05-07,11.7,6.4,16.9,23156,0.0,0.97,2.7
2023-05-08,11.9,4.9,18.3,26619,0.0,0.91,2.5
2023-05-09,13.7,7.1,19.1,26714,0.0,1.03,2.8
2023-05-10,15.3,9.3,22.7,25426,0.0,1.22,2.3
2023-05-11,16.4,7.2,22.9,21616,0.0,1.09,1.8
2023-05-12,17.4,11.4,22.9,26859,0.0,1.37,2.3
2023-05-13,16.8,8.3,22.9,21894,0.0,1.15,2.2
2023-05-14,15.5,8.5,22.5,13368,0.0,1.15,1.7
2023-05-15,14.3,8.3,22.0,16591,5.3,1.14,2.2
2023-05-16,11.3,5.0,16.3,14747,0.0,0.89,3.3
2023-05-17,9.1,2.0,14.4,26623,0.0,0.73,2.9
2023-05-18,10.1,0.0,16.9,21221,0.0,0.67,2.1
2023-05-19,13.6,7.1,19.8,18478,0.0,1.05,2.5
2023-05-20,13.4,7.3,18.8,17385,0.0,1.04,3.1
2023-05-21,20.5,12.6,27.8,21655,0.0,1.53,2.6
2023-05-22,20.6,14.0,26.8,26446,0.1,1.64,2.1
2023-05-23,14.3,9.8,19.6,11385,0.3,1.2,3.2
2023-05-24,12.5,7.4,17.7,18353,0.0,1.04,2.3
2023-05-25,12.8,4.5,19.3,24563,0.0,0.89,2.4
2023-05-26,11.9,3.0,17.8,28598,0.0,0.8,2.5
2023-05-27,13.6,2.8,21.3,29036,0.0,0.84,2.0
2023-05-28,16.6,5.7,24.8,26897,0.0,1.01,1.9
2023-05-29,14.4,5.8,20.7,24880,0.0,0.98,2.6
2023-05-30,14.7,3.8,22.1,29179,0.0,0.88,2.4
2023-05-31,16.5,4.5,24.8,28577,0.0,0.95,2.4
2023-06-01,14.4,8.6,21.1,23838,0.0,1.14,2.7
2023-06-02,12.8,3.5,17.9,24648,0.0,0.82,2.5
2023-06-03,12.6,1.7,20.3,30243,0.0,0.77,2.3
2023-06-04,15.6,3.7,23.5,30018,0.0,0.9,1.9
2023-06-05,18.1,6.9,25.6,30309,0.0,1.09,2.0
2023-06-06,20.1,10.5,27.6,21403,0.0,1.36,1.9
2023-06-07,21.1,12.6,27.7,24666,0.0,1.53,1.7
2023-06-08,21.7,13.7,28.8,24819,0.0,1.63,1.9
2023-06-09,19.5,12.0,28.2,28990,0.0,1.49,2.3
2023-06-10,20.1,12.8,29.0,23693,0.1,1.56,2.7
2023-06-11,20.3,12.6,28.3,27602,0.0,1.54,2.7
2023-06-12,20.2,13.2,27.2,28527,0.0,1.56,2.6
2023-06-13,18.0,11.3,23.3,26465,0.0,1.36,2.8
2023-06-14,18.1,9.6,24.6,21545,0.0,1.27,2.4
2023-06-15,17.6,11.0,24.4,13766,2.2,1.35,1.8
2023-06-16,15.1,13.0,21.0,12216,10.1,1.47,1.9
2023-06-17,16.4,11.4,22.2,16375,7.4,1.37,1.6
2023-06-18,19.4,11.2,26.8,27543,0.0,1.41,1.4
2023-06-19,20.4,13.8,28.4,17031,0.0,1.63,2.0
2023-06-20,20.9,14.9,25.7,17291,7.3,1.7,1.8
2023-06-21,22.2,15.8,27.9,20275,0.0,1.83,2.1
2023-06-22,21.7,13.7,28.1,24814,12.2,1.64,2.3
2023-06-23,16.9,13.3,18.9,10406,3.8,1.48,2.9
2023-06-24,18.6,11.1,25.3,27526,0.0,1.39,1.7
2023-06-25,21.4,16.5,26.9,18307,0.0,1.87,1.4
2023-06-26,21.1,14.8,31.1,22187,15.8,1.8,2.8
2023-06-27,16.2,12.5,21.2,22694,2.0,1.43,2.8
2023-06-28,17.2,12.0,23.0,22939,0.0,1.41,2.0
2023-06-29,18.8,10.7,24.8,18129,2.3,1.35,1.5
2023-06-30,17.1,12.8,19.7,12415,3.5,1.45,1.8
2023-07-01,17.9,13.4,23.4,17577,4.1,1.55,3.0
2023-07-02,17.7,12.6,22.4,21698,0.0,1.46,3.8
2023-07-03,17.0,11.3,22.0,16243,0.0,1.35,3.4
2023-07-04,16.7,10.0,22.2,20228,0.0,1.25,2.9
2023-07-05,17.4,9.9,24.1,16973,2.5,1.27,3.7
2023-07-06,16.7,10.5,21.9,22369,0.0,1.29,2.0
2023-07-07,19.6,9.0,27.9,29434,0.0,1.28,1.5
2023-07-08,22.1,13.2,29.9,30041,0.0,1.61,1.8
2023-07-09,23.3,12.3,30.9,27939,0.7,1.56,1.6
2023-07-10,21.6,13.5,29.7,20303,1.4,1.63,2.2
2023-07-11,22.5,12.1,30.0,27470,0.2,1.53,2.0
2023-07-12,21.8,13.8,27.1,21513,0.0,1.63,3.0
2023-07-13,17.7,12.0,25.8,22627,2.0,1.46,2.5
2023-07-14,19.2,10.4,25.9,23737,0.0,1.33,1.7
2023-07-15,25.1,16.4,33.6,22408,0.9,1.98,2.5
2023-07-16,22.3,14.5,29.2,21463,0.0,1.71,3.1
2023-07-17,19.6,12.0,26.9,21798,0.0,1.46,2.8
2023-07-18,18.2,10.4,24.7,22002,0.0,1.31,1.9
2023-07-19,17.6,12.9,23.4,11106,1.3,1.51,2.1
2023-07-20,16.6,10.6,22.6,16160,0.0,1.31,2.2
2023-07-21,14.9,7.8,22.6,12293,2.3,1.12,1.8
2023-07-22,17.0,12.2,22.6,19615,0.9,1.44,2.4
2023-07-23,19.1,14.2,25.7,11566,1.9,1.65,3.1
2023-07-24,19.1,14.7,27.1,17344,9.6,1.71,2.8
2023-07-25,16.8,10.2,21.4,17538,0.0,1.25,2.4
2023-07-26,14.4,8.9,20.4,22274,1.8,1.15,2.6
2023-07-27,15.6,8.7,20.7,15399,6.8,1.14,2.4
2023-07-28,19.2,16.3,23.2,12572,1.7,1.81,2.3
2023-07-29,19.0,14.3,23.2,15779,9.7,1.61,2.4
2023-07-30,18.4,13.1,24.1,19975,0.4,1.51,2.9
2023-07-31,17.1,13.6,20.3,9773,5.1,1.52,3.1
2023-08-01,17.1,14.5,21.1,13212,8.6,1.62,3.4
2023-08-02,17.7,14.6,23.0,14517,11.6,1.65,3.2
2023-08-03,18.3,15.8,23.5,13456,2.5,1.76,4.1
2023-08-04,18.1,12.0,23.0,16362,0.0,1.41,2.0
2023-08-05,16.8,11.4,21.2,17151,0.0,1.35,1.7
2023-08-06,15.5,13.3,17.9,8936,3.5,1.49,2.8
2023-08-07,15.8,13.2,20.1,11581,0.0,1.49,4.6
2023-08-08,14.2,9.5,19.3,11268,3.7,1.18,3.8
2023-08-09,14.1,7.8,20.6,18901,0.6,1.1,2.5
2023-08-10,14.3,7.5,20.7,19905,0.0,1.08,1.6
2023-08-11,17.5,8.7,24.8,20415,0.0,1.19,1.4
2023-08-12,20.4,15.4,26.0,11472,1.3,1.76,1.8
2023-08-13,20.1,13.0,25.8,20090,0.0,1.54,1.6
2023-08-14,23.0,14.1,30.4,21670,3.2,1.7,1.5
2023-08-15,24.1,18.7,30.4,20479,12.3,2.18,1.7
2023-08-16,22.1,18.0,26.6,17381,1.0,2.05,1.6
2023-08-17,19.7,15.8,24.5,14899,0.8,1.78,2.0
2023-08-18,23.4,18.0,30.3,20853,0.0,2.11,1.8
2023-08-19,24.8,18.2,31.7,21680,0.0,2.16,1.7
2023-08-20,23.2,17.0,27.8,17555,0.0,1.96,1.5
2023-08-21,20.4,13.6,26.1,18499,0.0,1.58,1.4
2023-08-22,19.3,13.3,25.8,12083,0.0,1.55,1.5
2023-08-23,18.9,11.9,25.5,20705,0.0,1.44,1.5
2023-08-24,21.3,15.3,28.1,16758,0.1,1.77,1.6
2023-08-25,22.1,16.5,29.6,15723,2.6,1.93,2.1
2023-08-26,18.7,11.0,24.3,13090,1.2,1.35,2.2
2023-08-27,15.8,9.8,20.5,8656,0.0,1.21,1.7
2023-08-28,15.2,9.1,20.5,11412,0.0,1.18,1.9
2023-08-29,15.3,12.3,17.8,7366,2.5,1.39,1.6
2023-08-30,15.5,11.5,20.0,7964,0.8,1.35,1.8
2023-08-31,13.5,10.0,18.7,12017,4.2,1.22,2.6
2023-09-01,13.9,8.3,19.6,16247,0.0,1.11,1.9
2023-09-02,15.1,6.7,22.3,19322,0.0,1.05,1.3
2023-09-03,15.6,10.8,21.1,11706,0.0,1.31,1.7
2023-09-04,17.7,10.3,26.8,20227,0.0,1.34,1.7
2023-09-05,20.1,11.6,28.9,20395,0.0,1.47,1.9
2023-09-06,21.0,11.9,30.3,20234,0.0,1.51,1.7
2023-09-07,21.4,14.3,29.3,19964,0.0,1.71,2.1
2023-09-08,21.0,14.4,29.7,19694,0.0,1.71,1.6
2023-09-09,21.0,12.9,31.1,19423,0.0,1.62,1.2
2023-09-10,21.7,11.3,30.9,19048,0.0,1.48,1.1
2023-09-11,21.3,13.2,30.6,18466,0.0,1.62,1.3
2023-09-12,20.3,13.4,28.2,15814,8.2,1.61,1.5
2023-09-13,17.5,10.7,22.0,7019,2.4,1.3,2.3
2023-09-14,13.5,7.7,20.1,16746,0.0,1.07,1.4
2023-09-15,15.9,8.1,23.3,17298,0.0,1.14,1.8
2023-09-16,17.5,11.4,25.3,17235,0.0,1.39,1.5
2023-09-17,19.2,10.2,27.7,17070,0.0,1.34,1.6
2023-09-18,20.7,15.8,26.9,10656,0.0,1.82,2.7
2023-09-19,17.3,14.2,21.0,11227,0.0,1.58,3.8
2023-09-20,18.4,12.8,24.4,13445,0.0,1.5,2.8
2023-09-21,20.0,12.1,28.3,14851,0.6,1.5,2.2
2023-09-22,16.2,11.4,19.0,5575,0.1,1.33,2.5
2023-09-23,13.0,8.7,18.7,7970,0.0,1.13,2.5
2023-09-24,12.7,6.7,19.8,11644,0.0,1.02,1.7
2023-09-25,13.8,6.2,22.3,14503,0.0,1.02,1.8
2023-09-26,16.2,8.1,25.0,14064,0.0,1.17,1.2
2023-09-27,17.9,10.9,26.9,12528,0.0,1.38,1.4
2023-09-28,17.9,11.6,26.1,13111,0.0,1.42,1.6
2023-09-29,17.6,13.2,22.2,6375,0.5,1.51,2.3
2023-09-30,13.5,8.5,19.4,11019,0.0,1.13,2.0
2023-10-01,15.0,11.0,20.9,7609,0.8,1.31,1.8
2023-10-02,18.4,13.4,25.2,9609,0.0,1.57,1.7
2023-10-03,16.7,12.6,23.8,6535,0.4,1.48,3.6
2023-10-04,14.4,11.7,18.4,7643,0.0,1.34,3.0
2023-10-05,12.8,8.8,16.9,6347,1.6,1.12,2.6
2023-10-06,14.5,11.1,17.2,4654,0.6,1.3,3.0
2023-10-07,14.2,10.8,17.3,4328,14.0,1.28,3.4
2023-10-08,10.8,6.7,14.9,10766,4.8,0.98,1.8
2023-10-09,10.0,7.9,12.6,4264,1.9,1.04,1.9
2023-10-10,13.5,10.4,16.7,5401,0.1,1.23,1.8
2023-10-11,17.6,13.2,22.1,8508,3.4,1.5,3.2
2023-10-12,12.8,7.7,16.8,7047,1.8,1.05,2.3
2023-10-13,16.5,10.1,20.6,4601,9.0,1.25,3.3
2023-10-14,12.6,7.6,17.3,7071,0.7,1.04,4.0
2023-10-15,8.1,5.3,11.7,9942,0.0,0.87,3.2
2023-10-16,6.2,1.7,11.3,6636,0.2,0.69,1.9
2023-10-17,5.5,0.5,12.7,7803,0.0,0.65,1.5
2023-10-18,5.5,-1.4,13.0,9604,0.0,0.58,2.3
2023-10-19,6.7,5.5,7.8,3495,6.2,0.87,2.9
2023-10-20,5.3,4.8,6.7,3430,13.1,0.83,4.0
2023-10-21,9.1,5.7,15.2,4647,0.0,0.91,2.7
2023-10-22,10.8,7.3,16.7,4639,0.0,1.02,2.4
2023-10-23,9.3,5.3,15.0,4700,0.1,0.9,1.6
2023-10-24,10.7,8.7,12.8,3181,14.9,1.09,2.0
2023-10-25,10.1,8.0,13.1,4341,2.9,1.05,2.3
2023-10-26,9.0,6.0,10.3,3062,1.8,0.91,2.3
2023-10-27,8.3,7.1,9.8,3003,2.4,0.98,2.3
2023-10-28,8.6,7.6,9.7,2946,3.1,1.0,2.6
2023-10-29,11.6,9.0,13.6,2890,2.8,1.11,3.3
2023-10-30,12.1,10.2,15.9,4681,2.0,1.22,2.5
2023-10-31,9.9,3.3,11.9,3032,1.1,0.77,3.2
2023-11-01,8.6,2.4,13.0,4404,0.0,0.73,2.7
2023-11-02,10.8,8.5,13.3,3226,1.4,1.08,3.7
2023-11-03,9.3,6.9,10.7,2805,0.0,0.96,3.1
2023-11-04,8.3,4.8,11.6,4367,2.2,0.85,3.6
2023-11-05,9.4,7.8,10.9,2642,5.7,1.02,4.0
2023-11-06,9.6,7.6,12.0,3059,0.7,1.02,4.1
2023-11-07,8.9,5.5,13.1,5423,0.0,0.89,3.4
2023-11-08,7.5,4.9,10.4,3349,0.3,0.84,3.5
2023-11-09,8.1,6.3,10.2,2337,1.7,0.92,3.3
2023-11-10,7.4,4.9,10.6,3125,0.4,0.85,3.1
2023-11-11,5.7,2.8,8.7,2360,0.2,0.73,2.6
2023-11-12,5.8,4.4,8.1,2263,0.2,0.8,1.8
2023-11-13,5.7,1.9,9.9,5270,3.5,0.69,3.1
2023-11-14,10.2,7.2,12.5,2234,2.5,0.99,4.7
2023-11-15,7.3,4.1,9.5,2090,3.3,0.79,3.4
2023-11-16,5.9,3.4,8.0,2259,0.4,0.76,2.7
2023-11-17,4.7,3.6,6.7,2067,1.1,0.76,2.4
2023-11-18,4.2,0.9,7.3,3644,4.7,0.64,2.2
2023-11-19,7.5,3.6,11.5,1997,5.9,0.78,3.8
2023-11-20,9.2,5.8,10.9,1914,0.6,0.9,2.9
2023-11-21,3.8,-0.8,5.9,1882,0.0,0.56,2.2
2023-11-22,0.0,-3.9,2.9,4406,0.0,0.45,2.3
2023-11-23,7.6,1.6,11.0,1822,5.2,0.69,4.9
2023-11-24,3.5,-0.8,6.6,2407,2.8,0.57,4.9
2023-11-25,0.5,-1.0,1.9,1906,0.1,0.55,3.4
2023-11-26,-0.8,-3.0,0.9,2942,0.0,0.47,2.2
2023-11-27,-1.1,-3.8,1.4,2172,0.0,0.45,2.6
2023-11-28,-1.1,-2.6,1.3,3823,0.2,0.49,2.9
2023-11-29,-1.0,-2.3,0.6,1667,4.0,0.5,2.8
2023-11-30,-6.8,-12.8,-1.5,4319,0.0,0.24,1.3
2023-12-01,-6.8,-13.4,-5.1,1624,0.0,0.22,1.6
2023-12-02,-3.8,-7.1,-1.4,1604,0.1,0.35,2.1
2023-12-03,-3.1,-7.6,-2.1,1585,0.1,0.33,2.1
2023-12-04,-4.0,-7.6,-1.8,1567,0.0,0.33,2.6
2023-12-05,-2.3,-3.9,-1.1,1550,1.2,0.44,3.1
2023-12-06,-0.6,-1.6,0.5,1535,2.7,0.52,2.2
2023-12-07,0.4,0.3,1.0,1520,0.0,0.6,1.6
2023-12-08,0.6,0.4,0.9,1507,0.2,0.6,2.4
2023-12-09,1.8,0.8,3.2,1494,4.6,0.62,2.9
2023-12-10,4.9,2.4,7.6,1483,8.3,0.71,4.0
2023-12-11,7.0,5.3,8.1,1473,3.0,0.86,3.6
2023-12-12,4.6,3.7,5.5,1463,6.1,0.76,2.0
2023-12-13,4.1,2.6,4.8,1455,7.0,0.71,2.4
2023-12-14,2.4,1.3,3.4,1448,0.0,0.65,2.0
2023-12-15,2.9,-0.5,6.4,1442,0.4,0.58,2.2
2023-12-16,7.0,5.3,8.5,2171,0.0,0.86,2.9
2023-12-17,8.4,5.8,10.1,1433,0.0,0.9,3.1
2023-12-18,7.0,6.6,7.7,1430,0.1,0.93,3.0
2023-12-19,6.7,6.3,7.3,1428,6.4,0.92,3.3
2023-12-20,5.1,3.4,7.1,1589,9.9,0.75,4.2
2023-12-21,6.5,3.4,9.6,1427,8.8,0.76,6.3
2023-12-22,3.7,1.3,5.9,3175,0.0,0.65,6.3
2023-12-23,1.9,0.9,2.9,1431,4.1,0.62,5.0
2023-12-24,6.4,0.6,11.9,1434,6.1,0.65,5.5
2023-12-25,8.4,3.7,11.1,2010,9.1,0.78,5.0
2023-12-26,7.5,3.9,9.3,2098,2.2,0.78,4.6
2023-12-27,3.1,0.9,4.8,3666,0.2,0.63,2.4
2023-12-28,7.7,4.1,10.5,2940,0.0,0.8,4.2
2023-12-29,8.1,5.7,10.1,1507,6.2,0.88,4.8
2023-12-30,5.6,2.5,7.4,2015,0.0,0.71,3.4
2023-12-31,5.1,2.2,6.8,1528,0.8,0.69,3.1
2024-01-01,5.6,3.0,6.9,1498,0.8,0.74,3.7
2024-01-02,4.4,2.5,5.8,1511,11.8,0.7,4.1
2024-01-03,8.3,5.8,10.7,1609,2.0,0.89,5.3
2024-01-04,3.1,-0.3,8.1,1539,1.2,0.6,4.0
2024-01-05,-0.8,-1.9,-0.2,1555,4.1,0.51,2.9
2024-01-06,-1.2,-2.4,-0.6,1572,0.0,0.49,2.6
2024-01-07,-1.7,-6.0,-0.2,1590,0.0,0.38,3.5
2024-01-08,-6.6,-11.1,-3.9,4558,0.0,0.26,3.5
2024-01-09,-8.9,-13.4,-1.9,4647,0.0,0.22,2.3
2024-01-10,-7.5,-12.0,-2.3,4695,0.0,0.25,1.6
2024-01-11,-0.3,-3.3,1.2,1674,0.0,0.46,1.7
2024-01-12,0.2,-0.8,1.1,1697,0.2,0.55,2.0
2024-01-13,2.1,1.0,3.0,1722,1.4,0.63,3.4
2024-01-14,2.3,1.3,3.4,1794,1.6,0.65,3.6
2024-01-15,0.7,-2.0,2.8,2432,2.2,0.51,4.3
2024-01-16,-2.2,-6.4,0.2,1945,1.5,0.37,2.6
2024-01-17,-3.7,-6.9,-1.1,2407,0.0,0.36,2.4
2024-01-18,-4.1,-7.9,0.1,3994,0.0,0.33,2.3
2024-01-19,-1.0,-6.2,1.8,3853,0.0,0.38,3.1
2024-01-20,1.1,-3.8,2.7,3214,0.0,0.45,3.1
2024-01-21,0.0,-4.3,2.5,2059,0.4,0.43,3.4
2024-01-22,5.6,2.1,8.1,1993,6.4,0.69,5.0
2024-01-23,5.4,3.1,7.7,2337,6.7,0.74,4.6
2024-01-24,8.2,4.3,10.5,2274,3.2,0.81,6.6
2024-01-25,7.1,2.6,8.3,2472,0.0,0.71,3.7
2024-01-26,4.8,0.9,9.4,2143,5.4,0.65,3.9
2024-01-27,4.2,-0.5,6.8,2776,0.0,0.58,2.7
2024-01-28,1.7,-2.8,6.9,6314,0.0,0.5,2.0
2024-01-29,3.1,-0.9,8.7,5966,0.0,0.58,2.0
2024-01-30,2.7,-1.6,7.5,3820,0.0,0.55,2.2
2024-01-31,5.4,3.8,8.5,2582,0.8,0.77,2.9
2024-02-01,5.8,3.9,7.7,4637,0.0,0.78,3.7
2024-02-02,5.5,3.7,8.2,2448,0.8,0.77,3.9
2024-02-03,9.0,5.9,10.5,2496,3.2,0.9,4.4
2024-02-04,6.7,5.5,7.9,2545,8.3,0.87,4.8
2024-02-05,8.6,6.5,9.5,2595,8.9,0.94,5.5
2024-02-06,9.0,6.6,10.7,2646,9.9,0.94,5.7
2024-02-07,3.1,-2.4,6.5,3440,0.5,0.51,4.1
2024-02-08,0.2,-2.7,2.8,2751,1.1,0.49,2.3
2024-02-09,1.7,0.5,3.8,2805,6.0,0.61,3.0
2024-02-10,6.1,3.8,8.6,2860,6.0,0.78,2.1
2024-02-11,6.0,4.9,7.1,2917,7.4,0.83,2.9
2024-02-12,5.6,2.9,8.7,3106,1.9,0.73,2.5
2024-02-13,4.8,0.8,8.7,4968,0.0,0.64,2.6
2024-02-14,5.2,0.1,8.9,3091,2.1,0.61,2.7
2024-02-15,10.4,8.7,12.0,3151,1.0,1.09,2.1
2024-02-16,11.8,9.2,15.7,6053,1.9,1.13,2.6
2024-02-17,7.9,5.4,10.9,3625,0.0,0.87,2.4
2024-02-18,6.3,0.9,8.8,4118,4.9,0.64,2.5
2024-02-19,7.5,5.9,9.5,4048,2.6,0.9,3.7
2024-02-20,7.7,6.6,9.6,3830,0.7,0.94,3.2
2024-02-21,8.0,6.6,10.1,3531,0.2,0.94,3.2
2024-02-22,9.0,7.3,10.7,3672,4.3,0.99,4.1
2024-02-23,7.0,1.8,10.7,6227,0.0,0.69,4.1
2024-02-24,4.6,-1.0,10.0,8842,0.0,0.57,2.5
2024-02-25,4.1,-1.0,11.5,9587,0.0,0.59,2.3
2024-02-26,4.3,-2.2,10.7,7850,0.0,0.54,2.1
2024-02-27,3.2,2.2,4.4,3942,0.0,0.69,2.1
2024-02-28,1.8,-1.2,5.5,5050,0.0,0.55,1.7
2024-02-29,4.3,-1.6,10.9,11750,0.0,0.56,2.4
2024-03-01,7.2,3.6,10.6,4238,1.2,0.78,2.1
2024-03-02,8.5,4.9,13.4,6291,0.1,0.87,2.2
2024-03-03,10.6,7.3,13.8,5887,0.0,1.0,2.3
2024-03-04,8.8,4.7,13.4,10864,0.0,0.85,2.0
2024-03-05,4.1,0.6,6.1,7772,0.0,0.62,2.3
2024-03-06,3.9,-1.9,8.5,6076,0.0,0.54,1.9
2024-03-07,4.5,-1.1,8.8,12250,0.0,0.57,2.6
2024-03-08,3.1,-2.7,9.3,13282,0.0,0.52,3.2
2024-03-09,5.7,0.0,11.1,10962,0.0,0.62,3.0
2024-03-10,8.7,3.6,12.4,10653,0.0,0.79,3.4
2024-03-11,8.6,1.2,14.3,6448,0.0,0.69,2.8
2024-03-12,7.7,1.2,12.6,9279,0.0,0.68,2.0
2024-03-13,9.2,3.2,14.2,12897,0.2,0.78,2.0
2024-03-14,10.9,7.1,15.1,5426,0.0,0.99,2.1
2024-03-15,11.2,6.0,18.2,9354,0.2,0.95,2.9
2024-03-16,8.6,3.8,12.7,7388,1.8,0.79,3.5
2024-03-17,4.4,-0.7,8.0,11401,0.0,0.58,1.8
2024-03-18,1.8,-3.1,7.2,15385,0.0,0.49,2.0
2024-03-19,3.4,-4.3,9.9,14773,0.0,0.47,1.7
2024-03-20,9.5,4.5,15.1,8564,2.1,0.86,1.3
2024-03-21,9.5,4.0,14.6,7483,6.7,0.82,2.4
2024-03-22,8.8,6.0,11.6,5786,7.2,0.91,2.6
2024-03-23,5.9,1.7,9.9,8074,2.3,0.69,3.3
2024-03-24,4.5,1.4,8.1,7565,6.4,0.66,4.2
2024-03-25,5.5,-0.1,9.2,7047,1.2,0.61,2.6
2024-03-26,6.5,-0.7,11.7,13090,0.0,0.6,2.6
2024-03-27,10.2,4.1,17.2,13429,0.0,0.85,2.4
2024-03-28,8.7,4.8,14.0,8561,0.4,0.86,3.4
2024-03-29,9.3,4.2,13.5,7189,0.1,0.82,2.8
2024-03-30,14.2,5.8,21.4,12241,0.0,0.99,2.1
2024-03-31,12.8,8.4,19.0,11722,0.0,1.11,1.9
2024-04-01,11.5,6.5,17.3,7339,1.1,0.97,2.9
2024-04-02,10.2,7.8,14.2,9472,4.3,1.03,4.3
2024-04-03,8.9,5.4,11.3,7617,3.8,0.87,2.7
2024-04-04,11.1,8.7,15.3,11412,4.0,1.1,3.6
2024-04-05,13.3,9.1,17.5,11409,3.0,1.15,3.2
2024-04-06,16.0,9.7,22.2,14607,0.0,1.24,2.4
2024-04-07,16.8,12.3,22.8,13286,0.2,1.43,2.4
2024-04-08,17.5,13.2,25.0,14069,0.1,1.55,1.8
2024-04-09,16.5,11.6,25.9,13287,0.1,1.41,3.3
2024-04-10,11.0,4.4,14.8,9782,0.0,0.84,2.6
2024-04-11,11.2,3.6,15.5,11348,0.0,0.8,2.3
2024-04-12,14.8,11.7,18.1,7677,0.0,1.35,2.3
2024-04-13,15.6,7.5,20.7,18997,0.0,1.08,2.5
2024-04-14,12.8,6.1,16.4,18091,0.0,0.95,3.2
2024-04-15,7.9,3.6,13.2,11381,5.8,0.8,3.2
2024-04-16,6.0,1.4,9.7,8446,2.0,0.67,4.0
2024-04-17,4.8,-0.7,10.7,15186,1.4,0.6,2.1
2024-04-18,5.8,-2.2,12.3,17522,0.3,0.56,2.2
2024-04-19,5.7,3.9,8.8,8320,6.0,0.79,4.0
2024-04-20,4.6,-1.2,8.7,15853,0.0,0.56,2.8
2024-04-21,3.1,-2.2,10.3,15598,0.1,0.54,2.5
2024-04-22,2.7,-1.6,7.3,12833,0.5,0.54,2.0
2024-04-23,4.0,-1.3,9.3,14358,0.0,0.56,2.0
2024-04-24,6.0,2.9,11.5,9519,0.9,0.75,2.5
2024-04-25,5.3,0.6,11.1,12004,1.2,0.65,2.3
2024-04-26,8.8,0.5,15.4,21166,0.0,0.67,2.1
2024-04-27,13.8,6.2,20.9,21153,0.0,0.99,2.1
2024-04-28,16.2,9.3,23.7,19065,0.3,1.23,2.7
2024-04-29,14.8,9.6,19.0,13660,0.2,1.19,1.8
2024-04-30,18.8,10.5,27.7,25268,0.0,1.37,2.1
2024-05-01,20.7,13.9,26.0,25133,0.0,1.61,3.0
2024-05-02,20.7,14.3,25.7,24377,0.0,1.65,3.3
2024-05-03,18.1,11.2,25.0,23986,1.0,1.37,2.8
2024-05-04,14.9,11.9,19.8,14412,1.2,1.37,1.6
2024-05-05,14.8,9.1,20.3,15231,0.2,1.17,2.6
2024-05-06,12.5,6.8,17.9,20788,0.0,1.0,1.9
2024-05-07,11.2,6.5,16.2,14626,0.0,0.97,2.1
2024-05-08,11.4,4.4,17.9,22457,0.0,0.87,1.8
2024-05-09,12.2,1.4,20.1,25175,0.0,0.76,1.5
2024-05-10,15.5,8.6,21.7,17340,0.0,1.15,1.6
2024-05-11,13.9,8.7,19.5,13125,0.0,1.14,1.8
2024-05-12,14.7,8.5,20.5,23409,0.0,1.13,2.4
2024-05-13,17.0,8.5,23.8,27658,0.0,1.18,2.4
2024-05-14,18.6,10.3,25.0,27866,0.0,1.3,3.1
2024-05-15,19.6,12.4,25.3,28072,0.0,1.47,3.1
2024-05-16,19.9,13.2,25.6,27386,0.0,1.56,3.3
2024-05-17,19.6,12.7,25.3,27841,0.0,1.5,3.4
2024-05-18,16.0,10.9,21.8,14399,1.5,1.31,2.1
2024-05-19,15.5,10.2,23.2,15725,3.7,1.29,1.8
2024-05-20,16.3,9.3,23.7,23061,1.5,1.23,1.6
2024-05-21,20.2,12.5,26.3,24398,0.0,1.51,2.9
2024-05-22,20.0,14.6,27.2,13308,23.0,1.69,2.7
2024-05-23,17.2,13.1,22.8,15787,0.0,1.5,1.9
2024-05-24,18.3,11.6,24.3,24177,0.6,1.41,1.7
2024-05-25,18.4,13.6,24.4,19214,0.0,1.57,1.6
2024-05-26,20.0,12.3,26.0,24790,0.0,1.49,1.7
2024-05-27,18.8,14.3,23.9,12216,2.9,1.63,1.8
2024-05-28,15.0,8.2,18.6,14570,1.5,1.1,2.2
2024-05-29,16.3,7.3,23.5,19247,0.0,1.1,2.4
2024-05-30,15.9,12.0,21.3,16185,8.7,1.4,1.8
2024-05-31,17.9,13.5,23.8,19576,0.4,1.55,2.2
2024-06-01,20.3,15.3,25.8,27104,0.0,1.75,2.6
2024-06-02,19.0,15.5,23.0,22354,0.2,1.74,2.9
2024-06-03,14.3,9.7,19.5,11128,0.0,1.2,2.3
2024-06-04,15.7,10.7,20.5,13222,0.0,1.29,1.6
2024-06-05,15.0,9.6,20.2,13503,1.9,1.21,2.5
2024-06-06,14.7,8.1,20.3,23889,0.0,1.11,1.9
2024-06-07,14.2,8.1,20.8,19246,0.0,1.11,1.8
2024-06-08,17.0,6.1,25.8,25360,0.0,1.07,2.4
2024-06-09,14.7,6.9,20.5,28751,0.0,1.04,2.5
2024-06-10,13.0,5.5,18.8,19819,1.5,0.94,2.4
2024-06-11,11.7,8.7,14.8,13866,2.7,1.1,3.1
2024-06-12,11.4,6.9,17.4,19976,0.9,1.0,2.3
2024-06-13,12.5,6.1,18.1,20377,0.0,0.97,1.8
2024-06-14,14.8,8.2,20.1,10522,0.1,1.1,2.4
2024-06-15,15.2,8.7,21.1,17019,5.8,1.16,3.2
2024-06-16,17.2,8.3,24.9,22736,0.0,1.17,2.4
2024-06-17,19.0,11.2,25.0,20663,0.6,1.37,1.9
2024-06-18,18.4,10.5,25.1,20016,3.2,1.34,1.6
2024-06-19,15.6,9.4,19.8,13786,0.1,1.19,2.2
2024-06-20,16.3,6.7,23.4,26765,0.0,1.06,1.7
2024-06-21,20.0,13.7,26.9,13783,4.4,1.61,2.1
2024-06-22,19.1,12.5,23.4,18321,0.1,1.47,2.9
2024-06-23,17.7,11.7,22.7,20131,0.0,1.38,1.9
2024-06-24,18.9,10.1,25.2,25830,0.0,1.31,1.7
2024-06-25,21.8,13.8,29.0,28282,0.0,1.65,2.2
2024-06-26,24.4,16.7,31.0,29435,0.0,1.98,1.9
2024-06-27,23.6,18.7,32.6,20347,12.3,2.23,1.8
2024-06-28,21.9,15.5,27.8,24865,1.5,1.79,2.5
2024-06-29,22.3,12.2,29.6,28861,18.0,1.53,1.8
2024-06-30,19.4,15.7,24.9,12270,3.8,1.78,2.8
2024-07-01,16.4,12.4,20.9,12253,15.1,1.43,2.3
2024-07-02,14.8,11.8,18.0,12105,2.3,1.34,2.7
2024-07-03,15.0,12.4,19.0,11051,0.4,1.42,2.2
2024-07-04,14.2,9.3,19.2,19298,5.1,1.17,3.2
2024-07-05,15.6,8.1,22.3,20691,0.0,1.13,2.8
2024-07-06,19.6,10.4,31.0,22983,6.8,1.41,3.2
2024-07-07,17.3,11.4,23.4,26431,0.0,1.37,2.4
2024-07-08,19.0,10.7,25.7,20596,0.0,1.35,1.6
2024-07-09,23.9,16.5,31.3,24423,0.0,1.97,2.0
2024-07-10,22.9,19.0,30.9,20009,13.6,2.23,1.9
2024-07-11,21.1,16.7,26.1,20613,0.2,1.9,1.6
2024-07-12,20.6,15.2,25.7,11970,0.0,1.74,2.3
2024-07-13,17.1,11.4,22.0,15399,0.4,1.36,2.5
2024-07-14,17.9,9.7,25.2,20870,0.0,1.28,1.9
2024-07-15,21.1,11.5,28.0,27352,0.4,1.44,1.8
2024-07-16,20.0,15.0,27.5,14126,3.1,1.75,2.6
2024-07-17,18.0,12.8,24.0,17915,0.4,1.49,2.4
2024-07-18,18.8,11.4,25.0,25902,0.0,1.4,1.4
2024-07-19,21.9,13.2,28.7,27497,0.0,1.61,1.4
2024-07-20,23.2,16.0,29.6,26160,0.0,1.88,1.6
2024-07-21,24.9,16.8,32.7,25840,0.1,2.02,1.8
2024-07-22,19.7,11.4,22.8,14737,3.0,1.36,2.5
2024-07-23,18.3,10.0,28.6,18990,5.7,1.34,2.2
2024-07-24,18.3,12.2,23.0,17159,0.0,1.44,2.5
2024-07-25,16.2,9.4,22.5,25935,0.0,1.21,1.4
2024-07-26,17.9,11.8,22.3,11241,5.4,1.39,1.8
2024-07-27,18.1,15.9,21.5,10057,13.0,1.77,1.3
2024-07-28,17.9,12.8,22.8,18541,0.3,1.49,2.5
2024-07-29,17.1,10.3,23.5,25612,0.0,1.29,1.7
2024-07-30,19.4,9.0,28.1,26651,0.0,1.26,1.4
2024-07-31,21.4,12.3,28.2,22568,0.0,1.52,1.5
2024-08-01,20.7,11.8,26.7,25595,0.0,1.44,1.7
2024-08-02,17.7,12.8,20.7,9233,0.0,1.45,1.8
2024-08-03,18.8,10.0,25.4,19583,5.1,1.3,1.5
2024-08-04,19.1,16.2,24.6,14432,2.8,1.83,2.3
2024-08-05,17.9,12.3,23.7,21755,0.0,1.44,1.5
2024-08-06,19.8,10.9,26.9,24858,0.0,1.38,1.5
2024-08-07,22.0,14.7,29.5,23650,5.4,1.74,1.8
2024-08-08,19.2,13.6,23.4,18901,0.0,1.55,1.8
2024-08-09,18.0,13.3,23.9,13080,5.3,1.53,2.7
2024-08-10,18.9,11.2,26.0,23210,0.1,1.38,2.3
2024-08-11,19.4,12.5,25.0,22010,0.0,1.48,1.8
2024-08-12,19.5,10.1,26.7,25161,0.0,1.33,1.6
2024-08-13,22.4,14.4,30.1,24679,0.0,1.74,2.1
2024-08-14,24.4,16.9,32.5,23477,0.6,2.01,1.8
2024-08-15,22.6,16.6,29.1,17859,0.0,1.92,1.7
2024-08-16,22.6,14.6,29.9,18232,0.1,1.73,1.9
2024-08-17,20.4,17.2,24.4,9824,2.2,1.93,1.5
2024-08-18,18.4,14.7,21.0,8922,2.6,1.64,1.7
2024-08-19,17.5,12.6,23.6,16025,0.0,1.46,1.7
2024-08-20,20.2,11.1,26.7,22717,0.0,1.4,1.8
2024-08-21,18.7,10.9,23.1,12899,0.0,1.32,3.2
2024-08-22,17.7,10.9,24.6,12109,0.0,1.34,2.3
2024-08-23,22.3,15.9,30.6,17452,0.1,1.89,3.2
2024-08-24,24.4,15.0,31.5,22169,0.0,1.8,2.6
2024-08-25,19.8,9.4,27.7,13549,0.0,1.3,2.8
2024-08-26,16.8,7.1,25.9,18576,0.0,1.11,1.6
2024-08-27,18.6,8.2,28.1,22078,0.0,1.22,1.7
2024-08-28,22.9,14.3,30.8,21702,0.0,1.73,1.8
2024-08-29,26.0,18.7,34.4,21103,0.0,2.28,1.6
2024-08-30,20.1,13.6,24.6,11123,5.4,1.58,1.9
