Date,TempMean,TempMin,TempMax,Radiation,Precipitation,VapPressure,Windspeed
2000-01-01,2.0,-1.0,3.8,1525,1.9,0.55,2.1
2000-01-02,4.5,3.0,5.3,1538,0.0,0.73,2.3
2000-01-03,6.9,5.1,7.8,1551,0.2,0.84,3.2
2000-01-04,5.5,4.1,7.5,2118,1.6,0.79,3.3
2000-01-05,2.1,-0.4,6.7,3889,0.0,0.58,3.1
2000-01-06,1.8,-1.7,5.0,4353,0.5,0.53,2.7
2000-01-07,4.4,2.1,7.2,1834,0.1,0.69,2.3
2000-01-08,3.5,0.1,4.9,2292,0.0,0.6,2.9
2000-01-09,1.8,0.5,5.0,1789,0.0,0.61,1.7
2000-01-10,1.5,-0.6,2.6,1679,0.0,0.56,1.7
2000-01-11,-0.3,-2.1,3.0,3898,0.0,0.51,2.2
2000-01-12,-1.3,-3.3,1.9,4122,0.0,0.47,2.7
2000-01-13,-2.5,-5.4,-0.2,3485,0.0,0.4,2.6
2000-01-14,-1.4,-2.7,-0.7,1775,0.0,0.48,1.5
2000-01-15,-0.3,-1.5,0.8,1802,0.6,0.53,1.6
2000-01-16,3.6,-2.8,5.1,1830,1.4,0.5,2.5
2000-01-17,7.4,5.0,8.2,1859,1.6,0.84,5.4
2000-01-18,4.2,2.3,7.6,4341,1.3,0.7,5.4
2000-01-19,0.3,-0.8,3.5,5128,1.3,0.56,2.8
2000-01-20,4.4,-2.1,5.4,1953,2.9,0.52,4.1
2000-01-21,-0.3,-2.0,5.2,4571,0.2,0.52,4.2
2000-01-22,-2.8,-3.6,-1.3,2022,3.5,0.45,2.6
2000-01-23,-5.6,-9.5,-1.6,5821,0.3,0.29,2.1
2000-01-24,-7.0,-10.6,-2.1,5696,0.0,0.27,1.4
2000-01-25,-6.1,-15.2,-2.2,2393,0.2,0.2,1.9
2000-01-26,2.5,-5.0,3.9,2172,0.5,0.42,2.8
2000-01-27,2.2,1.7,4.1,2212,0.2,0.66,3.4
2000-01-28,1.8,0.9,2.9,2253,2.1,0.62,4.2
2000-01-29,5.2,1.1,8.2,2296,14.2,0.65,6.5
2000-01-30,4.0,1.8,6.9,4276,5.9,0.68,5.8
2000-01-31,6.7,2.9,10.2,4850,2.1,0.74,5.9
2000-02-01,8.4,4.6,9.7,2430,3.2,0.82,3.6
2000-02-02,6.0,3.9,8.7,2879,4.9,0.78,3.8
2000-02-03,3.8,1.8,7.8,4735,0.4,0.68,3.9
2000-02-04,6.3,-0.9,8.3,2691,0.4,0.58,3.9
2000-02-05,6.0,3.6,8.8,2623,0.0,0.77,3.5
2000-02-06,6.8,1.8,11.1,3641,0.1,0.7,2.7
2000-02-07,7.4,5.5,9.6,3951,1.1,0.87,4.3
2000-02-08,8.6,6.1,9.1,2966,6.9,0.91,5.5
2000-02-09,4.6,3.1,9.7,2897,5.8,0.75,5.9
2000-02-10,6.1,4.8,8.6,4287,4.0,0.83,4.0
2000-02-11,4.9,3.3,8.3,6227,0.0,0.75,2.7
2000-02-12,3.0,-0.5,7.3,8866,0.8,0.58,3.4
2000-02-13,3.2,0.9,4.8,4446,3.4,0.63,3.9
2000-02-14,2.1,0.5,6.1,6392,1.0,0.61,2.9
2000-02-15,4.3,0.6,9.1,4059,1.9,0.64,3.2
2000-02-16,1.9,0.8,4.7,3241,3.1,0.62,3.9
2000-02-17,1.6,-0.9,3.9,5382,0.0,0.55,2.9
2000-02-18,2.5,-0.1,5.8,5119,1.5,0.59,3.0
2000-02-19,1.7,0.9,3.5,3430,5.0,0.63,2.6
2000-02-20,1.2,0.2,3.9,4069,0.5,0.6,2.5
2000-02-21,-1.7,-3.6,2.2,6613,0.0,0.46,1.4
2000-02-22,0.0,-3.7,0.7,3627,1.6,0.45,1.7
2000-02-23,1.7,0.3,6.2,3917,0.5,0.61,1.5
2000-02-24,3.4,-1.6,7.4,3762,3.7,0.54,3.2
2000-02-25,3.2,1.8,6.0,4592,0.2,0.68,3.4
2000-02-26,5.6,3.1,7.8,3977,0.0,0.74,2.1
2000-02-27,5.2,-1.2,10.0,10822,0.0,0.57,2.7
2000-02-28,9.7,5.9,16.5,9789,1.1,0.94,4.4
2000-02-29,6.1,3.1,9.2,6979,1.3,0.74,4.0
2000-03-01,5.6,3.6,8.4,6438,0.2,0.77,4.1
2000-03-02,3.8,1.3,6.4,8244,5.7,0.65,4.3
2000-03-03,4.7,2.9,8.4,4907,3.4,0.73,6.1
2000-03-04,0.9,0.0,4.0,6649,1.1,0.59,4.6
2000-03-05,1.0,-0.7,3.4,7251,0.8,0.56,3.7
2000-03-06,6.2,0.5,8.7,5064,0.0,0.62,3.9
2000-03-07,9.2,6.4,11.2,4631,3.2,0.93,4.8
2000-03-08,11.0,9.0,11.3,4707,9.3,1.11,5.4
2000-03-09,7.1,4.2,11.8,4872,5.1,0.82,5.8
2000-03-10,3.0,-1.0,6.4,10244,3.0,0.56,3.0
2000-03-11,5.7,2.2,9.6,5652,1.7,0.71,4.8
2000-03-12,3.2,-1.3,5.3,9424,0.8,0.54,1.7
2000-03-13,8.4,3.8,11.8,7001,1.9,0.8,2.0
2000-03-14,6.8,4.4,10.2,5174,7.2,0.81,3.9
2000-03-15,3.0,1.3,6.3,8303,6.7,0.65,4.8
2000-03-16,3.3,0.5,6.0,6917,6.4,0.62,3.9
2000-03-17,3.7,0.4,6.9,10209,0.0,0.62,3.4
2000-03-18,3.5,-0.2,8.2,12892,0.0,0.6,2.0
2000-03-19,5.4,0.4,9.6,15714,0.0,0.63,2.3
2000-03-20,5.9,3.7,7.6,5651,0.0,0.77,2.1
2000-03-21,5.2,3.2,10.6,8065,0.0,0.76,1.6
2000-03-22,5.6,1.0,12.2,9537,0.0,0.66,1.6
2000-03-23,4.6,-0.3,11.6,13107,0.0,0.61,1.5
2000-03-24,6.6,0.8,9.9,11051,0.1,0.64,2.7
2000-03-25,8.1,5.3,12.7,6252,0.0,0.87,2.1
2000-03-26,6.2,3.5,13.2,8559,0.0,0.78,2.0
2000-03-27,5.0,3.0,8.2,6314,0.3,0.74,1.9
2000-03-28,4.6,3.3,6.4,6293,1.2,0.75,3.0
2000-03-29,6.6,4.0,8.7,6476,0.0,0.78,3.8
2000-03-30,6.6,5.9,7.5,6453,2.3,0.89,3.7
2000-03-31,4.8,4.5,5.7,6532,0.5,0.81,1.9
2000-04-01,5.6,0.8,10.8,7350,0.0,0.65,1.5
2000-04-02,6.8,3.5,13.2,14967,0.0,0.78,1.8
2000-04-03,9.7,2.9,16.6,19797,0.0,0.78,2.6
2000-04-04,8.4,4.6,12.1,6849,0.0,0.84,2.2
2000-04-05,3.5,1.0,9.0,9414,0.0,0.65,3.2
2000-04-06,5.0,-1.7,10.9,18749,0.0,0.56,2.8
2000-04-07,6.0,0.9,10.7,9162,0.0,0.66,2.5
2000-04-08,5.6,-0.2,8.5,7162,0.0,0.6,1.5
2000-04-09,3.5,-0.2,9.0,19734,0.0,0.6,2.6
2000-04-10,5.2,-1.2,11.2,20657,0.0,0.58,2.0
2000-04-11,6.8,0.0,12.6,16444,0.0,0.63,1.8
2000-04-12,5.5,1.2,11.2,7693,2.5,0.67,2.9
2000-04-13,7.8,1.6,12.5,12510,0.2,0.69,3.5
2000-04-14,7.1,5.1,11.1,11248,0.0,0.86,2.6
2000-04-15,10.7,1.3,17.9,9858,8.4,0.73,2.4
2000-04-16,8.2,5.4,14.0,16582,0.0,0.89,2.7
2000-04-17,13.0,5.1,20.0,14165,0.0,0.93,2.8
2000-04-18,12.5,8.2,17.3,11839,1.7,1.09,1.9
2000-04-19,12.7,10.1,19.4,12159,0.3,1.24,1.7
2000-04-20,12.3,7.5,19.5,17606,0.0,1.06,1.5
2000-04-21,16.2,8.6,24.2,20288,0.0,1.18,1.9
2000-04-22,18.1,11.3,24.3,19583,0.0,1.38,2.1
2000-04-23,20.4,13.7,27.8,21345,0.0,1.62,1.9
2000-04-24,14.2,11.2,21.9,15665,0.0,1.35,2.6
2000-04-25,11.0,9.3,12.8,8399,0.0,1.13,1.7
2000-04-26,15.2,9.3,20.4,24307,0.0,1.18,2.3
2000-04-27,19.4,11.4,25.0,21438,0.0,1.4,2.2
2000-04-28,19.9,14.9,24.9,14231,0.0,1.7,2.8
2000-04-29,19.4,14.6,26.2,21649,0.0,1.7,2.3
2000-04-30,19.0,11.6,28.4,20666,0.5,1.47,1.4
2000-05-01,18.8,13.5,27.2,20642,15.6,1.6,1.8
2000-05-02,15.9,12.6,22.2,24497,0.0,1.45,2.3
2000-05-03,14.4,8.8,19.9,24357,0.0,1.14,1.7
2000-05-04,16.0,7.5,22.8,25310,0.0,1.11,1.5
2000-05-05,16.1,7.5,23.6,25777,0.0,1.11,1.9
2000-05-06,16.3,7.7,24.0,26243,0.0,1.13,2.2
2000-05-07,18.0,9.9,25.7,25848,0.0,1.29,2.3
2000-05-08,19.3,10.6,26.7,25448,0.0,1.36,1.9
2000-05-09,19.5,12.5,25.4,24057,0.0,1.48,1.4
2000-05-10,20.9,10.7,27.6,24512,0.0,1.37,1.3
2000-05-11,18.9,13.7,26.3,25709,0.0,1.6,1.9
2000-05-12,13.7,10.6,19.6,27281,0.0,1.26,2.6
2000-05-13,14.3,6.7,20.9,27488,0.0,1.02,1.8
2000-05-14,17.7,6.2,26.5,27817,0.0,1.08,1.5
2000-05-15,19.9,8.2,28.9,27771,0.0,1.24,1.3
2000-05-16,21.3,9.9,30.4,26972,0.0,1.36,1.5
2000-05-17,18.9,12.6,31.1,21035,0.1,1.58,2.6
2000-05-18,14.0,7.6,20.0,15204,0.0,1.07,2.3
2000-05-19,12.4,4.5,17.3,16887,0.6,0.87,2.4
2000-05-20,9.6,6.7,15.5,11659,7.9,0.97,2.2
2000-05-21,12.8,7.0,16.3,19127,0.3,1.0,1.5
2000-05-22,11.3,10.9,16.5,11744,0.4,1.27,2.2
2000-05-23,14.6,5.4,19.4,22127,0.0,0.94,1.8
2000-05-24,16.5,11.6,18.2,10434,0.7,1.33,2.1
2000-05-25,15.5,12.9,20.1,11229,2.6,1.46,3.2
2000-05-26,15.0,6.5,18.9,24673,0.0,0.99,2.2
2000-05-27,12.8,9.8,20.5,15350,2.9,1.21,3.4
2000-05-28,14.1,7.0,18.2,17794,0.5,1.02,3.8
2000-05-29,10.5,7.4,16.0,18337,2.9,1.03,3.6
2000-05-30,11.0,7.5,17.2,19260,0.7,1.03,1.9
2000-05-31,13.6,5.3,19.1,27676,0.0,0.93,1.5
2000-06-01,16.6,8.2,21.5,17293,0.0,1.13,2.1
2000-06-02,22.1,13.8,29.5,29019,0.0,1.65,2.3
2000-06-03,19.2,11.0,25.2,24601,0.3,1.38,1.6
2000-06-04,20.2,13.2,28.4,21066,0.0,1.59,2.1
2000-06-05,16.0,15.0,19.0,11033,6.6,1.66,1.7
2000-06-06,13.7,13.2,16.1,10544,0.0,1.47,2.9
2000-06-07,12.8,8.4,17.5,21393,0.0,1.1,3.0
2000-06-08,15.4,6.1,21.1,26894,0.0,1.0,1.8
2000-06-09,21.1,10.9,27.2,30229,0.0,1.4,2.6
2000-06-10,25.3,15.4,32.7,27059,0.0,1.87,1.9
2000-06-11,20.4,17.3,27.6,23121,2.1,1.98,2.2
2000-06-12,18.5,13.9,23.6,20200,0.0,1.58,2.3
2000-06-13,22.9,10.6,31.3,30036,0.0,1.43,2.1
2000-06-14,17.9,13.0,22.6,14733,4.4,1.51,1.8
2000-06-15,14.1,13.5,18.0,13719,0.1,1.5,2.9
2000-06-16,13.4,7.7,17.3,21893,0.0,1.04,3.2
2000-06-17,14.8,6.2,21.4,29044,0.0,1.0,1.7
2000-06-18,19.0,6.3,27.5,24451,0.0,1.09,1.5
2000-06-19,25.1,11.1,33.4,29939,0.0,1.52,1.5
2000-06-20,27.4,15.3,36.5,30320,0.0,1.96,1.5
2000-06-21,28.2,16.4,37.2,28657,0.0,2.09,1.9
2000-06-22,21.1,18.0,26.8,20231,16.5,2.04,2.4
2000-06-23,17.4,14.6,25.0,20735,0.0,1.67,2.7
2000-06-24,13.0,11.7,19.0,11418,6.3,1.36,2.5
2000-06-25,13.9,9.7,17.2,12302,0.1,1.19,3.1
2000-06-26,12.8,10.3,16.8,13822,0.3,1.22,3.5
2000-06-27,12.6,9.6,16.1,13938,0.0,1.16,3.3
2000-06-28,11.2,9.6,15.0,11887,0.3,1.16,2.7
2000-06-29,11.9,10.0,14.4,10346,0.4,1.19,2.5
2000-06-30,12.2,10.9,14.9,10331,0.2,1.26,2.5
2000-07-01,16.9,8.9,22.1,22527,1.8,1.18,2.1
2000-07-02,17.1,12.6,22.8,17418,0.0,1.46,1.4
2000-07-03,19.6,13.2,24.2,14091,11.6,1.52,1.9
2000-07-04,16.3,14.9,18.8,10767,0.0,1.64,1.8
2000-07-05,16.5,14.2,20.2,10745,7.5,1.57,2.9
2000-07-06,16.7,14.8,21.1,14020,0.0,1.65,2.2
2000-07-07,15.1,7.3,20.5,21218,0.0,1.06,1.9
2000-07-08,14.1,10.1,17.9,15864,0.2,1.22,2.6
2000-07-09,14.9,11.6,20.9,13681,0.0,1.36,2.8
2000-07-10,15.3,13.3,21.1,14662,4.6,1.51,3.2
2000-07-11,17.3,12.5,22.8,18166,0.0,1.46,3.0
2000-07-12,14.1,12.3,15.9,10048,0.0,1.38,3.4
2000-07-13,14.7,8.3,19.4,16448,3.4,1.1,2.9
2000-07-14,14.6,12.6,20.5,11621,2.6,1.43,2.6
2000-07-15,15.1,10.6,19.0,14353,0.0,1.27,2.1
2000-07-16,16.5,9.4,21.4,14438,0.0,1.21,1.7
2000-07-17,16.3,11.8,20.2,18288,0.0,1.37,2.0
2000-07-18,13.5,12.8,15.4,9836,0.0,1.42,2.5
2000-07-19,13.6,11.8,15.8,9796,0.3,1.34,3.2
2000-07-20,15.2,12.6,19.3,10756,0.2,1.42,3.0
2000-07-21,15.9,12.1,20.1,10588,0.4,1.39,2.6
2000-07-22,16.6,14.2,20.7,14160,0.5,1.58,1.7
2000-07-23,17.7,12.7,22.6,17844,0.6,1.47,1.2
2000-07-24,20.7,9.5,25.5,25867,2.7,1.27,1.7
2000-07-25,17.7,15.8,22.7,11643,9.6,1.75,2.4
2000-07-26,18.5,14.8,22.6,11963,1.1,1.66,2.0
2000-07-27,18.0,15.6,23.3,12899,1.9,1.74,1.7
2000-07-28,17.2,15.3,22.2,10867,5.8,1.7,2.2
2000-07-29,16.4,14.6,18.4,9458,13.2,1.61,2.4
2000-07-30,16.7,13.2,19.1,9528,0.0,1.47,2.3
2000-07-31,15.7,12.8,19.7,11560,0.0,1.45,1.7
2000-08-01,19.2,9.5,26.6,21783,2.3,1.28,1.5
2000-08-02,17.0,16.5,19.0,9608,4.5,1.81,2.1
2000-08-03,18.4,11.8,24.0,20393,3.4,1.42,1.8
2000-08-04,16.4,14.1,23.0,15933,4.2,1.59,1.4
2000-08-05,17.3,11.1,23.6,21797,0.0,1.36,1.6
2000-08-06,17.7,11.8,21.7,16867,0.2,1.39,2.0
2000-08-07,15.3,14.1,20.5,17629,0.0,1.57,2.4
2000-08-08,14.2,9.9,16.6,10450,0.2,1.2,1.8
2000-08-09,14.5,8.5,21.2,20692,0.0,1.14,1.6
2000-08-10,19.2,9.2,25.3,12466,1.0,1.25,2.0
2000-08-11,17.4,15.6,21.6,10604,0.0,1.74,1.9
2000-08-12,17.1,11.0,24.1,14451,0.0,1.36,1.2
2000-08-13,20.8,12.2,28.0,23243,0.0,1.51,1.1
2000-08-14,22.2,14.6,31.2,24305,0.0,1.77,1.3
2000-08-15,23.2,15.7,28.6,16777,0.6,1.82,1.9
2000-08-16,19.1,15.4,25.3,15742,13.6,1.74,1.9
2000-08-17,19.2,14.4,26.1,17979,0.9,1.66,2.0
2000-08-18,18.8,14.5,24.4,15664,6.6,1.65,1.5
2000-08-19,19.6,16.8,24.9,11050,7.6,1.9,1.7
2000-08-20,19.7,15.7,24.3,14656,0.5,1.76,1.7
2000-08-21,15.6,13.8,20.7,8702,0.4,1.55,2.0
2000-08-22,16.2,12.2,20.8,17085,0.0,1.42,1.4
2000-08-23,15.0,10.9,21.0,18223,0.0,1.31,1.6
2000-08-24,16.1,7.4,20.7,15950,0.0,1.06,2.2
2000-08-25,16.4,15.0,20.8,16402,0.0,1.66,1.9
2000-08-26,16.8,7.6,22.3,22232,0.0,1.1,2.8
2000-08-27,19.0,12.1,24.4,19406,0.0,1.45,2.4
2000-08-28,16.4,14.8,20.4,7718,5.7,1.63,1.7
2000-08-29,16.6,9.3,23.2,15266,0.2,1.22,1.3
2000-08-30,14.8,9.3,22.6,19545,0.0,1.21,1.3
2000-08-31,15.4,9.0,22.5,14701,0.0,1.18,1.3
2000-09-01,15.7,11.6,22.1,12081,14.8,1.37,1.8
2000-09-02,14.4,12.3,19.2,9706,1.0,1.41,2.9
2000-09-03,13.8,12.0,16.2,7033,5.8,1.36,3.6
2000-09-04,12.0,9.5,17.2,11228,0.0,1.17,2.2
2000-09-05,13.0,8.9,17.6,10168,2.8,1.14,1.6
2000-09-06,14.7,9.4,19.6,10280,7.8,1.18,2.4
2000-09-07,14.7,11.6,19.5,14268,0.2,1.34,2.3
2000-09-08,16.3,11.3,18.3,6535,0.0,1.31,2.1
2000-09-09,17.4,15.2,21.2,6456,1.5,1.68,1.5
2000-09-10,16.9,12.7,21.9,11414,0.0,1.45,1.2
2000-09-11,14.1,11.5,18.9,10789,0.0,1.33,1.3
2000-09-12,16.7,9.5,20.4,11997,0.9,1.2,1.9
2000-09-13,17.0,14.7,21.5,9561,0.1,1.63,2.2
2000-09-14,15.3,12.9,19.4,6659,0.0,1.46,1.4
2000-09-15,14.7,12.0,18.6,8658,0.0,1.37,2.1
2000-09-16,12.9,11.6,15.0,5999,7.2,1.32,3.0
2000-09-17,11.2,10.0,13.7,5821,0.1,1.19,2.0
2000-09-18,10.6,7.5,15.9,14463,0.0,1.02,2.1
2000-09-19,9.3,5.0,11.6,11142,0.0,0.85,3.0
2000-09-20,10.0,8.5,11.6,5870,0.0,1.08,3.1
2000-09-21,12.2,7.3,17.7,15339,0.0,1.04,2.8
2000-09-22,11.9,7.4,18.8,14146,0.0,1.04,1.6
2000-09-23,12.1,6.7,18.8,14458,0.0,1.01,2.3
2000-09-24,10.5,5.4,16.3,15683,0.0,0.91,2.4
2000-09-25,12.0,4.7,17.5,11494,0.4,0.88,1.5
2000-09-26,14.4,10.5,16.9,5113,0.0,1.25,1.5
2000-09-27,15.8,11.6,21.8,11226,4.6,1.37,1.8
2000-09-28,17.7,12.7,21.9,8336,0.0,1.45,2.2
2000-09-29,17.1,12.8,23.1,13335,0.0,1.49,2.2
2000-09-30,16.6,11.4,22.6,13789,0.0,1.37,2.0
2000-10-01,16.3,10.8,20.9,12331,9.9,1.3,1.6
2000-10-02,13.3,10.7,18.1,7562,1.1,1.26,1.9
2000-10-03,12.4,7.6,18.7,13048,0.0,1.06,1.5
2000-10-04,14.5,9.3,18.7,4923,0.0,1.16,1.2
2000-10-05,14.6,12.5,18.5,5176,10.9,1.41,1.2
2000-10-06,11.2,9.9,14.6,4356,0.7,1.18,2.1
2000-10-07,9.7,8.6,12.2,4283,5.5,1.08,1.3
2000-10-08,10.2,7.8,12.9,5417,0.4,1.03,1.9
2000-10-09,9.8,8.8,11.3,4139,1.6,1.09,1.9
2000-10-10,10.1,7.4,11.8,4067,1.5,1.0,3.7
2000-10-11,11.7,6.7,13.9,4308,0.6,0.96,3.6
2000-10-12,11.3,9.5,16.5,8933,0.0,1.16,2.2
2000-10-13,12.4,8.2,16.2,5762,1.8,1.07,1.4
2000-10-14,13.2,9.8,18.6,9438,0.0,1.21,1.3
2000-10-15,13.0,10.7,14.3,3722,0.0,1.24,2.4
2000-10-16,13.3,11.1,18.5,8955,0.0,1.29,2.7
2000-10-17,10.4,6.5,16.4,6718,0.0,0.98,1.8
2000-10-18,10.9,6.5,15.1,8630,0.0,0.97,1.4
2000-10-19,10.5,8.8,14.4,4454,0.0,1.11,1.7
2000-10-20,11.0,7.4,14.8,4800,0.0,1.02,1.8
2000-10-21,11.4,7.8,15.5,8053,0.0,1.04,2.2
2000-10-22,11.1,7.3,17.2,9376,0.0,1.03,1.5
2000-10-23,10.9,6.2,15.8,9241,1.0,0.95,2.1
2000-10-24,11.6,9.2,14.5,5426,0.4,1.13,3.5
2000-10-25,11.8,9.4,14.0,3090,0.2,1.14,3.9
2000-10-26,9.1,6.8,13.6,4470,0.2,0.97,3.4
2000-10-27,9.3,5.3,12.2,4395,1.0,0.88,3.0
2000-10-28,11.7,8.9,13.3,2919,0.0,1.11,2.6
2000-10-29,10.9,8.7,15.2,6137,0.0,1.1,4.0
2000-10-30,13.7,7.9,16.0,2809,1.0,1.05,5.3
2000-10-31,9.9,8.2,15.8,2817,0.0,1.07,3.9
2000-11-01,9.0,6.1,13.1,6282,0.3,0.92,3.5
2000-11-02,8.6,3.9,12.0,7325,0.0,0.8,3.2
2000-11-03,8.0,6.5,11.3,2601,1.3,0.93,2.3
2000-11-04,5.8,3.0,11.8,4656,0.0,0.75,2.2
2000-11-05,5.5,1.4,10.2,3312,0.0,0.67,2.3
2000-11-06,5.8,1.5,7.9,3597,1.2,0.66,3.4
2000-11-07,8.8,5.4,13.1,6295,0.0,0.89,2.7
2000-11-08,9.1,3.7,12.8,4924,0.0,0.8,3.3
2000-11-09,7.8,5.7,12.4,3970,0.0,0.9,3.2
2000-11-10,7.2,4.0,9.6,2333,1.1,0.79,3.1
2000-11-11,6.4,4.6,9.9,4435,0.0,0.83,3.0
2000-11-12,8.2,3.5,11.0,4474,0.1,0.78,3.2
2000-11-13,9.2,7.4,11.5,2157,3.9,1.0,2.2
2000-11-14,8.3,7.1,10.1,2118,6.6,0.98,1.4
2000-11-15,7.0,5.5,10.0,2592,1.0,0.87,2.1
2000-11-16,5.7,3.7,9.7,5177,0.0,0.78,2.5
2000-11-17,3.4,0.8,5.7,2009,2.8,0.63,1.7
2000-11-18,3.8,2.8,6.8,3062,0.4,0.72,3.0
2000-11-19,5.2,2.4,8.3,4726,0.6,0.71,3.5
2000-11-20,5.8,2.5,9.8,3891,0.0,0.72,2.5
2000-11-21,4.7,2.2,6.0,1879,3.9,0.69,1.9
2000-11-22,7.4,3.7,9.8,3647,1.3,0.77,3.0
2000-11-23,5.7,1.7,9.0,3459,0.1,0.68,2.4
2000-11-24,5.2,3.6,7.0,1793,0.0,0.76,2.2
2000-11-25,4.5,0.9,6.6,1767,0.0,0.63,1.9
2000-11-26,4.1,2.5,6.3,2923,0.2,0.71,2.9
2000-11-27,5.5,2.6,7.9,1942,0.0,0.71,2.5
2000-11-28,6.1,2.3,7.8,1694,3.2,0.7,2.5
2000-11-29,9.2,7.0,12.6,3353,0.0,0.97,2.3
2000-11-30,6.4,4.1,11.6,2046,0.1,0.81,1.8
2000-12-01,5.4,2.9,7.2,2240,0.8,0.72,2.3
2000-12-02,6.5,3.5,11.2,1914,0.8,0.77,1.9
2000-12-03,7.4,5.0,9.4,1894,0.0,0.84,2.2
2000-12-04,4.6,-0.4,8.1,3536,0.0,0.59,2.3
2000-12-05,5.9,3.8,10.8,3043,0.0,0.79,2.4
2000-12-06,3.6,1.7,5.4,3187,0.0,0.67,2.4
2000-12-07,5.2,1.9,9.5,4042,0.2,0.69,2.6
2000-12-08,7.4,3.7,9.6,1521,0.4,0.78,3.0
2000-12-09,7.2,4.3,10.8,3785,0.1,0.81,2.7
2000-12-10,7.2,4.3,9.6,2859,2.4,0.81,3.6
2000-12-11,8.8,7.1,10.6,1490,5.0,0.97,3.9
2000-12-12,11.2,9.1,13.0,1482,4.7,1.11,3.3
2000-12-13,10.8,9.4,13.0,1679,0.2,1.14,5.4
2000-12-14,6.6,4.2,9.2,2200,0.1,0.81,4.3
2000-12-15,4.7,4.0,6.4,1869,3.9,0.78,4.5
2000-12-16,3.5,2.0,5.3,1460,2.0,0.68,4.7
2000-12-17,3.6,3.1,4.1,1457,1.7,0.74,2.3
2000-12-18,1.8,-0.5,4.2,1455,0.0,0.57,1.5
2000-12-19,1.5,-0.2,2.7,1454,0.0,0.58,1.4
2000-12-20,-1.5,-1.9,1.4,1454,0.0,0.51,3.1
2000-12-21,-1.4,-2.0,-0.1,2707,0.0,0.5,2.9
2000-12-22,-3.5,-5.6,-1.2,3357,0.0,0.39,2.4
2000-12-23,-5.9,-9.0,-2.2,4133,0.0,0.3,1.7
2000-12-24,-2.7,-9.4,-1.5,1465,3.6,0.3,1.6
2000-12-25,-1.2,-2.1,0.0,1470,0.4,0.5,1.8
2000-12-26,-1.7,-4.4,-0.6,1477,5.1,0.43,1.8
2000-12-27,0.0,-2.6,0.8,1484,0.5,0.48,1.7
2000-12-28,0.9,-0.5,1.4,1493,0.1,0.56,2.4
2000-12-29,-1.5,-5.3,0.7,1874,0.0,0.4,2.8
2000-12-30,-1.1,-8.6,-0.3,2135,0.6,0.32,2.3
2000-12-31,-1.8,-5.3,0.8,3275,0.0,0.4,2.4
2001-01-01,-1.5,-10.4,1.0,1942,5.4,0.28,3.2
2001-01-02,0.5,-0.7,2.2,1705,0.5,0.56,2.9
2001-01-03,2.3,-0.5,4.8,1973,0.6,0.57,3.1
2001-01-04,2.0,-1.3,3.3,3094,0.9,0.54,3.1
2001-01-05,4.5,1.9,5.4,2351,8.5,0.68,3.8
2001-01-06,5.5,2.5,9.2,1772,2.6,0.72,3.4
2001-01-07,2.0,0.0,6.2,3568,0.0,0.6,2.4
2001-01-08,1.3,-1.0,5.7,3647,0.0,0.56,2.0
2001-01-09,3.7,-0.8,5.3,1657,0.1,0.56,2.4
2001-01-10,2.2,0.7,4.6,1856,0.0,0.62,1.6
2001-01-11,-0.4,-4.3,2.7,4660,0.0,0.44,1.9
2001-01-12,-0.4,-1.9,0.2,1725,0.0,0.51,1.8
2001-01-13,-1.6,-2.8,-0.9,1749,0.0,0.48,2.2
2001-01-14,-2.0,-2.8,-1.5,1775,0.0,0.48,2.2
2001-01-15,-1.5,-2.9,-0.6,1802,0.0,0.47,2.4
2001-01-16,-2.3,-4.7,0.6,4513,0.0,0.42,1.8
2001-01-17,-3.6,-6.0,-0.8,3334,0.0,0.38,1.9
2001-01-18,-3.0,-5.9,-0.8,4437,0.0,0.38,1.8
2001-01-19,-1.8,-2.9,-0.3,1921,0.0,0.47,1.4
2001-01-20,-1.5,-6.6,-0.2,1953,0.0,0.37,1.4
2001-01-21,-0.6,-3.2,0.0,1987,0.0,0.46,1.8
2001-01-22,-0.8,-1.3,0.1,2022,0.8,0.53,3.1
2001-01-23,1.7,-0.4,2.8,2058,2.4,0.57,3.2
2001-01-24,4.5,1.6,6.2,2094,2.5,0.66,3.6
2001-01-25,3.3,-0.1,8.3,4319,0.2,0.6,2.4
2001-01-26,3.3,1.2,8.0,3753,0.0,0.65,2.5
2001-01-27,1.6,-1.0,3.1,3172,11.2,0.55,3.3
2001-01-28,0.9,0.3,2.1,2253,3.0,0.6,2.2
2001-01-29,1.6,0.5,3.7,2296,0.1,0.61,1.3
2001-01-30,0.6,-1.3,1.6,2339,0.0,0.53,1.0
2001-01-31,0.7,-1.3,3.6,2720,0.3,0.54,1.2
2001-02-01,-0.4,-1.4,1.1,2430,1.1,0.53,2.1
2001-02-02,-3.6,-6.8,-0.5,4947,0.0,0.36,2.2
2001-02-03,-5.2,-11.3,-3.6,4852,1.0,0.25,2.7
2001-02-04,-4.5,-5.3,-3.5,2573,10.1,0.39,3.3
2001-02-05,2.3,-6.5,4.4,2623,4.1,0.38,4.3
2001-02-06,6.6,3.4,9.6,2735,2.3,0.76,3.6
2001-02-07,7.0,5.4,10.3,3339,2.9,0.87,2.6
2001-02-08,7.4,5.0,13.5,5135,1.3,0.87,3.1
2001-02-09,2.7,1.4,7.4,2834,0.6,0.66,2.4
2001-02-10,0.1,-3.0,5.0,6193,0.0,0.48,1.3
2001-02-11,5.5,-0.9,8.1,2946,0.2,0.57,3.1
2001-02-12,7.9,6.7,11.2,3003,0.6,0.95,3.0
2001-02-13,3.8,-0.1,7.2,4314,0.0,0.6,2.5
2001-02-14,2.8,-1.9,5.3,3454,0.0,0.53,2.0
2001-02-15,0.3,-1.8,7.4,7642,0.0,0.53,1.5
2001-02-16,2.1,-5.1,10.3,7827,4.3,0.45,1.5
2001-02-17,2.4,1.2,6.5,6282,0.0,0.65,2.3
2001-02-18,3.9,0.5,8.0,5260,0.0,0.62,2.9
2001-02-19,3.3,0.4,4.8,3430,0.6,0.61,2.9
2001-02-20,4.9,1.8,7.4,8881,0.2,0.68,3.8
2001-02-21,5.1,4.1,8.2,4578,3.6,0.79,5.0
2001-02-22,2.7,0.7,5.6,5539,11.7,0.62,4.9
2001-02-23,-1.6,-3.6,1.2,4735,5.3,0.45,2.9
2001-02-24,-6.3,-16.0,-1.5,9406,1.2,0.19,1.6
2001-02-25,-0.8,-10.2,0.7,4135,0.9,0.29,2.2
2001-02-26,-2.0,-8.0,2.7,6056,0.4,0.34,2.2
2001-02-27,-1.5,-10.8,0.1,5761,0.0,0.27,2.5
2001-02-28,-0.1,-6.1,2.2,9553,0.0,0.39,2.1
2001-03-01,1.1,-2.9,5.6,8332,0.0,0.49,2.2
2001-03-02,-1.6,-5.1,1.9,4265,0.8,0.41,2.1
2001-03-03,-0.1,-4.3,2.7,6373,0.5,0.44,2.0
2001-03-04,-0.1,-2.7,0.7,4331,1.2,0.48,2.5
2001-03-05,-0.4,-3.1,3.9,6233,0.3,0.48,1.7
2001-03-06,-0.9,-5.9,4.6,13211,0.0,0.4,2.2
2001-03-07,2.2,-3.5,5.0,8542,0.3,0.47,2.4
2001-03-08,6.3,2.6,8.5,4631,0.6,0.72,2.1
2001-03-09,9.3,5.0,13.7,6092,0.0,0.87,2.7
2001-03-10,9.2,6.9,12.8,4959,1.5,0.96,2.7
2001-03-11,9.7,7.6,13.5,5214,1.0,1.02,2.8
2001-03-12,10.9,8.2,13.6,5919,0.1,1.06,3.0
2001-03-13,7.5,5.6,11.4,10683,1.3,0.89,3.6
2001-03-14,4.7,3.2,8.0,6820,0.8,0.75,3.9
2001-03-15,4.5,1.8,9.6,7189,0.0,0.69,2.3
2001-03-16,2.4,0.3,6.8,5622,0.0,0.61,1.7
2001-03-17,2.5,-1.9,5.2,5332,1.2,0.52,2.5
2001-03-18,2.0,0.4,2.5,5411,12.3,0.61,3.3
2001-03-19,2.3,-0.3,6.0,5491,2.2,0.58,5.0
2001-03-20,-1.4,-4.2,2.3,11025,0.0,0.44,2.1
2001-03-21,-0.2,-6.8,4.2,15107,0.2,0.38,2.5
2001-03-22,0.3,-1.4,0.9,5731,2.1,0.53,3.1
2001-03-23,0.9,0.1,1.7,5811,5.0,0.59,2.8
2001-03-24,0.7,0.4,0.9,5891,0.4,0.6,2.6
2001-03-25,0.3,-0.1,1.2,5971,3.0,0.58,3.7
2001-03-26,0.7,-2.3,5.5,16490,0.0,0.51,2.9
2001-03-27,-0.8,-4.0,3.3,15637,0.0,0.45,2.7
2001-03-28,1.9,-3.1,5.5,16296,0.0,0.49,3.7
2001-03-29,5.1,0.6,7.9,7011,0.5,0.63,3.6
2001-03-30,5.7,2.9,8.8,6373,0.5,0.74,1.6
2001-03-31,8.9,0.1,13.7,11238,0.0,0.64,2.1
2001-04-01,10.3,6.7,14.9,7580,0.1,0.98,1.9
2001-04-02,11.5,2.1,18.1,16521,0.0,0.77,1.8
2001-04-03,10.5,3.9,19.5,11678,0.9,0.86,2.6
2001-04-04,10.4,2.4,16.3,12109,2.1,0.76,3.2
2001-04-05,7.8,4.6,12.6,12329,0.0,0.84,3.7
2001-04-06,8.3,5.6,11.8,6928,2.2,0.88,3.5
2001-04-07,8.7,4.5,12.2,7985,0.3,0.83,2.6
2001-04-08,8.4,3.7,14.9,13645,0.1,0.81,2.0
2001-04-09,6.7,2.9,11.4,15630,0.0,0.75,2.2
2001-04-10,8.2,3.4,11.6,8234,5.5,0.77,2.4
2001-04-11,8.4,4.2,13.2,7427,0.6,0.82,2.2
2001-04-12,3.9,0.4,8.3,14544,4.2,0.62,3.8
2001-04-13,2.2,-0.2,4.5,8030,0.1,0.58,3.3
2001-04-14,2.4,-1.6,6.1,15107,0.2,0.53,2.3
2001-04-15,2.0,-0.2,4.4,7618,4.6,0.58,3.1
2001-04-16,6.1,3.6,9.8,7692,0.7,0.77,2.3
2001-04-17,5.0,1.7,8.0,8109,1.5,0.68,2.5
2001-04-18,5.0,1.7,8.9,8299,2.4,0.68,3.3
2001-04-19,3.6,0.6,7.9,13572,0.9,0.63,2.5
2001-04-20,4.7,-0.4,11.0,16104,1.3,0.61,1.5
2001-04-21,6.3,2.8,10.4,17024,0.0,0.73,2.7
2001-04-22,6.1,4.1,8.5,8125,0.0,0.79,2.0
2001-04-23,7.7,4.8,10.0,8899,0.1,0.84,1.8
2001-04-24,9.5,1.5,16.2,23584,0.0,0.72,2.0
2001-04-25,12.4,6.6,19.5,14364,9.3,1.0,2.5
2001-04-26,10.3,6.4,15.9,14927,0.6,0.95,3.1
2001-04-27,9.5,4.5,15.4,16922,2.1,0.86,1.9
2001-04-28,9.9,5.8,14.4,11280,0.8,0.91,2.7
2001-04-29,12.4,7.0,17.7,16509,0.0,1.01,2.1
2001-04-30,16.8,10.0,24.6,20206,0.0,1.27,1.6
2001-05-01,16.5,9.8,22.6,24164,0.0,1.25,2.3
2001-05-02,13.2,7.0,19.9,25602,0.0,1.03,2.4
2001-05-03,18.0,9.9,26.0,24740,0.0,1.31,2.5
2001-05-04,14.7,11.7,17.1,14868,0.0,1.35,2.4
2001-05-05,10.7,8.8,12.9,10065,1.4,1.1,3.3
2001-05-06,8.8,7.0,12.2,9025,0.6,0.97,3.1
2001-05-07,9.9,6.2,14.7,13863,0.1,0.94,2.4
2001-05-08,13.7,7.4,21.9,24619,0.0,1.08,2.0
2001-05-09,14.5,5.7,21.7,26926,0.0,0.98,2.5
2001-05-10,17.2,7.6,24.3,26155,0.0,1.12,2.3
2001-05-11,15.5,8.6,21.3,27479,0.0,1.15,2.1
2001-05-12,14.3,4.7,22.0,25214,0.0,0.93,1.8
2001-05-13,15.7,6.2,23.6,24923,0.0,1.02,1.7
2001-05-14,17.8,9.1,26.3,25747,0.2,1.26,1.7
2001-05-15,17.0,12.3,22.1,14862,0.7,1.43,2.0
2001-05-16,16.4,10.6,22.9,20034,1.3,1.3,2.6
2001-05-17,14.4,10.1,20.7,15223,0.5,1.25,2.7
2001-05-18,12.0,8.7,15.6,16779,0.1,1.1,3.3
2001-05-19,11.1,5.9,16.7,21096,0.4,0.93,3.0
2001-05-20,11.0,3.7,17.1,21280,0.0,0.82,2.2
2001-05-21,11.1,5.0,16.8,21714,0.0,0.89,2.4
2001-05-22,13.6,7.6,19.7,28565,0.0,1.07,2.3
2001-05-23,15.4,4.0,23.0,29004,0.0,0.91,1.8
2001-05-24,17.1,6.7,24.2,28938,0.0,1.06,1.7
2001-05-25,15.5,9.5,22.3,28616,0.0,1.22,1.8
2001-05-26,16.5,6.4,24.9,25384,0.0,1.07,1.3
2001-05-27,17.1,9.1,23.9,18475,1.3,1.22,2.4
2001-05-28,15.9,14.9,17.9,10032,3.0,1.63,3.2
2001-05-29,17.3,12.4,21.4,18681,0.0,1.44,4.2
2001-05-30,14.8,9.5,19.1,16562,0.0,1.19,2.3
2001-05-31,12.2,5.9,17.4,15199,4.3,0.95,2.4
2001-06-01,12.3,9.0,17.3,13326,2.7,1.14,2.9
2001-06-02,12.4,8.7,15.8,10813,3.7,1.11,3.2
2001-06-03,9.3,7.7,14.5,13127,3.3,1.03,4.3
2001-06-04,11.0,8.9,14.5,11244,1.9,1.12,3.5
2001-06-05,13.1,10.4,15.9,10630,0.0,1.23,1.8
2001-06-06,14.3,10.4,19.4,11925,0.0,1.25,1.8
2001-06-07,13.5,9.3,19.5,13218,2.0,1.17,3.2
2001-06-08,11.7,9.3,15.2,11836,1.7,1.15,1.8
2001-06-09,12.5,8.4,17.4,23452,0.3,1.1,1.4
2001-06-10,9.5,7.5,11.4,11104,5.8,1.0,1.6
2001-06-11,11.7,6.3,16.7,22341,0.2,0.96,2.4
2001-06-12,11.3,5.8,14.8,17253,1.0,0.91,2.6
2001-06-13,12.3,4.0,18.5,25048,0.0,0.85,1.4
2001-06-14,14.3,9.2,21.7,16256,0.5,1.18,1.4
2001-06-15,15.8,7.3,22.5,24176,3.6,1.09,1.8
2001-06-16,18.3,14.4,23.2,21504,0.2,1.64,1.9
2001-06-17,16.5,11.9,22.8,19595,9.4,1.4,2.2
2001-06-18,16.2,11.8,21.6,17047,0.0,1.39,3.0
2001-06-19,14.8,9.0,20.9,19219,0.0,1.18,2.7
2001-06-20,15.4,7.8,22.0,26366,0.0,1.11,1.6
2001-06-21,15.2,11.1,21.3,14497,1.7,1.33,2.3
2001-06-22,12.5,9.6,16.7,13984,4.8,1.18,2.9
2001-06-23,15.9,10.2,20.8,15639,0.0,1.26,2.7
2001-06-24,16.0,11.3,21.6,22010,0.0,1.35,1.9
2001-06-25,15.0,9.3,21.6,27357,0.0,1.2,1.7
2001-06-26,18.1,9.7,25.4,27473,0.0,1.27,1.5
2001-06-27,21.1,13.8,27.2,28734,0.3,1.63,1.9
2001-06-28,18.3,15.3,19.6,10371,4.0,1.69,1.9
2001-06-29,19.1,13.2,25.1,21185,0.0,1.55,1.5
2001-06-30,20.2,14.4,27.2,23077,4.2,1.68,1.6
2001-07-01,18.1,13.4,22.2,19876,0.0,1.52,2.7
2001-07-02,15.9,10.6,20.6,13495,0.0,1.28,2.0
2001-07-03,17.7,8.2,24.5,29878,0.0,1.17,1.8
2001-07-04,21.5,13.8,27.3,28070,0.0,1.64,2.6
2001-07-05,23.7,16.8,30.1,29055,0.0,1.98,2.1
2001-07-06,24.6,17.4,30.7,26865,0.0,2.05,2.3
2001-07-07,24.6,18.8,30.9,16810,1.1,2.19,2.7
2001-07-08,19.8,17.9,23.6,11457,1.5,2.01,2.9
2001-07-09,17.4,14.5,20.0,10164,1.1,1.62,2.6
2001-07-10,19.4,14.5,25.0,19883,1.8,1.66,2.3
2001-07-11,19.0,11.8,23.9,21744,0.3,1.41,3.6
2001-07-12,17.3,10.7,23.1,22083,1.2,1.32,3.2
2001-07-13,18.0,14.3,23.5,21915,2.2,1.63,2.6
2001-07-14,16.8,13.5,21.4,11530,3.7,1.54,2.1
2001-07-15,17.2,15.1,18.8,10991,5.5,1.65,2.1
2001-07-16,13.1,10.8,14.5,9948,12.2,1.25,1.7
2001-07-17,15.1,10.3,20.1,14815,0.0,1.26,1.4
2001-07-18,16.5,8.5,22.6,20297,0.0,1.16,2.4
2001-07-19,18.1,11.3,25.1,24635,4.0,1.38,2.4
2001-07-20,18.0,11.0,24.4,23073,0.0,1.35,2.3
2001-07-21,17.2,12.4,23.2,14634,0.0,1.46,2.2
2001-07-22,20.8,12.8,26.1,19456,0.0,1.53,1.4
2001-07-23,22.4,16.4,27.8,16155,0.0,1.88,1.4
2001-07-24,23.0,16.6,29.8,19463,0.0,1.95,1.4
2001-07-25,22.8,16.3,28.1,20894,0.0,1.87,1.7
2001-07-26,22.8,15.9,28.7,25296,0.0,1.84,1.4
2001-07-27,21.8,11.9,29.5,28442,0.0,1.52,1.2
2001-07-28,23.1,12.4,31.5,24895,9.4,1.58,1.3
2001-07-29,21.0,13.9,28.4,18520,13.1,1.66,1.7
2001-07-30,21.7,12.0,30.4,19929,0.0,1.52,2.1
2001-07-31,18.1,15.4,21.7,10020,2.9,1.72,1.8
2001-08-01,17.9,10.2,22.9,18553,0.0,1.27,1.9
2001-08-02,17.9,8.2,24.4,25700,0.8,1.16,2.1
2001-08-03,21.5,16.5,30.1,14371,0.6,1.94,2.8
2001-08-04,17.5,12.3,24.0,14911,1.1,1.46,2.1
2001-08-05,15.7,11.3,23.2,16784,2.0,1.36,2.8
2001-08-06,16.3,9.6,22.1,17190,1.2,1.23,2.4
2001-08-07,17.7,14.1,22.0,11548,3.3,1.59,2.8
2001-08-08,18.0,13.0,23.4,16182,2.7,1.51,3.5
2001-08-09,17.3,11.7,23.9,19226,0.1,1.41,2.6
2001-08-10,15.0,11.4,22.0,15657,0.8,1.36,2.5
2001-08-11,14.2,9.3,19.6,18322,0.2,1.17,2.1
2001-08-12,16.0,11.2,23.2,9889,11.8,1.36,2.5
2001-08-13,17.0,15.8,18.3,8514,2.9,1.73,2.5
2001-08-14,21.4,17.7,27.5,15195,0.0,2.02,1.6
2001-08-15,25.8,18.5,33.5,22890,0.0,2.23,1.7
2001-08-16,25.6,19.1,33.7,23477,2.9,2.31,2.4
2001-08-17,20.0,14.4,25.0,19372,0.0,1.66,1.6
2001-08-18,18.7,13.3,23.4,15879,0.0,1.52,2.0
2001-08-19,20.6,16.4,26.4,11132,0.4,1.86,1.9
2001-08-20,19.7,14.6,24.7,13017,0.0,1.67,1.6
2001-08-21,20.6,17.5,24.9,9353,0.0,1.96,1.3
2001-08-22,21.0,17.0,25.6,13409,0.0,1.93,1.5
2001-08-23,21.5,16.1,28.2,17999,0.0,1.87,1.5
2001-08-24,23.2,16.7,30.2,15037,1.1,1.95,1.2
2001-08-25,24.4,18.0,31.7,21160,0.0,2.12,1.1
2001-08-26,24.3,15.6,32.7,20686,0.0,1.88,1.4
2001-08-27,17.8,12.5,22.2,12022,7.0,1.44,2.9
2001-08-28,14.8,11.8,18.6,11702,0.0,1.36,3.2
2001-08-29,15.8,12.1,21.6,14716,0.0,1.42,1.9
2001-08-30,17.1,10.9,23.3,20460,0.0,1.33,1.9
2001-08-31,15.9,12.9,19.0,7563,0.2,1.46,1.7
2001-09-01,15.5,9.3,22.4,12951,0.5,1.2,2.3
2001-09-02,14.3,9.9,19.3,9255,1.1,1.21,2.5
2001-09-03,16.8,14.8,19.9,7003,7.5,1.64,2.2
2001-09-04,14.6,10.5,18.9,9398,1.2,1.26,2.3
2001-09-05,13.1,7.6,19.8,8771,0.1,1.07,2.4
2001-09-06,14.8,12.1,19.0,10487,0.0,1.39,2.1
2001-09-07,13.0,11.4,17.4,8064,18.0,1.32,2.9
2001-09-08,12.1,8.4,15.9,13849,1.8,1.09,4.9
2001-09-09,10.7,8.2,14.5,7264,28.1,1.07,5.2
2001-09-10,13.7,11.8,17.1,7387,1.3,1.35,4.9
2001-09-11,11.4,10.2,12.9,6377,8.6,1.2,3.6
2001-09-12,12.1,8.9,17.6,9666,1.2,1.14,2.8
2001-09-13,12.7,9.3,18.0,8448,2.0,1.16,3.1
2001-09-14,12.0,9.1,17.6,8856,0.5,1.14,2.1
2001-09-15,12.7,9.1,18.1,10056,0.4,1.15,2.8
2001-09-16,10.9,6.1,16.0,10641,0.8,0.94,1.9
2001-09-17,11.4,8.0,16.5,10625,0.4,1.06,1.6
2001-09-18,9.8,6.2,12.1,5821,18.3,0.92,1.8
2001-09-19,12.4,7.9,17.9,16014,0.0,1.08,3.1
2001-09-20,12.0,10.3,15.1,5951,7.6,1.22,3.2
2001-09-21,12.5,10.4,16.5,7681,6.8,1.22,2.4
2001-09-22,11.7,11.2,13.4,5599,3.0,1.28,1.7
2001-09-23,12.3,9.9,17.0,8426,0.1,1.2,1.7
2001-09-24,11.6,8.0,15.2,5626,3.7,1.05,2.1
2001-09-25,12.0,11.1,13.5,5269,1.2,1.28,1.4
2001-09-26,11.8,7.9,14.9,5191,0.1,1.05,1.3
2001-09-27,10.3,7.8,11.9,5113,11.3,1.03,1.8
2001-09-28,12.3,11.0,14.8,5753,0.1,1.27,1.4
2001-09-29,14.8,12.4,19.7,9403,0.7,1.42,1.7
2001-09-30,12.9,11.4,14.5,4881,3.4,1.3,2.0
2001-10-01,14.5,12.3,16.9,4805,7.4,1.39,3.3
2001-10-02,16.3,13.8,20.5,5074,2.2,1.54,3.1
2001-10-03,14.2,10.0,16.8,6963,0.7,1.21,2.4
2001-10-04,13.0,9.6,17.9,7712,0.0,1.18,2.6
2001-10-05,12.1,8.3,18.4,7941,0.0,1.09,1.6
2001-10-06,12.6,8.3,19.3,8994,0.0,1.1,1.8
2001-10-07,13.7,11.1,16.5,4356,1.5,1.28,2.0
2001-10-08,13.9,10.3,20.2,8104,0.7,1.25,2.8
2001-10-09,13.0,8.1,18.0,10163,0.0,1.08,2.9
2001-10-10,13.7,10.4,18.0,8755,1.6,1.25,2.9
2001-10-11,13.7,12.6,14.8,4067,3.1,1.41,2.3
2001-10-12,14.8,8.2,20.3,7346,0.0,1.11,1.7
2001-10-13,13.5,7.0,21.0,9781,0.0,1.05,1.4
2001-10-14,15.5,9.7,22.3,7438,0.0,1.23,1.4
2001-10-15,15.6,12.4,20.7,7103,0.0,1.42,1.3
2001-10-16,14.4,9.4,21.2,7520,0.0,1.2,1.4
2001-10-17,11.3,9.0,14.8,3655,0.0,1.12,1.8
2001-10-18,12.6,11.2,14.1,3662,0.0,1.28,2.1
2001-10-19,11.5,7.7,15.4,5106,0.0,1.04,1.9
2001-10-20,10.8,7.8,15.5,8506,0.0,1.04,2.5
2001-10-21,10.3,8.0,12.0,3466,5.7,1.04,2.2
2001-10-22,11.1,9.7,11.9,3333,2.9,1.16,2.0
2001-10-23,9.4,6.9,13.0,7524,0.0,0.97,1.9
2001-10-24,7.5,4.6,10.2,6192,0.3,0.83,2.3
2001-10-25,9.6,8.1,12.1,3417,0.0,1.05,1.8
2001-10-26,11.4,8.8,16.7,6927,0.0,1.12,2.1
2001-10-27,10.0,6.7,12.6,3686,4.1,0.95,2.6
2001-10-28,11.0,9.0,14.3,5363,0.5,1.11,2.4
2001-10-29,9.9,8.9,11.4,2919,6.6,1.09,3.1
2001-10-30,14.2,11.6,17.5,5004,0.0,1.33,4.0
2001-10-31,12.6,6.9,18.3,5421,0.9,1.01,4.2
2001-11-01,7.5,4.9,10.5,5826,0.0,0.84,3.8
2001-11-02,8.4,4.6,10.6,2703,0.0,0.83,2.0
2001-11-03,10.2,9.7,11.1,2652,0.0,1.16,2.1
2001-11-04,9.6,8.1,12.3,3252,0.3,1.04,2.3
2001-11-05,7.0,4.1,9.6,6292,3.7,0.8,2.8
2001-11-06,6.6,4.0,8.9,2504,1.4,0.79,4.1
2001-11-07,6.6,4.8,8.5,2514,2.9,0.83,3.6
2001-11-08,5.1,2.0,6.7,2411,10.4,0.68,4.0
2001-11-09,1.7,-0.9,4.8,3645,0.0,0.56,2.8
2001-11-10,0.2,-4.1,4.7,6551,0.0,0.45,2.4
2001-11-11,3.4,0.4,5.4,2279,0.1,0.61,2.5
2001-11-12,6.5,4.5,8.9,2237,1.6,0.81,2.1
2001-11-13,1.4,-3.4,6.1,5269,0.0,0.47,1.9
2001-11-14,-0.7,-4.0,5.7,5140,0.2,0.46,1.6
2001-11-15,1.2,-2.2,6.1,2791,0.0,0.52,2.5
2001-11-16,5.0,-1.4,8.7,4074,0.1,0.55,1.7
2001-11-17,4.7,-1.2,7.5,2044,0.4,0.56,1.7
2001-11-18,6.8,5.0,8.1,2009,0.0,0.84,1.5
2001-11-19,5.8,-1.4,8.3,1975,0.1,0.55,1.7
2001-11-20,0.4,-3.4,4.1,3896,0.2,0.47,1.6
2001-11-21,7.2,3.2,9.6,2152,3.7,0.76,3.5
2001-11-22,5.3,0.6,8.2,1975,2.3,0.63,4.8
2001-11-23,1.4,-1.1,4.4,4877,0.0,0.55,3.3
2001-11-24,-0.1,-3.0,3.7,3459,0.2,0.48,2.3
2001-11-25,1.8,0.3,3.5,1793,1.4,0.6,1.7
2001-11-26,3.5,1.9,6.3,1767,3.3,0.68,1.9
2001-11-27,1.0,-1.0,2.7,1741,3.2,0.55,1.7
2001-11-28,4.0,1.3,6.7,1807,0.2,0.65,2.8
2001-11-29,3.5,1.1,4.7,1694,8.9,0.64,2.7
2001-11-30,3.3,2.1,4.0,1672,0.0,0.69,2.8
2001-12-01,0.9,-0.4,2.6,4064,1.6,0.57,3.0
2001-12-02,0.2,-0.6,1.3,1631,0.6,0.56,1.8
2001-12-03,-0.6,-1.1,-0.2,1612,0.0,0.54,2.1
2001-12-04,1.2,-1.1,5.8,1594,5.1,0.55,3.2
2001-12-05,6.3,4.1,8.4,1663,2.2,0.8,3.0
2001-12-06,4.8,4.1,5.3,1562,3.0,0.79,3.5
2001-12-07,4.0,2.4,4.9,1547,0.0,0.7,1.5
2001-12-08,0.5,-2.5,3.3,1826,0.0,0.49,1.9
2001-12-09,-2.3,-3.7,-1.4,1688,0.0,0.45,1.7
2001-12-10,0.4,-2.0,3.1,1510,0.5,0.51,1.5
2001-12-11,3.3,2.4,3.9,1500,0.5,0.7,1.4
2001-12-12,3.8,1.4,5.1,1531,0.3,0.65,2.2
2001-12-13,-3.6,-9.4,1.4,3730,0.0,0.31,3.5
2001-12-14,-6.4,-10.6,-3.2,3023,0.2,0.27,2.2
2001-12-15,0.0,-3.3,1.8,1469,0.1,0.46,1.9
2001-12-16,0.6,-0.1,1.8,2112,1.0,0.58,2.3
2001-12-17,1.3,0.2,1.9,1460,0.3,0.59,1.7
2001-12-18,0.7,-0.7,2.3,1457,0.2,0.56,1.9
2001-12-19,3.2,0.5,5.1,1455,1.6,0.61,3.6
2001-12-20,-2.8,-5.7,0.5,3754,2.9,0.39,3.1
2001-12-21,0.4,-3.0,2.2,1454,7.8,0.48,5.1
2001-12-22,-2.9,-5.0,-0.2,1455,0.0,0.41,2.8
2001-12-23,-5.3,-8.9,-3.9,2630,1.2,0.3,3.1
2001-12-24,-1.6,-5.3,2.1,1461,10.3,0.4,4.7
2001-12-25,2.4,-0.1,3.9,1465,1.3,0.59,5.4
2001-12-26,1.7,0.8,2.2,1552,0.0,0.62,3.5
2001-12-27,0.5,-0.8,1.4,1477,4.9,0.55,4.3
2001-12-28,2.1,0.2,3.8,1484,6.4,0.6,5.4
2001-12-29,0.2,-2.2,2.6,2068,0.0,0.5,3.4
2001-12-30,-1.9,-3.8,-0.8,1626,0.1,0.45,3.1
2001-12-31,-4.4,-6.8,-3.4,1803,0.1,0.35,2.4
2002-01-01,0.4,-4.5,3.2,1525,3.7,0.43,3.5
2002-01-02,0.2,-5.7,4.0,4261,0.0,0.4,3.1
2002-01-03,-4.3,-8.2,-1.3,4418,0.0,0.32,2.4
2002-01-04,-7.9,-11.2,-2.6,4833,0.0,0.26,1.7
2002-01-05,-7.0,-12.1,-0.2,4701,0.0,0.25,1.5
2002-01-06,1.1,-2.9,3.1,1599,1.2,0.48,2.1
2002-01-07,1.5,-0.6,3.3,1618,0.1,0.56,1.5
2002-01-08,0.5,-0.7,1.6,1637,0.1,0.56,1.3
2002-01-09,-0.7,-1.3,-0.2,1657,0.1,0.53,1.3
2002-01-10,-0.2,-1.2,0.1,1679,0.1,0.53,1.4
2002-01-11,-2.4,-3.9,-0.4,1701,1.2,0.44,1.8
2002-01-12,0.6,-0.7,1.1,1725,1.6,0.56,1.6
2002-01-13,0.5,-0.3,0.7,1749,0.0,0.57,1.7
2002-01-14,-1.8,-4.9,0.0,1775,0.0,0.41,2.1
2002-01-15,-4.0,-7.0,-0.8,5109,0.0,0.35,2.4
2002-01-16,-3.6,-7.8,0.2,1830,0.1,0.34,1.7
2002-01-17,0.8,-0.2,2.9,2715,0.2,0.58,2.2
2002-01-18,0.7,-0.5,1.9,1890,2.4,0.57,2.5
2002-01-19,1.8,-0.4,4.4,1921,1.7,0.57,3.4
2002-01-20,4.0,2.0,6.6,2199,6.5,0.68,4.5
2002-01-21,8.2,6.3,10.6,1987,0.3,0.93,4.4
2002-01-22,7.0,4.2,9.3,2625,0.4,0.8,3.8
2002-01-23,6.5,4.9,8.4,2922,0.2,0.84,3.8
2002-01-24,8.2,5.3,10.7,2249,2.2,0.87,4.9
2002-01-25,3.3,0.8,5.6,3955,1.2,0.63,3.9
2002-01-26,7.8,1.9,11.0,2435,10.5,0.69,5.7
2002-01-27,8.3,4.7,10.5,2905,3.9,0.83,5.4
2002-01-28,9.5,4.6,13.9,2577,5.9,0.85,6.2
2002-01-29,9.0,6.8,10.2,2296,0.0,0.95,4.8
2002-01-30,9.8,6.4,12.1,4110,0.3,0.94,3.0
2002-01-31,7.8,3.8,10.1,2832,1.2,0.78,4.0
2002-02-01,7.1,3.7,10.9,2713,0.3,0.79,3.9
2002-02-02,10.6,7.2,14.0,4832,0.0,0.99,3.4
2002-02-03,8.1,4.2,13.4,7354,0.0,0.83,2.6
2002-02-04,7.7,5.0,11.6,3987,0.0,0.85,4.3
2002-02-05,9.9,6.5,11.5,2623,2.7,0.94,4.0
2002-02-06,7.9,3.9,11.7,4850,0.2,0.8,2.7
2002-02-07,6.0,4.2,9.5,3094,3.9,0.8,3.0
2002-02-08,7.6,4.8,11.1,5196,4.9,0.84,4.2
2002-02-09,9.7,7.0,13.1,2834,4.6,0.98,4.8
2002-02-10,6.6,4.9,9.5,4033,7.1,0.84,4.7
2002-02-11,9.0,5.7,11.6,2946,15.0,0.89,5.7
2002-02-12,10.3,8.2,12.6,6260,3.2,1.06,6.2
2002-02-13,5.4,-0.3,8.4,6821,0.0,0.59,2.7
2002-02-14,0.5,-2.5,4.6,9464,0.0,0.5,3.2
2002-02-15,-0.8,-4.5,6.0,9603,0.0,0.45,2.5
2002-02-16,0.2,-4.1,8.4,9812,0.0,0.47,1.9
2002-02-17,0.6,-2.2,6.8,7945,0.0,0.52,1.3
2002-02-18,1.8,-1.3,5.8,4208,1.0,0.55,2.9
2002-02-19,2.4,-0.2,5.6,4211,8.2,0.59,5.2
2002-02-20,3.6,-0.1,9.4,5219,2.2,0.61,5.2
2002-02-21,0.1,-2.6,3.1,6685,0.4,0.49,3.9
2002-02-22,1.1,-1.4,4.7,3627,8.8,0.54,5.4
2002-02-23,2.5,0.7,4.6,6372,1.6,0.62,5.7
2002-02-24,1.4,0.1,4.6,5944,4.6,0.59,4.3
2002-02-25,1.5,0.3,3.0,4668,8.3,0.6,3.2
2002-02-26,8.2,2.4,12.6,5132,6.7,0.73,6.3
2002-02-27,5.6,2.4,9.2,7318,0.9,0.71,5.1
2002-02-28,4.7,2.4,8.3,5616,0.1,0.71,4.5
2002-03-01,2.8,-0.1,5.6,5625,3.4,0.59,2.9
2002-03-02,0.9,-3.0,5.1,12152,0.0,0.49,2.4
2002-03-03,2.7,-0.5,5.5,9301,0.1,0.57,2.8
2002-03-04,6.6,4.8,8.8,4331,0.0,0.83,2.4
2002-03-05,6.5,5.2,8.1,4406,0.0,0.85,1.7
2002-03-06,6.6,2.8,8.8,4480,11.9,0.73,4.1
2002-03-07,7.0,4.5,9.5,7609,5.3,0.82,6.3
2002-03-08,6.3,4.1,11.2,8572,0.0,0.81,2.9
2002-03-09,7.0,3.7,10.9,5659,5.1,0.79,3.3
2002-03-10,5.6,3.0,8.9,7668,0.0,0.74,4.0
2002-03-11,6.9,2.3,13.9,13598,0.0,0.74,2.6
2002-03-12,7.5,1.0,15.0,8503,0.0,0.68,1.3
2002-03-13,6.7,2.2,8.3,5017,4.2,0.7,2.0
2002-03-14,2.3,0.0,4.3,5277,0.1,0.59,3.4
2002-03-15,0.9,-0.5,1.8,5174,0.0,0.57,3.3
2002-03-16,2.6,1.6,4.2,5253,0.0,0.66,2.2
2002-03-17,6.0,2.7,11.6,9062,0.0,0.74,2.0
2002-03-18,10.6,4.6,18.6,11526,2.7,0.88,2.8
2002-03-19,8.4,6.7,11.1,5681,0.8,0.96,4.6
2002-03-20,5.7,2.9,7.7,5762,3.6,0.73,3.6
2002-03-21,4.8,2.5,9.2,6133,4.7,0.72,3.5
2002-03-22,3.7,1.4,8.6,8649,0.1,0.66,3.8
2002-03-23,3.3,1.4,6.3,6595,0.2,0.65,3.0
2002-03-24,2.2,-0.9,4.2,6978,0.0,0.56,2.5
2002-03-25,1.3,-0.9,3.4,5971,0.0,0.55,1.7
2002-03-26,2.0,0.5,3.6,6052,0.0,0.61,1.3
2002-03-27,2.9,-2.3,7.7,12199,0.0,0.52,1.6
2002-03-28,3.5,-3.8,11.6,18231,0.0,0.49,1.8
2002-03-29,6.0,-2.3,14.5,17064,0.0,0.56,1.9
2002-03-30,9.7,1.0,17.9,15670,0.0,0.72,1.3
2002-03-31,8.0,3.1,14.8,7909,0.0,0.78,1.4
2002-04-01,9.6,2.0,17.0,17005,0.0,0.75,1.3
2002-04-02,11.2,4.3,17.5,18630,0.0,0.86,2.4
2002-04-03,10.0,4.8,14.9,18893,0.0,0.87,4.1
2002-04-04,6.8,1.9,13.3,19476,0.0,0.71,3.4
2002-04-05,3.7,-1.0,9.0,18452,0.0,0.57,3.7
2002-04-06,2.7,-2.6,6.6,8874,0.0,0.5,2.7
2002-04-07,2.8,-5.0,9.9,20271,0.0,0.45,1.9
2002-04-08,4.3,-2.5,10.3,20207,0.0,0.53,2.1
2002-04-09,5.3,-1.5,12.0,18269,0.0,0.58,2.4
2002-04-10,6.8,1.9,11.0,12657,0.0,0.69,3.6
2002-04-11,7.5,4.1,10.6,7872,0.0,0.8,2.7
2002-04-12,9.8,6.5,13.0,7392,1.2,0.95,2.3
2002-04-13,8.2,7.9,9.2,7468,2.7,1.03,2.3
2002-04-14,8.5,7.8,9.2,7543,7.1,1.02,2.2
2002-04-15,7.1,5.9,8.4,7618,17.5,0.89,2.4
2002-04-16,5.8,5.1,6.5,7692,3.0,0.84,1.9
2002-04-17,8.2,5.5,12.2,9712,2.0,0.88,1.4
2002-04-18,7.9,2.9,13.3,11289,0.0,0.76,1.4
2002-04-19,10.0,5.4,15.4,9875,4.1,0.9,1.6
2002-04-20,9.6,5.8,13.4,8447,0.0,0.91,1.5
2002-04-21,10.4,5.4,16.5,21450,0.0,0.92,1.5
2002-04-22,10.3,0.6,18.2,24030,0.0,0.71,1.3
2002-04-23,12.0,5.9,18.6,12773,0.1,0.95,2.3
2002-04-24,10.9,7.9,13.1,8263,0.7,1.04,1.7
2002-04-25,12.6,8.2,17.8,10934,0.0,1.09,1.5
2002-04-26,11.2,7.7,15.6,10535,4.4,1.04,2.7
2002-04-27,7.9,2.3,12.5,14064,2.5,0.73,4.3
2002-04-28,6.9,0.8,12.0,9965,3.2,0.66,3.4
2002-04-29,9.3,6.5,14.4,13751,3.3,0.95,4.4
2002-04-30,10.4,6.6,14.8,12749,0.0,0.97,3.4
2002-05-01,13.3,9.2,17.2,10774,0.2,1.16,3.0
2002-05-02,11.9,9.2,14.3,9028,0.7,1.13,1.7
2002-05-03,12.3,10.3,14.7,9454,2.6,1.21,2.2
2002-05-04,11.0,10.6,11.5,8907,11.1,1.23,2.6
2002-05-05,12.3,10.0,15.9,9699,0.9,1.2,2.0
2002-05-06,10.9,8.5,13.6,9025,1.9,1.08,1.8
2002-05-07,10.2,7.7,11.9,9083,0.1,1.01,2.0
2002-05-08,15.7,8.9,23.8,19582,0.0,1.21,2.6
2002-05-09,19.2,12.6,24.9,25694,0.0,1.5,2.7
2002-05-10,19.5,14.3,25.2,26401,0.0,1.64,2.5
2002-05-11,16.9,13.2,23.8,17587,2.7,1.52,1.8
2002-05-12,15.7,12.0,19.9,12948,0.0,1.38,1.8
2002-05-13,14.9,11.2,21.1,21571,0.0,1.32,1.6
2002-05-14,15.5,11.3,20.1,16544,0.3,1.33,3.4
2002-05-15,13.6,8.8,18.2,16979,0.0,1.13,2.5
2002-05-16,17.3,9.2,23.7,24277,0.0,1.21,2.0
2002-05-17,13.3,7.6,19.2,21098,0.0,1.06,1.8
2002-05-18,14.3,3.9,21.0,28170,1.3,0.87,2.1
2002-05-19,13.8,11.8,16.0,9689,1.1,1.35,1.7
2002-05-20,15.9,11.3,21.2,17891,0.0,1.35,1.6
2002-05-21,17.0,10.7,22.6,24731,0.0,1.31,2.5
2002-05-22,19.4,12.8,25.8,26300,0.0,1.51,2.5
2002-05-23,18.7,14.3,24.2,16405,7.0,1.63,1.9
2002-05-24,15.5,13.6,19.9,13802,2.0,1.51,2.5
2002-05-25,15.8,11.6,19.7,13212,1.5,1.35,2.3
2002-05-26,12.3,7.8,14.6,10091,0.2,1.03,1.9
2002-05-27,14.5,6.8,20.3,16577,1.2,1.03,1.6
2002-05-28,16.6,13.0,19.6,10665,0.5,1.47,1.8
2002-05-29,16.9,10.8,23.1,19187,0.0,1.32,2.4
2002-05-30,14.8,7.9,20.5,24297,0.0,1.1,1.8
2002-05-31,13.6,8.0,20.0,19768,2.8,1.09,2.2
2002-06-01,13.1,6.7,19.2,26025,0.0,1.01,1.9
2002-06-02,15.3,5.6,22.2,27840,0.0,0.99,1.9
2002-06-03,16.9,8.6,22.9,26985,0.0,1.17,2.3
2002-06-04,20.0,13.4,25.9,23329,0.0,1.56,1.8
2002-06-05,21.9,16.3,26.7,20557,0.0,1.85,3.5
2002-06-06,19.7,15.9,24.7,19564,3.4,1.8,2.8
2002-06-07,15.5,14.0,16.4,10289,4.5,1.54,2.9
2002-06-08,14.8,12.5,16.6,10307,0.0,1.4,1.7
2002-06-09,15.9,9.3,20.8,16569,1.0,1.2,1.2
2002-06-10,15.8,12.3,19.9,12379,9.1,1.41,2.4
2002-06-11,15.7,11.7,20.8,21576,0.0,1.36,2.5
2002-06-12,15.4,12.4,20.4,12279,4.0,1.42,2.2
2002-06-13,14.3,12.6,17.3,11907,1.4,1.41,3.2
2002-06-14,15.1,11.9,18.9,13448,0.4,1.36,2.2
2002-06-15,18.6,12.0,25.0,14861,0.5,1.44,2.5
2002-06-16,18.5,12.2,24.2,14740,0.0,1.44,1.9
2002-06-17,22.2,15.7,28.6,23297,0.0,1.82,1.5
2002-06-18,25.3,17.3,32.2,28278,0.0,2.07,2.3
2002-06-19,21.9,17.3,25.5,17432,10.1,1.94,1.9
2002-06-20,19.6,13.9,27.3,17816,10.5,1.64,2.4
2002-06-21,18.4,14.8,21.8,15007,0.0,1.65,1.6
2002-06-22,19.5,13.0,24.8,24191,3.2,1.53,1.7
2002-06-23,18.3,11.9,22.8,21252,0.1,1.4,2.6
2002-06-24,15.6,9.1,20.6,25709,0.0,1.18,2.4
2002-06-25,16.3,9.9,21.7,20599,0.0,1.24,2.0
2002-06-26,17.6,9.1,24.1,24796,0.4,1.23,1.8
2002-06-27,16.5,9.4,20.7,16881,0.2,1.19,2.9
2002-06-28,13.2,7.7,18.0,21328,4.1,1.06,3.8
2002-06-29,14.0,9.8,18.4,20803,0.3,1.2,3.3
2002-06-30,14.3,9.6,18.2,11746,1.2,1.18,2.8
2002-07-01,15.0,13.4,18.1,10331,3.2,1.5,3.1
2002-07-02,16.1,12.2,19.6,13622,1.9,1.41,3.2
2002-07-03,15.5,11.7,18.4,10298,0.6,1.34,3.0
2002-07-04,14.5,10.4,18.0,10406,0.6,1.25,3.7
2002-07-05,16.7,8.0,23.7,21054,0.0,1.14,1.9
2002-07-06,17.7,13.1,21.2,12395,0.2,1.49,1.6
2002-07-07,16.5,11.0,22.7,14781,0.0,1.34,1.7
2002-07-08,20.8,11.1,28.0,25401,0.0,1.43,1.9
2002-07-09,25.3,16.8,33.0,28151,0.0,2.01,1.9
2002-07-10,23.2,14.1,31.6,23301,16.0,1.72,2.2
2002-07-11,17.0,12.1,22.6,17571,0.0,1.41,2.1
2002-07-12,19.3,11.6,25.5,22336,0.0,1.41,1.4
2002-07-13,21.1,15.5,26.8,19264,1.1,1.77,2.1
2002-07-14,18.4,15.3,20.8,10016,4.7,1.7,2.0
2002-07-15,17.7,14.8,21.8,11999,9.6,1.65,2.4
2002-07-16,19.9,15.6,25.6,16493,6.7,1.77,2.4
2002-07-17,19.4,17.5,23.5,11169,8.0,1.96,2.8
2002-07-18,17.8,16.6,20.0,10000,0.8,1.82,3.5
2002-07-19,16.1,15.2,17.7,9836,1.3,1.67,2.4
2002-07-20,15.2,10.0,17.4,11174,0.0,1.21,1.6
2002-07-21,15.4,10.0,21.6,19637,2.2,1.26,2.4
2002-07-22,14.0,11.4,16.8,11212,6.7,1.3,3.6
2002-07-23,16.4,11.2,21.6,12414,2.6,1.33,2.8
2002-07-24,16.6,13.3,20.6,12988,0.4,1.5,3.2
2002-07-25,14.9,12.4,20.1,12191,1.9,1.42,2.6
2002-07-26,15.7,13.5,17.7,10278,0.2,1.5,2.1
2002-07-27,19.3,14.4,25.4,18282,0.0,1.66,1.3
2002-07-28,22.7,14.8,29.6,26998,0.0,1.75,1.8
2002-07-29,24.8,16.1,32.1,25803,0.0,1.92,1.5
2002-07-30,25.7,19.5,32.2,21777,0.0,2.3,1.8
2002-07-31,24.5,18.5,31.3,18626,0.1,2.18,1.8
2002-08-01,22.8,19.4,31.7,19902,13.5,2.29,2.0
2002-08-02,18.5,13.6,20.1,10399,0.7,1.53,1.9
2002-08-03,19.2,11.6,26.0,23774,0.0,1.42,1.4
2002-08-04,18.7,15.7,24.2,10281,34.3,1.78,1.5
2002-08-05,18.0,17.2,20.8,9613,16.0,1.9,1.5
2002-08-06,19.1,15.7,24.8,19130,0.0,1.77,1.3
2002-08-07,19.9,16.0,24.8,15538,6.4,1.81,1.6
2002-08-08,19.4,16.4,22.9,10154,2.1,1.82,1.2
2002-08-09,19.7,15.8,25.3,13335,0.5,1.78,1.4
2002-08-10,20.3,15.4,25.4,17815,0.0,1.75,1.6
2002-08-11,22.0,16.4,27.9,17366,1.2,1.88,1.7
2002-08-12,18.7,18.1,19.5,8578,23.2,2.0,3.5
2002-08-13,17.6,15.2,20.0,8989,6.6,1.69,3.5
2002-08-14,18.7,14.3,23.6,10460,0.0,1.61,1.9
2002-08-15,20.0,14.4,25.1,20531,0.0,1.64,1.3
2002-08-16,20.2,12.1,26.9,20303,0.0,1.49,1.3
2002-08-17,22.3,17.1,28.0,21246,2.1,1.95,1.4
2002-08-18,21.8,17.6,27.4,20079,0.0,2.01,2.0
2002-08-19,23.0,17.0,29.7,22520,0.0,1.99,1.8
2002-08-20,21.8,16.2,28.2,22972,0.0,1.87,2.0
2002-08-21,22.2,15.4,28.9,21687,0.0,1.81,1.8
2002-08-22,21.1,14.1,28.3,20755,0.0,1.66,1.3
2002-08-23,20.8,13.6,29.0,19942,0.0,1.64,1.3
2002-08-24,21.6,15.5,28.6,17199,0.0,1.82,1.5
2002-08-25,20.5,16.4,25.2,19122,0.0,1.85,1.5
2002-08-26,21.6,15.7,29.3,16627,0.0,1.85,1.8
2002-08-27,23.1,17.4,29.9,18866,0.0,2.02,1.9
2002-08-28,22.2,16.4,29.2,16838,0.0,1.89,1.6
2002-08-29,21.5,16.7,27.0,14716,0.0,1.91,1.2
2002-08-30,20.2,14.3,26.8,15376,0.0,1.67,1.3
2002-08-31,19.6,13.1,26.9,14708,0.0,1.57,2.2
2002-09-01,16.5,9.5,21.1,15903,0.0,1.2,2.5
2002-09-02,15.9,8.4,22.8,19148,0.0,1.14,1.9
2002-09-03,18.1,11.0,24.2,17165,0.0,1.34,2.4
2002-09-04,20.0,14.9,25.9,14986,0.5,1.71,1.8
2002-09-05,17.6,11.2,25.5,14968,0.0,1.38,1.3
2002-09-06,16.2,8.1,24.2,16115,0.0,1.15,1.7
2002-09-07,16.6,9.0,24.8,14818,0.0,1.22,1.7
2002-09-08,19.0,11.4,27.1,18358,0.0,1.43,1.7
2002-09-09,20.3,14.8,26.8,17578,0.0,1.72,2.4
2002-09-10,20.7,16.2,27.2,14839,0.0,1.85,2.1
2002-09-11,18.5,13.4,23.6,13778,0.0,1.54,1.9
2002-09-12,15.9,10.0,22.3,19059,0.0,1.25,2.4
2002-09-13,16.4,9.9,22.7,15748,0.0,1.25,1.7
2002-09-14,15.0,10.9,19.2,8554,0.2,1.29,2.4
2002-09-15,13.1,6.0,18.0,15552,0.0,0.96,2.3
2002-09-16,11.8,4.8,17.5,7269,0.5,0.89,1.7
2002-09-17,15.1,12.1,19.8,8361,0.1,1.4,2.0
2002-09-18,14.8,12.6,19.0,7579,0.4,1.43,2.1
2002-09-19,13.5,9.3,19.5,13010,0.0,1.17,1.2
2002-09-20,13.7,11.3,18.0,6047,0.0,1.31,1.7
2002-09-21,12.8,10.0,17.5,7491,10.2,1.21,1.6
2002-09-22,11.2,9.3,13.1,5505,22.7,1.14,1.9
2002-09-23,8.2,6.9,9.2,5426,4.6,0.96,3.2
2002-09-24,8.5,2.6,15.1,14551,0.0,0.76,2.9
2002-09-25,8.8,0.7,16.4,7204,0.7,0.69,1.9
2002-09-26,12.5,10.8,15.0,6104,2.3,1.26,2.3
2002-09-27,9.3,3.5,13.4,7014,0.0,0.79,2.0
2002-09-28,8.5,0.9,16.1,8175,0.0,0.69,1.4
2002-09-29,12.5,10.3,16.3,4958,0.0,1.23,1.4
2002-09-30,12.7,7.7,19.1,12718,0.0,1.06,1.3
2002-10-01,11.6,5.1,19.8,12917,0.0,0.92,1.0
2002-10-02,11.8,5.4,19.9,12676,0.0,0.95,1.1
2002-10-03,12.5,6.3,21.2,8588,0.1,1.01,1.7
2002-10-04,12.9,9.6,17.5,8644,2.8,1.18,2.8
2002-10-05,11.4,9.2,14.3,7606,29.0,1.13,2.9
2002-10-06,9.9,5.7,12.1,4761,4.3,0.9,3.4
2002-10-07,6.2,2.0,9.4,6410,0.0,0.7,1.7
2002-10-08,6.4,1.5,8.9,4364,0.4,0.67,2.0
2002-10-09,8.0,2.8,12.0,6543,0.0,0.74,2.8
2002-10-10,5.3,1.7,11.2,12654,0.0,0.69,3.4
2002-10-11,5.1,0.8,11.0,11468,0.0,0.66,3.2
2002-10-12,4.3,1.1,8.5,9682,0.0,0.66,2.9
2002-10-13,1.6,0.8,3.9,3927,8.0,0.63,2.3
2002-10-14,3.5,1.6,6.0,3858,3.4,0.66,2.6
2002-10-15,6.4,5.6,7.4,3790,2.4,0.87,1.9
2002-10-16,11.5,7.4,17.1,7073,1.2,1.03,2.4
2002-10-17,11.6,8.3,14.6,7336,0.0,1.08,3.5
2002-10-18,7.1,5.0,8.9,3589,1.3,0.85,3.0
2002-10-19,5.5,2.1,9.6,5322,1.1,0.7,2.7
2002-10-20,4.4,0.5,10.4,4952,0.4,0.63,1.9
2002-10-21,4.2,0.8,8.2,3395,5.6,0.64,2.5
2002-10-22,11.2,8.6,14.4,3333,3.2,1.09,2.6
2002-10-23,10.8,6.0,14.3,3271,4.6,0.92,4.3
2002-10-24,5.3,1.6,8.5,5243,0.3,0.67,3.1
2002-10-25,7.5,0.9,12.6,5091,9.3,0.66,3.7
2002-10-26,9.9,8.4,12.3,3289,4.4,1.06,5.5
2002-10-27,9.3,7.3,13.5,3751,7.1,1.0,6.1
2002-10-28,7.7,5.9,10.0,6525,1.5,0.89,5.4
2002-10-29,6.9,4.2,10.2,4512,1.3,0.81,2.1
2002-10-30,6.9,6.0,8.9,3241,0.0,0.9,1.5
2002-10-31,6.3,2.6,9.6,2871,0.0,0.72,1.2
2002-11-01,6.9,3.1,10.8,4782,10.7,0.75,1.7
2002-11-02,5.4,0.3,9.1,3734,0.1,0.62,2.9
2002-11-03,2.1,0.1,4.7,2951,4.4,0.6,3.4
2002-11-04,1.4,-1.9,4.4,5205,0.0,0.52,2.4
2002-11-05,-0.7,-3.3,3.9,7052,0.0,0.47,1.7
2002-11-06,-0.9,-3.7,3.1,7352,0.0,0.45,2.4
2002-11-07,-0.4,-3.8,2.4,3825,1.3,0.45,2.2
2002-11-08,4.4,2.1,7.7,2692,10.1,0.7,3.4
2002-11-09,2.8,0.5,4.5,2366,3.9,0.61,4.2
2002-11-10,3.0,1.1,4.7,2322,1.5,0.64,1.9
2002-11-11,2.2,1.4,3.0,2279,2.1,0.65,2.7
2002-11-12,5.9,2.5,10.3,2237,0.3,0.72,2.6
2002-11-13,8.4,6.0,11.2,2991,0.2,0.91,2.8
2002-11-14,6.4,3.4,9.3,2471,0.2,0.76,2.3
2002-11-15,5.7,3.1,7.6,2118,2.2,0.74,1.2
2002-11-16,7.3,5.9,8.7,2081,6.4,0.89,2.0
2002-11-17,7.6,6.8,8.4,2044,3.2,0.95,2.9
2002-11-18,5.9,1.2,11.6,4557,0.2,0.67,1.4
2002-11-19,3.6,-1.0,6.4,1975,0.0,0.56,2.2
2002-11-20,-0.4,-2.8,3.9,5020,0.0,0.49,1.8
2002-11-21,0.3,-2.9,3.1,3360,0.0,0.48,2.6
2002-11-22,2.5,1.1,3.4,1879,5.2,0.63,2.1
2002-11-23,4.1,3.1,5.2,1849,0.5,0.73,1.6
2002-11-24,4.5,2.7,7.1,1961,0.0,0.72,1.6
2002-11-25,5.4,4.6,6.0,1793,0.4,0.81,2.0
2002-11-26,7.2,5.2,9.3,1767,0.0,0.85,1.9
2002-11-27,4.3,0.3,7.2,3242,0.0,0.61,1.9
2002-11-28,5.5,4.3,7.0,1717,0.0,0.8,2.3
2002-11-29,6.3,5.4,7.0,1694,19.5,0.86,1.4
2002-11-30,5.4,4.1,7.0,1672,3.9,0.79,1.9
2002-12-01,4.4,3.2,5.4,1651,0.1,0.74,2.1
2002-12-02,3.9,2.5,5.0,1892,0.0,0.71,2.5
2002-12-03,3.7,2.1,4.8,1612,0.2,0.68,1.7
2002-12-04,1.5,1.0,2.3,1594,0.0,0.63,1.5
2002-12-05,0.8,-2.1,2.0,1577,0.0,0.5,2.5
2002-12-06,-1.0,-2.3,-0.1,1562,0.0,0.49,3.6
2002-12-07,-4.7,-6.5,-1.8,1800,0.0,0.36,4.1
2002-12-08,-4.8,-9.1,-0.2,4585,0.0,0.31,4.0
2002-12-09,-8.7,-10.6,-6.8,3101,0.0,0.26,3.5
2002-12-10,-9.6,-12.3,-5.5,4282,0.0,0.23,2.6
2002-12-11,-7.4,-12.3,-1.9,4300,0.0,0.24,2.7
2002-12-12,-6.6,-9.6,-3.3,4074,0.0,0.29,2.3
2002-12-13,-8.3,-11.9,-4.3,3566,0.0,0.24,1.6
2002-12-14,-4.9,-8.4,-1.6,3715,0.0,0.32,2.6
2002-12-15,-3.6,-5.4,-2.0,1469,0.0,0.39,3.3
2002-12-16,-1.4,-2.4,-0.2,1464,1.1,0.49,2.8
2002-12-17,-0.1,-1.4,0.8,1460,0.2,0.53,2.1
2002-12-18,-0.5,-4.5,1.4,1457,0.4,0.43,2.1
2002-12-19,-0.1,-1.7,1.3,1455,0.0,0.52,1.5
2002-12-20,-2.5,-5.3,-0.3,2786,0.0,0.4,1.7
2002-12-21,-2.3,-4.6,-0.6,1454,0.0,0.42,1.7
2002-12-22,-1.4,-2.6,-0.3,1455,1.3,0.48,2.9
2002-12-23,-3.5,-5.1,-1.4,2953,0.0,0.4,2.9
2002-12-24,-4.0,-5.2,-2.7,1461,0.7,0.4,3.1
2002-12-25,-2.8,-4.7,-0.3,1465,0.0,0.42,2.2
2002-12-26,0.4,-1.3,2.5,1918,1.9,0.53,2.7
2002-12-27,1.6,0.3,2.7,1477,1.7,0.6,2.4
2002-12-28,3.3,1.0,6.1,1525,0.6,0.64,2.2
2002-12-29,4.4,0.9,6.2,1493,4.1,0.63,3.1
2002-12-30,0.2,-2.2,2.2,1502,1.6,0.5,3.6
2002-12-31,-4.3,-8.1,-1.9,4498,0.0,0.32,3.0
2003-01-01,-6.2,-10.1,1.1,1566,9.6,0.29,2.7
2003-01-02,3.6,0.7,6.6,1538,13.3,0.63,3.9
2003-01-03,0.1,-0.2,0.7,1551,1.2,0.58,3.4
2003-01-04,-2.7,-8.9,-0.2,2415,0.0,0.31,2.6
2003-01-05,-7.4,-13.4,-2.8,2180,4.9,0.22,2.2
2003-01-06,-5.1,-12.5,-2.1,1599,0.8,0.24,2.2
2003-01-07,-15.1,-18.7,-11.7,3005,0.0,0.14,1.8
2003-01-08,-15.0,-18.5,-10.1,4040,0.0,0.14,1.6
2003-01-09,-13.9,-17.4,-8.5,1657,0.0,0.16,1.6
2003-01-10,-7.4,-14.2,-3.1,1679,0.1,0.21,1.5
2003-01-11,-9.4,-16.7,-3.5,2015,0.3,0.18,2.0
2003-01-12,-0.3,-3.4,1.1,1725,4.1,0.46,2.7
2003-01-13,1.6,-0.2,3.4,1749,1.2,0.58,3.8
2003-01-14,5.7,3.1,7.3,1775,0.3,0.74,4.3
2003-01-15,5.3,3.8,7.1,1802,0.0,0.77,4.1
2003-01-16,5.1,4.0,6.6,1830,0.0,0.79,3.7
2003-01-17,3.0,0.2,6.5,5236,0.0,0.6,2.7
2003-01-18,1.3,-1.1,3.1,1890,0.0,0.54,2.5
2003-01-19,2.4,1.2,4.4,3768,1.7,0.64,3.0
2003-01-20,4.9,2.6,8.9,3870,0.1,0.72,3.1
2003-01-21,3.8,1.0,6.4,2136,0.0,0.64,2.7
2003-01-22,1.2,-0.9,5.5,3882,0.0,0.56,2.7
2003-01-23,3.0,0.2,6.7,2312,0.1,0.61,2.4
2003-01-24,3.2,2.5,3.9,2094,0.0,0.7,2.1
2003-01-25,2.3,0.6,4.4,2445,1.5,0.62,2.5
2003-01-26,4.3,1.0,6.0,2224,0.9,0.64,2.9
2003-01-27,7.3,4.1,9.7,2212,2.5,0.8,3.8
2003-01-28,5.2,2.0,9.4,3171,3.4,0.7,5.5
2003-01-29,2.2,0.5,3.9,2296,1.3,0.61,3.4
2003-01-30,0.4,-0.3,1.4,2339,2.4,0.57,2.7
2003-01-31,-2.4,-7.6,-0.4,2496,0.6,0.34,2.5
2003-02-01,-6.2,-10.4,-2.4,5777,0.0,0.28,2.2
2003-02-02,-2.8,-5.8,0.8,2477,1.9,0.39,3.5
2003-02-03,0.9,-1.3,2.8,3688,1.9,0.53,3.6
2003-02-04,0.5,-0.6,2.5,3104,1.2,0.57,2.4
2003-02-05,-0.7,-4.0,1.5,3638,0.0,0.44,2.4
2003-02-06,-2.4,-4.5,-0.7,2735,0.0,0.42,2.3
2003-02-07,-3.0,-6.9,-0.7,2727,3.3,0.35,2.0
2003-02-08,-0.6,-5.8,1.2,2780,0.2,0.39,1.5
2003-02-09,-3.7,-7.3,0.5,7666,0.0,0.35,2.3
2003-02-10,-2.9,-7.0,-0.7,2889,0.0,0.35,1.7
2003-02-11,-3.3,-7.0,-1.1,2946,0.0,0.35,1.9
2003-02-12,-4.9,-8.5,0.8,8605,0.0,0.32,2.2
2003-02-13,-6.2,-11.9,0.9,8931,0.0,0.26,2.0
2003-02-14,-4.5,-10.8,2.6,8997,0.2,0.28,1.6
2003-02-15,-0.9,-3.2,1.7,3248,0.0,0.47,2.3
2003-02-16,-5.4,-10.4,-0.3,9264,0.0,0.28,2.8
2003-02-17,-8.4,-13.5,-2.0,7460,0.1,0.22,2.0
2003-02-18,-2.8,-6.4,-0.6,3366,0.3,0.37,1.8
2003-02-19,-1.8,-2.6,-0.8,3430,0.0,0.49,2.2
2003-02-20,-2.2,-3.9,-0.5,5003,0.0,0.44,1.9
2003-02-21,-1.3,-2.6,0.6,3560,0.0,0.49,2.1
2003-02-22,0.2,-2.2,4.4,8407,0.0,0.51,2.2
2003-02-23,-0.6,-4.5,4.6,10687,0.0,0.44,1.9
2003-02-24,-0.6,-5.5,5.6,10912,0.0,0.41,1.4
2003-02-25,1.3,-4.7,8.5,11063,0.0,0.45,1.7
2003-02-26,0.8,-3.4,6.3,10984,0.0,0.48,1.8
2003-02-27,-0.2,-6.3,7.6,11056,0.0,0.41,1.4
2003-02-28,0.2,-1.4,2.7,4828,0.0,0.53,1.7
2003-03-01,1.7,-0.4,4.8,5466,0.0,0.57,1.8
2003-03-02,1.3,-0.8,4.9,6841,4.2,0.56,2.5
2003-03-03,-0.4,-1.9,0.4,4258,0.8,0.51,1.8
2003-03-04,-0.1,-1.1,1.4,5154,0.0,0.54,1.5
2003-03-05,0.9,-2.2,5.3,5320,0.0,0.51,2.2
2003-03-06,1.3,-1.8,4.6,6243,2.6,0.53,3.1
2003-03-07,2.7,0.0,6.3,4640,0.0,0.59,1.9
2003-03-08,4.2,-0.3,9.8,7030,3.7,0.61,3.5
2003-03-09,7.0,3.9,8.9,4707,0.9,0.79,3.4
2003-03-10,7.8,2.6,13.5,6794,0.0,0.74,2.8
2003-03-11,7.6,3.5,11.4,4861,8.5,0.78,3.2
2003-03-12,6.9,2.1,9.4,5206,2.3,0.7,3.4
2003-03-13,3.0,-0.1,7.3,14730,0.0,0.59,2.6
2003-03-14,2.5,-1.1,8.0,11540,0.0,0.56,2.5
2003-03-15,3.2,-1.5,9.0,12869,0.0,0.55,2.2
2003-03-16,4.3,-2.8,12.5,14774,0.0,0.54,1.7
2003-03-17,3.8,-0.5,9.2,8316,0.0,0.59,2.0
2003-03-18,5.4,-2.2,13.5,15478,0.0,0.56,1.8
2003-03-19,4.2,2.1,5.4,5491,0.0,0.68,2.5
2003-03-20,2.6,-2.5,4.7,5571,0.0,0.5,2.1
2003-03-21,-0.5,-4.1,4.4,16844,0.0,0.45,2.7
2003-03-22,1.1,-5.0,7.5,17113,0.0,0.44,2.4
2003-03-23,5.2,-2.9,15.3,17383,0.0,0.55,1.5
2003-03-24,7.6,-2.7,18.1,17357,0.0,0.58,1.7
2003-03-25,8.5,1.2,13.4,12844,0.0,0.68,1.6
2003-03-26,4.9,-1.6,10.6,14884,0.0,0.56,1.4
2003-03-27,7.3,4.4,12.1,7042,1.5,0.82,1.3
2003-03-28,8.9,2.8,14.8,11305,0.0,0.77,1.4
2003-03-29,8.3,-0.3,16.6,15525,0.0,0.66,1.4
2003-03-30,8.5,3.8,15.2,15257,0.0,0.82,2.3
2003-03-31,6.9,-0.1,12.4,16855,0.0,0.62,2.6
2003-04-01,8.0,-1.9,15.5,14701,3.0,0.58,3.2
2003-04-02,6.2,4.5,9.7,9037,3.0,0.82,3.8
2003-04-03,5.5,1.1,10.1,10193,1.0,0.66,3.2
2003-04-04,5.5,-1.1,11.4,16487,0.1,0.58,2.7
2003-04-05,4.8,0.6,8.7,10932,0.0,0.63,4.4
2003-04-06,1.2,-2.2,4.9,14170,0.0,0.51,3.6
2003-04-07,0.0,-3.2,3.0,9507,0.0,0.47,2.8
2003-04-08,-0.1,-4.5,4.5,9599,0.0,0.44,1.8
2003-04-09,-0.7,-5.3,3.8,12770,0.7,0.41,2.1
2003-04-10,1.5,-3.0,6.1,10003,0.0,0.49,1.6
2003-04-11,2.2,-3.8,8.3,11429,0.0,0.47,1.9
2003-04-12,5.0,-2.7,12.3,20244,0.0,0.53,1.4
2003-04-13,7.8,-2.0,15.6,20947,0.0,0.59,1.8
2003-04-14,11.2,4.0,17.6,21654,0.0,0.85,3.4
2003-04-15,13.4,6.2,20.2,21798,0.0,0.99,3.2
2003-04-16,13.2,7.5,19.1,22167,0.0,1.06,3.0
2003-04-17,12.1,4.1,19.5,22079,0.0,0.86,2.7
2003-04-18,5.3,3.0,9.2,12209,0.2,0.74,3.5
2003-04-19,9.2,3.8,14.9,13918,0.2,0.81,3.7
2003-04-20,14.1,8.0,20.0,22020,0.0,1.09,2.9
2003-04-21,14.7,9.2,20.8,22149,0.0,1.18,2.5
2003-04-22,14.1,6.8,21.8,23212,0.0,1.04,1.9
2003-04-23,12.2,5.1,19.5,20170,0.0,0.93,1.8
2003-04-24,11.9,3.9,19.5,21109,0.0,0.86,1.4
2003-04-25,13.4,3.6,21.1,18385,0.0,0.87,2.1
2003-04-26,14.3,11.3,18.6,8517,0.8,1.32,2.8
2003-04-27,12.4,8.9,16.9,16565,0.5,1.12,4.0
2003-04-28,13.4,6.3,18.0,12116,0.2,0.97,2.7
2003-04-29,14.7,7.6,20.2,13512,1.8,1.07,3.1
2003-04-30,13.7,5.8,19.9,12148,2.0,0.96,2.7
2003-05-01,13.1,7.8,17.4,15117,0.4,1.05,3.9
2003-05-02,13.8,5.5,20.0,21005,0.0,0.96,2.4
2003-05-03,12.1,6.9,14.9,11152,0.5,0.98,4.4
2003-05-04,13.7,3.8,21.7,25817,0.0,0.88,2.3
2003-05-05,19.9,9.8,29.5,24213,0.0,1.36,2.3
2003-05-06,15.6,12.3,18.3,9881,0.1,1.4,2.3
2003-05-07,13.5,8.8,18.7,25140,0.0,1.13,1.9
2003-05-08,16.9,7.3,25.4,24619,0.0,1.13,1.9
2003-05-09,12.3,10.2,14.5,9687,5.7,1.2,1.6
2003-05-10,13.9,9.7,19.5,18257,0.0,1.2,1.3
2003-05-11,16.1,10.3,21.3,18576,1.2,1.27,1.3
2003-05-12,16.3,11.3,22.2,16541,11.4,1.35,2.0
2003-05-13,11.5,5.4,16.0,13875,0.9,0.91,2.6
2003-05-14,9.0,3.4,14.5,18410,0.5,0.79,2.8
2003-05-15,9.8,3.7,15.6,21090,0.0,0.81,2.1
2003-05-16,9.6,1.9,15.8,19286,0.0,0.74,1.4
2003-05-17,12.6,5.3,19.5,17598,0.1,0.93,2.1
2003-05-18,14.0,9.4,18.3,16779,3.2,1.17,2.4
2003-05-19,14.7,11.7,18.9,12823,1.7,1.35,2.4
2003-05-20,13.5,8.0,17.8,19272,0.0,1.07,3.4
2003-05-21,12.0,7.0,16.5,14299,0.7,1.01,2.6
2003-05-22,13.6,7.4,17.9,17239,0.2,1.03,2.3
2003-05-23,15.5,10.4,19.9,10358,0.0,1.25,2.8
2003-05-24,20.1,10.3,28.5,25280,0.0,1.36,1.9
2003-05-25,20.7,14.7,26.8,27100,1.2,1.71,2.3
2003-05-26,16.3,12.6,20.5,22856,0.0,1.43,1.8
2003-05-27,17.4,12.5,22.4,25053,0.0,1.46,1.7
2003-05-28,17.1,11.1,23.5,22567,0.0,1.35,2.0
2003-05-29,18.1,9.6,25.3,29452,0.0,1.26,1.8
2003-05-30,20.1,10.9,28.0,29497,0.0,1.4,1.4
2003-05-31,19.3,10.0,28.0,20149,0.2,1.33,1.5
2003-06-01,19.5,9.5,27.5,29454,0.0,1.29,1.5
2003-06-02,21.6,11.5,28.9,29111,0.0,1.47,2.2
2003-06-03,23.8,16.6,30.8,24697,0.0,1.96,1.5
2003-06-04,25.2,18.0,33.0,26890,0.0,2.16,2.0
2003-06-05,23.7,18.1,31.3,23357,4.4,2.13,1.8
2003-06-06,19.1,12.2,24.8,27458,0.0,1.46,1.6
2003-06-07,20.8,10.6,29.0,27485,0.0,1.4,1.4
2003-06-08,23.4,15.7,31.8,22157,6.2,1.88,2.1
2003-06-09,17.4,10.7,21.6,25364,0.0,1.3,3.1
2003-06-10,19.0,8.2,25.5,25129,0.0,1.17,1.8
2003-06-11,21.6,13.3,26.4,22851,0.0,1.57,2.5
2003-06-12,20.2,10.9,27.2,22356,0.0,1.4,1.6
2003-06-13,18.8,11.5,23.7,27472,0.0,1.39,2.0
2003-06-14,16.5,8.7,22.8,20721,0.0,1.17,1.6
2003-06-15,17.1,8.8,22.8,23155,0.0,1.17,1.6
2003-06-16,17.5,12.6,22.3,20866,0.0,1.45,1.8
2003-06-17,18.6,10.9,24.4,28146,0.0,1.35,1.6
2003-06-18,19.1,13.6,24.0,15260,0.2,1.57,2.2
2003-06-19,18.1,13.1,23.6,13348,5.6,1.53,3.3
2003-06-20,15.1,12.4,18.7,17177,6.5,1.4,4.5
2003-06-21,15.0,11.4,19.3,15262,0.4,1.33,3.1
2003-06-22,16.0,9.6,21.2,21001,0.1,1.21,1.6
2003-06-23,19.7,13.9,26.1,17552,2.7,1.62,3.1
2003-06-24,18.1,14.0,23.6,24051,0.0,1.6,3.3
2003-06-25,15.3,12.9,18.2,12820,0.0,1.45,2.7
2003-06-26,16.9,12.8,22.2,14342,0.0,1.47,1.7
2003-06-27,17.7,9.7,23.9,23763,0.0,1.25,1.7
2003-06-28,19.8,10.2,27.0,29864,0.0,1.35,1.5
2003-06-29,21.3,16.2,27.7,12524,0.0,1.86,1.5
2003-06-30,19.3,13.2,25.2,24350,0.1,1.54,1.7
2003-07-01,19.0,15.2,22.5,13258,0.4,1.69,2.7
2003-07-02,16.9,13.0,21.6,16294,3.1,1.49,3.0
2003-07-03,16.7,12.9,22.8,17418,2.2,1.49,3.0
2003-07-04,15.6,14.2,17.7,10406,4.6,1.57,3.4
2003-07-05,15.8,14.1,19.8,11529,0.7,1.57,3.3
2003-07-06,16.1,14.6,18.2,10237,0.0,1.61,2.6
2003-07-07,17.0,12.5,22.3,16937,0.0,1.45,1.6
2003-07-08,17.9,12.6,22.4,18556,1.1,1.46,1.6
2003-07-09,17.6,13.7,22.6,14218,2.2,1.55,2.2
2003-07-10,17.0,11.1,23.3,17225,0.0,1.36,1.9
2003-07-11,19.7,9.4,28.1,26170,5.2,1.3,2.0
2003-07-12,17.5,13.3,22.9,20946,0.0,1.53,2.7
2003-07-13,17.2,11.2,22.3,19012,0.0,1.35,1.9
2003-07-14,20.0,10.2,27.0,28051,0.0,1.35,2.1
2003-07-15,22.1,14.1,28.4,25102,0.0,1.67,2.0
2003-07-16,24.6,17.2,30.8,25429,0.9,2.02,2.6
2003-07-17,22.9,18.1,30.5,16072,11.3,2.13,2.2
2003-07-18,21.2,16.1,26.4,19795,0.0,1.85,1.9
2003-07-19,23.1,13.8,29.7,28272,0.0,1.67,1.6
2003-07-20,25.9,17.7,32.6,27582,0.0,2.12,2.1
2003-07-21,24.0,19.9,29.6,12757,0.6,2.33,1.7
2003-07-22,21.3,17.2,26.0,21454,0.1,1.94,1.9
2003-07-23,21.6,14.7,27.3,21394,0.0,1.7,1.4
2003-07-24,21.1,16.8,28.2,17969,10.6,1.92,1.6
2003-07-25,21.2,16.8,26.3,22013,1.2,1.89,1.6
2003-07-26,19.5,17.2,23.6,10774,2.4,1.93,1.9
2003-07-27,23.6,17.4,30.8,17910,1.6,2.06,2.6
2003-07-28,21.1,15.7,26.7,19701,0.0,1.8,1.9
2003-07-29,19.4,12.0,26.8,17163,0.0,1.48,1.3
2003-07-30,21.0,12.5,27.9,20176,0.0,1.54,1.5
2003-07-31,22.4,15.0,28.8,22806,0.0,1.76,1.4
2003-08-01,24.4,16.9,31.2,21129,0.0,2.01,1.2
2003-08-02,25.3,17.9,31.6,14928,0.3,2.11,1.2
2003-08-03,25.4,19.5,31.2,20477,0.0,2.28,1.3
2003-08-04,24.0,17.9,30.1,25998,0.0,2.09,1.5
2003-08-05,22.2,13.8,29.1,25899,0.0,1.65,1.7
2003-08-06,21.6,14.4,27.8,24585,0.0,1.69,1.5
2003-08-07,22.7,14.0,30.5,25814,0.0,1.7,1.3
2003-08-08,23.6,13.8,32.1,24984,0.0,1.72,1.3
2003-08-09,24.7,14.2,33.8,25478,0.0,1.79,1.6
2003-08-10,22.9,15.3,30.2,26086,0.0,1.81,2.0
2003-08-11,22.4,15.4,29.2,25971,0.0,1.8,1.6
2003-08-12,25.9,16.3,34.2,21683,0.0,1.99,1.4
2003-08-13,24.8,17.6,32.6,23951,0.0,2.11,2.7
2003-08-14,19.0,14.3,24.8,15195,0.1,1.64,2.8
2003-08-15,18.5,13.3,24.6,18644,0.0,1.55,3.1
2003-08-16,18.2,12.3,24.1,18188,0.0,1.46,2.1
2003-08-17,18.4,8.4,26.1,24173,1.1,1.19,1.5
2003-08-18,21.5,15.9,30.2,13546,0.4,1.86,2.4
2003-08-19,20.4,15.1,24.7,11945,0.1,1.71,2.6
2003-08-20,17.4,10.9,23.0,15217,0.0,1.34,1.9
2003-08-21,17.7,9.1,25.0,14079,0.0,1.23,1.7
2003-08-22,19.8,14.6,25.8,16049,2.1,1.67,2.9
2003-08-23,19.4,13.8,25.6,15713,0.2,1.6,2.7
2003-08-24,17.8,12.6,23.8,14240,0.0,1.48,2.3
2003-08-25,18.6,10.6,26.2,18102,0.0,1.36,1.7
2003-08-26,16.6,8.3,22.9,15387,0.0,1.15,2.4
2003-08-27,16.1,12.3,20.7,11798,0.1,1.41,3.3
2003-08-28,15.9,11.9,21.4,8911,1.8,1.4,1.4
2003-08-29,14.5,12.3,17.0,7385,10.9,1.38,2.5
2003-08-30,15.6,10.6,20.7,12393,0.1,1.28,2.5
2003-08-31,13.4,8.2,18.3,14818,1.5,1.08,2.5
2003-09-01,12.9,9.7,19.0,13498,2.5,1.21,2.4
2003-09-02,12.3,6.0,17.2,17952,0.0,0.96,1.8
2003-09-03,12.0,4.9,18.0,8084,0.4,0.89,1.9
2003-09-04,15.8,10.9,20.3,9183,0.0,1.31,1.8
2003-09-05,15.6,7.3,23.1,20096,0.0,1.1,1.6
2003-09-06,17.7,11.0,24.4,17920,0.0,1.35,1.9
2003-09-07,17.0,12.6,22.0,8169,0.0,1.46,1.4
2003-09-08,18.7,13.2,25.1,15946,0.3,1.55,1.9
2003-09-09,15.5,13.4,20.0,7993,6.1,1.51,1.8
2003-09-10,14.4,11.8,19.2,8319,30.9,1.35,2.0
2003-09-11,13.5,11.6,16.5,8021,2.9,1.33,3.1
2003-09-12,15.5,11.1,19.1,7012,0.8,1.31,2.0
2003-09-13,15.0,11.4,19.3,12909,0.0,1.33,2.1
2003-09-14,15.9,13.0,20.9,9360,0.0,1.47,1.4
2003-09-15,15.7,10.5,21.4,14553,0.0,1.28,1.3
2003-09-16,16.0,10.3,23.5,15799,0.0,1.29,1.4
2003-09-17,15.7,11.5,22.0,11117,0.0,1.36,1.3
2003-09-18,17.7,10.4,26.8,16760,0.0,1.34,1.7
2003-09-19,17.7,9.8,26.8,16595,0.0,1.3,1.9
2003-09-20,18.7,11.7,27.8,16237,0.0,1.46,1.3
2003-09-21,17.1,9.2,24.6,16644,0.0,1.23,2.2
2003-09-22,18.9,9.0,28.7,15907,0.0,1.27,2.6
2003-09-23,13.6,7.3,19.5,9083,3.1,1.05,3.2
2003-09-24,10.2,4.7,16.6,13808,0.0,0.88,2.0
2003-09-25,10.3,3.2,17.4,15683,0.0,0.81,2.0
2003-09-26,13.3,7.2,20.2,15148,0.0,1.05,2.2
2003-09-27,12.6,5.0,17.8,10002,0.0,0.9,1.8
2003-09-28,10.3,2.3,17.0,11226,6.4,0.76,1.5
2003-09-29,11.7,9.4,15.7,6914,0.1,1.16,2.5
2003-09-30,9.6,5.8,13.9,5057,0.0,0.92,1.6
2003-10-01,11.5,5.2,17.6,11870,0.9,0.91,1.8
2003-10-02,12.3,5.6,17.6,8011,0.2,0.94,1.6
2003-10-03,10.2,4.1,15.1,6792,5.2,0.84,1.7
2003-10-04,11.4,4.7,15.4,6526,2.5,0.86,2.4
2003-10-05,7.8,3.8,14.2,8444,0.0,0.81,2.0
2003-10-06,7.5,3.8,12.1,8496,2.8,0.8,4.1
2003-10-07,8.5,7.4,10.9,5177,2.8,0.99,4.5
2003-10-08,8.7,6.4,13.3,6234,5.0,0.95,4.4
2003-10-09,10.0,7.9,13.1,8072,0.7,1.04,3.9
2003-10-10,12.7,11.0,15.1,4616,0.4,1.27,4.0
2003-10-11,11.2,8.1,13.3,5642,0.5,1.06,3.3
2003-10-12,8.0,2.0,13.8,9370,0.0,0.72,2.0
2003-10-13,6.4,0.3,14.1,10936,0.0,0.66,1.7
2003-10-14,4.6,-0.3,11.0,9114,0.0,0.61,2.2
2003-10-15,4.9,0.3,11.5,10719,0.0,0.63,2.0
2003-10-16,5.2,-0.7,11.0,5881,0.0,0.6,2.0
2003-10-17,4.1,0.1,9.5,10796,0.0,0.61,2.2
2003-10-18,2.9,-2.2,10.6,10575,0.0,0.54,1.7
2003-10-19,2.3,-3.5,10.8,10069,0.0,0.5,1.2
2003-10-20,2.5,-3.0,7.6,3601,0.0,0.5,1.8
2003-10-21,5.0,3.5,7.5,3395,0.3,0.76,1.8
2003-10-22,3.2,-0.2,7.7,8331,0.0,0.6,2.0
2003-10-23,0.9,-2.7,6.0,9376,0.0,0.5,2.6
2003-10-24,-1.0,-6.5,5.6,8699,0.0,0.39,1.8
2003-10-25,4.0,0.1,7.1,3217,2.4,0.6,3.5
2003-10-26,4.2,-1.4,6.1,3090,2.8,0.54,2.3
2003-10-27,0.1,-4.4,6.1,9109,0.0,0.45,1.4
2003-10-28,1.4,-3.1,8.1,8332,0.0,0.49,2.0
2003-10-29,2.2,-1.8,4.9,2919,1.9,0.53,2.1
2003-10-30,4.7,3.3,6.7,2863,5.8,0.75,1.9
2003-10-31,5.8,2.7,8.6,3058,0.0,0.73,2.7
2003-11-01,7.3,4.7,11.1,2878,0.2,0.84,2.5
2003-11-02,7.7,4.0,12.6,4462,0.3,0.81,3.1
2003-11-03,9.9,7.8,14.1,3610,2.3,1.04,4.2
2003-11-04,9.2,3.8,12.0,3193,0.3,0.79,2.9
2003-11-05,5.2,0.1,12.0,7227,0.0,0.64,1.8
2003-11-06,3.2,1.6,4.5,2504,0.0,0.66,2.2
2003-11-07,4.4,0.6,8.0,5535,0.0,0.62,3.5
2003-11-08,5.6,3.2,7.3,2636,0.0,0.74,3.9
2003-11-09,3.9,2.0,5.5,2366,0.0,0.68,2.3
2003-11-10,2.6,1.3,4.0,2322,0.0,0.65,2.6
2003-11-11,2.6,-0.1,6.8,6566,0.0,0.6,2.5
2003-11-12,1.4,-0.8,5.6,6419,0.0,0.56,2.3
2003-11-13,-0.3,-2.4,4.1,5798,0.0,0.5,1.6
2003-11-14,0.0,-3.0,2.3,2157,0.0,0.48,2.0
2003-11-15,5.1,0.1,9.8,4239,0.1,0.62,2.6
2003-11-16,5.5,4.4,8.0,2132,8.6,0.81,1.9
2003-11-17,6.0,4.5,8.0,2044,4.9,0.81,3.4
2003-11-18,8.8,5.7,12.1,2009,7.3,0.9,3.7
2003-11-19,12.0,10.9,12.4,1975,0.9,1.25,4.1
2003-11-20,9.5,5.0,12.0,2089,0.0,0.85,2.1
2003-11-21,8.9,5.2,11.5,3215,0.0,0.86,2.1
2003-11-22,6.7,3.7,9.9,1879,0.0,0.78,2.0
2003-11-23,9.5,6.9,13.0,3032,0.0,0.97,2.2
2003-11-24,9.0,5.7,11.6,1821,0.0,0.89,2.1
2003-11-25,8.7,5.8,11.3,1793,2.4,0.89,1.6
2003-11-26,8.5,6.2,12.2,4062,0.0,0.92,2.2
2003-11-27,6.4,5.9,7.0,1741,0.1,0.89,1.4
2003-11-28,7.2,5.9,8.1,1717,0.1,0.89,2.1
2003-11-29,7.1,6.3,7.9,1694,0.1,0.92,1.7
2003-11-30,6.4,2.2,8.5,2203,0.0,0.7,2.6
2003-12-01,4.0,1.9,6.8,2485,0.0,0.68,2.6
2003-12-02,6.1,3.5,7.7,1631,0.0,0.76,2.4
2003-12-03,6.4,5.4,6.9,1612,0.1,0.86,1.7
2003-12-04,4.6,4.0,5.5,1594,0.2,0.78,2.0
2003-12-05,5.6,3.9,7.2,1577,1.2,0.77,2.4
2003-12-06,4.4,-0.5,9.4,3000,0.2,0.59,4.0
2003-12-07,-1.6,-4.3,2.7,4827,0.0,0.44,2.2
2003-12-08,-0.3,-3.3,1.3,1534,0.0,0.47,1.7
2003-12-09,-0.7,-3.6,3.5,4640,0.0,0.46,1.5
2003-12-10,0.6,-1.9,4.6,4530,0.0,0.52,2.1
2003-12-11,-0.1,-3.4,2.2,1500,4.5,0.46,3.0
2003-12-12,1.2,-0.7,3.3,1572,5.3,0.56,2.3
2003-12-13,6.4,-0.2,11.2,1482,15.5,0.62,4.2
2003-12-14,6.7,2.0,10.0,1516,5.0,0.7,5.4
2003-12-15,1.4,0.5,2.9,3337,0.0,0.61,5.2
2003-12-16,1.6,-0.3,3.8,4341,0.9,0.58,3.3
2003-12-17,4.3,1.2,5.4,1460,0.3,0.64,2.5
2003-12-18,1.7,-2.0,5.6,4325,0.1,0.52,1.9
2003-12-19,1.4,-2.1,5.0,3998,0.1,0.52,2.1
2003-12-20,5.4,3.3,8.1,1494,2.1,0.75,2.9
2003-12-21,5.8,2.8,8.1,1898,2.0,0.73,6.0
2003-12-22,0.2,-5.0,3.4,1495,1.3,0.42,3.6
2003-12-23,-4.7,-8.5,0.2,3155,0.0,0.32,2.3
2003-12-24,-2.4,-7.0,1.3,4052,0.0,0.36,2.7
2003-12-25,2.7,0.7,4.2,1465,0.0,0.62,3.0
2003-12-26,4.4,2.5,6.4,1470,0.0,0.71,2.9
2003-12-27,4.5,1.0,6.8,1477,0.0,0.64,3.8
2003-12-28,4.8,1.8,7.5,1484,0.8,0.68,3.7
2003-12-29,3.5,0.5,5.2,1739,0.0,0.61,3.0
2003-12-30,1.4,-0.1,3.1,1585,0.0,0.58,1.3
2003-12-31,0.4,-3.6,1.6,1513,0.0,0.46,1.9
2004-01-01,-3.3,-7.1,-1.1,1733,0.0,0.35,1.8
2004-01-02,-2.3,-5.6,0.8,3256,0.0,0.39,2.5
2004-01-03,-2.9,-6.1,-0.6,1551,0.0,0.38,1.4
2004-01-04,-4.5,-5.9,-2.4,3730,0.7,0.38,2.4
2004-01-05,-7.2,-10.1,-3.5,4743,0.0,0.28,2.2
2004-01-06,-5.3,-9.8,0.3,1685,9.1,0.29,2.9
2004-01-07,2.7,-0.2,4.3,1618,0.3,0.58,2.0
2004-01-08,1.4,-0.2,3.8,3122,0.4,0.58,2.5
2004-01-09,0.0,-1.0,0.9,1657,0.3,0.54,2.5
2004-01-10,0.8,-0.5,2.0,1679,0.6,0.56,2.3
2004-01-11,2.8,-0.4,7.6,1701,8.6,0.59,3.5
2004-01-12,3.2,0.5,5.9,2403,0.3,0.62,3.7
2004-01-13,3.1,-0.1,6.3,1749,3.7,0.59,4.2
2004-01-14,4.5,0.1,6.3,1775,0.8,0.6,4.8
2004-01-15,2.3,0.6,3.9,2408,2.7,0.61,3.3
2004-01-16,2.9,1.3,4.9,1830,17.2,0.65,4.2
2004-01-17,3.0,0.7,4.1,1859,11.6,0.62,3.0
2004-01-18,-0.4,-3.0,1.5,3187,2.1,0.47,2.5
2004-01-19,0.3,-2.3,1.9,1921,5.1,0.5,3.7
2004-01-20,0.3,-0.6,1.9,1953,1.0,0.56,2.8
2004-01-21,-2.1,-5.3,-0.3,3329,0.0,0.4,1.6
2004-01-22,-5.0,-7.3,-1.8,4384,0.0,0.34,1.6
2004-01-23,-5.7,-8.6,-3.4,2058,0.0,0.31,1.9
2004-01-24,-5.3,-8.3,-3.0,4616,1.9,0.32,2.1
2004-01-25,-6.7,-8.2,-5.1,2132,0.6,0.32,1.7
2004-01-26,-5.9,-6.7,-5.2,2172,0.4,0.35,1.7
2004-01-27,-4.1,-5.9,-2.2,2212,0.0,0.38,1.6
2004-01-28,-2.7,-5.9,-0.4,2253,1.1,0.38,2.6
2004-01-29,-2.2,-6.8,0.8,3990,1.7,0.37,3.6
2004-01-30,-0.2,-2.3,1.5,2561,0.6,0.5,3.9
2004-01-31,2.0,-1.0,7.2,2384,7.0,0.56,4.7
2004-02-01,6.4,2.2,9.8,2486,11.4,0.7,5.0
2004-02-02,7.5,3.2,10.2,2649,2.5,0.75,3.9
2004-02-03,9.1,6.0,12.3,2524,3.1,0.91,3.3
2004-02-04,11.8,10.4,13.8,2573,0.5,1.22,3.8
2004-02-05,12.9,9.7,14.6,2802,0.0,1.17,4.3
2004-02-06,11.0,9.5,12.7,2675,5.7,1.14,3.5
2004-02-07,7.0,3.7,9.4,2910,3.7,0.78,5.3
2004-02-08,2.3,0.8,4.5,2904,4.9,0.63,5.3
2004-02-09,1.3,-0.7,3.9,6160,0.0,0.56,4.8
2004-02-10,0.5,-1.4,3.0,2889,8.8,0.54,3.3
2004-02-11,0.2,-4.9,2.4,4747,0.0,0.42,2.8
2004-02-12,-2.1,-6.2,0.2,3133,0.2,0.38,1.4
2004-02-13,3.3,0.2,6.0,3061,0.2,0.61,2.1
2004-02-14,4.7,3.2,6.6,3187,0.0,0.74,1.6
2004-02-15,1.6,0.3,4.2,3180,0.0,0.6,1.6
2004-02-16,0.9,0.1,2.4,3241,0.0,0.59,1.8
2004-02-17,3.8,2.4,5.2,3303,0.0,0.7,2.3
2004-02-18,2.8,-0.2,6.5,5400,0.0,0.59,2.4
2004-02-19,0.0,-3.8,3.1,7688,0.0,0.45,3.7
2004-02-20,-1.3,-5.4,3.9,10246,0.0,0.41,3.5
2004-02-21,-0.1,-4.0,5.3,8938,0.0,0.46,2.6
2004-02-22,0.0,-3.0,4.1,5759,0.0,0.48,2.2
2004-02-23,0.2,-2.7,2.1,3694,0.0,0.48,2.7
2004-02-24,-0.3,-6.7,4.0,6923,3.4,0.38,2.6
2004-02-25,0.4,-2.3,2.7,5201,0.1,0.5,2.9
2004-02-26,-1.6,-5.5,2.6,5902,0.0,0.4,2.4
2004-02-27,-1.9,-6.7,2.8,4671,0.0,0.37,1.4
2004-02-28,-1.0,-4.8,3.9,9316,0.0,0.43,1.3
2004-02-29,-1.5,-5.6,2.7,7058,0.0,0.4,1.9
2004-03-01,-0.2,-3.6,3.1,5956,1.4,0.46,2.6
2004-03-02,3.9,2.4,5.8,4258,0.4,0.7,3.2
2004-03-03,2.3,-4.9,5.4,11238,0.0,0.43,2.7
2004-03-04,-2.1,-6.2,1.3,5984,0.0,0.38,1.9
2004-03-05,-1.5,-5.1,3.1,13295,0.0,0.41,3.0
2004-03-06,-1.3,-3.5,1.9,6591,0.3,0.46,2.2
2004-03-07,-0.5,-2.1,0.8,4888,0.2,0.5,1.7
2004-03-08,0.2,-4.1,6.1,11717,0.1,0.45,2.0
2004-03-09,1.3,0.4,3.8,4959,0.2,0.61,2.6
2004-03-10,1.5,0.6,2.6,4861,0.1,0.61,2.7
2004-03-11,3.3,1.5,5.6,4939,0.0,0.66,2.3
2004-03-12,4.1,0.1,9.4,9424,0.0,0.62,3.0
2004-03-13,6.6,2.6,10.5,5095,0.1,0.73,2.8
2004-03-14,8.4,2.8,15.3,12503,0.0,0.77,2.7
2004-03-15,9.3,5.8,13.5,6177,0.1,0.91,3.4
2004-03-16,11.1,6.3,13.7,5332,0.0,0.95,2.8
2004-03-17,12.4,6.4,19.8,13973,0.0,1.0,2.0
2004-03-18,10.6,4.6,15.9,10425,0.0,0.86,1.6
2004-03-19,11.6,8.6,14.6,9111,2.7,1.08,4.3
2004-03-20,9.1,5.6,12.9,7194,9.8,0.9,5.9
2004-03-21,8.5,4.5,12.1,8649,2.2,0.83,6.4
2004-03-22,5.5,2.3,8.5,7282,0.9,0.7,3.8
2004-03-23,4.5,-0.2,9.2,13601,0.0,0.6,1.8
2004-03-24,4.5,0.8,9.5,10952,0.0,0.64,3.0
2004-03-25,2.4,-0.5,3.8,6152,0.0,0.57,2.7
2004-03-26,0.8,-3.3,3.5,8559,0.0,0.47,2.1
2004-03-27,0.6,-5.4,6.7,14463,0.0,0.42,1.7
2004-03-28,4.6,0.4,7.7,6293,0.0,0.62,1.7
2004-03-29,8.2,4.1,13.4,11538,0.0,0.81,1.7
2004-03-30,9.0,3.8,15.3,17895,0.0,0.81,2.7
2004-03-31,9.5,3.0,15.5,18890,0.0,0.78,2.5
2004-04-01,10.4,5.4,15.6,17997,0.0,0.91,3.2
2004-04-02,9.1,4.3,15.0,17620,0.0,0.84,3.5
2004-04-03,8.6,3.7,15.3,12216,0.9,0.81,2.7
2004-04-04,8.5,4.0,14.3,9106,1.3,0.82,3.3
2004-04-05,6.1,2.6,10.8,10819,4.3,0.73,3.3
2004-04-06,4.9,2.5,8.6,10377,3.9,0.71,3.1
2004-04-07,5.6,1.4,10.2,11568,1.3,0.67,2.6
2004-04-08,4.6,1.1,9.3,10791,2.9,0.66,2.4
2004-04-09,6.7,3.1,12.1,11552,0.0,0.76,2.3
2004-04-10,5.5,1.2,10.8,10762,0.0,0.67,2.4
2004-04-11,5.7,-2.0,11.7,20356,0.0,0.55,2.1
2004-04-12,5.7,0.7,9.5,7580,0.0,0.64,2.1
2004-04-13,6.2,0.0,11.8,11156,0.0,0.63,1.8
2004-04-14,8.2,-0.9,15.7,22138,0.0,0.62,1.7
2004-04-15,11.0,2.3,18.0,21939,0.0,0.77,1.8
2004-04-16,13.0,6.0,20.0,20476,0.0,0.98,1.7
2004-04-17,12.5,5.8,19.2,21181,0.0,0.96,1.9
2004-04-18,13.5,7.2,19.8,17730,1.4,1.05,2.6
2004-04-19,9.7,3.0,13.3,8331,4.3,0.77,2.4
2004-04-20,9.3,2.0,17.5,13529,0.0,0.76,1.6
2004-04-21,11.7,4.5,19.5,13037,0.0,0.89,1.5
2004-04-22,14.9,5.6,21.6,21344,0.4,0.98,1.5
2004-04-23,8.7,5.5,12.1,8263,4.2,0.88,2.4
2004-04-24,9.0,5.0,13.5,9278,0.1,0.87,2.3
2004-04-25,10.9,2.7,16.6,17539,0.2,0.78,1.8
2004-04-26,12.1,9.8,14.8,9418,0.1,1.17,1.7
2004-04-27,12.3,9.1,16.4,14507,0.0,1.13,1.9
2004-04-28,13.4,7.7,18.9,24182,0.0,1.07,2.5
2004-04-29,14.3,8.0,19.5,22611,0.0,1.09,2.8
2004-04-30,16.4,10.0,21.8,23199,0.0,1.25,3.3
2004-05-01,17.5,11.3,24.0,18827,0.7,1.38,2.3
2004-05-02,14.0,11.9,16.0,9090,0.8,1.35,2.0
2004-05-03,14.8,11.1,20.1,15355,0.4,1.32,1.8
2004-05-04,15.0,7.8,21.5,16407,0.8,1.1,2.1
2004-05-05,15.5,12.2,20.2,19908,4.0,1.4,2.0
2004-05-06,14.0,11.2,20.5,13250,8.8,1.33,2.1
2004-05-07,12.4,7.7,16.9,11228,4.0,1.04,3.3
2004-05-08,10.5,7.4,14.2,10303,0.1,1.01,2.7
2004-05-09,10.7,7.4,12.8,9373,0.3,1.0,2.0
2004-05-10,15.5,11.2,20.9,17587,0.2,1.33,2.2
2004-05-11,11.8,9.5,14.3,10965,0.4,1.16,2.0
2004-05-12,10.0,8.9,11.9,9406,1.3,1.1,2.1
2004-05-13,8.6,3.4,11.3,9953,0.0,0.77,2.1
2004-05-14,8.8,0.8,15.5,23333,0.0,0.69,1.4
2004-05-15,11.2,5.1,15.7,10301,0.4,0.89,2.8
2004-05-16,13.6,10.1,19.0,16348,0.0,1.24,2.4
2004-05-17,15.1,8.9,20.2,12148,0.0,1.16,1.6
2004-05-18,14.9,7.5,20.8,20344,0.0,1.07,2.1
2004-05-19,14.4,5.9,22.4,15632,0.0,1.0,2.9
2004-05-20,12.9,7.1,17.3,17567,0.0,1.01,2.0
2004-05-21,10.9,6.4,14.3,14219,0.0,0.95,2.5
2004-05-22,8.5,2.4,15.5,22579,2.3,0.76,3.1
2004-05-23,8.5,4.6,14.2,18595,1.6,0.85,3.3
2004-05-24,9.4,2.9,14.1,11949,0.1,0.77,2.5
2004-05-25,10.8,5.4,15.1,14641,0.1,0.9,2.5
2004-05-26,9.4,5.0,14.5,16577,1.5,0.87,2.4
2004-05-27,9.8,4.8,15.2,14970,1.8,0.87,1.8
2004-05-28,11.9,1.7,19.4,26410,0.0,0.77,1.6
2004-05-29,14.0,3.5,21.4,29497,0.0,0.87,1.5
2004-05-30,16.8,6.5,23.7,28271,0.0,1.05,1.8
2004-05-31,19.0,11.7,25.0,23993,0.0,1.41,2.1
2004-06-01,18.4,13.8,24.1,23393,0.2,1.58,1.6
2004-06-02,14.8,10.5,19.1,14398,0.4,1.25,1.8
2004-06-03,18.1,11.3,24.2,21420,0.0,1.37,2.1
2004-06-04,13.5,10.1,18.5,12794,4.7,1.23,1.7
2004-06-05,14.4,11.2,19.7,11925,3.2,1.32,2.0
2004-06-06,15.1,7.8,20.4,24428,0.0,1.09,1.6
2004-06-07,16.9,9.0,23.2,22412,0.0,1.2,1.6
2004-06-08,19.5,13.8,25.5,21413,0.0,1.6,1.7
2004-06-09,14.8,12.0,16.9,11231,12.3,1.36,2.0
2004-06-10,19.1,15.7,24.5,14816,0.9,1.77,1.8
2004-06-11,18.6,14.1,23.8,14702,1.1,1.62,2.6
2004-06-12,14.8,10.6,19.8,20455,7.8,1.27,2.5
2004-06-13,15.9,11.0,20.9,21615,0.0,1.31,2.3
2004-06-14,15.4,8.1,20.5,14733,0.0,1.1,2.6
2004-06-15,17.1,11.1,23.5,18441,0.2,1.35,3.4
2004-06-16,13.5,9.0,17.7,22148,0.5,1.14,3.5
2004-06-17,12.0,7.1,16.8,10793,28.2,1.01,3.1
2004-06-18,14.3,10.2,19.4,15901,2.6,1.24,2.6
2004-06-19,12.5,6.4,16.8,16922,1.1,0.96,2.4
2004-06-20,13.3,4.9,20.4,25598,0.0,0.93,1.8
2004-06-21,15.0,9.6,20.0,21512,0.6,1.2,1.9
2004-06-22,15.6,8.8,22.0,19338,0.0,1.17,1.7
2004-06-23,16.6,12.7,22.7,15888,7.7,1.48,3.4
2004-06-24,14.6,11.4,20.1,13713,0.6,1.33,4.6
2004-06-25,12.6,9.2,14.6,15107,2.5,1.13,3.7
2004-06-26,14.0,8.5,18.8,10381,0.0,1.12,2.1
2004-06-27,14.6,7.6,19.5,10498,3.1,1.06,1.7
2004-06-28,16.1,9.6,20.3,19402,2.3,1.2,3.2
2004-06-29,14.5,8.9,19.6,20404,0.2,1.15,2.7
2004-06-30,16.6,9.6,22.4,15040,0.0,1.23,1.8
2004-07-01,16.2,10.8,21.8,18711,6.8,1.31,2.7
2004-07-02,15.3,8.7,21.8,22376,0.0,1.16,2.5
2004-07-03,13.5,9.1,18.2,14599,7.1,1.15,3.2
2004-07-04,15.3,9.5,21.3,13942,0.5,1.21,2.6
2004-07-05,14.3,10.6,19.0,14806,4.5,1.27,2.2
2004-07-06,14.6,8.7,20.3,24802,0.0,1.14,2.0
2004-07-07,16.7,7.2,22.7,28317,0.0,1.08,2.2
2004-07-08,17.9,14.3,21.3,14851,8.8,1.6,2.1
2004-07-09,18.4,15.0,23.4,15959,3.6,1.7,3.0
2004-07-10,15.0,10.9,18.7,15041,2.2,1.28,3.1
2004-07-11,14.4,10.1,19.6,14502,5.0,1.23,3.1
2004-07-12,14.2,12.6,16.9,10301,1.6,1.42,3.3
2004-07-13,13.6,11.8,16.7,11277,0.8,1.35,3.2
2004-07-14,14.9,11.0,20.4,14392,0.9,1.32,2.7
2004-07-15,17.3,14.0,21.3,13472,6.9,1.57,2.6
2004-07-16,17.0,14.0,21.4,12301,1.3,1.58,1.7
2004-07-17,20.6,14.1,26.5,19292,10.5,1.65,1.8
2004-07-18,21.5,16.6,28.1,23130,12.1,1.91,1.9
2004-07-19,19.8,15.2,24.5,16685,0.0,1.73,1.8
2004-07-20,19.5,13.3,25.6,18261,10.4,1.56,2.0
2004-07-21,18.7,13.2,22.9,12961,0.0,1.51,1.6
2004-07-22,17.2,12.7,24.0,17403,1.1,1.49,1.3
2004-07-23,20.0,13.2,27.3,20958,7.9,1.57,1.8
2004-07-24,19.7,11.5,24.5,20396,0.0,1.4,2.2
2004-07-25,15.9,10.2,22.2,12388,4.9,1.27,2.0
2004-07-26,14.9,10.5,20.4,13202,3.9,1.26,1.8
2004-07-27,15.2,9.8,19.9,17970,0.0,1.22,1.8
2004-07-28,16.9,9.0,23.3,24199,0.0,1.2,1.5
2004-07-29,18.2,10.0,24.5,28676,0.0,1.29,1.9
2004-07-30,20.8,13.2,27.3,27478,0.0,1.57,1.5
2004-07-31,20.7,13.7,29.8,20638,0.5,1.67,1.3
2004-08-01,19.7,12.9,25.6,19946,0.0,1.53,1.6
2004-08-02,20.0,12.4,25.7,22309,0.0,1.49,1.4
2004-08-03,19.9,12.9,25.4,19175,0.0,1.51,1.4
2004-08-04,21.8,13.5,28.4,24683,0.0,1.62,1.4
2004-08-05,23.9,17.0,28.9,24221,0.0,1.95,2.0
2004-08-06,23.2,18.3,27.9,26177,0.0,2.11,2.1
2004-08-07,22.7,17.0,27.8,25587,0.0,1.96,2.1
2004-08-08,23.5,16.9,28.7,25117,0.0,1.96,2.5
2004-08-09,23.5,15.6,29.2,24768,0.0,1.83,2.5
2004-08-10,24.0,18.0,29.4,24895,0.0,2.1,2.6
2004-08-11,23.1,17.9,28.1,16322,0.0,2.05,1.7
2004-08-12,23.5,15.3,30.5,24189,5.3,1.83,1.7
2004-08-13,19.0,15.2,22.2,12827,2.0,1.7,3.2
2004-08-14,18.9,10.9,24.4,17464,0.6,1.35,2.5
2004-08-15,17.8,8.4,25.5,21243,0.0,1.2,1.9
2004-08-16,20.4,11.3,27.7,13751,0.0,1.44,2.0
2004-08-17,21.2,13.8,27.8,16695,0.4,1.65,1.9
2004-08-18,20.9,15.9,26.9,15664,0.5,1.82,2.3
2004-08-19,21.9,14.3,28.5,16837,0.0,1.68,3.3
2004-08-20,18.7,11.4,25.6,15808,4.0,1.41,2.8
2004-08-21,16.2,10.5,22.8,11342,0.4,1.29,2.6
2004-08-22,15.3,7.2,21.9,19142,0.0,1.07,2.0
2004-08-23,14.9,5.1,20.4,14582,0.0,0.93,1.9
2004-08-24,17.9,11.9,24.0,11420,9.5,1.42,2.4
2004-08-25,16.6,12.6,21.7,11103,0.6,1.46,3.2
2004-08-26,16.4,12.3,22.2,10115,2.3,1.44,3.0
2004-08-27,16.0,14.7,17.8,8688,3.8,1.61,3.0
2004-08-28,17.0,10.9,22.4,11161,0.4,1.32,2.1
2004-08-29,15.6,10.9,19.7,9077,6.5,1.3,1.8
2004-08-30,15.1,11.7,19.2,10861,7.3,1.35,2.9
2004-08-31,14.1,11.1,19.0,10546,5.0,1.3,3.0
2004-09-01,14.3,8.5,18.5,9907,0.0,1.12,2.3
2004-09-02,15.1,7.4,22.7,19976,0.0,1.1,1.4
2004-09-03,17.8,10.5,24.6,20468,0.0,1.33,1.3
2004-09-04,18.6,9.5,26.9,19882,0.0,1.28,1.1
2004-09-05,18.0,9.8,25.4,19938,0.0,1.29,1.5
2004-09-06,19.1,11.0,26.4,19672,0.0,1.38,1.6
2004-09-07,18.5,12.3,24.3,18043,0.0,1.45,1.9
2004-09-08,15.5,6.5,21.2,18828,0.0,1.01,2.0
2004-09-09,12.2,3.8,20.1,19496,0.0,0.87,1.9
2004-09-10,14.3,5.2,21.8,19227,0.0,0.96,2.4
2004-09-11,16.1,10.7,23.1,9156,5.6,1.32,2.3
2004-09-12,16.2,10.1,20.4,11287,0.0,1.24,3.5
2004-09-13,15.5,9.1,20.8,9561,0.0,1.17,3.1
2004-09-14,17.8,12.5,23.5,13953,0.0,1.46,3.1
2004-09-15,14.8,9.9,19.0,13220,0.1,1.21,3.3
2004-09-16,13.2,8.6,18.3,13578,0.0,1.11,1.9
2004-09-17,12.9,4.7,20.6,17346,0.0,0.92,2.0
2004-09-18,14.1,5.6,23.2,16983,0.0,0.99,2.1
2004-09-19,13.1,6.7,19.3,8354,0.0,1.01,2.0
2004-09-20,12.8,4.8,17.6,7967,4.3,0.89,3.3
2004-09-21,12.5,10.2,14.4,7680,2.6,1.21,5.3
2004-09-22,11.2,8.6,16.0,10771,1.8,1.1,4.7
2004-09-23,11.3,8.9,15.4,6556,2.6,1.11,4.0
2004-09-24,12.7,9.3,15.7,7296,2.7,1.15,3.5
2004-09-25,12.8,9.4,17.2,7383,1.0,1.16,2.9
2004-09-26,11.8,8.9,16.7,6652,1.1,1.13,2.3
2004-09-27,13.1,8.7,17.7,5574,0.1,1.12,2.7
2004-09-28,13.3,9.8,15.1,5669,4.4,1.19,2.4
2004-09-29,13.2,10.6,15.3,4969,6.6,1.24,2.8
2004-09-30,11.1,5.7,16.8,7770,0.0,0.93,1.5
2004-10-01,10.2,4.7,17.1,7839,0.0,0.88,1.6
2004-10-02,11.5,7.8,16.7,6535,0.0,1.05,2.0
2004-10-03,11.5,6.3,18.5,12455,0.0,0.97,1.9
2004-10-04,13.2,6.9,19.1,8948,0.0,1.03,2.4
2004-10-05,16.9,9.8,23.7,10488,0.2,1.26,2.3
2004-10-06,13.3,8.9,16.6,4931,0.7,1.12,2.4
2004-10-07,10.8,6.0,17.7,10705,0.0,0.95,2.4
2004-10-08,9.1,5.5,14.4,5497,0.0,0.9,1.6
2004-10-09,7.8,1.6,14.0,8436,0.0,0.71,1.7
2004-10-10,5.5,-0.5,11.6,9421,0.0,0.61,2.4
2004-10-11,6.2,2.7,11.8,11629,0.0,0.74,3.2
2004-10-12,5.4,0.6,10.5,11937,0.0,0.64,3.4
2004-10-13,7.2,3.0,13.0,8047,0.0,0.77,2.6
2004-10-14,7.4,3.6,12.1,10041,0.0,0.78,2.6
2004-10-15,7.7,4.5,10.2,4020,4.7,0.82,2.4
2004-10-16,8.5,6.6,11.6,3876,0.7,0.95,2.0
2004-10-17,7.8,5.4,12.1,4462,0.1,0.88,3.0
2004-10-18,9.2,8.4,10.0,3524,3.3,1.06,3.8
2004-10-19,8.3,1.8,14.1,6729,0.0,0.71,1.7
2004-10-20,8.0,1.9,11.9,6416,0.9,0.7,2.7
2004-10-21,11.1,3.5,19.3,8747,1.5,0.85,3.3
2004-10-22,9.4,3.4,16.2,9719,0.0,0.8,2.8
2004-10-23,12.2,7.4,15.4,3210,0.4,1.01,3.3
2004-10-24,15.7,12.7,19.4,4020,3.5,1.43,2.7
2004-10-25,13.4,8.2,18.3,6067,0.3,1.08,3.1
2004-10-26,9.5,6.8,13.0,3882,0.0,0.97,1.7
2004-10-27,8.8,6.5,13.5,5169,0.0,0.96,1.8
2004-10-28,8.6,7.6,9.3,2919,0.3,1.01,2.1
2004-10-29,10.1,8.7,12.1,3115,2.9,1.09,1.6
2004-10-30,11.0,10.7,11.5,2809,0.5,1.24,1.4
2004-10-31,10.1,4.8,11.8,2755,0.2,0.84,1.7
2004-11-01,7.4,4.0,10.1,2764,0.0,0.8,2.0
2004-11-02,7.9,4.7,11.6,4030,0.0,0.84,2.4
2004-11-03,9.0,7.2,10.6,2601,0.0,0.99,1.7
2004-11-04,11.4,9.7,14.8,3078,0.0,1.17,1.6
2004-11-05,8.3,5.3,11.0,4004,2.9,0.87,3.1
2004-11-06,6.8,5.1,9.7,4908,0.0,0.85,2.9
2004-11-07,5.4,2.2,8.4,3593,0.7,0.7,2.0
2004-11-08,2.5,0.2,3.6,2366,0.0,0.6,1.4
2004-11-09,3.9,-0.2,6.7,2322,8.9,0.59,2.4
2004-11-10,4.1,0.3,6.8,2767,0.0,0.61,2.2
2004-11-11,1.8,-0.3,3.1,2827,0.0,0.58,1.3
2004-11-12,3.8,0.9,7.2,2355,2.2,0.63,2.7
2004-11-13,4.0,-0.1,7.7,4931,0.6,0.6,3.1
2004-11-14,0.3,-3.6,6.2,3670,0.2,0.47,2.0
2004-11-15,4.4,1.0,6.7,2081,0.4,0.64,2.6
2004-11-16,6.9,4.3,9.4,3965,9.0,0.8,2.6
2004-11-17,8.4,5.6,11.0,2009,7.7,0.89,4.1
2004-11-18,7.3,2.2,11.5,2024,7.3,0.72,5.2
2004-11-19,1.1,0.0,3.5,4580,0.0,0.59,3.9
2004-11-20,1.5,-0.6,2.6,1910,0.1,0.56,3.9
2004-11-21,0.6,-2.3,5.1,4126,2.1,0.51,2.6
2004-11-22,5.2,0.2,9.8,1849,5.3,0.62,4.5
2004-11-23,4.6,0.1,9.3,3600,0.0,0.62,4.1
2004-11-24,-0.1,-2.5,3.7,5177,0.0,0.5,1.5
2004-11-25,0.0,-2.3,4.5,2960,0.0,0.51,1.8
2004-11-26,-0.6,-3.8,2.2,2651,0.7,0.45,2.5
2004-11-27,5.4,2.3,8.1,1897,0.1,0.7,2.6
2004-11-28,4.7,2.2,6.0,1694,2.8,0.69,1.6
2004-11-29,4.9,1.9,6.0,1672,0.2,0.68,1.2
2004-11-30,2.7,1.9,3.3,1651,0.0,0.67,2.1
2004-12-01,3.6,2.3,4.2,1631,0.0,0.7,1.7
2004-12-02,3.7,2.1,4.3,1612,0.0,0.69,1.7
2004-12-03,3.2,2.1,4.0,1594,0.0,0.69,1.7
2004-12-04,3.8,3.1,5.1,1577,0.0,0.73,2.2
2004-12-05,3.9,0.7,7.1,1562,0.0,0.63,2.5
2004-12-06,6.7,5.7,7.7,1589,0.0,0.89,2.4
2004-12-07,6.9,3.7,7.6,1534,0.0,0.77,2.1
2004-12-08,4.8,3.5,5.7,1521,0.0,0.76,1.9
2004-12-09,3.5,2.1,4.5,1510,0.0,0.68,1.9
2004-12-10,-0.4,-4.4,2.1,3765,0.0,0.43,1.5
2004-12-11,-1.1,-5.1,1.7,1490,0.2,0.41,1.4
2004-12-12,2.7,1.6,3.7,1482,0.0,0.66,1.2
2004-12-13,2.1,0.1,2.7,1475,0.0,0.59,1.4
2004-12-14,-1.6,-3.8,0.0,1469,0.0,0.44,1.9
2004-12-15,0.2,-3.6,4.5,4179,0.4,0.47,2.4
2004-12-16,3.2,1.3,6.2,3078,0.8,0.65,2.9
2004-12-17,3.9,1.7,6.3,1457,2.6,0.67,3.8
2004-12-18,2.5,0.8,4.2,2868,0.3,0.63,4.2
2004-12-19,0.1,-4.4,2.6,2382,0.8,0.44,2.5
2004-12-20,-0.4,-4.3,3.2,3997,0.0,0.44,2.4
2004-12-21,-2.8,-6.3,0.8,3111,0.0,0.38,1.6
2004-12-22,-3.2,-7.4,1.9,1457,2.3,0.35,3.8
2004-12-23,5.2,1.8,8.1,1461,4.0,0.68,4.9
2004-12-24,6.6,1.9,8.7,1992,4.2,0.68,5.0
2004-12-25,4.6,-0.3,7.7,1714,0.0,0.59,3.3
2004-12-26,0.4,-2.3,2.6,1477,0.1,0.5,1.8
2004-12-27,2.2,-0.1,3.3,1484,0.0,0.59,2.3
2004-12-28,0.5,-0.6,2.6,3013,0.5,0.56,2.9
2004-12-29,1.6,0.1,2.6,1502,0.1,0.59,2.3
2004-12-30,2.9,-0.1,5.4,1513,0.0,0.59,3.1
2004-12-31,6.6,5.4,7.8,1525,3.9,0.86,2.8
2005-01-01,4.7,3.0,7.8,1525,2.4,0.74,2.7
2005-01-02,4.4,0.9,7.3,1747,8.7,0.64,5.4
2005-01-03,3.9,0.7,6.5,1804,3.2,0.63,5.0
2005-01-04,7.6,6.3,8.4,1566,1.2,0.92,5.2
2005-01-05,5.4,3.7,7.0,2095,1.0,0.76,3.5
2005-01-06,5.4,2.8,8.1,2847,0.2,0.73,4.1
2005-01-07,9.3,5.8,11.2,1618,0.0,0.9,5.0
2005-01-08,8.6,5.1,11.0,2817,0.5,0.85,5.8
2005-01-09,5.9,3.4,7.9,2186,0.0,0.76,4.3
2005-01-10,9.2,5.1,13.7,3100,0.0,0.87,3.9
2005-01-11,7.9,5.1,9.9,1925,0.0,0.85,3.1
2005-01-12,7.2,4.0,9.4,1725,0.3,0.79,3.5
2005-01-13,3.7,2.0,6.4,2252,0.6,0.68,3.8
2005-01-14,3.0,0.9,5.9,3251,0.0,0.63,2.5
2005-01-15,1.7,-1.8,3.7,1802,0.0,0.52,1.5
2005-01-16,-1.1,-3.8,3.2,5171,0.0,0.46,2.0
2005-01-17,0.5,-3.9,4.9,1859,1.1,0.46,2.9
2005-01-18,3.8,1.0,5.9,1890,3.1,0.63,3.6
2005-01-19,2.0,-0.6,5.0,2261,5.7,0.57,3.7
2005-01-20,3.8,1.3,6.6,1953,12.2,0.65,6.3
2005-01-21,3.2,0.8,6.3,3478,3.5,0.63,5.8
2005-01-22,1.4,-0.5,4.5,4233,0.0,0.57,3.6
2005-01-23,-0.2,-1.9,2.9,4143,3.6,0.51,3.0
2005-01-24,-0.7,-1.6,0.1,2660,1.7,0.52,3.5
2005-01-25,-1.6,-4.9,0.1,2757,0.0,0.41,3.0
2005-01-26,-2.6,-5.4,0.0,5492,0.1,0.4,2.9
2005-01-27,-3.9,-9.5,-1.4,2212,1.3,0.3,1.6
2005-01-28,-2.7,-5.3,0.6,4467,1.2,0.4,1.1
2005-01-29,-4.5,-7.8,-2.0,2296,0.1,0.33,1.4
2005-01-30,-0.9,-7.8,3.1,2339,2.1,0.35,2.5
2005-01-31,4.0,2.0,6.2,2384,2.6,0.69,4.1
2005-02-01,2.2,-0.6,5.7,7196,0.0,0.57,3.4
2005-02-02,1.8,-0.8,4.4,2477,0.0,0.56,3.2
2005-02-03,2.7,-0.4,5.7,3863,0.0,0.58,2.0
2005-02-04,2.1,0.0,3.7,2573,0.1,0.59,1.6
2005-02-05,0.3,-4.5,2.9,7695,0.0,0.43,2.6
2005-02-06,-2.8,-5.6,1.5,7569,0.0,0.4,2.3
2005-02-07,-3.5,-7.0,1.2,7683,0.0,0.36,2.2
2005-02-08,-3.3,-7.1,1.1,7799,0.0,0.36,1.8
2005-02-09,-0.7,-5.0,2.8,5658,1.7,0.41,2.0
2005-02-10,3.6,1.5,5.9,2889,5.3,0.66,4.0
2005-02-11,2.3,-2.1,6.7,5455,0.6,0.52,2.7
2005-02-12,3.5,-1.9,10.1,3003,13.7,0.55,5.3
2005-02-13,1.4,-0.2,2.7,3127,5.6,0.58,5.5
2005-02-14,-0.2,-1.0,1.0,4122,1.0,0.54,4.0
2005-02-15,0.1,-1.6,1.2,3654,0.0,0.52,3.5
2005-02-16,0.2,-0.6,1.3,3378,0.0,0.56,3.3
2005-02-17,-1.5,-5.6,0.0,4066,0.0,0.39,1.8
2005-02-18,-2.2,-5.1,-0.2,3436,2.0,0.4,2.6
2005-02-19,-0.2,-2.0,0.8,3430,0.6,0.51,2.3
2005-02-20,0.7,0.1,2.8,4141,0.2,0.59,1.6
2005-02-21,-0.1,-2.7,2.3,5377,0.0,0.49,2.5
2005-02-22,-2.1,-4.6,0.1,5539,0.9,0.42,3.4
2005-02-23,-0.2,-1.5,0.6,3694,7.3,0.53,2.5
2005-02-24,-0.7,-2.8,0.3,3762,1.1,0.48,1.7
2005-02-25,0.4,-0.1,1.3,3831,1.6,0.58,1.5
2005-02-26,-1.0,-5.7,0.7,3900,1.3,0.39,2.0
2005-02-27,-5.3,-8.5,-2.2,10900,0.0,0.32,3.6
2005-02-28,-5.5,-10.4,-1.3,7663,1.1,0.28,2.6
2005-03-01,-3.7,-5.8,-2.4,4988,2.5,0.38,3.2
2005-03-02,-2.3,-3.7,-0.7,4185,1.1,0.45,2.2
2005-03-03,-2.0,-4.0,0.2,4258,0.3,0.44,2.1
2005-03-04,-3.8,-9.3,-0.9,8689,0.1,0.3,1.5
2005-03-05,-4.8,-10.8,0.1,8560,0.1,0.27,2.2
2005-03-06,-3.1,-6.5,0.2,8006,0.1,0.37,2.6
2005-03-07,-1.1,-6.7,3.3,5319,0.0,0.37,2.6
2005-03-08,1.5,-1.2,4.8,6688,0.0,0.55,3.0
2005-03-09,-0.4,-4.7,3.8,5832,0.0,0.43,2.5
2005-03-10,-1.0,-8.5,3.7,14048,0.0,0.34,2.0
2005-03-11,1.8,0.0,3.4,4861,6.2,0.59,5.0
2005-03-12,2.0,0.0,4.6,5473,1.9,0.59,4.9
2005-03-13,1.4,-1.5,5.7,9514,1.0,0.54,3.0
2005-03-14,2.8,-0.7,7.6,9906,0.0,0.58,2.4
2005-03-15,4.4,-1.8,8.3,5357,0.0,0.54,2.6
2005-03-16,12.0,7.0,17.2,5807,0.4,1.01,3.5
2005-03-17,12.4,10.5,15.6,5891,1.1,1.23,4.7
2005-03-18,10.3,5.3,12.2,5411,2.1,0.88,3.9
2005-03-19,1.6,-3.6,5.5,7863,0.0,0.47,2.5
2005-03-20,-0.3,-5.3,5.0,16671,0.0,0.42,2.0
2005-03-21,1.3,-3.6,7.2,13563,0.0,0.47,2.3
2005-03-22,4.4,-2.0,11.4,15556,0.0,0.55,2.7
2005-03-23,7.4,1.4,14.6,6988,0.8,0.7,1.7
2005-03-24,10.0,7.2,14.6,10339,0.0,1.0,1.7
2005-03-25,10.7,5.6,17.5,13342,0.1,0.93,1.6
2005-03-26,8.7,7.6,9.8,6052,1.6,1.0,1.5
2005-03-27,9.6,7.9,12.4,6435,0.0,1.03,2.3
2005-03-28,7.8,3.4,12.4,17620,0.0,0.78,2.2
2005-03-29,7.1,1.6,12.6,16449,0.0,0.7,2.4
2005-03-30,6.7,0.3,12.2,18873,0.0,0.64,3.0
2005-03-31,5.0,-1.4,11.6,19351,0.0,0.58,2.5
2005-04-01,5.7,-1.1,13.3,19728,0.0,0.6,2.4
2005-04-02,7.9,-0.1,16.0,19895,0.0,0.65,2.3
2005-04-03,10.3,1.7,19.7,19848,0.0,0.76,1.9
2005-04-04,12.0,3.1,20.9,20010,0.0,0.84,1.9
2005-04-05,7.7,1.5,11.7,7816,0.1,0.69,2.5
2005-04-06,8.6,-0.6,15.8,15467,0.7,0.63,2.8
2005-04-07,10.9,3.7,15.8,11790,1.3,0.82,3.9
2005-04-08,6.1,0.7,11.9,9162,1.3,0.65,2.5
2005-04-09,4.7,0.1,8.7,10461,0.4,0.61,2.7
2005-04-10,5.1,-0.7,10.1,9893,1.8,0.59,2.2
2005-04-11,8.4,3.5,14.5,12874,0.0,0.79,2.4
2005-04-12,10.7,1.8,16.9,14768,0.0,0.73,1.7
2005-04-13,12.3,8.9,17.8,9714,0.0,1.13,1.3
2005-04-14,13.1,8.2,18.7,10253,0.0,1.1,1.6
2005-04-15,14.6,10.3,21.0,10227,0.0,1.27,2.1
2005-04-16,13.8,7.3,21.5,20002,0.0,1.08,3.1
2005-04-17,11.8,6.3,19.3,20476,0.0,0.99,3.1
2005-04-18,11.3,6.5,18.6,15890,0.0,1.0,2.4
2005-04-19,8.6,3.5,14.9,22120,0.0,0.79,3.0
2005-04-20,5.1,-0.7,11.6,23760,0.0,0.6,3.1
2005-04-21,3.9,-2.9,10.9,24129,0.0,0.52,1.7
2005-04-22,5.9,-3.2,12.7,21340,0.0,0.53,1.4
2005-04-23,7.8,2.4,13.5,20170,0.0,0.74,2.0
2005-04-24,8.3,0.8,14.5,24645,0.0,0.68,2.5
2005-04-25,9.1,4.6,14.2,11407,0.2,0.85,3.0
2005-04-26,11.0,4.3,17.1,24305,0.2,0.86,2.3
2005-04-27,9.5,6.4,15.3,9895,9.7,0.96,2.6
2005-04-28,10.7,4.3,17.1,21916,0.0,0.86,1.9
2005-04-29,12.1,4.5,16.9,15310,0.0,0.87,1.6
2005-04-30,15.3,7.6,20.8,18402,0.0,1.09,1.2
2005-05-01,18.1,10.5,24.6,21751,0.0,1.33,1.5
2005-05-02,21.0,13.7,30.9,20763,0.1,1.69,2.2
2005-05-03,15.2,11.8,20.7,11637,7.4,1.38,1.8
2005-05-04,14.4,11.6,17.9,11705,0.3,1.33,2.6
2005-05-05,11.2,6.2,15.2,18114,1.2,0.95,3.1
2005-05-06,9.1,5.0,15.1,11838,4.3,0.88,3.4
2005-05-07,8.1,2.7,13.0,15702,2.2,0.75,3.0
2005-05-08,7.6,3.2,12.7,16388,2.2,0.77,3.2
2005-05-09,7.0,2.9,12.2,16336,2.0,0.75,2.6
2005-05-10,6.4,2.0,12.3,13691,5.4,0.72,2.4
2005-05-11,7.6,4.3,12.3,13383,5.0,0.83,2.4
2005-05-12,8.1,2.1,14.6,15054,0.0,0.74,2.2
2005-05-13,10.4,0.7,16.8,28150,0.0,0.69,2.0
2005-05-14,11.9,7.5,16.6,10700,10.8,1.04,2.3
2005-05-15,9.4,7.4,11.3,9630,8.6,0.99,2.7
2005-05-16,11.5,7.1,17.7,18038,0.2,1.02,2.2
2005-05-17,8.7,6.4,12.0,10974,1.2,0.93,1.9
2005-05-18,9.1,2.2,14.1,22037,0.0,0.73,2.1
2005-05-19,9.3,0.1,16.6,26862,0.0,0.66,1.9
2005-05-20,13.2,5.4,18.9,18268,0.0,0.94,2.3
2005-05-21,15.7,9.7,23.2,15430,13.4,1.25,2.0
2005-05-22,16.6,12.0,20.8,16988,2.0,1.39,1.8
2005-05-23,15.6,12.4,20.8,10358,3.4,1.42,2.0
2005-05-24,15.2,10.8,20.6,20991,0.0,1.3,1.9
2005-05-25,17.6,11.6,23.3,20787,0.0,1.39,1.9
2005-05-26,19.9,10.3,27.6,28038,0.0,1.36,2.0
2005-05-27,22.6,13.7,29.6,29101,0.0,1.66,1.4
2005-05-28,24.8,16.2,32.5,29657,0.0,1.95,2.1
2005-05-29,20.4,15.1,25.5,24636,5.2,1.72,1.9
2005-05-30,12.1,10.3,14.8,10094,8.6,1.22,2.5
2005-05-31,10.9,6.9,15.4,14057,2.2,0.99,3.1
2005-06-01,9.7,3.7,12.8,11294,0.0,0.8,2.2
2005-06-02,11.2,2.5,15.4,13862,0.4,0.76,1.9
2005-06-03,19.3,13.7,25.4,21645,0.0,1.59,2.1
2005-06-04,16.7,11.5,20.3,16587,0.2,1.35,3.8
2005-06-05,13.3,10.9,17.4,14448,15.2,1.28,3.2
2005-06-06,11.0,7.3,13.8,11288,1.4,1.0,3.0
2005-06-07,10.2,6.8,14.4,12199,0.4,0.97,3.3
2005-06-08,11.8,5.9,16.8,22794,0.0,0.94,2.1
2005-06-09,13.7,3.1,20.3,26766,0.0,0.83,1.8
2005-06-10,12.9,8.0,18.3,12124,5.3,1.08,2.3
2005-06-11,9.7,6.0,14.0,13796,0.7,0.92,2.6
2005-06-12,10.9,5.9,16.4,14957,0.0,0.94,2.0
2005-06-13,12.0,6.0,18.3,17904,2.8,0.96,2.5
2005-06-14,16.8,4.8,25.7,23656,2.4,0.98,1.7
2005-06-15,20.1,14.9,25.9,26728,0.0,1.71,1.4
2005-06-16,19.5,11.7,26.4,24694,0.0,1.45,1.8
2005-06-17,18.8,14.9,23.6,11045,0.0,1.68,2.6
2005-06-18,16.4,9.8,21.7,29937,0.0,1.24,2.5
2005-06-19,17.8,7.5,24.3,23941,0.0,1.12,1.5
2005-06-20,19.3,10.1,25.8,30449,0.0,1.3,1.6
2005-06-21,21.3,13.1,30.3,24322,3.1,1.63,1.8
2005-06-22,18.3,13.5,22.9,23298,0.0,1.54,2.1
2005-06-23,19.8,9.2,27.6,29799,0.0,1.29,1.4
2005-06-24,22.8,14.3,29.7,21500,0.0,1.71,1.5
2005-06-25,21.1,14.2,33.4,21619,6.8,1.79,2.3
2005-06-26,18.8,10.2,25.3,29385,0.0,1.32,1.7
2005-06-27,18.3,13.1,23.9,30263,0.0,1.52,1.7
2005-06-28,17.6,10.7,24.4,27571,0.0,1.32,2.0
2005-06-29,18.0,8.3,24.6,28190,0.0,1.17,1.7
2005-06-30,19.0,13.0,24.2,24860,0.1,1.51,2.1
2005-07-01,15.7,14.7,17.0,10331,12.0,1.61,2.1
2005-07-02,19.0,14.6,23.4,17057,0.0,1.66,1.5
2005-07-03,21.1,13.0,27.2,24283,0.0,1.56,1.3
2005-07-04,23.0,15.3,29.0,28324,7.8,1.78,2.8
2005-07-05,14.2,11.8,21.1,10259,14.3,1.38,2.2
2005-07-06,13.3,11.5,15.4,10364,3.4,1.32,2.0
2005-07-07,15.0,12.3,20.1,16683,18.1,1.42,1.9
2005-07-08,15.3,12.0,17.9,11204,12.6,1.36,1.3
2005-07-09,17.1,14.2,23.6,13458,5.3,1.61,1.5
2005-07-10,20.8,15.3,26.7,29502,0.0,1.76,2.3
2005-07-11,21.7,13.9,28.0,29079,0.0,1.64,2.3
2005-07-12,23.6,17.0,30.0,30044,0.0,1.98,1.9
2005-07-13,23.2,15.3,29.9,28101,0.0,1.82,1.7
2005-07-14,21.8,13.5,28.6,26286,0.0,1.61,1.2
2005-07-15,21.1,15.1,31.7,22204,7.1,1.82,2.3
2005-07-16,17.6,11.9,22.2,16618,0.0,1.4,2.4
2005-07-17,16.7,11.2,21.8,14186,0.0,1.34,2.2
2005-07-18,19.6,15.3,25.4,14772,3.6,1.74,1.6
2005-07-19,18.5,14.2,23.7,18239,0.3,1.62,3.3
2005-07-20,14.8,11.7,21.3,12802,4.0,1.37,3.9
2005-07-21,13.7,12.3,15.3,9881,30.2,1.38,4.4
2005-07-22,17.1,14.2,21.9,15334,3.4,1.59,3.0
2005-07-23,14.8,13.6,17.0,9670,0.1,1.5,2.5
2005-07-24,17.2,13.6,22.9,14358,0.0,1.54,2.0
2005-07-25,19.3,15.3,26.1,14553,6.4,1.74,2.2
2005-07-26,17.8,14.5,21.7,11395,4.1,1.61,2.1
2005-07-27,17.0,11.4,21.0,16795,1.9,1.34,1.4
2005-07-28,23.2,16.5,30.1,22298,1.7,1.94,1.6
2005-07-29,24.2,19.9,29.5,17409,8.3,2.32,1.7
2005-07-30,21.6,14.0,26.1,20669,0.3,1.62,2.6
2005-07-31,18.8,12.6,25.8,18011,0.0,1.51,2.9
2005-08-01,16.1,9.8,20.0,12173,0.0,1.22,2.5
2005-08-02,16.5,8.7,21.7,20926,0.0,1.15,1.8
2005-08-03,16.2,14.1,19.4,9608,3.4,1.56,1.8
2005-08-04,15.9,9.6,21.6,17835,0.0,1.23,2.6
2005-08-05,15.4,8.2,22.1,14839,10.1,1.12,2.2
2005-08-06,13.9,10.4,18.6,14523,3.5,1.24,2.8
2005-08-07,12.6,8.6,18.8,14812,4.1,1.12,2.3
2005-08-08,12.9,6.6,20.2,14856,0.0,1.02,2.1
2005-08-09,13.1,11.6,14.0,8767,0.7,1.32,2.7
2005-08-10,13.8,12.8,16.0,8705,4.3,1.43,3.2
2005-08-11,15.1,13.0,18.8,10435,0.7,1.47,3.0
2005-08-12,16.6,12.3,21.6,13225,3.2,1.42,2.2
2005-08-13,14.2,11.3,17.2,9464,0.8,1.3,2.2
2005-08-14,14.6,10.8,18.4,8567,3.3,1.28,2.1
2005-08-15,17.9,14.1,23.3,14751,0.0,1.61,2.0
2005-08-16,14.5,9.7,18.5,10783,0.0,1.2,1.8
2005-08-17,15.3,8.7,22.2,14805,0.0,1.16,1.6
2005-08-18,18.3,9.7,25.2,25795,0.0,1.28,2.1
2005-08-19,20.8,14.6,27.3,22636,0.0,1.69,2.0
2005-08-20,21.3,16.8,27.4,14754,1.6,1.92,1.5
2005-08-21,22.7,17.1,28.6,21918,0.0,1.96,2.0
2005-08-22,20.7,14.1,26.8,22936,0.0,1.64,2.2
2005-08-23,17.7,15.7,20.2,7827,0.2,1.72,2.0
2005-08-24,18.2,15.5,23.1,16971,0.0,1.74,1.8
2005-08-25,16.5,12.2,20.5,7682,3.5,1.4,2.8
2005-08-26,13.4,9.1,18.9,13020,0.9,1.15,2.9
2005-08-27,14.7,8.7,21.4,17295,0.0,1.16,1.7
2005-08-28,16.4,9.5,23.0,17061,0.0,1.24,1.5
2005-08-29,18.8,10.3,27.1,23047,0.0,1.35,1.8
2005-08-30,17.3,11.0,23.4,17476,0.0,1.34,1.4
2005-08-31,18.4,12.2,24.5,22073,0.0,1.46,2.1
2005-09-01,20.8,14.1,28.5,20932,0.0,1.68,2.2
2005-09-02,18.8,13.7,23.4,12625,0.2,1.56,1.6
2005-09-03,17.4,10.4,22.2,17273,0.0,1.28,1.9
2005-09-04,15.9,7.3,24.5,20360,0.0,1.11,1.7
2005-09-05,18.2,10.6,26.2,20203,0.0,1.36,1.9
2005-09-06,18.8,11.9,26.5,20256,0.0,1.46,1.6
2005-09-07,20.0,11.3,29.6,18617,0.0,1.45,1.5
2005-09-08,21.0,12.3,29.6,18568,0.0,1.53,1.6
2005-09-09,21.8,14.6,29.7,17995,0.0,1.75,1.7
2005-09-10,20.2,16.1,26.9,15667,0.0,1.85,1.9
2005-09-11,17.6,17.0,18.2,6377,5.8,1.87,1.9
2005-09-12,16.5,10.2,19.6,8748,0.0,1.23,2.2
2005-09-13,14.7,9.3,20.6,15849,0.0,1.19,1.4
2005-09-14,14.5,7.7,20.6,11574,0.0,1.08,2.8
2005-09-15,15.5,11.8,19.9,8957,13.7,1.37,2.8
2005-09-16,10.8,6.8,12.7,5980,3.8,0.96,2.8
2005-09-17,9.8,4.2,16.8,16137,0.0,0.85,1.8
2005-09-18,10.0,2.3,18.1,16272,0.0,0.77,2.0
2005-09-19,12.2,6.4,16.9,5742,0.0,0.97,1.7
2005-09-20,13.4,10.4,18.5,10469,0.0,1.25,1.1
2005-09-21,14.0,10.8,17.2,5679,0.0,1.27,1.4
2005-09-22,14.0,9.0,20.8,16190,0.0,1.17,1.5
2005-09-23,14.4,8.4,21.5,15928,0.0,1.14,1.6
2005-09-24,15.3,9.6,23.4,14737,0.0,1.24,1.2
2005-09-25,15.4,8.6,23.4,14117,0.0,1.18,1.4
2005-09-26,13.3,9.0,18.1,6652,3.5,1.14,1.6
2005-09-27,13.8,7.7,20.3,9006,2.6,1.08,2.1
2005-09-28,13.1,7.3,17.7,6560,0.3,1.04,2.3
2005-09-29,9.9,7.7,13.5,5403,4.1,1.03,2.8
2005-09-30,11.2,7.4,16.5,10693,0.0,1.03,2.3
2005-10-01,11.3,9.6,14.1,5590,8.0,1.16,2.4
2005-10-02,11.3,7.0,13.9,4902,0.0,0.98,1.5
2005-10-03,10.2,4.6,15.2,5423,0.0,0.86,1.7
2005-10-04,12.9,10.7,16.5,5849,0.0,1.25,2.6
2005-10-05,14.0,9.6,19.7,13056,0.0,1.2,2.3
2005-10-06,14.6,9.6,20.5,12978,0.0,1.21,1.9
2005-10-07,14.6,10.8,19.7,12489,0.0,1.29,2.1
2005-10-08,13.9,9.5,19.1,12168,0.0,1.19,1.7
2005-10-09,13.0,7.3,21.0,9439,0.0,1.07,1.5
2005-10-10,12.5,8.6,18.2,10028,0.0,1.12,1.7
2005-10-11,13.2,8.7,18.9,11941,0.0,1.12,2.2
2005-10-12,12.1,7.8,18.1,11785,0.0,1.07,2.1
2005-10-13,10.7,6.0,17.4,11167,0.0,0.95,1.4
2005-10-14,9.4,2.9,18.6,11094,0.0,0.81,1.0
2005-10-15,8.8,3.3,15.8,9514,0.0,0.8,1.6
2005-10-16,7.0,0.4,14.0,10349,0.0,0.66,2.0
2005-10-17,9.1,4.7,13.8,4686,0.0,0.85,2.5
2005-10-18,7.2,2.2,12.9,7373,0.0,0.73,2.5
2005-10-19,6.4,1.6,13.3,9781,0.0,0.7,2.4
2005-10-20,8.4,2.0,15.8,6232,0.0,0.74,2.2
2005-10-21,10.3,4.7,14.3,3817,2.6,0.86,2.3
2005-10-22,13.4,9.8,16.7,5415,7.7,1.18,3.3
2005-10-23,10.3,7.2,14.6,3682,2.3,1.0,2.5
2005-10-24,8.6,5.7,11.4,3210,9.8,0.89,2.2
2005-10-25,13.1,11.7,14.9,3150,3.3,1.34,4.1
2005-10-26,12.7,7.8,15.1,3223,0.0,1.04,3.4
2005-10-27,11.8,6.6,19.7,8586,0.0,1.01,1.7
2005-10-28,12.2,7.9,17.2,8719,0.0,1.06,2.3
2005-10-29,9.6,6.1,14.9,8465,0.0,0.94,2.1
2005-10-30,10.1,5.6,16.2,8215,0.0,0.92,2.0
2005-10-31,8.5,5.2,13.5,8033,0.0,0.88,2.4
2005-11-01,8.1,4.5,10.9,2755,1.1,0.83,2.1
2005-11-02,9.1,3.5,13.9,5554,0.7,0.8,2.2
2005-11-03,12.9,8.9,17.7,4749,0.8,1.14,2.7
2005-11-04,12.0,9.7,13.5,2720,4.3,1.17,2.1
2005-11-05,8.8,3.9,12.2,3662,0.8,0.8,2.6
2005-11-06,6.0,2.0,12.6,6832,0.0,0.71,2.3
2005-11-07,6.3,1.3,9.9,4338,0.4,0.67,2.2
2005-11-08,8.5,5.3,13.6,6127,0.0,0.88,2.2
2005-11-09,6.6,2.5,11.2,4868,0.0,0.73,1.9
2005-11-10,7.4,1.4,12.7,4958,0.1,0.69,2.2
2005-11-11,10.3,8.8,12.6,2279,3.1,1.1,2.8
2005-11-12,8.4,2.7,11.2,4489,0.0,0.74,2.4
2005-11-13,5.4,1.3,8.6,2514,0.4,0.66,1.5
2005-11-14,4.3,1.9,5.5,2157,0.1,0.67,2.2
2005-11-15,5.3,4.0,6.6,2118,11.5,0.79,3.3
2005-11-16,3.3,0.9,5.7,2285,1.8,0.63,2.6
2005-11-17,1.2,-1.1,3.5,2095,0.0,0.55,2.4
2005-11-18,0.2,-0.3,1.9,2059,2.3,0.57,1.7
2005-11-19,0.3,0.0,2.9,2815,0.2,0.59,1.7
2005-11-20,3.3,0.5,6.2,1991,0.4,0.62,2.4
2005-11-21,2.5,0.5,5.7,5679,0.1,0.61,2.0
2005-11-22,1.6,-0.2,5.3,4222,0.0,0.58,1.8
2005-11-23,3.3,1.3,5.4,1849,0.3,0.65,1.9
2005-11-24,3.1,0.9,3.8,1821,1.5,0.63,2.7
2005-11-25,-0.5,-2.7,0.5,1793,2.8,0.48,4.2
2005-11-26,-2.1,-5.5,2.5,5209,0.0,0.4,3.1
2005-11-27,-3.6,-8.1,1.5,4515,0.0,0.33,1.9
2005-11-28,-3.3,-8.3,0.0,1717,0.7,0.32,2.1
2005-11-29,-0.2,-2.1,1.1,1962,0.0,0.5,1.8
2005-11-30,2.0,-1.1,3.7,1672,0.0,0.54,2.2
2005-12-01,-0.7,-4.0,3.9,4854,0.0,0.45,2.2
2005-12-02,-1.4,-2.8,0.5,2719,0.0,0.48,3.0
2005-12-03,-0.9,-2.2,0.0,1612,0.1,0.5,2.8
2005-12-04,1.5,-1.4,3.3,1594,3.3,0.54,2.8
2005-12-05,4.4,2.5,6.2,1577,0.7,0.71,2.4
2005-12-06,1.5,-1.4,6.0,2958,0.0,0.54,1.5
2005-12-07,0.4,-2.0,1.9,1547,0.1,0.51,2.0
2005-12-08,1.9,0.3,3.0,1576,0.1,0.6,1.8
2005-12-09,1.9,-2.2,4.9,3850,0.0,0.51,1.6
2005-12-10,-0.1,-3.0,1.5,1510,0.2,0.47,1.8
2005-12-11,2.2,-0.6,4.2,1500,0.4,0.56,2.5
2005-12-12,4.2,-1.3,7.9,1900,0.0,0.56,2.2
2005-12-13,3.2,-1.1,5.5,1482,0.2,0.55,2.2
2005-12-14,5.3,3.8,6.3,1475,0.9,0.77,2.2
2005-12-15,6.2,4.8,8.1,2159,8.7,0.83,4.7
2005-12-16,2.8,-1.8,7.0,1585,6.4,0.53,5.7
2005-12-17,-0.5,-3.4,0.6,1500,1.7,0.46,3.6
2005-12-18,-0.4,-5.3,1.9,1901,0.9,0.41,3.3
2005-12-19,0.9,0.0,2.7,1455,3.1,0.59,3.2
2005-12-20,4.2,1.6,6.5,1454,4.2,0.66,3.3
2005-12-21,1.1,-3.0,3.9,1535,3.4,0.48,2.1
2005-12-22,5.2,3.8,6.8,1859,1.6,0.77,2.9
2005-12-23,5.5,3.7,6.8,1457,4.7,0.77,2.5
2005-12-24,6.8,4.1,8.1,1542,0.1,0.79,3.2
2005-12-25,1.1,-1.5,4.3,4102,0.3,0.53,1.9
2005-12-26,-0.7,-2.0,0.1,1633,2.3,0.51,2.1
2005-12-27,-1.4,-3.3,-0.5,2293,0.0,0.46,2.9
2005-12-28,-3.3,-4.4,-2.6,1484,2.2,0.42,2.8
2005-12-29,-2.3,-4.3,-0.6,1493,7.6,0.43,3.1
2005-12-30,-4.8,-11.7,-1.7,2534,0.0,0.25,2.8
2005-12-31,-3.4,-9.6,1.8,1513,1.9,0.3,3.1
2006-01-01,1.6,0.5,2.9,1525,0.0,0.61,2.0
2006-01-02,1.5,0.5,2.6,1538,0.0,0.61,1.3
2006-01-03,0.4,-1.3,1.5,1551,0.0,0.53,1.3
2006-01-04,-0.5,-1.6,0.6,1566,0.0,0.52,2.1
2006-01-05,0.3,-0.9,1.1,1582,0.0,0.55,3.4
2006-01-06,-1.4,-2.3,-0.5,1599,0.0,0.5,3.0
2006-01-07,-1.7,-4.3,-0.7,1618,0.0,0.43,2.6
2006-01-08,-5.2,-6.8,-3.1,3210,0.0,0.35,2.4
2006-01-09,-6.3,-8.7,-2.5,4653,0.0,0.31,1.6
2006-01-10,-5.8,-10.0,-0.8,4611,0.0,0.29,2.0
2006-01-11,-0.6,-5.7,4.2,4167,0.8,0.4,2.7
2006-01-12,2.0,-0.6,3.2,1725,0.0,0.56,1.6
2006-01-13,-0.1,-2.2,0.7,1749,0.0,0.5,2.3
2006-01-14,-2.4,-4.8,0.5,4773,0.0,0.41,1.8
2006-01-15,-4.9,-6.8,-2.2,5063,0.0,0.35,2.0
2006-01-16,-6.1,-9.2,-2.1,5171,0.0,0.3,2.0
2006-01-17,-3.9,-8.2,0.1,3904,4.8,0.33,3.0
2006-01-18,-1.9,-2.8,-1.3,1890,0.4,0.48,3.0
2006-01-19,-2.5,-3.4,-1.5,1921,3.8,0.45,1.8
2006-01-20,-1.0,-3.8,3.2,1953,8.1,0.46,2.9
2006-01-21,0.5,-7.5,3.2,2037,0.5,0.35,3.5
2006-01-22,-10.5,-14.0,-7.1,6093,0.0,0.2,2.4
2006-01-23,-14.2,-17.1,-11.5,6126,0.0,0.15,2.5
2006-01-24,-11.8,-15.8,-8.5,4770,0.0,0.17,2.1
2006-01-25,-5.3,-8.5,-0.4,2809,0.0,0.32,2.3
2006-01-26,-8.0,-12.6,-3.5,5861,0.0,0.23,2.6
2006-01-27,-10.5,-14.4,-4.2,6266,0.0,0.2,1.8
2006-01-28,-9.6,-14.8,-1.0,6681,0.0,0.21,1.7
2006-01-29,-6.8,-13.0,-1.0,2788,0.0,0.23,1.5
2006-01-30,-0.8,-3.1,1.6,2395,0.0,0.47,1.8
2006-01-31,0.3,-2.0,1.6,2384,0.0,0.51,2.0
2006-02-01,-1.2,-1.8,-0.4,2430,0.0,0.51,1.5
2006-02-02,-0.1,-1.2,0.8,2477,0.0,0.54,1.5
2006-02-03,0.5,-0.5,1.8,2524,0.3,0.57,1.4
2006-02-04,-1.9,-11.3,0.5,4223,1.4,0.27,1.7
2006-02-05,-7.5,-12.3,-1.7,5607,0.0,0.24,1.1
2006-02-06,-6.7,-14.3,0.6,3400,7.6,0.22,2.0
2006-02-07,3.7,0.4,5.2,2727,5.6,0.61,4.1
2006-02-08,3.1,1.9,4.5,2842,3.8,0.67,4.5
2006-02-09,1.3,0.2,2.5,2897,4.2,0.59,4.9
2006-02-10,0.6,0.3,1.4,3016,0.3,0.6,3.5
2006-02-11,0.1,-0.7,1.3,2946,1.1,0.56,1.2
2006-02-12,-0.5,-2.7,3.0,6390,0.0,0.49,1.4
2006-02-13,-0.1,-4.4,3.2,3589,0.0,0.44,1.5
2006-02-14,-1.5,-5.9,2.2,8262,0.0,0.39,1.8
2006-02-15,1.2,-1.3,3.8,3180,3.0,0.54,3.3
2006-02-16,2.2,0.6,3.6,3241,4.4,0.61,2.4
2006-02-17,3.1,1.1,6.1,3511,3.8,0.64,2.9
2006-02-18,4.3,1.6,8.2,6171,2.7,0.67,2.6
2006-02-19,2.4,-1.5,5.3,3430,0.0,0.54,2.0
2006-02-20,1.5,-1.3,2.8,3495,0.0,0.53,2.2
2006-02-21,1.7,0.5,3.7,3560,0.0,0.61,2.8
2006-02-22,0.3,-1.2,1.2,3627,0.0,0.54,2.8
2006-02-23,-1.7,-4.4,2.3,8158,0.0,0.43,1.7
2006-02-24,-0.6,-3.8,4.2,10535,0.0,0.46,3.8
2006-02-25,-1.9,-3.0,-1.4,3831,0.3,0.47,3.3
2006-02-26,-0.9,-6.6,2.8,6903,0.0,0.38,2.2
2006-02-27,-3.5,-8.4,1.7,7708,0.0,0.33,1.6
2006-02-28,-1.3,-5.9,2.5,4041,0.9,0.39,3.0
2006-03-01,0.3,-1.5,2.4,4909,1.2,0.53,3.4
2006-03-02,-0.4,-3.0,2.8,5795,0.0,0.48,3.4
2006-03-03,-1.2,-4.5,1.9,6780,0.0,0.43,2.5
2006-03-04,-1.3,-5.2,3.8,8442,0.0,0.41,2.1
2006-03-05,-0.2,-6.0,4.7,5652,1.8,0.4,2.5
2006-03-06,-3.9,-13.2,2.3,5572,1.8,0.24,2.7
2006-03-07,-1.0,-4.2,1.8,7439,0.0,0.43,2.1
2006-03-08,-1.0,-4.7,3.8,11057,0.0,0.43,2.7
2006-03-09,-0.8,-2.5,0.7,4707,0.8,0.49,3.1
2006-03-10,-0.7,-1.7,0.3,4784,9.1,0.52,3.2
2006-03-11,-2.8,-4.4,-0.9,5567,0.9,0.43,3.4
2006-03-12,-3.6,-8.7,-0.1,10017,0.1,0.31,2.7
2006-03-13,-5.8,-14.5,0.5,10143,0.0,0.22,2.0
2006-03-14,-6.5,-15.7,0.1,8908,0.0,0.2,1.9
2006-03-15,-1.1,-7.0,1.5,5632,0.0,0.36,2.5
2006-03-16,0.9,-1.2,3.9,6732,0.0,0.54,2.8
2006-03-17,0.6,-0.7,3.1,5705,0.0,0.56,2.6
2006-03-18,-0.9,-2.0,0.0,5411,0.0,0.51,2.3
2006-03-19,-0.2,-2.3,2.0,5491,0.0,0.5,2.1
2006-03-20,2.0,-1.0,4.4,5571,0.0,0.55,1.9
2006-03-21,-0.2,-4.8,4.4,12888,0.0,0.43,1.6
2006-03-22,-0.9,-5.8,4.6,14973,0.0,0.4,1.9
2006-03-23,-0.5,-6.1,5.7,17677,0.0,0.4,1.9
2006-03-24,2.3,-3.0,8.0,15874,0.4,0.5,2.9
2006-03-25,1.8,0.2,2.8,5971,4.4,0.59,2.9
2006-03-26,6.6,1.5,14.7,6754,10.1,0.71,2.9
2006-03-27,11.0,6.1,17.2,8963,5.8,0.96,3.0
2006-03-28,9.5,3.3,14.7,11407,0.1,0.78,3.4
2006-03-29,6.9,3.1,11.2,9062,1.5,0.75,3.5
2006-03-30,6.8,0.5,10.5,8026,4.8,0.64,3.5
2006-03-31,10.7,5.9,13.9,7493,2.6,0.92,4.5
2006-04-01,10.0,4.9,14.9,8417,1.4,0.87,2.9
2006-04-02,9.0,1.9,15.4,14097,2.5,0.74,3.0
2006-04-03,6.7,1.0,12.8,8389,3.3,0.67,3.5
2006-04-04,3.6,0.4,8.3,12429,4.0,0.62,2.7
2006-04-05,2.9,0.1,6.9,14155,0.0,0.6,2.8
2006-04-06,3.8,-1.6,8.7,10603,0.0,0.55,2.4
2006-04-07,6.9,3.2,11.5,9833,0.1,0.77,2.3
2006-04-08,8.1,3.1,14.5,14739,0.0,0.77,3.2
2006-04-09,6.8,2.8,11.2,15960,0.2,0.74,3.2
2006-04-10,5.3,0.9,9.7,11109,0.0,0.65,2.6
2006-04-11,4.4,0.3,8.9,9873,0.0,0.62,2.3
2006-04-12,4.8,2.8,7.0,7392,0.9,0.73,2.6
2006-04-13,6.7,3.8,9.3,7580,3.2,0.78,3.7
2006-04-14,7.0,4.5,11.3,12849,2.1,0.83,3.9
2006-04-15,8.4,4.0,12.9,13744,0.8,0.81,2.1
2006-04-16,10.2,7.2,13.6,7806,1.5,0.99,3.3
2006-04-17,9.3,5.5,12.6,15437,1.9,0.89,2.5
2006-04-18,8.8,4.1,13.9,14510,1.1,0.82,2.3
2006-04-19,9.3,1.8,15.6,17961,0.0,0.73,1.7
2006-04-20,10.9,3.9,16.5,16916,0.0,0.83,1.5
2006-04-21,11.9,6.3,18.6,10151,1.6,0.98,1.5
2006-04-22,9.8,8.2,12.2,8125,7.0,1.05,2.0
2006-04-23,9.4,7.2,13.9,10425,0.5,0.99,1.5
2006-04-24,10.4,6.2,14.3,12034,0.0,0.94,1.3
2006-04-25,12.8,4.6,20.6,23945,0.0,0.9,1.5
2006-04-26,15.3,10.0,21.1,12197,0.8,1.25,1.6
2006-04-27,12.3,7.6,15.4,8465,0.3,1.03,2.1
2006-04-28,9.9,5.4,15.1,20123,0.1,0.9,2.4
2006-04-29,6.2,4.7,7.8,8596,5.1,0.82,2.2
2006-04-30,6.4,2.0,11.5,14072,0.3,0.71,2.0
2006-05-01,9.3,3.6,14.8,19942,0.0,0.8,2.2
2006-05-02,12.0,7.8,17.8,16891,0.0,1.07,1.8
2006-05-03,15.0,6.6,22.0,24983,0.0,1.03,2.1
2006-05-04,16.9,11.6,22.2,25208,0.0,1.37,3.0
2006-05-05,16.4,10.6,22.1,24823,0.0,1.3,2.9
2006-05-06,16.0,9.9,22.3,22842,0.0,1.25,2.7
2006-05-07,16.8,10.6,23.1,24036,0.0,1.31,2.9
2006-05-08,16.4,9.4,23.2,24742,0.0,1.23,2.8
2006-05-09,15.8,7.9,23.0,26310,0.0,1.12,2.8
2006-05-10,15.6,8.0,22.8,26648,0.0,1.14,1.9
2006-05-11,15.6,3.1,24.5,25130,0.0,0.88,1.4
2006-05-12,17.1,7.4,25.2,24966,0.0,1.12,1.5
2006-05-13,14.8,8.1,20.3,14620,0.3,1.11,2.0
2006-05-14,12.0,4.3,16.0,18659,0.0,0.85,2.3
2006-05-15,10.4,1.0,16.9,21215,0.0,0.71,1.7
2006-05-16,16.3,10.6,22.4,18537,0.0,1.3,2.7
2006-05-17,12.9,8.9,17.3,14474,0.0,1.14,1.8
2006-05-18,13.5,9.2,18.6,11272,3.9,1.16,2.8
2006-05-19,12.6,7.2,16.4,12071,3.1,1.01,4.1
2006-05-20,12.8,9.0,18.4,14125,2.9,1.14,4.0
2006-05-21,12.3,9.2,16.9,13796,0.8,1.14,3.5
2006-05-22,14.9,9.9,21.3,16358,3.0,1.24,3.2
2006-05-23,12.1,6.0,16.2,15776,0.4,0.94,4.0
2006-05-24,10.9,2.9,16.7,21748,0.1,0.78,3.2
2006-05-25,9.5,5.5,13.6,12328,6.2,0.9,3.1
2006-05-26,10.8,6.2,14.5,17674,0.9,0.94,2.8
2006-05-27,12.5,9.7,17.3,10758,9.9,1.19,2.8
2006-05-28,12.2,8.7,15.8,20921,1.1,1.11,4.4
2006-05-29,10.5,6.7,15.7,18300,5.7,0.98,2.6
2006-05-30,9.1,5.1,13.4,15674,2.3,0.87,3.1
2006-05-31,11.5,8.6,16.5,17103,3.3,1.11,3.1
2006-06-01,9.5,3.9,12.5,19802,0.4,0.8,2.9
2006-06-02,11.9,2.5,19.1,24917,0.0,0.79,1.7
2006-06-03,10.6,4.8,13.4,10202,3.9,0.85,2.2
2006-06-04,11.2,6.7,15.3,12261,0.0,0.98,3.2
2006-06-05,10.6,4.9,15.2,15721,0.1,0.87,2.1
2006-06-06,12.6,8.6,18.7,15490,4.3,1.13,1.7
2006-06-07,13.7,4.2,20.5,25701,0.0,0.89,1.3
2006-06-08,15.4,6.9,22.1,23941,0.0,1.06,1.4
2006-06-09,17.2,7.6,24.3,28169,0.0,1.12,1.4
2006-06-10,17.7,9.2,24.3,30739,0.0,1.22,1.7
2006-06-11,18.9,9.1,25.8,30885,0.0,1.23,2.2
2006-06-12,21.3,11.1,28.5,30902,0.0,1.43,1.9
2006-06-13,22.9,14.3,30.1,30534,0.0,1.71,1.4
2006-06-14,23.8,15.2,31.4,28888,0.0,1.83,1.7
2006-06-15,21.0,15.5,27.4,20220,3.6,1.79,1.6
2006-06-16,19.2,16.0,24.6,16654,11.8,1.79,1.9
2006-06-17,15.4,14.1,17.3,12448,0.0,1.56,1.8
2006-06-18,18.3,12.7,24.0,23939,0.0,1.49,1.5
2006-06-19,21.0,13.8,29.7,24451,9.0,1.67,2.0
2006-06-20,20.5,15.1,25.7,19857,11.7,1.73,1.7
2006-06-21,21.1,17.3,25.5,22919,1.1,1.94,2.5
2006-06-22,18.5,12.8,22.4,23170,0.0,1.47,2.8
2006-06-23,15.3,8.7,19.8,19976,0.0,1.13,1.6
2006-06-24,18.2,8.6,24.5,28643,0.0,1.19,1.4
2006-06-25,23.1,14.8,30.4,27867,3.6,1.78,1.8
2006-06-26,22.6,16.2,27.1,20844,0.1,1.85,2.5
2006-06-27,18.2,14.3,22.3,13950,0.2,1.6,2.0
2006-06-28,16.3,12.0,19.8,17633,0.0,1.39,1.7
2006-06-29,16.5,12.6,20.6,18256,0.0,1.44,1.7
2006-06-30,16.1,12.4,20.5,11746,0.0,1.43,1.7
2006-07-01,20.6,12.0,27.4,26621,0.0,1.47,2.0
2006-07-02,21.8,14.2,27.8,30286,0.0,1.66,2.6
2006-07-03,22.1,14.3,28.9,30386,0.0,1.71,2.4
2006-07-04,22.1,13.9,29.5,30357,0.0,1.68,1.9
2006-07-05,23.9,15.2,31.6,29563,0.0,1.82,2.0
2006-07-06,25.1,15.9,32.7,28642,0.7,1.92,1.7
2006-07-07,23.4,17.6,31.4,24548,29.2,2.08,1.7
2006-07-08,19.7,16.0,25.1,15641,19.2,1.8,1.5
2006-07-09,21.7,14.5,29.1,21311,0.0,1.73,1.8
2006-07-10,21.9,15.4,26.6,24440,0.0,1.78,1.9
2006-07-11,23.2,13.9,30.8,25411,0.0,1.69,1.7
2006-07-12,22.2,17.7,27.6,27517,0.0,2.03,1.6
2006-07-13,23.6,16.6,30.6,21789,0.0,1.95,1.6
2006-07-14,19.3,13.7,22.8,25403,0.0,1.56,2.8
2006-07-15,18.6,8.7,25.1,23086,0.0,1.21,2.3
2006-07-16,20.0,12.1,26.4,28701,0.0,1.48,2.2
2006-07-17,21.2,12.4,29.2,29398,0.0,1.54,1.5
2006-07-18,23.0,11.4,31.6,29338,0.0,1.5,1.6
2006-07-19,24.3,12.8,33.0,29150,0.0,1.66,1.3
2006-07-20,27.7,15.9,35.9,26580,0.0,2.01,1.7
2006-07-21,26.3,19.0,31.9,26016,2.4,2.25,2.0
2006-07-22,24.2,14.2,32.1,26576,0.0,1.76,1.6
2006-07-23,23.2,17.3,30.8,13412,0.0,2.02,1.7
2006-07-24,23.3,15.0,30.5,25939,0.0,1.79,1.7
2006-07-25,23.7,15.2,30.2,25245,0.0,1.81,1.6
2006-07-26,25.2,14.9,33.2,27778,0.0,1.83,1.4
2006-07-27,27.1,17.7,34.2,23362,0.1,2.15,1.6
2006-07-28,25.5,21.2,30.5,12899,2.9,2.51,1.5
2006-07-29,22.1,18.0,26.9,16916,0.9,2.05,1.6
2006-07-30,23.2,15.1,29.9,21161,1.3,1.78,1.5
2006-07-31,22.1,15.9,25.8,17028,0.0,1.8,2.0
2006-08-01,19.9,11.4,27.2,21620,0.1,1.44,2.5
2006-08-02,16.7,11.2,21.4,18600,1.4,1.34,3.2
2006-08-03,16.4,10.3,22.9,16447,0.0,1.29,1.6
2006-08-04,17.9,10.6,24.3,17957,0.0,1.32,1.6
2006-08-05,17.7,15.1,20.7,9249,12.3,1.66,2.3
2006-08-06,19.2,17.5,22.6,13190,1.7,1.94,3.0
2006-08-07,21.7,16.6,26.6,25209,0.0,1.88,3.0
2006-08-08,20.0,16.5,24.7,11480,0.0,1.85,2.8
2006-08-09,18.6,15.1,23.0,17183,0.0,1.7,1.9
2006-08-10,16.8,11.2,21.2,9784,0.0,1.33,1.8
2006-08-11,15.4,9.8,20.2,17127,0.0,1.22,1.6
2006-08-12,16.1,10.1,22.8,16918,0.2,1.26,1.3
2006-08-13,14.6,12.1,16.9,8633,3.5,1.37,1.5
2006-08-14,16.0,12.1,21.3,14129,3.7,1.4,2.9
2006-08-15,16.2,12.2,20.1,9916,1.0,1.4,3.4
2006-08-16,17.2,10.3,24.8,17365,1.6,1.31,1.5
2006-08-17,19.3,13.8,24.1,16679,0.0,1.58,1.4
2006-08-18,19.9,15.0,27.1,12496,0.7,1.75,2.2
2006-08-19,19.8,12.7,27.5,20196,4.1,1.54,1.7
2006-08-20,18.0,14.5,24.3,15911,0.6,1.64,2.6
2006-08-21,16.5,13.5,20.9,9699,2.9,1.53,2.9
2006-08-22,15.0,10.2,18.3,8473,0.6,1.22,2.7
2006-08-23,16.3,12.6,18.8,7941,0.6,1.43,1.9
2006-08-24,16.6,9.0,23.2,20157,0.6,1.2,1.7
2006-08-25,15.3,12.7,19.3,9721,9.5,1.45,1.7
2006-08-26,14.6,11.6,18.2,8736,7.8,1.33,1.5
2006-08-27,15.1,12.1,20.4,9666,4.1,1.39,2.6
2006-08-28,14.8,11.9,20.2,13600,8.5,1.37,2.8
2006-08-29,12.5,11.7,14.6,7718,3.1,1.32,3.1
2006-08-30,13.9,11.6,18.4,9961,3.6,1.34,3.4
2006-08-31,16.5,14.0,20.1,14378,1.9,1.56,2.9
2006-09-01,17.5,15.2,22.2,8250,5.6,1.7,2.3
2006-09-02,19.8,14.7,25.7,14365,0.3,1.69,2.1
2006-09-03,18.6,16.8,20.2,7868,3.7,1.84,4.2
2006-09-04,17.9,14.1,19.9,11440,0.0,1.57,4.6
2006-09-05,16.2,13.1,21.3,16570,0.5,1.5,2.7
2006-09-06,18.7,14.9,23.6,9000,0.0,1.68,1.8
2006-09-07,17.3,12.3,25.9,13235,0.9,1.48,2.6
2006-09-08,14.9,10.5,19.4,13639,0.0,1.27,3.2
2006-09-09,14.2,9.4,17.6,7368,0.0,1.17,1.9
2006-09-10,16.5,10.3,22.1,19082,0.0,1.27,1.7
2006-09-11,17.4,10.6,25.3,19124,0.0,1.33,1.7
2006-09-12,17.3,10.2,25.2,17834,0.0,1.31,1.7
2006-09-13,17.5,9.9,25.6,18383,0.0,1.28,1.7
2006-09-14,17.5,9.4,25.2,18217,0.0,1.25,2.0
2006-09-15,19.9,10.8,25.9,17350,0.0,1.37,3.0
2006-09-16,20.9,17.2,25.9,14013,0.0,1.94,2.6
2006-09-17,19.5,13.9,25.2,11117,0.0,1.61,1.8
2006-09-18,18.8,12.7,26.0,15100,0.0,1.52,1.7
2006-09-19,17.4,14.6,21.0,6905,0.0,1.62,2.4
2006-09-20,14.8,8.4,20.2,15853,0.0,1.13,1.8
2006-09-21,15.9,7.4,24.3,16454,0.0,1.12,2.1
2006-09-22,18.7,12.1,26.8,16379,0.0,1.48,2.3
2006-09-23,17.8,12.3,24.8,16022,0.0,1.46,2.2
2006-09-24,19.0,12.6,27.1,15760,0.0,1.51,1.9
2006-09-25,19.1,14.3,25.5,15223,0.0,1.64,1.9
2006-09-26,18.3,13.1,25.0,13687,2.3,1.54,1.7
2006-09-27,15.8,10.4,19.4,6109,1.0,1.25,1.4
2006-09-28,15.4,10.7,20.7,8355,0.0,1.29,1.4
2006-09-29,16.6,10.1,23.7,13047,0.0,1.27,1.5
2006-09-30,16.7,11.7,23.3,11838,0.4,1.4,1.6
2006-10-01,16.2,10.9,22.6,10038,0.5,1.34,2.0
2006-10-02,15.7,13.3,19.2,9048,0.1,1.48,3.3
2006-10-03,14.3,10.5,17.6,6706,0.1,1.25,2.2
2006-10-04,12.8,10.1,16.1,5256,0.2,1.21,2.6
2006-10-05,11.5,7.6,16.8,6851,4.4,1.04,2.4
2006-10-06,13.7,9.4,17.9,5010,2.5,1.16,3.6
2006-10-07,13.6,9.9,16.1,6081,0.5,1.19,3.7
2006-10-08,12.9,9.2,15.3,5665,0.0,1.13,2.4
2006-10-09,12.0,5.7,19.2,11450,0.0,0.96,1.5
2006-10-10,12.3,5.7,19.6,11620,0.0,0.96,1.0
2006-10-11,12.4,8.4,17.8,9657,0.0,1.1,1.7
2006-10-12,10.5,8.0,12.8,3997,0.0,1.05,1.2
2006-10-13,13.3,11.2,15.9,3927,0.0,1.29,1.6
2006-10-14,11.2,8.8,12.5,3858,0.0,1.1,2.2
2006-10-15,9.6,7.7,11.9,3865,0.0,1.01,2.0
2006-10-16,10.5,5.9,15.4,6924,0.0,0.92,1.9
2006-10-17,7.9,3.1,15.1,11164,0.0,0.78,1.9
2006-10-18,8.0,0.4,16.0,8465,0.0,0.67,1.8
2006-10-19,9.8,4.3,16.3,5538,0.0,0.85,1.9
2006-10-20,10.4,7.0,15.3,4454,0.7,0.99,2.0
2006-10-21,13.1,7.6,18.7,5081,0.0,1.06,2.3
2006-10-22,13.5,10.2,18.9,6873,1.7,1.23,2.6
2006-10-23,15.5,12.7,19.9,4780,0.8,1.44,2.9
2006-10-24,15.4,12.0,19.7,5785,5.9,1.39,4.1
2006-10-25,12.1,7.7,15.5,6229,0.0,1.04,2.2
2006-10-26,15.1,9.4,21.7,7191,0.0,1.21,2.9
2006-10-27,15.0,10.9,20.0,5254,1.1,1.29,3.4
2006-10-28,10.8,8.3,12.9,3491,8.0,1.06,2.4
2006-10-29,11.9,7.1,15.5,4002,4.3,1.0,3.7
2006-10-30,9.1,7.4,11.2,2863,0.2,0.99,1.8
2006-10-31,11.7,8.8,14.2,2871,3.5,1.1,3.9
2006-11-01,4.2,0.4,9.0,2817,4.3,0.62,5.3
2006-11-02,1.1,-1.1,5.1,7798,0.0,0.55,2.6
2006-11-03,1.4,-1.1,5.7,6845,0.6,0.55,1.8
2006-11-04,5.9,-1.2,9.1,2601,0.8,0.57,2.9
2006-11-05,10.5,9.2,11.7,2552,3.4,1.12,4.2
2006-11-06,11.8,10.1,13.5,2908,0.0,1.2,3.4
2006-11-07,8.5,3.4,10.9,2457,0.0,0.77,2.2
2006-11-08,5.9,2.0,10.8,4212,0.2,0.7,3.1
2006-11-09,8.9,5.6,11.5,5313,1.1,0.88,4.4
2006-11-10,6.0,3.5,9.9,6002,0.0,0.77,2.2
2006-11-11,6.1,4.3,8.4,2279,6.1,0.8,4.0
2006-11-12,6.4,5.4,7.3,3148,1.5,0.86,4.9
2006-11-13,7.3,4.3,10.4,2196,4.4,0.82,4.3
2006-11-14,9.8,7.9,11.6,2418,0.5,1.03,3.4
2006-11-15,11.5,6.4,14.9,3670,0.0,0.96,2.6
2006-11-16,10.1,5.7,16.5,5710,0.0,0.92,2.6
2006-11-17,10.7,6.6,14.9,2196,1.0,0.96,2.2
2006-11-18,10.2,7.1,13.7,3008,1.0,0.99,2.2
2006-11-19,7.0,3.5,10.1,1975,3.2,0.77,2.1
2006-11-20,5.9,3.1,8.0,4629,3.2,0.74,3.3
2006-11-21,6.4,2.3,9.5,1910,0.2,0.71,2.9
2006-11-22,4.1,0.4,7.8,4126,0.0,0.62,2.6
2006-11-23,6.1,2.5,9.2,1849,9.2,0.72,3.5
2006-11-24,9.4,6.1,11.5,4021,0.2,0.92,2.7
2006-11-25,11.0,8.8,13.9,1793,0.1,1.1,3.2
2006-11-26,10.5,4.0,13.5,1767,0.1,0.81,1.9
2006-11-27,5.7,1.9,9.8,2560,0.1,0.69,1.8
2006-11-28,5.8,2.2,8.9,4375,0.1,0.71,2.0
2006-11-29,6.2,1.4,10.2,1694,0.1,0.67,1.8
2006-11-30,3.7,0.0,8.0,3221,0.1,0.61,2.0
2006-12-01,4.0,1.0,8.5,3889,0.0,0.64,2.5
2006-12-02,4.8,1.4,8.1,4243,0.0,0.66,2.9
2006-12-03,8.5,5.9,10.8,3340,1.9,0.9,3.5
2006-12-04,7.2,4.1,9.4,2323,5.3,0.8,4.1
2006-12-05,11.6,6.2,14.2,1790,4.6,0.94,4.4
2006-12-06,9.8,7.4,14.1,1816,0.4,1.0,3.7
2006-12-07,7.1,4.1,9.1,3397,0.9,0.8,4.3
2006-12-08,9.3,6.2,13.1,2035,0.5,0.93,4.0
2006-12-09,7.5,4.3,11.2,1521,0.0,0.81,2.6
2006-12-10,2.8,-0.7,6.8,4034,0.0,0.57,2.2
2006-12-11,2.9,-0.8,5.7,1582,8.5,0.57,3.9
2006-12-12,5.7,2.6,8.0,3172,0.4,0.71,3.2
2006-12-13,7.8,5.7,10.8,1768,0.2,0.88,3.8
2006-12-14,10.3,9.8,10.8,1475,0.0,1.17,3.9
2006-12-15,5.8,0.1,10.3,3541,0.0,0.62,2.9
2006-12-16,5.3,0.8,9.5,1707,0.4,0.64,3.1
2006-12-17,4.8,3.4,6.1,1621,0.5,0.75,2.5
2006-12-18,3.0,1.3,4.2,1457,0.0,0.64,1.7
2006-12-19,3.7,2.4,5.4,2747,0.0,0.7,2.2
2006-12-20,5.3,2.8,6.7,1454,0.5,0.73,2.3
2006-12-21,6.6,5.5,7.5,1454,0.0,0.87,1.5
2006-12-22,6.1,5.3,6.8,1455,0.0,0.85,1.9
2006-12-23,5.3,4.5,5.8,1457,0.1,0.81,1.8
2006-12-24,4.9,3.6,6.4,1461,0.2,0.76,1.7
2006-12-25,5.3,1.3,7.7,2195,0.0,0.65,1.3
2006-12-26,1.9,0.2,2.9,1470,0.0,0.6,1.5
2006-12-27,-0.3,-1.1,0.1,1477,0.0,0.54,1.8
2006-12-28,0.1,-0.3,1.0,1484,2.9,0.57,2.4
2006-12-29,2.2,-0.1,4.4,1493,0.0,0.58,2.0
2006-12-30,3.6,-0.3,7.2,1585,4.2,0.59,3.7
2006-12-31,8.4,6.3,10.6,1928,1.6,0.93,5.2
2007-01-01,7.7,5.8,9.7,2483,0.1,0.89,5.5
2007-01-02,4.7,3.4,5.9,1538,0.8,0.75,3.8
2007-01-03,5.1,3.8,7.0,2226,3.0,0.78,3.7
2007-01-04,7.0,5.3,9.1,1566,1.3,0.86,4.7
2007-01-05,7.2,6.6,8.5,2010,0.8,0.94,4.3
2007-01-06,7.8,5.6,9.1,1599,7.7,0.88,3.1
2007-01-07,5.3,3.7,6.7,1618,0.0,0.76,3.4
2007-01-08,6.5,4.0,9.1,1637,1.4,0.79,3.7
2007-01-09,10.7,5.8,13.7,1657,0.4,0.91,4.6
2007-01-10,11.2,6.3,13.4,1945,2.0,0.93,4.5
2007-01-11,6.2,4.6,8.8,1701,9.7,0.82,6.3
2007-01-12,7.6,5.4,10.5,2810,2.6,0.87,6.1
2007-01-13,10.7,6.6,12.4,2343,0.2,0.95,4.8
2007-01-14,7.8,3.1,11.5,3020,0.0,0.75,4.8
2007-01-15,3.2,-0.2,7.6,3852,0.0,0.59,2.6
2007-01-16,3.3,-1.5,6.6,2066,2.5,0.54,2.7
2007-01-17,7.4,5.1,10.2,2287,1.6,0.85,4.0
2007-01-18,8.0,5.0,12.7,1890,24.7,0.87,7.1
2007-01-19,6.5,5.2,8.3,2115,8.0,0.85,6.0
2007-01-20,8.4,5.9,13.0,2003,1.3,0.91,5.1
2007-01-21,5.4,4.3,7.4,2285,0.8,0.8,5.4
2007-01-22,2.0,-2.8,5.4,2273,0.4,0.49,3.2
2007-01-23,-4.1,-6.7,0.2,5617,0.0,0.36,2.8
2007-01-24,-3.8,-7.5,0.4,3124,0.0,0.35,2.7
2007-01-25,-2.7,-8.5,0.3,4111,0.0,0.32,2.5
2007-01-26,-2.9,-8.1,2.2,2172,1.6,0.34,3.5
2007-01-27,0.6,-0.8,2.5,6213,0.8,0.56,4.1
2007-01-28,3.6,0.6,7.0,2253,4.5,0.62,5.3
2007-01-29,4.4,-0.1,7.1,3498,1.0,0.6,3.8
2007-01-30,5.6,2.7,7.3,2339,0.3,0.71,2.9
2007-01-31,6.2,5.5,7.5,2944,0.9,0.87,4.1
2007-02-01,5.5,3.3,7.7,5437,0.2,0.75,2.5
2007-02-02,7.1,5.4,8.5,2477,1.8,0.86,2.6
2007-02-03,6.6,4.8,8.8,5783,0.0,0.83,3.4
2007-02-04,5.6,0.3,8.2,3339,0.0,0.62,2.3
2007-02-05,1.8,0.0,3.4,2623,0.2,0.59,2.7
2007-02-06,1.0,-1.2,2.9,2735,0.0,0.54,1.9
2007-02-07,-0.4,-4.8,4.0,7683,1.7,0.43,1.6
2007-02-08,-0.2,-0.9,0.4,2780,3.7,0.55,2.5
2007-02-09,-0.7,-2.3,0.1,2834,2.6,0.5,2.7
2007-02-10,-3.1,-5.1,-1.6,3525,0.3,0.4,2.9
2007-02-11,-3.3,-6.3,0.4,2946,3.0,0.37,3.5
2007-02-12,3.0,0.2,5.6,4306,4.4,0.6,2.9
2007-02-13,5.6,3.7,7.1,3061,1.4,0.77,3.7
2007-02-14,6.0,4.3,8.4,3321,6.4,0.8,2.2
2007-02-15,4.3,3.1,5.2,3180,1.0,0.73,2.6
2007-02-16,3.7,2.5,4.8,3241,0.0,0.7,2.9
2007-02-17,4.2,0.3,7.7,8569,0.0,0.61,3.3
2007-02-18,3.8,-1.9,10.2,9397,0.0,0.55,1.9
2007-02-19,4.0,2.3,5.4,3430,0.0,0.7,1.2
2007-02-20,3.3,0.0,6.8,5003,0.0,0.6,1.2
2007-02-21,5.0,2.0,8.2,3633,6.9,0.69,2.3
2007-02-22,6.2,1.4,9.5,3774,0.3,0.67,1.9
2007-02-23,-1.1,-2.1,1.6,3694,0.1,0.51,2.6
2007-02-24,1.6,-1.8,5.7,8202,0.0,0.53,3.3
2007-02-25,6.3,2.0,10.3,4440,2.1,0.7,3.2
2007-02-26,5.6,3.4,7.7,3900,14.7,0.75,3.5
2007-02-27,4.0,1.4,6.4,6618,6.3,0.65,3.8
2007-02-28,7.0,2.0,10.9,4435,5.8,0.7,4.5
2007-03-01,7.0,4.6,10.0,5227,5.1,0.83,4.6
2007-03-02,6.0,4.3,8.9,4829,4.1,0.81,3.8
2007-03-03,4.0,0.7,6.0,4339,0.0,0.62,3.4
2007-03-04,4.6,1.4,9.6,7456,0.0,0.67,2.0
2007-03-05,5.4,1.8,10.0,4572,0.3,0.69,3.3
2007-03-06,7.5,1.6,13.3,6999,0.2,0.7,3.1
2007-03-07,9.1,4.6,12.4,5319,0.2,0.84,2.2
2007-03-08,6.1,1.7,8.9,4631,0.2,0.68,2.1
2007-03-09,6.5,0.1,12.5,8515,2.3,0.64,2.3
2007-03-10,6.1,3.6,10.0,9066,0.0,0.78,2.6
2007-03-11,8.9,3.0,15.0,13598,0.0,0.78,2.3
2007-03-12,8.7,0.2,17.5,14561,0.0,0.68,1.6
2007-03-13,10.1,2.5,17.8,13201,0.0,0.78,1.5
2007-03-14,6.6,2.3,12.1,11449,0.0,0.73,2.0
2007-03-15,6.6,-0.2,12.9,14426,0.0,0.63,1.6
2007-03-16,5.8,0.3,10.2,6547,1.2,0.63,2.3
2007-03-17,7.9,4.9,12.1,8969,3.4,0.85,4.6
2007-03-18,6.5,1.8,9.7,5599,3.4,0.68,5.8
2007-03-19,3.1,-0.8,7.6,11279,0.1,0.58,3.1
2007-03-20,3.2,-2.8,8.7,10547,0.5,0.51,2.5
2007-03-21,2.3,0.8,3.1,5651,13.1,0.62,3.1
2007-03-22,3.9,1.8,4.9,5731,10.8,0.67,3.6
2007-03-23,6.1,2.7,11.8,13362,2.0,0.74,3.5
2007-03-24,10.7,7.8,15.0,14886,0.0,1.04,3.4
2007-03-25,10.3,5.6,15.3,17327,0.0,0.91,3.7
2007-03-26,9.5,3.8,14.9,17493,0.0,0.81,3.4
2007-03-27,10.0,3.6,16.3,17963,0.0,0.82,3.1
2007-03-28,10.0,3.4,16.6,17824,0.0,0.81,2.2
2007-03-29,10.0,5.3,15.1,17167,0.0,0.9,2.4
2007-03-30,8.7,3.7,15.1,16704,0.0,0.82,2.1
2007-03-31,9.7,3.8,16.6,15190,0.0,0.83,2.7
2007-04-01,10.5,3.3,17.6,17947,0.0,0.81,2.7
2007-04-02,10.1,2.7,18.2,17997,0.0,0.79,1.8
2007-04-03,5.4,2.1,8.3,8601,0.1,0.7,2.8
2007-04-04,4.9,-0.9,10.9,20117,0.0,0.59,2.9
2007-04-05,7.5,1.1,12.4,9106,0.0,0.67,3.1
2007-04-06,9.1,5.8,12.5,8117,0.1,0.9,2.4
2007-04-07,7.5,3.1,12.8,17987,0.0,0.76,2.4
2007-04-08,9.1,5.7,13.1,9599,0.0,0.9,2.7
2007-04-09,10.3,8.0,13.0,7272,0.3,1.04,3.3
2007-04-10,11.0,4.3,15.9,11109,0.3,0.84,2.9
2007-04-11,11.7,3.2,17.5,10984,0.0,0.8,2.2
2007-04-12,11.4,0.8,20.3,21585,0.0,0.73,1.8
2007-04-13,14.0,6.0,21.5,22183,0.0,1.0,2.4
2007-04-14,15.1,7.4,22.6,22445,0.0,1.09,2.4
2007-04-15,14.5,4.2,22.3,21911,0.0,0.91,2.2
2007-04-16,15.9,7.8,25.7,22965,0.0,1.16,1.8
2007-04-17,11.9,5.2,18.0,16582,0.0,0.91,2.3
2007-04-18,8.1,3.3,13.6,16580,0.0,0.78,3.0
2007-04-19,9.3,0.0,17.3,19001,0.0,0.67,3.1
2007-04-20,6.3,2.5,9.5,9143,0.0,0.72,3.0
2007-04-21,5.8,-1.1,12.2,23081,0.0,0.59,1.5
2007-04-22,8.8,-0.7,16.9,23913,0.0,0.64,1.7
2007-04-23,13.5,3.5,22.8,21109,0.9,0.87,1.7
2007-04-24,14.5,8.3,20.4,13213,0.0,1.12,1.3
2007-04-25,16.1,8.1,24.1,21461,0.0,1.14,2.1
2007-04-26,16.3,8.9,24.9,25136,0.0,1.22,2.0
2007-04-27,18.1,6.3,26.6,24426,0.0,1.09,1.6
2007-04-28,15.8,6.7,24.7,24306,0.0,1.08,1.8
2007-04-29,9.4,3.8,15.2,25981,0.0,0.82,2.8
2007-04-30,9.6,-0.2,18.6,23212,0.0,0.67,2.6
2007-05-01,8.4,-1.4,16.9,25250,0.0,0.62,2.4
2007-05-02,13.4,6.2,20.4,22698,0.0,0.99,2.3
2007-05-03,13.0,2.7,20.8,24861,0.0,0.82,1.9
2007-05-04,13.7,4.3,21.7,26911,0.0,0.91,2.3
2007-05-05,15.7,6.4,23.6,26896,0.0,1.05,2.4
2007-05-06,16.6,4.6,24.3,25777,0.1,0.95,1.9
2007-05-07,11.9,10.9,14.2,9083,13.4,1.26,3.2
2007-05-08,11.2,9.4,15.6,13562,4.0,1.15,4.4
2007-05-09,11.6,6.5,16.8,19168,4.7,0.98,3.8
2007-05-10,12.5,6.7,16.0,10236,7.4,0.98,3.8
2007-05-11,12.1,7.7,17.2,11157,6.3,1.05,4.0
2007-05-12,10.8,6.7,15.7,13072,10.0,0.98,3.2
2007-05-13,15.4,7.6,22.0,18964,1.8,1.09,2.3
2007-05-14,16.8,12.7,22.1,17166,10.9,1.47,3.0
2007-05-15,11.1,4.1,14.7,13242,3.5,0.82,2.6
2007-05-16,11.3,2.6,18.9,20534,5.4,0.79,2.6
2007-05-17,10.6,7.6,14.4,16223,0.0,1.02,2.8
2007-05-18,11.8,4.8,18.4,28420,0.0,0.89,2.0
2007-05-19,15.6,6.6,21.7,17461,0.0,1.04,2.0
2007-05-20,19.4,14.3,25.4,19648,0.0,1.66,1.8
2007-05-21,22.5,15.3,30.0,27244,0.0,1.82,1.7
2007-05-22,20.8,14.6,26.3,22902,0.0,1.68,1.7
2007-05-23,17.4,12.3,22.6,21067,0.0,1.44,1.7
2007-05-24,18.5,9.6,25.5,24397,1.2,1.27,1.5
2007-05-25,21.6,16.4,31.2,22429,1.9,1.95,1.7
2007-05-26,19.3,16.4,26.3,15399,12.8,1.85,1.8
2007-05-27,18.3,13.3,24.0,16324,12.6,1.53,2.1
2007-05-28,17.4,12.7,22.3,11172,22.4,1.46,2.0
2007-05-29,17.2,11.1,24.0,14372,15.5,1.36,3.6
2007-05-30,12.6,8.8,18.0,15674,0.0,1.13,2.3
2007-05-31,14.6,9.0,19.8,23448,0.0,1.16,1.6
2007-06-01,16.9,10.7,22.9,24755,0.0,1.31,2.0
2007-06-02,15.2,13.8,16.9,10177,0.2,1.52,1.9
2007-06-03,15.2,13.8,18.4,10457,0.6,1.53,2.0
2007-06-04,15.9,14.3,17.9,10226,1.2,1.58,1.8
2007-06-05,16.3,12.4,21.3,13430,5.1,1.43,1.8
2007-06-06,18.8,10.9,25.2,17527,0.0,1.35,1.9
2007-06-07,22.0,16.4,29.4,25956,5.3,1.91,2.2
2007-06-08,23.2,16.6,28.7,29548,0.0,1.92,1.9
2007-06-09,21.7,16.4,29.9,24855,1.3,1.92,1.7
2007-06-10,22.1,13.0,28.9,29209,0.0,1.59,1.5
2007-06-11,22.0,14.6,29.4,30758,0.0,1.73,1.3
2007-06-12,22.8,14.2,29.5,24397,4.5,1.69,1.9
2007-06-13,19.0,15.2,24.6,17393,0.4,1.71,1.8
2007-06-14,20.0,12.5,26.8,19318,12.0,1.52,1.7
2007-06-15,19.3,14.9,25.0,14733,30.3,1.7,2.5
2007-06-16,16.8,12.2,22.0,17165,5.1,1.42,2.5
2007-06-17,17.7,11.4,23.4,23424,0.7,1.37,2.2
2007-06-18,16.2,12.6,21.0,11559,6.0,1.44,2.0
2007-06-19,18.9,13.5,25.1,22665,0.0,1.56,1.3
2007-06-20,21.1,15.3,26.9,18964,1.9,1.77,1.9
2007-06-21,17.1,13.3,20.4,10413,34.3,1.49,1.9
2007-06-22,17.3,13.3,22.7,16663,0.6,1.52,2.0
2007-06-23,16.0,12.8,20.8,17042,5.1,1.46,2.7
2007-06-24,17.8,12.4,23.4,18311,0.0,1.45,2.0
2007-06-25,19.2,13.8,26.5,17921,1.4,1.61,2.3
2007-06-26,15.1,12.6,19.7,15489,4.6,1.43,4.6
2007-06-27,12.6,11.6,16.2,13440,1.7,1.33,4.6
2007-06-28,14.0,8.6,19.1,16741,1.5,1.13,3.2
2007-06-29,14.4,7.0,19.7,15581,2.1,1.04,2.7
2007-06-30,15.3,10.6,19.6,16711,2.3,1.26,2.9
2007-07-01,17.5,10.1,24.4,13131,0.0,1.29,1.9
2007-07-02,17.8,15.1,22.1,10697,7.0,1.68,2.0
2007-07-03,16.3,12.3,22.4,19706,4.8,1.43,2.5
2007-07-04,14.8,10.0,18.9,11041,3.3,1.23,2.9
2007-07-05,15.5,13.1,20.0,15593,5.5,1.48,3.7
2007-07-06,15.6,13.7,20.0,14553,1.4,1.52,4.2
2007-07-07,16.0,13.5,20.2,15922,5.3,1.51,3.8
2007-07-08,16.7,11.4,22.7,25781,0.0,1.36,2.2
2007-07-09,14.6,10.4,18.1,10291,10.0,1.24,1.8
2007-07-10,14.2,8.7,19.1,17985,0.6,1.13,2.1
2007-07-11,13.5,9.0,18.1,13144,8.1,1.14,2.8
2007-07-12,15.1,13.3,17.8,10332,1.0,1.48,3.0
2007-07-13,18.1,14.1,23.4,11185,0.9,1.59,2.1
2007-07-14,23.4,12.3,31.1,26286,0.4,1.58,2.3
2007-07-15,24.9,18.0,31.7,26110,0.0,2.12,1.8
2007-07-16,27.5,18.0,35.9,28827,1.7,2.23,1.7
2007-07-17,22.1,14.7,26.4,21227,0.0,1.69,2.4
2007-07-18,21.0,13.4,27.4,23185,0.0,1.58,1.8
2007-07-19,20.4,12.2,26.0,22378,0.2,1.48,1.6
2007-07-20,21.8,16.9,27.1,17813,0.0,1.93,2.3
2007-07-21,21.3,16.6,25.9,19387,48.7,1.88,1.9
2007-07-22,15.8,12.3,19.0,12711,26.9,1.4,2.3
2007-07-23,17.6,11.1,23.1,21020,0.0,1.35,2.0
2007-07-24,17.7,14.4,22.9,13361,2.3,1.62,3.7
2007-07-25,16.9,13.3,22.2,16045,0.0,1.51,3.0
2007-07-26,19.8,12.1,26.5,17477,0.1,1.46,2.2
2007-07-27,19.0,12.8,22.8,17291,0.0,1.49,3.5
2007-07-28,16.4,12.7,20.8,12404,1.4,1.45,3.0
2007-07-29,14.0,11.9,18.4,11855,4.8,1.37,2.8
2007-07-30,13.4,11.3,15.9,13154,0.8,1.31,3.7
2007-07-31,14.6,12.1,19.0,16044,0.9,1.39,2.9
2007-08-01,15.1,9.6,20.6,15118,0.0,1.21,1.8
2007-08-02,17.3,11.4,22.7,16274,1.4,1.36,2.2
2007-08-03,17.0,9.8,22.0,15714,0.0,1.23,2.2
2007-08-04,16.7,7.6,23.8,20515,0.0,1.12,1.4
2007-08-05,20.0,11.4,26.3,26263,0.0,1.41,1.9
2007-08-06,20.8,14.1,26.8,26161,0.0,1.64,2.1
2007-08-07,22.1,15.4,28.4,23033,0.0,1.8,1.9
2007-08-08,20.7,16.1,27.6,21487,13.9,1.85,2.2
2007-08-09,22.7,17.4,29.3,23194,0.2,2.0,2.4
2007-08-10,20.5,19.0,23.3,10503,0.1,2.12,2.2
2007-08-11,19.0,16.7,21.5,8642,10.6,1.85,2.4
2007-08-12,16.5,13.1,20.5,10604,6.5,1.49,1.5
2007-08-13,17.6,11.3,24.5,14926,0.0,1.39,1.6
2007-08-14,18.4,11.3,25.0,20520,0.1,1.4,1.7
2007-08-15,21.8,15.9,27.2,12628,5.2,1.81,3.0
2007-08-16,19.4,12.4,23.8,14074,0.1,1.45,3.2
2007-08-17,15.5,10.5,20.6,14337,0.0,1.28,2.3
2007-08-18,16.0,8.9,22.0,20429,0.0,1.17,1.5
2007-08-19,19.4,13.6,25.8,19034,2.1,1.59,1.7
2007-08-20,19.9,15.6,26.9,18226,19.5,1.78,1.8
2007-08-21,18.7,16.1,23.2,13042,14.2,1.8,2.3
2007-08-22,17.4,14.6,22.1,11228,1.3,1.64,1.9
2007-08-23,19.3,13.0,25.2,15485,1.8,1.53,1.3
2007-08-24,19.6,15.0,24.3,14468,0.0,1.71,1.4
2007-08-25,18.6,14.4,23.5,16630,0.0,1.63,1.9
2007-08-26,17.8,10.6,22.9,16402,0.0,1.3,2.4
2007-08-27,14.1,9.9,18.7,9890,0.0,1.22,2.3
2007-08-28,13.8,8.4,18.8,17843,0.0,1.11,2.1
2007-08-29,12.1,5.0,17.6,17493,0.0,0.89,1.9
2007-08-30,13.2,7.7,17.7,10182,1.4,1.06,2.4
2007-08-31,14.4,13.1,16.0,7453,1.2,1.46,2.7
2007-09-01,14.8,12.5,18.5,9125,0.0,1.41,2.4
2007-09-02,15.8,11.1,19.3,9581,8.7,1.3,2.4
2007-09-03,13.6,8.6,17.6,11760,7.1,1.11,2.9
2007-09-04,9.8,7.7,13.5,10150,10.9,1.03,3.1
2007-09-05,11.9,6.7,17.4,19669,0.0,0.99,2.2
2007-09-06,12.5,5.5,19.6,10487,0.0,0.94,2.5
2007-09-07,15.3,11.3,18.6,9752,0.0,1.32,2.7
2007-09-08,15.7,13.6,18.3,7138,0.0,1.52,3.0
2007-09-09,14.5,11.1,19.3,12577,0.6,1.3,3.0
2007-09-10,11.9,9.5,16.3,8836,12.0,1.17,3.4
2007-09-11,13.6,9.5,18.1,9461,0.0,1.18,2.7
2007-09-12,13.7,10.1,15.9,8033,0.0,1.2,2.2
2007-09-13,12.1,10.4,14.0,6218,0.0,1.22,1.7
2007-09-14,13.7,9.4,17.8,12178,0.9,1.17,2.4
2007-09-15,12.5,9.1,16.9,14253,0.0,1.14,3.0
2007-09-16,13.8,8.6,20.3,16493,0.0,1.14,2.3
2007-09-17,16.7,12.0,21.9,13479,5.2,1.41,2.3
2007-09-18,11.7,7.0,15.0,8654,3.9,0.99,3.1
2007-09-19,9.6,5.9,15.1,12816,0.0,0.93,2.5
2007-09-20,12.3,5.9,18.4,8643,0.2,0.96,2.8
2007-09-21,14.4,9.4,20.2,8063,0.0,1.19,2.3
2007-09-22,14.5,8.7,21.3,11462,0.0,1.15,1.4
2007-09-23,15.4,8.8,23.6,15928,0.0,1.19,1.3
2007-09-24,16.9,10.1,24.8,15574,1.0,1.29,2.3
2007-09-25,13.1,10.1,16.7,8218,3.7,1.21,2.3
2007-09-26,11.8,6.9,17.1,10581,0.0,1.0,1.3
2007-09-27,12.7,9.4,15.3,5656,14.5,1.15,2.9
2007-09-28,14.2,11.1,17.3,6112,16.4,1.29,3.2
2007-09-29,12.1,11.0,13.8,4958,10.6,1.27,3.3
2007-09-30,12.7,10.9,15.0,4881,0.2,1.26,2.1
2007-10-01,12.4,9.0,16.2,7422,1.9,1.12,1.2
2007-10-02,12.2,9.0,15.1,5074,0.0,1.12,1.1
2007-10-03,10.7,6.2,15.8,11326,0.0,0.95,1.3
2007-10-04,11.9,8.0,15.2,4832,0.1,1.05,1.4
2007-10-05,12.1,7.8,16.1,6432,0.0,1.05,1.6
2007-10-06,9.2,5.1,14.1,4512,0.0,0.87,1.5
2007-10-07,8.4,2.7,15.0,10763,0.0,0.76,1.1
2007-10-08,8.7,3.1,14.4,7535,0.0,0.78,1.4
2007-10-09,8.9,5.6,10.4,4210,0.0,0.88,1.0
2007-10-10,8.7,5.5,13.0,8595,0.0,0.89,1.3
2007-10-11,9.4,5.4,13.6,4776,0.5,0.88,1.6
2007-10-12,11.7,7.3,14.6,5321,0.2,1.01,2.6
2007-10-13,7.2,2.7,12.5,11321,0.0,0.75,1.5
2007-10-14,6.5,0.6,13.6,11399,0.0,0.66,1.7
2007-10-15,7.9,1.4,17.4,11095,0.0,0.73,1.8
2007-10-16,11.2,6.7,17.3,5732,0.0,0.99,2.2
2007-10-17,12.7,8.7,17.9,7262,5.1,1.13,2.5
2007-10-18,8.7,4.5,11.4,7373,0.7,0.82,3.2
2007-10-19,6.0,2.9,9.9,7839,0.2,0.74,2.4
2007-10-20,5.4,0.2,9.3,7013,0.8,0.62,1.7
2007-10-21,4.8,1.1,8.8,7821,0.0,0.65,1.7
2007-10-22,3.1,-1.5,7.9,7359,0.0,0.55,2.2
2007-10-23,5.2,0.1,9.8,5603,0.0,0.62,2.6
2007-10-24,7.1,5.4,8.3,3210,0.0,0.87,2.9
2007-10-25,7.6,6.5,8.5,3150,0.0,0.94,2.3
2007-10-26,7.8,5.4,9.4,3157,0.7,0.87,1.9
2007-10-27,8.1,7.7,8.7,3032,0.8,1.01,1.1
2007-10-28,5.9,3.4,9.5,6008,0.0,0.76,2.0
2007-10-29,6.4,2.1,10.4,4385,1.1,0.7,1.9
2007-10-30,8.0,3.5,9.8,2863,1.2,0.77,1.8
2007-10-31,7.0,1.2,10.6,3804,0.0,0.67,2.0
2007-11-01,10.2,8.4,11.6,2755,1.0,1.06,2.1
2007-11-02,11.6,9.8,13.5,2703,1.3,1.17,1.4
2007-11-03,10.7,8.4,13.5,2652,0.5,1.07,2.3
2007-11-04,7.6,0.1,11.4,5501,0.0,0.63,2.1
2007-11-05,3.2,-1.8,9.1,4305,6.7,0.54,1.8
2007-11-06,5.8,2.6,8.0,4178,1.7,0.71,4.1
2007-11-07,7.0,2.7,9.8,2970,4.0,0.73,4.9
2007-11-08,8.3,5.9,10.0,3143,3.5,0.89,3.9
2007-11-09,5.0,2.7,8.1,3311,1.5,0.72,5.5
2007-11-10,2.9,1.1,6.4,4574,2.8,0.64,4.3
2007-11-11,1.5,0.3,2.7,2659,7.1,0.6,4.1
2007-11-12,2.0,0.3,5.1,3041,5.3,0.61,3.7
2007-11-13,1.5,-1.2,5.9,5957,0.0,0.55,3.1
2007-11-14,1.3,-1.4,3.9,2418,0.5,0.54,2.8
2007-11-15,1.6,-2.4,4.1,2377,0.1,0.5,2.0
2007-11-16,1.7,-2.3,5.4,2081,0.2,0.51,1.9
2007-11-17,5.7,5.3,6.5,2044,1.4,0.86,1.6
2007-11-18,4.8,0.9,6.5,2009,0.0,0.63,1.9
2007-11-19,1.1,-0.5,3.3,3309,0.0,0.57,2.6
2007-11-20,1.3,0.2,3.8,1991,0.0,0.6,2.2
2007-11-21,1.7,-0.3,4.0,4036,0.0,0.58,2.4
2007-11-22,3.6,-0.3,6.7,1879,0.0,0.58,1.8
2007-11-23,4.9,1.0,8.3,1849,0.2,0.65,1.8
2007-11-24,2.2,-1.2,4.1,2851,2.8,0.54,2.3
2007-11-25,3.7,0.3,7.3,1932,0.9,0.61,4.3
2007-11-26,1.7,-0.4,4.3,4475,0.0,0.58,4.4
2007-11-27,0.0,-3.9,3.3,4333,0.0,0.45,2.4
2007-11-28,-0.6,-5.3,2.8,1717,0.0,0.41,2.0
2007-11-29,1.6,-1.5,4.6,1783,2.2,0.54,3.0
2007-11-30,5.5,4.0,7.0,1893,4.0,0.78,3.3
2007-12-01,6.4,3.1,9.9,2221,4.1,0.74,3.9
2007-12-02,6.5,3.3,9.3,1718,8.5,0.76,5.0
2007-12-03,6.2,3.8,7.8,1742,3.1,0.77,5.3
2007-12-04,5.4,4.3,7.4,2924,0.3,0.8,3.4
2007-12-05,7.6,4.8,10.0,1577,0.1,0.84,3.5
2007-12-06,8.9,7.7,9.9,1562,7.1,1.01,4.1
2007-12-07,9.1,6.0,13.1,2052,1.6,0.92,5.3
2007-12-08,6.0,3.2,7.4,2621,1.3,0.75,3.9
2007-12-09,4.0,0.7,7.4,1563,0.9,0.63,3.3
2007-12-10,3.0,1.0,5.7,3537,0.0,0.64,2.4
2007-12-11,3.9,1.5,6.0,1500,0.1,0.66,2.5
2007-12-12,4.9,3.5,5.4,1490,0.3,0.76,2.2
2007-12-13,3.4,2.2,4.5,1482,0.0,0.69,1.8
2007-12-14,2.3,1.6,3.0,1475,0.9,0.66,1.8
2007-12-15,-0.5,-4.4,1.6,4516,0.0,0.43,2.2
2007-12-16,-1.3,-4.9,0.3,1504,0.0,0.41,2.2
2007-12-17,1.1,-0.5,2.6,1460,0.0,0.57,2.8
2007-12-18,-0.1,-0.7,0.5,1457,0.0,0.56,1.9
2007-12-19,0.1,-0.7,0.6,1455,0.0,0.55,1.2
2007-12-20,-2.1,-4.0,-0.5,1454,0.0,0.44,1.2
2007-12-21,-4.4,-5.5,-3.8,1454,0.0,0.39,1.1
2007-12-22,-5.5,-6.0,-4.9,1455,0.0,0.37,1.2
2007-12-23,-2.7,-7.0,0.3,3034,0.0,0.35,1.3
2007-12-24,0.4,-2.4,1.4,1461,0.0,0.49,1.5
2007-12-25,-0.6,-2.5,0.3,1668,0.0,0.49,2.5
2007-12-26,-0.7,-3.7,1.5,1592,0.0,0.45,2.1
2007-12-27,1.0,-0.8,2.6,1477,0.0,0.56,2.5
2007-12-28,3.3,1.1,5.7,1484,0.1,0.64,3.0
2007-12-29,1.8,-0.8,4.4,2232,0.0,0.56,3.5
2007-12-30,2.5,0.1,4.1,1502,0.3,0.6,2.6
2007-12-31,1.5,-1.0,2.7,1513,0.0,0.55,1.9
2008-01-01,0.4,-0.6,0.7,1525,0.9,0.56,1.5
2008-01-02,-0.2,-3.8,0.4,1579,0.4,0.45,2.6
2008-01-03,-3.8,-5.5,-3.3,1551,0.0,0.39,4.1
2008-01-04,-5.8,-7.3,-4.4,2839,0.0,0.34,3.5
2008-01-05,-0.9,-4.4,1.0,1668,2.7,0.43,3.4
2008-01-06,0.9,-1.2,2.8,1599,4.1,0.54,2.4
2008-01-07,2.1,-0.4,4.5,1964,3.2,0.57,3.7
2008-01-08,3.6,-0.5,6.1,3035,0.0,0.57,3.2
2008-01-09,1.7,-1.3,4.5,2714,0.9,0.54,2.9
2008-01-10,3.0,-0.8,5.6,3722,0.0,0.56,3.3
2008-01-11,6.5,3.8,10.0,2060,0.0,0.78,3.2
2008-01-12,5.0,1.5,8.4,1996,0.0,0.67,3.3
2008-01-13,1.7,-1.1,6.4,5129,0.0,0.56,2.3
2008-01-14,2.3,-0.1,5.2,3435,0.0,0.59,2.8
2008-01-15,6.0,3.5,8.7,4131,1.6,0.76,4.0
2008-01-16,6.0,0.5,8.9,1830,0.3,0.63,3.5
2008-01-17,4.1,-0.1,7.6,3286,2.9,0.6,2.7
2008-01-18,6.6,4.7,8.4,2418,7.4,0.82,4.1
2008-01-19,9.1,4.1,11.6,1921,11.4,0.81,4.8
2008-01-20,7.4,3.4,11.4,1953,29.9,0.77,3.7
2008-01-21,7.3,4.9,10.2,1987,24.1,0.84,4.1
2008-01-22,2.7,-0.2,8.3,2223,0.0,0.6,3.8
2008-01-23,2.6,-0.2,5.9,2566,1.5,0.59,2.6
2008-01-24,7.1,4.9,9.0,2094,1.9,0.84,3.1
2008-01-25,5.9,2.7,8.1,4736,0.0,0.72,3.9
2008-01-26,7.6,4.3,8.7,2172,8.2,0.8,4.8
2008-01-27,6.5,3.2,8.8,2212,3.4,0.75,4.3
2008-01-28,5.9,0.8,8.5,2253,0.4,0.64,1.7
2008-01-29,6.2,3.7,7.8,2296,0.0,0.77,1.8
2008-01-30,4.5,2.4,5.1,2339,1.3,0.7,2.6
2008-01-31,2.4,0.1,4.0,3337,0.0,0.59,4.2
2008-02-01,4.9,2.0,7.8,2770,0.0,0.69,5.3
2008-02-02,2.3,-0.7,6.4,3626,0.4,0.57,3.8
2008-02-03,0.9,-1.2,5.2,7004,0.0,0.55,2.9
2008-02-04,2.0,-0.7,6.1,6816,0.0,0.57,2.8
2008-02-05,4.0,-0.5,7.1,4473,2.2,0.58,3.6
2008-02-06,7.0,5.2,9.6,2675,1.4,0.85,4.5
2008-02-07,4.8,1.6,8.0,4991,0.0,0.67,2.9
2008-02-08,5.7,3.4,8.6,2842,0.3,0.76,1.8
2008-02-09,5.9,0.8,13.1,7164,0.0,0.67,1.6
2008-02-10,3.5,-1.3,11.9,7528,0.0,0.57,1.5
2008-02-11,2.7,-1.3,9.1,7642,0.0,0.56,1.4
2008-02-12,4.4,2.1,7.3,3263,0.0,0.69,1.5
2008-02-13,2.4,-2.1,6.0,7085,0.1,0.52,1.3
2008-02-14,2.3,-1.6,3.9,3120,0.0,0.53,1.6
2008-02-15,-1.1,-4.8,2.8,9333,0.0,0.42,2.5
2008-02-16,-2.2,-5.4,3.4,8990,0.0,0.41,1.8
2008-02-17,-0.6,-6.3,3.6,6698,0.0,0.39,2.4
2008-02-18,4.2,2.7,6.4,3366,0.4,0.72,2.7
2008-02-19,4.5,3.8,5.9,3430,0.8,0.77,1.9
2008-02-20,4.2,0.5,8.3,4644,0.0,0.62,1.6
2008-02-21,4.9,1.3,8.5,3560,0.3,0.66,3.3
2008-02-22,9.2,8.2,10.5,3627,3.8,1.05,5.3
2008-02-23,7.7,5.5,9.7,6967,0.0,0.87,4.0
2008-02-24,8.8,5.7,9.9,3762,2.5,0.89,2.7
2008-02-25,5.9,1.6,9.4,7865,0.4,0.68,2.6
2008-02-26,8.2,3.1,12.6,3900,2.2,0.77,4.0
2008-02-27,6.3,4.0,8.9,5450,1.9,0.79,4.5
2008-02-28,5.5,2.5,10.2,9159,0.0,0.72,2.3
2008-02-29,5.0,-0.3,10.3,6262,13.1,0.6,3.1
2008-03-01,6.4,4.8,8.3,4265,5.0,0.83,7.2
2008-03-02,6.2,4.4,9.0,4827,10.4,0.81,6.1
2008-03-03,5.1,2.3,9.7,5976,1.3,0.71,4.0
2008-03-04,2.6,0.6,5.4,5153,3.7,0.62,2.9
2008-03-05,1.3,-1.5,5.4,12036,0.0,0.53,3.1
2008-03-06,4.7,2.0,6.4,4556,0.8,0.68,3.4
2008-03-07,7.7,5.8,10.4,4631,0.6,0.9,2.0
2008-03-08,6.7,2.3,10.7,5832,0.0,0.71,2.0
2008-03-09,6.2,0.2,12.2,8192,0.0,0.63,2.9
2008-03-10,9.0,3.4,14.2,11127,0.0,0.79,3.8
2008-03-11,8.7,6.1,12.6,9304,2.9,0.92,4.7
2008-03-12,6.4,2.5,8.8,7175,10.4,0.72,6.1
2008-03-13,6.1,4.1,9.8,7183,2.0,0.8,5.5
2008-03-14,5.1,1.0,9.1,6914,1.8,0.65,3.6
2008-03-15,5.9,2.4,9.3,9135,0.0,0.71,1.7
2008-03-16,4.9,2.0,7.8,5332,7.8,0.69,2.8
2008-03-17,2.9,0.2,7.0,9645,1.4,0.61,3.8
2008-03-18,1.8,-0.8,7.3,13652,0.0,0.57,3.5
2008-03-19,1.5,-1.1,6.8,9016,1.0,0.56,2.7
2008-03-20,1.9,-1.9,5.3,9993,6.4,0.53,3.5
2008-03-21,3.5,0.7,6.7,6606,7.7,0.63,4.0
2008-03-22,1.8,-0.6,4.0,5811,2.1,0.57,3.3
2008-03-23,-0.8,-4.7,2.8,13403,0.0,0.42,2.2
2008-03-24,0.0,-6.1,6.2,14538,0.5,0.4,2.5
2008-03-25,0.4,-2.1,4.8,8762,1.7,0.51,3.6
2008-03-26,1.6,-2.7,6.1,13513,0.6,0.5,3.0
2008-03-27,1.7,-3.0,7.6,9981,0.0,0.5,1.6
2008-03-28,5.6,-0.4,11.6,12961,2.7,0.61,2.8
2008-03-29,6.4,0.9,10.0,9059,1.5,0.65,3.8
2008-03-30,8.5,1.0,15.3,14046,0.0,0.69,3.3
2008-03-31,10.1,5.7,15.7,12921,0.0,0.92,2.1
2008-04-01,9.5,3.3,16.0,13570,2.4,0.8,2.3
2008-04-02,7.8,6.1,10.7,8071,7.0,0.91,3.4
2008-04-03,7.5,1.3,11.9,10080,0.0,0.68,2.5
2008-04-04,5.4,1.2,7.6,6849,0.2,0.65,1.8
2008-04-05,6.7,4.1,10.1,6928,7.3,0.8,2.3
2008-04-06,4.9,1.6,9.0,9398,0.0,0.68,1.9
2008-04-07,4.3,-1.2,8.4,12661,1.2,0.57,2.4
2008-04-08,5.2,0.2,10.3,14970,0.0,0.63,1.8
2008-04-09,3.9,0.2,7.2,7792,4.5,0.61,1.7
2008-04-10,4.2,3.3,5.8,7316,0.3,0.75,1.7
2008-04-11,5.3,3.5,6.8,7392,3.0,0.75,2.2
2008-04-12,8.5,4.4,14.1,15668,0.0,0.84,2.5
2008-04-13,8.7,2.7,16.4,16461,4.8,0.77,2.0
2008-04-14,7.5,5.2,9.6,7618,6.6,0.85,2.2
2008-04-15,6.9,5.4,8.0,7692,3.6,0.87,2.2
2008-04-16,6.9,3.2,11.0,14292,1.4,0.76,2.0
2008-04-17,5.4,4.2,7.0,7839,4.3,0.79,2.2
2008-04-18,6.1,4.0,9.1,8027,0.0,0.79,2.9
2008-04-19,5.9,1.8,10.3,11115,0.0,0.69,3.0
2008-04-20,8.3,4.1,13.0,10267,0.0,0.81,2.4
2008-04-21,10.5,4.2,15.8,23329,0.0,0.84,3.6
2008-04-22,10.6,4.8,17.0,20757,0.0,0.88,3.4
2008-04-23,10.4,3.2,18.1,22523,0.0,0.81,1.8
2008-04-24,11.3,2.1,19.6,23708,1.8,0.78,1.7
2008-04-25,10.1,5.7,13.9,9230,1.7,0.9,2.4
2008-04-26,10.9,2.5,18.1,22759,0.0,0.79,1.4
2008-04-27,13.2,5.7,20.4,18450,0.0,0.96,2.0
2008-04-28,15.3,8.4,21.3,21784,1.3,1.13,2.4
2008-04-29,12.8,10.5,16.3,8660,4.8,1.23,2.0
2008-04-30,12.7,6.2,18.3,14514,0.0,0.98,2.5
2008-05-01,12.7,7.2,17.6,16528,0.1,1.03,2.2
2008-05-02,11.3,4.8,17.2,20736,2.0,0.89,1.6
2008-05-03,12.7,5.8,18.4,17788,0.0,0.94,1.5
2008-05-04,11.6,3.9,18.5,22627,0.0,0.85,1.9
2008-05-05,14.6,3.7,21.2,23576,0.0,0.88,2.0
2008-05-06,15.1,6.5,22.1,25507,0.0,1.03,2.0
2008-05-07,15.6,6.8,22.8,24988,0.0,1.05,1.6
2008-05-08,15.8,6.2,24.5,25448,0.0,1.05,1.6
2008-05-09,15.7,7.6,23.2,26895,0.0,1.11,2.1
2008-05-10,17.0,7.4,23.5,26737,0.0,1.1,2.4
2008-05-11,17.6,7.9,24.8,25833,0.0,1.15,2.2
2008-05-12,17.5,7.1,25.8,27157,0.0,1.1,1.9
2008-05-13,13.4,6.5,19.3,22389,0.0,0.99,2.4
2008-05-14,13.3,5.0,21.9,26821,0.0,0.95,1.7
2008-05-15,15.6,6.8,22.6,21781,0.0,1.04,1.6
2008-05-16,14.9,7.3,21.1,15348,6.8,1.06,1.7
2008-05-17,12.7,9.6,16.4,11773,2.2,1.18,2.0
2008-05-18,11.0,5.3,16.1,14202,0.0,0.9,1.9
2008-05-19,10.4,4.4,16.0,17640,0.0,0.85,2.0
2008-05-20,11.2,2.6,17.7,20960,0.0,0.79,2.4
2008-05-21,12.1,4.5,19.0,26426,0.0,0.88,2.1
2008-05-22,13.2,5.1,20.4,26862,0.0,0.93,1.7
2008-05-23,14.3,8.4,20.6,26415,0.0,1.13,1.8
2008-05-24,13.9,8.3,20.8,21545,0.0,1.12,2.3
2008-05-25,15.4,8.2,21.8,24625,0.1,1.13,2.4
2008-05-26,14.8,11.7,19.7,10885,1.0,1.36,2.3
2008-05-27,14.2,11.2,18.9,13957,0.0,1.32,2.9
2008-05-28,17.4,11.8,22.9,25777,0.0,1.4,3.1
2008-05-29,19.1,13.4,24.7,24297,0.0,1.56,2.6
2008-05-30,21.7,15.1,28.0,26367,0.0,1.76,2.4
2008-05-31,22.9,16.0,29.6,27930,0.0,1.88,2.1
2008-06-01,22.3,15.1,28.5,28221,0.0,1.77,1.8
2008-06-02,23.5,16.1,30.0,28765,0.0,1.88,2.1
2008-06-03,22.5,15.1,30.3,24982,0.0,1.81,2.3
2008-06-04,20.0,14.6,27.1,29466,0.0,1.71,2.3
2008-06-05,19.8,13.2,25.5,28222,0.0,1.55,2.5
2008-06-06,19.5,12.3,25.0,19078,0.0,1.47,2.3
2008-06-07,21.4,15.9,27.6,19481,0.0,1.84,2.0
2008-06-08,21.2,13.0,28.7,30081,0.0,1.58,1.8
2008-06-09,20.9,9.7,28.8,27424,0.0,1.32,1.7
2008-06-10,19.8,11.0,27.3,28080,0.0,1.41,2.3
2008-06-11,15.2,10.4,20.0,21846,0.0,1.26,3.0
2008-06-12,13.6,9.1,19.6,14969,4.0,1.17,2.3
2008-06-13,12.4,9.4,18.1,13704,1.7,1.17,2.6
2008-06-14,12.4,7.0,19.1,18051,0.5,1.03,2.1
2008-06-15,12.3,6.5,19.3,18186,3.3,0.99,2.0
2008-06-16,13.6,7.0,20.8,20872,0.0,1.04,1.8
2008-06-17,14.2,5.3,21.5,25853,0.0,0.95,1.4
2008-06-18,17.5,7.3,25.4,25217,0.1,1.13,1.7
2008-06-19,19.4,10.1,27.1,17177,1.2,1.33,2.7
2008-06-20,17.3,10.7,22.5,17304,0.0,1.3,2.5
2008-06-21,16.8,10.6,23.1,22532,0.0,1.31,1.8
2008-06-22,21.1,10.7,31.3,19211,15.6,1.43,2.4
2008-06-23,17.8,9.6,21.5,25964,0.0,1.22,3.3
2008-06-24,14.9,7.5,21.0,30163,0.0,1.07,1.8
2008-06-25,17.9,10.7,24.2,17784,1.6,1.34,2.1
2008-06-26,19.1,13.1,24.9,27332,0.0,1.54,2.2
2008-06-27,15.3,9.2,20.9,14957,2.5,1.18,3.0
2008-06-28,15.6,8.4,21.1,12142,4.9,1.14,2.8
2008-06-29,18.9,11.8,25.1,24478,0.0,1.42,2.1
2008-06-30,18.7,11.1,23.5,26875,0.0,1.35,2.3
2008-07-01,19.0,9.7,26.4,27233,0.0,1.3,1.5
2008-07-02,23.1,14.3,30.6,30132,0.0,1.72,2.2
2008-07-03,25.4,18.0,33.0,26672,0.4,2.16,2.2
2008-07-04,16.6,14.5,20.5,10259,7.0,1.6,2.8
2008-07-05,18.6,12.8,24.5,26230,0.0,1.5,1.6
2008-07-06,20.0,10.8,27.2,18459,0.6,1.37,1.8
2008-07-07,17.3,11.4,23.1,17035,5.2,1.38,2.9
2008-07-08,16.5,11.1,22.5,16878,2.2,1.34,3.7
2008-07-09,14.8,11.4,20.2,17985,2.6,1.34,3.1
2008-07-10,15.5,9.5,18.9,10235,3.4,1.18,2.2
2008-07-11,18.8,16.4,24.7,12607,18.2,1.84,2.3
2008-07-12,17.9,12.3,23.8,17875,0.4,1.45,2.6
2008-07-13,16.5,10.9,21.1,12665,0.0,1.31,1.7
2008-07-14,16.3,9.7,21.6,17290,0.0,1.23,2.3
2008-07-15,18.9,14.6,23.0,11836,0.0,1.65,2.6
2008-07-16,16.4,12.4,18.9,10163,8.7,1.41,2.6
2008-07-17,15.1,9.5,20.8,13767,0.4,1.2,1.9
2008-07-18,15.4,13.1,19.7,10212,1.8,1.48,2.2
2008-07-19,16.4,11.7,23.5,13679,5.6,1.39,2.8
2008-07-20,15.3,11.5,20.5,14133,4.6,1.36,3.0
2008-07-21,12.4,10.1,15.7,10463,2.2,1.21,3.5
2008-07-22,16.4,11.8,21.2,14285,0.0,1.39,2.5
2008-07-23,18.1,11.9,23.7,25690,0.0,1.43,1.6
2008-07-24,19.8,12.0,26.8,25991,0.0,1.48,2.3
2008-07-25,22.8,16.2,30.9,27654,0.0,1.92,2.3
2008-07-26,24.3,16.6,32.1,26335,0.0,1.97,2.1
2008-07-27,25.0,18.1,31.9,27863,0.0,2.14,1.9
2008-07-28,24.7,17.2,32.0,27902,0.0,2.05,2.1
2008-07-29,25.7,18.5,32.5,26459,0.0,2.21,2.1
2008-07-30,21.9,17.9,27.7,14815,0.0,2.05,1.6
2008-07-31,23.5,16.2,30.5,27017,0.0,1.92,2.1
2008-08-01,25.1,17.8,33.4,20803,10.9,2.15,2.3
2008-08-02,19.9,16.5,24.1,12172,0.0,1.85,2.0
2008-08-03,20.6,17.7,25.2,16860,5.2,1.99,2.8
2008-08-04,18.6,15.9,22.3,15933,0.6,1.78,4.1
2008-08-05,18.1,12.2,23.6,19130,0.0,1.43,3.1
2008-08-06,18.0,9.2,25.1,14449,0.0,1.24,1.5
2008-08-07,25.0,15.7,33.8,23296,0.2,1.94,2.4
2008-08-08,19.4,16.2,24.4,14778,2.4,1.81,3.1
2008-08-09,16.4,11.0,21.8,17336,0.0,1.31,2.8
2008-08-10,16.0,10.8,18.7,8642,6.3,1.28,2.8
2008-08-11,18.6,13.9,23.8,15965,0.7,1.59,2.2
2008-08-12,19.0,15.5,22.4,8870,2.2,1.72,2.6
2008-08-13,19.0,12.6,24.5,18627,1.5,1.47,4.0
2008-08-14,17.3,10.7,23.1,20885,0.0,1.32,2.7
2008-08-15,14.7,9.5,19.2,8550,2.4,1.19,1.6
2008-08-16,16.7,8.2,22.7,19723,0.0,1.13,1.6
2008-08-17,17.8,11.4,25.2,15645,0.0,1.39,1.6
2008-08-18,16.2,10.5,21.4,8924,1.7,1.28,2.2
2008-08-19,20.5,14.6,26.5,16143,0.0,1.69,2.7
2008-08-20,17.4,13.6,22.4,12581,4.4,1.54,3.3
2008-08-21,18.5,14.6,24.3,16737,0.1,1.67,2.4
2008-08-22,17.3,12.5,22.1,9656,26.5,1.44,1.8
2008-08-23,14.9,10.4,18.7,13558,6.6,1.25,3.1
2008-08-24,14.8,10.9,17.7,8022,6.6,1.28,2.4
2008-08-25,16.4,11.7,21.5,13696,0.0,1.38,1.7
2008-08-26,17.4,12.5,20.8,12807,0.0,1.43,2.0
2008-08-27,18.5,17.0,21.4,7571,0.2,1.88,2.2
2008-08-28,17.5,16.2,20.7,7940,0.6,1.78,2.3
2008-08-29,17.5,11.1,21.1,9409,0.1,1.32,2.4
2008-08-30,15.9,9.7,22.9,20644,0.0,1.24,1.5
2008-08-31,17.7,10.0,24.2,20823,0.0,1.27,2.2
2008-09-01,17.6,13.1,23.5,13712,0.7,1.52,2.3
2008-09-02,17.3,9.9,23.1,15868,0.0,1.25,2.4
2008-09-03,16.3,10.6,20.8,11547,3.1,1.29,3.0
2008-09-04,13.9,8.8,20.4,15609,0.0,1.15,2.6
2008-09-05,16.0,9.1,21.6,14628,3.7,1.18,2.2
2008-09-06,18.3,16.1,21.6,7219,7.3,1.79,2.5
2008-09-07,17.4,15.2,21.7,11122,0.0,1.69,2.4
2008-09-08,16.2,11.7,20.6,13827,0.7,1.37,2.4
2008-09-09,16.1,9.2,23.3,18254,0.0,1.21,1.7
2008-09-10,17.8,12.6,24.4,13059,0.0,1.49,1.7
2008-09-11,16.7,11.7,22.7,10892,0.0,1.38,1.8
2008-09-12,13.5,7.5,18.1,10476,0.0,1.04,3.2
2008-09-13,10.9,4.7,16.8,14694,0.0,0.87,3.2
2008-09-14,10.7,8.4,12.5,6759,0.1,1.07,2.6
2008-09-15,12.4,8.6,17.1,12327,0.0,1.1,2.3
2008-09-16,10.3,6.5,14.0,7377,0.0,0.95,1.8
2008-09-17,10.3,5.4,14.5,9337,0.0,0.89,1.5
2008-09-18,10.7,3.6,15.9,7583,0.0,0.82,1.5
2008-09-19,9.5,2.6,14.4,5855,0.0,0.75,1.4
2008-09-20,12.6,8.4,17.1,9874,0.0,1.1,1.7
2008-09-21,12.5,10.7,16.4,7869,2.2,1.26,1.8
2008-09-22,12.1,8.5,14.6,6645,5.1,1.08,1.9
2008-09-23,12.0,11.0,12.9,5347,4.1,1.26,2.0
2008-09-24,12.6,8.6,17.9,10983,0.0,1.11,2.1
2008-09-25,11.8,7.7,17.8,11951,0.0,1.05,2.4
2008-09-26,11.2,6.6,17.4,9459,0.0,0.99,1.8
2008-09-27,10.9,5.0,16.9,9790,0.0,0.9,1.7
2008-09-28,11.9,5.2,18.0,10114,0.6,0.91,1.7
2008-09-29,11.2,9.2,14.7,7699,3.4,1.13,2.0
2008-09-30,10.0,7.6,11.6,5415,8.5,1.01,3.8
2008-10-01,11.0,8.3,15.4,5506,13.7,1.08,5.1
2008-10-02,10.0,6.9,13.2,6963,0.0,0.97,4.2
2008-10-03,8.1,2.7,13.4,7034,0.1,0.75,2.8
2008-10-04,6.4,1.6,12.1,6767,0.1,0.69,3.1
2008-10-05,8.7,5.2,11.2,4429,6.8,0.86,4.1
2008-10-06,11.4,10.1,13.6,4356,0.2,1.2,1.8
2008-10-07,12.1,9.4,17.2,7535,0.0,1.16,1.7
2008-10-08,10.6,7.9,14.6,4291,0.1,1.05,1.8
2008-10-09,11.5,4.8,15.1,4377,0.7,0.86,1.6
2008-10-10,9.4,2.9,17.1,10366,0.0,0.78,1.7
2008-10-11,11.6,6.3,19.0,12485,0.0,0.98,2.1
2008-10-12,10.9,5.7,17.2,5467,0.0,0.94,1.8
2008-10-13,12.2,5.7,20.1,9037,0.0,0.96,1.9
2008-10-14,14.2,10.4,17.3,5070,0.0,1.23,2.0
2008-10-15,12.3,8.8,16.1,5062,4.2,1.11,2.4
2008-10-16,10.9,6.8,14.0,6673,5.6,0.97,3.3
2008-10-17,8.9,6.3,12.3,6281,0.9,0.93,3.2
2008-10-18,8.6,5.4,12.5,5538,0.0,0.88,2.2
2008-10-19,10.6,7.3,12.7,3459,0.0,1.0,2.5
2008-10-20,10.3,5.5,16.1,9648,0.0,0.92,2.9
2008-10-21,11.9,9.3,19.2,6179,2.1,1.17,3.1
2008-10-22,8.8,6.1,11.0,3271,0.0,0.91,2.1
2008-10-23,7.3,3.7,13.2,9309,0.0,0.8,2.3
2008-10-24,7.1,1.6,13.3,9042,0.2,0.7,2.3
2008-10-25,10.2,6.2,13.3,3950,0.0,0.93,1.9
2008-10-26,10.4,5.3,14.4,3882,5.0,0.89,3.3
2008-10-27,9.6,4.3,11.3,2975,0.8,0.81,2.5
2008-10-28,4.9,2.1,8.8,3301,0.0,0.7,1.8
2008-10-29,4.3,2.3,7.4,3115,3.8,0.7,1.5
2008-10-30,4.1,3.6,4.5,2809,17.4,0.76,2.1
2008-10-31,4.1,1.5,6.5,3431,0.0,0.66,1.7
2008-11-01,5.9,3.7,8.9,3492,0.0,0.77,2.1
2008-11-02,5.9,1.7,9.3,3251,0.0,0.68,1.9
2008-11-03,7.2,6.2,7.9,2601,0.2,0.92,2.2
2008-11-04,8.7,7.8,9.4,2552,0.0,1.02,1.5
2008-11-05,9.6,8.7,10.3,2504,0.4,1.08,2.5
2008-11-06,10.5,10.0,11.2,2457,2.3,1.18,1.7
2008-11-07,10.5,9.4,11.4,2411,0.2,1.14,1.7
2008-11-08,7.2,3.9,10.5,2421,0.0,0.79,1.7
2008-11-09,7.2,2.6,11.6,3036,0.4,0.74,3.5
2008-11-10,12.0,5.3,14.7,2279,0.0,0.88,4.5
2008-11-11,11.2,5.2,14.6,2344,0.2,0.88,4.2
2008-11-12,6.8,4.2,11.0,5533,0.0,0.81,2.9
2008-11-13,4.8,-0.1,10.7,5559,0.0,0.62,1.8
2008-11-14,5.4,-0.1,9.6,2118,1.3,0.61,2.9
2008-11-15,10.4,9.6,11.3,2081,0.3,1.15,3.3
2008-11-16,8.1,5.0,10.7,4015,0.5,0.85,3.6
2008-11-17,3.7,0.0,7.4,5556,0.0,0.6,2.0
2008-11-18,3.3,-0.3,6.8,1975,3.6,0.59,3.2
2008-11-19,7.0,5.2,9.4,1942,5.3,0.86,4.2
2008-11-20,7.4,3.4,9.5,1910,4.7,0.76,5.7
2008-11-21,1.9,-0.5,3.7,2214,3.6,0.57,4.6
2008-11-22,-0.4,-2.2,1.8,3363,2.3,0.5,4.3
2008-11-23,0.4,-1.4,2.5,4209,0.3,0.53,3.6
2008-11-24,-0.8,-2.3,2.1,3230,0.2,0.5,2.3
2008-11-25,0.9,-1.2,2.6,2501,0.1,0.54,2.2
2008-11-26,2.5,-2.1,5.7,1741,0.2,0.52,2.7
2008-11-27,6.0,4.5,7.2,1717,0.1,0.81,3.1
2008-11-28,2.7,-0.3,4.7,1917,1.1,0.58,2.3
2008-11-29,0.8,-0.2,2.1,1672,0.1,0.58,1.8
2008-11-30,0.0,-2.1,1.9,1651,0.0,0.51,1.9
2008-12-01,1.8,-2.8,5.1,1631,16.8,0.5,2.1
2008-12-02,3.5,0.5,5.0,1612,0.3,0.61,3.3
2008-12-03,0.6,0.0,1.3,1594,4.9,0.58,2.9
2008-12-04,1.4,0.0,4.2,1577,2.1,0.59,2.9
2008-12-05,2.8,-0.1,5.4,2620,0.2,0.59,2.5
2008-12-06,2.9,-0.4,4.6,1547,0.3,0.58,2.1
2008-12-07,4.3,2.9,5.1,1785,0.7,0.73,2.2
2008-12-08,3.9,-0.4,5.3,1563,0.0,0.58,2.5
2008-12-09,-0.3,-2.4,1.7,2751,0.0,0.49,2.1
2008-12-10,1.0,0.4,2.0,1500,0.0,0.6,1.5
2008-12-11,1.2,0.4,2.3,1490,5.4,0.6,1.3
2008-12-12,0.6,-0.3,1.4,1482,0.1,0.57,1.6
2008-12-13,1.5,-0.1,2.8,1475,0.0,0.58,2.6
2008-12-14,3.0,2.5,3.6,1591,0.0,0.7,2.9
2008-12-15,2.6,1.8,2.8,1464,0.0,0.67,2.1
2008-12-16,2.5,2.3,2.7,1460,0.0,0.69,1.3
2008-12-17,2.5,0.4,3.9,1457,0.0,0.6,1.7
2008-12-18,1.5,-0.9,2.9,1455,0.5,0.55,2.1
2008-12-19,3.3,0.5,6.5,1494,2.5,0.62,3.0
2008-12-20,5.4,1.9,7.8,1454,1.0,0.69,4.6
2008-12-21,5.7,2.9,8.6,1778,0.7,0.73,3.6
2008-12-22,8.0,5.6,9.1,2104,0.2,0.88,4.4
2008-12-23,4.1,-0.4,5.7,1582,0.5,0.58,2.3
2008-12-24,5.8,3.1,6.7,1465,3.3,0.73,2.5
2008-12-25,0.9,-1.7,4.3,3178,0.0,0.53,2.8
2008-12-26,-1.6,-5.0,-0.1,2741,0.0,0.41,3.1
2008-12-27,-0.1,-1.4,1.5,1484,0.0,0.53,2.4
2008-12-28,-1.7,-4.6,-0.1,2356,0.0,0.42,2.5
2008-12-29,-3.0,-5.0,-1.9,1502,0.0,0.4,2.3
2008-12-30,-4.0,-5.9,-1.2,4083,0.0,0.38,1.7
2008-12-31,-5.9,-8.9,-2.0,4109,0.0,0.31,1.3
2009-01-01,-1.9,-5.8,-0.7,1525,0.6,0.39,1.6
2009-01-02,-3.3,-11.0,0.1,3256,0.2,0.27,1.5
2009-01-03,-4.3,-11.6,1.2,1551,0.8,0.27,2.6
2009-01-04,0.5,-1.0,1.5,1566,5.7,0.54,2.6
2009-01-05,-5.6,-14.4,-1.1,4615,0.0,0.21,2.5
2009-01-06,-13.0,-16.5,-6.7,4697,0.2,0.17,2.1
2009-01-07,-7.1,-15.4,-1.7,2701,0.1,0.2,2.3
2009-01-08,-9.9,-14.8,-4.9,2685,0.0,0.2,2.1
2009-01-09,-4.8,-11.5,-0.9,1657,0.0,0.26,1.8
2009-01-10,-1.1,-7.5,0.8,1679,0.0,0.34,1.5
2009-01-11,-8.0,-12.7,-1.6,4884,0.0,0.24,2.3
2009-01-12,-5.6,-12.4,0.2,5027,0.0,0.25,3.0
2009-01-13,0.9,-2.9,2.8,1749,0.0,0.48,2.7
2009-01-14,-1.4,-5.0,1.4,1960,0.4,0.41,1.4
2009-01-15,1.6,0.4,2.5,1802,0.0,0.61,1.3
2009-01-16,-0.1,-1.2,0.3,1830,0.0,0.54,2.2
2009-01-17,-0.7,-2.2,1.1,3571,0.6,0.5,2.4
2009-01-18,2.3,-0.6,4.3,3860,1.1,0.57,3.6
2009-01-19,2.2,0.1,4.1,4254,1.7,0.6,3.7
2009-01-20,1.8,-2.7,4.4,2150,0.0,0.49,2.5
2009-01-21,-1.4,-3.5,0.3,1987,0.0,0.45,1.3
2009-01-22,-0.8,-5.0,3.5,3831,0.0,0.42,2.8
2009-01-23,0.3,-1.3,3.2,3227,5.6,0.54,4.4
2009-01-24,2.5,0.4,4.3,2094,1.2,0.61,2.7
2009-01-25,1.5,-1.2,4.8,3903,0.0,0.55,1.8
2009-01-26,-1.4,-2.0,-0.6,2172,0.0,0.51,1.8
2009-01-27,-1.4,-2.3,-0.6,2212,0.0,0.5,1.4
2009-01-28,-3.2,-4.4,-1.7,2253,0.0,0.42,1.6
2009-01-29,-4.3,-5.5,-3.0,2296,0.0,0.39,2.2
2009-01-30,-1.7,-3.8,0.1,2339,0.0,0.45,2.4
2009-01-31,0.0,-2.9,1.3,2608,0.1,0.48,2.9
2009-02-01,-2.4,-6.3,-0.1,2430,0.1,0.37,3.9
2009-02-02,0.4,-0.6,1.4,2477,0.0,0.56,4.2
2009-02-03,0.9,-0.6,2.1,2524,0.0,0.56,2.2
2009-02-04,1.0,-0.1,3.3,2750,0.2,0.59,1.2
2009-02-05,1.5,-0.5,4.1,3280,0.0,0.57,2.0
2009-02-06,0.9,-1.3,4.1,4185,0.0,0.54,1.8
2009-02-07,1.0,-0.2,2.1,2727,0.5,0.58,1.5
2009-02-08,1.3,-1.9,2.9,2842,0.0,0.51,2.8
2009-02-09,0.3,-2.0,3.6,5658,0.1,0.51,2.5
2009-02-10,1.2,-0.5,3.4,2889,9.6,0.57,4.8
2009-02-11,0.5,-2.1,1.3,2946,0.2,0.5,4.0
2009-02-12,-1.2,-3.0,-0.2,3003,0.0,0.47,2.7
2009-02-13,-3.0,-6.0,0.8,8140,0.0,0.38,2.1
2009-02-14,-2.2,-5.0,1.8,6927,0.0,0.41,2.3
2009-02-15,-1.1,-5.0,1.1,3248,4.6,0.41,2.4
2009-02-16,0.4,-1.0,2.6,3241,4.4,0.55,2.3
2009-02-17,-3.0,-7.4,0.3,8153,0.0,0.35,3.0
2009-02-18,-4.4,-8.9,-0.7,6452,0.2,0.31,1.6
2009-02-19,-1.1,-4.2,1.3,3430,1.9,0.44,2.1
2009-02-20,1.0,-0.4,3.2,3495,1.0,0.57,2.2
2009-02-21,-0.3,-1.7,0.3,3560,3.7,0.52,1.7
2009-02-22,3.1,0.0,5.4,3627,2.1,0.6,3.4
2009-02-23,2.8,0.8,4.7,3694,0.1,0.62,3.8
2009-02-24,1.1,-1.6,2.9,3762,0.1,0.52,2.0
2009-02-25,3.0,-0.2,5.3,3831,0.8,0.58,2.7
2009-02-26,5.5,3.7,7.2,3977,3.2,0.77,4.1
2009-02-27,4.9,2.6,7.9,5450,0.1,0.71,3.5
2009-02-28,4.1,2.1,6.3,4514,0.5,0.69,1.6
2009-03-01,6.3,4.3,10.4,6581,0.0,0.82,1.8
2009-03-02,6.6,4.5,10.2,4185,0.7,0.82,2.1
2009-03-03,5.3,2.3,10.2,6536,0.0,0.72,2.0
2009-03-04,4.0,0.3,7.9,4496,0.0,0.62,3.2
2009-03-05,6.7,2.7,10.4,5486,3.0,0.73,2.6
2009-03-06,4.4,3.5,7.2,4480,1.8,0.76,2.9
2009-03-07,3.4,0.0,4.3,4556,0.0,0.59,2.7
2009-03-08,3.5,-0.4,7.4,4631,1.8,0.58,3.2
2009-03-09,3.4,-1.0,7.0,7823,3.5,0.57,4.0
2009-03-10,4.6,1.8,8.1,5309,3.8,0.68,3.5
2009-03-11,4.3,1.3,6.6,5303,0.0,0.65,3.1
2009-03-12,4.3,2.6,6.2,5295,6.2,0.71,2.9
2009-03-13,6.8,1.7,10.2,5287,0.3,0.69,2.7
2009-03-14,6.8,0.8,12.4,8363,2.5,0.66,2.0
2009-03-15,7.5,6.6,8.8,5265,1.5,0.94,3.0
2009-03-16,6.9,4.7,9.5,6639,0.2,0.83,1.6
2009-03-17,8.0,3.8,12.2,11114,0.0,0.8,3.1
2009-03-18,5.1,0.0,9.5,11244,0.0,0.61,2.6
2009-03-19,4.8,1.7,8.8,13367,0.0,0.67,2.5
2009-03-20,1.9,-2.4,7.1,14949,0.0,0.52,1.9
2009-03-21,4.2,-2.5,10.0,14142,0.2,0.53,2.0
2009-03-22,6.7,4.4,10.4,6412,0.7,0.82,4.1
2009-03-23,5.6,2.5,7.0,5811,8.6,0.71,5.6
2009-03-24,1.3,-2.4,4.2,10042,1.2,0.5,4.1
2009-03-25,0.9,-4.0,5.3,9856,0.2,0.46,3.2
2009-03-26,4.5,1.6,7.7,6152,1.6,0.67,3.4
2009-03-27,6.6,2.7,11.3,8154,0.8,0.74,3.7
2009-03-28,6.0,0.6,10.8,10898,1.6,0.65,3.0
2009-03-29,5.4,3.0,6.8,6293,0.2,0.73,2.0
2009-03-30,5.5,0.2,11.3,15257,0.0,0.63,1.8
2009-03-31,5.8,-1.1,13.8,17791,0.0,0.6,2.0
2009-04-01,8.1,-0.1,16.4,16795,0.0,0.65,2.5
2009-04-02,9.5,3.6,16.0,19262,0.0,0.81,3.1
2009-04-03,12.0,3.1,21.0,19636,0.0,0.85,1.9
2009-04-04,13.7,3.4,22.0,17875,0.0,0.87,2.0
2009-04-05,11.0,4.4,16.1,13403,0.0,0.85,1.7
2009-04-06,10.6,2.9,17.1,18061,0.0,0.78,1.8
2009-04-07,14.3,7.3,22.4,17987,0.1,1.08,2.1
2009-04-08,11.7,7.5,16.6,10146,0.8,1.04,2.4
2009-04-09,12.5,8.4,17.6,16619,0.0,1.11,1.7
2009-04-10,14.2,7.2,20.4,20729,0.0,1.06,2.4
2009-04-11,14.3,9.0,20.6,20879,0.0,1.16,2.3
2009-04-12,12.7,7.0,19.6,21473,0.0,1.03,2.0
2009-04-13,12.7,5.2,19.9,21621,0.0,0.93,1.7
2009-04-14,13.8,4.6,21.4,21090,0.0,0.92,1.5
2009-04-15,15.4,8.0,22.0,21004,0.0,1.12,2.3
2009-04-16,14.3,9.5,19.7,22053,0.0,1.18,3.2
2009-04-17,11.9,7.3,17.6,21964,0.0,1.03,3.3
2009-04-18,10.5,4.3,18.2,18535,0.0,0.86,2.5
2009-04-19,8.8,3.5,15.4,22813,0.0,0.8,2.5
2009-04-20,10.2,0.8,18.5,23412,0.0,0.71,2.1
2009-04-21,10.8,2.8,18.9,23547,0.0,0.81,1.8
2009-04-22,7.7,2.3,13.4,14089,0.6,0.73,2.5
2009-04-23,10.6,3.8,18.3,16882,0.0,0.84,2.0
2009-04-24,11.6,1.0,20.0,24173,0.0,0.73,2.5
2009-04-25,14.5,6.7,23.2,24418,0.0,1.05,2.6
2009-04-26,15.5,8.5,22.6,21694,0.0,1.16,2.1
2009-04-27,17.6,10.4,24.7,18947,0.0,1.31,2.5
2009-04-28,17.2,12.0,24.2,15821,0.0,1.44,2.6
2009-04-29,14.8,7.8,21.6,14231,0.0,1.11,1.8
2009-04-30,15.5,5.4,26.5,20206,0.0,1.02,1.8
2009-05-01,13.4,5.5,22.3,24888,0.0,0.97,1.9
2009-05-02,13.2,1.2,22.7,25239,0.0,0.77,1.7
2009-05-03,14.5,5.8,23.9,17703,2.8,1.01,1.9
2009-05-04,9.4,2.4,14.4,16085,1.1,0.75,2.8
2009-05-05,8.6,3.1,12.4,9333,6.2,0.76,3.1
2009-05-06,10.9,2.6,15.5,16362,1.2,0.76,4.2
2009-05-07,12.1,2.5,19.0,16560,0.0,0.79,2.4
2009-05-08,14.8,6.0,22.4,20319,3.1,1.0,2.8
2009-05-09,12.4,3.9,19.1,24340,13.2,0.86,2.1
2009-05-10,14.5,9.0,20.4,21836,0.0,1.17,1.8
2009-05-11,10.8,5.8,13.6,10168,0.1,0.91,2.2
2009-05-12,10.3,3.4,16.3,23479,0.0,0.8,2.8
2009-05-13,11.5,4.2,17.8,25295,0.0,0.86,2.5
2009-05-14,11.9,6.8,17.2,23384,0.0,0.99,2.9
2009-05-15,12.3,7.8,16.0,10751,3.7,1.05,3.0
2009-05-16,12.4,7.9,18.4,14918,0.1,1.07,2.3
2009-05-17,15.5,7.8,22.2,22222,7.5,1.1,2.3
2009-05-18,16.5,11.8,21.8,18907,0.7,1.38,2.0
2009-05-19,16.9,9.7,23.2,23101,0.6,1.25,1.5
2009-05-20,17.2,11.2,23.0,22661,0.0,1.35,1.6
2009-05-21,17.0,10.7,21.7,18823,0.0,1.3,2.0
2009-05-22,13.0,8.1,19.4,19630,0.8,1.1,2.5
2009-05-23,13.2,7.4,19.9,24091,0.0,1.06,2.1
2009-05-24,17.8,9.8,25.2,25028,0.0,1.28,2.0
2009-05-25,15.7,6.2,24.6,22429,0.0,1.05,1.6
2009-05-26,18.9,12.6,27.0,18180,9.1,1.53,3.2
2009-05-27,14.1,10.9,18.7,18348,1.0,1.28,3.5
2009-05-28,13.6,9.1,18.1,20035,0.9,1.15,3.7
2009-05-29,13.1,7.9,18.1,25397,0.0,1.07,3.1
2009-05-30,14.5,10.4,21.2,16942,6.9,1.27,2.9
2009-05-31,17.4,10.8,23.9,24337,0.0,1.34,2.4
2009-06-01,18.7,11.8,25.0,27168,0.0,1.43,2.2
2009-06-02,19.6,11.9,26.9,25299,0.0,1.46,2.9
2009-06-03,11.6,8.9,16.6,13381,1.9,1.12,3.9
2009-06-04,10.0,4.8,14.9,18622,1.2,0.87,3.1
2009-06-05,10.0,3.4,15.9,25012,0.0,0.8,2.2
2009-06-06,10.4,1.9,17.5,18927,13.8,0.76,2.4
2009-06-07,10.1,8.6,12.5,11945,4.8,1.08,2.4
2009-06-08,13.0,8.5,18.3,20373,2.3,1.11,2.3
2009-06-09,14.1,8.6,18.6,13893,1.0,1.12,2.3
2009-06-10,16.5,11.2,20.8,23599,0.0,1.33,2.8
2009-06-11,12.5,8.8,18.5,10608,11.5,1.13,4.0
2009-06-12,11.8,7.9,16.2,21718,1.2,1.06,4.2
2009-06-13,13.8,9.1,18.9,28493,0.0,1.15,2.9
2009-06-14,15.2,6.7,21.7,21997,1.5,1.04,1.9
2009-06-15,15.0,9.6,19.7,15754,2.5,1.2,2.0
2009-06-16,14.0,8.9,18.3,21632,0.0,1.14,2.5
2009-06-17,13.3,6.6,20.2,26104,0.0,1.02,1.7
2009-06-18,17.4,11.0,23.6,15643,0.5,1.35,2.6
2009-06-19,14.2,9.4,19.6,14880,0.2,1.18,2.7
2009-06-20,13.6,7.6,20.9,21261,0.1,1.07,2.3
2009-06-21,13.5,9.4,20.4,17814,3.4,1.2,1.8
2009-06-22,15.7,8.5,21.9,23553,0.0,1.14,2.3
2009-06-23,17.2,10.7,22.8,29289,0.0,1.32,3.1
2009-06-24,18.5,12.4,24.6,29408,0.2,1.47,3.0
2009-06-25,16.1,13.8,18.8,10653,15.1,1.54,2.4
2009-06-26,18.5,16.9,20.7,11027,0.1,1.86,2.5
2009-06-27,18.1,14.0,21.9,12548,0.0,1.58,2.3
2009-06-28,17.0,13.1,22.8,14320,0.0,1.5,1.8
2009-06-29,18.8,14.5,25.1,12015,0.0,1.67,1.4
2009-06-30,21.5,16.4,27.6,19767,0.0,1.89,1.4
2009-07-01,22.5,16.7,28.7,19876,4.4,1.93,1.5
2009-07-02,23.7,17.6,29.3,28251,0.0,2.04,1.6
2009-07-03,23.5,16.6,29.9,27843,0.0,1.95,1.6
2009-07-04,22.4,17.1,27.3,21207,0.0,1.95,2.1
2009-07-05,19.0,14.7,23.7,12545,0.0,1.66,1.7
2009-07-06,19.6,12.8,25.3,18995,0.0,1.5,1.9
2009-07-07,18.9,12.6,25.7,21757,0.0,1.5,2.6
2009-07-08,16.4,12.4,22.0,17415,0.1,1.43,3.4
2009-07-09,15.4,12.3,20.5,16624,0.8,1.42,3.3
2009-07-10,14.1,10.6,19.6,15959,5.0,1.26,3.6
2009-07-11,14.0,9.5,18.4,17191,0.2,1.17,2.7
2009-07-12,16.6,9.2,22.7,15513,4.1,1.2,2.0
2009-07-13,19.8,13.6,25.8,22041,0.2,1.59,1.9
2009-07-14,20.2,11.6,28.2,17710,0.2,1.45,1.7
2009-07-15,23.5,16.3,29.8,21196,0.0,1.91,2.1
2009-07-16,22.1,15.4,28.2,23667,0.0,1.78,1.6
2009-07-17,21.3,14.8,30.7,19844,41.8,1.77,2.4
2009-07-18,17.8,14.8,20.3,10377,2.0,1.65,3.1
2009-07-19,17.2,12.3,22.6,18364,1.8,1.44,2.9
2009-07-20,16.2,11.2,22.3,21445,3.5,1.35,3.1
2009-07-21,18.8,11.6,25.3,21889,0.1,1.42,2.0
2009-07-22,21.4,17.4,26.5,17208,0.0,1.96,2.3
2009-07-23,21.5,15.7,28.3,17902,1.3,1.83,2.5
2009-07-24,17.7,11.9,23.4,16350,6.8,1.41,2.7
2009-07-25,15.5,11.7,20.7,13558,1.9,1.37,3.3
2009-07-26,16.5,11.4,22.3,18966,0.0,1.35,2.0
2009-07-27,21.5,14.4,27.9,24725,0.0,1.7,2.3
2009-07-28,18.8,11.9,23.1,15620,0.1,1.41,2.2
2009-07-29,20.0,10.6,27.0,24075,0.0,1.36,1.9
2009-07-30,19.7,13.3,24.8,19067,1.3,1.54,3.4
2009-07-31,16.1,10.1,22.8,24650,0.0,1.26,1.9
2009-08-01,18.6,8.4,26.1,21006,0.1,1.19,1.8
2009-08-02,23.2,16.5,30.2,20191,3.2,1.94,2.2
2009-08-03,18.0,12.1,21.0,11562,0.4,1.4,1.8
2009-08-04,18.9,10.9,25.1,25389,0.0,1.35,1.5
2009-08-05,19.4,11.6,26.5,17391,0.0,1.42,1.6
2009-08-06,20.2,14.2,26.8,20463,0.0,1.65,2.0
2009-08-07,22.4,16.4,28.7,23638,0.0,1.89,2.1
2009-08-08,22.4,17.7,28.2,19076,0.0,2.02,1.8
2009-08-09,21.3,14.9,28.2,23554,0.0,1.74,1.5
2009-08-10,22.1,16.2,29.8,18654,3.7,1.9,1.6
2009-08-11,18.6,15.9,22.4,10674,0.1,1.76,2.4
2009-08-12,18.6,15.1,23.5,14058,0.0,1.71,2.7
2009-08-13,17.9,13.2,23.3,18489,0.0,1.51,2.5
2009-08-14,15.8,9.9,21.8,19337,0.0,1.25,1.7
2009-08-15,19.5,9.6,27.9,21828,0.0,1.31,2.1
2009-08-16,21.7,12.8,29.7,23477,0.0,1.58,2.3
2009-08-17,20.7,13.7,26.7,18435,0.0,1.6,2.4
2009-08-18,17.7,10.2,23.7,17629,0.0,1.29,2.1
2009-08-19,19.2,8.5,27.7,23566,0.0,1.23,1.7
2009-08-20,24.5,16.0,33.3,23435,0.8,1.94,2.5
2009-08-21,19.0,14.3,23.9,8546,8.1,1.63,2.0
2009-08-22,17.1,11.3,23.0,19492,0.0,1.37,1.7
2009-08-23,17.0,9.2,24.2,21542,0.0,1.23,2.0
2009-08-24,18.9,12.2,24.9,22547,0.0,1.46,2.5
2009-08-25,20.7,13.1,28.3,17196,1.4,1.58,1.8
2009-08-26,19.8,12.9,25.2,20911,0.0,1.53,1.7
2009-08-27,20.5,10.4,29.5,19876,0.0,1.4,1.9
2009-08-28,20.7,13.1,27.9,12260,0.0,1.58,3.0
2009-08-29,14.6,9.5,21.0,15605,0.6,1.21,3.0
2009-08-30,14.3,8.2,21.0,13608,0.0,1.13,2.4
2009-08-31,16.9,7.1,26.1,18336,0.0,1.12,2.0
2009-09-01,22.1,11.5,32.5,19839,1.5,1.53,2.6
2009-09-02,18.6,15.0,23.3,17517,1.8,1.69,2.2
2009-09-03,16.8,14.7,21.9,10354,4.7,1.63,3.8
2009-09-04,16.2,12.2,21.2,15954,2.4,1.42,4.0
2009-09-05,14.7,11.7,20.2,11869,2.4,1.37,4.1
2009-09-06,14.7,10.9,19.9,8257,0.3,1.29,2.5
2009-09-07,14.8,9.6,20.5,9225,0.0,1.21,1.7
2009-09-08,18.0,9.1,27.1,19197,0.0,1.26,1.7
2009-09-09,18.8,11.5,27.5,18516,0.0,1.43,1.9
2009-09-10,16.9,13.9,19.8,7905,0.0,1.56,2.4
2009-09-11,16.0,11.8,22.4,15320,0.0,1.39,2.4
2009-09-12,14.7,6.3,21.7,13648,0.0,1.01,2.2
2009-09-13,12.6,10.8,16.5,7840,5.3,1.27,2.7
2009-09-14,15.0,12.0,19.3,9964,0.0,1.38,2.7
2009-09-15,16.2,13.0,20.1,10855,0.1,1.46,2.6
2009-09-16,16.5,12.1,22.1,14807,0.0,1.4,2.6
2009-09-17,12.7,7.3,18.9,15645,0.0,1.04,2.1
2009-09-18,12.7,5.1,20.3,16565,0.0,0.93,1.8
2009-09-19,14.9,9.1,23.3,16692,0.0,1.2,1.6
2009-09-20,16.3,6.4,25.7,16333,0.0,1.07,1.3
2009-09-21,16.1,9.4,21.3,12544,0.0,1.21,1.6
2009-09-22,15.1,6.3,23.0,12597,0.0,1.04,2.1
2009-09-23,15.1,8.7,20.7,8239,0.0,1.14,2.3
2009-09-24,14.2,7.8,19.8,11762,0.0,1.08,1.9
2009-09-25,12.4,6.5,19.2,10707,0.0,0.99,1.7
2009-09-26,11.9,4.5,19.9,12408,0.0,0.9,1.5
2009-09-27,12.4,3.8,22.5,14800,0.0,0.9,1.3
2009-09-28,13.4,5.7,17.8,5484,0.1,0.93,2.4
2009-09-29,13.1,7.2,15.8,5847,4.3,1.01,2.7
2009-09-30,9.9,2.9,15.5,11926,1.0,0.78,1.8
2009-10-01,12.0,8.0,14.8,7683,0.4,1.05,3.1
2009-10-02,8.1,3.7,11.0,4902,1.9,0.78,2.4
2009-10-03,10.4,2.6,14.4,5081,1.9,0.75,3.9
2009-10-04,11.8,8.8,15.1,6950,1.5,1.11,4.6
2009-10-05,9.7,4.8,14.6,10708,0.1,0.86,2.0
2009-10-06,11.8,8.3,14.7,7085,4.4,1.07,2.4
2009-10-07,16.9,11.1,21.7,5670,28.8,1.33,2.7
2009-10-08,10.6,8.2,14.2,6966,6.0,1.06,2.6
2009-10-09,8.1,4.0,13.5,11933,0.0,0.81,2.0
2009-10-10,7.6,4.1,10.9,5412,6.1,0.81,2.3
2009-10-11,9.0,8.3,10.9,4304,12.5,1.06,2.7
2009-10-12,7.9,3.7,10.0,6567,1.6,0.78,3.6
2009-10-13,5.2,2.9,10.2,9088,0.4,0.74,2.7
2009-10-14,4.8,1.9,8.5,9951,0.0,0.69,2.9
2009-10-15,4.5,4.0,5.7,3790,1.3,0.78,3.0
2009-10-16,3.9,2.6,5.4,3796,6.8,0.71,3.8
2009-10-17,6.3,4.9,8.7,4170,0.1,0.84,2.8
2009-10-18,5.3,-0.5,9.4,6354,0.0,0.59,1.6
2009-10-19,4.0,-1.2,11.7,9062,0.0,0.58,1.8
2009-10-20,4.4,-0.5,9.4,9146,0.0,0.59,2.5
2009-10-21,6.2,5.3,8.4,3536,0.0,0.86,3.0
2009-10-22,6.2,4.7,7.2,3333,7.2,0.82,2.4
2009-10-23,6.2,5.2,7.1,3271,0.1,0.85,1.3
2009-10-24,7.4,6.2,8.9,3210,2.1,0.91,1.8
2009-10-25,9.7,6.1,15.7,4355,0.0,0.94,2.3
2009-10-26,10.1,7.2,12.6,4016,2.1,0.99,2.8
2009-10-27,10.5,9.5,11.4,3032,0.2,1.14,1.8
2009-10-28,9.8,8.6,10.9,2975,4.6,1.08,1.2
2009-10-29,7.8,2.3,10.3,2919,0.0,0.71,1.4
2009-10-30,3.4,0.0,8.5,6389,0.0,0.61,2.1
2009-10-31,2.1,-1.3,7.0,7286,0.0,0.55,2.0
2009-11-01,2.6,-0.9,6.3,4045,1.7,0.56,2.8
2009-11-02,4.6,2.5,6.2,2703,17.1,0.71,2.5
2009-11-03,4.6,4.1,5.8,2652,1.7,0.78,2.5
2009-11-04,1.6,0.4,4.1,2601,8.2,0.61,3.5
2009-11-05,6.8,3.8,10.9,2903,0.1,0.79,2.8
2009-11-06,7.2,2.3,11.5,3658,0.0,0.72,2.4
2009-11-07,5.3,1.9,9.9,6618,0.0,0.69,2.6
2009-11-08,4.3,2.8,6.2,2411,0.6,0.72,1.9
2009-11-09,5.9,5.4,6.8,2366,9.6,0.86,2.6
2009-11-10,5.6,2.0,7.5,2377,0.0,0.69,1.8
2009-11-11,5.6,4.3,6.7,2279,0.5,0.8,1.7
2009-11-12,6.7,4.6,10.3,3738,0.5,0.83,2.0
2009-11-13,7.9,5.7,10.1,2196,1.5,0.88,2.6
2009-11-14,10.3,6.9,13.4,2837,0.0,0.97,3.0
2009-11-15,9.3,7.4,12.7,4704,2.1,1.0,2.6
2009-11-16,8.1,5.1,9.5,2081,2.6,0.85,2.2
2009-11-17,9.7,7.5,12.1,2044,0.5,1.0,2.6
2009-11-18,9.1,5.6,10.9,2359,4.8,0.89,4.6
2009-11-19,10.0,4.7,13.2,4198,0.0,0.84,3.4
2009-11-20,8.1,2.3,14.2,5166,0.0,0.74,2.8
2009-11-21,10.5,6.4,14.2,3650,0.0,0.95,2.0
2009-11-22,9.7,8.1,12.7,1879,0.1,1.04,3.4
2009-11-23,8.9,7.1,10.5,2086,8.2,0.97,5.7
2009-11-24,9.9,8.7,11.9,2757,4.7,1.08,4.9
2009-11-25,11.9,10.0,13.9,2535,0.0,1.18,4.1
2009-11-26,9.2,7.4,10.9,3006,0.4,0.99,4.4
2009-11-27,7.3,6.1,9.8,1787,3.1,0.92,4.3
2009-11-28,7.2,5.0,9.7,3249,3.9,0.85,4.1
2009-11-29,8.3,6.3,11.1,2140,0.1,0.92,3.1
2009-11-30,5.0,2.2,6.3,1672,5.0,0.69,1.8
2009-12-01,4.6,-0.5,6.4,1651,3.0,0.58,2.1
2009-12-02,-0.3,-2.3,1.2,1631,0.0,0.5,2.1
2009-12-03,2.8,0.2,5.5,2260,0.1,0.6,3.0
2009-12-04,1.8,0.8,4.3,1594,0.5,0.62,2.1
2009-12-05,2.0,-1.3,3.6,2174,2.7,0.54,2.9
2009-12-06,5.1,1.3,8.7,1562,5.8,0.66,2.9
2009-12-07,5.4,1.1,8.9,3734,0.0,0.66,2.3
2009-12-08,3.7,0.9,5.2,1534,1.0,0.63,2.7
2009-12-09,5.0,2.8,6.2,1521,0.0,0.72,1.9
2009-12-10,3.6,1.4,5.1,1510,9.3,0.65,2.8
2009-12-11,3.7,2.5,4.6,1541,0.9,0.7,3.0
2009-12-12,2.8,0.5,3.9,1490,0.5,0.61,2.5
2009-12-13,-0.9,-3.0,0.6,1482,0.0,0.47,2.4
2009-12-14,-0.6,-2.0,0.2,1475,0.0,0.5,2.2
2009-12-15,-0.3,-1.0,0.5,1469,0.0,0.55,2.1
2009-12-16,-1.7,-4.0,0.9,3490,0.0,0.44,1.9
2009-12-17,-2.5,-4.6,-0.2,2714,0.5,0.42,1.9
2009-12-18,-9.6,-12.8,-4.4,2305,0.4,0.23,2.5
2009-12-19,-13.3,-16.4,-10.9,3312,0.0,0.17,1.8
2009-12-20,-11.9,-16.1,-7.0,2866,2.7,0.17,3.2
2009-12-21,-3.1,-7.0,-0.1,1454,0.5,0.35,2.7
2009-12-22,-0.6,-3.6,3.1,1455,2.8,0.46,3.1
2009-12-23,-1.2,-7.0,1.5,2347,0.0,0.36,2.2
2009-12-24,0.0,-1.3,0.7,1461,3.4,0.53,2.4
2009-12-25,2.1,0.6,4.0,1465,4.3,0.62,4.4
2009-12-26,3.1,0.5,6.3,2446,0.1,0.62,3.8
2009-12-27,0.8,-0.9,3.6,2904,1.2,0.55,3.0
2009-12-28,1.7,0.1,3.5,2098,0.3,0.6,2.7
2009-12-29,-1.0,-1.8,0.1,1493,1.1,0.51,2.2
2009-12-30,-1.2,-1.8,-0.1,1502,3.6,0.51,3.0
2009-12-31,-0.9,-1.5,-0.2,1513,1.2,0.52,2.7
2010-01-01,-1.2,-1.5,-0.2,1525,0.8,0.52,2.4
2010-01-02,-2.7,-5.5,-1.1,1621,0.1,0.39,2.5
2010-01-03,-4.7,-6.5,-3.5,1973,0.0,0.36,2.0
2010-01-04,-5.8,-6.4,-5.1,1566,0.0,0.36,2.0
2010-01-05,-5.9,-11.5,-2.7,1582,0.0,0.25,2.1
2010-01-06,-9.1,-13.4,-6.8,2073,0.2,0.21,1.4
2010-01-07,-6.6,-8.5,-4.5,1618,0.6,0.31,1.4
2010-01-08,-5.4,-10.9,-3.4,1637,0.0,0.26,3.0
2010-01-09,-2.1,-3.3,-1.5,1657,5.6,0.46,4.5
2010-01-10,-2.2,-3.6,-1.1,1679,2.2,0.45,3.2
2010-01-11,-3.7,-6.0,-2.5,1701,1.0,0.38,2.1
2010-01-12,-3.8,-4.2,-3.2,1725,0.0,0.43,2.0
2010-01-13,-2.8,-3.7,-1.8,1749,0.0,0.44,3.3
2010-01-14,-2.9,-4.1,-2.1,1775,0.0,0.43,2.7
2010-01-15,-3.8,-5.4,-2.5,1802,0.0,0.39,1.9
2010-01-16,-2.8,-3.3,-2.2,1830,0.0,0.46,3.2
2010-01-17,-2.3,-3.7,-0.5,1859,2.0,0.45,3.0
2010-01-18,-2.1,-7.2,-0.2,2130,2.8,0.35,2.0
2010-01-19,0.1,-0.9,0.9,1921,1.0,0.55,1.6
2010-01-20,-3.3,-7.7,-0.2,1953,0.3,0.34,2.3
2010-01-21,-8.3,-10.1,-7.2,3378,0.0,0.27,2.1
2010-01-22,-7.7,-10.8,-6.5,2022,0.0,0.26,2.3
2010-01-23,-10.8,-13.6,-9.1,3990,0.0,0.21,2.6
2010-01-24,-12.3,-14.8,-9.7,2094,0.0,0.19,2.7
2010-01-25,-10.7,-13.0,-8.0,4424,0.0,0.22,2.2
2010-01-26,-13.9,-19.4,-5.8,6282,0.0,0.14,1.9
2010-01-27,-9.9,-19.5,-0.8,2212,3.3,0.15,2.9
2010-01-28,0.9,-0.7,2.1,2469,0.2,0.56,4.7
2010-01-29,0.1,-0.3,1.5,2296,3.9,0.58,3.6
2010-01-30,-3.6,-9.1,0.2,2339,0.3,0.31,3.4
2010-01-31,-4.8,-13.6,0.1,2384,1.7,0.23,2.9
2010-02-01,-0.3,-2.0,1.1,3394,0.4,0.51,3.4
2010-02-02,-2.7,-10.1,0.9,2477,5.9,0.29,4.7
2010-02-03,0.8,-1.9,2.7,3572,0.0,0.52,4.0
2010-02-04,-0.2,-3.4,1.5,2573,0.0,0.46,2.1
2010-02-05,0.6,-0.5,2.1,6263,0.0,0.57,2.7
2010-02-06,-1.3,-7.2,0.4,2675,0.0,0.35,2.1
2010-02-07,-6.3,-8.4,-3.5,3339,0.0,0.31,2.0
2010-02-08,-4.4,-6.0,-2.4,2780,0.0,0.37,2.3
2010-02-09,-4.3,-5.6,-2.7,3650,0.3,0.39,2.1
2010-02-10,-5.4,-6.8,-4.2,2889,0.6,0.35,2.3
2010-02-11,-2.3,-5.6,0.1,3267,3.1,0.39,3.4
2010-02-12,-1.5,-3.0,-0.5,3003,2.1,0.47,2.9
2010-02-13,-2.4,-3.6,-0.5,3193,0.3,0.45,2.0
2010-02-14,-3.2,-5.1,-0.3,4656,0.0,0.41,1.1
2010-02-15,-3.6,-5.8,-0.6,4600,0.0,0.38,1.5
2010-02-16,-2.8,-6.2,0.4,3310,0.0,0.37,2.1
2010-02-17,-3.5,-6.3,-1.5,8222,0.0,0.37,2.3
2010-02-18,0.0,-3.0,2.4,3366,0.6,0.47,2.2
2010-02-19,0.3,-4.1,3.7,4211,1.6,0.45,2.4
2010-02-20,1.4,-1.3,4.0,9025,0.0,0.54,3.4
2010-02-21,-0.5,-5.2,3.2,8648,0.0,0.41,2.5
2010-02-22,1.0,-3.9,5.7,5318,4.0,0.46,2.7
2010-02-23,1.4,-1.2,4.6,3694,0.2,0.54,2.9
2010-02-24,-0.2,-1.7,1.0,3837,1.4,0.52,2.5
2010-02-25,3.7,0.6,8.3,5810,0.0,0.63,3.1
2010-02-26,4.1,2.5,6.4,4054,0.2,0.71,3.6
2010-02-27,4.6,1.7,8.0,4982,0.4,0.68,3.6
2010-02-28,5.0,1.7,10.9,4356,7.1,0.69,4.6
2010-03-01,3.7,1.1,5.0,4988,0.5,0.64,5.0
2010-03-02,2.4,0.4,5.1,5634,1.0,0.61,2.8
2010-03-03,1.5,-2.5,5.4,7756,0.3,0.51,2.8
2010-03-04,-1.2,-4.2,2.2,6634,0.7,0.44,2.8
2010-03-05,-1.8,-5.1,1.5,11135,0.0,0.41,2.8
2010-03-06,-2.1,-5.8,1.9,11280,0.0,0.39,3.7
2010-03-07,-1.2,-7.0,3.2,11595,0.0,0.37,2.6
2010-03-08,-0.4,-5.1,2.6,6345,0.0,0.42,2.0
2010-03-09,-2.0,-7.6,3.7,11544,0.0,0.35,2.7
2010-03-10,-1.5,-4.3,3.6,9853,0.0,0.44,3.2
2010-03-11,-2.5,-4.4,-0.7,4861,0.3,0.42,2.3
2010-03-12,2.9,-0.8,5.9,4939,1.1,0.56,2.7
2010-03-13,3.9,1.2,6.8,5736,0.9,0.65,3.9
2010-03-14,3.5,-0.8,7.3,5367,7.4,0.57,4.6
2010-03-15,1.0,-1.6,4.2,6365,3.3,0.53,3.7
2010-03-16,2.3,-0.4,5.2,6547,0.0,0.58,3.0
2010-03-17,5.5,0.1,10.4,5612,0.0,0.62,2.5
2010-03-18,9.1,3.6,15.3,15007,0.0,0.81,2.2
2010-03-19,10.0,4.3,15.0,6345,0.4,0.84,2.9
2010-03-20,11.7,8.9,15.2,5666,3.4,1.12,3.2
2010-03-21,10.0,4.4,12.8,8352,2.9,0.83,3.4
2010-03-22,7.7,3.2,13.1,13222,0.0,0.77,1.7
2010-03-23,8.0,0.7,14.1,12185,0.0,0.68,2.1
2010-03-24,7.6,-0.8,14.7,10932,0.0,0.62,2.3
2010-03-25,11.8,4.7,20.3,17127,0.0,0.91,2.2
2010-03-26,13.1,6.3,20.1,10769,12.5,0.99,2.9
2010-03-27,7.9,5.1,11.3,6638,1.6,0.85,3.4
2010-03-28,8.2,5.0,11.7,7638,1.6,0.85,3.5
2010-03-29,6.5,1.2,10.4,6498,0.0,0.66,2.5
2010-03-30,9.0,1.8,16.5,10712,12.9,0.73,3.0
2010-03-31,9.2,4.4,12.2,8637,0.0,0.82,3.7
2010-04-01,5.7,1.4,11.6,16481,0.0,0.68,3.6
2010-04-02,5.3,-1.8,12.9,18419,0.0,0.57,2.4
2010-04-03,7.2,1.3,13.6,12209,1.3,0.69,2.8
2010-04-04,9.0,4.7,14.3,11041,0.2,0.86,3.0
2010-04-05,6.3,1.0,9.8,8139,0.0,0.65,2.7
2010-04-06,7.4,1.5,15.1,15142,0.0,0.71,2.1
2010-04-07,9.1,2.5,15.6,20379,0.0,0.76,2.5
2010-04-08,10.7,4.3,18.4,16817,0.0,0.87,2.1
2010-04-09,8.4,3.7,13.2,9471,0.0,0.8,2.6
2010-04-10,7.7,2.6,13.3,12215,0.2,0.75,2.7
2010-04-11,6.1,3.5,9.6,8650,0.0,0.76,3.0
2010-04-12,7.8,3.4,14.9,17674,0.0,0.79,3.0
2010-04-13,7.7,2.3,15.2,16117,0.0,0.75,2.3
2010-04-14,7.6,3.7,12.6,18494,0.0,0.79,2.6
2010-04-15,8.4,2.7,14.6,12836,0.0,0.76,2.2
2010-04-16,7.9,1.8,13.8,19090,0.0,0.72,2.9
2010-04-17,8.4,1.5,16.3,22308,0.0,0.72,2.4
2010-04-18,11.2,0.0,20.4,22791,0.0,0.71,1.9
2010-04-19,8.2,0.0,13.4,21196,0.0,0.63,2.1
2010-04-20,6.3,-2.5,15.8,12971,2.2,0.56,2.9
2010-04-21,5.2,3.0,8.6,13646,2.0,0.74,3.6
2010-04-22,5.7,-0.2,11.4,12335,0.0,0.61,2.4
2010-04-23,5.5,-2.5,13.5,22283,0.0,0.56,2.0
2010-04-24,8.9,0.1,16.4,19459,0.0,0.67,1.7
2010-04-25,12.5,4.5,20.2,22880,0.0,0.9,2.3
2010-04-26,12.1,9.3,17.1,11366,2.5,1.15,2.6
2010-04-27,11.2,4.1,15.1,11205,0.0,0.84,2.3
2010-04-28,12.0,2.5,20.6,22872,0.0,0.81,1.6
2010-04-29,16.9,10.0,25.2,17468,0.0,1.29,2.1
2010-04-30,16.1,10.8,21.7,15034,0.0,1.3,3.3
2010-05-01,12.8,7.3,19.9,16444,0.0,1.05,2.3
2010-05-02,11.2,6.4,16.2,17012,3.8,0.97,1.8
2010-05-03,8.5,6.2,10.0,8847,4.3,0.91,2.1
2010-05-04,7.6,3.3,11.7,12557,0.0,0.76,3.0
2010-05-05,7.5,-0.2,13.5,24701,0.0,0.63,3.3
2010-05-06,6.9,4.9,9.7,9025,9.8,0.84,3.4
2010-05-07,8.6,6.4,11.7,9083,0.2,0.93,2.4
2010-05-08,8.7,4.0,12.3,9262,0.4,0.81,1.5
2010-05-09,10.4,6.2,15.1,12642,0.5,0.95,1.4
2010-05-10,9.0,7.5,11.9,9990,0.1,1.01,1.8
2010-05-11,10.2,6.9,14.1,13754,4.9,0.98,2.3
2010-05-12,11.1,8.3,17.3,10470,0.3,1.09,2.7
2010-05-13,9.3,8.2,11.0,9406,0.0,1.04,2.0
2010-05-14,9.1,8.1,11.0,9456,9.6,1.04,1.9
2010-05-15,7.3,6.1,8.8,9505,16.3,0.9,2.9
2010-05-16,10.8,6.0,16.5,17164,0.0,0.94,3.6
2010-05-17,11.2,1.4,17.3,20598,0.0,0.73,2.7
2010-05-18,10.1,7.4,12.6,10020,26.0,1.0,3.3
2010-05-19,12.2,8.3,15.2,9689,6.0,1.07,3.2
2010-05-20,13.9,7.5,17.2,10987,0.0,1.03,2.3
2010-05-21,15.3,7.8,22.2,25987,0.0,1.1,2.1
2010-05-22,12.7,8.2,16.7,9815,0.5,1.08,2.0
2010-05-23,16.8,12.0,23.0,17665,0.0,1.41,2.3
2010-05-24,14.1,9.4,19.8,14054,10.4,1.19,2.8
2010-05-25,11.2,5.9,15.0,20535,0.0,0.92,3.0
2010-05-26,10.4,4.2,15.2,21971,1.5,0.84,2.0
2010-05-27,11.5,7.5,16.1,13541,1.1,1.03,1.9
2010-05-28,12.3,6.7,18.0,13704,0.1,0.99,2.1
2010-05-29,12.6,3.5,19.2,27804,0.5,0.84,1.8
2010-05-30,13.5,10.8,17.8,10855,9.7,1.27,3.0
2010-05-31,10.9,9.4,13.0,10123,18.0,1.14,3.3
2010-06-01,10.2,9.7,11.4,10151,1.4,1.16,2.7
2010-06-02,14.1,10.4,18.4,14752,0.0,1.25,2.9
2010-06-03,16.4,9.4,21.9,30291,0.0,1.22,2.8
2010-06-04,15.3,9.9,21.2,30071,0.0,1.23,1.9
2010-06-05,18.0,7.9,25.3,29848,0.0,1.16,1.4
2010-06-06,19.8,11.6,27.5,27204,4.8,1.44,1.7
2010-06-07,17.1,12.1,21.0,12454,0.1,1.4,3.0
2010-06-08,17.4,9.1,23.9,26490,6.9,1.22,1.9
2010-06-09,21.0,15.6,27.1,23452,0.9,1.8,1.8
2010-06-10,21.9,15.7,27.5,17479,0.8,1.8,1.9
2010-06-11,21.4,15.8,26.0,20428,3.3,1.8,3.0
2010-06-12,14.9,9.9,19.2,14575,0.0,1.22,2.8
2010-06-13,12.6,9.3,16.6,12418,0.0,1.15,2.2
2010-06-14,14.3,6.7,19.5,20594,0.0,1.01,1.6
2010-06-15,14.7,7.1,18.6,23028,0.0,1.02,2.7
2010-06-16,14.9,5.1,22.0,27630,0.0,0.95,3.1
2010-06-17,17.1,9.0,23.4,30954,0.0,1.21,2.4
2010-06-18,14.5,8.2,20.6,22280,0.0,1.11,3.0
2010-06-19,12.0,9.1,18.0,16283,0.1,1.14,2.9
2010-06-20,13.1,8.1,18.4,17305,0.0,1.09,2.2
2010-06-21,14.4,7.5,20.7,18963,1.4,1.08,1.9
2010-06-22,14.9,5.6,21.3,22532,0.0,0.96,1.6
2010-06-23,16.1,7.6,22.8,20359,0.0,1.11,1.4
2010-06-24,18.9,9.1,26.6,28515,0.0,1.25,1.4
2010-06-25,19.5,11.2,26.0,21492,0.0,1.38,1.8
2010-06-26,17.6,11.5,23.1,26963,0.0,1.38,1.8
2010-06-27,18.2,8.7,25.5,30518,0.0,1.21,1.6
2010-06-28,21.2,12.4,29.2,30756,0.0,1.54,1.5
2010-06-29,23.3,13.0,31.4,28572,0.0,1.65,1.5
2010-06-30,21.2,17.0,26.4,26133,0.0,1.94,1.8
2010-07-01,21.8,15.2,27.5,25730,0.0,1.75,1.5
2010-07-02,24.5,16.9,32.4,25325,0.0,2.0,1.6
2010-07-03,25.9,17.6,32.9,29242,0.0,2.1,1.9
2010-07-04,24.4,17.1,29.9,22986,0.0,2.0,2.0
2010-07-05,23.2,17.8,28.9,19784,4.1,2.05,2.1
2010-07-06,17.6,13.2,22.4,19503,0.0,1.5,2.6
2010-07-07,17.5,9.5,24.3,28353,0.0,1.25,1.6
2010-07-08,22.1,13.0,30.5,25908,0.0,1.61,1.6
2010-07-09,25.3,15.2,33.8,28911,0.0,1.89,1.6
2010-07-10,27.7,18.7,36.3,27224,0.0,2.29,1.6
2010-07-11,26.3,20.9,37.3,21491,4.2,2.61,1.9
2010-07-12,27.8,19.9,35.1,20567,8.7,2.43,2.2
2010-07-13,22.3,16.3,28.1,20527,0.0,1.87,1.9
2010-07-14,24.7,15.7,31.8,27169,1.0,1.88,2.3
2010-07-15,22.9,15.3,28.4,21322,0.0,1.79,2.8
2010-07-16,24.1,12.9,33.3,28072,1.4,1.65,2.0
2010-07-17,21.8,17.0,27.9,16449,0.0,1.94,2.3
2010-07-18,19.1,13.4,24.9,21176,0.0,1.55,1.9
2010-07-19,20.1,11.4,27.2,28272,0.0,1.44,1.7
2010-07-20,22.0,13.2,28.9,28584,0.0,1.6,1.9
2010-07-21,25.1,16.8,32.7,27267,0.0,2.02,2.0
2010-07-22,23.3,17.3,30.2,16708,9.1,2.01,2.0
2010-07-23,20.1,16.0,24.8,16530,0.8,1.81,1.8
2010-07-24,19.0,15.0,21.7,10248,0.0,1.68,3.4
2010-07-25,18.4,14.4,23.0,20645,0.0,1.62,2.6
2010-07-26,17.6,9.5,24.7,19090,0.0,1.25,1.6
2010-07-27,20.5,12.9,27.1,20636,0.4,1.55,1.7
2010-07-28,17.9,11.7,25.8,17970,0.2,1.43,2.4
2010-07-29,17.2,10.5,23.6,19384,0.0,1.32,2.5
2010-07-30,17.4,10.2,23.9,18081,0.0,1.28,2.3
2010-07-31,20.4,10.3,28.1,22314,0.1,1.36,2.0
2010-08-01,22.4,18.3,30.2,15976,6.9,2.14,1.9
2010-08-02,20.8,16.5,26.5,15295,13.6,1.87,1.5
2010-08-03,17.1,13.0,20.2,9608,2.0,1.47,2.0
2010-08-04,17.7,10.7,23.7,21003,0.0,1.33,2.0
2010-08-05,19.2,13.8,26.7,14232,1.2,1.63,1.9
2010-08-06,19.3,15.6,24.1,16463,0.0,1.74,2.2
2010-08-07,20.3,16.2,25.1,16626,0.0,1.84,1.9
2010-08-08,19.3,14.7,24.5,9792,0.6,1.66,1.7
2010-08-09,19.2,13.5,24.2,15379,0.1,1.55,1.6
2010-08-10,19.8,12.0,27.4,19733,0.0,1.47,1.7
2010-08-11,18.8,14.9,25.0,11271,1.2,1.7,1.9
2010-08-12,18.0,14.5,21.9,10604,10.2,1.63,1.5
2010-08-13,19.6,16.3,23.5,15401,9.8,1.83,1.5
2010-08-14,16.6,15.1,18.1,8448,2.2,1.65,2.1
2010-08-15,19.0,16.7,23.8,9916,26.8,1.87,2.7
2010-08-16,18.5,16.1,23.4,14662,1.2,1.79,2.5
2010-08-17,17.5,14.9,21.2,11761,8.1,1.66,3.0
2010-08-18,16.7,14.4,20.4,8879,1.3,1.59,3.1
2010-08-19,16.6,10.2,22.1,14966,0.0,1.27,2.6
2010-08-20,17.6,9.5,25.3,21583,0.0,1.26,1.7
2010-08-21,21.7,13.3,29.2,20996,0.0,1.62,2.0
2010-08-22,21.9,15.1,28.6,16852,0.0,1.77,2.1
2010-08-23,20.4,15.5,23.6,9656,0.3,1.73,2.8
2010-08-24,18.4,12.2,21.9,19133,0.2,1.42,4.0
2010-08-25,15.9,11.4,20.4,13911,1.6,1.35,3.2
2010-08-26,15.0,13.2,16.5,7608,21.8,1.46,2.2
2010-08-27,15.4,13.7,16.7,7534,12.7,1.51,3.1
2010-08-28,13.6,9.6,18.9,12372,1.4,1.2,2.9
2010-08-29,13.0,8.8,18.3,10162,15.9,1.13,3.1
2010-08-30,12.0,10.3,13.1,7309,10.1,1.21,3.3
2010-08-31,14.2,10.1,18.9,17236,0.6,1.23,2.7
2010-09-01,14.3,11.9,18.6,10437,0.6,1.36,2.0
2010-09-02,13.4,7.4,18.9,9798,4.2,1.04,1.8
2010-09-03,11.7,4.7,18.2,15868,0.0,0.88,1.4
2010-09-04,12.5,8.7,17.1,12515,2.9,1.11,1.6
2010-09-05,12.7,7.8,18.2,19775,0.0,1.07,2.0
2010-09-06,11.7,6.2,18.4,20044,0.0,0.97,2.6
2010-09-07,12.5,7.6,17.2,11546,0.0,1.04,3.1
2010-09-08,14.4,10.6,18.5,9969,0.4,1.26,3.3
2010-09-09,13.5,12.7,14.7,6535,6.5,1.41,2.2
2010-09-10,15.2,10.1,19.9,10699,0.5,1.23,2.0
2010-09-11,15.3,9.6,20.9,9872,0.0,1.21,1.8
2010-09-12,17.2,10.3,23.8,15486,0.7,1.3,1.6
2010-09-13,15.3,10.0,19.5,9361,3.7,1.22,2.3
2010-09-14,14.0,12.2,15.7,6139,16.1,1.38,3.4
2010-09-15,14.4,11.3,18.0,12754,2.7,1.31,4.1
2010-09-16,12.7,9.7,16.8,9154,0.2,1.18,3.6
2010-09-17,12.3,9.7,16.2,10527,0.4,1.17,3.2
2010-09-18,11.1,7.2,15.0,9826,0.7,1.01,2.6
2010-09-19,11.8,8.1,16.5,9230,0.5,1.06,2.4
2010-09-20,14.0,11.1,16.7,5855,0.3,1.29,2.5
2010-09-21,13.6,5.9,18.6,9493,0.0,0.95,1.8
2010-09-22,12.0,3.8,19.9,16190,0.0,0.86,1.5
2010-09-23,15.1,8.1,24.1,16116,0.0,1.14,1.7
2010-09-24,16.5,9.9,23.7,12785,10.6,1.27,2.0
2010-09-25,12.0,9.9,14.5,5269,23.6,1.18,2.2
2010-09-26,11.4,10.3,12.8,5191,20.1,1.2,2.2
2010-09-27,14.0,12.6,14.7,5113,1.6,1.41,3.0
2010-09-28,10.8,9.2,12.5,5035,0.1,1.12,2.5
2010-09-29,9.5,5.9,12.5,5936,0.9,0.9,1.7
2010-09-30,7.8,3.4,12.7,8404,0.0,0.78,1.7
2010-10-01,6.8,1.6,13.0,13178,0.0,0.7,2.1
2010-10-02,9.2,4.5,13.2,7839,0.0,0.84,2.6
2010-10-03,12.2,8.2,17.5,8417,0.0,1.08,3.1
2010-10-04,12.9,8.2,17.6,12709,0.0,1.09,3.0
2010-10-05,13.7,11.7,17.1,5845,0.0,1.35,2.3
2010-10-06,15.1,12.4,19.1,11401,0.1,1.41,2.4
2010-10-07,13.9,11.9,16.8,4931,0.0,1.36,1.9
2010-10-08,11.8,9.2,15.6,6803,0.0,1.15,2.5
2010-10-09,9.7,4.5,15.5,11531,0.0,0.86,2.6
2010-10-10,7.6,1.9,15.0,12336,0.0,0.72,2.4
2010-10-11,5.9,1.1,11.5,5406,0.0,0.67,2.1
2010-10-12,4.9,-0.8,12.8,9993,0.0,0.61,1.4
2010-10-13,5.1,-1.2,13.1,11629,0.0,0.59,1.5
2010-10-14,6.3,-0.5,10.8,4010,0.0,0.6,1.9
2010-10-15,8.9,6.7,11.7,4015,2.0,0.95,1.6
2010-10-16,5.8,4.2,7.9,3722,1.4,0.79,2.6
2010-10-17,6.2,3.9,9.8,4686,0.1,0.79,2.2
2010-10-18,5.4,0.8,11.0,10357,0.9,0.66,1.9
2010-10-19,5.9,3.8,7.7,3524,3.9,0.78,3.2
2010-10-20,6.8,3.5,10.0,4525,3.5,0.76,3.6
2010-10-21,4.7,1.9,7.0,3817,1.2,0.68,3.7
2010-10-22,7.0,3.8,8.8,3333,0.0,0.78,2.9
2010-10-23,6.2,1.7,11.6,8209,0.0,0.7,3.2
2010-10-24,7.6,3.9,9.5,3210,1.2,0.79,3.8
2010-10-25,5.1,-0.1,9.9,8573,0.0,0.61,2.6
2010-10-26,4.7,0.9,9.3,8183,0.0,0.65,2.0
2010-10-27,6.2,1.1,9.1,3294,1.8,0.65,2.7
2010-10-28,8.6,6.9,10.3,2975,0.6,0.96,2.7
2010-10-29,9.2,6.1,13.4,7636,0.0,0.93,2.4
2010-10-30,9.2,5.3,15.6,5885,0.0,0.89,2.4
2010-10-31,7.2,2.6,12.0,3742,0.0,0.74,1.7
2010-11-01,6.8,1.8,9.7,2755,0.0,0.68,1.4
2010-11-02,8.2,7.2,9.8,2703,0.0,0.98,2.4
2010-11-03,10.8,9.0,12.8,2652,11.9,1.12,4.0
2010-11-04,12.6,8.7,15.2,2601,8.4,1.1,4.5
2010-11-05,13.1,10.0,14.7,2552,13.0,1.19,4.6
2010-11-06,7.9,2.7,10.7,3427,1.7,0.73,3.2
2010-11-07,2.0,-0.7,6.0,3426,0.0,0.57,1.7
2010-11-08,2.3,0.0,4.1,2411,0.1,0.59,2.2
2010-11-09,3.5,2.8,4.3,2366,0.0,0.72,2.0
2010-11-10,4.9,1.4,7.9,2651,1.4,0.66,2.1
2010-11-11,5.6,3.4,8.0,2821,4.3,0.76,4.3
2010-11-12,8.7,5.9,11.5,2773,0.5,0.9,6.1
2010-11-13,9.6,7.3,11.9,2249,4.0,0.99,4.4
2010-11-14,12.4,8.6,16.7,2680,0.0,1.1,2.9
2010-11-15,10.0,6.3,14.4,3204,0.7,0.95,2.4
2010-11-16,6.0,4.2,7.5,2081,5.2,0.79,2.3
2010-11-17,4.1,3.4,4.8,2044,0.2,0.75,2.4
2010-11-18,4.9,3.5,5.8,2009,12.2,0.75,1.8
2010-11-19,5.6,4.5,6.8,1975,0.0,0.81,1.8
2010-11-20,5.5,4.6,6.8,1942,0.0,0.82,1.5
2010-11-21,4.7,2.0,6.7,1910,0.0,0.68,2.3
2010-11-22,3.9,1.7,5.0,1879,8.7,0.66,3.1
2010-11-23,3.1,1.5,4.3,1849,2.6,0.66,3.8
2010-11-24,0.8,-0.8,2.5,1821,1.3,0.56,3.3
2010-11-25,-1.4,-3.9,0.3,3555,0.0,0.44,1.8
2010-11-26,-2.2,-3.5,-1.5,1767,0.4,0.45,1.8
2010-11-27,-2.2,-2.8,-1.6,1741,0.1,0.48,1.4
2010-11-28,-2.3,-4.0,-0.2,3744,0.0,0.44,1.9
2010-11-29,-0.8,-1.7,0.2,1694,0.0,0.52,3.1
2010-11-30,-4.1,-8.1,-1.0,3265,0.0,0.33,2.9
2010-12-01,-9.1,-11.1,-8.1,1739,2.4,0.25,4.4
2010-12-02,-9.0,-14.3,-7.2,1631,1.6,0.2,2.4
2010-12-03,-6.6,-11.4,-4.8,1914,0.2,0.25,1.8
2010-12-04,-7.0,-11.2,-3.3,3524,2.2,0.26,3.0
2010-12-05,-1.2,-4.4,1.0,1577,2.2,0.43,3.5
2010-12-06,0.7,-0.3,1.2,1562,0.0,0.58,1.7
2010-12-07,-2.2,-4.2,-0.2,1547,0.0,0.43,1.6
2010-12-08,-3.3,-4.4,-1.6,1534,6.4,0.42,2.0
2010-12-09,-1.7,-3.9,0.6,1521,0.2,0.44,4.2
2010-12-10,-2.3,-4.1,0.9,1551,5.8,0.44,3.4
2010-12-11,3.8,0.8,5.5,1500,2.9,0.63,5.3
2010-12-12,0.3,-3.5,3.7,1490,0.1,0.46,4.0
2010-12-13,-3.2,-4.9,-1.3,1932,0.4,0.41,2.6
2010-12-14,-1.8,-3.0,-0.8,1475,0.8,0.47,2.9
2010-12-15,-2.1,-3.2,-1.1,1469,0.1,0.47,3.0
2010-12-16,-3.5,-4.6,-2.4,1504,5.9,0.42,3.4
2010-12-17,-3.7,-6.1,-2.4,1460,3.8,0.37,2.1
2010-12-18,-7.4,-12.1,-5.4,1457,0.0,0.24,1.8
2010-12-19,-9.4,-11.6,-7.1,1455,4.2,0.24,2.4
2010-12-20,-7.2,-13.7,-5.9,1575,0.3,0.21,2.7
2010-12-21,-14.1,-18.1,-8.7,3472,0.0,0.15,1.6
2010-12-22,-5.7,-13.3,-1.8,1455,6.0,0.23,2.1
2010-12-23,-0.2,-2.0,0.2,1457,4.2,0.5,2.8
2010-12-24,-1.3,-3.7,0.2,1461,0.9,0.45,3.9
2010-12-25,-5.7,-7.9,-3.4,1465,0.0,0.32,3.1
2010-12-26,-7.4,-9.7,-4.1,2284,1.3,0.29,2.0
2010-12-27,-4.1,-6.4,-2.5,1477,3.1,0.36,2.0
2010-12-28,-7.5,-9.8,-5.3,2303,0.0,0.28,1.9
2010-12-29,-8.8,-11.4,-7.5,1493,0.0,0.25,1.6
2010-12-30,-9.2,-12.4,-4.0,1502,0.3,0.23,1.5
2010-12-31,0.6,-4.1,1.6,1513,0.0,0.44,2.3
2011-01-01,2.3,0.9,3.5,1733,0.0,0.63,3.4
2011-01-02,0.0,-3.4,1.0,2669,0.0,0.46,2.6
2011-01-03,-2.0,-4.2,-0.5,1551,0.4,0.43,1.9
2011-01-04,-0.7,-6.0,0.7,1566,0.0,0.38,2.1
2011-01-05,-6.1,-8.3,-3.6,4060,0.0,0.32,2.8
2011-01-06,0.0,-6.2,3.6,1599,7.3,0.39,3.5
2011-01-07,2.5,1.4,5.2,1618,2.4,0.66,2.5
2011-01-08,4.8,1.3,8.2,2860,1.1,0.66,3.2
2011-01-09,3.9,0.1,6.7,1657,1.1,0.61,2.6
2011-01-10,0.5,-2.4,3.8,4833,0.0,0.5,1.9
2011-01-11,0.0,-3.3,2.6,1701,0.7,0.47,2.7
2011-01-12,2.9,2.0,3.9,1770,1.7,0.68,3.4
2011-01-13,4.0,2.5,9.3,1749,6.2,0.71,3.2
2011-01-14,9.4,7.8,10.5,1775,8.3,1.02,3.6
2011-01-15,7.9,6.8,9.4,2501,1.6,0.95,3.7
2011-01-16,7.2,4.8,9.4,2160,0.0,0.84,2.7
2011-01-17,4.9,0.9,8.2,4427,0.0,0.64,2.1
2011-01-18,5.3,1.9,7.7,1938,0.3,0.68,2.2
2011-01-19,2.8,0.9,4.6,2067,0.8,0.63,2.2
2011-01-20,0.6,-0.7,1.6,1953,0.0,0.56,2.1
2011-01-21,-0.5,-1.8,0.2,1987,0.0,0.51,2.1
2011-01-22,-0.1,-1.9,1.4,2022,0.1,0.51,1.8
2011-01-23,0.7,-0.4,1.7,2058,1.3,0.57,1.8
2011-01-24,1.4,0.3,3.4,2094,1.2,0.6,2.3
2011-01-25,2.6,0.4,3.8,2132,6.7,0.61,3.6
2011-01-26,0.2,-1.3,1.2,2172,0.2,0.53,2.3
2011-01-27,-1.6,-5.1,0.7,3065,0.0,0.41,2.6
2011-01-28,-3.8,-6.9,0.5,6735,0.0,0.36,2.5
2011-01-29,-4.0,-7.2,1.2,6669,0.0,0.35,1.7
2011-01-30,-2.2,-7.0,0.5,2339,0.0,0.36,1.6
2011-01-31,-4.0,-7.0,-2.5,2384,0.0,0.35,1.5
2011-02-01,-3.6,-4.3,-2.2,2430,0.1,0.42,2.4
2011-02-02,0.3,-2.4,2.7,2477,0.0,0.5,3.0
2011-02-03,2.2,-0.2,4.5,2699,0.1,0.58,3.3
2011-02-04,5.0,0.3,9.6,2573,4.1,0.63,5.4
2011-02-05,9.4,7.6,10.4,2623,15.4,1.0,6.1
2011-02-06,8.0,5.1,9.7,2675,5.4,0.85,4.2
2011-02-07,8.0,4.9,9.6,4501,0.0,0.83,3.7
2011-02-08,5.9,1.1,10.2,5382,0.0,0.66,3.4
2011-02-09,1.0,-1.5,4.2,4403,0.0,0.54,1.7
2011-02-10,2.7,-1.0,5.7,3144,4.8,0.56,2.5
2011-02-11,4.4,-0.2,6.8,4683,0.3,0.59,3.4
2011-02-12,-0.7,-3.4,1.3,7889,0.0,0.46,2.9
2011-02-13,-0.1,-1.5,1.2,3061,0.0,0.53,2.5
2011-02-14,-0.5,-1.7,0.6,3120,0.0,0.52,3.3
2011-02-15,-1.4,-3.2,0.7,3180,0.0,0.47,3.2
2011-02-16,-0.8,-3.2,2.0,5774,0.0,0.47,2.7
2011-02-17,-1.8,-3.9,-0.2,3303,0.0,0.44,2.5
2011-02-18,-1.8,-2.8,-0.6,3366,0.0,0.48,2.1
2011-02-19,-2.2,-3.5,-1.5,3430,0.0,0.45,2.6
2011-02-20,-4.5,-8.0,-1.4,8091,0.0,0.33,3.4
2011-02-21,-6.1,-9.9,-2.6,8066,0.0,0.29,2.8
2011-02-22,-8.4,-12.9,-3.3,10466,0.0,0.23,2.4
2011-02-23,-8.2,-13.3,-3.5,10464,0.0,0.22,2.2
2011-02-24,-4.5,-8.7,1.2,5568,0.0,0.32,2.3
2011-02-25,-3.6,-9.2,2.9,10149,0.0,0.32,2.1
2011-02-26,-1.2,-7.5,6.1,11215,0.0,0.37,2.7
2011-02-27,-0.2,-4.8,4.0,8798,0.0,0.43,2.6
2011-02-28,2.8,-2.1,8.9,11285,0.0,0.53,2.1
2011-03-01,0.8,-4.1,7.9,11755,0.0,0.46,2.7
2011-03-02,0.2,-3.4,6.5,10704,0.0,0.48,3.6
2011-03-03,0.1,-5.4,7.6,12393,0.0,0.43,2.6
2011-03-04,-2.0,-5.4,4.8,8525,0.0,0.41,1.8
2011-03-05,1.4,-2.3,7.9,7563,0.0,0.52,2.4
2011-03-06,0.7,-6.2,5.9,13547,0.0,0.4,2.4
2011-03-07,-1.8,-8.7,5.0,13800,0.0,0.33,2.7
2011-03-08,1.6,-4.7,9.3,13970,0.0,0.46,2.5
2011-03-09,4.8,-1.8,12.6,8429,0.0,0.57,3.5
2011-03-10,6.0,0.0,10.5,7843,1.8,0.62,4.3
2011-03-11,5.8,-0.5,9.4,9450,0.0,0.59,3.6
2011-03-12,5.1,-1.7,13.0,10819,0.0,0.57,2.1
2011-03-13,8.2,0.8,15.9,8165,0.8,0.69,1.7
2011-03-14,8.4,5.7,10.6,5095,3.2,0.89,1.3
2011-03-15,5.9,0.6,9.6,6731,0.0,0.63,3.2
2011-03-16,3.2,0.6,5.9,5253,2.2,0.62,3.9
2011-03-17,3.4,2.6,5.3,5332,5.9,0.71,3.0
2011-03-18,3.4,1.6,5.3,5411,0.0,0.66,3.1
2011-03-19,4.9,0.8,8.8,13367,0.0,0.64,2.3
2011-03-20,1.9,-1.6,7.9,9207,0.0,0.55,1.6
2011-03-21,4.4,-3.1,12.8,16072,0.0,0.53,1.9
2011-03-22,8.5,-0.2,15.7,14973,0.0,0.64,2.1
2011-03-23,8.0,3.6,13.1,16010,0.0,0.79,2.1
2011-03-24,9.5,3.0,16.3,14787,0.0,0.78,2.3
2011-03-25,7.8,5.0,10.5,5971,1.0,0.85,2.4
2011-03-26,4.5,-0.6,8.2,12676,0.0,0.59,2.2
2011-03-27,1.7,-2.5,8.3,13311,0.0,0.51,1.5
2011-03-28,3.5,-3.1,9.9,12324,0.0,0.5,2.1
2011-03-29,5.1,-3.3,13.3,18603,0.0,0.52,1.7
2011-03-30,7.1,-3.3,15.4,16704,0.0,0.53,1.8
2011-03-31,10.8,5.2,16.1,7597,1.4,0.9,3.4
2011-04-01,13.4,10.7,17.6,13339,0.2,1.27,3.4
2011-04-02,15.3,10.1,22.5,15256,0.0,1.27,2.1
2011-04-03,14.0,8.9,20.8,13163,9.4,1.17,1.9
2011-04-04,10.3,8.7,15.1,10401,3.3,1.09,2.6
2011-04-05,9.8,4.2,14.7,13510,0.1,0.84,3.1
2011-04-06,12.2,10.4,14.6,6928,0.0,1.23,3.1
2011-04-07,12.8,6.7,18.5,13530,0.0,1.0,4.0
2011-04-08,9.5,5.7,15.6,10802,0.0,0.91,4.3
2011-04-09,8.9,2.0,14.7,19699,0.0,0.73,3.1
2011-04-10,9.8,0.8,18.5,20619,0.0,0.71,1.7
2011-04-11,11.9,3.6,21.0,17099,0.1,0.87,1.8
2011-04-12,8.5,6.1,12.3,11080,3.8,0.93,4.8
2011-04-13,6.1,5.4,7.0,7468,2.9,0.86,4.2
2011-04-14,7.0,3.5,10.1,7882,0.5,0.77,1.9
2011-04-15,8.7,1.7,14.7,18168,0.0,0.72,1.6
2011-04-16,9.2,0.2,16.3,13277,0.0,0.67,1.5
2011-04-17,11.3,5.3,18.1,11544,0.0,0.92,1.7
2011-04-18,11.2,2.2,19.8,21526,0.0,0.79,1.6
2011-04-19,12.9,3.4,20.2,22236,0.0,0.85,1.9
2011-04-20,13.9,7.6,22.1,22832,0.0,1.09,1.5
2011-04-21,14.4,4.3,23.1,23314,0.0,0.91,1.6
2011-04-22,16.2,7.3,23.0,23446,0.0,1.09,2.2
2011-04-23,17.1,11.2,22.4,23340,0.0,1.35,2.5
2011-04-24,15.2,9.1,21.4,23938,0.0,1.19,2.3
2011-04-25,13.4,5.1,20.1,18859,0.0,0.94,2.3
2011-04-26,14.3,9.1,22.1,16945,4.6,1.18,2.1
2011-04-27,14.3,7.0,21.0,14778,0.6,1.05,2.1
2011-04-28,14.3,8.3,22.4,15582,0.0,1.14,2.5
2011-04-29,13.8,8.1,21.5,23942,0.0,1.11,3.5
2011-04-30,11.2,6.4,17.2,25979,0.0,0.96,3.6
2011-05-01,9.1,4.1,14.1,25491,0.2,0.83,3.0
2011-05-02,6.4,2.9,10.7,10358,0.6,0.74,3.1
2011-05-03,6.3,1.4,12.2,19887,0.3,0.68,2.6
2011-05-04,7.0,-0.9,12.7,18031,0.1,0.6,1.9
2011-05-05,7.4,-2.8,16.1,24945,0.0,0.56,1.5
2011-05-06,12.4,0.2,22.2,25532,0.0,0.73,1.9
2011-05-07,15.7,7.5,22.4,26120,0.0,1.09,2.6
2011-05-08,16.2,7.7,23.3,27199,0.0,1.11,3.1
2011-05-09,16.9,8.5,24.9,26310,0.0,1.19,2.9
2011-05-10,18.7,9.8,27.4,24921,0.0,1.31,1.6
2011-05-11,18.3,7.7,26.5,18205,0.0,1.15,1.8
2011-05-12,16.1,9.2,24.1,15921,6.4,1.23,2.0
2011-05-13,13.7,8.5,20.0,19833,0.0,1.12,2.2
2011-05-14,13.6,6.7,22.1,14306,2.5,1.04,2.4
2011-05-15,10.7,4.4,16.5,20592,1.1,0.85,2.9
2011-05-16,10.6,4.8,13.4,11424,4.9,0.85,3.3
2011-05-17,13.6,11.4,18.1,10599,2.9,1.32,3.0
2011-05-18,16.3,10.7,22.3,19032,0.0,1.31,2.0
2011-05-19,16.5,9.5,24.9,16333,3.7,1.26,1.7
2011-05-20,16.9,11.2,23.4,17766,5.7,1.37,1.5
2011-05-21,17.4,9.7,23.2,25736,0.0,1.25,1.5
2011-05-22,18.6,11.9,26.8,19882,10.4,1.45,2.5
2011-05-23,15.5,9.5,21.2,26233,0.0,1.2,2.4
2011-05-24,14.4,6.8,19.7,23136,0.0,1.02,3.3
2011-05-25,13.4,5.5,19.7,26848,0.0,0.94,2.3
2011-05-26,17.5,7.4,26.8,25257,0.0,1.14,3.4
2011-05-27,14.5,10.3,18.5,17842,0.2,1.23,3.4
2011-05-28,14.0,6.6,19.4,21174,0.0,1.0,2.5
2011-05-29,16.3,12.1,21.1,16020,0.0,1.41,2.8
2011-05-30,21.0,9.7,29.8,29497,0.0,1.35,2.1
2011-05-31,19.8,12.9,30.7,22560,16.5,1.59,2.8
2011-06-01,14.2,7.0,19.3,20818,0.0,1.02,2.9
2011-06-02,15.5,5.2,22.4,29873,0.0,0.95,2.6
2011-06-03,18.9,9.7,25.8,27112,0.0,1.29,2.8
2011-06-04,20.7,12.3,28.2,29943,0.0,1.52,2.4
2011-06-05,22.9,15.0,30.1,27812,0.3,1.79,2.3
2011-06-06,22.0,16.5,30.9,23893,23.2,1.93,2.1
2011-06-07,19.9,16.8,24.3,14620,1.1,1.88,1.7
2011-06-08,18.6,13.4,23.7,16168,7.5,1.54,2.7
2011-06-09,16.2,11.5,20.5,21668,0.0,1.36,2.6
2011-06-10,15.7,9.5,20.9,25384,0.0,1.21,1.5
2011-06-11,16.1,9.5,22.6,25274,0.0,1.22,1.9
2011-06-12,15.2,6.6,21.1,25417,0.1,1.03,1.4
2011-06-13,18.6,12.5,25.5,25686,0.0,1.48,2.1
2011-06-14,18.1,10.9,24.1,16000,0.6,1.33,1.9
2011-06-15,17.5,9.3,23.9,22645,0.0,1.22,1.4
2011-06-16,20.6,14.9,28.1,18824,2.7,1.73,2.2
2011-06-17,16.7,13.9,21.4,17043,4.1,1.57,2.6
2011-06-18,15.8,10.1,22.1,16536,3.1,1.27,3.5
2011-06-19,12.9,9.7,18.5,13731,7.2,1.2,4.3
2011-06-20,14.6,9.8,19.3,16284,2.2,1.21,3.0
2011-06-21,15.9,8.5,22.7,19218,0.2,1.16,2.4
2011-06-22,18.4,12.2,26.7,19598,16.2,1.48,2.5
2011-06-23,16.6,11.7,22.2,20997,0.7,1.38,3.0
2011-06-24,13.6,10.2,17.9,21245,3.0,1.22,2.9
2011-06-25,14.7,10.1,19.9,19706,0.1,1.23,2.5
2011-06-26,16.6,11.1,23.0,14852,0.2,1.34,1.8
2011-06-27,19.2,10.0,26.0,30136,0.0,1.31,1.9
2011-06-28,20.6,13.7,26.9,30501,0.0,1.61,2.3
2011-06-29,22.6,14.9,29.7,28954,0.0,1.76,2.3
2011-06-30,15.2,10.7,20.0,11873,6.0,1.29,3.1
2011-07-01,14.9,8.8,19.7,23694,0.2,1.15,2.7
2011-07-02,12.5,11.4,14.3,10315,32.3,1.3,3.5
2011-07-03,16.0,14.3,17.4,10298,11.2,1.57,3.5
2011-07-04,15.9,14.9,16.8,10279,27.2,1.64,2.2
2011-07-05,19.0,14.7,24.2,20038,0.0,1.67,1.4
2011-07-06,19.9,12.9,26.8,28261,6.6,1.55,2.1
2011-07-07,20.6,15.4,26.1,20742,0.7,1.77,1.8
2011-07-08,19.9,14.6,24.6,20964,0.0,1.66,2.4
2011-07-09,20.8,13.0,28.4,21691,0.2,1.58,2.3
2011-07-10,19.4,15.4,24.7,14567,26.6,1.75,1.7
2011-07-11,17.7,13.5,22.5,16306,0.1,1.54,1.7
2011-07-12,19.6,11.8,25.7,20820,0.0,1.43,2.2
2011-07-13,20.0,17.4,25.1,12952,19.8,1.97,2.9
2011-07-14,16.8,12.7,20.6,11530,0.0,1.44,3.8
2011-07-15,15.3,13.0,18.1,10487,0.0,1.45,3.3
2011-07-16,17.9,9.5,25.2,28197,0.0,1.25,2.4
2011-07-17,18.8,15.2,24.7,11798,8.2,1.72,3.1
2011-07-18,17.5,11.5,23.7,22432,0.1,1.39,3.3
2011-07-19,17.5,9.5,24.3,24886,0.0,1.25,2.0
2011-07-20,19.3,14.1,23.8,15182,0.0,1.62,2.8
2011-07-21,17.1,15.7,19.0,9755,11.2,1.73,2.7
2011-07-22,13.7,12.8,15.8,9713,13.1,1.42,3.9
2011-07-23,14.9,10.5,19.5,11915,0.0,1.26,3.7
2011-07-24,13.7,9.9,17.3,11992,0.1,1.2,3.5
2011-07-25,14.0,12.3,15.9,9580,0.9,1.38,1.9
2011-07-26,17.8,12.7,23.6,21945,0.0,1.49,1.4
2011-07-27,18.8,13.0,24.3,22866,0.0,1.52,1.5
2011-07-28,18.2,12.7,22.7,9436,3.5,1.48,1.9
2011-07-29,14.8,13.6,16.7,9386,45.9,1.5,2.8
2011-07-30,17.0,13.8,21.8,9458,13.1,1.55,3.3
2011-07-31,16.6,14.7,18.8,9282,2.5,1.61,2.4
2011-08-01,17.7,14.3,21.0,12541,0.2,1.61,1.5
2011-08-02,19.0,11.6,25.1,27291,0.0,1.41,1.9
2011-08-03,20.1,13.2,25.3,23164,0.0,1.54,2.2
2011-08-04,19.2,16.3,22.6,9063,0.5,1.82,1.9
2011-08-05,18.8,13.5,24.7,14839,2.8,1.56,1.9
2011-08-06,22.0,13.9,28.6,19857,0.2,1.65,1.9
2011-08-07,18.7,11.2,22.7,13120,0.4,1.35,2.8
2011-08-08,15.4,11.0,21.6,16665,2.5,1.32,3.5
2011-08-09,16.0,13.3,19.3,12614,0.2,1.49,4.4
2011-08-10,14.6,12.0,17.7,11822,2.3,1.37,3.3
2011-08-11,18.0,13.2,24.1,11391,2.5,1.54,3.3
2011-08-12,17.4,14.3,23.0,11438,3.4,1.62,2.4
2011-08-13,17.5,13.5,22.3,15282,0.0,1.53,1.7
2011-08-14,18.9,13.9,23.8,10815,16.5,1.59,2.3
2011-08-15,18.1,13.9,22.6,17110,0.3,1.58,2.0
2011-08-16,15.6,8.8,21.0,12429,0.0,1.16,1.4
2011-08-17,18.6,11.3,25.5,18787,0.0,1.4,1.6
2011-08-18,20.1,15.4,25.7,17745,3.4,1.74,1.7
2011-08-19,18.3,12.5,22.9,14385,0.1,1.46,3.3
2011-08-20,16.4,10.8,22.8,23666,0.0,1.32,1.8
2011-08-21,20.0,13.3,25.5,17422,0.1,1.56,1.8
2011-08-22,20.9,16.8,25.3,19722,0.0,1.9,1.9
2011-08-23,17.5,15.2,20.0,9427,3.0,1.69,2.1
2011-08-24,21.3,14.2,28.3,17540,6.5,1.67,1.8
2011-08-25,20.7,18.1,25.7,16290,0.0,2.04,1.6
2011-08-26,24.6,19.4,29.7,18544,0.0,2.25,2.7
2011-08-27,17.2,13.0,22.7,7534,2.0,1.49,3.2
2011-08-28,14.9,10.8,20.2,13042,0.1,1.3,2.9
2011-08-29,13.4,10.6,17.3,10606,1.8,1.25,3.2
2011-08-30,12.7,9.0,17.3,9630,0.4,1.14,2.6
2011-08-31,13.6,7.9,18.3,9981,0.2,1.08,1.8
2011-09-01,13.5,7.4,18.1,11967,0.0,1.04,1.4
2011-09-02,14.0,5.3,21.3,19909,0.0,0.96,1.3
2011-09-03,19.5,11.3,28.4,19759,0.0,1.43,1.5
2011-09-04,21.0,15.6,26.6,12515,7.6,1.79,1.8
2011-09-05,18.3,12.6,20.8,7062,3.0,1.45,2.9
2011-09-06,16.6,11.3,21.8,15159,12.2,1.34,3.7
2011-09-07,14.8,12.4,17.9,9858,4.2,1.4,4.3
2011-09-08,13.2,11.6,16.2,6928,7.9,1.33,3.7
2011-09-09,14.5,12.3,17.8,6951,1.2,1.39,2.0
2011-09-10,18.2,14.4,22.7,8836,0.0,1.63,1.8
2011-09-11,20.3,15.6,27.4,14909,17.3,1.79,2.3
2011-09-12,18.4,15.7,21.6,10177,0.0,1.75,3.9
2011-09-13,17.4,11.2,21.0,14024,0.0,1.34,3.9
2011-09-14,14.4,10.6,18.6,10869,0.0,1.27,3.5
2011-09-15,13.5,9.7,17.4,10955,0.0,1.18,2.6
2011-09-16,11.4,7.9,16.6,11534,0.0,1.06,1.6
2011-09-17,14.6,9.7,21.3,10920,0.0,1.21,2.3
2011-09-18,15.0,11.0,18.7,6114,2.0,1.3,2.3
2011-09-19,12.9,7.7,18.5,12041,0.0,1.07,2.2
2011-09-20,13.2,6.6,20.1,15468,0.0,1.01,2.1
2011-09-21,14.2,10.1,20.1,10828,0.0,1.24,2.1
2011-09-22,14.5,7.8,18.6,11368,0.1,1.07,2.7
2011-09-23,11.5,6.2,17.7,10583,0.0,0.97,1.8
2011-09-24,12.3,4.7,20.1,15202,0.0,0.91,1.5
2011-09-25,14.2,8.4,22.5,15407,0.0,1.15,1.2
2011-09-26,16.1,8.3,24.4,13138,0.0,1.16,1.5
2011-09-27,15.9,8.2,20.4,10092,0.0,1.11,1.2
2011-09-28,13.4,5.9,21.5,13827,0.0,1.0,1.5
2011-09-29,15.0,8.3,24.7,14469,0.0,1.18,1.4
2011-09-30,15.6,7.3,26.0,14744,0.0,1.12,1.4
2011-10-01,15.8,8.2,25.7,14835,0.0,1.19,1.1
2011-10-02,15.7,8.0,25.6,14490,0.0,1.18,1.1
2011-10-03,15.8,7.8,22.4,7048,0.0,1.11,1.9
2011-10-04,17.7,13.7,22.2,8982,0.1,1.55,2.8
2011-10-05,15.5,13.0,18.3,4671,0.2,1.46,3.0
2011-10-06,14.7,8.9,20.2,5923,5.2,1.16,4.2
2011-10-07,9.1,5.5,13.1,6985,0.4,0.89,3.8
2011-10-08,8.9,5.7,13.0,8673,2.6,0.91,3.8
2011-10-09,8.2,3.1,13.8,10324,5.3,0.77,2.6
2011-10-10,12.9,8.2,15.7,4139,8.2,1.08,4.0
2011-10-11,12.3,9.9,13.8,4067,12.0,1.18,4.3
2011-10-12,9.9,6.7,13.9,8358,0.0,0.96,3.2
2011-10-13,8.3,3.4,14.5,11783,0.0,0.79,1.9
2011-10-14,5.1,0.9,12.1,10561,0.0,0.66,1.7
2011-10-15,4.5,-0.3,11.2,11698,0.0,0.61,2.0
2011-10-16,6.3,1.7,13.3,11466,0.0,0.71,2.0
2011-10-17,7.2,1.4,14.2,8661,0.0,0.7,2.0
2011-10-18,7.9,3.8,14.7,4608,0.9,0.82,3.6
2011-10-19,8.2,4.2,12.3,6185,0.1,0.81,3.2
2011-10-20,5.9,3.5,10.2,6018,0.1,0.77,2.5
2011-10-21,4.4,0.3,11.1,8032,0.0,0.63,1.9
2011-10-22,3.9,-1.3,11.4,9928,0.0,0.58,2.1
2011-10-23,4.7,-0.3,11.3,9719,0.0,0.61,2.4
2011-10-24,6.5,3.3,10.1,4565,0.0,0.76,3.7
2011-10-25,9.1,7.9,10.8,5359,0.4,1.03,3.5
2011-10-26,9.3,5.1,12.4,3223,0.0,0.87,2.0
2011-10-27,8.7,4.7,12.2,3163,0.0,0.84,2.1
2011-10-28,10.4,5.4,15.2,6460,0.0,0.91,1.5
2011-10-29,9.2,5.2,13.8,4130,0.0,0.87,1.5
2011-10-30,11.5,7.9,16.1,4374,0.0,1.06,1.8
2011-10-31,11.7,9.1,14.5,2871,0.0,1.12,1.6
2011-11-01,9.7,4.6,13.9,6441,0.0,0.85,2.1
2011-11-02,6.1,3.5,8.0,2703,0.0,0.76,2.0
2011-11-03,7.8,5.2,12.4,5647,0.0,0.87,2.6
2011-11-04,7.0,4.1,10.6,3075,0.0,0.8,2.4
2011-11-05,7.1,4.1,12.0,5766,0.0,0.81,2.1
2011-11-06,8.2,5.0,13.9,5736,0.0,0.87,1.9
2011-11-07,7.2,3.7,12.9,6618,0.0,0.8,2.4
2011-11-08,6.1,2.8,10.8,5338,0.0,0.74,2.1
2011-11-09,4.6,2.7,6.5,2366,0.0,0.72,1.6
2011-11-10,3.3,0.2,4.8,2322,0.0,0.6,2.5
2011-11-11,1.7,-0.1,4.3,4775,0.0,0.59,3.2
2011-11-12,0.9,-1.6,5.6,6365,0.0,0.54,2.1
2011-11-13,0.5,-3.8,6.8,6116,0.0,0.47,1.4
2011-11-14,0.6,-4.7,5.8,5559,0.0,0.44,1.4
2011-11-15,2.1,1.2,2.6,2118,0.0,0.64,1.9
2011-11-16,1.4,-3.5,5.3,3717,0.0,0.47,2.1
2011-11-17,-0.6,-1.9,0.1,2044,0.0,0.51,1.8
2011-11-18,1.7,-0.5,4.0,2009,0.0,0.57,1.4
2011-11-19,5.5,3.6,7.8,1975,0.0,0.77,1.4
2011-11-20,4.3,-1.2,8.2,1942,0.0,0.56,1.4
2011-11-21,1.6,-1.4,6.4,5486,0.0,0.54,1.4
2011-11-22,1.1,-3.4,5.6,3313,0.0,0.48,1.5
2011-11-23,0.4,-2.1,1.7,1849,0.0,0.5,1.5
2011-11-24,4.5,1.6,9.3,1821,0.0,0.68,2.1
2011-11-25,5.0,0.7,9.4,3972,0.6,0.64,3.0
2011-11-26,7.2,4.9,9.6,3006,0.0,0.83,3.7
2011-11-27,9.4,6.7,10.8,1741,1.1,0.94,5.1
2011-11-28,4.6,-1.0,8.4,4690,0.0,0.57,2.4
2011-11-29,1.4,-3.2,6.5,5042,0.0,0.49,2.6
2011-11-30,4.8,0.1,9.9,4415,0.0,0.61,2.7
2011-12-01,4.6,-1.0,9.6,1651,0.9,0.57,3.2
2011-12-02,7.7,2.7,11.4,1631,1.2,0.74,3.1
2011-12-03,4.5,1.1,7.7,1698,3.4,0.65,4.6
2011-12-04,6.1,3.8,7.9,1680,0.4,0.77,4.5
2011-12-05,3.9,1.4,5.8,2387,0.8,0.66,4.5
2011-12-06,3.3,1.7,4.8,1604,0.5,0.67,4.0
2011-12-07,2.7,0.2,5.0,1589,9.9,0.6,4.8
2011-12-08,4.7,3.2,6.9,2955,5.2,0.74,4.8
2011-12-09,6.0,3.7,8.1,2519,1.1,0.77,5.1
2011-12-10,3.2,1.8,4.5,1551,0.0,0.67,3.3
2011-12-11,2.1,-0.7,4.6,3724,0.3,0.56,2.5
2011-12-12,3.1,-1.9,6.7,1490,2.7,0.53,3.3
2011-12-13,4.7,1.2,7.8,1482,2.9,0.66,4.7
2011-12-14,5.5,1.7,9.0,1556,3.4,0.68,4.5
2011-12-15,4.6,2.6,6.2,1834,1.5,0.71,4.0
2011-12-16,2.5,0.4,4.8,1464,23.9,0.61,5.3
2011-12-17,3.3,1.8,4.6,1864,0.1,0.67,4.6
2011-12-18,2.7,1.4,3.4,1457,0.5,0.65,3.6
2011-12-19,2.4,0.2,3.0,1455,0.2,0.6,3.1
2011-12-20,0.5,-0.9,1.7,1736,2.8,0.55,3.1
2011-12-21,2.7,0.6,4.6,1736,0.2,0.62,2.8
2011-12-22,3.0,0.8,4.9,1455,1.2,0.63,2.2
2011-12-23,7.9,4.9,9.2,1457,0.5,0.84,2.8
2011-12-24,5.5,2.5,7.8,1461,2.3,0.71,4.1
2011-12-25,5.8,2.6,9.7,1465,0.6,0.73,3.8
2011-12-26,9.8,9.1,10.4,1470,0.3,1.11,3.4
2011-12-27,8.9,6.6,10.4,1477,0.0,0.94,2.5
2011-12-28,6.7,5.5,8.4,3121,0.0,0.87,3.1
2011-12-29,5.9,3.1,6.9,1863,3.0,0.74,5.0
2011-12-30,4.0,2.3,5.1,1874,1.9,0.7,4.2
2011-12-31,2.1,0.3,4.2,2259,0.5,0.6,2.5
2012-01-01,6.9,2.1,10.7,1525,3.5,0.71,3.3
2012-01-02,8.9,4.0,12.1,1538,2.8,0.8,3.4
2012-01-03,5.1,1.6,9.3,2563,1.7,0.68,5.4
2012-01-04,4.8,3.1,6.1,1736,9.6,0.73,5.7
2012-01-05,4.6,2.7,7.3,2608,5.4,0.71,7.0
2012-01-06,2.2,-0.5,4.0,1772,0.4,0.57,4.4
2012-01-07,4.5,2.2,6.9,1618,3.0,0.69,4.6
2012-01-08,4.9,3.7,6.6,1899,1.2,0.77,3.7
2012-01-09,4.0,2.0,7.5,1657,4.0,0.69,3.0
2012-01-10,5.4,3.7,7.1,2701,0.0,0.77,3.1
2012-01-11,7.0,4.6,8.6,1701,0.2,0.82,3.0
2012-01-12,7.3,3.4,9.2,1725,1.2,0.76,4.9
2012-01-13,3.0,1.8,4.3,1932,0.0,0.67,5.0
2012-01-14,1.9,-1.1,4.5,4635,0.0,0.55,3.2
2012-01-15,0.0,-2.6,2.3,5109,0.0,0.49,1.7
2012-01-16,1.6,-1.0,3.3,1830,0.6,0.55,1.8
2012-01-17,2.7,-1.7,4.0,1859,0.5,0.53,1.9
2012-01-18,0.7,-2.9,3.9,4341,4.9,0.48,2.8
2012-01-19,4.2,2.3,5.2,1921,7.9,0.69,4.4
2012-01-20,2.0,0.6,2.9,2003,1.2,0.61,4.0
2012-01-21,2.5,0.5,4.8,1987,6.5,0.61,4.4
2012-01-22,4.0,1.4,6.0,2072,2.4,0.65,5.5
2012-01-23,1.1,-0.3,2.6,2058,1.8,0.57,2.9
2012-01-24,-0.4,-2.9,1.4,3175,0.0,0.48,1.9
2012-01-25,-3.7,-6.3,-0.9,2757,0.0,0.37,1.7
2012-01-26,-2.8,-6.4,0.4,6177,0.0,0.37,3.1
2012-01-27,-2.5,-3.5,-1.1,2212,0.3,0.46,2.3
2012-01-28,-4.4,-5.6,-3.1,2253,4.1,0.39,1.8
2012-01-29,-5.4,-6.6,-3.6,2405,0.0,0.36,2.7
2012-01-30,-6.4,-9.1,-2.9,6601,0.0,0.3,2.9
2012-01-31,-8.3,-10.9,-5.9,6699,0.0,0.26,3.5
2012-02-01,-9.7,-12.6,-5.1,7083,0.0,0.23,3.6
2012-02-02,-11.3,-18.3,-6.6,6441,0.1,0.15,2.9
2012-02-03,-10.0,-16.8,-4.6,6597,0.0,0.17,2.0
2012-02-04,-13.8,-18.8,-6.1,6403,0.0,0.15,1.5
2012-02-05,-15.3,-20.8,-10.1,3697,0.0,0.12,1.9
2012-02-06,-16.3,-20.9,-10.9,7690,0.0,0.12,1.7
2012-02-07,-10.7,-20.1,-5.3,3889,0.0,0.14,2.7
2012-02-08,-7.2,-12.1,-1.8,3709,0.6,0.24,2.7
2012-02-09,-4.5,-11.1,-1.7,3838,0.8,0.26,2.7
2012-02-10,-9.4,-16.3,-5.3,7019,0.0,0.17,2.2
2012-02-11,-9.4,-18.0,-4.5,8414,0.0,0.16,2.0
2012-02-12,-8.2,-17.7,-2.4,3003,0.1,0.17,1.9
2012-02-13,-2.1,-6.9,0.0,3061,0.0,0.36,1.8
2012-02-14,-1.0,-5.7,1.6,3120,2.8,0.4,2.6
2012-02-15,2.2,0.4,4.2,7440,0.0,0.61,5.5
2012-02-16,0.9,-2.3,4.4,8306,6.5,0.51,2.7
2012-02-17,4.3,2.5,6.6,4412,0.1,0.71,3.4
2012-02-18,4.3,1.4,7.7,3436,2.1,0.66,3.1
2012-02-19,2.8,0.4,5.6,3856,0.7,0.61,3.6
2012-02-20,1.0,-0.6,4.8,9312,0.6,0.57,2.6
2012-02-21,1.8,0.4,4.8,3560,3.4,0.61,3.1
2012-02-22,5.5,3.9,7.9,3627,2.9,0.78,3.2
2012-02-23,7.6,4.6,11.1,6521,0.8,0.84,4.1
2012-02-24,9.7,5.7,11.8,3988,2.2,0.9,4.2
2012-02-25,5.5,3.3,8.0,7180,0.9,0.75,3.8
2012-02-26,3.7,-2.9,7.1,9906,0.0,0.5,2.6
2012-02-27,0.3,-3.8,5.2,6228,2.9,0.46,2.2
2012-02-28,7.9,5.7,10.2,4041,0.3,0.89,3.4
2012-02-29,9.5,8.6,11.7,4113,0.3,1.08,2.3
2012-03-01,9.0,8.1,9.5,4185,0.0,1.04,2.1
2012-03-02,5.1,-1.6,7.9,4258,0.0,0.55,1.7
2012-03-03,2.7,-3.5,9.3,12224,0.0,0.49,2.3
2012-03-04,3.5,0.7,6.8,4406,0.0,0.63,2.1
2012-03-05,3.2,0.3,8.8,11700,0.0,0.62,3.1
2012-03-06,1.0,-2.6,5.5,12867,0.0,0.5,2.0
2012-03-07,2.0,-3.6,5.9,10200,1.8,0.47,2.7
2012-03-08,4.6,0.5,9.5,7909,0.2,0.63,3.1
2012-03-09,4.8,-0.8,9.7,7843,0.1,0.59,2.3
2012-03-10,8.5,5.5,11.9,5303,0.0,0.88,3.0
2012-03-11,7.8,7.1,9.5,5028,0.0,0.97,3.2
2012-03-12,8.4,7.1,11.7,5377,0.0,0.98,3.3
2012-03-13,8.0,6.6,9.4,5095,0.0,0.94,2.7
2012-03-14,7.6,3.4,9.0,5174,0.0,0.76,2.2
2012-03-15,6.2,-0.2,10.8,7933,0.0,0.62,1.5
2012-03-16,7.8,-2.1,19.6,15311,0.0,0.62,2.0
2012-03-17,7.6,0.5,15.0,14537,0.0,0.67,2.2
2012-03-18,9.1,5.6,15.2,8148,2.4,0.91,2.8
2012-03-19,6.9,3.8,11.1,13705,0.0,0.79,2.9
2012-03-20,7.8,0.8,13.0,7098,0.0,0.66,2.5
2012-03-21,11.8,9.9,15.4,6995,0.0,1.19,2.0
2012-03-22,9.8,2.9,17.1,17187,0.0,0.78,1.8
2012-03-23,9.7,1.4,18.0,17159,0.0,0.74,1.4
2012-03-24,9.5,0.4,19.2,17626,0.0,0.7,1.6
2012-03-25,6.8,-0.7,15.0,14984,0.0,0.63,2.1
2012-03-26,6.8,-2.0,16.1,14626,0.0,0.59,1.8
2012-03-27,9.9,4.2,17.6,15889,0.0,0.85,2.4
2012-03-28,12.2,6.1,19.8,16962,0.0,0.98,3.0
2012-03-29,8.1,6.5,9.1,6476,0.1,0.93,4.6
2012-03-30,8.3,6.7,11.5,8845,1.3,0.95,4.7
2012-03-31,5.5,0.9,7.5,9674,1.1,0.64,4.8
2012-04-01,4.5,-0.9,9.5,13780,1.6,0.58,3.3
2012-04-02,5.3,2.5,7.8,10087,0.1,0.71,2.7
2012-04-03,4.8,2.6,7.2,6771,4.1,0.71,2.1
2012-04-04,4.0,3.1,4.7,6849,2.5,0.74,2.9
2012-04-05,4.2,-0.7,9.3,10495,0.0,0.59,2.5
2012-04-06,3.6,-3.8,10.6,14617,2.4,0.49,2.1
2012-04-07,2.8,0.4,6.2,9053,1.1,0.62,3.2
2012-04-08,2.3,-1.8,7.8,18599,0.0,0.53,2.2
2012-04-09,5.4,-1.0,10.3,10225,0.1,0.58,3.3
2012-04-10,10.8,7.2,14.7,7316,0.3,0.99,3.3
2012-04-11,8.5,3.6,11.9,7392,1.7,0.79,2.3
2012-04-12,8.0,3.1,12.7,10164,2.5,0.77,1.7
2012-04-13,6.9,0.4,11.8,11833,7.0,0.64,1.7
2012-04-14,6.8,-1.7,13.5,18508,0.0,0.57,1.9
2012-04-15,8.5,2.0,15.0,18634,0.0,0.74,3.1
2012-04-16,6.2,2.2,10.7,19102,0.0,0.71,3.4
2012-04-17,4.8,-0.8,10.6,17500,0.0,0.58,2.5
2012-04-18,7.8,1.6,14.1,14380,0.0,0.71,2.7
2012-04-19,10.7,3.6,17.0,17960,0.0,0.82,2.4
2012-04-20,11.1,2.6,17.3,15742,0.3,0.77,2.1
2012-04-21,10.2,4.3,16.6,19001,0.3,0.86,2.6
2012-04-22,8.2,3.6,14.1,12186,0.5,0.8,2.7
2012-04-23,8.4,2.5,15.2,15570,0.1,0.75,2.5
2012-04-24,10.7,4.2,16.6,11643,0.3,0.85,2.6
2012-04-25,10.6,2.9,16.1,13859,0.0,0.79,3.1
2012-04-26,12.9,6.8,18.5,9180,0.0,1.01,3.2
2012-04-27,15.4,10.6,20.5,16897,0.0,1.27,2.2
2012-04-28,19.3,11.6,30.1,19746,0.0,1.49,2.6
2012-04-29,17.7,11.0,24.8,14313,0.0,1.36,3.0
2012-04-30,15.9,9.7,23.1,21269,0.0,1.25,2.5
2012-05-01,16.9,8.6,26.1,25360,0.0,1.21,2.5
2012-05-02,17.0,9.6,25.7,24740,0.0,1.28,2.7
2012-05-03,15.1,8.7,18.7,9637,0.0,1.13,2.0
2012-05-04,15.2,9.8,20.4,15309,0.4,1.23,2.1
2012-05-05,9.2,6.9,11.1,9025,7.8,0.96,2.3
2012-05-06,8.4,5.4,11.7,12883,0.9,0.87,1.9
2012-05-07,9.1,6.4,13.1,11719,0.0,0.94,1.5
2012-05-08,13.0,6.9,19.9,16706,0.0,1.03,2.2
2012-05-09,15.5,7.7,22.0,13445,0.0,1.11,2.4
2012-05-10,19.1,10.2,24.1,14372,5.8,1.3,2.6
2012-05-11,19.3,11.7,25.0,15178,1.1,1.41,3.2
2012-05-12,10.0,4.7,13.5,18716,0.0,0.85,3.6
2012-05-13,8.6,3.8,14.0,13435,0.0,0.8,2.1
2012-05-14,10.3,1.0,17.7,26323,0.0,0.71,2.2
2012-05-15,10.9,4.0,18.8,18787,3.4,0.87,2.6
2012-05-16,8.8,3.9,13.8,16723,0.1,0.81,3.7
2012-05-17,7.7,2.7,13.6,20034,0.0,0.75,2.5
2012-05-18,11.2,2.8,18.1,23603,0.0,0.79,2.7
2012-05-19,15.7,9.6,23.9,16510,0.3,1.25,1.9
2012-05-20,20.0,11.6,26.8,28627,0.0,1.44,2.1
2012-05-21,21.9,14.7,27.8,18624,0.0,1.73,2.8
2012-05-22,23.7,15.8,31.0,23965,0.9,1.89,2.4
2012-05-23,21.0,14.7,29.0,28181,0.0,1.73,2.5
2012-05-24,17.8,11.6,24.3,29626,0.0,1.41,2.9
2012-05-25,16.6,9.4,23.5,29681,0.0,1.22,2.7
2012-05-26,17.4,8.9,24.1,27330,0.0,1.2,2.3
2012-05-27,17.7,11.6,23.8,22314,0.0,1.4,1.6
2012-05-28,18.5,10.0,26.2,27044,0.0,1.32,1.8
2012-05-29,15.9,9.8,21.0,22776,0.0,1.22,2.8
2012-05-30,12.5,6.4,16.6,12661,0.0,0.97,2.2
2012-05-31,13.8,10.5,18.9,14215,18.5,1.26,2.1
2012-06-01,12.1,8.2,15.6,14625,0.0,1.07,3.7
2012-06-02,10.6,6.0,15.4,20755,0.0,0.94,2.6
2012-06-03,9.6,4.5,13.7,15950,3.6,0.84,2.2
2012-06-04,11.9,9.1,17.1,15721,4.7,1.15,2.5
2012-06-05,10.8,5.1,15.7,17782,0.0,0.89,2.6
2012-06-06,10.5,3.6,15.3,14620,0.8,0.81,2.2
2012-06-07,15.4,10.8,21.3,14384,1.4,1.3,2.0
2012-06-08,18.5,10.6,24.1,22688,0.1,1.33,2.9
2012-06-09,15.6,9.9,21.6,25894,0.0,1.23,3.2
2012-06-10,15.5,8.9,20.9,25146,0.0,1.16,2.0
2012-06-11,16.2,6.9,21.4,19805,0.9,1.05,1.6
2012-06-12,16.1,13.3,21.9,15990,4.3,1.52,2.0
2012-06-13,15.4,10.8,19.7,21487,0.0,1.29,2.6
2012-06-14,13.2,7.8,18.5,14861,0.0,1.07,1.6
2012-06-15,16.0,7.3,22.2,18952,0.6,1.07,2.1
2012-06-16,17.1,13.5,21.2,10789,1.6,1.52,2.4
2012-06-17,17.1,11.2,23.4,22535,0.0,1.37,2.6
2012-06-18,20.3,10.7,31.6,26238,2.8,1.45,2.8
2012-06-19,17.1,8.0,24.2,23303,1.9,1.15,1.8
2012-06-20,15.2,14.2,16.1,10413,11.9,1.57,2.1
2012-06-21,15.4,14.3,18.1,10667,0.1,1.58,2.1
2012-06-22,18.1,10.9,23.9,21252,0.0,1.35,2.9
2012-06-23,16.5,9.9,22.2,21628,0.1,1.25,2.4
2012-06-24,15.7,10.6,23.0,12055,5.4,1.31,3.0
2012-06-25,14.1,12.1,18.2,14725,4.1,1.38,4.0
2012-06-26,13.8,9.0,16.3,11910,0.0,1.13,3.2
2012-06-27,13.0,7.5,17.8,14066,4.4,1.05,2.0
2012-06-28,18.5,14.9,23.7,16218,0.0,1.69,1.7
2012-06-29,22.3,16.9,30.9,18367,1.1,1.98,2.1
2012-06-30,22.2,17.5,27.6,19621,22.9,1.99,1.9
2012-07-01,20.2,15.3,24.2,15403,0.7,1.74,2.5
2012-07-02,16.3,9.5,22.1,19706,1.5,1.21,1.8
2012-07-03,19.1,15.6,23.0,12566,0.0,1.74,1.4
2012-07-04,19.8,15.0,25.6,23213,0.0,1.72,1.7
2012-07-05,20.8,15.2,26.4,16203,2.6,1.73,2.0
2012-07-06,21.9,18.5,28.6,18332,2.3,2.12,2.0
2012-07-07,20.1,14.5,24.4,13739,1.3,1.65,1.5
2012-07-08,20.1,13.5,26.7,21818,2.8,1.59,2.6
2012-07-09,18.8,13.8,24.1,18238,0.0,1.58,3.2
2012-07-10,18.9,13.8,24.4,18456,0.3,1.58,2.2
2012-07-11,16.9,12.5,22.5,14376,1.4,1.46,2.8
2012-07-12,14.2,10.2,18.5,18633,2.2,1.23,3.4
2012-07-13,13.9,8.9,16.7,10395,5.2,1.13,2.4
2012-07-14,15.2,13.5,18.8,13259,7.7,1.51,3.4
2012-07-15,15.6,12.3,20.9,16870,1.6,1.42,2.8
2012-07-16,15.1,12.3,19.7,15821,5.3,1.42,3.3
2012-07-17,16.4,12.7,22.0,18162,1.9,1.46,3.5
2012-07-18,16.4,13.4,21.2,10965,5.3,1.52,2.9
2012-07-19,15.1,13.1,20.0,14807,12.5,1.48,3.8
2012-07-20,15.1,10.4,20.3,17511,0.0,1.26,2.6
2012-07-21,14.8,9.4,19.8,17707,0.0,1.19,2.3
2012-07-22,15.4,9.1,21.2,20895,0.0,1.18,1.8
2012-07-23,17.5,8.7,25.3,23697,0.0,1.2,2.3
2012-07-24,20.9,12.3,27.8,27980,0.0,1.5,1.9
2012-07-25,24.4,16.1,32.2,27158,0.0,1.93,1.5
2012-07-26,24.2,16.1,30.6,25468,0.0,1.9,1.7
2012-07-27,23.4,13.9,30.9,26874,4.4,1.7,1.8
2012-07-28,22.1,18.5,27.8,16545,25.0,2.11,2.3
2012-07-29,17.7,13.9,20.6,11922,4.5,1.57,2.3
2012-07-30,15.9,9.6,22.2,21208,0.0,1.22,2.4
2012-07-31,15.8,8.6,20.5,16590,0.0,1.15,1.9
2012-08-01,19.5,13.3,26.3,21905,0.0,1.56,1.8
2012-08-02,21.6,16.3,27.0,16691,0.4,1.87,2.3
2012-08-03,20.0,16.8,24.9,15642,0.0,1.9,1.6
2012-08-04,20.2,14.2,26.9,23589,0.0,1.65,1.5
2012-08-05,18.1,14.2,21.4,11857,13.0,1.58,1.5
2012-08-06,19.2,14.5,24.1,14449,0.1,1.65,2.7
2012-08-07,17.0,14.2,21.1,14736,0.1,1.59,3.3
2012-08-08,16.3,13.7,22.1,15499,0.5,1.54,2.2
2012-08-09,15.9,12.1,20.1,11702,0.0,1.39,1.9
2012-08-10,15.1,11.0,19.2,10554,1.2,1.29,2.1
2012-08-11,16.4,11.1,21.8,19419,0.0,1.34,1.9
2012-08-12,15.7,10.1,21.6,22526,0.0,1.26,2.3
2012-08-13,16.3,9.7,22.5,24189,0.0,1.24,2.1
2012-08-14,17.3,10.8,24.3,23479,0.0,1.34,1.9
2012-08-15,16.9,8.9,23.4,22654,0.0,1.19,2.1
2012-08-16,16.5,12.4,21.7,12346,1.9,1.43,1.8
2012-08-17,18.0,10.1,25.7,22178,0.0,1.32,1.4
2012-08-18,21.1,12.9,28.8,22869,0.0,1.58,1.8
2012-08-19,24.8,14.2,35.3,23782,0.0,1.83,1.8
2012-08-20,25.2,18.0,32.4,15002,2.1,2.15,2.1
2012-08-21,21.2,17.4,25.6,16393,5.3,1.95,1.5
2012-08-22,19.8,13.7,24.7,15827,0.0,1.59,2.8
2012-08-23,17.5,11.4,23.7,18109,0.0,1.37,2.0
2012-08-24,15.2,10.2,19.0,7908,0.3,1.24,1.8
2012-08-25,18.1,13.0,25.9,12456,0.6,1.55,2.7
2012-08-26,16.9,11.6,22.7,13817,1.0,1.38,3.7
2012-08-27,15.6,9.2,21.5,20410,0.0,1.19,2.2
2012-08-28,16.7,8.8,23.6,12050,0.1,1.19,2.1
2012-08-29,18.3,9.9,26.9,19244,0.0,1.31,1.7
2012-08-30,18.5,15.0,23.5,7563,1.1,1.68,1.7
2012-08-31,16.8,11.9,20.0,8032,1.8,1.38,2.2
2012-09-01,13.9,7.9,18.7,13604,0.0,1.08,2.0
2012-09-02,14.2,5.9,22.1,18462,0.0,0.99,1.7
2012-09-03,15.8,8.6,21.8,13267,0.0,1.16,1.6
2012-09-04,16.7,8.7,24.4,19028,0.0,1.19,1.8
2012-09-05,16.5,10.9,21.3,11230,0.0,1.3,2.1
2012-09-06,14.6,11.4,19.0,15662,0.0,1.33,2.4
2012-09-07,15.8,12.1,18.8,6613,2.4,1.38,2.5
2012-09-08,16.7,11.1,21.6,9764,0.7,1.33,1.8
2012-09-09,17.0,8.9,23.7,15667,0.0,1.2,1.8
2012-09-10,20.7,13.3,30.3,17787,0.0,1.64,1.9
2012-09-11,18.2,12.0,26.1,12015,6.2,1.46,2.4
2012-09-12,12.6,7.2,18.0,10172,0.6,1.03,2.3
2012-09-13,11.8,4.1,17.5,13184,0.0,0.85,1.6
2012-09-14,13.8,8.0,19.1,9257,0.6,1.08,3.4
2012-09-15,14.7,12.3,18.4,8063,0.0,1.4,2.6
2012-09-16,16.2,10.6,22.4,15940,0.0,1.3,2.0
2012-09-17,14.9,9.3,22.1,12072,0.0,1.21,1.9
2012-09-18,15.8,9.3,22.1,10199,0.3,1.21,2.4
2012-09-19,11.0,4.1,16.4,13642,0.2,0.85,2.7
2012-09-20,9.7,4.2,17.0,13498,0.0,0.86,2.1
2012-09-21,11.7,4.5,18.0,11273,0.0,0.87,2.1
2012-09-22,10.4,5.9,14.1,8614,0.0,0.91,2.7
2012-09-23,10.1,3.6,16.2,11204,1.6,0.82,2.0
2012-09-24,11.5,9.1,14.3,5269,6.7,1.13,3.4
2012-09-25,14.5,8.3,21.1,9667,1.0,1.13,2.8
2012-09-26,15.7,11.2,21.0,7648,7.9,1.34,2.1
2012-09-27,13.8,11.9,17.1,6830,1.9,1.35,3.1
2012-09-28,13.3,10.1,18.0,8691,0.0,1.22,2.6
2012-09-29,12.0,8.0,19.3,9989,0.9,1.09,2.4
2012-09-30,10.5,5.8,16.9,13527,0.0,0.94,2.2
2012-10-01,10.0,3.7,18.6,13022,0.0,0.84,1.8
2012-10-02,11.5,3.5,19.8,10213,0.0,0.85,2.2
2012-10-03,14.9,10.0,20.2,9321,0.5,1.24,2.9
2012-10-04,11.8,8.5,14.7,4503,19.7,1.09,3.3
2012-10-05,11.2,7.7,16.7,4678,7.0,1.05,3.6
2012-10-06,10.0,6.1,13.7,5259,12.4,0.93,3.0
2012-10-07,9.0,4.9,13.3,7778,0.3,0.86,2.9
2012-10-08,9.0,3.1,13.9,8554,0.0,0.78,2.1
2012-10-09,7.7,2.1,13.3,10108,0.0,0.73,2.6
2012-10-10,7.1,3.3,10.9,4382,2.6,0.76,1.9
2012-10-11,7.5,5.0,12.1,5554,0.0,0.86,1.7
2012-10-12,7.9,3.5,12.1,8163,4.6,0.78,2.8
2012-10-13,9.8,6.1,14.1,9571,1.1,0.93,2.7
2012-10-14,8.6,6.8,12.9,4693,2.9,0.97,2.5
2012-10-15,8.1,5.0,10.0,3722,0.1,0.85,2.7
2012-10-16,8.0,3.2,13.7,9103,0.6,0.77,2.9
2012-10-17,9.9,4.0,15.2,8537,0.0,0.83,2.7
2012-10-18,13.4,8.1,18.9,10429,0.0,1.09,2.4
2012-10-19,13.0,6.6,20.8,9715,0.0,1.01,1.9
2012-10-20,14.0,7.7,22.8,9297,0.0,1.11,1.5
2012-10-21,15.0,10.4,20.1,8886,0.0,1.26,1.7
2012-10-22,13.2,12.6,13.8,3271,0.0,1.41,1.9
2012-10-23,11.9,11.5,12.4,3210,0.2,1.3,1.8
2012-10-24,11.9,10.9,14.3,3283,0.3,1.26,1.2
2012-10-25,9.0,6.6,12.5,3686,1.0,0.95,2.4
2012-10-26,3.4,0.5,7.4,6560,0.0,0.62,2.3
2012-10-27,2.1,-2.5,5.9,3491,0.0,0.5,2.8
2012-10-28,0.4,-3.7,8.0,7891,0.0,0.48,2.0
2012-10-29,1.7,-4.6,7.1,8215,5.0,0.45,2.8
2012-10-30,3.8,0.4,7.3,3120,2.4,0.62,2.4
2012-10-31,3.6,-0.7,8.3,3861,0.0,0.58,2.5
2012-11-01,5.7,3.3,7.9,2764,1.3,0.75,3.1
2012-11-02,7.2,4.0,10.8,4329,2.3,0.8,3.8
2012-11-03,6.8,4.7,8.6,3311,1.7,0.83,3.0
2012-11-04,6.5,3.0,9.1,3078,3.0,0.74,2.5
2012-11-05,7.3,5.4,10.1,2850,0.5,0.87,3.1
2012-11-06,5.8,3.4,8.6,5478,2.9,0.76,3.3
2012-11-07,9.2,6.0,10.8,2523,0.5,0.9,4.3
2012-11-08,9.3,8.6,10.1,2366,0.3,1.07,3.4
2012-11-09,9.0,7.4,10.4,2322,0.0,1.0,2.2
2012-11-10,7.4,3.9,10.0,3093,2.1,0.78,2.3
2012-11-11,8.5,5.5,12.4,3524,0.0,0.89,2.1
2012-11-12,6.0,2.8,8.1,2196,0.0,0.73,2.0
2012-11-13,3.7,-0.8,10.5,6135,0.0,0.59,1.8
2012-11-14,1.7,-1.6,7.8,5997,0.0,0.54,1.7
2012-11-15,-1.8,-3.8,-0.5,2081,0.0,0.45,1.4
2012-11-16,0.1,-1.9,1.3,2044,0.0,0.51,1.8
2012-11-17,1.7,0.7,3.1,2459,0.0,0.62,2.2
2012-11-18,4.1,1.2,6.3,1975,1.2,0.65,1.6
2012-11-19,4.5,-0.7,8.5,3994,0.0,0.58,1.7
2012-11-20,5.4,4.0,6.8,1910,0.0,0.78,2.0
2012-11-21,5.9,3.6,7.4,1879,0.0,0.76,2.6
2012-11-22,5.6,0.6,10.3,4073,0.0,0.64,2.4
2012-11-23,2.9,-1.4,5.7,3881,3.0,0.54,2.4
2012-11-24,4.9,3.8,5.9,1793,1.6,0.77,1.6
2012-11-25,7.5,5.3,11.3,1859,0.3,0.87,3.9
2012-11-26,6.3,2.7,8.0,3378,1.7,0.73,2.4
2012-11-27,6.6,3.8,8.4,1717,0.3,0.78,1.6
2012-11-28,5.3,4.1,6.6,1694,0.5,0.79,1.9
2012-11-29,4.0,2.9,5.2,1672,1.9,0.72,3.5
2012-11-30,1.7,-3.1,3.8,2090,1.9,0.48,2.0
2012-12-01,0.3,-2.9,2.2,1631,0.5,0.48,2.1
2012-12-02,0.2,0.0,1.2,1612,0.1,0.59,2.5
2012-12-03,-0.1,-2.6,1.6,3653,1.3,0.49,3.0
2012-12-04,2.5,0.2,4.6,1620,2.4,0.6,3.6
2012-12-05,-2.5,-6.8,1.0,3931,1.2,0.36,2.7
2012-12-06,-3.8,-9.3,-1.0,2178,0.1,0.3,3.1
2012-12-07,-7.2,-10.2,-2.3,4251,0.0,0.28,2.4
2012-12-08,-7.6,-13.5,-3.5,1604,1.5,0.22,1.6
2012-12-09,-1.4,-4.8,1.7,1510,12.3,0.42,3.7
2012-12-10,-0.7,-4.0,1.3,1500,0.9,0.44,3.9
2012-12-11,-1.8,-3.7,-0.4,1490,0.0,0.45,3.0
2012-12-12,-5.7,-11.2,-3.1,1482,0.2,0.26,1.8
2012-12-13,-3.7,-5.1,-2.0,1475,0.1,0.4,2.0
2012-12-14,-2.8,-5.6,0.3,1469,6.6,0.39,3.1
2012-12-15,1.8,0.3,3.4,1464,0.5,0.6,2.9
2012-12-16,2.4,1.7,3.8,1460,1.2,0.66,2.5
2012-12-17,1.8,1.2,2.8,1457,0.3,0.64,2.0
2012-12-18,1.9,1.2,2.8,1455,4.0,0.64,1.7
2012-12-19,1.3,0.9,2.2,1454,0.1,0.63,1.4
2012-12-20,0.8,0.0,1.5,1454,0.0,0.59,3.0
2012-12-21,-2.7,-4.7,0.2,1455,0.0,0.42,2.8
2012-12-22,-3.1,-3.6,-2.3,1457,2.1,0.45,2.6
2012-12-23,-1.0,-2.7,0.8,1461,7.5,0.48,4.0
2012-12-24,4.1,0.6,7.5,1465,0.3,0.63,2.9
2012-12-25,8.1,6.1,11.1,1470,0.5,0.92,3.6
2012-12-26,6.6,3.1,8.6,2374,2.9,0.74,4.3
2012-12-27,5.6,0.6,8.5,2548,0.2,0.63,4.3
2012-12-28,-1.0,-4.5,1.6,3835,0.0,0.43,2.8
2012-12-29,5.4,1.5,8.4,1544,0.0,0.67,3.3
2012-12-30,6.3,4.3,9.4,2467,1.2,0.8,4.3
2012-12-31,7.2,5.5,9.6,1733,0.0,0.87,4.3
2013-01-01,6.4,3.6,7.4,1525,4.0,0.76,3.4
2013-01-02,4.8,2.9,6.1,1915,2.4,0.73,3.1
2013-01-03,7.5,4.3,10.2,1551,0.9,0.81,4.1
2013-01-04,7.9,5.1,9.5,1566,12.5,0.85,4.0
2013-01-05,7.2,5.6,8.2,1582,0.7,0.88,3.1
2013-01-06,6.6,5.4,7.6,1599,2.9,0.86,3.1
2013-01-07,5.3,4.4,6.8,1618,7.0,0.8,1.8
2013-01-08,6.4,4.7,7.0,1637,1.8,0.83,2.2
2013-01-09,6.6,5.0,6.8,1657,5.9,0.84,2.4
2013-01-10,2.5,-1.5,5.1,1679,3.9,0.53,3.2
2013-01-11,-1.0,-3.4,0.8,2374,0.0,0.46,2.3
2013-01-12,-1.8,-4.2,-0.1,2132,0.5,0.43,1.7
2013-01-13,-2.5,-4.7,-1.3,2160,0.3,0.41,2.0
2013-01-14,-5.2,-7.6,-4.2,1775,0.2,0.33,1.7
2013-01-15,-4.9,-9.1,-3.7,2035,0.0,0.3,1.7
2013-01-16,-3.6,-5.1,-1.5,1830,0.1,0.4,1.8
2013-01-17,-0.3,-1.6,0.3,1907,0.0,0.52,2.3
2013-01-18,-2.0,-3.6,-0.5,1890,0.0,0.45,2.5
2013-01-19,-6.2,-10.1,-3.5,1921,0.0,0.28,3.2
2013-01-20,-5.2,-10.1,-2.9,2985,0.0,0.28,3.0
2013-01-21,-4.2,-7.5,-2.6,1987,1.2,0.34,2.8
2013-01-22,-6.6,-8.1,-5.8,2022,0.1,0.32,2.1
2013-01-23,-5.4,-6.1,-4.9,2058,0.0,0.37,1.4
2013-01-24,-5.0,-11.1,-1.7,2094,0.0,0.26,1.7
2013-01-25,-8.2,-13.7,-1.8,4215,0.0,0.22,1.7
2013-01-26,-8.3,-12.1,-4.2,3436,0.4,0.24,2.8
2013-01-27,-0.6,-4.3,2.2,2212,3.5,0.43,3.2
2013-01-28,1.6,-2.7,4.2,3657,1.4,0.49,2.9
2013-01-29,3.8,1.4,6.2,2350,9.9,0.66,4.4
2013-01-30,8.2,4.4,11.4,2616,7.2,0.82,5.4
2013-01-31,6.3,4.4,8.1,3168,0.8,0.8,6.2
2013-02-01,5.3,2.4,6.9,2543,8.7,0.71,3.5
2013-02-02,1.1,-2.8,3.4,2477,0.4,0.49,3.2
2013-02-03,0.1,-3.5,3.4,2757,4.7,0.46,3.8
2013-02-04,3.6,0.5,7.4,3045,3.3,0.62,4.6
2013-02-05,2.3,-1.0,5.2,2862,2.2,0.55,4.2
2013-02-06,0.1,-2.8,2.4,4608,0.4,0.48,2.5
2013-02-07,0.4,-0.6,1.9,3094,0.9,0.56,2.3
2013-02-08,-0.5,-2.0,1.0,2842,3.2,0.51,2.0
2013-02-09,-1.2,-6.1,1.5,4466,0.3,0.38,1.6
2013-02-10,-4.3,-6.2,-3.1,2889,0.0,0.37,2.1
2013-02-11,-2.5,-6.5,0.5,4876,0.0,0.37,3.4
2013-02-12,-1.0,-4.0,2.2,6195,0.0,0.44,2.5
2013-02-13,-1.7,-4.4,0.3,3061,0.0,0.43,1.5
2013-02-14,-0.9,-1.7,0.3,4055,0.0,0.52,2.2
2013-02-15,-0.1,-1.4,1.1,3180,0.0,0.53,1.7
2013-02-16,0.7,-0.5,2.2,3241,0.0,0.57,1.2
2013-02-17,0.5,-0.1,1.3,3303,0.0,0.58,1.3
2013-02-18,0.4,-0.3,2.2,3366,6.1,0.57,1.5
2013-02-19,0.4,-0.4,1.5,3430,0.5,0.57,2.8
2013-02-20,-1.0,-2.6,0.8,4213,0.3,0.48,2.9
2013-02-21,-1.8,-4.6,0.2,4142,0.1,0.42,3.0
2013-02-22,-3.4,-5.5,-0.4,4436,0.0,0.39,3.3
2013-02-23,-2.3,-5.7,0.3,3694,2.2,0.39,3.3
2013-02-24,0.4,-0.9,1.3,3762,2.6,0.55,2.5
2013-02-25,1.3,0.8,2.3,3831,0.5,0.62,2.4
2013-02-26,0.9,0.6,1.5,3900,0.0,0.61,2.3
2013-02-27,1.4,-1.3,3.4,3970,0.0,0.54,2.0
2013-02-28,1.0,-2.7,6.0,9868,0.0,0.5,1.8
2013-03-01,2.9,0.9,5.9,7695,0.0,0.63,2.4
2013-03-02,1.4,-3.0,7.1,9738,0.1,0.49,2.3
2013-03-03,2.6,-2.7,6.6,5559,0.0,0.5,2.3
2013-03-04,1.4,-4.2,9.2,12389,0.0,0.47,2.0
2013-03-05,3.4,-1.7,11.2,12963,0.0,0.56,2.0
2013-03-06,3.0,-3.4,10.8,12540,0.0,0.5,1.7
2013-03-07,4.6,1.1,8.4,5913,0.3,0.65,2.7
2013-03-08,0.9,-0.1,3.8,4631,0.0,0.58,3.3
2013-03-09,0.2,-0.9,2.3,4707,10.7,0.55,3.2
2013-03-10,-3.1,-5.5,-1.0,4784,2.9,0.39,3.4
2013-03-11,-4.0,-5.8,-1.6,6273,0.4,0.39,3.0
2013-03-12,-3.9,-9.1,-0.7,7612,0.0,0.31,2.5
2013-03-13,-7.5,-15.9,-0.2,14640,0.0,0.19,1.9
2013-03-14,-5.1,-13.3,0.6,6729,0.4,0.24,1.9
2013-03-15,-5.1,-12.0,0.7,14610,0.0,0.26,1.9
2013-03-16,-3.9,-12.6,2.7,14774,0.0,0.25,3.1
2013-03-17,-0.7,-3.6,2.3,9808,0.0,0.46,3.9
2013-03-18,-1.0,-1.9,0.9,5411,7.2,0.51,3.2
2013-03-19,-1.7,-2.8,0.4,5491,3.3,0.48,3.1
2013-03-20,-0.7,-4.1,2.9,7485,2.5,0.45,2.5
2013-03-21,-1.1,-5.7,1.3,5844,0.3,0.39,2.3
2013-03-22,-2.5,-8.5,0.3,7579,0.2,0.32,3.4
2013-03-23,-6.5,-10.1,-3.2,16500,0.0,0.28,4.8
2013-03-24,-5.3,-11.6,0.2,17258,0.0,0.26,4.6
2013-03-25,-2.7,-6.3,0.6,17127,0.0,0.38,4.4
2013-03-26,-2.3,-6.5,1.8,16992,0.0,0.37,3.6
2013-03-27,-1.1,-5.4,2.5,11592,0.0,0.4,3.1
2013-03-28,-0.3,-2.1,1.7,11407,0.0,0.5,2.5
2013-03-29,0.6,-1.3,2.5,6293,0.5,0.53,2.1
2013-03-30,0.6,-0.8,2.9,6476,0.5,0.56,1.8
2013-03-31,-0.1,-2.3,2.7,8429,0.2,0.5,2.2
2013-04-01,-0.1,-4.5,4.8,17738,0.0,0.44,2.3
2013-04-02,-0.4,-6.3,4.0,10618,0.0,0.39,2.9
2013-04-03,0.2,-3.6,4.1,12845,0.0,0.46,3.3
2013-04-04,1.2,-2.5,6.2,8265,0.0,0.51,3.2
2013-04-05,1.8,0.9,3.7,6849,0.1,0.63,2.7
2013-04-06,2.3,-3.0,6.9,12224,0.0,0.49,2.0
2013-04-07,2.7,-3.8,9.9,16900,0.0,0.49,2.0
2013-04-08,3.0,-3.1,8.7,15833,0.0,0.5,2.3
2013-04-09,4.7,1.2,8.7,11561,0.0,0.65,2.9
2013-04-10,5.5,3.2,8.7,7460,0.4,0.75,3.0
2013-04-11,7.3,3.8,11.0,7316,4.5,0.79,2.7
2013-04-12,8.9,5.1,13.6,10074,2.1,0.88,3.2
2013-04-13,8.1,1.7,12.5,10276,0.1,0.7,3.3
2013-04-14,10.6,0.0,19.4,16913,0.0,0.69,2.2
2013-04-15,16.1,9.6,22.9,15899,0.1,1.24,2.3
2013-04-16,15.2,11.7,20.2,12707,0.0,1.37,2.2
2013-04-17,14.4,9.8,18.9,10857,0.0,1.21,2.0
2013-04-18,16.5,11.5,23.7,18765,0.0,1.39,3.8
2013-04-19,11.4,6.5,15.8,13341,0.0,0.97,2.9
2013-04-20,7.5,2.8,12.9,19468,0.0,0.75,3.1
2013-04-21,10.2,2.2,15.9,19237,0.0,0.74,2.2
2013-04-22,10.4,2.7,15.5,11048,0.0,0.76,1.8
2013-04-23,11.0,2.4,15.7,9838,0.0,0.75,2.9
2013-04-24,12.1,4.2,19.3,21698,0.0,0.87,2.2
2013-04-25,15.0,12.0,20.0,14009,0.1,1.38,1.6
2013-04-26,15.0,6.6,23.7,16352,5.3,1.05,2.4
2013-04-27,7.4,5.1,9.6,8465,0.0,0.85,2.8
2013-04-28,8.5,4.3,14.3,23350,0.0,0.84,1.9
2013-04-29,10.4,4.6,16.0,14831,0.0,0.87,2.6
2013-04-30,9.9,2.9,15.7,19003,0.0,0.77,2.3
2013-05-01,11.0,3.3,16.5,18856,0.0,0.81,2.3
2013-05-02,11.6,7.3,16.9,9270,0.0,1.02,2.2
2013-05-03,11.5,4.3,17.1,24497,0.0,0.86,1.9
2013-05-04,12.4,1.3,20.6,24600,0.0,0.76,2.0
2013-05-05,13.6,4.1,21.1,25066,0.0,0.9,1.8
2013-05-06,16.3,7.9,23.1,24310,0.0,1.13,2.0
2013-05-07,17.6,12.0,23.1,9941,11.6,1.42,1.9
2013-05-08,16.9,12.8,23.5,15651,0.0,1.49,2.0
2013-05-09,16.0,10.9,22.6,13135,6.1,1.34,2.0
2013-05-10,13.7,7.0,18.8,14308,0.0,1.02,2.5
2013-05-11,12.2,5.5,17.4,9921,0.0,0.93,2.1
2013-05-12,10.2,4.7,17.4,17284,4.3,0.88,2.7
2013-05-13,10.3,2.8,15.9,16978,2.0,0.78,2.9
2013-05-14,12.0,8.3,16.0,15176,0.0,1.08,2.5
2013-05-15,17.7,7.9,25.6,25450,0.0,1.15,2.5
2013-05-16,19.7,11.8,26.9,20534,0.0,1.45,2.4
2013-05-17,21.0,16.6,27.4,20973,3.3,1.91,2.4
2013-05-18,14.1,10.6,19.7,12148,6.6,1.27,2.3
2013-05-19,13.8,10.4,19.7,18338,0.0,1.26,2.2
2013-05-20,13.7,11.4,15.9,9732,0.0,1.31,2.5
2013-05-21,13.0,8.0,16.3,13670,0.6,1.07,2.4
2013-05-22,9.5,5.4,11.6,9941,6.3,0.87,3.8
2013-05-23,8.8,3.0,14.6,23587,0.0,0.77,2.2
2013-05-24,10.4,6.4,14.6,18343,0.0,0.96,1.8
2013-05-25,9.1,7.9,11.1,9929,26.5,1.03,2.4
2013-05-26,11.6,9.8,13.2,9965,3.6,1.17,3.8
2013-05-27,13.4,8.2,19.3,23914,0.0,1.1,2.5
2013-05-28,13.1,7.8,16.7,13197,0.0,1.05,1.9
2013-05-29,14.0,10.1,19.8,13992,1.1,1.24,2.3
2013-05-30,16.1,12.3,20.6,13391,3.9,1.41,2.1
2013-05-31,16.8,12.6,22.2,16849,6.0,1.45,3.6
2013-06-01,17.9,14.0,22.8,19294,2.3,1.6,3.4
2013-06-02,12.9,11.0,15.1,10177,0.0,1.27,4.1
2013-06-03,13.9,9.4,18.9,25587,0.0,1.18,3.2
2013-06-04,13.8,7.3,20.3,20657,0.0,1.06,2.3
2013-06-05,15.0,5.7,21.9,28575,0.0,0.97,1.8
2013-06-06,16.4,7.0,24.2,29878,0.0,1.09,1.8
2013-06-07,18.2,9.4,25.4,29905,0.0,1.26,1.7
2013-06-08,18.6,11.2,24.6,28656,0.0,1.37,1.9
2013-06-09,16.9,10.5,22.7,25492,0.5,1.29,2.1
2013-06-10,16.0,8.5,22.3,26659,0.0,1.16,2.1
2013-06-11,16.7,7.7,23.3,22978,0.0,1.11,1.6
2013-06-12,18.7,9.7,25.7,25417,0.0,1.28,1.9
2013-06-13,20.8,14.2,26.7,17521,6.1,1.66,2.8
2013-06-14,15.3,10.2,19.9,15362,0.0,1.25,2.7
2013-06-15,16.6,8.2,23.4,21752,1.8,1.15,2.7
2013-06-16,16.1,10.8,21.3,19590,0.0,1.3,2.5
2013-06-17,18.8,12.1,25.2,26615,0.0,1.45,1.8
2013-06-18,22.1,16.1,28.7,22662,0.0,1.87,1.8
2013-06-19,25.5,15.9,32.7,25600,4.9,1.92,2.2
2013-06-20,23.7,17.9,29.8,22537,27.1,2.09,2.3
2013-06-21,20.8,16.2,24.8,22791,0.0,1.81,3.2
2013-06-22,19.5,14.4,24.4,20619,0.0,1.64,2.8
2013-06-23,18.5,13.2,22.7,18573,0.0,1.52,3.2
2013-06-24,16.3,11.6,21.4,18439,0.8,1.37,2.5
2013-06-25,13.1,12.2,14.5,10398,16.1,1.37,3.0
2013-06-26,12.8,10.6,15.4,10900,0.0,1.24,3.2
2013-06-27,13.7,8.3,19.2,17646,1.8,1.11,2.2
2013-06-28,13.8,8.4,19.1,14957,0.6,1.11,2.2
2013-06-29,13.9,8.9,18.1,11633,2.1,1.14,3.0
2013-06-30,12.2,7.1,17.1,15311,0.1,1.01,2.4
2013-07-01,18.1,12.1,24.2,20767,10.7,1.44,2.2
2013-07-02,17.7,13.1,22.1,22400,0.0,1.5,1.7
2013-07-03,19.7,14.0,27.9,16146,3.6,1.66,2.2
2013-07-04,19.2,15.5,23.3,13837,0.4,1.73,1.7
2013-07-05,19.0,15.2,24.3,14704,0.0,1.72,1.8
2013-07-06,17.8,12.1,23.3,30165,0.0,1.43,1.9
2013-07-07,18.5,11.0,25.0,29495,0.0,1.37,2.0
2013-07-08,19.9,11.7,27.2,29204,0.0,1.44,2.2
2013-07-09,19.9,11.4,26.3,29798,0.0,1.41,1.9
2013-07-10,17.0,12.6,21.8,21402,0.0,1.45,2.7
2013-07-11,17.6,14.0,21.9,16559,0.0,1.58,2.6
2013-07-12,17.0,10.5,23.1,16018,0.0,1.31,1.9
2013-07-13,18.4,10.1,25.1,25576,0.0,1.3,2.0
2013-07-14,16.5,12.4,19.0,10142,0.0,1.42,2.3
2013-07-15,16.9,10.5,24.1,23968,0.0,1.32,2.0
2013-07-16,18.8,9.2,26.8,24673,0.0,1.27,1.6
2013-07-17,20.1,11.6,27.3,26255,0.0,1.45,1.7
2013-07-18,20.6,12.0,28.2,26701,0.0,1.49,2.2
2013-07-19,20.3,12.3,26.7,23757,0.0,1.48,2.7
2013-07-20,20.6,12.1,26.8,28835,0.0,1.48,2.0
2013-07-21,21.1,9.7,30.3,29393,0.0,1.35,1.7
2013-07-22,23.4,11.5,32.5,28949,0.0,1.53,1.4
2013-07-23,22.0,15.3,28.9,28628,0.0,1.8,1.8
2013-07-24,21.9,12.8,29.6,25441,1.2,1.57,1.8
2013-07-25,23.2,17.2,30.1,17412,0.0,1.99,1.4
2013-07-26,25.0,16.0,32.5,17477,0.1,1.95,1.4
2013-07-27,26.2,18.1,33.7,22247,1.6,2.19,1.7
2013-07-28,25.9,19.3,33.8,17970,6.3,2.32,2.4
2013-07-29,20.5,17.7,22.5,9756,3.1,1.97,2.0
2013-07-30,19.7,14.8,25.1,20422,4.3,1.68,2.9
2013-07-31,19.9,16.6,25.7,15675,0.3,1.87,2.8
2013-08-01,22.3,17.0,29.8,18430,0.0,1.99,1.7
2013-08-02,26.2,15.2,34.8,26924,0.0,1.89,1.9
2013-08-03,26.0,19.2,32.8,21088,3.4,2.3,2.4
2013-08-04,21.3,17.4,25.7,13084,3.2,1.96,1.6
2013-08-05,21.7,13.3,28.0,24197,0.0,1.59,1.9
2013-08-06,23.8,18.8,30.8,21312,9.1,2.21,2.3
2013-08-07,20.8,18.0,24.9,11185,4.9,2.03,2.1
2013-08-08,20.0,15.6,23.6,12324,0.5,1.76,2.3
2013-08-09,16.7,11.5,22.0,14538,0.0,1.36,1.6
2013-08-10,17.8,9.1,25.9,19853,0.4,1.24,2.2
2013-08-11,16.1,11.6,21.7,14617,0.0,1.37,2.4
2013-08-12,16.2,10.5,23.0,15488,2.3,1.31,2.3
2013-08-13,15.1,11.2,21.4,17064,1.7,1.34,2.8
2013-08-14,14.7,9.2,19.9,19810,1.7,1.17,2.3
2013-08-15,16.1,6.6,23.7,20177,0.0,1.05,1.7
2013-08-16,20.6,12.7,28.0,18070,0.0,1.55,1.9
2013-08-17,19.2,12.5,25.5,15742,0.0,1.48,1.8
2013-08-18,19.9,16.2,27.9,10862,0.5,1.88,2.5
2013-08-19,16.5,13.8,19.3,8110,9.9,1.55,2.0
2013-08-20,16.9,14.0,21.6,16027,0.0,1.57,2.0
2013-08-21,16.8,10.5,21.9,14195,0.0,1.29,1.5
2013-08-22,16.7,9.8,23.3,17656,0.0,1.26,1.4
2013-08-23,18.1,13.1,23.8,21999,0.0,1.51,2.0
2013-08-24,17.6,11.2,23.5,19816,0.0,1.35,2.5
2013-08-25,18.4,13.6,24.2,21387,0.0,1.56,2.6
2013-08-26,17.2,12.2,22.5,22715,0.0,1.43,2.6
2013-08-27,16.9,11.7,21.8,11798,0.0,1.38,1.9
2013-08-28,17.8,9.7,24.9,14940,0.2,1.26,1.5
2013-08-29,16.6,7.5,24.9,18049,0.0,1.13,1.3
2013-08-30,17.5,10.3,25.0,15045,0.0,1.3,1.6
2013-08-31,16.7,10.4,22.4,10861,2.3,1.29,2.5
2013-09-01,14.0,9.6,18.6,11093,0.1,1.19,2.9
2013-09-02,15.1,13.1,16.6,7080,5.6,1.46,3.8
2013-09-03,17.0,15.5,19.0,7003,1.9,1.7,2.2
2013-09-04,16.4,12.1,20.3,10150,0.0,1.4,1.3
2013-09-05,17.1,11.1,23.1,20630,0.0,1.35,2.1
2013-09-06,18.8,13.1,25.6,20362,0.0,1.53,2.4
2013-09-07,18.8,12.8,25.8,18406,0.0,1.51,1.8
2013-09-08,18.2,14.1,24.3,11332,13.3,1.6,2.3
2013-09-09,12.9,8.2,15.4,7993,14.1,1.06,2.5
2013-09-10,12.0,7.7,17.3,7180,4.1,1.04,2.6
2013-09-11,11.5,9.5,13.6,6377,1.2,1.15,2.6
2013-09-12,12.9,10.4,16.6,6399,0.0,1.23,1.9
2013-09-13,13.8,9.1,20.0,14734,0.0,1.17,1.8
2013-09-14,14.9,7.4,22.1,12983,0.3,1.09,2.2
2013-09-15,14.6,11.1,17.7,7258,0.7,1.29,2.3
2013-09-16,12.4,7.9,16.5,6873,1.3,1.06,3.2
2013-09-17,9.7,4.4,15.7,13479,1.7,0.85,3.3
2013-09-18,9.2,5.2,12.9,6016,8.0,0.88,2.7
2013-09-19,10.5,7.3,15.4,7389,0.6,1.01,2.5
2013-09-20,12.3,10.1,15.9,5759,9.3,1.2,2.4
2013-09-21,13.3,9.4,16.5,6728,0.0,1.16,1.7
2013-09-22,13.8,9.0,17.0,5788,0.0,1.14,2.2
2013-09-23,16.6,15.0,18.4,5519,1.0,1.64,2.7
2013-09-24,13.0,6.9,14.6,5347,2.7,0.98,1.7
2013-09-25,8.9,4.9,13.4,5453,8.7,0.87,1.6
2013-09-26,8.8,3.3,13.1,7657,0.0,0.78,2.2
2013-09-27,8.7,2.3,16.1,9640,0.5,0.75,1.6
2013-09-28,8.1,2.8,15.7,9611,0.0,0.77,1.9
2013-09-29,8.7,3.7,15.3,14825,0.0,0.81,3.3
2013-09-30,8.4,4.6,14.5,13687,0.0,0.85,2.9
2013-10-01,8.0,3.6,14.0,13614,0.0,0.8,2.3
2013-10-02,7.0,1.7,13.9,12935,0.0,0.71,2.9
2013-10-03,6.8,2.1,12.5,13550,0.0,0.71,3.5
2013-10-04,8.5,2.3,13.8,11185,0.0,0.74,2.9
2013-10-05,9.1,6.6,11.0,4503,9.7,0.95,1.7
2013-10-06,12.8,9.8,16.7,4927,0.0,1.18,1.4
2013-10-07,13.1,10.2,17.4,5506,0.0,1.23,1.4
2013-10-08,13.3,10.9,17.1,4527,0.2,1.27,1.3
2013-10-09,13.5,11.1,17.2,4613,8.5,1.3,2.2
2013-10-10,9.5,7.9,11.2,4139,6.0,1.03,2.2
2013-10-11,13.1,9.3,15.2,4146,9.3,1.15,2.5
2013-10-12,12.6,10.4,13.8,3997,21.3,1.22,2.3
2013-10-13,8.0,4.0,12.3,6700,0.0,0.81,2.1
2013-10-14,9.1,4.0,14.5,7514,0.0,0.83,2.0
2013-10-15,9.7,6.3,11.4,3790,11.4,0.93,2.3
2013-10-16,7.4,5.5,10.1,3722,0.4,0.88,1.9
2013-10-17,10.9,6.4,14.9,4097,5.6,0.96,4.0
2013-10-18,8.8,1.7,12.3,7737,0.0,0.7,2.3
2013-10-19,7.4,1.5,12.3,6041,0.0,0.69,2.4
2013-10-20,14.2,9.9,18.7,4668,0.0,1.22,2.3
2013-10-21,13.8,11.0,17.5,5854,0.0,1.29,2.5
2013-10-22,14.4,9.2,21.1,8331,0.0,1.19,2.5
2013-10-23,16.2,13.5,20.1,5260,0.0,1.52,3.1
2013-10-24,11.8,3.7,16.5,8021,0.0,0.83,2.2
2013-10-25,9.6,2.6,14.4,3150,2.0,0.75,2.1
2013-10-26,15.3,12.9,19.0,5339,0.4,1.46,2.7
2013-10-27,14.6,11.1,19.1,4535,4.0,1.31,4.4
2013-10-28,14.3,11.1,19.4,3556,0.7,1.3,5.3
2013-10-29,11.0,7.5,13.9,5150,0.0,1.01,3.9
2013-10-30,8.2,3.5,12.6,7397,0.0,0.79,2.7
2013-10-31,6.0,1.3,12.1,7908,0.0,0.68,2.4
2013-11-01,8.6,5.5,12.2,3370,1.0,0.88,2.6
2013-11-02,9.2,7.2,11.0,2703,4.8,0.98,2.8
2013-11-03,9.1,5.2,11.3,3490,1.7,0.87,4.2
2013-11-04,8.4,6.0,12.7,3016,3.0,0.91,4.1
2013-11-05,7.5,4.4,10.9,4013,4.2,0.82,3.3
2013-11-06,6.7,5.0,9.7,3370,7.7,0.85,3.8
2013-11-07,10.4,7.2,15.2,3426,3.1,1.0,3.6
2013-11-08,9.2,7.8,11.1,3875,0.7,1.02,2.1
2013-11-09,8.3,4.8,11.0,4145,2.2,0.84,4.0
2013-11-10,5.9,2.7,7.7,2651,0.0,0.72,2.9
2013-11-11,4.8,0.1,9.5,4178,0.0,0.61,1.9
2013-11-12,4.3,-0.2,7.5,3202,0.7,0.6,2.2
2013-11-13,6.6,1.2,10.1,4421,0.0,0.67,2.0
2013-11-14,2.8,0.1,7.2,2418,0.0,0.6,1.9
2013-11-15,3.0,0.4,4.1,2118,0.0,0.61,1.8
2013-11-16,2.1,0.1,4.0,2081,0.0,0.59,2.2
2013-11-17,5.8,4.2,7.1,2044,0.1,0.8,1.6
2013-11-18,5.5,4.9,6.3,2009,0.0,0.83,1.9
2013-11-19,5.5,4.8,6.8,1975,8.0,0.83,2.0
2013-11-20,4.4,1.3,5.4,1942,9.7,0.65,2.2
2013-11-21,1.0,-1.4,4.4,2490,4.0,0.53,2.0
2013-11-22,3.9,1.9,5.5,1879,2.1,0.67,2.6
2013-11-23,5.7,-0.1,7.1,1849,0.0,0.6,2.4
2013-11-24,2.5,-0.7,6.4,2851,0.0,0.57,2.9
2013-11-25,0.5,-2.0,4.2,5362,0.0,0.51,2.3
2013-11-26,-0.4,-3.8,3.4,5301,0.0,0.45,1.6
2013-11-27,0.3,-4.3,5.0,1741,0.5,0.45,2.2
2013-11-28,7.0,5.2,8.6,2753,0.0,0.85,2.9
2013-11-29,5.3,3.6,6.1,1694,5.7,0.76,3.3
2013-11-30,4.6,3.2,6.3,1672,0.4,0.74,2.6
2013-12-01,5.8,3.5,7.9,1651,0.1,0.76,2.6
2013-12-02,1.0,-2.3,4.9,3590,0.0,0.5,1.8
2013-12-03,0.1,-0.3,0.9,1612,0.0,0.57,1.7
2013-12-04,2.0,-1.1,5.1,1594,1.1,0.55,2.9
2013-12-05,2.7,0.2,4.5,1577,6.0,0.6,5.3
2013-12-06,0.7,0.1,1.3,1604,4.9,0.59,6.9
2013-12-07,0.6,-0.3,1.3,1884,1.4,0.57,3.8
2013-12-08,3.7,0.4,8.0,1534,5.7,0.62,3.5
2013-12-09,8.8,8.2,9.5,1521,2.9,1.05,3.4
2013-12-10,8.2,6.4,8.9,1510,0.7,0.92,1.8
2013-12-11,5.6,3.6,6.5,1500,0.0,0.77,1.9
2013-12-12,2.7,1.5,3.5,1490,0.0,0.65,2.0
2013-12-13,1.1,-0.3,4.3,3975,0.0,0.58,1.9
2013-12-14,1.0,-1.3,4.6,1475,0.1,0.54,2.5
2013-12-15,3.8,1.1,6.6,1469,2.4,0.65,3.0
2013-12-16,3.9,0.8,8.5,3855,0.0,0.64,2.8
2013-12-17,4.6,1.3,6.9,2228,0.0,0.65,1.9
2013-12-18,3.7,1.6,5.4,1780,0.0,0.66,2.2
2013-12-19,4.6,2.2,6.4,1455,0.7,0.7,3.0
2013-12-20,3.1,0.5,6.0,1454,0.0,0.62,2.5
2013-12-21,3.9,0.9,5.8,1454,0.1,0.63,3.7
2013-12-22,7.2,4.3,9.5,1657,0.7,0.81,4.2
2013-12-23,6.0,3.8,8.9,3600,0.2,0.78,3.8
2013-12-24,10.3,8.1,12.9,1461,0.1,1.05,4.8
2013-12-25,8.0,5.5,9.8,1465,2.3,0.88,2.8
2013-12-26,5.1,2.7,6.4,1470,2.9,0.72,1.8
2013-12-27,6.1,3.3,7.4,3720,0.0,0.75,3.9
2013-12-28,7.0,3.1,10.4,1484,6.2,0.75,2.9
2013-12-29,5.2,3.8,6.6,1534,0.7,0.77,3.1
2013-12-30,2.2,-0.7,5.3,4308,0.0,0.57,2.8
2013-12-31,0.8,-0.8,3.6,3918,0.0,0.56,2.5
2014-01-01,0.4,-0.9,3.0,1817,0.0,0.55,2.7
2014-01-02,3.5,0.1,6.9,1538,0.2,0.6,3.2
2014-01-03,5.1,1.0,8.4,2900,0.7,0.65,3.2
2014-01-04,5.0,3.1,7.3,2288,0.0,0.74,2.9
2014-01-05,3.6,-0.1,7.0,1582,0.2,0.6,2.6
2014-01-06,3.6,-0.8,8.4,1685,10.2,0.58,3.3
2014-01-07,8.6,5.8,11.2,3655,1.4,0.9,3.3
2014-01-08,7.3,4.0,9.5,1986,3.3,0.79,3.1
2014-01-09,7.7,3.2,11.6,1657,3.7,0.76,4.0
2014-01-10,6.1,4.0,7.5,1767,0.0,0.79,4.0
2014-01-11,5.4,2.7,8.0,2598,1.6,0.73,3.2
2014-01-12,3.8,0.1,5.9,3308,0.0,0.6,2.8
2014-01-13,1.5,-1.4,3.6,1795,0.1,0.54,2.2
2014-01-14,3.0,0.0,5.9,2882,0.0,0.59,1.5
2014-01-15,2.6,-0.1,3.9,1802,1.2,0.59,2.3
2014-01-16,2.5,1.1,3.7,1830,6.4,0.63,2.8
2014-01-17,4.8,1.4,8.8,2478,0.1,0.67,2.3
2014-01-18,4.1,2.0,6.1,3043,0.0,0.68,2.5
2014-01-19,0.9,-2.1,4.2,1921,0.0,0.51,3.3
2014-01-20,-2.3,-3.1,-1.7,1953,0.3,0.47,2.6
2014-01-21,-2.9,-4.1,-1.7,1987,3.4,0.43,1.9
2014-01-22,-4.6,-5.3,-4.0,2022,0.0,0.39,2.0
2014-01-23,-5.4,-6.5,-4.6,3939,0.0,0.36,2.7
2014-01-24,-7.3,-12.0,-5.2,2094,0.0,0.24,2.8
2014-01-25,-11.9,-14.9,-9.3,5882,0.0,0.19,2.6
2014-01-26,-11.5,-14.1,-8.9,4490,0.6,0.2,3.6
2014-01-27,-4.5,-9.0,-2.7,2212,1.9,0.3,3.1
2014-01-28,-2.5,-5.6,-0.8,3171,0.0,0.39,2.7
2014-01-29,-6.2,-7.3,-5.5,2296,0.5,0.34,3.4
2014-01-30,-5.4,-6.4,-4.2,2339,0.0,0.36,2.9
2014-01-31,-3.4,-6.2,-0.1,3281,0.0,0.38,2.1
2014-02-01,0.4,-3.8,4.3,4189,1.0,0.46,2.9
2014-02-02,1.7,0.2,3.9,2477,0.2,0.6,1.9
2014-02-03,1.0,-0.2,2.6,2524,0.0,0.58,2.3
2014-02-04,0.9,-1.2,4.3,6109,0.0,0.54,2.3
2014-02-05,0.5,-1.6,3.7,6860,0.0,0.53,2.8
2014-02-06,4.2,0.0,9.1,5333,0.5,0.61,3.3
2014-02-07,7.0,3.6,11.6,3277,2.2,0.79,4.5
2014-02-08,5.7,1.8,9.5,4329,2.1,0.69,3.7
2014-02-09,5.5,2.5,10.2,6222,0.0,0.72,4.2
2014-02-10,4.1,-0.1,8.4,7655,0.2,0.61,2.6
2014-02-11,3.8,2.0,6.5,3010,1.4,0.69,3.1
2014-02-12,4.1,1.4,8.2,6000,1.1,0.66,3.2
2014-02-13,5.1,1.7,9.8,6029,5.5,0.68,3.7
2014-02-14,4.5,2.4,8.3,5190,1.0,0.71,3.5
2014-02-15,7.7,3.5,11.7,3180,0.0,0.78,4.3
2014-02-16,7.2,2.1,10.1,5842,0.0,0.7,4.2
2014-02-17,3.6,-0.6,9.2,6560,0.0,0.59,2.0
2014-02-18,3.4,-0.6,8.9,6452,0.0,0.59,1.8
2014-02-19,4.8,0.3,7.4,3430,0.9,0.61,2.3
2014-02-20,6.5,3.1,10.9,5219,0.1,0.75,2.6
2014-02-21,6.6,2.8,11.4,4069,3.0,0.74,3.0
2014-02-22,5.1,0.7,10.2,9068,0.0,0.64,2.9
2014-02-23,5.4,0.1,10.2,10910,0.0,0.62,2.5
2014-02-24,4.8,-1.1,11.5,11288,0.0,0.59,2.6
2014-02-25,5.8,0.6,12.8,10910,0.0,0.66,2.4
2014-02-26,6.9,2.2,13.4,6980,0.7,0.73,1.7
2014-02-27,7.0,4.6,10.3,4437,0.4,0.83,2.1
2014-02-28,5.4,0.5,8.5,5458,0.0,0.63,2.0
2014-03-01,4.3,-1.6,10.3,10720,0.0,0.56,1.6
2014-03-02,3.6,0.1,9.6,5795,0.0,0.62,1.8
2014-03-03,4.5,0.4,9.3,10766,0.0,0.63,2.6
2014-03-04,5.4,1.0,10.0,5482,0.0,0.66,1.3
2014-03-05,6.1,2.1,10.7,5320,0.0,0.71,1.5
2014-03-06,4.0,-1.7,6.9,4816,0.0,0.54,1.7
2014-03-07,3.4,-0.4,9.6,7778,0.0,0.6,2.0
2014-03-08,6.3,1.0,12.7,14141,0.0,0.67,1.9
2014-03-09,7.4,0.2,17.8,13880,0.0,0.68,2.4
2014-03-10,7.6,1.2,17.0,14397,0.0,0.72,1.9
2014-03-11,8.2,2.2,14.7,13598,0.0,0.74,2.3
2014-03-12,5.7,-0.9,14.7,15095,0.0,0.62,1.7
2014-03-13,6.5,-2.4,17.0,15270,0.0,0.59,1.3
2014-03-14,3.6,-1.9,8.5,8000,0.8,0.54,1.9
2014-03-15,8.4,6.0,11.6,9296,2.8,0.91,5.2
2014-03-16,9.4,6.1,11.4,5622,0.3,0.92,5.6
2014-03-17,9.7,7.3,11.5,5425,0.3,0.99,4.0
2014-03-18,9.0,6.6,11.4,5411,3.4,0.94,3.1
2014-03-19,9.3,6.6,11.8,5491,0.0,0.94,4.5
2014-03-20,12.9,6.0,19.8,15714,0.0,0.97,3.2
2014-03-21,11.7,1.9,18.5,7677,0.2,0.76,3.7
2014-03-22,6.9,0.1,11.3,7579,0.1,0.63,2.7
2014-03-23,6.1,0.3,10.3,8753,0.0,0.63,2.2
2014-03-24,4.6,0.1,9.4,7176,0.9,0.62,1.7
2014-03-25,4.3,-0.6,10.3,10354,3.6,0.6,1.7
2014-03-26,5.6,0.9,10.6,14081,0.0,0.66,2.3
2014-03-27,6.3,1.3,12.2,18367,0.0,0.68,3.0
2014-03-28,5.9,2.3,8.4,6212,0.0,0.7,2.5
2014-03-29,7.2,0.4,15.0,12037,0.0,0.67,2.1
2014-03-30,10.5,2.7,20.0,17840,0.0,0.82,1.3
2014-03-31,9.3,2.7,15.8,8845,0.0,0.77,1.3
2014-04-01,7.2,0.8,12.7,10826,0.0,0.67,1.7
2014-04-02,10.6,4.3,18.8,17365,0.0,0.87,1.8
2014-04-03,11.1,3.4,20.6,17938,0.0,0.85,2.0
2014-04-04,7.4,5.3,9.9,6771,0.6,0.87,2.5
2014-04-05,8.7,6.3,11.8,6957,0.9,0.92,1.7
2014-04-06,12.1,8.3,18.0,11360,2.9,1.09,2.0
2014-04-07,15.2,11.4,19.8,10159,0.0,1.33,2.1
2014-04-08,11.9,6.2,17.2,10584,1.1,0.96,4.2
2014-04-09,8.7,5.5,12.8,10131,1.4,0.89,3.9
2014-04-10,8.1,6.3,11.4,9672,0.0,0.93,2.1
2014-04-11,8.7,6.9,11.3,7316,2.3,0.97,1.6
2014-04-12,9.2,4.8,15.1,11415,0.0,0.86,1.6
2014-04-13,10.7,6.1,15.1,12298,4.1,0.94,3.2
2014-04-14,7.5,4.5,11.1,12849,2.2,0.82,4.8
2014-04-15,6.9,3.4,11.6,12382,0.1,0.77,3.4
2014-04-16,7.2,-0.3,14.4,20344,0.0,0.64,1.7
2014-04-17,8.3,-0.7,14.3,21163,4.2,0.62,2.7
2014-04-18,7.2,2.9,12.2,13820,1.2,0.75,2.7
2014-04-19,10.8,2.2,20.2,16691,0.0,0.79,2.8
2014-04-20,14.3,8.5,19.7,18540,1.6,1.12,3.1
2014-04-21,13.9,11.1,18.6,16208,1.1,1.3,2.3
2014-04-22,14.2,9.0,20.4,16779,0.0,1.17,1.7
2014-04-23,13.3,6.8,19.6,13595,0.4,1.01,1.7
2014-04-24,11.5,7.5,16.0,8617,0.0,1.03,2.1
2014-04-25,15.3,7.4,22.1,23472,0.0,1.09,2.4
2014-04-26,15.5,7.9,22.8,21931,0.0,1.11,1.9
2014-04-27,15.5,10.6,20.4,22401,0.0,1.29,2.3
2014-04-28,15.4,9.6,21.1,23589,0.0,1.22,1.7
2014-04-29,15.0,6.2,22.8,23703,0.0,1.02,1.4
2014-04-30,15.2,7.9,21.5,19484,0.1,1.11,1.6
2014-05-01,13.6,7.9,18.1,19218,4.7,1.07,2.0
2014-05-02,7.0,4.1,10.4,9028,0.4,0.8,2.6
2014-05-03,9.3,3.1,14.8,25832,0.0,0.78,2.5
2014-05-04,7.4,3.2,10.4,8907,0.0,0.75,2.0
2014-05-05,9.2,3.9,15.0,14089,0.0,0.82,1.5
2014-05-06,12.6,4.6,20.5,14039,2.3,0.91,2.6
2014-05-07,13.3,8.5,18.1,17172,0.7,1.12,3.0
2014-05-08,12.0,8.8,16.2,12088,5.0,1.12,3.2
2014-05-09,12.6,8.4,18.0,11411,1.9,1.11,3.7
2014-05-10,11.9,7.9,17.2,12334,3.8,1.06,3.2
2014-05-11,11.6,9.2,15.3,12641,1.7,1.13,4.3
2014-05-12,10.5,8.3,14.4,10718,5.0,1.07,3.8
2014-05-13,10.6,6.3,15.3,16606,0.1,0.96,2.9
2014-05-14,9.2,5.2,13.3,10451,1.3,0.88,3.1
2014-05-15,11.6,7.0,17.1,18350,0.0,1.0,2.5
2014-05-16,12.9,6.1,18.9,25525,0.0,0.97,2.6
2014-05-17,14.5,7.9,20.2,20348,0.2,1.1,2.1
2014-05-18,11.8,7.6,13.4,9645,12.2,1.02,1.8
2014-05-19,13.5,10.3,18.4,14202,0.0,1.23,1.7
2014-05-20,18.6,8.3,27.6,28309,0.0,1.22,1.7
2014-05-21,20.7,11.7,27.5,26867,0.0,1.46,2.1
2014-05-22,22.0,14.2,28.9,26677,0.0,1.68,2.3
2014-05-23,19.2,14.1,22.5,15776,0.0,1.58,2.0
2014-05-24,17.1,9.2,22.9,22253,0.0,1.21,1.8
2014-05-25,18.5,11.0,24.6,27732,0.0,1.37,1.8
2014-05-26,19.5,13.9,25.4,25005,0.0,1.62,2.4
2014-05-27,14.5,10.1,20.2,10379,10.7,1.24,3.0
2014-05-28,9.2,7.1,10.4,10032,16.9,0.98,3.2
2014-05-29,9.0,4.9,12.4,10951,0.0,0.85,2.2
2014-05-30,13.2,2.8,20.5,27214,0.0,0.82,2.0
2014-05-31,14.1,5.1,20.6,21799,0.0,0.94,2.4
2014-06-01,12.1,4.5,18.6,22723,0.0,0.88,1.7
2014-06-02,13.9,4.3,21.2,23520,0.0,0.9,1.4
2014-06-03,14.3,7.7,19.9,11347,0.3,1.08,1.3
2014-06-04,17.5,10.6,23.3,27018,0.2,1.3,2.0
2014-06-05,15.0,8.9,20.9,16866,3.8,1.16,2.9
2014-06-06,16.6,7.3,24.4,29496,0.0,1.1,1.9
2014-06-07,21.0,9.1,29.7,28249,0.0,1.3,1.6
2014-06-08,24.3,14.6,33.8,25853,1.1,1.83,1.8
2014-06-09,22.4,15.7,29.3,22178,8.3,1.85,2.0
2014-06-10,23.7,16.8,30.9,24109,0.4,1.98,2.0
2014-06-11,20.8,16.6,26.6,14051,25.4,1.88,2.2
2014-06-12,17.2,12.9,22.1,25672,0.0,1.47,2.3
2014-06-13,15.3,12.1,20.0,14331,2.4,1.39,2.8
2014-06-14,14.5,8.6,18.9,15873,1.7,1.12,2.5
2014-06-15,15.4,6.6,22.1,25580,0.0,1.04,2.2
2014-06-16,14.3,7.4,19.5,20611,0.0,1.05,2.4
2014-06-17,16.7,8.4,22.7,23935,0.0,1.16,2.1
2014-06-18,15.9,6.3,22.0,24704,0.0,1.01,2.4
2014-06-19,15.0,13.2,18.5,11817,0.3,1.48,3.3
2014-06-20,14.8,11.9,20.2,13859,0.0,1.37,3.4
2014-06-21,13.8,11.0,17.6,13348,1.4,1.28,2.8
2014-06-22,14.3,9.7,19.5,17301,1.2,1.2,2.9
2014-06-23,14.0,9.2,19.5,16914,0.1,1.17,2.5
2014-06-24,14.4,10.7,19.1,14358,6.0,1.28,1.8
2014-06-25,12.3,9.6,17.1,12310,14.6,1.18,2.1
2014-06-26,14.3,6.4,21.1,26708,0.0,1.0,1.4
2014-06-27,17.1,7.3,23.6,25930,0.2,1.1,1.6
2014-06-28,18.1,13.3,23.9,18143,8.1,1.53,1.9
2014-06-29,14.5,12.7,16.5,10359,1.7,1.42,2.3
2014-06-30,15.3,11.0,20.5,18239,5.3,1.3,2.3
2014-07-01,13.9,9.0,19.5,22548,0.1,1.16,1.9
2014-07-02,14.6,8.6,20.8,21636,0.0,1.14,2.0
2014-07-03,17.2,8.4,23.8,22631,0.0,1.17,2.0
2014-07-04,22.3,11.5,31.3,29595,0.0,1.51,2.0
2014-07-05,22.2,17.1,30.2,17879,0.2,2.0,2.5
2014-07-06,23.8,16.7,29.9,25215,0.0,1.96,2.3
2014-07-07,21.2,17.1,23.9,16430,5.8,1.92,2.2
2014-07-08,19.3,15.9,26.0,12345,12.0,1.81,2.7
2014-07-09,21.4,17.3,29.6,18651,11.8,2.02,3.2
2014-07-10,22.2,17.3,28.0,25705,0.9,1.99,2.3
2014-07-11,20.2,13.6,26.4,28952,0.0,1.6,2.3
2014-07-12,16.3,12.7,22.2,17282,1.0,1.47,2.0
2014-07-13,16.1,10.1,22.1,20400,7.7,1.27,2.1
2014-07-14,18.8,14.8,24.7,14809,0.1,1.68,2.6
2014-07-15,20.3,16.2,25.4,24220,0.0,1.83,1.9
2014-07-16,20.9,15.0,26.3,20898,0.1,1.72,1.3
2014-07-17,21.8,14.5,27.8,25124,0.0,1.7,1.3
2014-07-18,23.1,14.7,30.6,29212,0.0,1.76,1.5
2014-07-19,24.8,17.2,32.2,29025,0.0,2.03,2.0
2014-07-20,25.3,17.5,33.6,23699,0.0,2.12,2.2
2014-07-21,22.9,17.6,29.1,19387,0.0,2.02,2.5
2014-07-22,22.7,16.5,29.2,27075,0.0,1.93,2.7
2014-07-23,22.0,16.7,28.6,26632,0.0,1.92,2.6
2014-07-24,18.7,15.4,26.2,10248,5.8,1.75,2.3
2014-07-25,19.2,16.9,24.3,11196,9.0,1.89,1.8
2014-07-26,21.8,16.7,28.7,20580,0.0,1.93,1.6
2014-07-27,23.9,18.2,30.5,19521,0.6,2.13,1.7
2014-07-28,21.9,18.0,27.2,17970,13.5,2.04,1.7
2014-07-29,22.0,19.2,29.1,13583,13.0,2.22,1.9
2014-07-30,20.0,17.3,22.8,9335,1.9,1.92,2.4
2014-07-31,19.3,13.9,24.8,24773,0.0,1.6,1.9
2014-08-01,20.6,12.6,27.2,25913,0.0,1.52,1.7
2014-08-02,22.7,18.6,28.0,17743,0.0,2.13,2.0
2014-08-03,22.8,19.3,27.1,17424,0.1,2.21,1.7
2014-08-04,19.9,17.3,22.2,9429,0.0,1.93,1.6
2014-08-05,18.9,15.9,24.2,15082,4.0,1.79,1.7
2014-08-06,19.1,13.7,24.8,24221,0.0,1.57,1.5
2014-08-07,18.0,12.4,23.2,12999,0.7,1.46,1.5
2014-08-08,19.6,12.0,26.9,23175,0.0,1.46,1.5
2014-08-09,20.1,12.2,27.0,18625,7.4,1.5,3.0
2014-08-10,19.7,11.6,26.9,12661,8.5,1.45,2.7
2014-08-11,18.3,12.7,22.9,21429,0.0,1.47,3.1
2014-08-12,15.8,10.7,21.9,18466,1.8,1.31,2.9
2014-08-13,17.0,10.3,24.6,13976,14.1,1.3,2.3
2014-08-14,17.2,12.5,22.3,20284,1.5,1.45,2.6
2014-08-15,15.7,12.4,21.3,14162,0.2,1.43,2.3
2014-08-16,14.8,12.5,18.3,12899,4.7,1.42,2.8
2014-08-17,16.0,12.4,19.7,9887,0.0,1.42,3.6
2014-08-18,15.5,12.8,20.5,15879,1.1,1.46,3.9
2014-08-19,13.6,10.3,19.2,13456,5.1,1.25,2.9
2014-08-20,12.9,8.2,19.0,14869,1.4,1.1,2.6
2014-08-21,12.7,7.5,19.1,16385,0.0,1.06,2.0
2014-08-22,14.4,7.7,20.0,11687,0.2,1.08,2.5
2014-08-23,14.1,9.3,20.0,14342,0.4,1.18,2.4
2014-08-24,12.4,8.6,18.3,16402,1.3,1.11,2.6
2014-08-25,12.8,6.8,18.6,19348,0.0,1.0,1.9
2014-08-26,12.6,6.1,19.2,15838,0.0,0.98,1.9
2014-08-27,14.1,6.3,21.9,20549,0.0,1.02,1.7
2014-08-28,15.1,5.8,23.6,21192,0.0,1.02,1.5
2014-08-29,15.7,10.1,21.6,10717,1.5,1.26,1.9
2014-08-30,15.3,9.1,21.2,9298,2.1,1.18,2.0
2014-08-31,15.8,11.1,21.0,10641,0.0,1.31,1.8
2014-09-01,13.9,10.6,16.9,7157,3.7,1.25,1.9
2014-09-02,15.9,11.8,21.6,14038,0.0,1.39,1.8
2014-09-03,15.8,11.1,21.5,16949,0.0,1.32,2.5
2014-09-04,17.5,11.6,23.9,20038,0.0,1.39,2.3
2014-09-05,19.1,13.0,25.7,17532,0.0,1.54,1.5
2014-09-06,20.2,13.2,27.3,17070,2.1,1.57,1.3
2014-09-07,20.0,15.8,26.1,13446,0.9,1.81,1.3
2014-09-08,17.1,10.1,23.0,15002,0.0,1.27,1.7
2014-09-09,14.1,9.0,19.7,9139,0.0,1.15,2.2
2014-09-10,14.7,11.4,19.7,8112,1.7,1.33,2.2
2014-09-11,13.7,10.7,17.9,11311,0.0,1.27,2.1
2014-09-12,16.1,13.1,18.7,6502,0.1,1.47,2.8
2014-09-13,16.5,14.7,17.8,6218,4.2,1.61,2.2
2014-09-14,16.4,14.0,17.7,6139,1.7,1.54,2.0
2014-09-15,19.5,15.3,25.2,17150,0.0,1.73,1.9
2014-09-16,18.6,14.9,24.6,13914,0.0,1.7,2.1
2014-09-17,18.0,12.6,23.8,16728,0.0,1.48,2.2
2014-09-18,17.8,12.6,24.1,16760,0.0,1.47,1.9
2014-09-19,17.0,10.8,23.8,12719,0.0,1.34,1.6
2014-09-20,16.6,11.0,21.6,9027,0.7,1.32,1.4
2014-09-21,14.0,11.6,17.9,7014,3.9,1.33,2.7
2014-09-22,11.2,10.4,13.1,7490,2.7,1.22,3.7
2014-09-23,11.0,7.8,15.6,13021,0.0,1.05,2.0
2014-09-24,11.6,8.4,16.1,7207,0.0,1.08,2.2
2014-09-25,13.2,10.2,15.9,6283,3.5,1.22,2.9
2014-09-26,14.3,12.4,16.8,5191,0.4,1.39,2.6
2014-09-27,12.7,6.6,18.0,10545,0.0,0.99,1.7
2014-09-28,12.3,4.8,20.4,13110,0.0,0.91,1.5
2014-09-29,15.4,9.2,22.1,10914,1.3,1.2,1.4
2014-09-30,16.5,11.5,20.0,5234,0.6,1.35,1.4
2014-10-01,14.2,10.8,20.1,9079,0.0,1.3,1.2
2014-10-02,15.3,11.3,20.8,5593,0.0,1.33,1.1
2014-10-03,14.1,9.7,20.2,12780,0.0,1.21,1.5
2014-10-04,13.2,8.4,19.3,13387,0.0,1.12,2.2
2014-10-05,12.6,7.3,19.0,12050,0.0,1.05,1.8
2014-10-06,13.0,9.4,18.0,10654,0.0,1.17,2.4
2014-10-07,12.8,9.8,16.0,4438,2.1,1.18,3.3
2014-10-08,13.3,8.5,16.9,7941,9.3,1.09,2.7
2014-10-09,16.5,13.6,19.1,4210,5.8,1.53,2.6
2014-10-10,14.0,11.1,18.1,6367,1.4,1.29,1.9
2014-10-11,13.8,11.7,15.2,4067,2.5,1.33,1.4
2014-10-12,13.0,9.8,16.6,7268,0.5,1.19,1.8
2014-10-13,14.0,11.6,17.2,4312,0.0,1.33,2.0
2014-10-14,13.4,8.8,18.1,6752,0.0,1.12,1.7
2014-10-15,11.2,6.6,17.1,5597,0.1,0.98,1.7
2014-10-16,11.4,7.6,14.3,3796,0.6,1.03,1.9
2014-10-17,12.7,9.1,16.4,4686,0.0,1.13,1.9
2014-10-18,13.4,8.5,18.0,4025,0.0,1.11,2.0
2014-10-19,15.9,9.3,22.6,10429,2.1,1.21,2.8
2014-10-20,13.8,11.5,16.6,5236,3.2,1.31,3.2
2014-10-21,12.1,10.2,15.3,3676,5.1,1.21,3.6
2014-10-22,10.2,8.7,12.1,3333,5.0,1.09,4.7
2014-10-23,11.3,9.6,12.2,3271,0.2,1.15,2.5
2014-10-24,9.2,7.3,11.7,4091,0.0,1.0,2.2
2014-10-25,8.6,6.6,10.8,3886,0.4,0.94,2.0
2014-10-26,11.1,8.1,15.0,6001,0.1,1.06,2.0
2014-10-27,10.2,5.3,16.8,8259,0.0,0.91,2.3
2014-10-28,6.3,1.9,12.0,8073,0.0,0.7,2.2
2014-10-29,4.7,0.1,7.5,2919,0.7,0.6,1.9
2014-10-30,9.5,7.9,11.9,3997,0.1,1.03,1.2
2014-10-31,10.5,9.0,14.1,3368,0.1,1.12,1.6
2014-11-01,11.5,7.4,18.1,6502,0.0,1.04,1.6
2014-11-02,11.1,5.7,17.7,7253,0.0,0.94,2.1
2014-11-03,13.5,10.4,16.0,3670,0.0,1.23,3.3
2014-11-04,10.7,8.6,13.8,2720,0.0,1.09,2.4
2014-11-05,9.8,8.4,11.5,2611,0.5,1.07,1.8
2014-11-06,8.5,6.4,11.3,2850,0.0,0.93,1.7
2014-11-07,5.8,0.7,10.6,6960,0.0,0.64,2.3
2014-11-08,6.8,2.4,12.6,4663,0.0,0.73,2.4
2014-11-09,6.3,2.0,9.5,3756,0.0,0.69,2.0
2014-11-10,7.4,3.9,8.8,2322,0.3,0.79,1.8
2014-11-11,6.5,3.3,9.1,2279,0.0,0.75,2.2
2014-11-12,9.8,8.7,11.0,2237,0.0,1.08,1.9
2014-11-13,10.6,10.1,11.7,2196,0.1,1.19,1.2
2014-11-14,10.0,8.3,12.8,2889,0.0,1.07,2.6
2014-11-15,9.4,8.4,10.3,2118,0.0,1.06,2.7
2014-11-16,8.2,7.1,9.9,2081,0.6,0.97,2.7
2014-11-17,6.8,2.9,10.4,5683,0.0,0.75,2.0
2014-11-18,6.7,5.5,7.8,2009,0.0,0.87,2.7
2014-11-19,4.8,4.2,5.3,1975,0.0,0.79,1.8
2014-11-20,5.3,4.1,6.7,1942,0.0,0.79,1.3
2014-11-21,2.8,-0.7,7.4,3891,0.0,0.57,1.5
2014-11-22,4.9,3.7,6.8,1975,1.3,0.77,2.2
2014-11-23,5.3,3.4,8.5,2512,0.3,0.76,2.4
2014-11-24,6.4,3.0,9.9,2804,5.7,0.74,2.3
2014-11-25,4.0,2.1,6.1,1793,0.0,0.69,1.9
2014-11-26,3.8,2.6,5.0,1904,0.0,0.71,2.8
2014-11-27,2.2,0.7,4.4,4333,0.0,0.62,3.0
2014-11-28,0.9,0.2,1.9,2258,0.0,0.59,3.7
2014-11-29,-0.8,-1.6,0.0,1694,0.0,0.52,3.3
2014-11-30,-1.4,-2.1,-0.7,1672,0.0,0.5,3.0
2014-12-01,-2.9,-3.3,-2.3,1651,0.0,0.46,3.5
2014-12-02,-3.0,-3.4,-2.4,1631,0.0,0.45,2.2
2014-12-03,-2.2,-3.5,-0.7,1612,0.0,0.45,2.0
2014-12-04,1.4,-0.6,3.1,1594,0.1,0.57,1.9
2014-12-05,2.2,1.6,3.0,1577,0.2,0.66,1.5
2014-12-06,3.5,0.2,4.9,1562,0.0,0.6,1.6
2014-12-07,2.5,0.4,4.1,1589,3.0,0.61,2.6
2014-12-08,3.1,-1.7,5.3,2913,0.0,0.53,2.7
2014-12-09,1.5,-1.2,4.7,2769,0.0,0.54,2.0
2014-12-10,1.8,-0.6,3.8,1510,2.3,0.57,4.0
2014-12-11,3.2,1.5,5.3,1500,2.9,0.66,4.6
2014-12-12,5.9,2.4,9.3,1490,5.4,0.71,5.1
2014-12-13,4.4,-0.5,5.6,1523,0.0,0.58,2.7
2014-12-14,0.9,-1.6,3.0,1475,0.0,0.53,2.1
2014-12-15,1.7,-2.6,4.8,1591,0.6,0.5,2.9
2014-12-16,3.9,1.6,5.7,1464,0.0,0.66,2.5
2014-12-17,2.2,0.2,6.5,1460,1.0,0.6,3.2
2014-12-18,9.1,6.7,12.3,1457,3.4,0.95,3.9
2014-12-19,9.6,5.0,12.0,1455,5.7,0.85,5.1
2014-12-20,4.5,0.5,6.8,1454,9.6,0.62,5.5
2014-12-21,5.3,3.2,7.7,1494,1.7,0.75,4.5
2014-12-22,9.9,7.7,11.1,1455,2.5,1.02,5.9
2014-12-23,10.4,9.5,11.0,1457,2.6,1.14,4.9
2014-12-24,7.8,3.8,9.5,1461,1.3,0.79,4.8
2014-12-25,4.2,1.8,6.9,2195,2.6,0.68,4.2
2014-12-26,-1.7,-6.9,1.7,2975,0.3,0.36,2.0
2014-12-27,-4.9,-6.8,-2.8,2782,0.0,0.35,3.3
2014-12-28,-4.4,-9.4,0.0,4145,6.0,0.3,2.8
2014-12-29,-2.9,-6.7,-1.3,3465,1.3,0.36,2.6
2014-12-30,0.1,-1.9,2.2,1502,0.8,0.51,2.3
2014-12-31,3.2,1.6,5.0,1513,0.4,0.66,2.2
2015-01-01,3.3,1.6,5.0,3650,0.5,0.66,2.9
2015-01-02,5.7,3.2,8.4,1789,3.7,0.75,5.0
2015-01-03,4.1,2.5,5.1,1804,0.4,0.7,4.1
2015-01-04,3.6,1.6,5.6,2967,0.4,0.66,3.8
2015-01-05,3.7,2.8,4.3,1582,0.7,0.72,2.8
2015-01-06,2.0,-0.1,3.4,1599,0.2,0.58,1.9
2015-01-07,2.6,-1.2,5.9,1618,0.3,0.55,2.6
2015-01-08,3.9,1.8,6.2,1637,10.2,0.67,4.1
2015-01-09,6.3,4.5,8.8,1657,14.6,0.82,6.2
2015-01-10,8.4,5.0,12.9,1679,2.7,0.86,7.0
2015-01-11,3.5,1.4,5.2,1791,4.7,0.66,5.8
2015-01-12,6.0,3.7,7.4,1725,4.4,0.77,5.4
2015-01-13,8.9,7.1,11.3,2023,1.2,0.97,4.3
2015-01-14,5.0,2.0,7.5,2513,2.0,0.69,4.1
2015-01-15,4.7,0.0,8.9,1802,3.3,0.61,4.2
2015-01-16,6.3,3.4,8.6,3430,0.0,0.76,2.8
2015-01-17,2.2,-3.6,5.4,3666,0.0,0.47,2.1
2015-01-18,-1.6,-4.5,2.5,4245,0.0,0.43,2.1
2015-01-19,-1.5,-5.1,0.7,3719,0.0,0.41,1.4
2015-01-20,0.6,-0.3,1.3,1953,2.6,0.57,1.2
2015-01-21,-1.3,-2.6,0.0,1987,0.0,0.49,1.8
2015-01-22,-1.4,-2.8,-0.5,2022,0.0,0.48,2.1
2015-01-23,-0.1,-1.8,0.4,2058,0.0,0.51,1.9
2015-01-24,0.1,-1.6,1.9,3587,0.7,0.52,2.4
2015-01-25,0.7,-0.8,1.7,2132,0.2,0.55,2.2
2015-01-26,2.8,1.6,4.3,2172,4.8,0.66,2.9
2015-01-27,3.3,0.0,5.0,2212,0.0,0.59,3.3
2015-01-28,3.3,0.7,5.9,2685,3.9,0.62,4.2
2015-01-29,1.4,-0.5,2.9,2897,3.4,0.57,4.1
2015-01-30,0.5,0.2,1.2,2339,9.1,0.59,2.7
2015-01-31,-0.2,-3.1,1.0,4289,1.6,0.47,2.4
2015-02-01,1.0,0.4,1.8,2430,0.0,0.6,2.4
2015-02-02,0.4,-1.9,2.2,2591,4.2,0.51,2.9
2015-02-03,-0.6,-2.7,0.8,2583,1.7,0.48,2.0
2015-02-04,-1.3,-1.9,-0.7,2573,0.0,0.51,1.8
2015-02-05,-1.3,-5.3,2.4,5965,0.0,0.41,2.6
2015-02-06,-4.9,-10.0,-0.3,7871,0.0,0.29,3.1
2015-02-07,-0.9,-8.3,4.0,2727,0.2,0.34,3.0
2015-02-08,1.6,-0.8,3.4,7737,1.0,0.56,4.1
2015-02-09,4.5,0.7,6.3,2834,0.1,0.62,3.8
2015-02-10,5.6,4.6,6.6,2889,0.0,0.82,2.4
2015-02-11,4.5,2.8,6.0,2946,0.0,0.72,1.7
2015-02-12,1.2,-0.6,2.8,3003,0.0,0.57,1.7
2015-02-13,-0.5,-2.0,1.0,3127,0.0,0.51,2.2
2015-02-14,0.2,-3.3,5.6,9264,0.0,0.48,2.2
2015-02-15,1.6,-2.2,6.1,8657,0.0,0.52,2.7
2015-02-16,0.5,-1.7,3.1,4337,0.0,0.52,2.5
2015-02-17,0.1,-3.5,2.3,6421,0.0,0.46,1.7
2015-02-18,2.6,0.2,7.2,6943,0.0,0.61,2.1
2015-02-19,2.0,-2.3,6.7,9959,0.0,0.52,2.7
2015-02-20,2.6,-3.9,8.6,5219,0.4,0.47,3.2
2015-02-21,4.9,-0.1,8.9,4069,0.0,0.6,3.0
2015-02-22,1.9,-1.3,7.0,5024,0.1,0.55,2.1
2015-02-23,1.1,-0.6,2.2,3694,7.1,0.57,3.3
2015-02-24,2.6,-2.5,7.1,7450,0.0,0.51,3.2
2015-02-25,1.4,-3.0,8.6,8550,0.0,0.51,2.0
2015-02-26,2.4,-3.5,9.8,11908,0.0,0.5,2.1
2015-02-27,3.4,-2.0,10.6,9732,0.3,0.55,2.1
2015-02-28,2.4,-1.0,6.5,6954,0.1,0.56,2.4
2015-03-01,3.6,-0.1,8.8,4670,3.0,0.61,3.8
2015-03-02,4.6,1.5,8.0,5875,2.5,0.67,4.7
2015-03-03,3.9,0.9,7.9,7919,5.1,0.64,4.1
2015-03-04,3.0,0.9,5.9,6387,1.7,0.63,3.6
2015-03-05,3.6,-0.5,6.8,4738,0.2,0.58,2.7
2015-03-06,5.1,0.7,8.9,4648,0.0,0.63,2.1
2015-03-07,6.8,0.9,11.6,8457,0.0,0.66,2.5
2015-03-08,9.7,2.2,17.4,12856,0.0,0.76,2.3
2015-03-09,7.9,1.6,12.1,10246,0.0,0.69,1.6
2015-03-10,5.7,-0.1,10.7,5483,0.2,0.62,2.1
2015-03-11,5.6,1.9,9.9,5920,0.0,0.69,2.4
2015-03-12,3.5,-0.7,5.1,4939,0.0,0.57,2.0
2015-03-13,2.4,-2.0,8.3,7625,0.0,0.54,2.7
2015-03-14,4.4,2.6,6.5,5095,0.4,0.72,2.7
2015-03-15,5.7,4.1,7.2,5174,0.0,0.79,3.2
2015-03-16,7.9,4.0,10.5,13018,0.0,0.79,3.3
2015-03-17,10.2,5.3,15.5,11953,0.0,0.9,2.6
2015-03-18,7.6,1.6,14.0,16042,0.0,0.71,2.0
2015-03-19,5.2,-1.1,12.8,16498,0.0,0.59,1.6
2015-03-20,4.5,-4.8,13.5,15236,0.0,0.48,1.5
2015-03-21,2.7,-0.4,4.2,5651,8.6,0.57,2.6
2015-03-22,0.7,-2.6,5.3,17599,0.0,0.5,2.8
2015-03-23,3.8,-2.1,10.5,15716,0.0,0.55,1.8
2015-03-24,6.4,0.3,11.8,7077,0.0,0.64,1.4
2015-03-25,7.5,-1.3,13.9,14936,0.0,0.59,2.4
2015-03-26,6.9,2.9,9.2,6052,0.2,0.74,2.5
2015-03-27,6.6,3.0,10.9,6840,2.0,0.75,3.1
2015-03-28,7.1,5.1,10.7,9370,0.7,0.86,2.8
2015-03-29,9.3,5.3,11.2,6293,9.0,0.87,5.0
2015-03-30,5.8,3.3,8.2,9782,4.2,0.75,5.8
2015-03-31,5.3,0.6,10.9,8533,4.5,0.64,7.0
2015-04-01,4.4,1.6,9.0,11140,3.1,0.68,5.7
2015-04-02,3.6,0.6,7.9,12832,1.0,0.63,4.5
2015-04-03,5.2,1.7,10.2,11890,0.0,0.69,2.6
2015-04-04,4.1,-2.6,10.6,17448,0.0,0.53,2.1
2015-04-05,4.2,-2.2,10.6,18345,0.0,0.54,2.1
2015-04-06,5.1,-0.9,10.1,16439,0.0,0.58,2.1
2015-04-07,5.7,-3.1,11.4,11899,0.0,0.51,2.3
2015-04-08,8.2,3.6,12.1,7084,0.0,0.78,2.1
2015-04-09,8.2,1.2,16.1,13210,0.0,0.71,1.5
2015-04-10,11.1,1.1,19.7,19513,0.0,0.74,1.4
2015-04-11,13.3,6.4,21.1,18322,1.2,1.0,3.4
2015-04-12,8.8,4.7,13.9,15662,0.0,0.85,2.9
2015-04-13,9.0,2.1,12.2,16904,0.0,0.71,3.8
2015-04-14,8.7,0.1,14.7,12510,0.0,0.65,2.8
2015-04-15,15.1,9.0,22.7,18848,0.0,1.19,3.1
2015-04-16,9.6,4.4,13.8,20116,0.0,0.83,2.6
2015-04-17,6.8,1.2,12.0,16239,0.1,0.67,2.7
2015-04-18,6.3,-0.9,12.7,21526,0.0,0.6,2.3
2015-04-19,9.1,0.6,15.9,21774,0.0,0.68,1.9
2015-04-20,10.7,3.6,18.0,22948,0.0,0.83,2.3
2015-04-21,12.0,0.6,20.5,23547,0.0,0.73,2.8
2015-04-22,8.3,1.7,14.7,14206,0.0,0.72,2.4
2015-04-23,9.7,0.8,17.4,23575,0.0,0.7,1.9
2015-04-24,11.2,1.8,19.8,22641,0.0,0.77,1.8
2015-04-25,12.5,3.4,21.1,11407,0.2,0.85,2.3
2015-04-26,13.2,8.3,18.8,14097,11.7,1.11,2.0
2015-04-27,9.1,7.7,11.1,8465,7.8,1.02,2.5
2015-04-28,8.2,2.0,12.1,13670,0.0,0.71,2.7
2015-04-29,7.9,0.2,15.0,22024,0.0,0.66,2.2
2015-04-30,10.1,6.0,15.9,14072,4.9,0.93,2.5
2015-05-01,8.2,2.4,13.1,15840,0.0,0.74,1.9
2015-05-02,7.6,0.8,14.3,21126,0.0,0.67,1.6
2015-05-03,12.3,2.6,18.9,21343,5.4,0.79,2.6
2015-05-04,16.2,11.7,21.6,18639,0.4,1.38,2.6
2015-05-05,16.8,10.6,23.8,12992,2.9,1.31,3.4
2015-05-06,14.0,5.9,20.3,18196,0.1,0.98,2.9
2015-05-07,11.2,5.8,15.2,19624,1.0,0.93,3.0
2015-05-08,12.7,5.8,18.9,15282,0.0,0.95,1.6
2015-05-09,14.9,11.3,19.9,13012,0.7,1.32,3.0
2015-05-10,10.7,3.0,15.1,14432,0.0,0.78,3.0
2015-05-11,12.3,2.5,20.3,23028,0.0,0.81,2.2
2015-05-12,16.3,7.1,26.0,17408,2.2,1.11,2.9
2015-05-13,12.7,5.9,18.3,22936,0.0,0.96,2.7
2015-05-14,9.8,3.2,14.4,12068,0.0,0.78,2.1
2015-05-15,9.4,2.2,16.1,25450,0.0,0.75,2.0
2015-05-16,8.8,1.5,13.0,14669,0.9,0.7,2.6
2015-05-17,10.1,5.5,15.2,18473,0.0,0.91,2.9
2015-05-18,12.7,5.7,18.4,13525,0.0,0.94,2.3
2015-05-19,13.7,4.4,18.3,19717,0.0,0.87,3.0
2015-05-20,11.4,2.7,16.7,14628,0.0,0.78,2.0
2015-05-21,10.4,1.8,17.3,23474,0.1,0.75,1.9
2015-05-22,13.4,2.9,20.8,23783,0.0,0.83,1.6
2015-05-23,13.8,3.8,20.0,16279,0.0,0.86,2.0
2015-05-24,12.3,2.1,20.6,28055,0.0,0.78,1.4
2015-05-25,14.3,6.4,21.2,17884,0.0,1.01,1.9
2015-05-26,11.8,4.9,15.8,17801,0.0,0.88,2.6
2015-05-27,10.1,4.6,14.3,12023,0.0,0.85,2.3
2015-05-28,12.5,4.6,21.5,13830,3.9,0.92,2.8
2015-05-29,13.7,6.0,18.1,20328,3.1,0.96,2.3
2015-05-30,11.2,5.3,15.7,18464,1.4,0.9,3.3
2015-05-31,14.4,4.3,21.4,17611,0.7,0.9,2.8
2015-06-01,14.2,7.1,17.4,13961,0.5,1.02,2.5
2015-06-02,16.7,7.1,22.8,15133,0.0,1.08,3.8
2015-06-03,17.1,5.9,21.3,15670,0.0,0.99,3.5
2015-06-04,14.3,3.6,21.8,30834,0.0,0.87,1.7
2015-06-05,19.6,9.7,28.0,30612,0.0,1.32,2.2
2015-06-06,20.9,12.6,28.9,20201,0.0,1.55,2.5
2015-06-07,16.0,6.5,22.9,27230,0.0,1.03,2.3
2015-06-08,14.1,9.5,18.5,22540,0.0,1.18,2.7
2015-06-09,13.6,7.9,18.8,18226,0.0,1.08,2.6
2015-06-10,15.2,6.8,21.4,21431,0.0,1.04,2.2
2015-06-11,17.0,4.6,24.8,31013,0.0,0.95,1.9
2015-06-12,20.2,13.6,26.8,26565,0.0,1.6,1.6
2015-06-13,20.5,13.1,29.8,19179,12.1,1.6,2.1
2015-06-14,15.6,12.5,17.6,12938,0.0,1.4,2.2
2015-06-15,13.8,5.5,18.7,25708,0.0,0.93,2.5
2015-06-16,11.0,4.9,15.9,14102,0.0,0.88,2.2
2015-06-17,13.4,1.9,21.0,24573,1.6,0.78,2.1
2015-06-18,14.8,10.7,20.5,14750,0.4,1.29,2.9
2015-06-19,12.7,10.1,18.7,13220,2.5,1.22,2.9
2015-06-20,13.2,10.8,18.0,13477,4.0,1.28,2.5
2015-06-21,14.1,8.9,19.6,18070,2.0,1.15,2.0
2015-06-22,13.8,10.4,17.4,13091,4.4,1.23,2.4
2015-06-23,11.8,10.6,15.2,11684,6.0,1.25,3.0
2015-06-24,13.0,11.2,15.9,11169,0.1,1.29,2.5
2015-06-25,16.9,10.9,23.7,17539,0.3,1.33,1.6
2015-06-26,17.9,13.8,22.7,11282,0.3,1.56,1.4
2015-06-27,18.3,14.8,24.1,12675,1.4,1.69,2.3
2015-06-28,17.4,13.4,22.9,21073,0.0,1.54,1.8
2015-06-29,20.5,14.1,26.9,20803,0.0,1.65,1.7
2015-06-30,20.1,14.0,25.3,27661,0.0,1.62,1.7
2015-07-01,20.5,11.0,27.1,30948,0.0,1.4,2.1
2015-07-02,23.5,14.9,30.3,30922,0.0,1.77,2.5
2015-07-03,26.2,17.6,33.9,27462,0.0,2.12,1.7
2015-07-04,28.4,18.4,37.6,25782,3.0,2.32,1.8
2015-07-05,26.4,18.5,35.3,24991,9.7,2.28,2.0
2015-07-06,20.5,13.8,25.4,23311,0.0,1.59,2.7
2015-07-07,21.6,11.6,31.5,25816,5.5,1.53,2.0
2015-07-08,17.9,15.4,21.8,15133,2.9,1.7,4.0
2015-07-09,14.8,12.4,18.2,18904,0.9,1.41,4.0
2015-07-10,14.5,7.3,19.7,21908,0.0,1.05,2.7
2015-07-11,15.8,5.9,22.4,21870,0.0,1.0,1.7
2015-07-12,16.5,10.6,22.0,10585,3.2,1.29,2.3
2015-07-13,16.9,14.9,21.8,11437,2.7,1.66,2.4
2015-07-14,17.0,13.9,20.2,10268,10.2,1.56,2.4
2015-07-15,18.3,13.4,23.5,23086,0.0,1.53,1.8
2015-07-16,19.9,14.6,25.7,20017,0.0,1.69,1.6
2015-07-17,22.7,14.3,31.7,23741,0.0,1.77,2.2
2015-07-18,21.6,14.7,25.9,21678,0.0,1.68,2.4
2015-07-19,15.0,12.4,17.3,10463,15.9,1.4,2.3
2015-07-20,18.2,13.6,23.7,25829,1.4,1.57,2.2
2015-07-21,21.0,14.2,26.8,20513,7.3,1.65,2.5
2015-07-22,21.3,13.5,27.9,14210,0.0,1.62,1.9
2015-07-23,18.8,11.1,24.7,19772,0.0,1.37,2.0
2015-07-24,18.9,9.3,25.2,24569,2.4,1.25,1.9
2015-07-25,19.9,13.5,28.2,17039,0.7,1.61,4.4
2015-07-26,15.7,11.9,20.6,16484,0.2,1.38,3.0
2015-07-27,15.7,12.2,21.1,11344,2.9,1.41,3.3
2015-07-28,16.2,13.4,20.5,10920,1.0,1.5,4.0
2015-07-29,14.4,10.8,20.7,14817,6.4,1.29,3.5
2015-07-30,15.1,11.9,20.0,12784,0.0,1.38,3.5
2015-07-31,13.8,6.9,19.4,16413,0.0,1.02,2.2
2015-08-01,16.4,5.9,24.9,24073,0.0,1.04,1.7
2015-08-02,20.6,10.1,28.2,26801,0.0,1.34,1.5
2015-08-03,22.8,11.8,32.2,26950,0.0,1.55,1.8
2015-08-04,25.5,17.3,34.9,22708,3.9,2.12,2.4
2015-08-05,20.0,14.0,26.0,22374,0.0,1.64,1.7
2015-08-06,24.1,12.6,33.6,25797,0.0,1.63,1.7
2015-08-07,26.1,16.1,34.5,23275,2.6,1.97,1.7
2015-08-08,21.9,17.6,27.0,14133,1.4,2.01,2.4
2015-08-09,20.5,15.4,26.6,25839,0.0,1.78,2.2
2015-08-10,23.3,14.4,32.2,23329,0.0,1.77,1.9
2015-08-11,23.5,18.8,30.0,23461,0.0,2.18,2.0
2015-08-12,20.6,17.1,25.7,11438,0.6,1.94,2.0
2015-08-13,22.2,17.6,29.1,18964,0.0,2.02,2.7
2015-08-14,26.4,19.5,34.2,23124,4.4,2.37,2.6
2015-08-15,21.5,17.2,27.4,13926,6.1,1.96,1.9
2015-08-16,22.2,15.9,29.0,19833,34.3,1.86,2.1
2015-08-17,21.9,18.8,27.2,9536,0.1,2.14,2.4
2015-08-18,18.8,17.1,21.9,8296,0.4,1.9,2.0
2015-08-19,17.1,12.1,20.8,12642,0.0,1.39,1.5
2015-08-20,18.3,12.2,25.8,21583,0.0,1.47,1.3
2015-08-21,18.7,8.3,26.9,23186,0.0,1.21,1.4
2015-08-22,19.6,10.1,27.4,22247,0.0,1.34,1.9
2015-08-23,19.4,12.9,25.8,17085,0.5,1.52,2.7
2015-08-24,20.1,15.2,26.4,13330,16.0,1.73,2.8
2015-08-25,17.5,13.0,21.1,11759,0.1,1.48,3.4
2015-08-26,19.4,13.5,26.4,18656,0.0,1.6,2.6
2015-08-27,17.9,14.0,23.6,9105,12.2,1.6,2.4
2015-08-28,15.4,11.1,19.4,10697,0.0,1.3,1.9
2015-08-29,16.8,9.1,24.0,21048,0.0,1.22,1.3
2015-08-30,19.0,12.2,26.7,15708,6.7,1.48,1.5
2015-08-31,23.9,17.3,31.0,17896,0.0,2.04,1.8
2015-09-01,19.8,13.7,24.5,12295,1.9,1.58,2.6
2015-09-02,14.7,9.7,19.8,16756,0.0,1.21,2.2
2015-09-03,13.0,8.6,19.1,11868,4.7,1.13,1.6
2015-09-04,13.0,7.4,19.6,14342,1.4,1.06,2.4
2015-09-05,13.4,11.1,18.3,9519,2.2,1.3,3.7
2015-09-06,13.1,11.1,18.3,9425,5.4,1.3,4.1
2015-09-07,12.9,9.2,17.8,15134,0.0,1.15,2.5
2015-09-08,12.9,6.6,19.6,15527,0.0,1.01,1.8
2015-09-09,12.5,6.8,19.0,15911,0.0,1.02,1.9
2015-09-10,12.9,8.2,20.7,13597,3.5,1.11,2.3
2015-09-11,13.3,11.2,15.9,6582,0.9,1.29,2.1
2015-09-12,15.2,10.7,22.1,12525,2.9,1.3,2.1
2015-09-13,17.8,13.8,23.2,9969,0.0,1.57,2.0
2015-09-14,16.7,14.5,19.3,10165,6.5,1.59,2.6
2015-09-15,14.3,10.3,19.1,12954,1.0,1.25,3.0
2015-09-16,15.1,8.6,20.9,6377,3.8,1.15,2.6
2015-09-17,17.4,14.1,22.7,8361,1.0,1.59,3.4
2015-09-18,14.4,9.6,19.9,15881,0.0,1.2,2.3
2015-09-19,13.3,7.8,18.8,11556,1.8,1.07,1.7
2015-09-20,11.9,8.9,16.4,8162,0.6,1.13,2.3
2015-09-21,11.7,7.2,16.1,7491,0.0,1.01,1.7
2015-09-22,13.5,10.6,17.7,6166,0.4,1.26,2.2
2015-09-23,12.4,7.9,17.4,7020,0.0,1.07,2.0
2015-09-24,12.2,6.6,18.8,7857,0.0,0.99,2.2
2015-09-25,14.3,7.8,19.1,10154,0.0,1.08,1.6
2015-09-26,10.6,5.6,18.1,12316,0.0,0.94,1.7
2015-09-27,10.3,3.7,17.3,14076,0.0,0.83,2.0
2015-09-28,10.7,3.1,18.4,14994,0.0,0.81,1.9
2015-09-29,11.4,5.9,17.9,11891,0.0,0.95,2.5
2015-09-30,10.2,4.4,17.3,13599,0.0,0.87,2.4
2015-10-01,8.7,1.6,18.1,14138,0.0,0.75,2.1
2015-10-02,7.9,1.1,18.0,11121,0.0,0.72,1.8
2015-10-03,10.9,2.0,20.6,13550,0.0,0.78,1.5
2015-10-04,12.0,6.1,19.4,10676,0.0,0.97,1.6
2015-10-05,10.7,3.8,18.7,8864,0.0,0.84,1.8
2015-10-06,13.7,10.7,16.1,4678,0.0,1.25,2.7
2015-10-07,12.5,8.9,14.1,4356,11.0,1.11,2.5
2015-10-08,7.5,6.8,8.6,4283,8.0,0.95,1.7
2015-10-09,7.9,5.7,9.3,4210,0.2,0.89,1.6
2015-10-10,6.0,1.7,10.6,10346,0.0,0.69,2.5
2015-10-11,4.8,0.9,10.4,12334,0.0,0.65,2.9
2015-10-12,3.8,-0.1,9.1,11551,0.0,0.61,2.3
2015-10-13,4.4,3.1,5.9,3927,0.2,0.74,2.0
2015-10-14,5.2,3.8,6.8,3858,5.8,0.77,2.0
2015-10-15,6.5,5.9,7.0,3790,12.5,0.89,2.3
2015-10-16,7.6,6.9,8.8,3722,15.2,0.96,1.6
2015-10-17,8.1,7.7,9.2,3655,0.0,1.01,1.2
2015-10-18,8.2,6.9,10.1,3589,5.2,0.96,1.2
2015-10-19,9.2,8.0,10.3,3524,1.4,1.03,1.2
2015-10-20,9.8,8.7,11.3,3459,0.0,1.08,1.3
2015-10-21,9.3,6.5,12.8,4028,0.0,0.94,1.7
2015-10-22,9.6,6.9,11.8,3333,0.7,0.96,2.7
2015-10-23,10.6,4.1,14.9,7729,0.0,0.83,2.1
2015-10-24,7.0,1.9,13.2,7886,0.1,0.71,1.8
2015-10-25,9.2,3.9,14.2,4623,0.0,0.81,1.7
2015-10-26,5.9,0.7,12.7,8646,0.0,0.67,1.8
2015-10-27,7.3,2.8,13.0,8521,0.0,0.75,2.0
2015-10-28,6.8,4.1,11.1,7493,0.0,0.8,2.1
2015-10-29,5.6,0.7,12.1,7891,0.0,0.66,1.3
2015-10-30,5.4,3.5,7.8,2863,0.0,0.76,1.7
2015-10-31,9.2,4.5,14.2,7038,0.0,0.85,2.3
2015-11-01,6.8,1.1,15.0,7055,0.0,0.7,1.5
2015-11-02,3.4,0.5,6.8,2703,0.0,0.62,1.3
2015-11-03,1.9,-1.7,8.9,6067,0.0,0.55,1.3
2015-11-04,2.3,-1.5,6.8,4199,0.2,0.55,1.5
2015-11-05,8.7,3.2,16.3,5708,0.3,0.8,1.4
2015-11-06,10.8,6.9,12.9,2504,4.0,0.97,2.1
2015-11-07,15.2,11.5,17.7,3027,0.6,1.32,2.8
2015-11-08,12.3,6.8,16.2,6408,0.7,0.99,2.7
2015-11-09,13.4,9.5,16.0,3422,1.8,1.16,4.2
2015-11-10,13.4,11.2,14.5,2322,0.2,1.28,4.5
2015-11-11,13.8,11.9,14.8,2279,0.0,1.34,3.2
2015-11-12,10.9,4.7,15.4,3738,0.0,0.86,2.6
2015-11-13,10.3,5.4,14.5,2514,2.7,0.89,3.4
2015-11-14,7.4,5.6,9.2,2314,6.3,0.88,4.5
2015-11-15,9.4,6.4,13.1,2118,21.6,0.94,4.5
2015-11-16,11.1,8.5,12.3,2081,1.3,1.07,3.5
2015-11-17,11.5,10.1,12.8,2044,12.5,1.19,4.0
2015-11-18,11.4,9.5,14.2,2609,1.8,1.15,5.9
2015-11-19,10.9,8.6,13.4,3704,0.2,1.09,5.6
2015-11-20,7.8,5.1,9.6,2430,0.4,0.85,3.3
2015-11-21,4.9,3.3,6.2,1910,1.4,0.75,2.6
2015-11-22,0.6,-2.8,3.4,2262,1.0,0.49,3.1
2015-11-23,0.3,-3.1,4.6,4167,0.2,0.48,2.3
2015-11-24,1.7,-0.7,3.5,2242,0.4,0.56,3.3
2015-11-25,3.0,1.3,4.1,1793,0.5,0.65,2.5
2015-11-26,3.5,-1.9,6.4,2226,0.1,0.53,1.7
2015-11-27,1.2,-1.3,5.9,3242,0.0,0.55,2.2
2015-11-28,1.1,-2.0,4.6,1942,5.2,0.52,3.8
2015-11-29,6.2,2.6,8.8,1694,13.0,0.72,5.7
2015-11-30,5.2,2.9,7.6,2203,12.4,0.73,5.7
2015-12-01,5.1,3.7,7.6,2441,1.8,0.77,4.1
2015-12-02,9.1,5.5,10.7,1631,0.0,0.88,2.8
2015-12-03,7.5,2.8,11.0,3945,0.0,0.74,2.3
2015-12-04,6.7,3.0,9.9,2109,0.8,0.74,3.5
2015-12-05,6.6,5.5,7.8,1833,0.0,0.87,3.9
2015-12-06,8.0,5.1,11.1,2493,0.2,0.86,4.3
2015-12-07,9.7,8.6,10.9,1547,0.2,1.08,1.8
2015-12-08,7.4,3.0,11.1,3540,1.6,0.75,2.0
2015-12-09,6.1,2.1,9.2,1688,1.6,0.7,2.6
2015-12-10,2.9,0.8,6.4,3827,0.0,0.63,3.0
2015-12-11,4.4,2.0,6.4,1500,7.2,0.68,3.7
2015-12-12,4.8,3.2,6.8,2270,8.4,0.74,3.4
2015-12-13,4.8,-1.3,10.0,1932,0.1,0.57,3.2
2015-12-14,0.4,-2.3,2.6,1475,0.0,0.5,1.6
2015-12-15,4.2,2.9,6.2,1469,0.1,0.72,1.6
2015-12-16,5.6,4.1,7.9,2274,1.9,0.79,2.4
2015-12-17,10.3,8.2,12.0,1460,1.1,1.05,2.7
2015-12-18,10.5,8.0,12.5,1578,1.6,1.03,2.6
2015-12-19,9.1,6.7,11.7,2948,0.0,0.95,2.4
2015-12-20,8.1,4.9,10.4,1494,7.1,0.84,2.6
2015-12-21,9.4,8.6,10.8,1938,1.7,1.07,4.0
2015-12-22,10.8,8.2,13.4,1455,0.0,1.06,4.4
2015-12-23,10.6,3.8,12.9,2468,0.0,0.8,3.9
2015-12-24,6.5,1.2,10.6,3445,0.4,0.67,2.9
2015-12-25,8.2,6.6,10.7,3047,0.4,0.94,3.2
2015-12-26,12.9,9.1,14.3,1470,0.0,1.13,4.0
2015-12-27,10.0,7.9,11.8,1558,0.7,1.03,3.1
2015-12-28,6.1,3.4,10.5,2303,0.0,0.77,2.1
2015-12-29,4.2,2.7,5.6,2520,0.0,0.72,2.7
2015-12-30,1.4,-0.9,2.9,2121,0.0,0.55,3.1
2015-12-31,0.1,-1.6,1.9,3130,1.2,0.52,2.9
2016-01-01,0.3,-0.6,1.0,1525,0.1,0.56,1.6
2016-01-02,-3.1,-7.5,0.5,1621,0.0,0.34,3.6
2016-01-03,-9.0,-10.5,-7.5,2816,0.0,0.26,3.8
2016-01-04,-9.1,-11.0,-7.2,1609,0.1,0.25,3.3
2016-01-05,-7.9,-8.9,-6.1,1582,2.6,0.3,2.8
2016-01-06,-8.3,-12.5,-6.5,1599,0.1,0.23,2.3
2016-01-07,-5.9,-9.5,-1.9,1618,4.6,0.29,3.1
2016-01-08,2.6,-1.7,4.9,1855,0.7,0.53,3.6
2016-01-09,0.2,-3.0,3.8,5049,0.0,0.48,1.9
2016-01-10,0.3,-1.5,2.6,1679,3.3,0.53,2.8
2016-01-11,1.0,-0.6,1.8,1701,3.1,0.56,2.4
2016-01-12,2.4,1.0,4.5,1725,6.3,0.64,3.4
2016-01-13,1.9,0.6,4.3,1749,3.1,0.62,3.9
2016-01-14,1.1,-1.0,3.9,4127,0.1,0.55,2.6
2016-01-15,-0.5,-1.2,0.0,1802,0.1,0.54,3.0
2016-01-16,-0.7,-3.1,0.1,1830,1.3,0.47,2.2
2016-01-17,-1.6,-5.5,-0.5,1859,0.0,0.39,2.2
2016-01-18,-7.6,-11.9,-5.3,1938,0.0,0.24,1.6
2016-01-19,-7.1,-13.3,-2.7,3476,0.1,0.22,2.0
2016-01-20,-1.5,-3.8,0.1,2740,0.0,0.45,1.9
2016-01-21,-4.6,-11.7,-1.7,4273,0.0,0.25,1.5
2016-01-22,-7.6,-13.1,-2.5,6395,1.4,0.23,2.0
2016-01-23,-0.8,-5.6,3.7,2058,2.2,0.4,2.6
2016-01-24,3.3,2.2,4.8,2146,1.8,0.69,2.2
2016-01-25,6.7,2.2,9.0,2132,0.3,0.7,2.4
2016-01-26,7.5,2.1,10.7,3753,0.6,0.71,3.3
2016-01-27,9.8,7.7,11.5,2212,1.7,1.01,4.5
2016-01-28,7.0,1.0,11.4,5763,0.2,0.66,3.7
2016-01-29,5.6,0.9,8.9,2350,0.0,0.65,4.3
2016-01-30,7.4,2.9,9.1,2339,6.8,0.73,5.1
2016-01-31,3.9,2.1,6.1,3112,0.0,0.69,4.1
2016-02-01,7.0,2.6,10.8,2430,2.8,0.73,4.9
2016-02-02,8.8,5.8,10.8,3453,0.2,0.9,5.7
2016-02-03,5.4,3.3,7.1,4095,0.1,0.75,4.4
2016-02-04,3.1,1.7,3.9,2573,1.6,0.67,3.8
2016-02-05,3.2,0.6,6.0,2623,1.6,0.62,2.6
2016-02-06,6.9,3.5,10.5,3943,0.0,0.77,2.9
2016-02-07,6.3,1.9,11.5,5052,1.1,0.7,3.5
2016-02-08,7.0,4.9,9.9,3090,1.4,0.84,5.5
2016-02-09,7.6,3.9,9.6,2960,1.1,0.79,5.1
2016-02-10,4.2,3.4,6.6,4605,0.6,0.75,4.2
2016-02-11,4.2,0.3,6.2,3010,0.5,0.61,3.3
2016-02-12,2.2,-0.1,6.2,6065,0.0,0.59,1.8
2016-02-13,1.4,-2.6,6.4,8272,0.3,0.51,2.3
2016-02-14,2.1,0.8,3.1,3120,2.1,0.62,3.1
2016-02-15,2.4,0.1,3.2,3180,2.0,0.6,2.7
2016-02-16,-0.3,-4.3,3.0,6116,0.0,0.44,2.1
2016-02-17,-0.6,-5.2,3.8,7391,1.6,0.41,2.4
2016-02-18,1.0,-3.1,3.7,5190,0.0,0.47,1.7
2016-02-19,2.2,0.1,5.5,5346,0.0,0.6,1.9
2016-02-20,2.9,-0.8,5.5,3495,6.9,0.56,4.4
2016-02-21,7.7,5.3,11.1,3706,9.0,0.87,5.2
2016-02-22,6.7,3.8,11.3,3627,3.5,0.79,4.8
2016-02-23,4.2,1.5,8.0,5256,1.4,0.67,3.1
2016-02-24,2.3,-1.3,6.0,6772,0.2,0.54,2.7
2016-02-25,1.3,-0.9,4.8,6723,0.1,0.56,2.1
2016-02-26,1.3,-3.6,5.0,5517,0.1,0.47,1.9
2016-02-27,0.3,-3.9,5.6,9888,0.0,0.46,2.0
2016-02-28,2.2,-0.7,7.1,8450,0.0,0.57,2.4
2016-02-29,0.3,-1.6,3.7,7934,0.0,0.53,3.2
2016-03-01,0.4,-2.7,5.0,10784,0.9,0.49,2.7
2016-03-02,3.6,0.4,8.7,5071,1.0,0.62,3.5
2016-03-03,2.7,-1.0,7.3,6469,0.0,0.56,2.1
2016-03-04,2.8,-3.2,7.9,9225,0.0,0.5,2.7
2016-03-05,5.2,3.4,8.1,4648,4.4,0.75,1.8
2016-03-06,3.1,-0.8,4.5,4556,3.2,0.56,2.5
2016-03-07,1.1,-2.5,5.8,8401,0.0,0.51,1.7
2016-03-08,0.7,-4.1,8.4,9554,0.0,0.47,1.6
2016-03-09,2.2,-3.3,8.3,13261,0.0,0.49,2.5
2016-03-10,3.5,-1.3,7.6,5832,0.0,0.55,2.0
2016-03-11,2.9,0.1,4.5,4939,0.0,0.6,2.3
2016-03-12,2.8,1.7,4.1,5017,0.0,0.66,2.4
2016-03-13,1.6,-2.3,4.4,5458,0.0,0.51,2.9
2016-03-14,1.9,-5.4,7.7,10029,0.1,0.43,2.4
2016-03-15,5.1,3.2,9.3,6916,0.0,0.75,2.5
2016-03-16,4.3,-1.8,9.9,15591,0.0,0.55,3.5
2016-03-17,3.9,-3.8,12.5,15948,0.0,0.51,1.8
2016-03-18,4.9,2.2,7.2,5491,0.0,0.69,2.1
2016-03-19,4.5,-0.7,8.4,6623,0.0,0.58,2.1
2016-03-20,5.8,3.4,7.9,5651,0.4,0.76,2.9
2016-03-21,5.9,2.3,8.4,6412,0.6,0.7,3.0
2016-03-22,6.2,4.1,9.3,6497,1.5,0.8,2.5
2016-03-23,4.6,1.1,7.5,6089,0.0,0.65,2.3
2016-03-24,3.9,0.8,8.6,9657,0.4,0.64,1.9
2016-03-25,6.4,4.6,7.7,6052,2.4,0.82,2.6
2016-03-26,8.5,4.5,14.0,14120,0.0,0.84,2.5
2016-03-27,7.6,3.6,14.7,10083,0.3,0.8,3.2
2016-03-28,8.5,1.2,15.3,12448,4.5,0.7,3.7
2016-03-29,5.9,2.4,10.4,7406,4.5,0.72,3.8
2016-03-30,6.9,1.8,11.8,9573,0.8,0.7,2.8
2016-03-31,6.7,2.6,10.9,11245,0.0,0.73,2.1
2016-04-01,6.9,1.4,12.5,18208,0.0,0.69,2.2
2016-04-02,8.5,0.9,16.0,18150,0.0,0.69,2.3
2016-04-03,11.9,5.9,19.3,11789,0.0,0.97,1.8
2016-04-04,14.0,8.5,20.5,9213,0.0,1.13,1.9
2016-04-05,14.2,9.1,20.3,10711,0.0,1.17,2.0
2016-04-06,10.8,7.0,14.9,13639,0.3,0.98,3.5
2016-04-07,8.3,1.6,13.4,15176,0.0,0.7,3.3
2016-04-08,6.2,-0.3,12.8,14750,0.0,0.62,1.8
2016-04-09,7.7,-1.4,14.6,15975,0.0,0.6,1.6
2016-04-10,7.7,2.9,13.0,14764,0.0,0.75,2.2
2016-04-11,8.1,1.8,13.7,7504,0.4,0.71,2.6
2016-04-12,9.6,5.8,14.1,11062,0.1,0.91,1.9
2016-04-13,11.5,6.8,17.6,15671,0.4,1.01,1.7
2016-04-14,8.6,1.5,13.4,10227,0.0,0.7,1.9
2016-04-15,7.7,0.6,13.6,11111,6.8,0.66,2.5
2016-04-16,10.2,4.0,15.4,14063,1.5,0.83,3.1
2016-04-17,8.5,1.2,12.6,13590,0.0,0.68,2.6
2016-04-18,7.4,0.3,11.5,13341,0.1,0.63,2.5
2016-04-19,9.7,7.0,13.5,17612,0.0,0.98,3.4
2016-04-20,9.0,2.7,14.1,16907,0.0,0.75,2.6
2016-04-21,8.0,-0.5,15.1,24030,0.0,0.63,1.9
2016-04-22,8.7,4.3,14.4,21579,0.0,0.84,2.3
2016-04-23,5.8,2.0,11.6,15806,0.0,0.7,2.6
2016-04-24,3.4,0.8,7.9,14246,1.8,0.63,2.7
2016-04-25,5.1,0.2,10.3,14334,3.8,0.63,3.2
2016-04-26,5.0,1.7,10.2,13349,0.1,0.69,3.4
2016-04-27,4.7,2.6,9.1,11997,2.8,0.72,3.8
2016-04-28,5.1,0.3,10.1,11234,1.1,0.62,2.6
2016-04-29,8.0,0.0,14.3,17921,0.0,0.65,2.6
2016-04-30,11.1,6.2,18.2,13548,0.0,0.97,2.1
2016-05-01,12.6,6.5,19.2,22577,0.0,0.99,2.8
2016-05-02,12.7,4.7,20.0,26074,0.0,0.91,1.7
2016-05-03,11.4,3.9,20.1,19977,0.8,0.87,2.6
2016-05-04,9.6,3.4,15.0,17748,0.0,0.8,2.1
2016-05-05,11.9,1.1,19.4,26755,0.0,0.73,2.3
2016-05-06,16.2,7.4,23.7,26733,0.0,1.11,2.6
2016-05-07,18.5,11.0,25.3,27076,0.0,1.36,2.8
2016-05-08,18.7,12.0,25.0,27172,0.0,1.44,3.5
2016-05-09,19.4,11.7,26.1,27265,0.0,1.43,3.1
2016-05-10,18.6,11.0,25.0,27603,0.0,1.37,2.6
2016-05-11,19.1,11.8,26.0,25461,0.0,1.45,3.0
2016-05-12,18.4,11.2,25.7,25543,0.0,1.39,3.2
2016-05-13,15.4,9.4,21.5,24628,0.0,1.2,2.6
2016-05-14,10.1,5.8,13.9,15360,0.5,0.92,3.5
2016-05-15,8.1,5.3,12.7,17164,1.5,0.87,3.6
2016-05-16,9.1,4.0,14.1,18723,0.1,0.82,3.1
2016-05-17,8.8,5.1,12.4,9895,0.8,0.87,2.6
2016-05-18,13.2,5.9,19.6,17962,0.0,0.96,1.9
2016-05-19,16.3,11.1,22.8,15130,0.0,1.35,1.7
2016-05-20,15.7,9.9,21.8,15556,0.0,1.25,2.4
2016-05-21,17.5,11.9,24.0,21518,0.0,1.42,2.0
2016-05-22,21.4,11.3,29.5,24973,1.1,1.45,2.5
2016-05-23,18.3,14.2,23.4,13802,17.1,1.62,2.7
2016-05-24,14.8,12.8,16.1,9929,0.0,1.42,2.8
2016-05-25,13.6,11.7,16.4,10091,0.0,1.33,1.6
2016-05-26,13.5,12.3,15.3,9999,0.0,1.38,1.4
2016-05-27,16.3,9.5,21.4,17122,0.0,1.21,1.5
2016-05-28,17.5,10.0,23.7,23242,0.0,1.27,1.8
2016-05-29,20.8,12.9,27.8,20113,0.0,1.57,2.4
2016-05-30,20.5,16.0,28.9,19895,2.2,1.86,2.9
2016-05-31,19.0,14.4,25.9,16881,3.8,1.67,2.0
2016-06-01,19.9,14.9,22.5,17039,2.9,1.66,2.2
2016-06-02,19.5,15.4,24.6,18085,8.1,1.74,1.8
2016-06-03,21.6,15.0,27.0,26763,0.0,1.74,1.8
2016-06-04,20.7,14.8,27.1,22212,0.0,1.71,1.6
2016-06-05,21.9,14.4,28.2,29368,0.1,1.69,1.6
2016-06-06,19.6,13.5,26.3,30669,0.0,1.59,1.9
2016-06-07,18.9,10.6,26.4,29038,0.0,1.35,1.6
2016-06-08,18.2,13.7,23.8,28678,0.0,1.58,2.3
2016-06-09,17.5,12.6,22.8,19009,0.0,1.46,2.1
2016-06-10,15.3,9.1,21.8,20683,0.0,1.19,2.3
2016-06-11,16.4,10.4,22.8,28734,0.0,1.29,1.5
2016-06-12,14.3,11.7,21.5,10376,0.7,1.38,2.1
2016-06-13,15.6,12.5,21.7,12938,0.8,1.44,2.2
2016-06-14,15.6,13.3,21.3,13329,3.2,1.5,2.0
2016-06-15,15.3,11.2,20.3,10912,2.5,1.32,1.8
2016-06-16,16.9,9.8,21.0,21510,2.4,1.22,1.6
2016-06-17,16.0,13.0,20.0,12963,8.5,1.48,2.6
2016-06-18,16.4,10.6,21.3,17943,0.2,1.3,2.4
2016-06-19,14.9,9.0,19.2,16795,0.1,1.15,2.0
2016-06-20,16.6,6.5,22.8,28150,0.7,1.03,2.3
2016-06-21,17.9,14.2,24.1,14622,0.6,1.62,2.2
2016-06-22,21.0,12.8,27.1,22783,0.0,1.54,1.6
2016-06-23,25.0,14.2,32.4,30683,0.0,1.75,2.2
2016-06-24,25.9,17.8,34.2,26975,1.5,2.15,1.9
2016-06-25,23.2,15.6,29.8,24796,3.7,1.85,2.3
2016-06-26,17.8,13.0,23.3,21852,0.0,1.5,2.5
2016-06-27,18.0,11.0,23.9,23366,2.1,1.35,2.4
2016-06-28,17.1,11.4,21.7,17237,0.7,1.36,1.7
2016-06-29,17.7,11.4,23.8,22950,0.0,1.37,2.6
2016-06-30,18.3,10.7,23.4,12367,0.0,1.31,2.2
2016-07-01,20.6,13.8,26.5,20619,0.4,1.61,2.5
2016-07-02,16.0,10.2,24.2,13985,4.5,1.3,2.7
2016-07-03,14.7,8.2,22.2,24384,0.1,1.13,2.3
2016-07-04,16.3,7.8,23.3,22705,0.0,1.12,1.6
2016-07-05,19.0,12.7,25.9,19630,1.6,1.52,2.9
2016-07-06,15.4,11.3,20.2,17952,1.6,1.33,3.8
2016-07-07,16.3,8.1,22.3,23373,0.0,1.13,1.9
2016-07-08,19.0,12.2,25.1,15231,2.6,1.45,2.4
2016-07-09,18.1,13.9,23.9,14061,0.0,1.59,2.7
2016-07-10,23.9,16.3,31.2,23894,0.0,1.92,2.2
2016-07-11,22.4,16.4,27.4,16650,0.0,1.88,3.0
2016-07-12,20.3,12.8,26.8,19517,0.0,1.53,2.2
2016-07-13,16.1,12.4,22.4,17962,8.1,1.45,1.9
2016-07-14,15.3,12.9,18.8,9983,0.9,1.44,3.1
2016-07-15,15.1,10.4,18.7,10451,0.4,1.25,3.0
2016-07-16,17.3,9.2,24.4,20975,0.0,1.22,2.1
2016-07-17,19.3,16.7,24.8,12386,2.7,1.89,2.0
2016-07-18,18.0,14.6,22.5,10714,0.0,1.65,2.1
2016-07-19,18.9,12.9,24.8,14055,0.0,1.52,1.6
2016-07-20,21.6,12.3,28.5,26266,0.0,1.52,1.8
2016-07-21,23.1,16.3,29.2,19456,0.5,1.89,1.9
2016-07-22,23.4,16.8,30.3,23639,0.0,1.96,1.7
2016-07-23,22.2,13.3,28.5,21829,0.0,1.6,1.5
2016-07-24,22.3,16.9,29.6,25494,0.0,1.97,1.4
2016-07-25,23.4,15.3,30.4,20828,0.8,1.82,1.5
2016-07-26,21.9,17.3,27.7,22247,0.1,1.99,1.6
2016-07-27,18.2,16.3,22.1,12404,5.8,1.81,1.8
2016-07-28,19.0,13.9,25.1,13213,14.3,1.6,1.7
2016-07-29,20.2,15.2,25.8,15987,0.1,1.74,2.3
2016-07-30,20.2,15.5,26.4,16290,0.0,1.77,2.1
2016-07-31,17.7,12.7,22.8,11805,5.4,1.46,1.7
2016-08-01,15.9,11.2,22.5,17376,1.3,1.34,2.2
2016-08-02,13.9,9.0,18.0,10951,2.6,1.14,1.9
2016-08-03,17.8,12.4,21.1,9063,4.3,1.42,2.6
2016-08-04,20.0,16.4,24.2,16298,1.6,1.83,2.5
2016-08-05,18.8,15.7,23.4,11614,0.0,1.75,2.2
2016-08-06,17.3,12.4,22.4,15900,1.9,1.45,2.3
2016-08-07,18.4,9.6,25.9,23055,0.0,1.27,2.2
2016-08-08,20.4,13.5,25.7,15620,0.1,1.58,3.1
2016-08-09,14.9,9.0,21.5,14099,0.5,1.17,2.3
2016-08-10,12.5,7.3,18.4,15334,0.0,1.04,2.3
2016-08-11,12.6,6.8,19.1,15607,1.0,1.01,2.4
2016-08-12,15.6,12.4,19.5,8633,1.1,1.41,2.5
2016-08-13,20.3,14.7,26.3,19810,0.0,1.71,2.6
2016-08-14,18.0,14.7,22.1,12510,0.1,1.65,1.9
2016-08-15,15.0,9.0,20.9,18775,0.0,1.18,1.8
2016-08-16,15.3,7.6,22.2,16328,0.0,1.1,1.7
2016-08-17,14.9,5.9,23.2,19262,0.0,1.02,1.5
2016-08-18,14.0,7.1,20.5,8459,0.1,1.04,1.6
2016-08-19,16.9,7.1,26.2,23898,1.2,1.12,1.4
2016-08-20,19.2,15.8,25.5,11889,4.3,1.8,2.0
2016-08-21,17.5,12.5,23.4,16393,1.0,1.47,2.6
2016-08-22,18.6,13.3,24.6,11942,0.8,1.55,2.3
2016-08-23,19.3,14.8,25.0,10941,0.0,1.7,1.6
2016-08-24,20.7,12.8,28.1,21500,0.0,1.56,1.9
2016-08-25,22.8,15.9,30.2,23279,0.0,1.86,2.2
2016-08-26,24.8,15.3,35.6,22120,0.0,1.93,1.9
2016-08-27,23.7,18.7,29.9,21080,0.0,2.17,1.7
2016-08-28,23.4,16.2,34.3,18271,2.7,1.99,2.4
2016-08-29,17.9,12.8,21.6,11066,0.5,1.46,2.7
2016-08-30,15.9,8.6,23.0,18775,0.0,1.18,1.9
2016-08-31,17.2,8.3,26.4,21916,0.0,1.2,1.6
2016-09-01,18.9,9.0,26.3,17517,0.0,1.23,1.8
2016-09-02,17.6,9.2,25.3,18246,0.0,1.25,1.6
2016-09-03,19.0,12.3,24.7,14772,0.0,1.45,1.9
2016-09-04,17.1,13.3,24.0,7596,15.2,1.53,2.7
2016-09-05,16.7,13.0,21.1,9106,2.8,1.48,2.6
2016-09-06,15.9,10.2,22.8,19144,0.0,1.27,1.5
2016-09-07,17.0,8.2,25.4,19407,0.0,1.17,1.8
2016-09-08,20.2,12.8,29.0,18620,0.0,1.56,1.9
2016-09-09,19.1,12.6,25.6,17737,0.0,1.49,1.6
2016-09-10,18.9,9.8,26.5,17890,0.0,1.31,1.3
2016-09-11,20.8,14.1,28.2,17426,0.0,1.66,1.4
2016-09-12,22.4,14.5,30.8,17572,0.0,1.74,1.5
2016-09-13,23.5,16.0,30.9,17412,0.0,1.89,1.8
2016-09-14,22.5,17.4,29.4,16551,0.0,2.01,2.2
2016-09-15,19.9,14.9,25.8,17187,0.0,1.71,2.5
2016-09-16,19.4,12.6,26.7,14956,0.2,1.51,1.8
2016-09-17,18.4,15.1,22.4,5821,0.4,1.68,2.6
2016-09-18,16.3,12.3,21.5,13300,0.0,1.42,2.7
2016-09-19,14.9,9.3,20.9,12296,0.0,1.18,1.9
2016-09-20,14.5,7.3,19.3,8158,0.0,1.04,1.3
2016-09-21,15.2,11.2,21.6,11746,0.0,1.33,1.4
2016-09-22,13.8,8.1,20.9,15084,0.0,1.12,1.2
2016-09-23,14.6,7.6,23.0,12227,0.0,1.1,1.5
2016-09-24,13.6,7.3,21.1,12550,0.0,1.06,1.5
2016-09-25,15.1,8.6,23.3,12408,0.0,1.17,1.8
2016-09-26,15.6,8.1,23.4,12627,0.0,1.15,1.4
2016-09-27,14.9,7.5,22.7,14545,0.0,1.1,1.3
2016-09-28,16.3,9.2,20.0,5936,0.0,1.17,3.2
2016-09-29,19.4,14.7,24.8,9548,0.4,1.68,3.6
2016-09-30,14.7,6.1,19.8,6637,0.0,0.98,2.4
2016-10-01,11.0,5.0,13.6,4729,7.7,0.86,1.8
2016-10-02,12.2,7.3,15.6,7818,6.4,1.01,2.3
2016-10-03,11.7,5.8,17.2,10422,2.6,0.94,2.4
2016-10-04,12.3,7.5,17.0,11547,0.3,1.04,3.0
2016-10-05,8.9,5.9,12.2,6172,2.2,0.9,3.2
2016-10-06,10.8,9.0,13.0,4356,2.9,1.11,3.1
2016-10-07,10.4,7.4,14.8,6396,2.5,1.02,2.2
2016-10-08,8.8,6.3,12.7,5417,1.5,0.93,2.0
2016-10-09,7.8,3.1,11.1,4855,1.2,0.75,1.6
2016-10-10,6.4,1.6,12.7,5012,0.5,0.7,1.2
2016-10-11,7.7,6.6,10.6,3997,3.3,0.95,2.0
2016-10-12,7.2,6.6,8.3,3927,0.3,0.94,2.4
2016-10-13,7.2,6.3,8.6,3858,0.0,0.92,3.2
2016-10-14,7.7,4.3,11.3,7103,0.0,0.81,3.4
2016-10-15,8.4,6.9,9.7,3722,0.7,0.96,2.3
2016-10-16,8.6,7.9,9.6,3655,0.1,1.03,1.7
2016-10-17,7.9,7.5,8.5,3589,0.0,1.0,1.9
2016-10-18,9.6,8.3,12.9,3667,5.2,1.06,1.9
2016-10-19,9.0,7.0,11.6,3814,0.7,0.97,2.5
2016-10-20,8.1,5.3,11.6,4449,1.8,0.87,2.1
2016-10-21,7.6,7.0,9.0,3333,1.2,0.97,1.9
2016-10-22,6.8,3.2,9.2,3545,0.0,0.75,1.5
2016-10-23,6.6,4.9,10.3,4430,0.0,0.85,1.5
2016-10-24,6.8,3.9,9.2,3150,2.0,0.79,1.7
2016-10-25,7.3,2.6,10.7,3090,0.2,0.73,1.5
2016-10-26,5.4,3.7,7.0,3032,0.0,0.76,1.2
2016-10-27,8.6,3.2,11.5,2975,0.2,0.77,2.0
2016-10-28,11.2,7.3,13.0,2919,0.0,1.0,2.7
2016-10-29,8.9,6.8,11.8,4437,0.0,0.96,2.5
2016-10-30,7.3,1.5,12.2,6913,0.0,0.69,1.7
2016-10-31,7.5,1.0,11.5,2755,0.4,0.66,1.5
2016-11-01,9.4,5.9,11.2,2703,2.2,0.9,2.1
2016-11-02,5.9,3.7,8.9,3610,1.7,0.77,3.3
2016-11-03,3.1,0.3,7.3,4672,1.2,0.61,1.8
2016-11-04,5.2,1.9,8.2,2727,0.7,0.69,2.2
2016-11-05,5.2,1.9,7.9,2504,2.6,0.68,2.1
2016-11-06,5.1,2.2,8.9,3312,1.9,0.71,2.2
2016-11-07,3.9,2.2,4.9,3030,0.3,0.69,2.2
2016-11-08,2.0,0.4,4.5,2366,2.1,0.61,2.1
2016-11-09,0.9,-1.6,3.8,4189,0.0,0.53,2.1
2016-11-10,0.7,-1.0,4.1,2821,0.0,0.55,2.3
2016-11-11,-0.7,-3.2,1.4,2720,0.0,0.47,2.2
2016-11-12,-2.6,-4.9,-0.7,2196,0.0,0.41,1.6
2016-11-13,-1.9,-5.3,3.0,6501,0.0,0.41,2.0
2016-11-14,-0.5,-5.4,4.8,6204,0.0,0.41,2.1
2016-11-15,3.5,1.4,8.2,2081,3.5,0.66,3.0
2016-11-16,7.0,1.6,9.5,2044,7.6,0.67,2.9
2016-11-17,8.2,6.3,10.1,2209,2.3,0.92,3.6
2016-11-18,8.6,4.8,12.1,2617,3.9,0.84,4.1
2016-11-19,5.0,0.9,7.1,1942,0.3,0.64,2.8
2016-11-20,6.1,0.8,11.5,2731,0.1,0.65,3.8
2016-11-21,8.9,5.9,13.0,2979,0.0,0.91,2.5
2016-11-22,8.4,4.6,12.8,2039,0.0,0.84,1.9
2016-11-23,5.4,3.5,8.8,2289,0.3,0.77,1.3
2016-11-24,4.7,1.2,8.0,4296,0.0,0.65,2.4
2016-11-25,0.8,-1.3,2.3,1767,0.0,0.54,2.3
2016-11-26,0.5,-1.2,4.7,1741,0.1,0.54,1.8
2016-11-27,4.5,1.5,7.4,5050,0.0,0.67,2.5
2016-11-28,-0.2,-5.2,3.3,4551,0.0,0.41,2.4
2016-11-29,-2.6,-5.5,2.0,5168,0.0,0.4,2.1
2016-11-30,1.4,-3.2,5.1,1651,3.7,0.48,3.0
2016-12-01,6.8,4.9,8.3,1631,1.0,0.83,4.2
2016-12-02,3.7,-2.2,8.2,4982,0.0,0.52,2.9
2016-12-03,-1.8,-4.8,3.2,4725,0.0,0.42,1.4
2016-12-04,-1.2,-3.0,2.1,2514,0.0,0.47,1.5
2016-12-05,-4.2,-5.8,-1.8,1562,0.0,0.38,1.5
2016-12-06,0.4,-1.8,1.7,1547,0.1,0.51,1.5
2016-12-07,1.2,-0.3,3.9,1701,0.1,0.58,2.3
2016-12-08,6.7,2.6,9.6,2103,0.0,0.72,3.0
2016-12-09,8.1,5.8,10.0,1510,0.0,0.89,2.8
2016-12-10,8.6,7.5,9.6,1500,14.1,0.99,2.8
2016-12-11,7.1,6.2,8.3,1490,6.1,0.91,3.7
2016-12-12,3.1,-1.9,7.1,1850,0.2,0.53,2.3
2016-12-13,1.3,-0.4,4.8,1475,0.7,0.57,1.6
2016-12-14,4.1,0.9,5.9,1550,0.0,0.63,1.4
2016-12-15,1.5,-0.3,2.5,1464,0.0,0.58,2.4
2016-12-16,-0.3,-3.5,2.1,4332,0.0,0.46,2.2
2016-12-17,-0.7,-1.6,1.0,1457,0.2,0.52,1.6
2016-12-18,4.4,1.0,6.4,1455,1.7,0.64,1.7
2016-12-19,3.9,2.5,4.6,1454,0.0,0.7,1.8
2016-12-20,0.6,-0.6,2.5,1454,0.0,0.57,2.4
2016-12-21,-0.6,-2.2,1.9,2909,0.0,0.5,2.4
2016-12-22,0.6,-2.5,3.7,1457,1.3,0.5,2.3
2016-12-23,3.5,1.0,5.4,1461,1.3,0.64,2.7
2016-12-24,5.0,1.2,7.1,1465,8.1,0.65,4.3
2016-12-25,7.3,3.1,10.1,1470,2.4,0.75,4.7
2016-12-26,7.6,2.2,10.3,1722,3.1,0.71,4.8
2016-12-27,6.8,4.4,8.0,1607,4.6,0.81,4.7
2016-12-28,6.6,5.3,7.3,1493,0.4,0.86,2.5
2016-12-29,2.7,-2.2,5.4,2121,0.0,0.51,1.7
2016-12-30,-0.9,-3.7,4.1,4581,0.0,0.46,1.8
2016-12-31,-0.4,-3.8,2.7,2858,0.0,0.45,2.2
2017-01-01,2.4,0.1,4.1,1525,0.4,0.6,2.5
2017-01-02,1.0,-0.7,4.1,1999,0.5,0.56,2.6
2017-01-03,2.7,0.7,5.5,1551,7.4,0.63,4.2
2017-01-04,2.3,-2.0,5.4,1991,2.8,0.52,5.5
2017-01-05,-4.4,-8.2,-0.8,3590,0.0,0.33,3.1
2017-01-06,-8.7,-12.3,-4.0,4740,0.0,0.24,1.6
2017-01-07,-5.1,-9.1,-0.4,1618,1.9,0.31,2.5
2017-01-08,-1.2,-5.0,0.6,1637,0.0,0.41,1.5
2017-01-09,-1.1,-3.1,0.4,1657,0.0,0.47,1.8
2017-01-10,-2.3,-5.6,0.0,4300,0.2,0.39,2.6
2017-01-11,-0.7,-3.8,3.2,1701,3.1,0.46,4.2
2017-01-12,2.5,0.9,5.2,2313,4.3,0.63,4.2
2017-01-13,0.5,-1.9,1.7,1749,2.7,0.51,4.7
2017-01-14,0.4,-1.1,2.9,2790,0.3,0.55,3.8
2017-01-15,0.0,-2.0,1.3,1802,0.5,0.51,2.8
2017-01-16,-3.6,-7.3,0.3,3713,0.0,0.35,1.7
2017-01-17,-3.9,-8.0,1.1,4142,0.0,0.33,1.9
2017-01-18,-4.2,-7.8,-1.9,1890,0.0,0.33,2.3
2017-01-19,-2.3,-3.9,-0.5,2018,0.0,0.44,1.9
2017-01-20,0.2,-0.8,1.5,1953,0.1,0.55,1.5
2017-01-21,1.2,0.4,2.9,1987,0.0,0.61,1.3
2017-01-22,-0.3,-2.3,2.5,4083,0.0,0.5,1.3
2017-01-23,-2.0,-3.5,-0.8,2058,0.0,0.46,1.4
2017-01-24,-0.8,-1.4,0.0,2094,0.0,0.53,1.5
2017-01-25,-0.2,-0.7,0.8,2132,0.0,0.56,1.9
2017-01-26,0.1,-1.8,2.2,5492,0.0,0.52,2.5
2017-01-27,-1.4,-3.7,1.8,6319,0.0,0.45,2.1
2017-01-28,-3.3,-6.1,-0.3,6249,0.0,0.38,1.9
2017-01-29,-0.4,-4.9,3.3,2460,0.0,0.42,2.1
2017-01-30,0.4,-0.5,2.0,2339,5.8,0.56,2.7
2017-01-31,0.0,-0.2,0.7,2384,0.0,0.58,2.0
2017-02-01,0.0,-1.4,0.4,2430,0.0,0.53,2.1
2017-02-02,-0.9,-3.4,0.6,3798,0.0,0.46,2.3
2017-02-03,1.1,-0.7,2.6,2524,0.6,0.56,2.0
2017-02-04,2.1,-0.2,4.1,2573,0.1,0.58,2.3
2017-02-05,1.2,0.3,2.0,2623,0.6,0.6,2.0
2017-02-06,-0.3,-1.9,0.7,4004,0.0,0.51,2.0
2017-02-07,-1.0,-2.3,-0.1,2727,0.0,0.49,2.4
2017-02-08,-3.6,-4.9,-2.0,2780,0.0,0.41,2.7
2017-02-09,-4.3,-6.1,-2.6,2834,0.0,0.37,2.8
2017-02-10,-3.2,-6.1,0.0,5685,0.0,0.38,2.8
2017-02-11,-2.2,-3.5,-1.0,2946,0.0,0.45,2.8
2017-02-12,-1.6,-3.2,0.5,4436,0.0,0.46,3.2
2017-02-13,-2.9,-6.9,2.5,8734,0.0,0.37,3.0
2017-02-14,-1.9,-8.8,5.1,9130,0.0,0.33,2.0
2017-02-15,0.9,-4.0,9.6,9333,0.0,0.48,1.3
2017-02-16,3.4,-3.8,12.1,7690,0.2,0.5,1.9
2017-02-17,4.2,1.3,6.3,3303,1.0,0.65,2.4
2017-02-18,3.7,1.4,5.5,3366,0.0,0.66,1.8
2017-02-19,3.3,-0.2,7.4,4140,2.3,0.6,2.5
2017-02-20,7.1,4.4,9.7,3495,3.3,0.82,4.1
2017-02-21,6.9,1.7,9.6,6104,2.8,0.68,4.2
2017-02-22,7.3,2.0,10.6,3700,2.3,0.7,5.5
2017-02-23,6.3,4.9,8.4,3768,7.9,0.84,5.2
2017-02-24,3.3,0.4,6.3,7224,0.3,0.61,4.5
2017-02-25,3.0,-0.4,6.2,5734,0.8,0.58,2.8
2017-02-26,7.4,4.5,9.9,3900,0.2,0.81,3.5
2017-02-27,9.5,7.2,13.8,5995,0.0,1.0,3.4
2017-02-28,8.0,3.5,11.0,6482,0.2,0.78,4.2
2017-03-01,3.8,0.6,7.6,6103,2.0,0.63,4.0
2017-03-02,4.3,1.3,5.5,4185,5.6,0.65,4.7
2017-03-03,6.1,1.0,11.4,10847,0.0,0.66,2.6
2017-03-04,8.5,3.0,16.0,8196,2.0,0.79,2.5
2017-03-05,8.0,5.4,11.8,4738,0.0,0.88,3.3
2017-03-06,5.5,2.6,11.3,8090,5.0,0.74,2.8
2017-03-07,2.8,2.0,3.7,4556,0.0,0.68,2.4
2017-03-08,5.3,2.1,9.5,5060,4.8,0.7,2.9
2017-03-09,6.9,4.7,10.5,5746,4.7,0.83,3.0
2017-03-10,6.8,1.9,10.1,6969,0.0,0.7,3.0
2017-03-11,3.8,0.6,8.9,6979,0.0,0.63,1.7
2017-03-12,2.6,-1.4,7.2,11175,0.0,0.55,2.6
2017-03-13,3.6,-1.4,8.7,9604,0.0,0.55,1.7
2017-03-14,6.9,-0.4,12.1,6457,0.0,0.61,2.3
2017-03-15,9.5,3.5,12.8,13602,0.0,0.78,2.7
2017-03-16,7.0,1.7,13.5,7933,0.0,0.71,1.9
2017-03-17,6.8,2.5,10.7,6544,4.6,0.73,3.6
2017-03-18,6.0,2.2,10.3,7951,1.7,0.71,5.2
2017-03-19,4.0,-0.9,9.9,5586,11.9,0.58,3.7
2017-03-20,10.7,9.5,12.0,5571,3.3,1.14,3.8
2017-03-21,8.8,2.6,12.2,8352,0.9,0.73,3.2
2017-03-22,5.6,-0.7,10.7,15362,0.0,0.6,2.1
2017-03-23,5.9,2.4,7.3,5811,1.0,0.71,2.4
2017-03-24,6.6,0.0,13.5,17653,0.0,0.64,2.4
2017-03-25,5.9,0.0,12.4,13641,0.0,0.63,2.6
2017-03-26,6.3,-0.6,14.0,16590,0.0,0.62,1.8
2017-03-27,8.4,-0.3,17.6,18266,0.0,0.67,1.7
2017-03-28,11.2,0.7,20.4,18435,0.0,0.73,1.8
2017-03-29,9.8,5.1,12.8,6498,3.1,0.87,2.9
2017-03-30,13.1,9.7,18.6,9885,0.0,1.19,1.9
2017-03-31,14.6,7.6,21.9,16335,0.0,1.08,2.2
2017-04-01,14.4,5.8,21.7,16900,2.2,0.99,1.7
2017-04-02,12.7,7.1,17.1,11883,0.3,1.01,2.1
2017-04-03,8.7,5.0,10.3,6691,0.0,0.85,1.9
2017-04-04,9.6,4.0,14.5,8479,0.0,0.83,1.5
2017-04-05,9.2,5.6,13.2,11469,0.3,0.9,2.7
2017-04-06,8.6,4.4,13.6,16548,0.1,0.84,3.5
2017-04-07,9.1,6.9,11.2,7006,0.1,0.96,3.4
2017-04-08,10.4,7.7,14.0,10365,0.0,1.03,1.8
2017-04-09,12.2,6.2,19.4,20358,0.0,0.98,1.3
2017-04-10,10.3,5.4,17.2,16638,0.1,0.92,3.5
2017-04-11,7.6,3.9,12.1,12763,3.6,0.8,3.1
2017-04-12,8.4,6.4,10.8,7392,6.3,0.94,3.7
2017-04-13,8.1,5.1,12.4,14769,0.1,0.87,3.7
2017-04-14,8.2,3.7,14.1,12285,0.1,0.81,2.6
2017-04-15,7.5,3.6,11.6,11588,3.7,0.79,3.7
2017-04-16,5.9,3.4,9.5,11681,1.6,0.76,3.0
2017-04-17,5.9,1.5,11.4,17041,1.0,0.68,2.6
2017-04-18,4.0,0.2,7.7,10714,0.0,0.61,3.0
2017-04-19,2.7,-2.2,7.9,15767,0.0,0.52,2.7
2017-04-20,4.5,-4.3,11.0,16800,0.0,0.47,1.9
2017-04-21,9.7,5.3,15.1,10733,1.3,0.9,3.3
2017-04-22,6.8,4.1,11.1,15610,1.0,0.8,3.9
2017-04-23,5.9,2.2,9.3,13125,1.1,0.71,3.3
2017-04-24,7.6,0.4,14.6,10502,1.9,0.66,2.7
2017-04-25,5.7,0.0,11.0,13299,0.6,0.63,2.7
2017-04-26,5.3,-1.1,12.0,17183,0.0,0.59,1.6
2017-04-27,5.3,-1.7,12.3,20138,0.0,0.57,1.7
2017-04-28,6.9,-2.1,13.3,15343,0.1,0.56,1.9
2017-04-29,6.1,0.8,10.6,15790,0.3,0.65,1.9
2017-04-30,7.7,0.0,13.8,24656,0.0,0.65,3.4
2017-05-01,11.1,4.8,16.3,18012,0.0,0.88,3.5
2017-05-02,9.9,8.7,12.0,10358,3.3,1.09,3.2
2017-05-03,11.4,8.5,15.8,13336,3.3,1.09,2.7
2017-05-04,7.8,6.7,8.7,8907,5.5,0.95,2.9
2017-05-05,9.5,7.4,11.6,8967,0.1,0.99,2.0
2017-05-06,11.9,8.6,16.6,12816,0.0,1.1,2.1
2017-05-07,13.0,8.0,19.4,20359,0.9,1.1,2.2
2017-05-08,8.0,4.0,10.3,9508,0.4,0.8,2.8
2017-05-09,7.6,3.8,12.5,16090,0.1,0.8,1.9
2017-05-10,8.0,2.1,12.4,11224,0.0,0.72,1.9
2017-05-11,10.9,0.8,18.5,27232,0.2,0.71,2.2
2017-05-12,15.0,9.1,22.7,18399,0.1,1.19,2.2
2017-05-13,13.5,9.0,18.8,11516,3.6,1.14,1.7
2017-05-14,14.1,9.0,20.5,15052,0.8,1.17,1.7
2017-05-15,15.0,8.5,20.1,19471,0.0,1.13,1.7
2017-05-16,14.0,8.0,17.3,9802,0.4,1.07,1.5
2017-05-17,18.9,12.7,25.0,21722,0.0,1.51,2.1
2017-05-18,20.6,13.8,26.9,27419,0.0,1.61,2.2
2017-05-19,21.8,14.5,28.7,25483,0.0,1.7,2.6
2017-05-20,15.1,8.6,20.1,16887,0.0,1.13,2.4
2017-05-21,14.5,5.5,21.8,23222,0.0,0.97,1.7
2017-05-22,15.3,5.5,23.2,24160,0.0,0.99,1.6
2017-05-23,16.7,8.0,26.0,22705,4.1,1.18,2.4
2017-05-24,13.6,10.3,19.2,12793,0.1,1.25,3.0
2017-05-25,14.1,8.5,20.8,21419,0.0,1.14,2.3
2017-05-26,17.3,11.6,23.6,22856,0.0,1.39,2.0
2017-05-27,19.2,10.9,26.8,29986,0.0,1.38,2.1
2017-05-28,22.7,11.6,31.6,28011,0.0,1.53,2.0
2017-05-29,22.1,13.0,29.1,27931,0.4,1.58,1.7
2017-05-30,20.5,15.5,26.5,20113,9.2,1.78,2.4
2017-05-31,17.5,9.9,22.9,26494,0.0,1.26,3.0
2017-06-01,14.6,7.8,21.8,29200,0.0,1.1,1.9
2017-06-02,16.5,5.3,25.0,29619,0.0,0.99,1.4
2017-06-03,16.5,9.9,21.6,17068,3.5,1.23,1.8
2017-06-04,15.8,9.2,19.3,15060,8.8,1.17,2.6
2017-06-05,15.8,8.9,21.5,23103,0.0,1.17,1.7
2017-06-06,16.6,11.0,24.5,18164,3.1,1.36,3.1
2017-06-07,13.8,10.9,19.2,16530,3.0,1.29,4.3
2017-06-08,15.2,11.2,19.8,14512,0.0,1.31,2.5
2017-06-09,18.6,10.8,28.2,23707,1.4,1.41,2.5
2017-06-10,17.5,11.0,23.5,21686,0.0,1.35,1.8
2017-06-11,20.9,10.8,29.5,24381,0.6,1.41,2.0
2017-06-12,18.5,15.6,21.7,17126,0.1,1.73,3.6
2017-06-13,16.0,12.1,19.2,16883,0.0,1.38,2.9
2017-06-14,15.8,9.9,22.5,24549,0.0,1.24,1.8
2017-06-15,19.8,8.9,27.5,25197,10.1,1.25,1.9
2017-06-16,16.8,13.1,20.2,17675,3.0,1.47,3.7
2017-06-17,16.7,10.2,22.9,20616,0.0,1.27,3.0
2017-06-18,17.7,8.2,25.9,24704,0.0,1.17,1.7
2017-06-19,22.4,12.7,30.4,28918,0.0,1.6,1.4
2017-06-20,21.2,14.3,27.5,27387,0.0,1.67,2.2
2017-06-21,17.1,6.6,24.0,28788,0.0,1.07,1.7
2017-06-22,18.9,11.2,26.4,20364,19.6,1.41,2.4
2017-06-23,19.2,17.1,22.9,13087,0.1,1.9,3.6
2017-06-24,17.8,16.0,20.7,10531,0.7,1.77,3.1
2017-06-25,16.9,14.9,21.2,11673,7.9,1.66,3.0
2017-06-26,16.4,9.7,22.0,21099,0.3,1.23,2.6
2017-06-27,15.9,8.1,22.5,28097,0.0,1.12,1.8
2017-06-28,19.6,12.8,26.7,19162,5.8,1.54,2.5
2017-06-29,17.8,15.3,22.2,10359,77.8,1.7,2.7
2017-06-30,15.4,14.8,17.0,10346,18.5,1.63,3.4
2017-07-01,15.4,14.1,17.7,10331,6.5,1.56,3.2
2017-07-02,15.3,10.7,18.8,14894,1.3,1.28,3.1
2017-07-03,16.2,9.6,22.2,24156,0.7,1.22,2.7
2017-07-04,16.3,13.3,20.7,20191,0.3,1.51,2.3
2017-07-05,15.8,12.0,20.9,15720,0.4,1.39,1.6
2017-07-06,19.5,12.9,26.1,22930,0.3,1.53,1.4
2017-07-07,19.8,16.0,27.2,15542,9.3,1.84,2.1
2017-07-08,19.0,15.2,24.7,15133,0.8,1.72,2.3
2017-07-09,18.3,11.8,24.0,29544,0.0,1.42,1.6
2017-07-10,18.0,13.1,23.1,11150,9.8,1.52,2.0
2017-07-11,17.6,12.9,23.8,14788,0.6,1.51,2.5
2017-07-12,15.8,11.6,19.1,10585,11.9,1.34,2.9
2017-07-13,14.7,9.6,19.8,16108,0.0,1.19,2.4
2017-07-14,15.7,9.2,21.6,18845,0.0,1.2,1.7
2017-07-15,17.0,12.7,22.8,19558,0.4,1.46,1.9
2017-07-16,16.8,10.5,21.3,14101,1.3,1.27,2.0
2017-07-17,17.6,11.9,22.9,22107,0.0,1.4,1.8
2017-07-18,17.6,9.9,24.5,27580,0.0,1.27,1.7
2017-07-19,21.4,12.8,28.4,26516,7.0,1.55,2.3
2017-07-20,22.1,18.1,28.5,20192,0.1,2.09,2.3
2017-07-21,20.7,16.2,25.7,22139,0.0,1.83,1.8
2017-07-22,19.3,15.7,23.8,17457,10.2,1.75,2.0
2017-07-23,19.1,14.1,24.0,16405,4.1,1.61,2.5
2017-07-24,18.3,12.3,23.1,15976,39.7,1.45,1.9
2017-07-25,15.9,15.2,18.2,9580,28.7,1.66,3.1
2017-07-26,16.5,13.6,19.2,9657,9.4,1.51,3.0
2017-07-27,17.4,11.1,23.1,15308,0.6,1.35,2.3
2017-07-28,16.8,12.6,22.9,19330,2.1,1.47,2.6
2017-07-29,19.2,13.5,25.4,11855,0.2,1.58,2.5
2017-07-30,23.8,17.4,30.8,19929,0.9,2.06,2.7
2017-07-31,22.1,16.7,28.4,21085,1.9,1.93,1.9
2017-08-01,21.6,16.4,28.6,16835,0.4,1.91,1.8
2017-08-02,21.3,17.7,26.0,16642,0.2,1.99,1.7
2017-08-03,21.9,16.2,28.0,14126,0.7,1.86,2.6
2017-08-04,20.3,15.2,23.8,14789,0.0,1.71,3.1
2017-08-05,17.6,14.7,21.5,15447,4.2,1.63,2.4
2017-08-06,16.9,10.2,22.5,23979,0.0,1.27,2.1
2017-08-07,17.8,9.8,24.8,23275,0.0,1.28,1.8
2017-08-08,19.9,13.1,25.5,21849,0.0,1.55,2.4
2017-08-09,19.6,14.3,25.5,22833,0.0,1.64,2.2
2017-08-10,19.8,15.6,24.9,15538,37.7,1.77,1.9
2017-08-11,16.7,14.9,18.8,8642,2.8,1.64,2.1
2017-08-12,15.4,13.4,18.0,8578,1.7,1.49,2.9
2017-08-13,17.1,12.3,22.2,16826,0.1,1.44,1.9
2017-08-14,17.8,10.2,24.1,22059,0.0,1.3,1.8
2017-08-15,21.5,15.3,27.8,21946,0.1,1.78,2.1
2017-08-16,19.3,15.2,23.5,11841,0.5,1.71,1.5
2017-08-17,19.6,12.7,25.3,15508,3.1,1.5,1.9
2017-08-18,19.2,15.9,22.8,8763,11.1,1.76,2.2
2017-08-19,16.6,11.8,20.9,15199,0.0,1.37,2.7
2017-08-20,14.3,10.1,20.4,16027,2.2,1.24,2.5
2017-08-21,14.8,11.4,19.4,11428,1.1,1.33,2.2
2017-08-22,13.8,8.6,19.3,11228,0.0,1.12,1.7
2017-08-23,15.0,7.9,22.5,19713,0.0,1.12,1.4
2017-08-24,16.2,9.9,22.0,13444,0.0,1.24,2.1
2017-08-25,17.5,12.6,22.7,16856,0.1,1.46,1.6
2017-08-26,17.7,11.0,22.9,14034,7.3,1.33,1.5
2017-08-27,18.2,12.8,22.9,15051,0.0,1.47,1.9
2017-08-28,16.6,11.0,23.3,19741,0.0,1.34,1.3
2017-08-29,18.5,10.6,26.4,21936,0.0,1.35,1.7
2017-08-30,21.5,13.8,29.5,18802,0.0,1.65,2.1
2017-08-31,19.0,12.0,23.8,11410,2.9,1.44,2.6
2017-09-01,14.6,9.7,18.6,11093,1.1,1.19,1.5
2017-09-02,14.3,8.3,20.2,18387,0.1,1.13,1.4
2017-09-03,13.1,6.5,20.1,16624,0.1,1.01,1.3
2017-09-04,13.4,5.5,21.3,19286,0.0,0.96,1.6
2017-09-05,14.9,5.9,23.3,17532,0.0,1.0,1.7
2017-09-06,16.2,12.8,22.6,8257,2.0,1.48,3.1
2017-09-07,14.1,11.4,18.9,8802,0.2,1.32,2.9
2017-09-08,14.0,11.7,16.0,6613,2.0,1.33,3.2
2017-09-09,15.0,12.3,19.3,8931,2.7,1.41,2.6
2017-09-10,14.0,8.9,20.6,13390,0.0,1.16,2.3
2017-09-11,14.2,10.8,18.3,8947,0.1,1.27,3.5
2017-09-12,13.2,9.7,18.9,9973,2.3,1.2,3.3
2017-09-13,12.8,8.6,17.6,10070,7.8,1.11,5.0
2017-09-14,12.0,10.5,16.0,9058,2.8,1.24,4.4
2017-09-15,12.8,6.4,17.2,11655,0.0,0.96,2.7
2017-09-16,11.3,5.2,17.7,14212,1.3,0.92,1.5
2017-09-17,10.9,4.0,18.7,15940,2.0,0.86,1.2
2017-09-18,11.8,8.2,17.7,13146,0.0,1.09,1.6
2017-09-19,10.7,5.5,16.3,8164,0.0,0.91,1.6
2017-09-20,11.9,6.3,16.5,8066,0.0,0.96,2.0
2017-09-21,12.9,9.2,16.9,5679,0.0,1.14,1.3
2017-09-22,13.0,6.3,19.5,11935,0.0,0.98,1.1
2017-09-23,11.7,4.6,17.0,10208,5.1,0.88,1.2
2017-09-24,14.7,12.8,17.2,5347,0.3,1.43,1.4
2017-09-25,14.1,12.7,16.8,5545,0.0,1.42,1.7
2017-09-26,14.6,12.9,18.3,8845,0.1,1.45,1.9
2017-09-27,14.7,12.0,18.6,5928,0.0,1.37,1.7
2017-09-28,14.8,12.0,18.2,9431,0.2,1.36,1.7
2017-09-29,15.5,10.9,20.3,12514,0.0,1.31,1.8
2017-09-30,13.7,8.9,19.6,12190,0.4,1.15,2.2
2017-10-01,12.3,8.0,15.1,4979,2.2,1.06,1.9
2017-10-02,11.8,8.5,13.9,4729,7.3,1.08,3.2
2017-10-03,12.6,11.1,16.0,6877,2.8,1.29,3.1
2017-10-04,11.9,10.3,13.0,4663,2.9,1.21,3.6
2017-10-05,10.8,9.1,14.8,4839,9.3,1.12,4.8
2017-10-06,10.5,8.5,14.6,7500,1.7,1.08,3.8
2017-10-07,10.5,9.3,11.9,4438,10.6,1.13,3.8
2017-10-08,10.0,2.6,14.2,11437,0.0,0.75,3.0
2017-10-09,8.4,3.2,13.5,9278,1.6,0.78,2.0
2017-10-10,11.8,9.3,13.7,4139,0.4,1.14,2.7
2017-10-11,14.3,13.4,15.5,4146,0.9,1.48,3.1
2017-10-12,13.5,10.5,16.1,9059,0.0,1.24,3.9
2017-10-13,12.0,7.5,16.0,8009,0.0,1.03,2.2
2017-10-14,15.2,12.3,18.5,3934,0.0,1.41,2.1
2017-10-15,14.7,11.3,20.6,8610,0.0,1.34,1.7
2017-10-16,14.7,7.8,21.9,11094,0.0,1.11,1.8
2017-10-17,13.6,9.2,19.7,7041,0.0,1.18,1.8
2017-10-18,11.6,7.8,16.9,6572,0.0,1.06,1.2
2017-10-19,10.9,7.0,14.2,5106,0.0,0.98,1.7
2017-10-20,11.7,8.1,14.5,4881,1.5,1.05,2.3
2017-10-21,11.4,9.9,13.0,3395,2.4,1.18,2.2
2017-10-22,11.2,9.9,14.3,4860,0.3,1.18,3.2
2017-10-23,10.0,7.4,12.2,3271,1.7,1.0,2.7
2017-10-24,11.6,9.5,14.4,3616,5.9,1.16,2.4
2017-10-25,14.4,10.4,18.1,3551,0.0,1.24,3.0
2017-10-26,11.8,9.6,13.7,3090,0.2,1.16,2.3
2017-10-27,10.6,8.2,12.9,4339,1.0,1.06,3.6
2017-10-28,10.1,8.8,11.7,2975,4.9,1.09,5.0
2017-10-29,7.7,4.8,11.9,4002,6.3,0.85,6.2
2017-10-30,5.4,2.6,9.5,7774,0.0,0.72,3.1
2017-10-31,7.1,4.3,9.7,3120,2.4,0.8,2.3
2017-11-01,9.9,7.9,11.7,2755,12.0,1.03,2.7
2017-11-02,9.3,7.3,11.4,3188,0.2,1.0,2.8
2017-11-03,8.3,6.2,11.3,3910,0.0,0.93,1.6
2017-11-04,7.5,2.8,10.9,5205,0.0,0.74,2.1
2017-11-05,8.8,7.0,10.4,2552,9.0,0.96,2.5
2017-11-06,5.5,1.4,10.2,6659,0.0,0.67,1.8
2017-11-07,4.1,0.2,8.9,4794,0.0,0.62,2.0
2017-11-08,7.1,5.8,9.6,3086,0.0,0.89,1.7
2017-11-09,6.3,5.4,7.6,2366,1.0,0.86,1.8
2017-11-10,6.7,4.5,8.4,2322,5.7,0.82,3.9
2017-11-11,4.6,2.6,7.5,2604,1.8,0.72,3.7
2017-11-12,3.4,1.0,6.1,2344,2.4,0.64,2.5
2017-11-13,4.0,-1.1,8.2,3838,0.0,0.56,2.2
2017-11-14,2.8,-2.4,7.0,2209,0.1,0.51,2.2
2017-11-15,7.7,6.6,8.9,2118,0.5,0.94,1.8
2017-11-16,7.8,6.6,9.7,2081,0.2,0.94,1.9
2017-11-17,5.7,0.5,9.4,5784,0.0,0.63,1.8
2017-11-18,3.6,1.4,6.8,2109,1.7,0.66,3.5
2017-11-19,4.5,2.1,7.1,2716,2.0,0.69,4.4
2017-11-20,4.0,1.3,6.2,3017,0.5,0.65,3.3
2017-11-21,4.2,3.3,5.3,1910,4.3,0.74,2.8
2017-11-22,7.8,3.9,10.4,1879,0.2,0.79,3.2
2017-11-23,7.4,1.8,11.8,2464,0.0,0.7,3.5
2017-11-24,6.4,1.8,9.1,1961,1.3,0.69,2.5
2017-11-25,3.7,1.5,4.6,1793,9.9,0.66,2.3
2017-11-26,3.3,0.3,4.9,1950,0.0,0.6,3.6
2017-11-27,4.0,2.7,5.4,1923,5.8,0.71,4.3
2017-11-28,5.3,3.7,6.7,1987,0.0,0.76,3.5
2017-11-29,2.3,-0.5,6.1,2542,0.0,0.57,1.7
2017-11-30,0.7,-0.7,2.4,1672,0.1,0.56,1.7
2017-12-01,1.8,-0.3,3.6,1651,0.7,0.58,1.4
2017-12-02,1.6,0.4,2.7,1631,0.0,0.6,1.7
2017-12-03,0.6,-2.1,3.8,1612,1.8,0.51,2.7
2017-12-04,3.9,1.9,5.8,2924,1.0,0.67,3.3
2017-12-05,6.9,4.5,7.5,1577,0.9,0.81,3.7
2017-12-06,7.3,7.0,7.5,1562,0.0,0.96,4.0
2017-12-07,6.0,4.3,7.8,2430,3.7,0.8,4.2
2017-12-08,4.0,0.3,6.0,2077,0.8,0.61,3.9
2017-12-09,1.7,-0.1,2.9,1521,0.9,0.58,4.2
2017-12-10,0.2,-1.4,1.8,1841,3.5,0.53,4.1
2017-12-11,1.9,0.4,5.5,1500,3.0,0.61,3.0
2017-12-12,3.5,0.8,6.8,1490,3.7,0.63,4.0
2017-12-13,1.9,-0.4,3.5,4097,6.1,0.57,4.0
2017-12-14,3.0,0.9,4.6,1475,0.5,0.63,4.5
2017-12-15,0.5,-1.2,1.9,1469,1.4,0.54,2.3
2017-12-16,2.1,0.4,3.1,1464,0.3,0.61,2.3
2017-12-17,1.5,0.3,2.5,1986,0.0,0.6,2.5
2017-12-18,0.0,-3.1,2.7,4447,0.4,0.47,1.7
2017-12-19,2.2,-0.2,4.0,1455,1.1,0.58,1.6
2017-12-20,3.4,0.2,5.4,1454,0.8,0.6,1.5
2017-12-21,6.4,5.1,7.6,1696,0.0,0.85,2.5
2017-12-22,5.8,4.5,7.2,1495,0.0,0.81,2.3
2017-12-23,7.0,4.2,9.3,1457,0.0,0.8,4.3
2017-12-24,9.5,8.8,10.0,1461,0.0,1.09,4.8
2017-12-25,8.3,4.8,9.9,1465,0.0,0.83,3.6
2017-12-26,4.3,0.8,8.0,2162,0.1,0.64,3.8
2017-12-27,2.7,-1.2,4.0,1966,0.0,0.54,2.6
2017-12-28,1.8,-2.0,4.2,1484,0.0,0.51,3.3
2017-12-29,1.9,-1.4,4.8,1904,0.0,0.54,3.6
2017-12-30,2.9,-0.8,9.5,1502,3.0,0.58,4.0
2017-12-31,8.1,3.8,11.5,1513,2.4,0.79,4.1
2018-01-01,7.3,1.1,11.1,2983,4.0,0.66,4.4
2018-01-02,4.3,1.6,5.9,1579,3.6,0.66,3.4
2018-01-03,5.1,2.0,7.0,1678,14.0,0.68,5.8
2018-01-04,6.0,5.0,7.5,1609,4.3,0.84,4.2
2018-01-05,5.8,1.5,8.1,1582,0.5,0.67,3.6
2018-01-06,4.1,2.2,6.3,2933,0.0,0.69,1.9
2018-01-07,0.1,-3.6,2.9,2485,0.0,0.46,3.0
2018-01-08,-2.3,-5.7,1.3,4826,0.0,0.39,3.4
2018-01-09,1.6,-1.1,3.8,1657,0.7,0.55,3.1
2018-01-10,1.1,0.0,2.1,1679,0.0,0.59,1.7
2018-01-11,0.9,-0.7,2.0,1701,2.4,0.56,1.2
2018-01-12,1.4,0.8,1.7,1725,0.0,0.62,1.8
2018-01-13,0.1,-0.6,0.7,1749,0.0,0.56,2.9
2018-01-14,-1.5,-3.0,0.1,4404,0.0,0.47,2.9
2018-01-15,0.6,-1.9,2.8,3060,3.4,0.52,3.9
2018-01-16,2.4,0.6,4.3,2207,2.9,0.62,4.3
2018-01-17,1.4,0.4,2.3,1859,1.6,0.6,4.3
2018-01-18,2.0,0.3,4.4,1890,6.5,0.61,5.3
2018-01-19,2.0,0.9,3.5,1921,0.5,0.63,2.8
2018-01-20,0.9,-1.5,3.0,2052,0.1,0.53,2.3
2018-01-21,-0.3,-1.3,0.6,1987,0.0,0.53,1.8
2018-01-22,0.0,-1.2,1.2,2022,0.1,0.54,2.5
2018-01-23,2.0,-0.2,5.5,2058,1.3,0.59,2.6
2018-01-24,8.7,5.1,11.1,2300,0.1,0.86,3.9
2018-01-25,8.1,6.2,10.7,2132,2.5,0.92,2.6
2018-01-26,6.1,2.4,7.7,2172,0.8,0.7,1.4
2018-01-27,4.9,1.2,6.6,2212,0.6,0.65,2.0
2018-01-28,7.4,5.2,10.1,2523,2.5,0.86,4.6
2018-01-29,9.0,4.8,10.7,2296,3.1,0.84,5.2
2018-01-30,4.3,0.5,6.7,2450,0.0,0.62,3.2
2018-01-31,4.4,-0.2,8.8,2384,7.2,0.6,3.7
2018-02-01,3.1,0.9,5.8,5607,0.0,0.63,3.3
2018-02-02,2.4,0.0,4.1,3109,1.8,0.59,2.9
2018-02-03,0.2,-1.0,2.0,2524,0.1,0.55,2.0
2018-02-04,-0.4,-2.4,0.7,3693,0.0,0.49,2.1
2018-02-05,-1.2,-4.9,1.8,4712,0.0,0.41,2.5
2018-02-06,-3.7,-7.1,-0.1,7810,0.0,0.35,1.9
2018-02-07,-2.7,-6.1,2.1,7744,0.0,0.38,1.5
2018-02-08,-4.9,-9.0,1.2,8109,0.0,0.31,1.2
2018-02-09,-3.8,-8.9,1.0,7415,0.0,0.31,1.8
2018-02-10,0.6,-1.6,4.1,5113,0.0,0.53,1.8
2018-02-11,0.6,-2.3,2.7,3139,1.1,0.5,3.6
2018-02-12,1.0,-1.9,4.5,4762,0.0,0.52,3.1
2018-02-13,-0.3,-4.8,5.5,8668,0.0,0.43,2.1
2018-02-14,-1.5,-7.2,4.6,8997,0.0,0.37,2.0
2018-02-15,-0.5,-3.5,2.2,4735,0.4,0.46,3.1
2018-02-16,2.5,-0.3,6.3,7416,0.0,0.58,2.3
2018-02-17,2.2,0.1,4.7,3303,0.0,0.6,1.6
2018-02-18,1.3,-2.0,4.2,3366,0.0,0.51,1.6
2018-02-19,0.1,-2.3,5.7,6695,0.0,0.51,1.4
2018-02-20,-0.1,-3.1,4.2,9384,0.0,0.48,1.7
2018-02-21,-0.7,-4.4,4.0,6395,0.0,0.44,2.1
2018-02-22,-1.1,-5.0,2.0,5392,0.0,0.41,2.9
2018-02-23,-2.7,-5.9,1.0,10390,0.0,0.39,3.2
2018-02-24,-2.4,-7.2,1.3,9256,0.0,0.35,4.0
2018-02-25,-6.1,-9.8,-2.0,6952,0.4,0.29,3.2
2018-02-26,-7.0,-10.6,-2.7,7519,0.1,0.27,3.2
2018-02-27,-8.4,-12.8,-3.4,5605,0.4,0.23,2.8
2018-02-28,-10.9,-15.7,-6.1,11600,0.0,0.18,3.7
2018-03-01,-9.1,-12.6,-4.0,12073,0.0,0.23,4.4
2018-03-02,-9.3,-14.1,-4.0,12072,0.0,0.21,3.5
2018-03-03,-7.6,-13.2,-2.2,12230,0.0,0.23,2.8
2018-03-04,-2.7,-8.3,3.1,10169,0.2,0.34,2.7
2018-03-05,2.0,-2.3,9.8,7895,0.0,0.54,2.4
2018-03-06,1.4,-2.9,5.7,8006,3.6,0.49,1.7
2018-03-07,0.9,0.1,2.2,4556,1.8,0.59,2.1
2018-03-08,3.8,0.3,9.4,6859,2.1,0.62,3.3
2018-03-09,4.2,-2.1,9.4,8169,0.1,0.54,2.7
2018-03-10,4.0,-1.2,7.9,4784,0.4,0.56,2.2
2018-03-11,9.1,2.1,15.4,10068,0.0,0.74,2.0
2018-03-12,8.0,5.1,9.4,4939,9.8,0.85,2.2
2018-03-13,8.0,4.0,10.9,5287,0.9,0.79,3.7
2018-03-14,3.8,1.8,5.6,5095,0.0,0.67,2.1
2018-03-15,2.5,1.2,5.8,5723,0.0,0.64,4.0
2018-03-16,-0.1,-3.6,1.2,5253,0.0,0.45,4.1
2018-03-17,-3.0,-5.2,-0.7,10834,0.0,0.4,5.5
2018-03-18,-2.3,-5.7,1.2,16042,0.0,0.39,5.2
2018-03-19,-1.7,-7.6,4.8,16214,0.7,0.36,2.6
2018-03-20,-0.7,-6.5,4.6,8633,0.7,0.39,2.7
2018-03-21,1.1,-6.3,7.5,14431,0.6,0.4,2.2
2018-03-22,2.7,0.2,5.1,5731,4.3,0.6,3.0
2018-03-23,2.6,0.3,4.4,5811,0.0,0.61,1.7
2018-03-24,2.7,-2.4,8.0,14194,0.0,0.52,1.8
2018-03-25,4.2,-3.3,11.5,15036,0.0,0.51,1.4
2018-03-26,4.2,-2.0,8.4,8059,0.4,0.54,1.7
2018-03-27,3.4,-1.3,8.2,8357,0.0,0.56,1.9
2018-03-28,1.6,0.4,2.7,6212,4.9,0.6,3.3
2018-03-29,3.4,0.8,6.8,7626,0.9,0.63,3.1
2018-03-30,3.9,-1.2,9.8,17117,0.0,0.57,2.7
2018-03-31,1.5,0.6,2.6,6453,9.6,0.61,2.7
2018-04-01,1.4,0.7,2.2,6532,2.1,0.62,3.6
2018-04-02,4.5,-0.3,9.7,13991,0.8,0.6,2.4
2018-04-03,11.7,5.2,18.4,11678,0.0,0.92,2.8
2018-04-04,14.1,8.6,20.1,18088,8.8,1.13,2.8
2018-04-05,9.2,2.8,14.1,11147,0.3,0.77,4.1
2018-04-06,6.8,1.4,12.7,20330,0.0,0.69,2.6
2018-04-07,11.7,4.1,19.6,20597,0.0,0.87,2.9
2018-04-08,13.4,5.9,20.7,20863,0.0,0.98,2.1
2018-04-09,14.0,3.9,21.9,18489,0.0,0.89,1.7
2018-04-10,14.3,7.4,23.4,19955,0.0,1.09,3.0
2018-04-11,9.9,6.5,16.5,16765,0.2,0.97,3.0
2018-04-12,15.0,6.6,22.1,16109,0.0,1.04,3.2
2018-04-13,16.0,10.3,20.2,10276,6.2,1.25,2.7
2018-04-14,11.0,6.3,14.9,10930,9.8,0.95,2.4
2018-04-15,11.9,5.0,19.3,14424,0.2,0.92,1.5
2018-04-16,11.6,8.7,15.8,7920,0.5,1.11,1.7
2018-04-17,12.5,6.2,19.3,20247,0.0,0.99,1.5
2018-04-18,15.2,5.9,23.6,22676,0.0,1.02,1.6
2018-04-19,16.9,8.0,24.5,23044,0.0,1.14,1.9
2018-04-20,19.2,10.9,27.0,23296,0.0,1.39,1.9
2018-04-21,15.6,7.1,20.6,23547,0.0,1.05,1.8
2018-04-22,15.3,5.1,23.1,23913,0.0,0.96,1.8
2018-04-23,15.9,9.5,21.8,15591,0.0,1.22,2.8
2018-04-24,11.4,6.0,14.4,9324,0.8,0.93,2.8
2018-04-25,12.0,6.9,18.1,12235,0.6,1.01,3.6
2018-04-26,8.2,3.7,13.7,13028,4.5,0.8,3.2
2018-04-27,10.4,3.1,16.5,20734,0.0,0.79,2.0
2018-04-28,13.9,5.4,21.5,20123,0.0,0.97,2.0
2018-04-29,16.8,10.3,22.8,20106,0.0,1.29,2.2
2018-04-30,15.6,10.1,22.2,19003,1.0,1.25,3.9
2018-05-01,10.2,3.1,12.7,15358,0.0,0.77,3.7
2018-05-02,9.4,-0.3,15.1,12899,0.0,0.64,2.0
2018-05-03,11.5,4.1,18.0,20494,0.0,0.85,2.3
2018-05-04,10.8,2.2,17.1,25452,0.0,0.76,2.3
2018-05-05,12.7,3.0,20.1,26774,0.0,0.82,2.6
2018-05-06,15.1,6.1,23.1,26877,0.0,1.02,2.4
2018-05-07,17.3,5.7,25.0,26978,0.0,1.02,2.4
2018-05-08,18.8,10.1,26.0,26953,0.0,1.31,2.5
2018-05-09,20.4,10.5,27.8,26310,0.0,1.38,2.1
2018-05-10,19.0,12.3,27.2,16776,0.1,1.49,2.5
2018-05-11,14.5,9.5,18.9,11034,0.0,1.18,1.8
2018-05-12,16.1,7.4,23.1,24718,0.0,1.1,1.9
2018-05-13,20.4,12.8,27.1,27157,0.0,1.54,2.7
2018-05-14,19.7,13.3,26.9,27612,0.0,1.57,2.8
2018-05-15,16.3,9.6,23.7,19222,2.2,1.24,2.3
2018-05-16,15.6,10.9,20.5,13047,0.2,1.3,2.3
2018-05-17,15.1,9.7,21.7,20973,0.0,1.23,3.1
2018-05-18,11.4,8.1,13.2,9645,0.0,1.05,2.2
2018-05-19,16.1,11.1,21.9,25859,0.0,1.32,1.6
2018-05-20,15.7,7.1,22.4,28937,0.0,1.06,2.5
2018-05-21,17.5,9.0,24.6,28375,0.0,1.21,2.8
2018-05-22,18.5,10.2,24.9,28187,0.0,1.3,2.0
2018-05-23,18.5,10.5,25.5,28248,0.0,1.34,2.2
2018-05-24,19.8,12.7,26.1,28559,0.0,1.5,2.5
2018-05-25,20.2,13.0,27.2,27984,0.0,1.56,2.2
2018-05-26,19.6,11.0,27.2,26016,0.2,1.4,1.8
2018-05-27,18.8,12.1,27.7,22776,2.7,1.49,1.9
2018-05-28,23.6,14.8,30.4,27125,0.0,1.78,2.1
2018-05-29,25.3,19.0,31.1,29198,0.0,2.22,2.5
2018-05-30,24.4,16.0,32.0,26327,0.7,1.91,1.8
2018-05-31,24.3,15.1,31.3,28144,0.0,1.82,1.9
2018-06-01,23.7,17.0,30.5,22850,6.9,1.99,2.1
2018-06-02,19.9,17.8,22.3,10304,4.2,1.99,2.0
2018-06-03,19.2,15.1,24.0,14271,1.2,1.69,1.7
2018-06-04,19.3,13.4,25.3,27654,0.0,1.57,2.0
2018-06-05,17.8,12.1,24.1,17503,0.0,1.43,2.0
2018-06-06,17.6,10.5,23.9,30769,0.0,1.31,2.3
2018-06-07,20.1,12.3,27.3,30414,0.0,1.49,1.9
2018-06-08,22.7,14.3,29.6,28656,0.0,1.7,1.7
2018-06-09,23.7,14.6,30.9,26129,0.0,1.78,1.8
2018-06-10,21.7,16.2,29.9,19391,1.0,1.91,1.8
2018-06-11,19.4,14.6,24.2,25019,0.0,1.66,2.2
2018-06-12,15.7,10.5,20.2,12534,0.0,1.27,2.4
2018-06-13,14.9,13.0,17.5,10376,0.0,1.45,2.6
2018-06-14,17.5,13.1,23.3,24039,0.0,1.51,1.9
2018-06-15,18.9,14.8,24.2,13840,0.0,1.67,1.4
2018-06-16,20.9,13.2,26.6,16399,0.0,1.58,1.5
2018-06-17,19.2,12.6,25.0,18447,0.0,1.48,2.3
2018-06-18,18.9,11.5,24.3,16919,0.1,1.38,2.2
2018-06-19,19.9,15.3,23.9,17049,0.0,1.72,2.3
2018-06-20,20.9,13.6,28.2,17560,0.0,1.61,1.9
2018-06-21,15.0,9.4,24.3,20494,4.7,1.24,3.6
2018-06-22,14.0,9.1,19.9,16536,0.2,1.17,3.7
2018-06-23,13.3,10.1,17.2,11939,2.7,1.22,3.3
2018-06-24,13.2,10.6,15.2,10404,1.9,1.25,2.4
2018-06-25,15.4,11.0,20.8,13968,0.0,1.32,2.3
2018-06-26,17.9,11.3,25.6,16382,0.0,1.39,1.9
2018-06-27,19.1,12.1,25.3,26950,0.0,1.46,2.3
2018-06-28,21.1,13.7,27.9,28590,0.0,1.62,2.4
2018-06-29,20.4,10.7,29.0,29718,0.0,1.4,2.4
2018-06-30,16.7,10.1,22.7,25751,0.0,1.26,2.5
2018-07-01,16.1,9.1,22.5,24966,0.0,1.2,2.7
2018-07-02,17.1,5.3,24.9,27615,0.0,0.99,2.1
2018-07-03,19.6,7.8,28.0,30132,0.0,1.19,1.8
2018-07-04,21.6,9.3,30.8,30230,0.0,1.35,1.6
2018-07-05,21.9,14.7,29.1,28039,0.0,1.74,2.2
2018-07-06,18.6,13.4,24.9,18614,0.0,1.55,2.8
2018-07-07,18.2,9.5,25.4,28480,0.0,1.26,2.8
2018-07-08,19.6,12.5,26.8,18936,0.0,1.52,2.4
2018-07-09,17.8,14.0,23.8,19284,0.0,1.59,2.6
2018-07-10,16.8,11.9,22.5,15959,9.0,1.4,2.1
2018-07-11,17.8,14.7,22.6,17697,11.3,1.66,1.9
2018-07-12,19.4,16.5,23.9,11469,2.5,1.84,2.2
2018-07-13,20.0,13.7,27.2,22546,2.8,1.6,2.1
2018-07-14,16.9,10.5,22.1,21367,0.0,1.3,1.9
2018-07-15,18.0,9.1,24.9,19936,0.0,1.23,1.6
2018-07-16,21.1,10.6,29.0,28449,0.0,1.4,1.5
2018-07-17,22.3,12.8,30.1,25375,0.0,1.58,2.0
2018-07-18,21.7,16.5,27.1,23687,0.0,1.88,2.6
2018-07-19,20.6,12.2,26.5,28147,0.0,1.49,2.0
2018-07-20,19.3,10.0,27.7,23574,0.0,1.33,1.6
2018-07-21,20.6,10.2,29.0,20513,0.0,1.37,1.7
2018-07-22,20.6,16.8,27.9,11087,4.8,1.93,1.8
2018-07-23,20.9,14.7,27.4,28004,0.0,1.7,1.6
2018-07-24,23.5,13.5,31.8,26312,0.0,1.69,1.4
2018-07-25,26.1,17.5,33.4,26613,0.0,2.11,1.6
2018-07-26,26.1,16.1,33.4,26537,0.0,1.95,2.0
2018-07-27,25.3,18.6,32.5,23857,0.8,2.22,2.2
2018-07-28,24.2,18.3,33.2,22669,7.3,2.19,2.4
2018-07-29,22.6,18.2,28.4,26050,0.0,2.09,1.8
2018-07-30,26.1,19.9,33.0,22886,0.0,2.39,1.5
2018-07-31,27.6,20.2,35.4,22929,5.0,2.48,1.9
2018-08-01,25.9,21.1,31.3,19166,40.7,2.51,2.0
2018-08-02,23.1,18.5,29.3,16029,2.8,2.14,1.8
2018-08-03,24.8,17.2,31.9,25606,0.0,2.04,1.6
2018-08-04,25.0,17.0,31.6,20393,0.0,2.01,1.8
2018-08-05,21.4,17.1,25.2,21645,0.0,1.93,2.5
2018-08-06,20.8,12.1,28.9,26403,0.0,1.51,1.7
2018-08-07,25.7,14.8,35.0,26177,0.0,1.86,1.9
2018-08-08,28.4,20.7,36.2,23416,0.1,2.53,2.5
2018-08-09,25.3,18.6,33.1,22472,14.1,2.23,2.6
2018-08-10,19.3,13.2,23.7,16616,0.0,1.53,3.2
2018-08-11,16.7,12.5,21.5,14856,0.1,1.45,2.9
2018-08-12,18.3,9.9,26.3,23232,0.0,1.3,1.8
2018-08-13,20.7,11.5,30.7,19676,0.0,1.5,2.1
2018-08-14,19.3,16.0,24.4,12354,1.5,1.8,2.8
2018-08-15,19.1,14.3,24.0,13454,0.0,1.64,1.9
2018-08-16,21.2,12.6,29.4,23947,0.0,1.56,1.7
2018-08-17,22.0,15.3,28.3,21714,0.0,1.79,1.9
2018-08-18,20.2,12.8,26.9,20779,0.0,1.53,1.8
2018-08-19,20.2,10.8,28.8,23682,0.0,1.42,1.8
2018-08-20,20.2,14.3,24.3,8388,0.0,1.63,2.3
2018-08-21,18.0,11.8,24.3,20189,0.0,1.42,1.5
2018-08-22,19.6,11.0,28.0,23280,0.0,1.4,1.5
2018-08-23,23.8,12.6,33.2,21542,2.8,1.64,1.9
2018-08-24,19.0,12.4,22.5,13103,0.1,1.44,2.7
2018-08-25,14.5,9.5,21.0,11080,0.0,1.21,2.6
2018-08-26,13.8,7.9,21.1,20348,0.0,1.11,2.1
2018-08-27,15.8,10.4,21.4,9105,2.1,1.28,3.1
2018-08-28,16.5,10.4,21.9,14047,0.0,1.28,1.6
2018-08-29,19.2,10.1,27.0,21048,1.2,1.32,2.0
2018-08-30,16.9,14.7,18.5,7309,3.4,1.62,2.7
2018-08-31,15.0,9.0,20.9,15148,0.0,1.18,2.0
2018-09-01,15.0,7.2,22.4,15357,0.0,1.08,1.9
2018-09-02,17.4,10.4,23.0,11864,0.1,1.3,2.1
2018-09-03,22.1,17.0,28.5,18246,0.0,1.95,2.0
2018-09-04,19.1,13.5,25.2,19071,0.0,1.57,1.7
2018-09-05,19.3,13.2,25.6,15288,0.0,1.56,1.6
2018-09-06,19.1,14.5,25.8,14840,2.1,1.67,1.8
2018-09-07,17.5,9.7,23.2,10280,0.3,1.25,2.2
2018-09-08,14.7,7.6,21.6,14583,0.0,1.09,2.1
2018-09-09,17.5,11.2,25.2,14869,0.0,1.38,1.6
2018-09-10,17.7,10.8,24.7,7698,0.1,1.34,1.8
2018-09-11,20.3,15.0,26.8,13470,0.0,1.73,2.7
2018-09-12,18.0,14.6,23.7,9258,3.5,1.65,2.3
2018-09-13,14.2,13.3,16.3,6218,0.5,1.47,1.6
2018-09-14,14.8,8.9,21.7,15600,0.0,1.18,1.5
2018-09-15,14.3,8.4,21.0,12454,0.1,1.13,2.2
2018-09-16,14.7,6.6,22.5,14509,0.0,1.04,1.6
2018-09-17,16.7,7.2,27.0,16531,0.0,1.15,1.5
2018-09-18,19.5,9.4,30.4,16956,0.0,1.33,2.2
2018-09-19,20.0,12.4,28.5,16208,0.0,1.52,2.2
2018-09-20,19.1,12.2,27.8,12680,0.0,1.5,2.2
2018-09-21,17.2,10.2,28.2,8730,5.2,1.34,3.8
2018-09-22,12.5,9.3,17.6,10989,1.1,1.16,3.4
2018-09-23,10.3,8.4,13.6,5707,10.5,1.08,3.1
2018-09-24,10.0,6.8,15.3,14458,0.2,0.98,3.7
2018-09-25,8.6,4.2,15.4,15130,0.0,0.84,2.1
2018-09-26,11.9,3.5,17.3,9941,0.0,0.81,2.7
2018-09-27,17.1,11.3,22.8,11813,0.0,1.36,2.2
2018-09-28,11.8,5.2,15.6,9790,0.0,0.89,2.6
2018-09-29,8.7,3.0,15.8,12958,0.0,0.78,2.0
2018-09-30,9.0,1.7,18.4,13951,0.0,0.74,1.8
2018-10-01,8.0,2.5,14.9,6026,1.0,0.75,2.5
2018-10-02,7.5,3.5,10.4,4988,3.8,0.77,3.9
2018-10-03,10.9,8.2,14.8,9529,0.1,1.07,3.9
2018-10-04,11.9,8.7,15.2,4747,0.0,1.1,1.9
2018-10-05,14.2,8.2,20.8,13308,0.0,1.12,1.9
2018-10-06,13.6,5.8,21.9,12397,0.1,0.99,1.7
2018-10-07,9.8,1.0,13.9,5917,0.0,0.68,2.1
2018-10-08,7.0,-0.5,15.3,11356,0.0,0.63,1.5
2018-10-09,10.0,2.2,18.5,9037,0.0,0.77,1.5
2018-10-10,14.6,6.2,22.9,11699,0.0,1.03,2.0
2018-10-11,16.7,11.6,23.8,11941,0.0,1.4,2.3
2018-10-12,15.8,9.2,24.8,11785,0.0,1.22,1.9
2018-10-13,16.4,9.5,26.4,11706,0.0,1.27,2.1
2018-10-14,16.0,9.7,22.9,11246,0.0,1.24,2.3
2018-10-15,14.8,8.8,23.3,11020,0.0,1.18,1.7
2018-10-16,12.9,4.8,22.8,10498,0.0,0.95,1.2
2018-10-17,11.8,5.0,21.2,10354,0.0,0.93,1.1
2018-10-18,10.3,4.4,14.6,3589,0.2,0.84,1.8
2018-10-19,6.1,-0.3,13.9,9062,0.0,0.63,1.4
2018-10-20,8.1,1.4,12.1,5307,0.0,0.69,1.6
2018-10-21,9.0,2.0,16.5,9226,0.0,0.75,1.6
2018-10-22,8.1,2.8,13.3,5415,1.6,0.75,2.2
2018-10-23,9.5,3.7,12.2,3271,6.1,0.79,4.7
2018-10-24,10.2,6.1,12.4,8496,1.2,0.92,4.4
2018-10-25,11.3,9.8,13.0,3283,1.2,1.17,3.8
2018-10-26,9.9,8.0,12.1,3223,1.0,1.04,2.8
2018-10-27,7.0,1.8,9.0,4012,0.0,0.68,2.6
2018-10-28,4.7,1.0,7.6,3168,0.0,0.65,3.2
2018-10-29,4.9,4.3,5.8,2919,0.0,0.8,3.6
2018-10-30,11.6,5.6,19.1,5571,0.1,0.95,4.3
2018-10-31,9.2,5.3,12.7,7535,0.0,0.87,2.8
2018-11-01,6.2,1.0,10.7,3922,0.0,0.66,1.9
2018-11-02,6.9,0.6,14.4,6646,0.0,0.67,2.1
2018-11-03,3.6,0.1,10.5,5108,0.0,0.62,1.6
2018-11-04,8.0,1.4,10.2,2601,0.0,0.67,1.9
2018-11-05,11.2,9.3,13.5,3312,0.0,1.13,2.1
2018-11-06,10.3,5.9,16.4,7236,0.0,0.94,1.9
2018-11-07,8.2,2.9,14.4,5706,0.0,0.77,1.8
2018-11-08,7.0,2.3,13.2,3424,0.6,0.73,1.5
2018-11-09,7.9,2.7,11.5,3311,0.0,0.73,1.8
2018-11-10,8.9,6.1,11.0,3310,0.5,0.91,2.7
2018-11-11,9.9,8.0,12.7,3201,2.1,1.04,2.8
2018-11-12,11.4,8.9,15.3,3738,0.7,1.11,2.2
2018-11-13,10.3,6.9,12.7,2355,3.1,0.97,2.6
2018-11-14,7.2,4.9,10.1,2366,0.0,0.84,1.9
2018-11-15,6.5,4.4,9.7,2222,0.0,0.82,1.9
2018-11-16,5.2,2.6,9.1,6324,0.0,0.72,2.4
2018-11-17,2.4,-2.0,6.5,6087,0.0,0.52,2.8
2018-11-18,1.6,-4.2,5.9,2759,0.3,0.45,2.5
2018-11-19,4.6,3.3,6.2,2420,0.9,0.75,4.0
2018-11-20,2.7,2.1,4.1,1942,0.0,0.68,4.4
2018-11-21,1.3,0.6,2.0,1910,0.0,0.61,2.9
2018-11-22,1.1,0.4,1.5,1879,0.0,0.6,2.1
2018-11-23,1.6,0.4,2.8,1849,0.0,0.61,1.9
2018-11-24,1.3,-2.4,2.8,1821,1.2,0.5,1.6
2018-11-25,3.9,1.5,4.6,1793,0.2,0.66,1.9
2018-11-26,1.3,-1.5,3.6,1813,0.0,0.53,2.4
2018-11-27,0.0,-2.3,1.6,1741,0.0,0.5,1.6
2018-11-28,0.4,-1.5,2.3,4870,0.0,0.53,2.8
2018-11-29,1.2,-0.8,3.0,1917,0.0,0.55,3.6
2018-11-30,1.6,1.1,2.0,1672,1.9,0.64,2.7
2018-12-01,3.8,1.5,8.4,2177,0.0,0.67,2.5
2018-12-02,7.1,3.6,10.8,1631,3.1,0.78,3.4
2018-12-03,9.9,5.3,13.2,2044,2.1,0.88,3.4
2018-12-04,5.8,1.6,9.8,4253,0.0,0.68,3.2
2018-12-05,1.1,-1.5,5.3,4473,0.0,0.54,2.0
2018-12-06,4.7,1.8,9.2,1562,1.8,0.69,2.8
2018-12-07,10.4,8.5,11.1,1547,8.8,1.07,4.0
2018-12-08,6.9,5.1,8.4,1617,3.0,0.85,5.6
2018-12-09,7.0,6.0,7.9,1521,1.4,0.9,5.2
2018-12-10,4.3,3.4,5.8,2503,0.3,0.75,4.7
2018-12-11,4.1,2.0,4.7,1500,0.4,0.68,3.5
2018-12-12,2.6,1.4,4.8,1490,0.6,0.65,2.0
2018-12-13,1.7,-0.3,2.9,1482,0.0,0.57,2.5
2018-12-14,0.1,-0.4,0.3,1475,0.0,0.57,2.3
2018-12-15,-0.2,-0.6,0.5,1469,0.0,0.56,2.2
2018-12-16,-0.5,-2.3,0.0,1464,0.0,0.5,2.5
2018-12-17,0.3,-1.5,1.7,1460,0.7,0.53,1.8
2018-12-18,2.9,0.5,6.2,1699,0.0,0.62,2.2
2018-12-19,1.7,0.2,3.0,1455,0.1,0.6,2.6
2018-12-20,3.5,1.5,4.9,1494,1.4,0.66,2.5
2018-12-21,6.5,4.5,10.3,1454,5.9,0.82,4.2
2018-12-22,5.9,3.5,9.4,1455,5.0,0.77,3.9
2018-12-23,6.2,3.4,7.7,1498,1.7,0.75,2.9
2018-12-24,2.2,0.5,5.2,1461,0.1,0.61,3.0
2018-12-25,4.8,2.8,6.0,1506,0.2,0.72,3.1
2018-12-26,6.0,5.0,7.5,1470,0.6,0.84,2.7
2018-12-27,5.2,4.0,5.8,1477,0.3,0.78,2.2
2018-12-28,6.4,5.8,7.4,1484,0.6,0.89,2.1
2018-12-29,6.2,5.3,6.9,1493,6.7,0.86,3.1
2018-12-30,6.4,2.0,7.9,1667,0.0,0.69,3.9
2018-12-31,6.1,2.0,8.3,1513,0.8,0.69,2.1
2019-01-01,6.3,2.8,8.2,1566,2.1,0.72,5.1
2019-01-02,2.4,-1.4,4.3,2962,0.0,0.54,4.3
2019-01-03,0.0,-2.5,2.7,1678,0.0,0.49,2.3
2019-01-04,2.3,-1.5,5.7,1566,1.6,0.54,3.2
2019-01-05,6.3,1.0,8.5,2010,0.0,0.64,3.9
2019-01-06,0.5,-2.5,2.1,2589,0.8,0.49,2.3
2019-01-07,4.3,1.2,6.0,1618,6.1,0.65,3.0
2019-01-08,5.0,2.1,6.5,1637,5.8,0.69,5.7
2019-01-09,1.7,1.2,2.4,1657,0.5,0.64,4.6
2019-01-10,0.7,-0.1,1.5,1679,0.5,0.58,2.3
2019-01-11,3.1,0.0,6.3,1701,0.9,0.59,3.1
2019-01-12,5.0,4.0,6.0,1725,3.1,0.78,4.1
2019-01-13,6.4,5.1,8.1,1749,4.0,0.84,5.1
2019-01-14,2.4,0.7,5.2,3851,0.0,0.63,5.0
2019-01-15,4.2,1.0,7.0,1802,1.5,0.64,4.5
2019-01-16,6.3,2.8,7.4,1830,0.1,0.73,3.8
2019-01-17,4.2,-0.6,6.5,2097,1.2,0.57,4.2
2019-01-18,0.1,-2.4,1.9,4581,0.0,0.5,2.4
2019-01-19,-1.6,-5.3,2.3,4642,0.0,0.41,1.6
2019-01-20,-4.5,-6.8,-2.4,2740,0.0,0.36,1.3
2019-01-21,-3.4,-5.4,-1.3,2931,0.4,0.4,1.7
2019-01-22,-2.1,-4.9,-0.2,4083,0.0,0.41,2.2
2019-01-23,-5.3,-7.0,-2.4,4855,0.0,0.35,2.3
2019-01-24,-4.0,-5.1,-2.9,2094,0.1,0.4,1.6
2019-01-25,-3.8,-4.8,-2.6,2341,1.2,0.41,2.1
2019-01-26,0.7,-3.8,3.8,2172,4.5,0.45,3.2
2019-01-27,3.7,2.4,5.8,2319,2.8,0.7,3.4
2019-01-28,2.6,0.1,5.4,3549,1.4,0.6,3.6
2019-01-29,0.5,-2.2,2.3,2296,0.0,0.5,2.6
2019-01-30,0.0,-1.9,2.7,5383,0.0,0.52,2.9
2019-01-31,0.3,-2.0,4.7,4121,0.0,0.52,2.1
2019-02-01,-1.0,-2.7,0.3,2430,1.9,0.48,2.4
2019-02-02,0.5,-0.1,0.8,2477,1.4,0.58,1.6
2019-02-03,0.9,-3.0,1.8,2524,0.0,0.47,2.7
2019-02-04,0.5,-3.8,4.7,6050,0.0,0.46,2.7
2019-02-05,2.7,0.9,4.1,2623,0.0,0.63,2.5
2019-02-06,3.5,1.1,6.7,4004,0.2,0.64,2.3
2019-02-07,3.5,0.5,7.1,2727,0.2,0.62,3.1
2019-02-08,5.7,2.6,8.9,3895,0.1,0.72,3.8
2019-02-09,7.2,5.1,11.0,4842,3.1,0.85,5.0
2019-02-10,6.2,3.9,8.0,2889,10.9,0.78,4.3
2019-02-11,4.6,1.4,7.5,4683,0.2,0.66,4.8
2019-02-12,3.4,0.5,6.3,6065,0.0,0.62,3.2
2019-02-13,6.5,4.1,8.2,3061,0.0,0.79,2.7
2019-02-14,6.1,-0.5,11.4,8663,0.0,0.6,1.8
2019-02-15,4.0,-2.9,13.8,9535,0.0,0.54,1.6
2019-02-16,5.3,-1.3,15.2,9538,0.0,0.6,1.9
2019-02-17,4.7,-1.6,12.0,8430,0.0,0.57,1.6
2019-02-18,4.5,-2.2,14.3,9747,0.0,0.57,1.7
2019-02-19,5.7,-0.4,9.7,3714,1.0,0.6,2.9
2019-02-20,7.4,5.4,10.8,6511,0.2,0.88,2.3
2019-02-21,8.5,6.3,11.1,3996,2.2,0.92,2.6
2019-02-22,3.1,-1.9,8.1,8333,0.0,0.53,2.5
2019-02-23,0.0,-3.6,5.0,9869,0.0,0.47,2.3
2019-02-24,2.8,-4.0,13.0,10159,0.0,0.5,1.5
2019-02-25,4.9,-3.1,13.8,11063,0.0,0.54,1.6
2019-02-26,5.4,-1.3,13.5,8982,0.0,0.59,1.5
2019-02-27,6.4,-2.4,17.1,11679,0.0,0.58,1.6
2019-02-28,6.9,3.8,10.1,9316,0.0,0.78,3.1
2019-03-01,4.1,2.4,5.9,4113,0.0,0.7,2.6
2019-03-02,3.6,1.4,5.6,4185,0.3,0.65,2.4
2019-03-03,8.7,4.7,10.9,4258,2.1,0.83,4.2
2019-03-04,9.3,6.4,14.3,5729,2.2,0.95,5.7
2019-03-05,5.6,0.2,9.8,6981,1.2,0.62,4.6
2019-03-06,5.9,-1.1,11.3,9265,2.7,0.58,3.1
2019-03-07,9.7,7.0,16.5,6591,1.0,1.01,4.5
2019-03-08,7.2,2.1,10.1,8315,2.9,0.7,4.9
2019-03-09,6.9,3.8,11.1,6698,3.9,0.79,5.6
2019-03-10,4.7,1.4,8.4,5309,10.2,0.67,4.7
2019-03-11,3.1,1.3,6.1,5303,2.1,0.65,4.4
2019-03-12,5.6,1.7,9.1,7433,0.0,0.68,3.9
2019-03-13,6.8,4.8,9.3,5377,2.4,0.83,5.6
2019-03-14,5.6,4.6,7.8,5095,8.7,0.82,5.1
2019-03-15,7.2,5.5,9.8,6090,1.9,0.88,5.4
2019-03-16,6.7,4.9,8.8,5345,4.8,0.84,4.7
2019-03-17,7.5,3.3,11.6,6544,1.7,0.77,4.5
2019-03-18,5.4,3.4,9.4,8986,0.4,0.76,4.2
2019-03-19,4.1,-1.5,8.6,10900,0.0,0.55,2.1
2019-03-20,6.0,-2.9,13.0,11504,0.0,0.54,2.0
2019-03-21,10.9,8.2,14.7,6519,0.0,1.06,2.1
2019-03-22,9.3,4.4,12.1,7579,0.0,0.82,1.6
2019-03-23,7.6,2.3,13.3,7576,0.0,0.73,2.1
2019-03-24,5.0,0.2,10.3,11525,1.2,0.63,1.9
2019-03-25,4.5,1.1,8.4,9159,2.2,0.65,3.5
2019-03-26,5.4,0.6,9.0,7758,1.5,0.63,3.1
2019-03-27,7.7,5.1,11.3,6233,1.3,0.85,2.3
2019-03-28,8.9,8.0,10.2,6212,0.1,1.03,2.0
2019-03-29,9.4,4.0,14.3,8139,0.0,0.82,1.8
2019-03-30,10.4,0.8,18.6,18253,0.0,0.71,1.8
2019-03-31,7.3,-1.7,11.5,16023,0.0,0.56,2.4
2019-04-01,4.0,-4.4,11.2,19518,0.0,0.48,2.7
2019-04-02,8.1,1.4,14.3,17997,0.0,0.7,2.8
2019-04-03,11.8,6.2,17.7,10193,0.0,0.97,2.1
2019-04-04,13.1,7.0,19.4,18622,0.0,1.03,2.3
2019-04-05,8.8,3.6,14.7,12114,0.0,0.8,1.8
2019-04-06,13.3,4.4,21.4,18061,0.0,0.91,2.1
2019-04-07,12.6,6.1,19.7,20162,0.0,0.97,2.0
2019-04-08,10.2,2.2,19.5,19988,0.0,0.78,2.1
2019-04-09,6.0,1.0,12.3,19039,0.0,0.67,2.4
2019-04-10,4.7,-1.3,11.1,14537,0.0,0.57,2.7
2019-04-11,3.8,2.0,6.7,10762,0.0,0.68,2.8
2019-04-12,2.9,1.3,5.4,7727,0.2,0.65,2.7
2019-04-13,3.7,1.1,7.9,7805,0.0,0.65,2.7
2019-04-14,5.5,2.4,9.6,7543,0.4,0.71,2.8
2019-04-15,7.0,0.7,13.6,22478,0.0,0.67,2.9
2019-04-16,7.6,-0.5,14.9,22623,0.0,0.63,2.7
2019-04-17,10.6,2.5,17.8,22995,0.0,0.78,2.6
2019-04-18,13.1,3.6,20.6,22906,0.0,0.85,3.0
2019-04-19,13.9,5.7,22.1,23275,0.0,0.98,2.5
2019-04-20,12.2,2.2,21.8,23760,0.0,0.82,2.0
2019-04-21,12.8,3.0,21.5,24013,0.0,0.85,1.9
2019-04-22,12.6,3.5,18.8,24264,0.0,0.84,3.4
2019-04-23,14.5,10.0,19.4,20170,0.0,1.22,4.4
2019-04-24,16.5,11.3,22.5,20284,0.0,1.36,3.4
2019-04-25,17.3,9.6,24.7,23590,0.0,1.25,2.7
2019-04-26,17.4,10.0,24.8,17658,8.1,1.29,2.8
2019-04-27,12.0,6.0,19.0,11443,1.8,0.97,2.7
2019-04-28,9.6,6.6,13.4,11399,1.3,0.95,2.2
2019-04-29,10.6,4.6,17.9,14711,3.3,0.88,2.6
2019-04-30,12.5,3.0,19.7,25016,0.2,0.82,2.5
2019-05-01,11.7,7.7,16.5,17167,0.0,1.04,2.6
2019-05-02,9.9,7.4,13.3,8907,1.3,1.01,3.3
2019-05-03,7.4,4.1,10.9,16369,0.0,0.81,3.1
2019-05-04,6.1,1.5,10.8,15598,0.7,0.68,2.6
2019-05-05,7.3,-0.8,12.8,20798,0.0,0.61,2.3
2019-05-06,6.9,-1.1,13.0,16484,0.7,0.6,2.6
2019-05-07,7.7,0.6,14.3,20727,0.0,0.67,1.8
2019-05-08,10.7,-0.1,16.9,18599,2.4,0.66,2.6
2019-05-09,12.5,8.3,17.9,13504,0.8,1.1,2.6
2019-05-10,10.9,2.8,17.9,13074,0.0,0.8,2.5
2019-05-11,9.0,0.4,13.9,9673,0.0,0.65,2.6
2019-05-12,10.7,4.1,16.2,26081,0.0,0.84,3.1
2019-05-13,10.2,3.8,16.7,25791,0.0,0.82,2.8
2019-05-14,9.2,3.9,14.5,22514,0.0,0.81,2.7
2019-05-15,9.6,1.8,15.7,20343,3.3,0.73,2.6
2019-05-16,9.5,6.9,11.6,9553,3.7,0.97,2.5
2019-05-17,13.8,6.8,19.5,16723,0.0,1.01,2.2
2019-05-18,17.2,10.3,24.2,26543,0.0,1.3,2.0
2019-05-19,18.7,8.8,26.0,25483,0.0,1.21,2.1
2019-05-20,17.9,12.7,26.4,17263,1.8,1.52,2.4
2019-05-21,17.9,13.8,24.5,17692,3.9,1.58,3.1
2019-05-22,12.6,9.4,14.2,10444,0.0,1.15,3.2
2019-05-23,13.4,5.7,20.2,25729,0.0,0.97,1.8
2019-05-24,17.1,5.4,24.4,24145,0.0,0.99,2.0
2019-05-25,13.0,9.2,16.2,11318,0.0,1.14,2.2
2019-05-26,15.5,6.2,21.5,15273,0.0,1.0,2.7
2019-05-27,17.5,11.1,22.5,12782,0.1,1.34,2.5
2019-05-28,13.8,8.5,18.3,17122,0.0,1.11,2.2
2019-05-29,11.6,3.4,17.4,24129,0.0,0.82,2.0
2019-05-30,15.0,2.3,23.2,20493,0.1,0.84,2.4
2019-05-31,18.4,13.0,24.3,14311,0.3,1.52,2.0
2019-06-01,20.2,10.7,27.7,26660,0.0,1.38,1.8
2019-06-02,22.8,12.3,32.4,27840,0.0,1.6,1.9
2019-06-03,24.3,14.8,34.8,23934,0.0,1.85,2.1
2019-06-04,22.9,15.9,30.3,27399,0.0,1.87,1.9
2019-06-05,26.6,16.7,34.2,28575,0.0,2.04,2.2
2019-06-06,21.6,14.2,29.8,20073,0.5,1.72,2.9
2019-06-07,19.3,12.5,25.9,27994,2.0,1.49,2.6
2019-06-08,17.3,11.4,22.9,22412,0.0,1.37,3.8
2019-06-09,18.5,8.2,25.6,27276,1.3,1.18,2.1
2019-06-10,20.6,15.2,27.3,16204,0.5,1.77,2.2
2019-06-11,22.7,16.5,28.9,20683,10.1,1.9,2.1
2019-06-12,20.8,14.3,31.0,20060,21.4,1.74,2.3
2019-06-13,19.3,13.0,26.4,21221,4.8,1.56,2.1
2019-06-14,21.9,12.1,29.3,24932,0.0,1.51,2.1
2019-06-15,23.8,15.9,30.8,20093,1.4,1.87,2.9
2019-06-16,18.3,14.0,22.5,20100,0.2,1.58,1.9
2019-06-17,21.1,13.4,27.1,29805,0.0,1.59,1.7
2019-06-18,23.6,16.2,29.8,29171,0.0,1.9,1.8
2019-06-19,25.0,17.2,32.5,26366,1.5,2.06,1.9
2019-06-20,20.9,16.1,25.5,17433,9.1,1.83,2.2
2019-06-21,19.2,14.8,23.8,22153,0.0,1.67,1.9
2019-06-22,19.1,13.0,24.6,28402,0.0,1.51,2.2
2019-06-23,20.7,13.5,26.8,28651,0.0,1.6,2.4
2019-06-24,22.4,13.6,28.9,29918,0.0,1.63,2.5
2019-06-25,25.8,17.3,33.0,28760,0.0,2.07,2.0
2019-06-26,26.5,16.8,34.8,29768,0.0,2.06,2.4
2019-06-27,18.2,12.0,24.2,28606,0.0,1.44,3.1
2019-06-28,17.3,11.1,23.7,21965,0.0,1.36,2.0
2019-06-29,21.8,10.5,31.0,30100,0.0,1.41,1.6
2019-06-30,26.6,13.4,37.7,28297,0.0,1.81,2.6
2019-07-01,21.1,14.4,27.7,23439,0.0,1.69,3.0
2019-07-02,16.1,11.1,20.9,18583,0.0,1.33,3.1
2019-07-03,14.7,7.4,19.9,19961,0.0,1.06,2.5
2019-07-04,16.5,7.8,22.3,23241,0.0,1.11,2.4
2019-07-05,17.0,13.2,20.6,10640,0.0,1.5,2.6
2019-07-06,15.9,12.3,20.2,10364,3.4,1.41,2.8
2019-07-07,14.3,10.9,17.4,13639,0.0,1.28,3.0
2019-07-08,13.4,10.4,17.8,12725,0.8,1.24,2.6
2019-07-09,13.9,7.1,18.2,13964,0.0,1.02,2.5
2019-07-10,15.4,9.5,23.7,19757,0.0,1.24,2.0
2019-07-11,18.1,7.9,25.6,22629,5.3,1.15,1.5
2019-07-12,18.1,15.3,24.5,14123,3.2,1.73,1.9
2019-07-13,19.7,15.5,26.8,19895,2.0,1.77,2.5
2019-07-14,16.5,14.9,18.8,10016,0.0,1.64,2.2
2019-07-15,14.9,12.6,17.0,9983,0.2,1.41,2.4
2019-07-16,16.8,12.9,22.7,16367,0.0,1.49,2.6
2019-07-17,16.5,10.0,23.3,19341,0.0,1.27,1.5
2019-07-18,20.1,10.2,27.7,22055,0.0,1.34,1.6
2019-07-19,20.5,14.8,27.0,12846,0.2,1.71,1.8
2019-07-20,21.7,12.5,31.5,23449,14.4,1.58,2.1
2019-07-21,21.0,16.4,26.4,22389,0.0,1.86,2.5
2019-07-22,18.0,12.0,23.5,13710,0.9,1.42,1.7
2019-07-23,23.1,14.3,30.4,28877,0.0,1.73,1.6
2019-07-24,25.0,14.9,33.6,27682,0.0,1.86,1.6
2019-07-25,26.0,18.0,35.0,27234,0.0,2.19,1.9
2019-07-26,23.9,16.8,32.2,28523,0.0,2.02,2.5
2019-07-27,23.4,18.1,29.5,24725,0.0,2.11,2.9
2019-07-28,24.7,17.3,32.1,23535,0.0,2.06,2.4
2019-07-29,23.6,20.4,30.9,14941,8.5,2.4,2.1
2019-07-30,21.7,18.8,25.7,11059,0.0,2.13,1.8
2019-07-31,20.2,14.5,23.6,10266,2.2,1.64,2.0
2019-08-01,19.0,14.1,25.4,18675,0.0,1.63,1.5
2019-08-02,18.5,12.4,25.7,17743,2.3,1.49,1.5
2019-08-03,19.9,14.5,26.6,20721,0.1,1.67,1.8
2019-08-04,18.6,13.3,22.4,15398,0.0,1.53,1.5
2019-08-05,19.3,11.9,25.5,11801,0.0,1.44,1.7
2019-08-06,19.8,13.9,26.7,19009,2.8,1.63,2.1
2019-08-07,19.3,14.0,24.9,10702,0.0,1.61,2.1
2019-08-08,18.5,11.9,26.1,18835,0.5,1.46,2.5
2019-08-09,20.5,10.3,27.8,20909,0.1,1.35,1.9
2019-08-10,23.1,15.9,28.0,17695,0.0,1.84,3.3
2019-08-11,21.6,13.4,28.1,19876,1.3,1.6,2.6
2019-08-12,20.2,14.9,25.8,19896,0.3,1.71,2.2
2019-08-13,16.6,13.2,21.7,16945,0.3,1.5,2.5
2019-08-14,15.6,8.7,22.6,20402,0.0,1.18,2.0
2019-08-15,16.5,8.9,22.7,9680,0.5,1.19,2.6
2019-08-16,17.1,12.6,23.8,13369,0.0,1.48,2.2
2019-08-17,19.6,12.4,25.8,8716,0.0,1.48,2.5
2019-08-18,19.9,14.9,25.4,9579,6.6,1.7,2.4
2019-08-19,17.5,10.9,23.0,15780,0.0,1.34,2.3
2019-08-20,17.5,9.2,24.7,16258,0.0,1.24,1.7
2019-08-21,16.9,10.4,23.3,20880,0.0,1.3,1.6
2019-08-22,18.4,7.8,27.0,23166,0.0,1.18,1.7
2019-08-23,20.7,10.1,29.7,22799,0.0,1.38,1.6
2019-08-24,22.1,12.7,29.7,22888,0.0,1.58,1.8
2019-08-25,24.7,18.4,32.2,18555,0.0,2.18,1.6
2019-08-26,25.0,17.4,32.6,17529,0.0,2.07,1.5
2019-08-27,25.1,19.1,33.2,17744,1.8,2.3,1.6
2019-08-28,24.9,19.3,33.7,16056,0.0,2.32,1.6
2019-08-29,22.6,16.2,28.1,17049,0.0,1.86,1.8
2019-08-30,22.5,15.2,28.9,14271,0.0,1.77,1.3
2019-08-31,25.4,17.5,33.6,20204,0.0,2.12,1.7
2019-09-01,21.5,14.5,27.8,12186,0.0,1.7,2.5
2019-09-02,14.9,8.1,21.4,17191,0.0,1.12,2.2
2019-09-03,14.0,6.8,20.6,7219,0.4,1.02,2.2
2019-09-04,17.9,9.7,25.8,12729,0.7,1.29,2.3
2019-09-05,15.7,10.8,20.9,14754,0.0,1.3,3.0
2019-09-06,13.3,7.1,20.4,19619,0.0,1.04,2.1
2019-09-07,14.8,9.5,20.7,12390,0.6,1.2,1.6
2019-09-08,14.9,9.1,21.0,12066,0.7,1.18,1.3
2019-09-09,13.3,12.5,15.0,6535,10.4,1.4,2.0
2019-09-10,14.7,8.8,19.4,11941,0.0,1.13,2.3
2019-09-11,15.0,5.9,22.8,15423,0.8,1.0,2.3
2019-09-12,17.0,12.9,23.1,9564,0.0,1.49,2.3
2019-09-13,16.3,9.3,21.2,10577,0.3,1.2,2.4
2019-09-14,11.9,4.7,19.9,17915,0.0,0.91,1.5
2019-09-15,15.0,6.3,24.1,14153,0.1,1.05,2.5
2019-09-16,14.1,11.4,18.2,9054,0.0,1.32,2.0
2019-09-17,11.5,8.4,14.9,10034,2.0,1.08,3.4
2019-09-18,11.2,7.0,17.0,13244,0.0,1.0,2.8
2019-09-19,10.4,4.7,17.2,14851,0.0,0.87,2.1
2019-09-20,11.7,3.3,17.1,7489,0.0,0.8,1.8
2019-09-21,14.1,6.0,22.5,16454,0.0,1.01,1.8
2019-09-22,15.6,7.3,25.1,16096,0.0,1.12,1.8
2019-09-23,15.8,8.8,23.6,14990,0.0,1.19,2.0
2019-09-24,14.7,10.2,20.4,7857,0.4,1.26,1.6
2019-09-25,13.5,9.0,16.0,5269,1.4,1.13,2.1
2019-09-26,14.1,9.2,19.7,6652,3.1,1.18,2.2
2019-09-27,14.7,11.1,16.0,5656,7.4,1.29,2.6
2019-09-28,14.2,11.0,18.4,9252,4.8,1.29,3.4
2019-09-29,14.1,13.7,15.1,5047,18.6,1.51,3.6
2019-09-30,14.3,11.4,16.8,6907,5.2,1.3,4.8
2019-10-01,12.9,10.3,17.3,5503,18.1,1.23,2.8
2019-10-02,9.9,7.8,14.5,9825,1.6,1.04,3.0
2019-10-03,9.7,6.9,13.2,7733,0.0,0.97,2.4
2019-10-04,8.0,4.6,11.3,4832,9.5,0.83,2.4
2019-10-05,8.7,4.1,12.4,7690,0.0,0.81,2.7
2019-10-06,5.9,2.1,10.8,9077,0.0,0.7,2.1
2019-10-07,5.4,-0.4,12.6,11338,0.0,0.62,1.7
2019-10-08,10.2,5.4,14.0,4283,3.3,0.89,2.9
2019-10-09,11.8,9.6,15.3,7187,2.7,1.16,3.1
2019-10-10,10.6,8.5,14.4,7561,2.6,1.09,3.5
2019-10-11,13.0,8.7,16.1,4461,0.7,1.11,3.7
2019-10-12,15.9,12.5,19.5,7190,0.0,1.43,2.9
2019-10-13,16.3,9.0,22.6,6777,0.7,1.19,2.4
2019-10-14,17.3,12.6,20.3,11170,0.0,1.44,2.1
2019-10-15,14.9,10.3,21.3,9589,0.9,1.27,1.9
2019-10-16,11.3,8.4,13.8,3945,14.7,1.07,2.9
2019-10-17,13.7,11.4,17.7,3876,4.5,1.32,2.3
2019-10-18,13.5,7.6,18.4,6718,1.2,1.06,2.8
2019-10-19,11.6,7.0,16.0,5466,0.0,1.0,2.4
2019-10-20,13.5,9.4,18.2,4454,0.1,1.18,1.6
2019-10-21,13.9,10.2,18.5,4590,0.0,1.23,1.8
2019-10-22,11.3,5.3,15.6,5624,0.0,0.89,1.6
2019-10-23,9.9,4.0,16.0,7112,0.0,0.83,1.8
2019-10-24,12.3,8.1,15.2,3210,0.0,1.07,2.0
2019-10-25,12.4,8.3,16.6,6430,0.0,1.09,2.7
2019-10-26,14.0,9.7,19.1,7853,0.1,1.2,3.3
2019-10-27,11.5,6.6,16.2,3163,1.1,0.97,3.1
2019-10-28,7.5,2.3,12.9,7299,0.6,0.73,2.2
2019-10-29,4.5,-1.2,10.6,7763,0.3,0.57,1.7
2019-10-30,1.3,-2.8,9.2,8089,0.0,0.51,1.7
2019-10-31,0.3,-4.0,7.3,7970,0.0,0.47,1.7
2019-11-01,2.3,-2.5,6.3,6441,3.2,0.5,2.5
2019-11-02,10.4,6.4,16.7,3310,7.0,0.97,3.1
2019-11-03,11.3,9.2,15.1,3850,2.9,1.14,2.3
2019-11-04,10.0,8.8,12.5,2897,7.5,1.1,2.5
2019-11-05,8.8,6.4,10.1,2552,5.2,0.93,2.1
2019-11-06,7.7,5.5,8.9,2504,1.7,0.87,1.8
2019-11-07,6.9,4.2,9.5,2514,0.0,0.8,2.1
2019-11-08,5.9,0.8,8.3,2467,3.7,0.64,1.6
2019-11-09,6.0,1.9,7.7,2366,0.5,0.68,1.9
2019-11-10,3.1,0.5,7.4,3420,0.0,0.62,1.5
2019-11-11,1.2,-0.4,3.0,2279,0.0,0.57,2.6
2019-11-12,3.7,0.7,8.4,5883,0.0,0.64,2.9
2019-11-13,3.4,0.4,6.6,2673,0.1,0.62,2.3
2019-11-14,4.5,1.6,8.5,6449,0.0,0.67,2.4
2019-11-15,6.2,3.8,8.3,2118,1.0,0.78,2.9
2019-11-16,5.3,-0.1,7.3,2081,2.5,0.59,2.1
2019-11-17,3.2,-1.6,7.0,2044,1.4,0.54,2.1
2019-11-18,7.4,3.0,9.3,2009,2.6,0.74,2.6
2019-11-19,5.6,3.0,8.2,2420,1.7,0.74,2.4
2019-11-20,4.9,4.1,5.9,1942,0.2,0.79,1.3
2019-11-21,7.5,5.3,9.1,1910,2.6,0.86,1.5
2019-11-22,7.9,6.3,8.8,1927,0.0,0.92,2.2
2019-11-23,6.0,2.9,7.9,1944,0.0,0.73,3.2
2019-11-24,4.6,2.8,5.3,1821,0.0,0.72,2.2
2019-11-25,4.4,3.9,5.2,1793,0.0,0.78,1.5
2019-11-26,5.6,4.4,7.3,1767,0.0,0.81,2.1
2019-11-27,6.7,5.6,7.7,1741,2.1,0.87,3.0
2019-11-28,9.7,7.7,11.7,1717,3.4,1.02,4.4
2019-11-29,4.7,-0.1,8.6,2185,0.1,0.6,3.6
2019-11-30,0.8,-3.1,5.1,5301,0.0,0.48,1.8
2019-12-01,0.8,-1.0,1.8,1651,0.4,0.54,1.6
2019-12-02,3.0,0.6,5.1,1674,0.4,0.61,2.3
2019-12-03,2.9,-0.7,5.9,1612,0.2,0.57,1.9
2019-12-04,3.1,-3.0,5.9,2109,0.0,0.49,2.1
2019-12-05,-0.5,-4.0,3.6,4559,0.0,0.45,2.3
2019-12-06,2.2,-0.8,5.3,1562,7.1,0.56,4.0
2019-12-07,7.8,5.3,9.2,1547,1.3,0.86,4.1
2019-12-08,8.0,5.1,10.9,1534,1.6,0.85,4.7
2019-12-09,6.3,3.9,9.2,2478,0.9,0.79,4.1
2019-12-10,2.7,0.3,5.9,4282,0.0,0.61,3.0
2019-12-11,2.4,0.5,3.2,1500,6.5,0.61,2.8
2019-12-12,2.0,0.3,4.2,1490,0.0,0.6,2.5
2019-12-13,0.8,-0.3,2.4,3239,1.7,0.58,3.5
2019-12-14,3.0,1.0,4.8,1475,5.2,0.64,4.5
2019-12-15,4.6,0.9,9.1,2972,1.7,0.64,4.1
2019-12-16,4.8,1.4,7.4,1464,0.1,0.66,2.3
2019-12-17,8.1,3.8,12.7,1864,0.1,0.79,2.4
2019-12-18,7.6,0.6,13.8,3032,0.0,0.66,2.3
2019-12-19,4.5,1.1,6.6,1495,0.0,0.65,2.3
2019-12-20,6.1,2.4,9.3,3794,1.5,0.71,2.8
2019-12-21,5.8,0.0,9.7,3230,0.0,0.62,2.3
2019-12-22,2.3,0.1,4.2,1455,1.5,0.6,2.8
2019-12-23,6.4,4.2,8.4,1983,1.0,0.8,3.5
2019-12-24,5.9,4.3,7.5,2554,2.0,0.8,3.0
2019-12-25,5.2,4.3,6.4,1506,0.3,0.8,2.8
2019-12-26,4.6,2.9,6.6,1918,1.3,0.73,1.7
2019-12-27,2.5,0.0,3.9,1681,0.0,0.59,1.8
2019-12-28,-0.5,-3.2,1.6,1607,0.0,0.47,1.6
2019-12-29,-1.0,-3.8,1.0,2766,0.0,0.45,1.9
2019-12-30,3.4,-0.6,7.5,1709,0.0,0.58,2.7
2019-12-31,5.4,1.0,8.1,2757,0.0,0.64,2.5
2020-01-01,0.4,-4.3,4.8,3233,0.0,0.44,1.8
2020-01-02,-1.1,-5.0,2.5,4555,0.0,0.41,2.2
2020-01-03,4.4,1.5,7.0,1551,5.0,0.66,3.6
2020-01-04,4.2,0.9,6.0,1736,2.6,0.63,4.2
2020-01-05,1.3,-2.3,4.6,1668,0.0,0.5,2.1
2020-01-06,4.5,0.1,6.6,1642,0.0,0.6,2.2
2020-01-07,2.5,-1.7,5.9,1618,0.1,0.54,2.6
2020-01-08,6.7,3.2,9.1,1637,1.2,0.75,2.9
2020-01-09,8.6,7.5,10.2,1657,4.5,1.0,2.7
2020-01-10,8.9,4.3,10.6,3323,1.4,0.81,3.4
2020-01-11,4.3,1.3,6.4,3315,0.0,0.65,2.7
2020-01-12,4.0,1.2,7.3,2675,0.1,0.65,3.6
2020-01-13,5.0,1.1,7.6,2252,1.0,0.65,2.6
2020-01-14,7.2,1.1,10.4,2006,0.2,0.66,4.0
2020-01-15,10.2,8.5,13.3,2874,0.0,1.08,3.9
2020-01-16,5.3,1.4,10.2,5501,0.0,0.67,2.3
2020-01-17,3.6,0.2,7.9,5426,0.3,0.62,2.6
2020-01-18,5.2,2.8,7.0,3716,0.0,0.73,2.9
2020-01-19,3.2,-1.4,5.4,2067,0.0,0.54,1.9
2020-01-20,0.4,-3.0,3.5,1953,0.0,0.48,1.9
2020-01-21,2.2,-0.5,5.5,5863,0.0,0.57,2.3
2020-01-22,4.3,-0.1,6.8,2172,0.0,0.6,2.1
2020-01-23,3.4,0.0,5.0,2058,0.0,0.59,1.8
2020-01-24,0.3,-2.5,3.8,4925,0.1,0.5,2.0
2020-01-25,1.7,0.3,2.9,2132,0.1,0.6,1.9
2020-01-26,0.3,-1.1,1.2,2172,0.0,0.54,1.9
2020-01-27,3.9,-0.6,7.5,2372,5.9,0.58,2.9
2020-01-28,5.4,2.9,8.1,2955,4.6,0.73,4.5
2020-01-29,4.7,2.6,6.9,2350,2.9,0.71,4.4
2020-01-30,5.5,2.0,8.1,2339,1.8,0.69,4.1
2020-01-31,9.7,6.4,12.0,2832,0.2,0.93,4.6
2020-02-01,10.7,7.1,12.1,2430,2.0,0.98,4.5
2020-02-02,6.7,5.1,8.6,2477,5.8,0.85,3.9
2020-02-03,6.9,5.2,9.7,2583,2.4,0.86,3.7
2020-02-04,4.7,3.4,6.0,3811,1.3,0.75,4.1
2020-02-05,3.3,1.6,5.6,7158,0.0,0.66,3.0
2020-02-06,4.7,2.9,6.9,2916,0.0,0.73,2.3
2020-02-07,5.6,3.7,7.0,2727,0.0,0.76,1.9
2020-02-08,5.0,0.8,9.0,6993,0.0,0.64,2.3
2020-02-09,9.0,3.9,13.4,5470,10.5,0.81,5.2
2020-02-10,6.5,3.4,12.9,3525,3.1,0.78,7.0
2020-02-11,4.5,2.2,6.5,3010,0.0,0.69,6.6
2020-02-12,4.1,2.1,6.5,3915,0.1,0.69,5.6
2020-02-13,2.9,0.5,4.9,5040,2.0,0.61,3.3
2020-02-14,3.4,1.3,5.7,3120,0.4,0.65,2.5
2020-02-15,5.8,1.9,10.3,5749,0.0,0.69,3.1
2020-02-16,11.4,7.7,16.0,3310,1.6,1.05,5.2
2020-02-17,8.5,5.4,10.8,5520,0.1,0.88,4.5
2020-02-18,6.4,3.0,8.9,5049,1.8,0.74,4.8
2020-02-19,5.3,2.0,7.5,4637,3.2,0.69,4.3
2020-02-20,4.3,-0.1,7.3,3495,4.2,0.59,3.7
2020-02-21,5.8,3.5,7.8,5159,0.2,0.76,4.6
2020-02-22,8.3,6.1,11.3,3994,0.4,0.91,5.3
2020-02-23,6.1,3.1,7.8,3694,12.3,0.74,5.6
2020-02-24,4.8,3.1,7.4,3762,7.4,0.74,3.8
2020-02-25,7.3,3.5,9.8,8550,0.3,0.77,4.7
2020-02-26,3.2,1.5,6.4,4439,0.8,0.66,3.8
2020-02-27,2.9,-0.2,6.0,4671,0.1,0.59,3.1
2020-02-28,3.6,-0.3,8.5,7269,4.1,0.6,3.7
2020-02-29,6.6,1.2,11.8,6342,0.8,0.68,4.1
2020-03-01,6.0,3.3,9.4,7404,3.4,0.75,4.1
2020-03-02,5.9,3.8,9.5,7512,0.1,0.79,2.6
2020-03-03,4.0,1.1,6.3,4331,2.1,0.65,2.7
2020-03-04,3.0,-0.4,8.1,5818,0.1,0.59,2.3
2020-03-05,4.8,-1.1,9.7,9853,1.5,0.57,2.6
2020-03-06,3.9,1.9,5.5,4556,3.6,0.67,3.9
2020-03-07,4.2,-0.9,8.2,6173,0.0,0.57,3.1
2020-03-08,5.3,-1.3,11.3,6438,1.0,0.58,3.1
2020-03-09,7.4,2.9,11.2,5833,0.9,0.75,2.6
2020-03-10,6.3,1.6,11.0,4861,11.8,0.69,4.5
2020-03-11,9.5,6.9,13.5,11977,3.7,0.98,4.4
2020-03-12,8.9,3.7,12.4,10323,3.5,0.79,5.3
2020-03-13,5.6,1.6,9.5,8908,0.4,0.67,4.6
2020-03-14,2.8,-2.8,7.6,14884,0.0,0.5,1.9
2020-03-15,6.1,-0.1,12.6,13665,0.0,0.63,3.2
2020-03-16,8.6,1.1,16.1,14192,0.0,0.7,2.0
2020-03-17,8.0,0.7,15.4,10397,0.0,0.68,2.0
2020-03-18,10.7,3.3,17.0,11754,0.0,0.81,2.4
2020-03-19,9.2,6.2,12.2,5571,0.1,0.92,1.5
2020-03-20,7.1,3.2,10.3,5940,0.0,0.76,2.3
2020-03-21,3.4,-1.7,7.6,13222,0.0,0.54,4.0
2020-03-22,1.7,-2.7,6.4,17285,0.0,0.5,3.8
2020-03-23,0.9,-3.3,6.4,17357,0.0,0.48,3.1
2020-03-24,2.0,-4.0,8.1,17526,0.0,0.47,2.9
2020-03-25,3.2,-3.1,9.5,17694,0.0,0.5,3.3
2020-03-26,4.8,-1.6,11.1,17659,0.0,0.56,3.4
2020-03-27,8.6,1.3,17.0,17518,0.0,0.72,2.9
2020-03-28,7.6,0.7,14.5,17987,0.0,0.68,2.6
2020-03-29,2.6,-3.4,5.7,8645,0.6,0.47,4.0
2020-03-30,-0.5,-4.7,2.8,6765,2.5,0.42,2.7
2020-03-31,1.5,-2.5,6.3,14701,0.0,0.5,2.1
2020-04-01,3.6,-3.4,9.0,8826,0.0,0.5,2.3
2020-04-02,6.7,4.1,9.6,6691,0.0,0.8,2.9
2020-04-03,6.7,3.4,10.3,14138,0.0,0.76,3.0
2020-04-04,6.3,-1.8,13.0,20386,0.0,0.57,1.7
2020-04-05,9.1,-0.3,16.6,20655,0.0,0.66,2.9
2020-04-06,12.4,4.1,21.6,20814,0.0,0.9,2.4
2020-04-07,11.3,3.0,18.6,20316,0.0,0.81,2.0
2020-04-08,12.9,3.1,23.1,20908,0.0,0.86,1.7
2020-04-09,11.1,2.2,17.8,15754,0.0,0.77,2.0
2020-04-10,7.6,-0.8,15.1,21212,0.0,0.62,1.8
2020-04-11,7.7,-1.2,16.0,21138,0.0,0.62,1.5
2020-04-12,13.3,0.7,23.1,21509,1.5,0.76,1.9
2020-04-13,7.4,2.4,11.8,15333,0.0,0.73,3.9
2020-04-14,6.0,-0.2,11.3,21004,0.0,0.61,2.9
2020-04-15,9.0,2.9,17.1,18292,0.0,0.78,2.6
2020-04-16,10.8,2.2,17.6,21048,0.0,0.76,2.0
2020-04-17,11.1,4.4,17.8,22101,0.0,0.86,1.6
2020-04-18,10.1,1.9,17.5,23622,0.0,0.76,2.1
2020-04-19,8.9,3.6,14.1,23876,0.0,0.8,3.0
2020-04-20,9.8,2.0,16.5,24129,0.0,0.75,4.1
2020-04-21,11.4,5.3,17.8,24381,0.0,0.92,4.6
2020-04-22,12.0,3.9,19.0,24514,0.0,0.86,3.6
2020-04-23,13.2,3.4,21.6,24409,0.0,0.86,1.9
2020-04-24,12.9,4.2,21.5,22289,0.0,0.9,2.8
2020-04-25,11.0,6.7,15.9,15165,0.0,0.98,2.5
2020-04-26,11.3,3.8,18.2,20853,0.0,0.84,1.5
2020-04-27,13.0,0.7,21.6,23470,0.0,0.74,1.8
2020-04-28,13.6,5.7,21.2,17468,2.1,0.98,2.1
2020-04-29,11.0,6.8,16.5,10584,3.8,0.99,2.5
2020-04-30,12.1,6.8,18.1,12583,2.1,1.0,2.9
2020-05-01,11.3,6.1,17.5,16528,0.3,0.96,3.1
2020-05-02,9.8,4.8,15.7,16975,3.2,0.87,3.0
2020-05-03,9.9,5.3,14.4,10732,0.3,0.89,2.0
2020-05-04,8.9,4.6,13.5,12260,4.6,0.84,2.1
2020-05-05,7.7,3.1,13.1,20397,0.4,0.77,2.5
2020-05-06,10.9,4.1,17.3,25385,0.0,0.85,2.4
2020-05-07,11.2,6.1,17.7,18968,0.0,0.96,2.0
2020-05-08,12.6,2.7,20.3,26310,0.0,0.81,1.6
2020-05-09,15.4,3.9,24.0,25167,0.0,0.91,1.5
2020-05-10,17.3,9.5,25.4,19442,4.0,1.26,2.1
2020-05-11,7.1,-0.7,10.5,12204,3.4,0.59,3.7
2020-05-12,6.7,-1.2,12.2,16357,0.0,0.58,2.4
2020-05-13,9.5,5.3,15.8,15674,0.4,0.9,2.0
2020-05-14,9.0,0.2,14.3,19720,0.3,0.65,2.5
2020-05-15,8.4,-1.6,15.6,18537,0.0,0.6,2.6
2020-05-16,11.7,5.2,17.0,18598,0.9,0.9,2.4
2020-05-17,13.5,7.3,18.7,21786,0.0,1.03,2.5
2020-05-18,15.6,9.5,21.3,11319,0.0,1.21,2.3
2020-05-19,14.8,6.8,19.8,12117,0.0,1.02,2.3
2020-05-20,13.4,5.4,20.2,27998,0.0,0.95,1.6
2020-05-21,14.3,4.7,21.8,28187,0.0,0.94,1.5
2020-05-22,16.7,9.8,22.8,15020,4.7,1.26,2.1
2020-05-23,14.7,6.7,18.6,14433,1.2,1.0,2.8
2020-05-24,10.9,6.3,16.7,13843,10.6,0.96,3.5
2020-05-25,11.7,7.9,14.4,10091,0.5,1.04,3.1
2020-05-26,14.2,7.6,21.1,18728,0.0,1.08,1.6
2020-05-27,15.7,6.6,23.2,20668,0.0,1.05,1.9
2020-05-28,14.7,9.4,20.0,24890,0.0,1.2,2.7
2020-05-29,14.7,5.5,20.5,22903,0.0,0.96,2.1
2020-05-30,14.5,10.1,19.2,22179,0.0,1.23,2.5
2020-05-31,15.2,9.0,22.3,24120,0.0,1.19,2.7
2020-06-01,17.1,8.7,24.8,30000,0.0,1.19,2.4
2020-06-02,19.5,8.6,27.2,29655,0.0,1.23,1.7
2020-06-03,19.0,10.8,26.6,25110,0.0,1.36,1.9
2020-06-04,16.4,12.8,23.3,12157,11.4,1.48,2.2
2020-06-05,13.3,9.3,18.1,14853,2.3,1.17,3.4
2020-06-06,11.9,7.0,18.8,22262,0.7,1.02,3.2
2020-06-07,14.6,8.1,20.6,16168,0.0,1.1,2.3
2020-06-08,14.8,6.0,21.0,25364,0.0,0.99,1.5
2020-06-09,17.2,10.0,22.8,20539,0.0,1.26,1.9
2020-06-10,16.6,11.3,21.7,21448,9.2,1.34,2.1
2020-06-11,16.6,13.5,20.9,12151,1.2,1.53,2.0
2020-06-12,19.8,13.8,27.4,20455,0.2,1.62,2.5
2020-06-13,20.1,16.6,28.1,15235,13.9,1.91,2.4
2020-06-14,19.6,14.0,25.5,17158,0.0,1.63,2.7
2020-06-15,19.5,12.2,25.5,28523,0.0,1.48,2.0
2020-06-16,20.0,11.2,26.5,28019,0.0,1.39,1.4
2020-06-17,21.9,12.6,28.7,26619,0.0,1.54,1.7
2020-06-18,19.9,16.3,26.8,12327,22.7,1.86,2.2
2020-06-19,17.2,14.2,20.5,11052,2.1,1.59,2.3
2020-06-20,17.3,15.5,19.5,10541,2.2,1.71,2.5
2020-06-21,18.6,11.8,24.6,22532,0.0,1.41,2.0
2020-06-22,19.0,9.9,25.7,24696,0.0,1.29,2.2
2020-06-23,18.3,9.3,24.4,30428,0.0,1.23,1.8
2020-06-24,20.2,10.0,25.9,25827,0.0,1.3,2.1
2020-06-25,22.3,17.0,28.4,21481,0.0,1.95,2.4
2020-06-26,22.6,16.5,30.0,24273,8.3,1.93,2.0
2020-06-27,23.5,15.0,31.6,23621,1.1,1.81,2.1
2020-06-28,20.8,13.2,28.5,15199,0.8,1.6,2.5
2020-06-29,18.4,10.8,25.3,21931,1.2,1.36,2.5
2020-06-30,17.2,10.6,21.9,15803,0.1,1.29,3.5
2020-07-01,17.8,14.9,20.9,10442,4.7,1.65,2.8
2020-07-02,18.1,12.8,24.7,21232,2.9,1.51,2.3
2020-07-03,18.4,14.9,22.9,19937,0.0,1.68,2.4
2020-07-04,19.3,13.7,23.8,17752,0.1,1.58,3.3
2020-07-05,20.8,17.5,25.9,13156,0.3,1.98,4.0
2020-07-06,16.2,11.4,20.0,22645,2.8,1.35,4.0
2020-07-07,15.0,10.6,21.2,19063,1.3,1.29,2.5
2020-07-08,15.0,11.7,18.9,15738,0.2,1.35,2.0
2020-07-09,15.6,13.3,20.1,10390,9.7,1.49,2.1
2020-07-10,16.2,11.2,24.5,13271,3.9,1.37,2.9
2020-07-11,15.2,10.3,20.9,22841,0.1,1.27,2.2
2020-07-12,15.0,7.9,20.3,19517,0.0,1.09,1.9
2020-07-13,16.7,7.4,23.9,26790,0.0,1.1,1.6
2020-07-14,19.8,10.9,28.3,19684,2.8,1.42,1.7
2020-07-15,15.4,13.8,18.2,10200,7.0,1.52,1.7
2020-07-16,15.7,9.8,20.6,15192,0.8,1.22,1.7
2020-07-17,16.9,8.0,23.1,14018,0.0,1.13,1.5
2020-07-18,19.7,11.0,27.5,25137,0.0,1.4,1.3
2020-07-19,22.2,12.5,30.4,23574,0.5,1.56,1.5
2020-07-20,18.0,12.2,21.5,14884,2.7,1.41,2.2
2020-07-21,15.9,8.6,22.0,23578,0.0,1.15,2.1
2020-07-22,15.4,6.7,22.1,22890,0.2,1.04,1.8
2020-07-23,17.3,11.5,23.6,22701,0.0,1.39,1.6
2020-07-24,19.2,11.0,27.0,17661,0.0,1.39,2.4
2020-07-25,19.5,14.8,26.4,15242,0.2,1.72,1.9
2020-07-26,18.2,13.8,24.0,15061,10.0,1.57,2.5
2020-07-27,18.6,10.3,25.3,17970,0.1,1.32,1.9
2020-07-28,20.3,11.5,26.8,18273,0.0,1.44,3.3
2020-07-29,16.9,10.8,23.1,15371,0.0,1.32,2.8
2020-07-30,17.0,8.6,23.3,21945,0.0,1.17,1.8
2020-07-31,18.8,8.8,26.7,27017,0.0,1.23,1.6
2020-08-01,21.8,12.1,30.3,23251,0.0,1.55,2.0
2020-08-02,19.2,15.0,21.7,10585,4.7,1.68,1.9
2020-08-03,17.6,12.1,22.8,17104,0.0,1.42,1.9
2020-08-04,16.6,9.6,23.9,19336,0.0,1.25,1.8
2020-08-05,18.9,7.9,28.6,26403,0.0,1.2,1.9
2020-08-06,22.1,12.2,30.2,26177,0.0,1.54,1.7
2020-08-07,24.8,14.7,32.2,23416,0.0,1.78,1.6
2020-08-08,27.4,17.2,35.0,21270,0.0,2.12,1.4
2020-08-09,26.2,20.1,34.9,22250,0.0,2.46,1.7
2020-08-10,23.9,17.8,33.3,19637,0.1,2.15,2.0
2020-08-11,24.5,16.8,32.1,24900,0.0,2.01,2.3
2020-08-12,24.0,16.6,31.2,24664,0.0,1.96,2.3
2020-08-13,24.4,15.6,32.2,18863,0.2,1.88,2.0
2020-08-14,23.8,17.9,29.7,16638,0.0,2.08,1.7
2020-08-15,23.9,14.2,31.8,22184,0.0,1.74,1.4
2020-08-16,23.7,16.4,31.2,23822,0.0,1.95,1.8
2020-08-17,24.0,17.1,32.1,20895,6.1,2.02,1.8
2020-08-18,20.7,16.6,25.7,10783,0.6,1.87,1.8
2020-08-19,20.6,13.5,27.8,19731,0.0,1.61,1.5
2020-08-20,23.5,15.9,32.0,15463,0.0,1.9,1.9
2020-08-21,25.6,16.7,35.3,15590,0.3,2.06,2.2
2020-08-22,22.9,15.8,27.4,12513,0.4,1.82,2.7
2020-08-23,19.3,14.6,24.5,15037,0.0,1.66,3.0
2020-08-24,16.9,12.9,23.4,11420,1.7,1.51,2.3
2020-08-25,16.7,12.0,21.9,11892,7.2,1.41,2.2
2020-08-26,16.0,13.9,17.5,8207,8.4,1.54,5.1
2020-08-27,15.9,10.9,19.5,13823,0.0,1.29,2.7
2020-08-28,15.8,11.2,21.0,8496,4.0,1.34,2.4
2020-08-29,16.3,11.5,22.6,15155,0.0,1.37,2.1
2020-08-30,17.6,10.4,23.0,15478,0.1,1.3,1.8
2020-08-31,17.3,12.2,22.6,12951,0.0,1.44,1.8
2020-09-01,14.9,8.3,20.1,14147,0.0,1.12,1.7
2020-09-02,15.0,11.4,19.4,9922,1.9,1.33,1.5
2020-09-03,16.7,10.6,22.7,15309,8.4,1.31,2.2
2020-09-04,18.2,15.1,23.1,14754,3.2,1.7,2.3
2020-09-05,14.5,11.7,17.2,8257,6.0,1.33,2.3
2020-09-06,13.2,9.1,19.1,15134,0.0,1.16,1.9
2020-09-07,13.7,9.8,19.3,14163,0.0,1.21,1.7
2020-09-08,15.9,9.7,21.0,7472,0.0,1.22,2.4
2020-09-09,18.0,12.9,23.1,7491,1.9,1.49,2.4
2020-09-10,14.0,9.0,19.7,16245,0.0,1.15,1.8
2020-09-11,15.2,8.8,22.2,15792,0.0,1.18,1.4
2020-09-12,16.1,7.0,25.0,17167,0.0,1.1,2.1
2020-09-13,16.1,9.0,24.0,16607,0.0,1.2,1.9
2020-09-14,19.2,9.6,29.4,16751,0.0,1.32,1.5
2020-09-15,21.6,14.9,30.8,17088,0.0,1.78,1.3
2020-09-16,20.0,12.3,28.8,15350,0.0,1.54,1.9
2020-09-17,13.3,5.1,18.3,16956,0.0,0.91,2.7
2020-09-18,11.0,2.1,20.1,17273,0.0,0.78,2.2
2020-09-19,13.1,3.2,21.7,14987,0.0,0.86,1.8
2020-09-20,14.9,7.0,23.7,16644,0.0,1.08,1.7
2020-09-21,15.3,5.9,25.0,16285,0.0,1.02,1.2
2020-09-22,16.4,8.0,26.2,15553,0.0,1.19,1.2
2020-09-23,16.1,8.9,24.9,11762,0.0,1.22,1.9
2020-09-24,15.2,10.2,20.9,9785,9.6,1.26,2.8
2020-09-25,12.2,7.1,16.6,7383,1.9,1.01,2.6
2020-09-26,10.0,7.7,11.9,5113,23.5,1.01,3.0
2020-09-27,9.6,8.1,11.1,5035,2.5,1.04,2.1
2020-09-28,12.4,7.7,18.2,10291,0.0,1.05,1.5
2020-09-29,11.9,7.1,19.5,10341,0.0,1.03,1.6
2020-09-30,12.0,5.3,19.8,14138,0.0,0.94,1.4
2020-10-01,12.1,5.3,17.6,9912,0.0,0.91,2.0
2020-10-02,13.6,9.4,17.5,6193,0.0,1.16,2.9
2020-10-03,16.5,11.8,21.7,8898,0.0,1.39,3.3
2020-10-04,12.6,5.9,18.5,9367,0.0,0.95,2.9
2020-10-05,10.1,6.2,13.6,4678,0.5,0.93,2.7
2020-10-06,11.6,6.1,16.2,6245,1.3,0.95,3.5
2020-10-07,11.4,7.5,15.0,6315,2.2,1.01,3.2
2020-10-08,11.6,6.8,14.1,4613,6.8,0.97,3.5
2020-10-09,12.5,7.7,15.4,4377,0.2,1.04,2.2
2020-10-10,9.8,2.9,13.9,8240,1.4,0.76,2.6
2020-10-11,8.3,2.1,12.6,6567,0.2,0.72,2.0
2020-10-12,8.4,1.7,12.4,5853,0.0,0.7,1.6
2020-10-13,8.0,1.5,13.3,6067,0.0,0.7,1.6
2020-10-14,10.0,8.3,10.6,3790,5.3,1.06,3.4
2020-10-15,9.5,7.7,10.2,3722,0.0,1.01,2.7
2020-10-16,9.0,5.2,11.4,3729,0.8,0.86,2.1
2020-10-17,9.3,3.5,13.9,5990,0.0,0.8,1.4
2020-10-18,8.1,4.0,11.8,4890,0.5,0.8,2.3
2020-10-19,8.1,3.0,11.1,5521,0.0,0.75,1.7
2020-10-20,8.2,2.3,12.1,4519,4.6,0.73,2.4
2020-10-21,12.2,9.5,15.0,3333,1.0,1.16,2.9
2020-10-22,15.3,10.2,18.6,5123,2.2,1.24,3.0
2020-10-23,12.0,6.6,15.0,4294,9.2,0.96,2.0
2020-10-24,12.8,8.4,15.8,4957,0.1,1.09,2.8
2020-10-25,12.8,8.7,16.2,4744,0.3,1.11,2.8
2020-10-26,10.4,6.7,11.8,3032,2.4,0.96,2.4
2020-10-27,9.3,5.5,13.0,4976,0.1,0.89,3.1
2020-10-28,10.7,7.1,14.6,5086,4.3,0.99,3.4
2020-10-29,9.5,5.1,11.7,4500,3.7,0.86,3.5
2020-10-30,11.5,6.3,13.8,2809,8.0,0.94,3.3
2020-10-31,13.9,9.8,15.9,2878,1.2,1.18,2.2
2020-11-01,12.9,10.5,15.5,3067,11.3,1.23,2.9
2020-11-02,16.7,14.7,19.7,2951,1.1,1.63,4.0
2020-11-03,10.6,6.4,14.8,5501,0.0,0.95,2.7
2020-11-04,7.5,4.2,11.6,7344,0.0,0.81,2.3
2020-11-05,7.1,1.6,11.7,6140,0.0,0.69,2.2
2020-11-06,9.4,8.5,10.5,2457,0.0,1.07,1.8
2020-11-07,6.9,2.7,10.2,5451,0.0,0.73,1.7
2020-11-08,5.1,1.2,10.9,6815,0.0,0.67,1.4
2020-11-09,5.5,5.2,5.9,2322,0.0,0.85,1.8
2020-11-10,5.4,4.8,6.2,2279,0.0,0.82,1.8
2020-11-11,6.2,5.8,6.8,2237,0.0,0.89,1.6
2020-11-12,7.9,5.7,12.2,4209,1.0,0.9,2.3
2020-11-13,7.1,4.7,11.8,4303,0.3,0.84,2.0
2020-11-14,10.4,7.6,13.8,2377,0.4,1.02,2.0
2020-11-15,9.8,6.5,14.8,4330,0.5,0.95,3.1
2020-11-16,9.6,6.1,11.9,3712,0.0,0.92,3.5
2020-11-17,9.8,6.2,11.0,2059,1.3,0.92,3.0
2020-11-18,10.2,7.1,12.1,2024,0.0,0.98,2.7
2020-11-19,8.6,3.2,11.8,2479,0.5,0.76,4.0
2020-11-20,2.6,-1.8,6.6,4326,0.0,0.53,2.2
2020-11-21,3.3,-1.8,7.3,1879,0.1,0.54,3.0
2020-11-22,7.4,3.0,10.3,2181,0.3,0.74,2.8
2020-11-23,5.0,1.2,8.6,4349,0.0,0.66,2.4
2020-11-24,3.0,-0.5,8.0,2303,0.0,0.58,2.4
2020-11-25,1.0,-0.7,2.7,1767,0.0,0.56,2.2
2020-11-26,4.5,-1.1,7.9,1741,0.2,0.56,1.9
2020-11-27,4.5,1.9,6.7,1717,0.0,0.68,1.4
2020-11-28,2.8,-1.6,4.7,1694,0.0,0.53,1.8
2020-11-29,1.8,-2.7,4.9,1805,0.3,0.49,1.8
2020-11-30,2.0,1.6,2.5,1651,0.2,0.66,2.1
2020-12-01,2.7,1.5,3.7,1631,0.0,0.66,2.0
2020-12-02,-0.4,-2.7,1.9,2390,0.0,0.49,1.8
2020-12-03,-0.7,-3.0,0.9,1594,0.0,0.47,3.0
2020-12-04,0.5,-1.8,2.7,1663,0.1,0.52,3.0
2020-12-05,2.5,0.6,5.4,2281,0.0,0.62,2.0
2020-12-06,5.9,2.7,9.0,1884,0.0,0.73,1.9
2020-12-07,6.1,1.9,8.4,1868,0.0,0.69,2.4
2020-12-08,3.4,1.3,5.5,3600,0.9,0.65,1.8
2020-12-09,2.0,1.1,2.6,1510,0.1,0.64,1.8
2020-12-10,-0.1,-1.0,1.2,1500,0.0,0.54,1.6
2020-12-11,0.1,-0.8,0.6,1490,0.0,0.55,2.8
2020-12-12,1.1,0.0,2.1,1972,0.0,0.59,2.2
2020-12-13,2.5,1.2,3.3,1475,0.0,0.64,1.8
2020-12-14,5.3,2.5,8.2,1631,0.2,0.71,2.6
2020-12-15,5.7,3.2,7.9,1464,0.6,0.74,2.2
2020-12-16,6.3,0.7,8.4,1702,0.0,0.64,1.9
2020-12-17,6.0,3.2,8.3,2144,1.3,0.75,2.6
2020-12-18,5.0,0.0,8.3,4240,0.0,0.61,2.3
2020-12-19,2.1,-0.6,6.6,4077,0.0,0.58,2.7
2020-12-20,3.4,0.8,5.5,1656,1.4,0.63,2.3
2020-12-21,4.7,2.5,7.4,3878,6.7,0.71,2.7
2020-12-22,8.7,4.5,13.2,1457,2.0,0.84,3.8
2020-12-23,6.2,2.3,10.4,1461,4.3,0.71,2.2
2020-12-24,6.0,2.5,10.5,1465,3.4,0.72,3.4
2020-12-25,2.3,-0.6,3.8,1714,0.0,0.57,2.4
2020-12-26,1.1,-2.3,3.0,1477,0.0,0.5,3.0
2020-12-27,1.9,0.9,2.6,1484,0.1,0.62,5.0
2020-12-28,2.3,0.1,4.3,2397,3.7,0.59,2.6
2020-12-29,1.5,0.0,3.1,2451,0.0,0.59,2.6
2020-12-30,2.3,0.0,4.8,3918,0.0,0.6,2.7
2020-12-31,1.7,-0.1,3.2,1525,0.4,0.58,2.4
2021-01-01,1.0,-0.9,2.9,1525,0.2,0.55,1.4
2021-01-02,1.6,-0.7,5.0,2962,0.0,0.57,1.6
2021-01-03,1.3,0.6,2.2,1551,4.8,0.61,2.6
2021-01-04,0.7,0.2,1.2,1566,2.0,0.59,2.6
2021-01-05,2.1,0.7,3.4,1582,0.6,0.62,2.6
2021-01-06,1.6,0.5,3.3,1599,1.2,0.61,2.2
2021-01-07,0.8,0.2,1.1,1618,0.1,0.6,2.1
2021-01-08,0.9,0.0,1.6,1637,0.8,0.58,2.1
2021-01-09,1.4,-0.2,2.3,1657,0.1,0.58,1.6
2021-01-10,0.1,-1.2,1.5,1679,0.2,0.54,1.9
2021-01-11,1.3,0.0,2.4,1701,5.9,0.59,3.2
2021-01-12,1.6,-0.1,3.2,2087,3.1,0.58,4.0
2021-01-13,1.4,-0.1,3.7,1749,3.2,0.58,4.2
2021-01-14,1.4,-0.1,2.6,2283,0.0,0.58,2.9
2021-01-15,-0.6,-2.6,0.7,1802,0.0,0.49,2.2
2021-01-16,-1.9,-5.6,-0.3,1924,0.0,0.39,2.1
2021-01-17,-3.6,-6.8,0.1,3571,0.2,0.36,1.6
2021-01-18,-0.5,-5.4,3.2,1890,4.6,0.41,2.9
2021-01-19,2.4,0.3,6.9,1921,9.9,0.62,3.8
2021-01-20,5.9,3.2,7.4,2101,0.0,0.75,3.6
2021-01-21,7.2,3.5,11.2,2931,1.3,0.77,4.4
2021-01-22,5.2,-1.3,9.6,2022,0.1,0.57,3.5
2021-01-23,-0.1,-2.1,2.6,2058,0.0,0.51,2.1
2021-01-24,0.5,-2.0,2.0,2094,3.2,0.51,2.4
2021-01-25,0.6,-0.2,1.2,2132,0.0,0.58,1.8
2021-01-26,0.0,-3.2,2.5,3595,0.0,0.47,3.0
2021-01-27,1.2,-1.2,4.3,3599,1.2,0.54,2.5
2021-01-28,1.1,-2.7,3.6,2685,0.0,0.49,2.6
2021-01-29,-1.2,-2.5,0.0,2296,2.1,0.49,3.5
2021-01-30,-1.8,-8.8,2.2,4332,0.0,0.32,2.6
2021-01-31,-6.4,-10.5,-0.8,6307,0.0,0.28,2.1
2021-02-01,-2.9,-7.7,0.2,2430,0.0,0.34,2.2
2021-02-02,-0.1,-1.4,1.1,2477,2.7,0.53,2.3
2021-02-03,1.2,-0.1,2.7,2524,15.1,0.59,3.3
2021-02-04,0.4,-0.1,0.9,2573,0.2,0.58,2.8
2021-02-05,0.0,-1.3,0.9,2623,0.9,0.53,2.4
2021-02-06,-1.9,-4.2,-0.6,2675,0.0,0.43,3.9
2021-02-07,-5.2,-6.4,-3.8,2727,0.2,0.37,4.8
2021-02-08,-7.5,-9.6,-5.1,2780,0.7,0.29,3.6
2021-02-09,-9.1,-13.6,-6.1,2834,0.1,0.21,1.9
2021-02-10,-6.1,-12.4,-2.2,5304,0.0,0.24,2.3
2021-02-11,-4.5,-7.4,-1.6,5004,0.0,0.34,1.8
2021-02-12,-5.6,-11.7,-0.7,8410,0.0,0.26,2.3
2021-02-13,-6.9,-12.8,0.3,9195,0.0,0.24,2.1
2021-02-14,-7.2,-11.0,-2.8,5791,0.0,0.26,2.0
2021-02-15,-4.6,-11.2,0.1,3924,4.0,0.27,2.7
2021-02-16,1.4,-1.0,4.0,3310,1.7,0.55,2.2
2021-02-17,4.2,0.3,7.8,3650,0.2,0.61,2.9
2021-02-18,5.8,2.0,10.4,7153,4.1,0.7,2.5
2021-02-19,4.8,-0.9,9.3,6553,0.0,0.58,2.5
2021-02-20,5.0,0.0,12.0,9025,0.0,0.62,2.2
2021-02-21,7.3,0.9,15.5,10683,0.0,0.69,2.2
2021-02-22,5.0,-1.1,13.6,10833,0.0,0.59,2.0
2021-02-23,8.3,1.4,17.7,8009,0.0,0.73,2.0
2021-02-24,10.5,4.2,18.9,9933,0.0,0.87,2.2
2021-02-25,9.3,1.8,18.4,10454,3.7,0.76,2.1
2021-02-26,7.2,3.5,10.2,5363,0.0,0.77,2.4
2021-02-27,4.4,-0.5,6.8,3970,0.0,0.58,2.3
2021-02-28,3.0,-1.3,6.1,4041,0.0,0.55,2.0
2021-03-01,3.5,-2.5,7.2,6023,0.0,0.51,1.6
2021-03-02,0.5,-2.6,8.1,7324,0.0,0.51,1.4
2021-03-03,6.0,-3.3,14.2,10847,0.0,0.54,1.6
2021-03-04,3.5,1.9,5.1,4331,0.1,0.68,2.4
2021-03-05,1.5,-4.2,6.6,12880,0.0,0.46,2.4
2021-03-06,0.9,-4.4,4.2,5488,0.0,0.44,2.3
2021-03-07,2.9,0.5,5.9,5319,0.6,0.62,2.5
2021-03-08,1.3,-2.8,6.3,13542,0.0,0.49,1.6
2021-03-09,0.8,-2.9,6.9,11630,0.0,0.5,1.6
2021-03-10,2.0,-4.5,8.3,12213,1.8,0.45,2.2
2021-03-11,6.5,3.1,11.5,6450,6.9,0.75,5.2
2021-03-12,7.0,4.1,11.0,7523,0.4,0.8,5.0
2021-03-13,5.6,3.5,9.1,5826,7.5,0.77,5.4
2021-03-14,5.0,3.5,8.2,7183,2.4,0.76,4.2
2021-03-15,4.6,2.4,6.9,5998,3.9,0.71,3.6
2021-03-16,4.3,0.2,8.9,12740,0.0,0.62,3.2
2021-03-17,2.9,-1.3,7.5,7104,0.6,0.56,2.0
2021-03-18,1.9,-1.5,7.6,7199,0.9,0.55,1.6
2021-03-19,0.2,-2.3,4.3,9002,0.1,0.5,2.5
2021-03-20,1.3,-2.2,4.6,6528,0.1,0.51,2.4
2021-03-21,5.7,0.2,10.5,9221,0.1,0.62,3.7
2021-03-22,5.7,0.0,11.0,15070,0.4,0.63,2.4
2021-03-23,5.6,4.3,6.9,5811,0.0,0.8,2.0
2021-03-24,6.9,2.1,13.1,8758,0.0,0.72,1.8
2021-03-25,6.9,-1.5,14.2,13542,0.1,0.59,1.7
2021-03-26,9.2,1.9,16.3,11471,0.0,0.74,2.2
2021-03-27,5.3,1.5,10.0,9267,3.8,0.68,4.0
2021-03-28,6.7,0.5,12.2,9064,0.6,0.65,3.1
2021-03-29,13.1,6.7,20.1,12448,0.0,1.02,2.9
2021-03-30,12.4,3.9,21.7,18666,0.0,0.88,1.7
2021-03-31,12.6,1.5,23.6,18831,0.0,0.81,1.3
2021-04-01,9.0,3.8,16.2,7370,0.0,0.82,2.5
2021-04-02,4.9,-1.9,11.1,13464,1.5,0.56,3.1
2021-04-03,4.9,-2.0,9.7,17514,0.0,0.55,2.8
2021-04-04,3.6,-4.5,9.4,11682,0.0,0.46,2.5
2021-04-05,3.4,-0.4,6.1,10825,2.1,0.58,4.8
2021-04-06,1.3,-1.9,5.9,12332,0.6,0.53,4.0
2021-04-07,2.2,0.3,6.5,7550,2.2,0.61,4.3
2021-04-08,3.8,1.2,8.1,10912,0.0,0.65,3.5
2021-04-09,7.0,0.5,13.8,13650,0.3,0.66,3.0
2021-04-10,6.1,1.3,10.3,9008,6.2,0.67,2.0
2021-04-11,9.3,3.4,17.3,11318,6.1,0.81,3.0
2021-04-12,4.4,0.1,8.7,11415,0.1,0.61,2.7
2021-04-13,3.8,-0.7,9.7,14208,0.2,0.59,2.6
2021-04-14,4.0,-0.5,9.8,16123,0.0,0.59,2.1
2021-04-15,4.7,-1.3,8.9,11815,0.0,0.56,2.3
2021-04-16,7.0,4.2,11.5,14303,0.0,0.81,2.4
2021-04-17,8.9,5.7,14.7,11544,0.0,0.91,2.1
2021-04-18,6.8,3.4,10.3,7839,3.7,0.76,1.6
2021-04-19,9.9,4.1,17.4,16229,0.0,0.86,1.7
2021-04-20,10.3,1.4,18.3,23064,0.0,0.74,1.6
2021-04-21,8.6,0.3,16.7,19353,0.0,0.68,2.6
2021-04-22,7.2,3.3,12.0,15025,0.1,0.77,3.6
2021-04-23,7.9,2.3,14.0,18996,0.0,0.74,2.6
2021-04-24,6.9,2.0,12.7,16277,0.0,0.72,2.3
2021-04-25,5.4,-1.8,11.3,15783,0.0,0.56,2.4
2021-04-26,4.0,-3.3,10.3,19319,0.0,0.5,2.1
2021-04-27,5.5,-3.2,12.4,25141,0.0,0.52,2.5
2021-04-28,9.6,1.6,17.3,23948,0.9,0.73,2.2
2021-04-29,9.5,6.9,13.8,10994,3.9,0.98,3.0
2021-04-30,7.6,4.9,10.4,8780,0.0,0.84,1.9
2021-05-01,8.7,4.7,13.8,11618,0.0,0.85,1.7
2021-05-02,8.7,6.2,11.7,9995,1.6,0.92,2.7
2021-05-03,6.8,2.9,11.6,12608,1.0,0.75,2.8
2021-05-04,9.3,4.0,15.6,11705,2.1,0.83,5.1
2021-05-05,8.2,5.1,13.0,14089,1.7,0.87,5.1
2021-05-06,7.6,2.5,13.0,20152,2.4,0.74,3.1
2021-05-07,5.3,1.4,10.6,14108,6.8,0.67,3.0
2021-05-08,8.5,0.4,14.8,20196,0.0,0.66,2.4
2021-05-09,18.2,9.1,25.9,25202,0.0,1.24,3.0
2021-05-10,20.4,12.3,29.6,23810,0.0,1.53,2.6
2021-05-11,17.9,12.3,24.4,18205,8.9,1.46,2.3
2021-05-12,12.7,11.2,16.0,9355,4.6,1.29,2.5
2021-05-13,11.1,10.5,12.0,9406,22.0,1.22,2.2
2021-05-14,9.0,7.1,10.2,9456,2.1,0.97,2.2
2021-05-15,11.6,5.1,18.3,22461,4.4,0.91,2.3
2021-05-16,11.6,6.4,17.4,17040,2.3,0.97,2.4
2021-05-17,12.3,7.1,18.3,17848,1.8,1.03,2.6
2021-05-18,10.8,5.0,15.5,11773,0.5,0.88,2.5
2021-05-19,11.6,3.6,17.4,23101,0.3,0.82,2.2
2021-05-20,11.8,8.2,17.0,20527,0.2,1.07,2.3
2021-05-21,12.9,7.3,20.2,18698,3.9,1.05,3.6
2021-05-22,11.7,5.7,17.2,16358,1.0,0.94,4.2
2021-05-23,11.3,6.2,16.9,16279,0.5,0.96,3.0
2021-05-24,14.2,4.9,21.3,25280,0.4,0.93,2.7
2021-05-25,11.5,9.0,14.6,14853,4.7,1.12,3.7
2021-05-26,11.7,8.6,16.5,16790,2.0,1.11,3.4
2021-05-27,11.2,8.5,14.9,12150,5.1,1.08,3.1
2021-05-28,11.6,7.8,15.9,16616,6.5,1.05,2.1
2021-05-29,11.7,7.0,17.8,18300,0.0,1.02,2.1
2021-05-30,14.4,6.7,20.9,27721,0.0,1.02,2.1
2021-05-31,14.8,5.1,22.4,30047,0.0,0.95,1.8
2021-06-01,16.6,7.8,23.7,21326,0.0,1.14,1.9
2021-06-02,17.0,10.4,24.7,21487,0.1,1.31,2.2
2021-06-03,19.9,13.0,26.0,27494,0.1,1.53,2.0
2021-06-04,19.6,14.0,24.8,22947,0.1,1.61,1.6
2021-06-05,20.8,12.2,27.5,26539,0.0,1.5,1.9
2021-06-06,20.8,13.5,28.4,21856,0.3,1.62,1.9
2021-06-07,19.8,9.8,27.3,28376,0.0,1.31,1.8
2021-06-08,19.9,10.9,25.3,22412,0.0,1.36,1.6
2021-06-09,19.7,8.0,27.3,29061,0.0,1.2,1.4
2021-06-10,20.9,12.6,27.3,26659,0.0,1.53,1.5
2021-06-11,21.0,11.7,26.6,20938,0.0,1.43,1.7
2021-06-12,18.0,12.6,21.4,17381,1.5,1.44,3.2
2021-06-13,15.2,9.2,21.3,18414,0.0,1.18,2.7
2021-06-14,18.6,6.7,27.5,28760,0.0,1.12,1.8
2021-06-15,18.3,12.1,24.3,20348,0.0,1.45,1.7
2021-06-16,20.1,10.3,27.5,29289,0.0,1.35,1.7
2021-06-17,25.3,16.7,34.4,29423,0.0,2.06,2.1
2021-06-18,26.6,17.7,34.5,29682,0.0,2.14,1.8
2021-06-19,27.1,17.0,34.4,27514,0.0,2.07,1.9
2021-06-20,26.0,20.4,32.4,21516,12.2,2.43,2.4
2021-06-21,23.4,18.5,29.0,23301,0.1,2.15,2.7
2021-06-22,17.5,14.8,21.7,14750,0.0,1.65,2.3
2021-06-23,15.5,11.0,19.6,18318,1.0,1.29,1.8
2021-06-24,17.0,11.1,21.8,10786,0.0,1.34,1.6
2021-06-25,18.2,12.0,23.1,18814,0.0,1.42,1.6
2021-06-26,19.6,9.8,26.2,27091,0.0,1.29,1.3
2021-06-27,20.7,12.1,27.9,28351,0.0,1.5,1.6
2021-06-28,23.8,13.4,31.4,23621,0.3,1.66,1.8
2021-06-29,22.2,17.1,26.6,14562,2.0,1.96,1.9
2021-06-30,17.8,16.5,19.3,10346,63.0,1.81,2.6
2021-07-01,15.6,14.3,17.0,10331,1.4,1.57,2.8
2021-07-02,19.0,14.8,24.1,23417,0.0,1.69,2.1
2021-07-03,18.5,12.5,23.9,25682,0.0,1.46,1.5
2021-07-04,20.8,12.4,27.4,28705,0.0,1.5,1.6
2021-07-05,18.9,14.9,25.1,15974,0.5,1.71,2.0
2021-07-06,21.6,14.9,29.3,18995,0.2,1.76,2.7
2021-07-07,19.2,15.3,24.0,18713,0.3,1.72,1.7
2021-07-08,18.8,14.7,23.3,11331,0.8,1.65,1.5
2021-07-09,16.8,14.8,20.2,10164,28.7,1.64,2.3
2021-07-10,18.8,15.0,24.6,17858,0.0,1.7,1.9
2021-07-11,22.6,16.2,28.4,23767,0.0,1.88,1.8
2021-07-12,22.0,16.8,27.0,18924,0.7,1.92,1.8
2021-07-13,23.7,16.9,29.7,22673,1.9,1.98,2.0
2021-07-14,21.5,15.9,26.2,19097,0.0,1.82,2.2
2021-07-15,21.1,13.5,27.9,21952,0.0,1.62,1.7
2021-07-16,22.1,16.3,27.8,16241,11.0,1.87,2.1
2021-07-17,23.1,17.9,28.9,21981,0.0,2.05,2.7
2021-07-18,21.1,15.0,26.9,25069,0.0,1.73,2.6
2021-07-19,16.8,11.9,20.1,12595,0.0,1.39,2.2
2021-07-20,17.1,14.4,21.3,13429,0.1,1.61,1.8
2021-07-21,17.6,13.5,22.2,10381,0.1,1.54,1.7
2021-07-22,18.0,11.8,23.3,18707,0.0,1.4,1.5
2021-07-23,18.2,12.1,23.1,26632,0.0,1.42,1.3
2021-07-24,22.7,12.9,30.0,24195,0.0,1.6,2.0
2021-07-25,23.5,18.2,30.4,18656,1.0,2.12,1.8
2021-07-26,22.3,16.8,30.4,14870,2.7,1.97,1.6
2021-07-27,21.6,16.9,27.0,20636,1.2,1.92,2.0
2021-07-28,19.4,15.8,25.6,17722,2.4,1.8,2.5
2021-07-29,18.4,11.9,23.6,21853,0.0,1.42,3.4
2021-07-30,18.9,10.5,25.3,24118,0.0,1.33,2.5
2021-07-31,18.8,14.4,22.4,17028,0.0,1.61,3.3
2021-08-01,16.7,13.2,22.6,13523,5.1,1.51,2.2
2021-08-02,16.6,13.0,20.7,16152,0.1,1.48,2.4
2021-08-03,17.1,10.4,23.0,17668,0.6,1.3,1.5
2021-08-04,17.8,14.8,24.2,11256,0.6,1.67,1.4
2021-08-05,18.9,12.5,25.6,17877,0.3,1.49,1.7
2021-08-06,19.0,11.9,26.9,18887,0.6,1.46,2.4
2021-08-07,19.4,12.1,24.7,19769,0.0,1.45,2.2
2021-08-08,18.3,12.4,23.9,16182,0.1,1.45,3.1
2021-08-09,16.4,10.4,23.4,14658,3.9,1.3,2.3
2021-08-10,16.6,11.0,23.5,12301,4.4,1.35,2.0
2021-08-11,16.6,11.7,23.3,17127,0.0,1.4,1.5
2021-08-12,19.8,10.8,27.7,23708,0.0,1.38,1.3
2021-08-13,22.7,15.8,29.4,21220,0.0,1.86,2.0
2021-08-14,19.6,12.6,26.3,19692,0.0,1.51,2.1
2021-08-15,19.3,11.9,26.4,17464,0.5,1.45,1.8
2021-08-16,16.0,12.1,21.0,10901,6.1,1.4,3.5
2021-08-17,14.4,12.3,16.8,8482,1.8,1.39,3.8
2021-08-18,16.0,13.1,19.3,11212,0.2,1.48,3.2
2021-08-19,17.2,15.6,21.2,8691,4.9,1.74,2.6
2021-08-20,16.0,12.2,19.9,9198,4.1,1.4,1.7
2021-08-21,17.0,11.5,22.7,16270,0.0,1.38,1.3
2021-08-22,17.4,15.0,21.0,9850,1.5,1.66,2.1
2021-08-23,17.6,12.7,22.6,18799,0.0,1.47,2.5
2021-08-24,16.0,8.4,22.0,20499,0.0,1.14,2.1
2021-08-25,14.3,6.5,21.7,11193,2.7,1.02,2.4
2021-08-26,14.5,12.4,17.9,11329,19.2,1.4,2.8
2021-08-27,14.6,12.3,18.6,11012,1.3,1.39,2.5
2021-08-28,15.4,11.7,19.9,11479,3.5,1.37,2.1
2021-08-29,15.7,14.6,19.2,7607,27.1,1.61,2.2
2021-08-30,15.5,13.4,18.2,7420,7.4,1.49,2.4
2021-08-31,15.9,10.4,21.1,17456,0.0,1.28,2.3
2021-09-01,15.4,10.5,22.1,13170,0.0,1.3,1.8
2021-09-02,14.5,9.3,19.3,7298,0.0,1.18,1.6
2021-09-03,15.2,8.1,23.1,20949,0.0,1.13,1.8
2021-09-04,13.8,10.6,18.1,10258,0.0,1.26,1.5
2021-09-05,14.8,10.2,20.5,10908,0.0,1.24,1.6
2021-09-06,16.1,9.3,22.7,16752,0.0,1.22,1.2
2021-09-07,16.1,10.6,22.3,18828,0.0,1.29,1.1
2021-09-08,16.8,8.8,24.3,20245,0.0,1.21,1.6
2021-09-09,18.7,11.5,26.2,19766,0.0,1.43,1.7
2021-09-10,19.8,12.9,26.9,13597,15.5,1.53,1.6
2021-09-11,18.9,14.2,23.4,8844,0.7,1.62,1.9
2021-09-12,17.4,12.8,21.9,7727,0.1,1.48,1.8
2021-09-13,14.4,9.0,18.2,6421,0.0,1.15,1.5
2021-09-14,14.7,7.1,21.6,17311,0.2,1.06,1.5
2021-09-15,17.8,13.6,22.0,6859,3.6,1.53,1.9
2021-09-16,17.1,15.7,19.6,7864,0.2,1.73,2.5
2021-09-17,14.4,12.7,16.3,5999,0.3,1.43,2.0
2021-09-18,14.1,12.2,17.5,6016,0.4,1.39,1.8
2021-09-19,12.7,11.4,15.4,5742,0.0,1.3,2.1
2021-09-20,12.6,10.6,16.1,5855,0.0,1.24,1.5
2021-09-21,12.3,9.5,15.8,6537,0.3,1.16,1.8
2021-09-22,13.3,9.3,19.0,11462,0.0,1.18,1.9
2021-09-23,13.9,9.5,17.4,6739,1.1,1.17,3.5
2021-09-24,14.6,10.8,17.7,7857,0.0,1.28,2.9
2021-09-25,17.1,13.7,21.1,6651,0.0,1.55,1.7
2021-09-26,17.8,12.4,23.9,12499,0.5,1.45,1.6
2021-09-27,16.7,14.5,20.7,5565,0.9,1.62,1.9
2021-09-28,14.9,9.2,19.2,10508,0.2,1.17,1.6
2021-09-29,12.1,8.3,16.7,6647,6.2,1.08,2.7
2021-09-30,10.7,7.1,15.7,8668,0.0,1.01,3.1
2021-10-01,11.8,6.8,19.0,12655,0.0,1.02,2.6
2021-10-02,13.1,7.2,19.0,8962,0.1,1.03,2.5
2021-10-03,17.2,14.6,19.7,4653,0.4,1.62,3.5
2021-10-04,13.3,10.0,16.7,4663,2.9,1.2,2.0
2021-10-05,10.9,8.2,11.7,4503,23.5,1.05,2.2
2021-10-06,11.4,5.1,16.7,10073,0.0,0.89,2.5
2021-10-07,9.7,2.8,17.7,12571,0.0,0.79,1.2
2021-10-08,10.3,5.5,16.9,9242,0.0,0.92,1.8
2021-10-09,7.6,2.4,14.6,12657,0.0,0.74,2.0
2021-10-10,6.7,1.6,13.9,11540,0.0,0.7,1.4
2021-10-11,8.5,1.7,15.6,6114,2.9,0.73,2.1
2021-10-12,8.7,4.8,12.9,8825,0.0,0.85,2.5
2021-10-13,7.7,1.4,12.6,10705,1.3,0.68,1.9
2021-10-14,11.4,8.9,14.3,4010,3.0,1.11,2.6
2021-10-15,10.7,6.6,13.4,5371,2.0,0.95,2.8
2021-10-16,8.9,5.7,11.8,3796,0.0,0.9,1.7
2021-10-17,9.2,6.6,11.4,3802,0.9,0.94,1.6
2021-10-18,11.1,7.3,16.0,5990,0.0,1.02,1.8
2021-10-19,11.8,6.9,15.7,3524,0.3,0.99,2.6
2021-10-20,15.4,12.5,17.6,4739,1.0,1.4,3.8
2021-10-21,11.7,6.0,16.3,3747,4.7,0.95,5.4
2021-10-22,6.9,5.3,10.1,3333,4.2,0.86,4.3
2021-10-23,7.1,4.0,11.7,6906,0.0,0.8,2.3
2021-10-24,6.9,1.2,12.6,9512,0.0,0.68,2.0
2021-10-25,5.3,0.0,12.1,7769,0.1,0.63,1.9
2021-10-26,10.1,6.7,14.3,4215,0.1,0.97,2.4
2021-10-27,12.8,10.7,14.3,3163,0.0,1.24,2.6
2021-10-28,10.0,4.7,16.4,8719,0.0,0.87,2.1
2021-10-29,7.3,2.0,14.5,8273,0.0,0.73,2.3
2021-10-30,8.3,2.5,14.2,6893,0.0,0.75,2.4
2021-10-31,12.7,7.3,16.7,4674,0.0,1.02,2.7
2021-11-01,9.5,6.2,12.6,2755,0.4,0.93,2.6
2021-11-02,7.9,4.8,12.6,5251,0.1,0.85,1.7
2021-11-03,5.2,1.3,9.2,3790,0.0,0.66,1.6
2021-11-04,7.6,6.3,9.1,2601,34.3,0.92,2.9
2021-11-05,8.2,6.8,10.2,2844,0.0,0.95,2.5
2021-11-06,8.6,7.6,10.0,2504,0.1,1.01,3.0
2021-11-07,8.8,7.4,11.9,4167,3.9,0.99,4.0
2021-11-08,8.7,7.6,11.6,3424,1.1,1.01,2.2
2021-11-09,7.6,2.3,11.4,3756,0.0,0.72,2.0
2021-11-10,3.7,0.1,9.0,5288,0.0,0.62,1.5
2021-11-11,5.6,-0.1,8.9,2279,0.1,0.6,1.4
2021-11-12,7.2,3.4,9.3,2291,0.0,0.76,1.9
2021-11-13,4.2,2.0,6.8,3256,0.0,0.69,1.8
2021-11-14,6.1,5.6,6.5,2157,0.0,0.87,2.0
2021-11-15,5.6,5.0,6.2,2118,0.0,0.84,2.3
2021-11-16,5.1,4.6,5.6,2081,0.1,0.82,1.4
2021-11-17,5.3,3.7,7.3,2044,0.3,0.77,2.4
2021-11-18,7.8,4.6,9.9,2009,1.2,0.83,3.2
2021-11-19,11.7,10.0,12.7,1975,0.1,1.19,3.4
2021-11-20,10.5,8.9,11.7,1942,0.3,1.09,2.8
2021-11-21,7.4,3.4,10.1,2055,0.2,0.77,2.3
2021-11-22,2.7,-1.9,5.8,5608,0.2,0.52,2.2
2021-11-23,6.0,0.7,8.0,1849,0.1,0.63,2.2
2021-11-24,6.6,5.4,7.9,1821,0.2,0.86,1.9
2021-11-25,5.0,3.7,6.5,2164,0.0,0.77,2.1
2021-11-26,4.0,1.8,5.3,1767,0.2,0.67,2.7
2021-11-27,1.8,0.8,2.7,1741,1.8,0.63,2.3
2021-11-28,0.6,-2.4,2.2,2213,0.1,0.5,1.4
2021-11-29,2.3,1.6,3.7,1917,0.8,0.66,2.4
2021-11-30,3.4,0.9,6.2,2070,5.7,0.63,5.1
2021-12-01,5.3,0.0,8.4,1651,2.4,0.61,5.2
2021-12-02,1.4,-2.9,4.4,4330,0.0,0.49,3.4
2021-12-03,0.2,-2.7,2.5,1612,1.3,0.49,3.7
2021-12-04,1.8,0.2,3.5,1594,4.3,0.6,2.7
2021-12-05,0.4,0.1,1.1,1577,0.4,0.59,2.2
2021-12-06,-0.5,-2.9,1.5,1858,0.0,0.48,2.0
2021-12-07,-0.6,-1.9,0.2,1547,0.0,0.51,2.9
2021-12-08,0.0,-0.8,1.0,1534,0.1,0.55,2.9
2021-12-09,-1.3,-1.9,-0.6,1521,1.4,0.51,2.0
2021-12-10,-0.3,-1.2,0.2,1510,0.0,0.54,1.9
2021-12-11,0.5,-0.5,1.8,2117,0.1,0.57,2.0
2021-12-12,2.2,0.0,5.7,1490,1.4,0.6,2.5
2021-12-13,7.2,5.5,9.7,1482,0.7,0.87,1.8
2021-12-14,7.2,6.6,8.0,1475,0.1,0.94,1.9
2021-12-15,8.4,7.5,9.6,1469,0.0,0.99,2.1
2021-12-16,7.3,4.8,9.9,2761,0.0,0.83,1.9
2021-12-17,5.3,4.1,6.5,1460,0.1,0.79,2.0
2021-12-18,6.2,4.9,8.0,1457,0.1,0.83,2.3
2021-12-19,5.9,0.9,7.2,1455,1.0,0.63,3.4
2021-12-20,0.9,-2.6,4.6,4238,0.0,0.49,1.8
2021-12-21,-1.1,-4.0,0.2,1454,0.0,0.44,1.3
2021-12-22,-2.2,-5.7,0.4,2747,0.0,0.39,1.7
2021-12-23,-1.9,-5.5,1.3,1457,11.4,0.4,2.4
2021-12-24,0.5,-6.6,3.9,1461,4.8,0.38,3.2
2021-12-25,-7.2,-11.2,-1.6,4345,0.0,0.26,2.0
2021-12-26,-8.4,-13.2,-3.2,4358,0.0,0.23,2.0
2021-12-27,-4.0,-8.1,-1.2,1477,0.0,0.33,2.5
2021-12-28,-0.7,-3.5,1.1,1484,1.9,0.46,3.2
2021-12-29,2.3,0.8,4.4,1493,0.3,0.62,2.5
2021-12-30,7.9,3.1,12.1,1502,1.6,0.76,3.5
2021-12-31,12.1,11.0,13.6,1513,7.0,1.26,3.8
2022-01-01,11.4,9.7,12.1,1525,0.1,1.16,2.6
2022-01-02,9.9,6.7,12.3,1538,8.0,0.95,3.4
2022-01-03,7.8,5.3,10.2,1804,1.1,0.86,4.4
2022-01-04,5.4,1.9,6.8,1566,0.9,0.68,3.0
2022-01-05,2.9,1.5,4.3,1967,0.8,0.66,4.3
2022-01-06,0.1,-3.4,3.7,4697,0.0,0.47,2.5
2022-01-07,0.2,-2.0,1.3,1618,3.0,0.51,3.2
2022-01-08,0.9,-0.2,2.0,1637,0.0,0.58,3.2
2022-01-09,1.0,-0.3,4.2,1657,0.9,0.58,3.2
2022-01-10,2.6,0.3,4.3,1679,0.2,0.6,1.4
2022-01-11,-1.3,-2.2,0.1,1701,0.0,0.5,1.7
2022-01-12,1.7,-1.0,3.9,1725,0.0,0.55,1.8
2022-01-13,4.5,3.7,5.6,1749,0.0,0.77,2.8
2022-01-14,6.0,2.3,7.3,1775,0.0,0.7,2.6
2022-01-15,1.6,-1.2,4.2,2967,0.0,0.55,1.6
2022-01-16,2.1,-1.1,5.6,1830,0.2,0.55,3.1
2022-01-17,4.2,-0.9,6.7,2715,2.3,0.57,4.5
2022-01-18,3.4,-1.4,5.6,1938,0.0,0.54,2.0
2022-01-19,3.7,3.1,5.0,2018,2.1,0.74,3.4
2022-01-20,0.9,-1.4,3.7,4165,0.2,0.53,4.6
2022-01-21,0.2,-3.4,3.9,5863,0.6,0.47,3.3
2022-01-22,3.6,1.3,4.8,2374,1.0,0.65,2.8
2022-01-23,5.7,4.7,6.8,2058,0.8,0.82,1.8
2022-01-24,4.4,3.1,5.8,2094,0.1,0.73,1.6
2022-01-25,3.8,2.9,4.5,2132,0.9,0.73,1.8
2022-01-26,2.8,1.9,3.7,2172,0.0,0.67,2.9
2022-01-27,4.6,3.3,6.9,2212,0.2,0.74,4.8
2022-01-28,4.6,1.7,7.0,6249,2.8,0.67,4.1
2022-01-29,5.9,2.4,9.1,2296,3.5,0.72,5.5
2022-01-30,5.6,3.2,7.2,3280,0.0,0.74,5.7
2022-01-31,1.8,0.4,4.1,2720,0.2,0.61,3.4
2022-02-01,3.5,0.5,6.7,2430,3.6,0.62,4.8
2022-02-02,4.8,0.8,6.6,3396,0.4,0.63,4.5
2022-02-03,4.3,0.3,7.0,2524,3.6,0.61,2.5
2022-02-04,5.9,2.4,8.0,2573,2.9,0.71,3.9
2022-02-05,4.1,1.9,6.2,3996,1.5,0.68,4.5
2022-02-06,5.2,2.5,7.8,2675,6.4,0.71,5.8
2022-02-07,3.9,2.1,7.1,5725,0.0,0.69,4.8
2022-02-08,6.1,1.7,8.8,2780,2.8,0.67,4.0
2022-02-09,8.8,8.0,10.5,2897,0.1,1.03,3.1
2022-02-10,6.0,1.4,8.1,2889,2.2,0.66,2.6
2022-02-11,2.6,-2.3,5.6,5004,0.1,0.51,3.0
2022-02-12,-0.1,-4.2,4.9,8345,0.0,0.45,2.3
2022-02-13,2.4,-2.3,7.0,8536,0.0,0.52,3.1
2022-02-14,7.6,2.7,12.7,6392,0.0,0.74,3.4
2022-02-15,6.5,3.6,10.0,3924,1.5,0.78,3.3
2022-02-16,7.6,4.7,12.4,3241,11.9,0.84,5.3
2022-02-17,6.9,4.3,12.6,3511,7.1,0.82,7.5
2022-02-18,5.9,2.5,9.8,3366,2.8,0.72,5.2
2022-02-19,5.1,3.3,7.4,4495,1.9,0.75,6.2
2022-02-20,5.2,2.4,8.7,3710,7.9,0.71,5.4
2022-02-21,5.0,2.8,10.2,4869,3.1,0.74,6.4
2022-02-22,5.5,3.4,7.8,6053,3.3,0.75,4.6
2022-02-23,5.5,0.8,10.1,9125,0.0,0.65,3.5
2022-02-24,5.3,1.4,9.7,4063,0.5,0.67,3.9
2022-02-25,3.9,2.1,6.5,5581,1.8,0.69,4.2
2022-02-26,4.4,-1.5,9.0,8751,0.0,0.55,2.0
2022-02-27,0.5,-2.6,5.2,10667,0.0,0.5,2.4
2022-02-28,0.9,-1.6,6.3,8372,0.0,0.54,2.2
2022-03-01,1.2,-2.7,7.4,11755,0.0,0.51,2.0
2022-03-02,1.7,-3.3,9.1,11750,0.0,0.5,1.3
2022-03-03,-0.3,-3.1,8.6,4258,0.0,0.5,1.7
2022-03-04,1.5,-1.5,5.9,6222,0.0,0.54,1.9
2022-03-05,0.7,-3.5,6.5,9308,0.0,0.48,1.9
2022-03-06,0.9,-0.8,4.1,4480,0.0,0.56,2.0
2022-03-07,2.6,-2.8,6.0,11765,0.0,0.49,2.0
2022-03-08,2.4,-4.6,9.2,14056,0.0,0.46,1.9
2022-03-09,3.4,-4.9,11.2,14313,0.0,0.46,1.5
2022-03-10,3.5,-3.0,14.3,14135,0.0,0.54,2.6
2022-03-11,2.5,-2.2,11.3,14656,0.0,0.55,4.0
2022-03-12,4.2,-1.4,13.1,14739,0.0,0.59,3.0
2022-03-13,5.8,-0.7,14.9,15090,0.0,0.63,2.7
2022-03-14,6.9,0.7,11.2,12085,0.2,0.65,2.3
2022-03-15,7.4,3.3,9.8,6548,0.0,0.75,1.5
2022-03-16,5.7,-0.6,13.1,11723,0.0,0.62,2.3
2022-03-17,6.9,3.3,9.8,5332,0.0,0.75,2.5
2022-03-18,6.9,-2.3,12.9,16136,0.0,0.55,2.5
2022-03-19,5.6,-2.2,10.7,14411,0.0,0.54,3.5
2022-03-20,6.5,0.7,12.0,16480,0.0,0.65,3.7
2022-03-21,6.3,0.6,15.6,16651,0.0,0.67,2.2
2022-03-22,7.0,-2.7,17.5,17113,0.0,0.58,1.6
2022-03-23,8.2,-2.3,16.4,17187,0.0,0.58,1.3
2022-03-24,7.0,-3.5,16.5,17357,0.0,0.54,1.2
2022-03-25,8.3,-1.5,15.5,16331,0.0,0.6,1.7
2022-03-26,7.4,0.7,15.8,10669,0.0,0.68,2.4
2022-03-27,6.6,-1.4,12.7,14221,0.0,0.59,1.6
2022-03-28,7.5,2.5,11.8,14564,0.0,0.73,2.2
2022-03-29,7.6,1.6,10.9,15115,0.0,0.69,2.2
2022-03-30,4.3,0.0,5.8,6683,0.0,0.6,1.9
2022-03-31,3.6,-0.4,4.4,10821,0.0,0.57,3.3
2022-04-01,2.9,-1.9,3.2,13549,0.0,0.51,3.9
2022-04-02,1.7,-3.1,6.5,9037,0.0,0.49,3.3
2022-04-03,1.4,-4.5,8.1,12315,0.2,0.46,2.4
2022-04-04,3.3,0.9,8.5,8265,8.0,0.64,5.0
2022-04-05,6.1,5.1,11.1,9643,4.5,0.86,4.0
2022-04-06,9.4,7.6,10.3,6928,0.4,1.01,4.2
2022-04-07,8.8,1.9,11.4,10051,6.6,0.7,5.9
2022-04-08,5.6,0.9,9.2,11786,1.2,0.64,4.2
2022-04-09,4.5,0.9,9.2,13980,1.5,0.64,4.0
2022-04-10,4.5,0.2,10.0,11773,0.6,0.62,3.2
2022-04-11,6.3,-1.6,13.8,20101,0.0,0.58,2.0
2022-04-12,9.2,5.5,21.4,20579,0.0,0.97,2.5
2022-04-13,12.8,10.0,20.0,15556,0.1,1.23,1.9
2022-04-14,11.5,5.2,18.3,7656,7.1,0.91,2.1
2022-04-15,7.0,2.7,10.3,7618,0.0,0.73,2.6
2022-04-16,6.6,2.2,13.9,22965,0.0,0.74,2.7
2022-04-17,7.6,1.0,17.3,22422,0.0,0.71,2.0
2022-04-18,8.8,4.6,19.1,22906,0.0,0.89,1.7
2022-04-19,8.7,1.4,16.9,23391,0.0,0.73,2.4
2022-04-20,9.6,2.0,16.4,11811,0.0,0.75,2.4
2022-04-21,9.7,2.5,16.6,8287,0.2,0.77,2.5
2022-04-22,9.3,5.2,17.3,10814,0.0,0.9,3.3
2022-04-23,11.1,7.2,17.9,23105,0.0,1.03,3.4
2022-04-24,9.6,4.7,16.4,12977,0.2,0.87,3.3
2022-04-25,9.1,5.0,11.2,20278,0.0,0.85,2.2
2022-04-26,10.2,1.3,14.3,17658,0.0,0.7,1.8
2022-04-27,10.7,-0.3,14.6,19900,0.0,0.63,1.7
2022-04-28,10.8,-0.5,14.9,21199,0.0,0.63,1.8
2022-04-29,11.1,1.0,14.1,21065,0.0,0.68,1.7
2022-04-30,11.3,1.8,13.2,16959,0.0,0.71,2.0
2022-05-01,10.7,5.8,14.1,10292,0.0,0.91,1.6
2022-05-02,11.9,3.6,19.0,21489,0.0,0.84,1.6
2022-05-03,11.8,0.8,15.7,21222,0.0,0.69,1.9
2022-05-04,12.5,4.9,16.8,20099,2.2,0.89,1.5
2022-05-05,13.2,3.4,19.5,23847,0.0,0.84,1.6
2022-05-06,13.6,4.1,22.0,21130,0.0,0.9,1.5
2022-05-07,15.3,7.7,22.2,15457,0.0,1.1,1.7
2022-05-08,13.1,3.8,18.7,26831,0.0,0.84,2.1
2022-05-09,13.2,1.7,24.4,23724,0.0,0.82,1.7
2022-05-10,18.3,12.7,25.4,20478,1.9,1.51,2.1
2022-05-11,19.6,12.2,24.2,18205,3.5,1.44,2.9
2022-05-12,15.1,8.3,20.6,18151,0.0,1.13,3.2
2022-05-13,12.3,8.5,19.2,13875,0.0,1.12,2.8
2022-05-14,13.9,7.3,22.3,16669,0.0,1.08,2.3
2022-05-15,14.1,4.4,24.7,28191,0.0,0.95,1.6
2022-05-16,17.8,12.5,26.9,24527,1.6,1.5,2.2
2022-05-17,16.1,12.4,23.1,13849,0.2,1.45,1.8
2022-05-18,18.4,14.6,30.2,25666,0.0,1.76,2.1
2022-05-19,20.9,12.0,28.2,21973,0.1,1.49,2.2
2022-05-20,18.5,10.5,22.3,18519,4.7,1.29,2.4
2022-05-21,14.3,6.9,19.5,17818,2.4,1.03,3.7
2022-05-22,13.9,6.1,21.1,19504,0.0,1.0,1.6
2022-05-23,17.5,12.0,26.5,24973,0.4,1.46,2.9
2022-05-24,16.2,8.4,17.2,15946,0.5,1.09,2.9
2022-05-25,15.3,7.8,19.7,22808,0.2,1.07,2.4
2022-05-26,16.0,12.8,20.2,13756,2.2,1.46,3.6
2022-05-27,13.2,9.0,17.5,20119,3.4,1.13,4.1
2022-05-28,11.0,7.6,15.6,15476,0.1,1.03,3.7
2022-05-29,11.2,7.3,13.0,11965,3.1,1.0,2.2
2022-05-30,10.4,6.5,14.7,10475,0.2,0.96,1.6
2022-05-31,13.6,6.7,18.8,24337,0.0,1.01,1.6
2022-06-01,12.9,9.4,18.4,19040,2.7,1.17,2.1
2022-06-02,13.1,7.6,22.5,19199,0.0,1.09,2.1
2022-06-03,16.7,8.5,26.0,27748,0.0,1.21,1.8
2022-06-04,18.6,11.3,25.7,28417,0.0,1.39,1.9
2022-06-05,19.7,12.5,26.6,27812,3.6,1.5,2.4
2022-06-06,18.9,13.1,22.7,16763,2.4,1.51,2.7
2022-06-07,17.9,11.9,22.1,20861,0.1,1.4,2.4
2022-06-08,18.3,12.9,24.4,22157,1.4,1.5,1.9
2022-06-09,18.4,11.2,23.8,15805,0.0,1.37,2.4
2022-06-10,18.8,11.1,25.5,26659,0.0,1.38,1.8
2022-06-11,20.6,13.1,26.8,19152,0.4,1.56,1.8
2022-06-12,19.8,11.5,25.4,22483,0.0,1.4,2.0
2022-06-13,15.0,10.1,21.5,21093,2.7,1.25,2.7
2022-06-14,13.9,8.7,23.1,16000,0.0,1.19,1.8
2022-06-15,17.2,8.4,27.4,25580,0.0,1.21,1.5
2022-06-16,17.5,9.6,26.4,21504,0.0,1.28,2.2
2022-06-17,19.0,11.2,31.1,22786,0.0,1.49,1.6
2022-06-18,24.4,16.5,31.3,27895,0.0,1.97,2.2
2022-06-19,21.1,12.9,21.4,23686,3.8,1.47,2.7
2022-06-20,14.6,9.2,22.8,14115,3.4,1.2,2.5
2022-06-21,17.5,7.8,25.3,25726,0.0,1.16,2.0
2022-06-22,19.8,9.1,29.0,30826,0.0,1.29,1.6
2022-06-23,22.5,10.2,35.0,30947,0.0,1.48,1.8
2022-06-24,24.8,18.8,26.9,25582,0.0,2.14,2.3
2022-06-25,22.3,17.2,30.7,20089,5.0,2.01,1.6
2022-06-26,24.7,17.2,26.6,20334,0.0,1.96,1.8
2022-06-27,22.3,14.3,25.7,22489,1.8,1.65,2.2
2022-06-28,21.0,13.0,27.4,23366,0.0,1.57,1.9
2022-06-29,20.6,12.2,29.3,18383,0.0,1.54,1.9
2022-06-30,23.0,15.3,32.4,22568,0.0,1.85,1.9
2022-07-01,17.8,12.8,23.9,11985,17.9,1.49,2.5
2022-07-02,19.1,11.2,27.5,29142,0.0,1.43,1.9
2022-07-03,22.4,12.8,27.4,24411,3.3,1.54,2.0
2022-07-04,19.2,10.8,25.3,25528,0.0,1.36,2.2
2022-07-05,18.9,8.7,23.6,26007,0.0,1.19,2.2
2022-07-06,15.7,10.7,23.2,13791,6.1,1.32,2.5
2022-07-07,15.6,13.7,20.1,13385,6.4,1.53,3.1
2022-07-08,16.9,12.5,25.0,16908,0.0,1.48,2.8
2022-07-09,16.3,12.8,24.2,14851,3.0,1.51,2.7
2022-07-10,16.0,11.9,19.7,16972,0.0,1.36,3.1
2022-07-11,16.6,11.3,22.6,25032,0.0,1.35,2.0
2022-07-12,19.2,8.6,29.3,28907,0.0,1.27,1.7
2022-07-13,22.3,12.3,31.8,16992,0.0,1.59,2.3
2022-07-14,17.5,8.7,23.9,23133,0.0,1.19,2.6
2022-07-15,15.8,9.8,22.9,13511,0.9,1.24,2.5
2022-07-16,16.6,8.8,23.7,21149,0.0,1.2,2.9
2022-07-17,16.7,6.7,27.1,24244,0.0,1.12,1.8
2022-07-18,20.1,12.3,34.0,21553,0.0,1.62,1.4
2022-07-19,24.8,17.0,39.8,28272,0.0,2.22,1.7
2022-07-20,28.3,19.0,33.9,26705,0.0,2.28,2.3
2022-07-21,22.7,15.6,24.9,18636,8.1,1.77,2.4
2022-07-22,18.9,12.6,21.0,14085,0.3,1.44,2.0
2022-07-23,17.6,10.6,24.3,20645,0.1,1.32,2.1
2022-07-24,19.5,14.9,31.2,28554,0.0,1.81,1.6
2022-07-25,25.0,18.7,29.9,20645,4.9,2.17,2.7
2022-07-26,18.6,11.9,21.7,20331,0.8,1.4,2.9
2022-07-27,15.5,8.1,21.8,17539,0.0,1.13,2.4
2022-07-28,15.7,6.5,24.1,26874,0.0,1.05,1.9
2022-07-29,20.6,12.8,23.5,19755,0.0,1.49,2.1
2022-07-30,21.8,10.5,27.9,19067,0.0,1.38,1.9
2022-07-31,20.9,16.8,24.2,20224,2.5,1.87,1.8
2022-08-01,19.8,14.7,25.3,13523,0.1,1.69,2.3
2022-08-02,19.2,8.0,27.0,24108,0.0,1.18,1.5
2022-08-03,25.5,16.0,34.8,24629,0.0,1.99,1.6
2022-08-04,27.6,16.5,37.0,25145,3.5,2.08,1.8
2022-08-05,19.8,13.7,24.5,9978,1.6,1.58,2.4
2022-08-06,15.8,7.7,23.1,22524,0.0,1.11,2.3
2022-08-07,16.7,7.1,25.4,21582,0.0,1.11,1.8
2022-08-08,19.2,9.5,26.9,24019,0.0,1.28,1.7
2022-08-09,20.5,13.3,27.3,21751,0.0,1.57,1.9
2022-08-10,20.6,10.6,28.6,25727,0.0,1.4,2.0
2022-08-11,22.7,13.6,30.8,25493,0.0,1.68,2.0
2022-08-12,22.8,12.5,30.6,24542,0.0,1.58,2.2
2022-08-13,23.0,14.6,29.7,14214,0.2,1.75,1.8
2022-08-14,25.2,18.7,32.8,20520,0.0,2.21,2.0
2022-08-15,23.6,17.4,31.8,21238,0.9,2.07,2.1
2022-08-16,23.1,14.9,31.2,21243,0.0,1.81,1.6
2022-08-17,24.7,14.9,33.1,18435,0.0,1.82,1.5
2022-08-18,25.1,17.0,32.9,16929,11.7,2.05,1.9
2022-08-19,20.3,19.5,21.6,8110,2.1,2.18,2.0
2022-08-20,20.1,18.1,23.6,8156,0.4,2.02,1.9
2022-08-21,18.7,12.1,26.0,19267,0.0,1.46,1.6
2022-08-22,19.0,10.5,26.8,18918,0.0,1.34,1.6
2022-08-23,20.4,12.5,27.3,21656,0.0,1.52,1.8
2022-08-24,20.0,12.1,28.7,13785,0.0,1.5,1.8
2022-08-25,21.8,17.0,28.4,15157,0.0,1.95,2.0
2022-08-26,19.5,18.4,21.1,7721,11.5,2.06,1.9
2022-08-27,19.5,17.1,23.1,8656,5.3,1.91,2.2
2022-08-28,16.7,13.8,22.6,14270,0.0,1.56,2.4
2022-08-29,17.0,12.2,23.3,10939,0.0,1.43,1.8
2022-08-30,16.4,11.9,20.5,9077,0.2,1.39,1.9
2022-08-31,16.0,10.5,22.4,18665,0.0,1.29,2.0
2022-09-01,15.9,11.0,21.7,15575,0.0,1.33,2.0
2022-09-02,15.6,9.3,22.8,16104,0.0,1.2,2.4
2022-09-03,16.6,10.4,22.3,15219,0.0,1.29,2.5
2022-09-04,18.2,13.4,24.2,16599,0.0,1.55,1.9
2022-09-05,18.3,12.4,24.3,19241,0.0,1.46,2.3
2022-09-06,17.3,13.2,22.2,11549,0.5,1.51,2.4
2022-09-07,17.1,14.0,22.2,11230,2.7,1.58,1.9
2022-09-08,14.6,13.3,16.8,6613,16.8,1.48,2.3
2022-09-09,16.2,11.0,22.7,14244,2.5,1.34,2.2
2022-09-10,15.8,9.6,21.8,13079,0.0,1.22,2.0
2022-09-11,16.0,9.7,21.1,10797,0.1,1.22,1.7
2022-09-12,14.4,7.2,20.6,14567,1.1,1.05,1.4
2022-09-13,15.5,10.9,21.4,9158,0.3,1.31,2.1
2022-09-14,14.5,9.6,19.0,9662,0.0,1.19,1.9
2022-09-15,13.2,10.0,18.4,8957,0.5,1.22,2.8
2022-09-16,12.4,9.9,16.9,12526,6.2,1.2,3.4
2022-09-17,12.0,9.1,16.3,10231,2.7,1.13,3.8
2022-09-18,10.2,7.7,14.4,12267,2.6,1.04,3.8
2022-09-19,11.2,7.6,17.8,9230,5.6,1.05,3.0
2022-09-20,10.4,5.8,16.2,10277,1.4,0.93,1.9
2022-09-21,10.3,3.7,17.6,15786,0.0,0.83,1.3
2022-09-22,9.8,3.8,17.7,16474,0.0,0.83,1.3
2022-09-23,10.8,2.5,18.6,13584,0.1,0.79,1.4
2022-09-24,12.1,10.0,15.9,5533,2.5,1.2,1.3
2022-09-25,13.0,8.3,16.7,7665,0.2,1.08,1.5
2022-09-26,11.5,6.1,17.0,7292,0.5,0.95,3.0
2022-09-27,10.8,8.3,12.9,5384,7.1,1.06,2.9
2022-09-28,9.2,7.5,12.4,5753,7.9,1.0,1.9
2022-09-29,8.8,4.4,14.7,9047,0.0,0.84,1.4
2022-09-30,9.5,2.8,17.2,14392,0.0,0.79,1.6
2022-10-01,10.2,6.0,13.9,5764,4.7,0.92,3.5
2022-10-02,12.4,9.5,17.0,10085,0.8,1.17,3.0
2022-10-03,13.1,10.3,16.4,6621,0.5,1.22,2.4
2022-10-04,13.0,9.1,18.0,7627,0.0,1.14,1.9
2022-10-05,12.9,7.8,19.4,10121,0.0,1.08,2.9
2022-10-06,13.7,5.9,17.6,12397,0.0,0.94,2.9
2022-10-07,10.2,3.9,18.0,12899,0.0,0.85,2.0
2022-10-08,9.7,4.9,16.6,7535,0.8,0.88,2.4
2022-10-09,9.5,3.5,16.2,12013,0.0,0.81,2.0
2022-10-10,11.0,4.6,17.0,10426,0.0,0.88,2.2
2022-10-11,10.4,7.1,15.2,10523,0.0,1.0,1.7
2022-10-12,10.3,5.0,16.4,11395,0.0,0.89,1.3
2022-10-13,10.3,4.1,16.8,6084,0.0,0.85,1.6
2022-10-14,12.4,8.2,17.1,5229,0.1,1.08,1.8
2022-10-15,14.6,12.0,18.0,8233,0.0,1.37,2.5
2022-10-16,14.7,10.0,20.0,8115,0.1,1.23,2.2
2022-10-17,17.4,10.9,24.3,9323,2.0,1.35,2.0
2022-10-18,14.6,11.4,17.1,5626,2.4,1.32,1.8
2022-10-19,10.7,4.6,14.9,7911,0.0,0.85,1.8
2022-10-20,8.6,3.5,14.2,9644,1.4,0.79,2.6
2022-10-21,11.4,7.8,15.1,4028,0.2,1.04,2.0
2022-10-22,14.6,11.3,20.0,6873,0.1,1.32,1.9
2022-10-23,13.2,6.9,17.8,6495,2.9,1.0,2.0
2022-10-24,14.4,10.8,19.0,4768,0.0,1.27,3.1
2022-10-25,12.3,5.9,17.0,4489,0.5,0.95,2.4
2022-10-26,10.7,4.1,18.3,7059,0.0,0.86,1.8
2022-10-27,12.8,7.1,19.8,7344,0.0,1.05,1.8
2022-10-28,15.3,9.3,22.9,6847,0.0,1.21,2.1
2022-10-29,15.4,11.7,19.4,4640,0.0,1.36,1.5
2022-10-30,14.1,8.0,21.0,7208,0.0,1.1,1.4
2022-10-31,10.8,6.0,13.3,2809,0.0,0.92,1.4
2022-11-01,12.4,5.2,17.9,4229,0.1,0.91,2.7
2022-11-02,8.6,3.6,14.5,5129,0.0,0.81,3.0
2022-11-03,7.8,2.6,12.2,4808,1.9,0.73,2.6
2022-11-04,8.9,7.5,11.2,2601,2.1,1.01,2.2
2022-11-05,7.1,3.0,12.3,7344,0.0,0.75,2.1
2022-11-06,7.3,3.4,12.2,6717,0.0,0.77,2.9
2022-11-07,10.6,7.9,13.8,3825,0.0,1.04,3.2
2022-11-08,11.6,7.6,16.4,6408,0.0,1.03,2.7
2022-11-09,11.9,8.5,15.5,3200,4.2,1.09,2.9
2022-11-10,10.9,8.9,13.4,3585,0.0,1.11,2.7
2022-11-11,8.3,3.8,12.6,3310,0.0,0.8,2.3
2022-11-12,5.5,0.7,12.5,5668,0.0,0.66,1.3
2022-11-13,7.3,2.7,10.0,2196,0.0,0.73,1.9
2022-11-14,6.5,4.6,10.3,5716,0.0,0.83,2.5
2022-11-15,6.1,2.2,11.3,5894,0.0,0.72,2.1
2022-11-16,5.8,4.3,6.6,2081,0.0,0.8,2.9
2022-11-17,3.4,1.4,4.6,2044,1.4,0.65,4.0
2022-11-18,-1.0,-5.9,2.4,3957,0.0,0.39,3.0
2022-11-19,-1.6,-7.2,2.0,2617,1.1,0.36,2.0
2022-11-20,0.1,-1.3,1.0,1942,0.6,0.53,2.1
2022-11-21,-1.3,-2.7,0.0,1910,0.0,0.48,2.4
2022-11-22,0.0,-1.6,1.5,1879,0.0,0.52,2.7
2022-11-23,3.0,0.9,5.9,2086,0.1,0.63,2.4
2022-11-24,2.6,0.7,4.5,1821,0.1,0.62,2.2
2022-11-25,4.4,2.0,6.8,1840,6.3,0.69,1.8
2022-11-26,7.1,4.8,7.7,1767,0.0,0.83,1.7
2022-11-27,4.4,0.8,7.5,4014,0.0,0.63,2.2
2022-11-28,3.9,3.1,5.2,1717,0.0,0.73,2.4
2022-11-29,3.5,2.8,4.7,1694,0.2,0.72,1.7
2022-11-30,3.0,0.7,4.4,1672,0.0,0.62,1.8
2022-12-01,0.2,-0.4,1.0,1651,2.1,0.57,1.9
2022-12-02,0.3,-0.9,1.4,1631,0.4,0.55,2.4
2022-12-03,-1.1,-1.6,-0.4,1612,0.2,0.52,2.5
2022-12-04,0.5,-0.8,1.7,1594,2.7,0.55,2.5
2022-12-05,2.2,1.4,2.9,1577,3.8,0.65,1.9
2022-12-06,1.8,0.4,3.4,1562,1.4,0.61,1.8
2022-12-07,1.8,-1.2,4.2,1757,1.7,0.55,2.5
2022-12-08,1.1,-1.1,3.6,1534,0.9,0.55,1.8
2022-12-09,-1.6,-2.5,-0.1,1521,0.0,0.49,1.5
2022-12-10,-2.5,-3.3,-1.5,1510,0.0,0.46,1.5
2022-12-11,-2.6,-3.6,-0.9,1870,2.1,0.45,1.5
2022-12-12,-1.8,-3.2,-0.7,1941,0.0,0.46,1.5
2022-12-13,-3.9,-9.0,-0.6,2381,0.0,0.31,1.8
2022-12-14,-8.0,-11.9,-3.9,4449,0.0,0.24,1.7
2022-12-15,-8.1,-12.5,-3.2,4028,0.0,0.24,1.7
2022-12-16,-4.7,-9.4,-2.3,1464,0.0,0.29,1.4
2022-12-17,-4.5,-6.1,-3.0,1460,0.0,0.37,1.5
2022-12-18,-5.6,-7.3,-3.9,1457,0.0,0.34,2.4
2022-12-19,-0.3,-5.3,4.4,1455,3.9,0.41,3.1
2022-12-20,5.0,2.0,7.6,1494,5.7,0.69,2.8
2022-12-21,5.6,2.1,7.2,1454,2.6,0.69,2.4
2022-12-22,5.6,2.4,7.9,1455,2.7,0.71,3.0
2022-12-23,4.8,2.9,7.2,1579,6.1,0.72,2.5
2022-12-24,4.7,2.7,7.2,1461,3.5,0.72,2.7
2022-12-25,3.8,-0.4,9.2,1830,5.7,0.6,2.1
2022-12-26,8.2,2.7,10.2,1633,1.8,0.73,3.5
2022-12-27,3.3,1.3,5.9,1762,0.0,0.65,3.3
2022-12-28,5.9,3.4,8.4,1484,1.8,0.75,3.9
2022-12-29,8.9,6.7,11.1,1698,1.9,0.96,4.4
2022-12-30,7.0,4.5,9.7,3442,2.9,0.82,3.8
2022-12-31,12.1,9.2,15.8,1513,8.7,1.14,4.4
2023-01-01,12.2,7.7,14.8,1525,0.3,1.04,3.6
2023-01-02,11.1,8.1,14.1,1538,0.0,1.05,3.1
2023-01-03,4.0,0.1,8.1,3786,0.0,0.61,2.3
2023-01-04,7.0,2.4,10.7,1566,20.8,0.72,4.9
2023-01-05,7.3,1.4,9.8,2052,0.2,0.67,4.3
2023-01-06,6.4,3.6,10.4,1685,1.7,0.78,2.9
2023-01-07,7.3,3.2,10.7,2181,0.1,0.76,2.5
2023-01-08,6.6,4.8,8.2,1637,4.5,0.83,2.7
2023-01-09,5.7,2.8,7.9,2230,3.1,0.73,3.1
2023-01-10,5.9,4.4,7.3,1723,0.2,0.81,3.2
2023-01-11,6.2,4.6,8.4,1701,9.0,0.82,3.7
2023-01-12,8.1,4.9,10.4,1725,4.2,0.84,4.9
2023-01-13,8.3,6.5,10.0,2389,0.4,0.93,4.9
2023-01-14,6.8,5.6,9.2,1914,10.9,0.88,4.3
2023-01-15,6.4,4.8,9.3,2128,0.1,0.83,5.0
2023-01-16,4.4,1.6,6.3,3760,0.2,0.66,3.8
2023-01-17,2.2,-3.6,5.1,2858,0.2,0.46,3.1
2023-01-18,-2.5,-4.9,1.9,2803,0.0,0.42,2.1
2023-01-19,-0.7,-4.4,1.7,3768,0.0,0.43,2.8
2023-01-20,-0.1,-1.2,0.8,1953,0.0,0.54,1.6
2023-01-21,1.3,-1.0,3.3,1987,8.7,0.55,2.7
2023-01-22,1.3,0.3,2.0,2022,1.7,0.6,2.4
2023-01-23,1.3,0.7,1.8,2058,0.0,0.62,2.2
2023-01-24,-0.2,-0.9,0.8,2094,0.0,0.55,2.0
2023-01-25,-0.2,-1.4,0.4,2132,0.1,0.53,1.8
2023-01-26,-0.9,-1.7,0.2,2172,0.8,0.52,1.6
2023-01-27,1.6,-1.6,3.9,2532,0.0,0.53,2.3
2023-01-28,0.2,-2.5,1.9,2955,0.1,0.49,1.9
2023-01-29,1.2,-1.1,2.9,2678,0.7,0.55,2.9
2023-01-30,4.3,1.5,6.9,2671,3.2,0.66,5.2
2023-01-31,3.9,2.4,6.2,2384,5.6,0.7,4.7
2023-02-01,3.9,1.9,6.1,2770,6.5,0.68,5.5
2023-02-02,3.8,-1.3,6.7,5177,4.4,0.55,4.1
2023-02-03,5.5,2.0,9.0,3572,3.5,0.7,5.6
2023-02-04,1.0,-5.2,4.1,5519,0.0,0.41,2.1
2023-02-05,-2.6,-6.3,1.1,3518,0.0,0.38,1.7
2023-02-06,-0.1,-5.0,4.2,4548,0.0,0.42,1.7
2023-02-07,-3.5,-6.8,1.9,6276,0.0,0.37,1.6
2023-02-08,-2.6,-6.5,1.9,7985,0.0,0.37,2.1
2023-02-09,-1.6,-6.7,2.4,6975,0.0,0.37,2.3
2023-02-10,2.8,-0.2,6.1,4986,0.0,0.59,2.6
2023-02-11,6.3,3.6,7.9,2946,0.3,0.76,3.1
2023-02-12,7.1,4.9,9.7,3524,0.3,0.84,1.7
2023-02-13,6.3,5.2,7.2,3061,0.1,0.86,1.6
2023-02-14,4.1,-1.6,6.6,3387,0.0,0.54,1.4
2023-02-15,0.3,-2.4,3.2,3180,0.0,0.5,1.6
2023-02-16,3.8,-2.6,9.7,6458,0.9,0.52,2.3
2023-02-17,8.7,6.1,11.8,3303,2.3,0.92,5.0
2023-02-18,6.2,2.9,10.3,3366,11.0,0.74,4.5
2023-02-19,3.7,1.0,7.3,8682,0.2,0.64,3.3
2023-02-20,6.7,1.7,8.8,3495,3.0,0.67,4.6
2023-02-21,8.7,5.2,10.9,4723,0.2,0.86,2.8
2023-02-22,6.7,4.5,9.7,3774,0.0,0.82,1.6
2023-02-23,5.7,1.8,9.0,3694,1.9,0.68,1.8
2023-02-24,3.0,1.5,4.1,3762,3.5,0.65,3.3
2023-02-25,1.3,-1.5,3.1,3983,0.6,0.53,3.9
2023-02-26,0.5,-4.1,4.3,9444,0.0,0.45,3.1
2023-02-27,-0.1,-5.2,5.7,9265,0.0,0.43,2.4
2023-02-28,-0.5,-6.1,6.3,11994,0.0,0.4,2.0
2023-03-01,0.7,-6.1,8.9,12233,0.0,0.41,2.0
2023-03-02,-0.3,-1.8,1.2,4185,0.0,0.52,1.9
2023-03-03,1.5,-1.3,6.0,5153,0.0,0.54,2.0
2023-03-04,4.4,1.4,6.1,4331,0.0,0.66,3.1
2023-03-05,1.7,0.0,3.9,5403,4.1,0.59,2.5
2023-03-06,0.4,-1.9,4.6,8510,1.3,0.52,2.3
2023-03-07,1.5,-1.8,4.8,5064,0.3,0.52,4.1
2023-03-08,0.8,-1.4,4.1,4803,0.4,0.53,2.4
2023-03-09,0.5,-0.3,1.5,4707,7.7,0.58,2.9
2023-03-10,0.9,0.3,1.9,4784,12.1,0.6,4.2
2023-03-11,1.2,0.2,3.4,9450,0.0,0.59,3.3
2023-03-12,2.4,-1.9,6.4,9572,3.9,0.53,2.6
2023-03-13,10.3,5.2,16.4,6186,2.8,0.89,4.4
2023-03-14,7.5,0.7,14.2,7546,6.7,0.67,4.5
2023-03-15,1.8,-1.4,7.3,10121,0.4,0.55,2.8
2023-03-16,3.4,-3.8,9.6,13757,0.0,0.48,2.7
2023-03-17,8.0,3.4,13.1,7570,0.0,0.78,2.7
2023-03-18,10.5,4.4,17.9,9551,3.8,0.87,1.9
2023-03-19,10.8,5.2,16.7,10425,1.0,0.91,1.7
2023-03-20,8.6,4.3,10.5,6049,0.1,0.81,2.4
2023-03-21,8.7,6.1,10.8,5651,1.6,0.92,2.0
2023-03-22,11.2,7.8,16.7,8746,4.5,1.05,3.2
2023-03-23,10.4,6.1,14.8,6988,2.5,0.93,3.5
2023-03-24,11.4,6.8,15.8,9944,0.8,0.99,3.9
2023-03-25,9.0,6.2,13.1,9258,2.0,0.93,4.5
2023-03-26,7.5,3.4,10.3,9364,0.5,0.76,3.2
2023-03-27,2.9,0.2,7.3,12300,0.4,0.61,3.7
2023-03-28,3.1,-0.6,8.5,16805,0.0,0.58,2.7
2023-03-29,6.2,0.2,10.4,8549,0.2,0.62,2.5
2023-03-30,10.7,6.9,17.6,8335,4.0,1.01,3.5
2023-03-31,10.1,6.5,14.0,8637,2.6,0.95,3.2
2023-04-01,6.1,2.7,8.6,6532,1.7,0.73,4.2
2023-04-02,3.9,-0.5,8.4,12832,0.0,0.58,3.5
2023-04-03,2.0,-1.6,6.8,14118,0.0,0.54,2.8
2023-04-04,1.8,-5.0,7.9,15846,0.0,0.44,1.9
2023-04-05,3.2,-3.7,10.3,14585,0.0,0.49,1.3
2023-04-06,4.7,-3.5,11.6,20222,0.0,0.51,1.9
2023-04-07,3.8,-0.6,7.5,7767,0.5,0.58,2.2
2023-04-08,5.9,2.5,9.1,7631,0.0,0.72,2.0
2023-04-09,6.8,1.9,11.7,11891,0.0,0.71,1.7
2023-04-10,9.4,-0.8,16.4,18629,4.1,0.63,2.8
2023-04-11,7.8,0.5,12.1,9984,3.4,0.64,3.4
2023-04-12,7.3,-0.9,14.0,14768,3.8,0.61,3.0
2023-04-13,8.0,2.1,14.0,12972,0.0,0.73,2.8
2023-04-14,7.0,3.9,9.0,7543,7.9,0.78,1.9
2023-04-15,9.3,7.1,12.1,8072,1.3,0.98,2.6
2023-04-16,8.8,6.9,11.6,7692,0.7,0.97,2.2
2023-04-17,8.1,5.4,13.2,15323,1.2,0.88,2.5
2023-04-18,8.1,3.2,14.0,8529,0.0,0.78,3.2
2023-04-19,7.3,3.3,13.4,19117,2.0,0.77,3.4
2023-04-20,9.1,5.1,15.1,10187,0.2,0.88,3.0
2023-04-21,13.5,7.8,19.8,23081,0.0,1.08,3.0
2023-04-22,14.8,8.8,22.2,22042,0.7,1.18,2.5
2023-04-23,12.9,9.7,17.7,13243,9.2,1.19,2.3
2023-04-24,11.4,8.2,16.6,13567,0.9,1.07,3.6
2023-04-25,7.6,3.0,10.7,13181,0.0,0.75,3.2
2023-04-26,5.9,1.6,11.0,15996,0.0,0.69,2.5
2023-04-27,6.5,0.7,12.3,18709,0.0,0.65,1.7
2023-04-28,9.2,0.7,15.4,18331,2.9,0.68,2.2
2023-04-29,11.2,6.6,16.4,11593,0.0,0.98,2.6
2023-04-30,8.2,1.1,13.8,25137,0.0,0.68,2.1
2023-05-01,11.4,2.4,19.6,23802,0.0,0.8,1.8
2023-05-02,9.8,5.3,13.3,10721,0.0,0.88,2.6
2023-05-03,8.4,0.2,15.0,23527,0.0,0.66,1.8
2023-05-04,11.1,1.7,17.8,23384,0.0,0.75,2.1
2023-05-05,13.3,7.7,18.6,20310,6.8,1.07,2.8
2023-05-06,8.1,6.8,9.8,9025,0.4,0.96,2.2
2023-05-07,11.2,5.3,16.6,20114,0.0,0.9,2.7
2023-05-08,11.4,5.2,18.5,26831,0.0,0.92,2.5
2023-05-09,13.0,5.7,19.4,26556,0.0,0.95,2.8
2023-05-10,14.6,8.7,21.8,21589,0.0,1.16,2.3
2023-05-11,16.5,10.1,22.7,23646,0.0,1.26,1.8
2023-05-12,17.1,11.8,22.4,25337,0.0,1.39,2.3
2023-05-13,16.1,8.8,22.1,25419,0.0,1.18,2.2
2023-05-14,15.0,5.8,20.8,15301,0.0,0.98,1.7
2023-05-15,15.5,9.7,22.9,19595,7.0,1.24,2.2
2023-05-16,11.4,5.0,16.6,17040,0.0,0.88,3.3
2023-05-17,9.9,4.5,15.2,25222,0.0,0.85,2.9
2023-05-18,10.1,1.2,17.1,19784,0.0,0.72,2.1
2023-05-19,13.2,6.2,19.4,20218,0.0,0.98,2.5
2023-05-20,13.3,7.4,18.1,18017,0.0,1.04,3.1
2023-05-21,19.5,11.8,26.0,21588,0.0,1.45,2.6
2023-05-22,20.0,14.6,25.9,23909,0.7,1.68,2.1
2023-05-23,14.3,10.2,17.1,9854,1.0,1.21,3.2
2023-05-24,12.0,8.7,17.7,16703,0.0,1.12,2.3
2023-05-25,12.3,5.7,19.7,17252,0.0,0.96,2.4
2023-05-26,12.0,3.6,18.4,28164,0.0,0.83,2.5
2023-05-27,13.7,4.1,21.7,28595,0.0,0.89,2.0
2023-05-28,16.3,5.4,24.9,28264,0.0,1.01,1.9
2023-05-29,15.0,7.3,20.7,25777,0.0,1.06,2.6
2023-05-30,14.7,4.0,22.1,28229,0.0,0.9,2.4
2023-05-31,17.3,5.2,25.4,29540,0.0,0.99,2.4
2023-06-01,14.8,10.0,21.1,22850,0.0,1.25,2.7
2023-06-02,12.8,6.3,19.5,22249,0.0,0.98,2.5
2023-06-03,13.3,3.5,20.5,29655,0.0,0.85,2.3
2023-06-04,16.2,3.7,23.8,29307,0.0,0.9,1.9
2023-06-05,18.6,9.4,25.9,27684,0.0,1.27,2.0
2023-06-06,20.0,11.6,27.5,22238,0.0,1.44,1.9
2023-06-07,21.3,14.4,28.2,18823,0.0,1.69,1.7
2023-06-08,21.9,15.3,29.1,21902,1.2,1.79,1.9
2023-06-09,20.6,13.0,28.1,26257,0.0,1.56,2.3
2023-06-10,20.1,12.1,29.1,25639,0.9,1.52,2.7
2023-06-11,20.5,11.6,27.6,28972,0.0,1.44,2.7
2023-06-12,20.6,13.5,27.0,28606,0.0,1.58,2.6
2023-06-13,18.4,10.4,24.8,27089,0.0,1.32,2.8
2023-06-14,18.5,9.7,25.0,24039,0.0,1.27,2.4
2023-06-15,18.5,12.0,24.3,15882,1.1,1.44,1.8
2023-06-16,15.7,11.5,22.4,14230,10.9,1.36,1.9
2023-06-17,15.7,9.9,24.1,19213,1.5,1.27,1.6
2023-06-18,19.4,10.0,27.2,27385,0.0,1.33,1.4
2023-06-19,21.0,14.9,28.0,17815,0.1,1.75,2.0
2023-06-20,21.4,17.8,25.7,18581,3.9,2.0,1.8
2023-06-21,22.8,15.5,28.5,23557,0.0,1.81,2.1
2023-06-22,21.5,13.6,28.4,22277,16.7,1.63,2.3
2023-06-23,16.7,13.5,19.6,11301,11.8,1.51,2.9
2023-06-24,19.3,13.1,25.5,26985,0.0,1.55,1.7
2023-06-25,21.9,16.3,27.4,19451,0.0,1.87,1.4
2023-06-26,21.7,14.6,31.2,23394,0.2,1.77,2.8
2023-06-27,16.4,12.0,22.8,24018,6.1,1.42,2.8
2023-06-28,18.2,12.5,24.0,26552,0.0,1.46,2.0
2023-06-29,19.0,10.7,25.3,12906,2.3,1.35,1.5
2023-06-30,17.3,13.8,20.2,12510,4.1,1.54,1.8
2023-07-01,17.5,12.6,23.5,16312,3.0,1.48,3.0
2023-07-02,17.8,11.8,22.1,21382,0.0,1.4,3.8
2023-07-03,17.1,11.5,22.1,18435,0.0,1.37,3.4
2023-07-04,16.8,10.6,21.9,20064,0.2,1.29,2.9
2023-07-05,17.6,11.1,24.0,19149,1.7,1.36,3.7
2023-07-06,16.8,9.7,22.4,20772,0.0,1.23,2.0
2023-07-07,19.6,8.9,27.9,29368,0.0,1.25,1.5
2023-07-08,23.0,13.3,30.8,30218,0.0,1.64,1.8
2023-07-09,24.1,14.7,32.4,27644,0.9,1.8,1.6
2023-07-10,22.2,13.5,27.8,19757,0.0,1.61,2.2
2023-07-11,22.3,10.7,30.5,28700,1.0,1.44,2.0
2023-07-12,22.1,14.2,26.9,19177,0.0,1.65,3.0
2023-07-13,17.9,12.2,25.2,20148,2.1,1.46,2.5
2023-07-14,19.3,10.0,26.7,26538,0.0,1.32,1.7
2023-07-15,24.0,15.6,34.8,20818,2.6,1.94,2.5
2023-07-16,21.9,13.9,27.9,22030,0.0,1.66,3.1
2023-07-17,19.4,12.3,27.0,22609,0.0,1.5,2.8
2023-07-18,18.3,10.7,24.7,22180,0.1,1.34,1.9
2023-07-19,17.6,13.1,23.0,13222,0.1,1.51,2.1
2023-07-20,16.8,11.0,22.8,16685,0.0,1.33,2.2
2023-07-21,14.7,8.5,23.1,13508,1.1,1.16,1.8
2023-07-22,17.1,11.8,22.0,18831,0.5,1.39,2.4
2023-07-23,18.8,14.2,25.7,10543,0.1,1.65,3.1
2023-07-24,18.9,14.3,25.4,15229,9.3,1.66,2.8
2023-07-25,17.0,11.8,22.0,17537,0.0,1.39,2.4
2023-07-26,15.1,10.5,20.3,20207,1.3,1.28,2.6
2023-07-27,14.9,8.9,20.3,13574,12.3,1.16,2.4
2023-07-28,19.0,16.6,22.7,13270,6.5,1.84,2.3
2023-07-29,19.4,14.6,24.0,15681,4.9,1.65,2.4
2023-07-30,18.1,12.6,24.4,19067,2.1,1.49,2.9
2023-07-31,16.7,14.3,19.7,9528,5.2,1.59,3.1
2023-08-01,17.3,15.4,21.5,14382,2.6,1.7,3.4
2023-08-02,17.6,14.6,23.0,12725,10.1,1.65,3.2
2023-08-03,18.5,16.0,23.3,14371,0.6,1.78,4.1
2023-08-04,18.4,12.2,23.7,17591,0.0,1.44,2.0
2023-08-05,17.2,13.1,21.4,18607,0.0,1.5,1.7
2023-08-06,16.4,14.3,19.7,8947,1.1,1.59,2.8
2023-08-07,15.9,13.6,19.8,12394,0.4,1.53,4.6
2023-08-08,13.9,8.6,19.2,12686,8.4,1.12,3.8
2023-08-09,14.0,8.4,19.8,17784,0.3,1.13,2.5
2023-08-10,14.6,7.8,22.0,18414,0.0,1.11,1.6
2023-08-11,17.7,8.7,24.7,17127,0.0,1.21,1.4
2023-08-12,20.6,16.2,27.6,11080,1.6,1.85,1.8
2023-08-13,20.1,12.6,26.2,16945,0.0,1.51,1.6
2023-08-14,22.3,12.8,30.5,21231,2.1,1.61,1.5
2023-08-15,23.5,18.2,30.2,20295,11.5,2.11,1.7
2023-08-16,22.1,18.4,26.4,14192,2.5,2.08,1.6
2023-08-17,19.5,16.1,25.0,11409,2.1,1.82,2.0
2023-08-18,23.5,16.6,31.3,20662,0.0,1.97,1.8
2023-08-19,25.2,18.5,32.0,20893,0.0,2.2,1.7
2023-08-20,23.2,18.0,27.8,23087,0.0,2.06,1.5
2023-08-21,20.5,14.7,25.7,19036,0.0,1.69,1.4
2023-08-22,19.8,14.2,26.0,13983,0.0,1.64,1.5
2023-08-23,18.7,11.8,25.6,21085,0.0,1.42,1.5
2023-08-24,21.5,14.2,27.9,17540,0.0,1.67,1.6
2023-08-25,21.8,15.7,28.7,15950,7.2,1.83,2.1
2023-08-26,18.5,10.9,24.0,16514,0.1,1.35,2.2
2023-08-27,16.1,10.0,20.4,8544,0.0,1.23,1.7
2023-08-28,15.8,10.2,21.1,13600,0.0,1.26,1.9
2023-08-29,15.3,13.5,18.5,7385,1.6,1.51,1.6
2023-08-30,16.1,13.0,21.5,9409,0.6,1.48,1.8
2023-08-31,13.5,10.2,19.1,12510,5.9,1.24,2.6
2023-09-01,14.1,8.1,20.2,15794,0.0,1.1,1.9
2023-09-02,15.0,7.1,22.4,19366,0.0,1.06,1.3
2023-09-03,16.3,11.1,21.9,15543,0.0,1.32,1.7
2023-09-04,17.4,9.8,25.4,20360,0.0,1.29,1.7
2023-09-05,20.3,12.0,28.6,20416,0.0,1.49,1.9
2023-09-06,21.1,11.8,29.8,20150,0.0,1.51,1.7
2023-09-07,21.6,14.1,29.6,19778,0.0,1.7,2.1
2023-09-08,21.4,14.2,29.9,19407,0.0,1.69,1.6
2023-09-09,21.2,12.8,30.8,19037,0.0,1.6,1.2
2023-09-10,21.1,11.1,30.6,18772,0.0,1.46,1.1
2023-09-11,21.4,13.1,30.6,17890,0.0,1.62,1.3
2023-09-12,19.6,13.8,25.6,13342,15.2,1.6,1.5
2023-09-13,17.5,11.7,22.8,7029,1.8,1.39,2.3
2023-09-14,13.6,7.6,20.1,17412,0.0,1.07,1.4
2023-09-15,15.7,7.6,22.9,17950,0.0,1.11,1.8
2023-09-16,17.8,11.7,25.5,17286,0.0,1.41,1.5
2023-09-17,19.5,10.9,27.3,16924,0.0,1.38,1.6
2023-09-18,20.7,16.4,27.1,10216,0.0,1.88,2.7
2023-09-19,17.5,15.1,20.7,12138,0.0,1.66,3.8
2023-09-20,19.2,14.7,25.8,14122,0.0,1.7,2.8
2023-09-21,20.0,11.5,29.0,13784,1.4,1.47,2.2
2023-09-22,16.3,11.1,20.3,6923,0.0,1.31,2.5
2023-09-23,13.9,9.8,19.0,9739,0.4,1.21,2.5
2023-09-24,13.4,8.3,19.4,11018,0.0,1.1,1.7
2023-09-25,14.3,8.2,22.0,14117,0.0,1.14,1.8
2023-09-26,15.7,7.4,24.2,14783,0.0,1.11,1.2
2023-09-27,17.3,9.6,26.5,11903,0.0,1.28,1.4
2023-09-28,18.0,11.8,25.8,12571,0.0,1.44,1.6
2023-09-29,17.7,12.8,22.6,5847,0.3,1.48,2.3
2023-09-30,14.3,10.2,19.9,11221,0.0,1.25,2.0
2023-10-01,14.6,11.1,20.3,5852,1.6,1.31,1.8
2023-10-02,18.3,12.6,25.7,10085,0.0,1.5,1.7
2023-10-03,16.4,13.1,22.4,4739,1.0,1.5,3.6
2023-10-04,14.4,12.1,18.3,8305,0.0,1.37,3.0
2023-10-05,12.9,8.5,16.0,7187,2.6,1.1,2.6
2023-10-06,14.6,8.8,17.5,4512,0.6,1.13,3.0
2023-10-07,14.6,10.9,17.3,4356,16.5,1.28,3.4
2023-10-08,11.7,8.7,15.9,9323,4.1,1.1,1.8
2023-10-09,10.4,9.2,11.8,4210,1.3,1.12,1.9
2023-10-10,14.3,11.3,17.8,5014,0.0,1.32,1.8
2023-10-11,17.7,13.4,22.4,8791,3.8,1.53,3.2
2023-10-12,13.6,10.1,17.7,6177,2.2,1.22,2.3
2023-10-13,17.2,12.4,21.2,4851,7.6,1.42,3.3
2023-10-14,12.6,8.0,18.5,6905,1.0,1.07,4.0
2023-10-15,8.0,5.6,11.5,9589,0.0,0.88,3.2
2023-10-16,6.5,2.5,12.2,8115,0.2,0.73,1.9
2023-10-17,6.4,0.5,13.3,7998,0.0,0.66,1.5
2023-10-18,5.7,-1.2,12.1,9192,1.2,0.58,2.3
2023-10-19,6.9,6.0,7.5,3524,3.6,0.9,2.9
2023-10-20,5.6,5.1,7.1,3459,11.4,0.85,4.0
2023-10-21,9.6,6.1,17.4,4098,0.2,0.95,2.7
2023-10-22,11.1,6.5,16.8,7220,0.0,0.98,2.4
2023-10-23,9.9,4.9,15.1,5809,0.1,0.88,1.6
2023-10-24,11.1,9.7,12.8,3210,7.6,1.17,2.0
2023-10-25,10.6,7.6,14.9,6430,9.2,1.03,2.3
2023-10-26,9.7,8.5,11.3,3090,0.5,1.07,2.3
2023-10-27,8.5,8.1,9.7,3032,6.9,1.04,2.3
2023-10-28,9.2,7.5,11.3,2975,3.4,1.0,2.6
2023-10-29,11.8,7.8,14.4,2982,1.6,1.04,3.3
2023-10-30,11.9,10.4,16.3,5193,4.2,1.23,2.5
2023-10-31,10.0,4.7,12.1,2871,2.0,0.84,3.2
2023-11-01,9.3,4.8,13.5,3738,0.0,0.85,2.7
2023-11-02,10.5,7.4,12.7,2946,0.7,1.0,3.7
2023-11-03,9.6,7.0,12.6,5228,0.0,0.97,3.1
2023-11-04,8.4,4.8,12.2,6211,1.7,0.84,3.6
2023-11-05,9.7,7.9,11.6,2611,8.0,1.03,4.0
2023-11-06,10.3,8.7,12.2,2908,0.0,1.08,4.1
2023-11-07,9.1,5.1,13.2,4851,0.8,0.87,3.4
2023-11-08,7.8,4.5,11.5,3199,1.3,0.82,3.5
2023-11-09,8.7,7.1,10.0,2366,1.8,0.97,3.3
2023-11-10,7.6,5.0,10.9,2432,0.3,0.85,3.1
2023-11-11,5.5,2.0,8.7,2659,0.3,0.7,2.6
2023-11-12,6.1,4.6,7.9,2237,0.5,0.82,1.8
2023-11-13,5.6,0.6,8.9,4580,4.0,0.63,3.1
2023-11-14,10.5,8.1,12.7,2366,3.7,1.04,4.7
2023-11-15,7.1,3.2,9.6,2377,2.7,0.76,3.4
2023-11-16,6.5,4.1,8.0,2439,0.2,0.79,2.7
2023-11-17,4.4,3.4,5.6,2044,0.1,0.75,2.4
2023-11-18,3.9,2.4,4.5,2009,9.2,0.7,2.2
2023-11-19,8.1,3.7,12.0,2667,7.8,0.79,3.8
2023-11-20,9.6,6.3,11.4,1942,11.0,0.93,2.9
2023-11-21,4.5,1.4,6.4,2828,0.0,0.65,2.2
2023-11-22,0.2,-2.9,2.9,4317,0.0,0.48,2.3
2023-11-23,8.0,2.6,11.2,1849,4.7,0.73,4.9
2023-11-24,3.7,0.2,6.8,2851,2.4,0.61,4.9
2023-11-25,0.9,-0.3,2.0,1793,1.5,0.57,3.4
2023-11-26,-0.3,-2.1,1.9,3970,0.1,0.51,2.2
2023-11-27,0.2,-1.6,1.4,1741,1.0,0.52,2.6
2023-11-28,-0.6,-2.5,1.5,3969,0.2,0.49,2.9
2023-11-29,-0.9,-3.1,0.5,1694,2.5,0.47,2.8
2023-11-30,-5.8,-11.4,-1.4,3752,0.0,0.26,1.3
2023-12-01,-4.9,-7.0,-3.8,1651,0.0,0.35,1.6
2023-12-02,-3.5,-5.1,-1.8,1631,0.1,0.4,2.1
2023-12-03,-2.5,-6.5,-1.4,1612,0.0,0.37,2.1
2023-12-04,-3.2,-7.6,-1.2,1594,0.0,0.34,2.6
2023-12-05,-1.6,-3.4,-0.6,1577,0.5,0.46,3.1
2023-12-06,0.1,-0.9,0.5,1562,0.9,0.55,2.2
2023-12-07,0.6,0.2,1.4,1547,0.0,0.6,1.6
2023-12-08,0.6,0.1,1.2,1534,1.1,0.59,2.4
2023-12-09,2.6,0.6,5.0,1521,4.0,0.62,2.9
2023-12-10,5.5,2.7,7.8,1510,12.8,0.72,4.0
2023-12-11,7.5,5.6,8.8,1541,10.3,0.88,3.6
2023-12-12,5.3,4.0,6.9,1490,7.0,0.79,2.0
2023-12-13,4.5,2.9,5.2,1482,2.9,0.72,2.4
2023-12-14,2.8,2.0,3.7,1475,0.0,0.68,2.0
2023-12-15,3.4,-0.6,6.6,1469,0.3,0.58,2.2
2023-12-16,7.2,5.1,8.7,1950,0.0,0.85,2.9
2023-12-17,8.2,4.3,9.7,1541,0.0,0.8,3.1
2023-12-18,7.0,6.1,7.8,1457,0.0,0.91,3.0
2023-12-19,6.6,5.9,7.1,1455,7.6,0.89,3.3
2023-12-20,5.2,3.9,7.1,1534,9.1,0.78,4.2
2023-12-21,7.2,4.1,9.8,1454,9.5,0.8,6.3
2023-12-22,3.3,0.2,5.7,2990,4.4,0.61,6.3
2023-12-23,1.7,0.4,3.0,1457,7.9,0.6,5.0
2023-12-24,7.3,0.2,12.1,1461,5.2,0.64,5.5
2023-12-25,9.3,7.4,11.0,2763,8.5,1.0,5.0
2023-12-26,7.8,4.1,9.5,2853,1.3,0.79,4.6
2023-12-27,3.2,0.2,4.7,2660,0.0,0.6,2.4
2023-12-28,8.3,4.1,11.1,2385,0.0,0.8,4.2
2023-12-29,8.2,5.7,10.3,1616,7.2,0.89,4.8
2023-12-30,5.6,2.4,7.7,2534,0.0,0.7,3.4
2023-12-31,4.9,1.2,7.6,1513,0.5,0.65,3.1
2024-01-01,5.9,3.2,7.6,1525,0.2,0.74,3.7
2024-01-02,4.5,1.9,7.4,1538,15.6,0.68,4.1
2024-01-03,8.9,7.5,10.9,1720,1.7,1.01,5.3
2024-01-04,3.3,0.2,8.3,1566,0.4,0.62,4.0
2024-01-05,-0.2,-1.1,0.3,1582,2.7,0.54,2.9
2024-01-06,-0.8,-1.7,0.1,1599,0.0,0.52,2.6
2024-01-07,-1.6,-3.5,-0.2,1618,0.0,0.46,3.5
2024-01-08,-5.8,-9.0,-2.5,4870,0.0,0.3,3.5
2024-01-09,-7.6,-11.0,-2.8,5049,0.0,0.26,2.3
2024-01-10,-7.1,-10.6,-2.0,5055,0.0,0.27,1.6
2024-01-11,-1.2,-4.8,1.1,1701,0.0,0.42,1.7
2024-01-12,0.1,-1.1,1.9,1725,0.1,0.54,2.0
2024-01-13,2.3,1.7,3.4,1749,1.8,0.66,3.4
2024-01-14,2.3,1.2,3.3,1775,0.9,0.64,3.6
2024-01-15,0.8,-1.7,2.5,1988,5.4,0.52,4.3
2024-01-16,-1.1,-5.1,0.6,1830,0.5,0.41,2.6
2024-01-17,-3.7,-6.4,-1.4,2382,0.0,0.37,2.4
2024-01-18,-3.8,-7.3,-0.1,3860,0.0,0.35,2.3
2024-01-19,-1.1,-6.6,2.0,4642,0.0,0.37,3.1
2024-01-20,0.5,-4.2,2.8,2396,0.0,0.44,3.1
2024-01-21,-0.2,-4.8,2.7,1987,0.2,0.42,3.4
2024-01-22,5.8,2.6,8.7,2022,3.8,0.72,5.0
2024-01-23,5.5,3.6,8.2,2566,6.8,0.77,4.6
2024-01-24,8.5,5.1,10.8,3021,5.2,0.86,6.6
2024-01-25,6.4,-1.1,8.6,3747,0.0,0.56,3.7
2024-01-26,4.6,-0.9,9.4,2172,6.3,0.58,3.9
2024-01-27,4.4,0.2,7.7,3866,0.0,0.61,2.7
2024-01-28,1.6,-2.7,7.2,6627,0.0,0.51,2.0
2024-01-29,2.6,-0.7,9.6,6232,0.0,0.59,2.0
2024-01-30,3.5,-1.3,8.8,3225,0.2,0.56,2.2
2024-01-31,5.4,4.1,8.4,2384,1.3,0.8,2.9
2024-02-01,6.1,4.3,8.5,5267,0.0,0.81,3.7
2024-02-02,5.9,4.3,8.5,2477,0.5,0.81,3.9
2024-02-03,9.2,5.9,10.6,2524,2.8,0.9,4.4
2024-02-04,6.8,5.0,8.3,2573,8.2,0.85,4.8
2024-02-05,9.1,7.1,9.9,2623,5.1,0.97,5.5
2024-02-06,9.2,6.2,11.8,2675,7.6,0.92,5.7
2024-02-07,3.7,-2.2,7.3,4501,0.1,0.52,4.1
2024-02-08,0.4,-2.4,3.6,2780,3.4,0.5,2.3
2024-02-09,2.3,0.5,4.6,2834,6.2,0.61,3.0
2024-02-10,7.1,4.3,9.5,2889,3.8,0.81,2.1
2024-02-11,6.6,5.0,8.3,2946,8.9,0.85,2.9
2024-02-12,6.4,3.8,8.9,3459,1.0,0.78,2.5
2024-02-13,5.1,1.5,8.9,5106,0.1,0.67,2.6
2024-02-14,6.1,1.1,9.6,3120,4.4,0.66,2.7
2024-02-15,10.9,8.9,12.8,3180,0.6,1.1,2.1
2024-02-16,11.9,8.4,16.3,5774,2.8,1.09,2.6
2024-02-17,8.3,5.8,11.3,3788,0.0,0.89,2.4
2024-02-18,6.3,0.2,10.2,4278,8.6,0.62,2.5
2024-02-19,8.0,6.1,9.9,3785,1.3,0.91,3.7
2024-02-20,8.2,6.7,9.5,4716,0.4,0.94,3.2
2024-02-21,8.3,5.6,10.6,3560,0.8,0.89,3.2
2024-02-22,9.2,7.3,11.7,3700,4.8,1.0,4.1
2024-02-23,7.0,1.3,11.3,7191,0.0,0.67,4.1
2024-02-24,4.1,-0.8,11.3,6923,0.0,0.59,2.5
2024-02-25,4.5,-0.7,12.6,8246,0.0,0.6,2.3
2024-02-26,4.6,-2.2,11.5,6518,0.0,0.54,2.1
2024-02-27,3.4,2.0,5.6,4126,0.0,0.68,2.1
2024-02-28,2.6,-0.7,6.7,6954,0.0,0.57,1.7
2024-02-29,4.3,-0.8,11.5,11516,0.0,0.6,2.4
2024-03-01,6.6,3.4,10.5,6197,2.3,0.77,2.1
2024-03-02,8.2,5.4,12.9,6942,0.1,0.88,2.2
2024-03-03,9.8,5.2,14.1,6634,0.0,0.89,2.3
2024-03-04,9.0,5.5,14.8,10305,0.0,0.91,2.0
2024-03-05,4.5,-0.1,8.0,9853,0.0,0.6,2.3
2024-03-06,3.4,-2.1,8.8,7863,0.0,0.53,1.9
2024-03-07,4.7,0.1,9.1,10971,0.0,0.61,2.6
2024-03-08,3.3,-1.8,9.2,13707,0.0,0.54,3.2
2024-03-09,5.3,0.1,10.2,9154,0.0,0.62,3.0
2024-03-10,8.3,3.7,12.5,10421,0.0,0.8,3.4
2024-03-11,9.5,3.6,13.4,5117,0.0,0.79,2.8
2024-03-12,8.2,1.7,13.4,7985,0.0,0.7,2.0
2024-03-13,9.1,2.0,14.6,12448,0.2,0.73,2.0
2024-03-14,10.8,5.6,15.7,7372,0.0,0.92,2.1
2024-03-15,11.2,4.9,18.3,10429,0.7,0.91,2.9
2024-03-16,9.0,3.7,12.5,8782,0.5,0.8,3.5
2024-03-17,4.3,-0.7,9.4,13690,0.0,0.59,1.8
2024-03-18,2.2,-3.3,8.3,15075,0.0,0.49,2.0
2024-03-19,4.2,-2.2,9.7,14470,0.0,0.53,1.7
2024-03-20,9.2,2.3,15.6,6615,2.6,0.75,1.3
2024-03-21,9.3,5.0,14.4,6606,5.4,0.87,2.4
2024-03-22,8.9,4.8,12.3,5811,7.7,0.85,2.6
2024-03-23,6.0,2.4,10.4,8560,2.4,0.72,3.3
2024-03-24,4.8,2.2,8.3,6469,7.1,0.7,4.2
2024-03-25,5.2,-0.1,9.7,7858,0.8,0.61,2.6
2024-03-26,6.6,-0.4,12.4,12502,0.0,0.62,2.6
2024-03-27,9.9,3.8,16.7,13139,0.1,0.82,2.4
2024-03-28,8.3,4.9,13.8,8755,0.9,0.87,3.4
2024-03-29,9.5,3.9,15.3,8232,0.2,0.83,2.8
2024-03-30,13.4,6.1,20.6,13214,0.0,0.99,2.1
2024-03-31,12.8,7.9,17.8,11769,0.0,1.07,1.9
2024-04-01,10.8,5.7,16.2,6612,1.1,0.92,2.9
2024-04-02,10.8,8.2,14.8,12102,1.4,1.07,4.3
2024-04-03,9.1,5.7,10.6,6771,5.0,0.89,2.7
2024-04-04,11.0,8.3,14.5,11147,4.7,1.07,3.6
2024-04-05,13.5,9.6,17.1,9954,1.4,1.18,3.2
2024-04-06,15.9,9.8,22.8,14073,0.0,1.26,2.4
2024-04-07,16.7,10.8,22.7,13864,0.2,1.32,2.4
2024-04-08,17.6,13.3,24.2,15630,0.2,1.55,1.8
2024-04-09,16.0,11.2,24.0,13321,0.0,1.36,3.3
2024-04-10,10.9,4.5,15.8,10317,0.0,0.86,2.6
2024-04-11,11.0,3.3,15.3,10521,0.0,0.79,2.3
2024-04-12,14.8,12.4,18.1,7805,0.0,1.41,2.3
2024-04-13,16.1,9.2,21.3,18042,0.0,1.18,2.5
2024-04-14,13.5,8.2,17.2,17941,0.0,1.08,3.2
2024-04-15,8.4,3.1,12.8,10656,3.5,0.76,3.2
2024-04-16,6.2,1.4,10.7,10285,3.0,0.68,4.0
2024-04-17,5.6,1.4,11.4,14280,0.0,0.68,2.1
2024-04-18,6.3,-0.8,12.8,17615,0.7,0.61,2.2
2024-04-19,6.0,3.2,9.6,8911,8.1,0.76,4.0
2024-04-20,5.2,-0.4,9.2,14694,0.1,0.6,2.8
2024-04-21,4.0,-0.8,10.8,18417,0.0,0.59,2.5
2024-04-22,3.1,-1.9,8.5,10660,0.0,0.54,2.0
2024-04-23,4.2,-1.4,9.6,16041,0.1,0.56,2.0
2024-04-24,5.4,1.9,10.3,12353,0.7,0.69,2.5
2024-04-25,5.1,-0.2,11.0,11366,2.5,0.61,2.3
2024-04-26,8.9,0.8,16.1,19781,0.0,0.69,2.1
2024-04-27,13.2,4.2,20.9,22394,0.0,0.89,2.1
2024-04-28,16.1,8.8,23.8,16389,0.0,1.18,2.7
2024-04-29,15.1,9.6,20.0,18763,0.0,1.2,1.8
2024-04-30,18.1,9.8,26.4,24043,0.0,1.3,2.1
2024-05-01,20.1,13.5,25.6,24392,0.0,1.57,3.0
2024-05-02,20.2,14.1,25.5,24012,0.0,1.63,3.3
2024-05-03,18.3,13.0,24.3,20342,1.2,1.52,2.8
2024-05-04,15.0,11.6,19.2,14089,3.3,1.35,1.6
2024-05-05,14.8,8.2,20.6,15506,0.1,1.11,2.6
2024-05-06,13.0,6.0,18.7,22688,0.0,0.96,1.9
2024-05-07,11.6,7.3,16.6,14422,0.0,1.02,2.1
2024-05-08,12.1,5.5,19.1,21262,0.0,0.93,1.8
2024-05-09,13.1,3.4,20.2,25661,0.0,0.85,1.5
2024-05-10,16.1,9.4,22.6,19318,0.0,1.22,1.6
2024-05-11,14.6,10.0,20.4,16665,0.0,1.23,1.8
2024-05-12,14.8,8.5,21.1,27778,0.0,1.14,2.4
2024-05-13,16.9,9.9,23.6,28234,0.0,1.26,2.4
2024-05-14,18.5,9.9,25.1,28316,0.0,1.28,3.1
2024-05-15,19.8,13.4,25.1,28270,0.0,1.56,3.1
2024-05-16,19.7,13.7,25.8,25097,0.0,1.59,3.3
2024-05-17,19.2,10.9,25.1,26793,0.0,1.35,3.4
2024-05-18,15.9,12.9,21.3,13074,0.4,1.47,2.1
2024-05-19,16.1,10.5,22.3,17263,0.6,1.29,1.8
2024-05-20,16.3,11.1,23.8,16561,5.1,1.34,1.6
2024-05-21,20.3,12.0,26.7,25041,0.2,1.47,2.9
2024-05-22,19.4,14.6,26.3,11996,16.6,1.68,2.7
2024-05-23,18.0,11.5,23.3,19478,0.0,1.37,1.9
2024-05-24,18.6,11.4,25.2,25585,18.4,1.39,1.7
2024-05-25,17.4,13.3,23.3,18306,1.3,1.54,1.6
2024-05-26,19.9,13.6,25.0,24294,0.2,1.58,1.7
2024-05-27,18.5,13.6,23.8,14084,8.8,1.55,1.8
2024-05-28,15.4,9.3,19.4,16526,0.2,1.18,2.2
2024-05-29,15.4,8.6,21.3,14913,1.5,1.15,2.4
2024-05-30,15.5,12.0,19.5,12154,11.2,1.38,1.8
2024-05-31,17.5,13.5,22.4,16628,0.0,1.53,2.2
2024-06-01,19.9,15.0,25.8,22630,0.8,1.71,2.6
2024-06-02,18.8,14.7,23.5,20374,0.0,1.67,2.9
2024-06-03,14.6,13.0,17.9,13152,0.3,1.46,2.3
2024-06-04,15.4,10.4,20.8,13685,0.4,1.26,1.6
2024-06-05,14.9,10.0,20.3,12688,1.2,1.23,2.5
2024-06-06,14.5,7.0,20.4,23281,0.1,1.04,1.9
2024-06-07,14.6,9.4,20.3,19227,0.0,1.19,1.8
2024-06-08,17.1,6.6,25.7,27149,0.0,1.09,2.4
2024-06-09,14.8,9.2,20.4,26149,0.0,1.17,2.5
2024-06-10,13.0,7.6,18.5,18132,2.2,1.06,2.4
2024-06-11,12.2,7.4,17.1,14192,2.2,1.03,3.1
2024-06-12,11.2,6.7,17.6,19052,0.7,0.99,2.3
2024-06-13,12.6,5.7,18.4,21487,0.0,0.94,1.8
2024-06-14,15.0,9.4,20.3,14350,0.0,1.19,2.4
2024-06-15,15.2,9.1,21.1,18441,4.0,1.17,3.2
2024-06-16,17.1,6.9,23.3,22148,0.6,1.06,2.4
2024-06-17,18.4,12.0,24.9,21386,4.1,1.43,1.9
2024-06-18,18.4,10.7,25.1,21771,4.0,1.34,1.6
2024-06-19,16.0,10.7,20.8,15008,0.2,1.29,2.2
2024-06-20,16.3,7.1,22.8,25343,0.0,1.08,1.7
2024-06-21,19.5,13.4,24.9,15643,2.7,1.55,2.1
2024-06-22,18.7,14.8,23.5,18573,0.1,1.67,2.9
2024-06-23,17.9,12.1,22.9,19842,0.0,1.43,1.9
2024-06-24,19.1,10.3,25.8,28122,0.0,1.33,1.7
2024-06-25,21.5,14.1,28.0,29130,0.0,1.67,2.2
2024-06-26,24.2,16.1,31.2,29371,0.0,1.91,1.9
2024-06-27,24.2,17.8,31.6,19544,0.5,2.11,1.8
2024-06-28,21.5,14.7,26.9,24242,2.0,1.7,2.5
2024-06-29,21.9,12.1,29.2,28425,22.8,1.5,1.8
2024-06-30,19.2,17.2,23.6,11349,10.8,1.93,2.8
2024-07-01,16.3,13.6,20.0,12350,5.0,1.52,2.3
2024-07-02,14.9,13.0,18.2,11442,1.9,1.45,2.7
2024-07-03,14.5,12.4,18.8,10914,0.4,1.41,2.2
2024-07-04,14.2,9.4,18.4,16609,4.1,1.17,3.2
2024-07-05,15.5,7.6,21.5,21661,0.0,1.08,2.8
2024-07-06,19.9,11.6,30.5,20362,7.5,1.49,3.2
2024-07-07,16.9,11.0,22.9,25401,0.0,1.33,2.4
2024-07-08,19.2,10.1,25.9,22198,0.0,1.3,1.6
2024-07-09,23.7,16.3,31.3,24566,0.0,1.93,2.0
2024-07-10,23.4,17.0,27.3,18835,2.2,1.95,1.9
2024-07-11,20.8,15.3,26.6,19556,0.0,1.75,1.6
2024-07-12,20.3,14.3,25.6,11437,3.9,1.65,2.3
2024-07-13,16.6,11.1,21.7,15313,0.0,1.33,2.5
2024-07-14,18.1,9.7,25.1,25102,0.0,1.27,1.9
2024-07-15,21.1,11.3,28.1,27442,6.4,1.44,1.8
2024-07-16,20.3,15.1,27.4,18838,5.2,1.74,2.6
2024-07-17,18.4,13.2,24.0,17660,0.0,1.53,2.4
2024-07-18,19.5,12.5,26.2,27269,0.0,1.5,1.4
2024-07-19,22.3,13.5,29.5,27958,0.0,1.64,1.4
2024-07-20,23.7,16.4,30.8,27892,0.0,1.92,1.6
2024-07-21,24.9,19.2,32.8,24702,1.9,2.3,1.8
2024-07-22,19.7,11.8,23.6,14534,3.1,1.4,2.5
2024-07-23,18.3,11.1,28.3,18218,10.6,1.42,2.2
2024-07-24,18.6,13.1,23.6,18034,0.0,1.53,2.5
2024-07-25,16.7,10.9,23.4,24675,0.0,1.34,1.4
2024-07-26,18.3,13.6,22.6,11963,7.1,1.55,1.8
2024-07-27,17.9,16.5,20.4,9807,11.5,1.82,1.3
2024-07-28,18.2,14.7,23.2,19014,3.8,1.65,2.5
2024-07-29,18.0,11.5,24.5,27814,0.0,1.4,1.7
2024-07-30,19.8,10.2,27.7,26125,0.0,1.34,1.4
2024-07-31,22.1,14.4,29.1,21988,0.0,1.7,1.5
2024-08-01,21.3,12.9,27.8,24108,0.0,1.57,1.7
2024-08-02,18.9,14.4,22.1,9608,0.0,1.61,1.8
2024-08-03,19.6,11.3,26.2,20150,2.3,1.4,1.5
2024-08-04,19.4,15.0,24.0,15811,3.1,1.69,2.3
2024-08-05,18.0,12.9,24.3,20221,0.0,1.52,1.5
2024-08-06,19.8,10.9,26.9,25451,0.0,1.38,1.5
2024-08-07,21.9,14.8,29.6,23175,6.6,1.75,1.8
2024-08-08,19.5,14.6,24.2,18625,0.0,1.66,1.8
2024-08-09,17.9,13.4,23.3,11702,4.3,1.54,2.7
2024-08-10,19.7,12.3,25.7,22027,0.0,1.47,2.3
2024-08-11,20.1,12.6,25.6,22160,0.0,1.49,1.8
2024-08-12,19.7,11.0,27.4,25495,0.0,1.39,1.6
2024-08-13,22.9,14.2,31.0,24426,0.0,1.74,2.1
2024-08-14,24.6,17.9,32.2,21946,1.8,2.13,1.8
2024-08-15,22.3,15.6,28.4,17953,0.0,1.81,1.7
2024-08-16,22.1,14.4,29.3,19021,0.5,1.71,1.9
2024-08-17,19.6,16.8,24.5,8879,1.4,1.9,1.5
2024-08-18,18.5,15.7,21.7,8343,3.0,1.75,1.7
2024-08-19,17.6,11.5,24.1,18226,0.0,1.39,1.7
2024-08-20,20.0,10.4,27.0,22264,0.0,1.35,1.8
2024-08-21,18.3,9.9,22.6,14097,0.0,1.25,3.2
2024-08-22,17.7,10.8,24.2,13199,0.0,1.34,2.3
2024-08-23,22.7,16.3,30.3,17540,0.4,1.91,3.2
2024-08-24,24.4,15.3,32.4,20368,0.1,1.85,2.6
2024-08-25,19.3,9.5,26.8,15838,0.0,1.27,2.8
2024-08-26,16.8,7.3,25.5,19988,0.0,1.11,1.6
2024-08-27,18.8,8.6,27.9,21973,0.0,1.24,1.7
2024-08-28,22.6,13.0,30.6,21603,0.0,1.62,1.8
2024-08-29,26.1,18.4,34.6,20018,0.0,2.25,1.6
2024-08-30,20.0,15.4,23.7,8882,3.9,1.73,1.9
