Date,TempMean,TempMin,TempMax,Radiation,Precipitation,VapPressure,Windspeed
2000-01-01,0.2,-3.1,1.0,1614,1.7,0.47,2.1
2000-01-02,3.4,0.9,4.0,1670,0.0,0.63,2.3
2000-01-03,5.6,3.2,6.7,1642,0.1,0.74,3.2
2000-01-04,5.1,4.4,6.1,1657,3.8,0.8,3.3
2000-01-05,2.6,-0.3,6.6,3577,0.0,0.59,3.1
2000-01-06,1.6,-3.3,4.9,3913,1.1,0.48,2.7
2000-01-07,4.0,1.2,6.3,1711,0.0,0.65,2.3
2000-01-08,4.1,0.5,6.3,4208,0.6,0.62,2.9
2000-01-09,3.8,1.6,5.8,1752,0.3,0.67,1.7
2000-01-10,1.7,-0.3,3.2,1774,0.0,0.57,1.7
2000-01-11,-0.5,-2.1,2.8,2887,0.0,0.51,2.2
2000-01-12,-1.3,-3.7,2.3,3287,0.0,0.46,2.7
2000-01-13,-3.3,-4.9,-0.1,4944,0.0,0.41,2.6
2000-01-14,-1.0,-5.8,-0.1,1875,0.0,0.39,1.5
2000-01-15,-0.7,-1.5,0.4,1903,0.1,0.52,1.6
2000-01-16,2.0,-4.0,4.1,1932,1.0,0.45,2.5
2000-01-17,7.2,4.0,8.3,1963,6.4,0.79,5.4
2000-01-18,2.9,1.1,7.6,4181,0.2,0.65,5.4
2000-01-19,0.3,-1.2,3.1,4925,0.2,0.54,2.8
2000-01-20,3.4,-2.1,4.7,2061,7.0,0.52,4.1
2000-01-21,-3.2,-5.5,4.7,4808,0.7,0.41,4.2
2000-01-22,-4.1,-5.7,-2.2,2132,0.2,0.39,2.6
2000-01-23,-9.1,-11.2,-3.7,5201,0.0,0.26,2.1
2000-01-24,-4.8,-11.4,-2.2,3611,0.0,0.26,1.4
2000-01-25,-6.3,-14.3,-2.9,2247,0.1,0.21,1.9
2000-01-26,1.3,-4.3,3.0,2288,0.1,0.44,2.8
2000-01-27,2.1,1.6,3.7,2330,0.5,0.66,3.4
2000-01-28,1.8,1.1,2.8,2373,0.7,0.63,4.2
2000-01-29,5.2,0.2,7.2,2417,8.5,0.61,6.5
2000-01-30,3.5,1.9,7.0,4027,3.8,0.68,5.8
2000-01-31,7.4,2.5,10.7,5507,2.4,0.73,5.9
2000-02-01,8.8,4.9,10.3,2557,2.7,0.85,3.6
2000-02-02,6.0,5.4,8.8,2606,1.6,0.86,3.8
2000-02-03,4.0,2.1,7.4,4534,0.1,0.69,3.9
2000-02-04,5.2,-1.8,7.5,3479,0.9,0.53,3.9
2000-02-05,6.8,4.7,9.3,2759,0.0,0.83,3.5
2000-02-06,7.3,4.0,13.4,5249,0.0,0.81,2.7
2000-02-07,7.2,3.5,10.5,3298,0.3,0.77,4.3
2000-02-08,8.5,5.4,10.1,3983,4.3,0.87,5.5
2000-02-09,5.4,2.5,9.8,3484,5.5,0.72,5.9
2000-02-10,6.5,3.7,8.7,4444,1.4,0.77,4.0
2000-02-11,3.8,1.9,8.2,4715,0.0,0.69,2.7
2000-02-12,2.5,-2.2,7.1,7814,1.1,0.52,3.4
2000-02-13,1.8,-0.1,4.4,3480,1.9,0.58,3.9
2000-02-14,1.3,-0.3,5.6,7245,2.1,0.58,2.9
2000-02-15,4.6,-0.2,9.2,4223,0.6,0.6,3.2
2000-02-16,2.4,1.1,5.3,4229,1.0,0.64,3.9
2000-02-17,0.7,-1.4,4.3,4582,0.7,0.54,2.9
2000-02-18,2.2,-0.2,5.1,6426,0.6,0.58,3.0
2000-02-19,1.5,0.7,3.2,3597,0.0,0.62,2.6
2000-02-20,1.1,-0.1,4.3,6846,0.0,0.59,2.5
2000-02-21,-1.8,-3.7,3.1,6586,0.0,0.45,1.4
2000-02-22,-0.1,-4.7,1.6,4024,1.2,0.42,1.7
2000-02-23,1.2,-0.2,2.6,3871,0.6,0.58,1.5
2000-02-24,3.5,-1.1,6.5,4018,1.4,0.56,3.2
2000-02-25,2.9,1.8,5.2,4167,0.7,0.67,3.4
2000-02-26,4.9,2.0,6.6,4473,0.0,0.68,2.1
2000-02-27,5.3,-0.3,10.2,10818,0.0,0.61,2.7
2000-02-28,10.5,5.3,17.5,9460,1.5,0.91,4.4
2000-02-29,6.7,3.2,10.4,7109,1.5,0.75,4.0
2000-03-01,5.9,3.8,9.2,5920,0.7,0.78,4.1
2000-03-02,4.1,2.8,7.5,9039,4.4,0.72,4.3
2000-03-03,5.5,1.6,9.3,4534,0.9,0.68,6.1
2000-03-04,1.7,0.3,5.2,7702,0.4,0.6,4.6
2000-03-05,1.8,-0.5,4.6,9331,0.2,0.57,3.7
2000-03-06,6.2,0.6,8.3,5193,0.0,0.63,3.9
2000-03-07,9.0,5.8,12.3,5362,2.1,0.91,4.8
2000-03-08,10.5,8.2,11.4,4924,3.0,1.05,5.4
2000-03-09,7.4,4.6,12.6,5267,4.0,0.84,5.8
2000-03-10,2.2,-1.0,6.1,10583,3.0,0.56,3.0
2000-03-11,5.1,1.7,11.7,7313,1.4,0.69,4.8
2000-03-12,2.5,-0.1,5.1,7776,0.4,0.59,1.7
2000-03-13,6.9,2.3,10.9,8519,0.5,0.72,2.0
2000-03-14,6.7,4.6,9.9,5408,6.7,0.83,3.9
2000-03-15,3.8,1.2,6.4,11898,2.0,0.65,4.8
2000-03-16,3.1,0.3,5.9,7633,2.1,0.61,3.9
2000-03-17,1.7,0.4,5.7,11042,0.3,0.61,3.4
2000-03-18,3.0,-1.7,7.0,12791,0.0,0.54,2.0
2000-03-19,2.9,-1.2,9.4,12260,0.0,0.57,2.3
2000-03-20,5.1,-2.6,7.4,7453,0.0,0.51,2.1
2000-03-21,5.1,3.2,9.9,7647,0.3,0.76,1.6
2000-03-22,6.1,0.8,14.2,10895,0.0,0.68,1.6
2000-03-23,5.2,-0.1,13.1,12207,0.0,0.63,1.5
2000-03-24,6.1,-1.4,10.8,11837,0.4,0.57,2.7
2000-03-25,8.2,3.8,12.8,6319,0.4,0.8,2.1
2000-03-26,8.6,5.5,17.2,10463,8.0,0.92,2.0
2000-03-27,4.9,4.5,6.9,6485,9.9,0.81,1.9
2000-03-28,6.3,3.8,8.1,6568,7.7,0.77,3.0
2000-03-29,7.0,4.2,8.4,6651,1.5,0.8,3.8
2000-03-30,6.3,5.5,7.8,6734,1.4,0.87,3.7
2000-03-31,5.5,5.0,6.6,6817,0.6,0.84,1.9
2000-04-01,5.8,-0.6,10.6,10815,0.0,0.6,1.5
2000-04-02,7.3,4.8,13.5,16034,0.0,0.85,1.8
2000-04-03,10.1,1.5,17.3,18209,0.0,0.73,2.6
2000-04-04,7.7,4.3,11.3,7146,0.5,0.81,2.2
2000-04-05,4.0,2.2,8.3,8637,0.0,0.7,3.2
2000-04-06,6.3,-0.3,10.1,19638,0.0,0.61,2.8
2000-04-07,4.3,2.7,9.4,11010,0.0,0.73,2.5
2000-04-08,6.1,-3.2,10.9,15304,0.0,0.51,1.5
2000-04-09,3.4,-1.0,8.8,20087,0.0,0.57,2.6
2000-04-10,5.4,-0.3,11.4,18226,0.0,0.61,2.0
2000-04-11,7.4,-1.0,13.0,15557,4.4,0.6,1.8
2000-04-12,7.1,1.3,11.9,7786,7.9,0.68,2.9
2000-04-13,8.0,2.3,13.1,15339,1.1,0.74,3.5
2000-04-14,8.3,6.1,11.1,10787,1.0,0.92,2.6
2000-04-15,12.1,1.8,18.9,18652,1.5,0.76,2.4
2000-04-16,9.0,6.6,14.5,19352,0.0,0.96,2.7
2000-04-17,15.3,3.2,22.5,17862,0.2,0.86,2.8
2000-04-18,13.7,9.8,18.2,16241,0.0,1.21,1.9
2000-04-19,15.5,8.4,22.9,19491,5.2,1.15,1.7
2000-04-20,13.7,10.6,18.7,15988,0.0,1.27,1.5
2000-04-21,16.0,7.0,25.4,20783,0.0,1.1,1.9
2000-04-22,20.0,10.1,25.0,21021,0.0,1.3,2.1
2000-04-23,22.8,15.3,29.5,21021,0.0,1.82,1.9
2000-04-24,18.3,13.1,27.7,22204,2.0,1.57,2.6
2000-04-25,11.8,10.8,14.7,8750,0.0,1.25,1.7
2000-04-26,16.2,10.8,21.5,17539,0.0,1.31,2.3
2000-04-27,19.8,10.1,25.6,20393,0.0,1.31,2.2
2000-04-28,20.6,15.5,26.8,18813,0.0,1.77,2.8
2000-04-29,20.5,14.3,28.6,23011,0.0,1.69,2.3
2000-04-30,19.5,10.9,28.6,19247,0.5,1.41,1.4
2000-05-01,19.7,11.8,27.0,15095,0.0,1.46,1.8
2000-05-02,15.1,11.2,21.6,24907,0.0,1.33,2.3
2000-05-03,13.5,4.0,20.3,25256,0.0,0.88,1.7
2000-05-04,14.7,3.6,22.4,23035,0.0,0.87,1.5
2000-05-05,16.2,6.3,24.1,25950,0.0,1.05,1.9
2000-05-06,17.6,6.9,25.7,26295,0.0,1.1,2.2
2000-05-07,18.6,9.2,25.3,26639,0.0,1.25,2.3
2000-05-08,19.5,11.5,27.3,24265,0.0,1.45,1.9
2000-05-09,18.6,10.3,25.7,14702,0.3,1.32,1.4
2000-05-10,19.9,14.0,27.0,24190,0.0,1.65,1.3
2000-05-11,19.8,12.8,27.8,25763,0.0,1.54,1.9
2000-05-12,13.6,8.6,18.7,27589,0.0,1.13,2.6
2000-05-13,12.9,3.4,19.7,27922,0.0,0.85,1.8
2000-05-14,17.1,4.9,25.4,28004,0.0,0.99,1.5
2000-05-15,20.1,7.9,28.8,27458,0.0,1.21,1.3
2000-05-16,22.1,9.7,30.6,25779,0.0,1.37,1.5
2000-05-17,22.3,14.6,31.8,21960,2.1,1.78,2.6
2000-05-18,15.3,12.0,19.3,12598,0.2,1.38,2.3
2000-05-19,12.1,7.7,18.0,17805,0.9,1.06,2.4
2000-05-20,11.3,8.5,15.8,16724,3.2,1.09,2.2
2000-05-21,12.9,7.9,17.5,19928,0.2,1.07,1.5
2000-05-22,12.4,10.4,14.7,10255,5.0,1.22,2.2
2000-05-23,15.9,8.8,20.4,23065,0.0,1.15,1.8
2000-05-24,17.7,9.5,22.0,16534,0.0,1.23,2.1
2000-05-25,16.9,14.2,24.1,11763,0.2,1.62,3.2
2000-05-26,15.3,8.6,20.6,24354,0.0,1.13,2.2
2000-05-27,13.6,10.4,24.7,18181,0.9,1.31,3.4
2000-05-28,17.8,6.6,22.0,17204,0.1,1.03,3.8
2000-05-29,12.5,9.6,18.7,25758,0.1,1.19,3.6
2000-05-30,10.6,5.9,15.9,18039,0.0,0.93,1.9
2000-05-31,13.5,3.7,19.3,25838,0.0,0.85,1.5
2000-06-01,17.5,4.7,22.7,21416,0.0,0.94,2.1
2000-06-02,22.3,14.1,29.7,26801,0.0,1.7,2.3
2000-06-03,20.3,14.3,25.3,26834,2.6,1.65,1.6
2000-06-04,21.1,14.0,28.5,19593,2.9,1.67,2.1
2000-06-05,17.5,14.5,24.2,16300,0.2,1.66,1.7
2000-06-06,15.9,13.8,19.8,12364,0.0,1.54,2.9
2000-06-07,13.6,10.7,18.8,24518,0.0,1.28,3.0
2000-06-08,15.2,6.7,21.0,26200,0.0,1.02,1.8
2000-06-09,20.6,7.5,26.9,26093,0.0,1.15,2.6
2000-06-10,26.0,12.0,32.3,28540,0.0,1.56,1.9
2000-06-11,21.8,17.9,29.7,24592,15.3,2.08,2.2
2000-06-12,19.4,14.7,23.3,28571,0.0,1.65,2.3
2000-06-13,23.3,11.6,30.8,28583,0.0,1.51,2.1
2000-06-14,18.7,14.7,24.4,18360,2.8,1.68,1.8
2000-06-15,14.5,13.0,18.3,14785,2.6,1.46,2.9
2000-06-16,12.2,9.0,16.4,23107,0.6,1.13,3.2
2000-06-17,14.3,7.0,20.1,27461,0.0,1.04,1.7
2000-06-18,16.9,6.9,24.2,19659,0.3,1.08,1.5
2000-06-19,24.1,12.7,31.6,29126,0.0,1.62,1.5
2000-06-20,26.5,14.7,35.2,29124,0.0,1.88,1.5
2000-06-21,28.0,16.5,36.5,26434,1.3,2.08,1.9
2000-06-22,21.5,18.1,32.0,22080,0.9,2.15,2.4
2000-06-23,19.0,16.8,25.4,17343,0.0,1.88,2.7
2000-06-24,15.0,10.6,21.5,16185,4.3,1.29,2.5
2000-06-25,14.7,10.8,18.4,15281,0.4,1.28,3.1
2000-06-26,12.9,11.2,17.1,16165,0.1,1.3,3.5
2000-06-27,13.0,10.3,16.7,14364,0.4,1.23,3.3
2000-06-28,12.1,9.9,16.3,13712,0.2,1.2,2.7
2000-06-29,12.5,9.6,16.0,11145,0.5,1.18,2.5
2000-06-30,13.0,10.3,16.4,11385,0.2,1.22,2.5
2000-07-01,18.2,10.4,22.5,21952,1.5,1.3,2.1
2000-07-02,15.8,12.0,21.7,16321,0.1,1.4,1.4
2000-07-03,19.0,11.6,25.1,14897,1.8,1.41,1.9
2000-07-04,18.9,13.6,24.4,17802,0.1,1.57,1.8
2000-07-05,18.7,14.7,22.5,13704,4.3,1.65,2.9
2000-07-06,18.6,15.7,24.1,15331,2.6,1.77,2.2
2000-07-07,17.4,8.9,22.7,20640,0.4,1.19,1.9
2000-07-08,14.3,11.3,17.6,11972,0.0,1.31,2.6
2000-07-09,16.8,11.2,21.8,17398,0.2,1.34,2.8
2000-07-10,17.8,12.6,22.6,16603,2.4,1.47,3.2
2000-07-11,18.0,13.4,24.0,13147,0.0,1.54,3.0
2000-07-12,14.6,13.3,16.9,10961,0.3,1.48,3.4
2000-07-13,16.2,9.6,20.7,20663,0.2,1.22,2.9
2000-07-14,15.2,12.5,19.8,12156,6.5,1.43,2.6
2000-07-15,14.4,12.3,17.7,10982,0.3,1.4,2.1
2000-07-16,16.7,7.8,20.5,16868,1.5,1.09,1.7
2000-07-17,15.7,13.8,20.1,12541,0.1,1.53,2.0
2000-07-18,14.7,14.0,18.0,10990,0.0,1.56,2.5
2000-07-19,13.8,12.0,16.7,10948,0.1,1.35,3.2
2000-07-20,16.2,12.2,19.6,11281,1.1,1.41,3.0
2000-07-21,15.2,12.6,17.3,10109,3.9,1.41,2.6
2000-07-22,16.2,13.6,19.5,15065,1.5,1.51,1.7
2000-07-23,16.6,12.3,22.5,13389,0.2,1.43,1.2
2000-07-24,20.8,9.5,25.3,21064,0.3,1.26,1.7
2000-07-25,19.8,15.7,26.2,15895,1.5,1.79,2.4
2000-07-26,19.0,16.0,23.5,12854,0.3,1.79,2.0
2000-07-27,18.9,15.9,23.8,14782,2.0,1.78,1.7
2000-07-28,18.0,16.4,23.0,12493,2.1,1.82,2.2
2000-07-29,16.2,14.3,22.0,11941,3.3,1.6,2.4
2000-07-30,17.6,15.0,21.3,14224,0.1,1.67,2.3
2000-07-31,16.8,15.6,19.7,10223,0.0,1.71,1.7
2000-08-01,20.8,9.1,27.3,24893,0.0,1.27,1.5
2000-08-02,18.4,16.5,26.8,13780,3.7,1.89,2.1
2000-08-03,18.8,14.7,25.8,19087,0.6,1.7,1.8
2000-08-04,17.8,14.3,23.7,18395,1.9,1.62,1.4
2000-08-05,19.5,10.5,24.6,22444,0.0,1.33,1.6
2000-08-06,19.6,12.5,26.8,24045,0.0,1.52,2.0
2000-08-07,16.3,12.6,21.1,18140,0.0,1.45,2.4
2000-08-08,15.6,11.3,18.5,14555,1.7,1.32,1.8
2000-08-09,15.0,11.0,21.7,23250,0.0,1.33,1.6
2000-08-10,19.1,8.3,25.1,14394,1.1,1.18,2.0
2000-08-11,18.7,16.6,21.7,11085,0.0,1.84,1.9
2000-08-12,19.2,13.4,24.8,14227,0.0,1.56,1.2
2000-08-13,21.0,12.4,28.6,20907,0.0,1.53,1.1
2000-08-14,24.0,12.6,32.1,22099,0.0,1.62,1.3
2000-08-15,22.6,14.8,31.5,19389,10.0,1.8,1.9
2000-08-16,19.4,16.8,25.1,17049,9.6,1.89,1.9
2000-08-17,18.7,14.6,26.6,18468,4.5,1.7,2.0
2000-08-18,19.0,16.5,23.6,13696,1.2,1.84,1.5
2000-08-19,20.4,16.5,27.5,14183,8.0,1.89,1.7
2000-08-20,20.8,15.5,27.1,15474,10.7,1.79,1.7
2000-08-21,18.2,14.9,24.3,15716,0.2,1.68,2.0
2000-08-22,15.5,13.2,21.7,15380,0.0,1.5,1.4
2000-08-23,14.2,9.7,20.5,18698,0.0,1.21,1.6
2000-08-24,17.0,7.4,21.0,17665,0.1,1.07,2.2
2000-08-25,15.2,12.4,21.1,15622,0.2,1.42,1.9
2000-08-26,16.9,6.3,21.9,21024,0.0,1.02,2.8
2000-08-27,18.8,12.4,24.0,20322,0.0,1.46,2.4
2000-08-28,17.3,14.2,21.5,10820,0.1,1.59,1.7
2000-08-29,16.8,12.4,25.0,15161,0.0,1.47,1.3
2000-08-30,15.7,12.6,22.7,14932,3.9,1.46,1.3
2000-08-31,15.8,10.6,21.2,10316,0.2,1.29,1.3
2000-09-01,19.2,9.7,24.7,16439,13.3,1.27,1.8
2000-09-02,14.7,13.0,19.4,13162,7.5,1.46,2.9
2000-09-03,14.2,12.9,15.4,7224,9.6,1.44,3.6
2000-09-04,11.0,8.7,15.0,7680,4.0,1.1,2.2
2000-09-05,11.6,7.8,16.9,9194,1.3,1.06,1.6
2000-09-06,14.8,7.5,19.4,14290,7.7,1.05,2.4
2000-09-07,12.6,11.0,17.1,10163,0.2,1.29,2.3
2000-09-08,16.4,9.1,19.9,7132,0.0,1.17,2.1
2000-09-09,19.4,16.4,23.4,8399,0.0,1.83,1.5
2000-09-10,17.4,15.6,22.6,14601,0.0,1.74,1.2
2000-09-11,13.5,10.5,21.1,6573,0.1,1.28,1.3
2000-09-12,16.2,8.1,20.9,12699,0.0,1.12,1.9
2000-09-13,16.6,14.6,21.8,9339,16.3,1.62,2.2
2000-09-14,14.6,13.4,19.9,6828,1.4,1.51,1.4
2000-09-15,15.0,11.3,18.5,11323,0.1,1.32,2.1
2000-09-16,12.8,11.2,15.1,7051,4.5,1.29,3.0
2000-09-17,10.8,10.2,13.0,6079,2.5,1.21,2.0
2000-09-18,9.6,5.7,15.9,15437,0.0,0.93,2.1
2000-09-19,8.8,4.6,10.6,5915,0.0,0.83,3.0
2000-09-20,9.8,8.3,11.7,5833,0.0,1.06,3.1
2000-09-21,11.2,7.1,17.3,15440,0.0,1.01,2.8
2000-09-22,11.2,6.0,18.3,11509,0.0,0.96,1.6
2000-09-23,10.8,6.5,17.5,13433,0.0,0.98,2.3
2000-09-24,9.5,3.0,16.1,14858,0.0,0.79,2.4
2000-09-25,12.8,2.2,19.6,14237,0.0,0.78,1.5
2000-09-26,14.9,12.5,18.4,6345,0.0,1.41,1.5
2000-09-27,17.1,10.0,23.9,13648,3.3,1.28,1.8
2000-09-28,17.8,13.2,23.1,9829,0.0,1.52,2.2
2000-09-29,17.3,12.7,23.0,14043,0.0,1.48,2.2
2000-09-30,16.0,10.2,23.2,13616,0.0,1.29,2.0
2000-10-01,17.6,9.7,24.3,11545,1.0,1.25,1.6
2000-10-02,14.1,11.1,18.6,7963,0.1,1.3,1.9
2000-10-03,14.5,6.4,21.6,12282,0.0,1.01,1.5
2000-10-04,16.4,13.5,20.6,6482,0.2,1.51,1.2
2000-10-05,16.0,13.9,19.6,5553,0.3,1.55,1.2
2000-10-06,11.5,10.4,15.3,4559,3.0,1.23,2.1
2000-10-07,11.2,10.1,11.9,4483,0.9,1.2,1.3
2000-10-08,9.6,8.7,11.9,5379,1.8,1.08,1.9
2000-10-09,9.7,8.3,10.3,4333,1.8,1.06,1.9
2000-10-10,10.4,6.6,12.5,4972,0.1,0.95,3.7
2000-10-11,12.8,6.7,16.2,6850,9.6,0.97,3.6
2000-10-12,11.3,9.6,16.2,5973,0.3,1.17,2.2
2000-10-13,13.5,8.7,16.8,4348,0.0,1.11,1.4
2000-10-14,12.2,10.6,17.2,6320,0.0,1.25,1.3
2000-10-15,12.6,10.1,14.7,3900,0.0,1.19,2.4
2000-10-16,12.9,10.2,20.4,9314,0.0,1.26,2.7
2000-10-17,10.2,5.8,17.3,4055,0.6,0.94,1.8
2000-10-18,10.8,8.5,13.5,3694,0.7,1.08,1.4
2000-10-19,12.6,9.1,15.8,6204,0.0,1.14,1.7
2000-10-20,11.6,10.1,14.3,3561,0.0,1.2,1.8
2000-10-21,10.6,7.6,16.3,8949,0.0,1.04,2.2
2000-10-22,10.0,4.8,17.3,9856,0.0,0.88,1.5
2000-10-23,9.4,4.2,16.3,9034,0.1,0.84,2.1
2000-10-24,12.3,7.7,16.2,5734,0.1,1.04,3.5
2000-10-25,13.3,8.6,15.2,3244,0.4,1.1,3.9
2000-10-26,9.8,7.4,15.2,3710,0.2,1.02,3.4
2000-10-27,9.3,5.1,11.9,4164,0.1,0.86,3.0
2000-10-28,11.6,7.4,12.9,3065,0.3,1.01,2.6
2000-10-29,11.8,9.8,16.4,6054,0.0,1.18,4.0
2000-10-30,13.4,8.8,16.3,3265,0.1,1.12,5.3
2000-10-31,10.8,9.7,16.1,2896,1.0,1.18,3.9
2000-11-01,9.8,6.5,14.0,6939,0.0,0.95,3.5
2000-11-02,8.8,5.4,13.5,7500,0.0,0.89,3.2
2000-11-03,6.6,4.6,10.5,2735,3.4,0.83,2.3
2000-11-04,8.0,5.4,11.1,3097,0.1,0.88,2.2
2000-11-05,3.8,0.7,9.6,5021,0.0,0.64,2.3
2000-11-06,6.8,1.6,8.9,4540,0.2,0.68,3.4
2000-11-07,9.3,6.5,14.2,4184,1.5,0.96,2.7
2000-11-08,8.0,3.5,13.1,6194,0.5,0.79,3.3
2000-11-09,7.7,4.1,12.3,6048,0.0,0.81,3.2
2000-11-10,5.7,3.2,11.0,6289,0.0,0.76,3.1
2000-11-11,6.2,2.6,9.7,5766,0.0,0.73,3.0
2000-11-12,6.9,1.9,10.7,4132,0.6,0.7,3.2
2000-11-13,8.4,6.6,10.9,2272,0.1,0.95,2.2
2000-11-14,8.8,4.4,11.0,2285,9.3,0.82,1.4
2000-11-15,7.5,5.7,10.3,3846,0.5,0.89,2.1
2000-11-16,5.1,2.8,9.9,5321,0.0,0.74,2.5
2000-11-17,3.2,-0.4,4.9,2119,3.5,0.58,1.7
2000-11-18,4.6,3.3,7.0,3980,0.0,0.75,3.0
2000-11-19,3.5,1.5,7.8,5555,0.0,0.67,3.5
2000-11-20,4.5,1.0,9.4,3237,0.3,0.65,2.5
2000-11-21,5.2,3.6,6.0,1983,3.5,0.76,1.9
2000-11-22,6.2,2.6,9.3,2526,0.0,0.73,3.0
2000-11-23,6.6,3.7,11.1,3722,0.0,0.78,2.4
2000-11-24,5.7,3.1,7.1,2503,1.1,0.74,2.2
2000-11-25,6.1,4.2,7.5,1866,1.3,0.79,1.9
2000-11-26,5.2,4.3,7.2,2024,0.3,0.8,2.9
2000-11-27,5.5,3.5,8.2,1814,0.6,0.76,2.5
2000-11-28,5.4,1.1,7.0,1790,0.5,0.65,2.5
2000-11-29,9.3,6.8,13.1,2932,0.1,0.96,2.3
2000-11-30,7.5,5.6,11.0,1923,0.0,0.89,1.8
2000-12-01,4.4,2.6,7.7,2958,0.0,0.72,2.3
2000-12-02,7.4,1.8,9.4,1705,0.0,0.68,1.9
2000-12-03,6.6,2.5,8.7,3380,0.0,0.71,2.2
2000-12-04,3.8,1.6,8.6,3006,0.1,0.68,2.3
2000-12-05,4.6,1.7,7.5,2895,0.0,0.67,2.4
2000-12-06,1.4,0.2,4.4,2319,0.0,0.6,2.4
2000-12-07,4.3,0.5,8.1,3952,0.1,0.63,2.6
2000-12-08,6.7,2.6,8.9,1610,1.3,0.72,3.0
2000-12-09,7.1,4.7,10.1,3149,0.0,0.84,2.7
2000-12-10,6.1,2.2,9.3,3131,0.6,0.71,3.6
2000-12-11,8.2,6.8,9.9,1578,3.5,0.95,3.9
2000-12-12,11.4,7.6,12.7,1569,1.4,1.02,3.3
2000-12-13,11.0,9.8,14.5,2924,0.9,1.17,5.4
2000-12-14,7.5,5.7,10.1,2214,0.3,0.88,4.3
2000-12-15,5.5,3.4,7.5,2782,2.1,0.75,4.5
2000-12-16,4.3,0.7,5.9,1546,5.9,0.62,4.7
2000-12-17,3.6,2.5,5.2,1543,1.5,0.7,2.3
2000-12-18,1.7,-0.4,4.5,1541,0.1,0.57,1.5
2000-12-19,1.1,-2.3,2.3,1540,0.2,0.5,1.4
2000-12-20,-2.5,-4.2,1.6,1540,0.0,0.44,3.1
2000-12-21,-2.4,-3.3,-0.1,1746,0.0,0.46,2.9
2000-12-22,-4.1,-5.8,-1.4,3018,0.0,0.38,2.4
2000-12-23,-4.9,-7.5,0.0,4091,0.0,0.35,1.7
2000-12-24,-2.1,-6.9,-1.2,1551,7.6,0.36,1.6
2000-12-25,-1.3,-2.5,-0.3,1557,1.5,0.49,1.8
2000-12-26,-2.3,-2.4,-0.9,1564,2.8,0.49,1.8
2000-12-27,0.4,-3.3,2.1,1655,0.1,0.46,1.7
2000-12-28,0.4,-1.2,1.6,1581,1.0,0.54,2.4
2000-12-29,-2.7,-4.3,1.6,2050,0.0,0.43,2.8
2000-12-30,-1.6,-5.1,-0.6,1602,0.5,0.41,2.3
2000-12-31,-1.3,-2.7,0.9,1741,0.3,0.48,2.4
2001-01-01,-1.9,-8.5,0.6,2543,1.9,0.32,3.2
2001-01-02,1.3,0.2,2.5,1882,0.4,0.59,2.9
2001-01-03,4.1,1.0,6.5,2538,0.2,0.64,3.1
2001-01-04,1.9,-1.8,4.2,2388,0.3,0.52,3.1
2001-01-05,4.7,2.5,5.4,2755,5.3,0.71,3.8
2001-01-06,6.9,4.4,9.7,1866,1.5,0.82,3.4
2001-01-07,4.5,2.4,7.1,2588,0.0,0.7,2.4
2001-01-08,1.0,-0.5,5.4,3456,0.0,0.57,2.0
2001-01-09,2.8,-0.6,3.8,1752,0.0,0.57,2.4
2001-01-10,1.7,0.1,4.2,2224,0.0,0.6,1.6
2001-01-11,-0.6,-4.3,2.1,3975,0.0,0.43,1.9
2001-01-12,-1.4,-3.4,2.0,3562,0.0,0.46,1.8
2001-01-13,-2.2,-6.1,-1.1,1848,0.0,0.38,2.2
2001-01-14,-2.0,-2.2,-1.2,1875,0.0,0.5,2.2
2001-01-15,-2.0,-3.2,0.7,1950,0.0,0.47,2.4
2001-01-16,-2.5,-4.2,1.0,4550,0.0,0.44,1.8
2001-01-17,-4.0,-7.5,-0.7,2925,0.0,0.34,1.9
2001-01-18,-3.2,-7.4,-1.1,1994,0.0,0.34,1.8
2001-01-19,-1.9,-3.9,-1.2,2027,0.0,0.44,1.4
2001-01-20,-2.3,-8.1,0.5,2557,0.0,0.33,1.4
2001-01-21,-0.9,-4.1,0.3,2096,0.0,0.44,1.8
2001-01-22,-0.5,-2.1,0.6,2132,1.0,0.51,3.1
2001-01-23,1.4,0.1,2.1,2169,0.9,0.59,3.2
2001-01-24,3.1,0.8,4.0,2208,8.1,0.62,3.6
2001-01-25,3.0,1.2,7.9,3667,2.1,0.65,2.4
2001-01-26,3.4,-0.5,7.2,4204,0.7,0.58,2.5
2001-01-27,2.6,-0.8,4.2,4323,2.1,0.56,3.3
2001-01-28,2.5,2.3,3.5,2373,3.2,0.69,2.2
2001-01-29,2.7,2.0,4.1,2528,0.8,0.68,1.3
2001-01-30,0.4,-1.2,2.8,2463,0.6,0.54,1.0
2001-01-31,1.2,0.1,2.7,3188,0.1,0.59,1.2
2001-02-01,0.1,-0.7,3.1,3473,0.7,0.56,2.1
2001-02-02,-3.6,-4.6,-0.4,4867,0.1,0.42,2.2
2001-02-03,-4.9,-8.4,-3.0,2714,0.4,0.31,2.7
2001-02-04,-5.4,-6.5,-3.1,2766,7.0,0.36,3.3
2001-02-05,3.3,-6.8,6.1,2759,5.0,0.39,4.3
2001-02-06,9.8,4.4,11.9,2934,1.7,0.83,3.6
2001-02-07,8.6,5.5,11.6,2866,1.0,0.88,2.6
2001-02-08,9.8,5.9,12.6,2921,0.0,0.91,3.1
2001-02-09,3.8,2.3,9.7,3231,0.7,0.71,2.4
2001-02-10,-0.4,-3.0,4.5,5469,0.0,0.49,1.3
2001-02-11,5.7,-2.7,8.8,3094,0.2,0.51,3.1
2001-02-12,10.0,6.6,11.5,3153,0.8,0.94,3.0
2001-02-13,3.7,1.3,11.0,6670,0.0,0.67,2.5
2001-02-14,2.1,-1.4,3.6,3477,0.0,0.54,2.0
2001-02-15,1.5,-1.6,9.3,8718,0.0,0.55,1.5
2001-02-16,1.6,-5.6,9.3,9537,3.5,0.43,1.5
2001-02-17,1.0,-0.8,4.2,5559,0.0,0.56,2.3
2001-02-18,1.5,-1.8,8.0,6214,0.0,0.54,2.9
2001-02-19,2.6,-1.8,3.9,3597,0.1,0.52,2.9
2001-02-20,4.6,2.4,7.5,6629,0.6,0.71,3.8
2001-02-21,5.3,3.5,8.3,6806,1.3,0.76,5.0
2001-02-22,2.1,0.5,6.0,7133,0.7,0.62,4.9
2001-02-23,-1.7,-3.3,0.9,4471,0.3,0.46,2.9
2001-02-24,-6.4,-8.9,-0.8,6442,0.3,0.31,1.6
2001-02-25,-2.9,-9.6,-0.4,4014,0.1,0.3,2.2
2001-02-26,-3.3,-4.8,2.0,6177,0.4,0.42,2.2
2001-02-27,-2.4,-9.4,2.8,7841,0.0,0.31,2.5
2001-02-28,0.6,-4.4,5.0,10886,0.0,0.44,2.1
2001-03-01,1.1,-2.3,7.5,10713,0.1,0.52,2.2
2001-03-02,0.0,-2.7,2.7,4786,0.1,0.48,2.1
2001-03-03,0.7,-2.7,4.4,8221,0.5,0.49,2.0
2001-03-04,-0.1,-1.3,0.9,7345,4.7,0.53,2.5
2001-03-05,-0.8,-3.7,3.5,4611,0.5,0.46,1.7
2001-03-06,-0.4,-6.9,5.2,10428,0.0,0.37,2.2
2001-03-07,3.3,-5.1,8.1,9201,0.0,0.43,2.4
2001-03-08,7.1,3.2,11.7,8377,0.9,0.76,2.1
2001-03-09,8.3,4.3,13.4,6142,4.0,0.83,2.7
2001-03-10,10.5,7.1,14.1,8166,0.3,0.99,2.7
2001-03-11,10.1,7.9,13.6,5705,0.4,1.04,2.8
2001-03-12,11.0,7.4,15.4,7940,6.8,1.01,3.0
2001-03-13,7.3,5.2,11.8,9764,1.8,0.86,3.6
2001-03-14,4.6,3.2,8.4,7789,4.5,0.75,3.9
2001-03-15,4.6,1.6,10.2,5776,0.4,0.69,2.3
2001-03-16,3.0,0.0,11.3,7812,0.1,0.62,1.7
2001-03-17,2.0,-1.2,5.0,5572,0.8,0.54,2.5
2001-03-18,2.4,0.9,3.4,5654,6.6,0.63,3.3
2001-03-19,2.6,0.8,8.1,6595,6.6,0.64,5.0
2001-03-20,-1.4,-2.4,1.4,8031,0.1,0.49,2.1
2001-03-21,0.1,-6.7,4.7,14141,0.3,0.38,2.5
2001-03-22,0.6,-1.9,2.8,6572,1.7,0.52,3.1
2001-03-23,1.0,-0.2,2.3,6069,2.6,0.58,2.8
2001-03-24,0.7,0.3,1.4,6152,1.4,0.6,2.6
2001-03-25,-0.2,-0.6,1.1,6235,5.7,0.56,3.7
2001-03-26,-1.5,-3.7,3.1,13676,0.1,0.45,2.9
2001-03-27,-1.8,-7.0,1.2,15742,0.0,0.36,2.7
2001-03-28,1.6,-5.6,4.9,16916,0.0,0.41,3.7
2001-03-29,4.0,-0.6,7.9,8113,0.0,0.58,3.6
2001-03-30,5.7,0.0,10.9,9659,1.2,0.62,1.6
2001-03-31,9.1,5.3,13.8,13731,0.0,0.89,2.1
2001-04-01,11.2,5.2,17.1,10076,0.0,0.91,1.9
2001-04-02,11.4,4.2,20.3,17481,0.0,0.88,1.8
2001-04-03,12.9,7.0,21.4,15501,1.2,1.05,2.6
2001-04-04,12.2,5.8,19.9,14458,11.0,0.96,3.2
2001-04-05,6.4,3.8,12.4,13507,0.0,0.8,3.7
2001-04-06,8.5,3.3,10.6,7769,0.3,0.76,3.5
2001-04-07,9.0,5.2,14.7,8399,1.5,0.88,2.6
2001-04-08,8.5,5.4,12.3,7828,1.0,0.88,2.0
2001-04-09,5.5,3.1,10.3,12435,0.0,0.75,2.2
2001-04-10,10.0,1.8,14.1,8104,0.3,0.71,2.4
2001-04-11,9.6,6.9,15.2,8856,1.3,0.98,2.2
2001-04-12,4.0,0.8,10.2,15108,1.9,0.65,3.8
2001-04-13,1.9,0.4,3.8,7899,0.5,0.61,3.3
2001-04-14,2.1,-1.1,5.9,17265,0.3,0.55,2.3
2001-04-15,2.5,-2.1,4.5,7942,1.2,0.51,3.1
2001-04-16,6.1,0.9,8.8,9047,1.5,0.64,2.3
2001-04-17,5.5,3.4,7.7,9818,1.2,0.75,2.5
2001-04-18,5.7,3.2,8.3,8747,0.7,0.75,3.3
2001-04-19,4.1,0.2,9.7,14155,0.2,0.62,2.5
2001-04-20,6.2,-1.9,11.5,15302,0.6,0.56,1.5
2001-04-21,5.6,2.4,9.3,9094,3.0,0.71,2.7
2001-04-22,4.1,2.8,5.1,8466,5.4,0.72,2.0
2001-04-23,7.6,3.5,10.9,9245,1.4,0.77,1.8
2001-04-24,10.4,1.7,16.5,23030,0.0,0.73,2.0
2001-04-25,14.9,3.3,20.7,20899,2.5,0.85,2.5
2001-04-26,10.8,8.4,16.4,16012,0.5,1.08,3.1
2001-04-27,11.3,5.2,16.8,16583,1.1,0.9,1.9
2001-04-28,10.1,6.8,14.0,9846,1.6,0.97,2.7
2001-04-29,11.4,4.5,17.7,15447,0.0,0.87,2.1
2001-04-30,17.9,8.5,25.7,21925,0.0,1.19,1.6
2001-05-01,16.1,8.9,25.0,23844,0.0,1.21,2.3
2001-05-02,13.1,7.2,20.2,25043,0.0,1.05,2.4
2001-05-03,20.5,7.5,27.3,25029,0.1,1.17,2.5
2001-05-04,14.8,11.4,21.3,14643,1.2,1.36,2.4
2001-05-05,8.7,7.7,12.1,9338,6.7,1.02,3.3
2001-05-06,7.2,6.3,8.7,9398,0.9,0.92,3.1
2001-05-07,9.4,5.2,13.0,9826,0.0,0.87,2.4
2001-05-08,14.2,6.5,21.6,22327,0.0,1.03,2.0
2001-05-09,14.7,6.5,22.4,26364,0.0,1.03,2.5
2001-05-10,17.3,6.8,23.6,26208,0.0,1.07,2.3
2001-05-11,14.2,10.2,20.3,26546,0.0,1.25,2.1
2001-05-12,13.8,5.2,20.0,26633,0.0,0.93,1.8
2001-05-13,17.1,6.1,23.7,23980,0.0,1.03,1.7
2001-05-14,18.2,8.4,25.6,24930,0.0,1.18,1.7
2001-05-15,17.8,11.7,22.8,14390,7.1,1.39,2.0
2001-05-16,18.2,11.3,23.3,20702,3.7,1.36,2.6
2001-05-17,14.9,12.3,18.4,14126,5.1,1.4,2.7
2001-05-18,13.5,10.1,18.1,14054,0.3,1.23,3.3
2001-05-19,11.8,7.0,17.0,26924,1.5,1.0,3.0
2001-05-20,12.2,5.4,17.4,27494,0.0,0.92,2.2
2001-05-21,11.8,6.6,16.5,20378,0.0,0.98,2.4
2001-05-22,13.5,6.9,19.2,27750,0.0,1.01,2.3
2001-05-23,16.1,5.7,22.7,27179,0.0,0.99,1.8
2001-05-24,18.2,6.6,24.7,27996,0.0,1.06,1.7
2001-05-25,15.5,7.1,21.2,27546,0.0,1.06,1.8
2001-05-26,17.5,5.3,23.5,24433,0.0,0.98,1.3
2001-05-27,19.5,9.1,24.0,22579,0.3,1.22,2.4
2001-05-28,16.3,15.3,19.4,10439,8.6,1.68,3.2
2001-05-29,17.7,14.8,22.4,22920,0.1,1.65,4.2
2001-05-30,13.6,11.3,18.9,21181,0.0,1.32,2.3
2001-05-31,13.8,6.7,18.1,14604,6.1,0.99,2.4
2001-06-01,12.2,10.4,17.3,17308,0.5,1.23,2.9
2001-06-02,12.6,10.6,15.7,10971,4.0,1.24,3.2
2001-06-03,8.9,7.7,14.6,17752,1.5,1.03,4.3
2001-06-04,11.2,7.7,14.9,12807,1.9,1.03,3.5
2001-06-05,12.4,10.5,15.9,10917,0.1,1.23,1.8
2001-06-06,15.2,10.2,20.8,15534,0.0,1.26,1.8
2001-06-07,16.2,8.7,21.4,17216,0.5,1.16,3.2
2001-06-08,11.4,10.5,15.0,11489,1.8,1.23,1.8
2001-06-09,12.3,7.5,18.4,23900,0.0,1.04,1.4
2001-06-10,11.8,8.8,19.3,11522,11.0,1.15,1.6
2001-06-11,12.3,8.8,16.1,20614,3.1,1.11,2.4
2001-06-12,9.6,7.9,14.7,14619,3.7,1.04,2.6
2001-06-13,13.3,3.4,18.7,27036,0.1,0.82,1.4
2001-06-14,16.2,8.5,21.9,18862,0.3,1.14,1.4
2001-06-15,17.8,8.6,23.8,21174,1.4,1.18,1.8
2001-06-16,18.8,15.6,23.2,17216,3.5,1.75,1.9
2001-06-17,17.5,12.4,24.5,21316,11.1,1.47,2.2
2001-06-18,15.6,11.3,18.5,13388,0.0,1.32,3.0
2001-06-19,15.3,11.9,20.7,20810,0.0,1.38,2.7
2001-06-20,16.4,8.9,22.2,28614,0.1,1.18,1.6
2001-06-21,14.8,9.4,20.9,15053,1.6,1.2,2.3
2001-06-22,12.6,10.6,16.9,17865,4.5,1.25,2.9
2001-06-23,15.7,10.4,20.4,14408,1.5,1.26,2.7
2001-06-24,16.5,12.2,21.4,22457,0.0,1.41,1.9
2001-06-25,17.4,9.3,22.8,27689,0.0,1.2,1.7
2001-06-26,19.2,9.3,25.6,27932,0.0,1.25,1.5
2001-06-27,21.3,11.0,27.4,23575,0.0,1.39,1.9
2001-06-28,20.2,13.5,24.3,16152,1.5,1.56,1.9
2001-06-29,20.4,14.2,25.8,26224,0.0,1.63,1.5
2001-06-30,22.4,12.0,27.9,23780,2.9,1.5,1.6
2001-07-01,18.8,14.1,23.5,16360,0.2,1.6,2.7
2001-07-02,15.7,10.0,19.9,16086,0.0,1.23,2.0
2001-07-03,17.3,8.1,24.6,24477,0.0,1.17,1.8
2001-07-04,20.8,11.8,27.0,27635,0.0,1.46,2.6
2001-07-05,23.4,16.4,30.6,29133,0.0,1.94,2.1
2001-07-06,24.2,16.4,31.3,28209,0.0,1.93,2.3
2001-07-07,24.5,17.1,30.9,22452,1.2,2.02,2.7
2001-07-08,19.9,18.3,23.2,11999,1.1,2.05,2.9
2001-07-09,18.1,16.8,20.4,10702,9.9,1.85,2.6
2001-07-10,19.1,14.6,24.5,15749,0.4,1.66,2.3
2001-07-11,18.8,13.2,24.6,17617,0.1,1.54,3.6
2001-07-12,17.6,11.6,23.8,24927,0.1,1.4,3.2
2001-07-13,18.8,13.4,24.0,17795,0.0,1.54,2.6
2001-07-14,20.1,13.1,27.0,14594,2.4,1.57,2.1
2001-07-15,20.3,15.6,24.9,15566,10.2,1.77,2.1
2001-07-16,14.8,13.8,15.9,10351,1.5,1.52,1.7
2001-07-17,15.2,12.9,18.0,10314,0.3,1.44,1.4
2001-07-18,18.0,10.7,24.3,22612,0.0,1.34,2.4
2001-07-19,20.0,14.5,26.1,23186,0.5,1.66,2.4
2001-07-20,18.9,12.3,25.0,17226,0.2,1.47,2.3
2001-07-21,19.7,13.1,24.4,17551,0.0,1.53,2.2
2001-07-22,20.2,11.1,27.0,23132,0.0,1.39,1.4
2001-07-23,22.5,13.4,29.7,26194,0.0,1.63,1.4
2001-07-24,21.7,14.2,27.4,23251,0.0,1.66,1.4
2001-07-25,22.3,14.4,29.2,23682,0.0,1.71,1.7
2001-07-26,22.5,14.7,29.7,26099,0.0,1.75,1.4
2001-07-27,21.2,12.3,28.8,28257,0.0,1.54,1.2
2001-07-28,22.9,12.3,31.2,27801,0.2,1.58,1.3
2001-07-29,21.5,14.2,28.4,18310,1.2,1.67,1.7
2001-07-30,23.5,13.5,30.7,25404,0.0,1.67,2.1
2001-07-31,20.1,16.4,24.9,12991,5.1,1.86,1.8
2001-08-01,16.5,13.5,22.4,20432,0.0,1.53,1.9
2001-08-02,19.3,8.7,24.9,23789,0.0,1.2,2.1
2001-08-03,22.9,14.4,32.0,14882,8.6,1.76,2.8
2001-08-04,18.2,15.3,24.6,12979,0.1,1.74,2.1
2001-08-05,17.7,13.2,24.8,17420,0.6,1.53,2.8
2001-08-06,18.1,11.3,22.9,18311,0.2,1.36,2.4
2001-08-07,18.6,15.7,23.3,15681,24.5,1.76,2.8
2001-08-08,19.2,13.0,25.2,17535,2.9,1.53,3.5
2001-08-09,17.9,13.7,23.3,18292,0.7,1.57,2.6
2001-08-10,17.5,13.0,23.0,16639,0.0,1.51,2.5
2001-08-11,14.6,10.2,19.8,20865,0.8,1.24,2.1
2001-08-12,18.7,10.9,24.5,12400,3.5,1.36,2.5
2001-08-13,17.4,15.2,18.5,8868,2.8,1.68,2.5
2001-08-14,21.2,16.9,27.3,13192,0.0,1.94,1.6
2001-08-15,26.5,16.3,34.1,22217,0.0,1.98,1.7
2001-08-16,26.0,20.3,35.2,22336,2.8,2.46,2.4
2001-08-17,19.3,16.8,23.2,12234,0.2,1.88,1.6
2001-08-18,17.9,13.5,19.7,8522,1.6,1.52,2.0
2001-08-19,22.1,17.4,28.5,12647,1.1,2.0,1.9
2001-08-20,22.5,13.8,29.0,21613,0.1,1.65,1.6
2001-08-21,19.8,18.0,22.3,8305,1.7,2.0,1.3
2001-08-22,21.7,17.2,27.8,19516,0.0,1.97,1.5
2001-08-23,21.2,16.2,27.9,20196,0.0,1.88,1.5
2001-08-24,24.0,14.5,30.8,18127,0.0,1.74,1.2
2001-08-25,23.8,17.4,31.1,17893,0.0,2.05,1.1
2001-08-26,23.6,15.5,32.3,19693,0.0,1.88,1.4
2001-08-27,16.7,14.2,24.6,12019,10.5,1.63,2.9
2001-08-28,16.3,11.7,19.3,17970,0.0,1.36,3.2
2001-08-29,15.7,12.2,20.6,13495,0.0,1.4,1.9
2001-08-30,16.0,8.4,23.2,15826,0.0,1.16,1.9
2001-08-31,17.1,11.7,22.3,11513,3.7,1.38,1.7
2001-09-01,17.7,14.5,21.7,8999,0.2,1.61,2.3
2001-09-02,15.7,10.2,19.8,12948,1.2,1.24,2.5
2001-09-03,18.1,13.8,20.6,7521,2.1,1.54,2.2
2001-09-04,14.1,11.2,19.7,9813,6.4,1.32,2.3
2001-09-05,14.7,11.4,18.1,8430,0.8,1.32,2.4
2001-09-06,14.3,10.3,19.4,10793,0.1,1.24,2.1
2001-09-07,13.3,11.6,16.8,11324,4.0,1.33,2.9
2001-09-08,13.0,10.4,17.7,13847,1.1,1.23,4.9
2001-09-09,11.1,8.7,12.2,6923,19.9,1.08,5.2
2001-09-10,13.6,11.0,16.0,8087,3.2,1.27,4.9
2001-09-11,11.1,10.4,14.0,6655,3.6,1.22,3.6
2001-09-12,12.6,10.2,17.8,10468,3.8,1.23,2.8
2001-09-13,12.7,9.3,15.1,6491,10.2,1.14,3.1
2001-09-14,12.3,9.0,15.4,7217,2.6,1.13,2.1
2001-09-15,12.9,8.5,18.3,13650,1.4,1.11,2.8
2001-09-16,11.5,9.5,15.0,8036,0.4,1.16,1.9
2001-09-17,10.6,8.1,16.7,13179,0.0,1.07,1.6
2001-09-18,11.0,6.8,12.1,6079,24.7,0.96,1.8
2001-09-19,12.6,7.1,17.7,14074,0.8,1.02,3.1
2001-09-20,12.6,8.8,16.4,6591,1.9,1.11,3.2
2001-09-21,12.5,11.4,17.4,7652,0.9,1.32,2.4
2001-09-22,12.5,10.4,17.0,8695,0.9,1.23,1.7
2001-09-23,12.0,6.8,17.9,12734,0.0,1.0,1.7
2001-09-24,11.9,8.3,15.0,5587,3.4,1.08,2.1
2001-09-25,11.8,11.0,12.8,5506,0.3,1.27,1.4
2001-09-26,10.7,8.8,14.5,8087,0.0,1.1,1.3
2001-09-27,11.5,6.0,15.1,7346,10.8,0.93,1.8
2001-09-28,11.8,10.1,16.1,8329,0.2,1.21,1.4
2001-09-29,13.7,10.1,19.2,8221,0.0,1.23,1.7
2001-09-30,13.4,8.6,15.6,5104,3.4,1.1,2.0
2001-10-01,14.9,12.7,17.0,5025,4.5,1.43,3.3
2001-10-02,18.9,13.6,22.1,5293,1.0,1.54,3.1
2001-10-03,14.3,12.2,21.7,5813,14.7,1.43,2.4
2001-10-04,13.4,10.9,18.4,8962,0.2,1.28,2.6
2001-10-05,12.6,7.8,17.4,7831,0.0,1.05,1.6
2001-10-06,13.0,5.7,18.9,11145,0.0,0.95,1.8
2001-10-07,15.6,10.2,20.1,6624,0.8,1.24,2.0
2001-10-08,15.4,10.8,22.2,11432,0.3,1.31,2.8
2001-10-09,14.2,10.6,19.1,10718,0.0,1.27,2.9
2001-10-10,14.2,10.2,18.6,11458,0.7,1.24,2.9
2001-10-11,13.7,11.8,14.5,4259,1.5,1.34,2.3
2001-10-12,14.1,10.8,20.3,7946,0.0,1.29,1.7
2001-10-13,13.9,6.5,21.2,10700,0.0,1.01,1.4
2001-10-14,14.9,9.3,21.8,8947,0.0,1.19,1.4
2001-10-15,15.4,10.8,20.8,6775,0.0,1.29,1.3
2001-10-16,12.3,10.5,16.3,3900,0.0,1.23,1.4
2001-10-17,13.7,10.4,17.1,5979,0.0,1.24,1.8
2001-10-18,13.1,12.3,14.6,3835,0.0,1.38,2.1
2001-10-19,12.8,11.2,16.0,6156,0.0,1.29,1.9
2001-10-20,11.9,7.4,14.8,7850,0.0,1.02,2.5
2001-10-21,10.7,6.7,12.7,3632,2.3,0.96,2.2
2001-10-22,11.2,9.8,13.0,3496,0.7,1.17,2.0
2001-10-23,8.9,5.7,11.9,4329,0.0,0.9,1.9
2001-10-24,7.3,3.4,9.5,5075,0.0,0.76,2.3
2001-10-25,9.5,5.9,11.3,3306,1.0,0.91,1.8
2001-10-26,10.7,7.5,16.3,7176,0.2,1.03,2.1
2001-10-27,11.5,7.3,13.9,3710,1.9,1.01,2.6
2001-10-28,11.1,8.8,14.0,5205,0.0,1.11,2.4
2001-10-29,10.1,8.6,11.0,3065,2.2,1.08,3.1
2001-10-30,14.9,10.0,17.5,4277,0.0,1.21,4.0
2001-10-31,13.2,9.4,19.0,4644,0.2,1.18,4.2
2001-11-01,7.6,5.6,10.5,5496,0.7,0.88,3.8
2001-11-02,8.9,2.8,11.3,3575,0.0,0.74,2.0
2001-11-03,10.2,8.1,11.0,2788,0.0,1.04,2.1
2001-11-04,9.9,8.7,11.9,3332,0.2,1.08,2.3
2001-11-05,6.1,3.8,9.8,7341,0.2,0.79,2.8
2001-11-06,7.2,3.4,8.9,2634,0.7,0.76,4.1
2001-11-07,6.9,5.5,9.6,2642,2.6,0.87,3.6
2001-11-08,4.9,2.9,7.9,2537,2.7,0.73,4.0
2001-11-09,1.5,0.1,4.3,4286,0.2,0.59,2.8
2001-11-10,0.4,-2.9,5.5,6270,0.0,0.49,2.4
2001-11-11,3.3,-0.7,5.1,2400,0.0,0.57,2.5
2001-11-12,7.1,3.9,8.9,2356,0.7,0.79,2.1
2001-11-13,0.3,-2.4,8.8,6379,0.0,0.53,1.9
2001-11-14,-1.6,-5.7,5.1,4651,0.0,0.41,1.6
2001-11-15,1.5,-5.0,4.5,2232,0.1,0.42,2.5
2001-11-16,3.9,0.2,9.0,5395,0.0,0.62,1.7
2001-11-17,5.5,-1.5,7.2,2155,0.1,0.55,1.7
2001-11-18,6.7,5.5,7.5,2119,0.1,0.87,1.5
2001-11-19,4.1,1.0,8.5,2183,0.3,0.64,1.7
2001-11-20,2.4,-2.4,7.2,5258,0.2,0.51,1.6
2001-11-21,7.2,0.8,8.6,2504,1.9,0.64,3.5
2001-11-22,4.1,1.8,8.2,1983,3.2,0.68,4.8
2001-11-23,2.1,-0.1,3.6,2526,0.0,0.59,3.3
2001-11-24,0.6,-1.4,4.1,1922,0.0,0.53,2.3
2001-11-25,0.2,-3.7,3.8,2878,0.0,0.46,1.7
2001-11-26,0.9,-1.5,1.3,1866,5.4,0.52,1.9
2001-11-27,1.7,0.5,2.5,1840,0.4,0.61,1.7
2001-11-28,3.7,0.3,5.6,1814,1.1,0.61,2.8
2001-11-29,3.9,2.8,4.9,1790,2.3,0.72,2.7
2001-11-30,2.1,1.0,4.3,1857,0.0,0.63,2.8
2001-12-01,-0.1,-0.6,1.6,2412,0.0,0.56,3.0
2001-12-02,-0.3,-0.9,0.5,1724,0.0,0.55,1.8
2001-12-03,-0.3,-1.2,0.1,1705,0.0,0.53,2.1
2001-12-04,0.9,-0.8,1.8,1686,4.5,0.55,3.2
2001-12-05,5.6,1.6,7.7,1669,4.5,0.67,3.0
2001-12-06,4.5,3.8,5.1,1653,1.0,0.77,3.5
2001-12-07,3.0,1.4,4.9,1637,0.0,0.66,1.5
2001-12-08,-0.6,-2.0,1.8,1666,0.0,0.51,1.9
2001-12-09,-1.5,-4.0,-0.1,2326,0.1,0.44,1.7
2001-12-10,0.6,-1.6,1.5,1598,1.0,0.52,1.5
2001-12-11,4.2,1.3,4.7,1588,1.6,0.65,1.4
2001-12-12,3.1,1.8,5.4,1578,0.1,0.67,2.2
2001-12-13,-8.2,-10.2,2.0,3557,0.0,0.29,3.5
2001-12-14,-6.6,-12.1,-3.9,2429,0.9,0.24,2.2
2001-12-15,0.4,-4.7,1.9,1555,0.0,0.42,1.9
2001-12-16,0.8,-1.1,1.7,1550,0.6,0.54,2.3
2001-12-17,1.0,0.2,1.4,1546,0.4,0.6,1.7
2001-12-18,0.6,-0.3,1.9,1543,0.6,0.57,1.9
2001-12-19,2.6,-0.1,4.6,1541,0.7,0.59,3.6
2001-12-20,-3.6,-5.4,2.4,3462,0.7,0.4,3.1
2001-12-21,-0.3,-5.4,0.7,1540,2.8,0.4,5.1
2001-12-22,-2.9,-4.8,0.9,2073,0.4,0.42,2.8
2001-12-23,-5.6,-9.4,-3.4,3182,2.9,0.29,3.1
2001-12-24,-2.7,-6.9,-1.4,1547,3.3,0.35,4.7
2001-12-25,1.9,-1.6,3.4,1551,0.8,0.53,5.4
2001-12-26,1.4,0.5,2.5,1557,0.2,0.61,3.5
2001-12-27,0.3,-1.0,1.8,1564,4.1,0.54,4.3
2001-12-28,2.9,-0.8,4.1,1572,4.2,0.56,5.4
2001-12-29,-0.5,-2.4,3.9,2080,0.1,0.5,3.4
2001-12-30,-2.3,-4.5,0.3,2970,1.2,0.42,3.1
2001-12-31,-5.1,-6.9,-3.2,3030,4.2,0.35,2.4
2002-01-01,0.9,-8.1,2.6,1614,3.2,0.34,3.5
2002-01-02,-1.2,-3.1,2.9,2476,0.4,0.48,3.1
2002-01-03,-8.4,-10.4,-3.1,3350,0.0,0.27,2.4
2002-01-04,-9.0,-14.6,-4.4,3806,0.0,0.2,1.7
2002-01-05,-7.0,-11.9,-2.1,3967,0.0,0.25,1.5
2002-01-06,0.9,-8.0,2.4,1692,1.8,0.34,2.1
2002-01-07,1.2,0.9,2.6,1711,0.1,0.62,1.5
2002-01-08,0.1,-0.5,1.0,1731,0.2,0.57,1.3
2002-01-09,-1.1,-1.3,0.2,1752,0.2,0.53,1.3
2002-01-10,-1.2,-1.6,-0.5,1774,0.2,0.52,1.4
2002-01-11,-3.7,-4.0,-1.2,1843,1.2,0.44,1.8
2002-01-12,0.6,-4.3,1.0,1822,0.2,0.43,1.6
2002-01-13,-1.0,-1.9,0.7,1848,0.0,0.51,1.7
2002-01-14,-4.2,-6.5,-1.1,4161,0.0,0.37,2.1
2002-01-15,-5.2,-8.5,-1.8,4683,0.0,0.32,2.4
2002-01-16,-3.7,-8.6,-1.4,3979,0.2,0.31,1.7
2002-01-17,-0.3,-2.4,1.7,3165,0.0,0.49,2.2
2002-01-18,0.4,-3.6,2.6,1994,0.5,0.46,2.5
2002-01-19,2.7,0.2,3.8,3255,0.1,0.6,3.4
2002-01-20,4.8,2.9,6.0,2806,6.1,0.73,4.5
2002-01-21,8.5,5.0,10.0,2096,2.0,0.85,4.4
2002-01-22,7.9,4.9,9.9,4062,0.1,0.84,3.8
2002-01-23,7.2,5.8,9.0,2940,0.1,0.89,3.8
2002-01-24,9.7,5.9,12.1,3663,0.1,0.91,4.9
2002-01-25,2.6,0.9,11.0,5140,2.4,0.66,3.9
2002-01-26,8.4,1.1,11.6,3033,7.3,0.67,5.7
2002-01-27,8.9,6.5,11.7,3246,3.7,0.94,5.4
2002-01-28,10.5,6.4,14.6,3300,4.4,0.96,6.2
2002-01-29,9.7,8.4,12.1,3907,0.0,1.07,4.8
2002-01-30,11.0,6.5,12.5,5424,0.0,0.94,3.0
2002-01-31,7.8,6.2,12.4,3471,1.5,0.93,4.0
2002-02-01,8.1,2.9,11.4,3358,0.1,0.75,3.9
2002-02-02,11.1,7.6,16.5,6606,0.0,1.04,3.4
2002-02-03,9.1,3.2,15.1,7116,0.0,0.78,2.6
2002-02-04,7.8,3.3,11.9,5619,0.0,0.77,4.3
2002-02-05,11.2,3.7,13.9,2999,1.4,0.8,4.0
2002-02-06,8.0,5.9,11.9,4152,0.0,0.91,2.7
2002-02-07,5.9,1.6,8.6,2928,1.2,0.68,3.0
2002-02-08,7.4,5.1,10.6,4171,1.6,0.85,4.2
2002-02-09,11.0,7.0,12.4,3231,3.8,0.98,4.8
2002-02-10,6.3,5.2,11.9,3996,5.2,0.87,4.7
2002-02-11,9.2,5.6,10.2,3094,11.1,0.88,5.7
2002-02-12,10.0,8.0,13.0,6567,1.5,1.04,6.2
2002-02-13,3.9,1.6,9.7,7068,0.0,0.68,2.7
2002-02-14,-0.3,-2.6,4.1,9061,0.0,0.5,3.2
2002-02-15,-0.9,-5.5,5.8,8309,0.0,0.42,2.5
2002-02-16,-0.4,-5.9,6.0,8365,0.0,0.41,1.9
2002-02-17,3.3,-3.5,8.8,9257,0.0,0.49,1.3
2002-02-18,3.0,-0.4,5.6,5579,0.2,0.58,2.9
2002-02-19,3.0,2.0,5.3,3955,6.4,0.68,5.2
2002-02-20,3.9,0.1,8.5,5328,4.7,0.61,5.2
2002-02-21,-1.4,-3.6,3.6,4903,0.6,0.46,3.9
2002-02-22,1.3,-4.3,3.2,3802,6.2,0.44,5.4
2002-02-23,2.2,1.2,4.6,5818,2.6,0.64,5.7
2002-02-24,1.4,0.5,4.5,6290,1.7,0.61,4.3
2002-02-25,1.1,0.1,3.2,6465,7.8,0.6,3.2
2002-02-26,9.2,0.3,11.0,4783,7.6,0.63,6.3
2002-02-27,5.3,2.4,9.8,7606,3.4,0.72,5.1
2002-02-28,5.4,2.9,8.6,8034,0.3,0.73,4.5
2002-03-01,2.7,1.1,6.7,5188,1.1,0.64,2.9
2002-03-02,1.1,-1.9,5.2,11181,0.1,0.52,2.4
2002-03-03,3.7,-0.1,5.3,11903,0.0,0.59,2.8
2002-03-04,6.8,4.0,8.2,4534,0.0,0.79,2.4
2002-03-05,7.7,5.1,9.9,4611,0.0,0.85,1.7
2002-03-06,8.6,6.0,10.3,6461,5.0,0.91,4.1
2002-03-07,7.5,3.9,9.9,8348,6.5,0.79,6.3
2002-03-08,6.7,4.0,10.3,9324,0.0,0.8,2.9
2002-03-09,7.8,3.8,10.7,5359,1.5,0.78,3.3
2002-03-10,5.9,3.1,9.1,10274,0.0,0.75,4.0
2002-03-11,7.1,2.4,16.2,13776,0.0,0.76,2.6
2002-03-12,8.5,2.0,13.4,6866,0.0,0.72,1.3
2002-03-13,6.3,4.4,12.2,7957,5.2,0.82,2.0
2002-03-14,1.8,0.6,4.9,5326,0.7,0.62,3.4
2002-03-15,1.3,-0.1,1.7,5408,2.1,0.58,3.3
2002-03-16,2.8,0.7,3.7,5490,0.1,0.62,2.2
2002-03-17,8.7,2.8,14.6,12131,0.0,0.76,2.0
2002-03-18,11.4,2.8,18.6,14633,3.2,0.79,2.8
2002-03-19,9.1,7.5,12.3,6881,0.8,1.01,4.6
2002-03-20,6.0,4.8,9.2,5820,4.5,0.83,3.6
2002-03-21,5.3,2.4,8.9,6678,2.3,0.71,3.5
2002-03-22,2.9,0.5,7.3,8233,2.0,0.62,3.8
2002-03-23,3.2,0.5,5.8,8334,1.2,0.61,3.0
2002-03-24,2.1,1.3,3.7,6648,0.1,0.65,2.5
2002-03-25,1.9,0.2,3.7,6235,0.0,0.59,1.7
2002-03-26,2.4,0.3,3.9,6319,0.0,0.6,1.3
2002-03-27,2.1,-0.5,7.0,13306,0.0,0.58,1.6
2002-03-28,3.7,-4.1,11.3,16609,0.0,0.48,1.8
2002-03-29,6.0,-2.3,15.2,16971,0.0,0.57,1.9
2002-03-30,9.1,-1.2,18.9,15986,0.0,0.64,1.3
2002-03-31,7.5,2.4,14.3,9032,0.0,0.74,1.4
2002-04-01,7.7,-0.4,16.3,17960,0.0,0.65,1.3
2002-04-02,10.7,1.6,17.8,18539,0.0,0.74,2.4
2002-04-03,8.0,4.5,14.2,18909,0.0,0.85,4.1
2002-04-04,6.1,-0.3,12.9,19173,0.0,0.63,3.4
2002-04-05,4.0,-1.8,8.7,18467,0.0,0.54,3.7
2002-04-06,2.2,-3.4,5.7,8529,0.0,0.47,2.7
2002-04-07,2.2,-3.7,7.8,18110,0.0,0.48,1.9
2002-04-08,4.6,-4.3,10.6,19021,0.0,0.47,2.1
2002-04-09,5.8,-2.1,10.9,14311,0.0,0.55,2.4
2002-04-10,7.8,3.0,11.2,10656,0.0,0.75,3.6
2002-04-11,8.4,4.7,11.3,7740,0.0,0.83,2.7
2002-04-12,12.0,6.9,16.9,9165,0.5,0.99,2.3
2002-04-13,10.4,9.0,12.1,7786,0.5,1.11,2.3
2002-04-14,11.6,7.9,15.4,8317,22.8,1.06,2.2
2002-04-15,7.8,7.1,11.8,7942,11.6,0.98,2.4
2002-04-16,7.1,6.0,8.4,8018,2.9,0.9,1.9
2002-04-17,9.4,4.0,14.1,12115,0.5,0.82,1.4
2002-04-18,9.2,3.5,14.3,15324,0.0,0.8,1.4
2002-04-19,10.8,4.4,17.2,14503,5.9,0.87,1.6
2002-04-20,9.9,5.0,14.3,10298,0.0,0.88,1.5
2002-04-21,8.8,4.6,14.4,9795,0.0,0.85,1.5
2002-04-22,10.6,3.6,17.7,22074,0.0,0.83,1.3
2002-04-23,12.9,4.1,17.5,13013,4.7,0.85,2.3
2002-04-24,11.9,9.7,14.3,10146,0.0,1.16,1.7
2002-04-25,12.2,8.7,15.9,9510,0.0,1.1,1.5
2002-04-26,13.1,8.2,19.3,15536,4.4,1.1,2.7
2002-04-27,7.8,6.6,11.7,18973,1.6,0.95,4.3
2002-04-28,9.0,2.0,12.5,12602,3.1,0.71,3.4
2002-04-29,10.2,6.9,15.7,14485,1.5,0.99,4.4
2002-04-30,10.8,6.8,15.9,16619,0.1,0.98,3.4
2002-05-01,16.0,8.3,21.4,15255,3.5,1.13,3.0
2002-05-02,14.0,10.3,19.8,15337,0.0,1.25,1.7
2002-05-03,13.8,9.4,18.9,16756,4.6,1.18,2.2
2002-05-04,11.2,9.9,14.3,9276,0.1,1.18,2.6
2002-05-05,13.5,9.3,15.6,9460,1.7,1.15,2.0
2002-05-06,11.4,8.3,16.4,11360,0.4,1.08,1.8
2002-05-07,10.2,8.7,11.9,9457,0.0,1.08,2.0
2002-05-08,18.3,9.7,25.5,22081,0.0,1.27,2.6
2002-05-09,20.7,12.4,26.5,24759,0.0,1.5,2.7
2002-05-10,20.7,10.0,27.1,25837,0.0,1.32,2.5
2002-05-11,16.2,11.2,24.3,18735,1.0,1.38,1.8
2002-05-12,17.4,13.2,22.2,21291,0.0,1.51,1.8
2002-05-13,15.5,12.9,20.8,17383,0.0,1.46,1.6
2002-05-14,15.2,11.1,23.1,19070,1.2,1.35,3.4
2002-05-15,15.0,8.9,18.6,16638,0.0,1.13,2.5
2002-05-16,17.6,10.8,24.4,22579,0.0,1.35,2.0
2002-05-17,14.8,9.9,20.9,25779,0.0,1.24,1.8
2002-05-18,15.0,4.4,21.0,27481,0.1,0.9,2.1
2002-05-19,13.6,10.8,15.8,10084,9.7,1.25,1.7
2002-05-20,14.0,12.4,18.7,19818,0.0,1.4,1.6
2002-05-21,17.5,8.3,23.4,26048,0.0,1.15,2.5
2002-05-22,20.6,11.8,26.4,25984,0.0,1.45,2.5
2002-05-23,20.5,12.4,27.1,20864,16.8,1.51,1.9
2002-05-24,14.3,12.8,19.4,11432,0.1,1.46,2.5
2002-05-25,16.4,12.6,21.5,13876,5.0,1.45,2.3
2002-05-26,12.6,11.3,14.8,10369,5.2,1.3,1.9
2002-05-27,15.8,9.8,20.8,18901,0.0,1.23,1.6
2002-05-28,17.0,13.6,19.9,12723,0.0,1.51,1.8
2002-05-29,17.3,14.4,22.4,20253,0.0,1.61,2.4
2002-05-30,14.8,10.8,20.2,25885,0.0,1.3,1.8
2002-05-31,14.4,10.3,21.2,19184,1.7,1.26,2.2
2002-06-01,13.1,7.1,18.8,26729,0.0,1.03,1.9
2002-06-02,16.5,6.3,21.8,27530,0.0,1.02,1.9
2002-06-03,17.9,8.9,23.2,25399,0.0,1.2,2.3
2002-06-04,20.7,12.2,26.2,23391,0.0,1.47,1.8
2002-06-05,23.0,14.2,27.5,25589,0.0,1.67,3.5
2002-06-06,18.1,15.7,23.3,17831,3.8,1.76,2.8
2002-06-07,14.8,13.3,17.1,10704,2.4,1.48,2.9
2002-06-08,14.3,12.8,16.7,10850,1.4,1.44,1.7
2002-06-09,16.0,9.6,20.0,13295,0.4,1.2,1.2
2002-06-10,16.5,12.2,21.3,12800,14.4,1.4,2.4
2002-06-11,15.5,11.3,20.4,22531,0.0,1.33,2.5
2002-06-12,16.8,10.8,21.3,14747,4.2,1.3,2.2
2002-06-13,14.1,12.6,17.7,11306,2.2,1.41,3.2
2002-06-14,15.0,11.8,19.3,18990,0.0,1.36,2.2
2002-06-15,20.3,11.3,26.3,17464,0.4,1.4,2.5
2002-06-16,18.5,14.6,23.1,19135,0.0,1.64,1.9
2002-06-17,22.3,15.4,28.1,24770,0.0,1.78,1.5
2002-06-18,25.9,15.3,33.0,28100,0.0,1.86,2.3
2002-06-19,22.7,20.0,26.9,24136,1.7,2.29,1.9
2002-06-20,22.4,14.7,28.9,16206,1.3,1.72,2.4
2002-06-21,19.3,16.4,23.9,17356,0.0,1.84,1.6
2002-06-22,20.6,13.3,26.4,23109,0.0,1.57,1.7
2002-06-23,17.9,14.8,23.9,20674,0.0,1.67,2.6
2002-06-24,16.3,9.5,20.9,22201,0.0,1.21,2.4
2002-06-25,17.3,9.2,21.8,23087,0.0,1.19,2.0
2002-06-26,18.5,11.2,25.0,25760,0.0,1.37,1.8
2002-06-27,17.1,12.1,23.3,22169,3.2,1.43,2.9
2002-06-28,14.3,10.7,19.0,22283,1.2,1.27,3.8
2002-06-29,13.8,11.7,18.4,18436,0.3,1.34,3.3
2002-06-30,15.9,8.8,20.0,12039,1.3,1.15,2.8
2002-07-01,16.7,14.2,20.0,10747,1.6,1.58,3.1
2002-07-02,15.3,12.2,20.1,11496,2.8,1.4,3.2
2002-07-03,19.1,11.7,26.0,19252,3.6,1.42,3.0
2002-07-04,16.3,13.2,19.5,11840,0.4,1.48,3.7
2002-07-05,17.9,9.9,23.6,23786,0.0,1.26,1.9
2002-07-06,20.5,11.3,27.6,20447,3.9,1.43,1.6
2002-07-07,18.7,14.3,23.4,18001,0.0,1.62,1.7
2002-07-08,22.5,11.4,28.6,26993,0.0,1.45,1.9
2002-07-09,27.0,16.3,33.5,27971,0.0,1.97,1.9
2002-07-10,24.1,18.3,34.8,26153,2.5,2.22,2.2
2002-07-11,17.7,14.3,24.0,21167,0.0,1.64,2.1
2002-07-12,20.5,10.9,26.1,24294,0.0,1.38,1.4
2002-07-13,23.5,12.9,28.2,19440,8.1,1.57,2.1
2002-07-14,17.9,15.8,24.3,10422,22.1,1.79,2.0
2002-07-15,20.1,16.0,25.6,17966,0.0,1.81,2.4
2002-07-16,22.8,16.3,28.8,19436,1.9,1.89,2.4
2002-07-17,20.8,19.5,24.1,13591,7.1,2.21,2.8
2002-07-18,18.4,16.5,22.4,13045,0.0,1.83,3.5
2002-07-19,15.7,15.0,17.4,10236,0.1,1.64,2.4
2002-07-20,15.7,14.3,18.7,13459,1.0,1.57,1.6
2002-07-21,18.1,9.8,27.9,23319,0.3,1.32,2.4
2002-07-22,14.4,13.2,17.4,11862,2.4,1.47,3.6
2002-07-23,17.1,12.1,21.2,12940,2.0,1.39,2.8
2002-07-24,16.3,14.6,21.8,13763,1.0,1.62,3.2
2002-07-25,15.3,12.5,18.7,13959,2.9,1.42,2.6
2002-07-26,16.0,12.7,18.9,10047,0.2,1.44,2.1
2002-07-27,19.5,15.1,25.4,19562,0.0,1.71,1.3
2002-07-28,23.3,13.7,29.4,25693,0.0,1.64,1.8
2002-07-29,25.1,15.9,32.1,25240,0.0,1.91,1.5
2002-07-30,24.7,18.0,31.9,23181,2.4,2.14,1.8
2002-07-31,25.3,18.5,31.5,22729,0.0,2.19,1.8
2002-08-01,24.3,18.7,32.4,20432,0.7,2.21,2.0
2002-08-02,19.3,18.9,21.4,9675,3.6,2.11,1.9
2002-08-03,20.1,14.9,26.4,25168,0.0,1.72,1.4
2002-08-04,20.7,13.6,26.6,15178,19.6,1.59,1.5
2002-08-05,18.5,17.8,20.4,9377,9.5,1.97,1.5
2002-08-06,19.0,16.1,24.8,21472,0.0,1.81,1.3
2002-08-07,20.1,15.4,25.6,13135,2.1,1.76,1.6
2002-08-08,20.1,16.0,26.3,15480,0.0,1.83,1.2
2002-08-09,20.3,15.0,26.3,18775,1.0,1.72,1.4
2002-08-10,20.0,15.7,24.6,15797,0.0,1.78,1.6
2002-08-11,21.7,16.0,28.9,19547,2.9,1.86,1.7
2002-08-12,19.3,18.6,21.6,8935,47.6,2.08,3.5
2002-08-13,17.5,15.8,19.6,8868,30.3,1.73,3.5
2002-08-14,18.9,15.5,22.6,14023,0.0,1.73,1.9
2002-08-15,20.5,15.2,25.7,20798,0.0,1.74,1.3
2002-08-16,21.2,15.0,26.3,14792,0.1,1.72,1.3
2002-08-17,21.8,17.3,26.3,12469,0.9,1.97,1.4
2002-08-18,21.5,16.8,28.0,21627,0.0,1.94,2.0
2002-08-19,22.7,14.9,29.5,21388,0.0,1.77,1.8
2002-08-20,21.1,14.0,27.1,21729,0.0,1.63,2.0
2002-08-21,22.7,13.0,28.9,20908,0.0,1.59,1.8
2002-08-22,19.9,14.0,28.2,20782,0.0,1.65,1.3
2002-08-23,20.1,12.8,28.8,20654,0.0,1.58,1.3
2002-08-24,21.4,13.4,28.7,19725,0.0,1.61,1.5
2002-08-25,21.9,14.8,28.6,18006,0.2,1.74,1.5
2002-08-26,22.5,16.3,29.6,17771,0.0,1.89,1.8
2002-08-27,22.1,14.9,29.3,19223,2.6,1.76,1.9
2002-08-28,21.5,17.0,28.9,14946,0.1,1.95,1.6
2002-08-29,21.9,15.8,28.1,17507,0.1,1.82,1.2
2002-08-30,20.1,16.8,27.3,17711,0.0,1.91,1.3
2002-08-31,21.9,15.3,29.0,16587,0.0,1.78,2.2
2002-09-01,17.2,14.7,21.8,16679,0.0,1.65,2.5
2002-09-02,17.2,8.6,22.8,18076,0.0,1.17,1.9
2002-09-03,19.1,9.8,24.4,17502,0.0,1.26,2.4
2002-09-04,20.9,15.3,28.5,17794,0.0,1.77,1.8
2002-09-05,20.2,13.3,24.4,10575,0.2,1.54,1.3
2002-09-06,16.2,12.2,24.5,16655,0.0,1.46,1.7
2002-09-07,19.0,11.0,25.4,13972,0.0,1.37,1.7
2002-09-08,18.9,10.8,26.4,16373,0.0,1.37,1.7
2002-09-09,19.6,12.7,26.9,16963,0.0,1.53,2.4
2002-09-10,19.4,14.8,27.0,15983,0.0,1.71,2.1
2002-09-11,18.2,14.4,23.6,15427,0.0,1.64,1.9
2002-09-12,13.7,8.7,21.4,16515,0.0,1.16,2.4
2002-09-13,15.1,5.7,22.3,16160,0.0,0.99,1.7
2002-09-14,13.8,8.3,22.2,10855,8.1,1.13,2.4
2002-09-15,13.3,9.7,18.3,14152,1.6,1.19,2.3
2002-09-16,13.3,6.5,17.3,11124,2.3,0.97,1.7
2002-09-17,14.8,12.0,18.7,9324,0.3,1.37,2.0
2002-09-18,14.5,11.7,18.8,9806,0.0,1.35,2.1
2002-09-19,12.9,9.8,19.0,10376,0.0,1.21,1.2
2002-09-20,14.4,9.8,17.5,6011,0.0,1.19,1.7
2002-09-21,12.7,10.2,16.9,9664,3.6,1.22,1.6
2002-09-22,12.0,10.2,13.6,5751,24.1,1.2,1.9
2002-09-23,7.8,5.8,11.9,5669,13.3,0.9,3.2
2002-09-24,8.0,2.7,14.3,14367,0.9,0.76,2.9
2002-09-25,8.9,0.9,15.8,12358,0.1,0.7,1.9
2002-09-26,12.3,5.7,15.1,5792,1.6,0.92,2.3
2002-09-27,9.6,7.7,14.0,8437,1.0,1.03,2.0
2002-09-28,10.5,1.5,14.9,11304,0.0,0.71,1.4
2002-09-29,13.2,9.4,17.4,6256,0.0,1.17,1.4
2002-09-30,12.7,9.4,19.3,10768,0.0,1.18,1.3
2002-10-01,11.9,6.2,19.2,9496,0.0,0.98,1.0
2002-10-02,10.5,4.7,19.7,12240,0.0,0.9,1.1
2002-10-03,13.6,6.4,20.0,9941,0.3,1.01,1.7
2002-10-04,13.1,10.6,17.0,9473,0.5,1.25,2.8
2002-10-05,11.8,9.3,16.3,10023,10.7,1.15,2.9
2002-10-06,8.6,5.7,12.3,4635,3.6,0.89,3.4
2002-10-07,6.1,3.3,10.2,9763,0.3,0.76,1.7
2002-10-08,8.3,1.7,9.9,4646,2.5,0.69,2.0
2002-10-09,7.1,5.2,10.7,7239,0.0,0.86,2.8
2002-10-10,4.3,0.2,10.3,11217,0.0,0.63,3.4
2002-10-11,4.3,-0.5,9.5,10674,0.0,0.6,3.2
2002-10-12,4.3,0.5,7.2,7868,0.4,0.62,2.9
2002-10-13,1.5,0.4,4.6,4113,6.0,0.61,2.3
2002-10-14,6.5,1.5,9.1,4042,5.8,0.67,2.6
2002-10-15,8.9,6.1,9.6,3971,0.6,0.91,1.9
2002-10-16,13.7,8.0,17.5,5099,1.8,1.08,2.4
2002-10-17,11.3,9.0,15.7,4572,0.8,1.13,3.5
2002-10-18,7.1,4.7,9.6,3835,2.6,0.83,3.0
2002-10-19,5.3,2.3,9.6,6663,1.9,0.71,2.7
2002-10-20,4.9,1.6,9.0,6919,0.0,0.68,1.9
2002-10-21,5.7,0.4,9.0,3561,2.5,0.62,2.5
2002-10-22,11.0,6.3,11.9,3496,6.2,0.93,2.6
2002-10-23,11.3,7.2,18.0,4744,3.2,1.03,4.3
2002-10-24,4.3,2.3,11.5,8010,0.9,0.72,3.1
2002-10-25,8.3,0.5,12.6,6341,7.1,0.65,3.7
2002-10-26,10.5,8.6,12.8,4577,4.5,1.08,5.5
2002-10-27,9.5,6.8,12.9,3183,7.7,0.97,6.1
2002-10-28,7.8,6.2,11.4,5335,2.0,0.92,5.4
2002-10-29,8.0,5.5,11.4,6278,0.6,0.88,2.1
2002-10-30,6.5,5.2,8.8,3008,0.8,0.86,1.5
2002-10-31,6.1,3.4,9.1,3202,0.0,0.76,1.2
2002-11-01,7.4,2.8,11.3,4134,7.8,0.74,1.7
2002-11-02,4.2,1.1,8.3,4248,0.1,0.65,2.9
2002-11-03,2.0,-1.1,5.2,4721,0.0,0.55,3.4
2002-11-04,0.8,-0.4,4.3,3272,0.0,0.58,2.4
2002-11-05,-2.1,-3.9,2.5,7223,0.0,0.45,1.7
2002-11-06,-1.8,-6.6,2.8,6651,0.0,0.38,2.4
2002-11-07,-0.7,-5.2,3.2,6151,0.1,0.41,2.2
2002-11-08,4.6,-1.3,7.9,2537,6.3,0.56,3.4
2002-11-09,2.8,0.7,4.7,2490,5.8,0.62,4.2
2002-11-10,2.8,1.0,5.1,2611,0.0,0.64,1.9
2002-11-11,2.5,-0.4,3.0,2400,1.1,0.57,2.7
2002-11-12,6.2,2.2,8.7,2356,0.1,0.7,2.6
2002-11-13,9.7,6.3,12.5,4453,0.3,0.94,2.8
2002-11-14,6.8,3.0,10.2,3700,0.0,0.74,2.3
2002-11-15,6.2,4.2,9.2,2285,0.7,0.81,1.2
2002-11-16,7.6,4.3,8.7,2193,0.8,0.8,2.0
2002-11-17,9.2,7.5,11.3,2155,0.8,1.0,2.9
2002-11-18,4.4,1.8,11.1,4693,0.3,0.7,1.4
2002-11-19,4.6,1.3,6.7,2083,3.5,0.65,2.2
2002-11-20,-1.3,-3.2,3.7,4221,0.0,0.47,1.8
2002-11-21,0.2,-4.6,2.8,3872,0.0,0.43,2.6
2002-11-22,3.5,0.7,4.1,1983,4.2,0.62,2.1
2002-11-23,4.8,3.4,5.5,1952,9.1,0.75,1.6
2002-11-24,5.9,2.9,8.3,3580,0.0,0.73,1.6
2002-11-25,5.0,3.0,6.6,1894,0.0,0.73,2.0
2002-11-26,8.2,4.0,10.3,1866,0.3,0.8,1.9
2002-11-27,4.6,3.0,8.0,1840,0.0,0.73,1.9
2002-11-28,6.0,3.5,7.1,1814,0.0,0.76,2.3
2002-11-29,7.0,4.8,8.0,1790,1.0,0.83,1.4
2002-11-30,2.6,0.4,7.2,1767,15.4,0.62,1.9
2002-12-01,2.6,0.3,3.9,1745,0.6,0.6,2.1
2002-12-02,4.6,1.9,6.0,3575,0.0,0.68,2.5
2002-12-03,2.3,1.2,5.5,1705,0.0,0.64,1.7
2002-12-04,0.8,0.2,1.4,1686,0.0,0.6,1.5
2002-12-05,-0.9,-2.0,1.3,1669,0.9,0.51,2.5
2002-12-06,-1.7,-2.7,-0.2,1653,0.0,0.48,3.6
2002-12-07,-6.3,-7.1,-2.5,2276,0.0,0.35,4.1
2002-12-08,-7.1,-8.1,-5.3,4502,0.0,0.32,4.0
2002-12-09,-9.0,-10.4,-6.8,3884,0.0,0.27,3.5
2002-12-10,-10.2,-13.2,-7.2,3652,0.0,0.22,2.6
2002-12-11,-7.5,-12.4,-3.8,3841,0.0,0.24,2.7
2002-12-12,-8.9,-10.5,-6.1,3988,0.0,0.26,2.3
2002-12-13,-7.5,-12.5,-4.3,3267,0.0,0.23,1.6
2002-12-14,-5.6,-10.1,-1.5,4203,0.0,0.28,2.6
2002-12-15,-2.6,-6.6,-1.9,1555,0.0,0.36,3.3
2002-12-16,-0.2,-2.1,0.7,1550,1.5,0.5,2.8
2002-12-17,0.4,-0.2,1.1,1546,1.4,0.57,2.1
2002-12-18,-0.3,-1.6,0.8,1707,0.3,0.52,2.1
2002-12-19,-0.5,-1.1,0.5,1541,0.0,0.54,1.5
2002-12-20,-3.5,-6.9,-0.1,3257,0.0,0.36,1.7
2002-12-21,-1.4,-4.6,-0.5,1540,0.1,0.42,1.7
2002-12-22,-1.2,-1.6,-0.3,1541,0.0,0.52,2.9
2002-12-23,-4.9,-6.4,-1.2,4042,0.0,0.37,2.9
2002-12-24,-4.9,-7.3,-3.2,1670,0.0,0.34,3.1
2002-12-25,-3.5,-5.9,-2.6,1634,0.0,0.38,2.2
2002-12-26,-0.5,-2.8,2.3,1846,0.8,0.48,2.7
2002-12-27,2.5,-1.5,3.3,2886,0.3,0.53,2.4
2002-12-28,3.0,1.0,4.1,1820,0.1,0.63,2.2
2002-12-29,4.7,1.7,6.8,1747,1.2,0.67,3.1
2002-12-30,0.1,-1.0,3.5,1591,1.3,0.55,3.6
2002-12-31,-4.7,-5.9,-0.8,4290,0.0,0.38,3.0
2003-01-01,-5.4,-10.9,-2.0,2711,7.2,0.27,2.7
2003-01-02,4.8,-2.2,7.7,1882,13.5,0.53,3.9
2003-01-03,-1.2,-1.4,3.1,1642,1.1,0.53,3.4
2003-01-04,-3.1,-4.3,-1.2,3806,0.0,0.43,2.6
2003-01-05,-6.9,-9.9,-3.3,2107,1.2,0.28,2.2
2003-01-06,-7.0,-9.2,-5.0,1692,0.3,0.29,2.2
2003-01-07,-14.7,-17.8,-8.1,3598,0.0,0.15,1.8
2003-01-08,-16.1,-19.3,-10.7,3367,0.2,0.13,1.6
2003-01-09,-10.4,-19.6,-7.5,1752,0.2,0.14,1.6
2003-01-10,-4.4,-10.1,-2.3,1774,0.1,0.28,1.5
2003-01-11,-8.9,-14.7,-3.3,3794,0.1,0.2,2.0
2003-01-12,-0.4,-8.2,1.0,1822,3.0,0.33,2.7
2003-01-13,1.0,-0.8,2.1,1848,1.3,0.55,3.8
2003-01-14,6.1,1.9,6.9,1875,0.2,0.68,4.3
2003-01-15,4.7,3.8,7.3,1903,0.0,0.78,4.1
2003-01-16,5.1,2.8,6.6,2123,0.0,0.72,3.7
2003-01-17,2.4,1.1,6.7,5137,0.0,0.64,2.7
2003-01-18,1.7,-0.4,3.3,2092,0.0,0.57,2.5
2003-01-19,2.2,1.4,4.6,3795,0.1,0.65,3.0
2003-01-20,4.5,1.5,9.1,4792,0.0,0.67,3.1
2003-01-21,2.2,1.4,5.2,2799,0.0,0.66,2.7
2003-01-22,1.5,-1.2,5.2,3300,0.7,0.55,2.7
2003-01-23,3.2,1.4,4.5,2169,0.7,0.65,2.4
2003-01-24,2.3,1.6,4.0,2208,0.0,0.66,2.1
2003-01-25,2.4,1.8,4.2,2247,0.7,0.67,2.5
2003-01-26,3.6,0.7,4.7,2288,0.3,0.62,2.9
2003-01-27,7.5,3.7,9.1,2330,1.3,0.77,3.8
2003-01-28,4.4,3.4,9.6,3136,2.5,0.76,5.5
2003-01-29,1.3,0.4,3.8,2417,2.9,0.61,3.4
2003-01-30,-0.7,-1.1,1.7,2463,2.0,0.54,2.7
2003-01-31,-4.8,-6.6,-0.8,2509,0.8,0.37,2.5
2003-02-01,-8.7,-12.8,-3.0,3244,0.0,0.23,2.2
2003-02-02,-3.7,-9.0,-1.0,3359,1.3,0.31,3.5
2003-02-03,0.9,-3.2,4.3,4240,1.1,0.47,3.6
2003-02-04,0.5,-0.3,3.6,4430,0.2,0.58,2.4
2003-02-05,0.6,-0.7,2.9,4022,0.0,0.56,2.4
2003-02-06,-2.2,-3.0,0.5,4091,0.1,0.47,2.3
2003-02-07,-1.5,-3.3,1.8,6321,1.2,0.46,2.0
2003-02-08,-2.1,-4.4,2.5,7544,0.0,0.43,1.5
2003-02-09,-2.4,-6.1,0.7,4496,0.0,0.38,2.3
2003-02-10,-1.5,-4.9,-0.3,3035,0.0,0.41,1.7
2003-02-11,-1.3,-2.7,2.0,6854,0.0,0.48,1.9
2003-02-12,-6.6,-8.5,-1.9,6895,0.0,0.32,2.2
2003-02-13,-6.3,-12.8,-0.4,7799,0.0,0.24,2.0
2003-02-14,-4.1,-12.7,2.2,8052,0.0,0.25,1.6
2003-02-15,-0.7,-2.4,1.5,3338,0.0,0.5,2.3
2003-02-16,-7.7,-9.0,-1.4,7882,0.0,0.31,2.8
2003-02-17,-6.9,-9.7,-1.3,6396,0.0,0.29,2.0
2003-02-18,-2.5,-10.3,-1.5,3531,0.0,0.28,1.8
2003-02-19,-0.5,-1.9,0.9,3597,0.0,0.51,2.2
2003-02-20,-1.2,-1.8,-0.1,3665,0.0,0.51,1.9
2003-02-21,0.3,-2.3,2.0,3733,0.0,0.5,2.1
2003-02-22,0.2,-3.3,5.6,8983,0.0,0.48,2.2
2003-02-23,0.6,-5.8,7.0,10760,0.0,0.41,1.9
2003-02-24,0.8,-6.2,7.5,11138,0.0,0.41,1.4
2003-02-25,0.8,-5.3,8.6,10908,0.0,0.44,1.7
2003-02-26,-0.9,-5.1,6.9,11213,0.0,0.43,1.8
2003-02-27,0.4,-6.3,9.2,11366,0.0,0.41,1.4
2003-02-28,0.2,-1.5,2.5,6609,0.0,0.53,1.7
2003-03-01,0.7,-1.7,4.2,6389,0.0,0.53,1.8
2003-03-02,1.2,-1.0,4.9,7296,0.0,0.55,2.5
2003-03-03,-1.4,-3.9,2.6,8385,0.0,0.45,1.8
2003-03-04,-1.6,-6.4,3.0,10321,0.0,0.38,1.5
2003-03-05,0.3,-4.4,5.4,11629,0.0,0.44,2.2
2003-03-06,1.1,-3.1,4.6,9922,0.8,0.48,3.1
2003-03-07,1.7,-1.3,4.3,4766,1.7,0.54,1.9
2003-03-08,5.3,-0.1,10.1,9066,1.5,0.61,3.5
2003-03-09,7.2,4.1,8.6,4924,2.3,0.79,3.4
2003-03-10,9.0,3.6,13.9,7463,0.0,0.8,2.8
2003-03-11,9.1,4.5,13.8,5793,4.6,0.85,3.2
2003-03-12,6.3,4.4,10.3,6239,3.1,0.81,3.4
2003-03-13,1.7,-0.6,5.5,14012,0.0,0.57,2.6
2003-03-14,2.3,-0.2,6.8,7242,0.0,0.59,2.5
2003-03-15,2.7,-1.5,8.4,13877,0.0,0.55,2.2
2003-03-16,5.5,-3.7,13.1,13384,0.0,0.51,1.7
2003-03-17,1.7,-0.8,6.6,8289,0.0,0.57,2.0
2003-03-18,4.2,-3.3,12.7,12365,0.0,0.52,1.8
2003-03-19,4.1,-0.8,5.3,5737,0.0,0.56,2.5
2003-03-20,1.9,0.0,5.0,6493,0.0,0.59,2.1
2003-03-21,-1.0,-5.9,3.3,15885,0.0,0.4,2.7
2003-03-22,0.3,-6.4,7.4,15952,0.0,0.4,2.4
2003-03-23,4.9,-3.8,14.9,16607,0.0,0.52,1.5
2003-03-24,7.8,-2.2,18.3,16872,0.3,0.6,1.7
2003-03-25,8.2,1.0,15.5,14037,0.2,0.69,1.6
2003-03-26,7.2,-0.1,12.9,9745,0.0,0.63,1.4
2003-03-27,9.8,1.0,17.9,12189,0.7,0.72,1.3
2003-03-28,8.2,3.6,14.4,11598,0.1,0.8,1.4
2003-03-29,8.4,0.5,16.4,16044,0.0,0.69,1.4
2003-03-30,9.5,1.6,18.1,13911,0.0,0.75,2.3
2003-03-31,5.4,1.9,13.0,16446,0.0,0.71,2.6
2003-04-01,9.5,-1.1,15.5,17014,0.2,0.62,3.2
2003-04-02,5.9,3.9,11.9,12190,2.1,0.8,3.8
2003-04-03,3.7,2.1,8.7,7727,1.9,0.7,3.2
2003-04-04,6.7,-0.7,11.1,17566,0.0,0.6,2.7
2003-04-05,2.9,0.1,9.7,11566,0.0,0.62,4.4
2003-04-06,-0.7,-2.6,5.5,16230,1.5,0.5,3.6
2003-04-07,0.0,-2.2,3.2,9272,0.6,0.5,2.8
2003-04-08,-0.2,-3.4,4.1,12985,0.0,0.47,1.8
2003-04-09,-0.9,-2.8,2.3,8683,1.0,0.48,2.1
2003-04-10,0.1,-5.0,6.2,14650,0.0,0.43,1.6
2003-04-11,3.1,-3.7,9.6,14879,0.0,0.49,1.9
2003-04-12,4.9,-2.5,13.1,18921,0.0,0.54,1.4
2003-04-13,8.9,-1.2,15.9,19620,0.0,0.62,1.8
2003-04-14,10.8,1.0,17.5,21229,0.0,0.72,3.4
2003-04-15,12.7,4.3,20.0,21371,0.0,0.89,3.2
2003-04-16,12.1,4.6,19.1,21625,0.0,0.89,3.0
2003-04-17,11.3,2.3,19.8,21419,0.0,0.79,2.7
2003-04-18,5.9,2.3,9.8,10016,0.7,0.72,3.5
2003-04-19,10.5,4.3,14.6,14039,0.0,0.83,3.7
2003-04-20,13.8,7.4,20.4,21818,0.0,1.06,2.9
2003-04-21,13.1,4.9,20.6,21713,0.0,0.92,2.5
2003-04-22,12.7,4.4,21.4,23130,0.0,0.91,1.9
2003-04-23,12.7,4.7,19.3,21727,0.0,0.9,1.8
2003-04-24,12.5,4.2,19.4,19484,0.0,0.88,1.4
2003-04-25,14.5,3.5,20.9,21018,0.0,0.86,2.1
2003-04-26,16.5,10.3,22.2,8750,1.6,1.28,2.8
2003-04-27,14.3,10.8,18.8,18973,0.1,1.28,4.0
2003-04-28,14.7,8.4,18.9,15359,0.2,1.12,2.7
2003-04-29,16.1,11.3,22.4,13884,4.1,1.36,3.1
2003-04-30,17.5,7.3,22.5,15051,0.7,1.09,2.7
2003-05-01,14.1,12.2,19.1,22029,0.0,1.4,3.9
2003-05-02,15.0,8.1,20.8,20797,0.0,1.11,2.4
2003-05-03,12.6,11.3,17.7,12985,0.0,1.31,4.4
2003-05-04,15.8,5.8,21.7,24158,0.0,0.99,2.3
2003-05-05,22.3,8.7,29.3,24747,0.0,1.27,2.3
2003-05-06,16.6,12.0,25.8,19574,0.2,1.46,2.3
2003-05-07,12.8,9.4,20.4,20519,0.1,1.2,1.9
2003-05-08,20.2,5.6,26.8,23436,0.0,1.04,1.9
2003-05-09,12.8,11.8,21.2,12166,0.2,1.39,1.6
2003-05-10,12.7,10.3,18.1,14702,0.0,1.23,1.3
2003-05-11,16.4,7.0,22.1,23570,0.0,1.06,1.3
2003-05-12,16.5,10.2,22.0,15329,0.1,1.26,2.0
2003-05-13,13.6,10.3,19.3,14396,0.1,1.24,2.6
2003-05-14,11.1,5.6,15.6,20940,0.0,0.91,2.8
2003-05-15,9.4,2.8,15.2,21634,0.4,0.77,2.1
2003-05-16,9.6,1.9,15.2,18450,0.0,0.73,1.4
2003-05-17,15.3,3.7,21.1,17885,0.1,0.87,2.1
2003-05-18,14.6,9.1,21.0,19199,5.6,1.18,2.4
2003-05-19,14.8,11.3,18.6,14357,10.6,1.32,2.4
2003-05-20,14.4,11.3,18.8,18560,0.0,1.32,3.4
2003-05-21,14.0,6.7,18.7,21008,0.0,1.0,2.6
2003-05-22,14.0,6.6,19.5,22577,0.0,1.0,2.3
2003-05-23,15.4,11.0,19.9,11391,1.2,1.31,2.8
2003-05-24,22.1,9.7,28.8,24835,0.0,1.32,1.9
2003-05-25,23.5,13.6,30.1,27799,4.2,1.66,2.3
2003-05-26,17.2,15.1,21.7,19871,0.6,1.68,1.8
2003-05-27,17.0,10.9,21.9,25242,0.0,1.32,1.7
2003-05-28,17.1,11.2,23.0,21608,0.0,1.35,2.0
2003-05-29,18.1,9.2,24.2,28637,0.0,1.23,1.8
2003-05-30,19.5,7.5,26.8,28555,0.0,1.16,1.4
2003-05-31,19.5,9.5,27.3,19056,0.4,1.3,1.5
2003-06-01,19.7,11.6,25.6,27874,0.0,1.42,1.5
2003-06-02,21.9,11.4,28.6,28167,0.0,1.45,2.2
2003-06-03,24.5,14.1,30.6,28076,0.0,1.71,1.5
2003-06-04,25.6,17.3,32.1,27089,0.0,2.06,2.0
2003-06-05,24.1,18.3,32.0,25206,12.4,2.16,1.8
2003-06-06,18.7,16.1,24.9,23320,0.0,1.82,1.6
2003-06-07,21.7,10.1,28.6,28069,0.0,1.36,1.4
2003-06-08,25.5,15.2,31.6,28477,5.3,1.82,2.1
2003-06-09,18.3,16.2,24.3,26711,0.0,1.83,3.1
2003-06-10,21.8,9.0,26.9,24431,0.5,1.24,1.8
2003-06-11,21.1,18.2,27.0,23170,0.0,2.06,2.5
2003-06-12,22.4,11.4,27.6,26255,0.0,1.44,1.6
2003-06-13,17.8,14.0,24.4,25885,0.0,1.61,2.0
2003-06-14,18.1,9.1,23.7,21676,0.0,1.21,1.6
2003-06-15,18.7,9.0,23.2,23093,0.0,1.2,1.6
2003-06-16,19.5,11.3,23.1,25148,0.0,1.35,1.8
2003-06-17,18.6,8.1,24.4,28736,0.0,1.16,1.6
2003-06-18,17.2,10.6,21.3,15179,1.2,1.3,2.2
2003-06-19,19.4,11.3,23.6,15821,4.4,1.36,3.3
2003-06-20,14.1,10.5,20.8,19915,3.9,1.27,4.5
2003-06-21,14.5,10.6,18.3,17100,0.5,1.27,3.1
2003-06-22,15.6,10.5,21.4,22341,0.1,1.28,1.6
2003-06-23,20.3,13.8,28.0,19139,3.5,1.63,3.1
2003-06-24,18.5,15.2,23.8,27699,0.0,1.71,3.3
2003-06-25,15.9,13.3,17.9,11711,0.2,1.49,2.7
2003-06-26,16.1,13.1,22.2,16814,0.4,1.51,1.7
2003-06-27,16.7,10.0,23.1,23064,0.0,1.26,1.7
2003-06-28,19.4,8.7,26.4,27902,0.0,1.23,1.5
2003-06-29,21.8,10.1,29.5,19202,2.4,1.37,1.5
2003-06-30,21.1,15.8,25.8,25950,0.1,1.79,1.7
2003-07-01,17.7,16.0,24.0,11640,0.4,1.8,2.7
2003-07-02,17.8,14.6,23.8,21059,5.1,1.66,3.0
2003-07-03,18.1,12.4,22.6,20781,0.0,1.44,3.0
2003-07-04,17.0,15.0,21.6,15152,2.5,1.67,3.4
2003-07-05,16.4,13.9,17.6,10800,3.3,1.53,3.3
2003-07-06,16.2,13.9,18.8,10650,0.8,1.54,2.6
2003-07-07,16.2,13.1,20.6,15713,0.0,1.48,1.6
2003-07-08,18.0,9.6,22.5,17336,0.0,1.24,1.6
2003-07-09,18.6,11.2,22.1,16162,3.1,1.34,2.2
2003-07-10,17.2,13.3,22.3,17906,2.8,1.52,1.9
2003-07-11,20.6,10.4,27.6,26745,5.3,1.36,2.0
2003-07-12,18.0,14.7,22.3,19227,0.7,1.64,2.7
2003-07-13,17.3,12.1,22.4,17542,0.0,1.42,1.9
2003-07-14,20.4,10.0,26.0,27743,0.0,1.31,2.1
2003-07-15,22.1,13.8,28.3,27312,0.0,1.65,2.0
2003-07-16,25.4,16.4,30.8,26375,0.0,1.92,2.6
2003-07-17,23.7,17.2,29.3,16742,10.1,1.99,2.2
2003-07-18,20.4,18.1,25.8,14681,0.0,2.05,1.9
2003-07-19,23.4,14.2,29.7,27083,0.0,1.71,1.6
2003-07-20,25.1,16.3,31.7,26769,0.0,1.96,2.1
2003-07-21,24.8,18.5,34.9,21438,5.6,2.24,1.7
2003-07-22,22.3,18.4,29.4,23633,2.0,2.14,1.9
2003-07-23,20.7,17.4,27.1,18066,9.5,1.98,1.4
2003-07-24,20.4,16.5,28.6,17009,16.9,1.91,1.6
2003-07-25,20.2,17.4,24.3,15829,0.1,1.96,1.6
2003-07-26,20.0,16.1,24.3,12660,1.6,1.8,1.9
2003-07-27,23.9,18.7,33.3,18444,9.5,2.25,2.6
2003-07-28,19.2,16.7,23.8,16394,2.1,1.87,1.9
2003-07-29,19.2,14.4,26.2,21899,0.0,1.66,1.3
2003-07-30,19.8,11.2,26.8,25898,0.1,1.41,1.5
2003-07-31,20.9,15.0,24.8,16936,1.9,1.69,1.4
2003-08-01,24.2,17.9,30.4,21785,0.0,2.08,1.2
2003-08-02,24.8,17.4,30.7,15443,0.0,2.05,1.2
2003-08-03,24.7,17.5,31.3,19658,1.9,2.07,1.3
2003-08-04,22.6,18.7,28.1,25317,0.0,2.15,1.5
2003-08-05,21.9,14.7,27.6,24609,0.0,1.72,1.7
2003-08-06,20.1,14.3,26.5,22930,0.0,1.65,1.5
2003-08-07,20.6,13.1,28.0,24409,0.0,1.59,1.3
2003-08-08,22.8,12.4,29.8,23459,0.0,1.55,1.3
2003-08-09,24.9,13.9,32.0,24200,0.0,1.71,1.6
2003-08-10,22.2,15.8,28.2,24332,0.0,1.83,2.0
2003-08-11,20.4,11.5,26.9,24461,0.0,1.42,1.6
2003-08-12,24.1,12.8,32.5,21121,0.0,1.62,1.4
2003-08-13,27.0,16.4,35.5,21849,0.0,2.03,2.7
2003-08-14,19.4,17.5,24.9,14498,0.7,1.96,2.8
2003-08-15,19.8,13.5,24.7,21626,0.0,1.56,3.1
2003-08-16,16.4,12.1,24.2,18918,0.0,1.44,2.1
2003-08-17,19.0,7.8,26.1,21982,0.3,1.15,1.5
2003-08-18,21.5,14.3,31.2,12851,4.6,1.73,2.4
2003-08-19,20.3,17.9,25.7,13812,1.2,2.03,2.6
2003-08-20,17.4,13.9,24.2,20220,0.0,1.59,1.9
2003-08-21,19.2,9.8,25.1,18018,0.0,1.28,1.7
2003-08-22,20.6,14.8,26.5,19631,0.0,1.7,2.9
2003-08-23,19.1,16.7,22.6,11712,2.1,1.86,2.7
2003-08-24,19.1,13.0,23.5,18013,0.0,1.52,2.3
2003-08-25,19.2,11.6,25.9,19370,0.0,1.41,1.7
2003-08-26,19.1,8.7,25.2,18902,0.0,1.21,2.4
2003-08-27,16.2,14.0,20.9,13595,0.1,1.57,3.3
2003-08-28,15.0,10.9,21.8,13154,1.1,1.31,1.4
2003-08-29,16.6,10.4,23.2,10597,21.3,1.29,2.5
2003-08-30,15.7,13.5,20.8,13387,0.5,1.52,2.5
2003-08-31,13.8,7.8,19.9,17469,0.5,1.08,2.5
2003-09-01,12.2,9.2,18.5,12290,3.9,1.15,2.4
2003-09-02,10.2,6.7,16.5,19712,0.4,0.99,1.8
2003-09-03,12.3,3.6,16.3,10125,0.6,0.82,1.9
2003-09-04,13.3,10.8,17.9,7979,0.1,1.27,1.8
2003-09-05,15.3,6.7,22.1,18509,0.1,1.04,1.6
2003-09-06,17.9,8.6,23.7,17933,0.0,1.17,1.9
2003-09-07,17.8,10.0,24.9,16197,0.0,1.29,1.4
2003-09-08,20.0,10.4,25.7,17215,0.0,1.32,1.9
2003-09-09,16.6,9.6,22.9,12257,8.1,1.24,1.8
2003-09-10,14.3,11.3,18.9,9958,14.6,1.32,2.0
2003-09-11,12.7,11.6,16.4,9441,2.0,1.32,3.1
2003-09-12,15.5,9.8,19.3,8520,0.4,1.21,2.0
2003-09-13,16.3,11.6,19.3,8119,0.0,1.35,2.1
2003-09-14,14.8,12.0,20.9,14291,0.0,1.39,1.4
2003-09-15,14.6,7.5,22.1,16760,0.0,1.09,1.3
2003-09-16,15.4,10.3,22.7,13713,0.0,1.28,1.4
2003-09-17,14.7,9.6,21.3,12092,0.0,1.21,1.3
2003-09-18,17.1,9.8,27.3,14907,0.0,1.31,1.7
2003-09-19,19.2,10.4,29.0,15340,0.0,1.37,1.9
2003-09-20,18.3,10.5,29.4,14508,0.0,1.4,1.3
2003-09-21,19.0,12.2,29.0,15314,0.0,1.52,2.2
2003-09-22,21.6,7.9,29.7,14775,0.0,1.23,2.6
2003-09-23,14.7,10.0,21.9,8778,3.0,1.25,3.2
2003-09-24,9.5,5.8,17.0,13620,0.0,0.93,2.0
2003-09-25,9.8,2.6,17.7,14303,0.0,0.79,2.0
2003-09-26,14.2,6.7,21.1,14879,0.0,1.03,2.2
2003-09-27,12.8,9.9,17.4,9802,0.0,1.2,1.8
2003-09-28,12.3,2.5,18.0,12566,9.9,0.78,1.5
2003-09-29,12.8,10.3,18.1,8221,1.7,1.23,2.5
2003-09-30,10.6,9.3,14.5,9087,0.0,1.14,1.6
2003-10-01,10.5,3.5,16.5,10986,2.6,0.81,1.8
2003-10-02,11.6,9.5,15.7,6596,0.5,1.16,1.6
2003-10-03,11.6,4.3,15.2,7017,8.1,0.84,1.7
2003-10-04,11.8,8.5,16.0,7088,0.1,1.1,2.4
2003-10-05,8.0,3.8,12.4,6314,0.0,0.8,2.0
2003-10-06,8.2,4.4,12.6,10060,1.2,0.83,4.1
2003-10-07,8.4,6.6,11.8,5467,6.8,0.94,4.5
2003-10-08,9.2,6.6,13.5,6200,4.8,0.96,4.4
2003-10-09,9.0,5.7,13.0,7886,1.2,0.91,3.9
2003-10-10,12.8,7.3,14.5,4333,1.5,1.0,4.0
2003-10-11,11.0,9.5,14.9,5685,2.1,1.15,3.3
2003-10-12,7.4,4.6,12.9,8808,0.0,0.84,2.0
2003-10-13,6.5,0.8,13.4,10158,0.1,0.67,1.7
2003-10-14,7.2,-0.8,11.5,6954,0.1,0.6,2.2
2003-10-15,6.2,3.7,11.5,9882,0.0,0.79,2.0
2003-10-16,6.4,2.6,9.8,7422,0.0,0.72,2.0
2003-10-17,3.4,-0.7,9.2,9981,0.0,0.58,2.2
2003-10-18,2.2,-3.4,11.4,9988,0.0,0.51,1.7
2003-10-19,2.3,-4.2,11.1,9559,0.0,0.48,1.2
2003-10-20,4.0,-2.6,8.1,4844,0.0,0.51,1.8
2003-10-21,4.6,2.6,7.1,3561,1.6,0.72,1.8
2003-10-22,2.1,-1.4,6.7,5663,0.0,0.54,2.0
2003-10-23,0.0,-3.7,4.4,5297,0.2,0.46,2.6
2003-10-24,-1.3,-6.2,4.7,8965,0.0,0.39,1.8
2003-10-25,4.6,-4.3,7.3,4520,4.2,0.45,3.5
2003-10-26,3.8,1.8,6.4,3244,1.7,0.67,2.3
2003-10-27,-0.5,-5.2,5.5,8055,0.0,0.42,1.4
2003-10-28,2.2,-2.9,8.8,7741,0.0,0.5,2.0
2003-10-29,3.2,-0.8,8.7,5635,1.2,0.58,2.1
2003-10-30,5.2,2.2,6.5,3008,0.2,0.69,1.9
2003-10-31,6.7,2.5,11.2,4080,0.0,0.73,2.7
2003-11-01,7.9,5.2,11.7,3019,0.0,0.87,2.5
2003-11-02,7.9,3.9,12.6,5716,0.0,0.8,3.1
2003-11-03,10.7,5.5,14.2,3815,0.0,0.9,4.2
2003-11-04,9.4,7.8,12.4,3093,0.0,1.02,2.9
2003-11-05,4.2,0.2,10.8,6456,0.0,0.63,1.8
2003-11-06,3.4,2.4,6.3,3274,0.0,0.7,2.2
2003-11-07,5.1,0.5,6.5,2585,0.0,0.62,3.5
2003-11-08,4.7,2.4,7.8,2878,0.0,0.7,3.9
2003-11-09,3.1,2.2,4.4,2490,0.0,0.69,2.3
2003-11-10,2.6,1.1,5.1,2444,0.2,0.64,2.6
2003-11-11,1.7,-1.1,6.8,6508,0.0,0.56,2.5
2003-11-12,0.2,-3.5,5.5,5766,0.0,0.47,2.3
2003-11-13,-3.2,-4.4,0.4,2314,0.0,0.43,1.6
2003-11-14,-0.4,-6.0,4.7,4704,0.0,0.4,2.0
2003-11-15,4.8,-0.3,9.8,3695,0.0,0.61,2.6
2003-11-16,3.7,0.1,7.7,3639,10.0,0.61,1.9
2003-11-17,6.3,3.3,8.5,2155,0.7,0.75,3.4
2003-11-18,8.9,4.8,10.6,2119,1.4,0.83,3.7
2003-11-19,12.4,10.2,13.5,2083,0.4,1.2,4.1
2003-11-20,9.4,7.1,12.7,4468,0.0,0.98,2.1
2003-11-21,7.9,5.4,11.8,3481,0.0,0.88,2.1
2003-11-22,8.1,4.3,10.7,1983,0.0,0.82,2.0
2003-11-23,9.5,6.3,13.2,3292,0.0,0.94,2.2
2003-11-24,8.4,4.9,14.5,2822,0.0,0.87,2.1
2003-11-25,8.4,5.3,12.7,3113,1.3,0.87,1.6
2003-11-26,7.7,5.2,12.2,4234,6.1,0.86,2.2
2003-11-27,6.9,5.2,8.3,2162,0.4,0.85,1.4
2003-11-28,7.5,5.9,8.0,1814,0.0,0.89,2.1
2003-11-29,7.9,7.5,8.6,1790,1.2,1.0,1.7
2003-11-30,4.8,2.4,8.4,4768,0.0,0.71,2.6
2003-12-01,3.9,0.5,6.4,1923,0.0,0.61,2.6
2003-12-02,6.3,1.7,7.2,1724,0.0,0.67,2.4
2003-12-03,5.3,4.3,6.7,1705,0.2,0.8,1.7
2003-12-04,3.5,2.6,5.6,1686,0.2,0.71,2.0
2003-12-05,5.3,2.5,6.5,1669,2.0,0.71,2.4
2003-12-06,2.5,0.3,8.1,3195,0.7,0.61,4.0
2003-12-07,-2.7,-6.0,1.7,4022,0.0,0.38,2.2
2003-12-08,0.3,-3.5,1.2,1623,0.0,0.46,1.7
2003-12-09,0.0,-2.9,3.2,4474,0.0,0.48,1.5
2003-12-10,0.0,-3.2,2.8,3568,0.0,0.47,2.1
2003-12-11,1.0,-1.0,3.1,4091,2.9,0.55,3.0
2003-12-12,0.9,-1.3,4.0,1578,0.9,0.54,2.3
2003-12-13,8.2,-1.4,11.2,1569,12.3,0.57,4.2
2003-12-14,6.1,4.6,10.8,1562,6.0,0.83,5.4
2003-12-15,1.1,0.2,4.9,1844,1.8,0.6,5.2
2003-12-16,0.9,-0.7,3.6,3234,0.0,0.56,3.3
2003-12-17,4.0,-1.9,5.3,1546,2.9,0.53,2.5
2003-12-18,2.4,-0.6,6.3,4286,0.1,0.58,1.9
2003-12-19,3.2,-1.7,5.6,3832,0.0,0.53,2.1
2003-12-20,6.4,3.2,8.0,1622,1.6,0.75,2.9
2003-12-21,6.0,4.2,8.6,2685,4.4,0.8,6.0
2003-12-22,0.1,-1.7,4.5,1541,0.3,0.52,3.6
2003-12-23,-3.9,-6.6,-0.3,3756,0.0,0.36,2.3
2003-12-24,-1.8,-5.5,1.0,4419,0.0,0.4,2.7
2003-12-25,2.4,-1.2,3.2,1551,0.1,0.54,3.0
2003-12-26,3.0,1.5,5.1,1557,0.0,0.65,2.9
2003-12-27,4.3,1.5,8.0,1564,0.1,0.67,3.8
2003-12-28,4.1,1.0,5.9,1945,0.0,0.63,3.7
2003-12-29,3.0,1.9,7.1,1747,0.0,0.68,3.0
2003-12-30,0.3,-1.9,3.2,2134,0.0,0.51,1.3
2003-12-31,1.2,-1.3,2.2,1938,0.0,0.53,1.9
2004-01-01,-3.0,-5.7,1.0,1614,0.0,0.39,1.8
2004-01-02,-2.6,-4.9,0.1,2646,0.0,0.41,2.5
2004-01-03,-6.4,-8.3,-1.7,3307,0.0,0.32,1.4
2004-01-04,-6.0,-8.6,-3.1,3075,0.0,0.31,2.4
2004-01-05,-9.9,-11.9,-6.5,3750,0.0,0.24,2.2
2004-01-06,-5.0,-11.5,-2.1,2476,7.6,0.26,2.9
2004-01-07,2.3,-3.5,3.7,1711,0.1,0.46,2.0
2004-01-08,1.1,0.9,3.2,1731,0.0,0.63,2.5
2004-01-09,0.1,-1.3,1.4,1752,0.7,0.54,2.5
2004-01-10,-1.4,-2.3,1.8,1774,0.2,0.5,2.3
2004-01-11,3.6,-2.3,6.6,1798,6.1,0.51,3.5
2004-01-12,2.4,0.9,7.0,3562,0.3,0.64,3.7
2004-01-13,3.7,0.4,5.5,1848,3.7,0.61,4.2
2004-01-14,4.2,3.4,6.6,1875,4.4,0.75,4.8
2004-01-15,1.9,-0.1,3.8,1997,2.4,0.58,3.3
2004-01-16,2.9,0.3,4.6,1932,10.6,0.6,4.2
2004-01-17,2.8,1.8,5.1,1963,5.9,0.67,3.0
2004-01-18,-1.4,-3.4,2.0,3792,0.0,0.46,2.5
2004-01-19,-0.1,-3.3,1.2,2027,4.3,0.46,3.7
2004-01-20,-0.2,-0.9,1.6,2259,0.9,0.55,2.8
2004-01-21,-3.4,-5.1,-0.2,4507,0.0,0.4,1.6
2004-01-22,-9.0,-11.5,-2.7,4875,0.0,0.25,1.6
2004-01-23,-8.3,-12.4,-4.8,5252,0.0,0.23,1.9
2004-01-24,-8.8,-12.0,-4.8,5691,0.0,0.24,2.1
2004-01-25,-8.1,-10.0,-6.3,2353,0.7,0.28,1.7
2004-01-26,-5.6,-8.3,-3.9,2288,0.1,0.32,1.7
2004-01-27,-3.2,-5.3,-1.9,2330,0.0,0.4,1.6
2004-01-28,-2.6,-8.2,0.6,4063,0.0,0.33,2.6
2004-01-29,-1.1,-2.7,1.5,3963,2.5,0.48,3.6
2004-01-30,0.5,-1.7,2.0,3859,0.1,0.52,3.9
2004-01-31,3.5,-1.0,5.6,2679,6.6,0.55,4.7
2004-02-01,7.8,5.4,10.1,2843,5.7,0.87,5.0
2004-02-02,7.6,4.1,10.6,3127,0.8,0.8,3.9
2004-02-03,9.9,4.9,11.0,2655,3.5,0.85,3.3
2004-02-04,12.6,10.1,14.1,2885,0.3,1.19,3.8
2004-02-05,13.2,11.5,15.1,2819,0.0,1.31,4.3
2004-02-06,11.6,9.5,12.7,2812,1.8,1.14,3.5
2004-02-07,7.1,5.3,14.1,4347,2.2,0.89,5.3
2004-02-08,2.5,0.5,5.9,3609,4.0,0.62,5.3
2004-02-09,-0.3,-1.3,3.3,5698,2.6,0.54,4.8
2004-02-10,0.3,-3.2,2.6,3035,4.2,0.47,3.3
2004-02-11,-1.5,-4.4,1.4,5104,0.3,0.43,2.8
2004-02-12,-2.5,-7.8,-0.2,4138,0.0,0.33,1.4
2004-02-13,2.5,-1.6,3.7,3214,0.3,0.53,2.1
2004-02-14,4.1,0.0,5.5,3275,0.0,0.6,1.6
2004-02-15,1.1,-1.3,5.2,3338,0.0,0.55,1.6
2004-02-16,0.3,-2.5,2.0,4297,0.0,0.49,1.8
2004-02-17,3.3,0.6,4.9,3466,0.1,0.62,2.3
2004-02-18,2.3,1.2,5.1,6073,0.1,0.64,2.4
2004-02-19,-0.9,-2.6,2.5,5813,0.0,0.49,3.7
2004-02-20,-1.4,-6.0,3.2,9739,0.0,0.39,3.5
2004-02-21,0.7,-5.1,6.5,10025,0.0,0.43,2.6
2004-02-22,1.5,-2.3,5.4,6540,0.0,0.51,2.2
2004-02-23,0.2,-2.4,2.0,4620,0.0,0.49,2.7
2004-02-24,0.3,-2.3,4.4,10077,0.3,0.51,2.6
2004-02-25,0.1,-0.9,2.2,4473,0.8,0.55,2.9
2004-02-26,-1.4,-3.8,2.7,8192,0.0,0.45,2.4
2004-02-27,-1.6,-7.4,2.8,7527,1.6,0.36,1.4
2004-02-28,-2.2,-4.5,1.7,6925,0.0,0.43,1.3
2004-02-29,-0.4,-4.3,2.1,5508,0.0,0.43,1.9
2004-03-01,0.4,-1.7,3.1,7377,1.5,0.52,2.6
2004-03-02,3.7,0.0,4.8,4457,0.0,0.6,3.2
2004-03-03,0.5,-2.3,4.8,11231,0.0,0.51,2.7
2004-03-04,-0.7,-4.0,1.3,7368,0.0,0.44,1.9
2004-03-05,-1.2,-7.7,3.7,12539,0.0,0.35,3.0
2004-03-06,-0.5,-4.2,3.7,9286,0.2,0.44,2.2
2004-03-07,-0.8,-2.2,2.2,5879,0.4,0.5,1.7
2004-03-08,1.2,-3.1,6.3,10579,0.0,0.49,2.0
2004-03-09,1.3,-0.3,3.8,5092,0.0,0.58,2.6
2004-03-10,2.1,0.1,3.3,5084,0.0,0.59,2.7
2004-03-11,3.4,1.4,7.7,6507,0.0,0.66,2.3
2004-03-12,4.8,0.0,9.7,10307,0.0,0.62,3.0
2004-03-13,7.5,1.3,11.7,8884,3.1,0.68,2.8
2004-03-14,8.0,4.6,14.2,8906,0.0,0.85,2.7
2004-03-15,10.3,5.8,14.5,6790,0.0,0.91,3.4
2004-03-16,12.3,7.4,14.7,5572,0.0,1.01,2.8
2004-03-17,13.4,7.3,20.7,13972,0.0,1.06,2.0
2004-03-18,11.5,4.0,17.9,13077,0.0,0.84,1.6
2004-03-19,12.3,9.2,16.0,8607,1.6,1.15,4.3
2004-03-20,10.2,6.6,13.8,7356,7.0,0.96,5.9
2004-03-21,9.2,7.6,15.0,10578,0.0,1.03,6.4
2004-03-22,6.7,4.3,12.3,10698,1.1,0.83,3.8
2004-03-23,5.2,0.2,10.4,11512,0.0,0.62,1.8
2004-03-24,4.8,2.8,9.5,6536,0.0,0.74,3.0
2004-03-25,2.1,1.0,4.0,6420,0.0,0.63,2.7
2004-03-26,1.5,-0.8,4.4,7113,0.0,0.56,2.1
2004-03-27,2.4,-3.4,7.3,14666,0.0,0.48,1.7
2004-03-28,5.5,0.2,8.6,6568,0.0,0.62,1.7
2004-03-29,7.7,3.7,12.8,9970,0.0,0.8,1.7
2004-03-30,7.8,-1.1,14.8,16655,0.0,0.61,2.7
2004-03-31,9.1,0.1,15.2,17434,0.0,0.66,2.5
2004-04-01,9.5,2.8,15.3,18116,0.0,0.77,3.2
2004-04-02,7.9,2.3,13.4,18803,0.0,0.73,3.5
2004-04-03,10.0,2.8,16.7,16173,0.6,0.78,2.7
2004-04-04,10.1,2.9,17.5,11890,1.4,0.8,3.3
2004-04-05,6.7,3.8,14.7,14169,5.2,0.82,3.3
2004-04-06,5.5,2.2,10.9,11454,4.4,0.71,3.1
2004-04-07,5.4,2.3,11.2,13534,0.3,0.72,2.6
2004-04-08,6.1,0.6,10.4,11552,4.9,0.65,2.4
2004-04-09,6.3,3.2,11.6,11211,1.0,0.76,2.3
2004-04-10,3.8,2.0,9.8,12760,0.6,0.7,2.4
2004-04-11,7.0,-2.1,13.1,19481,0.0,0.56,2.1
2004-04-12,7.6,1.0,11.1,11054,0.0,0.66,2.1
2004-04-13,6.2,3.9,12.4,10469,0.0,0.8,1.8
2004-04-14,8.7,-0.3,15.0,21257,0.0,0.64,1.7
2004-04-15,10.6,0.1,18.5,21511,0.0,0.69,1.8
2004-04-16,12.4,6.4,19.5,22338,0.0,1.0,1.7
2004-04-17,12.9,3.6,19.2,20285,0.0,0.84,1.9
2004-04-18,15.0,5.1,21.2,19370,1.0,0.93,2.6
2004-04-19,11.2,8.4,18.5,15069,0.0,1.1,2.4
2004-04-20,10.1,5.8,16.9,15053,0.0,0.94,1.6
2004-04-21,13.0,3.6,21.0,16326,0.0,0.87,1.5
2004-04-22,14.9,7.9,20.9,20785,0.0,1.1,1.5
2004-04-23,9.7,6.3,14.9,9555,0.9,0.95,2.4
2004-04-24,8.6,6.5,11.3,8917,0.6,0.93,2.3
2004-04-25,12.0,5.4,16.6,23393,0.5,0.91,1.8
2004-04-26,10.4,8.9,13.1,9058,1.0,1.1,1.7
2004-04-27,12.7,8.4,16.7,10924,0.0,1.1,1.9
2004-04-28,12.5,4.6,18.7,24104,0.0,0.89,2.5
2004-04-29,13.8,3.9,19.4,23252,0.0,0.86,2.8
2004-04-30,15.3,7.9,21.9,18521,0.0,1.11,3.3
2004-05-01,16.9,10.4,23.8,21888,0.5,1.3,2.3
2004-05-02,14.3,13.1,17.8,10552,0.1,1.47,2.0
2004-05-03,13.8,11.2,21.4,15741,0.2,1.34,1.8
2004-05-04,16.8,10.1,20.8,12640,0.1,1.24,2.1
2004-05-05,17.3,13.0,24.9,21536,1.1,1.53,2.0
2004-05-06,16.2,9.5,22.6,20027,4.0,1.22,2.1
2004-05-07,11.6,8.2,17.9,15675,3.1,1.08,3.3
2004-05-08,11.2,5.8,14.6,15499,0.1,0.92,2.7
2004-05-09,10.7,9.2,12.9,9629,3.5,1.13,2.0
2004-05-10,14.1,10.2,20.9,14892,14.3,1.26,2.2
2004-05-11,14.4,10.9,18.4,18061,0.3,1.28,2.0
2004-05-12,11.3,10.1,14.5,10414,3.3,1.2,2.1
2004-05-13,8.7,7.1,11.4,10093,0.0,0.98,2.1
2004-05-14,10.0,2.1,15.4,21135,0.0,0.74,1.4
2004-05-15,11.9,4.1,14.2,10569,3.8,0.83,2.8
2004-05-16,14.1,8.2,18.3,24902,0.0,1.08,2.4
2004-05-17,13.5,12.0,17.4,10666,0.0,1.37,1.6
2004-05-18,15.0,11.2,20.9,19132,0.0,1.33,2.1
2004-05-19,16.5,7.0,22.2,18812,0.0,1.07,2.9
2004-05-20,13.3,9.1,17.4,21764,0.1,1.15,2.0
2004-05-21,9.1,5.4,14.3,11223,0.2,0.9,2.5
2004-05-22,9.5,3.0,13.7,21243,2.9,0.77,3.1
2004-05-23,8.6,3.9,13.3,19777,0.6,0.81,3.3
2004-05-24,9.6,4.0,12.8,14889,0.3,0.81,2.5
2004-05-25,10.6,7.7,15.9,15564,0.6,1.04,2.5
2004-05-26,10.0,5.3,15.1,18901,0.8,0.9,2.4
2004-05-27,10.1,4.7,14.9,15896,3.6,0.85,1.8
2004-05-28,12.9,2.8,19.0,25207,0.0,0.81,1.6
2004-05-29,14.6,3.0,21.1,26775,0.0,0.83,1.5
2004-05-30,17.1,3.8,23.3,27580,0.0,0.9,1.8
2004-05-31,18.7,8.2,24.8,23546,0.0,1.16,2.1
2004-06-01,16.5,10.7,24.0,21798,1.5,1.32,1.6
2004-06-02,14.3,11.3,18.2,10742,0.8,1.32,1.8
2004-06-03,17.9,9.8,24.8,27472,0.0,1.28,2.1
2004-06-04,14.9,7.3,22.8,15638,4.5,1.08,1.7
2004-06-05,15.6,11.4,19.9,17065,0.1,1.34,2.0
2004-06-06,16.2,8.8,22.2,27175,0.0,1.18,1.6
2004-06-07,17.3,8.6,24.2,16470,0.0,1.18,1.6
2004-06-08,19.5,11.6,26.1,19939,0.0,1.42,1.7
2004-06-09,15.7,9.7,19.7,15484,3.4,1.21,2.0
2004-06-10,19.0,14.2,23.9,16395,0.0,1.63,1.8
2004-06-11,18.6,14.0,24.5,16153,3.0,1.61,2.6
2004-06-12,15.3,11.1,20.2,21920,3.1,1.31,2.5
2004-06-13,15.7,9.8,22.1,22316,1.2,1.24,2.3
2004-06-14,16.5,10.1,20.4,16953,0.0,1.24,2.6
2004-06-15,18.5,12.8,24.7,17216,0.2,1.51,3.4
2004-06-16,14.0,9.2,18.6,22083,0.0,1.16,3.5
2004-06-17,12.6,8.7,17.7,11085,9.2,1.12,3.1
2004-06-18,13.4,9.9,18.2,12367,0.5,1.21,2.6
2004-06-19,13.6,5.8,18.1,17357,1.1,0.94,2.4
2004-06-20,13.7,5.0,19.8,22217,0.0,0.92,1.8
2004-06-21,14.7,7.2,20.6,23876,1.9,1.05,1.9
2004-06-22,15.7,10.3,21.6,19906,1.3,1.26,1.7
2004-06-23,18.0,11.6,23.7,19133,3.6,1.4,3.4
2004-06-24,17.6,13.2,21.7,18230,0.0,1.5,4.6
2004-06-25,15.0,10.9,18.9,18604,0.0,1.29,3.7
2004-06-26,14.7,7.8,19.0,17826,0.0,1.07,2.1
2004-06-27,15.3,7.3,20.7,10916,0.0,1.06,1.7
2004-06-28,16.8,11.3,20.9,21628,6.0,1.33,3.2
2004-06-29,14.8,9.0,19.8,22887,0.4,1.16,2.7
2004-06-30,16.2,8.6,21.1,13554,0.0,1.14,1.8
2004-07-01,17.3,10.6,24.0,17234,1.1,1.32,2.7
2004-07-02,15.8,9.6,21.8,20144,0.8,1.22,2.5
2004-07-03,14.4,10.3,19.9,21648,1.5,1.25,3.2
2004-07-04,16.7,9.1,22.8,20476,1.3,1.2,2.6
2004-07-05,15.7,11.2,20.5,18539,0.7,1.33,2.2
2004-07-06,14.9,7.1,20.9,25376,0.0,1.04,2.0
2004-07-07,17.4,5.7,24.6,29535,0.0,1.02,2.2
2004-07-08,20.5,15.4,28.3,18701,35.1,1.79,2.1
2004-07-09,19.1,16.1,23.9,14607,0.5,1.8,3.0
2004-07-10,15.7,12.2,19.9,14828,1.5,1.4,3.1
2004-07-11,16.1,10.8,21.0,23661,2.8,1.3,3.1
2004-07-12,14.3,12.6,17.9,11088,5.9,1.42,3.3
2004-07-13,14.1,12.4,17.5,10928,1.8,1.39,3.2
2004-07-14,15.4,12.4,20.0,12408,1.4,1.42,2.7
2004-07-15,17.1,13.4,21.5,12622,1.1,1.52,2.6
2004-07-16,17.2,12.6,20.7,10944,2.6,1.44,1.7
2004-07-17,20.5,13.2,26.4,20346,0.5,1.56,1.8
2004-07-18,23.4,17.3,30.4,24317,4.6,2.02,1.9
2004-07-19,20.6,15.3,26.0,16473,0.0,1.76,1.8
2004-07-20,21.7,14.1,29.4,22065,19.3,1.68,2.0
2004-07-21,20.6,14.9,25.0,16620,0.0,1.7,1.6
2004-07-22,17.0,13.4,19.8,10564,2.6,1.5,1.3
2004-07-23,19.6,13.2,27.3,20630,2.0,1.57,1.8
2004-07-24,20.1,14.4,25.5,14333,0.0,1.67,2.2
2004-07-25,18.3,11.6,24.0,18508,3.1,1.39,2.0
2004-07-26,15.2,12.1,20.4,13103,11.5,1.39,1.8
2004-07-27,15.3,9.4,20.4,18130,1.2,1.2,1.8
2004-07-28,17.2,9.6,23.7,24745,0.0,1.24,1.5
2004-07-29,18.7,10.3,25.9,28492,0.0,1.33,1.9
2004-07-30,20.6,12.4,28.0,28276,0.0,1.51,1.5
2004-07-31,21.8,12.5,29.6,24737,0.0,1.57,1.3
2004-08-01,20.4,14.3,27.1,25507,0.0,1.67,1.6
2004-08-02,19.3,12.0,25.8,20515,0.0,1.46,1.4
2004-08-03,19.9,12.8,26.6,18843,0.0,1.54,1.4
2004-08-04,21.4,13.6,28.7,25462,0.0,1.62,1.4
2004-08-05,23.2,15.5,29.9,20499,0.3,1.82,2.0
2004-08-06,22.6,15.9,29.7,25985,0.0,1.85,2.1
2004-08-07,22.1,14.5,29.4,24426,0.0,1.73,2.1
2004-08-08,22.5,15.6,30.1,23959,0.0,1.84,2.5
2004-08-09,22.7,13.9,30.3,25534,0.0,1.68,2.5
2004-08-10,23.6,15.4,30.7,26019,0.0,1.82,2.6
2004-08-11,23.2,16.7,30.2,18493,0.0,1.95,1.7
2004-08-12,24.1,16.1,32.4,21611,3.4,1.94,1.7
2004-08-13,19.1,15.1,23.7,12124,3.4,1.7,3.2
2004-08-14,18.0,12.0,23.8,16539,6.9,1.44,2.5
2004-08-15,18.4,9.6,25.8,24694,0.0,1.26,1.9
2004-08-16,20.9,12.6,27.7,16109,0.0,1.53,2.0
2004-08-17,22.2,17.8,26.8,13436,0.8,2.03,1.9
2004-08-18,21.6,17.6,27.3,17076,0.7,2.0,2.3
2004-08-19,22.3,17.7,28.1,12790,0.2,2.04,3.3
2004-08-20,18.5,13.4,23.3,10502,2.9,1.54,2.8
2004-08-21,17.1,11.8,22.3,15140,0.0,1.39,2.6
2004-08-22,15.6,8.1,21.1,20425,0.0,1.11,2.0
2004-08-23,15.6,5.8,22.6,16415,0.0,0.99,1.9
2004-08-24,17.8,9.7,25.2,11984,3.6,1.28,2.4
2004-08-25,17.5,13.4,22.9,12455,0.6,1.54,3.2
2004-08-26,16.4,12.6,22.4,11231,1.2,1.46,3.0
2004-08-27,16.5,14.3,19.8,9905,1.7,1.6,3.0
2004-08-28,17.4,14.9,23.2,9483,7.0,1.68,2.1
2004-08-29,16.8,12.7,22.0,12056,5.0,1.46,1.8
2004-08-30,15.9,12.8,20.0,8976,2.0,1.45,2.9
2004-08-31,14.0,11.0,18.5,12510,2.2,1.29,3.0
2004-09-01,14.0,7.9,19.1,16548,0.0,1.08,2.3
2004-09-02,14.8,5.8,23.4,19780,0.0,1.01,1.4
2004-09-03,17.1,8.4,25.9,19196,0.0,1.2,1.3
2004-09-04,17.3,9.4,25.8,20546,0.0,1.26,1.1
2004-09-05,17.9,9.7,25.6,20385,0.0,1.28,1.5
2004-09-06,18.7,10.6,27.0,19904,0.0,1.36,1.6
2004-09-07,18.5,11.4,25.6,18373,0.0,1.41,1.9
2004-09-08,15.1,6.2,22.1,18636,0.0,1.01,2.0
2004-09-09,12.1,3.3,20.5,19308,0.0,0.84,1.9
2004-09-10,14.4,4.3,23.2,19451,0.0,0.92,2.4
2004-09-11,17.1,11.3,23.6,10160,4.8,1.36,2.3
2004-09-12,16.7,11.0,21.3,10053,0.4,1.33,3.5
2004-09-13,15.2,8.6,20.5,9844,0.0,1.15,3.1
2004-09-14,19.7,13.8,24.8,12346,0.0,1.6,3.1
2004-09-15,16.4,11.3,21.1,13812,0.0,1.34,3.3
2004-09-16,12.5,6.4,17.6,12883,0.0,0.98,1.9
2004-09-17,12.2,3.8,19.9,17359,0.0,0.86,2.0
2004-09-18,14.4,6.1,22.7,17286,0.0,1.02,2.1
2004-09-19,15.7,9.5,22.5,11515,0.0,1.23,2.0
2004-09-20,14.6,7.1,19.5,7652,2.1,1.03,3.3
2004-09-21,13.3,10.4,16.3,7271,1.7,1.23,5.3
2004-09-22,11.5,8.4,15.4,6894,2.4,1.08,4.7
2004-09-23,11.1,8.6,15.6,6428,2.0,1.1,4.0
2004-09-24,11.7,9.5,15.5,6340,0.7,1.16,3.5
2004-09-25,13.2,10.7,17.4,10841,0.1,1.26,2.9
2004-09-26,10.8,8.7,12.3,5344,1.7,1.09,2.3
2004-09-27,12.4,9.6,15.6,5444,0.6,1.17,2.7
2004-09-28,12.7,7.8,15.6,6345,6.8,1.05,2.4
2004-09-29,13.8,10.4,16.8,5989,14.3,1.24,2.8
2004-09-30,11.9,10.0,15.4,6077,0.2,1.19,1.5
2004-10-01,11.9,6.2,16.1,5641,0.2,0.94,1.6
2004-10-02,11.6,5.4,17.5,8565,0.4,0.91,2.0
2004-10-03,12.8,7.2,18.9,11261,0.0,1.04,1.9
2004-10-04,13.7,6.5,20.2,9096,0.0,1.0,2.4
2004-10-05,17.7,10.8,25.6,12396,0.0,1.35,2.3
2004-10-06,15.8,12.3,19.5,7698,0.2,1.41,2.4
2004-10-07,12.8,7.2,17.6,11269,0.0,1.03,2.4
2004-10-08,8.8,5.5,12.1,4812,0.0,0.88,1.6
2004-10-09,7.7,0.7,14.0,7855,0.0,0.67,1.7
2004-10-10,5.8,-0.7,12.7,8298,0.0,0.6,2.4
2004-10-11,5.4,1.4,11.1,11707,0.0,0.68,3.2
2004-10-12,4.8,-1.1,10.8,11475,0.0,0.58,3.4
2004-10-13,7.3,1.6,13.0,9406,0.0,0.7,2.6
2004-10-14,6.6,2.4,12.0,9048,0.0,0.72,2.6
2004-10-15,7.7,3.9,10.1,3900,1.5,0.79,2.4
2004-10-16,6.8,3.9,9.3,3831,2.9,0.78,2.0
2004-10-17,8.0,5.3,10.8,5960,0.5,0.86,3.0
2004-10-18,9.3,7.0,11.4,4056,2.7,0.98,3.8
2004-10-19,8.0,1.0,12.3,6490,0.0,0.67,1.7
2004-10-20,7.4,-0.4,12.7,6603,0.2,0.62,2.7
2004-10-21,11.8,3.1,20.9,6851,0.0,0.84,3.3
2004-10-22,10.0,1.3,17.0,9856,0.0,0.72,2.8
2004-10-23,14.0,7.8,18.1,4597,0.0,1.07,3.3
2004-10-24,17.0,12.5,21.0,7487,0.0,1.44,2.7
2004-10-25,14.8,10.3,20.4,6109,0.2,1.26,3.1
2004-10-26,11.3,8.6,13.1,3183,2.4,1.09,1.7
2004-10-27,9.3,6.2,13.4,4620,0.7,0.93,1.8
2004-10-28,8.8,6.7,10.3,3065,1.5,0.95,2.1
2004-10-29,9.9,8.5,11.2,3008,1.1,1.07,1.6
2004-10-30,11.0,10.1,12.0,2951,4.3,1.19,1.4
2004-10-31,11.4,9.5,13.8,3267,0.0,1.15,1.7
2004-11-01,8.6,6.1,10.2,2841,0.0,0.91,2.0
2004-11-02,7.8,5.9,11.1,3996,0.0,0.9,2.4
2004-11-03,8.5,5.4,11.2,2735,0.0,0.88,1.7
2004-11-04,11.4,9.0,14.2,2684,0.0,1.12,1.6
2004-11-05,9.7,5.7,12.8,4846,2.8,0.9,3.1
2004-11-06,6.5,4.7,9.2,3505,1.3,0.83,2.9
2004-11-07,4.9,0.2,8.1,3162,0.0,0.61,2.0
2004-11-08,2.6,-0.3,4.2,2939,0.7,0.58,1.4
2004-11-09,4.9,3.1,7.7,2444,2.7,0.74,2.4
2004-11-10,3.7,-0.2,6.7,4700,0.0,0.59,2.2
2004-11-11,2.6,-0.1,5.4,2356,0.0,0.59,1.3
2004-11-12,4.2,2.3,6.8,2314,2.9,0.7,2.7
2004-11-13,4.4,0.3,7.2,3594,0.0,0.61,3.1
2004-11-14,0.6,-1.0,2.7,2232,0.0,0.55,2.0
2004-11-15,3.5,0.5,6.4,2658,0.1,0.61,2.6
2004-11-16,6.8,4.9,9.2,4351,2.7,0.84,2.6
2004-11-17,7.9,5.1,11.2,2119,15.3,0.86,4.1
2004-11-18,8.1,2.4,11.7,2133,8.0,0.72,5.2
2004-11-19,0.7,-0.4,2.7,4271,1.6,0.57,3.9
2004-11-20,1.1,0.3,2.2,2064,2.4,0.6,3.9
2004-11-21,0.3,-1.2,3.2,4062,0.6,0.54,2.6
2004-11-22,4.6,0.4,10.4,1952,7.9,0.63,4.5
2004-11-23,4.9,1.2,9.8,3296,0.2,0.67,4.1
2004-11-24,0.3,-1.6,2.8,5644,0.0,0.52,1.5
2004-11-25,0.7,-1.5,5.2,3213,0.0,0.54,1.8
2004-11-26,0.3,-1.8,3.2,4093,0.3,0.52,2.5
2004-11-27,4.9,1.8,7.5,1814,0.3,0.68,2.6
2004-11-28,5.0,3.6,6.5,1790,3.0,0.77,1.6
2004-11-29,4.8,-0.6,6.6,1767,0.1,0.58,1.2
2004-11-30,2.2,-0.7,4.3,1745,0.1,0.56,2.1
2004-12-01,3.3,0.7,5.4,1724,0.0,0.62,1.7
2004-12-02,2.9,0.6,4.7,1749,0.0,0.62,1.7
2004-12-03,2.8,0.9,3.8,1686,0.0,0.63,1.7
2004-12-04,3.5,0.3,4.9,1669,0.0,0.6,2.2
2004-12-05,1.8,-0.6,6.8,1653,0.0,0.57,2.5
2004-12-06,7.1,6.3,8.0,1637,0.0,0.92,2.4
2004-12-07,6.6,5.1,7.2,1623,0.0,0.84,2.1
2004-12-08,5.1,2.4,6.4,1694,0.0,0.7,1.9
2004-12-09,4.2,2.4,4.8,1598,0.0,0.7,1.9
2004-12-10,0.0,-3.1,2.8,3841,0.0,0.47,1.5
2004-12-11,-1.1,-3.9,1.2,1952,0.1,0.44,1.4
2004-12-12,2.3,0.9,3.3,1569,0.0,0.63,1.2
2004-12-13,1.5,-0.3,2.5,1562,0.0,0.58,1.4
2004-12-14,-1.3,-3.9,0.3,1555,0.0,0.44,1.9
2004-12-15,-0.1,-4.3,4.2,4343,0.0,0.44,2.4
2004-12-16,1.5,-0.2,4.5,4293,0.6,0.58,2.9
2004-12-17,2.6,0.0,5.8,1543,3.2,0.6,3.8
2004-12-18,2.5,0.6,4.4,1663,0.8,0.62,4.2
2004-12-19,0.3,-2.7,1.6,2317,0.6,0.49,2.5
2004-12-20,-0.3,-3.0,3.3,2726,0.0,0.48,2.4
2004-12-21,-1.6,-4.1,1.8,2769,0.0,0.44,1.6
2004-12-22,-2.4,-5.4,1.0,1544,0.3,0.4,3.8
2004-12-23,4.4,0.7,8.7,1547,3.6,0.64,4.9
2004-12-24,6.9,2.2,8.9,2127,0.7,0.71,5.0
2004-12-25,5.8,-0.2,9.6,1640,0.9,0.6,3.3
2004-12-26,1.2,-1.3,3.1,1564,13.0,0.54,1.8
2004-12-27,2.1,0.3,3.5,1572,1.5,0.6,2.3
2004-12-28,0.5,-0.6,2.3,2038,0.6,0.56,2.9
2004-12-29,1.4,0.1,2.3,1591,0.0,0.59,2.3
2004-12-30,3.1,1.5,5.0,1644,0.3,0.66,3.1
2004-12-31,5.8,4.4,6.8,1614,2.3,0.8,2.8
2005-01-01,5.1,3.6,7.4,2120,0.8,0.76,2.7
2005-01-02,5.4,2.8,8.0,1839,4.5,0.73,5.4
2005-01-03,4.0,0.1,6.8,1642,3.1,0.6,5.0
2005-01-04,7.5,6.0,8.9,1657,1.8,0.9,5.2
2005-01-05,6.0,3.7,7.8,2280,1.0,0.77,3.5
2005-01-06,5.3,3.3,8.3,2912,0.3,0.75,4.1
2005-01-07,8.0,3.8,10.6,1711,0.0,0.79,5.0
2005-01-08,9.5,6.1,12.7,3987,0.0,0.93,5.8
2005-01-09,6.7,3.6,8.9,3402,0.0,0.77,4.3
2005-01-10,9.6,5.7,13.6,3528,0.0,0.9,3.9
2005-01-11,8.1,4.5,9.2,1798,0.1,0.81,3.1
2005-01-12,6.9,4.5,9.4,1822,0.4,0.82,3.5
2005-01-13,4.4,2.9,5.9,2033,0.9,0.72,3.8
2005-01-14,3.8,2.4,5.3,2202,1.0,0.7,2.5
2005-01-15,2.9,-1.9,4.4,1903,0.0,0.52,1.5
2005-01-16,-0.6,-3.3,3.2,5645,0.0,0.47,2.0
2005-01-17,1.1,-2.0,4.4,3309,0.0,0.52,2.9
2005-01-18,3.0,0.4,4.9,1994,0.6,0.61,3.6
2005-01-19,2.3,-0.2,4.5,2813,6.2,0.58,3.7
2005-01-20,3.8,0.5,6.2,2061,4.9,0.62,6.3
2005-01-21,3.6,1.2,5.8,2447,0.7,0.64,5.8
2005-01-22,1.3,-0.5,3.2,3148,0.0,0.57,3.6
2005-01-23,0.3,-0.8,2.3,3094,2.2,0.56,3.0
2005-01-24,-0.8,-2.3,0.7,2832,2.5,0.5,3.5
2005-01-25,-3.0,-4.1,-1.1,2247,0.1,0.44,3.0
2005-01-26,-4.6,-8.7,-2.6,2341,0.0,0.31,2.9
2005-01-27,-4.7,-9.6,-2.0,3138,1.3,0.29,1.6
2005-01-28,-2.6,-5.2,-0.5,2373,0.0,0.4,1.1
2005-01-29,-4.9,-8.1,-2.8,2748,0.0,0.32,1.4
2005-01-30,-1.7,-6.5,2.8,3133,1.4,0.38,2.5
2005-01-31,3.1,-0.2,5.8,2509,1.3,0.59,4.1
2005-02-01,2.1,0.5,5.1,6164,0.0,0.61,3.4
2005-02-02,0.6,-1.3,2.9,2606,0.1,0.54,3.2
2005-02-03,1.5,-2.2,5.4,4710,0.0,0.51,2.0
2005-02-04,0.9,-1.5,4.0,2706,0.0,0.53,1.6
2005-02-05,-1.8,-4.7,1.4,7513,0.0,0.42,2.6
2005-02-06,-3.7,-6.5,0.7,7625,0.0,0.37,2.3
2005-02-07,-4.7,-8.7,0.4,7617,0.0,0.32,2.2
2005-02-08,-3.1,-7.9,1.8,8044,0.0,0.34,1.8
2005-02-09,-0.6,-3.8,3.5,7785,0.0,0.45,2.0
2005-02-10,3.8,0.8,5.9,3035,2.0,0.63,4.0
2005-02-11,2.8,-2.5,7.3,5882,0.3,0.51,2.7
2005-02-12,3.8,-2.1,10.5,3153,13.5,0.55,5.3
2005-02-13,1.8,0.1,5.3,3214,5.8,0.59,5.5
2005-02-14,-0.3,-0.6,0.5,3275,2.2,0.56,4.0
2005-02-15,0.0,-0.5,0.7,3338,0.2,0.57,3.5
2005-02-16,-0.1,-0.5,0.9,3401,2.1,0.56,3.3
2005-02-17,-0.5,-2.4,0.5,3466,0.0,0.49,1.8
2005-02-18,-3.9,-8.8,-0.2,7062,0.4,0.31,2.6
2005-02-19,-1.6,-3.8,0.6,3597,0.5,0.45,2.3
2005-02-20,0.4,-1.2,3.1,5762,0.0,0.54,1.6
2005-02-21,-1.3,-3.6,1.2,5050,0.0,0.45,2.5
2005-02-22,-2.6,-6.4,0.4,4320,2.6,0.37,3.4
2005-02-23,0.1,-0.9,1.1,3871,10.4,0.55,2.5
2005-02-24,-1.8,-6.6,1.9,4700,1.9,0.37,1.7
2005-02-25,0.2,-0.2,1.3,4014,1.7,0.58,1.5
2005-02-26,-1.1,-7.6,0.8,4086,0.9,0.34,2.0
2005-02-27,-5.7,-8.8,-2.4,7527,1.8,0.31,3.6
2005-02-28,-6.1,-12.1,-1.8,9064,0.4,0.24,2.6
2005-03-01,-3.4,-6.1,-0.1,8951,1.2,0.38,3.2
2005-03-02,-3.0,-7.3,1.5,7296,0.0,0.35,2.2
2005-03-03,-4.4,-8.2,2.1,6666,0.6,0.33,2.1
2005-03-04,-3.0,-5.7,0.6,5939,0.0,0.39,1.5
2005-03-05,-3.7,-6.5,-0.2,9874,0.1,0.37,2.2
2005-03-06,-2.3,-5.7,0.5,5026,0.5,0.39,2.6
2005-03-07,-1.6,-6.7,1.9,5278,0.0,0.37,2.6
2005-03-08,1.7,-0.5,4.3,5276,0.0,0.57,3.0
2005-03-09,-1.4,-8.6,3.5,5272,2.9,0.33,2.5
2005-03-10,-3.5,-12.8,2.5,9835,0.0,0.25,2.0
2005-03-11,1.2,-0.7,3.0,5084,4.3,0.56,5.0
2005-03-12,2.1,0.4,4.2,5433,2.7,0.61,4.9
2005-03-13,0.8,-1.7,4.0,10307,0.3,0.53,3.0
2005-03-14,2.5,-0.9,6.1,8428,0.0,0.56,2.4
2005-03-15,4.7,-0.3,8.4,5500,0.0,0.59,2.6
2005-03-16,12.1,5.7,17.1,5583,0.1,0.93,3.5
2005-03-17,13.4,11.1,16.3,6977,1.9,1.29,4.7
2005-03-18,10.7,3.0,13.6,5654,0.7,0.76,3.9
2005-03-19,0.9,-2.9,4.2,9741,0.0,0.49,2.5
2005-03-20,-0.3,-4.9,4.5,16970,0.0,0.42,2.0
2005-03-21,0.8,-4.6,6.1,17242,0.0,0.44,2.3
2005-03-22,4.2,-2.6,11.3,16245,0.0,0.53,2.7
2005-03-23,7.0,0.7,12.4,7448,0.1,0.66,1.7
2005-03-24,10.3,4.4,17.2,10023,0.0,0.87,1.7
2005-03-25,9.4,3.0,17.4,13637,0.0,0.8,1.6
2005-03-26,8.3,6.5,10.9,6319,0.0,0.94,1.5
2005-03-27,8.4,6.7,11.7,6402,0.0,0.95,2.3
2005-03-28,6.6,1.4,11.9,18655,0.0,0.68,2.2
2005-03-29,6.3,0.1,12.8,18207,0.0,0.64,2.4
2005-03-30,5.7,0.7,11.5,19201,0.0,0.65,3.0
2005-03-31,4.5,-1.4,10.8,19578,0.0,0.57,2.5
2005-04-01,6.2,-2.6,13.9,20063,0.0,0.55,2.4
2005-04-02,8.1,-2.0,16.8,20444,0.0,0.6,2.3
2005-04-03,10.0,-0.8,19.7,18909,0.0,0.66,1.9
2005-04-04,12.3,3.0,21.1,19924,0.0,0.83,1.9
2005-04-05,9.2,5.3,17.6,12321,0.6,0.91,2.5
2005-04-06,9.6,1.4,16.0,15688,0.0,0.71,2.8
2005-04-07,11.9,5.7,15.3,9599,2.2,0.92,3.9
2005-04-08,9.0,4.3,14.9,11120,0.5,0.83,2.5
2005-04-09,6.5,2.2,9.9,10228,1.9,0.71,2.7
2005-04-10,5.8,1.4,9.7,12209,0.0,0.67,2.2
2005-04-11,9.2,4.4,14.7,17557,0.0,0.84,2.4
2005-04-12,10.3,3.0,16.2,14436,0.0,0.79,1.7
2005-04-13,9.6,3.4,16.1,9815,0.0,0.81,1.3
2005-04-14,11.9,2.5,19.6,17378,0.0,0.8,1.6
2005-04-15,14.3,8.3,21.2,16363,0.0,1.12,2.1
2005-04-16,14.4,7.2,21.9,20024,0.1,1.07,3.1
2005-04-17,14.2,8.2,21.1,19466,0.0,1.11,3.1
2005-04-18,11.7,6.1,18.4,15785,0.0,0.96,2.4
2005-04-19,9.5,4.2,15.5,21224,0.0,0.84,3.0
2005-04-20,5.3,-0.4,11.6,23796,0.0,0.61,3.1
2005-04-21,3.8,-2.5,10.3,24751,0.0,0.53,1.7
2005-04-22,6.9,-0.8,12.5,15035,0.0,0.6,1.4
2005-04-23,7.5,2.3,13.1,21492,0.0,0.74,2.0
2005-04-24,8.2,0.4,15.0,25040,0.0,0.67,2.5
2005-04-25,9.8,2.7,17.3,13425,0.0,0.79,3.0
2005-04-26,10.8,4.0,18.1,22679,0.0,0.85,2.3
2005-04-27,10.4,5.7,15.6,9535,5.5,0.91,2.6
2005-04-28,10.6,3.4,16.2,19673,0.0,0.8,1.9
2005-04-29,10.8,1.9,18.0,14365,0.0,0.76,1.6
2005-04-30,16.3,9.0,22.0,20357,0.0,1.18,1.2
2005-05-01,18.3,10.9,25.2,21061,0.0,1.35,1.5
2005-05-02,21.8,10.5,31.0,20918,0.6,1.41,2.2
2005-05-03,18.0,14.3,22.8,16635,9.6,1.61,1.8
2005-05-04,14.5,10.8,17.3,10374,0.0,1.28,2.6
2005-05-05,12.0,8.7,15.6,16064,0.7,1.1,3.1
2005-05-06,9.2,6.4,14.9,12586,2.6,0.96,3.4
2005-05-07,8.2,5.2,12.8,13513,8.1,0.87,3.0
2005-05-08,7.8,4.8,12.6,15059,1.5,0.85,3.2
2005-05-09,7.4,3.9,13.2,16487,2.1,0.8,2.6
2005-05-10,7.1,3.6,11.9,15568,2.6,0.79,2.4
2005-05-11,7.1,4.0,12.5,14148,1.2,0.8,2.4
2005-05-12,8.1,3.3,13.9,15080,0.6,0.78,2.2
2005-05-13,10.6,1.7,17.5,26344,0.0,0.74,2.0
2005-05-14,11.3,4.7,17.6,11339,22.4,0.89,2.3
2005-05-15,10.4,6.8,13.8,12267,2.5,0.98,2.7
2005-05-16,11.8,6.8,18.2,18200,1.5,1.0,2.2
2005-05-17,8.0,5.9,10.1,10242,3.2,0.9,1.9
2005-05-18,9.0,3.2,14.1,13552,0.0,0.78,2.1
2005-05-19,9.7,0.5,16.1,27175,0.0,0.68,1.9
2005-05-20,14.1,4.6,20.4,25859,0.0,0.91,2.3
2005-05-21,17.3,9.4,23.4,17732,1.9,1.24,2.0
2005-05-22,17.3,13.1,21.5,15765,6.9,1.49,1.8
2005-05-23,16.0,12.3,18.6,10255,12.0,1.39,2.0
2005-05-24,15.1,9.9,20.8,17881,0.1,1.23,1.9
2005-05-25,17.8,11.1,24.3,24635,0.0,1.35,1.9
2005-05-26,20.0,11.2,27.1,27093,0.0,1.4,2.0
2005-05-27,23.2,13.5,31.6,29046,0.0,1.67,1.4
2005-05-28,24.5,14.6,31.8,30366,0.0,1.78,2.1
2005-05-29,21.6,16.2,27.1,29653,10.2,1.85,1.9
2005-05-30,15.5,10.8,18.9,12537,1.7,1.29,2.5
2005-05-31,12.1,7.9,16.8,15749,0.0,1.06,3.1
2005-06-01,10.5,6.8,13.6,11071,0.0,0.97,2.2
2005-06-02,12.8,3.9,17.4,16066,0.0,0.84,1.9
2005-06-03,19.6,12.5,25.8,19536,0.0,1.5,2.1
2005-06-04,18.8,13.2,22.1,18928,0.0,1.5,3.8
2005-06-05,13.5,11.1,16.3,13979,5.2,1.29,3.2
2005-06-06,11.6,9.0,14.2,11705,0.4,1.12,3.0
2005-06-07,9.7,7.0,12.8,10704,0.4,0.98,3.3
2005-06-08,11.8,6.5,16.9,21963,0.0,0.97,2.1
2005-06-09,14.2,7.5,19.8,23517,0.0,1.05,1.8
2005-06-10,12.6,7.2,18.4,11395,2.3,1.03,2.3
2005-06-11,10.4,7.0,13.5,14477,0.3,0.98,2.6
2005-06-12,10.4,5.3,14.6,15258,0.0,0.89,2.0
2005-06-13,13.2,4.8,21.9,23455,0.0,0.94,2.5
2005-06-14,17.6,6.1,26.1,21932,5.8,1.06,1.7
2005-06-15,18.8,13.8,23.5,17848,0.0,1.57,1.4
2005-06-16,20.5,11.7,27.4,24892,0.0,1.46,1.8
2005-06-17,19.9,16.0,22.8,11721,0.0,1.79,2.6
2005-06-18,17.1,11.5,23.0,29635,0.0,1.37,2.5
2005-06-19,17.4,10.0,24.1,22985,0.0,1.27,1.5
2005-06-20,18.4,8.9,25.6,30917,0.0,1.22,1.6
2005-06-21,21.8,10.7,29.8,26821,0.7,1.43,1.8
2005-06-22,18.9,10.9,23.5,21957,0.0,1.34,2.1
2005-06-23,19.5,10.1,27.3,27067,0.0,1.34,1.4
2005-06-24,23.1,13.8,30.4,24630,0.0,1.69,1.5
2005-06-25,23.0,15.0,33.2,21937,4.7,1.83,2.3
2005-06-26,18.8,13.1,25.3,26527,0.0,1.54,1.7
2005-06-27,18.6,10.9,24.7,30474,0.0,1.35,1.7
2005-06-28,17.0,10.3,23.4,30201,0.0,1.28,2.0
2005-06-29,18.5,8.8,26.2,28012,0.0,1.22,1.7
2005-06-30,18.1,10.6,24.6,26333,0.0,1.33,2.1
2005-07-01,17.3,14.1,21.4,11002,0.4,1.58,2.1
2005-07-02,18.1,14.4,24.3,16596,0.0,1.64,1.5
2005-07-03,20.9,12.8,27.3,23968,0.0,1.53,1.3
2005-07-04,22.4,12.2,29.4,27635,0.0,1.52,2.8
2005-07-05,15.0,11.3,20.0,12073,18.7,1.32,2.2
2005-07-06,12.7,10.5,16.6,14594,7.5,1.25,2.0
2005-07-07,15.3,10.3,22.8,12915,0.5,1.29,1.9
2005-07-08,16.0,11.6,19.1,11745,14.4,1.34,1.3
2005-07-09,19.1,15.5,25.0,15908,0.4,1.75,1.5
2005-07-10,21.7,15.2,28.6,28691,0.9,1.78,2.3
2005-07-11,22.0,14.1,28.7,28520,0.0,1.66,2.3
2005-07-12,23.1,16.1,29.8,29867,0.0,1.9,1.9
2005-07-13,23.5,16.0,30.1,27919,0.0,1.89,1.7
2005-07-14,21.9,14.0,28.8,27237,0.0,1.67,1.2
2005-07-15,22.7,15.0,31.3,24407,4.6,1.82,2.3
2005-07-16,19.1,14.5,23.7,19562,0.0,1.65,2.4
2005-07-17,16.9,12.2,22.6,19388,0.0,1.44,2.2
2005-07-18,19.7,13.4,25.6,16821,0.1,1.57,1.6
2005-07-19,20.3,16.5,25.5,16648,0.3,1.88,3.3
2005-07-20,16.9,11.8,22.9,15594,3.7,1.4,3.9
2005-07-21,13.6,12.0,15.6,10779,20.0,1.35,4.4
2005-07-22,16.7,14.1,20.0,15493,3.4,1.58,3.0
2005-07-23,15.2,13.7,18.1,10314,0.0,1.51,2.5
2005-07-24,17.1,13.5,22.7,14138,1.0,1.55,2.0
2005-07-25,19.3,15.2,25.6,15704,8.1,1.73,2.2
2005-07-26,18.7,15.5,23.1,15024,3.8,1.74,2.1
2005-07-27,19.1,15.1,24.4,16208,1.4,1.72,1.4
2005-07-28,22.6,17.0,29.3,17758,0.3,1.98,1.6
2005-07-29,24.5,19.0,30.6,17815,19.9,2.21,1.7
2005-07-30,22.2,18.0,27.1,17005,0.2,2.06,2.6
2005-07-31,20.7,15.9,26.1,18785,0.0,1.82,2.9
2005-08-01,17.3,10.9,21.9,21785,0.0,1.32,2.5
2005-08-02,17.4,9.5,23.4,23052,0.4,1.24,1.8
2005-08-03,15.8,14.8,17.5,9495,15.1,1.62,1.8
2005-08-04,16.5,11.1,21.5,17865,0.9,1.32,2.6
2005-08-05,16.2,8.3,21.8,17785,7.6,1.13,2.2
2005-08-06,15.7,12.3,19.6,17582,0.5,1.41,2.8
2005-08-07,13.3,8.5,18.8,15681,3.5,1.12,2.3
2005-08-08,14.1,7.2,20.6,21646,0.0,1.05,2.1
2005-08-09,13.1,9.7,17.5,9853,0.2,1.19,2.7
2005-08-10,14.1,12.7,17.7,9907,7.8,1.43,3.2
2005-08-11,14.8,12.5,18.1,9001,0.1,1.41,3.0
2005-08-12,16.3,12.5,21.4,15625,5.7,1.44,2.2
2005-08-13,14.7,12.1,17.6,10059,0.2,1.37,2.2
2005-08-14,15.8,10.7,21.4,11174,0.1,1.3,2.1
2005-08-15,17.5,13.6,22.7,12872,0.0,1.55,2.0
2005-08-16,17.4,10.9,24.2,20097,0.0,1.34,1.8
2005-08-17,16.2,9.3,22.7,18223,0.0,1.22,1.6
2005-08-18,18.6,9.6,25.9,24669,0.0,1.27,2.1
2005-08-19,20.0,11.2,27.2,20573,0.0,1.41,2.0
2005-08-20,21.5,14.0,27.9,19988,0.1,1.66,1.5
2005-08-21,22.0,13.7,28.4,23105,0.0,1.63,2.0
2005-08-22,20.0,12.9,27.0,21243,0.6,1.54,2.2
2005-08-23,17.1,14.2,19.6,8272,7.2,1.58,2.0
2005-08-24,17.6,12.8,22.7,10365,0.1,1.48,1.8
2005-08-25,16.3,12.2,21.4,8234,6.4,1.41,2.8
2005-08-26,14.7,10.2,20.2,14604,1.7,1.25,2.9
2005-08-27,15.0,9.6,21.3,19110,0.0,1.21,1.7
2005-08-28,16.6,9.7,23.5,18642,0.0,1.25,1.5
2005-08-29,19.1,10.8,27.4,22299,0.0,1.38,1.8
2005-08-30,18.6,11.4,25.6,21038,0.0,1.41,1.4
2005-08-31,18.4,11.9,25.1,22102,0.0,1.44,2.1
2005-09-01,19.4,10.9,27.8,21396,0.0,1.41,2.2
2005-09-02,19.2,10.4,27.6,18185,0.9,1.36,1.6
2005-09-03,18.6,12.3,22.3,8064,0.0,1.42,1.9
2005-09-04,16.2,9.7,24.3,17039,0.0,1.25,1.7
2005-09-05,18.4,10.0,26.5,20225,0.0,1.31,1.9
2005-09-06,19.3,11.4,27.5,20065,0.0,1.43,1.6
2005-09-07,19.3,12.7,27.4,19480,0.0,1.54,1.5
2005-09-08,20.3,11.9,29.5,19110,0.0,1.52,1.6
2005-09-09,21.2,12.4,28.9,18741,0.0,1.55,1.7
2005-09-10,20.9,15.4,27.7,13905,5.9,1.78,1.9
2005-09-11,19.1,16.5,22.5,8409,17.0,1.84,1.9
2005-09-12,17.5,12.0,19.6,6573,0.2,1.38,2.2
2005-09-13,14.2,9.2,19.9,11987,0.0,1.17,1.4
2005-09-14,15.5,8.5,21.2,13786,0.0,1.14,2.8
2005-09-15,16.9,12.9,21.1,13750,10.5,1.48,2.8
2005-09-16,12.1,10.3,13.4,6244,6.2,1.21,2.8
2005-09-17,11.5,5.1,16.5,15749,0.0,0.9,1.8
2005-09-18,10.4,3.1,18.1,16966,0.0,0.81,2.0
2005-09-19,11.3,4.4,18.2,11836,0.0,0.88,1.7
2005-09-20,12.7,6.4,18.7,13349,0.0,0.98,1.1
2005-09-21,13.4,8.1,18.8,7557,0.0,1.09,1.4
2005-09-22,13.4,8.4,21.3,12875,0.0,1.13,1.5
2005-09-23,14.6,7.1,22.2,16031,0.0,1.07,1.6
2005-09-24,15.7,9.3,23.9,15394,0.0,1.22,1.2
2005-09-25,15.5,7.8,24.1,15414,0.0,1.14,1.4
2005-09-26,15.3,10.1,19.8,10014,0.0,1.24,1.6
2005-09-27,15.4,9.1,21.6,12258,0.5,1.18,2.1
2005-09-28,13.2,8.8,15.5,5895,4.5,1.11,2.3
2005-09-29,11.0,8.5,15.6,5541,3.4,1.1,2.8
2005-09-30,10.5,5.8,15.0,6786,0.0,0.92,2.3
2005-10-01,10.6,4.6,16.7,9583,5.3,0.87,2.4
2005-10-02,11.7,10.3,14.1,4946,1.0,1.22,1.5
2005-10-03,13.1,10.9,16.4,5899,0.0,1.27,1.7
2005-10-04,14.3,10.9,19.0,9132,0.0,1.3,2.6
2005-10-05,13.7,9.2,20.1,12721,0.0,1.18,2.3
2005-10-06,13.5,8.1,20.9,12814,0.0,1.12,1.9
2005-10-07,13.6,8.4,19.8,12076,0.0,1.13,2.1
2005-10-08,14.7,9.3,21.2,12413,0.0,1.2,1.7
2005-10-09,12.5,7.3,19.3,12174,0.0,1.04,1.5
2005-10-10,12.0,5.7,19.9,11378,0.0,0.96,1.7
2005-10-11,12.2,5.5,19.7,11862,0.0,0.94,2.2
2005-10-12,11.9,5.3,18.4,11707,0.0,0.92,2.1
2005-10-13,9.6,4.2,17.5,11010,0.0,0.86,1.4
2005-10-14,8.7,1.0,17.9,10403,0.0,0.72,1.0
2005-10-15,8.5,2.8,15.6,9124,0.0,0.77,1.6
2005-10-16,6.7,-0.6,12.3,5024,0.0,0.6,2.0
2005-10-17,9.9,7.8,13.9,4349,0.0,1.03,2.5
2005-10-18,6.7,0.1,12.4,5740,0.0,0.64,2.5
2005-10-19,6.2,-1.8,14.3,10066,0.0,0.58,2.4
2005-10-20,9.3,2.6,15.5,7778,0.1,0.76,2.2
2005-10-21,11.8,9.2,15.8,5047,1.0,1.14,2.3
2005-10-22,13.5,10.8,18.8,4195,9.2,1.28,3.3
2005-10-23,12.4,8.7,15.8,4951,4.6,1.11,2.5
2005-10-24,9.1,6.6,11.5,3368,3.6,0.94,2.2
2005-10-25,13.8,11.2,16.7,3508,0.8,1.29,4.1
2005-10-26,13.5,9.8,16.3,5376,0.0,1.18,3.4
2005-10-27,12.3,8.4,18.1,8318,0.0,1.1,1.7
2005-10-28,11.9,8.3,16.6,8652,0.0,1.09,2.3
2005-10-29,8.7,4.5,14.1,8590,0.0,0.85,2.1
2005-10-30,9.2,3.9,16.4,8275,0.0,0.83,2.0
2005-10-31,7.9,4.8,13.4,8217,0.0,0.85,2.4
2005-11-01,8.1,2.7,12.7,7292,0.6,0.74,2.1
2005-11-02,9.2,6.7,12.0,2841,0.1,0.95,2.2
2005-11-03,10.7,7.1,15.9,4781,0.2,1.0,2.7
2005-11-04,11.4,9.6,13.8,3153,1.9,1.15,2.1
2005-11-05,9.0,5.4,10.8,2684,4.0,0.88,2.6
2005-11-06,5.7,1.8,11.4,7525,0.0,0.69,2.3
2005-11-07,6.4,1.1,11.9,6208,0.2,0.67,2.2
2005-11-08,9.4,5.7,13.3,7139,0.0,0.9,2.2
2005-11-09,6.1,2.6,11.8,6475,0.0,0.73,1.9
2005-11-10,6.3,0.1,9.4,2444,0.6,0.62,2.2
2005-11-11,10.0,8.2,11.9,2400,0.0,1.05,2.8
2005-11-12,8.3,2.3,11.2,5279,0.0,0.72,2.4
2005-11-13,4.4,0.1,10.0,6004,0.0,0.62,1.5
2005-11-14,6.6,4.2,8.2,2325,0.0,0.79,2.2
2005-11-15,5.4,4.5,6.5,2441,2.3,0.81,3.3
2005-11-16,4.2,1.4,6.0,2400,1.6,0.65,2.6
2005-11-17,1.6,0.1,3.3,3993,0.0,0.59,2.4
2005-11-18,1.1,0.1,2.7,2220,0.3,0.59,1.7
2005-11-19,1.0,-0.4,2.4,2083,0.0,0.57,1.7
2005-11-20,2.1,-0.1,5.0,2049,0.5,0.59,2.4
2005-11-21,1.4,-1.1,5.4,2992,0.3,0.56,2.0
2005-11-22,2.6,-0.1,4.4,1983,0.0,0.58,1.8
2005-11-23,4.2,3.0,5.3,1952,0.2,0.73,1.9
2005-11-24,0.6,-2.2,3.3,1922,0.0,0.5,2.7
2005-11-25,-1.2,-3.2,0.5,1988,1.2,0.46,4.2
2005-11-26,0.2,-2.3,4.0,5348,0.0,0.51,3.1
2005-11-27,-0.7,-3.4,1.2,1840,0.0,0.46,1.9
2005-11-28,-1.2,-4.8,1.5,2863,0.5,0.42,2.1
2005-11-29,0.3,-4.5,2.8,2197,0.3,0.43,1.8
2005-11-30,1.8,-1.4,4.2,1767,0.0,0.54,2.2
2005-12-01,0.1,-3.0,3.9,4588,0.0,0.48,2.2
2005-12-02,-0.8,-2.3,0.9,3135,0.0,0.5,3.0
2005-12-03,-0.3,-2.1,0.9,1705,1.0,0.51,2.8
2005-12-04,2.2,0.1,4.2,1686,1.0,0.6,2.8
2005-12-05,4.2,0.9,6.5,1669,0.0,0.63,2.4
2005-12-06,2.1,-0.6,6.5,4266,0.0,0.57,1.5
2005-12-07,1.8,-0.2,3.1,1637,0.0,0.58,2.0
2005-12-08,1.8,0.5,2.9,1623,0.1,0.61,1.8
2005-12-09,2.2,-0.8,3.4,1610,0.0,0.56,1.6
2005-12-10,0.2,-2.2,3.2,2395,0.5,0.5,1.8
2005-12-11,1.4,-0.9,3.7,1588,0.3,0.55,2.5
2005-12-12,4.2,-0.4,7.1,1578,0.0,0.58,2.2
2005-12-13,2.0,-0.7,4.6,1569,0.8,0.56,2.2
2005-12-14,4.9,4.3,6.1,1562,0.2,0.8,2.2
2005-12-15,6.0,5.0,7.7,1555,9.7,0.84,4.7
2005-12-16,2.9,0.1,6.8,1550,7.4,0.6,5.7
2005-12-17,-0.3,-2.3,0.6,2776,0.0,0.5,3.6
2005-12-18,-0.4,-2.3,1.5,1543,0.5,0.5,3.3
2005-12-19,-0.1,-3.3,2.5,1582,5.6,0.47,3.2
2005-12-20,3.3,0.0,6.6,1540,7.2,0.59,3.3
2005-12-21,1.1,-0.2,3.1,2358,1.5,0.58,2.1
2005-12-22,4.9,2.7,6.5,1582,0.9,0.72,2.9
2005-12-23,5.2,4.0,7.1,1789,3.4,0.78,2.5
2005-12-24,7.0,4.5,8.3,1547,0.8,0.81,3.2
2005-12-25,1.6,-1.1,4.7,3936,0.0,0.55,1.9
2005-12-26,-0.5,-2.5,0.2,1557,5.2,0.49,2.1
2005-12-27,-2.4,-4.5,-0.7,1688,1.0,0.42,2.9
2005-12-28,-4.1,-4.8,-2.4,1572,4.5,0.41,2.8
2005-12-29,-3.2,-5.7,-0.5,1581,3.1,0.39,3.1
2005-12-30,-6.8,-15.8,-2.2,3890,0.0,0.19,2.8
2005-12-31,-5.6,-16.5,2.8,1602,1.8,0.2,3.1
2006-01-01,1.2,-4.6,3.2,1825,0.5,0.43,2.0
2006-01-02,-1.4,-5.0,1.4,1627,0.1,0.41,1.3
2006-01-03,1.3,0.6,2.2,1642,0.0,0.61,1.3
2006-01-04,0.4,0.2,1.2,1657,0.0,0.59,2.1
2006-01-05,0.2,-0.6,1.0,1674,0.0,0.56,3.4
2006-01-06,-1.2,-2.3,-0.1,1692,0.7,0.49,3.0
2006-01-07,-2.3,-5.7,-0.8,1711,0.0,0.39,2.6
2006-01-08,-6.0,-8.1,-4.0,4208,0.0,0.32,2.4
2006-01-09,-7.9,-10.6,-3.7,4472,0.0,0.27,1.6
2006-01-10,-5.2,-10.1,-0.1,4248,0.0,0.29,2.0
2006-01-11,-1.7,-6.2,2.2,4792,1.7,0.39,2.7
2006-01-12,1.5,1.1,2.2,1822,0.0,0.63,1.6
2006-01-13,-0.1,-1.1,1.7,1848,0.0,0.54,2.3
2006-01-14,-2.6,-5.5,-0.8,2762,0.0,0.39,1.8
2006-01-15,-5.8,-9.0,-3.0,4636,0.0,0.3,2.0
2006-01-16,-6.3,-10.1,-1.7,5074,0.0,0.28,2.0
2006-01-17,-3.9,-8.2,-0.1,5088,3.9,0.33,3.0
2006-01-18,-3.1,-4.2,-1.4,1994,0.5,0.43,3.0
2006-01-19,-3.9,-5.0,-2.8,2027,2.4,0.4,1.8
2006-01-20,-2.7,-4.6,2.5,2061,8.1,0.43,2.9
2006-01-21,0.1,-10.5,3.5,2096,0.6,0.29,3.5
2006-01-22,-13.7,-16.8,-10.3,5891,0.1,0.16,2.4
2006-01-23,-16.3,-18.5,-13.9,5869,0.0,0.14,2.5
2006-01-24,-13.4,-17.7,-8.8,5379,0.0,0.15,2.1
2006-01-25,-5.5,-8.9,-3.3,2247,0.0,0.3,2.3
2006-01-26,-8.1,-12.7,-4.8,5215,0.0,0.23,2.6
2006-01-27,-12.0,-15.4,-6.3,5724,0.0,0.19,1.8
2006-01-28,-10.4,-15.3,-2.8,6353,0.0,0.19,1.7
2006-01-29,-4.5,-10.7,1.4,5729,0.0,0.28,1.5
2006-01-30,-2.0,-6.5,0.6,2519,0.0,0.37,1.8
2006-01-31,0.6,-0.4,1.5,2509,0.0,0.57,2.0
2006-02-01,-1.8,-2.9,-0.3,2557,0.0,0.47,1.5
2006-02-02,-0.7,-2.7,0.3,2606,0.0,0.48,1.5
2006-02-03,0.2,-0.2,1.1,2655,0.2,0.57,1.4
2006-02-04,-2.3,-11.5,0.3,5143,0.9,0.26,1.7
2006-02-05,-7.9,-12.9,-2.1,3240,0.0,0.23,1.1
2006-02-06,-7.5,-14.6,0.3,4823,8.2,0.21,2.0
2006-02-07,3.1,0.2,5.1,2866,2.9,0.6,4.1
2006-02-08,3.3,2.0,4.6,2921,5.2,0.68,4.5
2006-02-09,1.6,0.3,3.5,3610,3.2,0.6,4.9
2006-02-10,0.4,-0.1,1.3,3035,0.3,0.58,3.5
2006-02-11,0.3,-0.6,1.4,3094,0.6,0.56,1.2
2006-02-12,-0.9,-3.6,1.1,3350,0.2,0.45,1.4
2006-02-13,0.4,-1.2,1.7,3214,0.2,0.54,1.5
2006-02-14,-1.0,-5.2,3.8,9128,0.3,0.41,1.8
2006-02-15,0.5,-3.3,2.9,3338,0.5,0.47,3.3
2006-02-16,2.6,1.3,4.4,3815,3.5,0.65,2.4
2006-02-17,2.0,0.4,4.2,3466,3.1,0.61,2.9
2006-02-18,4.3,2.1,8.7,6921,0.1,0.7,2.6
2006-02-19,3.0,-1.4,5.7,3669,0.0,0.54,2.0
2006-02-20,1.3,-2.1,4.1,3665,0.0,0.51,2.2
2006-02-21,1.5,0.5,3.9,3733,0.0,0.61,2.8
2006-02-22,0.3,-0.5,1.3,3802,0.0,0.57,2.8
2006-02-23,-0.4,-2.7,2.5,7915,0.0,0.49,1.7
2006-02-24,-0.9,-3.6,3.2,10759,0.0,0.46,3.8
2006-02-25,-1.8,-2.4,-1.2,4014,0.2,0.49,3.3
2006-02-26,-1.7,-6.7,2.6,5015,0.4,0.37,2.2
2006-02-27,-3.8,-10.0,2.1,9016,0.2,0.3,1.6
2006-02-28,-1.7,-6.5,1.1,5420,0.5,0.37,3.0
2006-03-01,0.3,-2.7,3.4,5668,1.2,0.49,3.4
2006-03-02,-0.6,-3.6,2.8,6001,0.1,0.46,3.4
2006-03-03,-0.7,-3.9,3.6,8957,0.0,0.45,2.5
2006-03-04,-0.8,-3.1,2.4,7676,0.0,0.47,2.1
2006-03-05,0.2,-3.4,4.9,7786,1.9,0.47,2.5
2006-03-06,-2.1,-8.8,1.5,9415,2.3,0.32,2.7
2006-03-07,-0.9,-4.5,2.0,5960,0.5,0.43,2.1
2006-03-08,-3.0,-8.7,2.0,7860,0.0,0.32,2.7
2006-03-09,-1.3,-4.3,1.2,4924,1.4,0.43,3.1
2006-03-10,-0.2,-1.1,0.9,5004,4.1,0.54,3.2
2006-03-11,-2.5,-3.9,-0.8,5084,0.5,0.44,3.4
2006-03-12,-2.8,-6.8,-0.2,6687,0.0,0.36,2.7
2006-03-13,-4.8,-13.0,0.2,8318,0.0,0.24,2.0
2006-03-14,-2.7,-8.4,0.9,10252,0.0,0.33,1.9
2006-03-15,-0.5,-3.4,1.7,5408,0.1,0.46,2.5
2006-03-16,1.4,-0.6,4.3,7440,0.0,0.57,2.8
2006-03-17,0.9,-0.5,2.9,5759,0.0,0.57,2.6
2006-03-18,-0.2,-1.1,0.6,5654,0.0,0.54,2.3
2006-03-19,0.3,-2.0,2.6,6500,0.0,0.51,2.1
2006-03-20,2.6,-0.3,3.8,5820,0.0,0.58,1.9
2006-03-21,0.3,-3.5,5.2,15401,0.0,0.47,1.6
2006-03-22,0.4,-3.9,5.7,13802,0.0,0.46,1.9
2006-03-23,0.2,-5.3,5.9,16213,0.0,0.42,1.9
2006-03-24,2.4,-3.1,8.0,16773,0.0,0.5,2.9
2006-03-25,1.9,0.4,3.3,6235,5.9,0.6,2.9
2006-03-26,7.1,1.4,14.0,7125,9.7,0.69,2.9
2006-03-27,10.7,3.9,16.7,7519,7.0,0.84,3.0
2006-03-28,10.9,3.1,15.8,9042,2.4,0.79,3.4
2006-03-29,6.9,1.2,13.0,9246,0.6,0.68,3.5
2006-03-30,7.9,1.3,13.0,9244,2.6,0.68,3.5
2006-03-31,11.7,8.8,15.5,8509,3.0,1.11,4.5
2006-04-01,11.1,6.1,15.7,9971,0.7,0.94,2.9
2006-04-02,10.8,5.2,16.7,16317,3.2,0.91,3.0
2006-04-03,7.9,4.9,14.4,10496,3.2,0.86,3.5
2006-04-04,3.3,0.2,7.1,10600,6.3,0.61,2.7
2006-04-05,3.5,-0.2,8.1,17497,0.0,0.6,2.8
2006-04-06,5.0,1.2,9.4,13627,0.0,0.66,2.4
2006-04-07,6.9,1.7,12.6,13746,0.0,0.7,2.3
2006-04-08,9.4,2.1,15.8,17155,0.0,0.74,3.2
2006-04-09,7.2,1.6,12.1,16849,0.6,0.69,3.2
2006-04-10,4.7,-0.2,9.2,7660,0.6,0.6,2.6
2006-04-11,4.0,-1.7,8.6,16999,0.0,0.55,2.3
2006-04-12,5.4,1.8,8.3,7820,0.4,0.68,2.6
2006-04-13,7.8,3.6,11.9,9815,1.6,0.79,3.7
2006-04-14,7.7,4.3,11.7,10243,1.0,0.82,3.9
2006-04-15,8.9,3.3,14.0,15680,1.5,0.78,2.1
2006-04-16,11.1,7.4,16.4,9276,4.1,1.03,3.3
2006-04-17,10.0,7.0,13.8,12230,0.9,0.98,2.5
2006-04-18,10.1,5.2,14.9,14055,0.4,0.89,2.3
2006-04-19,10.5,3.9,15.1,14387,0.0,0.82,1.7
2006-04-20,12.3,5.1,18.8,18793,0.0,0.91,1.5
2006-04-21,13.3,5.6,20.4,15053,0.0,0.96,1.5
2006-04-22,12.7,9.5,16.9,12572,0.5,1.17,2.0
2006-04-23,12.9,9.1,18.3,14897,3.9,1.16,1.5
2006-04-24,10.8,5.7,15.1,13574,0.1,0.92,1.3
2006-04-25,12.5,3.4,20.8,21255,0.0,0.86,1.5
2006-04-26,16.3,7.1,22.9,18274,0.0,1.08,1.6
2006-04-27,14.7,9.2,20.0,11088,0.5,1.17,2.1
2006-04-28,10.5,5.3,15.8,15958,0.0,0.9,2.4
2006-04-29,7.2,4.6,11.4,9675,4.7,0.83,2.2
2006-04-30,7.7,4.2,12.8,14568,0.0,0.82,2.0
2006-05-01,8.8,3.8,13.6,17795,0.0,0.8,2.2
2006-05-02,12.2,7.7,18.5,14367,0.0,1.07,1.8
2006-05-03,15.2,4.8,22.8,26367,0.0,0.95,2.1
2006-05-04,16.5,8.6,22.6,25988,0.0,1.16,3.0
2006-05-05,16.0,7.5,22.8,24503,0.0,1.11,2.9
2006-05-06,16.0,8.6,23.3,22885,0.0,1.17,2.7
2006-05-07,16.5,7.6,24.3,24574,0.0,1.12,2.9
2006-05-08,16.8,9.0,24.5,23189,0.0,1.22,2.8
2006-05-09,16.7,8.7,23.9,27722,0.0,1.19,2.8
2006-05-10,15.8,8.1,22.9,27941,0.0,1.14,1.9
2006-05-11,15.4,6.1,23.8,25306,0.0,1.03,1.4
2006-05-12,17.8,8.6,25.9,20670,0.0,1.2,1.5
2006-05-13,16.6,8.8,25.1,19499,0.4,1.21,2.0
2006-05-14,12.4,3.5,16.9,14706,0.0,0.81,2.3
2006-05-15,11.7,1.6,18.5,24257,0.9,0.75,1.7
2006-05-16,17.0,9.6,24.2,19326,0.9,1.24,2.7
2006-05-17,13.2,7.0,18.4,15379,0.1,1.01,1.8
2006-05-18,14.2,6.8,19.0,10289,7.7,1.02,2.8
2006-05-19,14.1,11.1,17.9,15865,5.0,1.3,4.1
2006-05-20,14.2,9.9,19.6,16924,3.0,1.23,4.0
2006-05-21,13.2,10.0,16.5,11054,0.5,1.2,3.5
2006-05-22,16.7,9.2,25.4,21694,3.4,1.23,3.2
2006-05-23,14.5,7.2,18.6,19096,4.1,1.03,4.0
2006-05-24,12.6,6.7,18.1,23697,1.2,0.99,3.2
2006-05-25,11.1,8.3,14.5,14509,7.7,1.07,3.1
2006-05-26,11.9,7.8,15.4,18478,0.0,1.04,2.8
2006-05-27,13.1,9.7,17.0,11039,2.3,1.18,2.8
2006-05-28,13.2,9.6,16.2,20085,2.0,1.17,4.4
2006-05-29,11.7,8.2,16.9,17204,0.2,1.08,2.6
2006-05-30,10.0,8.1,13.9,16351,1.3,1.05,3.1
2006-05-31,11.0,8.6,15.5,15240,1.5,1.09,3.1
2006-06-01,10.1,3.9,14.7,18327,0.0,0.82,2.9
2006-06-02,11.8,2.6,18.7,25620,0.0,0.8,1.7
2006-06-03,11.7,4.8,17.3,17752,2.9,0.88,2.2
2006-06-04,11.9,9.2,15.5,13827,0.4,1.14,3.2
2006-06-05,11.4,7.2,15.6,16913,0.7,1.0,2.1
2006-06-06,12.1,6.2,17.4,16172,1.6,0.97,1.7
2006-06-07,13.4,5.3,20.5,20536,0.2,0.94,1.3
2006-06-08,15.4,7.2,22.3,20941,0.0,1.08,1.4
2006-06-09,16.6,8.7,23.2,21728,0.0,1.17,1.4
2006-06-10,16.9,9.2,23.3,30438,0.0,1.21,1.7
2006-06-11,19.3,8.5,27.5,31224,0.0,1.22,2.2
2006-06-12,21.7,11.6,29.6,31369,0.0,1.49,1.9
2006-06-13,23.0,13.1,30.2,31384,0.0,1.62,1.4
2006-06-14,23.4,13.6,30.9,30630,0.0,1.69,1.7
2006-06-15,23.1,15.8,30.5,19511,1.3,1.88,1.6
2006-06-16,20.8,17.8,25.6,14785,8.2,2.0,1.9
2006-06-17,17.1,12.9,20.7,11977,0.7,1.47,1.8
2006-06-18,17.6,12.6,24.0,15691,1.8,1.49,1.5
2006-06-19,22.4,14.5,31.0,24009,8.7,1.75,2.0
2006-06-20,22.7,16.5,29.6,21962,0.1,1.93,1.7
2006-06-21,23.0,16.8,28.3,22472,4.4,1.93,2.5
2006-06-22,20.6,13.7,27.1,16330,0.0,1.62,2.8
2006-06-23,17.3,12.0,22.3,21313,0.0,1.41,1.6
2006-06-24,20.0,11.9,26.7,27315,0.0,1.47,1.4
2006-06-25,24.8,14.1,32.4,28328,0.0,1.75,1.8
2006-06-26,25.0,18.3,30.0,24993,0.0,2.13,2.5
2006-06-27,22.5,16.7,28.4,27663,0.0,1.93,2.0
2006-06-28,19.3,13.9,23.1,22794,0.0,1.59,1.7
2006-06-29,17.4,10.2,23.1,23799,0.0,1.28,1.7
2006-06-30,16.9,12.7,20.3,12549,0.0,1.44,1.7
2006-07-01,21.7,14.1,28.9,27076,0.0,1.68,2.0
2006-07-02,21.5,12.0,28.8,30750,0.0,1.5,2.6
2006-07-03,22.4,13.8,29.3,31360,0.0,1.67,2.4
2006-07-04,23.0,11.0,30.6,31330,0.0,1.45,1.9
2006-07-05,24.9,15.2,32.7,30406,0.0,1.87,2.0
2006-07-06,25.1,16.5,34.0,23756,0.0,2.02,1.7
2006-07-07,23.5,17.7,33.1,21180,0.5,2.13,1.7
2006-07-08,21.5,16.5,25.8,16955,0.3,1.87,1.5
2006-07-09,23.1,14.6,31.1,25939,0.0,1.76,1.8
2006-07-10,23.6,15.8,30.3,25646,0.0,1.86,1.9
2006-07-11,25.5,16.8,33.7,22435,0.0,2.04,1.7
2006-07-12,24.5,19.6,30.5,26954,0.0,2.29,1.6
2006-07-13,24.4,18.0,32.5,21845,3.3,2.16,1.6
2006-07-14,20.6,13.0,24.9,23571,0.0,1.53,2.8
2006-07-15,19.2,11.4,26.6,22134,0.0,1.43,2.3
2006-07-16,19.4,10.7,25.9,25113,0.0,1.37,2.2
2006-07-17,20.7,12.2,29.1,29975,0.0,1.53,1.5
2006-07-18,24.0,11.2,32.7,30291,0.0,1.51,1.6
2006-07-19,24.9,14.2,33.4,29975,0.0,1.79,1.3
2006-07-20,27.4,16.6,36.7,26016,0.0,2.1,1.7
2006-07-21,28.1,21.8,33.1,25827,0.0,2.65,2.0
2006-07-22,25.1,16.9,31.9,27389,0.0,2.0,1.6
2006-07-23,24.9,15.9,33.0,18942,0.4,1.91,1.7
2006-07-24,25.2,18.8,31.4,27871,0.0,2.2,1.7
2006-07-25,24.5,16.4,31.1,24554,0.0,1.95,1.6
2006-07-26,25.1,16.0,33.3,28712,0.0,1.94,1.4
2006-07-27,26.5,16.0,34.4,28133,0.0,1.96,1.6
2006-07-28,26.5,20.7,32.7,14658,5.6,2.47,1.5
2006-07-29,22.7,18.8,27.7,15958,2.8,2.15,1.6
2006-07-30,23.9,16.8,31.3,24169,0.2,1.98,1.5
2006-07-31,23.0,17.6,28.0,17922,0.0,2.03,2.0
2006-08-01,22.7,15.8,27.8,20801,0.8,1.83,2.5
2006-08-02,18.5,13.2,23.9,18879,2.1,1.52,3.2
2006-08-03,18.1,12.9,24.5,17209,0.2,1.51,1.6
2006-08-04,17.9,13.3,22.0,10536,5.3,1.52,1.6
2006-08-05,17.1,14.9,20.1,9499,6.6,1.64,2.3
2006-08-06,19.1,17.1,22.2,9681,0.4,1.9,3.0
2006-08-07,21.0,16.7,25.9,13499,0.0,1.89,3.0
2006-08-08,19.5,14.7,24.0,14150,0.0,1.68,2.8
2006-08-09,18.6,13.0,25.4,16966,0.0,1.54,1.9
2006-08-10,16.5,11.0,21.9,11710,0.0,1.32,1.8
2006-08-11,15.7,11.7,21.2,9960,1.4,1.36,1.6
2006-08-12,17.0,8.7,23.8,19926,1.1,1.18,1.3
2006-08-13,14.4,11.9,15.4,8868,12.9,1.35,1.5
2006-08-14,16.5,10.7,23.4,15447,0.0,1.31,2.9
2006-08-15,16.8,12.9,22.1,13109,1.0,1.47,3.4
2006-08-16,18.6,11.2,25.8,18682,5.5,1.4,1.5
2006-08-17,20.4,13.5,26.5,21159,0.0,1.58,1.4
2006-08-18,21.3,16.8,28.1,14957,5.2,1.94,2.2
2006-08-19,21.1,15.1,28.0,23603,0.1,1.76,1.7
2006-08-20,19.2,14.6,25.5,17202,3.7,1.67,2.6
2006-08-21,16.7,13.6,21.0,12699,4.7,1.54,2.9
2006-08-22,16.7,12.2,21.8,16752,1.5,1.41,2.7
2006-08-23,17.5,15.4,21.0,10450,0.7,1.69,1.9
2006-08-24,18.0,11.7,23.0,17785,0.1,1.4,1.7
2006-08-25,15.5,11.0,20.2,10620,9.0,1.31,1.7
2006-08-26,15.9,12.7,21.0,9967,2.0,1.44,1.5
2006-08-27,16.0,13.4,20.5,11119,4.8,1.5,2.6
2006-08-28,16.0,12.8,21.0,14834,2.1,1.47,2.8
2006-08-29,13.2,11.6,15.9,8591,1.7,1.32,3.1
2006-08-30,14.4,11.8,17.2,7843,1.0,1.36,3.4
2006-08-31,16.0,13.4,19.7,9859,1.4,1.49,2.9
2006-09-01,16.8,14.6,19.9,7464,2.7,1.61,2.3
2006-09-02,20.1,15.2,26.3,15348,1.6,1.75,2.1
2006-09-03,19.2,17.0,22.0,7413,2.4,1.88,4.2
2006-09-04,18.7,15.2,21.2,12078,0.0,1.68,4.6
2006-09-05,16.6,13.3,21.0,16150,0.0,1.51,2.7
2006-09-06,18.1,12.9,24.7,10260,0.5,1.52,1.8
2006-09-07,19.0,12.9,28.1,15561,6.3,1.56,2.6
2006-09-08,15.0,10.7,20.4,12900,0.2,1.29,3.2
2006-09-09,14.2,8.5,19.3,11734,0.0,1.12,1.9
2006-09-10,16.6,10.3,22.0,18269,0.0,1.27,1.7
2006-09-11,17.2,9.3,25.2,19348,0.0,1.25,1.7
2006-09-12,17.8,8.7,25.6,18155,0.0,1.21,1.7
2006-09-13,18.6,10.0,26.3,18704,0.0,1.3,1.7
2006-09-14,18.7,10.0,25.9,18434,0.0,1.3,2.0
2006-09-15,19.5,12.0,27.0,17763,0.0,1.47,3.0
2006-09-16,19.7,13.6,26.5,13912,0.0,1.61,2.6
2006-09-17,19.2,14.3,25.9,11696,0.0,1.64,1.8
2006-09-18,19.8,12.8,27.3,15691,0.0,1.53,1.7
2006-09-19,17.4,14.9,20.5,6094,0.0,1.64,2.4
2006-09-20,15.3,8.1,20.6,13832,0.0,1.1,1.8
2006-09-21,16.3,7.8,24.9,16559,0.0,1.14,2.1
2006-09-22,18.1,8.9,26.3,16579,0.0,1.23,2.3
2006-09-23,17.6,10.9,23.8,16502,0.0,1.34,2.2
2006-09-24,20.0,12.2,27.6,15955,0.0,1.51,1.9
2006-09-25,19.3,12.7,26.1,15692,0.0,1.5,1.9
2006-09-26,18.2,10.0,27.0,13502,0.0,1.32,1.7
2006-09-27,16.0,12.9,19.6,5617,1.3,1.45,1.4
2006-09-28,15.0,11.9,20.6,8690,0.0,1.38,1.4
2006-09-29,16.2,10.6,23.8,13938,0.0,1.31,1.5
2006-09-30,17.0,11.4,24.5,11034,0.0,1.39,1.6
2006-10-01,15.4,11.5,20.8,7041,0.0,1.35,2.0
2006-10-02,16.5,13.5,20.6,6075,0.0,1.51,3.3
2006-10-03,14.1,12.4,17.5,5297,0.1,1.39,2.2
2006-10-04,13.7,10.9,16.3,4875,1.8,1.26,2.6
2006-10-05,12.1,8.8,16.6,6398,0.3,1.12,2.4
2006-10-06,13.2,8.7,17.8,5303,2.0,1.12,3.6
2006-10-07,13.9,11.0,18.3,5467,3.6,1.3,3.7
2006-10-08,12.6,6.9,16.4,6363,0.0,1.0,2.4
2006-10-09,12.0,4.3,19.9,12336,0.0,0.88,1.5
2006-10-10,12.0,6.6,18.8,11698,0.0,0.99,1.0
2006-10-11,11.3,6.2,18.3,7269,0.0,0.98,1.7
2006-10-12,12.2,5.4,20.4,11472,0.0,0.96,1.2
2006-10-13,11.7,10.2,14.3,4113,0.0,1.21,1.6
2006-10-14,10.2,8.5,11.7,4042,0.0,1.07,2.2
2006-10-15,9.9,7.6,12.0,3971,0.0,1.02,2.0
2006-10-16,8.5,3.2,14.4,6223,0.0,0.78,1.9
2006-10-17,7.2,0.0,15.7,11314,0.0,0.66,1.9
2006-10-18,8.8,2.0,15.8,9842,0.0,0.74,1.8
2006-10-19,10.5,4.1,16.5,6084,0.0,0.84,1.9
2006-10-20,10.6,5.9,15.1,3627,0.4,0.93,2.0
2006-10-21,13.2,7.2,19.4,6815,0.0,1.05,2.3
2006-10-22,14.0,9.6,19.3,6991,0.0,1.2,2.6
2006-10-23,15.6,10.0,20.6,5918,0.1,1.24,2.9
2006-10-24,16.6,13.0,20.5,5211,1.8,1.47,4.1
2006-10-25,12.0,6.1,16.0,6341,0.0,0.94,2.2
2006-10-26,15.3,7.2,22.9,7975,0.0,1.09,2.9
2006-10-27,16.5,12.4,19.7,8911,1.4,1.42,3.4
2006-10-28,11.5,9.9,13.4,3124,11.7,1.19,2.4
2006-10-29,11.5,1.6,15.8,4222,6.2,0.72,3.7
2006-10-30,6.3,0.9,9.4,3071,0.2,0.65,1.8
2006-10-31,11.8,8.8,15.3,3954,2.6,1.11,3.9
2006-11-01,5.3,0.1,11.6,3453,1.5,0.62,5.3
2006-11-02,1.1,-1.6,5.0,7123,0.0,0.53,2.6
2006-11-03,0.4,-3.0,4.2,7983,1.0,0.48,1.8
2006-11-04,4.8,-0.5,9.1,2735,2.1,0.59,2.9
2006-11-05,10.1,8.6,11.4,2684,7.7,1.07,4.2
2006-11-06,11.7,10.2,13.3,2750,0.2,1.21,3.4
2006-11-07,8.6,3.0,11.8,3390,0.0,0.75,2.2
2006-11-08,6.8,2.5,11.6,6287,1.3,0.73,3.1
2006-11-09,9.1,4.8,12.0,4118,1.2,0.85,4.4
2006-11-10,6.2,3.2,9.9,4052,0.0,0.76,2.2
2006-11-11,6.1,3.5,8.4,2400,3.9,0.76,4.0
2006-11-12,6.6,4.8,7.7,2356,1.8,0.83,4.9
2006-11-13,7.1,4.7,10.4,2314,2.6,0.84,4.3
2006-11-14,10.5,8.4,12.2,2590,0.6,1.06,3.4
2006-11-15,11.8,7.6,15.3,4949,0.0,1.03,2.6
2006-11-16,11.7,7.3,18.6,6170,0.0,1.04,2.6
2006-11-17,10.7,6.7,16.2,3840,0.0,0.97,2.2
2006-11-18,10.3,7.0,14.4,2472,0.0,0.99,2.2
2006-11-19,9.1,4.7,11.9,2333,0.5,0.84,2.1
2006-11-20,6.2,3.7,8.4,2641,0.5,0.77,3.3
2006-11-21,6.8,4.0,9.0,2015,1.4,0.79,2.9
2006-11-22,5.2,1.0,6.9,2128,0.0,0.64,2.6
2006-11-23,5.3,0.8,9.3,2335,0.7,0.65,3.5
2006-11-24,10.8,9.0,13.3,4527,0.0,1.11,2.7
2006-11-25,10.0,6.6,12.1,1988,0.0,0.95,3.2
2006-11-26,10.0,5.5,12.9,2609,0.0,0.88,1.9
2006-11-27,6.9,3.0,10.9,4231,0.0,0.75,1.8
2006-11-28,5.5,2.8,9.0,2817,0.1,0.73,2.0
2006-11-29,6.7,3.6,9.4,1790,0.1,0.77,1.8
2006-11-30,6.0,-0.3,10.3,4678,0.0,0.6,2.0
2006-12-01,4.2,0.1,8.6,4721,0.0,0.62,2.5
2006-12-02,4.5,1.4,8.3,4633,0.0,0.66,2.9
2006-12-03,6.5,4.4,9.5,2929,0.8,0.81,3.5
2006-12-04,8.2,6.1,10.7,2598,0.6,0.91,4.1
2006-12-05,11.5,6.8,15.2,2143,0.0,0.98,4.4
2006-12-06,11.4,9.1,14.1,1653,0.0,1.12,3.7
2006-12-07,8.3,5.1,10.2,3809,0.0,0.85,4.3
2006-12-08,9.6,5.8,12.7,3486,0.0,0.91,4.0
2006-12-09,9.0,6.1,12.3,1610,1.0,0.93,2.6
2006-12-10,4.6,0.5,6.9,2981,0.0,0.62,2.2
2006-12-11,3.5,0.5,6.3,3173,4.9,0.62,3.9
2006-12-12,5.4,3.6,7.3,2160,2.9,0.76,3.2
2006-12-13,6.6,3.6,9.5,1652,0.1,0.77,3.8
2006-12-14,9.2,7.1,10.2,1562,0.0,0.97,3.9
2006-12-15,6.4,3.8,9.3,3161,0.0,0.78,2.9
2006-12-16,7.2,3.6,10.9,2947,0.2,0.78,3.1
2006-12-17,5.1,3.9,6.5,1874,0.1,0.78,2.5
2006-12-18,3.8,0.5,5.6,2034,0.0,0.62,1.7
2006-12-19,3.7,1.9,5.7,2032,0.8,0.68,2.2
2006-12-20,5.1,3.7,6.3,1540,0.2,0.77,2.3
2006-12-21,5.6,3.9,7.5,1540,0.0,0.78,1.5
2006-12-22,5.8,4.5,6.5,1541,0.0,0.81,1.9
2006-12-23,4.7,4.0,6.0,1544,0.0,0.78,1.8
2006-12-24,4.1,3.0,5.6,1547,0.1,0.73,1.7
2006-12-25,4.2,-1.0,7.3,2785,0.0,0.56,1.3
2006-12-26,1.4,-0.2,2.4,1557,0.0,0.58,1.5
2006-12-27,0.4,-0.8,1.8,1564,0.4,0.55,1.8
2006-12-28,0.1,-0.7,0.8,1572,1.0,0.56,2.4
2006-12-29,2.0,0.1,3.7,1581,0.2,0.59,2.0
2006-12-30,3.4,0.1,6.8,2218,4.0,0.6,3.7
2006-12-31,8.3,6.1,10.2,1812,1.0,0.91,5.2
2007-01-01,8.4,6.0,11.1,1952,0.5,0.91,5.5
2007-01-02,4.9,3.7,6.7,1627,0.5,0.76,3.8
2007-01-03,5.8,4.9,6.7,1727,0.6,0.83,3.7
2007-01-04,6.6,5.2,8.6,1657,1.6,0.85,4.7
2007-01-05,7.6,6.5,8.8,2626,0.7,0.93,4.3
2007-01-06,8.1,6.2,9.4,1692,8.4,0.91,3.1
2007-01-07,5.7,3.4,8.5,1930,0.0,0.76,3.4
2007-01-08,7.0,3.9,9.7,2085,1.4,0.78,3.7
2007-01-09,10.9,6.5,14.2,1797,1.1,0.96,4.6
2007-01-10,12.5,7.5,13.7,1999,1.0,1.02,4.5
2007-01-11,6.8,4.4,8.0,1798,5.8,0.81,6.3
2007-01-12,7.8,5.3,9.5,2143,2.9,0.86,6.1
2007-01-13,11.0,8.4,12.9,1941,0.9,1.07,4.8
2007-01-14,8.5,4.2,11.5,2808,0.0,0.81,4.8
2007-01-15,3.8,1.5,7.0,4447,0.0,0.66,2.6
2007-01-16,3.8,0.3,6.7,2694,0.5,0.61,2.7
2007-01-17,7.5,4.3,10.6,2636,2.0,0.81,4.0
2007-01-18,9.2,6.3,14.4,1994,27.6,0.95,7.1
2007-01-19,7.1,5.8,8.7,2223,5.0,0.89,6.0
2007-01-20,9.0,6.1,13.3,2110,2.9,0.93,5.1
2007-01-21,5.9,4.5,8.3,3151,3.5,0.81,5.4
2007-01-22,2.9,-2.4,5.6,2183,0.5,0.5,3.2
2007-01-23,-3.4,-5.6,-0.8,5560,0.0,0.39,2.8
2007-01-24,-2.8,-5.1,-0.2,2208,0.1,0.4,2.7
2007-01-25,-2.2,-10.7,0.5,3247,0.0,0.28,2.5
2007-01-26,-4.2,-11.1,1.9,3087,2.3,0.27,3.5
2007-01-27,0.2,-2.0,1.9,5993,1.1,0.51,4.1
2007-01-28,3.2,-0.1,6.5,2373,5.8,0.59,5.3
2007-01-29,3.6,-1.6,6.3,4459,1.3,0.54,3.8
2007-01-30,5.1,0.9,7.3,2519,1.1,0.64,2.9
2007-01-31,6.6,5.7,7.9,3018,1.4,0.88,4.1
2007-02-01,5.1,2.6,7.5,3473,0.1,0.72,2.5
2007-02-02,6.1,1.6,8.6,2606,2.7,0.68,2.6
2007-02-03,5.9,3.4,8.4,6001,0.0,0.75,3.4
2007-02-04,5.7,2.7,7.0,2706,0.0,0.71,2.3
2007-02-05,2.6,0.1,3.8,2759,0.0,0.6,2.7
2007-02-06,1.8,-0.1,3.5,2812,0.2,0.58,1.9
2007-02-07,0.2,-3.3,4.5,7678,3.3,0.48,1.6
2007-02-08,0.1,-0.4,0.4,2921,3.1,0.57,2.5
2007-02-09,-0.3,-2.5,0.6,2978,3.8,0.49,2.7
2007-02-10,-3.8,-6.7,-2.2,3035,0.9,0.36,2.9
2007-02-11,-3.2,-7.1,1.2,3094,3.9,0.36,3.5
2007-02-12,3.5,0.9,6.8,3350,2.7,0.64,2.9
2007-02-13,5.9,3.5,8.2,3280,1.3,0.76,3.7
2007-02-14,5.8,4.2,8.4,3275,7.4,0.8,2.2
2007-02-15,3.9,3.2,4.9,3338,6.2,0.74,2.6
2007-02-16,3.5,2.8,5.4,3470,0.0,0.72,2.9
2007-02-17,3.7,-0.1,8.3,9327,0.0,0.6,3.3
2007-02-18,4.3,-0.7,10.4,10098,0.0,0.59,1.9
2007-02-19,3.7,-1.7,6.7,3955,0.0,0.53,1.2
2007-02-20,2.3,-1.4,7.0,5400,0.0,0.55,1.2
2007-02-21,3.0,-1.0,7.7,5196,8.7,0.57,2.3
2007-02-22,2.7,-2.1,7.7,3802,2.4,0.53,1.9
2007-02-23,-2.5,-3.6,-1.1,3871,0.0,0.45,2.6
2007-02-24,0.4,-2.7,4.3,10002,0.1,0.49,3.3
2007-02-25,6.2,1.7,10.6,5239,0.4,0.69,3.2
2007-02-26,5.8,2.5,9.0,4628,4.6,0.71,3.5
2007-02-27,3.6,0.8,6.9,5490,4.7,0.63,3.8
2007-02-28,7.2,2.2,11.8,4708,2.4,0.71,4.5
2007-03-01,7.6,5.3,10.7,5268,3.6,0.87,4.6
2007-03-02,6.2,5.1,9.2,4867,2.9,0.85,3.8
2007-03-03,4.4,2.3,5.8,4621,0.2,0.7,3.4
2007-03-04,5.0,1.9,9.2,7841,0.0,0.69,2.0
2007-03-05,5.8,1.9,9.5,5363,0.1,0.69,3.3
2007-03-06,7.3,2.4,13.4,7136,0.0,0.74,3.1
2007-03-07,9.4,5.4,14.8,8177,0.0,0.89,2.2
2007-03-08,7.3,3.0,10.9,5706,0.0,0.75,2.1
2007-03-09,7.5,1.1,13.6,11448,3.1,0.69,2.3
2007-03-10,6.6,3.5,9.8,8342,0.0,0.77,2.6
2007-03-11,9.0,4.5,15.1,10139,0.0,0.86,2.3
2007-03-12,9.5,0.8,18.0,14924,0.0,0.7,1.6
2007-03-13,11.4,2.5,19.1,13199,0.0,0.79,1.5
2007-03-14,7.6,2.8,12.5,13810,0.0,0.75,2.0
2007-03-15,7.3,2.2,13.1,12404,0.0,0.72,1.6
2007-03-16,7.6,0.5,12.7,9391,1.5,0.65,2.3
2007-03-17,8.0,5.5,11.5,6977,2.7,0.88,4.6
2007-03-18,7.7,2.4,11.9,5654,3.9,0.73,5.8
2007-03-19,3.9,-0.8,8.9,13363,0.0,0.58,3.1
2007-03-20,1.5,-2.2,4.3,5820,2.3,0.51,2.5
2007-03-21,2.4,0.8,4.2,5903,12.6,0.63,3.1
2007-03-22,1.2,0.5,3.2,5986,11.5,0.61,3.6
2007-03-23,5.6,0.6,10.6,10402,4.3,0.64,3.5
2007-03-24,10.4,7.8,14.8,15185,0.0,1.04,3.4
2007-03-25,9.9,4.8,15.8,17838,0.0,0.88,3.7
2007-03-26,8.9,3.9,15.1,17707,0.0,0.82,3.4
2007-03-27,9.2,2.4,16.7,18281,0.0,0.76,3.1
2007-03-28,9.6,2.6,16.0,18143,0.0,0.77,2.2
2007-03-29,9.9,3.8,15.7,14499,0.0,0.81,2.4
2007-03-30,8.1,1.7,14.9,14637,0.0,0.72,2.1
2007-03-31,10.3,4.7,16.9,18430,0.0,0.88,2.7
2007-04-01,10.1,2.4,17.9,18486,0.0,0.78,2.7
2007-04-02,9.4,2.0,18.2,18222,0.0,0.75,1.8
2007-04-03,5.4,0.2,11.2,11135,0.0,0.63,2.8
2007-04-04,4.9,0.0,10.3,20245,0.0,0.62,2.9
2007-04-05,7.6,1.2,13.7,11459,0.0,0.69,3.1
2007-04-06,9.8,7.4,14.2,11349,0.0,1.01,2.4
2007-04-07,8.0,3.2,13.3,18546,0.0,0.77,2.4
2007-04-08,8.9,6.6,11.0,10900,0.0,0.95,2.7
2007-04-09,11.1,9.4,13.2,8021,0.3,1.15,3.3
2007-04-10,11.5,7.5,15.6,9768,0.1,1.03,2.9
2007-04-11,11.7,5.1,18.1,15326,0.0,0.9,2.2
2007-04-12,12.1,2.6,20.1,21948,0.0,0.8,1.8
2007-04-13,14.0,4.6,22.2,22099,0.0,0.93,2.4
2007-04-14,14.5,4.5,23.3,22815,0.0,0.94,2.4
2007-04-15,14.0,5.0,21.3,21485,0.0,0.94,2.2
2007-04-16,15.8,4.6,24.4,22540,0.0,0.96,1.8
2007-04-17,13.4,5.8,23.6,17054,1.0,1.02,2.3
2007-04-18,8.7,4.5,13.7,16478,0.0,0.84,3.0
2007-04-19,10.8,1.8,17.5,20876,0.1,0.74,3.1
2007-04-20,7.1,4.0,10.5,12974,0.0,0.79,3.0
2007-04-21,6.7,0.1,13.2,22298,0.0,0.64,1.5
2007-04-22,9.1,-1.0,17.3,23833,0.0,0.64,1.7
2007-04-23,14.7,1.9,23.4,21963,0.0,0.82,1.7
2007-04-24,15.7,8.4,23.3,13338,0.0,1.17,1.3
2007-04-25,16.0,7.8,23.7,23746,0.0,1.14,2.1
2007-04-26,16.2,5.8,24.5,25298,0.0,1.02,2.0
2007-04-27,17.8,7.1,27.0,25304,0.0,1.12,1.6
2007-04-28,17.2,8.9,25.6,24587,0.0,1.22,1.8
2007-04-29,9.4,3.2,15.2,25546,0.0,0.79,2.8
2007-04-30,9.2,-0.1,17.8,23011,0.0,0.67,2.6
2007-05-01,8.2,-0.8,15.2,23602,0.0,0.62,2.4
2007-05-02,12.7,5.7,20.2,20069,0.0,0.97,2.3
2007-05-03,12.3,3.8,20.0,25637,0.0,0.86,1.9
2007-05-04,12.7,0.9,22.0,26354,0.0,0.76,2.3
2007-05-05,15.0,4.5,23.6,26215,0.0,0.94,2.4
2007-05-06,16.4,7.2,23.7,25337,0.0,1.09,1.9
2007-05-07,13.1,10.6,16.0,9457,24.1,1.24,3.2
2007-05-08,11.5,8.7,15.2,15429,3.9,1.1,4.4
2007-05-09,12.4,7.2,16.5,16487,1.6,1.01,3.8
2007-05-10,12.9,7.6,17.0,10743,9.1,1.04,3.8
2007-05-11,13.4,9.2,19.3,13156,5.0,1.17,4.0
2007-05-12,11.8,7.8,16.9,13217,7.6,1.06,3.2
2007-05-13,16.4,8.3,22.4,20121,2.1,1.14,2.3
2007-05-14,18.5,13.0,24.3,18322,8.0,1.52,3.0
2007-05-15,12.5,8.6,17.7,11143,4.9,1.12,2.6
2007-05-16,12.7,5.3,18.8,20452,6.0,0.92,2.6
2007-05-17,10.6,7.6,13.7,12873,0.4,1.02,2.8
2007-05-18,12.5,7.6,18.5,25724,0.0,1.06,2.0
2007-05-19,17.6,6.9,25.3,27301,0.0,1.1,2.0
2007-05-20,20.5,12.8,26.6,27243,0.0,1.54,1.8
2007-05-21,22.7,13.6,29.3,28064,0.0,1.63,1.7
2007-05-22,22.7,15.6,29.3,25605,0.0,1.84,1.7
2007-05-23,18.1,12.4,22.5,21369,0.0,1.44,1.7
2007-05-24,19.0,10.3,26.2,24961,0.0,1.33,1.5
2007-05-25,23.3,16.6,31.3,25141,6.1,1.97,1.7
2007-05-26,20.2,14.5,29.2,19871,17.8,1.71,1.8
2007-05-27,18.7,14.9,25.9,14589,4.2,1.71,2.1
2007-05-28,19.0,13.8,24.1,18181,11.4,1.58,2.0
2007-05-29,19.5,13.4,26.7,23047,2.9,1.59,3.6
2007-05-30,13.0,8.6,17.9,14062,0.0,1.11,2.3
2007-05-31,14.5,7.6,18.9,22237,0.0,1.07,1.6
2007-06-01,16.6,8.8,21.8,19091,0.0,1.16,2.0
2007-06-02,16.4,13.5,20.7,13391,0.0,1.52,1.9
2007-06-03,15.6,13.9,17.5,10615,0.0,1.54,2.0
2007-06-04,16.2,14.6,18.2,10639,6.7,1.61,1.8
2007-06-05,18.2,14.5,22.9,13086,0.0,1.64,1.8
2007-06-06,20.5,14.6,25.9,20639,0.0,1.68,1.9
2007-06-07,22.8,15.3,29.9,26792,0.0,1.82,2.2
2007-06-08,23.4,15.1,30.1,29499,0.1,1.8,1.9
2007-06-09,21.9,14.2,30.4,20195,0.0,1.73,1.7
2007-06-10,21.7,12.8,29.0,29288,0.0,1.56,1.5
2007-06-11,22.5,13.3,29.5,30841,0.0,1.61,1.3
2007-06-12,22.8,13.4,31.7,26382,37.9,1.68,1.9
2007-06-13,20.3,16.9,24.9,15782,0.9,1.9,1.8
2007-06-14,22.4,15.9,28.9,21292,3.1,1.85,1.7
2007-06-15,22.7,16.4,29.4,20407,8.2,1.91,2.5
2007-06-16,19.1,14.4,24.0,19135,1.4,1.64,2.5
2007-06-17,19.2,13.0,25.5,25282,0.0,1.52,2.2
2007-06-18,17.6,12.6,22.5,13516,2.7,1.46,2.0
2007-06-19,19.6,14.5,25.9,26183,0.0,1.67,1.3
2007-06-20,22.4,13.1,29.1,24265,0.0,1.61,1.9
2007-06-21,19.8,14.0,25.0,14670,13.8,1.62,1.9
2007-06-22,17.8,13.6,22.8,20934,4.0,1.56,2.0
2007-06-23,16.9,13.5,21.4,18755,6.4,1.54,2.7
2007-06-24,18.2,12.5,24.2,21051,0.1,1.47,2.0
2007-06-25,20.3,12.8,29.2,20914,12.1,1.58,2.3
2007-06-26,15.9,13.1,19.6,16431,3.2,1.48,4.6
2007-06-27,13.5,11.4,16.5,15398,2.5,1.31,4.6
2007-06-28,14.8,11.2,18.9,17685,2.3,1.32,3.2
2007-06-29,16.2,9.3,22.0,21117,0.6,1.2,2.7
2007-06-30,16.8,11.6,20.9,18165,1.4,1.36,2.9
2007-07-01,18.3,10.0,24.6,15212,0.0,1.27,1.9
2007-07-02,19.3,15.5,22.1,12643,8.1,1.72,2.0
2007-07-03,18.5,12.7,24.3,18742,0.7,1.49,2.5
2007-07-04,14.5,11.9,17.2,10948,22.8,1.36,2.9
2007-07-05,15.1,13.0,20.1,13728,4.7,1.46,3.7
2007-07-06,16.6,13.4,21.2,14340,1.1,1.52,4.2
2007-07-07,16.0,12.7,20.3,15204,0.8,1.44,3.8
2007-07-08,17.2,10.8,23.1,25850,0.0,1.32,2.2
2007-07-09,14.8,10.1,19.6,10956,4.7,1.23,1.8
2007-07-10,14.3,10.9,19.3,14353,3.7,1.29,2.1
2007-07-11,14.2,8.7,20.5,19012,7.3,1.15,2.8
2007-07-12,15.2,13.2,18.0,10994,0.9,1.47,3.0
2007-07-13,17.8,13.9,21.6,11215,0.5,1.56,2.1
2007-07-14,23.7,13.9,31.3,27490,0.0,1.69,2.3
2007-07-15,25.7,17.2,33.6,28575,0.0,2.08,1.8
2007-07-16,28.7,19.7,37.4,29277,0.2,2.44,1.7
2007-07-17,24.9,16.8,29.6,24555,0.0,1.97,2.4
2007-07-18,21.8,14.8,28.4,19717,0.0,1.75,1.8
2007-07-19,21.9,15.2,27.7,22557,2.0,1.77,1.6
2007-07-20,21.9,16.8,26.5,17603,0.0,1.91,2.3
2007-07-21,22.3,16.7,28.0,22190,18.8,1.93,1.9
2007-07-22,17.8,13.5,20.4,11862,29.0,1.52,2.3
2007-07-23,18.8,11.6,25.2,22443,0.0,1.42,2.0
2007-07-24,19.3,13.6,25.4,14013,4.4,1.58,3.7
2007-07-25,17.1,13.7,21.8,15954,0.4,1.55,3.0
2007-07-26,20.6,12.3,27.5,24357,0.0,1.51,2.2
2007-07-27,20.4,13.5,24.2,20804,0.1,1.55,3.5
2007-07-28,16.9,11.5,19.8,10318,0.6,1.34,3.0
2007-07-29,15.5,12.2,19.4,14721,11.9,1.4,2.8
2007-07-30,14.2,12.1,17.5,15029,0.7,1.38,3.7
2007-07-31,14.5,10.8,18.1,13238,0.3,1.28,2.9
2007-08-01,14.8,10.3,20.3,15512,0.0,1.25,1.8
2007-08-02,18.6,11.2,25.2,19493,1.7,1.38,2.2
2007-08-03,17.1,11.1,21.6,15005,0.0,1.33,2.2
2007-08-04,16.6,8.2,23.9,22996,0.0,1.16,1.4
2007-08-05,19.0,9.6,26.1,26925,0.0,1.28,1.9
2007-08-06,19.8,11.3,26.1,25726,0.0,1.39,2.1
2007-08-07,21.7,14.4,29.0,22712,0.1,1.72,1.9
2007-08-08,21.5,15.8,29.3,16931,0.0,1.85,2.2
2007-08-09,23.7,16.3,30.5,24441,0.0,1.93,2.4
2007-08-10,21.3,18.8,26.3,13033,10.0,2.12,2.2
2007-08-11,20.2,17.9,24.2,10439,16.4,2.0,2.4
2007-08-12,17.4,16.1,18.3,8935,0.3,1.77,1.5
2007-08-13,19.5,13.2,25.9,19705,0.0,1.55,1.6
2007-08-14,19.9,13.7,26.3,21976,0.0,1.6,1.7
2007-08-15,22.3,16.2,28.6,14528,0.6,1.87,3.0
2007-08-16,20.6,12.9,24.9,10785,5.9,1.51,3.2
2007-08-17,15.9,10.3,22.2,15757,0.3,1.28,2.3
2007-08-18,15.8,9.4,22.3,18468,0.0,1.22,1.5
2007-08-19,19.1,10.7,26.2,19757,0.0,1.36,1.7
2007-08-20,20.4,16.3,25.0,15576,31.8,1.83,1.8
2007-08-21,19.1,14.7,23.8,11890,0.1,1.66,2.3
2007-08-22,17.9,14.3,22.7,14565,2.2,1.6,1.9
2007-08-23,19.8,12.8,26.3,18132,20.5,1.52,1.3
2007-08-24,19.8,15.8,24.4,16757,0.4,1.77,1.4
2007-08-25,20.0,15.2,26.0,18688,0.0,1.73,1.9
2007-08-26,18.9,13.5,23.7,15961,0.0,1.54,2.4
2007-08-27,14.9,10.7,18.9,9092,0.0,1.27,2.3
2007-08-28,14.0,7.0,18.7,17074,0.0,1.03,2.1
2007-08-29,11.9,5.0,18.9,17396,0.0,0.92,1.9
2007-08-30,14.3,9.0,18.8,14607,0.9,1.14,2.4
2007-08-31,15.5,13.6,17.9,7763,0.1,1.52,2.7
2007-09-01,15.3,12.3,18.9,9109,0.0,1.41,2.4
2007-09-02,16.3,10.9,21.4,10439,7.5,1.31,2.4
2007-09-03,13.8,9.1,16.9,10559,13.3,1.14,2.9
2007-09-04,9.9,6.6,15.1,13264,1.4,0.97,3.1
2007-09-05,11.4,6.3,17.7,17330,0.0,0.97,2.2
2007-09-06,13.1,5.7,19.2,16228,0.0,0.96,2.5
2007-09-07,14.3,9.9,19.4,9312,0.0,1.22,2.7
2007-09-08,15.3,13.1,17.4,7005,0.4,1.47,3.0
2007-09-09,14.6,11.3,19.5,15708,0.0,1.32,3.0
2007-09-10,12.1,9.7,14.9,7360,7.6,1.17,3.4
2007-09-11,13.6,10.3,18.1,12228,0.0,1.23,2.7
2007-09-12,14.0,11.6,16.0,7290,0.0,1.32,2.2
2007-09-13,11.9,4.8,15.6,7814,0.0,0.87,1.7
2007-09-14,13.0,4.4,19.5,11967,0.0,0.88,2.4
2007-09-15,13.0,9.0,16.5,12245,0.0,1.13,3.0
2007-09-16,13.6,8.7,20.2,14908,0.0,1.14,2.3
2007-09-17,17.9,10.1,24.7,13673,2.4,1.3,2.3
2007-09-18,13.0,7.8,17.2,6570,7.1,1.06,3.1
2007-09-19,9.7,5.4,14.2,11155,0.0,0.89,2.5
2007-09-20,12.2,5.4,18.8,15956,0.0,0.94,2.8
2007-09-21,14.2,9.4,20.8,14165,0.0,1.2,2.3
2007-09-22,14.1,8.4,21.5,14680,0.0,1.14,1.4
2007-09-23,14.8,6.4,23.1,15183,0.0,1.04,1.3
2007-09-24,17.0,11.0,24.7,15581,0.0,1.35,2.3
2007-09-25,12.6,8.3,14.6,5506,0.6,1.08,2.3
2007-09-26,12.1,6.0,18.3,12217,0.6,0.96,1.3
2007-09-27,13.3,10.9,16.1,5344,11.7,1.27,2.9
2007-09-28,14.5,11.2,17.7,6075,22.7,1.31,3.2
2007-09-29,12.6,10.4,15.0,5184,4.2,1.22,3.3
2007-09-30,14.1,11.1,17.5,5989,0.0,1.3,2.1
2007-10-01,12.6,6.8,17.8,8181,1.2,1.0,1.2
2007-10-02,12.4,9.4,14.6,4946,0.4,1.15,1.1
2007-10-03,10.7,5.8,15.9,10801,0.0,0.93,1.3
2007-10-04,10.9,4.6,14.9,5300,0.1,0.85,1.4
2007-10-05,13.0,8.5,16.2,8674,0.0,1.09,1.6
2007-10-06,10.1,5.4,15.7,7890,0.0,0.9,1.5
2007-10-07,9.9,4.1,15.6,7863,0.0,0.83,1.1
2007-10-08,9.5,3.1,15.2,9552,0.0,0.78,1.4
2007-10-09,9.3,7.7,11.3,4408,0.0,1.02,1.0
2007-10-10,7.9,1.9,14.0,12338,0.0,0.72,1.3
2007-10-11,8.7,3.9,12.4,4655,0.5,0.8,1.6
2007-10-12,11.8,7.6,14.9,5753,0.6,1.03,2.6
2007-10-13,6.7,0.4,11.7,9925,0.0,0.64,1.5
2007-10-14,5.2,-0.9,12.9,11706,0.0,0.6,1.7
2007-10-15,8.8,1.6,17.4,11550,0.0,0.74,1.8
2007-10-16,11.8,5.4,17.6,5399,0.0,0.92,2.2
2007-10-17,13.7,7.8,19.1,8721,2.0,1.08,2.5
2007-10-18,9.2,5.6,11.9,5740,0.1,0.89,3.2
2007-10-19,5.6,1.6,10.1,7677,1.6,0.68,2.4
2007-10-20,5.4,0.6,10.1,6562,0.6,0.64,1.7
2007-10-21,4.3,0.1,6.6,4056,0.0,0.6,1.7
2007-10-22,2.3,-2.3,6.2,5313,0.0,0.51,2.2
2007-10-23,4.4,0.0,8.4,5642,0.0,0.61,2.6
2007-10-24,6.9,5.6,8.4,3368,0.0,0.88,2.9
2007-10-25,7.2,6.7,7.9,3306,0.1,0.94,2.3
2007-10-26,8.0,6.8,10.0,3244,0.1,0.95,1.9
2007-10-27,8.9,7.6,11.4,3183,0.1,1.0,1.1
2007-10-28,6.5,4.0,9.6,5010,0.0,0.79,2.0
2007-10-29,7.2,2.0,13.3,6663,0.0,0.71,1.9
2007-10-30,8.6,6.3,10.4,3008,0.6,0.92,1.8
2007-10-31,8.6,5.5,11.6,5772,0.0,0.88,2.0
2007-11-01,9.7,7.9,11.4,2896,0.0,1.03,2.1
2007-11-02,11.2,8.6,12.8,2841,0.1,1.08,1.4
2007-11-03,11.0,8.7,13.8,2788,0.3,1.09,2.3
2007-11-04,8.3,0.8,11.3,3869,0.0,0.66,2.1
2007-11-05,2.4,-1.7,7.3,3156,2.8,0.54,1.8
2007-11-06,5.8,2.7,9.0,3624,4.0,0.73,4.1
2007-11-07,6.2,2.2,9.1,2700,7.2,0.7,4.9
2007-11-08,8.5,6.3,11.1,3616,3.1,0.92,3.9
2007-11-09,5.8,3.6,9.7,2827,4.2,0.77,5.5
2007-11-10,3.2,0.9,5.6,2832,0.3,0.63,4.3
2007-11-11,1.9,0.5,3.2,2400,2.8,0.61,4.1
2007-11-12,2.7,0.8,4.7,2843,1.6,0.62,3.7
2007-11-13,2.2,-0.3,5.6,5469,0.2,0.58,3.1
2007-11-14,1.4,-0.6,3.5,2272,0.0,0.57,2.8
2007-11-15,1.5,-0.3,4.3,4113,0.5,0.58,2.0
2007-11-16,0.5,-2.3,3.1,2193,1.1,0.5,1.9
2007-11-17,5.4,2.7,7.0,2155,1.3,0.71,1.6
2007-11-18,4.2,0.6,6.3,2119,0.0,0.62,1.9
2007-11-19,1.0,-0.6,2.8,2083,0.0,0.57,2.6
2007-11-20,1.3,-0.8,2.8,2049,0.0,0.56,2.2
2007-11-21,0.1,-1.8,2.4,4165,0.0,0.52,2.4
2007-11-22,4.0,0.7,7.6,2418,0.1,0.63,1.8
2007-11-23,4.8,2.2,7.0,1952,2.5,0.7,1.8
2007-11-24,2.9,-0.5,5.3,2254,2.8,0.58,2.3
2007-11-25,3.2,-0.3,6.4,1941,1.1,0.58,4.3
2007-11-26,1.8,-0.4,3.7,2795,0.0,0.58,4.4
2007-11-27,1.0,-1.7,2.9,2208,0.0,0.52,2.4
2007-11-28,-0.9,-5.6,2.1,3774,0.0,0.4,2.0
2007-11-29,1.8,-0.7,3.5,2468,2.1,0.56,3.0
2007-11-30,5.2,3.0,6.6,1767,1.0,0.73,3.3
2007-12-01,6.5,4.7,8.3,1745,3.7,0.83,3.9
2007-12-02,6.7,4.0,9.3,2209,8.0,0.79,5.0
2007-12-03,7.3,4.4,9.7,1880,2.1,0.82,5.3
2007-12-04,5.5,3.6,7.2,2077,0.4,0.77,3.4
2007-12-05,6.9,3.9,10.5,1669,0.0,0.79,3.5
2007-12-06,9.6,7.5,11.2,1995,4.1,1.01,4.1
2007-12-07,9.4,5.5,13.6,2106,5.0,0.9,5.3
2007-12-08,6.3,4.0,8.2,2597,0.0,0.79,3.9
2007-12-09,4.8,2.5,6.6,1610,0.7,0.71,3.3
2007-12-10,3.0,0.3,6.5,3945,0.4,0.61,2.4
2007-12-11,4.0,1.6,5.9,1588,3.8,0.66,2.5
2007-12-12,5.8,4.5,6.5,1578,0.3,0.81,2.2
2007-12-13,3.4,2.0,4.5,1652,0.0,0.68,1.8
2007-12-14,1.5,0.3,3.0,1768,0.0,0.6,1.8
2007-12-15,-1.3,-4.4,0.5,3984,0.0,0.43,2.2
2007-12-16,-1.1,-4.3,0.8,1550,0.0,0.43,2.2
2007-12-17,0.3,-1.0,1.2,1546,0.0,0.54,2.8
2007-12-18,-0.7,-1.6,0.0,1543,0.0,0.52,1.9
2007-12-19,0.1,-0.6,0.6,1541,0.0,0.56,1.2
2007-12-20,-1.8,-3.9,-0.6,1540,0.0,0.44,1.2
2007-12-21,-4.8,-6.2,-3.7,1540,0.0,0.37,1.1
2007-12-22,-5.2,-6.7,-3.5,1664,0.0,0.36,1.2
2007-12-23,-2.7,-5.0,-0.3,3592,0.0,0.41,1.3
2007-12-24,0.5,-0.4,1.3,1547,0.0,0.57,1.5
2007-12-25,-0.1,-2.6,1.6,2579,0.0,0.49,2.5
2007-12-26,-0.4,-3.3,1.6,3412,0.0,0.47,2.1
2007-12-27,0.2,-1.8,1.7,1564,0.0,0.51,2.5
2007-12-28,2.8,0.2,4.9,1572,0.0,0.6,3.0
2007-12-29,2.5,-0.2,5.5,3121,0.0,0.59,3.5
2007-12-30,3.0,-0.1,6.0,2176,1.3,0.59,2.6
2007-12-31,2.3,0.5,3.7,2022,0.2,0.61,1.9
2008-01-01,0.8,-0.2,1.6,1614,1.7,0.58,1.5
2008-01-02,-0.8,-4.1,0.5,1627,0.3,0.44,2.6
2008-01-03,-4.4,-6.3,-3.7,1642,0.0,0.37,4.1
2008-01-04,-6.1,-7.8,-4.5,3333,0.0,0.33,3.5
2008-01-05,-1.6,-4.7,0.7,1674,0.6,0.42,3.4
2008-01-06,0.5,-1.8,3.1,1692,2.2,0.52,2.4
2008-01-07,2.1,-0.8,5.1,2194,3.1,0.56,3.7
2008-01-08,4.3,0.2,6.9,3013,0.0,0.61,3.2
2008-01-09,2.2,-0.7,4.7,2376,0.8,0.57,2.9
2008-01-10,3.6,0.7,6.2,3798,0.1,0.63,3.3
2008-01-11,6.4,2.3,9.3,1979,0.0,0.71,3.2
2008-01-12,3.8,0.4,7.4,2051,0.0,0.61,3.3
2008-01-13,2.9,0.3,7.1,5036,0.0,0.61,2.3
2008-01-14,3.0,0.0,6.8,3928,0.0,0.6,2.8
2008-01-15,4.7,2.2,7.9,4589,0.1,0.69,4.0
2008-01-16,5.3,1.7,7.3,1932,0.7,0.68,3.5
2008-01-17,3.9,1.0,8.0,3646,2.0,0.65,2.7
2008-01-18,6.5,4.3,8.5,2529,4.4,0.81,4.1
2008-01-19,9.2,5.2,11.8,2027,4.7,0.86,4.8
2008-01-20,7.8,4.3,11.9,2061,20.1,0.82,3.7
2008-01-21,8.6,5.3,11.1,2096,28.3,0.87,4.1
2008-01-22,3.3,0.0,8.4,2234,3.2,0.61,3.8
2008-01-23,2.4,-1.1,5.9,3659,1.8,0.55,2.6
2008-01-24,6.8,3.8,8.9,2208,1.9,0.78,3.1
2008-01-25,5.8,2.4,7.7,5824,0.0,0.7,3.9
2008-01-26,7.6,4.8,10.0,2341,2.4,0.84,4.8
2008-01-27,5.4,0.6,8.9,2330,5.3,0.63,4.3
2008-01-28,3.3,-2.3,7.2,3300,1.6,0.52,1.7
2008-01-29,6.5,5.5,7.6,2417,0.4,0.87,1.8
2008-01-30,4.8,3.7,6.0,2463,2.4,0.76,2.6
2008-01-31,3.5,1.8,5.0,3584,0.9,0.67,4.2
2008-02-01,6.1,2.8,8.1,2671,0.0,0.73,5.3
2008-02-02,3.1,-0.2,5.6,3417,0.1,0.59,3.8
2008-02-03,1.2,-1.2,5.0,6706,0.0,0.54,2.9
2008-02-04,3.0,-1.4,7.8,7283,0.0,0.56,2.8
2008-02-05,5.5,1.5,8.9,6189,0.4,0.67,3.6
2008-02-06,8.1,5.6,11.4,3055,1.5,0.89,4.5
2008-02-07,5.2,2.5,7.6,3360,0.0,0.71,2.9
2008-02-08,5.7,2.5,8.5,3109,0.0,0.72,1.8
2008-02-09,7.0,1.9,10.8,3800,0.0,0.7,1.6
2008-02-10,4.8,-0.6,13.1,8159,0.0,0.62,1.5
2008-02-11,3.3,-0.9,9.5,4974,0.0,0.58,1.4
2008-02-12,4.6,3.5,5.6,3153,0.0,0.75,1.5
2008-02-13,4.0,1.9,6.9,5806,0.0,0.68,1.3
2008-02-14,2.3,-1.8,4.8,3275,0.0,0.52,1.6
2008-02-15,-0.8,-3.7,2.7,8105,0.0,0.45,2.5
2008-02-16,-2.0,-4.7,2.1,6503,0.0,0.42,1.8
2008-02-17,-0.6,-5.3,3.9,6605,0.0,0.41,2.4
2008-02-18,3.8,2.1,5.8,3531,0.0,0.69,2.7
2008-02-19,5.0,4.1,6.1,3597,0.2,0.78,1.9
2008-02-20,5.3,3.3,9.1,6051,0.0,0.75,1.6
2008-02-21,6.2,3.2,8.9,4977,0.4,0.74,3.3
2008-02-22,9.9,7.1,11.2,3802,2.6,0.97,5.3
2008-02-23,8.3,6.2,10.2,8963,0.0,0.92,4.0
2008-02-24,9.2,4.8,13.0,9547,0.3,0.85,2.7
2008-02-25,6.3,1.6,9.5,7308,0.9,0.67,2.6
2008-02-26,8.8,1.0,14.7,4938,2.2,0.69,4.0
2008-02-27,7.4,4.7,9.9,4472,2.3,0.83,4.5
2008-02-28,6.2,2.9,9.6,8589,0.0,0.74,2.3
2008-02-29,5.4,-0.1,10.3,5188,8.5,0.61,3.1
2008-03-01,7.1,4.8,9.6,4382,4.4,0.83,7.2
2008-03-02,6.3,4.5,8.5,4621,5.7,0.81,6.1
2008-03-03,5.7,2.7,10.0,5857,0.3,0.73,4.0
2008-03-04,2.9,0.3,6.3,6115,0.6,0.61,2.9
2008-03-05,1.0,-1.5,4.7,8824,0.5,0.53,3.1
2008-03-06,4.2,-0.1,7.2,4937,0.3,0.6,3.4
2008-03-07,7.3,5.3,10.1,4931,0.1,0.86,2.0
2008-03-08,7.7,5.5,10.5,5098,0.6,0.88,2.0
2008-03-09,7.8,3.2,12.2,10450,0.0,0.77,2.9
2008-03-10,8.5,2.2,14.8,13421,0.3,0.74,3.8
2008-03-11,8.7,4.9,13.7,8925,2.0,0.86,4.7
2008-03-12,7.6,5.3,10.6,9041,5.9,0.87,6.1
2008-03-13,6.5,4.2,9.9,6968,1.7,0.81,5.5
2008-03-14,5.9,2.8,9.2,7157,2.2,0.74,3.6
2008-03-15,6.5,3.2,10.4,10227,0.0,0.75,1.7
2008-03-16,5.4,1.9,7.7,5572,8.5,0.68,2.8
2008-03-17,3.7,0.6,7.1,9529,2.2,0.63,3.8
2008-03-18,2.6,-1.2,7.2,13935,0.9,0.56,3.5
2008-03-19,1.0,-2.2,6.3,9280,1.0,0.52,2.7
2008-03-20,1.9,-1.9,6.1,13850,3.5,0.52,3.5
2008-03-21,3.7,0.6,7.5,6767,6.4,0.63,4.0
2008-03-22,2.4,0.3,4.9,6069,1.9,0.6,3.3
2008-03-23,0.0,-3.0,1.7,6946,0.3,0.47,2.2
2008-03-24,0.7,-4.4,5.7,15038,0.0,0.45,2.5
2008-03-25,1.0,-0.8,4.6,9443,0.4,0.56,3.6
2008-03-26,1.3,-2.8,6.4,10768,0.4,0.5,3.0
2008-03-27,1.5,-4.4,8.1,11394,0.0,0.46,1.6
2008-03-28,6.4,-1.5,13.7,15941,0.7,0.58,2.8
2008-03-29,6.8,1.4,11.0,9866,1.6,0.68,3.8
2008-03-30,8.9,1.1,15.6,11433,0.0,0.69,3.3
2008-03-31,11.9,5.5,18.4,15753,0.0,0.94,2.1
2008-04-01,11.1,5.0,16.4,12402,0.7,0.89,2.3
2008-04-02,8.3,6.7,12.0,8579,0.6,0.95,3.4
2008-04-03,8.3,6.0,12.1,8243,2.7,0.92,2.5
2008-04-04,7.1,1.2,10.1,7253,0.0,0.67,1.8
2008-04-05,7.1,0.9,12.5,9939,2.1,0.66,2.3
2008-04-06,5.6,2.5,8.3,7308,2.8,0.71,1.9
2008-04-07,3.7,0.8,7.0,7389,8.6,0.63,2.4
2008-04-08,5.4,-0.2,10.6,12656,0.0,0.61,1.8
2008-04-09,3.5,0.1,5.6,7549,15.2,0.6,1.7
2008-04-10,4.0,2.9,5.2,7629,0.9,0.72,1.7
2008-04-11,6.1,3.7,8.6,7708,17.2,0.78,2.2
2008-04-12,7.9,2.5,13.5,12294,1.6,0.74,2.5
2008-04-13,9.6,2.1,16.5,12734,0.7,0.75,2.0
2008-04-14,10.6,5.3,17.4,12266,9.4,0.91,2.2
2008-04-15,7.8,6.3,9.1,8018,16.3,0.92,2.2
2008-04-16,7.3,4.9,10.9,9243,10.8,0.85,2.0
2008-04-17,5.7,4.6,6.9,8170,7.4,0.82,2.2
2008-04-18,6.3,4.6,9.4,8825,0.1,0.82,2.9
2008-04-19,6.2,2.0,9.8,11694,0.0,0.7,3.0
2008-04-20,8.7,3.4,13.7,13067,0.0,0.79,2.4
2008-04-21,10.5,4.7,15.9,20549,0.0,0.86,3.6
2008-04-22,11.2,5.2,17.7,22552,0.0,0.92,3.4
2008-04-23,10.9,4.7,17.2,23030,0.0,0.87,1.8
2008-04-24,11.6,2.8,19.2,24814,0.0,0.8,1.7
2008-04-25,9.8,5.3,12.8,9226,0.8,0.88,2.4
2008-04-26,11.1,3.0,18.9,22198,0.0,0.81,1.4
2008-04-27,13.3,4.1,20.7,24707,0.0,0.88,2.0
2008-04-28,16.6,10.2,22.2,24705,0.0,1.27,2.4
2008-04-29,15.9,11.0,21.6,18186,0.2,1.32,2.0
2008-04-30,14.1,10.6,18.1,11142,0.1,1.26,2.5
2008-05-01,12.3,6.4,17.0,12062,1.5,0.97,2.2
2008-05-02,12.4,5.2,18.7,21987,0.0,0.91,1.6
2008-05-03,12.4,4.8,18.4,20620,0.0,0.89,1.5
2008-05-04,11.7,2.8,17.6,19733,0.3,0.79,1.9
2008-05-05,14.9,8.8,21.6,20923,0.0,1.17,2.0
2008-05-06,14.4,7.8,20.9,24697,0.0,1.09,2.0
2008-05-07,15.2,6.2,23.0,21711,0.0,1.01,1.6
2008-05-08,15.8,6.4,23.3,27475,0.0,1.03,1.6
2008-05-09,15.2,6.7,22.6,27941,0.0,1.04,2.1
2008-05-10,16.1,6.7,24.1,25678,0.0,1.08,2.4
2008-05-11,17.5,7.4,25.2,26633,0.0,1.12,2.2
2008-05-12,17.8,6.7,25.4,27838,0.0,1.08,1.9
2008-05-13,13.8,7.8,19.7,25179,0.0,1.07,2.4
2008-05-14,13.8,6.3,21.1,27379,0.0,1.0,1.7
2008-05-15,15.9,5.1,23.4,25206,0.0,0.98,1.6
2008-05-16,15.2,7.1,23.0,18512,4.1,1.07,1.7
2008-05-17,16.2,11.2,21.3,13427,2.0,1.33,2.0
2008-05-18,12.3,7.2,16.6,11718,0.0,1.02,1.9
2008-05-19,10.6,4.5,16.6,20322,0.0,0.86,2.0
2008-05-20,12.0,4.0,18.0,21512,0.0,0.85,2.4
2008-05-21,12.7,5.3,19.8,21947,0.0,0.94,2.1
2008-05-22,13.6,5.6,20.1,17328,0.0,0.96,1.7
2008-05-23,15.7,11.3,20.2,13708,0.0,1.33,1.8
2008-05-24,15.3,9.9,21.7,24762,0.0,1.24,2.3
2008-05-25,15.5,7.7,21.9,24939,0.0,1.1,2.4
2008-05-26,16.0,9.9,21.1,11799,0.0,1.23,2.3
2008-05-27,15.0,12.1,19.6,13358,0.0,1.38,2.9
2008-05-28,17.2,10.0,23.7,26350,0.0,1.27,3.1
2008-05-29,18.6,12.1,24.7,26012,0.0,1.45,2.6
2008-05-30,21.3,12.1,29.1,26817,0.0,1.52,2.4
2008-05-31,22.4,15.5,29.7,28766,0.0,1.84,2.1
2008-06-01,22.5,14.1,30.0,29314,0.0,1.7,1.8
2008-06-02,23.1,13.1,30.5,29732,0.0,1.62,2.1
2008-06-03,23.0,14.5,30.7,25176,0.0,1.76,2.3
2008-06-04,20.4,13.3,27.3,29416,0.0,1.57,2.3
2008-06-05,18.8,12.9,24.9,28553,0.0,1.51,2.5
2008-06-06,19.4,11.4,25.3,24239,0.0,1.39,2.3
2008-06-07,21.7,14.9,28.1,25539,0.0,1.73,2.0
2008-06-08,21.3,12.7,29.2,27989,0.0,1.57,1.8
2008-06-09,21.2,11.1,29.8,29543,0.0,1.46,1.7
2008-06-10,21.4,11.2,28.1,29946,0.0,1.44,2.3
2008-06-11,16.9,12.9,20.7,20884,0.0,1.47,3.0
2008-06-12,14.6,9.9,19.5,19363,1.9,1.22,2.3
2008-06-13,12.0,9.1,16.2,13874,15.5,1.14,2.6
2008-06-14,12.8,7.7,17.6,22453,0.2,1.06,2.1
2008-06-15,13.5,9.6,19.7,19007,0.5,1.2,2.0
2008-06-16,13.1,8.1,18.7,15047,4.3,1.08,1.8
2008-06-17,15.4,6.7,22.1,28740,0.0,1.04,1.4
2008-06-18,18.1,8.3,25.2,23113,0.0,1.18,1.7
2008-06-19,20.2,11.0,27.2,19148,2.6,1.4,2.7
2008-06-20,18.4,14.7,22.8,20937,0.0,1.65,2.5
2008-06-21,17.1,10.7,23.1,19144,0.0,1.32,1.8
2008-06-22,22.3,9.6,32.6,25917,6.5,1.41,2.4
2008-06-23,19.6,12.8,23.8,26804,0.0,1.48,3.3
2008-06-24,15.8,8.9,22.3,30885,0.0,1.19,1.8
2008-06-25,19.1,9.0,25.5,21032,0.1,1.24,2.1
2008-06-26,20.1,11.6,25.6,25236,0.0,1.42,2.2
2008-06-27,16.6,10.2,23.3,13343,0.1,1.27,3.0
2008-06-28,15.9,8.4,21.2,13585,6.3,1.14,2.8
2008-06-29,20.4,12.3,27.1,22249,0.0,1.51,2.1
2008-06-30,18.5,10.7,25.6,24908,0.0,1.35,2.3
2008-07-01,19.6,8.9,26.7,27435,0.0,1.23,1.5
2008-07-02,23.0,11.5,31.0,30850,0.0,1.49,2.2
2008-07-03,25.3,13.9,34.4,28782,0.0,1.76,2.2
2008-07-04,18.2,15.3,22.3,10927,0.1,1.71,2.8
2008-07-05,19.1,12.8,25.6,22101,0.0,1.52,1.6
2008-07-06,21.3,11.1,28.3,23088,2.6,1.42,1.8
2008-07-07,19.2,12.9,24.7,15176,5.3,1.52,2.9
2008-07-08,16.9,12.1,22.6,23907,7.4,1.41,3.7
2008-07-09,15.3,12.2,21.6,16764,1.2,1.42,3.1
2008-07-10,16.3,11.4,19.2,12800,1.7,1.32,2.2
2008-07-11,20.2,16.8,28.2,15554,0.7,1.92,2.3
2008-07-12,19.8,12.7,25.0,16403,0.0,1.51,2.6
2008-07-13,15.8,10.6,20.9,11560,1.3,1.27,1.7
2008-07-14,17.1,10.6,22.4,19102,0.3,1.3,2.3
2008-07-15,19.0,14.4,22.8,11487,0.0,1.63,2.6
2008-07-16,18.0,14.5,23.0,13213,3.3,1.63,2.6
2008-07-17,16.1,12.4,20.3,16696,0.0,1.41,1.9
2008-07-18,16.7,13.5,20.7,11242,2.1,1.52,2.2
2008-07-19,18.1,14.1,23.6,16473,0.5,1.61,2.8
2008-07-20,16.6,13.5,21.9,16171,0.2,1.52,3.0
2008-07-21,14.3,10.8,17.3,14992,0.9,1.28,3.5
2008-07-22,15.0,10.3,21.0,13315,0.0,1.27,2.5
2008-07-23,17.8,8.9,24.8,26123,0.0,1.22,1.6
2008-07-24,20.8,12.1,28.0,23806,0.0,1.51,2.3
2008-07-25,24.8,16.4,32.5,25352,0.0,1.96,2.3
2008-07-26,25.2,17.9,33.0,25276,0.0,2.12,2.1
2008-07-27,24.8,16.6,32.4,28545,0.0,1.99,1.9
2008-07-28,24.8,17.5,32.7,28210,0.0,2.08,2.1
2008-07-29,24.8,15.3,32.2,27998,0.0,1.87,2.1
2008-07-30,21.6,15.9,27.1,11389,0.0,1.83,1.6
2008-07-31,23.5,15.9,30.7,27566,0.0,1.9,2.1
2008-08-01,23.6,13.9,34.4,22439,8.7,1.76,2.3
2008-08-02,19.4,15.5,22.7,11454,3.9,1.74,2.0
2008-08-03,20.7,15.3,26.5,15056,0.0,1.74,2.8
2008-08-04,19.2,15.2,24.5,15836,0.9,1.73,4.1
2008-08-05,18.7,14.5,23.9,14422,0.1,1.64,3.1
2008-08-06,19.1,11.1,25.7,19196,0.0,1.39,1.5
2008-08-07,24.8,14.4,32.7,25514,0.0,1.78,2.4
2008-08-08,21.9,16.5,27.5,15037,2.2,1.89,3.1
2008-08-09,17.4,10.0,22.7,15797,0.1,1.26,2.8
2008-08-10,16.6,9.4,22.6,9840,1.7,1.22,2.8
2008-08-11,21.0,15.4,27.1,19210,2.9,1.76,2.2
2008-08-12,21.0,17.1,24.8,10178,0.0,1.93,2.6
2008-08-13,21.6,17.0,26.4,18652,0.0,1.94,4.0
2008-08-14,19.8,13.5,26.2,21744,0.0,1.58,2.7
2008-08-15,14.9,13.5,16.6,8663,8.5,1.49,1.6
2008-08-16,15.3,13.5,18.5,8593,17.0,1.51,1.6
2008-08-17,16.6,13.5,21.9,12032,3.2,1.52,1.6
2008-08-18,18.0,11.5,24.1,12996,0.1,1.39,2.2
2008-08-19,20.6,15.0,27.8,12906,0.0,1.74,2.7
2008-08-20,19.4,12.6,23.7,15243,1.3,1.47,3.3
2008-08-21,18.5,12.6,24.3,20207,0.0,1.48,2.4
2008-08-22,20.0,12.2,25.8,15151,4.0,1.47,1.8
2008-08-23,16.5,10.4,20.0,12648,2.1,1.26,3.1
2008-08-24,14.0,9.9,17.4,8121,0.7,1.2,2.4
2008-08-25,16.2,11.7,20.8,10645,0.4,1.36,1.7
2008-08-26,18.6,14.2,23.6,13145,0.0,1.61,2.0
2008-08-27,19.6,15.8,24.3,14498,0.0,1.79,2.2
2008-08-28,17.5,15.4,20.6,8480,0.4,1.71,2.3
2008-08-29,17.4,11.8,21.5,8730,0.4,1.38,2.4
2008-08-30,15.5,8.1,22.8,21550,0.0,1.14,1.5
2008-08-31,16.9,7.6,24.2,20847,0.0,1.12,2.2
2008-09-01,18.7,11.5,26.0,14803,7.3,1.42,2.3
2008-09-02,18.5,13.8,23.7,18153,0.0,1.58,2.4
2008-09-03,19.0,12.5,24.6,12833,8.3,1.48,3.0
2008-09-04,14.8,10.9,19.3,11969,0.1,1.29,2.6
2008-09-05,16.4,10.6,21.4,10367,0.2,1.28,2.2
2008-09-06,20.5,16.7,26.4,8994,18.0,1.9,2.5
2008-09-07,17.1,13.7,20.4,7742,0.6,1.53,2.4
2008-09-08,16.5,11.7,21.6,13302,0.1,1.38,2.4
2008-09-09,16.2,10.5,23.3,17646,0.0,1.3,1.7
2008-09-10,17.6,10.3,24.7,12021,0.0,1.31,1.7
2008-09-11,17.3,11.1,23.3,16105,0.0,1.36,1.8
2008-09-12,12.9,6.8,18.3,7916,0.0,1.0,3.2
2008-09-13,10.7,4.2,16.2,13482,0.3,0.84,3.2
2008-09-14,10.9,8.7,13.2,6928,0.0,1.1,2.6
2008-09-15,11.9,8.4,15.9,8634,0.0,1.09,2.3
2008-09-16,9.3,7.0,11.4,7249,0.0,0.98,1.8
2008-09-17,10.3,5.6,14.3,8433,0.0,0.9,1.5
2008-09-18,11.1,5.7,15.8,8041,0.0,0.92,1.5
2008-09-19,11.5,7.9,15.1,6880,0.0,1.04,1.4
2008-09-20,12.5,10.2,16.1,6695,0.3,1.21,1.7
2008-09-21,13.1,9.3,17.0,8410,1.0,1.15,1.8
2008-09-22,11.5,8.8,16.0,6894,4.0,1.11,1.9
2008-09-23,11.5,10.1,12.8,5587,6.4,1.19,2.0
2008-09-24,13.1,10.4,18.0,10506,0.0,1.25,2.1
2008-09-25,11.8,6.0,17.5,13411,0.0,0.95,2.4
2008-09-26,10.3,5.4,17.1,10348,0.0,0.91,1.8
2008-09-27,12.3,5.6,18.3,12116,0.0,0.93,1.7
2008-09-28,12.2,6.8,19.1,14385,0.0,1.01,1.7
2008-09-29,11.7,8.7,15.5,8290,1.5,1.1,2.0
2008-09-30,10.9,9.3,14.2,7041,4.2,1.14,3.8
2008-10-01,11.5,9.6,16.8,5814,10.2,1.18,5.1
2008-10-02,11.0,6.8,14.7,11489,0.0,0.97,4.2
2008-10-03,8.6,4.6,13.7,8877,0.0,0.85,2.8
2008-10-04,6.7,1.8,12.4,9264,0.0,0.7,3.1
2008-10-05,9.2,4.1,14.1,8474,2.8,0.83,4.1
2008-10-06,11.1,9.8,13.0,4559,0.1,1.17,1.8
2008-10-07,11.9,8.9,15.4,5219,0.0,1.11,1.7
2008-10-08,9.9,6.2,14.6,6997,0.0,0.94,1.8
2008-10-09,11.3,7.0,15.0,5054,1.3,0.99,1.6
2008-10-10,9.8,4.9,16.1,8219,0.0,0.88,1.7
2008-10-11,12.5,5.9,19.9,11629,0.0,0.98,2.1
2008-10-12,11.1,5.4,16.0,4733,0.0,0.91,1.8
2008-10-13,11.9,4.1,19.9,8027,3.2,0.88,1.9
2008-10-14,13.7,8.2,17.3,5107,0.1,1.09,2.0
2008-10-15,12.4,9.9,15.6,4125,1.5,1.18,2.4
2008-10-16,11.9,7.1,14.7,5090,2.1,0.99,3.3
2008-10-17,8.7,6.5,11.6,6106,0.0,0.95,3.2
2008-10-18,8.1,4.2,13.9,7242,0.0,0.83,2.2
2008-10-19,10.1,5.7,14.1,3627,0.0,0.91,2.5
2008-10-20,11.3,5.6,16.5,9927,0.0,0.92,2.9
2008-10-21,14.1,9.8,21.4,8669,0.9,1.22,3.1
2008-10-22,9.5,7.1,11.1,3431,0.7,0.98,2.1
2008-10-23,7.6,3.6,13.3,8965,0.0,0.79,2.3
2008-10-24,5.6,1.0,12.2,9443,0.0,0.66,2.3
2008-10-25,7.4,2.2,10.8,3244,0.0,0.71,1.9
2008-10-26,10.4,5.1,15.5,6936,2.1,0.88,3.3
2008-10-27,9.8,7.1,11.5,3124,6.4,0.98,2.5
2008-10-28,6.7,4.5,9.1,3065,2.5,0.82,1.8
2008-10-29,6.1,5.3,7.2,3008,14.1,0.86,1.5
2008-10-30,4.8,2.9,6.9,2951,14.6,0.73,2.1
2008-10-31,4.8,2.7,7.8,4010,0.0,0.72,1.7
2008-11-01,5.2,2.1,9.2,5960,0.0,0.7,2.1
2008-11-02,4.5,1.1,6.7,2788,0.0,0.64,1.9
2008-11-03,7.3,6.3,8.5,2735,0.1,0.92,2.2
2008-11-04,9.5,8.3,10.8,2684,0.0,1.05,1.5
2008-11-05,10.1,9.1,11.0,2634,0.2,1.11,2.5
2008-11-06,11.0,10.5,11.7,2585,0.4,1.22,1.7
2008-11-07,11.7,10.5,13.3,2537,0.2,1.23,1.7
2008-11-08,10.0,7.8,11.0,2490,2.9,1.02,1.7
2008-11-09,10.0,5.7,14.3,4718,1.4,0.9,3.5
2008-11-10,12.8,9.5,16.0,2564,0.0,1.16,4.5
2008-11-11,11.6,7.4,14.2,3060,0.0,1.01,4.2
2008-11-12,7.4,4.9,10.5,3704,0.0,0.84,2.9
2008-11-13,5.2,0.9,9.6,4123,0.0,0.65,1.8
2008-11-14,4.9,-0.4,9.0,2494,0.0,0.59,2.9
2008-11-15,9.8,8.4,11.2,2193,0.6,1.06,3.3
2008-11-16,8.8,5.4,11.4,3074,0.4,0.88,3.6
2008-11-17,4.1,-0.7,7.1,5905,0.0,0.57,2.0
2008-11-18,2.7,-1.2,6.4,2083,2.7,0.56,3.2
2008-11-19,6.6,3.4,9.7,2049,3.8,0.76,4.2
2008-11-20,8.0,4.6,10.0,2113,7.2,0.83,5.7
2008-11-21,2.5,0.1,4.8,2128,0.7,0.6,4.6
2008-11-22,-0.2,-2.1,1.0,3292,2.3,0.5,4.3
2008-11-23,0.3,-1.2,1.9,3390,0.4,0.54,3.6
2008-11-24,-1.3,-2.9,1.7,2409,0.4,0.48,2.3
2008-11-25,0.1,-2.7,1.5,1866,0.3,0.48,2.2
2008-11-26,2.0,-1.7,5.8,2944,0.3,0.53,2.7
2008-11-27,5.2,2.0,6.3,1814,0.0,0.68,3.1
2008-11-28,2.8,-0.9,5.8,2874,0.0,0.56,2.3
2008-11-29,1.5,-0.9,2.8,1767,0.3,0.55,1.8
2008-11-30,0.2,-1.9,1.9,1745,0.0,0.51,1.9
2008-12-01,1.5,-2.7,5.3,1724,7.2,0.49,2.1
2008-12-02,3.8,1.9,5.4,1705,0.7,0.68,3.3
2008-12-03,2.1,0.1,4.5,2468,3.6,0.6,2.9
2008-12-04,1.7,-1.1,4.3,1798,0.1,0.55,2.9
2008-12-05,3.8,1.3,5.4,1653,0.1,0.65,2.5
2008-12-06,3.2,-0.6,4.8,1978,0.4,0.57,2.1
2008-12-07,4.2,2.4,5.1,1793,0.9,0.7,2.2
2008-12-08,4.2,1.1,5.4,1610,0.0,0.64,2.5
2008-12-09,1.1,-1.4,3.9,3359,0.0,0.54,2.1
2008-12-10,1.7,0.9,2.5,1588,1.0,0.63,1.5
2008-12-11,1.4,0.6,2.0,1578,4.8,0.61,1.3
2008-12-12,1.1,0.4,1.7,1569,0.1,0.6,1.6
2008-12-13,2.1,1.0,3.5,1562,0.0,0.63,2.6
2008-12-14,2.5,1.7,3.5,1555,0.0,0.66,2.9
2008-12-15,2.0,0.2,3.4,1550,0.0,0.59,2.1
2008-12-16,1.4,0.8,2.1,1546,0.0,0.62,1.3
2008-12-17,3.0,1.9,4.0,1543,1.7,0.67,1.7
2008-12-18,3.0,2.1,3.9,1541,1.2,0.68,2.1
2008-12-19,3.6,1.4,6.1,1540,5.7,0.66,3.0
2008-12-20,4.9,2.4,7.3,1540,1.3,0.71,4.6
2008-12-21,5.8,3.7,8.3,2196,0.5,0.78,3.6
2008-12-22,8.2,5.6,9.5,2445,1.1,0.88,4.4
2008-12-23,3.8,0.0,6.1,2327,0.9,0.6,2.3
2008-12-24,4.3,-0.1,6.2,1551,1.7,0.59,2.5
2008-12-25,0.3,-2.2,2.1,2752,0.0,0.5,2.8
2008-12-26,-2.6,-4.7,-1.0,2266,0.0,0.41,3.1
2008-12-27,-0.9,-3.9,1.6,2774,0.0,0.45,2.4
2008-12-28,-3.6,-6.1,-1.1,3953,0.0,0.38,2.5
2008-12-29,-3.0,-4.3,-2.0,2343,0.0,0.43,2.3
2008-12-30,-4.0,-6.8,-1.4,4038,0.0,0.36,1.7
2008-12-31,-6.0,-9.3,-1.2,4231,0.0,0.3,1.3
2009-01-01,-3.1,-8.3,-0.6,1614,1.5,0.32,1.6
2009-01-02,-2.6,-7.7,-0.4,2434,0.0,0.34,1.5
2009-01-03,-4.8,-10.2,0.5,2709,0.1,0.29,2.6
2009-01-04,0.6,-1.1,1.6,1657,4.3,0.54,2.6
2009-01-05,-7.4,-16.2,-0.6,4399,0.0,0.19,2.5
2009-01-06,-15.1,-19.7,-9.9,4828,0.0,0.13,2.1
2009-01-07,-11.0,-20.7,-3.2,1711,0.0,0.13,2.3
2009-01-08,-9.5,-16.1,-6.1,2925,0.0,0.18,2.1
2009-01-09,-5.3,-9.1,-2.0,1886,0.0,0.3,1.8
2009-01-10,-1.8,-5.9,0.0,1774,0.0,0.38,1.5
2009-01-11,-5.3,-8.9,-1.6,5155,0.0,0.31,2.3
2009-01-12,-5.4,-8.4,-0.9,5164,0.0,0.32,3.0
2009-01-13,-2.0,-6.9,2.4,3558,0.0,0.37,2.7
2009-01-14,-5.8,-9.9,-1.9,2668,0.0,0.29,1.4
2009-01-15,0.7,-2.5,2.5,1903,0.0,0.5,1.3
2009-01-16,-0.3,-2.5,1.8,2504,0.0,0.49,2.2
2009-01-17,-1.2,-3.6,1.1,3453,0.6,0.45,2.4
2009-01-18,2.2,-0.6,4.3,3306,4.6,0.57,3.6
2009-01-19,2.8,0.7,4.9,4778,0.5,0.62,3.7
2009-01-20,2.8,-1.5,5.4,2061,1.2,0.53,2.5
2009-01-21,-0.6,-2.3,0.5,2096,0.2,0.49,1.3
2009-01-22,-0.1,-1.5,0.6,2132,0.0,0.53,2.8
2009-01-23,0.7,-1.6,4.5,2169,1.2,0.53,4.4
2009-01-24,3.2,0.5,4.8,2260,0.1,0.61,2.7
2009-01-25,0.8,-2.6,3.9,2773,0.0,0.49,1.8
2009-01-26,0.3,-1.4,2.0,2288,0.0,0.53,1.8
2009-01-27,0.0,-2.4,1.9,2384,0.0,0.5,1.4
2009-01-28,-2.5,-4.0,-1.4,2373,0.1,0.44,1.6
2009-01-29,-2.9,-4.2,-1.8,2417,0.0,0.43,2.2
2009-01-30,-0.6,-2.3,0.6,2463,0.0,0.5,2.4
2009-01-31,0.3,-2.8,1.0,2509,0.3,0.48,2.9
2009-02-01,-1.6,-3.9,0.3,2557,0.0,0.44,3.9
2009-02-02,0.5,-0.6,1.7,2606,0.0,0.56,4.2
2009-02-03,0.7,-0.5,2.2,2773,0.1,0.57,2.2
2009-02-04,0.9,0.0,1.8,2706,0.3,0.59,1.2
2009-02-05,2.7,0.0,6.6,5948,0.0,0.59,2.0
2009-02-06,1.1,-0.9,4.4,3726,0.0,0.56,1.8
2009-02-07,0.3,-0.5,1.6,2866,0.4,0.57,1.5
2009-02-08,1.8,-1.1,3.8,3359,0.0,0.55,2.8
2009-02-09,0.5,-2.2,4.6,5508,0.0,0.51,2.5
2009-02-10,1.8,-0.9,5.4,3035,10.7,0.56,4.8
2009-02-11,1.0,-0.2,3.9,3094,0.2,0.58,4.0
2009-02-12,-0.6,-2.1,0.7,3219,0.3,0.5,2.7
2009-02-13,-1.4,-4.4,2.1,6935,0.1,0.43,2.1
2009-02-14,-2.3,-5.3,-0.3,3275,0.1,0.4,2.3
2009-02-15,-1.2,-3.6,0.6,3338,4.4,0.45,2.4
2009-02-16,-0.6,-2.2,0.4,3401,5.5,0.5,2.3
2009-02-17,-3.7,-10.0,-1.1,8420,0.1,0.28,3.0
2009-02-18,-2.5,-5.9,-1.2,3602,0.0,0.38,1.6
2009-02-19,-2.4,-5.4,-0.1,3597,5.9,0.4,2.1
2009-02-20,-0.4,-3.2,1.8,3665,0.9,0.47,2.2
2009-02-21,-2.8,-4.7,-1.2,3806,3.2,0.42,1.7
2009-02-22,1.7,-2.6,5.2,3802,2.9,0.5,3.4
2009-02-23,2.5,0.6,4.2,3871,1.5,0.61,3.8
2009-02-24,1.9,0.8,3.3,3942,0.0,0.63,2.0
2009-02-25,2.9,0.2,5.4,4014,1.9,0.6,2.7
2009-02-26,5.3,3.8,7.6,4241,1.6,0.78,4.1
2009-02-27,5.0,3.6,6.8,4394,0.1,0.76,3.5
2009-02-28,4.7,2.0,7.7,5737,0.0,0.69,1.6
2009-03-01,5.2,3.1,7.8,4307,0.0,0.74,1.8
2009-03-02,6.6,3.1,9.4,4382,5.0,0.75,2.1
2009-03-03,4.7,1.0,7.7,4703,0.2,0.64,2.0
2009-03-04,5.1,-0.3,9.8,5443,0.3,0.61,3.2
2009-03-05,7.7,1.9,14.2,8120,1.6,0.72,2.6
2009-03-06,4.4,3.9,5.5,4688,0.2,0.78,2.9
2009-03-07,4.1,3.0,4.7,4766,0.0,0.73,2.7
2009-03-08,4.4,-0.8,8.1,5448,2.1,0.57,3.2
2009-03-09,4.4,2.5,7.6,8665,1.8,0.71,4.0
2009-03-10,4.9,3.0,9.0,6673,2.5,0.74,3.5
2009-03-11,4.1,0.5,7.2,5350,0.6,0.62,3.1
2009-03-12,4.5,2.7,7.3,5791,5.3,0.71,2.9
2009-03-13,6.0,3.8,8.6,5516,0.9,0.78,2.7
2009-03-14,6.9,0.8,12.0,9614,1.2,0.66,2.0
2009-03-15,7.6,6.1,9.3,5408,0.1,0.91,3.0
2009-03-16,5.9,4.3,8.1,5768,0.6,0.8,1.6
2009-03-17,7.6,4.6,12.0,10819,0.0,0.83,3.1
2009-03-18,5.6,1.2,9.2,11892,1.0,0.66,2.6
2009-03-19,4.7,0.9,7.8,14411,0.0,0.64,2.5
2009-03-20,1.6,-1.4,5.9,11491,0.0,0.54,1.9
2009-03-21,3.6,-2.0,8.5,13269,0.0,0.53,2.0
2009-03-22,6.0,3.9,8.7,5986,2.2,0.78,4.1
2009-03-23,6.0,2.9,7.3,6069,6.2,0.73,5.6
2009-03-24,1.3,-2.4,5.3,9428,1.0,0.5,4.1
2009-03-25,1.3,-4.1,5.9,14637,0.0,0.46,3.2
2009-03-26,4.3,1.1,8.1,6520,0.4,0.65,3.4
2009-03-27,6.7,3.9,10.7,7823,1.4,0.8,3.7
2009-03-28,6.5,1.7,11.1,9553,2.8,0.69,3.0
2009-03-29,6.7,3.8,10.3,10173,0.0,0.78,2.0
2009-03-30,5.5,0.4,10.2,9452,0.0,0.63,1.8
2009-03-31,6.6,-1.2,14.3,18847,0.0,0.6,2.0
2009-04-01,8.2,-0.2,15.6,19222,0.0,0.65,2.5
2009-04-02,9.6,4.9,16.2,20020,0.0,0.88,3.1
2009-04-03,10.8,0.8,20.6,20081,0.0,0.74,1.9
2009-04-04,14.8,4.2,24.0,18745,0.1,0.93,2.0
2009-04-05,11.4,6.3,15.4,11351,0.0,0.95,1.7
2009-04-06,11.0,2.8,17.5,18291,0.0,0.78,1.8
2009-04-07,14.1,6.7,23.1,19092,0.4,1.05,2.1
2009-04-08,15.1,7.4,22.3,17265,5.8,1.08,2.4
2009-04-09,13.6,8.6,18.9,15194,0.0,1.12,1.7
2009-04-10,13.2,6.1,19.9,20864,0.0,0.98,2.4
2009-04-11,12.9,6.4,19.2,22019,0.0,0.99,2.3
2009-04-12,10.5,5.2,17.2,19818,0.0,0.91,2.0
2009-04-13,12.4,4.7,20.0,21874,0.0,0.91,1.7
2009-04-14,13.4,5.8,21.0,21569,0.0,0.97,1.5
2009-04-15,14.2,5.4,21.8,22168,0.0,0.96,2.3
2009-04-16,13.3,8.2,18.5,22883,0.4,1.09,3.2
2009-04-17,12.9,6.8,19.4,15906,0.6,1.02,3.3
2009-04-18,10.9,6.9,14.8,8170,0.0,0.98,2.5
2009-04-19,8.0,2.3,14.7,23773,0.0,0.74,2.5
2009-04-20,9.8,0.7,17.7,24262,0.0,0.71,2.1
2009-04-21,10.4,3.9,17.8,24401,0.0,0.84,1.8
2009-04-22,9.4,2.4,18.5,16326,0.3,0.79,2.5
2009-04-23,10.4,5.7,17.6,16664,0.0,0.94,2.0
2009-04-24,11.8,3.2,19.3,24922,0.0,0.83,2.5
2009-04-25,14.4,5.2,22.0,24814,0.0,0.95,2.6
2009-04-26,17.4,7.1,24.5,21369,0.0,1.1,2.1
2009-04-27,18.4,12.9,25.0,21242,0.0,1.51,2.5
2009-04-28,19.4,14.3,26.2,21351,0.0,1.66,2.6
2009-04-29,15.8,8.5,22.2,17010,0.0,1.15,1.8
2009-04-30,16.6,6.2,26.7,24337,0.0,1.07,1.8
2009-05-01,14.3,7.6,22.2,25658,0.0,1.1,1.9
2009-05-02,13.3,3.4,21.9,26013,0.0,0.87,1.7
2009-05-03,15.3,3.1,24.4,22352,0.4,0.88,1.9
2009-05-04,10.8,4.4,15.8,13423,0.5,0.86,2.8
2009-05-05,8.5,1.9,12.9,9460,2.0,0.71,3.1
2009-05-06,11.6,5.9,16.0,13567,3.3,0.93,4.2
2009-05-07,12.5,1.8,20.9,15234,0.0,0.78,2.4
2009-05-08,15.2,5.7,22.8,20603,8.8,1.0,2.8
2009-05-09,13.6,5.6,19.9,25623,11.7,0.95,2.1
2009-05-10,14.6,9.8,20.0,20146,0.0,1.22,1.8
2009-05-11,11.5,6.7,15.1,9685,0.2,0.97,2.2
2009-05-12,10.6,3.0,16.6,24273,0.0,0.79,2.8
2009-05-13,11.3,3.5,18.2,27713,0.0,0.83,2.5
2009-05-14,11.6,5.4,17.5,26675,0.0,0.91,2.9
2009-05-15,13.3,5.1,20.5,22633,0.5,0.94,3.0
2009-05-16,12.4,6.5,17.5,14697,4.9,0.98,2.3
2009-05-17,15.6,5.9,23.4,26656,0.6,1.01,2.3
2009-05-18,16.4,10.7,21.7,15309,0.0,1.3,2.0
2009-05-19,15.6,9.1,21.1,18755,5.1,1.17,1.5
2009-05-20,17.0,9.3,23.5,23090,0.0,1.22,1.6
2009-05-21,16.3,11.4,21.0,13700,4.8,1.34,2.0
2009-05-22,14.7,10.5,19.4,14756,0.4,1.27,2.5
2009-05-23,13.5,8.9,18.9,25411,0.0,1.15,2.1
2009-05-24,17.3,8.7,25.3,23571,0.0,1.2,2.0
2009-05-25,17.2,9.6,24.0,29318,0.0,1.25,1.6
2009-05-26,19.1,10.9,30.6,18731,20.5,1.45,3.2
2009-05-27,14.6,11.3,19.3,21057,0.0,1.32,3.5
2009-05-28,12.8,9.6,16.6,17166,2.6,1.17,3.7
2009-05-29,12.5,8.5,16.6,21142,1.1,1.09,3.1
2009-05-30,13.9,9.3,19.4,10503,8.8,1.18,2.9
2009-05-31,15.6,9.8,23.2,14604,5.8,1.26,2.4
2009-06-01,15.3,11.2,21.4,17818,3.7,1.34,2.2
2009-06-02,18.7,11.3,25.8,24473,0.0,1.4,2.9
2009-06-03,11.7,8.9,15.6,14566,6.7,1.12,3.9
2009-06-04,10.5,7.6,15.0,18163,0.0,1.03,3.1
2009-06-05,10.4,4.7,15.7,22527,0.2,0.87,2.2
2009-06-06,11.2,3.0,17.3,20001,8.9,0.79,2.4
2009-06-07,11.3,7.2,14.7,11598,3.6,0.99,2.4
2009-06-08,14.8,8.6,20.7,22091,0.0,1.14,2.3
2009-06-09,15.8,10.3,24.4,16745,10.6,1.31,2.3
2009-06-10,17.0,10.9,22.3,20725,0.2,1.32,2.8
2009-06-11,13.9,10.1,19.6,12176,7.4,1.23,4.0
2009-06-12,12.6,8.6,16.8,24464,0.3,1.11,4.2
2009-06-13,14.3,8.9,19.7,27420,0.0,1.15,2.9
2009-06-14,15.9,7.3,21.6,24106,0.0,1.06,1.9
2009-06-15,17.3,12.8,22.6,16441,11.5,1.48,2.0
2009-06-16,14.9,11.0,19.1,20030,0.0,1.3,2.5
2009-06-17,14.1,8.4,19.8,27840,0.0,1.13,1.7
2009-06-18,17.4,10.9,23.4,16458,0.0,1.34,2.6
2009-06-19,15.7,11.0,20.7,16461,0.4,1.31,2.7
2009-06-20,14.3,9.5,20.1,22218,0.9,1.2,2.3
2009-06-21,14.3,8.3,19.5,17995,0.4,1.11,1.8
2009-06-22,14.7,11.1,20.2,15946,15.5,1.31,2.3
2009-06-23,17.1,12.1,22.4,19651,0.0,1.42,3.1
2009-06-24,18.4,12.8,24.1,24375,12.9,1.5,3.0
2009-06-25,17.5,13.7,22.6,13884,2.2,1.55,2.4
2009-06-26,18.6,16.7,21.0,10808,0.0,1.84,2.5
2009-06-27,18.0,14.2,22.3,12460,0.0,1.6,2.3
2009-06-28,17.6,13.8,21.5,12704,0.0,1.55,1.8
2009-06-29,19.4,15.5,24.9,15117,0.1,1.74,1.4
2009-06-30,22.0,16.4,29.6,21483,11.0,1.92,1.4
2009-07-01,22.3,17.7,28.8,24015,3.6,2.03,1.5
2009-07-02,22.5,17.6,29.2,20422,0.0,2.03,1.6
2009-07-03,22.4,16.8,28.5,24477,0.0,1.94,1.6
2009-07-04,21.3,16.4,29.3,21903,32.6,1.9,2.1
2009-07-05,20.7,17.3,25.1,18820,0.0,1.94,1.7
2009-07-06,21.2,16.1,26.5,20575,0.0,1.83,1.9
2009-07-07,19.4,15.3,25.3,21435,0.3,1.74,2.6
2009-07-08,17.1,14.0,22.3,16446,2.3,1.59,3.4
2009-07-09,16.1,11.4,20.5,16289,1.2,1.33,3.3
2009-07-10,14.7,10.8,20.4,20697,5.0,1.29,3.6
2009-07-11,15.5,11.9,20.5,15208,0.0,1.39,2.7
2009-07-12,17.2,10.2,23.4,19861,2.9,1.28,2.0
2009-07-13,19.7,14.5,25.5,19187,0.0,1.67,1.9
2009-07-14,21.1,13.5,28.1,16870,0.0,1.6,1.7
2009-07-15,23.3,17.3,28.9,19102,0.0,2.0,2.1
2009-07-16,22.5,15.0,28.6,24230,0.0,1.77,1.6
2009-07-17,21.8,13.6,30.3,20649,41.9,1.67,2.4
2009-07-18,17.4,14.7,19.8,10276,2.0,1.63,3.1
2009-07-19,17.6,13.8,23.0,15265,0.9,1.58,2.9
2009-07-20,17.3,12.5,22.7,23505,3.1,1.45,3.1
2009-07-21,19.3,12.8,25.8,21187,0.4,1.51,2.0
2009-07-22,21.6,17.3,28.2,15994,0.6,2.0,2.3
2009-07-23,23.4,17.6,30.6,18191,4.7,2.05,2.5
2009-07-24,18.5,13.7,22.5,16011,5.4,1.55,2.7
2009-07-25,15.9,12.2,20.1,16203,8.5,1.4,3.3
2009-07-26,17.0,12.0,22.1,21246,0.0,1.4,2.0
2009-07-27,20.2,11.8,27.1,26270,0.0,1.47,2.3
2009-07-28,19.0,11.7,23.6,15278,0.0,1.39,2.2
2009-07-29,19.8,10.4,26.4,26230,0.0,1.34,1.9
2009-07-30,20.7,13.8,26.0,18487,0.0,1.61,3.4
2009-07-31,17.2,9.7,23.5,25564,0.0,1.25,1.9
2009-08-01,18.9,7.9,26.7,24245,0.0,1.16,1.8
2009-08-02,23.3,13.5,31.6,23175,5.2,1.67,2.2
2009-08-03,18.4,14.1,20.8,9740,4.6,1.59,1.8
2009-08-04,18.8,12.9,24.8,22630,0.0,1.52,1.5
2009-08-05,20.6,15.3,26.2,24244,0.0,1.75,1.6
2009-08-06,19.5,14.5,27.3,16124,0.0,1.69,2.0
2009-08-07,21.3,14.4,28.3,23439,0.0,1.7,2.1
2009-08-08,21.7,12.7,28.8,23097,0.0,1.55,1.8
2009-08-09,20.4,13.4,27.0,22271,0.0,1.58,1.5
2009-08-10,20.5,11.9,28.1,18322,1.5,1.48,1.6
2009-08-11,19.6,17.0,23.8,14394,0.0,1.91,2.4
2009-08-12,19.2,16.4,23.8,15267,0.0,1.83,2.7
2009-08-13,18.6,14.1,23.8,17800,0.0,1.62,2.5
2009-08-14,15.9,9.4,21.9,18890,0.0,1.22,1.7
2009-08-15,19.4,9.0,28.4,20443,0.0,1.28,2.1
2009-08-16,23.4,13.6,32.5,24222,0.4,1.71,2.3
2009-08-17,21.5,15.1,27.7,21512,0.0,1.76,2.4
2009-08-18,18.4,10.9,24.1,18468,0.0,1.33,2.1
2009-08-19,19.1,9.2,26.9,22787,0.0,1.27,1.7
2009-08-20,23.6,12.8,31.4,24051,0.0,1.61,2.5
2009-08-21,19.2,14.8,22.8,11080,13.1,1.67,2.0
2009-08-22,17.4,11.1,23.3,16177,0.0,1.36,1.7
2009-08-23,17.0,9.4,24.4,22603,0.0,1.25,2.0
2009-08-24,18.5,9.1,25.5,23149,0.0,1.24,2.5
2009-08-25,22.0,14.9,30.9,20733,4.5,1.79,1.8
2009-08-26,21.7,17.1,26.6,15961,0.0,1.96,1.7
2009-08-27,21.5,15.2,29.4,17872,0.0,1.78,1.9
2009-08-28,22.9,17.6,30.1,13378,0.0,2.04,3.0
2009-08-29,17.0,11.1,21.4,14832,0.4,1.34,3.0
2009-08-30,15.1,8.5,22.2,15604,0.0,1.15,2.4
2009-08-31,16.6,6.6,25.8,17469,0.0,1.07,2.0
2009-09-01,22.6,13.1,31.6,20738,0.4,1.63,2.6
2009-09-02,20.2,15.2,25.7,16003,6.9,1.74,2.2
2009-09-03,17.5,14.0,21.2,10667,13.2,1.56,3.8
2009-09-04,16.9,13.0,21.8,16284,3.9,1.48,4.0
2009-09-05,14.7,11.2,19.6,11647,1.5,1.32,4.1
2009-09-06,14.8,13.0,18.4,8768,0.6,1.46,2.5
2009-09-07,15.3,9.9,21.0,11430,0.2,1.24,1.7
2009-09-08,17.6,8.6,26.4,19425,0.0,1.21,1.7
2009-09-09,18.2,10.7,25.7,19159,0.0,1.35,1.9
2009-09-10,16.2,10.4,22.3,14425,0.0,1.29,2.4
2009-09-11,16.2,11.1,22.4,15530,0.0,1.33,2.4
2009-09-12,15.4,10.1,21.2,15695,0.0,1.26,2.2
2009-09-13,12.9,10.6,16.2,7000,0.8,1.25,2.7
2009-09-14,14.7,10.8,20.6,10451,0.1,1.3,2.7
2009-09-15,16.5,11.5,21.6,11844,0.0,1.36,2.6
2009-09-16,17.0,12.3,23.2,15804,0.0,1.45,2.6
2009-09-17,14.4,8.1,20.1,16342,0.0,1.1,2.1
2009-09-18,13.6,6.4,21.4,16672,0.0,1.02,1.8
2009-09-19,14.8,7.2,23.1,16897,0.0,1.08,1.6
2009-09-20,16.3,7.1,26.2,15666,0.0,1.12,1.3
2009-09-21,15.6,10.0,21.6,12441,0.0,1.26,1.6
2009-09-22,17.0,8.4,23.4,13730,0.0,1.15,2.1
2009-09-23,17.0,12.6,21.9,10567,0.0,1.45,2.3
2009-09-24,14.6,8.1,19.8,13153,0.0,1.1,1.9
2009-09-25,13.4,7.4,19.8,12451,0.0,1.05,1.7
2009-09-26,12.3,5.2,20.6,12676,0.0,0.94,1.5
2009-09-27,13.0,4.2,23.1,14896,0.0,0.91,1.3
2009-09-28,12.9,6.0,17.5,5354,1.6,0.95,2.4
2009-09-29,13.3,6.6,16.6,6166,4.5,0.97,2.7
2009-09-30,9.5,4.5,15.2,12361,0.7,0.85,1.8
2009-10-01,12.4,8.3,15.9,7304,2.8,1.07,3.1
2009-10-02,8.5,4.9,12.1,5293,2.3,0.85,2.4
2009-10-03,10.8,4.7,15.7,5555,0.3,0.87,3.9
2009-10-04,13.1,8.4,16.2,8791,0.3,1.09,4.6
2009-10-05,9.8,5.5,14.8,11793,0.2,0.91,2.0
2009-10-06,11.9,8.9,14.8,4719,3.2,1.12,2.4
2009-10-07,19.0,13.9,23.0,7698,9.6,1.58,2.7
2009-10-08,11.8,7.5,18.3,5546,15.1,1.05,2.6
2009-10-09,8.1,3.5,13.2,12741,0.0,0.78,2.0
2009-10-10,7.9,2.8,11.9,4813,7.1,0.75,2.3
2009-10-11,9.2,8.0,10.2,4259,12.2,1.03,2.7
2009-10-12,7.7,3.5,10.7,4813,2.3,0.78,3.6
2009-10-13,4.6,2.3,9.2,7368,1.8,0.71,2.7
2009-10-14,4.6,1.7,7.0,5651,5.9,0.67,2.9
2009-10-15,4.3,2.9,5.7,3971,12.3,0.73,3.0
2009-10-16,4.0,2.7,5.3,3900,4.3,0.71,3.8
2009-10-17,5.7,3.5,9.1,5239,0.4,0.77,2.8
2009-10-18,6.1,4.5,9.5,5960,0.2,0.82,1.6
2009-10-19,4.4,0.2,11.2,7822,0.0,0.63,1.8
2009-10-20,3.6,-1.5,7.6,5560,0.0,0.55,2.5
2009-10-21,6.3,4.9,7.8,3561,0.0,0.84,3.0
2009-10-22,6.3,4.2,8.1,3496,0.6,0.8,2.4
2009-10-23,6.6,5.8,7.3,3431,1.2,0.88,1.3
2009-10-24,7.1,5.5,8.1,3368,0.0,0.87,1.8
2009-10-25,8.5,5.7,12.0,3306,0.7,0.89,2.3
2009-10-26,9.7,5.9,12.5,3244,0.6,0.9,2.8
2009-10-27,10.9,9.2,12.2,3578,0.1,1.12,1.8
2009-10-28,9.7,7.9,11.6,3124,5.9,1.03,1.2
2009-10-29,6.8,0.0,10.0,3065,0.5,0.62,1.4
2009-10-30,3.6,-1.3,8.5,3896,0.0,0.56,2.1
2009-10-31,4.0,-1.4,8.0,5083,0.0,0.55,2.0
2009-11-01,1.3,-1.8,4.7,6797,0.0,0.52,2.8
2009-11-02,3.7,1.8,5.8,2841,14.9,0.67,2.5
2009-11-03,3.6,2.3,4.7,2788,1.7,0.69,2.5
2009-11-04,2.0,-0.1,7.0,2735,6.2,0.6,3.5
2009-11-05,7.4,4.5,11.2,3745,0.5,0.83,2.8
2009-11-06,6.6,2.5,11.3,6768,0.0,0.72,2.4
2009-11-07,3.7,0.6,9.1,6611,0.0,0.64,2.6
2009-11-08,4.8,2.7,7.0,2537,4.4,0.71,1.9
2009-11-09,5.0,4.4,5.6,2490,9.1,0.8,2.6
2009-11-10,5.8,4.5,7.6,2444,0.0,0.81,1.8
2009-11-11,5.5,1.9,7.6,2728,0.1,0.68,1.7
2009-11-12,5.8,2.3,9.0,2789,0.2,0.71,2.0
2009-11-13,7.7,4.1,9.9,3169,1.0,0.8,2.6
2009-11-14,10.8,7.0,15.0,4070,0.8,0.99,3.0
2009-11-15,9.2,6.2,13.2,3956,1.4,0.94,2.6
2009-11-16,7.6,3.7,10.6,3639,2.5,0.78,2.2
2009-11-17,10.3,9.1,12.5,2155,3.9,1.12,2.6
2009-11-18,9.3,6.9,11.9,3987,3.1,0.97,4.6
2009-11-19,10.7,6.3,13.7,3181,0.0,0.95,3.4
2009-11-20,8.6,2.2,13.4,5160,0.0,0.73,2.8
2009-11-21,10.5,8.0,14.0,3432,0.0,1.04,2.0
2009-11-22,10.3,7.9,13.7,1983,0.0,1.04,3.4
2009-11-23,9.5,7.8,11.5,2335,5.6,1.03,5.7
2009-11-24,9.9,8.5,11.5,2017,3.7,1.07,4.9
2009-11-25,12.1,10.7,14.5,2831,1.2,1.25,4.1
2009-11-26,9.7,7.3,12.5,3166,0.0,0.99,4.4
2009-11-27,8.2,5.7,11.6,2300,0.4,0.89,4.3
2009-11-28,7.9,6.2,10.4,2635,1.4,0.92,4.1
2009-11-29,8.7,5.5,11.5,2242,0.3,0.88,3.1
2009-11-30,4.7,1.4,7.4,2125,4.5,0.66,1.8
2009-12-01,5.7,2.9,6.5,1745,7.8,0.72,2.1
2009-12-02,1.2,-0.9,3.0,3619,0.0,0.55,2.1
2009-12-03,2.1,0.3,4.3,3629,0.0,0.6,3.0
2009-12-04,0.6,-0.4,1.8,1686,0.0,0.57,2.1
2009-12-05,2.7,1.2,4.3,2618,0.2,0.64,2.9
2009-12-06,5.3,2.5,8.3,1653,5.2,0.71,2.9
2009-12-07,6.8,1.0,9.5,3468,0.0,0.65,2.3
2009-12-08,3.4,0.1,4.7,1623,0.4,0.6,2.7
2009-12-09,5.1,4.6,5.8,1610,0.0,0.81,1.9
2009-12-10,4.7,2.3,5.9,1598,7.9,0.69,2.8
2009-12-11,2.1,-1.2,4.5,2672,0.0,0.55,3.0
2009-12-12,-0.3,-2.4,0.8,1578,0.5,0.49,2.5
2009-12-13,-2.3,-4.5,-0.7,1776,0.2,0.42,2.4
2009-12-14,-1.2,-3.3,0.6,1644,0.0,0.46,2.2
2009-12-15,-0.7,-2.3,0.4,1555,0.0,0.5,2.1
2009-12-16,-2.2,-3.9,-0.7,2905,0.0,0.44,1.9
2009-12-17,-4.3,-9.5,-2.4,1546,2.8,0.29,1.9
2009-12-18,-11.6,-14.9,-9.5,2116,1.3,0.19,2.5
2009-12-19,-13.8,-16.6,-11.7,1868,0.1,0.16,1.8
2009-12-20,-11.8,-14.9,-8.3,3380,2.1,0.19,3.2
2009-12-21,-3.4,-8.3,-0.2,1540,0.2,0.33,2.7
2009-12-22,0.1,-4.4,5.0,1541,5.4,0.44,3.1
2009-12-23,0.8,-0.3,1.9,1544,0.4,0.57,2.2
2009-12-24,0.5,-0.4,1.3,1547,2.4,0.57,2.4
2009-12-25,3.9,1.0,7.2,1757,1.8,0.64,4.4
2009-12-26,4.2,1.0,6.5,2216,0.0,0.64,3.8
2009-12-27,1.0,-0.9,2.7,2928,0.8,0.55,3.0
2009-12-28,1.6,0.5,3.4,1572,0.1,0.61,2.7
2009-12-29,-0.4,-1.6,1.1,1581,0.0,0.52,2.2
2009-12-30,-1.4,-2.0,-0.4,1591,6.4,0.5,3.0
2009-12-31,-1.1,-2.1,-0.4,1602,1.0,0.5,2.7
2010-01-01,-1.5,-2.4,-0.7,1614,0.6,0.49,2.4
2010-01-02,-1.5,-3.4,-0.6,1627,4.6,0.46,2.5
2010-01-03,-4.8,-8.1,-3.1,1642,0.2,0.32,2.0
2010-01-04,-6.8,-8.5,-5.5,1657,0.1,0.31,2.0
2010-01-05,-7.1,-14.2,-5.2,2972,0.0,0.2,2.1
2010-01-06,-7.3,-14.2,-5.1,1692,0.1,0.21,1.4
2010-01-07,-6.0,-7.0,-4.4,1711,0.0,0.35,1.4
2010-01-08,-4.8,-6.8,-3.0,1731,0.2,0.36,3.0
2010-01-09,-2.4,-3.0,-2.0,1752,10.5,0.47,4.5
2010-01-10,-3.9,-5.1,-2.4,1774,2.9,0.4,3.2
2010-01-11,-4.2,-5.2,-3.5,1798,0.2,0.4,2.1
2010-01-12,-3.7,-4.5,-3.2,1822,0.0,0.42,2.0
2010-01-13,-2.7,-4.0,-1.2,1848,0.0,0.44,3.3
2010-01-14,-4.0,-6.7,-1.8,1875,0.0,0.36,2.7
2010-01-15,-3.7,-6.2,-2.5,1903,0.0,0.37,1.9
2010-01-16,-2.9,-3.5,-2.4,1932,0.0,0.45,3.2
2010-01-17,-1.5,-3.2,1.0,1963,2.9,0.47,3.0
2010-01-18,-0.3,-3.2,1.0,1994,0.1,0.47,2.0
2010-01-19,-0.2,-2.1,1.0,2027,1.4,0.5,1.6
2010-01-20,-4.9,-10.3,-0.3,3004,0.7,0.28,2.3
2010-01-21,-7.7,-9.9,-7.0,2096,0.1,0.28,2.1
2010-01-22,-8.1,-11.3,-6.7,3199,0.0,0.25,2.3
2010-01-23,-13.5,-17.4,-11.3,5149,0.0,0.15,2.6
2010-01-24,-13.3,-17.6,-9.6,2780,0.0,0.15,2.7
2010-01-25,-11.5,-13.4,-10.5,4036,0.0,0.21,2.2
2010-01-26,-17.3,-22.0,-12.0,5801,0.0,0.11,1.9
2010-01-27,-13.4,-23.1,-2.9,2546,4.4,0.12,2.9
2010-01-28,0.6,-3.1,2.5,2973,0.6,0.47,4.7
2010-01-29,0.4,-0.4,1.3,2804,2.4,0.57,3.6
2010-01-30,-2.0,-9.6,0.9,2574,0.3,0.3,3.4
2010-01-31,-5.0,-11.5,-1.0,5789,1.0,0.26,2.9
2010-02-01,-1.1,-4.4,1.5,3645,0.2,0.43,3.4
2010-02-02,-1.2,-4.1,1.0,3069,8.0,0.44,4.7
2010-02-03,1.2,-1.2,2.5,3888,0.0,0.54,4.0
2010-02-04,-0.4,-4.9,1.5,2706,0.8,0.41,2.1
2010-02-05,0.2,-2.5,3.1,7091,0.0,0.5,2.7
2010-02-06,-2.7,-7.0,0.1,5615,0.0,0.36,2.1
2010-02-07,-4.3,-6.4,-3.6,2866,0.0,0.36,2.0
2010-02-08,-4.5,-6.8,-3.9,2921,0.0,0.35,2.3
2010-02-09,-5.7,-8.1,-4.3,5445,0.3,0.32,2.1
2010-02-10,-6.0,-7.7,-4.4,3035,0.3,0.33,2.3
2010-02-11,-4.1,-6.7,-1.9,3094,2.2,0.36,3.4
2010-02-12,-1.0,-2.6,0.4,3153,0.8,0.49,2.9
2010-02-13,-1.7,-2.7,-0.6,3280,0.3,0.48,2.0
2010-02-14,-2.2,-3.5,-0.6,3275,0.0,0.45,1.1
2010-02-15,-2.2,-4.1,1.2,3338,0.0,0.44,1.5
2010-02-16,-1.4,-3.7,0.3,3401,0.2,0.45,2.1
2010-02-17,-4.5,-7.2,-1.7,6396,0.0,0.34,2.3
2010-02-18,0.8,-4.1,5.1,3814,0.0,0.45,2.2
2010-02-19,1.7,-1.8,5.4,4026,0.1,0.53,2.4
2010-02-20,2.4,-0.7,5.2,7352,0.0,0.56,3.4
2010-02-21,-0.3,-5.6,2.9,6659,0.0,0.4,2.5
2010-02-22,1.9,-1.9,7.3,6763,4.6,0.53,2.7
2010-02-23,3.0,-1.3,6.9,3871,0.2,0.55,2.9
2010-02-24,0.0,-1.6,1.3,3942,1.3,0.52,2.5
2010-02-25,4.5,0.1,10.0,9299,0.0,0.62,3.1
2010-02-26,5.0,2.9,7.6,4473,0.2,0.73,3.6
2010-02-27,5.5,2.4,9.0,6509,0.1,0.71,3.6
2010-02-28,6.2,1.8,11.6,5500,4.2,0.7,4.6
2010-03-01,4.8,1.7,7.9,4947,0.8,0.68,5.0
2010-03-02,2.6,0.9,6.6,4948,0.9,0.63,2.8
2010-03-03,1.4,-2.5,4.7,7566,0.0,0.5,2.8
2010-03-04,-0.7,-4.0,3.5,9081,0.1,0.45,2.8
2010-03-05,-3.0,-5.5,-0.5,6950,0.0,0.39,2.8
2010-03-06,-2.8,-6.0,0.4,9162,0.0,0.38,3.7
2010-03-07,-1.9,-7.7,1.6,7069,0.0,0.34,2.6
2010-03-08,-0.9,-5.7,1.8,8807,0.0,0.39,2.0
2010-03-09,-2.5,-8.0,3.5,13014,0.0,0.34,2.7
2010-03-10,-0.5,-4.7,4.6,12383,0.0,0.43,3.2
2010-03-11,-2.0,-4.4,1.2,9962,0.0,0.43,2.3
2010-03-12,1.7,-1.2,4.4,5164,2.4,0.54,2.7
2010-03-13,3.6,1.6,6.5,6601,0.9,0.66,3.9
2010-03-14,3.2,0.0,6.9,5418,9.4,0.6,4.6
2010-03-15,0.8,-1.2,4.6,7249,0.7,0.54,3.7
2010-03-16,1.8,-0.8,4.8,9112,0.0,0.56,3.0
2010-03-17,5.0,0.3,9.3,6040,0.0,0.62,2.5
2010-03-18,9.4,4.7,15.5,14066,0.0,0.86,2.2
2010-03-19,11.2,4.8,17.1,9169,0.0,0.89,2.9
2010-03-20,12.6,10.7,15.6,5916,1.8,1.25,3.2
2010-03-21,10.9,5.4,14.3,6097,2.4,0.9,3.4
2010-03-22,7.7,4.1,13.3,14389,0.0,0.82,1.7
2010-03-23,8.8,1.5,14.5,12372,0.0,0.71,2.1
2010-03-24,8.5,0.0,15.4,13894,0.0,0.65,2.3
2010-03-25,12.5,3.2,20.7,15338,0.0,0.83,2.2
2010-03-26,15.0,8.0,22.5,13676,6.7,1.12,2.9
2010-03-27,8.1,5.3,12.1,6808,2.2,0.87,3.4
2010-03-28,8.1,5.9,11.6,9144,2.0,0.91,3.5
2010-03-29,7.4,2.8,10.5,6671,0.1,0.74,2.5
2010-03-30,9.4,1.6,15.8,11007,0.0,0.72,3.0
2010-03-31,9.5,4.5,12.2,8823,0.0,0.83,3.7
2010-04-01,7.5,3.2,12.1,18065,0.0,0.76,3.6
2010-04-02,6.2,0.2,11.0,13672,0.0,0.63,2.4
2010-04-03,7.4,-0.2,14.3,16886,0.1,0.64,2.8
2010-04-04,10.1,6.2,14.7,7921,0.0,0.94,3.0
2010-04-05,7.0,0.3,11.4,7469,0.1,0.63,2.7
2010-04-06,6.0,-1.3,13.2,12000,0.0,0.59,2.1
2010-04-07,8.9,-0.3,16.0,21492,0.0,0.65,2.5
2010-04-08,11.6,2.3,18.9,19240,0.1,0.78,2.1
2010-04-09,9.5,6.2,12.5,13208,0.8,0.92,2.6
2010-04-10,8.0,5.3,12.6,13652,0.4,0.88,2.7
2010-04-11,6.0,3.8,10.0,8744,0.0,0.78,3.0
2010-04-12,9.1,3.6,16.1,14660,0.0,0.81,3.0
2010-04-13,8.5,2.9,15.6,15788,0.0,0.78,2.3
2010-04-14,7.3,3.3,13.5,11602,0.7,0.78,2.6
2010-04-15,8.4,4.1,13.8,8624,0.3,0.81,2.2
2010-04-16,7.1,1.0,13.5,15565,0.0,0.68,2.9
2010-04-17,9.1,0.1,16.2,23142,0.0,0.66,2.4
2010-04-18,11.7,1.5,20.5,23862,0.0,0.76,1.9
2010-04-19,9.3,1.9,14.4,18443,0.0,0.73,2.1
2010-04-20,8.1,-1.3,16.2,22516,1.8,0.61,2.9
2010-04-21,5.8,1.7,9.4,14936,3.3,0.68,3.6
2010-04-22,5.6,0.6,10.5,14214,0.0,0.64,2.4
2010-04-23,6.7,-1.4,13.9,24083,0.0,0.59,2.0
2010-04-24,8.7,-0.5,16.1,16884,0.0,0.64,1.7
2010-04-25,13.1,3.8,20.4,25289,0.0,0.86,2.3
2010-04-26,12.9,6.6,20.6,16845,15.3,1.02,2.6
2010-04-27,12.1,7.7,15.6,12761,0.2,1.04,2.3
2010-04-28,13.0,4.8,19.8,23629,0.0,0.9,1.6
2010-04-29,16.8,8.8,24.6,18332,0.0,1.2,2.1
2010-04-30,18.0,11.9,24.4,15051,0.0,1.42,3.3
2010-05-01,13.7,9.2,17.3,10779,0.1,1.15,2.3
2010-05-02,11.8,6.8,16.0,15337,7.0,0.98,1.8
2010-05-03,9.1,6.8,11.6,9214,4.4,0.95,2.1
2010-05-04,8.1,4.4,11.6,9398,0.1,0.83,3.0
2010-05-05,8.0,0.8,13.5,27316,1.8,0.67,3.3
2010-05-06,7.3,6.3,8.2,9398,7.2,0.92,3.4
2010-05-07,9.4,5.6,12.8,10195,0.2,0.9,2.4
2010-05-08,10.1,4.8,14.7,12226,0.0,0.86,1.5
2010-05-09,11.3,3.2,16.9,12413,1.8,0.81,1.4
2010-05-10,10.1,5.8,12.4,9877,0.1,0.9,1.8
2010-05-11,9.1,3.8,13.0,10057,3.3,0.8,2.3
2010-05-12,13.9,7.8,18.6,11975,0.0,1.07,2.7
2010-05-13,9.4,5.2,12.0,9792,0.0,0.87,2.0
2010-05-14,9.5,7.8,11.5,9843,9.0,1.03,1.9
2010-05-15,7.5,5.8,8.7,9894,3.3,0.89,2.9
2010-05-16,10.8,7.0,15.9,11820,0.0,1.0,3.6
2010-05-17,11.7,6.3,16.2,19765,0.0,0.95,2.7
2010-05-18,11.1,9.1,13.6,11795,14.9,1.13,3.3
2010-05-19,11.9,8.9,13.9,10084,0.4,1.11,3.2
2010-05-20,15.5,12.1,19.4,10506,0.0,1.39,2.3
2010-05-21,16.3,11.8,21.6,15086,1.1,1.39,2.1
2010-05-22,15.4,9.2,19.6,13873,1.6,1.17,2.0
2010-05-23,17.4,14.5,21.8,16065,0.0,1.62,2.3
2010-05-24,14.6,9.0,19.1,14973,14.2,1.16,2.8
2010-05-25,11.7,4.9,15.9,21977,0.0,0.88,3.0
2010-05-26,11.1,3.6,16.4,26080,4.0,0.82,2.0
2010-05-27,11.0,6.0,14.9,11673,0.0,0.93,1.9
2010-05-28,12.6,5.2,17.4,12850,2.2,0.9,2.1
2010-05-29,13.5,6.2,19.9,27493,0.0,0.98,1.8
2010-05-30,15.0,11.3,19.2,13427,6.4,1.32,3.0
2010-05-31,11.7,9.6,13.6,10533,4.7,1.16,3.3
2010-06-01,10.3,9.3,11.3,10561,0.4,1.13,2.7
2010-06-02,11.8,9.6,14.7,10589,0.0,1.16,2.9
2010-06-03,16.5,10.0,22.3,29478,0.0,1.25,2.8
2010-06-04,16.2,8.7,22.8,26069,0.0,1.17,1.9
2010-06-05,18.4,9.5,26.2,30054,0.0,1.28,1.4
2010-06-06,20.6,10.6,27.2,29829,3.3,1.37,1.7
2010-06-07,18.7,13.6,23.3,16067,0.7,1.55,3.0
2010-06-08,18.6,10.7,24.9,26050,0.0,1.33,1.9
2010-06-09,23.2,16.1,30.6,27478,0.0,1.9,1.8
2010-06-10,24.1,17.6,30.6,23153,0.0,2.05,1.9
2010-06-11,24.4,17.5,30.1,27517,0.0,2.04,3.0
2010-06-12,16.2,11.9,19.8,13724,0.0,1.37,2.8
2010-06-13,13.2,7.6,17.3,14119,0.0,1.04,2.2
2010-06-14,14.8,7.2,19.8,16688,0.0,1.05,1.6
2010-06-15,15.0,6.6,20.3,15929,0.0,1.01,2.7
2010-06-16,14.9,5.6,21.9,29241,0.0,0.97,3.1
2010-06-17,17.2,7.7,23.9,31294,0.0,1.12,2.4
2010-06-18,17.2,8.5,25.0,27972,0.0,1.2,3.0
2010-06-19,13.5,7.9,18.1,18252,0.0,1.07,2.9
2010-06-20,13.9,7.5,19.1,20939,0.0,1.06,2.2
2010-06-21,14.4,7.3,20.7,24519,0.0,1.06,1.9
2010-06-22,15.6,6.6,23.3,26306,0.0,1.05,1.6
2010-06-23,16.1,6.8,22.2,16326,0.0,1.04,1.4
2010-06-24,18.1,8.8,24.7,24758,0.0,1.21,1.4
2010-06-25,20.1,11.6,26.2,24749,0.0,1.43,1.8
2010-06-26,19.3,12.4,25.1,23971,0.0,1.48,1.8
2010-06-27,18.2,9.3,25.5,30985,0.0,1.24,1.6
2010-06-28,21.2,11.0,28.9,30840,0.0,1.43,1.5
2010-06-29,22.7,12.8,30.4,30182,0.0,1.6,1.5
2010-06-30,22.3,15.1,29.0,27481,0.0,1.77,1.8
2010-07-01,21.8,14.7,28.2,22484,0.0,1.73,1.5
2010-07-02,23.6,13.7,30.9,29603,0.0,1.69,1.6
2010-07-03,24.3,15.2,31.9,29448,0.0,1.84,1.9
2010-07-04,24.3,14.5,31.7,28018,0.0,1.77,2.0
2010-07-05,23.1,18.2,30.2,18057,20.8,2.11,2.1
2010-07-06,18.5,14.4,22.5,17521,0.0,1.62,2.6
2010-07-07,17.7,11.6,23.2,25631,0.0,1.39,1.6
2010-07-08,20.7,10.5,28.6,29662,0.0,1.37,1.6
2010-07-09,24.8,13.8,32.7,30129,0.0,1.73,1.6
2010-07-10,28.0,17.1,36.1,29071,0.0,2.14,1.6
2010-07-11,29.1,19.4,36.9,28774,0.0,2.42,1.9
2010-07-12,29.2,19.4,36.5,29361,0.0,2.38,2.2
2010-07-13,24.4,17.4,29.4,21212,0.5,2.01,1.9
2010-07-14,25.9,16.3,32.9,28122,0.0,1.95,2.3
2010-07-15,25.1,17.4,30.1,18597,0.0,2.03,2.8
2010-07-16,26.7,16.3,34.6,26501,40.6,2.02,2.0
2010-07-17,23.3,19.6,28.1,16994,31.2,2.25,2.3
2010-07-18,19.2,13.2,23.0,13171,0.0,1.51,1.9
2010-07-19,19.2,11.5,25.8,27460,0.0,1.4,1.7
2010-07-20,21.1,12.3,28.3,24133,0.0,1.5,1.9
2010-07-21,24.8,16.7,32.4,26329,0.0,2.0,2.0
2010-07-22,25.8,18.8,31.5,24760,30.8,2.21,2.0
2010-07-23,17.6,15.2,23.1,10064,14.3,1.71,1.8
2010-07-24,17.6,16.0,19.3,10018,7.5,1.76,3.4
2010-07-25,18.2,14.7,22.7,16702,0.0,1.66,2.6
2010-07-26,19.1,13.7,24.6,19753,0.0,1.58,1.6
2010-07-27,19.8,12.0,26.3,21798,0.0,1.47,1.7
2010-07-28,20.1,14.1,26.5,20114,0.0,1.65,2.4
2010-07-29,18.7,13.5,23.7,24993,0.0,1.54,2.5
2010-07-30,17.8,11.6,24.0,20710,0.0,1.39,2.3
2010-07-31,19.5,10.7,26.6,24455,0.0,1.36,2.0
2010-08-01,22.4,14.9,29.3,20555,0.0,1.76,1.9
2010-08-02,20.9,17.1,26.2,14216,10.6,1.93,1.5
2010-08-03,17.6,14.2,20.0,9495,14.9,1.58,2.0
2010-08-04,17.9,13.3,23.7,16155,0.0,1.54,2.0
2010-08-05,20.0,13.4,26.5,20101,0.0,1.57,1.9
2010-08-06,20.5,14.0,26.2,15637,5.2,1.62,2.2
2010-08-07,19.2,16.7,22.4,10104,8.3,1.84,1.9
2010-08-08,19.2,15.8,23.8,13062,0.1,1.78,1.7
2010-08-09,19.5,14.2,25.4,18413,6.8,1.63,1.6
2010-08-10,20.2,14.6,26.1,19884,0.0,1.69,1.7
2010-08-11,20.3,14.8,26.1,13195,0.2,1.7,1.9
2010-08-12,21.0,15.7,28.5,16940,25.2,1.82,1.5
2010-08-13,20.0,16.9,23.4,10059,13.4,1.87,1.5
2010-08-14,18.5,17.2,20.3,8801,21.2,1.89,2.1
2010-08-15,20.8,16.9,27.6,13345,14.3,1.94,2.7
2010-08-16,19.1,15.7,23.2,13967,6.3,1.76,2.5
2010-08-17,17.1,13.9,19.9,14583,1.4,1.55,3.0
2010-08-18,16.8,13.8,21.5,11681,1.2,1.55,3.1
2010-08-19,17.2,12.8,22.0,18708,0.1,1.46,2.6
2010-08-20,18.2,10.3,24.8,22078,0.0,1.31,1.7
2010-08-21,22.1,13.8,29.7,23568,5.4,1.67,2.0
2010-08-22,23.1,15.8,30.3,20322,1.6,1.86,2.1
2010-08-23,21.4,17.8,24.5,12399,0.7,1.99,2.8
2010-08-24,19.9,14.7,24.1,17556,0.0,1.66,4.0
2010-08-25,17.0,13.8,20.3,15847,0.8,1.54,3.2
2010-08-26,15.6,13.4,17.1,7931,12.0,1.48,2.2
2010-08-27,17.1,14.2,20.4,7854,0.5,1.59,3.1
2010-08-28,14.7,10.9,18.3,13826,0.2,1.28,2.9
2010-08-29,13.1,10.1,16.4,10040,10.5,1.21,3.1
2010-08-30,12.7,10.7,16.5,10837,1.4,1.25,3.3
2010-08-31,14.4,8.5,19.6,16807,0.4,1.12,2.7
2010-09-01,13.3,8.5,19.1,13168,0.7,1.11,2.0
2010-09-02,13.1,8.9,18.4,8366,1.8,1.14,1.8
2010-09-03,12.0,6.4,18.2,14030,0.0,0.98,1.4
2010-09-04,11.5,6.1,17.8,12401,0.1,0.95,1.6
2010-09-05,12.1,7.0,18.0,19796,0.0,1.01,2.0
2010-09-06,11.8,6.1,17.8,17933,0.0,0.95,2.6
2010-09-07,13.1,10.1,17.5,11112,0.0,1.21,3.1
2010-09-08,14.2,9.0,19.4,12058,0.2,1.16,3.3
2010-09-09,13.9,12.6,15.2,6819,12.3,1.4,2.2
2010-09-10,15.3,10.2,20.4,9854,1.5,1.26,2.0
2010-09-11,15.1,9.0,22.6,15117,0.0,1.19,1.8
2010-09-12,17.2,10.7,24.8,17027,0.2,1.35,1.6
2010-09-13,14.6,11.3,17.4,7610,10.9,1.31,2.3
2010-09-14,13.4,10.5,15.7,6408,9.4,1.24,3.4
2010-09-15,14.9,10.6,18.2,12145,4.9,1.26,4.1
2010-09-16,13.0,9.7,17.6,12617,2.1,1.19,3.6
2010-09-17,12.5,10.1,16.1,10906,0.6,1.21,3.2
2010-09-18,11.5,8.0,15.5,12160,0.1,1.06,2.6
2010-09-19,11.3,7.0,16.5,10863,0.0,1.01,2.4
2010-09-20,13.8,10.0,17.3,6011,0.2,1.2,2.5
2010-09-21,14.0,6.5,18.2,9759,0.0,0.99,1.8
2010-09-22,12.1,4.3,19.5,17054,0.0,0.88,1.5
2010-09-23,15.5,9.6,23.1,16596,0.0,1.25,1.7
2010-09-24,16.6,11.2,24.8,14834,0.0,1.38,2.0
2010-09-25,15.0,10.8,17.7,5506,5.9,1.28,2.2
2010-09-26,14.0,11.1,16.9,5425,11.8,1.28,2.2
2010-09-27,14.2,11.1,16.2,5344,5.6,1.28,3.0
2010-09-28,11.4,9.5,13.3,5264,1.4,1.15,2.5
2010-09-29,10.1,6.8,13.8,5809,0.1,0.98,1.7
2010-09-30,7.6,2.1,13.3,8733,0.0,0.73,1.7
2010-10-01,6.3,1.3,10.5,6778,0.0,0.67,2.1
2010-10-02,9.7,4.4,14.6,10850,0.0,0.84,2.6
2010-10-03,12.0,7.1,17.3,13123,0.0,1.01,3.1
2010-10-04,13.3,8.9,18.0,10835,0.0,1.14,3.0
2010-10-05,12.9,8.6,15.7,7241,0.0,1.1,2.3
2010-10-06,14.3,11.5,17.7,7306,0.0,1.32,2.4
2010-10-07,12.8,9.9,16.8,10011,0.0,1.19,1.9
2010-10-08,10.5,7.0,15.0,10287,0.0,0.99,2.5
2010-10-09,9.0,4.0,14.6,9828,0.0,0.82,2.6
2010-10-10,6.5,1.1,14.4,12258,0.0,0.69,2.4
2010-10-11,4.6,-0.2,9.2,4814,0.0,0.6,2.1
2010-10-12,5.0,0.1,11.3,5988,0.0,0.63,1.4
2010-10-13,5.0,-0.4,12.2,9460,0.0,0.61,1.5
2010-10-14,5.8,0.1,10.6,4501,0.0,0.62,1.9
2010-10-15,9.5,5.7,12.4,4198,7.6,0.9,1.6
2010-10-16,7.0,5.6,8.5,3900,7.9,0.88,2.6
2010-10-17,5.5,0.3,10.7,7980,0.0,0.63,2.2
2010-10-18,3.5,-2.0,10.6,10794,0.0,0.55,1.9
2010-10-19,5.3,0.5,8.1,3767,2.0,0.63,3.2
2010-10-20,6.7,3.5,9.6,3913,3.2,0.76,3.6
2010-10-21,4.9,2.3,7.8,4410,0.7,0.7,3.7
2010-10-22,6.8,4.8,8.5,3496,0.0,0.83,2.9
2010-10-23,6.7,1.9,11.4,8751,0.1,0.7,3.2
2010-10-24,9.5,5.8,12.3,5484,0.0,0.91,3.8
2010-10-25,5.2,2.3,9.4,7824,0.0,0.71,2.6
2010-10-26,4.6,-1.8,9.5,6776,0.0,0.54,2.0
2010-10-27,5.4,-1.7,10.3,5093,0.1,0.56,2.7
2010-10-28,9.4,7.4,11.8,3839,0.1,1.0,2.7
2010-10-29,10.1,7.1,14.4,7370,0.0,0.99,2.4
2010-10-30,9.8,6.4,15.3,7196,0.0,0.96,2.4
2010-10-31,7.1,2.5,12.6,5083,0.0,0.73,1.7
2010-11-01,6.7,2.2,12.0,3701,0.0,0.72,1.4
2010-11-02,7.8,5.4,9.7,2841,0.0,0.87,2.4
2010-11-03,11.0,7.9,14.4,2969,4.9,1.04,4.0
2010-11-04,12.9,8.7,15.7,2735,13.3,1.11,4.5
2010-11-05,13.8,10.2,16.1,2684,6.4,1.21,4.6
2010-11-06,8.2,1.8,10.9,2634,1.7,0.69,3.2
2010-11-07,3.2,1.9,4.1,2585,2.2,0.68,1.7
2010-11-08,2.9,2.4,3.7,2537,2.1,0.7,2.2
2010-11-09,2.7,0.1,4.7,2490,0.0,0.6,2.0
2010-11-10,3.3,-0.4,7.6,3110,1.9,0.59,2.1
2010-11-11,5.9,3.2,7.9,2728,6.8,0.74,4.3
2010-11-12,9.0,6.1,12.1,2681,1.0,0.92,6.1
2010-11-13,10.3,8.7,11.8,2314,1.5,1.09,4.4
2010-11-14,13.5,10.5,17.7,4281,0.0,1.25,2.9
2010-11-15,10.9,7.3,13.2,2807,3.2,1.0,2.4
2010-11-16,5.9,4.2,7.5,2193,16.4,0.79,2.3
2010-11-17,4.2,3.7,4.8,2155,3.1,0.76,2.4
2010-11-18,5.8,4.7,6.6,2119,11.7,0.82,1.8
2010-11-19,6.2,5.4,7.7,2682,0.0,0.87,1.8
2010-11-20,5.8,4.1,7.8,2049,0.1,0.79,1.5
2010-11-21,3.8,2.5,4.7,2015,2.2,0.71,2.3
2010-11-22,5.0,3.5,6.0,1983,10.7,0.76,3.1
2010-11-23,3.8,2.1,5.1,1952,1.3,0.68,3.8
2010-11-24,1.4,-0.2,2.7,1922,1.7,0.58,3.3
2010-11-25,-0.2,-1.8,2.3,4566,0.2,0.52,1.8
2010-11-26,-0.6,-2.2,0.3,1866,1.0,0.5,1.8
2010-11-27,-2.5,-5.9,-1.0,1932,0.0,0.38,1.4
2010-11-28,-2.6,-4.5,-1.0,2726,0.0,0.42,1.9
2010-11-29,-1.5,-2.6,-0.7,1790,0.0,0.48,3.1
2010-11-30,-4.5,-7.5,-2.3,3111,0.0,0.34,2.9
2010-12-01,-9.4,-10.5,-6.9,2101,6.7,0.27,4.4
2010-12-02,-10.0,-15.4,-7.1,1724,0.6,0.18,2.4
2010-12-03,-9.3,-17.2,-5.3,2055,0.0,0.17,1.8
2010-12-04,-7.5,-11.6,-4.1,3684,0.0,0.25,3.0
2010-12-05,-1.0,-7.8,1.3,1712,1.8,0.34,3.5
2010-12-06,0.4,-4.3,1.2,1653,0.0,0.43,1.7
2010-12-07,-3.8,-7.3,-2.4,1637,0.0,0.34,1.6
2010-12-08,-2.5,-3.0,-1.9,1623,7.3,0.47,2.0
2010-12-09,-0.8,-3.4,0.8,1610,1.6,0.46,4.2
2010-12-10,-2.4,-4.5,-0.3,1640,3.3,0.42,3.4
2010-12-11,3.3,-0.3,5.3,1588,3.2,0.58,5.3
2010-12-12,1.0,-2.1,4.3,1578,0.4,0.51,4.0
2010-12-13,-3.2,-5.4,-0.9,3391,0.3,0.4,2.6
2010-12-14,-1.6,-2.9,0.0,1727,6.3,0.47,2.9
2010-12-15,-6.9,-19.2,-1.3,1555,0.3,0.16,3.0
2010-12-16,-7.6,-19.3,-3.5,2125,2.4,0.15,3.4
2010-12-17,-4.3,-5.4,-3.4,1546,2.9,0.39,2.1
2010-12-18,-8.8,-16.8,-4.0,3385,0.0,0.17,1.8
2010-12-19,-13.4,-20.2,-5.4,1582,7.5,0.14,2.4
2010-12-20,-5.5,-6.7,-4.1,1785,1.9,0.36,2.7
2010-12-21,-9.1,-12.5,-6.6,1540,0.0,0.23,1.6
2010-12-22,-5.1,-10.3,-1.0,1541,1.7,0.28,2.1
2010-12-23,0.2,-1.1,0.7,1544,0.3,0.54,2.8
2010-12-24,-0.2,-1.5,0.4,1547,9.8,0.52,3.9
2010-12-25,-3.8,-6.2,-1.5,1551,1.6,0.37,3.1
2010-12-26,-8.1,-11.5,-6.2,2052,1.0,0.25,2.0
2010-12-27,-4.0,-7.4,-3.2,1605,4.3,0.34,2.0
2010-12-28,-6.7,-8.3,-4.3,1572,0.0,0.32,1.9
2010-12-29,-10.2,-12.0,-8.3,1581,0.0,0.23,1.6
2010-12-30,-10.8,-15.0,-5.2,2385,0.4,0.19,1.5
2010-12-31,0.3,-5.2,1.9,1602,0.1,0.41,2.3
2011-01-01,2.3,1.0,3.7,1614,0.0,0.63,3.4
2011-01-02,0.1,-2.3,1.8,3707,0.0,0.5,2.6
2011-01-03,-2.7,-7.9,-1.1,3051,0.0,0.33,1.9
2011-01-04,-2.6,-8.0,0.3,1657,0.0,0.33,2.1
2011-01-05,-7.5,-11.2,-4.0,3793,0.0,0.26,2.8
2011-01-06,-0.4,-6.8,3.2,1692,3.2,0.37,3.5
2011-01-07,3.8,2.5,7.6,1711,1.8,0.71,2.5
2011-01-08,5.2,3.2,7.4,2350,0.0,0.75,3.2
2011-01-09,5.5,1.8,9.8,2020,0.1,0.69,2.6
2011-01-10,0.6,-4.4,4.8,4832,0.0,0.44,1.9
2011-01-11,0.7,-4.3,2.9,1798,0.4,0.44,2.7
2011-01-12,3.6,2.5,4.8,2418,0.0,0.7,3.4
2011-01-13,3.9,2.9,7.5,1848,2.8,0.73,3.2
2011-01-14,9.5,7.3,10.6,1875,6.9,0.99,3.6
2011-01-15,7.8,4.0,10.0,2657,0.5,0.8,3.7
2011-01-16,7.6,4.8,10.2,2361,0.0,0.84,2.7
2011-01-17,4.0,0.4,8.4,5377,0.0,0.62,2.1
2011-01-18,4.8,2.6,7.3,2043,0.1,0.71,2.2
2011-01-19,2.6,1.4,3.8,2027,0.1,0.65,2.2
2011-01-20,0.8,-0.3,1.7,2061,0.0,0.57,2.1
2011-01-21,-0.4,-0.9,0.1,2096,0.0,0.55,2.1
2011-01-22,-0.4,-2.6,1.3,4164,0.0,0.49,1.8
2011-01-23,0.2,-0.3,0.6,2169,0.7,0.57,1.8
2011-01-24,0.3,-0.8,2.3,2260,1.5,0.56,2.3
2011-01-25,2.2,0.5,3.3,2247,2.0,0.61,3.6
2011-01-26,0.7,-1.1,1.9,2288,0.2,0.54,2.3
2011-01-27,-1.4,-3.8,0.2,2761,0.0,0.44,2.6
2011-01-28,-2.1,-4.3,0.1,3409,0.0,0.43,2.5
2011-01-29,-3.6,-6.8,1.7,6446,0.0,0.36,1.7
2011-01-30,-3.6,-7.3,-0.7,2463,0.3,0.35,1.6
2011-01-31,-4.7,-5.7,-3.7,2509,0.0,0.38,1.5
2011-02-01,-4.6,-5.6,-3.5,2557,0.8,0.38,2.4
2011-02-02,-0.5,-3.8,1.1,2606,0.1,0.45,3.0
2011-02-03,1.4,-0.5,3.5,2655,0.9,0.57,3.3
2011-02-04,3.8,0.3,7.8,2706,2.9,0.61,5.4
2011-02-05,8.5,7.3,10.1,2759,24.2,0.98,6.1
2011-02-06,7.6,4.0,10.1,2812,6.3,0.8,4.2
2011-02-07,7.6,5.1,9.5,3360,0.0,0.85,3.7
2011-02-08,6.6,2.9,8.9,5670,0.0,0.74,3.4
2011-02-09,1.2,-1.8,3.9,3484,0.0,0.52,1.7
2011-02-10,3.3,-0.8,6.8,4508,3.8,0.57,2.5
2011-02-11,4.8,0.3,6.8,4780,0.4,0.61,3.4
2011-02-12,-0.4,-2.4,2.6,8602,0.0,0.5,2.9
2011-02-13,-0.1,-1.5,1.3,3280,0.0,0.52,2.5
2011-02-14,-1.0,-3.1,1.0,5765,0.0,0.47,3.3
2011-02-15,-2.2,-4.6,1.3,6198,0.0,0.43,3.2
2011-02-16,-1.5,-3.2,2.0,5125,0.0,0.47,2.7
2011-02-17,-1.9,-2.9,-1.0,3466,0.0,0.47,2.5
2011-02-18,-2.2,-3.1,-1.1,3531,0.1,0.47,2.1
2011-02-19,-2.8,-3.5,-1.6,3597,0.0,0.45,2.6
2011-02-20,-4.7,-8.1,-2.4,5328,0.0,0.32,3.4
2011-02-21,-6.8,-10.3,-4.2,7684,0.0,0.27,2.8
2011-02-22,-9.5,-12.7,-5.3,10241,0.0,0.23,2.4
2011-02-23,-9.6,-14.8,-4.7,10611,0.0,0.2,2.2
2011-02-24,-6.5,-10.6,-0.2,10304,0.0,0.28,2.3
2011-02-25,-5.8,-11.9,0.3,10142,0.0,0.26,2.1
2011-02-26,-2.6,-8.8,4.6,11213,0.0,0.33,2.7
2011-02-27,-0.3,-4.8,4.6,9251,0.0,0.43,2.6
2011-02-28,1.5,-2.5,6.9,10569,0.0,0.51,2.1
2011-03-01,-0.4,-4.4,5.3,12154,0.0,0.45,2.7
2011-03-02,-0.1,-5.4,6.7,12395,0.0,0.42,3.6
2011-03-03,-0.2,-5.8,7.3,12721,0.0,0.41,2.6
2011-03-04,-0.7,-6.2,7.6,10156,0.0,0.41,1.8
2011-03-05,1.0,-1.8,5.3,5530,0.0,0.53,2.4
2011-03-06,0.6,-4.7,5.8,13552,0.0,0.44,2.4
2011-03-07,-1.4,-8.5,5.4,13720,0.0,0.34,2.7
2011-03-08,1.7,-5.1,9.0,13889,0.0,0.45,2.5
2011-03-09,6.9,-0.6,14.8,11883,0.0,0.62,3.5
2011-03-10,7.9,2.7,12.1,9835,0.5,0.74,4.3
2011-03-11,7.6,3.3,11.2,9164,0.0,0.77,3.6
2011-03-12,6.0,-0.8,13.6,11969,0.0,0.61,2.1
2011-03-13,8.0,-0.9,17.0,9945,0.5,0.64,1.7
2011-03-14,8.6,4.9,12.9,5691,1.2,0.86,1.3
2011-03-15,7.4,4.6,10.3,5500,0.0,0.83,3.2
2011-03-16,4.5,2.3,8.1,5490,8.9,0.7,3.9
2011-03-17,4.2,2.8,5.3,5572,10.4,0.72,3.0
2011-03-18,3.8,2.7,4.7,5654,0.1,0.71,3.1
2011-03-19,4.8,-0.7,9.7,13267,0.0,0.59,2.3
2011-03-20,2.6,-1.5,8.1,12164,0.0,0.55,1.6
2011-03-21,4.7,-2.2,12.3,15982,0.0,0.56,1.9
2011-03-22,8.2,-0.7,15.5,14682,0.0,0.63,2.1
2011-03-23,8.6,3.6,13.7,15819,0.0,0.79,2.1
2011-03-24,10.5,5.1,17.0,14887,0.0,0.9,2.3
2011-03-25,8.4,6.2,10.6,6235,0.2,0.92,2.4
2011-03-26,4.3,-0.5,8.1,9443,0.1,0.58,2.2
2011-03-27,1.6,-3.4,8.3,13204,0.0,0.49,1.5
2011-03-28,3.4,-3.6,11.3,13848,0.0,0.5,2.1
2011-03-29,5.2,-2.4,13.6,18825,0.0,0.56,1.7
2011-03-30,8.2,-1.5,16.9,16608,0.0,0.62,1.8
2011-03-31,11.4,3.9,16.4,8092,0.5,0.83,3.4
2011-04-01,14.2,11.6,17.2,14912,0.8,1.33,3.4
2011-04-02,14.9,11.9,19.8,11026,0.0,1.37,2.1
2011-04-03,16.8,9.7,24.3,18164,3.5,1.25,1.9
2011-04-04,10.9,8.3,14.5,10386,0.3,1.07,2.6
2011-04-05,11.1,7.4,15.3,14154,0.3,1.01,3.1
2011-04-06,12.8,10.4,14.5,7227,0.0,1.22,3.1
2011-04-07,14.0,7.3,21.1,12873,0.0,1.06,4.0
2011-04-08,10.1,6.3,15.7,11120,0.0,0.96,4.3
2011-04-09,9.7,4.7,15.0,20822,0.0,0.86,3.1
2011-04-10,11.1,2.9,18.3,21197,0.0,0.8,1.7
2011-04-11,12.9,5.2,20.4,15214,0.0,0.94,1.8
2011-04-12,9.0,5.9,12.0,9838,1.5,0.91,4.8
2011-04-13,5.9,5.2,6.8,7786,1.6,0.85,4.2
2011-04-14,6.8,4.8,10.6,8770,0.5,0.83,1.9
2011-04-15,8.7,2.8,14.6,18070,0.0,0.76,1.6
2011-04-16,9.5,0.5,16.6,15679,0.0,0.68,1.5
2011-04-17,11.4,5.0,17.7,12460,0.0,0.9,1.7
2011-04-18,11.5,3.1,19.9,18554,0.0,0.83,1.6
2011-04-19,13.2,5.0,20.3,18211,0.0,0.93,1.9
2011-04-20,13.5,4.3,21.5,23796,0.0,0.9,1.5
2011-04-21,14.1,4.4,22.6,23700,0.0,0.93,1.6
2011-04-22,15.9,5.1,24.1,23482,0.0,0.97,2.2
2011-04-23,16.9,11.0,23.7,23729,0.0,1.34,2.5
2011-04-24,15.2,7.0,22.1,22439,0.0,1.06,2.3
2011-04-25,13.2,7.8,18.2,14374,0.1,1.07,2.3
2011-04-26,13.7,7.2,20.4,13988,2.2,1.06,2.1
2011-04-27,16.2,8.1,23.4,21481,0.0,1.15,2.1
2011-04-28,17.8,11.6,24.6,18954,0.0,1.4,2.5
2011-04-29,16.5,10.1,24.6,23382,0.8,1.3,3.5
2011-04-30,12.5,7.0,19.0,25905,0.0,1.02,3.6
2011-05-01,9.8,3.8,15.9,25174,1.7,0.82,3.0
2011-05-02,7.3,3.6,12.0,11212,0.0,0.79,3.1
2011-05-03,6.3,0.7,12.0,21014,0.0,0.65,2.6
2011-05-04,5.7,-0.4,11.1,16351,1.3,0.6,1.9
2011-05-05,7.6,-1.3,15.5,23647,0.0,0.6,1.5
2011-05-06,11.9,1.6,21.2,26318,0.0,0.77,1.9
2011-05-07,14.7,4.0,22.5,27278,0.0,0.9,2.6
2011-05-08,13.8,6.1,21.3,24175,0.0,0.99,3.1
2011-05-09,15.9,5.6,24.2,27228,0.0,1.0,2.9
2011-05-10,18.2,7.5,27.2,26332,0.0,1.16,1.6
2011-05-11,19.1,10.2,27.6,21710,0.3,1.33,1.8
2011-05-12,16.7,10.0,23.1,14956,3.5,1.26,2.0
2011-05-13,13.6,9.3,19.4,17383,0.0,1.18,2.2
2011-05-14,14.3,6.0,22.2,18197,6.7,0.99,2.4
2011-05-15,11.4,7.1,15.8,16763,0.2,1.0,2.9
2011-05-16,11.3,6.2,16.1,14322,0.6,0.94,3.3
2011-05-17,14.7,12.4,19.1,11746,0.4,1.41,3.0
2011-05-18,17.1,10.7,24.6,24219,0.0,1.34,2.0
2011-05-19,18.1,9.9,25.9,22148,5.5,1.3,1.7
2011-05-20,17.9,13.4,24.0,18308,13.7,1.54,1.5
2011-05-21,17.5,12.9,22.7,27182,0.0,1.49,1.5
2011-05-22,20.3,11.3,28.6,21820,0.9,1.44,2.5
2011-05-23,16.4,10.4,22.0,25916,0.0,1.29,2.4
2011-05-24,15.8,7.7,25.0,24329,0.1,1.14,3.3
2011-05-25,13.4,6.6,20.1,27673,0.0,1.01,2.3
2011-05-26,18.9,7.3,27.4,26080,0.2,1.14,3.4
2011-05-27,16.3,11.0,21.6,13575,0.0,1.32,3.4
2011-05-28,14.0,9.7,19.5,17927,0.0,1.2,2.5
2011-05-29,17.4,11.6,23.6,19618,0.0,1.39,2.8
2011-05-30,22.9,11.8,30.9,30080,0.0,1.52,2.1
2011-05-31,22.7,16.6,32.4,24145,0.6,1.99,2.8
2011-06-01,15.2,10.9,19.3,17690,0.0,1.29,2.9
2011-06-02,16.5,9.3,23.1,30078,0.0,1.22,2.6
2011-06-03,18.5,8.6,26.0,30497,0.0,1.21,2.8
2011-06-04,21.9,12.4,29.3,30532,0.0,1.54,2.4
2011-06-05,24.0,14.2,31.8,26227,0.0,1.74,2.3
2011-06-06,24.0,17.5,33.5,24468,6.0,2.12,2.1
2011-06-07,20.6,16.6,26.5,19259,1.1,1.9,1.7
2011-06-08,19.6,14.3,27.7,16215,1.6,1.68,2.7
2011-06-09,16.7,13.3,21.2,21728,0.0,1.5,2.6
2011-06-10,16.6,9.9,22.1,28010,0.0,1.24,1.5
2011-06-11,17.1,8.6,24.2,21253,0.0,1.18,1.9
2011-06-12,17.8,11.7,24.4,24848,0.0,1.42,1.4
2011-06-13,19.2,10.3,26.4,19491,0.0,1.34,2.1
2011-06-14,17.9,12.1,24.0,15665,1.4,1.43,1.9
2011-06-15,18.7,13.9,23.8,24628,0.2,1.59,1.4
2011-06-16,22.1,15.4,28.0,18623,0.2,1.8,2.2
2011-06-17,18.5,15.1,23.2,24002,1.7,1.69,2.6
2011-06-18,17.7,11.0,23.2,14923,0.9,1.33,3.5
2011-06-19,14.6,10.0,20.7,19019,6.1,1.23,4.3
2011-06-20,14.6,12.0,21.1,15566,1.0,1.39,3.0
2011-06-21,17.1,10.1,23.0,20554,0.5,1.27,2.4
2011-06-22,19.8,13.0,26.9,21190,7.7,1.56,2.5
2011-06-23,18.3,13.1,24.2,22592,1.5,1.52,3.0
2011-06-24,15.1,10.8,19.5,23480,2.6,1.28,2.9
2011-06-25,14.8,10.5,20.0,18997,0.0,1.26,2.5
2011-06-26,16.2,12.8,20.8,12597,0.0,1.46,1.8
2011-06-27,19.4,12.7,25.0,28940,0.0,1.51,1.9
2011-06-28,20.1,11.4,26.9,31351,0.0,1.42,2.3
2011-06-29,22.0,11.4,30.0,30948,0.0,1.48,2.3
2011-06-30,16.8,12.5,21.4,14719,0.0,1.44,3.1
2011-07-01,15.7,9.5,21.0,20825,0.0,1.21,2.7
2011-07-02,12.7,11.8,14.2,10731,6.4,1.34,3.5
2011-07-03,18.1,13.2,23.4,11987,3.4,1.52,3.5
2011-07-04,17.6,15.1,21.8,16043,12.5,1.69,2.2
2011-07-05,18.8,13.1,25.3,23786,0.0,1.54,1.4
2011-07-06,20.7,12.3,27.4,28336,0.0,1.5,2.1
2011-07-07,22.1,16.8,27.0,21435,4.7,1.92,1.8
2011-07-08,20.0,14.3,25.0,19496,7.2,1.63,2.4
2011-07-09,21.2,13.3,30.1,22130,11.8,1.62,2.3
2011-07-10,21.2,16.5,26.3,25646,21.6,1.88,1.7
2011-07-11,17.2,13.0,23.2,14955,0.0,1.5,1.7
2011-07-12,20.1,11.7,26.9,27714,0.0,1.45,2.2
2011-07-13,21.8,16.7,25.6,16783,14.1,1.89,2.9
2011-07-14,18.5,14.5,21.7,16996,0.0,1.61,3.8
2011-07-15,16.4,13.5,18.1,15061,0.0,1.5,3.3
2011-07-16,19.2,12.8,25.4,25366,0.0,1.51,2.4
2011-07-17,20.8,14.9,28.0,14977,9.8,1.75,3.1
2011-07-18,17.9,13.7,23.2,18961,0.0,1.57,3.3
2011-07-19,19.1,12.0,25.8,28466,0.0,1.46,2.0
2011-07-20,19.1,15.0,23.0,10571,4.0,1.69,2.8
2011-07-21,16.0,14.4,18.4,10152,56.3,1.6,2.7
2011-07-22,13.6,12.8,15.0,10109,23.0,1.43,3.9
2011-07-23,15.0,11.7,19.4,17441,0.3,1.36,3.7
2011-07-24,15.6,9.3,20.8,25249,0.0,1.2,3.5
2011-07-25,14.3,8.9,18.1,15081,0.0,1.14,1.9
2011-07-26,16.8,9.0,24.1,22490,0.0,1.2,1.4
2011-07-27,19.1,14.3,24.9,18941,0.3,1.65,1.5
2011-07-28,17.4,15.2,19.8,9946,3.6,1.68,1.9
2011-07-29,15.0,14.0,16.6,9770,37.2,1.53,2.8
2011-07-30,16.9,13.8,19.4,9717,1.4,1.53,3.3
2011-07-31,17.7,16.2,20.1,9663,0.7,1.78,2.4
2011-08-01,19.4,14.6,25.1,14282,0.0,1.67,1.5
2011-08-02,18.4,12.5,25.0,21580,0.0,1.48,1.9
2011-08-03,20.1,13.4,25.7,23332,0.0,1.57,2.2
2011-08-04,19.5,13.5,23.3,12979,0.0,1.54,1.9
2011-08-05,20.8,17.4,25.0,16079,0.2,1.96,1.9
2011-08-06,22.9,16.3,28.5,20013,0.6,1.9,1.9
2011-08-07,20.1,16.3,22.2,11074,0.5,1.81,2.8
2011-08-08,16.9,12.7,22.9,18623,3.7,1.47,3.5
2011-08-09,16.3,12.8,21.0,17087,0.5,1.47,4.4
2011-08-10,15.4,13.4,18.6,16038,0.8,1.49,3.3
2011-08-11,18.3,13.3,24.1,12836,3.2,1.54,3.3
2011-08-12,18.6,15.0,23.1,12639,1.8,1.68,2.4
2011-08-13,18.3,13.0,23.3,17800,0.0,1.5,1.7
2011-08-14,20.0,12.4,27.1,14854,16.3,1.51,2.3
2011-08-15,18.0,12.9,21.1,13937,0.9,1.48,2.0
2011-08-16,17.2,12.7,22.0,16442,0.0,1.46,1.4
2011-08-17,18.4,11.9,24.3,17636,0.0,1.42,1.6
2011-08-18,21.5,14.4,29.3,20808,0.1,1.71,1.7
2011-08-19,20.6,14.8,25.1,14861,0.0,1.68,3.3
2011-08-20,16.6,11.7,22.5,23587,0.0,1.39,1.8
2011-08-21,19.7,11.3,26.1,15937,0.0,1.39,1.8
2011-08-22,21.4,14.1,26.3,19285,0.0,1.63,1.9
2011-08-23,18.7,13.0,23.7,13890,0.8,1.51,2.1
2011-08-24,21.3,15.6,28.8,17214,22.7,1.83,1.8
2011-08-25,20.9,18.0,26.2,14484,0.0,2.05,1.6
2011-08-26,24.5,17.8,30.5,21277,0.0,2.08,2.7
2011-08-27,17.8,13.0,21.9,7854,10.4,1.49,3.2
2011-08-28,15.6,12.0,20.1,14386,0.0,1.39,2.9
2011-08-29,14.7,10.5,20.0,13718,1.2,1.26,3.2
2011-08-30,13.9,11.0,17.1,11058,0.0,1.29,2.6
2011-08-31,14.0,8.7,19.9,13499,0.0,1.14,1.8
2011-09-01,14.7,11.3,18.8,10316,0.0,1.32,1.4
2011-09-02,14.7,9.3,21.3,16003,0.0,1.2,1.3
2011-09-03,19.3,9.7,27.9,20756,0.0,1.31,1.5
2011-09-04,21.8,13.5,28.7,16068,2.5,1.62,1.8
2011-09-05,17.5,13.5,21.8,7144,14.7,1.54,2.9
2011-09-06,16.7,11.5,22.0,17081,3.7,1.36,3.7
2011-09-07,16.1,12.7,18.8,10159,2.0,1.44,4.3
2011-09-08,13.6,11.3,16.1,7321,6.3,1.3,3.7
2011-09-09,14.1,11.2,17.3,7655,0.9,1.31,2.0
2011-09-10,18.4,13.8,23.6,9438,0.0,1.57,1.8
2011-09-11,21.7,16.9,28.7,16665,18.6,1.96,2.3
2011-09-12,18.4,16.4,21.6,13337,0.0,1.82,3.9
2011-09-13,19.1,12.5,23.9,14938,0.0,1.46,3.9
2011-09-14,15.6,12.7,19.2,12068,0.0,1.44,3.5
2011-09-15,14.9,11.0,18.2,9838,0.0,1.29,2.6
2011-09-16,11.8,6.6,17.3,11124,0.0,0.99,1.6
2011-09-17,15.9,6.8,23.5,12586,3.8,1.07,2.3
2011-09-18,15.8,12.6,18.9,6079,17.2,1.42,2.3
2011-09-19,13.9,11.3,17.4,9403,0.0,1.31,2.2
2011-09-20,13.6,7.8,19.5,16052,0.0,1.08,2.1
2011-09-21,14.8,8.4,21.0,15506,0.0,1.13,2.1
2011-09-22,15.1,10.0,18.9,8505,0.0,1.23,2.7
2011-09-23,12.0,7.3,17.6,12074,0.0,1.03,1.8
2011-09-24,12.2,5.3,20.1,16048,0.0,0.94,1.5
2011-09-25,13.9,6.8,22.4,15877,0.0,1.05,1.2
2011-09-26,15.9,8.0,24.5,15063,0.0,1.14,1.5
2011-09-27,15.4,8.3,20.3,7892,0.4,1.11,1.2
2011-09-28,13.1,6.0,21.0,14279,0.0,0.99,1.5
2011-09-29,15.1,8.8,23.7,13491,0.0,1.2,1.4
2011-09-30,16.0,8.0,26.2,14839,0.0,1.19,1.4
2011-10-01,16.1,8.3,26.3,14230,0.0,1.2,1.1
2011-10-02,15.7,7.7,24.9,13716,0.0,1.13,1.1
2011-10-03,17.0,9.6,23.3,10027,0.1,1.24,1.9
2011-10-04,19.1,15.4,23.9,10920,0.0,1.72,2.8
2011-10-05,16.5,14.1,19.1,5724,0.1,1.57,3.0
2011-10-06,15.6,9.9,20.9,9142,3.8,1.24,4.2
2011-10-07,9.6,6.8,13.9,9515,0.7,0.97,3.8
2011-10-08,9.2,7.3,12.9,6036,3.5,0.99,3.8
2011-10-09,9.1,6.1,14.0,8857,0.8,0.93,2.6
2011-10-10,12.2,7.8,15.9,4333,6.6,1.05,4.0
2011-10-11,12.6,10.5,14.8,4259,8.1,1.23,4.3
2011-10-12,10.1,6.5,13.8,8965,0.0,0.95,3.2
2011-10-13,7.9,2.8,13.5,10235,0.0,0.76,1.9
2011-10-14,5.0,-0.2,11.6,8947,0.0,0.62,1.7
2011-10-15,4.3,-1.0,11.4,10867,0.0,0.58,2.0
2011-10-16,6.2,-0.1,13.1,11170,0.0,0.63,2.0
2011-10-17,7.3,1.6,14.4,10870,0.0,0.71,2.0
2011-10-18,9.5,3.6,17.6,7205,0.7,0.83,3.6
2011-10-19,8.8,5.6,12.8,8256,0.1,0.9,3.2
2011-10-20,5.8,2.6,9.3,5917,0.0,0.73,2.5
2011-10-21,4.6,0.1,10.9,8371,0.0,0.62,1.9
2011-10-22,4.5,-0.8,11.2,9718,0.0,0.59,2.1
2011-10-23,3.9,-1.4,9.9,9511,0.0,0.57,2.4
2011-10-24,6.9,2.4,9.4,3368,0.0,0.71,3.7
2011-10-25,9.6,6.8,12.0,5531,0.6,0.96,3.5
2011-10-26,11.7,10.3,14.0,3244,1.4,1.21,2.0
2011-10-27,10.5,7.3,13.6,3447,0.1,1.01,2.1
2011-10-28,9.9,4.4,12.2,3254,0.0,0.82,1.5
2011-10-29,8.4,2.9,15.7,6792,0.0,0.77,1.5
2011-10-30,10.3,6.5,15.6,4467,0.0,0.96,1.8
2011-10-31,11.4,8.8,14.6,2951,0.0,1.1,1.6
2011-11-01,9.9,6.2,14.0,6363,0.1,0.93,2.1
2011-11-02,7.9,4.2,13.7,7367,0.1,0.83,2.0
2011-11-03,5.8,0.6,12.0,6835,0.0,0.65,2.6
2011-11-04,6.2,1.1,11.8,5719,0.1,0.68,2.4
2011-11-05,7.1,3.0,11.7,6162,0.0,0.76,2.1
2011-11-06,8.1,4.5,13.6,5836,0.0,0.84,1.9
2011-11-07,5.9,2.4,10.2,6323,0.0,0.72,2.4
2011-11-08,4.9,0.9,10.9,6002,0.1,0.66,2.1
2011-11-09,4.0,1.7,5.4,2490,0.2,0.67,1.6
2011-11-10,4.1,2.0,6.6,3553,0.0,0.68,2.5
2011-11-11,2.1,-1.5,5.1,6015,0.0,0.53,3.2
2011-11-12,0.8,-2.8,6.5,6307,0.0,0.5,2.1
2011-11-13,0.6,-3.6,7.7,6111,0.0,0.48,1.4
2011-11-14,-1.5,-4.2,1.3,2748,0.1,0.44,1.4
2011-11-15,1.5,0.8,2.2,2232,0.0,0.62,1.9
2011-11-16,3.4,1.2,7.1,4621,0.0,0.65,2.1
2011-11-17,0.5,-1.9,1.5,2155,0.0,0.51,1.8
2011-11-18,0.9,-0.6,2.0,2119,0.0,0.56,1.4
2011-11-19,4.6,1.8,7.2,2083,0.0,0.68,1.4
2011-11-20,4.7,-2.0,8.6,2049,0.0,0.53,1.4
2011-11-21,0.4,-3.6,5.4,5337,0.0,0.47,1.4
2011-11-22,1.3,-1.0,4.5,4932,0.0,0.55,1.5
2011-11-23,-0.1,-2.1,1.9,2287,0.0,0.51,1.5
2011-11-24,3.0,-0.6,7.5,2112,0.0,0.58,2.1
2011-11-25,5.0,0.3,10.8,4753,0.2,0.63,3.0
2011-11-26,7.2,5.3,9.3,3491,0.0,0.87,3.7
2011-11-27,9.4,8.6,10.6,1840,1.2,1.08,5.1
2011-11-28,6.4,0.9,9.6,4731,0.0,0.65,2.4
2011-11-29,2.6,-1.2,7.4,4952,0.0,0.56,2.6
2011-11-30,6.0,-0.4,10.6,3917,0.0,0.6,2.7
2011-12-01,4.0,-1.1,9.0,1745,1.0,0.56,3.2
2011-12-02,8.5,5.7,13.1,1945,0.7,0.9,3.1
2011-12-03,5.4,2.1,7.7,2361,4.7,0.7,4.6
2011-12-04,6.9,4.2,9.0,1686,1.6,0.8,4.5
2011-12-05,4.4,2.4,6.0,2100,0.0,0.7,4.5
2011-12-06,3.8,2.0,5.2,1781,0.1,0.68,4.0
2011-12-07,3.3,0.3,5.6,1850,8.5,0.61,4.8
2011-12-08,4.8,3.5,6.0,2470,3.7,0.76,4.8
2011-12-09,6.1,3.5,7.7,2579,0.5,0.76,5.1
2011-12-10,3.3,1.7,4.5,2227,0.0,0.67,3.3
2011-12-11,2.0,-0.5,4.8,3006,0.0,0.57,2.5
2011-12-12,3.3,-1.6,6.9,1827,0.2,0.54,3.3
2011-12-13,4.6,2.0,7.1,1569,3.0,0.69,4.7
2011-12-14,6.8,4.1,10.6,1851,3.9,0.8,4.5
2011-12-15,4.9,3.4,6.6,1844,0.0,0.75,4.0
2011-12-16,3.4,0.7,7.7,1550,18.0,0.64,5.3
2011-12-17,3.6,0.8,4.6,1628,0.1,0.63,4.6
2011-12-18,3.3,2.5,4.2,1584,0.2,0.7,3.6
2011-12-19,2.5,1.6,3.5,2195,0.0,0.66,3.1
2011-12-20,1.0,-0.5,2.7,3912,1.6,0.57,3.1
2011-12-21,1.8,0.6,3.5,1540,1.2,0.61,2.8
2011-12-22,2.5,1.4,4.0,1541,0.1,0.65,2.2
2011-12-23,7.0,3.8,8.9,1544,0.3,0.78,2.8
2011-12-24,6.0,3.3,7.8,1547,1.4,0.75,4.1
2011-12-25,4.9,2.8,7.7,1551,0.9,0.73,3.8
2011-12-26,8.8,7.3,10.0,1557,0.0,0.99,3.4
2011-12-27,8.9,6.5,10.4,1564,0.0,0.94,2.5
2011-12-28,6.3,4.3,7.6,2069,0.0,0.8,3.1
2011-12-29,5.5,3.9,7.1,1914,3.9,0.78,5.0
2011-12-30,3.5,1.2,4.8,2009,1.6,0.64,4.2
2011-12-31,2.4,-0.5,4.6,2106,0.0,0.57,2.5
2012-01-01,6.2,0.6,10.7,1614,1.1,0.64,3.3
2012-01-02,9.5,5.4,13.0,1627,4.2,0.89,3.4
2012-01-03,6.0,2.1,10.2,3563,1.3,0.7,5.4
2012-01-04,6.1,4.5,8.7,2044,8.1,0.82,5.7
2012-01-05,4.9,3.2,6.7,1934,7.5,0.74,7.0
2012-01-06,2.7,-0.2,3.9,1953,0.0,0.58,4.4
2012-01-07,4.0,0.2,6.7,1711,3.2,0.61,4.6
2012-01-08,5.1,4.2,5.9,1731,1.9,0.79,3.7
2012-01-09,3.6,2.0,7.3,1752,5.4,0.68,3.0
2012-01-10,5.8,5.0,7.4,2764,0.0,0.84,3.1
2012-01-11,7.0,5.0,8.4,1798,0.1,0.84,3.0
2012-01-12,7.5,4.1,9.9,1822,2.4,0.8,4.9
2012-01-13,3.4,1.7,4.5,1848,0.0,0.67,5.0
2012-01-14,2.0,-0.6,3.9,4068,0.0,0.56,3.2
2012-01-15,-0.6,-2.8,0.7,2045,0.0,0.48,1.7
2012-01-16,0.6,-2.2,2.7,1932,3.4,0.5,1.8
2012-01-17,2.7,1.9,3.5,1963,0.9,0.68,1.9
2012-01-18,1.3,-1.7,4.1,4813,3.8,0.52,2.8
2012-01-19,4.1,1.9,5.1,2027,5.6,0.68,4.4
2012-01-20,2.3,0.6,4.0,2061,3.6,0.62,4.0
2012-01-21,2.6,1.1,4.3,2096,5.8,0.63,4.4
2012-01-22,4.2,1.2,6.3,2132,4.0,0.65,5.5
2012-01-23,1.3,-0.5,2.9,2632,0.0,0.57,2.9
2012-01-24,-1.5,-5.2,2.3,3663,0.0,0.41,1.9
2012-01-25,-2.7,-6.1,1.8,4246,0.0,0.38,1.7
2012-01-26,-3.5,-7.0,-0.2,4949,0.0,0.36,3.1
2012-01-27,-3.3,-4.8,-1.7,2330,0.0,0.41,2.3
2012-01-28,-5.1,-6.6,-4.0,2373,0.0,0.36,1.8
2012-01-29,-5.4,-7.3,-3.7,4846,0.0,0.34,2.7
2012-01-30,-6.7,-10.2,-2.2,6708,0.0,0.28,2.9
2012-01-31,-8.2,-11.0,-5.1,6468,0.0,0.26,3.5
2012-02-01,-9.9,-12.6,-6.5,7080,0.0,0.23,3.6
2012-02-02,-11.6,-15.6,-7.9,7243,0.6,0.18,2.9
2012-02-03,-10.7,-17.3,-5.6,4358,0.0,0.17,2.0
2012-02-04,-12.5,-17.0,-5.3,6451,0.0,0.17,1.5
2012-02-05,-12.3,-17.8,-8.6,2759,0.0,0.15,1.9
2012-02-06,-16.6,-22.3,-11.1,7747,0.0,0.11,1.7
2012-02-07,-10.8,-18.4,-5.9,3051,0.0,0.15,2.7
2012-02-08,-7.5,-10.0,-3.7,7856,1.1,0.28,2.7
2012-02-09,-5.3,-11.8,-2.7,3547,0.2,0.25,2.7
2012-02-10,-10.5,-16.7,-6.7,7966,0.0,0.17,2.2
2012-02-11,-10.8,-18.7,-7.6,6076,0.0,0.15,2.0
2012-02-12,-9.7,-19.7,-3.6,6895,0.3,0.14,1.9
2012-02-13,-2.0,-5.3,0.5,3214,0.0,0.4,1.8
2012-02-14,-2.9,-9.6,2.0,6572,2.7,0.31,2.6
2012-02-15,1.9,0.5,3.5,4087,0.0,0.61,5.5
2012-02-16,1.2,-0.2,3.7,6986,5.4,0.58,2.7
2012-02-17,4.3,1.6,6.2,4582,0.1,0.66,3.4
2012-02-18,4.9,2.1,7.8,3955,1.3,0.69,3.1
2012-02-19,3.9,0.5,5.7,3669,0.5,0.61,3.6
2012-02-20,1.4,-0.4,5.1,8076,0.0,0.57,2.6
2012-02-21,1.3,-0.1,3.8,3733,2.6,0.58,3.1
2012-02-22,6.2,3.7,10.7,6763,2.1,0.78,3.2
2012-02-23,7.4,4.3,10.9,6492,1.0,0.81,4.1
2012-02-24,10.0,6.2,11.8,3942,3.6,0.92,4.2
2012-02-25,6.1,4.6,8.4,5163,2.1,0.82,3.8
2012-02-26,3.1,-2.3,5.9,9741,0.0,0.51,2.6
2012-02-27,1.3,-3.7,6.7,8076,1.8,0.47,2.2
2012-02-28,7.5,3.9,10.9,4232,3.7,0.79,3.4
2012-02-29,9.5,8.3,10.4,4307,0.1,1.05,2.3
2012-03-01,9.3,8.1,10.3,4382,0.0,1.04,2.1
2012-03-02,5.7,-1.7,8.5,4539,0.0,0.54,1.7
2012-03-03,2.8,-2.7,8.7,12637,0.0,0.51,2.3
2012-03-04,1.9,-0.2,6.4,7953,0.0,0.59,2.1
2012-03-05,2.0,-2.7,8.0,13129,0.0,0.51,3.1
2012-03-06,-0.2,-3.5,4.3,13038,0.0,0.47,2.0
2012-03-07,1.2,-4.5,7.0,12339,0.9,0.45,2.7
2012-03-08,2.9,0.8,5.2,5185,2.6,0.63,3.1
2012-03-09,4.6,-0.1,10.2,9484,0.0,0.61,2.3
2012-03-10,8.1,5.6,11.2,5173,0.6,0.88,3.0
2012-03-11,8.3,6.3,11.5,10626,0.3,0.92,3.2
2012-03-12,7.9,6.6,9.6,5245,0.1,0.94,3.3
2012-03-13,7.9,7.1,9.0,5326,0.0,0.97,2.7
2012-03-14,7.7,6.5,8.8,5408,0.0,0.93,2.2
2012-03-15,6.0,0.4,9.3,5954,0.0,0.63,1.5
2012-03-16,8.2,-0.8,19.4,15223,0.0,0.66,2.0
2012-03-17,11.4,2.3,21.0,15389,0.0,0.8,2.2
2012-03-18,9.9,2.3,18.1,12028,0.5,0.77,2.8
2012-03-19,7.7,3.7,11.4,14663,0.0,0.78,2.9
2012-03-20,7.9,0.8,13.4,9586,0.0,0.67,2.5
2012-03-21,11.1,9.5,13.4,7451,0.0,1.14,2.0
2012-03-22,11.3,4.6,17.3,15031,0.0,0.88,1.8
2012-03-23,10.4,2.6,18.7,17468,0.0,0.8,1.4
2012-03-24,10.9,2.0,19.2,17538,0.0,0.78,1.6
2012-03-25,8.2,2.5,16.5,14986,0.0,0.77,2.1
2012-03-26,6.9,-1.4,15.4,16961,0.0,0.6,1.8
2012-03-27,10.1,3.2,18.2,14769,0.0,0.81,2.4
2012-03-28,12.2,5.5,19.5,14705,0.0,0.95,3.0
2012-03-29,8.0,6.0,10.5,6755,0.6,0.9,4.6
2012-03-30,8.0,5.6,10.5,9240,1.1,0.88,4.7
2012-03-31,5.2,0.8,8.2,10601,4.1,0.64,4.8
2012-04-01,5.3,0.4,9.6,15682,0.4,0.63,3.3
2012-04-02,5.7,3.7,8.6,12626,0.1,0.78,2.7
2012-04-03,7.7,3.4,12.7,11672,2.4,0.78,2.1
2012-04-04,5.0,3.6,7.0,7146,4.4,0.76,2.9
2012-04-05,4.0,-0.7,8.2,9505,0.0,0.58,2.5
2012-04-06,4.5,-2.2,10.7,15600,1.3,0.54,2.1
2012-04-07,3.0,0.2,5.6,8486,1.4,0.6,3.2
2012-04-08,2.0,-1.5,7.0,15084,0.0,0.54,2.2
2012-04-09,6.2,-1.8,13.2,16204,0.0,0.57,3.3
2012-04-10,11.7,7.5,17.2,11756,0.0,1.03,3.3
2012-04-11,10.4,5.7,17.5,10062,5.1,0.93,2.3
2012-04-12,6.5,2.3,8.8,7899,1.8,0.7,1.7
2012-04-13,6.3,0.7,11.2,8997,1.4,0.65,1.7
2012-04-14,6.8,-1.0,13.4,18753,0.0,0.6,1.9
2012-04-15,8.0,3.1,13.0,10648,0.2,0.77,3.1
2012-04-16,7.3,2.4,11.7,14642,0.0,0.72,3.4
2012-04-17,5.4,0.4,10.6,18093,0.0,0.64,2.5
2012-04-18,8.4,2.6,14.0,18327,0.0,0.75,2.7
2012-04-19,11.5,3.1,18.4,18793,0.0,0.81,2.4
2012-04-20,12.2,6.8,18.0,15170,0.3,1.01,2.1
2012-04-21,11.2,5.2,17.6,20314,3.3,0.91,2.6
2012-04-22,9.3,3.4,14.4,13366,0.0,0.79,2.7
2012-04-23,8.8,2.2,15.6,17829,0.1,0.75,2.5
2012-04-24,11.3,2.8,19.0,16984,6.1,0.81,2.6
2012-04-25,11.4,8.5,16.2,15655,0.2,1.09,3.1
2012-04-26,16.0,8.5,23.6,15508,0.1,1.17,3.2
2012-04-27,17.8,10.1,25.2,19793,0.0,1.31,2.2
2012-04-28,20.4,9.6,31.0,25186,0.0,1.37,2.6
2012-04-29,20.4,12.7,26.8,16980,0.0,1.52,3.0
2012-04-30,16.6,9.0,22.6,20940,0.0,1.19,2.5
2012-05-01,16.8,8.1,28.5,20797,0.5,1.22,2.5
2012-05-02,19.7,12.9,26.8,25515,7.1,1.55,2.7
2012-05-03,17.5,13.7,22.9,14277,0.3,1.57,2.0
2012-05-04,16.4,11.3,20.5,16064,0.0,1.33,2.1
2012-05-05,11.2,6.0,15.2,9643,6.3,0.93,2.3
2012-05-06,7.3,4.4,10.1,9580,0.6,0.82,1.9
2012-05-07,10.1,6.5,13.7,12226,0.0,0.95,1.5
2012-05-08,14.0,9.2,19.5,13647,0.1,1.17,2.2
2012-05-09,16.8,9.9,22.2,17053,0.0,1.25,2.4
2012-05-10,20.4,12.7,25.9,19479,1.6,1.52,2.6
2012-05-11,21.6,12.4,29.0,14583,11.4,1.52,3.2
2012-05-12,11.1,6.1,15.0,18752,0.0,0.94,3.6
2012-05-13,8.0,3.8,11.9,9968,0.0,0.79,2.1
2012-05-14,10.6,1.5,16.9,25006,0.0,0.73,2.2
2012-05-15,12.8,7.8,17.7,15198,0.1,1.06,2.6
2012-05-16,9.9,6.0,13.9,13876,0.0,0.92,3.7
2012-05-17,8.5,2.6,13.9,22587,0.0,0.76,2.5
2012-05-18,11.2,2.3,17.4,22777,0.0,0.77,2.7
2012-05-19,17.0,5.9,24.8,25733,0.0,1.04,1.9
2012-05-20,19.9,8.9,27.8,29072,0.0,1.27,2.1
2012-05-21,22.1,13.8,29.3,20937,0.0,1.67,2.8
2012-05-22,23.3,13.2,30.9,26169,0.2,1.65,2.4
2012-05-23,21.9,14.6,30.1,26099,2.3,1.75,2.5
2012-05-24,17.9,11.5,24.2,29951,0.0,1.4,2.9
2012-05-25,16.2,7.6,22.7,30007,0.0,1.1,2.7
2012-05-26,16.5,8.8,22.6,26891,0.0,1.18,2.3
2012-05-27,17.9,12.2,24.6,26177,0.0,1.44,1.6
2012-05-28,18.3,11.4,25.0,26858,0.0,1.4,1.8
2012-05-29,16.8,9.9,21.8,26394,0.0,1.25,2.8
2012-05-30,13.0,7.8,18.0,14095,0.0,1.06,2.2
2012-05-31,14.2,7.2,20.5,14126,13.3,1.05,2.1
2012-06-01,12.9,8.5,15.6,15047,0.0,1.1,3.7
2012-06-02,11.1,6.9,15.3,23105,0.1,0.98,2.6
2012-06-03,10.6,6.9,14.8,13062,3.6,0.98,2.2
2012-06-04,11.9,8.7,15.6,16531,4.9,1.1,2.5
2012-06-05,11.7,7.6,15.6,12726,0.1,1.03,2.6
2012-06-06,11.9,4.6,16.2,16833,0.2,0.86,2.2
2012-06-07,16.7,10.8,20.7,17109,1.6,1.29,2.0
2012-06-08,19.6,13.2,25.1,20962,0.0,1.55,2.9
2012-06-09,17.0,8.7,22.9,21619,0.0,1.18,3.2
2012-06-10,15.4,7.6,21.4,20869,0.0,1.08,2.0
2012-06-11,17.3,9.6,22.0,18710,2.9,1.23,1.6
2012-06-12,17.5,12.4,24.1,22560,2.2,1.47,2.0
2012-06-13,15.6,10.6,20.5,17583,8.0,1.27,2.6
2012-06-14,13.9,7.8,18.1,12603,0.2,1.07,1.6
2012-06-15,17.1,7.8,22.7,20670,0.0,1.11,2.1
2012-06-16,19.2,13.7,24.3,18117,4.8,1.57,2.4
2012-06-17,18.4,11.3,24.2,20680,0.0,1.37,2.6
2012-06-18,21.1,9.8,31.6,27207,6.6,1.38,2.8
2012-06-19,18.0,11.1,23.2,26695,5.8,1.35,1.8
2012-06-20,15.6,13.3,17.1,10832,9.0,1.48,2.1
2012-06-21,14.7,13.2,16.7,10831,3.5,1.47,2.1
2012-06-22,18.9,11.7,24.8,19139,0.0,1.42,2.9
2012-06-23,18.0,11.7,24.1,23735,0.0,1.4,2.4
2012-06-24,18.0,10.1,26.4,18997,7.6,1.31,3.0
2012-06-25,14.7,12.2,19.1,16175,3.5,1.4,4.0
2012-06-26,14.7,11.7,16.9,10927,0.0,1.34,3.2
2012-06-27,14.5,9.5,19.8,17557,1.4,1.19,2.0
2012-06-28,18.3,14.4,24.2,16521,0.9,1.63,1.7
2012-06-29,23.9,15.2,31.2,22631,4.4,1.82,2.1
2012-06-30,23.1,17.8,29.1,20443,25.7,2.06,1.9
2012-07-01,22.1,16.9,26.2,19019,0.7,1.92,2.5
2012-07-02,18.9,13.2,23.4,21291,4.6,1.52,1.8
2012-07-03,17.3,14.7,20.6,10693,0.0,1.64,1.4
2012-07-04,19.8,15.8,25.0,15510,0.0,1.79,1.7
2012-07-05,21.5,16.7,27.3,15740,14.1,1.91,2.0
2012-07-06,22.3,18.4,28.7,17493,6.4,2.12,2.0
2012-07-07,20.6,16.7,26.8,14032,8.2,1.9,1.5
2012-07-08,20.0,15.0,26.8,20606,4.5,1.73,2.6
2012-07-09,19.7,15.3,24.4,22093,0.8,1.73,3.2
2012-07-10,19.6,14.5,25.3,23322,0.0,1.66,2.2
2012-07-11,18.0,14.0,23.4,15807,3.4,1.59,2.8
2012-07-12,14.3,11.1,18.4,17795,6.1,1.31,3.4
2012-07-13,14.7,9.4,17.7,14341,2.9,1.17,2.4
2012-07-14,16.4,13.7,20.9,15566,11.2,1.54,3.4
2012-07-15,16.0,11.6,20.9,15524,5.1,1.36,2.8
2012-07-16,15.4,11.7,20.9,19892,4.5,1.37,3.3
2012-07-17,16.0,12.9,21.0,16192,0.9,1.47,3.5
2012-07-18,16.6,14.3,20.6,11116,5.6,1.6,2.9
2012-07-19,17.1,13.7,21.6,15594,10.3,1.56,3.8
2012-07-20,16.0,11.5,20.3,18052,0.0,1.35,2.6
2012-07-21,14.9,10.8,20.0,18624,0.0,1.29,2.3
2012-07-22,15.9,9.1,21.8,20192,0.0,1.19,1.8
2012-07-23,17.5,7.5,25.4,29244,0.0,1.13,2.3
2012-07-24,21.0,10.7,28.4,28792,0.0,1.39,1.9
2012-07-25,23.3,13.6,32.0,27841,0.0,1.7,1.5
2012-07-26,24.2,17.6,31.7,23164,0.0,2.07,1.7
2012-07-27,24.1,16.1,31.9,27925,3.6,1.93,1.8
2012-07-28,23.4,19.3,30.1,14226,0.1,2.24,2.3
2012-07-29,19.1,15.2,22.6,10953,2.9,1.7,2.3
2012-07-30,17.9,10.7,23.5,20017,1.2,1.32,2.4
2012-07-31,16.8,9.7,23.8,17480,0.0,1.25,1.9
2012-08-01,19.9,12.3,26.6,26489,0.0,1.5,1.8
2012-08-02,22.8,14.1,32.6,19658,3.7,1.76,2.3
2012-08-03,19.1,14.8,23.5,14078,13.7,1.67,1.6
2012-08-04,20.0,13.1,26.8,22782,1.2,1.56,1.5
2012-08-05,19.8,14.1,25.5,16488,0.0,1.63,1.5
2012-08-06,21.2,16.5,25.3,16772,0.2,1.86,2.7
2012-08-07,19.3,16.1,23.0,18623,0.0,1.79,3.3
2012-08-08,17.4,13.6,22.4,13108,0.2,1.54,2.2
2012-08-09,16.4,11.4,21.3,16519,0.0,1.36,1.9
2012-08-10,15.2,9.8,20.1,15113,1.1,1.21,2.1
2012-08-11,16.4,11.2,21.6,18612,0.0,1.33,1.9
2012-08-12,15.4,9.7,21.9,23516,0.0,1.23,2.3
2012-08-13,15.6,8.7,22.5,21976,0.0,1.17,2.1
2012-08-14,16.7,9.5,23.0,23873,0.0,1.24,1.9
2012-08-15,16.8,8.2,24.2,22100,0.0,1.15,2.1
2012-08-16,17.5,10.9,25.0,15405,2.5,1.36,1.8
2012-08-17,17.9,12.2,23.5,17064,0.0,1.45,1.4
2012-08-18,19.5,10.7,28.0,23137,0.0,1.39,1.8
2012-08-19,25.1,13.4,36.0,23471,0.0,1.76,1.8
2012-08-20,25.6,18.1,34.5,18480,6.2,2.19,2.1
2012-08-21,21.9,17.7,26.7,14104,49.2,2.02,1.5
2012-08-22,20.6,14.8,25.0,17559,0.0,1.7,2.8
2012-08-23,17.7,11.1,24.2,22008,0.0,1.37,2.0
2012-08-24,15.1,10.4,17.9,8007,2.1,1.24,1.8
2012-08-25,19.7,15.6,25.6,13133,1.2,1.77,2.7
2012-08-26,18.8,15.8,23.7,13820,1.0,1.77,3.7
2012-08-27,15.6,8.7,20.9,20546,0.0,1.15,2.2
2012-08-28,16.4,7.8,25.1,16838,0.5,1.15,2.1
2012-08-29,19.3,10.3,27.1,19263,0.0,1.35,1.7
2012-08-30,20.1,17.8,23.8,9749,10.3,1.99,1.7
2012-08-31,17.1,14.4,18.6,7464,9.5,1.59,2.2
2012-09-01,15.8,9.6,21.3,19058,0.0,1.21,2.0
2012-09-02,14.6,7.5,21.6,15874,0.0,1.09,1.7
2012-09-03,16.8,10.2,23.9,17039,0.0,1.28,1.6
2012-09-04,16.7,9.5,23.8,18080,0.0,1.24,1.8
2012-09-05,15.4,11.3,20.3,8555,0.4,1.34,2.1
2012-09-06,14.8,10.9,19.1,14820,0.0,1.28,2.4
2012-09-07,15.2,11.0,18.2,7111,0.9,1.29,2.5
2012-09-08,16.5,14.0,19.7,7446,0.2,1.56,1.8
2012-09-09,17.1,9.1,23.0,17334,0.0,1.21,1.8
2012-09-10,20.6,14.6,29.5,18110,0.0,1.74,1.9
2012-09-11,20.7,14.1,30.4,16105,5.5,1.7,2.4
2012-09-12,14.0,10.1,17.2,8221,0.0,1.22,2.3
2012-09-13,12.2,7.5,18.6,12472,0.0,1.05,1.6
2012-09-14,13.9,6.4,20.0,13851,1.5,1.01,3.4
2012-09-15,14.7,12.2,18.8,8235,0.0,1.38,2.6
2012-09-16,15.9,11.8,21.4,14958,0.0,1.38,2.0
2012-09-17,15.9,10.5,22.7,14416,0.0,1.29,1.9
2012-09-18,17.3,9.7,25.5,15340,4.1,1.27,2.4
2012-09-19,11.8,4.6,16.9,14121,0.0,0.87,2.7
2012-09-20,9.2,3.4,16.3,13303,0.0,0.8,2.1
2012-09-21,11.1,4.5,17.2,12780,0.1,0.87,2.1
2012-09-22,11.6,7.1,17.0,9531,0.0,1.02,2.7
2012-09-23,9.9,4.2,16.7,12406,0.2,0.85,2.0
2012-09-24,13.6,9.9,18.0,6617,0.0,1.2,3.4
2012-09-25,17.0,9.0,23.0,12217,0.0,1.19,2.8
2012-09-26,18.3,11.0,25.1,12713,1.5,1.37,2.1
2012-09-27,14.8,12.4,17.2,7428,8.0,1.39,3.1
2012-09-28,13.7,8.3,18.0,9650,0.0,1.09,2.6
2012-09-29,13.0,6.8,19.7,11299,0.7,1.02,2.4
2012-09-30,11.0,6.6,17.1,13265,0.0,0.98,2.2
2012-10-01,11.5,4.6,19.3,9982,0.0,0.9,1.8
2012-10-02,11.9,5.3,19.7,12435,0.0,0.94,2.2
2012-10-03,13.9,7.6,20.9,10920,0.0,1.07,2.9
2012-10-04,14.0,9.3,17.8,5808,4.6,1.16,3.3
2012-10-05,11.6,6.8,17.7,6304,5.7,0.99,3.6
2012-10-06,12.3,7.8,18.1,4559,8.0,1.07,3.0
2012-10-07,9.7,7.6,13.4,6690,0.1,1.02,2.9
2012-10-08,9.9,5.3,13.8,7077,0.0,0.89,2.1
2012-10-09,7.9,3.4,13.2,9857,0.0,0.78,2.6
2012-10-10,6.8,3.5,9.2,4655,1.1,0.77,1.9
2012-10-11,7.1,2.1,11.3,4656,0.0,0.71,1.7
2012-10-12,7.1,0.8,13.6,8918,2.0,0.67,2.8
2012-10-13,9.7,5.4,14.1,10863,0.0,0.89,2.7
2012-10-14,9.9,6.5,13.8,8745,0.0,0.95,2.5
2012-10-15,9.8,4.2,14.1,3900,0.0,0.83,2.7
2012-10-16,7.6,1.7,13.9,10351,0.0,0.71,2.9
2012-10-17,10.1,3.8,14.7,9036,0.0,0.82,2.7
2012-10-18,13.5,8.3,20.9,9270,0.0,1.12,2.4
2012-10-19,13.9,8.3,22.1,10069,0.0,1.15,1.9
2012-10-20,12.6,4.7,21.4,9079,0.0,0.92,1.5
2012-10-21,13.1,7.6,18.4,7411,0.1,1.06,1.7
2012-10-22,12.8,11.7,13.5,3431,0.4,1.33,1.9
2012-10-23,11.8,8.3,14.2,3368,0.0,1.07,1.8
2012-10-24,11.3,9.0,14.1,3373,0.3,1.12,1.2
2012-10-25,9.7,6.4,11.4,3644,1.1,0.94,2.4
2012-10-26,3.6,0.3,7.4,8318,0.0,0.61,2.3
2012-10-27,2.7,0.9,4.7,3124,0.0,0.63,2.8
2012-10-28,1.9,-4.1,8.1,7434,0.0,0.47,2.0
2012-10-29,0.4,-5.7,7.6,8275,0.1,0.42,2.8
2012-10-30,3.2,0.6,5.5,2951,2.1,0.62,2.4
2012-10-31,5.2,1.9,10.3,6549,0.0,0.69,2.5
2012-11-01,5.1,1.5,7.0,2902,4.4,0.66,3.1
2012-11-02,7.3,2.9,10.3,5023,1.0,0.74,3.8
2012-11-03,7.5,5.2,10.1,3571,0.3,0.86,3.0
2012-11-04,7.8,4.5,11.1,3686,5.0,0.82,2.5
2012-11-05,8.0,6.3,10.8,2983,1.3,0.92,3.1
2012-11-06,6.0,5.3,7.9,3563,0.9,0.86,3.3
2012-11-07,8.8,5.4,11.1,2651,1.0,0.88,4.3
2012-11-08,9.2,8.3,10.3,2490,0.1,1.06,3.4
2012-11-09,8.9,5.4,10.6,2666,0.0,0.87,2.2
2012-11-10,7.6,4.9,11.2,3660,1.5,0.85,2.3
2012-11-11,8.9,6.5,11.7,2789,1.0,0.94,2.1
2012-11-12,6.4,4.0,8.2,3169,0.0,0.79,2.0
2012-11-13,3.7,-0.2,10.1,6290,0.0,0.61,1.8
2012-11-14,1.8,-2.8,7.7,6307,0.0,0.5,1.7
2012-11-15,-0.7,-3.1,0.8,2193,0.0,0.47,1.4
2012-11-16,0.1,-1.6,1.5,2155,0.0,0.52,1.8
2012-11-17,1.7,0.1,2.9,2119,0.0,0.59,2.2
2012-11-18,3.8,0.0,6.2,2083,0.4,0.6,1.6
2012-11-19,6.2,4.2,7.6,2049,0.0,0.79,1.7
2012-11-20,3.7,-0.3,6.1,2015,0.1,0.58,2.0
2012-11-21,4.5,2.9,6.2,1983,0.0,0.72,2.6
2012-11-22,5.5,0.1,10.4,2861,0.0,0.62,2.4
2012-11-23,3.4,-1.8,8.1,4432,2.1,0.54,2.4
2012-11-24,6.4,5.7,7.4,1894,1.0,0.89,1.6
2012-11-25,8.0,5.6,10.7,1866,0.2,0.88,3.9
2012-11-26,6.0,2.2,9.0,4415,0.7,0.7,2.4
2012-11-27,7.2,4.9,9.1,1814,0.3,0.84,1.6
2012-11-28,5.6,5.2,6.4,1790,8.4,0.85,1.9
2012-11-29,4.1,2.9,5.5,1767,17.8,0.72,3.5
2012-11-30,2.6,-0.7,4.0,2412,0.2,0.56,2.0
2012-12-01,0.2,-2.0,1.1,1724,0.1,0.51,2.1
2012-12-02,0.0,-1.7,1.2,3279,0.0,0.52,2.5
2012-12-03,-0.2,-1.7,0.9,3553,1.1,0.52,3.0
2012-12-04,1.9,-0.3,3.4,1669,1.1,0.58,3.6
2012-12-05,-1.6,-6.5,2.6,3152,0.4,0.38,2.7
2012-12-06,-3.4,-7.5,-0.9,1722,1.2,0.34,3.1
2012-12-07,-6.8,-10.4,-2.1,4206,0.0,0.28,2.4
2012-12-08,-7.2,-12.8,-3.8,2326,0.0,0.23,1.6
2012-12-09,-3.1,-7.5,0.4,1598,7.2,0.35,3.7
2012-12-10,-1.5,-4.4,0.8,1588,3.2,0.43,3.9
2012-12-11,-2.3,-5.0,-0.6,1578,1.8,0.41,3.0
2012-12-12,-4.9,-11.1,-2.8,2770,0.0,0.26,1.8
2012-12-13,-6.6,-11.7,-3.6,1562,0.0,0.25,2.0
2012-12-14,-3.2,-7.0,-0.5,1555,2.8,0.36,3.1
2012-12-15,2.0,-0.7,3.2,1550,0.6,0.56,2.9
2012-12-16,2.5,0.4,3.4,1546,2.2,0.61,2.5
2012-12-17,2.3,1.0,3.3,1543,0.4,0.63,2.0
2012-12-18,1.6,0.5,3.2,1541,2.1,0.61,1.7
2012-12-19,1.6,1.2,2.0,1540,1.9,0.64,1.4
2012-12-20,0.8,-1.0,1.6,1540,0.0,0.55,3.0
2012-12-21,-3.7,-4.9,-1.0,1541,0.0,0.41,2.8
2012-12-22,-3.4,-4.5,-2.5,1544,1.4,0.42,2.6
2012-12-23,-1.3,-3.2,4.1,1547,5.7,0.47,4.0
2012-12-24,5.9,4.0,7.3,1551,0.0,0.78,2.9
2012-12-25,9.3,6.2,12.9,1557,1.0,0.93,3.6
2012-12-26,7.3,4.3,9.1,1853,2.3,0.8,4.3
2012-12-27,6.7,3.9,9.5,2069,0.7,0.79,4.3
2012-12-28,-0.3,-2.3,3.9,3828,0.1,0.5,2.8
2012-12-29,3.9,-0.3,7.6,1591,0.0,0.59,3.3
2012-12-30,6.0,3.4,10.4,2358,0.3,0.77,4.3
2012-12-31,7.2,4.6,9.5,1783,0.0,0.82,4.3
2013-01-01,6.4,4.4,8.5,1614,0.4,0.81,3.4
2013-01-02,4.8,3.9,5.7,1882,1.1,0.78,3.1
2013-01-03,7.1,4.1,10.2,1642,1.5,0.8,4.1
2013-01-04,8.0,6.2,9.7,1829,1.0,0.91,4.0
2013-01-05,6.3,4.0,8.8,1804,0.3,0.79,3.1
2013-01-06,5.6,4.0,6.7,1692,1.4,0.78,3.1
2013-01-07,2.3,0.7,4.9,2018,3.9,0.62,1.8
2013-01-08,4.1,0.6,6.9,1731,2.7,0.62,2.2
2013-01-09,6.4,5.3,7.0,1752,3.9,0.86,2.4
2013-01-10,2.8,-0.9,5.9,1774,4.1,0.56,3.2
2013-01-11,-1.2,-3.0,-0.2,2115,0.1,0.47,2.3
2013-01-12,-1.8,-3.4,-0.4,1822,0.9,0.46,1.7
2013-01-13,-4.1,-7.0,-2.8,2033,1.2,0.35,2.0
2013-01-14,-6.3,-10.3,-4.1,1875,1.8,0.27,1.7
2013-01-15,-4.6,-7.0,-3.1,1903,0.5,0.35,1.7
2013-01-16,-4.6,-5.2,-4.0,1932,0.0,0.4,1.8
2013-01-17,-2.1,-4.3,-0.5,2492,0.0,0.43,2.3
2013-01-18,-3.7,-6.0,-2.5,1994,0.0,0.38,2.5
2013-01-19,-7.5,-9.5,-5.9,2420,0.0,0.29,3.2
2013-01-20,-5.2,-7.2,-3.7,2210,0.0,0.34,3.0
2013-01-21,-5.3,-7.8,-3.7,2096,4.4,0.33,2.8
2013-01-22,-7.7,-9.0,-7.1,2132,0.1,0.3,2.1
2013-01-23,-6.7,-7.6,-5.2,2169,0.0,0.33,1.4
2013-01-24,-6.3,-11.5,-4.8,2208,0.0,0.25,1.7
2013-01-25,-8.1,-14.3,-1.7,5035,0.0,0.21,1.7
2013-01-26,-8.8,-15.1,-4.6,5641,0.9,0.19,2.8
2013-01-27,-1.9,-7.0,1.1,2330,2.6,0.36,3.2
2013-01-28,2.2,0.8,4.8,3736,1.2,0.63,2.9
2013-01-29,4.1,0.7,6.3,2417,10.2,0.62,4.4
2013-01-30,8.7,5.9,12.5,2463,4.2,0.9,5.4
2013-01-31,6.7,4.2,8.5,3471,1.0,0.8,6.2
2013-02-01,5.8,3.5,7.8,2557,9.1,0.76,3.5
2013-02-02,1.7,-0.3,4.7,2722,2.5,0.58,3.2
2013-02-03,0.2,-3.0,3.0,3301,2.8,0.48,3.8
2013-02-04,3.2,0.7,6.6,2766,1.8,0.63,4.6
2013-02-05,3.3,-0.9,7.3,4865,0.4,0.57,4.2
2013-02-06,0.7,-2.0,4.4,6529,0.0,0.52,2.5
2013-02-07,0.2,-2.6,3.4,3421,0.5,0.49,2.3
2013-02-08,-0.7,-1.8,0.7,3046,0.1,0.51,2.0
2013-02-09,-1.7,-6.7,1.6,3484,0.1,0.37,1.6
2013-02-10,-4.6,-7.7,-2.1,3035,0.0,0.33,2.1
2013-02-11,-1.7,-5.5,0.3,4715,0.0,0.4,3.4
2013-02-12,-0.9,-2.0,1.1,5254,0.8,0.51,2.5
2013-02-13,-0.9,-2.2,0.6,3347,0.0,0.5,1.5
2013-02-14,-0.6,-1.6,0.9,3275,0.0,0.52,2.2
2013-02-15,0.3,-0.6,1.6,3338,0.4,0.56,1.7
2013-02-16,0.6,0.1,2.1,3401,0.1,0.59,1.2
2013-02-17,0.5,0.1,1.5,3466,0.0,0.59,1.3
2013-02-18,0.2,-0.4,1.7,3531,4.0,0.57,1.5
2013-02-19,0.4,-0.3,1.6,3597,1.2,0.57,2.8
2013-02-20,-1.3,-4.7,0.3,3737,0.5,0.42,2.9
2013-02-21,-3.6,-6.0,-1.7,4172,0.0,0.38,3.0
2013-02-22,-3.1,-3.9,-1.7,5208,0.0,0.44,3.3
2013-02-23,-2.2,-4.6,0.3,3871,2.8,0.42,3.3
2013-02-24,0.8,-0.1,2.0,3942,3.6,0.58,2.5
2013-02-25,1.4,0.9,2.6,4014,0.8,0.62,2.4
2013-02-26,0.9,0.4,1.8,4086,0.1,0.6,2.3
2013-02-27,1.5,0.5,3.6,4159,0.0,0.61,2.0
2013-02-28,2.3,-0.4,5.6,5420,0.0,0.58,1.8
2013-03-01,2.9,-0.7,6.9,7990,0.0,0.58,2.4
2013-03-02,2.0,-2.7,7.3,12557,0.0,0.5,2.3
2013-03-03,2.9,-2.5,7.1,8548,0.0,0.51,2.3
2013-03-04,1.6,-4.9,9.2,13050,0.0,0.45,2.0
2013-03-05,4.8,-0.7,13.8,13300,0.0,0.62,2.0
2013-03-06,4.8,-1.9,13.2,13045,0.0,0.56,1.7
2013-03-07,4.7,0.1,9.6,6046,2.3,0.62,2.7
2013-03-08,0.4,-0.6,3.3,4845,0.2,0.56,3.3
2013-03-09,0.2,-0.8,2.2,4924,5.5,0.56,3.2
2013-03-10,-2.8,-4.9,-0.5,5004,5.9,0.41,3.4
2013-03-11,-4.8,-5.7,-2.7,5084,1.0,0.38,3.0
2013-03-12,-4.0,-6.3,-1.4,6687,0.3,0.37,2.5
2013-03-13,-4.9,-11.2,0.5,13922,0.0,0.27,1.9
2013-03-14,-5.9,-13.5,1.7,13719,0.0,0.24,1.9
2013-03-15,-4.6,-11.0,1.9,9366,0.0,0.28,1.9
2013-03-16,-3.4,-11.0,2.7,15706,0.0,0.28,3.1
2013-03-17,-0.8,-5.2,3.2,13818,0.0,0.41,3.9
2013-03-18,-0.1,-1.5,2.8,5654,6.2,0.53,3.2
2013-03-19,-1.3,-2.1,-0.1,5737,1.9,0.5,3.1
2013-03-20,-0.9,-2.1,2.2,5820,1.9,0.51,2.5
2013-03-21,-0.9,-2.0,1.4,5903,2.2,0.51,2.3
2013-03-22,-2.1,-7.0,-0.1,6181,0.1,0.35,3.4
2013-03-23,-7.7,-11.4,-3.5,17395,0.0,0.25,4.8
2013-03-24,-7.0,-15.1,-0.4,17766,0.0,0.2,4.6
2013-03-25,-3.6,-7.8,0.7,17638,0.0,0.34,4.4
2013-03-26,-2.7,-7.1,2.0,17808,0.0,0.36,3.6
2013-03-27,-1.4,-5.7,2.5,12392,0.0,0.4,3.1
2013-03-28,-0.1,-1.8,1.9,8940,0.0,0.52,2.5
2013-03-29,0.4,-0.5,1.3,6568,4.8,0.57,2.1
2013-03-30,0.6,-0.3,2.4,6755,0.1,0.58,1.8
2013-03-31,0.3,-0.7,2.6,6943,0.1,0.56,2.2
2013-04-01,0.4,-3.3,2.7,7553,0.1,0.47,2.3
2013-04-02,-0.2,-5.2,2.8,8910,0.0,0.41,2.9
2013-04-03,0.6,-1.8,2.4,7195,0.0,0.52,3.3
2013-04-04,1.2,-0.8,3.6,7064,0.0,0.56,3.2
2013-04-05,1.6,0.7,3.4,7146,0.1,0.62,2.7
2013-04-06,2.4,-1.3,5.2,7227,0.0,0.55,2.0
2013-04-07,2.4,-4.7,9.4,19638,0.0,0.46,2.0
2013-04-08,3.5,-2.8,8.9,17594,0.0,0.51,2.3
2013-04-09,4.1,0.9,8.7,12545,0.0,0.64,2.9
2013-04-10,5.2,3.5,8.2,7549,0.0,0.76,3.0
2013-04-11,8.8,4.9,13.6,8856,4.8,0.86,2.7
2013-04-12,9.8,6.5,13.5,8941,3.3,0.96,3.2
2013-04-13,9.9,2.9,13.5,10153,1.4,0.76,3.3
2013-04-14,10.5,0.5,18.4,21682,0.0,0.7,2.2
2013-04-15,15.5,7.9,22.3,17046,0.0,1.11,2.3
2013-04-16,15.6,10.2,21.0,12935,0.4,1.25,2.2
2013-04-17,16.1,11.9,21.7,14068,0.0,1.4,2.0
2013-04-18,18.0,10.7,26.7,18670,0.0,1.37,3.8
2013-04-19,13.4,7.5,17.6,16704,0.0,1.04,2.9
2013-04-20,8.4,4.6,12.9,21935,0.0,0.84,3.1
2013-04-21,10.5,4.3,16.5,22882,0.0,0.85,2.2
2013-04-22,12.5,4.9,20.5,13158,0.0,0.92,1.8
2013-04-23,13.9,8.7,19.4,14191,0.0,1.13,2.9
2013-04-24,13.7,9.0,19.5,22321,0.0,1.16,2.2
2013-04-25,15.2,11.2,20.2,14256,0.0,1.33,1.6
2013-04-26,17.7,8.1,24.7,15179,9.8,1.15,2.4
2013-04-27,7.8,6.3,9.9,8819,0.5,0.92,2.8
2013-04-28,9.7,6.1,14.9,14760,0.0,0.94,1.9
2013-04-29,11.5,7.1,16.7,12801,0.0,1.0,2.6
2013-04-30,10.9,4.4,15.6,13845,0.0,0.85,2.3
2013-05-01,12.0,7.4,16.8,19610,0.0,1.03,2.3
2013-05-02,12.1,9.3,15.3,9150,0.0,1.15,2.2
2013-05-03,12.1,6.7,17.6,19433,0.0,0.99,1.9
2013-05-04,12.8,1.9,20.5,24280,0.0,0.78,2.0
2013-05-05,14.6,7.1,21.1,24992,0.0,1.05,1.8
2013-05-06,15.3,6.5,22.5,18961,1.2,1.03,2.0
2013-05-07,17.9,13.1,21.1,13390,0.4,1.48,1.9
2013-05-08,20.2,15.5,26.0,20356,0.3,1.77,2.0
2013-05-09,17.8,13.9,22.1,13647,1.1,1.57,2.0
2013-05-10,15.2,8.2,18.6,10001,4.2,1.1,2.5
2013-05-11,13.7,6.0,18.3,17743,0.0,0.96,2.1
2013-05-12,12.3,6.8,18.7,19304,5.7,1.01,2.7
2013-05-13,11.8,4.3,17.6,20121,0.1,0.87,2.9
2013-05-14,12.8,7.7,17.8,15080,0.1,1.05,2.5
2013-05-15,17.8,7.7,24.9,27379,0.0,1.13,2.5
2013-05-16,20.6,12.1,26.6,24580,0.0,1.47,2.4
2013-05-17,22.1,16.6,27.9,21644,0.0,1.92,2.4
2013-05-18,15.4,10.2,20.6,10164,0.3,1.25,2.3
2013-05-19,17.0,9.7,24.1,27301,0.0,1.26,2.2
2013-05-20,14.9,10.7,18.5,11010,0.0,1.26,2.5
2013-05-21,13.4,8.1,18.7,15212,0.0,1.08,2.4
2013-05-22,10.4,7.4,16.2,14882,2.1,1.02,3.8
2013-05-23,10.1,4.9,15.5,23643,0.0,0.88,2.2
2013-05-24,11.7,6.8,15.9,12191,0.0,0.98,1.8
2013-05-25,9.7,8.9,11.1,10332,33.6,1.1,2.4
2013-05-26,10.8,7.2,14.0,10622,0.4,0.99,3.8
2013-05-27,12.3,5.1,19.2,25622,1.0,0.92,2.5
2013-05-28,12.7,9.9,18.6,12216,6.1,1.21,1.9
2013-05-29,14.5,10.3,21.0,15426,10.1,1.27,2.3
2013-05-30,15.6,9.7,21.0,12791,9.4,1.22,2.1
2013-05-31,16.8,14.6,22.7,13204,9.0,1.64,3.6
2013-06-01,15.9,14.2,18.3,10689,0.4,1.56,3.4
2013-06-02,13.8,12.4,16.1,10589,17.2,1.39,4.1
2013-06-03,14.2,10.7,18.6,14948,0.0,1.27,3.2
2013-06-04,14.4,7.8,20.2,19055,0.0,1.08,2.3
2013-06-05,14.5,6.4,20.7,31075,0.0,1.0,1.8
2013-06-06,16.1,8.2,22.1,30340,0.0,1.12,1.8
2013-06-07,18.1,10.4,24.7,26537,0.0,1.31,1.7
2013-06-08,19.0,11.7,24.8,24518,0.0,1.42,1.9
2013-06-09,18.8,12.7,24.8,22112,1.1,1.49,2.1
2013-06-10,16.5,9.0,22.2,27243,0.0,1.19,2.1
2013-06-11,16.1,7.6,22.7,24449,0.0,1.1,1.6
2013-06-12,18.7,10.4,25.2,25487,0.0,1.32,1.9
2013-06-13,21.3,13.8,27.1,20002,3.6,1.63,2.8
2013-06-14,16.6,11.0,20.9,17327,0.4,1.31,2.7
2013-06-15,18.6,9.3,24.9,22837,0.0,1.23,2.7
2013-06-16,17.6,12.3,22.7,23101,0.0,1.45,2.5
2013-06-17,19.6,13.0,25.6,27073,0.0,1.53,1.8
2013-06-18,21.8,16.1,27.9,25286,0.0,1.84,1.8
2013-06-19,25.4,15.6,32.8,29382,0.0,1.89,2.2
2013-06-20,26.2,18.8,32.0,26056,15.0,2.22,2.3
2013-06-21,21.5,15.9,25.7,24775,0.0,1.81,3.2
2013-06-22,20.7,15.1,25.9,25027,0.0,1.72,2.8
2013-06-23,20.2,14.4,25.2,21441,0.0,1.65,3.2
2013-06-24,17.7,14.1,21.4,11973,7.9,1.58,2.5
2013-06-25,13.5,12.5,15.2,10816,29.1,1.4,3.0
2013-06-26,13.6,11.7,16.3,11958,0.2,1.34,3.2
2013-06-27,14.3,8.1,19.2,18209,0.4,1.09,2.2
2013-06-28,15.4,9.8,20.6,18579,0.3,1.22,2.2
2013-06-29,15.6,11.6,21.2,14478,1.6,1.36,3.0
2013-06-30,13.3,8.8,16.7,17271,0.1,1.12,2.4
2013-07-01,17.8,12.3,25.2,18019,8.9,1.46,2.2
2013-07-02,18.4,14.3,23.9,23737,0.1,1.63,1.7
2013-07-03,20.7,13.6,29.1,21291,0.9,1.65,2.2
2013-07-04,20.9,17.3,24.6,22031,0.1,1.95,1.7
2013-07-05,20.4,14.9,24.8,19330,0.0,1.69,1.8
2013-07-06,18.6,12.9,24.5,26936,0.0,1.51,1.9
2013-07-07,18.6,10.5,25.4,30208,0.0,1.33,2.0
2013-07-08,19.8,11.6,26.3,29916,0.0,1.44,2.2
2013-07-09,20.5,13.4,27.2,26066,0.0,1.59,1.9
2013-07-10,18.2,12.1,24.0,25392,0.0,1.43,2.7
2013-07-11,16.4,15.1,19.8,11405,2.4,1.67,2.6
2013-07-12,17.7,13.6,22.2,13274,0.0,1.55,1.9
2013-07-13,18.7,11.7,25.0,24882,0.0,1.41,2.0
2013-07-14,16.9,12.6,20.7,11054,0.1,1.44,2.3
2013-07-15,17.3,11.6,23.7,23649,0.0,1.4,2.0
2013-07-16,19.4,10.0,27.0,26880,0.0,1.32,1.6
2013-07-17,21.2,13.4,28.2,25816,0.0,1.61,1.7
2013-07-18,21.8,13.7,28.5,26137,0.0,1.64,2.2
2013-07-19,21.1,13.3,27.4,26832,0.0,1.58,2.7
2013-07-20,20.0,12.9,26.5,24760,0.0,1.53,2.0
2013-07-21,21.0,10.4,29.8,29338,0.0,1.39,1.7
2013-07-22,23.1,12.7,31.6,29142,0.0,1.62,1.4
2013-07-23,21.3,13.0,28.0,28944,0.0,1.56,1.8
2013-07-24,20.3,9.1,29.2,27122,0.0,1.3,1.8
2013-07-25,22.6,16.1,30.1,18945,0.0,1.89,1.4
2013-07-26,24.7,15.2,32.0,21993,0.2,1.85,1.4
2013-07-27,27.3,20.7,34.3,23413,0.2,2.51,1.7
2013-07-28,27.2,19.0,34.5,19990,8.1,2.3,2.4
2013-07-29,22.4,19.2,25.1,12246,19.9,2.16,2.0
2013-07-30,19.7,15.7,25.8,19105,0.9,1.79,2.9
2013-07-31,20.5,16.4,25.8,15950,0.2,1.87,2.8
2013-08-01,21.8,16.0,28.4,18464,0.0,1.85,1.7
2013-08-02,26.0,16.6,33.3,27593,0.0,2.0,1.9
2013-08-03,27.6,20.3,35.3,22474,2.2,2.47,2.4
2013-08-04,22.2,18.5,27.2,13101,13.5,2.12,1.6
2013-08-05,21.7,16.5,28.1,18638,0.0,1.9,1.9
2013-08-06,23.3,16.9,34.0,19770,4.6,2.06,2.3
2013-08-07,21.9,18.0,26.1,16408,15.1,2.04,2.1
2013-08-08,21.8,17.0,25.5,14029,1.3,1.92,2.3
2013-08-09,17.8,14.5,21.5,12867,0.0,1.62,1.6
2013-08-10,17.8,11.6,25.2,19644,2.9,1.42,2.2
2013-08-11,17.1,12.3,21.1,16671,0.0,1.42,2.4
2013-08-12,17.5,12.2,23.7,15028,3.3,1.44,2.3
2013-08-13,15.6,11.8,21.1,16609,0.6,1.38,2.8
2013-08-14,15.1,10.6,21.4,20907,0.1,1.28,2.3
2013-08-15,16.6,8.8,23.1,21507,0.0,1.19,1.7
2013-08-16,20.4,14.8,26.9,21629,0.0,1.73,1.9
2013-08-17,20.9,13.7,29.5,17871,0.0,1.65,1.8
2013-08-18,20.8,15.7,28.2,12383,0.3,1.82,2.5
2013-08-19,18.5,14.2,22.3,10665,2.3,1.6,2.0
2013-08-20,16.2,14.3,19.4,8378,1.9,1.59,2.0
2013-08-21,16.1,10.5,21.7,11890,0.0,1.28,1.5
2013-08-22,16.5,9.1,23.9,18825,0.0,1.22,1.4
2013-08-23,18.1,12.7,23.7,21801,0.0,1.47,2.0
2013-08-24,17.9,10.7,24.5,22350,0.0,1.33,2.5
2013-08-25,18.2,12.0,24.3,22210,0.0,1.44,2.6
2013-08-26,16.8,11.0,23.0,22521,0.0,1.34,2.6
2013-08-27,16.2,10.8,23.1,10668,0.0,1.32,1.9
2013-08-28,18.3,11.5,25.7,17410,0.0,1.42,1.5
2013-08-29,17.2,9.4,25.1,18622,0.0,1.24,1.3
2013-08-30,18.0,10.2,26.2,17268,0.0,1.32,1.6
2013-08-31,18.0,12.4,25.0,11182,0.5,1.47,2.5
2013-09-01,14.5,9.8,19.2,13387,0.1,1.2,2.9
2013-09-02,15.0,13.5,17.2,7384,7.8,1.49,3.8
2013-09-03,17.0,15.0,20.2,8172,0.3,1.65,2.2
2013-09-04,16.9,12.7,21.0,9813,0.0,1.44,1.3
2013-09-05,17.2,9.8,24.4,18509,0.0,1.26,2.1
2013-09-06,18.7,12.7,25.0,20491,0.0,1.51,2.4
2013-09-07,18.7,10.7,26.2,19692,0.0,1.36,1.8
2013-09-08,18.5,12.1,25.1,14268,0.0,1.45,2.3
2013-09-09,13.5,9.6,15.8,7237,1.5,1.17,2.5
2013-09-10,12.7,8.3,19.0,7776,2.3,1.1,2.6
2013-09-11,11.5,7.4,15.8,10783,0.0,1.02,2.6
2013-09-12,12.9,9.2,18.9,8623,1.0,1.17,1.9
2013-09-13,15.3,10.1,20.6,12903,0.0,1.25,1.8
2013-09-14,15.9,11.8,22.1,13179,0.3,1.4,2.2
2013-09-15,14.7,12.5,18.3,7229,0.0,1.42,2.3
2013-09-16,13.5,11.0,17.1,6443,2.2,1.29,3.2
2013-09-17,11.1,6.6,16.5,12586,0.0,0.98,3.3
2013-09-18,9.2,5.1,12.8,6373,4.4,0.87,2.7
2013-09-19,11.0,7.8,16.0,8916,0.2,1.05,2.5
2013-09-20,12.0,9.6,14.1,5915,2.9,1.16,2.4
2013-09-21,13.2,10.0,18.1,10813,0.0,1.21,1.7
2013-09-22,14.6,10.5,17.9,7176,0.0,1.25,2.2
2013-09-23,16.1,14.3,18.1,6705,3.5,1.58,2.7
2013-09-24,13.0,7.1,15.9,5774,0.9,1.0,1.7
2013-09-25,9.1,3.5,14.1,6617,7.2,0.79,1.6
2013-09-26,8.7,3.7,13.9,7903,0.5,0.8,2.2
2013-09-27,8.9,2.2,15.1,10621,1.3,0.74,1.6
2013-09-28,8.2,2.5,14.9,9141,0.0,0.75,1.9
2013-09-29,7.9,2.4,14.8,9561,0.0,0.75,3.3
2013-09-30,8.1,3.7,14.1,12273,0.0,0.81,2.9
2013-10-01,7.4,1.3,14.0,13967,0.0,0.69,2.3
2013-10-02,6.2,-0.2,12.9,13716,0.0,0.63,2.9
2013-10-03,6.4,0.8,12.0,14068,0.0,0.66,3.5
2013-10-04,7.8,1.6,14.2,12197,0.0,0.7,2.9
2013-10-05,9.7,4.6,14.7,6398,0.0,0.86,1.7
2013-10-06,12.4,10.6,15.4,4635,0.0,1.24,1.4
2013-10-07,13.5,11.6,16.7,4559,0.0,1.32,1.4
2013-10-08,11.5,4.4,16.3,4810,0.0,0.86,1.3
2013-10-09,11.9,3.9,15.8,4650,1.3,0.83,2.2
2013-10-10,12.2,11.0,13.1,4333,4.8,1.27,2.2
2013-10-11,14.0,10.9,17.3,5130,1.4,1.28,2.5
2013-10-12,12.8,10.3,14.9,4186,3.2,1.21,2.3
2013-10-13,8.8,2.8,12.9,6903,0.0,0.75,2.1
2013-10-14,9.5,1.8,16.4,10479,0.0,0.73,2.0
2013-10-15,10.5,7.8,14.8,5107,2.4,1.04,2.3
2013-10-16,9.2,6.5,11.0,3900,0.1,0.94,1.9
2013-10-17,10.6,6.3,15.2,4498,5.5,0.95,4.0
2013-10-18,8.6,-0.6,12.6,7058,0.0,0.61,2.3
2013-10-19,6.5,-1.4,13.4,7749,0.0,0.58,2.4
2013-10-20,15.4,11.4,19.6,6275,0.1,1.32,2.3
2013-10-21,14.2,10.1,18.3,7947,0.0,1.22,2.5
2013-10-22,14.7,8.6,21.1,9718,0.0,1.14,2.5
2013-10-23,16.5,13.3,20.2,5228,0.0,1.5,3.1
2013-10-24,12.6,4.3,17.9,6371,0.1,0.86,2.2
2013-10-25,10.0,2.6,15.5,3373,0.3,0.76,2.1
2013-10-26,15.5,13.2,19.1,4110,2.1,1.47,2.7
2013-10-27,15.7,12.2,19.2,4632,2.9,1.4,4.4
2013-10-28,15.4,12.3,20.8,3254,1.6,1.42,5.3
2013-10-29,12.4,8.3,15.9,5635,0.0,1.07,3.9
2013-10-30,8.9,6.0,13.0,6244,0.0,0.91,2.7
2013-10-31,6.1,0.9,12.2,8280,0.0,0.66,2.4
2013-11-01,8.0,3.0,11.3,3205,0.0,0.75,2.6
2013-11-02,10.0,7.4,12.8,2841,3.4,1.0,2.8
2013-11-03,9.7,7.1,11.9,2848,1.4,0.98,4.2
2013-11-04,8.8,6.4,12.4,2735,1.2,0.94,4.1
2013-11-05,7.3,3.0,10.8,3097,0.3,0.75,3.3
2013-11-06,6.5,3.0,9.8,2867,3.0,0.74,3.8
2013-11-07,11.0,7.4,14.7,2585,5.0,1.01,3.6
2013-11-08,9.1,5.2,11.3,2991,4.1,0.87,2.1
2013-11-09,9.2,3.6,12.6,4286,0.1,0.79,4.0
2013-11-10,6.1,2.5,8.9,2444,0.0,0.71,2.9
2013-11-11,4.9,0.0,8.5,2564,0.0,0.61,1.9
2013-11-12,3.8,-0.1,7.1,4359,0.3,0.6,2.2
2013-11-13,6.3,0.5,10.0,4453,0.0,0.63,2.0
2013-11-14,2.8,-0.5,7.1,4070,0.0,0.58,1.9
2013-11-15,4.0,3.5,5.0,2232,0.0,0.75,1.8
2013-11-16,2.4,0.4,4.8,2193,0.0,0.61,2.2
2013-11-17,4.7,2.5,7.1,2155,0.4,0.7,1.6
2013-11-18,5.7,4.8,6.8,2220,0.0,0.83,1.9
2013-11-19,6.5,5.9,7.5,2083,1.1,0.89,2.0
2013-11-20,4.9,3.6,6.4,2049,6.1,0.76,2.2
2013-11-21,3.5,2.0,5.2,2113,2.1,0.68,2.0
2013-11-22,4.5,3.4,5.8,1983,2.8,0.75,2.6
2013-11-23,6.3,4.7,7.9,1952,0.2,0.83,2.4
2013-11-24,2.8,-0.5,5.5,1922,0.2,0.57,2.9
2013-11-25,1.1,-0.5,4.5,5035,0.0,0.57,2.3
2013-11-26,-0.6,-4.8,3.4,5163,0.0,0.42,1.6
2013-11-27,-0.1,-5.4,4.1,2484,0.0,0.41,2.2
2013-11-28,6.6,3.9,8.5,2316,0.0,0.79,2.9
2013-11-29,4.5,1.5,6.1,1790,2.9,0.66,3.3
2013-11-30,4.3,3.3,5.3,1767,0.5,0.74,2.6
2013-12-01,5.8,3.3,8.0,1745,0.0,0.75,2.6
2013-12-02,1.8,-2.1,7.3,4192,0.0,0.53,1.8
2013-12-03,-0.3,-2.5,2.5,3367,0.0,0.5,1.7
2013-12-04,0.8,-1.9,4.8,1686,0.7,0.52,2.9
2013-12-05,2.9,0.7,4.3,1712,4.9,0.62,5.3
2013-12-06,1.7,0.3,2.7,1653,1.5,0.6,6.9
2013-12-07,1.0,-0.2,2.2,3255,0.1,0.58,3.8
2013-12-08,3.0,0.0,7.1,1623,3.7,0.6,3.5
2013-12-09,8.2,6.0,9.1,1610,4.0,0.9,3.4
2013-12-10,7.6,5.5,9.3,1598,0.4,0.87,1.8
2013-12-11,6.4,4.3,8.3,1588,0.0,0.8,1.9
2013-12-12,3.1,2.0,4.6,1578,0.0,0.68,2.0
2013-12-13,1.4,-0.5,3.1,1776,0.0,0.57,1.9
2013-12-14,1.0,-0.7,4.4,1562,0.0,0.57,2.5
2013-12-15,4.4,1.6,6.4,1555,0.4,0.67,3.0
2013-12-16,4.9,0.5,10.4,4220,0.0,0.63,2.8
2013-12-17,4.2,0.6,9.2,3063,0.0,0.63,1.9
2013-12-18,1.7,-0.4,4.1,2034,0.0,0.57,2.2
2013-12-19,2.7,0.1,5.0,1541,0.0,0.6,3.0
2013-12-20,3.5,-0.3,6.4,1540,0.0,0.58,2.5
2013-12-21,4.2,1.3,7.5,2644,1.4,0.66,3.7
2013-12-22,7.5,3.5,10.9,1991,1.8,0.77,4.2
2013-12-23,6.4,2.7,10.7,3182,0.1,0.73,3.8
2013-12-24,7.8,6.4,9.2,1711,0.0,0.92,4.8
2013-12-25,7.6,4.0,9.6,1634,0.8,0.79,2.8
2013-12-26,5.7,4.0,6.8,1681,0.7,0.78,1.8
2013-12-27,6.7,5.2,8.0,3589,0.0,0.85,3.9
2013-12-28,7.5,5.6,9.2,1613,3.5,0.88,2.9
2013-12-29,5.7,3.1,6.7,1581,0.9,0.73,3.1
2013-12-30,2.7,-1.1,6.0,4141,0.0,0.55,2.8
2013-12-31,0.3,-2.1,3.7,3282,0.0,0.51,2.5
2014-01-01,0.9,-1.8,3.3,2078,0.0,0.52,2.7
2014-01-02,3.1,-0.2,5.2,1627,0.3,0.59,3.2
2014-01-03,5.4,0.6,8.3,3990,0.0,0.63,3.2
2014-01-04,6.1,3.6,8.9,2345,0.7,0.77,2.9
2014-01-05,5.6,0.7,7.6,1717,0.6,0.63,2.6
2014-01-06,4.1,-0.1,7.5,2781,8.1,0.6,3.3
2014-01-07,8.3,5.8,11.5,4739,1.6,0.9,3.3
2014-01-08,8.0,3.7,11.0,1908,1.0,0.78,3.1
2014-01-09,7.5,1.9,12.4,1752,0.8,0.71,4.0
2014-01-10,6.8,4.7,8.1,1864,0.1,0.82,4.0
2014-01-11,5.3,3.6,8.3,4247,1.3,0.76,3.2
2014-01-12,4.5,1.8,5.9,2097,0.0,0.67,2.8
2014-01-13,2.2,0.2,3.6,2079,0.0,0.6,2.2
2014-01-14,3.3,2.2,4.5,1875,0.0,0.69,1.5
2014-01-15,2.6,1.3,3.9,1903,0.2,0.64,2.3
2014-01-16,1.7,0.7,2.8,1932,7.2,0.62,2.8
2014-01-17,4.8,2.6,6.7,1963,0.0,0.71,2.3
2014-01-18,3.3,0.4,6.7,4813,0.2,0.61,2.5
2014-01-19,-0.3,-3.2,4.0,2027,0.0,0.47,3.3
2014-01-20,-2.7,-3.5,-2.0,2061,3.3,0.45,2.6
2014-01-21,-3.8,-5.8,-2.8,2096,1.5,0.38,1.9
2014-01-22,-5.7,-6.3,-5.1,2132,0.0,0.36,2.0
2014-01-23,-6.8,-8.3,-5.5,2426,0.0,0.31,2.7
2014-01-24,-8.4,-13.5,-5.5,2208,0.0,0.21,2.8
2014-01-25,-12.6,-15.3,-9.7,6402,0.0,0.18,2.6
2014-01-26,-12.0,-14.9,-8.9,3246,0.0,0.19,3.6
2014-01-27,-5.0,-9.1,-2.3,2330,0.7,0.3,3.1
2014-01-28,-3.3,-6.5,-1.3,2373,0.3,0.36,2.7
2014-01-29,-6.4,-7.5,-5.3,2417,0.2,0.33,3.4
2014-01-30,-5.3,-7.1,-4.1,2463,0.0,0.34,2.9
2014-01-31,-1.8,-6.3,1.5,2509,0.0,0.38,2.1
2014-02-01,2.0,-2.9,6.1,5534,6.4,0.5,2.9
2014-02-02,2.1,1.4,3.1,2606,0.2,0.65,1.9
2014-02-03,1.3,-0.9,3.4,2890,0.0,0.55,2.3
2014-02-04,1.3,-1.5,5.8,7223,0.0,0.54,2.3
2014-02-05,0.8,-1.7,5.0,7151,0.0,0.53,2.8
2014-02-06,3.9,1.0,9.4,4762,0.1,0.65,3.3
2014-02-07,6.3,2.3,11.1,2928,0.5,0.71,4.5
2014-02-08,6.3,2.6,9.2,5170,0.6,0.72,3.7
2014-02-09,6.0,2.1,9.3,6014,0.0,0.7,4.2
2014-02-10,3.2,-1.1,9.1,7582,0.0,0.57,2.6
2014-02-11,4.2,0.3,8.3,3807,0.1,0.62,3.1
2014-02-12,2.8,-0.5,8.5,5582,0.0,0.59,3.2
2014-02-13,4.9,0.2,9.9,6404,1.0,0.63,3.7
2014-02-14,4.6,1.1,8.3,5226,0.1,0.65,3.5
2014-02-15,7.1,2.9,11.0,3474,0.2,0.74,4.3
2014-02-16,7.3,3.4,10.9,6366,0.1,0.77,4.2
2014-02-17,5.1,0.6,10.2,8489,0.0,0.64,2.0
2014-02-18,4.0,-0.9,10.0,6709,0.0,0.58,1.8
2014-02-19,5.2,1.2,8.6,3812,0.0,0.66,2.3
2014-02-20,6.4,2.8,10.9,5762,0.0,0.74,2.6
2014-02-21,6.0,2.5,9.0,3733,4.7,0.71,3.0
2014-02-22,4.9,0.2,10.8,9723,0.0,0.63,2.9
2014-02-23,4.4,-1.2,11.4,10461,0.0,0.58,2.5
2014-02-24,5.3,-0.5,12.1,10986,0.0,0.61,2.6
2014-02-25,5.4,-1.5,12.9,10832,0.0,0.58,2.4
2014-02-26,6.3,1.2,13.3,10671,0.0,0.68,1.7
2014-02-27,5.7,1.3,12.5,9407,0.2,0.68,2.1
2014-02-28,5.0,1.3,9.7,6213,0.0,0.67,2.0
2014-03-01,4.2,-2.5,11.8,11113,0.0,0.54,1.6
2014-03-02,4.5,-1.2,11.7,10291,0.0,0.58,1.8
2014-03-03,4.9,0.3,10.4,9612,0.0,0.63,2.6
2014-03-04,5.5,4.0,8.2,5030,0.0,0.79,1.3
2014-03-05,6.1,1.9,11.0,5279,0.0,0.69,1.5
2014-03-06,5.8,-1.4,10.7,6714,0.0,0.57,1.7
2014-03-07,4.2,-2.0,11.4,10565,0.0,0.55,2.0
2014-03-08,5.8,-0.2,12.4,13286,0.0,0.62,1.9
2014-03-09,7.4,-0.3,17.3,13188,0.0,0.66,2.4
2014-03-10,7.8,-0.8,17.0,14227,0.0,0.64,1.9
2014-03-11,7.2,0.1,14.6,14219,0.0,0.65,2.3
2014-03-12,5.5,-1.0,13.8,14745,0.0,0.6,1.7
2014-03-13,7.2,-1.9,17.8,14916,0.0,0.6,1.3
2014-03-14,7.1,-1.7,14.4,14996,0.9,0.59,1.9
2014-03-15,8.8,6.0,11.4,7985,2.5,0.91,5.2
2014-03-16,9.1,5.9,11.3,5490,0.8,0.91,5.6
2014-03-17,10.3,8.3,12.2,5572,0.0,1.06,4.0
2014-03-18,9.9,7.6,13.4,5843,3.6,1.02,3.1
2014-03-19,9.5,6.9,11.7,5832,0.3,0.96,4.5
2014-03-20,13.2,7.7,19.3,15528,0.0,1.07,3.2
2014-03-21,15.5,6.3,22.6,14722,0.0,1.02,3.7
2014-03-22,8.3,4.9,14.2,8819,4.7,0.87,2.7
2014-03-23,7.3,4.3,9.8,7054,0.2,0.81,2.2
2014-03-24,5.2,3.0,7.4,6152,2.1,0.73,1.7
2014-03-25,4.4,1.8,8.4,7836,4.0,0.68,1.7
2014-03-26,4.9,0.2,10.6,13071,0.0,0.63,2.3
2014-03-27,6.2,0.5,12.3,15235,0.0,0.65,3.0
2014-03-28,6.1,1.3,10.3,6485,0.1,0.67,2.5
2014-03-29,6.9,1.0,15.1,11718,0.0,0.69,2.1
2014-03-30,9.5,1.2,19.2,16712,0.1,0.74,1.3
2014-03-31,9.2,2.7,16.1,13313,0.0,0.77,1.3
2014-04-01,7.0,1.8,12.0,10496,0.0,0.7,1.7
2014-04-02,10.4,3.1,17.9,17375,0.0,0.8,1.8
2014-04-03,12.0,4.1,20.8,16460,0.0,0.88,2.0
2014-04-04,9.3,3.9,15.1,11779,1.1,0.82,2.5
2014-04-05,8.2,5.5,12.1,9626,0.0,0.88,1.7
2014-04-06,11.7,6.6,18.4,15362,0.2,0.99,2.0
2014-04-07,14.8,10.3,20.5,11018,0.4,1.26,2.1
2014-04-08,13.0,6.5,19.5,10132,3.0,1.0,4.2
2014-04-09,8.6,5.5,13.7,10559,8.5,0.89,3.9
2014-04-10,7.0,0.8,9.5,7660,0.2,0.64,2.1
2014-04-11,8.1,0.0,13.4,13875,1.6,0.63,1.6
2014-04-12,10.5,6.2,16.0,11072,1.2,0.95,1.6
2014-04-13,11.5,8.0,15.3,15901,1.9,1.05,3.2
2014-04-14,7.3,4.7,11.3,11941,4.5,0.83,4.8
2014-04-15,7.3,4.1,12.4,16705,2.2,0.81,3.4
2014-04-16,7.1,1.6,13.1,20253,0.0,0.7,1.7
2014-04-17,8.1,-0.4,14.4,21075,2.9,0.63,2.7
2014-04-18,8.0,3.4,11.5,11862,0.6,0.77,2.7
2014-04-19,12.7,2.0,22.5,18906,0.0,0.81,2.8
2014-04-20,15.1,9.9,20.3,16931,1.0,1.22,3.1
2014-04-21,13.6,9.8,18.9,13184,0.5,1.21,2.3
2014-04-22,14.5,8.9,22.4,17733,6.4,1.17,1.7
2014-04-23,14.0,9.7,17.3,9362,1.5,1.19,1.7
2014-04-24,13.8,9.7,19.6,13219,1.8,1.2,2.1
2014-04-25,15.8,10.5,21.8,23509,0.0,1.28,2.4
2014-04-26,15.3,9.2,21.7,18274,0.0,1.18,1.9
2014-04-27,13.6,10.2,18.3,10611,0.0,1.22,2.3
2014-04-28,14.3,8.2,20.7,24348,0.0,1.11,1.7
2014-04-29,15.0,5.8,22.7,23863,0.0,0.99,1.4
2014-04-30,14.8,8.5,22.3,20719,0.5,1.16,1.6
2014-05-01,13.7,7.6,19.9,12231,2.2,1.08,2.0
2014-05-02,5.0,2.9,8.1,9150,8.9,0.73,2.6
2014-05-03,7.5,1.0,14.0,22839,0.0,0.68,2.5
2014-05-04,6.3,0.6,11.3,14399,0.1,0.64,2.0
2014-05-05,7.2,-0.7,14.5,15575,0.0,0.62,1.5
2014-05-06,12.9,3.0,20.2,16632,0.2,0.83,2.6
2014-05-07,14.1,6.2,20.0,15971,0.1,0.99,3.0
2014-05-08,13.0,7.6,17.9,15675,3.3,1.05,3.2
2014-05-09,13.9,8.8,19.5,13647,2.7,1.14,3.7
2014-05-10,12.9,8.2,18.5,13217,7.1,1.09,3.2
2014-05-11,12.6,9.0,16.0,17371,1.0,1.13,4.3
2014-05-12,11.4,8.4,14.7,12223,2.1,1.08,3.8
2014-05-13,11.8,7.6,16.3,14272,0.1,1.04,2.9
2014-05-14,9.6,6.1,12.9,14706,0.7,0.92,3.1
2014-05-15,11.1,7.3,15.3,15514,0.0,1.01,2.5
2014-05-16,12.8,6.1,18.2,23079,0.0,0.97,2.6
2014-05-17,14.1,9.9,20.2,16507,7.9,1.22,2.1
2014-05-18,11.8,9.3,13.6,11042,1.3,1.13,1.8
2014-05-19,14.4,9.9,20.4,16493,0.3,1.23,1.7
2014-05-20,18.2,7.9,26.8,26739,0.0,1.17,1.7
2014-05-21,21.1,10.1,28.4,28568,0.0,1.35,2.1
2014-05-22,23.7,17.4,29.5,28381,0.0,2.02,2.3
2014-05-23,21.5,15.3,28.4,24401,11.8,1.79,2.0
2014-05-24,17.2,12.8,21.1,14846,0.9,1.45,1.8
2014-05-25,18.1,10.4,24.9,24255,0.0,1.32,1.8
2014-05-26,19.1,12.7,24.8,26713,1.3,1.49,2.4
2014-05-27,16.3,10.3,22.1,12687,10.3,1.27,3.0
2014-05-28,10.6,7.5,12.3,10439,18.8,1.01,3.2
2014-05-29,8.8,6.1,11.4,10725,0.1,0.92,2.2
2014-05-30,13.1,3.7,20.2,26012,0.0,0.85,2.0
2014-05-31,14.4,6.8,20.3,28470,0.0,1.03,2.4
2014-06-01,14.4,7.5,20.3,25965,0.0,1.06,1.7
2014-06-02,13.8,6.7,20.5,19378,0.0,1.02,1.4
2014-06-03,15.2,10.1,20.2,15585,0.0,1.24,1.3
2014-06-04,16.9,10.5,22.1,24156,0.0,1.3,2.0
2014-06-05,15.6,8.4,21.2,18317,0.4,1.14,2.9
2014-06-06,16.8,6.2,24.6,28042,0.0,1.05,1.9
2014-06-07,20.9,10.0,29.7,29474,0.0,1.38,1.6
2014-06-08,24.1,13.6,32.3,28605,0.2,1.69,1.8
2014-06-09,24.2,18.7,30.0,26711,2.0,2.18,2.0
2014-06-10,23.7,18.9,30.1,21491,0.1,2.19,2.0
2014-06-11,21.7,17.4,29.3,18696,5.6,2.0,2.2
2014-06-12,18.9,12.2,23.4,28556,0.0,1.44,2.3
2014-06-13,14.5,11.1,19.4,15015,5.0,1.3,2.8
2014-06-14,14.5,7.5,20.2,21420,0.1,1.07,2.5
2014-06-15,15.6,7.6,22.1,18872,0.0,1.09,2.2
2014-06-16,15.8,6.1,22.8,23612,0.0,1.02,2.4
2014-06-17,17.1,9.6,23.9,19908,0.1,1.25,2.1
2014-06-18,17.2,6.6,24.6,28100,0.0,1.06,2.4
2014-06-19,15.7,12.6,19.2,13007,0.3,1.44,3.3
2014-06-20,15.5,12.6,19.2,15054,0.0,1.44,3.4
2014-06-21,13.8,11.7,17.5,13007,2.5,1.33,2.8
2014-06-22,14.6,9.9,20.0,19144,1.3,1.23,2.9
2014-06-23,13.7,7.7,19.5,19651,0.6,1.08,2.5
2014-06-24,12.9,7.1,18.7,13124,5.2,1.03,1.8
2014-06-25,12.4,8.5,15.3,10816,2.3,1.08,2.1
2014-06-26,14.7,7.4,21.1,22821,0.3,1.08,1.4
2014-06-27,17.3,7.8,24.7,26130,0.1,1.15,1.6
2014-06-28,19.4,13.9,25.5,19090,0.0,1.6,1.9
2014-06-29,17.7,12.8,23.0,12308,0.1,1.48,2.3
2014-06-30,16.3,12.0,21.9,19313,2.1,1.41,2.3
2014-07-01,16.1,9.6,21.3,21846,0.0,1.21,1.9
2014-07-02,15.8,6.8,21.6,23992,0.0,1.03,2.0
2014-07-03,17.6,9.6,25.6,25625,0.0,1.28,2.0
2014-07-04,22.2,9.5,31.5,30311,0.0,1.37,2.0
2014-07-05,22.7,17.4,29.7,16911,5.3,2.03,2.5
2014-07-06,24.2,18.0,30.0,22483,0.0,2.08,2.3
2014-07-07,23.3,17.6,29.6,24614,0.0,2.03,2.2
2014-07-08,21.8,17.9,32.0,16828,3.3,2.11,2.7
2014-07-09,21.6,18.1,29.1,16035,3.6,2.08,3.2
2014-07-10,22.3,17.3,29.6,24884,0.8,2.02,2.3
2014-07-11,20.7,14.4,28.4,27633,3.1,1.71,2.3
2014-07-12,16.9,13.2,23.4,17707,21.8,1.52,2.0
2014-07-13,17.3,11.8,23.8,20579,6.2,1.41,2.1
2014-07-14,20.6,14.7,26.6,19399,0.0,1.7,2.6
2014-07-15,21.1,14.9,26.6,24786,0.0,1.71,1.9
2014-07-16,21.7,14.5,27.7,21328,0.0,1.69,1.3
2014-07-17,22.8,15.5,29.5,25564,0.0,1.82,1.3
2014-07-18,23.9,15.2,31.7,26514,0.0,1.82,1.5
2014-07-19,25.3,14.4,33.5,28215,0.0,1.81,2.0
2014-07-20,27.1,16.7,35.1,23881,0.0,2.04,2.2
2014-07-21,25.2,19.4,30.9,22190,0.0,2.28,2.5
2014-07-22,24.5,17.2,31.0,23382,0.0,2.03,2.7
2014-07-23,22.3,16.0,30.1,24193,4.7,1.89,2.6
2014-07-24,18.1,15.1,21.0,11266,5.4,1.68,2.3
2014-07-25,19.6,16.6,24.6,11591,3.2,1.87,1.8
2014-07-26,22.8,16.5,30.2,22490,0.3,1.94,1.6
2014-07-27,23.7,17.2,31.5,17326,0.1,2.04,1.7
2014-07-28,23.5,18.6,28.6,14286,0.4,2.15,1.7
2014-07-29,23.2,18.7,31.1,18433,9.4,2.2,1.9
2014-07-30,21.1,17.3,26.9,12682,28.8,1.96,2.4
2014-07-31,20.7,15.0,26.1,22729,0.0,1.73,1.9
2014-08-01,21.5,13.0,27.4,21785,0.0,1.57,1.7
2014-08-02,23.8,18.6,29.8,17898,0.4,2.15,2.0
2014-08-03,23.1,18.2,30.5,21495,46.4,2.13,1.7
2014-08-04,20.2,17.9,24.8,11757,5.2,2.02,1.6
2014-08-05,20.2,17.2,26.4,15592,2.1,1.95,1.7
2014-08-06,19.7,14.2,26.3,17461,0.0,1.64,1.5
2014-08-07,20.1,12.9,26.4,17863,2.4,1.53,1.5
2014-08-08,20.1,13.7,26.9,22855,0.0,1.61,1.5
2014-08-09,21.6,13.7,30.1,21186,0.3,1.66,3.0
2014-08-10,22.4,13.5,29.6,19404,0.0,1.65,2.7
2014-08-11,20.4,13.6,24.0,18708,0.0,1.57,3.1
2014-08-12,17.3,11.2,23.4,21002,1.3,1.37,2.9
2014-08-13,18.5,10.5,24.2,18395,8.9,1.31,2.3
2014-08-14,18.3,14.6,23.1,17703,0.0,1.64,2.6
2014-08-15,16.7,13.5,20.7,13345,0.0,1.52,2.3
2014-08-16,16.1,13.1,20.7,14910,0.0,1.48,2.8
2014-08-17,17.3,13.1,21.5,16579,0.0,1.49,3.6
2014-08-18,17.2,13.3,21.0,15542,1.6,1.51,3.9
2014-08-19,15.5,10.7,22.0,18241,1.8,1.3,2.9
2014-08-20,13.8,9.5,19.7,14648,0.0,1.18,2.6
2014-08-21,13.5,7.1,20.2,19290,0.0,1.05,2.0
2014-08-22,15.1,6.9,22.6,14334,0.0,1.07,2.5
2014-08-23,15.2,10.8,20.5,16297,0.0,1.3,2.4
2014-08-24,13.5,9.3,18.3,16529,0.5,1.16,2.6
2014-08-25,13.7,7.4,19.7,18233,0.0,1.05,1.9
2014-08-26,13.7,7.5,20.1,13925,0.0,1.07,1.9
2014-08-27,14.0,6.0,21.7,17197,0.0,0.99,1.7
2014-08-28,15.1,5.7,23.8,21442,0.0,1.0,1.5
2014-08-29,16.1,8.6,22.9,10374,0.2,1.17,1.9
2014-08-30,17.1,10.3,23.7,11502,0.4,1.3,2.0
2014-08-31,15.4,11.6,17.8,7653,6.6,1.33,1.8
2014-09-01,14.9,11.6,17.7,7464,10.8,1.34,1.9
2014-09-02,15.5,13.8,18.9,8366,0.0,1.54,1.8
2014-09-03,16.5,13.2,21.5,16091,0.0,1.51,2.5
2014-09-04,17.3,11.5,23.3,20383,0.0,1.37,2.3
2014-09-05,18.6,12.1,25.4,19903,0.0,1.47,1.5
2014-09-06,18.7,11.1,26.3,19425,1.4,1.4,1.3
2014-09-07,20.3,14.7,27.0,15349,1.4,1.7,1.3
2014-09-08,18.4,13.7,23.8,11952,0.0,1.58,1.7
2014-09-09,16.3,11.7,20.4,12152,0.0,1.36,2.2
2014-09-10,14.7,11.6,17.3,6945,6.7,1.34,2.2
2014-09-11,14.5,11.6,17.5,7687,0.2,1.33,2.1
2014-09-12,17.0,13.4,20.3,6573,0.0,1.51,2.8
2014-09-13,18.5,16.1,21.7,6796,2.6,1.79,2.2
2014-09-14,19.2,16.0,24.5,8632,0.0,1.81,2.0
2014-09-15,19.6,14.3,25.7,17262,0.0,1.65,1.9
2014-09-16,18.5,13.2,25.1,16900,0.0,1.55,2.1
2014-09-17,16.9,10.3,24.1,17133,0.0,1.3,2.2
2014-09-18,17.3,10.4,24.5,16182,0.0,1.32,1.9
2014-09-19,14.9,9.8,20.2,7457,0.0,1.22,1.6
2014-09-20,16.0,11.4,20.7,5915,0.0,1.35,1.4
2014-09-21,16.5,12.0,19.3,6982,0.6,1.38,2.7
2014-09-22,12.5,10.3,15.7,10500,1.7,1.21,3.7
2014-09-23,10.1,4.4,15.0,14900,0.0,0.84,2.0
2014-09-24,10.3,3.7,16.0,9884,0.0,0.82,2.2
2014-09-25,13.0,9.4,17.7,6617,2.0,1.17,2.9
2014-09-26,14.3,12.5,15.8,5425,0.2,1.4,2.6
2014-09-27,13.6,5.6,19.0,13805,0.1,0.95,1.7
2014-09-28,12.6,3.5,21.2,14009,0.0,0.86,1.5
2014-09-29,16.3,9.3,24.8,11794,0.3,1.25,1.4
2014-09-30,16.3,13.4,19.5,5104,2.4,1.5,1.4
2014-10-01,14.6,10.3,19.8,5901,0.2,1.25,1.2
2014-10-02,13.9,9.5,20.7,8159,0.0,1.2,1.1
2014-10-03,12.4,7.5,18.6,12779,0.0,1.05,1.5
2014-10-04,11.9,5.5,18.2,13645,0.0,0.93,2.2
2014-10-05,11.1,5.3,18.6,11541,0.0,0.93,1.8
2014-10-06,11.9,7.7,18.4,10310,0.0,1.06,2.4
2014-10-07,13.6,8.3,18.0,4972,0.8,1.09,3.3
2014-10-08,14.7,8.3,19.3,7344,2.4,1.1,2.7
2014-10-09,17.8,13.4,22.2,5055,1.0,1.52,2.6
2014-10-10,15.5,12.1,19.0,5134,2.6,1.39,1.9
2014-10-11,14.9,13.0,17.3,4418,4.8,1.46,1.4
2014-10-12,13.9,8.8,17.3,5439,0.1,1.12,1.8
2014-10-13,15.5,10.4,20.7,7756,1.6,1.26,2.0
2014-10-14,14.7,10.4,17.8,5191,1.4,1.24,1.7
2014-10-15,13.4,9.8,18.2,5941,1.2,1.21,1.7
2014-10-16,11.5,7.8,13.2,3900,1.9,1.03,1.9
2014-10-17,13.6,11.1,16.5,4794,0.0,1.28,1.9
2014-10-18,12.6,8.5,15.8,3762,0.0,1.09,2.0
2014-10-19,16.4,10.7,21.9,10718,1.6,1.31,2.8
2014-10-20,14.2,12.1,16.6,4414,7.4,1.37,3.2
2014-10-21,12.8,11.4,16.1,5329,12.2,1.3,3.6
2014-10-22,10.1,8.5,11.9,3496,7.3,1.08,4.7
2014-10-23,9.9,7.5,12.0,3431,0.1,1.0,2.5
2014-10-24,6.8,5.0,7.6,3368,0.0,0.84,2.2
2014-10-25,5.5,2.9,9.3,3306,0.0,0.74,2.0
2014-10-26,11.1,7.7,14.1,4177,0.0,1.02,2.0
2014-10-27,10.0,4.3,15.1,7858,0.0,0.84,2.3
2014-10-28,6.4,1.6,12.8,8912,0.0,0.7,2.2
2014-10-29,5.2,0.8,10.8,8526,0.1,0.65,1.9
2014-10-30,8.1,6.1,10.3,3008,0.0,0.91,1.2
2014-10-31,10.1,8.3,14.1,4268,0.0,1.07,1.6
2014-11-01,11.9,7.2,18.2,6859,0.0,1.02,1.6
2014-11-02,11.0,7.0,17.6,7306,0.0,1.01,2.1
2014-11-03,12.2,8.3,17.6,6715,0.0,1.09,3.3
2014-11-04,9.9,6.5,14.8,4585,0.0,0.95,2.4
2014-11-05,9.6,6.1,14.0,3568,0.0,0.93,1.8
2014-11-06,9.2,6.7,10.9,2634,1.5,0.95,1.7
2014-11-07,8.7,7.5,10.6,4828,0.0,1.0,2.3
2014-11-08,8.0,3.2,13.8,5889,0.1,0.77,2.4
2014-11-09,5.7,0.4,9.7,2490,0.1,0.63,2.0
2014-11-10,9.7,8.1,11.2,2721,0.0,1.04,1.8
2014-11-11,7.4,2.3,10.0,2509,0.0,0.71,2.2
2014-11-12,10.3,8.6,12.7,2681,0.0,1.09,1.9
2014-11-13,9.9,8.7,11.3,2314,0.0,1.08,1.2
2014-11-14,9.2,8.1,10.3,2272,0.0,1.04,2.6
2014-11-15,9.9,8.6,11.2,2232,0.0,1.08,2.7
2014-11-16,8.6,7.1,10.3,2193,0.0,0.97,2.7
2014-11-17,6.9,2.6,9.2,2155,0.0,0.72,2.0
2014-11-18,6.3,4.1,7.5,2119,0.1,0.79,2.7
2014-11-19,3.7,3.4,4.1,2083,0.0,0.75,1.8
2014-11-20,4.5,3.7,5.4,2049,0.0,0.76,1.3
2014-11-21,5.1,2.0,8.2,3774,0.0,0.69,1.5
2014-11-22,5.4,4.1,6.8,1983,0.0,0.79,2.2
2014-11-23,5.4,3.3,8.7,3866,0.0,0.75,2.4
2014-11-24,5.6,1.4,8.7,2017,2.3,0.67,2.3
2014-11-25,4.3,2.8,5.6,1894,0.1,0.72,1.9
2014-11-26,3.9,2.3,5.4,1866,0.0,0.7,2.8
2014-11-27,2.1,0.5,4.6,4323,0.0,0.61,3.0
2014-11-28,0.6,-0.8,1.4,1814,0.0,0.55,3.7
2014-11-29,-1.2,-1.9,-0.3,1790,0.0,0.51,3.3
2014-11-30,-1.5,-2.1,-0.2,1767,0.0,0.5,3.0
2014-12-01,-2.7,-3.3,-2.2,1745,0.0,0.46,3.5
2014-12-02,-2.6,-3.1,-2.2,1724,0.0,0.47,2.2
2014-12-03,-1.1,-2.4,0.2,1705,0.0,0.49,2.0
2014-12-04,1.2,-0.8,4.2,2338,0.0,0.56,1.9
2014-12-05,1.5,-1.3,3.2,1669,0.0,0.54,1.5
2014-12-06,3.6,2.3,5.5,2552,0.0,0.7,1.6
2014-12-07,2.7,0.2,5.0,2191,1.1,0.6,2.6
2014-12-08,3.5,-0.5,5.6,1750,0.0,0.58,2.7
2014-12-09,-0.2,-3.3,4.2,4306,0.0,0.47,2.0
2014-12-10,0.8,-2.2,2.5,1598,2.0,0.51,4.0
2014-12-11,2.9,0.8,6.0,1588,3.4,0.63,4.6
2014-12-12,6.6,2.4,10.3,1578,3.3,0.72,5.1
2014-12-13,5.7,3.8,7.8,2025,0.0,0.77,2.7
2014-12-14,3.0,-0.4,4.5,1562,0.0,0.57,2.1
2014-12-15,4.4,1.3,7.4,2873,0.5,0.65,2.9
2014-12-16,4.9,2.6,6.1,1755,0.0,0.71,2.5
2014-12-17,3.1,0.4,4.7,1874,0.5,0.61,3.2
2014-12-18,8.6,4.7,11.8,1543,2.0,0.84,3.9
2014-12-19,10.4,5.9,12.5,1541,1.8,0.9,5.1
2014-12-20,5.3,1.8,7.4,1540,5.0,0.68,5.5
2014-12-21,5.9,4.2,6.8,1581,3.6,0.8,4.5
2014-12-22,8.8,6.5,10.9,1541,6.9,0.94,5.9
2014-12-23,10.8,9.7,11.6,1544,2.3,1.16,4.9
2014-12-24,8.3,4.7,10.6,1547,1.3,0.83,4.8
2014-12-25,4.6,1.1,6.4,2168,1.0,0.64,4.2
2014-12-26,-0.5,-6.7,1.3,1722,0.0,0.36,2.0
2014-12-27,-5.1,-8.7,-2.1,2556,0.0,0.31,3.3
2014-12-28,-5.4,-9.2,-2.6,2608,1.3,0.3,2.8
2014-12-29,-3.6,-6.5,-2.3,2829,0.0,0.36,2.6
2014-12-30,-3.0,-5.9,0.2,1591,0.8,0.38,2.3
2014-12-31,2.3,0.1,4.9,1602,0.1,0.6,2.2
2015-01-01,3.8,2.2,5.0,3513,0.3,0.69,2.9
2015-01-02,5.3,2.8,8.4,1627,1.9,0.73,5.0
2015-01-03,4.5,3.4,6.1,1642,0.5,0.75,4.1
2015-01-04,3.4,0.9,5.4,2173,0.3,0.64,3.8
2015-01-05,2.5,0.3,4.0,1674,3.5,0.6,2.8
2015-01-06,-0.6,-1.5,0.4,1692,0.0,0.52,1.9
2015-01-07,1.3,-1.4,4.0,1711,0.7,0.54,2.6
2015-01-08,3.3,0.5,6.9,1731,7.1,0.62,4.1
2015-01-09,6.4,4.5,8.9,1752,10.5,0.81,6.2
2015-01-10,8.7,5.3,13.2,1774,2.6,0.88,7.0
2015-01-11,4.0,1.4,5.5,1843,0.6,0.66,5.8
2015-01-12,5.5,1.3,8.4,1822,3.0,0.66,5.4
2015-01-13,10.2,8.1,12.6,3650,1.5,1.04,4.3
2015-01-14,6.2,3.4,8.3,3275,0.4,0.76,4.1
2015-01-15,4.5,0.1,9.6,1903,1.8,0.62,4.2
2015-01-16,7.5,4.5,9.6,2170,8.7,0.82,2.8
2015-01-17,2.9,-1.9,4.9,2107,0.0,0.52,2.1
2015-01-18,-0.5,-3.7,3.8,4619,0.0,0.46,2.1
2015-01-19,-0.3,-3.4,1.6,2027,0.2,0.46,1.4
2015-01-20,1.2,0.4,2.8,2061,3.1,0.61,1.2
2015-01-21,0.7,-1.1,1.9,2096,0.2,0.54,1.8
2015-01-22,-0.3,-1.9,0.5,2132,0.0,0.51,2.1
2015-01-23,-0.4,-1.7,0.4,2169,0.0,0.52,1.9
2015-01-24,-0.8,-2.2,0.4,2208,0.0,0.5,2.4
2015-01-25,0.9,-0.2,1.8,2247,0.0,0.58,2.2
2015-01-26,1.9,0.4,4.1,2288,4.5,0.61,2.9
2015-01-27,3.4,1.2,4.7,2330,0.5,0.65,3.3
2015-01-28,3.1,0.4,5.4,2755,5.4,0.61,4.2
2015-01-29,2.1,0.2,4.3,4404,2.5,0.6,4.1
2015-01-30,0.9,0.1,2.2,2463,2.1,0.59,2.7
2015-01-31,0.4,-0.3,1.3,3075,0.2,0.57,2.4
2015-02-01,0.9,-1.8,4.2,4160,0.0,0.52,2.4
2015-02-02,1.0,-1.3,2.9,2838,3.1,0.54,2.9
2015-02-03,-0.2,-3.1,1.4,3125,0.7,0.47,2.0
2015-02-04,-1.1,-2.9,0.1,2706,0.3,0.48,1.8
2015-02-05,-2.8,-5.2,0.7,4805,0.0,0.41,2.6
2015-02-06,-3.9,-5.8,-2.5,2812,0.0,0.38,3.1
2015-02-07,-0.9,-5.3,4.0,2866,0.0,0.41,3.0
2015-02-08,1.5,-0.8,3.4,7482,0.1,0.56,4.1
2015-02-09,3.9,-0.1,5.7,2978,0.0,0.59,3.8
2015-02-10,5.1,4.2,5.7,3035,0.0,0.79,2.4
2015-02-11,4.6,2.6,5.8,3094,0.0,0.71,1.7
2015-02-12,2.2,-3.0,6.9,8668,0.0,0.49,1.7
2015-02-13,0.3,-4.0,6.4,8331,0.0,0.46,2.2
2015-02-14,0.3,-4.7,6.1,8994,0.0,0.44,2.2
2015-02-15,1.4,-4.1,8.6,8718,0.0,0.47,2.7
2015-02-16,0.3,-1.7,1.2,3401,0.0,0.52,2.5
2015-02-17,1.5,-2.9,6.8,9396,0.0,0.5,1.7
2015-02-18,3.3,0.3,7.5,8333,0.0,0.61,2.1
2015-02-19,2.6,-0.8,8.0,8743,0.0,0.58,2.7
2015-02-20,2.7,-3.8,9.5,7136,0.0,0.49,3.2
2015-02-21,5.3,0.5,11.4,7610,0.0,0.64,3.0
2015-02-22,1.4,-2.2,4.5,3876,0.0,0.51,2.1
2015-02-23,2.3,-2.9,7.6,4171,0.4,0.5,3.3
2015-02-24,3.8,-0.4,9.1,8941,0.0,0.59,3.2
2015-02-25,2.2,-3.2,8.3,7691,0.0,0.5,2.0
2015-02-26,1.9,-5.3,9.4,11446,0.0,0.44,2.1
2015-02-27,3.4,-1.6,10.5,9799,0.1,0.56,2.1
2015-02-28,3.0,-2.0,7.5,7797,0.1,0.53,2.4
2015-03-01,2.9,-1.8,6.7,4467,1.5,0.53,3.8
2015-03-02,4.7,1.9,7.6,5434,3.2,0.68,4.7
2015-03-03,4.5,0.9,8.1,8548,1.8,0.64,4.1
2015-03-04,3.6,0.7,7.2,6353,2.3,0.63,3.6
2015-03-05,3.0,-1.6,6.3,6282,0.1,0.54,2.7
2015-03-06,3.4,-2.5,7.9,4688,0.1,0.51,2.1
2015-03-07,7.6,2.2,12.6,11674,0.0,0.72,2.5
2015-03-08,10.1,4.6,17.0,10271,0.0,0.88,2.3
2015-03-09,8.8,1.4,13.0,11014,0.0,0.7,1.6
2015-03-10,6.6,0.8,12.9,9308,0.4,0.66,2.1
2015-03-11,4.1,1.0,7.7,5261,0.0,0.64,2.4
2015-03-12,3.1,-0.2,6.5,6149,0.0,0.59,2.0
2015-03-13,2.9,-1.7,7.3,6782,0.0,0.54,2.7
2015-03-14,4.4,2.6,6.3,5326,1.1,0.71,2.7
2015-03-15,6.1,4.0,8.5,5408,0.0,0.79,3.2
2015-03-16,7.2,2.5,11.4,9112,0.0,0.73,3.3
2015-03-17,10.7,4.8,17.2,15504,0.0,0.89,2.6
2015-03-18,7.7,0.3,14.0,16429,0.0,0.66,2.0
2015-03-19,4.6,-1.7,12.9,16222,0.0,0.57,1.6
2015-03-20,4.9,-3.9,13.0,14855,0.0,0.5,1.5
2015-03-21,3.0,-2.2,7.4,5903,3.3,0.52,2.6
2015-03-22,0.5,-2.5,4.8,17515,0.0,0.5,2.8
2015-03-23,4.2,-2.3,12.1,16903,0.0,0.55,1.8
2015-03-24,7.3,-0.8,14.6,11611,0.0,0.62,1.4
2015-03-25,9.4,-0.2,17.2,15738,0.0,0.67,2.4
2015-03-26,9.0,5.8,11.7,6319,1.9,0.9,2.5
2015-03-27,7.2,5.3,11.3,8737,0.3,0.87,3.1
2015-03-28,6.8,3.1,10.2,7610,0.6,0.75,2.8
2015-03-29,9.3,5.2,13.8,6568,5.6,0.87,5.0
2015-03-30,6.8,3.8,10.0,8518,1.9,0.78,5.8
2015-03-31,5.9,0.7,12.3,8405,6.9,0.65,7.0
2015-04-01,4.6,2.2,8.6,10286,1.7,0.7,5.7
2015-04-02,2.9,0.5,6.7,11450,2.0,0.62,4.5
2015-04-03,4.3,-0.9,9.5,11029,0.0,0.58,2.6
2015-04-04,3.6,-2.0,10.5,15851,0.0,0.55,2.1
2015-04-05,3.5,-3.5,10.3,17065,0.1,0.5,2.1
2015-04-06,4.3,-1.1,9.5,12651,0.0,0.57,2.1
2015-04-07,6.2,-2.9,13.1,16910,0.0,0.53,2.3
2015-04-08,7.7,2.7,10.4,7499,0.0,0.73,2.1
2015-04-09,8.1,0.0,16.1,18394,0.0,0.66,1.5
2015-04-10,11.0,1.3,20.3,20531,0.0,0.75,1.4
2015-04-11,14.7,5.9,22.6,18672,0.2,1.01,3.4
2015-04-12,9.7,5.8,15.5,15557,0.0,0.93,2.9
2015-04-13,9.5,4.3,13.1,14097,0.0,0.83,3.8
2015-04-14,9.2,1.9,14.1,12961,0.0,0.72,2.8
2015-04-15,16.3,10.5,23.0,18412,0.0,1.31,3.1
2015-04-16,10.7,4.4,14.6,21282,0.0,0.84,2.6
2015-04-17,6.7,0.9,12.0,14872,0.0,0.67,2.7
2015-04-18,5.3,-1.2,11.0,15439,0.0,0.58,2.3
2015-04-19,7.7,-2.3,15.0,16704,0.0,0.57,1.9
2015-04-20,9.8,2.7,17.6,22284,0.0,0.79,2.3
2015-04-21,12.6,2.2,22.0,24401,0.0,0.81,2.8
2015-04-22,8.3,1.1,14.5,12337,0.0,0.69,2.4
2015-04-23,10.7,-0.9,19.5,24672,0.0,0.65,1.9
2015-04-24,12.8,2.8,21.4,22676,0.0,0.82,1.8
2015-04-25,15.6,6.8,23.7,17933,0.1,1.06,2.3
2015-04-26,14.0,8.2,20.8,13155,1.3,1.12,2.0
2015-04-27,10.2,5.8,17.1,9297,1.4,0.93,2.5
2015-04-28,7.1,3.1,9.0,8887,5.3,0.75,2.7
2015-04-29,8.3,2.4,14.0,22300,0.0,0.74,2.2
2015-04-30,11.1,5.2,17.7,18066,3.2,0.92,2.5
2015-05-01,9.5,1.7,14.9,20215,0.0,0.72,1.9
2015-05-02,8.3,0.0,15.0,18855,0.0,0.65,1.6
2015-05-03,12.2,0.1,19.9,23082,4.6,0.71,2.6
2015-05-04,17.2,12.3,22.9,20498,0.0,1.44,2.6
2015-05-05,19.5,13.0,25.5,13251,0.0,1.52,3.4
2015-05-06,16.3,9.2,21.2,20065,0.0,1.2,2.9
2015-05-07,12.7,5.2,18.0,22239,0.4,0.91,3.0
2015-05-08,12.8,3.4,19.0,18016,0.0,0.83,1.6
2015-05-09,15.7,10.0,23.3,16857,2.8,1.27,3.0
2015-05-10,10.5,2.8,13.1,11485,0.0,0.76,3.0
2015-05-11,12.2,0.8,21.0,25306,0.0,0.74,2.2
2015-05-12,17.5,8.8,26.7,18807,4.9,1.23,2.9
2015-05-13,12.9,6.6,18.1,21864,0.0,0.99,2.7
2015-05-14,9.7,3.7,13.1,12088,0.0,0.79,2.1
2015-05-15,10.6,3.2,17.3,25006,0.0,0.81,2.0
2015-05-16,10.7,1.4,16.7,18575,0.0,0.72,2.6
2015-05-17,10.7,5.5,15.3,15755,0.3,0.91,2.9
2015-05-18,13.2,4.9,20.5,17693,0.0,0.92,2.3
2015-05-19,15.1,9.3,21.0,20892,0.0,1.19,3.0
2015-05-20,13.0,8.1,17.3,10632,0.0,1.07,2.0
2015-05-21,11.8,4.1,18.0,20756,0.0,0.85,1.9
2015-05-22,12.4,1.7,20.1,20559,0.0,0.76,1.6
2015-05-23,14.5,7.4,20.9,12907,0.0,1.07,2.0
2015-05-24,13.2,3.7,21.8,28502,0.0,0.89,1.4
2015-05-25,14.0,4.9,21.2,15395,1.4,0.93,1.9
2015-05-26,13.1,8.9,16.9,15817,0.0,1.12,2.6
2015-05-27,10.5,4.4,13.4,11799,0.0,0.83,2.3
2015-05-28,13.4,3.0,21.7,20339,0.8,0.84,2.8
2015-05-29,14.5,9.5,20.3,17712,0.6,1.2,2.3
2015-05-30,12.7,6.0,18.8,20800,0.0,0.96,3.3
2015-05-31,14.8,3.9,22.4,27453,0.0,0.9,2.8
2015-06-01,14.4,10.0,20.0,10943,3.4,1.23,2.5
2015-06-02,18.4,10.7,24.8,21798,0.0,1.35,3.8
2015-06-03,19.2,8.7,24.3,24507,0.0,1.19,3.5
2015-06-04,15.2,5.8,22.5,30787,0.0,1.0,1.7
2015-06-05,19.9,8.5,28.5,30820,0.0,1.25,2.2
2015-06-06,23.6,12.4,32.3,26510,0.0,1.6,2.5
2015-06-07,18.3,11.2,23.8,21813,0.0,1.37,2.3
2015-06-08,15.5,10.7,20.6,23240,0.0,1.28,2.7
2015-06-09,14.4,10.4,18.3,13934,0.0,1.24,2.6
2015-06-10,16.5,9.1,21.4,18807,0.0,1.19,2.2
2015-06-11,16.7,5.6,24.4,31096,1.5,1.01,1.9
2015-06-12,18.8,10.6,26.3,21268,0.1,1.36,1.6
2015-06-13,21.6,12.2,31.4,21920,3.2,1.56,2.1
2015-06-14,18.5,12.4,23.4,27560,0.0,1.45,2.2
2015-06-15,14.9,6.1,20.8,26291,0.0,0.99,2.5
2015-06-16,11.6,4.5,16.7,14402,0.0,0.86,2.2
2015-06-17,14.8,3.3,21.8,26561,1.4,0.86,2.1
2015-06-18,15.5,11.3,21.8,14028,0.1,1.34,2.9
2015-06-19,12.7,10.2,17.9,13774,0.9,1.22,2.9
2015-06-20,12.9,10.9,17.7,14415,5.0,1.28,2.5
2015-06-21,14.0,9.2,19.6,16844,3.5,1.17,2.0
2015-06-22,14.1,9.4,19.0,12237,6.3,1.18,2.4
2015-06-23,11.7,10.2,12.7,10955,7.0,1.19,3.0
2015-06-24,12.8,9.6,16.1,11973,0.4,1.16,2.5
2015-06-25,16.8,10.9,23.3,18485,0.0,1.33,1.6
2015-06-26,17.8,12.2,23.5,14898,0.4,1.45,1.4
2015-06-27,18.3,15.1,22.7,11438,5.8,1.7,2.3
2015-06-28,17.2,12.8,22.8,18068,0.5,1.49,1.8
2015-06-29,19.2,12.8,26.6,19968,0.0,1.54,1.7
2015-06-30,20.3,13.1,25.7,24673,0.0,1.54,1.7
2015-07-01,19.9,10.9,26.5,30648,0.0,1.38,2.1
2015-07-02,22.6,14.5,29.3,30623,0.0,1.72,2.5
2015-07-03,25.2,14.7,32.9,29321,0.0,1.8,1.7
2015-07-04,27.8,16.4,36.4,28018,0.7,2.06,1.8
2015-07-05,28.9,20.9,35.8,22513,4.5,2.59,2.0
2015-07-06,21.4,13.5,26.1,20956,0.0,1.58,2.7
2015-07-07,22.9,11.3,32.3,28428,4.0,1.51,2.0
2015-07-08,19.8,16.3,23.4,16574,4.0,1.82,4.0
2015-07-09,16.0,12.3,19.4,18320,0.8,1.4,4.0
2015-07-10,15.0,8.1,19.7,19429,0.0,1.1,2.7
2015-07-11,16.5,6.0,24.1,22815,0.0,1.02,1.7
2015-07-12,17.8,9.8,26.1,14160,2.5,1.29,2.3
2015-07-13,17.2,15.4,22.2,11468,4.6,1.7,2.4
2015-07-14,16.8,14.4,18.8,11433,5.9,1.6,2.4
2015-07-15,18.4,13.4,23.6,19229,0.1,1.54,1.8
2015-07-16,20.3,14.9,27.3,20319,0.0,1.73,1.6
2015-07-17,23.4,14.6,31.5,23295,0.1,1.76,2.2
2015-07-18,22.8,15.1,28.9,23745,0.0,1.77,2.4
2015-07-19,18.3,14.9,24.4,14888,7.8,1.69,2.3
2015-07-20,19.3,14.3,25.6,26895,1.3,1.65,2.2
2015-07-21,22.0,16.1,28.3,17425,4.1,1.87,2.5
2015-07-22,24.0,15.8,31.0,20878,9.9,1.89,1.9
2015-07-23,20.6,13.8,25.5,19817,0.0,1.6,2.0
2015-07-24,19.8,12.7,26.8,22877,0.1,1.52,1.9
2015-07-25,21.7,14.0,29.4,19070,0.2,1.68,4.4
2015-07-26,15.8,10.3,21.4,16269,0.1,1.27,3.0
2015-07-27,16.7,11.8,23.0,11985,1.3,1.4,3.3
2015-07-28,17.3,13.0,21.4,14534,0.5,1.48,4.0
2015-07-29,16.8,12.2,22.5,20661,0.3,1.43,3.5
2015-07-30,15.9,11.7,20.9,13917,0.0,1.37,3.5
2015-07-31,14.0,5.8,19.7,14101,0.0,0.97,2.2
2015-08-01,17.2,5.3,26.5,23261,0.0,1.02,1.7
2015-08-02,22.1,11.6,31.0,25875,0.0,1.52,1.5
2015-08-03,23.2,13.5,32.4,26393,0.0,1.7,1.8
2015-08-04,26.0,15.5,34.9,24951,0.6,1.95,2.4
2015-08-05,21.5,15.5,27.0,14739,0.0,1.78,1.7
2015-08-06,25.0,14.4,35.2,24146,0.0,1.83,1.7
2015-08-07,27.9,16.9,38.1,21984,0.0,2.15,1.7
2015-08-08,25.5,19.6,33.9,23459,0.0,2.35,2.4
2015-08-09,22.0,17.0,28.9,20945,0.0,1.95,2.2
2015-08-10,24.8,15.6,33.0,22769,0.0,1.9,1.9
2015-08-11,27.1,20.3,36.2,21345,0.0,2.52,2.0
2015-08-12,23.2,18.8,30.0,18134,0.4,2.18,2.0
2015-08-13,23.3,18.5,30.2,20062,0.2,2.15,2.7
2015-08-14,26.6,18.4,34.1,24112,3.0,2.2,2.6
2015-08-15,25.4,20.7,32.6,17367,6.9,2.47,1.9
2015-08-16,23.2,19.6,29.9,15264,1.1,2.27,2.1
2015-08-17,23.4,20.7,28.1,8945,0.4,2.4,2.4
2015-08-18,21.5,15.3,28.1,15659,0.0,1.77,2.0
2015-08-19,19.2,10.8,27.7,21738,0.0,1.38,1.5
2015-08-20,18.0,9.6,26.4,22194,0.0,1.28,1.3
2015-08-21,18.6,9.9,27.5,23337,0.0,1.32,1.4
2015-08-22,18.7,10.0,27.5,22855,0.4,1.32,1.9
2015-08-23,19.5,14.0,26.0,15151,1.0,1.64,2.7
2015-08-24,21.1,14.4,28.2,15730,6.4,1.69,2.8
2015-08-25,18.3,14.3,21.6,9371,0.2,1.6,3.4
2015-08-26,19.3,12.1,26.9,20146,0.0,1.49,2.6
2015-08-27,21.8,15.1,29.8,16859,3.9,1.8,2.4
2015-08-28,16.7,11.0,21.3,11025,0.2,1.33,1.9
2015-08-29,17.4,9.5,25.6,20516,0.0,1.27,1.3
2015-08-30,21.0,12.0,30.6,18155,7.2,1.54,1.5
2015-08-31,25.8,16.7,36.1,19013,2.8,2.09,1.8
2015-09-01,23.1,15.8,30.8,18982,9.4,1.87,2.6
2015-09-02,15.7,9.4,21.3,17857,0.0,1.21,2.2
2015-09-03,14.0,8.3,20.4,9799,0.5,1.12,1.6
2015-09-04,15.4,12.1,20.5,14558,4.8,1.4,2.4
2015-09-05,13.9,10.6,19.7,10575,3.9,1.27,3.7
2015-09-06,13.0,10.6,17.7,8555,3.9,1.26,4.1
2015-09-07,12.7,6.8,18.4,14290,0.0,1.01,2.5
2015-09-08,12.8,6.6,20.0,11742,0.0,1.01,1.8
2015-09-09,12.1,5.2,17.4,10897,0.5,0.9,1.9
2015-09-10,13.0,10.0,20.7,13074,6.7,1.23,2.3
2015-09-11,13.9,11.8,17.0,6861,4.7,1.35,2.1
2015-09-12,16.4,10.3,23.0,17335,0.0,1.28,2.1
2015-09-13,18.4,13.8,25.0,9442,0.0,1.59,2.0
2015-09-14,18.1,14.7,22.6,11461,1.1,1.66,2.6
2015-09-15,16.1,10.6,21.9,14854,0.0,1.29,3.0
2015-09-16,17.5,8.6,25.2,9231,0.0,1.19,2.6
2015-09-17,20.1,14.3,27.5,12586,5.2,1.67,3.4
2015-09-18,15.0,10.0,20.7,13239,0.0,1.23,2.3
2015-09-19,14.4,8.4,22.1,13393,2.0,1.15,1.7
2015-09-20,12.9,10.1,17.6,10356,1.3,1.22,2.3
2015-09-21,12.7,9.6,17.7,10238,0.0,1.18,1.7
2015-09-22,14.5,9.3,20.3,9455,0.2,1.19,2.2
2015-09-23,13.5,9.4,17.2,6046,0.0,1.16,2.0
2015-09-24,13.0,7.2,19.8,14834,0.0,1.05,2.2
2015-09-25,12.1,6.5,18.8,11340,0.0,0.99,1.6
2015-09-26,11.4,5.4,18.0,12952,0.0,0.92,1.7
2015-09-27,10.4,3.3,17.6,13714,0.0,0.81,2.0
2015-09-28,10.8,2.4,19.0,13828,0.0,0.79,1.9
2015-09-29,11.0,5.2,17.5,12151,0.0,0.91,2.5
2015-09-30,10.0,3.7,16.8,11388,0.0,0.83,2.4
2015-10-01,8.3,0.5,17.9,13879,0.0,0.7,2.1
2015-10-02,9.1,0.8,20.7,13629,0.0,0.74,1.8
2015-10-03,11.2,2.1,20.4,12951,0.0,0.79,1.5
2015-10-04,14.5,8.6,21.2,11005,0.0,1.15,1.6
2015-10-05,12.6,5.5,19.7,12131,0.0,0.94,1.8
2015-10-06,13.8,8.0,17.5,5136,0.0,1.08,2.7
2015-10-07,12.9,9.8,14.9,4559,1.5,1.18,2.5
2015-10-08,8.9,7.0,10.6,4483,1.1,0.97,1.7
2015-10-09,7.9,3.8,12.8,7077,0.0,0.8,1.6
2015-10-10,5.1,0.5,11.1,11538,0.0,0.65,2.5
2015-10-11,3.9,-0.7,10.0,12100,0.0,0.59,2.9
2015-10-12,3.9,-1.7,9.4,11394,0.0,0.55,2.3
2015-10-13,4.0,3.4,4.9,4113,0.2,0.75,2.0
2015-10-14,5.6,3.6,7.5,4042,17.4,0.77,2.0
2015-10-15,6.6,5.1,7.5,3971,14.4,0.84,2.3
2015-10-16,8.4,7.3,9.7,3900,12.5,0.98,1.6
2015-10-17,8.6,8.0,10.1,3831,0.0,1.03,1.2
2015-10-18,8.5,7.1,11.2,4641,5.7,0.97,1.2
2015-10-19,8.1,7.1,8.9,3694,3.2,0.97,1.2
2015-10-20,9.3,8.5,11.1,3627,1.4,1.07,1.3
2015-10-21,9.2,8.2,11.3,3561,0.0,1.04,1.7
2015-10-22,9.5,7.1,12.3,5243,0.3,0.98,2.7
2015-10-23,10.7,4.3,14.6,5366,0.0,0.83,2.1
2015-10-24,7.3,1.9,14.0,8351,0.0,0.72,1.8
2015-10-25,8.8,3.8,13.1,3778,0.0,0.8,1.7
2015-10-26,6.5,1.0,12.8,8642,0.0,0.67,1.8
2015-10-27,6.4,1.6,12.8,6475,0.0,0.7,2.0
2015-10-28,6.2,2.5,11.7,8132,0.0,0.73,2.1
2015-10-29,6.0,0.8,11.3,6792,0.0,0.66,1.3
2015-10-30,7.4,5.3,9.6,3008,0.0,0.87,1.7
2015-10-31,9.8,6.6,14.5,7527,0.0,0.96,2.3
2015-11-01,8.6,3.0,15.6,8035,0.0,0.78,1.5
2015-11-02,5.1,-0.2,13.8,8101,0.0,0.63,1.3
2015-11-03,2.3,-2.2,11.3,8165,0.0,0.55,1.3
2015-11-04,1.2,-2.0,4.8,2735,0.0,0.52,1.5
2015-11-05,5.2,1.5,10.2,2861,0.4,0.67,1.4
2015-11-06,9.0,1.6,14.1,2809,2.5,0.71,2.1
2015-11-07,14.8,11.6,18.2,3160,0.1,1.33,2.8
2015-11-08,12.9,4.6,17.8,6627,0.6,0.88,2.7
2015-11-09,13.4,8.5,17.2,3612,0.1,1.11,4.2
2015-11-10,14.4,12.9,15.8,2444,0.0,1.44,4.5
2015-11-11,14.2,11.8,15.2,2400,0.0,1.34,3.2
2015-11-12,11.4,5.2,14.5,2789,0.0,0.89,2.6
2015-11-13,10.8,6.8,13.6,2367,2.5,0.97,3.4
2015-11-14,7.6,6.0,9.2,3330,2.1,0.9,4.5
2015-11-15,9.1,6.4,13.7,2232,15.2,0.95,4.5
2015-11-16,10.2,7.8,12.5,2193,1.8,1.03,3.5
2015-11-17,11.7,9.8,13.8,2155,3.7,1.17,4.0
2015-11-18,12.1,10.2,14.2,2169,2.7,1.2,5.9
2015-11-19,11.8,9.4,13.6,3381,0.7,1.14,5.6
2015-11-20,7.1,4.3,9.4,2444,2.6,0.8,3.3
2015-11-21,4.8,2.1,7.2,2992,0.9,0.69,2.6
2015-11-22,1.4,-2.3,3.3,2032,0.8,0.5,3.1
2015-11-23,0.0,-2.2,2.0,2191,0.6,0.5,2.3
2015-11-24,0.5,-2.3,3.5,3958,0.1,0.5,3.3
2015-11-25,2.7,0.7,4.1,1894,0.0,0.62,2.5
2015-11-26,4.4,2.5,6.1,1866,0.1,0.7,1.7
2015-11-27,1.8,-0.8,4.0,1840,0.0,0.56,2.2
2015-11-28,1.0,-1.1,4.0,2817,3.8,0.55,3.8
2015-11-29,5.4,1.3,10.2,1790,7.5,0.67,5.7
2015-11-30,5.6,3.2,8.3,2036,7.4,0.75,5.7
2015-12-01,5.5,4.0,7.6,2367,0.4,0.79,4.1
2015-12-02,9.0,5.0,11.1,1724,0.0,0.86,2.8
2015-12-03,7.8,2.8,11.1,2667,0.0,0.74,2.3
2015-12-04,6.5,2.7,9.1,1686,0.0,0.72,3.5
2015-12-05,7.1,3.6,9.0,2574,0.0,0.77,3.9
2015-12-06,9.0,6.7,11.0,3323,0.0,0.95,4.3
2015-12-07,10.4,5.5,11.5,1637,0.1,0.88,1.8
2015-12-08,7.3,4.6,11.4,3232,0.0,0.83,2.0
2015-12-09,6.2,2.8,9.2,1610,0.4,0.74,2.6
2015-12-10,3.1,0.2,6.3,4197,0.0,0.61,3.0
2015-12-11,3.8,1.0,6.1,1588,3.6,0.64,3.7
2015-12-12,5.2,3.9,7.0,2658,8.8,0.78,3.4
2015-12-13,5.3,0.5,10.2,1569,0.1,0.64,3.2
2015-12-14,0.3,-1.6,2.6,1562,0.1,0.52,1.6
2015-12-15,4.3,2.5,6.2,1555,0.0,0.71,1.6
2015-12-16,4.5,3.3,6.9,1550,0.7,0.74,2.4
2015-12-17,10.2,6.9,11.9,1546,0.8,0.97,2.7
2015-12-18,11.1,8.5,12.2,1543,1.8,1.08,2.6
2015-12-19,8.5,6.1,10.9,2073,0.0,0.91,2.4
2015-12-20,8.7,5.9,12.2,3585,0.0,0.9,2.6
2015-12-21,9.0,8.2,10.2,1785,2.1,1.05,4.0
2015-12-22,11.4,9.0,13.4,1541,0.1,1.11,4.4
2015-12-23,11.5,6.2,13.2,2691,0.0,0.94,3.9
2015-12-24,5.9,1.4,10.1,3434,0.0,0.67,2.9
2015-12-25,9.1,7.8,11.7,3073,0.0,1.02,3.2
2015-12-26,13.0,8.8,14.8,1969,0.0,1.11,4.0
2015-12-27,10.9,9.0,12.1,2556,0.0,1.11,3.1
2015-12-28,7.3,4.8,11.9,1820,0.0,0.85,2.1
2015-12-29,3.6,0.7,5.6,3287,0.0,0.62,2.7
2015-12-30,0.0,-2.4,2.1,4182,0.0,0.5,3.1
2015-12-31,-0.9,-3.9,2.5,3912,0.8,0.45,2.9
2016-01-01,1.4,0.5,2.9,1614,0.1,0.61,1.6
2016-01-02,-5.4,-9.1,1.0,2561,0.0,0.31,3.6
2016-01-03,-10.5,-11.5,-8.8,3905,0.0,0.24,3.8
2016-01-04,-9.9,-12.1,-7.2,1915,0.0,0.23,3.3
2016-01-05,-9.9,-11.1,-8.3,1674,6.0,0.25,2.8
2016-01-06,-8.9,-9.4,-7.7,1692,2.7,0.29,2.3
2016-01-07,-5.9,-8.2,-1.7,1711,4.7,0.32,3.1
2016-01-08,2.5,-1.8,5.5,2129,0.4,0.53,3.6
2016-01-09,0.1,-4.7,4.4,4160,0.0,0.43,1.9
2016-01-10,-0.8,-6.1,2.3,2044,2.1,0.39,2.8
2016-01-11,1.4,0.6,2.8,1798,3.1,0.62,2.4
2016-01-12,1.7,0.4,4.1,1822,4.9,0.61,3.4
2016-01-13,2.0,0.3,3.9,1848,2.0,0.6,3.9
2016-01-14,1.0,-0.9,4.1,3508,0.7,0.56,2.6
2016-01-15,-0.7,-1.3,0.3,1903,0.0,0.53,3.0
2016-01-16,-0.3,-1.4,1.2,1932,1.1,0.53,2.2
2016-01-17,-1.8,-2.6,-0.8,1963,0.2,0.49,2.2
2016-01-18,-4.8,-9.6,-1.4,4910,0.0,0.29,1.6
2016-01-19,-6.8,-11.6,-2.8,5613,0.1,0.25,2.0
2016-01-20,-2.5,-4.5,0.1,2160,0.0,0.42,1.9
2016-01-21,-3.0,-9.8,-0.9,2096,0.0,0.29,1.5
2016-01-22,-7.4,-12.4,-2.4,6094,0.0,0.24,2.0
2016-01-23,-2.0,-7.8,3.7,2169,1.2,0.35,2.6
2016-01-24,3.2,2.1,4.9,2260,5.8,0.69,2.2
2016-01-25,6.8,3.1,9.3,2247,0.3,0.74,2.4
2016-01-26,8.3,5.5,11.2,3885,0.3,0.88,3.3
2016-01-27,10.0,7.9,12.1,2330,0.0,1.03,4.5
2016-01-28,7.5,1.1,12.0,4936,0.5,0.67,3.7
2016-01-29,5.0,0.3,9.4,2804,0.0,0.62,4.3
2016-01-30,7.5,4.1,9.8,2463,5.8,0.8,5.1
2016-01-31,4.0,2.1,6.0,3471,0.0,0.68,4.1
2016-02-01,7.4,4.2,11.9,2614,1.8,0.81,4.9
2016-02-02,9.5,5.8,12.1,5040,0.4,0.9,5.7
2016-02-03,5.8,3.6,7.5,4651,0.0,0.77,4.4
2016-02-04,3.3,1.9,4.7,2706,1.0,0.68,3.8
2016-02-05,3.5,0.6,6.0,3180,0.1,0.62,2.6
2016-02-06,7.4,4.3,11.7,4152,0.0,0.82,2.9
2016-02-07,6.9,3.5,11.5,6013,0.0,0.77,3.5
2016-02-08,7.8,5.4,10.9,3421,1.1,0.87,5.5
2016-02-09,8.4,6.0,10.0,4559,1.8,0.91,5.1
2016-02-10,5.5,2.6,9.5,5533,1.1,0.72,4.2
2016-02-11,4.1,1.0,6.0,3159,0.8,0.64,3.3
2016-02-12,1.7,-2.4,6.7,5123,0.0,0.52,1.8
2016-02-13,0.4,-3.1,5.9,8663,0.1,0.49,2.3
2016-02-14,2.9,1.0,4.7,3275,1.3,0.63,3.1
2016-02-15,3.6,2.0,4.7,3338,0.0,0.68,2.7
2016-02-16,0.6,-2.8,2.6,3815,0.0,0.48,2.1
2016-02-17,-0.2,-3.7,3.8,7233,6.6,0.46,2.4
2016-02-18,1.7,-1.4,4.4,5932,0.0,0.53,1.7
2016-02-19,1.9,-0.9,5.0,3740,0.0,0.56,1.9
2016-02-20,3.3,0.0,5.6,3665,3.4,0.59,4.4
2016-02-21,8.2,5.2,11.8,3733,6.6,0.86,5.2
2016-02-22,7.2,3.6,11.8,3802,6.2,0.78,4.8
2016-02-23,4.6,1.9,7.1,4995,0.3,0.68,3.1
2016-02-24,2.8,-1.0,6.3,6366,0.5,0.56,2.7
2016-02-25,0.5,-1.8,5.0,6388,0.8,0.53,2.1
2016-02-26,1.0,-3.1,4.9,4473,0.2,0.48,1.9
2016-02-27,0.7,-4.8,5.9,9878,0.0,0.43,2.0
2016-02-28,2.5,-0.1,6.7,8034,0.0,0.6,2.4
2016-02-29,0.9,-1.3,2.9,4307,0.3,0.54,3.2
2016-03-01,0.9,-1.1,5.2,5110,0.0,0.55,2.7
2016-03-02,4.2,-0.2,8.9,4867,0.0,0.6,3.5
2016-03-03,3.7,-1.2,9.0,6849,0.0,0.56,2.1
2016-03-04,3.3,-3.4,9.3,11712,0.0,0.49,2.7
2016-03-05,4.7,2.2,8.3,6292,0.8,0.7,1.8
2016-03-06,3.2,-0.6,5.1,4766,3.0,0.57,2.5
2016-03-07,1.9,-2.6,7.5,6740,0.0,0.51,1.7
2016-03-08,1.8,-4.0,7.9,9970,0.0,0.47,1.6
2016-03-09,2.4,-3.3,8.6,10889,0.3,0.49,2.5
2016-03-10,5.0,2.2,8.8,5793,0.1,0.7,2.0
2016-03-11,4.0,2.5,5.4,5254,0.0,0.71,2.3
2016-03-12,3.0,0.4,5.0,5245,0.0,0.61,2.4
2016-03-13,1.3,0.1,2.6,5326,0.0,0.59,2.9
2016-03-14,3.4,-0.1,6.6,10103,0.8,0.59,2.4
2016-03-15,4.3,3.4,6.2,5490,0.0,0.75,2.5
2016-03-16,3.8,-2.0,9.1,13630,0.0,0.54,3.5
2016-03-17,4.5,-3.6,12.5,16145,0.0,0.51,1.8
2016-03-18,4.0,-0.7,7.0,5737,0.0,0.57,2.1
2016-03-19,5.7,1.5,10.3,10914,0.0,0.68,2.1
2016-03-20,5.6,3.8,7.0,5903,0.1,0.78,2.9
2016-03-21,5.8,2.9,8.7,6474,1.4,0.73,3.0
2016-03-22,6.0,2.8,8.8,6266,1.2,0.73,2.5
2016-03-23,5.2,2.9,8.6,6847,0.2,0.73,2.3
2016-03-24,3.5,-0.7,7.8,8436,0.1,0.57,1.9
2016-03-25,5.9,1.3,8.9,6319,1.5,0.66,2.6
2016-03-26,8.7,2.3,13.8,16453,0.0,0.74,2.5
2016-03-27,9.8,2.5,17.9,15485,0.0,0.78,3.2
2016-03-28,10.3,3.4,16.7,14705,1.1,0.8,3.7
2016-03-29,7.2,4.0,10.8,8000,7.8,0.8,3.8
2016-03-30,6.7,2.7,11.8,9345,1.0,0.74,2.8
2016-03-31,7.1,3.4,10.5,6922,0.0,0.77,2.1
2016-04-01,7.3,0.5,13.2,16952,0.0,0.66,2.2
2016-04-02,8.3,-0.6,16.7,19868,0.0,0.65,2.3
2016-04-03,11.9,3.0,19.8,15958,0.0,0.83,1.8
2016-04-04,14.1,7.1,21.2,9733,0.0,1.06,1.9
2016-04-05,15.9,6.4,23.3,16990,0.0,1.03,2.0
2016-04-06,11.6,7.5,15.4,13636,0.1,1.02,3.5
2016-04-07,9.8,1.5,14.0,10571,0.0,0.71,3.3
2016-04-08,7.9,0.6,14.8,18835,0.0,0.67,1.8
2016-04-09,7.8,0.1,12.9,14428,0.0,0.64,1.6
2016-04-10,7.8,5.9,10.7,7629,0.1,0.9,2.2
2016-04-11,9.6,6.3,13.7,7820,0.0,0.95,2.6
2016-04-12,9.3,4.6,12.5,7786,0.3,0.84,1.9
2016-04-13,11.3,3.0,18.8,13187,0.9,0.81,1.7
2016-04-14,8.5,2.0,12.2,9535,0.0,0.71,1.9
2016-04-15,7.9,0.2,15.0,12478,5.3,0.66,2.5
2016-04-16,10.2,6.1,14.8,11885,3.0,0.93,3.1
2016-04-17,8.8,5.0,12.5,12670,0.4,0.86,2.6
2016-04-18,8.2,2.1,13.1,18790,0.0,0.72,2.5
2016-04-19,10.1,6.7,14.2,13323,0.0,0.96,3.4
2016-04-20,8.5,1.8,13.7,13885,0.0,0.71,2.6
2016-04-21,8.6,-0.7,15.8,24420,0.0,0.63,1.9
2016-04-22,8.5,3.1,14.5,22434,0.0,0.77,2.3
2016-04-23,7.1,2.1,11.8,15347,0.0,0.71,2.6
2016-04-24,5.0,1.0,9.2,16273,0.1,0.66,2.7
2016-04-25,4.8,1.8,9.5,17679,2.0,0.69,3.2
2016-04-26,4.0,1.9,8.1,12402,4.3,0.69,3.4
2016-04-27,4.9,2.2,9.5,14400,2.0,0.7,3.8
2016-04-28,5.4,0.6,10.7,16649,0.6,0.64,2.6
2016-04-29,8.2,-0.1,16.1,23131,0.0,0.66,2.6
2016-04-30,12.0,3.4,18.8,21666,0.0,0.83,2.1
2016-05-01,11.8,3.3,18.2,24679,0.0,0.82,2.8
2016-05-02,11.9,4.9,18.9,24056,0.0,0.9,1.7
2016-05-03,12.6,3.0,20.3,17571,0.1,0.83,2.6
2016-05-04,10.6,8.4,14.1,10561,0.0,1.07,2.1
2016-05-05,13.7,6.4,20.2,25827,0.0,1.0,2.3
2016-05-06,15.9,5.4,23.4,26909,0.0,0.98,2.6
2016-05-07,17.5,7.1,24.9,26885,0.0,1.1,2.8
2016-05-08,18.0,7.4,25.0,26487,0.0,1.11,3.5
2016-05-09,18.5,9.8,25.4,27074,0.0,1.29,3.1
2016-05-10,17.9,10.0,24.6,27413,0.0,1.27,2.6
2016-05-11,18.4,8.7,26.0,26260,0.0,1.21,3.0
2016-05-12,18.6,12.6,25.0,24602,0.0,1.48,3.2
2016-05-13,15.8,6.3,22.8,25678,0.0,1.03,2.6
2016-05-14,10.7,5.6,16.0,20385,0.9,0.91,3.5
2016-05-15,8.7,5.8,13.5,18075,0.4,0.91,3.6
2016-05-16,9.9,6.6,14.5,15630,0.1,0.96,3.1
2016-05-17,9.8,7.2,12.6,10540,1.2,0.99,2.6
2016-05-18,14.0,8.0,20.4,15362,0.0,1.09,1.9
2016-05-19,16.3,10.9,22.3,15666,0.0,1.32,1.7
2016-05-20,16.9,8.3,23.1,16976,0.0,1.16,2.4
2016-05-21,18.1,12.0,24.2,18288,0.0,1.44,2.0
2016-05-22,21.4,12.0,29.7,24527,0.0,1.5,2.5
2016-05-23,21.4,12.1,28.4,25720,0.0,1.51,2.7
2016-05-24,18.3,12.2,23.9,25901,8.0,1.45,2.8
2016-05-25,14.7,12.9,16.7,10369,0.1,1.44,1.6
2016-05-26,14.9,13.3,16.7,10404,0.0,1.47,1.4
2016-05-27,16.5,10.7,22.5,16531,0.5,1.3,1.5
2016-05-28,18.2,9.4,25.1,22031,0.0,1.24,1.8
2016-05-29,21.5,13.6,28.2,22580,0.0,1.61,2.4
2016-05-30,20.7,15.1,28.9,20201,21.3,1.77,2.9
2016-05-31,19.2,15.0,25.1,12344,5.7,1.71,2.0
2016-06-01,19.3,16.3,23.1,15811,7.8,1.83,2.2
2016-06-02,20.4,13.1,25.4,24379,0.0,1.54,1.8
2016-06-03,21.1,15.0,26.7,26451,0.0,1.72,1.8
2016-06-04,20.9,13.6,28.2,26992,2.2,1.61,1.6
2016-06-05,21.8,13.9,28.6,28936,0.0,1.65,1.6
2016-06-06,18.5,10.6,25.3,29857,0.0,1.33,1.9
2016-06-07,18.0,8.1,26.7,30266,0.0,1.19,1.6
2016-06-08,20.0,11.5,27.2,29267,0.9,1.44,2.3
2016-06-09,17.7,10.4,22.8,16379,0.0,1.29,2.1
2016-06-10,16.3,9.0,22.4,24065,0.0,1.2,2.3
2016-06-11,16.0,7.7,22.8,29835,0.0,1.11,1.5
2016-06-12,15.8,9.9,21.3,11945,3.1,1.24,2.1
2016-06-13,13.9,12.3,15.6,10804,7.0,1.38,2.2
2016-06-14,17.2,13.7,22.1,16313,0.5,1.54,2.0
2016-06-15,15.7,12.3,19.0,12866,6.0,1.4,1.8
2016-06-16,18.2,10.4,23.1,22339,13.3,1.29,1.6
2016-06-17,15.7,14.2,19.2,13388,35.8,1.58,2.6
2016-06-18,17.3,11.7,21.3,22729,1.9,1.37,2.4
2016-06-19,17.3,10.8,22.5,20427,0.0,1.31,2.0
2016-06-20,17.3,9.7,23.2,23112,0.3,1.25,2.3
2016-06-21,17.9,14.7,23.8,15179,0.1,1.66,2.2
2016-06-22,21.0,14.0,27.8,23231,0.0,1.65,1.6
2016-06-23,25.0,15.4,32.6,31023,0.0,1.87,2.2
2016-06-24,27.1,18.7,35.4,29990,0.0,2.29,1.9
2016-06-25,24.7,18.4,33.7,23715,9.0,2.2,2.3
2016-06-26,19.0,12.8,23.6,21147,0.0,1.49,2.5
2016-06-27,18.0,11.2,24.5,19728,0.0,1.37,2.4
2016-06-28,17.8,11.6,22.9,19585,3.7,1.39,1.7
2016-06-29,18.3,12.4,25.3,20845,2.0,1.47,2.6
2016-06-30,20.0,11.6,25.6,19550,0.2,1.42,2.2
2016-07-01,22.0,14.5,28.7,23610,0.0,1.7,2.5
2016-07-02,18.6,12.1,27.9,18360,3.0,1.5,2.7
2016-07-03,15.9,10.0,22.6,24196,0.3,1.25,2.3
2016-07-04,16.6,9.1,23.8,24804,0.0,1.21,1.6
2016-07-05,18.5,11.2,25.3,18666,4.2,1.39,2.9
2016-07-06,16.0,12.7,20.2,17620,1.3,1.44,3.8
2016-07-07,16.6,10.7,22.0,26231,0.0,1.3,1.9
2016-07-08,19.5,12.4,26.5,15146,2.7,1.5,2.4
2016-07-09,17.6,15.0,22.1,12450,0.3,1.68,2.7
2016-07-10,23.6,16.8,30.7,23702,0.0,1.96,2.2
2016-07-11,24.7,17.7,29.9,18594,0.0,2.06,3.0
2016-07-12,21.1,14.8,26.2,15897,0.0,1.7,2.2
2016-07-13,18.1,11.8,24.2,17502,7.9,1.41,1.9
2016-07-14,15.0,13.9,16.6,10387,21.8,1.53,3.1
2016-07-15,15.9,12.3,19.6,11361,0.0,1.41,3.0
2016-07-16,18.4,9.5,25.3,24681,1.9,1.26,2.1
2016-07-17,19.8,16.4,23.0,13549,0.5,1.82,2.0
2016-07-18,18.0,16.0,20.6,10361,0.0,1.76,2.1
2016-07-19,19.4,15.3,24.3,13836,0.0,1.72,1.6
2016-07-20,21.7,15.1,27.3,26078,0.0,1.74,1.8
2016-07-21,22.2,14.7,30.0,22380,0.0,1.75,1.9
2016-07-22,22.0,14.8,29.2,27694,0.0,1.75,1.7
2016-07-23,20.4,13.0,27.6,24375,0.0,1.56,1.5
2016-07-24,21.1,15.1,28.0,19319,0.0,1.76,1.4
2016-07-25,23.1,14.1,31.4,24481,0.0,1.74,1.5
2016-07-26,23.1,15.8,29.4,19686,0.0,1.86,1.6
2016-07-27,20.0,14.0,27.1,15030,11.3,1.63,1.8
2016-07-28,20.8,17.4,25.4,17320,10.5,1.96,1.7
2016-07-29,20.8,16.7,26.3,19475,0.5,1.89,2.3
2016-07-30,20.7,14.6,25.5,16689,0.0,1.67,2.1
2016-07-31,19.2,13.0,26.4,13790,10.1,1.56,1.7
2016-08-01,17.5,12.6,22.3,19125,0.2,1.45,2.2
2016-08-02,15.9,10.9,18.7,12678,1.4,1.28,1.9
2016-08-03,18.5,13.3,22.5,9925,0.2,1.51,2.6
2016-08-04,20.7,17.2,25.8,14130,13.0,1.96,2.5
2016-08-05,17.1,14.8,20.2,9317,8.7,1.64,2.2
2016-08-06,17.3,13.1,22.8,16893,0.5,1.5,2.3
2016-08-07,18.1,10.6,24.4,23338,0.0,1.32,2.2
2016-08-08,21.3,13.3,29.1,20583,0.0,1.61,3.1
2016-08-09,17.4,12.5,21.2,14716,0.0,1.43,2.3
2016-08-10,13.8,9.3,18.0,13195,0.0,1.16,2.3
2016-08-11,13.7,7.9,19.3,17537,0.0,1.07,2.4
2016-08-12,16.7,12.6,20.2,10178,0.2,1.43,2.5
2016-08-13,21.6,17.6,27.2,19839,0.0,2.0,2.6
2016-08-14,18.2,13.3,22.6,13819,0.1,1.52,1.9
2016-08-15,15.8,9.0,22.2,17975,0.0,1.19,1.8
2016-08-16,14.4,7.8,22.4,13056,4.0,1.11,1.7
2016-08-17,14.4,6.9,22.0,20223,0.0,1.06,1.5
2016-08-18,15.1,8.7,21.3,9616,0.1,1.15,1.6
2016-08-19,18.3,9.7,26.4,21033,0.2,1.3,1.4
2016-08-20,20.1,13.9,26.9,10849,6.4,1.64,2.0
2016-08-21,17.8,13.9,24.8,13874,2.8,1.6,2.6
2016-08-22,18.1,11.7,24.3,18017,0.0,1.41,2.3
2016-08-23,19.5,14.4,24.0,12762,0.0,1.64,1.6
2016-08-24,20.6,14.5,26.7,21188,0.0,1.68,1.9
2016-08-25,21.4,12.8,28.2,22973,0.0,1.56,2.2
2016-08-26,23.6,15.7,32.4,22600,0.0,1.89,1.9
2016-08-27,23.2,13.8,32.1,22114,0.0,1.72,1.7
2016-08-28,24.2,14.6,34.0,19067,4.1,1.82,2.4
2016-08-29,19.9,14.5,24.3,12056,0.0,1.64,2.7
2016-08-30,16.2,10.0,23.1,18793,0.0,1.26,1.9
2016-08-31,18.0,8.8,26.2,21615,0.0,1.22,1.6
2016-09-01,18.8,10.0,26.9,19058,0.0,1.31,1.8
2016-09-02,18.6,13.1,25.2,19671,0.0,1.53,1.6
2016-09-03,20.0,14.1,26.5,17255,0.1,1.65,1.9
2016-09-04,17.4,13.3,23.0,8966,11.2,1.52,2.7
2016-09-05,16.7,13.9,21.0,8555,0.9,1.57,2.6
2016-09-06,15.9,10.5,22.3,18951,0.0,1.29,1.5
2016-09-07,18.0,8.8,26.2,19846,0.0,1.22,1.8
2016-09-08,21.3,13.0,29.9,19473,0.0,1.6,1.9
2016-09-09,20.6,14.4,28.0,17542,0.0,1.68,1.6
2016-09-10,18.9,12.7,26.5,14498,0.0,1.53,1.3
2016-09-11,22.1,14.3,30.6,16515,0.0,1.72,1.4
2016-09-12,22.6,15.9,31.7,17178,0.0,1.91,1.5
2016-09-13,22.9,14.8,31.1,16817,0.0,1.8,1.8
2016-09-14,22.2,16.7,28.7,17964,0.0,1.93,2.2
2016-09-15,19.5,12.7,26.4,17995,0.0,1.52,2.5
2016-09-16,20.2,12.1,28.4,15848,0.0,1.51,1.8
2016-09-17,19.1,15.3,24.1,7550,0.7,1.73,2.6
2016-09-18,15.7,12.8,21.6,11836,0.2,1.46,2.7
2016-09-19,14.9,8.6,20.3,15087,0.0,1.14,1.9
2016-09-20,14.3,8.0,19.7,9568,0.0,1.09,1.3
2016-09-21,14.5,5.8,20.1,10595,0.0,0.97,1.4
2016-09-22,11.6,3.4,20.6,15277,0.0,0.85,1.2
2016-09-23,13.9,5.1,22.6,11378,0.0,0.96,1.5
2016-09-24,14.0,7.3,20.6,12636,0.0,1.05,1.5
2016-09-25,14.2,5.9,22.2,14879,0.0,0.99,1.8
2016-09-26,13.6,6.5,22.6,14987,0.0,1.04,1.4
2016-09-27,13.1,5.5,21.8,15000,0.0,0.97,1.3
2016-09-28,16.5,9.4,21.0,5184,0.0,1.19,3.2
2016-09-29,20.8,16.5,25.4,9883,0.0,1.87,3.6
2016-09-30,15.9,8.2,20.0,7129,0.0,1.11,2.4
2016-10-01,12.1,7.2,15.7,4946,3.2,1.01,1.8
2016-10-02,14.1,8.8,19.8,9167,0.0,1.15,2.3
2016-10-03,11.4,4.1,17.1,10750,10.6,0.84,2.4
2016-10-04,12.2,6.7,16.3,11793,0.0,0.98,3.0
2016-10-05,9.7,6.9,12.7,6304,1.4,0.97,3.2
2016-10-06,10.2,8.5,11.4,4559,2.8,1.07,3.1
2016-10-07,9.7,8.1,11.7,4728,0.3,1.04,2.2
2016-10-08,9.7,7.9,11.8,4569,0.3,1.03,2.0
2016-10-09,8.3,3.1,10.9,4813,0.9,0.75,1.6
2016-10-10,8.2,5.5,12.0,7189,1.6,0.89,1.2
2016-10-11,7.7,6.1,9.7,4186,3.8,0.91,2.0
2016-10-12,7.4,6.5,8.3,4113,2.9,0.93,2.4
2016-10-13,7.1,5.7,7.9,4042,0.4,0.88,3.2
2016-10-14,7.4,2.5,12.4,8670,0.0,0.74,3.4
2016-10-15,8.3,5.8,11.4,3975,4.3,0.9,2.3
2016-10-16,8.0,6.6,9.5,3831,0.0,0.94,1.7
2016-10-17,7.5,6.5,8.5,3762,0.0,0.94,1.9
2016-10-18,8.3,6.6,10.3,3694,0.3,0.95,1.9
2016-10-19,9.3,5.6,11.9,4271,2.6,0.89,2.5
2016-10-20,7.5,5.1,8.7,3561,2.5,0.85,2.1
2016-10-21,7.5,6.2,8.9,3496,1.7,0.91,1.9
2016-10-22,7.2,4.3,10.0,4122,0.5,0.81,1.5
2016-10-23,7.4,4.8,10.6,5075,0.0,0.83,1.5
2016-10-24,8.1,5.5,10.0,3306,4.7,0.87,1.7
2016-10-25,8.7,4.9,10.7,3244,1.3,0.84,1.5
2016-10-26,7.3,5.6,9.8,3447,0.0,0.88,1.2
2016-10-27,8.1,2.9,10.8,3319,0.3,0.75,2.0
2016-10-28,11.2,8.3,13.4,3065,0.0,1.07,2.7
2016-10-29,9.0,6.7,11.9,4404,0.0,0.95,2.5
2016-10-30,7.5,2.4,12.2,6650,0.0,0.73,1.7
2016-10-31,7.1,0.2,11.6,3763,0.8,0.64,1.5
2016-11-01,10.1,7.1,11.5,2902,5.1,0.98,2.1
2016-11-02,6.1,3.0,8.5,2788,2.8,0.74,3.3
2016-11-03,2.7,-1.0,7.1,7211,0.2,0.56,1.8
2016-11-04,4.6,1.1,8.1,2684,0.3,0.65,2.2
2016-11-05,6.1,3.0,9.1,2634,6.0,0.74,2.1
2016-11-06,5.2,2.8,7.4,2642,0.3,0.73,2.2
2016-11-07,4.1,1.3,6.9,2651,0.1,0.65,2.2
2016-11-08,2.5,-0.2,5.8,2490,2.0,0.59,2.1
2016-11-09,1.0,-2.2,4.1,4052,0.0,0.51,2.1
2016-11-10,-0.2,-2.1,1.5,2400,0.0,0.51,2.3
2016-11-11,0.9,-1.7,3.1,2951,0.0,0.52,2.2
2016-11-12,-2.7,-6.2,-0.6,2742,0.0,0.37,1.6
2016-11-13,-2.7,-7.2,2.8,6501,0.0,0.36,2.0
2016-11-14,-1.2,-6.8,5.0,6412,0.0,0.38,2.1
2016-11-15,2.5,0.8,6.1,2193,3.8,0.63,3.0
2016-11-16,7.4,5.9,9.3,2155,1.1,0.89,2.9
2016-11-17,9.2,8.4,10.6,2220,1.3,1.06,3.6
2016-11-18,10.2,5.9,15.1,2433,4.6,0.93,4.1
2016-11-19,6.7,3.3,8.9,2049,2.9,0.76,2.8
2016-11-20,6.3,1.8,10.2,3969,0.0,0.69,3.8
2016-11-21,8.9,6.6,12.6,4013,0.0,0.95,2.5
2016-11-22,8.5,6.2,11.7,2144,0.0,0.92,1.9
2016-11-23,5.5,2.4,10.9,3438,0.1,0.72,1.3
2016-11-24,4.7,-0.7,7.9,3488,0.0,0.58,2.4
2016-11-25,2.0,-0.7,4.5,1866,0.0,0.56,2.3
2016-11-26,0.7,0.0,2.2,1840,0.2,0.58,1.8
2016-11-27,4.0,0.7,7.1,3637,0.0,0.63,2.5
2016-11-28,0.3,-2.9,3.6,4139,0.0,0.48,2.4
2016-11-29,-1.2,-3.7,2.9,4857,0.0,0.46,2.1
2016-11-30,1.1,-3.0,5.1,1745,1.5,0.49,3.0
2016-12-01,6.7,4.7,8.1,1724,2.7,0.82,4.2
2016-12-02,4.2,-0.3,7.9,4373,0.0,0.59,2.9
2016-12-03,-0.2,-2.4,2.6,4378,0.0,0.5,1.4
2016-12-04,-0.7,-3.0,1.6,2402,0.0,0.48,1.5
2016-12-05,-2.6,-4.4,-0.4,2938,0.1,0.42,1.5
2016-12-06,0.4,-1.9,1.6,1637,0.2,0.51,1.5
2016-12-07,1.6,-0.3,4.5,2131,0.4,0.58,2.3
2016-12-08,7.4,4.3,10.9,3505,0.4,0.81,3.0
2016-12-09,7.7,5.2,9.7,1598,0.1,0.86,2.8
2016-12-10,9.4,8.2,10.8,1588,5.9,1.05,2.8
2016-12-11,7.5,6.5,8.7,1578,10.7,0.93,3.7
2016-12-12,2.6,-3.8,7.1,3018,0.0,0.47,2.3
2016-12-13,-0.4,-3.9,2.8,1562,1.8,0.45,1.6
2016-12-14,2.7,-1.6,5.2,1967,0.0,0.54,1.4
2016-12-15,2.3,0.1,3.8,1550,0.0,0.6,2.4
2016-12-16,1.1,-2.9,3.4,3596,0.0,0.48,2.2
2016-12-17,-1.1,-3.7,0.4,1543,0.7,0.45,1.6
2016-12-18,2.9,0.2,4.2,1541,2.1,0.6,1.7
2016-12-19,2.7,-1.4,4.6,1540,0.0,0.54,1.8
2016-12-20,-0.5,-3.2,0.2,1540,0.0,0.46,2.4
2016-12-21,-0.1,-1.9,1.6,3792,0.0,0.51,2.4
2016-12-22,0.8,-2.0,2.9,2240,1.2,0.51,2.3
2016-12-23,3.0,1.1,4.2,1547,0.4,0.64,2.7
2016-12-24,4.5,0.8,6.6,1551,3.6,0.63,4.3
2016-12-25,7.3,3.9,10.0,1557,3.4,0.78,4.7
2016-12-26,8.6,4.8,11.2,1564,1.9,0.84,4.8
2016-12-27,6.0,4.2,8.2,2318,0.4,0.79,4.7
2016-12-28,4.0,-0.5,7.3,3079,0.2,0.58,2.5
2016-12-29,2.7,-1.1,5.4,1591,0.0,0.56,1.7
2016-12-30,0.1,-2.8,3.3,3954,0.0,0.48,1.8
2016-12-31,0.7,-1.7,3.2,4358,0.0,0.52,2.2
2017-01-01,2.2,0.1,3.9,2374,0.3,0.6,2.5
2017-01-02,0.5,-1.6,2.6,1712,0.8,0.52,2.6
2017-01-03,2.3,0.0,4.4,1642,8.3,0.59,4.2
2017-01-04,2.6,-0.5,4.9,1915,3.7,0.57,5.5
2017-01-05,-3.2,-6.7,-0.3,3534,0.1,0.36,3.1
2017-01-06,-5.7,-8.5,-3.0,4349,0.1,0.31,1.6
2017-01-07,-6.0,-9.0,-3.9,1711,4.1,0.3,2.5
2017-01-08,-3.5,-4.0,-3.0,1731,0.0,0.43,1.5
2017-01-09,-2.2,-3.6,-1.0,1752,0.0,0.45,1.8
2017-01-10,-2.4,-7.5,0.4,4922,0.0,0.35,2.6
2017-01-11,-3.8,-8.9,3.4,2750,3.5,0.32,4.2
2017-01-12,3.4,1.4,4.5,1822,1.8,0.65,4.2
2017-01-13,1.7,-0.1,3.1,1848,3.0,0.58,4.7
2017-01-14,0.0,-2.0,1.6,1875,1.9,0.51,3.8
2017-01-15,0.5,-0.6,1.3,1903,2.4,0.56,2.8
2017-01-16,-1.7,-5.9,-0.4,4598,0.0,0.38,1.7
2017-01-17,-3.6,-11.5,-0.2,2107,0.0,0.26,1.9
2017-01-18,-4.5,-8.7,-2.6,1994,0.0,0.31,2.3
2017-01-19,-3.1,-4.3,-1.1,2223,0.0,0.43,1.9
2017-01-20,0.0,-1.8,1.9,2061,0.1,0.52,1.5
2017-01-21,1.4,0.8,2.4,2096,0.0,0.62,1.3
2017-01-22,-0.4,-2.9,1.5,2132,0.0,0.48,1.3
2017-01-23,-4.0,-7.1,-1.9,2529,0.1,0.35,1.4
2017-01-24,-0.7,-2.0,0.3,2208,0.2,0.51,1.5
2017-01-25,0.5,0.1,1.1,2247,0.0,0.59,1.9
2017-01-26,0.0,-3.4,2.2,3512,0.0,0.46,2.5
2017-01-27,-2.4,-6.3,2.8,6585,0.0,0.38,2.1
2017-01-28,-4.0,-8.0,0.2,6680,0.0,0.33,1.9
2017-01-29,-0.1,-5.3,6.3,6556,0.0,0.42,2.1
2017-01-30,0.2,-1.9,2.7,2630,7.3,0.52,2.7
2017-01-31,-0.2,-0.8,0.4,2509,0.0,0.55,2.0
2017-02-01,-0.5,-5.0,0.8,2557,0.0,0.41,2.1
2017-02-02,-2.3,-6.6,0.5,5620,0.0,0.37,2.3
2017-02-03,1.1,-0.8,2.9,2655,2.9,0.56,2.0
2017-02-04,1.7,0.9,2.9,2706,0.1,0.62,2.3
2017-02-05,1.1,-0.2,2.1,2759,0.5,0.58,2.0
2017-02-06,-1.2,-3.0,0.3,2812,0.0,0.47,2.0
2017-02-07,-1.4,-3.0,-0.4,2866,0.0,0.47,2.4
2017-02-08,-4.2,-5.4,-2.6,2921,0.0,0.39,2.7
2017-02-09,-4.3,-5.6,-1.9,5571,0.0,0.39,2.8
2017-02-10,-3.2,-6.1,0.6,6109,0.0,0.38,2.8
2017-02-11,-2.8,-4.5,-1.1,3418,0.0,0.42,2.8
2017-02-12,-2.9,-6.1,-1.3,3153,0.0,0.38,3.2
2017-02-13,-4.3,-8.0,0.6,8796,0.0,0.34,3.0
2017-02-14,-3.8,-7.9,2.6,7447,0.0,0.34,2.0
2017-02-15,1.7,-5.4,12.1,9331,0.0,0.46,1.3
2017-02-16,4.2,-3.5,11.8,9261,0.2,0.51,1.9
2017-02-17,4.9,3.5,6.2,3466,0.8,0.75,2.4
2017-02-18,3.6,2.4,4.6,3531,0.1,0.7,1.8
2017-02-19,4.3,1.3,7.1,5384,0.1,0.66,2.5
2017-02-20,7.0,4.5,10.2,3665,2.4,0.82,4.1
2017-02-21,7.5,3.5,10.1,5269,3.8,0.77,4.2
2017-02-22,7.2,2.3,10.7,3876,3.2,0.71,5.5
2017-02-23,7.0,4.9,8.9,3946,7.9,0.84,5.2
2017-02-24,3.4,0.4,8.1,6063,0.6,0.62,4.5
2017-02-25,3.8,0.2,6.7,6235,1.1,0.61,2.8
2017-02-26,8.2,5.1,10.6,4163,0.4,0.85,3.5
2017-02-27,9.2,6.3,13.1,6979,0.0,0.94,3.4
2017-02-28,8.6,5.1,10.9,5262,0.0,0.85,4.2
2017-03-01,4.7,1.7,7.9,5668,0.9,0.68,4.0
2017-03-02,5.2,2.0,8.0,4544,4.9,0.68,4.7
2017-03-03,6.7,1.9,11.8,11084,0.0,0.71,2.6
2017-03-04,9.4,3.4,17.6,9164,0.0,0.82,2.5
2017-03-05,9.2,5.1,12.5,5948,0.0,0.86,3.3
2017-03-06,6.0,1.5,9.9,5195,3.5,0.67,2.8
2017-03-07,3.1,1.7,5.2,4766,0.1,0.67,2.4
2017-03-08,5.8,2.7,10.0,5965,3.6,0.73,2.9
2017-03-09,6.8,4.8,11.1,6838,2.7,0.84,3.0
2017-03-10,5.9,2.7,9.0,5355,0.3,0.73,3.0
2017-03-11,4.9,-0.5,9.0,5527,0.0,0.59,1.7
2017-03-12,0.3,-1.6,3.3,5164,0.0,0.53,2.6
2017-03-13,3.7,-2.3,9.4,8951,0.0,0.53,1.7
2017-03-14,5.4,-0.8,10.5,6786,0.0,0.59,2.3
2017-03-15,10.1,5.5,13.1,13969,0.0,0.89,2.7
2017-03-16,7.3,2.4,12.3,9112,0.0,0.73,1.9
2017-03-17,7.2,3.3,11.6,6790,2.2,0.77,3.6
2017-03-18,6.1,3.0,12.5,8773,3.3,0.76,5.2
2017-03-19,3.9,0.3,10.5,7834,11.8,0.63,3.7
2017-03-20,11.2,9.8,13.6,5916,0.8,1.18,3.8
2017-03-21,10.0,5.9,13.1,6581,2.4,0.91,3.2
2017-03-22,6.9,1.7,11.6,14486,0.0,0.7,2.1
2017-03-23,6.7,5.6,8.5,6069,1.1,0.88,2.4
2017-03-24,6.9,0.1,13.7,18560,0.0,0.64,2.4
2017-03-25,6.1,-0.2,13.1,14437,0.0,0.63,2.6
2017-03-26,6.3,-1.0,14.2,18412,0.0,0.61,1.8
2017-03-27,8.8,-0.2,17.6,19296,0.0,0.67,1.7
2017-03-28,12.5,1.3,21.5,19473,0.0,0.76,1.8
2017-03-29,11.1,4.8,15.2,7495,0.5,0.87,2.9
2017-03-30,12.5,9.4,17.0,8207,0.1,1.17,1.9
2017-03-31,15.2,7.2,22.3,18325,0.0,1.08,2.2
2017-04-01,16.1,6.5,24.9,18696,0.0,1.07,1.7
2017-04-02,13.1,7.0,19.2,16211,0.0,1.03,2.1
2017-04-03,8.9,4.6,12.2,7088,0.0,0.84,1.9
2017-04-04,8.3,6.1,10.4,7064,0.0,0.91,1.5
2017-04-05,10.2,6.6,15.2,8763,0.3,0.97,2.7
2017-04-06,9.3,4.9,14.4,14929,0.3,0.86,3.5
2017-04-07,8.8,6.2,11.1,7308,0.6,0.92,3.4
2017-04-08,10.7,8.3,14.2,8047,0.0,1.07,1.8
2017-04-09,12.1,5.7,18.7,16408,0.0,0.95,1.3
2017-04-10,11.9,5.1,22.3,20198,0.0,0.95,3.5
2017-04-11,7.7,5.2,11.0,10975,1.3,0.87,3.1
2017-04-12,8.9,6.3,12.9,7708,4.8,0.94,3.7
2017-04-13,9.0,5.5,12.9,13759,0.5,0.88,3.7
2017-04-14,9.1,4.7,14.0,13074,0.0,0.86,2.6
2017-04-15,8.2,5.4,11.5,9080,2.1,0.88,3.7
2017-04-16,5.8,2.4,9.0,9962,1.7,0.71,3.0
2017-04-17,5.3,2.1,9.5,14183,1.8,0.7,2.6
2017-04-18,4.3,1.2,8.6,11285,0.2,0.66,3.0
2017-04-19,2.8,-1.1,7.5,16009,0.0,0.56,2.7
2017-04-20,4.1,-2.1,9.8,17629,0.0,0.54,1.9
2017-04-21,9.9,4.4,15.4,10496,0.4,0.85,3.3
2017-04-22,7.1,4.6,10.9,15153,0.4,0.83,3.9
2017-04-23,5.8,3.0,10.5,14779,3.1,0.75,3.3
2017-04-24,8.5,0.9,14.3,17829,0.0,0.68,2.7
2017-04-25,7.6,0.2,11.8,12120,0.6,0.63,2.7
2017-04-26,5.9,-0.9,12.2,15536,0.0,0.6,1.6
2017-04-27,5.8,-1.3,12.4,13597,0.0,0.58,1.7
2017-04-28,7.0,0.3,12.6,14160,0.0,0.65,1.9
2017-04-29,6.4,-0.2,11.3,14845,0.3,0.61,1.9
2017-04-30,6.8,-1.6,13.7,25182,0.0,0.58,3.4
2017-05-01,11.0,2.8,17.1,15376,0.0,0.78,3.5
2017-05-02,9.9,7.9,12.2,9393,2.2,1.03,3.2
2017-05-03,11.2,6.4,15.1,11160,1.5,0.95,2.7
2017-05-04,9.3,7.2,11.0,9276,16.2,0.98,2.9
2017-05-05,11.4,8.2,14.1,9460,0.1,1.07,2.0
2017-05-06,12.3,9.3,16.0,11605,0.8,1.15,2.1
2017-05-07,11.9,6.2,17.6,16954,0.0,0.96,2.2
2017-05-08,7.1,1.1,10.2,10378,1.2,0.66,2.8
2017-05-09,5.5,0.4,10.5,14512,1.4,0.64,1.9
2017-05-10,7.5,3.3,12.7,12599,0.2,0.77,1.9
2017-05-11,11.3,2.2,18.9,25678,0.0,0.78,2.2
2017-05-12,14.7,6.0,23.6,24769,7.2,1.02,2.2
2017-05-13,15.5,10.9,20.7,10663,2.2,1.31,1.7
2017-05-14,15.9,8.6,23.1,15579,0.5,1.16,1.7
2017-05-15,15.6,9.0,21.1,23133,0.0,1.17,1.7
2017-05-16,15.2,7.8,20.1,15448,0.0,1.09,1.5
2017-05-17,19.6,14.3,24.6,26280,0.0,1.63,2.1
2017-05-18,21.1,13.3,28.1,28736,0.0,1.6,2.2
2017-05-19,22.5,12.7,29.3,28557,0.0,1.58,2.6
2017-05-20,15.5,9.1,19.9,11890,0.0,1.17,2.4
2017-05-21,15.2,7.7,21.4,28316,0.0,1.1,1.7
2017-05-22,15.6,6.1,22.5,27624,0.0,1.01,1.6
2017-05-23,17.7,7.6,25.7,25158,3.1,1.15,2.4
2017-05-24,13.0,9.4,16.5,11938,0.0,1.16,3.0
2017-05-25,13.8,7.6,18.3,20078,0.0,1.05,2.3
2017-05-26,15.9,6.6,23.0,24939,0.0,1.04,2.0
2017-05-27,19.1,8.9,26.1,30188,0.0,1.22,2.1
2017-05-28,22.9,10.8,31.1,27954,0.0,1.45,2.0
2017-05-29,23.3,15.2,30.1,27493,0.3,1.8,1.7
2017-05-30,20.9,16.1,30.2,20164,19.6,1.9,2.4
2017-05-31,18.7,11.0,23.3,25036,0.0,1.34,3.0
2017-06-01,15.0,8.4,21.5,30293,0.0,1.14,1.9
2017-06-02,17.2,6.5,24.5,30460,0.0,1.05,1.4
2017-06-03,17.6,9.0,23.5,19791,0.4,1.19,1.8
2017-06-04,16.1,9.1,18.6,13189,7.0,1.15,2.6
2017-06-05,15.9,8.4,21.8,19465,4.6,1.13,1.7
2017-06-06,18.1,12.9,25.1,15023,4.8,1.52,3.1
2017-06-07,15.0,11.6,19.0,22196,1.1,1.34,4.3
2017-06-08,16.4,11.0,20.3,19408,0.0,1.31,2.5
2017-06-09,20.6,11.8,28.7,27222,3.9,1.49,2.5
2017-06-10,18.2,13.6,23.4,24303,0.0,1.55,1.8
2017-06-11,21.7,12.8,28.3,23682,0.9,1.57,2.0
2017-06-12,20.1,15.7,23.6,16920,0.0,1.76,3.6
2017-06-13,16.9,13.1,20.3,15142,0.0,1.48,2.9
2017-06-14,16.4,10.7,22.6,27432,0.0,1.31,1.8
2017-06-15,19.8,9.1,27.0,26803,0.1,1.25,1.9
2017-06-16,16.9,12.8,21.9,16448,3.6,1.48,3.7
2017-06-17,16.0,10.4,20.4,14023,0.0,1.26,3.0
2017-06-18,19.5,8.9,26.8,31043,0.0,1.24,1.7
2017-06-19,23.1,13.0,30.4,28742,0.0,1.61,1.4
2017-06-20,22.7,13.8,30.1,25928,0.0,1.67,2.2
2017-06-21,18.3,10.0,24.9,29635,0.0,1.29,1.7
2017-06-22,19.4,11.2,28.2,18632,26.1,1.42,2.4
2017-06-23,19.3,17.1,22.0,11850,0.4,1.91,3.6
2017-06-24,19.7,17.0,23.2,11589,0.4,1.89,3.1
2017-06-25,18.4,15.6,22.9,14395,2.8,1.73,3.0
2017-06-26,16.9,12.2,21.7,20137,4.1,1.43,2.6
2017-06-27,16.7,9.0,22.8,26769,0.0,1.2,1.8
2017-06-28,19.6,12.1,26.8,20622,0.2,1.48,2.5
2017-06-29,18.7,15.3,22.4,10776,29.7,1.71,2.7
2017-06-30,16.2,14.0,20.4,11145,8.4,1.56,3.4
2017-07-01,16.1,13.5,20.4,12406,1.7,1.52,3.2
2017-07-02,16.0,12.5,20.4,13791,0.6,1.42,3.1
2017-07-03,16.9,10.6,22.4,25752,0.0,1.3,2.7
2017-07-04,16.8,12.1,21.3,23814,0.2,1.4,2.3
2017-07-05,15.7,11.2,20.6,16401,0.9,1.33,1.6
2017-07-06,18.5,10.2,24.7,22356,0.0,1.31,1.4
2017-07-07,18.9,14.0,27.2,15713,5.1,1.64,2.1
2017-07-08,20.4,16.5,24.8,17209,0.2,1.85,2.3
2017-07-09,19.3,13.1,25.2,24542,0.0,1.53,1.6
2017-07-10,18.8,14.3,22.9,15876,13.7,1.61,2.0
2017-07-11,18.7,14.6,24.7,19012,0.0,1.67,2.5
2017-07-12,18.1,13.4,23.2,16060,3.6,1.53,2.9
2017-07-13,15.3,12.1,20.0,15770,0.0,1.39,2.4
2017-07-14,16.3,11.4,21.6,19525,0.0,1.36,1.7
2017-07-15,17.3,10.8,23.8,22260,0.0,1.34,1.9
2017-07-16,18.5,11.9,23.2,16029,0.9,1.42,2.0
2017-07-17,18.6,11.5,23.8,22413,0.0,1.38,1.8
2017-07-18,18.4,9.9,25.2,27899,0.0,1.28,1.7
2017-07-19,21.1,13.3,28.2,27083,1.9,1.61,2.3
2017-07-20,23.4,18.1,30.6,20491,0.1,2.1,2.3
2017-07-21,22.5,17.8,27.5,23821,0.0,2.03,1.8
2017-07-22,20.1,15.7,28.1,18999,39.3,1.82,2.0
2017-07-23,19.4,15.1,25.6,15566,6.4,1.72,2.5
2017-07-24,19.4,13.6,24.7,18507,15.9,1.56,1.9
2017-07-25,16.0,14.5,17.3,9971,16.8,1.6,3.1
2017-07-26,16.6,15.2,18.6,9922,9.8,1.66,3.0
2017-07-27,18.8,14.8,24.3,14842,0.3,1.68,2.3
2017-07-28,18.7,13.0,23.5,21725,0.4,1.52,2.6
2017-07-29,20.3,13.1,26.7,16330,0.0,1.55,2.5
2017-07-30,25.3,16.1,32.9,25280,0.0,1.95,2.7
2017-07-31,23.5,17.8,29.4,19524,0.5,2.06,1.9
2017-08-01,23.6,18.2,31.0,17603,2.1,2.14,1.8
2017-08-02,22.3,18.3,27.1,19616,0.1,2.08,1.7
2017-08-03,22.2,17.0,27.9,13536,4.7,1.94,2.6
2017-08-04,21.1,16.5,26.0,19820,0.0,1.86,3.1
2017-08-05,19.0,14.8,24.6,17907,0.3,1.67,2.4
2017-08-06,17.5,10.7,22.5,23538,0.0,1.3,2.1
2017-08-07,17.9,9.3,24.4,23803,0.0,1.23,1.8
2017-08-08,20.5,12.6,26.6,23338,2.2,1.51,2.4
2017-08-09,21.8,17.7,26.9,20101,11.9,2.01,2.2
2017-08-10,20.6,15.6,26.0,19283,5.2,1.77,1.9
2017-08-11,18.2,15.2,22.4,10199,4.0,1.69,2.1
2017-08-12,15.8,14.1,18.8,11085,0.3,1.57,2.9
2017-08-13,18.2,14.6,23.1,15775,0.0,1.64,1.9
2017-08-14,18.9,13.7,24.3,22569,0.0,1.57,1.8
2017-08-15,21.4,13.4,27.8,23045,0.0,1.61,2.1
2017-08-16,19.6,15.1,22.9,11845,4.3,1.69,1.5
2017-08-17,20.5,13.2,26.2,17284,0.6,1.55,1.9
2017-08-18,21.7,16.8,27.0,14606,19.4,1.92,2.2
2017-08-19,17.4,11.8,21.2,15910,0.0,1.39,2.7
2017-08-20,15.6,11.2,21.2,15460,0.9,1.33,2.5
2017-08-21,15.1,12.2,19.1,11196,2.5,1.4,2.2
2017-08-22,14.4,9.2,18.4,14334,0.0,1.16,1.7
2017-08-23,15.0,7.8,22.2,20998,0.0,1.1,1.4
2017-08-24,17.0,7.7,24.6,16757,0.0,1.14,2.1
2017-08-25,17.8,12.4,23.2,16188,0.0,1.46,1.6
2017-08-26,17.8,10.4,23.6,11776,2.8,1.29,1.5
2017-08-27,18.7,11.8,23.4,14495,0.0,1.41,1.9
2017-08-28,16.5,9.5,23.4,18754,0.0,1.24,1.3
2017-08-29,18.6,10.5,26.5,21854,0.0,1.35,1.7
2017-08-30,22.1,14.0,30.2,19596,1.5,1.71,2.1
2017-08-31,21.2,15.0,28.0,13168,2.4,1.76,2.6
2017-09-01,15.3,13.3,17.4,8341,0.1,1.48,1.5
2017-09-02,14.1,9.0,19.8,9348,1.2,1.16,1.4
2017-09-03,12.7,7.6,18.6,10016,3.0,1.05,1.3
2017-09-04,14.1,7.8,21.0,19304,0.0,1.1,1.6
2017-09-05,15.7,9.8,22.9,18831,0.0,1.24,1.7
2017-09-06,16.1,12.5,22.0,7915,4.1,1.45,3.1
2017-09-07,14.6,12.4,17.8,11854,0.0,1.41,2.9
2017-09-08,15.0,10.6,18.3,6900,0.1,1.27,3.2
2017-09-09,16.2,13.7,21.0,7655,0.1,1.54,2.6
2017-09-10,15.9,11.9,20.7,11620,0.0,1.38,2.3
2017-09-11,15.9,10.3,22.0,13672,0.0,1.27,3.5
2017-09-12,14.4,10.5,18.9,13030,0.2,1.26,3.3
2017-09-13,14.2,9.3,20.3,11987,3.3,1.19,5.0
2017-09-14,13.3,10.3,16.0,8834,2.5,1.23,4.4
2017-09-15,13.2,8.2,18.4,12346,0.0,1.09,2.7
2017-09-16,11.4,4.7,17.2,13812,0.0,0.87,1.5
2017-09-17,11.2,4.5,19.1,13377,0.0,0.89,1.2
2017-09-18,11.0,4.6,19.2,15103,0.0,0.89,1.6
2017-09-19,11.1,3.8,18.4,14366,0.0,0.85,1.6
2017-09-20,11.6,4.0,18.1,10356,0.0,0.85,2.0
2017-09-21,13.4,8.9,18.0,6120,0.0,1.14,1.3
2017-09-22,11.5,5.3,18.7,13160,0.0,0.93,1.1
2017-09-23,10.9,3.9,16.1,5669,14.0,0.83,1.2
2017-09-24,15.2,13.3,18.5,6615,0.1,1.48,1.4
2017-09-25,13.9,12.0,15.7,5506,0.1,1.35,1.7
2017-09-26,14.1,11.8,16.9,5425,1.3,1.34,1.9
2017-09-27,14.9,12.5,18.7,7528,0.0,1.42,1.7
2017-09-28,14.6,11.5,18.7,7518,0.0,1.34,1.7
2017-09-29,14.5,9.1,20.2,13045,0.0,1.16,1.8
2017-09-30,13.3,6.8,19.7,13777,0.0,1.02,2.2
2017-10-01,12.3,8.4,16.2,7216,0.0,1.09,1.9
2017-10-02,13.1,9.4,17.4,6422,5.7,1.17,3.2
2017-10-03,12.9,10.1,16.6,7705,0.5,1.2,3.1
2017-10-04,12.0,9.9,13.8,4789,3.3,1.18,3.6
2017-10-05,11.1,8.6,14.6,4796,8.5,1.08,4.8
2017-10-06,10.4,8.4,12.4,5720,1.6,1.07,3.8
2017-10-07,10.6,8.3,13.4,5054,6.8,1.07,3.8
2017-10-08,10.5,5.0,14.3,9225,0.0,0.88,3.0
2017-10-09,8.3,3.1,13.9,11042,0.0,0.78,2.0
2017-10-10,11.2,8.2,13.6,4333,0.1,1.06,2.7
2017-10-11,14.8,13.1,16.9,4655,0.2,1.46,3.1
2017-10-12,14.0,10.8,16.9,7163,0.0,1.27,3.9
2017-10-13,12.1,9.4,16.2,7911,0.0,1.16,2.2
2017-10-14,15.1,10.9,18.1,4272,0.0,1.28,2.1
2017-10-15,15.1,9.5,21.2,10943,0.0,1.2,1.7
2017-10-16,15.5,9.2,22.6,10945,0.0,1.21,1.8
2017-10-17,15.5,9.5,22.6,10351,0.0,1.22,1.8
2017-10-18,11.8,7.9,17.1,6765,0.0,1.06,1.2
2017-10-19,10.7,7.2,16.1,6229,0.0,1.01,1.7
2017-10-20,12.7,6.1,18.0,6919,2.0,0.96,2.3
2017-10-21,11.3,9.4,13.1,3561,5.4,1.14,2.2
2017-10-22,11.8,9.6,14.4,4474,0.2,1.16,3.2
2017-10-23,10.7,9.3,12.4,5158,1.0,1.14,2.7
2017-10-24,10.3,6.3,13.1,3368,11.3,0.94,2.4
2017-10-25,14.6,11.7,18.1,3845,0.5,1.35,3.0
2017-10-26,12.7,10.5,14.6,3644,0.0,1.23,2.3
2017-10-27,10.7,8.2,12.7,3842,1.4,1.05,3.6
2017-10-28,10.0,8.8,11.5,3124,10.5,1.1,5.0
2017-10-29,8.0,5.1,12.1,3386,2.2,0.86,6.2
2017-10-30,5.8,3.8,9.1,6815,0.2,0.78,3.1
2017-10-31,6.8,3.8,9.3,3202,0.3,0.78,2.3
2017-11-01,9.8,8.1,11.4,2896,14.5,1.04,2.7
2017-11-02,10.0,8.4,11.1,3025,1.8,1.07,2.8
2017-11-03,8.2,3.8,10.8,3029,0.3,0.79,1.6
2017-11-04,7.2,3.1,11.4,6256,0.0,0.76,2.1
2017-11-05,9.6,6.4,13.6,4570,6.1,0.94,2.5
2017-11-06,6.7,0.2,10.1,3973,0.0,0.62,1.8
2017-11-07,4.3,-0.3,7.8,3218,0.0,0.59,2.0
2017-11-08,7.2,6.2,8.6,4128,0.0,0.91,1.7
2017-11-09,6.4,5.7,7.2,2490,0.5,0.88,1.8
2017-11-10,7.3,6.0,8.1,2444,2.7,0.9,3.9
2017-11-11,5.6,4.0,7.1,2509,0.8,0.78,3.7
2017-11-12,4.4,3.0,6.5,2627,1.4,0.73,2.5
2017-11-13,4.5,1.9,7.6,3544,1.0,0.68,2.2
2017-11-14,3.3,-0.7,6.9,2378,0.1,0.58,2.2
2017-11-15,7.6,6.3,8.9,2232,0.1,0.92,1.8
2017-11-16,8.0,5.6,8.9,2193,0.7,0.88,1.9
2017-11-17,5.0,-1.3,9.0,5321,0.0,0.56,1.8
2017-11-18,3.6,0.4,6.0,2371,1.0,0.61,3.5
2017-11-19,4.8,3.2,6.6,2083,0.6,0.74,4.4
2017-11-20,4.3,0.9,7.1,2987,0.5,0.64,3.3
2017-11-21,4.2,3.1,5.0,2015,4.4,0.74,2.8
2017-11-22,8.1,4.8,9.9,1983,0.2,0.83,3.2
2017-11-23,8.7,3.6,12.6,3626,0.0,0.79,3.5
2017-11-24,10.1,4.9,14.6,2349,1.1,0.87,2.5
2017-11-25,4.7,1.6,6.1,1894,15.7,0.67,2.3
2017-11-26,3.6,0.8,5.2,2470,0.4,0.63,3.6
2017-11-27,4.4,2.5,5.9,2990,3.3,0.71,4.3
2017-11-28,5.8,4.6,7.2,1951,0.0,0.82,3.5
2017-11-29,2.3,-0.7,5.7,4139,0.0,0.57,1.7
2017-11-30,1.1,-1.0,3.6,1946,0.0,0.55,1.7
2017-12-01,1.6,-0.3,3.0,1745,0.0,0.58,1.4
2017-12-02,2.4,1.1,3.8,1813,0.0,0.64,1.7
2017-12-03,0.8,-0.9,2.5,3804,0.9,0.55,2.7
2017-12-04,3.6,1.9,5.4,2294,2.0,0.68,3.3
2017-12-05,6.3,2.4,8.1,1669,0.2,0.7,3.7
2017-12-06,7.4,6.2,8.0,1653,0.3,0.91,4.0
2017-12-07,6.1,3.9,8.0,3468,3.8,0.78,4.2
2017-12-08,4.3,1.2,6.4,3063,0.5,0.65,3.9
2017-12-09,1.2,-0.4,2.7,1610,0.8,0.57,4.2
2017-12-10,0.2,-1.6,1.6,2898,3.9,0.52,4.1
2017-12-11,3.5,0.2,6.4,1671,3.0,0.61,3.0
2017-12-12,4.9,1.6,8.3,1578,1.0,0.68,4.0
2017-12-13,2.2,0.2,4.1,3971,4.7,0.6,4.0
2017-12-14,3.2,0.9,4.8,1562,2.5,0.63,4.5
2017-12-15,1.4,-0.2,2.8,1555,2.9,0.58,2.3
2017-12-16,2.0,0.5,3.1,1591,0.7,0.61,2.3
2017-12-17,1.3,0.3,2.6,1587,0.6,0.6,2.5
2017-12-18,0.0,-2.6,2.7,3590,0.0,0.49,1.7
2017-12-19,0.4,-2.4,1.8,1541,1.5,0.5,1.6
2017-12-20,2.0,0.3,4.0,1540,1.3,0.6,1.5
2017-12-21,5.9,3.9,7.7,1540,0.3,0.78,2.5
2017-12-22,5.7,4.0,7.1,1664,0.0,0.78,2.3
2017-12-23,7.0,4.4,10.0,1544,0.1,0.82,4.3
2017-12-24,9.9,8.9,10.5,1547,0.1,1.1,4.8
2017-12-25,8.6,3.8,10.6,1551,0.1,0.79,3.6
2017-12-26,4.9,1.8,8.6,2711,0.9,0.68,3.8
2017-12-27,2.1,-0.5,6.1,3217,1.0,0.57,2.6
2017-12-28,2.6,-0.1,4.2,1572,1.6,0.59,3.3
2017-12-29,1.7,-1.7,4.2,2247,0.0,0.53,3.6
2017-12-30,2.1,-1.8,9.4,1591,1.7,0.55,4.0
2017-12-31,9.1,5.1,11.9,1602,2.0,0.86,4.1
2018-01-01,8.5,2.6,12.4,2627,1.9,0.74,4.4
2018-01-02,4.1,1.9,5.5,1627,2.6,0.67,3.4
2018-01-03,4.6,1.7,7.2,2069,15.3,0.67,5.8
2018-01-04,6.5,5.7,7.6,1657,2.5,0.88,4.2
2018-01-05,6.7,2.2,9.2,1890,0.4,0.7,3.6
2018-01-06,4.6,1.9,7.5,2694,0.0,0.69,1.9
2018-01-07,1.1,-2.3,4.0,1799,0.0,0.51,3.0
2018-01-08,-2.3,-4.9,0.7,4517,0.0,0.41,3.4
2018-01-09,1.7,-3.2,4.6,3625,4.2,0.48,3.1
2018-01-10,2.1,0.4,3.8,1774,4.8,0.61,1.7
2018-01-11,1.6,1.2,1.8,1798,1.5,0.64,1.2
2018-01-12,1.2,0.3,1.6,1822,0.1,0.6,1.8
2018-01-13,0.2,-0.8,0.5,2449,0.0,0.55,2.9
2018-01-14,-1.4,-3.2,-0.2,1875,0.0,0.47,2.9
2018-01-15,-0.6,-4.0,2.9,4918,4.1,0.45,3.9
2018-01-16,2.2,0.0,4.5,2504,1.6,0.59,4.3
2018-01-17,1.3,0.5,2.1,2251,1.4,0.6,4.3
2018-01-18,2.2,0.5,4.8,2043,8.6,0.61,5.3
2018-01-19,2.0,0.9,3.6,2027,0.5,0.63,2.8
2018-01-20,0.8,-1.4,2.9,2160,0.0,0.53,2.3
2018-01-21,0.4,-0.9,1.7,2196,0.0,0.55,1.8
2018-01-22,0.3,-0.7,1.5,2386,0.8,0.55,2.5
2018-01-23,1.2,-0.5,5.1,2169,0.8,0.57,2.6
2018-01-24,8.3,4.9,11.3,3455,0.2,0.85,3.9
2018-01-25,9.1,7.1,11.2,2247,7.3,0.97,2.6
2018-01-26,5.9,4.7,7.2,2288,1.6,0.82,1.4
2018-01-27,5.6,3.9,7.1,2761,0.0,0.78,2.0
2018-01-28,7.2,5.2,9.3,2646,1.1,0.85,4.6
2018-01-29,9.6,5.9,11.3,2417,2.8,0.91,5.2
2018-01-30,4.9,0.6,6.3,2463,0.2,0.62,3.2
2018-01-31,4.9,0.2,8.7,2509,3.5,0.62,3.7
2018-02-01,3.5,-0.3,6.3,4332,0.1,0.58,3.3
2018-02-02,2.1,-1.5,5.2,4461,0.9,0.54,2.9
2018-02-03,1.6,-1.2,3.6,2655,0.5,0.54,2.0
2018-02-04,-0.6,-3.9,1.2,4073,0.5,0.44,2.1
2018-02-05,-1.6,-7.0,1.0,7332,0.0,0.36,2.5
2018-02-06,-3.9,-8.3,0.4,8113,0.0,0.32,1.9
2018-02-07,-2.3,-5.4,1.4,6506,0.0,0.4,1.5
2018-02-08,-4.1,-8.0,0.9,8231,0.0,0.34,1.2
2018-02-09,-3.3,-8.9,1.9,5128,0.0,0.32,1.8
2018-02-10,-1.0,-3.4,1.3,3035,0.0,0.46,1.8
2018-02-11,1.9,-0.4,5.4,3872,0.0,0.58,3.6
2018-02-12,1.6,-1.4,5.2,4007,0.0,0.54,3.1
2018-02-13,-0.2,-4.0,4.9,7068,0.0,0.46,2.1
2018-02-14,-3.4,-6.1,-0.8,3275,0.0,0.38,2.0
2018-02-15,-1.1,-3.4,2.5,3406,0.2,0.46,3.1
2018-02-16,3.1,-0.3,7.6,6503,0.0,0.59,2.3
2018-02-17,1.9,-0.8,4.6,3605,1.8,0.56,1.6
2018-02-18,1.7,0.3,3.8,3531,0.1,0.6,1.6
2018-02-19,1.5,-1.1,5.3,5884,0.0,0.55,1.4
2018-02-20,0.0,-2.2,3.8,10100,0.0,0.51,1.7
2018-02-21,-0.4,-4.6,4.3,8562,0.0,0.44,2.1
2018-02-22,-0.3,-4.0,3.0,8835,0.0,0.45,2.9
2018-02-23,-3.9,-6.9,-0.5,10611,0.0,0.36,3.2
2018-02-24,-3.0,-7.5,0.0,10380,0.0,0.35,4.0
2018-02-25,-5.7,-10.2,-1.7,11138,0.0,0.28,3.2
2018-02-26,-6.9,-11.9,-3.0,9974,0.0,0.25,3.2
2018-02-27,-9.1,-14.3,-3.7,8467,0.0,0.21,2.8
2018-02-28,-9.0,-11.8,-5.6,11995,0.0,0.24,3.7
2018-03-01,-9.3,-12.6,-5.0,12314,0.0,0.23,4.4
2018-03-02,-8.7,-13.3,-3.5,12314,0.0,0.22,3.5
2018-03-03,-7.7,-12.7,-1.8,12393,0.0,0.24,2.8
2018-03-04,-3.3,-10.8,3.5,12802,0.0,0.29,2.7
2018-03-05,1.3,-5.7,8.8,6699,0.0,0.43,2.4
2018-03-06,0.2,-4.3,4.7,4773,6.6,0.44,1.7
2018-03-07,1.5,0.5,2.7,4766,1.1,0.61,2.1
2018-03-08,4.1,1.1,9.0,7343,4.6,0.65,3.3
2018-03-09,4.4,-1.5,9.3,7621,0.0,0.56,2.7
2018-03-10,4.1,-1.6,9.0,5179,0.4,0.55,2.2
2018-03-11,9.9,3.4,16.9,12712,0.0,0.81,2.0
2018-03-12,7.7,2.4,12.0,5164,7.4,0.72,2.2
2018-03-13,9.2,4.7,12.3,6059,3.8,0.85,3.7
2018-03-14,3.7,2.3,5.2,5326,0.9,0.69,2.1
2018-03-15,2.6,1.4,5.3,5500,0.0,0.65,4.0
2018-03-16,-0.1,-2.9,1.6,5490,0.0,0.48,4.1
2018-03-17,-3.1,-5.4,-0.9,11569,0.0,0.4,5.5
2018-03-18,-2.6,-5.7,1.5,16145,0.0,0.39,5.2
2018-03-19,-2.0,-7.3,3.9,16508,0.0,0.36,2.6
2018-03-20,-1.6,-7.8,3.0,7550,0.0,0.35,2.7
2018-03-21,1.3,-4.9,6.5,15789,0.2,0.43,2.2
2018-03-22,1.5,0.2,3.3,5986,3.3,0.6,3.0
2018-03-23,1.6,0.6,3.3,6069,0.0,0.61,1.7
2018-03-24,2.6,-1.8,7.4,7542,0.0,0.53,1.8
2018-03-25,4.0,-2.5,11.5,15638,0.0,0.53,1.4
2018-03-26,4.7,2.3,7.7,7327,0.6,0.7,1.7
2018-03-27,3.8,0.3,7.7,10666,0.0,0.61,1.9
2018-03-28,1.0,-0.2,2.6,6485,9.0,0.58,3.3
2018-03-29,5.2,2.4,8.1,6877,0.3,0.7,3.1
2018-03-30,4.7,-0.5,10.1,17438,0.0,0.59,2.7
2018-03-31,3.9,0.3,7.4,6734,13.0,0.61,2.7
2018-04-01,1.6,0.9,3.6,6817,4.9,0.63,3.6
2018-04-02,4.6,0.3,9.8,15788,0.9,0.62,2.4
2018-04-03,11.9,5.2,18.9,12732,0.0,0.92,2.8
2018-04-04,15.6,9.1,22.4,17244,0.6,1.2,2.8
2018-04-05,10.7,5.0,16.2,11351,1.1,0.88,4.1
2018-04-06,6.8,2.2,13.3,20678,0.0,0.73,2.6
2018-04-07,12.1,1.4,20.4,20947,0.0,0.75,2.9
2018-04-08,14.3,6.8,21.4,20667,0.0,1.04,2.1
2018-04-09,13.7,4.0,21.9,19939,0.0,0.89,1.7
2018-04-10,16.8,9.9,25.0,20753,0.0,1.29,3.0
2018-04-11,13.9,11.3,17.6,19118,0.0,1.31,3.0
2018-04-12,15.8,9.3,22.9,16005,1.1,1.21,3.2
2018-04-13,16.2,11.9,21.2,9815,1.8,1.39,2.7
2018-04-14,12.8,8.2,18.5,11828,0.5,1.09,2.4
2018-04-15,14.8,7.5,23.4,17957,0.0,1.1,1.5
2018-04-16,12.2,9.8,15.4,8018,3.6,1.18,1.7
2018-04-17,12.6,6.5,18.9,20845,0.0,0.99,1.5
2018-04-18,15.0,5.2,24.2,22593,0.0,0.98,1.6
2018-04-19,16.4,8.0,23.9,22962,0.0,1.15,1.9
2018-04-20,18.9,9.2,27.8,23447,0.0,1.27,1.9
2018-04-21,16.0,7.7,21.7,22999,0.0,1.09,1.8
2018-04-22,15.1,4.9,22.8,23716,0.0,0.95,1.8
2018-04-23,16.8,8.7,22.2,17724,0.1,1.16,2.8
2018-04-24,12.2,5.8,17.6,12156,0.9,0.94,2.8
2018-04-25,12.4,5.0,19.0,15205,1.9,0.91,3.6
2018-04-26,8.6,6.0,13.2,14821,4.4,0.92,3.2
2018-04-27,10.8,4.3,16.5,21601,0.0,0.85,2.0
2018-04-28,15.1,4.3,23.0,23269,0.0,0.93,2.0
2018-04-29,17.2,9.1,24.0,22541,0.0,1.22,2.2
2018-04-30,16.6,8.7,25.2,22046,0.0,1.21,3.9
2018-05-01,13.1,3.7,17.6,19731,0.0,0.83,3.7
2018-05-02,10.6,1.7,15.7,13396,3.6,0.73,2.0
2018-05-03,13.8,6.3,20.5,21014,0.0,0.99,2.3
2018-05-04,11.6,3.8,17.9,26476,0.0,0.84,2.3
2018-05-05,12.4,4.1,19.0,26826,0.0,0.86,2.6
2018-05-06,14.5,6.8,21.7,27053,0.0,1.04,2.4
2018-05-07,16.5,6.5,24.2,27155,0.0,1.06,2.4
2018-05-08,18.2,8.8,25.5,27131,0.0,1.21,2.5
2018-05-09,19.8,12.1,27.6,24265,0.0,1.48,2.1
2018-05-10,21.2,14.6,28.1,21507,2.4,1.72,2.5
2018-05-11,15.3,13.5,17.4,9685,0.0,1.5,1.8
2018-05-12,18.3,13.7,24.0,19055,0.0,1.57,1.9
2018-05-13,20.1,13.0,26.3,27340,0.0,1.55,2.7
2018-05-14,18.3,10.4,24.0,27423,0.0,1.32,2.8
2018-05-15,14.6,8.8,23.2,17138,5.3,1.19,2.3
2018-05-16,16.4,12.0,22.9,13571,1.0,1.41,2.3
2018-05-17,17.4,11.9,23.2,22271,0.0,1.42,3.1
2018-05-18,12.9,9.6,16.0,10164,0.0,1.18,2.2
2018-05-19,14.7,6.6,21.5,28683,0.0,1.03,1.6
2018-05-20,15.0,6.2,22.2,29256,0.0,1.01,2.5
2018-05-21,16.8,6.8,24.4,28442,0.0,1.07,2.8
2018-05-22,17.7,8.0,25.1,28507,0.0,1.15,2.0
2018-05-23,18.8,9.8,25.6,27558,0.0,1.28,2.2
2018-05-24,19.5,12.4,26.3,29134,0.0,1.48,2.5
2018-05-25,20.4,12.0,27.4,28306,0.0,1.47,2.2
2018-05-26,19.4,10.0,27.8,25446,0.0,1.34,1.8
2018-05-27,19.8,13.9,28.3,20550,4.1,1.66,1.9
2018-05-28,24.0,14.3,32.0,27954,0.0,1.76,2.1
2018-05-29,24.6,16.3,31.7,29907,0.0,1.96,2.5
2018-05-30,23.6,14.7,32.0,28173,0.0,1.8,1.8
2018-05-31,24.5,15.9,32.0,26181,0.0,1.9,1.9
2018-06-01,23.0,16.5,32.5,22655,0.7,2.0,2.1
2018-06-02,21.0,17.3,25.7,14028,14.5,1.95,2.0
2018-06-03,20.4,17.3,23.9,15585,0.0,1.93,1.7
2018-06-04,21.3,15.8,26.9,24539,0.0,1.82,2.0
2018-06-05,18.2,12.2,23.8,19593,0.0,1.44,2.0
2018-06-06,17.0,10.8,23.2,30340,0.0,1.32,2.3
2018-06-07,19.3,10.3,27.2,30495,0.0,1.34,1.9
2018-06-08,21.9,10.3,30.7,29627,0.0,1.42,1.7
2018-06-09,23.7,14.6,31.6,28117,0.1,1.77,1.8
2018-06-10,22.4,16.6,30.4,21236,3.5,1.96,1.8
2018-06-11,19.9,13.6,25.8,20614,0.0,1.59,2.2
2018-06-12,16.6,12.0,22.0,24464,0.0,1.4,2.4
2018-06-13,15.6,13.3,19.2,11689,0.0,1.48,2.6
2018-06-14,17.5,10.4,23.8,25769,0.0,1.3,1.9
2018-06-15,18.0,11.2,22.0,11324,0.0,1.35,1.4
2018-06-16,21.7,16.0,27.0,16193,0.0,1.83,1.5
2018-06-17,22.8,16.2,28.8,21060,0.0,1.89,2.3
2018-06-18,20.0,11.1,25.8,19912,0.0,1.39,2.2
2018-06-19,21.0,15.5,25.8,19531,0.0,1.75,2.3
2018-06-20,21.0,13.2,28.7,16589,0.0,1.61,1.9
2018-06-21,17.8,11.3,28.8,23240,1.1,1.46,3.6
2018-06-22,13.8,10.3,19.9,16458,0.4,1.25,3.7
2018-06-23,14.6,12.3,20.1,13385,0.0,1.42,3.3
2018-06-24,13.6,11.2,16.5,10822,5.2,1.3,2.4
2018-06-25,16.3,10.6,22.6,21681,0.0,1.31,2.3
2018-06-26,17.2,11.9,25.0,19370,0.0,1.44,1.9
2018-06-27,19.3,12.1,25.5,25363,0.0,1.45,2.3
2018-06-28,21.8,14.1,28.9,22410,0.0,1.68,2.4
2018-06-29,21.8,13.1,30.8,28267,0.0,1.64,2.4
2018-06-30,16.2,9.8,22.1,24929,0.0,1.24,2.5
2018-07-01,15.3,5.9,22.3,23760,0.0,1.0,2.7
2018-07-02,16.4,5.1,24.6,25650,0.0,0.99,2.1
2018-07-03,19.8,6.8,28.5,30850,0.0,1.15,1.8
2018-07-04,22.7,10.4,31.9,30820,0.0,1.44,1.6
2018-07-05,23.7,12.4,32.5,27860,0.0,1.61,2.2
2018-07-06,19.2,15.0,23.7,16376,0.0,1.69,2.8
2018-07-07,19.3,11.6,27.1,27792,0.0,1.44,2.8
2018-07-08,20.5,14.4,27.8,18225,0.0,1.69,2.4
2018-07-09,20.1,12.8,25.3,25177,0.0,1.5,2.6
2018-07-10,15.3,13.5,17.5,10801,22.1,1.49,2.1
2018-07-11,18.0,13.5,23.6,15969,19.0,1.54,1.9
2018-07-12,16.7,14.9,18.6,10487,25.2,1.63,2.2
2018-07-13,19.6,15.7,28.2,19947,4.5,1.82,2.1
2018-07-14,19.9,13.5,25.8,29134,0.0,1.58,1.9
2018-07-15,19.1,11.0,25.7,27691,0.0,1.38,1.6
2018-07-16,21.2,12.8,29.1,27763,4.1,1.57,1.5
2018-07-17,21.9,18.1,26.9,15481,6.5,2.05,2.0
2018-07-18,21.8,18.2,27.4,17703,0.7,2.07,2.6
2018-07-19,20.2,14.2,25.6,14762,0.0,1.64,2.0
2018-07-20,19.7,11.1,27.1,24886,0.0,1.4,1.6
2018-07-21,20.2,11.3,27.3,28084,0.0,1.42,1.7
2018-07-22,21.4,14.0,28.0,17872,0.0,1.67,1.8
2018-07-23,22.2,16.3,28.2,28444,0.0,1.87,1.6
2018-07-24,22.9,14.0,30.0,25124,0.0,1.69,1.4
2018-07-25,24.4,16.7,32.4,27296,0.0,2.0,1.6
2018-07-26,24.9,16.4,31.7,28339,0.0,1.96,2.0
2018-07-27,24.5,18.1,31.9,21549,2.2,2.14,2.2
2018-07-28,24.8,17.0,31.9,26685,6.3,2.03,2.4
2018-07-29,22.8,17.7,28.5,22022,0.0,2.04,1.8
2018-07-30,24.5,16.2,31.7,22069,0.3,1.92,1.5
2018-07-31,26.2,16.4,34.4,27413,0.0,2.01,1.9
2018-08-01,27.4,19.7,34.8,24491,0.0,2.4,2.0
2018-08-02,26.0,21.2,32.3,21457,0.0,2.54,1.8
2018-08-03,25.7,18.1,32.4,25780,0.0,2.15,1.6
2018-08-04,26.1,16.9,34.1,23851,0.3,2.07,1.8
2018-08-05,21.4,13.5,26.9,19857,0.0,1.6,2.5
2018-08-06,20.7,12.0,29.1,26820,0.0,1.49,1.7
2018-08-07,26.0,13.1,35.2,25015,0.0,1.73,1.9
2018-08-08,27.5,20.0,37.2,23097,2.5,2.47,2.5
2018-08-09,26.7,19.6,34.5,24079,0.3,2.36,2.6
2018-08-10,20.4,12.2,24.6,14956,0.0,1.44,3.2
2018-08-11,18.7,13.3,24.4,18349,0.0,1.54,2.9
2018-08-12,18.9,9.1,27.4,24944,0.0,1.27,1.8
2018-08-13,22.6,10.9,33.5,20182,0.0,1.49,2.1
2018-08-14,21.3,18.2,25.0,14973,0.0,2.05,2.8
2018-08-15,20.5,14.8,25.9,13582,0.0,1.71,1.9
2018-08-16,22.1,12.4,30.0,24576,0.0,1.56,1.7
2018-08-17,24.6,14.2,33.3,21982,0.0,1.78,1.9
2018-08-18,20.9,14.1,27.2,18351,0.0,1.64,1.8
2018-08-19,21.8,12.1,30.5,23603,0.0,1.53,1.8
2018-08-20,21.1,14.1,26.1,13254,0.0,1.65,2.3
2018-08-21,18.8,10.8,24.3,21371,0.0,1.34,1.5
2018-08-22,19.2,8.8,29.0,23431,0.0,1.26,1.5
2018-08-23,24.3,12.0,34.1,22259,0.2,1.62,1.9
2018-08-24,20.5,16.5,24.4,10822,0.1,1.85,2.7
2018-08-25,15.4,10.7,19.8,10734,3.5,1.28,2.6
2018-08-26,14.0,9.2,20.5,18449,0.0,1.18,2.1
2018-08-27,17.2,9.7,23.4,10668,0.0,1.24,3.1
2018-08-28,17.7,11.3,23.2,16066,0.0,1.36,1.6
2018-08-29,19.4,9.5,27.4,20962,0.0,1.28,2.0
2018-08-30,17.1,12.2,19.6,8397,0.8,1.41,2.7
2018-08-31,15.8,12.3,21.1,12175,0.0,1.42,2.0
2018-09-01,16.6,8.6,23.2,15033,0.0,1.17,1.9
2018-09-02,19.4,14.5,25.0,8911,0.0,1.66,2.1
2018-09-03,22.3,16.7,28.5,19563,0.0,1.94,2.0
2018-09-04,19.8,15.0,26.3,19304,0.0,1.72,1.7
2018-09-05,19.5,14.4,25.7,16043,0.0,1.66,1.6
2018-09-06,18.2,12.8,24.8,16335,0.0,1.5,1.8
2018-09-07,17.2,12.2,23.2,9735,2.3,1.43,2.2
2018-09-08,15.7,9.9,22.3,17636,0.0,1.25,2.1
2018-09-09,17.2,10.1,25.8,15394,0.0,1.3,1.6
2018-09-10,18.6,9.2,27.5,12139,0.1,1.28,1.8
2018-09-11,20.9,15.3,27.4,14085,0.0,1.78,2.7
2018-09-12,20.6,14.9,28.6,13645,0.4,1.74,2.3
2018-09-13,14.3,13.0,15.9,6491,1.7,1.45,1.6
2018-09-14,14.9,11.4,19.6,8025,0.0,1.32,1.5
2018-09-15,16.2,10.3,22.0,12446,0.1,1.27,2.2
2018-09-16,15.2,7.2,22.7,15904,0.0,1.08,1.6
2018-09-17,17.8,8.5,27.4,16638,0.0,1.21,1.5
2018-09-18,20.4,11.2,30.2,17065,0.0,1.46,2.2
2018-09-19,21.2,12.3,28.9,16508,0.0,1.52,2.2
2018-09-20,21.3,13.8,29.5,14797,0.0,1.65,2.2
2018-09-21,19.8,11.6,31.5,12728,0.9,1.53,3.8
2018-09-22,13.7,10.8,18.0,8220,0.1,1.28,3.4
2018-09-23,10.7,8.2,14.9,6328,14.6,1.07,3.1
2018-09-24,9.3,5.5,14.0,11845,1.5,0.9,3.7
2018-09-25,8.0,1.7,14.7,14581,0.0,0.72,2.1
2018-09-26,11.2,1.8,16.8,10198,0.0,0.74,2.7
2018-09-27,17.6,13.7,23.3,11985,0.0,1.57,2.2
2018-09-28,12.4,5.4,17.1,11124,0.0,0.91,2.6
2018-09-29,8.7,2.2,15.5,14474,0.0,0.74,2.0
2018-09-30,9.2,2.5,18.5,14308,0.0,0.79,1.8
2018-10-01,8.6,1.1,15.0,8268,0.3,0.7,2.5
2018-10-02,8.3,4.7,11.1,6509,4.2,0.84,3.9
2018-10-03,11.2,8.6,14.3,8823,2.3,1.09,3.9
2018-10-04,11.1,6.8,15.1,5556,0.0,0.97,1.9
2018-10-05,14.3,9.0,20.5,12299,0.0,1.17,1.9
2018-10-06,15.1,8.2,22.4,11979,0.0,1.14,1.7
2018-10-07,10.9,1.4,14.8,5467,0.0,0.71,2.1
2018-10-08,6.9,-0.6,15.0,12658,0.0,0.63,1.5
2018-10-09,10.3,2.0,18.3,8372,0.0,0.76,1.5
2018-10-10,14.8,5.0,23.6,12018,0.0,0.97,2.0
2018-10-11,17.1,8.9,24.6,12100,0.0,1.21,2.3
2018-10-12,16.3,7.8,24.7,11942,0.0,1.15,1.9
2018-10-13,16.8,9.7,25.1,11785,0.0,1.27,2.1
2018-10-14,17.1,9.8,24.3,11476,0.0,1.27,2.3
2018-10-15,14.0,7.7,22.2,9124,0.0,1.1,1.7
2018-10-16,12.2,5.5,21.5,9146,0.0,0.97,1.2
2018-10-17,11.2,4.0,20.6,10722,0.0,0.87,1.1
2018-10-18,12.0,4.5,20.1,8890,0.0,0.89,1.8
2018-10-19,9.8,1.7,14.8,4563,0.0,0.71,1.4
2018-10-20,8.3,1.1,13.3,5560,0.0,0.68,1.6
2018-10-21,6.9,-0.4,15.1,10140,0.0,0.64,1.6
2018-10-22,6.6,2.2,11.1,4614,1.4,0.71,2.2
2018-10-23,8.5,3.2,11.9,3431,7.1,0.77,4.7
2018-10-24,9.1,6.2,12.0,8010,1.0,0.93,4.4
2018-10-25,11.3,7.7,12.9,3440,0.6,1.02,3.8
2018-10-26,10.8,9.1,12.3,3977,0.0,1.11,2.8
2018-10-27,7.9,2.9,10.2,3578,0.0,0.74,2.6
2018-10-28,6.2,4.3,8.3,3384,0.8,0.8,3.2
2018-10-29,4.7,4.3,6.7,3065,0.1,0.8,3.6
2018-10-30,13.7,7.0,21.6,6371,1.0,1.06,4.3
2018-10-31,8.5,4.2,12.8,8530,0.0,0.82,2.8
2018-11-01,7.7,2.7,12.7,4444,0.0,0.74,1.9
2018-11-02,9.1,4.9,14.8,7428,0.0,0.87,2.1
2018-11-03,7.3,4.5,11.5,3090,0.0,0.82,1.6
2018-11-04,9.3,5.8,11.0,2735,0.1,0.89,1.9
2018-11-05,12.2,10.3,16.8,5219,0.0,1.22,2.1
2018-11-06,11.2,6.2,16.8,7292,0.0,0.96,1.9
2018-11-07,9.8,4.5,16.2,6553,0.0,0.86,1.8
2018-11-08,7.6,2.5,12.9,3560,0.0,0.74,1.5
2018-11-09,7.6,5.4,9.0,2490,0.0,0.87,1.8
2018-11-10,8.6,4.1,12.5,4607,0.0,0.82,2.7
2018-11-11,6.6,2.9,10.7,3112,0.5,0.74,2.8
2018-11-12,10.7,7.7,14.9,3439,0.5,1.03,2.2
2018-11-13,9.6,7.5,11.7,2314,10.1,1.0,2.6
2018-11-14,7.2,4.1,11.2,3964,0.0,0.81,1.9
2018-11-15,6.9,2.9,11.5,5106,0.0,0.75,1.9
2018-11-16,4.9,0.4,8.8,5963,0.0,0.63,2.4
2018-11-17,0.4,-3.1,3.9,3942,0.0,0.48,2.8
2018-11-18,0.7,-4.9,5.3,2169,0.2,0.43,2.5
2018-11-19,3.7,2.8,5.7,2183,1.4,0.72,4.0
2018-11-20,2.1,1.5,3.1,2049,0.0,0.66,4.4
2018-11-21,1.0,0.8,1.7,2015,0.0,0.62,2.9
2018-11-22,0.7,0.4,1.2,1983,0.0,0.6,2.1
2018-11-23,1.6,-0.4,3.0,1952,0.0,0.57,1.9
2018-11-24,0.6,-1.3,3.0,1922,0.8,0.54,1.6
2018-11-25,4.0,2.0,5.3,1894,0.1,0.68,1.9
2018-11-26,1.9,-1.5,3.5,1913,0.0,0.53,2.4
2018-11-27,-0.9,-2.8,0.8,1840,0.0,0.48,1.6
2018-11-28,-0.5,-5.2,3.4,4868,0.0,0.41,2.8
2018-11-29,-0.7,-2.7,2.3,3823,0.0,0.49,3.6
2018-11-30,0.6,-1.8,2.8,1767,2.5,0.52,2.7
2018-12-01,2.1,0.0,5.0,1834,0.0,0.59,2.5
2018-12-02,5.1,2.2,10.1,1724,1.2,0.7,3.4
2018-12-03,10.5,7.9,12.9,2142,2.8,1.03,3.4
2018-12-04,6.7,1.8,10.1,2555,0.1,0.69,3.2
2018-12-05,1.6,-1.4,6.1,4127,0.1,0.54,2.0
2018-12-06,4.7,1.4,8.7,1695,0.7,0.67,2.8
2018-12-07,10.5,8.7,12.0,1637,7.7,1.09,4.0
2018-12-08,7.5,5.7,9.8,1962,3.5,0.88,5.6
2018-12-09,7.2,6.4,8.1,1610,2.1,0.93,5.2
2018-12-10,4.9,3.4,6.7,1766,2.6,0.75,4.7
2018-12-11,3.7,3.0,4.5,1880,2.2,0.73,3.5
2018-12-12,1.8,-0.7,3.8,2243,0.1,0.56,2.0
2018-12-13,1.6,0.5,2.3,1569,0.3,0.61,2.5
2018-12-14,0.2,-0.3,0.6,1562,0.0,0.57,2.3
2018-12-15,0.0,-0.5,0.4,1555,0.1,0.57,2.2
2018-12-16,-0.4,-1.2,0.3,1550,0.0,0.54,2.5
2018-12-17,0.3,-1.3,1.5,1546,0.1,0.53,1.8
2018-12-18,2.6,0.3,6.8,1952,0.0,0.61,2.2
2018-12-19,1.0,-0.5,2.5,1541,0.9,0.57,2.6
2018-12-20,3.0,2.1,4.3,1540,0.4,0.69,2.5
2018-12-21,6.0,3.2,10.6,1540,3.4,0.76,4.2
2018-12-22,6.4,2.4,10.1,1541,1.6,0.72,3.9
2018-12-23,5.7,2.7,7.7,1544,3.0,0.72,2.9
2018-12-24,1.7,0.3,4.6,1547,0.1,0.6,3.0
2018-12-25,5.0,2.5,6.1,1593,0.2,0.7,3.1
2018-12-26,6.0,5.3,7.1,1557,0.1,0.85,2.7
2018-12-27,5.9,4.9,7.1,1646,0.0,0.83,2.2
2018-12-28,6.3,5.7,7.2,1572,0.2,0.88,2.1
2018-12-29,6.1,4.8,6.8,1581,1.6,0.83,3.1
2018-12-30,5.9,3.4,8.0,1674,0.2,0.76,3.9
2018-12-31,5.1,3.1,8.2,2064,1.0,0.74,2.1
2019-01-01,6.8,3.4,8.8,1825,0.6,0.76,5.1
2019-01-02,1.7,-2.1,3.9,2179,0.4,0.51,4.3
2019-01-03,-0.3,-3.4,2.0,1684,1.2,0.46,2.3
2019-01-04,1.4,-2.8,5.1,1657,0.8,0.5,3.2
2019-01-05,5.3,2.1,7.3,1717,0.2,0.69,3.9
2019-01-06,1.6,-0.8,2.5,1692,0.0,0.56,2.3
2019-01-07,2.2,-1.3,5.1,1711,3.8,0.54,3.0
2019-01-08,5.0,1.9,6.3,1731,8.3,0.68,5.7
2019-01-09,2.6,0.8,3.6,1752,3.5,0.63,4.6
2019-01-10,1.0,-2.4,3.0,1864,0.3,0.5,2.3
2019-01-11,1.7,-0.9,5.5,1798,1.2,0.56,3.1
2019-01-12,4.8,3.3,5.9,1822,3.1,0.75,4.1
2019-01-13,6.3,4.8,8.1,1848,6.4,0.83,5.1
2019-01-14,2.4,0.2,5.7,3648,0.2,0.61,5.0
2019-01-15,3.9,0.2,6.9,1903,2.0,0.61,4.5
2019-01-16,6.4,2.7,7.4,1932,0.2,0.72,3.8
2019-01-17,4.5,1.6,7.0,2780,3.4,0.67,4.2
2019-01-18,0.4,-1.6,2.2,5105,0.2,0.52,2.4
2019-01-19,-1.7,-6.1,2.5,4827,0.0,0.39,1.6
2019-01-20,-4.5,-7.0,-2.4,2806,0.0,0.35,1.3
2019-01-21,-3.3,-4.6,-2.1,2799,0.0,0.42,1.7
2019-01-22,-3.1,-6.1,0.5,5027,0.0,0.38,2.2
2019-01-23,-5.3,-7.2,-3.0,2169,0.0,0.34,2.3
2019-01-24,-4.2,-6.4,-3.0,2208,0.0,0.36,1.6
2019-01-25,-3.7,-4.8,-2.6,2405,0.8,0.41,2.1
2019-01-26,0.2,-3.1,3.2,2288,1.7,0.48,3.2
2019-01-27,3.7,2.0,5.3,2599,1.7,0.68,3.4
2019-01-28,3.3,0.9,5.5,4827,1.4,0.63,3.6
2019-01-29,1.2,-0.8,3.2,3300,0.1,0.56,2.6
2019-01-30,0.5,-1.2,3.4,5479,0.0,0.54,2.9
2019-01-31,0.0,-2.2,3.4,3867,0.0,0.51,2.1
2019-02-01,-0.8,-4.1,1.6,2557,0.6,0.44,2.4
2019-02-02,0.9,0.4,1.5,2606,4.6,0.6,1.6
2019-02-03,1.4,0.9,2.0,2655,0.5,0.62,2.7
2019-02-04,0.6,-1.0,3.2,4549,0.0,0.55,2.7
2019-02-05,1.9,-0.2,3.9,2759,0.0,0.58,2.5
2019-02-06,2.9,0.4,5.9,6163,0.0,0.62,2.3
2019-02-07,1.7,-1.3,4.9,3730,0.0,0.54,3.1
2019-02-08,5.0,1.4,9.4,6545,0.0,0.67,3.8
2019-02-09,7.3,3.8,11.4,5002,1.0,0.8,5.0
2019-02-10,6.6,4.0,9.1,3035,8.9,0.79,4.3
2019-02-11,4.7,1.8,7.2,4261,0.2,0.68,4.8
2019-02-12,3.0,0.9,6.2,6698,0.6,0.63,3.2
2019-02-13,6.1,1.9,8.4,3214,0.0,0.69,2.7
2019-02-14,6.3,-0.6,10.7,5025,0.0,0.6,1.8
2019-02-15,3.9,-2.5,13.3,9331,0.0,0.55,1.6
2019-02-16,6.3,-0.2,16.2,9605,0.0,0.65,1.9
2019-02-17,4.3,-2.0,13.3,9327,0.0,0.57,1.6
2019-02-18,5.7,-0.7,14.7,9816,0.0,0.62,1.7
2019-02-19,6.4,-0.3,10.0,4812,0.5,0.6,2.9
2019-02-20,8.0,6.0,10.6,6919,0.5,0.91,2.3
2019-02-21,7.7,5.7,10.4,4391,4.1,0.89,2.6
2019-02-22,2.6,-3.0,8.7,9575,0.1,0.5,2.5
2019-02-23,-0.9,-5.3,4.6,9338,0.0,0.42,2.3
2019-02-24,3.6,-2.9,11.7,9093,0.0,0.52,1.5
2019-02-25,6.3,-1.9,13.9,10832,0.0,0.57,1.6
2019-02-26,6.0,-1.2,10.9,4086,0.0,0.58,1.5
2019-02-27,6.8,-1.6,16.0,10113,0.0,0.6,1.6
2019-02-28,7.9,3.4,12.2,10411,0.0,0.77,3.1
2019-03-01,3.6,0.0,5.7,4307,0.0,0.6,2.6
2019-03-02,3.4,0.7,6.2,4382,0.2,0.63,2.4
2019-03-03,8.6,3.7,11.7,4457,1.3,0.79,4.2
2019-03-04,9.8,6.1,15.5,5939,2.0,0.95,5.7
2019-03-05,6.5,3.2,9.9,6532,0.6,0.76,4.6
2019-03-06,6.4,-0.2,12.5,11779,0.4,0.63,3.1
2019-03-07,10.8,7.5,17.4,6472,0.0,1.04,4.5
2019-03-08,8.0,4.0,10.6,6912,0.2,0.79,4.9
2019-03-09,7.2,3.9,11.6,6229,6.6,0.79,5.6
2019-03-10,4.8,0.7,8.3,5267,12.4,0.63,4.7
2019-03-11,2.9,1.3,5.7,5350,3.4,0.65,4.4
2019-03-12,5.0,0.9,9.0,8119,0.7,0.65,3.9
2019-03-13,7.5,5.0,9.8,8499,2.1,0.84,5.6
2019-03-14,6.0,4.2,9.3,5965,3.6,0.8,5.1
2019-03-15,7.5,5.4,10.3,5684,2.2,0.87,5.4
2019-03-16,6.9,5.0,9.6,6790,2.5,0.85,4.7
2019-03-17,8.8,4.3,13.8,6977,0.9,0.83,4.5
2019-03-18,5.4,3.8,8.9,7639,0.9,0.78,4.2
2019-03-19,4.5,-1.4,9.1,9836,0.0,0.55,2.1
2019-03-20,6.5,-2.8,12.7,13990,0.0,0.53,2.0
2019-03-21,9.7,3.7,12.2,5903,0.0,0.79,2.1
2019-03-22,8.1,4.2,10.7,5986,0.0,0.8,1.6
2019-03-23,10.0,2.4,18.5,14539,0.0,0.79,2.1
2019-03-24,6.2,-0.3,12.0,11909,0.0,0.62,1.9
2019-03-25,3.9,-0.3,8.9,10536,3.1,0.6,3.5
2019-03-26,4.7,0.4,8.6,8637,0.1,0.62,3.1
2019-03-27,6.7,1.5,10.0,6504,0.4,0.68,2.3
2019-03-28,9.2,8.0,11.4,6485,0.3,1.04,2.0
2019-03-29,9.8,3.7,12.5,6568,0.0,0.8,1.8
2019-03-30,10.4,2.2,18.6,18682,0.0,0.77,1.8
2019-03-31,7.8,-0.3,13.3,13522,0.0,0.63,2.4
2019-04-01,4.7,-3.5,11.5,19747,0.0,0.5,2.7
2019-04-02,8.7,1.4,15.4,18751,0.0,0.72,2.8
2019-04-03,12.7,3.9,19.5,16034,0.0,0.86,2.1
2019-04-04,15.1,7.5,21.6,19066,0.0,1.09,2.3
2019-04-05,13.1,6.1,19.1,18467,0.0,0.98,1.8
2019-04-06,14.2,6.3,21.7,20027,0.0,1.01,2.1
2019-04-07,12.4,4.8,19.6,20729,0.0,0.91,2.0
2019-04-08,11.1,2.8,19.8,20667,0.0,0.81,2.1
2019-04-09,6.4,1.9,11.5,18173,0.0,0.7,2.4
2019-04-10,4.4,-1.4,10.1,12320,0.0,0.56,2.7
2019-04-11,2.9,-1.5,5.8,11868,0.0,0.54,2.8
2019-04-12,3.4,1.9,5.4,7708,0.0,0.68,2.7
2019-04-13,5.0,1.9,8.1,9251,2.5,0.69,2.7
2019-04-14,6.0,1.7,11.4,8657,0.6,0.69,2.8
2019-04-15,7.3,1.0,13.7,22964,0.0,0.68,2.9
2019-04-16,8.6,-0.4,16.3,22883,0.0,0.65,2.7
2019-04-17,10.2,0.2,19.1,22108,0.0,0.69,2.6
2019-04-18,12.6,2.3,21.4,23285,0.0,0.8,3.0
2019-04-19,13.9,5.6,22.3,23773,0.0,0.97,2.5
2019-04-20,12.5,3.5,21.1,23796,0.0,0.85,2.0
2019-04-21,13.1,2.8,20.7,24167,0.0,0.83,1.9
2019-04-22,12.0,2.8,17.9,24303,0.0,0.8,3.4
2019-04-23,14.5,8.9,19.5,18901,0.0,1.14,4.4
2019-04-24,17.1,12.8,23.0,22439,0.0,1.48,3.4
2019-04-25,18.7,11.4,26.2,21730,0.0,1.4,2.7
2019-04-26,19.1,10.5,28.4,21964,2.7,1.39,2.8
2019-04-27,13.3,9.8,18.7,11686,0.0,1.21,2.7
2019-04-28,10.9,8.9,13.5,9246,2.1,1.1,2.2
2019-04-29,11.1,5.6,17.6,12801,1.7,0.94,2.6
2019-04-30,10.9,4.6,18.3,24940,0.7,0.89,2.5
2019-05-01,12.8,8.0,17.9,20215,0.0,1.08,2.6
2019-05-02,10.4,6.7,13.2,9271,0.3,0.96,3.3
2019-05-03,8.8,5.5,12.6,17729,0.0,0.89,3.1
2019-05-04,6.7,0.0,11.1,13301,0.0,0.62,2.6
2019-05-05,6.2,-2.3,12.8,18021,0.0,0.55,2.3
2019-05-06,8.3,2.1,13.7,17245,0.0,0.73,2.6
2019-05-07,8.5,0.9,14.0,17323,0.0,0.68,1.8
2019-05-08,12.2,0.3,19.1,21711,1.4,0.69,2.6
2019-05-09,13.5,9.5,18.2,12536,0.3,1.18,2.6
2019-05-10,12.0,5.5,17.0,13217,4.0,0.92,2.5
2019-05-11,10.4,3.7,15.6,15760,0.6,0.81,2.6
2019-05-12,11.5,5.6,17.1,22533,0.0,0.93,3.1
2019-05-13,9.6,3.8,15.1,19748,0.0,0.82,2.8
2019-05-14,8.6,2.6,14.1,19444,0.0,0.75,2.7
2019-05-15,8.6,2.3,13.6,10269,7.1,0.73,2.6
2019-05-16,9.7,6.8,12.4,9943,11.1,0.96,2.5
2019-05-17,12.9,5.1,19.1,19013,0.0,0.91,2.2
2019-05-18,17.0,8.7,24.6,24470,0.0,1.2,2.0
2019-05-19,17.4,8.7,25.2,20138,1.4,1.21,2.1
2019-05-20,17.6,12.0,24.3,18308,7.4,1.44,2.4
2019-05-21,18.2,9.4,25.3,21890,8.6,1.26,3.1
2019-05-22,13.3,11.1,16.5,10214,6.1,1.28,3.2
2019-05-23,13.9,7.7,19.5,24401,0.0,1.08,1.8
2019-05-24,16.5,6.3,23.7,26352,0.0,1.03,2.0
2019-05-25,13.8,9.6,16.9,16155,0.0,1.17,2.2
2019-05-26,16.0,7.3,22.2,19491,0.0,1.07,2.7
2019-05-27,18.3,15.0,22.6,13575,1.1,1.67,2.5
2019-05-28,15.5,7.8,19.3,12850,0.0,1.07,2.2
2019-05-29,11.8,4.7,17.7,24572,0.0,0.88,2.0
2019-05-30,15.5,2.4,23.2,27538,0.0,0.84,2.4
2019-05-31,18.7,13.4,25.1,17403,4.7,1.56,2.0
2019-06-01,21.0,13.6,28.1,27238,0.0,1.63,1.8
2019-06-02,22.6,14.4,30.4,26384,0.0,1.73,1.9
2019-06-03,25.8,16.2,33.7,28203,0.0,1.98,2.1
2019-06-04,23.6,15.4,30.5,26961,0.0,1.83,1.9
2019-06-05,25.9,15.7,32.5,29671,0.0,1.9,2.2
2019-06-06,22.4,15.9,32.1,21916,20.3,1.91,2.9
2019-06-07,19.8,14.5,25.6,28197,0.0,1.68,2.6
2019-06-08,18.6,9.5,23.1,20558,0.0,1.22,3.8
2019-06-09,19.2,9.6,25.8,27095,0.1,1.26,2.1
2019-06-10,22.3,16.7,27.6,20597,16.1,1.9,2.2
2019-06-11,23.7,17.0,30.5,25983,0.0,1.99,2.1
2019-06-12,24.1,17.1,33.7,24592,0.4,2.08,2.3
2019-06-13,19.8,14.6,25.2,24222,0.0,1.68,2.1
2019-06-14,23.2,14.2,29.8,27944,1.3,1.72,2.1
2019-06-15,25.7,19.0,33.2,27186,0.2,2.26,2.9
2019-06-16,19.3,13.2,24.2,18751,0.0,1.52,1.9
2019-06-17,20.4,11.9,27.2,23746,0.0,1.48,1.7
2019-06-18,22.9,13.4,29.5,30275,0.0,1.64,1.8
2019-06-19,23.8,14.5,31.5,23113,0.1,1.76,1.9
2019-06-20,22.2,16.4,27.6,24265,8.7,1.89,2.2
2019-06-21,20.6,15.6,25.9,22089,0.0,1.76,1.9
2019-06-22,20.0,14.2,26.3,26050,0.0,1.64,2.2
2019-06-23,20.8,13.0,27.9,29241,0.0,1.58,2.4
2019-06-24,22.4,12.2,29.7,30512,0.0,1.54,2.5
2019-06-25,25.8,15.0,34.0,29990,0.0,1.86,2.0
2019-06-26,29.4,19.7,37.6,30105,0.0,2.46,2.4
2019-06-27,20.6,14.4,26.1,29196,0.0,1.66,3.1
2019-06-28,19.1,12.7,26.0,23049,0.0,1.52,2.0
2019-06-29,22.0,10.5,31.5,30310,0.0,1.44,1.6
2019-06-30,28.1,13.0,37.8,30034,0.0,1.77,2.6
2019-07-01,23.0,17.3,28.9,19167,0.0,2.0,3.0
2019-07-02,18.1,12.3,22.4,22079,0.0,1.43,3.1
2019-07-03,15.5,9.4,20.8,21036,0.0,1.2,2.5
2019-07-04,16.9,8.9,23.0,24578,0.1,1.18,2.4
2019-07-05,18.5,16.1,21.4,11436,0.0,1.77,2.6
2019-07-06,18.4,13.4,24.5,11413,2.9,1.55,2.8
2019-07-07,15.2,11.0,19.6,14314,0.0,1.29,3.0
2019-07-08,14.8,11.5,18.8,13143,0.0,1.34,2.6
2019-07-09,15.6,11.6,21.0,16924,0.2,1.37,2.5
2019-07-10,15.8,10.6,21.7,18033,2.8,1.3,2.0
2019-07-11,18.2,7.8,26.5,26745,2.4,1.18,1.5
2019-07-12,17.3,15.2,20.3,12640,2.7,1.68,1.9
2019-07-13,19.0,13.0,25.3,18175,4.1,1.53,2.5
2019-07-14,17.6,12.7,23.9,16238,12.6,1.49,2.2
2019-07-15,16.3,14.6,17.6,10387,0.1,1.6,2.4
2019-07-16,16.8,13.1,21.1,11739,0.0,1.48,2.6
2019-07-17,17.6,11.5,23.3,21279,0.0,1.37,1.5
2019-07-18,20.0,10.2,26.9,27773,0.0,1.34,1.6
2019-07-19,19.9,13.3,26.4,12876,2.0,1.57,1.8
2019-07-20,22.5,12.9,29.8,24384,11.2,1.59,2.1
2019-07-21,20.9,16.1,27.1,22190,0.0,1.84,2.5
2019-07-22,20.0,13.5,25.2,15994,0.5,1.57,1.7
2019-07-23,23.3,16.9,30.5,25819,0.0,1.98,1.6
2019-07-24,24.3,15.2,31.8,27871,0.0,1.83,1.6
2019-07-25,25.2,16.1,33.1,28418,0.0,1.96,1.9
2019-07-26,24.3,17.2,30.8,28463,0.0,2.02,2.5
2019-07-27,22.9,17.0,28.7,25276,0.0,1.97,2.9
2019-07-28,24.6,16.9,32.1,24081,0.0,2.01,2.4
2019-07-29,25.7,20.0,33.8,16082,0.3,2.39,2.1
2019-07-30,23.5,19.9,28.4,17993,2.2,2.29,1.8
2019-07-31,20.3,15.5,24.7,11882,7.2,1.75,2.0
2019-08-01,19.3,14.9,25.6,16988,0.9,1.69,1.5
2019-08-02,18.1,13.3,24.3,18757,9.1,1.55,1.5
2019-08-03,19.4,15.3,25.6,18923,0.2,1.73,1.8
2019-08-04,19.5,12.7,25.2,22141,0.0,1.5,1.5
2019-08-05,20.3,12.1,25.6,16689,0.0,1.46,1.7
2019-08-06,21.2,15.5,29.3,18555,4.2,1.81,2.1
2019-08-07,20.8,15.8,27.1,14468,2.6,1.8,2.1
2019-08-08,20.9,13.9,27.3,21646,0.0,1.64,2.5
2019-08-09,21.4,11.9,28.1,22150,0.0,1.48,1.9
2019-08-10,23.9,20.2,28.2,16759,0.0,2.32,3.3
2019-08-11,23.0,16.4,29.3,21345,0.0,1.9,2.6
2019-08-12,20.7,15.9,24.9,13833,0.0,1.78,2.2
2019-08-13,18.2,10.7,23.3,20062,0.1,1.33,2.5
2019-08-14,15.6,8.6,22.6,18415,0.0,1.16,2.0
2019-08-15,17.7,9.0,24.3,12399,0.0,1.21,2.6
2019-08-16,18.6,12.4,23.9,14674,0.0,1.45,2.2
2019-08-17,19.9,11.5,27.8,11294,0.2,1.45,2.5
2019-08-18,20.8,18.1,27.3,11213,5.1,2.05,2.4
2019-08-19,19.2,12.2,25.4,17425,0.0,1.47,2.3
2019-08-20,19.0,9.8,26.2,14183,3.5,1.29,1.7
2019-08-21,18.1,10.8,24.1,21371,0.0,1.33,1.6
2019-08-22,18.4,9.3,26.3,22049,0.0,1.26,1.7
2019-08-23,20.1,10.8,28.3,23406,0.0,1.39,1.6
2019-08-24,21.7,11.7,29.9,21437,0.0,1.51,1.8
2019-08-25,23.8,16.7,31.2,21983,0.0,1.97,1.6
2019-08-26,23.8,16.9,33.1,15056,0.0,2.03,1.5
2019-08-27,24.6,17.6,32.9,18210,0.0,2.1,1.6
2019-08-28,26.1,19.0,33.8,17970,1.6,2.27,1.6
2019-08-29,24.5,17.0,31.8,20962,0.0,2.02,1.8
2019-08-30,24.1,18.8,30.5,16713,0.0,2.19,1.3
2019-08-31,26.1,16.7,33.6,20999,0.0,2.02,1.7
2019-09-01,24.5,18.1,32.0,17556,0.0,2.15,2.5
2019-09-02,17.2,9.0,22.4,18185,0.0,1.2,2.2
2019-09-03,15.2,6.2,21.7,10233,0.0,1.01,2.2
2019-09-04,19.5,11.1,27.4,17039,0.6,1.42,2.3
2019-09-05,17.4,12.6,22.6,13148,0.1,1.47,3.0
2019-09-06,14.0,7.4,20.7,19745,0.0,1.06,2.1
2019-09-07,12.7,5.8,17.8,7087,0.0,0.95,1.6
2019-09-08,14.9,8.6,21.0,13742,3.0,1.15,1.3
2019-09-09,13.8,12.9,15.0,6819,9.1,1.44,2.0
2019-09-10,15.4,10.7,20.3,12763,0.1,1.28,2.3
2019-09-11,15.5,6.7,23.3,17903,0.0,1.06,2.3
2019-09-12,17.5,14.8,22.3,9443,0.0,1.66,2.3
2019-09-13,16.6,8.6,23.2,9544,0.3,1.17,2.4
2019-09-14,12.2,5.2,19.8,16918,0.0,0.93,1.5
2019-09-15,15.9,5.6,23.8,15055,0.0,1.0,2.5
2019-09-16,14.6,12.5,17.9,8036,0.0,1.42,2.0
2019-09-17,11.8,7.0,16.3,7842,6.3,1.0,3.4
2019-09-18,11.1,7.7,16.1,11768,0.0,1.04,2.8
2019-09-19,10.6,4.1,17.1,14074,0.0,0.84,2.1
2019-09-20,11.4,2.4,17.3,12094,0.0,0.77,1.8
2019-09-21,14.0,7.6,21.5,16655,0.0,1.08,1.8
2019-09-22,15.5,4.6,25.4,16389,0.0,0.96,1.8
2019-09-23,15.5,6.9,23.7,14241,0.0,1.08,2.0
2019-09-24,14.9,11.6,19.4,6148,0.0,1.34,1.6
2019-09-25,15.5,12.5,19.2,5599,4.2,1.41,2.1
2019-09-26,15.1,11.6,20.5,7720,0.1,1.36,2.2
2019-09-27,15.2,11.7,17.6,5344,12.7,1.34,2.6
2019-09-28,14.2,10.7,19.7,11394,9.8,1.27,3.4
2019-09-29,14.8,12.7,16.9,6970,6.9,1.43,3.6
2019-09-30,15.0,12.5,17.7,5547,3.1,1.41,4.8
2019-10-01,14.1,10.9,17.4,5288,13.6,1.28,2.8
2019-10-02,10.1,6.8,13.9,8072,3.9,0.97,3.0
2019-10-03,9.3,7.0,12.4,5469,1.6,0.98,2.4
2019-10-04,9.1,4.9,12.4,7344,9.5,0.85,2.4
2019-10-05,8.1,5.3,10.3,4712,3.1,0.87,2.7
2019-10-06,5.9,0.5,11.4,9642,0.0,0.64,2.1
2019-10-07,5.0,-0.6,12.6,11993,0.0,0.61,1.7
2019-10-08,9.3,2.8,12.8,4483,1.9,0.76,2.9
2019-10-09,12.6,10.2,16.8,6835,2.8,1.22,3.1
2019-10-10,11.3,9.4,14.9,7375,1.1,1.15,3.5
2019-10-11,12.9,9.1,15.7,5289,0.7,1.13,3.7
2019-10-12,16.4,12.6,20.4,9122,0.0,1.45,2.9
2019-10-13,19.1,13.8,24.6,9073,0.0,1.59,2.4
2019-10-14,18.3,12.9,23.4,11706,0.0,1.51,2.1
2019-10-15,14.6,9.3,21.5,10943,0.0,1.2,1.9
2019-10-16,11.6,8.1,14.6,3900,6.8,1.06,2.9
2019-10-17,14.8,11.0,19.1,6720,0.9,1.3,2.3
2019-10-18,14.7,8.8,20.2,8450,1.7,1.16,2.8
2019-10-19,11.4,7.9,14.2,3767,0.2,1.05,2.4
2019-10-20,13.9,9.9,20.7,8637,0.0,1.23,1.6
2019-10-21,13.3,8.6,17.6,5047,0.0,1.11,1.8
2019-10-22,11.9,6.8,18.0,6851,0.0,1.01,1.6
2019-10-23,11.5,5.7,16.9,7715,0.0,0.92,1.8
2019-10-24,13.0,11.0,15.4,3368,0.0,1.27,2.0
2019-10-25,13.6,9.3,18.8,7015,0.0,1.17,2.7
2019-10-26,14.5,10.6,18.5,8242,0.0,1.26,3.3
2019-10-27,12.1,5.9,17.2,3183,1.3,0.94,3.1
2019-10-28,7.7,4.5,12.4,5725,0.0,0.83,2.2
2019-10-29,4.8,-0.8,9.5,3965,0.2,0.58,1.7
2019-10-30,1.5,-2.5,8.8,6942,0.0,0.52,1.7
2019-10-31,0.5,-3.7,7.6,8217,0.0,0.48,1.7
2019-11-01,0.9,-4.3,6.6,5992,1.6,0.45,2.5
2019-11-02,10.4,6.6,14.4,3636,0.7,0.97,3.1
2019-11-03,10.4,7.0,12.7,2788,4.3,0.98,2.3
2019-11-04,10.0,7.4,12.9,3392,6.4,1.01,2.5
2019-11-05,9.5,7.9,11.4,2979,1.2,1.03,2.1
2019-11-06,8.2,7.3,9.1,2634,2.1,0.98,1.8
2019-11-07,7.8,6.0,11.6,3735,0.1,0.91,2.1
2019-11-08,6.6,2.7,9.2,2935,0.7,0.72,1.6
2019-11-09,7.4,4.7,8.5,2490,0.4,0.82,1.9
2019-11-10,4.3,1.9,7.0,3609,0.1,0.68,1.5
2019-11-11,3.1,1.1,6.4,4098,0.0,0.64,2.6
2019-11-12,4.1,1.0,6.8,2356,0.0,0.64,2.9
2019-11-13,5.0,2.7,6.7,2314,0.0,0.72,2.3
2019-11-14,5.0,2.6,9.1,5233,0.0,0.72,2.4
2019-11-15,7.0,4.0,9.3,2494,0.1,0.79,2.9
2019-11-16,6.9,1.4,11.6,2916,0.4,0.68,2.1
2019-11-17,4.7,-0.2,8.2,3126,0.1,0.6,2.1
2019-11-18,8.2,4.3,11.5,2270,0.4,0.82,2.6
2019-11-19,6.3,4.2,9.6,4629,5.2,0.8,2.4
2019-11-20,5.6,5.0,6.3,2049,0.1,0.84,1.3
2019-11-21,8.4,6.3,10.0,2015,10.5,0.93,1.5
2019-11-22,8.9,6.5,11.3,3530,0.1,0.93,2.2
2019-11-23,5.4,2.8,8.8,4296,0.0,0.73,3.2
2019-11-24,4.1,2.7,5.9,1922,0.0,0.72,2.2
2019-11-25,3.8,3.1,4.8,1894,0.0,0.73,1.5
2019-11-26,6.1,4.3,7.4,1866,0.0,0.8,2.1
2019-11-27,6.3,4.5,8.2,2116,1.0,0.81,3.0
2019-11-28,9.9,7.8,12.9,3501,1.5,1.03,4.4
2019-11-29,5.9,1.1,9.8,2784,0.2,0.66,3.6
2019-11-30,0.8,-2.3,4.5,3021,0.0,0.51,1.8
2019-12-01,2.0,-0.5,3.7,1745,0.3,0.57,1.6
2019-12-02,3.3,1.7,4.7,1813,0.0,0.66,2.3
2019-12-03,1.2,-2.6,5.6,2536,0.7,0.5,1.9
2019-12-04,4.2,-0.4,6.6,2685,0.0,0.58,2.1
2019-12-05,0.7,-2.0,4.3,4515,0.0,0.52,2.3
2019-12-06,2.1,-1.0,5.4,1910,1.8,0.56,4.0
2019-12-07,7.8,5.4,9.6,1680,1.3,0.87,4.1
2019-12-08,9.0,7.4,11.1,1666,0.5,1.0,4.7
2019-12-09,7.6,5.1,9.8,3590,1.0,0.86,4.1
2019-12-10,3.0,0.0,5.5,4281,0.0,0.6,3.0
2019-12-11,2.0,0.1,4.1,2422,0.0,0.6,2.8
2019-12-12,2.4,0.8,4.2,1578,0.0,0.63,2.5
2019-12-13,0.9,-1.2,2.9,3474,0.3,0.54,3.5
2019-12-14,3.7,1.8,5.7,1562,3.1,0.67,4.5
2019-12-15,5.6,2.0,9.2,1926,2.8,0.69,4.1
2019-12-16,5.7,3.4,7.5,1550,0.1,0.75,2.3
2019-12-17,7.5,3.3,11.9,2489,0.0,0.77,2.4
2019-12-18,7.0,-0.7,11.1,1707,0.1,0.6,2.3
2019-12-19,4.1,-0.5,7.7,2113,0.1,0.58,2.3
2019-12-20,5.4,-0.2,10.3,3625,6.5,0.61,2.8
2019-12-21,6.8,1.3,9.7,3258,0.4,0.67,2.3
2019-12-22,1.6,-1.7,4.8,1541,0.5,0.52,2.8
2019-12-23,6.4,4.1,7.8,1544,0.2,0.79,3.5
2019-12-24,5.9,4.0,7.8,1793,2.0,0.79,3.0
2019-12-25,5.4,4.7,6.2,1551,1.0,0.82,2.8
2019-12-26,4.9,4.2,6.4,1557,1.8,0.79,1.7
2019-12-27,2.9,0.9,4.3,1853,0.2,0.63,1.8
2019-12-28,1.5,-0.1,2.4,1572,0.0,0.59,1.6
2019-12-29,0.3,-2.9,2.4,3121,0.0,0.48,1.9
2019-12-30,4.6,1.4,7.3,1674,0.0,0.66,2.7
2019-12-31,6.1,3.8,7.6,2022,0.0,0.78,2.5
2020-01-01,2.5,-2.0,4.5,2205,0.0,0.51,1.8
2020-01-02,0.9,-3.9,6.5,4344,0.0,0.46,2.2
2020-01-03,4.6,1.1,7.1,1727,3.7,0.64,3.6
2020-01-04,4.3,1.7,5.4,1657,3.3,0.67,4.2
2020-01-05,1.5,-0.7,3.7,3361,0.0,0.56,2.1
2020-01-06,4.1,2.4,6.0,1910,0.0,0.7,2.2
2020-01-07,2.2,-1.4,4.5,2150,0.2,0.54,2.6
2020-01-08,6.0,2.7,8.5,1731,1.9,0.72,2.9
2020-01-09,8.5,7.1,10.0,1752,3.4,0.97,2.7
2020-01-10,9.6,5.3,10.9,2539,2.4,0.87,3.4
2020-01-11,4.4,1.9,6.9,2569,0.0,0.68,2.7
2020-01-12,3.5,0.7,6.0,4020,0.0,0.62,3.6
2020-01-13,5.8,1.3,7.2,2403,0.0,0.66,2.6
2020-01-14,6.5,1.2,10.3,2248,0.0,0.66,4.0
2020-01-15,9.2,5.9,13.5,3646,0.0,0.92,3.9
2020-01-16,6.2,2.1,10.6,5216,0.0,0.71,2.3
2020-01-17,4.2,1.1,9.8,5088,0.0,0.66,2.6
2020-01-18,5.1,1.9,6.8,3063,0.0,0.68,2.9
2020-01-19,3.3,0.7,4.4,2125,0.0,0.62,1.9
2020-01-20,2.9,0.2,5.0,4792,0.0,0.6,1.9
2020-01-21,2.5,-0.2,6.5,5561,0.0,0.59,2.3
2020-01-22,4.7,3.0,6.2,2132,0.0,0.73,2.1
2020-01-23,3.7,-0.1,6.5,2580,0.0,0.59,1.8
2020-01-24,0.4,-2.8,3.2,5794,0.0,0.49,2.0
2020-01-25,0.6,-0.1,1.3,2247,0.1,0.58,1.9
2020-01-26,-0.3,-1.5,0.5,2288,0.0,0.53,1.9
2020-01-27,4.8,0.2,9.3,4054,0.6,0.62,2.9
2020-01-28,5.6,2.2,9.0,3573,18.5,0.7,4.5
2020-01-29,4.5,2.1,6.2,2693,1.9,0.69,4.4
2020-01-30,5.6,2.9,8.2,2463,4.9,0.74,4.1
2020-01-31,9.8,5.5,11.3,3075,0.3,0.89,4.6
2020-02-01,11.1,8.3,13.2,2557,5.6,1.06,4.5
2020-02-02,7.1,5.5,8.9,2606,6.4,0.87,3.9
2020-02-03,7.0,5.2,9.3,2714,3.5,0.85,3.7
2020-02-04,5.2,3.2,6.7,3420,1.8,0.74,4.1
2020-02-05,3.2,1.4,5.4,6189,0.1,0.65,3.0
2020-02-06,4.5,1.8,6.5,2873,0.1,0.67,2.3
2020-02-07,5.6,4.8,7.0,2866,0.0,0.83,1.9
2020-02-08,4.4,1.0,8.9,7607,0.0,0.65,2.3
2020-02-09,8.2,4.0,13.1,6520,7.7,0.81,5.2
2020-02-10,7.4,3.7,14.2,3099,6.1,0.81,7.0
2020-02-11,5.0,3.2,6.9,3223,0.5,0.74,6.6
2020-02-12,4.7,2.7,6.8,3285,0.1,0.72,5.6
2020-02-13,3.8,0.9,6.4,6204,0.1,0.64,3.3
2020-02-14,3.8,0.5,5.4,3275,1.1,0.61,2.5
2020-02-15,5.0,0.1,10.7,6743,0.0,0.63,3.1
2020-02-16,11.3,6.9,17.6,3608,2.7,1.01,5.2
2020-02-17,10.1,7.1,17.5,3745,0.2,1.02,4.5
2020-02-18,7.0,4.6,8.4,4802,1.7,0.82,4.8
2020-02-19,4.9,3.0,6.6,4241,5.6,0.73,4.3
2020-02-20,5.2,1.0,7.9,5834,4.7,0.65,3.7
2020-02-21,6.0,4.4,7.7,4903,0.1,0.81,4.6
2020-02-22,8.3,5.7,12.4,4468,0.3,0.9,5.3
2020-02-23,6.6,4.3,8.4,3871,9.7,0.8,5.6
2020-02-24,5.3,3.7,7.7,4624,6.5,0.77,3.8
2020-02-25,8.0,3.1,10.3,6695,1.1,0.75,4.7
2020-02-26,2.8,1.6,3.9,4473,1.0,0.66,3.8
2020-02-27,2.8,0.4,5.8,4629,0.5,0.61,3.1
2020-02-28,3.1,-0.2,7.6,6609,0.7,0.59,3.7
2020-02-29,6.2,1.2,11.9,6068,1.3,0.68,4.1
2020-03-01,6.7,2.8,11.1,8591,1.2,0.74,4.1
2020-03-02,5.6,2.2,8.7,4703,0.0,0.7,2.6
2020-03-03,4.5,2.5,7.0,4534,2.9,0.71,2.7
2020-03-04,4.1,0.4,8.8,10041,0.2,0.63,2.3
2020-03-05,4.9,0.3,10.7,9415,0.4,0.63,2.6
2020-03-06,5.5,3.1,7.8,4766,2.2,0.74,3.9
2020-03-07,4.6,1.4,6.3,4845,0.9,0.65,3.1
2020-03-08,5.0,-0.8,10.0,8317,0.0,0.59,3.1
2020-03-09,6.4,4.0,9.3,5004,2.4,0.79,2.6
2020-03-10,6.1,2.1,10.8,5971,7.3,0.7,4.5
2020-03-11,9.8,6.6,13.5,10984,1.3,0.96,4.4
2020-03-12,9.8,3.7,14.3,8047,2.1,0.8,5.3
2020-03-13,6.3,2.9,9.4,7607,0.7,0.73,4.6
2020-03-14,2.8,-2.3,7.7,15257,0.0,0.52,1.9
2020-03-15,4.9,-1.9,11.1,14035,0.0,0.56,3.2
2020-03-16,8.3,2.2,16.7,14755,0.0,0.76,2.0
2020-03-17,8.3,0.3,16.3,11325,0.0,0.67,2.0
2020-03-18,10.9,3.8,17.5,15174,0.0,0.84,2.4
2020-03-19,9.9,7.0,14.6,7166,0.0,0.99,1.5
2020-03-20,7.2,4.5,9.7,5903,0.0,0.82,2.3
2020-03-21,3.7,-0.7,7.6,13705,0.0,0.58,4.0
2020-03-22,1.4,-2.4,6.1,17297,0.0,0.51,3.8
2020-03-23,0.5,-5.4,6.2,17766,0.0,0.42,3.1
2020-03-24,1.7,-6.3,8.1,18038,0.0,0.41,2.9
2020-03-25,3.5,-3.2,10.1,18211,0.0,0.51,3.3
2020-03-26,5.1,-2.3,11.6,17367,0.0,0.55,3.4
2020-03-27,8.8,2.2,15.9,17734,0.0,0.74,2.9
2020-03-28,7.4,0.2,14.4,18104,0.0,0.66,2.6
2020-03-29,3.2,-3.0,6.0,6859,0.0,0.49,4.0
2020-03-30,0.6,-4.0,5.1,12164,0.0,0.45,2.7
2020-03-31,1.1,-3.5,5.5,12494,0.0,0.47,2.1
2020-04-01,4.3,-1.9,10.4,17587,0.0,0.55,2.3
2020-04-02,6.9,3.2,11.2,10283,0.0,0.76,2.9
2020-04-03,6.8,-0.1,11.2,15101,0.0,0.62,3.0
2020-04-04,6.7,-0.1,12.9,17389,0.0,0.63,1.7
2020-04-05,8.7,-1.9,16.7,20678,0.0,0.6,2.9
2020-04-06,13.6,4.7,22.9,20838,0.0,0.95,2.4
2020-04-07,13.2,4.5,20.4,20886,0.0,0.91,2.0
2020-04-08,12.4,1.6,22.6,21153,0.0,0.79,1.7
2020-04-09,11.2,3.0,19.1,17313,0.0,0.82,2.0
2020-04-10,8.8,-0.9,16.1,21126,0.0,0.62,1.8
2020-04-11,8.2,-0.6,15.9,21948,0.0,0.63,1.5
2020-04-12,13.2,0.3,24.0,20972,0.7,0.76,1.9
2020-04-13,7.5,0.8,11.2,11828,0.0,0.65,3.9
2020-04-14,6.1,0.2,11.3,19550,0.0,0.63,2.9
2020-04-15,9.5,5.1,15.4,18424,0.0,0.88,2.6
2020-04-16,12.0,4.0,18.2,20730,0.0,0.86,2.0
2020-04-17,10.4,3.1,16.6,22016,0.0,0.8,1.6
2020-04-18,10.2,2.4,17.3,23657,0.0,0.77,2.1
2020-04-19,8.7,4.0,13.7,23913,0.0,0.81,3.0
2020-04-20,9.1,0.8,15.6,24167,0.0,0.69,4.1
2020-04-21,10.9,4.0,17.6,24303,0.0,0.85,4.6
2020-04-22,11.8,3.7,19.0,24554,0.0,0.85,3.6
2020-04-23,12.7,2.3,21.8,24567,0.0,0.82,1.9
2020-04-24,14.0,3.7,22.4,19120,0.0,0.88,2.8
2020-04-25,10.8,5.2,14.7,13393,0.0,0.88,2.5
2020-04-26,10.5,1.0,18.3,20406,0.0,0.72,1.5
2020-04-27,13.4,0.7,23.3,23629,0.0,0.77,1.8
2020-04-28,15.8,5.1,24.6,21458,5.4,0.99,2.1
2020-04-29,11.1,7.5,16.9,11191,3.7,1.04,2.5
2020-04-30,14.1,8.9,19.1,15739,0.4,1.14,2.9
2020-05-01,14.2,9.9,18.5,15337,0.1,1.21,3.1
2020-05-02,10.9,7.0,16.1,16026,3.3,0.99,3.0
2020-05-03,11.1,6.9,15.7,12692,0.0,0.99,2.0
2020-05-04,9.9,3.5,14.5,10805,0.8,0.79,2.1
2020-05-05,7.3,1.7,11.7,20800,1.3,0.69,2.5
2020-05-06,11.7,5.2,17.2,22485,0.0,0.91,2.4
2020-05-07,11.0,5.7,16.9,13704,0.0,0.92,2.0
2020-05-08,14.0,3.8,21.9,26364,0.0,0.89,1.6
2020-05-09,16.5,3.8,22.9,27198,0.0,0.9,1.5
2020-05-10,18.0,9.3,24.4,18735,0.6,1.23,2.1
2020-05-11,8.0,1.1,14.9,9739,7.3,0.69,3.7
2020-05-12,7.5,-0.3,12.4,21366,0.0,0.62,2.4
2020-05-13,9.7,4.4,15.7,16077,0.0,0.85,2.0
2020-05-14,9.6,1.8,14.9,18762,0.0,0.72,2.5
2020-05-15,10.4,-0.4,16.2,24455,0.0,0.65,2.6
2020-05-16,12.4,7.3,16.4,18387,0.1,1.03,2.4
2020-05-17,14.1,7.5,19.2,23968,0.0,1.06,2.5
2020-05-18,16.5,10.5,22.3,14985,0.0,1.29,2.3
2020-05-19,15.1,7.4,20.0,15036,0.0,1.06,2.3
2020-05-20,14.7,7.2,20.3,25922,0.0,1.05,1.6
2020-05-21,14.5,4.9,20.7,27876,0.0,0.93,1.5
2020-05-22,16.5,4.9,23.2,21875,3.2,0.96,2.1
2020-05-23,15.3,9.5,20.6,11053,0.3,1.19,2.8
2020-05-24,12.4,7.7,17.8,16534,4.1,1.05,3.5
2020-05-25,12.4,7.5,15.1,11763,0.7,1.02,3.1
2020-05-26,13.9,6.5,20.6,24608,0.0,1.02,1.6
2020-05-27,16.3,4.4,23.4,24527,0.0,0.93,1.9
2020-05-28,15.2,9.0,20.8,23174,0.0,1.17,2.7
2020-05-29,14.7,6.2,21.0,22834,0.0,1.0,2.1
2020-05-30,13.9,6.1,18.9,23382,0.0,0.97,2.5
2020-05-31,16.5,9.8,23.4,23292,0.0,1.25,2.7
2020-06-01,16.8,7.3,24.3,30460,0.0,1.1,2.4
2020-06-02,19.4,8.3,27.9,28203,0.0,1.21,1.7
2020-06-03,17.4,9.1,24.6,28364,0.0,1.23,1.9
2020-06-04,18.3,9.8,24.9,19975,2.0,1.29,2.2
2020-06-05,15.1,12.5,18.9,15406,0.1,1.42,3.4
2020-06-06,14.6,9.5,19.8,22068,0.0,1.19,3.2
2020-06-07,14.7,6.7,19.9,11617,0.5,1.01,2.3
2020-06-08,16.4,10.7,22.2,21856,0.0,1.31,1.5
2020-06-09,17.6,11.0,23.2,17913,0.0,1.33,1.9
2020-06-10,16.7,10.6,22.7,20486,0.7,1.31,2.1
2020-06-11,17.8,14.4,22.2,13596,0.0,1.62,2.0
2020-06-12,21.4,14.2,29.4,21537,0.0,1.69,2.5
2020-06-13,22.4,17.5,33.6,20269,9.7,2.12,2.4
2020-06-14,21.1,14.9,26.5,23093,0.0,1.73,2.7
2020-06-15,19.2,12.5,24.9,27578,0.0,1.47,2.0
2020-06-16,20.1,11.5,27.3,28992,0.0,1.45,1.4
2020-06-17,22.5,12.5,29.2,25030,0.0,1.54,1.7
2020-06-18,20.6,16.5,24.6,14670,0.0,1.86,2.2
2020-06-19,18.0,15.9,20.6,11217,0.3,1.76,2.3
2020-06-20,16.4,14.6,18.3,10832,0.6,1.6,2.5
2020-06-21,16.6,14.2,18.7,10831,10.4,1.57,2.0
2020-06-22,19.5,11.7,26.5,29625,0.0,1.45,2.2
2020-06-23,18.5,11.8,24.0,30767,0.0,1.42,1.8
2020-06-24,19.4,10.4,26.0,19636,0.2,1.34,2.1
2020-06-25,22.3,18.5,27.5,23204,0.0,2.12,2.4
2020-06-26,21.5,15.5,27.6,22553,0.4,1.8,2.0
2020-06-27,23.9,14.8,31.6,26370,0.2,1.8,2.1
2020-06-28,22.9,18.0,29.9,21245,7.3,2.1,2.5
2020-06-29,19.2,13.7,25.0,20462,0.2,1.59,2.5
2020-06-30,19.2,13.6,24.5,23377,0.0,1.57,3.5
2020-07-01,19.4,16.6,23.8,12898,2.2,1.86,2.8
2020-07-02,20.1,16.0,25.0,19762,0.0,1.79,2.3
2020-07-03,19.4,14.8,24.0,19992,0.0,1.68,2.4
2020-07-04,21.0,12.9,26.2,22640,0.0,1.54,3.3
2020-07-05,22.8,18.6,28.4,16249,0.8,2.13,4.0
2020-07-06,18.4,13.5,22.7,23469,0.0,1.55,4.0
2020-07-07,16.2,11.6,20.6,19877,0.5,1.37,2.5
2020-07-08,14.8,12.1,19.4,12226,1.2,1.39,2.0
2020-07-09,16.6,13.1,20.7,10674,6.9,1.48,2.1
2020-07-10,18.9,12.1,25.7,12166,4.8,1.46,2.9
2020-07-11,15.1,9.1,21.3,20114,0.1,1.18,2.2
2020-07-12,15.4,7.5,21.6,23490,0.0,1.09,1.9
2020-07-13,18.0,10.9,24.6,25594,0.0,1.34,1.6
2020-07-14,20.6,10.3,28.6,24912,0.0,1.37,1.7
2020-07-15,17.4,13.6,23.3,14515,3.2,1.55,1.7
2020-07-16,16.3,12.6,21.2,16994,3.1,1.45,1.7
2020-07-17,16.7,10.3,22.3,17451,0.1,1.28,1.5
2020-07-18,20.1,10.6,28.2,23689,0.0,1.38,1.3
2020-07-19,22.4,15.4,31.2,23128,18.9,1.86,1.5
2020-07-20,19.5,12.9,26.1,22692,6.9,1.53,2.2
2020-07-21,17.2,10.8,23.1,21504,0.0,1.32,2.1
2020-07-22,16.6,8.0,23.1,22818,0.2,1.13,1.8
2020-07-23,17.2,10.1,23.5,19256,0.0,1.28,1.6
2020-07-24,20.2,10.0,28.9,22061,0.0,1.35,2.4
2020-07-25,19.6,11.1,26.6,18882,0.0,1.39,1.9
2020-07-26,19.2,13.5,25.1,16208,5.2,1.56,2.5
2020-07-27,20.4,12.3,27.1,19122,0.0,1.51,1.9
2020-07-28,23.1,18.3,28.5,19176,0.0,2.1,3.3
2020-07-29,18.7,10.6,24.0,18116,0.0,1.32,2.8
2020-07-30,17.2,8.6,24.3,22113,0.0,1.18,1.8
2020-07-31,19.0,9.7,27.5,26336,0.0,1.32,1.6
2020-08-01,21.6,11.1,29.4,26734,0.1,1.44,2.0
2020-08-02,21.2,18.1,28.0,11699,1.8,2.08,1.9
2020-08-03,18.4,12.4,22.8,12735,0.0,1.45,1.9
2020-08-04,17.3,10.0,24.0,15836,0.0,1.28,1.8
2020-08-05,19.7,8.5,27.7,26455,0.0,1.23,1.9
2020-08-06,22.7,12.2,30.3,26349,0.0,1.55,1.7
2020-08-07,24.9,15.0,33.8,25152,0.0,1.85,1.6
2020-08-08,27.1,16.8,36.0,23597,0.0,2.08,1.4
2020-08-09,26.1,17.8,34.9,17961,1.3,2.17,1.7
2020-08-10,24.4,18.8,32.2,15832,0.1,2.23,2.0
2020-08-11,24.8,17.4,32.4,25422,0.0,2.09,2.3
2020-08-12,23.4,15.6,31.1,25540,0.0,1.86,2.3
2020-08-13,24.4,13.6,32.4,20076,0.4,1.7,2.0
2020-08-14,21.5,17.7,25.8,9087,1.1,2.01,1.7
2020-08-15,23.5,17.6,30.9,21511,0.0,2.07,1.4
2020-08-16,23.9,14.9,30.7,24800,0.0,1.77,1.8
2020-08-17,23.2,13.5,31.8,23148,0.0,1.69,1.8
2020-08-18,20.1,16.4,22.5,9383,0.1,1.81,1.8
2020-08-19,20.4,14.3,26.6,16969,1.3,1.66,1.5
2020-08-20,22.8,12.4,31.3,17787,0.0,1.59,1.9
2020-08-21,27.9,18.8,35.9,20667,0.1,2.3,2.2
2020-08-22,22.8,16.6,26.1,9877,5.9,1.87,2.7
2020-08-23,19.7,14.5,26.3,15616,0.0,1.67,3.0
2020-08-24,18.6,13.6,23.8,16643,0.7,1.55,2.3
2020-08-25,18.8,13.2,24.2,17318,1.8,1.52,2.2
2020-08-26,17.5,14.8,21.7,9880,4.5,1.65,5.1
2020-08-27,16.7,10.5,21.1,13154,0.0,1.28,2.7
2020-08-28,17.2,10.4,23.5,9706,0.2,1.31,2.4
2020-08-29,19.0,14.9,24.4,11613,0.0,1.69,2.1
2020-08-30,18.0,14.6,23.5,9528,21.2,1.64,1.8
2020-08-31,16.7,12.4,23.2,13168,4.2,1.46,1.8
2020-09-01,14.2,9.5,19.5,13275,0.1,1.19,1.7
2020-09-02,14.6,9.9,19.2,8172,14.3,1.22,1.5
2020-09-03,17.9,14.2,23.0,16392,1.8,1.62,2.2
2020-09-04,18.4,16.0,23.1,10146,1.5,1.79,2.3
2020-09-05,16.3,12.2,18.0,7169,0.8,1.39,2.3
2020-09-06,14.8,9.0,19.9,17468,0.0,1.16,1.9
2020-09-07,14.0,8.7,20.5,14689,0.1,1.15,1.7
2020-09-08,16.7,8.2,23.5,10583,0.0,1.16,2.4
2020-09-09,20.2,15.1,26.2,11516,0.8,1.74,2.4
2020-09-10,14.9,7.6,19.6,15014,0.0,1.06,1.8
2020-09-11,14.8,6.9,22.1,18052,0.0,1.06,1.4
2020-09-12,18.0,7.9,26.7,17686,0.0,1.16,2.1
2020-09-13,17.6,9.7,24.2,16716,0.0,1.27,1.9
2020-09-14,20.0,10.8,29.8,17663,0.0,1.43,1.5
2020-09-15,21.8,12.5,30.9,17597,0.0,1.57,1.3
2020-09-16,22.4,14.9,30.6,16342,0.0,1.8,1.9
2020-09-17,14.4,5.4,19.0,15986,0.0,0.93,2.7
2020-09-18,11.1,2.7,19.8,17578,0.0,0.81,2.2
2020-09-19,12.9,3.8,21.0,14990,0.0,0.87,1.8
2020-09-20,14.3,5.6,23.0,16751,0.0,0.99,1.7
2020-09-21,15.0,6.4,25.1,16484,0.0,1.06,1.2
2020-09-22,17.2,8.1,26.5,15936,0.0,1.18,1.2
2020-09-23,19.8,13.3,28.0,12592,0.0,1.59,1.9
2020-09-24,17.4,10.2,23.2,9673,0.5,1.29,2.8
2020-09-25,13.5,10.7,15.8,5701,8.1,1.25,2.6
2020-09-26,11.1,9.8,11.9,5344,44.0,1.17,3.0
2020-09-27,10.2,8.0,12.1,5264,4.2,1.04,2.1
2020-09-28,13.4,8.1,18.3,12955,0.1,1.08,1.5
2020-09-29,13.7,8.7,18.5,8910,0.0,1.12,1.6
2020-09-30,11.8,5.4,19.6,10197,0.0,0.94,1.4
2020-10-01,11.9,5.9,14.9,4946,0.7,0.93,2.0
2020-10-02,14.0,10.9,16.2,4867,0.3,1.27,2.9
2020-10-03,16.6,11.1,22.0,12112,2.4,1.33,3.3
2020-10-04,13.9,5.3,19.5,9180,0.0,0.93,2.9
2020-10-05,11.5,4.6,17.6,7306,0.0,0.87,2.7
2020-10-06,12.9,7.4,16.0,7450,0.0,1.03,3.5
2020-10-07,12.6,8.2,16.4,6445,4.8,1.08,3.2
2020-10-08,12.5,6.4,15.6,6997,3.2,0.96,3.5
2020-10-09,13.4,9.1,16.2,6094,2.9,1.14,2.2
2020-10-10,10.8,3.6,12.9,5368,0.0,0.79,2.6
2020-10-11,6.7,0.8,11.0,7085,0.1,0.66,2.0
2020-10-12,7.4,0.3,12.9,4888,0.0,0.64,1.6
2020-10-13,7.3,-1.7,11.9,6188,2.5,0.57,1.6
2020-10-14,10.2,7.8,11.2,3971,12.9,1.03,3.4
2020-10-15,10.8,8.2,12.0,3900,0.4,1.05,2.7
2020-10-16,9.4,6.7,11.8,3979,0.8,0.96,2.1
2020-10-17,8.9,5.1,11.4,6033,1.2,0.86,1.4
2020-10-18,8.1,4.7,10.0,3911,0.5,0.83,2.3
2020-10-19,8.2,2.9,12.1,5416,0.0,0.75,1.7
2020-10-20,8.7,2.4,12.2,4622,1.7,0.73,2.4
2020-10-21,12.3,8.4,15.2,3496,0.2,1.08,2.9
2020-10-22,15.9,11.5,20.0,5780,0.0,1.35,3.0
2020-10-23,14.0,8.1,16.9,3573,15.8,1.07,2.0
2020-10-24,13.0,8.4,16.7,6003,0.0,1.1,2.8
2020-10-25,12.1,6.9,17.4,8242,0.0,1.0,2.8
2020-10-26,11.3,7.7,14.5,3513,0.3,1.03,2.4
2020-10-27,10.0,6.2,13.0,3449,0.0,0.93,3.1
2020-10-28,9.7,6.0,13.5,3515,2.3,0.92,3.4
2020-10-29,9.8,5.4,12.6,4912,1.5,0.88,3.5
2020-10-30,11.0,4.9,14.1,2951,10.0,0.87,3.3
2020-10-31,14.1,11.5,16.2,2958,0.7,1.31,2.2
2020-11-01,12.3,9.9,14.1,2841,2.9,1.19,2.9
2020-11-02,16.5,13.6,19.9,3996,2.4,1.51,4.0
2020-11-03,12.4,8.9,16.5,6674,0.0,1.12,2.7
2020-11-04,8.1,2.0,11.9,5513,0.0,0.71,2.3
2020-11-05,6.8,1.5,11.2,5196,0.0,0.68,2.2
2020-11-06,9.4,8.4,10.4,2585,0.0,1.06,1.8
2020-11-07,7.8,2.0,12.7,6287,0.1,0.72,1.7
2020-11-08,3.8,1.4,5.9,2490,0.0,0.66,1.4
2020-11-09,5.9,5.3,6.6,2444,0.0,0.86,1.8
2020-11-10,5.4,4.8,6.1,2400,0.3,0.83,1.8
2020-11-11,5.9,5.3,6.7,2356,0.0,0.85,1.6
2020-11-12,7.1,5.4,9.5,3063,0.0,0.87,2.3
2020-11-13,7.4,3.7,11.7,3911,0.3,0.79,2.0
2020-11-14,10.8,7.0,14.8,2598,0.1,0.99,2.0
2020-11-15,9.7,6.5,15.1,4517,0.4,0.97,3.1
2020-11-16,9.5,6.4,13.2,2921,0.1,0.94,3.5
2020-11-17,10.4,8.6,11.6,2725,1.1,1.08,3.0
2020-11-18,10.8,7.6,13.2,2333,0.0,1.01,2.7
2020-11-19,9.4,4.4,12.1,2246,0.3,0.82,4.0
2020-11-20,3.1,-1.8,6.3,5923,0.0,0.53,2.2
2020-11-21,3.8,-0.8,6.8,3047,0.2,0.57,3.0
2020-11-22,7.5,5.9,10.6,2144,0.7,0.9,2.8
2020-11-23,6.2,3.6,8.8,4811,0.0,0.77,2.4
2020-11-24,2.5,-0.5,6.7,4847,0.0,0.58,2.4
2020-11-25,-0.3,-2.8,2.7,2470,0.0,0.48,2.2
2020-11-26,2.8,-1.1,6.4,1840,0.4,0.56,1.9
2020-11-27,5.5,3.4,6.6,1814,0.0,0.75,1.4
2020-11-28,3.2,-0.4,6.5,2197,0.2,0.59,1.8
2020-11-29,3.5,1.4,5.4,1767,0.0,0.65,1.8
2020-11-30,1.0,-1.7,2.4,1745,0.1,0.52,2.1
2020-12-01,2.2,-0.4,3.7,1724,0.0,0.58,2.0
2020-12-02,-0.1,-2.0,2.2,1836,0.0,0.51,1.8
2020-12-03,-0.7,-2.2,0.5,1686,0.0,0.5,3.0
2020-12-04,0.8,-2.3,4.1,1798,0.0,0.51,3.0
2020-12-05,2.9,-0.7,8.8,3109,0.0,0.58,2.0
2020-12-06,7.7,0.8,11.9,2702,0.1,0.66,1.9
2020-12-07,6.5,5.2,7.9,1623,0.0,0.85,2.4
2020-12-08,3.5,1.0,5.2,2579,0.2,0.63,1.8
2020-12-09,1.3,-0.2,2.1,1598,0.0,0.58,1.8
2020-12-10,-0.6,-1.0,0.0,1588,0.0,0.54,1.6
2020-12-11,-0.3,-1.1,1.1,1578,0.0,0.54,2.8
2020-12-12,1.9,0.2,2.8,1569,0.6,0.59,2.2
2020-12-13,2.6,1.9,3.4,1562,0.0,0.67,1.8
2020-12-14,4.7,3.0,7.3,2502,0.0,0.73,2.6
2020-12-15,5.1,2.5,7.1,1550,0.1,0.7,2.2
2020-12-16,7.4,4.8,8.6,1546,0.0,0.83,1.9
2020-12-17,4.9,1.8,6.5,2730,0.7,0.67,2.6
2020-12-18,4.4,0.6,7.5,3832,0.0,0.63,2.3
2020-12-19,2.2,0.3,6.3,4157,0.1,0.61,2.7
2020-12-20,2.4,0.0,5.1,2971,0.9,0.6,2.3
2020-12-21,3.8,2.1,6.6,2278,3.5,0.69,2.7
2020-12-22,8.9,4.4,13.2,1585,4.0,0.84,3.8
2020-12-23,7.1,4.4,10.9,1547,4.7,0.82,2.2
2020-12-24,7.2,3.5,11.0,1963,2.7,0.78,3.4
2020-12-25,2.6,1.4,3.9,1557,0.4,0.65,2.4
2020-12-26,1.2,-0.2,1.8,2018,0.0,0.58,3.0
2020-12-27,1.6,0.5,2.3,1820,0.0,0.61,5.0
2020-12-28,2.5,1.1,4.1,1622,0.0,0.64,2.6
2020-12-29,2.3,0.1,4.7,2176,0.0,0.6,2.6
2020-12-30,2.1,-1.2,5.2,4332,0.0,0.55,2.7
2020-12-31,2.1,0.3,4.8,3302,0.1,0.6,2.4
2021-01-01,1.0,0.0,1.8,1614,2.0,0.59,1.4
2021-01-02,-0.8,-2.4,1.6,2009,1.3,0.5,1.6
2021-01-03,0.1,-1.7,0.7,1642,19.2,0.52,2.6
2021-01-04,0.7,0.3,0.8,1657,0.5,0.6,2.6
2021-01-05,1.4,0.3,3.3,1674,5.1,0.6,2.6
2021-01-06,1.5,0.3,3.2,1692,0.6,0.6,2.2
2021-01-07,1.1,0.4,1.4,1711,0.2,0.6,2.1
2021-01-08,1.0,0.2,1.7,1731,0.0,0.6,2.1
2021-01-09,1.3,0.2,2.1,1752,0.3,0.59,1.6
2021-01-10,0.7,-1.4,1.6,2089,0.2,0.53,1.9
2021-01-11,0.4,-1.2,1.5,1798,1.0,0.54,3.2
2021-01-12,1.4,0.3,2.5,1822,3.7,0.6,4.0
2021-01-13,1.9,-0.1,3.6,1848,3.5,0.59,4.2
2021-01-14,1.0,-0.7,2.0,2715,0.3,0.56,2.9
2021-01-15,-0.4,-3.9,1.5,1950,0.3,0.44,2.2
2021-01-16,-2.0,-4.5,-0.4,1932,0.0,0.42,2.1
2021-01-17,-3.1,-8.6,-1.4,1963,0.0,0.31,1.6
2021-01-18,-3.1,-8.9,2.8,1994,2.9,0.32,2.9
2021-01-19,2.4,0.6,5.5,2027,4.2,0.62,3.8
2021-01-20,6.0,3.2,9.1,2607,0.0,0.75,3.6
2021-01-21,8.0,3.4,12.4,3703,0.1,0.78,4.4
2021-01-22,6.9,0.7,9.9,2538,0.0,0.64,3.5
2021-01-23,1.3,-0.4,3.0,2169,10.6,0.57,2.1
2021-01-24,0.8,-0.2,1.4,2208,1.2,0.58,2.4
2021-01-25,1.3,-0.4,2.3,2247,0.1,0.57,1.8
2021-01-26,1.0,-1.4,2.7,4470,0.2,0.53,3.0
2021-01-27,1.4,-0.7,4.6,3354,0.7,0.56,2.5
2021-01-28,1.3,-2.0,3.3,2373,0.1,0.51,2.6
2021-01-29,-1.3,-4.3,-0.1,2693,3.1,0.43,3.5
2021-01-30,-2.0,-6.9,1.3,3748,0.0,0.36,2.6
2021-01-31,-5.7,-10.3,-0.1,6185,0.0,0.28,2.1
2021-02-01,-4.4,-11.5,1.6,5477,0.2,0.27,2.2
2021-02-02,0.7,-1.5,2.4,2606,2.9,0.53,2.3
2021-02-03,2.3,0.7,4.6,2655,13.7,0.62,3.3
2021-02-04,0.7,-0.2,2.3,2706,0.6,0.58,2.8
2021-02-05,0.2,-1.2,1.6,2759,0.3,0.54,2.4
2021-02-06,-2.1,-4.5,-0.8,2812,0.0,0.42,3.9
2021-02-07,-5.8,-7.1,-4.3,2866,0.0,0.35,4.8
2021-02-08,-9.1,-10.0,-6.8,2921,5.5,0.27,3.6
2021-02-09,-8.5,-10.0,-6.6,2978,0.5,0.27,1.9
2021-02-10,-8.7,-14.6,-4.5,5789,0.1,0.2,2.3
2021-02-11,-5.9,-12.3,-1.3,6141,0.1,0.25,1.8
2021-02-12,-5.6,-9.7,-1.9,8864,0.0,0.29,2.3
2021-02-13,-4.9,-10.6,-1.1,4277,0.0,0.28,2.1
2021-02-14,-7.3,-14.6,-2.6,4352,0.0,0.21,2.0
2021-02-15,-6.3,-15.2,0.9,5994,6.1,0.21,2.7
2021-02-16,0.9,-2.3,3.3,3401,0.3,0.5,2.2
2021-02-17,4.5,1.1,6.8,3466,1.0,0.64,2.9
2021-02-18,5.6,1.1,10.5,7485,2.8,0.67,2.5
2021-02-19,4.9,-1.4,9.3,5527,0.0,0.56,2.5
2021-02-20,4.8,-1.7,12.4,7425,0.0,0.56,2.2
2021-02-21,7.6,2.6,15.5,10391,0.0,0.76,2.2
2021-02-22,5.1,0.0,12.7,10760,0.0,0.63,2.0
2021-02-23,9.0,1.6,17.6,7765,0.0,0.74,2.0
2021-02-24,11.0,3.8,19.3,9623,0.0,0.85,2.2
2021-02-25,11.3,3.3,19.3,10372,2.6,0.83,2.1
2021-02-26,6.8,3.9,8.7,4783,0.7,0.78,2.4
2021-02-27,5.8,0.8,9.2,5882,0.0,0.64,2.3
2021-02-28,2.6,0.4,4.5,5024,0.0,0.61,2.0
2021-03-01,4.3,-1.6,9.5,8551,0.0,0.55,1.6
2021-03-02,3.6,-3.1,14.4,12153,0.0,0.54,1.4
2021-03-03,6.0,-2.6,14.5,11493,0.0,0.56,1.6
2021-03-04,4.2,2.0,8.3,4534,0.1,0.69,2.4
2021-03-05,1.2,-3.9,5.9,11378,0.0,0.46,2.4
2021-03-06,0.8,-5.2,4.6,8234,0.0,0.42,2.3
2021-03-07,3.2,2.2,4.5,5449,0.1,0.69,2.5
2021-03-08,1.3,-4.0,5.8,13803,0.0,0.45,1.6
2021-03-09,-0.2,-5.7,6.9,13362,0.0,0.42,1.6
2021-03-10,0.9,-6.5,7.9,14052,1.0,0.4,2.2
2021-03-11,5.7,0.7,11.3,6503,4.7,0.65,5.2
2021-03-12,7.4,4.7,10.9,9731,0.5,0.83,5.0
2021-03-13,6.1,4.4,10.3,6601,7.5,0.81,5.4
2021-03-14,5.3,3.5,8.1,6968,1.0,0.76,4.2
2021-03-15,5.1,3.2,8.8,6973,5.8,0.75,3.6
2021-03-16,4.2,2.1,6.5,5676,0.5,0.69,3.2
2021-03-17,3.1,-0.5,7.0,7259,1.6,0.58,2.0
2021-03-18,1.2,-2.1,6.1,6978,4.1,0.52,1.6
2021-03-19,0.4,-3.0,4.0,8978,0.5,0.48,2.5
2021-03-20,0.9,-3.1,4.1,7454,0.3,0.48,2.4
2021-03-21,4.5,-0.4,9.4,8035,1.8,0.59,3.7
2021-03-22,4.5,-2.1,9.7,16050,0.2,0.54,2.4
2021-03-23,6.1,4.5,8.2,6069,0.1,0.81,2.0
2021-03-24,7.0,1.5,12.5,9527,0.0,0.69,1.8
2021-03-25,8.0,0.1,15.6,13237,0.0,0.66,1.7
2021-03-26,9.4,2.9,16.6,9040,0.1,0.78,2.2
2021-03-27,6.2,1.8,12.9,10260,4.9,0.71,4.0
2021-03-28,6.9,0.2,12.8,11394,0.2,0.64,3.1
2021-03-29,13.8,9.3,18.6,9658,0.4,1.16,2.9
2021-03-30,13.6,4.6,21.8,18786,0.0,0.92,1.7
2021-03-31,13.5,3.6,23.4,19265,0.0,0.9,1.3
2021-04-01,10.2,4.9,16.8,7343,0.1,0.89,2.5
2021-04-02,6.5,1.3,12.3,16000,0.1,0.68,3.1
2021-04-03,5.0,-2.7,9.5,13265,0.0,0.51,2.8
2021-04-04,4.6,-4.6,11.7,17887,0.0,0.47,2.5
2021-04-05,3.5,0.6,6.8,10812,3.9,0.63,4.8
2021-04-06,1.5,-1.1,7.0,13844,0.4,0.56,4.0
2021-04-07,3.4,1.0,7.3,10036,1.1,0.64,4.3
2021-04-08,4.5,1.8,8.7,9474,0.1,0.68,3.5
2021-04-09,8.0,1.1,14.0,17401,0.7,0.69,3.0
2021-04-10,6.8,3.4,9.2,7549,3.0,0.76,2.0
2021-04-11,12.7,5.7,21.3,14879,0.6,0.98,3.0
2021-04-12,5.5,1.8,8.1,8156,0.2,0.68,2.7
2021-04-13,4.9,-1.1,9.8,17140,0.0,0.58,2.6
2021-04-14,4.3,0.2,9.2,11941,0.0,0.62,2.1
2021-04-15,3.7,0.6,7.6,8055,1.1,0.63,2.3
2021-04-16,6.4,3.7,10.4,11906,0.6,0.78,2.4
2021-04-17,8.1,4.4,14.5,9588,6.1,0.85,2.1
2021-04-18,7.4,4.4,13.5,10016,8.2,0.83,1.6
2021-04-19,10.3,4.4,17.9,15661,2.4,0.87,1.7
2021-04-20,10.6,2.9,18.2,21702,0.0,0.8,1.6
2021-04-21,10.4,1.3,17.5,19260,0.0,0.72,2.6
2021-04-22,7.1,4.1,11.8,14918,0.6,0.8,3.6
2021-04-23,8.0,4.0,13.8,17488,0.0,0.81,2.6
2021-04-24,7.5,1.1,12.3,14283,0.0,0.67,2.3
2021-04-25,5.0,-1.5,10.8,14612,0.0,0.56,2.4
2021-04-26,4.0,-3.4,10.6,19107,0.0,0.5,2.1
2021-04-27,6.1,-3.0,12.9,25304,0.0,0.53,2.5
2021-04-28,9.9,0.1,17.4,22430,0.0,0.68,2.2
2021-04-29,10.2,6.9,17.3,11359,8.6,0.99,3.0
2021-04-30,7.8,5.5,10.0,9020,0.3,0.87,1.9
2021-05-01,8.5,5.4,12.1,12110,0.8,0.88,1.7
2021-05-02,7.7,5.8,10.9,9150,23.0,0.9,2.7
2021-05-03,7.2,2.4,11.9,13471,0.1,0.73,2.8
2021-05-04,10.0,2.8,15.5,13058,2.4,0.78,5.1
2021-05-05,9.4,5.8,13.8,18388,1.5,0.91,5.1
2021-05-06,7.6,4.2,11.2,20187,0.5,0.81,3.1
2021-05-07,5.4,1.9,9.6,12653,7.0,0.69,3.0
2021-05-08,9.3,2.5,15.1,21095,0.0,0.76,2.4
2021-05-09,17.9,9.7,26.2,24635,0.0,1.29,3.0
2021-05-10,21.1,11.5,29.1,26951,0.0,1.45,2.6
2021-05-11,21.6,12.8,30.5,24686,0.0,1.61,2.3
2021-05-12,15.1,13.3,16.6,9739,10.0,1.47,2.5
2021-05-13,12.4,11.3,13.5,9792,2.9,1.28,2.2
2021-05-14,10.7,7.4,12.3,10093,0.1,1.0,2.2
2021-05-15,12.8,4.8,19.8,19511,2.7,0.9,2.3
2021-05-16,13.5,7.8,19.0,19076,2.9,1.07,2.4
2021-05-17,13.3,6.2,20.2,16006,0.7,0.99,2.6
2021-05-18,11.9,7.4,15.7,17568,0.0,1.01,2.5
2021-05-19,11.7,5.4,17.7,24913,0.0,0.92,2.2
2021-05-20,12.2,5.6,17.8,20322,0.0,0.93,2.3
2021-05-21,14.9,8.7,21.4,20378,0.4,1.16,3.6
2021-05-22,13.1,8.7,18.4,17657,1.3,1.12,4.2
2021-05-23,11.6,7.0,17.0,18338,1.2,1.0,3.0
2021-05-24,15.3,6.8,22.1,26732,0.3,1.04,2.7
2021-05-25,12.9,9.0,17.5,16155,3.3,1.13,3.7
2021-05-26,11.7,8.3,15.4,14550,0.7,1.08,3.4
2021-05-27,11.7,7.4,16.7,14716,2.2,1.03,3.1
2021-05-28,11.7,6.4,16.3,14500,1.2,0.97,2.1
2021-05-29,12.1,5.3,18.6,19363,0.0,0.93,2.1
2021-05-30,12.9,3.9,20.0,29953,0.0,0.87,2.1
2021-05-31,13.7,5.1,21.1,30251,0.0,0.95,1.8
2021-06-01,16.1,7.5,23.0,20364,0.2,1.1,1.9
2021-06-02,18.1,10.9,25.0,26511,0.0,1.36,2.2
2021-06-03,19.9,10.5,26.5,30115,0.0,1.35,2.0
2021-06-04,16.8,13.3,21.8,15357,0.9,1.51,1.6
2021-06-05,20.1,10.9,27.6,29034,0.0,1.4,1.9
2021-06-06,20.9,11.1,28.4,26255,0.0,1.43,1.9
2021-06-07,20.2,12.0,26.8,30368,0.0,1.48,1.8
2021-06-08,20.6,12.4,27.0,27839,0.0,1.5,1.6
2021-06-09,19.8,10.2,27.2,30033,0.0,1.33,1.4
2021-06-10,20.9,11.7,27.7,25454,0.0,1.45,1.5
2021-06-11,21.7,14.9,28.5,25855,0.1,1.76,1.7
2021-06-12,17.6,13.6,21.2,12956,7.4,1.53,3.2
2021-06-13,14.1,8.9,19.4,16805,0.0,1.15,2.7
2021-06-14,18.5,7.4,26.8,30374,0.0,1.14,1.8
2021-06-15,18.7,12.3,23.5,18616,0.0,1.45,1.7
2021-06-16,19.6,8.8,27.0,30393,0.0,1.24,1.7
2021-06-17,25.7,15.9,33.0,30271,0.0,1.91,2.1
2021-06-18,27.0,15.8,34.4,29763,0.0,1.95,1.8
2021-06-19,27.7,18.3,36.0,26183,0.0,2.25,1.9
2021-06-20,28.3,19.8,35.4,26056,0.0,2.42,2.4
2021-06-21,26.0,18.5,32.8,22728,0.0,2.2,2.7
2021-06-22,18.3,12.3,20.9,12365,0.1,1.42,2.3
2021-06-23,16.9,10.2,22.3,20034,0.5,1.28,1.8
2021-06-24,16.9,12.4,22.5,12612,0.6,1.44,1.6
2021-06-25,19.4,13.8,25.1,13756,0.0,1.6,1.6
2021-06-26,20.4,13.9,26.8,25504,0.0,1.64,1.3
2021-06-27,20.7,11.4,27.7,28557,0.0,1.44,1.6
2021-06-28,23.3,12.8,31.2,24582,0.0,1.6,1.8
2021-06-29,22.8,16.5,31.2,16394,1.5,1.96,1.9
2021-06-30,18.1,17.2,19.2,10762,36.6,1.88,2.6
2021-07-01,15.9,14.8,17.3,10747,23.0,1.63,2.8
2021-07-02,19.9,15.4,25.4,21314,0.1,1.75,2.1
2021-07-03,20.1,14.9,25.3,23968,0.0,1.7,1.5
2021-07-04,21.3,14.3,27.0,23050,0.0,1.66,1.6
2021-07-05,20.2,15.1,25.6,19584,2.1,1.72,2.0
2021-07-06,23.3,14.6,30.6,25155,2.2,1.76,2.7
2021-07-07,18.9,14.9,23.1,13805,3.0,1.67,1.7
2021-07-08,18.4,13.7,21.3,13270,2.9,1.54,1.5
2021-07-09,19.2,15.7,26.1,12353,3.7,1.78,2.3
2021-07-10,19.2,14.9,25.6,21966,0.1,1.69,1.9
2021-07-11,22.1,13.7,28.0,26111,0.0,1.63,1.8
2021-07-12,21.3,16.1,26.7,16060,3.8,1.84,1.8
2021-07-13,23.9,15.4,30.3,27666,0.8,1.82,2.0
2021-07-14,21.9,18.2,26.9,15100,0.0,2.06,2.2
2021-07-15,22.1,17.1,28.0,19229,0.8,1.95,1.7
2021-07-16,23.2,15.6,29.2,21454,7.0,1.83,2.1
2021-07-17,24.1,17.3,28.9,19766,0.0,2.0,2.7
2021-07-18,21.7,16.6,27.1,25759,0.1,1.89,2.6
2021-07-19,17.9,12.3,20.1,12876,0.0,1.42,2.2
2021-07-20,17.5,12.0,22.2,16599,0.0,1.41,1.8
2021-07-21,18.1,10.9,23.1,13413,0.0,1.32,1.7
2021-07-22,20.1,15.2,24.6,16370,0.0,1.71,1.5
2021-07-23,20.4,13.4,26.4,20442,0.0,1.57,1.3
2021-07-24,23.2,12.9,30.4,24750,0.0,1.6,2.0
2021-07-25,23.1,18.1,30.2,18696,0.2,2.1,1.8
2021-07-26,24.5,18.8,30.8,18384,0.0,2.21,1.6
2021-07-27,23.7,18.0,29.7,23288,0.1,2.09,2.0
2021-07-28,20.5,16.4,25.9,15526,0.8,1.85,2.5
2021-07-29,20.5,12.2,25.8,19052,0.0,1.47,3.4
2021-07-30,19.5,11.1,26.9,26145,0.0,1.41,2.5
2021-07-31,21.0,14.8,25.8,19894,0.0,1.7,3.3
2021-08-01,18.0,13.3,23.2,14774,2.6,1.53,2.2
2021-08-02,17.4,12.0,22.6,17039,0.1,1.41,2.4
2021-08-03,17.0,8.8,23.9,15127,3.1,1.19,1.5
2021-08-04,17.2,12.8,23.5,16766,0.9,1.49,1.4
2021-08-05,17.6,12.0,25.3,17298,0.2,1.43,1.7
2021-08-06,19.3,14.7,25.9,15880,0.5,1.68,2.4
2021-08-07,20.3,14.4,25.6,20409,0.0,1.65,2.2
2021-08-08,19.6,13.9,25.1,18623,0.3,1.6,3.1
2021-08-09,18.3,12.3,24.9,16605,1.6,1.47,2.3
2021-08-10,18.5,12.4,24.4,18322,1.3,1.46,2.0
2021-08-11,17.5,11.9,24.0,22423,0.0,1.42,1.5
2021-08-12,19.5,10.2,27.9,25064,0.0,1.35,1.3
2021-08-13,22.7,13.4,30.4,19348,0.0,1.65,2.0
2021-08-14,21.7,15.8,27.5,23162,0.0,1.83,2.1
2021-08-15,19.8,11.9,27.3,21744,0.0,1.46,1.8
2021-08-16,18.7,12.5,26.0,17739,0.5,1.49,3.5
2021-08-17,15.2,12.7,18.2,10002,0.2,1.42,3.8
2021-08-18,17.3,14.0,21.5,12266,0.0,1.58,3.2
2021-08-19,18.8,17.0,22.3,10199,0.4,1.88,2.6
2021-08-20,17.8,13.3,22.6,11745,0.9,1.52,1.7
2021-08-21,18.0,10.6,24.1,15821,0.0,1.33,1.3
2021-08-22,18.0,14.4,23.2,10074,13.4,1.64,2.1
2021-08-23,16.1,13.1,18.0,8157,0.7,1.46,2.5
2021-08-24,16.0,9.5,21.9,20867,0.1,1.22,2.1
2021-08-25,15.0,6.6,21.5,14825,3.9,1.03,2.4
2021-08-26,14.7,11.4,19.1,11663,7.9,1.33,2.8
2021-08-27,13.9,11.9,18.0,9993,1.1,1.37,2.5
2021-08-28,15.8,12.4,20.3,11922,1.3,1.41,2.1
2021-08-29,15.6,13.7,19.7,8814,19.5,1.53,2.2
2021-08-30,15.8,13.7,18.9,7621,5.8,1.52,2.4
2021-08-31,16.1,11.4,19.4,11072,0.4,1.33,2.3
2021-09-01,16.4,11.8,22.0,15252,0.0,1.39,1.8
2021-09-02,16.2,10.2,22.6,18839,0.1,1.28,1.6
2021-09-03,15.9,9.1,24.0,20214,0.0,1.22,1.8
2021-09-04,15.1,9.6,21.5,16931,0.0,1.22,1.5
2021-09-05,16.1,10.3,22.6,18616,0.0,1.28,1.6
2021-09-06,16.3,9.9,23.9,16974,0.0,1.28,1.2
2021-09-07,16.9,10.6,22.9,15031,0.0,1.3,1.1
2021-09-08,17.1,8.9,25.4,19425,0.0,1.23,1.6
2021-09-09,18.6,9.5,27.7,19473,0.0,1.3,1.7
2021-09-10,19.8,14.5,28.0,15360,1.2,1.71,1.6
2021-09-11,18.9,15.5,23.8,8822,11.6,1.74,1.9
2021-09-12,18.5,14.6,22.5,9955,0.1,1.65,1.8
2021-09-13,15.8,9.9,20.5,11173,0.1,1.23,1.5
2021-09-14,15.2,9.3,22.3,16312,0.0,1.2,1.5
2021-09-15,17.9,11.8,24.8,9336,5.7,1.42,1.9
2021-09-16,17.8,16.3,19.8,7240,0.2,1.79,2.5
2021-09-17,14.9,13.1,16.5,6359,0.3,1.46,2.0
2021-09-18,13.8,11.9,16.7,6079,0.3,1.35,1.8
2021-09-19,12.8,11.1,15.6,6094,0.0,1.28,2.1
2021-09-20,12.7,10.3,17.5,8135,0.0,1.24,1.5
2021-09-21,12.9,10.7,16.2,7078,0.2,1.25,1.8
2021-09-22,13.9,10.9,17.8,6986,0.0,1.29,1.9
2021-09-23,14.9,10.2,19.3,6988,0.9,1.24,3.5
2021-09-24,15.2,12.6,17.4,8389,0.1,1.41,2.9
2021-09-25,17.1,11.6,20.5,5969,0.2,1.36,1.7
2021-09-26,18.2,10.7,24.8,12676,0.1,1.35,1.6
2021-09-27,17.2,14.3,20.8,6527,0.2,1.59,1.9
2021-09-28,15.2,13.8,17.1,5264,1.6,1.52,1.6
2021-09-29,13.9,10.1,17.1,6345,4.5,1.21,2.7
2021-09-30,10.9,6.3,16.2,11476,0.1,0.95,3.1
2021-10-01,11.7,5.3,18.7,14054,0.0,0.93,2.6
2021-10-02,13.9,8.1,20.4,10937,0.0,1.11,2.5
2021-10-03,18.2,13.9,23.7,10027,1.0,1.58,3.5
2021-10-04,15.0,13.1,17.1,5045,0.8,1.45,2.0
2021-10-05,14.2,11.8,18.6,4712,1.0,1.36,2.2
2021-10-06,13.2,7.1,16.4,6137,0.0,1.01,2.5
2021-10-07,12.0,4.2,18.9,11663,0.0,0.87,1.2
2021-10-08,11.1,4.7,16.5,12495,0.0,0.87,1.8
2021-10-09,7.5,1.7,15.9,12579,0.0,0.72,2.0
2021-10-10,5.8,-0.6,14.8,12098,0.0,0.62,1.4
2021-10-11,7.8,0.4,15.2,8061,0.7,0.67,2.1
2021-10-12,8.2,3.6,13.0,7868,1.6,0.79,2.5
2021-10-13,7.7,3.3,13.3,8840,1.3,0.78,1.9
2021-10-14,10.5,7.3,12.7,4042,0.6,1.0,2.6
2021-10-15,10.8,6.9,14.7,4274,1.9,0.99,2.8
2021-10-16,8.8,5.3,12.2,5849,0.0,0.88,1.7
2021-10-17,9.8,4.8,13.3,5313,2.0,0.86,1.6
2021-10-18,11.5,8.4,16.2,7351,0.0,1.09,1.8
2021-10-19,12.7,7.9,16.3,5866,0.2,1.05,2.6
2021-10-20,16.3,13.3,19.1,4343,2.0,1.5,3.8
2021-10-21,13.6,7.6,17.8,4268,3.1,1.05,5.4
2021-10-22,7.7,5.9,10.6,3566,6.2,0.9,4.3
2021-10-23,7.0,1.3,11.8,7576,0.0,0.68,2.3
2021-10-24,5.3,-0.5,12.4,9443,0.0,0.61,2.0
2021-10-25,6.2,1.2,12.3,7487,0.0,0.68,1.9
2021-10-26,9.1,3.4,13.5,3511,0.0,0.78,2.4
2021-10-27,12.2,9.4,14.4,3513,0.0,1.14,2.6
2021-10-28,11.0,6.4,16.4,8587,0.0,0.96,2.1
2021-10-29,7.8,2.4,14.8,8655,0.0,0.75,2.3
2021-10-30,9.6,4.1,16.3,7958,0.0,0.84,2.4
2021-10-31,12.2,7.7,17.6,7590,0.0,1.06,2.7
2021-11-01,10.1,7.2,13.3,3391,10.0,0.99,2.6
2021-11-02,8.4,3.9,9.5,2841,2.7,0.79,1.7
2021-11-03,6.2,1.0,11.8,5325,0.2,0.66,1.6
2021-11-04,6.9,4.9,9.1,2735,31.2,0.84,2.9
2021-11-05,8.2,6.6,9.8,2743,0.2,0.94,2.5
2021-11-06,8.9,6.4,11.0,2809,0.3,0.93,3.0
2021-11-07,8.2,6.4,10.9,3333,5.2,0.93,4.0
2021-11-08,8.3,6.0,10.1,2537,0.7,0.9,2.2
2021-11-09,7.8,3.3,11.3,3781,0.1,0.76,2.0
2021-11-10,4.2,0.5,9.8,6547,0.0,0.64,1.5
2021-11-11,5.1,-0.7,9.7,5741,0.0,0.59,1.4
2021-11-12,7.5,4.8,9.3,2518,0.0,0.83,1.9
2021-11-13,5.0,1.9,8.3,2367,0.0,0.68,1.8
2021-11-14,4.8,1.4,7.0,2272,0.1,0.65,2.0
2021-11-15,5.6,5.3,6.0,2232,0.0,0.86,2.3
2021-11-16,5.8,4.9,6.9,2193,0.0,0.84,1.4
2021-11-17,5.9,4.7,7.8,2155,0.0,0.82,2.4
2021-11-18,8.1,5.4,10.2,2422,0.4,0.87,3.2
2021-11-19,11.9,9.5,13.1,2083,0.0,1.15,3.4
2021-11-20,11.5,9.9,12.4,2049,0.0,1.17,2.8
2021-11-21,8.0,3.7,10.0,2015,0.0,0.78,2.3
2021-11-22,3.4,-2.1,6.6,3578,0.0,0.52,2.2
2021-11-23,4.5,0.2,7.1,1952,0.2,0.61,2.2
2021-11-24,6.8,5.6,8.0,1922,0.0,0.87,1.9
2021-11-25,4.3,2.4,5.6,1894,0.0,0.7,2.1
2021-11-26,4.1,1.2,5.5,1959,0.0,0.64,2.7
2021-11-27,2.4,0.4,4.1,2254,1.6,0.61,2.3
2021-11-28,1.0,-0.6,3.2,1814,0.3,0.56,1.4
2021-11-29,1.4,-0.1,3.3,1835,0.7,0.59,2.4
2021-11-30,3.1,1.1,6.2,1767,4.1,0.64,5.1
2021-12-01,5.0,0.3,9.2,1745,4.5,0.63,5.2
2021-12-02,2.6,-1.8,7.0,2694,0.1,0.53,3.4
2021-12-03,0.5,-2.2,3.2,3367,1.0,0.5,3.7
2021-12-04,1.1,0.2,2.0,1686,3.4,0.6,2.7
2021-12-05,0.2,-0.3,0.7,1669,0.3,0.57,2.2
2021-12-06,0.2,-0.4,1.1,1653,0.0,0.57,2.0
2021-12-07,-0.5,-1.9,0.2,1637,0.0,0.51,2.9
2021-12-08,-0.5,-1.9,0.9,1623,0.0,0.51,2.9
2021-12-09,-1.3,-2.0,-0.7,1610,3.9,0.5,2.0
2021-12-10,-0.6,-1.9,0.4,1598,1.3,0.51,1.9
2021-12-11,-1.6,-2.8,-0.5,1588,0.0,0.48,2.0
2021-12-12,-0.1,-3.1,3.2,1578,0.3,0.48,2.5
2021-12-13,5.5,2.4,8.1,1569,0.4,0.7,1.8
2021-12-14,7.0,6.4,7.7,1562,0.0,0.93,1.9
2021-12-15,8.1,7.3,9.2,1555,0.1,0.98,2.1
2021-12-16,7.3,4.2,9.6,2495,0.0,0.8,1.9
2021-12-17,5.0,4.1,5.8,1546,0.0,0.78,2.0
2021-12-18,5.5,4.2,7.7,1543,0.1,0.8,2.3
2021-12-19,5.8,1.1,7.4,1541,0.4,0.64,3.4
2021-12-20,0.9,-1.7,3.7,3707,0.2,0.53,1.8
2021-12-21,0.1,-1.0,1.3,1867,0.0,0.55,1.3
2021-12-22,-1.0,-4.1,1.3,3710,0.0,0.44,1.7
2021-12-23,-1.6,-4.6,1.2,1544,8.0,0.42,2.4
2021-12-24,1.4,-5.2,5.1,1547,3.6,0.42,3.2
2021-12-25,-6.7,-10.7,-1.9,4265,0.0,0.27,2.0
2021-12-26,-8.3,-13.1,-2.4,4318,0.0,0.23,2.0
2021-12-27,-4.9,-10.3,-2.0,1564,0.0,0.28,2.5
2021-12-28,-1.9,-5.5,1.2,1572,1.9,0.4,3.2
2021-12-29,3.5,0.7,5.3,1581,0.3,0.62,2.5
2021-12-30,8.6,3.6,12.7,1591,1.5,0.79,3.5
2021-12-31,12.6,11.2,14.0,1602,4.2,1.29,3.8
2022-01-01,11.8,10.3,12.7,1614,0.1,1.21,2.6
2022-01-02,9.8,7.6,11.4,1627,6.4,1.0,3.4
2022-01-03,8.8,5.5,10.5,2111,2.9,0.88,4.4
2022-01-04,6.0,3.9,7.2,1657,0.7,0.77,3.0
2022-01-05,3.4,1.5,4.5,1804,3.1,0.65,4.3
2022-01-06,0.6,-2.7,4.1,4610,0.0,0.49,2.5
2022-01-07,0.4,-2.4,2.8,2150,0.3,0.5,3.2
2022-01-08,1.3,-0.6,2.9,2085,0.0,0.56,3.2
2022-01-09,0.7,-1.2,2.1,1886,0.3,0.54,3.2
2022-01-10,0.5,-3.1,2.4,1774,0.0,0.47,1.4
2022-01-11,-2.6,-6.5,0.8,4746,0.0,0.37,1.7
2022-01-12,-0.3,-4.4,3.1,1822,0.1,0.43,1.8
2022-01-13,4.3,2.9,5.5,1848,0.0,0.72,2.8
2022-01-14,5.3,0.2,6.8,1875,0.2,0.61,2.6
2022-01-15,0.6,-1.0,1.9,1903,0.0,0.55,1.6
2022-01-16,1.7,-1.5,5.5,1932,0.1,0.54,3.1
2022-01-17,3.9,-0.1,6.5,3165,4.1,0.59,4.5
2022-01-18,2.0,-1.7,5.0,4230,0.0,0.53,2.0
2022-01-19,3.9,2.1,5.2,4336,1.5,0.69,3.4
2022-01-20,1.0,-1.8,4.4,4494,1.4,0.52,4.6
2022-01-21,0.1,-3.3,2.5,5561,0.6,0.47,3.3
2022-01-22,1.5,-0.6,2.9,3503,0.2,0.56,2.8
2022-01-23,4.4,1.2,5.7,2169,0.9,0.65,1.8
2022-01-24,4.8,3.7,6.4,2208,0.7,0.76,1.6
2022-01-25,3.8,2.8,4.4,2247,0.5,0.72,1.8
2022-01-26,3.0,1.5,4.3,2288,0.5,0.66,2.9
2022-01-27,4.1,2.8,6.7,2330,1.3,0.73,4.8
2022-01-28,4.8,1.6,6.9,4445,1.0,0.66,4.1
2022-01-29,5.5,1.8,9.6,2417,5.6,0.69,5.5
2022-01-30,5.9,3.7,7.3,3077,0.7,0.77,5.7
2022-01-31,2.1,-1.9,4.1,2679,0.1,0.52,3.4
2022-02-01,3.1,0.5,6.5,2557,6.5,0.62,4.8
2022-02-02,4.5,1.0,6.7,3649,0.6,0.64,4.5
2022-02-03,4.1,0.1,6.8,3419,3.1,0.6,2.5
2022-02-04,6.5,3.4,8.0,2706,1.8,0.76,3.9
2022-02-05,4.6,3.0,6.2,3601,1.0,0.73,4.5
2022-02-06,5.2,3.3,8.6,2995,4.4,0.76,5.8
2022-02-07,4.3,2.0,6.5,3606,0.0,0.69,4.8
2022-02-08,5.9,2.9,9.1,2921,2.5,0.73,4.0
2022-02-09,9.0,8.1,10.0,2978,0.1,1.04,3.1
2022-02-10,7.1,3.2,10.5,3099,1.8,0.75,2.6
2022-02-11,3.3,-0.5,6.3,4520,0.5,0.58,3.0
2022-02-12,0.4,-3.0,5.5,8864,0.0,0.49,2.3
2022-02-13,3.0,-1.1,7.6,9129,0.0,0.56,3.1
2022-02-14,6.3,2.4,11.9,9398,0.0,0.73,3.4
2022-02-15,6.8,4.5,10.3,5449,0.5,0.82,3.3
2022-02-16,7.5,4.7,12.7,3401,7.8,0.85,5.3
2022-02-17,7.8,5.0,13.6,4233,2.9,0.86,7.5
2022-02-18,6.8,4.0,10.4,5791,3.2,0.8,5.2
2022-02-19,6.1,2.8,8.2,3812,1.2,0.72,6.2
2022-02-20,5.4,2.3,9.2,3665,6.0,0.71,5.4
2022-02-21,5.9,2.9,10.6,4538,4.4,0.74,6.4
2022-02-22,5.6,4.2,7.7,5800,1.9,0.8,4.6
2022-02-23,6.0,0.8,9.6,7616,0.1,0.64,3.5
2022-02-24,5.7,0.2,10.4,5154,0.2,0.62,3.9
2022-02-25,4.5,2.7,7.7,7384,0.8,0.72,4.2
2022-02-26,3.9,-1.4,6.8,4241,0.0,0.55,2.0
2022-02-27,-0.6,-2.7,1.0,4159,0.0,0.48,2.4
2022-02-28,0.5,-2.2,5.7,9302,0.0,0.52,2.2
2022-03-01,0.8,-3.2,7.7,12234,0.0,0.49,2.0
2022-03-02,0.5,-4.5,9.4,11748,0.0,0.46,1.3
2022-03-03,-0.5,-4.7,8.9,4457,0.0,0.46,1.7
2022-03-04,0.8,-4.2,6.2,4534,0.0,0.45,1.9
2022-03-05,0.1,-4.8,6.8,9039,0.0,0.44,1.9
2022-03-06,0.6,-0.6,4.4,4688,0.0,0.57,2.0
2022-03-07,2.8,-2.8,6.3,13464,0.0,0.49,2.0
2022-03-08,2.2,-5.0,9.5,13372,0.0,0.45,1.9
2022-03-09,2.9,-4.7,11.5,14145,0.0,0.47,1.5
2022-03-10,2.8,-2.7,14.6,13788,0.0,0.55,2.6
2022-03-11,2.4,-2.9,11.6,14663,0.0,0.52,4.0
2022-03-12,4.0,-2.8,13.4,14835,0.0,0.54,3.0
2022-03-13,5.4,-3.2,15.2,15097,0.0,0.54,2.7
2022-03-14,7.0,-0.9,11.5,12989,0.6,0.59,2.3
2022-03-15,9.0,5.8,10.1,11207,0.0,0.9,1.5
2022-03-16,5.0,1.4,13.4,6790,0.0,0.7,2.3
2022-03-17,6.4,1.3,10.1,5572,0.0,0.67,2.5
2022-03-18,7.9,3.5,13.2,14350,0.0,0.78,2.5
2022-03-19,5.3,1.5,11.0,15746,0.0,0.68,3.5
2022-03-20,5.8,-1.0,12.3,16586,0.0,0.59,3.7
2022-03-21,6.4,-2.7,15.9,16855,0.0,0.57,2.2
2022-03-22,7.7,-3.6,17.8,17418,0.0,0.55,1.6
2022-03-23,8.7,-1.8,16.7,17395,0.0,0.6,1.3
2022-03-24,6.5,-1.4,16.8,17567,0.0,0.62,1.2
2022-03-25,8.1,-1.7,15.8,15338,0.0,0.6,1.7
2022-03-26,7.8,1.0,16.1,10451,0.0,0.7,2.4
2022-03-27,7.4,-1.6,13.0,16352,0.0,0.58,1.6
2022-03-28,10.7,3.0,12.1,18655,0.0,0.76,2.2
2022-03-29,7.3,0.3,11.2,14499,0.0,0.64,2.2
2022-03-30,4.3,-1.8,6.1,9763,0.0,0.53,1.9
2022-03-31,3.6,-1.4,4.7,12582,0.0,0.54,3.3
2022-04-01,3.4,-1.8,3.6,15017,0.0,0.52,3.9
2022-04-02,2.2,-3.0,7.0,12402,0.0,0.49,3.3
2022-04-03,2.6,-4.4,8.6,10390,0.0,0.46,2.4
2022-04-04,4.1,1.0,9.0,10493,5.9,0.65,5.0
2022-04-05,7.0,5.2,11.6,10272,2.5,0.87,4.0
2022-04-06,10.5,7.7,10.8,7335,0.2,1.01,4.2
2022-04-07,9.9,2.0,11.9,10472,9.5,0.71,5.9
2022-04-08,6.7,1.0,9.7,10242,0.7,0.65,4.2
2022-04-09,5.1,1.0,9.7,15525,2.1,0.65,4.0
2022-04-10,5.0,0.3,10.5,13208,0.7,0.63,3.2
2022-04-11,6.6,-1.5,14.3,19899,0.0,0.59,2.0
2022-04-12,8.7,5.6,21.9,21388,0.0,0.97,2.5
2022-04-13,13.4,10.1,20.5,18718,0.0,1.24,1.9
2022-04-14,12.5,5.3,18.8,12961,1.5,0.92,2.1
2022-04-15,8.1,2.8,10.8,7942,2.4,0.74,2.6
2022-04-16,6.7,2.3,14.4,20482,0.0,0.74,2.7
2022-04-17,7.6,1.1,17.8,23027,0.0,0.72,2.0
2022-04-18,8.5,4.7,19.6,23170,0.0,0.91,1.7
2022-04-19,8.6,1.5,17.4,18443,0.0,0.73,2.4
2022-04-20,8.8,2.1,16.9,8669,2.1,0.75,2.4
2022-04-21,9.5,2.6,17.1,8744,0.2,0.78,2.5
2022-04-22,9.0,5.3,17.8,10460,0.0,0.92,3.3
2022-04-23,10.9,7.3,18.4,22787,0.0,1.04,3.4
2022-04-24,11.4,4.8,16.9,18657,0.0,0.88,3.3
2022-04-25,8.7,5.1,11.7,15679,0.0,0.86,2.2
2022-04-26,10.1,1.4,14.8,21607,0.0,0.71,1.8
2022-04-27,12.1,-0.2,15.1,19331,0.0,0.65,1.7
2022-04-28,11.0,-0.4,15.4,16677,0.0,0.64,1.8
2022-04-29,11.6,1.1,14.6,23382,0.0,0.69,1.7
2022-04-30,12.7,1.9,13.7,15774,0.0,0.71,2.0
2022-05-01,11.9,5.6,14.8,19126,0.0,0.91,1.6
2022-05-02,12.7,3.4,19.7,21767,0.0,0.85,1.6
2022-05-03,12.1,0.6,16.4,19919,0.0,0.69,1.9
2022-05-04,13.4,4.7,17.5,12936,0.0,0.88,1.5
2022-05-05,13.7,3.2,20.2,15453,0.3,0.83,1.6
2022-05-06,12.8,3.9,22.7,20310,0.0,0.89,1.5
2022-05-07,15.6,7.5,22.9,17200,0.8,1.09,1.7
2022-05-08,14.6,3.6,19.4,22081,0.0,0.85,2.1
2022-05-09,13.3,1.5,25.1,27845,0.0,0.81,1.7
2022-05-10,17.9,12.5,26.1,23363,0.1,1.5,2.1
2022-05-11,21.7,12.0,24.9,17619,3.4,1.43,2.9
2022-05-12,16.0,8.1,21.3,18683,0.0,1.12,3.2
2022-05-13,14.2,8.3,19.9,17757,0.0,1.11,2.8
2022-05-14,14.9,7.1,23.0,16451,0.0,1.07,2.3
2022-05-15,14.3,4.2,25.4,28503,0.0,0.96,1.6
2022-05-16,17.2,12.3,27.6,25831,0.1,1.51,2.2
2022-05-17,16.8,12.2,23.8,14001,0.0,1.44,1.8
2022-05-18,17.3,14.4,30.9,28736,0.0,1.74,2.1
2022-05-19,21.0,11.8,28.9,27049,0.0,1.48,2.2
2022-05-20,20.7,10.3,23.0,20322,4.4,1.28,2.4
2022-05-21,15.1,6.7,20.2,19622,1.9,1.02,3.7
2022-05-22,13.7,5.9,21.8,22577,0.0,0.99,1.6
2022-05-23,16.8,11.8,27.2,26295,0.3,1.45,2.9
2022-05-24,16.6,8.2,17.9,15478,1.6,1.08,2.9
2022-05-25,14.6,7.6,20.4,19446,0.0,1.07,2.4
2022-05-26,16.9,12.6,20.9,15057,0.7,1.43,3.6
2022-05-27,14.3,8.8,18.2,20169,1.1,1.13,4.1
2022-05-28,12.0,7.4,16.3,15008,0.0,1.02,3.7
2022-05-29,11.9,7.1,13.7,13393,0.0,0.99,2.2
2022-05-30,12.3,6.3,15.4,22580,0.0,0.95,1.6
2022-05-31,13.6,6.5,19.5,24018,2.4,1.0,1.6
2022-06-01,14.0,10.1,23.5,19091,3.6,1.28,2.1
2022-06-02,14.2,7.8,23.5,26129,0.0,1.13,2.1
2022-06-03,17.6,9.3,28.6,29987,0.0,1.3,1.8
2022-06-04,18.6,13.3,26.4,15612,0.0,1.57,1.9
2022-06-05,19.7,12.4,26.2,29034,11.3,1.5,2.4
2022-06-06,19.9,14.1,24.9,16682,8.7,1.62,2.7
2022-06-07,17.8,12.7,20.2,18620,0.0,1.44,2.4
2022-06-08,19.3,11.7,24.4,19281,0.8,1.42,1.9
2022-06-09,18.8,12.7,19.5,18534,0.0,1.44,2.4
2022-06-10,18.8,11.0,23.3,30822,0.0,1.34,1.8
2022-06-11,20.9,8.9,26.8,16395,0.0,1.24,1.8
2022-06-12,19.4,11.6,28.6,20501,0.3,1.48,2.0
2022-06-13,16.1,9.7,23.1,24095,1.1,1.25,2.7
2022-06-14,14.2,8.1,24.0,19246,0.0,1.16,1.8
2022-06-15,17.1,7.7,28.5,28977,0.0,1.19,1.5
2022-06-16,18.0,11.3,28.0,25148,0.0,1.43,2.2
2022-06-17,19.5,10.8,26.3,27584,0.0,1.37,1.6
2022-06-18,25.6,11.5,31.3,28996,0.0,1.51,2.2
2022-06-19,24.4,13.1,34.8,24392,1.2,1.7,2.7
2022-06-20,14.0,12.3,29.3,13647,11.0,1.54,2.5
2022-06-21,16.9,8.6,24.6,24903,0.0,1.2,2.0
2022-06-22,20.3,13.3,24.6,31550,0.0,1.55,1.6
2022-06-23,22.2,16.5,28.7,31671,0.0,1.92,1.8
2022-06-24,24.3,15.4,24.5,27571,1.1,1.74,2.3
2022-06-25,23.1,13.2,26.3,17591,0.1,1.56,1.6
2022-06-26,25.0,11.7,30.0,27677,0.0,1.49,1.8
2022-06-27,27.5,15.3,32.5,26385,3.2,1.86,2.2
2022-06-28,20.7,15.0,25.4,19218,0.0,1.71,1.9
2022-06-29,20.0,16.1,25.5,18436,3.1,1.83,1.9
2022-06-30,21.4,15.3,30.1,15867,0.4,1.8,1.9
2022-07-01,20.0,9.6,20.8,21080,4.5,1.21,2.5
2022-07-02,19.8,8.8,24.3,27052,0.0,1.21,1.9
2022-07-03,23.0,10.7,29.7,30085,0.3,1.42,2.0
2022-07-04,21.1,15.2,27.1,27253,0.0,1.75,2.2
2022-07-05,19.1,13.8,27.0,25823,0.3,1.62,2.2
2022-07-06,16.5,11.2,24.9,16249,2.1,1.39,2.5
2022-07-07,15.3,12.6,17.1,11389,4.6,1.41,3.1
2022-07-08,16.7,10.5,19.1,13524,0.1,1.25,2.8
2022-07-09,16.1,9.3,21.8,16035,7.6,1.19,2.7
2022-07-10,15.6,9.0,18.5,17145,0.0,1.15,3.1
2022-07-11,17.0,9.8,20.1,18378,0.0,1.21,2.0
2022-07-12,19.8,12.5,25.1,27967,0.0,1.48,1.7
2022-07-13,22.8,10.5,29.4,16150,0.0,1.4,2.3
2022-07-14,20.0,15.0,32.6,25214,0.0,1.82,2.6
2022-07-15,16.5,12.7,24.9,18092,0.1,1.5,2.5
2022-07-16,17.3,9.8,24.8,20697,2.2,1.28,2.9
2022-07-17,16.6,8.5,27.1,26572,0.0,1.22,1.8
2022-07-18,21.1,9.2,29.8,22360,0.0,1.31,1.4
2022-07-19,26.1,11.5,32.2,29095,0.0,1.51,1.7
2022-07-20,28.9,13.1,35.1,28276,0.0,1.72,2.3
2022-07-21,25.0,16.3,25.4,20435,0.7,1.84,2.4
2022-07-22,21.2,14.0,31.3,16871,0.5,1.73,2.0
2022-07-23,18.2,17.4,28.4,17191,2.8,1.99,2.1
2022-07-24,19.6,15.4,30.2,29369,0.0,1.81,1.6
2022-07-25,25.8,13.8,34.1,24429,5.8,1.77,2.7
2022-07-26,19.8,14.5,27.0,16517,0.5,1.7,2.9
2022-07-27,16.4,13.0,25.6,16705,0.0,1.53,2.4
2022-07-28,17.3,11.7,27.8,26437,0.0,1.46,1.9
2022-07-29,20.6,17.2,28.5,20537,0.0,1.99,2.1
2022-07-30,19.8,13.1,24.2,13793,0.0,1.52,1.9
2022-07-31,21.1,11.2,27.3,21127,0.1,1.41,1.8
2022-08-01,20.5,14.6,23.7,10346,0.3,1.65,2.3
2022-08-02,20.7,13.4,28.6,22316,0.0,1.61,1.5
2022-08-03,25.2,14.0,34.2,26025,0.0,1.78,1.6
2022-08-04,28.4,16.3,37.1,25561,0.0,2.08,1.8
2022-08-05,24.1,16.8,29.8,18029,1.0,1.95,2.4
2022-08-06,17.2,9.8,23.2,22323,0.0,1.26,2.3
2022-08-07,17.2,7.4,25.4,22591,0.0,1.13,1.8
2022-08-08,19.6,8.9,28.0,19470,0.0,1.25,1.7
2022-08-09,21.6,15.4,27.6,20704,0.0,1.77,1.9
2022-08-10,21.5,12.7,29.4,26856,0.0,1.56,2.0
2022-08-11,22.0,12.1,30.0,25779,0.0,1.53,2.0
2022-08-12,22.1,11.3,30.3,24466,0.0,1.47,2.2
2022-08-13,22.9,16.1,30.3,12679,0.5,1.91,1.8
2022-08-14,24.8,18.2,32.1,22569,0.0,2.16,2.0
2022-08-15,24.0,17.5,31.5,18314,1.8,2.05,2.1
2022-08-16,23.6,16.2,31.8,21982,0.0,1.93,1.6
2022-08-17,25.2,15.1,32.9,18341,0.0,1.85,1.5
2022-08-18,24.9,18.2,35.9,14255,5.1,2.24,1.9
2022-08-19,22.0,19.9,25.5,8917,1.7,2.26,2.0
2022-08-20,20.2,19.2,21.6,8378,3.3,2.14,1.9
2022-08-21,19.1,13.5,24.7,13393,0.0,1.56,1.6
2022-08-22,18.0,12.6,23.0,9153,1.1,1.47,1.6
2022-08-23,20.1,17.2,24.9,12399,0.0,1.94,1.8
2022-08-24,21.6,17.1,27.3,11279,0.4,1.95,1.8
2022-08-25,21.9,18.0,28.2,15052,0.0,2.06,2.0
2022-08-26,22.9,19.1,32.2,16640,3.5,2.25,1.9
2022-08-27,21.5,19.6,25.9,9205,4.9,2.22,2.2
2022-08-28,19.0,13.8,22.2,16290,0.1,1.55,2.4
2022-08-29,16.7,12.6,22.4,12603,0.0,1.46,1.8
2022-08-30,16.9,11.6,22.2,8841,0.0,1.37,1.9
2022-08-31,16.9,12.0,22.9,18241,0.0,1.41,2.0
2022-09-01,15.7,9.8,22.3,16459,0.0,1.25,2.0
2022-09-02,16.0,8.9,23.0,17857,0.0,1.18,2.4
2022-09-03,16.5,9.1,23.5,14030,0.0,1.22,2.5
2022-09-04,18.2,11.7,24.9,18981,0.0,1.43,1.9
2022-09-05,17.9,11.4,24.2,16793,0.0,1.38,2.3
2022-09-06,17.6,12.3,23.1,11965,0.0,1.45,2.4
2022-09-07,19.8,12.3,26.4,15879,0.1,1.49,1.9
2022-09-08,17.3,14.3,21.0,8163,22.8,1.61,2.3
2022-09-09,17.2,12.7,23.7,15080,0.5,1.47,2.2
2022-09-10,16.8,10.6,23.0,16087,10.5,1.31,2.0
2022-09-11,15.4,11.9,20.6,7790,0.1,1.38,1.7
2022-09-12,14.7,8.1,21.4,12722,0.0,1.12,1.4
2022-09-13,15.2,10.1,20.9,9341,1.0,1.24,2.1
2022-09-14,14.7,10.9,19.0,9238,0.0,1.3,1.9
2022-09-15,14.6,11.5,19.0,10439,0.5,1.33,2.8
2022-09-16,13.8,10.5,18.4,12717,0.6,1.25,3.4
2022-09-17,12.8,10.1,16.6,11103,2.3,1.2,3.8
2022-09-18,11.3,8.8,15.3,11768,0.6,1.11,3.8
2022-09-19,11.1,8.8,16.4,7262,2.3,1.11,3.0
2022-09-20,10.0,5.4,14.0,11804,6.7,0.89,1.9
2022-09-21,11.1,4.3,17.4,11100,0.1,0.86,1.3
2022-09-22,10.4,4.0,17.1,16389,0.0,0.84,1.3
2022-09-23,9.9,1.8,17.3,14147,0.0,0.75,1.4
2022-09-24,12.7,8.3,16.8,5774,0.3,1.08,1.3
2022-09-25,14.4,11.4,19.7,8099,0.0,1.33,1.5
2022-09-26,13.4,10.1,17.8,10014,0.0,1.21,3.0
2022-09-27,11.2,7.6,15.1,5890,6.0,1.02,2.9
2022-09-28,9.2,6.4,13.1,6706,1.9,0.94,1.9
2022-09-29,8.3,4.1,13.5,5541,0.1,0.82,1.4
2022-09-30,9.4,1.3,17.9,13246,0.0,0.73,1.6
2022-10-01,10.2,6.6,13.8,5375,2.6,0.96,3.5
2022-10-02,12.5,10.0,16.3,10503,5.8,1.2,3.0
2022-10-03,12.7,10.8,16.5,7619,1.6,1.27,2.4
2022-10-04,12.8,10.0,17.0,8877,0.0,1.2,1.9
2022-10-05,14.2,8.4,20.7,8506,0.0,1.13,2.9
2022-10-06,14.4,4.9,18.6,11478,0.0,0.9,2.9
2022-10-07,10.5,4.2,18.6,13232,0.0,0.86,2.0
2022-10-08,11.1,6.1,17.1,7099,0.0,0.95,2.4
2022-10-09,9.6,4.5,16.7,10556,0.0,0.86,2.0
2022-10-10,11.1,4.6,16.3,11698,0.0,0.86,2.2
2022-10-11,9.7,2.9,15.8,9882,0.0,0.78,1.7
2022-10-12,7.7,1.4,16.1,11472,0.0,0.71,1.3
2022-10-13,9.2,2.4,16.8,6748,0.0,0.77,1.6
2022-10-14,11.5,5.7,17.6,6188,1.2,0.94,1.8
2022-10-15,14.4,12.2,17.9,4577,0.0,1.39,2.5
2022-10-16,15.4,10.4,21.0,7947,0.0,1.27,2.2
2022-10-17,17.1,10.1,24.6,10351,1.8,1.3,2.0
2022-10-18,13.9,10.1,16.2,4055,10.7,1.2,1.8
2022-10-19,9.7,2.5,14.3,6084,0.0,0.74,1.8
2022-10-20,7.5,0.9,13.9,10355,2.1,0.67,2.6
2022-10-21,11.3,7.8,15.6,4481,1.0,1.05,2.0
2022-10-22,14.3,12.8,18.0,4964,0.1,1.43,1.9
2022-10-23,13.9,8.6,19.3,7231,1.0,1.12,2.0
2022-10-24,15.1,11.7,19.1,4051,0.5,1.34,3.1
2022-10-25,13.1,8.0,17.4,4722,0.7,1.07,2.4
2022-10-26,11.0,5.1,17.7,8575,0.0,0.9,1.8
2022-10-27,13.6,8.5,20.3,8648,0.0,1.13,1.8
2022-10-28,16.0,10.2,22.3,7091,0.0,1.28,2.1
2022-10-29,16.3,13.2,20.0,6856,0.0,1.48,1.5
2022-10-30,14.2,9.1,21.4,6815,0.0,1.19,1.4
2022-10-31,12.0,6.9,18.9,7465,0.1,1.02,1.4
2022-11-01,12.9,6.3,17.5,3267,0.0,0.98,2.7
2022-11-02,9.9,3.8,15.8,6450,0.0,0.82,3.0
2022-11-03,8.2,3.1,13.2,5567,0.0,0.76,2.6
2022-11-04,9.0,4.8,11.6,2735,9.6,0.85,2.2
2022-11-05,8.1,3.1,12.0,5808,0.0,0.76,2.1
2022-11-06,6.3,2.5,11.6,7525,0.1,0.73,2.9
2022-11-07,10.5,6.1,14.4,4368,0.0,0.93,3.2
2022-11-08,11.8,8.2,16.0,6514,0.1,1.08,2.7
2022-11-09,11.2,9.6,13.9,3444,0.9,1.16,2.9
2022-11-10,12.0,9.9,13.9,4551,0.0,1.18,2.7
2022-11-11,9.4,4.1,13.2,2947,0.0,0.82,2.3
2022-11-12,7.3,1.9,13.9,4088,0.0,0.72,1.3
2022-11-13,9.4,7.2,11.4,4186,0.0,0.98,1.9
2022-11-14,6.5,0.9,10.8,4810,0.0,0.65,2.5
2022-11-15,5.4,0.5,12.4,6046,0.1,0.65,2.1
2022-11-16,5.7,3.8,6.8,2193,0.0,0.77,2.9
2022-11-17,3.6,1.9,4.6,2155,0.0,0.67,4.0
2022-11-18,-1.5,-6.5,1.5,2977,0.0,0.37,3.0
2022-11-19,-2.3,-8.0,1.3,2682,1.4,0.34,2.0
2022-11-20,-0.4,-3.5,0.6,2345,1.4,0.45,2.1
2022-11-21,-1.9,-3.7,0.4,2064,0.0,0.45,2.4
2022-11-22,-0.1,-2.9,2.0,1983,0.0,0.48,2.7
2022-11-23,1.3,-1.1,4.6,3052,0.0,0.55,2.4
2022-11-24,2.3,1.4,3.2,1922,0.7,0.65,2.2
2022-11-25,4.3,3.4,5.5,1894,3.3,0.75,1.8
2022-11-26,6.8,4.8,8.1,1866,0.5,0.83,1.7
2022-11-27,5.7,3.3,8.2,3265,0.1,0.75,2.2
2022-11-28,3.5,3.1,4.5,1814,0.0,0.73,2.4
2022-11-29,3.5,2.9,4.6,1790,0.0,0.72,1.7
2022-11-30,1.8,0.6,3.3,1767,0.0,0.61,1.8
2022-12-01,0.5,-0.3,1.3,1745,0.0,0.57,1.9
2022-12-02,0.4,-1.5,1.6,1724,0.4,0.52,2.4
2022-12-03,-1.3,-2.5,-0.5,1705,0.5,0.49,2.5
2022-12-04,1.1,-0.8,2.8,1686,2.9,0.56,2.5
2022-12-05,3.0,2.3,3.9,1669,1.3,0.7,1.9
2022-12-06,2.5,1.9,3.2,1653,0.6,0.68,1.8
2022-12-07,1.9,-0.4,3.8,1850,2.1,0.57,2.5
2022-12-08,1.1,-1.1,3.2,1623,0.9,0.55,1.8
2022-12-09,-2.1,-3.7,-0.7,1610,0.0,0.45,1.5
2022-12-10,-1.5,-2.8,-1.0,1598,0.0,0.48,1.5
2022-12-11,-1.9,-3.0,-1.3,1588,0.5,0.47,1.5
2022-12-12,-1.3,-4.6,0.2,2326,0.0,0.42,1.5
2022-12-13,-2.0,-7.9,-0.9,1569,0.0,0.33,1.8
2022-12-14,-7.1,-11.5,-3.4,3378,0.0,0.25,1.7
2022-12-15,-8.2,-12.4,-3.9,3202,0.0,0.24,1.7
2022-12-16,-6.7,-11.2,-3.1,2864,0.0,0.26,1.4
2022-12-17,-3.9,-6.0,-2.9,1546,0.0,0.38,1.5
2022-12-18,-5.5,-6.7,-4.5,1543,0.0,0.36,2.4
2022-12-19,-0.9,-6.1,3.5,1541,3.4,0.39,3.1
2022-12-20,4.9,2.8,7.4,2112,1.7,0.73,2.8
2022-12-21,5.6,3.8,7.2,1540,0.2,0.77,2.4
2022-12-22,6.2,4.1,8.5,1541,4.9,0.79,3.0
2022-12-23,5.6,4.3,7.0,1544,7.6,0.8,2.5
2022-12-24,5.5,4.1,7.4,1547,3.1,0.79,2.7
2022-12-25,4.6,0.0,9.0,1551,5.6,0.61,2.1
2022-12-26,9.6,5.1,11.3,1598,0.2,0.85,3.5
2022-12-27,3.8,0.3,5.9,1688,0.1,0.61,3.3
2022-12-28,5.5,2.1,8.4,1779,0.9,0.7,3.9
2022-12-29,9.9,7.3,13.5,2538,0.1,1.0,4.4
2022-12-30,7.5,5.0,9.2,3597,1.2,0.84,3.8
2022-12-31,14.2,8.1,17.8,1938,0.5,1.08,4.4
2023-01-01,14.7,9.4,17.3,1614,0.0,1.17,3.6
2023-01-02,13.0,9.4,15.8,1627,0.0,1.16,3.1
2023-01-03,4.8,-1.2,9.6,3691,0.0,0.57,2.3
2023-01-04,6.6,1.9,10.8,1657,13.8,0.7,4.9
2023-01-05,7.5,0.0,10.5,2193,0.2,0.62,4.3
2023-01-06,5.4,-0.2,9.8,1692,1.0,0.61,2.9
2023-01-07,7.2,4.8,10.3,1974,0.2,0.83,2.5
2023-01-08,6.8,3.5,9.5,1731,1.0,0.77,2.7
2023-01-09,5.0,3.2,8.1,2421,2.6,0.75,3.1
2023-01-10,5.9,3.3,8.2,1999,0.1,0.75,3.2
2023-01-11,6.1,3.6,8.7,1798,6.0,0.77,3.7
2023-01-12,8.3,5.1,10.8,1868,1.3,0.86,4.9
2023-01-13,9.1,7.5,10.5,2680,0.4,1.0,4.9
2023-01-14,7.2,6.0,8.5,3088,7.8,0.9,4.3
2023-01-15,6.4,4.0,9.0,2233,0.2,0.79,5.0
2023-01-16,4.2,1.6,7.1,4122,0.1,0.67,3.8
2023-01-17,2.6,-2.5,5.6,2347,0.4,0.5,3.1
2023-01-18,-0.5,-3.2,1.3,1994,3.8,0.47,2.1
2023-01-19,-3.0,-6.0,0.2,5613,0.0,0.38,2.8
2023-01-20,-0.3,-1.4,0.4,2061,0.0,0.53,1.6
2023-01-21,0.6,-1.2,3.1,2096,5.3,0.54,2.7
2023-01-22,1.2,0.8,1.8,2132,0.5,0.62,2.4
2023-01-23,1.2,0.3,2.1,2169,0.0,0.6,2.2
2023-01-24,0.3,-0.3,1.2,2208,0.0,0.58,2.0
2023-01-25,0.7,0.0,1.7,2247,0.2,0.59,1.8
2023-01-26,-0.3,-0.8,0.1,2288,0.0,0.55,1.6
2023-01-27,1.1,-1.1,3.2,2330,0.4,0.55,2.3
2023-01-28,0.1,-1.6,1.5,2373,0.1,0.52,1.9
2023-01-29,0.5,-0.8,2.5,2417,1.1,0.56,2.9
2023-01-30,3.6,0.8,6.6,2686,2.9,0.63,5.2
2023-01-31,4.1,2.4,6.2,2509,3.4,0.7,4.7
2023-02-01,4.4,2.6,5.9,2614,4.0,0.71,5.5
2023-02-02,2.9,-2.1,6.1,4577,2.8,0.52,4.1
2023-02-03,5.0,-0.2,8.5,3125,2.8,0.6,5.6
2023-02-04,0.9,-4.9,3.6,5024,0.0,0.43,2.1
2023-02-05,-3.1,-6.6,1.5,5647,0.0,0.37,1.7
2023-02-06,-3.3,-8.2,0.2,4518,0.3,0.33,1.7
2023-02-07,-3.7,-10.1,2.3,7987,0.0,0.3,1.6
2023-02-08,-2.6,-6.6,1.9,8106,0.0,0.37,2.1
2023-02-09,-0.9,-5.6,4.2,7722,0.0,0.4,2.3
2023-02-10,2.3,-1.5,5.7,5469,0.0,0.54,2.6
2023-02-11,5.5,2.3,7.2,3094,0.3,0.7,3.1
2023-02-12,6.5,4.9,8.1,3416,0.5,0.84,1.7
2023-02-13,6.3,4.7,7.4,3214,0.0,0.82,1.6
2023-02-14,3.6,-2.2,7.0,3948,0.0,0.52,1.4
2023-02-15,1.3,-4.5,10.1,7696,0.0,0.47,1.6
2023-02-16,5.4,-0.2,11.0,8020,0.3,0.61,2.3
2023-02-17,9.0,6.7,12.1,3466,1.8,0.96,5.0
2023-02-18,6.5,4.5,10.4,3531,13.4,0.82,4.5
2023-02-19,3.8,1.6,6.2,6099,0.1,0.66,3.3
2023-02-20,6.9,0.9,9.8,3737,1.2,0.65,4.6
2023-02-21,8.4,3.1,10.9,6293,0.0,0.75,2.8
2023-02-22,5.5,-0.5,9.2,5874,0.0,0.59,1.6
2023-02-23,6.3,1.5,11.9,5519,1.1,0.68,1.8
2023-02-24,3.7,2.2,6.5,3942,2.0,0.69,3.3
2023-02-25,1.9,0.2,3.7,4014,1.1,0.59,3.9
2023-02-26,1.1,-0.9,3.5,7959,0.1,0.56,3.1
2023-02-27,0.9,-1.9,4.0,4315,0.0,0.52,2.4
2023-02-28,0.1,-4.5,5.5,11836,0.0,0.44,2.0
2023-03-01,0.3,-6.9,8.5,12715,0.0,0.39,2.0
2023-03-02,-1.6,-4.1,0.1,4382,0.0,0.44,1.9
2023-03-03,0.8,-1.8,3.8,4457,0.0,0.52,2.0
2023-03-04,4.0,1.2,7.2,4947,0.3,0.65,3.1
2023-03-05,1.8,-0.1,4.3,5029,4.4,0.59,2.5
2023-03-06,0.5,-2.7,3.0,5701,0.5,0.49,2.3
2023-03-07,1.5,-1.7,5.0,4937,1.8,0.53,4.1
2023-03-08,1.1,-0.7,4.1,5534,1.5,0.56,2.4
2023-03-09,0.6,-0.3,1.2,4924,8.0,0.58,2.9
2023-03-10,2.7,0.3,8.0,5004,13.4,0.62,4.2
2023-03-11,1.3,-0.3,3.7,8366,0.4,0.58,3.3
2023-03-12,2.8,-2.1,6.8,9015,1.3,0.52,2.6
2023-03-13,10.8,5.3,16.0,6239,1.7,0.89,4.4
2023-03-14,9.7,0.9,15.1,7060,4.3,0.69,4.5
2023-03-15,2.8,-0.6,7.4,12404,0.0,0.58,2.8
2023-03-16,3.8,-2.2,9.8,15985,0.0,0.54,2.7
2023-03-17,7.7,1.7,13.9,10819,0.0,0.71,2.7
2023-03-18,10.5,5.5,17.3,11325,0.0,0.92,1.9
2023-03-19,10.7,3.7,16.0,8597,0.6,0.82,1.7
2023-03-20,10.2,8.0,12.4,5916,0.1,1.04,2.4
2023-03-21,9.5,6.7,11.9,5903,1.0,0.95,2.0
2023-03-22,12.2,7.8,17.2,8428,0.2,1.06,3.2
2023-03-23,12.4,8.7,16.6,7152,2.5,1.12,3.5
2023-03-24,11.9,7.3,16.4,7542,3.5,1.03,3.9
2023-03-25,9.4,6.9,13.7,10136,5.2,0.97,4.5
2023-03-26,8.2,3.6,11.9,9342,0.3,0.79,3.2
2023-03-27,3.6,0.2,7.7,14626,1.0,0.61,3.7
2023-03-28,1.9,-1.7,7.0,15689,0.2,0.54,2.7
2023-03-29,5.5,-1.4,10.8,8319,1.8,0.57,2.5
2023-03-30,10.6,6.7,17.9,9452,7.9,1.0,3.5
2023-03-31,10.5,8.6,14.3,9032,14.5,1.09,3.2
2023-04-01,7.2,3.1,9.6,6817,10.0,0.74,4.2
2023-04-02,4.2,0.5,8.4,9756,0.1,0.62,3.5
2023-04-03,2.2,-1.0,5.6,11561,0.0,0.55,2.8
2023-04-04,1.9,-3.6,7.9,14887,0.0,0.48,1.9
2023-04-05,3.2,-2.7,7.6,11027,0.0,0.51,1.3
2023-04-06,5.2,-1.0,11.1,16122,0.0,0.59,1.9
2023-04-07,3.6,-1.3,5.8,7308,1.9,0.55,2.2
2023-04-08,7.0,0.3,12.6,13644,0.1,0.65,2.0
2023-04-09,5.9,-0.8,13.1,13980,0.0,0.6,1.7
2023-04-10,9.3,-0.1,16.7,20420,0.0,0.66,2.8
2023-04-11,8.6,3.5,12.2,9525,6.0,0.78,3.4
2023-04-12,8.6,-0.7,15.3,18024,1.6,0.63,3.0
2023-04-13,9.7,5.8,14.4,9702,0.3,0.91,2.8
2023-04-14,8.2,6.4,9.4,7864,8.9,0.93,1.9
2023-04-15,9.9,8.3,11.5,7942,8.7,1.05,2.6
2023-04-16,9.7,7.7,11.6,8018,4.2,1.02,2.2
2023-04-17,7.1,5.1,8.3,8095,5.6,0.85,2.5
2023-04-18,8.5,3.1,14.6,8170,0.2,0.78,3.2
2023-04-19,6.7,2.6,11.5,14850,5.2,0.73,3.4
2023-04-20,10.5,5.8,16.7,14371,0.7,0.93,3.0
2023-04-21,13.9,7.2,20.1,24284,0.0,1.04,3.0
2023-04-22,14.6,5.1,22.3,24420,0.0,0.95,2.5
2023-04-23,13.6,9.0,18.0,13720,0.3,1.14,2.3
2023-04-24,13.1,7.6,17.9,14638,1.2,1.05,3.6
2023-04-25,8.4,4.7,11.0,9866,0.0,0.83,3.2
2023-04-26,6.8,2.7,11.1,15774,0.0,0.73,2.5
2023-04-27,6.8,0.3,12.2,13000,0.0,0.64,1.7
2023-04-28,9.8,-0.6,16.7,17876,0.1,0.65,2.2
2023-04-29,11.3,6.5,14.4,9194,0.6,0.95,2.6
2023-04-30,8.9,2.4,15.1,26508,0.0,0.74,2.1
2023-05-01,11.3,0.5,19.6,23844,0.0,0.71,1.8
2023-05-02,10.6,4.6,15.3,17157,0.0,0.85,2.6
2023-05-03,10.1,4.1,16.4,24056,0.0,0.85,1.8
2023-05-04,12.0,2.3,18.5,22938,0.0,0.78,2.1
2023-05-05,13.6,8.2,19.3,23035,5.2,1.1,2.8
2023-05-06,8.0,6.6,11.7,9398,3.9,0.95,2.2
2023-05-07,10.7,6.7,16.2,16709,0.0,0.97,2.7
2023-05-08,11.4,4.0,18.0,27378,0.0,0.85,2.5
2023-05-09,13.4,6.4,19.2,27228,0.0,0.99,2.8
2023-05-10,16.4,9.5,22.7,24476,0.0,1.22,2.3
2023-05-11,16.9,8.6,22.3,18363,0.0,1.16,1.8
2023-05-12,16.2,7.0,22.8,27378,0.0,1.06,2.3
2023-05-13,15.3,7.7,22.4,26220,0.0,1.11,2.2
2023-05-14,15.3,8.2,22.3,18696,0.1,1.13,1.7
2023-05-15,12.6,6.2,17.9,10768,2.0,0.96,2.2
2023-05-16,11.6,6.7,15.6,12320,0.1,0.98,3.3
2023-05-17,10.9,6.0,15.9,24902,0.0,0.93,2.9
2023-05-18,10.8,2.4,17.2,23717,0.0,0.77,2.1
2023-05-19,12.7,5.3,18.5,21017,0.0,0.92,2.5
2023-05-20,14.5,9.0,20.5,17176,0.0,1.17,3.1
2023-05-21,20.1,11.5,27.6,24536,0.0,1.44,2.6
2023-05-22,19.9,12.8,25.8,27497,0.0,1.51,2.1
2023-05-23,15.1,11.0,22.2,12528,1.3,1.34,3.2
2023-05-24,12.2,7.3,17.5,16869,0.0,1.03,2.3
2023-05-25,14.7,6.5,21.6,24382,0.0,1.03,2.4
2023-05-26,13.6,6.0,20.0,28614,0.0,0.98,2.5
2023-05-27,13.4,3.6,21.1,29046,0.0,0.87,2.0
2023-05-28,15.7,4.2,24.0,29604,0.0,0.93,1.9
2023-05-29,15.7,7.8,22.5,24064,0.0,1.12,2.6
2023-05-30,15.5,5.7,22.5,30207,0.0,0.98,2.4
2023-05-31,16.9,6.8,26.1,28852,0.0,1.09,2.4
2023-06-01,15.8,8.7,22.7,27874,0.0,1.17,2.7
2023-06-02,13.7,7.4,20.0,25365,0.0,1.06,2.5
2023-06-03,13.0,4.8,20.1,30497,0.0,0.92,2.3
2023-06-04,15.3,3.2,23.5,30149,0.0,0.88,1.9
2023-06-05,18.5,6.4,26.5,29161,0.0,1.08,2.0
2023-06-06,19.4,12.5,25.0,14002,0.0,1.48,1.9
2023-06-07,22.7,15.2,29.9,26026,0.0,1.81,1.7
2023-06-08,22.5,12.5,30.0,27711,0.0,1.57,1.9
2023-06-09,21.7,13.3,30.1,29011,0.0,1.62,2.3
2023-06-10,22.0,13.1,29.0,27882,0.0,1.6,2.7
2023-06-11,20.6,11.5,28.1,28540,0.0,1.44,2.7
2023-06-12,19.4,10.3,26.2,27789,0.0,1.33,2.6
2023-06-13,16.6,8.9,23.5,21537,0.0,1.19,2.8
2023-06-14,17.0,9.3,24.3,15537,0.0,1.24,2.4
2023-06-15,17.5,13.5,23.7,17720,1.0,1.54,1.8
2023-06-16,15.6,13.0,18.4,12611,12.0,1.46,1.9
2023-06-17,16.7,12.4,22.7,17350,0.7,1.45,1.6
2023-06-18,19.1,10.5,26.2,25797,0.0,1.35,1.4
2023-06-19,21.8,14.5,28.7,16205,0.0,1.7,2.0
2023-06-20,21.5,14.6,27.3,15694,4.0,1.69,1.8
2023-06-21,23.4,17.2,29.3,22344,0.0,1.99,2.1
2023-06-22,23.3,16.0,29.4,25539,16.5,1.86,2.3
2023-06-23,17.6,15.8,19.3,10827,9.8,1.73,2.9
2023-06-24,19.8,14.4,25.8,26932,0.1,1.66,1.7
2023-06-25,20.9,14.0,26.9,14139,0.0,1.65,1.4
2023-06-26,22.1,15.2,30.7,20648,14.8,1.81,2.8
2023-06-27,15.9,12.4,21.1,22169,8.6,1.42,2.8
2023-06-28,17.2,11.7,23.8,15514,0.0,1.41,2.0
2023-06-29,19.6,10.3,25.6,24182,0.2,1.32,1.5
2023-06-30,19.4,16.2,23.5,12294,1.6,1.8,1.8
2023-07-01,19.9,15.2,25.4,17381,0.4,1.74,3.0
2023-07-02,19.2,13.8,23.3,22207,0.0,1.58,3.8
2023-07-03,17.7,12.0,22.9,16066,0.0,1.41,3.4
2023-07-04,18.6,10.6,23.7,23687,0.0,1.33,2.9
2023-07-05,19.0,9.7,26.2,18693,0.0,1.29,3.7
2023-07-06,17.8,9.6,24.5,27191,0.0,1.26,2.0
2023-07-07,20.0,8.6,28.2,30081,0.0,1.24,1.5
2023-07-08,22.6,10.9,31.1,29916,0.0,1.46,1.8
2023-07-09,22.8,12.2,31.6,28479,0.0,1.58,1.6
2023-07-10,22.4,16.7,31.1,19936,0.6,1.96,2.2
2023-07-11,23.0,13.3,29.7,28900,0.0,1.62,2.0
2023-07-12,23.7,15.0,29.0,21887,0.0,1.77,3.0
2023-07-13,20.2,13.3,27.3,24502,0.4,1.57,2.5
2023-07-14,20.1,11.5,27.3,24961,0.0,1.45,1.7
2023-07-15,26.4,13.6,36.3,25923,1.9,1.79,2.5
2023-07-16,23.4,14.3,29.0,23094,0.0,1.69,3.1
2023-07-17,21.7,12.8,28.6,22413,0.0,1.56,2.8
2023-07-18,19.0,12.1,26.0,27018,0.0,1.46,1.9
2023-07-19,19.4,10.8,27.3,15391,0.9,1.38,2.1
2023-07-20,17.5,10.1,23.3,17854,0.0,1.27,2.2
2023-07-21,15.7,7.9,23.1,14541,1.2,1.13,1.8
2023-07-22,17.0,12.1,23.0,20377,0.4,1.41,2.4
2023-07-23,20.4,14.6,28.3,14315,0.2,1.71,3.1
2023-07-24,21.7,13.8,30.1,18258,31.5,1.67,2.8
2023-07-25,17.7,15.1,21.5,14209,0.1,1.67,2.4
2023-07-26,15.6,12.8,20.5,19006,3.7,1.46,2.6
2023-07-27,16.0,10.5,21.6,16208,9.3,1.29,2.4
2023-07-28,19.2,16.6,23.3,13542,6.7,1.85,2.3
2023-07-29,19.3,15.0,25.4,15958,11.0,1.71,2.4
2023-07-30,19.2,15.0,25.0,21204,1.2,1.71,2.9
2023-07-31,18.2,15.1,22.0,10280,1.2,1.68,3.1
2023-08-01,18.0,14.4,22.6,13421,4.7,1.62,3.4
2023-08-02,18.8,14.3,24.0,14952,0.4,1.64,3.2
2023-08-03,19.4,15.9,23.5,15740,4.1,1.79,4.1
2023-08-04,18.9,13.0,23.8,18598,0.0,1.51,2.0
2023-08-05,17.8,12.0,22.3,13886,7.7,1.41,1.7
2023-08-06,15.7,13.8,17.5,9317,13.7,1.52,2.8
2023-08-07,16.6,13.4,20.2,12407,0.6,1.5,4.6
2023-08-08,15.0,11.8,20.2,16326,5.7,1.37,3.8
2023-08-09,15.5,11.5,21.0,16846,0.1,1.35,2.5
2023-08-10,15.5,9.0,21.7,18081,0.0,1.18,1.6
2023-08-11,18.2,9.1,25.9,22304,0.0,1.24,1.4
2023-08-12,21.7,13.7,28.5,14670,3.9,1.64,1.8
2023-08-13,21.9,16.9,27.2,21372,0.1,1.94,1.6
2023-08-14,22.4,14.6,30.4,20551,8.2,1.74,1.5
2023-08-15,24.5,18.7,32.7,19615,3.0,2.24,1.7
2023-08-16,23.2,18.3,28.2,18918,0.1,2.1,1.6
2023-08-17,21.6,16.6,27.2,16931,0.0,1.9,2.0
2023-08-18,23.6,17.7,29.8,20223,0.0,2.05,1.8
2023-08-19,24.4,17.8,32.2,22204,0.0,2.12,1.7
2023-08-20,24.5,19.6,29.7,21381,0.0,2.29,1.5
2023-08-21,22.3,17.1,27.7,18827,0.0,1.95,1.4
2023-08-22,19.9,13.1,25.5,10419,0.0,1.55,1.5
2023-08-23,19.8,11.8,27.1,22030,0.0,1.47,1.5
2023-08-24,21.1,12.6,28.7,18470,0.4,1.54,1.6
2023-08-25,23.1,18.7,29.1,15279,0.4,2.16,2.1
2023-08-26,20.2,16.0,27.1,12568,3.9,1.84,2.2
2023-08-27,17.1,13.5,20.5,8079,2.2,1.52,1.7
2023-08-28,15.9,11.9,19.3,12034,0.7,1.36,1.9
2023-08-29,14.9,13.5,17.2,7699,5.7,1.49,1.6
2023-08-30,15.8,12.3,20.2,8065,0.4,1.41,1.8
2023-08-31,14.3,11.1,18.2,10190,2.9,1.3,2.6
2023-09-01,15.2,10.0,21.6,16020,0.0,1.26,1.9
2023-09-02,16.0,8.9,22.8,17203,0.0,1.19,1.3
2023-09-03,16.5,11.7,21.1,10233,0.0,1.38,1.7
2023-09-04,18.2,10.4,26.4,20491,0.0,1.34,1.7
2023-09-05,19.7,12.8,27.5,20546,0.0,1.54,1.9
2023-09-06,20.3,11.6,29.1,20278,0.0,1.48,1.7
2023-09-07,20.5,12.4,28.8,20010,0.0,1.54,2.1
2023-09-08,20.0,11.8,28.8,19531,0.0,1.5,1.6
2023-09-09,20.6,11.1,30.3,19368,0.0,1.47,1.2
2023-09-10,21.1,11.5,31.7,19204,0.0,1.51,1.1
2023-09-11,21.2,12.2,31.4,18832,0.0,1.56,1.3
2023-09-12,22.5,12.9,31.4,17642,10.5,1.61,1.5
2023-09-13,19.4,15.0,23.1,11274,1.7,1.68,2.3
2023-09-14,15.3,9.2,20.7,18232,0.0,1.19,1.4
2023-09-15,15.8,7.6,23.2,15255,0.0,1.11,1.8
2023-09-16,18.0,10.3,26.1,17796,0.0,1.32,1.5
2023-09-17,19.0,10.8,28.2,16836,0.0,1.41,1.6
2023-09-18,21.0,14.0,28.5,11866,0.3,1.67,2.7
2023-09-19,18.0,14.4,21.7,13004,0.0,1.61,3.8
2023-09-20,18.5,13.9,25.9,13735,0.0,1.63,2.8
2023-09-21,20.9,14.2,29.1,15889,0.0,1.69,2.2
2023-09-22,16.5,14.0,18.3,5751,5.1,1.55,2.5
2023-09-23,14.5,10.6,18.6,12357,0.0,1.27,2.5
2023-09-24,12.4,6.7,19.2,11191,0.0,1.01,1.7
2023-09-25,13.2,4.8,22.4,13562,0.0,0.95,1.8
2023-09-26,16.3,9.1,24.9,11208,0.1,1.23,1.2
2023-09-27,18.8,12.2,28.0,12531,0.0,1.51,1.4
2023-09-28,19.0,13.5,27.0,14550,0.0,1.58,1.6
2023-09-29,18.6,13.1,22.6,7328,0.5,1.51,2.3
2023-09-30,15.5,10.4,19.7,11476,0.0,1.26,2.0
2023-10-01,15.5,10.5,20.9,8970,0.1,1.27,1.8
2023-10-02,19.0,12.6,26.0,12413,0.0,1.49,1.7
2023-10-03,17.9,13.2,26.8,7877,6.2,1.56,3.6
2023-10-04,14.2,11.4,17.5,7429,0.1,1.32,3.0
2023-10-05,12.9,11.2,16.2,5808,1.6,1.3,2.6
2023-10-06,15.2,12.1,18.1,5386,0.8,1.38,3.0
2023-10-07,15.1,10.6,17.4,4559,13.2,1.26,3.4
2023-10-08,11.2,8.6,14.7,11596,3.0,1.09,1.8
2023-10-09,9.6,8.1,11.0,4408,0.5,1.04,1.9
2023-10-10,13.2,9.8,16.6,5054,0.4,1.19,1.8
2023-10-11,19.2,14.1,23.4,9803,1.8,1.59,3.2
2023-10-12,15.1,12.0,20.9,4499,0.9,1.39,2.3
2023-10-13,17.5,12.6,21.5,5198,2.3,1.45,3.3
2023-10-14,14.7,8.9,20.6,7031,0.4,1.16,4.0
2023-10-15,8.7,6.4,10.9,7608,0.1,0.93,3.2
2023-10-16,6.8,2.0,11.5,7722,0.2,0.71,1.9
2023-10-17,4.9,-0.3,12.0,6646,0.0,0.62,1.5
2023-10-18,5.6,-1.9,12.4,10648,0.0,0.56,2.3
2023-10-19,6.5,4.2,8.4,3694,4.9,0.8,2.9
2023-10-20,5.8,4.7,7.2,3627,8.3,0.82,4.0
2023-10-21,10.8,6.2,18.6,5683,1.7,0.97,2.7
2023-10-22,12.5,9.6,16.8,4824,1.7,1.18,2.4
2023-10-23,10.5,6.0,16.1,6609,0.2,0.94,1.6
2023-10-24,11.0,8.4,13.3,3368,16.6,1.07,2.0
2023-10-25,10.8,6.1,13.3,5194,4.4,0.93,2.3
2023-10-26,9.7,8.9,10.9,3244,4.9,1.1,2.3
2023-10-27,9.4,8.2,10.4,3183,6.6,1.05,2.3
2023-10-28,9.5,8.2,11.4,3124,10.9,1.05,2.6
2023-10-29,11.7,8.0,15.1,3129,4.5,1.06,3.3
2023-10-30,13.0,10.2,16.5,4721,3.3,1.22,2.5
2023-10-31,11.1,6.9,14.1,3265,0.9,0.98,3.2
2023-11-01,10.3,6.8,15.4,5063,0.0,0.99,2.7
2023-11-02,11.1,7.9,14.1,4370,2.4,1.04,3.7
2023-11-03,9.3,7.7,10.3,2848,0.0,1.01,3.1
2023-11-04,8.8,5.7,11.8,6196,1.0,0.9,3.6
2023-11-05,10.4,8.0,12.8,3686,4.4,1.05,4.0
2023-11-06,11.2,9.0,13.6,3507,0.5,1.11,4.1
2023-11-07,9.7,7.2,12.6,5000,0.0,0.99,3.4
2023-11-08,8.2,5.6,10.6,2764,1.1,0.89,3.5
2023-11-09,9.3,5.0,12.8,2827,0.7,0.86,3.3
2023-11-10,8.4,5.6,11.3,3720,0.2,0.89,3.1
2023-11-11,6.1,2.6,8.7,3002,0.0,0.72,2.6
2023-11-12,6.3,4.3,8.3,2681,0.5,0.8,1.8
2023-11-13,6.5,3.2,9.6,5737,5.2,0.76,3.1
2023-11-14,11.1,9.4,13.5,2484,3.9,1.15,4.7
2023-11-15,7.8,4.7,9.7,2232,1.6,0.83,3.4
2023-11-16,6.4,0.7,9.6,3898,0.1,0.64,2.7
2023-11-17,4.0,1.0,5.6,2155,0.7,0.63,2.4
2023-11-18,4.3,1.1,6.6,2674,3.2,0.65,2.2
2023-11-19,7.4,3.8,11.6,2483,8.3,0.79,3.8
2023-11-20,9.7,6.5,11.1,2049,3.8,0.94,2.9
2023-11-21,3.0,0.2,6.4,2015,0.1,0.61,2.2
2023-11-22,-0.4,-3.6,2.2,4980,0.2,0.46,2.3
2023-11-23,6.8,0.3,11.6,1952,4.2,0.64,4.9
2023-11-24,4.4,0.7,7.6,2443,3.4,0.63,4.9
2023-11-25,1.3,-0.3,2.8,2456,0.5,0.58,3.4
2023-11-26,-1.1,-4.2,1.1,3909,0.0,0.43,2.2
2023-11-27,-0.6,-4.2,1.9,2898,0.4,0.44,2.6
2023-11-28,-2.2,-6.1,-0.5,2680,0.0,0.38,2.9
2023-11-29,-1.3,-4.6,0.9,1835,2.5,0.42,2.8
2023-11-30,-3.9,-10.0,2.4,3021,0.0,0.3,1.3
2023-12-01,-7.7,-12.2,-0.4,4099,0.0,0.25,1.6
2023-12-02,-6.3,-12.1,-1.9,2694,0.4,0.25,2.1
2023-12-03,-2.5,-5.1,-1.3,2055,0.1,0.4,2.1
2023-12-04,-4.1,-8.5,-1.1,1903,0.0,0.32,2.6
2023-12-05,-1.8,-3.6,-0.4,1669,1.0,0.45,3.1
2023-12-06,0.2,-0.6,1.1,1653,0.7,0.56,2.2
2023-12-07,0.9,0.3,1.7,1637,0.2,0.6,1.6
2023-12-08,0.9,0.4,1.5,1623,0.0,0.6,2.4
2023-12-09,2.6,1.1,5.2,1737,4.4,0.64,2.9
2023-12-10,5.1,1.6,7.6,1598,6.1,0.67,4.0
2023-12-11,7.8,5.9,9.0,1588,3.7,0.89,3.6
2023-12-12,5.1,0.6,7.2,1619,0.8,0.63,2.0
2023-12-13,4.5,2.7,5.2,1569,7.6,0.72,2.4
2023-12-14,2.7,1.5,3.8,1562,0.4,0.65,2.0
2023-12-15,2.8,-0.3,6.2,1555,0.1,0.59,2.2
2023-12-16,7.1,5.9,8.5,1879,0.0,0.9,2.9
2023-12-17,8.1,6.0,9.5,1792,0.0,0.9,3.1
2023-12-18,6.8,5.5,7.7,1543,0.0,0.87,3.0
2023-12-19,6.4,5.8,7.1,1541,5.6,0.89,3.3
2023-12-20,5.5,3.9,6.3,1581,10.5,0.78,4.2
2023-12-21,7.1,2.6,9.2,1540,7.8,0.72,6.3
2023-12-22,3.9,1.1,5.6,2687,0.2,0.64,6.3
2023-12-23,2.0,1.0,3.1,1544,5.5,0.63,5.0
2023-12-24,6.3,0.5,11.3,1547,9.7,0.64,5.5
2023-12-25,10.1,8.3,11.3,1634,8.5,1.06,5.0
2023-12-26,8.5,5.2,9.7,1640,1.1,0.86,4.6
2023-12-27,3.9,2.1,5.4,3630,0.2,0.68,2.4
2023-12-28,7.9,3.3,10.4,2733,0.0,0.76,4.2
2023-12-29,9.6,7.1,11.6,1914,3.4,0.97,4.8
2023-12-30,6.3,3.5,9.1,2343,0.4,0.77,3.4
2023-12-31,5.4,3.0,7.1,1602,0.5,0.73,3.1
2024-01-01,5.7,2.4,7.9,1994,1.0,0.71,3.7
2024-01-02,4.5,1.7,7.5,1627,10.0,0.67,4.1
2024-01-03,9.4,7.2,11.4,1813,1.5,0.98,5.3
2024-01-04,4.3,0.1,9.4,1657,1.8,0.62,4.0
2024-01-05,0.2,-0.5,0.7,1674,3.9,0.57,2.9
2024-01-06,-0.6,-1.7,0.3,1692,0.1,0.52,2.6
2024-01-07,-3.2,-8.2,-1.0,1711,0.0,0.32,3.5
2024-01-08,-7.6,-9.9,-4.8,4915,0.0,0.28,3.5
2024-01-09,-9.5,-12.5,-5.8,5007,0.0,0.23,2.3
2024-01-10,-8.5,-11.6,-3.7,5057,0.0,0.25,1.6
2024-01-11,-2.8,-10.7,0.5,1798,0.5,0.28,1.7
2024-01-12,-0.1,-0.9,1.2,1822,0.1,0.55,2.0
2024-01-13,1.8,0.8,3.0,1848,2.5,0.63,3.4
2024-01-14,2.2,1.0,3.3,1875,1.2,0.63,3.6
2024-01-15,1.1,-1.0,2.8,1950,1.7,0.55,4.3
2024-01-16,-1.2,-5.1,0.3,2028,0.5,0.41,2.6
2024-01-17,-2.4,-6.2,-0.3,3261,1.6,0.37,2.4
2024-01-18,-2.3,-5.8,-0.5,2529,0.0,0.38,2.3
2024-01-19,-1.6,-5.4,1.8,4581,0.0,0.4,3.1
2024-01-20,0.3,-3.8,2.8,2706,0.0,0.45,3.1
2024-01-21,-0.7,-5.2,3.2,2447,0.0,0.41,3.4
2024-01-22,6.4,2.3,9.9,2132,1.8,0.71,5.0
2024-01-23,5.9,3.2,8.1,2837,3.9,0.75,4.6
2024-01-24,8.7,3.9,11.3,2832,5.1,0.79,6.6
2024-01-25,7.3,4.8,8.6,2300,0.0,0.83,3.7
2024-01-26,4.9,0.4,9.4,2395,3.3,0.62,3.9
2024-01-27,4.8,0.5,7.3,4592,0.0,0.62,2.7
2024-01-28,1.8,-2.5,7.8,6735,0.0,0.52,2.0
2024-01-29,3.7,-0.6,9.7,6611,0.0,0.59,2.0
2024-01-30,4.8,0.6,8.4,3580,0.0,0.63,2.2
2024-01-31,5.8,4.0,8.7,2905,1.7,0.78,2.9
2024-02-01,6.2,3.9,8.3,4847,0.0,0.78,3.7
2024-02-02,6.1,4.3,8.5,2606,0.5,0.81,3.9
2024-02-03,9.6,7.3,11.0,2655,5.6,0.99,4.4
2024-02-04,7.6,6.1,8.6,2944,11.4,0.91,4.8
2024-02-05,9.7,6.9,10.6,2759,5.7,0.97,5.5
2024-02-06,10.2,8.6,11.3,2812,7.0,1.08,5.7
2024-02-07,4.3,-1.1,10.5,2989,0.2,0.58,4.1
2024-02-08,0.6,-1.9,3.4,2921,3.8,0.52,2.3
2024-02-09,2.7,0.7,4.9,2978,6.7,0.62,3.0
2024-02-10,9.4,4.7,14.4,4444,2.2,0.86,2.1
2024-02-11,8.2,7.1,8.9,3094,9.7,0.97,2.9
2024-02-12,7.1,4.4,9.1,3285,0.7,0.81,2.5
2024-02-13,5.5,2.0,9.1,5473,0.1,0.7,2.6
2024-02-14,5.4,0.7,8.9,3275,1.0,0.63,2.7
2024-02-15,10.6,8.5,13.3,3406,0.4,1.08,2.1
2024-02-16,11.4,7.8,14.7,4780,2.2,1.04,2.6
2024-02-17,9.0,5.9,12.2,4094,0.0,0.9,2.4
2024-02-18,6.9,2.0,9.4,5014,2.7,0.7,2.5
2024-02-19,7.9,6.4,8.8,3597,2.8,0.92,3.7
2024-02-20,7.8,6.8,8.9,4099,1.4,0.95,3.2
2024-02-21,8.2,6.5,11.1,4099,0.0,0.94,3.2
2024-02-22,9.4,7.5,11.5,3950,2.7,1.01,4.1
2024-02-23,8.3,2.6,12.0,7690,0.0,0.74,4.1
2024-02-24,6.1,-0.3,12.2,10229,0.0,0.62,2.5
2024-02-25,5.5,0.3,12.4,6925,4.2,0.64,2.3
2024-02-26,4.6,-1.4,10.9,7185,0.1,0.57,2.1
2024-02-27,5.0,4.2,5.8,4159,0.8,0.79,2.1
2024-02-28,2.7,-1.5,4.2,4232,0.0,0.54,1.7
2024-02-29,3.8,-1.4,8.8,10713,0.1,0.56,2.4
2024-03-01,8.6,6.0,11.8,6001,0.4,0.92,2.1
2024-03-02,9.9,7.4,13.3,4948,0.3,1.01,2.2
2024-03-03,10.4,5.6,13.8,6187,0.0,0.9,2.3
2024-03-04,8.8,6.0,12.5,8788,0.0,0.92,2.0
2024-03-05,3.5,-1.1,7.4,8656,0.0,0.56,2.3
2024-03-06,3.3,-2.3,7.1,6301,0.0,0.52,1.9
2024-03-07,3.8,-1.6,8.1,13631,0.0,0.54,2.6
2024-03-08,2.8,-3.0,9.4,13971,0.0,0.51,3.2
2024-03-09,5.4,-1.6,11.4,9660,0.0,0.57,3.0
2024-03-10,8.1,2.7,12.6,8188,0.0,0.75,3.4
2024-03-11,9.6,2.3,14.4,5970,0.0,0.74,2.8
2024-03-12,8.5,0.9,15.1,10487,0.0,0.69,2.0
2024-03-13,9.7,4.8,14.3,10526,0.1,0.86,2.0
2024-03-14,9.6,4.3,14.5,5684,0.0,0.83,2.1
2024-03-15,12.4,6.5,19.3,11806,0.0,0.99,2.9
2024-03-16,9.8,4.7,14.8,8008,2.7,0.86,3.5
2024-03-17,4.8,-0.5,9.1,11231,0.0,0.59,1.8
2024-03-18,1.3,-3.5,6.4,13649,0.0,0.47,2.0
2024-03-19,3.2,-4.5,10.0,15624,0.0,0.47,1.7
2024-03-20,9.1,0.7,16.7,11718,1.0,0.69,1.3
2024-03-21,10.4,7.3,15.5,7549,3.5,1.02,2.4
2024-03-22,9.6,7.1,13.2,6069,5.4,0.99,2.6
2024-03-23,5.6,2.6,8.2,7840,6.9,0.72,3.3
2024-03-24,4.7,1.5,8.2,9136,2.8,0.66,4.2
2024-03-25,6.0,1.2,9.7,7931,1.2,0.66,2.6
2024-03-26,7.7,-0.1,13.5,14626,0.0,0.64,2.6
2024-03-27,12.7,5.3,19.4,15280,0.1,0.93,2.4
2024-03-28,10.9,8.4,15.3,8937,0.0,1.08,3.4
2024-03-29,11.0,4.1,17.0,9555,0.0,0.84,2.8
2024-03-30,14.5,5.3,23.3,14044,0.0,0.98,2.1
2024-03-31,14.7,9.0,21.1,12914,0.0,1.17,1.9
2024-04-01,13.3,7.5,20.2,9439,0.0,1.07,2.9
2024-04-02,11.4,9.3,14.1,11242,2.1,1.14,4.3
2024-04-03,10.2,9.0,12.3,8778,2.3,1.11,2.7
2024-04-04,12.1,9.3,16.0,10488,3.6,1.15,3.6
2024-04-05,14.4,10.0,18.7,12434,2.7,1.22,3.2
2024-04-06,16.9,11.6,23.3,16255,0.1,1.39,2.4
2024-04-07,18.4,13.0,23.9,17265,0.0,1.52,2.4
2024-04-08,19.2,14.0,27.2,14311,0.0,1.64,1.8
2024-04-09,18.6,12.4,27.0,14983,2.7,1.5,3.3
2024-04-10,11.2,5.5,15.1,9413,0.1,0.9,2.6
2024-04-11,12.1,3.7,17.6,15893,0.0,0.83,2.3
2024-04-12,15.8,12.1,19.5,9702,0.0,1.4,2.3
2024-04-13,17.8,12.3,23.1,18624,0.0,1.45,2.5
2024-04-14,14.4,5.6,17.8,15908,0.0,0.93,3.2
2024-04-15,10.4,5.5,14.7,15565,1.8,0.9,3.2
2024-04-16,6.8,5.2,10.6,10737,1.1,0.87,4.0
2024-04-17,5.8,1.4,11.0,13478,0.5,0.68,2.1
2024-04-18,5.6,0.8,11.3,15777,1.5,0.66,2.2
2024-04-19,5.8,3.1,7.4,8320,4.0,0.74,4.0
2024-04-20,4.9,-1.2,8.7,14235,0.0,0.56,2.8
2024-04-21,3.3,-1.6,9.7,16326,0.4,0.56,2.5
2024-04-22,2.8,-1.7,6.8,11718,0.1,0.53,2.0
2024-04-23,5.1,-0.6,10.4,12865,0.0,0.59,2.0
2024-04-24,6.9,2.3,11.0,13188,0.8,0.72,2.5
2024-04-25,5.4,0.6,10.6,17798,0.3,0.64,2.3
2024-04-26,8.5,1.6,15.1,18614,0.0,0.72,2.1
2024-04-27,13.2,1.8,21.8,19673,0.0,0.79,2.1
2024-04-28,16.1,5.8,23.1,20016,0.0,0.99,2.7
2024-04-29,17.1,12.3,21.9,20478,0.0,1.42,1.8
2024-04-30,20.2,10.2,28.9,24449,0.0,1.36,2.1
2024-05-01,21.1,14.6,26.8,25285,0.0,1.69,3.0
2024-05-02,20.6,13.2,27.1,23812,0.0,1.58,3.3
2024-05-03,18.3,11.4,25.1,21108,0.1,1.41,2.8
2024-05-04,16.3,12.1,22.2,19733,0.0,1.41,1.6
2024-05-05,15.5,9.2,19.7,15773,0.0,1.18,2.6
2024-05-06,13.6,7.2,20.0,23468,0.0,1.04,1.9
2024-05-07,11.9,8.1,17.1,14690,0.0,1.08,2.1
2024-05-08,12.4,6.2,18.6,24759,0.0,0.97,1.8
2024-05-09,13.2,4.1,21.4,23981,0.0,0.89,1.5
2024-05-10,15.7,8.4,22.3,16379,0.1,1.14,1.6
2024-05-11,14.5,10.8,20.3,16198,0.0,1.29,1.8
2024-05-12,14.5,7.4,21.1,27464,0.0,1.08,2.4
2024-05-13,16.4,5.8,24.1,27548,0.0,1.02,2.4
2024-05-14,18.0,8.2,25.4,27629,0.0,1.17,3.1
2024-05-15,19.0,10.8,25.6,27708,0.0,1.35,3.1
2024-05-16,19.6,11.9,26.4,26406,0.0,1.45,3.3
2024-05-17,19.1,13.1,25.3,25599,0.0,1.54,3.4
2024-05-18,16.2,12.0,20.1,12221,0.7,1.39,2.1
2024-05-19,16.2,11.0,21.1,18308,6.1,1.32,1.8
2024-05-20,16.5,9.4,23.0,23780,0.4,1.22,1.6
2024-05-21,20.9,13.0,27.2,24217,0.0,1.56,2.9
2024-05-22,20.3,15.3,27.7,15433,9.2,1.77,2.7
2024-05-23,18.2,13.3,24.4,15352,0.1,1.54,1.9
2024-05-24,19.2,12.2,25.8,24382,0.6,1.47,1.7
2024-05-25,19.0,13.3,25.8,16577,3.8,1.55,1.6
2024-05-26,19.7,11.8,27.4,24354,4.6,1.46,1.7
2024-05-27,20.3,16.3,26.2,16531,5.6,1.84,1.8
2024-05-28,15.8,10.8,18.1,11742,3.4,1.28,2.2
2024-05-29,17.5,9.5,23.6,24487,0.0,1.23,2.4
2024-05-30,17.9,13.6,24.8,16258,1.0,1.57,1.8
2024-05-31,18.1,12.7,24.6,22146,1.0,1.48,2.2
2024-06-01,19.7,15.3,27.2,20779,3.3,1.76,2.6
2024-06-02,18.8,14.3,25.3,15075,5.2,1.65,2.9
2024-06-03,14.8,12.2,16.0,10639,0.0,1.38,2.3
2024-06-04,16.1,10.8,20.7,16276,0.0,1.29,1.6
2024-06-05,16.4,10.9,21.7,17704,4.2,1.31,2.5
2024-06-06,16.3,12.2,21.0,22323,0.4,1.41,1.9
2024-06-07,15.7,8.4,21.4,18770,0.1,1.13,1.8
2024-06-08,18.4,7.9,26.3,28372,0.0,1.17,2.4
2024-06-09,15.7,8.2,21.6,27498,0.0,1.12,2.5
2024-06-10,15.2,8.0,20.7,23298,3.3,1.11,2.4
2024-06-11,13.2,8.6,17.7,17048,0.2,1.12,3.1
2024-06-12,13.2,7.5,18.6,25757,0.0,1.05,2.3
2024-06-13,13.6,7.6,19.6,17839,0.1,1.06,1.8
2024-06-14,14.6,7.1,21.2,12987,0.0,1.06,2.4
2024-06-15,16.7,9.3,23.3,18367,1.3,1.21,3.2
2024-06-16,18.1,8.8,25.9,21699,0.1,1.23,2.4
2024-06-17,19.3,13.6,25.1,19145,0.8,1.59,1.9
2024-06-18,20.2,12.7,27.8,24136,5.8,1.54,1.6
2024-06-19,16.4,12.8,19.0,13135,1.7,1.45,2.2
2024-06-20,17.4,10.3,23.1,25926,0.0,1.28,1.7
2024-06-21,21.3,14.7,28.9,18760,15.6,1.72,2.1
2024-06-22,19.4,15.5,23.1,19523,15.0,1.74,2.9
2024-06-23,18.7,12.8,23.5,21690,0.0,1.49,1.9
2024-06-24,19.1,11.5,25.9,25644,0.0,1.41,1.7
2024-06-25,20.5,12.8,26.4,23076,0.0,1.53,2.2
2024-06-26,24.0,15.3,30.4,30218,0.0,1.82,1.9
2024-06-27,25.6,19.0,31.5,24582,1.0,2.25,1.8
2024-06-28,22.3,14.5,29.6,22139,5.9,1.74,2.5
2024-06-29,23.0,14.0,29.4,28119,4.2,1.68,1.8
2024-06-30,22.2,17.2,27.8,16743,1.7,1.97,2.8
2024-07-01,17.5,13.0,21.1,14301,3.7,1.48,2.3
2024-07-02,15.4,12.4,19.1,12879,0.3,1.41,2.7
2024-07-03,15.2,12.6,18.1,13623,0.5,1.41,2.2
2024-07-04,15.3,11.2,20.1,16783,3.1,1.33,3.2
2024-07-05,16.6,10.1,22.3,22356,0.1,1.26,2.8
2024-07-06,21.3,12.6,31.2,25631,6.2,1.59,3.2
2024-07-07,18.4,11.8,22.9,24071,0.0,1.4,2.4
2024-07-08,19.8,10.6,27.8,26828,0.0,1.38,1.6
2024-07-09,24.6,16.3,32.3,24250,0.0,1.94,2.0
2024-07-10,24.6,19.0,31.6,21167,9.5,2.22,1.9
2024-07-11,22.5,17.0,28.4,20367,0.8,1.95,1.6
2024-07-12,20.8,16.9,26.1,16150,9.1,1.91,2.3
2024-07-13,18.0,12.7,23.0,16743,0.6,1.48,2.5
2024-07-14,19.3,11.4,26.2,25291,0.4,1.4,1.9
2024-07-15,22.9,15.0,30.2,26880,0.0,1.8,1.8
2024-07-16,21.4,16.2,27.9,17246,1.2,1.88,2.6
2024-07-17,20.3,14.0,25.1,22990,0.0,1.6,2.4
2024-07-18,20.2,12.6,27.1,25952,0.0,1.51,1.4
2024-07-19,21.9,12.9,29.7,26518,0.0,1.58,1.4
2024-07-20,23.9,15.8,30.3,27457,0.0,1.86,1.6
2024-07-21,24.7,14.6,32.7,26763,7.3,1.78,1.8
2024-07-22,20.4,13.8,22.8,11314,0.2,1.57,2.5
2024-07-23,19.6,11.5,27.0,25624,7.4,1.43,2.2
2024-07-24,19.9,16.0,24.3,19194,0.1,1.8,2.5
2024-07-25,17.5,11.5,23.2,25850,0.0,1.39,1.4
2024-07-26,19.4,11.0,25.2,16332,0.3,1.38,1.8
2024-07-27,20.0,16.6,23.7,10194,33.0,1.86,1.3
2024-07-28,18.7,14.1,23.4,18557,0.7,1.59,2.5
2024-07-29,18.0,11.8,24.3,24169,0.0,1.42,1.7
2024-07-30,19.7,9.7,27.7,27043,0.0,1.3,1.4
2024-07-31,22.3,13.1,29.1,23138,0.0,1.61,1.5
2024-08-01,22.0,15.5,27.8,24893,0.0,1.79,1.7
2024-08-02,19.0,15.8,22.4,10474,0.0,1.76,1.8
2024-08-03,19.6,13.4,25.7,20675,7.3,1.57,1.5
2024-08-04,19.2,16.0,23.9,13520,12.4,1.79,2.3
2024-08-05,19.0,13.7,24.1,21836,0.0,1.58,1.5
2024-08-06,19.6,11.6,26.5,24894,0.0,1.42,1.5
2024-08-07,21.9,13.0,29.6,24547,11.3,1.61,1.8
2024-08-08,19.5,12.9,24.4,17931,0.2,1.5,1.8
2024-08-09,19.5,12.6,25.6,14956,1.3,1.49,2.7
2024-08-10,20.9,15.5,26.4,22543,0.0,1.77,2.3
2024-08-11,20.4,13.2,25.5,22674,0.0,1.55,1.8
2024-08-12,20.1,11.0,28.1,25302,0.0,1.41,1.6
2024-08-13,22.2,13.5,29.8,25180,0.0,1.64,2.1
2024-08-14,23.3,14.8,31.8,24701,5.8,1.79,1.8
2024-08-15,23.5,17.3,29.6,20450,0.1,2.02,1.7
2024-08-16,23.7,15.9,31.0,21042,0.0,1.89,1.9
2024-08-17,23.1,17.2,29.4,12734,0.0,2.0,1.5
2024-08-18,20.7,17.0,25.9,8567,0.6,1.93,1.7
2024-08-19,19.0,12.1,24.5,18014,0.0,1.44,1.7
2024-08-20,19.9,10.2,27.1,23221,3.3,1.33,1.8
2024-08-21,19.9,12.9,23.7,14910,0.1,1.5,3.2
2024-08-22,17.7,12.6,24.0,11597,0.0,1.49,2.3
2024-08-23,22.9,14.6,30.8,16415,0.0,1.77,3.2
2024-08-24,24.3,14.2,32.2,21983,0.0,1.74,2.6
2024-08-25,20.5,11.6,26.7,12455,0.0,1.44,2.8
2024-08-26,18.2,10.3,26.2,18885,0.0,1.33,1.6
2024-08-27,19.4,10.2,27.2,22226,0.0,1.33,1.7
2024-08-28,22.5,12.3,31.0,21296,0.0,1.57,1.8
2024-08-29,25.7,17.6,34.7,21703,0.0,2.15,1.6
2024-08-30,22.9,16.6,31.0,14602,1.7,1.95,1.9
