Date,TempMean,TempMin,TempMax,Radiation,Precipitation,VapPressure,Windspeed
2000-01-01,1.9,-0.7,3.4,1618,2.0,0.56,2.1
2000-01-02,4.6,2.4,5.2,1632,0.0,0.7,2.3
2000-01-03,6.3,4.8,7.2,1646,0.2,0.83,3.2
2000-01-04,5.3,4.6,6.6,1963,2.2,0.82,3.3
2000-01-05,2.4,0.0,6.8,4062,0.0,0.6,3.1
2000-01-06,2.5,-1.1,4.5,4184,0.9,0.55,2.7
2000-01-07,4.7,2.8,7.2,1891,0.0,0.72,2.3
2000-01-08,3.6,-0.9,5.7,2577,0.3,0.56,2.9
2000-01-09,4.0,2.8,5.5,1757,0.0,0.72,1.7
2000-01-10,1.6,-0.2,3.1,1779,0.0,0.58,1.7
2000-01-11,-0.3,-2.5,3.0,3847,0.0,0.49,2.2
2000-01-12,-1.1,-3.6,1.3,3249,0.0,0.46,2.7
2000-01-13,-3.3,-4.5,-0.4,4676,0.0,0.42,2.6
2000-01-14,-1.3,-4.5,-0.6,1880,0.0,0.42,1.5
2000-01-15,-0.9,-1.7,0.4,1908,0.1,0.52,1.6
2000-01-16,3.0,-2.6,4.5,1937,0.5,0.5,2.5
2000-01-17,7.3,4.3,8.0,1967,1.1,0.8,5.4
2000-01-18,4.0,2.0,7.6,3751,1.2,0.69,5.4
2000-01-19,0.3,-1.5,2.8,5378,0.7,0.53,2.8
2000-01-20,4.0,-2.0,4.7,2065,3.9,0.52,4.1
2000-01-21,-1.0,-2.6,4.5,4817,0.0,0.5,4.2
2000-01-22,-2.5,-3.3,-1.1,2137,2.2,0.46,2.6
2000-01-23,-7.3,-12.1,-3.1,5879,0.1,0.24,2.1
2000-01-24,-5.9,-8.6,-3.3,5597,0.0,0.31,1.4
2000-01-25,-5.2,-13.8,-2.4,2621,0.1,0.22,1.9
2000-01-26,2.0,-4.5,3.2,2293,0.1,0.43,2.8
2000-01-27,2.2,1.3,3.2,2335,0.0,0.65,3.4
2000-01-28,1.1,0.4,2.5,2378,1.1,0.61,4.2
2000-01-29,5.0,0.0,8.0,2422,10.6,0.61,6.5
2000-01-30,4.9,2.8,6.4,4202,4.0,0.72,5.8
2000-01-31,7.8,3.3,10.0,5346,1.3,0.76,5.9
2000-02-01,8.8,5.9,10.0,2562,2.5,0.89,3.6
2000-02-02,6.5,5.2,8.5,2610,5.8,0.86,3.8
2000-02-03,3.5,1.4,6.9,5540,0.4,0.66,3.9
2000-02-04,6.3,-0.3,8.2,2771,0.5,0.59,3.9
2000-02-05,6.6,4.4,8.9,2763,0.0,0.81,3.5
2000-02-06,7.6,4.3,12.3,4647,0.0,0.83,2.7
2000-02-07,7.0,5.2,10.0,4415,0.3,0.86,4.3
2000-02-08,8.8,5.5,9.9,3114,5.4,0.87,5.5
2000-02-09,4.8,3.1,10.0,3616,3.3,0.75,5.9
2000-02-10,6.4,4.6,8.6,4900,2.2,0.82,4.0
2000-02-11,4.2,2.4,7.5,5565,0.0,0.71,2.7
2000-02-12,2.6,-1.1,7.0,8745,1.3,0.56,3.4
2000-02-13,3.0,-0.1,4.0,3418,8.9,0.59,3.9
2000-02-14,2.1,0.6,4.9,6042,0.3,0.62,2.9
2000-02-15,4.5,0.5,8.5,4434,2.1,0.63,3.2
2000-02-16,2.2,0.5,4.9,3544,1.8,0.61,3.9
2000-02-17,1.0,-1.1,3.6,5007,0.0,0.55,2.9
2000-02-18,2.2,-0.2,5.0,5515,0.3,0.58,3.0
2000-02-19,1.8,0.8,3.5,3602,4.9,0.62,2.6
2000-02-20,0.7,-0.2,2.5,4538,0.0,0.58,2.5
2000-02-21,-1.6,-3.0,2.2,7692,0.0,0.48,1.4
2000-02-22,-0.3,-3.1,0.7,3806,1.2,0.47,1.7
2000-02-23,1.8,-0.3,5.2,4326,0.0,0.58,1.5
2000-02-24,3.8,-0.6,7.1,3947,4.0,0.57,3.2
2000-02-25,3.0,1.1,4.8,4325,0.6,0.64,3.4
2000-02-26,5.2,2.5,6.8,5176,0.0,0.7,2.1
2000-02-27,4.8,-1.0,9.5,10907,0.0,0.57,2.7
2000-02-28,9.7,5.4,17.0,9787,2.4,0.91,4.4
2000-02-29,6.0,3.3,9.4,6716,1.0,0.75,4.0
2000-03-01,5.3,3.3,8.2,5764,0.0,0.75,4.1
2000-03-02,3.5,1.5,6.0,9130,6.5,0.66,4.3
2000-03-03,3.9,2.6,8.5,5035,2.8,0.72,6.1
2000-03-04,1.1,0.4,3.9,7375,0.0,0.6,4.6
2000-03-05,1.4,-0.4,4.0,6298,0.1,0.58,3.7
2000-03-06,6.3,0.7,8.6,5112,0.0,0.63,3.9
2000-03-07,9.4,6.8,12.0,5022,1.4,0.96,4.8
2000-03-08,10.7,9.0,11.7,4929,5.3,1.11,5.4
2000-03-09,7.3,4.5,12.2,5536,7.8,0.83,5.8
2000-03-10,2.6,-0.8,5.7,10325,1.9,0.57,3.0
2000-03-11,5.7,2.0,10.0,6154,1.6,0.7,4.8
2000-03-12,3.0,1.3,4.5,5521,0.5,0.64,1.7
2000-03-13,7.7,3.3,10.6,7248,1.1,0.76,2.0
2000-03-14,6.7,4.6,10.4,5412,6.4,0.82,3.9
2000-03-15,2.8,1.0,6.0,9491,7.6,0.64,4.8
2000-03-16,2.9,0.4,5.5,7639,5.7,0.61,3.9
2000-03-17,2.5,0.1,6.0,10955,0.0,0.6,3.4
2000-03-18,3.3,-0.9,7.0,13468,0.0,0.57,2.0
2000-03-19,4.8,-0.3,9.4,15347,0.0,0.6,2.3
2000-03-20,5.2,3.5,6.5,5907,0.0,0.75,2.1
2000-03-21,4.4,3.4,8.0,7848,0.0,0.76,1.6
2000-03-22,4.6,0.4,10.5,10606,0.0,0.64,1.6
2000-03-23,5.3,0.8,11.9,11420,0.0,0.66,1.5
2000-03-24,7.0,1.2,10.5,7440,0.2,0.67,2.7
2000-03-25,8.8,5.0,12.5,6928,0.2,0.86,2.1
2000-03-26,7.1,5.4,13.8,7727,0.0,0.89,2.0
2000-03-27,5.1,4.3,6.9,6489,0.6,0.8,1.9
2000-03-28,4.9,3.0,8.2,6572,2.7,0.74,3.0
2000-03-29,7.1,4.3,8.5,6655,0.0,0.81,3.8
2000-03-30,6.2,5.7,8.2,6738,2.7,0.88,3.7
2000-03-31,4.7,4.5,5.8,6821,0.5,0.81,1.9
2000-04-01,6.2,-0.1,10.4,7432,0.0,0.62,1.5
2000-04-02,8.2,2.5,12.9,17002,0.0,0.74,1.8
2000-04-03,11.0,4.0,17.1,19184,0.0,0.84,2.6
2000-04-04,8.4,4.2,12.1,7257,0.4,0.82,2.2
2000-04-05,3.4,1.0,8.8,10812,0.0,0.65,3.2
2000-04-06,4.8,-1.6,10.4,20630,0.0,0.56,2.8
2000-04-07,5.8,1.4,9.7,8710,0.0,0.67,2.5
2000-04-08,5.4,0.4,8.1,7693,0.0,0.62,1.5
2000-04-09,3.1,1.0,8.9,19431,0.0,0.65,2.6
2000-04-10,5.2,-2.9,11.3,16672,0.0,0.52,2.0
2000-04-11,6.4,-1.9,12.5,17920,0.0,0.56,1.8
2000-04-12,5.8,1.0,10.7,8240,3.7,0.66,2.9
2000-04-13,7.4,1.3,12.3,13420,0.2,0.68,3.5
2000-04-14,8.3,6.4,11.4,9766,0.1,0.94,2.6
2000-04-15,11.4,0.7,19.1,10653,25.8,0.71,2.4
2000-04-16,9.9,5.7,13.6,19130,0.0,0.9,2.7
2000-04-17,13.9,6.0,20.5,16831,0.0,0.99,2.8
2000-04-18,13.2,8.9,17.6,14393,1.0,1.14,1.9
2000-04-19,12.2,9.7,18.1,12863,1.1,1.2,1.7
2000-04-20,12.7,6.5,19.2,18215,0.0,0.99,1.5
2000-04-21,16.9,7.7,23.6,20322,0.0,1.11,1.9
2000-04-22,19.5,10.7,25.1,21147,0.0,1.34,2.1
2000-04-23,20.6,13.2,28.6,21029,0.0,1.6,1.9
2000-04-24,13.6,11.0,19.3,18415,0.6,1.3,2.6
2000-04-25,10.4,9.0,12.1,8752,0.0,1.11,1.7
2000-04-26,15.6,4.8,21.1,24597,0.0,0.92,2.3
2000-04-27,19.6,11.9,24.6,19321,0.0,1.44,2.2
2000-04-28,20.4,15.5,24.6,9197,0.0,1.75,2.8
2000-04-29,20.6,15.6,26.6,22054,0.0,1.79,2.3
2000-04-30,18.3,12.4,27.6,19980,1.3,1.51,1.4
2000-05-01,18.4,12.6,25.6,19590,0.7,1.49,1.8
2000-05-02,16.7,12.7,22.1,24916,0.0,1.47,2.3
2000-05-03,14.7,7.5,20.3,24288,0.0,1.06,1.7
2000-05-04,15.6,5.7,22.1,24511,0.0,0.98,1.5
2000-05-05,16.2,6.2,23.8,26204,0.0,1.03,1.9
2000-05-06,16.0,6.1,23.6,26427,0.0,1.02,2.2
2000-05-07,18.3,10.1,25.6,26401,0.0,1.31,2.3
2000-05-08,20.3,10.0,26.6,26002,0.0,1.32,1.9
2000-05-09,19.4,10.6,25.3,22504,0.0,1.33,1.4
2000-05-10,20.3,11.7,26.6,24198,0.0,1.43,1.3
2000-05-11,18.9,11.8,26.1,26268,0.0,1.45,1.9
2000-05-12,13.6,9.3,19.1,27597,0.0,1.17,2.6
2000-05-13,14.4,4.5,21.0,27806,0.0,0.92,1.8
2000-05-14,17.4,5.4,25.2,28013,0.0,1.01,1.5
2000-05-15,21.9,9.4,28.0,27841,0.0,1.29,1.3
2000-05-16,22.0,9.3,29.3,26664,0.0,1.31,1.5
2000-05-17,19.3,13.9,30.6,23849,0.6,1.7,2.6
2000-05-18,14.8,9.3,19.6,13983,0.0,1.17,2.3
2000-05-19,12.5,5.8,16.6,16928,2.3,0.93,2.4
2000-05-20,10.3,8.1,14.2,12064,5.5,1.05,2.2
2000-05-21,12.9,7.2,17.1,20312,0.8,1.02,1.5
2000-05-22,11.7,9.7,13.8,10382,3.8,1.17,2.2
2000-05-23,13.8,6.6,18.6,21173,0.0,1.0,1.8
2000-05-24,16.6,9.2,20.1,11599,0.0,1.18,2.1
2000-05-25,15.8,12.2,21.0,11257,3.1,1.41,3.2
2000-05-26,15.2,7.4,19.1,23853,0.0,1.05,2.2
2000-05-27,12.7,10.1,19.6,14376,3.5,1.23,3.4
2000-05-28,14.4,6.6,19.1,17334,0.8,1.0,3.8
2000-05-29,11.8,8.1,16.0,21949,0.9,1.07,3.6
2000-05-30,11.5,7.0,15.6,18042,0.6,1.0,1.9
2000-05-31,12.9,4.0,19.1,25207,0.1,0.86,1.5
2000-06-01,17.2,7.2,21.4,16196,0.0,1.07,2.1
2000-06-02,21.8,14.1,28.6,29230,0.0,1.68,2.3
2000-06-03,20.2,12.1,24.8,26330,1.1,1.45,1.6
2000-06-04,20.8,13.7,28.0,21256,0.0,1.63,2.1
2000-06-05,16.5,13.6,21.0,10939,10.3,1.54,1.7
2000-06-06,14.4,12.6,16.6,11215,0.0,1.41,2.9
2000-06-07,12.9,9.4,17.8,22990,0.0,1.17,3.0
2000-06-08,15.7,7.2,20.6,27996,0.0,1.05,1.8
2000-06-09,21.3,10.3,27.5,29423,0.0,1.35,2.6
2000-06-10,25.7,14.6,32.0,27268,0.0,1.8,1.9
2000-06-11,20.2,17.4,27.5,20633,2.5,1.98,2.2
2000-06-12,18.4,14.2,22.4,23844,0.0,1.6,2.3
2000-06-13,24.0,11.6,29.8,29486,0.0,1.47,2.1
2000-06-14,19.6,14.0,23.7,17211,3.1,1.59,1.8
2000-06-15,15.0,13.3,18.8,14659,0.0,1.48,2.9
2000-06-16,12.3,8.1,16.7,21448,0.0,1.07,3.2
2000-06-17,13.9,5.7,20.0,28491,0.0,0.96,1.7
2000-06-18,19.9,8.7,26.4,24654,0.0,1.23,1.5
2000-06-19,25.0,12.1,32.5,29645,0.0,1.58,1.5
2000-06-20,28.0,17.2,35.2,29131,0.0,2.1,1.5
2000-06-21,28.6,18.2,35.5,27336,0.0,2.24,1.9
2000-06-22,21.5,17.6,29.1,20166,0.1,2.02,2.4
2000-06-23,18.5,12.7,23.7,16322,0.0,1.47,2.7
2000-06-24,14.0,12.0,20.8,12223,3.7,1.39,2.5
2000-06-25,13.6,10.1,17.5,12343,0.1,1.21,3.1
2000-06-26,11.6,9.4,16.4,13611,0.5,1.16,3.5
2000-06-27,12.6,9.1,15.5,13983,0.2,1.14,3.3
2000-06-28,12.0,9.1,15.4,12309,0.0,1.13,2.7
2000-06-29,12.7,10.3,14.5,10890,2.6,1.22,2.5
2000-06-30,12.4,9.7,16.0,10875,0.1,1.18,2.5
2000-07-01,17.0,8.5,22.1,21319,1.2,1.15,2.1
2000-07-02,18.2,11.9,22.5,16961,0.0,1.4,1.4
2000-07-03,19.2,13.9,24.2,11458,1.6,1.59,1.9
2000-07-04,17.4,13.7,21.5,13602,0.9,1.55,1.8
2000-07-05,17.2,13.9,20.9,11796,0.7,1.56,2.9
2000-07-06,16.2,13.8,21.5,13807,0.0,1.55,2.2
2000-07-07,15.9,8.4,21.0,19373,0.0,1.13,1.9
2000-07-08,13.8,10.4,17.7,13751,0.0,1.23,2.6
2000-07-09,15.4,11.4,21.1,14990,0.6,1.35,2.8
2000-07-10,15.7,13.4,20.5,15084,2.0,1.5,3.2
2000-07-11,16.8,12.9,22.1,14923,0.1,1.47,3.0
2000-07-12,14.2,12.0,17.4,11342,0.1,1.37,3.4
2000-07-13,15.4,8.5,21.0,20288,1.4,1.13,2.9
2000-07-14,14.1,12.5,20.0,13294,3.6,1.42,2.6
2000-07-15,14.2,10.0,17.5,15401,0.0,1.21,2.1
2000-07-16,16.8,9.8,21.5,14350,0.0,1.23,1.7
2000-07-17,16.5,11.6,20.0,17581,0.0,1.35,2.0
2000-07-18,14.0,13.2,16.0,10363,0.0,1.47,2.5
2000-07-19,13.7,12.7,15.6,10321,0.6,1.41,3.2
2000-07-20,15.5,12.5,20.3,12913,0.4,1.44,3.0
2000-07-21,15.0,11.5,17.5,10235,0.9,1.33,2.6
2000-07-22,16.0,13.0,20.5,13693,7.4,1.47,1.7
2000-07-23,17.8,11.8,22.5,17013,0.1,1.4,1.2
2000-07-24,21.0,9.9,25.7,20820,2.4,1.29,1.7
2000-07-25,18.2,16.0,25.0,14530,3.1,1.79,2.4
2000-07-26,18.4,15.6,21.5,12484,1.5,1.73,2.0
2000-07-27,19.3,15.6,22.5,15778,0.6,1.73,1.7
2000-07-28,17.9,15.0,21.5,11381,2.8,1.67,2.2
2000-07-29,15.6,14.0,17.6,9842,15.5,1.55,2.4
2000-07-30,16.7,13.1,19.6,11021,0.0,1.48,2.3
2000-07-31,15.9,13.5,19.0,11579,0.0,1.5,1.7
2000-08-01,21.5,9.4,26.5,22568,3.4,1.28,1.5
2000-08-02,17.3,15.9,22.2,10721,5.9,1.77,2.1
2000-08-03,18.2,12.1,23.0,18971,2.2,1.41,1.8
2000-08-04,18.0,13.4,23.2,20717,0.0,1.53,1.4
2000-08-05,18.4,11.0,24.0,24154,0.0,1.35,1.6
2000-08-06,17.9,10.4,22.4,19566,0.0,1.29,2.0
2000-08-07,16.2,14.7,20.2,20564,0.0,1.64,2.4
2000-08-08,15.9,9.6,17.6,12027,0.2,1.19,1.8
2000-08-09,15.9,9.1,21.0,23980,0.0,1.18,1.6
2000-08-10,19.3,9.4,25.5,13199,1.0,1.27,2.0
2000-08-11,18.1,17.3,20.5,9057,0.0,1.91,1.9
2000-08-12,18.7,13.1,24.1,14351,0.0,1.51,1.2
2000-08-13,21.7,11.8,27.8,23290,0.0,1.46,1.1
2000-08-14,24.0,12.8,31.5,24237,0.0,1.62,1.3
2000-08-15,21.1,16.7,28.7,15387,3.6,1.93,1.9
2000-08-16,20.7,15.9,25.2,16585,18.0,1.8,1.9
2000-08-17,19.6,14.9,24.5,20348,4.0,1.69,2.0
2000-08-18,19.7,14.9,23.4,16616,4.9,1.67,1.5
2000-08-19,18.9,16.4,25.0,11982,18.9,1.84,1.7
2000-08-20,20.0,17.0,25.0,16521,6.6,1.91,1.7
2000-08-21,15.9,12.9,21.5,11460,0.1,1.48,2.0
2000-08-22,15.3,12.4,20.5,19860,0.0,1.43,1.4
2000-08-23,14.7,10.2,20.3,20761,0.0,1.25,1.6
2000-08-24,16.7,8.4,21.4,18128,0.0,1.13,2.2
2000-08-25,16.1,14.8,20.0,17326,0.0,1.63,1.9
2000-08-26,17.1,7.5,21.8,20921,0.0,1.08,2.8
2000-08-27,19.6,12.2,24.2,18090,0.0,1.44,2.4
2000-08-28,16.3,14.3,20.2,7814,19.1,1.6,1.7
2000-08-29,16.2,10.0,22.0,17054,0.5,1.26,1.3
2000-08-30,15.9,12.0,21.0,18802,0.1,1.4,1.3
2000-08-31,16.6,10.9,21.2,12735,0.0,1.32,1.3
2000-09-01,16.3,10.4,22.5,14373,6.8,1.3,1.8
2000-09-02,14.0,12.6,17.5,9804,5.5,1.42,2.9
2000-09-03,13.4,11.9,15.0,7335,4.4,1.35,3.6
2000-09-04,11.8,10.0,16.1,10151,1.1,1.19,2.2
2000-09-05,12.4,9.7,16.0,8879,0.5,1.18,1.6
2000-09-06,14.7,8.7,19.3,12814,8.3,1.13,2.4
2000-09-07,14.1,10.9,18.3,14486,0.3,1.28,2.3
2000-09-08,16.5,11.6,18.5,6822,0.0,1.35,2.1
2000-09-09,18.1,16.5,21.5,6948,1.1,1.82,1.5
2000-09-10,16.9,13.4,21.8,13577,0.0,1.51,1.2
2000-09-11,14.1,11.9,17.5,9653,0.0,1.36,1.3
2000-09-12,16.7,8.4,22.0,12707,0.0,1.14,1.9
2000-09-13,17.1,15.4,21.2,10659,0.0,1.71,2.2
2000-09-14,14.7,13.2,18.0,6531,0.0,1.47,1.4
2000-09-15,15.3,11.8,18.7,8639,0.0,1.36,2.1
2000-09-16,13.3,11.9,16.4,6363,18.2,1.35,3.0
2000-09-17,11.1,10.1,13.5,6083,0.0,1.2,2.0
2000-09-18,10.8,8.9,15.9,14181,0.0,1.12,2.1
2000-09-19,9.0,3.9,12.7,12006,0.0,0.81,3.0
2000-09-20,9.2,6.3,11.4,8233,0.0,0.93,3.1
2000-09-21,11.6,6.7,17.2,15165,0.0,0.99,2.8
2000-09-22,11.1,5.1,18.1,12649,0.0,0.9,1.6
2000-09-23,11.3,4.3,18.0,15219,0.0,0.87,2.3
2000-09-24,9.7,4.8,16.0,15240,0.0,0.87,2.4
2000-09-25,11.9,4.9,17.5,11859,0.2,0.89,1.5
2000-09-26,14.3,10.9,17.5,5349,0.0,1.27,1.5
2000-09-27,16.4,9.8,23.1,11764,0.2,1.25,1.8
2000-09-28,17.3,11.9,22.5,9747,0.0,1.4,2.2
2000-09-29,17.7,12.5,23.1,13877,0.0,1.45,2.2
2000-09-30,16.4,10.9,22.8,13803,0.0,1.33,2.0
2000-10-01,16.0,9.6,22.4,12163,11.6,1.23,1.6
2000-10-02,14.2,12.5,18.1,8573,0.0,1.41,1.9
2000-10-03,11.9,7.9,18.6,12890,0.0,1.07,1.5
2000-10-04,14.2,8.6,19.1,6404,0.0,1.13,1.2
2000-10-05,15.3,12.2,19.2,6060,8.9,1.4,1.2
2000-10-06,11.1,10.2,14.9,4563,1.1,1.2,2.1
2000-10-07,9.0,7.9,11.3,4487,4.6,1.03,1.3
2000-10-08,9.8,7.6,12.4,5789,2.0,1.02,1.9
2000-10-09,9.8,8.6,10.7,4338,0.8,1.08,1.9
2000-10-10,9.0,6.6,11.1,4264,1.2,0.94,3.7
2000-10-11,11.2,5.7,13.9,4269,0.4,0.9,3.6
2000-10-12,11.1,8.6,15.9,8151,0.0,1.1,2.2
2000-10-13,12.2,6.9,15.9,5964,0.2,0.99,1.4
2000-10-14,12.3,8.3,17.2,9665,0.0,1.09,1.3
2000-10-15,13.6,10.5,14.3,3905,0.0,1.23,2.4
2000-10-16,13.4,11.7,18.2,8211,0.2,1.35,2.7
2000-10-17,11.9,7.5,16.3,6993,0.0,1.03,1.8
2000-10-18,10.5,6.7,15.0,9063,0.0,0.97,1.4
2000-10-19,10.4,8.5,14.4,4922,0.1,1.09,1.7
2000-10-20,10.4,6.2,13.5,4132,0.0,0.94,1.8
2000-10-21,10.6,8.1,15.9,7979,0.0,1.07,2.2
2000-10-22,11.0,5.9,17.6,9107,0.0,0.94,1.5
2000-10-23,10.1,5.0,16.0,8840,1.2,0.89,2.1
2000-10-24,12.4,8.6,14.6,5539,0.1,1.08,3.5
2000-10-25,12.4,9.9,14.4,3249,0.0,1.19,3.9
2000-10-26,9.5,7.9,13.4,4770,0.2,1.04,3.4
2000-10-27,9.6,6.1,11.8,3649,0.7,0.92,3.0
2000-10-28,11.4,9.6,12.9,3070,0.2,1.15,2.6
2000-10-29,11.4,9.3,14.9,6190,0.0,1.15,4.0
2000-10-30,14.5,7.6,16.7,2956,0.3,1.05,5.3
2000-10-31,10.4,9.8,16.7,2962,0.0,1.18,3.9
2000-11-01,8.8,5.6,13.0,6643,0.0,0.89,3.5
2000-11-02,8.7,3.9,12.4,6785,0.0,0.8,3.2
2000-11-03,7.2,4.1,10.1,2740,2.7,0.8,2.3
2000-11-04,6.2,3.9,10.6,4223,0.0,0.79,2.2
2000-11-05,4.1,1.5,10.5,5904,0.0,0.68,2.3
2000-11-06,6.7,1.1,8.3,3050,1.8,0.65,3.4
2000-11-07,8.3,5.9,13.1,6467,0.0,0.91,2.7
2000-11-08,7.8,3.2,12.5,5193,0.0,0.77,3.3
2000-11-09,7.3,4.3,11.7,4948,0.0,0.82,3.2
2000-11-10,7.4,3.5,10.0,4489,0.0,0.76,3.1
2000-11-11,6.4,4.1,10.0,5071,0.0,0.8,3.0
2000-11-12,7.4,2.0,11.4,4247,0.3,0.71,3.2
2000-11-13,9.0,6.8,11.5,2330,1.5,0.96,2.2
2000-11-14,8.9,7.1,10.5,2237,10.1,0.97,1.4
2000-11-15,7.3,5.6,9.5,4008,1.0,0.88,2.1
2000-11-16,4.6,2.8,8.8,4973,0.0,0.73,2.5
2000-11-17,3.8,0.2,4.6,2123,3.6,0.6,1.7
2000-11-18,3.8,2.6,7.0,4488,0.0,0.71,3.0
2000-11-19,3.4,1.5,7.5,5367,0.4,0.66,3.5
2000-11-20,4.5,1.3,9.2,3977,0.1,0.66,2.5
2000-11-21,4.8,1.9,5.6,1988,4.5,0.68,1.9
2000-11-22,7.1,1.9,9.0,3155,1.5,0.68,3.0
2000-11-23,6.0,1.4,9.3,3208,0.1,0.67,2.4
2000-11-24,5.5,1.1,7.5,1898,0.0,0.65,2.2
2000-11-25,4.4,1.8,6.4,1871,0.1,0.67,1.9
2000-11-26,3.6,2.7,5.6,2904,0.0,0.72,2.9
2000-11-27,5.8,2.2,7.8,2367,0.0,0.7,2.5
2000-11-28,6.2,0.8,8.2,1795,2.0,0.64,2.5
2000-11-29,8.8,7.1,13.0,3297,0.1,0.99,2.3
2000-11-30,7.3,5.1,11.5,1928,0.0,0.86,1.8
2000-12-01,5.0,2.7,7.8,2744,0.3,0.72,2.3
2000-12-02,6.8,2.7,10.3,1709,0.7,0.73,1.9
2000-12-03,7.2,2.7,10.0,2996,0.0,0.73,2.2
2000-12-04,4.0,0.3,8.6,2581,0.0,0.62,2.3
2000-12-05,5.4,2.9,9.4,2773,0.0,0.73,2.4
2000-12-06,3.0,0.9,6.0,3562,0.0,0.63,2.4
2000-12-07,4.5,1.5,8.5,3961,0.1,0.67,2.6
2000-12-08,8.2,3.1,9.8,1615,0.5,0.75,3.0
2000-12-09,7.2,3.9,11.5,3828,0.0,0.8,2.7
2000-12-10,7.3,3.9,9.2,2512,1.8,0.79,3.6
2000-12-11,9.2,7.6,10.9,1582,4.4,1.01,3.9
2000-12-12,11.8,8.7,13.2,1574,3.4,1.1,3.3
2000-12-13,11.2,9.3,13.5,2848,2.5,1.13,5.4
2000-12-14,6.9,5.0,9.8,2715,0.0,0.84,4.3
2000-12-15,5.1,3.5,6.6,2131,2.2,0.76,4.5
2000-12-16,3.6,1.6,5.4,1550,1.4,0.66,4.7
2000-12-17,3.8,3.0,4.4,1547,1.7,0.73,2.3
2000-12-18,0.7,-0.4,3.6,2447,0.0,0.57,1.5
2000-12-19,0.5,-1.6,2.6,1544,0.0,0.52,1.4
2000-12-20,-1.5,-2.4,-0.1,1544,0.0,0.49,3.1
2000-12-21,-1.2,-2.9,-0.1,3473,0.0,0.47,2.9
2000-12-22,-4.1,-5.4,-1.1,2656,0.0,0.39,2.4
2000-12-23,-4.0,-8.4,-1.9,3648,0.0,0.32,1.7
2000-12-24,-1.9,-5.0,-0.6,1556,4.0,0.41,1.6
2000-12-25,-1.0,-2.2,0.0,1562,2.2,0.5,1.8
2000-12-26,-2.0,-3.1,-1.1,1568,5.1,0.47,1.8
2000-12-27,0.2,-2.8,1.0,1576,0.3,0.48,1.7
2000-12-28,0.4,-0.2,1.5,1585,0.0,0.58,2.4
2000-12-29,-2.5,-4.6,0.5,2014,0.0,0.42,2.8
2000-12-30,-2.0,-6.7,1.0,1606,0.6,0.36,2.3
2000-12-31,-1.2,-2.2,0.7,2634,0.0,0.5,2.4
2001-01-01,-1.4,-9.0,1.0,1661,2.9,0.31,3.2
2001-01-02,1.8,-0.2,2.6,1674,0.2,0.58,2.9
2001-01-03,3.9,1.3,6.5,2288,0.5,0.66,3.1
2001-01-04,2.0,-2.2,3.4,2738,1.3,0.51,3.1
2001-01-05,4.5,1.3,5.5,2329,7.6,0.65,3.8
2001-01-06,6.0,3.4,9.8,1871,1.9,0.77,3.4
2001-01-07,3.8,1.6,5.9,2331,0.0,0.66,2.4
2001-01-08,1.9,-1.0,6.0,3995,0.0,0.56,2.0
2001-01-09,4.3,0.0,5.1,1757,0.0,0.6,2.4
2001-01-10,2.0,0.8,4.4,2004,0.0,0.62,1.6
2001-01-11,-0.9,-4.0,1.9,4166,0.0,0.44,1.9
2001-01-12,-1.9,-3.6,-0.4,1827,0.0,0.45,1.8
2001-01-13,-1.9,-5.1,-1.7,1853,0.0,0.4,2.2
2001-01-14,-2.7,-3.6,-1.2,1880,0.0,0.45,2.2
2001-01-15,-1.3,-3.2,-0.1,1908,0.0,0.46,2.4
2001-01-16,-2.5,-5.7,1.3,3987,0.0,0.39,1.8
2001-01-17,-3.2,-6.6,-0.3,3557,0.0,0.36,1.9
2001-01-18,-2.3,-6.9,-0.1,4530,0.0,0.36,1.8
2001-01-19,-1.9,-4.1,0.0,2032,0.0,0.44,1.4
2001-01-20,-1.2,-7.6,0.4,2065,0.0,0.34,1.4
2001-01-21,-0.5,-4.4,0.4,2100,0.0,0.43,1.8
2001-01-22,-0.2,-1.6,0.4,2137,0.9,0.52,3.1
2001-01-23,2.2,-0.2,2.9,2174,2.2,0.58,3.2
2001-01-24,3.8,1.3,5.6,2212,2.9,0.65,3.6
2001-01-25,2.9,1.3,7.5,4728,0.3,0.66,2.4
2001-01-26,4.0,0.4,7.7,4852,0.0,0.62,2.5
2001-01-27,1.6,-1.6,3.5,2874,9.5,0.52,3.3
2001-01-28,1.9,0.6,2.5,2378,3.7,0.62,2.2
2001-01-29,2.1,1.2,3.2,2422,0.2,0.64,1.3
2001-01-30,0.7,-0.3,2.3,2467,0.0,0.57,1.0
2001-01-31,0.7,-2.5,2.6,3307,0.0,0.49,1.2
2001-02-01,-1.1,-2.4,0.7,2562,1.8,0.49,2.1
2001-02-02,-4.0,-6.4,-1.0,4932,0.0,0.37,2.2
2001-02-03,-5.0,-10.7,-3.4,2954,1.0,0.27,2.7
2001-02-04,-4.7,-5.4,-3.4,2711,8.1,0.39,3.3
2001-02-05,3.0,-6.2,5.9,2763,3.1,0.4,4.3
2001-02-06,9.0,3.1,11.1,2817,1.9,0.75,3.6
2001-02-07,8.2,5.6,10.9,2871,2.8,0.89,2.6
2001-02-08,9.0,5.6,12.4,2989,0.1,0.89,3.1
2001-02-09,2.4,0.4,8.0,2983,0.0,0.62,2.4
2001-02-10,-0.1,-3.1,4.3,6503,0.0,0.48,1.3
2001-02-11,6.7,-1.9,8.9,3163,0.2,0.54,3.1
2001-02-12,8.7,7.1,11.5,3158,1.5,0.98,3.0
2001-02-13,3.3,1.2,7.2,3219,0.0,0.65,2.5
2001-02-14,2.1,-0.9,3.9,3280,0.1,0.55,2.0
2001-02-15,1.3,-1.4,7.8,8047,0.0,0.56,1.5
2001-02-16,1.6,-4.3,7.6,6719,2.0,0.46,1.5
2001-02-17,1.4,-0.1,3.1,5217,0.0,0.58,2.3
2001-02-18,3.8,-0.5,7.1,4384,0.0,0.58,2.9
2001-02-19,3.6,-0.2,4.2,3745,0.8,0.58,2.9
2001-02-20,4.8,1.4,6.7,9533,0.0,0.65,3.8
2001-02-21,4.7,2.9,7.3,5276,1.4,0.73,5.0
2001-02-22,2.6,0.2,4.6,5066,8.1,0.6,4.9
2001-02-23,-2.3,-4.9,1.2,4851,6.3,0.41,2.9
2001-02-24,-8.3,-12.3,-1.0,9178,0.6,0.25,1.6
2001-02-25,-1.8,-12.0,0.1,4325,0.1,0.25,2.2
2001-02-26,-2.8,-5.4,1.8,7580,0.4,0.4,2.2
2001-02-27,-3.1,-9.3,1.0,7378,0.0,0.31,2.5
2001-02-28,-1.5,-6.5,2.0,9787,0.0,0.37,2.1
2001-03-01,0.7,-3.7,4.7,9762,0.0,0.46,2.2
2001-03-02,0.2,-3.0,2.5,5683,0.0,0.48,2.1
2001-03-03,-0.4,-3.5,3.0,10112,0.5,0.46,2.0
2001-03-04,-0.2,-1.5,1.0,4538,1.4,0.52,2.5
2001-03-05,-0.6,-2.1,2.5,5284,0.1,0.51,1.7
2001-03-06,-0.6,-7.0,4.1,10607,0.0,0.37,2.2
2001-03-07,1.9,-4.4,5.0,8014,0.0,0.44,2.4
2001-03-08,6.8,2.3,10.4,5453,1.6,0.71,2.1
2001-03-09,9.7,5.5,12.5,5625,0.1,0.88,2.7
2001-03-10,9.5,7.4,12.5,5360,0.6,1.0,2.7
2001-03-11,9.3,6.7,13.0,5266,0.1,0.95,2.8
2001-03-12,10.6,8.3,13.6,5348,0.4,1.06,3.0
2001-03-13,7.5,6.0,10.4,11310,0.1,0.9,3.6
2001-03-14,4.9,3.4,8.0,7248,3.2,0.76,3.9
2001-03-15,4.7,2.9,9.1,8637,0.1,0.73,2.3
2001-03-16,2.7,0.9,6.5,5494,0.0,0.63,1.7
2001-03-17,2.4,-1.0,4.6,5576,2.8,0.55,2.5
2001-03-18,1.9,0.0,2.9,5659,8.7,0.59,3.3
2001-03-19,2.4,-0.5,6.5,5932,3.9,0.58,5.0
2001-03-20,-1.4,-3.8,1.7,11980,0.0,0.45,2.1
2001-03-21,-0.1,-5.7,4.0,13181,0.0,0.4,2.5
2001-03-22,0.4,-1.2,2.0,5990,1.5,0.54,3.1
2001-03-23,0.9,-0.4,2.0,6073,6.6,0.57,2.8
2001-03-24,0.7,-0.4,1.9,6156,0.8,0.57,2.6
2001-03-25,-0.3,-0.6,1.0,6239,4.1,0.56,3.7
2001-03-26,0.3,-3.0,4.1,14894,0.0,0.48,2.9
2001-03-27,-1.1,-3.9,2.1,15549,0.0,0.44,2.7
2001-03-28,1.5,-3.5,5.0,15903,0.0,0.47,3.7
2001-03-29,4.5,-0.1,8.0,6881,1.3,0.6,3.6
2001-03-30,5.1,2.0,8.0,6655,0.3,0.68,1.6
2001-03-31,8.7,3.3,13.0,14261,0.0,0.77,2.1
2001-04-01,11.4,7.2,15.5,7241,0.0,1.0,1.9
2001-04-02,12.1,3.3,19.6,17279,0.0,0.84,1.8
2001-04-03,10.2,5.2,18.3,11887,0.7,0.91,2.6
2001-04-04,10.5,2.5,18.3,10606,17.7,0.78,3.2
2001-04-05,6.9,5.2,11.5,13946,0.0,0.86,3.7
2001-04-06,9.1,4.8,12.0,7230,1.5,0.85,3.5
2001-04-07,8.1,6.8,13.0,7639,0.4,0.97,2.6
2001-04-08,8.6,4.3,14.0,11784,0.0,0.84,2.0
2001-04-09,6.7,2.4,11.0,15753,0.0,0.72,2.2
2001-04-10,8.1,3.1,11.5,7663,3.3,0.75,2.4
2001-04-11,8.7,6.9,12.8,8971,0.0,0.96,2.2
2001-04-12,2.0,0.0,7.8,15003,2.2,0.6,3.8
2001-04-13,1.7,0.0,4.4,8691,0.0,0.59,3.3
2001-04-14,1.4,-1.8,5.4,17386,0.1,0.53,2.3
2001-04-15,2.0,-0.6,3.5,8286,2.9,0.57,3.1
2001-04-16,6.3,1.7,8.0,8021,0.8,0.68,2.3
2001-04-17,5.0,3.0,7.0,8212,0.7,0.73,2.5
2001-04-18,4.1,2.1,8.0,8750,2.9,0.7,3.3
2001-04-19,2.2,0.3,6.8,14045,5.1,0.61,2.5
2001-04-20,5.2,-1.4,9.4,15890,0.0,0.56,1.5
2001-04-21,5.5,0.6,9.8,12838,0.0,0.64,2.7
2001-04-22,5.5,3.0,9.4,9407,0.0,0.75,2.0
2001-04-23,8.0,4.6,10.9,10544,0.0,0.83,1.8
2001-04-24,11.2,1.6,16.0,23158,0.0,0.73,2.0
2001-04-25,12.8,6.0,21.0,16753,8.4,0.99,2.5
2001-04-26,10.0,7.2,15.0,18161,0.2,1.01,3.1
2001-04-27,11.0,4.0,15.5,15155,0.2,0.82,1.9
2001-04-28,9.7,6.2,14.5,14045,3.1,0.94,2.7
2001-04-29,12.2,5.0,17.1,14971,0.0,0.89,2.1
2001-04-30,17.4,10.1,24.0,22536,0.0,1.29,1.6
2001-05-01,16.2,11.1,24.0,24094,0.0,1.36,2.3
2001-05-02,14.5,6.5,20.7,25052,0.0,1.01,2.4
2001-05-03,20.0,9.6,27.4,24794,1.7,1.31,2.5
2001-05-04,14.8,12.6,21.2,19041,0.0,1.45,2.4
2001-05-05,9.6,8.7,13.4,9339,3.6,1.09,3.3
2001-05-06,6.8,6.0,8.9,9400,1.9,0.9,3.1
2001-05-07,10.6,5.5,14.3,14746,0.0,0.9,2.4
2001-05-08,13.2,7.2,21.5,20979,0.0,1.06,2.0
2001-05-09,15.2,4.7,22.2,26743,0.0,0.94,2.5
2001-05-10,17.7,6.8,23.5,25846,0.0,1.07,2.3
2001-05-11,14.4,9.8,20.2,27174,0.0,1.22,2.1
2001-05-12,14.8,6.0,20.7,27387,0.0,0.98,1.8
2001-05-13,16.9,10.2,22.4,25356,0.0,1.27,1.7
2001-05-14,17.8,10.0,25.0,25187,1.1,1.3,1.7
2001-05-15,16.6,12.7,21.5,12269,3.6,1.45,2.0
2001-05-16,16.2,12.1,22.0,22084,1.1,1.42,2.6
2001-05-17,14.8,11.0,18.8,17764,0.0,1.29,2.7
2001-05-18,12.5,8.8,16.2,17446,0.0,1.12,3.3
2001-05-19,11.2,5.9,16.7,24417,0.3,0.93,3.0
2001-05-20,11.6,4.0,17.0,24481,0.0,0.84,2.2
2001-05-21,11.3,5.6,16.3,22778,0.0,0.93,2.4
2001-05-22,13.3,7.5,18.6,26874,0.0,1.05,2.3
2001-05-23,16.0,4.8,22.1,28577,0.0,0.93,1.8
2001-05-24,17.0,7.0,23.8,28383,0.0,1.09,1.7
2001-05-25,15.8,6.9,23.9,27427,0.0,1.07,1.8
2001-05-26,17.4,7.2,23.3,22538,0.0,1.09,1.3
2001-05-27,17.6,10.0,23.4,17510,0.0,1.27,2.4
2001-05-28,16.2,15.0,17.5,10439,6.1,1.65,3.2
2001-05-29,17.0,14.6,21.1,23180,0.0,1.62,4.2
2001-05-30,14.6,11.1,19.0,19533,0.0,1.3,2.3
2001-05-31,12.6,10.0,16.0,11933,2.7,1.2,2.4
2001-06-01,12.3,8.3,15.9,14001,1.3,1.07,2.9
2001-06-02,12.8,11.1,15.7,11481,3.7,1.29,3.2
2001-06-03,11.0,7.4,14.0,14695,3.7,1.01,4.3
2001-06-04,11.0,8.1,14.0,10895,1.8,1.06,3.5
2001-06-05,13.2,10.2,15.1,12322,0.0,1.21,1.8
2001-06-06,14.3,9.1,18.0,12727,0.1,1.14,1.8
2001-06-07,14.2,8.2,18.7,12620,3.0,1.1,3.2
2001-06-08,11.2,9.6,14.7,11745,0.3,1.16,1.8
2001-06-09,12.0,8.1,17.1,22500,2.0,1.08,1.4
2001-06-10,9.3,8.3,13.9,10756,2.9,1.07,1.6
2001-06-11,11.4,6.4,16.5,23431,0.6,0.97,2.4
2001-06-12,10.5,8.0,15.1,16795,2.0,1.06,2.6
2001-06-13,13.0,4.6,18.3,23460,0.0,0.89,1.4
2001-06-14,15.6,9.6,22.2,15283,2.2,1.22,1.4
2001-06-15,18.1,7.3,23.0,21050,1.7,1.09,1.8
2001-06-16,18.6,14.1,23.3,20034,0.0,1.61,1.9
2001-06-17,16.3,11.2,22.0,17225,4.4,1.35,2.2
2001-06-18,15.5,11.2,20.5,16077,0.0,1.33,3.0
2001-06-19,14.4,11.0,20.4,22094,0.0,1.32,2.7
2001-06-20,16.0,7.5,22.3,26830,0.0,1.08,1.6
2001-06-21,15.6,12.1,20.0,13520,9.0,1.39,2.3
2001-06-22,12.8,10.5,16.1,16077,5.0,1.24,2.9
2001-06-23,15.9,10.1,20.5,12491,0.0,1.24,2.7
2001-06-24,15.8,11.6,21.3,21438,0.0,1.36,1.9
2001-06-25,15.9,9.1,21.5,28207,0.0,1.19,1.7
2001-06-26,19.2,9.6,24.6,26917,0.0,1.27,1.5
2001-06-27,22.5,11.7,27.5,26136,0.0,1.46,1.9
2001-06-28,18.1,16.1,21.9,10916,0.6,1.78,1.9
2001-06-29,19.5,12.9,25.3,22782,0.0,1.53,1.5
2001-06-30,20.2,12.2,27.6,25190,1.5,1.51,1.6
2001-07-01,17.8,15.0,21.9,19043,0.0,1.67,2.7
2001-07-02,16.1,11.3,19.4,12645,0.0,1.33,2.0
2001-07-03,20.1,8.1,24.4,28308,0.0,1.16,1.8
2001-07-04,22.3,12.1,26.9,26368,0.0,1.49,2.6
2001-07-05,24.7,15.3,29.9,27994,0.0,1.82,2.1
2001-07-06,25.6,16.1,30.5,26307,0.0,1.89,2.3
2001-07-07,25.6,16.7,30.9,16606,1.6,1.97,2.7
2001-07-08,18.8,17.1,24.9,11237,1.5,1.91,2.9
2001-07-09,17.0,16.1,19.4,10575,0.9,1.78,2.6
2001-07-10,19.0,14.0,24.4,19940,3.2,1.61,2.3
2001-07-11,17.8,15.7,23.7,20030,0.1,1.77,3.6
2001-07-12,17.7,12.1,22.5,24933,0.3,1.43,3.2
2001-07-13,18.2,14.1,23.3,19951,3.1,1.61,2.6
2001-07-14,17.9,13.4,21.9,11687,8.7,1.52,2.1
2001-07-15,15.9,15.0,19.4,14431,5.7,1.66,2.1
2001-07-16,12.5,11.7,15.0,10352,10.7,1.32,1.7
2001-07-17,15.2,9.6,19.2,11450,0.0,1.2,1.4
2001-07-18,17.2,8.6,22.8,19092,0.0,1.17,2.4
2001-07-19,17.6,11.2,23.9,20928,1.9,1.37,2.4
2001-07-20,18.3,12.6,23.6,25144,0.0,1.46,2.3
2001-07-21,16.6,12.6,22.8,17429,0.0,1.46,2.2
2001-07-22,21.3,13.0,26.6,21635,0.0,1.54,1.4
2001-07-23,23.2,17.7,28.9,16069,0.0,2.04,1.4
2001-07-24,23.2,16.0,29.3,22259,0.0,1.86,1.4
2001-07-25,23.2,14.6,29.0,24436,0.0,1.73,1.7
2001-07-26,22.6,15.9,28.6,24862,0.0,1.86,1.4
2001-07-27,23.0,13.5,28.4,27769,0.0,1.62,1.2
2001-07-28,24.5,13.1,30.9,26321,4.6,1.64,1.3
2001-07-29,20.8,16.2,26.8,17819,3.6,1.85,1.7
2001-07-30,23.4,13.8,29.9,22199,0.0,1.68,2.1
2001-07-31,18.3,15.9,24.5,13488,8.7,1.78,1.8
2001-08-01,16.8,14.6,22.2,19454,0.0,1.63,1.9
2001-08-02,19.5,9.5,24.9,23919,0.6,1.26,2.1
2001-08-03,21.4,16.9,29.4,14029,0.0,1.96,2.8
2001-08-04,17.5,14.0,24.4,12493,1.7,1.61,2.1
2001-08-05,16.1,12.8,23.0,18766,3.4,1.48,2.8
2001-08-06,17.6,11.4,22.5,16736,1.0,1.36,2.4
2001-08-07,18.3,15.4,22.8,15807,3.2,1.72,2.8
2001-08-08,19.3,13.1,23.9,17541,3.0,1.52,3.5
2001-08-09,17.3,13.4,22.9,20469,0.0,1.54,2.6
2001-08-10,15.4,12.4,21.5,19651,0.1,1.44,2.5
2001-08-11,13.9,9.8,19.2,17036,1.6,1.2,2.1
2001-08-12,16.8,11.7,23.9,10132,9.5,1.41,2.5
2001-08-13,17.5,15.1,18.4,8870,2.0,1.67,2.5
2001-08-14,22.1,17.4,26.9,15571,0.0,1.99,1.6
2001-08-15,26.5,18.2,33.9,24001,0.0,2.18,1.7
2001-08-16,25.6,19.6,33.4,22698,0.6,2.34,2.4
2001-08-17,18.8,17.0,25.1,17173,0.0,1.92,1.6
2001-08-18,18.0,11.6,21.1,10515,0.1,1.35,2.0
2001-08-19,18.8,16.0,25.8,11368,0.1,1.82,1.9
2001-08-20,19.9,14.4,25.4,12562,0.0,1.66,1.6
2001-08-21,20.4,16.0,24.3,9580,0.0,1.8,1.3
2001-08-22,21.0,16.7,26.6,15953,0.0,1.91,1.5
2001-08-23,22.0,14.7,27.5,19975,0.0,1.71,1.5
2001-08-24,23.3,15.7,29.9,15166,0.5,1.86,1.2
2001-08-25,24.1,17.2,30.6,20856,0.0,2.0,1.1
2001-08-26,24.3,15.0,32.0,19589,0.0,1.81,1.4
2001-08-27,16.0,14.1,22.4,12700,6.4,1.6,2.9
2001-08-28,14.8,11.4,18.4,12823,0.0,1.32,3.2
2001-08-29,15.3,11.0,20.9,16958,0.0,1.31,1.9
2001-08-30,17.1,8.5,23.4,20937,0.0,1.18,1.9
2001-08-31,15.9,13.6,18.4,7766,0.3,1.51,1.7
2001-09-01,15.5,10.1,21.9,12955,0.2,1.26,2.3
2001-09-02,15.3,10.0,19.6,9025,0.3,1.23,2.5
2001-09-03,16.7,14.4,20.9,7633,4.3,1.6,2.2
2001-09-04,14.0,12.4,17.6,9494,4.1,1.4,2.3
2001-09-05,13.4,7.9,19.1,11116,0.0,1.08,2.4
2001-09-06,14.6,11.6,17.4,11225,0.4,1.32,2.1
2001-09-07,13.1,10.9,16.9,8787,9.9,1.28,2.9
2001-09-08,10.7,8.7,15.9,14381,1.4,1.1,4.9
2001-09-09,11.2,7.7,12.8,6822,22.0,1.02,5.2
2001-09-10,13.9,10.9,17.1,7780,2.2,1.27,4.9
2001-09-11,11.0,9.9,13.4,6659,6.6,1.19,3.6
2001-09-12,12.2,9.5,17.0,10474,0.2,1.17,2.8
2001-09-13,11.6,9.8,14.8,6596,6.2,1.17,3.1
2001-09-14,11.6,8.6,16.3,9749,0.0,1.1,2.1
2001-09-15,13.0,9.9,17.4,10446,0.2,1.2,2.8
2001-09-16,10.7,8.5,15.2,11928,0.0,1.09,1.9
2001-09-17,10.5,7.4,15.7,10220,0.0,1.01,1.6
2001-09-18,10.2,6.3,11.4,6083,15.5,0.93,1.8
2001-09-19,12.3,7.6,17.5,13694,0.3,1.05,3.1
2001-09-20,12.1,10.0,16.2,6305,6.6,1.2,3.2
2001-09-21,12.9,10.3,16.2,8520,2.2,1.22,2.4
2001-09-22,11.8,10.9,16.4,8036,1.1,1.27,1.7
2001-09-23,12.3,9.5,17.3,12649,0.2,1.17,1.7
2001-09-24,11.5,7.7,14.2,5685,4.0,1.03,2.1
2001-09-25,11.5,10.8,13.5,5510,0.3,1.25,1.4
2001-09-26,11.0,9.5,14.8,5429,0.0,1.15,1.3
2001-09-27,10.7,7.4,11.9,5349,18.0,0.99,1.8
2001-09-28,12.8,10.4,15.4,7794,0.0,1.22,1.4
2001-09-29,14.5,11.9,19.5,10463,0.3,1.37,1.7
2001-09-30,13.8,11.5,15.7,5108,2.9,1.32,2.0
2001-10-01,14.8,12.3,17.2,5029,7.7,1.39,3.3
2001-10-02,18.8,14.3,21.8,5211,1.4,1.61,3.1
2001-10-03,13.8,12.4,21.7,6507,5.3,1.43,2.4
2001-10-04,12.9,11.2,17.4,9311,0.0,1.29,2.6
2001-10-05,13.0,8.4,17.3,8091,0.0,1.09,1.6
2001-10-06,13.3,8.0,18.9,11656,0.0,1.09,1.8
2001-10-07,13.8,10.4,16.3,4563,2.1,1.23,2.0
2001-10-08,13.6,10.8,20.4,9315,1.6,1.29,2.8
2001-10-09,13.0,8.5,17.6,10890,0.0,1.11,2.9
2001-10-10,14.4,10.5,17.5,9946,1.6,1.24,2.9
2001-10-11,14.1,12.3,15.0,4264,0.9,1.38,2.3
2001-10-12,14.5,12.0,19.9,9445,0.0,1.38,1.7
2001-10-13,15.3,8.0,21.7,9858,0.0,1.12,1.4
2001-10-14,16.0,10.2,22.4,7729,0.0,1.27,1.4
2001-10-15,16.1,12.0,20.6,7313,0.0,1.4,1.3
2001-10-16,13.6,9.9,20.1,8406,0.0,1.23,1.4
2001-10-17,11.6,9.0,14.3,3835,0.0,1.11,1.8
2001-10-18,12.8,10.4,14.8,3767,0.0,1.22,2.1
2001-10-19,11.3,8.4,15.3,6163,0.0,1.08,1.9
2001-10-20,10.8,6.4,15.9,8647,0.0,0.95,2.5
2001-10-21,10.8,6.2,12.9,3920,3.9,0.93,2.2
2001-10-22,11.0,10.5,12.7,3500,1.8,1.22,2.0
2001-10-23,9.2,6.8,12.4,6687,0.0,0.96,1.9
2001-10-24,7.4,3.5,9.9,4671,0.1,0.77,2.3
2001-10-25,10.1,7.4,12.3,3445,0.0,1.0,1.8
2001-10-26,10.6,6.8,15.8,7719,0.0,0.99,2.1
2001-10-27,11.0,7.1,12.9,3386,1.4,0.99,2.6
2001-10-28,10.6,8.9,13.9,5473,0.0,1.11,2.4
2001-10-29,10.3,8.5,10.9,3070,5.1,1.07,3.1
2001-10-30,15.6,11.0,17.9,4792,0.0,1.3,4.0
2001-10-31,11.2,8.4,18.9,4839,0.0,1.12,4.2
2001-11-01,7.2,5.6,10.1,5628,0.0,0.88,3.8
2001-11-02,9.2,3.7,10.4,2846,0.0,0.78,2.0
2001-11-03,10.2,9.0,10.9,2792,0.0,1.1,2.1
2001-11-04,9.7,8.5,11.9,4831,0.5,1.08,2.3
2001-11-05,6.7,5.1,9.2,7411,1.6,0.85,2.8
2001-11-06,7.4,3.4,8.9,2697,1.6,0.76,4.1
2001-11-07,7.0,5.4,9.1,2590,3.2,0.86,3.6
2001-11-08,5.0,3.0,6.9,2542,8.7,0.74,4.0
2001-11-09,0.8,-0.2,4.3,4237,0.7,0.58,2.8
2001-11-10,0.7,-3.1,4.4,6447,0.0,0.48,2.4
2001-11-11,3.9,-0.5,4.9,2459,0.0,0.57,2.5
2001-11-12,7.4,4.0,8.6,2361,1.4,0.79,2.1
2001-11-13,0.7,-1.1,8.5,5693,0.0,0.57,1.9
2001-11-14,-0.7,-4.1,4.3,4554,0.0,0.45,1.6
2001-11-15,2.2,-3.0,4.5,2394,0.0,0.49,2.5
2001-11-16,4.3,1.8,7.5,3801,0.0,0.68,1.7
2001-11-17,6.5,0.1,7.6,2211,0.4,0.61,1.7
2001-11-18,6.6,4.9,7.3,2123,0.0,0.83,1.5
2001-11-19,5.0,1.9,8.4,2088,0.0,0.69,1.7
2001-11-20,0.8,-2.5,3.3,3636,0.1,0.49,1.6
2001-11-21,8.0,1.4,9.9,3194,1.3,0.67,3.5
2001-11-22,4.2,0.7,8.4,1988,5.1,0.64,4.8
2001-11-23,1.4,-0.9,3.6,4449,0.0,0.55,3.3
2001-11-24,-0.1,-2.5,2.9,3682,0.0,0.49,2.3
2001-11-25,1.9,-1.5,3.3,1898,0.8,0.53,1.7
2001-11-26,4.0,0.9,5.9,1871,3.5,0.63,1.9
2001-11-27,1.6,-0.8,4.6,1844,3.1,0.56,1.7
2001-11-28,4.5,1.7,6.1,1865,0.1,0.67,2.8
2001-11-29,4.2,1.3,4.7,1795,10.3,0.65,2.7
2001-11-30,3.1,1.5,4.5,1772,0.0,0.65,2.8
2001-12-01,0.3,-1.1,2.4,3975,0.7,0.54,3.0
2001-12-02,0.0,-0.8,1.5,1729,0.4,0.55,1.8
2001-12-03,-0.4,-1.6,-0.3,1709,0.0,0.52,2.1
2001-12-04,2.2,-1.7,4.0,1821,6.0,0.53,3.2
2001-12-05,6.0,3.4,8.0,1673,4.8,0.76,3.0
2001-12-06,4.9,3.8,5.0,1657,1.6,0.77,3.5
2001-12-07,4.5,3.4,5.0,1642,0.0,0.75,1.5
2001-12-08,0.0,-1.5,4.5,1755,0.0,0.53,1.9
2001-12-09,-2.3,-4.7,-0.9,1615,0.0,0.42,1.7
2001-12-10,0.8,-2.5,1.8,1603,0.3,0.49,1.5
2001-12-11,3.3,1.6,3.6,1592,0.6,0.66,1.4
2001-12-12,3.7,0.9,5.5,1666,0.0,0.63,2.2
2001-12-13,-6.2,-9.3,2.8,4063,0.0,0.31,3.5
2001-12-14,-5.8,-11.1,-3.9,2807,0.0,0.26,2.2
2001-12-15,0.4,-4.7,1.7,1560,0.0,0.42,1.9
2001-12-16,0.5,-0.5,1.6,2172,0.4,0.57,2.3
2001-12-17,1.2,-0.8,1.5,1550,0.6,0.55,1.7
2001-12-18,0.6,-1.5,1.5,1547,0.2,0.53,1.9
2001-12-19,2.7,0.3,5.0,1545,2.1,0.61,3.6
2001-12-20,-3.7,-5.3,1.8,4003,0.3,0.4,3.1
2001-12-21,0.9,-5.5,2.0,1544,5.5,0.4,5.1
2001-12-22,-2.7,-4.0,1.5,1546,0.0,0.44,2.8
2001-12-23,-5.3,-8.3,-3.4,3067,0.0,0.32,3.1
2001-12-24,-1.7,-7.2,-0.7,1551,8.2,0.35,4.7
2001-12-25,1.6,-0.9,3.0,1556,2.7,0.55,5.4
2001-12-26,1.4,-0.2,2.4,1562,0.0,0.58,3.5
2001-12-27,0.4,-1.7,1.7,1610,1.6,0.52,4.3
2001-12-28,3.2,-1.1,4.7,1576,6.1,0.55,5.4
2001-12-29,0.2,-2.2,4.5,1794,0.0,0.51,3.4
2001-12-30,-1.1,-3.2,0.4,1595,0.8,0.47,3.1
2001-12-31,-5.5,-7.7,-1.7,2195,0.0,0.33,2.4
2002-01-01,1.4,-7.9,2.2,1618,2.0,0.34,3.5
2002-01-02,-1.2,-4.5,3.3,4013,0.0,0.43,3.1
2002-01-03,-5.5,-7.3,-2.2,3443,0.0,0.34,2.4
2002-01-04,-7.3,-11.1,-3.9,4718,0.0,0.26,1.7
2002-01-05,-5.6,-11.3,-0.9,4409,0.0,0.26,1.5
2002-01-06,1.8,-6.1,2.6,1696,0.8,0.39,2.1
2002-01-07,0.8,-0.2,2.8,1715,0.0,0.58,1.5
2002-01-08,0.2,-1.1,1.1,1735,0.0,0.54,1.3
2002-01-09,-0.9,-1.3,0.1,1757,0.1,0.53,1.3
2002-01-10,-0.6,-2.0,0.0,1779,0.3,0.51,1.4
2002-01-11,-3.0,-4.9,-0.6,1802,0.6,0.41,1.8
2002-01-12,0.8,-2.7,1.2,1827,1.4,0.48,1.6
2002-01-13,0.2,-0.2,1.2,2084,0.0,0.58,1.7
2002-01-14,-3.1,-4.5,0.0,2394,0.0,0.42,2.1
2002-01-15,-3.9,-6.7,-0.8,3796,0.0,0.36,2.4
2002-01-16,-2.9,-8.2,-0.7,3367,0.1,0.32,1.7
2002-01-17,0.0,-0.9,1.0,2112,0.0,0.55,2.2
2002-01-18,1.0,-2.1,2.0,2048,0.9,0.5,2.5
2002-01-19,2.3,-0.9,3.6,2032,2.3,0.55,3.4
2002-01-20,4.8,2.0,5.7,2861,6.0,0.68,4.5
2002-01-21,8.8,4.8,10.4,2100,0.2,0.84,4.4
2002-01-22,7.0,3.3,10.2,2900,0.5,0.76,3.8
2002-01-23,6.8,4.9,8.4,3100,0.0,0.84,3.8
2002-01-24,9.4,5.3,11.5,2889,0.3,0.87,4.9
2002-01-25,2.7,1.3,9.9,4412,0.1,0.67,3.9
2002-01-26,9.2,0.9,11.6,2453,5.0,0.66,5.7
2002-01-27,8.2,6.3,11.5,3306,6.4,0.92,5.4
2002-01-28,10.5,5.1,14.7,2869,4.7,0.88,6.2
2002-01-29,8.6,6.9,11.0,3804,0.0,0.96,4.8
2002-01-30,10.2,6.7,12.6,3195,0.0,0.95,3.0
2002-01-31,7.4,4.5,11.4,3364,2.1,0.82,4.0
2002-02-01,9.1,2.4,10.7,2676,0.0,0.72,3.9
2002-02-02,10.6,7.7,15.9,5397,0.0,1.04,3.4
2002-02-03,9.2,4.4,15.9,7362,0.0,0.85,2.6
2002-02-04,8.2,4.5,11.2,5746,0.1,0.83,4.3
2002-02-05,11.2,4.4,12.6,2763,2.4,0.83,4.0
2002-02-06,7.7,5.1,11.7,5135,0.0,0.86,2.7
2002-02-07,6.4,4.3,8.5,3489,1.8,0.81,3.0
2002-02-08,8.4,4.5,11.0,5366,4.0,0.83,4.2
2002-02-09,9.8,7.7,12.8,2983,5.6,1.02,4.8
2002-02-10,6.8,5.4,8.5,5092,2.6,0.86,4.7
2002-02-11,10.2,5.5,11.5,3098,17.6,0.88,5.7
2002-02-12,9.6,8.1,12.0,6839,2.6,1.04,6.2
2002-02-13,4.2,2.2,9.6,6945,0.0,0.71,2.7
2002-02-14,0.2,-2.3,3.9,9342,0.0,0.5,3.2
2002-02-15,-1.0,-4.4,4.5,7911,0.0,0.44,2.5
2002-02-16,1.3,-4.9,7.2,8306,0.0,0.44,1.9
2002-02-17,1.7,-2.4,6.0,8570,0.0,0.51,1.3
2002-02-18,3.0,-0.4,5.0,4526,1.4,0.58,2.9
2002-02-19,2.4,0.3,6.0,4818,6.0,0.61,5.2
2002-02-20,4.2,-0.1,9.3,5407,3.9,0.6,5.2
2002-02-21,-1.0,-2.9,3.4,7033,0.0,0.48,3.9
2002-02-22,2.2,-2.9,3.9,3806,5.3,0.48,5.4
2002-02-23,2.1,1.0,4.4,5525,0.1,0.63,5.7
2002-02-24,1.6,-0.3,4.2,5539,1.3,0.58,4.3
2002-02-25,2.4,-0.3,4.5,4785,8.3,0.58,3.2
2002-02-26,9.4,1.1,12.0,5331,6.2,0.67,6.3
2002-02-27,6.2,3.3,9.5,8555,2.7,0.76,5.1
2002-02-28,5.1,2.3,8.4,8677,0.4,0.7,4.5
2002-03-01,2.2,0.6,6.0,4872,4.1,0.62,2.9
2002-03-02,1.3,-2.3,4.4,10868,0.0,0.51,2.4
2002-03-03,3.1,-0.7,5.0,10358,0.0,0.57,2.8
2002-03-04,6.9,3.5,8.2,4538,0.0,0.76,2.4
2002-03-05,6.9,5.6,8.0,4615,0.0,0.87,1.7
2002-03-06,7.5,5.0,8.9,4862,8.6,0.85,4.1
2002-03-07,6.5,5.4,10.0,7843,5.7,0.87,6.3
2002-03-08,6.6,3.9,10.5,11229,0.0,0.79,2.9
2002-03-09,7.7,3.8,10.0,4929,1.9,0.78,3.3
2002-03-10,5.6,3.1,8.9,10195,0.1,0.74,4.0
2002-03-11,7.7,2.4,14.1,11302,0.0,0.75,2.6
2002-03-12,8.9,3.0,13.3,7140,0.0,0.77,1.3
2002-03-13,5.3,3.2,9.7,5250,6.3,0.75,2.0
2002-03-14,2.1,0.9,4.1,5331,0.0,0.63,3.4
2002-03-15,1.3,-0.4,1.8,5412,0.0,0.57,3.3
2002-03-16,2.8,1.1,4.0,5494,0.0,0.63,2.2
2002-03-17,8.5,2.5,13.5,8577,0.0,0.74,2.0
2002-03-18,11.1,3.5,17.5,11144,4.5,0.82,2.8
2002-03-19,8.1,7.0,12.2,5932,0.3,0.97,4.6
2002-03-20,5.7,4.2,8.6,5824,3.5,0.8,3.6
2002-03-21,4.9,2.5,10.0,6586,2.2,0.72,3.5
2002-03-22,4.0,1.5,7.5,9901,0.0,0.66,3.8
2002-03-23,3.3,1.0,6.0,6763,0.0,0.64,3.0
2002-03-24,2.0,0.5,4.9,6454,0.0,0.61,2.5
2002-03-25,0.9,-1.7,2.6,6239,0.0,0.52,1.7
2002-03-26,2.0,0.0,3.5,6323,0.0,0.59,1.3
2002-03-27,2.1,0.3,6.7,13111,0.0,0.61,1.6
2002-03-28,3.3,-3.5,10.0,16415,0.0,0.49,1.8
2002-03-29,7.4,-1.4,14.5,16466,0.0,0.59,1.9
2002-03-30,10.1,1.3,17.2,15891,0.0,0.72,1.3
2002-03-31,9.7,4.1,14.2,9768,0.0,0.83,1.4
2002-04-01,11.0,2.5,17.0,17234,0.0,0.77,1.3
2002-04-02,11.7,3.2,17.7,18444,0.0,0.81,2.4
2002-04-03,9.2,5.4,14.9,18707,0.0,0.89,4.1
2002-04-04,6.8,0.6,12.5,19077,0.0,0.66,3.4
2002-04-05,3.0,0.0,8.7,19232,0.0,0.61,3.7
2002-04-06,2.4,-3.0,6.1,8533,0.0,0.49,2.7
2002-04-07,3.8,-4.3,9.0,18338,0.0,0.46,1.9
2002-04-08,4.6,-3.7,10.5,19140,0.0,0.49,2.1
2002-04-09,6.2,-3.0,11.5,16085,0.0,0.52,2.4
2002-04-10,7.1,1.7,11.0,11327,0.0,0.69,3.6
2002-04-11,8.4,3.0,10.6,7743,0.0,0.74,2.7
2002-04-12,10.6,6.0,13.6,7711,0.6,0.92,2.3
2002-04-13,8.4,7.7,11.7,7789,0.9,1.02,2.3
2002-04-14,8.4,7.0,8.8,7867,8.4,0.96,2.2
2002-04-15,7.0,6.1,8.7,7945,12.4,0.91,2.4
2002-04-16,6.1,4.8,6.6,8021,3.8,0.83,1.9
2002-04-17,8.1,3.5,12.1,12120,2.4,0.78,1.4
2002-04-18,9.6,2.4,13.4,11982,0.0,0.74,1.4
2002-04-19,9.5,5.9,15.9,9987,1.2,0.93,1.6
2002-04-20,8.5,7.4,12.5,9254,0.1,1.0,1.5
2002-04-21,9.6,3.0,15.0,18683,0.0,0.78,1.5
2002-04-22,10.8,1.2,17.5,24195,0.0,0.72,1.3
2002-04-23,13.0,7.5,17.0,12664,0.2,1.04,2.3
2002-04-24,11.6,8.1,13.0,8730,0.0,1.04,1.7
2002-04-25,12.5,10.0,17.0,10344,0.1,1.2,1.5
2002-04-26,11.4,7.1,16.4,9943,4.9,1.01,2.7
2002-04-27,6.8,5.3,10.6,16231,3.2,0.87,4.3
2002-04-28,8.1,1.4,11.7,9968,1.1,0.69,3.4
2002-04-29,10.0,6.1,13.9,16174,1.0,0.92,4.4
2002-04-30,10.6,6.4,14.5,14935,0.8,0.95,3.4
2002-05-01,14.6,8.6,18.5,12113,4.1,1.12,3.0
2002-05-02,12.1,9.4,14.5,9273,4.0,1.15,1.7
2002-05-03,12.7,9.1,15.6,12502,1.0,1.13,2.2
2002-05-04,11.0,10.4,12.2,9278,5.9,1.22,2.6
2002-05-05,12.4,9.9,14.6,9339,1.1,1.18,2.0
2002-05-06,11.4,8.7,14.7,11853,1.6,1.11,1.8
2002-05-07,10.0,7.5,11.8,9459,0.1,1.0,2.0
2002-05-08,17.5,8.6,24.3,20116,0.0,1.18,2.6
2002-05-09,21.0,12.6,25.5,25261,0.0,1.49,2.7
2002-05-10,19.8,13.6,25.2,25227,0.0,1.57,2.5
2002-05-11,16.4,12.4,23.6,17376,3.7,1.46,1.8
2002-05-12,15.5,11.5,19.5,13344,0.0,1.34,1.8
2002-05-13,15.2,10.8,19.8,20750,0.0,1.28,1.6
2002-05-14,15.0,12.5,20.5,15832,3.1,1.43,3.4
2002-05-15,14.0,9.5,17.5,16892,0.0,1.18,2.5
2002-05-16,17.6,10.0,23.0,25088,0.0,1.27,2.0
2002-05-17,13.0,10.0,18.0,25661,0.0,1.22,1.8
2002-05-18,15.4,4.0,21.3,26485,0.9,0.89,2.1
2002-05-19,13.1,12.0,15.1,10085,4.2,1.36,1.7
2002-05-20,15.8,11.0,21.3,17306,0.0,1.33,1.6
2002-05-21,18.4,10.0,23.0,24039,0.0,1.27,2.5
2002-05-22,20.7,13.3,26.0,25234,0.0,1.56,2.5
2002-05-23,19.0,13.9,24.8,18090,17.2,1.6,1.9
2002-05-24,14.6,12.8,18.4,13963,0.4,1.44,2.5
2002-05-25,15.1,13.6,18.0,12739,5.9,1.5,2.3
2002-05-26,12.2,10.5,13.8,10497,1.0,1.22,1.9
2002-05-27,15.5,7.0,19.6,16749,0.3,1.03,1.6
2002-05-28,14.9,12.0,17.3,10439,2.7,1.37,1.8
2002-05-29,15.8,13.0,21.7,19368,0.0,1.49,2.4
2002-05-30,14.6,8.5,19.5,25637,0.0,1.11,1.8
2002-05-31,12.8,8.7,19.4,19569,1.8,1.13,2.2
2002-06-01,12.8,6.4,19.1,26608,0.0,0.98,1.9
2002-06-02,16.4,6.5,21.5,28429,0.0,1.02,1.9
2002-06-03,18.4,8.0,22.6,27573,0.0,1.13,2.3
2002-06-04,21.0,13.5,25.7,23907,0.0,1.58,1.8
2002-06-05,22.8,15.6,26.9,21001,0.0,1.78,3.5
2002-06-06,18.4,15.8,23.7,20133,5.1,1.77,2.8
2002-06-07,14.5,13.8,15.8,10704,4.4,1.52,2.9
2002-06-08,15.2,13.0,17.0,10723,0.0,1.44,1.7
2002-06-09,17.2,9.0,20.7,17131,0.0,1.17,1.2
2002-06-10,16.2,12.6,20.4,12802,5.0,1.45,2.4
2002-06-11,14.9,11.5,20.0,22025,0.0,1.35,2.5
2002-06-12,16.0,12.0,19.9,12702,4.1,1.38,2.2
2002-06-13,14.0,11.6,15.7,12330,1.8,1.32,3.2
2002-06-14,14.6,11.4,18.4,13875,0.0,1.32,2.2
2002-06-15,17.7,11.8,24.2,15420,3.0,1.41,2.5
2002-06-16,18.1,12.5,22.3,15299,0.0,1.45,1.9
2002-06-17,23.2,15.0,28.0,23880,0.0,1.76,1.5
2002-06-18,25.6,16.7,32.5,28875,0.0,2.0,2.3
2002-06-19,21.8,19.4,25.7,17999,41.5,2.19,1.9
2002-06-20,19.0,11.6,27.3,18383,9.1,1.45,2.4
2002-06-21,17.7,14.8,20.6,15567,0.1,1.64,1.6
2002-06-22,19.8,14.0,24.4,24777,0.6,1.61,1.7
2002-06-23,17.2,15.1,22.4,21701,0.2,1.68,2.6
2002-06-24,15.6,9.7,20.2,26299,0.0,1.21,2.4
2002-06-25,16.9,10.0,20.5,21046,0.0,1.24,2.0
2002-06-26,17.6,10.4,23.4,25383,2.2,1.3,1.8
2002-06-27,15.4,13.0,20.0,17445,4.7,1.48,2.9
2002-06-28,13.4,9.0,18.6,21776,1.3,1.15,3.8
2002-06-29,13.0,11.0,18.0,21250,0.2,1.28,3.3
2002-06-30,16.0,9.6,19.0,12167,1.2,1.19,2.8
2002-07-01,15.0,13.4,17.0,10748,5.2,1.49,3.1
2002-07-02,15.3,13.0,19.4,13793,8.5,1.46,3.2
2002-07-03,16.3,11.6,19.0,11478,0.7,1.34,3.0
2002-07-04,14.6,13.0,17.0,11331,0.4,1.44,3.7
2002-07-05,18.1,9.4,22.9,20989,0.0,1.21,1.9
2002-07-06,17.6,12.5,21.6,12305,0.0,1.45,1.6
2002-07-07,16.6,11.3,20.9,13807,0.0,1.33,1.7
2002-07-08,22.7,11.3,27.9,25983,0.0,1.43,1.9
2002-07-09,26.4,17.7,32.3,28994,0.0,2.09,1.9
2002-07-10,21.3,15.0,30.8,23367,14.3,1.78,2.2
2002-07-11,16.9,13.0,22.0,21679,0.4,1.49,2.1
2002-07-12,20.3,10.5,24.9,20245,0.0,1.33,1.4
2002-07-13,21.1,14.6,26.1,18432,1.2,1.69,2.1
2002-07-14,17.4,16.4,20.6,10423,5.6,1.8,2.0
2002-07-15,18.4,15.5,22.0,10767,0.7,1.72,2.4
2002-07-16,21.8,16.0,26.7,18178,0.0,1.84,2.4
2002-07-17,20.4,18.2,24.6,10315,11.0,2.05,2.8
2002-07-18,16.7,15.7,20.3,10528,0.5,1.73,3.5
2002-07-19,15.4,13.8,16.5,10237,1.4,1.52,2.4
2002-07-20,15.0,13.7,19.0,13462,0.0,1.52,1.6
2002-07-21,17.2,10.5,24.5,22698,0.8,1.33,2.4
2002-07-22,14.7,12.5,16.6,11864,8.3,1.4,3.6
2002-07-23,17.4,12.4,21.7,12067,4.8,1.43,2.8
2002-07-24,15.8,13.3,20.5,13017,1.8,1.5,3.2
2002-07-25,14.1,12.0,18.3,12341,4.8,1.37,2.6
2002-07-26,15.8,13.2,17.0,10297,0.2,1.47,2.1
2002-07-27,19.9,15.7,25.5,18573,0.0,1.79,1.3
2002-07-28,24.0,15.2,29.5,27314,0.0,1.78,1.8
2002-07-29,26.1,15.2,32.4,25991,0.0,1.85,1.5
2002-07-30,26.1,18.5,32.0,24176,0.0,2.2,1.8
2002-07-31,25.6,17.0,31.0,17434,0.0,1.99,1.8
2002-08-01,24.3,18.9,32.0,19823,2.4,2.22,2.0
2002-08-02,18.5,17.4,21.5,12255,0.0,1.93,1.9
2002-08-03,19.5,11.6,26.5,23216,0.0,1.42,1.4
2002-08-04,18.7,16.8,24.2,14204,32.1,1.87,1.5
2002-08-05,17.3,16.4,20.8,9867,12.7,1.82,1.5
2002-08-06,17.9,13.8,23.0,18317,0.0,1.58,1.3
2002-08-07,19.0,14.9,24.5,12896,6.7,1.69,1.6
2002-08-08,19.1,16.9,24.2,11493,0.0,1.9,1.2
2002-08-09,19.5,15.4,25.2,13112,0.0,1.76,1.4
2002-08-10,19.9,15.3,25.5,16644,0.0,1.75,1.6
2002-08-11,21.4,15.9,27.5,18235,7.1,1.84,1.7
2002-08-12,17.9,17.5,20.0,8937,30.4,1.93,3.5
2002-08-13,16.7,16.0,18.9,8870,10.5,1.76,3.5
2002-08-14,18.3,14.6,21.9,9515,0.1,1.63,1.9
2002-08-15,19.2,15.0,24.8,20332,0.0,1.69,1.3
2002-08-16,20.6,13.8,26.7,21165,1.7,1.63,1.3
2002-08-17,21.6,16.5,27.7,18348,0.0,1.9,1.4
2002-08-18,21.5,18.0,27.3,21987,0.0,2.05,2.0
2002-08-19,23.9,16.9,29.5,22913,0.0,1.97,1.8
2002-08-20,22.2,17.5,28.1,23248,0.0,2.0,2.0
2002-08-21,22.3,16.1,28.8,22884,0.0,1.88,1.8
2002-08-22,21.1,14.3,28.5,19409,3.5,1.68,1.3
2002-08-23,19.6,14.1,28.3,18598,0.0,1.66,1.3
2002-08-24,21.7,14.8,27.8,17450,0.0,1.73,1.5
2002-08-25,19.9,16.5,24.9,19947,0.0,1.86,1.5
2002-08-26,22.9,15.3,29.0,18684,0.0,1.78,1.8
2002-08-27,23.3,16.4,29.4,19006,0.0,1.91,1.9
2002-08-28,21.8,15.1,28.8,18875,0.0,1.76,1.6
2002-08-29,21.3,16.4,26.7,15174,0.0,1.88,1.2
2002-08-30,20.0,14.9,26.0,15612,0.0,1.72,1.3
2002-08-31,20.7,14.6,26.0,14277,0.0,1.68,2.2
2002-09-01,14.8,12.0,21.3,14382,0.0,1.4,2.5
2002-09-02,15.5,8.9,22.2,19613,0.0,1.18,1.9
2002-09-03,19.4,9.4,24.0,17402,0.0,1.23,2.4
2002-09-04,20.5,15.9,26.4,17156,0.0,1.81,1.8
2002-09-05,17.3,13.3,24.5,15622,0.0,1.54,1.3
2002-09-06,17.3,10.4,23.2,16770,0.0,1.29,1.7
2002-09-07,17.6,12.6,24.5,11966,0.0,1.47,1.7
2002-09-08,19.9,12.5,25.9,17751,0.0,1.49,1.7
2002-09-09,20.4,14.3,26.3,18019,0.0,1.67,2.4
2002-09-10,20.0,15.5,26.1,15057,0.0,1.77,2.1
2002-09-11,17.3,14.1,23.0,15539,0.0,1.59,1.9
2002-09-12,15.5,7.9,21.8,17858,0.0,1.1,2.4
2002-09-13,15.7,6.9,22.0,15355,0.0,1.06,1.7
2002-09-14,14.0,11.7,18.2,7525,0.3,1.35,2.4
2002-09-15,12.0,9.4,18.0,15867,0.0,1.17,2.3
2002-09-16,12.5,6.2,17.2,7244,0.7,0.96,1.7
2002-09-17,15.1,11.9,18.9,8143,0.0,1.36,2.0
2002-09-18,13.3,11.6,17.5,7948,0.6,1.33,2.1
2002-09-19,12.6,9.5,19.0,10968,0.0,1.18,1.2
2002-09-20,13.6,10.4,17.0,6305,0.1,1.23,1.7
2002-09-21,12.1,10.4,16.2,6987,7.0,1.23,1.6
2002-09-22,11.2,9.4,12.4,5755,34.9,1.14,1.9
2002-09-23,7.3,6.3,11.3,5673,4.4,0.93,3.2
2002-09-24,7.7,2.4,14.2,15219,0.0,0.74,2.9
2002-09-25,9.6,0.8,14.5,11534,1.1,0.68,1.9
2002-09-26,12.0,10.0,13.8,5429,1.4,1.19,2.3
2002-09-27,9.1,7.3,13.3,7352,0.1,0.99,2.0
2002-09-28,9.7,3.0,13.4,7614,0.0,0.77,1.4
2002-09-29,12.9,10.1,16.9,6887,0.0,1.22,1.4
2002-09-30,11.1,8.2,17.5,11928,0.0,1.08,1.3
2002-10-01,11.6,6.3,18.8,13364,0.0,0.98,1.0
2002-10-02,12.5,6.5,18.6,11555,0.0,1.0,1.1
2002-10-03,14.1,7.5,19.5,10380,0.0,1.06,1.7
2002-10-04,12.6,11.0,16.6,8117,2.0,1.28,2.8
2002-10-05,11.5,9.0,14.0,9610,23.9,1.11,2.9
2002-10-06,8.6,5.9,12.2,5725,4.7,0.9,3.4
2002-10-07,5.8,3.8,9.7,10599,0.0,0.78,1.7
2002-10-08,7.6,1.0,8.7,4487,0.6,0.65,2.0
2002-10-09,7.1,5.0,10.8,7327,0.0,0.85,2.8
2002-10-10,4.6,1.0,10.0,12190,0.0,0.66,3.4
2002-10-11,4.3,0.7,10.4,11874,0.0,0.65,3.2
2002-10-12,4.0,0.4,7.4,9131,0.0,0.61,2.9
2002-10-13,0.8,0.4,4.5,4118,7.5,0.61,2.3
2002-10-14,5.0,0.5,6.9,4046,6.0,0.62,2.6
2002-10-15,7.4,5.6,8.5,3975,0.3,0.88,1.9
2002-10-16,13.0,7.8,16.3,5705,1.9,1.05,2.4
2002-10-17,11.2,10.0,14.4,6876,0.0,1.19,3.5
2002-10-18,7.2,5.6,10.5,3913,1.3,0.88,3.0
2002-10-19,4.6,2.6,10.4,6671,0.5,0.73,2.7
2002-10-20,4.2,2.4,8.9,7501,0.5,0.71,1.9
2002-10-21,5.8,1.8,6.9,3566,2.3,0.68,2.5
2002-10-22,11.3,6.9,13.5,3500,4.9,0.98,2.6
2002-10-23,8.3,5.0,15.8,3436,5.8,0.88,4.3
2002-10-24,5.6,3.6,8.8,7268,0.8,0.77,3.1
2002-10-25,9.1,1.6,12.3,4863,9.6,0.7,3.7
2002-10-26,10.3,8.5,12.5,4116,4.8,1.07,5.5
2002-10-27,10.6,6.9,13.8,3518,9.0,0.98,6.1
2002-10-28,6.8,6.5,11.6,6254,1.7,0.95,5.4
2002-10-29,7.3,4.5,10.1,5900,1.1,0.82,2.1
2002-10-30,6.6,5.0,9.0,3394,0.2,0.85,1.5
2002-10-31,5.8,4.4,9.1,3081,0.0,0.81,1.2
2002-11-01,7.5,4.0,10.0,4760,11.4,0.8,1.7
2002-11-02,4.6,2.4,8.4,3703,0.5,0.71,2.9
2002-11-03,2.4,-0.3,4.6,3155,4.6,0.58,3.4
2002-11-04,1.1,-0.2,3.9,2800,0.0,0.58,2.4
2002-11-05,-1.1,-3.7,3.3,7470,0.0,0.46,1.7
2002-11-06,-1.2,-4.0,2.5,7303,0.0,0.44,2.4
2002-11-07,-0.2,-4.0,2.0,5527,1.5,0.44,2.2
2002-11-08,4.6,0.6,8.0,3566,11.5,0.62,3.4
2002-11-09,3.2,0.6,4.9,2495,2.4,0.62,4.2
2002-11-10,2.8,0.6,5.6,3115,0.4,0.62,1.9
2002-11-11,2.8,0.1,3.3,2404,2.8,0.59,2.7
2002-11-12,7.2,2.7,10.2,2903,0.0,0.73,2.6
2002-11-13,8.8,6.9,11.5,3604,0.3,0.96,2.8
2002-11-14,6.9,3.7,9.8,2701,0.2,0.77,2.3
2002-11-15,6.4,4.7,8.2,2237,1.3,0.83,1.2
2002-11-16,7.4,5.0,8.2,2198,4.6,0.84,2.0
2002-11-17,8.6,7.5,9.0,2211,0.4,0.99,2.9
2002-11-18,3.8,1.4,10.7,5410,0.0,0.68,1.4
2002-11-19,3.2,0.6,6.5,2088,0.0,0.63,2.2
2002-11-20,-1.3,-2.9,1.8,3784,0.0,0.48,1.8
2002-11-21,0.8,-3.1,4.3,3341,0.0,0.48,2.6
2002-11-22,3.1,1.0,3.4,1988,6.0,0.63,2.1
2002-11-23,4.6,3.0,5.5,1957,0.5,0.73,1.6
2002-11-24,5.1,2.3,7.5,2686,0.0,0.7,1.6
2002-11-25,5.4,2.3,6.0,1898,0.6,0.7,2.0
2002-11-26,8.2,4.0,10.0,1917,0.1,0.8,1.9
2002-11-27,4.5,2.7,7.9,2351,0.0,0.72,1.9
2002-11-28,6.6,4.4,7.4,1819,0.0,0.8,2.3
2002-11-29,6.4,4.6,7.3,1795,14.8,0.81,1.4
2002-11-30,4.4,3.4,6.9,1772,13.4,0.75,1.9
2002-12-01,4.7,2.3,5.2,1750,0.0,0.69,2.1
2002-12-02,4.1,2.4,5.4,2524,0.0,0.7,2.5
2002-12-03,2.7,0.3,4.9,1709,0.0,0.6,1.7
2002-12-04,1.4,0.8,2.5,1691,0.0,0.62,1.5
2002-12-05,0.0,-1.0,1.7,1673,0.1,0.55,2.5
2002-12-06,-1.1,-2.1,-0.4,1657,0.0,0.5,3.6
2002-12-07,-5.7,-6.4,-0.9,2026,0.0,0.37,4.1
2002-12-08,-6.4,-8.4,-1.9,4555,0.0,0.32,4.0
2002-12-09,-8.5,-9.6,-6.2,3303,0.0,0.29,3.5
2002-12-10,-9.5,-12.1,-5.7,4458,0.0,0.24,2.6
2002-12-11,-7.0,-11.7,-3.3,4309,0.0,0.25,2.7
2002-12-12,-7.5,-8.7,-3.5,4164,0.0,0.31,2.3
2002-12-13,-6.7,-11.7,-4.5,2777,0.0,0.25,1.6
2002-12-14,-5.4,-9.5,-1.4,3179,0.0,0.3,2.6
2002-12-15,-3.4,-6.2,-2.4,1560,0.0,0.37,3.3
2002-12-16,-0.3,-2.6,0.2,1554,0.5,0.48,2.8
2002-12-17,0.0,-1.0,0.6,1550,0.0,0.54,2.1
2002-12-18,-0.6,-3.6,0.6,1547,0.1,0.45,2.1
2002-12-19,-0.5,-1.5,0.8,1545,0.0,0.53,1.5
2002-12-20,-3.1,-5.2,0.0,3716,0.0,0.41,1.7
2002-12-21,-1.7,-3.5,-0.9,1544,0.0,0.45,1.7
2002-12-22,-1.5,-2.8,-0.4,1546,0.8,0.48,2.9
2002-12-23,-3.9,-5.2,-1.3,3518,0.0,0.4,2.9
2002-12-24,-3.7,-4.6,-2.7,1551,0.6,0.42,3.1
2002-12-25,-1.8,-4.0,-0.4,1556,0.0,0.44,2.2
2002-12-26,0.6,-1.1,2.5,2429,1.4,0.54,2.7
2002-12-27,1.8,0.1,3.2,1775,0.7,0.6,2.4
2002-12-28,3.7,1.1,6.0,1576,0.5,0.64,2.2
2002-12-29,4.3,2.6,7.0,1668,5.5,0.71,3.1
2002-12-30,-0.1,-1.1,2.8,1595,4.5,0.54,3.6
2002-12-31,-5.2,-6.9,-0.8,4510,0.0,0.36,3.0
2003-01-01,-4.4,-11.8,-0.2,1618,11.8,0.25,2.7
2003-01-02,4.7,-0.3,6.4,1632,13.1,0.58,3.9
2003-01-03,-0.1,-0.6,3.7,1646,0.5,0.57,3.4
2003-01-04,-3.1,-4.4,-0.2,2652,0.0,0.43,2.6
2003-01-05,-5.1,-9.8,-3.3,2502,1.7,0.28,2.2
2003-01-06,-6.0,-8.4,-2.0,1696,0.1,0.32,2.2
2003-01-07,-14.8,-16.7,-8.3,3914,0.0,0.16,1.8
2003-01-08,-13.6,-17.0,-9.4,2489,0.0,0.16,1.6
2003-01-09,-11.1,-18.7,-9.0,1757,0.0,0.14,1.6
2003-01-10,-6.5,-11.9,-3.9,1779,0.0,0.24,1.5
2003-01-11,-7.4,-13.8,-5.0,1802,0.0,0.21,2.0
2003-01-12,0.0,-5.2,1.3,1827,1.9,0.41,2.7
2003-01-13,2.1,-1.3,2.9,1853,0.7,0.54,3.8
2003-01-14,6.3,2.4,7.3,1880,0.1,0.71,4.3
2003-01-15,5.0,3.8,6.8,1908,0.0,0.77,4.1
2003-01-16,5.2,3.6,6.3,2223,0.0,0.76,3.7
2003-01-17,2.1,0.3,5.7,5243,0.0,0.61,2.7
2003-01-18,1.7,-0.8,3.1,1999,0.0,0.56,2.5
2003-01-19,2.7,0.9,4.7,4000,1.4,0.63,3.0
2003-01-20,4.8,1.9,8.5,4652,0.0,0.69,3.1
2003-01-21,2.6,1.2,5.9,2905,0.0,0.65,2.7
2003-01-22,1.9,-1.0,6.0,4935,0.0,0.56,2.7
2003-01-23,4.1,0.7,5.8,2174,0.1,0.63,2.4
2003-01-24,3.0,2.3,4.1,2212,0.0,0.69,2.1
2003-01-25,2.9,1.8,3.8,2252,1.7,0.67,2.5
2003-01-26,4.5,0.5,5.4,2293,0.6,0.61,2.9
2003-01-27,7.9,3.6,9.3,2335,1.8,0.78,3.8
2003-01-28,3.9,2.6,9.4,3415,2.6,0.72,5.5
2003-01-29,1.7,0.4,3.8,2533,1.0,0.61,3.4
2003-01-30,0.1,-0.3,1.4,2747,0.8,0.57,2.7
2003-01-31,-4.0,-6.5,-0.2,2514,0.8,0.37,2.5
2003-02-01,-5.8,-10.4,-3.4,3651,0.0,0.27,2.2
2003-02-02,-2.2,-6.6,-0.1,2785,1.0,0.37,3.5
2003-02-03,1.1,-1.2,3.5,4071,0.0,0.54,3.6
2003-02-04,0.6,-0.7,2.6,4318,1.0,0.56,2.4
2003-02-05,-1.9,-6.7,0.5,2884,0.0,0.37,2.4
2003-02-06,-2.4,-3.4,0.0,2817,0.0,0.46,2.3
2003-02-07,-2.2,-5.7,0.0,2871,1.3,0.39,2.0
2003-02-08,-1.8,-3.7,1.0,2926,0.1,0.45,1.5
2003-02-09,-2.7,-5.2,0.4,7416,0.0,0.4,2.3
2003-02-10,-1.5,-6.4,-0.6,3040,0.0,0.37,1.7
2003-02-11,-3.8,-5.5,-0.5,3942,0.0,0.39,1.9
2003-02-12,-4.8,-6.8,1.1,8810,0.0,0.37,2.2
2003-02-13,-4.8,-11.2,0.9,8342,0.0,0.27,2.0
2003-02-14,-3.6,-9.9,1.6,8736,0.0,0.3,1.6
2003-02-15,-1.0,-3.7,1.1,3684,0.0,0.45,2.3
2003-02-16,-5.8,-7.7,-1.2,9617,0.0,0.33,2.8
2003-02-17,-7.0,-10.2,-3.4,5636,0.0,0.28,2.0
2003-02-18,-3.0,-10.2,-1.8,3536,0.3,0.28,1.8
2003-02-19,-1.6,-2.4,-0.5,3602,0.0,0.49,2.2
2003-02-20,-1.3,-2.6,-0.5,3669,0.0,0.49,1.9
2003-02-21,-0.6,-2.4,0.5,3737,0.0,0.49,2.1
2003-02-22,0.9,-2.8,4.5,9290,0.0,0.49,2.2
2003-02-23,0.5,-3.2,5.8,10997,0.0,0.48,1.9
2003-02-24,0.3,-4.4,7.0,11074,0.0,0.45,1.4
2003-02-25,3.1,-3.4,10.7,11073,0.0,0.5,1.7
2003-02-26,1.1,-3.6,6.5,11302,0.0,0.47,1.8
2003-02-27,-0.1,-5.2,6.5,10985,0.0,0.43,1.4
2003-02-28,1.0,-2.2,2.9,5981,0.1,0.5,1.7
2003-03-01,2.7,-0.2,5.5,5514,0.0,0.59,1.8
2003-03-02,1.8,-0.5,5.4,6088,3.0,0.57,2.5
2003-03-03,-0.1,-2.0,1.4,4462,0.6,0.51,1.8
2003-03-04,-0.5,-1.6,0.8,4538,0.0,0.52,1.5
2003-03-05,1.3,-2.5,5.5,5368,0.0,0.5,2.2
2003-03-06,1.5,-2.0,4.7,7565,1.9,0.52,3.1
2003-03-07,1.9,-0.1,5.9,5624,0.0,0.59,1.9
2003-03-08,4.8,-0.1,9.8,8298,2.7,0.61,3.5
2003-03-09,7.5,4.7,8.6,4929,2.3,0.83,3.4
2003-03-10,9.9,4.3,13.2,6854,0.0,0.82,2.8
2003-03-11,8.2,6.3,11.5,5355,5.0,0.92,3.2
2003-03-12,6.1,4.4,9.4,6692,2.3,0.82,3.4
2003-03-13,2.2,-0.6,6.4,15018,0.0,0.57,2.6
2003-03-14,2.2,-0.5,7.4,9347,0.0,0.58,2.5
2003-03-15,3.2,-1.6,7.8,12966,0.0,0.54,2.2
2003-03-16,4.8,-1.7,11.0,14603,0.0,0.56,1.7
2003-03-17,2.8,0.6,7.0,7264,0.0,0.62,2.0
2003-03-18,4.8,-1.3,12.5,15022,0.0,0.58,1.8
2003-03-19,4.1,1.5,5.3,5741,0.0,0.66,2.5
2003-03-20,1.5,0.3,5.0,5824,0.0,0.61,2.1
2003-03-21,-0.5,-4.6,3.5,16478,0.0,0.43,2.7
2003-03-22,1.6,-3.5,7.7,16843,0.0,0.48,2.4
2003-03-23,6.1,-2.1,14.1,17111,0.0,0.57,1.5
2003-03-24,9.7,-2.2,17.6,17082,0.5,0.6,1.7
2003-03-25,8.3,6.3,13.5,13346,0.0,0.94,1.6
2003-03-26,4.8,-2.0,11.4,8743,0.0,0.55,1.4
2003-03-27,6.5,3.7,11.9,7625,3.9,0.79,1.3
2003-03-28,8.6,1.2,14.4,14471,0.0,0.69,1.4
2003-03-29,8.9,0.6,15.9,15332,0.0,0.68,1.4
2003-03-30,10.1,7.5,16.0,14542,0.0,1.03,2.3
2003-03-31,6.2,4.3,11.9,17605,0.0,0.82,2.6
2003-04-01,10.2,0.0,14.7,14815,3.2,0.65,3.2
2003-04-02,6.0,4.7,13.8,11244,3.0,0.85,3.8
2003-04-03,5.7,2.4,9.4,11887,1.1,0.71,3.2
2003-04-04,6.4,-0.5,10.3,16825,0.0,0.6,2.7
2003-04-05,3.8,1.5,8.9,12220,0.0,0.67,4.4
2003-04-06,0.1,-2.1,4.8,15479,0.0,0.51,3.6
2003-04-07,-0.1,-3.0,2.4,7967,0.0,0.47,2.8
2003-04-08,-0.1,-2.5,3.9,10796,0.0,0.5,1.8
2003-04-09,-0.9,-5.0,2.9,12110,0.3,0.42,2.1
2003-04-10,0.6,-1.2,4.4,9218,0.0,0.54,1.6
2003-04-11,3.4,-3.3,8.3,14105,0.0,0.49,1.9
2003-04-12,6.0,-1.3,12.4,20613,0.0,0.58,1.4
2003-04-13,9.4,-1.0,15.3,20531,0.0,0.61,1.8
2003-04-14,11.8,2.5,17.7,21239,0.0,0.77,3.4
2003-04-15,13.8,5.7,19.5,21950,0.0,0.95,3.2
2003-04-16,13.8,6.3,19.1,22321,0.0,0.98,3.0
2003-04-17,12.1,2.7,19.6,22348,0.0,0.8,2.7
2003-04-18,5.2,2.5,10.3,8866,0.9,0.72,3.5
2003-04-19,10.1,3.9,14.2,12306,0.1,0.81,3.7
2003-04-20,15.0,8.1,20.2,21827,0.0,1.1,2.9
2003-04-21,15.1,7.9,20.9,21956,0.0,1.1,2.5
2003-04-22,13.1,5.4,21.4,23374,0.0,0.96,1.9
2003-04-23,12.2,3.6,19.3,23150,0.0,0.85,1.8
2003-04-24,12.8,3.4,19.9,17836,0.0,0.84,1.4
2003-04-25,15.7,4.6,20.9,18415,0.0,0.91,2.1
2003-04-26,14.7,10.5,18.8,8752,1.4,1.26,2.8
2003-04-27,12.2,10.3,17.3,17306,0.1,1.23,4.0
2003-04-28,14.2,9.2,17.8,12486,0.3,1.15,2.7
2003-04-29,14.2,12.8,20.7,14008,2.2,1.45,3.1
2003-04-30,15.6,7.2,20.4,13004,1.8,1.06,2.7
2003-05-01,13.2,10.8,17.8,18164,3.7,1.27,3.9
2003-05-02,15.9,8.2,19.8,20440,0.0,1.1,2.4
2003-05-03,12.2,10.4,16.3,12137,0.0,1.23,4.4
2003-05-04,16.0,5.4,21.1,25387,0.0,0.95,2.3
2003-05-05,21.4,9.2,28.9,24144,0.0,1.29,2.3
2003-05-06,14.5,12.0,21.5,12834,0.0,1.41,2.3
2003-05-07,13.1,9.8,18.5,22615,0.0,1.2,1.9
2003-05-08,19.4,6.7,25.2,23443,0.0,1.09,1.9
2003-05-09,13.2,9.9,19.5,10192,0.5,1.22,1.6
2003-05-10,13.4,9.8,17.5,14830,0.0,1.19,1.3
2003-05-11,16.5,8.8,21.5,23205,11.6,1.16,1.3
2003-05-12,16.0,12.3,20.2,14835,8.4,1.41,2.0
2003-05-13,10.2,9.0,17.0,14151,0.8,1.14,2.6
2003-05-14,10.0,5.2,14.5,19200,0.0,0.89,2.8
2003-05-15,9.6,5.0,13.9,21765,0.8,0.87,2.1
2003-05-16,10.5,3.2,15.5,19581,0.0,0.78,1.4
2003-05-17,13.3,5.9,19.1,16636,0.2,0.96,2.1
2003-05-18,13.8,8.9,18.6,19078,2.6,1.13,2.4
2003-05-19,13.8,11.4,17.7,12223,3.5,1.32,2.4
2003-05-20,13.7,10.7,17.7,21082,0.0,1.26,3.4
2003-05-21,13.2,7.5,17.0,14963,0.0,1.04,2.6
2003-05-22,14.3,8.9,17.7,18797,0.1,1.14,2.3
2003-05-23,16.2,12.4,19.0,11393,1.1,1.42,2.8
2003-05-24,21.1,11.9,28.0,24083,0.0,1.47,1.9
2003-05-25,20.4,13.5,26.5,26668,4.0,1.58,2.3
2003-05-26,15.6,12.1,19.7,17595,0.0,1.39,1.8
2003-05-27,17.9,11.2,22.7,22965,0.0,1.35,1.7
2003-05-28,17.1,11.3,23.1,20724,0.0,1.35,2.0
2003-05-29,19.4,9.7,25.1,29407,0.0,1.27,1.8
2003-05-30,20.2,10.2,27.1,29453,0.0,1.33,1.4
2003-05-31,21.0,10.5,27.0,18042,0.4,1.35,1.5
2003-06-01,19.4,11.7,26.0,28009,0.0,1.42,1.5
2003-06-02,23.5,10.5,29.0,27920,0.0,1.4,2.2
2003-06-03,24.8,17.0,30.8,25150,0.0,2.01,1.5
2003-06-04,24.9,17.5,32.5,27096,0.0,2.1,2.0
2003-06-05,22.5,17.5,30.0,23425,20.9,2.03,1.8
2003-06-06,17.6,14.9,23.3,26517,0.0,1.69,1.6
2003-06-07,21.6,12.2,27.5,26927,0.0,1.5,1.4
2003-06-08,22.4,16.7,30.5,25673,7.8,1.97,2.1
2003-06-09,16.8,13.2,20.9,27613,0.0,1.5,3.1
2003-06-10,20.6,9.8,25.2,23414,0.0,1.28,1.8
2003-06-11,20.7,18.2,26.0,24454,0.0,2.07,2.5
2003-06-12,21.8,12.6,27.1,24214,0.0,1.51,1.6
2003-06-13,18.4,14.6,23.1,26531,0.0,1.64,2.0
2003-06-14,16.4,10.9,22.0,19250,0.0,1.32,1.6
2003-06-15,18.2,9.0,22.7,23994,0.0,1.19,1.6
2003-06-16,17.3,12.0,21.5,23618,0.0,1.41,1.8
2003-06-17,19.9,10.2,24.8,28487,0.0,1.31,1.6
2003-06-18,18.0,13.7,21.5,14413,0.0,1.55,2.2
2003-06-19,18.8,14.5,23.0,13392,2.8,1.63,3.3
2003-06-20,13.9,12.1,19.8,22862,3.3,1.4,4.5
2003-06-21,14.8,11.5,18.5,15695,0.0,1.32,3.1
2003-06-22,17.3,8.5,21.0,24905,0.0,1.13,1.6
2003-06-23,20.9,13.6,27.4,15945,2.2,1.61,3.1
2003-06-24,18.4,13.5,23.5,25915,0.0,1.56,3.3
2003-06-25,15.8,13.0,19.0,19000,0.0,1.46,2.7
2003-06-26,16.4,10.9,21.8,14388,0.5,1.31,1.7
2003-06-27,19.6,9.0,23.2,27031,0.0,1.2,1.7
2003-06-28,20.8,9.8,26.7,29059,0.0,1.3,1.5
2003-06-29,22.0,14.1,28.6,15247,0.0,1.68,1.5
2003-06-30,20.3,13.5,24.6,23402,0.0,1.55,1.7
2003-07-01,19.5,16.5,22.1,14704,0.0,1.84,2.7
2003-07-02,17.7,14.7,22.3,16727,8.3,1.64,3.0
2003-07-03,17.2,13.0,23.0,21678,4.1,1.51,3.0
2003-07-04,16.0,14.8,18.2,11331,5.0,1.62,3.4
2003-07-05,15.6,13.9,18.2,10928,0.0,1.54,3.3
2003-07-06,16.0,13.7,18.4,11032,0.0,1.53,2.6
2003-07-07,16.6,13.8,21.3,17750,0.0,1.56,1.6
2003-07-08,16.6,12.6,22.5,17975,0.9,1.46,1.6
2003-07-09,17.8,14.1,21.6,15402,1.9,1.59,2.2
2003-07-10,16.8,11.2,21.6,18290,0.0,1.33,1.9
2003-07-11,21.5,11.0,27.4,25103,2.8,1.39,2.0
2003-07-12,17.0,13.0,23.8,22399,0.0,1.51,2.7
2003-07-13,17.5,11.3,22.4,23369,0.0,1.36,1.9
2003-07-14,21.3,10.6,26.6,28130,0.0,1.36,2.1
2003-07-15,23.0,12.9,28.1,24413,0.0,1.56,2.0
2003-07-16,25.6,16.1,30.5,26634,0.5,1.89,2.6
2003-07-17,22.6,18.5,30.1,16115,2.6,2.14,2.2
2003-07-18,20.4,17.3,26.1,22870,0.0,1.96,1.9
2003-07-19,24.4,15.0,29.2,27091,0.0,1.76,1.6
2003-07-20,26.8,17.5,33.2,27907,0.0,2.09,2.1
2003-07-21,24.5,19.8,30.1,17053,0.6,2.3,1.7
2003-07-22,22.6,17.2,26.5,24516,0.0,1.95,1.9
2003-07-23,20.8,16.1,26.5,19822,0.0,1.83,1.4
2003-07-24,21.5,15.4,28.9,19511,2.5,1.81,1.6
2003-07-25,20.8,16.9,26.3,18825,1.0,1.92,1.6
2003-07-26,19.8,16.4,24.1,13907,1.2,1.83,1.9
2003-07-27,24.2,18.1,32.4,20686,5.9,2.15,2.6
2003-07-28,19.7,16.9,25.4,18755,0.0,1.91,1.9
2003-07-29,20.1,14.2,25.0,17200,0.3,1.63,1.3
2003-07-30,22.4,13.0,27.5,22570,0.0,1.55,1.5
2003-07-31,21.3,13.0,27.7,18543,0.0,1.56,1.4
2003-08-01,24.7,16.6,30.9,21792,0.0,1.97,1.2
2003-08-02,25.0,18.3,30.9,12623,0.0,2.14,1.2
2003-08-03,25.2,18.3,30.9,18806,0.0,2.14,1.3
2003-08-04,24.1,17.4,29.7,25570,0.0,2.03,1.5
2003-08-05,23.0,13.9,28.4,24374,0.0,1.66,1.7
2003-08-06,21.4,13.8,27.4,23911,0.0,1.62,1.5
2003-08-07,23.4,12.4,30.4,25024,0.0,1.56,1.3
2003-08-08,24.8,12.9,31.4,24193,0.0,1.61,1.3
2003-08-09,25.3,14.4,32.9,25052,0.0,1.79,1.6
2003-08-10,23.1,15.2,29.3,25664,0.0,1.8,2.0
2003-08-11,22.6,14.2,28.4,25309,0.0,1.67,1.6
2003-08-12,26.6,16.9,33.4,20172,0.0,2.05,1.4
2003-08-13,25.0,21.6,33.4,23882,0.0,2.63,2.7
2003-08-14,19.3,15.9,23.9,14503,0.1,1.79,2.8
2003-08-15,18.1,13.4,24.3,22462,0.0,1.56,3.1
2003-08-16,17.9,12.0,23.5,20340,0.0,1.42,2.1
2003-08-17,19.4,9.9,25.7,23400,0.9,1.29,1.5
2003-08-18,22.4,16.1,30.8,14846,0.2,1.91,2.4
2003-08-19,19.8,18.2,24.4,12418,0.5,2.03,2.6
2003-08-20,16.9,12.4,23.9,19764,0.0,1.45,1.9
2003-08-21,18.6,9.9,24.9,14439,0.0,1.29,1.7
2003-08-22,20.1,14.9,25.2,17796,0.2,1.69,2.9
2003-08-23,17.8,16.2,24.3,14010,1.1,1.83,2.7
2003-08-24,17.8,12.4,22.4,17564,0.0,1.45,2.3
2003-08-25,18.0,11.2,25.4,20174,0.0,1.4,1.7
2003-08-26,17.6,9.1,23.8,18231,0.0,1.21,2.4
2003-08-27,15.6,13.8,20.8,11911,0.0,1.55,3.3
2003-08-28,15.4,12.0,20.4,10582,2.8,1.39,1.4
2003-08-29,16.4,12.0,20.5,8037,14.4,1.39,2.5
2003-08-30,15.6,12.6,20.6,15834,0.0,1.44,2.5
2003-08-31,13.5,9.1,18.9,17147,1.1,1.15,2.5
2003-09-01,12.1,9.7,18.4,15479,0.3,1.2,2.4
2003-09-02,11.1,8.4,17.6,20159,0.0,1.11,1.8
2003-09-03,13.0,5.8,16.8,7850,0.1,0.94,1.9
2003-09-04,15.3,12.0,19.3,9170,0.0,1.38,1.8
2003-09-05,16.2,7.3,22.1,18412,0.0,1.07,1.6
2003-09-06,18.1,10.4,24.5,17303,0.0,1.32,1.9
2003-09-07,17.0,12.2,22.7,9317,0.0,1.42,1.4
2003-09-08,18.3,12.3,25.0,14171,0.0,1.47,1.9
2003-09-09,15.3,12.8,19.8,8601,5.6,1.46,1.8
2003-09-10,14.7,12.8,18.5,10275,21.9,1.44,2.0
2003-09-11,13.1,10.6,15.5,8001,7.3,1.25,3.1
2003-09-12,15.6,11.9,19.8,9243,1.3,1.37,2.0
2003-09-13,15.1,11.6,19.0,14235,0.0,1.34,2.1
2003-09-14,15.4,12.7,19.8,10255,0.0,1.44,1.4
2003-09-15,15.1,8.8,21.3,15365,0.0,1.15,1.3
2003-09-16,16.6,11.5,22.5,15216,0.0,1.37,1.4
2003-09-17,15.1,11.8,21.0,12396,0.0,1.37,1.3
2003-09-18,18.4,11.7,27.0,16389,0.0,1.46,1.7
2003-09-19,19.7,12.2,28.4,16616,0.0,1.51,1.9
2003-09-20,20.0,10.5,28.2,15194,0.0,1.38,1.3
2003-09-21,17.4,13.6,27.3,16475,0.0,1.61,2.2
2003-09-22,21.5,10.8,29.0,15736,0.0,1.4,2.6
2003-09-23,11.7,9.8,21.5,8784,3.3,1.23,3.2
2003-09-24,9.9,5.7,15.5,13817,0.0,0.92,2.0
2003-09-25,11.5,4.3,17.2,15147,0.0,0.85,2.0
2003-09-26,13.7,6.2,20.4,15166,0.0,0.99,2.2
2003-09-27,13.1,11.4,17.6,9992,0.0,1.31,1.8
2003-09-28,11.9,4.6,17.1,10591,6.2,0.87,1.5
2003-09-29,11.7,9.7,15.5,7870,1.3,1.17,2.5
2003-09-30,8.9,7.1,13.9,6791,0.1,0.99,1.6
2003-10-01,12.3,4.5,17.2,12575,2.2,0.87,1.8
2003-10-02,10.7,8.4,14.9,7210,0.3,1.08,1.6
2003-10-03,11.4,4.7,14.9,5991,9.1,0.85,1.7
2003-10-04,10.4,7.3,15.0,8373,0.6,1.01,2.4
2003-10-05,7.9,4.0,13.1,8091,0.0,0.81,2.0
2003-10-06,8.1,4.8,12.0,9568,2.3,0.85,4.1
2003-10-07,8.3,7.4,10.0,6217,1.8,0.99,4.5
2003-10-08,8.5,6.7,12.5,6779,3.1,0.96,4.4
2003-10-09,10.3,6.5,12.5,10000,0.0,0.94,3.9
2003-10-10,13.0,10.1,15.0,4738,0.0,1.21,4.0
2003-10-11,11.2,10.0,13.9,5374,0.2,1.18,3.3
2003-10-12,7.2,5.1,12.9,10307,0.0,0.86,2.0
2003-10-13,6.1,1.0,13.0,11177,0.0,0.68,1.7
2003-10-14,6.1,0.4,11.1,10107,0.0,0.63,2.2
2003-10-15,4.8,1.3,11.4,10348,0.0,0.68,2.0
2003-10-16,6.0,-0.9,10.6,6380,0.0,0.58,2.0
2003-10-17,2.3,-0.3,9.3,10362,0.0,0.6,2.2
2003-10-18,2.4,-2.6,11.1,9706,0.0,0.53,1.7
2003-10-19,2.0,-3.9,10.0,9063,0.0,0.48,1.2
2003-10-20,2.4,-2.7,8.0,3990,0.0,0.51,1.8
2003-10-21,3.6,0.0,6.1,3566,0.7,0.6,1.8
2003-10-22,2.6,0.4,6.8,8259,0.0,0.61,2.0
2003-10-23,-0.3,-3.5,5.6,7240,0.0,0.47,2.6
2003-10-24,-1.5,-5.4,5.5,9387,0.0,0.42,1.8
2003-10-25,5.0,-2.7,7.1,3783,1.8,0.51,3.5
2003-10-26,3.8,2.8,6.0,3249,2.8,0.72,2.3
2003-10-27,0.4,-3.9,6.0,8000,0.0,0.46,1.4
2003-10-28,1.9,-1.9,8.4,8077,0.0,0.54,2.0
2003-10-29,3.7,-0.1,6.0,3134,4.6,0.59,2.1
2003-10-30,5.4,3.4,6.5,3012,6.3,0.75,1.9
2003-10-31,6.8,2.3,9.5,3395,0.0,0.71,2.7
2003-11-01,8.0,5.3,11.0,3024,0.1,0.87,2.5
2003-11-02,7.9,4.8,11.9,4989,0.5,0.85,3.1
2003-11-03,10.8,6.0,13.7,4184,2.0,0.93,4.2
2003-11-04,8.8,7.6,11.4,3577,0.0,1.0,2.9
2003-11-05,6.2,1.0,11.9,6939,0.0,0.67,1.8
2003-11-06,2.2,0.9,6.3,2639,0.0,0.63,2.2
2003-11-07,4.4,-1.7,5.6,3972,0.0,0.53,3.5
2003-11-08,5.1,3.4,7.8,3509,0.0,0.75,3.9
2003-11-09,4.0,3.0,5.9,2663,0.0,0.73,2.3
2003-11-10,3.4,1.3,4.1,2449,0.0,0.65,2.6
2003-11-11,3.0,-0.6,7.3,6574,0.0,0.58,2.5
2003-11-12,1.5,-0.8,5.9,6589,0.0,0.56,2.3
2003-11-13,0.0,-2.4,4.1,6015,0.0,0.5,1.6
2003-11-14,0.7,-3.4,2.6,2330,0.0,0.47,2.0
2003-11-15,5.8,0.5,9.4,3283,0.0,0.63,2.6
2003-11-16,4.6,2.9,6.9,2353,10.6,0.73,1.9
2003-11-17,6.0,3.7,8.1,2160,3.3,0.77,3.4
2003-11-18,9.9,5.0,11.7,2123,3.8,0.85,3.7
2003-11-19,12.3,11.6,12.7,2088,0.5,1.32,4.1
2003-11-20,9.0,5.3,12.3,3389,0.0,0.87,2.1
2003-11-21,8.6,7.0,11.5,4173,0.0,0.97,2.1
2003-11-22,8.5,4.5,9.9,1988,0.0,0.81,2.0
2003-11-23,10.2,7.2,13.4,2963,0.0,1.0,2.2
2003-11-24,10.3,4.8,14.3,2212,0.0,0.86,2.1
2003-11-25,8.6,6.3,10.5,1992,3.4,0.92,1.6
2003-11-26,8.3,6.4,11.5,4475,0.1,0.94,2.2
2003-11-27,6.2,5.5,7.1,1844,0.0,0.87,1.4
2003-11-28,7.4,5.9,7.7,1819,0.7,0.89,2.1
2003-11-29,7.8,6.9,8.4,1795,0.0,0.95,1.7
2003-11-30,5.3,3.2,7.7,2893,0.0,0.75,2.6
2003-12-01,4.0,1.4,7.6,3218,0.0,0.66,2.6
2003-12-02,6.6,2.9,7.6,1729,0.0,0.73,2.4
2003-12-03,6.2,5.8,6.7,1709,0.0,0.89,1.7
2003-12-04,4.1,3.3,6.3,1691,0.1,0.74,2.0
2003-12-05,5.6,3.2,6.5,1673,1.3,0.74,2.4
2003-12-06,2.2,0.4,9.0,3460,0.0,0.62,4.0
2003-12-07,-2.1,-4.4,1.9,4671,0.0,0.43,2.2
2003-12-08,-0.3,-3.4,1.2,1628,0.0,0.46,1.7
2003-12-09,-0.7,-4.1,2.9,4442,0.0,0.45,1.5
2003-12-10,1.3,-1.5,4.8,4374,0.0,0.53,2.1
2003-12-11,1.0,-2.3,4.0,3055,4.4,0.51,3.0
2003-12-12,1.0,-0.2,3.8,1832,3.3,0.58,2.3
2003-12-13,8.2,-0.5,11.3,1574,13.6,0.61,4.2
2003-12-14,5.1,2.4,10.8,1566,3.4,0.72,5.4
2003-12-15,1.0,0.3,3.4,4159,0.0,0.6,5.2
2003-12-16,1.4,-0.1,3.0,3118,0.8,0.59,3.3
2003-12-17,4.8,0.5,5.5,1550,0.1,0.61,2.5
2003-12-18,2.5,0.4,6.4,4214,0.0,0.61,1.9
2003-12-19,3.0,-1.0,6.1,4046,0.0,0.56,2.1
2003-12-20,6.3,3.4,7.7,1544,1.8,0.75,2.9
2003-12-21,5.4,4.1,8.6,2323,1.4,0.79,6.0
2003-12-22,-0.7,-2.5,4.2,1710,0.2,0.5,3.6
2003-12-23,-3.9,-6.9,0.0,3354,0.0,0.36,2.3
2003-12-24,-0.5,-5.5,1.5,4059,0.0,0.4,2.7
2003-12-25,3.2,0.5,4.0,1556,0.0,0.61,3.0
2003-12-26,3.8,2.2,5.8,1562,0.0,0.69,2.9
2003-12-27,4.3,1.8,7.8,1568,0.0,0.68,3.8
2003-12-28,4.6,1.8,6.4,1576,0.0,0.67,3.7
2003-12-29,2.9,1.2,7.2,2127,0.0,0.65,3.0
2003-12-30,1.0,-0.9,3.0,2014,0.0,0.55,1.3
2003-12-31,-0.1,-1.2,1.5,1606,0.0,0.54,1.9
2004-01-01,-3.0,-7.1,-0.8,1618,0.0,0.35,1.8
2004-01-02,-2.9,-4.6,0.4,2185,0.0,0.42,2.5
2004-01-03,-4.1,-5.6,-1.4,1817,0.0,0.39,1.4
2004-01-04,-4.6,-5.6,-1.3,3857,0.2,0.39,2.4
2004-01-05,-7.9,-10.1,-3.5,4322,0.0,0.28,2.2
2004-01-06,-3.8,-10.7,-1.0,1784,8.1,0.27,2.9
2004-01-07,3.0,-1.3,3.9,1715,0.1,0.54,2.0
2004-01-08,1.0,-0.7,4.3,3641,0.0,0.56,2.5
2004-01-09,0.6,-1.1,1.5,1757,0.2,0.54,2.5
2004-01-10,0.4,-0.4,2.4,1779,0.8,0.57,2.3
2004-01-11,4.6,-0.4,7.9,1802,11.5,0.59,3.5
2004-01-12,2.5,1.2,7.5,3707,0.5,0.66,3.7
2004-01-13,4.2,0.8,5.9,1853,4.9,0.63,4.2
2004-01-14,3.8,2.6,6.6,1880,1.4,0.71,4.8
2004-01-15,2.0,1.0,3.7,2002,2.4,0.63,3.3
2004-01-16,3.5,0.6,4.9,2128,16.6,0.62,4.2
2004-01-17,3.5,2.6,5.1,1967,6.5,0.71,3.0
2004-01-18,-1.0,-2.4,2.9,3898,0.1,0.5,2.5
2004-01-19,0.6,-2.5,1.9,2032,4.8,0.49,3.7
2004-01-20,-0.2,-0.7,2.0,2115,0.2,0.56,2.8
2004-01-21,-2.9,-3.6,-0.5,3912,0.0,0.45,1.6
2004-01-22,-6.0,-7.4,-3.2,3103,0.0,0.34,1.6
2004-01-23,-5.8,-9.4,-3.4,2740,0.0,0.29,1.9
2004-01-24,-6.3,-9.8,-3.8,5128,0.8,0.28,2.1
2004-01-25,-6.5,-9.6,-5.0,2252,0.2,0.29,1.7
2004-01-26,-5.1,-6.9,-4.6,2293,0.0,0.35,1.7
2004-01-27,-3.4,-4.8,-2.1,2335,0.0,0.41,1.6
2004-01-28,-3.1,-6.8,-0.6,2924,0.2,0.36,2.6
2004-01-29,-1.2,-5.6,-0.1,4191,0.7,0.39,3.6
2004-01-30,0.4,-1.7,1.4,3195,0.3,0.52,3.9
2004-01-31,3.0,-1.1,5.0,2514,4.1,0.55,4.7
2004-02-01,7.6,4.6,10.2,2619,11.5,0.83,5.0
2004-02-02,7.7,4.3,10.2,3307,2.1,0.81,3.9
2004-02-03,10.7,6.1,12.4,2660,2.8,0.92,3.3
2004-02-04,13.7,11.3,14.9,2771,0.0,1.29,3.8
2004-02-05,12.9,11.7,15.1,2763,2.3,1.33,4.3
2004-02-06,12.1,9.8,13.3,2878,3.8,1.16,3.5
2004-02-07,6.4,4.8,13.4,4045,5.2,0.85,5.3
2004-02-08,1.6,0.8,5.2,3802,3.5,0.63,5.3
2004-02-09,0.9,-0.2,3.4,6022,0.2,0.58,4.8
2004-02-10,0.6,-1.5,2.8,3040,5.3,0.53,3.3
2004-02-11,-0.7,-3.2,2.8,4916,0.5,0.47,2.8
2004-02-12,-1.3,-6.1,-0.1,3158,0.0,0.38,1.4
2004-02-13,3.7,-0.7,5.9,3219,0.0,0.57,2.1
2004-02-14,4.7,2.9,6.5,3415,0.0,0.72,1.6
2004-02-15,1.3,0.5,4.9,3343,0.0,0.61,1.6
2004-02-16,1.0,-1.1,2.2,3406,0.0,0.54,1.8
2004-02-17,4.0,1.9,5.3,3471,0.0,0.68,2.3
2004-02-18,2.7,0.8,5.4,5657,0.0,0.63,2.4
2004-02-19,-0.6,-2.3,2.2,9110,0.0,0.5,3.7
2004-02-20,-0.8,-5.5,3.6,10329,0.0,0.41,3.5
2004-02-21,1.0,-3.8,5.4,8864,0.0,0.46,2.6
2004-02-22,0.5,-2.4,3.4,5955,0.0,0.5,2.2
2004-02-23,0.3,-1.7,2.1,3876,0.0,0.52,2.7
2004-02-24,0.7,-5.1,4.3,9178,0.9,0.42,2.6
2004-02-25,0.3,-0.6,2.4,5092,0.2,0.56,2.9
2004-02-26,-1.4,-2.9,2.4,7813,0.0,0.48,2.4
2004-02-27,-1.2,-4.8,1.9,4477,0.0,0.42,1.4
2004-02-28,-1.0,-5.0,3.6,8280,0.0,0.42,1.3
2004-02-29,-1.2,-4.8,2.4,6075,0.0,0.42,1.9
2004-03-01,-0.1,-3.5,2.4,6655,1.0,0.46,2.6
2004-03-02,3.7,0.7,5.5,4462,0.7,0.63,3.2
2004-03-03,1.0,-2.3,5.6,11407,0.0,0.51,2.7
2004-03-04,-1.5,-5.4,1.2,5452,0.0,0.4,1.9
2004-03-05,-1.2,-5.6,3.0,13310,0.0,0.4,3.0
2004-03-06,-0.8,-3.6,2.4,7331,0.3,0.46,2.2
2004-03-07,-1.0,-2.1,1.5,5625,0.0,0.51,1.7
2004-03-08,0.9,-3.7,5.5,11545,0.0,0.47,2.0
2004-03-09,0.8,0.1,3.4,5272,0.1,0.59,2.6
2004-03-10,1.7,-0.2,2.7,5088,0.0,0.58,2.7
2004-03-11,3.5,1.8,6.0,5438,0.0,0.68,2.3
2004-03-12,5.3,0.4,9.5,10405,0.0,0.63,3.0
2004-03-13,7.1,2.3,10.7,6426,1.9,0.71,2.8
2004-03-14,8.1,4.3,14.5,11677,0.0,0.83,2.7
2004-03-15,10.3,6.0,13.3,6888,0.0,0.92,3.4
2004-03-16,10.9,7.7,14.1,5576,0.0,1.02,2.8
2004-03-17,12.9,6.3,20.1,14549,0.0,0.99,2.0
2004-03-18,11.4,5.8,16.0,10892,0.0,0.93,1.6
2004-03-19,11.1,9.9,14.4,8133,2.4,1.19,4.3
2004-03-20,10.3,6.2,13.5,7362,4.4,0.94,5.9
2004-03-21,8.7,6.4,13.9,14007,0.0,0.94,6.4
2004-03-22,5.9,4.3,9.3,8734,0.8,0.81,3.8
2004-03-23,5.4,0.5,10.0,13804,0.0,0.63,1.8
2004-03-24,4.3,0.2,9.8,7440,0.0,0.62,3.0
2004-03-25,1.9,1.1,3.8,6524,0.0,0.64,2.7
2004-03-26,0.4,-1.9,3.4,7117,0.0,0.52,2.1
2004-03-27,0.8,-4.7,6.4,13959,0.0,0.44,1.7
2004-03-28,5.7,-0.5,7.5,6572,0.0,0.59,1.7
2004-03-29,7.2,4.2,12.5,11118,0.0,0.82,1.7
2004-03-30,9.3,1.7,15.4,17918,0.0,0.72,2.7
2004-03-31,10.3,2.8,15.5,18602,0.0,0.78,2.5
2004-04-01,10.5,4.6,15.8,17808,0.0,0.86,3.2
2004-04-02,9.5,3.9,15.2,16789,0.0,0.82,3.5
2004-04-03,9.6,3.8,16.4,12321,0.6,0.83,2.7
2004-04-04,9.4,3.7,15.1,8120,1.8,0.82,3.3
2004-04-05,5.7,2.9,10.9,12766,2.2,0.74,3.3
2004-04-06,5.1,2.1,9.0,10696,3.5,0.7,3.1
2004-04-07,5.0,3.6,9.4,12004,1.1,0.77,2.6
2004-04-08,4.7,0.7,8.4,8356,6.0,0.64,2.4
2004-04-09,5.7,2.8,9.9,10106,0.1,0.74,2.3
2004-04-10,4.3,1.0,9.7,12989,1.5,0.65,2.4
2004-04-11,5.3,-1.9,11.3,20164,0.0,0.55,2.1
2004-04-12,6.1,0.6,9.3,8015,0.0,0.63,2.1
2004-04-13,7.6,1.0,12.9,14213,0.0,0.68,1.8
2004-04-14,9.7,0.5,16.0,22178,0.0,0.67,1.7
2004-04-15,12.5,3.7,18.2,22436,0.0,0.84,1.8
2004-04-16,13.7,6.0,20.1,20854,0.0,0.97,1.7
2004-04-17,12.3,4.5,20.2,21217,0.0,0.9,1.9
2004-04-18,14.7,6.7,19.9,18450,0.1,1.01,2.6
2004-04-19,9.4,7.1,14.9,9254,2.5,1.0,2.4
2004-04-20,10.4,2.8,16.8,14591,0.0,0.78,1.6
2004-04-21,13.2,6.3,18.9,11403,0.0,0.99,1.5
2004-04-22,14.9,6.8,20.4,20322,0.0,1.03,1.5
2004-04-23,9.1,8.4,13.8,8612,5.9,1.07,2.4
2004-04-24,7.9,5.4,12.6,10344,0.2,0.88,2.3
2004-04-25,11.7,2.9,16.4,20782,0.1,0.79,1.8
2004-04-26,10.9,9.0,15.5,9060,0.4,1.12,1.7
2004-04-27,12.7,7.9,17.8,16803,0.0,1.07,1.9
2004-04-28,13.6,6.6,18.7,25195,0.0,1.0,2.5
2004-04-29,14.9,7.3,20.2,21450,0.0,1.05,2.8
2004-04-30,17.0,10.9,22.0,24094,0.0,1.32,3.3
2004-05-01,17.6,10.1,23.7,16677,0.0,1.27,2.3
2004-05-02,13.4,11.6,16.1,9459,0.1,1.33,2.0
2004-05-03,14.6,11.0,20.0,14403,2.5,1.3,1.8
2004-05-04,15.3,7.6,21.4,16681,0.0,1.08,2.1
2004-05-05,15.5,11.8,19.9,18599,3.9,1.37,2.0
2004-05-06,13.9,10.0,20.8,13025,3.5,1.23,2.1
2004-05-07,12.2,7.6,17.0,12722,3.8,1.04,3.3
2004-05-08,10.2,4.8,13.6,14268,0.1,0.86,2.7
2004-05-09,10.6,8.8,12.7,9631,0.5,1.09,2.0
2004-05-10,15.1,10.5,19.6,15888,0.2,1.26,2.2
2004-05-11,12.6,10.3,15.7,11604,0.0,1.21,2.0
2004-05-12,10.0,9.1,11.2,9793,0.2,1.12,2.1
2004-05-13,8.7,2.4,11.0,10219,0.3,0.72,2.1
2004-05-14,8.6,1.2,14.9,23889,0.0,0.7,1.4
2004-05-15,11.2,6.5,14.6,9945,0.6,0.96,2.8
2004-05-16,12.9,9.1,17.3,16260,0.0,1.14,2.4
2004-05-17,15.0,11.6,19.4,12550,0.0,1.34,1.6
2004-05-18,15.2,8.1,20.4,21903,0.0,1.11,2.1
2004-05-19,14.7,6.5,21.8,18564,0.0,1.02,2.9
2004-05-20,12.8,7.8,18.1,19501,0.0,1.07,2.0
2004-05-21,10.8,5.8,14.0,12739,0.0,0.91,2.5
2004-05-22,8.3,2.9,14.2,22259,2.5,0.77,3.1
2004-05-23,7.8,4.5,13.7,17885,2.3,0.84,3.3
2004-05-24,8.9,2.9,13.6,12866,0.0,0.76,2.5
2004-05-25,10.6,6.4,15.3,12778,0.0,0.96,2.5
2004-05-26,9.4,5.9,14.4,17764,0.1,0.92,2.4
2004-05-27,9.3,5.7,14.5,12090,1.9,0.91,1.8
2004-05-28,12.1,2.2,18.7,26992,0.0,0.78,1.6
2004-05-29,14.2,4.5,21.1,29326,0.0,0.9,1.5
2004-05-30,16.8,5.0,23.9,28224,0.0,0.98,1.8
2004-05-31,19.0,11.3,25.3,21896,0.0,1.39,2.1
2004-06-01,17.2,10.6,23.8,19764,0.1,1.31,1.6
2004-06-02,14.6,10.6,16.7,10998,0.1,1.26,1.8
2004-06-03,18.1,10.6,24.5,24927,0.0,1.33,2.1
2004-06-04,14.4,11.2,20.0,14491,5.2,1.32,1.7
2004-06-05,14.3,11.2,19.1,13238,1.7,1.31,2.0
2004-06-06,15.1,8.1,20.3,26416,0.0,1.11,1.6
2004-06-07,17.0,8.9,23.2,18390,0.0,1.2,1.6
2004-06-08,20.1,14.3,25.7,21222,0.0,1.65,1.7
2004-06-09,15.2,11.4,17.9,14208,12.0,1.33,2.0
2004-06-10,18.4,15.4,22.6,15630,0.2,1.73,1.8
2004-06-11,18.3,13.8,23.9,16156,4.2,1.59,2.6
2004-06-12,14.8,11.3,18.8,24868,2.2,1.32,2.5
2004-06-13,15.2,10.5,20.1,18610,1.1,1.27,2.3
2004-06-14,15.8,9.0,19.7,19131,0.0,1.15,2.6
2004-06-15,17.4,11.1,23.9,19778,0.4,1.35,3.4
2004-06-16,13.0,7.8,17.7,23240,0.2,1.06,3.5
2004-06-17,12.7,6.8,20.7,12877,7.3,1.03,3.1
2004-06-18,14.0,11.3,18.2,14543,1.7,1.32,2.6
2004-06-19,12.8,6.8,16.5,18767,0.9,0.99,2.4
2004-06-20,13.5,5.9,19.7,24013,0.0,0.97,1.8
2004-06-21,14.8,9.3,20.1,23753,0.0,1.18,1.9
2004-06-22,16.0,9.4,21.7,20550,0.0,1.21,1.7
2004-06-23,16.8,13.1,22.9,17985,9.3,1.51,3.4
2004-06-24,15.7,11.7,20.1,16059,0.0,1.36,4.6
2004-06-25,13.4,9.8,16.2,16306,0.5,1.19,3.7
2004-06-26,14.3,9.6,18.8,18851,0.0,1.19,2.1
2004-06-27,15.7,8.2,20.7,11427,0.0,1.11,1.7
2004-06-28,16.3,11.3,20.7,23038,2.8,1.34,3.2
2004-06-29,14.7,10.1,20.3,23019,0.0,1.25,2.7
2004-06-30,16.6,10.9,22.0,15597,0.0,1.32,1.8
2004-07-01,15.8,11.0,22.0,20936,8.4,1.33,2.7
2004-07-02,15.0,9.5,21.0,21551,0.1,1.21,2.5
2004-07-03,13.6,9.7,19.3,17575,4.0,1.2,3.2
2004-07-04,15.8,9.9,21.5,20480,0.5,1.25,2.6
2004-07-05,14.6,11.0,18.4,17142,4.1,1.29,2.2
2004-07-06,14.5,8.9,20.4,25764,0.0,1.15,2.0
2004-07-07,17.4,8.0,23.8,27890,0.0,1.15,2.2
2004-07-08,18.3,14.8,23.3,15148,10.8,1.66,2.1
2004-07-09,18.6,15.6,22.9,17909,2.7,1.73,3.0
2004-07-10,15.1,12.8,18.8,16479,1.1,1.44,3.1
2004-07-11,15.1,10.2,19.7,21892,2.4,1.24,3.1
2004-07-12,13.9,12.6,16.7,11342,2.8,1.41,3.3
2004-07-13,13.8,11.8,16.4,11308,0.7,1.35,3.2
2004-07-14,14.9,10.8,19.8,15190,0.4,1.28,2.7
2004-07-15,17.3,13.6,21.9,14896,1.1,1.55,2.6
2004-07-16,16.9,13.3,20.3,12458,7.1,1.51,1.7
2004-07-17,20.9,14.3,27.1,19469,3.0,1.67,1.8
2004-07-18,21.6,15.8,28.4,22186,29.9,1.84,1.9
2004-07-19,19.6,14.3,24.7,21250,0.0,1.64,1.8
2004-07-20,20.1,13.3,26.7,18684,12.3,1.58,2.0
2004-07-21,19.1,14.0,24.6,16123,0.0,1.62,1.6
2004-07-22,16.2,13.0,21.1,16069,8.2,1.48,1.3
2004-07-23,20.3,13.1,27.9,21010,5.8,1.58,1.8
2004-07-24,19.7,12.5,25.5,21319,0.0,1.48,2.2
2004-07-25,16.7,10.9,23.6,16646,3.9,1.33,2.0
2004-07-26,14.4,11.3,18.7,13975,0.7,1.31,1.8
2004-07-27,15.1,10.4,20.5,16398,0.0,1.27,1.8
2004-07-28,17.3,9.4,23.7,26362,0.0,1.23,1.5
2004-07-29,18.0,9.1,25.2,27636,0.0,1.22,1.9
2004-07-30,21.1,12.4,27.8,26805,0.0,1.53,1.5
2004-07-31,21.0,12.3,28.8,21669,0.0,1.54,1.3
2004-08-01,19.3,13.4,25.1,20236,0.2,1.56,1.6
2004-08-02,19.6,12.7,26.1,21624,0.0,1.5,1.4
2004-08-03,19.6,13.0,26.1,21415,0.0,1.54,1.4
2004-08-04,21.5,12.4,28.8,24618,0.0,1.54,1.4
2004-08-05,23.5,14.2,30.0,24275,0.0,1.7,2.0
2004-08-06,23.3,16.4,28.8,25873,0.0,1.89,2.1
2004-08-07,22.7,14.7,28.5,24193,0.0,1.72,2.1
2004-08-08,23.4,16.7,29.2,24449,0.0,1.93,2.5
2004-08-09,23.0,13.7,30.1,25183,0.0,1.66,2.5
2004-08-10,23.8,17.2,30.2,25189,0.0,2.0,2.6
2004-08-11,23.6,17.2,30.2,17662,0.0,2.0,1.7
2004-08-12,23.3,15.8,30.8,24240,10.0,1.87,1.7
2004-08-13,18.3,15.1,22.6,13553,1.1,1.69,3.2
2004-08-14,17.6,12.7,23.2,14770,1.3,1.47,2.5
2004-08-15,17.8,9.9,24.5,23170,0.0,1.27,1.9
2004-08-16,20.9,13.2,27.6,17878,0.0,1.59,2.0
2004-08-17,21.4,15.7,27.1,17304,0.0,1.8,1.9
2004-08-18,20.8,15.8,27.4,15800,0.3,1.82,2.3
2004-08-19,22.9,17.6,28.5,17092,0.0,2.04,3.3
2004-08-20,19.1,12.8,24.5,15364,7.7,1.5,2.8
2004-08-21,16.6,12.3,21.4,14455,0.0,1.43,2.6
2004-08-22,14.7,8.7,19.9,20434,0.0,1.14,2.0
2004-08-23,15.2,6.2,21.2,15280,0.0,1.01,1.9
2004-08-24,17.6,11.6,24.3,11761,10.5,1.41,2.4
2004-08-25,16.1,13.1,21.1,12686,4.2,1.48,3.2
2004-08-26,15.9,13.0,20.0,11799,0.8,1.48,3.0
2004-08-27,15.8,14.1,18.8,10358,5.8,1.57,3.0
2004-08-28,16.5,13.1,20.8,10156,3.1,1.49,2.1
2004-08-29,15.8,12.3,20.6,11618,12.6,1.41,1.8
2004-08-30,14.8,12.0,18.2,9201,5.5,1.36,2.9
2004-08-31,13.7,10.8,16.9,11089,3.1,1.27,3.0
2004-09-01,14.1,9.3,18.3,15574,0.0,1.16,2.3
2004-09-02,15.9,8.5,22.3,19573,0.0,1.16,1.4
2004-09-03,18.4,11.2,25.6,20825,0.0,1.38,1.3
2004-09-04,18.4,10.1,26.0,20343,0.0,1.31,1.1
2004-09-05,18.3,9.8,25.9,20396,0.0,1.3,1.5
2004-09-06,18.9,11.3,25.8,19809,0.0,1.4,1.6
2004-09-07,17.6,11.3,24.0,18699,0.0,1.38,1.9
2004-09-08,14.9,7.6,20.6,19065,0.0,1.08,2.0
2004-09-09,12.1,4.4,19.8,19423,0.0,0.9,1.9
2004-09-10,14.3,5.0,22.0,19360,0.0,0.95,2.4
2004-09-11,17.3,12.3,23.5,10576,6.4,1.45,2.3
2004-09-12,16.6,12.4,19.6,13318,0.0,1.41,3.5
2004-09-13,15.3,9.9,20.1,9749,0.0,1.23,3.1
2004-09-14,18.1,14.2,23.0,11851,0.0,1.62,3.1
2004-09-15,15.2,9.9,18.8,13722,0.1,1.22,3.3
2004-09-16,12.3,7.9,16.3,12297,0.7,1.05,1.9
2004-09-17,13.2,5.9,19.6,17272,0.0,0.96,2.0
2004-09-18,14.6,6.8,22.7,17103,0.0,1.05,2.1
2004-09-19,14.5,8.8,18.7,9300,0.0,1.13,2.0
2004-09-20,14.1,7.9,17.7,7658,3.9,1.07,3.3
2004-09-21,12.4,9.9,15.2,7941,2.9,1.19,5.3
2004-09-22,11.4,8.8,14.9,9821,0.1,1.1,4.7
2004-09-23,10.9,8.1,14.4,6620,3.2,1.06,4.0
2004-09-24,12.3,8.3,15.2,7178,1.2,1.07,3.5
2004-09-25,12.4,9.0,16.9,8369,1.5,1.14,2.9
2004-09-26,11.3,8.5,15.9,6077,0.9,1.09,2.3
2004-09-27,13.2,9.9,16.5,5449,0.0,1.19,2.7
2004-09-28,13.3,9.6,15.3,5993,9.5,1.16,2.4
2004-09-29,13.3,10.1,15.6,5197,6.6,1.2,2.8
2004-09-30,10.7,7.1,14.9,8188,0.0,1.0,1.5
2004-10-01,10.5,5.1,15.8,8253,0.0,0.88,1.6
2004-10-02,11.4,6.7,15.3,6765,0.0,0.98,2.0
2004-10-03,12.5,8.1,17.9,11611,0.0,1.08,1.9
2004-10-04,13.5,7.0,18.8,8851,0.0,1.02,2.4
2004-10-05,17.6,11.5,23.9,10988,0.0,1.38,2.3
2004-10-06,13.8,10.5,15.2,5225,5.2,1.23,2.4
2004-10-07,12.1,8.5,17.0,11606,0.0,1.1,2.4
2004-10-08,9.3,5.8,13.6,6275,0.0,0.91,1.6
2004-10-09,7.4,2.5,12.7,7863,0.0,0.74,1.7
2004-10-10,5.8,0.0,11.9,9020,0.0,0.63,2.4
2004-10-11,5.9,1.9,10.9,11719,0.0,0.7,3.2
2004-10-12,5.6,1.2,10.1,11642,0.0,0.67,3.4
2004-10-13,7.8,3.7,13.2,8879,0.0,0.8,2.6
2004-10-14,7.3,4.0,12.1,10044,0.0,0.8,2.6
2004-10-15,7.5,4.5,10.2,3905,5.6,0.82,2.4
2004-10-16,8.2,6.0,10.8,4058,3.3,0.9,2.0
2004-10-17,7.9,5.2,11.6,5967,1.0,0.87,3.0
2004-10-18,9.3,7.7,10.5,3699,2.9,1.01,3.8
2004-10-19,8.0,1.4,12.9,7358,0.0,0.69,1.7
2004-10-20,8.3,0.7,12.5,6752,0.9,0.66,2.7
2004-10-21,11.6,4.6,19.9,8399,0.3,0.9,3.3
2004-10-22,10.2,3.6,16.4,9591,0.0,0.82,2.8
2004-10-23,13.3,8.5,16.6,3578,0.0,1.09,3.3
2004-10-24,16.4,11.5,20.3,6011,1.7,1.35,2.7
2004-10-25,14.5,10.9,19.0,6518,0.0,1.3,3.1
2004-10-26,10.9,7.8,13.4,4440,0.0,1.03,1.7
2004-10-27,9.1,6.2,12.9,6189,0.0,0.93,1.8
2004-10-28,9.0,7.7,9.9,3070,0.1,1.01,2.1
2004-10-29,10.7,8.3,13.4,3648,7.9,1.07,1.6
2004-10-30,11.0,10.0,11.5,2956,2.3,1.18,1.4
2004-10-31,10.6,6.7,12.2,3024,0.0,0.96,1.7
2004-11-01,7.4,3.8,9.6,2846,0.0,0.78,2.0
2004-11-02,8.5,5.9,11.7,4486,0.0,0.91,2.4
2004-11-03,9.6,7.5,11.5,2740,0.0,1.01,1.7
2004-11-04,11.5,9.7,13.6,2748,0.0,1.16,1.6
2004-11-05,9.1,6.1,11.1,4621,0.3,0.92,3.1
2004-11-06,7.0,4.8,9.0,4375,0.1,0.83,2.9
2004-11-07,5.6,1.9,7.7,3054,3.8,0.68,2.0
2004-11-08,2.7,0.5,5.2,2832,0.3,0.61,1.4
2004-11-09,3.8,0.1,6.8,2449,8.4,0.6,2.4
2004-11-10,3.9,-0.6,6.9,3227,0.0,0.58,2.2
2004-11-11,2.0,-0.8,3.4,2361,0.0,0.56,1.3
2004-11-12,3.5,0.8,6.4,2318,5.4,0.63,2.7
2004-11-13,4.2,0.0,6.6,4871,0.4,0.59,3.1
2004-11-14,0.5,-1.5,2.9,4173,0.0,0.53,2.0
2004-11-15,4.5,2.1,6.4,2560,0.2,0.69,2.6
2004-11-16,7.0,4.2,8.7,4206,8.1,0.8,2.6
2004-11-17,8.6,5.5,11.2,2123,8.2,0.88,4.1
2004-11-18,7.5,1.9,11.7,2138,7.5,0.71,5.2
2004-11-19,0.9,-0.1,2.9,4526,0.2,0.58,3.9
2004-11-20,1.5,0.0,2.3,2020,0.0,0.59,3.9
2004-11-21,1.0,-1.3,4.2,4505,1.5,0.54,2.6
2004-11-22,5.3,0.1,10.0,1957,7.4,0.62,4.5
2004-11-23,4.9,0.4,9.8,3492,0.0,0.63,4.1
2004-11-24,-0.1,-2.3,2.2,5327,0.0,0.5,1.5
2004-11-25,0.8,-1.2,4.6,3685,0.0,0.54,1.8
2004-11-26,0.1,-2.2,2.6,2858,0.6,0.5,2.5
2004-11-27,5.4,2.4,7.6,2002,0.1,0.71,2.6
2004-11-28,4.9,3.6,5.7,1795,2.7,0.76,1.6
2004-11-29,4.5,-1.6,6.0,1772,0.1,0.54,1.2
2004-11-30,1.8,-1.7,3.6,1750,0.0,0.53,2.1
2004-12-01,4.0,2.7,5.1,1729,0.0,0.71,1.7
2004-12-02,3.3,0.7,4.4,1709,0.0,0.62,1.7
2004-12-03,2.9,1.6,3.9,1691,0.0,0.66,1.7
2004-12-04,3.5,0.7,5.1,1846,0.0,0.62,2.2
2004-12-05,2.6,-0.5,6.7,1657,0.0,0.58,2.5
2004-12-06,6.8,6.0,7.5,1642,0.0,0.9,2.4
2004-12-07,6.8,3.8,7.6,1628,0.0,0.78,2.1
2004-12-08,4.4,3.5,5.3,1615,0.0,0.75,1.9
2004-12-09,3.4,-0.1,4.3,1603,0.0,0.59,1.9
2004-12-10,-0.4,-2.7,1.3,3891,0.0,0.49,1.5
2004-12-11,-1.3,-5.2,1.4,1582,0.0,0.41,1.4
2004-12-12,2.3,1.0,3.6,1574,0.0,0.63,1.2
2004-12-13,1.5,-1.0,2.3,1566,0.0,0.55,1.4
2004-12-14,-1.8,-3.8,-0.9,1560,0.0,0.44,1.9
2004-12-15,0.1,-4.5,4.2,4312,0.0,0.44,2.4
2004-12-16,2.2,0.8,5.3,3933,1.2,0.63,2.9
2004-12-17,3.6,0.8,6.6,1547,2.3,0.63,3.8
2004-12-18,2.3,0.2,4.1,2693,2.4,0.6,4.2
2004-12-19,-0.1,-2.9,1.9,2036,0.8,0.48,2.5
2004-12-20,-0.5,-3.3,2.4,4208,0.0,0.46,2.4
2004-12-21,-1.5,-4.4,1.2,3596,0.0,0.43,1.6
2004-12-22,-2.8,-6.6,1.5,1548,1.7,0.37,3.8
2004-12-23,4.7,1.1,8.4,1551,2.0,0.65,4.9
2004-12-24,6.8,2.3,8.9,2009,1.4,0.71,5.0
2004-12-25,5.2,0.6,9.1,1892,0.6,0.64,3.3
2004-12-26,0.7,-1.3,2.3,1568,0.6,0.54,1.8
2004-12-27,2.3,-0.1,3.8,1576,0.1,0.58,2.3
2004-12-28,0.5,-0.7,2.4,2461,0.3,0.56,2.9
2004-12-29,1.7,0.3,2.6,1595,0.3,0.6,2.3
2004-12-30,3.0,-0.1,5.6,1606,0.0,0.59,3.1
2004-12-31,6.4,5.2,7.6,1618,1.4,0.85,2.8
2005-01-01,5.2,3.4,7.6,1618,1.2,0.76,2.7
2005-01-02,5.2,0.7,7.7,1929,8.3,0.64,5.4
2005-01-03,4.0,0.5,6.7,1903,2.8,0.62,5.0
2005-01-04,7.6,6.4,8.6,1662,0.4,0.93,5.2
2005-01-05,5.8,4.3,7.1,2979,0.4,0.8,3.5
2005-01-06,5.3,3.0,7.6,2700,1.0,0.74,4.1
2005-01-07,8.8,5.2,11.3,1715,0.0,0.87,5.0
2005-01-08,9.1,5.9,12.2,3419,0.1,0.9,5.8
2005-01-09,6.4,3.7,8.5,2873,0.0,0.77,4.3
2005-01-10,9.8,6.0,13.8,3536,0.0,0.92,3.9
2005-01-11,7.9,4.0,9.3,1802,0.0,0.79,3.1
2005-01-12,7.8,4.0,10.6,1827,0.1,0.79,3.5
2005-01-13,4.0,2.0,5.9,2501,0.5,0.68,3.8
2005-01-14,3.3,1.2,5.5,3609,0.0,0.64,2.5
2005-01-15,1.8,-1.3,3.7,1908,0.0,0.54,1.5
2005-01-16,-0.5,-3.1,3.1,5417,0.0,0.47,2.0
2005-01-17,1.0,-2.2,5.5,2208,0.6,0.51,2.9
2005-01-18,4.0,0.6,6.4,1999,2.4,0.62,3.6
2005-01-19,2.2,-0.1,5.1,2573,6.3,0.59,3.7
2005-01-20,3.9,1.8,6.3,2065,12.0,0.68,6.3
2005-01-21,3.2,0.5,5.5,3207,3.3,0.61,5.8
2005-01-22,1.5,0.0,3.6,4274,0.0,0.59,3.6
2005-01-23,0.1,-1.0,2.3,4387,1.6,0.55,3.0
2005-01-24,-0.9,-2.4,0.1,2733,0.6,0.49,3.5
2005-01-25,-1.8,-5.7,-0.6,3148,0.0,0.39,3.0
2005-01-26,-3.9,-6.9,-1.5,6131,0.0,0.36,2.9
2005-01-27,-3.2,-4.8,-2.0,2335,1.5,0.41,1.6
2005-01-28,-5.2,-10.6,-1.6,3852,0.0,0.27,1.1
2005-01-29,-5.2,-10.5,-2.5,2422,0.1,0.27,1.4
2005-01-30,-1.1,-7.3,2.8,2467,1.8,0.36,2.5
2005-01-31,3.8,1.5,6.5,2514,1.7,0.66,4.1
2005-02-01,2.0,-0.3,5.0,7149,0.0,0.58,3.4
2005-02-02,1.7,-0.4,4.0,2610,0.2,0.58,3.2
2005-02-03,2.7,0.0,4.6,4835,0.0,0.59,2.0
2005-02-04,1.7,0.0,3.0,2711,0.0,0.59,1.6
2005-02-05,-0.2,-4.8,2.5,7885,0.0,0.42,2.6
2005-02-06,-2.8,-5.7,1.8,7820,0.0,0.39,2.3
2005-02-07,-3.1,-6.6,1.1,7936,0.0,0.37,2.2
2005-02-08,-2.8,-6.6,1.3,7930,0.0,0.37,1.8
2005-02-09,-0.9,-4.9,2.2,6782,0.6,0.42,2.0
2005-02-10,3.9,1.7,5.5,3040,2.7,0.67,4.0
2005-02-11,2.9,-0.9,5.8,7188,0.3,0.56,2.7
2005-02-12,4.1,-0.6,10.6,3224,16.6,0.6,5.3
2005-02-13,1.7,-0.3,3.9,3219,2.7,0.58,5.5
2005-02-14,-0.3,-1.0,0.5,3280,0.5,0.55,4.0
2005-02-15,-0.2,-2.1,1.4,3343,0.0,0.5,3.5
2005-02-16,0.0,-0.6,0.9,3406,0.0,0.56,3.3
2005-02-17,-1.2,-3.2,-0.2,3890,0.0,0.47,1.8
2005-02-18,-2.2,-4.5,-0.2,5091,1.1,0.42,2.6
2005-02-19,-0.6,-2.7,0.9,3602,0.1,0.48,2.3
2005-02-20,0.6,-0.5,2.4,4466,0.9,0.57,1.6
2005-02-21,-0.2,-2.4,2.6,5715,0.0,0.5,2.5
2005-02-22,-2.4,-5.0,-0.2,6103,0.4,0.41,3.4
2005-02-23,-0.5,-1.7,0.1,3876,4.4,0.52,2.5
2005-02-24,-1.8,-5.7,-0.1,3947,0.8,0.39,1.7
2005-02-25,-0.1,-0.7,0.7,4018,1.9,0.56,1.5
2005-02-26,-1.4,-6.6,0.1,4090,0.7,0.37,2.0
2005-02-27,-6.0,-9.7,-3.3,9417,0.0,0.29,3.6
2005-02-28,-6.6,-12.3,-2.3,8756,0.3,0.24,2.6
2005-03-01,-3.9,-5.7,-2.1,7437,2.7,0.38,3.2
2005-03-02,-2.5,-4.3,0.8,4954,0.0,0.43,2.2
2005-03-03,-3.5,-5.9,-0.6,4462,0.3,0.38,2.1
2005-03-04,-4.0,-9.5,-0.4,9835,0.0,0.3,1.5
2005-03-05,-5.8,-12.2,-0.3,9214,0.0,0.25,2.2
2005-03-06,-3.9,-6.9,-0.5,7227,0.1,0.36,2.6
2005-03-07,-2.0,-7.3,1.6,4942,0.0,0.35,2.6
2005-03-08,0.9,-2.9,3.4,6315,0.0,0.48,3.0
2005-03-09,-0.9,-5.0,2.3,5103,0.0,0.42,2.5
2005-03-10,-1.7,-6.6,2.3,14415,0.0,0.37,2.0
2005-03-11,1.7,0.3,3.4,5088,5.5,0.6,5.0
2005-03-12,1.8,0.2,4.1,5348,1.6,0.6,4.9
2005-03-13,1.1,-1.7,5.5,8687,1.1,0.53,3.0
2005-03-14,2.8,0.9,6.6,10078,0.0,0.63,2.4
2005-03-15,5.6,1.6,9.4,5965,0.0,0.68,2.6
2005-03-16,12.6,7.8,17.3,6238,0.0,1.06,3.5
2005-03-17,12.8,10.6,15.0,5951,0.3,1.24,4.7
2005-03-18,10.5,6.0,12.8,5659,1.6,0.92,3.9
2005-03-19,1.6,-2.6,6.1,9271,0.0,0.51,2.5
2005-03-20,0.0,-4.5,5.7,16597,0.0,0.44,2.0
2005-03-21,1.5,-3.2,7.2,14733,0.0,0.49,2.3
2005-03-22,4.4,-1.9,11.7,15376,0.0,0.55,2.7
2005-03-23,7.2,2.0,13.9,8044,1.5,0.72,1.7
2005-03-24,9.3,6.2,14.1,9831,0.0,0.93,1.7
2005-03-25,10.9,5.0,17.5,13346,0.3,0.89,1.6
2005-03-26,8.8,7.4,10.6,6323,1.1,0.99,1.5
2005-03-27,8.9,7.2,11.5,6406,0.0,0.98,2.3
2005-03-28,7.7,2.3,12.9,18052,0.0,0.73,2.2
2005-03-29,7.1,1.4,13.1,16775,0.0,0.69,2.4
2005-03-30,6.8,1.4,12.0,19108,0.0,0.69,3.0
2005-03-31,5.1,-0.9,11.9,19485,0.0,0.59,2.5
2005-04-01,6.5,-2.4,13.7,19548,0.0,0.55,2.4
2005-04-02,9.1,1.6,16.4,19714,0.0,0.73,2.3
2005-04-03,10.7,0.1,20.4,19879,0.0,0.71,1.9
2005-04-04,11.9,2.6,20.4,19613,0.0,0.81,1.9
2005-04-05,9.3,5.1,13.3,8983,0.2,0.87,2.5
2005-04-06,9.5,0.5,15.4,16673,0.3,0.67,2.8
2005-04-07,11.2,6.6,15.1,11351,2.4,0.97,3.9
2005-04-08,7.2,2.1,12.2,12992,2.5,0.71,2.5
2005-04-09,4.6,0.1,9.3,11447,0.2,0.62,2.7
2005-04-10,5.1,-0.1,10.0,9107,0.9,0.61,2.2
2005-04-11,8.1,3.4,13.4,12766,0.0,0.79,2.4
2005-04-12,10.6,1.8,16.3,15003,0.0,0.74,1.7
2005-04-13,11.9,7.3,16.1,8804,0.0,1.01,1.3
2005-04-14,13.1,7.1,19.4,12740,0.0,1.03,1.6
2005-04-15,15.6,8.7,21.7,15801,0.0,1.15,2.1
2005-04-16,13.6,5.1,21.3,19004,0.1,0.94,3.1
2005-04-17,12.5,5.5,20.6,19820,0.0,0.95,3.1
2005-04-18,11.0,4.3,18.2,17985,0.0,0.86,2.4
2005-04-19,8.6,3.5,15.5,21465,0.0,0.8,3.0
2005-04-20,4.7,-2.4,11.4,23690,0.0,0.54,3.1
2005-04-21,3.0,-4.4,10.2,24060,0.0,0.47,1.7
2005-04-22,6.3,-0.1,11.9,22904,0.0,0.62,1.4
2005-04-23,7.6,1.5,14.1,23386,0.0,0.7,2.0
2005-04-24,8.7,0.6,15.4,24459,0.0,0.68,2.5
2005-04-25,9.9,4.3,15.2,14379,0.0,0.84,3.0
2005-04-26,10.9,2.6,18.1,24355,0.2,0.79,2.3
2005-04-27,9.8,6.2,15.4,10255,4.3,0.94,2.6
2005-04-28,10.9,5.7,16.5,22079,0.0,0.92,1.9
2005-04-29,12.7,3.7,18.0,17376,0.0,0.84,1.6
2005-04-30,15.4,8.2,20.5,18675,0.0,1.12,1.2
2005-05-01,18.3,9.3,24.3,23368,0.0,1.24,1.5
2005-05-02,22.0,14.0,30.9,22139,0.0,1.7,2.2
2005-05-03,16.1,13.2,22.8,15058,23.7,1.52,1.8
2005-05-04,14.2,10.8,16.6,11475,0.2,1.26,2.6
2005-05-05,10.9,6.3,14.6,18271,1.1,0.94,3.1
2005-05-06,8.9,5.3,13.9,13202,3.4,0.88,3.4
2005-05-07,7.8,4.3,11.0,16468,3.1,0.81,3.0
2005-05-08,7.6,4.8,12.3,18021,0.3,0.85,3.2
2005-05-09,6.9,3.5,11.4,18591,0.8,0.78,2.6
2005-05-10,6.7,3.9,11.2,15944,3.0,0.79,2.4
2005-05-11,7.0,4.2,10.8,13531,4.3,0.81,2.4
2005-05-12,7.5,3.4,13.3,17321,0.0,0.78,2.2
2005-05-13,10.7,1.1,17.6,26228,0.0,0.72,2.0
2005-05-14,12.1,7.2,17.1,10718,14.7,1.02,2.3
2005-05-15,9.5,7.2,11.1,11645,2.8,0.98,2.7
2005-05-16,11.4,6.9,17.0,20708,0.2,1.0,2.2
2005-05-17,7.9,5.9,10.6,10996,1.0,0.9,1.9
2005-05-18,8.7,4.0,13.4,19078,0.0,0.81,2.1
2005-05-19,10.1,1.4,16.4,26554,0.0,0.72,1.9
2005-05-20,13.7,4.3,19.5,21460,0.0,0.88,2.3
2005-05-21,16.3,9.6,22.9,16476,0.8,1.24,2.0
2005-05-22,16.8,13.2,20.8,15642,3.3,1.49,1.8
2005-05-23,15.5,12.5,20.1,13035,1.6,1.43,2.0
2005-05-24,14.7,10.9,19.1,16114,0.0,1.28,1.9
2005-05-25,17.7,11.5,23.4,22362,0.0,1.38,1.9
2005-05-26,20.1,11.1,27.2,27734,0.0,1.4,2.0
2005-05-27,23.3,14.6,30.4,28674,0.0,1.74,1.4
2005-05-28,25.0,14.7,32.3,29232,0.0,1.79,2.1
2005-05-29,20.2,15.0,25.1,25849,12.5,1.71,1.9
2005-05-30,13.2,10.1,16.6,11012,2.7,1.2,2.5
2005-05-31,11.3,7.1,16.0,16260,0.1,1.0,3.1
2005-06-01,9.8,5.6,12.4,11326,0.0,0.89,2.2
2005-06-02,11.8,4.8,15.6,12373,0.0,0.87,1.9
2005-06-03,19.6,13.2,25.6,23875,0.0,1.56,2.1
2005-06-04,17.2,11.3,20.3,17018,0.3,1.34,3.8
2005-06-05,13.2,10.2,17.5,13343,9.0,1.22,3.2
2005-06-06,10.9,7.7,13.2,11833,1.1,1.03,3.0
2005-06-07,10.2,6.3,13.6,11471,3.6,0.94,3.3
2005-06-08,10.9,5.1,16.6,18901,0.0,0.9,2.1
2005-06-09,12.8,4.6,19.5,22755,0.0,0.9,1.8
2005-06-10,12.4,7.9,17.4,12674,2.5,1.07,2.3
2005-06-11,9.6,6.0,13.7,13712,0.5,0.93,2.6
2005-06-12,10.9,7.0,16.2,18074,0.0,1.0,2.0
2005-06-13,12.6,6.5,18.7,23205,0.3,0.98,2.5
2005-06-14,17.6,6.4,25.5,22576,1.1,1.08,1.7
2005-06-15,19.9,13.6,25.9,25145,0.0,1.59,1.4
2005-06-16,19.7,11.8,25.9,26049,0.0,1.44,1.8
2005-06-17,19.1,14.6,22.8,11465,0.0,1.64,2.6
2005-06-18,16.2,10.0,22.0,29003,0.0,1.26,2.5
2005-06-19,17.8,8.8,24.9,27213,0.0,1.2,1.5
2005-06-20,19.6,9.7,26.2,30925,0.0,1.29,1.6
2005-06-21,22.0,13.1,30.6,26060,5.6,1.62,1.8
2005-06-22,17.8,12.6,22.1,24265,0.0,1.46,2.1
2005-06-23,19.7,10.7,27.0,31168,0.0,1.38,1.4
2005-06-24,22.6,14.1,30.2,22078,0.0,1.71,1.5
2005-06-25,21.3,13.7,32.7,21174,9.8,1.73,2.3
2005-06-26,17.9,11.8,23.5,29601,0.0,1.41,1.7
2005-06-27,17.5,11.4,23.2,30993,0.0,1.36,1.7
2005-06-28,16.9,10.2,23.0,29187,0.0,1.28,2.0
2005-06-29,18.4,9.4,24.8,28274,0.0,1.25,1.7
2005-06-30,18.7,11.9,24.0,24296,0.4,1.42,2.1
2005-07-01,15.3,14.0,16.7,10748,6.1,1.54,2.1
2005-07-02,18.2,14.1,23.5,17492,0.0,1.6,1.5
2005-07-03,21.2,12.0,27.2,25758,0.0,1.48,1.3
2005-07-04,23.1,13.7,29.2,28662,2.1,1.66,2.8
2005-07-05,13.9,11.8,20.9,10673,14.3,1.37,2.2
2005-07-06,13.3,11.6,14.6,10778,3.3,1.32,2.0
2005-07-07,15.0,12.6,19.9,12789,4.1,1.44,1.9
2005-07-08,15.0,12.5,17.4,10602,10.9,1.41,1.3
2005-07-09,17.4,13.7,22.7,13624,0.7,1.56,1.5
2005-07-10,20.3,12.7,26.7,29968,0.0,1.52,2.3
2005-07-11,21.2,13.4,27.9,29415,0.0,1.62,2.3
2005-07-12,22.9,14.6,29.6,29495,0.0,1.74,1.9
2005-07-13,22.5,14.8,29.3,28940,0.0,1.76,1.7
2005-07-14,21.6,14.5,27.7,24841,0.0,1.69,1.2
2005-07-15,22.0,15.5,31.5,21886,3.8,1.85,2.3
2005-07-16,18.1,12.6,23.1,20828,0.0,1.46,2.4
2005-07-17,16.8,11.4,22.6,19140,0.0,1.37,2.2
2005-07-18,20.4,15.0,25.9,17958,0.7,1.72,1.6
2005-07-19,19.2,14.8,25.1,18664,0.0,1.68,3.3
2005-07-20,15.9,11.5,21.1,14592,2.5,1.35,3.9
2005-07-21,13.5,11.8,14.8,10279,30.8,1.33,4.4
2005-07-22,16.4,14.1,20.7,14620,6.1,1.58,3.0
2005-07-23,14.2,12.7,15.7,10065,0.1,1.41,2.5
2005-07-24,17.6,13.1,23.8,16389,0.2,1.51,2.0
2005-07-25,18.8,15.3,26.1,15084,12.0,1.74,2.2
2005-07-26,17.4,14.7,21.2,11044,2.4,1.63,2.1
2005-07-27,17.6,13.1,22.2,16833,2.2,1.51,1.4
2005-07-28,23.2,16.7,30.2,20615,0.1,1.95,1.6
2005-07-29,24.4,20.1,29.0,17943,13.6,2.32,1.7
2005-07-30,21.8,15.0,27.2,22940,0.1,1.73,2.6
2005-07-31,19.7,14.4,25.8,21503,0.0,1.66,2.9
2005-08-01,16.1,11.3,20.1,17116,0.0,1.33,2.5
2005-08-02,16.2,9.6,20.9,22568,0.0,1.21,1.8
2005-08-03,15.5,13.3,17.4,9496,7.6,1.48,1.8
2005-08-04,15.7,11.8,21.5,17504,0.0,1.38,2.6
2005-08-05,15.9,10.6,21.8,14743,11.4,1.3,2.2
2005-08-06,13.6,10.7,17.7,15155,1.1,1.26,2.8
2005-08-07,12.4,9.2,17.7,13381,1.1,1.15,2.3
2005-08-08,13.3,7.2,19.4,22742,0.2,1.05,2.1
2005-08-09,13.0,11.2,14.4,9132,0.9,1.28,2.7
2005-08-10,13.4,11.9,15.4,9188,3.7,1.35,3.2
2005-08-11,15.2,12.6,20.0,11401,0.0,1.44,3.0
2005-08-12,16.3,11.1,21.2,17782,6.0,1.32,2.2
2005-08-13,14.1,11.4,17.4,9824,0.1,1.32,2.2
2005-08-14,14.9,11.7,18.0,9040,1.0,1.34,2.1
2005-08-15,17.6,13.2,23.3,15717,0.0,1.51,2.0
2005-08-16,15.2,11.1,20.6,22345,0.0,1.31,1.8
2005-08-17,15.8,9.4,21.9,18348,0.0,1.22,1.6
2005-08-18,18.4,9.1,25.5,24445,0.0,1.24,2.1
2005-08-19,20.9,13.9,27.3,22213,0.0,1.64,2.0
2005-08-20,21.5,17.1,27.4,16744,2.1,1.96,1.5
2005-08-21,21.7,15.1,28.3,21727,0.0,1.75,2.0
2005-08-22,19.6,11.7,27.1,21137,0.0,1.44,2.2
2005-08-23,16.5,12.9,19.6,8275,1.1,1.45,2.0
2005-08-24,17.7,14.4,22.5,16650,0.0,1.62,1.8
2005-08-25,16.5,12.0,21.0,8124,2.6,1.4,2.8
2005-08-26,14.2,10.4,19.6,15289,0.3,1.26,2.9
2005-08-27,15.3,10.3,21.6,17205,0.0,1.26,1.7
2005-08-28,16.2,9.7,22.8,18875,0.0,1.23,1.5
2005-08-29,19.7,11.7,27.6,21975,0.0,1.47,1.8
2005-08-30,18.2,11.6,24.6,21380,0.0,1.4,1.4
2005-08-31,18.7,10.9,25.1,21340,0.0,1.35,2.1
2005-09-01,20.9,13.9,28.2,21297,0.0,1.65,2.2
2005-09-02,18.3,11.5,23.3,13609,0.0,1.37,1.6
2005-09-03,17.5,10.5,22.2,13820,0.0,1.28,1.9
2005-09-04,16.0,7.3,24.6,20501,0.0,1.11,1.7
2005-09-05,18.3,9.0,25.8,20450,0.0,1.23,1.9
2005-09-06,19.2,12.3,26.6,20289,0.0,1.5,1.6
2005-09-07,20.2,13.0,28.4,19385,0.0,1.58,1.5
2005-09-08,20.9,12.5,29.3,19120,0.0,1.55,1.6
2005-09-09,21.3,13.9,29.1,19065,0.0,1.66,1.7
2005-09-10,19.9,14.7,27.7,15473,2.4,1.72,1.9
2005-09-11,17.4,16.1,18.6,6659,9.2,1.77,1.9
2005-09-12,16.7,11.0,19.4,6884,0.3,1.3,2.2
2005-09-13,14.3,10.9,19.8,15558,0.0,1.3,1.4
2005-09-14,15.2,8.8,21.2,12682,0.0,1.17,2.8
2005-09-15,15.9,11.9,20.7,12253,14.5,1.38,2.8
2005-09-16,11.1,7.0,12.7,6347,3.6,0.98,2.8
2005-09-17,9.6,5.0,15.7,15561,0.0,0.88,1.8
2005-09-18,9.8,2.9,17.0,16487,0.0,0.79,2.0
2005-09-19,11.5,5.2,17.3,8436,0.0,0.9,1.7
2005-09-20,11.9,5.7,18.7,11909,0.0,0.95,1.1
2005-09-21,13.8,10.0,18.4,8041,0.0,1.22,1.4
2005-09-22,13.6,6.3,20.7,16306,0.0,1.0,1.5
2005-09-23,14.7,8.2,21.8,15948,0.0,1.13,1.6
2005-09-24,15.4,9.8,23.3,14004,0.0,1.26,1.2
2005-09-25,15.8,8.1,23.0,14869,0.0,1.13,1.4
2005-09-26,14.4,11.9,18.2,8461,2.3,1.36,1.6
2005-09-27,14.6,9.3,20.3,11904,0.8,1.19,2.1
2005-09-28,13.2,8.7,17.1,6351,0.8,1.11,2.3
2005-09-29,10.5,8.1,14.4,5278,3.9,1.06,2.8
2005-09-30,10.6,7.6,14.9,8740,0.0,1.03,2.3
2005-10-01,10.7,7.0,14.8,5819,7.1,0.99,2.4
2005-10-02,11.4,9.4,13.5,4950,0.0,1.15,1.5
2005-10-03,11.1,6.2,15.0,5044,0.0,0.94,1.7
2005-10-04,13.5,10.7,17.4,7180,0.0,1.26,2.6
2005-10-05,14.1,9.4,19.8,13238,0.0,1.19,2.3
2005-10-06,14.5,9.2,20.4,13159,0.0,1.17,1.9
2005-10-07,14.3,9.6,19.8,12170,0.0,1.19,2.1
2005-10-08,14.4,10.7,19.6,12179,0.0,1.28,1.7
2005-10-09,13.4,8.4,20.0,10566,0.0,1.12,1.5
2005-10-10,12.9,8.1,18.7,10107,0.0,1.08,1.7
2005-10-11,13.7,8.3,19.1,12191,0.0,1.11,2.2
2005-10-12,12.9,8.7,18.4,11954,0.0,1.12,2.1
2005-10-13,10.8,4.8,17.6,10866,0.0,0.89,1.4
2005-10-14,9.3,1.7,17.6,11411,0.0,0.74,1.0
2005-10-15,8.0,2.2,15.4,8982,0.0,0.74,1.6
2005-10-16,6.2,-1.0,12.9,9006,0.0,0.6,2.0
2005-10-17,8.7,4.2,13.1,4800,0.0,0.82,2.5
2005-10-18,7.0,0.0,11.7,7433,0.0,0.63,2.5
2005-10-19,6.6,0.0,12.9,10295,0.0,0.63,2.4
2005-10-20,9.7,2.9,15.6,7286,0.0,0.78,2.2
2005-10-21,11.9,8.6,14.5,3920,2.3,1.09,2.3
2005-10-22,13.6,11.3,17.3,4690,6.2,1.31,3.3
2005-10-23,11.5,7.7,15.0,4750,1.7,1.03,2.5
2005-10-24,9.5,7.1,11.5,3441,7.0,0.98,2.2
2005-10-25,13.9,11.6,15.7,3378,1.0,1.32,4.1
2005-10-26,13.4,10.5,15.5,5050,0.0,1.23,3.4
2005-10-27,12.6,7.3,17.9,8593,0.0,1.03,1.7
2005-10-28,12.5,8.5,17.1,8989,0.0,1.1,2.3
2005-10-29,9.8,5.9,15.0,8731,0.0,0.92,2.1
2005-10-30,10.0,5.1,16.4,8414,0.0,0.89,2.0
2005-10-31,8.2,5.2,12.6,8291,0.0,0.87,2.4
2005-11-01,8.4,4.8,11.1,3086,0.5,0.84,2.1
2005-11-02,9.9,5.4,13.9,6582,0.2,0.89,2.2
2005-11-03,12.9,9.3,17.3,4486,0.7,1.16,2.7
2005-11-04,12.1,10.2,13.9,3397,4.0,1.2,2.1
2005-11-05,9.3,4.9,11.9,3397,2.3,0.85,2.6
2005-11-06,6.2,2.2,11.3,7536,0.0,0.72,2.3
2005-11-07,6.9,1.6,10.5,5642,0.1,0.68,2.2
2005-11-08,9.1,5.8,12.4,6865,0.0,0.9,2.2
2005-11-09,7.3,4.4,11.7,5586,0.0,0.82,1.9
2005-11-10,8.2,4.8,11.8,4726,0.2,0.84,2.2
2005-11-11,10.2,8.3,12.2,2514,0.2,1.06,2.8
2005-11-12,7.9,3.0,11.2,5722,0.0,0.75,2.4
2005-11-13,5.3,0.2,9.1,4140,0.0,0.62,1.5
2005-11-14,5.6,3.4,7.0,2277,0.0,0.75,2.2
2005-11-15,5.5,4.0,6.7,2394,8.8,0.78,3.3
2005-11-16,3.7,0.2,5.4,2301,2.3,0.6,2.6
2005-11-17,1.3,-0.8,3.2,2160,0.4,0.56,2.4
2005-11-18,0.5,-0.4,1.4,2174,0.4,0.57,1.7
2005-11-19,0.2,-1.3,2.0,2588,0.4,0.54,1.7
2005-11-20,3.0,0.0,6.1,2053,0.2,0.6,2.4
2005-11-21,1.9,-0.4,5.0,4418,0.0,0.58,2.0
2005-11-22,1.7,-0.4,3.7,2085,0.0,0.58,1.8
2005-11-23,3.7,2.1,4.7,1957,0.2,0.68,1.9
2005-11-24,2.6,-0.1,4.2,1927,0.2,0.59,2.7
2005-11-25,-0.7,-2.2,0.7,1992,1.7,0.5,4.2
2005-11-26,-1.3,-5.2,2.3,5313,0.0,0.41,3.1
2005-11-27,-2.1,-6.9,2.2,4517,0.0,0.37,1.9
2005-11-28,-1.6,-6.0,0.1,1819,2.2,0.38,2.1
2005-11-29,-0.7,-6.3,1.6,2293,0.1,0.38,1.8
2005-11-30,2.1,-1.2,4.2,2041,0.0,0.55,2.2
2005-12-01,-0.1,-2.5,3.5,4909,0.0,0.5,2.2
2005-12-02,-1.1,-2.7,0.9,3274,0.0,0.48,3.0
2005-12-03,-0.8,-2.0,0.0,1709,0.1,0.51,2.8
2005-12-04,2.1,-0.9,4.6,1691,2.9,0.55,2.8
2005-12-05,4.6,2.7,6.7,1803,0.2,0.72,2.4
2005-12-06,1.7,-1.6,6.0,4061,0.0,0.54,1.5
2005-12-07,0.5,-1.3,2.6,1642,0.0,0.54,2.0
2005-12-08,1.8,0.0,2.8,1628,0.0,0.59,1.8
2005-12-09,1.6,-1.8,4.4,3640,0.0,0.52,1.6
2005-12-10,-1.1,-3.3,0.5,2149,0.1,0.46,1.8
2005-12-11,1.7,-1.2,3.9,1592,0.1,0.54,2.5
2005-12-12,3.9,-0.7,7.6,1749,0.0,0.58,2.2
2005-12-13,2.5,-0.9,4.7,1574,0.2,0.56,2.2
2005-12-14,5.0,3.7,5.9,1566,0.1,0.77,2.2
2005-12-15,5.9,4.5,8.0,2055,7.8,0.81,4.7
2005-12-16,2.6,-1.2,7.3,1719,5.4,0.55,5.7
2005-12-17,-0.3,-2.4,0.5,1550,1.7,0.49,3.6
2005-12-18,-0.3,-3.6,1.4,1588,0.8,0.45,3.3
2005-12-19,0.7,-0.2,2.8,1545,2.4,0.58,3.2
2005-12-20,4.0,1.0,6.5,1544,4.0,0.64,3.3
2005-12-21,1.5,-1.7,3.7,2159,2.0,0.53,2.1
2005-12-22,5.0,3.4,6.6,1710,0.2,0.75,2.9
2005-12-23,4.8,2.4,7.0,1548,4.9,0.7,2.5
2005-12-24,6.8,4.2,8.1,1592,0.4,0.8,3.2
2005-12-25,1.0,-1.0,4.5,4151,0.2,0.55,1.9
2005-12-26,-0.9,-1.9,0.2,1562,3.2,0.51,2.1
2005-12-27,-1.7,-3.9,-0.5,1734,0.1,0.44,2.9
2005-12-28,-4.0,-4.9,-2.8,1576,1.3,0.41,2.8
2005-12-29,-2.9,-4.9,-0.8,1585,3.1,0.41,3.1
2005-12-30,-5.3,-11.4,-1.4,3019,0.0,0.26,2.8
2005-12-31,-3.1,-10.7,3.0,1690,2.2,0.29,3.1
2006-01-01,1.9,0.3,3.1,1703,0.0,0.6,2.0
2006-01-02,1.0,-0.4,2.3,1632,0.0,0.57,1.3
2006-01-03,0.5,-0.8,1.8,1646,0.0,0.55,1.3
2006-01-04,-0.3,-1.2,0.7,1662,0.0,0.53,2.1
2006-01-05,0.3,-0.6,1.0,1678,0.0,0.56,3.4
2006-01-06,-1.2,-2.3,-0.2,1696,0.0,0.5,3.0
2006-01-07,-1.7,-4.6,-0.7,1715,0.0,0.42,2.6
2006-01-08,-5.2,-8.0,-3.5,2710,0.0,0.32,2.4
2006-01-09,-6.2,-8.4,-2.5,4750,0.0,0.32,1.6
2006-01-10,-5.3,-8.2,-2.1,4887,0.0,0.32,2.0
2006-01-11,-1.1,-5.0,2.9,4802,0.6,0.42,2.7
2006-01-12,2.1,0.9,3.9,1919,0.0,0.63,1.6
2006-01-13,0.1,-1.9,1.2,1853,0.0,0.51,2.3
2006-01-14,-2.0,-4.4,0.5,5058,0.0,0.43,1.8
2006-01-15,-4.9,-7.3,-2.0,5212,0.0,0.34,2.0
2006-01-16,-5.7,-8.7,-1.7,5370,0.0,0.31,2.0
2006-01-17,-3.4,-7.0,-0.1,4231,3.3,0.35,3.0
2006-01-18,-2.0,-3.2,-0.2,1999,0.3,0.47,3.0
2006-01-19,-2.7,-3.9,-1.1,2327,1.8,0.44,1.8
2006-01-20,-0.7,-4.0,4.2,2065,7.5,0.45,2.9
2006-01-21,0.8,-8.0,3.1,2100,0.7,0.34,3.5
2006-01-22,-10.7,-14.2,-7.9,6105,0.0,0.2,2.4
2006-01-23,-14.2,-16.2,-11.0,6085,0.0,0.17,2.5
2006-01-24,-11.8,-16.3,-7.1,5649,0.0,0.17,2.1
2006-01-25,-5.0,-7.5,-1.4,3200,0.0,0.34,2.3
2006-01-26,-7.5,-11.0,-4.2,5651,0.0,0.26,2.6
2006-01-27,-9.7,-13.5,-3.8,6111,0.0,0.22,1.8
2006-01-28,-9.5,-13.7,-2.6,6418,0.0,0.22,1.7
2006-01-29,-6.7,-11.9,-0.1,6070,0.0,0.26,1.5
2006-01-30,-2.2,-5.7,0.7,2523,0.0,0.39,1.8
2006-01-31,-0.1,-1.6,1.2,2514,0.0,0.52,2.0
2006-02-01,-1.9,-2.9,-0.6,2562,0.0,0.47,1.5
2006-02-02,-1.0,-2.0,-0.2,2610,0.0,0.51,1.5
2006-02-03,-0.1,-1.3,0.8,2660,0.5,0.54,1.4
2006-02-04,-2.0,-10.3,0.1,4556,1.3,0.29,1.7
2006-02-05,-7.8,-12.5,-3.4,5354,0.0,0.23,1.1
2006-02-06,-6.3,-12.0,0.7,4220,6.4,0.26,2.0
2006-02-07,3.4,0.3,5.3,2871,2.8,0.61,4.1
2006-02-08,3.3,2.0,4.4,2926,4.5,0.68,4.5
2006-02-09,1.5,-0.2,3.3,3363,3.3,0.58,4.9
2006-02-10,0.4,0.0,0.7,3040,0.1,0.58,3.5
2006-02-11,0.0,-0.5,1.0,3163,0.1,0.57,1.2
2006-02-12,-0.5,-3.1,2.0,4604,0.0,0.47,1.4
2006-02-13,-0.1,-3.7,2.5,3219,0.0,0.45,1.5
2006-02-14,-1.7,-4.8,1.7,8736,0.0,0.42,1.8
2006-02-15,1.2,-2.3,3.5,3820,2.5,0.5,3.3
2006-02-16,2.6,0.4,5.0,5131,2.8,0.61,2.4
2006-02-17,3.1,1.1,6.9,4448,5.1,0.65,2.9
2006-02-18,4.3,2.0,8.3,5515,0.9,0.69,2.6
2006-02-19,2.8,-2.7,5.3,4031,0.0,0.49,2.0
2006-02-20,1.4,-2.3,3.3,3669,0.6,0.5,2.2
2006-02-21,1.5,0.2,3.1,3737,0.0,0.59,2.8
2006-02-22,0.2,-1.0,1.1,3806,0.0,0.55,2.8
2006-02-23,-1.1,-3.1,1.7,8449,0.0,0.47,1.7
2006-02-24,-0.6,-4.2,3.4,10695,0.0,0.44,3.8
2006-02-25,-1.9,-2.6,-1.3,4018,0.0,0.48,3.3
2006-02-26,-1.3,-5.9,2.1,5254,0.4,0.39,2.2
2006-02-27,-3.0,-7.3,1.2,7535,0.0,0.35,1.6
2006-02-28,-0.9,-5.1,2.7,4475,0.3,0.41,3.0
2006-03-01,0.2,-1.7,2.1,5273,0.8,0.52,3.4
2006-03-02,-0.4,-3.2,2.8,6250,0.0,0.47,3.4
2006-03-03,-0.7,-3.1,2.1,6673,0.0,0.47,2.5
2006-03-04,-0.8,-3.8,3.1,8759,0.0,0.45,2.1
2006-03-05,-0.1,-5.1,4.3,7291,0.7,0.42,2.5
2006-03-06,-2.9,-9.8,2.4,6636,2.2,0.3,2.7
2006-03-07,-1.1,-2.9,0.9,7246,0.0,0.48,2.1
2006-03-08,-1.4,-6.0,3.0,11229,0.0,0.39,2.7
2006-03-09,-0.7,-1.8,1.0,5103,1.5,0.51,3.1
2006-03-10,-0.3,-1.1,0.7,5008,8.7,0.54,3.2
2006-03-11,-3.0,-5.6,-1.0,5088,0.3,0.39,3.4
2006-03-12,-4.1,-8.5,-1.2,6513,0.0,0.32,2.7
2006-03-13,-6.2,-11.6,-0.5,11853,0.1,0.26,2.0
2006-03-14,-6.1,-11.8,-0.3,10260,0.0,0.25,1.9
2006-03-15,-2.2,-8.3,1.0,5781,0.0,0.33,2.5
2006-03-16,0.7,-0.8,3.2,6702,0.0,0.56,2.8
2006-03-17,0.5,-0.6,2.6,6045,0.0,0.56,2.6
2006-03-18,-0.7,-1.9,0.0,5659,0.0,0.51,2.3
2006-03-19,-0.3,-2.4,1.9,5741,0.0,0.5,2.1
2006-03-20,2.2,0.4,4.5,6401,0.0,0.61,1.9
2006-03-21,0.2,-2.9,4.3,11726,0.0,0.48,1.6
2006-03-22,-0.2,-3.9,4.0,14105,0.0,0.45,1.9
2006-03-23,0.3,-3.9,5.3,17505,0.0,0.46,1.9
2006-03-24,2.9,-1.7,8.2,16486,1.2,0.54,2.9
2006-03-25,2.4,1.2,3.8,6239,2.3,0.64,2.9
2006-03-26,8.3,2.3,15.6,7936,9.1,0.75,2.9
2006-03-27,11.6,7.6,17.3,8641,8.5,1.04,3.0
2006-03-28,10.6,5.4,14.9,12629,0.0,0.89,3.4
2006-03-29,7.7,3.3,11.9,9252,0.5,0.77,3.5
2006-03-30,7.6,1.4,11.6,8212,6.0,0.68,3.5
2006-03-31,11.3,7.4,14.3,8514,1.6,1.01,4.5
2006-04-01,10.8,7.2,15.3,10713,0.5,1.01,2.9
2006-04-02,9.7,3.9,15.5,14103,2.1,0.82,3.0
2006-04-03,7.0,2.4,12.9,9436,4.5,0.73,3.5
2006-04-04,3.9,1.7,7.9,10284,3.7,0.68,2.7
2006-04-05,3.3,-0.1,7.2,14162,0.0,0.6,2.8
2006-04-06,4.1,-0.7,8.6,12223,0.0,0.58,2.4
2006-04-07,6.8,3.7,10.7,10150,0.0,0.78,2.3
2006-04-08,8.6,3.0,14.6,16286,0.3,0.77,3.2
2006-04-09,6.8,3.5,10.9,16637,0.3,0.77,3.2
2006-04-10,4.8,1.0,8.6,10328,0.0,0.65,2.6
2006-04-11,4.2,0.8,7.9,8525,0.0,0.63,2.3
2006-04-12,5.1,2.9,6.9,7711,0.6,0.73,2.6
2006-04-13,7.3,3.1,10.4,9481,2.3,0.75,3.7
2006-04-14,7.2,4.1,11.2,10247,3.5,0.81,3.9
2006-04-15,8.6,3.5,12.7,16143,1.3,0.79,2.1
2006-04-16,10.8,7.8,14.3,8021,2.9,1.03,3.3
2006-04-17,9.6,6.4,12.7,13154,0.6,0.94,2.5
2006-04-18,9.3,6.0,13.8,15792,1.7,0.92,2.3
2006-04-19,10.2,4.5,15.1,15900,0.0,0.86,1.7
2006-04-20,12.2,7.3,17.3,17985,0.0,1.02,1.5
2006-04-21,13.5,6.8,20.3,13072,0.0,1.03,1.5
2006-04-22,10.6,7.6,14.2,9290,6.8,1.03,2.0
2006-04-23,9.8,6.0,14.4,10072,0.3,0.93,1.5
2006-04-24,10.1,4.4,14.6,13815,0.0,0.84,1.3
2006-04-25,13.2,2.7,20.5,24112,0.0,0.82,1.5
2006-04-26,16.1,11.3,22.4,15541,4.2,1.36,1.6
2006-04-27,12.3,7.4,14.3,8821,0.0,1.01,2.1
2006-04-28,9.8,6.1,14.4,18122,0.0,0.93,2.4
2006-04-29,6.4,3.7,8.3,8956,3.5,0.78,2.2
2006-04-30,6.8,3.0,11.9,13728,0.1,0.75,2.0
2006-05-01,10.2,5.1,15.0,22279,0.0,0.88,2.2
2006-05-02,12.6,8.3,18.2,16313,0.0,1.1,1.8
2006-05-03,16.3,6.9,23.2,24429,0.0,1.07,2.1
2006-05-04,17.5,11.4,23.4,24044,0.0,1.37,3.0
2006-05-05,17.2,10.3,23.0,23410,0.0,1.28,2.9
2006-05-06,15.9,8.6,23.2,21666,0.0,1.17,2.7
2006-05-07,16.9,8.9,23.9,22984,0.0,1.19,2.9
2006-05-08,16.3,9.0,23.9,20979,0.0,1.21,2.8
2006-05-09,16.1,7.4,23.4,25755,0.0,1.09,2.8
2006-05-10,15.0,6.4,22.5,25969,0.0,1.03,1.9
2006-05-11,15.6,4.3,24.6,25190,0.0,0.94,1.4
2006-05-12,17.2,8.2,25.1,24529,0.0,1.18,1.5
2006-05-13,14.7,7.8,20.5,16392,0.2,1.09,2.0
2006-05-14,11.7,5.3,15.5,15957,0.0,0.9,2.3
2006-05-15,11.5,3.1,16.7,20766,0.0,0.8,1.7
2006-05-16,17.0,11.8,23.1,17954,0.0,1.41,2.7
2006-05-17,12.9,9.4,16.8,11873,0.0,1.16,1.8
2006-05-18,13.6,8.6,18.2,12299,3.7,1.12,2.8
2006-05-19,13.5,8.6,16.7,12474,4.0,1.1,4.1
2006-05-20,13.2,9.8,18.4,16802,2.5,1.2,4.0
2006-05-21,12.9,9.6,16.9,13198,0.6,1.17,3.5
2006-05-22,15.5,10.5,22.7,18545,3.6,1.29,3.2
2006-05-23,13.1,7.4,17.1,19353,0.0,1.03,4.0
2006-05-24,11.4,5.2,17.0,22185,2.7,0.9,3.2
2006-05-25,10.1,6.4,13.7,12233,4.5,0.95,3.1
2006-05-26,11.0,6.5,14.8,19242,0.7,0.95,2.8
2006-05-27,12.5,9.7,17.9,12562,7.0,1.19,2.8
2006-05-28,12.0,7.8,14.8,18566,2.7,1.04,4.4
2006-05-29,10.6,8.0,15.0,15682,0.1,1.06,2.6
2006-05-30,9.1,5.4,12.9,14446,0.7,0.88,3.1
2006-05-31,10.9,8.3,16.6,15115,1.9,1.09,3.1
2006-06-01,9.3,4.6,12.5,17948,0.4,0.84,2.9
2006-06-02,11.8,2.9,18.0,28175,0.0,0.8,1.7
2006-06-03,10.8,6.3,12.6,13548,2.7,0.93,2.2
2006-06-04,11.0,7.7,15.0,13319,0.0,1.03,3.2
2006-06-05,10.5,5.1,14.0,13598,0.0,0.88,2.1
2006-06-06,12.1,8.5,17.5,17579,2.0,1.1,1.7
2006-06-07,14.0,6.0,20.3,27565,0.0,0.98,1.3
2006-06-08,15.9,7.4,21.8,26951,0.0,1.07,1.4
2006-06-09,17.1,9.7,23.3,27996,0.0,1.24,1.4
2006-06-10,17.9,9.1,24.1,29679,0.0,1.23,1.7
2006-06-11,19.5,10.0,26.5,30721,0.0,1.31,2.2
2006-06-12,22.3,11.1,29.4,30610,0.0,1.44,1.9
2006-06-13,23.7,15.0,30.6,30625,0.0,1.8,1.4
2006-06-14,24.0,14.6,31.5,29230,0.0,1.76,1.7
2006-06-15,21.2,15.1,26.4,18363,4.6,1.73,1.6
2006-06-16,20.0,16.3,25.9,17859,20.2,1.84,1.9
2006-06-17,15.2,12.5,17.4,11849,0.0,1.41,1.8
2006-06-18,18.6,12.6,24.3,23244,0.0,1.48,1.5
2006-06-19,21.1,13.9,29.6,22862,6.6,1.66,2.0
2006-06-20,21.6,16.2,27.3,23118,3.0,1.86,1.7
2006-06-21,21.6,16.9,26.6,21070,0.2,1.92,2.5
2006-06-22,18.8,12.4,24.0,20938,0.0,1.46,2.8
2006-06-23,15.8,10.5,20.5,19143,0.0,1.27,1.6
2006-06-24,18.8,8.8,25.6,29368,0.0,1.21,1.4
2006-06-25,24.1,12.8,32.1,27696,5.0,1.63,1.8
2006-06-26,22.9,17.6,26.7,22570,1.2,1.99,2.5
2006-06-27,19.5,16.2,24.8,24730,0.3,1.81,2.0
2006-06-28,16.4,12.9,19.6,17560,0.0,1.45,1.7
2006-06-29,17.0,12.0,21.2,24698,0.0,1.39,1.7
2006-06-30,15.5,11.6,19.2,10890,0.0,1.35,1.7
2006-07-01,20.2,11.3,27.7,25424,0.0,1.44,2.0
2006-07-02,22.4,11.9,28.7,30631,0.0,1.49,2.6
2006-07-03,22.4,12.1,29.3,30858,0.0,1.51,2.4
2006-07-04,23.2,12.4,30.3,30701,0.0,1.55,1.9
2006-07-05,24.9,15.9,32.4,29523,0.0,1.9,2.0
2006-07-06,25.4,17.4,32.5,27707,0.3,2.06,1.7
2006-07-07,22.7,17.8,31.4,21312,10.0,2.09,1.7
2006-07-08,19.2,16.6,24.0,14543,10.5,1.85,1.5
2006-07-09,22.4,15.3,29.4,23913,0.0,1.81,1.8
2006-07-10,22.5,17.1,28.1,25906,0.0,1.96,1.9
2006-07-11,24.1,14.6,31.7,25991,0.0,1.77,1.7
2006-07-12,22.3,18.2,27.1,25314,0.0,2.07,1.6
2006-07-13,23.6,16.3,30.7,21597,0.1,1.91,1.6
2006-07-14,19.0,12.1,23.4,25094,0.0,1.44,2.8
2006-07-15,18.6,10.8,25.4,26561,0.0,1.36,2.3
2006-07-16,19.2,9.8,26.2,28906,0.0,1.29,2.2
2006-07-17,20.6,10.8,28.8,29353,0.0,1.42,1.5
2006-07-18,23.7,12.2,31.6,29166,0.0,1.58,1.6
2006-07-19,24.6,14.1,33.2,28977,0.0,1.77,1.3
2006-07-20,27.6,15.0,36.5,25144,0.0,1.91,1.7
2006-07-21,26.3,19.6,32.1,25207,0.1,2.33,2.0
2006-07-22,24.1,16.2,31.6,26646,0.0,1.95,1.6
2006-07-23,24.5,17.9,32.0,14193,0.0,2.11,1.7
2006-07-24,23.3,16.5,29.6,25756,0.0,1.93,1.7
2006-07-25,23.7,16.1,30.3,26806,0.0,1.91,1.6
2006-07-26,24.6,14.5,32.4,27850,0.0,1.79,1.4
2006-07-27,26.8,16.3,34.6,24786,0.0,2.02,1.6
2006-07-28,25.6,20.9,31.7,14537,5.2,2.47,1.5
2006-07-29,22.1,18.8,26.7,16953,0.0,2.13,1.6
2006-07-30,23.6,16.5,29.8,23311,0.0,1.94,1.5
2006-07-31,22.1,16.9,26.8,16077,0.0,1.93,2.0
2006-08-01,20.7,12.7,26.7,21546,0.0,1.52,2.5
2006-08-02,17.8,13.6,23.6,18885,0.6,1.56,3.2
2006-08-03,17.5,12.8,24.0,16969,0.0,1.49,1.6
2006-08-04,17.4,11.7,23.7,15426,0.3,1.4,1.6
2006-08-05,17.2,13.6,22.1,10110,12.9,1.54,2.3
2006-08-06,19.2,16.3,22.9,10413,0.8,1.81,3.0
2006-08-07,20.4,14.8,26.3,22234,0.0,1.71,3.0
2006-08-08,19.4,16.2,23.8,17783,0.0,1.82,2.8
2006-08-09,18.2,15.1,23.2,12750,0.0,1.69,1.9
2006-08-10,15.9,13.8,19.2,11954,5.1,1.54,1.8
2006-08-11,15.6,11.1,20.0,16437,0.0,1.32,1.6
2006-08-12,15.7,11.0,21.2,14913,0.0,1.32,1.3
2006-08-13,14.0,12.0,15.6,8870,5.0,1.35,1.5
2006-08-14,16.6,10.2,22.6,21034,1.8,1.28,2.9
2006-08-15,16.4,13.2,20.2,10983,2.2,1.5,3.4
2006-08-16,17.7,11.6,24.8,19632,0.2,1.42,1.5
2006-08-17,19.5,12.8,25.4,16233,0.0,1.51,1.4
2006-08-18,19.8,14.5,25.1,11568,0.0,1.67,2.2
2006-08-19,21.0,13.8,28.0,19648,8.5,1.63,1.7
2006-08-20,17.9,14.4,24.5,15931,6.1,1.65,2.6
2006-08-21,16.8,13.5,21.0,12125,2.2,1.51,2.9
2006-08-22,15.3,12.1,18.1,12382,2.3,1.38,2.7
2006-08-23,16.5,13.9,19.0,9193,0.2,1.55,1.9
2006-08-24,17.4,10.6,23.2,19163,1.2,1.32,1.7
2006-08-25,15.6,12.5,20.4,11534,3.7,1.42,1.7
2006-08-26,14.9,11.4,17.9,8952,0.5,1.33,1.5
2006-08-27,15.8,12.8,20.6,11911,1.6,1.46,2.6
2006-08-28,14.9,11.8,20.6,15737,5.3,1.37,2.8
2006-08-29,12.5,11.1,14.4,8260,1.2,1.27,3.1
2006-08-30,13.6,10.8,16.9,8512,2.2,1.27,3.4
2006-08-31,16.0,13.5,19.4,13505,0.7,1.5,2.9
2006-09-01,17.8,14.8,22.0,8345,5.9,1.64,2.3
2006-09-02,20.5,15.7,25.7,14592,0.8,1.78,2.1
2006-09-03,18.9,16.8,20.6,7308,3.1,1.84,4.2
2006-09-04,18.1,14.7,20.3,12192,0.0,1.62,4.6
2006-09-05,16.3,12.7,21.2,16266,0.1,1.46,2.7
2006-09-06,19.1,15.5,23.8,9732,0.0,1.74,1.8
2006-09-07,18.1,12.3,26.1,14510,0.1,1.49,2.6
2006-09-08,14.8,9.9,19.7,16382,0.0,1.21,3.2
2006-09-09,13.8,8.4,18.1,9020,0.0,1.1,1.9
2006-09-10,16.0,7.8,22.4,19527,0.0,1.11,1.7
2006-09-11,18.1,10.9,25.4,19256,0.0,1.36,1.7
2006-09-12,18.8,11.4,25.7,18371,0.0,1.4,1.7
2006-09-13,18.8,12.4,25.4,18410,0.0,1.48,1.7
2006-09-14,19.0,11.7,25.9,18142,0.0,1.44,2.0
2006-09-15,20.1,13.2,26.2,17273,0.0,1.55,3.0
2006-09-16,21.1,16.8,26.1,13223,0.0,1.91,2.6
2006-09-17,20.2,16.3,25.4,11308,0.0,1.84,1.8
2006-09-18,19.4,11.9,27.0,15113,0.0,1.46,1.7
2006-09-19,17.6,15.0,21.5,7462,0.0,1.67,2.4
2006-09-20,15.5,10.5,20.5,15677,0.0,1.27,1.8
2006-09-21,16.5,8.1,24.3,16571,0.0,1.15,2.1
2006-09-22,19.1,12.2,26.4,16496,0.0,1.48,2.3
2006-09-23,18.3,12.5,24.5,16136,0.0,1.47,2.2
2006-09-24,20.0,13.4,27.6,15873,0.0,1.6,1.9
2006-09-25,19.7,14.1,25.7,15333,0.0,1.62,1.9
2006-09-26,18.5,13.0,24.8,13788,1.0,1.53,1.7
2006-09-27,15.7,11.5,18.7,5804,1.5,1.34,1.4
2006-09-28,15.8,10.8,21.4,9870,0.0,1.31,1.4
2006-09-29,16.8,9.5,24.2,14128,0.0,1.24,1.5
2006-09-30,17.7,12.4,23.7,11308,0.4,1.46,1.6
2006-10-01,16.1,12.5,20.3,8714,3.5,1.44,2.0
2006-10-02,16.1,13.4,19.0,5385,0.0,1.49,3.3
2006-10-03,14.2,11.7,17.9,6335,0.0,1.34,2.2
2006-10-04,12.9,10.4,15.3,4879,4.8,1.23,2.6
2006-10-05,12.2,9.3,17.0,7923,1.3,1.15,2.4
2006-10-06,13.7,9.0,18.2,5725,2.5,1.15,3.6
2006-10-07,13.6,10.2,16.9,6134,1.2,1.22,3.7
2006-10-08,12.7,9.0,15.7,7188,0.0,1.13,2.4
2006-10-09,12.3,6.3,20.1,12024,0.0,0.99,1.5
2006-10-10,11.7,6.6,18.8,10988,0.0,0.99,1.0
2006-10-11,11.4,4.9,18.1,9892,0.0,0.9,1.7
2006-10-12,9.2,4.8,12.1,4191,0.0,0.84,1.2
2006-10-13,12.8,10.7,15.2,4118,0.0,1.25,1.6
2006-10-14,10.5,7.7,12.0,4046,0.0,1.02,2.2
2006-10-15,9.0,6.9,11.1,4355,0.0,0.96,2.0
2006-10-16,10.3,4.3,15.8,6230,0.0,0.84,1.9
2006-10-17,8.0,3.0,14.4,11252,0.0,0.77,1.9
2006-10-18,9.0,2.1,15.8,9266,0.0,0.74,1.8
2006-10-19,10.5,5.2,16.2,5366,0.0,0.9,1.9
2006-10-20,11.0,7.1,15.2,4062,1.5,1.0,2.0
2006-10-21,13.8,9.9,19.3,6965,0.0,1.21,2.3
2006-10-22,13.8,10.1,19.2,7560,0.8,1.23,2.6
2006-10-23,15.5,12.8,19.7,5995,1.3,1.45,2.9
2006-10-24,16.1,12.5,19.7,5218,1.4,1.42,4.1
2006-10-25,11.9,6.9,15.6,7092,0.0,0.98,2.2
2006-10-26,15.5,9.0,22.6,7585,0.0,1.19,2.9
2006-10-27,15.7,10.6,20.0,6418,0.8,1.28,3.4
2006-10-28,10.7,8.1,13.2,3845,5.5,1.05,2.4
2006-10-29,12.0,7.2,15.4,3906,3.8,1.01,3.7
2006-10-30,8.5,6.3,10.9,3394,0.1,0.93,1.8
2006-10-31,11.8,9.8,14.4,3709,2.5,1.17,3.9
2006-11-01,4.4,-0.3,9.8,2962,2.6,0.61,5.3
2006-11-02,0.6,-1.8,4.6,7745,0.0,0.53,2.6
2006-11-03,0.8,-2.9,4.7,6967,0.1,0.49,1.8
2006-11-04,5.5,-0.2,8.8,2740,0.7,0.6,2.9
2006-11-05,10.1,8.4,11.3,2689,2.2,1.06,4.2
2006-11-06,11.3,9.1,13.2,3163,0.0,1.12,3.4
2006-11-07,7.8,2.6,10.1,2705,0.0,0.73,2.2
2006-11-08,6.6,3.2,10.8,6297,0.2,0.75,3.1
2006-11-09,8.9,5.6,11.7,4293,0.1,0.89,4.4
2006-11-10,6.0,3.1,9.4,6280,0.0,0.75,2.2
2006-11-11,6.0,4.0,8.5,2404,3.8,0.79,4.0
2006-11-12,6.2,5.2,7.6,2957,0.4,0.85,4.9
2006-11-13,7.0,3.7,10.5,2318,3.2,0.79,4.3
2006-11-14,10.3,8.2,12.0,2277,0.8,1.05,3.4
2006-11-15,12.0,8.3,15.1,5010,0.0,1.07,2.6
2006-11-16,11.4,6.9,17.4,5715,0.0,1.0,2.6
2006-11-17,11.1,8.3,15.8,2620,0.5,1.08,2.2
2006-11-18,10.7,8.4,13.7,3034,0.3,1.07,2.2
2006-11-19,7.7,3.3,10.5,2138,2.7,0.76,2.1
2006-11-20,5.8,3.0,8.0,4378,1.8,0.73,3.3
2006-11-21,7.1,5.1,9.2,2020,0.5,0.85,2.9
2006-11-22,4.9,0.8,8.3,4990,0.0,0.64,2.6
2006-11-23,5.7,1.6,9.4,1957,10.0,0.68,3.5
2006-11-24,9.8,7.7,11.6,4346,0.1,1.02,2.7
2006-11-25,10.5,8.2,12.8,1945,0.0,1.05,3.2
2006-11-26,11.2,6.6,14.4,1964,0.0,0.97,1.9
2006-11-27,6.9,3.0,10.7,4102,0.0,0.75,1.8
2006-11-28,5.7,2.7,9.5,4376,0.0,0.72,2.0
2006-11-29,6.7,2.7,9.8,1795,0.3,0.73,1.8
2006-11-30,5.7,0.9,9.5,4733,0.0,0.64,2.0
2006-12-01,4.4,-0.1,9.5,4598,0.0,0.61,2.5
2006-12-02,5.0,1.9,8.2,4422,0.0,0.69,2.9
2006-12-03,7.8,5.9,9.7,3506,2.2,0.9,3.5
2006-12-04,8.0,5.9,10.1,2300,1.4,0.9,4.1
2006-12-05,12.1,6.2,14.9,2105,1.0,0.94,4.4
2006-12-06,10.6,8.5,14.8,1700,0.8,1.09,3.7
2006-12-07,7.6,5.1,9.5,3647,1.2,0.85,4.3
2006-12-08,9.8,5.5,14.1,2561,0.0,0.89,4.0
2006-12-09,7.8,4.4,11.9,1615,0.0,0.83,2.6
2006-12-10,3.8,1.1,6.9,3661,0.0,0.65,2.2
2006-12-11,3.5,0.1,5.6,2135,9.8,0.6,3.9
2006-12-12,5.7,3.4,7.5,2873,1.5,0.75,3.2
2006-12-13,7.4,4.9,9.5,2072,0.0,0.84,3.8
2006-12-14,9.7,8.4,10.4,1566,0.0,1.06,3.9
2006-12-15,5.9,2.3,9.2,3911,0.0,0.71,2.9
2006-12-16,6.3,2.5,10.0,2090,0.2,0.72,3.1
2006-12-17,4.5,2.1,5.9,1838,0.8,0.69,2.5
2006-12-18,3.1,0.9,4.3,1547,0.0,0.63,1.7
2006-12-19,3.1,1.3,5.1,2570,0.1,0.65,2.2
2006-12-20,4.9,1.8,6.4,1544,0.3,0.67,2.3
2006-12-21,5.9,4.2,7.2,1544,0.0,0.79,1.5
2006-12-22,5.7,4.6,6.4,1546,0.0,0.81,1.9
2006-12-23,4.8,4.0,5.3,1548,0.0,0.78,1.8
2006-12-24,3.9,2.5,5.4,1551,0.2,0.71,1.7
2006-12-25,4.7,0.6,7.5,2545,0.0,0.63,1.3
2006-12-26,1.3,-1.1,3.2,1644,0.0,0.55,1.5
2006-12-27,-0.9,-1.4,-0.3,1568,0.0,0.53,1.8
2006-12-28,0.0,-0.9,0.7,1576,3.5,0.55,2.4
2006-12-29,1.9,0.1,4.2,1585,0.0,0.6,2.0
2006-12-30,3.4,-0.1,7.3,1595,4.7,0.59,3.7
2006-12-31,8.5,7.0,10.7,1943,1.8,0.97,5.2
2007-01-01,8.0,5.4,11.3,2041,0.1,0.87,5.5
2007-01-02,4.6,3.5,5.7,1674,1.0,0.76,3.8
2007-01-03,5.2,3.8,7.3,2202,1.8,0.78,3.7
2007-01-04,7.1,5.3,9.0,1877,0.9,0.86,4.7
2007-01-05,7.2,6.5,8.3,1765,1.0,0.93,4.3
2007-01-06,7.8,6.0,8.9,1696,10.1,0.9,3.1
2007-01-07,5.6,4.3,7.3,1891,0.0,0.8,3.4
2007-01-08,6.9,3.8,10.1,1780,1.1,0.78,3.7
2007-01-09,11.1,5.9,14.1,1801,0.8,0.91,4.6
2007-01-10,11.7,6.8,13.6,2320,1.6,0.97,4.5
2007-01-11,6.5,4.7,8.7,1802,6.6,0.82,6.3
2007-01-12,7.7,5.7,10.4,3295,2.3,0.89,6.1
2007-01-13,11.1,9.5,12.5,1853,0.1,1.15,4.8
2007-01-14,7.9,4.0,11.8,4170,0.0,0.8,4.8
2007-01-15,4.1,0.6,7.1,4551,0.0,0.63,2.6
2007-01-16,4.4,0.4,7.1,2175,1.8,0.61,2.7
2007-01-17,7.4,4.5,10.9,2449,1.0,0.83,4.0
2007-01-18,8.6,6.1,12.8,1999,25.6,0.92,7.1
2007-01-19,6.7,5.3,8.9,2130,6.3,0.86,6.0
2007-01-20,8.6,6.0,13.8,2115,1.6,0.92,5.1
2007-01-21,5.5,4.2,7.6,2805,0.8,0.79,5.4
2007-01-22,2.0,-3.5,5.2,2391,0.1,0.47,3.2
2007-01-23,-3.7,-6.2,-0.5,5776,0.0,0.37,2.8
2007-01-24,-3.5,-6.1,-0.3,2473,0.0,0.38,2.7
2007-01-25,-2.6,-7.0,0.0,4833,0.0,0.35,2.5
2007-01-26,-3.1,-7.0,2.0,2293,1.0,0.36,3.5
2007-01-27,0.3,-1.8,1.8,6489,0.5,0.52,4.1
2007-01-28,3.5,0.7,6.6,2378,4.8,0.63,5.3
2007-01-29,4.5,0.6,6.9,3251,0.9,0.62,3.8
2007-01-30,5.4,2.7,7.1,2523,0.2,0.72,2.9
2007-01-31,6.3,5.2,7.7,3760,0.6,0.85,4.1
2007-02-01,5.4,3.1,8.1,5773,0.1,0.74,2.5
2007-02-02,6.8,5.0,8.2,2610,2.4,0.84,2.6
2007-02-03,6.0,4.2,8.3,5364,0.0,0.8,3.4
2007-02-04,5.4,2.0,7.1,2771,0.0,0.69,2.3
2007-02-05,2.0,-0.3,3.4,2824,0.1,0.58,2.7
2007-02-06,1.1,-0.2,3.2,2817,0.1,0.58,1.9
2007-02-07,0.0,-3.6,4.0,7813,1.5,0.46,1.6
2007-02-08,-0.2,-0.8,0.3,2926,3.8,0.55,2.5
2007-02-09,0.0,-1.6,0.9,2983,0.8,0.52,2.7
2007-02-10,-2.7,-4.9,-1.4,3040,0.1,0.41,2.9
2007-02-11,-2.4,-6.0,0.9,3098,2.2,0.39,3.5
2007-02-12,4.2,0.6,7.2,5327,3.4,0.63,2.9
2007-02-13,6.0,4.4,7.1,3219,1.1,0.8,3.7
2007-02-14,6.7,4.7,8.7,3886,5.8,0.82,2.2
2007-02-15,4.3,3.0,5.8,3343,1.0,0.73,2.6
2007-02-16,3.7,2.8,4.6,3406,0.0,0.72,2.9
2007-02-17,4.2,0.6,7.9,9128,0.0,0.63,3.3
2007-02-18,4.2,0.0,10.4,9686,0.0,0.62,1.9
2007-02-19,3.6,1.5,5.1,3602,0.0,0.65,1.2
2007-02-20,3.2,0.1,6.3,4683,0.0,0.6,1.2
2007-02-21,5.0,1.5,9.1,5935,4.4,0.67,2.3
2007-02-22,6.2,1.7,9.0,4770,0.0,0.68,1.9
2007-02-23,-0.3,-1.6,1.8,3876,0.0,0.53,2.6
2007-02-24,2.3,-1.6,6.6,9254,0.1,0.54,3.3
2007-02-25,6.7,3.6,10.4,4785,1.7,0.78,3.2
2007-02-26,5.6,3.1,8.6,4090,4.9,0.74,3.5
2007-02-27,3.8,1.2,5.6,6281,6.2,0.65,3.8
2007-02-28,7.8,2.2,12.1,5109,1.7,0.72,4.5
2007-03-01,7.3,5.3,9.7,4792,3.5,0.86,4.6
2007-03-02,5.9,4.4,7.9,4954,3.0,0.81,3.8
2007-03-03,3.4,0.0,5.4,4544,0.7,0.6,3.4
2007-03-04,5.0,2.1,9.5,8014,0.0,0.7,2.0
2007-03-05,5.7,1.2,10.6,4783,0.6,0.67,3.3
2007-03-06,7.6,2.3,12.9,7227,0.1,0.73,3.1
2007-03-07,9.3,5.5,12.3,4942,0.0,0.89,2.2
2007-03-08,6.5,3.6,9.5,7091,0.1,0.77,2.1
2007-03-09,7.0,0.5,12.6,10936,1.8,0.65,2.3
2007-03-10,6.2,4.2,9.6,9316,0.0,0.8,2.6
2007-03-11,9.2,5.0,14.7,14142,0.0,0.88,2.3
2007-03-12,9.8,2.5,17.3,14757,0.0,0.77,1.6
2007-03-13,10.6,3.7,18.2,13662,0.0,0.84,1.5
2007-03-14,6.7,2.6,11.6,11630,0.0,0.74,2.0
2007-03-15,6.8,2.1,12.9,14993,0.0,0.73,1.6
2007-03-16,7.4,2.7,11.6,8097,0.9,0.74,2.3
2007-03-17,7.7,4.7,10.6,7170,3.0,0.83,4.6
2007-03-18,7.0,1.8,11.1,5753,3.3,0.7,5.8
2007-03-19,3.4,-0.1,7.4,12609,0.0,0.6,3.1
2007-03-20,2.1,-2.1,6.4,6209,0.5,0.52,2.5
2007-03-21,1.9,0.1,3.3,5907,11.2,0.59,3.1
2007-03-22,2.4,0.6,4.5,5990,16.1,0.61,3.6
2007-03-23,5.8,1.6,11.0,13465,2.1,0.69,3.5
2007-03-24,10.7,7.7,15.2,14996,0.0,1.04,3.4
2007-03-25,10.1,5.7,15.3,17449,0.0,0.92,3.7
2007-03-26,9.5,4.4,15.0,17516,0.0,0.84,3.4
2007-03-27,10.0,3.4,16.4,17886,0.0,0.81,3.1
2007-03-28,10.1,1.5,16.5,17950,0.0,0.73,2.2
2007-03-29,9.8,5.2,15.1,17187,0.0,0.88,2.4
2007-03-30,8.9,3.7,14.3,17448,0.0,0.8,2.1
2007-03-31,9.7,2.3,16.3,15515,0.0,0.76,2.7
2007-04-01,10.4,1.6,17.6,18812,0.0,0.74,2.7
2007-04-02,8.7,1.8,16.0,18761,0.0,0.73,1.8
2007-04-03,4.2,0.2,8.2,10715,0.1,0.61,2.8
2007-04-04,4.8,-1.2,10.2,19934,0.0,0.57,2.9
2007-04-05,7.3,2.9,11.3,9199,0.0,0.74,3.1
2007-04-06,8.8,4.9,12.1,8424,0.0,0.85,2.4
2007-04-07,7.2,2.1,12.2,19866,0.0,0.71,2.4
2007-04-08,9.2,5.7,11.9,9918,0.0,0.9,2.7
2007-04-09,10.8,8.4,13.8,8356,0.0,1.07,3.3
2007-04-10,10.7,5.9,14.9,9218,0.3,0.93,2.9
2007-04-11,11.8,5.6,17.1,12431,0.0,0.93,2.2
2007-04-12,12.3,3.3,20.2,22071,0.0,0.85,1.8
2007-04-13,14.6,4.8,22.1,21884,0.0,0.93,2.4
2007-04-14,16.0,6.0,23.3,22712,0.0,1.02,2.4
2007-04-15,15.1,5.0,22.6,21836,0.0,0.96,2.2
2007-04-16,16.7,7.4,24.9,22207,0.0,1.13,1.8
2007-04-17,12.5,6.0,18.3,17177,0.0,0.96,2.3
2007-04-18,7.8,2.9,12.5,16138,0.0,0.75,3.0
2007-04-19,10.2,1.9,17.4,21001,0.2,0.75,3.1
2007-04-20,6.2,2.5,9.2,10185,0.0,0.72,3.0
2007-04-21,5.9,0.1,11.7,22541,0.0,0.63,1.5
2007-04-22,9.6,-1.0,17.3,24430,0.0,0.64,1.7
2007-04-23,14.0,3.6,22.0,20794,1.1,0.88,1.7
2007-04-24,14.6,7.8,20.0,14761,0.0,1.09,1.3
2007-04-25,16.4,6.0,23.8,22213,0.0,1.03,2.1
2007-04-26,17.0,9.3,24.1,25070,0.0,1.23,2.0
2007-04-27,17.9,6.9,27.1,25075,0.0,1.12,1.6
2007-04-28,16.1,7.6,24.9,24717,0.0,1.13,1.8
2007-04-29,9.0,2.5,15.0,26037,0.0,0.76,2.8
2007-04-30,8.9,-1.0,18.2,23622,0.0,0.64,2.6
2007-05-01,8.5,-0.1,15.9,26031,0.0,0.65,2.4
2007-05-02,12.9,6.6,20.2,21653,0.0,1.02,2.3
2007-05-03,13.1,3.2,20.6,26255,0.0,0.85,1.9
2007-05-04,13.8,3.1,21.7,26851,0.0,0.84,2.3
2007-05-05,15.4,3.2,23.5,26836,0.0,0.88,2.4
2007-05-06,16.5,6.2,24.1,26327,0.3,1.05,1.9
2007-05-07,12.6,11.0,14.6,9459,18.2,1.26,3.2
2007-05-08,11.1,8.6,15.8,15803,6.1,1.09,4.4
2007-05-09,11.9,8.0,16.5,17356,5.5,1.06,3.8
2007-05-10,13.0,8.5,17.2,10621,8.4,1.11,3.8
2007-05-11,12.4,9.0,17.0,12539,11.2,1.14,4.0
2007-05-12,11.4,6.9,15.8,12723,8.1,0.99,3.2
2007-05-13,15.8,8.4,21.1,20501,2.2,1.14,2.3
2007-05-14,16.6,12.1,22.2,16954,16.2,1.41,3.0
2007-05-15,11.3,6.6,13.0,12019,4.4,0.95,2.6
2007-05-16,11.9,4.9,18.0,21333,7.2,0.89,2.6
2007-05-17,10.3,7.3,14.3,16260,0.2,1.01,2.8
2007-05-18,11.9,4.9,17.9,28368,0.0,0.89,2.0
2007-05-19,16.6,7.9,23.6,23034,0.0,1.13,2.0
2007-05-20,20.0,13.4,26.5,23474,0.0,1.57,1.8
2007-05-21,23.1,16.4,29.8,28198,0.0,1.91,1.7
2007-05-22,21.0,14.5,26.4,26622,0.0,1.68,1.7
2007-05-23,16.8,12.6,22.2,17331,0.0,1.45,1.7
2007-05-24,18.8,9.3,25.4,22691,0.0,1.26,1.5
2007-05-25,22.4,16.7,30.4,24642,2.5,1.97,1.7
2007-05-26,19.0,14.6,25.9,15820,10.3,1.68,1.8
2007-05-27,18.2,13.8,23.0,14972,12.2,1.58,2.1
2007-05-28,17.3,13.0,22.1,13868,17.5,1.5,2.0
2007-05-29,17.4,10.9,24.0,14666,21.8,1.35,3.6
2007-05-30,12.9,9.1,18.1,19787,0.0,1.15,2.3
2007-05-31,14.7,8.0,20.1,22878,0.0,1.1,1.6
2007-06-01,16.7,9.8,22.2,23042,0.0,1.24,2.0
2007-06-02,15.5,12.7,19.0,11736,0.0,1.43,1.9
2007-06-03,15.4,13.5,18.0,10615,0.0,1.5,2.0
2007-06-04,16.2,14.8,17.8,10640,4.0,1.62,1.8
2007-06-05,16.2,12.4,20.1,12705,3.1,1.42,1.8
2007-06-06,19.3,12.4,25.0,19622,0.0,1.47,1.9
2007-06-07,22.2,15.1,29.2,26033,2.3,1.79,2.2
2007-06-08,23.6,15.5,29.1,30018,0.0,1.82,1.9
2007-06-09,22.7,14.6,29.4,25568,0.0,1.73,1.7
2007-06-10,21.8,12.8,28.9,29423,0.0,1.56,1.5
2007-06-11,21.9,13.8,29.2,30082,0.0,1.66,1.3
2007-06-12,21.5,14.1,29.6,22040,3.4,1.7,1.9
2007-06-13,19.2,14.9,24.3,16168,1.3,1.68,1.8
2007-06-14,21.3,14.4,27.7,19761,4.2,1.69,1.7
2007-06-15,20.3,15.6,27.0,18363,40.0,1.79,2.5
2007-06-16,17.6,14.0,23.3,18371,4.2,1.58,2.5
2007-06-17,18.2,13.2,24.1,22344,0.2,1.54,2.2
2007-06-18,17.0,12.7,22.4,13133,1.0,1.46,2.0
2007-06-19,19.3,12.9,25.4,25422,0.0,1.51,1.3
2007-06-20,21.7,15.7,27.9,22351,3.3,1.83,1.9
2007-06-21,17.3,13.0,20.9,10833,17.5,1.47,1.9
2007-06-22,17.0,12.9,21.9,16716,2.0,1.48,2.0
2007-06-23,15.9,13.3,20.6,15049,6.8,1.5,2.7
2007-06-24,18.0,13.1,23.3,21055,0.0,1.51,2.0
2007-06-25,19.4,13.5,27.1,17594,4.0,1.59,2.3
2007-06-26,15.5,12.2,19.1,17328,1.6,1.4,4.6
2007-06-27,13.0,10.3,15.6,14761,0.8,1.23,4.6
2007-06-28,14.1,10.2,18.1,15516,3.9,1.23,3.2
2007-06-29,15.2,8.7,20.2,18695,0.8,1.14,2.7
2007-06-30,15.5,12.2,19.5,16891,4.9,1.4,2.9
2007-07-01,18.2,10.9,24.4,15980,0.0,1.35,1.9
2007-07-02,17.9,15.0,20.9,10859,10.0,1.67,2.0
2007-07-03,16.7,12.7,22.0,19001,0.7,1.46,2.5
2007-07-04,14.6,12.3,17.6,11458,4.3,1.39,2.9
2007-07-05,15.0,12.5,20.0,13984,4.9,1.42,3.7
2007-07-06,15.6,13.0,20.8,16888,2.3,1.48,4.2
2007-07-07,15.3,12.6,18.7,13171,9.7,1.43,3.8
2007-07-08,17.0,11.3,23.1,24966,0.2,1.35,2.2
2007-07-09,14.1,10.7,18.6,11846,10.4,1.27,1.8
2007-07-10,13.9,10.1,18.4,17275,0.8,1.22,2.1
2007-07-11,13.6,9.1,18.9,17367,11.2,1.15,2.8
2007-07-12,14.7,12.8,17.8,10995,1.4,1.44,3.0
2007-07-13,18.2,14.4,24.1,14507,1.7,1.65,2.1
2007-07-14,23.2,13.8,30.7,27118,0.4,1.68,2.3
2007-07-15,25.8,16.8,33.1,27951,0.0,2.02,1.8
2007-07-16,29.1,20.3,37.3,28528,3.1,2.54,1.7
2007-07-17,23.5,16.2,29.0,22797,0.0,1.87,2.4
2007-07-18,21.7,14.5,28.2,21358,0.0,1.7,1.8
2007-07-19,20.8,14.8,25.7,20047,0.6,1.7,1.6
2007-07-20,21.7,16.6,26.3,17733,0.0,1.89,2.3
2007-07-21,21.2,16.7,26.2,21067,17.7,1.88,1.9
2007-07-22,16.0,13.4,19.8,13492,23.1,1.5,2.3
2007-07-23,18.4,12.0,23.8,21948,0.0,1.44,2.0
2007-07-24,18.2,13.9,22.4,13017,1.6,1.57,3.7
2007-07-25,17.1,13.6,22.2,15833,0.0,1.55,3.0
2007-07-26,20.7,12.8,26.8,20505,0.0,1.53,2.2
2007-07-27,19.9,14.6,23.5,19816,0.3,1.64,3.5
2007-07-28,16.6,13.3,20.7,12304,2.0,1.51,3.0
2007-07-29,14.4,11.6,17.7,10391,6.1,1.34,2.8
2007-07-30,13.5,11.0,16.0,13549,0.0,1.27,3.7
2007-07-31,14.6,11.9,18.6,14721,0.2,1.36,2.9
2007-08-01,15.5,10.6,20.9,19331,0.0,1.27,1.8
2007-08-02,17.8,11.4,24.0,17166,13.0,1.39,2.2
2007-08-03,16.7,12.2,21.0,18194,0.0,1.41,2.2
2007-08-04,17.1,9.2,23.1,19948,0.0,1.22,1.4
2007-08-05,20.1,12.4,26.3,26568,0.0,1.48,1.9
2007-08-06,21.1,13.6,26.6,26221,0.0,1.59,2.1
2007-08-07,22.0,13.7,29.3,22234,2.1,1.66,1.9
2007-08-08,20.2,16.1,27.4,20081,1.0,1.84,2.2
2007-08-09,22.4,15.5,29.8,24329,0.0,1.82,2.4
2007-08-10,19.8,17.9,23.6,9068,1.4,2.01,2.2
2007-08-11,18.8,16.4,22.4,9123,4.8,1.83,2.4
2007-08-12,15.9,13.7,19.5,9893,2.6,1.53,1.5
2007-08-13,17.9,12.4,24.4,18402,0.0,1.46,1.6
2007-08-14,18.9,12.0,25.2,23171,0.1,1.45,1.7
2007-08-15,21.8,16.5,27.7,13823,1.4,1.9,3.0
2007-08-16,20.3,12.9,24.2,14679,0.3,1.51,3.2
2007-08-17,15.2,10.4,21.1,15293,0.8,1.28,2.3
2007-08-18,16.5,9.2,22.8,19879,0.0,1.2,1.5
2007-08-19,19.3,12.1,25.2,18832,0.3,1.45,1.7
2007-08-20,20.0,16.0,26.6,16279,26.4,1.83,1.8
2007-08-21,18.4,15.1,22.7,12820,9.2,1.7,2.3
2007-08-22,17.5,14.2,22.9,13534,2.0,1.61,1.9
2007-08-23,19.2,13.1,25.0,17566,8.0,1.54,1.3
2007-08-24,19.5,16.5,24.0,17221,0.2,1.85,1.4
2007-08-25,19.0,14.9,23.0,19492,0.0,1.67,1.9
2007-08-26,18.0,11.6,22.7,16194,0.0,1.38,2.4
2007-08-27,14.1,10.8,18.0,9659,0.0,1.28,2.3
2007-08-28,13.6,8.5,17.7,15625,0.0,1.11,2.1
2007-08-29,11.7,5.9,17.5,16735,0.0,0.95,1.9
2007-08-30,13.3,8.4,17.4,10952,0.8,1.1,2.4
2007-08-31,14.4,12.6,16.7,7546,0.4,1.41,2.7
2007-09-01,14.6,12.1,17.5,8894,0.0,1.38,2.4
2007-09-02,16.0,11.6,19.6,9570,6.6,1.35,2.4
2007-09-03,13.2,8.2,16.7,11649,21.8,1.08,2.9
2007-09-04,9.6,7.5,15.1,9925,5.6,1.02,3.1
2007-09-05,11.6,7.0,17.0,19163,0.0,1.0,2.2
2007-09-06,11.9,5.4,17.8,12078,0.0,0.92,2.5
2007-09-07,14.4,10.5,19.0,10482,0.0,1.27,2.7
2007-09-08,15.3,13.3,17.7,7325,0.0,1.47,3.0
2007-09-09,14.0,10.7,18.5,14775,1.1,1.26,3.0
2007-09-10,11.6,9.8,15.2,8196,7.9,1.18,3.4
2007-09-11,13.5,10.6,18.0,9963,0.0,1.25,2.7
2007-09-12,13.6,10.3,15.4,8628,0.0,1.22,2.2
2007-09-13,11.7,10.2,13.8,6698,0.0,1.2,1.7
2007-09-14,13.6,8.6,18.5,11873,0.8,1.12,2.4
2007-09-15,12.4,9.5,16.5,13859,0.0,1.16,3.0
2007-09-16,14.2,8.9,20.3,16910,0.0,1.16,2.3
2007-09-17,17.3,12.9,23.2,12693,4.0,1.49,2.3
2007-09-18,11.6,6.7,14.5,8733,4.5,0.97,3.1
2007-09-19,9.4,6.0,13.9,12039,0.0,0.92,2.5
2007-09-20,12.7,6.7,18.8,11909,0.0,1.01,2.8
2007-09-21,14.7,10.2,20.0,10149,0.0,1.25,2.3
2007-09-22,14.5,9.4,21.2,14595,0.0,1.2,1.4
2007-09-23,15.3,6.7,23.2,16042,0.0,1.05,1.3
2007-09-24,17.1,10.4,24.4,15686,0.1,1.32,2.3
2007-09-25,13.0,10.7,16.1,6993,3.1,1.25,2.3
2007-09-26,12.1,7.0,18.0,12043,0.0,1.01,1.3
2007-09-27,12.5,8.6,14.7,5622,10.6,1.09,2.9
2007-09-28,14.1,10.7,17.3,5719,13.6,1.26,3.2
2007-09-29,12.0,10.6,13.7,5188,6.7,1.24,3.3
2007-09-30,13.0,11.5,14.9,5286,0.0,1.31,2.1
2007-10-01,12.7,9.1,16.8,7223,1.3,1.14,1.2
2007-10-02,12.2,9.5,14.4,4950,0.0,1.16,1.1
2007-10-03,10.9,7.2,15.7,8917,0.0,1.01,1.3
2007-10-04,11.8,7.7,15.5,5135,0.1,1.04,1.4
2007-10-05,11.9,8.2,14.8,7670,0.0,1.07,1.6
2007-10-06,9.0,4.8,14.2,6060,0.0,0.86,1.5
2007-10-07,8.5,3.3,15.2,8449,0.0,0.79,1.1
2007-10-08,8.7,4.5,14.6,7760,0.0,0.85,1.4
2007-10-09,8.7,7.3,10.2,4655,0.0,0.99,1.0
2007-10-10,8.4,5.7,11.7,10988,0.0,0.89,1.3
2007-10-11,9.2,5.6,12.8,4739,0.2,0.9,1.6
2007-10-12,11.7,7.2,15.4,5053,0.0,1.01,2.6
2007-10-13,7.4,2.4,12.5,10246,0.0,0.73,1.5
2007-10-14,6.5,0.7,12.7,11871,0.0,0.67,1.7
2007-10-15,9.3,2.4,17.4,11562,0.0,0.77,1.8
2007-10-16,12.3,9.0,16.7,6305,0.0,1.13,2.2
2007-10-17,13.5,10.0,18.1,7915,1.4,1.21,2.5
2007-10-18,8.6,5.4,11.4,7066,2.5,0.88,3.2
2007-10-19,5.6,1.3,9.8,8700,0.2,0.67,2.4
2007-10-20,5.1,0.2,10.1,8146,0.2,0.62,1.7
2007-10-21,4.8,0.6,8.1,6044,0.0,0.63,1.7
2007-10-22,2.7,-2.8,6.2,6650,0.0,0.5,2.2
2007-10-23,4.8,-0.4,9.8,6687,0.0,0.6,2.6
2007-10-24,6.8,5.1,8.1,3373,0.0,0.84,2.9
2007-10-25,7.7,6.3,8.9,3310,0.0,0.92,2.3
2007-10-26,7.7,5.5,9.8,3249,0.3,0.88,1.9
2007-10-27,7.7,7.0,8.4,3188,0.7,0.97,1.1
2007-10-28,5.5,2.2,7.9,3259,0.0,0.69,2.0
2007-10-29,7.0,3.1,11.2,4871,0.6,0.75,1.9
2007-10-30,8.0,4.7,9.8,3012,1.1,0.83,1.8
2007-10-31,7.2,2.5,10.7,5969,0.0,0.73,2.0
2007-11-01,10.1,8.6,11.2,2900,0.3,1.08,2.1
2007-11-02,11.5,10.2,12.9,2846,1.1,1.2,1.4
2007-11-03,11.0,8.5,13.7,2974,0.4,1.08,2.3
2007-11-04,7.4,1.7,10.6,4652,0.0,0.69,2.1
2007-11-05,3.1,-1.5,7.9,4460,7.8,0.55,1.8
2007-11-06,5.7,2.5,7.6,3921,3.1,0.71,4.1
2007-11-07,6.6,2.3,9.0,2935,3.5,0.71,4.9
2007-11-08,8.4,6.1,9.9,3850,3.9,0.91,3.9
2007-11-09,5.1,2.7,8.3,3675,1.1,0.73,5.5
2007-11-10,2.6,0.4,6.1,4170,3.5,0.61,4.3
2007-11-11,1.3,0.0,2.4,2404,7.9,0.59,4.1
2007-11-12,1.8,0.1,2.9,2578,4.8,0.59,3.7
2007-11-13,1.6,-0.5,5.2,6390,0.0,0.57,3.1
2007-11-14,1.0,-1.1,3.1,2383,0.9,0.54,2.8
2007-11-15,1.1,-1.6,3.9,3074,0.0,0.53,2.0
2007-11-16,0.8,-1.9,4.2,2198,0.1,0.52,1.9
2007-11-17,5.3,4.3,6.3,2160,1.3,0.79,1.6
2007-11-18,4.6,0.6,7.2,2326,0.1,0.63,1.9
2007-11-19,1.1,-0.7,4.2,4188,0.0,0.56,2.6
2007-11-20,1.1,-0.3,4.0,2152,0.0,0.58,2.2
2007-11-21,1.8,-0.8,4.4,4809,0.0,0.56,2.4
2007-11-22,4.5,1.0,7.5,2085,0.1,0.64,1.8
2007-11-23,5.9,4.1,8.4,1957,0.2,0.8,1.8
2007-11-24,2.4,-0.8,5.0,2401,2.4,0.56,2.3
2007-11-25,3.7,0.2,7.2,2603,0.2,0.61,4.3
2007-11-26,1.7,-0.1,3.7,4429,0.0,0.58,4.4
2007-11-27,0.3,-2.2,2.7,3964,0.0,0.5,2.4
2007-11-28,0.0,-4.1,2.9,2139,0.0,0.45,2.0
2007-11-29,1.8,-0.6,4.0,1931,2.4,0.57,3.0
2007-11-30,5.5,3.8,7.0,1817,2.5,0.78,3.3
2007-12-01,6.6,3.9,9.8,2284,4.9,0.79,3.9
2007-12-02,6.7,3.9,9.9,2082,6.3,0.79,5.0
2007-12-03,6.4,4.2,9.1,1753,6.1,0.8,5.3
2007-12-04,5.2,4.1,6.8,2909,0.1,0.79,3.4
2007-12-05,7.7,5.0,10.6,1673,0.0,0.85,3.5
2007-12-06,9.2,7.7,10.4,2000,5.5,1.02,4.1
2007-12-07,9.3,5.5,13.6,2452,2.1,0.9,5.3
2007-12-08,5.9,3.3,7.3,1967,0.0,0.75,3.9
2007-12-09,4.7,2.6,7.1,1657,1.0,0.72,3.3
2007-12-10,3.2,0.7,6.5,3619,0.0,0.63,2.4
2007-12-11,3.5,1.5,5.6,1592,0.1,0.66,2.5
2007-12-12,4.8,4.0,5.6,1582,0.3,0.78,2.2
2007-12-13,3.1,1.7,4.3,1574,0.0,0.66,1.8
2007-12-14,1.7,1.1,3.0,1732,0.0,0.64,1.8
2007-12-15,-0.9,-3.8,1.4,4200,0.0,0.45,2.2
2007-12-16,-1.6,-5.0,0.3,1678,0.0,0.41,2.2
2007-12-17,0.3,-1.0,1.8,1550,0.0,0.54,2.8
2007-12-18,-0.9,-1.4,-0.4,1547,0.0,0.53,1.9
2007-12-19,-0.6,-1.1,-0.1,1545,0.0,0.54,1.2
2007-12-20,-2.7,-4.5,-1.0,1544,0.0,0.42,1.2
2007-12-21,-4.9,-5.9,-4.2,1544,0.0,0.38,1.1
2007-12-22,-5.3,-6.2,-4.3,1546,0.0,0.37,1.2
2007-12-23,-2.9,-7.0,0.2,3190,0.0,0.36,1.3
2007-12-24,0.4,-0.1,1.3,1551,0.0,0.58,1.5
2007-12-25,-0.1,-1.6,1.5,2833,0.0,0.52,2.5
2007-12-26,-0.7,-2.9,1.4,1892,0.0,0.48,2.1
2007-12-27,0.4,-1.0,2.1,1734,0.0,0.55,2.5
2007-12-28,3.3,0.7,5.6,1576,0.0,0.62,3.0
2007-12-29,1.9,-0.1,4.6,2503,0.0,0.59,3.5
2007-12-30,2.3,0.0,4.7,1595,0.8,0.59,2.6
2007-12-31,1.2,-0.2,2.3,1690,0.0,0.58,1.9
2008-01-01,0.1,0.0,0.5,1618,0.9,0.58,1.5
2008-01-02,-0.7,-3.9,0.2,1632,0.3,0.44,2.6
2008-01-03,-3.8,-5.2,-3.0,1646,0.0,0.4,4.1
2008-01-04,-5.7,-7.3,-4.4,2824,0.0,0.34,3.5
2008-01-05,-1.0,-4.4,1.0,1765,1.4,0.43,3.4
2008-01-06,1.1,-1.0,2.7,1696,5.2,0.55,2.4
2008-01-07,2.4,0.0,5.5,1935,4.6,0.6,3.7
2008-01-08,3.8,0.0,6.3,3198,0.0,0.59,3.2
2008-01-09,2.5,0.1,5.2,2963,0.8,0.6,2.9
2008-01-10,3.4,1.2,5.7,3896,0.0,0.65,3.3
2008-01-11,7.1,3.5,9.4,2166,0.0,0.77,3.2
2008-01-12,4.7,1.7,8.1,2240,0.0,0.67,3.3
2008-01-13,2.5,-0.5,6.8,5139,0.0,0.58,2.3
2008-01-14,2.7,0.0,5.7,3843,0.0,0.6,2.8
2008-01-15,5.4,2.3,8.1,4504,1.0,0.7,4.0
2008-01-16,6.5,2.8,9.4,1937,0.6,0.73,3.5
2008-01-17,5.0,2.0,8.4,3364,2.2,0.69,2.7
2008-01-18,6.7,5.0,8.6,2096,6.4,0.85,4.1
2008-01-19,9.3,5.2,11.6,2032,11.2,0.87,4.8
2008-01-20,8.0,5.0,11.7,2065,23.1,0.85,3.7
2008-01-21,8.5,5.0,11.1,2100,27.4,0.86,4.1
2008-01-22,3.0,0.0,8.3,2188,0.0,0.61,3.8
2008-01-23,2.8,-0.3,6.2,3924,0.5,0.59,2.6
2008-01-24,7.0,4.5,9.0,2212,3.1,0.82,3.1
2008-01-25,5.7,2.8,7.9,6045,0.0,0.73,3.9
2008-01-26,7.8,5.3,9.2,2293,7.0,0.86,4.8
2008-01-27,6.4,3.5,8.6,2335,4.7,0.76,4.3
2008-01-28,6.0,2.3,8.5,2378,0.9,0.7,1.7
2008-01-29,6.2,4.9,7.4,2422,0.0,0.83,1.8
2008-01-30,4.4,2.9,5.0,2467,1.3,0.72,2.6
2008-01-31,2.5,0.0,4.2,4156,0.0,0.59,4.2
2008-02-01,5.4,3.4,7.8,3020,0.0,0.75,5.3
2008-02-02,2.8,0.0,5.8,4178,0.4,0.6,3.8
2008-02-03,0.8,-1.4,4.2,7304,0.0,0.54,2.9
2008-02-04,2.7,-1.1,6.6,7234,0.0,0.55,2.8
2008-02-05,4.8,1.1,7.6,5053,1.3,0.65,3.6
2008-02-06,7.5,5.1,10.3,3305,1.3,0.85,4.5
2008-02-07,4.8,2.7,7.6,5774,0.0,0.72,2.9
2008-02-08,5.7,3.2,8.7,3114,0.0,0.75,1.8
2008-02-09,5.4,1.3,11.1,6149,0.0,0.68,1.6
2008-02-10,5.1,0.5,11.7,8426,0.0,0.64,1.5
2008-02-11,3.7,0.4,7.9,5890,0.0,0.62,1.4
2008-02-12,4.5,1.8,6.4,3158,0.0,0.67,1.5
2008-02-13,3.4,1.4,6.3,7743,0.0,0.65,1.3
2008-02-14,2.0,-2.0,3.4,3280,0.0,0.52,1.6
2008-02-15,-1.4,-4.0,2.4,8661,0.0,0.44,2.5
2008-02-16,-2.1,-5.4,2.5,9134,0.0,0.4,1.8
2008-02-17,-0.5,-4.5,3.0,6823,0.0,0.43,2.4
2008-02-18,3.3,1.7,5.7,3536,0.0,0.67,2.7
2008-02-19,4.3,3.6,5.6,3602,2.3,0.76,1.9
2008-02-20,4.8,2.3,8.0,7072,0.0,0.7,1.6
2008-02-21,6.0,2.8,8.7,3811,0.1,0.73,3.3
2008-02-22,9.5,7.4,10.9,3806,1.2,0.99,5.3
2008-02-23,8.0,5.6,10.3,7999,0.0,0.89,4.0
2008-02-24,8.8,6.2,11.0,4478,0.9,0.92,2.7
2008-02-25,6.0,2.6,9.0,7852,0.9,0.72,2.6
2008-02-26,8.9,3.1,13.3,4245,0.4,0.77,4.0
2008-02-27,6.6,3.8,8.9,4869,0.1,0.78,4.5
2008-02-28,5.9,2.7,9.0,8598,0.0,0.73,2.3
2008-02-29,5.5,0.3,10.0,6075,7.6,0.63,3.1
2008-03-01,6.2,4.2,8.3,4386,3.5,0.8,7.2
2008-03-02,6.5,4.0,9.2,5527,11.5,0.79,6.1
2008-03-03,5.3,2.1,9.0,6607,0.4,0.7,4.0
2008-03-04,2.2,0.3,6.3,5870,2.5,0.61,2.9
2008-03-05,1.1,-1.7,4.6,12043,0.2,0.53,3.1
2008-03-06,4.4,1.6,7.0,4856,0.2,0.67,3.4
2008-03-07,7.8,6.1,10.6,4850,0.4,0.91,2.0
2008-03-08,6.4,3.4,9.6,5103,0.2,0.76,2.0
2008-03-09,6.5,1.1,11.4,9844,0.0,0.66,2.9
2008-03-10,8.7,3.8,14.1,12633,0.0,0.81,3.8
2008-03-11,8.4,5.9,12.1,8126,2.8,0.91,4.7
2008-03-12,6.9,2.6,9.8,7601,5.7,0.72,6.1
2008-03-13,5.8,3.8,9.4,8161,3.0,0.78,5.5
2008-03-14,5.3,1.8,9.3,7531,0.3,0.68,3.6
2008-03-15,5.9,2.7,9.4,8933,0.0,0.73,1.7
2008-03-16,4.4,1.8,6.1,5576,6.5,0.67,2.8
2008-03-17,2.7,0.0,6.0,9064,1.2,0.6,3.8
2008-03-18,1.5,-0.8,6.4,13754,0.0,0.57,3.5
2008-03-19,0.7,-1.1,5.6,8710,0.3,0.55,2.7
2008-03-20,1.6,-2.4,4.9,12017,6.0,0.5,3.5
2008-03-21,3.3,1.2,7.1,7261,10.5,0.65,4.0
2008-03-22,1.7,-0.6,3.9,6073,3.0,0.56,3.3
2008-03-23,-1.0,-3.7,2.0,10229,0.0,0.45,2.2
2008-03-24,0.3,-5.3,5.6,15548,0.1,0.42,2.5
2008-03-25,0.2,-1.4,3.8,8440,0.6,0.53,3.6
2008-03-26,1.3,-1.7,5.6,10774,0.1,0.53,3.0
2008-03-27,2.3,-2.8,7.0,12731,0.0,0.5,1.6
2008-03-28,6.0,0.5,11.4,14508,2.5,0.64,2.8
2008-03-29,6.8,2.6,10.3,10806,1.2,0.73,3.8
2008-03-30,8.6,1.1,14.9,12380,0.0,0.69,3.3
2008-03-31,10.1,5.4,15.5,12606,0.0,0.9,2.1
2008-04-01,9.9,4.7,15.9,15585,1.8,0.86,2.3
2008-04-02,7.6,5.5,10.5,7838,4.4,0.88,3.4
2008-04-03,7.5,5.3,11.9,8247,0.6,0.87,2.5
2008-04-04,6.2,3.2,8.9,7257,0.1,0.74,1.8
2008-04-05,6.4,4.0,9.7,7230,8.5,0.8,2.3
2008-04-06,4.6,0.2,8.6,8840,0.0,0.62,1.9
2008-04-07,3.7,-1.3,8.1,9588,1.2,0.56,2.4
2008-04-08,4.7,0.2,9.6,14428,0.0,0.62,1.8
2008-04-09,3.7,0.4,5.8,7552,5.0,0.61,1.7
2008-04-10,3.9,2.7,5.3,7632,0.1,0.71,1.7
2008-04-11,5.4,3.2,7.5,7711,9.0,0.74,2.2
2008-04-12,8.2,5.1,13.2,15908,0.0,0.87,2.5
2008-04-13,9.9,6.0,15.0,15799,1.4,0.94,2.0
2008-04-14,8.4,5.7,12.1,8742,2.1,0.9,2.2
2008-04-15,6.9,4.8,8.7,8021,4.7,0.83,2.2
2008-04-16,6.4,3.1,9.9,13614,0.8,0.74,2.0
2008-04-17,5.1,3.9,6.8,8173,9.5,0.78,2.2
2008-04-18,5.9,4.4,8.2,8364,0.0,0.81,2.9
2008-04-19,5.9,1.9,8.6,11349,0.0,0.69,3.0
2008-04-20,7.9,1.7,12.0,11201,0.0,0.7,2.4
2008-04-21,10.8,3.7,15.7,23491,0.0,0.81,3.6
2008-04-22,10.9,3.6,16.7,23386,0.0,0.82,3.4
2008-04-23,9.6,1.8,16.7,21266,0.0,0.74,1.8
2008-04-24,11.6,2.0,19.1,24112,7.4,0.77,1.7
2008-04-25,10.6,7.4,13.3,10062,0.0,1.01,2.4
2008-04-26,11.3,5.0,17.4,22087,0.0,0.9,1.4
2008-04-27,13.9,5.9,19.8,23398,0.0,0.97,2.0
2008-04-28,15.8,9.5,21.5,23511,2.6,1.22,2.4
2008-04-29,13.2,10.1,16.9,9022,1.3,1.22,2.0
2008-04-30,13.1,7.5,18.0,14776,0.0,1.04,2.5
2008-05-01,12.6,7.5,17.1,14978,1.2,1.03,2.2
2008-05-02,10.9,5.2,16.4,19561,4.6,0.89,1.6
2008-05-03,11.9,6.3,17.0,19407,0.0,0.97,1.5
2008-05-04,11.8,4.2,17.9,24878,0.0,0.86,1.9
2008-05-05,14.2,6.7,20.7,22770,0.0,1.03,2.0
2008-05-06,14.2,7.0,21.7,24459,0.0,1.06,2.0
2008-05-07,15.5,7.4,22.4,26648,0.0,1.08,1.6
2008-05-08,15.9,7.3,22.6,26866,0.0,1.07,1.6
2008-05-09,16.3,6.8,23.4,27207,0.0,1.06,2.1
2008-05-10,17.1,7.8,23.9,25934,0.0,1.13,2.4
2008-05-11,17.5,7.7,24.4,25896,0.0,1.13,2.2
2008-05-12,17.3,7.1,24.7,27224,0.0,1.09,1.9
2008-05-13,13.4,7.1,19.5,21195,0.0,1.03,2.4
2008-05-14,13.5,4.5,21.6,26013,0.0,0.91,1.7
2008-05-15,15.4,6.0,22.6,22335,0.0,1.01,1.6
2008-05-16,15.1,8.4,20.1,13628,1.0,1.12,1.7
2008-05-17,14.1,9.5,19.3,12299,3.9,1.18,2.0
2008-05-18,11.3,6.7,14.5,15491,0.0,0.97,1.9
2008-05-19,10.6,4.7,15.6,17431,0.0,0.87,2.0
2008-05-20,11.9,4.3,17.1,26182,0.0,0.86,2.4
2008-05-21,11.8,3.7,18.1,24855,0.0,0.83,2.1
2008-05-22,13.1,3.9,19.9,25923,0.0,0.86,1.7
2008-05-23,14.7,9.8,20.3,17252,0.0,1.22,1.8
2008-05-24,13.9,7.8,20.4,20336,0.0,1.09,2.3
2008-05-25,15.5,7.5,21.6,25960,0.1,1.09,2.4
2008-05-26,16.0,11.2,20.9,13577,0.0,1.33,2.3
2008-05-27,14.4,10.7,18.4,15138,0.0,1.28,2.9
2008-05-28,17.7,11.8,23.7,25213,0.0,1.4,3.1
2008-05-29,19.1,12.9,24.9,25002,0.0,1.51,2.6
2008-05-30,22.1,14.8,28.5,26824,0.0,1.73,2.4
2008-05-31,23.0,16.3,29.4,28264,0.0,1.9,2.1
2008-06-01,22.9,15.4,29.3,27665,0.0,1.81,1.8
2008-06-02,24.2,16.8,30.8,29230,0.0,1.97,2.1
2008-06-03,22.9,14.8,30.4,24800,0.0,1.78,2.3
2008-06-04,20.5,14.8,26.9,29807,0.0,1.73,2.3
2008-06-05,19.6,13.1,25.1,27156,0.0,1.53,2.5
2008-06-06,19.3,9.5,24.5,20795,0.0,1.26,2.3
2008-06-07,21.7,15.1,27.1,20434,0.0,1.75,2.0
2008-06-08,20.7,11.7,28.2,29402,0.0,1.46,1.8
2008-06-09,20.2,8.8,28.6,29423,0.0,1.26,1.7
2008-06-10,20.2,11.9,27.1,28547,0.0,1.47,2.3
2008-06-11,15.4,10.6,19.4,21272,0.0,1.27,3.0
2008-06-12,13.9,8.9,18.8,18599,7.0,1.14,2.3
2008-06-13,12.3,8.5,17.1,14131,1.8,1.1,2.6
2008-06-14,11.9,7.6,17.2,17339,1.0,1.04,2.1
2008-06-15,13.1,8.1,18.9,18499,0.3,1.09,2.0
2008-06-16,13.0,7.1,18.5,16713,2.2,1.02,1.8
2008-06-17,14.7,7.2,21.8,28747,0.0,1.07,1.4
2008-06-18,17.7,8.1,24.7,25038,0.0,1.15,1.7
2008-06-19,19.8,12.0,26.5,18639,4.0,1.46,2.7
2008-06-20,17.5,11.6,22.1,21325,0.0,1.37,2.5
2008-06-21,17.2,11.2,22.8,19915,0.0,1.35,1.8
2008-06-22,21.4,11.2,31.2,23620,32.0,1.47,2.4
2008-06-23,18.1,11.0,21.3,26555,0.0,1.33,3.3
2008-06-24,15.0,8.1,20.9,30381,0.0,1.12,1.8
2008-06-25,18.0,11.5,22.6,18096,2.0,1.37,2.1
2008-06-26,19.4,13.1,23.6,26392,0.0,1.53,2.2
2008-06-27,15.7,10.3,20.1,15388,1.1,1.26,3.0
2008-06-28,16.4,10.2,21.6,11670,1.4,1.26,2.8
2008-06-29,19.4,13.5,24.8,25190,0.0,1.57,2.1
2008-06-30,18.6,11.9,22.9,26190,0.0,1.4,2.3
2008-07-01,19.3,9.5,26.0,27697,0.0,1.27,1.5
2008-07-02,23.3,13.9,30.6,30221,0.0,1.7,2.2
2008-07-03,25.5,18.0,32.9,27515,2.2,2.16,2.2
2008-07-04,16.3,14.4,20.7,10673,25.2,1.61,2.8
2008-07-05,18.3,13.9,23.4,25034,0.0,1.59,1.6
2008-07-06,20.6,12.5,26.3,21058,0.8,1.51,1.8
2008-07-07,18.4,13.4,23.6,20390,2.4,1.54,2.9
2008-07-08,16.2,12.5,21.1,16038,8.7,1.44,3.7
2008-07-09,15.1,11.9,19.5,18036,2.8,1.37,3.1
2008-07-10,15.9,10.8,19.0,10518,2.6,1.27,2.2
2008-07-11,19.6,16.5,26.2,14923,7.3,1.87,2.3
2008-07-12,18.4,12.5,22.7,18305,0.0,1.45,2.6
2008-07-13,15.4,11.4,18.5,12320,0.3,1.32,1.7
2008-07-14,16.1,10.4,20.0,17337,0.0,1.26,2.3
2008-07-15,18.8,14.8,22.4,13381,0.0,1.65,2.6
2008-07-16,16.9,13.1,20.4,12584,3.8,1.48,2.6
2008-07-17,15.3,10.7,19.0,13299,0.0,1.27,1.9
2008-07-18,15.9,13.5,19.4,11369,1.7,1.5,2.2
2008-07-19,17.0,12.7,22.6,16853,8.7,1.47,2.8
2008-07-20,15.3,12.1,19.8,15548,0.7,1.4,3.0
2008-07-21,13.1,9.8,16.2,10486,0.6,1.19,3.5
2008-07-22,15.1,11.1,19.5,13818,1.7,1.31,2.5
2008-07-23,17.2,11.8,22.6,20385,0.0,1.4,1.6
2008-07-24,19.1,11.3,26.1,21444,0.0,1.39,2.3
2008-07-25,22.9,15.3,30.3,26854,0.0,1.82,2.3
2008-07-26,23.9,16.1,31.6,21804,0.6,1.91,2.1
2008-07-27,25.0,17.9,31.7,27810,0.0,2.12,1.9
2008-07-28,25.0,16.7,32.2,27848,0.0,1.98,2.1
2008-07-29,25.5,18.0,32.0,26400,0.0,2.15,2.1
2008-07-30,21.9,18.0,27.0,11884,0.0,2.05,1.6
2008-07-31,23.4,14.3,30.9,27206,0.0,1.74,2.1
2008-08-01,24.5,17.5,32.9,20481,11.0,2.1,2.3
2008-08-02,19.4,15.9,23.2,12926,0.0,1.77,2.0
2008-08-03,20.6,17.3,24.5,19459,1.4,1.94,2.8
2008-08-04,18.9,15.2,21.8,15352,0.3,1.69,4.1
2008-08-05,17.7,13.0,22.7,20263,0.0,1.49,3.1
2008-08-06,18.3,10.2,25.1,16898,0.0,1.31,1.5
2008-08-07,24.4,15.6,32.9,24435,0.5,1.9,2.4
2008-08-08,19.6,14.7,25.1,17575,0.9,1.68,3.1
2008-08-09,16.3,11.5,21.1,18809,0.0,1.35,2.8
2008-08-10,16.2,11.0,20.4,9003,4.8,1.32,2.8
2008-08-11,19.0,13.8,24.4,17304,0.5,1.58,2.2
2008-08-12,19.4,15.0,23.3,9943,0.0,1.69,2.6
2008-08-13,20.3,15.0,24.3,18540,0.0,1.71,4.0
2008-08-14,18.2,11.6,23.7,21634,0.0,1.4,2.7
2008-08-15,13.9,10.0,18.0,8665,5.9,1.22,1.6
2008-08-16,16.0,9.3,22.2,19170,0.1,1.21,1.6
2008-08-17,17.5,12.6,23.4,18943,0.0,1.47,1.6
2008-08-18,16.8,11.8,21.6,9386,1.6,1.39,2.2
2008-08-19,20.5,15.4,25.8,15350,0.0,1.75,2.7
2008-08-20,18.1,15.0,22.0,14786,0.6,1.67,3.3
2008-08-21,18.7,14.3,24.2,16644,0.0,1.63,2.4
2008-08-22,18.2,13.4,22.8,9881,11.1,1.53,1.8
2008-08-23,15.2,10.8,18.9,13795,9.7,1.29,3.1
2008-08-24,14.3,11.0,18.1,8124,2.6,1.29,2.4
2008-08-25,15.8,11.9,19.6,10536,0.0,1.38,1.7
2008-08-26,17.7,13.5,21.1,13713,0.0,1.52,2.0
2008-08-27,18.5,16.0,22.2,10806,0.0,1.78,2.2
2008-08-28,17.3,15.4,20.6,8706,1.0,1.71,2.3
2008-08-29,17.4,12.8,21.0,8734,0.0,1.47,2.4
2008-08-30,15.8,10.5,22.7,19133,0.0,1.29,1.5
2008-08-31,17.7,8.6,25.0,20528,0.0,1.2,2.2
2008-09-01,17.6,13.0,23.7,13937,1.9,1.51,2.3
2008-09-02,17.9,11.0,23.6,17836,0.0,1.35,2.4
2008-09-03,16.6,11.0,21.5,11436,3.9,1.32,3.0
2008-09-04,14.0,8.9,19.2,13906,0.0,1.14,2.6
2008-09-05,15.7,10.1,20.7,12611,0.6,1.25,2.2
2008-09-06,18.6,16.1,23.0,7091,13.6,1.79,2.5
2008-09-07,17.2,14.8,20.2,8694,0.0,1.64,2.4
2008-09-08,16.3,12.0,20.2,13833,0.1,1.39,2.4
2008-09-09,16.9,11.2,23.1,18383,0.0,1.35,1.7
2008-09-10,18.0,12.4,24.3,13474,0.0,1.46,1.7
2008-09-11,17.0,10.9,23.2,11499,0.0,1.33,1.8
2008-09-12,13.7,8.3,18.4,11281,0.0,1.09,3.2
2008-09-13,10.7,4.6,16.1,14097,0.0,0.87,3.2
2008-09-14,10.2,5.9,13.0,6430,0.0,0.91,2.6
2008-09-15,11.6,7.7,16.8,9935,0.0,1.05,2.3
2008-09-16,9.3,4.0,12.8,8836,0.1,0.81,1.8
2008-09-17,10.2,7.4,14.4,11383,0.0,1.01,1.5
2008-09-18,10.7,6.7,15.2,6293,0.0,0.98,1.5
2008-09-19,9.5,2.2,15.1,7271,0.0,0.74,1.4
2008-09-20,11.7,8.7,16.5,7083,1.5,1.11,1.7
2008-09-21,12.0,9.1,16.1,7941,3.4,1.13,1.8
2008-09-22,11.3,7.7,15.3,7087,4.9,1.03,1.9
2008-09-23,11.7,10.8,12.6,5592,4.3,1.25,2.0
2008-09-24,12.5,8.7,17.3,11070,0.0,1.12,2.1
2008-09-25,11.1,6.1,17.1,12594,0.0,0.95,2.4
2008-09-26,10.3,5.8,16.9,10629,0.0,0.94,1.8
2008-09-27,10.5,4.7,16.4,8877,0.0,0.87,1.7
2008-09-28,11.9,7.4,17.3,11446,0.0,1.04,1.7
2008-09-29,11.2,9.1,14.8,8563,0.4,1.12,2.0
2008-09-30,10.2,8.3,12.4,6170,7.0,1.06,3.8
2008-10-01,11.1,8.9,14.8,5385,11.7,1.12,5.1
2008-10-02,10.5,6.6,13.8,11240,0.0,0.96,4.2
2008-10-03,8.8,4.4,13.1,7436,0.0,0.83,2.8
2008-10-04,6.7,2.8,11.4,7416,0.0,0.74,3.1
2008-10-05,8.5,4.4,10.5,4807,8.2,0.82,4.1
2008-10-06,11.1,9.4,13.0,4563,0.2,1.14,1.8
2008-10-07,12.2,9.5,16.2,8579,0.0,1.17,1.7
2008-10-08,11.0,7.7,14.9,6194,0.0,1.03,1.8
2008-10-09,11.6,6.9,14.2,4338,1.3,0.98,1.6
2008-10-10,10.3,3.9,16.2,10447,0.0,0.83,1.7
2008-10-11,13.0,8.1,18.9,11797,0.0,1.09,2.1
2008-10-12,11.7,6.9,15.8,4661,0.0,0.99,1.8
2008-10-13,12.5,6.1,20.0,7805,0.3,0.98,1.9
2008-10-14,14.8,11.2,17.0,5492,0.0,1.29,2.0
2008-10-15,12.5,9.8,15.9,4580,3.3,1.18,2.4
2008-10-16,10.9,6.2,14.2,6506,3.6,0.94,3.3
2008-10-17,8.4,6.0,11.0,5307,0.0,0.91,3.2
2008-10-18,8.7,5.4,12.9,7178,0.0,0.88,2.2
2008-10-19,10.7,7.8,13.5,3918,0.0,1.03,2.5
2008-10-20,11.0,6.1,16.1,9939,0.0,0.94,2.9
2008-10-21,12.7,9.5,20.1,7350,0.9,1.2,3.1
2008-10-22,9.3,6.9,10.9,3436,0.0,0.97,2.1
2008-10-23,7.9,4.3,12.7,9387,0.0,0.83,2.3
2008-10-24,6.9,2.2,12.1,8847,0.0,0.72,2.3
2008-10-25,9.6,6.9,11.5,3315,0.0,0.96,1.9
2008-10-26,10.5,5.0,13.8,3979,6.6,0.87,3.3
2008-10-27,9.7,5.8,13.0,3129,2.0,0.91,2.5
2008-10-28,6.3,3.5,9.5,5257,0.0,0.77,1.8
2008-10-29,5.0,2.5,6.5,3012,7.2,0.71,1.5
2008-10-30,3.6,2.6,4.6,2956,13.9,0.71,2.1
2008-10-31,4.7,2.5,7.0,4202,0.0,0.71,1.7
2008-11-01,5.6,3.3,9.1,7378,0.0,0.75,2.1
2008-11-02,5.4,0.7,9.5,5031,0.0,0.64,1.9
2008-11-03,7.3,5.9,8.0,5429,0.0,0.89,2.2
2008-11-04,8.9,7.9,9.7,4460,0.0,1.02,1.5
2008-11-05,9.6,8.6,10.3,6603,0.1,1.08,2.5
2008-11-06,10.8,10.1,11.3,2590,1.5,1.18,1.7
2008-11-07,10.8,9.4,11.5,2542,0.1,1.14,1.7
2008-11-08,8.7,5.7,10.3,3731,0.0,0.89,1.7
2008-11-09,8.9,5.1,12.3,3671,0.6,0.87,3.5
2008-11-10,12.7,7.7,15.1,4654,0.0,1.04,4.5
2008-11-11,11.8,7.4,14.9,4638,0.0,1.01,4.2
2008-11-12,7.5,4.3,11.0,2318,0.0,0.81,2.9
2008-11-13,6.0,1.8,10.4,3018,0.0,0.69,1.8
2008-11-14,6.0,2.3,9.0,2970,0.4,0.71,2.9
2008-11-15,10.1,8.6,11.0,2198,0.3,1.08,3.3
2008-11-16,8.3,4.9,10.9,2160,1.5,0.85,3.6
2008-11-17,3.8,-0.3,6.5,4146,0.0,0.59,2.0
2008-11-18,3.4,-0.7,6.8,3088,3.2,0.57,3.2
2008-11-19,7.0,4.9,9.6,2053,2.1,0.83,4.2
2008-11-20,7.5,3.5,9.4,2020,8.2,0.77,5.7
2008-11-21,1.7,-0.5,4.1,2182,6.8,0.57,4.6
2008-11-22,-0.2,-1.9,1.3,1957,0.6,0.51,4.3
2008-11-23,0.2,-2.0,1.9,1974,0.8,0.51,3.6
2008-11-24,-1.0,-2.2,0.4,1898,0.0,0.5,2.3
2008-11-25,0.5,-1.0,1.7,2010,0.1,0.55,2.2
2008-11-26,2.8,-1.2,5.6,1844,0.1,0.55,2.7
2008-11-27,5.8,3.6,7.5,1910,0.0,0.77,3.1
2008-11-28,2.7,-0.5,5.3,3650,0.7,0.58,2.3
2008-11-29,0.7,-1.3,2.2,1861,0.0,0.53,1.8
2008-11-30,0.1,-1.6,2.1,3930,0.0,0.53,1.9
2008-12-01,1.4,-2.4,3.4,1729,14.0,0.5,2.1
2008-12-02,3.9,2.1,5.6,1709,0.0,0.69,3.3
2008-12-03,0.9,-0.2,3.3,1691,3.2,0.58,2.9
2008-12-04,1.5,-1.5,5.2,1673,0.8,0.54,2.9
2008-12-05,4.0,0.9,5.7,2000,0.0,0.63,2.5
2008-12-06,3.2,0.6,4.7,1983,0.2,0.62,2.1
2008-12-07,4.0,2.3,4.9,1628,0.9,0.69,2.2
2008-12-08,3.8,-0.2,4.9,1615,0.0,0.59,2.5
2008-12-09,0.2,-2.2,2.2,2653,0.0,0.5,2.1
2008-12-10,1.3,0.3,1.9,1592,0.1,0.6,1.5
2008-12-11,1.3,-0.1,2.0,1582,4.6,0.58,1.3
2008-12-12,0.5,-0.2,1.1,1574,0.0,0.57,1.6
2008-12-13,1.9,-0.1,3.4,1566,0.0,0.58,2.6
2008-12-14,3.4,2.3,4.6,1601,0.0,0.69,2.9
2008-12-15,2.6,1.5,3.0,1554,0.0,0.65,2.1
2008-12-16,2.6,2.1,2.9,1550,0.0,0.68,1.3
2008-12-17,2.7,1.0,3.5,1547,0.0,0.63,1.7
2008-12-18,1.4,-1.0,3.0,1545,0.2,0.55,2.1
2008-12-19,2.9,-0.4,6.4,1585,2.1,0.58,3.0
2008-12-20,5.2,2.0,8.0,1544,0.5,0.68,4.6
2008-12-21,5.6,3.2,9.0,1956,0.2,0.75,3.6
2008-12-22,7.9,5.1,9.1,2328,0.4,0.85,4.4
2008-12-23,4.0,0.4,5.6,1592,0.5,0.61,2.3
2008-12-24,5.6,3.6,6.6,1556,3.2,0.76,2.5
2008-12-25,0.5,-1.8,4.9,3007,0.0,0.53,2.8
2008-12-26,-2.2,-5.5,-0.6,2728,0.0,0.39,3.1
2008-12-27,-0.7,-2.0,0.6,1742,0.0,0.51,2.4
2008-12-28,-2.6,-5.3,-0.8,3879,0.0,0.4,2.5
2008-12-29,-3.7,-5.7,-2.5,1595,0.0,0.39,2.3
2008-12-30,-4.0,-7.1,-0.1,4257,0.0,0.35,1.7
2008-12-31,-5.4,-7.6,-1.7,4283,0.0,0.34,1.3
2009-01-01,-2.5,-6.6,-1.1,1618,0.4,0.36,1.6
2009-01-02,-3.5,-9.2,-0.8,2525,0.4,0.3,1.5
2009-01-03,-4.6,-9.4,0.8,1903,0.3,0.3,2.6
2009-01-04,0.3,-0.7,1.4,1662,5.3,0.56,2.6
2009-01-05,-7.0,-16.0,-0.5,4626,0.0,0.19,2.5
2009-01-06,-14.3,-17.7,-9.2,4795,0.0,0.15,2.1
2009-01-07,-8.7,-17.8,-3.0,2067,0.1,0.16,2.3
2009-01-08,-9.5,-14.4,-6.5,3153,0.0,0.2,2.1
2009-01-09,-5.0,-9.7,-1.4,1891,0.0,0.29,1.8
2009-01-10,-1.9,-7.6,0.2,1779,0.0,0.34,1.5
2009-01-11,-7.1,-11.2,-2.7,5029,0.0,0.26,2.3
2009-01-12,-4.8,-9.0,-0.6,5129,0.0,0.31,3.0
2009-01-13,-0.1,-4.5,3.1,1853,0.0,0.43,2.7
2009-01-14,-3.9,-8.4,0.7,2207,0.2,0.32,1.4
2009-01-15,1.2,0.2,2.0,1908,0.0,0.6,1.3
2009-01-16,-0.3,-1.4,0.6,1937,0.0,0.53,2.2
2009-01-17,-0.5,-2.4,2.4,3557,0.7,0.5,2.4
2009-01-18,2.4,-0.2,5.3,3946,1.3,0.58,3.6
2009-01-19,2.2,-0.1,4.0,4295,2.2,0.59,3.7
2009-01-20,2.8,-1.7,5.4,2065,0.0,0.53,2.5
2009-01-21,-1.1,-3.2,0.4,2100,0.0,0.47,1.3
2009-01-22,-0.2,-5.0,3.5,5851,0.0,0.42,2.8
2009-01-23,0.3,-2.1,3.5,3769,3.2,0.51,4.4
2009-01-24,2.8,1.2,4.1,2421,0.4,0.64,2.7
2009-01-25,1.8,-1.6,4.9,4359,0.0,0.53,1.8
2009-01-26,-0.7,-1.9,0.1,2293,0.0,0.51,1.8
2009-01-27,-0.8,-3.2,0.1,2335,0.0,0.47,1.4
2009-01-28,-3.4,-4.4,-2.3,2378,0.0,0.42,1.6
2009-01-29,-3.9,-5.3,-2.8,2422,0.0,0.4,2.2
2009-01-30,-1.8,-3.4,0.1,2467,0.0,0.46,2.4
2009-01-31,-0.1,-2.8,1.6,2797,0.0,0.48,2.9
2009-02-01,-1.9,-4.8,-0.2,2562,0.1,0.41,3.9
2009-02-02,0.6,-0.6,1.8,2610,0.0,0.56,4.2
2009-02-03,1.4,0.1,2.3,2660,0.0,0.59,2.2
2009-02-04,0.8,-0.5,2.8,3723,0.3,0.57,1.2
2009-02-05,2.0,-1.0,4.7,4933,0.0,0.55,2.0
2009-02-06,1.8,-0.2,5.3,3488,0.0,0.58,1.8
2009-02-07,0.9,-0.2,1.7,2871,0.1,0.58,1.5
2009-02-08,1.7,-0.2,3.1,3739,0.0,0.58,2.8
2009-02-09,0.8,-1.5,3.3,5072,0.1,0.53,2.5
2009-02-10,2.2,-0.6,5.0,3104,6.4,0.57,4.8
2009-02-11,0.4,-1.5,1.1,3098,0.1,0.53,4.0
2009-02-12,-1.2,-2.6,-0.4,3158,0.0,0.48,2.7
2009-02-13,-2.4,-4.8,1.0,8608,0.0,0.42,2.1
2009-02-14,-2.4,-4.9,0.8,5705,0.0,0.41,2.3
2009-02-15,-1.3,-4.6,1.2,3615,3.0,0.42,2.4
2009-02-16,0.2,-0.8,1.5,3406,5.1,0.55,2.3
2009-02-17,-3.5,-7.7,-0.6,8150,0.0,0.34,3.0
2009-02-18,-4.3,-7.8,-1.9,6151,0.1,0.33,1.6
2009-02-19,-1.7,-4.7,0.8,3602,1.3,0.42,2.1
2009-02-20,0.6,-0.6,2.3,3669,0.5,0.56,2.2
2009-02-21,-0.4,-1.9,0.2,3737,2.9,0.51,1.7
2009-02-22,2.9,-0.1,4.9,3806,1.3,0.59,3.4
2009-02-23,2.8,0.6,4.5,3876,0.0,0.61,3.8
2009-02-24,1.3,-0.2,2.4,3947,0.0,0.58,2.0
2009-02-25,3.4,0.4,5.4,4018,1.4,0.61,2.7
2009-02-26,5.6,3.8,7.2,4245,5.1,0.77,4.1
2009-02-27,4.8,2.6,7.0,5183,0.1,0.71,3.5
2009-02-28,4.3,2.2,6.1,4237,0.6,0.69,1.6
2009-03-01,6.6,4.4,10.6,7758,0.0,0.81,1.8
2009-03-02,6.5,4.5,10.0,4386,0.9,0.82,2.1
2009-03-03,4.8,1.4,8.5,5772,0.0,0.66,2.0
2009-03-04,4.0,-0.2,8.2,5531,0.0,0.6,3.2
2009-03-05,6.9,2.3,12.4,5619,2.5,0.72,2.6
2009-03-06,4.2,3.8,7.0,4693,1.8,0.78,2.9
2009-03-07,3.4,1.6,4.0,4771,0.0,0.66,2.7
2009-03-08,3.6,-0.2,6.9,4850,2.0,0.59,3.2
2009-03-09,3.8,-0.1,6.9,9108,2.2,0.59,4.0
2009-03-10,4.5,2.4,7.6,5975,2.0,0.71,3.5
2009-03-11,4.0,0.9,6.4,5443,0.2,0.64,3.1
2009-03-12,4.2,2.7,6.3,6244,6.3,0.71,2.9
2009-03-13,6.6,2.7,9.4,5521,0.8,0.73,2.7
2009-03-14,6.8,0.9,11.7,8708,2.3,0.66,2.0
2009-03-15,7.4,6.3,9.0,5597,1.0,0.91,3.0
2009-03-16,6.6,4.9,9.4,7260,0.5,0.84,1.6
2009-03-17,7.6,3.9,11.5,10827,0.0,0.8,3.1
2009-03-18,4.7,0.5,8.3,11428,0.0,0.62,2.6
2009-03-19,4.2,0.7,8.4,13182,0.0,0.64,2.5
2009-03-20,1.4,-2.4,6.1,13808,0.0,0.51,1.9
2009-03-21,3.5,-2.8,8.9,11629,0.0,0.51,2.0
2009-03-22,6.4,4.0,9.7,6479,0.0,0.8,4.1
2009-03-23,5.8,2.5,7.3,6073,5.8,0.71,5.6
2009-03-24,0.9,-2.9,4.8,9732,1.5,0.49,4.1
2009-03-25,1.0,-3.6,5.1,11044,0.2,0.46,3.2
2009-03-26,4.6,2.0,7.8,6524,0.7,0.69,3.4
2009-03-27,6.3,2.1,10.3,8438,2.3,0.71,3.7
2009-03-28,5.6,1.0,9.9,7819,3.4,0.66,3.0
2009-03-29,5.4,3.3,7.3,7603,0.1,0.75,2.0
2009-03-30,5.5,1.3,10.9,11014,0.0,0.67,1.8
2009-03-31,6.4,-0.6,13.4,18754,0.0,0.62,2.0
2009-04-01,7.8,-0.2,15.5,19022,0.0,0.65,2.5
2009-04-02,9.6,3.0,16.0,19820,0.0,0.79,3.1
2009-04-03,12.8,2.6,21.3,19879,0.0,0.82,1.9
2009-04-04,14.4,4.0,22.3,17790,0.0,0.89,2.0
2009-04-05,10.7,6.6,15.6,11788,0.0,0.98,1.7
2009-04-06,11.0,3.3,17.4,18301,0.0,0.81,1.8
2009-04-07,14.4,7.7,21.8,18010,0.0,1.1,2.1
2009-04-08,12.2,8.1,16.4,9808,0.8,1.08,2.4
2009-04-09,12.9,9.2,17.6,14208,0.0,1.16,1.7
2009-04-10,14.2,7.2,20.8,20985,0.0,1.06,2.4
2009-04-11,14.1,8.2,20.6,21248,0.0,1.11,2.3
2009-04-12,12.3,6.0,19.1,21847,0.0,0.96,2.0
2009-04-13,12.8,2.9,20.6,21997,0.0,0.83,1.7
2009-04-14,14.0,4.7,22.2,21239,0.0,0.94,1.5
2009-04-15,14.9,5.3,22.4,21608,0.0,0.97,2.3
2009-04-16,14.1,9.2,19.6,22436,0.0,1.17,3.2
2009-04-17,12.2,6.7,18.4,20050,0.0,1.01,3.3
2009-04-18,9.7,4.9,14.3,11982,0.0,0.86,2.5
2009-04-19,8.9,3.3,16.0,23552,0.0,0.8,2.5
2009-04-20,10.1,0.2,18.0,24039,0.0,0.68,2.1
2009-04-21,11.3,1.6,19.6,24060,0.0,0.76,1.8
2009-04-22,8.5,5.5,12.8,13985,0.3,0.89,2.5
2009-04-23,8.8,2.6,15.2,15845,0.1,0.76,2.0
2009-04-24,11.5,0.8,19.9,24577,0.0,0.73,2.5
2009-04-25,14.8,6.4,22.6,23993,0.0,1.04,2.6
2009-04-26,16.1,9.5,22.5,19591,0.0,1.23,2.1
2009-04-27,17.7,10.9,24.6,21370,0.0,1.34,2.5
2009-04-28,18.0,11.2,24.1,19321,0.0,1.36,2.6
2009-04-29,14.5,7.5,20.9,13768,0.0,1.07,1.8
2009-04-30,15.7,6.9,26.4,20365,0.0,1.11,1.8
2009-05-01,13.0,5.1,21.6,25668,0.0,0.95,1.9
2009-05-02,12.5,1.4,22.8,26387,0.0,0.79,1.7
2009-05-03,14.0,5.1,22.7,16883,2.7,0.96,1.9
2009-05-04,9.3,3.1,13.6,14526,0.8,0.77,2.8
2009-05-05,8.9,3.2,12.0,9462,6.8,0.76,3.1
2009-05-06,10.9,5.3,15.1,15655,1.6,0.9,4.2
2009-05-07,12.8,4.8,19.2,16713,0.0,0.91,2.4
2009-05-08,14.4,7.5,21.0,18391,4.0,1.07,2.8
2009-05-09,13.1,5.9,18.1,22914,14.1,0.95,2.1
2009-05-10,14.4,9.2,19.2,20152,0.0,1.17,1.8
2009-05-11,11.3,6.1,14.1,9686,0.1,0.93,2.2
2009-05-12,10.3,3.4,16.2,26020,0.0,0.8,2.8
2009-05-13,11.7,3.1,17.8,27846,0.0,0.81,2.5
2009-05-14,11.8,6.4,16.9,23565,0.0,0.97,2.9
2009-05-15,13.0,7.3,17.9,11645,2.5,1.03,3.0
2009-05-16,13.0,7.4,18.1,16077,0.0,1.04,2.3
2009-05-17,16.6,8.3,23.6,25536,8.6,1.16,2.3
2009-05-18,16.4,11.0,21.5,18451,0.5,1.32,2.0
2009-05-19,16.9,9.4,23.9,24291,0.2,1.24,1.5
2009-05-20,17.4,11.3,23.6,22845,0.0,1.36,1.6
2009-05-21,16.4,10.7,20.6,16476,0.5,1.28,2.0
2009-05-22,13.6,9.1,19.3,17661,0.0,1.15,2.5
2009-05-23,13.4,7.7,19.5,26050,0.0,1.08,2.1
2009-05-24,17.5,8.2,25.2,24083,0.0,1.18,2.0
2009-05-25,16.3,8.5,24.5,28694,0.0,1.19,1.6
2009-05-26,19.1,12.9,27.4,16454,3.8,1.54,3.2
2009-05-27,14.2,10.8,18.5,18905,0.6,1.28,3.5
2009-05-28,13.5,8.9,18.1,20470,0.5,1.14,3.7
2009-05-29,12.5,7.4,17.9,24832,0.0,1.03,3.1
2009-05-30,13.9,7.5,20.4,11775,2.4,1.06,2.9
2009-05-31,16.9,9.8,23.9,16770,0.6,1.25,2.4
2009-06-01,16.8,10.2,24.0,23425,0.2,1.29,2.2
2009-06-02,18.6,10.2,26.4,26263,0.0,1.34,2.9
2009-06-03,11.5,9.0,15.9,13420,0.6,1.12,3.9
2009-06-04,10.0,5.5,14.5,17656,0.4,0.89,3.1
2009-06-05,10.3,3.1,15.5,23425,0.0,0.78,2.2
2009-06-06,10.6,1.8,16.9,18473,10.0,0.73,2.4
2009-06-07,10.7,9.1,12.9,11726,3.0,1.12,2.4
2009-06-08,13.8,7.1,19.2,21201,0.4,1.03,2.3
2009-06-09,15.1,11.1,18.6,14064,0.7,1.3,2.3
2009-06-10,17.1,12.1,21.4,24948,0.1,1.41,2.8
2009-06-11,13.2,8.5,18.6,11282,5.4,1.11,4.0
2009-06-12,11.6,7.7,15.4,20761,3.1,1.04,4.2
2009-06-13,13.6,8.6,18.7,29601,0.0,1.13,2.9
2009-06-14,15.6,7.0,21.7,22704,0.0,1.06,1.9
2009-06-15,15.9,12.2,20.7,16060,11.7,1.41,2.0
2009-06-16,14.1,10.3,18.1,24002,0.0,1.23,2.5
2009-06-17,13.8,6.9,20.1,27207,0.0,1.02,1.7
2009-06-18,17.5,11.1,23.2,15693,0.2,1.35,2.6
2009-06-19,15.0,10.1,20.4,15439,0.3,1.24,2.7
2009-06-20,13.9,8.8,19.9,24014,2.5,1.14,2.3
2009-06-21,14.0,10.8,18.5,17871,0.0,1.28,1.8
2009-06-22,15.4,10.7,22.0,18763,0.2,1.3,2.3
2009-06-23,16.7,9.8,22.3,23364,0.0,1.25,3.1
2009-06-24,18.5,11.7,25.0,28985,0.8,1.41,3.0
2009-06-25,16.1,13.2,19.1,11711,8.3,1.47,2.4
2009-06-26,19.0,16.8,21.0,12471,0.0,1.85,2.5
2009-06-27,18.3,13.3,22.4,13739,0.0,1.53,2.3
2009-06-28,16.9,12.7,21.8,13727,0.0,1.47,1.8
2009-06-29,19.2,15.0,24.6,14225,0.0,1.7,1.4
2009-06-30,21.6,16.8,27.3,17146,0.0,1.91,1.4
2009-07-01,21.0,16.3,26.6,15342,4.4,1.87,1.5
2009-07-02,22.8,16.2,29.3,26676,0.0,1.89,1.6
2009-07-03,22.6,15.2,28.5,26651,0.0,1.77,1.6
2009-07-04,22.2,17.0,27.7,22290,0.0,1.95,2.1
2009-07-05,19.6,15.3,24.5,16532,0.0,1.73,1.7
2009-07-06,19.7,13.6,26.7,20070,0.0,1.59,1.9
2009-07-07,19.3,14.3,25.9,22584,0.0,1.64,2.6
2009-07-08,16.7,14.2,21.7,17848,3.1,1.6,3.4
2009-07-09,15.1,12.4,19.8,15275,1.2,1.42,3.3
2009-07-10,14.2,10.9,18.1,18290,5.3,1.28,3.6
2009-07-11,14.5,10.5,19.5,16860,0.0,1.26,2.7
2009-07-12,16.7,8.8,23.1,17837,4.2,1.19,2.0
2009-07-13,19.6,13.8,24.8,20964,0.0,1.6,1.9
2009-07-14,20.7,13.0,27.9,17000,0.0,1.58,1.7
2009-07-15,22.9,17.4,29.3,17843,0.8,2.0,2.1
2009-07-16,22.4,15.2,28.0,22974,0.0,1.76,1.6
2009-07-17,22.5,14.1,31.0,20149,16.5,1.71,2.4
2009-07-18,17.5,14.2,20.0,10654,1.9,1.58,3.1
2009-07-19,17.1,13.1,21.8,18035,0.5,1.5,2.9
2009-07-20,16.1,11.8,21.5,20245,1.1,1.38,3.1
2009-07-21,19.2,11.6,25.3,20440,1.4,1.42,2.0
2009-07-22,21.8,16.8,26.1,17376,0.4,1.91,2.3
2009-07-23,22.6,16.2,28.8,16945,0.5,1.89,2.5
2009-07-24,17.9,12.6,23.3,15639,4.6,1.47,2.7
2009-07-25,15.3,12.2,19.3,14087,3.0,1.39,3.3
2009-07-26,16.6,10.9,22.2,18015,0.0,1.31,2.0
2009-07-27,21.6,14.3,28.1,26278,0.0,1.68,2.3
2009-07-28,19.2,12.7,23.5,18134,0.0,1.48,2.2
2009-07-29,20.5,11.5,27.2,24629,0.0,1.44,1.9
2009-07-30,20.3,14.6,25.6,20716,1.3,1.68,3.4
2009-07-31,16.8,10.1,23.0,26682,0.0,1.27,1.9
2009-08-01,19.4,8.7,26.8,20931,0.2,1.23,1.8
2009-08-02,23.4,16.2,31.4,20849,2.7,1.93,2.2
2009-08-03,17.5,12.8,20.0,10721,0.4,1.45,1.8
2009-08-04,18.3,10.9,24.7,25325,0.0,1.35,1.5
2009-08-05,19.3,11.9,26.7,19863,0.0,1.47,1.6
2009-08-06,19.4,11.3,26.9,20749,0.0,1.42,2.0
2009-08-07,22.6,14.0,29.0,23083,0.0,1.68,2.1
2009-08-08,23.4,16.5,28.9,23588,0.0,1.9,1.8
2009-08-09,22.1,14.4,27.7,22520,0.0,1.69,1.5
2009-08-10,22.1,15.8,28.7,18328,5.4,1.83,1.6
2009-08-11,18.5,15.9,22.6,10562,0.1,1.77,2.4
2009-08-12,18.6,14.9,23.4,14316,0.7,1.67,2.7
2009-08-13,17.7,12.9,23.3,19355,0.0,1.5,2.5
2009-08-14,15.8,10.4,21.6,19490,0.0,1.27,1.7
2009-08-15,20.1,10.8,27.9,21752,0.0,1.39,2.1
2009-08-16,23.5,15.4,31.9,23760,0.0,1.85,2.3
2009-08-17,20.8,14.4,27.6,20933,0.2,1.68,2.4
2009-08-18,17.7,11.9,24.3,17070,0.0,1.42,2.1
2009-08-19,19.6,8.7,28.0,23963,0.0,1.25,1.7
2009-08-20,24.5,16.3,33.0,23829,0.0,1.96,2.5
2009-08-21,19.7,14.3,23.7,9002,6.2,1.62,2.0
2009-08-22,17.1,11.7,22.8,19524,0.0,1.39,1.7
2009-08-23,17.4,8.9,24.7,21810,0.0,1.21,2.0
2009-08-24,19.6,12.3,25.7,23045,0.0,1.47,2.5
2009-08-25,21.5,14.0,30.2,18696,0.3,1.71,1.8
2009-08-26,20.6,13.7,26.0,19815,0.0,1.6,1.7
2009-08-27,21.8,12.2,29.6,17768,0.0,1.53,1.9
2009-08-28,21.8,15.5,28.9,12935,0.3,1.81,3.0
2009-08-29,15.8,11.2,20.7,14170,0.5,1.32,3.0
2009-08-30,14.9,9.2,21.3,14946,0.0,1.18,2.4
2009-08-31,17.6,8.3,26.2,19023,0.0,1.19,2.0
2009-09-01,22.7,12.5,33.0,20089,5.5,1.62,2.6
2009-09-02,19.1,15.8,23.3,16993,0.7,1.77,2.2
2009-09-03,17.2,14.3,21.2,11324,5.6,1.6,3.8
2009-09-04,16.4,12.6,21.1,14026,2.3,1.45,4.0
2009-09-05,14.2,10.9,18.5,12189,0.9,1.29,4.1
2009-09-06,14.4,11.5,18.5,8559,0.1,1.32,2.5
2009-09-07,15.0,9.0,20.8,8893,0.0,1.17,1.7
2009-09-08,18.3,9.2,26.3,19858,0.0,1.26,1.7
2009-09-09,18.7,11.3,27.1,19588,0.0,1.43,1.9
2009-09-10,16.1,11.7,20.3,9443,0.0,1.37,2.4
2009-09-11,15.4,10.6,22.2,12131,0.0,1.31,2.4
2009-09-12,14.7,7.6,21.1,14679,0.1,1.08,2.2
2009-09-13,12.2,9.8,16.5,7920,4.0,1.19,2.7
2009-09-14,14.8,11.2,19.2,9648,0.0,1.32,2.7
2009-09-15,15.9,12.3,19.4,8539,0.2,1.4,2.6
2009-09-16,16.0,10.3,22.6,13622,0.0,1.28,2.6
2009-09-17,13.0,7.5,19.3,16254,0.0,1.06,2.1
2009-09-18,13.3,5.4,20.8,16978,0.0,0.96,1.8
2009-09-19,15.6,8.6,23.1,17200,0.0,1.16,1.6
2009-09-20,16.0,6.5,25.7,16643,0.0,1.07,1.3
2009-09-21,15.7,9.0,21.5,11300,0.0,1.17,1.6
2009-09-22,16.4,6.7,23.8,14120,0.0,1.06,2.1
2009-09-23,16.4,13.1,20.1,10104,0.0,1.49,2.3
2009-09-24,14.4,10.0,19.6,12602,0.0,1.23,1.9
2009-09-25,12.9,8.0,19.4,10329,0.0,1.1,1.7
2009-09-26,12.3,5.9,19.6,10941,0.0,0.96,1.5
2009-09-27,13.2,3.1,22.9,15181,0.0,0.87,1.3
2009-09-28,13.8,8.2,17.7,6441,0.2,1.09,2.4
2009-09-29,13.3,7.3,16.0,5635,2.5,1.02,2.7
2009-09-30,9.8,4.2,14.5,13700,0.9,0.83,1.8
2009-10-01,12.0,7.5,14.3,7486,1.5,1.01,3.1
2009-10-02,8.4,5.5,11.3,5037,1.4,0.89,2.4
2009-10-03,10.8,4.9,14.4,5044,0.5,0.86,3.9
2009-10-04,12.6,8.2,16.3,8544,0.3,1.07,4.6
2009-10-05,10.1,5.9,14.5,10454,0.2,0.92,2.0
2009-10-06,11.7,9.3,14.1,4974,6.5,1.14,2.4
2009-10-07,18.4,14.2,22.3,8284,21.0,1.6,2.7
2009-10-08,11.2,7.9,15.4,6206,9.0,1.06,2.6
2009-10-09,8.2,4.7,12.3,12510,0.0,0.85,2.0
2009-10-10,8.0,4.2,12.2,4658,9.5,0.82,2.3
2009-10-11,9.3,8.3,10.6,4422,16.2,1.06,2.7
2009-10-12,7.7,3.8,9.5,6073,2.4,0.79,3.6
2009-10-13,4.7,1.7,9.2,8151,0.2,0.68,2.7
2009-10-14,4.3,1.2,7.7,9493,0.0,0.65,2.9
2009-10-15,4.2,3.7,5.0,3975,2.4,0.77,3.0
2009-10-16,3.8,2.4,4.9,4055,5.5,0.7,3.8
2009-10-17,6.0,4.5,8.2,4800,0.4,0.81,2.8
2009-10-18,5.9,3.0,8.9,5820,0.0,0.74,1.6
2009-10-19,4.9,-0.1,10.8,10295,0.0,0.62,1.8
2009-10-20,4.6,0.4,9.0,8361,0.0,0.62,2.5
2009-10-21,6.3,4.9,8.1,3707,0.0,0.84,3.0
2009-10-22,6.2,4.0,7.8,3500,5.2,0.79,2.4
2009-10-23,6.1,5.3,6.7,3436,0.3,0.85,1.3
2009-10-24,7.3,5.6,9.4,3373,1.7,0.88,1.8
2009-10-25,10.2,7.3,15.0,4256,0.1,1.01,2.3
2009-10-26,10.1,7.7,12.8,4316,1.3,1.02,2.8
2009-10-27,10.8,9.4,12.2,3452,0.1,1.13,1.8
2009-10-28,10.0,8.9,11.3,3129,4.0,1.1,1.2
2009-10-29,7.7,2.1,9.8,3070,0.1,0.7,1.4
2009-10-30,3.5,-0.8,8.3,6253,0.0,0.58,2.1
2009-10-31,2.4,-1.7,6.4,7915,0.0,0.53,2.0
2009-11-01,2.2,-1.2,6.3,6496,1.1,0.55,2.8
2009-11-02,4.5,2.1,6.3,2846,19.6,0.69,2.5
2009-11-03,4.4,3.6,5.1,2792,1.3,0.76,2.5
2009-11-04,3.0,0.4,6.5,2740,9.8,0.61,3.5
2009-11-05,7.6,5.3,10.7,3456,0.0,0.87,2.8
2009-11-06,7.6,3.6,10.8,3338,0.0,0.78,2.4
2009-11-07,5.6,2.5,10.2,6448,0.0,0.72,2.6
2009-11-08,4.0,1.3,6.1,2542,0.8,0.65,1.9
2009-11-09,5.1,4.3,5.9,2495,7.5,0.8,2.6
2009-11-10,5.8,4.5,7.2,2449,0.2,0.81,1.8
2009-11-11,5.3,3.7,6.4,2404,0.4,0.76,1.7
2009-11-12,6.9,5.4,9.4,4204,0.2,0.87,2.0
2009-11-13,8.1,5.7,10.3,2800,1.0,0.89,2.6
2009-11-14,11.1,8.4,13.5,3124,0.0,1.07,3.0
2009-11-15,10.2,8.5,13.1,4853,1.2,1.07,2.6
2009-11-16,8.1,4.4,11.4,2250,1.1,0.82,2.2
2009-11-17,10.4,8.8,11.9,2160,2.3,1.1,2.6
2009-11-18,9.6,6.0,12.3,3590,2.0,0.91,4.6
2009-11-19,10.7,6.3,13.3,4538,0.0,0.94,3.4
2009-11-20,9.2,3.6,14.4,5070,0.0,0.8,2.8
2009-11-21,11.4,8.0,14.1,3782,0.0,1.05,2.0
2009-11-22,10.4,8.6,13.8,1988,0.1,1.09,3.4
2009-11-23,9.8,8.3,11.1,2484,4.3,1.05,5.7
2009-11-24,10.1,8.5,11.8,2259,3.0,1.07,4.9
2009-11-25,12.3,10.5,14.0,2838,0.0,1.23,4.1
2009-11-26,9.6,7.1,11.4,3359,0.0,0.98,4.4
2009-11-27,8.1,6.1,9.8,1936,2.9,0.92,4.3
2009-11-28,7.5,5.7,9.4,3371,2.6,0.88,4.1
2009-11-29,8.9,5.4,11.6,2202,0.0,0.87,3.1
2009-11-30,5.0,2.7,6.2,1817,9.1,0.72,1.8
2009-12-01,4.9,-0.4,6.5,1750,4.3,0.59,2.1
2009-12-02,0.2,-1.3,2.2,1773,0.0,0.53,2.1
2009-12-03,3.2,0.7,5.2,2673,0.0,0.63,3.0
2009-12-04,1.4,0.5,3.0,1691,0.6,0.61,2.1
2009-12-05,2.1,-0.3,3.8,2494,2.3,0.58,2.9
2009-12-06,5.7,2.7,8.9,1657,6.5,0.72,2.9
2009-12-07,6.2,0.9,9.3,3647,0.0,0.65,2.3
2009-12-08,4.1,1.2,5.5,1628,1.5,0.64,2.7
2009-12-09,4.8,2.1,5.8,1615,0.0,0.69,1.9
2009-12-10,3.2,0.4,5.0,1603,11.1,0.61,2.8
2009-12-11,3.4,1.8,4.7,2094,0.0,0.67,3.0
2009-12-12,2.1,-0.5,3.6,1582,1.0,0.57,2.5
2009-12-13,-1.5,-2.4,-0.4,1574,0.0,0.49,2.4
2009-12-14,-0.8,-2.0,-0.1,1566,0.0,0.5,2.2
2009-12-15,-0.4,-1.2,0.0,1560,0.0,0.54,2.1
2009-12-16,-1.5,-3.4,-0.1,2336,0.1,0.46,1.9
2009-12-17,-3.0,-4.5,-1.5,1838,0.2,0.42,1.9
2009-12-18,-10.6,-14.3,-4.1,1916,0.4,0.21,2.5
2009-12-19,-14.0,-16.4,-12.4,3349,0.0,0.16,1.8
2009-12-20,-11.6,-15.4,-6.9,3306,0.7,0.18,3.2
2009-12-21,-2.8,-7.0,-0.2,1544,0.2,0.36,2.7
2009-12-22,0.0,-3.6,4.9,1546,2.1,0.47,3.1
2009-12-23,0.1,-2.9,1.8,2410,0.0,0.48,2.2
2009-12-24,0.3,-0.7,1.1,1551,3.1,0.56,2.4
2009-12-25,3.0,0.6,6.4,1556,3.9,0.62,4.4
2009-12-26,3.8,1.2,6.6,2553,0.0,0.65,3.8
2009-12-27,1.3,-0.6,3.3,3308,0.3,0.56,3.0
2009-12-28,1.8,-0.2,3.5,1867,1.3,0.58,2.7
2009-12-29,-0.9,-1.9,0.2,1585,0.9,0.51,2.2
2009-12-30,-1.2,-1.8,-0.8,1595,5.4,0.51,3.0
2009-12-31,-1.1,-2.4,-0.7,1606,2.2,0.49,2.7
2010-01-01,-1.6,-2.4,-0.9,1618,0.3,0.49,2.4
2010-01-02,-2.8,-5.7,-1.2,1632,0.5,0.39,2.5
2010-01-03,-5.0,-7.7,-3.2,3229,0.0,0.33,2.0
2010-01-04,-6.3,-7.0,-5.4,1662,0.0,0.35,2.0
2010-01-05,-7.1,-13.9,-4.9,1852,0.0,0.21,2.1
2010-01-06,-9.2,-14.5,-7.2,1696,0.0,0.2,1.4
2010-01-07,-6.8,-9.6,-3.7,1715,0.1,0.29,1.4
2010-01-08,-6.4,-11.0,-2.3,1735,0.0,0.27,3.0
2010-01-09,-2.5,-3.0,-1.9,1757,3.4,0.47,4.5
2010-01-10,-3.2,-4.5,-2.1,1779,1.3,0.42,3.2
2010-01-11,-4.0,-5.0,-3.2,1802,0.1,0.4,2.1
2010-01-12,-3.6,-4.5,-2.6,1827,0.0,0.42,2.0
2010-01-13,-2.6,-3.6,-1.6,1853,0.0,0.45,3.3
2010-01-14,-2.5,-4.0,-1.2,1880,0.0,0.44,2.7
2010-01-15,-3.1,-4.8,-1.7,1908,0.0,0.41,1.9
2010-01-16,-2.2,-3.5,-1.4,1937,0.0,0.46,3.2
2010-01-17,-1.8,-3.7,0.7,1967,1.3,0.45,3.0
2010-01-18,-0.6,-2.0,0.1,1999,1.8,0.51,2.0
2010-01-19,0.6,-0.1,1.5,2032,1.4,0.58,1.6
2010-01-20,-2.9,-7.5,0.2,2065,0.1,0.34,2.3
2010-01-21,-7.8,-10.4,-6.2,2100,0.0,0.27,2.1
2010-01-22,-7.4,-11.6,-5.7,2137,0.0,0.24,2.3
2010-01-23,-10.3,-13.1,-8.4,4130,0.0,0.22,2.6
2010-01-24,-11.8,-14.8,-8.9,2212,0.0,0.19,2.7
2010-01-25,-10.5,-12.0,-8.0,4623,0.0,0.23,2.2
2010-01-26,-14.3,-18.2,-10.2,6238,0.0,0.15,1.9
2010-01-27,-10.1,-19.2,-0.7,2443,1.5,0.16,2.9
2010-01-28,0.7,-0.8,2.2,2651,0.5,0.56,4.7
2010-01-29,0.1,-0.8,0.9,2422,2.2,0.55,3.6
2010-01-30,-2.9,-7.6,0.7,2467,0.0,0.34,3.4
2010-01-31,-4.1,-10.2,0.3,3930,0.2,0.29,2.9
2010-02-01,-0.6,-2.5,0.8,5027,0.1,0.49,3.4
2010-02-02,-2.1,-7.7,1.1,2668,2.9,0.34,4.7
2010-02-03,1.0,-1.0,2.9,5423,0.0,0.55,4.0
2010-02-04,-0.3,-3.4,1.5,2711,0.5,0.46,2.1
2010-02-05,0.5,-1.4,2.7,6198,0.0,0.53,2.7
2010-02-06,-1.2,-6.6,0.2,2817,0.0,0.37,2.1
2010-02-07,-5.5,-7.0,-4.4,4106,0.0,0.35,2.0
2010-02-08,-4.6,-5.4,-3.4,2926,0.1,0.39,2.3
2010-02-09,-4.7,-6.0,-3.5,3996,0.1,0.37,2.1
2010-02-10,-6.0,-7.3,-4.6,3040,0.7,0.34,2.3
2010-02-11,-3.1,-5.3,-1.1,3098,1.0,0.4,3.4
2010-02-12,-1.4,-2.9,-0.3,3158,0.9,0.47,2.9
2010-02-13,-2.8,-4.0,-1.8,3285,0.0,0.44,2.0
2010-02-14,-3.5,-5.7,1.5,6446,0.0,0.39,1.1
2010-02-15,-3.3,-4.7,-1.5,5797,0.0,0.42,1.5
2010-02-16,-2.3,-3.6,-0.7,3682,0.0,0.45,2.1
2010-02-17,-3.1,-6.2,-0.2,9198,0.0,0.37,2.3
2010-02-18,0.7,-2.9,3.6,3536,0.1,0.48,2.2
2010-02-19,1.1,-2.3,4.1,3960,1.2,0.51,2.4
2010-02-20,1.8,-0.8,4.5,9460,0.0,0.56,3.4
2010-02-21,-0.8,-6.4,3.4,7107,0.0,0.38,2.5
2010-02-22,1.2,-3.1,5.0,4992,2.0,0.48,2.7
2010-02-23,2.3,-1.0,6.4,3876,0.0,0.56,2.9
2010-02-24,0.0,-1.2,1.1,3947,1.4,0.54,2.5
2010-02-25,4.2,0.4,8.7,7622,0.0,0.62,3.1
2010-02-26,5.1,3.0,7.6,4245,0.1,0.74,3.6
2010-02-27,5.6,3.2,8.8,5575,0.1,0.75,3.6
2010-02-28,6.1,2.6,12.7,4554,9.4,0.74,4.6
2010-03-01,3.9,1.4,5.8,5514,0.9,0.66,5.0
2010-03-02,2.2,0.6,5.4,5764,0.0,0.62,2.8
2010-03-03,1.3,-1.7,4.8,7082,0.1,0.52,2.8
2010-03-04,-1.2,-3.0,2.1,8593,0.2,0.47,2.8
2010-03-05,-2.0,-4.5,0.3,10385,0.0,0.42,2.8
2010-03-06,-2.1,-4.9,0.8,10776,0.0,0.41,3.7
2010-03-07,-1.6,-6.5,2.7,10745,0.0,0.37,2.6
2010-03-08,-0.6,-4.1,1.6,5884,0.0,0.44,2.0
2010-03-09,-2.1,-6.6,3.1,10414,0.0,0.37,2.7
2010-03-10,-1.7,-5.2,4.0,10459,0.0,0.42,3.2
2010-03-11,-3.0,-4.6,-1.4,5088,0.4,0.42,2.3
2010-03-12,2.1,-1.5,5.4,5169,1.7,0.53,2.7
2010-03-13,3.4,1.6,6.0,5611,1.0,0.66,3.9
2010-03-14,3.4,-1.9,7.1,5513,7.6,0.53,4.6
2010-03-15,0.5,-1.9,3.8,6794,3.4,0.52,3.7
2010-03-16,1.9,-0.1,4.3,6331,0.0,0.59,3.0
2010-03-17,5.7,0.6,10.5,6045,0.0,0.64,2.5
2010-03-18,9.6,4.7,15.2,14360,0.0,0.86,2.2
2010-03-19,11.0,5.0,15.0,6886,0.3,0.88,2.9
2010-03-20,12.4,10.5,15.8,6209,2.3,1.24,3.2
2010-03-21,10.4,4.9,13.6,7168,2.2,0.86,3.4
2010-03-22,7.8,3.3,12.5,16354,0.0,0.78,1.7
2010-03-23,8.9,2.9,13.1,13169,0.0,0.76,2.1
2010-03-24,8.7,0.0,15.4,11023,0.0,0.65,2.3
2010-03-25,12.5,5.8,20.1,17149,0.0,0.97,2.2
2010-03-26,13.9,6.6,21.4,11264,12.1,1.02,2.9
2010-03-27,8.1,5.2,12.0,6711,1.4,0.87,3.4
2010-03-28,8.1,5.2,11.0,8536,3.1,0.87,3.5
2010-03-29,7.4,4.0,10.4,6572,0.0,0.8,2.5
2010-03-30,9.6,1.9,16.6,10287,3.7,0.74,3.0
2010-03-31,9.4,5.5,12.8,8410,0.0,0.89,3.7
2010-04-01,6.8,1.9,10.5,14815,0.0,0.7,3.6
2010-04-02,5.9,-0.2,11.7,18761,0.0,0.62,2.4
2010-04-03,7.9,1.4,13.9,13912,0.5,0.7,2.8
2010-04-04,10.0,6.1,13.5,9534,0.2,0.92,3.0
2010-04-05,6.6,2.5,8.9,8659,0.1,0.71,2.7
2010-04-06,8.3,2.8,13.7,17975,0.0,0.75,2.1
2010-04-07,10.0,4.3,15.8,20739,0.0,0.84,2.5
2010-04-08,11.4,4.7,19.3,17933,0.0,0.9,2.1
2010-04-09,8.4,3.4,12.6,10233,0.0,0.78,2.6
2010-04-10,7.7,3.9,12.8,14435,0.2,0.8,2.7
2010-04-11,6.0,3.6,8.6,7855,0.1,0.76,3.0
2010-04-12,8.3,3.2,15.1,16910,0.0,0.78,3.0
2010-04-13,7.6,1.3,14.7,17036,0.0,0.7,2.3
2010-04-14,7.3,2.6,12.7,13193,0.0,0.74,2.6
2010-04-15,8.1,2.8,13.8,8286,0.0,0.76,2.2
2010-04-16,7.2,2.1,13.7,16373,0.0,0.73,2.9
2010-04-17,8.6,1.3,15.8,22923,0.0,0.7,2.4
2010-04-18,11.5,1.6,19.9,23295,0.0,0.77,1.9
2010-04-19,8.4,1.3,13.6,19726,0.0,0.69,2.1
2010-04-20,7.5,-1.5,15.9,18917,1.4,0.6,2.9
2010-04-21,5.4,2.2,9.0,14591,1.0,0.7,3.6
2010-04-22,6.0,1.8,11.1,13398,0.0,0.7,2.4
2010-04-23,6.5,-1.0,13.9,24446,0.0,0.6,2.0
2010-04-24,9.2,-0.5,15.9,18309,0.0,0.63,1.7
2010-04-25,13.8,5.0,20.9,23637,0.0,0.94,2.3
2010-04-26,12.3,9.1,17.2,13040,3.6,1.14,2.6
2010-04-27,11.6,7.3,15.4,12645,0.0,1.01,2.3
2010-04-28,13.3,5.6,20.3,23518,0.0,0.95,1.6
2010-04-29,17.1,10.1,24.1,17136,0.0,1.29,2.1
2010-04-30,17.5,10.9,22.6,15176,0.1,1.34,3.3
2010-05-01,13.1,8.4,18.6,16107,0.0,1.1,2.3
2010-05-02,11.1,6.3,14.5,9638,4.9,0.95,1.8
2010-05-03,8.7,6.4,11.0,9216,3.4,0.93,2.1
2010-05-04,7.5,1.7,11.5,9888,0.0,0.7,3.0
2010-05-05,7.4,0.0,14.0,26469,0.4,0.64,3.3
2010-05-06,6.9,5.5,8.3,9400,8.6,0.87,3.4
2010-05-07,8.8,6.6,11.5,9459,0.0,0.94,2.4
2010-05-08,9.3,5.4,12.5,12106,0.0,0.88,1.5
2010-05-09,10.9,5.1,15.9,13774,3.4,0.89,1.4
2010-05-10,9.0,6.5,11.6,10374,1.2,0.95,1.8
2010-05-11,9.6,6.2,11.8,10678,3.2,0.92,2.3
2010-05-12,11.6,6.3,16.9,10486,0.0,0.96,2.7
2010-05-13,8.7,5.5,10.6,9793,0.0,0.87,2.0
2010-05-14,9.0,7.8,10.9,9845,10.8,1.02,1.9
2010-05-15,7.3,5.6,8.8,9895,11.8,0.88,2.9
2010-05-16,10.9,6.3,15.7,17954,0.0,0.96,3.6
2010-05-17,11.2,4.3,16.5,22402,0.0,0.85,2.7
2010-05-18,10.0,7.4,12.7,10291,24.1,1.0,3.3
2010-05-19,11.5,8.0,14.8,10085,5.6,1.05,3.2
2010-05-20,14.1,11.1,17.6,11389,0.0,1.3,2.3
2010-05-21,15.0,9.5,21.0,23661,0.0,1.21,2.1
2010-05-22,13.6,9.8,16.1,15642,0.0,1.19,2.0
2010-05-23,17.1,13.5,22.1,17079,0.1,1.54,2.3
2010-05-24,14.7,9.8,19.6,15608,4.8,1.2,2.8
2010-05-25,11.3,6.1,15.6,21223,0.0,0.94,3.0
2010-05-26,10.4,4.1,15.4,22031,5.1,0.83,2.0
2010-05-27,11.4,6.9,15.5,12435,0.8,0.99,1.9
2010-05-28,12.6,6.4,17.6,14630,0.0,0.98,2.1
2010-05-29,13.3,4.9,19.2,26484,1.1,0.91,1.8
2010-05-30,14.1,11.2,18.3,13556,7.1,1.3,3.0
2010-05-31,10.9,9.3,13.0,10534,21.7,1.13,3.3
2010-06-01,10.1,9.0,11.3,10562,2.5,1.11,2.7
2010-06-02,12.9,9.7,16.5,11481,0.0,1.19,2.9
2010-06-03,16.1,9.7,22.1,29868,0.0,1.24,2.8
2010-06-04,15.2,8.4,20.9,30157,0.0,1.13,1.9
2010-06-05,18.0,9.1,26.2,29296,0.0,1.25,1.4
2010-06-06,20.5,11.4,27.0,28305,3.8,1.42,1.7
2010-06-07,17.8,11.4,21.3,16708,0.0,1.36,3.0
2010-06-08,18.3,10.1,24.5,26440,6.2,1.29,1.9
2010-06-09,21.6,14.8,27.0,21989,1.6,1.71,1.8
2010-06-10,23.1,18.2,27.9,19067,0.1,2.08,1.9
2010-06-11,22.5,16.4,26.0,24966,2.9,1.86,3.0
2010-06-12,15.2,10.5,17.4,12190,0.1,1.24,2.8
2010-06-13,12.7,8.8,17.1,12202,0.0,1.13,2.2
2010-06-14,14.8,9.7,19.8,23344,0.0,1.21,1.6
2010-06-15,14.5,7.7,19.0,21306,0.0,1.07,2.7
2010-06-16,15.4,6.8,21.7,30017,0.0,1.04,3.1
2010-06-17,17.7,8.5,24.0,30791,0.0,1.17,2.4
2010-06-18,15.5,9.4,22.9,25292,0.0,1.21,3.0
2010-06-19,12.1,9.3,16.7,14416,0.4,1.15,2.9
2010-06-20,12.8,7.7,18.5,15824,0.0,1.07,2.2
2010-06-21,14.0,8.3,19.8,17359,0.0,1.11,1.9
2010-06-22,15.0,6.8,21.3,24265,0.0,1.04,1.6
2010-06-23,16.1,8.5,22.6,19015,0.0,1.16,1.4
2010-06-24,18.9,9.7,25.0,28601,0.0,1.27,1.4
2010-06-25,19.7,11.3,25.6,24243,0.0,1.39,1.8
2010-06-26,18.1,11.8,23.6,29090,0.0,1.4,1.8
2010-06-27,18.5,9.4,25.7,30481,0.0,1.25,1.6
2010-06-28,21.5,13.5,29.2,30592,0.0,1.62,1.5
2010-06-29,23.0,12.7,31.4,28913,0.0,1.61,1.5
2010-06-30,21.1,16.5,26.0,27105,0.0,1.86,1.8
2010-07-01,21.4,15.8,27.0,22361,0.0,1.82,1.5
2010-07-02,24.9,16.4,32.3,27059,0.0,1.98,1.6
2010-07-03,26.2,17.7,32.7,29838,0.0,2.13,1.9
2010-07-04,24.4,17.4,29.1,22035,0.2,2.02,2.0
2010-07-05,22.7,18.4,28.2,21753,2.7,2.11,2.1
2010-07-06,17.8,12.5,22.2,18415,0.0,1.44,2.6
2010-07-07,17.5,11.1,23.9,27672,0.0,1.35,1.6
2010-07-08,22.8,14.2,30.1,27254,0.0,1.71,1.6
2010-07-09,26.1,16.4,34.1,29883,0.0,2.02,1.6
2010-07-10,28.1,17.5,36.1,26667,0.0,2.15,1.6
2010-07-11,27.7,20.4,37.2,23201,0.1,2.53,1.9
2010-07-12,28.5,20.1,37.5,26074,1.7,2.51,2.2
2010-07-13,22.6,17.3,27.9,19445,0.1,1.98,1.9
2010-07-14,25.9,15.2,33.3,25221,0.0,1.88,2.3
2010-07-15,24.2,17.2,29.2,20496,0.0,1.98,2.8
2010-07-16,25.6,14.8,34.3,28401,0.0,1.84,2.0
2010-07-17,22.4,17.4,29.1,18384,0.1,2.02,2.3
2010-07-18,18.5,12.1,24.1,16069,0.0,1.43,1.9
2010-07-19,20.1,9.8,27.4,26839,0.0,1.31,1.7
2010-07-20,22.2,10.9,29.8,26903,0.0,1.43,1.9
2010-07-21,25.5,15.6,33.5,27716,0.0,1.91,2.0
2010-07-22,23.6,17.8,30.3,18503,19.3,2.07,2.0
2010-07-23,19.6,14.9,23.9,15694,0.2,1.68,1.8
2010-07-24,18.5,14.8,20.8,10394,0.0,1.64,3.4
2010-07-25,17.7,12.9,23.0,20820,0.0,1.48,2.6
2010-07-26,17.8,11.0,24.4,20505,0.0,1.35,1.6
2010-07-27,20.1,13.3,26.5,21183,0.0,1.57,1.7
2010-07-28,18.3,13.3,25.7,18010,0.0,1.57,2.4
2010-07-29,17.4,11.2,24.0,21162,0.0,1.36,2.5
2010-07-30,17.7,12.0,23.4,19110,0.0,1.41,2.3
2010-07-31,20.4,11.9,27.5,23229,0.0,1.47,2.0
2010-08-01,22.9,18.0,30.0,16255,0.2,2.08,1.9
2010-08-02,20.8,16.4,26.7,15815,1.2,1.88,1.5
2010-08-03,17.1,14.1,20.2,9619,3.6,1.57,2.0
2010-08-04,18.0,11.8,23.9,21415,0.0,1.41,2.0
2010-08-05,19.9,13.2,27.0,17059,0.0,1.58,1.9
2010-08-06,19.0,14.0,25.0,12115,2.6,1.62,2.2
2010-08-07,20.0,16.7,25.0,11440,0.0,1.88,1.9
2010-08-08,19.8,14.7,25.3,13187,1.2,1.69,1.7
2010-08-09,18.4,14.2,22.6,11544,0.2,1.59,1.6
2010-08-10,20.5,13.1,27.1,21334,0.0,1.55,1.7
2010-08-11,19.6,15.3,24.4,9842,1.9,1.73,1.9
2010-08-12,17.8,13.0,23.1,11567,13.9,1.49,1.5
2010-08-13,19.7,16.6,24.1,16376,5.4,1.86,1.5
2010-08-14,16.4,14.7,17.6,8803,3.1,1.62,2.1
2010-08-15,19.3,16.2,25.4,9208,7.0,1.83,2.7
2010-08-16,18.6,15.4,23.0,15859,0.5,1.73,2.5
2010-08-17,17.3,14.9,20.4,13178,8.5,1.66,3.0
2010-08-18,17.0,13.7,21.7,12505,1.1,1.54,3.1
2010-08-19,16.9,12.3,22.1,16149,0.0,1.43,2.6
2010-08-20,18.6,11.8,25.2,21041,0.0,1.42,1.7
2010-08-21,22.3,14.3,29.6,21958,0.0,1.7,2.0
2010-08-22,23.0,18.0,29.1,17450,0.4,2.07,2.1
2010-08-23,20.8,17.3,24.3,11945,0.1,1.93,2.8
2010-08-24,19.2,13.0,22.6,19734,0.3,1.51,4.0
2010-08-25,16.5,13.1,20.3,14717,1.0,1.48,3.2
2010-08-26,15.2,13.0,17.1,8047,13.4,1.45,2.2
2010-08-27,15.9,13.7,17.7,7857,6.0,1.53,3.1
2010-08-28,13.6,10.3,18.3,13271,0.8,1.24,2.9
2010-08-29,12.8,9.8,17.4,10825,10.3,1.2,3.1
2010-08-30,11.8,9.5,14.8,8956,2.8,1.15,3.3
2010-08-31,13.4,10.0,18.3,18581,0.1,1.22,2.7
2010-09-01,13.7,10.5,18.3,10979,0.1,1.25,2.0
2010-09-02,13.1,9.1,18.5,9243,1.8,1.15,1.8
2010-09-03,11.7,6.2,17.7,14797,0.4,0.97,1.4
2010-09-04,12.0,8.1,17.8,12623,0.9,1.08,1.6
2010-09-05,12.7,6.9,18.1,18733,0.0,1.01,2.0
2010-09-06,11.6,4.7,18.2,18796,0.0,0.88,2.6
2010-09-07,12.3,5.7,18.0,12814,0.0,0.94,3.1
2010-09-08,14.8,10.4,19.4,10379,1.0,1.25,3.3
2010-09-09,13.9,12.5,15.0,6822,4.2,1.4,2.2
2010-09-10,15.6,12.2,19.8,10171,3.8,1.4,2.0
2010-09-11,16.0,10.0,22.3,17294,0.0,1.25,1.8
2010-09-12,17.8,11.3,23.9,14884,1.9,1.38,1.6
2010-09-13,15.2,12.1,18.9,9550,3.5,1.38,2.3
2010-09-14,13.8,12.1,15.6,6412,12.2,1.37,3.4
2010-09-15,14.6,11.9,17.5,12855,3.7,1.36,4.1
2010-09-16,13.0,9.2,16.7,11430,0.1,1.15,3.6
2010-09-17,12.2,9.5,15.8,10319,0.1,1.16,3.2
2010-09-18,11.1,8.3,13.8,10107,0.1,1.07,2.6
2010-09-19,11.9,7.6,16.6,13110,0.1,1.04,2.4
2010-09-20,14.5,11.4,17.3,6112,0.1,1.31,2.5
2010-09-21,13.9,7.4,17.6,10245,0.0,1.03,1.8
2010-09-22,13.0,4.8,20.2,16211,0.0,0.92,1.5
2010-09-23,16.0,9.1,23.8,15665,0.0,1.21,1.7
2010-09-24,17.9,12.9,24.0,14004,0.0,1.5,2.0
2010-09-25,12.2,9.4,15.1,5510,23.8,1.14,2.2
2010-09-26,10.7,9.6,11.4,5429,26.6,1.14,2.2
2010-09-27,13.4,10.7,14.8,5349,1.4,1.25,3.0
2010-09-28,10.8,8.9,12.4,5268,0.0,1.1,2.5
2010-09-29,9.2,6.8,12.3,6708,0.1,0.97,1.7
2010-09-30,7.8,3.1,12.1,7854,0.0,0.76,1.7
2010-10-01,7.1,1.9,12.5,13627,0.0,0.71,2.1
2010-10-02,9.2,4.8,12.9,6775,0.0,0.85,2.6
2010-10-03,12.5,8.5,17.8,12703,0.0,1.1,3.1
2010-10-04,13.2,8.8,18.0,12890,0.0,1.13,3.0
2010-10-05,14.0,12.2,16.3,6657,0.0,1.38,2.3
2010-10-06,15.0,12.6,18.7,11322,0.0,1.43,2.4
2010-10-07,14.1,11.4,16.8,6382,0.0,1.3,1.9
2010-10-08,12.1,9.2,16.7,9970,0.0,1.15,2.5
2010-10-09,9.7,4.7,16.5,9838,0.0,0.87,2.6
2010-10-10,7.6,1.6,14.9,12590,0.0,0.71,2.4
2010-10-11,4.3,-0.2,9.5,4819,0.0,0.61,2.1
2010-10-12,4.4,0.0,11.4,8268,0.0,0.63,1.4
2010-10-13,5.6,-0.9,13.9,10866,0.0,0.6,1.5
2010-10-14,7.1,1.5,11.0,5350,0.0,0.68,1.9
2010-10-15,8.6,5.6,10.5,4051,4.6,0.88,1.6
2010-10-16,5.9,4.8,7.5,3905,3.3,0.83,2.6
2010-10-17,6.1,2.3,10.6,7099,0.0,0.72,2.2
2010-10-18,5.6,2.0,10.3,10586,1.0,0.7,1.9
2010-10-19,5.6,3.0,7.6,3699,2.3,0.74,3.2
2010-10-20,7.0,4.2,9.8,4205,2.6,0.8,3.6
2010-10-21,4.9,1.9,6.8,3778,0.6,0.68,3.7
2010-10-22,6.7,4.4,8.7,3500,0.1,0.81,2.9
2010-10-23,6.6,1.4,11.3,8208,0.0,0.68,3.2
2010-10-24,8.3,3.9,10.6,3509,0.4,0.79,3.8
2010-10-25,5.1,1.8,9.1,7969,0.0,0.69,2.6
2010-10-26,5.0,1.8,8.8,8186,0.0,0.69,2.0
2010-10-27,6.6,1.6,10.3,3650,0.6,0.68,2.7
2010-10-28,9.2,7.4,11.1,3715,0.0,1.0,2.7
2010-10-29,9.3,5.3,13.1,8023,0.0,0.88,2.4
2010-10-30,10.4,6.9,14.5,5808,0.0,0.98,2.4
2010-10-31,7.8,2.6,11.9,3897,0.0,0.73,1.7
2010-11-01,6.0,1.4,9.0,2900,0.0,0.67,1.4
2010-11-02,8.2,6.8,9.7,2846,0.0,0.95,2.4
2010-11-03,11.2,8.6,13.9,2853,8.5,1.08,4.0
2010-11-04,13.3,8.8,15.8,2740,4.5,1.11,4.5
2010-11-05,13.7,9.1,15.7,2689,18.9,1.13,4.6
2010-11-06,7.9,3.2,10.3,2988,2.2,0.76,3.2
2010-11-07,2.4,-0.4,5.2,2647,0.2,0.58,1.7
2010-11-08,2.4,0.5,3.4,2542,1.3,0.61,2.2
2010-11-09,3.5,0.7,4.8,2495,0.0,0.62,2.0
2010-11-10,4.8,-1.4,9.3,3615,0.3,0.56,2.1
2010-11-11,5.9,3.9,7.8,2898,4.2,0.78,4.3
2010-11-12,9.1,6.0,11.6,2632,1.1,0.91,6.1
2010-11-13,10.0,8.4,11.6,2318,3.5,1.06,4.4
2010-11-14,12.9,9.6,17.2,3918,0.0,1.18,2.9
2010-11-15,10.0,6.3,14.0,2551,3.3,0.94,2.4
2010-11-16,5.8,4.2,7.2,2198,10.2,0.79,2.3
2010-11-17,3.8,3.0,4.5,2160,0.1,0.73,2.4
2010-11-18,5.1,3.7,5.8,2123,9.2,0.76,1.8
2010-11-19,5.8,4.6,6.5,2288,0.0,0.82,1.8
2010-11-20,5.9,4.9,6.9,2053,0.0,0.84,1.5
2010-11-21,3.8,2.5,5.2,2020,0.4,0.7,2.3
2010-11-22,4.0,2.8,4.8,1988,9.7,0.72,3.1
2010-11-23,3.2,1.3,4.4,1957,2.3,0.65,3.8
2010-11-24,0.9,-0.7,2.2,1927,0.2,0.56,3.3
2010-11-25,-0.8,-3.2,1.6,4481,0.0,0.47,1.8
2010-11-26,-1.6,-3.3,-0.5,1871,0.0,0.46,1.8
2010-11-27,-2.1,-3.4,-0.5,1890,0.0,0.46,1.4
2010-11-28,-2.3,-4.2,-0.1,3919,0.0,0.43,1.9
2010-11-29,-1.2,-2.5,-0.9,1795,0.0,0.49,3.1
2010-11-30,-4.3,-7.6,-2.5,3297,0.0,0.33,2.9
2010-12-01,-9.0,-10.5,-7.6,2284,1.8,0.26,4.4
2010-12-02,-9.2,-13.4,-7.4,1729,1.7,0.21,2.4
2010-12-03,-7.0,-13.5,-4.2,1709,0.0,0.22,1.8
2010-12-04,-7.0,-10.2,-3.5,4170,0.7,0.27,3.0
2010-12-05,-0.6,-4.4,1.4,1673,0.4,0.43,3.5
2010-12-06,0.3,-7.0,1.5,1657,0.0,0.36,1.7
2010-12-07,-3.5,-7.8,-1.2,1642,0.0,0.33,1.6
2010-12-08,-2.9,-3.6,-1.4,1628,6.5,0.45,2.0
2010-12-09,-1.5,-4.1,0.9,1615,0.2,0.44,4.2
2010-12-10,-2.2,-4.5,1.1,1603,3.9,0.43,3.4
2010-12-11,3.5,0.7,5.4,1592,1.9,0.62,5.3
2010-12-12,0.4,-3.1,3.8,1582,0.0,0.48,4.0
2010-12-13,-3.4,-4.7,-1.2,1989,0.5,0.42,2.6
2010-12-14,-1.9,-3.4,-0.6,1566,0.4,0.46,2.9
2010-12-15,-3.0,-5.7,-1.2,1560,0.1,0.39,3.0
2010-12-16,-4.3,-5.8,-2.8,1925,2.3,0.38,3.4
2010-12-17,-3.7,-5.7,-2.3,1550,2.3,0.38,2.1
2010-12-18,-10.2,-17.7,-5.0,4337,0.0,0.16,1.8
2010-12-19,-11.2,-17.3,-6.0,1709,3.2,0.16,2.4
2010-12-20,-6.7,-10.0,-5.0,1544,0.1,0.28,2.7
2010-12-21,-8.7,-12.5,-6.5,1544,0.0,0.23,1.6
2010-12-22,-4.7,-8.5,-1.0,1546,5.0,0.32,2.1
2010-12-23,-0.4,-1.0,0.4,1548,0.7,0.54,2.8
2010-12-24,-1.0,-3.0,-0.1,1551,3.2,0.47,3.9
2010-12-25,-5.2,-7.5,-3.0,1556,0.0,0.33,3.1
2010-12-26,-8.0,-11.5,-5.5,1562,0.7,0.25,2.0
2010-12-27,-4.2,-7.0,-2.6,1568,3.9,0.35,2.0
2010-12-28,-7.6,-9.9,-5.0,1576,0.0,0.28,1.9
2010-12-29,-8.9,-10.9,-6.8,1585,0.0,0.26,1.6
2010-12-30,-9.8,-13.2,-3.5,1595,0.1,0.23,1.5
2010-12-31,0.6,-3.5,1.8,1606,0.0,0.46,2.3
2011-01-01,2.3,0.8,3.5,2168,0.0,0.62,3.4
2011-01-02,-0.1,-3.2,1.5,2567,0.0,0.47,2.6
2011-01-03,-1.8,-4.8,-0.5,1646,0.5,0.41,1.9
2011-01-04,-1.5,-7.4,0.4,1662,0.0,0.35,2.1
2011-01-05,-6.5,-9.0,-4.0,4149,0.0,0.3,2.8
2011-01-06,0.3,-5.6,4.5,1696,4.8,0.4,3.5
2011-01-07,3.4,2.1,7.4,1759,2.3,0.69,2.5
2011-01-08,5.4,2.4,7.8,2710,0.3,0.7,3.2
2011-01-09,4.9,1.6,7.1,1757,0.9,0.67,2.6
2011-01-10,1.5,-1.6,4.8,4887,0.0,0.53,1.9
2011-01-11,0.5,-2.5,3.5,1802,0.1,0.5,2.7
2011-01-12,3.5,2.4,4.7,1965,2.5,0.7,3.4
2011-01-13,4.9,2.7,9.6,1853,5.3,0.73,3.2
2011-01-14,10.1,9.1,11.1,1880,5.2,1.11,3.6
2011-01-15,8.2,6.9,9.9,2993,1.2,0.96,3.7
2011-01-16,7.9,5.9,10.1,2461,0.0,0.9,2.7
2011-01-17,4.5,1.4,8.4,5291,0.0,0.67,2.1
2011-01-18,5.5,3.2,8.4,1999,1.2,0.75,2.2
2011-01-19,2.8,1.2,4.1,2425,0.3,0.64,2.2
2011-01-20,0.7,-1.0,1.9,2065,0.0,0.55,2.1
2011-01-21,-0.5,-1.6,0.0,2100,0.0,0.52,2.1
2011-01-22,-0.3,-2.3,1.9,4223,0.0,0.5,1.8
2011-01-23,0.6,-0.2,1.5,2174,2.3,0.58,1.8
2011-01-24,0.9,-0.2,3.2,2212,1.8,0.58,2.3
2011-01-25,2.5,0.8,3.5,2252,3.6,0.62,3.6
2011-01-26,0.2,-1.7,2.1,2293,1.3,0.52,2.3
2011-01-27,-1.2,-4.1,0.2,3144,0.0,0.43,2.6
2011-01-28,-2.8,-5.9,0.8,6091,0.0,0.38,2.5
2011-01-29,-3.1,-6.6,1.8,6733,0.0,0.37,1.7
2011-01-30,-2.5,-7.1,0.3,2467,0.0,0.35,1.6
2011-01-31,-5.3,-7.5,-3.4,2514,0.0,0.34,1.5
2011-02-01,-4.2,-5.3,-3.0,2562,0.0,0.4,2.4
2011-02-02,0.0,-3.1,1.7,2610,0.0,0.47,3.0
2011-02-03,2.2,-0.2,4.2,2660,0.4,0.58,3.3
2011-02-04,5.3,1.4,10.3,2711,1.2,0.68,5.4
2011-02-05,10.0,8.8,10.6,2763,5.5,1.08,6.1
2011-02-06,9.4,8.5,10.3,2817,2.5,1.06,4.2
2011-02-07,8.1,4.7,9.5,4786,0.0,0.83,3.7
2011-02-08,5.8,1.0,9.3,5678,0.0,0.65,3.4
2011-02-09,1.0,-0.5,4.1,5009,0.0,0.57,1.7
2011-02-10,2.8,-0.7,6.5,3809,5.2,0.57,2.5
2011-02-11,4.6,0.3,6.1,4916,0.9,0.61,3.4
2011-02-12,-0.1,-1.9,1.9,8153,0.0,0.51,2.9
2011-02-13,0.3,-1.4,1.1,3219,0.1,0.53,2.5
2011-02-14,-0.1,-1.2,0.9,3280,0.0,0.54,3.3
2011-02-15,-0.9,-2.9,1.4,3888,0.0,0.48,3.2
2011-02-16,-0.4,-2.7,2.6,5062,0.0,0.49,2.7
2011-02-17,-1.6,-2.8,-0.6,3471,0.0,0.48,2.5
2011-02-18,-1.9,-2.7,-1.2,3536,0.0,0.48,2.1
2011-02-19,-2.4,-3.5,-1.8,3602,0.0,0.45,2.6
2011-02-20,-4.2,-7.8,-1.9,7506,0.0,0.33,3.4
2011-02-21,-5.9,-9.1,-3.1,8571,0.0,0.3,2.8
2011-02-22,-8.0,-11.9,-3.5,10772,0.0,0.24,2.4
2011-02-23,-8.3,-12.8,-4.0,10922,0.0,0.23,2.2
2011-02-24,-4.7,-9.2,1.0,5539,0.0,0.31,2.3
2011-02-25,-3.7,-8.6,1.6,10766,0.0,0.32,2.1
2011-02-26,-1.5,-8.0,5.3,11613,0.0,0.35,2.7
2011-02-27,0.3,-4.5,4.4,8711,0.0,0.44,2.6
2011-02-28,3.6,-0.9,10.5,11610,0.0,0.58,2.1
2011-03-01,0.9,-3.8,7.1,12166,0.0,0.47,2.7
2011-03-02,0.0,-3.9,6.3,11030,0.0,0.47,3.6
2011-03-03,0.5,-5.2,7.5,12733,0.0,0.44,2.6
2011-03-04,-1.8,-6.3,5.0,9421,0.0,0.39,1.8
2011-03-05,0.6,-2.6,6.2,6873,0.0,0.5,2.4
2011-03-06,0.3,-4.5,5.7,13817,0.0,0.44,2.4
2011-03-07,-1.3,-7.3,4.9,13903,0.0,0.37,2.7
2011-03-08,1.7,-4.8,8.7,14074,0.0,0.45,2.5
2011-03-09,5.7,-0.3,13.3,8846,0.0,0.63,3.5
2011-03-10,7.2,3.1,10.9,8613,0.5,0.75,4.3
2011-03-11,6.9,2.9,10.0,7662,0.0,0.74,3.6
2011-03-12,6.1,0.4,12.8,11979,0.0,0.65,2.1
2011-03-13,8.8,2.0,15.9,9682,1.8,0.74,1.7
2011-03-14,8.3,5.7,10.9,5331,2.1,0.89,1.3
2011-03-15,7.1,3.1,10.8,7347,0.0,0.75,3.2
2011-03-16,4.1,2.4,6.8,5494,1.1,0.7,3.9
2011-03-17,3.7,2.9,5.8,5576,12.0,0.73,3.0
2011-03-18,3.3,1.7,5.2,5659,0.0,0.67,3.1
2011-03-19,4.5,1.7,8.8,13086,0.0,0.67,2.3
2011-03-20,1.9,-0.2,6.3,8998,0.0,0.59,1.6
2011-03-21,5.2,-1.4,12.2,16381,0.0,0.58,1.9
2011-03-22,8.8,2.4,14.4,14887,0.0,0.75,2.1
2011-03-23,7.5,2.9,12.6,16027,0.0,0.75,2.1
2011-03-24,9.1,3.0,16.2,14996,0.0,0.79,2.3
2011-03-25,7.7,5.5,10.4,6239,1.0,0.88,2.4
2011-03-26,4.4,-0.4,8.0,10659,0.0,0.59,2.2
2011-03-27,1.6,-2.4,8.1,12501,0.0,0.52,1.5
2011-03-28,3.8,-1.9,9.4,13652,0.0,0.54,2.1
2011-03-29,5.5,-1.5,13.2,18630,0.0,0.58,1.7
2011-03-30,8.0,-1.5,15.5,15995,0.0,0.6,1.8
2011-03-31,11.5,6.6,15.7,8619,1.3,0.97,3.4
2011-04-01,13.9,11.5,17.3,14079,0.1,1.32,3.4
2011-04-02,15.5,10.7,21.4,14632,0.0,1.3,2.1
2011-04-03,15.3,10.2,21.7,15936,17.8,1.27,1.9
2011-04-04,10.2,8.3,14.6,10606,0.5,1.08,2.6
2011-04-05,10.5,5.9,14.1,13946,0.0,0.91,3.1
2011-04-06,12.3,10.3,14.3,7230,0.0,1.21,3.1
2011-04-07,13.4,6.5,18.7,13862,0.0,0.98,4.0
2011-04-08,9.5,5.3,15.6,11345,0.0,0.89,4.3
2011-04-09,9.1,3.0,14.2,20722,0.0,0.77,3.1
2011-04-10,10.1,2.4,17.8,21096,0.0,0.77,1.7
2011-04-11,13.8,5.8,21.1,17677,0.0,0.98,1.8
2011-04-12,9.0,5.7,11.9,11750,1.6,0.9,4.8
2011-04-13,6.1,5.1,6.7,7789,4.9,0.85,4.2
2011-04-14,6.8,4.9,9.0,7980,0.4,0.84,1.9
2011-04-15,8.5,4.1,13.8,13296,0.0,0.81,1.6
2011-04-16,10.0,1.3,16.5,17059,0.0,0.71,1.5
2011-04-17,11.8,6.0,17.1,14303,0.0,0.95,1.7
2011-04-18,11.6,2.7,19.6,20178,0.0,0.8,1.6
2011-04-19,13.6,4.0,21.2,22624,0.0,0.88,1.9
2011-04-20,15.2,8.4,21.6,23341,0.0,1.14,1.5
2011-04-21,15.4,4.9,23.1,23827,0.0,0.96,1.6
2011-04-22,16.8,6.1,24.1,23726,0.0,1.03,2.2
2011-04-23,17.6,10.8,23.6,23857,0.0,1.33,2.5
2011-04-24,15.0,6.8,21.6,24340,0.0,1.03,2.3
2011-04-25,12.6,5.0,18.7,16516,0.0,0.91,2.3
2011-04-26,13.1,7.2,20.6,14112,7.3,1.05,2.1
2011-04-27,14.4,9.5,19.8,15633,0.0,1.19,2.1
2011-04-28,15.4,8.2,23.2,17642,0.0,1.14,2.5
2011-04-29,14.9,8.4,22.1,23872,0.0,1.15,3.5
2011-04-30,11.4,5.7,17.7,26036,0.0,0.94,3.6
2011-05-01,9.0,3.2,14.4,25789,0.4,0.78,3.0
2011-05-02,6.2,2.9,11.0,10123,1.8,0.74,3.1
2011-05-03,6.4,-0.1,11.6,20656,0.1,0.62,2.6
2011-05-04,6.8,0.6,12.1,17943,0.1,0.66,1.9
2011-05-05,8.2,-1.3,16.2,26224,0.0,0.61,1.5
2011-05-06,13.1,2.8,21.2,25959,0.0,0.83,1.9
2011-05-07,16.2,5.8,23.3,26796,0.0,1.0,2.6
2011-05-08,15.5,7.2,23.1,26894,0.0,1.08,3.1
2011-05-09,17.7,10.0,24.4,26619,0.0,1.29,2.9
2011-05-10,19.2,9.9,27.3,25227,0.0,1.31,1.6
2011-05-11,18.2,11.4,26.8,22461,3.9,1.41,1.8
2011-05-12,15.8,10.5,23.3,16824,2.6,1.3,2.0
2011-05-13,13.3,7.9,19.1,20127,0.0,1.08,2.2
2011-05-14,13.5,6.8,22.0,14834,5.0,1.05,2.4
2011-05-15,10.5,6.1,15.1,19891,0.5,0.94,2.9
2011-05-16,10.8,6.4,14.3,12698,2.0,0.95,3.3
2011-05-17,14.0,11.8,16.9,10996,0.4,1.34,3.0
2011-05-18,16.8,9.7,23.7,26109,0.0,1.26,2.0
2011-05-19,17.9,10.0,26.0,22657,0.1,1.31,1.7
2011-05-20,16.7,10.7,24.7,18942,9.9,1.34,1.5
2011-05-21,17.1,10.9,22.7,25047,0.0,1.32,1.5
2011-05-22,19.1,12.1,27.3,19049,3.4,1.49,2.5
2011-05-23,15.6,10.1,21.2,25671,0.0,1.26,2.4
2011-05-24,14.6,7.7,21.4,22818,0.0,1.1,3.3
2011-05-25,13.3,6.3,19.4,25148,0.0,0.99,2.3
2011-05-26,18.1,6.7,26.9,24312,0.0,1.11,3.4
2011-05-27,15.5,10.0,19.7,18271,0.0,1.23,3.4
2011-05-28,14.0,8.4,18.7,19074,0.0,1.11,2.5
2011-05-29,16.8,12.2,21.5,18224,0.0,1.41,2.8
2011-05-30,22.2,12.4,30.0,29453,0.0,1.56,2.1
2011-05-31,20.4,13.1,30.6,22115,4.8,1.62,2.8
2011-06-01,14.0,8.4,19.1,16930,0.0,1.11,2.9
2011-06-02,15.8,7.3,22.8,29831,0.0,1.08,2.6
2011-06-03,18.9,9.3,25.8,29485,0.0,1.26,2.8
2011-06-04,20.8,10.3,28.4,29520,0.0,1.36,2.4
2011-06-05,24.4,15.7,32.0,26616,0.0,1.9,2.3
2011-06-06,22.4,16.6,31.3,22687,36.7,1.97,2.1
2011-06-07,20.2,16.8,24.7,17347,0.8,1.88,1.7
2011-06-08,18.6,13.2,24.7,14812,13.5,1.53,2.7
2011-06-09,16.3,12.0,20.4,24034,0.0,1.39,2.6
2011-06-10,16.0,11.0,20.1,24565,0.0,1.3,1.5
2011-06-11,16.4,10.5,22.0,21897,0.0,1.29,1.9
2011-06-12,16.3,8.8,21.5,25238,0.0,1.16,1.4
2011-06-13,19.0,12.1,24.9,26275,0.0,1.46,2.1
2011-06-14,18.7,13.4,22.8,15667,1.5,1.53,1.9
2011-06-15,18.4,11.9,23.5,23994,0.0,1.42,1.4
2011-06-16,21.4,15.2,27.2,20930,1.5,1.76,2.2
2011-06-17,17.4,13.6,21.5,22344,2.6,1.55,2.6
2011-06-18,16.0,10.9,22.0,17357,3.7,1.32,3.5
2011-06-19,13.4,10.5,18.1,16847,7.8,1.26,4.3
2011-06-20,14.7,11.5,19.4,16976,6.3,1.34,3.0
2011-06-21,16.7,9.9,22.5,17615,0.0,1.24,2.4
2011-06-22,19.3,13.2,26.7,20171,9.4,1.56,2.5
2011-06-23,16.4,12.1,21.2,19526,6.2,1.39,3.0
2011-06-24,13.8,11.0,17.5,21822,3.6,1.29,2.9
2011-06-25,14.6,9.9,18.8,20918,0.0,1.22,2.5
2011-06-26,16.8,13.0,22.4,13877,0.1,1.49,1.8
2011-06-27,19.7,10.9,26.1,30609,0.0,1.38,1.9
2011-06-28,21.0,14.0,27.0,30720,0.0,1.65,2.3
2011-06-29,22.2,14.5,29.0,29296,0.0,1.73,2.3
2011-06-30,14.8,9.8,18.5,11529,4.0,1.2,3.1
2011-07-01,14.3,8.2,19.6,22872,0.1,1.11,2.7
2011-07-02,12.2,11.3,13.6,10731,41.9,1.29,3.5
2011-07-03,15.6,13.6,17.4,10713,6.8,1.51,3.5
2011-07-04,15.8,14.6,16.7,10694,14.2,1.6,2.2
2011-07-05,19.1,15.3,24.2,24173,0.0,1.74,1.4
2011-07-06,20.4,14.0,27.8,26307,6.5,1.65,2.1
2011-07-07,20.9,15.9,26.3,21312,1.0,1.8,1.8
2011-07-08,20.2,15.7,24.3,20009,0.0,1.76,2.4
2011-07-09,21.4,13.4,28.6,22643,0.5,1.61,2.3
2011-07-10,20.1,16.2,25.1,19560,11.7,1.84,1.7
2011-07-11,17.9,13.8,23.1,17494,0.1,1.56,1.7
2011-07-12,20.3,12.3,26.3,24807,0.0,1.48,2.2
2011-07-13,20.6,17.4,26.0,15014,22.1,1.98,2.9
2011-07-14,17.2,14.3,20.7,12826,0.0,1.59,3.8
2011-07-15,15.5,13.5,17.0,12031,0.0,1.5,3.3
2011-07-16,19.2,11.5,24.7,27518,0.0,1.41,2.4
2011-07-17,19.3,14.9,24.7,12584,10.1,1.68,3.1
2011-07-18,17.8,12.6,22.7,23121,1.0,1.46,3.3
2011-07-19,18.5,11.8,24.0,26210,0.0,1.42,2.0
2011-07-20,18.5,13.9,22.3,10447,0.0,1.56,2.8
2011-07-21,16.7,15.1,18.4,10153,13.5,1.67,2.7
2011-07-22,13.4,12.5,15.4,10110,12.0,1.39,3.9
2011-07-23,15.1,11.3,18.9,16820,0.0,1.32,3.7
2011-07-24,14.4,9.7,17.9,15889,0.0,1.19,3.5
2011-07-25,14.0,11.5,16.3,9972,0.8,1.32,1.9
2011-07-26,17.9,12.7,24.1,24737,0.0,1.5,1.4
2011-07-27,18.6,12.3,24.1,21183,0.0,1.46,1.5
2011-07-28,18.1,13.7,23.1,12925,2.3,1.56,1.9
2011-07-29,14.7,13.4,16.5,9772,42.8,1.49,2.8
2011-07-30,15.9,13.3,18.6,9719,14.9,1.49,3.3
2011-07-31,15.7,14.2,17.2,9665,0.6,1.56,2.4
2011-08-01,17.8,13.8,22.6,14040,0.6,1.56,1.5
2011-08-02,18.9,11.2,25.4,26375,0.0,1.4,1.9
2011-08-03,20.5,12.4,26.1,24196,0.0,1.49,2.2
2011-08-04,19.8,17.2,23.2,9683,1.6,1.92,1.9
2011-08-05,19.7,14.9,24.2,16450,1.6,1.7,1.9
2011-08-06,22.6,15.0,28.4,21965,1.2,1.76,1.9
2011-08-07,19.4,14.1,22.0,12896,0.1,1.59,2.8
2011-08-08,16.4,13.4,21.1,18871,2.8,1.51,3.5
2011-08-09,15.8,13.4,20.0,14439,1.1,1.51,4.4
2011-08-10,14.9,12.5,18.6,11954,0.1,1.42,3.3
2011-08-11,18.4,14.0,23.8,11281,3.1,1.59,3.3
2011-08-12,17.7,15.3,22.1,12403,7.1,1.69,2.4
2011-08-13,18.0,14.9,22.8,19951,0.0,1.68,1.7
2011-08-14,19.3,14.5,24.9,13196,16.3,1.66,2.3
2011-08-15,17.8,14.6,22.3,15362,0.0,1.63,2.0
2011-08-16,16.3,11.1,20.4,13972,0.0,1.32,1.4
2011-08-17,18.6,12.8,24.6,17055,0.0,1.51,1.6
2011-08-18,20.6,13.7,26.7,19177,1.1,1.6,1.7
2011-08-19,18.9,12.4,23.6,14867,0.0,1.46,3.3
2011-08-20,16.7,10.8,22.4,23713,0.0,1.32,1.8
2011-08-21,20.1,12.8,24.7,15827,0.0,1.51,1.8
2011-08-22,21.4,16.4,25.5,19754,0.0,1.85,1.9
2011-08-23,17.6,15.0,20.1,10225,2.2,1.66,2.1
2011-08-24,20.9,14.6,27.9,16764,14.0,1.71,1.8
2011-08-25,21.3,17.4,26.6,17559,0.0,1.97,1.6
2011-08-26,25.2,18.5,30.6,21513,0.0,2.15,2.7
2011-08-27,17.1,13.1,23.3,7857,5.9,1.51,3.2
2011-08-28,15.4,11.9,18.7,12151,0.0,1.37,2.9
2011-08-29,13.7,11.2,17.9,11494,2.2,1.3,3.2
2011-08-30,13.0,10.6,16.8,9843,0.4,1.24,2.6
2011-08-31,14.3,9.7,19.4,13284,0.0,1.21,1.8
2011-09-01,14.2,9.3,18.4,10979,0.0,1.17,1.4
2011-09-02,15.3,8.9,21.9,16229,0.0,1.17,1.3
2011-09-03,20.2,11.6,27.7,20767,0.0,1.45,1.5
2011-09-04,21.8,16.9,27.9,14782,6.8,1.93,1.8
2011-09-05,18.1,13.2,20.9,7361,1.3,1.5,2.9
2011-09-06,16.7,11.7,21.4,16130,2.9,1.37,3.7
2011-09-07,15.5,13.0,17.9,11012,2.0,1.46,4.3
2011-09-08,13.3,11.2,15.9,7325,2.2,1.29,3.7
2011-09-09,13.7,11.1,17.1,6822,5.3,1.29,2.0
2011-09-10,18.1,13.6,22.4,8404,0.0,1.54,1.8
2011-09-11,20.7,17.0,27.6,14610,12.7,1.94,2.3
2011-09-12,18.3,15.3,21.7,15191,0.0,1.69,3.9
2011-09-13,17.9,13.2,21.2,15864,0.0,1.49,3.9
2011-09-14,15.1,12.2,18.1,11569,0.0,1.38,3.5
2011-09-15,14.1,10.0,18.1,12454,0.0,1.21,2.6
2011-09-16,12.2,8.6,17.1,14220,0.0,1.1,1.6
2011-09-17,15.6,10.1,22.5,12693,0.0,1.27,2.3
2011-09-18,15.1,11.6,18.2,6279,5.5,1.33,2.3
2011-09-19,13.4,9.6,18.1,15155,0.0,1.18,2.2
2011-09-20,13.9,8.0,19.5,15870,0.0,1.09,2.1
2011-09-21,14.3,9.1,20.3,13216,0.0,1.17,2.1
2011-09-22,15.0,9.7,18.6,9937,0.0,1.19,2.7
2011-09-23,12.1,7.6,17.5,13214,0.0,1.05,1.8
2011-09-24,12.9,5.5,20.1,15593,0.0,0.94,1.5
2011-09-25,15.0,8.6,22.4,15518,0.0,1.17,1.2
2011-09-26,17.0,9.1,24.6,14431,0.0,1.23,1.5
2011-09-27,15.9,9.5,20.7,7261,0.1,1.2,1.2
2011-09-28,13.5,6.1,21.6,13839,0.0,1.0,1.5
2011-09-29,15.6,8.1,25.4,14754,0.0,1.17,1.4
2011-09-30,16.7,8.4,26.0,14763,0.0,1.21,1.4
2011-10-01,16.9,8.4,26.2,14417,0.0,1.19,1.1
2011-10-02,16.7,8.8,25.2,14162,0.0,1.21,1.1
2011-10-03,17.3,10.7,23.0,10638,0.0,1.31,1.9
2011-10-04,18.6,15.2,23.2,10504,0.0,1.71,2.8
2011-10-05,15.8,13.8,18.1,5223,0.1,1.54,3.0
2011-10-06,15.3,9.3,20.8,6728,5.1,1.2,4.2
2011-10-07,9.6,6.8,12.0,8284,0.4,0.96,3.8
2011-10-08,8.7,5.6,12.1,9970,2.1,0.89,3.8
2011-10-09,8.4,4.8,12.7,9271,4.6,0.85,2.6
2011-10-10,12.9,8.0,16.0,4338,7.2,1.06,4.0
2011-10-11,12.5,10.3,13.5,4264,15.4,1.2,4.3
2011-10-12,9.9,6.6,12.6,9131,0.0,0.95,3.2
2011-10-13,8.0,3.1,13.7,10944,0.0,0.77,1.9
2011-10-14,5.4,1.2,11.7,9646,0.0,0.67,1.7
2011-10-15,5.3,-0.3,11.6,11562,0.0,0.61,2.0
2011-10-16,7.1,1.6,13.0,11332,0.0,0.7,2.0
2011-10-17,7.9,2.7,14.7,10362,0.0,0.76,2.0
2011-10-18,8.4,4.1,15.3,6187,1.4,0.83,3.6
2011-10-19,8.4,5.1,12.3,7903,0.4,0.87,3.2
2011-10-20,5.9,3.5,9.4,6140,0.0,0.77,2.5
2011-10-21,5.5,2.2,10.7,8027,0.0,0.71,1.9
2011-10-22,5.1,0.3,10.8,9939,0.0,0.63,2.1
2011-10-23,5.1,-0.2,11.4,9799,0.0,0.61,2.4
2011-10-24,6.9,3.1,10.3,5833,0.0,0.75,3.7
2011-10-25,9.4,7.6,10.9,5268,0.1,1.01,3.5
2011-10-26,10.2,5.3,12.1,3249,0.1,0.87,2.0
2011-10-27,9.4,4.5,13.4,3254,0.0,0.83,2.1
2011-10-28,11.3,7.6,15.2,6775,0.0,1.03,1.5
2011-10-29,9.6,3.9,15.8,5579,0.0,0.83,1.5
2011-10-30,11.4,8.6,15.5,4347,0.0,1.09,1.8
2011-10-31,11.6,8.3,14.5,3835,0.0,1.07,1.6
2011-11-01,10.1,6.0,14.3,7116,0.0,0.92,2.1
2011-11-02,6.3,3.4,8.0,2846,0.0,0.76,2.0
2011-11-03,8.1,5.1,12.6,6483,0.0,0.86,2.6
2011-11-04,7.8,5.2,11.1,4294,0.0,0.86,2.4
2011-11-05,7.3,3.1,12.4,5817,0.0,0.76,2.1
2011-11-06,8.3,2.8,14.6,6720,0.0,0.76,1.9
2011-11-07,7.0,1.8,12.9,6794,0.0,0.71,2.4
2011-11-08,6.0,0.0,12.2,6126,0.0,0.63,2.1
2011-11-09,3.6,-0.1,6.2,2495,0.0,0.59,1.6
2011-11-10,3.5,0.8,4.9,2449,0.0,0.63,2.5
2011-11-11,2.2,0.2,4.6,5422,0.0,0.6,3.2
2011-11-12,1.6,-1.4,6.0,6535,0.0,0.54,2.1
2011-11-13,1.1,-3.7,7.7,6229,0.0,0.48,1.4
2011-11-14,-0.2,-4.3,4.8,4501,0.0,0.44,1.4
2011-11-15,1.7,0.7,2.4,2237,0.0,0.62,1.9
2011-11-16,2.0,-1.4,5.2,4164,0.0,0.54,2.1
2011-11-17,-0.2,-2.5,0.4,2160,0.0,0.49,1.8
2011-11-18,1.6,-0.8,4.1,2123,0.5,0.56,1.4
2011-11-19,5.9,3.7,8.2,2088,0.0,0.77,1.4
2011-11-20,5.6,1.0,7.0,2053,0.0,0.64,1.4
2011-11-21,2.1,-2.2,7.7,5445,0.0,0.53,1.4
2011-11-22,1.7,-0.7,5.0,3682,0.0,0.57,1.5
2011-11-23,0.6,-0.1,1.4,1957,0.0,0.58,1.5
2011-11-24,4.8,0.5,9.5,3397,0.0,0.63,2.1
2011-11-25,5.5,1.1,10.1,4481,0.6,0.66,3.0
2011-11-26,7.2,5.5,9.1,3220,0.0,0.88,3.7
2011-11-27,9.5,7.9,10.6,1844,0.0,1.03,5.1
2011-11-28,5.5,0.0,9.0,4650,0.0,0.61,2.4
2011-11-29,2.5,-0.8,7.6,5053,0.0,0.58,2.6
2011-11-30,6.4,1.2,9.5,4284,0.0,0.66,2.7
2011-12-01,4.8,-0.1,10.7,2061,1.3,0.62,3.2
2011-12-02,8.3,3.3,12.5,1729,0.7,0.78,3.1
2011-12-03,4.9,1.6,7.3,1797,3.4,0.67,4.6
2011-12-04,6.7,5.0,8.4,1691,3.3,0.84,4.5
2011-12-05,4.1,2.5,6.1,2278,0.2,0.7,4.5
2011-12-06,3.7,1.9,5.3,1786,0.2,0.68,4.0
2011-12-07,3.4,0.6,5.6,1727,9.2,0.62,4.8
2011-12-08,5.1,3.3,7.1,2688,2.8,0.75,4.8
2011-12-09,6.3,3.6,8.5,2374,0.4,0.77,5.1
2011-12-10,3.4,2.2,5.0,2443,0.0,0.69,3.3
2011-12-11,2.0,-0.3,4.5,2888,0.1,0.58,2.5
2011-12-12,3.7,-0.5,6.9,1624,2.1,0.58,3.3
2011-12-13,4.9,1.8,8.4,1574,3.5,0.68,4.7
2011-12-14,6.1,2.7,10.1,1814,6.0,0.73,4.5
2011-12-15,4.9,3.3,6.9,1972,0.0,0.74,4.0
2011-12-16,3.2,0.2,6.3,1554,20.1,0.61,5.3
2011-12-17,3.5,1.7,4.7,1550,0.2,0.66,4.6
2011-12-18,2.9,1.5,3.8,1629,0.5,0.65,3.6
2011-12-19,2.6,1.5,3.0,1545,0.1,0.65,3.1
2011-12-20,1.0,0.0,1.9,2282,2.6,0.58,3.1
2011-12-21,2.7,0.8,4.5,1585,0.2,0.63,2.8
2011-12-22,3.2,1.3,5.4,1546,0.6,0.65,2.2
2011-12-23,7.8,5.3,9.2,1548,1.2,0.86,2.8
2011-12-24,5.7,2.6,8.0,1551,2.4,0.71,4.1
2011-12-25,5.5,2.8,8.9,1556,0.3,0.73,3.8
2011-12-26,9.7,8.8,10.4,1562,0.2,1.09,3.4
2011-12-27,9.1,6.6,10.5,1568,0.0,0.94,2.5
2011-12-28,6.7,5.4,8.0,3238,0.0,0.87,3.1
2011-12-29,5.9,3.5,6.8,1877,2.1,0.75,5.0
2011-12-30,3.8,1.7,4.8,2140,2.2,0.67,4.2
2011-12-31,2.4,1.1,4.4,2953,0.2,0.64,2.5
2012-01-01,7.2,2.1,10.8,1618,3.0,0.7,3.3
2012-01-02,9.3,5.0,12.9,1632,3.8,0.86,3.4
2012-01-03,5.9,1.8,10.0,2930,1.2,0.69,5.4
2012-01-04,5.6,3.7,6.8,2221,5.8,0.77,5.7
2012-01-05,4.9,2.4,7.4,2155,5.6,0.7,7.0
2012-01-06,2.4,0.2,4.2,1740,0.1,0.6,4.4
2012-01-07,4.6,2.2,7.0,1715,2.5,0.7,4.6
2012-01-08,5.0,3.6,6.2,1780,1.8,0.77,3.7
2012-01-09,4.1,1.9,7.6,1757,3.5,0.68,3.0
2012-01-10,5.6,4.0,7.4,2635,0.0,0.78,3.1
2012-01-11,7.3,5.2,8.6,1802,0.0,0.85,3.0
2012-01-12,7.8,3.5,10.0,1827,0.4,0.76,4.9
2012-01-13,3.1,1.9,4.1,1992,0.0,0.68,5.0
2012-01-14,1.7,-1.3,4.0,4637,0.0,0.54,3.2
2012-01-15,-0.5,-2.5,1.8,5353,0.0,0.49,1.7
2012-01-16,1.2,-0.8,2.8,1937,0.9,0.56,1.8
2012-01-17,2.7,-0.6,3.7,1967,0.2,0.57,1.9
2012-01-18,1.4,-1.5,4.6,4628,5.1,0.54,2.8
2012-01-19,4.3,2.6,5.1,2032,7.4,0.71,4.4
2012-01-20,2.2,0.6,3.1,2215,0.5,0.62,4.0
2012-01-21,2.7,0.6,4.9,2100,4.6,0.62,4.4
2012-01-22,4.3,1.4,6.3,2238,1.9,0.65,5.5
2012-01-23,1.1,-0.3,2.7,2277,2.5,0.58,2.9
2012-01-24,-0.4,-3.7,0.3,2212,0.0,0.45,1.9
2012-01-25,-3.1,-4.8,-1.6,2568,0.0,0.41,1.7
2012-01-26,-2.6,-5.6,0.2,6451,0.0,0.39,3.1
2012-01-27,-2.4,-3.5,-1.4,2335,0.1,0.46,2.3
2012-01-28,-4.2,-5.7,-3.0,2378,2.3,0.38,1.8
2012-01-29,-4.9,-6.5,-3.5,3749,0.0,0.36,2.7
2012-01-30,-6.2,-9.1,-2.9,6663,0.0,0.3,2.9
2012-01-31,-8.1,-10.5,-6.0,6818,0.0,0.27,3.5
2012-02-01,-9.2,-12.1,-5.8,7206,0.0,0.24,3.6
2012-02-02,-11.4,-16.1,-8.1,7080,0.1,0.17,2.9
2012-02-03,-9.4,-13.6,-3.8,6246,0.0,0.22,2.0
2012-02-04,-12.5,-16.6,-7.2,6580,0.0,0.17,1.5
2012-02-05,-13.5,-18.7,-9.6,3848,0.0,0.14,1.9
2012-02-06,-15.9,-20.6,-11.9,7942,0.0,0.12,1.7
2012-02-07,-11.3,-19.4,-5.6,4786,0.0,0.14,2.7
2012-02-08,-7.0,-10.0,-3.4,7993,0.1,0.28,2.7
2012-02-09,-4.7,-10.5,-2.1,3743,0.3,0.28,2.7
2012-02-10,-9.9,-16.5,-5.5,7593,0.0,0.17,2.2
2012-02-11,-9.5,-16.0,-4.1,7124,0.0,0.18,2.0
2012-02-12,-8.2,-16.1,-2.9,4670,0.0,0.18,1.9
2012-02-13,-1.6,-3.0,-0.4,3219,0.0,0.47,1.8
2012-02-14,-0.9,-5.3,1.8,3415,2.3,0.4,2.6
2012-02-15,2.2,0.3,4.0,5320,0.0,0.6,5.5
2012-02-16,0.9,-3.0,4.2,8720,5.6,0.48,2.7
2012-02-17,4.4,2.3,6.0,3820,0.0,0.7,3.4
2012-02-18,4.7,0.7,8.1,3536,1.5,0.63,3.1
2012-02-19,3.2,-0.1,5.9,4389,0.3,0.59,3.6
2012-02-20,1.1,-1.1,4.1,9822,0.0,0.55,2.6
2012-02-21,1.9,-0.2,4.7,3737,2.4,0.58,3.1
2012-02-22,6.3,3.5,8.9,4029,2.7,0.76,3.2
2012-02-23,7.6,4.3,10.9,6275,0.6,0.81,4.1
2012-02-24,9.8,5.5,11.6,4023,1.8,0.88,4.2
2012-02-25,5.7,3.4,8.1,7392,1.2,0.75,3.8
2012-02-26,3.6,-1.7,6.6,10139,0.0,0.54,2.6
2012-02-27,1.3,-2.5,4.9,7927,2.6,0.5,2.2
2012-02-28,7.8,4.8,10.4,4237,0.3,0.84,3.4
2012-02-29,9.6,8.1,11.1,4311,0.1,1.04,2.3
2012-03-01,9.1,7.9,9.9,4386,0.0,1.03,2.1
2012-03-02,5.7,-1.2,8.1,4462,0.0,0.56,1.7
2012-03-03,3.2,-2.6,9.0,12483,0.0,0.52,2.3
2012-03-04,4.0,0.8,7.7,6204,0.0,0.64,2.1
2012-03-05,3.4,-0.6,9.1,13057,0.0,0.58,3.1
2012-03-06,0.9,-2.9,5.5,12964,0.0,0.49,2.0
2012-03-07,1.9,-3.2,6.8,10453,1.1,0.49,2.7
2012-03-08,4.3,1.3,8.9,7802,0.5,0.66,3.1
2012-03-09,5.2,-0.1,9.6,11162,0.0,0.61,2.3
2012-03-10,8.6,6.5,11.4,5355,0.1,0.94,3.0
2012-03-11,7.6,6.8,9.3,5527,0.0,0.95,3.2
2012-03-12,8.0,6.5,10.3,5250,0.0,0.93,3.3
2012-03-13,7.5,6.3,8.8,5331,0.0,0.92,2.7
2012-03-14,7.3,6.5,8.9,5412,0.0,0.93,2.2
2012-03-15,6.6,2.3,10.0,8283,0.0,0.71,1.5
2012-03-16,9.5,-0.1,20.1,15234,0.0,0.7,2.0
2012-03-17,10.1,4.4,17.1,15022,0.0,0.86,2.2
2012-03-18,9.3,5.0,16.7,10034,0.4,0.89,2.8
2012-03-19,6.7,3.0,10.7,14481,0.0,0.75,2.9
2012-03-20,8.1,2.4,13.3,8428,0.0,0.73,2.5
2012-03-21,11.1,9.5,13.7,6576,0.0,1.14,2.0
2012-03-22,10.8,6.0,16.2,16815,0.0,0.94,1.8
2012-03-23,10.3,2.7,17.5,17082,0.0,0.78,1.4
2012-03-24,10.3,2.4,18.5,17449,0.0,0.79,1.6
2012-03-25,7.1,0.0,14.8,14693,0.0,0.65,2.1
2012-03-26,7.2,-2.1,15.3,16667,0.0,0.58,1.8
2012-03-27,10.3,5.1,16.6,15289,0.0,0.9,2.4
2012-03-28,11.9,5.7,19.2,16672,0.0,0.96,3.0
2012-03-29,7.9,6.7,9.3,6655,0.4,0.95,4.6
2012-03-30,8.0,6.6,10.3,8410,0.7,0.95,4.7
2012-03-31,5.4,1.2,7.6,10081,0.9,0.65,4.8
2012-04-01,4.5,-1.2,9.4,13785,1.8,0.57,3.3
2012-04-02,5.3,3.4,7.2,9223,0.0,0.75,2.7
2012-04-03,6.7,3.3,12.5,9212,0.7,0.78,2.1
2012-04-04,4.4,3.4,6.0,7149,1.8,0.75,2.9
2012-04-05,4.4,-0.1,7.9,8858,0.0,0.6,2.5
2012-04-06,3.7,-2.8,9.6,14953,2.8,0.52,2.1
2012-04-07,2.7,-0.6,5.9,9808,0.7,0.58,3.2
2012-04-08,2.1,-2.0,7.2,17630,0.0,0.52,2.2
2012-04-09,5.6,-1.0,11.2,11771,0.1,0.59,3.3
2012-04-10,11.7,6.9,17.5,10645,0.0,1.0,3.3
2012-04-11,9.0,4.1,13.7,8160,1.8,0.82,2.3
2012-04-12,8.1,4.1,12.2,8917,6.9,0.81,1.7
2012-04-13,6.6,1.3,11.1,12287,3.9,0.68,1.7
2012-04-14,7.2,-0.3,14.0,20128,0.0,0.63,1.9
2012-04-15,7.9,0.9,13.5,15915,0.0,0.67,3.1
2012-04-16,6.0,1.2,10.5,19360,0.0,0.67,3.4
2012-04-17,5.1,0.0,10.3,17870,0.0,0.62,2.5
2012-04-18,8.7,2.6,13.4,14856,0.0,0.75,2.7
2012-04-19,11.6,5.1,17.6,18335,0.0,0.91,2.4
2012-04-20,10.9,3.9,17.9,16929,0.0,0.84,2.1
2012-04-21,10.3,4.5,16.4,18445,0.6,0.87,2.6
2012-04-22,8.9,4.2,14.0,14196,0.2,0.82,2.7
2012-04-23,8.9,3.0,14.7,18073,0.0,0.78,2.5
2012-04-24,11.0,6.5,16.6,12955,0.9,0.97,2.6
2012-04-25,11.2,7.2,15.8,13755,0.0,1.01,3.1
2012-04-26,14.3,9.9,17.6,8941,0.0,1.2,3.2
2012-04-27,16.0,11.8,22.8,16923,0.0,1.39,2.2
2012-04-28,20.0,9.4,29.7,22068,0.0,1.31,2.6
2012-04-29,19.2,10.6,26.6,14935,0.0,1.36,3.0
2012-04-30,16.0,9.8,23.2,21190,0.0,1.26,2.5
2012-05-01,17.4,8.0,27.2,25416,0.0,1.19,2.5
2012-05-02,17.7,9.3,26.8,25281,0.9,1.27,2.7
2012-05-03,15.6,11.6,19.4,11841,3.6,1.34,2.0
2012-05-04,15.8,11.3,20.0,16191,0.1,1.32,2.1
2012-05-05,9.1,5.9,12.5,9400,9.8,0.9,2.3
2012-05-06,8.1,5.3,11.4,12779,0.2,0.87,1.9
2012-05-07,9.8,7.1,13.7,11736,0.0,0.99,1.5
2012-05-08,14.3,7.3,19.8,18097,0.0,1.05,2.2
2012-05-09,16.2,10.2,21.3,14211,0.2,1.27,2.4
2012-05-10,19.6,12.4,24.7,18244,1.8,1.48,2.6
2012-05-11,20.3,12.3,27.5,16078,2.0,1.51,3.2
2012-05-12,10.1,5.1,14.0,18882,0.0,0.88,3.6
2012-05-13,8.2,3.4,12.3,10468,0.0,0.77,2.1
2012-05-14,10.8,2.7,17.3,27013,0.0,0.79,2.2
2012-05-15,11.5,6.1,19.0,20207,0.8,0.97,2.6
2012-05-16,9.0,4.0,13.3,15508,0.0,0.81,3.7
2012-05-17,8.2,2.7,13.4,20710,0.0,0.75,2.5
2012-05-18,11.9,3.9,17.8,22909,0.0,0.84,2.7
2012-05-19,17.1,10.5,24.5,19068,0.2,1.33,1.9
2012-05-20,21.0,12.3,27.6,28324,0.0,1.51,2.1
2012-05-21,22.4,15.4,28.5,18418,0.0,1.81,2.8
2012-05-22,23.9,16.4,30.8,25165,0.2,1.92,2.4
2012-05-23,21.4,14.0,29.4,28130,0.0,1.68,2.5
2012-05-24,17.6,10.3,24.4,29327,0.0,1.31,2.9
2012-05-25,16.1,7.3,23.5,29255,0.0,1.1,2.7
2012-05-26,16.8,8.4,23.4,26390,0.2,1.15,2.3
2012-05-27,18.0,11.6,24.1,25042,0.0,1.4,1.6
2012-05-28,18.5,10.8,24.9,26484,0.0,1.36,1.8
2012-05-29,16.0,10.5,21.3,22077,0.0,1.27,2.8
2012-05-30,12.7,7.5,17.2,14606,0.0,1.03,2.2
2012-05-31,13.9,11.0,18.0,13619,17.2,1.28,2.1
2012-06-01,12.1,7.3,14.7,15687,0.0,1.01,3.7
2012-06-02,10.2,5.3,15.1,20815,0.0,0.9,2.6
2012-06-03,9.8,7.0,13.2,14084,4.6,0.98,2.2
2012-06-04,11.7,8.3,14.9,14109,5.8,1.07,2.5
2012-06-05,10.9,6.7,14.8,17579,0.0,0.97,2.6
2012-06-06,11.3,5.1,15.9,14664,1.4,0.89,2.2
2012-06-07,16.5,9.8,21.0,17240,2.3,1.22,2.0
2012-06-08,19.1,11.6,24.5,22372,0.0,1.4,2.9
2012-06-09,16.5,10.3,21.9,22902,0.0,1.28,3.2
2012-06-10,15.2,8.3,21.3,24582,0.0,1.12,2.0
2012-06-11,17.2,10.2,22.1,18970,1.6,1.27,1.6
2012-06-12,16.7,12.9,20.8,21158,1.0,1.46,2.0
2012-06-13,15.3,10.7,19.9,19378,0.0,1.28,2.6
2012-06-14,13.1,8.8,17.6,14012,0.0,1.13,1.6
2012-06-15,16.9,8.0,22.3,20930,0.4,1.13,2.1
2012-06-16,17.6,14.2,20.6,11337,1.7,1.58,2.4
2012-06-17,17.6,11.1,23.9,22860,0.0,1.35,2.6
2012-06-18,20.7,9.5,31.7,27085,1.0,1.38,2.8
2012-06-19,18.0,10.5,24.1,23758,7.0,1.32,1.8
2012-06-20,15.4,13.4,16.9,10833,12.4,1.49,2.1
2012-06-21,14.7,13.4,15.9,10831,0.1,1.49,2.1
2012-06-22,18.5,14.0,23.7,23620,0.0,1.59,2.9
2012-06-23,17.2,12.5,22.7,21438,0.0,1.45,2.4
2012-06-24,16.7,12.0,22.5,14397,5.9,1.4,3.0
2012-06-25,14.3,11.4,18.3,16689,4.9,1.33,4.0
2012-06-26,14.2,10.3,16.7,12589,0.0,1.23,3.2
2012-06-27,13.7,9.1,17.3,14238,3.2,1.14,2.0
2012-06-28,19.1,14.2,23.9,18312,0.0,1.63,1.7
2012-06-29,23.5,16.8,31.1,21487,1.0,1.99,2.1
2012-06-30,22.6,18.3,27.9,20957,10.5,2.11,1.9
2012-07-01,20.5,14.3,24.5,17875,0.7,1.62,2.5
2012-07-02,16.5,11.9,21.7,19511,0.7,1.4,1.8
2012-07-03,18.9,14.9,23.0,13752,0.0,1.67,1.4
2012-07-04,19.9,14.9,25.3,21244,0.0,1.7,1.7
2012-07-05,21.1,14.7,27.2,17142,5.0,1.72,2.0
2012-07-06,22.5,18.6,28.4,18259,0.8,2.13,2.0
2012-07-07,19.9,15.8,23.6,13907,4.5,1.77,1.5
2012-07-08,20.7,14.3,26.9,24040,0.5,1.66,2.6
2012-07-09,19.6,15.2,24.3,21210,3.8,1.72,3.2
2012-07-10,19.2,14.6,25.0,22313,3.2,1.67,2.2
2012-07-11,16.6,13.2,22.0,15176,1.9,1.5,2.8
2012-07-12,14.3,11.3,19.1,20457,7.1,1.31,3.4
2012-07-13,14.1,9.6,17.4,10549,5.7,1.18,2.4
2012-07-14,15.2,13.2,18.6,13800,11.3,1.48,3.4
2012-07-15,15.7,12.5,20.3,16032,1.4,1.44,2.8
2012-07-16,14.9,12.2,20.7,18006,7.2,1.41,3.3
2012-07-17,16.1,13.1,22.0,17203,0.8,1.49,3.5
2012-07-18,16.7,14.0,21.4,11746,7.8,1.58,2.9
2012-07-19,15.8,12.8,19.7,14592,8.4,1.45,3.8
2012-07-20,15.2,11.0,20.2,18182,0.0,1.31,2.6
2012-07-21,14.5,9.6,19.2,15622,0.0,1.2,2.3
2012-07-22,15.4,10.2,21.4,22073,0.0,1.25,1.8
2012-07-23,18.4,8.8,25.7,25756,0.0,1.22,2.3
2012-07-24,21.7,12.4,27.9,27055,0.0,1.51,1.9
2012-07-25,24.1,14.7,32.4,27725,0.0,1.8,1.5
2012-07-26,24.3,17.6,31.0,26153,0.0,2.08,1.7
2012-07-27,24.3,15.0,31.6,26693,9.8,1.81,1.8
2012-07-28,22.8,18.8,27.9,15343,8.4,2.16,2.3
2012-07-29,18.0,14.4,20.9,12561,17.0,1.6,2.3
2012-07-30,17.1,10.9,22.5,20023,0.0,1.33,2.4
2012-07-31,16.7,11.1,21.5,16624,0.0,1.32,1.9
2012-08-01,20.3,12.7,26.5,25515,0.0,1.53,1.8
2012-08-02,22.2,17.3,29.3,19051,1.3,2.0,2.3
2012-08-03,19.6,16.0,24.2,13349,0.5,1.79,1.6
2012-08-04,21.0,15.5,27.0,22789,0.2,1.78,1.5
2012-08-05,18.3,14.5,22.9,12723,2.2,1.64,1.5
2012-08-06,19.6,14.9,24.9,13987,0.1,1.7,2.7
2012-08-07,17.8,14.5,22.2,18750,0.1,1.62,3.3
2012-08-08,17.1,13.2,23.8,14559,0.3,1.52,2.2
2012-08-09,16.2,12.1,20.5,13518,0.0,1.4,1.9
2012-08-10,14.6,10.8,18.1,11761,3.6,1.28,2.1
2012-08-11,16.0,11.0,21.2,20411,0.0,1.32,1.9
2012-08-12,15.9,10.7,21.5,22333,0.0,1.29,2.3
2012-08-13,16.1,9.5,22.7,23290,0.0,1.22,2.1
2012-08-14,17.2,10.9,23.5,23172,0.0,1.34,1.9
2012-08-15,17.6,9.4,24.0,23878,0.0,1.23,2.1
2012-08-16,16.6,12.8,22.2,13413,2.4,1.47,1.8
2012-08-17,18.2,11.5,25.3,20816,0.0,1.4,1.4
2012-08-18,21.2,13.7,28.0,23030,0.0,1.63,1.8
2012-08-19,25.8,14.9,35.5,23829,0.0,1.91,1.8
2012-08-20,25.9,19.4,33.7,16637,0.1,2.32,2.1
2012-08-21,21.1,17.3,26.0,13534,29.4,1.95,1.5
2012-08-22,19.9,16.4,24.0,17222,0.0,1.84,2.8
2012-08-23,17.9,11.3,22.9,21675,0.2,1.36,2.0
2012-08-24,15.4,11.1,19.1,8351,0.9,1.31,1.8
2012-08-25,18.7,15.1,24.7,14384,1.2,1.71,2.7
2012-08-26,17.7,14.6,22.0,13601,0.6,1.64,3.7
2012-08-27,15.8,11.2,20.7,19996,0.0,1.32,2.2
2012-08-28,17.1,10.2,23.0,13055,0.1,1.28,2.1
2012-08-29,19.8,12.2,26.3,20271,0.0,1.48,1.7
2012-08-30,19.1,15.8,22.1,7656,6.5,1.76,1.7
2012-08-31,15.9,12.5,18.7,7467,3.0,1.42,2.2
2012-09-01,14.1,9.4,19.0,18303,0.0,1.18,2.0
2012-09-02,14.3,7.0,21.3,16425,0.0,1.04,1.7
2012-09-03,16.4,11.1,21.9,16616,0.0,1.32,1.6
2012-09-04,16.7,10.0,23.7,19163,0.0,1.27,1.8
2012-09-05,15.9,13.2,20.6,11758,0.0,1.5,2.1
2012-09-06,14.3,10.9,18.6,17583,0.0,1.29,2.4
2012-09-07,15.8,12.4,19.5,7009,2.9,1.41,2.5
2012-09-08,16.8,13.6,21.9,10485,0.0,1.55,1.8
2012-09-09,17.8,10.7,24.1,16200,0.0,1.33,1.8
2012-09-10,21.3,15.2,30.2,17604,0.0,1.81,1.9
2012-09-11,19.6,13.7,27.1,14063,1.7,1.62,2.4
2012-09-12,13.1,9.2,17.2,9753,0.5,1.16,2.3
2012-09-13,12.2,6.6,18.3,14704,0.0,1.0,1.6
2012-09-14,14.1,8.6,20.0,11751,1.7,1.14,3.4
2012-09-15,14.4,11.1,18.5,8639,0.0,1.29,2.6
2012-09-16,16.4,12.5,21.9,15363,0.0,1.45,2.0
2012-09-17,15.6,10.8,22.2,13641,0.0,1.31,1.9
2012-09-18,16.1,10.8,23.1,12039,1.7,1.32,2.4
2012-09-19,11.6,7.3,16.5,14518,0.0,1.01,2.7
2012-09-20,10.3,5.4,16.4,13408,0.0,0.91,2.1
2012-09-21,12.0,5.8,17.8,11553,0.1,0.95,2.1
2012-09-22,11.1,6.6,15.0,9632,0.0,0.96,2.7
2012-09-23,10.2,4.8,16.1,13443,0.8,0.87,2.0
2012-09-24,12.5,9.2,15.8,5510,8.4,1.14,3.4
2012-09-25,15.1,10.1,21.2,10573,2.3,1.26,2.8
2012-09-26,16.0,11.7,20.8,6987,7.0,1.36,2.1
2012-09-27,13.8,11.9,16.7,7524,4.2,1.35,3.1
2012-09-28,13.4,10.2,17.3,10105,0.0,1.22,2.6
2012-09-29,11.6,7.9,18.0,7854,0.4,1.06,2.4
2012-09-30,11.0,7.3,16.2,13101,0.0,1.02,2.2
2012-10-01,11.4,4.6,18.3,11468,0.0,0.89,1.8
2012-10-02,12.9,6.5,19.3,13306,0.0,0.99,2.2
2012-10-03,14.9,10.3,20.3,10418,0.2,1.25,2.9
2012-10-04,12.6,8.2,15.8,4716,12.9,1.07,3.3
2012-10-05,11.5,7.6,16.4,4974,4.1,1.03,3.6
2012-10-06,11.0,7.4,16.3,5059,7.6,1.02,3.0
2012-10-07,9.0,6.2,13.3,7597,0.4,0.93,2.9
2012-10-08,9.4,4.8,13.0,6518,0.0,0.85,2.1
2012-10-09,7.8,4.1,12.6,10187,0.0,0.81,2.6
2012-10-10,7.1,4.0,10.1,4422,0.9,0.8,1.9
2012-10-11,7.6,5.5,11.8,5602,0.0,0.88,1.7
2012-10-12,8.1,3.0,12.4,7764,4.8,0.76,2.8
2012-10-13,10.2,6.5,14.2,10797,0.6,0.96,2.7
2012-10-14,9.2,7.0,12.5,7313,1.5,0.98,2.5
2012-10-15,9.0,5.2,11.7,3905,0.0,0.87,2.7
2012-10-16,8.4,3.1,13.7,9843,0.4,0.77,2.9
2012-10-17,10.6,5.0,14.2,8533,0.0,0.87,2.7
2012-10-18,13.8,9.7,18.2,8773,0.0,1.19,2.4
2012-10-19,14.1,7.9,21.6,10080,0.0,1.11,1.9
2012-10-20,14.4,8.0,21.9,9302,0.0,1.11,1.5
2012-10-21,14.1,8.8,20.1,9029,0.0,1.15,1.7
2012-10-22,13.1,12.0,13.7,3436,0.2,1.35,1.9
2012-10-23,11.8,10.9,12.5,3373,0.0,1.25,1.8
2012-10-24,11.7,10.2,13.8,3985,0.4,1.2,1.2
2012-10-25,9.3,6.1,12.1,3649,0.1,0.92,2.4
2012-10-26,3.8,0.0,6.9,8000,0.0,0.6,2.3
2012-10-27,2.4,-0.2,5.3,3519,0.0,0.58,2.8
2012-10-28,1.0,-3.1,7.5,7959,0.0,0.49,2.0
2012-10-29,1.5,-3.5,6.7,8541,3.3,0.48,2.8
2012-10-30,3.8,1.6,6.5,2956,2.6,0.66,2.4
2012-10-31,4.4,-0.1,9.0,6558,0.0,0.61,2.5
2012-11-01,5.8,3.1,7.8,2846,1.3,0.74,3.1
2012-11-02,7.4,5.2,10.1,4910,2.2,0.86,3.8
2012-11-03,6.9,3.9,8.9,3338,0.4,0.79,3.0
2012-11-04,7.2,3.1,10.1,3987,4.7,0.75,2.5
2012-11-05,7.4,5.6,9.9,3338,0.4,0.88,3.1
2012-11-06,5.8,3.7,8.2,5296,1.9,0.77,3.3
2012-11-07,9.2,5.8,11.1,3054,0.2,0.9,4.3
2012-11-08,9.2,8.4,10.2,2495,0.3,1.06,3.4
2012-11-09,8.9,6.7,10.9,2671,0.0,0.95,2.2
2012-11-10,7.5,4.9,10.2,2788,4.5,0.84,2.3
2012-11-11,8.9,6.9,11.5,2361,0.0,0.96,2.1
2012-11-12,6.4,3.8,8.8,2479,0.0,0.78,2.0
2012-11-13,4.2,0.5,9.9,6512,0.0,0.63,1.8
2012-11-14,2.2,-1.1,7.5,6423,0.0,0.56,1.7
2012-11-15,-2.1,-4.6,-0.7,2198,0.0,0.42,1.4
2012-11-16,0.2,-2.0,1.5,2160,0.0,0.51,1.8
2012-11-17,1.5,-0.1,2.7,2477,0.0,0.59,2.2
2012-11-18,3.9,0.4,6.2,2088,0.9,0.62,1.6
2012-11-19,5.7,1.9,7.1,3092,0.0,0.68,1.7
2012-11-20,5.1,3.6,6.7,2020,0.0,0.76,2.0
2012-11-21,5.7,3.5,7.8,2763,0.0,0.76,2.6
2012-11-22,6.0,1.9,10.2,3921,0.0,0.69,2.4
2012-11-23,3.5,0.0,6.4,4251,4.1,0.6,2.4
2012-11-24,5.7,4.7,6.4,1898,1.3,0.82,1.6
2012-11-25,7.9,6.1,11.4,1871,0.1,0.92,3.9
2012-11-26,6.3,2.2,8.6,4056,1.3,0.7,2.4
2012-11-27,7.2,3.9,8.6,1819,2.1,0.78,1.6
2012-11-28,5.4,3.9,6.6,1795,2.2,0.78,1.9
2012-11-29,4.0,2.3,5.5,1772,6.5,0.7,3.5
2012-11-30,1.5,-1.9,3.4,2150,0.6,0.52,2.0
2012-12-01,0.5,-1.9,1.9,1729,0.4,0.51,2.1
2012-12-02,0.1,-0.5,0.7,1709,0.0,0.57,2.5
2012-12-03,0.1,-1.6,1.2,3474,1.2,0.52,3.0
2012-12-04,2.5,-0.2,4.7,1716,1.2,0.58,3.6
2012-12-05,-2.0,-4.7,0.9,4190,0.5,0.42,2.7
2012-12-06,-3.5,-8.6,-1.3,1812,1.8,0.31,3.1
2012-12-07,-5.9,-11.1,-2.3,4513,0.0,0.26,2.4
2012-12-08,-7.1,-13.0,-4.1,2205,0.2,0.23,1.6
2012-12-09,-1.8,-4.8,1.2,1603,7.5,0.42,3.7
2012-12-10,-0.7,-4.0,1.3,1592,0.4,0.44,3.9
2012-12-11,-2.1,-4.0,-0.8,1666,0.0,0.44,3.0
2012-12-12,-4.5,-9.0,-2.9,1698,0.1,0.3,1.8
2012-12-13,-3.3,-4.8,-2.3,1566,0.0,0.41,2.0
2012-12-14,-2.0,-4.9,0.3,1601,6.9,0.41,3.1
2012-12-15,2.4,0.1,4.3,1637,0.3,0.59,2.9
2012-12-16,3.0,2.1,4.3,1550,0.8,0.69,2.5
2012-12-17,2.7,1.2,4.2,1752,0.1,0.64,2.0
2012-12-18,2.2,0.7,3.3,1545,4.8,0.62,1.7
2012-12-19,1.2,0.6,1.8,1544,0.0,0.61,1.4
2012-12-20,1.1,-0.2,1.8,1544,0.0,0.58,3.0
2012-12-21,-2.6,-4.2,-0.1,1546,0.0,0.43,2.8
2012-12-22,-2.8,-3.6,-2.2,1548,2.0,0.45,2.6
2012-12-23,-0.3,-2.4,6.3,1551,8.5,0.51,4.0
2012-12-24,6.6,5.3,10.7,1762,0.3,0.87,2.9
2012-12-25,9.0,5.7,12.1,1562,1.2,0.9,3.6
2012-12-26,6.7,3.9,8.5,1900,1.7,0.79,4.3
2012-12-27,6.2,2.0,8.8,2449,0.5,0.69,4.3
2012-12-28,-0.5,-3.0,2.0,4171,0.0,0.48,2.8
2012-12-29,5.3,1.5,8.5,1595,0.0,0.67,3.3
2012-12-30,6.4,4.3,10.3,3079,1.5,0.81,4.3
2012-12-31,7.5,5.4,9.0,1618,0.0,0.87,4.3
2013-01-01,6.7,4.0,7.7,1618,2.5,0.78,3.4
2013-01-02,4.9,3.0,6.1,1802,1.5,0.73,3.1
2013-01-03,7.5,4.3,10.0,1646,2.0,0.81,4.1
2013-01-04,8.1,5.7,9.8,1662,10.6,0.88,4.0
2013-01-05,7.2,5.4,8.4,1678,0.4,0.87,3.1
2013-01-06,6.6,5.5,7.6,1696,3.9,0.87,3.1
2013-01-07,4.9,3.9,6.8,1715,6.7,0.78,1.8
2013-01-08,6.2,4.2,7.1,1735,2.2,0.8,2.2
2013-01-09,6.7,5.1,7.1,1757,5.2,0.85,2.4
2013-01-10,2.8,-0.9,5.4,1779,2.4,0.56,3.2
2013-01-11,-0.8,-2.6,0.3,2257,0.0,0.49,2.3
2013-01-12,-1.5,-3.4,-0.3,2561,0.2,0.46,1.7
2013-01-13,-2.4,-3.8,-1.0,1853,0.0,0.44,2.0
2013-01-14,-4.5,-7.3,-3.3,1880,0.3,0.34,1.7
2013-01-15,-4.0,-5.7,-3.3,2757,0.0,0.38,1.7
2013-01-16,-3.8,-6.3,-1.7,1937,0.0,0.37,1.8
2013-01-17,-0.7,-1.9,0.2,1967,0.0,0.51,2.3
2013-01-18,-2.4,-4.2,-0.8,1999,0.1,0.43,2.5
2013-01-19,-6.2,-8.4,-4.0,2868,0.0,0.32,3.2
2013-01-20,-4.8,-7.2,-2.9,2414,0.2,0.34,3.0
2013-01-21,-4.2,-7.1,-2.7,2100,1.4,0.35,2.8
2013-01-22,-6.7,-8.5,-6.0,2137,0.0,0.31,2.1
2013-01-23,-6.0,-6.8,-5.5,2174,0.0,0.35,1.4
2013-01-24,-5.4,-11.7,-3.5,2212,0.0,0.25,1.7
2013-01-25,-8.4,-13.3,-1.3,3990,0.0,0.23,1.7
2013-01-26,-8.3,-12.8,-4.1,5118,0.1,0.23,2.8
2013-01-27,-0.7,-4.3,2.4,2335,3.1,0.43,3.2
2013-01-28,2.7,-0.2,5.7,4507,1.9,0.58,2.9
2013-01-29,4.7,1.6,7.1,2477,11.4,0.67,4.4
2013-01-30,8.6,5.8,12.2,2467,5.5,0.9,5.4
2013-01-31,6.7,4.0,8.3,3250,0.0,0.79,6.2
2013-02-01,5.6,2.6,7.1,2562,8.2,0.72,3.5
2013-02-02,1.4,-2.4,4.0,2610,1.1,0.5,3.2
2013-02-03,0.3,-3.4,2.9,2895,4.0,0.47,3.8
2013-02-04,3.5,0.2,7.5,3009,2.8,0.61,4.6
2013-02-05,2.9,-0.3,6.0,3908,0.6,0.58,4.2
2013-02-06,1.0,-1.8,3.7,5684,0.0,0.52,2.5
2013-02-07,0.5,-1.3,1.7,2871,1.5,0.54,2.3
2013-02-08,-0.7,-2.5,0.4,3239,1.5,0.49,2.0
2013-02-09,-1.3,-3.3,-0.1,3933,0.2,0.46,1.6
2013-02-10,-4.1,-6.7,-3.0,3040,0.0,0.36,2.1
2013-02-11,-2.7,-7.0,-0.1,4721,0.0,0.35,3.4
2013-02-12,-0.9,-3.7,1.2,6707,0.0,0.45,2.5
2013-02-13,-1.7,-4.1,-0.1,3485,0.0,0.43,1.5
2013-02-14,-1.0,-2.4,0.5,3617,0.0,0.49,2.2
2013-02-15,0.1,-1.5,1.2,3343,0.0,0.53,1.7
2013-02-16,1.0,-0.6,2.6,3406,0.0,0.56,1.2
2013-02-17,1.0,-0.3,2.1,3471,0.0,0.58,1.3
2013-02-18,0.4,-0.5,1.4,3536,3.3,0.56,1.5
2013-02-19,0.4,-0.8,1.4,3602,0.5,0.55,2.8
2013-02-20,-1.0,-3.2,-0.1,3887,0.1,0.46,2.9
2013-02-21,-2.3,-4.2,-0.9,6814,0.0,0.43,3.0
2013-02-22,-3.0,-5.1,-1.2,5585,0.0,0.41,3.3
2013-02-23,-2.3,-4.7,-0.2,3876,1.4,0.42,3.3
2013-02-24,0.5,-1.0,1.2,3947,2.3,0.54,2.5
2013-02-25,1.5,0.5,2.0,4018,0.1,0.61,2.4
2013-02-26,1.1,0.4,1.4,4090,0.0,0.6,2.3
2013-02-27,1.4,0.1,2.9,4163,0.0,0.59,2.0
2013-02-28,1.8,-0.3,4.6,4792,0.0,0.58,1.8
2013-03-01,2.4,-1.1,5.5,7197,0.0,0.55,2.4
2013-03-02,1.3,-2.0,6.1,10625,0.0,0.52,2.3
2013-03-03,2.4,-1.9,5.6,5117,0.0,0.53,2.3
2013-03-04,2.0,-3.1,8.6,12483,0.0,0.5,2.0
2013-03-05,4.0,-1.9,11.7,12894,0.0,0.55,2.0
2013-03-06,4.2,-1.8,13.3,12212,0.0,0.57,1.7
2013-03-07,5.1,0.7,8.7,6734,0.3,0.64,2.7
2013-03-08,0.9,-0.2,3.7,4850,0.1,0.58,3.3
2013-03-09,0.1,-1.3,2.0,4929,10.2,0.54,3.2
2013-03-10,-2.9,-5.8,-1.0,5008,2.0,0.39,3.4
2013-03-11,-5.1,-7.1,-2.5,6153,0.3,0.35,3.0
2013-03-12,-4.3,-6.7,-1.1,8395,0.0,0.36,2.5
2013-03-13,-6.9,-12.0,-0.5,14023,0.0,0.25,1.9
2013-03-14,-5.4,-12.4,1.3,7248,0.3,0.25,1.9
2013-03-15,-4.8,-9.6,-0.3,14716,0.0,0.29,1.9
2013-03-16,-3.7,-11.4,2.1,14603,0.0,0.27,3.1
2013-03-17,-0.1,-3.5,2.9,10733,0.0,0.46,3.9
2013-03-18,-0.5,-2.1,1.9,5659,3.8,0.51,3.2
2013-03-19,-1.8,-3.6,-0.6,5741,2.2,0.45,3.1
2013-03-20,-0.9,-2.8,4.9,8229,4.1,0.49,2.5
2013-03-21,-1.6,-6.2,0.8,6489,0.2,0.38,2.3
2013-03-22,-3.1,-6.3,0.0,7065,0.0,0.37,3.4
2013-03-23,-6.5,-10.1,-3.1,15633,0.0,0.28,4.8
2013-03-24,-5.7,-12.9,-0.4,16685,0.0,0.24,4.6
2013-03-25,-3.4,-7.3,0.9,16549,0.0,0.35,4.4
2013-03-26,-2.9,-7.7,1.6,14995,0.0,0.34,3.6
2013-03-27,-1.1,-5.5,2.5,11993,0.0,0.4,3.1
2013-03-28,-0.2,-2.4,2.0,8229,0.2,0.49,2.5
2013-03-29,0.1,-1.9,2.0,6572,2.0,0.51,2.1
2013-03-30,0.2,-0.8,1.9,6655,0.0,0.56,1.8
2013-03-31,-0.6,-4.3,1.4,11440,0.1,0.43,2.2
2013-04-01,-0.5,-4.8,3.3,16077,0.0,0.43,2.3
2013-04-02,-0.8,-8.2,2.7,9656,0.0,0.34,2.9
2013-04-03,-0.1,-3.5,2.8,11994,0.0,0.46,3.3
2013-04-04,0.7,-2.8,3.1,9534,0.0,0.49,3.2
2013-04-05,1.7,0.4,3.6,7149,0.0,0.6,2.7
2013-04-06,2.1,-1.8,5.6,7882,0.0,0.53,2.0
2013-04-07,2.8,-2.9,8.8,19429,0.0,0.5,2.0
2013-04-08,4.1,-1.5,8.7,18811,0.0,0.55,2.3
2013-04-09,4.8,1.8,9.1,8908,0.0,0.69,2.9
2013-04-10,5.8,2.1,8.9,7552,0.0,0.69,3.0
2013-04-11,8.3,3.6,13.2,8078,4.4,0.8,2.7
2013-04-12,9.9,7.7,13.6,10516,2.2,1.03,3.2
2013-04-13,9.4,3.7,13.3,10495,0.0,0.8,3.3
2013-04-14,10.8,1.6,18.1,17046,0.0,0.75,2.2
2013-04-15,15.8,8.9,23.2,18192,0.4,1.2,2.3
2013-04-16,15.4,10.9,20.0,11225,0.0,1.29,2.2
2013-04-17,15.6,11.8,19.7,12350,0.0,1.36,2.0
2013-04-18,16.6,11.8,23.8,17177,0.0,1.41,3.8
2013-04-19,11.7,6.8,15.3,12190,0.0,0.98,2.9
2013-04-20,7.8,2.8,12.9,21827,0.0,0.75,3.1
2013-04-21,10.6,2.8,16.4,21372,0.0,0.78,2.2
2013-04-22,10.6,4.3,17.6,15628,0.0,0.87,1.8
2013-04-23,12.3,6.9,17.3,12075,0.0,0.99,2.9
2013-04-24,13.2,6.2,18.8,23394,0.0,0.98,2.2
2013-04-25,15.5,12.2,19.9,13905,0.0,1.4,1.6
2013-04-26,17.3,7.0,24.1,17328,8.1,1.08,2.4
2013-04-27,7.6,5.6,9.9,8821,0.3,0.88,2.8
2013-04-28,9.0,4.7,14.5,17762,0.0,0.85,1.9
2013-04-29,10.7,7.2,15.6,12324,0.0,1.0,2.6
2013-04-30,10.4,5.4,14.9,17710,0.0,0.89,2.3
2013-05-01,11.4,5.6,16.5,18043,0.0,0.92,2.3
2013-05-02,11.7,6.1,16.1,9152,0.0,0.94,2.2
2013-05-03,12.0,5.5,16.9,19439,0.0,0.92,1.9
2013-05-04,12.2,1.8,19.0,25631,0.0,0.77,2.0
2013-05-05,14.5,5.9,21.6,24756,0.0,0.98,1.8
2013-05-06,16.2,6.8,23.1,20439,0.0,1.07,2.0
2013-05-07,17.5,12.7,23.4,11549,11.6,1.48,1.9
2013-05-08,17.7,13.9,23.0,18391,0.0,1.58,2.0
2013-05-09,16.3,12.3,21.6,13033,23.0,1.42,2.0
2013-05-10,14.5,8.4,17.8,13221,0.0,1.1,2.5
2013-05-11,12.3,7.6,17.1,14027,2.3,1.05,2.1
2013-05-12,10.5,6.5,16.6,15705,4.0,0.97,2.7
2013-05-13,10.8,4.8,15.4,19131,0.4,0.87,2.9
2013-05-14,12.3,9.3,16.0,13088,0.0,1.15,2.5
2013-05-15,17.7,9.0,24.9,25888,0.1,1.22,2.5
2013-05-16,20.0,12.9,25.7,21959,0.0,1.53,2.4
2013-05-17,21.4,16.6,27.2,22904,5.0,1.9,2.4
2013-05-18,14.3,9.9,18.8,11295,17.0,1.22,2.3
2013-05-19,14.1,9.6,20.3,23537,0.0,1.2,2.2
2013-05-20,14.0,10.4,16.8,10130,0.0,1.24,2.5
2013-05-21,13.1,9.1,17.3,17106,0.0,1.14,2.4
2013-05-22,9.6,5.5,12.1,10215,4.7,0.88,3.8
2013-05-23,9.5,3.5,14.5,24028,0.0,0.79,2.2
2013-05-24,10.5,5.5,14.0,18391,0.0,0.9,1.8
2013-05-25,9.1,7.6,11.1,10333,40.6,1.01,2.4
2013-05-26,11.5,9.6,13.3,10370,3.0,1.16,3.8
2013-05-27,12.2,7.7,17.6,19793,0.0,1.06,2.5
2013-05-28,13.0,9.5,17.8,12344,0.6,1.18,1.9
2013-05-29,13.8,9.9,18.7,13395,3.2,1.22,2.3
2013-05-30,15.8,11.0,20.4,13047,5.3,1.32,2.1
2013-05-31,16.2,12.9,22.5,14733,13.5,1.47,3.6
2013-06-01,17.1,13.8,21.9,14892,7.3,1.56,3.4
2013-06-02,12.7,10.9,15.5,10589,0.1,1.27,4.1
2013-06-03,13.6,9.9,18.8,20688,0.0,1.22,3.2
2013-06-04,13.7,7.9,19.8,21866,0.0,1.08,2.3
2013-06-05,14.8,6.0,21.2,30062,0.0,0.98,1.8
2013-06-06,16.0,6.2,23.0,30475,0.0,1.01,1.8
2013-06-07,18.1,9.4,24.5,30120,0.0,1.23,1.7
2013-06-08,18.8,12.6,24.3,22479,0.0,1.48,1.9
2013-06-09,17.6,10.6,23.5,25440,0.0,1.31,2.1
2013-06-10,16.9,11.3,22.0,26610,0.0,1.35,2.1
2013-06-11,16.9,8.0,23.7,27524,0.0,1.14,1.6
2013-06-12,18.5,9.7,24.6,25621,0.0,1.27,1.9
2013-06-13,20.9,14.7,26.2,18727,6.2,1.7,2.8
2013-06-14,15.6,11.2,20.3,16307,0.0,1.32,2.7
2013-06-15,17.1,9.6,23.5,21434,0.8,1.25,2.7
2013-06-16,16.5,11.9,21.3,19906,0.0,1.39,2.5
2013-06-17,19.4,12.4,25.5,26567,0.0,1.48,1.8
2013-06-18,22.3,16.3,28.0,27851,0.0,1.89,1.8
2013-06-19,26.2,17.2,33.0,28877,0.2,2.06,2.2
2013-06-20,24.6,18.7,30.3,23886,16.2,2.17,2.3
2013-06-21,20.4,16.1,24.3,24908,0.0,1.8,3.2
2013-06-22,19.6,14.9,24.1,24009,0.1,1.69,2.8
2013-06-23,18.5,14.1,22.8,16840,0.1,1.6,3.2
2013-06-24,16.9,12.8,21.1,18113,0.1,1.45,2.5
2013-06-25,13.0,12.2,14.4,10816,21.3,1.36,3.0
2013-06-26,12.7,9.4,15.7,12471,0.0,1.16,3.2
2013-06-27,13.2,8.4,18.1,18979,1.9,1.1,2.2
2013-06-28,14.5,10.2,19.6,16283,0.1,1.23,2.2
2013-06-29,14.3,9.3,19.2,11415,1.5,1.17,3.0
2013-06-30,12.3,7.5,16.3,15997,0.4,1.03,2.4
2013-07-01,18.2,12.5,25.1,20957,6.8,1.48,2.2
2013-07-02,17.9,13.3,22.7,23232,0.0,1.52,1.7
2013-07-03,20.7,14.8,27.9,20276,0.4,1.74,2.2
2013-07-04,18.8,15.6,22.8,13115,1.5,1.75,1.7
2013-07-05,19.1,15.0,23.7,17550,0.0,1.69,1.8
2013-07-06,18.1,12.6,23.5,28980,0.0,1.48,1.9
2013-07-07,18.3,9.5,24.6,30089,0.0,1.24,2.0
2013-07-08,19.8,11.3,26.8,29670,0.0,1.41,2.2
2013-07-09,20.0,12.9,26.6,29502,0.0,1.54,1.9
2013-07-10,17.1,12.8,22.4,22098,0.0,1.47,2.7
2013-07-11,17.1,12.5,22.1,15211,0.0,1.44,2.6
2013-07-12,16.7,11.7,22.3,15683,0.0,1.38,1.9
2013-07-13,18.1,10.3,25.0,26028,0.0,1.3,2.0
2013-07-14,16.2,12.5,19.1,10549,0.0,1.43,2.3
2013-07-15,16.9,10.4,23.8,24540,0.0,1.3,2.0
2013-07-16,19.2,11.4,26.2,26382,0.0,1.4,1.6
2013-07-17,20.7,12.4,27.6,27462,0.0,1.51,1.7
2013-07-18,21.0,13.6,28.1,26270,0.0,1.63,2.2
2013-07-19,20.7,14.0,26.8,24701,0.0,1.64,2.7
2013-07-20,20.7,13.6,26.5,28410,0.0,1.61,2.0
2013-07-21,21.0,10.9,29.0,29472,0.0,1.41,1.7
2013-07-22,23.2,11.7,31.2,29276,0.0,1.51,1.4
2013-07-23,22.2,13.8,29.4,28703,0.0,1.67,1.8
2013-07-24,22.6,13.8,29.7,26255,0.2,1.67,1.8
2013-07-25,24.2,18.4,30.5,22815,0.0,2.14,1.4
2013-07-26,25.4,18.1,31.3,18638,0.2,2.13,1.4
2013-07-27,26.8,19.7,33.8,23544,1.2,2.38,1.7
2013-07-28,26.5,19.0,34.5,19623,17.2,2.3,2.4
2013-07-29,20.8,17.6,24.7,10638,3.0,1.97,2.0
2013-07-30,19.6,16.7,24.5,19357,5.4,1.87,2.9
2013-07-31,20.0,16.7,26.1,15584,0.0,1.9,2.8
2013-08-01,22.7,16.8,29.3,20684,0.0,1.95,1.7
2013-08-02,26.9,17.8,34.4,27357,0.0,2.17,1.9
2013-08-03,25.8,19.4,32.4,20031,3.6,2.31,2.4
2013-08-04,20.6,16.0,24.3,13716,0.9,1.8,1.6
2013-08-05,21.4,14.7,27.6,24862,0.0,1.72,1.9
2013-08-06,23.0,17.8,29.3,19776,27.8,2.05,2.3
2013-08-07,21.1,17.2,25.1,11683,9.2,1.93,2.1
2013-08-08,20.3,15.8,24.1,14154,2.1,1.77,2.3
2013-08-09,17.1,13.3,21.9,14318,0.0,1.52,1.6
2013-08-10,17.7,11.8,24.8,18929,1.4,1.42,2.2
2013-08-11,16.2,13.1,21.4,14998,0.0,1.5,2.4
2013-08-12,16.4,12.4,22.8,14794,1.7,1.45,2.3
2013-08-13,15.6,11.6,21.9,20904,1.5,1.38,2.8
2013-08-14,14.1,10.5,19.9,17590,0.8,1.26,2.3
2013-08-15,17.0,8.8,23.2,21989,0.0,1.19,1.7
2013-08-16,20.9,15.2,27.1,20576,0.0,1.75,1.9
2013-08-17,20.1,13.7,25.5,18700,0.0,1.59,1.8
2013-08-18,20.2,16.6,27.5,11334,0.0,1.89,2.5
2013-08-19,17.6,13.9,20.5,8686,1.6,1.56,2.0
2013-08-20,16.5,12.9,22.6,16860,0.0,1.48,2.0
2013-08-21,16.5,10.9,22.4,13861,0.0,1.32,1.5
2013-08-22,16.8,9.2,23.8,17450,0.0,1.21,1.4
2013-08-23,18.1,10.9,23.5,20548,0.0,1.34,2.0
2013-08-24,18.0,11.3,24.1,21789,0.0,1.37,2.5
2013-08-25,18.4,12.5,24.5,21993,0.0,1.47,2.6
2013-08-26,16.8,10.2,22.9,22870,0.0,1.27,2.6
2013-08-27,16.3,10.1,22.0,11686,0.0,1.26,1.9
2013-08-28,17.0,12.6,24.2,12263,0.0,1.48,1.5
2013-08-29,17.1,9.9,24.4,18296,0.0,1.28,1.3
2013-08-30,18.6,11.3,25.5,18829,0.0,1.4,1.6
2013-08-31,17.8,10.8,23.1,12070,0.6,1.32,2.5
2013-09-01,14.1,8.9,18.5,10979,0.0,1.14,2.9
2013-09-02,15.0,12.9,16.9,7387,3.9,1.43,3.8
2013-09-03,17.0,15.9,19.1,7308,2.3,1.75,2.2
2013-09-04,16.4,12.4,19.8,9494,0.0,1.42,1.3
2013-09-05,17.8,10.8,23.8,20557,0.0,1.34,2.1
2013-09-06,19.4,13.6,25.7,20396,0.0,1.58,2.4
2013-09-07,19.9,13.0,26.8,18961,0.0,1.56,1.8
2013-09-08,18.6,13.6,24.0,11643,7.4,1.57,2.3
2013-09-09,13.2,9.8,14.9,7032,10.1,1.18,2.5
2013-09-10,12.4,9.0,17.8,7468,1.1,1.15,2.6
2013-09-11,11.5,8.8,14.0,6659,1.0,1.11,2.6
2013-09-12,12.4,9.0,15.8,7294,0.0,1.12,1.9
2013-09-13,14.6,11.2,19.2,15558,0.0,1.32,1.8
2013-09-14,15.5,10.1,21.7,13693,0.1,1.26,2.2
2013-09-15,14.5,12.3,16.2,7033,0.3,1.39,2.3
2013-09-16,12.8,9.3,16.9,6846,0.4,1.16,3.2
2013-09-17,10.8,5.7,16.1,14177,0.5,0.92,3.3
2013-09-18,9.5,6.8,13.0,6378,7.4,0.97,2.7
2013-09-19,11.0,7.2,14.9,8143,0.2,1.0,2.5
2013-09-20,12.3,10.1,15.2,6015,6.5,1.2,2.4
2013-09-21,13.3,10.8,16.7,8999,0.0,1.26,1.7
2013-09-22,13.9,9.9,16.8,6040,0.0,1.19,2.2
2013-09-23,16.3,14.6,18.1,6144,1.1,1.61,2.7
2013-09-24,13.1,8.2,14.9,5592,3.1,1.07,1.7
2013-09-25,9.3,4.7,13.1,5788,5.8,0.85,1.6
2013-09-26,9.1,5.5,12.8,8552,0.0,0.89,2.2
2013-09-27,9.3,4.5,14.7,10447,0.0,0.84,1.6
2013-09-28,8.8,3.5,15.3,10140,0.0,0.81,1.9
2013-09-29,8.8,3.1,14.4,15290,0.0,0.78,3.3
2013-09-30,8.4,4.1,13.9,14143,0.0,0.82,2.9
2013-10-01,7.9,2.5,13.7,12750,0.0,0.75,2.3
2013-10-02,6.7,-0.1,13.9,12598,0.0,0.64,2.9
2013-10-03,7.3,2.4,12.5,13908,0.0,0.73,3.5
2013-10-04,8.9,3.1,14.7,12038,0.0,0.78,2.9
2013-10-05,9.8,8.0,12.2,4716,7.2,1.03,1.7
2013-10-06,12.4,9.3,15.6,4807,0.0,1.15,1.4
2013-10-07,13.8,12.0,16.9,5059,0.0,1.36,1.4
2013-10-08,13.0,9.5,16.1,5060,0.0,1.16,1.3
2013-10-09,13.4,11.2,16.5,4412,1.7,1.3,2.2
2013-10-10,9.4,7.7,12.2,4338,5.3,1.01,2.2
2013-10-11,13.1,8.4,16.1,4502,8.0,1.08,2.5
2013-10-12,12.2,10.4,13.8,4191,23.7,1.22,2.3
2013-10-13,8.1,4.2,11.6,7919,0.0,0.81,2.1
2013-10-14,9.3,3.5,14.9,7729,0.1,0.79,2.0
2013-10-15,10.3,8.1,11.9,3975,12.0,1.04,2.3
2013-10-16,8.0,6.1,10.0,3905,0.3,0.91,1.9
2013-10-17,11.2,6.6,15.5,5393,2.7,0.97,4.0
2013-10-18,9.0,3.0,12.2,7433,0.0,0.75,2.3
2013-10-19,7.9,1.9,12.4,7178,0.0,0.71,2.4
2013-10-20,15.4,11.6,18.5,4922,0.1,1.35,2.3
2013-10-21,14.6,11.9,17.5,6611,0.0,1.36,2.5
2013-10-22,14.9,9.5,20.6,8679,0.0,1.19,2.5
2013-10-23,16.5,14.4,19.4,3920,0.0,1.6,3.1
2013-10-24,12.9,5.7,16.2,8088,0.0,0.92,2.2
2013-10-25,10.9,4.7,14.9,3310,1.6,0.85,2.1
2013-10-26,15.7,13.4,18.9,4450,0.8,1.49,2.7
2013-10-27,15.4,11.7,19.0,4968,1.3,1.36,4.4
2013-10-28,14.9,12.0,20.3,3584,0.9,1.38,5.3
2013-10-29,11.7,8.3,14.6,6158,0.0,1.08,3.9
2013-10-30,8.8,5.6,12.4,7016,0.0,0.89,2.7
2013-10-31,6.8,2.6,12.1,8354,0.0,0.74,2.4
2013-11-01,8.8,5.2,11.7,3706,0.5,0.87,2.6
2013-11-02,10.0,7.3,12.3,2846,2.9,0.99,2.8
2013-11-03,9.4,5.5,11.3,3639,2.5,0.89,4.2
2013-11-04,8.8,6.1,12.1,3218,5.2,0.92,4.1
2013-11-05,7.6,5.0,10.2,4223,2.3,0.85,3.3
2013-11-06,7.2,4.8,9.5,3222,7.1,0.83,3.8
2013-11-07,11.0,7.5,15.0,3050,3.5,1.01,3.6
2013-11-08,9.2,7.6,11.3,3736,0.9,1.01,2.1
2013-11-09,8.9,4.6,11.3,4518,1.4,0.83,4.0
2013-11-10,6.1,3.4,7.6,2893,0.1,0.76,2.9
2013-11-11,5.3,1.3,8.5,3831,0.0,0.66,1.9
2013-11-12,4.5,0.9,7.0,3987,1.0,0.64,2.2
2013-11-13,6.7,2.8,9.9,4729,0.0,0.74,2.0
2013-11-14,3.7,0.4,7.8,5030,0.0,0.62,1.9
2013-11-15,3.6,1.7,4.3,2237,0.0,0.66,1.8
2013-11-16,2.2,0.3,3.4,2198,0.0,0.6,2.2
2013-11-17,5.5,3.2,7.3,2160,0.2,0.74,1.6
2013-11-18,5.6,4.8,6.4,2123,0.0,0.83,1.9
2013-11-19,5.9,4.7,8.0,2588,6.2,0.83,2.0
2013-11-20,4.4,3.0,5.3,2053,10.8,0.73,2.2
2013-11-21,2.0,-1.0,3.8,2167,6.2,0.55,2.0
2013-11-22,3.9,2.1,4.9,1988,2.8,0.69,2.6
2013-11-23,5.9,2.9,7.6,1957,0.0,0.73,2.4
2013-11-24,2.6,-0.9,5.9,2306,0.0,0.56,2.9
2013-11-25,0.1,-2.3,3.1,5186,0.0,0.5,2.3
2013-11-26,-0.4,-3.2,2.6,5359,0.0,0.47,1.6
2013-11-27,0.8,-2.9,4.5,1844,0.2,0.49,2.2
2013-11-28,6.8,4.5,8.3,2686,0.0,0.81,2.9
2013-11-29,5.3,4.1,6.4,1795,4.1,0.79,3.3
2013-11-30,4.6,3.4,6.0,1817,0.3,0.75,2.6
2013-12-01,5.8,3.6,7.8,1750,0.0,0.77,2.6
2013-12-02,1.2,-1.3,3.8,3937,0.0,0.54,1.8
2013-12-03,-0.2,-1.4,1.1,1709,0.0,0.53,1.7
2013-12-04,1.6,-2.3,5.0,1691,1.0,0.51,2.9
2013-12-05,2.8,-0.2,4.3,1673,4.2,0.58,5.3
2013-12-06,0.8,0.0,1.7,1700,2.7,0.59,6.9
2013-12-07,0.8,-0.2,1.5,2196,0.7,0.58,3.8
2013-12-08,3.9,0.1,8.1,1628,4.5,0.61,3.5
2013-12-09,8.8,7.9,9.4,1615,2.3,1.02,3.4
2013-12-10,8.4,6.7,9.0,1603,0.5,0.95,1.8
2013-12-11,5.4,3.3,6.8,1592,0.0,0.75,1.9
2013-12-12,2.8,1.3,3.9,1582,0.0,0.64,2.0
2013-12-13,0.7,-0.8,3.4,3192,0.0,0.56,1.9
2013-12-14,0.9,-1.2,4.7,1566,0.1,0.54,2.5
2013-12-15,3.7,1.2,6.6,1560,2.2,0.65,3.0
2013-12-16,4.5,0.9,9.5,4436,0.0,0.64,2.8
2013-12-17,5.8,3.2,9.0,2495,0.0,0.75,1.9
2013-12-18,2.8,0.2,5.3,1793,0.0,0.6,2.2
2013-12-19,4.3,2.6,6.8,1545,0.6,0.72,3.0
2013-12-20,3.9,1.7,6.4,1544,0.0,0.67,2.5
2013-12-21,4.5,1.7,6.7,1749,0.5,0.67,3.7
2013-12-22,7.9,4.8,10.5,2284,3.8,0.84,4.2
2013-12-23,6.4,4.6,8.2,3559,0.0,0.82,3.8
2013-12-24,8.9,7.0,11.1,1551,0.1,0.96,4.8
2013-12-25,7.6,6.0,9.1,1556,1.8,0.9,2.8
2013-12-26,5.6,2.5,7.1,1562,5.0,0.7,1.8
2013-12-27,6.4,4.9,7.5,4177,0.0,0.84,3.9
2013-12-28,7.9,5.9,10.2,1576,10.3,0.9,2.9
2013-12-29,5.7,4.0,7.1,1919,1.1,0.78,3.1
2013-12-30,2.7,0.7,4.9,4527,0.0,0.62,2.8
2013-12-31,1.4,0.1,4.5,3963,0.0,0.6,2.5
2014-01-01,1.2,-0.6,3.7,1661,0.0,0.57,2.7
2014-01-02,4.1,0.2,7.2,1632,0.0,0.61,3.2
2014-01-03,5.9,1.6,8.6,3272,0.6,0.68,3.2
2014-01-04,5.6,3.6,7.3,2135,0.0,0.76,2.9
2014-01-05,5.0,1.2,7.3,1678,0.2,0.65,2.6
2014-01-06,4.5,0.4,7.8,1958,12.2,0.62,3.3
2014-01-07,8.8,6.8,11.3,4266,1.6,0.95,3.3
2014-01-08,8.2,4.8,10.6,2001,1.6,0.83,3.1
2014-01-09,8.2,3.5,12.3,1801,1.9,0.79,4.0
2014-01-10,6.3,4.1,7.5,1824,0.0,0.79,4.0
2014-01-11,5.5,3.6,7.8,3893,0.7,0.77,3.2
2014-01-12,4.0,1.1,5.6,3478,0.0,0.64,2.8
2014-01-13,2.0,-0.8,5.0,2038,0.0,0.56,2.2
2014-01-14,3.1,0.5,5.5,2814,0.0,0.61,1.5
2014-01-15,2.9,1.5,4.2,1908,0.3,0.65,2.3
2014-01-16,2.9,1.4,4.4,1937,7.6,0.65,2.8
2014-01-17,5.6,2.4,9.0,2449,0.0,0.71,2.3
2014-01-18,4.1,1.9,5.7,4190,0.0,0.68,2.5
2014-01-19,0.9,-2.6,4.7,2032,0.0,0.5,3.3
2014-01-20,-2.1,-3.3,-1.3,2065,0.0,0.46,2.6
2014-01-21,-2.8,-4.3,-1.8,2100,2.5,0.43,1.9
2014-01-22,-4.7,-5.6,-4.0,2137,0.0,0.39,2.0
2014-01-23,-5.1,-6.0,-4.1,2740,0.0,0.37,2.7
2014-01-24,-7.0,-12.6,-5.0,2212,0.0,0.23,2.8
2014-01-25,-12.1,-14.5,-8.9,5149,0.0,0.19,2.6
2014-01-26,-11.3,-14.0,-8.1,4478,0.1,0.2,3.6
2014-01-27,-3.7,-8.3,-2.0,2335,1.4,0.32,3.1
2014-01-28,-2.7,-5.5,0.0,4344,0.0,0.4,2.7
2014-01-29,-5.9,-6.9,-4.7,2422,0.2,0.35,3.4
2014-01-30,-4.6,-5.8,-2.9,2747,0.0,0.38,2.9
2014-01-31,-2.3,-5.1,0.6,3703,0.0,0.41,2.1
2014-02-01,1.5,-3.8,4.8,5830,0.5,0.46,2.9
2014-02-02,2.0,0.7,3.2,2610,0.2,0.62,1.9
2014-02-03,1.6,-0.1,3.8,2719,0.0,0.58,2.3
2014-02-04,1.4,-0.6,4.8,6699,0.0,0.57,2.3
2014-02-05,0.9,-1.7,4.6,6981,0.0,0.53,2.8
2014-02-06,4.7,0.7,9.5,6721,0.5,0.64,3.3
2014-02-07,7.5,3.3,12.5,3118,0.6,0.78,4.5
2014-02-08,6.1,2.4,9.1,4740,1.8,0.72,3.7
2014-02-09,5.7,2.7,9.4,7226,0.0,0.73,4.2
2014-02-10,4.2,-0.1,8.9,7913,0.1,0.6,2.6
2014-02-11,4.6,1.8,7.6,3228,0.0,0.68,3.1
2014-02-12,4.2,1.6,8.3,6181,0.8,0.68,3.2
2014-02-13,5.3,1.7,9.7,6412,5.3,0.68,3.7
2014-02-14,5.1,3.1,8.2,6985,0.7,0.74,3.5
2014-02-15,8.0,3.9,11.4,3343,0.0,0.8,4.3
2014-02-16,7.6,2.8,9.8,6926,1.0,0.73,4.2
2014-02-17,5.6,1.1,10.1,8081,0.0,0.66,2.0
2014-02-18,4.1,0.1,8.7,6434,0.0,0.61,1.8
2014-02-19,5.7,1.6,8.0,3602,0.2,0.67,2.3
2014-02-20,6.7,4.0,10.4,5407,0.0,0.8,2.6
2014-02-21,6.3,3.3,11.2,4690,5.1,0.77,3.0
2014-02-22,5.6,1.5,9.7,9734,0.0,0.68,2.9
2014-02-23,5.6,1.1,9.7,11147,0.0,0.66,2.5
2014-02-24,5.5,-0.1,11.8,11301,0.0,0.63,2.6
2014-02-25,6.2,0.3,13.0,10766,0.0,0.65,2.4
2014-02-26,7.0,3.1,12.2,6960,0.0,0.76,1.7
2014-02-27,7.0,4.5,10.8,4634,0.0,0.82,2.1
2014-02-28,4.9,0.4,7.3,4475,0.0,0.62,2.0
2014-03-01,3.9,-2.9,10.7,10563,0.0,0.52,1.6
2014-03-02,3.9,-1.0,9.5,6493,0.0,0.57,1.8
2014-03-03,5.4,1.7,10.4,9539,0.0,0.68,2.6
2014-03-04,5.4,-0.1,10.6,5531,0.9,0.61,1.3
2014-03-05,6.0,2.5,10.3,6455,0.0,0.72,1.5
2014-03-06,5.1,1.1,8.3,6974,0.0,0.65,1.7
2014-03-07,4.1,-1.2,10.0,9892,0.0,0.57,2.0
2014-03-08,6.7,2.7,12.9,14074,0.0,0.75,1.9
2014-03-09,8.2,1.6,16.8,13722,0.0,0.73,2.4
2014-03-10,7.8,0.6,17.0,14415,0.0,0.7,1.9
2014-03-11,7.0,1.3,14.5,12811,0.0,0.7,2.3
2014-03-12,5.7,-2.3,14.5,15116,0.0,0.56,1.7
2014-03-13,7.3,-1.8,16.9,15199,0.0,0.6,1.3
2014-03-14,6.2,0.9,11.3,14825,0.7,0.66,1.9
2014-03-15,8.3,5.7,11.3,8821,2.2,0.89,5.2
2014-03-16,9.4,5.8,11.4,5494,0.0,0.9,5.6
2014-03-17,9.8,7.4,11.7,5858,0.1,1.0,4.0
2014-03-18,9.3,7.4,12.1,6037,3.5,1.0,3.1
2014-03-19,9.3,6.6,11.6,5837,0.3,0.95,4.5
2014-03-20,13.0,7.6,19.4,15828,0.0,1.07,3.2
2014-03-21,13.0,3.5,21.0,9980,0.0,0.85,3.7
2014-03-22,7.3,1.7,10.6,6968,1.7,0.69,2.7
2014-03-23,6.6,2.7,9.9,6270,0.0,0.73,2.2
2014-03-24,4.6,0.8,9.7,7249,1.8,0.65,1.7
2014-03-25,3.8,1.1,8.3,8241,2.7,0.65,1.7
2014-03-26,5.4,0.0,11.4,15197,0.0,0.63,2.3
2014-03-27,6.5,1.2,12.4,18394,0.0,0.67,3.0
2014-03-28,5.6,1.0,8.7,6489,0.0,0.65,2.5
2014-03-29,7.9,0.0,16.8,13374,0.0,0.67,2.1
2014-03-30,10.7,0.8,19.3,18071,0.0,0.72,1.3
2014-03-31,9.2,2.8,15.6,9455,0.0,0.77,1.3
2014-04-01,8.3,2.0,14.3,10923,0.0,0.72,1.7
2014-04-02,11.7,5.1,19.2,18444,0.0,0.92,1.8
2014-04-03,12.1,5.3,20.7,17321,0.0,0.95,2.0
2014-04-04,8.4,6.2,11.1,7067,0.1,0.92,2.5
2014-04-05,9.9,5.9,15.2,9091,0.2,0.93,1.7
2014-04-06,12.6,8.4,17.5,14068,1.7,1.1,2.0
2014-04-07,15.2,11.6,19.3,10477,0.0,1.35,2.1
2014-04-08,12.0,5.9,17.2,10686,2.1,0.94,4.2
2014-04-09,8.6,5.6,12.4,9902,3.3,0.89,3.9
2014-04-10,7.8,6.2,9.8,8329,0.0,0.92,2.1
2014-04-11,8.9,6.8,11.7,7632,0.7,0.96,1.6
2014-04-12,9.9,5.9,14.9,12086,0.9,0.93,1.6
2014-04-13,10.9,7.3,15.1,15231,4.3,1.01,3.2
2014-04-14,7.6,4.1,10.8,12400,1.1,0.8,4.8
2014-04-15,6.7,2.6,11.0,13410,0.4,0.73,3.4
2014-04-16,6.9,0.0,13.6,21978,0.0,0.64,1.7
2014-04-17,8.3,1.6,13.7,22118,4.2,0.71,2.7
2014-04-18,7.0,2.1,11.4,13599,2.3,0.71,2.7
2014-04-19,10.4,0.2,20.3,17175,0.3,0.71,2.8
2014-04-20,15.0,9.1,19.9,17403,1.8,1.17,3.1
2014-04-21,13.9,11.1,18.8,16929,0.6,1.31,2.3
2014-04-22,14.8,9.7,21.4,15980,0.2,1.22,1.7
2014-04-23,13.8,7.3,21.3,14432,2.4,1.07,1.7
2014-04-24,11.8,7.8,16.7,11095,0.0,1.05,2.1
2014-04-25,16.1,7.9,22.4,24112,0.0,1.11,2.4
2014-04-26,15.6,7.1,23.0,20782,0.0,1.07,1.9
2014-04-27,14.7,10.3,20.0,20414,0.0,1.26,2.3
2014-04-28,15.5,8.2,21.6,24357,0.0,1.12,1.7
2014-04-29,14.6,5.6,22.2,24594,0.0,0.99,1.4
2014-04-30,14.9,9.2,21.3,20485,0.0,1.18,1.6
2014-05-01,14.1,8.2,19.0,15260,3.6,1.1,2.0
2014-05-02,5.9,3.7,8.2,9152,1.9,0.77,2.6
2014-05-03,7.9,1.8,14.2,25890,0.0,0.72,2.5
2014-05-04,6.7,2.3,9.4,9278,0.0,0.71,2.0
2014-05-05,9.6,5.1,14.5,14356,0.0,0.87,1.5
2014-05-06,13.2,4.7,19.8,15655,0.5,0.9,2.6
2014-05-07,13.7,9.8,19.2,18066,0.0,1.2,3.0
2014-05-08,12.3,9.3,16.2,12845,6.3,1.15,3.2
2014-05-09,13.2,8.8,19.4,13774,1.5,1.13,3.7
2014-05-10,12.5,8.9,16.9,14211,3.8,1.12,3.2
2014-05-11,11.6,8.9,15.7,14523,1.9,1.11,4.3
2014-05-12,11.1,8.9,14.8,13965,1.2,1.12,3.8
2014-05-13,10.7,5.8,15.4,14524,0.0,0.92,2.9
2014-05-14,9.1,5.2,13.0,13711,0.8,0.87,3.1
2014-05-15,10.8,6.3,16.6,17267,0.0,0.97,2.5
2014-05-16,12.2,4.3,19.2,25714,0.0,0.87,2.6
2014-05-17,14.2,7.2,20.8,21525,0.8,1.06,2.1
2014-05-18,11.6,9.4,13.6,10291,18.4,1.14,1.8
2014-05-19,13.9,9.8,18.9,15868,0.0,1.21,1.7
2014-05-20,18.9,8.6,26.9,28887,0.0,1.24,1.7
2014-05-21,21.3,11.6,28.0,27820,0.0,1.47,2.1
2014-05-22,23.6,16.9,30.0,27884,0.0,1.97,2.3
2014-05-23,19.1,13.6,22.4,16321,0.0,1.54,2.0
2014-05-24,17.5,11.6,22.8,20667,0.0,1.39,1.8
2014-05-25,18.1,12.5,24.5,25401,0.0,1.47,1.8
2014-05-26,19.5,13.2,25.4,24566,0.0,1.55,2.4
2014-05-27,15.0,10.1,21.5,11293,16.2,1.25,3.0
2014-05-28,9.6,7.3,10.5,10439,18.4,0.99,3.2
2014-05-29,8.9,5.2,11.6,11108,0.0,0.87,2.2
2014-05-30,12.9,3.7,19.7,27418,0.0,0.85,2.0
2014-05-31,14.0,8.1,20.4,25296,0.0,1.11,2.4
2014-06-01,12.4,6.5,17.8,26608,0.0,0.98,1.7
2014-06-02,14.2,5.6,20.3,25116,0.0,0.95,1.4
2014-06-03,14.8,8.7,20.6,14313,0.0,1.15,1.3
2014-06-04,17.9,12.6,22.8,22503,0.2,1.46,2.0
2014-06-05,15.7,10.3,20.2,18065,0.5,1.25,2.9
2014-06-06,17.1,8.1,24.4,30475,0.0,1.16,1.9
2014-06-07,21.2,10.1,30.7,28332,0.0,1.38,1.6
2014-06-08,25.1,14.3,33.5,27335,0.1,1.8,1.8
2014-06-09,24.0,16.1,31.1,25695,0.6,1.9,2.0
2014-06-10,24.8,18.6,30.7,23030,0.0,2.16,2.0
2014-06-11,21.1,17.0,27.2,15758,23.9,1.94,2.2
2014-06-12,17.2,13.1,21.2,25366,0.0,1.49,2.3
2014-06-13,15.0,11.5,19.6,15272,1.0,1.35,2.8
2014-06-14,14.9,9.0,19.5,18866,0.2,1.16,2.5
2014-06-15,15.7,6.8,21.6,27449,0.0,1.03,2.2
2014-06-16,15.0,7.1,19.7,23874,0.0,1.04,2.4
2014-06-17,17.3,10.0,23.1,22344,0.0,1.26,2.1
2014-06-18,16.2,6.3,23.0,28235,0.0,1.04,2.4
2014-06-19,15.0,12.2,19.0,11984,0.2,1.39,3.3
2014-06-20,14.9,10.9,19.8,15696,0.0,1.3,3.4
2014-06-21,14.0,10.5,18.2,13776,0.2,1.24,2.8
2014-06-22,14.3,9.5,19.5,19787,0.9,1.19,2.9
2014-06-23,13.8,8.6,19.6,19271,0.0,1.14,2.5
2014-06-24,14.2,9.2,19.9,14276,16.2,1.17,1.8
2014-06-25,12.2,8.7,14.9,11072,11.3,1.1,2.1
2014-06-26,14.2,6.4,20.6,25255,0.1,1.0,1.4
2014-06-27,17.2,7.6,23.3,26392,0.0,1.11,1.6
2014-06-28,18.4,13.3,24.2,18199,1.5,1.55,1.9
2014-06-29,15.5,13.0,18.0,11543,2.6,1.46,2.3
2014-06-30,14.9,11.2,19.6,15614,6.4,1.32,2.3
2014-07-01,14.8,9.5,20.4,23637,0.0,1.2,1.9
2014-07-02,15.3,9.4,21.2,21574,0.0,1.2,2.0
2014-07-03,17.8,9.8,24.5,25886,0.0,1.26,2.0
2014-07-04,23.1,11.5,32.0,29299,0.0,1.53,2.0
2014-07-05,23.2,17.9,29.2,17550,0.0,2.08,2.5
2014-07-06,24.6,16.9,30.3,27962,0.0,1.97,2.3
2014-07-07,21.7,17.0,25.1,18768,9.9,1.92,2.2
2014-07-08,19.5,16.3,26.0,13398,19.2,1.85,2.7
2014-07-09,20.6,16.1,26.8,16546,3.8,1.85,3.2
2014-07-10,21.7,14.9,29.0,23240,2.3,1.77,2.3
2014-07-11,19.9,12.7,27.1,27893,0.0,1.54,2.3
2014-07-12,16.1,12.3,22.1,19992,2.7,1.43,2.0
2014-07-13,16.3,10.5,22.8,20457,6.3,1.29,2.1
2014-07-14,19.7,14.8,25.3,20162,0.1,1.69,2.6
2014-07-15,21.1,16.8,26.4,25424,0.0,1.9,1.9
2014-07-16,21.3,15.6,27.2,21333,0.0,1.8,1.3
2014-07-17,22.3,14.7,28.7,27840,0.0,1.74,1.3
2014-07-18,22.9,14.2,30.2,29292,0.0,1.71,1.5
2014-07-19,24.7,15.1,32.1,28852,0.0,1.82,2.0
2014-07-20,25.8,16.2,34.5,25521,0.0,2.01,2.2
2014-07-21,23.9,17.2,30.5,21820,0.0,2.03,2.5
2014-07-22,22.7,16.0,30.1,24391,0.3,1.89,2.7
2014-07-23,22.2,15.5,29.5,27952,0.0,1.82,2.6
2014-07-24,18.7,14.9,23.6,11893,9.7,1.68,2.3
2014-07-25,18.9,16.4,23.0,10471,7.7,1.82,1.8
2014-07-26,22.1,16.5,29.1,20878,0.0,1.92,1.6
2014-07-27,23.5,17.3,30.4,18324,0.0,2.02,1.7
2014-07-28,22.8,19.1,27.6,18755,9.1,2.18,1.7
2014-07-29,21.6,19.1,29.9,15096,28.8,2.22,1.9
2014-07-30,20.8,18.0,25.3,10460,0.4,2.04,2.4
2014-07-31,19.4,14.3,24.7,25079,0.0,1.64,1.9
2014-08-01,21.0,12.4,27.3,24376,0.0,1.52,1.7
2014-08-02,23.5,19.2,28.2,17289,0.1,2.21,2.0
2014-08-03,22.8,18.7,27.5,19664,0.1,2.13,1.7
2014-08-04,19.6,16.6,22.8,9683,0.0,1.84,1.6
2014-08-05,18.6,14.9,24.4,15962,5.8,1.69,1.7
2014-08-06,19.2,13.9,25.1,22938,0.0,1.6,1.5
2014-08-07,18.6,12.0,24.2,14715,0.0,1.44,1.5
2014-08-08,20.2,12.9,27.4,22742,0.0,1.54,1.5
2014-08-09,21.0,13.3,27.6,19866,0.3,1.59,3.0
2014-08-10,20.2,11.9,28.3,13518,13.5,1.49,2.7
2014-08-11,19.0,13.9,22.8,20753,0.0,1.57,3.1
2014-08-12,16.7,12.4,22.0,20053,1.3,1.43,2.9
2014-08-13,18.0,10.7,25.0,18283,17.7,1.34,2.3
2014-08-14,17.3,13.8,21.8,18421,2.7,1.55,2.6
2014-08-15,15.8,13.1,19.5,13468,0.1,1.47,2.3
2014-08-16,14.8,12.5,18.9,13382,5.6,1.42,2.8
2014-08-17,16.5,12.3,20.6,13530,0.0,1.41,3.6
2014-08-18,16.1,13.0,20.8,14261,0.4,1.48,3.9
2014-08-19,14.1,10.5,20.3,14050,2.6,1.28,2.9
2014-08-20,13.1,9.1,19.1,16976,0.0,1.16,2.6
2014-08-21,13.3,8.3,19.0,16059,0.2,1.1,2.0
2014-08-22,15.4,9.7,20.7,12151,0.0,1.22,2.5
2014-08-23,15.0,10.6,20.3,17451,0.0,1.28,2.4
2014-08-24,12.8,8.5,18.1,17450,0.3,1.12,2.6
2014-08-25,13.5,8.1,18.4,16763,0.0,1.09,1.9
2014-08-26,13.5,8.3,19.0,16421,0.0,1.1,1.9
2014-08-27,14.1,6.7,21.5,20808,0.0,1.03,1.7
2014-08-28,16.0,7.0,23.3,21565,0.0,1.08,1.5
2014-08-29,16.6,11.4,21.2,10156,0.7,1.35,1.9
2014-08-30,17.0,12.4,21.9,11396,0.5,1.44,2.0
2014-08-31,15.9,12.0,20.4,10525,0.1,1.39,1.8
2014-09-01,14.4,11.3,18.0,7796,2.9,1.31,1.9
2014-09-02,15.7,11.7,20.4,12518,0.1,1.36,1.8
2014-09-03,16.3,12.3,21.5,18705,0.0,1.42,2.5
2014-09-04,17.5,10.7,24.5,20285,0.0,1.33,2.3
2014-09-05,19.5,13.1,25.9,18948,0.0,1.55,1.5
2014-09-06,19.9,12.9,27.3,16450,4.1,1.56,1.3
2014-09-07,19.8,14.7,25.7,15464,1.7,1.69,1.3
2014-09-08,17.7,12.5,22.7,15013,0.0,1.45,1.7
2014-09-09,15.1,10.8,20.4,13205,0.0,1.29,2.2
2014-09-10,14.5,11.6,18.1,7572,1.9,1.34,2.2
2014-09-11,13.6,10.4,17.4,10479,0.1,1.23,2.1
2014-09-12,16.0,12.4,18.8,6577,0.6,1.41,2.8
2014-09-13,16.9,15.0,18.9,6494,2.4,1.65,2.2
2014-09-14,16.6,15.0,18.8,6412,2.6,1.65,2.0
2014-09-15,19.2,14.8,25.2,16771,0.0,1.69,1.9
2014-09-16,18.6,13.6,24.9,14419,0.0,1.58,2.1
2014-09-17,18.1,12.4,24.3,17045,0.0,1.46,2.2
2014-09-18,18.0,12.2,23.8,17174,0.0,1.44,1.9
2014-09-19,15.6,10.8,20.7,8825,0.6,1.29,1.6
2014-09-20,16.4,10.8,20.7,6402,2.8,1.29,1.4
2014-09-21,15.1,11.9,18.6,6316,0.1,1.36,2.7
2014-09-22,11.4,9.7,13.7,7846,1.7,1.16,3.7
2014-09-23,10.6,6.9,15.4,13497,0.0,0.99,2.0
2014-09-24,11.7,9.3,15.1,8863,0.0,1.14,2.2
2014-09-25,13.3,10.5,16.6,6715,1.0,1.25,2.9
2014-09-26,14.5,12.1,17.1,5521,0.4,1.38,2.6
2014-09-27,13.4,7.6,17.8,11539,0.0,1.05,1.7
2014-09-28,13.4,5.8,20.7,13749,0.0,0.98,1.5
2014-09-29,16.5,10.0,23.1,10463,0.7,1.26,1.4
2014-09-30,16.8,15.3,19.6,6968,1.4,1.69,1.4
2014-10-01,14.9,10.8,19.3,7223,0.0,1.29,1.2
2014-10-02,15.9,10.9,20.5,5472,0.0,1.3,1.1
2014-10-03,14.9,10.9,20.0,13306,0.0,1.29,1.5
2014-10-04,13.6,8.5,19.1,13912,0.0,1.11,2.2
2014-10-05,13.0,7.3,19.0,12563,0.0,1.05,1.8
2014-10-06,13.5,9.9,18.8,11906,0.0,1.22,2.4
2014-10-07,13.5,9.9,17.8,4646,1.4,1.21,3.3
2014-10-08,14.1,10.2,18.1,7515,3.0,1.23,2.7
2014-10-09,17.3,14.3,20.0,4412,1.9,1.59,2.6
2014-10-10,14.8,12.2,18.0,5940,1.7,1.39,1.9
2014-10-11,14.2,12.3,15.3,4264,3.0,1.38,1.4
2014-10-12,13.5,10.9,16.1,7406,0.3,1.27,1.8
2014-10-13,15.0,11.8,18.2,5204,0.3,1.35,2.0
2014-10-14,14.4,10.1,17.8,6194,0.0,1.21,1.7
2014-10-15,12.9,9.4,17.6,5492,0.0,1.17,1.7
2014-10-16,11.5,8.3,13.5,3980,1.5,1.07,1.9
2014-10-17,13.7,12.1,16.8,5393,0.0,1.36,1.9
2014-10-18,13.6,9.1,17.9,4720,0.0,1.15,2.0
2014-10-19,16.1,10.1,22.3,10802,1.4,1.26,2.8
2014-10-20,14.2,12.1,16.6,5638,1.1,1.37,3.2
2014-10-21,12.6,10.2,15.3,5690,3.4,1.21,3.6
2014-10-22,10.1,8.5,11.9,3500,6.4,1.08,4.7
2014-10-23,11.4,9.9,12.4,3436,0.0,1.17,2.5
2014-10-24,8.8,6.7,10.3,3373,0.0,0.95,2.2
2014-10-25,8.4,5.7,10.9,3310,0.1,0.89,2.0
2014-10-26,11.5,8.7,14.5,4383,0.1,1.1,2.0
2014-10-27,11.0,5.9,16.2,8593,0.0,0.93,2.3
2014-10-28,6.6,2.0,11.7,8989,0.0,0.71,2.2
2014-10-29,5.8,2.1,8.5,6158,0.2,0.69,1.9
2014-10-30,8.9,7.2,10.4,3012,0.0,0.98,1.2
2014-10-31,11.0,8.5,14.7,4462,0.0,1.09,1.6
2014-11-01,12.5,8.4,17.7,7674,0.0,1.09,1.6
2014-11-02,11.5,7.0,17.2,8052,0.0,1.01,2.1
2014-11-03,13.3,10.1,16.4,4486,0.0,1.21,3.3
2014-11-04,10.9,8.9,14.1,2860,0.0,1.11,2.4
2014-11-05,9.9,8.1,11.1,2689,0.2,1.04,1.8
2014-11-06,8.9,7.6,10.3,2639,0.0,1.01,1.7
2014-11-07,7.1,3.0,10.6,7427,0.0,0.74,2.3
2014-11-08,7.7,3.4,12.8,4704,0.0,0.78,2.4
2014-11-09,6.3,1.0,8.7,3394,0.0,0.65,2.0
2014-11-10,7.6,6.8,8.3,2449,0.7,0.95,1.8
2014-11-11,7.0,2.6,10.7,3502,0.0,0.73,2.2
2014-11-12,10.1,8.7,11.0,2361,0.0,1.08,1.9
2014-11-13,10.3,9.8,11.0,2318,0.1,1.16,1.2
2014-11-14,10.1,8.4,12.5,3389,0.0,1.07,2.6
2014-11-15,9.7,8.4,10.8,2237,0.0,1.07,2.7
2014-11-16,8.7,6.6,10.3,2198,0.6,0.95,2.7
2014-11-17,7.3,2.7,11.7,5740,0.0,0.74,2.0
2014-11-18,6.8,5.0,8.1,2123,0.3,0.84,2.7
2014-11-19,4.3,3.8,5.1,2088,0.2,0.77,1.8
2014-11-20,5.0,3.9,6.1,2053,0.0,0.78,1.3
2014-11-21,3.9,1.4,5.8,2020,0.0,0.66,1.5
2014-11-22,5.3,3.5,7.1,2714,1.2,0.76,2.2
2014-11-23,5.4,2.9,8.6,4161,0.0,0.73,2.4
2014-11-24,6.5,4.6,9.5,2686,5.6,0.82,2.3
2014-11-25,3.8,3.2,4.8,1898,0.0,0.74,1.9
2014-11-26,3.9,1.9,5.1,2057,0.0,0.68,2.8
2014-11-27,2.3,-0.1,4.8,4655,0.0,0.59,3.0
2014-11-28,1.0,-0.3,2.0,1819,0.0,0.57,3.7
2014-11-29,-0.6,-1.7,0.1,1795,0.0,0.52,3.3
2014-11-30,-1.1,-2.0,-0.2,1772,0.0,0.51,3.0
2014-12-01,-2.7,-3.1,-2.0,1750,0.0,0.47,3.5
2014-12-02,-2.8,-3.1,-2.2,1729,0.0,0.47,2.2
2014-12-03,-1.8,-3.2,-0.6,1709,0.0,0.46,2.0
2014-12-04,1.6,-0.5,4.0,1691,0.0,0.57,1.9
2014-12-05,2.4,1.9,3.2,1673,0.6,0.68,1.5
2014-12-06,3.7,1.2,5.8,2902,0.0,0.64,1.6
2014-12-07,1.8,-0.2,3.8,1642,3.7,0.58,2.6
2014-12-08,3.4,-0.2,5.4,3325,0.0,0.58,2.7
2014-12-09,0.7,-1.3,4.0,4062,0.0,0.54,2.0
2014-12-10,2.0,-1.0,4.2,1603,1.5,0.55,4.0
2014-12-11,3.4,1.8,6.1,1676,5.0,0.67,4.6
2014-12-12,6.6,2.4,9.8,1582,2.3,0.72,5.1
2014-12-13,5.3,3.1,6.4,1574,0.0,0.73,2.7
2014-12-14,2.2,0.4,3.5,1814,0.0,0.61,2.1
2014-12-15,3.3,0.0,6.0,1931,0.6,0.6,2.9
2014-12-16,4.1,1.9,5.8,1554,0.0,0.67,2.5
2014-12-17,2.5,0.5,6.4,1632,1.3,0.61,3.2
2014-12-18,9.0,6.5,12.4,1547,3.9,0.94,3.9
2014-12-19,9.6,4.7,12.1,1545,4.4,0.84,5.1
2014-12-20,5.1,0.9,7.5,1544,6.0,0.64,5.5
2014-12-21,5.6,3.8,7.3,1831,1.1,0.78,4.5
2014-12-22,9.9,7.3,11.8,1546,2.0,0.99,5.9
2014-12-23,10.8,10.1,11.4,1548,1.6,1.19,4.9
2014-12-24,8.2,4.0,10.8,1551,1.0,0.8,4.8
2014-12-25,4.3,1.6,6.6,1844,1.7,0.66,4.2
2014-12-26,-1.0,-4.9,1.6,2511,0.7,0.42,2.0
2014-12-27,-4.6,-7.1,-2.6,3639,0.0,0.35,3.3
2014-12-28,-5.3,-9.1,-2.4,3030,5.4,0.3,2.8
2014-12-29,-3.4,-4.8,-2.4,2127,0.2,0.41,2.6
2014-12-30,-0.8,-2.4,1.8,1595,0.8,0.5,2.3
2014-12-31,2.9,1.6,4.9,1606,0.5,0.66,2.2
2015-01-01,3.5,1.7,4.8,3987,0.0,0.67,2.9
2015-01-02,5.8,2.6,8.4,2057,0.7,0.72,5.0
2015-01-03,4.4,2.6,5.8,1646,0.2,0.71,4.1
2015-01-04,3.5,1.5,5.4,2910,0.2,0.65,3.8
2015-01-05,3.6,2.3,4.1,1678,0.2,0.69,2.8
2015-01-06,1.9,-0.1,3.1,1696,0.0,0.58,1.9
2015-01-07,2.7,-0.6,5.8,1715,0.1,0.57,2.6
2015-01-08,4.0,0.9,6.8,1735,8.0,0.64,4.1
2015-01-09,6.5,3.3,9.5,1757,16.2,0.76,6.2
2015-01-10,8.8,4.7,13.2,1779,3.4,0.84,7.0
2015-01-11,3.4,1.4,5.1,1848,2.5,0.65,5.8
2015-01-12,5.9,3.7,7.9,1827,3.1,0.77,5.4
2015-01-13,9.8,7.4,12.0,2547,0.7,1.0,4.3
2015-01-14,5.6,2.3,8.0,3375,1.8,0.7,4.1
2015-01-15,5.0,0.2,10.0,1908,1.6,0.62,4.2
2015-01-16,7.3,4.3,10.0,3177,0.0,0.81,2.8
2015-01-17,3.1,-1.9,5.0,2497,0.0,0.52,2.1
2015-01-18,-0.1,-2.8,3.0,5504,0.0,0.48,2.1
2015-01-19,-0.7,-3.8,1.2,2967,0.0,0.45,1.4
2015-01-20,0.7,-0.1,1.7,2065,2.4,0.58,1.2
2015-01-21,-0.5,-1.9,0.2,2100,0.0,0.51,1.8
2015-01-22,-0.5,-1.6,0.1,2137,0.0,0.52,2.1
2015-01-23,-0.3,-1.2,0.5,2174,0.0,0.54,1.9
2015-01-24,0.0,-1.2,1.3,3254,0.4,0.54,2.4
2015-01-25,0.7,-0.8,1.6,2252,0.0,0.56,2.2
2015-01-26,2.5,1.2,4.4,2399,6.3,0.64,2.9
2015-01-27,3.2,0.1,4.7,2335,0.0,0.6,3.3
2015-01-28,3.3,0.5,5.5,3251,3.7,0.61,4.2
2015-01-29,2.2,0.1,4.2,3914,2.6,0.6,4.1
2015-01-30,0.7,-0.2,1.5,2467,3.4,0.58,2.7
2015-01-31,0.1,-1.3,1.0,3364,0.2,0.53,2.4
2015-02-01,1.1,-0.7,3.6,3422,0.0,0.56,2.4
2015-02-02,0.9,-0.8,2.7,2843,1.4,0.55,2.9
2015-02-03,-0.1,-1.9,0.8,2660,0.6,0.51,2.0
2015-02-04,-1.1,-2.0,-0.5,2711,0.0,0.51,1.8
2015-02-05,-0.9,-3.9,1.6,6740,0.0,0.45,2.6
2015-02-06,-4.0,-6.6,-2.2,2817,0.0,0.36,3.1
2015-02-07,-0.8,-6.1,3.8,2871,0.0,0.39,3.0
2015-02-08,1.5,-0.9,3.3,7742,0.6,0.55,4.1
2015-02-09,4.3,0.1,6.0,2983,0.1,0.6,3.8
2015-02-10,5.1,4.0,5.9,3040,0.0,0.78,2.4
2015-02-11,4.9,2.6,5.5,3098,0.0,0.71,1.7
2015-02-12,1.4,-0.5,2.9,3158,0.0,0.57,1.7
2015-02-13,0.3,-1.4,3.1,5215,0.0,0.53,2.2
2015-02-14,0.9,-3.8,6.4,9275,0.0,0.47,2.2
2015-02-15,1.7,-3.6,7.6,9138,0.0,0.48,2.7
2015-02-16,0.8,-1.5,3.1,6374,0.0,0.53,2.5
2015-02-17,0.5,-2.7,3.3,6963,0.0,0.49,1.7
2015-02-18,3.0,0.3,7.0,8131,0.0,0.61,2.1
2015-02-19,2.6,-1.1,7.2,10184,0.0,0.56,2.7
2015-02-20,2.9,-3.8,9.3,7072,0.0,0.48,3.2
2015-02-21,5.7,1.1,10.0,5642,0.0,0.66,3.0
2015-02-22,2.2,-0.7,5.2,3881,0.0,0.56,2.1
2015-02-23,1.5,-1.0,2.7,3876,5.7,0.55,3.3
2015-02-24,3.0,-0.4,6.7,6297,0.0,0.58,3.2
2015-02-25,3.0,-1.0,8.3,7392,0.0,0.57,2.0
2015-02-26,2.7,-2.7,9.1,12000,0.0,0.51,2.1
2015-02-27,3.5,-2.3,10.2,11299,0.6,0.54,2.1
2015-02-28,3.0,-0.3,6.4,9153,0.0,0.58,2.4
2015-03-01,3.9,0.2,8.6,5754,5.0,0.62,3.8
2015-03-02,4.8,1.9,7.8,6817,1.8,0.69,4.7
2015-03-03,4.3,1.4,7.6,9048,2.7,0.66,4.1
2015-03-04,2.9,0.2,5.7,7435,5.4,0.61,3.6
2015-03-05,3.6,1.3,6.6,5702,0.0,0.65,2.7
2015-03-06,5.0,1.3,7.8,4693,0.0,0.66,2.1
2015-03-07,7.6,3.0,12.3,10660,0.0,0.75,2.5
2015-03-08,10.2,4.1,17.2,12953,0.0,0.85,2.3
2015-03-09,8.3,4.2,12.1,11371,0.0,0.82,1.6
2015-03-10,5.8,2.1,9.5,5448,0.6,0.7,2.1
2015-03-11,4.6,1.3,8.2,5443,0.0,0.66,2.4
2015-03-12,2.7,-0.9,4.6,5169,0.0,0.55,2.0
2015-03-13,1.7,-2.8,6.5,7330,0.0,0.5,2.7
2015-03-14,4.0,1.6,6.4,5422,0.4,0.67,2.7
2015-03-15,5.7,4.0,7.9,5412,0.0,0.79,3.2
2015-03-16,8.2,3.8,11.4,11629,0.0,0.8,3.3
2015-03-17,10.9,5.8,16.3,13359,0.0,0.93,2.6
2015-03-18,8.8,2.0,14.4,16252,0.0,0.73,2.0
2015-03-19,5.8,-1.6,12.7,16425,0.0,0.57,1.6
2015-03-20,5.0,-2.9,12.8,15251,0.0,0.53,1.5
2015-03-21,2.5,0.4,4.2,5907,6.5,0.61,2.6
2015-03-22,0.9,-2.0,4.9,17527,0.0,0.52,2.8
2015-03-23,4.2,-1.8,10.4,15830,0.0,0.55,1.8
2015-03-24,7.5,1.4,12.8,10427,0.0,0.69,1.4
2015-03-25,8.9,0.2,15.2,15648,0.0,0.66,2.4
2015-03-26,7.2,4.9,11.5,6323,0.0,0.84,2.5
2015-03-27,6.6,4.1,10.0,8336,1.5,0.8,3.1
2015-03-28,6.8,4.9,9.8,8638,0.7,0.84,2.8
2015-03-29,9.5,6.3,12.0,6572,4.8,0.93,5.0
2015-03-30,6.0,3.4,8.5,8834,4.7,0.76,5.8
2015-03-31,5.6,0.5,11.4,9350,2.4,0.64,7.0
2015-04-01,4.4,1.5,7.9,12185,2.0,0.66,5.7
2015-04-02,3.4,0.9,8.1,11985,0.5,0.64,4.5
2015-04-03,4.6,0.9,8.8,11248,0.1,0.64,2.6
2015-04-04,3.7,-1.5,10.3,16610,0.0,0.56,2.1
2015-04-05,4.0,-2.4,10.5,18261,0.0,0.53,2.1
2015-04-06,4.7,-0.7,9.5,16022,0.0,0.58,2.1
2015-04-07,6.0,-2.7,11.9,14189,0.0,0.53,2.3
2015-04-08,8.1,4.0,10.8,7392,0.0,0.8,2.1
2015-04-09,8.9,2.8,16.2,15201,0.0,0.78,1.5
2015-04-10,11.4,1.5,19.7,20541,0.0,0.76,1.4
2015-04-11,13.9,6.3,21.5,18681,0.5,1.0,3.4
2015-04-12,9.4,5.1,14.7,17471,0.1,0.88,2.9
2015-04-13,9.0,2.9,13.0,15344,0.0,0.75,3.8
2015-04-14,9.6,0.8,15.0,14100,0.0,0.68,2.8
2015-04-15,15.6,9.3,22.4,19445,0.0,1.2,3.1
2015-04-16,9.7,3.5,13.7,22550,0.0,0.79,2.6
2015-04-17,6.6,1.1,12.2,15453,0.1,0.68,2.7
2015-04-18,6.0,-0.4,12.2,19601,0.0,0.61,2.3
2015-04-19,7.8,-1.2,15.1,19842,0.0,0.6,1.9
2015-04-20,10.4,2.4,18.0,23457,0.0,0.78,2.3
2015-04-21,12.5,4.4,20.9,24060,0.0,0.91,2.8
2015-04-22,8.5,4.2,13.8,14454,0.0,0.83,2.4
2015-04-23,11.0,2.6,18.0,24328,0.0,0.78,1.9
2015-04-24,12.7,2.7,20.1,24104,0.0,0.8,1.8
2015-04-25,14.5,6.6,21.8,13074,0.1,1.04,2.3
2015-04-26,13.5,7.4,17.6,16137,3.4,1.03,2.0
2015-04-27,8.8,6.4,11.1,8821,3.1,0.94,2.5
2015-04-28,7.9,3.6,12.0,13565,0.0,0.79,2.7
2015-04-29,8.3,1.2,14.5,22429,0.1,0.7,2.2
2015-04-30,10.4,5.8,16.8,16262,3.8,0.94,2.5
2015-05-01,8.6,2.8,13.1,18164,0.0,0.76,1.9
2015-05-02,8.1,0.8,14.4,21411,0.0,0.67,1.6
2015-05-03,12.3,0.4,19.5,20900,5.7,0.71,2.6
2015-05-04,17.1,13.2,22.1,21604,0.5,1.5,2.6
2015-05-05,17.7,11.9,24.2,13255,0.7,1.41,3.4
2015-05-06,15.0,6.9,21.0,20930,0.0,1.04,2.9
2015-05-07,11.8,6.0,16.3,19541,0.1,0.95,3.0
2015-05-08,13.2,5.9,18.6,16049,0.0,0.95,1.6
2015-05-09,15.0,10.7,20.2,13651,0.9,1.28,3.0
2015-05-10,10.8,3.4,14.3,13839,0.0,0.8,3.0
2015-05-11,12.9,2.4,20.7,24074,0.0,0.81,2.2
2015-05-12,17.3,8.3,27.5,18936,25.8,1.22,2.9
2015-05-13,12.6,7.4,17.5,21995,0.0,1.03,2.7
2015-05-14,9.6,5.5,13.3,12215,0.0,0.89,2.1
2015-05-15,10.2,3.7,16.0,22640,0.0,0.82,2.0
2015-05-16,9.8,3.4,14.1,16327,0.6,0.79,2.6
2015-05-17,10.4,5.7,15.5,20522,0.0,0.92,2.9
2015-05-18,13.4,5.2,20.1,16693,0.0,0.94,2.3
2015-05-19,14.5,6.7,19.1,21023,0.0,1.01,3.0
2015-05-20,11.6,5.6,16.9,12648,0.0,0.92,2.0
2015-05-21,11.0,4.8,17.1,22400,0.0,0.89,1.9
2015-05-22,13.5,4.2,20.6,22457,0.0,0.89,1.6
2015-05-23,14.0,6.0,19.4,13415,0.0,0.97,2.0
2015-05-24,12.7,4.1,20.6,28889,0.0,0.88,1.4
2015-05-25,15.1,7.3,21.8,22616,0.0,1.07,1.9
2015-05-26,11.5,6.1,15.6,17848,0.0,0.94,2.6
2015-05-27,10.3,6.1,15.2,13196,0.1,0.93,2.3
2015-05-28,12.7,5.3,20.9,17169,2.5,0.94,2.8
2015-05-29,14.4,9.2,19.2,20766,1.6,1.17,2.3
2015-05-30,11.6,5.9,16.2,20550,0.4,0.93,3.3
2015-05-31,14.9,4.2,22.3,21606,0.2,0.91,2.8
2015-06-01,13.6,6.8,18.0,12472,1.5,1.01,2.5
2015-06-02,17.7,7.3,24.6,21039,0.0,1.11,3.8
2015-06-03,17.5,8.2,22.4,18138,0.0,1.14,3.5
2015-06-04,14.8,6.6,21.5,30540,0.0,1.03,1.7
2015-06-05,20.7,10.3,29.1,30445,0.0,1.37,2.2
2015-06-06,22.2,14.0,30.2,25496,0.0,1.71,2.5
2015-06-07,16.6,10.8,22.7,23350,0.0,1.32,2.3
2015-06-08,14.0,8.3,19.4,22607,0.0,1.1,2.7
2015-06-09,14.3,7.0,19.9,26207,0.0,1.03,2.6
2015-06-10,16.2,9.7,21.6,25715,0.0,1.23,2.2
2015-06-11,17.1,5.9,23.9,28163,0.0,1.01,1.9
2015-06-12,20.5,12.1,26.8,26133,0.0,1.48,1.6
2015-06-13,20.7,14.2,29.8,21797,30.4,1.72,2.1
2015-06-14,16.6,13.4,19.1,14899,0.0,1.5,2.2
2015-06-15,13.8,8.1,18.4,25529,0.0,1.09,2.5
2015-06-16,11.3,6.7,15.3,14787,0.0,0.98,2.2
2015-06-17,14.1,5.3,20.8,26439,2.5,0.95,2.1
2015-06-18,15.1,10.8,20.7,14669,0.0,1.29,2.9
2015-06-19,12.7,10.4,17.5,14543,1.1,1.24,2.9
2015-06-20,12.5,10.4,16.8,13393,6.4,1.24,2.5
2015-06-21,14.3,9.5,18.7,18766,3.5,1.19,2.0
2015-06-22,14.1,11.9,17.8,12750,4.1,1.36,2.4
2015-06-23,11.7,10.1,14.6,10828,10.8,1.2,3.0
2015-06-24,12.8,10.3,15.7,11334,0.0,1.21,2.5
2015-06-25,17.1,11.3,23.1,17722,0.0,1.35,1.6
2015-06-26,18.0,14.1,22.7,14644,0.8,1.59,1.4
2015-06-27,17.8,15.1,22.7,12333,12.6,1.7,2.3
2015-06-28,17.2,12.1,22.3,22799,0.0,1.42,1.8
2015-06-29,20.1,14.7,26.6,21505,0.0,1.7,1.7
2015-06-30,20.0,15.3,25.0,27999,0.0,1.74,1.7
2015-07-01,20.9,11.7,27.1,31039,0.0,1.44,2.1
2015-07-02,23.9,15.8,30.3,30886,0.0,1.86,2.5
2015-07-03,26.5,18.1,32.8,26778,0.0,2.15,1.7
2015-07-04,28.7,18.6,37.4,25986,0.7,2.31,1.8
2015-07-05,27.0,19.9,34.4,23027,12.5,2.41,2.0
2015-07-06,20.8,14.6,25.1,23888,0.0,1.67,2.7
2015-07-07,22.4,13.4,31.7,26909,6.8,1.68,2.0
2015-07-08,19.2,16.0,23.0,17466,7.9,1.78,4.0
2015-07-09,15.2,12.0,18.6,21246,0.0,1.37,4.0
2015-07-10,14.6,10.0,20.2,21844,0.0,1.24,2.7
2015-07-11,16.5,8.4,22.3,22440,0.0,1.14,1.7
2015-07-12,17.2,11.8,23.4,12135,3.8,1.41,2.3
2015-07-13,16.9,14.9,22.0,12102,6.5,1.67,2.4
2015-07-14,17.2,13.9,20.8,10802,5.6,1.56,2.4
2015-07-15,18.7,13.6,24.0,24413,0.1,1.57,1.8
2015-07-16,20.5,14.9,26.6,18935,0.0,1.71,1.6
2015-07-17,23.2,13.5,32.5,23931,0.1,1.71,2.2
2015-07-18,21.9,14.6,27.3,22870,0.0,1.69,2.4
2015-07-19,16.0,13.1,17.9,10614,12.1,1.46,2.3
2015-07-20,19.3,14.3,24.8,26274,0.5,1.64,2.2
2015-07-21,21.9,15.8,28.4,19311,0.8,1.84,2.5
2015-07-22,22.8,15.2,29.4,15622,2.0,1.78,1.9
2015-07-23,19.5,12.6,25.3,22449,0.0,1.5,2.0
2015-07-24,19.8,11.2,26.1,22384,2.1,1.39,1.9
2015-07-25,20.9,13.7,28.1,17578,0.2,1.64,4.4
2015-07-26,16.4,12.7,21.2,19260,0.1,1.46,3.0
2015-07-27,16.8,13.2,22.4,12857,2.0,1.5,3.3
2015-07-28,16.6,13.8,20.0,13049,0.2,1.55,4.0
2015-07-29,15.0,11.3,20.8,17324,2.2,1.33,3.5
2015-07-30,15.8,11.2,20.1,14661,0.1,1.33,3.5
2015-07-31,13.8,7.1,19.8,14227,0.0,1.05,2.2
2015-08-01,16.2,5.9,25.3,24622,0.0,1.04,1.7
2015-08-02,20.4,9.7,29.1,27111,0.0,1.33,1.5
2015-08-03,22.4,11.0,31.6,26891,0.0,1.46,1.8
2015-08-04,25.6,18.1,34.5,22392,0.8,2.19,2.4
2015-08-05,19.8,14.0,25.5,22179,0.0,1.63,1.7
2015-08-06,24.4,12.4,34.0,25856,0.0,1.62,1.7
2015-08-07,26.8,17.8,35.3,22841,0.1,2.17,1.7
2015-08-08,22.8,18.2,29.8,16694,0.1,2.11,2.4
2015-08-09,20.9,15.1,27.8,26017,0.0,1.74,2.2
2015-08-10,24.1,14.3,32.5,23138,0.0,1.76,1.9
2015-08-11,24.1,18.2,31.6,24590,0.0,2.16,2.0
2015-08-12,21.1,17.1,27.7,14913,0.1,1.95,2.0
2015-08-13,22.6,17.4,28.6,19474,0.0,2.01,2.7
2015-08-14,26.1,19.8,33.9,24002,4.5,2.39,2.6
2015-08-15,22.2,18.6,29.0,16190,1.4,2.15,1.9
2015-08-16,21.7,17.6,29.9,20104,24.7,2.06,2.1
2015-08-17,22.0,19.0,26.7,9653,0.4,2.17,2.4
2015-08-18,17.6,16.3,20.1,8993,0.8,1.79,2.0
2015-08-19,16.5,13.9,20.1,16033,0.0,1.56,1.5
2015-08-20,18.0,12.0,24.9,22203,0.0,1.43,1.3
2015-08-21,18.2,9.5,26.7,22652,0.0,1.29,1.4
2015-08-22,18.8,9.0,26.9,21713,0.0,1.24,1.9
2015-08-23,18.8,10.3,25.2,16763,0.4,1.32,2.7
2015-08-24,20.6,15.6,26.6,14024,10.7,1.79,2.8
2015-08-25,17.8,14.6,21.2,12671,0.6,1.63,3.4
2015-08-26,19.6,13.5,26.2,20155,0.0,1.58,2.6
2015-08-27,19.7,16.4,25.7,10785,8.6,1.86,2.4
2015-08-28,15.5,12.2,18.8,10918,0.0,1.38,1.9
2015-08-29,17.1,10.4,23.5,20637,0.0,1.31,1.3
2015-08-30,20.8,12.3,28.9,16610,0.0,1.52,1.5
2015-08-31,25.3,16.9,33.4,18912,1.4,2.05,1.8
2015-09-01,20.4,13.8,26.3,15150,0.7,1.62,2.6
2015-09-02,15.1,11.0,20.6,19067,0.0,1.31,2.2
2015-09-03,13.5,8.8,18.9,10889,2.4,1.14,1.6
2015-09-04,13.5,8.3,18.9,14566,0.4,1.1,2.4
2015-09-05,13.8,10.4,18.8,10795,3.1,1.25,3.7
2015-09-06,12.8,10.4,17.4,9412,14.4,1.23,4.1
2015-09-07,12.5,7.8,17.2,15993,0.0,1.06,2.5
2015-09-08,13.0,7.1,19.7,15856,0.0,1.04,1.8
2015-09-09,11.9,5.7,17.6,13519,0.0,0.94,1.9
2015-09-10,12.4,6.0,19.8,12666,5.8,0.97,2.3
2015-09-11,13.5,10.4,16.6,8001,0.3,1.23,2.1
2015-09-12,15.8,10.9,22.3,12217,0.8,1.32,2.1
2015-09-13,18.5,14.2,23.7,10466,0.0,1.62,2.0
2015-09-14,17.1,13.6,19.8,10154,6.0,1.53,2.6
2015-09-15,14.6,11.1,19.4,13156,3.8,1.3,3.0
2015-09-16,16.3,9.3,22.5,7942,2.9,1.21,2.6
2015-09-17,17.8,14.1,22.5,7649,1.2,1.58,3.4
2015-09-18,15.2,11.2,20.1,15309,0.0,1.33,2.3
2015-09-19,14.3,10.1,20.5,12331,0.4,1.24,1.7
2015-09-20,11.9,9.2,16.0,8431,1.0,1.15,2.3
2015-09-21,12.1,8.1,17.1,8904,0.0,1.08,1.7
2015-09-22,13.7,10.6,17.8,5850,0.3,1.26,2.2
2015-09-23,12.6,9.2,16.9,7558,0.0,1.14,2.0
2015-09-24,12.7,7.8,18.8,10732,0.0,1.07,2.2
2015-09-25,13.6,9.4,18.9,10144,0.0,1.18,1.6
2015-09-26,11.6,6.4,17.8,12870,0.0,0.97,1.7
2015-09-27,10.4,5.0,17.3,13087,0.0,0.9,2.0
2015-09-28,11.0,4.1,18.4,14922,0.0,0.87,1.9
2015-09-29,11.0,4.4,17.8,13770,0.0,0.86,2.5
2015-09-30,10.0,4.1,17.0,12903,0.0,0.84,2.4
2015-10-01,9.0,1.5,17.1,14329,0.0,0.72,2.1
2015-10-02,9.5,2.0,19.0,13293,0.0,0.77,1.8
2015-10-03,11.7,2.2,20.3,13822,0.0,0.79,1.5
2015-10-04,13.8,8.7,20.2,11526,0.0,1.14,1.6
2015-10-05,11.9,3.6,18.5,10285,0.0,0.83,1.8
2015-10-06,14.2,10.3,17.3,4640,0.0,1.23,2.7
2015-10-07,12.9,9.0,14.8,4563,8.2,1.12,2.5
2015-10-08,7.8,7.1,9.0,4487,18.0,0.97,1.7
2015-10-09,8.1,6.3,9.8,4412,1.4,0.92,1.6
2015-10-10,6.4,2.4,10.9,11469,0.0,0.72,2.5
2015-10-11,4.7,0.6,9.8,12349,0.0,0.64,2.9
2015-10-12,4.0,-0.4,8.8,11719,0.0,0.6,2.3
2015-10-13,4.1,3.4,4.9,4118,0.0,0.75,2.0
2015-10-14,5.1,3.3,6.8,4046,7.8,0.75,2.0
2015-10-15,6.6,5.7,7.0,3975,12.0,0.88,2.3
2015-10-16,7.6,6.8,8.8,3905,12.5,0.95,1.6
2015-10-17,7.8,7.2,8.7,3835,0.0,0.97,1.2
2015-10-18,8.4,6.3,10.7,5013,4.5,0.93,1.2
2015-10-19,8.2,7.5,9.1,3699,3.5,1.0,1.2
2015-10-20,9.7,8.7,11.2,3632,0.8,1.08,1.3
2015-10-21,9.4,7.2,11.9,4132,0.0,0.99,1.7
2015-10-22,9.4,6.6,11.7,3500,0.3,0.95,2.7
2015-10-23,10.9,5.7,14.3,7586,0.0,0.9,2.1
2015-10-24,7.9,3.2,13.6,8840,0.0,0.78,1.8
2015-10-25,9.8,6.2,13.1,3850,0.0,0.93,1.7
2015-10-26,7.0,1.3,12.7,8719,0.0,0.68,1.8
2015-10-27,7.8,3.3,12.8,8461,0.0,0.78,2.0
2015-10-28,7.4,4.4,11.7,8077,0.0,0.82,2.1
2015-10-29,5.0,1.0,9.1,7637,0.0,0.65,1.3
2015-10-30,6.0,3.7,8.6,3012,0.0,0.78,1.7
2015-10-31,10.5,7.1,15.5,7475,0.0,1.0,2.3
2015-11-01,8.8,3.3,15.4,7178,0.0,0.8,1.5
2015-11-02,3.5,-1.1,9.5,7439,0.0,0.57,1.3
2015-11-03,1.7,-3.2,9.2,7632,0.0,0.5,1.3
2015-11-04,2.5,-1.9,7.8,3935,0.2,0.53,1.5
2015-11-05,8.8,4.3,14.3,4755,0.7,0.84,1.4
2015-11-06,11.7,8.3,14.5,2639,2.5,1.07,2.1
2015-11-07,15.3,12.2,17.9,2647,0.0,1.39,2.8
2015-11-08,13.0,8.6,18.0,6183,0.8,1.11,2.7
2015-11-09,13.5,10.1,15.6,3113,2.7,1.2,4.2
2015-11-10,14.1,11.8,15.3,2449,0.2,1.34,4.5
2015-11-11,13.7,11.8,14.8,2404,0.0,1.33,3.2
2015-11-12,11.5,7.5,14.2,3228,0.0,1.01,2.6
2015-11-13,11.2,6.5,14.1,2372,2.6,0.95,3.4
2015-11-14,7.5,5.9,9.0,3230,4.6,0.89,4.5
2015-11-15,9.7,6.3,13.4,2237,22.1,0.93,4.5
2015-11-16,11.3,8.7,12.4,2198,1.9,1.09,3.5
2015-11-17,11.8,10.2,13.5,2160,3.5,1.2,4.0
2015-11-18,11.8,9.5,14.3,2932,1.3,1.16,5.9
2015-11-19,11.0,8.5,12.9,4538,0.3,1.08,5.6
2015-11-20,7.5,5.5,8.9,2647,5.5,0.87,3.3
2015-11-21,4.7,3.2,6.0,2020,1.0,0.74,2.6
2015-11-22,0.9,-1.4,3.3,2763,1.6,0.54,3.1
2015-11-23,0.0,-2.0,3.4,2484,0.0,0.52,2.3
2015-11-24,1.3,-0.9,3.5,2544,0.2,0.56,3.3
2015-11-25,2.9,1.1,3.9,1898,0.1,0.64,2.5
2015-11-26,3.4,-0.5,5.3,2057,0.1,0.58,1.7
2015-11-27,1.7,-1.0,6.4,3733,0.0,0.56,2.2
2015-11-28,1.3,-1.0,4.3,2002,5.2,0.55,3.8
2015-11-29,6.0,2.1,9.5,1795,5.7,0.7,5.7
2015-11-30,5.9,2.9,8.2,2938,15.4,0.74,5.7
2015-12-01,5.6,4.1,7.7,2150,2.8,0.79,4.1
2015-12-02,9.4,5.1,10.9,1729,0.0,0.85,2.8
2015-12-03,8.2,3.8,11.3,3594,0.0,0.79,2.3
2015-12-04,7.0,4.1,9.4,1734,0.5,0.8,3.5
2015-12-05,6.8,4.8,8.3,2105,0.0,0.83,3.9
2015-12-06,8.6,6.3,10.9,2816,0.0,0.93,4.3
2015-12-07,10.5,8.0,11.6,1642,0.0,1.04,1.8
2015-12-08,8.3,4.9,11.3,3452,0.3,0.85,2.0
2015-12-09,6.5,3.0,9.1,1741,1.5,0.74,2.6
2015-12-10,3.2,0.8,6.1,4080,0.0,0.63,3.0
2015-12-11,4.4,1.7,6.6,1592,7.8,0.67,3.7
2015-12-12,5.0,3.6,6.9,2457,8.7,0.76,3.4
2015-12-13,5.2,1.0,10.4,1698,0.0,0.66,3.2
2015-12-14,1.4,-1.8,4.2,2476,0.0,0.52,1.6
2015-12-15,4.9,3.0,6.4,1560,0.0,0.73,1.6
2015-12-16,6.1,4.6,7.8,2583,1.5,0.82,2.4
2015-12-17,10.9,7.6,12.5,1550,1.0,1.01,2.7
2015-12-18,11.4,9.5,12.7,1711,1.7,1.14,2.6
2015-12-19,9.1,6.7,11.6,2816,0.0,0.95,2.4
2015-12-20,8.7,5.9,11.0,1626,3.5,0.91,2.6
2015-12-21,10.0,8.9,11.1,2200,2.5,1.1,4.0
2015-12-22,11.3,8.0,13.2,1546,0.0,1.05,4.4
2015-12-23,11.2,4.6,13.1,2328,0.0,0.84,3.9
2015-12-24,7.1,2.7,11.6,4059,0.2,0.74,2.9
2015-12-25,8.9,7.4,11.9,2545,0.4,0.99,3.2
2015-12-26,13.4,8.7,15.0,1562,0.0,1.1,4.0
2015-12-27,10.7,8.3,12.2,2189,1.0,1.06,3.1
2015-12-28,6.6,4.1,11.5,3197,0.0,0.81,2.1
2015-12-29,4.3,2.0,6.0,3420,0.0,0.68,2.7
2015-12-30,1.3,-1.0,2.7,2600,0.0,0.55,3.1
2015-12-31,0.3,-2.0,2.4,3542,1.1,0.51,2.9
2016-01-01,0.5,-1.4,1.7,1957,0.0,0.53,1.6
2016-01-02,-3.0,-7.4,1.2,1632,0.0,0.35,3.6
2016-01-03,-8.9,-10.6,-7.0,2930,0.0,0.26,3.8
2016-01-04,-8.9,-11.0,-7.1,1662,0.0,0.26,3.3
2016-01-05,-7.7,-8.8,-6.1,1678,2.8,0.3,2.8
2016-01-06,-8.0,-9.4,-7.0,1696,0.5,0.29,2.3
2016-01-07,-5.5,-8.4,-1.0,1715,1.9,0.32,3.1
2016-01-08,3.4,-1.6,6.0,2223,0.1,0.54,3.6
2016-01-09,0.6,-1.5,4.0,4928,0.0,0.53,1.9
2016-01-10,0.8,-2.1,3.5,2049,3.3,0.51,2.8
2016-01-11,1.8,0.1,3.1,2121,3.6,0.59,2.4
2016-01-12,2.8,1.1,4.8,1827,3.7,0.64,3.4
2016-01-13,2.3,0.2,4.2,1853,2.1,0.6,3.9
2016-01-14,1.4,-0.3,3.6,4076,0.4,0.58,2.6
2016-01-15,-0.4,-1.4,0.7,1908,0.9,0.53,3.0
2016-01-16,-0.5,-2.0,0.0,2032,0.4,0.51,2.2
2016-01-17,-1.6,-3.0,-0.6,1967,0.0,0.47,2.2
2016-01-18,-4.9,-7.6,-2.2,5650,0.0,0.34,1.6
2016-01-19,-5.7,-9.8,-2.7,4148,0.0,0.28,2.0
2016-01-20,-1.7,-4.5,0.2,2463,0.1,0.42,1.9
2016-01-21,-3.9,-8.3,-2.1,3258,0.0,0.32,1.5
2016-01-22,-6.6,-10.0,-2.5,6105,0.4,0.28,2.0
2016-01-23,-0.8,-6.2,3.8,2174,2.5,0.39,2.6
2016-01-24,3.4,1.6,4.9,2369,1.8,0.66,2.2
2016-01-25,7.3,3.7,9.5,2252,0.5,0.77,2.4
2016-01-26,8.6,4.7,11.0,3892,1.3,0.83,3.3
2016-01-27,9.7,7.2,11.7,2389,0.4,0.98,4.5
2016-01-28,7.5,2.5,11.8,5053,0.2,0.73,3.7
2016-01-29,5.9,0.7,9.5,2864,0.0,0.64,4.3
2016-01-30,7.5,2.9,9.4,2467,2.7,0.73,5.1
2016-01-31,4.2,2.4,5.8,3647,0.0,0.7,4.1
2016-02-01,7.4,3.5,11.5,2562,4.7,0.77,4.9
2016-02-02,8.7,5.2,10.9,4700,0.9,0.86,5.7
2016-02-03,5.3,3.4,6.7,4600,0.0,0.75,4.4
2016-02-04,3.3,2.1,4.2,2711,1.4,0.68,3.8
2016-02-05,3.6,0.4,6.4,2763,1.4,0.61,2.6
2016-02-06,7.2,5.3,10.8,4220,0.0,0.86,2.9
2016-02-07,6.9,3.8,9.9,4786,0.3,0.78,3.5
2016-02-08,7.5,4.8,10.7,2926,1.9,0.84,5.5
2016-02-09,8.2,5.3,10.4,3996,1.7,0.86,5.1
2016-02-10,4.5,2.7,6.6,5156,0.7,0.72,4.2
2016-02-11,4.5,1.4,6.3,3358,0.6,0.65,3.3
2016-02-12,2.7,0.0,5.8,6116,0.0,0.6,1.8
2016-02-13,1.6,-2.0,6.5,8475,0.0,0.52,2.3
2016-02-14,2.7,0.8,3.9,3280,0.4,0.63,3.1
2016-02-15,2.8,0.0,3.8,3343,0.9,0.59,2.7
2016-02-16,-0.1,-3.0,1.9,5545,0.0,0.48,2.1
2016-02-17,-0.1,-3.7,3.5,7103,1.0,0.46,2.4
2016-02-18,1.5,-1.2,4.8,4879,0.0,0.55,1.7
2016-02-19,2.4,0.1,5.3,5677,0.0,0.59,1.9
2016-02-20,3.3,-0.5,5.8,3669,6.3,0.57,4.4
2016-02-21,8.3,5.2,12.2,3884,6.7,0.86,5.2
2016-02-22,7.1,3.8,12.3,3806,4.1,0.79,4.8
2016-02-23,4.5,2.0,7.0,6125,0.0,0.68,3.1
2016-02-24,2.6,-0.3,5.6,7131,0.2,0.58,2.7
2016-02-25,1.4,-1.4,5.3,7776,0.9,0.54,2.1
2016-02-26,1.6,-2.3,4.8,5331,0.1,0.51,1.9
2016-02-27,0.9,-3.8,5.9,10044,0.0,0.47,2.0
2016-02-28,2.1,-1.1,6.0,8835,0.0,0.55,2.4
2016-02-29,0.5,-1.9,3.0,5193,0.0,0.52,3.2
2016-03-01,0.2,-3.2,4.5,10949,0.0,0.48,2.7
2016-03-02,4.1,0.9,8.8,4872,0.5,0.64,3.5
2016-03-03,3.0,-0.3,7.2,5449,0.0,0.59,2.1
2016-03-04,3.4,-2.2,8.4,10970,0.0,0.53,2.7
2016-03-05,5.4,3.5,8.1,5115,4.0,0.76,1.8
2016-03-06,3.2,0.6,4.8,4771,4.1,0.61,2.5
2016-03-07,2.2,-1.5,6.2,5798,0.0,0.54,1.7
2016-03-08,1.5,-3.8,7.3,10239,0.0,0.47,1.6
2016-03-09,2.7,-2.1,8.6,13096,0.0,0.53,2.5
2016-03-10,3.9,0.3,7.1,5088,0.0,0.61,2.0
2016-03-11,3.4,1.9,5.2,5258,0.0,0.67,2.3
2016-03-12,2.7,1.0,4.2,5250,0.0,0.63,2.4
2016-03-13,1.8,0.0,3.4,5422,0.0,0.59,2.9
2016-03-14,2.2,-4.1,7.2,8729,0.3,0.46,2.4
2016-03-15,4.7,2.8,6.9,5680,0.0,0.72,2.5
2016-03-16,4.6,-0.9,9.0,15891,0.0,0.58,3.5
2016-03-17,4.3,-3.2,11.7,16441,0.0,0.51,1.8
2016-03-18,4.4,0.5,6.8,5741,0.0,0.62,2.1
2016-03-19,5.4,3.2,8.4,9094,0.0,0.75,2.1
2016-03-20,5.5,3.1,7.5,5907,0.6,0.74,2.9
2016-03-21,5.6,2.0,8.4,6283,0.5,0.69,3.0
2016-03-22,6.1,4.4,8.6,6861,1.3,0.81,2.5
2016-03-23,4.6,1.4,7.4,6256,0.0,0.66,2.3
2016-03-24,3.6,0.2,8.0,8642,0.2,0.61,1.9
2016-03-25,6.2,4.3,8.1,6323,3.0,0.8,2.6
2016-03-26,8.8,6.1,13.4,14940,0.0,0.93,2.5
2016-03-27,7.9,3.3,14.4,11913,0.0,0.78,3.2
2016-03-28,9.1,3.5,15.2,13580,4.9,0.8,3.7
2016-03-29,6.8,4.0,10.5,8938,3.3,0.79,3.8
2016-03-30,7.1,3.0,11.7,10082,0.1,0.76,2.8
2016-03-31,7.1,4.0,10.8,9766,0.0,0.8,2.1
2016-04-01,7.1,1.4,12.1,18020,0.0,0.69,2.2
2016-04-02,8.7,0.1,16.1,18387,0.0,0.66,2.3
2016-04-03,12.3,5.4,18.6,13501,0.0,0.93,1.8
2016-04-04,14.3,9.3,19.1,9523,0.0,1.17,1.9
2016-04-05,14.3,8.4,21.7,13200,0.1,1.15,2.0
2016-04-06,11.2,8.1,15.2,14844,0.4,1.07,3.5
2016-04-07,9.0,3.7,12.5,14200,0.1,0.8,3.3
2016-04-08,7.5,1.3,13.1,16858,0.0,0.69,1.8
2016-04-09,7.8,-0.4,14.2,16323,0.0,0.63,1.6
2016-04-10,7.5,1.5,10.5,8525,0.0,0.68,2.2
2016-04-11,8.4,1.2,12.9,7823,0.2,0.68,2.6
2016-04-12,10.1,7.1,14.5,11510,0.3,1.0,1.9
2016-04-13,11.6,5.2,17.0,14553,0.3,0.9,1.7
2016-04-14,8.9,3.5,12.7,9994,0.7,0.79,1.9
2016-04-15,8.2,2.8,13.2,11682,4.6,0.76,2.5
2016-04-16,10.4,6.0,15.0,12694,2.4,0.94,3.1
2016-04-17,8.5,3.9,12.0,16023,0.1,0.8,2.6
2016-04-18,7.9,1.3,12.5,16132,0.0,0.68,2.5
2016-04-19,9.8,6.8,13.8,16355,0.0,0.98,3.4
2016-04-20,8.6,4.1,13.4,17514,0.0,0.81,2.6
2016-04-21,8.2,1.4,14.6,24430,0.0,0.7,1.9
2016-04-22,8.1,3.5,13.5,21972,0.0,0.79,2.3
2016-04-23,5.9,1.5,10.6,16299,0.1,0.68,2.6
2016-04-24,3.4,0.7,8.6,15566,0.3,0.63,2.7
2016-04-25,4.9,0.5,10.5,16375,5.3,0.64,3.2
2016-04-26,4.9,1.7,10.2,14319,1.5,0.69,3.4
2016-04-27,4.9,2.5,8.9,12606,5.4,0.71,3.8
2016-04-28,4.7,1.2,9.7,13647,3.3,0.66,2.6
2016-04-29,8.2,0.1,14.1,18917,0.0,0.65,2.6
2016-04-30,11.7,5.9,18.4,13081,0.0,0.96,2.1
2016-05-01,12.0,5.6,18.3,25294,0.0,0.93,2.8
2016-05-02,12.8,3.7,19.5,26620,0.0,0.86,1.7
2016-05-03,11.3,3.6,19.7,21360,2.3,0.85,2.6
2016-05-04,9.2,4.6,13.9,12765,0.0,0.85,2.1
2016-05-05,11.9,2.0,19.8,25468,0.0,0.78,2.3
2016-05-06,16.6,7.1,23.3,27287,0.0,1.08,2.6
2016-05-07,18.6,11.1,24.4,27387,0.0,1.36,2.8
2016-05-08,18.5,11.4,24.2,26866,0.0,1.38,3.5
2016-05-09,19.1,12.1,25.1,27578,0.0,1.45,3.1
2016-05-10,18.5,11.5,24.6,27918,0.0,1.4,2.6
2016-05-11,19.1,12.0,25.2,26144,0.0,1.45,3.0
2016-05-12,18.1,12.1,25.1,21995,2.2,1.45,3.2
2016-05-13,15.1,7.9,22.1,26185,0.0,1.12,2.6
2016-05-14,9.6,5.6,14.1,16392,0.3,0.91,3.5
2016-05-15,8.1,5.6,12.9,17704,1.0,0.9,3.6
2016-05-16,9.2,4.7,14.1,17764,0.1,0.85,3.1
2016-05-17,9.2,5.5,12.1,10291,0.3,0.88,2.6
2016-05-18,13.4,6.1,19.4,17000,0.0,0.97,1.9
2016-05-19,17.0,11.1,22.2,17557,0.0,1.34,1.7
2016-05-20,16.8,12.8,22.1,16854,0.0,1.47,2.4
2016-05-21,17.9,13.2,23.4,18797,0.0,1.52,2.0
2016-05-22,21.3,12.3,28.9,24028,0.1,1.52,2.5
2016-05-23,18.6,14.5,22.9,16240,30.6,1.64,2.7
2016-05-24,15.1,13.0,16.8,10333,0.0,1.45,2.8
2016-05-25,13.4,11.8,15.4,10370,0.0,1.33,1.6
2016-05-26,13.4,9.7,15.7,10405,0.0,1.18,1.4
2016-05-27,15.0,8.3,21.4,18439,0.0,1.13,1.5
2016-05-28,17.4,8.9,24.3,23688,0.0,1.21,1.8
2016-05-29,20.9,13.2,28.3,20423,0.0,1.58,2.4
2016-05-30,21.1,16.0,27.6,22624,0.8,1.85,2.9
2016-05-31,18.7,13.1,26.0,17948,12.4,1.56,2.0
2016-06-01,19.0,14.8,22.6,15941,4.8,1.66,2.2
2016-06-02,19.5,14.4,24.7,16863,1.7,1.64,1.8
2016-06-03,21.2,13.5,27.1,26330,0.0,1.59,1.8
2016-06-04,20.9,12.6,27.2,24319,0.1,1.52,1.6
2016-06-05,21.5,13.7,28.3,28688,0.6,1.62,1.6
2016-06-06,19.7,12.8,26.4,30759,0.0,1.53,1.9
2016-06-07,18.7,10.2,26.5,29379,0.0,1.32,1.6
2016-06-08,18.8,12.2,23.9,29147,0.0,1.45,2.3
2016-06-09,17.2,13.7,22.9,17149,0.4,1.57,2.1
2016-06-10,15.5,10.3,21.9,24966,0.0,1.28,2.3
2016-06-11,16.1,10.7,22.9,27668,0.0,1.31,1.5
2016-06-12,16.0,12.6,21.6,11178,0.5,1.45,2.1
2016-06-13,15.7,13.4,21.8,13620,0.8,1.51,2.2
2016-06-14,16.8,14.0,21.4,16444,3.0,1.58,2.0
2016-06-15,15.6,12.2,20.4,12228,4.2,1.41,1.8
2016-06-16,17.2,10.3,21.1,20296,9.2,1.26,1.6
2016-06-17,15.7,12.6,20.1,14285,15.0,1.43,2.6
2016-06-18,16.4,11.4,21.4,21454,0.9,1.34,2.4
2016-06-19,16.0,10.1,19.3,21967,0.0,1.23,2.0
2016-06-20,16.7,7.9,22.9,26572,0.1,1.12,2.3
2016-06-21,18.5,14.7,24.2,15949,0.5,1.67,2.2
2016-06-22,21.2,14.8,27.2,22341,0.0,1.72,1.6
2016-06-23,24.8,16.3,32.5,30775,0.0,1.96,2.2
2016-06-24,26.3,17.8,34.3,27568,0.1,2.16,1.9
2016-06-25,24.0,16.2,29.9,27300,0.1,1.91,2.3
2016-06-26,18.6,12.1,23.4,22430,0.0,1.44,2.5
2016-06-27,18.4,11.6,24.0,21521,2.3,1.39,2.4
2016-06-28,17.8,12.4,21.8,21888,0.2,1.44,1.7
2016-06-29,18.5,12.8,23.9,21998,0.0,1.49,2.6
2016-06-30,18.9,13.0,23.5,15980,0.1,1.52,2.2
2016-07-01,21.7,15.5,27.0,24763,0.5,1.78,2.5
2016-07-02,17.7,11.0,23.0,12881,1.1,1.34,2.7
2016-07-03,16.0,9.4,22.8,25349,0.0,1.23,2.3
2016-07-04,17.4,8.7,23.9,27103,0.0,1.19,1.6
2016-07-05,19.6,13.9,25.8,20197,1.1,1.62,2.9
2016-07-06,15.7,10.6,20.5,20167,1.5,1.27,3.8
2016-07-07,16.5,8.8,22.4,25220,0.0,1.17,1.9
2016-07-08,19.6,12.6,25.6,14767,2.5,1.49,2.4
2016-07-09,18.7,14.4,23.9,14355,0.0,1.64,2.7
2016-07-10,24.4,18.1,31.1,23581,0.0,2.11,2.2
2016-07-11,23.7,17.5,27.4,16317,0.0,2.01,3.0
2016-07-12,21.2,13.5,25.9,16280,1.5,1.59,2.2
2016-07-13,15.9,12.8,22.3,15102,3.5,1.48,1.9
2016-07-14,15.4,14.1,18.3,10514,2.3,1.56,3.1
2016-07-15,15.1,10.5,18.2,11362,0.2,1.24,3.0
2016-07-16,18.3,8.8,25.3,23805,0.3,1.22,2.1
2016-07-17,19.4,17.7,23.4,14306,3.4,1.99,2.0
2016-07-18,18.2,14.6,21.5,10614,0.0,1.63,2.1
2016-07-19,19.0,12.9,24.8,16351,0.0,1.52,1.6
2016-07-20,21.9,13.6,27.9,22322,0.0,1.62,1.8
2016-07-21,23.4,19.4,29.3,19881,0.2,2.25,1.9
2016-07-22,23.4,15.5,30.5,25075,0.0,1.84,1.7
2016-07-23,21.8,12.5,28.3,22883,0.0,1.54,1.5
2016-07-24,22.7,19.0,29.1,26681,0.0,2.21,1.4
2016-07-25,23.7,17.7,30.3,20754,0.2,2.06,1.5
2016-07-26,22.5,16.6,28.3,21555,0.0,1.92,1.6
2016-07-27,18.7,16.9,24.1,11932,17.2,1.9,1.8
2016-07-28,19.9,14.3,25.0,13610,16.1,1.63,1.7
2016-07-29,20.7,16.1,25.6,18368,0.0,1.82,2.3
2016-07-30,20.4,15.2,24.8,15831,0.0,1.72,2.1
2016-07-31,18.9,14.0,25.0,16870,0.2,1.62,1.7
2016-08-01,16.7,13.1,22.4,20113,0.5,1.5,2.2
2016-08-02,15.5,10.8,18.5,11211,0.8,1.28,1.9
2016-08-03,18.9,15.0,23.1,9560,0.4,1.68,2.6
2016-08-04,20.0,16.9,23.3,12061,2.0,1.89,2.5
2016-08-05,18.4,14.8,23.2,12723,0.2,1.68,2.2
2016-08-06,17.0,13.3,22.5,15321,1.9,1.51,2.3
2016-08-07,18.8,12.3,25.1,23951,0.3,1.48,2.2
2016-08-08,20.8,14.9,27.1,16730,0.0,1.72,3.1
2016-08-09,15.3,10.3,21.3,14239,0.0,1.27,2.3
2016-08-10,12.9,9.0,17.4,14998,1.3,1.14,2.3
2016-08-11,12.8,7.2,19.0,16109,0.4,1.03,2.4
2016-08-12,15.8,12.4,19.4,8990,0.5,1.42,2.5
2016-08-13,21.0,16.4,26.7,21509,0.0,1.88,2.6
2016-08-14,18.0,14.1,21.4,14060,0.0,1.58,1.9
2016-08-15,15.7,9.8,20.8,19043,0.0,1.23,1.8
2016-08-16,15.1,8.1,22.1,17525,0.0,1.12,1.7
2016-08-17,14.6,6.9,22.1,19177,0.0,1.06,1.5
2016-08-18,15.5,9.3,19.5,8686,0.0,1.17,1.6
2016-08-19,18.7,10.7,25.3,23248,2.4,1.35,1.4
2016-08-20,19.9,15.8,26.0,12588,4.6,1.8,2.0
2016-08-21,17.3,14.6,21.6,16529,2.6,1.63,2.6
2016-08-22,18.6,13.6,23.7,15387,0.3,1.57,2.3
2016-08-23,19.4,16.1,23.8,11740,0.0,1.79,1.6
2016-08-24,21.8,14.5,28.0,21879,0.0,1.71,1.9
2016-08-25,22.9,16.4,30.2,22984,0.0,1.94,2.2
2016-08-26,24.7,15.1,33.8,22385,0.0,1.88,1.9
2016-08-27,23.3,15.3,31.0,21789,0.0,1.84,1.7
2016-08-28,24.5,16.7,34.3,17627,0.2,2.05,2.4
2016-08-29,18.8,12.4,23.0,11951,1.0,1.44,2.7
2016-08-30,16.2,10.6,22.9,20126,0.0,1.3,1.9
2016-08-31,18.2,8.4,25.9,21516,0.0,1.2,1.6
2016-09-01,19.3,11.5,25.8,18958,0.2,1.4,1.8
2016-09-02,18.8,12.0,25.5,18162,0.0,1.45,1.6
2016-09-03,20.0,14.3,25.4,16832,0.2,1.66,1.9
2016-09-04,17.3,14.5,22.5,8434,23.1,1.62,2.7
2016-09-05,17.0,13.9,21.9,10265,0.2,1.56,2.6
2016-09-06,16.5,10.4,22.5,20021,0.0,1.3,1.5
2016-09-07,18.2,9.6,25.7,19647,0.0,1.28,1.8
2016-09-08,22.0,14.7,29.6,19170,0.0,1.75,1.9
2016-09-09,20.6,14.5,26.0,18695,0.0,1.68,1.6
2016-09-10,19.7,11.3,27.1,14403,0.0,1.43,1.3
2016-09-11,22.0,15.7,28.9,18268,0.0,1.85,1.4
2016-09-12,23.1,14.5,31.0,17901,0.0,1.75,1.5
2016-09-13,24.0,15.4,30.8,18142,0.0,1.83,1.8
2016-09-14,22.5,17.4,29.0,17875,0.0,2.01,2.2
2016-09-15,20.1,14.9,26.0,18007,0.0,1.72,2.5
2016-09-16,19.2,11.8,27.3,14374,0.6,1.45,1.8
2016-09-17,17.3,14.8,20.3,6083,5.3,1.65,2.6
2016-09-18,15.5,11.6,20.4,13597,0.0,1.35,2.7
2016-09-19,14.6,8.7,19.4,10846,0.0,1.13,1.9
2016-09-20,13.3,6.4,19.1,10629,0.0,0.98,1.3
2016-09-21,14.6,10.0,19.2,12504,0.0,1.23,1.4
2016-09-22,13.7,7.9,20.3,15571,0.0,1.09,1.2
2016-09-23,15.7,9.0,22.3,13630,0.0,1.19,1.5
2016-09-24,14.6,10.3,20.7,12831,0.0,1.26,1.5
2016-09-25,15.5,7.8,22.7,14339,0.0,1.11,1.8
2016-09-26,14.8,7.9,22.5,13269,0.0,1.12,1.4
2016-09-27,14.5,6.2,22.1,15102,0.0,1.01,1.3
2016-09-28,17.0,12.6,20.3,5546,0.0,1.44,3.2
2016-09-29,20.0,13.8,25.6,9980,0.1,1.6,3.6
2016-09-30,15.2,8.5,19.9,7047,0.0,1.13,2.4
2016-10-01,12.3,7.1,15.0,4950,4.6,0.99,1.8
2016-10-02,12.3,8.3,15.2,9175,1.2,1.07,2.3
2016-10-03,11.7,5.6,17.0,11015,1.3,0.93,2.4
2016-10-04,12.3,5.9,16.8,12901,0.1,0.94,3.0
2016-10-05,8.6,5.6,11.7,6143,3.0,0.89,3.2
2016-10-06,10.8,9.1,12.1,4563,1.5,1.12,3.1
2016-10-07,10.1,8.0,13.2,5469,2.5,1.05,2.2
2016-10-08,9.3,7.0,11.9,5060,1.0,0.97,2.0
2016-10-09,8.1,5.2,10.3,4899,1.4,0.85,1.6
2016-10-10,7.3,3.7,11.2,6325,0.8,0.79,1.2
2016-10-11,7.7,6.5,9.4,4191,2.2,0.93,2.0
2016-10-12,7.2,6.5,8.1,4118,0.5,0.93,2.4
2016-10-13,7.3,6.5,8.0,4046,0.0,0.93,3.2
2016-10-14,8.0,3.7,12.0,6630,0.0,0.79,3.4
2016-10-15,8.8,7.1,10.7,3905,0.6,0.98,2.3
2016-10-16,9.8,8.5,13.4,4280,0.0,1.07,1.7
2016-10-17,8.0,7.1,8.6,3767,0.0,0.97,1.9
2016-10-18,9.4,7.6,12.4,3916,4.1,1.02,1.9
2016-10-19,9.3,7.1,10.9,4635,2.5,0.97,2.5
2016-10-20,7.7,4.0,10.6,4982,3.7,0.79,2.1
2016-10-21,7.6,6.7,8.6,3500,0.2,0.94,1.9
2016-10-22,7.2,6.2,9.3,3782,1.0,0.91,1.5
2016-10-23,7.1,5.4,9.7,4945,0.0,0.87,1.5
2016-10-24,6.8,3.3,8.1,3310,3.6,0.75,1.7
2016-10-25,7.9,3.8,9.6,3249,0.2,0.78,1.5
2016-10-26,6.2,4.1,8.1,3188,0.0,0.79,1.2
2016-10-27,8.9,5.0,11.5,3129,0.0,0.86,2.0
2016-10-28,11.4,7.5,13.0,3070,0.1,1.01,2.7
2016-10-29,9.0,6.8,11.6,4220,0.0,0.95,2.5
2016-10-30,7.5,2.7,11.3,7036,0.0,0.74,1.7
2016-10-31,7.8,2.1,11.1,2900,0.5,0.71,1.5
2016-11-01,9.7,6.5,11.0,2846,1.8,0.94,2.1
2016-11-02,6.0,3.3,8.3,3276,1.1,0.75,3.3
2016-11-03,3.0,0.0,6.4,4592,0.1,0.6,1.8
2016-11-04,5.5,3.5,7.8,2689,0.1,0.76,2.2
2016-11-05,6.1,3.3,9.0,2639,4.1,0.75,2.1
2016-11-06,5.6,2.8,8.8,3799,1.8,0.73,2.2
2016-11-07,3.8,0.4,5.0,2542,0.7,0.61,2.2
2016-11-08,2.5,0.5,5.2,2495,1.7,0.61,2.1
2016-11-09,0.9,-1.8,4.1,4059,0.0,0.52,2.1
2016-11-10,0.4,-1.2,3.6,4270,0.0,0.54,2.3
2016-11-11,-0.4,-3.7,1.8,2632,0.0,0.45,2.2
2016-11-12,-3.7,-6.6,-1.4,2318,0.0,0.36,1.6
2016-11-13,-2.7,-6.8,2.5,6301,0.0,0.37,2.0
2016-11-14,-0.4,-5.1,4.7,6318,0.0,0.42,2.1
2016-11-15,3.2,0.3,7.9,2198,2.5,0.62,3.0
2016-11-16,7.7,5.3,9.1,2160,2.6,0.86,2.9
2016-11-17,8.9,7.4,10.3,2477,2.0,0.99,3.6
2016-11-18,9.1,5.5,13.0,2338,2.5,0.89,4.1
2016-11-19,5.8,3.0,7.5,2053,3.3,0.74,2.8
2016-11-20,6.5,1.8,11.2,2999,0.0,0.7,3.8
2016-11-21,9.4,6.5,12.3,3295,0.0,0.95,2.5
2016-11-22,9.5,4.5,12.6,2292,0.0,0.83,1.9
2016-11-23,5.6,2.6,9.8,3635,0.0,0.72,1.3
2016-11-24,4.2,-0.5,6.6,3213,0.0,0.58,2.4
2016-11-25,0.5,-2.5,2.5,1871,0.0,0.5,2.3
2016-11-26,0.4,-0.7,3.9,1844,0.4,0.56,1.8
2016-11-27,4.1,0.5,6.6,5015,0.0,0.62,2.5
2016-11-28,-0.5,-4.5,2.5,4465,0.0,0.43,2.4
2016-11-29,-1.9,-4.6,1.6,5272,0.0,0.43,2.1
2016-11-30,1.3,-2.3,4.7,1750,2.9,0.51,3.0
2016-12-01,6.7,4.4,8.3,1729,0.3,0.81,4.2
2016-12-02,3.8,-1.3,8.3,4952,0.0,0.56,2.9
2016-12-03,-0.8,-3.9,2.5,4649,0.0,0.45,1.4
2016-12-04,-2.0,-3.8,-0.5,1760,0.0,0.45,1.5
2016-12-05,-3.8,-5.7,-1.7,2387,0.0,0.38,1.5
2016-12-06,0.0,-1.9,1.2,1642,0.1,0.51,1.5
2016-12-07,1.6,-0.2,6.5,1967,0.0,0.59,2.3
2016-12-08,8.1,5.5,10.5,2585,0.0,0.88,3.0
2016-12-09,8.1,6.3,9.9,1603,0.0,0.92,2.8
2016-12-10,9.0,7.7,10.0,1592,12.4,1.01,2.8
2016-12-11,7.3,5.9,8.7,1582,6.5,0.89,3.7
2016-12-12,3.4,-1.8,7.3,2404,0.2,0.54,2.3
2016-12-13,1.7,-1.8,5.2,1690,0.4,0.53,1.6
2016-12-14,4.2,0.4,5.8,1560,0.0,0.61,1.4
2016-12-15,2.1,0.3,3.0,1554,0.0,0.6,2.4
2016-12-16,0.0,-2.6,2.2,4344,0.0,0.49,2.2
2016-12-17,-0.6,-2.7,1.4,1547,0.1,0.48,1.6
2016-12-18,4.2,1.2,5.9,1545,2.8,0.65,1.7
2016-12-19,3.9,1.8,4.9,1544,0.0,0.67,1.8
2016-12-20,0.3,-0.7,2.1,1544,0.0,0.56,2.4
2016-12-21,-0.6,-2.9,1.6,2325,0.0,0.48,2.4
2016-12-22,0.5,-2.5,2.8,1548,0.5,0.5,2.3
2016-12-23,2.8,0.5,4.8,1551,1.8,0.61,2.7
2016-12-24,5.0,1.1,7.1,1556,4.8,0.64,4.3
2016-12-25,7.8,3.1,10.2,1562,3.1,0.75,4.7
2016-12-26,8.2,4.4,11.4,1610,1.6,0.82,4.8
2016-12-27,6.7,4.9,7.9,1576,4.9,0.83,4.7
2016-12-28,6.4,5.1,7.3,1585,0.8,0.85,2.5
2016-12-29,3.5,-0.5,5.3,2181,0.0,0.58,1.7
2016-12-30,0.0,-3.1,3.3,4636,0.0,0.47,1.8
2016-12-31,1.2,-2.4,4.2,4495,0.0,0.5,2.2
2017-01-01,2.9,-0.5,4.5,1661,0.3,0.57,2.5
2017-01-02,0.8,-0.8,3.2,1759,0.2,0.56,2.6
2017-01-03,2.7,0.5,4.7,1646,4.8,0.61,4.2
2017-01-04,2.5,-1.5,5.4,2178,3.1,0.53,5.5
2017-01-05,-4.0,-8.8,-0.9,3932,0.0,0.31,3.1
2017-01-06,-8.3,-11.5,-4.4,4839,0.0,0.25,1.6
2017-01-07,-5.0,-8.3,-1.3,1715,1.9,0.32,2.5
2017-01-08,-1.5,-4.1,0.0,1735,0.0,0.44,1.5
2017-01-09,-1.2,-2.5,-0.1,1757,0.0,0.49,1.8
2017-01-10,-1.8,-4.6,-0.1,3986,0.0,0.42,2.6
2017-01-11,-1.5,-5.1,3.3,1802,1.5,0.42,4.2
2017-01-12,3.0,1.2,4.9,1965,1.5,0.64,4.2
2017-01-13,1.1,-0.9,2.3,1853,2.8,0.55,4.7
2017-01-14,0.4,-0.8,2.5,2581,0.3,0.56,3.8
2017-01-15,0.1,-2.4,0.7,1908,0.4,0.49,2.8
2017-01-16,-3.1,-6.7,-0.4,2461,0.0,0.36,1.7
2017-01-17,-4.6,-7.8,-0.3,5243,0.0,0.34,1.9
2017-01-18,-5.2,-8.6,-3.2,1999,0.0,0.31,2.3
2017-01-19,-2.7,-4.6,-1.3,2081,0.0,0.42,1.9
2017-01-20,0.0,-1.6,1.1,2065,0.0,0.52,1.5
2017-01-21,1.4,0.2,2.5,2100,0.0,0.59,1.3
2017-01-22,-0.1,-3.0,2.9,5393,0.0,0.48,1.3
2017-01-23,-2.6,-4.2,-1.6,2174,0.0,0.43,1.4
2017-01-24,-0.9,-1.9,-0.2,2212,0.0,0.51,1.5
2017-01-25,-0.1,-0.7,0.3,2252,0.1,0.55,1.9
2017-01-26,0.3,-1.7,2.2,5971,0.0,0.52,2.5
2017-01-27,-1.1,-3.7,2.0,6597,0.0,0.45,2.1
2017-01-28,-3.1,-6.0,-0.4,6418,0.0,0.38,1.9
2017-01-29,0.9,-3.4,5.7,3859,0.0,0.47,2.1
2017-01-30,0.7,-1.3,1.9,2467,6.1,0.53,2.7
2017-01-31,0.1,-0.3,0.4,2514,0.0,0.57,2.0
2017-02-01,-0.2,-2.4,0.2,2562,0.0,0.49,2.1
2017-02-02,-1.3,-4.3,0.5,4120,0.0,0.43,2.3
2017-02-03,1.3,-0.4,2.6,2660,0.5,0.57,2.0
2017-02-04,2.5,0.7,6.0,5330,0.0,0.62,2.3
2017-02-05,1.5,0.3,2.4,2763,0.1,0.6,2.0
2017-02-06,-0.5,-2.3,0.4,2817,0.0,0.5,2.0
2017-02-07,-1.0,-2.1,-0.6,2871,0.0,0.5,2.4
2017-02-08,-3.5,-4.7,-1.9,2926,0.0,0.41,2.7
2017-02-09,-3.9,-5.0,-2.3,3996,0.0,0.4,2.8
2017-02-10,-3.0,-6.0,0.0,6054,0.0,0.38,2.8
2017-02-11,-2.1,-3.4,-1.1,3098,0.0,0.46,2.8
2017-02-12,-1.6,-3.3,0.2,5261,0.0,0.46,3.2
2017-02-13,-2.7,-6.8,2.7,8808,0.0,0.37,3.0
2017-02-14,-1.7,-8.0,5.6,9207,0.0,0.35,2.0
2017-02-15,1.8,-4.8,9.1,9479,0.0,0.45,1.3
2017-02-16,4.8,-1.8,12.0,8651,0.0,0.56,1.9
2017-02-17,4.9,3.7,6.1,3471,0.7,0.76,2.4
2017-02-18,3.7,2.3,4.6,3536,0.0,0.69,1.8
2017-02-19,4.0,0.6,7.9,4675,3.0,0.63,2.5
2017-02-20,7.3,4.6,10.0,3669,2.6,0.83,4.1
2017-02-21,7.5,3.6,9.8,5935,2.5,0.77,4.2
2017-02-22,7.6,3.2,11.1,3806,4.0,0.76,5.5
2017-02-23,6.9,5.1,8.9,3876,6.8,0.85,5.2
2017-02-24,3.4,0.4,7.1,6676,0.5,0.61,4.5
2017-02-25,3.3,-0.4,6.9,6779,0.8,0.59,2.8
2017-02-26,8.2,4.7,10.3,4401,1.1,0.83,3.5
2017-02-27,9.8,7.3,12.8,9496,0.0,1.0,3.4
2017-02-28,8.4,3.5,10.9,6298,2.7,0.77,4.2
2017-03-01,4.0,1.2,7.2,7117,0.5,0.65,4.0
2017-03-02,5.1,2.3,6.5,4386,4.5,0.7,4.7
2017-03-03,6.6,2.0,11.2,11423,0.0,0.7,2.6
2017-03-04,9.4,3.4,16.1,10000,1.6,0.81,2.5
2017-03-05,8.6,5.5,11.2,6121,0.0,0.88,3.3
2017-03-06,5.4,1.9,8.6,5200,3.4,0.69,2.8
2017-03-07,2.7,1.8,3.7,4771,0.0,0.67,2.4
2017-03-08,5.5,2.2,9.9,6660,4.6,0.71,2.9
2017-03-09,6.9,4.8,10.1,6757,2.0,0.84,3.0
2017-03-10,6.6,3.1,9.4,6327,0.0,0.75,3.0
2017-03-11,3.4,-0.1,7.1,7396,0.0,0.6,1.7
2017-03-12,2.3,-1.8,7.3,12606,0.0,0.54,2.6
2017-03-13,3.6,-1.3,8.7,9953,0.0,0.56,1.7
2017-03-14,6.9,1.7,11.4,5970,0.0,0.69,2.3
2017-03-15,9.3,4.5,12.2,13703,0.0,0.83,2.7
2017-03-16,7.5,2.8,13.6,8654,0.0,0.76,1.9
2017-03-17,7.4,3.7,10.6,6233,4.7,0.78,3.6
2017-03-18,5.9,2.7,11.4,7929,1.5,0.74,5.2
2017-03-19,4.2,0.0,10.3,5837,12.5,0.62,3.7
2017-03-20,11.0,9.5,12.8,5824,0.8,1.15,3.8
2017-03-21,9.4,4.5,12.0,6198,2.0,0.83,3.2
2017-03-22,6.4,-0.1,11.2,14301,0.0,0.62,2.1
2017-03-23,5.9,5.0,7.4,6073,5.1,0.84,2.4
2017-03-24,6.4,-0.2,12.7,17777,0.0,0.62,2.4
2017-03-25,5.9,0.4,12.0,14347,0.0,0.64,2.6
2017-03-26,5.8,-0.4,12.9,14794,0.0,0.61,1.8
2017-03-27,8.9,0.4,16.9,18800,0.0,0.68,1.7
2017-03-28,12.0,2.1,20.9,18666,0.0,0.8,1.8
2017-03-29,11.0,8.2,13.4,7087,1.4,1.06,2.9
2017-03-30,13.4,10.4,17.9,10495,0.0,1.24,1.9
2017-03-31,15.4,9.1,21.8,17082,0.0,1.19,2.2
2017-04-01,14.9,7.1,21.9,18076,0.4,1.05,1.7
2017-04-02,12.6,8.5,16.6,13362,0.0,1.09,2.1
2017-04-03,8.3,4.6,9.6,6985,0.0,0.83,1.9
2017-04-04,9.5,4.7,13.4,9426,0.0,0.85,1.5
2017-04-05,9.3,5.7,13.9,10925,0.1,0.9,2.7
2017-04-06,8.2,3.9,12.8,16347,0.0,0.8,3.5
2017-04-07,9.2,6.4,12.2,7312,0.0,0.94,3.4
2017-04-08,10.6,7.7,14.4,9369,0.0,1.04,1.8
2017-04-09,12.7,7.9,18.6,19728,0.0,1.07,1.3
2017-04-10,10.9,5.7,19.0,15657,0.0,0.95,3.5
2017-04-11,7.3,3.7,10.3,11650,2.5,0.78,3.1
2017-04-12,8.8,6.9,12.6,7823,4.9,0.97,3.7
2017-04-13,8.3,5.1,12.6,15231,0.0,0.86,3.7
2017-04-14,8.3,3.1,13.6,14553,0.0,0.77,2.6
2017-04-15,7.8,3.9,11.3,10450,5.6,0.79,3.7
2017-04-16,5.5,3.3,9.0,11453,5.9,0.75,3.0
2017-04-17,5.6,1.6,10.4,17406,1.1,0.68,2.6
2017-04-18,4.2,0.9,8.2,12791,0.0,0.64,3.0
2017-04-19,2.4,-2.1,7.3,16711,0.1,0.53,2.7
2017-04-20,4.2,-3.4,9.2,19499,0.0,0.49,1.9
2017-04-21,9.8,5.2,14.7,9565,1.1,0.88,3.3
2017-04-22,6.5,4.2,10.0,15510,0.3,0.8,3.9
2017-04-23,5.7,2.3,9.3,12900,0.9,0.71,3.3
2017-04-24,8.1,1.3,13.9,14407,0.0,0.69,2.7
2017-04-25,6.6,2.4,10.9,12006,0.4,0.72,2.7
2017-04-26,6.0,0.1,11.3,18876,0.0,0.63,1.6
2017-04-27,5.8,-1.6,11.8,19697,0.0,0.57,1.7
2017-04-28,7.7,-0.4,13.4,19201,0.8,0.62,1.9
2017-04-29,6.6,0.0,12.0,14129,0.1,0.62,1.9
2017-04-30,8.0,-0.7,14.4,25674,0.0,0.62,3.4
2017-05-01,11.4,4.3,16.5,17922,0.0,0.85,3.5
2017-05-02,9.9,8.8,11.9,9152,2.2,1.1,3.2
2017-05-03,11.4,8.6,16.2,12745,3.9,1.09,2.7
2017-05-04,8.2,6.7,9.6,9278,2.5,0.95,2.9
2017-05-05,9.6,7.8,12.3,9339,0.0,1.02,2.0
2017-05-06,12.0,8.6,16.8,12344,0.0,1.11,2.1
2017-05-07,12.2,7.4,18.5,18435,2.6,1.04,2.2
2017-05-08,7.4,3.0,9.8,10257,0.4,0.74,2.8
2017-05-09,6.4,2.9,10.6,13527,1.3,0.74,1.9
2017-05-10,7.7,2.9,11.5,14087,0.0,0.75,1.9
2017-05-11,11.4,1.0,19.1,26182,0.0,0.73,2.2
2017-05-12,15.6,9.1,23.4,22913,0.0,1.21,2.2
2017-05-13,13.9,7.8,19.8,11910,1.2,1.08,1.7
2017-05-14,14.6,8.5,20.1,19324,0.4,1.13,1.7
2017-05-15,14.8,9.9,20.3,20766,0.0,1.22,1.7
2017-05-16,15.0,8.4,18.7,11321,0.2,1.11,1.5
2017-05-17,19.9,13.0,25.8,26414,0.0,1.54,2.1
2017-05-18,21.0,13.3,27.6,27741,0.0,1.59,2.2
2017-05-19,21.7,12.7,29.8,27309,0.1,1.59,2.6
2017-05-20,15.2,10.9,20.1,19572,0.0,1.3,2.4
2017-05-21,15.3,7.6,21.5,25425,0.0,1.08,1.7
2017-05-22,15.9,5.9,22.9,28136,0.0,1.0,1.6
2017-05-23,16.9,7.9,25.6,22765,3.2,1.15,2.4
2017-05-24,12.7,9.6,18.4,12319,0.1,1.19,3.0
2017-05-25,13.5,7.9,20.0,21223,0.0,1.09,2.3
2017-05-26,16.8,11.2,23.7,22157,0.0,1.36,2.0
2017-05-27,19.9,10.3,27.0,30323,0.0,1.35,2.1
2017-05-28,22.9,12.0,31.0,27073,0.0,1.53,2.0
2017-05-29,22.9,15.0,29.1,28772,0.0,1.78,1.7
2017-05-30,21.1,16.7,29.1,20550,17.5,1.93,2.4
2017-05-31,17.6,9.5,22.1,25042,0.0,1.21,3.0
2017-06-01,14.6,7.4,21.1,30429,0.0,1.08,1.9
2017-06-02,17.3,6.7,24.6,30723,0.0,1.08,1.4
2017-06-03,16.6,11.1,21.0,15970,2.7,1.31,1.8
2017-06-04,15.9,12.0,18.3,15360,10.9,1.37,2.6
2017-06-05,15.8,12.1,21.8,20745,0.4,1.41,1.7
2017-06-06,17.3,12.1,24.5,17579,4.7,1.44,3.1
2017-06-07,14.5,11.0,19.1,19773,0.1,1.3,4.3
2017-06-08,15.9,11.1,19.8,12512,0.0,1.31,2.5
2017-06-09,19.0,12.1,27.8,24161,0.5,1.49,2.5
2017-06-10,17.7,11.3,23.3,22263,0.0,1.36,1.8
2017-06-11,21.5,12.4,28.1,24071,0.8,1.52,2.0
2017-06-12,19.4,15.4,22.4,17819,0.0,1.72,3.6
2017-06-13,16.1,11.0,20.2,16552,0.1,1.31,2.9
2017-06-14,16.1,9.4,22.4,28846,0.0,1.21,1.8
2017-06-15,20.0,8.9,27.0,26297,8.0,1.25,1.9
2017-06-16,16.3,12.8,20.8,19778,6.2,1.46,3.7
2017-06-17,16.4,12.0,21.7,20552,0.0,1.4,3.0
2017-06-18,18.9,10.8,24.9,29899,0.0,1.36,1.7
2017-06-19,22.8,13.4,29.2,30029,0.0,1.62,1.4
2017-06-20,21.7,13.2,28.7,26830,0.0,1.61,2.2
2017-06-21,17.7,9.7,23.9,29899,0.0,1.25,1.7
2017-06-22,18.9,11.4,26.9,18508,30.4,1.42,2.4
2017-06-23,19.7,16.3,23.3,16584,0.0,1.81,3.6
2017-06-24,18.8,15.9,21.5,10951,0.0,1.77,3.1
2017-06-25,17.5,14.8,23.2,13630,15.5,1.68,3.0
2017-06-26,16.5,10.3,21.5,19630,1.3,1.26,2.6
2017-06-27,16.1,8.8,22.2,25497,0.0,1.18,1.8
2017-06-28,19.0,12.1,26.8,20499,13.5,1.48,2.5
2017-06-29,17.8,14.9,22.1,10904,99.1,1.65,2.7
2017-06-30,15.7,14.2,18.6,10763,13.8,1.56,3.4
2017-07-01,15.6,13.8,17.8,11258,6.4,1.54,3.2
2017-07-02,15.5,10.5,18.8,13282,2.1,1.26,3.1
2017-07-03,16.8,9.5,22.7,26141,0.0,1.22,2.7
2017-07-04,16.9,12.9,21.4,24457,0.1,1.47,2.3
2017-07-05,15.9,12.1,21.2,17933,0.5,1.39,1.6
2017-07-06,19.4,11.9,25.4,21215,0.2,1.44,1.4
2017-07-07,19.9,16.0,28.8,17114,7.0,1.85,2.1
2017-07-08,19.2,15.6,26.1,15687,0.1,1.78,2.3
2017-07-09,18.3,12.4,24.1,23913,0.0,1.47,1.6
2017-07-10,18.2,13.6,22.6,11817,2.1,1.55,2.0
2017-07-11,18.0,12.6,24.7,15084,0.2,1.49,2.5
2017-07-12,16.5,11.9,21.3,12642,10.8,1.39,2.9
2017-07-13,14.8,10.2,20.2,18685,0.0,1.25,2.4
2017-07-14,15.7,9.5,22.3,17885,0.1,1.22,1.7
2017-07-15,17.1,12.8,22.9,21381,0.0,1.47,1.9
2017-07-16,17.5,11.0,22.5,14644,2.2,1.33,2.0
2017-07-17,17.9,12.3,23.0,24310,0.0,1.44,1.8
2017-07-18,18.1,10.4,24.2,27655,0.0,1.31,1.7
2017-07-19,21.7,12.7,28.6,27594,1.4,1.56,2.3
2017-07-20,22.5,17.6,28.4,21627,0.0,2.03,2.3
2017-07-21,21.2,17.1,26.3,21820,0.0,1.93,1.8
2017-07-22,19.8,16.3,25.0,15496,18.9,1.83,2.0
2017-07-23,19.6,16.2,24.1,17570,6.5,1.82,2.5
2017-07-24,18.8,13.2,24.5,15764,48.9,1.54,1.9
2017-07-25,15.9,14.4,18.4,10471,14.7,1.6,3.1
2017-07-26,16.1,14.4,18.0,10173,13.4,1.59,3.0
2017-07-27,17.8,12.4,22.0,16709,0.3,1.43,2.3
2017-07-28,18.0,13.8,23.3,22600,0.4,1.58,2.6
2017-07-29,20.0,13.9,25.9,12248,0.0,1.63,2.5
2017-07-30,24.0,17.3,32.5,20222,0.0,2.06,2.7
2017-07-31,23.0,18.6,28.8,21256,3.8,2.14,1.9
2017-08-01,22.7,18.1,29.2,17362,0.6,2.08,1.8
2017-08-02,21.3,17.6,26.3,17780,0.5,1.98,1.7
2017-08-03,22.4,18.2,28.0,14029,0.6,2.08,2.6
2017-08-04,20.7,15.8,24.9,17871,0.0,1.78,3.1
2017-08-05,17.3,14.8,22.5,13524,7.0,1.65,2.4
2017-08-06,16.8,11.7,21.7,24640,0.0,1.37,2.1
2017-08-07,18.1,9.5,24.4,23690,0.0,1.25,1.8
2017-08-08,20.8,13.4,26.1,22379,0.0,1.57,2.4
2017-08-09,21.0,15.0,26.7,23605,0.9,1.72,2.2
2017-08-10,20.0,15.7,25.0,15081,42.2,1.78,1.9
2017-08-11,16.3,13.9,18.0,9003,1.3,1.53,2.1
2017-08-12,15.0,12.9,18.1,8937,1.4,1.44,2.9
2017-08-13,17.2,13.1,21.8,18163,0.0,1.5,1.9
2017-08-14,18.4,12.0,23.9,22221,0.0,1.42,1.8
2017-08-15,21.4,15.0,27.6,20214,0.0,1.75,2.1
2017-08-16,19.1,14.7,23.1,13382,1.3,1.66,1.5
2017-08-17,20.5,13.3,25.6,16703,0.0,1.56,1.9
2017-08-18,20.4,15.9,24.8,11451,5.1,1.8,2.2
2017-08-19,16.9,13.3,21.0,17082,0.1,1.51,2.7
2017-08-20,15.4,10.2,20.5,17673,0.0,1.24,2.5
2017-08-21,15.0,11.7,20.2,11547,0.0,1.37,2.2
2017-08-22,13.9,9.4,18.8,13303,0.0,1.17,1.7
2017-08-23,14.6,8.2,21.5,18369,0.0,1.13,1.4
2017-08-24,16.5,8.6,21.4,12767,0.0,1.15,2.1
2017-08-25,17.8,12.5,23.2,16763,0.0,1.46,1.6
2017-08-26,17.9,10.0,23.0,10989,1.5,1.27,1.5
2017-08-27,18.4,12.8,22.6,18781,0.0,1.48,1.9
2017-08-28,16.5,11.0,22.9,21116,0.0,1.33,1.3
2017-08-29,19.2,11.0,26.7,22087,0.0,1.4,1.7
2017-08-30,22.7,14.3,30.0,18496,0.0,1.73,2.1
2017-08-31,20.0,13.4,25.7,11408,3.7,1.57,2.6
2017-09-01,14.6,11.2,17.1,9882,0.4,1.3,1.5
2017-09-02,14.5,9.4,20.7,17212,0.0,1.19,1.4
2017-09-03,13.6,7.5,20.5,17945,0.0,1.07,1.3
2017-09-04,14.1,7.1,20.9,19638,0.0,1.04,1.6
2017-09-05,15.7,8.7,22.9,18304,0.0,1.18,1.7
2017-09-06,16.1,13.0,21.5,7599,3.7,1.48,3.1
2017-09-07,13.9,11.0,16.5,8045,0.4,1.28,2.9
2017-09-08,14.1,11.2,16.2,6904,1.2,1.3,3.2
2017-09-09,15.5,13.7,18.6,8287,2.2,1.52,2.6
2017-09-10,15.2,11.4,20.0,14017,0.0,1.35,2.3
2017-09-11,14.5,10.9,18.5,9653,0.1,1.29,3.5
2017-09-12,14.1,10.1,19.3,10474,0.0,1.23,3.3
2017-09-13,13.8,9.2,18.5,10772,3.6,1.15,5.0
2017-09-14,12.6,9.5,15.9,8637,3.0,1.17,4.4
2017-09-15,12.7,8.2,17.2,11349,0.2,1.08,2.7
2017-09-16,12.0,6.5,17.6,15615,0.0,0.98,1.5
2017-09-17,11.7,4.5,18.5,16451,1.9,0.88,1.2
2017-09-18,11.8,7.0,17.1,13739,0.0,1.0,1.6
2017-09-19,11.0,4.9,16.8,10383,0.0,0.89,1.6
2017-09-20,12.2,7.9,16.5,10266,0.0,1.06,2.0
2017-09-21,12.7,8.9,16.0,7274,0.0,1.12,1.3
2017-09-22,13.2,7.2,18.8,11838,0.0,1.04,1.1
2017-09-23,11.3,4.5,17.0,9915,5.2,0.86,1.2
2017-09-24,14.1,12.2,16.0,6246,0.1,1.38,1.4
2017-09-25,13.8,12.6,15.7,5603,0.0,1.41,1.7
2017-09-26,14.4,12.0,18.1,8001,0.0,1.37,1.9
2017-09-27,14.8,11.8,18.4,5622,0.0,1.35,1.7
2017-09-28,15.6,12.1,18.8,10682,0.0,1.38,1.7
2017-09-29,16.2,11.6,21.5,13770,0.0,1.38,1.8
2017-09-30,14.8,9.4,20.7,12903,0.1,1.19,2.2
2017-10-01,12.9,10.5,14.4,5029,1.8,1.22,1.9
2017-10-02,12.4,9.9,14.3,5124,6.9,1.18,3.2
2017-10-03,12.8,10.5,15.8,8142,0.1,1.24,3.1
2017-10-04,12.1,10.3,13.4,5050,3.0,1.21,3.6
2017-10-05,10.8,8.8,15.0,4801,7.4,1.11,4.8
2017-10-06,10.4,8.4,13.7,6394,1.7,1.07,3.8
2017-10-07,10.3,8.6,12.2,4977,10.3,1.08,3.8
2017-10-08,10.4,5.5,13.7,9070,0.3,0.89,3.0
2017-10-09,8.2,4.0,12.8,9271,1.9,0.81,2.0
2017-10-10,11.8,9.5,14.0,4338,0.0,1.16,2.7
2017-10-11,14.6,13.6,16.0,4502,0.1,1.5,3.1
2017-10-12,13.6,10.0,15.9,8817,0.0,1.2,3.9
2017-10-13,12.2,9.1,16.1,8772,0.0,1.13,2.2
2017-10-14,15.3,11.1,18.4,4737,0.0,1.31,2.1
2017-10-15,15.8,11.6,21.3,11106,0.0,1.36,1.7
2017-10-16,16.1,10.2,22.1,10881,0.0,1.27,1.8
2017-10-17,15.8,11.2,20.8,9621,0.0,1.33,1.8
2017-10-18,12.2,8.8,17.7,5673,0.0,1.12,1.2
2017-10-19,10.2,5.8,12.2,3699,0.0,0.9,1.7
2017-10-20,12.4,9.1,15.5,5208,0.8,1.14,2.3
2017-10-21,11.6,10.3,13.0,3566,6.9,1.21,2.2
2017-10-22,11.7,9.9,14.3,5600,0.0,1.18,3.2
2017-10-23,9.9,7.9,12.3,3436,2.3,1.04,2.7
2017-10-24,11.7,9.3,14.1,4329,7.6,1.14,2.4
2017-10-25,14.7,10.6,18.1,4593,0.0,1.26,3.0
2017-10-26,12.2,10.4,14.2,3249,0.6,1.22,2.3
2017-10-27,10.3,7.9,11.9,4111,0.7,1.03,3.6
2017-10-28,10.1,8.7,11.6,3129,2.0,1.08,5.0
2017-10-29,7.9,4.9,12.4,3906,6.9,0.85,6.2
2017-10-30,5.3,2.3,8.9,8286,0.0,0.71,3.1
2017-10-31,7.1,3.6,8.7,3019,2.3,0.77,2.3
2017-11-01,9.7,7.5,11.3,2900,11.0,1.0,2.7
2017-11-02,9.3,7.6,11.5,3152,0.7,1.01,2.8
2017-11-03,8.4,5.6,10.6,4607,0.0,0.89,1.6
2017-11-04,7.8,3.7,11.4,4831,0.0,0.78,2.1
2017-11-05,9.4,7.1,11.0,2866,7.2,0.98,2.5
2017-11-06,6.0,3.0,9.4,6195,0.0,0.75,1.8
2017-11-07,4.7,-0.1,9.0,3511,0.0,0.61,2.0
2017-11-08,7.3,5.4,9.1,4191,0.0,0.86,1.7
2017-11-09,6.3,5.0,7.8,2495,0.5,0.84,1.8
2017-11-10,6.9,4.7,8.3,2449,2.2,0.83,3.9
2017-11-11,5.1,2.9,6.9,2679,1.8,0.73,3.7
2017-11-12,3.8,2.1,6.3,3011,0.7,0.69,2.5
2017-11-13,4.1,0.1,7.1,3336,0.0,0.6,2.2
2017-11-14,3.6,-1.1,7.4,2277,0.0,0.56,2.2
2017-11-15,7.8,6.3,8.9,2237,0.4,0.92,1.8
2017-11-16,7.8,5.6,9.3,2301,0.5,0.87,1.9
2017-11-17,5.8,2.0,8.7,5791,0.0,0.7,1.8
2017-11-18,4.0,2.2,6.5,2427,1.3,0.69,3.5
2017-11-19,4.5,2.1,6.2,2288,3.1,0.69,4.4
2017-11-20,4.1,1.2,5.9,3339,0.9,0.65,3.3
2017-11-21,4.3,3.0,6.0,2020,5.2,0.73,2.8
2017-11-22,8.3,4.4,10.5,1988,0.0,0.82,3.2
2017-11-23,9.1,4.6,13.0,2676,0.1,0.84,3.5
2017-11-24,8.4,3.3,14.1,2117,2.8,0.79,2.5
2017-11-25,3.6,2.0,4.5,1898,14.5,0.68,2.3
2017-11-26,3.3,1.0,4.8,2568,0.2,0.64,3.6
2017-11-27,4.0,1.8,5.2,2397,7.6,0.67,4.3
2017-11-28,5.6,3.8,7.2,2184,0.0,0.77,3.5
2017-11-29,2.0,-0.5,5.2,4058,0.2,0.57,1.7
2017-11-30,0.7,-1.0,1.7,1951,0.0,0.55,1.7
2017-12-01,1.5,0.0,3.2,1750,1.0,0.59,1.4
2017-12-02,1.1,-1.8,3.2,1950,0.0,0.52,1.7
2017-12-03,-0.2,-2.5,2.9,2104,0.9,0.49,2.7
2017-12-04,3.5,1.6,5.5,2648,1.4,0.66,3.3
2017-12-05,6.6,3.5,7.6,1673,0.3,0.76,3.7
2017-12-06,7.1,6.5,8.0,1657,0.0,0.93,4.0
2017-12-07,5.9,4.3,7.9,4031,3.0,0.81,4.2
2017-12-08,3.9,0.5,6.0,2858,0.8,0.62,3.9
2017-12-09,1.5,-0.6,3.0,1615,0.6,0.56,4.2
2017-12-10,0.3,-1.6,2.1,1939,2.5,0.53,4.1
2017-12-11,2.8,1.4,6.0,1592,4.4,0.65,3.0
2017-12-12,4.0,1.2,7.7,1582,2.6,0.65,4.0
2017-12-13,1.8,-0.4,4.0,3731,6.3,0.58,4.0
2017-12-14,3.3,1.7,5.1,1608,0.9,0.67,4.5
2017-12-15,1.1,-0.4,2.5,1560,1.4,0.57,2.3
2017-12-16,1.9,0.4,2.8,1554,0.5,0.61,2.3
2017-12-17,1.5,0.7,2.7,1550,0.0,0.62,2.5
2017-12-18,0.1,-2.0,2.5,4050,0.1,0.51,1.7
2017-12-19,1.9,0.0,3.6,1545,0.6,0.59,1.6
2017-12-20,3.0,0.9,5.2,1544,0.8,0.63,1.5
2017-12-21,6.2,4.7,7.7,1544,0.2,0.82,2.5
2017-12-22,5.4,4.1,6.8,1587,0.0,0.79,2.3
2017-12-23,6.9,3.8,9.4,1548,0.0,0.78,4.3
2017-12-24,9.7,9.1,10.2,1551,0.0,1.12,4.8
2017-12-25,8.3,2.9,10.0,1556,0.0,0.74,3.6
2017-12-26,4.2,0.5,9.2,2718,0.0,0.63,3.8
2017-12-27,2.3,0.4,4.3,2024,0.0,0.61,2.6
2017-12-28,2.4,0.0,4.1,1576,0.0,0.59,3.3
2017-12-29,1.6,-0.6,4.0,2753,0.0,0.57,3.6
2017-12-30,3.1,-0.7,9.6,1595,3.0,0.59,4.0
2017-12-31,9.3,5.6,12.7,1606,1.7,0.89,4.1
2018-01-01,7.9,3.4,12.7,2634,3.5,0.78,4.4
2018-01-02,4.3,1.7,6.2,1674,3.0,0.67,3.4
2018-01-03,5.5,1.8,8.0,2031,11.1,0.68,5.8
2018-01-04,6.5,5.4,8.1,1791,2.1,0.86,4.2
2018-01-05,6.5,2.8,8.3,1895,0.0,0.73,3.6
2018-01-06,5.0,2.7,7.3,2700,0.0,0.71,1.9
2018-01-07,0.6,-3.0,3.6,2023,0.0,0.48,3.0
2018-01-08,-2.0,-5.1,1.9,4793,0.0,0.41,3.4
2018-01-09,2.0,-1.8,4.6,1757,0.1,0.53,3.1
2018-01-10,1.5,-0.1,3.5,1779,0.0,0.58,1.7
2018-01-11,0.6,-0.9,2.0,1802,2.0,0.55,1.2
2018-01-12,1.6,1.0,2.1,1827,0.0,0.63,1.8
2018-01-13,0.4,-0.2,1.2,1853,0.0,0.58,2.9
2018-01-14,-1.1,-2.5,0.6,5104,0.0,0.49,2.9
2018-01-15,0.7,-2.0,3.0,3465,1.7,0.51,3.9
2018-01-16,2.4,0.3,4.6,2366,2.9,0.6,4.3
2018-01-17,1.5,0.3,2.6,1967,1.5,0.6,4.3
2018-01-18,2.4,0.2,6.3,1999,5.7,0.61,5.3
2018-01-19,2.3,1.2,3.9,2032,0.2,0.64,2.8
2018-01-20,1.0,-0.7,2.9,2314,0.0,0.56,2.3
2018-01-21,-0.4,-1.6,0.5,2100,0.0,0.52,1.8
2018-01-22,0.0,-1.4,1.6,2137,0.1,0.53,2.5
2018-01-23,2.1,-0.5,5.9,2174,0.9,0.58,2.6
2018-01-24,8.7,4.7,11.0,2785,0.0,0.83,3.9
2018-01-25,8.6,6.5,11.3,2252,3.9,0.93,2.6
2018-01-26,6.6,5.0,7.7,2293,0.5,0.84,1.4
2018-01-27,5.2,3.6,7.0,2874,0.4,0.76,2.0
2018-01-28,7.5,4.9,9.6,2705,2.4,0.83,4.6
2018-01-29,9.3,5.2,11.1,2422,1.8,0.86,5.2
2018-01-30,4.6,1.5,6.2,2803,0.0,0.66,3.2
2018-01-31,5.3,0.5,9.7,2514,5.4,0.63,3.7
2018-02-01,3.3,1.3,5.7,5486,0.0,0.65,3.3
2018-02-02,2.1,-0.9,4.4,3713,1.5,0.56,2.9
2018-02-03,0.6,-1.2,2.6,2660,0.2,0.54,2.0
2018-02-04,-0.5,-2.9,1.5,5032,0.4,0.48,2.1
2018-02-05,-1.2,-5.5,1.5,6138,0.0,0.4,2.5
2018-02-06,-3.4,-7.5,0.0,7881,0.0,0.35,1.9
2018-02-07,-2.0,-5.3,1.4,7628,0.0,0.4,1.5
2018-02-08,-4.1,-7.9,1.2,8243,0.0,0.34,1.2
2018-02-09,-3.0,-7.5,1.1,6086,0.0,0.35,1.8
2018-02-10,0.6,-1.1,3.3,4002,0.0,0.55,1.8
2018-02-11,1.0,-1.0,3.0,3683,0.8,0.55,3.6
2018-02-12,1.2,-1.3,4.5,5721,0.0,0.54,3.1
2018-02-13,0.4,-3.3,5.1,8475,0.0,0.48,2.1
2018-02-14,-0.8,-5.5,4.2,9410,0.0,0.41,2.0
2018-02-15,-0.4,-3.4,2.6,5184,0.5,0.47,3.1
2018-02-16,2.7,0.1,6.6,8099,0.0,0.6,2.3
2018-02-17,1.8,-0.2,4.0,3471,0.0,0.58,1.6
2018-02-18,1.8,-0.3,3.5,3536,0.0,0.57,1.6
2018-02-19,0.6,-2.1,4.1,5891,0.0,0.51,1.4
2018-02-20,-0.1,-3.2,3.9,9895,0.0,0.48,1.7
2018-02-21,-0.7,-5.1,3.6,7839,0.0,0.42,2.1
2018-02-22,-1.3,-4.9,2.1,6103,0.0,0.42,2.9
2018-02-23,-2.9,-5.9,0.2,10997,0.0,0.38,3.2
2018-02-24,-2.7,-7.0,0.5,10467,0.0,0.36,4.0
2018-02-25,-5.3,-9.6,-1.5,10153,0.0,0.29,3.2
2018-02-26,-6.0,-9.7,-2.8,8433,0.0,0.29,3.2
2018-02-27,-8.0,-12.4,-4.2,6908,0.0,0.24,2.8
2018-02-28,-9.3,-12.7,-5.6,10342,0.0,0.23,3.7
2018-03-01,-8.7,-12.0,-4.2,12326,0.0,0.24,4.4
2018-03-02,-8.5,-12.9,-3.3,12245,0.0,0.23,3.5
2018-03-03,-7.1,-12.3,-2.0,12405,0.0,0.24,2.8
2018-03-04,-2.6,-8.4,3.6,11324,0.2,0.33,2.7
2018-03-05,2.4,-2.3,9.6,8211,0.0,0.53,2.4
2018-03-06,1.0,-2.9,5.9,5876,4.9,0.49,1.7
2018-03-07,0.5,-0.1,1.5,4771,2.0,0.58,2.1
2018-03-08,4.0,0.3,9.2,7005,5.8,0.63,3.3
2018-03-09,4.2,-0.2,8.4,8063,0.0,0.6,2.7
2018-03-10,4.5,-0.8,8.9,5008,0.3,0.58,2.2
2018-03-11,9.7,4.0,15.3,12278,0.0,0.83,2.0
2018-03-12,7.6,4.4,9.7,5169,10.2,0.82,2.2
2018-03-13,8.3,3.9,11.3,5340,2.8,0.79,3.7
2018-03-14,3.8,2.0,5.5,5331,0.0,0.68,2.1
2018-03-15,2.7,1.5,5.4,5781,0.0,0.65,4.0
2018-03-16,-0.1,-2.7,1.8,5494,0.0,0.48,4.1
2018-03-17,-3.1,-5.3,-0.9,10265,0.0,0.4,5.5
2018-03-18,-2.5,-5.6,1.1,16346,0.0,0.39,5.2
2018-03-19,-2.0,-7.2,3.9,16711,0.1,0.37,2.6
2018-03-20,-1.5,-4.9,3.3,7363,2.1,0.42,2.7
2018-03-21,0.9,-4.2,6.3,15024,0.1,0.46,2.2
2018-03-22,2.3,0.1,4.4,5990,2.8,0.6,3.0
2018-03-23,2.4,0.8,3.6,6073,0.6,0.63,1.7
2018-03-24,2.7,-0.6,7.0,15393,0.0,0.58,1.8
2018-03-25,3.9,-2.9,11.3,16449,0.0,0.52,1.4
2018-03-26,4.4,-1.0,8.9,10256,0.1,0.57,1.7
2018-03-27,3.2,-2.1,8.4,9860,0.2,0.53,1.9
2018-03-28,1.6,0.7,2.4,6489,6.2,0.62,3.3
2018-03-29,4.4,2.0,7.6,6881,0.6,0.69,3.1
2018-03-30,4.8,0.5,10.6,16203,0.0,0.64,2.7
2018-03-31,2.0,0.7,3.8,6738,5.5,0.62,2.7
2018-04-01,1.5,0.6,2.9,6821,1.4,0.61,3.6
2018-04-02,4.6,-0.7,9.3,15162,0.4,0.59,2.4
2018-04-03,12.0,5.9,18.1,12100,0.0,0.95,2.8
2018-04-04,14.4,9.6,19.9,17790,5.1,1.2,2.8
2018-04-05,9.8,2.6,14.9,12867,0.4,0.75,4.1
2018-04-06,6.5,0.8,12.3,20689,0.0,0.66,2.6
2018-04-07,11.9,4.9,19.5,21176,0.0,0.91,2.9
2018-04-08,13.6,6.7,19.9,20787,0.0,1.01,2.1
2018-04-09,14.1,4.2,21.9,19066,0.0,0.9,1.7
2018-04-10,15.1,8.6,24.1,20430,0.1,1.17,3.0
2018-04-11,11.9,8.2,18.2,17900,0.0,1.1,3.0
2018-04-12,15.6,8.3,23.5,14891,0.0,1.16,3.2
2018-04-13,15.6,10.9,20.1,10383,16.6,1.3,2.7
2018-04-14,12.3,8.2,16.9,12627,5.0,1.08,2.4
2018-04-15,13.8,6.9,21.6,16940,0.5,1.05,1.5
2018-04-16,11.2,8.8,14.6,8021,1.4,1.1,1.7
2018-04-17,12.9,7.2,18.9,21659,0.0,1.04,1.5
2018-04-18,15.6,7.1,23.9,22833,0.0,1.09,1.6
2018-04-19,17.1,7.8,25.0,23204,0.0,1.14,1.9
2018-04-20,19.5,9.8,27.3,23224,0.0,1.31,1.9
2018-04-21,15.7,7.9,20.6,23008,0.0,1.1,1.8
2018-04-22,15.4,5.4,22.5,23374,0.0,0.98,1.8
2018-04-23,16.2,10.6,20.7,16788,0.0,1.28,2.8
2018-04-24,12.1,7.5,15.2,12160,1.7,1.02,2.8
2018-04-25,12.2,7.5,18.1,13549,2.4,1.04,3.6
2018-04-26,8.7,5.3,13.2,13635,4.7,0.88,3.2
2018-04-27,10.4,2.9,15.7,21848,0.0,0.77,2.0
2018-04-28,14.1,4.1,21.9,23038,0.0,0.9,2.0
2018-04-29,17.3,10.4,23.9,21105,0.0,1.31,2.2
2018-04-30,16.0,10.1,22.2,20123,0.3,1.25,3.9
2018-05-01,11.5,4.2,14.8,20827,0.0,0.83,3.7
2018-05-02,10.1,1.7,14.4,11458,0.0,0.71,2.0
2018-05-03,12.1,4.8,18.1,20778,0.0,0.9,2.3
2018-05-04,10.6,1.9,17.4,26241,0.0,0.75,2.3
2018-05-05,12.2,1.9,19.8,27203,0.0,0.77,2.6
2018-05-06,14.8,5.2,22.1,27308,0.0,0.96,2.4
2018-05-07,17.4,6.7,24.5,27287,0.0,1.07,2.4
2018-05-08,18.8,9.1,25.3,27264,0.0,1.23,2.5
2018-05-09,20.4,11.1,26.9,25878,0.0,1.41,2.1
2018-05-10,19.5,13.2,26.4,18048,2.0,1.56,2.5
2018-05-11,13.9,9.2,17.4,10926,0.0,1.15,1.8
2018-05-12,15.7,7.4,22.3,22043,0.0,1.08,1.9
2018-05-13,20.0,12.7,26.5,27722,0.0,1.53,2.7
2018-05-14,19.1,10.5,24.6,28305,0.0,1.33,2.8
2018-05-15,14.4,7.9,22.8,18142,7.6,1.11,2.3
2018-05-16,15.6,9.9,21.5,18830,0.0,1.25,2.3
2018-05-17,15.0,9.8,21.1,22277,0.0,1.23,3.1
2018-05-18,11.4,8.7,13.9,10040,0.0,1.1,2.2
2018-05-19,15.7,10.5,21.4,24166,0.0,1.28,1.6
2018-05-20,15.5,7.2,22.1,29517,0.0,1.07,2.5
2018-05-21,17.0,5.8,23.2,28829,0.0,1.0,2.8
2018-05-22,18.1,8.9,24.2,28641,0.0,1.21,2.0
2018-05-23,18.0,9.1,24.4,26808,0.0,1.22,2.2
2018-05-24,19.2,12.0,25.1,29269,0.0,1.45,2.5
2018-05-25,20.1,12.3,26.9,28187,0.0,1.49,2.2
2018-05-26,19.2,9.7,27.2,28115,0.0,1.3,1.8
2018-05-27,19.6,11.8,28.4,25502,0.2,1.47,1.9
2018-05-28,24.2,15.6,31.1,27454,0.0,1.86,2.1
2018-05-29,25.4,19.0,31.1,29915,0.0,2.22,2.5
2018-05-30,23.9,15.7,31.8,24874,0.0,1.88,1.8
2018-05-31,24.2,14.4,31.1,28224,0.0,1.76,1.9
2018-06-01,24.0,18.9,30.8,25207,2.8,2.22,2.1
2018-06-02,20.5,17.9,24.0,14030,0.7,2.01,2.0
2018-06-03,19.3,15.1,23.8,12910,0.2,1.7,1.7
2018-06-04,19.8,13.5,26.9,23269,0.0,1.6,2.0
2018-06-05,18.0,12.2,23.5,19469,0.0,1.45,2.0
2018-06-06,17.9,9.9,24.0,31114,0.0,1.26,2.3
2018-06-07,20.8,11.6,28.2,30503,0.0,1.45,1.9
2018-06-08,23.4,13.0,30.8,29379,0.0,1.63,1.7
2018-06-09,24.5,15.5,32.0,27996,0.0,1.86,1.8
2018-06-10,21.4,16.0,28.5,18555,1.6,1.86,1.8
2018-06-11,19.3,14.4,24.5,22408,0.0,1.65,2.2
2018-06-12,16.0,11.1,21.2,16795,0.0,1.32,2.4
2018-06-13,15.0,13.4,16.8,11050,0.0,1.48,2.6
2018-06-14,16.9,9.7,23.2,26031,0.0,1.25,1.9
2018-06-15,18.5,14.3,24.1,13884,0.0,1.62,1.4
2018-06-16,21.4,15.1,26.7,14147,0.0,1.75,1.5
2018-06-17,20.3,15.5,25.6,24136,0.1,1.77,2.3
2018-06-18,19.1,11.8,23.6,15565,0.9,1.4,2.2
2018-06-19,20.1,15.9,24.7,17359,0.0,1.8,2.3
2018-06-20,21.3,15.9,27.8,17488,0.0,1.83,1.9
2018-06-21,16.6,9.4,26.3,21453,1.7,1.27,3.6
2018-06-22,13.8,9.1,20.2,16205,0.8,1.16,3.7
2018-06-23,13.3,10.7,17.6,12363,2.8,1.27,3.3
2018-06-24,12.9,11.5,15.1,10823,2.0,1.31,2.4
2018-06-25,15.4,10.5,22.2,14525,0.0,1.28,2.3
2018-06-26,16.9,10.1,24.8,14900,0.0,1.29,1.9
2018-06-27,18.5,10.2,25.3,24730,0.0,1.32,2.3
2018-06-28,21.0,12.2,28.8,28931,0.0,1.51,2.4
2018-06-29,20.9,11.1,29.6,31212,0.0,1.45,2.4
2018-06-30,16.7,10.1,22.6,27360,0.0,1.27,2.5
2018-07-01,16.1,6.3,22.8,26955,0.0,1.03,2.7
2018-07-02,16.8,5.2,25.6,27952,0.0,1.0,2.1
2018-07-03,20.2,9.9,28.1,30603,0.0,1.33,1.8
2018-07-04,22.4,11.1,31.2,30828,0.0,1.47,1.6
2018-07-05,22.6,14.0,30.7,27103,0.0,1.71,2.2
2018-07-06,18.3,13.2,24.6,16251,0.0,1.54,2.8
2018-07-07,18.2,10.2,26.1,28436,0.0,1.32,2.8
2018-07-08,19.8,13.3,27.3,18865,0.0,1.57,2.4
2018-07-09,18.2,13.3,24.2,19975,0.0,1.55,2.6
2018-07-10,16.5,12.1,20.7,13594,1.2,1.41,2.1
2018-07-11,17.3,12.8,24.4,18508,17.0,1.5,1.9
2018-07-12,17.9,13.5,22.2,10995,3.2,1.54,2.2
2018-07-13,19.5,14.5,27.7,23243,4.3,1.69,2.1
2018-07-14,17.4,12.1,23.5,25094,0.0,1.42,1.9
2018-07-15,18.4,10.5,25.0,24792,0.0,1.33,1.6
2018-07-16,21.5,12.8,28.5,29790,0.0,1.56,1.5
2018-07-17,22.2,14.7,30.3,21788,0.0,1.77,2.0
2018-07-18,21.3,17.0,26.7,22492,0.0,1.93,2.6
2018-07-19,20.8,14.1,27.2,27845,0.0,1.64,2.0
2018-07-20,19.8,11.3,27.2,23511,0.0,1.41,1.6
2018-07-21,21.1,11.0,28.3,22698,0.0,1.42,1.7
2018-07-22,22.0,17.5,27.8,12615,0.0,2.01,1.8
2018-07-23,21.3,15.0,27.3,28703,0.0,1.73,1.6
2018-07-24,24.0,14.0,30.9,28004,0.0,1.7,1.4
2018-07-25,26.1,16.5,32.6,27803,0.0,1.97,1.6
2018-07-26,25.7,15.9,33.2,28223,0.0,1.93,2.0
2018-07-27,24.6,16.4,32.7,26153,5.3,1.98,2.2
2018-07-28,24.3,19.2,32.5,23964,15.4,2.28,2.4
2018-07-29,22.5,16.5,28.2,25743,0.2,1.91,1.8
2018-07-30,26.5,21.2,32.7,24423,0.0,2.54,1.5
2018-07-31,28.3,20.2,35.3,25942,0.9,2.47,1.9
2018-08-01,25.8,21.4,30.9,19823,4.4,2.53,2.0
2018-08-02,23.0,18.9,28.4,16798,0.3,2.18,1.8
2018-08-03,25.2,17.5,32.4,25299,0.0,2.09,1.6
2018-08-04,25.6,18.3,32.2,25325,0.0,2.18,1.8
2018-08-05,20.8,15.9,25.1,23642,0.0,1.8,2.5
2018-08-06,21.5,13.6,29.3,26829,0.0,1.63,1.7
2018-08-07,27.2,16.5,35.6,26358,0.0,2.04,1.9
2018-08-08,28.3,21.3,36.7,21290,0.4,2.66,2.5
2018-08-09,26.0,19.7,34.3,23364,8.5,2.39,2.6
2018-08-10,19.6,14.3,23.5,18568,0.0,1.63,3.2
2018-08-11,17.8,13.7,23.1,17516,0.0,1.56,2.9
2018-08-12,19.3,11.4,26.5,24356,0.0,1.42,1.8
2018-08-13,21.3,10.7,31.1,19117,0.0,1.45,2.1
2018-08-14,19.5,15.8,23.6,13553,0.6,1.77,2.8
2018-08-15,19.1,14.8,24.4,16072,0.0,1.68,1.9
2018-08-16,22.2,13.9,29.5,24232,0.0,1.68,1.7
2018-08-17,23.1,16.0,29.9,23048,0.0,1.87,1.9
2018-08-18,20.6,15.0,26.6,21167,0.0,1.74,1.8
2018-08-19,21.7,13.0,29.3,23846,0.0,1.59,1.8
2018-08-20,20.3,15.9,23.2,8613,0.0,1.77,2.3
2018-08-21,18.3,11.7,23.4,21843,0.0,1.4,1.5
2018-08-22,20.1,9.5,28.5,23556,0.0,1.32,1.5
2018-08-23,23.8,13.4,34.2,20434,1.0,1.73,1.9
2018-08-24,18.9,14.1,22.6,13795,0.1,1.59,2.7
2018-08-25,15.3,10.0,21.0,13467,0.5,1.24,2.6
2018-08-26,14.1,8.9,21.0,20042,0.0,1.16,2.1
2018-08-27,16.9,12.5,21.6,8871,0.4,1.45,3.1
2018-08-28,17.1,10.7,22.0,14840,0.0,1.3,1.6
2018-08-29,20.1,10.2,27.7,21306,0.3,1.34,2.0
2018-08-30,17.0,14.2,19.4,7624,3.7,1.57,2.7
2018-08-31,14.9,10.7,20.2,17147,0.0,1.28,2.0
2018-09-01,16.0,9.1,22.9,18114,0.0,1.2,1.9
2018-09-02,17.7,11.4,22.9,8588,0.1,1.37,2.1
2018-09-03,22.2,16.7,29.1,17945,0.0,1.93,2.0
2018-09-04,19.2,13.2,26.2,19854,0.0,1.55,1.7
2018-09-05,19.0,12.3,25.2,12404,0.0,1.46,1.6
2018-09-06,19.4,14.4,25.9,16130,0.8,1.67,1.8
2018-09-07,17.7,12.8,23.1,9953,0.4,1.49,2.2
2018-09-08,15.7,10.0,21.1,16277,0.0,1.25,2.1
2018-09-09,18.5,12.0,25.3,16449,0.0,1.43,1.6
2018-09-10,18.4,10.9,25.8,9651,0.0,1.36,1.8
2018-09-11,20.9,15.2,26.4,15642,0.0,1.73,2.7
2018-09-12,19.2,14.4,25.1,11397,1.8,1.64,2.3
2018-09-13,13.6,12.0,15.2,6494,0.1,1.36,1.6
2018-09-14,15.3,12.1,19.8,9142,0.0,1.4,1.5
2018-09-15,15.2,10.4,20.8,11952,0.0,1.26,2.2
2018-09-16,15.5,8.2,22.6,15515,0.0,1.13,1.6
2018-09-17,18.0,9.8,26.8,16550,0.0,1.3,1.5
2018-09-18,21.2,11.5,30.7,17174,0.0,1.5,2.2
2018-09-19,21.9,13.3,28.9,16421,0.0,1.6,2.2
2018-09-20,21.4,14.8,28.8,14518,0.0,1.75,2.2
2018-09-21,18.3,10.5,29.2,9958,4.1,1.38,3.8
2018-09-22,12.8,9.6,17.2,10413,0.3,1.18,3.4
2018-09-23,10.1,8.4,13.7,5956,12.6,1.07,3.1
2018-09-24,9.5,6.1,13.6,14004,0.0,0.92,3.7
2018-09-25,8.6,3.9,14.7,14499,0.0,0.82,2.1
2018-09-26,12.2,4.8,17.5,11767,0.0,0.89,2.7
2018-09-27,17.5,13.6,22.6,12905,0.0,1.55,2.2
2018-09-28,12.0,5.8,16.1,12396,0.0,0.92,2.6
2018-09-29,8.7,3.3,15.0,14217,0.0,0.79,2.0
2018-09-30,9.9,3.7,18.3,14585,0.0,0.84,1.8
2018-10-01,8.4,3.3,13.4,7925,0.1,0.77,2.5
2018-10-02,7.7,4.0,10.8,5732,1.7,0.8,3.9
2018-10-03,10.9,8.2,14.2,7712,0.0,1.06,3.9
2018-10-04,11.7,8.0,14.8,5135,0.0,1.05,1.9
2018-10-05,14.5,9.6,20.0,13407,0.0,1.2,1.9
2018-10-06,15.4,8.7,22.3,12408,0.0,1.16,1.7
2018-10-07,10.8,2.1,15.0,4977,0.0,0.74,2.1
2018-10-08,7.8,0.0,14.7,12588,0.0,0.65,1.5
2018-10-09,11.5,4.6,18.8,8785,0.0,0.89,1.5
2018-10-10,15.5,6.7,23.5,12190,0.0,1.07,2.0
2018-10-11,18.0,12.9,23.9,12270,0.0,1.49,2.3
2018-10-12,17.1,10.1,25.1,12111,0.0,1.3,1.9
2018-10-13,17.4,10.2,25.5,11952,0.0,1.31,2.1
2018-10-14,16.8,10.4,23.5,11564,0.0,1.31,2.3
2018-10-15,15.8,9.9,22.6,10500,0.0,1.25,1.7
2018-10-16,13.4,5.6,22.0,9381,0.0,0.98,1.2
2018-10-17,12.2,5.3,21.0,10659,0.0,0.95,1.1
2018-10-18,10.2,4.3,14.6,4573,0.0,0.83,1.8
2018-10-19,7.7,1.2,12.7,10368,0.0,0.68,1.4
2018-10-20,8.3,1.1,12.9,5925,0.0,0.68,1.6
2018-10-21,9.3,2.8,15.3,9939,0.0,0.77,1.6
2018-10-22,8.3,4.4,12.4,4550,1.8,0.83,2.2
2018-10-23,9.3,5.3,12.1,3436,4.2,0.87,4.7
2018-10-24,9.9,5.9,11.9,7610,0.5,0.91,4.4
2018-10-25,11.2,9.4,13.2,3580,0.1,1.15,3.8
2018-10-26,10.2,7.5,12.5,3516,0.0,1.01,2.8
2018-10-27,7.3,2.9,9.2,3584,0.1,0.74,2.6
2018-10-28,5.1,1.3,7.9,3584,0.0,0.66,3.2
2018-10-29,4.8,3.7,6.0,3070,0.0,0.76,3.6
2018-10-30,12.2,5.9,19.9,7143,0.3,0.98,4.3
2018-10-31,9.1,5.2,12.4,8417,0.0,0.87,2.8
2018-11-01,7.2,1.0,11.4,4140,0.0,0.66,1.9
2018-11-02,8.6,4.4,14.8,6459,0.0,0.84,2.1
2018-11-03,6.0,1.8,9.0,2913,0.0,0.68,1.6
2018-11-04,8.1,1.3,10.7,2740,0.0,0.68,1.9
2018-11-05,11.7,10.4,14.1,4105,0.0,1.22,2.1
2018-11-06,12.1,7.5,17.2,7361,0.0,1.03,1.9
2018-11-07,9.4,3.6,14.5,7082,0.0,0.81,1.8
2018-11-08,8.0,2.3,13.4,3281,0.2,0.73,1.5
2018-11-09,7.8,4.6,10.7,2776,0.0,0.83,1.8
2018-11-10,8.5,4.3,11.7,5447,0.5,0.82,2.7
2018-11-11,9.4,7.3,11.9,3392,1.9,0.99,2.8
2018-11-12,11.5,8.2,15.0,3174,0.7,1.06,2.2
2018-11-13,10.5,8.0,12.6,2640,6.2,1.04,2.6
2018-11-14,7.2,5.2,9.9,3177,0.0,0.86,1.9
2018-11-15,6.5,4.1,9.7,2342,0.0,0.8,1.9
2018-11-16,5.5,2.9,9.0,6439,0.0,0.73,2.4
2018-11-17,2.0,-3.3,6.5,6149,0.0,0.48,2.8
2018-11-18,0.3,-5.3,5.2,2730,0.1,0.41,2.5
2018-11-19,3.4,1.8,5.2,2388,0.4,0.67,4.0
2018-11-20,2.3,1.7,3.5,2053,0.0,0.66,4.4
2018-11-21,1.2,0.6,1.6,2020,0.1,0.61,2.9
2018-11-22,1.2,0.6,1.9,1988,0.0,0.61,2.1
2018-11-23,1.9,0.6,3.1,1957,0.0,0.62,1.9
2018-11-24,1.5,-0.3,2.8,1927,0.0,0.58,1.6
2018-11-25,4.0,2.3,5.3,1898,0.0,0.69,1.9
2018-11-26,1.8,-1.1,3.4,1871,0.0,0.54,2.4
2018-11-27,-0.9,-4.0,0.6,1844,0.0,0.44,1.6
2018-11-28,0.5,-1.6,2.8,5015,0.0,0.52,2.8
2018-11-29,1.0,-1.4,3.2,3107,0.0,0.53,3.6
2018-11-30,1.5,0.9,2.2,1772,1.4,0.63,2.7
2018-12-01,3.7,1.3,7.9,3930,0.0,0.66,2.5
2018-12-02,6.9,3.7,10.5,1729,2.4,0.79,3.4
2018-12-03,10.6,8.2,13.1,2235,4.0,1.05,3.4
2018-12-04,6.0,1.3,10.4,3822,0.0,0.67,3.2
2018-12-05,2.2,0.2,5.5,4525,0.0,0.6,2.0
2018-12-06,5.2,1.9,9.4,1657,1.0,0.69,2.8
2018-12-07,10.6,8.5,12.3,1642,7.2,1.07,4.0
2018-12-08,7.1,5.3,8.5,1712,1.3,0.86,5.6
2018-12-09,7.3,5.4,8.6,1657,1.4,0.87,5.2
2018-12-10,4.4,3.3,5.7,2275,0.1,0.74,4.7
2018-12-11,4.1,1.4,4.8,1592,0.0,0.65,3.5
2018-12-12,2.2,0.8,3.9,1707,1.4,0.63,2.0
2018-12-13,1.5,0.4,2.5,1574,0.9,0.61,2.5
2018-12-14,0.2,-0.1,0.8,1566,0.0,0.58,2.3
2018-12-15,-0.2,-0.7,0.3,1560,0.0,0.55,2.2
2018-12-16,-0.3,-1.1,0.3,1554,0.0,0.54,2.5
2018-12-17,0.6,-0.8,2.3,1591,0.5,0.56,1.8
2018-12-18,3.1,0.4,6.1,1670,0.0,0.61,2.2
2018-12-19,2.0,0.0,3.5,1545,0.0,0.59,2.6
2018-12-20,3.8,1.9,5.2,1544,1.8,0.67,2.5
2018-12-21,6.7,4.5,11.0,1544,5.9,0.83,4.2
2018-12-22,6.2,3.4,10.1,1669,8.5,0.77,3.9
2018-12-23,6.1,3.7,7.5,1548,3.5,0.77,2.9
2018-12-24,2.1,0.3,5.4,1551,0.0,0.61,3.0
2018-12-25,4.8,3.2,5.9,1638,0.1,0.74,3.1
2018-12-26,5.7,4.5,6.9,1562,0.0,0.81,2.7
2018-12-27,5.1,3.8,5.9,1568,0.0,0.77,2.2
2018-12-28,6.1,5.2,6.9,1576,0.6,0.85,2.1
2018-12-29,5.9,5.2,7.0,1585,4.2,0.85,3.1
2018-12-30,6.1,2.3,7.8,1721,0.0,0.7,3.9
2018-12-31,5.7,2.3,8.7,1606,0.3,0.7,2.1
2019-01-01,6.4,2.5,8.6,1745,2.5,0.71,5.1
2019-01-02,2.0,-1.7,4.1,2525,0.0,0.52,4.3
2019-01-03,-0.4,-2.1,1.6,1689,0.0,0.51,2.3
2019-01-04,1.9,-0.9,5.4,1662,1.0,0.56,3.2
2019-01-05,6.2,1.0,7.9,1808,0.4,0.65,3.9
2019-01-06,1.4,-0.2,3.5,2089,1.3,0.58,2.3
2019-01-07,4.0,0.8,5.8,1715,4.4,0.63,3.0
2019-01-08,5.1,2.2,6.6,1735,4.7,0.69,5.7
2019-01-09,2.0,1.0,2.6,1757,0.4,0.63,4.6
2019-01-10,0.8,-0.2,1.8,1869,0.1,0.58,2.3
2019-01-11,2.8,-0.3,6.1,1802,0.9,0.58,3.1
2019-01-12,5.2,4.0,6.1,1827,1.8,0.78,4.1
2019-01-13,6.5,5.1,8.3,1853,3.3,0.85,5.1
2019-01-14,2.4,-0.1,5.7,3749,0.0,0.59,5.0
2019-01-15,4.2,1.1,6.8,1908,0.7,0.64,4.5
2019-01-16,6.3,2.7,7.6,1937,0.0,0.72,3.8
2019-01-17,4.5,0.7,7.1,2208,0.8,0.63,4.2
2019-01-18,0.3,-2.1,2.0,5407,0.0,0.5,2.4
2019-01-19,-0.3,-3.4,4.0,4640,0.0,0.47,1.6
2019-01-20,-4.0,-7.4,-0.6,5249,0.0,0.35,1.3
2019-01-21,-3.2,-5.1,-0.3,3610,0.2,0.41,1.7
2019-01-22,-3.3,-6.0,-0.2,4935,0.0,0.38,2.2
2019-01-23,-5.3,-7.1,-2.7,3769,0.0,0.35,2.3
2019-01-24,-3.8,-4.9,-3.2,2212,0.0,0.41,1.6
2019-01-25,-3.8,-5.0,-2.7,3042,0.9,0.41,2.1
2019-01-26,1.0,-3.6,4.2,2293,4.8,0.47,3.2
2019-01-27,3.6,2.2,5.6,2389,3.7,0.69,3.4
2019-01-28,2.6,0.5,5.4,5217,0.7,0.61,3.6
2019-01-29,0.9,-1.5,3.0,2588,0.0,0.53,2.6
2019-01-30,0.3,-2.0,2.8,5545,0.0,0.51,2.9
2019-01-31,0.7,-2.1,3.8,5233,0.0,0.51,2.1
2019-02-01,-0.6,-3.3,1.4,2562,2.6,0.46,2.4
2019-02-02,0.3,-0.1,0.5,2610,0.6,0.58,1.6
2019-02-03,0.8,-1.3,1.4,2660,0.0,0.54,2.7
2019-02-04,1.2,-1.5,5.2,6877,0.0,0.54,2.7
2019-02-05,2.5,0.2,3.7,2763,0.0,0.59,2.5
2019-02-06,3.1,-0.1,6.3,5806,0.0,0.59,2.3
2019-02-07,2.9,0.2,6.0,3489,0.7,0.61,3.1
2019-02-08,5.4,1.7,8.3,4928,0.0,0.68,3.8
2019-02-09,7.5,4.7,11.0,5389,0.9,0.83,5.0
2019-02-10,6.5,3.8,8.9,3040,10.7,0.78,4.3
2019-02-11,4.3,0.9,6.6,4527,0.4,0.63,4.8
2019-02-12,3.2,1.2,5.6,7036,0.0,0.65,3.2
2019-02-13,6.3,4.1,8.1,3219,0.1,0.79,2.7
2019-02-14,7.0,0.9,10.9,8264,0.0,0.66,1.8
2019-02-15,5.3,-1.4,12.9,9752,0.0,0.58,1.6
2019-02-16,7.8,0.8,15.2,9824,0.0,0.69,1.9
2019-02-17,5.7,-0.4,12.8,9198,0.0,0.62,1.6
2019-02-18,6.5,0.0,13.6,10039,0.0,0.64,1.7
2019-02-19,7.3,5.1,9.8,3960,0.9,0.86,2.9
2019-02-20,7.5,5.2,10.8,6854,0.1,0.86,2.3
2019-02-21,8.5,6.3,11.0,4909,2.0,0.93,2.6
2019-02-22,3.5,-1.8,8.5,9067,0.0,0.54,2.5
2019-02-23,0.0,-3.5,5.2,10472,0.0,0.47,2.3
2019-02-24,3.2,-3.8,11.2,10164,0.0,0.49,1.5
2019-02-25,6.2,-1.4,13.0,11303,0.0,0.58,1.6
2019-02-26,6.4,1.9,12.8,7890,0.0,0.71,1.5
2019-02-27,8.0,-0.6,16.2,11848,0.0,0.64,1.6
2019-02-28,7.6,4.4,11.3,9549,0.0,0.82,3.1
2019-03-01,4.0,0.8,5.6,4311,0.0,0.63,2.6
2019-03-02,3.6,1.8,5.5,4386,0.1,0.67,2.4
2019-03-03,9.0,4.8,11.3,4462,1.4,0.85,4.2
2019-03-04,9.2,6.1,14.5,6276,3.3,0.93,5.7
2019-03-05,6.0,3.0,9.3,7458,1.5,0.74,4.6
2019-03-06,6.6,0.2,11.8,8579,2.0,0.63,3.1
2019-03-07,9.9,7.1,15.7,5966,1.3,1.01,4.5
2019-03-08,7.4,4.5,9.4,8470,1.2,0.82,4.9
2019-03-09,7.3,4.2,11.8,7453,5.5,0.82,5.6
2019-03-10,4.2,0.3,7.7,5536,13.0,0.61,4.7
2019-03-11,3.1,1.6,5.7,5710,1.1,0.66,4.4
2019-03-12,5.4,2.0,8.7,7319,0.2,0.7,3.9
2019-03-13,6.9,4.8,9.5,7601,1.5,0.83,5.6
2019-03-14,5.7,4.2,8.1,5605,9.5,0.8,5.1
2019-03-15,7.4,5.6,9.4,6886,0.8,0.88,5.4
2019-03-16,6.5,4.7,9.3,5587,4.7,0.83,4.7
2019-03-17,7.9,4.2,12.1,7545,1.6,0.82,4.5
2019-03-18,5.2,3.2,8.8,9915,0.2,0.75,4.2
2019-03-19,4.5,1.6,8.2,10797,0.0,0.67,2.1
2019-03-20,7.0,-1.0,12.8,13135,0.0,0.59,2.0
2019-03-21,9.8,4.8,13.2,7459,0.0,0.86,2.1
2019-03-22,8.7,5.3,12.3,8728,0.0,0.87,1.6
2019-03-23,7.8,2.8,12.2,11001,0.0,0.75,2.1
2019-03-24,5.4,0.6,10.6,11718,1.3,0.64,1.9
2019-03-25,4.4,1.7,7.4,10043,1.5,0.67,3.5
2019-03-26,5.0,1.5,8.1,8037,0.6,0.67,3.1
2019-03-27,7.4,4.6,10.9,6711,2.2,0.83,2.3
2019-03-28,8.6,7.9,10.1,6489,0.5,1.02,2.0
2019-03-29,9.6,5.6,12.8,6984,0.0,0.9,1.8
2019-03-30,11.1,3.2,18.4,18382,0.0,0.82,1.8
2019-03-31,7.3,0.8,11.5,15410,0.0,0.65,2.4
2019-04-01,4.9,-4.0,11.5,19969,0.0,0.49,2.7
2019-04-02,8.9,1.9,14.8,18338,0.0,0.73,2.8
2019-04-03,12.9,6.8,17.9,14551,0.0,1.0,2.1
2019-04-04,14.2,8.4,20.2,19291,0.0,1.13,2.3
2019-04-05,8.2,4.6,12.2,8012,0.0,0.84,1.8
2019-04-06,13.4,2.2,21.8,19169,0.0,0.82,2.1
2019-04-07,13.1,4.9,19.9,20739,0.0,0.91,2.0
2019-04-08,10.3,2.5,19.1,19909,0.0,0.79,2.1
2019-04-09,6.1,1.3,11.6,20722,0.0,0.67,2.4
2019-04-10,4.3,-1.9,9.9,13325,0.0,0.54,2.7
2019-04-11,4.0,1.7,7.1,10980,0.0,0.67,2.8
2019-04-12,3.1,1.6,4.9,7711,0.0,0.66,2.7
2019-04-13,3.8,0.8,7.6,8015,0.0,0.63,2.7
2019-04-14,5.4,2.7,9.1,7867,0.6,0.72,2.8
2019-04-15,7.0,-0.3,13.7,22861,0.0,0.63,2.9
2019-04-16,8.5,-1.3,15.5,22893,0.0,0.6,2.7
2019-04-17,11.2,2.9,18.3,23382,0.0,0.8,2.6
2019-04-18,12.9,3.0,21.1,23295,0.0,0.83,3.0
2019-04-19,14.2,4.3,22.6,23667,0.0,0.91,2.5
2019-04-20,11.9,1.9,20.8,24039,0.0,0.79,2.0
2019-04-21,13.5,3.0,21.9,24294,0.0,0.85,1.9
2019-04-22,13.2,5.0,18.8,24313,0.0,0.91,3.4
2019-04-23,14.7,9.8,19.5,19026,0.0,1.22,4.4
2019-04-24,17.1,12.0,23.0,20438,0.1,1.41,3.4
2019-04-25,18.3,11.6,24.8,23756,0.0,1.42,2.7
2019-04-26,17.3,10.0,23.0,17804,4.5,1.27,2.8
2019-04-27,11.8,8.1,17.9,11689,1.8,1.08,2.7
2019-04-28,9.8,7.8,13.2,13206,1.1,1.03,2.2
2019-04-29,9.8,3.4,16.8,13287,3.9,0.81,2.6
2019-04-30,10.8,1.6,18.2,25674,0.2,0.75,2.5
2019-05-01,12.8,6.8,18.1,20827,0.0,1.0,2.6
2019-05-02,9.7,5.8,13.5,9395,0.4,0.91,3.3
2019-05-03,8.1,4.6,12.1,15788,0.0,0.84,3.1
2019-05-04,6.3,0.8,11.1,14403,0.4,0.65,2.6
2019-05-05,6.3,-0.6,12.6,19128,0.0,0.61,2.3
2019-05-06,7.6,1.0,12.8,16269,0.6,0.67,2.6
2019-05-07,8.2,4.1,14.0,18312,0.0,0.82,1.8
2019-05-08,11.3,0.9,18.5,18021,1.5,0.72,2.6
2019-05-09,13.5,9.5,18.6,15380,0.6,1.18,2.6
2019-05-10,12.5,7.9,17.4,13592,0.0,1.07,2.5
2019-05-11,10.4,6.2,14.2,11919,0.5,0.94,2.6
2019-05-12,11.0,4.5,16.9,25274,0.0,0.87,3.1
2019-05-13,9.8,2.4,16.9,24734,0.0,0.77,2.8
2019-05-14,8.5,2.0,14.1,19948,0.0,0.73,2.7
2019-05-15,8.3,-0.1,14.6,12519,1.9,0.65,2.6
2019-05-16,8.8,5.3,10.7,9945,5.9,0.87,2.5
2019-05-17,12.9,4.7,19.3,16636,0.0,0.9,2.2
2019-05-18,17.0,8.9,24.2,27866,0.0,1.21,2.0
2019-05-19,18.7,11.1,26.4,22154,0.1,1.38,2.1
2019-05-20,17.8,12.2,26.1,18061,4.1,1.46,2.4
2019-05-21,17.7,11.7,23.7,22400,2.6,1.4,3.1
2019-05-22,12.0,9.9,14.5,10215,0.3,1.18,3.2
2019-05-23,13.6,6.4,19.5,24913,0.0,1.0,1.8
2019-05-24,17.2,9.0,23.7,26360,0.0,1.2,2.0
2019-05-25,12.8,7.6,16.4,14005,0.0,1.03,2.2
2019-05-26,15.8,6.8,21.4,18609,0.0,1.04,2.7
2019-05-27,17.4,12.9,20.9,11420,0.3,1.47,2.5
2019-05-28,14.7,8.3,19.7,16788,0.0,1.12,2.2
2019-05-29,12.3,7.3,18.4,23561,0.0,1.04,2.0
2019-05-30,15.7,5.2,23.6,23603,0.0,0.97,2.4
2019-05-31,18.5,11.5,24.0,17151,0.2,1.39,2.0
2019-06-01,20.7,13.7,27.8,27118,0.0,1.62,1.8
2019-06-02,23.1,13.3,31.3,27283,0.0,1.65,1.9
2019-06-03,25.0,17.2,33.9,26808,0.0,2.07,2.1
2019-06-04,23.3,14.7,30.2,27606,0.0,1.76,1.9
2019-06-05,26.5,16.5,33.7,29552,0.0,1.99,2.2
2019-06-06,21.3,14.5,30.0,20005,5.1,1.74,2.9
2019-06-07,19.2,12.1,24.9,29098,0.1,1.46,2.6
2019-06-08,18.0,13.6,22.5,22862,0.0,1.54,3.8
2019-06-09,19.4,11.8,25.5,29019,1.4,1.44,2.1
2019-06-10,21.3,14.9,28.0,19322,1.1,1.75,2.2
2019-06-11,22.7,17.3,28.3,23687,23.8,1.98,2.1
2019-06-12,21.0,15.2,31.4,22935,13.4,1.83,2.3
2019-06-13,19.5,14.0,25.3,23332,0.3,1.62,2.1
2019-06-14,22.4,12.6,28.9,24496,0.0,1.55,2.1
2019-06-15,24.0,15.7,31.0,20795,0.6,1.88,2.9
2019-06-16,17.7,13.1,21.9,19011,0.0,1.49,1.9
2019-06-17,21.4,14.0,27.0,29127,0.0,1.65,1.7
2019-06-18,23.5,16.0,29.5,29899,0.0,1.87,1.8
2019-06-19,25.4,18.3,31.9,27085,1.5,2.15,1.9
2019-06-20,20.7,16.6,25.5,19791,2.0,1.88,2.2
2019-06-21,19.5,14.1,24.9,20814,0.0,1.62,1.9
2019-06-22,19.4,12.1,26.4,26824,0.0,1.48,2.2
2019-06-23,20.8,11.9,28.3,28865,0.0,1.49,2.4
2019-06-24,22.6,12.2,29.5,30519,0.0,1.52,2.5
2019-06-25,26.3,17.9,33.5,29614,0.0,2.17,2.0
2019-06-26,28.1,16.8,37.0,30113,0.0,2.13,2.4
2019-06-27,18.7,11.8,25.7,29076,0.0,1.43,3.1
2019-06-28,17.5,10.1,24.4,23693,0.0,1.29,2.0
2019-06-29,22.5,11.0,32.0,30446,0.0,1.49,1.6
2019-06-30,27.8,16.8,38.1,29403,0.0,2.14,2.6
2019-07-01,22.1,14.8,28.8,24275,0.0,1.75,3.0
2019-07-02,16.9,10.9,21.5,21191,0.0,1.32,3.1
2019-07-03,14.9,8.8,19.9,20531,0.0,1.14,2.5
2019-07-04,16.6,8.6,23.3,25858,0.0,1.17,2.4
2019-07-05,18.1,13.3,21.2,11055,0.0,1.5,2.6
2019-07-06,17.1,12.7,22.5,11414,2.8,1.47,2.8
2019-07-07,14.9,11.7,19.2,13425,0.0,1.35,3.0
2019-07-08,14.1,10.2,19.0,12254,0.5,1.24,2.6
2019-07-09,14.2,8.6,18.6,15275,0.0,1.12,2.5
2019-07-10,15.6,9.0,23.3,19940,0.0,1.2,2.0
2019-07-11,18.3,9.0,24.8,21299,3.6,1.22,1.5
2019-07-12,17.6,15.3,22.0,12515,2.7,1.71,1.9
2019-07-13,19.2,14.7,27.3,19445,8.6,1.7,2.5
2019-07-14,16.6,14.5,20.1,12952,0.0,1.6,2.2
2019-07-15,15.6,13.7,18.0,10514,0.0,1.53,2.4
2019-07-16,16.6,12.6,22.5,14896,0.0,1.46,2.6
2019-07-17,16.8,10.8,23.9,19771,0.0,1.34,1.5
2019-07-18,20.5,10.5,26.9,24885,0.0,1.35,1.6
2019-07-19,20.0,15.0,24.6,11998,2.3,1.7,1.8
2019-07-20,21.8,12.6,29.9,24767,12.8,1.56,2.1
2019-07-21,20.9,16.1,26.8,23827,0.0,1.85,2.5
2019-07-22,19.2,13.6,25.0,16123,0.5,1.58,1.7
2019-07-23,23.7,16.3,30.9,28953,0.0,1.93,1.6
2019-07-24,24.9,15.0,32.4,28878,0.0,1.84,1.6
2019-07-25,26.0,17.2,33.2,27928,0.0,2.08,1.9
2019-07-26,23.6,14.8,31.1,28223,0.0,1.8,2.5
2019-07-27,23.2,18.4,28.0,25781,0.0,2.12,2.9
2019-07-28,24.5,17.2,31.3,23964,0.0,2.03,2.4
2019-07-29,24.0,20.0,32.0,16210,6.3,2.38,2.1
2019-07-30,21.5,18.4,24.8,9966,0.0,2.07,1.8
2019-07-31,18.9,15.6,23.2,12008,5.7,1.75,2.0
2019-08-01,18.8,14.0,25.1,17116,0.7,1.6,1.5
2019-08-02,17.7,12.7,25.1,18885,25.0,1.49,1.5
2019-08-03,19.0,14.2,25.5,20889,1.1,1.64,1.8
2019-08-04,18.3,13.4,22.6,13838,0.0,1.52,1.5
2019-08-05,19.4,12.4,24.6,13402,0.0,1.47,1.7
2019-08-06,20.7,15.0,27.0,19047,1.6,1.74,2.1
2019-08-07,19.7,14.6,24.0,10713,0.0,1.65,2.1
2019-08-08,19.7,14.0,26.3,20927,0.0,1.63,2.5
2019-08-09,21.1,11.6,27.4,21314,0.0,1.45,1.9
2019-08-10,23.5,19.1,28.4,19771,0.0,2.19,3.3
2019-08-11,22.3,16.4,28.5,19674,0.6,1.9,2.6
2019-08-12,19.8,15.6,24.2,17662,0.0,1.75,2.2
2019-08-13,17.0,12.1,21.9,18878,0.0,1.41,2.5
2019-08-14,16.3,11.4,22.3,22934,0.0,1.35,2.0
2019-08-15,17.3,10.8,21.3,8971,0.0,1.3,2.6
2019-08-16,17.3,13.3,22.8,13500,0.0,1.53,2.2
2019-08-17,20.0,12.7,27.6,10710,0.0,1.55,2.5
2019-08-18,19.9,15.9,25.3,10163,4.6,1.81,2.4
2019-08-19,18.1,12.3,23.5,18015,0.0,1.45,2.3
2019-08-20,18.5,11.6,24.4,15582,0.0,1.39,1.7
2019-08-21,17.3,10.7,23.7,22190,0.0,1.33,1.6
2019-08-22,18.4,7.9,27.0,23441,0.0,1.18,1.7
2019-08-23,20.6,12.8,28.5,23301,0.0,1.56,1.6
2019-08-24,21.6,10.7,29.2,22589,0.0,1.41,1.8
2019-08-25,24.2,15.5,31.3,20515,0.0,1.87,1.6
2019-08-26,23.9,15.8,31.9,15628,0.0,1.89,1.5
2019-08-27,24.4,17.5,32.6,16416,0.3,2.08,1.6
2019-08-28,24.9,18.6,33.7,16634,0.0,2.25,1.6
2019-08-29,23.0,15.5,29.3,20637,0.0,1.81,1.8
2019-08-30,23.1,17.3,28.9,15168,0.0,2.0,1.3
2019-08-31,25.7,16.1,34.0,21119,0.0,1.97,1.7
2019-09-01,22.3,14.9,28.1,13504,0.0,1.73,2.5
2019-09-02,15.8,9.2,22.0,18303,0.0,1.2,2.2
2019-09-03,14.9,8.1,21.3,8502,0.5,1.12,2.2
2019-09-04,19.0,11.4,26.7,17156,0.5,1.43,2.3
2019-09-05,16.1,10.6,21.3,15193,0.0,1.3,3.0
2019-09-06,13.8,6.8,20.8,19436,0.0,1.03,2.1
2019-09-07,13.9,9.0,19.6,9741,3.1,1.15,1.6
2019-09-08,15.2,11.1,19.7,15224,1.7,1.3,1.3
2019-09-09,13.1,11.8,14.9,6822,23.8,1.34,2.0
2019-09-10,14.8,10.9,18.8,16304,0.0,1.29,2.3
2019-09-11,15.5,7.4,22.5,17191,0.7,1.09,2.3
2019-09-12,17.1,13.8,22.4,9551,0.0,1.56,2.3
2019-09-13,16.7,10.3,22.0,10059,0.4,1.27,2.4
2019-09-14,12.9,7.5,18.8,17839,0.0,1.06,1.5
2019-09-15,16.2,9.0,23.4,16068,0.0,1.21,2.5
2019-09-16,13.6,11.7,15.7,6347,0.0,1.33,2.0
2019-09-17,11.7,8.4,15.8,9825,1.2,1.09,3.4
2019-09-18,11.1,6.1,16.5,14131,0.0,0.94,2.8
2019-09-19,10.6,5.7,16.6,14863,0.0,0.93,2.1
2019-09-20,11.2,5.6,16.5,9107,0.0,0.92,1.8
2019-09-21,14.0,7.4,21.4,16762,0.0,1.07,1.8
2019-09-22,15.9,6.2,24.7,16401,0.0,1.06,1.8
2019-09-23,16.1,9.6,22.7,14628,0.0,1.23,2.0
2019-09-24,15.3,12.9,19.1,6994,0.0,1.46,1.6
2019-09-25,13.8,10.6,16.4,5510,3.9,1.24,2.1
2019-09-26,14.7,8.9,20.3,9838,0.6,1.16,2.2
2019-09-27,14.7,11.6,16.2,6714,6.5,1.33,2.6
2019-09-28,14.6,11.7,18.3,8967,3.9,1.34,3.4
2019-09-29,14.4,12.1,16.1,5188,11.9,1.36,3.6
2019-09-30,14.2,10.9,15.9,6526,8.0,1.26,4.8
2019-10-01,13.5,10.9,17.4,5292,14.3,1.28,2.8
2019-10-02,9.9,7.9,13.5,8774,1.6,1.03,3.0
2019-10-03,9.1,6.6,11.9,7712,0.0,0.95,2.4
2019-10-04,8.4,5.1,10.6,6498,16.2,0.85,2.4
2019-10-05,8.5,4.1,12.1,7923,0.7,0.81,2.7
2019-10-06,6.0,1.1,11.9,9818,0.0,0.67,2.1
2019-10-07,5.4,-0.2,11.7,12335,0.0,0.62,1.7
2019-10-08,10.2,5.4,13.6,4487,2.3,0.88,2.9
2019-10-09,12.1,9.7,14.8,7813,5.2,1.17,3.1
2019-10-10,11.0,8.9,14.6,8023,1.4,1.11,3.5
2019-10-11,13.2,9.7,15.7,5374,0.0,1.18,3.7
2019-10-12,16.2,13.6,19.1,7719,0.0,1.53,2.9
2019-10-13,18.5,13.7,22.6,7841,0.1,1.55,2.4
2019-10-14,18.2,13.3,21.1,11411,0.0,1.51,2.1
2019-10-15,15.7,10.3,21.4,10196,0.2,1.27,1.9
2019-10-16,11.9,8.8,14.0,4205,10.3,1.11,2.9
2019-10-17,14.2,11.7,17.6,4132,3.0,1.34,2.3
2019-10-18,14.3,9.8,19.3,6846,0.4,1.21,2.8
2019-10-19,12.3,9.1,16.2,4569,0.0,1.14,2.4
2019-10-20,14.8,10.9,18.8,6928,0.0,1.29,1.6
2019-10-21,14.6,9.9,18.6,5478,0.0,1.21,1.8
2019-10-22,12.6,7.0,15.8,6300,0.0,0.99,1.6
2019-10-23,11.1,4.6,17.0,8208,0.0,0.88,1.8
2019-10-24,13.0,9.6,15.6,3509,0.0,1.17,2.0
2019-10-25,13.5,10.2,17.0,8037,0.0,1.23,2.7
2019-10-26,13.9,10.1,17.9,8452,0.0,1.22,3.3
2019-10-27,11.6,6.5,16.0,3188,1.2,0.96,3.1
2019-10-28,7.8,4.6,12.3,7035,0.1,0.83,2.2
2019-10-29,4.5,-0.6,9.5,6158,0.1,0.59,1.7
2019-10-30,2.3,-2.5,8.8,8541,0.0,0.52,1.7
2019-10-31,1.0,-3.8,6.9,7977,0.0,0.47,1.7
2019-11-01,2.9,-2.7,6.5,5876,1.4,0.5,2.5
2019-11-02,11.1,6.6,16.5,3275,2.5,0.98,3.1
2019-11-03,11.4,8.0,14.6,3821,3.7,1.05,2.3
2019-11-04,10.1,8.4,12.7,3278,5.5,1.07,2.5
2019-11-05,9.0,7.5,10.6,2866,7.2,1.0,2.1
2019-11-06,7.9,5.3,9.6,3105,2.1,0.87,1.8
2019-11-07,8.1,6.0,10.8,2878,0.0,0.9,2.1
2019-11-08,6.9,4.0,8.8,2598,3.1,0.79,1.6
2019-11-09,6.4,3.9,7.3,2495,1.2,0.78,1.9
2019-11-10,3.5,0.4,8.7,6058,0.0,0.62,1.5
2019-11-11,1.5,-0.1,3.7,3776,0.0,0.58,2.6
2019-11-12,4.2,1.1,7.2,4909,0.0,0.65,2.9
2019-11-13,4.2,2.0,6.9,2479,0.0,0.69,2.3
2019-11-14,4.7,1.7,8.5,5665,0.0,0.68,2.4
2019-11-15,6.8,3.7,9.1,2237,1.4,0.77,2.9
2019-11-16,5.5,0.9,7.8,2198,2.3,0.64,2.1
2019-11-17,3.1,-1.3,7.2,2160,2.1,0.55,2.1
2019-11-18,7.4,3.2,10.0,2123,1.1,0.76,2.6
2019-11-19,6.0,3.1,8.1,4488,4.7,0.74,2.4
2019-11-20,4.9,4.1,5.7,2053,0.2,0.79,1.3
2019-11-21,7.5,5.2,8.8,2020,5.4,0.86,1.5
2019-11-22,7.8,6.2,9.5,2908,0.0,0.92,2.2
2019-11-23,6.0,3.1,7.1,2053,0.0,0.74,3.2
2019-11-24,4.6,2.9,5.9,1974,0.0,0.72,2.2
2019-11-25,4.5,3.8,4.8,1898,0.0,0.77,1.5
2019-11-26,5.8,4.0,7.8,1871,0.0,0.79,2.1
2019-11-27,6.5,4.8,7.8,1844,2.9,0.82,3.0
2019-11-28,9.7,7.4,12.4,2412,1.7,1.0,4.4
2019-11-29,5.0,-0.3,9.6,2202,0.0,0.6,3.6
2019-11-30,1.3,-1.5,4.7,4778,0.0,0.53,1.8
2019-12-01,0.7,-0.4,1.4,1750,0.0,0.57,1.6
2019-12-02,2.8,0.8,4.7,1729,0.2,0.62,2.3
2019-12-03,3.1,-0.1,5.7,2454,0.0,0.59,1.9
2019-12-04,4.2,-0.1,6.4,3561,0.0,0.6,2.1
2019-12-05,0.6,-1.6,3.7,4741,0.0,0.53,2.3
2019-12-06,2.3,-0.3,6.1,1657,6.4,0.58,4.0
2019-12-07,8.1,6.0,9.6,1684,0.0,0.91,4.1
2019-12-08,8.7,7.0,11.1,1628,0.2,0.96,4.7
2019-12-09,6.9,4.5,9.3,3176,0.3,0.82,4.1
2019-12-10,3.0,0.8,5.8,4332,0.0,0.63,3.0
2019-12-11,2.8,0.8,4.4,1592,2.7,0.62,2.8
2019-12-12,1.9,0.3,3.9,1582,0.0,0.6,2.5
2019-12-13,1.2,0.0,2.4,3233,1.1,0.59,3.5
2019-12-14,3.4,0.8,5.7,1608,3.5,0.63,4.5
2019-12-15,5.7,1.6,9.7,2880,1.3,0.68,4.1
2019-12-16,6.0,3.1,8.2,1554,0.0,0.74,2.3
2019-12-17,8.3,4.0,12.4,2167,0.0,0.81,2.4
2019-12-18,7.8,1.2,13.4,2819,0.0,0.68,2.3
2019-12-19,4.4,0.7,7.5,2775,0.0,0.63,2.3
2019-12-20,6.2,1.9,9.9,3962,1.5,0.69,2.8
2019-12-21,6.5,1.2,9.7,3225,0.0,0.66,2.3
2019-12-22,2.4,-0.4,5.0,1546,0.3,0.58,2.8
2019-12-23,6.6,4.4,8.7,2492,0.7,0.81,3.5
2019-12-24,5.9,4.8,7.3,2291,2.4,0.83,3.0
2019-12-25,5.2,4.1,6.0,1556,0.3,0.79,2.8
2019-12-26,4.6,3.7,6.0,1809,2.4,0.76,1.7
2019-12-27,2.7,0.3,3.8,1982,0.2,0.6,1.8
2019-12-28,0.0,-2.7,1.9,1784,0.0,0.49,1.6
2019-12-29,-0.9,-3.4,1.0,3420,0.0,0.46,1.9
2019-12-30,4.8,0.6,8.0,1721,0.0,0.62,2.7
2019-12-31,5.6,2.5,7.6,2784,0.0,0.71,2.5
2020-01-01,1.3,-2.9,5.3,3268,0.0,0.49,1.8
2020-01-02,-0.2,-3.7,5.2,4651,0.0,0.47,2.2
2020-01-03,4.3,0.4,7.0,1646,4.0,0.62,3.6
2020-01-04,4.2,1.2,6.3,1662,1.1,0.65,4.2
2020-01-05,1.7,-0.8,4.6,1939,0.0,0.56,2.1
2020-01-06,4.7,0.8,6.7,2045,0.0,0.64,2.2
2020-01-07,2.9,-0.9,6.0,1715,0.0,0.57,2.6
2020-01-08,6.7,2.9,8.9,1735,1.5,0.74,2.9
2020-01-09,8.4,6.8,10.0,1757,4.6,0.95,2.7
2020-01-10,9.0,4.4,11.0,2860,0.9,0.82,3.4
2020-01-11,4.4,2.0,6.5,3348,0.0,0.69,2.7
2020-01-12,3.7,0.9,6.6,4349,0.1,0.63,3.6
2020-01-13,5.1,1.6,7.7,2362,0.0,0.67,2.6
2020-01-14,7.3,1.5,10.5,2067,0.2,0.68,4.0
2020-01-15,11.1,7.5,13.9,3182,0.0,1.01,3.9
2020-01-16,6.7,2.8,10.7,5608,0.0,0.74,2.3
2020-01-17,4.2,1.0,8.3,5388,0.1,0.65,2.6
2020-01-18,5.6,3.4,7.7,3605,0.0,0.75,2.9
2020-01-19,3.9,2.2,5.4,2228,0.0,0.69,1.9
2020-01-20,0.8,-1.9,2.8,2513,0.0,0.52,1.9
2020-01-21,2.6,0.7,5.6,5924,0.0,0.62,2.3
2020-01-22,4.2,2.5,6.3,2137,0.0,0.71,2.1
2020-01-23,3.6,-0.3,6.0,3306,0.0,0.58,1.8
2020-01-24,-0.2,-2.9,3.4,5336,0.0,0.48,2.0
2020-01-25,1.0,-0.3,2.1,2252,0.0,0.58,1.9
2020-01-26,-0.1,-1.5,0.6,2293,0.0,0.53,1.9
2020-01-27,4.5,-0.1,8.5,3198,5.2,0.6,2.9
2020-01-28,5.5,2.8,8.5,3361,5.1,0.72,4.5
2020-01-29,4.6,2.7,6.7,2754,1.6,0.72,4.4
2020-01-30,5.6,2.2,8.2,2579,1.5,0.69,4.1
2020-01-31,9.8,7.3,12.2,3590,0.0,0.99,4.6
2020-02-01,10.9,7.8,12.3,2562,3.4,1.02,4.5
2020-02-02,6.9,5.3,8.6,2610,5.1,0.86,3.9
2020-02-03,7.2,5.3,9.6,2954,4.6,0.87,3.7
2020-02-04,4.9,3.4,6.3,3425,0.5,0.75,4.1
2020-02-05,3.1,1.7,4.8,7524,0.0,0.67,3.0
2020-02-06,4.5,2.5,6.1,3061,0.0,0.7,2.3
2020-02-07,5.5,4.6,6.7,2871,0.0,0.81,1.9
2020-02-08,4.7,0.7,8.4,7305,0.0,0.64,2.3
2020-02-09,9.4,5.2,13.6,6149,8.2,0.88,5.2
2020-02-10,7.0,3.9,13.8,3681,1.6,0.81,7.0
2020-02-11,4.7,2.8,6.5,3228,0.1,0.72,6.6
2020-02-12,4.2,2.8,6.3,4210,0.0,0.72,5.6
2020-02-13,3.3,1.0,5.1,5215,1.4,0.64,3.3
2020-02-14,3.8,2.0,5.6,3280,0.1,0.68,2.5
2020-02-15,5.7,1.3,10.2,8184,0.0,0.67,3.1
2020-02-16,12.1,7.3,16.9,3751,1.3,1.02,5.2
2020-02-17,9.2,6.2,10.4,4448,0.0,0.92,4.5
2020-02-18,6.5,3.3,7.9,4667,2.7,0.75,4.8
2020-02-19,5.6,4.3,6.9,5391,2.7,0.8,4.3
2020-02-20,4.7,0.0,7.4,4031,3.6,0.6,3.7
2020-02-21,6.1,3.7,7.6,5422,0.0,0.77,4.6
2020-02-22,8.3,5.5,12.5,4621,0.7,0.88,5.3
2020-02-23,6.4,3.1,8.2,3876,15.7,0.74,5.6
2020-02-24,4.9,3.2,8.3,3947,5.4,0.75,3.8
2020-02-25,7.7,3.9,9.6,7929,0.0,0.79,4.7
2020-02-26,3.0,1.6,5.3,4168,0.9,0.66,3.8
2020-02-27,3.1,1.2,5.6,4947,0.1,0.65,3.1
2020-02-28,3.5,0.4,7.9,6536,4.3,0.62,3.7
2020-02-29,6.9,0.9,11.8,6956,0.1,0.66,4.1
2020-03-01,6.8,4.2,10.0,8194,2.7,0.8,4.1
2020-03-02,6.0,3.6,9.1,7492,0.4,0.77,2.6
2020-03-03,4.0,2.0,6.4,4538,1.4,0.68,2.7
2020-03-04,4.2,1.3,8.4,7542,0.1,0.66,2.3
2020-03-05,5.0,0.1,10.5,11283,2.1,0.62,2.6
2020-03-06,4.7,2.3,6.3,4771,3.1,0.7,3.9
2020-03-07,4.1,1.6,7.7,6143,0.0,0.67,3.1
2020-03-08,5.1,0.0,10.6,7105,0.3,0.61,3.1
2020-03-09,7.5,4.2,10.6,5448,0.8,0.81,2.6
2020-03-10,6.2,2.7,11.3,5088,9.1,0.74,4.5
2020-03-11,9.5,7.1,12.6,9291,1.1,0.99,4.4
2020-03-12,9.3,3.3,12.7,8958,2.9,0.77,5.3
2020-03-13,5.7,1.9,9.0,8252,0.0,0.68,4.6
2020-03-14,2.5,-1.9,7.4,15546,0.0,0.53,1.9
2020-03-15,5.6,0.0,12.1,14975,0.0,0.63,3.2
2020-03-16,8.5,1.9,16.2,14578,0.0,0.74,2.0
2020-03-17,8.4,2.1,15.3,10577,0.0,0.73,2.0
2020-03-18,11.2,6.1,16.8,14040,0.0,0.96,2.4
2020-03-19,10.1,7.0,13.4,6882,0.1,0.98,1.5
2020-03-20,6.6,3.8,9.3,5907,0.0,0.78,2.3
2020-03-21,3.2,-1.3,7.2,14496,0.0,0.55,4.0
2020-03-22,1.2,-3.2,6.2,17702,0.0,0.49,3.8
2020-03-23,0.9,-3.7,6.1,17877,0.0,0.47,3.1
2020-03-24,2.3,-4.9,7.9,18050,0.0,0.44,2.9
2020-03-25,3.5,-3.0,9.8,18323,0.0,0.51,3.3
2020-03-26,5.1,-1.9,10.9,18089,0.0,0.55,3.4
2020-03-27,8.0,-0.4,16.1,17745,0.0,0.64,2.9
2020-03-28,6.8,0.1,14.8,18321,0.0,0.66,2.6
2020-03-29,2.0,-4.1,5.3,7382,0.4,0.45,4.0
2020-03-30,-0.4,-4.0,2.7,9350,0.4,0.45,2.7
2020-03-31,1.0,-2.1,5.4,14499,0.0,0.52,2.1
2020-04-01,4.2,-1.6,9.8,14209,0.0,0.55,2.3
2020-04-02,7.0,4.4,10.0,9010,0.0,0.82,2.9
2020-04-03,7.2,4.1,10.7,15860,0.0,0.8,3.0
2020-04-04,7.2,1.7,13.0,20419,0.0,0.7,1.7
2020-04-05,9.5,-0.4,16.6,21014,0.0,0.65,2.9
2020-04-06,13.2,4.5,21.2,21176,0.0,0.91,2.4
2020-04-07,13.0,7.7,19.0,21117,0.0,1.07,2.0
2020-04-08,13.8,5.4,22.3,21274,0.0,0.97,1.7
2020-04-09,11.6,4.7,18.3,17100,0.0,0.89,2.0
2020-04-10,8.1,-0.4,15.6,21360,0.0,0.64,1.8
2020-04-11,8.0,-0.5,15.2,21847,0.0,0.64,1.5
2020-04-12,13.7,2.8,23.8,20982,2.2,0.87,1.9
2020-04-13,7.4,2.6,12.6,13080,0.0,0.74,3.9
2020-04-14,5.5,-0.6,11.2,21722,0.0,0.6,2.9
2020-04-15,9.4,3.6,15.9,19347,0.0,0.82,2.6
2020-04-16,11.1,4.8,17.4,21429,0.0,0.88,2.0
2020-04-17,10.4,3.2,16.6,22603,0.0,0.8,1.6
2020-04-18,9.7,0.5,17.4,24015,0.0,0.69,2.1
2020-04-19,8.3,1.6,13.5,23807,0.0,0.7,3.0
2020-04-20,9.1,-0.5,15.5,24411,0.0,0.63,4.1
2020-04-21,10.7,2.9,17.1,24430,0.0,0.78,4.6
2020-04-22,11.7,2.2,18.3,24682,0.0,0.78,3.6
2020-04-23,13.1,3.3,21.0,24459,0.0,0.85,1.9
2020-04-24,13.0,4.8,21.6,21501,0.0,0.93,2.8
2020-04-25,10.7,7.0,14.7,14588,0.0,0.99,2.5
2020-04-26,11.5,3.5,18.2,20892,0.0,0.83,1.5
2020-04-27,13.2,1.8,22.1,23877,0.0,0.79,1.8
2020-04-28,14.7,6.8,22.0,18579,0.3,1.05,2.1
2020-04-29,11.2,7.5,17.1,12280,3.5,1.03,2.5
2020-04-30,12.8,7.5,18.1,15381,2.0,1.04,2.9
2020-05-01,12.5,7.8,16.6,14371,2.7,1.05,3.1
2020-05-02,9.8,5.6,13.6,15666,0.9,0.9,3.0
2020-05-03,10.2,5.1,14.0,12329,0.1,0.88,2.0
2020-05-04,8.6,4.4,12.1,10930,3.4,0.82,2.1
2020-05-05,7.3,2.5,11.8,21543,1.4,0.73,2.5
2020-05-06,10.7,3.2,16.4,24214,0.0,0.8,2.4
2020-05-07,11.0,5.6,16.5,18144,0.0,0.92,2.0
2020-05-08,13.8,4.6,20.1,26743,0.0,0.9,1.6
2020-05-09,15.9,5.6,23.1,26588,0.0,0.99,1.5
2020-05-10,17.2,10.1,24.1,19360,2.3,1.29,2.1
2020-05-11,6.8,0.6,12.5,11480,8.1,0.66,3.7
2020-05-12,6.8,0.3,11.4,18259,0.0,0.63,2.4
2020-05-13,9.4,5.1,14.2,14834,0.0,0.87,2.0
2020-05-14,8.7,2.5,14.1,18517,0.2,0.75,2.5
2020-05-15,9.0,-0.1,15.1,21459,0.0,0.65,2.6
2020-05-16,12.0,6.1,16.2,20271,0.0,0.95,2.4
2020-05-17,13.6,8.4,18.2,22468,0.0,1.1,2.5
2020-05-18,15.7,10.2,21.4,14611,0.0,1.25,2.3
2020-05-19,14.9,8.0,19.6,13529,0.0,1.09,2.3
2020-05-20,14.6,7.2,20.4,25551,0.0,1.06,1.6
2020-05-21,14.8,4.8,21.9,28641,0.0,0.94,1.5
2020-05-22,17.1,9.4,22.3,16194,3.8,1.22,2.1
2020-05-23,15.3,8.4,18.7,12319,0.0,1.11,2.8
2020-05-24,12.6,8.0,16.2,17551,7.3,1.06,3.5
2020-05-25,12.2,9.3,14.3,11004,0.1,1.13,3.1
2020-05-26,14.2,6.7,20.3,21823,0.0,1.03,1.6
2020-05-27,15.8,5.7,21.9,22502,0.2,0.97,1.9
2020-05-28,14.7,8.1,20.3,26230,0.0,1.11,2.7
2020-05-29,13.9,4.8,20.6,21568,0.0,0.92,2.1
2020-05-30,13.4,6.4,18.0,22369,0.0,0.98,2.5
2020-05-31,14.8,6.6,22.1,23679,0.0,1.04,2.7
2020-06-01,16.3,5.7,24.2,30723,0.0,1.0,2.4
2020-06-02,18.9,7.6,27.2,29230,0.0,1.16,1.7
2020-06-03,18.7,9.0,25.7,27096,0.0,1.22,1.9
2020-06-04,17.1,11.3,24.6,14364,12.4,1.37,2.2
2020-06-05,13.4,9.4,17.9,15153,3.8,1.16,3.4
2020-06-06,12.3,8.0,17.3,20157,1.0,1.07,3.2
2020-06-07,14.3,8.3,18.7,13662,0.0,1.11,2.3
2020-06-08,15.5,7.6,21.2,24928,0.0,1.09,1.5
2020-06-09,16.9,8.7,22.0,19962,0.0,1.17,1.9
2020-06-10,16.1,10.6,21.7,21257,9.9,1.3,2.1
2020-06-11,16.1,13.5,19.1,10783,2.1,1.5,2.0
2020-06-12,19.6,13.7,25.8,16552,0.2,1.59,2.5
2020-06-13,20.7,17.0,29.6,17586,13.2,1.98,2.4
2020-06-14,20.1,14.6,26.0,16700,0.0,1.68,2.7
2020-06-15,19.5,12.8,24.7,26689,0.0,1.51,2.0
2020-06-16,19.7,11.4,25.8,27079,0.0,1.4,1.4
2020-06-17,22.1,12.8,27.9,29259,0.0,1.54,1.7
2020-06-18,19.5,16.1,26.1,12880,4.8,1.82,2.2
2020-06-19,17.3,15.2,20.1,11985,5.5,1.67,2.3
2020-06-20,17.0,14.4,18.8,12112,3.3,1.6,2.5
2020-06-21,17.9,13.2,23.4,21578,0.0,1.52,2.0
2020-06-22,18.6,11.1,24.7,25667,0.0,1.37,2.2
2020-06-23,18.3,10.3,24.9,31159,0.0,1.32,1.8
2020-06-24,19.9,10.8,25.5,25010,0.0,1.37,2.1
2020-06-25,22.2,16.8,28.0,21292,0.0,1.94,2.4
2020-06-26,21.8,17.0,29.7,22813,12.9,1.99,2.0
2020-06-27,23.1,15.6,30.6,25098,0.2,1.85,2.1
2020-06-28,20.8,15.1,25.5,15247,8.2,1.72,2.5
2020-06-29,17.5,12.6,23.2,20849,2.4,1.46,2.5
2020-06-30,18.0,13.9,22.5,21212,0.0,1.57,3.5
2020-07-01,18.9,15.4,21.7,12900,1.8,1.72,2.8
2020-07-02,18.9,15.0,23.7,19383,0.2,1.69,2.3
2020-07-03,18.4,15.0,23.2,20634,0.0,1.68,2.4
2020-07-04,20.3,14.1,24.4,20480,0.0,1.61,3.3
2020-07-05,22.0,18.2,26.9,14087,0.1,2.06,4.0
2020-07-06,16.5,11.1,20.8,21567,0.4,1.32,4.0
2020-07-07,15.0,10.0,21.1,19246,0.1,1.25,2.5
2020-07-08,14.9,12.2,18.7,11719,0.0,1.4,2.0
2020-07-09,16.0,12.5,19.9,10675,8.2,1.43,2.1
2020-07-10,17.0,10.6,25.1,14196,4.6,1.34,2.9
2020-07-11,14.6,9.1,20.8,20498,0.0,1.17,2.2
2020-07-12,15.2,8.5,21.4,22863,0.0,1.13,1.9
2020-07-13,17.2,8.6,24.1,26865,0.0,1.17,1.6
2020-07-14,20.4,9.7,29.1,23023,0.6,1.33,1.7
2020-07-15,15.3,13.9,17.6,10352,6.7,1.53,1.7
2020-07-16,16.2,10.9,21.3,16997,0.0,1.3,1.7
2020-07-17,16.2,9.3,21.7,15943,0.3,1.21,1.5
2020-07-18,20.0,11.0,27.3,25833,0.0,1.41,1.3
2020-07-19,23.0,13.2,30.3,21752,0.0,1.63,1.5
2020-07-20,18.4,11.9,23.7,19813,2.2,1.43,2.2
2020-07-21,16.3,9.2,23.8,25142,0.0,1.21,2.1
2020-07-22,16.3,9.3,22.8,22073,0.5,1.2,1.8
2020-07-23,17.6,12.5,23.6,22009,0.0,1.46,1.6
2020-07-24,20.1,11.7,28.1,20945,0.0,1.48,2.4
2020-07-25,19.9,12.5,27.4,17393,0.0,1.53,1.9
2020-07-26,17.7,14.9,23.2,14224,16.0,1.68,2.5
2020-07-27,19.6,12.2,25.9,18383,0.0,1.48,1.9
2020-07-28,21.7,14.3,27.4,19553,0.0,1.66,3.3
2020-07-29,17.6,11.4,23.1,19233,0.0,1.38,2.8
2020-07-30,16.8,10.0,23.6,22859,0.0,1.26,1.8
2020-07-31,19.3,10.9,26.3,25483,0.0,1.37,1.6
2020-08-01,22.2,13.4,29.4,24778,0.0,1.63,2.0
2020-08-02,19.6,16.2,22.4,9741,6.8,1.8,1.9
2020-08-03,17.5,12.5,22.8,18360,0.0,1.46,1.9
2020-08-04,16.8,10.5,23.0,18644,0.0,1.31,1.8
2020-08-05,19.7,10.4,27.7,27194,0.0,1.37,1.9
2020-08-06,22.3,13.5,29.9,26964,0.0,1.64,1.7
2020-08-07,24.3,14.2,32.1,25040,0.0,1.76,1.6
2020-08-08,27.0,18.3,35.2,24329,0.0,2.22,1.4
2020-08-09,25.7,18.3,35.2,21695,5.8,2.22,1.7
2020-08-10,24.0,17.9,31.1,18954,0.0,2.1,2.0
2020-08-11,24.4,15.9,31.9,25073,0.0,1.9,2.3
2020-08-12,24.2,16.2,31.1,25669,0.0,1.91,2.3
2020-08-13,23.4,14.5,31.0,15571,0.5,1.75,2.0
2020-08-14,23.5,17.1,28.9,12285,0.0,1.99,1.7
2020-08-15,23.5,14.6,30.8,23642,0.0,1.77,1.4
2020-08-16,24.2,16.5,30.9,24458,0.0,1.93,1.8
2020-08-17,24.5,17.5,31.3,22689,1.7,2.07,1.8
2020-08-18,20.7,17.0,26.1,12651,0.5,1.91,1.8
2020-08-19,20.3,14.9,27.3,18021,0.0,1.73,1.5
2020-08-20,23.4,15.2,31.3,18025,0.0,1.83,1.9
2020-08-21,26.1,17.3,35.4,17911,0.4,2.12,2.2
2020-08-22,22.9,16.2,27.4,12634,1.6,1.87,2.7
2020-08-23,19.8,15.7,25.1,17107,0.0,1.76,3.0
2020-08-24,17.5,13.8,22.4,15286,0.1,1.56,2.3
2020-08-25,17.4,13.1,22.6,14271,1.9,1.51,2.2
2020-08-26,16.7,14.9,19.1,9321,6.2,1.64,5.1
2020-08-27,15.8,11.0,19.1,12823,0.0,1.3,2.7
2020-08-28,16.6,11.8,21.7,9487,0.3,1.39,2.4
2020-08-29,17.2,11.9,23.6,14059,0.0,1.42,2.1
2020-08-30,17.2,10.0,24.4,13615,4.4,1.29,1.8
2020-08-31,16.7,10.7,22.3,13065,0.0,1.31,1.8
2020-09-01,14.6,8.6,19.8,14919,0.0,1.13,1.7
2020-09-02,14.6,10.8,19.5,9804,0.4,1.28,1.5
2020-09-03,16.7,10.8,22.6,15537,7.9,1.31,2.2
2020-09-04,18.0,15.2,22.5,13906,3.2,1.69,2.3
2020-09-05,15.1,12.6,17.1,7599,1.7,1.41,2.3
2020-09-06,14.1,10.2,18.6,15993,0.0,1.24,1.9
2020-09-07,14.3,10.9,19.1,15961,0.0,1.28,1.7
2020-09-08,16.7,10.5,22.5,9229,0.0,1.3,2.4
2020-09-09,19.2,13.9,24.5,9755,1.0,1.59,2.4
2020-09-10,13.7,8.2,18.4,13164,0.0,1.09,1.8
2020-09-11,15.4,8.4,22.2,16730,0.0,1.15,1.4
2020-09-12,17.0,8.1,26.2,17901,0.0,1.19,2.1
2020-09-13,17.1,10.3,24.9,17434,0.0,1.32,1.9
2020-09-14,20.2,10.6,29.6,17774,0.0,1.41,1.5
2020-09-15,22.7,15.3,31.5,17907,0.0,1.84,1.3
2020-09-16,20.7,13.9,29.4,13880,0.0,1.68,1.9
2020-09-17,13.6,5.6,18.8,17370,0.0,0.94,2.7
2020-09-18,11.2,2.3,20.1,17590,0.0,0.8,2.2
2020-09-19,12.7,2.6,21.4,15387,0.0,0.82,1.8
2020-09-20,14.5,5.3,23.7,17050,0.0,0.97,1.7
2020-09-21,15.6,5.2,25.2,16686,0.0,1.0,1.2
2020-09-22,16.8,7.8,26.3,16042,0.0,1.16,1.2
2020-09-23,18.1,12.0,25.7,12134,0.0,1.46,1.9
2020-09-24,16.7,12.3,21.7,9217,10.0,1.43,2.8
2020-09-25,12.9,9.9,15.7,7634,2.5,1.19,2.6
2020-09-26,9.9,8.8,10.8,5349,19.6,1.09,3.0
2020-09-27,9.6,7.0,12.2,5268,0.8,0.97,2.1
2020-09-28,12.7,9.3,18.0,14575,0.0,1.16,1.5
2020-09-29,12.7,8.7,18.8,9537,0.0,1.14,1.6
2020-09-30,12.4,5.7,19.9,14066,0.0,0.96,1.4
2020-10-01,11.8,3.8,17.9,9991,0.0,0.84,2.0
2020-10-02,13.7,8.1,17.6,5991,0.0,1.08,2.9
2020-10-03,16.9,10.7,21.3,9822,0.0,1.3,3.3
2020-10-04,13.0,5.4,18.1,9526,0.0,0.92,2.9
2020-10-05,10.4,5.5,12.4,4890,0.7,0.89,2.7
2020-10-06,11.9,5.6,16.0,5638,0.3,0.91,3.5
2020-10-07,12.5,8.0,14.9,6288,1.5,1.05,3.2
2020-10-08,12.2,6.3,14.4,5708,7.4,0.95,3.5
2020-10-09,12.7,8.0,14.9,4818,0.7,1.05,2.2
2020-10-10,10.1,2.6,12.9,6721,0.3,0.75,2.6
2020-10-11,8.0,1.4,12.0,7249,0.0,0.69,2.0
2020-10-12,8.2,0.7,11.5,6600,0.0,0.65,1.6
2020-10-13,7.5,-0.4,12.1,5427,1.2,0.61,1.6
2020-10-14,10.1,7.2,10.7,3975,5.8,0.98,3.4
2020-10-15,9.8,6.7,10.8,3905,0.5,0.94,2.7
2020-10-16,8.7,4.2,11.2,3984,0.3,0.81,2.1
2020-10-17,9.1,3.8,12.0,6113,0.1,0.79,1.4
2020-10-18,7.7,3.3,9.3,3771,0.7,0.76,2.3
2020-10-19,8.3,3.1,11.1,4492,0.0,0.75,1.7
2020-10-20,8.4,1.6,11.7,4132,3.8,0.69,2.4
2020-10-21,12.5,7.7,17.5,3500,0.7,1.05,2.9
2020-10-22,16.4,12.1,18.8,6341,0.0,1.38,3.0
2020-10-23,13.3,9.0,15.3,4193,13.6,1.13,2.0
2020-10-24,13.1,7.7,16.6,6551,0.0,1.04,2.8
2020-10-25,12.7,7.5,16.3,6251,0.0,1.03,2.8
2020-10-26,11.0,6.7,12.6,3254,0.4,0.95,2.4
2020-10-27,9.4,4.7,12.6,4822,0.0,0.84,3.1
2020-10-28,10.4,6.0,14.2,4678,2.0,0.92,3.4
2020-10-29,10.0,5.6,11.4,4982,2.3,0.89,3.5
2020-10-30,11.5,5.5,13.8,2956,9.1,0.89,3.3
2020-10-31,13.7,9.3,15.1,2900,1.6,1.14,2.2
2020-11-01,12.8,10.2,15.2,3336,10.8,1.2,2.9
2020-11-02,16.9,14.4,20.3,4607,2.5,1.61,4.0
2020-11-03,11.5,8.7,14.5,5907,0.0,1.1,2.7
2020-11-04,8.3,4.7,10.9,7411,0.0,0.83,2.3
2020-11-05,7.4,3.6,10.8,6545,0.0,0.78,2.2
2020-11-06,8.8,8.1,9.5,2590,0.0,1.04,1.8
2020-11-07,7.0,1.6,11.3,5272,0.0,0.69,1.7
2020-11-08,4.9,0.5,11.0,6710,0.0,0.64,1.4
2020-11-09,5.8,4.8,6.2,2449,0.0,0.82,1.8
2020-11-10,5.4,4.1,6.2,2404,0.0,0.79,1.8
2020-11-11,6.2,5.5,7.0,2361,0.0,0.87,1.6
2020-11-12,8.0,5.6,11.2,4408,0.4,0.88,2.3
2020-11-13,7.9,4.3,11.7,5136,0.1,0.82,2.0
2020-11-14,11.0,8.2,14.3,2656,0.0,1.06,2.0
2020-11-15,10.0,7.6,13.8,4836,0.7,1.02,3.1
2020-11-16,9.9,7.1,12.2,3643,0.0,0.98,3.5
2020-11-17,10.1,6.8,11.5,2376,0.4,0.96,3.0
2020-11-18,10.7,7.6,12.1,2088,0.0,1.01,2.7
2020-11-19,8.8,3.1,12.0,2498,0.2,0.76,4.0
2020-11-20,3.1,0.4,6.0,4320,0.0,0.61,2.2
2020-11-21,3.7,-0.8,7.3,2182,0.0,0.57,3.0
2020-11-22,8.1,6.0,10.6,3011,0.1,0.91,2.8
2020-11-23,5.9,3.7,8.3,4441,0.0,0.78,2.4
2020-11-24,3.2,-0.1,8.2,2885,0.0,0.6,2.4
2020-11-25,0.9,-0.6,3.0,1871,0.0,0.56,2.2
2020-11-26,4.8,-0.5,7.5,1844,0.9,0.59,1.9
2020-11-27,5.6,3.3,6.9,1865,0.0,0.74,1.4
2020-11-28,3.1,0.5,4.6,1795,0.0,0.61,1.8
2020-11-29,2.0,-0.9,4.3,2041,0.4,0.55,1.8
2020-11-30,2.0,1.3,2.6,1750,0.0,0.65,2.1
2020-12-01,2.5,-0.2,3.6,1729,0.0,0.58,2.0
2020-12-02,-0.6,-3.5,2.7,3900,0.0,0.46,1.8
2020-12-03,-0.7,-2.5,1.2,1691,0.0,0.49,3.0
2020-12-04,0.7,-1.7,3.2,1889,0.0,0.52,3.0
2020-12-05,2.8,0.5,6.7,2601,0.0,0.62,2.0
2020-12-06,6.6,1.8,10.4,2068,0.0,0.69,1.9
2020-12-07,5.5,0.1,8.4,1967,0.0,0.61,2.4
2020-12-08,3.6,0.9,6.9,3809,0.1,0.63,1.8
2020-12-09,2.0,1.3,2.8,1603,0.1,0.65,1.8
2020-12-10,-0.2,-0.7,1.4,1592,0.0,0.56,1.6
2020-12-11,0.0,-0.9,1.5,1582,0.0,0.55,2.8
2020-12-12,1.1,-0.7,2.8,2238,0.0,0.56,2.2
2020-12-13,2.7,1.7,4.0,1566,0.0,0.66,1.8
2020-12-14,5.3,1.9,7.8,1766,0.0,0.69,2.6
2020-12-15,5.8,4.2,8.1,1678,0.3,0.8,2.2
2020-12-16,7.6,5.2,9.0,2043,0.0,0.85,1.9
2020-12-17,5.8,2.8,9.2,2573,1.2,0.74,2.6
2020-12-18,5.5,1.6,8.9,4087,0.0,0.68,2.3
2020-12-19,3.4,1.0,7.3,4372,0.0,0.64,2.7
2020-12-20,4.0,2.2,5.8,2364,1.7,0.69,2.3
2020-12-21,4.9,3.3,7.4,3883,6.5,0.75,2.7
2020-12-22,9.2,5.7,13.8,1630,1.6,0.91,3.8
2020-12-23,7.0,5.8,11.0,1551,3.7,0.89,2.2
2020-12-24,6.2,2.8,10.9,1597,2.0,0.74,3.4
2020-12-25,2.3,0.4,3.9,1603,0.0,0.6,2.4
2020-12-26,0.9,-1.6,2.9,1568,0.0,0.52,3.0
2020-12-27,1.7,0.8,2.8,1742,0.0,0.62,5.0
2020-12-28,2.3,0.2,4.2,2044,3.1,0.6,2.6
2020-12-29,1.8,0.0,3.8,2433,0.0,0.59,2.6
2020-12-30,2.0,-0.5,5.2,3794,0.0,0.57,2.7
2020-12-31,2.2,0.5,3.9,2549,0.8,0.61,2.4
2021-01-01,2.1,0.8,3.8,1872,0.4,0.62,1.4
2021-01-02,2.0,0.3,3.7,1674,0.0,0.6,1.6
2021-01-03,0.6,-0.4,1.5,1646,3.0,0.57,2.6
2021-01-04,0.7,0.1,1.1,1662,0.7,0.59,2.6
2021-01-05,1.8,0.5,3.3,1678,0.6,0.61,2.6
2021-01-06,1.8,0.6,3.3,1696,0.5,0.61,2.2
2021-01-07,0.9,0.1,1.5,1715,0.0,0.59,2.1
2021-01-08,0.7,-0.1,1.7,1735,0.2,0.58,2.1
2021-01-09,1.2,-0.2,2.4,1757,0.1,0.58,1.6
2021-01-10,0.2,-1.0,1.5,1869,0.1,0.54,1.9
2021-01-11,0.9,-0.3,2.0,1802,1.8,0.57,3.2
2021-01-12,1.8,0.1,3.6,1873,1.1,0.59,4.0
2021-01-13,1.5,-0.2,3.9,1853,2.0,0.58,4.2
2021-01-14,1.3,-0.3,2.6,2441,0.0,0.57,2.9
2021-01-15,-0.5,-2.9,1.0,1908,0.0,0.48,2.2
2021-01-16,-1.7,-3.6,-0.7,1985,0.0,0.45,2.1
2021-01-17,-3.0,-5.6,-0.5,2305,0.0,0.39,1.6
2021-01-18,-0.6,-5.3,3.0,1999,3.6,0.41,2.9
2021-01-19,2.6,0.0,6.2,2032,8.6,0.6,3.8
2021-01-20,5.8,2.9,8.1,2115,0.0,0.73,3.6
2021-01-21,7.9,4.4,12.3,3358,1.3,0.83,4.4
2021-01-22,6.5,1.0,10.7,2289,0.3,0.66,3.5
2021-01-23,1.2,-0.4,3.4,2174,0.0,0.57,2.1
2021-01-24,0.6,-0.8,1.6,2212,1.8,0.56,2.4
2021-01-25,0.6,-0.5,1.3,2252,0.0,0.57,1.8
2021-01-26,0.6,-1.7,2.9,4692,0.0,0.52,3.0
2021-01-27,1.5,-1.1,4.7,4978,1.0,0.55,2.5
2021-01-28,1.4,-2.2,3.9,2487,0.4,0.5,2.6
2021-01-29,-1.2,-2.4,0.5,2422,3.0,0.49,3.5
2021-01-30,-1.7,-8.7,1.0,5041,0.0,0.32,2.6
2021-01-31,-8.1,-13.6,-2.0,7045,0.0,0.22,2.1
2021-02-01,-3.2,-8.8,0.2,4052,0.2,0.31,2.2
2021-02-02,0.2,-1.2,1.4,2610,1.3,0.54,2.3
2021-02-03,3.4,0.4,7.6,2895,13.5,0.62,3.3
2021-02-04,0.7,-0.1,1.8,2711,0.3,0.58,2.8
2021-02-05,0.0,-1.4,1.0,2763,1.9,0.53,2.4
2021-02-06,-1.8,-4.2,-0.5,2817,0.0,0.43,3.9
2021-02-07,-5.6,-7.4,-3.9,2871,0.2,0.34,4.8
2021-02-08,-8.4,-11.3,-5.9,2926,1.0,0.25,3.6
2021-02-09,-9.3,-13.6,-7.6,2983,0.0,0.21,1.9
2021-02-10,-8.5,-12.1,-3.5,5412,0.1,0.24,2.3
2021-02-11,-4.8,-8.8,-2.0,5436,0.0,0.31,1.8
2021-02-12,-6.2,-10.2,-2.2,9336,0.0,0.28,2.3
2021-02-13,-7.4,-12.7,-1.5,7876,0.0,0.24,2.1
2021-02-14,-7.5,-10.4,-3.0,7860,0.0,0.27,2.0
2021-02-15,-5.4,-12.6,0.2,5388,1.9,0.24,2.7
2021-02-16,1.6,-1.7,3.6,3406,1.9,0.53,2.2
2021-02-17,4.9,1.3,7.3,3959,0.2,0.65,2.9
2021-02-18,6.1,2.6,9.9,7070,3.0,0.72,2.5
2021-02-19,5.7,0.9,9.7,9468,0.0,0.65,2.5
2021-02-20,6.2,0.2,12.7,9243,0.0,0.64,2.2
2021-02-21,8.8,3.8,16.2,10915,0.0,0.82,2.2
2021-02-22,6.3,0.5,12.9,11068,0.0,0.66,2.0
2021-02-23,10.8,4.6,18.0,8224,0.0,0.89,2.0
2021-02-24,12.9,6.9,19.0,9709,0.0,1.02,2.2
2021-02-25,11.7,6.0,18.5,10460,2.5,0.97,2.1
2021-02-26,7.5,3.2,9.5,4788,0.0,0.75,2.4
2021-02-27,4.6,1.6,6.1,4163,0.0,0.67,2.3
2021-02-28,2.8,0.0,4.6,4237,0.0,0.59,2.0
2021-03-01,3.6,-1.6,7.9,8559,0.0,0.55,1.6
2021-03-02,1.2,-2.7,8.1,8518,0.0,0.51,1.4
2021-03-03,6.1,-2.0,14.4,11095,0.0,0.57,1.6
2021-03-04,3.1,1.6,6.1,4538,0.2,0.67,2.4
2021-03-05,1.3,-2.4,5.8,13061,0.0,0.51,2.4
2021-03-06,1.2,-2.5,3.8,6383,0.0,0.5,2.3
2021-03-07,2.6,0.3,5.0,5112,0.2,0.61,2.5
2021-03-08,1.3,-2.4,5.9,13901,0.0,0.51,1.6
2021-03-09,0.8,-3.1,6.5,11545,0.0,0.49,1.6
2021-03-10,1.9,-4.9,7.9,13272,1.4,0.44,2.2
2021-03-11,6.4,2.5,13.3,7396,4.7,0.75,5.2
2021-03-12,7.0,4.0,9.8,8215,0.7,0.79,5.0
2021-03-13,5.8,3.7,10.2,5973,5.2,0.78,5.4
2021-03-14,4.9,3.3,7.8,6335,1.9,0.75,4.2
2021-03-15,4.5,2.2,7.0,6702,3.1,0.7,3.6
2021-03-16,4.3,0.9,7.4,10234,0.0,0.64,3.2
2021-03-17,1.8,-1.8,6.5,7264,2.4,0.53,2.0
2021-03-18,2.0,-1.8,7.1,7834,0.4,0.53,1.6
2021-03-19,0.0,-3.6,3.9,7935,0.3,0.46,2.5
2021-03-20,0.9,-2.9,3.7,9094,0.0,0.48,2.4
2021-03-21,5.3,0.8,10.2,9883,0.1,0.65,3.7
2021-03-22,4.6,0.1,9.4,13518,0.4,0.62,2.4
2021-03-23,5.5,3.9,7.2,6073,0.0,0.77,2.0
2021-03-24,7.6,4.2,12.9,10825,0.0,0.82,1.8
2021-03-25,8.0,0.8,14.2,13446,0.5,0.68,1.7
2021-03-26,9.5,5.3,14.8,11970,0.1,0.89,2.2
2021-03-27,5.9,1.9,10.2,9555,3.6,0.69,4.0
2021-03-28,7.2,1.4,11.8,10275,0.5,0.68,3.1
2021-03-29,13.8,8.8,20.1,12137,0.0,1.15,2.9
2021-03-30,14.0,6.6,21.5,19005,0.0,1.03,1.7
2021-03-31,13.9,3.3,23.6,19276,0.0,0.88,1.3
2021-04-01,10.6,4.6,16.5,8188,0.0,0.87,2.5
2021-04-02,5.2,-0.5,10.9,12091,0.4,0.61,3.1
2021-04-03,4.7,-1.8,9.8,16575,0.0,0.55,2.8
2021-04-04,4.0,-3.6,9.9,16289,0.0,0.49,2.5
2021-04-05,3.5,-0.6,5.9,10709,2.5,0.58,4.8
2021-04-06,1.2,-1.6,6.6,13960,1.4,0.54,4.0
2021-04-07,2.6,0.1,6.0,9495,1.0,0.6,4.3
2021-04-08,4.0,1.6,7.1,9149,0.0,0.67,3.5
2021-04-09,7.4,0.0,12.8,15312,1.1,0.64,3.0
2021-04-10,6.7,3.4,10.3,9329,7.1,0.76,2.0
2021-04-11,10.1,2.7,18.6,11650,1.8,0.79,3.0
2021-04-12,4.4,0.6,8.1,11525,0.2,0.63,2.7
2021-04-13,4.0,-0.3,9.3,16697,0.0,0.6,2.6
2021-04-14,3.9,-0.3,8.7,15460,0.0,0.59,2.1
2021-04-15,3.8,-1.1,8.2,11474,0.0,0.56,2.3
2021-04-16,6.9,3.7,11.4,14657,0.1,0.78,2.4
2021-04-17,8.6,4.8,13.4,11430,0.5,0.85,2.1
2021-04-18,6.7,3.1,11.4,8981,3.7,0.76,1.6
2021-04-19,9.1,4.0,16.6,14856,0.0,0.84,1.7
2021-04-20,9.8,1.7,17.6,22526,0.0,0.74,1.6
2021-04-21,9.5,2.6,17.0,19501,0.0,0.78,2.6
2021-04-22,7.1,3.5,11.2,13750,0.0,0.77,3.6
2021-04-23,7.7,2.4,13.5,19026,0.0,0.74,2.6
2021-04-24,6.5,1.6,12.0,17127,0.0,0.69,2.3
2021-04-25,5.7,-0.4,10.7,16635,0.0,0.6,2.4
2021-04-26,4.3,-2.6,10.0,20186,0.0,0.52,2.1
2021-04-27,6.4,-3.0,12.8,25672,0.0,0.53,2.5
2021-04-28,10.6,-0.1,17.5,23518,0.4,0.66,2.2
2021-04-29,9.8,7.2,16.0,13046,3.2,1.01,3.0
2021-04-30,7.9,4.5,10.1,9384,0.0,0.82,1.9
2021-05-01,8.8,4.3,13.2,13566,0.0,0.82,1.7
2021-05-02,8.2,5.8,12.3,10487,2.4,0.91,2.7
2021-05-03,6.7,2.8,11.1,15179,0.1,0.74,2.8
2021-05-04,10.0,3.3,15.1,12939,1.6,0.8,5.1
2021-05-05,8.4,4.9,13.4,15212,0.7,0.87,5.1
2021-05-06,7.5,3.3,12.0,21052,0.7,0.77,3.1
2021-05-07,5.2,2.5,9.7,13517,6.7,0.72,3.0
2021-05-08,9.2,3.0,14.4,17774,0.0,0.77,2.4
2021-05-09,18.3,9.8,26.1,24396,0.0,1.29,3.0
2021-05-10,20.7,13.7,29.6,25969,0.0,1.66,2.6
2021-05-11,18.2,12.7,25.6,18120,11.0,1.5,2.3
2021-05-12,12.6,11.6,14.3,9740,4.9,1.32,2.5
2021-05-13,11.0,10.5,11.7,9793,8.6,1.22,2.2
2021-05-14,9.6,7.6,10.8,9845,1.2,1.01,2.2
2021-05-15,12.1,5.2,18.3,20766,1.5,0.91,2.3
2021-05-16,11.8,6.3,17.2,16077,0.2,0.96,2.4
2021-05-17,12.7,8.0,18.3,16636,0.1,1.08,2.6
2021-05-18,11.2,7.8,14.6,12299,2.2,1.03,2.5
2021-05-19,12.1,8.4,16.9,24291,0.4,1.09,2.2
2021-05-20,12.2,9.2,16.8,20453,0.1,1.15,2.3
2021-05-21,14.6,9.1,20.6,21266,1.1,1.18,3.6
2021-05-22,12.0,7.7,16.4,16273,0.7,1.05,4.2
2021-05-23,11.5,8.4,16.3,15942,0.4,1.09,3.0
2021-05-24,15.0,6.1,20.9,25980,1.1,0.99,2.7
2021-05-25,12.0,9.6,14.9,16411,1.9,1.16,3.7
2021-05-26,11.8,9.3,14.9,15693,1.3,1.15,3.4
2021-05-27,11.6,9.0,14.7,13577,2.0,1.11,3.1
2021-05-28,11.9,7.8,16.4,19328,1.3,1.05,2.1
2021-05-29,11.1,6.1,16.3,16318,0.0,0.95,2.1
2021-05-30,13.8,7.2,19.7,29326,0.0,1.04,2.1
2021-05-31,13.9,3.1,21.6,30005,0.0,0.85,1.8
2021-06-01,16.7,8.7,23.5,21642,0.0,1.19,1.9
2021-06-02,17.8,9.9,25.1,27410,0.0,1.28,2.2
2021-06-03,21.2,14.3,26.9,28083,0.2,1.66,2.0
2021-06-04,19.9,15.8,24.8,21100,0.0,1.77,1.6
2021-06-05,21.3,13.6,28.0,26616,0.0,1.63,1.9
2021-06-06,20.3,13.4,27.2,21793,0.1,1.59,1.9
2021-06-07,19.8,11.4,26.3,29992,0.0,1.41,1.8
2021-06-08,20.0,13.0,25.9,28612,0.0,1.55,1.6
2021-06-09,20.1,10.4,26.7,30169,0.0,1.33,1.4
2021-06-10,21.1,13.8,26.9,26099,0.0,1.61,1.5
2021-06-11,21.3,14.5,26.7,21513,0.0,1.68,1.7
2021-06-12,18.1,12.8,21.7,16284,0.1,1.47,3.2
2021-06-13,14.8,10.1,20.7,18471,0.0,1.25,2.7
2021-06-14,19.4,8.4,26.9,29486,0.0,1.21,1.8
2021-06-15,19.0,13.3,23.7,19899,0.0,1.54,1.7
2021-06-16,20.8,11.5,28.2,29505,0.0,1.45,1.7
2021-06-17,26.5,18.1,33.9,30279,0.0,2.17,2.1
2021-06-18,27.7,19.8,34.6,30411,0.0,2.38,1.8
2021-06-19,27.6,18.9,34.3,27085,0.0,2.28,1.9
2021-06-20,26.7,19.9,33.1,20943,1.5,2.36,2.4
2021-06-21,24.0,19.1,29.7,23117,0.0,2.23,2.7
2021-06-22,17.6,12.1,22.5,12878,0.0,1.43,2.3
2021-06-23,15.2,11.4,18.5,14793,0.1,1.32,1.8
2021-06-24,16.4,11.4,20.3,10823,0.3,1.34,1.6
2021-06-25,19.2,14.8,23.2,17082,0.0,1.68,1.6
2021-06-26,19.7,11.6,26.1,23721,0.0,1.42,1.3
2021-06-27,20.6,11.3,27.4,29842,0.0,1.42,1.6
2021-06-28,24.2,12.8,30.6,23821,0.0,1.58,1.8
2021-06-29,22.6,16.0,26.5,14991,4.7,1.82,1.9
2021-06-30,17.1,16.0,18.2,10763,65.2,1.76,2.6
2021-07-01,15.5,14.0,16.6,10748,4.7,1.53,2.8
2021-07-02,19.2,14.7,24.4,23743,0.0,1.68,2.1
2021-07-03,19.0,13.5,24.1,27416,0.0,1.55,1.5
2021-07-04,21.4,12.9,27.3,27005,0.0,1.56,1.6
2021-07-05,19.5,15.5,24.3,18315,1.9,1.75,2.0
2021-07-06,22.2,16.1,28.7,20070,2.3,1.87,2.7
2021-07-07,18.8,16.3,22.6,18005,1.7,1.82,1.7
2021-07-08,18.5,15.1,21.6,12127,1.4,1.68,1.5
2021-07-09,16.3,14.4,18.6,10575,22.4,1.59,2.3
2021-07-10,19.0,14.5,25.1,21083,0.0,1.67,1.9
2021-07-11,22.4,15.5,28.0,26245,0.0,1.8,1.8
2021-07-12,21.1,15.9,26.4,13782,0.0,1.81,1.8
2021-07-13,23.5,15.1,29.7,23622,0.8,1.8,2.0
2021-07-14,21.0,14.8,24.5,16747,0.0,1.69,2.2
2021-07-15,21.4,14.1,28.1,24413,0.0,1.68,1.7
2021-07-16,22.9,16.9,29.0,21712,6.2,1.96,2.1
2021-07-17,22.9,17.5,29.9,19267,0.0,2.05,2.7
2021-07-18,21.3,15.1,26.9,25892,0.0,1.74,2.6
2021-07-19,17.2,12.5,20.1,11872,0.0,1.43,2.2
2021-07-20,17.6,13.9,21.7,16225,0.0,1.57,1.8
2021-07-21,17.8,13.0,22.1,11533,0.0,1.5,1.7
2021-07-22,18.8,14.3,23.5,14119,0.0,1.63,1.5
2021-07-23,18.6,12.9,24.9,23825,0.0,1.51,1.3
2021-07-24,22.5,12.2,29.4,22509,0.0,1.52,2.0
2021-07-25,23.9,18.2,30.4,19573,0.0,2.12,1.8
2021-07-26,23.1,17.7,29.0,14530,0.0,2.05,1.6
2021-07-27,22.7,17.5,27.5,21680,0.0,1.98,2.0
2021-07-28,19.7,16.7,24.7,15654,2.1,1.88,2.5
2021-07-29,20.0,13.9,24.5,23267,0.0,1.59,3.4
2021-07-30,20.2,13.3,26.5,26524,0.0,1.57,2.5
2021-07-31,19.7,15.9,23.2,17927,0.0,1.77,3.3
2021-08-01,17.2,13.3,22.0,14409,9.6,1.52,2.2
2021-08-02,16.8,11.8,22.4,18271,0.0,1.39,2.4
2021-08-03,17.3,10.8,22.4,13784,0.1,1.32,1.5
2021-08-04,17.6,13.9,22.5,14815,1.6,1.57,1.4
2021-08-05,17.8,12.7,24.2,16206,0.0,1.48,1.7
2021-08-06,18.3,13.5,26.3,17952,4.0,1.59,2.4
2021-08-07,18.7,13.4,24.1,18839,0.2,1.54,2.2
2021-08-08,18.0,11.9,23.3,17904,0.0,1.4,3.1
2021-08-09,16.5,10.5,23.3,15886,0.2,1.3,2.3
2021-08-10,17.5,12.2,23.6,16404,2.2,1.43,2.0
2021-08-11,17.6,12.2,24.1,19794,0.0,1.44,1.5
2021-08-12,20.8,13.7,27.2,21965,0.0,1.6,1.3
2021-08-13,23.4,16.3,29.5,20308,0.5,1.91,2.0
2021-08-14,21.4,15.1,27.5,23290,0.0,1.75,2.1
2021-08-15,20.5,13.6,26.5,21515,0.0,1.61,1.8
2021-08-16,18.0,11.0,25.2,14326,7.4,1.38,3.5
2021-08-17,14.8,11.1,18.6,9183,0.8,1.3,3.8
2021-08-18,16.6,12.4,20.1,11568,0.1,1.42,3.2
2021-08-19,17.8,14.1,21.3,9269,2.0,1.57,2.6
2021-08-20,17.4,13.5,21.0,11052,0.8,1.51,1.7
2021-08-21,18.7,13.1,24.2,18372,0.0,1.52,1.3
2021-08-22,17.5,14.3,21.4,9962,10.0,1.61,2.1
2021-08-23,16.2,13.4,19.6,9422,0.0,1.51,2.5
2021-08-24,16.1,9.6,21.9,20305,0.0,1.22,2.1
2021-08-25,14.8,7.3,21.9,13012,3.6,1.08,2.4
2021-08-26,13.5,11.5,16.9,10084,10.0,1.31,2.8
2021-08-27,14.2,11.5,18.4,12137,0.9,1.34,2.5
2021-08-28,15.1,11.6,19.5,10806,1.7,1.34,2.1
2021-08-29,15.5,13.6,19.2,9152,26.4,1.51,2.2
2021-08-30,15.4,13.1,17.9,7735,3.7,1.46,2.4
2021-08-31,16.0,11.2,20.4,14277,0.0,1.32,2.3
2021-09-01,14.9,10.4,21.8,14052,0.0,1.28,1.8
2021-09-02,14.5,9.2,19.8,12299,0.0,1.18,1.6
2021-09-03,16.0,8.1,23.5,19899,0.0,1.15,1.8
2021-09-04,13.5,9.9,17.6,8954,0.0,1.2,1.5
2021-09-05,14.7,9.5,20.0,10151,0.0,1.2,1.6
2021-09-06,16.0,7.8,22.7,17623,0.0,1.11,1.2
2021-09-07,16.3,11.0,22.5,17795,0.0,1.33,1.1
2021-09-08,17.1,8.0,24.5,19858,0.0,1.14,1.6
2021-09-09,19.4,11.6,27.0,19588,0.0,1.43,1.7
2021-09-10,19.7,14.8,26.5,15473,13.1,1.7,1.6
2021-09-11,18.9,15.6,23.6,9550,9.5,1.76,1.9
2021-09-12,17.5,14.4,21.1,7807,0.0,1.62,1.8
2021-09-13,14.8,10.3,18.4,8735,0.0,1.23,1.5
2021-09-14,15.4,7.6,21.6,18041,0.0,1.09,1.5
2021-09-15,18.2,13.7,23.3,7735,2.3,1.57,1.9
2021-09-16,17.0,15.4,18.9,7443,0.0,1.69,2.5
2021-09-17,14.5,12.5,16.3,6957,0.0,1.4,2.0
2021-09-18,13.9,11.6,17.4,6378,0.2,1.32,1.8
2021-09-19,12.6,10.9,15.7,6585,0.0,1.27,2.1
2021-09-20,11.9,10.0,15.3,6595,0.0,1.2,1.5
2021-09-21,12.2,9.8,15.5,7370,0.0,1.17,1.8
2021-09-22,13.4,10.4,18.6,9652,0.0,1.24,1.9
2021-09-23,14.9,10.0,18.4,8218,0.4,1.22,3.5
2021-09-24,14.8,10.8,17.5,8115,0.0,1.27,2.9
2021-09-25,17.3,13.2,20.9,7364,0.0,1.5,1.7
2021-09-26,18.7,12.8,24.7,14339,0.1,1.51,1.6
2021-09-27,17.1,14.7,19.6,5531,1.1,1.62,1.9
2021-09-28,14.9,10.2,18.2,8155,0.3,1.23,1.6
2021-09-29,12.6,9.1,16.8,6887,8.0,1.14,2.7
2021-09-30,11.2,8.6,15.8,10157,0.0,1.09,3.1
2021-10-01,12.2,7.2,18.4,13101,0.0,1.03,2.6
2021-10-02,13.9,8.7,19.6,9991,0.0,1.14,2.5
2021-10-03,17.8,14.8,21.6,4872,0.0,1.64,3.5
2021-10-04,13.6,10.8,17.4,4879,0.8,1.26,2.0
2021-10-05,11.5,10.8,12.1,4716,17.1,1.25,2.2
2021-10-06,12.4,7.8,16.1,10403,0.0,1.05,2.5
2021-10-07,10.5,3.6,17.4,13244,0.0,0.82,1.2
2021-10-08,11.1,6.3,16.6,9970,0.0,0.97,1.8
2021-10-09,8.7,3.1,15.1,12915,0.0,0.78,2.0
2021-10-10,7.5,2.2,14.1,11789,0.0,0.73,1.4
2021-10-11,8.8,3.9,14.2,8227,2.3,0.81,2.1
2021-10-12,8.5,4.7,12.4,9052,0.0,0.84,2.5
2021-10-13,7.4,3.3,11.8,10634,1.8,0.77,1.9
2021-10-14,11.0,8.6,13.4,4123,2.5,1.09,2.6
2021-10-15,10.8,6.3,13.1,5492,0.9,0.94,2.8
2021-10-16,8.9,5.3,12.0,5630,0.0,0.87,1.7
2021-10-17,9.5,6.6,11.7,4058,1.4,0.95,1.6
2021-10-18,11.2,8.4,15.9,6113,0.0,1.09,1.8
2021-10-19,12.3,7.7,16.2,4641,0.0,1.04,2.6
2021-10-20,15.6,12.3,18.7,3775,0.5,1.4,3.8
2021-10-21,12.2,6.0,17.0,4557,6.2,0.95,5.4
2021-10-22,7.1,5.1,10.4,3500,2.7,0.86,4.3
2021-10-23,7.2,4.9,11.2,7517,0.0,0.85,2.3
2021-10-24,7.2,2.9,12.1,9797,0.0,0.75,2.0
2021-10-25,6.5,2.2,12.1,7362,0.0,0.72,1.9
2021-10-26,10.2,5.3,13.7,3516,0.0,0.89,2.4
2021-10-27,12.8,10.6,14.6,3715,0.0,1.23,2.6
2021-10-28,10.4,6.4,15.4,8924,0.0,0.96,2.1
2021-10-29,8.3,3.4,14.2,8538,0.0,0.79,2.3
2021-10-30,9.7,5.9,14.2,7778,0.0,0.92,2.4
2021-10-31,12.8,8.5,17.0,5467,0.0,1.1,2.7
2021-11-01,10.4,8.4,11.9,2900,0.1,1.06,2.6
2021-11-02,8.7,6.7,12.2,4561,0.0,0.96,1.7
2021-11-03,6.3,1.1,10.4,3579,0.0,0.66,1.6
2021-11-04,7.1,5.6,8.7,2740,38.8,0.87,2.9
2021-11-05,8.1,6.6,9.8,2807,0.1,0.94,2.5
2021-11-06,8.9,6.9,10.7,3280,0.0,0.96,3.0
2021-11-07,8.6,7.0,10.9,3799,2.6,0.97,4.0
2021-11-08,8.6,7.0,10.5,3736,0.3,0.97,2.2
2021-11-09,8.0,3.8,11.7,3844,0.0,0.79,2.0
2021-11-10,4.7,1.3,9.2,6003,0.0,0.66,1.5
2021-11-11,4.7,-0.5,7.8,2404,0.1,0.58,1.4
2021-11-12,6.6,2.8,9.0,2523,0.1,0.73,1.9
2021-11-13,4.9,2.5,8.2,4086,0.0,0.71,1.8
2021-11-14,5.7,3.4,6.9,2277,0.0,0.75,2.0
2021-11-15,5.5,4.9,6.0,2237,0.0,0.83,2.3
2021-11-16,5.6,4.5,6.7,2198,0.0,0.81,1.4
2021-11-17,5.4,3.7,7.4,2160,0.1,0.77,2.4
2021-11-18,8.1,5.4,10.0,2174,2.0,0.87,3.2
2021-11-19,11.5,9.4,12.8,2088,0.0,1.14,3.4
2021-11-20,10.8,9.4,11.7,2202,0.0,1.14,2.8
2021-11-21,7.6,3.5,9.5,2020,0.2,0.77,2.3
2021-11-22,3.3,0.7,5.7,5425,0.1,0.62,2.2
2021-11-23,5.3,0.7,7.0,1957,0.4,0.62,2.2
2021-11-24,6.8,5.7,7.4,1927,0.0,0.89,1.9
2021-11-25,4.8,3.7,6.1,2133,0.0,0.76,2.1
2021-11-26,4.3,1.7,5.9,2103,0.1,0.67,2.7
2021-11-27,1.8,0.0,3.5,1844,2.6,0.59,2.3
2021-11-28,1.6,-1.5,4.0,4284,0.2,0.53,1.4
2021-11-29,2.1,1.0,3.0,2247,0.4,0.63,2.4
2021-11-30,3.6,1.0,6.3,1772,3.6,0.64,5.1
2021-12-01,5.9,1.2,8.8,1750,3.5,0.66,5.2
2021-12-02,1.7,-2.1,5.1,4555,0.0,0.51,3.4
2021-12-03,0.7,-1.9,2.5,2980,0.8,0.51,3.7
2021-12-04,1.8,0.0,2.5,1691,3.6,0.59,2.7
2021-12-05,0.5,-0.2,0.9,1673,0.2,0.58,2.2
2021-12-06,0.2,-1.8,1.6,1700,0.0,0.52,2.0
2021-12-07,-0.4,-1.8,0.6,1770,0.0,0.52,2.9
2021-12-08,0.1,-0.7,1.1,1628,0.0,0.56,2.9
2021-12-09,-1.0,-2.4,-0.4,1615,1.9,0.49,2.0
2021-12-10,-0.2,-1.2,0.4,1603,0.0,0.53,1.9
2021-12-11,-0.3,-1.7,1.0,1592,0.0,0.52,2.0
2021-12-12,1.6,-1.2,5.5,1582,0.4,0.55,2.5
2021-12-13,7.5,4.8,9.6,1574,0.6,0.83,1.8
2021-12-14,7.5,6.7,8.1,1566,0.1,0.95,1.9
2021-12-15,8.6,7.3,9.7,1560,0.0,0.98,2.1
2021-12-16,7.2,4.2,9.5,2583,0.0,0.8,1.9
2021-12-17,5.5,4.3,6.5,1550,0.0,0.8,2.0
2021-12-18,6.1,4.3,7.9,1547,0.0,0.81,2.3
2021-12-19,5.9,0.4,7.4,1545,1.0,0.61,3.4
2021-12-20,0.8,-1.4,3.0,4085,0.0,0.54,1.8
2021-12-21,-0.3,-1.4,0.7,1544,0.0,0.53,1.3
2021-12-22,-1.6,-4.1,0.4,3719,0.0,0.44,1.7
2021-12-23,-0.9,-3.9,1.4,1548,10.1,0.44,2.4
2021-12-24,1.6,-5.1,5.0,1551,6.6,0.42,3.2
2021-12-25,-6.0,-9.6,-1.4,4481,0.0,0.29,2.0
2021-12-26,-6.8,-11.3,-1.9,4493,0.0,0.26,2.0
2021-12-27,-3.0,-7.8,-0.5,1568,0.0,0.33,2.5
2021-12-28,-0.1,-3.1,2.4,1576,2.0,0.47,3.2
2021-12-29,3.9,1.2,5.2,1585,0.0,0.64,2.5
2021-12-30,8.9,3.4,12.5,1595,1.6,0.78,3.5
2021-12-31,12.6,11.2,13.9,1606,6.0,1.28,3.8
2022-01-01,11.8,9.7,12.6,1618,0.0,1.16,2.6
2022-01-02,10.2,7.7,12.1,1632,4.6,1.02,3.4
2022-01-03,8.8,6.3,10.7,2074,0.2,0.93,4.4
2022-01-04,5.9,2.7,7.2,1662,0.7,0.72,3.0
2022-01-05,3.6,2.5,4.8,2589,0.4,0.7,4.3
2022-01-06,0.8,-0.9,3.8,4752,0.0,0.56,2.5
2022-01-07,0.7,-1.3,2.1,1715,2.6,0.54,3.2
2022-01-08,1.2,0.0,2.5,1913,0.0,0.59,3.2
2022-01-09,1.6,-0.5,4.3,1757,0.7,0.57,3.2
2022-01-10,3.1,0.2,4.3,1779,0.0,0.6,1.4
2022-01-11,-1.8,-2.6,0.2,1802,0.0,0.48,1.7
2022-01-12,1.0,-1.9,3.8,1827,0.0,0.52,1.8
2022-01-13,4.1,3.4,5.1,1853,0.0,0.75,2.8
2022-01-14,5.6,2.2,6.8,1880,0.0,0.69,2.6
2022-01-15,1.8,-1.0,4.0,3465,0.0,0.55,1.6
2022-01-16,2.1,-1.0,5.7,1937,0.1,0.56,3.1
2022-01-17,4.1,-0.1,6.5,2545,3.7,0.59,4.5
2022-01-18,3.2,-0.7,5.6,1999,0.0,0.57,2.0
2022-01-19,3.9,3.0,5.0,3163,1.0,0.73,3.4
2022-01-20,1.2,-1.5,4.2,4055,0.1,0.54,4.6
2022-01-21,0.3,-3.1,3.7,5873,0.2,0.47,3.3
2022-01-22,3.1,1.5,4.7,2798,0.2,0.65,2.8
2022-01-23,5.5,4.5,6.5,2174,0.5,0.81,1.8
2022-01-24,4.7,3.8,5.9,2212,0.0,0.77,1.6
2022-01-25,3.7,2.9,4.5,2252,0.4,0.73,1.8
2022-01-26,2.8,1.9,3.8,2293,0.0,0.68,2.9
2022-01-27,4.6,3.0,6.7,2335,0.4,0.73,4.8
2022-01-28,4.5,2.9,6.3,5599,1.4,0.73,4.1
2022-01-29,6.0,3.1,9.4,2422,7.1,0.75,5.5
2022-01-30,5.5,3.6,6.8,2859,0.0,0.76,5.7
2022-01-31,2.3,0.1,3.9,3194,0.2,0.6,3.4
2022-02-01,3.3,0.8,6.5,2562,3.9,0.63,4.8
2022-02-02,4.8,0.8,6.5,3307,0.8,0.63,4.5
2022-02-03,4.4,0.8,7.0,2660,3.1,0.63,2.5
2022-02-04,6.2,2.7,8.1,2711,1.1,0.72,3.9
2022-02-05,4.3,1.8,5.6,4149,2.1,0.67,4.5
2022-02-06,5.5,3.1,8.1,2817,6.4,0.74,5.8
2022-02-07,3.7,2.1,6.3,5218,0.0,0.69,4.8
2022-02-08,6.3,2.2,8.8,2926,1.8,0.7,4.0
2022-02-09,9.0,8.2,9.7,2983,0.0,1.04,3.1
2022-02-10,6.8,2.8,9.5,3104,1.8,0.74,2.6
2022-02-11,3.3,-0.5,5.4,4981,0.0,0.57,3.0
2022-02-12,0.7,-2.8,4.8,8876,0.0,0.49,2.3
2022-02-13,2.9,-0.9,7.0,9207,0.0,0.57,3.1
2022-02-14,7.6,2.7,12.7,8130,0.0,0.74,3.4
2022-02-15,7.0,4.5,8.7,3547,0.7,0.82,3.3
2022-02-16,7.7,5.0,13.1,3406,8.0,0.87,5.3
2022-02-17,7.7,4.9,13.7,4658,2.0,0.86,7.5
2022-02-18,6.5,3.6,11.0,3889,2.1,0.78,5.2
2022-02-19,5.5,2.1,7.9,4461,2.4,0.69,6.2
2022-02-20,5.3,2.3,8.8,3887,8.0,0.7,5.4
2022-02-21,5.4,2.6,10.5,5056,4.1,0.73,6.4
2022-02-22,5.4,3.5,7.4,6252,1.6,0.76,4.6
2022-02-23,5.9,1.8,9.4,8973,0.0,0.68,3.5
2022-02-24,5.5,1.2,10.1,4553,0.3,0.67,3.9
2022-02-25,4.1,2.3,6.1,6242,1.1,0.7,4.2
2022-02-26,4.1,-0.6,7.4,6882,0.0,0.58,2.0
2022-02-27,0.6,-3.1,6.1,7457,0.0,0.49,2.4
2022-02-28,1.3,-1.0,5.9,10025,0.0,0.56,2.2
2022-03-01,1.4,-3.3,7.1,12086,0.0,0.48,2.0
2022-03-02,1.0,-2.6,8.8,10706,0.0,0.52,1.3
2022-03-03,-1.0,-4.8,8.3,4462,0.0,0.45,1.7
2022-03-04,1.7,-0.7,5.6,5118,0.0,0.57,1.9
2022-03-05,0.3,-3.7,6.2,10302,0.0,0.47,1.9
2022-03-06,0.2,-1.6,3.8,4693,0.0,0.53,2.0
2022-03-07,2.3,-2.0,5.7,13988,0.0,0.52,2.0
2022-03-08,2.6,-4.0,8.9,14332,0.0,0.47,1.9
2022-03-09,4.0,-3.7,10.9,14505,0.0,0.5,1.5
2022-03-10,4.1,-0.8,14.0,14239,0.0,0.61,2.6
2022-03-11,2.9,-2.0,11.0,14941,0.0,0.55,4.0
2022-03-12,4.7,-0.8,12.8,15116,0.0,0.61,3.0
2022-03-13,6.4,-0.7,14.6,15471,0.0,0.62,2.7
2022-03-14,7.1,1.7,10.9,12816,0.1,0.69,2.3
2022-03-15,7.6,0.8,9.5,9558,0.0,0.64,1.5
2022-03-16,6.2,-0.2,12.8,12837,0.0,0.62,2.3
2022-03-17,7.0,3.7,9.5,5576,0.0,0.77,2.5
2022-03-18,7.0,1.1,12.6,15968,0.0,0.68,2.5
2022-03-19,5.5,-0.7,10.4,13945,0.0,0.59,3.5
2022-03-20,6.3,0.2,11.7,16790,0.0,0.64,3.7
2022-03-21,7.1,2.2,15.3,17060,0.0,0.75,2.2
2022-03-22,7.7,-1.0,17.2,17527,0.0,0.63,1.6
2022-03-23,8.0,-1.2,16.1,17505,0.0,0.62,1.3
2022-03-24,6.8,-2.3,16.2,17877,0.0,0.58,1.2
2022-03-25,8.5,-0.6,15.2,16549,0.0,0.62,1.7
2022-03-26,8.4,2.8,15.5,10558,0.0,0.78,2.4
2022-03-27,7.6,-1.3,12.4,15854,0.0,0.58,1.6
2022-03-28,8.2,3.3,11.5,16415,0.0,0.77,2.2
2022-03-29,7.3,0.2,10.6,15435,0.0,0.63,2.2
2022-03-30,4.1,-1.2,5.5,7589,0.0,0.55,1.9
2022-03-31,4.0,-0.5,4.1,13007,0.0,0.57,3.3
2022-04-01,2.4,-1.6,3.3,11870,0.0,0.53,3.9
2022-04-02,1.7,-2.8,6.0,8174,0.0,0.49,3.3
2022-04-03,2.0,-4.2,7.6,11141,0.0,0.46,2.4
2022-04-04,3.7,1.2,8.0,8783,9.1,0.65,5.0
2022-04-05,6.6,5.4,10.6,9523,4.0,0.87,4.0
2022-04-06,9.8,7.9,10.3,7339,0.4,1.03,4.2
2022-04-07,9.7,2.2,10.9,10368,5.2,0.71,5.9
2022-04-08,6.3,1.2,8.7,10357,0.8,0.65,4.2
2022-04-09,4.8,1.2,8.7,14208,1.1,0.65,4.0
2022-04-10,4.8,0.5,9.5,12548,0.1,0.63,3.2
2022-04-11,6.7,-1.3,13.3,20802,0.0,0.59,2.0
2022-04-12,9.9,5.8,20.9,21174,0.0,0.97,2.5
2022-04-13,13.3,10.3,19.5,16810,0.0,1.25,1.9
2022-04-14,11.5,5.5,17.8,9114,6.0,0.93,2.1
2022-04-15,7.2,3.0,9.8,7945,0.1,0.74,2.6
2022-04-16,6.2,2.5,13.4,23122,0.0,0.74,2.7
2022-04-17,7.5,1.3,16.8,23038,0.0,0.72,2.0
2022-04-18,8.5,4.9,18.6,23411,0.0,0.9,1.7
2022-04-19,8.0,1.7,16.4,21697,0.0,0.73,2.4
2022-04-20,8.8,2.3,15.9,11699,0.0,0.76,2.4
2022-04-21,9.1,2.8,16.1,8396,0.0,0.77,2.5
2022-04-22,9.1,5.5,16.8,9407,0.0,0.92,3.3
2022-04-23,10.9,7.5,17.4,21147,0.0,1.04,3.4
2022-04-24,10.1,5.0,15.9,15707,0.2,0.88,3.3
2022-04-25,9.0,5.3,10.7,18771,0.0,0.87,2.2
2022-04-26,10.5,1.6,13.8,21854,0.0,0.7,1.8
2022-04-27,10.7,0.0,14.1,20175,0.0,0.64,1.7
2022-04-28,10.1,-0.2,14.4,19081,0.0,0.64,1.8
2022-04-29,11.2,1.3,13.6,19782,0.0,0.69,1.7
2022-04-30,11.7,2.1,12.7,19158,0.0,0.72,2.0
2022-05-01,10.0,6.5,13.6,9209,0.0,0.95,1.6
2022-05-02,11.9,4.3,18.5,23110,0.0,0.87,1.6
2022-05-03,12.0,1.5,15.2,21021,0.0,0.71,1.9
2022-05-04,12.6,5.6,16.3,15868,0.5,0.93,1.5
2022-05-05,13.4,4.1,19.0,20718,0.0,0.86,1.6
2022-05-06,13.5,4.8,21.5,21911,0.0,0.92,1.5
2022-05-07,16.1,8.4,21.7,20033,0.1,1.15,1.7
2022-05-08,13.7,4.5,18.2,25785,0.0,0.88,2.1
2022-05-09,13.5,2.4,23.9,27484,0.0,0.85,1.7
2022-05-10,18.6,13.4,24.9,22132,0.7,1.55,2.1
2022-05-11,20.2,12.9,23.7,16632,8.3,1.5,2.9
2022-05-12,15.5,9.0,20.1,19806,0.0,1.16,3.2
2022-05-13,13.4,9.2,18.7,15396,0.0,1.16,2.8
2022-05-14,14.8,8.0,21.8,19200,0.0,1.12,2.3
2022-05-15,14.1,5.1,24.2,28262,0.0,0.97,1.6
2022-05-16,18.0,13.2,26.4,25338,6.0,1.56,2.2
2022-05-17,15.8,13.1,22.6,11873,0.0,1.51,1.8
2022-05-18,17.6,15.3,29.7,26485,0.0,1.8,2.1
2022-05-19,20.9,12.7,27.7,25046,0.0,1.53,2.2
2022-05-20,19.3,11.2,21.8,19949,4.1,1.34,2.4
2022-05-21,14.6,7.6,19.0,18871,0.2,1.05,3.7
2022-05-22,13.5,6.8,20.6,21447,0.0,1.02,1.6
2022-05-23,17.4,12.7,26.0,25292,0.6,1.52,2.9
2022-05-24,16.7,9.1,16.8,17379,0.0,1.14,2.9
2022-05-25,15.4,8.5,19.2,21476,0.0,1.12,2.4
2022-05-26,16.4,13.5,19.7,14172,2.5,1.52,3.6
2022-05-27,13.7,9.7,17.0,19920,2.5,1.18,4.1
2022-05-28,11.0,8.3,15.1,17296,0.8,1.07,3.7
2022-05-29,11.3,8.0,12.5,15174,1.7,1.03,2.2
2022-05-30,10.9,7.2,14.2,13937,0.0,1.0,1.6
2022-05-31,14.2,7.4,18.3,22751,0.3,1.03,1.6
2022-06-01,14.0,9.7,18.6,22151,0.1,1.19,2.1
2022-06-02,13.4,7.9,22.7,22185,0.0,1.13,2.1
2022-06-03,17.1,8.8,26.2,28338,0.0,1.22,1.8
2022-06-04,18.9,11.6,25.9,27351,0.0,1.41,1.9
2022-06-05,20.1,12.8,26.8,28658,0.8,1.53,2.4
2022-06-06,19.5,13.4,22.9,17962,0.0,1.54,2.7
2022-06-07,18.5,12.2,22.3,24244,0.0,1.42,2.4
2022-06-08,19.6,13.2,24.6,18518,0.0,1.54,1.9
2022-06-09,18.3,11.5,24.0,15981,0.0,1.39,2.4
2022-06-10,18.9,11.4,25.7,28528,0.0,1.4,1.8
2022-06-11,21.0,13.4,27.0,18188,2.6,1.58,1.8
2022-06-12,19.2,11.8,25.6,21912,0.2,1.42,2.0
2022-06-13,15.0,10.4,21.7,21541,0.3,1.27,2.7
2022-06-14,14.1,9.0,23.3,22960,0.0,1.2,1.8
2022-06-15,17.4,8.7,27.6,29496,0.0,1.25,1.5
2022-06-16,17.6,9.9,26.6,25537,0.0,1.32,2.2
2022-06-17,19.3,11.5,31.3,24264,0.0,1.51,1.6
2022-06-18,25.1,16.8,31.5,28619,0.0,1.99,2.2
2022-06-19,21.3,13.2,23.6,25038,6.7,1.53,2.7
2022-06-20,14.3,9.5,23.0,14160,4.6,1.24,2.5
2022-06-21,17.3,8.1,25.5,27084,0.0,1.17,2.0
2022-06-22,20.1,9.4,29.2,31174,0.0,1.31,1.6
2022-06-23,22.3,10.5,35.2,31295,0.0,1.5,1.8
2022-06-24,24.6,19.1,27.1,26555,0.0,2.17,2.3
2022-06-25,22.6,17.5,30.9,18361,0.5,2.07,1.6
2022-06-26,25.4,17.5,26.8,25510,0.0,1.99,1.8
2022-06-27,22.5,14.6,26.3,24347,1.2,1.68,2.2
2022-06-28,21.0,13.3,27.6,22926,0.0,1.59,1.9
2022-06-29,20.8,12.5,29.5,18057,0.0,1.56,1.9
2022-06-30,23.2,15.6,32.6,24168,0.0,1.91,1.9
2022-07-01,18.2,13.4,23.8,13683,17.5,1.55,2.5
2022-07-02,19.8,11.8,27.4,28973,0.0,1.46,1.9
2022-07-03,22.6,13.4,27.3,26906,0.0,1.6,2.0
2022-07-04,19.4,11.4,25.2,26368,0.0,1.39,2.2
2022-07-05,18.8,9.3,23.5,27867,0.0,1.22,2.2
2022-07-06,16.5,11.3,23.1,15615,6.1,1.35,2.5
2022-07-07,15.4,14.3,20.0,12535,5.5,1.59,3.1
2022-07-08,16.7,13.1,24.9,15687,0.0,1.54,2.8
2022-07-09,16.1,13.4,24.1,14894,0.8,1.54,2.7
2022-07-10,15.6,12.5,19.6,15117,0.0,1.42,3.1
2022-07-11,16.7,11.9,22.5,26372,0.0,1.4,2.0
2022-07-12,19.6,9.2,29.2,29495,0.0,1.3,1.7
2022-07-13,23.2,12.9,31.7,15520,0.0,1.63,2.3
2022-07-14,18.1,9.3,23.8,24841,0.0,1.24,2.6
2022-07-15,15.9,10.4,22.8,14558,0.8,1.29,2.5
2022-07-16,17.0,9.4,23.6,20702,0.2,1.23,2.9
2022-07-17,16.6,7.3,27.0,24562,0.0,1.15,1.8
2022-07-18,21.2,12.9,33.9,23751,0.0,1.66,1.4
2022-07-19,25.8,17.6,39.7,28474,0.0,2.27,1.7
2022-07-20,29.8,19.6,33.8,27907,0.0,2.34,2.3
2022-07-21,22.9,16.2,24.8,17178,1.4,1.81,2.4
2022-07-22,19.1,13.2,20.9,14620,0.8,1.5,2.0
2022-07-23,17.9,11.2,24.2,20948,0.1,1.37,2.1
2022-07-24,20.2,15.5,31.1,29128,0.0,1.85,1.6
2022-07-25,25.3,19.3,29.8,22067,1.8,2.25,2.7
2022-07-26,19.0,12.5,21.6,18389,0.5,1.45,2.9
2022-07-27,15.9,8.7,21.7,19194,0.0,1.15,2.4
2022-07-28,16.3,7.1,24.0,27190,0.0,1.1,1.9
2022-07-29,20.7,13.4,23.4,19924,0.0,1.55,2.1
2022-07-30,21.6,11.1,27.8,21087,0.0,1.42,1.9
2022-07-31,21.5,17.4,24.1,23106,0.4,1.95,1.8
2022-08-01,20.1,16.9,25.0,13547,0.0,1.91,2.3
2022-08-02,20.7,13.1,27.1,23428,0.0,1.55,1.5
2022-08-03,26.2,17.8,33.9,26156,0.0,2.16,1.6
2022-08-04,28.6,18.1,36.7,25814,0.1,2.27,1.8
2022-08-05,20.7,13.6,26.7,12305,0.7,1.59,2.4
2022-08-06,16.4,9.9,22.8,23667,0.0,1.26,2.3
2022-08-07,17.2,7.7,24.4,23447,0.0,1.13,1.8
2022-08-08,19.0,9.3,27.2,24919,0.0,1.27,1.7
2022-08-09,20.5,13.0,26.8,20952,0.0,1.56,1.9
2022-08-10,20.4,10.5,28.3,26385,0.0,1.38,2.0
2022-08-11,22.2,12.4,30.4,26148,0.0,1.56,2.0
2022-08-12,22.9,12.1,29.9,25073,0.0,1.52,2.2
2022-08-13,22.5,15.1,28.9,13159,0.0,1.77,1.8
2022-08-14,25.1,17.6,32.0,20915,0.0,2.1,2.0
2022-08-15,23.2,18.6,30.8,17018,3.6,2.17,2.1
2022-08-16,23.1,16.2,31.0,21401,0.0,1.93,1.6
2022-08-17,24.7,15.1,32.1,19170,0.0,1.82,1.5
2022-08-18,24.3,16.7,32.3,13324,15.9,1.99,1.9
2022-08-19,20.4,19.3,21.9,8453,1.2,2.17,2.0
2022-08-20,19.9,17.7,22.4,8381,0.2,1.96,1.9
2022-08-21,18.9,13.8,23.7,17909,0.0,1.58,1.6
2022-08-22,18.9,11.7,24.7,16529,0.0,1.41,1.6
2022-08-23,20.1,13.5,26.8,20434,0.0,1.6,1.8
2022-08-24,19.7,12.6,26.9,14595,0.0,1.53,1.8
2022-08-25,21.3,15.2,27.8,13808,0.1,1.78,2.0
2022-08-26,19.8,16.9,27.3,11894,17.5,1.94,1.9
2022-08-27,19.6,17.7,22.8,7857,2.1,1.97,2.2
2022-08-28,16.7,13.1,22.3,14168,0.0,1.49,2.4
2022-08-29,16.4,11.1,22.7,11940,0.0,1.35,1.8
2022-08-30,16.1,11.1,21.6,11063,0.0,1.33,1.9
2022-08-31,16.0,10.2,22.0,20678,0.0,1.26,2.0
2022-09-01,16.1,10.1,21.5,19760,0.0,1.25,2.0
2022-09-02,15.9,9.6,22.1,15028,0.0,1.23,2.4
2022-09-03,16.4,10.3,22.0,13929,0.0,1.27,2.5
2022-09-04,18.2,12.5,24.2,18775,0.0,1.47,1.9
2022-09-05,18.7,13.1,24.3,19592,0.0,1.52,2.3
2022-09-06,17.9,13.2,23.5,13464,0.2,1.52,2.4
2022-09-07,19.1,13.3,25.0,14510,0.0,1.55,1.9
2022-09-08,15.6,13.5,17.5,6904,11.2,1.49,2.3
2022-09-09,16.7,12.2,22.7,13938,0.6,1.42,2.2
2022-09-10,15.9,11.2,20.3,12146,1.0,1.32,2.0
2022-09-11,15.3,11.6,21.0,9034,3.1,1.37,1.7
2022-09-12,14.9,8.7,20.2,13961,0.8,1.14,1.4
2022-09-13,15.7,12.4,20.3,7818,0.3,1.41,2.1
2022-09-14,14.6,11.3,18.5,9749,0.0,1.32,1.9
2022-09-15,13.7,10.6,18.3,9342,0.0,1.27,2.8
2022-09-16,12.8,9.3,18.2,13921,5.7,1.16,3.4
2022-09-17,11.8,9.1,15.7,10023,1.0,1.13,3.8
2022-09-18,10.1,7.8,13.7,12365,4.0,1.04,3.8
2022-09-19,10.7,7.8,16.6,8046,7.0,1.05,3.0
2022-09-20,9.8,6.5,14.8,10363,4.3,0.95,1.9
2022-09-21,10.3,4.9,16.7,15325,0.0,0.89,1.3
2022-09-22,9.9,3.0,16.6,15260,0.0,0.79,1.3
2022-09-23,11.0,4.1,17.0,15100,0.0,0.84,1.4
2022-09-24,12.2,8.8,15.2,5592,0.2,1.1,1.3
2022-09-25,13.1,9.9,17.9,9310,0.0,1.21,1.5
2022-09-26,12.6,7.6,17.1,9838,1.0,1.05,3.0
2022-09-27,10.8,8.0,13.2,6350,2.8,1.05,2.9
2022-09-28,9.3,7.3,12.6,10140,0.4,0.99,1.9
2022-09-29,10.0,6.4,14.8,8853,0.0,0.95,1.4
2022-09-30,10.2,3.6,16.8,14143,0.0,0.82,1.6
2022-10-01,10.3,7.2,13.5,5380,6.2,0.99,3.5
2022-10-02,12.2,10.1,15.7,9730,1.0,1.21,3.0
2022-10-03,12.6,10.2,15.9,7884,0.2,1.22,2.4
2022-10-04,13.2,10.6,17.7,8203,0.0,1.26,1.9
2022-10-05,14.2,9.5,19.4,10285,0.1,1.19,2.9
2022-10-06,14.3,7.4,17.6,12825,0.0,1.03,2.9
2022-10-07,11.1,5.3,17.7,13244,0.0,0.92,2.0
2022-10-08,10.9,7.5,16.1,7351,0.1,1.03,2.4
2022-10-09,10.2,4.4,15.6,12348,0.0,0.85,2.0
2022-10-10,11.6,4.8,17.6,11469,0.1,0.89,2.2
2022-10-11,9.6,4.4,15.7,11002,0.0,0.85,1.7
2022-10-12,8.5,1.5,15.5,12032,0.0,0.72,1.3
2022-10-13,10.2,4.9,16.5,6600,0.0,0.88,1.6
2022-10-14,12.3,6.9,17.2,6424,0.0,1.01,1.8
2022-10-15,14.8,12.0,18.0,5341,0.0,1.37,2.5
2022-10-16,15.6,11.3,20.5,8331,0.0,1.33,2.2
2022-10-17,18.0,11.7,24.8,9917,3.3,1.42,2.0
2022-10-18,14.4,10.6,17.7,4940,7.6,1.26,1.8
2022-10-19,10.5,5.4,14.2,6598,0.0,0.89,1.8
2022-10-20,8.8,3.5,13.9,10009,1.6,0.8,2.6
2022-10-21,12.1,8.3,16.2,4203,0.1,1.09,2.0
2022-10-22,14.8,11.8,19.5,7140,0.5,1.37,1.9
2022-10-23,13.8,8.9,17.6,6617,3.6,1.14,2.0
2022-10-24,15.2,11.7,19.4,4261,0.1,1.36,3.1
2022-10-25,13.3,8.4,16.2,5471,1.3,1.09,2.4
2022-10-26,12.0,6.5,17.8,8586,0.0,0.98,1.8
2022-10-27,14.5,9.3,20.3,8461,0.0,1.19,1.8
2022-10-28,16.8,11.9,22.7,6970,0.0,1.41,2.1
2022-10-29,16.3,13.2,19.5,5579,0.0,1.48,1.5
2022-10-30,15.0,9.8,21.4,7206,0.0,1.22,1.4
2022-10-31,12.0,8.9,13.7,3521,0.0,1.11,1.4
2022-11-01,12.6,8.8,17.5,3830,0.3,1.13,2.7
2022-11-02,10.2,5.2,15.0,5786,0.3,0.88,3.0
2022-11-03,8.5,4.4,11.7,4849,0.4,0.82,2.6
2022-11-04,9.2,7.3,10.7,2740,3.7,0.99,2.2
2022-11-05,8.1,5.2,12.1,7293,0.0,0.87,2.1
2022-11-06,7.3,3.9,11.1,7478,0.0,0.8,2.9
2022-11-07,10.9,7.1,14.2,4951,0.0,0.99,3.2
2022-11-08,11.5,7.3,15.9,6353,0.0,1.02,2.7
2022-11-09,12.4,10.2,16.0,3675,2.6,1.21,2.9
2022-11-10,11.5,8.8,13.8,5614,0.0,1.1,2.7
2022-11-11,9.2,6.7,13.2,3502,0.0,0.96,2.3
2022-11-12,6.4,1.5,12.0,5451,0.0,0.69,1.3
2022-11-13,7.1,2.0,10.3,3122,0.0,0.7,1.9
2022-11-14,6.8,4.3,10.4,6036,0.0,0.82,2.5
2022-11-15,7.4,3.5,12.6,6109,0.0,0.79,2.1
2022-11-16,5.6,4.6,6.5,2198,0.1,0.82,2.9
2022-11-17,3.8,1.8,5.2,2160,1.7,0.67,4.0
2022-11-18,-1.1,-5.8,1.8,2123,0.2,0.39,3.0
2022-11-19,-2.1,-6.5,1.4,2988,0.2,0.37,2.0
2022-11-20,-0.7,-3.9,0.8,2251,0.1,0.44,2.1
2022-11-21,-2.3,-3.7,-0.5,2363,0.0,0.45,2.4
2022-11-22,0.0,-1.9,1.7,1988,0.0,0.51,2.7
2022-11-23,2.8,0.2,6.2,3011,0.0,0.6,2.4
2022-11-24,1.8,-0.2,4.4,1927,0.0,0.58,2.2
2022-11-25,4.9,0.9,7.7,3777,5.5,0.64,1.8
2022-11-26,7.3,5.9,7.7,1871,0.0,0.89,1.7
2022-11-27,4.4,1.6,7.6,4517,0.0,0.67,2.2
2022-11-28,3.9,2.9,5.2,1819,0.0,0.72,2.4
2022-11-29,3.4,2.5,4.6,1795,0.2,0.7,1.7
2022-11-30,3.1,0.7,5.4,1772,0.0,0.62,1.8
2022-12-01,0.2,-0.5,1.0,1750,2.7,0.57,1.9
2022-12-02,0.1,-1.2,1.0,1729,0.3,0.54,2.4
2022-12-03,-1.3,-1.9,-0.7,1709,0.2,0.51,2.5
2022-12-04,0.5,-0.8,1.9,1691,2.6,0.56,2.5
2022-12-05,2.8,1.8,3.6,1673,2.0,0.67,1.9
2022-12-06,2.1,1.0,3.2,1657,0.3,0.63,1.8
2022-12-07,2.1,-0.4,4.1,1684,2.3,0.57,2.5
2022-12-08,0.9,-1.8,2.7,1628,1.0,0.52,1.8
2022-12-09,-1.5,-2.5,-0.4,1615,0.0,0.49,1.5
2022-12-10,-2.5,-3.7,-1.1,2653,0.0,0.45,1.5
2022-12-11,-2.6,-3.3,-1.9,1592,0.5,0.46,1.5
2022-12-12,-2.0,-2.9,-1.0,2290,0.0,0.47,1.5
2022-12-13,-3.9,-8.9,-1.2,2030,0.0,0.31,1.8
2022-12-14,-7.8,-12.6,-3.3,3965,0.0,0.23,1.7
2022-12-15,-7.9,-13.3,-2.9,3952,0.0,0.22,1.7
2022-12-16,-6.7,-11.8,-2.8,1637,0.0,0.25,1.4
2022-12-17,-4.1,-6.8,-2.6,1550,0.0,0.35,1.5
2022-12-18,-5.7,-7.3,-4.3,1547,0.0,0.34,2.4
2022-12-19,-0.2,-5.3,4.1,1545,3.7,0.41,3.1
2022-12-20,5.5,3.5,7.6,1544,3.2,0.76,2.8
2022-12-21,6.2,3.6,8.1,1544,1.4,0.77,2.4
2022-12-22,6.5,4.3,8.5,1546,2.9,0.81,3.0
2022-12-23,5.7,4.8,7.0,1548,9.0,0.83,2.5
2022-12-24,6.2,4.5,8.9,1798,2.4,0.81,2.7
2022-12-25,4.8,0.2,8.9,2339,5.8,0.62,2.1
2022-12-26,8.9,3.6,10.7,1892,1.3,0.78,3.5
2022-12-27,3.9,2.5,6.1,2521,0.0,0.7,3.3
2022-12-28,6.4,3.8,9.5,1950,1.1,0.79,3.9
2022-12-29,9.9,7.5,12.5,2544,1.1,1.01,4.4
2022-12-30,7.4,4.1,10.2,3689,3.1,0.8,3.8
2022-12-31,13.8,10.0,16.8,1606,1.7,1.21,4.4
2023-01-01,13.5,8.6,16.0,1618,0.0,1.1,3.6
2023-01-02,12.5,8.5,15.5,1632,0.0,1.09,3.1
2023-01-03,4.8,1.5,8.7,3871,0.0,0.67,2.3
2023-01-04,7.0,2.4,11.0,1662,11.7,0.72,4.9
2023-01-05,7.9,1.9,10.5,2329,1.3,0.7,4.3
2023-01-06,6.9,2.8,10.8,1696,0.9,0.74,2.9
2023-01-07,8.1,5.7,10.3,2287,0.0,0.89,2.5
2023-01-08,6.9,5.1,8.7,1735,3.5,0.85,2.7
2023-01-09,6.2,4.2,8.1,2382,2.4,0.8,3.1
2023-01-10,5.8,4.0,7.3,2184,0.1,0.78,3.2
2023-01-11,6.6,4.6,8.8,1802,7.8,0.82,3.7
2023-01-12,8.5,5.4,10.3,1827,2.4,0.87,4.9
2023-01-13,9.0,7.4,10.2,2917,0.4,0.99,4.9
2023-01-14,7.3,6.1,9.2,2067,10.1,0.91,4.3
2023-01-15,6.6,4.9,10.2,2569,0.0,0.84,5.0
2023-01-16,4.6,2.7,6.8,3892,0.0,0.72,3.8
2023-01-17,2.5,-2.3,5.0,2449,0.2,0.51,3.1
2023-01-18,-1.9,-4.1,0.5,2048,0.0,0.44,2.1
2023-01-19,-0.5,-4.0,2.4,4541,0.0,0.44,2.8
2023-01-20,-0.2,-1.9,1.2,2364,0.0,0.51,1.6
2023-01-21,0.9,-1.2,2.9,2100,4.2,0.54,2.7
2023-01-22,1.1,0.2,1.7,2137,0.0,0.6,2.4
2023-01-23,1.3,0.5,1.9,2174,0.0,0.61,2.2
2023-01-24,0.0,-0.9,0.6,2212,0.0,0.55,2.0
2023-01-25,0.0,-0.9,0.8,2252,0.0,0.55,1.8
2023-01-26,-1.3,-1.8,-0.3,2293,0.0,0.52,1.6
2023-01-27,1.5,-0.9,3.5,2335,0.0,0.56,2.3
2023-01-28,0.1,-1.4,1.5,2432,0.0,0.53,1.9
2023-01-29,1.1,-0.8,3.0,3030,0.4,0.55,2.9
2023-01-30,4.1,1.2,6.7,2691,3.0,0.65,5.2
2023-01-31,4.3,2.3,6.6,2514,2.6,0.7,4.7
2023-02-01,4.2,0.8,6.4,2619,7.2,0.63,5.5
2023-02-02,3.9,-0.3,6.5,3713,3.8,0.59,4.1
2023-02-03,5.6,2.0,8.7,3130,2.4,0.7,5.6
2023-02-04,0.8,-4.4,3.8,6222,0.0,0.43,2.1
2023-02-05,-2.4,-5.3,0.8,4752,0.1,0.4,1.7
2023-02-06,-1.3,-4.9,1.4,2817,0.0,0.41,1.7
2023-02-07,-3.2,-7.1,1.4,8369,0.0,0.36,1.6
2023-02-08,-2.0,-5.8,1.3,8493,0.0,0.39,2.1
2023-02-09,-0.8,-4.7,2.5,7732,0.0,0.42,2.3
2023-02-10,3.0,0.2,6.1,4643,0.0,0.6,2.6
2023-02-11,5.9,3.1,7.3,3098,0.2,0.74,3.1
2023-02-12,6.9,5.3,9.2,3355,0.1,0.86,1.7
2023-02-13,6.4,5.2,7.3,3219,0.0,0.85,1.6
2023-02-14,4.4,-0.2,6.4,3280,0.0,0.59,1.4
2023-02-15,0.2,-2.1,3.7,6888,0.0,0.51,1.6
2023-02-16,5.1,-2.4,10.9,8030,0.5,0.54,2.3
2023-02-17,9.0,6.3,12.7,3471,1.4,0.93,5.0
2023-02-18,6.9,4.9,10.7,3536,11.7,0.84,4.5
2023-02-19,4.0,2.0,6.8,7394,0.1,0.69,3.3
2023-02-20,7.0,2.4,9.4,3669,0.5,0.71,4.6
2023-02-21,9.0,7.1,10.5,3884,0.3,0.97,2.8
2023-02-22,7.1,5.1,9.7,3955,0.0,0.85,1.6
2023-02-23,6.1,2.3,9.2,5001,1.7,0.71,1.8
2023-02-24,3.1,1.3,5.5,3947,2.7,0.65,3.3
2023-02-25,1.5,-1.0,3.8,4018,0.2,0.55,3.9
2023-02-26,0.3,-3.0,3.7,7658,0.0,0.48,3.1
2023-02-27,-0.3,-4.5,4.4,5653,0.0,0.44,2.4
2023-02-28,0.0,-4.8,5.5,12482,0.0,0.43,2.0
2023-03-01,0.3,-5.6,7.0,12326,0.0,0.42,2.0
2023-03-02,-1.4,-3.0,0.0,4386,0.0,0.47,1.9
2023-03-03,1.1,-1.7,5.3,5936,0.0,0.53,2.0
2023-03-04,4.0,1.8,6.0,4538,0.0,0.68,3.1
2023-03-05,1.5,0.0,4.3,5619,2.6,0.59,2.5
2023-03-06,0.5,-2.3,3.4,6720,0.3,0.51,2.3
2023-03-07,1.5,-2.3,4.3,4856,0.2,0.5,4.1
2023-03-08,0.7,-0.8,3.6,8298,0.8,0.56,2.4
2023-03-09,0.3,-0.2,1.2,4929,8.6,0.58,2.9
2023-03-10,1.5,0.0,3.8,5008,8.1,0.59,4.2
2023-03-11,0.6,0.0,2.6,9704,0.0,0.59,3.3
2023-03-12,2.3,-1.5,6.2,10187,2.1,0.54,2.6
2023-03-13,10.8,6.1,15.9,6787,2.7,0.95,4.4
2023-03-14,8.2,0.7,14.6,6700,5.6,0.68,4.5
2023-03-15,2.1,0.0,6.4,9558,0.9,0.6,2.8
2023-03-16,3.8,-1.9,9.1,14975,0.0,0.54,2.7
2023-03-17,8.1,3.4,13.2,8671,0.0,0.78,2.7
2023-03-18,11.1,5.8,17.7,10577,3.1,0.94,1.9
2023-03-19,10.3,6.6,15.2,9652,2.2,0.97,1.7
2023-03-20,9.1,7.5,10.9,6209,0.0,1.01,2.4
2023-03-21,9.0,6.7,11.6,5907,2.0,0.95,2.0
2023-03-22,11.7,8.0,16.6,9999,2.6,1.07,3.2
2023-03-23,11.5,8.8,16.7,7354,3.1,1.12,3.5
2023-03-24,11.6,7.5,15.6,8739,1.0,1.03,3.9
2023-03-25,9.2,6.9,12.6,10343,1.2,0.97,4.5
2023-03-26,7.1,2.8,9.9,8440,0.0,0.74,3.2
2023-03-27,2.8,0.0,6.6,13416,0.1,0.59,3.7
2023-03-28,2.9,-0.5,7.5,16415,0.0,0.59,2.7
2023-03-29,6.2,0.3,11.3,8736,0.2,0.64,2.5
2023-03-30,11.1,8.1,17.7,9872,14.2,1.09,3.5
2023-03-31,10.3,8.5,13.6,9768,3.5,1.08,3.2
2023-04-01,7.0,2.7,10.3,6821,2.1,0.73,4.2
2023-04-02,3.8,-0.4,8.0,11350,0.0,0.59,3.5
2023-04-03,1.5,-2.4,5.5,11354,0.0,0.51,2.8
2023-04-04,1.9,-3.5,7.0,15860,0.0,0.48,1.9
2023-04-05,3.2,-3.3,8.6,12328,0.0,0.49,1.3
2023-04-06,5.4,-1.2,11.3,20689,0.0,0.58,1.9
2023-04-07,3.9,-1.0,6.8,9277,1.3,0.56,2.2
2023-04-08,6.8,3.7,11.3,11674,0.0,0.79,2.0
2023-04-09,5.9,0.7,11.0,14208,0.0,0.65,1.7
2023-04-10,9.8,-0.4,16.9,19431,3.0,0.65,2.8
2023-04-11,8.3,2.0,11.8,11092,1.9,0.71,3.4
2023-04-12,7.9,0.3,14.1,15115,3.2,0.66,3.0
2023-04-13,8.3,3.3,12.5,10044,0.0,0.78,2.8
2023-04-14,6.8,3.8,8.8,7867,10.8,0.78,1.9
2023-04-15,9.3,7.3,10.9,7945,5.0,0.99,2.6
2023-04-16,8.9,6.5,11.6,8021,1.6,0.95,2.2
2023-04-17,7.6,4.6,12.1,16372,1.3,0.84,2.5
2023-04-18,8.2,3.8,13.3,8866,0.0,0.8,3.2
2023-04-19,6.7,1.6,12.5,18218,2.9,0.69,3.4
2023-04-20,9.4,5.2,15.9,11000,0.1,0.89,3.0
2023-04-21,14.1,7.3,19.8,23125,0.0,1.05,3.0
2023-04-22,15.4,8.8,21.9,22787,0.7,1.17,2.5
2023-04-23,13.9,10.9,17.3,14078,2.9,1.28,2.3
2023-04-24,12.2,8.2,16.5,15116,0.4,1.08,3.6
2023-04-25,7.6,2.9,10.1,11056,0.0,0.74,3.2
2023-04-26,6.0,1.4,10.6,16613,0.0,0.67,2.5
2023-04-27,7.1,3.4,11.4,18501,0.0,0.77,1.7
2023-04-28,10.0,1.2,16.1,17882,1.4,0.71,2.2
2023-04-29,11.2,6.4,15.2,10640,0.0,0.95,2.6
2023-04-30,8.2,2.7,13.7,26036,0.0,0.75,2.1
2023-05-01,12.0,2.6,18.9,22884,0.0,0.79,1.8
2023-05-02,10.1,7.0,12.9,13036,0.0,0.98,2.6
2023-05-03,8.5,2.8,14.1,23455,0.0,0.77,1.8
2023-05-04,11.5,2.3,18.2,23800,0.0,0.77,2.1
2023-05-05,13.9,7.1,20.0,22309,9.1,1.04,2.8
2023-05-06,8.2,7.0,9.7,9400,0.2,0.97,2.2
2023-05-07,11.2,7.4,16.4,19295,0.0,1.03,2.7
2023-05-08,12.1,5.5,18.2,27510,0.0,0.93,2.5
2023-05-09,13.6,7.0,19.2,27113,0.0,1.03,2.8
2023-05-10,15.2,9.6,22.1,22504,0.0,1.23,2.3
2023-05-11,16.8,8.0,22.9,24446,0.0,1.12,1.8
2023-05-12,17.3,11.4,22.1,26641,0.0,1.36,2.3
2023-05-13,16.2,8.8,22.2,24734,0.0,1.18,2.2
2023-05-14,15.1,7.6,21.6,17204,0.0,1.09,1.7
2023-05-15,14.2,6.2,22.0,18017,8.4,1.01,2.2
2023-05-16,11.3,6.5,15.8,17954,0.0,0.97,3.3
2023-05-17,9.8,5.0,14.8,27291,0.0,0.87,2.9
2023-05-18,10.5,3.2,16.5,22468,0.0,0.79,2.1
2023-05-19,12.8,5.1,18.7,18383,0.0,0.91,2.5
2023-05-20,13.8,6.7,19.0,17809,0.0,1.0,3.1
2023-05-21,20.0,10.5,26.4,22778,0.0,1.34,2.6
2023-05-22,20.7,15.3,26.0,25486,0.1,1.76,2.1
2023-05-23,14.1,9.6,19.1,10508,1.4,1.19,3.2
2023-05-24,11.3,8.8,15.8,13837,0.0,1.11,2.3
2023-05-25,12.3,6.7,18.9,21856,0.0,1.01,2.4
2023-05-26,12.5,5.4,18.7,29002,0.0,0.93,2.5
2023-05-27,14.1,4.7,21.1,29308,0.0,0.92,2.0
2023-05-28,16.4,6.0,23.8,27708,0.0,1.03,1.9
2023-05-29,15.2,8.8,21.2,25086,0.0,1.17,2.6
2023-05-30,14.9,4.9,22.2,28944,0.0,0.94,2.4
2023-05-31,16.9,6.2,24.8,30514,0.0,1.04,2.4
2023-06-01,15.0,9.4,21.1,24698,0.0,1.2,2.7
2023-06-02,13.3,8.1,19.3,21803,0.0,1.1,2.5
2023-06-03,13.6,3.2,20.8,30505,0.0,0.84,2.3
2023-06-04,15.8,5.1,23.0,30413,0.0,0.96,1.9
2023-06-05,18.6,7.8,26.0,30317,0.0,1.15,2.0
2023-06-06,19.0,10.4,24.9,18090,0.0,1.32,1.9
2023-06-07,21.8,15.3,28.1,22584,0.0,1.77,1.7
2023-06-08,21.4,14.7,29.4,21457,1.2,1.73,1.9
2023-06-09,20.8,12.5,28.5,29019,0.0,1.55,2.3
2023-06-10,19.8,11.6,28.3,21112,0.0,1.46,2.7
2023-06-11,20.9,10.2,27.8,29570,0.0,1.34,2.7
2023-06-12,20.7,12.2,25.9,29970,0.0,1.48,2.6
2023-06-13,17.9,10.1,24.3,25891,0.0,1.28,2.8
2023-06-14,17.6,8.8,24.9,21425,0.0,1.2,2.4
2023-06-15,18.2,10.1,23.7,18491,1.8,1.27,1.8
2023-06-16,15.7,12.5,21.3,14659,9.0,1.43,1.9
2023-06-17,16.4,11.7,20.8,15689,0.8,1.36,1.6
2023-06-18,19.8,10.7,26.7,28875,0.0,1.37,1.4
2023-06-19,22.1,16.7,28.4,16335,0.0,1.93,2.0
2023-06-20,21.0,17.1,24.9,17488,7.1,1.91,1.8
2023-06-21,23.1,18.2,28.6,22861,0.0,2.1,2.1
2023-06-22,22.7,16.0,28.8,20683,17.7,1.85,2.3
2023-06-23,17.0,15.6,18.3,10828,32.7,1.71,2.9
2023-06-24,19.0,13.4,25.3,27578,0.0,1.57,1.7
2023-06-25,21.9,15.5,27.4,17722,0.0,1.79,1.4
2023-06-26,22.0,15.3,30.2,23465,4.0,1.81,2.8
2023-06-27,16.5,12.7,20.6,22685,3.2,1.44,2.8
2023-06-28,17.8,12.0,23.1,24204,0.0,1.42,2.0
2023-06-29,19.8,12.0,25.7,13203,0.7,1.46,1.5
2023-06-30,17.9,14.0,19.7,11529,1.6,1.56,1.8
2023-07-01,18.5,13.9,23.7,18660,1.4,1.58,3.0
2023-07-02,17.8,13.0,22.2,19788,0.0,1.48,3.8
2023-07-03,17.5,12.1,22.1,16196,0.0,1.4,3.4
2023-07-04,17.7,12.4,22.2,21271,0.0,1.44,2.9
2023-07-05,18.5,12.1,25.0,19461,0.1,1.44,3.7
2023-07-06,17.6,12.1,23.6,21597,0.0,1.43,2.0
2023-07-07,20.4,9.7,27.7,30216,0.0,1.3,1.5
2023-07-08,22.7,11.3,30.5,30178,0.0,1.48,1.8
2023-07-09,24.5,14.3,32.0,27724,0.2,1.76,1.6
2023-07-10,22.4,14.9,28.4,22479,0.0,1.75,2.2
2023-07-11,22.9,11.9,30.1,29415,0.0,1.53,2.0
2023-07-12,23.1,14.5,28.1,23413,0.0,1.69,3.0
2023-07-13,18.6,13.3,25.8,21344,0.0,1.55,2.5
2023-07-14,20.1,12.6,26.5,25094,0.0,1.5,1.7
2023-07-15,25.2,16.7,36.0,22392,0.9,2.08,2.5
2023-07-16,23.1,16.3,28.8,23984,0.0,1.89,3.1
2023-07-17,20.5,13.9,27.3,22419,0.0,1.64,2.8
2023-07-18,18.5,11.8,25.6,25136,0.0,1.42,1.9
2023-07-19,18.5,12.0,25.1,15394,0.5,1.45,2.1
2023-07-20,17.1,10.6,23.2,18486,0.0,1.32,2.2
2023-07-21,14.7,8.6,22.4,12411,2.2,1.17,1.8
2023-07-22,17.0,12.0,21.9,21008,0.2,1.41,2.4
2023-07-23,19.4,13.7,26.3,12442,1.4,1.6,3.1
2023-07-24,20.1,14.5,27.6,17887,7.4,1.68,2.8
2023-07-25,17.0,12.9,23.2,17204,0.0,1.49,2.4
2023-07-26,15.1,10.3,20.9,20629,0.5,1.27,2.6
2023-07-27,15.3,9.8,18.9,14596,17.2,1.21,2.4
2023-07-28,18.9,16.6,22.2,12801,7.0,1.85,2.3
2023-07-29,19.2,14.9,23.2,17448,9.8,1.68,2.4
2023-07-30,18.2,13.8,24.4,18616,3.4,1.58,2.9
2023-07-31,16.9,14.0,20.5,9911,1.9,1.56,3.1
2023-08-01,17.7,15.6,21.8,13794,6.8,1.73,3.4
2023-08-02,18.3,14.9,22.9,13114,4.0,1.68,3.2
2023-08-03,18.3,16.4,22.5,12804,3.5,1.81,4.1
2023-08-04,18.3,13.5,23.7,18604,0.0,1.54,2.0
2023-08-05,17.0,12.4,20.8,19010,0.0,1.42,1.7
2023-08-06,16.0,13.6,19.1,9319,12.3,1.53,2.8
2023-08-07,15.8,13.2,20.3,13017,0.4,1.48,4.6
2023-08-08,14.8,11.6,19.6,14517,6.5,1.35,3.8
2023-08-09,14.6,10.4,19.6,18540,0.8,1.26,2.5
2023-08-10,15.4,10.0,22.2,20011,0.0,1.25,1.6
2023-08-11,18.3,9.9,24.6,17995,0.0,1.27,1.4
2023-08-12,21.0,15.6,28.0,11806,2.9,1.8,1.8
2023-08-13,21.2,15.3,26.3,17449,0.0,1.75,1.6
2023-08-14,22.9,15.1,30.3,20203,4.3,1.81,1.5
2023-08-15,23.4,17.7,30.3,19740,12.4,2.06,1.7
2023-08-16,22.2,18.7,26.7,15505,0.0,2.12,1.6
2023-08-17,20.4,17.4,24.9,10593,2.3,1.95,2.0
2023-08-18,23.4,16.7,29.7,22338,0.0,1.94,1.8
2023-08-19,24.9,17.5,31.7,21747,0.0,2.07,1.7
2023-08-20,23.3,17.7,28.0,22087,0.0,2.03,1.5
2023-08-21,21.4,17.0,26.2,19876,0.0,1.92,1.4
2023-08-22,20.6,15.5,25.5,12382,0.0,1.76,1.5
2023-08-23,19.6,13.3,25.9,21925,0.0,1.56,1.5
2023-08-24,21.9,14.4,28.0,18934,0.4,1.68,1.6
2023-08-25,22.2,17.9,28.1,15286,4.2,2.05,2.1
2023-08-26,18.8,12.0,23.8,14610,1.7,1.44,2.2
2023-08-27,16.4,11.6,20.2,8646,0.0,1.36,1.7
2023-08-28,15.8,10.9,20.1,13608,0.0,1.3,1.9
2023-08-29,14.7,12.8,17.4,7702,6.3,1.44,1.6
2023-08-30,15.7,11.8,20.4,9288,0.1,1.38,1.8
2023-08-31,13.7,11.3,19.4,13836,4.4,1.33,2.6
2023-09-01,15.0,9.6,20.4,15699,0.0,1.2,1.9
2023-09-02,15.8,9.4,21.1,16011,0.0,1.2,1.3
2023-09-03,16.5,12.2,21.4,14797,0.0,1.41,1.7
2023-09-04,17.7,10.7,24.9,20933,0.0,1.33,1.7
2023-09-05,20.4,11.9,27.8,20665,0.0,1.49,1.9
2023-09-06,21.0,11.8,29.0,20609,0.0,1.48,1.7
2023-09-07,21.3,12.3,29.0,20339,0.0,1.52,2.1
2023-09-08,21.5,14.6,29.2,20068,0.0,1.74,1.6
2023-09-09,21.2,12.9,30.3,19798,0.0,1.6,1.2
2023-09-10,20.8,11.8,30.2,19319,0.0,1.5,1.1
2023-09-11,21.5,12.8,30.3,18327,0.0,1.59,1.3
2023-09-12,20.8,14.0,28.9,15499,5.0,1.67,1.5
2023-09-13,17.6,12.6,22.6,8429,2.7,1.47,2.3
2023-09-14,13.9,8.8,20.0,17030,0.0,1.15,1.4
2023-09-15,15.7,6.8,23.0,18377,0.0,1.06,1.8
2023-09-16,18.1,12.1,25.1,17110,0.0,1.45,1.5
2023-09-17,19.5,10.7,26.9,15957,0.0,1.38,1.6
2023-09-18,20.5,15.8,25.3,10107,0.0,1.78,2.7
2023-09-19,17.5,14.7,20.3,12526,0.0,1.62,3.8
2023-09-20,18.7,14.3,24.8,14324,0.0,1.64,2.8
2023-09-21,20.7,13.0,28.4,14750,0.9,1.58,2.2
2023-09-22,16.6,12.4,20.0,6230,0.0,1.42,2.5
2023-09-23,14.6,11.6,18.7,10952,0.0,1.34,2.5
2023-09-24,14.1,9.5,20.1,12882,0.0,1.2,1.7
2023-09-25,14.6,7.0,22.0,14962,0.0,1.06,1.8
2023-09-26,16.4,7.3,24.1,15258,0.0,1.11,1.2
2023-09-27,18.7,9.1,26.4,13724,0.0,1.24,1.4
2023-09-28,18.8,13.0,25.7,13659,0.0,1.54,1.6
2023-09-29,18.5,14.2,23.6,6440,1.5,1.61,2.3
2023-09-30,14.3,10.8,19.5,11485,0.0,1.28,2.0
2023-10-01,15.6,11.7,19.7,6872,0.0,1.36,1.8
2023-10-02,19.5,15.0,24.8,11815,0.0,1.69,1.7
2023-10-03,17.3,12.7,23.2,5819,2.2,1.47,3.6
2023-10-04,14.1,11.5,17.5,7436,0.1,1.33,3.0
2023-10-05,13.1,11.3,16.4,6151,0.9,1.3,2.6
2023-10-06,15.1,12.1,17.4,4723,0.5,1.38,3.0
2023-10-07,15.4,10.4,18.6,4563,14.3,1.24,3.4
2023-10-08,11.9,9.5,14.9,11034,4.0,1.15,1.8
2023-10-09,10.4,8.9,11.5,4412,1.2,1.1,1.9
2023-10-10,14.5,10.9,16.8,4899,0.0,1.27,1.8
2023-10-11,18.6,13.9,23.3,9337,2.7,1.58,3.2
2023-10-12,14.5,12.2,19.4,4818,2.4,1.4,2.3
2023-10-13,18.0,12.8,22.4,5204,3.5,1.47,3.3
2023-10-14,13.5,7.9,19.8,8496,0.1,1.08,4.0
2023-10-15,7.9,5.2,11.0,9362,0.0,0.87,3.2
2023-10-16,6.8,3.4,11.1,8781,0.0,0.77,1.9
2023-10-17,6.3,0.2,11.4,4206,0.0,0.63,1.5
2023-10-18,5.8,-1.3,12.2,10366,0.7,0.58,2.3
2023-10-19,6.6,5.5,7.2,3699,4.6,0.87,2.9
2023-10-20,5.9,5.0,6.8,3632,8.7,0.84,4.0
2023-10-21,11.4,6.6,18.3,6115,0.1,1.0,2.7
2023-10-22,12.9,10.2,16.5,7420,0.0,1.22,2.4
2023-10-23,10.8,7.2,14.1,5096,0.3,1.0,1.6
2023-10-24,11.3,9.4,12.7,3373,12.9,1.14,2.0
2023-10-25,10.5,7.7,13.9,6349,15.1,1.03,2.3
2023-10-26,9.6,8.6,11.1,3249,1.2,1.07,2.3
2023-10-27,9.1,8.4,9.9,3188,5.6,1.06,2.3
2023-10-28,9.9,8.5,11.9,3194,2.4,1.08,2.6
2023-10-29,12.2,8.8,14.9,3070,2.5,1.1,3.3
2023-10-30,13.0,10.8,16.7,5236,2.4,1.26,2.5
2023-10-31,10.6,6.4,12.4,3144,0.5,0.94,3.2
2023-11-01,10.3,6.4,14.0,4698,0.0,0.95,2.7
2023-11-02,11.1,8.4,13.3,3213,1.1,1.07,3.7
2023-11-03,9.8,7.8,11.6,4123,0.0,1.02,3.1
2023-11-04,8.8,5.8,11.6,6206,1.6,0.9,3.6
2023-11-05,10.1,7.9,12.1,2807,5.3,1.03,4.0
2023-11-06,11.0,9.5,13.0,3980,0.0,1.14,4.1
2023-11-07,9.2,6.5,12.5,5066,0.6,0.94,3.4
2023-11-08,8.4,5.5,11.5,3509,0.3,0.88,3.5
2023-11-09,9.0,6.2,10.8,2495,1.1,0.92,3.3
2023-11-10,8.3,4.8,11.0,2949,0.3,0.84,3.1
2023-11-11,5.6,2.6,8.5,2898,0.3,0.72,2.6
2023-11-12,6.5,4.7,8.0,2415,0.4,0.83,1.8
2023-11-13,7.1,4.3,9.9,4836,5.6,0.81,3.1
2023-11-14,10.9,8.7,13.4,2330,9.7,1.09,4.7
2023-11-15,7.4,4.0,9.2,3545,1.8,0.79,3.4
2023-11-16,6.1,1.6,8.5,3129,0.1,0.67,2.7
2023-11-17,3.9,2.2,5.2,2160,0.0,0.69,2.4
2023-11-18,4.0,3.0,5.8,3135,11.3,0.73,2.2
2023-11-19,8.2,4.0,11.7,2738,9.3,0.8,3.8
2023-11-20,9.4,7.0,10.6,2053,14.4,0.97,2.9
2023-11-21,3.9,-0.9,7.1,2020,0.0,0.57,2.2
2023-11-22,-0.4,-3.0,2.0,4651,0.0,0.48,2.3
2023-11-23,7.9,1.9,11.1,1957,2.0,0.7,4.9
2023-11-24,4.0,0.1,7.2,3255,2.1,0.6,4.9
2023-11-25,0.8,-0.2,1.5,2039,1.3,0.58,3.4
2023-11-26,-0.2,-1.9,1.3,4103,0.0,0.51,2.2
2023-11-27,0.2,-1.0,2.0,1844,1.4,0.55,2.6
2023-11-28,-1.2,-3.4,0.5,3645,0.0,0.46,2.9
2023-11-29,-0.9,-2.9,0.7,1795,0.1,0.48,2.8
2023-11-30,-4.1,-7.9,-0.3,2938,0.0,0.33,1.3
2023-12-01,-6.4,-9.6,-4.1,1750,0.0,0.29,1.6
2023-12-02,-4.1,-6.2,-1.9,1729,0.1,0.37,2.1
2023-12-03,-2.9,-6.3,-1.8,1709,0.0,0.37,2.1
2023-12-04,-2.9,-6.4,-0.4,1691,0.0,0.37,2.6
2023-12-05,-1.0,-2.3,0.1,1673,1.8,0.5,3.1
2023-12-06,0.5,0.0,1.0,1657,1.5,0.58,2.2
2023-12-07,0.7,0.3,1.7,1642,0.0,0.6,1.6
2023-12-08,0.7,0.3,1.3,1628,0.6,0.6,2.4
2023-12-09,2.9,0.8,5.7,1657,3.6,0.63,2.9
2023-12-10,5.8,3.1,8.2,1603,11.6,0.74,4.0
2023-12-11,7.7,5.7,9.0,1634,15.9,0.89,3.6
2023-12-12,5.8,3.6,7.7,1832,6.4,0.76,2.0
2023-12-13,4.5,3.1,5.6,1574,3.5,0.74,2.4
2023-12-14,2.8,2.1,3.5,1566,0.0,0.68,2.0
2023-12-15,3.3,0.2,6.4,1560,0.5,0.61,2.2
2023-12-16,7.4,6.1,8.6,2254,0.0,0.91,2.9
2023-12-17,8.5,6.0,9.9,2002,0.0,0.91,3.1
2023-12-18,6.5,5.3,7.5,1547,0.0,0.86,3.0
2023-12-19,6.4,5.8,7.2,1545,8.7,0.88,3.3
2023-12-20,5.3,3.8,6.9,1667,5.9,0.77,4.2
2023-12-21,7.2,4.1,10.0,1544,9.8,0.8,6.3
2023-12-22,3.2,0.0,4.7,3268,3.7,0.59,6.3
2023-12-23,1.9,0.3,3.0,1548,7.6,0.6,5.0
2023-12-24,7.6,0.3,12.7,1551,10.1,0.65,5.5
2023-12-25,9.9,8.5,11.2,1762,7.9,1.07,5.0
2023-12-26,8.3,4.3,9.8,2016,1.0,0.81,4.6
2023-12-27,3.8,1.9,5.1,3018,0.0,0.68,2.4
2023-12-28,8.5,4.7,10.7,3030,0.0,0.83,4.2
2023-12-29,9.4,6.4,11.3,1877,6.7,0.93,4.8
2023-12-30,6.3,4.5,7.7,1763,0.0,0.81,3.4
2023-12-31,6.0,3.3,8.4,1606,0.5,0.75,3.1
2024-01-01,6.2,4.0,8.5,1618,0.0,0.79,3.7
2024-01-02,5.0,2.3,7.7,1632,13.0,0.7,4.1
2024-01-03,9.3,7.5,10.7,1646,2.9,1.0,5.3
2024-01-04,3.7,-0.6,8.7,1662,0.8,0.58,4.0
2024-01-05,0.2,-0.6,0.8,1678,3.3,0.56,2.9
2024-01-06,-0.4,-1.8,0.8,1696,1.0,0.51,2.6
2024-01-07,-2.0,-6.2,-0.3,1715,0.0,0.37,3.5
2024-01-08,-6.7,-8.7,-4.1,4926,0.0,0.31,3.5
2024-01-09,-7.8,-10.8,-3.6,5107,0.0,0.27,2.3
2024-01-10,-7.1,-10.1,-2.7,5113,0.0,0.28,1.6
2024-01-11,-2.9,-8.2,0.2,1802,0.0,0.33,1.7
2024-01-12,-0.2,-1.5,1.4,1827,0.1,0.53,2.0
2024-01-13,2.0,1.2,3.1,1853,2.8,0.64,3.4
2024-01-14,2.2,1.4,3.3,2020,0.5,0.65,3.6
2024-01-15,1.0,-1.8,2.5,2049,3.4,0.52,4.3
2024-01-16,-1.1,-4.5,0.8,1937,0.1,0.42,2.6
2024-01-17,-3.2,-6.3,-1.4,2979,0.0,0.37,2.4
2024-01-18,-2.9,-4.9,-0.4,3751,0.0,0.41,2.3
2024-01-19,-0.4,-3.2,1.7,5181,0.0,0.47,3.1
2024-01-20,0.6,-4.1,2.9,3160,0.0,0.45,3.1
2024-01-21,-0.3,-5.2,3.1,2402,0.3,0.41,3.4
2024-01-22,6.4,2.2,9.7,2137,3.8,0.71,5.0
2024-01-23,5.7,4.0,7.8,2586,5.0,0.79,4.6
2024-01-24,8.9,4.9,11.2,3618,3.9,0.85,6.6
2024-01-25,6.4,2.0,8.3,3358,0.0,0.69,3.7
2024-01-26,4.7,0.5,9.6,2293,4.1,0.63,3.9
2024-01-27,4.7,1.8,7.1,3953,0.0,0.67,2.7
2024-01-28,2.4,-1.5,7.2,6910,0.0,0.55,2.0
2024-01-29,4.0,0.8,9.6,5849,0.0,0.64,2.0
2024-01-30,4.8,0.5,9.6,4258,0.1,0.63,2.2
2024-01-31,5.5,4.0,9.2,2741,0.7,0.79,2.9
2024-02-01,5.9,4.0,7.6,5371,0.1,0.79,3.7
2024-02-02,6.1,3.8,8.2,2610,0.1,0.77,3.9
2024-02-03,9.4,7.0,10.5,2660,2.4,0.97,4.4
2024-02-04,7.1,5.5,8.2,2711,9.0,0.87,4.8
2024-02-05,9.6,7.7,10.2,2763,1.9,1.01,5.5
2024-02-06,9.8,8.2,11.2,2817,7.9,1.05,5.7
2024-02-07,4.0,-1.1,9.6,4168,0.0,0.57,4.1
2024-02-08,0.8,-1.8,4.1,2926,6.3,0.52,2.3
2024-02-09,3.5,0.2,7.8,2983,6.7,0.61,3.0
2024-02-10,9.4,6.5,12.4,4707,4.6,0.94,2.1
2024-02-11,7.6,5.4,9.4,3098,12.0,0.87,2.9
2024-02-12,6.7,4.0,9.4,3750,1.0,0.79,2.5
2024-02-13,5.3,2.6,8.7,5348,0.0,0.72,2.6
2024-02-14,6.3,1.4,9.6,3280,3.4,0.67,2.7
2024-02-15,11.0,8.8,12.9,3343,0.3,1.1,2.1
2024-02-16,11.8,8.5,15.8,5545,2.8,1.09,2.6
2024-02-17,8.4,5.7,10.9,4239,0.0,0.89,2.4
2024-02-18,6.7,1.5,10.0,4243,5.7,0.68,2.5
2024-02-19,7.9,5.9,9.4,3745,1.2,0.9,3.7
2024-02-20,8.1,6.5,9.2,3742,0.9,0.94,3.2
2024-02-21,8.5,6.8,11.1,4323,0.2,0.96,3.2
2024-02-22,9.7,7.3,12.2,4177,5.8,0.99,4.1
2024-02-23,7.5,2.7,11.9,5001,0.0,0.74,4.1
2024-02-24,5.1,0.7,10.0,7283,0.0,0.65,2.5
2024-02-25,5.3,0.4,11.3,9079,0.0,0.64,2.3
2024-02-26,4.6,-1.4,10.4,7735,0.0,0.56,2.1
2024-02-27,3.3,1.4,4.9,4163,0.0,0.66,2.1
2024-02-28,2.5,-0.5,5.4,7091,0.0,0.57,1.7
2024-02-29,4.2,-1.7,10.3,11926,0.0,0.56,2.4
2024-03-01,6.8,3.9,10.7,5602,1.6,0.8,2.1
2024-03-02,8.7,6.1,12.7,6427,0.0,0.93,2.2
2024-03-03,9.5,5.2,14.0,7435,0.0,0.88,2.3
2024-03-04,8.2,3.6,13.4,9883,0.0,0.79,2.0
2024-03-05,4.4,-1.2,7.8,11621,0.0,0.56,2.3
2024-03-06,2.7,-3.5,7.7,8526,0.0,0.48,1.9
2024-03-07,5.2,0.4,8.9,12953,0.0,0.63,2.6
2024-03-08,3.4,-2.0,9.1,14070,0.0,0.54,3.2
2024-03-09,5.2,-0.4,9.9,9404,0.0,0.6,3.0
2024-03-10,7.8,2.7,12.6,10325,0.0,0.75,3.4
2024-03-11,9.8,4.4,13.1,5975,0.0,0.83,2.8
2024-03-12,8.0,2.5,13.1,9229,0.0,0.74,2.0
2024-03-13,9.4,3.4,13.9,14003,0.1,0.78,2.0
2024-03-14,11.0,6.6,14.8,6149,0.0,0.97,2.1
2024-03-15,11.7,6.3,17.8,9677,0.3,0.97,2.9
2024-03-16,8.8,3.1,13.0,7827,0.7,0.77,3.5
2024-03-17,4.1,0.2,9.0,13509,0.0,0.62,1.8
2024-03-18,2.5,-2.2,8.2,16234,0.0,0.52,2.0
2024-03-19,4.2,-1.4,9.9,14674,0.0,0.57,1.7
2024-03-20,10.1,2.7,17.5,10756,0.2,0.78,1.3
2024-03-21,9.8,5.9,14.0,7750,7.8,0.92,2.4
2024-03-22,9.1,6.0,12.5,6073,9.5,0.92,2.6
2024-03-23,5.7,2.5,8.9,9037,3.3,0.71,3.3
2024-03-24,4.9,2.5,8.7,8742,3.8,0.71,4.2
2024-03-25,5.7,1.2,9.2,8138,0.2,0.66,2.6
2024-03-26,7.3,-0.1,12.7,12298,0.0,0.63,2.6
2024-03-27,11.4,5.5,17.5,13959,0.0,0.93,2.4
2024-03-28,9.2,6.8,13.5,9149,0.5,0.96,3.4
2024-03-29,9.6,4.6,13.8,7070,0.3,0.85,2.8
2024-03-30,13.8,6.5,20.3,11753,0.0,1.01,2.1
2024-03-31,12.8,8.9,17.9,12396,0.0,1.13,1.9
2024-04-01,11.7,7.2,19.4,7856,0.2,1.05,2.9
2024-04-02,10.8,8.0,14.0,10928,3.9,1.04,4.3
2024-04-03,9.8,7.4,11.5,7175,3.4,1.0,2.7
2024-04-04,11.4,8.7,14.6,10817,5.5,1.1,3.6
2024-04-05,14.1,9.9,17.5,11029,1.1,1.21,3.2
2024-04-06,16.8,11.4,22.7,16482,0.0,1.36,2.4
2024-04-07,17.7,13.1,22.6,14090,0.0,1.51,2.4
2024-04-08,18.4,13.8,25.5,15201,0.1,1.6,1.8
2024-04-09,16.7,11.2,24.9,14435,0.0,1.39,3.3
2024-04-10,11.3,6.2,14.3,12096,0.0,0.94,2.6
2024-04-11,12.1,5.3,16.3,13769,0.0,0.91,2.3
2024-04-12,15.3,12.6,19.1,8917,0.0,1.43,2.3
2024-04-13,17.1,11.2,21.8,17613,0.0,1.34,2.5
2024-04-14,14.0,7.1,18.3,17282,0.0,1.03,3.2
2024-04-15,9.2,5.3,13.3,10767,2.4,0.88,3.2
2024-04-16,6.2,2.2,10.1,10396,4.2,0.7,4.0
2024-04-17,6.0,1.0,11.0,15446,0.4,0.66,2.1
2024-04-18,6.2,0.1,12.2,17871,0.4,0.63,2.2
2024-04-19,5.8,4.3,9.1,9254,7.1,0.8,4.0
2024-04-20,5.8,1.7,8.6,13656,0.0,0.68,2.8
2024-04-21,3.9,-0.7,9.3,17975,0.1,0.59,2.5
2024-04-22,2.7,-2.5,7.4,13018,0.4,0.52,2.0
2024-04-23,4.4,-1.2,8.9,15944,0.0,0.56,2.0
2024-04-24,5.7,0.8,9.4,10225,1.5,0.64,2.5
2024-04-25,5.0,0.4,9.3,12802,6.2,0.63,2.3
2024-04-26,9.2,2.1,14.9,21609,0.0,0.73,2.1
2024-04-27,13.4,4.2,20.6,23638,0.0,0.89,2.1
2024-04-28,16.7,10.2,23.3,19060,0.2,1.27,2.7
2024-04-29,15.3,11.4,19.7,16624,0.0,1.33,1.8
2024-04-30,19.0,8.9,26.8,24094,0.0,1.24,2.1
2024-05-01,20.6,14.2,25.9,25173,0.0,1.64,3.0
2024-05-02,20.3,13.9,25.8,23821,0.0,1.62,3.3
2024-05-03,18.2,12.9,22.9,20139,0.1,1.5,2.8
2024-05-04,15.6,11.4,20.5,20473,3.2,1.33,1.6
2024-05-05,14.9,9.5,20.5,17005,0.3,1.21,2.6
2024-05-06,13.1,7.4,19.2,24091,0.0,1.06,1.9
2024-05-07,11.2,7.1,15.8,10996,0.0,1.0,2.1
2024-05-08,12.2,6.0,18.8,21555,0.0,0.96,1.8
2024-05-09,13.3,5.2,19.6,25598,0.0,0.93,1.5
2024-05-10,16.1,9.1,22.4,17872,0.0,1.2,1.6
2024-05-11,14.2,10.1,19.5,16078,0.0,1.23,1.8
2024-05-12,15.1,7.1,20.8,28345,0.0,1.06,2.4
2024-05-13,17.4,9.2,24.1,28430,0.0,1.23,2.4
2024-05-14,18.7,10.8,25.1,28637,0.0,1.34,3.1
2024-05-15,20.0,12.6,25.4,28467,0.0,1.5,3.1
2024-05-16,19.9,12.9,25.4,22152,0.0,1.51,3.3
2024-05-17,19.1,13.2,25.0,24853,0.0,1.55,3.4
2024-05-18,15.7,12.5,18.9,15366,1.2,1.42,2.1
2024-05-19,16.1,10.4,20.8,19446,4.3,1.26,1.8
2024-05-20,16.7,11.0,23.2,21014,0.6,1.33,1.6
2024-05-21,20.5,11.0,26.4,24855,0.3,1.38,2.9
2024-05-22,19.0,14.6,24.7,13162,8.6,1.67,2.7
2024-05-23,18.0,12.3,23.2,21806,0.0,1.45,1.9
2024-05-24,18.1,10.8,24.4,22362,9.0,1.35,1.7
2024-05-25,17.8,13.5,23.1,20383,3.5,1.55,1.6
2024-05-26,19.5,13.4,24.6,27025,0.0,1.55,1.7
2024-05-27,19.2,15.1,23.8,16026,4.7,1.7,1.8
2024-05-28,15.5,10.7,18.9,15937,1.4,1.27,2.2
2024-05-29,16.3,9.2,21.5,18134,0.0,1.19,2.4
2024-05-30,15.5,11.8,19.5,14988,5.4,1.37,1.8
2024-05-31,17.4,14.1,21.8,18203,0.0,1.58,2.2
2024-06-01,19.8,13.9,25.5,22185,0.2,1.6,2.6
2024-06-02,18.6,14.7,23.3,20178,0.0,1.65,2.9
2024-06-03,14.1,12.4,16.7,11915,0.0,1.4,2.3
2024-06-04,15.7,11.6,20.5,14491,0.0,1.36,1.6
2024-06-05,15.2,11.7,21.0,13493,2.3,1.37,2.5
2024-06-06,15.1,8.7,20.3,24883,0.1,1.14,1.9
2024-06-07,15.0,10.1,21.0,20818,0.0,1.25,1.8
2024-06-08,17.8,7.5,25.5,26718,0.0,1.14,2.4
2024-06-09,14.7,8.2,20.9,30318,0.0,1.12,2.5
2024-06-10,13.6,9.2,19.5,18955,2.2,1.17,2.4
2024-06-11,12.9,8.9,18.3,16667,0.1,1.14,3.1
2024-06-12,12.4,7.9,17.4,20390,2.4,1.07,2.3
2024-06-13,13.1,8.1,18.2,20145,0.0,1.08,1.8
2024-06-14,14.4,9.2,19.3,10813,0.0,1.17,2.4
2024-06-15,16.0,10.5,22.3,17475,4.1,1.29,3.2
2024-06-16,18.2,9.9,24.2,25671,0.2,1.27,2.4
2024-06-17,18.4,12.6,25.5,22732,7.9,1.49,1.9
2024-06-18,19.1,12.8,25.6,22350,5.3,1.52,1.6
2024-06-19,15.9,10.7,19.4,13265,0.7,1.27,2.2
2024-06-20,16.8,8.6,22.8,24780,0.0,1.17,1.7
2024-06-21,19.9,15.3,24.2,14029,3.9,1.74,2.1
2024-06-22,18.7,14.8,22.5,15817,1.5,1.65,2.9
2024-06-23,17.9,13.1,23.2,21438,0.0,1.5,1.9
2024-06-24,19.2,11.6,25.3,28079,0.0,1.42,1.7
2024-06-25,21.3,13.7,26.8,28706,0.0,1.6,2.2
2024-06-26,24.3,15.1,30.8,30609,0.0,1.82,1.9
2024-06-27,24.2,18.2,30.7,21010,0.1,2.11,1.8
2024-06-28,21.9,14.5,26.7,25209,3.5,1.68,2.5
2024-06-29,22.5,11.8,28.9,28126,2.1,1.48,1.8
2024-06-30,20.0,16.3,26.2,12151,7.3,1.84,2.8
2024-07-01,16.6,12.9,19.1,13027,2.7,1.46,2.3
2024-07-02,14.6,12.8,16.7,11606,1.5,1.44,2.7
2024-07-03,14.6,11.9,18.0,12095,0.0,1.37,2.2
2024-07-04,14.7,10.8,19.2,17296,3.5,1.28,3.2
2024-07-05,16.3,8.3,21.6,20706,0.0,1.14,2.8
2024-07-06,21.0,13.0,32.2,24492,1.4,1.64,3.2
2024-07-07,18.0,11.7,23.5,25856,0.0,1.39,2.4
2024-07-08,19.5,9.8,26.0,20356,0.0,1.28,1.6
2024-07-09,24.7,15.9,31.5,25271,0.0,1.9,2.0
2024-07-10,23.6,19.2,28.9,20664,22.2,2.2,1.9
2024-07-11,21.5,17.9,26.5,19485,0.0,2.04,1.6
2024-07-12,20.5,16.4,25.5,12861,0.8,1.85,2.3
2024-07-13,17.3,12.3,22.7,16114,0.0,1.45,2.5
2024-07-14,18.0,10.5,24.1,20496,0.4,1.32,1.9
2024-07-15,22.3,13.2,28.9,27770,1.2,1.6,1.8
2024-07-16,20.5,15.4,28.1,16997,1.6,1.78,2.6
2024-07-17,18.9,13.3,24.3,20225,0.0,1.55,2.4
2024-07-18,19.7,13.0,26.3,27594,0.0,1.55,1.4
2024-07-19,22.4,13.6,29.1,27782,0.0,1.65,1.4
2024-07-20,23.6,15.7,30.2,24329,0.0,1.85,1.6
2024-07-21,24.4,18.3,32.4,23514,2.3,2.16,1.8
2024-07-22,19.7,13.8,23.1,14068,0.8,1.56,2.5
2024-07-23,18.7,12.1,28.3,18762,17.2,1.5,2.2
2024-07-24,18.4,13.5,22.9,20820,0.0,1.54,2.5
2024-07-25,17.1,11.0,23.0,26107,0.0,1.34,1.4
2024-07-26,19.6,14.1,24.6,13229,15.8,1.62,1.8
2024-07-27,18.8,16.5,23.0,10320,35.9,1.83,1.3
2024-07-28,18.0,13.9,22.7,21162,1.3,1.56,2.5
2024-07-29,17.8,12.0,24.0,28377,0.0,1.43,1.7
2024-07-30,20.1,10.7,28.1,27052,0.0,1.4,1.4
2024-07-31,22.4,14.7,29.3,21669,0.0,1.75,1.5
2024-08-01,21.7,14.2,27.7,26743,0.0,1.68,1.7
2024-08-02,18.9,15.9,22.3,10354,0.0,1.78,1.8
2024-08-03,20.0,12.8,25.7,22759,6.2,1.51,1.5
2024-08-04,19.1,14.4,23.3,17181,3.8,1.62,2.3
2024-08-05,17.6,12.4,23.2,22816,0.0,1.46,1.5
2024-08-06,20.0,11.4,26.3,26479,0.0,1.41,1.5
2024-08-07,22.5,15.5,29.6,23830,6.6,1.83,1.8
2024-08-08,19.4,15.3,23.0,17092,0.0,1.71,1.8
2024-08-09,19.0,14.2,23.2,12074,3.9,1.61,2.7
2024-08-10,20.2,14.1,25.4,22551,0.0,1.63,2.3
2024-08-11,20.4,13.8,25.4,24356,0.0,1.59,1.8
2024-08-12,20.2,11.3,27.0,25788,0.0,1.42,1.6
2024-08-13,22.6,14.5,29.7,24834,0.0,1.72,2.1
2024-08-14,23.6,17.0,32.1,22936,4.8,2.02,1.8
2024-08-15,22.4,17.9,27.2,18807,0.0,2.04,1.7
2024-08-16,22.5,16.5,29.5,19170,0.5,1.92,1.9
2024-08-17,21.2,16.8,26.7,11568,4.3,1.92,1.5
2024-08-18,18.6,16.1,22.2,9153,0.1,1.78,1.7
2024-08-19,17.5,11.9,23.0,15698,0.0,1.41,1.7
2024-08-20,19.9,10.8,26.6,21496,0.0,1.36,1.8
2024-08-21,18.9,12.4,23.1,15953,0.0,1.45,3.2
2024-08-22,18.1,13.0,23.6,12863,0.0,1.5,2.3
2024-08-23,22.3,15.6,29.1,18934,0.0,1.83,3.2
2024-08-24,24.3,16.0,31.7,21197,0.1,1.92,2.6
2024-08-25,19.7,10.8,27.7,13818,0.0,1.38,2.8
2024-08-26,17.4,8.8,25.1,20470,0.0,1.21,1.6
2024-08-27,19.0,9.3,26.7,21901,0.0,1.26,1.7
2024-08-28,22.5,12.4,29.9,21752,0.0,1.56,1.8
2024-08-29,26.0,18.3,33.5,20826,0.0,2.18,1.6
2024-08-30,20.8,14.0,25.9,11519,4.9,1.63,1.9
