Date,TempMean,TempMin,TempMax,Radiation,Precipitation,VapPressure,Windspeed
2000-01-01,2.5,-2.3,4.4,1704,2.0,0.51,2.1
2000-01-02,4.4,3.0,5.0,1718,0.0,0.73,2.3
2000-01-03,6.3,4.8,7.1,1733,0.1,0.83,3.2
2000-01-04,5.3,5.1,6.5,1749,3.1,0.84,3.3
2000-01-05,1.7,-1.4,6.8,3997,0.0,0.55,3.1
2000-01-06,2.7,-2.7,6.3,4161,1.2,0.5,2.7
2000-01-07,4.5,2.9,8.2,2327,0.0,0.74,2.3
2000-01-08,4.3,-0.5,6.1,3448,0.8,0.57,2.9
2000-01-09,2.9,1.6,5.8,1848,0.0,0.67,1.7
2000-01-10,1.7,-1.0,2.4,1871,0.0,0.55,1.7
2000-01-11,-0.2,-1.4,2.9,3739,0.0,0.53,2.2
2000-01-12,-1.4,-5.4,1.8,4416,0.0,0.4,2.7
2000-01-13,-2.6,-5.6,0.7,4787,0.0,0.39,2.6
2000-01-14,-1.2,-2.9,-0.3,1976,0.0,0.47,1.5
2000-01-15,-1.1,-1.8,0.3,2005,0.1,0.52,1.6
2000-01-16,3.0,-3.1,4.3,2035,1.4,0.48,2.5
2000-01-17,7.4,4.6,7.8,2067,2.1,0.82,5.4
2000-01-18,3.7,1.7,7.6,3351,1.7,0.68,5.4
2000-01-19,0.0,-1.3,3.3,4858,0.7,0.54,2.8
2000-01-20,3.7,-2.6,4.4,2169,1.5,0.5,4.1
2000-01-21,-0.1,-2.6,4.6,4791,0.3,0.49,4.2
2000-01-22,-1.6,-2.8,0.3,2243,4.9,0.48,2.6
2000-01-23,-8.7,-11.6,-2.5,5791,0.0,0.25,2.1
2000-01-24,-6.9,-11.2,-2.6,3968,0.0,0.26,1.4
2000-01-25,-6.1,-14.8,-2.1,3456,0.3,0.2,1.9
2000-01-26,1.9,-4.5,2.8,2405,0.3,0.43,2.8
2000-01-27,2.3,1.9,3.3,2449,0.0,0.67,3.4
2000-01-28,1.0,0.5,2.3,2494,1.1,0.61,4.2
2000-01-29,5.8,0.1,8.3,2540,8.8,0.61,6.5
2000-01-30,4.9,2.6,7.6,5184,6.3,0.71,5.8
2000-01-31,8.1,3.6,11.3,5040,1.8,0.78,5.9
2000-02-01,8.6,6.6,10.2,2685,2.9,0.94,3.6
2000-02-02,6.4,5.6,7.9,2735,3.3,0.88,3.8
2000-02-03,2.7,0.4,7.1,5630,1.1,0.61,3.9
2000-02-04,6.5,-1.5,8.1,2899,0.4,0.55,3.9
2000-02-05,6.8,4.5,8.7,2894,0.0,0.82,3.5
2000-02-06,7.0,3.6,13.3,4756,0.1,0.79,2.7
2000-02-07,8.2,4.1,9.9,4530,0.8,0.8,4.3
2000-02-08,8.8,6.7,9.7,3249,6.0,0.95,5.5
2000-02-09,4.8,4.0,9.8,3747,3.0,0.79,5.9
2000-02-10,6.8,5.2,9.7,5016,2.6,0.86,4.0
2000-02-11,3.8,1.8,8.3,5676,0.0,0.68,2.7
2000-02-12,2.6,-2.2,7.3,8814,0.8,0.52,3.4
2000-02-13,2.7,1.2,4.3,3564,7.2,0.64,3.9
2000-02-14,2.0,0.9,4.7,6154,0.8,0.63,2.9
2000-02-15,4.0,0.9,8.7,4572,0.4,0.64,3.2
2000-02-16,2.4,0.7,6.1,3698,1.9,0.63,3.9
2000-02-17,1.9,-0.6,4.7,5144,0.1,0.57,2.9
2000-02-18,2.3,0.2,5.8,5648,0.4,0.6,3.0
2000-02-19,2.0,1.2,4.1,3765,2.5,0.64,2.6
2000-02-20,0.8,0.4,3.3,4691,0.2,0.6,2.5
2000-02-21,-2.4,-4.1,2.2,7804,0.1,0.44,1.4
2000-02-22,-0.2,-4.9,1.9,3977,1.7,0.42,1.7
2000-02-23,1.4,-0.3,6.7,4493,0.0,0.58,1.5
2000-02-24,3.5,-2.5,6.7,4123,6.1,0.51,3.2
2000-02-25,2.4,0.8,4.7,4499,0.6,0.62,3.4
2000-02-26,5.1,2.5,7.4,5342,0.0,0.71,2.1
2000-02-27,5.7,-2.2,10.7,10991,0.0,0.54,2.7
2000-02-28,10.0,6.8,17.2,9891,1.5,0.99,4.4
2000-02-29,7.0,3.8,10.0,6870,2.2,0.78,4.0
2000-03-01,5.5,3.3,8.8,6015,0.5,0.75,4.1
2000-03-02,3.8,1.7,6.8,9496,3.2,0.67,4.3
2000-03-03,4.7,3.1,9.3,5226,2.9,0.74,6.1
2000-03-04,0.9,-0.2,4.1,7698,0.2,0.58,4.6
2000-03-05,1.3,-0.5,3.8,6561,0.4,0.57,3.7
2000-03-06,6.4,0.6,8.8,5314,0.0,0.63,3.9
2000-03-07,9.6,6.6,12.8,5229,3.7,0.96,4.8
2000-03-08,10.9,9.0,11.6,5142,6.8,1.11,5.4
2000-03-09,7.8,4.9,12.5,5743,8.0,0.86,5.8
2000-03-10,3.4,-2.0,7.7,10724,2.1,0.53,3.0
2000-03-11,6.1,2.2,9.9,6449,3.4,0.71,4.8
2000-03-12,4.0,2.8,6.4,5741,0.6,0.72,1.7
2000-03-13,8.2,3.8,11.8,7535,1.3,0.8,2.0
2000-03-14,6.8,4.6,10.1,5643,9.6,0.82,3.9
2000-03-15,3.3,1.2,7.3,9844,7.3,0.65,4.8
2000-03-16,3.5,1.6,6.5,7935,7.5,0.66,3.9
2000-03-17,3.4,0.6,7.0,11389,0.0,0.62,3.4
2000-03-18,3.8,-1.3,8.8,13961,0.0,0.56,2.0
2000-03-19,4.7,-1.3,10.3,15912,0.0,0.57,2.3
2000-03-20,5.2,3.3,6.4,6155,0.0,0.75,2.1
2000-03-21,4.3,1.5,10.1,8165,0.0,0.68,1.6
2000-03-22,4.5,-1.0,12.3,10981,0.0,0.59,1.6
2000-03-23,5.3,0.3,13.7,11787,0.0,0.65,1.5
2000-03-24,7.3,-0.2,10.8,7780,0.3,0.62,2.7
2000-03-25,9.5,6.1,13.8,7181,0.0,0.93,2.1
2000-03-26,7.1,4.1,14.2,8071,1.0,0.83,2.0
2000-03-27,5.8,4.6,8.3,6759,0.6,0.82,1.9
2000-03-28,5.0,3.2,6.8,6845,6.6,0.74,3.0
2000-03-29,7.1,4.6,8.0,6931,0.0,0.82,3.8
2000-03-30,6.1,5.3,8.1,7016,1.6,0.86,3.7
2000-03-31,5.2,4.9,6.8,7102,1.2,0.83,1.9
2000-04-01,7.6,0.3,11.4,7708,0.0,0.63,1.5
2000-04-02,8.2,2.7,13.4,17331,0.0,0.75,1.8
2000-04-03,11.6,3.2,18.4,19482,0.0,0.82,2.6
2000-04-04,9.6,5.7,13.4,7548,0.4,0.91,2.2
2000-04-05,4.0,1.3,8.9,11154,0.0,0.66,3.2
2000-04-06,4.7,-1.5,10.6,20919,0.0,0.57,2.8
2000-04-07,5.0,1.7,8.4,8989,0.0,0.68,2.5
2000-04-08,6.7,1.5,9.7,7994,0.0,0.68,1.5
2000-04-09,5.0,3.1,10.9,19755,0.0,0.75,2.6
2000-04-10,4.8,-2.1,11.9,16938,0.0,0.56,2.0
2000-04-11,7.3,-0.9,13.3,18280,0.0,0.61,1.8
2000-04-12,6.2,1.2,11.5,8548,3.8,0.67,2.9
2000-04-13,8.4,1.7,12.9,13755,1.2,0.71,3.5
2000-04-14,7.9,6.3,11.0,10056,0.3,0.93,2.6
2000-04-15,12.2,0.3,20.9,11044,23.5,0.71,2.4
2000-04-16,9.0,6.2,14.9,19493,0.0,0.94,2.7
2000-04-17,14.0,5.5,21.2,17124,0.0,0.96,2.8
2000-04-18,13.7,10.4,19.4,14732,0.2,1.25,1.9
2000-04-19,12.7,10.7,17.4,13233,0.9,1.26,1.7
2000-04-20,12.8,7.4,20.4,18497,0.0,1.06,1.5
2000-04-21,14.8,7.9,24.7,20687,0.0,1.15,1.9
2000-04-22,19.2,10.2,26.7,21502,0.0,1.33,2.1
2000-04-23,21.8,12.3,29.4,21391,0.0,1.55,1.9
2000-04-24,13.0,11.3,18.8,18709,0.1,1.32,2.6
2000-04-25,9.6,7.8,13.3,9101,0.0,1.03,1.7
2000-04-26,16.4,3.3,23.4,25026,0.0,0.88,2.3
2000-04-27,20.1,12.2,26.9,19611,0.0,1.49,2.2
2000-04-28,20.6,17.2,25.7,9548,0.0,1.95,2.8
2000-04-29,20.4,15.9,27.6,22422,0.0,1.84,2.3
2000-04-30,19.0,10.7,28.9,20269,0.4,1.4,1.4
2000-05-01,20.4,13.1,27.0,19413,0.1,1.57,1.8
2000-05-02,17.4,13.1,23.8,24528,0.0,1.51,2.3
2000-05-03,14.3,8.3,22.2,23913,0.0,1.13,1.7
2000-05-04,15.1,5.8,23.8,24134,0.0,1.01,1.5
2000-05-05,17.5,5.6,25.6,25678,0.0,1.03,1.9
2000-05-06,18.0,7.1,25.9,25898,0.0,1.11,2.2
2000-05-07,19.6,10.0,26.8,25874,0.0,1.31,2.3
2000-05-08,20.5,12.4,26.9,25605,0.0,1.5,1.9
2000-05-09,20.3,11.1,26.3,22291,0.0,1.4,1.4
2000-05-10,19.6,11.9,27.7,23836,0.0,1.48,1.3
2000-05-11,20.2,12.2,27.3,25872,0.0,1.49,1.9
2000-05-12,15.3,10.5,20.8,27057,0.0,1.27,2.6
2000-05-13,14.5,5.8,22.5,27263,0.0,1.0,1.8
2000-05-14,18.0,5.6,27.3,27467,0.0,1.04,1.5
2000-05-15,20.6,8.0,30.4,27300,0.0,1.25,1.3
2000-05-16,21.8,9.6,31.9,26268,0.0,1.39,1.5
2000-05-17,17.6,12.1,31.6,23504,0.0,1.55,2.6
2000-05-18,14.7,10.1,20.6,14184,0.0,1.25,2.3
2000-05-19,13.0,6.0,18.8,16956,3.4,0.96,2.4
2000-05-20,10.3,8.1,11.8,12304,6.7,1.05,2.2
2000-05-21,13.6,8.0,18.1,20159,2.0,1.07,1.5
2000-05-22,11.2,10.4,13.8,10780,6.7,1.22,2.2
2000-05-23,14.5,6.2,20.3,21009,0.0,1.0,1.8
2000-05-24,16.7,11.1,20.3,11979,0.0,1.31,2.1
2000-05-25,15.6,13.0,20.9,11645,3.5,1.47,3.2
2000-05-26,15.5,9.6,20.5,23521,0.0,1.21,2.2
2000-05-27,13.5,11.5,19.1,14587,4.6,1.34,3.4
2000-05-28,14.4,8.1,19.3,17370,0.7,1.1,3.8
2000-05-29,11.7,8.9,16.8,21780,0.8,1.13,3.6
2000-05-30,11.7,7.2,15.3,18068,0.9,1.01,1.9
2000-05-31,13.4,5.1,19.8,24857,0.0,0.92,1.5
2000-06-01,18.2,5.8,21.7,16758,0.0,0.99,2.1
2000-06-02,21.2,15.8,29.7,30063,0.0,1.85,2.3
2000-06-03,21.1,13.0,26.5,27091,2.7,1.54,1.6
2000-06-04,20.6,15.3,28.5,21857,0.0,1.77,2.1
2000-06-05,17.0,15.9,19.3,11349,6.2,1.74,1.7
2000-06-06,15.2,13.5,16.6,11621,0.0,1.49,2.9
2000-06-07,13.8,10.0,18.4,23689,0.0,1.22,3.0
2000-06-08,15.7,6.2,22.1,28859,0.0,1.01,1.8
2000-06-09,21.8,10.7,29.4,30262,0.0,1.4,2.6
2000-06-10,25.2,14.4,34.4,28145,0.0,1.81,1.9
2000-06-11,20.6,17.3,27.9,21252,2.6,1.98,2.2
2000-06-12,18.7,14.0,23.4,24533,0.0,1.59,2.3
2000-06-13,24.2,12.0,30.9,30326,0.0,1.53,2.1
2000-06-14,20.0,14.8,24.9,17893,2.5,1.69,1.8
2000-06-15,14.6,13.3,18.4,15261,0.3,1.49,2.9
2000-06-16,13.1,9.2,17.4,22055,0.0,1.15,3.2
2000-06-17,14.2,5.8,21.8,29350,0.0,0.99,1.7
2000-06-18,20.3,6.8,27.9,25455,0.0,1.14,1.5
2000-06-19,25.7,11.8,34.4,30609,0.0,1.6,1.5
2000-06-20,26.8,15.3,36.9,29979,0.0,1.95,1.5
2000-06-21,28.2,17.4,37.4,28215,0.0,2.18,1.9
2000-06-22,20.8,17.5,29.4,20796,2.2,2.04,2.4
2000-06-23,17.7,12.8,25.2,16894,0.1,1.5,2.7
2000-06-24,13.9,11.5,20.8,12742,3.8,1.35,2.5
2000-06-25,14.4,11.5,18.4,12859,0.2,1.34,3.1
2000-06-26,13.2,11.4,16.9,14104,0.5,1.31,3.5
2000-06-27,12.9,10.3,15.9,14469,0.1,1.22,3.3
2000-06-28,12.6,9.9,16.0,12824,0.0,1.18,2.7
2000-06-29,13.5,10.8,14.9,11304,0.1,1.26,2.5
2000-06-30,14.3,11.1,16.1,11289,0.0,1.28,2.5
2000-07-01,18.6,6.3,24.2,22173,1.9,1.05,2.1
2000-07-02,17.7,13.1,24.2,17640,0.0,1.52,1.4
2000-07-03,20.0,15.6,26.0,11859,1.2,1.77,1.9
2000-07-04,18.3,14.3,23.7,14214,0.0,1.62,1.8
2000-07-05,18.0,14.9,23.0,12313,5.0,1.67,2.9
2000-07-06,15.2,13.5,21.1,14412,0.2,1.52,2.2
2000-07-07,17.1,7.7,22.0,20128,0.0,1.11,1.9
2000-07-08,14.2,11.9,17.6,14354,0.0,1.36,2.6
2000-07-09,16.8,11.8,22.1,15570,0.0,1.4,2.8
2000-07-10,16.1,14.3,22.3,15785,2.1,1.6,3.2
2000-07-11,17.7,14.7,23.1,15500,0.0,1.66,3.0
2000-07-12,14.6,13.0,16.9,11732,0.0,1.45,3.4
2000-07-13,15.4,9.1,21.4,21015,0.2,1.19,2.9
2000-07-14,14.0,13.3,21.6,13895,3.2,1.52,2.6
2000-07-15,14.4,9.8,18.5,16086,0.0,1.2,2.1
2000-07-16,16.3,9.1,22.5,14927,0.0,1.2,1.7
2000-07-17,16.2,12.3,19.5,18222,0.0,1.41,2.0
2000-07-18,13.6,12.3,15.0,10759,0.3,1.38,2.5
2000-07-19,14.0,12.8,15.9,10716,0.2,1.43,3.2
2000-07-20,16.2,13.2,20.7,13507,0.9,1.48,3.0
2000-07-21,14.7,12.3,16.7,10627,0.9,1.38,2.6
2000-07-22,14.9,13.7,20.0,14267,4.5,1.52,1.7
2000-07-23,17.4,10.5,24.0,17649,0.4,1.32,1.2
2000-07-24,20.7,10.3,26.4,21631,0.1,1.34,1.7
2000-07-25,19.6,16.3,26.3,15203,2.2,1.85,2.4
2000-07-26,18.3,17.3,22.4,12946,1.9,1.92,2.0
2000-07-27,19.0,16.3,24.0,16423,2.1,1.81,1.7
2000-07-28,17.9,15.3,22.6,11858,6.0,1.7,2.2
2000-07-29,15.3,14.3,16.5,10222,28.4,1.58,2.4
2000-07-30,16.7,14.1,20.4,11498,0.0,1.58,2.3
2000-07-31,15.3,13.4,20.0,12043,0.0,1.51,1.7
2000-08-01,19.8,9.5,27.5,22715,0.5,1.29,1.5
2000-08-02,18.5,14.9,22.4,11074,4.8,1.67,2.1
2000-08-03,18.3,12.0,23.9,19175,1.5,1.42,1.8
2000-08-04,17.6,13.0,24.1,20888,0.0,1.51,1.4
2000-08-05,17.5,11.3,25.4,24262,0.0,1.4,1.6
2000-08-06,18.2,10.5,23.1,19751,0.0,1.31,2.0
2000-08-07,16.0,13.2,21.7,20729,0.0,1.5,2.4
2000-08-08,16.1,10.5,18.4,12338,0.5,1.25,1.8
2000-08-09,15.1,9.7,21.7,24079,0.0,1.23,1.6
2000-08-10,19.9,9.5,26.4,13483,1.9,1.27,2.0
2000-08-11,18.4,16.7,20.6,9409,0.1,1.84,1.9
2000-08-12,19.1,14.0,25.4,14608,0.0,1.62,1.2
2000-08-13,21.1,12.5,30.2,23388,0.0,1.58,1.1
2000-08-14,22.7,12.5,32.4,24316,0.0,1.61,1.3
2000-08-15,21.6,16.5,30.4,15616,9.1,1.93,1.9
2000-08-16,19.9,17.5,25.8,16790,8.8,1.97,1.9
2000-08-17,19.7,15.5,25.4,20484,6.2,1.75,2.0
2000-08-18,19.8,15.3,23.9,16813,3.2,1.72,1.5
2000-08-19,20.0,17.6,25.9,12255,18.7,1.98,1.7
2000-08-20,20.4,17.8,25.2,16713,10.0,1.99,1.7
2000-08-21,17.0,14.5,21.4,11735,0.4,1.62,2.0
2000-08-22,15.3,12.7,21.3,19987,1.1,1.46,1.4
2000-08-23,14.5,11.5,21.3,20869,0.0,1.36,1.6
2000-08-24,17.1,8.0,22.1,18277,0.0,1.12,2.2
2000-08-25,15.9,13.4,21.2,17485,0.0,1.52,1.9
2000-08-26,17.7,7.9,22.9,21015,0.0,1.12,2.8
2000-08-27,19.5,13.0,25.4,18229,0.1,1.54,2.4
2000-08-28,17.8,15.5,20.4,8124,8.7,1.7,1.7
2000-08-29,16.7,10.5,23.1,17203,0.0,1.31,1.3
2000-08-30,16.6,11.5,22.9,18917,0.0,1.37,1.3
2000-08-31,16.7,13.0,22.6,12950,0.0,1.51,1.3
2000-09-01,17.0,11.0,23.4,14663,3.2,1.34,1.8
2000-09-02,14.8,13.4,18.6,10060,13.6,1.49,2.9
2000-09-03,13.8,12.4,14.3,7629,3.9,1.38,3.6
2000-09-04,11.8,9.7,17.2,10393,0.0,1.19,2.2
2000-09-05,12.3,8.9,16.4,9138,0.2,1.13,1.6
2000-09-06,14.7,7.8,20.1,13107,8.9,1.09,2.4
2000-09-07,13.4,11.4,19.1,14747,0.2,1.33,2.3
2000-09-08,16.3,10.1,18.8,7103,0.1,1.23,2.1
2000-09-09,18.8,17.2,22.0,7223,0.6,1.91,1.5
2000-09-10,17.1,15.4,22.4,13839,0.0,1.72,1.2
2000-09-11,14.5,11.7,18.9,9975,0.0,1.35,1.3
2000-09-12,17.3,9.0,22.7,12973,0.0,1.19,1.9
2000-09-13,17.4,15.6,22.3,10955,0.2,1.74,2.2
2000-09-14,14.4,12.7,19.5,6791,0.0,1.44,1.4
2000-09-15,16.0,11.4,19.9,8860,0.0,1.34,2.1
2000-09-16,14.0,12.5,17.5,6617,11.3,1.41,3.0
2000-09-17,11.8,11.1,13.4,6338,0.0,1.27,2.0
2000-09-18,11.8,10.2,16.8,14395,0.0,1.22,2.1
2000-09-19,9.2,5.7,14.4,12250,0.0,0.91,3.0
2000-09-20,10.3,5.8,11.8,8439,0.0,0.9,3.1
2000-09-21,12.5,7.8,17.4,15443,0.0,1.05,2.8
2000-09-22,10.7,4.7,18.7,12869,0.0,0.89,1.6
2000-09-23,11.4,4.2,19.0,15485,0.0,0.88,2.3
2000-09-24,9.9,4.2,16.4,15500,0.0,0.85,2.4
2000-09-25,12.4,4.8,19.2,12078,0.5,0.91,1.5
2000-09-26,14.8,11.7,18.9,5577,0.0,1.35,1.5
2000-09-27,16.0,10.1,24.6,11975,0.1,1.3,1.8
2000-09-28,17.8,11.9,23.8,9985,0.0,1.41,2.2
2000-09-29,17.0,12.2,22.9,14132,0.0,1.43,2.2
2000-09-30,15.8,11.2,22.7,14054,0.0,1.35,2.0
2000-10-01,16.5,9.5,23.5,11836,12.9,1.25,1.6
2000-10-02,13.7,10.9,19.6,8471,0.1,1.29,1.9
2000-10-03,12.0,7.5,19.1,12552,0.0,1.06,1.5
2000-10-04,14.1,8.9,20.0,6499,0.0,1.15,1.2
2000-10-05,15.1,11.5,18.0,6157,9.6,1.33,1.2
2000-10-06,11.1,10.7,14.9,4762,0.9,1.25,2.1
2000-10-07,9.3,8.7,11.1,4684,5.7,1.09,1.3
2000-10-08,10.7,8.1,13.5,5881,2.4,1.05,1.9
2000-10-09,10.3,8.7,11.4,4528,1.2,1.09,1.9
2000-10-10,9.9,7.0,11.9,4452,0.8,0.97,3.7
2000-10-11,12.1,6.4,14.6,4453,0.3,0.96,3.6
2000-10-12,10.8,8.7,16.5,7968,0.0,1.11,2.2
2000-10-13,12.3,7.2,16.4,5964,0.1,1.01,1.4
2000-10-14,12.2,8.8,17.3,9384,0.0,1.12,1.3
2000-10-15,13.6,10.5,15.2,4079,0.0,1.23,2.4
2000-10-16,12.9,10.5,19.0,8027,0.0,1.27,2.7
2000-10-17,11.5,6.9,16.6,6899,0.0,1.0,1.8
2000-10-18,8.9,5.2,15.9,8795,0.0,0.89,1.4
2000-10-19,10.5,7.8,15.3,4996,0.0,1.05,1.7
2000-10-20,10.1,4.2,14.5,4216,0.0,0.83,1.8
2000-10-21,11.5,7.7,16.5,7799,0.0,1.04,2.2
2000-10-22,10.2,5.2,18.8,8843,0.0,0.92,1.5
2000-10-23,11.1,4.6,17.7,8580,1.3,0.88,2.1
2000-10-24,13.1,10.6,15.5,5526,0.0,1.25,3.5
2000-10-25,13.4,11.0,14.5,3398,0.7,1.27,3.9
2000-10-26,9.9,8.0,14.2,4765,0.8,1.05,3.4
2000-10-27,9.9,6.5,12.0,3723,0.5,0.95,3.0
2000-10-28,11.8,10.7,13.5,3213,0.1,1.25,2.6
2000-10-29,11.7,9.5,15.5,6099,0.0,1.16,4.0
2000-10-30,14.4,8.5,16.5,3094,0.0,1.09,5.3
2000-10-31,11.1,10.5,15.4,3098,0.0,1.24,3.9
2000-11-01,9.5,7.1,13.8,6787,0.0,0.98,3.5
2000-11-02,9.4,4.3,13.1,6924,0.0,0.83,3.2
2000-11-03,7.5,5.6,10.5,2870,2.4,0.88,2.3
2000-11-04,5.4,2.3,11.5,4331,0.0,0.72,2.2
2000-11-05,4.3,1.3,10.5,6045,0.0,0.67,2.3
2000-11-06,6.7,0.8,7.8,3168,0.1,0.64,3.4
2000-11-07,8.7,7.0,13.8,6596,0.0,0.98,2.7
2000-11-08,8.3,3.5,12.8,5335,0.0,0.78,3.3
2000-11-09,7.9,6.2,12.2,5090,0.0,0.92,3.2
2000-11-10,6.8,5.0,9.9,4634,0.0,0.85,3.1
2000-11-11,6.6,3.9,10.0,5207,0.0,0.78,3.0
2000-11-12,7.8,2.3,12.1,4390,0.1,0.73,3.2
2000-11-13,9.7,8.0,12.3,2441,0.6,1.04,2.2
2000-11-14,8.8,7.4,10.6,2347,10.6,0.99,1.4
2000-11-15,7.3,5.8,9.9,4147,0.7,0.89,2.1
2000-11-16,4.3,2.8,9.1,5097,0.0,0.73,2.5
2000-11-17,3.6,-1.2,4.8,2229,2.4,0.55,1.7
2000-11-18,4.1,3.3,7.2,4614,0.0,0.75,3.0
2000-11-19,4.4,2.3,8.5,5481,0.3,0.7,3.5
2000-11-20,4.6,2.6,9.8,4105,0.0,0.72,2.5
2000-11-21,4.6,0.6,5.9,2088,3.9,0.62,1.9
2000-11-22,7.6,2.3,10.3,3241,0.1,0.71,3.0
2000-11-23,5.2,0.2,9.8,3291,0.0,0.62,2.4
2000-11-24,5.2,1.8,7.9,1995,0.0,0.68,2.2
2000-11-25,3.2,0.0,6.4,1966,0.1,0.6,1.9
2000-11-26,4.3,1.4,5.8,2987,0.0,0.66,2.9
2000-11-27,6.3,4.6,8.2,2455,0.0,0.82,2.5
2000-11-28,6.9,2.3,8.8,1887,1.4,0.7,2.5
2000-11-29,9.3,8.4,13.6,3417,0.0,1.08,2.3
2000-11-30,7.1,3.8,11.8,2017,0.3,0.8,1.8
2000-12-01,5.9,3.1,9.5,2955,0.2,0.75,2.3
2000-12-02,6.8,2.6,10.3,1798,0.2,0.73,1.9
2000-12-03,7.1,1.9,10.5,3243,0.0,0.7,2.2
2000-12-04,4.0,-0.1,8.5,2787,0.0,0.6,2.3
2000-12-05,6.1,2.8,10.9,3019,0.0,0.74,2.4
2000-12-06,3.4,0.7,7.0,3840,0.0,0.62,2.4
2000-12-07,5.4,2.1,8.9,4318,0.0,0.69,2.6
2000-12-08,9.5,4.1,10.9,1700,0.5,0.81,3.0
2000-12-09,8.0,6.6,11.9,4183,0.0,0.95,2.7
2000-12-10,8.0,5.3,9.4,2711,1.4,0.86,3.6
2000-12-11,9.4,8.0,10.9,1666,2.9,1.03,3.9
2000-12-12,11.7,9.5,14.0,1657,2.0,1.16,3.3
2000-12-13,11.1,9.3,13.9,3083,0.7,1.13,5.4
2000-12-14,7.7,6.7,9.4,2950,0.7,0.95,4.3
2000-12-15,4.9,3.7,7.1,2290,2.8,0.77,4.5
2000-12-16,3.7,1.9,5.1,1633,2.8,0.68,4.7
2000-12-17,3.6,2.1,4.6,1630,2.8,0.69,2.3
2000-12-18,0.0,-2.5,3.3,2643,0.0,0.49,1.5
2000-12-19,0.8,-3.3,1.9,1627,0.0,0.47,1.4
2000-12-20,-0.5,-1.9,1.1,1627,0.0,0.51,3.1
2000-12-21,-2.1,-2.7,-0.4,3781,0.0,0.48,2.9
2000-12-22,-4.5,-5.8,-2.1,2891,0.0,0.38,2.4
2000-12-23,-4.6,-10.9,-0.7,3955,0.0,0.27,1.7
2000-12-24,-1.2,-3.4,-0.1,1639,8.1,0.46,1.6
2000-12-25,-0.9,-1.8,0.2,1645,1.9,0.51,1.8
2000-12-26,-1.7,-2.8,-1.0,1652,6.3,0.48,1.8
2000-12-27,0.6,-1.9,1.4,1660,0.6,0.51,1.7
2000-12-28,0.6,0.0,2.2,1669,0.0,0.58,2.4
2000-12-29,-1.9,-3.1,1.7,2136,0.0,0.47,2.8
2000-12-30,-0.8,-6.2,2.1,1691,0.6,0.38,2.3
2000-12-31,-0.6,-1.8,0.4,2835,0.0,0.51,2.4
2001-01-01,-0.6,-6.3,2.0,1746,3.4,0.38,3.2
2001-01-02,2.9,0.7,4.9,1760,0.0,0.62,2.9
2001-01-03,3.8,2.1,7.8,2495,0.9,0.69,3.1
2001-01-04,3.0,-0.8,4.8,2985,0.6,0.56,3.1
2001-01-05,5.8,3.3,6.4,2539,9.6,0.75,3.8
2001-01-06,6.4,4.5,9.9,2001,0.6,0.81,3.4
2001-01-07,3.3,2.1,6.7,2545,0.0,0.69,2.4
2001-01-08,0.4,-1.7,6.3,4413,0.0,0.53,2.0
2001-01-09,4.0,-1.6,4.9,1848,0.0,0.53,2.4
2001-01-10,1.0,-1.1,4.3,2138,0.0,0.55,1.6
2001-01-11,-1.3,-4.6,2.3,4593,0.0,0.43,1.9
2001-01-12,-2.5,-4.6,-0.4,1921,0.0,0.42,1.8
2001-01-13,-2.1,-6.1,-1.6,1948,0.0,0.38,2.2
2001-01-14,-2.6,-3.1,-1.6,1976,0.0,0.47,2.2
2001-01-15,-1.7,-3.2,-0.1,2005,0.0,0.46,2.4
2001-01-16,-2.7,-5.6,0.9,4393,0.0,0.4,1.8
2001-01-17,-3.8,-6.7,-0.2,3925,0.0,0.36,1.9
2001-01-18,-2.8,-8.1,0.0,4988,0.3,0.33,1.8
2001-01-19,-2.0,-4.4,1.4,2134,0.0,0.43,1.4
2001-01-20,-1.1,-6.0,0.4,2169,0.0,0.38,1.4
2001-01-21,-0.3,-4.5,0.5,2205,0.0,0.42,1.8
2001-01-22,0.0,-0.6,0.1,2243,1.2,0.56,3.1
2001-01-23,2.9,0.5,4.0,2282,2.9,0.61,3.2
2001-01-24,4.7,2.3,5.8,2322,1.9,0.7,3.6
2001-01-25,4.0,1.4,9.3,5174,0.1,0.67,2.4
2001-01-26,3.6,1.3,8.1,5302,0.0,0.66,2.5
2001-01-27,2.1,-2.6,4.2,3088,9.9,0.49,3.3
2001-01-28,2.8,0.7,3.2,2494,4.4,0.62,2.2
2001-01-29,1.9,1.0,3.1,2540,0.9,0.63,1.3
2001-01-30,0.4,-0.3,1.3,2587,0.4,0.57,1.0
2001-01-31,0.9,-0.8,3.3,3586,0.0,0.55,1.2
2001-02-01,-0.8,-2.0,1.4,2685,2.8,0.51,2.1
2001-02-02,-3.7,-6.0,-0.3,5143,1.1,0.38,2.2
2001-02-03,-4.7,-10.3,-2.7,3077,2.5,0.28,2.7
2001-02-04,-4.4,-5.0,-2.7,2840,8.7,0.41,3.3
2001-02-05,3.3,-5.8,6.6,2894,3.5,0.41,4.3
2001-02-06,9.3,3.5,11.8,2950,3.5,0.78,3.6
2001-02-07,8.5,6.0,11.6,3006,1.2,0.91,2.6
2001-02-08,9.3,6.0,13.1,3125,0.0,0.92,3.1
2001-02-09,2.7,0.8,8.7,3122,0.3,0.64,2.4
2001-02-10,0.2,-2.7,5.0,6787,0.0,0.49,1.3
2001-02-11,7.0,-1.5,9.6,3306,0.2,0.56,3.1
2001-02-12,9.0,7.5,12.2,3304,1.1,1.01,3.0
2001-02-13,3.6,1.6,7.9,3367,0.0,0.67,2.5
2001-02-14,2.4,-0.5,4.6,3431,0.0,0.57,2.0
2001-02-15,1.6,-1.0,8.5,8404,0.0,0.57,1.5
2001-02-16,1.9,-3.9,8.3,6964,1.7,0.47,1.5
2001-02-17,1.7,0.3,3.8,5419,0.0,0.6,2.3
2001-02-18,4.1,-0.1,7.8,4603,0.0,0.6,2.9
2001-02-19,3.9,0.2,4.9,3906,1.4,0.6,2.9
2001-02-20,5.1,1.8,7.4,9899,0.1,0.68,3.8
2001-02-21,5.0,3.3,8.0,5494,4.9,0.75,5.0
2001-02-22,2.9,0.6,5.3,5292,7.0,0.62,4.9
2001-02-23,-2.0,-4.5,1.9,5084,3.6,0.43,2.9
2001-02-24,-8.0,-11.9,-0.3,9576,0.9,0.25,1.6
2001-02-25,-1.5,-11.6,0.8,4499,0.0,0.26,2.2
2001-02-26,-2.5,-5.0,2.5,7863,0.1,0.41,2.2
2001-02-27,-2.8,-8.9,1.7,7669,0.0,0.32,2.5
2001-02-28,-1.2,-6.1,2.7,10203,0.0,0.38,2.1
2001-03-01,1.1,-3.3,5.5,10027,0.4,0.48,2.2
2001-03-02,0.6,-2.6,3.3,5856,0.0,0.49,2.1
2001-03-03,0.0,-3.1,3.8,10383,1.5,0.48,2.0
2001-03-04,0.2,-1.1,1.8,4737,1.9,0.54,2.5
2001-03-05,-0.2,-1.7,3.3,5475,0.2,0.53,1.7
2001-03-06,-0.2,-6.6,4.9,10886,0.0,0.38,2.2
2001-03-07,2.3,-4.0,5.8,8255,0.0,0.45,2.4
2001-03-08,7.2,2.7,11.2,5654,2.5,0.74,2.1
2001-03-09,10.1,5.9,13.3,5827,0.3,0.91,2.7
2001-03-10,9.9,7.8,13.3,5570,1.1,1.03,2.7
2001-03-11,9.7,7.1,13.8,5482,0.3,0.98,2.8
2001-03-12,11.0,8.7,14.4,5567,0.9,1.09,3.0
2001-03-13,7.9,6.4,11.2,11617,0.2,0.93,3.6
2001-03-14,5.3,3.8,8.8,7445,3.2,0.78,3.9
2001-03-15,5.1,3.3,9.9,8816,0.0,0.76,2.3
2001-03-16,3.1,1.3,7.3,5728,0.0,0.65,1.7
2001-03-17,2.8,-0.6,5.4,5813,1.3,0.57,2.5
2001-03-18,2.3,0.4,3.7,5898,8.5,0.61,3.3
2001-03-19,2.8,-0.1,7.3,6171,5.0,0.59,5.0
2001-03-20,-1.0,-3.4,2.5,12315,0.0,0.46,2.1
2001-03-21,0.3,-5.3,4.8,13502,0.1,0.41,2.5
2001-03-22,0.8,-0.8,2.8,6241,1.3,0.56,3.1
2001-03-23,1.3,0.0,2.8,6328,9.5,0.59,2.8
2001-03-24,1.1,0.0,2.7,6414,0.5,0.59,2.6
2001-03-25,0.1,-0.2,1.8,6500,8.6,0.58,3.7
2001-03-26,0.7,-2.6,4.9,15216,0.0,0.5,2.9
2001-03-27,-0.7,-3.5,2.9,15865,0.0,0.46,2.7
2001-03-28,1.9,-3.1,5.8,16219,0.0,0.49,3.7
2001-03-29,4.9,0.3,8.8,7149,0.6,0.62,3.6
2001-03-30,5.5,2.4,8.8,6931,0.7,0.71,1.6
2001-03-31,9.1,3.7,13.8,14620,0.0,0.8,2.1
2001-04-01,11.7,7.6,16.3,7516,0.0,1.04,1.9
2001-04-02,12.4,3.7,20.4,17494,0.0,0.86,1.8
2001-04-03,10.5,5.6,19.1,12197,0.7,0.95,2.6
2001-04-04,10.8,2.9,19.1,10942,10.3,0.81,3.2
2001-04-05,7.2,5.6,12.3,14231,0.0,0.89,3.7
2001-04-06,9.4,5.2,12.8,7526,2.7,0.87,3.5
2001-04-07,8.4,7.2,13.8,7932,1.3,1.0,2.6
2001-04-08,8.9,4.7,14.8,12119,0.0,0.86,2.0
2001-04-09,7.0,2.8,11.8,16026,0.0,0.75,2.2
2001-04-10,8.4,3.5,12.3,7969,1.4,0.79,2.4
2001-04-11,9.0,7.3,13.6,9258,0.4,1.01,2.2
2001-04-12,2.3,0.4,8.6,15412,3.0,0.62,3.8
2001-04-13,2.0,0.4,5.2,8991,0.0,0.61,3.3
2001-04-14,1.7,-1.4,6.2,17653,0.9,0.55,2.3
2001-04-15,2.3,-0.2,4.3,8601,4.6,0.58,3.1
2001-04-16,6.6,2.1,8.8,8345,0.6,0.7,2.3
2001-04-17,5.3,3.4,7.8,8537,0.5,0.75,2.5
2001-04-18,4.4,2.5,8.8,9069,1.6,0.72,3.3
2001-04-19,2.5,0.7,7.6,14390,0.7,0.63,2.5
2001-04-20,5.5,-1.0,10.2,16322,0.1,0.58,1.5
2001-04-21,5.8,1.0,10.6,13213,0.0,0.66,2.7
2001-04-22,5.8,3.4,10.2,9730,0.0,0.77,2.0
2001-04-23,8.3,5.0,11.7,10851,0.0,0.85,1.8
2001-04-24,11.5,2.0,16.8,23482,0.0,0.75,2.0
2001-04-25,13.1,6.4,21.8,17193,10.0,1.02,2.5
2001-04-26,10.3,7.6,15.8,18464,0.0,1.04,3.1
2001-04-27,11.3,4.4,16.3,15514,1.0,0.86,1.9
2001-04-28,10.0,6.6,15.3,14427,0.9,0.96,2.7
2001-04-29,12.5,5.4,17.9,15340,0.0,0.93,2.1
2001-04-30,17.7,10.5,24.8,22896,0.0,1.32,1.6
2001-05-01,16.5,11.4,24.6,24074,0.0,1.4,2.3
2001-05-02,14.8,6.8,21.3,24898,0.0,1.04,2.4
2001-05-03,20.3,9.9,28.0,24648,1.9,1.32,2.5
2001-05-04,15.1,12.9,21.8,19117,0.0,1.48,2.4
2001-05-05,9.9,9.0,14.0,9708,7.6,1.11,3.3
2001-05-06,7.1,6.3,9.5,9771,1.9,0.92,3.1
2001-05-07,10.9,5.8,14.9,14906,0.0,0.92,2.4
2001-05-08,13.5,7.5,22.1,21031,0.0,1.09,2.0
2001-05-09,15.5,5.0,22.8,26576,0.0,0.95,2.5
2001-05-10,18.0,7.1,24.1,25696,0.0,1.08,2.3
2001-05-11,14.7,10.1,20.8,27004,0.0,1.24,2.1
2001-05-12,15.1,6.3,21.3,27215,0.0,1.01,1.8
2001-05-13,17.2,10.5,23.0,25344,0.0,1.31,1.7
2001-05-14,18.1,10.3,25.6,25180,0.6,1.32,1.7
2001-05-15,16.9,13.0,22.1,12615,1.9,1.5,2.0
2001-05-16,16.5,12.4,22.6,22137,1.5,1.44,2.6
2001-05-17,15.1,11.3,19.4,17895,0.9,1.33,2.7
2001-05-18,12.8,9.1,16.8,17585,0.5,1.14,3.3
2001-05-19,11.5,6.2,17.3,24435,0.1,0.96,3.0
2001-05-20,11.9,4.3,17.6,24499,0.0,0.87,2.2
2001-05-21,11.6,5.9,16.9,22829,0.0,0.94,2.4
2001-05-22,13.6,7.8,19.2,26730,0.0,1.07,2.3
2001-05-23,16.3,5.1,22.7,28404,0.0,0.96,1.8
2001-05-24,17.3,7.3,24.4,28216,0.0,1.1,1.7
2001-05-25,16.1,7.2,24.5,27278,0.0,1.1,1.8
2001-05-26,17.7,7.5,23.9,22601,0.0,1.12,1.3
2001-05-27,17.9,10.3,24.0,17664,0.2,1.29,2.4
2001-05-28,16.5,15.3,18.1,10845,12.6,1.68,3.2
2001-05-29,17.3,14.9,21.7,23237,0.0,1.65,4.2
2001-05-30,14.9,11.4,19.6,19656,0.6,1.32,2.3
2001-05-31,12.9,10.3,16.6,12318,5.2,1.23,2.4
2001-06-01,12.4,8.6,16.5,14475,0.6,1.11,2.9
2001-06-02,12.9,11.4,16.3,11876,5.5,1.31,3.2
2001-06-03,11.1,7.7,14.6,15285,6.7,1.03,4.3
2001-06-04,11.1,8.4,14.6,11303,3.4,1.08,3.5
2001-06-05,13.3,10.5,15.7,12831,0.0,1.24,1.8
2001-06-06,14.4,9.4,18.6,13230,0.0,1.18,1.8
2001-06-07,14.3,8.5,19.3,13126,2.3,1.12,3.2
2001-06-08,11.3,9.9,15.3,12142,0.5,1.18,1.8
2001-06-09,12.1,8.4,17.7,23209,1.2,1.09,1.4
2001-06-10,9.4,8.6,14.5,11172,2.7,1.09,1.6
2001-06-11,11.5,6.7,17.1,24126,0.8,0.98,2.4
2001-06-12,10.6,8.3,15.7,17231,2.2,1.08,2.6
2001-06-13,13.1,4.9,18.9,24156,0.0,0.9,1.4
2001-06-14,15.7,9.9,22.8,15873,2.7,1.26,1.4
2001-06-15,18.2,7.6,23.6,21664,1.7,1.11,1.8
2001-06-16,18.7,14.4,23.9,20666,0.0,1.64,1.9
2001-06-17,16.4,11.5,22.6,17781,4.4,1.37,2.2
2001-06-18,15.6,11.5,21.1,16654,0.0,1.35,3.0
2001-06-19,14.5,11.3,21.0,22816,0.0,1.34,2.7
2001-06-20,16.1,7.8,22.9,27718,0.0,1.12,1.6
2001-06-21,15.7,12.4,20.6,14016,3.1,1.43,2.3
2001-06-22,12.9,10.8,16.7,16653,8.8,1.26,2.9
2001-06-23,16.0,10.4,21.1,13005,0.2,1.28,2.7
2001-06-24,15.9,11.9,21.9,22045,0.0,1.39,1.9
2001-06-25,16.0,9.4,22.1,28944,0.0,1.21,1.7
2001-06-26,19.3,9.9,25.2,27802,0.0,1.28,1.5
2001-06-27,22.6,12.0,28.1,26909,0.0,1.48,1.9
2001-06-28,18.2,16.4,22.5,11331,0.5,1.81,1.9
2001-06-29,19.6,13.2,25.9,23488,0.0,1.55,1.5
2001-06-30,20.3,12.5,28.2,25977,3.4,1.53,1.6
2001-07-01,17.9,15.4,22.4,19687,0.0,1.72,2.7
2001-07-02,16.2,11.7,19.9,13151,0.0,1.37,2.0
2001-07-03,20.2,8.5,24.9,29162,0.0,1.19,1.8
2001-07-04,22.4,12.5,27.4,27130,0.0,1.53,2.6
2001-07-05,24.8,15.7,30.4,28851,0.0,1.87,2.1
2001-07-06,25.7,16.5,31.0,27067,0.0,1.94,2.3
2001-07-07,25.7,17.1,31.4,17161,3.2,2.03,2.7
2001-07-08,18.9,17.5,25.4,11637,3.3,1.97,2.9
2001-07-09,17.1,16.5,19.9,10985,7.9,1.81,2.6
2001-07-10,19.1,14.4,24.9,20557,4.4,1.65,2.3
2001-07-11,17.9,16.1,24.2,20643,1.1,1.82,3.6
2001-07-12,17.8,12.5,23.0,25707,0.2,1.45,3.2
2001-07-13,18.3,14.5,23.8,20562,2.1,1.63,2.6
2001-07-14,18.0,13.8,22.4,12194,7.9,1.56,2.1
2001-07-15,16.0,15.4,19.9,15012,8.2,1.69,2.1
2001-07-16,12.6,12.1,15.5,10755,10.4,1.36,1.7
2001-07-17,15.3,10.0,19.7,11831,0.0,1.23,1.4
2001-07-18,17.3,9.0,23.3,19707,0.0,1.2,2.4
2001-07-19,17.7,11.6,24.4,21508,1.9,1.39,2.4
2001-07-20,18.4,13.0,24.1,25894,0.0,1.51,2.3
2001-07-21,16.7,13.0,23.3,18066,0.0,1.5,2.2
2001-07-22,21.4,13.4,27.1,22318,0.0,1.59,1.4
2001-07-23,23.3,18.1,29.4,16602,0.0,2.1,1.4
2001-07-24,23.3,16.4,29.8,22925,0.0,1.91,1.4
2001-07-25,23.3,15.0,29.5,25183,0.4,1.78,1.7
2001-07-26,22.7,16.3,29.1,25598,0.0,1.88,1.4
2001-07-27,23.1,13.9,28.9,28572,0.0,1.67,1.2
2001-07-28,24.6,13.5,31.4,27146,6.0,1.66,1.3
2001-07-29,20.9,16.6,27.3,18426,0.2,1.9,1.7
2001-07-30,23.5,14.2,30.4,22846,0.0,1.73,2.1
2001-07-31,18.4,16.3,25.0,14042,6.7,1.83,1.8
2001-08-01,17.1,14.9,22.7,19779,0.0,1.67,1.9
2001-08-02,19.8,9.8,25.4,24163,0.0,1.29,2.1
2001-08-03,21.7,17.2,29.9,14443,2.9,2.01,2.8
2001-08-04,17.8,14.3,24.9,12812,3.6,1.65,2.1
2001-08-05,16.4,13.1,23.5,19091,0.6,1.52,2.8
2001-08-06,17.9,11.7,23.0,17094,0.3,1.4,2.4
2001-08-07,18.6,15.7,23.3,16177,1.9,1.76,2.8
2001-08-08,19.6,13.4,24.4,17877,3.7,1.56,3.5
2001-08-09,17.6,13.7,23.4,20633,3.1,1.56,2.6
2001-08-10,15.7,12.7,22.0,19943,0.0,1.46,2.5
2001-08-11,14.2,10.1,19.7,17371,0.2,1.24,2.1
2001-08-12,17.1,12.0,24.4,10466,5.1,1.43,2.5
2001-08-13,17.8,15.4,18.9,9223,0.7,1.69,2.5
2001-08-14,22.4,17.7,27.4,15921,0.0,2.01,1.6
2001-08-15,26.8,18.5,34.4,24199,0.0,2.23,1.7
2001-08-16,25.9,19.9,33.9,22916,2.0,2.4,2.4
2001-08-17,19.1,17.3,25.6,17483,0.0,1.95,1.6
2001-08-18,18.3,11.9,21.6,10821,0.0,1.39,2.0
2001-08-19,19.1,16.3,26.3,11656,2.7,1.85,1.9
2001-08-20,20.2,14.7,25.9,12940,0.0,1.68,1.6
2001-08-21,20.7,16.3,24.8,9892,0.0,1.84,1.3
2001-08-22,21.3,17.0,27.1,16263,0.0,1.93,1.5
2001-08-23,22.3,15.0,28.0,20212,0.0,1.76,1.5
2001-08-24,23.6,16.0,30.4,15482,0.0,1.88,1.2
2001-08-25,24.4,17.5,31.1,21070,0.0,2.05,1.1
2001-08-26,24.6,15.3,32.5,19821,0.0,1.86,1.4
2001-08-27,16.3,14.4,22.9,13045,4.7,1.62,2.9
2001-08-28,15.1,11.7,18.9,13162,0.1,1.35,3.2
2001-08-29,15.6,11.3,21.4,17221,0.0,1.34,1.9
2001-08-30,17.4,8.8,23.9,21128,0.0,1.19,1.9
2001-08-31,16.2,13.9,18.9,8069,0.3,1.55,1.7
2001-09-01,15.8,10.3,22.2,13165,0.0,1.28,2.3
2001-09-02,15.6,10.2,19.9,9298,0.1,1.25,2.5
2001-09-03,17.0,14.6,21.2,7926,3.5,1.63,2.2
2001-09-04,14.3,12.6,17.9,9751,6.0,1.42,2.3
2001-09-05,13.7,8.1,19.4,11342,0.1,1.1,2.4
2001-09-06,14.9,11.8,17.7,11445,0.3,1.35,2.1
2001-09-07,13.4,11.1,17.2,9043,13.5,1.3,2.9
2001-09-08,11.0,8.9,16.2,14540,4.5,1.12,4.9
2001-09-09,11.5,7.9,13.1,7103,27.3,1.04,5.2
2001-09-10,14.2,11.1,17.4,8041,1.8,1.29,4.9
2001-09-11,11.3,10.1,13.7,6934,17.5,1.19,3.6
2001-09-12,12.5,9.7,17.3,10681,0.4,1.19,2.8
2001-09-13,11.9,10.0,15.1,6864,10.3,1.19,3.1
2001-09-14,11.9,8.8,16.6,9960,0.3,1.12,2.1
2001-09-15,13.3,10.1,17.7,10642,0.1,1.22,2.8
2001-09-16,11.0,8.7,15.5,12095,0.1,1.1,1.9
2001-09-17,10.8,7.6,16.0,10411,0.9,1.03,1.6
2001-09-18,10.5,6.5,11.7,6338,10.4,0.94,1.8
2001-09-19,12.6,7.8,17.8,13820,1.8,1.07,3.1
2001-09-20,12.4,10.2,16.5,6547,1.5,1.22,3.2
2001-09-21,13.2,10.5,16.5,8722,4.4,1.24,2.4
2001-09-22,12.1,11.1,16.7,8242,0.5,1.29,1.7
2001-09-23,12.6,9.7,17.6,12776,0.0,1.19,1.7
2001-09-24,11.8,7.9,14.5,5920,1.1,1.05,2.1
2001-09-25,11.8,11.0,13.8,5744,0.2,1.27,1.4
2001-09-26,11.3,9.7,15.1,5660,0.0,1.17,1.3
2001-09-27,11.0,7.6,12.2,5577,23.6,1.01,1.8
2001-09-28,13.1,10.6,15.7,7979,0.0,1.24,1.4
2001-09-29,14.8,12.1,19.8,10601,0.1,1.4,1.7
2001-09-30,14.1,11.7,16.0,5328,2.9,1.33,2.0
2001-10-01,14.9,12.3,17.5,5245,7.0,1.39,3.3
2001-10-02,18.9,14.3,22.1,5420,1.6,1.61,3.1
2001-10-03,13.9,12.4,22.0,6692,6.7,1.43,2.4
2001-10-04,13.0,11.2,17.7,9532,0.0,1.31,2.6
2001-10-05,13.1,8.4,17.6,8327,0.0,1.11,1.6
2001-10-06,13.4,8.0,19.2,11832,0.0,1.09,1.8
2001-10-07,13.9,10.4,16.6,4762,2.2,1.23,2.0
2001-10-08,13.7,10.8,20.7,9518,1.5,1.29,2.8
2001-10-09,13.1,8.5,17.9,11065,0.0,1.11,2.9
2001-10-10,14.5,10.5,17.8,10131,0.0,1.24,2.9
2001-10-11,14.2,12.3,15.3,4452,2.0,1.38,2.3
2001-10-12,14.6,12.0,20.2,9628,0.0,1.39,1.7
2001-10-13,15.4,8.0,22.0,10031,0.0,1.12,1.4
2001-10-14,16.1,10.2,22.7,7929,0.0,1.28,1.4
2001-10-15,16.2,12.0,20.9,7516,0.0,1.39,1.3
2001-10-16,13.7,9.9,20.4,8588,0.0,1.23,1.4
2001-10-17,11.7,9.0,14.6,4007,0.0,1.12,1.8
2001-10-18,12.9,10.4,15.1,3936,0.0,1.22,2.1
2001-10-19,11.4,8.4,15.6,6366,0.0,1.08,1.9
2001-10-20,10.9,6.4,16.2,8810,0.0,0.97,2.5
2001-10-21,10.9,6.2,13.2,4076,4.1,0.94,2.2
2001-10-22,11.1,10.5,13.0,3660,1.6,1.22,2.0
2001-10-23,9.3,6.8,12.7,6865,0.0,0.96,1.9
2001-10-24,7.5,3.5,10.2,4807,0.3,0.77,2.3
2001-10-25,10.2,7.4,12.6,3595,0.0,1.0,1.8
2001-10-26,10.7,6.8,16.1,7872,0.1,0.99,2.1
2001-10-27,11.1,7.1,13.2,3530,0.6,0.99,2.6
2001-10-28,10.7,8.9,14.2,5650,0.0,1.1,2.4
2001-10-29,10.4,8.5,11.2,3213,5.4,1.07,3.1
2001-10-30,15.7,11.0,18.2,4908,0.0,1.29,4.0
2001-10-31,11.3,8.4,19.2,5014,0.0,1.11,4.2
2001-11-01,7.2,5.6,10.2,5545,0.0,0.88,3.8
2001-11-02,9.2,3.7,10.5,2980,0.0,0.79,2.0
2001-11-03,10.2,9.0,11.0,2924,0.0,1.11,2.1
2001-11-04,9.7,8.5,12.0,4757,0.6,1.07,2.3
2001-11-05,6.7,5.1,9.3,7128,0.9,0.85,2.8
2001-11-06,7.4,3.4,9.0,2822,0.8,0.76,4.1
2001-11-07,7.0,5.4,9.2,2714,0.9,0.87,3.6
2001-11-08,5.0,3.0,7.0,2664,6.3,0.73,4.0
2001-11-09,0.8,-0.2,4.4,4169,0.2,0.58,2.8
2001-11-10,0.7,-3.1,4.5,6242,0.0,0.48,2.4
2001-11-11,3.9,-0.5,5.0,2575,0.2,0.57,2.5
2001-11-12,7.4,4.0,8.7,2476,1.4,0.78,2.1
2001-11-13,0.7,-1.1,8.6,5554,0.0,0.56,1.9
2001-11-14,-0.7,-4.1,4.4,4481,0.0,0.45,1.6
2001-11-15,2.2,-3.0,4.6,2502,0.0,0.48,2.5
2001-11-16,4.3,1.8,7.6,3738,0.1,0.68,1.7
2001-11-17,6.5,0.1,7.7,2318,0.2,0.61,1.7
2001-11-18,6.6,4.9,7.4,2229,0.0,0.83,1.5
2001-11-19,5.0,1.9,8.5,2192,0.0,0.69,1.7
2001-11-20,0.8,-2.5,3.4,3574,0.0,0.5,1.6
2001-11-21,8.0,1.4,10.0,3186,2.0,0.68,3.5
2001-11-22,4.2,0.7,8.5,2088,5.8,0.63,4.8
2001-11-23,1.4,-0.9,3.7,4378,0.0,0.55,3.3
2001-11-24,-0.1,-2.5,3.0,3620,0.0,0.49,2.3
2001-11-25,1.9,-1.5,3.4,1995,1.5,0.53,1.7
2001-11-26,4.0,0.9,6.0,1966,2.8,0.63,1.9
2001-11-27,1.6,-0.8,4.7,1939,2.3,0.56,1.7
2001-11-28,4.5,1.7,6.2,1958,0.7,0.67,2.8
2001-11-29,4.2,1.3,4.8,1887,11.6,0.65,2.7
2001-11-30,3.1,1.5,4.6,1863,0.0,0.66,2.8
2001-12-01,0.4,-0.9,2.5,4087,0.5,0.55,3.0
2001-12-02,0.1,-0.6,1.6,1819,0.9,0.56,1.8
2001-12-03,-0.3,-1.4,-0.2,1798,0.1,0.53,2.1
2001-12-04,2.3,-1.5,4.1,1908,6.4,0.53,3.2
2001-12-05,6.1,3.6,8.1,1761,7.0,0.77,3.0
2001-12-06,5.0,4.0,5.1,1744,2.9,0.78,3.5
2001-12-07,4.6,3.6,5.1,1728,0.3,0.76,1.5
2001-12-08,0.1,-1.3,4.6,1839,0.0,0.54,1.9
2001-12-09,-2.2,-4.5,-0.8,1700,0.0,0.42,1.7
2001-12-10,0.9,-2.3,1.9,1687,0.3,0.5,1.5
2001-12-11,3.4,1.8,3.7,1676,0.7,0.67,1.4
2001-12-12,3.8,1.1,5.6,1749,0.2,0.64,2.2
2001-12-13,-6.1,-9.1,2.9,4205,0.0,0.32,3.5
2001-12-14,-5.7,-10.9,-3.8,2919,0.1,0.26,2.2
2001-12-15,0.5,-4.5,1.8,1643,0.0,0.43,1.9
2001-12-16,0.6,-0.3,1.7,2290,0.8,0.57,2.3
2001-12-17,1.3,-0.6,1.6,1633,0.8,0.56,1.7
2001-12-18,0.7,-1.3,1.6,1630,0.2,0.53,1.9
2001-12-19,2.8,0.5,5.1,1627,2.9,0.61,3.6
2001-12-20,-3.6,-5.1,1.9,4143,0.7,0.41,3.1
2001-12-21,1.0,-5.3,2.1,1627,6.4,0.4,5.1
2001-12-22,-2.6,-3.8,1.6,1628,0.4,0.45,2.8
2001-12-23,-5.2,-8.1,-3.3,3216,0.0,0.32,3.1
2001-12-24,-1.6,-7.0,-0.6,1634,11.7,0.35,4.7
2001-12-25,1.7,-0.7,3.1,1639,4.0,0.56,5.4
2001-12-26,1.5,0.0,2.5,1645,0.1,0.59,3.5
2001-12-27,0.5,-1.5,1.8,1693,3.7,0.53,4.3
2001-12-28,3.3,-0.9,4.8,1660,5.2,0.56,5.4
2001-12-29,0.3,-2.0,4.6,1876,0.1,0.52,3.4
2001-12-30,-1.0,-3.0,0.5,1679,3.6,0.47,3.1
2001-12-31,-5.4,-7.5,-1.6,2316,0.0,0.34,2.4
2002-01-01,1.4,-7.8,2.4,1746,3.8,0.35,3.5
2002-01-02,-1.2,-4.4,3.5,3529,0.0,0.44,3.1
2002-01-03,-5.5,-7.2,-2.0,3300,0.0,0.34,2.4
2002-01-04,-7.3,-11.0,-3.7,4903,0.0,0.26,1.7
2002-01-05,-5.6,-11.2,-0.7,4770,0.0,0.26,1.5
2002-01-06,1.8,-6.0,2.8,1785,1.2,0.39,2.1
2002-01-07,0.8,-0.1,3.0,1805,0.0,0.59,1.5
2002-01-08,0.2,-1.0,1.3,1825,0.0,0.55,1.3
2002-01-09,-0.9,-1.2,0.3,1848,0.1,0.54,1.3
2002-01-10,-0.6,-1.9,0.2,1871,0.0,0.51,1.4
2002-01-11,-3.0,-4.8,-0.4,1895,0.8,0.41,1.8
2002-01-12,0.8,-2.6,1.4,1921,2.5,0.49,1.6
2002-01-13,0.2,-0.1,1.4,1948,0.0,0.58,1.7
2002-01-14,-3.1,-4.4,0.2,2299,0.0,0.42,2.1
2002-01-15,-3.9,-6.6,-0.6,5460,0.0,0.36,2.4
2002-01-16,-2.9,-8.1,-0.5,2931,0.4,0.33,1.7
2002-01-17,0.0,-0.8,1.2,3210,0.0,0.55,2.2
2002-01-18,1.0,-2.0,2.2,2100,0.2,0.51,2.5
2002-01-19,2.3,-0.8,3.8,2134,0.9,0.56,3.4
2002-01-20,4.8,2.1,5.9,2858,6.7,0.69,4.5
2002-01-21,8.8,4.9,10.6,2205,0.5,0.85,4.4
2002-01-22,7.0,3.4,10.4,3299,0.1,0.77,3.8
2002-01-23,6.8,5.0,8.6,4265,0.0,0.85,3.8
2002-01-24,9.4,5.4,11.7,2579,0.4,0.87,4.9
2002-01-25,2.7,1.4,10.1,3768,0.8,0.67,3.9
2002-01-26,9.2,1.0,11.8,2932,6.6,0.66,5.7
2002-01-27,8.2,6.4,11.7,2982,3.9,0.93,5.4
2002-01-28,10.5,5.2,14.9,3465,4.0,0.89,6.2
2002-01-29,8.6,7.0,11.2,6579,0.0,0.97,4.8
2002-01-30,10.2,6.8,12.8,3913,0.0,0.96,3.0
2002-01-31,7.4,4.6,11.6,3698,1.9,0.83,4.0
2002-02-01,9.1,2.5,11.1,2798,0.0,0.73,3.9
2002-02-02,10.6,7.8,16.3,5429,0.0,1.05,3.4
2002-02-03,9.2,4.5,16.3,7313,0.0,0.86,2.6
2002-02-04,8.2,4.6,11.6,5777,0.0,0.83,4.3
2002-02-05,11.2,4.5,13.0,2894,2.1,0.83,4.0
2002-02-06,7.7,5.2,12.1,5177,0.0,0.87,2.7
2002-02-07,6.4,4.4,8.9,3616,2.0,0.81,3.0
2002-02-08,8.4,4.6,11.4,5409,4.3,0.83,4.2
2002-02-09,9.8,7.8,13.2,3122,5.7,1.03,4.8
2002-02-10,6.8,5.5,8.9,5143,2.9,0.87,4.7
2002-02-11,10.2,5.6,11.9,3242,11.2,0.89,5.7
2002-02-12,9.6,8.2,12.4,6870,0.9,1.05,6.2
2002-02-13,4.2,2.3,10.0,6976,0.0,0.71,2.7
2002-02-14,0.2,-2.2,4.3,9276,0.0,0.51,3.2
2002-02-15,-1.0,-4.3,4.9,7866,0.0,0.45,2.5
2002-02-16,1.3,-4.8,7.6,8257,0.0,0.44,1.9
2002-02-17,1.7,-2.3,6.4,8518,0.0,0.52,1.3
2002-02-18,3.0,-0.3,5.4,4672,1.2,0.58,2.9
2002-02-19,2.4,0.4,6.4,4964,6.3,0.61,5.2
2002-02-20,4.2,0.0,9.7,5476,3.9,0.62,5.2
2002-02-21,-1.0,-2.8,3.8,7082,0.0,0.49,3.9
2002-02-22,2.2,-2.8,4.3,3977,9.3,0.49,5.4
2002-02-23,2.1,1.1,4.8,5601,0.2,0.64,5.7
2002-02-24,1.6,-0.2,4.6,5617,5.2,0.59,4.3
2002-02-25,2.4,-0.2,4.9,4953,9.6,0.59,3.2
2002-02-26,9.4,1.2,12.4,5494,7.3,0.67,6.3
2002-02-27,6.2,3.4,9.9,8596,2.3,0.76,5.1
2002-02-28,5.1,2.4,8.8,8719,1.5,0.71,4.5
2002-03-01,2.5,0.8,6.7,5133,1.8,0.64,2.9
2002-03-02,1.6,-2.1,5.1,11681,0.2,0.51,2.4
2002-03-03,3.4,-0.5,5.7,11109,0.0,0.57,2.8
2002-03-04,7.2,3.7,8.9,4737,0.0,0.77,2.4
2002-03-05,7.2,5.8,8.7,4817,0.0,0.89,1.7
2002-03-06,7.8,5.2,9.6,5063,3.9,0.85,4.1
2002-03-07,6.8,5.6,10.7,8255,3.0,0.88,6.3
2002-03-08,6.9,4.1,11.2,12019,0.0,0.81,2.9
2002-03-09,8.0,4.0,10.7,5142,2.8,0.8,3.3
2002-03-10,5.9,3.3,9.6,10849,0.1,0.76,4.0
2002-03-11,8.0,2.6,14.8,12035,0.0,0.76,2.6
2002-03-12,9.2,3.2,14.0,7595,0.0,0.78,1.3
2002-03-13,5.6,3.4,10.4,5474,7.4,0.77,2.0
2002-03-14,2.4,1.1,4.8,5558,0.1,0.64,3.4
2002-03-15,1.6,-0.2,2.5,5643,0.1,0.58,3.3
2002-03-16,3.1,1.3,4.7,5728,0.0,0.65,2.2
2002-03-17,8.8,2.7,14.2,9134,0.0,0.76,2.0
2002-03-18,11.4,3.7,18.2,11854,5.6,0.84,2.8
2002-03-19,8.4,7.2,12.9,6171,0.8,0.99,4.6
2002-03-20,6.0,4.4,9.3,6069,4.4,0.81,3.6
2002-03-21,5.2,2.7,10.7,6919,1.4,0.73,3.5
2002-03-22,4.3,1.7,8.2,10474,0.0,0.68,3.8
2002-03-23,3.6,1.2,6.7,7103,0.1,0.65,3.0
2002-03-24,2.3,0.7,5.6,6707,0.0,0.62,2.5
2002-03-25,1.2,-1.5,3.3,6500,0.0,0.53,1.7
2002-03-26,2.3,0.2,4.2,6586,0.0,0.6,1.3
2002-03-27,2.4,0.5,7.4,13966,0.0,0.62,1.6
2002-03-28,3.6,-3.3,10.7,17628,0.0,0.5,1.8
2002-03-29,7.7,-1.2,15.2,17689,0.0,0.61,1.9
2002-03-30,10.4,1.5,17.9,17034,0.0,0.74,1.3
2002-03-31,10.0,4.3,14.9,10407,0.0,0.83,1.4
2002-04-01,11.2,2.9,17.6,17756,0.0,0.8,1.3
2002-04-02,11.9,3.6,18.3,19056,0.0,0.84,2.4
2002-04-03,9.4,5.8,15.5,19321,0.0,0.93,4.1
2002-04-04,7.0,1.0,13.1,19692,0.0,0.67,3.4
2002-04-05,3.2,0.4,9.3,19852,0.0,0.63,3.7
2002-04-06,2.6,-2.6,6.7,8914,0.0,0.51,2.7
2002-04-07,4.0,-3.9,9.6,18880,0.0,0.48,1.9
2002-04-08,4.8,-3.3,11.1,19783,0.0,0.5,2.1
2002-04-09,6.4,-2.6,12.1,16569,0.0,0.54,2.4
2002-04-10,7.3,2.1,11.6,11788,0.0,0.72,3.6
2002-04-11,8.6,3.4,11.2,8052,0.0,0.77,2.7
2002-04-12,10.8,6.4,14.2,8024,0.1,0.95,2.3
2002-04-13,8.6,8.1,12.3,8105,0.2,1.04,2.3
2002-04-14,8.6,7.4,9.4,8185,8.1,0.99,2.2
2002-04-15,7.2,6.5,9.3,8265,14.2,0.93,2.4
2002-04-16,6.3,5.2,7.2,8345,4.3,0.86,1.9
2002-04-17,8.3,3.9,12.7,12603,1.6,0.81,1.4
2002-04-18,9.8,2.8,14.0,12473,0.0,0.76,1.4
2002-04-19,9.7,6.3,16.5,10403,4.7,0.96,1.6
2002-04-20,8.7,7.8,13.1,9572,0.0,1.03,1.5
2002-04-21,9.8,3.4,15.6,19302,0.0,0.8,1.5
2002-04-22,11.0,1.6,18.1,24955,0.0,0.75,1.3
2002-04-23,13.2,7.9,17.6,13166,0.0,1.06,2.3
2002-04-24,11.8,8.5,13.6,9072,0.0,1.08,1.7
2002-04-25,12.7,10.4,17.6,10778,0.0,1.24,1.5
2002-04-26,11.6,7.5,17.0,10388,5.8,1.04,2.7
2002-04-27,7.0,5.7,11.2,16688,1.6,0.89,4.3
2002-04-28,8.3,1.8,12.3,10303,0.3,0.7,3.4
2002-04-29,10.2,6.5,14.5,16640,1.5,0.96,4.4
2002-04-30,10.8,6.8,15.1,15546,0.0,0.97,3.4
2002-05-01,15.0,9.0,19.5,12540,4.6,1.16,3.0
2002-05-02,12.5,9.8,15.5,9634,1.4,1.17,1.7
2002-05-03,13.1,9.5,16.6,12929,1.5,1.17,2.2
2002-05-04,11.4,10.8,13.2,9645,5.6,1.25,2.6
2002-05-05,12.8,10.3,15.6,9708,1.3,1.23,2.0
2002-05-06,11.8,9.1,15.7,12302,2.7,1.13,1.8
2002-05-07,10.4,7.9,12.8,9832,0.0,1.03,2.0
2002-05-08,17.9,9.0,25.3,20668,0.0,1.22,2.6
2002-05-09,21.4,13.0,26.5,25969,0.0,1.54,2.7
2002-05-10,20.2,14.0,26.2,25939,0.0,1.62,2.5
2002-05-11,16.8,12.8,24.6,17987,3.8,1.51,1.8
2002-05-12,15.9,11.9,20.5,13785,0.0,1.39,1.8
2002-05-13,15.6,11.2,20.8,21308,0.0,1.33,1.6
2002-05-14,15.4,12.9,21.5,16357,1.6,1.48,3.4
2002-05-15,14.4,9.9,18.5,17525,0.0,1.21,2.5
2002-05-16,18.0,10.4,24.0,25825,0.0,1.32,2.0
2002-05-17,13.4,10.4,19.0,26392,0.0,1.25,1.8
2002-05-18,15.8,4.4,22.3,27327,0.7,0.92,2.1
2002-05-19,13.5,12.4,16.1,10479,5.7,1.39,1.7
2002-05-20,16.2,11.4,22.3,17945,0.0,1.35,1.6
2002-05-21,18.8,10.4,24.0,24810,0.0,1.32,2.5
2002-05-22,21.1,13.7,27.0,25986,0.0,1.62,2.5
2002-05-23,19.4,14.3,25.8,18723,8.7,1.66,1.9
2002-05-24,15.0,13.2,19.4,14424,1.3,1.49,2.5
2002-05-25,15.5,14.0,19.0,13223,2.6,1.56,2.3
2002-05-26,12.6,10.9,14.8,10898,0.8,1.25,1.9
2002-05-27,15.9,7.4,20.6,17415,4.7,1.07,1.6
2002-05-28,15.3,12.4,18.3,10845,2.8,1.4,1.8
2002-05-29,16.2,13.4,22.7,20116,0.0,1.53,2.4
2002-05-30,15.0,8.9,20.5,26402,0.0,1.15,1.8
2002-05-31,13.2,9.1,20.4,20318,0.1,1.17,2.2
2002-06-01,13.2,6.8,19.8,26609,0.0,1.02,1.9
2002-06-02,16.8,6.9,22.2,28399,0.0,1.05,1.9
2002-06-03,18.8,8.4,23.3,27558,0.0,1.17,2.3
2002-06-04,21.4,13.9,26.4,23958,0.0,1.63,1.8
2002-06-05,23.2,16.0,27.6,21230,0.0,1.85,3.5
2002-06-06,18.8,16.2,24.4,20254,6.7,1.81,2.8
2002-06-07,14.9,14.2,16.5,11119,7.2,1.56,2.9
2002-06-08,15.6,13.4,17.7,11138,0.3,1.5,1.7
2002-06-09,17.6,9.4,21.4,17308,0.6,1.21,1.2
2002-06-10,16.6,13.0,21.1,13182,6.5,1.48,2.4
2002-06-11,15.3,11.9,20.7,22241,0.0,1.38,2.5
2002-06-12,16.4,12.4,20.6,13085,5.4,1.43,2.2
2002-06-13,14.4,12.0,16.4,12720,1.4,1.36,3.2
2002-06-14,15.0,11.8,19.1,14239,0.1,1.37,2.2
2002-06-15,18.1,12.2,24.9,15630,4.4,1.46,2.5
2002-06-16,18.5,12.9,23.0,15512,0.0,1.48,1.9
2002-06-17,23.6,15.4,28.7,23941,0.0,1.79,1.5
2002-06-18,26.0,17.1,33.2,28847,0.0,2.04,2.3
2002-06-19,22.2,19.8,26.4,18165,19.9,2.27,1.9
2002-06-20,19.4,12.0,28.0,18542,10.5,1.48,2.4
2002-06-21,18.1,15.2,21.3,15776,0.0,1.68,1.6
2002-06-22,20.2,14.4,25.1,24822,0.0,1.64,1.7
2002-06-23,17.6,15.5,23.1,21926,0.0,1.74,2.6
2002-06-24,16.0,10.1,20.9,26317,0.0,1.24,2.4
2002-06-25,17.3,10.4,21.2,21283,0.0,1.27,2.0
2002-06-26,18.0,10.8,24.1,25416,0.5,1.33,1.8
2002-06-27,15.8,13.4,20.7,17619,0.2,1.51,2.9
2002-06-28,13.8,9.4,19.3,21998,1.0,1.18,3.8
2002-06-29,13.4,11.4,18.7,21480,1.1,1.33,3.3
2002-06-30,16.4,10.0,19.7,12558,0.2,1.23,2.8
2002-07-01,15.2,13.7,17.8,11163,3.4,1.51,3.1
2002-07-02,15.5,13.3,20.2,14404,11.8,1.5,3.2
2002-07-03,16.5,11.9,19.8,11879,0.8,1.37,3.0
2002-07-04,14.8,13.3,17.8,11734,0.2,1.48,3.7
2002-07-05,18.3,9.7,23.7,21970,0.0,1.26,1.9
2002-07-06,17.8,12.8,22.4,12814,0.0,1.47,1.6
2002-07-07,16.8,11.6,21.7,14412,0.3,1.37,1.7
2002-07-08,22.9,11.6,28.7,27245,0.0,1.46,1.9
2002-07-09,26.6,18.0,33.1,30450,0.0,2.14,1.9
2002-07-10,21.5,15.3,31.6,24422,21.7,1.85,2.2
2002-07-11,17.1,13.3,22.8,22637,0.5,1.53,2.1
2002-07-12,20.5,10.8,25.7,21101,0.0,1.36,1.4
2002-07-13,21.3,14.9,26.9,19194,1.2,1.73,2.1
2002-07-14,17.6,16.7,21.4,10828,11.8,1.85,2.0
2002-07-15,18.6,15.8,22.8,11164,2.2,1.76,2.4
2002-07-16,22.0,16.3,27.5,18938,0.0,1.88,2.4
2002-07-17,20.6,18.5,25.4,10716,26.6,2.1,2.8
2002-07-18,16.9,16.0,21.1,10924,0.9,1.77,3.5
2002-07-19,15.6,14.1,17.3,10635,0.5,1.56,2.4
2002-07-20,15.2,14.0,19.8,14048,0.0,1.56,1.6
2002-07-21,17.4,10.8,25.3,23735,0.6,1.36,2.4
2002-07-22,14.9,12.8,17.4,12350,4.9,1.44,3.6
2002-07-23,17.6,12.7,22.5,12547,4.9,1.47,2.8
2002-07-24,16.0,13.6,21.3,13601,1.1,1.53,3.2
2002-07-25,14.3,12.3,19.1,12934,0.7,1.4,2.6
2002-07-26,16.0,13.5,17.8,10679,0.2,1.51,2.1
2002-07-27,20.1,16.0,26.3,19417,0.0,1.83,1.3
2002-07-28,24.2,15.5,30.3,28609,0.0,1.82,1.8
2002-07-29,26.3,15.5,33.2,27304,0.0,1.88,1.5
2002-07-30,26.3,18.8,32.8,25274,0.0,2.25,1.8
2002-07-31,25.8,17.3,31.8,18161,0.0,2.04,1.8
2002-08-01,24.6,19.1,32.6,20384,6.9,2.28,2.0
2002-08-02,18.8,17.6,22.1,12704,0.0,1.96,1.9
2002-08-03,19.8,11.8,27.1,23710,0.0,1.47,1.4
2002-08-04,19.0,17.0,24.8,14613,33.6,1.9,1.5
2002-08-05,17.6,16.6,21.4,10228,4.8,1.84,1.5
2002-08-06,18.2,14.0,23.6,18766,0.0,1.6,1.3
2002-08-07,19.3,15.1,25.1,13317,24.4,1.72,1.6
2002-08-08,19.4,17.1,24.8,11935,2.2,1.93,1.2
2002-08-09,19.8,15.6,25.8,13523,0.1,1.78,1.4
2002-08-10,20.2,15.5,26.1,17107,0.1,1.77,1.6
2002-08-11,21.7,16.1,28.1,18784,8.1,1.86,1.7
2002-08-12,18.2,17.7,20.6,9292,50.3,1.96,3.5
2002-08-13,17.0,16.2,19.5,9223,8.7,1.79,3.5
2002-08-14,18.6,14.8,22.5,9853,0.0,1.65,1.9
2002-08-15,19.5,15.2,25.4,20711,0.0,1.74,1.3
2002-08-16,20.9,14.0,27.3,21526,0.0,1.65,1.3
2002-08-17,21.9,16.7,28.3,18868,0.0,1.93,1.4
2002-08-18,21.8,18.2,27.9,22439,0.0,2.08,2.0
2002-08-19,24.2,17.1,30.1,23345,0.0,1.99,1.8
2002-08-20,22.5,17.7,28.7,23670,0.0,2.03,2.0
2002-08-21,22.6,16.3,29.4,23306,0.0,1.9,1.8
2002-08-22,21.4,14.5,29.1,19773,0.0,1.73,1.3
2002-08-23,19.9,14.3,28.9,18972,0.1,1.71,1.3
2002-08-24,22.0,15.0,28.4,17951,0.0,1.76,1.5
2002-08-25,20.2,16.7,25.5,20288,0.0,1.89,1.5
2002-08-26,23.2,15.5,29.6,19042,0.0,1.83,1.8
2002-08-27,23.6,16.6,30.0,19354,0.0,1.93,1.9
2002-08-28,22.1,15.3,29.4,19220,0.0,1.81,1.6
2002-08-29,21.6,16.6,27.3,15577,0.0,1.9,1.2
2002-08-30,20.3,15.1,26.6,16003,0.0,1.74,1.3
2002-08-31,21.0,14.8,26.6,14686,0.0,1.7,2.2
2002-09-01,15.1,12.2,21.9,14784,0.0,1.42,2.5
2002-09-02,15.8,9.1,22.8,20029,0.0,1.2,1.9
2002-09-03,19.7,9.6,24.6,17850,0.0,1.27,2.4
2002-09-04,20.8,16.1,27.0,17602,0.0,1.83,1.8
2002-09-05,17.6,13.5,25.1,15983,0.0,1.56,1.3
2002-09-06,17.6,10.6,23.8,17106,0.0,1.31,1.7
2002-09-07,17.9,12.8,25.1,12274,0.0,1.52,1.7
2002-09-08,20.2,12.7,26.5,18164,0.0,1.53,1.7
2002-09-09,20.7,14.5,26.9,18421,0.0,1.69,2.4
2002-09-10,20.3,15.7,26.7,15401,0.0,1.8,2.1
2002-09-11,17.6,14.3,23.6,15869,0.0,1.61,1.9
2002-09-12,15.8,8.1,22.4,18245,0.0,1.14,2.4
2002-09-13,16.0,7.1,22.6,15678,0.0,1.07,1.7
2002-09-14,14.3,11.9,18.8,7773,0.3,1.37,2.4
2002-09-15,12.3,9.6,18.6,16269,0.0,1.19,2.3
2002-09-16,12.8,6.4,17.8,7488,0.4,0.97,1.7
2002-09-17,15.4,12.1,19.5,8466,0.2,1.4,2.0
2002-09-18,13.6,11.8,18.1,8268,0.0,1.35,2.1
2002-09-19,12.9,9.7,19.6,11234,0.0,1.2,1.2
2002-09-20,13.9,10.6,17.6,6547,0.0,1.25,1.7
2002-09-21,12.4,10.6,16.8,7214,1.4,1.24,1.6
2002-09-22,11.5,9.6,13.0,5997,34.2,1.16,1.9
2002-09-23,7.6,6.5,11.9,5913,3.9,0.94,3.2
2002-09-24,8.0,2.6,14.8,15577,0.0,0.76,2.9
2002-09-25,9.9,1.0,15.1,11853,0.7,0.69,1.9
2002-09-26,12.3,10.2,14.4,5660,2.7,1.21,2.3
2002-09-27,9.4,7.5,13.9,7637,0.0,1.01,2.0
2002-09-28,10.0,3.2,14.0,7891,0.0,0.78,1.4
2002-09-29,13.2,10.3,17.5,7170,0.0,1.24,1.4
2002-09-30,11.4,8.4,18.1,12214,0.0,1.1,1.3
2002-10-01,11.9,6.2,19.3,13018,0.0,0.99,1.0
2002-10-02,12.8,6.4,19.1,11408,0.0,0.98,1.1
2002-10-03,14.4,7.4,20.0,10250,0.2,1.06,1.7
2002-10-04,12.9,10.9,17.1,8106,0.1,1.27,2.8
2002-10-05,11.8,8.9,14.5,9573,8.6,1.12,2.9
2002-10-06,8.9,5.8,12.7,5828,5.1,0.91,3.4
2002-10-07,6.1,3.7,10.2,10461,0.3,0.78,1.7
2002-10-08,7.9,0.9,9.2,4684,0.4,0.64,2.0
2002-10-09,7.4,4.9,11.3,7317,0.0,0.85,2.8
2002-10-10,4.9,0.9,10.5,11867,0.0,0.65,3.4
2002-10-11,4.6,0.6,10.9,11556,0.0,0.64,3.2
2002-10-12,4.3,0.3,7.9,9010,0.0,0.62,2.9
2002-10-13,1.1,0.3,5.0,4300,6.4,0.61,2.3
2002-10-14,5.3,0.4,7.4,4226,7.7,0.61,2.6
2002-10-15,7.7,5.5,9.0,4152,0.1,0.87,1.9
2002-10-16,13.3,7.7,16.8,5779,2.7,1.05,2.4
2002-10-17,11.5,9.9,14.9,6857,0.2,1.18,3.5
2002-10-18,7.5,5.5,11.0,4080,3.6,0.88,3.0
2002-10-19,4.9,2.5,10.9,6651,0.2,0.72,2.7
2002-10-20,4.5,2.3,9.4,7468,0.2,0.71,1.9
2002-10-21,6.1,1.7,7.4,3727,3.6,0.67,2.5
2002-10-22,11.6,6.8,14.0,3660,6.1,0.97,2.6
2002-10-23,8.6,4.9,16.3,3593,3.5,0.88,4.3
2002-10-24,5.9,3.5,9.3,7233,0.5,0.76,3.1
2002-10-25,9.4,1.5,12.8,4927,10.4,0.69,3.7
2002-10-26,10.6,8.4,13.0,4188,2.6,1.07,5.5
2002-10-27,10.9,6.8,14.3,3660,11.4,0.97,6.1
2002-10-28,7.1,6.4,12.1,6228,1.3,0.94,5.4
2002-10-29,7.6,4.4,10.6,5877,1.3,0.81,2.1
2002-10-30,6.9,4.9,9.5,3529,0.0,0.84,1.5
2002-10-31,6.1,4.3,9.6,3218,0.0,0.81,1.2
2002-11-01,7.6,3.9,10.4,4994,16.6,0.79,1.7
2002-11-02,4.7,2.3,8.8,3886,0.1,0.7,2.9
2002-11-03,2.5,-0.4,5.0,3283,13.3,0.58,3.4
2002-11-04,1.2,-0.3,4.3,2929,0.3,0.58,2.4
2002-11-05,-1.0,-3.8,3.7,7827,0.0,0.45,1.7
2002-11-06,-1.1,-4.1,2.9,7657,0.0,0.45,2.4
2002-11-07,-0.1,-4.1,2.4,5784,1.5,0.44,2.2
2002-11-08,4.7,0.5,8.4,3731,11.3,0.62,3.4
2002-11-09,3.3,0.5,5.3,2615,1.8,0.62,4.2
2002-11-10,2.9,0.5,6.0,3280,0.2,0.62,1.9
2002-11-11,2.9,0.0,3.7,2521,2.4,0.59,2.7
2002-11-12,7.3,2.6,10.6,3065,0.0,0.73,2.6
2002-11-13,8.9,6.8,11.9,3755,0.0,0.96,2.8
2002-11-14,7.0,3.6,10.2,2807,0.5,0.77,2.3
2002-11-15,6.5,4.6,8.6,2347,2.7,0.82,1.2
2002-11-16,7.5,4.9,8.6,2307,2.2,0.83,2.0
2002-11-17,8.7,7.4,9.4,2318,0.2,0.99,2.9
2002-11-18,3.9,1.3,11.1,5678,0.0,0.68,1.4
2002-11-19,3.3,0.5,6.9,2192,0.0,0.62,2.2
2002-11-20,-1.2,-3.0,2.2,3965,0.0,0.48,1.8
2002-11-21,0.9,-3.2,4.7,3525,0.0,0.47,2.6
2002-11-22,3.2,0.9,3.8,2088,7.1,0.63,2.1
2002-11-23,4.7,2.9,5.9,2056,0.3,0.72,1.6
2002-11-24,5.2,2.2,7.9,2822,0.0,0.69,1.6
2002-11-25,5.5,2.2,6.4,1995,0.6,0.7,2.0
2002-11-26,8.3,3.9,10.4,2012,0.0,0.79,1.9
2002-11-27,4.6,2.6,8.3,2486,0.0,0.71,1.9
2002-11-28,6.7,4.3,7.8,1912,0.1,0.8,2.3
2002-11-29,6.5,4.5,7.7,1887,17.6,0.81,1.4
2002-11-30,4.5,3.3,7.3,1863,11.1,0.75,1.9
2002-12-01,4.8,2.3,5.3,1840,0.0,0.69,2.1
2002-12-02,4.2,2.4,5.5,2605,0.0,0.7,2.5
2002-12-03,2.8,0.3,5.0,1798,0.1,0.61,1.7
2002-12-04,1.5,0.8,2.6,1779,0.0,0.62,1.5
2002-12-05,0.1,-1.0,1.8,1761,0.2,0.54,2.5
2002-12-06,-1.0,-2.1,-0.3,1744,0.0,0.5,3.6
2002-12-07,-5.6,-6.4,-0.8,2108,0.0,0.37,4.1
2002-12-08,-6.3,-8.4,-1.8,4570,0.0,0.32,4.0
2002-12-09,-8.4,-9.6,-6.1,3371,0.0,0.28,3.5
2002-12-10,-9.4,-12.1,-5.6,4474,0.0,0.24,2.6
2002-12-11,-6.9,-11.7,-3.2,4326,0.0,0.25,2.7
2002-12-12,-7.4,-8.7,-3.4,4182,0.0,0.31,2.3
2002-12-13,-6.6,-11.7,-4.4,2849,0.0,0.25,1.6
2002-12-14,-5.3,-9.5,-1.3,3247,0.0,0.29,2.6
2002-12-15,-3.3,-6.2,-2.3,1643,0.0,0.37,3.3
2002-12-16,-0.2,-2.6,0.3,1637,1.4,0.49,2.8
2002-12-17,0.1,-1.0,0.7,1633,0.2,0.54,2.1
2002-12-18,-0.5,-3.6,0.7,1630,0.7,0.46,2.1
2002-12-19,-0.4,-1.5,0.9,1627,0.0,0.53,1.5
2002-12-20,-3.0,-5.2,0.1,3737,0.0,0.4,1.7
2002-12-21,-1.6,-3.5,-0.8,1627,0.0,0.46,1.7
2002-12-22,-1.4,-2.8,-0.3,1628,2.3,0.48,2.9
2002-12-23,-3.8,-5.2,-1.2,3542,0.0,0.4,2.9
2002-12-24,-3.6,-4.6,-2.6,1634,2.3,0.42,3.1
2002-12-25,-1.7,-4.0,-0.3,1639,0.0,0.44,2.2
2002-12-26,0.7,-1.1,2.6,2504,2.4,0.55,2.7
2002-12-27,1.9,0.1,3.3,1857,0.5,0.59,2.4
2002-12-28,3.8,1.1,6.1,1660,0.3,0.64,2.2
2002-12-29,4.4,2.6,7.1,1752,6.7,0.72,3.1
2002-12-30,0.0,-1.1,2.9,1679,9.4,0.55,3.6
2002-12-31,-5.1,-6.9,-0.7,4525,0.0,0.35,3.0
2003-01-01,-4.2,-11.7,0.1,1704,13.6,0.26,2.7
2003-01-02,4.9,-0.2,6.7,1718,16.3,0.59,3.9
2003-01-03,0.1,-0.5,4.0,1733,1.5,0.57,3.4
2003-01-04,-2.9,-4.3,0.1,2815,0.0,0.43,2.6
2003-01-05,-4.9,-9.7,-3.0,2624,2.0,0.29,2.2
2003-01-06,-5.8,-8.3,-1.7,1785,0.1,0.32,2.2
2003-01-07,-14.6,-16.6,-8.0,4155,0.1,0.17,1.8
2003-01-08,-13.4,-16.9,-9.1,2615,0.0,0.16,1.6
2003-01-09,-10.9,-18.6,-8.7,1848,0.0,0.14,1.6
2003-01-10,-6.3,-11.8,-3.6,1871,0.1,0.25,1.5
2003-01-11,-7.2,-13.7,-4.7,1895,0.0,0.21,2.0
2003-01-12,0.2,-5.1,1.6,1921,5.1,0.41,2.7
2003-01-13,2.3,-1.2,3.2,1948,1.9,0.54,3.8
2003-01-14,6.5,2.5,7.6,1976,0.0,0.71,4.3
2003-01-15,5.2,3.9,7.1,2005,0.0,0.78,4.1
2003-01-16,5.4,3.7,6.6,2318,0.0,0.77,3.7
2003-01-17,2.3,0.4,6.0,5592,0.0,0.61,2.7
2003-01-18,1.9,-0.7,3.4,2100,0.0,0.56,2.5
2003-01-19,2.9,1.0,5.0,4226,1.0,0.63,3.0
2003-01-20,5.0,2.0,8.8,4923,0.0,0.69,3.1
2003-01-21,2.8,1.3,6.2,3051,0.0,0.65,2.7
2003-01-22,2.1,-0.9,6.3,5210,0.0,0.56,2.7
2003-01-23,4.3,0.8,6.1,2282,0.8,0.63,2.4
2003-01-24,3.2,2.4,4.4,2322,0.1,0.7,2.1
2003-01-25,3.1,1.9,4.1,2363,1.8,0.68,2.5
2003-01-26,4.7,0.6,5.7,2405,1.2,0.62,2.9
2003-01-27,8.1,3.7,9.6,2449,4.4,0.78,3.8
2003-01-28,4.1,2.7,9.7,3572,7.3,0.73,5.5
2003-01-29,1.9,0.5,4.1,2649,2.1,0.61,3.4
2003-01-30,0.3,-0.2,1.7,2863,1.3,0.58,2.7
2003-01-31,-3.8,-6.4,0.1,2635,0.9,0.37,2.5
2003-02-01,-5.8,-10.4,-3.0,3817,0.0,0.27,2.2
2003-02-02,-2.2,-6.6,0.3,2907,1.3,0.36,3.5
2003-02-03,1.1,-1.2,3.9,4238,0.0,0.54,3.6
2003-02-04,0.6,-0.7,3.0,4544,3.1,0.56,2.4
2003-02-05,-1.9,-6.7,0.9,3013,0.0,0.37,2.4
2003-02-06,-2.4,-3.4,0.4,2950,0.0,0.46,2.3
2003-02-07,-2.2,-5.7,0.4,3006,1.4,0.39,2.0
2003-02-08,-1.8,-3.7,1.4,3063,0.1,0.45,1.5
2003-02-09,-2.7,-5.2,0.8,7683,0.0,0.4,2.3
2003-02-10,-1.5,-6.4,-0.2,3182,0.0,0.37,1.7
2003-02-11,-3.8,-5.5,-0.1,4139,0.0,0.39,1.9
2003-02-12,-4.8,-6.8,1.5,9138,0.0,0.37,2.2
2003-02-13,-4.8,-11.2,1.3,8682,0.0,0.27,2.0
2003-02-14,-3.6,-9.9,2.0,9077,0.0,0.3,1.6
2003-02-15,-1.0,-3.7,1.5,3832,0.0,0.45,2.3
2003-02-16,-5.8,-7.7,-0.8,9958,0.0,0.34,2.8
2003-02-17,-7.0,-10.2,-3.0,5901,0.0,0.28,2.0
2003-02-18,-3.0,-10.2,-1.4,3697,0.5,0.28,1.8
2003-02-19,-1.6,-2.4,-0.1,3765,0.0,0.49,2.2
2003-02-20,-1.3,-2.6,-0.1,3835,0.0,0.48,1.9
2003-02-21,-0.6,-2.4,0.9,3906,0.0,0.49,2.1
2003-02-22,0.9,-2.8,4.9,9600,0.0,0.49,2.2
2003-02-23,0.5,-3.2,6.2,11436,0.0,0.49,1.9
2003-02-24,0.3,-4.4,7.4,11519,0.0,0.46,1.4
2003-02-25,3.1,-3.4,11.1,11525,0.0,0.5,1.7
2003-02-26,1.1,-3.6,6.9,11759,0.0,0.48,1.8
2003-02-27,-0.1,-5.2,6.9,11377,0.0,0.43,1.4
2003-02-28,1.0,-2.2,3.3,6220,0.0,0.5,1.7
2003-03-01,2.9,-0.3,6.2,5764,0.0,0.59,1.8
2003-03-02,2.0,-0.6,6.1,6335,2.2,0.57,2.5
2003-03-03,0.1,-2.1,2.1,4658,1.9,0.51,1.8
2003-03-04,-0.3,-1.7,1.5,4737,0.0,0.52,1.5
2003-03-05,1.5,-2.6,6.2,5558,0.0,0.5,2.2
2003-03-06,1.7,-2.1,5.4,7808,2.4,0.52,3.1
2003-03-07,2.1,-0.2,6.6,5818,0.0,0.59,1.9
2003-03-08,5.0,-0.2,10.5,8624,4.1,0.61,3.5
2003-03-09,7.7,4.6,9.3,5142,2.4,0.82,3.4
2003-03-10,10.1,4.2,13.9,7128,0.0,0.83,2.8
2003-03-11,8.4,6.2,12.2,5569,6.4,0.92,3.2
2003-03-12,6.3,4.3,10.1,6978,3.2,0.81,3.4
2003-03-13,2.4,-0.7,7.1,15356,0.0,0.57,2.6
2003-03-14,2.4,-0.6,8.1,9691,0.0,0.58,2.5
2003-03-15,3.4,-1.7,8.5,13258,0.0,0.54,2.2
2003-03-16,5.0,-1.8,11.7,14965,0.0,0.56,1.7
2003-03-17,3.0,0.5,7.7,7566,0.0,0.62,2.0
2003-03-18,5.0,-1.4,13.2,15390,0.0,0.59,1.8
2003-03-19,4.3,1.4,6.0,5984,0.0,0.65,2.5
2003-03-20,1.7,0.2,5.7,6069,0.0,0.61,2.1
2003-03-21,-0.3,-4.7,4.2,16842,0.0,0.43,2.7
2003-03-22,1.8,-3.6,8.4,17303,0.0,0.48,2.4
2003-03-23,6.3,-2.2,14.8,17573,0.0,0.57,1.5
2003-03-24,9.9,-2.3,18.3,17552,0.1,0.6,1.7
2003-03-25,8.5,6.2,14.2,13687,0.0,0.94,1.6
2003-03-26,5.0,-2.1,12.1,9066,0.0,0.55,1.4
2003-03-27,6.7,3.6,12.6,7871,3.1,0.79,1.3
2003-03-28,8.8,1.1,15.1,14810,0.0,0.69,1.4
2003-03-29,9.1,0.5,16.6,15662,0.0,0.68,1.4
2003-03-30,10.3,7.4,16.7,14891,0.0,1.03,2.3
2003-03-31,6.4,4.2,12.6,18011,0.0,0.82,2.6
2003-04-01,10.3,0.1,15.2,15170,4.8,0.66,3.2
2003-04-02,6.1,4.8,14.3,11664,3.1,0.86,3.8
2003-04-03,5.8,2.5,9.9,12302,1.9,0.72,3.2
2003-04-04,6.5,-0.4,10.8,17268,0.0,0.6,2.7
2003-04-05,3.9,1.6,9.4,12640,0.0,0.68,4.4
2003-04-06,0.2,-2.0,5.3,15849,0.1,0.52,3.6
2003-04-07,0.0,-2.9,2.9,8254,0.0,0.48,2.8
2003-04-08,0.0,-2.4,4.4,11148,0.0,0.51,1.8
2003-04-09,-0.8,-4.9,3.4,12553,1.0,0.42,2.1
2003-04-10,0.7,-1.1,4.9,9606,0.0,0.55,1.6
2003-04-11,3.5,-3.2,8.8,14415,0.0,0.5,1.9
2003-04-12,6.1,-1.2,12.9,21147,0.0,0.59,1.4
2003-04-13,9.5,-0.9,15.8,21073,0.0,0.63,1.8
2003-04-14,11.9,2.6,18.2,21774,0.0,0.79,3.4
2003-04-15,13.9,5.8,20.0,22479,0.0,0.96,3.2
2003-04-16,13.9,6.4,19.6,22850,0.0,0.99,3.0
2003-04-17,12.2,2.8,20.1,22882,0.0,0.82,2.7
2003-04-18,5.3,2.6,10.8,9183,1.5,0.73,3.5
2003-04-19,10.2,4.0,14.7,12795,0.4,0.82,3.7
2003-04-20,15.1,8.2,20.7,22386,0.0,1.11,2.9
2003-04-21,15.2,8.0,21.4,22518,0.0,1.1,2.5
2003-04-22,13.2,5.5,21.9,23917,0.0,0.97,1.9
2003-04-23,12.3,3.7,19.8,23702,0.0,0.85,1.8
2003-04-24,12.9,3.5,20.4,18253,0.0,0.86,1.4
2003-04-25,15.8,4.7,21.4,18826,0.0,0.92,2.1
2003-04-26,14.8,10.6,19.3,9101,1.4,1.27,2.8
2003-04-27,12.3,10.4,17.8,17745,0.3,1.24,4.0
2003-04-28,14.3,9.3,18.3,12895,0.0,1.16,2.7
2003-04-29,14.3,12.9,21.2,14513,2.3,1.46,3.1
2003-04-30,15.7,7.3,20.9,13412,2.7,1.07,2.7
2003-05-01,13.3,10.9,18.5,18485,0.2,1.29,3.9
2003-05-02,16.0,8.3,20.5,20844,0.0,1.12,2.4
2003-05-03,12.3,10.5,17.0,12570,0.0,1.23,4.4
2003-05-04,16.1,5.5,21.8,25712,0.0,0.97,2.3
2003-05-05,21.5,9.3,29.6,24614,0.0,1.3,2.3
2003-05-06,14.6,12.1,22.2,13266,0.0,1.41,2.3
2003-05-07,13.2,9.9,19.2,23120,0.0,1.22,1.9
2003-05-08,19.5,6.8,25.9,23937,0.0,1.1,1.9
2003-05-09,13.3,10.0,20.2,10559,0.0,1.24,1.6
2003-05-10,13.5,9.9,18.2,15239,0.0,1.21,1.3
2003-05-11,16.6,8.9,22.2,23714,3.3,1.18,1.3
2003-05-12,16.1,12.4,20.9,15250,9.9,1.43,2.0
2003-05-13,10.3,9.1,17.7,14581,0.3,1.15,2.6
2003-05-14,10.1,5.3,15.2,19543,0.0,0.89,2.8
2003-05-15,9.7,5.1,14.6,22189,1.9,0.88,2.1
2003-05-16,10.6,3.3,16.2,20047,0.3,0.8,1.4
2003-05-17,13.4,6.0,19.8,17033,0.8,0.97,2.1
2003-05-18,13.9,9.0,19.3,19435,6.1,1.15,2.4
2003-05-19,13.9,11.5,18.4,12702,5.9,1.34,2.4
2003-05-20,13.8,10.8,18.4,21532,0.0,1.28,3.4
2003-05-21,13.3,7.6,17.7,15399,0.0,1.04,2.6
2003-05-22,14.4,9.0,18.4,19168,0.3,1.14,2.3
2003-05-23,16.3,12.5,19.7,11773,0.3,1.42,2.8
2003-05-24,21.2,12.0,28.7,24613,0.0,1.5,1.9
2003-05-25,20.5,13.6,27.2,27154,5.9,1.6,2.3
2003-05-26,15.7,12.2,20.4,17995,0.0,1.41,1.8
2003-05-27,18.0,11.3,23.4,23396,0.0,1.37,1.7
2003-05-28,17.2,11.4,23.8,21197,0.0,1.37,2.0
2003-05-29,19.5,9.8,25.8,29853,0.0,1.29,1.8
2003-05-30,20.3,10.3,27.8,29900,0.0,1.35,1.4
2003-05-31,21.1,10.6,27.7,18443,1.1,1.37,1.5
2003-06-01,19.5,12.0,26.8,28110,0.0,1.48,1.5
2003-06-02,23.6,10.8,29.8,28023,0.0,1.43,2.2
2003-06-03,24.9,17.3,31.6,25304,0.0,2.05,1.5
2003-06-04,25.0,17.8,33.3,27216,0.0,2.15,2.0
2003-06-05,22.6,17.8,30.8,23612,18.8,2.07,1.8
2003-06-06,17.7,15.2,24.1,26650,0.0,1.73,1.6
2003-06-07,21.7,12.5,28.3,27053,0.0,1.54,1.4
2003-06-08,22.5,17.0,31.3,25823,7.7,2.02,2.1
2003-06-09,16.9,13.5,21.7,27729,0.0,1.53,3.1
2003-06-10,20.7,10.1,26.0,23605,0.3,1.31,1.8
2003-06-11,20.8,18.5,26.8,24628,0.0,2.09,2.5
2003-06-12,21.9,12.9,27.9,24393,0.0,1.55,1.6
2003-06-13,18.5,14.9,23.9,26669,0.0,1.68,2.0
2003-06-14,16.5,11.2,22.8,19517,0.0,1.35,1.6
2003-06-15,18.3,9.3,23.5,24178,0.0,1.22,1.6
2003-06-16,17.4,12.3,22.3,23809,0.0,1.42,1.8
2003-06-17,20.0,10.5,25.6,28592,0.0,1.34,1.6
2003-06-18,18.1,14.0,22.3,14768,0.0,1.59,2.2
2003-06-19,18.9,14.8,23.8,13765,4.4,1.67,3.3
2003-06-20,14.0,12.4,20.6,23067,1.6,1.43,4.5
2003-06-21,14.9,11.8,19.3,16027,0.2,1.36,3.1
2003-06-22,17.4,8.8,21.8,25073,0.0,1.16,1.6
2003-06-23,21.0,13.9,28.2,16272,9.7,1.65,3.1
2003-06-24,18.5,13.8,24.3,26065,0.0,1.59,3.3
2003-06-25,15.9,13.3,19.8,19273,0.0,1.5,2.7
2003-06-26,16.5,11.2,22.6,14742,0.0,1.34,1.7
2003-06-27,19.7,9.3,24.0,27160,0.0,1.23,1.7
2003-06-28,20.9,10.1,27.5,29152,0.0,1.33,1.5
2003-06-29,22.1,14.4,29.4,15584,0.0,1.72,1.5
2003-06-30,20.4,13.8,25.4,23594,0.1,1.59,1.7
2003-07-01,19.6,16.7,22.7,14924,0.2,1.86,2.7
2003-07-02,17.8,14.9,22.9,16910,1.6,1.68,3.0
2003-07-03,17.3,13.2,23.6,21773,3.4,1.53,3.0
2003-07-04,16.1,15.0,18.8,11734,4.9,1.65,3.4
2003-07-05,15.7,14.1,18.8,11336,0.0,1.57,3.3
2003-07-06,16.1,13.9,19.0,11438,0.0,1.55,2.6
2003-07-07,16.7,14.0,21.9,17911,0.0,1.58,1.6
2003-07-08,16.7,12.8,23.1,18130,0.1,1.49,1.6
2003-07-09,17.9,14.3,22.2,15602,2.1,1.61,2.2
2003-07-10,16.9,11.4,22.2,18437,0.0,1.37,1.9
2003-07-11,21.6,11.2,28.0,25128,4.2,1.43,2.0
2003-07-12,17.1,13.2,24.4,22471,0.0,1.53,2.7
2003-07-13,17.6,11.5,23.0,23422,0.0,1.37,1.9
2003-07-14,21.4,10.8,27.2,27973,0.0,1.37,2.1
2003-07-15,23.1,13.1,28.7,24444,0.0,1.58,2.0
2003-07-16,25.7,16.3,31.1,26625,0.3,1.94,2.6
2003-07-17,22.7,18.7,30.7,16289,4.0,2.2,2.2
2003-07-18,20.5,17.5,26.7,22923,0.0,1.98,1.9
2003-07-19,24.5,15.2,29.8,26944,0.0,1.81,1.6
2003-07-20,26.9,17.7,33.8,27745,0.0,2.15,2.1
2003-07-21,24.6,20.0,30.7,17204,0.8,2.33,1.7
2003-07-22,22.7,17.4,27.1,24533,0.0,1.98,1.9
2003-07-23,20.9,16.3,27.1,19920,0.0,1.88,1.4
2003-07-24,21.6,15.6,29.5,19612,3.5,1.83,1.6
2003-07-25,20.9,17.1,26.9,18936,0.3,1.95,1.6
2003-07-26,19.9,16.6,24.7,14103,1.3,1.88,1.9
2003-07-27,24.3,18.3,33.0,20759,5.9,2.18,2.6
2003-07-28,19.8,17.1,26.0,18860,0.0,1.94,1.9
2003-07-29,20.2,14.4,25.6,17331,0.5,1.65,1.3
2003-07-30,22.5,13.2,28.1,22603,0.0,1.6,1.5
2003-07-31,21.4,13.2,28.3,18646,0.0,1.58,1.4
2003-08-01,25.0,16.8,31.5,22197,0.0,1.99,1.2
2003-08-02,25.3,18.5,31.5,13066,0.0,2.19,1.2
2003-08-03,25.5,18.5,31.5,19257,0.0,2.19,1.3
2003-08-04,24.4,17.6,30.3,26019,0.0,2.06,1.5
2003-08-05,23.3,14.1,29.0,24840,0.0,1.68,1.7
2003-08-06,21.7,14.0,28.0,24381,0.0,1.67,1.5
2003-08-07,23.7,12.6,31.0,25471,0.0,1.58,1.3
2003-08-08,25.1,13.1,32.0,24651,0.0,1.66,1.3
2003-08-09,25.6,14.6,33.5,25491,0.0,1.81,1.6
2003-08-10,23.4,15.4,29.9,26087,0.0,1.82,2.0
2003-08-11,22.9,14.4,29.0,25735,0.0,1.72,1.6
2003-08-12,26.9,17.1,34.0,20566,0.0,2.07,1.4
2003-08-13,25.3,21.8,34.0,24324,0.1,2.66,2.7
2003-08-14,19.6,16.1,24.5,14870,0.0,1.81,2.8
2003-08-15,18.4,13.6,24.9,22804,0.0,1.58,3.1
2003-08-16,18.2,12.2,24.1,20714,0.0,1.44,2.1
2003-08-17,19.7,10.1,26.3,23833,1.5,1.33,1.5
2003-08-18,22.7,16.3,31.4,15192,0.9,1.93,2.4
2003-08-19,20.1,18.4,25.0,12802,0.1,2.06,2.6
2003-08-20,17.2,12.6,24.5,20131,0.0,1.47,1.9
2003-08-21,18.9,10.1,25.5,14780,0.0,1.3,1.7
2003-08-22,20.4,15.1,25.8,18188,0.0,1.74,2.9
2003-08-23,18.1,16.4,24.9,14350,1.8,1.86,2.7
2003-08-24,18.1,12.6,23.0,17951,0.0,1.47,2.3
2003-08-25,18.3,11.4,26.0,20511,0.0,1.41,1.7
2003-08-26,17.9,9.3,24.4,18597,0.0,1.23,2.4
2003-08-27,15.9,14.0,21.4,12270,0.0,1.58,3.3
2003-08-28,15.7,12.2,21.0,10959,2.5,1.41,1.4
2003-08-29,16.7,12.2,21.1,8343,23.3,1.41,2.5
2003-08-30,15.9,12.8,21.2,16221,0.0,1.46,2.5
2003-08-31,13.8,9.3,19.5,17507,2.7,1.17,2.5
2003-09-01,12.2,9.5,18.9,15755,2.1,1.18,2.4
2003-09-02,11.2,8.2,18.1,20351,0.0,1.09,1.8
2003-09-03,13.1,5.6,17.3,8139,0.3,0.92,1.9
2003-09-04,15.4,11.8,19.8,9432,0.0,1.37,1.8
2003-09-05,16.3,7.1,22.6,18620,0.0,1.07,1.6
2003-09-06,18.2,10.2,25.0,17630,0.0,1.3,1.9
2003-09-07,17.1,12.0,23.2,9564,0.1,1.42,1.4
2003-09-08,18.4,12.1,25.5,14436,0.0,1.45,1.9
2003-09-09,15.4,12.6,20.3,8852,7.4,1.44,1.8
2003-09-10,14.8,12.6,19.0,10596,19.3,1.43,2.0
2003-09-11,13.2,10.4,16.0,8254,2.9,1.23,3.1
2003-09-12,15.7,11.7,20.3,9572,0.6,1.37,2.0
2003-09-13,15.2,11.4,19.5,14576,0.0,1.34,2.1
2003-09-14,15.5,12.5,20.3,10557,0.0,1.44,1.4
2003-09-15,15.2,8.6,21.8,15677,0.0,1.16,1.3
2003-09-16,16.7,11.3,23.0,15525,0.0,1.37,1.4
2003-09-17,15.2,11.6,21.5,12649,0.0,1.38,1.3
2003-09-18,18.5,11.5,27.5,16571,0.0,1.43,1.7
2003-09-19,19.8,12.0,28.9,16790,0.0,1.51,1.9
2003-09-20,20.1,10.3,28.7,15482,0.0,1.38,1.3
2003-09-21,17.5,13.4,27.8,16642,0.0,1.61,2.2
2003-09-22,21.6,10.6,29.5,15910,0.2,1.4,2.6
2003-09-23,11.8,9.6,22.0,9066,2.3,1.23,3.2
2003-09-24,10.0,5.5,16.0,14105,0.0,0.91,2.0
2003-09-25,11.6,4.1,17.7,15318,0.0,0.85,2.0
2003-09-26,13.8,6.0,20.9,15332,0.0,0.99,2.2
2003-09-27,13.2,11.2,18.1,10235,0.0,1.31,1.8
2003-09-28,12.0,4.4,17.6,10821,3.3,0.87,1.5
2003-09-29,11.8,9.5,16.0,8138,1.5,1.16,2.5
2003-09-30,9.0,6.9,14.4,6984,0.0,0.98,1.6
2003-10-01,12.6,4.5,17.6,12500,3.0,0.87,1.8
2003-10-02,11.0,8.4,15.3,7302,0.3,1.08,1.6
2003-10-03,11.7,4.7,15.3,6184,9.2,0.87,1.7
2003-10-04,10.7,7.3,15.4,8441,0.4,1.01,2.4
2003-10-05,8.2,4.0,13.5,8161,0.0,0.81,2.0
2003-10-06,8.4,4.8,12.4,9529,2.2,0.85,4.1
2003-10-07,8.6,7.4,10.4,6309,3.0,1.0,4.5
2003-10-08,8.8,6.7,12.9,6859,5.2,0.96,4.4
2003-10-09,10.6,6.5,12.9,9948,0.0,0.95,3.9
2003-10-10,13.3,10.1,15.4,4923,0.3,1.21,4.0
2003-10-11,11.5,10.0,14.3,5545,0.0,1.19,3.3
2003-10-12,7.5,5.1,13.3,10246,0.0,0.87,2.0
2003-10-13,6.4,1.0,13.4,11024,0.0,0.68,1.7
2003-10-14,6.4,0.4,11.5,10045,0.0,0.64,2.2
2003-10-15,5.1,1.3,11.8,10281,0.0,0.68,2.0
2003-10-16,6.3,-0.9,11.0,6445,0.0,0.58,2.0
2003-10-17,2.6,-0.3,9.7,10219,0.0,0.6,2.2
2003-10-18,2.7,-2.6,11.5,9644,0.0,0.53,1.7
2003-10-19,2.3,-3.9,10.4,9009,0.0,0.49,1.2
2003-10-20,2.7,-2.7,8.4,4149,0.0,0.51,1.8
2003-10-21,3.9,0.0,6.5,3727,0.8,0.6,1.8
2003-10-22,2.9,0.4,7.2,8213,0.0,0.62,2.0
2003-10-23,0.0,-3.5,6.0,7206,0.0,0.47,2.6
2003-10-24,-1.2,-5.4,5.9,9254,0.0,0.42,1.8
2003-10-25,5.3,-2.7,7.5,3928,2.7,0.51,3.5
2003-10-26,4.1,2.8,6.4,3398,4.6,0.72,2.3
2003-10-27,0.7,-3.9,6.4,7950,0.0,0.46,1.4
2003-10-28,2.2,-1.9,8.8,8026,0.0,0.54,2.0
2003-10-29,4.0,-0.1,6.4,3276,5.8,0.6,2.1
2003-10-30,5.7,3.4,6.9,3153,4.9,0.75,1.9
2003-10-31,7.1,2.3,9.9,3528,0.0,0.71,2.7
2003-11-01,8.0,5.3,11.4,3159,0.2,0.87,2.5
2003-11-02,7.9,4.8,12.3,5276,0.2,0.85,3.1
2003-11-03,10.8,6.0,14.1,4417,2.5,0.93,4.2
2003-11-04,8.8,7.6,11.8,3755,0.0,1.01,2.9
2003-11-05,6.2,1.0,12.3,7361,0.2,0.67,1.8
2003-11-06,2.2,0.9,6.7,2765,0.0,0.64,2.2
2003-11-07,4.4,-1.7,6.0,4192,0.0,0.53,3.5
2003-11-08,5.1,3.4,8.2,3675,0.0,0.76,3.9
2003-11-09,4.0,3.0,6.3,2782,0.0,0.73,2.3
2003-11-10,3.4,1.3,4.5,2567,0.0,0.64,2.6
2003-11-11,3.0,-0.6,7.7,6964,0.0,0.58,2.5
2003-11-12,1.5,-0.8,6.3,7027,0.0,0.57,2.3
2003-11-13,0.0,-2.4,4.5,6401,0.0,0.5,1.6
2003-11-14,0.7,-3.4,3.0,2441,0.0,0.46,2.0
2003-11-15,5.8,0.5,9.8,3485,0.0,0.64,2.6
2003-11-16,4.6,2.9,7.3,2460,12.1,0.73,1.9
2003-11-17,6.0,3.7,8.5,2267,4.4,0.77,3.4
2003-11-18,9.9,5.0,12.1,2229,3.9,0.86,3.7
2003-11-19,12.3,11.6,13.1,2192,0.5,1.32,4.1
2003-11-20,9.0,5.3,12.7,3574,0.0,0.87,2.1
2003-11-21,8.6,7.0,11.9,4444,0.0,0.97,2.1
2003-11-22,8.5,4.5,10.3,2088,0.0,0.82,2.0
2003-11-23,10.2,7.2,13.8,3146,0.0,1.0,2.2
2003-11-24,10.3,4.8,14.7,2353,0.0,0.86,2.1
2003-11-25,8.6,6.3,10.9,2088,2.7,0.93,1.6
2003-11-26,8.3,6.4,11.9,4773,0.4,0.93,2.2
2003-11-27,6.2,5.5,7.5,1939,0.1,0.87,1.4
2003-11-28,7.4,5.9,8.1,1912,2.1,0.89,2.1
2003-11-29,7.8,6.9,8.8,1887,0.0,0.96,1.7
2003-11-30,5.3,3.2,8.1,3062,0.0,0.75,2.6
2003-12-01,4.1,1.4,7.7,3338,0.0,0.66,2.6
2003-12-02,6.7,2.9,7.7,1819,0.0,0.73,2.4
2003-12-03,6.3,5.8,6.8,1798,0.0,0.89,1.7
2003-12-04,4.2,3.3,6.4,1779,0.4,0.75,2.0
2003-12-05,5.7,3.2,6.6,1761,1.4,0.74,2.4
2003-12-06,2.3,0.4,9.1,3571,0.0,0.62,4.0
2003-12-07,-2.0,-4.4,2.0,4812,0.0,0.43,2.2
2003-12-08,-0.2,-3.4,1.3,1713,0.0,0.46,1.7
2003-12-09,-0.6,-4.1,3.0,4583,0.0,0.44,1.5
2003-12-10,1.4,-1.5,4.9,4515,0.0,0.54,2.1
2003-12-11,1.1,-2.3,4.1,3167,5.6,0.51,3.0
2003-12-12,1.1,-0.2,3.9,1914,4.9,0.58,2.3
2003-12-13,8.3,-0.5,11.4,1657,16.1,0.6,4.2
2003-12-14,5.2,2.4,10.9,1649,5.4,0.72,5.4
2003-12-15,1.1,0.3,3.5,4299,0.0,0.6,5.2
2003-12-16,1.5,-0.1,3.1,3227,0.5,0.58,3.3
2003-12-17,4.9,0.5,5.6,1633,0.0,0.62,2.5
2003-12-18,2.6,0.4,6.5,4353,0.0,0.61,1.9
2003-12-19,3.1,-1.0,6.2,4186,0.2,0.56,2.1
2003-12-20,6.4,3.4,7.8,1627,4.4,0.75,2.9
2003-12-21,5.5,4.1,8.7,2439,1.5,0.8,6.0
2003-12-22,-0.6,-2.5,4.3,1790,0.5,0.5,3.6
2003-12-23,-3.8,-6.9,0.1,3460,0.0,0.36,2.3
2003-12-24,-0.4,-5.5,1.6,4200,0.0,0.4,2.7
2003-12-25,3.3,0.5,4.1,1639,0.0,0.61,3.0
2003-12-26,3.9,2.2,5.9,1645,0.0,0.69,2.9
2003-12-27,4.4,1.8,7.9,1652,0.0,0.68,3.8
2003-12-28,4.7,1.8,6.5,1660,0.0,0.67,3.7
2003-12-29,3.0,1.2,7.3,2206,0.0,0.65,3.0
2003-12-30,1.1,-0.9,3.1,2094,0.0,0.55,1.3
2003-12-31,0.0,-1.2,1.6,1691,0.0,0.54,1.9
2004-01-01,-2.9,-7.2,-0.5,1704,0.0,0.35,1.8
2004-01-02,-2.8,-4.7,0.7,2349,0.0,0.42,2.5
2004-01-03,-4.0,-5.7,-1.1,1902,0.0,0.39,1.4
2004-01-04,-4.5,-5.7,-1.0,4136,0.9,0.39,2.4
2004-01-05,-7.8,-10.2,-3.2,4641,0.0,0.27,2.2
2004-01-06,-3.7,-10.8,-0.7,1871,9.0,0.27,2.9
2004-01-07,3.1,-1.4,4.2,1805,0.2,0.54,2.0
2004-01-08,1.1,-0.8,4.6,3887,0.0,0.56,2.5
2004-01-09,0.7,-1.2,1.8,1848,0.3,0.54,2.5
2004-01-10,0.5,-0.5,2.7,1871,1.4,0.57,2.3
2004-01-11,4.7,-0.5,8.2,1895,11.6,0.59,3.5
2004-01-12,2.6,1.1,7.8,3963,1.0,0.64,3.7
2004-01-13,4.3,0.7,6.2,1948,5.9,0.63,4.2
2004-01-14,3.9,2.5,6.9,1976,3.1,0.71,4.8
2004-01-15,2.1,0.9,4.0,2098,2.4,0.63,3.3
2004-01-16,3.6,0.5,5.2,2224,10.0,0.61,4.2
2004-01-17,3.6,2.5,5.4,2067,4.8,0.71,3.0
2004-01-18,-0.9,-2.5,3.2,4122,0.2,0.5,2.5
2004-01-19,0.7,-2.6,2.2,2134,7.6,0.49,3.7
2004-01-20,-0.1,-0.8,2.3,2218,0.4,0.56,2.8
2004-01-21,-2.8,-3.7,-0.2,4145,0.0,0.45,1.6
2004-01-22,-5.9,-7.5,-2.9,3299,0.0,0.34,1.6
2004-01-23,-5.7,-9.5,-3.1,2892,0.0,0.29,1.9
2004-01-24,-6.2,-9.9,-3.5,5460,1.6,0.28,2.1
2004-01-25,-6.4,-9.7,-4.7,2363,0.6,0.28,1.7
2004-01-26,-5.0,-7.0,-4.3,2405,0.2,0.35,1.7
2004-01-27,-3.3,-4.9,-1.8,2449,0.0,0.41,1.6
2004-01-28,-3.0,-6.9,-0.3,3087,0.1,0.36,2.6
2004-01-29,-1.1,-5.7,0.2,4450,3.8,0.39,3.6
2004-01-30,0.5,-1.8,1.7,3416,0.2,0.51,3.9
2004-01-31,3.1,-1.2,5.3,2635,4.5,0.55,4.7
2004-02-01,7.6,4.5,10.3,2741,10.5,0.82,5.0
2004-02-02,7.7,4.2,10.3,3423,3.7,0.81,3.9
2004-02-03,10.7,6.0,12.5,2787,3.4,0.92,3.3
2004-02-04,13.7,11.2,15.0,2899,0.2,1.29,3.8
2004-02-05,12.9,11.6,15.2,2894,3.5,1.31,4.3
2004-02-06,12.1,9.7,13.4,3010,2.6,1.16,3.5
2004-02-07,6.4,4.7,13.5,4164,3.5,0.85,5.3
2004-02-08,1.6,0.7,5.3,3927,5.0,0.62,5.3
2004-02-09,0.9,-0.3,3.5,6059,0.3,0.57,4.8
2004-02-10,0.6,-1.6,2.9,3182,8.5,0.52,3.3
2004-02-11,-0.7,-3.3,2.9,4971,0.9,0.47,2.8
2004-02-12,-1.3,-6.2,0.0,3304,0.2,0.38,1.4
2004-02-13,3.7,-0.8,6.0,3367,0.0,0.57,2.1
2004-02-14,4.7,2.8,6.6,3564,0.0,0.72,1.6
2004-02-15,1.3,0.4,5.0,3496,0.0,0.61,1.6
2004-02-16,1.0,-1.2,2.3,3562,0.0,0.54,1.8
2004-02-17,4.0,1.8,5.4,3629,0.0,0.67,2.3
2004-02-18,2.7,0.7,5.5,5717,0.1,0.63,2.4
2004-02-19,-0.6,-2.4,2.3,9124,0.0,0.49,3.7
2004-02-20,-0.8,-5.6,3.7,10327,0.0,0.4,3.5
2004-02-21,1.0,-3.9,5.5,8886,0.0,0.46,2.6
2004-02-22,0.5,-2.5,3.5,6022,0.0,0.5,2.2
2004-02-23,0.3,-1.8,2.2,4050,0.0,0.52,2.7
2004-02-24,0.7,-5.2,4.4,9203,2.2,0.42,2.6
2004-02-25,0.3,-0.7,2.5,5255,0.8,0.56,2.9
2004-02-26,-1.4,-3.0,2.5,7863,0.0,0.48,2.4
2004-02-27,-1.2,-4.9,2.0,4657,0.0,0.42,1.4
2004-02-28,-1.0,-5.1,3.7,8329,0.0,0.42,1.3
2004-02-29,-1.2,-4.9,2.5,6159,0.0,0.42,1.9
2004-03-01,0.1,-3.5,2.9,6813,2.5,0.46,2.6
2004-03-02,3.9,0.7,6.0,4658,0.3,0.62,3.2
2004-03-03,1.2,-2.3,6.1,11500,0.0,0.51,2.7
2004-03-04,-1.3,-5.4,1.7,5640,0.0,0.4,1.9
2004-03-05,-1.0,-5.6,3.5,13382,0.0,0.4,3.0
2004-03-06,-0.6,-3.6,2.9,7499,0.1,0.46,2.2
2004-03-07,-0.8,-2.1,2.0,5823,0.4,0.5,1.7
2004-03-08,1.1,-3.7,6.0,11655,0.0,0.47,2.0
2004-03-09,1.0,0.1,3.9,5484,0.8,0.6,2.6
2004-03-10,1.9,-0.2,3.2,5307,0.5,0.58,2.7
2004-03-11,3.7,1.8,6.5,5655,0.0,0.67,2.3
2004-03-12,5.5,0.4,10.0,10548,0.0,0.63,3.0
2004-03-13,7.3,2.3,11.2,6636,2.4,0.72,2.8
2004-03-14,8.3,4.3,15.0,11807,0.0,0.84,2.7
2004-03-15,10.5,6.0,13.8,7100,0.0,0.92,3.4
2004-03-16,11.1,7.7,14.6,5813,0.0,1.03,2.8
2004-03-17,13.1,6.3,20.6,14646,0.0,1.0,2.0
2004-03-18,11.6,5.8,16.5,11052,0.0,0.94,1.6
2004-03-19,11.3,9.9,14.9,8341,2.8,1.18,4.3
2004-03-20,10.5,6.2,14.0,7587,4.9,0.93,5.9
2004-03-21,8.9,6.4,14.4,14129,0.3,0.95,6.4
2004-03-22,6.1,4.3,9.8,8945,0.6,0.81,3.8
2004-03-23,5.6,0.5,10.5,13937,0.0,0.64,1.8
2004-03-24,4.5,0.2,10.3,7681,0.0,0.63,3.0
2004-03-25,2.1,1.1,4.3,6785,0.0,0.63,2.7
2004-03-26,0.6,-1.9,3.9,7372,0.0,0.52,2.1
2004-03-27,1.0,-4.7,6.9,14105,0.0,0.44,1.7
2004-03-28,5.9,-0.5,8.0,6845,0.0,0.58,1.7
2004-03-29,7.4,4.2,13.0,11319,0.0,0.82,1.7
2004-03-30,9.5,1.7,15.9,18011,0.0,0.72,2.7
2004-03-31,10.5,2.8,16.0,18687,0.0,0.77,2.5
2004-04-01,10.8,4.8,16.2,17911,0.0,0.88,3.2
2004-04-02,9.8,4.1,15.6,16912,0.0,0.83,3.5
2004-04-03,9.9,4.0,16.8,12523,0.5,0.85,2.7
2004-04-04,9.7,3.9,15.5,8397,0.9,0.82,3.3
2004-04-05,6.0,3.1,11.3,12968,0.4,0.76,3.3
2004-04-06,5.4,2.3,9.4,10937,4.3,0.71,3.1
2004-04-07,5.3,3.8,9.8,12227,0.3,0.79,2.6
2004-04-08,5.0,0.9,8.8,8645,4.0,0.64,2.4
2004-04-09,6.0,3.0,10.3,10370,0.7,0.74,2.3
2004-04-10,4.6,1.2,10.1,13208,1.6,0.67,2.4
2004-04-11,5.6,-1.7,11.7,20265,0.1,0.56,2.1
2004-04-12,6.4,0.8,9.7,8326,0.0,0.65,2.1
2004-04-13,7.9,1.2,13.3,14423,0.0,0.68,1.8
2004-04-14,10.0,0.7,16.4,22255,0.0,0.69,1.7
2004-04-15,12.8,3.9,18.6,22512,0.0,0.86,1.8
2004-04-16,14.0,6.2,20.5,20961,0.0,0.99,1.7
2004-04-17,12.6,4.7,20.6,21322,0.0,0.92,1.9
2004-04-18,15.0,6.9,20.3,18606,1.3,1.03,2.6
2004-04-19,9.7,7.3,15.3,9572,4.2,1.01,2.4
2004-04-20,10.7,3.0,17.2,14821,0.0,0.8,1.6
2004-04-21,13.5,6.5,19.3,11691,0.0,0.99,1.5
2004-04-22,15.2,7.0,20.8,20460,0.0,1.04,1.5
2004-04-23,9.4,8.6,14.2,8956,6.0,1.09,2.4
2004-04-24,8.2,5.6,13.0,10662,0.5,0.89,2.3
2004-04-25,12.0,3.1,16.8,20922,0.3,0.8,1.8
2004-04-26,11.2,9.2,15.9,9407,0.1,1.14,1.7
2004-04-27,13.0,8.1,18.2,17019,0.0,1.08,1.9
2004-04-28,13.9,6.8,19.1,25268,0.0,1.01,2.5
2004-04-29,15.2,7.5,20.6,21592,0.0,1.07,2.8
2004-04-30,17.3,11.1,22.4,24193,0.0,1.33,3.3
2004-05-01,18.0,10.4,24.1,17028,0.0,1.3,2.3
2004-05-02,13.8,11.9,16.5,9819,0.2,1.36,2.0
2004-05-03,15.0,11.3,20.4,14920,2.4,1.33,1.8
2004-05-04,15.7,7.9,21.8,17041,0.1,1.1,2.1
2004-05-05,15.9,12.1,20.3,19050,5.0,1.4,2.0
2004-05-06,14.3,10.3,21.2,13456,5.2,1.26,2.1
2004-05-07,12.6,7.9,17.4,13162,2.9,1.07,3.3
2004-05-08,10.6,5.1,14.0,14684,0.0,0.88,2.7
2004-05-09,11.0,9.1,13.1,10010,2.6,1.12,2.0
2004-05-10,15.5,10.8,20.0,16281,0.1,1.29,2.2
2004-05-11,13.0,10.6,16.1,12076,0.3,1.24,2.0
2004-05-12,10.4,9.4,11.6,10177,0.2,1.13,2.1
2004-05-13,9.1,2.7,11.4,10598,1.6,0.74,2.1
2004-05-14,9.0,1.5,15.3,24399,0.0,0.71,1.4
2004-05-15,11.6,6.8,15.0,10334,1.6,0.98,2.8
2004-05-16,13.3,9.4,17.7,16664,0.0,1.17,2.4
2004-05-17,15.4,11.9,19.8,13022,0.0,1.37,1.6
2004-05-18,15.6,8.4,20.8,22335,0.0,1.12,2.1
2004-05-19,15.1,6.8,22.2,18935,0.0,1.04,2.9
2004-05-20,13.2,8.1,18.5,19981,0.0,1.09,2.0
2004-05-21,11.2,6.1,14.4,13217,0.0,0.93,2.5
2004-05-22,8.7,3.2,14.6,22695,3.2,0.78,3.1
2004-05-23,8.2,4.8,14.1,18276,2.7,0.86,3.3
2004-05-24,9.3,3.2,14.0,13347,0.1,0.78,2.5
2004-05-25,11.0,6.7,15.7,13263,0.1,0.98,2.5
2004-05-26,9.8,6.2,14.8,18162,0.0,0.95,2.4
2004-05-27,9.7,6.0,14.9,12467,0.8,0.93,1.8
2004-05-28,12.5,2.5,19.1,27606,0.0,0.79,1.6
2004-05-29,14.6,4.8,21.5,29775,0.0,0.92,1.5
2004-05-30,17.2,5.3,24.3,28694,0.0,0.98,1.8
2004-05-31,19.4,11.6,25.7,22355,0.0,1.42,2.1
2004-06-01,17.6,10.9,24.3,19887,0.6,1.35,1.6
2004-06-02,15.0,10.9,17.2,11402,0.1,1.27,1.8
2004-06-03,18.5,10.9,25.0,24961,0.0,1.36,2.1
2004-06-04,14.8,11.5,20.5,14837,5.4,1.36,1.7
2004-06-05,14.7,11.5,19.6,13606,2.9,1.35,2.0
2004-06-06,15.5,8.4,20.8,26551,0.0,1.12,1.6
2004-06-07,17.4,9.2,23.7,18543,0.0,1.21,1.6
2004-06-08,20.5,14.6,26.2,21326,0.0,1.7,1.7
2004-06-09,15.6,11.7,18.4,14563,11.4,1.34,2.0
2004-06-10,18.8,15.7,23.1,15960,0.1,1.75,1.8
2004-06-11,18.7,14.1,24.4,16477,4.6,1.61,2.6
2004-06-12,15.2,11.6,19.3,24910,0.1,1.35,2.5
2004-06-13,15.6,10.8,20.6,18763,1.0,1.3,2.3
2004-06-14,16.2,9.3,20.2,19276,0.0,1.19,2.6
2004-06-15,17.8,11.4,24.4,19912,0.1,1.39,3.4
2004-06-16,13.4,8.1,18.2,23312,0.1,1.08,3.5
2004-06-17,13.1,7.1,21.2,13259,9.9,1.06,3.1
2004-06-18,14.4,11.6,18.7,14896,0.4,1.34,2.6
2004-06-19,13.2,7.1,17.0,18919,1.3,1.02,2.4
2004-06-20,13.9,6.2,20.2,24071,0.0,0.99,1.8
2004-06-21,15.2,9.6,20.6,23817,0.0,1.21,1.9
2004-06-22,16.4,9.7,22.2,20670,0.0,1.24,1.7
2004-06-23,17.2,13.4,23.4,18151,9.5,1.55,3.4
2004-06-24,16.1,12.0,20.6,16384,0.2,1.4,4.6
2004-06-25,13.8,10.1,16.7,16626,0.9,1.21,3.7
2004-06-26,14.7,9.9,19.3,19000,0.0,1.21,2.1
2004-06-27,16.1,8.5,21.2,11833,0.0,1.14,1.7
2004-06-28,16.7,11.6,21.2,23111,0.3,1.36,3.2
2004-06-29,15.1,10.4,20.8,23093,0.0,1.26,2.7
2004-06-30,17.0,11.2,22.5,15927,0.0,1.34,1.8
2004-07-01,16.2,11.4,22.5,21045,5.1,1.36,2.7
2004-07-02,15.4,9.9,21.5,21648,1.6,1.25,2.5
2004-07-03,14.0,10.1,19.8,17742,3.1,1.24,3.2
2004-07-04,16.2,10.3,22.0,20594,0.2,1.27,2.6
2004-07-05,15.0,11.4,18.9,17315,1.4,1.32,2.2
2004-07-06,14.9,9.3,20.9,25658,0.0,1.18,2.0
2004-07-07,17.8,8.4,24.3,27744,0.0,1.18,2.2
2004-07-08,18.7,15.2,23.8,15353,11.3,1.71,2.1
2004-07-09,19.0,16.0,23.4,18188,2.7,1.78,3.0
2004-07-10,15.5,13.2,19.3,16657,1.2,1.48,3.1
2004-07-11,15.5,10.6,20.2,21973,4.3,1.28,3.1
2004-07-12,14.3,13.0,17.2,11732,2.6,1.45,3.3
2004-07-13,14.2,12.2,16.9,11697,0.2,1.37,3.2
2004-07-14,15.3,11.2,20.3,15384,1.1,1.32,2.7
2004-07-15,17.7,14.0,22.4,15094,0.5,1.57,2.6
2004-07-16,17.3,13.7,20.8,12822,3.5,1.53,1.7
2004-07-17,21.3,14.7,27.6,19583,2.7,1.72,1.8
2004-07-18,22.0,16.2,28.9,22249,15.9,1.89,1.9
2004-07-19,20.0,14.7,25.2,21328,0.0,1.68,1.8
2004-07-20,20.5,13.7,27.2,18806,3.2,1.6,2.0
2004-07-21,19.5,14.4,25.1,16288,0.0,1.64,1.6
2004-07-22,16.6,13.4,21.6,16233,11.2,1.52,1.3
2004-07-23,20.7,13.5,28.4,21084,3.4,1.62,1.8
2004-07-24,20.1,12.9,26.0,21386,0.0,1.53,2.2
2004-07-25,17.1,11.3,24.1,16793,4.3,1.37,2.0
2004-07-26,14.8,11.7,19.2,14167,4.8,1.35,1.8
2004-07-27,15.5,10.8,21.0,16545,0.0,1.3,1.8
2004-07-28,17.7,9.8,24.2,26210,0.0,1.27,1.5
2004-07-29,18.4,9.5,25.7,27459,0.0,1.26,1.9
2004-07-30,21.5,12.8,28.3,26641,0.0,1.57,1.5
2004-07-31,21.4,12.7,29.3,21714,0.0,1.58,1.3
2004-08-01,19.6,13.9,25.7,20182,0.0,1.61,1.6
2004-08-02,19.9,13.2,26.7,21544,0.0,1.56,1.4
2004-08-03,19.9,13.5,26.7,21336,0.0,1.59,1.4
2004-08-04,21.8,12.9,29.4,24481,0.0,1.59,1.4
2004-08-05,23.8,14.7,30.6,24142,0.0,1.76,2.0
2004-08-06,23.6,16.9,29.4,25709,0.0,1.96,2.1
2004-08-07,23.0,15.2,29.1,24057,0.0,1.78,2.1
2004-08-08,23.7,17.2,29.8,24306,0.0,2.0,2.5
2004-08-09,23.3,14.2,30.7,25024,0.0,1.72,2.5
2004-08-10,24.1,17.7,30.8,25028,0.0,2.07,2.6
2004-08-11,23.9,17.7,30.8,17630,0.0,2.07,1.7
2004-08-12,23.6,16.3,31.4,24090,12.1,1.93,1.7
2004-08-13,18.6,15.6,23.2,13704,1.4,1.75,3.2
2004-08-14,17.9,13.2,23.8,14897,2.9,1.52,2.5
2004-08-15,18.1,10.4,25.1,23032,0.0,1.31,1.9
2004-08-16,21.2,13.7,28.2,17829,0.0,1.64,2.0
2004-08-17,21.7,16.2,27.7,17263,0.0,1.86,1.9
2004-08-18,21.1,16.3,28.0,15781,0.3,1.89,2.3
2004-08-19,23.2,18.1,29.1,17049,0.0,2.08,3.3
2004-08-20,19.4,13.3,25.1,15348,2.5,1.56,2.8
2004-08-21,16.9,12.8,22.0,14565,0.6,1.46,2.6
2004-08-22,15.0,9.2,20.5,20212,0.0,1.18,2.0
2004-08-23,15.5,6.7,21.8,15257,0.0,1.04,1.9
2004-08-24,17.9,12.1,24.9,11908,14.2,1.46,2.4
2004-08-25,16.4,13.6,21.7,12814,0.9,1.54,3.2
2004-08-26,16.2,13.5,20.6,11938,2.5,1.51,3.0
2004-08-27,16.1,14.6,19.4,10518,2.4,1.61,3.0
2004-08-28,16.8,13.6,21.4,10316,5.1,1.54,2.1
2004-08-29,16.1,12.8,21.2,11750,7.0,1.46,1.8
2004-08-30,15.1,12.5,18.8,9479,13.7,1.41,2.9
2004-08-31,14.0,11.3,17.5,11223,4.2,1.3,3.0
2004-09-01,14.3,9.5,18.9,15736,0.0,1.18,2.3
2004-09-02,16.1,8.7,22.9,19664,0.0,1.18,1.4
2004-09-03,18.6,11.4,26.2,20891,0.0,1.4,1.3
2004-09-04,18.6,10.3,26.6,20413,0.0,1.33,1.1
2004-09-05,18.5,10.0,26.5,20461,0.0,1.31,1.5
2004-09-06,19.1,11.5,26.4,19880,0.0,1.42,1.6
2004-09-07,17.8,11.5,24.6,18785,0.0,1.4,1.9
2004-09-08,15.1,7.8,21.2,19141,0.0,1.09,2.0
2004-09-09,12.3,4.6,20.4,19490,0.0,0.91,1.9
2004-09-10,14.5,5.2,22.6,19423,0.0,0.96,2.4
2004-09-11,17.5,12.5,24.1,10782,1.9,1.47,2.3
2004-09-12,16.8,12.6,20.2,13474,0.0,1.43,3.5
2004-09-13,15.5,10.1,20.7,9960,0.0,1.25,3.1
2004-09-14,18.3,14.4,23.6,12024,0.0,1.64,3.1
2004-09-15,15.4,10.1,19.4,13859,0.0,1.24,3.3
2004-09-16,12.5,8.1,16.9,12454,0.0,1.07,1.9
2004-09-17,13.4,6.1,20.2,17344,0.0,0.98,2.0
2004-09-18,14.8,7.0,23.3,17173,0.0,1.08,2.1
2004-09-19,14.7,9.0,19.3,9494,0.0,1.15,2.0
2004-09-20,14.3,8.1,18.3,7874,1.5,1.08,3.3
2004-09-21,12.6,10.1,15.8,8148,3.4,1.2,5.3
2004-09-22,11.6,9.0,15.5,9994,0.0,1.12,4.7
2004-09-23,11.1,8.3,15.0,6840,3.9,1.08,4.0
2004-09-24,12.5,8.5,15.8,7385,5.0,1.09,3.5
2004-09-25,12.6,9.2,17.5,8553,2.3,1.15,2.9
2004-09-26,11.5,8.7,16.5,6293,1.2,1.11,2.3
2004-09-27,13.4,10.1,17.1,5671,0.3,1.21,2.7
2004-09-28,13.5,9.8,15.9,6202,7.4,1.18,2.4
2004-09-29,13.5,10.3,16.2,5415,4.8,1.22,2.8
2004-09-30,10.9,7.3,15.5,8354,0.0,1.02,1.5
2004-10-01,10.7,5.1,16.2,8414,0.0,0.9,1.6
2004-10-02,11.6,6.7,15.7,6946,0.0,0.98,2.0
2004-10-03,12.7,8.1,18.3,11797,0.0,1.08,1.9
2004-10-04,13.7,7.0,19.2,9075,0.0,1.03,2.4
2004-10-05,17.8,11.5,24.3,11174,0.0,1.38,2.3
2004-10-06,14.0,10.5,15.6,5413,2.8,1.23,2.4
2004-10-07,12.3,8.5,17.4,11855,0.0,1.1,2.4
2004-10-08,9.5,5.8,14.0,6440,0.0,0.91,1.6
2004-10-09,7.6,2.5,13.1,8000,0.0,0.74,1.7
2004-10-10,6.0,0.0,12.3,9214,0.0,0.63,2.4
2004-10-11,6.1,1.9,11.3,11868,0.0,0.7,3.2
2004-10-12,5.8,1.2,10.5,11788,0.0,0.67,3.4
2004-10-13,8.0,3.7,13.6,9063,0.0,0.8,2.6
2004-10-14,7.5,4.0,12.5,10206,0.0,0.8,2.6
2004-10-15,7.7,4.5,10.6,4079,6.1,0.83,2.4
2004-10-16,8.4,6.0,11.2,4226,2.3,0.91,2.0
2004-10-17,8.1,5.2,12.0,6176,0.4,0.87,3.0
2004-10-18,9.5,7.7,10.9,3865,2.7,1.01,3.8
2004-10-19,8.2,1.4,13.3,7539,0.0,0.69,1.7
2004-10-20,8.5,0.7,12.9,6938,1.3,0.66,2.7
2004-10-21,11.8,4.6,20.3,8558,1.0,0.9,3.3
2004-10-22,10.4,3.6,16.8,9729,0.0,0.82,2.8
2004-10-23,13.5,8.5,17.0,3729,0.0,1.1,3.3
2004-10-24,16.6,11.5,20.7,6125,0.4,1.35,2.7
2004-10-25,14.7,10.9,19.4,6688,0.0,1.3,3.1
2004-10-26,11.1,7.8,13.8,4570,0.0,1.03,1.7
2004-10-27,9.3,6.2,13.3,6356,0.0,0.93,1.8
2004-10-28,9.2,7.7,10.3,3213,0.1,1.01,2.1
2004-10-29,10.9,8.3,13.8,3842,6.4,1.07,1.6
2004-10-30,11.2,10.0,11.9,3094,1.5,1.18,1.4
2004-10-31,10.8,6.7,12.6,3159,0.1,0.95,1.7
2004-11-01,7.5,4.2,9.8,2980,0.0,0.8,2.0
2004-11-02,8.6,6.3,11.9,4477,0.0,0.93,2.4
2004-11-03,9.7,7.9,11.7,2870,0.0,1.03,1.7
2004-11-04,11.6,10.1,13.8,2875,0.0,1.2,1.6
2004-11-05,9.2,6.5,11.3,4606,0.4,0.93,3.1
2004-11-06,7.1,5.2,9.2,4363,0.3,0.86,2.9
2004-11-07,5.7,2.3,7.9,3113,0.9,0.71,2.0
2004-11-08,2.8,0.9,5.4,2893,1.6,0.64,1.4
2004-11-09,3.9,0.5,7.0,2567,9.7,0.62,2.4
2004-11-10,4.0,-0.2,7.1,3280,0.0,0.6,2.2
2004-11-11,2.1,-0.4,3.6,2476,0.0,0.57,1.3
2004-11-12,3.6,1.2,6.6,2432,4.5,0.65,2.7
2004-11-13,4.3,0.4,6.8,4743,1.0,0.61,3.1
2004-11-14,0.6,-1.1,3.1,4105,0.0,0.54,2.0
2004-11-15,4.6,2.5,6.6,2613,0.3,0.71,2.6
2004-11-16,7.1,4.6,8.9,4137,10.2,0.83,2.6
2004-11-17,8.7,5.9,11.4,2229,9.4,0.9,4.1
2004-11-18,7.6,2.3,11.9,2241,14.2,0.72,5.2
2004-11-19,1.0,0.3,3.1,4405,0.5,0.6,3.9
2004-11-20,1.6,0.4,2.5,2122,0.0,0.61,3.9
2004-11-21,1.1,-0.9,4.4,4386,2.0,0.56,2.6
2004-11-22,5.4,0.5,10.2,2056,5.5,0.64,4.5
2004-11-23,5.0,0.8,10.0,3479,0.0,0.65,4.1
2004-11-24,0.0,-1.9,2.4,5154,0.0,0.52,1.5
2004-11-25,0.9,-0.8,4.8,3623,0.0,0.56,1.8
2004-11-26,0.2,-1.8,2.8,2896,1.7,0.52,2.5
2004-11-27,5.5,2.8,7.8,2093,0.8,0.72,2.6
2004-11-28,5.0,4.0,5.9,1887,3.7,0.78,1.6
2004-11-29,4.6,-1.2,6.2,1863,0.6,0.55,1.2
2004-11-30,1.9,-1.3,3.8,1840,0.0,0.54,2.1
2004-12-01,4.1,2.7,5.3,1819,0.0,0.71,1.7
2004-12-02,3.4,0.7,4.6,1798,0.0,0.62,1.7
2004-12-03,3.0,1.6,4.1,1779,0.0,0.66,1.7
2004-12-04,3.6,0.7,5.3,1932,0.0,0.62,2.2
2004-12-05,2.7,-0.5,6.9,1744,0.0,0.58,2.5
2004-12-06,6.9,6.0,7.7,1728,0.0,0.9,2.4
2004-12-07,6.9,3.8,7.8,1713,0.0,0.77,2.1
2004-12-08,4.5,3.5,5.5,1700,0.0,0.75,1.9
2004-12-09,3.5,-0.1,4.5,1687,0.0,0.59,1.9
2004-12-10,-0.3,-2.7,1.5,4036,0.0,0.48,1.5
2004-12-11,-1.2,-5.2,1.6,1666,0.2,0.41,1.4
2004-12-12,2.4,1.0,3.8,1657,0.1,0.63,1.2
2004-12-13,1.6,-1.0,2.5,1649,0.0,0.55,1.4
2004-12-14,-1.7,-3.8,-0.7,1643,0.0,0.44,1.9
2004-12-15,0.2,-4.5,4.4,4450,0.0,0.44,2.4
2004-12-16,2.3,0.8,5.5,4075,0.9,0.63,2.9
2004-12-17,3.7,0.8,6.8,1630,3.1,0.63,3.8
2004-12-18,2.4,0.2,4.3,2765,5.1,0.6,4.2
2004-12-19,0.0,-2.9,2.1,2114,1.5,0.48,2.5
2004-12-20,-0.4,-3.3,2.6,4347,0.0,0.47,2.4
2004-12-21,-1.4,-4.4,1.4,3740,0.0,0.43,1.6
2004-12-22,-2.7,-6.6,1.7,1630,1.1,0.37,3.8
2004-12-23,4.8,1.1,8.6,1634,3.0,0.65,4.9
2004-12-24,6.9,2.3,9.1,2088,3.1,0.7,5.0
2004-12-25,5.3,0.6,9.3,1972,0.7,0.63,3.3
2004-12-26,0.8,-1.3,2.5,1652,1.9,0.53,1.8
2004-12-27,2.4,-0.1,4.0,1660,0.6,0.59,2.3
2004-12-28,0.6,-0.7,2.6,2537,0.4,0.56,2.9
2004-12-29,1.8,0.3,2.8,1679,0.2,0.6,2.3
2004-12-30,3.1,-0.1,5.8,1691,0.0,0.59,3.1
2004-12-31,6.5,5.2,7.8,1704,2.1,0.85,2.8
2005-01-01,5.4,3.8,7.8,1704,0.7,0.77,2.7
2005-01-02,5.4,1.1,7.9,1970,5.9,0.65,5.4
2005-01-03,4.2,0.9,6.9,1945,3.8,0.63,5.0
2005-01-04,7.8,6.8,8.8,1749,1.2,0.95,5.2
2005-01-05,6.0,4.7,7.3,2882,1.0,0.83,3.5
2005-01-06,5.5,3.4,7.8,2649,0.1,0.75,4.1
2005-01-07,9.0,5.6,11.5,1805,0.0,0.88,5.0
2005-01-08,9.3,6.3,12.4,3273,0.0,0.93,5.8
2005-01-09,6.6,4.1,8.7,2820,0.0,0.8,4.3
2005-01-10,10.0,6.4,14.0,3387,0.0,0.95,3.9
2005-01-11,8.1,4.4,9.5,1895,0.1,0.81,3.1
2005-01-12,8.0,4.4,10.8,1921,0.0,0.82,3.5
2005-01-13,4.2,2.4,6.1,2543,0.2,0.7,3.8
2005-01-14,3.5,1.6,5.7,3455,0.0,0.66,2.5
2005-01-15,2.0,-0.9,3.9,2005,0.0,0.55,1.5
2005-01-16,-0.3,-2.7,3.3,5053,0.0,0.49,2.0
2005-01-17,1.2,-1.8,5.7,2257,1.2,0.53,2.9
2005-01-18,4.2,1.0,6.6,2100,2.3,0.64,3.6
2005-01-19,2.4,0.3,5.3,2572,4.2,0.61,3.7
2005-01-20,4.1,2.2,6.5,2169,13.6,0.69,6.3
2005-01-21,3.4,0.9,5.7,3150,6.1,0.63,5.8
2005-01-22,1.7,0.4,3.8,4053,0.0,0.61,3.6
2005-01-23,0.3,-0.6,2.5,4164,3.0,0.57,3.0
2005-01-24,-0.7,-2.0,0.3,2733,0.6,0.51,3.5
2005-01-25,-1.6,-5.3,-0.4,3144,0.2,0.4,3.0
2005-01-26,-3.7,-6.5,-1.3,5723,0.0,0.36,2.9
2005-01-27,-3.0,-4.4,-1.8,2449,3.5,0.42,1.6
2005-01-28,-5.0,-10.2,-1.4,3788,0.0,0.28,1.1
2005-01-29,-5.0,-10.1,-2.3,2540,0.2,0.28,1.4
2005-01-30,-0.9,-6.9,3.0,2587,1.7,0.37,2.5
2005-01-31,4.0,1.9,6.7,2635,3.0,0.68,4.1
2005-02-01,2.0,-0.4,5.4,7044,0.0,0.58,3.4
2005-02-02,1.7,-0.5,4.4,2735,1.1,0.57,3.2
2005-02-03,2.7,-0.1,5.0,4876,0.0,0.59,2.0
2005-02-04,1.7,-0.1,3.4,2840,0.3,0.58,1.6
2005-02-05,-0.2,-4.9,2.9,7771,0.0,0.42,2.6
2005-02-06,-2.8,-5.8,2.2,7706,0.0,0.39,2.3
2005-02-07,-3.1,-6.7,1.5,7822,0.0,0.37,2.2
2005-02-08,-2.8,-6.7,1.7,7816,0.0,0.37,1.8
2005-02-09,-0.9,-5.0,2.6,6746,1.2,0.42,2.0
2005-02-10,3.9,1.6,5.9,3182,4.5,0.66,4.0
2005-02-11,2.9,-1.0,6.2,7149,0.7,0.56,2.7
2005-02-12,4.1,-0.7,11.0,3369,12.8,0.6,5.3
2005-02-13,1.7,-0.4,4.3,3367,4.6,0.58,5.5
2005-02-14,-0.3,-1.1,0.9,3431,1.2,0.54,4.0
2005-02-15,-0.2,-2.2,1.8,3496,0.1,0.5,3.5
2005-02-16,0.0,-0.7,1.3,3562,0.0,0.56,3.3
2005-02-17,-1.2,-3.3,0.2,4042,0.0,0.46,1.8
2005-02-18,-2.2,-4.6,0.2,5160,1.7,0.42,2.6
2005-02-19,-0.6,-2.8,1.3,3765,0.0,0.48,2.3
2005-02-20,0.6,-0.6,2.8,4549,0.4,0.57,1.6
2005-02-21,-0.2,-2.5,3.0,5783,0.0,0.49,2.5
2005-02-22,-2.4,-5.1,0.2,6095,1.5,0.4,3.4
2005-02-23,-0.5,-1.8,0.5,4050,4.0,0.51,2.5
2005-02-24,-1.8,-5.8,0.3,4123,0.8,0.39,1.7
2005-02-25,-0.1,-0.8,1.1,4197,1.7,0.55,1.5
2005-02-26,-1.4,-6.7,0.5,4272,1.2,0.37,2.0
2005-02-27,-6.0,-9.8,-2.9,9369,0.0,0.29,3.6
2005-02-28,-6.6,-12.4,-1.9,8719,0.7,0.24,2.6
2005-03-01,-3.5,-5.4,-1.5,7501,4.8,0.39,3.2
2005-03-02,-2.1,-4.0,1.4,5138,0.0,0.44,2.2
2005-03-03,-3.1,-5.6,0.0,4658,0.2,0.39,2.1
2005-03-04,-3.6,-9.2,0.2,9871,0.0,0.3,1.5
2005-03-05,-5.4,-11.9,0.3,9263,0.0,0.26,2.2
2005-03-06,-3.5,-6.6,0.1,7392,0.5,0.37,2.6
2005-03-07,-1.6,-7.0,2.2,5146,0.0,0.36,2.6
2005-03-08,1.3,-2.6,4.0,6502,0.0,0.49,3.0
2005-03-09,-0.5,-4.7,2.9,5313,0.0,0.43,2.5
2005-03-10,-1.3,-6.3,2.9,14311,0.0,0.38,2.0
2005-03-11,2.1,0.6,4.0,5307,5.5,0.62,5.0
2005-03-12,2.2,0.5,4.7,5567,3.1,0.61,4.9
2005-03-13,1.5,-1.4,6.1,8768,1.1,0.54,3.0
2005-03-14,3.2,1.2,7.2,10140,0.0,0.65,2.4
2005-03-15,6.0,1.9,10.0,6187,0.0,0.69,2.6
2005-03-16,13.0,8.1,17.9,6459,0.5,1.08,3.5
2005-03-17,13.2,10.9,15.6,6182,0.4,1.26,4.7
2005-03-18,10.9,6.3,13.4,5898,2.4,0.93,3.9
2005-03-19,2.0,-2.3,6.7,9362,0.0,0.52,2.5
2005-03-20,0.4,-4.2,6.3,16480,0.0,0.46,2.0
2005-03-21,1.9,-2.9,7.8,14743,0.0,0.5,2.3
2005-03-22,4.8,-1.6,12.3,15379,0.0,0.57,2.7
2005-03-23,7.6,2.3,14.5,8266,2.0,0.74,1.7
2005-03-24,9.7,6.5,14.7,9931,0.0,0.96,1.7
2005-03-25,11.3,5.3,18.1,13391,2.1,0.92,1.6
2005-03-26,9.2,7.7,11.2,6586,0.7,1.01,1.5
2005-03-27,9.3,7.5,12.1,6672,0.0,1.0,2.3
2005-03-28,8.1,2.6,13.5,17930,0.0,0.74,2.2
2005-03-29,7.5,1.7,13.7,16676,0.0,0.71,2.4
2005-03-30,7.2,1.7,12.6,18973,0.0,0.7,3.0
2005-03-31,5.5,-0.6,12.5,19346,0.0,0.61,2.5
2005-04-01,6.9,-1.8,14.1,19307,0.0,0.58,2.4
2005-04-02,9.5,2.2,16.8,19472,0.0,0.76,2.3
2005-04-03,11.1,0.7,20.8,19636,0.0,0.73,1.9
2005-04-04,12.3,3.2,20.8,19376,0.0,0.84,1.9
2005-04-05,9.7,5.7,13.7,9139,0.3,0.91,2.5
2005-04-06,9.9,1.1,15.8,16596,0.5,0.7,2.8
2005-04-07,11.6,7.2,15.5,11474,3.2,1.0,3.9
2005-04-08,7.6,2.7,12.6,13091,2.5,0.75,2.5
2005-04-09,5.0,0.7,9.7,11576,0.3,0.64,2.7
2005-04-10,5.5,0.5,10.4,9387,0.1,0.63,2.2
2005-04-11,8.5,4.0,13.8,12879,0.0,0.81,2.4
2005-04-12,11.0,2.4,16.7,15081,0.0,0.76,1.7
2005-04-13,12.3,7.9,16.5,9102,0.0,1.06,1.3
2005-04-14,13.5,7.7,19.8,12752,0.0,1.08,1.6
2005-04-15,16.0,9.3,22.1,15876,0.0,1.21,2.1
2005-04-16,14.0,5.7,21.7,18914,1.1,0.98,3.1
2005-04-17,12.9,6.1,21.0,19606,0.0,0.99,3.1
2005-04-18,11.4,4.9,18.6,17918,0.0,0.9,2.4
2005-04-19,9.0,4.1,15.9,21227,0.0,0.84,3.0
2005-04-20,5.1,-1.8,11.8,23416,0.0,0.56,3.1
2005-04-21,3.4,-3.8,10.6,23782,0.0,0.49,1.7
2005-04-22,6.7,0.5,12.3,22648,0.0,0.65,1.4
2005-04-23,8.0,2.1,14.5,23007,0.0,0.73,2.0
2005-04-24,9.1,1.2,15.8,24180,0.0,0.7,2.5
2005-04-25,10.3,4.9,15.6,14511,0.0,0.87,3.0
2005-04-26,11.3,3.2,18.5,24082,0.2,0.81,2.3
2005-04-27,10.2,6.8,15.8,10582,6.0,0.99,2.6
2005-04-28,11.3,6.3,16.9,21849,0.0,0.96,1.9
2005-04-29,13.1,4.3,18.4,17349,0.0,0.87,1.6
2005-04-30,15.8,8.8,20.9,18628,0.0,1.15,1.2
2005-05-01,18.6,9.7,25.0,23479,0.0,1.27,1.5
2005-05-02,22.3,14.4,31.6,22275,0.0,1.76,2.2
2005-05-03,16.4,13.6,23.5,15320,11.3,1.56,1.8
2005-05-04,14.5,11.2,17.3,11803,0.8,1.31,2.6
2005-05-05,11.2,6.7,15.3,18363,0.4,0.98,3.1
2005-05-06,9.2,5.7,14.6,13507,5.7,0.92,3.4
2005-05-07,8.1,4.7,11.7,16597,9.1,0.84,3.0
2005-05-08,7.9,5.2,13.0,18126,0.7,0.87,3.2
2005-05-09,7.2,3.9,12.1,18688,2.6,0.8,2.6
2005-05-10,7.0,4.3,11.9,16212,3.2,0.82,2.4
2005-05-11,7.3,4.6,11.5,13844,5.6,0.83,2.4
2005-05-12,7.8,3.8,14.0,17448,0.0,0.8,2.2
2005-05-13,11.0,1.5,18.3,26323,0.0,0.74,2.0
2005-05-14,12.4,7.6,17.8,11088,12.3,1.05,2.3
2005-05-15,9.8,7.6,11.8,12001,2.5,1.01,2.7
2005-05-16,11.7,7.3,17.7,20784,0.7,1.04,2.2
2005-05-17,8.2,6.3,11.3,11369,0.8,0.93,1.9
2005-05-18,9.0,4.4,14.1,19188,0.0,0.84,2.1
2005-05-19,10.4,1.8,17.1,26658,0.0,0.74,1.9
2005-05-20,14.0,4.7,20.2,21532,0.0,0.9,2.3
2005-05-21,16.6,10.0,23.6,16761,2.1,1.26,2.0
2005-05-22,17.1,13.6,21.5,15944,1.0,1.55,1.8
2005-05-23,15.8,12.9,20.8,13386,3.1,1.46,2.0
2005-05-24,15.0,11.3,19.8,16412,0.0,1.33,1.9
2005-05-25,18.0,11.9,24.1,22427,0.0,1.43,1.9
2005-05-26,20.4,11.5,27.9,27830,0.0,1.46,2.0
2005-05-27,23.6,15.0,31.1,28755,0.0,1.8,1.4
2005-05-28,25.3,15.1,33.0,29305,0.0,1.86,2.1
2005-05-29,20.5,15.4,25.8,25983,8.9,1.75,1.9
2005-05-30,13.5,10.5,17.3,11411,2.2,1.25,2.5
2005-05-31,11.6,7.5,16.7,16568,1.3,1.03,3.1
2005-06-01,10.2,6.1,13.2,11723,0.0,0.92,2.2
2005-06-02,12.2,5.3,16.4,12752,0.3,0.91,1.9
2005-06-03,20.0,13.7,26.4,23926,0.2,1.6,2.1
2005-06-04,17.6,11.8,21.1,17317,0.2,1.38,3.8
2005-06-05,13.6,10.7,18.3,13708,6.3,1.27,3.2
2005-06-06,11.3,8.2,14.0,12227,1.8,1.06,3.0
2005-06-07,10.6,6.8,14.4,11872,0.7,0.97,3.3
2005-06-08,11.3,5.6,17.4,19171,0.3,0.93,2.1
2005-06-09,13.2,5.1,20.3,22832,0.1,0.93,1.8
2005-06-10,12.8,8.4,18.2,13056,2.0,1.1,2.3
2005-06-11,10.0,6.5,14.5,14076,0.4,0.96,2.6
2005-06-12,11.3,7.5,17.0,18362,0.1,1.04,2.0
2005-06-13,13.0,7.0,19.5,23276,0.6,1.03,2.5
2005-06-14,18.0,6.9,26.3,22659,0.0,1.1,1.7
2005-06-15,20.3,14.1,26.7,25183,0.0,1.64,1.4
2005-06-16,20.1,12.3,26.7,26071,0.0,1.48,1.8
2005-06-17,19.5,15.1,23.6,11872,0.0,1.69,2.6
2005-06-18,16.6,10.5,22.8,28973,0.0,1.29,2.5
2005-06-19,18.2,9.3,25.7,27215,0.0,1.25,1.5
2005-06-20,20.0,10.2,27.0,30861,0.0,1.35,1.6
2005-06-21,22.4,13.6,31.4,26082,8.2,1.69,1.8
2005-06-22,18.2,13.1,22.9,24319,0.0,1.51,2.1
2005-06-23,20.1,11.2,27.8,31099,0.0,1.42,1.4
2005-06-24,23.0,14.6,31.0,22171,0.0,1.75,1.5
2005-06-25,21.7,14.2,33.5,21283,3.1,1.77,2.3
2005-06-26,18.3,12.3,24.3,29560,0.0,1.45,1.7
2005-06-27,17.9,11.9,24.0,30926,0.0,1.42,1.7
2005-06-28,17.3,10.7,23.8,29152,0.0,1.33,2.0
2005-06-29,18.8,9.9,25.6,28255,0.0,1.28,1.7
2005-06-30,19.1,12.4,24.8,24347,0.0,1.46,2.1
2005-07-01,15.6,14.4,17.2,11163,3.8,1.59,2.1
2005-07-02,18.5,14.5,24.0,17787,0.0,1.65,1.5
2005-07-03,21.5,12.4,27.7,25781,0.0,1.52,1.3
2005-07-04,23.4,14.1,29.7,28757,1.2,1.7,2.8
2005-07-05,14.2,12.2,21.4,11086,12.3,1.41,2.2
2005-07-06,13.6,12.0,15.1,11188,4.2,1.36,2.0
2005-07-07,15.3,13.0,20.4,13163,7.7,1.48,1.9
2005-07-08,15.3,12.9,17.9,11013,9.6,1.45,1.3
2005-07-09,17.7,14.1,23.2,13980,2.1,1.6,1.5
2005-07-10,20.6,13.1,27.2,30032,0.0,1.56,2.3
2005-07-11,21.5,13.8,28.4,29488,0.0,1.63,2.3
2005-07-12,23.2,15.0,30.1,29565,0.0,1.79,1.9
2005-07-13,22.8,15.2,29.8,29018,0.0,1.81,1.7
2005-07-14,21.9,14.9,28.2,24867,0.0,1.74,1.2
2005-07-15,22.3,15.9,32.0,21962,0.4,1.9,2.3
2005-07-16,18.4,13.0,23.6,20921,0.0,1.5,2.4
2005-07-17,17.1,11.8,23.1,19262,0.0,1.41,2.2
2005-07-18,20.7,15.4,26.4,18099,0.0,1.77,1.6
2005-07-19,19.5,15.2,25.6,18790,0.0,1.73,3.3
2005-07-20,16.2,11.9,21.6,14912,3.0,1.39,3.9
2005-07-21,13.8,12.2,15.3,10673,35.3,1.37,4.4
2005-07-22,16.7,14.5,21.2,14934,7.2,1.63,3.0
2005-07-23,14.5,13.1,16.2,10458,0.2,1.46,2.5
2005-07-24,17.9,13.5,24.3,16668,0.4,1.56,2.0
2005-07-25,19.1,15.7,26.6,15384,4.4,1.79,2.2
2005-07-26,17.7,15.1,21.7,11413,3.6,1.68,2.1
2005-07-27,17.9,13.5,22.7,17097,4.7,1.55,1.4
2005-07-28,23.5,17.1,30.7,20688,0.2,2.01,1.6
2005-07-29,24.7,20.5,29.5,18061,17.8,2.39,1.7
2005-07-30,22.1,15.4,27.7,22968,0.2,1.78,2.6
2005-07-31,20.0,14.8,26.3,21553,0.0,1.71,2.9
2005-08-01,16.4,11.6,20.4,17362,0.0,1.35,2.5
2005-08-02,16.5,9.9,21.2,22715,0.0,1.23,1.8
2005-08-03,15.8,13.6,17.7,9870,6.2,1.5,1.8
2005-08-04,16.0,12.1,21.8,17734,0.3,1.41,2.6
2005-08-05,16.2,10.9,22.1,14899,8.6,1.33,2.2
2005-08-06,13.9,11.0,18.0,15302,1.8,1.28,2.8
2005-08-07,12.7,9.5,18.0,13674,1.1,1.17,2.3
2005-08-08,13.6,7.5,19.7,22749,1.9,1.07,2.1
2005-08-09,13.3,11.5,14.7,9494,1.1,1.32,2.7
2005-08-10,13.7,12.2,15.7,9545,2.4,1.38,3.2
2005-08-11,15.5,12.9,20.3,11716,0.0,1.47,3.0
2005-08-12,16.6,11.4,21.5,17983,6.6,1.35,2.2
2005-08-13,14.4,11.7,17.7,10159,0.2,1.34,2.2
2005-08-14,15.2,12.0,18.3,9386,1.9,1.37,2.1
2005-08-15,17.9,13.5,23.6,15943,0.0,1.54,2.0
2005-08-16,15.5,11.4,20.9,22337,0.0,1.34,1.8
2005-08-17,16.1,9.7,22.2,18522,0.0,1.24,1.6
2005-08-18,18.7,9.4,25.8,24395,0.0,1.26,2.1
2005-08-19,21.2,14.2,27.6,22199,0.0,1.67,2.0
2005-08-20,21.8,17.4,27.7,16935,8.8,2.0,1.5
2005-08-21,22.0,15.4,28.6,21715,0.0,1.78,2.0
2005-08-22,19.9,12.0,27.4,21132,0.0,1.47,2.2
2005-08-23,16.8,13.2,19.9,8601,4.7,1.48,2.0
2005-08-24,18.0,14.7,22.8,16828,0.0,1.65,1.8
2005-08-25,16.8,12.3,21.3,8444,2.2,1.43,2.8
2005-08-26,14.5,10.7,19.9,15483,0.1,1.28,2.9
2005-08-27,15.6,10.6,21.9,17362,0.0,1.29,1.7
2005-08-28,16.5,10.0,23.1,19000,0.0,1.26,1.5
2005-08-29,20.0,12.0,27.9,21934,0.0,1.5,1.8
2005-08-30,18.5,11.9,24.9,21346,0.0,1.43,1.4
2005-08-31,19.0,11.2,25.4,21304,0.0,1.4,2.1
2005-09-01,21.1,14.3,28.6,21474,0.0,1.69,2.2
2005-09-02,18.5,11.9,23.7,13805,0.0,1.43,1.6
2005-09-03,17.7,10.9,22.6,14008,0.0,1.34,1.9
2005-09-04,16.2,7.7,25.0,20679,0.0,1.14,1.7
2005-09-05,18.5,9.4,26.2,20624,0.0,1.26,1.9
2005-09-06,19.4,12.7,27.0,20461,0.0,1.54,1.6
2005-09-07,20.4,13.4,28.8,19568,0.0,1.62,1.5
2005-09-08,21.1,12.9,29.7,19303,0.0,1.58,1.6
2005-09-09,21.5,14.3,29.5,19244,0.0,1.7,1.7
2005-09-10,20.1,15.1,28.1,15707,5.1,1.77,1.9
2005-09-11,17.6,16.5,19.0,6934,3.0,1.81,1.9
2005-09-12,16.9,11.4,19.8,7151,0.6,1.33,2.2
2005-09-13,14.5,11.3,20.2,15778,0.0,1.33,1.4
2005-09-14,15.4,9.2,21.6,12844,0.0,1.2,2.8
2005-09-15,16.1,12.3,21.1,12419,15.3,1.42,2.8
2005-09-16,11.3,7.4,13.1,6606,3.8,1.0,2.8
2005-09-17,9.8,5.4,16.1,15762,0.0,0.9,1.8
2005-09-18,10.0,3.3,17.4,16668,0.0,0.81,2.0
2005-09-19,11.7,5.6,17.7,8647,0.0,0.92,1.7
2005-09-20,12.1,6.1,19.1,12060,0.0,0.98,1.1
2005-09-21,14.0,10.4,18.8,8251,0.0,1.25,1.4
2005-09-22,13.8,6.7,21.1,16471,0.0,1.03,1.5
2005-09-23,14.9,8.6,22.2,16115,0.0,1.16,1.6
2005-09-24,15.6,10.2,23.7,14197,0.0,1.29,1.2
2005-09-25,16.0,8.5,23.4,15044,0.0,1.18,1.4
2005-09-26,14.6,12.3,18.6,8643,3.7,1.39,1.6
2005-09-27,14.8,9.7,20.7,12117,0.8,1.22,2.1
2005-09-28,13.4,9.1,17.5,6559,1.5,1.15,2.3
2005-09-29,10.7,8.5,14.8,5498,4.6,1.09,2.8
2005-09-30,10.8,8.0,15.3,8902,0.0,1.05,2.3
2005-10-01,10.8,7.2,15.2,6023,8.2,1.0,2.4
2005-10-02,11.5,9.6,13.9,5164,0.0,1.16,1.5
2005-10-03,11.2,6.4,15.4,5252,0.0,0.96,1.7
2005-10-04,13.6,10.9,17.8,7351,0.0,1.29,2.6
2005-10-05,14.2,9.6,20.2,13311,0.0,1.21,2.3
2005-10-06,14.6,9.4,20.8,13230,0.0,1.2,1.9
2005-10-07,14.4,9.8,20.2,12252,0.0,1.22,2.1
2005-10-08,14.5,10.9,20.0,12258,0.0,1.29,1.7
2005-10-09,13.5,8.6,20.4,10666,0.0,1.14,1.5
2005-10-10,13.0,8.3,19.1,10210,0.0,1.11,1.7
2005-10-11,13.8,8.5,19.5,12259,0.0,1.11,2.2
2005-10-12,13.0,8.9,18.8,12023,0.0,1.14,2.1
2005-10-13,10.9,5.0,18.0,10948,0.0,0.9,1.4
2005-10-14,9.4,1.9,18.0,11481,0.0,0.76,1.0
2005-10-15,8.1,2.4,15.8,9085,0.0,0.76,1.6
2005-10-16,6.3,-0.8,13.3,9105,0.0,0.61,2.0
2005-10-17,8.8,4.4,13.5,4957,0.0,0.83,2.5
2005-10-18,7.1,0.2,12.1,7549,0.0,0.64,2.5
2005-10-19,6.7,0.2,13.3,10366,0.0,0.64,2.4
2005-10-20,9.8,3.1,16.0,7397,0.1,0.79,2.2
2005-10-21,12.0,8.8,14.9,4076,1.0,1.1,2.3
2005-10-22,13.7,11.5,17.7,4832,8.2,1.32,3.3
2005-10-23,11.6,7.9,15.4,4888,2.6,1.06,2.5
2005-10-24,9.6,7.3,11.9,3594,6.7,0.99,2.2
2005-10-25,14.0,11.8,16.1,3529,1.6,1.33,4.1
2005-10-26,13.5,10.7,15.9,5174,0.0,1.25,3.4
2005-10-27,12.7,7.5,18.3,8665,0.0,1.05,1.7
2005-10-28,12.6,8.7,17.5,9053,0.0,1.12,2.3
2005-10-29,9.9,6.1,15.4,8796,0.0,0.94,2.1
2005-10-30,10.1,5.3,16.8,8481,0.0,0.91,2.0
2005-10-31,8.3,5.4,13.0,8358,0.0,0.89,2.4
2005-11-01,8.5,5.1,11.5,3220,0.9,0.86,2.1
2005-11-02,10.0,5.7,14.3,6666,0.2,0.9,2.2
2005-11-03,13.0,9.6,17.7,4596,0.6,1.18,2.7
2005-11-04,12.2,10.5,14.3,3519,5.3,1.23,2.1
2005-11-05,9.4,5.2,12.3,3516,1.1,0.87,2.6
2005-11-06,6.3,2.5,11.7,7599,0.0,0.73,2.3
2005-11-07,7.0,1.9,10.9,5727,0.0,0.7,2.2
2005-11-08,9.2,6.1,12.8,6933,0.0,0.92,2.2
2005-11-09,7.4,4.7,12.1,5668,0.0,0.84,1.9
2005-11-10,8.3,5.1,12.2,4816,0.1,0.86,2.2
2005-11-11,10.3,8.6,12.6,2629,0.2,1.08,2.8
2005-11-12,8.0,3.3,11.6,5796,0.0,0.77,2.4
2005-11-13,5.4,0.5,9.5,4231,0.0,0.63,1.5
2005-11-14,5.7,3.7,7.4,2389,0.0,0.77,2.2
2005-11-15,5.6,4.3,7.1,2502,9.5,0.8,3.3
2005-11-16,3.8,0.5,5.8,2409,3.4,0.61,2.6
2005-11-17,1.4,-0.5,3.6,2267,2.2,0.57,2.4
2005-11-18,0.6,-0.1,1.8,2279,2.2,0.58,1.7
2005-11-19,0.3,-1.0,2.4,2686,1.2,0.55,1.7
2005-11-20,3.1,0.3,6.5,2156,0.2,0.61,2.4
2005-11-21,2.0,-0.1,5.4,4492,0.0,0.59,2.0
2005-11-22,1.8,-0.1,4.1,2184,0.0,0.58,1.8
2005-11-23,3.8,2.4,5.1,2056,0.6,0.7,1.9
2005-11-24,2.7,0.2,4.6,2025,0.2,0.6,2.7
2005-11-25,-0.6,-1.9,1.1,2088,1.9,0.51,4.2
2005-11-26,-1.2,-4.9,2.7,5371,0.0,0.42,3.1
2005-11-27,-2.0,-6.6,2.6,4583,0.0,0.37,1.9
2005-11-28,-1.5,-5.7,0.5,1912,2.5,0.39,2.1
2005-11-29,-0.6,-6.0,2.0,2380,0.0,0.39,1.8
2005-11-30,2.2,-0.9,4.6,2130,0.0,0.55,2.2
2005-12-01,0.2,-2.3,3.8,4968,0.0,0.5,2.2
2005-12-02,-0.8,-2.5,1.2,3348,0.0,0.49,3.0
2005-12-03,-0.5,-1.8,0.3,1798,0.1,0.52,2.8
2005-12-04,2.4,-0.7,4.9,1779,2.5,0.56,2.8
2005-12-05,4.9,2.9,7.0,1889,0.1,0.73,2.4
2005-12-06,2.0,-1.4,6.3,4124,0.0,0.54,1.5
2005-12-07,0.8,-1.1,2.9,1728,0.9,0.55,2.0
2005-12-08,2.1,0.2,3.1,1713,0.6,0.59,1.8
2005-12-09,1.9,-1.6,4.7,3706,0.0,0.53,1.6
2005-12-10,-0.8,-3.1,0.8,2228,0.1,0.47,1.8
2005-12-11,2.0,-1.0,4.2,1676,0.4,0.55,2.5
2005-12-12,4.2,-0.5,7.9,1831,0.0,0.59,2.2
2005-12-13,2.8,-0.7,5.0,1657,0.2,0.57,2.2
2005-12-14,5.3,3.9,6.2,1649,0.8,0.78,2.2
2005-12-15,6.2,4.7,8.3,2133,7.9,0.83,4.7
2005-12-16,2.9,-1.0,7.6,1800,4.7,0.56,5.7
2005-12-17,0.0,-2.2,0.8,1633,5.4,0.5,3.6
2005-12-18,0.0,-3.4,1.7,1670,0.7,0.46,3.3
2005-12-19,1.0,0.0,3.1,1627,2.4,0.59,3.2
2005-12-20,4.3,1.2,6.8,1627,3.9,0.65,3.3
2005-12-21,1.8,-1.5,4.0,2236,3.7,0.53,2.1
2005-12-22,5.3,3.6,6.9,1790,0.2,0.76,2.9
2005-12-23,5.1,2.6,7.3,1630,4.9,0.71,2.5
2005-12-24,7.1,4.4,8.4,1675,0.7,0.8,3.2
2005-12-25,1.3,-0.8,4.8,4209,0.3,0.56,1.9
2005-12-26,-0.6,-1.7,0.5,1645,5.4,0.52,2.1
2005-12-27,-1.4,-3.7,-0.2,1816,0.4,0.45,2.9
2005-12-28,-3.7,-4.7,-2.5,1660,1.6,0.41,2.8
2005-12-29,-2.6,-4.7,-0.5,1669,7.3,0.42,3.1
2005-12-30,-5.0,-11.2,-1.1,3090,0.1,0.26,2.8
2005-12-31,-2.8,-10.5,3.3,1774,2.1,0.29,3.1
2006-01-01,2.0,0.3,3.4,1788,0.1,0.6,2.0
2006-01-02,1.1,-0.4,2.6,1718,0.0,0.57,1.3
2006-01-03,0.6,-0.8,2.1,1733,0.0,0.55,1.3
2006-01-04,-0.2,-1.2,1.0,1749,0.0,0.54,2.1
2006-01-05,0.4,-0.6,1.3,1766,0.0,0.56,3.4
2006-01-06,-1.1,-2.3,0.1,1785,0.0,0.5,3.0
2006-01-07,-1.6,-4.6,-0.4,1805,0.0,0.42,2.6
2006-01-08,-5.1,-8.0,-3.2,2790,0.0,0.32,2.4
2006-01-09,-6.1,-8.4,-2.2,4766,0.0,0.32,1.6
2006-01-10,-5.2,-8.2,-1.8,4902,0.0,0.32,2.0
2006-01-11,-1.0,-5.0,3.2,4818,0.9,0.42,2.7
2006-01-12,2.2,0.9,4.2,2012,0.0,0.63,1.6
2006-01-13,0.2,-1.9,1.5,1948,0.0,0.51,2.3
2006-01-14,-1.9,-4.4,0.8,5073,0.0,0.43,1.8
2006-01-15,-4.8,-7.3,-1.7,5226,0.0,0.34,2.0
2006-01-16,-5.6,-8.7,-1.4,5430,0.0,0.31,2.0
2006-01-17,-3.3,-7.0,0.2,4258,5.3,0.36,3.0
2006-01-18,-1.9,-3.2,0.1,2100,0.8,0.47,3.0
2006-01-19,-2.6,-3.9,-0.8,2426,3.4,0.44,1.8
2006-01-20,-0.6,-4.0,4.5,2169,5.8,0.45,2.9
2006-01-21,0.9,-8.0,3.4,2205,2.2,0.35,3.5
2006-01-22,-10.6,-14.2,-7.6,6165,0.0,0.2,2.4
2006-01-23,-14.1,-16.2,-10.7,6147,0.0,0.17,2.5
2006-01-24,-11.7,-16.3,-6.8,5666,0.0,0.17,2.1
2006-01-25,-4.9,-7.5,-1.1,3300,0.0,0.34,2.3
2006-01-26,-7.4,-11.0,-3.9,5671,0.0,0.26,2.6
2006-01-27,-9.6,-13.5,-3.5,6126,0.0,0.22,1.8
2006-01-28,-9.4,-13.7,-2.3,6485,0.0,0.22,1.7
2006-01-29,-6.6,-11.9,0.2,6088,0.0,0.26,1.5
2006-01-30,-2.1,-5.7,1.0,2642,0.0,0.39,1.8
2006-01-31,0.0,-1.6,1.5,2635,0.0,0.52,2.0
2006-02-01,-1.9,-2.8,-0.3,2685,0.0,0.48,1.5
2006-02-02,-1.0,-1.9,0.1,2735,0.0,0.51,1.5
2006-02-03,-0.1,-1.2,1.1,2787,0.5,0.54,1.4
2006-02-04,-2.0,-10.2,0.4,4661,1.7,0.29,1.7
2006-02-05,-7.8,-12.4,-3.1,5452,0.0,0.24,1.1
2006-02-06,-6.3,-11.9,1.0,4334,7.6,0.26,2.0
2006-02-07,3.4,0.4,5.6,3006,7.2,0.61,4.1
2006-02-08,3.3,2.1,4.7,3063,3.5,0.68,4.5
2006-02-09,1.5,-0.1,3.6,3497,8.3,0.59,4.9
2006-02-10,0.4,0.1,1.0,3182,0.1,0.59,3.5
2006-02-11,0.0,-0.4,1.3,3306,0.4,0.57,1.2
2006-02-12,-0.5,-3.0,2.3,4730,0.0,0.48,1.4
2006-02-13,-0.1,-3.6,2.8,3367,0.0,0.46,1.5
2006-02-14,-1.7,-4.7,2.0,8811,0.0,0.42,1.8
2006-02-15,1.2,-2.2,3.8,3967,2.8,0.51,3.3
2006-02-16,2.6,0.5,5.3,5263,2.6,0.62,2.4
2006-02-17,3.1,1.2,7.2,4593,3.7,0.65,2.9
2006-02-18,4.3,2.1,8.6,5648,0.3,0.69,2.6
2006-02-19,2.8,-2.6,5.6,4189,0.0,0.5,2.0
2006-02-20,1.4,-2.2,3.6,3835,3.9,0.5,2.2
2006-02-21,1.5,0.3,3.4,3906,0.0,0.6,2.8
2006-02-22,0.2,-0.9,1.4,3977,0.0,0.55,2.8
2006-02-23,-1.1,-3.0,2.0,8555,0.0,0.48,1.7
2006-02-24,-0.6,-4.1,3.7,10772,0.0,0.45,3.8
2006-02-25,-1.9,-2.5,-1.0,4197,0.0,0.49,3.3
2006-02-26,-1.3,-5.8,2.4,5418,0.3,0.39,2.2
2006-02-27,-3.0,-7.2,1.5,7669,0.0,0.36,1.6
2006-02-28,-0.9,-5.0,3.0,4658,0.4,0.42,3.0
2006-03-01,0.6,-1.6,2.8,5449,1.0,0.52,3.4
2006-03-02,0.0,-3.1,3.5,6414,0.0,0.48,3.4
2006-03-03,-0.3,-3.0,2.8,6835,0.0,0.48,2.5
2006-03-04,-0.4,-3.7,3.8,8974,0.0,0.46,2.1
2006-03-05,0.3,-5.0,5.0,7451,1.2,0.43,2.5
2006-03-06,-2.5,-9.7,3.1,6810,1.5,0.31,2.7
2006-03-07,-0.7,-2.8,1.6,7415,0.0,0.48,2.1
2006-03-08,-1.0,-5.9,3.7,11509,0.2,0.4,2.7
2006-03-09,-0.3,-1.7,1.7,5313,2.8,0.52,3.1
2006-03-10,0.1,-1.0,1.4,5224,6.8,0.55,3.2
2006-03-11,-2.6,-5.5,-0.3,5307,2.7,0.4,3.4
2006-03-12,-3.7,-8.4,-0.5,6713,0.3,0.32,2.7
2006-03-13,-5.8,-11.5,0.2,12151,0.0,0.26,2.0
2006-03-14,-5.7,-11.7,0.4,10500,0.0,0.26,1.9
2006-03-15,-1.8,-8.2,1.7,6005,0.1,0.33,2.5
2006-03-16,1.1,-0.7,3.9,6917,0.0,0.56,2.8
2006-03-17,0.9,-0.5,3.3,6274,0.0,0.57,2.6
2006-03-18,-0.3,-1.8,0.7,5898,0.0,0.51,2.3
2006-03-19,0.1,-2.3,2.6,5984,0.0,0.5,2.1
2006-03-20,2.6,0.5,5.2,6637,0.0,0.61,1.9
2006-03-21,0.6,-2.8,5.0,11976,0.0,0.49,1.6
2006-03-22,0.2,-3.8,4.7,14417,0.0,0.46,1.9
2006-03-23,0.7,-3.8,6.0,17767,0.0,0.47,1.9
2006-03-24,3.3,-1.6,8.9,16770,1.7,0.55,2.9
2006-03-25,2.8,1.3,4.5,6500,2.5,0.64,2.9
2006-03-26,8.7,2.4,16.3,8173,9.0,0.76,2.9
2006-03-27,12.0,7.7,18.0,8871,5.2,1.06,3.0
2006-03-28,11.0,5.5,15.6,12998,0.7,0.91,3.4
2006-03-29,8.1,3.4,12.6,9480,0.4,0.78,3.5
2006-03-30,8.0,1.5,12.3,8461,4.3,0.69,3.5
2006-03-31,11.7,7.5,15.0,8763,1.3,1.01,4.5
2006-04-01,11.1,7.3,15.9,11032,0.3,1.02,2.9
2006-04-02,10.0,4.0,16.1,14475,2.5,0.83,3.0
2006-04-03,7.3,2.5,13.5,9787,1.9,0.74,3.5
2006-04-04,4.2,1.8,8.5,10626,3.0,0.69,2.7
2006-04-05,3.6,0.0,7.8,14549,0.0,0.6,2.8
2006-04-06,4.4,-0.6,9.2,12541,0.0,0.59,2.4
2006-04-07,7.1,3.8,11.3,10508,0.5,0.79,2.3
2006-04-08,8.9,3.1,15.2,16653,0.2,0.78,3.2
2006-04-09,7.1,3.6,11.5,17003,0.1,0.78,3.2
2006-04-10,5.1,1.1,9.2,10697,0.0,0.66,2.6
2006-04-11,4.5,0.9,8.5,8820,0.0,0.64,2.3
2006-04-12,5.4,3.0,7.5,8024,0.4,0.74,2.6
2006-04-13,7.6,3.2,11.0,9767,2.7,0.76,3.7
2006-04-14,7.5,4.2,11.8,10636,0.4,0.82,3.9
2006-04-15,8.9,3.6,13.3,16547,1.4,0.79,2.1
2006-04-16,11.1,7.9,14.9,8345,3.4,1.05,3.3
2006-04-17,9.9,6.5,13.3,13507,1.8,0.95,2.5
2006-04-18,9.6,6.1,14.4,16217,1.0,0.93,2.3
2006-04-19,10.5,4.6,15.7,16327,0.0,0.86,1.7
2006-04-20,12.5,7.4,17.9,18382,0.0,1.03,1.5
2006-04-21,13.8,6.9,20.9,13443,1.0,1.04,1.5
2006-04-22,10.9,7.7,14.8,9615,11.8,1.04,2.0
2006-04-23,10.1,6.1,15.0,10387,0.2,0.94,1.5
2006-04-24,10.4,4.5,15.2,14186,0.0,0.85,1.3
2006-04-25,13.5,2.8,21.1,24541,0.0,0.83,1.5
2006-04-26,16.4,11.4,23.0,16006,13.8,1.37,1.6
2006-04-27,12.6,7.5,14.9,9172,0.0,1.02,2.1
2006-04-28,10.1,6.2,15.0,18550,0.0,0.94,2.4
2006-04-29,6.7,3.8,8.9,9312,0.2,0.78,2.2
2006-04-30,7.1,3.1,12.5,14123,0.3,0.76,2.0
2006-05-01,10.5,5.3,15.5,22885,0.1,0.9,2.2
2006-05-02,12.9,8.5,18.7,16789,0.0,1.11,1.8
2006-05-03,16.6,7.1,23.7,25126,0.0,1.08,2.1
2006-05-04,17.8,11.6,23.9,24752,0.0,1.39,3.0
2006-05-05,17.5,10.5,23.5,24013,0.0,1.31,2.9
2006-05-06,16.2,8.8,23.7,22304,0.0,1.2,2.7
2006-05-07,17.2,9.1,24.4,23603,0.0,1.22,2.9
2006-05-08,16.6,9.2,24.4,21516,0.0,1.22,2.8
2006-05-09,16.4,7.6,23.9,26454,0.0,1.12,2.8
2006-05-10,15.3,6.6,23.0,26669,0.0,1.04,1.9
2006-05-11,15.9,4.5,25.1,25907,0.0,0.97,1.4
2006-05-12,17.5,8.4,25.6,25261,0.0,1.18,1.5
2006-05-13,15.0,8.0,21.0,16782,0.5,1.1,2.0
2006-05-14,12.0,5.5,16.0,16357,0.0,0.91,2.3
2006-05-15,11.8,3.3,17.2,21330,0.0,0.81,1.7
2006-05-16,17.3,12.0,23.6,18448,0.0,1.42,2.7
2006-05-17,13.2,9.6,17.3,12354,0.0,1.17,1.8
2006-05-18,13.9,8.8,18.7,12775,7.2,1.13,2.8
2006-05-19,13.8,8.8,17.2,12949,1.5,1.13,4.1
2006-05-20,13.5,10.0,18.9,17203,4.5,1.23,4.0
2006-05-21,13.2,9.8,17.4,13666,0.3,1.2,3.5
2006-05-22,15.8,10.7,23.2,19044,4.0,1.32,3.2
2006-05-23,13.4,7.6,17.6,19840,1.3,1.05,4.0
2006-05-24,11.7,5.4,17.5,22749,0.6,0.91,3.2
2006-05-25,10.4,6.6,14.2,12726,5.9,0.96,3.1
2006-05-26,11.3,6.7,15.3,19738,0.1,0.98,2.8
2006-05-27,12.8,9.9,18.4,13053,12.9,1.2,2.8
2006-05-28,12.3,8.0,15.3,19077,1.6,1.05,4.4
2006-05-29,10.9,8.2,15.5,16247,1.7,1.07,2.6
2006-05-30,9.4,5.6,13.4,14909,0.6,0.89,3.1
2006-05-31,11.2,8.5,17.1,15693,5.1,1.1,3.1
2006-06-01,9.6,5.1,13.2,18102,0.5,0.87,2.9
2006-06-02,12.1,3.4,18.7,28023,0.0,0.82,1.7
2006-06-03,11.1,6.8,13.3,13782,4.0,0.97,2.2
2006-06-04,11.3,8.2,15.7,13683,0.0,1.08,3.2
2006-06-05,10.8,5.6,14.7,13834,0.1,0.9,2.1
2006-06-06,12.4,9.0,18.2,17745,1.7,1.15,1.7
2006-06-07,14.3,6.5,21.0,27430,0.0,1.02,1.3
2006-06-08,16.2,7.9,22.5,26827,0.0,1.12,1.4
2006-06-09,17.4,10.2,24.0,27854,0.0,1.29,1.4
2006-06-10,18.2,9.6,24.8,29508,0.0,1.25,1.7
2006-06-11,19.8,10.5,27.2,30407,0.0,1.37,2.2
2006-06-12,22.6,11.6,30.1,30298,0.0,1.49,1.9
2006-06-13,24.0,15.5,31.3,30313,0.0,1.87,1.4
2006-06-14,24.3,15.1,32.2,29069,0.0,1.83,1.7
2006-06-15,21.5,15.6,27.1,18521,1.8,1.8,1.6
2006-06-16,20.3,16.8,26.6,18026,5.5,1.92,1.9
2006-06-17,15.5,13.0,18.1,12250,0.1,1.45,1.8
2006-06-18,18.9,13.1,25.0,23316,0.0,1.54,1.5
2006-06-19,21.4,14.4,30.3,22941,6.3,1.73,2.0
2006-06-20,21.9,16.7,28.0,23193,0.2,1.93,1.7
2006-06-21,21.9,17.4,27.3,21181,0.0,1.99,2.5
2006-06-22,19.1,12.9,24.7,21052,0.0,1.52,2.8
2006-06-23,16.1,11.0,21.2,19288,0.0,1.32,1.6
2006-06-24,19.1,9.3,26.3,29206,0.0,1.26,1.4
2006-06-25,24.4,13.3,32.8,27563,6.8,1.69,1.8
2006-06-26,23.2,18.1,27.4,22653,0.0,2.06,2.5
2006-06-27,19.8,16.7,25.5,24649,0.1,1.89,2.0
2006-06-28,16.7,13.4,20.3,17732,0.0,1.51,1.7
2006-06-29,17.3,12.5,21.9,24617,0.0,1.45,1.7
2006-06-30,15.8,12.1,19.9,11304,0.0,1.4,1.7
2006-07-01,20.6,12.0,28.2,25705,0.0,1.49,2.0
2006-07-02,22.8,12.6,29.2,30818,0.0,1.54,2.6
2006-07-03,22.8,12.8,29.8,31040,0.0,1.59,2.4
2006-07-04,23.6,13.1,30.8,30885,0.0,1.64,1.9
2006-07-05,25.3,16.6,32.9,29726,0.0,2.0,2.0
2006-07-06,25.8,18.1,33.0,27942,1.7,2.17,1.7
2006-07-07,23.1,18.5,31.9,21659,8.5,2.19,1.7
2006-07-08,19.6,17.3,24.5,14884,5.4,1.94,1.5
2006-07-09,22.8,16.0,29.9,24211,0.9,1.87,1.8
2006-07-10,22.9,17.8,28.6,26167,0.0,2.05,1.9
2006-07-11,24.5,15.3,32.2,26249,0.0,1.87,1.7
2006-07-12,22.7,18.9,27.6,25582,0.1,2.17,1.6
2006-07-13,24.0,17.0,31.2,21930,11.1,2.01,1.6
2006-07-14,19.4,12.8,23.9,25364,0.0,1.49,2.8
2006-07-15,19.0,11.5,25.9,26803,0.0,1.41,2.3
2006-07-16,19.6,10.5,26.7,29104,0.0,1.36,2.2
2006-07-17,21.0,11.5,29.3,29541,0.0,1.47,1.5
2006-07-18,24.1,12.9,32.1,29356,0.0,1.63,1.6
2006-07-19,25.0,14.8,33.7,29168,0.0,1.83,1.3
2006-07-20,28.0,15.7,37.0,25400,0.0,2.01,1.7
2006-07-21,26.7,20.3,32.6,25460,0.0,2.41,2.0
2006-07-22,24.5,16.9,32.1,26871,0.0,2.01,1.6
2006-07-23,24.9,18.6,32.5,14513,0.0,2.22,1.7
2006-07-24,23.7,17.2,30.1,25992,0.0,1.99,1.7
2006-07-25,24.1,16.8,30.8,27021,0.0,1.97,1.6
2006-07-26,25.0,15.2,32.9,28044,0.0,1.85,1.4
2006-07-27,27.2,17.0,35.1,25032,0.0,2.09,1.6
2006-07-28,26.0,21.6,32.2,14839,6.5,2.59,1.5
2006-07-29,22.5,19.5,27.2,17209,0.0,2.23,1.6
2006-07-30,24.0,17.2,30.3,23574,0.0,2.01,1.5
2006-07-31,22.5,17.6,27.3,16344,0.0,2.0,2.0
2006-08-01,20.9,12.9,27.2,21834,0.3,1.55,2.5
2006-08-02,18.0,13.8,24.1,19217,1.7,1.58,3.2
2006-08-03,17.7,13.0,24.5,17212,0.0,1.51,1.6
2006-08-04,17.6,11.9,24.2,15693,0.1,1.41,1.6
2006-08-05,17.4,13.8,22.6,10467,24.2,1.56,2.3
2006-08-06,19.4,16.5,23.4,10762,4.2,1.83,3.0
2006-08-07,20.6,15.0,26.8,22492,0.0,1.73,3.0
2006-08-08,19.6,16.4,24.3,18115,0.1,1.84,2.8
2006-08-09,18.4,15.3,23.7,13049,0.0,1.73,1.9
2006-08-10,16.1,14.0,19.7,12263,2.2,1.56,1.8
2006-08-11,15.8,11.3,20.5,16664,0.0,1.33,1.6
2006-08-12,15.9,11.2,21.7,15164,0.3,1.33,1.3
2006-08-13,14.2,12.2,16.1,9223,2.3,1.38,1.5
2006-08-14,16.8,10.4,23.1,21288,2.4,1.29,2.9
2006-08-15,16.6,13.4,20.7,11292,2.7,1.51,3.4
2006-08-16,17.9,11.8,25.3,19903,0.1,1.43,1.5
2006-08-17,19.7,13.0,25.9,16559,0.0,1.55,1.4
2006-08-18,20.0,14.7,25.6,11856,0.3,1.68,2.2
2006-08-19,21.2,14.0,28.5,19907,5.1,1.67,1.7
2006-08-20,18.1,14.6,25.0,16250,1.5,1.67,2.6
2006-08-21,17.0,13.7,21.5,12393,3.2,1.55,2.9
2006-08-22,15.5,12.3,18.6,12641,2.3,1.39,2.7
2006-08-23,16.7,14.1,19.5,9503,0.1,1.57,1.9
2006-08-24,17.6,10.8,23.7,19410,0.7,1.33,1.7
2006-08-25,15.8,12.7,20.9,11796,1.1,1.46,1.7
2006-08-26,15.1,11.6,18.4,9255,5.5,1.34,1.5
2006-08-27,16.0,13.0,21.1,12160,10.8,1.48,2.6
2006-08-28,15.1,12.0,21.1,16026,7.8,1.39,2.8
2006-08-29,12.7,11.3,14.9,8563,1.7,1.29,3.1
2006-08-30,13.8,11.0,17.4,8806,2.1,1.29,3.4
2006-08-31,16.2,13.7,19.9,13710,0.1,1.54,2.9
2006-09-01,17.8,14.9,22.5,8634,0.7,1.66,2.3
2006-09-02,20.5,15.8,26.2,14771,1.1,1.79,2.1
2006-09-03,18.9,16.9,21.1,7606,1.4,1.86,4.2
2006-09-04,18.1,14.8,20.8,12403,0.0,1.64,4.6
2006-09-05,16.3,12.8,21.7,16405,0.1,1.47,2.7
2006-09-06,19.1,15.6,24.3,9977,0.0,1.76,1.8
2006-09-07,18.1,12.4,26.6,14670,0.0,1.5,2.6
2006-09-08,14.8,10.0,20.2,16507,0.0,1.24,3.2
2006-09-09,13.8,8.5,18.6,9264,0.0,1.11,1.9
2006-09-10,16.0,7.9,22.9,19592,0.0,1.12,1.7
2006-09-11,18.1,11.0,25.9,19322,0.0,1.37,1.7
2006-09-12,18.8,11.5,26.2,18447,0.0,1.43,1.7
2006-09-13,18.8,12.5,25.9,18482,0.0,1.49,1.7
2006-09-14,19.0,11.8,26.4,18215,0.0,1.45,2.0
2006-09-15,20.1,13.3,26.7,17356,0.0,1.58,3.0
2006-09-16,21.1,16.9,26.6,13369,0.0,1.92,2.6
2006-09-17,20.2,16.4,25.9,11482,0.0,1.85,1.8
2006-09-18,19.4,12.0,27.5,15220,0.0,1.47,1.7
2006-09-19,17.6,15.1,22.0,7689,0.0,1.68,2.4
2006-09-20,15.5,10.6,21.0,15767,0.0,1.28,1.8
2006-09-21,16.5,8.2,24.8,16642,0.0,1.16,2.1
2006-09-22,19.1,12.3,26.9,16565,0.0,1.49,2.3
2006-09-23,18.3,12.6,25.0,16207,0.0,1.48,2.2
2006-09-24,20.0,13.5,28.1,15944,0.0,1.6,1.9
2006-09-25,19.7,14.2,26.2,15409,0.0,1.66,1.9
2006-09-26,18.5,13.1,25.3,13885,4.3,1.54,1.7
2006-09-27,15.7,11.6,19.2,6024,2.7,1.35,1.4
2006-09-28,15.8,10.9,21.9,10021,0.0,1.32,1.4
2006-09-29,16.8,9.6,24.7,14209,0.0,1.25,1.5
2006-09-30,17.7,12.5,24.2,11430,1.8,1.47,1.6
2006-10-01,16.3,12.6,20.8,9045,4.0,1.45,2.0
2006-10-02,16.3,13.5,19.5,5591,0.0,1.51,3.3
2006-10-03,14.4,11.8,18.4,6607,0.0,1.35,2.2
2006-10-04,13.1,10.5,15.8,5085,0.5,1.24,2.6
2006-10-05,12.4,9.4,17.5,8244,0.5,1.16,2.4
2006-10-06,13.9,9.1,18.7,5993,1.1,1.16,3.6
2006-10-07,13.8,10.3,17.4,6390,1.9,1.23,3.7
2006-10-08,12.9,9.1,16.2,7504,0.0,1.14,2.4
2006-10-09,12.5,6.4,20.6,12580,0.0,1.0,1.5
2006-10-10,11.9,6.7,19.3,11472,0.0,1.01,1.0
2006-10-11,11.6,5.0,18.6,10307,0.0,0.9,1.7
2006-10-12,9.4,4.9,12.6,4376,0.0,0.86,1.2
2006-10-13,13.0,10.8,15.7,4300,0.0,1.26,1.6
2006-10-14,10.7,7.8,12.5,4226,0.1,1.03,2.2
2006-10-15,9.2,7.0,11.6,4526,0.0,0.97,2.0
2006-10-16,10.5,4.4,16.3,6518,0.0,0.86,1.9
2006-10-17,8.2,3.1,14.9,11754,0.0,0.79,1.9
2006-10-18,9.2,2.2,16.3,9644,0.0,0.76,1.8
2006-10-19,10.7,5.3,16.7,5651,0.0,0.91,1.9
2006-10-20,11.2,7.2,15.7,4220,0.9,1.01,2.0
2006-10-21,14.0,10.0,19.8,7217,0.1,1.22,2.3
2006-10-22,14.0,10.2,19.7,7868,0.8,1.24,2.6
2006-10-23,15.7,12.9,20.2,6252,0.6,1.47,2.9
2006-10-24,16.3,12.6,20.2,5481,0.4,1.43,4.1
2006-10-25,12.1,7.0,16.1,7390,0.1,0.99,2.2
2006-10-26,15.7,9.1,23.1,7938,0.0,1.19,2.9
2006-10-27,15.9,10.7,20.5,6715,0.6,1.29,3.4
2006-10-28,10.9,8.2,13.7,4044,8.2,1.06,2.4
2006-10-29,12.2,7.3,15.9,4101,4.0,1.02,3.7
2006-10-30,8.7,6.4,11.4,3529,0.3,0.94,1.8
2006-10-31,12.0,9.9,14.9,3899,1.6,1.18,3.9
2006-11-01,4.5,-0.1,10.2,3098,1.4,0.61,5.3
2006-11-02,0.7,-1.6,5.0,7694,0.0,0.53,2.6
2006-11-03,0.9,-2.7,5.1,6924,0.1,0.5,1.8
2006-11-04,5.6,0.0,9.2,2870,1.3,0.61,2.9
2006-11-05,10.2,8.6,11.7,2817,2.0,1.08,4.2
2006-11-06,11.4,9.3,13.6,3283,0.0,1.13,3.4
2006-11-07,7.9,2.8,10.5,2827,0.0,0.74,2.2
2006-11-08,6.7,3.4,11.2,6259,0.2,0.77,3.1
2006-11-09,9.0,5.8,12.1,4391,0.6,0.9,4.4
2006-11-10,6.1,3.3,9.8,6242,0.0,0.75,2.2
2006-11-11,6.1,4.2,8.9,2521,4.3,0.8,4.0
2006-11-12,6.3,5.4,8.0,3065,0.0,0.87,4.9
2006-11-13,7.1,3.9,10.9,2432,3.7,0.79,4.3
2006-11-14,10.4,8.4,12.4,2389,0.4,1.07,3.4
2006-11-15,12.1,8.5,15.5,5036,0.0,1.09,2.6
2006-11-16,11.5,7.1,17.8,5680,0.0,1.02,2.6
2006-11-17,11.2,8.5,16.2,2722,0.7,1.09,2.2
2006-11-18,10.8,8.6,14.1,3079,0.2,1.09,2.2
2006-11-19,7.8,3.5,10.9,2241,2.7,0.77,2.1
2006-11-20,5.9,3.2,8.4,4405,2.2,0.75,3.3
2006-11-21,7.2,5.3,9.6,2122,0.4,0.87,2.9
2006-11-22,5.0,1.0,8.7,4961,0.0,0.65,2.6
2006-11-23,5.8,1.8,9.8,2056,8.5,0.69,3.5
2006-11-24,9.9,7.9,12.0,4370,0.1,1.04,2.7
2006-11-25,10.6,8.4,13.2,2041,0.0,1.07,3.2
2006-11-26,11.3,6.8,14.8,2058,0.1,0.98,1.9
2006-11-27,7.0,3.2,11.1,4127,0.0,0.76,1.8
2006-11-28,5.8,2.9,9.9,4397,0.0,0.74,2.0
2006-11-29,6.8,2.9,10.2,1887,0.8,0.74,1.8
2006-11-30,5.8,1.1,9.9,4705,0.0,0.66,2.0
2006-12-01,4.5,0.1,9.7,4791,0.0,0.62,2.5
2006-12-02,5.1,2.1,8.4,4616,0.0,0.7,2.9
2006-12-03,7.9,6.1,9.9,3620,1.7,0.91,3.5
2006-12-04,8.1,6.1,10.3,2382,1.8,0.91,4.1
2006-12-05,12.2,6.4,15.1,2189,1.6,0.95,4.4
2006-12-06,10.7,8.7,15.0,1786,0.6,1.1,3.7
2006-12-07,7.7,5.3,9.7,3798,1.0,0.86,4.3
2006-12-08,9.9,5.7,14.3,2680,0.0,0.9,4.0
2006-12-09,7.9,4.6,12.1,1700,0.0,0.84,2.6
2006-12-10,3.9,1.3,7.1,3808,0.0,0.66,2.2
2006-12-11,3.6,0.3,5.8,2214,9.3,0.61,3.9
2006-12-12,5.8,3.6,7.7,2986,2.0,0.76,3.2
2006-12-13,7.5,5.1,9.7,2150,0.1,0.85,3.8
2006-12-14,9.8,8.6,10.6,1649,0.0,1.08,3.9
2006-12-15,6.0,2.5,9.4,4094,0.0,0.72,2.9
2006-12-16,6.4,2.7,10.2,2167,0.6,0.73,3.1
2006-12-17,4.6,2.3,6.1,1918,0.3,0.7,2.5
2006-12-18,3.2,1.1,4.5,1630,0.0,0.64,1.7
2006-12-19,3.2,1.5,5.3,2683,0.1,0.66,2.2
2006-12-20,5.0,2.0,6.6,1627,0.5,0.68,2.3
2006-12-21,6.0,4.4,7.4,1627,0.0,0.8,1.5
2006-12-22,5.8,4.8,6.6,1628,0.0,0.83,1.9
2006-12-23,4.9,4.2,5.5,1630,0.0,0.79,1.8
2006-12-24,4.0,2.7,5.6,1634,0.5,0.72,1.7
2006-12-25,4.8,0.8,7.7,2659,0.0,0.64,1.3
2006-12-26,1.4,-0.9,3.4,1726,0.0,0.55,1.5
2006-12-27,-0.8,-1.2,-0.1,1652,0.0,0.54,1.8
2006-12-28,0.1,-0.7,0.9,1660,5.0,0.55,2.4
2006-12-29,2.0,0.3,4.4,1669,0.0,0.61,2.0
2006-12-30,3.5,0.1,7.5,1679,3.8,0.6,3.7
2006-12-31,8.6,7.2,10.9,2024,1.2,0.99,5.2
2007-01-01,8.2,5.4,11.4,2123,1.8,0.88,5.5
2007-01-02,4.8,3.5,5.8,1760,2.2,0.75,3.8
2007-01-03,5.4,3.8,7.4,2283,1.8,0.78,3.7
2007-01-04,7.3,5.3,9.1,1962,1.0,0.86,4.7
2007-01-05,7.4,6.5,8.4,1852,2.3,0.93,4.3
2007-01-06,8.0,6.0,9.0,1785,6.2,0.91,3.1
2007-01-07,5.8,4.3,7.4,1979,0.0,0.8,3.4
2007-01-08,7.1,3.8,10.2,1869,1.0,0.79,3.7
2007-01-09,11.3,5.9,14.2,1892,0.5,0.92,4.6
2007-01-10,11.9,6.8,13.7,2406,1.2,0.97,4.5
2007-01-11,6.7,4.7,8.8,1895,4.1,0.82,6.3
2007-01-12,7.9,5.7,10.5,3373,2.5,0.89,6.1
2007-01-13,11.3,9.5,12.6,1948,0.7,1.15,4.8
2007-01-14,8.1,4.0,11.9,4195,0.0,0.81,4.8
2007-01-15,4.3,0.6,7.2,4573,0.0,0.63,2.6
2007-01-16,4.6,0.4,7.2,2271,2.0,0.62,2.7
2007-01-17,7.6,4.5,11.0,2543,2.7,0.83,4.0
2007-01-18,8.8,6.1,12.9,2100,40.1,0.92,7.1
2007-01-19,6.9,5.3,9.0,2231,3.4,0.86,6.0
2007-01-20,8.8,6.0,13.9,2218,1.9,0.92,5.1
2007-01-21,5.7,4.2,7.7,2852,1.0,0.8,5.4
2007-01-22,2.2,-3.5,5.3,2494,0.3,0.47,3.2
2007-01-23,-3.5,-6.2,-0.4,5740,0.0,0.38,2.8
2007-01-24,-3.3,-6.1,-0.2,2579,0.0,0.38,2.7
2007-01-25,-2.4,-7.0,0.1,4861,0.0,0.36,2.5
2007-01-26,-2.9,-7.0,2.1,2405,2.0,0.36,3.5
2007-01-27,0.5,-1.8,1.9,6446,0.6,0.52,4.1
2007-01-28,3.7,0.7,6.7,2494,2.6,0.63,5.3
2007-01-29,4.7,0.6,7.0,3304,1.7,0.62,3.8
2007-01-30,5.6,2.7,7.2,2642,0.4,0.72,2.9
2007-01-31,6.5,5.2,7.8,3810,0.6,0.85,4.1
2007-02-01,5.6,3.3,8.7,5912,0.3,0.75,2.5
2007-02-02,7.0,5.2,8.8,2735,2.3,0.86,2.6
2007-02-03,6.2,4.4,8.9,5514,0.0,0.81,3.4
2007-02-04,5.6,2.2,7.7,2899,0.0,0.7,2.3
2007-02-05,2.2,-0.1,4.0,2954,0.4,0.59,2.7
2007-02-06,1.3,0.0,3.8,2950,1.6,0.59,1.9
2007-02-07,0.2,-3.4,4.6,7944,2.6,0.47,1.6
2007-02-08,0.0,-0.6,0.9,3063,3.5,0.56,2.5
2007-02-09,0.2,-1.4,1.5,3122,1.6,0.53,2.7
2007-02-10,-2.5,-4.7,-0.8,3182,0.5,0.42,2.9
2007-02-11,-2.2,-5.8,1.5,3242,3.2,0.39,3.5
2007-02-12,4.4,0.8,7.8,5508,2.5,0.64,2.9
2007-02-13,6.2,4.6,7.7,3367,0.9,0.82,3.7
2007-02-14,6.9,4.9,9.3,4029,4.4,0.84,2.2
2007-02-15,4.5,3.2,6.4,3496,1.7,0.74,2.6
2007-02-16,3.9,3.0,5.2,3562,0.0,0.73,2.9
2007-02-17,4.4,0.8,8.5,9275,0.0,0.64,3.3
2007-02-18,4.4,0.2,11.0,9829,0.0,0.63,1.9
2007-02-19,3.8,1.7,5.7,3765,0.0,0.67,1.2
2007-02-20,3.4,0.3,6.9,4834,0.0,0.62,1.2
2007-02-21,5.2,1.7,9.7,6143,3.5,0.68,2.3
2007-02-22,6.4,1.9,9.6,4927,0.0,0.69,1.9
2007-02-23,-0.1,-1.4,2.4,4050,0.0,0.53,2.6
2007-02-24,2.5,-1.4,7.2,9427,0.0,0.55,3.3
2007-02-25,6.9,3.8,11.0,4953,1.5,0.79,3.2
2007-02-26,5.8,3.3,9.2,4272,3.6,0.76,3.5
2007-02-27,4.0,1.4,6.2,6511,6.0,0.66,3.8
2007-02-28,8.0,2.4,12.7,5283,3.5,0.74,4.5
2007-03-01,7.5,5.4,10.2,4975,3.1,0.87,4.6
2007-03-02,6.1,4.5,8.4,5138,2.1,0.82,3.8
2007-03-03,3.6,0.1,5.9,4738,2.4,0.6,3.4
2007-03-04,5.2,2.2,10.0,8159,0.0,0.71,2.0
2007-03-05,5.9,1.3,11.1,4981,0.2,0.68,3.3
2007-03-06,7.8,2.4,13.4,7392,0.3,0.74,3.1
2007-03-07,9.5,5.6,12.8,5146,0.1,0.9,2.2
2007-03-08,6.7,3.7,10.0,7266,0.3,0.78,2.1
2007-03-09,7.2,0.6,13.1,11055,3.0,0.65,2.3
2007-03-10,6.4,4.3,10.1,9464,0.0,0.81,2.6
2007-03-11,9.4,5.1,15.2,14219,0.0,0.89,2.3
2007-03-12,10.0,2.6,17.8,14828,0.0,0.78,1.6
2007-03-13,10.8,3.8,18.7,13753,0.0,0.84,1.5
2007-03-14,6.9,2.7,12.1,11757,0.0,0.74,2.0
2007-03-15,7.0,2.2,13.4,15071,0.0,0.73,1.6
2007-03-16,7.6,2.8,12.1,8289,0.8,0.74,2.3
2007-03-17,7.9,4.8,11.1,7381,4.2,0.84,4.6
2007-03-18,7.2,1.9,11.6,5991,2.6,0.7,5.8
2007-03-19,3.6,0.0,7.9,12741,0.0,0.6,3.1
2007-03-20,2.3,-2.0,6.9,6448,0.4,0.53,2.5
2007-03-21,2.1,0.2,3.8,6155,11.9,0.6,3.1
2007-03-22,2.6,0.7,5.0,6241,17.1,0.62,3.6
2007-03-23,6.0,1.7,11.5,13599,3.8,0.7,3.5
2007-03-24,10.9,7.8,15.7,15109,0.0,1.05,3.4
2007-03-25,10.3,5.8,15.8,17526,0.0,0.92,3.7
2007-03-26,9.7,4.5,15.5,17596,0.0,0.86,3.4
2007-03-27,10.2,3.5,16.9,17963,0.0,0.81,3.1
2007-03-28,10.3,1.6,17.0,18030,0.0,0.73,2.2
2007-03-29,10.0,5.3,15.6,17284,0.0,0.89,2.4
2007-03-30,9.1,3.8,14.8,17544,0.0,0.81,2.1
2007-03-31,9.9,2.4,16.8,15647,0.0,0.77,2.7
2007-04-01,10.8,2.1,18.3,18893,0.0,0.76,2.7
2007-04-02,9.1,2.3,16.7,18847,0.0,0.76,1.8
2007-04-03,4.6,0.7,8.9,10940,0.4,0.63,2.8
2007-04-04,5.2,-0.7,10.9,20009,0.0,0.59,2.9
2007-04-05,7.7,3.4,12.0,9457,0.0,0.77,3.1
2007-04-06,9.2,5.4,12.8,8700,0.0,0.88,2.4
2007-04-07,7.6,2.6,12.9,19953,0.0,0.75,2.4
2007-04-08,9.6,6.2,12.6,10176,0.0,0.93,2.7
2007-04-09,11.2,8.9,14.5,8645,0.0,1.12,3.3
2007-04-10,11.1,6.4,15.6,9497,0.1,0.96,2.9
2007-04-11,12.2,6.1,17.8,12659,0.0,0.95,2.2
2007-04-12,12.7,3.8,20.9,22139,0.0,0.87,1.8
2007-04-13,15.0,5.3,22.8,21959,0.0,0.97,2.4
2007-04-14,16.4,6.5,24.0,22777,0.0,1.05,2.4
2007-04-15,15.5,5.5,23.3,21919,0.0,1.0,2.2
2007-04-16,17.1,7.9,25.6,22288,0.0,1.15,1.8
2007-04-17,12.9,6.5,19.0,17347,0.0,1.0,2.3
2007-04-18,8.2,3.4,13.2,16330,0.0,0.78,3.0
2007-04-19,10.6,2.4,18.1,21113,0.0,0.77,3.1
2007-04-20,6.6,3.0,9.9,10487,0.0,0.74,3.0
2007-04-21,6.3,0.6,12.4,22633,0.0,0.65,1.5
2007-04-22,10.0,-0.5,18.0,24494,0.0,0.66,1.7
2007-04-23,14.4,4.1,22.7,20923,0.0,0.91,1.7
2007-04-24,15.0,8.3,20.7,14999,0.0,1.11,1.3
2007-04-25,16.8,6.5,24.5,22325,0.0,1.05,2.1
2007-04-26,17.4,9.8,24.8,25135,0.0,1.28,2.0
2007-04-27,18.3,7.4,27.8,25143,0.0,1.17,1.6
2007-04-28,16.5,8.1,25.6,24795,0.0,1.18,1.8
2007-04-29,9.4,3.0,15.7,26096,0.0,0.79,2.8
2007-04-30,9.3,-0.5,18.9,23726,0.0,0.67,2.6
2007-05-01,8.8,0.1,16.5,25858,0.0,0.67,2.4
2007-05-02,13.2,6.8,20.8,21678,0.0,1.03,2.3
2007-05-03,13.4,3.4,21.2,26082,0.0,0.86,1.9
2007-05-04,14.1,3.3,22.3,26671,0.0,0.87,2.3
2007-05-05,15.7,3.4,24.1,26658,0.0,0.89,2.4
2007-05-06,16.8,6.4,24.7,26160,0.3,1.06,1.9
2007-05-07,12.9,11.2,15.2,9832,26.8,1.28,3.2
2007-05-08,11.4,8.8,16.4,15946,7.8,1.11,4.4
2007-05-09,12.2,8.2,17.1,17475,4.8,1.08,3.8
2007-05-10,13.3,8.7,17.8,10983,5.7,1.12,3.8
2007-05-11,12.7,9.2,17.6,12869,7.6,1.16,4.0
2007-05-12,11.7,7.1,16.4,13053,10.9,1.01,3.2
2007-05-13,16.1,8.6,21.7,20574,3.8,1.15,2.3
2007-05-14,16.9,12.3,22.8,17093,16.0,1.43,3.0
2007-05-15,11.6,6.8,13.6,12370,10.5,0.97,2.6
2007-05-16,12.2,5.1,18.6,21399,8.1,0.91,2.6
2007-05-17,10.6,7.5,14.9,16417,0.0,1.02,2.8
2007-05-18,12.2,5.1,18.5,28191,0.0,0.92,2.0
2007-05-19,16.9,8.1,24.2,23076,0.0,1.15,2.0
2007-05-20,20.3,13.6,27.1,23510,0.0,1.59,1.8
2007-05-21,23.4,16.6,30.4,28029,0.0,1.96,1.7
2007-05-22,21.3,14.7,27.0,26482,0.0,1.7,1.7
2007-05-23,17.1,12.8,22.8,17482,0.0,1.49,1.7
2007-05-24,19.1,9.5,26.0,22749,0.0,1.27,1.5
2007-05-25,22.7,16.9,31.0,24666,10.1,1.99,1.7
2007-05-26,19.3,14.8,26.5,16003,13.3,1.7,1.8
2007-05-27,18.5,14.0,23.6,15296,9.6,1.6,2.1
2007-05-28,17.6,13.2,22.7,14213,13.0,1.52,2.0
2007-05-29,17.7,11.1,24.6,14998,15.2,1.37,3.6
2007-05-30,13.2,9.3,18.7,19906,0.0,1.16,2.3
2007-05-31,15.0,8.2,20.7,22943,0.0,1.11,1.6
2007-06-01,17.1,10.2,22.9,23856,0.0,1.27,2.0
2007-06-02,15.9,13.1,19.7,12252,0.0,1.48,1.9
2007-06-03,15.8,13.9,18.7,11027,0.6,1.54,2.0
2007-06-04,16.6,15.2,18.5,11052,1.1,1.68,1.8
2007-06-05,16.6,12.8,20.8,13207,3.8,1.46,1.8
2007-06-06,19.7,12.8,25.7,20254,0.0,1.51,1.9
2007-06-07,22.6,15.5,29.9,26928,1.3,1.82,2.2
2007-06-08,24.0,15.9,29.8,31095,0.0,1.86,1.9
2007-06-09,23.1,15.0,30.1,26473,0.2,1.79,1.7
2007-06-10,22.2,13.2,29.6,30513,0.0,1.61,1.5
2007-06-11,22.3,14.2,29.9,31160,0.0,1.69,1.3
2007-06-12,21.9,14.5,30.3,22759,6.2,1.73,1.9
2007-06-13,19.6,15.3,25.0,16867,0.0,1.74,1.8
2007-06-14,21.7,14.8,28.4,20397,3.6,1.75,1.7
2007-06-15,20.7,16.0,27.7,19150,48.1,1.85,2.5
2007-06-16,18.0,14.4,24.0,19158,3.4,1.64,2.5
2007-06-17,18.6,13.6,24.8,23061,0.5,1.57,2.2
2007-06-18,17.4,13.1,23.1,13637,1.5,1.52,2.0
2007-06-19,19.7,13.3,26.1,26335,0.0,1.57,1.3
2007-06-20,22.1,16.1,28.6,23067,1.9,1.87,1.9
2007-06-21,17.7,13.4,21.6,11251,30.0,1.52,1.9
2007-06-22,17.4,13.3,22.6,17407,0.9,1.52,2.0
2007-06-23,16.3,13.7,21.3,15644,2.8,1.54,2.7
2007-06-24,18.4,13.5,24.0,21794,0.1,1.56,2.0
2007-06-25,19.8,13.9,27.8,18268,13.0,1.65,2.3
2007-06-26,15.9,12.6,19.8,18007,1.6,1.43,4.6
2007-06-27,13.4,10.7,16.3,15359,0.7,1.26,4.6
2007-06-28,14.5,10.6,18.8,16100,1.8,1.26,3.2
2007-06-29,15.6,9.1,20.9,19348,1.2,1.18,2.7
2007-06-30,15.9,12.6,20.2,17575,0.8,1.43,2.9
2007-07-01,18.5,11.0,24.9,16428,0.0,1.36,1.9
2007-07-02,18.2,15.1,21.4,11272,6.0,1.68,2.0
2007-07-03,17.0,12.8,22.5,19519,0.6,1.47,2.5
2007-07-04,14.9,12.4,18.1,11859,10.4,1.41,2.9
2007-07-05,15.3,12.6,20.5,14464,10.1,1.43,3.7
2007-07-06,15.9,13.1,21.3,17440,0.9,1.5,4.2
2007-07-07,15.6,12.7,19.2,13663,5.2,1.44,3.8
2007-07-08,17.3,11.4,23.6,25622,0.3,1.38,2.2
2007-07-09,14.4,10.8,19.1,12233,10.6,1.28,1.8
2007-07-10,14.2,10.2,18.9,17814,0.7,1.23,2.1
2007-07-11,13.9,9.2,19.4,17903,7.7,1.16,2.8
2007-07-12,15.0,12.9,18.3,11393,4.7,1.45,3.0
2007-07-13,18.5,14.5,24.6,14966,0.1,1.66,2.1
2007-07-14,23.5,13.9,31.2,27600,0.3,1.72,2.3
2007-07-15,26.1,16.9,33.6,28416,0.0,2.03,1.8
2007-07-16,29.4,20.4,37.8,29104,6.5,2.55,1.7
2007-07-17,23.8,16.3,29.5,23349,0.0,1.91,2.4
2007-07-18,22.0,14.6,28.7,21933,0.0,1.74,1.8
2007-07-19,21.1,14.9,26.2,20643,0.2,1.71,1.6
2007-07-20,22.0,16.7,26.8,18243,0.0,1.9,2.3
2007-07-21,21.5,16.8,26.7,21640,22.2,1.92,1.9
2007-07-22,16.3,13.5,20.3,13950,10.4,1.51,2.3
2007-07-23,18.7,12.1,24.3,22500,0.0,1.45,2.0
2007-07-24,18.5,14.0,22.9,13478,2.6,1.58,3.7
2007-07-25,17.4,13.7,22.7,16364,0.0,1.56,3.0
2007-07-26,21.0,12.9,27.3,21073,0.0,1.56,2.2
2007-07-27,20.2,14.7,24.0,20393,0.6,1.68,3.5
2007-07-28,16.9,13.4,21.2,12767,5.8,1.52,3.0
2007-07-29,14.7,11.7,18.2,10763,10.2,1.35,2.8
2007-07-30,13.8,11.1,16.5,13985,0.8,1.28,3.7
2007-07-31,14.9,12.0,19.1,15132,0.0,1.37,2.9
2007-08-01,15.7,10.7,21.4,19658,0.0,1.3,1.8
2007-08-02,18.0,11.5,24.5,17408,4.7,1.4,2.2
2007-08-03,16.9,12.3,21.5,18535,0.0,1.42,2.2
2007-08-04,17.3,9.3,23.6,20256,0.0,1.23,1.4
2007-08-05,20.3,12.5,26.8,26756,0.0,1.52,1.9
2007-08-06,21.3,13.7,27.1,26412,0.0,1.62,2.1
2007-08-07,22.2,13.8,29.8,22492,5.0,1.67,1.9
2007-08-08,20.4,16.2,27.9,20373,0.0,1.88,2.2
2007-08-09,22.6,15.6,30.3,24543,0.0,1.86,2.4
2007-08-10,20.0,18.0,24.1,9427,6.5,2.03,2.2
2007-08-11,19.0,16.5,22.9,9478,3.1,1.84,2.4
2007-08-12,16.1,13.8,20.0,10231,0.3,1.55,1.5
2007-08-13,18.1,12.5,24.9,18705,0.0,1.47,1.6
2007-08-14,19.1,12.1,25.7,23388,0.2,1.46,1.7
2007-08-15,22.0,16.6,28.2,14083,3.2,1.91,3.0
2007-08-16,20.5,13.0,24.7,14921,0.3,1.52,3.2
2007-08-17,15.4,10.5,21.6,15520,0.1,1.29,2.3
2007-08-18,16.7,9.3,23.3,20138,0.0,1.21,1.5
2007-08-19,19.5,12.2,25.7,19105,0.1,1.46,1.7
2007-08-20,20.2,16.1,27.1,16593,34.7,1.84,1.8
2007-08-21,18.6,15.2,23.2,13075,7.3,1.71,2.3
2007-08-22,17.7,14.3,23.4,13773,2.3,1.62,1.9
2007-08-23,19.4,13.2,25.5,17845,31.7,1.55,1.3
2007-08-24,19.7,16.6,24.5,17502,0.0,1.86,1.4
2007-08-25,19.2,15.0,23.5,19729,0.0,1.68,1.9
2007-08-26,18.2,11.7,23.2,16484,0.0,1.39,2.4
2007-08-27,14.3,10.9,18.5,9946,0.0,1.29,2.3
2007-08-28,13.8,8.6,18.2,15916,0.0,1.12,2.1
2007-08-29,11.9,6.0,18.0,17002,0.0,0.96,1.9
2007-08-30,13.5,8.5,17.9,11205,1.4,1.11,2.4
2007-08-31,14.6,12.7,17.2,7852,1.8,1.42,2.7
2007-09-01,14.8,12.1,17.9,9173,0.0,1.39,2.4
2007-09-02,16.2,11.6,20.0,9834,8.7,1.35,2.4
2007-09-03,13.4,8.2,17.1,11981,12.8,1.08,2.9
2007-09-04,9.8,7.5,15.5,10175,8.0,1.02,3.1
2007-09-05,11.8,7.0,17.4,19569,0.0,1.0,2.2
2007-09-06,12.1,5.4,18.2,12388,0.0,0.93,2.5
2007-09-07,14.6,10.5,19.4,10815,0.0,1.27,2.7
2007-09-08,15.5,13.3,18.1,7602,0.1,1.48,3.0
2007-09-09,14.2,10.7,18.9,15026,0.9,1.27,3.0
2007-09-10,11.8,9.8,15.6,8450,7.8,1.18,3.4
2007-09-11,13.7,10.6,18.4,10285,0.0,1.26,2.7
2007-09-12,13.8,10.3,15.8,8866,0.0,1.22,2.2
2007-09-13,11.9,10.2,14.2,6964,0.0,1.2,1.7
2007-09-14,13.8,8.6,18.9,12148,0.5,1.12,2.4
2007-09-15,12.6,9.5,16.9,14097,0.0,1.17,3.0
2007-09-16,14.4,8.9,20.7,17192,0.0,1.16,2.3
2007-09-17,17.5,12.9,23.6,12941,3.1,1.5,2.3
2007-09-18,11.8,6.7,14.9,8944,4.9,0.98,3.1
2007-09-19,9.6,6.0,14.3,12288,0.0,0.92,2.5
2007-09-20,12.9,6.7,19.2,12155,0.0,1.01,2.8
2007-09-21,14.9,10.2,20.4,10419,0.0,1.26,2.3
2007-09-22,14.7,9.4,21.6,14882,0.0,1.2,1.4
2007-09-23,15.5,6.7,23.6,16300,0.0,1.05,1.3
2007-09-24,17.3,10.4,24.8,15944,0.3,1.32,2.3
2007-09-25,13.2,10.7,16.5,7203,2.2,1.25,2.3
2007-09-26,12.3,7.0,18.4,12259,0.0,1.01,1.3
2007-09-27,12.7,8.6,15.1,5845,13.3,1.09,2.9
2007-09-28,14.3,10.7,17.7,5937,12.7,1.26,3.2
2007-09-29,12.2,10.6,14.1,5410,5.6,1.24,3.3
2007-09-30,13.2,11.5,15.3,5502,0.0,1.32,2.1
2007-10-01,12.9,9.1,17.2,7491,1.4,1.14,1.2
2007-10-02,12.4,9.5,14.8,5164,0.1,1.15,1.1
2007-10-03,11.1,7.2,16.1,9149,0.0,1.01,1.3
2007-10-04,12.0,7.7,15.9,5337,0.0,1.04,1.4
2007-10-05,12.1,8.2,15.2,7912,0.0,1.07,1.6
2007-10-06,9.2,4.8,14.6,6322,0.0,0.86,1.5
2007-10-07,8.7,3.3,15.6,8670,0.0,0.8,1.1
2007-10-08,8.9,4.5,15.0,7987,0.0,0.85,1.4
2007-10-09,8.9,7.3,10.6,4845,0.0,0.99,1.0
2007-10-10,8.6,5.7,12.1,11236,0.0,0.9,1.3
2007-10-11,9.4,5.6,13.2,4920,0.4,0.9,1.6
2007-10-12,11.9,7.2,15.8,5225,0.0,1.01,2.6
2007-10-13,7.6,2.4,12.9,10489,0.0,0.73,1.5
2007-10-14,6.7,0.7,13.1,12161,0.0,0.67,1.7
2007-10-15,9.5,2.4,17.8,11851,0.0,0.77,1.8
2007-10-16,12.5,9.0,17.1,6518,0.0,1.13,2.2
2007-10-17,13.7,10.0,18.5,8173,3.1,1.21,2.5
2007-10-18,8.8,5.4,11.8,7260,0.3,0.88,3.2
2007-10-19,5.8,1.3,10.2,8937,0.2,0.67,2.4
2007-10-20,5.3,0.2,10.5,8386,0.3,0.62,1.7
2007-10-21,5.0,0.6,8.5,6240,0.0,0.63,1.7
2007-10-22,2.9,-2.8,6.6,6833,0.0,0.5,2.2
2007-10-23,5.0,-0.4,10.2,6865,0.0,0.6,2.6
2007-10-24,7.0,5.1,8.5,3527,0.0,0.85,2.9
2007-10-25,7.9,6.3,9.3,3462,0.0,0.92,2.3
2007-10-26,7.9,5.5,10.2,3398,0.1,0.88,1.9
2007-10-27,7.9,7.0,8.8,3335,0.7,0.96,1.1
2007-10-28,5.7,2.2,8.3,3402,0.0,0.7,2.0
2007-10-29,7.2,3.1,11.6,5053,0.7,0.76,1.9
2007-10-30,8.2,4.7,10.2,3153,0.6,0.83,1.8
2007-10-31,7.4,2.5,11.1,6128,0.0,0.73,2.0
2007-11-01,10.2,8.7,11.5,3036,0.2,1.08,2.1
2007-11-02,11.6,10.3,13.2,2980,1.6,1.21,1.4
2007-11-03,11.1,8.6,14.0,3103,0.9,1.09,2.3
2007-11-04,7.5,1.8,10.9,4580,0.0,0.69,2.1
2007-11-05,3.2,-1.4,8.2,4390,6.6,0.56,1.8
2007-11-06,5.8,2.6,7.9,3916,3.1,0.71,4.1
2007-11-07,6.7,2.4,9.3,2998,4.8,0.71,4.9
2007-11-08,8.5,6.2,10.2,3843,5.3,0.92,3.9
2007-11-09,5.2,2.8,8.6,3670,1.3,0.73,5.5
2007-11-10,2.7,0.5,6.4,4103,4.6,0.61,4.3
2007-11-11,1.4,0.1,2.7,2521,6.5,0.59,4.1
2007-11-12,1.9,0.2,3.2,2690,8.5,0.6,3.7
2007-11-13,1.7,-0.4,5.5,6083,0.4,0.58,3.1
2007-11-14,1.1,-1.0,3.4,2493,0.8,0.55,2.8
2007-11-15,1.2,-1.5,4.2,3071,0.0,0.54,2.0
2007-11-16,0.9,-1.8,4.5,2307,0.5,0.52,1.9
2007-11-17,5.4,4.4,6.6,2267,0.6,0.81,1.6
2007-11-18,4.7,0.7,7.5,2429,0.2,0.63,1.9
2007-11-19,1.2,-0.6,4.5,4070,0.0,0.57,2.6
2007-11-20,1.2,-0.2,4.3,2254,0.0,0.58,2.2
2007-11-21,1.9,-0.7,4.7,4589,0.0,0.57,2.4
2007-11-22,4.6,1.1,7.8,2184,0.1,0.64,1.8
2007-11-23,6.0,4.2,8.7,2056,1.2,0.8,1.8
2007-11-24,2.5,-0.7,5.3,2447,2.1,0.57,2.3
2007-11-25,3.8,0.3,7.5,2599,0.8,0.61,4.3
2007-11-26,1.8,0.0,4.0,4221,0.0,0.59,4.4
2007-11-27,0.4,-2.1,3.0,3808,0.0,0.51,2.4
2007-11-28,0.1,-4.0,3.2,2183,0.0,0.45,2.0
2007-11-29,1.9,-0.5,4.3,2022,2.2,0.57,3.0
2007-11-30,5.6,3.9,7.3,1908,3.4,0.78,3.3
2007-12-01,6.8,4.0,10.0,2413,3.9,0.8,3.9
2007-12-02,6.9,4.0,10.1,2212,4.5,0.8,5.0
2007-12-03,6.6,4.3,9.3,1842,4.8,0.81,5.3
2007-12-04,5.4,4.2,7.0,3071,0.2,0.79,3.4
2007-12-05,7.9,5.1,10.8,1761,0.1,0.86,3.5
2007-12-06,9.4,7.8,10.6,2126,5.4,1.02,4.1
2007-12-07,9.5,5.6,13.8,2615,1.7,0.9,5.3
2007-12-08,6.1,3.4,7.5,2091,0.0,0.75,3.9
2007-12-09,4.9,2.7,7.3,1742,0.9,0.71,3.3
2007-12-10,3.4,0.8,6.7,3892,0.0,0.64,2.4
2007-12-11,3.7,1.6,5.8,1676,0.6,0.67,2.5
2007-12-12,5.0,4.1,5.8,1666,0.5,0.78,2.2
2007-12-13,3.3,1.8,4.5,1657,0.0,0.67,1.8
2007-12-14,1.9,1.2,3.2,1813,0.0,0.64,1.8
2007-12-15,-0.7,-3.7,1.6,4503,0.0,0.45,2.2
2007-12-16,-1.4,-4.9,0.5,1760,0.0,0.41,2.2
2007-12-17,0.5,-0.9,2.0,1633,0.0,0.55,2.8
2007-12-18,-0.7,-1.3,-0.2,1630,0.0,0.53,1.9
2007-12-19,-0.4,-1.0,0.1,1627,0.0,0.54,1.2
2007-12-20,-2.5,-4.4,-0.8,1627,0.0,0.43,1.2
2007-12-21,-4.7,-5.8,-4.0,1627,0.0,0.38,1.1
2007-12-22,-5.1,-6.1,-4.1,1628,0.0,0.37,1.2
2007-12-23,-2.7,-6.9,0.4,3420,0.1,0.36,1.3
2007-12-24,0.6,0.0,1.5,1634,0.0,0.59,1.5
2007-12-25,0.1,-1.5,1.7,3067,0.0,0.53,2.5
2007-12-26,-0.5,-2.8,1.6,2013,0.0,0.48,2.1
2007-12-27,0.6,-0.9,2.3,1816,0.0,0.55,2.5
2007-12-28,3.5,0.8,5.8,1660,0.0,0.63,3.0
2007-12-29,2.1,0.0,4.8,2660,0.0,0.6,3.5
2007-12-30,2.5,0.1,4.9,1679,0.7,0.6,2.6
2007-12-31,1.4,-0.1,2.5,1774,0.0,0.58,1.9
2008-01-01,0.3,0.0,0.8,1704,2.2,0.59,1.5
2008-01-02,-0.5,-3.9,0.5,1718,0.0,0.44,2.6
2008-01-03,-3.6,-5.2,-2.7,1733,0.0,0.4,4.1
2008-01-04,-5.5,-7.3,-4.1,2900,0.0,0.34,3.5
2008-01-05,-0.8,-4.4,1.3,1852,1.6,0.43,3.4
2008-01-06,1.3,-1.0,3.0,1785,4.4,0.55,2.4
2008-01-07,2.6,0.0,5.8,2022,5.8,0.6,3.7
2008-01-08,4.0,0.0,6.6,3273,0.0,0.59,3.2
2008-01-09,2.7,0.1,5.5,3041,0.3,0.6,2.9
2008-01-10,3.6,1.2,6.0,3966,0.0,0.65,3.3
2008-01-11,7.3,3.5,9.7,2255,0.0,0.77,3.2
2008-01-12,4.9,1.7,8.4,2329,0.0,0.68,3.3
2008-01-13,2.7,-0.5,7.1,5199,0.0,0.58,2.3
2008-01-14,2.9,0.0,6.0,3917,0.0,0.6,2.8
2008-01-15,5.6,2.3,8.4,4573,1.0,0.7,4.0
2008-01-16,6.7,2.8,9.7,2035,0.4,0.73,3.5
2008-01-17,5.2,2.0,8.7,3448,2.5,0.7,2.7
2008-01-18,6.9,5.0,8.9,2196,6.4,0.85,4.1
2008-01-19,9.5,5.2,11.9,2134,10.4,0.87,4.8
2008-01-20,8.2,5.0,12.0,2169,10.3,0.85,3.7
2008-01-21,8.7,5.0,11.4,2205,19.3,0.85,4.1
2008-01-22,3.2,0.0,8.6,2293,0.0,0.6,3.8
2008-01-23,3.0,-0.3,6.5,4011,0.7,0.59,2.6
2008-01-24,7.2,4.5,9.3,2322,2.3,0.82,3.1
2008-01-25,5.9,2.8,8.2,6111,0.0,0.72,3.9
2008-01-26,8.0,5.3,9.5,2405,7.2,0.86,4.8
2008-01-27,6.6,3.5,8.9,2449,5.6,0.76,4.3
2008-01-28,6.2,2.3,8.8,2494,1.5,0.7,1.7
2008-01-29,6.4,4.9,7.7,2540,0.0,0.83,1.8
2008-01-30,4.6,2.9,5.3,2587,1.4,0.72,2.6
2008-01-31,2.7,0.0,4.5,4257,0.1,0.59,4.2
2008-02-01,5.5,3.4,8.3,3138,0.0,0.76,5.3
2008-02-02,2.9,0.0,6.3,4283,0.6,0.59,3.8
2008-02-03,0.9,-1.4,4.7,7371,0.0,0.54,2.9
2008-02-04,2.8,-1.1,7.1,7305,0.0,0.56,2.8
2008-02-05,4.9,1.1,8.1,5154,0.7,0.65,3.6
2008-02-06,7.6,5.1,10.8,3431,3.0,0.86,4.5
2008-02-07,4.9,2.7,8.1,5871,0.0,0.72,2.9
2008-02-08,5.8,3.2,9.2,3249,0.1,0.75,1.8
2008-02-09,5.5,1.3,11.6,6246,0.0,0.67,1.6
2008-02-10,5.2,0.5,12.2,8495,0.0,0.65,1.5
2008-02-11,3.8,0.4,8.4,5996,0.0,0.62,1.4
2008-02-12,4.6,1.8,6.9,3304,0.0,0.68,1.5
2008-02-13,3.5,1.4,6.8,7829,0.0,0.66,1.3
2008-02-14,2.1,-2.0,3.9,3431,0.0,0.51,1.6
2008-02-15,-1.3,-4.0,2.9,8740,0.0,0.45,2.5
2008-02-16,-2.0,-5.4,3.0,9209,0.0,0.41,1.8
2008-02-17,-0.4,-4.5,3.5,6934,0.0,0.43,2.4
2008-02-18,3.4,1.7,6.2,3697,0.1,0.67,2.7
2008-02-19,4.4,3.6,6.1,3765,0.6,0.76,1.9
2008-02-20,4.9,2.3,8.5,7188,0.0,0.7,1.6
2008-02-21,6.1,2.8,9.2,3978,0.2,0.74,3.3
2008-02-22,9.6,7.4,11.4,3977,1.0,1.0,5.3
2008-02-23,8.1,5.6,10.8,8112,0.0,0.88,4.0
2008-02-24,8.9,6.2,11.5,4646,1.1,0.92,2.7
2008-02-25,6.1,2.6,9.5,7975,1.1,0.72,2.6
2008-02-26,9.0,3.1,13.8,4425,0.6,0.77,4.0
2008-02-27,6.7,3.8,9.4,5043,0.6,0.78,4.5
2008-02-28,6.0,2.7,9.5,8719,0.0,0.72,2.3
2008-02-29,5.6,0.3,10.5,6238,7.1,0.63,3.1
2008-03-01,6.7,4.3,9.0,4579,4.6,0.8,7.2
2008-03-02,7.0,4.1,9.9,5706,4.7,0.8,6.1
2008-03-03,5.8,2.2,9.7,6774,0.3,0.71,4.0
2008-03-04,2.7,0.4,7.0,6052,2.4,0.62,2.9
2008-03-05,1.6,-1.6,5.3,12134,0.0,0.53,3.1
2008-03-06,4.9,1.7,7.7,5062,0.0,0.67,3.4
2008-03-07,8.3,6.2,11.3,5059,0.2,0.93,2.0
2008-03-08,6.9,3.5,10.3,5313,0.1,0.77,2.0
2008-03-09,7.0,1.2,12.1,9984,0.0,0.68,2.9
2008-03-10,9.2,3.9,14.8,12734,0.0,0.82,3.8
2008-03-11,8.9,6.0,12.8,8301,2.1,0.92,4.7
2008-03-12,7.4,2.7,10.5,7789,2.5,0.73,6.1
2008-03-13,6.3,3.9,10.1,8343,2.6,0.79,5.5
2008-03-14,5.8,1.9,10.0,7728,1.0,0.69,3.6
2008-03-15,6.4,2.8,10.1,9112,0.0,0.73,1.7
2008-03-16,4.9,1.9,6.8,5813,4.3,0.68,2.8
2008-03-17,3.2,0.1,6.7,9248,0.9,0.61,3.8
2008-03-18,2.0,-0.7,7.1,13867,0.1,0.57,3.5
2008-03-19,1.2,-1.0,6.3,8909,1.2,0.56,2.7
2008-03-20,2.1,-2.3,5.6,12166,3.7,0.51,3.5
2008-03-21,3.8,1.3,7.8,7492,10.7,0.66,4.0
2008-03-22,2.2,-0.5,4.6,6328,2.4,0.57,3.3
2008-03-23,-0.5,-3.6,2.7,10420,0.1,0.46,2.2
2008-03-24,0.8,-5.2,6.3,15656,0.0,0.42,2.5
2008-03-25,0.7,-1.3,4.5,8669,0.7,0.54,3.6
2008-03-26,1.8,-1.6,6.3,10969,0.5,0.54,3.0
2008-03-27,2.8,-2.7,7.7,12898,0.0,0.5,1.6
2008-03-28,6.5,0.6,12.1,14649,2.5,0.66,2.8
2008-03-29,7.3,2.7,11.0,11013,0.1,0.74,3.8
2008-03-30,9.1,1.2,15.6,12565,0.0,0.71,3.3
2008-03-31,10.6,5.5,16.2,12791,0.0,0.92,2.1
2008-04-01,10.2,5.0,16.5,15828,2.0,0.89,2.3
2008-04-02,7.9,5.8,11.1,8111,6.2,0.9,3.4
2008-04-03,7.8,5.6,12.5,8517,2.1,0.9,2.5
2008-04-04,6.5,3.5,9.5,7548,0.0,0.77,1.8
2008-04-05,6.7,4.3,10.3,7526,7.9,0.81,2.3
2008-04-06,4.9,0.5,9.2,9113,0.0,0.63,1.9
2008-04-07,4.0,-1.0,8.7,9853,2.2,0.57,2.4
2008-04-08,5.0,0.5,10.2,14724,0.1,0.64,1.8
2008-04-09,4.0,0.7,6.4,7860,6.6,0.63,1.7
2008-04-10,4.2,3.0,5.9,7942,0.1,0.73,1.7
2008-04-11,5.7,3.5,8.1,8024,12.2,0.76,2.2
2008-04-12,8.5,5.4,13.8,16196,0.0,0.89,2.5
2008-04-13,10.2,6.3,15.6,16094,2.7,0.95,2.0
2008-04-14,8.7,6.0,12.7,9049,3.4,0.91,2.2
2008-04-15,7.2,5.1,9.3,8345,8.0,0.85,2.2
2008-04-16,6.7,3.4,10.5,13958,0.2,0.77,2.0
2008-04-17,5.4,4.2,7.4,8502,8.3,0.8,2.2
2008-04-18,6.2,4.7,8.8,8693,0.0,0.82,2.9
2008-04-19,6.2,2.2,9.2,11631,0.0,0.7,3.0
2008-04-20,8.2,2.0,12.6,11490,0.0,0.71,2.4
2008-04-21,11.1,4.0,16.3,23686,0.0,0.84,3.6
2008-04-22,11.2,3.9,17.3,23586,0.0,0.83,3.4
2008-04-23,9.9,2.1,17.3,21391,0.0,0.75,1.8
2008-04-24,11.9,2.3,19.7,24307,1.9,0.78,1.7
2008-04-25,10.9,7.7,13.9,10388,0.0,1.03,2.4
2008-04-26,11.6,5.3,18.0,22208,0.0,0.92,1.4
2008-04-27,14.2,6.2,20.4,23617,0.0,0.99,2.0
2008-04-28,16.1,9.8,22.1,23732,1.9,1.24,2.4
2008-04-29,13.5,10.4,17.5,9381,1.4,1.24,2.0
2008-04-30,13.4,7.8,18.6,15156,0.7,1.07,2.5
2008-05-01,13.0,8.0,17.9,15119,1.0,1.08,2.2
2008-05-02,11.3,5.7,17.2,19506,0.5,0.94,1.6
2008-05-03,12.3,6.8,17.8,19357,0.0,1.0,1.5
2008-05-04,12.2,4.7,18.7,24735,0.0,0.89,1.9
2008-05-05,14.6,7.2,21.5,22665,0.0,1.06,2.0
2008-05-06,14.6,7.5,22.5,24328,0.0,1.09,2.0
2008-05-07,15.9,7.9,23.2,26359,0.0,1.13,1.6
2008-05-08,16.3,7.8,23.4,26576,0.0,1.12,1.6
2008-05-09,16.7,7.3,24.2,26912,0.0,1.11,2.1
2008-05-10,17.5,8.3,24.7,25785,0.0,1.18,2.4
2008-05-11,17.9,8.2,25.2,25750,0.0,1.18,2.2
2008-05-12,17.7,7.6,25.5,26934,0.0,1.14,1.9
2008-05-13,13.8,7.6,20.3,21136,0.0,1.08,2.4
2008-05-14,13.9,5.0,22.4,25871,0.0,0.95,1.7
2008-05-15,15.8,6.5,23.4,22260,0.0,1.04,1.6
2008-05-16,15.5,8.9,20.9,13832,0.8,1.16,1.7
2008-05-17,14.5,10.0,20.1,12652,4.2,1.24,2.0
2008-05-18,11.7,7.2,15.3,15666,0.0,1.01,1.9
2008-05-19,11.0,5.2,16.4,17574,0.0,0.89,2.0
2008-05-20,12.3,4.8,17.9,26048,0.0,0.89,2.4
2008-05-21,12.2,4.2,18.9,24746,0.0,0.87,2.1
2008-05-22,13.5,4.4,20.7,25798,0.1,0.9,1.7
2008-05-23,15.1,10.3,21.1,17406,0.0,1.26,1.8
2008-05-24,14.3,8.3,21.2,20437,0.0,1.12,2.3
2008-05-25,15.9,8.0,22.4,25838,0.0,1.12,2.4
2008-05-26,16.4,11.7,21.7,13925,0.0,1.37,2.3
2008-05-27,14.8,11.2,19.2,15335,0.0,1.32,2.9
2008-05-28,18.1,12.3,24.5,25109,0.0,1.46,3.1
2008-05-29,19.5,13.4,25.7,24903,0.0,1.57,2.6
2008-05-30,22.5,15.3,29.3,26694,0.0,1.8,2.4
2008-05-31,23.4,16.8,30.2,27985,0.0,1.95,2.1
2008-06-01,23.3,15.9,30.0,27898,0.0,1.88,1.8
2008-06-02,24.6,17.3,31.5,29562,0.0,2.05,2.1
2008-06-03,23.3,15.3,31.1,25086,0.0,1.85,2.3
2008-06-04,20.9,15.3,27.6,30131,0.0,1.77,2.3
2008-06-05,20.0,13.6,25.8,27402,0.0,1.59,2.5
2008-06-06,19.7,10.0,25.2,21156,0.0,1.29,2.3
2008-06-07,22.1,15.6,27.8,20803,0.0,1.79,2.0
2008-06-08,21.1,12.2,28.9,29738,0.0,1.51,1.8
2008-06-09,20.6,9.3,29.3,29759,0.0,1.31,1.7
2008-06-10,20.6,12.4,27.8,28773,0.0,1.53,2.3
2008-06-11,15.8,11.1,20.1,21629,0.0,1.32,3.0
2008-06-12,14.3,9.4,19.5,19003,8.9,1.19,2.3
2008-06-13,12.7,9.0,17.8,14490,2.8,1.15,2.6
2008-06-14,12.3,8.1,17.9,17767,0.4,1.08,2.1
2008-06-15,13.5,8.6,19.6,18906,1.4,1.14,2.0
2008-06-16,13.4,7.6,19.2,17027,0.3,1.06,1.8
2008-06-17,15.1,7.7,22.5,29099,0.0,1.11,1.4
2008-06-18,18.1,8.6,25.4,25330,0.0,1.2,1.7
2008-06-19,20.2,12.5,27.2,19045,5.6,1.52,2.7
2008-06-20,17.9,12.1,22.8,21683,0.2,1.42,2.5
2008-06-21,17.6,11.7,23.5,20298,0.0,1.39,1.8
2008-06-22,21.8,11.7,31.9,23937,12.8,1.53,2.4
2008-06-23,18.5,11.5,22.0,26819,0.0,1.36,3.3
2008-06-24,15.4,8.6,21.6,30703,0.0,1.15,1.8
2008-06-25,18.4,12.0,23.3,18509,1.4,1.43,2.1
2008-06-26,19.8,13.6,24.3,26658,0.0,1.56,2.2
2008-06-27,16.1,10.8,20.8,15724,0.4,1.29,3.0
2008-06-28,16.8,10.7,22.3,12071,3.5,1.31,2.8
2008-06-29,19.8,14.0,25.5,25475,0.0,1.63,2.1
2008-06-30,19.0,12.4,23.6,26457,0.0,1.46,2.3
2008-07-01,19.6,9.7,26.9,28312,0.0,1.31,1.5
2008-07-02,23.6,14.1,31.5,30915,0.0,1.71,2.2
2008-07-03,25.8,18.2,33.8,28131,3.5,2.21,2.2
2008-07-04,16.6,14.6,21.6,11086,29.1,1.63,2.8
2008-07-05,18.6,14.1,24.3,25691,0.0,1.6,1.6
2008-07-06,20.9,12.7,27.2,21534,1.0,1.52,1.8
2008-07-07,18.7,13.6,24.5,20877,1.3,1.57,2.9
2008-07-08,16.5,12.7,22.0,16600,2.7,1.46,3.7
2008-07-09,15.4,12.1,20.4,18562,0.5,1.39,3.1
2008-07-10,16.2,11.0,19.9,10927,3.7,1.31,2.2
2008-07-11,19.9,16.7,27.1,15376,3.7,1.89,2.3
2008-07-12,18.7,12.7,23.6,18821,0.0,1.49,2.6
2008-07-13,15.7,11.6,19.4,12815,2.9,1.34,1.7
2008-07-14,16.4,10.6,20.9,17866,0.0,1.27,2.3
2008-07-15,19.1,15.0,23.3,13854,0.0,1.69,2.6
2008-07-16,17.2,13.3,21.3,13069,4.8,1.5,2.6
2008-07-17,15.6,10.9,19.9,13769,0.0,1.29,1.9
2008-07-18,16.2,13.7,20.3,11747,2.2,1.54,2.2
2008-07-19,17.3,12.9,23.5,17380,2.9,1.49,2.8
2008-07-20,15.6,12.3,20.7,16095,0.7,1.41,3.0
2008-07-21,13.4,10.0,17.1,10874,0.5,1.21,3.5
2008-07-22,15.4,11.3,20.4,14267,1.2,1.33,2.5
2008-07-23,17.5,12.0,23.5,20839,0.0,1.42,1.6
2008-07-24,19.4,11.5,27.0,21999,0.0,1.43,2.3
2008-07-25,23.2,15.5,31.2,27555,0.2,1.86,2.3
2008-07-26,24.2,16.3,32.5,22346,4.7,1.96,2.1
2008-07-27,25.3,18.1,32.6,28487,0.0,2.17,1.9
2008-07-28,25.3,16.9,33.1,28521,0.0,2.03,2.1
2008-07-29,25.8,18.2,32.9,27095,0.0,2.16,2.1
2008-07-30,22.2,18.2,27.9,12346,0.0,2.08,1.6
2008-07-31,23.7,14.5,31.8,27879,0.0,1.78,2.1
2008-08-01,24.9,17.7,33.6,20785,8.8,2.13,2.3
2008-08-02,19.8,16.1,23.9,13240,0.0,1.8,2.0
2008-08-03,21.0,17.5,25.2,19775,1.2,1.98,2.8
2008-08-04,19.3,15.4,22.5,15737,1.2,1.72,4.1
2008-08-05,18.1,13.2,23.4,20678,0.0,1.52,3.1
2008-08-06,18.7,10.4,25.8,17249,0.0,1.33,1.5
2008-08-07,24.8,15.8,33.6,24651,1.4,1.92,2.4
2008-08-08,20.0,14.9,25.8,17907,2.7,1.71,3.1
2008-08-09,16.7,11.7,21.8,19116,0.0,1.38,2.8
2008-08-10,16.6,11.2,21.1,9360,3.2,1.32,2.8
2008-08-11,19.4,14.0,25.1,17630,2.2,1.6,2.2
2008-08-12,19.8,15.2,24.0,10277,0.4,1.72,2.6
2008-08-13,20.7,15.2,25.0,18838,0.0,1.71,4.0
2008-08-14,18.6,11.8,24.4,21874,0.0,1.42,2.7
2008-08-15,14.3,10.2,18.7,9011,6.5,1.24,1.6
2008-08-16,16.4,9.5,22.9,19561,0.1,1.23,1.6
2008-08-17,17.9,12.8,24.1,19218,0.0,1.5,1.6
2008-08-18,17.2,12.0,22.3,9708,1.4,1.41,2.2
2008-08-19,20.9,15.6,26.5,15679,0.0,1.78,2.7
2008-08-20,18.5,15.2,22.7,15121,1.1,1.7,3.3
2008-08-21,19.1,14.5,24.9,16943,0.0,1.66,2.4
2008-08-22,18.6,13.6,23.5,10179,8.2,1.56,1.8
2008-08-23,15.6,11.0,19.6,14135,11.8,1.29,3.1
2008-08-24,14.7,11.2,18.8,8444,1.3,1.31,2.4
2008-08-25,16.2,12.1,20.3,10812,2.0,1.4,1.7
2008-08-26,18.1,13.7,21.8,14041,0.0,1.55,2.0
2008-08-27,18.9,16.2,22.9,11069,0.0,1.81,2.2
2008-08-28,17.7,15.6,21.3,9001,0.6,1.72,2.3
2008-08-29,17.8,13.0,21.7,9024,0.2,1.49,2.4
2008-08-30,16.2,10.7,23.4,19351,0.0,1.31,1.5
2008-08-31,18.1,8.8,25.7,20718,0.0,1.22,2.2
2008-09-01,17.9,13.4,24.2,14127,3.2,1.55,2.3
2008-09-02,18.2,11.4,24.1,18063,0.0,1.39,2.4
2008-09-03,16.9,11.4,22.0,11660,6.2,1.36,3.0
2008-09-04,14.3,9.3,19.7,14084,0.2,1.18,2.6
2008-09-05,16.0,10.5,21.2,12808,0.4,1.29,2.2
2008-09-06,18.9,16.5,23.5,7376,15.4,1.84,2.5
2008-09-07,17.5,15.2,20.7,8948,0.0,1.69,2.4
2008-09-08,16.6,12.4,20.7,14100,1.4,1.42,2.4
2008-09-09,17.2,11.6,23.6,18570,0.1,1.39,1.7
2008-09-10,18.3,12.8,24.8,13737,0.0,1.5,1.7
2008-09-11,17.3,11.3,23.7,11690,0.0,1.37,1.8
2008-09-12,14.0,8.7,18.9,11471,0.0,1.12,3.2
2008-09-13,11.0,5.0,16.6,14336,0.0,0.88,3.2
2008-09-14,10.5,6.3,13.5,6692,0.0,0.94,2.6
2008-09-15,11.9,8.1,17.3,10135,0.0,1.07,2.3
2008-09-16,9.6,4.4,13.3,9049,0.0,0.83,1.8
2008-09-17,10.5,7.8,14.9,11551,0.0,1.05,1.5
2008-09-18,11.0,7.1,15.7,6540,0.2,1.01,1.5
2008-09-19,9.8,2.6,15.6,7498,0.0,0.77,1.4
2008-09-20,12.0,9.1,17.0,7308,0.7,1.14,1.7
2008-09-21,12.3,9.5,16.6,8148,2.5,1.17,1.8
2008-09-22,11.6,8.1,15.8,7304,4.4,1.06,1.9
2008-09-23,12.0,11.2,13.1,5828,7.0,1.28,2.0
2008-09-24,12.8,9.1,17.8,11215,0.0,1.15,2.1
2008-09-25,11.4,6.5,17.6,12801,0.0,0.98,2.4
2008-09-26,10.6,6.2,17.4,10773,0.0,0.97,1.8
2008-09-27,10.8,5.1,16.9,9045,0.0,0.9,1.7
2008-09-28,12.2,7.8,17.8,11657,0.1,1.07,1.7
2008-09-29,11.5,9.5,15.3,8727,2.1,1.16,2.0
2008-09-30,10.5,8.7,12.9,6368,8.0,1.08,3.8
2008-10-01,11.2,8.8,15.2,5591,13.8,1.1,5.1
2008-10-02,10.6,6.5,14.2,11775,0.0,0.96,4.2
2008-10-03,8.9,4.3,13.5,7854,0.0,0.83,2.8
2008-10-04,6.8,2.7,11.8,7829,0.0,0.74,3.1
2008-10-05,8.6,4.3,10.9,5006,6.3,0.81,4.1
2008-10-06,11.2,9.3,13.4,4762,0.1,1.14,1.8
2008-10-07,12.3,9.4,16.6,9035,0.0,1.17,1.7
2008-10-08,11.1,7.6,15.3,6519,0.0,1.03,1.8
2008-10-09,11.7,6.8,14.6,4528,0.7,0.98,1.6
2008-10-10,10.4,3.8,16.6,10932,0.0,0.83,1.7
2008-10-11,13.1,8.0,19.3,12409,0.0,1.09,2.1
2008-10-12,11.8,6.8,16.2,4912,0.0,0.99,1.8
2008-10-13,12.6,6.0,20.4,8231,0.6,0.98,1.9
2008-10-14,14.9,11.1,17.4,5797,0.0,1.29,2.0
2008-10-15,12.6,9.7,16.3,4818,3.5,1.18,2.4
2008-10-16,11.0,6.1,14.6,6857,4.4,0.94,3.3
2008-10-17,8.5,5.9,11.4,5598,0.0,0.9,3.2
2008-10-18,8.8,5.3,13.3,7580,0.0,0.88,2.2
2008-10-19,10.8,7.7,13.9,4078,0.0,1.03,2.5
2008-10-20,11.1,6.0,16.5,10428,0.0,0.94,2.9
2008-10-21,12.8,9.4,20.5,7661,1.3,1.19,3.1
2008-10-22,9.4,6.8,11.3,3593,0.0,0.95,2.1
2008-10-23,8.0,4.2,13.1,9860,0.0,0.82,2.3
2008-10-24,7.0,2.1,12.5,9321,0.0,0.71,2.3
2008-10-25,9.7,6.8,11.9,3464,0.0,0.96,1.9
2008-10-26,10.6,4.9,14.2,4180,5.0,0.87,3.3
2008-10-27,9.8,5.7,13.4,3273,3.7,0.91,2.5
2008-10-28,6.4,3.4,9.9,5560,0.4,0.76,1.8
2008-10-29,5.1,2.4,6.9,3153,10.2,0.71,1.5
2008-10-30,3.7,2.5,5.0,3094,13.6,0.71,2.1
2008-10-31,4.8,2.4,7.4,4443,0.0,0.7,1.7
2008-11-01,5.6,3.4,9.3,5941,0.0,0.76,2.1
2008-11-02,5.4,0.8,9.7,2924,0.0,0.65,1.9
2008-11-03,7.3,6.0,8.2,2870,0.1,0.9,2.2
2008-11-04,8.9,8.0,9.9,2817,0.0,1.03,1.5
2008-11-05,9.6,8.7,10.5,2765,0.5,1.08,2.5
2008-11-06,10.8,10.2,11.5,2714,1.4,1.2,1.7
2008-11-07,10.8,9.5,11.7,2664,0.2,1.14,1.7
2008-11-08,8.7,5.8,10.5,2615,0.0,0.9,1.7
2008-11-09,8.9,5.2,12.5,4377,0.8,0.88,3.5
2008-11-10,12.7,7.8,15.3,2575,0.0,1.05,4.5
2008-11-11,11.8,7.5,15.1,2476,0.2,1.02,4.2
2008-11-12,7.5,4.4,11.2,4654,0.0,0.82,2.9
2008-11-13,6.0,1.9,10.6,5946,0.0,0.69,1.8
2008-11-14,6.0,2.4,9.2,2399,0.1,0.71,2.9
2008-11-15,10.1,8.7,11.2,2307,0.3,1.08,3.3
2008-11-16,8.3,5.0,11.1,4137,0.5,0.86,3.6
2008-11-17,3.8,-0.2,6.7,6327,0.0,0.59,2.0
2008-11-18,3.4,-0.6,7.0,2291,3.2,0.58,3.2
2008-11-19,7.0,5.0,9.8,2156,2.4,0.84,4.2
2008-11-20,7.5,3.6,9.6,2122,7.6,0.77,5.7
2008-11-21,1.7,-0.4,4.3,2088,6.6,0.58,4.6
2008-11-22,-0.2,-1.8,1.5,2861,1.1,0.52,4.3
2008-11-23,0.2,-1.9,2.1,3854,0.1,0.52,3.6
2008-11-24,-1.0,-2.1,0.6,2181,0.2,0.51,2.3
2008-11-25,0.5,-0.9,1.9,1966,0.0,0.55,2.2
2008-11-26,2.8,-1.1,5.8,2714,0.3,0.55,2.7
2008-11-27,5.8,3.7,7.7,2997,0.4,0.77,3.1
2008-11-28,2.7,-0.4,5.5,2962,0.1,0.58,2.3
2008-11-29,0.7,-1.2,2.4,1863,0.2,0.54,1.8
2008-11-30,0.1,-1.5,2.3,1840,0.0,0.53,1.9
2008-12-01,1.5,-2.3,3.6,1819,10.3,0.5,2.1
2008-12-02,4.0,2.2,5.8,1798,0.0,0.69,3.3
2008-12-03,1.0,-0.1,3.5,1779,5.1,0.58,2.9
2008-12-04,1.6,-1.4,5.4,1761,1.3,0.54,2.9
2008-12-05,4.1,1.0,5.9,2084,0.0,0.63,2.5
2008-12-06,3.3,0.7,4.9,2066,0.6,0.62,2.1
2008-12-07,4.1,2.4,5.1,1713,0.8,0.7,2.2
2008-12-08,3.9,-0.1,5.1,1700,0.0,0.59,2.5
2008-12-09,0.3,-2.1,2.4,2769,0.1,0.51,2.1
2008-12-10,1.4,0.4,2.1,1676,0.3,0.6,1.5
2008-12-11,1.4,0.0,2.2,1666,6.1,0.58,1.3
2008-12-12,0.6,-0.1,1.3,1657,0.0,0.58,1.6
2008-12-13,2.0,0.0,3.6,1649,0.0,0.59,2.6
2008-12-14,3.5,2.4,4.8,1684,0.0,0.7,2.9
2008-12-15,2.7,1.6,3.2,1637,0.0,0.66,2.1
2008-12-16,2.7,2.2,3.1,1633,0.0,0.69,1.3
2008-12-17,2.8,1.1,3.7,1630,0.0,0.63,1.7
2008-12-18,1.5,-0.9,3.2,1627,0.3,0.55,2.1
2008-12-19,3.0,-0.3,6.6,1667,1.8,0.59,3.0
2008-12-20,5.3,2.1,8.2,1627,0.9,0.69,4.6
2008-12-21,5.7,3.3,9.2,2034,0.4,0.76,3.6
2008-12-22,8.0,5.2,9.3,2444,0.5,0.85,4.4
2008-12-23,4.1,0.5,5.8,1675,0.8,0.61,2.3
2008-12-24,5.7,3.7,6.8,1639,2.0,0.77,2.5
2008-12-25,0.6,-1.7,5.1,3158,0.0,0.53,2.8
2008-12-26,-2.1,-5.4,-0.4,2841,0.0,0.4,3.1
2008-12-27,-0.6,-1.9,0.8,1824,0.0,0.51,2.4
2008-12-28,-2.5,-5.2,-0.6,4106,0.0,0.4,2.5
2008-12-29,-3.6,-5.6,-2.3,1679,0.0,0.39,2.3
2008-12-30,-3.9,-7.0,0.1,4483,0.0,0.36,1.7
2008-12-31,-5.3,-7.5,-1.5,4510,0.0,0.34,1.3
2009-01-01,-2.3,-6.4,-0.6,1704,0.2,0.37,1.6
2009-01-02,-3.3,-9.0,-0.3,2560,1.1,0.31,1.5
2009-01-03,-4.4,-9.2,1.3,1987,1.6,0.31,2.6
2009-01-04,0.5,-0.5,1.9,1749,8.1,0.57,2.6
2009-01-05,-6.8,-15.8,0.0,4641,0.0,0.2,2.5
2009-01-06,-14.1,-17.5,-8.7,4809,0.0,0.16,2.1
2009-01-07,-8.5,-17.6,-2.5,2153,0.3,0.17,2.3
2009-01-08,-9.3,-14.2,-6.0,3229,0.0,0.2,2.1
2009-01-09,-4.8,-9.5,-0.9,1980,0.0,0.3,1.8
2009-01-10,-1.7,-7.4,0.7,1871,0.0,0.35,1.5
2009-01-11,-6.9,-11.0,-2.2,5043,0.0,0.26,2.3
2009-01-12,-4.6,-8.8,-0.1,5097,0.0,0.31,3.0
2009-01-13,0.1,-4.3,3.6,1948,0.0,0.44,2.7
2009-01-14,-3.7,-8.2,1.2,2299,0.5,0.33,1.4
2009-01-15,1.4,0.4,2.5,2005,0.1,0.61,1.3
2009-01-16,-0.1,-1.2,1.1,2035,0.0,0.54,2.2
2009-01-17,-0.3,-2.2,2.9,3639,0.8,0.5,2.4
2009-01-18,2.6,0.0,5.8,4025,2.0,0.6,3.6
2009-01-19,2.4,0.1,4.5,4323,2.8,0.6,3.7
2009-01-20,3.0,-1.5,5.9,2169,0.0,0.54,2.5
2009-01-21,-0.9,-3.0,0.9,2205,0.0,0.47,1.3
2009-01-22,0.0,-4.8,4.0,5813,0.0,0.43,2.8
2009-01-23,0.5,-1.9,4.0,3858,5.0,0.52,4.4
2009-01-24,3.0,1.4,4.6,2528,0.3,0.65,2.7
2009-01-25,2.0,-1.4,5.4,4445,0.0,0.54,1.8
2009-01-26,-0.5,-1.7,0.6,2405,0.0,0.52,1.8
2009-01-27,-0.6,-3.0,0.6,2449,0.0,0.47,1.4
2009-01-28,-3.2,-4.2,-1.8,2494,0.0,0.43,1.6
2009-01-29,-3.7,-5.1,-2.3,2540,0.0,0.4,2.2
2009-01-30,-1.6,-3.2,0.6,2587,0.1,0.46,2.4
2009-01-31,0.1,-2.6,2.1,2915,0.1,0.49,2.9
2009-02-01,-1.8,-4.8,0.3,2685,0.0,0.42,3.9
2009-02-02,0.7,-0.6,2.3,2735,0.0,0.56,4.2
2009-02-03,1.5,0.1,2.8,2787,0.0,0.59,2.2
2009-02-04,0.9,-0.5,3.3,3780,0.5,0.57,1.2
2009-02-05,2.1,-1.0,5.2,4916,0.0,0.55,2.0
2009-02-06,1.9,-0.2,5.8,3552,0.0,0.59,1.8
2009-02-07,1.0,-0.2,2.2,3006,0.0,0.58,1.5
2009-02-08,1.8,-0.2,3.6,3804,0.0,0.58,2.8
2009-02-09,0.9,-1.5,3.8,5059,0.1,0.53,2.5
2009-02-10,2.3,-0.6,5.5,3245,7.5,0.57,4.8
2009-02-11,0.5,-1.5,1.6,3242,0.4,0.52,4.0
2009-02-12,-1.1,-2.6,0.1,3304,0.0,0.49,2.7
2009-02-13,-2.3,-4.8,1.5,8420,0.0,0.42,2.1
2009-02-14,-2.3,-4.9,1.3,5689,0.0,0.42,2.3
2009-02-15,-1.2,-4.6,1.7,3765,4.3,0.43,2.4
2009-02-16,0.3,-0.8,2.0,3562,4.9,0.55,2.3
2009-02-17,-3.4,-7.7,-0.1,8036,0.1,0.34,3.0
2009-02-18,-4.2,-7.8,-1.4,6136,0.0,0.33,1.6
2009-02-19,-1.6,-4.7,1.3,3765,1.5,0.42,2.1
2009-02-20,0.7,-0.6,2.8,3835,1.1,0.57,2.2
2009-02-21,-0.3,-1.9,0.7,3906,3.6,0.51,1.7
2009-02-22,3.0,-0.1,5.4,3977,2.4,0.59,3.4
2009-02-23,2.9,0.6,5.0,4050,0.4,0.62,3.8
2009-02-24,1.4,-0.2,2.9,4123,0.0,0.58,2.0
2009-02-25,3.5,0.4,5.9,4197,2.6,0.62,2.7
2009-02-26,5.7,3.8,7.7,4425,6.6,0.78,4.1
2009-02-27,4.9,2.6,7.5,5275,0.1,0.72,3.5
2009-02-28,4.4,2.2,6.6,4424,1.2,0.69,1.6
2009-03-01,7.0,4.6,11.2,7896,0.0,0.83,1.8
2009-03-02,6.9,4.7,10.6,4579,2.4,0.83,2.1
2009-03-03,5.2,1.6,9.1,5948,0.0,0.67,2.0
2009-03-04,4.4,0.0,8.8,5715,0.0,0.61,3.2
2009-03-05,7.3,2.5,13.0,5805,3.8,0.74,2.6
2009-03-06,4.6,4.0,7.6,4897,3.3,0.79,2.9
2009-03-07,3.8,1.8,4.6,4978,0.1,0.67,2.7
2009-03-08,4.0,0.0,7.5,5059,1.1,0.6,3.2
2009-03-09,4.2,0.1,7.5,9255,1.7,0.6,4.0
2009-03-10,4.9,2.6,8.2,6176,0.8,0.72,3.5
2009-03-11,4.4,1.1,7.0,5656,0.2,0.65,3.1
2009-03-12,4.6,2.9,6.9,6449,7.0,0.73,2.9
2009-03-13,7.0,2.9,10.0,5741,0.3,0.74,2.7
2009-03-14,7.2,1.1,12.3,8882,2.7,0.67,2.0
2009-03-15,7.8,6.5,9.6,5824,1.8,0.93,3.0
2009-03-16,7.0,5.1,10.0,7465,0.4,0.85,1.6
2009-03-17,8.0,4.1,12.1,10980,0.0,0.81,3.1
2009-03-18,5.1,0.7,8.9,11575,0.0,0.63,2.6
2009-03-19,4.6,0.9,9.0,13304,0.0,0.65,2.5
2009-03-20,1.8,-2.2,6.7,13924,0.0,0.52,1.9
2009-03-21,3.9,-2.6,9.5,11785,0.0,0.52,2.0
2009-03-22,6.8,4.2,10.3,6722,1.0,0.81,4.1
2009-03-23,6.2,2.7,7.9,6328,4.6,0.72,5.6
2009-03-24,1.3,-2.7,5.4,9931,1.1,0.5,4.1
2009-03-25,1.4,-3.4,5.7,11226,0.0,0.47,3.2
2009-03-26,5.0,2.2,8.4,6785,1.2,0.7,3.4
2009-03-27,6.7,2.3,10.9,8671,0.4,0.72,3.7
2009-03-28,6.0,1.2,10.5,8067,2.9,0.67,3.0
2009-03-29,5.8,3.5,7.9,7858,0.0,0.76,2.0
2009-03-30,5.9,1.5,11.5,11217,0.0,0.68,1.8
2009-03-31,6.8,-0.4,14.0,18832,0.0,0.62,2.0
2009-04-01,8.1,0.3,15.9,18997,0.0,0.67,2.5
2009-04-02,9.9,3.5,16.4,19784,0.0,0.81,3.1
2009-04-03,13.1,3.1,21.7,19845,0.0,0.84,1.9
2009-04-04,14.7,4.5,22.7,17795,0.0,0.94,2.0
2009-04-05,11.0,7.1,16.0,12003,0.0,1.0,1.7
2009-04-06,11.3,3.8,17.8,18304,0.0,0.84,1.8
2009-04-07,14.7,8.2,22.2,18021,0.0,1.13,2.1
2009-04-08,12.5,8.6,16.8,10068,0.2,1.11,2.4
2009-04-09,13.2,9.7,18.0,14398,0.0,1.19,1.7
2009-04-10,14.5,7.7,21.2,20955,0.0,1.09,2.4
2009-04-11,14.4,8.7,21.0,21217,0.0,1.16,2.3
2009-04-12,12.6,6.5,19.5,21809,0.0,1.0,2.0
2009-04-13,13.1,3.4,21.0,21959,0.0,0.85,1.7
2009-04-14,14.3,5.2,22.6,21217,0.0,0.96,1.5
2009-04-15,15.2,5.8,22.8,21584,0.0,1.0,2.3
2009-04-16,14.4,9.7,20.0,22400,0.0,1.2,3.2
2009-04-17,12.5,7.2,18.8,20058,0.5,1.04,3.3
2009-04-18,10.0,5.4,14.7,12246,0.0,0.9,2.5
2009-04-19,9.2,3.8,16.4,23506,0.0,0.83,2.5
2009-04-20,10.4,0.7,18.4,23988,0.0,0.7,2.1
2009-04-21,11.6,2.1,20.0,24012,0.0,0.78,1.8
2009-04-22,8.8,6.0,13.2,14229,2.1,0.92,2.5
2009-04-23,9.1,3.1,15.6,16061,0.0,0.79,2.0
2009-04-24,11.8,1.3,20.3,24528,0.0,0.75,2.5
2009-04-25,15.1,6.9,23.0,23958,0.0,1.07,2.6
2009-04-26,16.4,10.0,22.9,19634,0.0,1.27,2.1
2009-04-27,18.0,11.4,25.0,21386,0.0,1.4,2.5
2009-04-28,18.3,11.7,24.5,19375,0.0,1.4,2.6
2009-04-29,14.8,8.0,21.3,14040,0.0,1.12,1.8
2009-04-30,16.0,7.4,26.8,20406,0.0,1.14,1.8
2009-05-01,13.4,5.5,22.2,25739,0.0,0.97,1.9
2009-05-02,12.9,1.8,23.4,26448,0.0,0.8,1.7
2009-05-03,14.4,5.5,23.3,17233,2.6,1.0,1.9
2009-05-04,9.7,3.5,14.2,14801,0.3,0.79,2.8
2009-05-05,9.3,3.6,12.6,9829,7.2,0.79,3.1
2009-05-06,11.3,5.7,15.7,16037,1.4,0.92,4.2
2009-05-07,13.2,5.2,19.8,17080,0.0,0.93,2.4
2009-05-08,14.8,7.9,21.6,18731,4.4,1.11,2.8
2009-05-09,13.5,6.3,18.7,23057,14.5,0.98,2.1
2009-05-10,14.8,9.6,19.8,20346,0.0,1.19,1.8
2009-05-11,11.7,6.5,14.7,10067,1.0,0.96,2.2
2009-05-12,10.7,3.8,16.8,26116,0.0,0.83,2.8
2009-05-13,12.1,3.5,18.4,27913,0.0,0.83,2.5
2009-05-14,12.2,6.8,17.5,23709,0.0,1.0,2.9
2009-05-15,13.4,7.7,18.5,12001,2.2,1.07,3.0
2009-05-16,13.4,7.8,18.7,16358,0.1,1.08,2.3
2009-05-17,17.0,8.7,24.2,25653,12.3,1.18,2.3
2009-05-18,16.8,11.4,22.1,18818,0.0,1.36,2.0
2009-05-19,17.3,9.8,24.5,24435,0.2,1.26,1.5
2009-05-20,17.8,11.7,24.2,23015,0.0,1.41,1.6
2009-05-21,16.8,11.1,21.2,16885,6.6,1.32,2.0
2009-05-22,14.0,9.5,19.9,18052,0.1,1.19,2.5
2009-05-23,13.8,8.1,20.1,26170,0.0,1.1,2.1
2009-05-24,17.9,8.6,25.8,24240,0.0,1.2,2.0
2009-05-25,16.7,8.9,25.1,28771,0.0,1.21,1.6
2009-05-26,19.5,13.3,28.0,16750,9.7,1.59,3.2
2009-05-27,14.6,11.2,19.1,19284,0.0,1.31,3.5
2009-05-28,13.9,9.3,18.7,20823,1.9,1.16,3.7
2009-05-29,12.9,7.8,18.5,24984,0.0,1.07,3.1
2009-05-30,14.3,7.9,21.0,12161,8.1,1.1,2.9
2009-05-31,17.3,10.2,24.5,17068,1.2,1.3,2.4
2009-06-01,17.1,10.6,24.5,23356,3.2,1.33,2.2
2009-06-02,18.9,10.6,26.9,26020,0.0,1.37,2.9
2009-06-03,11.8,9.4,16.4,13657,1.9,1.16,3.9
2009-06-04,10.3,5.9,15.0,17693,2.1,0.92,3.1
2009-06-05,10.6,3.5,16.0,23361,0.0,0.81,2.2
2009-06-06,10.9,2.2,17.4,18498,8.9,0.76,2.4
2009-06-07,11.0,9.5,13.4,12122,1.8,1.14,2.4
2009-06-08,14.1,7.5,19.7,21179,0.0,1.07,2.3
2009-06-09,15.4,11.5,19.1,14295,0.8,1.34,2.3
2009-06-10,17.4,12.5,21.9,24861,0.0,1.45,2.8
2009-06-11,13.5,8.9,19.1,11689,6.9,1.14,4.0
2009-06-12,11.9,8.1,15.9,20749,1.0,1.07,4.2
2009-06-13,13.9,9.0,19.2,29182,0.0,1.15,2.9
2009-06-14,15.9,7.4,22.2,22534,0.0,1.07,1.9
2009-06-15,16.2,12.6,21.2,16259,12.5,1.45,2.0
2009-06-16,14.4,10.7,18.6,23934,0.0,1.27,2.5
2009-06-17,14.1,7.3,20.6,26958,0.0,1.05,1.7
2009-06-18,17.8,11.5,23.7,15899,0.3,1.39,2.6
2009-06-19,15.3,10.5,20.9,15650,0.1,1.27,2.7
2009-06-20,14.2,9.2,20.4,23947,2.8,1.17,2.3
2009-06-21,14.3,11.2,19.0,17913,1.7,1.31,1.8
2009-06-22,15.7,11.1,22.5,18790,2.0,1.34,2.3
2009-06-23,17.0,10.2,22.8,23309,0.0,1.27,3.1
2009-06-24,18.8,12.1,25.5,28703,0.1,1.45,3.0
2009-06-25,16.4,13.6,19.6,12114,14.1,1.52,2.4
2009-06-26,19.3,17.2,21.5,12859,0.1,1.9,2.5
2009-06-27,18.6,13.7,22.9,13979,0.1,1.57,2.3
2009-06-28,17.2,13.1,22.3,13967,0.0,1.49,1.8
2009-06-29,19.5,15.4,25.1,14455,0.0,1.75,1.4
2009-06-30,21.9,17.2,27.8,17198,0.2,1.97,1.4
2009-07-01,21.2,16.6,27.0,15676,2.7,1.88,1.5
2009-07-02,23.0,16.5,29.7,26934,1.3,1.94,1.6
2009-07-03,22.8,15.5,28.9,26908,0.0,1.81,1.6
2009-07-04,22.4,17.3,28.1,22624,0.0,1.99,2.1
2009-07-05,19.8,15.6,24.9,16841,0.0,1.77,1.7
2009-07-06,19.9,13.9,27.1,20315,0.0,1.63,1.9
2009-07-07,19.5,14.6,26.3,22909,0.0,1.68,2.6
2009-07-08,16.9,14.5,22.1,18130,3.5,1.62,3.4
2009-07-09,15.3,12.7,20.2,15602,0.9,1.44,3.3
2009-07-10,14.4,11.2,18.5,18562,5.4,1.31,3.6
2009-07-11,14.7,10.8,19.9,17155,0.0,1.28,2.7
2009-07-12,16.9,9.1,23.5,18114,3.4,1.22,2.0
2009-07-13,19.8,14.1,25.2,21308,0.0,1.61,1.9
2009-07-14,20.9,13.3,28.3,17288,0.1,1.61,1.7
2009-07-15,23.1,17.7,29.7,18115,0.3,2.04,2.1
2009-07-16,22.6,15.5,28.4,23277,0.0,1.8,1.6
2009-07-17,22.7,14.4,31.4,20500,23.7,1.75,2.4
2009-07-18,17.7,14.5,20.4,11048,0.3,1.62,3.1
2009-07-19,17.3,13.4,22.2,18296,2.5,1.52,2.9
2009-07-20,16.3,12.1,21.9,20588,5.3,1.41,3.1
2009-07-21,19.4,11.9,25.7,20777,1.5,1.43,2.0
2009-07-22,22.0,17.1,26.5,17642,0.2,1.95,2.3
2009-07-23,22.8,16.5,29.2,17216,0.2,1.93,2.5
2009-07-24,18.1,12.9,23.7,15932,14.4,1.5,2.7
2009-07-25,15.5,12.5,19.7,14404,5.4,1.42,3.3
2009-07-26,16.8,11.2,22.6,18261,0.0,1.34,2.0
2009-07-27,21.8,14.6,28.5,26497,0.0,1.72,2.3
2009-07-28,19.4,13.0,23.9,18373,0.0,1.52,2.2
2009-07-29,20.7,11.8,27.6,24872,0.0,1.47,1.9
2009-07-30,20.5,14.9,26.0,21025,0.1,1.72,3.4
2009-07-31,17.0,10.4,23.4,26883,0.0,1.3,1.9
2009-08-01,19.6,9.0,27.1,21230,0.1,1.25,1.8
2009-08-02,23.6,16.5,31.7,21147,2.5,1.97,2.2
2009-08-03,17.7,13.1,20.3,11074,0.9,1.48,1.8
2009-08-04,18.5,11.2,25.0,25539,0.0,1.37,1.5
2009-08-05,19.5,12.2,27.0,20169,0.0,1.5,1.6
2009-08-06,19.6,11.6,27.2,21036,0.0,1.44,2.0
2009-08-07,22.8,14.3,29.3,23326,0.0,1.71,2.1
2009-08-08,23.6,16.8,29.2,23819,0.0,1.94,1.8
2009-08-09,22.3,14.7,28.0,22766,0.0,1.72,1.5
2009-08-10,22.3,16.1,29.0,18644,5.0,1.87,1.6
2009-08-11,18.7,16.2,22.9,10892,4.3,1.81,2.4
2009-08-12,18.8,15.2,23.7,14577,3.0,1.7,2.7
2009-08-13,17.9,13.2,23.6,19642,0.0,1.53,2.5
2009-08-14,16.0,10.7,21.9,19771,0.0,1.31,1.7
2009-08-15,20.3,11.1,28.2,21990,0.0,1.42,2.1
2009-08-16,23.7,15.7,32.2,23959,0.2,1.88,2.3
2009-08-17,21.0,14.7,27.9,21177,0.0,1.71,2.4
2009-08-18,17.9,12.2,24.6,17378,0.0,1.44,2.1
2009-08-19,19.8,9.0,28.3,24147,0.0,1.27,1.7
2009-08-20,24.7,16.6,33.3,24012,0.0,2.0,2.5
2009-08-21,19.9,14.6,24.0,9323,7.7,1.65,2.0
2009-08-22,17.3,12.0,23.1,19773,0.0,1.42,1.7
2009-08-23,17.6,9.2,25.0,22016,0.0,1.23,2.0
2009-08-24,19.8,12.6,26.0,23226,0.0,1.49,2.5
2009-08-25,21.7,14.3,30.5,18947,0.0,1.74,1.8
2009-08-26,20.8,14.0,26.3,20043,0.0,1.63,1.7
2009-08-27,22.0,12.5,29.9,18026,0.0,1.56,1.9
2009-08-28,22.0,15.8,29.2,13162,0.1,1.84,3.0
2009-08-29,16.0,11.5,21.0,14372,0.9,1.35,3.0
2009-08-30,15.1,9.5,21.6,15240,0.0,1.21,2.4
2009-08-31,17.8,8.6,26.5,19243,0.0,1.21,2.0
2009-09-01,22.9,12.9,33.3,20179,8.0,1.65,2.6
2009-09-02,19.3,16.2,23.6,17239,1.1,1.81,2.2
2009-09-03,17.4,14.7,21.5,11554,8.4,1.63,3.8
2009-09-04,16.6,13.0,21.4,14313,2.8,1.48,4.0
2009-09-05,14.4,11.3,18.8,12502,2.8,1.32,4.1
2009-09-06,14.6,11.9,18.8,8824,0.0,1.37,2.5
2009-09-07,15.2,9.4,21.1,9147,0.1,1.2,1.7
2009-09-08,18.5,9.6,26.6,19924,0.0,1.29,1.7
2009-09-09,18.9,11.7,27.4,19656,0.0,1.46,1.9
2009-09-10,16.3,12.1,20.6,9676,0.0,1.4,2.4
2009-09-11,15.6,11.0,22.5,12417,0.0,1.33,2.4
2009-09-12,14.9,8.0,21.4,14917,0.2,1.1,2.2
2009-09-13,12.4,10.2,16.8,8166,6.8,1.22,2.7
2009-09-14,15.0,11.6,19.5,9861,0.0,1.34,2.7
2009-09-15,16.1,12.7,19.7,8766,0.0,1.45,2.6
2009-09-16,16.2,10.7,22.9,13859,0.0,1.31,2.6
2009-09-17,13.2,7.9,19.6,16346,0.0,1.09,2.1
2009-09-18,13.5,5.8,21.1,17054,0.0,0.98,1.8
2009-09-19,15.8,9.0,23.4,17269,0.0,1.21,1.6
2009-09-20,16.2,6.9,26.0,16717,0.0,1.11,1.3
2009-09-21,15.9,9.4,21.8,11551,0.0,1.21,1.6
2009-09-22,16.6,7.1,24.1,14321,0.0,1.08,2.1
2009-09-23,16.6,13.5,20.4,10365,0.0,1.52,2.3
2009-09-24,14.6,10.4,19.9,12818,0.0,1.25,1.9
2009-09-25,13.1,8.4,19.7,10577,0.0,1.12,1.7
2009-09-26,12.5,6.3,19.9,11174,0.0,1.0,1.5
2009-09-27,13.4,3.5,23.2,15252,0.0,0.89,1.3
2009-09-28,14.0,8.6,18.0,6647,0.0,1.11,2.4
2009-09-29,13.5,7.7,16.3,5850,3.7,1.05,2.7
2009-09-30,10.0,4.6,14.8,13783,0.4,0.85,1.8
2009-10-01,12.1,7.4,14.7,7577,12.0,1.01,3.1
2009-10-02,8.5,5.4,11.7,5249,2.0,0.87,2.4
2009-10-03,10.9,4.8,14.8,5252,0.9,0.86,3.9
2009-10-04,12.7,8.1,16.7,8609,0.0,1.07,4.6
2009-10-05,10.2,5.8,14.9,10404,0.6,0.92,2.0
2009-10-06,11.8,9.2,14.5,5170,5.5,1.13,2.4
2009-10-07,18.5,14.1,22.7,8344,9.1,1.59,2.7
2009-10-08,11.3,7.8,15.8,6295,11.0,1.04,2.6
2009-10-09,8.3,4.6,12.7,12420,0.0,0.83,2.0
2009-10-10,8.1,4.1,12.6,4844,9.0,0.81,2.3
2009-10-11,9.4,8.2,11.0,4608,7.2,1.04,2.7
2009-10-12,7.8,3.7,9.9,6152,3.3,0.78,3.6
2009-10-13,4.8,1.6,9.6,8121,0.8,0.68,2.7
2009-10-14,4.4,1.1,8.1,9516,0.0,0.65,2.9
2009-10-15,4.3,3.6,5.4,4152,3.7,0.76,3.0
2009-10-16,3.9,2.3,5.3,4227,6.1,0.69,3.8
2009-10-17,6.1,4.4,8.6,4957,1.5,0.81,2.8
2009-10-18,6.0,2.9,9.3,5887,0.1,0.74,1.6
2009-10-19,5.0,-0.2,11.2,10223,0.0,0.62,1.8
2009-10-20,4.7,0.3,9.4,8315,0.0,0.62,2.5
2009-10-21,6.4,4.8,8.5,3867,0.0,0.83,3.0
2009-10-22,6.3,3.9,8.2,3660,7.0,0.79,2.4
2009-10-23,6.2,5.2,7.1,3593,0.3,0.85,1.3
2009-10-24,7.4,5.5,9.8,3527,1.5,0.88,1.8
2009-10-25,10.3,7.2,15.4,4394,0.4,1.01,2.3
2009-10-26,10.2,7.6,13.2,4451,1.8,1.01,2.8
2009-10-27,10.9,9.3,12.6,3595,0.2,1.13,1.8
2009-10-28,10.1,8.8,11.7,3273,3.3,1.09,1.2
2009-10-29,7.8,2.0,10.2,3213,0.1,0.7,1.4
2009-10-30,3.6,-0.9,8.7,6224,0.0,0.58,2.1
2009-10-31,2.5,-1.8,6.8,7924,0.0,0.53,2.0
2009-11-01,2.2,-1.2,6.6,6646,1.3,0.55,2.8
2009-11-02,4.5,2.1,6.6,2980,20.4,0.69,2.5
2009-11-03,4.4,3.6,5.4,2924,0.6,0.76,2.5
2009-11-04,3.0,0.4,6.8,2870,7.9,0.61,3.5
2009-11-05,7.6,5.3,11.0,3574,0.0,0.87,2.8
2009-11-06,7.6,3.6,11.1,3455,0.0,0.78,2.4
2009-11-07,5.6,2.5,10.5,6580,0.0,0.72,2.6
2009-11-08,4.0,1.3,6.4,2664,0.7,0.65,1.9
2009-11-09,5.1,4.3,6.2,2615,3.7,0.8,2.6
2009-11-10,5.8,4.5,7.5,2567,0.1,0.81,1.8
2009-11-11,5.3,3.7,6.7,2521,0.2,0.76,1.7
2009-11-12,6.9,5.4,9.7,4350,0.2,0.87,2.0
2009-11-13,8.1,5.7,10.6,2908,0.7,0.89,2.6
2009-11-14,11.1,8.4,13.8,3226,0.0,1.07,3.0
2009-11-15,10.2,8.5,13.4,4984,0.4,1.07,2.6
2009-11-16,8.1,4.4,11.7,2358,0.3,0.82,2.2
2009-11-17,10.4,8.8,12.2,2267,2.8,1.1,2.6
2009-11-18,9.6,6.0,12.6,3678,1.7,0.92,4.6
2009-11-19,10.7,6.3,13.6,4664,0.0,0.94,3.4
2009-11-20,9.2,3.6,14.7,5188,0.0,0.8,2.8
2009-11-21,11.4,8.0,14.4,3912,0.0,1.04,2.0
2009-11-22,10.4,8.6,14.1,2088,0.0,1.09,3.4
2009-11-23,9.8,8.3,11.4,2577,10.3,1.05,5.7
2009-11-24,10.1,8.5,12.1,2353,1.9,1.07,4.9
2009-11-25,12.3,10.5,14.3,2924,0.2,1.23,4.1
2009-11-26,9.6,7.1,11.7,3485,0.0,0.98,4.4
2009-11-27,8.1,6.1,10.1,2030,1.2,0.91,4.3
2009-11-28,7.5,5.7,9.7,3494,1.6,0.89,4.1
2009-11-29,8.9,5.4,11.9,2290,0.1,0.88,3.1
2009-11-30,5.0,2.7,6.5,1908,10.0,0.72,1.8
2009-12-01,5.0,-0.5,6.7,1840,3.7,0.58,2.1
2009-12-02,0.3,-1.4,2.4,1863,0.0,0.53,2.1
2009-12-03,3.3,0.6,5.4,2753,0.0,0.62,3.0
2009-12-04,1.5,0.4,3.2,1779,0.8,0.61,2.1
2009-12-05,2.2,-0.4,4.0,2574,2.6,0.58,2.9
2009-12-06,5.8,2.6,9.1,1744,6.3,0.72,2.9
2009-12-07,6.3,0.8,9.5,3714,0.1,0.64,2.3
2009-12-08,4.2,1.1,5.7,1713,1.8,0.64,2.7
2009-12-09,4.9,2.0,6.0,1700,0.1,0.68,1.9
2009-12-10,3.3,0.3,5.2,1687,9.7,0.6,2.8
2009-12-11,3.5,1.7,4.9,2173,0.1,0.67,3.0
2009-12-12,2.2,-0.6,3.8,1666,1.1,0.57,2.5
2009-12-13,-1.4,-2.5,-0.2,1657,0.0,0.49,2.4
2009-12-14,-0.7,-2.1,0.1,1649,0.0,0.5,2.2
2009-12-15,-0.3,-1.3,0.2,1643,0.0,0.53,2.1
2009-12-16,-1.4,-3.5,0.1,2412,0.0,0.46,1.9
2009-12-17,-2.9,-4.6,-1.3,1918,0.2,0.42,1.9
2009-12-18,-10.5,-14.4,-3.9,1995,0.9,0.2,2.5
2009-12-19,-13.9,-16.5,-12.2,3414,0.1,0.16,1.8
2009-12-20,-11.5,-15.5,-6.7,3372,2.0,0.18,3.2
2009-12-21,-2.7,-7.1,0.0,1627,0.2,0.35,2.7
2009-12-22,0.1,-3.7,5.1,1628,4.9,0.46,3.1
2009-12-23,0.2,-3.0,2.0,2484,0.1,0.48,2.2
2009-12-24,0.4,-0.8,1.3,1634,3.8,0.56,2.4
2009-12-25,3.1,0.5,6.6,1639,1.4,0.62,4.4
2009-12-26,3.9,1.1,6.8,2626,0.0,0.64,3.8
2009-12-27,1.4,-0.7,3.5,3374,0.5,0.56,3.0
2009-12-28,1.9,-0.3,3.7,1948,2.1,0.58,2.7
2009-12-29,-0.8,-2.0,0.4,1669,2.1,0.51,2.2
2009-12-30,-1.1,-1.9,-0.6,1679,9.9,0.51,3.0
2009-12-31,-1.0,-2.5,-0.5,1691,5.7,0.49,2.7
2010-01-01,-1.5,-2.4,-0.8,1704,1.7,0.49,2.4
2010-01-02,-2.7,-5.7,-1.1,1718,1.2,0.39,2.5
2010-01-03,-4.9,-7.7,-3.1,3300,0.0,0.33,2.0
2010-01-04,-6.2,-7.0,-5.3,1749,0.0,0.35,2.0
2010-01-05,-7.0,-13.9,-4.8,1938,0.0,0.21,2.1
2010-01-06,-9.1,-14.5,-7.1,1785,0.0,0.19,1.4
2010-01-07,-6.7,-9.6,-3.6,1805,0.3,0.29,1.4
2010-01-08,-6.3,-11.0,-2.2,1825,0.9,0.26,3.0
2010-01-09,-2.4,-3.0,-1.8,1848,7.2,0.47,4.5
2010-01-10,-3.1,-4.5,-2.0,1871,2.3,0.42,3.2
2010-01-11,-3.9,-5.0,-3.1,1895,0.0,0.4,2.1
2010-01-12,-3.5,-4.5,-2.5,1921,0.0,0.42,2.0
2010-01-13,-2.5,-3.6,-1.5,1948,0.0,0.45,3.3
2010-01-14,-2.4,-4.0,-1.1,1976,0.0,0.44,2.7
2010-01-15,-3.0,-4.8,-1.6,2005,0.0,0.41,1.9
2010-01-16,-2.1,-3.5,-1.3,2035,0.0,0.45,3.2
2010-01-17,-1.7,-3.7,0.8,2067,2.8,0.45,3.0
2010-01-18,-0.5,-2.0,0.2,2100,1.9,0.5,2.0
2010-01-19,0.7,-0.1,1.6,2134,1.3,0.58,1.6
2010-01-20,-2.8,-7.5,0.3,2169,0.2,0.35,2.3
2010-01-21,-7.7,-10.4,-6.1,2205,0.0,0.27,2.1
2010-01-22,-7.3,-11.6,-5.6,2243,0.0,0.25,2.3
2010-01-23,-10.2,-13.1,-8.3,4215,0.0,0.22,2.6
2010-01-24,-11.7,-14.8,-8.8,2322,0.0,0.19,2.7
2010-01-25,-10.4,-12.0,-7.9,4705,0.0,0.24,2.2
2010-01-26,-14.2,-18.2,-10.1,6303,0.0,0.15,1.9
2010-01-27,-10.0,-19.2,-0.6,2556,4.0,0.16,2.9
2010-01-28,0.8,-0.8,2.3,2763,2.0,0.56,4.7
2010-01-29,0.2,-0.8,1.0,2540,4.8,0.55,3.6
2010-01-30,-2.8,-7.6,0.8,2587,0.2,0.34,3.4
2010-01-31,-4.0,-10.2,0.4,4033,0.2,0.29,2.9
2010-02-01,-0.5,-2.5,1.2,4949,0.6,0.49,3.4
2010-02-02,-2.0,-7.7,1.5,2793,5.4,0.34,4.7
2010-02-03,1.1,-1.0,3.3,5282,0.1,0.55,4.0
2010-02-04,-0.2,-3.4,1.9,2840,0.8,0.46,2.1
2010-02-05,0.6,-1.4,3.1,6046,0.0,0.53,2.7
2010-02-06,-1.1,-6.6,0.6,2950,0.0,0.37,2.1
2010-02-07,-5.4,-7.0,-4.0,4103,0.1,0.35,2.0
2010-02-08,-4.5,-5.4,-3.0,3063,0.1,0.39,2.3
2010-02-09,-4.6,-6.0,-3.1,4059,0.1,0.38,2.1
2010-02-10,-5.9,-7.3,-4.2,3182,0.6,0.34,2.3
2010-02-11,-3.0,-5.3,-0.7,3242,3.9,0.4,3.4
2010-02-12,-1.3,-2.9,0.1,3304,2.3,0.48,2.9
2010-02-13,-2.7,-4.0,-1.4,3433,0.3,0.44,2.0
2010-02-14,-3.4,-5.7,1.9,6287,0.0,0.4,1.1
2010-02-15,-3.2,-4.7,-1.1,5714,0.0,0.42,1.5
2010-02-16,-2.2,-3.6,-0.3,3834,0.0,0.45,2.1
2010-02-17,-3.0,-6.2,0.2,8931,0.0,0.38,2.3
2010-02-18,0.8,-2.9,4.0,3697,0.0,0.48,2.2
2010-02-19,1.2,-2.3,4.5,4118,1.2,0.51,2.4
2010-02-20,1.9,-0.8,4.9,9186,0.0,0.56,3.4
2010-02-21,-0.7,-6.4,3.8,6937,0.0,0.38,2.5
2010-02-22,1.3,-3.1,5.4,5073,2.2,0.48,2.7
2010-02-23,2.4,-1.0,6.8,4050,0.4,0.56,2.9
2010-02-24,0.1,-1.2,1.5,4123,1.3,0.54,2.5
2010-02-25,4.3,0.4,9.1,7446,0.0,0.62,3.1
2010-02-26,5.2,3.0,8.0,4425,0.2,0.73,3.6
2010-02-27,5.7,3.2,9.2,5661,0.1,0.75,3.6
2010-02-28,6.2,2.6,13.1,4736,4.0,0.74,4.6
2010-03-01,4.1,1.4,6.4,5764,0.8,0.65,5.0
2010-03-02,2.4,0.6,6.0,6015,0.4,0.62,2.8
2010-03-03,1.5,-1.7,5.4,7399,0.4,0.53,2.8
2010-03-04,-1.0,-3.0,2.7,8974,1.1,0.47,2.8
2010-03-05,-1.8,-4.5,0.9,10827,0.0,0.42,2.8
2010-03-06,-1.9,-4.9,1.4,11219,0.0,0.41,3.7
2010-03-07,-1.4,-6.5,3.3,11196,0.0,0.38,2.6
2010-03-08,-0.4,-4.1,2.2,6163,0.0,0.44,2.0
2010-03-09,-1.9,-6.6,3.7,10884,0.0,0.38,2.7
2010-03-10,-1.5,-5.2,4.6,10936,0.0,0.42,3.2
2010-03-11,-2.8,-4.6,-0.8,5307,0.6,0.42,2.3
2010-03-12,2.3,-1.5,6.0,5390,2.0,0.54,2.7
2010-03-13,3.6,1.6,6.6,5830,1.9,0.66,3.9
2010-03-14,3.6,-1.9,7.7,5738,8.1,0.53,4.6
2010-03-15,0.7,-1.9,4.4,7093,2.6,0.52,3.7
2010-03-16,2.1,-0.1,4.9,6642,0.0,0.59,3.0
2010-03-17,5.9,0.6,11.1,6274,0.0,0.65,2.5
2010-03-18,9.8,4.7,15.8,15018,0.0,0.86,2.2
2010-03-19,11.2,5.0,15.6,7204,0.0,0.89,2.9
2010-03-20,12.6,10.5,16.4,6448,2.4,1.24,3.2
2010-03-21,10.6,4.9,14.2,7491,2.6,0.87,3.4
2010-03-22,8.0,3.3,13.1,17014,0.0,0.78,1.7
2010-03-23,9.1,2.9,13.7,13695,0.0,0.77,2.1
2010-03-24,8.9,0.0,16.0,11494,0.0,0.66,2.3
2010-03-25,12.7,5.8,20.7,17822,0.0,0.98,2.2
2010-03-26,14.1,6.6,22.0,11744,11.5,1.03,2.9
2010-03-27,8.3,5.2,12.6,6972,2.6,0.87,3.4
2010-03-28,8.3,5.2,11.6,8872,1.4,0.87,3.5
2010-03-29,7.6,4.0,11.0,6845,0.2,0.8,2.5
2010-03-30,9.8,1.9,17.2,10707,4.3,0.75,3.0
2010-03-31,9.6,5.5,13.4,8763,0.0,0.89,3.7
2010-04-01,6.9,1.9,10.9,14756,0.0,0.7,3.6
2010-04-02,6.0,-0.2,12.1,18535,0.0,0.62,2.4
2010-04-03,8.0,1.4,14.3,13873,0.3,0.7,2.8
2010-04-04,10.1,6.1,13.9,9677,0.6,0.92,3.0
2010-04-05,6.7,2.5,9.3,8927,0.2,0.71,2.7
2010-04-06,8.4,2.8,14.1,17877,0.0,0.77,2.1
2010-04-07,10.1,4.3,16.2,20490,0.0,0.86,2.5
2010-04-08,11.5,4.7,19.7,17840,0.0,0.9,2.1
2010-04-09,8.5,3.4,13.0,10382,0.0,0.79,2.6
2010-04-10,7.8,3.9,13.2,14517,0.5,0.8,2.7
2010-04-11,6.1,3.6,9.0,8161,0.1,0.77,3.0
2010-04-12,8.4,3.2,15.5,16846,0.0,0.78,3.0
2010-04-13,7.7,1.3,15.1,16972,0.0,0.7,2.3
2010-04-14,7.4,2.6,13.1,13309,0.2,0.74,2.6
2010-04-15,8.2,2.8,14.2,8601,0.5,0.76,2.2
2010-04-16,7.3,2.1,14.1,16328,0.0,0.73,2.9
2010-04-17,8.7,1.3,16.2,22656,0.0,0.72,2.4
2010-04-18,11.6,1.6,20.3,23024,0.0,0.77,1.9
2010-04-19,8.5,1.3,14.0,19632,0.0,0.69,2.1
2010-04-20,7.6,-1.5,16.3,18839,0.9,0.61,2.9
2010-04-21,5.5,2.2,9.4,14706,0.5,0.7,3.6
2010-04-22,6.1,1.8,11.5,13537,0.0,0.7,2.4
2010-04-23,6.6,-1.0,14.3,24165,0.0,0.6,2.0
2010-04-24,9.3,-0.5,16.3,18253,0.0,0.65,1.7
2010-04-25,13.9,5.0,21.3,23374,0.0,0.94,2.3
2010-04-26,12.4,9.1,17.6,13197,3.8,1.14,2.6
2010-04-27,11.7,7.3,15.8,12813,0.0,1.01,2.3
2010-04-28,13.4,5.6,20.7,23263,0.0,0.96,1.6
2010-04-29,17.2,10.1,24.5,17113,0.0,1.29,2.1
2010-04-30,17.6,10.9,23.0,15308,0.1,1.34,3.3
2010-05-01,13.3,8.6,19.1,16226,0.0,1.13,2.3
2010-05-02,11.3,6.5,15.0,9992,6.7,0.96,1.8
2010-05-03,8.9,6.6,11.5,9580,7.7,0.94,2.1
2010-05-04,7.7,1.9,12.0,10244,0.0,0.7,3.0
2010-05-05,7.6,0.2,14.5,26418,1.1,0.66,3.3
2010-05-06,7.1,5.7,8.8,9771,12.1,0.88,3.4
2010-05-07,9.0,6.8,12.0,9832,0.1,0.96,2.4
2010-05-08,9.5,5.6,13.0,12435,0.0,0.89,1.5
2010-05-09,11.1,5.3,16.4,14077,3.0,0.91,1.4
2010-05-10,9.2,6.7,12.1,10740,0.9,0.96,1.8
2010-05-11,9.8,6.4,12.3,11042,1.1,0.93,2.3
2010-05-12,11.8,6.5,17.4,10855,0.0,0.98,2.7
2010-05-13,8.9,5.7,11.1,10177,0.0,0.89,2.0
2010-05-14,9.2,8.0,11.4,10231,10.1,1.04,1.9
2010-05-15,7.5,5.8,9.3,10283,9.7,0.89,2.9
2010-05-16,11.1,6.5,16.2,18080,0.0,0.97,3.6
2010-05-17,11.4,4.5,17.0,22451,0.0,0.86,2.7
2010-05-18,10.2,7.6,13.2,10679,13.9,1.01,3.3
2010-05-19,11.7,8.2,15.3,10479,12.5,1.07,3.2
2010-05-20,14.3,11.3,18.1,11762,0.0,1.32,2.3
2010-05-21,15.2,9.7,21.5,23695,0.0,1.22,2.1
2010-05-22,13.8,10.0,16.6,15944,0.0,1.2,2.0
2010-05-23,17.3,13.7,22.6,17358,0.0,1.55,2.3
2010-05-24,14.9,10.0,20.1,15915,8.7,1.24,2.8
2010-05-25,11.5,6.3,16.1,21308,0.0,0.96,3.0
2010-05-26,10.6,4.3,15.9,22103,2.5,0.84,2.0
2010-05-27,11.6,7.1,16.0,12804,1.1,1.0,1.9
2010-05-28,12.8,6.6,18.1,14961,0.4,0.99,2.1
2010-05-29,13.5,5.1,19.7,26482,1.2,0.92,1.8
2010-05-30,14.3,11.4,18.8,13910,8.4,1.32,3.0
2010-05-31,11.1,9.5,13.5,10942,19.7,1.15,3.3
2010-06-01,10.5,9.3,12.0,10972,2.1,1.13,2.7
2010-06-02,13.3,10.0,17.2,11876,0.0,1.21,2.9
2010-06-03,16.5,10.0,22.8,29813,0.0,1.26,2.8
2010-06-04,15.6,8.7,21.6,30098,0.0,1.17,1.9
2010-06-05,18.4,9.4,26.9,29254,0.0,1.28,1.4
2010-06-06,20.9,11.7,27.7,28280,3.1,1.45,1.7
2010-06-07,18.2,11.7,22.0,17016,0.0,1.39,3.0
2010-06-08,18.7,10.4,25.2,26451,1.3,1.32,1.9
2010-06-09,22.0,15.1,27.7,22079,0.9,1.76,1.8
2010-06-10,23.5,18.5,28.6,19210,0.0,2.12,1.9
2010-06-11,22.9,16.7,26.7,25005,0.1,1.89,3.0
2010-06-12,15.6,10.8,18.1,12582,0.3,1.28,2.8
2010-06-13,13.1,9.1,17.8,12594,0.0,1.15,2.2
2010-06-14,15.2,10.0,20.5,23413,0.0,1.24,1.6
2010-06-15,14.9,8.0,19.7,21412,0.0,1.09,2.7
2010-06-16,15.8,7.1,22.4,29968,0.0,1.06,3.1
2010-06-17,18.1,8.8,24.7,30729,0.0,1.21,2.4
2010-06-18,15.9,9.7,23.6,25328,0.0,1.26,3.0
2010-06-19,12.5,9.6,17.4,14770,0.0,1.18,2.9
2010-06-20,13.2,8.0,19.2,16154,0.1,1.09,2.2
2010-06-21,14.4,8.6,20.5,17661,0.3,1.15,1.9
2010-06-22,15.4,7.1,22.0,24319,0.0,1.06,1.6
2010-06-23,16.5,8.8,23.3,19162,0.0,1.18,1.4
2010-06-24,19.3,10.0,25.7,28578,0.0,1.29,1.4
2010-06-25,20.1,11.6,26.3,24297,0.1,1.44,1.8
2010-06-26,18.5,12.1,24.3,29058,0.0,1.45,1.8
2010-06-27,18.9,9.7,26.4,30424,0.0,1.3,1.6
2010-06-28,21.9,13.8,29.9,30532,0.0,1.68,1.5
2010-06-29,23.4,13.0,32.1,28882,0.0,1.63,1.5
2010-06-30,21.5,16.8,26.7,27106,0.2,1.92,1.8
2010-07-01,21.7,16.2,27.3,22571,0.0,1.86,1.5
2010-07-02,25.2,16.8,32.6,27184,0.0,2.02,1.6
2010-07-03,26.5,18.1,33.0,29788,0.0,2.17,1.9
2010-07-04,24.7,17.8,29.4,22248,0.2,2.06,2.0
2010-07-05,23.0,18.8,28.5,21970,0.1,2.15,2.1
2010-07-06,18.1,12.9,22.5,18690,0.0,1.47,2.6
2010-07-07,17.8,11.5,24.2,27782,0.0,1.4,1.6
2010-07-08,23.1,14.6,30.4,27370,0.0,1.74,1.6
2010-07-09,26.4,16.8,34.4,29826,0.0,2.06,1.6
2010-07-10,28.4,17.9,36.4,26791,0.0,2.23,1.6
2010-07-11,28.0,20.8,37.5,23384,0.8,2.58,1.9
2010-07-12,28.8,20.5,37.8,26205,2.8,2.56,2.2
2010-07-13,22.9,17.7,28.2,19691,0.1,2.02,1.9
2010-07-14,26.2,15.6,33.6,25364,0.1,1.92,2.3
2010-07-15,24.5,17.6,29.5,20721,0.0,2.06,2.8
2010-07-16,25.9,15.2,34.6,28360,0.0,1.88,2.0
2010-07-17,22.7,17.8,29.4,18643,0.2,2.06,2.3
2010-07-18,18.8,12.5,24.4,16367,0.0,1.46,1.9
2010-07-19,20.4,10.2,27.7,26944,0.0,1.34,1.7
2010-07-20,22.5,11.3,30.1,27004,0.0,1.46,1.9
2010-07-21,25.8,16.0,33.8,27678,0.0,1.95,2.0
2010-07-22,23.9,18.2,30.6,18749,19.7,2.14,2.0
2010-07-23,19.9,15.3,24.2,15988,0.2,1.74,1.8
2010-07-24,18.8,15.2,21.1,10779,0.0,1.69,3.4
2010-07-25,18.0,13.3,23.3,21019,0.0,1.54,2.6
2010-07-26,18.1,11.4,24.7,20706,0.0,1.38,1.6
2010-07-27,20.4,13.7,26.8,21370,0.0,1.6,1.7
2010-07-28,18.6,13.7,26.0,18251,1.7,1.6,2.4
2010-07-29,17.7,11.6,24.3,21345,0.0,1.41,2.5
2010-07-30,18.0,12.4,23.7,19326,0.0,1.46,2.3
2010-07-31,20.7,12.3,27.8,23370,0.0,1.5,2.0
2010-08-01,23.1,18.1,30.2,16515,0.1,2.1,1.9
2010-08-02,21.0,16.5,26.9,16081,1.7,1.87,1.5
2010-08-03,17.3,14.2,20.4,9991,3.3,1.59,2.0
2010-08-04,18.2,11.9,24.1,21697,0.0,1.43,2.0
2010-08-05,20.1,13.3,27.2,17294,0.1,1.59,1.9
2010-08-06,19.2,14.1,25.2,12434,7.0,1.61,2.2
2010-08-07,20.2,16.8,25.2,11768,0.0,1.89,1.9
2010-08-08,20.0,14.8,25.5,13480,0.0,1.68,1.7
2010-08-09,18.6,14.3,22.8,11864,0.0,1.61,1.6
2010-08-10,20.7,13.2,27.3,21597,0.0,1.57,1.7
2010-08-11,19.8,15.4,24.6,10185,2.6,1.74,1.9
2010-08-12,18.0,13.1,23.3,11876,9.7,1.51,1.5
2010-08-13,19.9,16.7,24.3,16598,9.7,1.88,1.5
2010-08-14,16.6,14.8,17.8,9153,1.6,1.62,2.1
2010-08-15,19.5,16.3,25.6,9547,14.5,1.85,2.7
2010-08-16,18.8,15.5,23.2,16079,0.4,1.73,2.5
2010-08-17,17.5,15.0,20.6,13441,6.5,1.65,3.0
2010-08-18,17.2,13.8,21.9,12776,0.4,1.56,3.1
2010-08-19,17.1,12.4,22.3,16354,0.0,1.45,2.6
2010-08-20,18.8,11.9,25.4,21272,0.0,1.44,1.7
2010-08-21,22.5,14.4,29.8,22170,0.0,1.72,2.0
2010-08-22,23.2,18.1,29.3,17735,2.2,2.09,2.1
2010-08-23,21.0,17.4,24.5,12208,1.7,1.95,2.8
2010-08-24,19.4,13.1,22.8,19971,0.0,1.5,4.0
2010-08-25,16.7,13.2,20.5,14925,0.9,1.49,3.2
2010-08-26,15.4,13.1,17.3,8365,8.2,1.46,2.2
2010-08-27,16.1,13.8,17.9,8175,3.3,1.52,3.1
2010-08-28,13.8,10.4,18.5,13492,5.2,1.25,2.9
2010-08-29,13.0,9.9,17.6,11083,13.7,1.2,3.1
2010-08-30,12.0,9.6,15.0,9242,0.6,1.16,3.3
2010-08-31,13.6,10.1,18.5,18809,0.4,1.23,2.7
2010-09-01,13.8,10.6,18.8,11223,0.6,1.26,2.0
2010-09-02,13.2,9.2,19.0,9513,1.1,1.16,1.8
2010-09-03,11.8,6.3,18.2,15075,0.0,0.97,1.4
2010-09-04,12.1,8.2,18.3,12934,1.2,1.08,1.6
2010-09-05,12.8,7.0,18.6,18936,0.0,1.02,2.0
2010-09-06,11.7,4.8,18.7,18993,0.0,0.91,2.6
2010-09-07,12.4,5.8,18.5,13107,0.1,0.95,3.1
2010-09-08,14.9,10.5,19.9,10605,1.9,1.26,3.3
2010-09-09,14.0,12.6,15.5,7103,2.3,1.4,2.2
2010-09-10,15.7,12.3,20.3,10392,0.8,1.41,2.0
2010-09-11,16.1,10.1,22.8,17494,0.0,1.26,1.8
2010-09-12,17.9,11.4,24.4,15119,0.3,1.39,1.6
2010-09-13,15.3,12.2,19.4,9768,2.4,1.4,2.3
2010-09-14,13.9,12.2,16.1,6679,15.8,1.38,3.4
2010-09-15,14.7,12.0,18.0,13110,3.7,1.37,4.1
2010-09-16,13.1,9.3,17.2,11703,0.1,1.16,3.6
2010-09-17,12.3,9.6,16.3,10509,1.0,1.17,3.2
2010-09-18,11.2,8.4,14.3,10296,0.0,1.08,2.6
2010-09-19,12.0,7.7,17.1,13341,0.1,1.05,2.4
2010-09-20,14.6,11.5,17.8,6357,0.0,1.32,2.5
2010-09-21,14.0,7.5,18.1,10419,0.0,1.04,1.8
2010-09-22,13.1,4.9,20.7,16378,0.0,0.93,1.5
2010-09-23,16.1,9.2,24.3,15836,0.0,1.22,1.7
2010-09-24,18.0,13.0,24.5,14197,0.0,1.51,2.0
2010-09-25,12.3,9.5,15.6,5744,26.6,1.15,2.2
2010-09-26,10.8,9.7,11.9,5660,39.2,1.16,2.2
2010-09-27,13.5,10.8,15.3,5577,13.6,1.26,3.0
2010-09-28,10.9,9.0,12.9,5493,0.1,1.11,2.5
2010-09-29,9.3,6.9,12.8,6906,0.1,0.96,1.7
2010-09-30,7.9,3.2,12.6,8030,0.0,0.77,1.7
2010-10-01,7.2,1.8,12.8,13709,0.0,0.71,2.1
2010-10-02,9.3,4.7,13.2,6960,0.0,0.84,2.6
2010-10-03,12.6,8.4,18.1,12792,0.0,1.1,3.1
2010-10-04,13.3,8.7,18.3,12972,0.0,1.13,3.0
2010-10-05,14.1,12.1,16.6,6832,0.0,1.37,2.3
2010-10-06,15.1,12.5,19.0,11421,0.0,1.42,2.4
2010-10-07,14.2,11.3,17.1,6553,0.0,1.3,1.9
2010-10-08,12.2,9.1,17.0,10082,0.0,1.14,2.5
2010-10-09,9.8,4.6,16.8,9948,0.0,0.87,2.6
2010-10-10,7.7,1.5,15.2,12656,0.0,0.71,2.4
2010-10-11,4.4,-0.3,9.8,4998,0.0,0.61,2.1
2010-10-12,4.5,-0.1,11.7,8392,0.0,0.62,1.4
2010-10-13,5.7,-1.0,14.2,10948,0.0,0.61,1.5
2010-10-14,7.2,1.4,11.3,5511,0.4,0.68,1.9
2010-10-15,8.7,5.5,10.8,4227,3.6,0.88,1.6
2010-10-16,6.0,4.7,7.8,4079,5.6,0.82,2.6
2010-10-17,6.2,2.2,10.9,7223,0.0,0.71,2.2
2010-10-18,5.7,1.9,10.6,10656,0.5,0.69,1.9
2010-10-19,5.7,2.9,7.9,3865,2.0,0.73,3.2
2010-10-20,7.1,4.1,10.1,4361,2.4,0.8,3.6
2010-10-21,5.0,1.8,7.1,3937,1.9,0.67,3.7
2010-10-22,6.8,4.3,9.0,3660,0.2,0.8,2.9
2010-10-23,6.7,1.3,11.6,8297,0.2,0.67,3.2
2010-10-24,8.4,3.8,10.9,3662,0.4,0.79,3.8
2010-10-25,5.2,1.7,9.4,8056,0.0,0.68,2.6
2010-10-26,5.1,1.7,9.1,8266,0.0,0.68,2.0
2010-10-27,6.7,1.5,10.6,3790,0.4,0.68,2.7
2010-10-28,9.3,7.3,11.4,3851,0.2,1.0,2.7
2010-10-29,9.4,5.2,13.4,8098,0.0,0.87,2.4
2010-10-30,10.5,6.8,14.8,5911,0.0,0.98,2.4
2010-10-31,7.9,2.5,12.2,4023,0.0,0.73,1.7
2010-11-01,6.1,1.5,9.3,3036,0.0,0.68,1.4
2010-11-02,8.3,6.9,10.0,2980,0.0,0.96,2.4
2010-11-03,11.3,8.7,14.2,2984,10.4,1.1,4.0
2010-11-04,13.4,8.9,16.1,2870,1.7,1.11,4.5
2010-11-05,13.8,9.2,16.0,2817,12.9,1.15,4.6
2010-11-06,8.0,3.3,10.6,3110,2.3,0.76,3.2
2010-11-07,2.5,-0.3,5.5,2770,0.8,0.59,1.7
2010-11-08,2.5,0.6,3.7,2664,0.9,0.62,2.2
2010-11-09,3.6,0.8,5.1,2615,0.0,0.63,2.0
2010-11-10,4.9,-1.3,9.6,3829,1.9,0.57,2.1
2010-11-11,6.0,4.0,8.1,3063,4.6,0.79,4.3
2010-11-12,9.2,6.1,11.9,2744,3.6,0.92,6.1
2010-11-13,10.1,8.5,11.9,2432,4.6,1.08,4.4
2010-11-14,13.0,9.7,17.5,4167,0.0,1.19,2.9
2010-11-15,10.1,6.4,14.3,2657,3.3,0.95,2.4
2010-11-16,5.9,4.3,7.5,2307,14.3,0.8,2.3
2010-11-17,3.9,3.1,4.8,2267,0.3,0.73,2.4
2010-11-18,5.2,3.8,6.1,2229,10.6,0.78,1.8
2010-11-19,5.9,4.7,6.8,2390,0.0,0.82,1.8
2010-11-20,6.0,5.0,7.2,2156,0.0,0.84,1.5
2010-11-21,3.9,2.6,5.5,2122,0.4,0.71,2.3
2010-11-22,4.1,2.9,5.1,2088,8.8,0.73,3.1
2010-11-23,3.3,1.4,4.7,2056,4.6,0.65,3.8
2010-11-24,1.0,-0.6,2.5,2025,0.5,0.57,3.3
2010-11-25,-0.7,-3.1,1.9,4829,0.0,0.47,1.8
2010-11-26,-1.5,-3.2,-0.2,1966,0.0,0.47,1.8
2010-11-27,-2.0,-3.3,-0.2,1984,0.0,0.46,1.4
2010-11-28,-2.2,-4.1,0.2,4171,0.0,0.43,1.9
2010-11-29,-1.1,-2.4,-0.6,1887,0.0,0.49,3.1
2010-11-30,-4.2,-7.5,-2.2,3506,0.0,0.34,2.9
2010-12-01,-8.9,-10.5,-7.4,2369,5.1,0.26,4.4
2010-12-02,-9.1,-13.4,-7.2,1819,1.2,0.21,2.4
2010-12-03,-6.9,-13.5,-4.0,1798,0.0,0.22,1.8
2010-12-04,-6.9,-10.2,-3.3,4234,0.5,0.28,3.0
2010-12-05,-0.5,-4.4,1.6,1761,0.3,0.43,3.5
2010-12-06,0.4,-7.0,1.7,1744,0.0,0.36,1.7
2010-12-07,-3.4,-7.8,-1.0,1728,0.1,0.34,1.6
2010-12-08,-2.8,-3.6,-1.2,1713,8.9,0.45,2.0
2010-12-09,-1.4,-4.1,1.1,1700,0.7,0.44,4.2
2010-12-10,-2.1,-4.5,1.3,1687,5.7,0.43,3.4
2010-12-11,3.6,0.7,5.6,1676,2.9,0.62,5.3
2010-12-12,0.5,-3.1,4.0,1666,0.5,0.48,4.0
2010-12-13,-3.3,-4.7,-1.0,2068,0.9,0.41,2.6
2010-12-14,-1.8,-3.4,-0.4,1649,2.8,0.46,2.9
2010-12-15,-2.9,-5.7,-1.0,1643,0.9,0.39,3.0
2010-12-16,-4.2,-5.8,-2.6,2004,4.8,0.38,3.4
2010-12-17,-3.6,-5.7,-2.1,1633,3.1,0.38,2.1
2010-12-18,-10.1,-17.7,-4.8,4393,0.0,0.16,1.8
2010-12-19,-11.1,-17.3,-5.8,1790,6.3,0.16,2.4
2010-12-20,-6.6,-10.0,-4.8,1627,0.5,0.28,2.7
2010-12-21,-8.6,-12.5,-6.3,1627,0.1,0.23,1.6
2010-12-22,-4.6,-8.5,-0.8,1628,2.7,0.32,2.1
2010-12-23,-0.3,-1.0,0.6,1630,0.7,0.54,2.8
2010-12-24,-0.9,-3.0,0.1,1634,7.0,0.47,3.9
2010-12-25,-5.1,-7.5,-2.8,1639,0.1,0.34,3.1
2010-12-26,-7.9,-11.5,-5.3,1645,1.5,0.25,2.0
2010-12-27,-4.1,-7.0,-2.4,1652,5.2,0.35,2.0
2010-12-28,-7.5,-9.9,-4.8,1660,0.0,0.28,1.9
2010-12-29,-8.8,-10.9,-6.6,1669,0.0,0.26,1.6
2010-12-30,-9.7,-13.2,-3.3,1679,0.3,0.22,1.5
2010-12-31,0.7,-3.5,2.0,1691,0.1,0.46,2.3
2011-01-01,2.4,0.9,3.7,2206,0.0,0.63,3.4
2011-01-02,0.0,-3.1,1.7,2602,0.0,0.47,2.6
2011-01-03,-1.7,-4.7,-0.3,1733,1.0,0.42,1.9
2011-01-04,-1.4,-7.3,0.6,1749,0.0,0.35,2.1
2011-01-05,-6.4,-8.9,-3.8,4083,0.0,0.3,2.8
2011-01-06,0.4,-5.5,4.7,1785,7.8,0.41,3.5
2011-01-07,3.5,2.2,7.6,1848,1.2,0.7,2.5
2011-01-08,5.5,2.5,8.0,2747,0.4,0.71,3.2
2011-01-09,5.0,1.7,7.3,1848,1.2,0.68,2.6
2011-01-10,1.6,-1.5,5.0,4858,0.0,0.54,1.9
2011-01-11,0.6,-2.4,3.7,1895,0.4,0.5,2.7
2011-01-12,3.6,2.5,4.9,2057,4.2,0.7,3.4
2011-01-13,5.0,2.8,9.8,1948,6.7,0.73,3.2
2011-01-14,10.2,9.2,11.3,1976,5.0,1.13,3.6
2011-01-15,8.3,7.0,10.1,3079,1.1,0.96,3.7
2011-01-16,8.0,6.0,10.3,2507,0.0,0.91,2.7
2011-01-17,4.6,1.5,8.6,5259,0.0,0.67,2.1
2011-01-18,5.6,3.3,8.6,2100,1.5,0.76,2.2
2011-01-19,2.9,1.3,4.3,2523,0.9,0.65,2.2
2011-01-20,0.8,-0.9,2.1,2169,0.1,0.55,2.1
2011-01-21,-0.4,-1.5,0.2,2205,0.0,0.53,2.1
2011-01-22,-0.2,-2.2,2.1,4204,0.0,0.5,1.8
2011-01-23,0.7,-0.1,1.7,2282,2.5,0.58,1.8
2011-01-24,1.0,-0.1,3.4,2322,0.7,0.58,2.3
2011-01-25,2.6,0.9,3.7,2363,3.0,0.63,3.6
2011-01-26,0.3,-1.6,2.3,2405,2.0,0.52,2.3
2011-01-27,-1.1,-4.0,0.4,3195,0.1,0.44,2.6
2011-01-28,-2.7,-5.8,1.0,6053,0.0,0.39,2.5
2011-01-29,-3.0,-6.5,2.0,6634,0.0,0.37,1.7
2011-01-30,-2.4,-7.0,0.5,2587,0.1,0.36,1.6
2011-01-31,-5.2,-7.4,-3.2,2635,0.0,0.34,1.5
2011-02-01,-4.3,-5.5,-2.8,2685,0.2,0.39,2.4
2011-02-02,-0.1,-3.3,1.9,2735,0.0,0.47,3.0
2011-02-03,2.1,-0.4,4.4,2787,0.6,0.57,3.3
2011-02-04,5.2,1.2,10.5,2840,0.7,0.67,5.4
2011-02-05,9.9,8.6,10.8,2894,10.0,1.07,6.1
2011-02-06,9.3,8.3,10.5,2950,1.6,1.05,4.2
2011-02-07,8.0,4.5,9.7,4896,0.0,0.82,3.7
2011-02-08,5.7,0.8,9.5,5841,0.0,0.64,3.4
2011-02-09,0.9,-0.7,4.3,5121,0.0,0.56,1.7
2011-02-10,2.7,-0.9,6.7,3941,4.8,0.57,2.5
2011-02-11,4.5,0.1,6.3,5035,1.8,0.6,3.4
2011-02-12,-0.2,-2.1,2.1,8296,0.2,0.51,2.9
2011-02-13,0.2,-1.6,1.3,3367,0.6,0.52,2.5
2011-02-14,-0.2,-1.4,1.1,3431,0.0,0.53,3.3
2011-02-15,-1.0,-3.1,1.6,4034,0.0,0.47,3.2
2011-02-16,-0.5,-2.9,2.8,5195,0.0,0.48,2.7
2011-02-17,-1.7,-3.0,-0.4,3629,0.0,0.47,2.5
2011-02-18,-2.0,-2.9,-1.0,3697,0.0,0.47,2.1
2011-02-19,-2.5,-3.7,-1.6,3765,0.0,0.44,2.6
2011-02-20,-4.3,-8.0,-1.7,7688,0.0,0.33,3.4
2011-02-21,-6.0,-9.3,-2.9,8742,0.0,0.29,2.8
2011-02-22,-8.1,-12.1,-3.3,10914,0.0,0.24,2.4
2011-02-23,-8.4,-13.0,-3.8,11066,0.0,0.23,2.2
2011-02-24,-4.8,-9.4,1.2,5692,0.0,0.3,2.3
2011-02-25,-3.8,-8.8,1.8,10921,0.0,0.32,2.1
2011-02-26,-1.6,-8.2,5.5,11759,0.0,0.35,2.7
2011-02-27,0.2,-4.7,4.6,8905,0.0,0.43,2.6
2011-02-28,3.5,-1.1,10.7,11765,0.0,0.58,2.1
2011-03-01,1.2,-3.7,7.7,12396,0.0,0.48,2.7
2011-03-02,0.3,-3.8,6.9,11282,0.0,0.47,3.6
2011-03-03,0.8,-5.1,8.1,12964,0.0,0.43,2.6
2011-03-04,-1.5,-6.2,5.6,9626,0.0,0.39,1.8
2011-03-05,0.9,-2.5,6.8,7122,0.0,0.51,2.4
2011-03-06,0.6,-4.4,6.3,14130,0.0,0.45,2.4
2011-03-07,-1.0,-7.2,5.5,14137,0.0,0.37,2.7
2011-03-08,2.0,-4.7,9.3,14310,0.0,0.46,2.5
2011-03-09,6.0,-0.2,13.9,9084,0.0,0.64,3.5
2011-03-10,7.5,3.2,11.5,8859,0.7,0.77,4.3
2011-03-11,7.2,3.0,10.6,7928,0.0,0.74,3.6
2011-03-12,6.4,0.5,13.4,12270,0.0,0.66,2.1
2011-03-13,9.1,2.1,16.5,9925,1.1,0.75,1.7
2011-03-14,8.6,5.8,11.5,5558,2.7,0.9,1.3
2011-03-15,7.4,3.2,11.4,7547,0.0,0.76,3.2
2011-03-16,4.4,2.5,7.4,5728,1.5,0.71,3.9
2011-03-17,4.0,3.0,6.4,5813,9.1,0.73,3.0
2011-03-18,3.6,1.8,5.8,5898,0.0,0.67,3.1
2011-03-19,4.8,1.8,9.4,13398,0.0,0.68,2.3
2011-03-20,2.2,-0.1,6.9,9287,0.0,0.59,1.6
2011-03-21,5.5,-1.3,12.8,16746,0.0,0.59,1.9
2011-03-22,9.1,2.5,15.0,15187,0.0,0.76,2.1
2011-03-23,7.8,3.0,13.2,16313,0.0,0.76,2.1
2011-03-24,9.4,3.1,16.8,15305,0.0,0.8,2.3
2011-03-25,8.0,5.6,11.0,6500,0.5,0.89,2.4
2011-03-26,4.7,-0.3,8.6,10950,0.6,0.59,2.2
2011-03-27,1.9,-2.3,8.7,12767,0.0,0.53,1.5
2011-03-28,4.1,-1.8,10.0,14005,0.0,0.55,2.1
2011-03-29,5.8,-1.4,13.8,19007,0.0,0.59,1.7
2011-03-30,8.3,-1.4,16.1,16320,0.0,0.61,1.8
2011-03-31,11.8,6.7,16.3,8866,1.3,0.98,3.4
2011-04-01,14.1,11.7,17.8,14032,0.0,1.35,3.4
2011-04-02,15.7,10.9,21.9,14579,0.0,1.32,2.1
2011-04-03,15.5,10.4,22.2,15759,8.0,1.28,1.9
2011-04-04,10.4,8.5,15.1,10731,2.9,1.09,2.6
2011-04-05,10.7,6.1,14.6,13912,0.1,0.94,3.1
2011-04-06,12.5,10.5,14.8,7526,0.0,1.23,3.1
2011-04-07,13.6,6.7,19.2,13835,0.0,1.01,4.0
2011-04-08,9.7,5.5,16.1,11472,0.0,0.92,4.3
2011-04-09,9.3,3.2,14.7,20368,0.0,0.78,3.1
2011-04-10,10.3,2.6,18.3,20737,0.0,0.8,1.7
2011-04-11,14.0,6.0,21.6,17487,0.0,1.0,1.8
2011-04-12,9.2,5.9,12.4,11883,2.1,0.91,4.8
2011-04-13,6.3,5.3,7.2,8105,8.4,0.86,4.2
2011-04-14,7.0,5.1,9.5,8297,0.3,0.85,1.9
2011-04-15,8.7,4.3,14.3,13414,0.0,0.84,1.6
2011-04-16,10.2,1.5,17.0,16890,0.0,0.73,1.5
2011-04-17,12.0,6.2,17.6,14297,0.0,0.96,1.7
2011-04-18,11.8,2.9,20.1,19961,0.0,0.82,1.6
2011-04-19,13.8,4.2,21.7,22252,0.0,0.91,1.9
2011-04-20,15.4,8.6,22.1,22958,0.0,1.15,1.5
2011-04-21,15.6,5.1,23.6,23437,0.0,0.97,1.6
2011-04-22,17.0,6.3,24.6,23340,0.0,1.05,2.2
2011-04-23,17.8,11.0,24.1,23470,0.0,1.36,2.5
2011-04-24,15.2,7.0,22.1,23947,0.0,1.06,2.3
2011-04-25,12.8,5.2,19.2,16493,0.0,0.92,2.3
2011-04-26,13.3,7.4,21.1,14251,5.7,1.08,2.1
2011-04-27,14.6,9.7,20.3,15631,0.5,1.22,2.1
2011-04-28,15.6,8.4,23.7,17608,0.0,1.17,2.5
2011-04-29,15.1,8.6,22.6,23495,0.1,1.16,3.5
2011-04-30,11.6,5.9,18.2,25623,0.0,0.95,3.6
2011-05-01,9.3,3.4,15.0,25739,0.0,0.8,3.0
2011-05-02,6.5,3.1,11.6,10469,3.0,0.76,3.1
2011-05-03,6.7,0.1,12.2,20701,0.0,0.63,2.6
2011-05-04,7.1,0.8,12.7,18158,0.0,0.67,1.9
2011-05-05,8.5,-1.1,16.8,26177,0.0,0.63,1.5
2011-05-06,13.4,3.0,21.8,25919,0.0,0.84,1.9
2011-05-07,16.5,6.0,23.9,26744,0.0,1.01,2.6
2011-05-08,15.8,7.4,23.7,26843,0.0,1.11,3.1
2011-05-09,18.0,10.2,25.0,26576,0.0,1.3,2.9
2011-05-10,19.5,10.1,27.9,25210,0.0,1.35,1.6
2011-05-11,18.5,11.6,27.4,22495,0.8,1.45,1.8
2011-05-12,16.1,10.7,23.9,17082,5.4,1.32,2.0
2011-05-13,13.6,8.1,19.7,20207,0.0,1.1,2.2
2011-05-14,13.8,7.0,22.6,15132,3.0,1.07,2.4
2011-05-15,10.8,6.3,15.7,20102,0.8,0.96,2.9
2011-05-16,11.1,6.6,14.9,13039,2.0,0.96,3.3
2011-05-17,14.3,12.0,17.5,11369,0.1,1.36,3.0
2011-05-18,17.1,9.9,24.3,26094,0.0,1.28,2.0
2011-05-19,18.2,10.2,26.6,22706,0.3,1.32,1.7
2011-05-20,17.0,10.9,25.3,19182,0.0,1.36,1.5
2011-05-21,17.4,11.1,23.3,25057,0.0,1.36,1.5
2011-05-22,19.4,12.3,27.9,19292,0.9,1.5,2.5
2011-05-23,15.9,10.3,21.8,25674,0.0,1.28,2.4
2011-05-24,14.9,7.9,22.0,22873,0.0,1.11,3.3
2011-05-25,13.6,6.5,20.0,25164,0.0,1.01,2.3
2011-05-26,18.4,6.9,27.5,24344,0.1,1.12,3.4
2011-05-27,15.8,10.2,20.3,18536,0.0,1.25,3.4
2011-05-28,14.3,8.6,19.3,19327,0.0,1.12,2.5
2011-05-29,17.1,12.4,22.1,18493,0.0,1.44,2.8
2011-05-30,22.5,12.6,30.6,29400,0.0,1.58,2.1
2011-05-31,20.7,13.3,31.2,22193,5.2,1.64,2.8
2011-06-01,14.4,8.6,19.9,17101,0.0,1.14,2.9
2011-06-02,16.2,7.5,23.6,29650,0.0,1.11,2.6
2011-06-03,19.3,9.5,26.6,29312,0.0,1.28,2.8
2011-06-04,21.2,10.5,29.2,29346,0.0,1.38,2.4
2011-06-05,24.8,15.9,32.8,26496,0.7,1.93,2.3
2011-06-06,22.8,16.8,32.1,22762,17.6,2.01,2.1
2011-06-07,20.6,17.0,25.5,17518,0.2,1.92,1.7
2011-06-08,19.0,13.4,25.5,15154,4.1,1.56,2.7
2011-06-09,16.7,12.2,21.2,24088,0.0,1.42,2.6
2011-06-10,16.4,11.2,20.9,24610,0.0,1.33,1.5
2011-06-11,16.8,10.7,22.8,21990,0.0,1.32,1.9
2011-06-12,16.7,9.0,22.3,25272,0.0,1.19,1.4
2011-06-13,19.4,12.3,25.7,26166,0.0,1.47,2.1
2011-06-14,19.1,13.6,23.6,15998,1.3,1.56,1.9
2011-06-15,18.8,12.1,24.3,24052,0.4,1.45,1.4
2011-06-16,21.8,15.4,28.0,21043,0.9,1.8,2.2
2011-06-17,17.8,13.8,22.3,22432,1.5,1.56,2.6
2011-06-18,16.4,11.1,22.8,17534,4.0,1.35,3.5
2011-06-19,13.8,10.7,18.9,17033,2.2,1.27,4.3
2011-06-20,15.1,11.7,20.2,17160,2.5,1.37,3.0
2011-06-21,17.1,10.1,23.3,17787,2.7,1.27,2.4
2011-06-22,19.7,13.4,27.5,20298,14.2,1.59,2.5
2011-06-23,16.8,12.3,22.0,19665,2.4,1.43,3.0
2011-06-24,14.2,11.2,18.3,21919,4.8,1.3,2.9
2011-06-25,15.0,10.1,19.6,21031,0.0,1.23,2.5
2011-06-26,17.2,13.2,23.2,14240,0.1,1.53,1.8
2011-06-27,20.1,11.1,26.9,30424,0.0,1.41,1.9
2011-06-28,21.4,14.2,27.8,30532,0.0,1.66,2.3
2011-06-29,22.6,14.7,29.8,29133,0.0,1.76,2.3
2011-06-30,15.2,10.0,19.3,11931,3.4,1.23,3.1
2011-07-01,14.4,8.2,20.2,23072,0.1,1.11,2.7
2011-07-02,12.3,11.3,14.2,11146,37.8,1.29,3.5
2011-07-03,15.7,13.6,18.0,11128,5.6,1.5,3.5
2011-07-04,15.9,14.6,17.3,11108,16.9,1.6,2.2
2011-07-05,19.2,15.3,24.8,24347,0.0,1.73,1.4
2011-07-06,20.5,14.0,28.4,26442,10.2,1.67,2.1
2011-07-07,21.0,15.9,26.9,21534,1.2,1.82,1.8
2011-07-08,20.3,15.7,24.9,20253,0.0,1.78,2.4
2011-07-09,21.5,13.4,29.2,22839,0.8,1.62,2.3
2011-07-10,20.2,16.2,25.7,19809,13.6,1.83,1.7
2011-07-11,18.0,13.8,23.7,17778,0.0,1.58,1.7
2011-07-12,20.4,12.3,26.9,24960,0.0,1.49,2.2
2011-07-13,20.7,17.4,26.6,15339,24.4,1.97,2.9
2011-07-14,17.3,14.3,21.3,13188,0.0,1.6,3.8
2011-07-15,15.6,13.5,17.6,12405,0.0,1.5,3.3
2011-07-16,19.3,11.5,25.3,27741,0.0,1.4,2.4
2011-07-17,19.4,14.9,25.3,12946,12.2,1.7,3.1
2011-07-18,17.9,12.6,23.3,23294,0.0,1.47,3.3
2011-07-19,18.6,11.8,24.6,26326,0.0,1.41,2.0
2011-07-20,18.6,13.9,22.9,10840,0.0,1.58,2.8
2011-07-21,16.8,15.1,19.0,10549,9.4,1.66,2.7
2011-07-22,13.5,12.5,16.0,10504,14.0,1.41,3.9
2011-07-23,15.2,11.3,19.5,17093,0.0,1.32,3.7
2011-07-24,14.5,9.7,18.5,16177,0.0,1.2,3.5
2011-07-25,14.1,11.5,16.9,10362,0.2,1.31,1.9
2011-07-26,18.0,12.7,24.7,24864,0.0,1.49,1.4
2011-07-27,18.7,12.3,24.7,21370,0.0,1.45,1.5
2011-07-28,18.2,13.7,23.7,13255,2.7,1.57,1.9
2011-07-29,14.8,13.4,17.1,10155,46.2,1.48,2.8
2011-07-30,16.0,13.3,19.2,10100,14.4,1.48,3.3
2011-07-31,15.8,14.2,17.8,10044,0.9,1.57,2.4
2011-08-01,18.0,13.9,23.2,14219,0.1,1.57,1.5
2011-08-02,19.1,11.3,26.0,26093,0.0,1.41,1.9
2011-08-03,20.7,12.5,26.7,23951,0.2,1.51,2.2
2011-08-04,20.0,17.3,23.8,10050,5.9,1.94,1.9
2011-08-05,19.9,15.0,24.8,16456,9.7,1.69,1.9
2011-08-06,22.8,15.1,29.0,21872,2.3,1.77,1.9
2011-08-07,19.6,14.2,22.6,13079,0.0,1.59,2.8
2011-08-08,16.6,13.5,21.7,18947,4.7,1.53,3.5
2011-08-09,16.0,13.5,20.6,14589,0.4,1.51,4.4
2011-08-10,15.1,12.6,19.2,12145,0.1,1.44,3.3
2011-08-11,18.6,14.1,24.4,11481,1.4,1.61,3.3
2011-08-12,17.9,15.4,22.7,12580,3.2,1.71,2.4
2011-08-13,18.2,15.0,23.4,19876,0.0,1.7,1.7
2011-08-14,19.5,14.6,25.5,13354,9.1,1.67,2.3
2011-08-15,18.0,14.7,22.9,15362,0.4,1.65,2.0
2011-08-16,16.5,11.2,21.0,14109,0.0,1.34,1.4
2011-08-17,18.8,12.9,25.2,17136,0.0,1.53,1.6
2011-08-18,20.8,13.8,27.3,19103,1.8,1.64,1.7
2011-08-19,19.1,12.5,24.2,14865,0.1,1.47,3.3
2011-08-20,16.9,10.9,23.0,23441,0.0,1.34,1.8
2011-08-21,20.3,12.9,25.3,15917,0.0,1.53,1.8
2011-08-22,21.6,16.5,26.1,19660,0.0,1.87,1.9
2011-08-23,17.8,15.1,20.7,10405,7.8,1.66,2.1
2011-08-24,21.1,14.7,28.5,16828,21.1,1.72,1.8
2011-08-25,21.5,17.5,27.2,17606,0.0,1.99,1.6
2011-08-26,25.4,18.6,31.2,21266,0.0,2.17,2.7
2011-08-27,17.3,13.2,23.9,8175,5.7,1.52,3.2
2011-08-28,15.6,12.0,19.3,12281,0.0,1.38,2.9
2011-08-29,13.9,11.3,18.5,11631,0.4,1.32,3.2
2011-08-30,13.2,10.7,17.4,10006,0.1,1.26,2.6
2011-08-31,14.5,9.8,20.0,13276,0.0,1.22,1.8
2011-09-01,14.3,9.4,18.8,11223,0.0,1.17,1.4
2011-09-02,15.4,9.0,22.3,16273,0.0,1.19,1.3
2011-09-03,20.3,11.7,28.1,20731,0.0,1.48,1.5
2011-09-04,21.9,17.0,28.3,14843,7.4,1.97,1.8
2011-09-05,18.2,13.3,21.3,7650,0.9,1.5,2.9
2011-09-06,16.8,11.8,21.8,16163,3.8,1.38,3.7
2011-09-07,15.6,13.1,18.3,11127,2.4,1.46,4.3
2011-09-08,13.4,11.3,16.3,7602,9.6,1.31,3.7
2011-09-09,13.8,11.2,17.5,7103,4.9,1.3,2.0
2011-09-10,18.2,13.7,22.8,8654,0.0,1.56,1.8
2011-09-11,20.8,17.1,28.0,14651,6.8,1.95,2.3
2011-09-12,18.4,15.4,22.1,15220,0.0,1.72,3.9
2011-09-13,18.0,13.3,21.6,15878,0.0,1.52,3.9
2011-09-14,15.2,12.3,18.5,11651,0.0,1.41,3.5
2011-09-15,14.2,10.1,18.5,12517,0.0,1.23,2.6
2011-09-16,12.3,8.7,17.5,14251,0.0,1.12,1.6
2011-09-17,15.7,10.2,22.9,12746,0.0,1.27,2.3
2011-09-18,15.2,11.7,18.6,6531,8.0,1.35,2.3
2011-09-19,13.5,9.7,18.5,15162,0.0,1.2,2.2
2011-09-20,14.0,8.1,19.9,15862,0.0,1.11,2.1
2011-09-21,14.4,9.2,20.7,13248,0.0,1.19,2.1
2011-09-22,15.1,9.8,19.0,10019,0.0,1.21,2.7
2011-09-23,12.2,7.7,17.9,13240,0.0,1.05,1.8
2011-09-24,13.0,5.6,20.5,15485,0.0,0.96,1.5
2011-09-25,15.1,8.7,22.8,15409,0.0,1.17,1.2
2011-09-26,17.1,9.2,25.0,14428,0.0,1.23,1.5
2011-09-27,16.0,9.6,21.1,7458,1.8,1.22,1.2
2011-09-28,13.6,6.2,22.0,13839,0.0,1.01,1.5
2011-09-29,15.7,8.2,25.8,14648,0.0,1.19,1.4
2011-09-30,16.8,8.5,26.4,14655,0.0,1.21,1.4
2011-10-01,16.9,8.3,26.5,14399,0.0,1.21,1.1
2011-10-02,16.7,8.7,25.5,14145,0.0,1.21,1.1
2011-10-03,17.3,10.6,23.3,10758,0.0,1.3,1.9
2011-10-04,18.6,15.1,23.5,10622,0.0,1.71,2.8
2011-10-05,15.8,13.7,18.4,5420,0.0,1.53,3.0
2011-10-06,15.3,9.2,21.1,6815,5.4,1.19,4.2
2011-10-07,9.6,6.7,12.3,8344,1.8,0.95,3.8
2011-10-08,8.7,5.5,12.4,10082,1.1,0.89,3.8
2011-10-09,8.4,4.7,13.0,9310,5.9,0.85,2.6
2011-10-10,12.9,7.9,16.3,4528,7.9,1.05,4.0
2011-10-11,12.5,10.2,13.8,4452,16.7,1.2,4.3
2011-10-12,9.9,6.5,12.9,9242,0.0,0.95,3.2
2011-10-13,8.0,3.0,14.0,10948,0.0,0.77,1.9
2011-10-14,5.4,1.1,12.0,9743,0.0,0.67,1.7
2011-10-15,5.3,-0.4,11.9,11552,0.0,0.62,2.0
2011-10-16,7.1,1.5,13.3,11323,0.0,0.7,2.0
2011-10-17,7.9,2.6,15.0,10366,0.0,0.76,2.0
2011-10-18,8.4,4.0,15.6,6248,1.6,0.83,3.6
2011-10-19,8.4,5.0,12.6,7937,0.7,0.86,3.2
2011-10-20,5.9,3.4,9.7,6197,0.0,0.76,2.5
2011-10-21,5.5,2.1,11.0,8055,0.0,0.71,1.9
2011-10-22,5.1,0.2,11.1,9937,0.0,0.63,2.1
2011-10-23,5.1,-0.3,11.7,9797,0.0,0.61,2.4
2011-10-24,6.9,3.0,10.6,5885,0.0,0.74,3.7
2011-10-25,9.4,7.5,11.2,5326,0.2,1.01,3.5
2011-10-26,10.2,5.2,12.4,3398,0.1,0.87,2.0
2011-10-27,9.4,4.4,13.7,3400,0.0,0.83,2.1
2011-10-28,11.3,7.5,15.5,6806,0.0,1.02,1.5
2011-10-29,9.6,3.8,16.1,5624,0.0,0.83,1.5
2011-10-30,11.4,8.5,15.8,4469,0.0,1.09,1.8
2011-10-31,11.6,8.2,14.8,3961,0.0,1.07,1.6
2011-11-01,10.0,6.0,14.5,7196,0.0,0.93,2.1
2011-11-02,6.2,3.4,8.2,2980,0.0,0.76,2.0
2011-11-03,8.0,5.1,12.8,6566,0.0,0.87,2.6
2011-11-04,7.7,5.2,11.3,4403,0.0,0.87,2.4
2011-11-05,7.2,3.1,12.6,5904,0.0,0.77,2.1
2011-11-06,8.2,2.8,14.8,6793,0.0,0.77,1.9
2011-11-07,6.9,1.8,13.1,6864,0.0,0.71,2.4
2011-11-08,5.9,0.0,12.4,6203,0.0,0.63,2.1
2011-11-09,3.5,-0.1,6.4,2615,0.1,0.6,1.6
2011-11-10,3.4,0.8,5.1,2567,0.0,0.63,2.5
2011-11-11,2.1,0.2,4.8,5501,0.0,0.6,3.2
2011-11-12,1.5,-1.4,6.2,6599,0.0,0.55,2.1
2011-11-13,1.0,-3.7,7.9,6295,0.0,0.47,1.4
2011-11-14,-0.3,-4.3,5.0,4586,0.0,0.45,1.4
2011-11-15,1.6,0.7,2.6,2347,0.0,0.62,1.9
2011-11-16,1.9,-1.4,5.4,4249,0.0,0.54,2.1
2011-11-17,-0.3,-2.5,0.6,2267,0.1,0.49,1.8
2011-11-18,1.5,-0.8,4.3,2229,0.1,0.56,1.4
2011-11-19,5.8,3.7,8.4,2192,0.0,0.77,1.4
2011-11-20,5.5,1.0,7.2,2156,0.0,0.64,1.4
2011-11-21,2.0,-2.2,7.9,5508,0.0,0.52,1.4
2011-11-22,1.6,-0.7,5.2,3764,0.0,0.56,1.5
2011-11-23,0.5,-0.1,1.6,2056,0.0,0.58,1.5
2011-11-24,4.7,0.5,9.7,3479,0.0,0.63,2.1
2011-11-25,5.4,1.1,10.3,4550,0.3,0.66,3.0
2011-11-26,7.1,5.5,9.3,3301,0.0,0.87,3.7
2011-11-27,9.4,7.9,10.8,1939,0.8,1.03,5.1
2011-11-28,5.4,0.0,9.2,4713,0.0,0.61,2.4
2011-11-29,2.4,-0.8,7.8,5111,0.0,0.57,2.6
2011-11-30,6.3,1.2,9.7,4350,0.0,0.66,2.7
2011-12-01,4.8,-0.1,10.8,2149,0.7,0.62,3.2
2011-12-02,8.3,3.3,12.6,1819,0.7,0.77,3.1
2011-12-03,4.9,1.6,7.4,1885,3.0,0.67,4.6
2011-12-04,6.7,5.0,8.5,1779,1.7,0.84,4.5
2011-12-05,4.1,2.5,6.2,2360,1.6,0.71,4.5
2011-12-06,3.7,1.9,5.4,1871,0.0,0.68,4.0
2011-12-07,3.4,0.6,5.7,1813,9.2,0.62,4.8
2011-12-08,5.1,3.3,7.2,2806,2.3,0.75,4.8
2011-12-09,6.3,3.6,8.6,2452,0.4,0.76,5.1
2011-12-10,3.4,2.2,5.1,2519,0.0,0.69,3.3
2011-12-11,2.0,-0.3,4.6,3001,0.1,0.58,2.5
2011-12-12,3.7,-0.5,7.0,1707,0.9,0.58,3.3
2011-12-13,4.9,1.8,8.5,1657,3.0,0.69,4.7
2011-12-14,6.1,2.7,10.2,1895,3.5,0.73,4.5
2011-12-15,4.9,3.3,7.0,2051,0.1,0.75,4.0
2011-12-16,3.2,0.2,6.4,1637,21.6,0.61,5.3
2011-12-17,3.5,1.7,4.8,1633,0.2,0.67,4.6
2011-12-18,2.9,1.5,3.9,1711,0.2,0.65,3.6
2011-12-19,2.6,1.5,3.1,1627,0.0,0.66,3.1
2011-12-20,1.0,0.0,2.0,2357,3.2,0.59,3.1
2011-12-21,2.7,0.8,4.6,1667,0.8,0.63,2.8
2011-12-22,3.2,1.3,5.5,1628,1.4,0.65,2.2
2011-12-23,7.8,5.3,9.3,1630,0.6,0.87,2.8
2011-12-24,5.7,2.6,8.1,1634,3.3,0.72,4.1
2011-12-25,5.5,2.8,9.0,1639,0.4,0.73,3.8
2011-12-26,9.7,8.8,10.5,1645,0.2,1.09,3.4
2011-12-27,9.1,6.6,10.6,1652,0.0,0.95,2.5
2011-12-28,6.7,5.4,8.1,3388,0.0,0.86,3.1
2011-12-29,5.9,3.5,6.9,1958,2.1,0.76,5.0
2011-12-30,3.8,1.7,4.9,2219,3.8,0.67,4.2
2011-12-31,2.4,1.1,4.5,3108,0.8,0.64,2.5
2012-01-01,7.3,2.1,10.9,1704,2.9,0.71,3.3
2012-01-02,9.4,5.0,13.0,1718,5.1,0.87,3.4
2012-01-03,6.0,1.8,10.1,2961,2.8,0.69,5.4
2012-01-04,5.7,3.7,6.9,2303,5.3,0.77,5.7
2012-01-05,5.0,2.4,7.5,2238,7.4,0.71,7.0
2012-01-06,2.5,0.2,4.3,1828,0.2,0.6,4.4
2012-01-07,4.7,2.2,7.1,1805,2.1,0.7,4.6
2012-01-08,5.1,3.6,6.3,1869,1.3,0.76,3.7
2012-01-09,4.2,1.9,7.7,1848,3.2,0.68,3.0
2012-01-10,5.7,4.0,7.5,2673,0.0,0.79,3.1
2012-01-11,7.4,5.2,8.7,1895,0.0,0.85,3.0
2012-01-12,7.9,3.5,10.1,1921,2.0,0.77,4.9
2012-01-13,3.2,1.9,4.2,2085,1.5,0.67,5.0
2012-01-14,1.8,-1.3,4.1,4657,0.0,0.54,3.2
2012-01-15,-0.4,-2.5,1.9,5366,0.0,0.49,1.7
2012-01-16,1.3,-0.8,2.9,2035,1.1,0.56,1.8
2012-01-17,2.8,-0.6,3.8,2067,0.3,0.57,1.9
2012-01-18,1.5,-1.5,4.7,4651,4.7,0.53,2.8
2012-01-19,4.4,2.6,5.2,2134,9.4,0.71,4.4
2012-01-20,2.3,0.6,3.2,2316,0.8,0.61,4.0
2012-01-21,2.8,0.6,5.0,2205,4.7,0.62,4.4
2012-01-22,4.4,1.4,6.4,2344,3.8,0.65,5.5
2012-01-23,1.2,-0.3,2.8,2383,3.7,0.58,2.9
2012-01-24,-0.3,-3.7,0.4,2322,0.0,0.45,1.9
2012-01-25,-3.0,-4.8,-1.5,2675,0.0,0.41,1.7
2012-01-26,-2.5,-5.6,0.3,6461,0.0,0.39,3.1
2012-01-27,-2.3,-3.5,-1.3,2449,0.3,0.45,2.3
2012-01-28,-4.1,-5.7,-2.9,2494,4.2,0.38,1.8
2012-01-29,-4.8,-6.5,-3.4,3795,0.0,0.36,2.7
2012-01-30,-6.1,-9.1,-2.8,6675,0.0,0.3,2.9
2012-01-31,-8.0,-10.5,-5.9,6830,0.0,0.27,3.5
2012-02-01,-9.3,-12.2,-5.6,7157,0.0,0.23,3.6
2012-02-02,-11.5,-16.2,-7.9,7034,0.2,0.17,2.9
2012-02-03,-9.5,-13.7,-3.6,6269,0.1,0.21,2.0
2012-02-04,-12.6,-16.7,-7.0,6541,0.0,0.17,1.5
2012-02-05,-13.6,-18.8,-9.4,3905,0.0,0.14,1.9
2012-02-06,-16.0,-20.7,-11.7,7887,0.0,0.12,1.7
2012-02-07,-11.4,-19.5,-5.4,4835,0.0,0.14,2.7
2012-02-08,-7.1,-10.1,-3.2,7939,0.3,0.28,2.7
2012-02-09,-4.8,-10.6,-1.9,3872,1.1,0.27,2.7
2012-02-10,-10.0,-16.6,-5.3,7546,0.0,0.17,2.2
2012-02-11,-9.6,-16.1,-3.9,7085,0.0,0.18,2.0
2012-02-12,-8.3,-16.2,-2.7,4730,0.0,0.19,1.9
2012-02-13,-1.7,-3.1,-0.2,3367,0.0,0.47,1.8
2012-02-14,-1.0,-5.4,2.0,3564,3.7,0.4,2.6
2012-02-15,2.1,0.2,4.2,5378,0.0,0.6,5.5
2012-02-16,0.8,-3.1,4.4,8665,6.4,0.48,2.7
2012-02-17,4.3,2.2,6.2,3973,0.4,0.69,3.4
2012-02-18,4.6,0.6,8.3,3697,2.0,0.63,3.1
2012-02-19,3.1,-0.2,6.1,4541,0.5,0.59,3.6
2012-02-20,1.0,-1.2,4.3,9757,0.0,0.54,2.6
2012-02-21,1.8,-0.3,4.9,3906,5.0,0.58,3.1
2012-02-22,6.2,3.4,9.1,4196,2.6,0.76,3.2
2012-02-23,7.5,4.2,11.1,6339,0.6,0.8,4.1
2012-02-24,9.7,5.4,11.8,4198,3.7,0.88,4.2
2012-02-25,5.6,3.3,8.3,7446,5.3,0.75,3.8
2012-02-26,3.5,-1.8,6.8,10078,0.0,0.53,2.6
2012-02-27,1.2,-2.6,5.1,7978,3.1,0.5,2.2
2012-02-28,7.7,4.7,10.6,4424,1.0,0.83,3.4
2012-02-29,9.5,8.0,11.3,4501,0.4,1.04,2.3
2012-03-01,9.3,7.9,10.5,4579,0.0,1.03,2.1
2012-03-02,5.9,-1.2,8.7,4658,0.0,0.56,1.7
2012-03-03,3.4,-2.6,9.6,12560,0.0,0.52,2.3
2012-03-04,4.2,0.8,8.3,6381,0.0,0.64,2.1
2012-03-05,3.6,-0.6,9.7,13132,0.0,0.59,3.1
2012-03-06,1.1,-2.9,6.1,13044,0.0,0.5,2.0
2012-03-07,2.1,-3.2,7.4,10576,0.9,0.49,2.7
2012-03-08,4.5,1.3,9.5,7970,0.8,0.67,3.1
2012-03-09,5.4,-0.1,10.2,11282,0.0,0.61,2.3
2012-03-10,8.8,6.5,12.0,5569,0.2,0.95,3.0
2012-03-11,7.8,6.8,9.9,5743,0.1,0.95,3.2
2012-03-12,8.2,6.5,10.9,5474,0.1,0.94,3.3
2012-03-13,7.7,6.3,9.4,5558,0.0,0.92,2.7
2012-03-14,7.5,6.5,9.5,5643,0.0,0.94,2.2
2012-03-15,6.8,2.3,10.6,8472,0.0,0.72,1.5
2012-03-16,9.7,-0.1,20.7,15316,0.0,0.7,2.0
2012-03-17,10.3,4.4,17.7,15111,0.0,0.87,2.2
2012-03-18,9.5,5.0,17.3,10207,0.6,0.9,2.8
2012-03-19,6.9,3.0,11.3,14587,0.0,0.75,2.9
2012-03-20,8.3,2.4,13.9,8636,0.0,0.74,2.5
2012-03-21,11.3,9.5,14.3,6819,0.0,1.16,2.0
2012-03-22,11.0,6.0,16.8,16895,0.0,0.94,1.8
2012-03-23,10.5,2.7,18.1,17161,0.0,0.79,1.4
2012-03-24,10.5,2.4,19.1,17526,0.0,0.79,1.6
2012-03-25,7.3,0.0,15.4,14819,0.0,0.65,2.1
2012-03-26,7.4,-2.1,15.9,16764,0.0,0.58,1.8
2012-03-27,10.5,5.1,17.2,15414,0.0,0.89,2.4
2012-03-28,12.1,5.7,19.8,16777,0.0,0.95,3.0
2012-03-29,8.1,6.7,9.9,6931,0.0,0.95,4.6
2012-03-30,8.2,6.6,10.9,8660,1.2,0.95,4.7
2012-03-31,5.6,1.2,8.2,10308,1.5,0.66,4.8
2012-04-01,4.8,-1.0,9.8,13850,1.4,0.58,3.3
2012-04-02,5.6,3.6,7.6,9473,0.0,0.76,2.7
2012-04-03,7.0,3.5,12.9,9466,5.6,0.78,2.1
2012-04-04,4.7,3.6,6.4,7442,4.4,0.76,2.9
2012-04-05,4.7,0.1,8.3,9127,0.0,0.61,2.5
2012-04-06,4.0,-2.6,10.0,15016,2.7,0.52,2.1
2012-04-07,3.0,-0.4,6.3,10068,1.4,0.58,3.2
2012-04-08,2.4,-1.8,7.6,17763,0.0,0.54,2.2
2012-04-09,5.9,-0.8,11.6,12007,0.1,0.59,3.3
2012-04-10,12.0,7.1,17.9,10904,0.0,1.03,3.3
2012-04-11,9.3,4.3,14.1,8465,1.7,0.83,2.3
2012-04-12,8.4,4.3,12.6,9213,4.8,0.82,1.7
2012-04-13,6.9,1.5,11.5,12529,0.2,0.68,1.7
2012-04-14,7.5,-0.1,14.4,20241,0.0,0.64,1.9
2012-04-15,8.2,1.1,13.9,15991,0.0,0.69,3.1
2012-04-16,6.3,1.4,10.9,19493,0.0,0.67,3.4
2012-04-17,5.4,0.2,10.7,17918,0.0,0.63,2.5
2012-04-18,9.0,2.8,13.8,14960,0.0,0.76,2.7
2012-04-19,11.9,5.3,18.0,18382,0.1,0.92,2.4
2012-04-20,11.2,4.1,18.3,17004,1.8,0.86,2.1
2012-04-21,10.6,4.7,16.8,18496,0.8,0.87,2.6
2012-04-22,9.2,4.4,14.4,14324,0.0,0.84,2.7
2012-04-23,9.2,3.2,15.1,18137,0.0,0.78,2.5
2012-04-24,11.3,6.7,17.0,13228,0.2,0.99,2.6
2012-04-25,11.5,7.4,16.2,14017,0.0,1.02,3.1
2012-04-26,14.6,10.1,18.0,9290,0.0,1.22,3.2
2012-04-27,16.3,12.0,23.2,17019,0.0,1.42,2.2
2012-04-28,20.3,9.6,30.1,22195,0.0,1.34,2.6
2012-04-29,19.5,10.8,27.0,15071,0.0,1.39,3.0
2012-04-30,16.3,10.0,23.6,21339,0.0,1.26,2.5
2012-05-01,17.7,8.1,27.8,25375,0.0,1.2,2.5
2012-05-02,18.0,9.4,27.4,25245,0.3,1.28,2.7
2012-05-03,15.9,11.7,20.0,12163,0.8,1.36,2.0
2012-05-04,16.1,11.4,20.6,16440,0.2,1.34,2.1
2012-05-05,9.4,6.0,13.1,9771,9.0,0.92,2.3
2012-05-06,8.4,5.4,12.0,13094,0.1,0.87,1.9
2012-05-07,10.1,7.2,14.3,12072,0.0,0.99,1.5
2012-05-08,14.6,7.4,20.4,18324,0.0,1.06,2.2
2012-05-09,16.5,10.3,21.9,14509,0.3,1.28,2.4
2012-05-10,19.9,12.5,25.3,18474,4.8,1.5,2.6
2012-05-11,20.6,12.4,28.1,16349,5.6,1.52,3.2
2012-05-12,10.4,5.2,14.6,19106,0.0,0.88,3.6
2012-05-13,8.5,3.5,12.9,10843,0.0,0.78,2.1
2012-05-14,11.1,2.8,17.9,26976,0.0,0.8,2.2
2012-05-15,11.8,6.2,19.6,20415,1.2,0.98,2.6
2012-05-16,9.3,4.1,13.9,15802,0.8,0.82,3.7
2012-05-17,8.5,2.8,14.0,20915,0.0,0.76,2.5
2012-05-18,12.2,4.0,18.4,22953,0.1,0.85,2.7
2012-05-19,17.4,10.6,25.1,19306,0.0,1.34,1.9
2012-05-20,21.3,12.4,28.2,28277,0.0,1.53,2.1
2012-05-21,22.7,15.5,29.1,18672,0.0,1.82,2.8
2012-05-22,24.2,16.5,31.4,25177,0.0,1.94,2.4
2012-05-23,21.7,14.1,30.0,28092,0.2,1.7,2.5
2012-05-24,17.9,10.4,25.0,29268,0.0,1.33,2.9
2012-05-25,16.4,7.4,24.1,29200,0.0,1.11,2.7
2012-05-26,17.1,8.5,24.0,26387,0.0,1.17,2.3
2012-05-27,18.3,11.7,24.7,25064,0.0,1.41,1.6
2012-05-28,18.8,10.9,25.5,26482,0.0,1.37,1.8
2012-05-29,16.3,10.6,21.9,22154,0.0,1.29,2.8
2012-05-30,13.0,7.6,17.8,14943,0.1,1.05,2.2
2012-05-31,14.2,11.1,18.6,13974,12.3,1.3,2.1
2012-06-01,12.2,7.4,15.2,15756,0.0,1.02,3.7
2012-06-02,10.3,5.4,15.6,20670,0.0,0.91,2.6
2012-06-03,9.9,7.1,13.7,14310,6.2,0.99,2.2
2012-06-04,11.8,8.4,15.4,14335,12.5,1.08,2.5
2012-06-05,11.0,6.8,15.3,17494,0.0,0.98,2.6
2012-06-06,11.4,5.2,16.4,14883,1.1,0.89,2.2
2012-06-07,16.6,9.9,21.5,17288,3.0,1.25,2.0
2012-06-08,19.2,11.7,25.0,22079,0.0,1.41,2.9
2012-06-09,16.6,10.4,22.4,22601,0.0,1.29,3.2
2012-06-10,15.3,8.4,21.8,24126,0.0,1.13,2.0
2012-06-11,17.3,10.3,22.6,18865,1.1,1.28,1.6
2012-06-12,16.8,13.0,21.3,21014,5.3,1.49,2.0
2012-06-13,15.4,10.8,20.4,19266,0.0,1.29,2.6
2012-06-14,13.2,8.9,18.1,14122,0.0,1.14,1.6
2012-06-15,17.0,8.1,22.8,20792,2.3,1.14,2.1
2012-06-16,17.7,14.3,21.1,11747,4.5,1.59,2.4
2012-06-17,17.7,11.2,24.4,22562,0.0,1.38,2.6
2012-06-18,20.8,9.6,32.2,26587,2.5,1.38,2.8
2012-06-19,18.1,10.6,24.6,23319,9.7,1.33,1.8
2012-06-20,15.5,13.5,17.4,11251,9.5,1.5,2.1
2012-06-21,14.8,13.5,16.4,11249,0.1,1.5,2.1
2012-06-22,18.6,14.1,24.2,23183,0.0,1.62,2.9
2012-06-23,17.3,12.6,23.2,21291,0.0,1.46,2.4
2012-06-24,16.8,12.1,23.0,14626,5.4,1.41,3.0
2012-06-25,14.4,11.5,18.8,16751,4.9,1.34,4.0
2012-06-26,14.3,10.4,17.2,12849,0.0,1.24,3.2
2012-06-27,13.8,9.2,17.8,14469,6.4,1.15,2.0
2012-06-28,19.2,14.3,24.4,18219,0.0,1.64,1.7
2012-06-29,23.6,16.9,31.6,21211,1.0,2.01,2.1
2012-06-30,22.7,18.4,28.4,20816,12.5,2.12,1.9
2012-07-01,20.6,14.4,24.9,18288,1.7,1.65,2.5
2012-07-02,16.6,12.0,22.1,19894,1.2,1.4,1.8
2012-07-03,19.0,15.0,23.4,14112,0.0,1.7,1.4
2012-07-04,20.0,15.0,25.7,21595,0.0,1.7,1.7
2012-07-05,21.2,14.8,27.6,17565,8.2,1.72,2.0
2012-07-06,22.6,18.7,28.8,18660,0.3,2.17,2.0
2012-07-07,20.0,15.9,24.0,14259,11.5,1.77,1.5
2012-07-08,20.8,14.4,27.3,24461,0.6,1.69,2.6
2012-07-09,19.7,15.3,24.7,21554,0.6,1.72,3.2
2012-07-10,19.3,14.7,25.4,22637,0.8,1.67,2.2
2012-07-11,16.7,13.3,22.4,15625,3.5,1.53,2.8
2012-07-12,14.4,11.4,19.5,20811,3.4,1.34,3.4
2012-07-13,14.2,9.7,17.8,10952,7.0,1.18,2.4
2012-07-14,15.3,13.3,19.0,14143,9.9,1.49,3.4
2012-07-15,15.8,12.6,20.7,16458,3.3,1.44,2.8
2012-07-16,15.0,12.3,21.1,18395,8.0,1.42,3.3
2012-07-17,16.2,13.2,22.4,17604,7.6,1.5,3.5
2012-07-18,16.8,14.1,21.8,12118,14.1,1.58,2.9
2012-07-19,15.9,12.9,20.1,15035,6.4,1.46,3.8
2012-07-20,15.3,11.1,20.6,18559,0.0,1.31,2.6
2012-07-21,14.6,9.7,19.6,16042,0.0,1.2,2.3
2012-07-22,15.5,10.3,21.8,22377,0.0,1.28,1.8
2012-07-23,18.5,8.9,26.1,26115,0.0,1.22,2.3
2012-07-24,21.8,12.5,28.3,27388,0.0,1.54,1.9
2012-07-25,24.2,14.8,32.8,28044,0.0,1.83,1.5
2012-07-26,24.4,17.7,31.4,26497,0.0,2.09,1.7
2012-07-27,24.4,15.1,32.0,27025,7.2,1.84,1.8
2012-07-28,22.9,18.9,28.3,15750,10.3,2.17,2.3
2012-07-29,18.1,14.5,21.3,12892,8.7,1.61,2.3
2012-07-30,17.2,11.0,22.9,20342,0.0,1.33,2.4
2012-07-31,16.8,11.2,21.9,16999,0.0,1.35,1.9
2012-08-01,20.4,12.7,27.1,25972,0.0,1.54,1.8
2012-08-02,22.3,17.3,29.9,19498,6.6,2.01,2.3
2012-08-03,19.7,16.0,24.8,13772,1.3,1.81,1.6
2012-08-04,21.1,15.5,27.6,23283,5.2,1.8,1.5
2012-08-05,18.4,14.5,23.5,13151,7.9,1.64,1.5
2012-08-06,19.7,14.9,25.5,14389,0.0,1.71,2.7
2012-08-07,17.9,14.5,22.8,19184,0.0,1.64,3.3
2012-08-08,17.2,13.2,24.4,14945,1.9,1.53,2.2
2012-08-09,16.3,12.1,21.1,13917,0.0,1.41,1.9
2012-08-10,14.7,10.8,18.7,12187,2.4,1.28,2.1
2012-08-11,16.1,11.0,21.8,20801,0.0,1.31,1.9
2012-08-12,16.0,10.7,22.1,22803,0.0,1.3,2.3
2012-08-13,16.2,9.5,23.3,23738,0.0,1.23,2.1
2012-08-14,17.3,10.9,24.1,23618,0.0,1.33,1.9
2012-08-15,17.7,9.4,24.6,24307,0.0,1.24,2.1
2012-08-16,16.7,12.8,22.8,13788,1.5,1.49,1.8
2012-08-17,18.3,11.5,25.9,21174,0.0,1.41,1.4
2012-08-18,21.3,13.7,28.6,23459,0.0,1.64,1.8
2012-08-19,25.9,14.9,36.1,24240,0.0,1.92,1.8
2012-08-20,26.0,19.4,34.3,17054,0.1,2.34,2.1
2012-08-21,21.2,17.3,26.6,13886,17.9,1.96,1.5
2012-08-22,20.0,16.4,24.6,17619,0.0,1.83,2.8
2012-08-23,18.0,11.3,23.5,22104,0.7,1.38,2.0
2012-08-24,15.5,11.1,19.7,8668,0.9,1.3,1.8
2012-08-25,18.8,15.1,25.3,14705,0.2,1.73,2.7
2012-08-26,17.8,14.6,22.6,13931,0.7,1.63,3.7
2012-08-27,15.9,11.2,21.3,20432,0.0,1.33,2.2
2012-08-28,17.2,10.2,23.6,13385,0.0,1.29,2.1
2012-08-29,19.9,12.2,26.9,20692,0.0,1.49,1.7
2012-08-30,19.2,15.8,22.7,7961,18.5,1.75,1.7
2012-08-31,16.0,12.5,19.3,7771,1.0,1.42,2.2
2012-09-01,14.3,9.2,19.6,18419,0.0,1.17,2.0
2012-09-02,14.5,6.8,21.9,16569,0.0,1.05,1.7
2012-09-03,16.6,10.9,22.5,16753,0.0,1.33,1.6
2012-09-04,16.9,9.8,24.3,19253,0.0,1.27,1.8
2012-09-05,16.1,13.0,21.2,11864,0.1,1.49,2.1
2012-09-06,14.5,10.7,19.2,17692,0.0,1.28,2.4
2012-09-07,16.0,12.2,20.1,7291,3.7,1.4,2.5
2012-09-08,17.0,13.4,22.5,10704,0.2,1.53,1.8
2012-09-09,18.0,10.5,24.7,16321,0.0,1.31,1.8
2012-09-10,21.5,15.0,30.8,17697,0.0,1.78,1.9
2012-09-11,19.8,13.5,27.7,14110,0.7,1.6,2.4
2012-09-12,13.3,9.0,17.8,9969,0.4,1.15,2.3
2012-09-13,12.4,6.4,18.9,14833,0.0,0.99,1.6
2012-09-14,14.3,8.4,20.6,11826,1.0,1.13,3.4
2012-09-15,14.6,10.9,19.1,8860,0.0,1.28,2.6
2012-09-16,16.6,12.3,22.5,15470,0.0,1.43,2.0
2012-09-17,15.8,10.6,22.8,13771,0.0,1.3,1.9
2012-09-18,16.3,10.6,23.7,12096,1.8,1.33,2.4
2012-09-19,11.8,7.1,17.1,14626,0.0,1.01,2.7
2012-09-20,10.5,5.2,17.0,13531,0.0,0.9,2.1
2012-09-21,12.2,5.6,18.4,11609,0.2,0.94,2.1
2012-09-22,11.3,6.4,15.6,9715,0.3,0.96,2.7
2012-09-23,10.4,4.6,16.7,13553,0.2,0.87,2.0
2012-09-24,12.7,9.0,16.4,5744,6.6,1.13,3.4
2012-09-25,15.3,9.9,21.8,10632,4.5,1.25,2.8
2012-09-26,16.2,11.5,21.4,7189,7.8,1.37,2.1
2012-09-27,14.0,11.7,17.3,7713,4.4,1.34,3.1
2012-09-28,13.6,10.0,17.9,10161,0.0,1.21,2.6
2012-09-29,11.8,7.7,18.6,8030,0.0,1.07,2.4
2012-09-30,11.2,7.1,16.8,13190,0.0,1.01,2.2
2012-10-01,11.4,4.4,18.7,11579,0.0,0.88,1.8
2012-10-02,12.9,6.3,19.7,13385,0.0,0.99,2.2
2012-10-03,14.9,10.1,20.7,10455,0.1,1.25,2.9
2012-10-04,12.6,8.0,16.2,4921,9.4,1.06,3.3
2012-10-05,11.5,7.4,16.8,5170,5.3,1.03,3.6
2012-10-06,11.0,7.2,16.7,5251,6.0,1.02,3.0
2012-10-07,9.0,6.0,13.7,7665,1.3,0.93,2.9
2012-10-08,9.4,4.6,13.4,6679,0.0,0.85,2.1
2012-10-09,7.8,3.9,13.0,10289,0.0,0.81,2.6
2012-10-10,7.1,3.8,10.5,4608,1.0,0.79,1.9
2012-10-11,7.6,5.3,12.2,5766,0.0,0.88,1.7
2012-10-12,8.1,2.8,12.8,7815,3.9,0.76,2.8
2012-10-13,10.2,6.3,14.6,10876,0.2,0.94,2.7
2012-10-14,9.2,6.8,12.9,7366,1.1,0.97,2.5
2012-10-15,9.0,5.0,12.1,4079,0.0,0.86,2.7
2012-10-16,8.4,2.9,14.1,9927,0.2,0.77,2.9
2012-10-17,10.6,4.8,14.6,8560,0.0,0.86,2.7
2012-10-18,13.8,9.5,18.6,8866,0.0,1.18,2.4
2012-10-19,14.1,7.7,22.0,10151,0.0,1.11,1.9
2012-10-20,14.4,7.8,22.3,9381,0.0,1.11,1.5
2012-10-21,14.1,8.6,20.5,9110,0.0,1.15,1.7
2012-10-22,13.1,11.8,14.1,3593,0.2,1.33,1.9
2012-10-23,11.8,10.7,12.9,3527,0.1,1.23,1.8
2012-10-24,11.7,10.0,14.2,4128,0.2,1.2,1.2
2012-10-25,9.3,5.9,12.5,3793,0.4,0.9,2.4
2012-10-26,3.8,-0.2,7.3,8080,0.0,0.59,2.3
2012-10-27,2.4,-0.4,5.7,3659,0.0,0.58,2.8
2012-10-28,1.0,-3.3,7.9,8035,0.0,0.49,2.0
2012-10-29,1.5,-3.7,7.1,8606,2.1,0.47,2.8
2012-10-30,3.8,1.4,6.9,3094,2.9,0.66,2.4
2012-10-31,4.4,-0.3,9.4,6585,0.0,0.6,2.5
2012-11-01,5.8,3.1,8.0,2980,1.5,0.74,3.1
2012-11-02,7.4,5.2,10.3,4954,2.3,0.85,3.8
2012-11-03,6.9,3.9,9.1,3460,0.6,0.79,3.0
2012-11-04,7.2,3.1,10.3,4040,5.1,0.75,2.5
2012-11-05,7.4,5.6,10.1,3455,0.5,0.88,3.1
2012-11-06,5.8,3.7,8.4,5272,2.3,0.77,3.3
2012-11-07,9.2,5.8,11.3,3169,0.4,0.89,4.3
2012-11-08,9.2,8.4,10.4,2615,0.3,1.06,3.4
2012-11-09,8.9,6.7,11.1,2787,0.0,0.96,2.2
2012-11-10,7.5,4.9,10.4,2900,4.2,0.84,2.3
2012-11-11,8.9,6.9,11.7,2476,0.0,0.96,2.1
2012-11-12,6.4,3.8,9.0,2591,0.0,0.78,2.0
2012-11-13,4.2,0.5,10.1,6416,0.0,0.64,1.8
2012-11-14,2.2,-1.1,7.7,6328,0.0,0.57,1.7
2012-11-15,-2.1,-4.6,-0.5,2307,0.0,0.42,1.4
2012-11-16,0.2,-2.0,1.7,2267,0.0,0.51,1.8
2012-11-17,1.5,-0.1,2.9,2579,0.0,0.58,2.2
2012-11-18,3.9,0.4,6.4,2192,0.6,0.61,1.6
2012-11-19,5.7,1.9,7.3,3134,0.1,0.68,1.7
2012-11-20,5.1,3.6,6.9,2122,0.0,0.76,2.0
2012-11-21,5.7,3.5,8.0,2806,0.0,0.76,2.6
2012-11-22,6.0,1.9,10.4,3904,0.0,0.7,2.4
2012-11-23,3.5,0.0,6.6,4230,4.8,0.59,2.4
2012-11-24,5.7,4.7,6.6,1995,0.6,0.82,1.6
2012-11-25,7.9,6.1,11.6,1966,0.1,0.91,3.9
2012-11-26,6.3,2.2,8.8,4036,1.0,0.7,2.4
2012-11-27,7.2,3.9,8.8,1912,1.6,0.79,1.6
2012-11-28,5.4,3.9,6.8,1887,4.3,0.78,1.9
2012-11-29,4.0,2.3,5.7,1863,12.5,0.7,3.5
2012-11-30,1.5,-1.9,3.6,2237,0.2,0.52,2.0
2012-12-01,0.7,-1.8,2.1,1819,0.2,0.52,2.1
2012-12-02,0.3,-0.4,0.9,1798,0.0,0.57,2.5
2012-12-03,0.3,-1.5,1.4,3545,1.4,0.53,3.0
2012-12-04,2.7,-0.1,4.9,1804,2.3,0.59,3.6
2012-12-05,-1.8,-4.6,1.1,4251,0.4,0.42,2.7
2012-12-06,-3.3,-8.5,-1.1,1897,1.5,0.32,3.1
2012-12-07,-5.7,-11.0,-2.1,4570,0.0,0.26,2.4
2012-12-08,-6.9,-12.9,-3.9,2285,0.3,0.23,1.6
2012-12-09,-1.6,-4.7,1.4,1687,9.2,0.42,3.7
2012-12-10,-0.5,-3.9,1.5,1676,0.8,0.44,3.9
2012-12-11,-1.9,-3.9,-0.6,1749,0.0,0.44,3.0
2012-12-12,-4.3,-8.9,-2.7,1780,0.0,0.3,1.8
2012-12-13,-3.1,-4.7,-2.1,1649,0.3,0.42,2.0
2012-12-14,-1.8,-4.8,0.5,1684,6.2,0.41,3.1
2012-12-15,2.6,0.2,4.5,1719,0.9,0.6,2.9
2012-12-16,3.2,2.2,4.5,1633,0.8,0.69,2.5
2012-12-17,2.9,1.3,4.4,1833,0.7,0.65,2.0
2012-12-18,2.4,0.8,3.5,1627,5.2,0.62,1.7
2012-12-19,1.4,0.7,2.0,1627,0.3,0.61,1.4
2012-12-20,1.3,-0.1,2.0,1627,0.0,0.58,3.0
2012-12-21,-2.4,-4.1,0.1,1628,0.0,0.44,2.8
2012-12-22,-2.6,-3.5,-2.0,1630,3.4,0.45,2.6
2012-12-23,-0.1,-2.3,6.5,1634,10.0,0.51,4.0
2012-12-24,6.8,5.4,10.9,1843,0.1,0.87,2.9
2012-12-25,9.2,5.8,12.3,1645,2.0,0.91,3.6
2012-12-26,6.9,4.0,8.7,1980,1.1,0.78,4.3
2012-12-27,6.4,2.1,9.0,2524,0.3,0.7,4.3
2012-12-28,-0.3,-2.9,2.2,4230,0.1,0.48,2.8
2012-12-29,5.5,1.6,8.7,1679,0.0,0.67,3.3
2012-12-30,6.6,4.4,10.5,3150,0.9,0.82,4.3
2012-12-31,7.7,5.5,9.2,1704,0.0,0.87,4.3
2013-01-01,6.7,3.9,7.7,1704,1.8,0.78,3.4
2013-01-02,4.9,2.9,6.1,1886,1.7,0.73,3.1
2013-01-03,7.5,4.2,10.0,1733,2.0,0.8,4.1
2013-01-04,8.1,5.6,9.8,1749,8.8,0.88,4.0
2013-01-05,7.2,5.3,8.4,1766,1.5,0.86,3.1
2013-01-06,6.6,5.4,7.6,1785,4.9,0.86,3.1
2013-01-07,4.9,3.8,6.8,1805,6.1,0.77,1.8
2013-01-08,6.2,4.1,7.1,1825,3.1,0.79,2.2
2013-01-09,6.7,5.0,7.1,1848,6.1,0.84,2.4
2013-01-10,2.8,-1.0,5.4,1871,3.6,0.56,3.2
2013-01-11,-0.8,-2.7,0.3,2300,0.5,0.48,2.3
2013-01-12,-1.5,-3.5,-0.3,2602,0.3,0.45,1.7
2013-01-13,-2.4,-3.9,-1.0,1948,0.0,0.44,2.0
2013-01-14,-4.5,-7.4,-3.3,1976,0.3,0.34,1.7
2013-01-15,-4.0,-5.8,-3.3,2799,0.0,0.38,1.7
2013-01-16,-3.8,-6.4,-1.7,2035,0.0,0.37,1.8
2013-01-17,-0.7,-2.0,0.2,2067,0.0,0.5,2.3
2013-01-18,-2.4,-4.3,-0.8,2100,0.0,0.43,2.5
2013-01-19,-6.2,-8.5,-4.0,2912,0.0,0.31,3.2
2013-01-20,-4.8,-7.3,-2.9,2513,0.8,0.34,3.0
2013-01-21,-4.2,-7.2,-2.7,2205,3.4,0.34,2.8
2013-01-22,-6.7,-8.6,-6.0,2243,0.1,0.3,2.1
2013-01-23,-6.0,-6.9,-5.5,2282,0.0,0.35,1.4
2013-01-24,-5.4,-11.8,-3.5,2322,0.0,0.25,1.7
2013-01-25,-8.4,-13.4,-1.3,4029,0.0,0.23,1.7
2013-01-26,-8.3,-12.9,-4.1,5039,0.3,0.23,2.8
2013-01-27,-0.7,-4.4,2.4,2449,4.3,0.43,3.2
2013-01-28,2.7,-0.3,5.7,4489,2.0,0.58,2.9
2013-01-29,4.7,1.5,7.1,2594,10.6,0.66,4.4
2013-01-30,8.6,5.7,12.2,2587,4.4,0.9,5.4
2013-01-31,6.7,3.9,8.3,3306,0.1,0.78,6.2
2013-02-01,5.5,2.6,7.3,2685,8.9,0.71,3.5
2013-02-02,1.3,-2.4,4.2,2735,1.3,0.5,3.2
2013-02-03,0.2,-3.4,3.1,3019,5.0,0.46,3.8
2013-02-04,3.4,0.2,7.7,3134,3.3,0.61,4.6
2013-02-05,2.8,-0.3,6.2,4084,0.3,0.59,4.2
2013-02-06,0.9,-1.8,3.9,5900,0.0,0.52,2.5
2013-02-07,0.4,-1.3,1.9,3006,1.3,0.53,2.3
2013-02-08,-0.8,-2.5,0.6,3372,2.3,0.49,2.0
2013-02-09,-1.4,-3.3,0.1,4122,0.6,0.46,1.6
2013-02-10,-4.2,-6.7,-2.8,3182,0.0,0.36,2.1
2013-02-11,-2.8,-7.0,0.1,4907,0.0,0.36,3.4
2013-02-12,-1.0,-3.7,1.4,6934,0.2,0.45,2.5
2013-02-13,-1.8,-4.1,0.1,3630,0.0,0.44,1.5
2013-02-14,-1.1,-2.4,0.7,3763,0.0,0.49,2.2
2013-02-15,0.0,-1.5,1.4,3496,0.0,0.53,1.7
2013-02-16,0.9,-0.6,2.8,3562,0.0,0.57,1.2
2013-02-17,0.9,-0.3,2.3,3629,0.0,0.57,1.3
2013-02-18,0.3,-0.5,1.6,3697,6.2,0.57,1.5
2013-02-19,0.3,-0.8,1.6,3765,1.1,0.56,2.8
2013-02-20,-1.1,-3.2,0.1,4049,0.2,0.47,2.9
2013-02-21,-2.4,-4.2,-0.7,7082,0.0,0.43,3.0
2013-02-22,-3.1,-5.1,-1.0,5803,0.1,0.4,3.3
2013-02-23,-2.4,-4.7,0.0,4050,3.4,0.42,3.3
2013-02-24,0.4,-1.0,1.4,4123,2.8,0.55,2.5
2013-02-25,1.4,0.5,2.2,4197,0.1,0.61,2.4
2013-02-26,1.0,0.4,1.6,4272,0.1,0.6,2.3
2013-02-27,1.3,0.1,3.1,4348,0.0,0.59,2.0
2013-02-28,1.7,-0.3,4.8,4971,0.1,0.58,1.8
2013-03-01,2.7,-0.7,6.0,7264,0.0,0.57,2.4
2013-03-02,1.6,-1.6,6.6,10564,0.1,0.54,2.3
2013-03-03,2.7,-1.5,6.1,5303,0.0,0.54,2.3
2013-03-04,2.3,-2.7,9.1,12397,0.0,0.51,2.0
2013-03-05,4.3,-1.5,12.2,12803,0.0,0.57,2.0
2013-03-06,4.5,-1.4,13.8,12134,0.0,0.59,1.7
2013-03-07,5.4,1.1,9.2,6911,0.1,0.66,2.7
2013-03-08,1.2,0.2,4.2,5059,0.2,0.6,3.3
2013-03-09,0.4,-0.9,2.5,5142,7.7,0.55,3.2
2013-03-10,-2.6,-5.4,-0.5,5224,4.8,0.39,3.4
2013-03-11,-4.8,-6.7,-2.0,6355,0.9,0.36,3.0
2013-03-12,-4.0,-6.3,-0.6,8477,0.1,0.37,2.5
2013-03-13,-6.6,-11.6,0.0,13931,0.0,0.26,1.9
2013-03-14,-5.1,-12.0,1.8,7355,0.0,0.26,1.9
2013-03-15,-4.5,-9.2,0.2,14527,0.0,0.3,1.9
2013-03-16,-3.4,-11.0,2.6,14508,0.0,0.28,3.1
2013-03-17,0.2,-3.1,3.4,10795,0.0,0.47,3.9
2013-03-18,-0.2,-1.7,2.4,5898,5.8,0.52,3.2
2013-03-19,-1.5,-3.2,-0.1,5984,3.4,0.46,3.1
2013-03-20,-0.6,-2.4,5.4,8435,6.0,0.51,2.5
2013-03-21,-1.3,-5.8,1.3,6728,0.6,0.39,2.3
2013-03-22,-2.8,-5.9,0.5,7299,0.0,0.38,3.4
2013-03-23,-6.2,-9.7,-2.6,15537,0.0,0.29,4.8
2013-03-24,-5.4,-12.5,0.1,16575,0.0,0.25,4.6
2013-03-25,-3.1,-6.9,1.4,16443,0.0,0.36,4.4
2013-03-26,-2.6,-7.3,2.1,15017,0.0,0.36,3.6
2013-03-27,-0.8,-5.1,3.0,12068,0.0,0.42,3.1
2013-03-28,0.1,-2.0,2.5,8469,0.5,0.51,2.5
2013-03-29,0.4,-1.5,2.5,6845,4.3,0.53,2.1
2013-03-30,0.5,-0.4,2.4,6931,0.1,0.57,1.8
2013-03-31,-0.3,-3.9,1.9,11537,0.4,0.45,2.2
2013-04-01,-0.2,-4.5,3.8,15790,0.0,0.43,2.3
2013-04-02,-0.5,-7.9,3.2,9790,0.0,0.34,2.9
2013-04-03,0.2,-3.2,3.3,11987,0.0,0.47,3.3
2013-04-04,1.0,-2.5,3.6,9677,0.0,0.49,3.2
2013-04-05,2.0,0.7,4.1,7442,0.0,0.62,2.7
2013-04-06,2.4,-1.5,6.1,8167,0.0,0.54,2.0
2013-04-07,3.1,-2.6,9.3,18987,0.0,0.52,2.0
2013-04-08,4.4,-1.2,9.2,18380,0.0,0.57,2.3
2013-04-09,5.1,2.1,9.6,9079,0.0,0.7,2.9
2013-04-10,6.1,2.4,9.4,7860,0.0,0.71,3.0
2013-04-11,8.6,3.9,13.7,8381,6.8,0.81,2.7
2013-04-12,10.2,8.0,14.1,10670,2.9,1.05,3.2
2013-04-13,9.7,4.0,13.8,10654,0.0,0.81,3.3
2013-04-14,11.1,1.9,18.6,16762,0.0,0.75,2.2
2013-04-15,16.1,9.2,23.7,17890,0.2,1.21,2.3
2013-04-16,15.7,11.2,20.5,11381,0.0,1.33,2.2
2013-04-17,15.9,12.1,20.2,12377,0.0,1.4,2.0
2013-04-18,16.9,12.1,24.3,16897,0.0,1.45,3.8
2013-04-19,12.0,7.1,15.8,12226,0.0,1.0,2.9
2013-04-20,8.1,3.1,13.4,21357,0.0,0.77,3.1
2013-04-21,10.9,3.1,16.9,20910,0.0,0.79,2.2
2013-04-22,10.9,4.6,18.1,15497,0.0,0.88,1.8
2013-04-23,12.6,7.2,17.8,12240,0.0,1.02,2.9
2013-04-24,13.5,6.5,19.3,22785,0.0,0.99,2.2
2013-04-25,15.8,12.5,20.4,13927,0.0,1.42,1.6
2013-04-26,17.6,7.3,24.6,17177,9.9,1.11,2.4
2013-04-27,7.9,5.9,10.4,9172,1.6,0.9,2.8
2013-04-28,9.3,5.0,15.0,17608,0.0,0.88,1.9
2013-04-29,11.0,7.5,16.1,12503,0.0,1.03,2.6
2013-04-30,10.7,5.7,15.4,17561,0.0,0.92,2.3
2013-05-01,11.6,5.7,17.0,18010,0.0,0.93,2.3
2013-05-02,11.9,6.2,16.6,9515,0.0,0.95,2.2
2013-05-03,12.2,5.6,17.4,19386,0.0,0.93,1.9
2013-05-04,12.4,1.9,19.5,25352,0.0,0.77,2.0
2013-05-05,14.7,6.0,22.1,24494,0.0,1.01,1.8
2013-05-06,16.4,6.9,23.6,20376,0.0,1.07,2.0
2013-05-07,17.7,12.8,23.9,11886,29.2,1.49,1.9
2013-05-08,17.9,14.0,23.5,18368,0.0,1.6,2.0
2013-05-09,16.5,12.4,22.1,13228,8.6,1.44,2.0
2013-05-10,14.7,8.5,18.3,13415,0.0,1.11,2.5
2013-05-11,12.5,7.7,17.6,14210,2.2,1.06,2.1
2013-05-12,10.7,6.6,17.1,15861,4.5,0.98,2.7
2013-05-13,11.0,4.9,15.9,19106,0.6,0.88,2.9
2013-05-14,12.5,9.4,16.5,13294,0.4,1.16,2.5
2013-05-15,17.9,9.1,25.4,25626,0.2,1.23,2.5
2013-05-16,20.2,13.0,26.2,21891,0.0,1.54,2.4
2013-05-17,21.6,16.7,27.7,22821,0.0,1.91,2.4
2013-05-18,14.5,10.0,19.3,11665,9.0,1.23,2.3
2013-05-19,14.3,9.7,20.8,23447,0.1,1.23,2.2
2013-05-20,14.2,10.5,17.3,10525,0.0,1.25,2.5
2013-05-21,13.3,9.2,17.8,17257,0.3,1.15,2.4
2013-05-22,9.8,5.6,12.6,10613,6.1,0.89,3.8
2013-05-23,9.7,3.6,15.0,23936,0.0,0.81,2.2
2013-05-24,10.7,5.6,14.5,18524,0.0,0.91,1.8
2013-05-25,9.3,7.7,11.6,10735,39.3,1.02,2.4
2013-05-26,11.7,9.7,13.8,10773,6.0,1.17,3.8
2013-05-27,12.4,7.8,18.1,19783,0.0,1.07,2.5
2013-05-28,13.2,9.6,18.3,12716,2.9,1.19,1.9
2013-05-29,14.0,10.0,19.2,13750,0.8,1.23,2.3
2013-05-30,16.0,11.1,20.9,13410,5.7,1.33,2.1
2013-05-31,16.4,13.0,23.0,14943,17.4,1.51,3.6
2013-06-01,17.3,14.0,22.5,15100,12.5,1.58,3.4
2013-06-02,12.9,11.1,16.1,11000,1.5,1.28,4.1
2013-06-03,13.8,10.1,19.4,20545,0.0,1.24,3.2
2013-06-04,13.9,8.1,20.4,21703,0.0,1.11,2.3
2013-06-05,15.0,6.2,21.8,29504,0.0,1.01,1.8
2013-06-06,16.2,6.4,23.6,29911,0.0,1.05,1.8
2013-06-07,18.3,9.6,25.1,29563,0.0,1.27,1.7
2013-06-08,19.0,12.8,24.9,22309,0.0,1.5,1.9
2013-06-09,17.8,10.8,24.1,25092,3.3,1.33,2.1
2013-06-10,17.1,11.5,22.6,26243,0.0,1.37,2.1
2013-06-11,17.1,8.2,24.3,27140,0.0,1.16,1.6
2013-06-12,18.7,9.9,25.2,25272,0.0,1.28,1.9
2013-06-13,21.1,14.9,26.8,18752,7.2,1.72,2.8
2013-06-14,15.8,11.4,20.9,16501,0.0,1.34,2.7
2013-06-15,17.3,9.8,24.1,21287,0.0,1.26,2.7
2013-06-16,16.7,12.1,21.9,19912,0.0,1.41,2.5
2013-06-17,19.6,12.6,26.1,26203,0.0,1.5,1.8
2013-06-18,22.5,16.5,28.6,27465,0.0,1.91,1.8
2013-06-19,26.4,17.4,33.6,28472,0.0,2.08,2.2
2013-06-20,24.8,18.9,30.9,23570,25.4,2.23,2.3
2013-06-21,20.6,16.3,24.9,24574,0.0,1.83,3.2
2013-06-22,19.8,15.1,24.7,23691,0.0,1.71,2.8
2013-06-23,18.7,14.3,23.4,17026,0.0,1.62,3.2
2013-06-24,17.1,13.0,21.7,18151,0.4,1.49,2.5
2013-06-25,13.2,12.4,15.0,11234,24.8,1.38,3.0
2013-06-26,12.9,9.6,16.3,12733,0.0,1.17,3.2
2013-06-27,13.4,8.6,18.7,19000,0.6,1.13,2.2
2013-06-28,14.7,10.4,20.2,16477,0.4,1.27,2.2
2013-06-29,14.5,9.5,19.8,11820,1.7,1.19,3.0
2013-06-30,12.5,7.7,16.9,16070,0.1,1.04,2.4
2013-07-01,18.6,13.0,25.6,21066,13.0,1.53,2.2
2013-07-02,18.3,13.8,23.2,23300,0.0,1.57,1.7
2013-07-03,21.1,15.3,28.4,20395,0.0,1.79,2.2
2013-07-04,19.2,16.1,23.3,13486,2.6,1.81,1.7
2013-07-05,19.5,15.5,24.2,17842,0.0,1.75,1.8
2013-07-06,18.5,13.1,24.0,29067,0.0,1.53,1.9
2013-07-07,18.7,10.0,25.1,30156,0.0,1.3,2.0
2013-07-08,20.2,11.8,27.3,29742,0.0,1.45,2.2
2013-07-09,20.4,13.4,27.1,29577,0.0,1.59,1.9
2013-07-10,17.5,13.3,22.9,22178,0.0,1.53,2.7
2013-07-11,17.5,13.0,22.6,15536,0.0,1.51,2.6
2013-07-12,17.1,12.2,22.8,15998,0.0,1.43,1.9
2013-07-13,18.5,10.8,25.5,26158,0.0,1.37,2.0
2013-07-14,16.6,13.0,19.6,10952,0.0,1.47,2.3
2013-07-15,17.3,10.9,24.3,24693,0.0,1.35,2.0
2013-07-16,19.6,11.9,26.7,26501,0.0,1.47,1.6
2013-07-17,21.1,12.9,28.1,27559,0.0,1.56,1.7
2013-07-18,21.4,14.1,28.6,26387,0.0,1.68,2.2
2013-07-19,21.1,14.5,27.3,24844,0.0,1.69,2.7
2013-07-20,21.1,14.1,27.0,28485,0.0,1.66,2.0
2013-07-21,21.4,11.4,29.5,29527,0.0,1.48,1.7
2013-07-22,23.6,12.2,31.7,29332,0.0,1.58,1.4
2013-07-23,22.6,14.3,29.9,28767,0.0,1.73,1.8
2013-07-24,23.0,14.3,30.2,26360,0.0,1.72,1.8
2013-07-25,24.6,18.9,31.0,22979,0.0,2.2,1.4
2013-07-26,25.8,18.6,31.8,18750,0.4,2.19,1.4
2013-07-27,27.2,20.2,34.3,23689,0.7,2.45,1.7
2013-07-28,26.9,19.5,35.0,19713,12.5,2.37,2.4
2013-07-29,21.2,18.1,25.2,11006,4.0,2.03,2.0
2013-07-30,20.0,17.2,25.0,19447,1.1,1.92,2.9
2013-07-31,20.4,17.2,26.6,15859,0.0,1.96,2.8
2013-08-01,22.9,17.0,29.9,20626,0.0,1.97,1.7
2013-08-02,27.1,18.0,35.0,27058,0.0,2.19,1.9
2013-08-03,26.0,19.6,33.0,20100,3.2,2.34,2.4
2013-08-04,20.8,16.2,24.9,13892,5.6,1.82,1.6
2013-08-05,21.6,14.9,28.2,24601,0.0,1.74,1.9
2013-08-06,23.2,18.0,29.9,19841,15.6,2.1,2.3
2013-08-07,21.3,17.4,25.7,11887,4.1,1.96,2.1
2013-08-08,20.5,16.0,24.7,14312,5.8,1.8,2.3
2013-08-09,17.3,13.5,22.5,14471,0.0,1.54,1.6
2013-08-10,17.9,12.0,25.4,18998,6.1,1.44,2.2
2013-08-11,16.4,13.3,22.0,15132,0.2,1.52,2.4
2013-08-12,16.6,12.6,23.4,14929,2.9,1.47,2.3
2013-08-13,15.8,11.8,22.5,20812,0.4,1.4,2.8
2013-08-14,14.3,10.7,20.5,17671,0.5,1.29,2.3
2013-08-15,17.2,9.0,23.8,21874,0.0,1.21,1.7
2013-08-16,21.1,15.4,27.7,20483,0.0,1.78,1.9
2013-08-17,20.3,13.9,26.1,18753,0.0,1.62,1.8
2013-08-18,20.4,16.8,28.1,11511,0.6,1.94,2.5
2013-08-19,17.8,14.1,21.1,9020,2.1,1.58,2.0
2013-08-20,16.7,13.1,23.2,16935,0.0,1.5,2.0
2013-08-21,16.7,11.1,23.0,13984,0.0,1.34,1.5
2013-08-22,17.0,9.4,24.4,17509,0.0,1.25,1.4
2013-08-23,18.3,11.1,24.1,20438,0.0,1.36,2.0
2013-08-24,18.2,11.5,24.7,21655,0.0,1.41,2.5
2013-08-25,18.6,12.7,25.1,21741,0.0,1.49,2.6
2013-08-26,17.0,10.4,23.5,22601,0.0,1.31,2.6
2013-08-27,16.5,10.3,22.6,11827,0.0,1.28,1.9
2013-08-28,17.2,12.8,24.8,12391,0.0,1.5,1.5
2013-08-29,17.3,10.1,25.0,18208,0.0,1.3,1.3
2013-08-30,18.8,11.5,26.1,18729,0.0,1.42,1.6
2013-08-31,18.0,11.0,23.7,12191,0.5,1.34,2.5
2013-09-01,14.2,9.0,19.0,11223,0.0,1.15,2.9
2013-09-02,15.1,13.0,17.4,7688,3.7,1.45,3.8
2013-09-03,17.1,16.0,19.6,7606,4.7,1.76,2.2
2013-09-04,16.5,12.5,20.3,9751,0.0,1.44,1.3
2013-09-05,17.9,10.9,24.3,20518,0.0,1.35,2.1
2013-09-06,19.5,13.7,26.2,20356,0.0,1.59,2.4
2013-09-07,20.0,13.1,27.3,18943,0.0,1.57,1.8
2013-09-08,18.7,13.7,24.5,11744,13.4,1.58,2.3
2013-09-09,13.3,9.9,15.4,7309,8.4,1.19,2.5
2013-09-10,12.5,9.1,18.3,7734,1.6,1.16,2.6
2013-09-11,11.6,8.9,14.5,6934,1.1,1.12,2.6
2013-09-12,12.5,9.1,16.3,7555,0.0,1.13,1.9
2013-09-13,14.7,11.3,19.7,15678,0.0,1.33,1.8
2013-09-14,15.6,10.2,22.2,13740,0.1,1.27,2.2
2013-09-15,14.6,12.4,16.7,7284,0.4,1.4,2.3
2013-09-16,12.9,9.4,17.4,7096,0.3,1.17,3.2
2013-09-17,10.9,5.8,16.6,14303,0.6,0.93,3.3
2013-09-18,9.6,6.9,13.5,6627,5.9,0.98,2.7
2013-09-19,11.1,7.3,15.4,8360,0.4,1.01,2.5
2013-09-20,12.4,10.2,15.7,6262,1.2,1.21,2.4
2013-09-21,13.4,10.9,17.2,9099,0.0,1.27,1.7
2013-09-22,14.0,10.0,17.3,6278,0.0,1.2,2.2
2013-09-23,16.4,14.7,18.6,6377,0.3,1.62,2.7
2013-09-24,13.2,8.3,15.4,5828,6.1,1.08,1.7
2013-09-25,9.4,4.8,13.6,6018,3.4,0.86,1.6
2013-09-26,9.2,5.6,13.3,8643,0.1,0.9,2.2
2013-09-27,9.4,4.6,15.2,10504,0.0,0.86,1.6
2013-09-28,8.9,3.6,15.8,10199,0.0,0.81,1.9
2013-09-29,8.9,3.2,14.9,15264,0.0,0.79,3.3
2013-09-30,8.5,4.2,14.4,14132,0.0,0.83,2.9
2013-10-01,7.9,2.3,14.0,12931,0.0,0.74,2.3
2013-10-02,6.7,-0.3,14.2,12777,0.0,0.63,2.9
2013-10-03,7.3,2.2,12.8,14063,0.0,0.72,3.5
2013-10-04,8.9,2.9,15.0,12216,0.0,0.77,2.9
2013-10-05,9.8,7.8,12.5,4921,4.6,1.03,1.7
2013-10-06,12.4,9.1,15.9,5006,0.2,1.14,1.4
2013-10-07,13.8,11.8,17.2,5251,0.0,1.36,1.4
2013-10-08,13.0,9.3,16.4,5248,0.0,1.15,1.3
2013-10-09,13.4,11.0,16.8,4606,1.6,1.27,2.2
2013-10-10,9.4,7.5,12.5,4528,6.2,1.01,2.2
2013-10-11,13.1,8.2,16.4,4686,15.5,1.08,2.5
2013-10-12,12.2,10.2,14.1,4376,24.5,1.2,2.3
2013-10-13,8.1,4.0,11.9,8044,0.0,0.81,2.1
2013-10-14,9.3,3.3,15.2,7854,0.1,0.79,2.0
2013-10-15,10.3,7.9,12.2,4152,5.9,1.03,2.3
2013-10-16,8.0,5.9,10.3,4079,0.4,0.89,1.9
2013-10-17,11.2,6.4,15.8,5542,2.8,0.96,4.0
2013-10-18,9.0,2.8,12.5,7549,0.0,0.75,2.3
2013-10-19,7.9,1.7,12.7,7294,0.1,0.7,2.4
2013-10-20,15.4,11.4,18.8,5067,0.1,1.32,2.3
2013-10-21,14.6,11.7,17.8,6729,0.0,1.35,2.5
2013-10-22,14.9,9.3,20.9,8834,0.0,1.18,2.5
2013-10-23,16.5,14.2,19.7,4070,0.1,1.59,3.1
2013-10-24,12.9,5.5,16.5,8243,0.0,0.92,2.2
2013-10-25,10.9,4.5,15.2,3462,1.1,0.85,2.1
2013-10-26,15.7,13.2,19.2,4582,3.9,1.48,2.7
2013-10-27,15.4,11.5,19.3,5090,0.7,1.33,4.4
2013-10-28,14.9,11.8,20.6,3723,0.9,1.37,5.3
2013-10-29,11.7,8.1,14.9,6258,0.0,1.05,3.9
2013-10-30,8.8,5.4,12.7,7165,0.0,0.89,2.7
2013-10-31,6.8,2.4,12.4,8482,0.0,0.73,2.4
2013-11-01,8.7,5.1,11.8,3771,1.1,0.86,2.6
2013-11-02,9.9,7.2,12.4,2980,3.8,0.98,2.8
2013-11-03,9.3,5.4,11.4,3700,1.8,0.88,4.2
2013-11-04,8.7,6.0,12.2,3283,4.6,0.92,4.1
2013-11-05,7.5,4.9,10.3,4215,2.9,0.85,3.3
2013-11-06,7.1,4.7,9.6,3283,7.6,0.83,3.8
2013-11-07,10.9,7.4,15.1,3112,5.1,1.02,3.6
2013-11-08,9.1,7.5,11.4,3731,2.1,1.0,2.1
2013-11-09,8.8,4.5,11.4,4502,1.2,0.82,4.0
2013-11-10,6.0,3.3,7.7,2951,0.1,0.75,2.9
2013-11-11,5.2,1.2,8.6,3822,0.0,0.66,1.9
2013-11-12,4.4,0.8,7.1,4029,1.0,0.63,2.2
2013-11-13,6.6,2.7,10.0,4654,0.0,0.73,2.0
2013-11-14,3.6,0.3,7.9,4952,0.0,0.62,1.9
2013-11-15,3.5,1.6,4.4,2347,0.0,0.66,1.8
2013-11-16,2.1,0.2,3.5,2307,0.0,0.6,2.2
2013-11-17,5.4,3.1,7.4,2267,0.2,0.74,1.6
2013-11-18,5.5,4.7,6.5,2229,0.0,0.82,1.9
2013-11-19,5.8,4.6,8.1,2637,5.0,0.82,2.0
2013-11-20,4.3,2.9,5.4,2156,10.0,0.73,2.2
2013-11-21,1.9,-1.1,3.9,2267,4.6,0.55,2.0
2013-11-22,3.8,2.0,5.0,2088,1.7,0.68,2.6
2013-11-23,5.8,2.8,7.7,2056,0.0,0.73,2.4
2013-11-24,2.5,-1.0,6.0,2353,0.1,0.56,2.9
2013-11-25,0.0,-2.4,3.2,5014,0.0,0.5,2.3
2013-11-26,-0.5,-3.3,2.7,5187,0.0,0.47,1.6
2013-11-27,0.7,-3.0,4.6,1939,0.8,0.48,2.2
2013-11-28,6.7,4.4,8.4,2680,0.0,0.8,2.9
2013-11-29,5.2,4.0,6.5,1887,5.3,0.78,3.3
2013-11-30,4.5,3.3,6.1,1908,0.6,0.75,2.6
2013-12-01,5.9,3.5,8.0,1840,0.0,0.76,2.6
2013-12-02,1.3,-1.4,4.0,4004,0.0,0.54,1.8
2013-12-03,-0.1,-1.5,1.3,1798,0.0,0.52,1.7
2013-12-04,1.7,-2.4,5.2,1779,1.4,0.5,2.9
2013-12-05,2.9,-0.3,4.5,1761,5.4,0.58,5.3
2013-12-06,0.9,-0.1,1.9,1786,4.4,0.58,6.9
2013-12-07,0.9,-0.3,1.7,2277,0.9,0.57,3.8
2013-12-08,4.0,0.0,8.3,1713,5.2,0.61,3.5
2013-12-09,8.9,7.8,9.6,1700,3.9,1.01,3.4
2013-12-10,8.5,6.6,9.2,1687,1.0,0.94,1.8
2013-12-11,5.5,3.2,7.0,1676,0.1,0.74,1.9
2013-12-12,2.9,1.2,4.1,1666,0.0,0.64,2.0
2013-12-13,0.8,-0.9,3.6,3260,0.0,0.55,1.9
2013-12-14,1.0,-1.3,4.9,1649,0.1,0.54,2.5
2013-12-15,3.8,1.1,6.8,1643,1.4,0.64,3.0
2013-12-16,4.6,0.8,9.7,4491,0.0,0.65,2.8
2013-12-17,5.9,3.1,9.2,2569,0.0,0.74,1.9
2013-12-18,2.9,0.1,5.5,1873,0.0,0.6,2.2
2013-12-19,4.4,2.5,7.0,1627,1.0,0.71,3.0
2013-12-20,4.0,1.6,6.6,1627,0.0,0.66,2.5
2013-12-21,4.6,1.6,6.9,1830,2.1,0.66,3.7
2013-12-22,8.0,4.7,10.7,2359,3.1,0.83,4.2
2013-12-23,6.5,4.5,8.4,3623,0.0,0.82,3.8
2013-12-24,9.0,6.9,11.3,1634,0.0,0.97,4.8
2013-12-25,7.7,5.9,9.3,1639,3.7,0.89,2.8
2013-12-26,5.7,2.4,7.3,1645,3.6,0.71,1.8
2013-12-27,6.5,4.8,7.7,4236,0.0,0.83,3.9
2013-12-28,8.0,5.8,10.4,1660,9.4,0.9,2.9
2013-12-29,5.8,3.9,7.3,1999,1.2,0.78,3.1
2013-12-30,2.8,0.6,5.1,4583,0.0,0.61,2.8
2013-12-31,1.5,0.0,4.7,4025,0.0,0.59,2.5
2014-01-01,1.3,-0.6,3.9,1746,0.0,0.56,2.7
2014-01-02,4.2,0.2,7.4,1718,0.0,0.61,3.2
2014-01-03,6.0,1.6,8.8,3258,0.3,0.67,3.2
2014-01-04,5.7,3.6,7.5,2175,0.0,0.77,2.9
2014-01-05,5.1,1.2,7.5,1766,0.2,0.66,2.6
2014-01-06,4.6,0.4,8.0,2044,10.6,0.62,3.3
2014-01-07,8.9,6.8,11.5,4198,2.0,0.96,3.3
2014-01-08,8.3,4.8,10.8,2089,1.5,0.84,3.1
2014-01-09,8.3,3.5,12.5,1892,1.3,0.78,4.0
2014-01-10,6.4,4.1,7.7,1915,0.1,0.79,4.0
2014-01-11,5.6,3.6,8.0,3874,2.2,0.76,3.2
2014-01-12,4.1,1.1,5.8,3464,0.0,0.64,2.8
2014-01-13,2.1,-0.8,5.2,2131,0.0,0.56,2.2
2014-01-14,3.2,0.5,5.7,2854,0.0,0.61,1.5
2014-01-15,3.0,1.5,4.4,2005,0.3,0.65,2.3
2014-01-16,3.0,1.4,4.6,2035,7.4,0.65,2.8
2014-01-17,5.7,2.4,9.2,2496,0.0,0.71,2.3
2014-01-18,4.2,1.9,5.9,4170,0.0,0.68,2.5
2014-01-19,1.0,-2.6,4.9,2134,0.0,0.5,3.3
2014-01-20,-2.0,-3.3,-1.1,2169,0.2,0.46,2.6
2014-01-21,-2.7,-4.3,-1.6,2205,4.0,0.42,1.9
2014-01-22,-4.6,-5.6,-3.8,2243,0.1,0.38,2.0
2014-01-23,-5.0,-6.0,-3.9,2790,0.4,0.37,2.7
2014-01-24,-6.9,-12.6,-4.8,2322,0.6,0.23,2.8
2014-01-25,-12.0,-14.5,-8.7,5122,0.0,0.19,2.6
2014-01-26,-11.2,-14.0,-7.9,4459,0.2,0.2,3.6
2014-01-27,-3.6,-8.3,-1.8,2449,2.3,0.32,3.1
2014-01-28,-2.6,-5.5,0.2,4327,0.0,0.39,2.7
2014-01-29,-5.8,-6.9,-4.5,2540,0.0,0.35,3.4
2014-01-30,-4.5,-5.8,-2.7,2863,0.0,0.38,2.9
2014-01-31,-2.2,-5.1,0.8,3754,0.0,0.41,2.1
2014-02-01,1.5,-3.8,5.3,5855,0.4,0.46,2.9
2014-02-02,2.0,0.7,3.7,2735,0.8,0.62,1.9
2014-02-03,1.6,-0.1,4.3,2845,0.0,0.59,2.3
2014-02-04,1.4,-0.6,5.3,6717,0.0,0.57,2.3
2014-02-05,0.9,-1.7,5.1,6938,0.0,0.53,2.8
2014-02-06,4.7,0.7,10.0,6743,0.4,0.65,3.3
2014-02-07,7.5,3.3,13.0,3250,0.5,0.77,4.5
2014-02-08,6.1,2.4,9.6,4791,0.5,0.71,3.7
2014-02-09,5.7,2.7,9.9,7246,0.0,0.73,4.2
2014-02-10,4.2,-0.1,9.4,7863,0.0,0.61,2.6
2014-02-11,4.6,1.8,8.1,3371,0.0,0.68,3.1
2014-02-12,4.2,1.6,8.8,6221,0.2,0.67,3.2
2014-02-13,5.3,1.7,10.2,6451,4.1,0.69,3.7
2014-02-14,5.1,3.1,8.7,7018,0.2,0.75,3.5
2014-02-15,8.0,3.9,11.9,3496,0.0,0.8,4.3
2014-02-16,7.6,2.8,10.3,6964,0.0,0.74,4.2
2014-02-17,5.6,1.1,10.6,8105,0.0,0.66,2.0
2014-02-18,4.1,0.1,9.2,6484,0.0,0.61,1.8
2014-02-19,5.7,1.6,8.5,3765,0.1,0.67,2.3
2014-02-20,6.7,4.0,10.9,5476,0.0,0.79,2.6
2014-02-21,6.3,3.3,11.7,4844,1.8,0.76,3.0
2014-02-22,5.6,1.5,10.2,9673,0.0,0.67,2.9
2014-02-23,5.6,1.1,10.2,10993,0.0,0.66,2.5
2014-02-24,5.5,-0.1,12.3,11145,0.0,0.62,2.6
2014-02-25,6.2,0.3,13.5,10694,0.0,0.65,2.4
2014-02-26,7.0,3.1,12.7,7022,0.0,0.77,1.7
2014-02-27,7.0,4.5,11.3,4811,0.3,0.83,2.1
2014-02-28,4.9,0.4,7.8,4658,0.2,0.62,2.0
2014-03-01,4.2,-2.6,11.3,10659,0.0,0.53,1.6
2014-03-02,4.2,-0.7,10.1,6654,0.0,0.59,1.8
2014-03-03,5.7,2.0,11.0,9657,0.0,0.71,2.6
2014-03-04,5.7,0.2,11.2,5715,0.4,0.63,1.3
2014-03-05,6.3,2.8,10.9,6628,0.0,0.74,1.5
2014-03-06,5.4,1.4,8.9,7143,0.0,0.66,1.7
2014-03-07,4.4,-0.9,10.6,10020,0.0,0.58,2.0
2014-03-08,7.0,3.0,13.5,14140,0.0,0.76,1.9
2014-03-09,8.5,1.9,17.4,13798,0.0,0.75,2.4
2014-03-10,8.1,0.9,17.6,14484,0.0,0.71,1.9
2014-03-11,7.3,1.6,15.1,12908,0.0,0.72,2.3
2014-03-12,6.0,-2.0,15.1,15180,0.0,0.58,1.7
2014-03-13,7.6,-1.5,17.5,15267,0.0,0.62,1.3
2014-03-14,6.5,1.2,11.9,14902,0.8,0.68,1.9
2014-03-15,8.6,6.0,11.9,8997,2.5,0.91,5.2
2014-03-16,9.7,6.1,12.0,5728,0.0,0.91,5.6
2014-03-17,10.1,7.7,12.3,6090,0.2,1.02,4.0
2014-03-18,9.6,7.7,12.7,6270,3.4,1.02,3.1
2014-03-19,9.6,6.9,12.2,6078,0.7,0.97,4.5
2014-03-20,13.3,7.9,20.0,15912,0.0,1.09,3.2
2014-03-21,13.3,3.8,21.6,10163,0.0,0.88,3.7
2014-03-22,7.6,2.0,11.2,7203,2.1,0.7,2.7
2014-03-23,6.9,3.0,10.5,6521,0.3,0.75,2.2
2014-03-24,4.9,1.1,10.3,7488,5.5,0.66,1.7
2014-03-25,4.1,1.4,8.9,8469,4.6,0.66,1.7
2014-03-26,5.7,0.3,12.0,15315,0.0,0.64,2.3
2014-03-27,6.8,1.5,13.0,18463,0.0,0.7,3.0
2014-03-28,5.9,1.3,9.3,6759,0.0,0.66,2.5
2014-03-29,8.2,0.3,17.4,13534,0.0,0.68,2.1
2014-03-30,11.0,1.1,19.9,18157,0.0,0.75,1.3
2014-03-31,9.5,3.1,16.2,9688,0.0,0.79,1.3
2014-04-01,8.6,2.2,14.8,11032,0.1,0.74,1.7
2014-04-02,12.0,5.3,19.7,18327,0.0,0.94,1.8
2014-04-03,12.4,5.5,21.2,17226,0.1,0.96,2.0
2014-04-04,8.7,6.4,11.6,7357,0.2,0.93,2.5
2014-04-05,10.2,6.1,15.7,9351,0.5,0.94,1.7
2014-04-06,12.9,8.6,18.0,14142,1.6,1.11,2.0
2014-04-07,15.5,11.8,19.8,10723,0.0,1.37,2.1
2014-04-08,12.3,6.1,17.7,10824,1.4,0.96,4.2
2014-04-09,8.9,5.8,12.9,10165,8.0,0.9,3.9
2014-04-10,8.1,6.4,10.3,8624,0.1,0.93,2.1
2014-04-11,9.2,7.0,12.2,7942,0.9,0.97,1.6
2014-04-12,10.2,6.1,15.4,12214,1.3,0.94,1.6
2014-04-13,11.2,7.5,15.6,15309,2.4,1.03,3.2
2014-04-14,7.9,4.3,11.3,12529,1.4,0.81,4.8
2014-04-15,7.0,2.8,11.5,13526,0.4,0.75,3.4
2014-04-16,7.2,0.2,14.1,21838,0.0,0.65,1.7
2014-04-17,8.6,1.8,14.2,21978,4.6,0.72,2.7
2014-04-18,7.3,2.3,11.9,13721,1.1,0.72,2.7
2014-04-19,10.7,0.4,20.8,17239,0.0,0.73,2.8
2014-04-20,15.3,9.3,20.4,17466,1.2,1.18,3.1
2014-04-21,14.2,11.3,19.3,17004,1.4,1.32,2.3
2014-04-22,15.1,9.9,21.9,16074,6.3,1.25,1.7
2014-04-23,14.1,7.5,21.8,14555,0.1,1.08,1.7
2014-04-24,12.1,8.0,17.2,11396,0.0,1.06,2.1
2014-04-25,16.4,8.1,22.9,23958,0.0,1.14,2.4
2014-04-26,15.9,7.3,23.5,20688,0.0,1.1,1.9
2014-04-27,15.0,10.5,20.5,20329,0.0,1.27,2.3
2014-04-28,15.8,8.4,22.1,24206,0.0,1.15,1.7
2014-04-29,14.9,5.8,22.7,24441,0.0,0.99,1.4
2014-04-30,15.2,9.4,21.8,20406,0.2,1.21,1.6
2014-05-01,14.2,8.2,19.5,15394,7.2,1.11,2.0
2014-05-02,6.0,3.7,8.7,9515,3.1,0.77,2.6
2014-05-03,8.0,1.8,14.7,25724,0.0,0.72,2.5
2014-05-04,6.8,2.3,9.9,9645,0.0,0.71,2.0
2014-05-05,9.7,5.1,15.0,14517,0.0,0.88,1.5
2014-05-06,13.3,4.7,20.3,15796,0.4,0.91,2.6
2014-05-07,13.8,9.8,19.7,18167,0.1,1.21,3.0
2014-05-08,12.4,9.3,16.7,13162,4.9,1.15,3.2
2014-05-09,13.3,8.8,19.9,14077,3.8,1.14,3.7
2014-05-10,12.6,8.9,17.4,14388,4.6,1.13,3.2
2014-05-11,11.7,8.9,16.2,14697,2.3,1.12,4.3
2014-05-12,11.2,8.9,15.3,14274,2.7,1.11,3.8
2014-05-13,10.8,5.8,15.9,14703,0.2,0.93,2.9
2014-05-14,9.2,5.2,13.5,14029,0.6,0.88,3.1
2014-05-15,10.9,6.3,17.1,17402,0.2,0.96,2.5
2014-05-16,12.3,4.3,19.7,25579,0.0,0.89,2.6
2014-05-17,14.3,7.2,21.3,21589,2.2,1.06,2.1
2014-05-18,11.7,9.4,14.1,10679,18.4,1.14,1.8
2014-05-19,14.0,9.8,19.4,16037,0.0,1.21,1.7
2014-05-20,19.0,8.6,27.4,28828,0.0,1.24,1.7
2014-05-21,21.4,11.6,28.5,27658,0.0,1.47,2.1
2014-05-22,23.7,16.9,30.5,27722,0.0,1.98,2.3
2014-05-23,19.2,13.6,22.9,16489,0.0,1.54,2.0
2014-05-24,17.6,11.6,23.3,20761,0.0,1.39,1.8
2014-05-25,18.2,12.5,25.0,25288,0.0,1.48,1.8
2014-05-26,19.6,13.2,25.9,24469,0.0,1.55,2.4
2014-05-27,15.1,10.1,22.0,11682,16.7,1.26,3.0
2014-05-28,9.7,7.3,11.0,10845,18.4,0.99,3.2
2014-05-29,9.0,5.2,12.1,11503,0.0,0.87,2.2
2014-05-30,13.0,3.7,20.2,27276,0.0,0.85,2.0
2014-05-31,14.1,8.1,20.9,25194,0.0,1.12,2.4
2014-06-01,12.6,6.9,18.3,26358,0.0,1.01,1.7
2014-06-02,14.4,6.0,20.8,24894,0.0,0.98,1.4
2014-06-03,15.0,9.1,21.1,14533,0.0,1.17,1.3
2014-06-04,18.1,13.0,23.3,22329,0.4,1.5,2.0
2014-06-05,15.9,10.7,20.7,18096,0.5,1.29,2.9
2014-06-06,17.3,8.5,24.9,29911,0.0,1.19,1.9
2014-06-07,21.4,10.5,31.2,27932,0.0,1.42,1.6
2014-06-08,25.3,14.7,34.0,26953,4.2,1.85,1.8
2014-06-09,24.2,16.5,31.6,25469,0.6,1.96,2.0
2014-06-10,25.0,19.0,31.2,22852,0.1,2.22,2.0
2014-06-11,21.3,17.4,27.7,15960,10.5,2.0,2.2
2014-06-12,17.4,13.5,21.7,25147,0.0,1.53,2.3
2014-06-13,15.2,11.9,20.1,15485,0.6,1.39,2.8
2014-06-14,15.1,9.4,20.0,18889,4.1,1.2,2.5
2014-06-15,15.9,7.2,22.1,27069,0.0,1.07,2.2
2014-06-16,15.2,7.5,20.2,23683,0.0,1.07,2.4
2014-06-17,17.5,10.4,23.6,22181,0.0,1.29,2.1
2014-06-18,16.4,6.7,23.5,27842,0.0,1.07,2.4
2014-06-19,15.2,12.6,19.5,12382,0.2,1.43,3.3
2014-06-20,15.1,11.3,20.3,15903,0.1,1.34,3.4
2014-06-21,14.2,10.9,18.7,14016,0.6,1.28,2.8
2014-06-22,14.5,9.9,20.0,19795,0.2,1.23,2.9
2014-06-23,14.0,9.0,20.1,19288,0.0,1.16,2.5
2014-06-24,14.4,9.6,20.4,14507,28.8,1.2,1.8
2014-06-25,12.4,9.1,15.4,11486,14.7,1.13,2.1
2014-06-26,14.4,6.8,21.1,25039,0.0,1.03,1.4
2014-06-27,17.4,8.0,23.8,26156,0.2,1.15,1.6
2014-06-28,18.6,13.7,24.7,18234,0.5,1.59,1.9
2014-06-29,15.7,13.4,18.5,11946,0.2,1.5,2.3
2014-06-30,15.1,11.6,20.1,15819,4.3,1.36,2.3
2014-07-01,15.0,9.9,20.7,23197,0.0,1.23,1.9
2014-07-02,15.5,9.8,21.5,21295,0.0,1.23,2.0
2014-07-03,18.0,10.2,24.8,25405,0.0,1.31,2.0
2014-07-04,23.3,11.9,32.3,28632,0.0,1.56,2.0
2014-07-05,23.4,18.3,29.5,17591,0.0,2.12,2.5
2014-07-06,24.8,17.3,30.6,27442,0.0,2.04,2.3
2014-07-07,21.9,17.4,25.4,18660,28.1,1.96,2.2
2014-07-08,19.7,16.7,26.3,13635,9.6,1.89,2.7
2014-07-09,20.8,16.5,27.1,16600,8.1,1.88,3.2
2014-07-10,21.9,15.3,29.3,22926,1.8,1.8,2.3
2014-07-11,20.1,13.1,27.4,27246,2.9,1.57,2.3
2014-07-12,16.3,12.7,22.4,19857,0.1,1.46,2.0
2014-07-13,16.5,10.9,23.1,20313,7.1,1.32,2.1
2014-07-14,19.9,15.2,25.6,20021,0.6,1.73,2.6
2014-07-15,21.3,17.2,26.7,24941,0.0,1.97,1.9
2014-07-16,21.5,16.0,27.5,21045,0.0,1.84,1.3
2014-07-17,22.5,15.1,29.0,27188,0.0,1.77,1.3
2014-07-18,23.1,14.6,30.5,28613,0.0,1.75,1.5
2014-07-19,24.9,15.5,32.4,28180,0.0,1.89,2.0
2014-07-20,26.0,16.6,34.8,24907,0.0,2.05,2.2
2014-07-21,24.1,17.6,30.8,21517,0.0,2.07,2.5
2014-07-22,22.9,16.4,30.4,23917,0.0,1.92,2.7
2014-07-23,22.4,15.9,29.8,27292,0.0,1.86,2.6
2014-07-24,18.9,15.3,23.9,12128,12.6,1.72,2.3
2014-07-25,19.1,16.8,23.3,10852,11.7,1.86,1.8
2014-07-26,22.3,16.9,29.4,20584,0.0,1.96,1.6
2014-07-27,23.7,17.7,30.7,18196,1.0,2.06,1.7
2014-07-28,23.0,19.5,27.9,18617,9.1,2.23,1.7
2014-07-29,21.8,19.5,30.2,15142,14.4,2.26,1.9
2014-07-30,21.0,18.4,25.6,10829,1.8,2.08,2.4
2014-07-31,19.6,14.7,25.0,24460,0.0,1.67,1.9
2014-08-01,21.1,12.5,27.7,24131,0.0,1.52,1.7
2014-08-02,23.6,19.3,28.6,17408,3.3,2.22,2.0
2014-08-03,22.9,18.8,27.9,19619,2.6,2.16,1.7
2014-08-04,19.7,16.7,23.2,10050,0.3,1.85,1.6
2014-08-05,18.7,15.0,24.8,16097,3.5,1.69,1.7
2014-08-06,19.3,14.0,25.5,22709,0.0,1.63,1.5
2014-08-07,18.7,12.1,24.6,14866,0.3,1.44,1.5
2014-08-08,20.3,13.0,27.8,22512,0.0,1.57,1.5
2014-08-09,21.1,13.4,28.0,19803,5.6,1.6,3.0
2014-08-10,20.3,12.0,28.7,13681,10.4,1.5,2.7
2014-08-11,19.1,14.0,23.2,20669,0.0,1.6,3.1
2014-08-12,16.8,12.5,22.4,19979,1.2,1.46,2.9
2014-08-13,18.1,10.8,25.4,18237,5.6,1.36,2.3
2014-08-14,17.4,13.9,22.2,18371,2.6,1.58,2.6
2014-08-15,15.9,13.2,19.9,13617,2.4,1.48,2.3
2014-08-16,14.9,12.6,19.3,13530,1.3,1.42,2.8
2014-08-17,16.6,12.4,21.0,13672,0.0,1.43,3.6
2014-08-18,16.2,13.1,21.2,14387,0.1,1.49,3.9
2014-08-19,14.2,10.6,20.7,14177,1.5,1.28,2.9
2014-08-20,13.2,9.2,19.5,16935,0.0,1.17,2.6
2014-08-21,13.4,8.4,19.4,16031,0.3,1.11,2.0
2014-08-22,15.5,9.8,21.1,12301,0.0,1.23,2.5
2014-08-23,15.1,10.7,20.7,17394,0.0,1.29,2.4
2014-08-24,12.9,8.6,18.5,17390,2.1,1.12,2.6
2014-08-25,13.6,8.2,18.8,16713,0.4,1.09,1.9
2014-08-26,13.6,8.4,19.4,16373,0.0,1.11,1.9
2014-08-27,14.2,6.8,21.9,20572,0.0,1.05,1.7
2014-08-28,16.1,7.1,23.7,21313,0.0,1.08,1.5
2014-08-29,16.7,11.5,21.6,10316,0.5,1.36,1.9
2014-08-30,17.1,12.5,22.3,11532,1.3,1.45,2.0
2014-08-31,16.0,12.1,20.8,10673,0.0,1.39,1.8
2014-09-01,14.5,11.4,18.3,8094,3.6,1.33,1.9
2014-09-02,15.8,11.8,20.7,12517,0.0,1.38,1.8
2014-09-03,16.4,12.4,21.8,18490,0.0,1.44,2.5
2014-09-04,17.6,10.8,24.8,19936,0.0,1.35,2.3
2014-09-05,19.6,13.2,26.2,18620,0.0,1.55,1.5
2014-09-06,20.0,13.0,27.6,16267,9.9,1.56,1.3
2014-09-07,19.9,14.8,26.0,15400,1.1,1.69,1.3
2014-09-08,17.8,12.6,23.0,14954,0.0,1.47,1.7
2014-09-09,15.2,10.9,20.7,13174,0.0,1.31,2.2
2014-09-10,14.6,11.7,18.4,7836,7.2,1.34,2.2
2014-09-11,13.7,10.5,17.7,10488,0.2,1.25,2.1
2014-09-12,16.1,12.5,19.1,6849,0.6,1.43,2.8
2014-09-13,17.0,15.1,19.2,6764,0.7,1.66,2.2
2014-09-14,16.7,15.1,19.1,6679,2.4,1.67,2.0
2014-09-15,19.3,14.9,25.5,16566,0.0,1.71,1.9
2014-09-16,18.7,13.7,25.2,14349,0.0,1.6,2.1
2014-09-17,18.2,12.5,24.6,16735,0.0,1.48,2.2
2014-09-18,18.1,12.3,24.1,16861,0.1,1.46,1.9
2014-09-19,15.7,10.9,21.0,8935,1.3,1.31,1.6
2014-09-20,16.5,10.9,21.0,6643,5.2,1.31,1.4
2014-09-21,15.2,12.0,18.9,6554,1.0,1.38,2.7
2014-09-22,11.5,9.8,14.0,7961,5.0,1.18,3.7
2014-09-23,10.7,7.0,15.7,13425,0.0,0.99,2.0
2014-09-24,11.8,9.4,15.4,8955,0.0,1.16,2.2
2014-09-25,13.4,10.6,16.9,6838,0.4,1.25,2.9
2014-09-26,14.6,12.2,17.4,5751,0.6,1.38,2.6
2014-09-27,13.5,7.7,18.1,11490,0.0,1.06,1.7
2014-09-28,13.5,5.9,21.0,13573,0.0,0.99,1.5
2014-09-29,16.6,10.1,23.4,10513,0.1,1.28,1.4
2014-09-30,16.9,15.4,19.9,7071,0.1,1.69,1.4
2014-10-01,14.8,10.6,19.7,7491,0.0,1.27,1.2
2014-10-02,15.8,10.7,20.9,5677,0.0,1.3,1.1
2014-10-03,14.8,10.7,20.4,13724,0.0,1.29,1.5
2014-10-04,13.5,8.3,19.5,14314,0.0,1.11,2.2
2014-10-05,12.9,7.1,19.4,12896,0.0,1.03,1.8
2014-10-06,13.4,9.7,19.2,12243,0.0,1.2,2.4
2014-10-07,13.4,9.7,18.2,4844,1.1,1.19,3.3
2014-10-08,14.0,10.0,18.5,7826,4.4,1.21,2.7
2014-10-09,17.2,14.1,20.4,4606,2.0,1.58,2.6
2014-10-10,14.7,12.0,18.4,6185,4.1,1.37,1.9
2014-10-11,14.1,12.1,15.7,4452,3.5,1.36,1.4
2014-10-12,13.4,10.7,16.5,7697,0.3,1.25,1.8
2014-10-13,14.9,11.6,18.6,5447,0.0,1.33,2.0
2014-10-14,14.3,9.9,18.2,6418,0.2,1.21,1.7
2014-10-15,12.8,9.2,18.0,5722,0.0,1.16,1.7
2014-10-16,11.4,8.1,13.9,4153,3.9,1.05,1.9
2014-10-17,13.6,11.9,17.2,5615,0.1,1.36,1.9
2014-10-18,13.5,8.9,18.3,4948,0.0,1.14,2.0
2014-10-19,16.0,9.9,22.7,11152,1.2,1.25,2.8
2014-10-20,14.1,11.9,17.0,5844,2.2,1.35,3.2
2014-10-21,12.5,10.0,15.7,5891,3.3,1.19,3.6
2014-10-22,10.0,8.3,12.3,3660,5.3,1.06,4.7
2014-10-23,11.3,9.7,12.8,3593,0.8,1.17,2.5
2014-10-24,8.7,6.5,10.7,3527,0.0,0.94,2.2
2014-10-25,8.3,5.5,11.3,3462,1.3,0.89,2.0
2014-10-26,11.4,8.5,14.9,4582,0.0,1.08,2.0
2014-10-27,10.9,5.7,16.6,8860,0.0,0.93,2.3
2014-10-28,6.5,1.8,12.1,9246,0.0,0.71,2.2
2014-10-29,5.7,1.9,8.9,6385,0.6,0.69,1.9
2014-10-30,8.8,7.0,10.8,3153,0.0,0.96,1.2
2014-10-31,10.9,8.3,15.1,4642,0.0,1.07,1.6
2014-11-01,12.5,8.3,18.0,7747,0.0,1.09,1.6
2014-11-02,11.5,6.9,17.5,8117,0.4,1.0,2.1
2014-11-03,13.3,10.0,16.7,4596,0.0,1.2,3.3
2014-11-04,10.9,8.8,14.4,2988,0.0,1.11,2.4
2014-11-05,9.9,8.0,11.4,2817,0.2,1.04,1.8
2014-11-06,8.9,7.5,10.6,2765,0.0,1.0,1.7
2014-11-07,7.1,2.9,10.9,7490,0.0,0.74,2.3
2014-11-08,7.7,3.3,13.1,4798,0.0,0.78,2.4
2014-11-09,6.3,0.9,9.0,3503,0.0,0.65,2.0
2014-11-10,7.6,6.7,8.6,2567,1.0,0.94,1.8
2014-11-11,7.0,2.5,11.0,3605,0.0,0.73,2.2
2014-11-12,10.1,8.6,11.3,2476,0.0,1.08,1.9
2014-11-13,10.3,9.7,11.3,2432,0.0,1.16,1.2
2014-11-14,10.1,8.3,12.8,3487,0.0,1.07,2.6
2014-11-15,9.7,8.3,11.1,2347,0.0,1.05,2.7
2014-11-16,8.7,6.5,10.6,2307,0.3,0.93,2.7
2014-11-17,7.3,2.6,12.0,5805,0.3,0.74,2.0
2014-11-18,6.8,4.9,8.4,2229,1.2,0.84,2.7
2014-11-19,4.3,3.7,5.4,2192,0.6,0.76,1.8
2014-11-20,5.0,3.8,6.4,2156,0.0,0.78,1.3
2014-11-21,3.9,1.3,6.1,2122,0.0,0.65,1.5
2014-11-22,5.3,3.4,7.4,2806,0.0,0.75,2.2
2014-11-23,5.4,2.8,8.9,4236,0.0,0.73,2.4
2014-11-24,6.5,4.5,9.8,2775,3.9,0.82,2.3
2014-11-25,3.8,3.1,5.1,1995,0.1,0.73,1.9
2014-11-26,3.9,1.8,5.4,2150,0.0,0.67,2.8
2014-11-27,2.3,-0.2,5.1,4719,0.0,0.58,3.0
2014-11-28,1.0,-0.4,2.3,1912,0.0,0.57,3.7
2014-11-29,-0.6,-1.8,0.4,1887,0.0,0.51,3.3
2014-11-30,-1.1,-2.1,0.1,1863,0.0,0.5,3.0
2014-12-01,-2.6,-3.1,-1.9,1840,0.0,0.47,3.5
2014-12-02,-2.7,-3.1,-2.1,1819,0.0,0.46,2.2
2014-12-03,-1.7,-3.2,-0.5,1798,0.0,0.47,2.0
2014-12-04,1.7,-0.5,4.1,1779,0.0,0.57,1.9
2014-12-05,2.5,1.9,3.3,1761,0.3,0.67,1.5
2014-12-06,3.8,1.2,5.9,2934,0.0,0.65,1.6
2014-12-07,1.9,-0.2,3.9,1728,3.2,0.58,2.6
2014-12-08,3.5,-0.2,5.5,3352,0.0,0.59,2.7
2014-12-09,0.8,-1.3,4.1,4040,0.0,0.54,2.0
2014-12-10,2.1,-1.0,4.3,1687,1.1,0.55,4.0
2014-12-11,3.5,1.8,6.2,1759,5.1,0.67,4.6
2014-12-12,6.7,2.4,9.9,1666,3.8,0.72,5.1
2014-12-13,5.4,3.1,6.5,1657,0.0,0.74,2.7
2014-12-14,2.3,0.4,3.6,1895,0.0,0.6,2.1
2014-12-15,3.4,0.0,6.1,1970,0.4,0.6,2.9
2014-12-16,4.2,1.9,5.9,1637,0.8,0.68,2.5
2014-12-17,2.6,0.5,6.5,1714,2.2,0.62,3.2
2014-12-18,9.1,6.5,12.5,1630,3.2,0.94,3.9
2014-12-19,9.7,4.7,12.2,1627,3.3,0.84,5.1
2014-12-20,5.2,0.9,7.6,1627,8.6,0.64,5.5
2014-12-21,5.7,3.8,7.4,1870,1.2,0.78,4.5
2014-12-22,10.0,7.3,11.9,1628,4.1,0.99,5.9
2014-12-23,10.9,10.1,11.5,1630,0.3,1.19,4.9
2014-12-24,8.3,4.0,10.9,1634,2.1,0.79,4.8
2014-12-25,4.4,1.6,6.7,1884,2.3,0.67,4.2
2014-12-26,-0.9,-4.9,1.7,2544,0.2,0.42,2.0
2014-12-27,-4.5,-7.1,-2.5,3621,0.0,0.35,3.3
2014-12-28,-5.2,-9.1,-2.3,3018,6.6,0.3,2.8
2014-12-29,-3.3,-4.8,-2.3,2206,0.3,0.41,2.6
2014-12-30,-0.7,-2.4,1.9,1679,1.0,0.5,2.3
2014-12-31,3.0,1.6,5.0,1691,1.2,0.66,2.2
2015-01-01,3.5,1.7,4.9,3924,0.2,0.67,2.9
2015-01-02,5.8,2.6,8.5,2097,1.3,0.72,5.0
2015-01-03,4.4,2.6,5.9,1733,0.4,0.71,4.1
2015-01-04,3.5,1.5,5.5,2942,0.2,0.66,3.8
2015-01-05,3.6,2.3,4.2,1766,0.4,0.7,2.8
2015-01-06,1.9,-0.1,3.2,1785,0.0,0.58,1.9
2015-01-07,2.7,-0.6,5.9,1805,0.4,0.58,2.6
2015-01-08,4.0,0.9,6.9,1825,7.9,0.63,4.1
2015-01-09,6.5,3.3,9.6,1848,8.9,0.76,6.2
2015-01-10,8.8,4.7,13.3,1871,3.1,0.85,7.0
2015-01-11,3.4,1.4,5.2,1940,7.1,0.66,5.8
2015-01-12,5.9,3.7,8.0,1921,2.5,0.77,5.4
2015-01-13,9.8,7.4,12.1,2589,2.3,1.0,4.3
2015-01-14,5.6,2.3,8.1,3363,0.8,0.7,4.1
2015-01-15,5.0,0.2,10.1,2005,1.3,0.62,4.2
2015-01-16,7.3,4.3,10.1,3214,1.5,0.81,2.8
2015-01-17,3.1,-1.9,5.1,2543,0.0,0.52,2.1
2015-01-18,-0.1,-2.8,3.1,5373,0.0,0.49,2.1
2015-01-19,-0.7,-3.8,1.3,3009,0.0,0.45,1.4
2015-01-20,0.7,-0.1,1.8,2169,2.1,0.58,1.2
2015-01-21,-0.5,-1.9,0.3,2205,0.0,0.51,1.8
2015-01-22,-0.5,-1.6,0.2,2243,0.1,0.52,2.1
2015-01-23,-0.3,-1.2,0.6,2282,0.0,0.54,1.9
2015-01-24,0.0,-1.2,1.4,3248,0.9,0.54,2.4
2015-01-25,0.7,-0.8,1.7,2363,0.0,0.55,2.2
2015-01-26,2.5,1.2,4.5,2511,8.8,0.64,2.9
2015-01-27,3.2,0.1,4.8,2449,0.1,0.6,3.3
2015-01-28,3.3,0.5,5.6,3303,3.4,0.62,4.2
2015-01-29,2.2,0.1,4.3,3959,3.1,0.59,4.1
2015-01-30,0.7,-0.2,1.6,2587,6.3,0.58,2.7
2015-01-31,0.1,-1.3,1.1,3418,0.8,0.54,2.4
2015-02-01,1.0,-0.9,4.0,3591,0.0,0.55,2.4
2015-02-02,0.8,-1.0,3.1,2965,1.0,0.55,2.9
2015-02-03,-0.2,-2.1,1.2,2787,3.0,0.51,2.0
2015-02-04,-1.2,-2.2,-0.1,2840,0.1,0.5,1.8
2015-02-05,-1.0,-4.1,2.0,6938,0.0,0.44,2.6
2015-02-06,-4.1,-6.8,-1.8,2950,0.0,0.36,3.1
2015-02-07,-0.9,-6.3,4.2,3006,0.1,0.39,3.0
2015-02-08,1.4,-1.1,3.7,8001,1.2,0.54,4.1
2015-02-09,4.2,-0.1,6.4,3122,0.6,0.6,3.8
2015-02-10,5.0,3.8,6.3,3182,0.0,0.77,2.4
2015-02-11,4.8,2.4,5.9,3242,0.0,0.7,1.7
2015-02-12,1.3,-0.7,3.3,3304,0.0,0.56,1.7
2015-02-13,0.2,-1.6,3.5,5467,0.0,0.52,2.2
2015-02-14,0.8,-4.0,6.8,9608,0.0,0.46,2.2
2015-02-15,1.6,-3.8,8.0,9412,0.0,0.48,2.7
2015-02-16,0.7,-1.7,3.5,6556,0.0,0.52,2.5
2015-02-17,0.4,-2.9,3.7,7210,0.0,0.48,1.7
2015-02-18,2.9,0.1,7.4,8365,0.0,0.61,2.1
2015-02-19,2.5,-1.3,7.6,10535,0.0,0.55,2.7
2015-02-20,2.8,-4.0,9.7,7260,0.0,0.48,3.2
2015-02-21,5.6,0.9,10.4,5855,0.0,0.65,3.0
2015-02-22,2.1,-0.9,5.6,4050,0.0,0.56,2.1
2015-02-23,1.4,-1.2,3.1,4050,5.0,0.54,3.3
2015-02-24,2.9,-0.6,7.1,6588,0.1,0.57,3.2
2015-02-25,2.9,-1.2,8.7,7597,0.0,0.56,2.0
2015-02-26,2.6,-2.9,9.5,12370,0.0,0.51,2.1
2015-02-27,3.4,-2.5,10.6,11686,0.7,0.53,2.1
2015-02-28,2.9,-0.5,6.8,9422,0.0,0.58,2.4
2015-03-01,4.0,0.2,9.1,5922,2.5,0.62,3.8
2015-03-02,4.9,1.9,8.3,6893,2.4,0.68,4.7
2015-03-03,4.4,1.4,8.1,9093,2.5,0.66,4.1
2015-03-04,3.0,0.2,6.2,7507,1.4,0.6,3.6
2015-03-05,3.7,1.3,7.1,5887,0.1,0.66,2.7
2015-03-06,5.1,1.3,8.3,4897,0.0,0.66,2.1
2015-03-07,7.7,3.0,12.8,10692,0.0,0.76,2.5
2015-03-08,10.3,4.1,17.7,12867,0.0,0.85,2.3
2015-03-09,8.4,4.2,12.6,11398,0.0,0.82,1.6
2015-03-10,5.9,2.1,10.0,5657,0.5,0.7,2.1
2015-03-11,4.7,1.3,8.7,5656,0.0,0.66,2.4
2015-03-12,2.8,-0.9,5.1,5390,0.0,0.56,2.0
2015-03-13,1.8,-2.8,7.0,7433,0.2,0.5,2.7
2015-03-14,4.1,1.6,6.9,5648,0.8,0.66,2.7
2015-03-15,5.8,4.0,8.4,5643,0.1,0.79,3.2
2015-03-16,8.3,3.8,11.9,11673,0.0,0.79,3.3
2015-03-17,11.0,5.8,16.8,13379,0.0,0.94,2.6
2015-03-18,8.9,2.0,14.9,16135,0.0,0.73,2.0
2015-03-19,5.9,-1.6,13.2,16308,0.0,0.58,1.6
2015-03-20,5.1,-2.9,13.3,15155,0.0,0.54,1.5
2015-03-21,2.6,0.4,4.7,6155,4.0,0.61,2.6
2015-03-22,1.0,-2.0,5.4,17399,0.0,0.52,2.8
2015-03-23,4.3,-1.8,10.9,15731,0.0,0.55,1.8
2015-03-24,7.6,1.4,13.3,10615,0.0,0.69,1.4
2015-03-25,9.0,0.2,15.7,15557,0.0,0.66,2.4
2015-03-26,7.3,4.9,12.0,6586,0.2,0.85,2.5
2015-03-27,6.7,4.1,10.5,8471,1.4,0.8,3.1
2015-03-28,6.9,4.9,10.3,8771,0.3,0.85,2.8
2015-03-29,9.6,6.3,12.5,6845,4.1,0.94,5.0
2015-03-30,6.1,3.4,9.0,8972,6.9,0.76,5.8
2015-03-31,5.7,0.5,11.9,9482,2.9,0.65,7.0
2015-04-01,4.7,1.8,8.4,12274,2.2,0.68,5.7
2015-04-02,3.7,1.2,8.6,12080,1.1,0.66,4.5
2015-04-03,4.9,1.2,9.3,11254,1.3,0.66,2.6
2015-04-04,4.0,-1.2,10.8,16424,0.2,0.57,2.1
2015-04-05,4.3,-2.1,11.0,18049,0.0,0.54,2.1
2015-04-06,5.0,-0.4,10.0,15956,0.0,0.6,2.1
2015-04-07,6.3,-2.4,12.4,14157,0.0,0.55,2.3
2015-04-08,8.4,4.3,11.3,7694,0.0,0.81,2.1
2015-04-09,9.2,3.1,16.7,15158,0.0,0.8,1.5
2015-04-10,11.7,1.8,20.2,20192,0.0,0.77,1.4
2015-04-11,14.2,6.6,22.0,18474,1.8,1.03,3.4
2015-04-12,9.7,5.4,15.2,17287,0.0,0.91,2.9
2015-04-13,9.3,3.2,13.5,15309,0.0,0.78,3.8
2015-04-14,9.9,1.1,15.5,14200,0.0,0.7,2.8
2015-04-15,15.9,9.6,22.9,19233,0.0,1.24,3.1
2015-04-16,10.0,3.8,14.2,22175,0.0,0.81,2.6
2015-04-17,6.9,1.4,12.7,15427,0.0,0.69,2.7
2015-04-18,6.3,-0.1,12.7,19393,0.0,0.63,2.3
2015-04-19,8.1,-0.9,15.6,19632,0.0,0.62,1.9
2015-04-20,10.7,2.7,18.5,23073,0.0,0.79,2.3
2015-04-21,12.8,4.7,21.4,23667,0.0,0.92,2.8
2015-04-22,8.8,4.5,14.3,14575,0.0,0.84,2.4
2015-04-23,11.3,2.9,18.5,23934,0.0,0.81,1.9
2015-04-24,13.0,3.0,20.6,23715,0.0,0.83,1.8
2015-04-25,14.8,6.9,22.3,13228,0.6,1.05,2.3
2015-04-26,13.8,7.7,18.1,16123,5.8,1.06,2.0
2015-04-27,9.1,6.7,11.6,9172,3.0,0.95,2.5
2015-04-28,8.2,3.9,12.5,13602,0.5,0.8,2.7
2015-04-29,8.6,1.5,15.0,22077,0.0,0.72,2.2
2015-04-30,10.7,6.1,17.3,16375,7.2,0.96,2.5
2015-05-01,8.9,3.1,13.7,18247,0.0,0.77,1.9
2015-05-02,8.4,1.1,15.0,21321,0.0,0.7,1.6
2015-05-03,12.6,0.7,20.1,20821,5.6,0.72,2.6
2015-05-04,17.4,13.5,22.7,21515,0.2,1.55,2.6
2015-05-05,18.0,12.2,24.8,13435,0.9,1.46,3.4
2015-05-06,15.3,7.2,21.6,20858,0.0,1.06,2.9
2015-05-07,12.1,6.3,16.9,19496,1.0,0.96,3.0
2015-05-08,13.5,6.2,19.2,16067,0.0,0.98,1.6
2015-05-09,15.3,11.0,20.8,13835,1.8,1.32,3.0
2015-05-10,11.1,3.7,14.9,14023,0.0,0.81,3.0
2015-05-11,13.2,2.7,21.3,23836,0.0,0.82,2.2
2015-05-12,17.6,8.6,28.1,19035,5.1,1.25,2.9
2015-05-13,12.9,7.7,18.1,21919,0.0,1.06,2.7
2015-05-14,9.9,5.8,13.9,12436,0.0,0.92,2.1
2015-05-15,10.5,4.0,16.6,22557,0.0,0.84,2.0
2015-05-16,10.1,3.7,14.7,16358,0.9,0.8,2.6
2015-05-17,10.7,6.0,16.1,20481,0.0,0.94,2.9
2015-05-18,13.7,5.5,20.7,16722,0.0,0.95,2.3
2015-05-19,14.8,7.0,19.7,20977,0.0,1.04,3.0
2015-05-20,11.9,5.9,17.5,12875,0.0,0.95,2.0
2015-05-21,11.3,5.1,17.7,22333,0.0,0.9,1.9
2015-05-22,13.8,4.5,21.2,22391,0.0,0.91,1.6
2015-05-23,14.3,6.3,20.0,13634,0.0,0.99,2.0
2015-05-24,13.0,4.4,21.2,28464,0.1,0.91,1.4
2015-05-25,15.4,7.6,22.4,22552,0.0,1.11,1.9
2015-05-26,11.8,6.4,16.2,17995,0.2,0.97,2.6
2015-05-27,10.6,6.4,15.8,13427,0.0,0.96,2.3
2015-05-28,13.0,5.6,21.5,17206,0.4,0.97,2.8
2015-05-29,14.7,9.5,19.8,20865,1.9,1.19,2.3
2015-05-30,11.9,6.2,16.8,20655,0.8,0.96,3.3
2015-05-31,15.2,4.5,22.9,21568,0.1,0.93,2.8
2015-06-01,13.9,7.1,18.7,12723,2.5,1.03,2.5
2015-06-02,18.0,7.6,25.3,20888,0.0,1.13,3.8
2015-06-03,17.8,8.5,23.1,18165,0.0,1.16,3.5
2015-06-04,15.1,6.9,22.2,29973,0.0,1.05,1.7
2015-06-05,21.0,10.6,29.8,29880,0.0,1.42,2.2
2015-06-06,22.5,14.3,30.9,25145,0.0,1.74,2.5
2015-06-07,16.9,11.1,23.4,23164,0.0,1.34,2.3
2015-06-08,14.3,8.6,20.1,22434,0.0,1.13,2.7
2015-06-09,14.6,7.3,20.6,25846,0.0,1.05,2.6
2015-06-10,16.5,10.0,22.3,25364,0.0,1.25,2.2
2015-06-11,17.4,6.2,24.6,27769,0.0,1.05,1.9
2015-06-12,20.8,12.4,27.5,25775,0.0,1.51,1.6
2015-06-13,21.0,14.5,30.5,21642,21.4,1.75,2.1
2015-06-14,16.9,13.7,19.8,15118,0.0,1.53,2.2
2015-06-15,14.1,8.4,19.1,25183,0.0,1.11,2.5
2015-06-16,11.6,7.0,16.0,15009,0.0,1.0,2.2
2015-06-17,14.4,5.6,21.5,26078,2.8,0.97,2.1
2015-06-18,15.4,11.1,21.4,14894,0.0,1.34,2.9
2015-06-19,13.0,10.7,18.2,14770,0.4,1.27,2.9
2015-06-20,12.8,10.7,17.5,13640,7.0,1.27,2.5
2015-06-21,14.6,9.8,19.4,18793,1.1,1.21,2.0
2015-06-22,14.4,12.2,18.5,13009,6.1,1.38,2.4
2015-06-23,12.0,10.4,15.3,11246,9.3,1.23,3.0
2015-06-24,13.1,10.6,16.4,11743,0.0,1.24,2.5
2015-06-25,17.4,11.6,23.8,17891,0.0,1.4,1.6
2015-06-26,18.3,14.4,23.4,14868,2.1,1.63,1.4
2015-06-27,18.1,15.4,23.4,12598,1.8,1.74,2.3
2015-06-28,17.5,12.4,23.0,22626,0.2,1.44,1.8
2015-06-29,20.4,15.0,27.3,21355,0.0,1.73,1.7
2015-06-30,20.3,15.6,25.7,27607,0.0,1.78,1.7
2015-07-01,21.1,12.0,27.6,31345,0.0,1.48,2.1
2015-07-02,24.1,16.1,30.8,31194,0.0,1.91,2.5
2015-07-03,26.7,18.4,33.3,27158,0.0,2.21,1.7
2015-07-04,28.9,18.9,37.9,26379,5.5,2.37,1.8
2015-07-05,27.2,20.2,34.9,23471,9.4,2.47,2.0
2015-07-06,21.0,14.9,25.6,24316,0.0,1.69,2.7
2015-07-07,22.6,13.7,32.2,27282,6.8,1.72,2.0
2015-07-08,19.4,16.3,23.5,17755,2.9,1.83,4.0
2015-07-09,15.4,12.3,19.1,21591,0.3,1.4,4.0
2015-07-10,14.8,10.3,20.7,22178,0.0,1.26,2.7
2015-07-11,16.7,8.7,22.8,22886,0.0,1.17,1.7
2015-07-12,17.4,12.1,23.9,12513,5.8,1.44,2.3
2015-07-13,17.1,15.2,22.5,12479,4.6,1.69,2.4
2015-07-14,17.4,14.2,21.3,11200,7.1,1.6,2.4
2015-07-15,18.9,13.9,24.5,24817,0.0,1.59,1.8
2015-07-16,20.7,15.2,27.1,19186,0.0,1.75,1.6
2015-07-17,23.4,13.8,33.0,24339,0.4,1.72,2.2
2015-07-18,22.1,14.9,27.8,23294,0.0,1.74,2.4
2015-07-19,16.2,13.4,18.4,11006,12.2,1.5,2.3
2015-07-20,19.5,14.6,25.3,26634,0.6,1.66,2.2
2015-07-21,22.1,16.1,28.9,19668,0.2,1.86,2.5
2015-07-22,23.0,15.5,29.9,15919,4.0,1.82,1.9
2015-07-23,19.7,12.9,25.8,22869,0.0,1.52,2.0
2015-07-24,20.0,11.5,26.6,22802,1.8,1.43,1.9
2015-07-25,21.1,14.0,28.6,17834,0.1,1.65,4.4
2015-07-26,16.6,13.0,21.7,19606,0.2,1.49,3.0
2015-07-27,17.0,13.5,22.9,13191,4.4,1.54,3.3
2015-07-28,16.8,14.1,20.5,13377,0.0,1.57,4.0
2015-07-29,15.2,11.6,21.3,17574,0.0,1.36,3.5
2015-07-30,16.0,11.5,20.6,14956,0.1,1.34,3.5
2015-07-31,14.0,7.4,20.3,14527,0.0,1.06,2.2
2015-08-01,16.7,6.4,25.9,24131,0.0,1.08,1.7
2015-08-02,20.9,10.2,29.7,25610,0.0,1.38,1.5
2015-08-03,22.9,11.5,32.2,26599,0.0,1.51,1.8
2015-08-04,26.1,18.6,35.1,23257,0.5,2.26,2.4
2015-08-05,20.3,14.5,26.1,22085,0.0,1.66,1.7
2015-08-06,24.9,12.9,34.6,24979,0.0,1.68,1.7
2015-08-07,27.3,18.3,35.9,17487,0.0,2.24,1.7
2015-08-08,23.3,18.7,30.4,20492,0.1,2.18,2.4
2015-08-09,21.4,15.6,28.4,24069,0.0,1.81,2.2
2015-08-10,24.6,14.8,33.1,22425,0.0,1.82,1.9
2015-08-11,24.6,18.7,32.2,23968,0.0,2.23,2.0
2015-08-12,21.6,17.6,28.3,18805,0.0,2.02,2.0
2015-08-13,23.1,17.9,29.2,21515,0.0,2.08,2.7
2015-08-14,26.6,20.3,34.5,22805,0.7,2.47,2.6
2015-08-15,22.7,19.1,29.6,16873,1.0,2.23,1.9
2015-08-16,22.2,18.1,30.5,17586,22.2,2.13,2.1
2015-08-17,22.5,19.5,27.3,13210,3.5,2.24,2.4
2015-08-18,18.1,16.8,20.7,8865,6.0,1.85,2.0
2015-08-19,17.0,14.4,20.7,10854,0.5,1.61,1.5
2015-08-20,18.5,12.5,25.5,22071,0.0,1.48,1.3
2015-08-21,18.7,10.0,27.3,21942,0.0,1.34,1.4
2015-08-22,19.3,9.5,27.5,22717,0.0,1.29,1.9
2015-08-23,19.3,10.8,25.8,18972,1.7,1.36,2.7
2015-08-24,21.1,16.1,27.2,15706,10.2,1.85,2.8
2015-08-25,18.3,15.1,21.8,11349,0.3,1.69,3.4
2015-08-26,20.1,14.0,26.8,20154,0.0,1.64,2.6
2015-08-27,20.2,16.9,26.3,12824,13.8,1.92,2.4
2015-08-28,16.0,12.7,19.4,12611,0.0,1.43,1.9
2015-08-29,17.6,10.9,24.1,19414,0.0,1.33,1.3
2015-08-30,21.3,12.8,29.5,18511,0.0,1.57,1.5
2015-08-31,25.8,17.4,34.0,20110,0.0,2.12,1.8
2015-09-01,20.5,13.9,26.7,15216,1.2,1.63,2.6
2015-09-02,15.2,11.1,21.0,18956,0.0,1.31,2.2
2015-09-03,13.6,8.9,19.3,11020,2.9,1.15,1.6
2015-09-04,13.6,8.4,19.3,14631,0.4,1.12,2.4
2015-09-05,13.9,10.5,19.2,10920,0.8,1.26,3.7
2015-09-06,12.9,10.5,17.8,9557,8.6,1.24,4.1
2015-09-07,12.6,7.9,17.6,16025,0.0,1.06,2.5
2015-09-08,13.1,7.2,20.1,15886,0.0,1.04,1.8
2015-09-09,12.0,5.8,18.0,13585,0.1,0.94,1.9
2015-09-10,12.5,6.1,20.2,12743,2.3,0.98,2.3
2015-09-11,13.6,10.5,17.0,8254,0.0,1.23,2.1
2015-09-12,15.9,11.0,22.7,12295,0.9,1.34,2.1
2015-09-13,18.6,14.3,24.1,10570,0.1,1.62,2.0
2015-09-14,17.2,13.7,20.2,10259,4.7,1.53,2.6
2015-09-15,14.7,11.2,19.8,13209,0.7,1.31,3.0
2015-09-16,16.4,9.4,22.9,8174,2.1,1.21,2.6
2015-09-17,17.9,14.2,22.9,7882,1.4,1.61,3.4
2015-09-18,15.3,11.3,20.5,15220,0.0,1.33,2.3
2015-09-19,14.4,10.2,20.9,12383,0.9,1.26,1.7
2015-09-20,12.0,9.3,16.4,8543,1.0,1.15,2.3
2015-09-21,12.2,8.2,17.5,9005,0.0,1.08,1.7
2015-09-22,13.8,10.7,18.2,6091,0.6,1.27,2.2
2015-09-23,12.7,9.3,17.3,7675,0.0,1.16,2.0
2015-09-24,12.8,7.9,19.2,10794,0.0,1.09,2.2
2015-09-25,13.7,9.5,19.3,10303,0.0,1.18,1.6
2015-09-26,11.7,6.5,18.2,12891,0.0,0.99,1.7
2015-09-27,10.5,5.1,17.7,13102,0.0,0.9,2.0
2015-09-28,11.1,4.2,18.8,14816,0.0,0.87,1.9
2015-09-29,11.1,4.5,18.2,13681,0.0,0.88,2.5
2015-09-30,10.1,4.2,17.4,12912,0.0,0.86,2.4
2015-10-01,9.0,1.5,17.4,14227,0.0,0.73,2.1
2015-10-02,9.5,2.0,19.3,13204,0.0,0.77,1.8
2015-10-03,11.7,2.2,20.6,13724,0.0,0.8,1.5
2015-10-04,13.8,8.7,20.5,11461,0.0,1.15,1.6
2015-10-05,11.9,3.6,18.8,10238,0.0,0.84,1.8
2015-10-06,14.2,10.3,17.6,4841,0.1,1.22,2.7
2015-10-07,12.9,9.0,15.1,4762,13.9,1.12,2.5
2015-10-08,7.8,7.1,9.3,4684,6.3,0.97,1.7
2015-10-09,8.1,6.3,10.1,4606,2.2,0.92,1.6
2015-10-10,6.4,2.4,11.2,11393,0.0,0.72,2.5
2015-10-11,4.7,0.6,10.1,12259,0.0,0.64,2.9
2015-10-12,4.0,-0.4,9.1,11636,0.0,0.59,2.3
2015-10-13,4.1,3.4,5.2,4300,0.0,0.75,2.0
2015-10-14,5.1,3.3,7.1,4226,9.5,0.75,2.0
2015-10-15,6.6,5.7,7.3,4152,8.2,0.88,2.3
2015-10-16,7.6,6.8,9.1,4079,11.4,0.95,1.6
2015-10-17,7.8,7.2,9.0,4007,0.0,0.97,1.2
2015-10-18,8.4,6.3,11.0,5092,3.2,0.93,1.2
2015-10-19,8.2,7.5,9.4,3865,2.4,1.0,1.2
2015-10-20,9.7,8.7,11.5,3796,0.9,1.08,1.3
2015-10-21,9.4,7.2,12.2,4286,0.0,0.99,1.7
2015-10-22,9.4,6.6,12.0,3660,1.2,0.95,2.7
2015-10-23,10.9,5.7,14.6,7615,0.0,0.92,2.1
2015-10-24,7.9,3.2,13.9,8782,0.0,0.78,1.8
2015-10-25,9.8,6.2,13.4,3995,0.0,0.93,1.7
2015-10-26,7.0,1.3,13.0,8661,0.0,0.68,1.8
2015-10-27,7.8,3.3,13.1,8405,0.0,0.78,2.0
2015-10-28,7.4,4.4,12.0,8026,0.0,0.83,2.1
2015-10-29,5.0,1.0,9.4,7591,0.0,0.65,1.3
2015-10-30,6.0,3.7,8.9,3153,0.0,0.77,1.7
2015-10-31,10.5,7.1,15.8,7429,0.0,1.0,2.3
2015-11-01,8.9,3.4,15.8,7257,0.0,0.8,1.5
2015-11-02,3.6,-1.0,9.9,7512,0.0,0.58,1.3
2015-11-03,1.8,-3.1,9.6,7700,0.0,0.5,1.3
2015-11-04,2.6,-1.8,8.2,4049,0.2,0.54,1.5
2015-11-05,8.9,4.4,14.7,4856,0.2,0.84,1.4
2015-11-06,11.8,8.4,14.9,2765,1.4,1.08,2.1
2015-11-07,15.4,12.3,18.3,2770,0.2,1.4,2.8
2015-11-08,13.1,8.7,18.4,6259,0.4,1.12,2.7
2015-11-09,13.6,10.2,16.0,3226,0.2,1.21,4.2
2015-11-10,14.2,11.9,15.7,2567,0.1,1.35,4.5
2015-11-11,13.8,11.9,15.2,2521,0.4,1.34,3.2
2015-11-12,11.6,7.6,14.6,3333,0.0,1.03,2.6
2015-11-13,11.3,6.6,14.5,2485,1.2,0.96,3.4
2015-11-14,7.6,6.0,9.4,3330,6.5,0.9,4.5
2015-11-15,9.8,6.4,13.8,2347,23.2,0.95,4.5
2015-11-16,11.4,8.8,12.8,2307,1.8,1.1,3.5
2015-11-17,11.9,10.3,13.9,2267,3.6,1.21,4.0
2015-11-18,11.9,9.6,14.7,3029,1.5,1.16,5.9
2015-11-19,11.1,8.6,13.3,4614,0.6,1.08,5.6
2015-11-20,7.6,5.6,9.3,2743,0.4,0.87,3.3
2015-11-21,4.8,3.3,6.4,2122,2.4,0.75,2.6
2015-11-22,1.0,-1.3,3.7,2854,0.8,0.54,3.1
2015-11-23,0.1,-1.9,3.8,2577,0.1,0.52,2.3
2015-11-24,1.4,-0.8,3.9,2635,0.1,0.56,3.3
2015-11-25,3.0,1.2,4.3,1995,0.2,0.64,2.5
2015-11-26,3.5,-0.4,5.7,2150,0.1,0.58,1.7
2015-11-27,1.8,-0.9,6.8,3808,0.0,0.56,2.2
2015-11-28,1.4,-0.9,4.7,2093,5.0,0.56,3.8
2015-11-29,6.1,2.2,9.9,1887,7.2,0.71,5.7
2015-11-30,6.0,3.0,8.6,3018,13.0,0.74,5.7
2015-12-01,5.6,4.0,7.8,2237,2.8,0.79,4.1
2015-12-02,9.4,5.0,11.0,1819,0.0,0.85,2.8
2015-12-03,8.2,3.7,11.4,3707,0.0,0.78,2.3
2015-12-04,7.0,4.0,9.5,1822,0.6,0.79,3.5
2015-12-05,6.8,4.7,8.4,2189,0.0,0.82,3.9
2015-12-06,8.6,6.2,11.0,2934,0.0,0.92,4.3
2015-12-07,10.5,7.9,11.7,1728,0.0,1.03,1.8
2015-12-08,8.3,4.8,11.4,3562,0.2,0.84,2.0
2015-12-09,6.5,2.9,9.2,1825,1.1,0.74,2.6
2015-12-10,3.2,0.7,6.2,4224,0.0,0.63,3.0
2015-12-11,4.4,1.6,6.7,1676,1.4,0.67,3.7
2015-12-12,5.0,3.5,7.0,2573,7.0,0.76,3.4
2015-12-13,5.2,0.9,10.5,1780,0.0,0.65,3.2
2015-12-14,1.4,-1.9,4.3,2592,0.0,0.52,1.6
2015-12-15,4.9,2.9,6.5,1643,0.0,0.72,1.6
2015-12-16,6.1,4.5,7.9,2697,1.4,0.81,2.4
2015-12-17,10.9,7.5,12.6,1633,1.0,1.01,2.7
2015-12-18,11.4,9.4,12.8,1792,2.0,1.14,2.6
2015-12-19,9.1,6.6,11.7,2927,0.0,0.95,2.4
2015-12-20,8.7,5.8,11.1,1708,1.6,0.9,2.6
2015-12-21,10.0,8.8,11.2,2317,2.3,1.1,4.0
2015-12-22,11.3,7.9,13.3,1628,0.0,1.04,4.4
2015-12-23,11.2,4.5,13.2,2444,0.0,0.84,3.9
2015-12-24,7.1,2.6,11.7,4200,0.9,0.74,2.9
2015-12-25,8.9,7.3,12.0,2659,0.4,0.99,3.2
2015-12-26,13.4,8.6,15.1,1645,0.0,1.09,4.0
2015-12-27,10.7,8.2,12.3,2267,0.0,1.06,3.1
2015-12-28,6.6,4.0,11.6,3306,0.0,0.81,2.1
2015-12-29,4.3,1.9,6.1,3528,0.0,0.68,2.7
2015-12-30,1.3,-1.1,2.8,2717,0.0,0.54,3.1
2015-12-31,0.3,-2.1,2.5,3650,0.9,0.51,2.9
2016-01-01,0.5,-1.7,1.9,2039,0.0,0.52,1.6
2016-01-02,-3.0,-7.7,1.4,1718,0.0,0.34,3.6
2016-01-03,-8.9,-10.9,-6.8,3003,0.0,0.26,3.8
2016-01-04,-8.9,-11.3,-6.9,1749,0.0,0.25,3.3
2016-01-05,-7.7,-9.1,-5.9,1766,2.7,0.29,2.8
2016-01-06,-8.0,-9.7,-6.8,1785,1.2,0.28,2.3
2016-01-07,-5.5,-8.7,-0.8,1805,2.6,0.31,3.1
2016-01-08,3.4,-1.9,6.2,2308,0.0,0.53,3.6
2016-01-09,0.6,-1.8,4.2,4942,0.0,0.52,1.9
2016-01-10,0.8,-2.4,3.7,2138,4.0,0.5,2.8
2016-01-11,1.8,-0.2,3.3,2210,4.5,0.58,2.4
2016-01-12,2.8,0.8,5.0,1921,2.9,0.62,3.4
2016-01-13,2.3,-0.1,4.4,1948,1.9,0.58,3.9
2016-01-14,1.4,-0.6,3.8,4102,0.9,0.57,2.6
2016-01-15,-0.4,-1.7,0.9,2005,0.0,0.52,3.0
2016-01-16,-0.5,-2.3,0.2,2130,1.7,0.49,2.2
2016-01-17,-1.6,-3.3,-0.4,2067,0.1,0.46,2.2
2016-01-18,-4.9,-7.9,-2.0,5662,0.0,0.33,1.6
2016-01-19,-5.7,-10.1,-2.5,4177,0.0,0.28,2.0
2016-01-20,-1.7,-4.8,0.4,2562,1.0,0.42,1.9
2016-01-21,-3.9,-8.6,-1.9,3349,0.0,0.31,1.5
2016-01-22,-6.6,-10.3,-2.3,6115,1.0,0.28,2.0
2016-01-23,-0.8,-6.5,4.0,2282,3.3,0.38,2.6
2016-01-24,3.4,1.3,5.1,2476,2.6,0.65,2.2
2016-01-25,7.3,3.4,9.7,2363,0.7,0.76,2.4
2016-01-26,8.6,4.4,11.2,3985,1.0,0.82,3.3
2016-01-27,9.7,6.9,11.9,2502,0.5,0.97,4.5
2016-01-28,7.5,2.2,12.0,5083,0.8,0.72,3.7
2016-01-29,5.9,0.4,9.7,2976,0.0,0.63,4.3
2016-01-30,7.5,2.6,9.6,2587,3.7,0.72,5.1
2016-01-31,4.2,2.1,6.0,3698,0.2,0.68,4.1
2016-02-01,7.4,3.5,11.8,2685,3.5,0.78,4.9
2016-02-02,8.7,5.2,11.2,4741,1.5,0.86,5.7
2016-02-03,5.3,3.4,7.0,4644,0.0,0.75,4.4
2016-02-04,3.3,2.1,4.5,2840,2.9,0.68,3.8
2016-02-05,3.6,0.4,6.7,2894,1.8,0.61,2.6
2016-02-06,7.2,5.3,11.1,4274,0.0,0.87,2.9
2016-02-07,6.9,3.8,10.2,4835,0.6,0.79,3.5
2016-02-08,7.5,4.8,11.0,3063,0.8,0.84,5.5
2016-02-09,8.2,5.3,10.7,4059,2.5,0.87,5.1
2016-02-10,4.5,2.7,6.9,5206,1.1,0.72,4.2
2016-02-11,4.5,1.4,6.6,3499,0.2,0.66,3.3
2016-02-12,2.7,0.0,6.1,6092,0.0,0.6,1.8
2016-02-13,1.6,-2.0,6.8,8420,0.2,0.52,2.3
2016-02-14,2.7,0.8,4.2,3431,0.4,0.63,3.1
2016-02-15,2.8,0.0,4.1,3496,0.2,0.59,2.7
2016-02-16,-0.1,-3.0,2.2,5603,0.0,0.48,2.1
2016-02-17,-0.1,-3.7,3.8,7072,1.6,0.46,2.4
2016-02-18,1.5,-1.2,5.1,4951,0.0,0.55,1.7
2016-02-19,2.4,0.1,5.6,5740,0.0,0.6,1.9
2016-02-20,3.3,-0.5,6.1,3835,7.5,0.57,4.4
2016-02-21,8.3,5.2,12.5,4050,9.3,0.88,5.2
2016-02-22,7.1,3.8,12.6,3977,9.0,0.8,4.8
2016-02-23,4.5,2.0,7.3,6192,0.3,0.68,3.1
2016-02-24,2.6,-0.3,5.9,7111,0.2,0.59,2.7
2016-02-25,1.4,-1.4,5.6,7748,0.8,0.54,2.1
2016-02-26,1.6,-2.3,5.1,5418,0.0,0.51,1.9
2016-02-27,0.9,-3.8,6.2,9987,0.0,0.47,2.0
2016-02-28,2.1,-1.1,6.3,8797,0.0,0.55,2.4
2016-02-29,0.5,-1.9,3.3,5370,0.0,0.52,3.2
2016-03-01,0.3,-3.1,5.0,11042,0.1,0.48,2.7
2016-03-02,4.2,1.0,9.3,5061,0.3,0.65,3.5
2016-03-03,3.1,-0.2,7.7,5633,0.0,0.6,2.1
2016-03-04,3.5,-2.1,8.9,11074,0.0,0.53,2.7
2016-03-05,5.5,3.6,8.6,5313,3.4,0.76,1.8
2016-03-06,3.3,0.7,5.3,4978,5.4,0.62,2.5
2016-03-07,2.3,-1.4,6.7,5993,0.0,0.54,1.7
2016-03-08,1.6,-3.7,7.8,10369,0.0,0.48,1.6
2016-03-09,2.8,-2.0,9.1,13186,0.0,0.54,2.5
2016-03-10,4.0,0.4,7.6,5307,0.0,0.62,2.0
2016-03-11,3.5,2.0,5.7,5479,0.0,0.68,2.3
2016-03-12,2.8,1.1,4.7,5474,0.0,0.64,2.4
2016-03-13,1.9,0.1,3.9,5648,0.0,0.6,2.9
2016-03-14,2.3,-4.0,7.7,8906,0.6,0.47,2.4
2016-03-15,4.8,2.9,7.4,5911,0.0,0.73,2.5
2016-03-16,4.7,-0.8,9.5,16146,0.0,0.58,3.5
2016-03-17,4.4,-3.1,12.2,16693,0.0,0.52,1.8
2016-03-18,4.5,0.6,7.3,5984,0.0,0.62,2.1
2016-03-19,5.5,3.3,8.9,9287,0.2,0.76,2.1
2016-03-20,5.6,3.2,8.0,6155,0.1,0.75,2.9
2016-03-21,5.7,2.1,8.9,6530,0.8,0.69,3.0
2016-03-22,6.2,4.5,9.1,7103,2.0,0.82,2.5
2016-03-23,4.7,1.5,7.9,6511,0.0,0.66,2.3
2016-03-24,3.7,0.3,8.5,8863,0.3,0.62,1.9
2016-03-25,6.3,4.4,8.6,6586,4.0,0.81,2.6
2016-03-26,8.9,6.2,13.9,15065,0.0,0.94,2.5
2016-03-27,8.0,3.4,14.9,12092,0.0,0.79,3.2
2016-03-28,9.2,3.6,15.7,13737,4.2,0.81,3.7
2016-03-29,6.9,4.1,11.0,9176,4.2,0.8,3.8
2016-03-30,7.2,3.1,12.2,10304,0.4,0.76,2.8
2016-03-31,7.2,4.1,11.3,9998,0.2,0.81,2.1
2016-04-01,7.3,1.5,12.7,18223,0.0,0.69,2.2
2016-04-02,8.9,0.2,16.7,18588,0.0,0.67,2.3
2016-04-03,12.5,5.5,19.2,13789,0.0,0.94,1.8
2016-04-04,14.5,9.4,19.7,9776,0.1,1.18,1.9
2016-04-05,14.5,8.5,22.3,13502,0.0,1.16,2.0
2016-04-06,11.4,8.2,15.8,15123,0.9,1.07,3.5
2016-04-07,9.2,3.8,13.1,14494,0.1,0.8,3.3
2016-04-08,7.7,1.4,13.7,17112,0.0,0.7,1.8
2016-04-09,8.0,-0.3,14.8,16590,0.0,0.64,1.6
2016-04-10,7.7,1.6,11.1,8820,0.0,0.68,2.2
2016-04-11,8.6,1.3,13.5,8134,0.4,0.69,2.6
2016-04-12,10.3,7.2,15.1,11762,0.5,1.0,1.9
2016-04-13,11.8,5.3,17.6,14868,0.6,0.91,1.7
2016-04-14,9.1,3.6,13.3,10280,0.5,0.79,1.9
2016-04-15,8.4,2.9,13.8,11943,6.7,0.76,2.5
2016-04-16,10.6,6.1,15.6,13055,1.9,0.94,3.1
2016-04-17,8.7,4.0,12.6,16330,0.1,0.81,2.6
2016-04-18,8.1,1.4,13.1,16441,0.0,0.69,2.5
2016-04-19,10.0,6.9,14.4,16666,0.0,0.98,3.4
2016-04-20,8.8,4.2,14.0,17808,0.0,0.82,2.6
2016-04-21,8.4,1.5,15.2,24724,0.0,0.71,1.9
2016-04-22,8.3,3.6,14.1,22313,0.0,0.8,2.3
2016-04-23,6.1,1.6,11.2,16626,0.0,0.69,2.6
2016-04-24,3.6,0.8,9.2,15910,0.9,0.64,2.7
2016-04-25,5.1,0.6,11.1,16709,3.1,0.65,3.2
2016-04-26,5.1,1.8,10.8,14692,2.4,0.7,3.4
2016-04-27,5.1,2.6,9.5,12895,2.7,0.72,3.8
2016-04-28,4.9,1.3,10.3,14040,2.5,0.67,2.6
2016-04-29,8.4,0.2,14.7,19221,0.0,0.65,2.6
2016-04-30,11.9,6.0,19.0,13372,0.0,0.97,2.1
2016-05-01,12.2,5.7,18.9,25375,0.0,0.95,2.8
2016-05-02,13.0,3.8,20.1,26680,0.0,0.87,1.7
2016-05-03,11.5,3.7,20.3,21515,1.3,0.86,2.6
2016-05-04,9.4,4.7,14.5,13074,0.2,0.85,2.1
2016-05-05,12.1,2.1,20.4,25557,0.0,0.79,2.3
2016-05-06,16.8,7.2,23.9,27348,0.0,1.09,2.6
2016-05-07,18.8,11.2,25.0,27448,0.0,1.37,2.8
2016-05-08,18.7,11.5,24.8,26940,0.0,1.39,3.5
2016-05-09,19.3,12.2,25.7,27642,0.0,1.46,3.1
2016-05-10,18.7,11.6,25.2,27978,0.0,1.42,2.6
2016-05-11,19.3,12.1,25.8,26238,0.0,1.47,3.0
2016-05-12,18.3,12.2,25.7,22164,2.7,1.46,3.2
2016-05-13,15.3,8.0,22.7,26283,0.0,1.13,2.6
2016-05-14,9.8,5.7,14.7,16666,0.1,0.91,3.5
2016-05-15,8.3,5.7,13.5,17957,2.8,0.9,3.6
2016-05-16,9.4,4.8,14.7,18018,0.1,0.86,3.1
2016-05-17,9.4,5.6,12.7,10679,0.0,0.89,2.6
2016-05-18,13.6,6.2,20.0,17272,0.0,0.99,1.9
2016-05-19,17.2,11.2,22.8,17822,0.0,1.35,1.7
2016-05-20,17.0,12.9,22.7,17133,0.0,1.49,2.4
2016-05-21,18.1,13.3,24.0,19044,0.0,1.53,2.0
2016-05-22,21.5,12.4,29.5,24184,0.0,1.56,2.5
2016-05-23,18.8,14.6,23.5,16536,31.5,1.64,2.7
2016-05-24,15.3,13.1,17.4,10735,0.0,1.47,2.8
2016-05-25,13.6,11.9,16.0,10773,0.0,1.35,1.6
2016-05-26,13.6,9.8,16.3,10810,0.0,1.18,1.4
2016-05-27,15.2,8.4,22.0,18703,0.0,1.14,1.5
2016-05-28,17.6,9.0,24.9,23861,0.0,1.22,1.8
2016-05-29,21.1,13.3,28.9,20655,0.8,1.6,2.4
2016-05-30,21.3,16.1,28.2,22818,1.0,1.87,2.9
2016-05-31,18.9,13.2,26.6,18227,9.8,1.58,2.0
2016-06-01,19.2,15.1,23.1,16257,11.1,1.7,2.2
2016-06-02,19.7,14.7,25.2,17038,8.7,1.68,1.8
2016-06-03,21.4,13.8,27.6,26339,0.0,1.63,1.8
2016-06-04,21.1,12.9,27.7,24364,0.0,1.56,1.6
2016-06-05,21.7,14.0,28.8,28657,0.3,1.67,1.6
2016-06-06,19.9,13.1,26.9,30692,0.0,1.57,1.9
2016-06-07,18.9,10.5,27.0,29337,0.0,1.35,1.6
2016-06-08,19.0,12.5,24.4,29110,0.0,1.46,2.3
2016-06-09,17.4,14.0,23.4,17326,1.4,1.59,2.1
2016-06-10,15.7,10.6,22.4,25005,0.0,1.3,2.3
2016-06-11,16.3,11.0,23.4,27660,0.0,1.34,1.5
2016-06-12,16.2,12.9,22.1,11589,0.8,1.47,2.1
2016-06-13,15.9,13.7,22.3,13987,1.7,1.56,2.2
2016-06-14,17.0,14.3,21.9,16636,2.3,1.6,2.0
2016-06-15,15.8,12.5,20.9,12621,7.5,1.43,1.8
2016-06-16,17.4,10.6,21.6,20421,7.7,1.29,1.6
2016-06-17,15.9,12.9,20.6,14642,16.3,1.47,2.6
2016-06-18,16.6,11.7,21.9,21559,5.5,1.38,2.4
2016-06-19,16.2,10.4,19.8,22062,0.0,1.25,2.0
2016-06-20,16.9,8.2,23.4,26585,0.4,1.15,2.3
2016-06-21,18.7,15.0,24.7,16276,0.1,1.71,2.2
2016-06-22,21.4,15.1,27.7,22429,0.2,1.76,1.6
2016-06-23,25.0,16.6,33.0,30714,0.0,2.01,2.2
2016-06-24,26.5,18.1,34.8,27563,0.0,2.21,1.9
2016-06-25,24.2,16.5,30.4,27300,0.0,1.93,2.3
2016-06-26,18.8,12.4,23.9,22515,0.0,1.45,2.5
2016-06-27,18.6,11.9,24.5,21622,0.2,1.43,2.4
2016-06-28,18.0,12.7,22.3,21982,0.8,1.46,1.7
2016-06-29,18.7,13.1,24.4,22089,0.0,1.53,2.6
2016-06-30,19.1,13.3,24.0,16303,0.2,1.53,2.2
2016-07-01,21.8,15.6,27.5,24929,0.0,1.8,2.5
2016-07-02,17.8,11.1,23.5,13257,0.5,1.35,2.7
2016-07-03,16.1,9.5,23.3,25502,0.3,1.23,2.3
2016-07-04,17.5,8.8,24.4,27224,0.0,1.19,1.6
2016-07-05,19.7,14.0,26.3,20440,1.1,1.63,2.9
2016-07-06,15.8,10.7,21.0,20410,1.2,1.28,3.8
2016-07-07,16.6,8.9,22.9,25372,0.0,1.18,1.9
2016-07-08,19.7,12.7,26.1,15103,4.2,1.5,2.4
2016-07-09,18.8,14.5,24.4,14697,0.0,1.65,2.7
2016-07-10,24.5,18.2,31.6,23758,0.0,2.16,2.2
2016-07-11,23.8,17.6,27.9,16621,0.0,2.02,3.0
2016-07-12,21.3,13.6,26.4,16582,0.1,1.6,2.2
2016-07-13,16.0,12.9,22.8,15424,10.3,1.49,1.9
2016-07-14,15.5,14.2,18.8,10916,0.8,1.57,3.1
2016-07-15,15.2,10.6,18.7,11747,0.8,1.27,3.0
2016-07-16,18.4,8.9,25.8,23968,0.0,1.23,2.1
2016-07-17,19.5,17.8,23.9,14635,1.8,2.0,2.0
2016-07-18,18.3,14.7,22.0,11006,0.0,1.64,2.1
2016-07-19,19.1,13.0,25.3,16639,0.0,1.53,1.6
2016-07-20,22.0,13.7,28.4,22503,0.0,1.63,1.8
2016-07-21,23.5,19.5,29.8,20103,0.0,2.26,1.9
2016-07-22,23.5,15.6,31.0,25203,0.0,1.85,1.7
2016-07-23,21.9,12.6,28.8,23048,0.0,1.54,1.5
2016-07-24,22.8,19.1,29.6,26776,0.0,2.23,1.4
2016-07-25,23.8,17.8,30.8,20951,0.0,2.07,1.5
2016-07-26,22.6,16.7,28.8,21736,0.0,1.93,1.6
2016-07-27,18.8,17.0,24.6,12280,16.2,1.91,1.8
2016-07-28,20.0,14.4,25.5,13925,8.1,1.67,1.7
2016-07-29,20.8,16.2,26.1,18598,0.0,1.83,2.3
2016-07-30,20.5,15.3,25.3,16102,0.0,1.74,2.1
2016-07-31,19.0,14.1,25.5,17120,4.2,1.63,1.7
2016-08-01,16.9,13.1,23.0,20303,0.0,1.51,2.2
2016-08-02,15.7,10.8,19.1,11555,3.0,1.28,1.9
2016-08-03,19.1,15.0,23.7,9930,0.2,1.69,2.6
2016-08-04,20.2,16.9,23.9,12384,5.0,1.88,2.5
2016-08-05,18.6,14.8,23.8,13032,0.0,1.67,2.2
2016-08-06,17.2,13.3,23.1,15462,0.1,1.52,2.3
2016-08-07,19.0,12.3,25.7,24057,0.0,1.47,2.2
2016-08-08,21.0,14.9,27.7,16841,0.0,1.73,3.1
2016-08-09,15.5,10.3,21.9,14508,0.0,1.28,2.3
2016-08-10,13.1,9.0,18.0,15132,0.6,1.14,2.3
2016-08-11,13.0,7.2,19.6,16221,0.2,1.04,2.4
2016-08-12,16.0,12.4,20.0,9340,0.5,1.42,2.5
2016-08-13,21.2,16.4,27.3,21638,0.0,1.87,2.6
2016-08-14,18.2,14.1,22.0,14315,0.0,1.59,1.9
2016-08-15,15.9,9.8,21.4,19208,0.0,1.22,1.8
2016-08-16,15.3,8.1,22.7,17598,0.8,1.13,1.7
2016-08-17,14.8,6.9,22.7,19333,0.0,1.05,1.5
2016-08-18,15.7,9.3,20.1,9020,0.0,1.18,1.6
2016-08-19,18.9,10.7,25.9,23327,2.5,1.37,1.4
2016-08-20,20.1,15.8,26.6,12847,8.0,1.79,2.0
2016-08-21,17.5,14.6,22.2,16603,3.5,1.63,2.6
2016-08-22,18.8,13.6,24.3,15477,0.1,1.56,2.3
2016-08-23,19.6,16.1,24.4,12002,0.0,1.81,1.6
2016-08-24,22.0,14.5,28.6,21964,0.0,1.73,1.9
2016-08-25,23.1,16.4,30.8,23046,0.0,1.92,2.2
2016-08-26,24.9,15.1,34.4,22454,0.0,1.9,1.9
2016-08-27,23.5,15.3,31.6,21864,0.0,1.85,1.7
2016-08-28,24.7,16.7,34.9,17769,0.0,2.06,2.4
2016-08-29,19.0,12.4,23.6,12186,0.1,1.46,2.7
2016-08-30,16.4,10.6,23.5,20219,0.0,1.31,1.9
2016-08-31,18.4,8.4,26.5,21582,0.0,1.21,1.6
2016-09-01,19.4,11.7,26.4,18848,0.1,1.45,1.8
2016-09-02,18.9,12.2,26.1,18063,0.0,1.46,1.6
2016-09-03,20.1,14.5,26.0,16753,0.0,1.68,1.9
2016-09-04,17.4,14.7,23.1,8705,2.4,1.66,2.7
2016-09-05,17.1,14.1,22.5,10396,1.0,1.58,2.6
2016-09-06,16.6,10.6,23.1,19880,0.0,1.31,1.5
2016-09-07,18.3,9.8,26.3,19510,0.0,1.3,1.8
2016-09-08,22.1,14.9,30.2,19141,0.0,1.77,1.9
2016-09-09,20.7,14.7,26.6,18570,0.0,1.7,1.6
2016-09-10,19.8,11.5,27.7,14448,0.0,1.45,1.3
2016-09-11,22.1,15.9,29.5,18144,0.0,1.87,1.4
2016-09-12,23.2,14.7,31.6,17781,0.0,1.77,1.5
2016-09-13,24.1,15.6,31.4,18016,0.0,1.88,1.8
2016-09-14,22.6,17.6,29.6,17751,0.0,2.03,2.2
2016-09-15,20.2,15.1,26.6,17976,0.0,1.74,2.5
2016-09-16,19.3,12.0,27.9,14400,1.3,1.5,1.8
2016-09-17,17.4,15.0,20.9,6338,4.2,1.67,2.6
2016-09-18,15.6,11.8,21.0,13629,0.0,1.37,2.7
2016-09-19,14.7,8.9,20.0,11015,0.0,1.15,1.9
2016-09-20,13.4,6.6,19.7,10797,0.0,1.01,1.3
2016-09-21,14.7,10.2,19.8,12544,0.0,1.24,1.4
2016-09-22,13.8,8.1,20.9,15465,0.0,1.12,1.2
2016-09-23,15.8,9.2,22.9,13645,0.0,1.21,1.5
2016-09-24,14.7,10.5,21.3,12856,0.0,1.27,1.5
2016-09-25,15.6,8.0,23.3,14247,0.0,1.14,1.8
2016-09-26,14.9,8.1,23.1,13192,0.0,1.13,1.4
2016-09-27,14.6,6.4,22.7,14994,0.0,1.02,1.3
2016-09-28,17.1,12.8,20.9,5762,0.0,1.46,3.2
2016-09-29,20.1,14.0,26.2,10035,0.0,1.62,3.6
2016-09-30,15.3,8.7,20.5,7145,0.2,1.15,2.4
2016-10-01,12.4,7.1,15.3,5164,5.2,1.0,1.8
2016-10-02,12.4,8.3,15.5,9234,2.2,1.07,2.3
2016-10-03,11.8,5.6,17.3,11042,2.3,0.92,2.4
2016-10-04,12.4,5.9,17.1,12813,0.2,0.94,3.0
2016-10-05,8.7,5.6,12.0,6239,3.8,0.89,3.2
2016-10-06,10.9,9.1,12.4,4762,2.2,1.12,3.1
2016-10-07,10.2,8.0,13.5,5570,0.9,1.05,2.2
2016-10-08,9.4,7.0,12.2,5244,0.9,0.97,2.0
2016-10-09,8.2,5.2,10.6,5081,0.6,0.87,1.6
2016-10-10,7.4,3.7,11.5,6482,0.2,0.79,1.2
2016-10-11,7.8,6.5,9.7,4376,2.9,0.93,2.0
2016-10-12,7.3,6.5,8.4,4300,1.9,0.93,2.4
2016-10-13,7.4,6.5,8.3,4226,0.1,0.93,3.2
2016-10-14,8.1,3.7,12.3,6693,0.0,0.79,3.4
2016-10-15,8.9,7.1,11.0,4079,0.3,0.98,2.3
2016-10-16,9.9,8.5,13.7,4446,0.0,1.08,1.7
2016-10-17,8.1,7.1,8.9,3936,0.0,0.97,1.9
2016-10-18,9.5,7.6,12.7,4080,3.3,1.02,1.9
2016-10-19,9.4,7.1,11.2,4714,1.0,0.97,2.5
2016-10-20,7.8,4.0,10.9,5054,3.8,0.79,2.1
2016-10-21,7.7,6.7,8.9,3660,0.6,0.94,1.9
2016-10-22,7.3,6.2,9.6,3934,0.0,0.91,1.5
2016-10-23,7.2,5.4,10.0,5077,0.0,0.87,1.5
2016-10-24,6.9,3.3,8.4,3462,6.4,0.75,1.7
2016-10-25,8.0,3.8,9.9,3398,0.8,0.78,1.5
2016-10-26,6.3,4.1,8.4,3335,0.0,0.8,1.2
2016-10-27,9.0,5.0,11.8,3273,0.2,0.86,2.0
2016-10-28,11.5,7.5,13.3,3213,0.5,1.01,2.7
2016-10-29,9.1,6.8,11.9,4281,0.0,0.96,2.5
2016-10-30,7.6,2.7,11.6,7057,0.0,0.74,1.7
2016-10-31,7.9,2.1,11.4,3036,0.8,0.71,1.5
2016-11-01,9.8,6.7,11.4,2980,1.7,0.96,2.1
2016-11-02,6.1,3.5,8.7,3402,1.7,0.76,3.3
2016-11-03,3.1,0.2,6.8,4757,0.0,0.61,1.8
2016-11-04,5.6,3.7,8.2,2817,0.1,0.77,2.2
2016-11-05,6.2,3.5,9.4,2765,5.2,0.77,2.1
2016-11-06,5.7,3.0,9.2,3965,2.6,0.74,2.2
2016-11-07,3.9,0.6,5.4,2664,0.4,0.62,2.2
2016-11-08,2.6,0.7,5.6,2615,1.8,0.62,2.1
2016-11-09,1.0,-1.6,4.5,4213,0.0,0.53,2.1
2016-11-10,0.5,-1.0,4.0,4418,0.0,0.55,2.3
2016-11-11,-0.3,-3.5,2.2,2744,0.0,0.46,2.2
2016-11-12,-3.6,-6.4,-1.0,2432,0.0,0.37,1.6
2016-11-13,-2.6,-6.6,2.9,6469,0.0,0.38,2.0
2016-11-14,-0.3,-4.9,5.1,6483,0.0,0.43,2.1
2016-11-15,3.3,0.5,8.3,2307,3.0,0.62,3.0
2016-11-16,7.8,5.5,9.5,2267,2.3,0.88,2.9
2016-11-17,9.0,7.6,10.7,2579,1.4,1.0,3.6
2016-11-18,9.2,5.7,13.4,2439,2.8,0.91,4.1
2016-11-19,5.9,3.2,7.9,2156,3.2,0.74,2.8
2016-11-20,6.6,2.0,11.6,3138,0.0,0.7,3.8
2016-11-21,9.5,6.7,12.7,3429,0.0,0.96,2.5
2016-11-22,9.6,4.7,13.0,2388,0.0,0.85,1.9
2016-11-23,5.7,2.8,10.2,3807,0.0,0.74,1.3
2016-11-24,4.3,-0.3,7.0,3342,0.0,0.59,2.4
2016-11-25,0.6,-2.3,2.9,1966,0.1,0.5,2.3
2016-11-26,0.5,-0.5,4.3,1939,0.1,0.57,1.8
2016-11-27,4.2,0.7,7.0,5165,0.0,0.62,2.5
2016-11-28,-0.4,-4.3,2.9,4574,0.0,0.44,2.4
2016-11-29,-1.8,-4.4,2.0,5416,0.0,0.43,2.1
2016-11-30,1.4,-2.1,5.1,1840,6.6,0.51,3.0
2016-12-01,6.7,4.3,8.5,1819,2.7,0.81,4.2
2016-12-02,3.8,-1.4,8.5,5442,0.0,0.56,2.9
2016-12-03,-0.8,-4.0,2.7,5095,0.0,0.45,1.4
2016-12-04,-2.0,-3.9,-0.3,1846,0.0,0.44,1.5
2016-12-05,-3.8,-5.8,-1.5,2551,0.0,0.38,1.5
2016-12-06,0.0,-2.0,1.4,1728,0.3,0.51,1.5
2016-12-07,1.6,-0.3,6.7,2091,0.0,0.58,2.3
2016-12-08,8.1,5.4,10.7,2786,0.1,0.87,3.0
2016-12-09,8.1,6.2,10.1,1687,0.1,0.92,2.8
2016-12-10,9.0,7.6,10.2,1676,10.3,1.01,2.8
2016-12-11,7.3,5.8,8.9,1666,7.3,0.89,3.7
2016-12-12,3.4,-1.9,7.5,2602,0.1,0.53,2.3
2016-12-13,1.7,-1.9,5.4,1772,0.5,0.52,1.6
2016-12-14,4.2,0.3,6.0,1643,0.1,0.61,1.4
2016-12-15,2.1,0.2,3.2,1637,0.0,0.6,2.4
2016-12-16,0.0,-2.7,2.4,4766,0.0,0.48,2.2
2016-12-17,-0.6,-2.8,1.6,1630,0.3,0.48,1.6
2016-12-18,4.2,1.1,6.1,1627,2.2,0.64,1.7
2016-12-19,3.9,1.7,5.1,1627,0.0,0.67,1.8
2016-12-20,0.3,-0.8,2.3,1627,0.0,0.56,2.4
2016-12-21,-0.6,-3.0,1.8,2522,0.0,0.47,2.4
2016-12-22,0.5,-2.6,3.0,1630,0.7,0.49,2.3
2016-12-23,2.8,0.4,5.0,1634,1.0,0.61,2.7
2016-12-24,5.0,1.0,7.3,1639,4.3,0.64,4.3
2016-12-25,7.8,3.0,10.4,1645,1.9,0.75,4.7
2016-12-26,8.2,4.3,11.6,1693,1.0,0.81,4.8
2016-12-27,6.7,4.8,8.1,1660,2.4,0.83,4.7
2016-12-28,6.4,5.0,7.5,1669,1.0,0.84,2.5
2016-12-29,3.5,-0.6,5.5,2343,0.0,0.57,1.7
2016-12-30,0.0,-3.2,3.5,5108,0.0,0.48,1.8
2016-12-31,1.2,-2.5,4.4,4929,0.0,0.5,2.2
2017-01-01,2.8,-0.7,4.6,1746,1.3,0.56,2.5
2017-01-02,0.7,-1.0,3.3,1844,0.5,0.55,2.6
2017-01-03,2.6,0.3,4.8,1733,7.7,0.6,4.2
2017-01-04,2.4,-1.7,5.5,2218,1.8,0.53,5.5
2017-01-05,-4.1,-9.0,-0.8,3912,0.0,0.31,3.1
2017-01-06,-8.4,-11.7,-4.3,4809,0.0,0.25,1.6
2017-01-07,-5.1,-8.5,-1.2,1805,4.0,0.32,2.5
2017-01-08,-1.6,-4.3,0.1,1825,0.1,0.43,1.5
2017-01-09,-1.3,-2.7,0.0,1848,0.0,0.48,1.8
2017-01-10,-1.9,-4.8,0.0,3966,0.0,0.42,2.6
2017-01-11,-1.6,-5.3,3.4,1895,3.1,0.41,4.2
2017-01-12,2.9,1.0,5.0,2057,1.8,0.63,4.2
2017-01-13,1.0,-1.1,2.4,1948,5.4,0.54,4.7
2017-01-14,0.3,-1.0,2.6,2623,0.2,0.55,3.8
2017-01-15,0.0,-2.6,0.8,2005,1.2,0.48,2.8
2017-01-16,-3.2,-6.9,-0.3,2507,0.0,0.36,1.7
2017-01-17,-4.7,-8.0,-0.2,5211,0.0,0.33,1.9
2017-01-18,-5.3,-8.8,-3.1,2100,0.0,0.3,2.3
2017-01-19,-2.8,-4.8,-1.2,2182,0.0,0.41,1.9
2017-01-20,-0.1,-1.8,1.2,2169,0.1,0.52,1.5
2017-01-21,1.3,0.0,2.6,2205,0.0,0.59,1.3
2017-01-22,-0.2,-3.2,3.0,5361,0.0,0.47,1.3
2017-01-23,-2.7,-4.4,-1.5,2282,0.1,0.42,1.4
2017-01-24,-1.0,-2.1,-0.1,2322,0.0,0.5,1.5
2017-01-25,-0.2,-0.9,0.4,2363,0.0,0.55,1.9
2017-01-26,0.2,-1.9,2.3,5934,0.0,0.51,2.5
2017-01-27,-1.2,-3.9,2.1,6553,0.0,0.44,2.1
2017-01-28,-3.2,-6.2,-0.3,6377,0.0,0.37,1.9
2017-01-29,0.8,-3.6,5.8,3959,0.0,0.47,2.1
2017-01-30,0.6,-1.5,2.0,2587,5.7,0.53,2.7
2017-01-31,0.0,-0.5,0.5,2635,0.3,0.56,2.0
2017-02-01,-0.2,-2.4,0.5,2685,0.0,0.49,2.1
2017-02-02,-1.3,-4.3,0.8,4168,0.1,0.43,2.3
2017-02-03,1.3,-0.4,2.9,2787,0.3,0.57,2.0
2017-02-04,2.5,0.7,6.3,5249,0.1,0.62,2.3
2017-02-05,1.5,0.3,2.7,2894,0.2,0.6,2.0
2017-02-06,-0.5,-2.3,0.7,2950,0.1,0.5,2.0
2017-02-07,-1.0,-2.1,-0.3,3006,0.0,0.5,2.4
2017-02-08,-3.5,-4.7,-1.6,3063,0.0,0.41,2.7
2017-02-09,-3.9,-5.0,-2.0,4059,0.0,0.4,2.8
2017-02-10,-3.0,-6.0,0.3,5965,0.0,0.38,2.8
2017-02-11,-2.1,-3.4,-0.8,3242,0.0,0.46,2.8
2017-02-12,-1.6,-3.3,0.5,5249,0.0,0.46,3.2
2017-02-13,-2.7,-6.8,3.0,8485,0.0,0.37,3.0
2017-02-14,-1.7,-8.0,5.9,8878,0.0,0.35,2.0
2017-02-15,1.8,-4.8,9.4,9143,0.0,0.45,1.3
2017-02-16,4.8,-1.8,12.3,8393,0.2,0.56,1.9
2017-02-17,4.9,3.7,6.4,3629,1.8,0.76,2.4
2017-02-18,3.7,2.3,4.9,3697,0.0,0.69,1.8
2017-02-19,4.0,0.6,8.2,4753,2.0,0.63,2.5
2017-02-20,7.3,4.6,10.3,3835,3.5,0.83,4.1
2017-02-21,7.5,3.6,10.1,5927,2.6,0.77,4.2
2017-02-22,7.6,3.2,11.4,3977,10.7,0.76,5.5
2017-02-23,6.9,5.1,9.2,4050,8.6,0.85,5.2
2017-02-24,3.4,0.4,7.4,6663,1.3,0.61,4.5
2017-02-25,3.3,-0.4,7.2,6766,0.5,0.59,2.8
2017-02-26,8.2,4.7,10.6,4578,1.4,0.83,3.5
2017-02-27,9.8,7.3,13.1,9214,0.0,1.0,3.4
2017-02-28,8.4,3.5,11.2,6376,1.2,0.77,4.2
2017-03-01,4.2,1.3,7.8,7264,2.0,0.66,4.0
2017-03-02,5.3,2.4,7.1,4579,2.4,0.7,4.7
2017-03-03,6.8,2.1,11.8,11512,0.0,0.71,2.6
2017-03-04,9.6,3.5,16.7,10115,1.7,0.82,2.5
2017-03-05,8.8,5.6,11.8,6299,0.0,0.88,3.3
2017-03-06,5.6,2.0,9.2,5396,3.9,0.69,2.8
2017-03-07,2.9,1.9,4.3,4978,0.0,0.67,2.4
2017-03-08,5.7,2.3,10.5,6842,4.0,0.72,2.9
2017-03-09,7.1,4.9,10.7,6941,4.1,0.84,3.0
2017-03-10,6.8,3.2,10.0,6522,0.0,0.76,3.0
2017-03-11,3.6,0.0,7.7,7579,0.0,0.61,1.7
2017-03-12,2.5,-1.7,7.9,12711,0.0,0.54,2.6
2017-03-13,3.8,-1.2,9.3,10103,0.0,0.56,1.7
2017-03-14,7.1,1.8,12.0,6187,0.0,0.7,2.3
2017-03-15,9.5,4.6,12.8,13802,0.0,0.84,2.7
2017-03-16,7.7,2.9,14.2,8837,0.0,0.77,1.9
2017-03-17,7.6,3.8,11.2,6459,5.7,0.79,3.6
2017-03-18,6.1,2.8,12.0,8132,1.6,0.74,5.2
2017-03-19,4.4,0.1,10.9,6078,12.5,0.62,3.7
2017-03-20,11.2,9.6,13.4,6069,0.3,1.16,3.8
2017-03-21,9.6,4.6,12.6,6442,1.7,0.84,3.2
2017-03-22,6.6,0.0,11.8,14417,0.1,0.63,2.1
2017-03-23,6.1,5.1,8.0,6328,5.4,0.85,2.4
2017-03-24,6.6,-0.1,13.3,17943,0.0,0.63,2.4
2017-03-25,6.1,0.5,12.6,14474,0.0,0.65,2.6
2017-03-26,6.0,-0.3,13.5,14918,0.0,0.62,1.8
2017-03-27,9.1,0.5,17.5,18962,0.0,0.7,1.7
2017-03-28,12.2,2.2,21.5,18835,0.0,0.8,1.8
2017-03-29,11.2,8.3,14.0,7351,4.1,1.06,2.9
2017-03-30,13.6,10.5,18.5,10707,0.0,1.26,1.9
2017-03-31,15.6,9.2,22.4,17291,0.0,1.2,2.2
2017-04-01,15.1,7.2,22.4,17549,1.7,1.08,1.7
2017-04-02,12.8,8.6,17.1,13226,0.0,1.1,2.1
2017-04-03,8.5,4.7,10.1,7273,0.0,0.84,1.9
2017-04-04,9.7,4.8,13.9,9571,0.0,0.86,1.5
2017-04-05,9.5,5.8,14.4,10942,0.1,0.91,2.7
2017-04-06,8.4,4.0,13.3,16063,0.0,0.81,3.5
2017-04-07,9.4,6.5,12.7,7610,0.0,0.95,3.4
2017-04-08,10.8,7.8,14.9,9529,0.0,1.05,1.8
2017-04-09,12.9,8.0,19.1,19174,0.0,1.08,1.3
2017-04-10,11.1,5.8,19.5,15499,0.0,0.96,3.5
2017-04-11,7.5,3.8,10.8,11672,3.3,0.79,3.1
2017-04-12,9.0,7.0,13.1,8134,4.0,0.98,3.7
2017-04-13,8.5,5.2,13.1,15087,0.0,0.87,3.7
2017-04-14,8.5,3.2,14.1,14423,0.0,0.78,2.6
2017-04-15,8.0,4.0,11.8,10616,3.4,0.8,3.7
2017-04-16,5.7,3.4,9.5,11493,3.5,0.76,3.0
2017-04-17,5.8,1.7,10.9,17121,1.7,0.69,2.6
2017-04-18,4.4,1.0,8.7,12927,0.3,0.65,3.0
2017-04-19,2.6,-2.0,7.8,16555,0.0,0.53,2.7
2017-04-20,4.4,-3.3,9.7,19068,0.0,0.5,1.9
2017-04-21,10.0,5.3,15.2,9766,1.3,0.89,3.3
2017-04-22,6.7,4.3,10.5,15382,0.4,0.81,3.9
2017-04-23,5.9,2.4,9.8,12935,1.7,0.72,3.3
2017-04-24,8.3,1.4,14.4,14418,0.0,0.71,2.7
2017-04-25,6.8,2.5,11.4,12061,0.4,0.73,2.7
2017-04-26,6.2,0.2,11.8,18581,0.0,0.63,1.6
2017-04-27,6.0,-1.5,12.3,19272,0.0,0.57,1.7
2017-04-28,7.9,-0.3,13.9,18904,0.8,0.63,1.9
2017-04-29,6.8,0.1,12.5,14158,0.0,0.64,1.9
2017-04-30,8.2,-0.6,14.9,24912,0.0,0.63,3.4
2017-05-01,11.8,4.7,17.1,17891,0.0,0.88,3.5
2017-05-02,10.3,9.2,12.5,9515,5.2,1.12,3.2
2017-05-03,11.8,9.0,16.8,12929,1.7,1.13,2.7
2017-05-04,8.6,7.1,10.2,9645,3.1,0.97,2.9
2017-05-05,10.0,8.2,12.9,9708,0.2,1.06,2.0
2017-05-06,12.4,9.0,17.4,12543,0.0,1.14,2.1
2017-05-07,12.6,7.8,19.1,18409,1.8,1.08,2.2
2017-05-08,7.8,3.4,10.4,10619,0.4,0.77,2.8
2017-05-09,6.8,3.3,11.2,13713,1.2,0.77,1.9
2017-05-10,8.1,3.3,12.1,14266,0.0,0.77,1.9
2017-05-11,11.8,1.4,19.7,25907,0.1,0.76,2.2
2017-05-12,16.0,9.5,24.0,22820,2.2,1.25,2.2
2017-05-13,14.3,8.2,20.4,12257,0.3,1.11,1.7
2017-05-14,15.0,8.9,20.7,19298,0.3,1.16,1.7
2017-05-15,15.2,10.3,20.9,20839,0.0,1.27,1.7
2017-05-16,15.4,8.8,19.3,11686,0.1,1.15,1.5
2017-05-17,20.3,13.4,26.4,26145,0.0,1.57,2.1
2017-05-18,21.4,13.7,28.2,27451,0.0,1.64,2.2
2017-05-19,22.1,13.1,30.4,27028,0.0,1.61,2.6
2017-05-20,15.6,11.3,20.7,19553,0.0,1.34,2.4
2017-05-21,15.7,8.0,22.1,25305,0.0,1.12,1.7
2017-05-22,16.3,6.3,23.5,27846,0.0,1.04,1.6
2017-05-23,17.3,8.3,26.2,22695,5.6,1.19,2.4
2017-05-24,13.1,10.0,19.0,12684,0.1,1.22,3.0
2017-05-25,13.9,8.3,20.6,21308,0.0,1.13,2.3
2017-05-26,17.2,11.6,24.3,22103,0.0,1.41,2.0
2017-05-27,20.3,10.7,27.6,30001,0.0,1.37,2.1
2017-05-28,23.3,12.4,31.6,26810,0.0,1.58,2.0
2017-05-29,23.3,15.4,29.7,28480,0.0,1.81,1.7
2017-05-30,21.5,17.1,29.7,20530,16.1,1.99,2.4
2017-05-31,18.0,9.9,22.7,24944,0.0,1.25,3.0
2017-06-01,15.0,7.8,21.9,30236,0.0,1.11,1.9
2017-06-02,17.7,7.1,25.4,30526,0.0,1.11,1.4
2017-06-03,17.0,11.5,21.8,16162,4.4,1.37,1.8
2017-06-04,16.3,12.4,19.1,15563,12.9,1.41,2.6
2017-06-05,16.2,12.5,22.6,20854,1.5,1.45,1.7
2017-06-06,17.7,12.5,25.3,17745,2.2,1.5,3.1
2017-06-07,14.9,11.4,19.9,20027,3.1,1.34,4.3
2017-06-08,16.3,11.5,20.6,12895,0.0,1.34,2.5
2017-06-09,19.4,12.5,28.6,24213,0.2,1.53,2.5
2017-06-10,18.1,11.7,24.1,22349,0.0,1.4,1.8
2017-06-11,21.9,12.8,28.9,24126,1.1,1.56,2.0
2017-06-12,19.8,15.8,23.2,17985,0.0,1.76,3.6
2017-06-13,16.5,11.4,21.0,16741,0.0,1.34,2.9
2017-06-14,16.5,9.8,23.2,28692,0.0,1.26,1.8
2017-06-15,20.4,9.3,27.8,26314,7.5,1.28,1.9
2017-06-16,16.7,13.2,21.6,20038,2.9,1.5,3.7
2017-06-17,16.8,12.4,22.5,20672,0.0,1.44,3.0
2017-06-18,19.3,11.2,25.7,29727,0.0,1.39,1.7
2017-06-19,23.2,13.8,30.0,29855,0.0,1.66,1.4
2017-06-20,22.1,13.6,29.5,26713,0.0,1.65,2.2
2017-06-21,18.1,10.1,24.7,29727,0.0,1.3,1.7
2017-06-22,19.3,11.8,27.7,18664,28.8,1.48,2.4
2017-06-23,20.1,16.7,24.1,16775,0.1,1.86,3.6
2017-06-24,19.2,16.3,22.3,11367,0.4,1.82,3.1
2017-06-25,17.9,15.2,24.0,13998,5.3,1.72,3.0
2017-06-26,16.9,10.7,22.3,19891,1.4,1.31,2.6
2017-06-27,16.5,9.2,23.0,25528,0.0,1.21,1.8
2017-06-28,19.4,12.5,27.6,20618,9.3,1.52,2.5
2017-06-29,18.2,15.3,22.9,11319,61.2,1.72,2.7
2017-06-30,16.1,14.6,19.4,11179,7.7,1.61,3.4
2017-07-01,15.8,14.1,18.2,11665,5.2,1.55,3.2
2017-07-02,15.7,10.8,19.2,13652,0.6,1.28,3.1
2017-07-03,17.0,9.8,23.1,26532,0.4,1.25,2.7
2017-07-04,17.1,13.2,21.8,24877,0.0,1.51,2.3
2017-07-05,16.1,12.4,21.6,18342,0.2,1.43,1.6
2017-07-06,19.6,12.2,25.8,21690,0.3,1.47,1.4
2017-07-07,20.1,16.3,29.2,17536,0.2,1.89,2.1
2017-07-08,19.4,15.9,26.5,16007,0.1,1.82,2.3
2017-07-09,18.5,12.7,24.5,24336,0.0,1.5,1.6
2017-07-10,18.4,13.9,23.0,12203,5.9,1.58,2.0
2017-07-11,18.2,12.9,25.1,15411,2.0,1.52,2.5
2017-07-12,16.7,12.2,21.7,13011,8.0,1.43,2.9
2017-07-13,15.0,10.5,20.6,19194,0.0,1.28,2.4
2017-07-14,15.9,9.8,22.7,18406,1.2,1.25,1.7
2017-07-15,17.3,13.1,23.3,21838,1.9,1.51,1.9
2017-07-16,17.7,11.3,22.9,14970,4.8,1.36,2.0
2017-07-17,18.1,12.6,23.4,24711,0.0,1.47,1.8
2017-07-18,18.3,10.7,24.6,28119,0.0,1.34,1.7
2017-07-19,21.9,13.0,29.0,28056,1.8,1.6,2.3
2017-07-20,22.7,17.9,28.8,22069,1.5,2.07,2.3
2017-07-21,21.4,17.4,26.7,22256,0.0,1.98,1.8
2017-07-22,20.0,16.6,25.4,15919,3.6,1.87,2.0
2017-07-23,19.8,16.5,24.5,18076,2.0,1.86,2.5
2017-07-24,19.0,13.5,24.9,16177,48.2,1.57,1.9
2017-07-25,16.1,14.7,18.8,10852,11.5,1.61,3.1
2017-07-26,16.3,14.7,18.4,10557,18.3,1.61,3.0
2017-07-27,18.0,12.7,22.4,17097,1.7,1.46,2.3
2017-07-28,18.2,14.1,23.7,23003,0.1,1.61,2.6
2017-07-29,20.2,14.2,26.3,12587,0.0,1.64,2.5
2017-07-30,24.2,17.6,32.9,20661,0.2,2.1,2.7
2017-07-31,23.2,18.9,29.2,21674,4.7,2.18,1.9
2017-08-01,22.8,18.2,29.8,17603,0.1,2.11,1.8
2017-08-02,21.4,17.7,26.9,18011,0.7,2.01,1.7
2017-08-03,22.5,18.3,28.6,14323,5.9,2.11,2.6
2017-08-04,20.8,15.9,25.5,18215,0.0,1.8,3.1
2017-08-05,17.4,14.9,23.1,13821,1.6,1.67,2.4
2017-08-06,16.9,11.8,22.3,24859,0.0,1.39,2.1
2017-08-07,18.2,9.6,25.0,23922,0.0,1.27,1.8
2017-08-08,20.9,13.5,26.7,22631,0.0,1.59,2.4
2017-08-09,21.1,15.1,27.3,23832,3.5,1.74,2.2
2017-08-10,20.1,15.8,25.6,15335,27.4,1.8,1.9
2017-08-11,16.4,14.0,18.6,9360,1.8,1.55,2.1
2017-08-12,15.1,13.0,18.7,9292,1.4,1.46,2.9
2017-08-13,17.3,13.2,22.4,18471,0.0,1.5,1.9
2017-08-14,18.5,12.1,24.5,22455,0.0,1.44,1.8
2017-08-15,21.5,15.1,28.2,20478,0.0,1.77,2.1
2017-08-16,19.2,14.8,23.7,13646,5.1,1.66,1.5
2017-08-17,20.6,13.4,26.2,17021,1.3,1.58,1.9
2017-08-18,20.5,16.0,25.4,11741,8.7,1.82,2.2
2017-08-19,17.0,13.4,21.6,17386,1.1,1.52,2.7
2017-08-20,15.5,10.3,21.1,17962,0.1,1.26,2.5
2017-08-21,15.1,11.8,20.8,11824,0.7,1.38,2.2
2017-08-22,14.0,9.5,19.4,13546,0.0,1.19,1.7
2017-08-23,14.7,8.3,22.1,18634,0.0,1.15,1.4
2017-08-24,16.6,8.7,22.0,13012,0.6,1.17,2.1
2017-08-25,17.9,12.6,23.8,17048,0.0,1.48,1.6
2017-08-26,18.0,10.1,23.6,11257,0.2,1.29,1.5
2017-08-27,18.5,12.9,23.2,19022,0.0,1.49,1.9
2017-08-28,16.6,11.1,23.5,21313,0.0,1.35,1.3
2017-08-29,19.3,11.1,27.3,22263,0.0,1.41,1.7
2017-08-30,22.8,14.4,30.6,18729,0.0,1.75,2.1
2017-08-31,20.1,13.5,26.3,11649,2.3,1.59,2.6
2017-09-01,14.7,11.2,17.6,10036,0.0,1.3,1.5
2017-09-02,14.6,9.4,21.2,17131,0.1,1.2,1.4
2017-09-03,13.7,7.5,21.0,17850,0.0,1.07,1.3
2017-09-04,14.2,7.1,21.4,19512,0.0,1.05,1.6
2017-09-05,15.8,8.7,23.4,18092,0.0,1.18,1.7
2017-09-06,16.2,13.0,22.0,7880,9.2,1.49,3.1
2017-09-07,14.0,11.0,17.0,8314,2.0,1.28,2.9
2017-09-08,14.2,11.2,16.7,7188,1.2,1.29,3.2
2017-09-09,15.6,13.7,19.1,8544,2.3,1.53,2.6
2017-09-10,15.3,11.4,20.5,14072,0.0,1.33,2.3
2017-09-11,14.6,10.9,19.0,9777,0.3,1.3,3.5
2017-09-12,14.2,10.1,19.8,10681,0.6,1.24,3.3
2017-09-13,13.9,9.2,19.0,10970,3.3,1.16,5.0
2017-09-14,12.7,9.5,16.4,8767,1.6,1.16,4.4
2017-09-15,12.8,8.2,17.7,11431,0.7,1.09,2.7
2017-09-16,12.1,6.5,18.1,15525,0.0,0.99,1.5
2017-09-17,11.8,4.5,19.0,16248,0.5,0.88,1.2
2017-09-18,11.9,7.0,17.6,13675,0.0,1.01,1.6
2017-09-19,11.1,4.9,17.3,10468,0.0,0.89,1.6
2017-09-20,12.3,7.9,17.0,10349,0.2,1.07,2.0
2017-09-21,12.8,8.9,16.5,7402,0.0,1.12,1.3
2017-09-22,13.3,7.2,19.3,11889,0.0,1.04,1.1
2017-09-23,11.4,4.5,17.5,9994,6.7,0.87,1.2
2017-09-24,14.2,12.2,16.5,6472,1.6,1.39,1.4
2017-09-25,13.9,12.6,16.2,5835,0.1,1.42,1.7
2017-09-26,14.5,12.0,18.6,8101,0.0,1.37,1.9
2017-09-27,14.9,11.8,18.9,5845,0.1,1.36,1.7
2017-09-28,15.7,12.1,19.3,10732,0.0,1.39,1.7
2017-09-29,16.3,11.6,22.0,13681,0.0,1.36,1.8
2017-09-30,14.9,9.4,21.2,12824,0.2,1.2,2.2
2017-10-01,13.0,10.3,14.8,5245,3.5,1.22,1.9
2017-10-02,12.5,9.7,14.7,5335,9.2,1.16,3.2
2017-10-03,12.9,10.3,16.2,8302,0.5,1.22,3.1
2017-10-04,12.2,10.1,13.8,5253,3.7,1.2,3.6
2017-10-05,10.9,8.6,15.4,5004,11.4,1.09,4.8
2017-10-06,10.5,8.2,14.1,6568,0.9,1.07,3.8
2017-10-07,10.4,8.4,12.6,5169,9.3,1.06,3.8
2017-10-08,10.5,5.3,14.1,9196,3.5,0.89,3.0
2017-10-09,8.3,3.8,13.2,9390,6.5,0.8,2.0
2017-10-10,11.9,9.3,14.4,4528,1.0,1.14,2.7
2017-10-11,14.7,13.4,16.4,4686,0.1,1.48,3.1
2017-10-12,13.7,9.8,16.3,8933,0.2,1.18,3.9
2017-10-13,12.3,8.9,16.5,8885,0.0,1.12,2.2
2017-10-14,15.4,10.9,18.8,4906,0.0,1.29,2.1
2017-10-15,15.9,11.4,21.7,11253,0.0,1.36,1.7
2017-10-16,16.2,10.0,22.5,11027,0.0,1.27,1.8
2017-10-17,15.9,11.0,21.2,9781,0.0,1.32,1.8
2017-10-18,12.3,8.6,18.1,5815,0.0,1.12,1.2
2017-10-19,10.3,5.6,12.6,3865,0.0,0.89,1.7
2017-10-20,12.5,8.9,15.9,5350,0.5,1.12,2.3
2017-10-21,11.7,10.1,13.4,3727,3.8,1.19,2.2
2017-10-22,11.8,9.7,14.7,5729,0.1,1.16,3.2
2017-10-23,10.0,7.7,12.7,3593,1.1,1.02,2.7
2017-10-24,11.8,9.1,14.5,4470,3.4,1.12,2.4
2017-10-25,14.8,10.4,18.5,4727,0.0,1.25,3.0
2017-10-26,12.3,10.2,14.6,3398,0.6,1.21,2.3
2017-10-27,10.4,7.7,12.3,4245,1.7,1.02,3.6
2017-10-28,10.2,8.5,12.0,3273,4.1,1.07,5.0
2017-10-29,8.0,4.7,12.8,4037,4.6,0.84,6.2
2017-10-30,5.4,2.1,9.3,8418,0.0,0.7,3.1
2017-10-31,7.2,3.4,9.1,3156,1.4,0.76,2.3
2017-11-01,9.7,7.5,11.5,3036,9.1,1.01,2.7
2017-11-02,9.3,7.6,11.7,3282,0.8,1.02,2.8
2017-11-03,8.4,5.6,10.8,4775,0.0,0.88,1.6
2017-11-04,7.8,3.7,11.6,4993,0.0,0.79,2.1
2017-11-05,9.4,7.1,11.2,2992,7.3,0.97,2.5
2017-11-06,6.0,3.0,9.6,6391,0.1,0.74,1.8
2017-11-07,4.7,-0.1,9.2,3623,0.0,0.61,2.0
2017-11-08,7.3,5.4,9.3,4349,0.0,0.87,1.7
2017-11-09,6.3,5.0,8.0,2615,0.8,0.84,1.8
2017-11-10,6.9,4.7,8.5,2567,2.5,0.82,3.9
2017-11-11,5.1,2.9,7.1,2792,1.6,0.73,3.7
2017-11-12,3.8,2.1,6.5,3118,1.0,0.69,2.5
2017-11-13,4.1,0.1,7.3,3490,0.0,0.61,2.2
2017-11-14,3.6,-1.1,7.6,2389,0.0,0.56,2.2
2017-11-15,7.8,6.3,9.1,2347,0.8,0.92,1.8
2017-11-16,7.8,5.6,9.5,2409,0.2,0.88,1.9
2017-11-17,5.8,2.0,8.9,5957,0.0,0.69,1.8
2017-11-18,4.0,2.2,6.7,2529,1.9,0.7,3.5
2017-11-19,4.5,2.1,6.4,2390,1.9,0.69,4.4
2017-11-20,4.1,1.2,6.1,3476,1.3,0.64,3.3
2017-11-21,4.3,3.0,6.2,2122,6.6,0.73,2.8
2017-11-22,8.3,4.4,10.7,2088,0.1,0.82,3.2
2017-11-23,9.1,4.6,13.2,2767,0.1,0.84,3.5
2017-11-24,8.4,3.3,14.3,2213,4.6,0.78,2.5
2017-11-25,3.6,2.0,4.7,1995,13.2,0.68,2.3
2017-11-26,3.3,1.0,5.0,2656,0.2,0.63,3.6
2017-11-27,4.0,1.8,5.4,2486,4.4,0.67,4.3
2017-11-28,5.6,3.8,7.4,2274,0.0,0.78,3.5
2017-11-29,2.0,-0.5,5.4,4216,0.2,0.57,1.7
2017-11-30,0.7,-1.0,1.9,2041,0.0,0.55,1.7
2017-12-01,1.6,0.0,3.3,1840,0.2,0.59,1.4
2017-12-02,1.2,-1.8,3.3,2037,0.0,0.52,1.7
2017-12-03,-0.1,-2.5,3.0,2189,1.0,0.49,2.7
2017-12-04,3.6,1.6,5.6,2726,0.9,0.66,3.3
2017-12-05,6.7,3.5,7.7,1761,0.5,0.76,3.7
2017-12-06,7.2,6.5,8.1,1744,0.0,0.93,4.0
2017-12-07,6.0,4.3,8.0,4094,3.5,0.8,4.2
2017-12-08,4.0,0.5,6.1,2932,0.6,0.61,3.9
2017-12-09,1.6,-0.6,3.1,1700,2.5,0.57,4.2
2017-12-10,0.4,-1.6,2.2,2020,4.3,0.52,4.1
2017-12-11,2.9,1.4,6.1,1676,4.2,0.66,3.0
2017-12-12,4.1,1.2,7.8,1666,1.0,0.66,4.0
2017-12-13,1.9,-0.4,4.1,3794,5.0,0.57,4.0
2017-12-14,3.4,1.7,5.2,1690,2.6,0.67,4.5
2017-12-15,1.2,-0.4,2.6,1643,1.2,0.57,2.3
2017-12-16,2.0,0.4,2.9,1637,0.7,0.61,2.3
2017-12-17,1.6,0.7,2.8,1633,0.1,0.62,2.5
2017-12-18,0.2,-2.0,2.6,4109,0.0,0.51,1.7
2017-12-19,2.0,0.0,3.7,1627,2.1,0.59,1.6
2017-12-20,3.1,0.9,5.3,1627,1.3,0.63,1.5
2017-12-21,6.3,4.7,7.8,1627,0.3,0.82,2.5
2017-12-22,5.5,4.1,6.9,1669,0.0,0.79,2.3
2017-12-23,7.0,3.8,9.5,1630,0.0,0.79,4.3
2017-12-24,9.8,9.1,10.3,1634,0.0,1.11,4.8
2017-12-25,8.4,2.9,10.1,1639,0.0,0.74,3.6
2017-12-26,4.3,0.5,9.3,2790,0.1,0.63,3.8
2017-12-27,2.4,0.4,4.4,2103,0.0,0.61,2.6
2017-12-28,2.5,0.0,4.2,1660,0.0,0.59,3.3
2017-12-29,1.7,-0.6,4.1,2826,0.0,0.57,3.6
2017-12-30,3.2,-0.7,9.7,1679,2.3,0.59,4.0
2017-12-31,9.4,5.6,12.8,1691,1.3,0.9,4.1
2018-01-01,8.0,3.5,12.9,2793,3.7,0.78,4.4
2018-01-02,4.4,1.8,6.4,1760,3.6,0.67,3.4
2018-01-03,5.6,1.9,8.2,2156,13.4,0.69,5.8
2018-01-04,6.6,5.5,8.3,1877,2.2,0.87,4.2
2018-01-05,6.6,2.9,8.5,2024,0.0,0.74,3.6
2018-01-06,5.1,2.8,7.5,2865,0.0,0.72,1.9
2018-01-07,0.7,-2.9,3.8,2153,0.0,0.49,3.0
2018-01-08,-1.9,-5.0,2.1,5159,0.0,0.41,3.4
2018-01-09,2.1,-1.7,4.8,1848,0.0,0.52,3.1
2018-01-10,1.6,0.0,3.7,1871,0.0,0.59,1.7
2018-01-11,0.7,-0.8,2.2,1895,0.7,0.56,1.2
2018-01-12,1.7,1.1,2.3,1921,0.2,0.64,1.8
2018-01-13,0.5,-0.1,1.4,1948,0.0,0.58,2.9
2018-01-14,-1.0,-2.4,0.8,5489,0.0,0.49,2.9
2018-01-15,0.8,-1.9,3.2,3686,3.1,0.51,3.9
2018-01-16,2.5,0.4,4.8,2507,2.5,0.61,4.3
2018-01-17,1.6,0.4,2.8,2067,3.3,0.61,4.3
2018-01-18,2.5,0.3,6.5,2100,5.9,0.61,5.3
2018-01-19,2.4,1.3,4.1,2134,2.5,0.65,2.8
2018-01-20,1.1,-0.6,3.1,2464,0.3,0.57,2.3
2018-01-21,-0.3,-1.5,0.7,2205,0.0,0.52,1.8
2018-01-22,0.1,-1.3,1.8,2243,0.3,0.53,2.5
2018-01-23,2.2,-0.4,6.1,2282,1.1,0.58,2.6
2018-01-24,8.8,4.8,11.2,2939,0.1,0.84,3.9
2018-01-25,8.7,6.6,11.5,2363,6.4,0.94,2.6
2018-01-26,6.7,5.1,7.9,2405,0.8,0.85,1.4
2018-01-27,5.3,3.7,7.2,3035,0.2,0.77,2.0
2018-01-28,7.6,5.0,9.8,2871,2.4,0.84,4.6
2018-01-29,9.4,5.3,11.3,2540,2.6,0.87,5.2
2018-01-30,4.7,1.6,6.4,2974,0.0,0.67,3.2
2018-01-31,5.4,0.6,9.9,2635,6.0,0.64,3.7
2018-02-01,3.3,1.2,6.2,5515,0.0,0.65,3.3
2018-02-02,2.1,-1.0,4.9,3767,1.8,0.55,2.9
2018-02-03,0.6,-1.3,3.1,2787,1.1,0.54,2.0
2018-02-04,-0.5,-3.0,2.0,5072,0.1,0.48,2.1
2018-02-05,-1.2,-5.6,2.0,6165,0.0,0.4,2.5
2018-02-06,-3.4,-7.6,0.5,7827,0.0,0.34,1.9
2018-02-07,-2.0,-5.4,1.9,7578,0.0,0.4,1.5
2018-02-08,-4.1,-8.0,1.7,8186,0.0,0.34,1.2
2018-02-09,-3.0,-7.6,1.6,6121,0.0,0.35,1.8
2018-02-10,0.6,-1.2,3.8,4067,0.0,0.54,1.8
2018-02-11,1.0,-1.1,3.5,3819,0.8,0.55,3.6
2018-02-12,1.2,-1.4,5.0,5703,0.0,0.54,3.1
2018-02-13,0.4,-3.4,5.6,8420,0.0,0.48,2.1
2018-02-14,-0.8,-5.6,4.7,9276,0.0,0.41,2.0
2018-02-15,-0.4,-3.5,3.1,5244,1.1,0.46,3.1
2018-02-16,2.7,0.0,7.1,8053,0.0,0.6,2.3
2018-02-17,1.8,-0.3,4.5,3629,0.0,0.58,1.6
2018-02-18,1.8,-0.4,4.0,3697,0.0,0.58,1.6
2018-02-19,0.6,-2.2,4.6,5951,0.0,0.51,1.4
2018-02-20,-0.1,-3.3,4.4,9757,0.0,0.47,1.7
2018-02-21,-0.7,-5.2,4.1,7876,0.0,0.41,2.1
2018-02-22,-1.3,-5.0,2.6,6168,0.0,0.42,2.9
2018-02-23,-2.9,-6.0,0.7,10845,0.0,0.38,3.2
2018-02-24,-2.7,-7.1,1.0,10323,0.0,0.36,4.0
2018-02-25,-5.3,-9.7,-1.0,10090,0.0,0.29,3.2
2018-02-26,-6.0,-9.8,-2.3,8474,0.0,0.29,3.2
2018-02-27,-8.0,-12.5,-3.7,6974,0.0,0.23,2.8
2018-02-28,-9.3,-12.8,-5.1,10281,0.0,0.23,3.7
2018-03-01,-8.4,-12.0,-3.6,12001,0.0,0.24,4.4
2018-03-02,-8.2,-12.9,-2.7,12000,0.0,0.23,3.5
2018-03-03,-6.8,-12.3,-1.4,12157,0.0,0.24,2.8
2018-03-04,-2.3,-8.4,4.2,11093,0.5,0.34,2.7
2018-03-05,2.7,-2.3,10.2,8192,0.0,0.54,2.4
2018-03-06,1.3,-2.9,6.5,5978,6.5,0.5,1.7
2018-03-07,0.8,-0.1,2.1,4978,2.6,0.58,2.1
2018-03-08,4.3,0.3,9.8,7096,6.1,0.62,3.3
2018-03-09,4.5,-0.2,9.0,8141,0.3,0.6,2.7
2018-03-10,4.8,-0.8,9.5,5224,0.6,0.58,2.2
2018-03-11,10.0,4.0,15.9,12122,0.0,0.84,2.0
2018-03-12,7.9,4.4,10.3,5390,12.2,0.81,2.2
2018-03-13,8.6,3.9,11.9,5563,2.4,0.8,3.7
2018-03-14,4.1,2.0,6.1,5558,0.3,0.68,2.1
2018-03-15,3.0,1.5,6.0,6005,0.0,0.66,4.0
2018-03-16,0.2,-2.7,2.4,5728,1.1,0.48,4.1
2018-03-17,-2.8,-5.3,-0.3,10242,0.0,0.4,5.5
2018-03-18,-2.2,-5.6,1.7,15856,0.0,0.4,5.2
2018-03-19,-1.7,-7.2,4.5,16214,0.0,0.37,2.6
2018-03-20,-1.2,-4.9,3.9,7489,2.5,0.43,2.7
2018-03-21,1.2,-4.2,6.9,14743,0.0,0.45,2.2
2018-03-22,2.6,0.1,5.0,6241,3.3,0.6,3.0
2018-03-23,2.7,0.8,4.2,6328,0.6,0.63,1.7
2018-03-24,3.0,-0.6,7.6,15109,0.0,0.58,1.8
2018-03-25,4.2,-2.9,11.9,16049,0.0,0.53,1.4
2018-03-26,4.7,-1.0,9.5,10256,0.2,0.57,1.7
2018-03-27,3.5,-2.1,9.0,9970,1.0,0.53,1.9
2018-03-28,1.9,0.7,3.0,6759,6.6,0.62,3.3
2018-03-29,4.7,2.0,8.2,7149,0.2,0.69,3.1
2018-03-30,5.1,0.5,11.2,15911,0.0,0.64,2.7
2018-03-31,2.3,0.7,4.4,7016,3.7,0.62,2.7
2018-04-01,1.9,0.8,3.5,7102,1.4,0.62,3.6
2018-04-02,5.0,-0.5,9.9,15204,0.9,0.6,2.4
2018-04-03,12.4,6.1,18.7,12197,0.2,0.98,2.8
2018-04-04,14.8,9.8,20.5,17795,3.2,1.21,2.8
2018-04-05,10.2,2.8,15.5,12958,0.2,0.78,4.1
2018-04-06,6.9,1.0,12.9,20544,0.0,0.68,2.6
2018-04-07,12.3,5.1,20.1,21026,0.0,0.94,2.9
2018-04-08,14.0,6.9,20.5,20647,0.0,1.04,2.1
2018-04-09,14.5,4.4,22.5,19065,0.0,0.93,1.7
2018-04-10,15.5,8.8,24.7,20301,0.3,1.21,3.0
2018-04-11,12.3,8.4,18.8,17926,0.6,1.11,3.0
2018-04-12,16.0,8.5,24.1,14971,0.0,1.17,3.2
2018-04-13,16.0,11.1,20.7,10543,12.4,1.32,2.7
2018-04-14,12.7,8.4,17.5,12752,1.3,1.1,2.4
2018-04-15,14.2,7.1,22.2,16995,0.7,1.07,1.5
2018-04-16,11.6,9.0,15.2,8345,2.3,1.12,1.7
2018-04-17,13.3,7.4,19.5,21526,0.0,1.05,1.5
2018-04-18,16.0,7.3,24.5,22683,0.0,1.11,1.6
2018-04-19,17.5,8.0,25.6,23050,0.0,1.18,1.9
2018-04-20,19.9,10.0,27.9,23073,0.0,1.35,1.9
2018-04-21,16.1,8.1,21.2,22863,0.0,1.12,1.8
2018-04-22,15.8,5.6,23.1,23225,0.3,0.99,1.8
2018-04-23,16.6,10.8,21.3,16871,0.3,1.3,2.8
2018-04-24,12.5,7.7,15.8,12326,0.5,1.04,2.8
2018-04-25,12.6,7.7,18.7,13694,1.4,1.06,3.6
2018-04-26,9.1,5.5,13.8,13783,3.9,0.89,3.2
2018-04-27,10.8,3.1,16.3,21738,0.0,0.8,2.0
2018-04-28,14.5,4.3,22.5,22910,0.0,0.92,2.0
2018-04-29,17.7,10.6,24.5,21132,0.0,1.33,2.2
2018-04-30,16.4,10.3,22.8,20169,0.1,1.29,3.9
2018-05-01,11.9,4.9,15.6,20626,0.0,0.87,3.7
2018-05-02,10.5,2.4,15.2,11661,0.0,0.75,2.0
2018-05-03,12.5,5.5,18.9,20582,0.0,0.94,2.3
2018-05-04,11.0,2.6,18.2,25712,0.0,0.79,2.3
2018-05-05,12.6,2.6,20.6,26658,0.0,0.81,2.6
2018-05-06,15.2,5.9,22.9,26763,0.0,1.0,2.4
2018-05-07,17.8,7.4,25.3,26744,0.0,1.13,2.4
2018-05-08,19.2,9.8,26.1,26722,0.0,1.29,2.5
2018-05-09,20.8,11.8,27.7,25484,0.1,1.48,2.1
2018-05-10,19.9,13.9,27.2,17914,0.1,1.64,2.5
2018-05-11,14.3,9.9,18.2,11285,0.0,1.21,1.8
2018-05-12,16.1,8.1,23.1,21843,0.0,1.13,1.9
2018-05-13,20.4,13.4,27.3,27179,0.0,1.6,2.7
2018-05-14,19.5,11.2,25.4,27753,0.0,1.4,2.8
2018-05-15,14.8,8.6,23.6,18016,8.0,1.17,2.3
2018-05-16,16.0,10.6,22.3,18694,0.1,1.29,2.3
2018-05-17,15.4,10.5,21.9,22082,0.0,1.29,3.1
2018-05-18,11.8,9.4,14.7,10432,0.0,1.14,2.2
2018-05-19,16.1,11.2,22.2,23941,0.0,1.34,1.6
2018-05-20,15.9,7.9,22.9,28951,0.0,1.12,2.5
2018-05-21,17.4,6.5,24.0,28277,0.0,1.05,2.8
2018-05-22,18.5,9.6,25.0,28094,0.0,1.27,2.0
2018-05-23,18.4,9.8,25.2,26418,0.0,1.28,2.2
2018-05-24,19.6,12.7,25.9,28713,0.0,1.52,2.5
2018-05-25,20.5,13.0,27.7,27651,0.0,1.56,2.2
2018-05-26,19.6,10.4,28.0,27581,0.0,1.36,1.8
2018-05-27,20.0,12.5,29.2,25141,1.7,1.54,1.9
2018-05-28,24.6,16.3,31.9,27060,0.0,1.94,2.1
2018-05-29,25.8,19.7,31.9,29353,0.0,2.32,2.5
2018-05-30,24.3,16.4,32.6,24528,0.1,1.97,1.8
2018-05-31,24.6,15.1,31.9,27694,0.0,1.84,1.9
2018-06-01,24.3,19.3,31.3,25233,4.5,2.28,2.1
2018-06-02,20.8,18.3,24.5,14380,3.8,2.05,2.0
2018-06-03,19.6,15.5,24.3,13281,1.1,1.75,1.7
2018-06-04,20.1,13.9,27.4,23332,0.0,1.65,2.0
2018-06-05,18.3,12.6,24.0,19600,0.0,1.49,2.0
2018-06-06,18.2,10.3,24.5,30914,0.0,1.3,2.3
2018-06-07,21.1,12.0,28.7,30315,0.0,1.5,1.9
2018-06-08,23.7,13.4,31.3,29212,0.0,1.65,1.7
2018-06-09,24.8,15.9,32.5,27854,0.0,1.91,1.8
2018-06-10,21.7,16.4,29.0,18707,12.8,1.91,1.8
2018-06-11,19.6,14.8,25.0,22493,0.0,1.7,2.2
2018-06-12,16.3,11.5,21.7,16980,0.0,1.36,2.4
2018-06-13,15.3,13.8,17.3,11463,0.0,1.53,2.6
2018-06-14,17.2,10.1,23.7,26053,0.0,1.27,1.9
2018-06-15,18.8,14.7,24.6,14248,0.0,1.67,1.4
2018-06-16,21.7,15.5,27.2,14507,0.0,1.77,1.5
2018-06-17,20.6,15.9,26.1,24192,0.0,1.82,2.3
2018-06-18,19.4,12.2,24.1,15899,0.0,1.44,2.2
2018-06-19,20.4,16.3,25.2,17536,0.0,1.85,2.3
2018-06-20,21.6,16.3,28.3,17662,0.0,1.88,1.9
2018-06-21,16.9,9.8,26.8,21558,1.9,1.3,3.6
2018-06-22,14.1,9.5,20.7,16528,0.9,1.2,3.7
2018-06-23,13.6,11.1,18.1,12754,2.8,1.29,3.3
2018-06-24,13.2,11.9,15.6,11241,3.0,1.35,2.4
2018-06-25,15.7,10.9,22.7,14877,0.0,1.32,2.3
2018-06-26,17.2,10.5,25.3,15245,0.0,1.33,1.9
2018-06-27,18.8,10.6,25.8,24775,0.0,1.36,2.3
2018-06-28,21.3,12.6,29.3,28775,0.0,1.55,2.4
2018-06-29,21.2,11.5,30.1,31015,0.0,1.49,2.4
2018-06-30,17.0,10.5,23.1,27231,0.0,1.31,2.5
2018-07-01,16.6,6.8,23.3,26958,0.0,1.06,2.7
2018-07-02,17.3,5.7,26.1,27936,0.0,1.03,2.1
2018-07-03,20.7,10.4,28.6,30540,0.0,1.37,1.8
2018-07-04,22.9,11.6,31.7,30760,0.0,1.51,1.6
2018-07-05,23.1,14.5,31.2,27099,0.0,1.77,2.2
2018-07-06,18.8,13.7,25.1,16564,0.0,1.59,2.8
2018-07-07,18.7,10.7,26.6,28406,0.0,1.36,2.8
2018-07-08,20.3,13.8,27.8,19004,0.0,1.65,2.4
2018-07-09,18.7,13.8,24.7,20094,0.0,1.59,2.6
2018-07-10,17.0,12.6,21.2,13949,0.0,1.45,2.1
2018-07-11,17.8,13.3,24.9,18775,20.8,1.54,1.9
2018-07-12,18.4,14.0,22.7,11393,3.1,1.59,2.2
2018-07-13,20.0,15.0,28.2,23298,0.0,1.74,2.1
2018-07-14,17.9,12.6,24.0,25115,0.0,1.49,1.9
2018-07-15,18.9,11.0,25.5,24817,0.0,1.37,1.6
2018-07-16,22.0,13.3,29.0,29724,0.0,1.6,1.5
2018-07-17,22.7,15.2,30.8,21862,0.1,1.82,2.0
2018-07-18,21.8,17.5,27.2,22552,0.0,1.99,2.6
2018-07-19,21.3,14.6,27.7,27809,0.0,1.69,2.0
2018-07-20,20.3,11.8,27.7,23549,0.0,1.48,1.6
2018-07-21,21.6,11.5,28.8,22749,0.0,1.46,1.7
2018-07-22,22.5,18.0,28.3,12966,0.0,2.07,1.8
2018-07-23,21.8,15.5,27.8,28644,0.0,1.79,1.6
2018-07-24,24.5,14.5,31.4,27955,0.0,1.75,1.4
2018-07-25,26.6,17.0,33.1,27756,0.0,2.03,1.6
2018-07-26,26.2,16.4,33.7,28166,0.0,1.99,2.0
2018-07-27,25.1,16.9,33.2,26131,0.0,2.03,2.2
2018-07-28,24.8,19.7,33.0,23978,7.6,2.34,2.4
2018-07-29,23.0,17.0,28.7,25723,0.0,1.97,1.8
2018-07-30,27.0,21.7,33.2,24424,0.0,2.61,1.5
2018-07-31,28.8,20.7,35.8,25914,2.0,2.54,1.9
2018-08-01,26.1,21.6,31.6,19779,1.1,2.57,2.0
2018-08-02,23.3,19.1,29.1,16926,0.5,2.22,1.8
2018-08-03,25.5,17.7,33.1,25155,0.0,2.13,1.6
2018-08-04,25.9,18.5,32.9,25178,0.3,2.21,1.8
2018-08-05,21.1,16.1,25.8,23523,0.0,1.83,2.5
2018-08-06,21.8,13.8,30.0,26651,0.0,1.66,1.7
2018-08-07,27.5,16.7,36.3,26186,0.0,2.1,1.9
2018-08-08,28.6,21.5,37.4,21323,1.1,2.69,2.5
2018-08-09,26.3,19.9,35.0,23240,3.2,2.42,2.6
2018-08-10,19.9,14.5,24.2,18525,0.0,1.66,3.2
2018-08-11,18.1,13.9,23.8,17489,0.0,1.59,2.9
2018-08-12,19.6,11.6,27.2,24207,0.0,1.44,1.8
2018-08-13,21.6,10.9,31.8,19174,0.0,1.47,2.1
2018-08-14,19.8,16.0,24.3,13704,1.8,1.8,2.8
2018-08-15,19.4,15.0,25.1,16176,0.0,1.71,1.9
2018-08-16,22.5,14.1,30.2,24075,0.0,1.71,1.7
2018-08-17,23.4,16.2,30.6,22909,0.1,1.9,1.9
2018-08-18,20.9,15.2,27.3,21059,0.0,1.77,1.8
2018-08-19,22.0,13.2,30.0,23689,0.0,1.61,1.8
2018-08-20,20.6,16.1,23.9,8945,0.0,1.8,2.3
2018-08-21,18.6,11.9,24.1,21715,0.0,1.43,1.5
2018-08-22,20.4,9.7,29.2,23396,0.0,1.34,1.5
2018-08-23,24.1,13.6,34.9,20325,1.7,1.75,1.9
2018-08-24,19.2,14.3,23.3,13910,0.1,1.62,2.7
2018-08-25,15.6,10.2,21.7,13584,0.3,1.27,2.6
2018-08-26,14.4,9.1,21.7,19932,0.0,1.18,2.1
2018-08-27,17.2,12.7,22.3,9171,0.1,1.46,3.1
2018-08-28,17.4,10.9,22.7,14924,0.0,1.32,1.6
2018-08-29,20.4,10.4,28.4,21167,0.3,1.39,2.0
2018-08-30,17.3,14.4,20.1,7934,3.5,1.6,2.7
2018-08-31,15.2,10.9,20.9,17181,0.0,1.3,2.0
2018-09-01,16.1,9.1,23.4,18237,0.0,1.21,1.9
2018-09-02,17.8,11.4,23.4,8869,0.2,1.37,2.1
2018-09-03,22.3,16.7,29.6,18063,0.0,1.94,2.0
2018-09-04,19.3,13.2,26.7,19830,0.0,1.56,1.7
2018-09-05,19.1,12.3,25.7,12502,0.0,1.47,1.6
2018-09-06,19.5,14.4,26.4,16163,0.6,1.68,1.8
2018-09-07,17.8,12.8,23.6,10189,0.5,1.49,2.2
2018-09-08,15.8,10.0,21.6,16300,0.0,1.26,2.1
2018-09-09,18.6,12.0,25.8,16569,0.0,1.46,1.6
2018-09-10,18.5,10.9,26.3,9881,0.0,1.37,1.8
2018-09-11,21.0,15.2,26.9,15666,0.0,1.74,2.7
2018-09-12,19.3,14.4,25.6,11488,0.1,1.65,2.3
2018-09-13,13.7,12.0,15.7,6764,0.4,1.35,1.6
2018-09-14,15.4,12.1,20.3,9364,0.0,1.4,1.5
2018-09-15,15.3,10.4,21.3,12024,0.0,1.27,2.2
2018-09-16,15.6,8.2,23.1,15623,0.0,1.14,1.6
2018-09-17,18.1,9.8,27.3,16540,0.0,1.31,1.5
2018-09-18,21.3,11.5,31.2,17151,0.0,1.5,2.2
2018-09-19,22.0,13.3,29.4,16407,0.0,1.63,2.2
2018-09-20,21.5,14.8,29.3,14626,0.0,1.76,2.2
2018-09-21,18.4,10.5,29.7,10042,3.8,1.41,3.8
2018-09-22,12.9,9.6,17.7,10486,0.8,1.18,3.4
2018-09-23,10.2,8.4,14.2,6191,14.4,1.08,3.1
2018-09-24,9.6,6.1,14.1,14105,0.2,0.93,3.7
2018-09-25,8.7,3.9,15.2,14589,0.0,0.82,2.1
2018-09-26,12.3,4.8,18.0,11807,0.0,0.89,2.7
2018-09-27,17.6,13.6,23.1,12923,0.0,1.56,2.2
2018-09-28,12.1,5.8,16.6,12419,0.0,0.93,2.6
2018-09-29,8.8,3.3,15.5,14209,0.0,0.8,2.0
2018-09-30,10.0,3.7,18.8,14568,0.0,0.85,1.8
2018-10-01,8.4,3.3,13.7,8009,0.9,0.78,2.5
2018-10-02,7.7,4.0,11.1,5933,1.5,0.8,3.9
2018-10-03,10.9,8.2,14.5,7793,0.3,1.07,3.9
2018-10-04,11.7,8.0,15.1,5337,0.0,1.06,1.9
2018-10-05,14.5,9.6,20.3,13311,0.0,1.2,1.9
2018-10-06,15.4,8.7,22.6,12407,0.0,1.18,1.7
2018-10-07,10.8,2.1,15.3,5169,0.0,0.73,2.1
2018-10-08,7.8,0.0,15.0,12500,0.0,0.65,1.5
2018-10-09,11.5,4.6,19.1,8832,0.0,0.89,1.5
2018-10-10,15.5,6.7,23.8,12183,0.0,1.06,2.0
2018-10-11,18.0,12.9,24.2,12181,0.0,1.51,2.3
2018-10-12,17.1,10.1,25.4,12023,0.0,1.3,1.9
2018-10-13,17.4,10.2,25.8,11865,0.0,1.32,2.1
2018-10-14,16.8,10.4,23.8,11557,0.0,1.3,2.3
2018-10-15,15.8,9.9,22.9,10505,0.0,1.26,1.7
2018-10-16,13.4,5.6,22.3,9401,0.0,0.97,1.2
2018-10-17,12.2,5.3,21.3,10658,0.0,0.96,1.1
2018-10-18,10.2,4.3,14.9,4731,0.1,0.83,1.8
2018-10-19,7.7,1.2,13.0,10366,0.0,0.68,1.4
2018-10-20,8.3,1.1,13.2,5985,0.0,0.68,1.6
2018-10-21,9.3,2.8,15.6,9940,0.0,0.77,1.6
2018-10-22,8.3,4.4,12.7,4694,2.4,0.83,2.2
2018-10-23,9.3,5.3,12.4,3593,2.9,0.87,4.7
2018-10-24,9.9,5.9,12.2,7570,1.1,0.9,4.4
2018-10-25,11.2,9.4,13.5,3728,0.3,1.15,3.8
2018-10-26,10.2,7.5,12.8,3661,0.2,1.01,2.8
2018-10-27,7.3,2.9,9.5,3725,0.0,0.74,2.6
2018-10-28,5.1,1.3,8.2,3723,0.4,0.66,3.2
2018-10-29,4.8,3.7,6.3,3213,0.1,0.77,3.6
2018-10-30,12.2,5.9,20.2,7102,0.1,0.97,4.3
2018-10-31,9.1,5.2,12.7,8420,0.0,0.87,2.8
2018-11-01,7.3,1.1,11.8,4321,0.0,0.68,1.9
2018-11-02,8.7,4.5,15.2,6666,0.0,0.85,2.1
2018-11-03,6.1,1.9,9.4,3044,0.0,0.69,1.6
2018-11-04,8.2,1.4,11.1,2870,0.0,0.68,1.9
2018-11-05,11.8,10.5,14.5,4273,0.0,1.23,2.1
2018-11-06,12.2,7.6,17.6,7542,0.0,1.05,1.9
2018-11-07,9.5,3.7,14.9,7262,0.0,0.81,1.8
2018-11-08,8.1,2.4,13.8,3394,0.2,0.74,1.5
2018-11-09,7.9,4.7,11.1,2893,0.0,0.84,1.8
2018-11-10,8.6,4.4,12.1,5638,1.3,0.82,2.7
2018-11-11,9.5,7.4,12.3,3551,0.6,1.0,2.8
2018-11-12,11.6,8.3,15.4,3279,1.5,1.08,2.2
2018-11-13,10.6,8.1,13.0,2749,7.0,1.04,2.6
2018-11-14,7.3,5.3,10.3,3278,0.0,0.87,1.9
2018-11-15,6.6,4.2,10.1,2451,0.0,0.8,1.9
2018-11-16,5.6,3.0,9.4,6600,0.0,0.75,2.4
2018-11-17,2.1,-3.2,6.9,6310,0.0,0.49,2.8
2018-11-18,0.4,-5.2,5.6,2829,0.1,0.42,2.5
2018-11-19,3.5,1.9,5.6,2489,1.4,0.68,4.0
2018-11-20,2.4,1.8,3.9,2156,0.0,0.67,4.4
2018-11-21,1.3,0.7,2.0,2122,0.0,0.61,2.9
2018-11-22,1.3,0.7,2.3,2088,0.0,0.61,2.1
2018-11-23,2.0,0.7,3.5,2056,0.0,0.62,1.9
2018-11-24,1.6,-0.2,3.2,2025,0.3,0.58,1.6
2018-11-25,4.1,2.4,5.7,1995,0.3,0.7,1.9
2018-11-26,1.9,-1.0,3.8,1966,0.0,0.55,2.4
2018-11-27,-0.8,-3.9,1.0,1939,0.0,0.45,1.6
2018-11-28,0.6,-1.5,3.2,5165,0.0,0.53,2.8
2018-11-29,1.1,-1.3,3.6,3231,0.0,0.54,3.6
2018-11-30,1.6,1.0,2.6,1863,1.7,0.63,2.7
2018-12-01,3.8,1.4,8.1,3822,0.0,0.66,2.5
2018-12-02,7.0,3.8,10.7,1819,4.1,0.78,3.4
2018-12-03,10.7,8.3,13.3,2275,1.8,1.06,3.4
2018-12-04,6.1,1.4,10.6,3717,0.0,0.67,3.2
2018-12-05,2.3,0.3,5.7,4285,0.1,0.61,2.0
2018-12-06,5.3,2.0,9.6,1744,0.6,0.69,2.8
2018-12-07,10.7,8.6,12.5,1728,6.5,1.08,4.0
2018-12-08,7.2,5.4,8.7,1797,1.5,0.87,5.6
2018-12-09,7.4,5.5,8.8,1742,1.2,0.88,5.2
2018-12-10,4.5,3.4,5.9,2311,0.7,0.75,4.7
2018-12-11,4.2,1.5,5.0,1676,0.6,0.66,3.5
2018-12-12,2.3,0.9,4.1,1790,1.1,0.63,2.0
2018-12-13,1.6,0.5,2.7,1657,0.3,0.61,2.5
2018-12-14,0.3,0.0,1.0,1649,0.0,0.58,2.3
2018-12-15,-0.1,-0.6,0.5,1643,0.0,0.56,2.2
2018-12-16,-0.2,-1.0,0.5,1637,0.1,0.55,2.5
2018-12-17,0.7,-0.7,2.5,1674,0.5,0.56,1.8
2018-12-18,3.2,0.5,6.3,1752,0.0,0.62,2.2
2018-12-19,2.1,0.1,3.7,1627,0.1,0.59,2.6
2018-12-20,3.9,2.0,5.4,1627,1.5,0.68,2.5
2018-12-21,6.8,4.6,11.2,1627,6.5,0.83,4.2
2018-12-22,6.3,3.5,10.3,1750,8.3,0.77,3.9
2018-12-23,6.2,3.8,7.7,1630,5.8,0.78,2.9
2018-12-24,2.2,0.4,5.6,1634,0.2,0.61,3.0
2018-12-25,4.9,3.3,6.1,1720,0.1,0.75,3.1
2018-12-26,5.8,4.6,7.1,1645,0.1,0.82,2.7
2018-12-27,5.2,3.9,6.1,1652,0.2,0.78,2.2
2018-12-28,6.2,5.3,7.1,1660,1.4,0.85,2.1
2018-12-29,6.0,5.3,7.2,1669,5.0,0.86,3.1
2018-12-30,6.2,2.4,8.0,1804,0.0,0.71,3.9
2018-12-31,5.8,2.4,8.9,1691,0.3,0.71,2.1
2019-01-01,6.5,2.5,8.7,1829,3.1,0.71,5.1
2019-01-02,2.1,-1.7,4.2,2602,0.0,0.53,4.3
2019-01-03,-0.3,-2.1,1.7,1775,0.0,0.5,2.3
2019-01-04,2.0,-0.9,5.5,1749,3.3,0.56,3.2
2019-01-05,6.3,1.0,8.0,1895,0.2,0.65,3.9
2019-01-06,1.5,-0.2,3.6,2131,1.5,0.58,2.3
2019-01-07,4.1,0.8,5.9,1805,5.6,0.63,3.0
2019-01-08,5.2,2.2,6.7,1825,6.0,0.7,5.7
2019-01-09,2.1,1.0,2.7,1848,1.9,0.63,4.6
2019-01-10,0.9,-0.2,1.9,1960,0.2,0.58,2.3
2019-01-11,2.9,-0.3,6.2,1895,1.5,0.59,3.1
2019-01-12,5.3,4.0,6.2,1921,3.7,0.78,4.1
2019-01-13,6.6,5.1,8.4,1948,5.0,0.85,5.1
2019-01-14,2.5,-0.1,5.8,3779,0.0,0.59,5.0
2019-01-15,4.3,1.1,6.9,2005,2.6,0.65,4.5
2019-01-16,6.4,2.7,7.7,2035,0.0,0.72,3.8
2019-01-17,4.6,0.7,7.2,2305,3.1,0.63,4.2
2019-01-18,0.4,-2.1,2.1,5373,0.0,0.51,2.4
2019-01-19,-0.2,-3.4,4.1,4615,0.0,0.47,1.6
2019-01-20,-3.9,-7.4,-0.5,5218,0.0,0.34,1.3
2019-01-21,-3.1,-5.1,-0.2,3647,0.1,0.4,1.7
2019-01-22,-3.2,-6.0,-0.1,4908,0.0,0.38,2.2
2019-01-23,-5.2,-7.1,-2.6,3808,0.0,0.35,2.3
2019-01-24,-3.7,-4.9,-3.1,2322,0.0,0.41,1.6
2019-01-25,-3.7,-5.0,-2.6,3092,1.6,0.4,2.1
2019-01-26,1.1,-3.6,4.3,2405,5.0,0.46,3.2
2019-01-27,3.7,2.2,5.7,2502,4.6,0.69,3.4
2019-01-28,2.7,0.5,5.5,5190,1.9,0.61,3.6
2019-01-29,1.0,-1.5,3.1,2703,0.1,0.53,2.6
2019-01-30,0.4,-2.0,2.9,5515,0.0,0.51,2.9
2019-01-31,0.8,-2.1,3.9,5208,0.0,0.51,2.1
2019-02-01,-0.7,-3.4,1.8,2685,3.2,0.46,2.4
2019-02-02,0.2,-0.2,0.9,2735,0.6,0.58,1.6
2019-02-03,0.7,-1.4,1.8,2787,0.0,0.53,2.7
2019-02-04,1.1,-1.6,5.6,6776,0.0,0.54,2.7
2019-02-05,2.4,0.1,4.1,2894,0.0,0.6,2.5
2019-02-06,3.0,-0.2,6.7,5719,0.0,0.59,2.3
2019-02-07,2.8,0.1,6.4,3555,0.7,0.6,3.1
2019-02-08,5.3,1.6,8.7,4977,0.2,0.67,3.8
2019-02-09,7.4,4.6,11.4,5371,0.6,0.83,5.0
2019-02-10,6.4,3.7,9.3,3182,11.6,0.78,4.3
2019-02-11,4.2,0.8,7.0,4523,0.4,0.63,4.8
2019-02-12,3.1,1.1,6.0,6934,0.0,0.64,3.2
2019-02-13,6.2,4.0,8.5,3367,0.5,0.79,2.7
2019-02-14,6.9,0.8,11.3,8080,0.0,0.66,1.8
2019-02-15,5.2,-1.5,13.3,9479,0.0,0.58,1.6
2019-02-16,7.7,0.7,15.6,9550,0.0,0.69,1.9
2019-02-17,5.6,-0.5,13.2,9000,0.0,0.62,1.6
2019-02-18,6.4,-0.1,14.0,9759,0.0,0.64,1.7
2019-02-19,7.2,5.0,10.2,4118,1.6,0.85,2.9
2019-02-20,7.4,5.1,11.2,6832,0.1,0.86,2.3
2019-02-21,8.4,6.2,11.4,4989,2.0,0.92,2.6
2019-02-22,3.4,-1.9,8.9,8943,0.0,0.54,2.5
2019-02-23,-0.1,-3.6,5.6,10180,0.0,0.47,2.3
2019-02-24,3.1,-3.9,11.6,9950,0.0,0.49,1.5
2019-02-25,6.1,-1.5,13.4,10997,0.0,0.58,1.6
2019-02-26,6.3,1.8,13.2,7786,0.0,0.71,1.5
2019-02-27,7.9,-0.7,16.6,11531,0.0,0.64,1.6
2019-02-28,7.5,4.3,11.7,9344,0.4,0.82,3.1
2019-03-01,4.3,0.8,6.3,4501,0.2,0.63,2.6
2019-03-02,3.9,1.8,6.2,4579,0.3,0.67,2.4
2019-03-03,9.3,4.8,12.0,4658,1.3,0.85,4.2
2019-03-04,9.5,6.1,15.2,6448,2.8,0.93,5.7
2019-03-05,6.3,3.0,10.0,7616,1.8,0.74,4.6
2019-03-06,6.9,0.2,12.5,8807,2.0,0.64,3.1
2019-03-07,10.2,7.1,16.4,6154,0.3,1.01,4.5
2019-03-08,7.7,4.5,10.1,8624,1.5,0.82,4.9
2019-03-09,7.6,4.2,12.5,7627,5.5,0.82,5.6
2019-03-10,4.5,0.3,8.4,5743,16.9,0.62,4.7
2019-03-11,3.4,1.6,6.4,5919,0.5,0.67,4.4
2019-03-12,5.7,2.0,9.4,7507,0.3,0.7,3.9
2019-03-13,7.2,4.8,10.2,7789,1.3,0.84,5.6
2019-03-14,6.0,4.2,8.8,5828,9.4,0.8,5.1
2019-03-15,7.7,5.6,10.1,7093,0.2,0.88,5.4
2019-03-16,6.8,4.7,10.0,5819,4.4,0.83,4.7
2019-03-17,8.2,4.2,12.8,7750,1.5,0.82,4.5
2019-03-18,5.5,3.2,9.5,10179,1.4,0.75,4.2
2019-03-19,4.8,1.6,8.9,11052,0.0,0.68,2.1
2019-03-20,7.3,-1.0,13.5,13356,0.0,0.6,2.0
2019-03-21,10.1,4.8,13.9,7682,0.0,0.86,2.1
2019-03-22,9.0,5.3,13.0,8935,0.0,0.88,1.6
2019-03-23,8.1,2.8,12.9,11272,0.0,0.75,2.1
2019-03-24,5.7,0.6,11.3,11983,0.9,0.64,1.9
2019-03-25,4.7,1.7,8.1,10241,1.8,0.67,3.5
2019-03-26,5.3,1.5,8.8,8272,1.2,0.67,3.1
2019-03-27,7.7,4.6,11.6,6972,3.9,0.83,2.3
2019-03-28,8.9,7.9,10.8,6759,0.7,1.03,2.0
2019-03-29,9.9,5.6,13.5,7250,0.0,0.9,1.8
2019-03-30,11.4,3.2,19.1,18565,0.0,0.82,1.8
2019-03-31,7.6,0.8,12.2,15647,0.0,0.66,2.4
2019-04-01,5.3,-3.5,12.1,20135,0.0,0.51,2.7
2019-04-02,9.3,2.4,15.4,18535,0.0,0.76,2.8
2019-04-03,13.3,7.3,18.5,14711,0.0,1.04,2.1
2019-04-04,14.6,8.9,20.8,19482,0.0,1.17,2.3
2019-04-05,8.6,5.1,12.8,8291,0.0,0.87,1.8
2019-04-06,13.8,2.7,22.4,19371,0.0,0.85,2.1
2019-04-07,13.5,5.4,20.5,20919,0.0,0.94,2.0
2019-04-08,10.7,3.0,19.7,20107,0.0,0.82,2.1
2019-04-09,6.5,1.8,12.2,20910,0.0,0.7,2.4
2019-04-10,4.7,-1.4,10.5,13534,0.0,0.56,2.7
2019-04-11,4.4,2.2,7.7,11233,0.0,0.7,2.8
2019-04-12,3.5,2.1,5.5,8024,0.1,0.69,2.7
2019-04-13,4.2,1.3,8.2,8326,0.1,0.66,2.7
2019-04-14,5.8,3.2,9.7,8185,1.5,0.75,2.8
2019-04-15,7.4,0.2,14.3,23039,0.0,0.65,2.9
2019-04-16,8.9,-0.8,16.1,23075,0.0,0.63,2.7
2019-04-17,11.6,3.4,18.9,23559,0.0,0.83,2.6
2019-04-18,13.3,3.5,21.7,23478,0.0,0.86,3.0
2019-04-19,14.6,4.8,23.2,23848,0.0,0.94,2.5
2019-04-20,12.3,2.4,21.4,24217,0.0,0.82,2.0
2019-04-21,13.9,3.5,22.5,24471,0.0,0.88,1.9
2019-04-22,13.6,5.5,19.4,24494,0.0,0.95,3.4
2019-04-23,15.1,10.3,20.1,19187,0.0,1.26,4.4
2019-04-24,17.5,12.5,23.6,20577,0.1,1.46,3.4
2019-04-25,18.7,12.1,25.4,23958,0.0,1.47,2.7
2019-04-26,17.7,10.5,23.6,17996,9.4,1.32,2.8
2019-04-27,12.2,8.6,18.5,11991,0.7,1.12,2.7
2019-04-28,10.2,8.3,13.8,13484,0.5,1.07,2.2
2019-04-29,10.2,3.9,17.4,13567,3.0,0.84,2.6
2019-04-30,11.2,2.1,18.8,25860,0.9,0.78,2.5
2019-05-01,13.0,7.2,18.4,20982,0.0,1.03,2.6
2019-05-02,9.9,6.2,13.8,9753,0.4,0.93,3.3
2019-05-03,8.3,5.0,12.4,16038,0.2,0.86,3.1
2019-05-04,6.5,1.2,11.4,14681,0.1,0.67,2.6
2019-05-05,6.5,-0.2,12.9,19325,0.0,0.63,2.3
2019-05-06,7.8,1.4,13.1,16519,0.9,0.69,2.6
2019-05-07,8.4,4.5,14.3,18530,0.0,0.84,1.8
2019-05-08,11.5,1.3,18.8,18247,0.4,0.74,2.6
2019-05-09,13.7,9.9,18.9,15776,1.4,1.21,2.6
2019-05-10,12.7,8.3,17.7,13901,0.6,1.09,2.5
2019-05-11,10.6,6.6,14.5,12260,2.1,0.96,2.6
2019-05-12,11.2,4.9,17.2,25505,0.0,0.89,3.1
2019-05-13,10.0,2.8,17.2,24977,0.0,0.79,2.8
2019-05-14,8.7,2.4,14.4,20279,0.0,0.75,2.7
2019-05-15,8.5,0.3,14.9,12861,3.2,0.66,2.6
2019-05-16,9.0,5.7,11.0,10334,5.9,0.89,2.5
2019-05-17,13.1,5.1,19.6,16910,0.0,0.92,2.2
2019-05-18,17.2,9.3,24.5,28067,0.0,1.23,2.0
2019-05-19,18.9,11.5,26.7,22335,0.1,1.43,2.1
2019-05-20,18.0,12.6,26.4,18316,10.2,1.52,2.4
2019-05-21,17.9,12.1,24.0,22581,0.6,1.43,3.1
2019-05-22,12.2,10.3,14.8,10613,0.1,1.22,3.2
2019-05-23,13.8,6.8,19.8,25177,0.0,1.02,1.8
2019-05-24,17.4,9.4,24.0,26601,0.0,1.23,2.0
2019-05-25,13.0,8.0,16.7,14467,0.0,1.07,2.2
2019-05-26,16.0,7.2,21.7,18991,0.0,1.07,2.7
2019-05-27,17.6,13.3,21.2,11807,0.2,1.5,2.5
2019-05-28,14.9,8.7,20.0,17082,0.0,1.14,2.2
2019-05-29,12.5,7.7,18.7,23861,0.0,1.06,2.0
2019-05-30,15.9,5.6,23.9,23903,0.0,1.01,2.4
2019-05-31,18.7,11.9,24.3,17443,3.7,1.42,2.0
2019-06-01,20.9,13.9,28.3,26734,0.0,1.66,1.8
2019-06-02,23.3,13.5,31.8,26897,0.0,1.69,1.9
2019-06-03,25.2,17.4,34.4,26556,0.0,2.12,2.1
2019-06-04,23.5,14.9,30.7,27216,0.0,1.77,1.9
2019-06-05,26.7,16.7,34.2,29128,0.0,2.04,2.2
2019-06-06,21.5,14.7,30.5,20003,1.0,1.75,2.9
2019-06-07,19.4,12.3,25.4,28684,0.0,1.47,2.6
2019-06-08,18.2,13.8,23.0,22811,0.0,1.58,3.8
2019-06-09,19.6,12.0,26.0,28608,1.2,1.45,2.1
2019-06-10,21.5,15.1,28.5,19461,1.8,1.77,2.2
2019-06-11,22.9,17.5,28.8,23498,20.1,2.03,2.1
2019-06-12,21.2,15.4,31.9,22885,4.3,1.85,2.3
2019-06-13,19.7,14.2,25.8,23276,0.0,1.63,2.1
2019-06-14,22.6,12.8,29.4,24293,0.0,1.59,2.1
2019-06-15,24.2,15.9,31.5,20784,0.0,1.9,2.9
2019-06-16,17.9,13.3,22.4,19158,0.1,1.53,1.9
2019-06-17,21.6,14.2,27.5,28717,0.0,1.67,1.7
2019-06-18,23.7,16.2,30.0,29476,0.0,1.89,1.8
2019-06-19,25.6,18.5,32.4,26838,1.3,2.2,1.9
2019-06-20,20.9,16.8,26.0,19925,2.8,1.9,2.2
2019-06-21,19.7,14.3,25.4,20804,0.0,1.66,1.9
2019-06-22,19.6,12.3,26.9,26581,0.0,1.49,2.2
2019-06-23,21.0,12.1,28.8,28460,0.0,1.5,2.4
2019-06-24,22.8,12.4,30.0,30211,0.0,1.56,2.5
2019-06-25,26.5,18.1,34.0,29196,0.0,2.18,2.0
2019-06-26,28.3,17.0,37.5,29685,0.0,2.14,2.4
2019-06-27,18.9,12.0,26.2,28666,0.0,1.47,3.1
2019-06-28,17.7,10.3,24.9,23504,0.0,1.32,2.0
2019-06-29,22.7,11.2,32.5,30137,0.0,1.49,1.6
2019-06-30,28.0,17.0,38.6,28987,0.0,2.2,2.6
2019-07-01,22.4,15.1,29.4,24576,0.1,1.77,3.0
2019-07-02,17.2,11.2,22.1,21421,0.0,1.34,3.1
2019-07-03,15.2,9.1,20.5,20771,0.0,1.18,2.5
2019-07-04,16.9,8.9,23.9,26128,0.0,1.19,2.4
2019-07-05,18.4,13.6,21.8,11461,0.0,1.54,2.6
2019-07-06,17.4,13.0,23.1,11813,5.5,1.49,2.8
2019-07-07,15.2,12.0,19.8,13788,0.0,1.39,3.0
2019-07-08,14.4,10.5,19.6,12636,0.5,1.26,2.6
2019-07-09,14.5,8.9,19.2,15602,0.0,1.14,2.5
2019-07-10,15.9,9.3,23.9,20183,0.0,1.22,2.0
2019-07-11,18.6,9.3,25.4,21516,4.4,1.26,1.5
2019-07-12,17.9,15.6,22.6,12886,11.9,1.74,1.9
2019-07-13,19.5,15.0,27.9,19691,5.2,1.75,2.5
2019-07-14,16.9,14.8,20.7,13312,0.0,1.65,2.2
2019-07-15,15.9,14.0,18.6,10916,0.1,1.55,2.4
2019-07-16,16.9,12.9,23.1,15218,0.0,1.49,2.6
2019-07-17,17.1,11.1,24.5,20005,0.0,1.36,1.5
2019-07-18,20.8,10.8,27.5,25150,0.0,1.39,1.6
2019-07-19,20.3,15.3,25.2,12365,0.1,1.73,1.8
2019-07-20,22.1,12.9,30.5,25030,18.2,1.61,2.1
2019-07-21,21.2,16.4,27.4,24104,0.0,1.88,2.5
2019-07-22,19.5,13.9,25.6,16411,0.1,1.61,1.7
2019-07-23,24.0,16.6,31.5,29258,0.0,1.99,1.6
2019-07-24,25.2,15.3,33.0,29182,0.0,1.86,1.6
2019-07-25,26.3,17.5,33.8,28246,0.0,2.11,1.9
2019-07-26,23.9,15.1,31.7,28533,0.0,1.82,2.5
2019-07-27,23.5,18.7,28.6,26009,0.0,2.16,2.9
2019-07-28,24.8,17.5,31.9,24222,0.0,2.09,2.4
2019-07-29,24.3,20.3,32.6,16480,6.7,2.41,2.1
2019-07-30,21.8,18.7,25.4,10343,0.0,2.11,1.8
2019-07-31,19.2,15.9,23.8,12346,4.2,1.78,2.0
2019-08-01,19.1,14.4,25.8,17362,1.6,1.66,1.5
2019-08-02,18.0,13.1,25.8,19097,4.4,1.55,1.5
2019-08-03,19.3,14.6,26.2,21063,0.0,1.7,1.8
2019-08-04,18.6,13.8,23.3,14132,0.0,1.58,1.5
2019-08-05,19.7,12.8,25.3,13701,0.1,1.5,1.7
2019-08-06,21.0,15.4,27.7,19244,0.1,1.78,2.1
2019-08-07,20.0,15.0,24.7,11053,0.1,1.71,2.1
2019-08-08,20.0,14.4,27.0,21086,0.0,1.67,2.5
2019-08-09,21.4,12.0,28.1,21462,0.2,1.48,1.9
2019-08-10,23.8,19.5,29.1,19943,0.0,2.27,3.3
2019-08-11,22.6,16.8,29.2,19845,0.4,1.94,2.6
2019-08-12,20.1,16.0,24.9,17865,0.0,1.81,2.2
2019-08-13,17.3,12.5,22.6,19056,0.0,1.45,2.5
2019-08-14,16.6,11.8,23.0,23038,0.0,1.4,2.0
2019-08-15,17.6,11.2,22.0,9315,0.0,1.35,2.6
2019-08-16,17.6,13.7,23.5,13762,0.0,1.56,2.2
2019-08-17,20.3,13.1,28.3,11017,0.4,1.58,2.5
2019-08-18,20.2,16.3,26.0,10476,8.7,1.85,2.4
2019-08-19,18.4,12.7,24.2,18188,0.0,1.48,2.3
2019-08-20,18.8,12.0,25.1,15794,0.4,1.45,1.7
2019-08-21,17.6,11.1,24.4,22283,0.0,1.36,1.6
2019-08-22,18.7,8.3,27.7,23509,0.0,1.23,1.7
2019-08-23,20.9,13.2,29.2,23369,0.0,1.62,1.6
2019-08-24,21.9,11.1,29.9,22665,0.0,1.44,1.8
2019-08-25,24.5,15.9,32.0,20623,0.0,1.9,1.6
2019-08-26,24.2,16.2,32.6,15817,0.4,1.96,1.5
2019-08-27,24.7,17.9,33.3,16587,0.2,2.15,1.6
2019-08-28,25.2,19.0,34.4,16797,0.5,2.29,1.6
2019-08-29,23.3,15.9,30.0,20729,0.0,1.88,1.8
2019-08-30,23.4,17.7,29.6,15349,0.0,2.07,1.3
2019-08-31,26.0,16.5,34.7,21195,0.0,2.04,1.7
2019-09-01,22.4,15.0,28.7,13705,1.1,1.75,2.5
2019-09-02,15.9,9.3,22.6,18204,0.0,1.21,2.2
2019-09-03,15.0,8.2,21.9,8779,0.3,1.13,2.2
2019-09-04,19.1,11.5,27.3,17177,0.3,1.45,2.3
2019-09-05,16.2,10.7,21.9,15245,0.0,1.31,3.0
2019-09-06,13.9,6.9,21.4,19413,0.0,1.05,2.1
2019-09-07,14.0,9.1,20.2,9877,1.7,1.16,1.6
2019-09-08,15.3,11.2,20.3,15265,0.5,1.32,1.3
2019-09-09,13.2,11.9,15.5,7103,19.0,1.34,2.0
2019-09-10,14.9,11.0,19.4,16321,0.0,1.3,2.3
2019-09-11,15.6,7.5,23.1,17088,0.3,1.1,2.3
2019-09-12,17.2,13.9,23.0,9673,0.0,1.58,2.3
2019-09-13,16.8,10.4,22.6,10169,0.0,1.28,2.4
2019-09-14,13.0,7.6,19.4,17817,0.0,1.07,1.5
2019-09-15,16.3,9.1,24.0,16072,0.3,1.22,2.5
2019-09-16,13.7,11.8,16.3,6606,0.4,1.34,2.0
2019-09-17,11.8,8.5,16.4,10022,2.1,1.1,3.4
2019-09-18,11.2,6.2,17.1,14158,0.0,0.96,2.8
2019-09-19,10.7,5.8,17.2,14874,0.0,0.94,2.1
2019-09-20,11.3,5.7,17.1,9209,0.0,0.93,1.8
2019-09-21,14.1,7.5,22.0,16736,0.0,1.09,1.8
2019-09-22,16.0,6.3,25.3,16378,0.0,1.07,1.8
2019-09-23,16.2,9.7,23.3,14631,0.0,1.24,2.0
2019-09-24,15.4,13.0,19.7,7208,0.0,1.46,1.6
2019-09-25,13.9,10.7,17.0,5744,2.8,1.26,2.1
2019-09-26,14.8,9.0,20.9,9999,0.8,1.18,2.2
2019-09-27,14.8,11.7,16.8,6920,11.0,1.33,2.6
2019-09-28,14.7,11.8,18.9,9134,3.6,1.36,3.4
2019-09-29,14.5,12.2,16.7,5410,6.8,1.38,3.6
2019-09-30,14.3,11.0,16.5,6722,2.8,1.28,4.8
2019-10-01,13.6,10.9,17.9,5504,12.4,1.27,2.8
2019-10-02,10.0,7.9,14.0,8842,1.4,1.04,3.0
2019-10-03,9.2,6.6,12.4,7793,0.0,0.95,2.4
2019-10-04,8.5,5.1,11.1,6595,18.9,0.86,2.4
2019-10-05,8.6,4.1,12.6,7995,0.5,0.81,2.7
2019-10-06,6.1,1.1,12.4,9776,0.0,0.67,2.1
2019-10-07,5.5,-0.2,12.2,12170,0.0,0.62,1.7
2019-10-08,10.3,5.4,14.1,4684,2.5,0.89,2.9
2019-10-09,12.2,9.7,15.3,7875,1.8,1.18,3.1
2019-10-10,11.1,8.9,15.1,8079,1.2,1.11,3.5
2019-10-11,13.3,9.7,16.2,5545,0.4,1.17,3.7
2019-10-12,16.3,13.6,19.6,7774,0.0,1.52,2.9
2019-10-13,18.6,13.7,23.1,7892,0.1,1.56,2.4
2019-10-14,18.3,13.3,21.6,11330,0.0,1.52,2.1
2019-10-15,15.8,10.3,21.9,10132,0.9,1.28,1.9
2019-10-16,12.0,8.8,14.5,4375,6.6,1.1,2.9
2019-10-17,14.3,11.7,18.1,4300,1.6,1.35,2.3
2019-10-18,14.4,9.8,19.8,6899,0.7,1.21,2.8
2019-10-19,12.4,9.1,16.7,4723,0.0,1.15,2.4
2019-10-20,14.9,10.9,19.3,6974,0.0,1.29,1.6
2019-10-21,14.7,9.9,19.1,5542,0.0,1.22,1.8
2019-10-22,12.7,7.0,16.3,6350,0.0,1.0,1.6
2019-10-23,11.2,4.6,17.5,8161,0.0,0.88,1.8
2019-10-24,13.1,9.6,16.1,3662,0.0,1.16,2.0
2019-10-25,13.6,10.2,17.5,7989,0.0,1.22,2.7
2019-10-26,14.0,10.1,18.4,8398,0.0,1.22,3.3
2019-10-27,11.7,6.5,16.5,3335,1.4,0.97,3.1
2019-10-28,7.9,4.6,12.8,6998,0.9,0.84,2.2
2019-10-29,4.6,-0.6,10.0,6195,0.1,0.59,1.7
2019-10-30,2.4,-2.5,9.3,8481,0.0,0.52,1.7
2019-10-31,1.1,-3.8,7.4,7924,0.0,0.47,1.7
2019-11-01,3.0,-2.8,6.8,6034,1.4,0.5,2.5
2019-11-02,11.2,6.5,16.8,3403,2.2,0.98,3.1
2019-11-03,11.5,7.9,14.9,3939,4.6,1.05,2.3
2019-11-04,10.2,8.3,13.0,3401,3.8,1.06,2.5
2019-11-05,9.1,7.4,10.9,2992,0.9,0.99,2.1
2019-11-06,8.0,5.2,9.9,3225,1.7,0.86,1.8
2019-11-07,8.2,5.9,11.1,2998,0.0,0.9,2.1
2019-11-08,7.0,3.9,9.1,2720,2.9,0.79,1.6
2019-11-09,6.5,3.8,7.6,2615,1.8,0.78,1.9
2019-11-10,3.6,0.3,9.0,6242,0.0,0.62,1.5
2019-11-11,1.6,-0.2,4.0,3876,0.0,0.58,2.6
2019-11-12,4.3,1.0,7.5,5046,0.0,0.64,2.9
2019-11-13,4.3,1.9,7.2,2591,0.0,0.68,2.3
2019-11-14,4.8,1.6,8.8,5841,0.0,0.67,2.4
2019-11-15,6.9,3.6,9.4,2347,1.7,0.77,2.9
2019-11-16,5.6,0.8,8.1,2307,1.2,0.64,2.1
2019-11-17,3.2,-1.4,7.5,2267,2.3,0.55,2.1
2019-11-18,7.5,3.1,10.3,2229,1.8,0.75,2.6
2019-11-19,6.1,3.0,8.4,4614,4.4,0.73,2.4
2019-11-20,5.0,4.0,6.0,2156,0.2,0.78,1.3
2019-11-21,7.6,5.1,9.1,2122,3.3,0.85,1.5
2019-11-22,7.9,6.1,9.8,2998,0.0,0.92,2.2
2019-11-23,6.1,3.0,7.4,2151,0.0,0.73,3.2
2019-11-24,4.7,2.8,6.2,2072,0.0,0.72,2.2
2019-11-25,4.6,3.7,5.1,1995,0.0,0.76,1.5
2019-11-26,5.9,3.9,8.1,1966,0.0,0.78,2.1
2019-11-27,6.6,4.7,8.1,1939,2.6,0.82,3.0
2019-11-28,9.8,7.3,12.7,2500,1.6,1.0,4.4
2019-11-29,5.1,-0.4,9.9,2290,0.0,0.6,3.6
2019-11-30,1.4,-1.6,5.0,4927,0.0,0.53,1.8
2019-12-01,0.8,-0.4,1.6,1840,0.0,0.57,1.6
2019-12-02,2.9,0.8,4.9,1819,0.1,0.63,2.3
2019-12-03,3.2,-0.1,5.9,2492,0.2,0.59,1.9
2019-12-04,4.3,-0.1,6.6,3502,0.0,0.59,2.1
2019-12-05,0.7,-1.6,3.9,4627,0.0,0.53,2.3
2019-12-06,2.4,-0.3,6.3,1744,5.4,0.58,4.0
2019-12-07,8.2,6.0,9.8,1770,0.1,0.9,4.1
2019-12-08,8.8,7.0,11.3,1713,0.3,0.97,4.7
2019-12-09,7.0,4.5,9.5,3162,0.5,0.82,4.1
2019-12-10,3.1,0.8,6.0,4224,0.0,0.63,3.0
2019-12-11,2.9,0.8,4.6,1676,3.3,0.63,2.8
2019-12-12,2.0,0.3,4.1,1666,0.0,0.61,2.5
2019-12-13,1.3,0.0,2.6,3178,1.2,0.59,3.5
2019-12-14,3.5,0.8,5.9,1690,5.0,0.63,4.5
2019-12-15,5.8,1.6,9.9,2868,1.3,0.68,4.1
2019-12-16,6.1,3.1,8.4,1637,0.3,0.75,2.3
2019-12-17,8.4,4.0,12.6,2203,0.1,0.81,2.4
2019-12-18,7.9,1.2,13.6,2808,0.0,0.69,2.3
2019-12-19,4.5,0.7,7.7,2765,0.0,0.64,2.3
2019-12-20,6.3,1.9,10.1,3859,1.1,0.7,2.8
2019-12-21,6.6,1.2,9.9,3169,0.0,0.66,2.3
2019-12-22,2.5,-0.4,5.2,1628,0.6,0.58,2.8
2019-12-23,6.7,4.4,8.9,2525,0.6,0.81,3.5
2019-12-24,6.0,4.8,7.5,2286,2.1,0.83,3.0
2019-12-25,5.3,4.1,6.2,1639,1.1,0.79,2.8
2019-12-26,4.7,3.7,6.2,1849,0.7,0.77,1.7
2019-12-27,2.8,0.3,4.0,2021,0.1,0.6,1.8
2019-12-28,0.1,-2.7,2.1,1865,0.0,0.48,1.6
2019-12-29,-0.8,-3.4,1.2,3363,0.0,0.46,1.9
2019-12-30,4.9,0.6,8.2,1804,0.0,0.63,2.7
2019-12-31,5.7,2.5,7.8,2775,0.0,0.71,2.5
2020-01-01,1.4,-3.0,5.4,3295,0.0,0.49,1.8
2020-01-02,-0.1,-3.8,5.3,4666,0.0,0.46,2.2
2020-01-03,4.4,0.3,7.1,1733,3.4,0.61,3.6
2020-01-04,4.3,1.1,6.4,1749,3.6,0.64,4.2
2020-01-05,1.8,-0.9,4.7,2024,0.0,0.56,2.1
2020-01-06,4.8,0.7,6.8,2131,0.1,0.63,2.2
2020-01-07,3.0,-1.0,6.1,1805,0.5,0.56,2.6
2020-01-08,6.8,2.8,9.0,1825,3.5,0.73,2.9
2020-01-09,8.5,6.7,10.1,1848,5.8,0.94,2.7
2020-01-10,9.1,4.3,11.1,2896,0.7,0.82,3.4
2020-01-11,4.5,1.9,6.6,3379,0.0,0.68,2.7
2020-01-12,3.8,0.8,6.7,4416,0.0,0.64,3.6
2020-01-13,5.2,1.5,7.8,2451,0.0,0.67,2.6
2020-01-14,7.4,1.4,10.6,2161,0.0,0.67,4.0
2020-01-15,11.2,7.4,14.0,3219,0.0,1.01,3.9
2020-01-16,6.8,2.7,10.8,5619,0.0,0.73,2.3
2020-01-17,4.3,0.9,8.4,5402,0.2,0.64,2.6
2020-01-18,5.7,3.3,7.8,3640,0.0,0.75,2.9
2020-01-19,4.0,2.1,5.5,2328,0.0,0.69,1.9
2020-01-20,0.9,-2.0,2.9,2612,0.0,0.51,1.9
2020-01-21,2.7,0.6,5.7,5935,0.1,0.62,2.3
2020-01-22,4.3,2.4,6.4,2243,0.0,0.7,2.1
2020-01-23,3.7,-0.4,6.1,3350,0.0,0.58,1.8
2020-01-24,-0.1,-3.0,3.5,5357,0.0,0.48,2.0
2020-01-25,1.1,-0.4,2.2,2363,0.1,0.57,1.9
2020-01-26,0.0,-1.6,0.7,2405,0.0,0.52,1.9
2020-01-27,4.6,-0.2,8.6,3302,4.8,0.6,2.9
2020-01-28,5.6,2.7,8.6,3465,3.7,0.73,4.5
2020-01-29,4.7,2.6,6.8,2867,2.8,0.72,4.4
2020-01-30,5.7,2.1,8.3,2697,1.6,0.7,4.1
2020-01-31,9.9,7.2,12.3,3698,0.0,0.99,4.6
2020-02-01,10.9,7.7,12.7,2685,7.1,1.02,4.5
2020-02-02,6.9,5.2,9.0,2735,3.6,0.85,3.9
2020-02-03,7.2,5.2,10.0,3077,1.8,0.86,3.7
2020-02-04,4.9,3.3,6.7,3486,0.6,0.75,4.1
2020-02-05,3.1,1.6,5.2,7295,0.0,0.66,3.0
2020-02-06,4.5,2.4,6.5,3190,0.0,0.7,2.3
2020-02-07,5.5,4.5,7.1,3006,0.0,0.81,1.9
2020-02-08,4.7,0.6,8.8,7075,0.0,0.63,2.3
2020-02-09,9.4,5.1,14.0,6059,10.4,0.88,5.2
2020-02-10,7.0,3.8,14.2,3751,4.3,0.81,7.0
2020-02-11,4.7,2.7,6.9,3371,0.1,0.72,6.6
2020-02-12,4.2,2.7,6.7,4277,0.0,0.72,5.6
2020-02-13,3.3,0.9,5.5,5204,1.7,0.63,3.3
2020-02-14,3.8,1.9,6.0,3431,0.3,0.68,2.5
2020-02-15,5.7,1.2,10.6,7933,0.0,0.67,3.1
2020-02-16,12.1,7.2,17.3,3902,1.1,1.02,5.2
2020-02-17,9.2,6.1,10.8,4524,0.2,0.92,4.5
2020-02-18,6.5,3.2,8.3,4742,0.2,0.75,4.8
2020-02-19,5.6,4.2,7.3,5387,3.6,0.79,4.3
2020-02-20,4.7,-0.1,7.8,4192,2.9,0.6,3.7
2020-02-21,6.1,3.6,8.0,5422,0.0,0.76,4.6
2020-02-22,8.3,5.4,12.9,4708,0.6,0.88,5.3
2020-02-23,6.4,3.0,8.6,4050,15.9,0.74,5.6
2020-02-24,4.9,3.1,8.7,4123,4.6,0.75,3.8
2020-02-25,7.7,3.8,10.0,7748,1.7,0.78,4.7
2020-02-26,3.0,1.5,5.7,4348,6.1,0.65,3.8
2020-02-27,3.1,1.1,6.0,5043,0.6,0.64,3.1
2020-02-28,3.5,0.3,8.3,6533,5.4,0.62,3.7
2020-02-29,6.9,0.8,12.2,6948,0.2,0.66,4.1
2020-03-01,7.1,4.3,10.6,8250,1.8,0.81,4.1
2020-03-02,6.3,3.7,9.7,7561,0.2,0.78,2.6
2020-03-03,4.3,2.1,7.0,4737,1.1,0.69,2.7
2020-03-04,4.5,1.4,9.0,7616,0.1,0.67,2.3
2020-03-05,5.3,0.2,11.1,11302,2.3,0.63,2.6
2020-03-06,5.0,2.4,6.9,4978,4.5,0.71,3.9
2020-03-07,4.4,1.7,8.3,6332,0.0,0.68,3.1
2020-03-08,5.4,0.1,11.2,7198,0.5,0.62,3.1
2020-03-09,7.8,4.3,11.2,5657,1.2,0.81,2.6
2020-03-10,6.5,2.8,11.9,5307,8.0,0.75,4.5
2020-03-11,9.8,7.2,13.2,9359,1.0,0.99,4.4
2020-03-12,9.6,3.4,13.3,9035,1.7,0.78,5.3
2020-03-13,6.0,2.0,9.6,8343,1.0,0.69,4.6
2020-03-14,2.8,-1.8,8.0,15434,0.0,0.54,1.9
2020-03-15,5.9,0.1,12.7,14874,0.0,0.64,3.2
2020-03-16,8.8,2.0,16.8,14578,0.0,0.75,2.0
2020-03-17,8.7,2.2,15.9,10644,0.0,0.74,2.0
2020-03-18,11.5,6.2,17.4,14055,0.0,0.97,2.4
2020-03-19,10.4,7.1,14.0,7110,0.0,0.99,1.5
2020-03-20,6.9,3.9,9.9,6155,0.1,0.79,2.3
2020-03-21,3.5,-1.2,7.8,14513,0.0,0.56,4.0
2020-03-22,1.5,-3.1,6.8,17573,0.0,0.49,3.8
2020-03-23,1.2,-3.6,6.7,17747,0.0,0.47,3.1
2020-03-24,2.6,-4.8,8.5,17920,0.0,0.45,2.9
2020-03-25,3.8,-2.9,10.4,18191,0.0,0.52,3.3
2020-03-26,5.4,-1.8,11.5,17963,0.0,0.56,3.4
2020-03-27,8.3,-0.3,16.7,17628,0.0,0.65,2.9
2020-03-28,7.1,0.2,15.4,18196,0.0,0.66,2.6
2020-03-29,2.3,-4.0,5.9,7645,0.8,0.46,4.0
2020-03-30,-0.1,-3.9,3.3,9482,1.1,0.45,2.7
2020-03-31,1.3,-2.0,6.0,14549,0.0,0.52,2.1
2020-04-01,4.6,-1.4,10.4,14267,0.0,0.56,2.3
2020-04-02,7.4,4.6,10.6,9263,0.1,0.83,2.9
2020-04-03,7.6,4.3,11.3,15897,0.0,0.81,3.0
2020-04-04,7.6,1.9,13.6,20277,0.0,0.71,1.7
2020-04-05,9.9,-0.2,17.2,20864,0.0,0.67,2.9
2020-04-06,13.6,4.7,21.8,21026,0.0,0.94,2.4
2020-04-07,13.4,7.9,19.6,20970,0.0,1.09,2.0
2020-04-08,14.2,5.6,22.9,21128,0.0,0.98,1.7
2020-04-09,12.0,4.9,18.9,17136,0.0,0.9,2.0
2020-04-10,8.5,-0.2,16.2,21217,0.0,0.65,1.8
2020-04-11,8.4,-0.3,15.8,21698,0.0,0.65,1.5
2020-04-12,14.1,3.0,24.4,20851,2.9,0.88,1.9
2020-04-13,7.8,2.8,13.2,13198,0.0,0.76,3.9
2020-04-14,5.9,-0.4,11.8,21584,0.0,0.61,2.9
2020-04-15,9.8,3.8,16.5,19252,0.0,0.83,2.6
2020-04-16,11.5,5.0,18.0,21300,0.0,0.9,2.0
2020-04-17,10.8,3.4,17.2,22457,0.0,0.81,1.6
2020-04-18,10.1,0.7,18.0,23848,0.0,0.7,2.1
2020-04-19,8.7,1.8,14.1,23645,0.0,0.71,3.0
2020-04-20,9.5,-0.3,16.1,24242,0.0,0.64,4.1
2020-04-21,11.1,3.1,17.7,24263,0.0,0.81,4.6
2020-04-22,12.1,2.4,18.9,24512,0.0,0.79,3.6
2020-04-23,13.5,3.5,21.6,24296,0.0,0.86,1.9
2020-04-24,13.4,5.0,22.2,21392,0.0,0.94,2.8
2020-04-25,11.1,7.2,15.3,14719,0.0,1.01,2.5
2020-04-26,11.9,3.7,18.8,20798,0.0,0.85,1.5
2020-04-27,13.6,2.0,22.7,23735,0.0,0.81,1.8
2020-04-28,15.1,7.0,22.6,18649,1.3,1.07,2.1
2020-04-29,11.6,7.7,17.7,12582,8.9,1.06,2.5
2020-04-30,13.2,7.7,18.7,15513,2.9,1.06,2.9
2020-05-01,12.7,8.1,17.3,14642,0.4,1.07,3.1
2020-05-02,10.0,5.9,14.3,15918,5.3,0.92,3.0
2020-05-03,10.4,5.4,14.7,12642,0.1,0.9,2.0
2020-05-04,8.8,4.7,12.8,11271,3.9,0.84,2.1
2020-05-05,7.5,2.8,12.5,21822,0.8,0.75,2.5
2020-05-06,10.9,3.5,17.1,24328,0.0,0.82,2.4
2020-05-07,11.2,5.9,17.2,18368,0.0,0.94,2.0
2020-05-08,14.0,4.9,20.8,26818,0.0,0.93,1.6
2020-05-09,16.1,5.9,23.8,26669,0.0,1.01,1.5
2020-05-10,17.4,10.4,24.8,19693,2.1,1.32,2.1
2020-05-11,7.0,0.9,13.2,11832,8.9,0.67,3.7
2020-05-12,7.0,0.6,12.1,18495,0.1,0.66,2.4
2020-05-13,9.6,5.4,14.9,15132,0.0,0.89,2.0
2020-05-14,8.9,2.8,14.8,18752,0.0,0.77,2.5
2020-05-15,9.2,0.2,15.8,21645,0.0,0.66,2.6
2020-05-16,12.2,6.4,16.9,20604,0.1,0.97,2.4
2020-05-17,13.8,8.7,18.9,22764,0.0,1.12,2.5
2020-05-18,15.9,10.5,22.1,14925,0.0,1.3,2.3
2020-05-19,15.1,8.3,20.3,13864,0.0,1.11,2.3
2020-05-20,14.8,7.5,21.1,25800,0.0,1.08,1.6
2020-05-21,15.0,5.1,22.6,28838,0.0,0.96,1.5
2020-05-22,17.3,9.7,23.0,16489,4.8,1.24,2.1
2020-05-23,15.5,8.7,19.4,12684,0.2,1.13,2.8
2020-05-24,12.8,8.3,16.9,17950,2.4,1.09,3.5
2020-05-25,12.4,9.6,15.0,11396,0.3,1.16,3.1
2020-05-26,14.4,7.0,21.0,22026,0.0,1.05,1.6
2020-05-27,16.0,6.0,22.6,22694,0.0,1.01,1.9
2020-05-28,14.9,8.4,21.0,26482,0.0,1.13,2.7
2020-05-29,14.1,5.1,21.3,21780,0.0,0.94,2.1
2020-05-30,13.6,6.7,18.7,22568,0.0,1.0,2.5
2020-05-31,15.0,6.9,22.8,23982,0.0,1.06,2.7
2020-06-01,16.7,6.2,24.9,30526,0.0,1.04,2.4
2020-06-02,19.3,8.1,27.9,29061,0.0,1.21,1.7
2020-06-03,19.1,9.5,26.4,26966,0.0,1.27,1.9
2020-06-04,17.5,11.8,25.3,14711,4.3,1.43,2.2
2020-06-05,13.8,9.9,18.6,15362,2.4,1.21,3.4
2020-06-06,12.7,8.5,18.0,20278,0.5,1.11,3.2
2020-06-07,14.7,8.8,19.4,14025,0.0,1.13,2.3
2020-06-08,15.9,8.1,21.9,24841,0.0,1.13,1.5
2020-06-09,17.3,9.2,22.7,20089,0.0,1.2,1.9
2020-06-10,16.5,11.1,22.4,21362,2.0,1.33,2.1
2020-06-11,16.5,14.0,19.8,11200,3.2,1.56,2.0
2020-06-12,20.0,14.2,26.5,16741,0.8,1.65,2.5
2020-06-13,21.1,17.5,30.3,17758,44.6,2.05,2.4
2020-06-14,20.5,15.1,26.7,16887,0.0,1.75,2.7
2020-06-15,19.9,13.3,25.4,26574,0.0,1.55,2.0
2020-06-16,20.1,11.9,26.5,26958,0.0,1.46,1.4
2020-06-17,22.5,13.3,28.6,29099,0.0,1.61,1.7
2020-06-18,19.9,16.6,26.8,13262,0.2,1.89,2.2
2020-06-19,17.7,15.7,20.8,12383,0.1,1.74,2.3
2020-06-20,17.4,14.9,19.5,12508,2.0,1.64,2.5
2020-06-21,18.3,13.7,24.1,21680,0.0,1.58,2.0
2020-06-22,19.0,11.6,25.4,25570,0.0,1.41,2.2
2020-06-23,18.7,10.8,25.6,30965,0.0,1.35,1.8
2020-06-24,20.3,11.3,26.2,24925,0.0,1.4,2.1
2020-06-25,22.6,17.3,28.7,21398,0.0,1.98,2.4
2020-06-26,22.2,17.5,30.4,22892,0.0,2.06,2.0
2020-06-27,23.5,16.1,31.3,25010,0.3,1.92,2.1
2020-06-28,21.2,15.6,26.2,15459,5.5,1.78,2.5
2020-06-29,17.9,13.1,23.9,20961,0.1,1.52,2.5
2020-06-30,18.4,14.4,23.2,21317,0.0,1.64,3.5
2020-07-01,19.2,15.7,22.2,13276,3.6,1.74,2.8
2020-07-02,19.2,15.3,24.2,19769,0.3,1.74,2.3
2020-07-03,18.7,15.3,23.7,20996,0.0,1.73,2.4
2020-07-04,20.6,14.4,24.9,20844,0.0,1.65,3.3
2020-07-05,22.3,18.5,27.4,14439,0.5,2.11,4.0
2020-07-06,16.8,11.4,21.3,22034,2.6,1.36,4.0
2020-07-07,15.3,10.3,21.6,19628,0.2,1.26,2.5
2020-07-08,15.2,12.5,19.2,12108,1.1,1.41,2.0
2020-07-09,16.3,12.8,20.4,11081,6.7,1.45,2.1
2020-07-10,17.3,10.9,25.6,14539,2.8,1.38,2.9
2020-07-11,14.9,9.4,21.3,20853,0.0,1.21,2.2
2020-07-12,15.5,8.8,21.9,23298,0.0,1.17,1.9
2020-07-13,17.5,8.9,24.6,27351,0.0,1.21,1.6
2020-07-14,20.7,10.0,29.6,23452,0.8,1.37,1.7
2020-07-15,15.6,14.2,18.1,10755,8.0,1.57,1.7
2020-07-16,16.5,11.2,21.8,17404,0.6,1.34,1.7
2020-07-17,16.5,9.6,22.2,16367,1.1,1.22,1.5
2020-07-18,20.3,11.3,27.8,26326,0.0,1.42,1.3
2020-07-19,23.3,13.5,30.8,22192,0.0,1.65,1.5
2020-07-20,18.7,12.2,24.2,20161,2.5,1.44,2.2
2020-07-21,16.6,9.5,24.3,25517,0.0,1.25,2.1
2020-07-22,16.6,9.6,23.3,22623,2.1,1.24,1.8
2020-07-23,17.9,12.8,24.1,22434,0.0,1.5,1.6
2020-07-24,20.4,12.0,28.6,21386,0.0,1.49,2.4
2020-07-25,20.2,12.8,27.9,17772,0.1,1.54,1.9
2020-07-26,18.0,15.2,23.7,14656,8.6,1.7,2.5
2020-07-27,19.9,12.5,26.4,18738,0.6,1.49,1.9
2020-07-28,22.0,14.6,27.9,20007,0.0,1.71,3.3
2020-07-29,17.9,11.7,23.6,19569,0.0,1.39,2.8
2020-07-30,17.1,10.3,24.1,23370,0.0,1.3,1.8
2020-07-31,19.6,11.2,26.8,25824,0.0,1.41,1.6
2020-08-01,22.6,13.9,29.9,24404,0.0,1.68,2.0
2020-08-02,20.0,16.7,22.9,10111,4.6,1.85,1.9
2020-08-03,17.9,13.0,23.3,18215,0.0,1.5,1.9
2020-08-04,17.2,11.0,23.5,18492,0.0,1.35,1.8
2020-08-05,20.1,10.9,28.2,26651,0.0,1.41,1.9
2020-08-06,22.7,14.0,30.4,26424,0.0,1.69,1.7
2020-08-07,24.7,14.7,32.6,24651,0.0,1.81,1.6
2020-08-08,27.4,18.8,35.7,23951,0.0,2.32,1.4
2020-08-09,26.1,18.8,35.7,21479,0.1,2.32,1.7
2020-08-10,24.4,18.4,31.6,18784,0.0,2.16,2.0
2020-08-11,24.8,16.4,32.4,24677,0.0,1.95,2.3
2020-08-12,24.6,16.7,31.6,25261,0.0,2.0,2.3
2020-08-13,23.8,15.0,31.5,15571,1.2,1.8,2.0
2020-08-14,23.9,17.6,29.4,12455,0.0,2.05,1.7
2020-08-15,23.9,15.1,31.3,23264,0.0,1.82,1.4
2020-08-16,24.6,17.0,31.4,24064,0.0,2.03,1.8
2020-08-17,24.9,18.0,31.8,22324,7.8,2.13,1.8
2020-08-18,21.1,17.5,26.6,12802,0.6,1.97,1.8
2020-08-19,20.7,15.4,27.8,17848,0.0,1.78,1.5
2020-08-20,23.8,15.7,31.8,17963,0.0,1.88,1.9
2020-08-21,26.5,17.8,35.9,17848,2.5,2.19,2.2
2020-08-22,23.3,16.7,27.9,12772,4.7,1.92,2.7
2020-08-23,20.2,16.2,25.6,16941,0.0,1.84,3.0
2020-08-24,17.9,14.3,22.9,15260,0.7,1.61,2.3
2020-08-25,17.8,13.6,23.1,14260,0.5,1.56,2.2
2020-08-26,17.1,15.4,19.6,9614,7.8,1.69,5.1
2020-08-27,16.2,11.5,19.6,12831,0.2,1.35,2.7
2020-08-28,17.0,12.3,22.2,9659,0.3,1.44,2.4
2020-08-29,17.6,12.4,24.1,14040,0.0,1.47,2.1
2020-08-30,17.6,10.5,24.9,13602,9.6,1.33,1.8
2020-08-31,17.1,11.2,22.8,13058,0.0,1.35,1.8
2020-09-01,14.8,8.8,20.3,14985,0.0,1.14,1.7
2020-09-02,14.8,11.0,20.0,9953,2.3,1.3,1.5
2020-09-03,16.9,11.0,23.1,15586,7.1,1.35,2.2
2020-09-04,18.2,15.4,23.0,13873,2.1,1.73,2.3
2020-09-05,15.3,12.8,17.6,7880,0.2,1.43,2.3
2020-09-06,14.3,10.4,19.1,15921,0.0,1.25,1.9
2020-09-07,14.5,11.1,19.6,15886,0.0,1.31,1.7
2020-09-08,16.9,10.7,23.0,9367,0.0,1.31,2.4
2020-09-09,19.4,14.1,25.0,9881,1.4,1.62,2.4
2020-09-10,13.9,8.4,18.9,13128,0.0,1.12,1.8
2020-09-11,15.6,8.6,22.7,16632,0.0,1.16,1.4
2020-09-12,17.2,8.3,26.7,17781,0.0,1.2,2.1
2020-09-13,17.3,10.5,25.4,17320,0.0,1.33,1.9
2020-09-14,20.4,10.8,30.1,17652,0.0,1.42,1.5
2020-09-15,22.9,15.5,32.0,17682,0.0,1.86,1.3
2020-09-16,20.9,14.1,29.9,13914,0.0,1.69,1.9
2020-09-17,13.8,5.8,19.3,17247,0.0,0.96,2.7
2020-09-18,11.4,2.5,20.6,17365,0.0,0.81,2.2
2020-09-19,12.9,2.8,21.9,15292,0.0,0.84,1.8
2020-09-20,14.7,5.5,24.2,16831,0.0,1.0,1.7
2020-09-21,15.8,5.4,25.7,16565,0.0,1.01,1.2
2020-09-22,17.0,8.0,26.8,15929,0.0,1.2,1.2
2020-09-23,18.3,12.2,26.2,12174,0.0,1.47,1.9
2020-09-24,16.9,12.5,22.2,9300,10.6,1.44,2.8
2020-09-25,13.1,10.1,16.2,7739,2.0,1.2,2.6
2020-09-26,10.1,9.0,11.3,5577,18.5,1.11,3.0
2020-09-27,9.8,7.2,12.7,5493,0.4,0.99,2.1
2020-09-28,12.9,9.5,18.5,14473,0.0,1.18,1.5
2020-09-29,12.9,8.9,19.3,9599,0.0,1.15,1.6
2020-09-30,12.6,5.9,20.4,13968,0.0,0.98,1.4
2020-10-01,11.9,3.7,18.3,10296,0.0,0.84,2.0
2020-10-02,13.8,8.0,18.0,6268,0.0,1.08,2.9
2020-10-03,17.0,10.6,21.7,10203,0.0,1.3,3.3
2020-10-04,13.1,5.3,18.5,9822,0.0,0.92,2.9
2020-10-05,10.5,5.4,12.8,5088,0.3,0.88,2.7
2020-10-06,12.0,5.5,16.4,5902,0.2,0.91,3.5
2020-10-07,12.6,7.9,15.3,6537,1.3,1.05,3.2
2020-10-08,12.3,6.2,14.8,5961,6.2,0.95,3.5
2020-10-09,12.8,7.9,15.3,5002,1.5,1.05,2.2
2020-10-10,10.2,2.5,13.3,6950,0.3,0.75,2.6
2020-10-11,8.1,1.3,12.4,7543,0.1,0.69,2.0
2020-10-12,8.3,0.6,11.9,6822,0.0,0.65,1.6
2020-10-13,7.6,-0.5,12.5,5662,0.5,0.61,1.6
2020-10-14,10.2,7.1,11.1,4152,11.2,0.98,3.4
2020-10-15,9.9,6.6,11.2,4079,0.8,0.95,2.7
2020-10-16,8.8,4.1,11.6,4153,1.6,0.81,2.1
2020-10-17,9.2,3.7,12.4,6320,0.0,0.79,1.4
2020-10-18,7.8,3.2,9.7,3937,2.1,0.75,2.3
2020-10-19,8.4,3.0,11.5,4714,0.0,0.75,1.7
2020-10-20,8.5,1.5,12.1,4286,4.5,0.69,2.4
2020-10-21,12.6,7.6,17.9,3660,0.4,1.05,2.9
2020-10-22,16.5,12.0,19.2,6593,0.2,1.38,3.0
2020-10-23,13.4,8.9,15.7,4403,7.4,1.11,2.0
2020-10-24,13.2,7.6,17.0,6791,0.0,1.04,2.8
2020-10-25,12.8,7.4,16.7,6490,0.2,1.03,2.8
2020-10-26,11.1,6.6,13.0,3400,0.7,0.95,2.4
2020-10-27,9.5,4.6,13.0,5007,0.3,0.84,3.1
2020-10-28,10.5,5.9,14.6,4862,1.4,0.92,3.4
2020-10-29,10.1,5.5,11.8,5159,2.2,0.88,3.5
2020-10-30,11.6,5.4,14.2,3094,10.9,0.89,3.3
2020-10-31,13.8,9.2,15.5,3036,2.1,1.14,2.2
2020-11-01,12.8,10.1,15.4,3463,9.4,1.21,2.9
2020-11-02,16.9,14.3,20.5,4715,3.7,1.6,4.0
2020-11-03,11.5,8.6,14.7,6055,0.0,1.09,2.7
2020-11-04,8.3,4.6,11.1,7536,0.0,0.84,2.3
2020-11-05,7.4,3.5,11.0,6678,0.0,0.78,2.2
2020-11-06,8.8,8.0,9.7,2714,0.0,1.04,1.8
2020-11-07,7.0,1.5,11.5,5360,0.0,0.68,1.7
2020-11-08,4.9,0.4,11.2,6833,0.0,0.64,1.4
2020-11-09,5.8,4.7,6.4,2567,0.0,0.82,1.8
2020-11-10,5.4,4.0,6.4,2521,0.0,0.78,1.8
2020-11-11,6.2,5.4,7.2,2476,0.0,0.86,1.6
2020-11-12,8.0,5.5,11.4,4496,0.4,0.88,2.3
2020-11-13,7.9,4.2,11.9,5266,0.2,0.81,2.0
2020-11-14,11.0,8.1,14.5,2761,0.0,1.05,2.0
2020-11-15,10.0,7.5,14.0,4965,1.1,1.01,3.1
2020-11-16,9.9,7.0,12.4,3733,0.1,0.98,3.5
2020-11-17,10.1,6.7,11.7,2479,0.3,0.95,3.0
2020-11-18,10.7,7.5,12.3,2192,0.0,1.01,2.7
2020-11-19,8.8,3.0,12.2,2596,1.1,0.75,4.0
2020-11-20,3.1,0.3,6.2,4395,0.0,0.61,2.2
2020-11-21,3.7,-0.9,7.5,2280,0.0,0.57,3.0
2020-11-22,8.1,5.9,10.8,3098,0.1,0.9,2.8
2020-11-23,5.9,3.6,8.5,4558,0.0,0.77,2.4
2020-11-24,3.2,-0.2,8.4,2970,0.0,0.6,2.4
2020-11-25,0.9,-0.7,3.2,1966,0.0,0.56,2.2
2020-11-26,4.8,-0.6,7.7,1939,0.3,0.58,1.9
2020-11-27,5.6,3.2,7.1,1958,0.1,0.75,1.4
2020-11-28,3.1,0.4,4.8,1887,0.0,0.61,1.8
2020-11-29,2.0,-1.0,4.5,2130,0.2,0.55,1.8
2020-11-30,2.0,1.2,2.8,1840,0.0,0.64,2.1
2020-12-01,2.6,-0.1,3.7,1819,0.0,0.58,2.0
2020-12-02,-0.5,-3.4,2.8,3880,0.0,0.46,1.8
2020-12-03,-0.6,-2.4,1.3,1779,0.0,0.5,3.0
2020-12-04,0.8,-1.6,3.3,1975,0.0,0.53,3.0
2020-12-05,2.9,0.6,6.8,2636,0.0,0.63,2.0
2020-12-06,6.7,1.9,10.5,2108,0.0,0.7,1.9
2020-12-07,5.6,0.2,8.5,2007,0.0,0.61,2.4
2020-12-08,3.7,1.0,7.0,3789,0.3,0.64,1.8
2020-12-09,2.1,1.4,2.9,1687,0.2,0.65,1.8
2020-12-10,-0.1,-0.6,1.5,1676,0.0,0.56,1.6
2020-12-11,0.1,-0.8,1.6,1666,0.0,0.56,2.8
2020-12-12,1.2,-0.6,2.9,2315,0.7,0.56,2.2
2020-12-13,2.8,1.8,4.1,1649,0.1,0.67,1.8
2020-12-14,5.4,2.0,7.9,1847,0.2,0.69,2.6
2020-12-15,5.9,4.3,8.2,1760,0.8,0.81,2.2
2020-12-16,7.7,5.3,9.1,2081,0.0,0.86,1.9
2020-12-17,5.9,2.9,9.3,2605,0.9,0.74,2.6
2020-12-18,5.6,1.7,9.0,4064,0.0,0.68,2.3
2020-12-19,3.5,1.1,7.4,4306,0.0,0.64,2.7
2020-12-20,4.1,2.3,5.9,2439,1.5,0.69,2.3
2020-12-21,5.0,3.4,7.5,3862,5.7,0.75,2.7
2020-12-22,9.3,5.8,13.9,1712,1.4,0.92,3.8
2020-12-23,7.1,5.9,11.1,1634,4.9,0.9,2.2
2020-12-24,6.3,2.9,11.0,1680,1.2,0.74,3.4
2020-12-25,2.4,0.5,4.0,1685,0.1,0.61,2.4
2020-12-26,1.0,-1.5,3.0,1652,0.2,0.53,3.0
2020-12-27,1.8,0.9,2.9,1824,0.0,0.62,5.0
2020-12-28,2.4,0.3,4.3,2082,2.4,0.6,2.6
2020-12-29,1.9,0.1,3.9,2509,0.0,0.6,2.6
2020-12-30,2.1,-0.4,5.3,3775,0.0,0.58,2.7
2020-12-31,2.3,0.6,4.0,2583,0.1,0.62,2.4
2021-01-01,2.2,0.8,4.0,1955,0.2,0.62,1.4
2021-01-02,2.1,0.3,3.9,1760,0.2,0.6,1.6
2021-01-03,0.7,-0.4,1.7,1733,4.3,0.57,2.6
2021-01-04,0.8,0.1,1.3,1749,0.6,0.59,2.6
2021-01-05,1.9,0.5,3.5,1766,0.9,0.61,2.6
2021-01-06,1.9,0.6,3.5,1785,0.7,0.61,2.2
2021-01-07,1.0,0.1,1.7,1805,0.0,0.59,2.1
2021-01-08,0.8,-0.1,1.9,1825,0.7,0.58,2.1
2021-01-09,1.3,-0.2,2.6,1848,0.3,0.58,1.6
2021-01-10,0.3,-1.0,1.7,1960,0.1,0.55,1.9
2021-01-11,1.0,-0.3,2.2,1895,2.2,0.57,3.2
2021-01-12,1.9,0.1,3.8,1966,1.9,0.6,4.0
2021-01-13,1.6,-0.2,4.1,1948,4.0,0.58,4.2
2021-01-14,1.4,-0.3,2.8,2484,0.0,0.58,2.9
2021-01-15,-0.4,-2.9,1.2,2005,0.0,0.48,2.2
2021-01-16,-1.6,-3.6,-0.5,2082,0.0,0.45,2.1
2021-01-17,-2.9,-5.6,-0.3,2353,0.1,0.39,1.6
2021-01-18,-0.5,-5.3,3.2,2100,5.6,0.41,2.9
2021-01-19,2.7,0.0,6.4,2134,8.1,0.6,3.8
2021-01-20,5.9,2.9,8.3,2218,0.1,0.73,3.6
2021-01-21,8.0,4.4,12.5,3349,0.6,0.82,4.4
2021-01-22,6.6,1.0,10.9,2394,0.6,0.66,3.5
2021-01-23,1.3,-0.4,3.6,2282,1.1,0.57,2.1
2021-01-24,0.7,-0.8,1.8,2322,0.8,0.55,2.4
2021-01-25,0.7,-0.5,1.5,2363,0.0,0.57,1.8
2021-01-26,0.7,-1.7,3.1,4617,0.0,0.52,3.0
2021-01-27,1.6,-1.1,4.9,4847,0.2,0.55,2.5
2021-01-28,1.5,-2.2,4.1,2602,0.3,0.51,2.6
2021-01-29,-1.1,-2.4,0.7,2540,7.4,0.49,3.5
2021-01-30,-1.6,-8.7,1.2,4963,0.0,0.32,2.6
2021-01-31,-8.0,-13.6,-1.8,6774,0.0,0.22,2.1
2021-02-01,-3.2,-9.0,0.7,4100,0.1,0.31,2.2
2021-02-02,0.2,-1.4,1.9,2735,2.2,0.53,2.3
2021-02-03,3.4,0.2,8.1,3019,10.7,0.61,3.3
2021-02-04,0.7,-0.3,2.3,2840,1.3,0.57,2.8
2021-02-05,0.0,-1.6,1.5,2894,1.4,0.52,2.4
2021-02-06,-1.8,-4.4,0.0,2950,0.0,0.43,3.9
2021-02-07,-5.6,-7.6,-3.4,3006,2.8,0.33,4.8
2021-02-08,-8.4,-11.5,-5.4,3063,3.0,0.25,3.6
2021-02-09,-9.3,-13.8,-7.1,3122,0.2,0.21,1.9
2021-02-10,-8.5,-12.3,-3.0,5396,0.1,0.24,2.3
2021-02-11,-4.8,-9.0,-1.5,5420,0.0,0.3,1.8
2021-02-12,-6.2,-10.4,-1.7,9138,0.0,0.28,2.3
2021-02-13,-7.4,-12.9,-1.0,7764,0.0,0.23,2.1
2021-02-14,-7.5,-10.6,-2.5,7748,0.0,0.27,2.0
2021-02-15,-5.4,-12.8,0.7,5446,4.3,0.24,2.7
2021-02-16,1.6,-1.9,4.1,3562,1.9,0.52,2.2
2021-02-17,4.9,1.1,7.8,4111,0.1,0.64,2.9
2021-02-18,6.1,2.4,10.4,7041,4.1,0.72,2.5
2021-02-19,5.7,0.7,10.2,9265,0.0,0.64,2.5
2021-02-20,6.2,0.0,13.2,9115,0.0,0.64,2.2
2021-02-21,8.8,3.6,16.7,10691,0.0,0.82,2.2
2021-02-22,6.3,0.3,13.4,10841,0.0,0.65,2.0
2021-02-23,10.8,4.4,18.5,8112,0.0,0.88,2.0
2021-02-24,12.9,6.7,19.5,9576,0.0,1.01,2.2
2021-02-25,11.7,5.8,19.0,10241,1.3,0.95,2.1
2021-02-26,7.5,3.0,10.0,4960,0.4,0.74,2.4
2021-02-27,4.6,1.4,6.6,4348,0.0,0.66,2.3
2021-02-28,2.8,-0.2,5.1,4424,0.0,0.58,2.0
2021-03-01,3.9,-1.5,8.5,8527,0.0,0.56,1.6
2021-03-02,1.5,-2.6,8.7,8489,0.0,0.51,1.4
2021-03-03,6.4,-1.9,15.0,11028,0.0,0.58,1.6
2021-03-04,3.4,1.7,6.7,4737,0.1,0.67,2.4
2021-03-05,1.6,-2.3,6.4,12886,0.0,0.52,2.4
2021-03-06,1.5,-2.4,4.4,6477,0.0,0.51,2.3
2021-03-07,2.9,0.4,5.6,5314,0.6,0.61,2.5
2021-03-08,1.6,-2.3,6.5,13631,0.0,0.51,1.6
2021-03-09,1.1,-3.0,7.1,11484,0.0,0.49,1.6
2021-03-10,2.2,-4.8,8.5,13099,1.3,0.45,2.2
2021-03-11,6.7,2.6,13.9,7579,4.8,0.76,5.2
2021-03-12,7.3,4.1,10.4,8301,1.6,0.8,5.0
2021-03-13,6.1,3.8,10.8,6186,6.2,0.79,5.4
2021-03-14,5.2,3.4,8.4,6457,1.7,0.75,4.2
2021-03-15,4.8,2.3,7.6,6821,5.3,0.7,3.6
2021-03-16,4.6,1.0,8.0,10209,0.0,0.65,3.2
2021-03-17,2.1,-1.7,7.1,7381,0.9,0.53,2.0
2021-03-18,2.3,-1.7,7.7,7946,1.3,0.54,1.6
2021-03-19,0.3,-3.5,4.5,8048,0.2,0.47,2.5
2021-03-20,1.2,-2.8,4.3,9192,0.2,0.49,2.4
2021-03-21,5.6,0.9,10.8,9972,0.4,0.65,3.7
2021-03-22,4.9,0.2,10.0,13455,0.6,0.62,2.4
2021-03-23,5.8,4.0,7.8,6328,0.0,0.79,2.0
2021-03-24,7.9,4.3,13.5,10810,0.0,0.83,1.8
2021-03-25,8.3,0.9,14.8,13293,0.7,0.69,1.7
2021-03-26,9.8,5.4,15.4,11942,0.2,0.9,2.2
2021-03-27,6.2,2.0,10.8,9670,3.2,0.7,4.0
2021-03-28,7.5,1.5,12.4,10382,0.2,0.69,3.1
2021-03-29,14.1,8.9,20.7,12115,0.0,1.16,2.9
2021-03-30,14.3,6.7,22.1,18667,0.0,1.04,1.7
2021-03-31,14.2,3.4,24.2,18935,0.0,0.89,1.3
2021-04-01,10.9,5.0,17.0,8343,0.2,0.9,2.5
2021-04-02,5.5,-0.1,11.4,11976,1.8,0.62,3.1
2021-04-03,5.0,-1.4,10.3,16283,0.0,0.57,2.8
2021-04-04,4.3,-3.2,10.4,16002,0.0,0.51,2.5
2021-04-05,3.8,-0.2,6.4,10730,2.2,0.59,4.8
2021-04-06,1.5,-1.2,7.1,13929,0.3,0.56,4.0
2021-04-07,2.9,0.5,6.5,9650,0.7,0.62,4.3
2021-04-08,4.3,2.0,7.6,9313,0.0,0.69,3.5
2021-04-09,7.7,0.4,13.3,15158,1.0,0.66,3.0
2021-04-10,7.0,3.8,10.8,9497,5.2,0.79,2.0
2021-04-11,10.4,3.1,19.1,11672,4.3,0.82,3.0
2021-04-12,4.7,1.0,8.6,11553,0.1,0.65,2.7
2021-04-13,4.3,0.1,9.8,16528,0.0,0.62,2.6
2021-04-14,4.2,0.1,9.2,15314,0.0,0.61,2.1
2021-04-15,4.1,-0.7,8.7,11511,0.0,0.58,2.3
2021-04-16,7.2,4.1,11.9,14642,0.0,0.81,2.4
2021-04-17,8.9,5.2,13.9,11474,0.3,0.88,2.1
2021-04-18,7.0,3.5,11.9,9296,5.6,0.77,1.6
2021-04-19,9.4,4.4,17.1,14732,0.0,0.86,1.7
2021-04-20,10.1,2.1,18.1,21929,0.0,0.77,1.6
2021-04-21,9.8,3.0,17.5,19187,0.0,0.8,2.6
2021-04-22,7.4,3.9,11.7,13767,0.0,0.8,3.6
2021-04-23,8.0,2.8,14.0,18724,0.0,0.76,2.6
2021-04-24,6.8,2.0,12.5,16975,0.0,0.71,2.3
2021-04-25,6.0,0.0,11.2,16493,0.4,0.62,2.4
2021-04-26,4.6,-2.2,10.5,19869,0.0,0.54,2.1
2021-04-27,6.7,-2.6,13.3,24909,0.0,0.55,2.5
2021-04-28,10.9,0.3,18.0,22910,0.9,0.69,2.2
2021-04-29,10.1,7.6,16.5,13094,4.2,1.04,3.0
2021-04-30,8.2,4.9,10.6,9736,0.0,0.85,1.9
2021-05-01,9.2,4.4,13.9,13848,0.0,0.84,1.7
2021-05-02,8.6,5.9,13.0,10826,0.8,0.91,2.7
2021-05-03,7.1,2.9,11.8,15440,0.8,0.75,2.8
2021-05-04,10.4,3.4,15.8,13242,2.1,0.8,5.1
2021-05-05,8.8,5.0,14.1,15478,1.5,0.87,5.1
2021-05-06,7.9,3.4,12.7,21340,1.0,0.78,3.1
2021-05-07,5.6,2.6,10.4,13819,8.2,0.73,3.0
2021-05-08,9.6,3.1,15.1,18005,0.0,0.78,2.4
2021-05-09,18.7,9.9,26.8,24634,0.0,1.3,3.0
2021-05-10,21.1,13.8,30.3,26183,0.0,1.68,2.6
2021-05-11,18.6,12.8,26.3,18353,12.5,1.52,2.3
2021-05-12,13.0,11.7,15.0,10123,9.5,1.32,2.5
2021-05-13,11.4,10.6,12.4,10177,8.5,1.24,2.2
2021-05-14,10.0,7.7,11.5,10231,3.0,1.01,2.2
2021-05-15,12.5,5.3,19.0,20962,0.6,0.93,2.3
2021-05-16,12.2,6.4,17.9,16358,1.1,0.98,2.4
2021-05-17,13.1,8.1,19.0,16910,0.4,1.1,2.6
2021-05-18,11.6,7.9,15.3,12652,0.9,1.05,2.5
2021-05-19,12.5,8.5,17.6,24558,0.0,1.11,2.2
2021-05-20,12.6,9.3,17.5,20666,0.1,1.16,2.3
2021-05-21,15.0,9.2,21.3,21590,1.2,1.18,3.6
2021-05-22,12.4,7.8,17.1,16564,0.7,1.05,4.2
2021-05-23,11.9,8.5,17.0,16241,0.2,1.1,3.0
2021-05-24,15.4,6.2,21.6,26228,1.0,1.01,2.7
2021-05-25,12.4,9.7,15.6,16706,4.7,1.18,3.7
2021-05-26,12.2,9.4,15.6,16003,0.7,1.15,3.4
2021-05-27,12.0,9.1,15.4,13925,2.1,1.13,3.1
2021-05-28,12.3,7.9,17.1,19576,1.6,1.06,2.1
2021-05-29,11.5,6.2,17.0,16621,0.0,0.95,2.1
2021-05-30,14.2,7.3,20.4,29525,0.0,1.06,2.1
2021-05-31,14.3,3.2,22.3,30194,0.0,0.87,1.8
2021-06-01,16.9,9.0,24.2,21605,0.0,1.21,1.9
2021-06-02,18.0,10.2,25.8,27272,0.4,1.32,2.2
2021-06-03,21.4,14.6,27.6,27809,0.4,1.71,2.0
2021-06-04,20.1,16.1,25.5,21076,0.0,1.83,1.6
2021-06-05,21.5,13.9,28.7,26496,0.0,1.66,1.9
2021-06-06,20.5,13.7,27.9,21759,0.0,1.62,1.9
2021-06-07,20.0,11.7,27.0,29688,0.0,1.46,1.8
2021-06-08,20.2,13.3,26.6,28333,0.0,1.58,1.6
2021-06-09,20.3,10.7,27.4,29863,0.0,1.38,1.4
2021-06-10,21.3,14.1,27.6,25992,0.0,1.67,1.5
2021-06-11,21.5,14.8,27.4,21488,0.0,1.73,1.7
2021-06-12,18.3,13.1,22.4,16477,0.6,1.5,3.2
2021-06-13,15.0,10.4,21.4,18501,0.0,1.28,2.7
2021-06-14,19.6,8.7,27.6,29195,0.0,1.25,1.8
2021-06-15,19.2,13.6,24.4,19904,0.0,1.57,1.7
2021-06-16,21.0,11.8,28.9,29214,0.0,1.48,1.7
2021-06-17,26.7,18.4,34.6,29975,0.0,2.25,2.1
2021-06-18,27.9,20.1,35.3,30104,0.0,2.46,1.8
2021-06-19,27.8,19.2,35.0,26964,0.0,2.35,1.9
2021-06-20,26.9,20.2,33.8,20931,6.7,2.44,2.4
2021-06-21,24.2,19.4,30.4,23066,0.0,2.28,2.7
2021-06-22,17.8,12.4,23.2,13260,0.0,1.46,2.3
2021-06-23,15.4,11.7,19.2,15016,0.1,1.35,1.8
2021-06-24,16.6,11.7,21.0,11241,0.8,1.37,1.6
2021-06-25,19.4,15.1,23.9,17263,0.0,1.71,1.6
2021-06-26,19.9,11.9,26.8,23532,0.0,1.45,1.3
2021-06-27,20.8,11.6,28.1,29545,0.0,1.45,1.6
2021-06-28,24.4,13.1,31.3,23630,0.0,1.64,1.8
2021-06-29,22.8,16.3,27.2,15208,5.3,1.86,1.9
2021-06-30,17.3,16.3,18.9,11179,47.8,1.8,2.6
2021-07-01,15.6,14.1,17.0,11163,5.9,1.56,2.8
2021-07-02,19.3,14.8,24.8,23676,0.0,1.68,2.1
2021-07-03,19.1,13.6,24.5,27158,0.0,1.57,1.5
2021-07-04,21.5,13.0,27.7,26754,0.0,1.56,1.6
2021-07-05,19.6,15.6,24.7,18342,1.1,1.76,2.0
2021-07-06,22.3,16.2,29.1,20065,4.4,1.88,2.7
2021-07-07,18.9,16.4,23.0,18036,2.2,1.82,1.7
2021-07-08,18.6,15.2,22.0,12511,4.9,1.68,1.5
2021-07-09,16.4,14.5,19.0,10985,23.4,1.6,2.3
2021-07-10,19.1,14.6,25.5,21180,0.1,1.67,1.9
2021-07-11,22.5,15.6,28.4,26000,0.0,1.81,1.8
2021-07-12,21.2,16.0,26.8,14007,0.0,1.82,1.8
2021-07-13,23.6,15.2,30.1,23546,2.7,1.8,2.0
2021-07-14,21.1,14.9,24.9,16915,0.0,1.7,2.2
2021-07-15,21.5,14.2,28.5,24320,0.0,1.68,1.7
2021-07-16,23.0,17.0,29.4,21665,9.2,1.96,2.1
2021-07-17,23.0,17.6,30.3,19262,0.0,2.06,2.7
2021-07-18,21.4,15.2,27.3,25645,0.0,1.77,2.6
2021-07-19,17.3,12.6,20.5,12242,0.0,1.43,2.2
2021-07-20,17.7,14.0,22.1,16393,0.0,1.58,1.8
2021-07-21,17.9,13.1,22.5,11905,0.0,1.5,1.7
2021-07-22,18.9,14.4,23.9,14319,0.0,1.64,1.5
2021-07-23,18.7,13.0,25.3,23729,0.0,1.53,1.3
2021-07-24,22.6,12.3,29.8,22434,0.1,1.55,2.0
2021-07-25,24.0,18.3,30.8,19549,0.0,2.13,1.8
2021-07-26,23.2,17.8,29.4,14714,0.0,2.06,1.6
2021-07-27,22.8,17.6,27.9,21614,0.0,2.02,2.0
2021-07-28,19.8,16.8,25.1,15814,5.1,1.89,2.5
2021-07-29,20.1,14.0,24.9,23169,0.0,1.61,3.4
2021-07-30,20.3,13.4,26.9,26245,0.0,1.58,2.5
2021-07-31,19.8,16.0,23.6,17919,0.0,1.8,3.3
2021-08-01,17.4,13.5,22.4,14702,4.1,1.53,2.2
2021-08-02,17.0,12.0,22.8,18494,0.0,1.42,2.4
2021-08-03,17.5,11.0,22.8,14082,1.2,1.33,1.5
2021-08-04,17.8,14.1,22.9,15093,2.9,1.61,1.4
2021-08-05,18.0,12.9,24.6,16456,4.1,1.51,1.7
2021-08-06,18.5,13.7,26.7,18169,7.8,1.6,2.4
2021-08-07,18.9,13.6,24.5,19036,1.0,1.57,2.2
2021-08-08,18.2,12.1,23.7,18115,0.3,1.43,3.1
2021-08-09,16.7,10.7,23.7,16130,0.8,1.33,2.3
2021-08-10,17.7,12.4,24.0,16635,2.9,1.46,2.0
2021-08-11,17.8,12.4,24.5,19962,0.0,1.47,1.5
2021-08-12,21.0,13.9,27.6,22093,0.0,1.64,1.3
2021-08-13,23.6,16.5,29.9,20461,0.1,1.92,2.0
2021-08-14,21.6,15.3,27.9,23388,0.0,1.79,2.1
2021-08-15,20.7,13.8,26.9,21641,0.0,1.61,1.8
2021-08-16,18.2,11.2,25.6,14573,3.8,1.38,3.5
2021-08-17,15.0,11.3,19.0,9516,0.5,1.33,3.8
2021-08-18,16.8,12.6,20.5,11856,0.1,1.43,3.2
2021-08-19,18.0,14.3,21.7,9593,1.5,1.61,2.6
2021-08-20,17.6,13.7,21.4,11342,1.7,1.54,1.7
2021-08-21,18.9,13.3,24.6,18532,0.0,1.55,1.3
2021-08-22,17.7,14.5,21.8,10263,8.6,1.62,2.1
2021-08-23,16.4,13.6,20.0,9728,0.0,1.52,2.5
2021-08-24,16.3,9.8,22.3,20420,0.0,1.25,2.1
2021-08-25,15.0,7.5,22.3,13249,4.3,1.08,2.4
2021-08-26,13.7,11.7,17.3,10367,8.8,1.34,2.8
2021-08-27,14.4,11.7,18.8,12381,2.0,1.35,2.5
2021-08-28,15.3,11.8,19.9,11069,1.7,1.37,2.1
2021-08-29,15.7,13.8,19.6,9439,22.1,1.54,2.2
2021-08-30,15.6,13.3,18.3,8043,3.6,1.49,2.4
2021-08-31,16.2,11.4,20.8,14469,0.0,1.35,2.3
2021-09-01,15.1,10.6,22.5,14568,0.0,1.3,1.8
2021-09-02,14.7,9.4,20.5,12732,0.0,1.19,1.6
2021-09-03,16.2,8.3,24.2,20517,0.0,1.17,1.8
2021-09-04,13.7,10.1,18.3,9326,0.0,1.22,1.5
2021-09-05,14.9,9.7,20.7,10498,0.0,1.22,1.6
2021-09-06,16.2,8.0,23.4,18155,0.0,1.13,1.2
2021-09-07,16.5,11.2,23.2,18422,0.0,1.36,1.1
2021-09-08,17.3,8.2,25.2,20442,0.0,1.18,1.6
2021-09-09,19.6,11.8,27.7,20170,0.0,1.48,1.7
2021-09-10,19.9,15.0,27.2,16014,5.9,1.73,1.6
2021-09-11,19.1,15.8,24.3,9878,3.5,1.79,1.9
2021-09-12,17.7,14.6,21.8,8160,0.2,1.62,1.8
2021-09-13,15.0,10.5,19.1,9067,0.0,1.25,1.5
2021-09-14,15.6,7.8,22.3,18613,0.0,1.11,1.5
2021-09-15,18.4,13.9,24.0,8074,3.9,1.6,1.9
2021-09-16,17.2,15.6,19.6,7782,0.4,1.72,2.5
2021-09-17,14.7,12.7,17.0,7201,0.1,1.43,2.0
2021-09-18,14.1,11.8,18.1,6627,1.4,1.35,1.8
2021-09-19,12.8,11.1,16.4,6827,0.0,1.29,2.1
2021-09-20,12.1,10.2,16.0,6833,0.0,1.21,1.5
2021-09-21,12.4,10.0,16.2,7685,0.1,1.2,1.8
2021-09-22,13.6,10.6,19.3,10019,0.0,1.27,1.9
2021-09-23,15.1,10.2,19.1,8510,0.6,1.24,3.5
2021-09-24,15.0,11.0,18.2,8403,0.0,1.29,2.9
2021-09-25,17.5,13.4,21.6,7659,0.0,1.52,1.7
2021-09-26,18.9,13.0,25.4,14789,0.8,1.54,1.6
2021-09-27,17.3,14.9,20.3,5756,1.3,1.65,1.9
2021-09-28,15.1,10.4,18.9,8423,0.2,1.26,1.6
2021-09-29,12.8,9.3,17.5,7170,7.2,1.16,2.7
2021-09-30,11.4,8.8,16.5,10558,0.0,1.11,3.1
2021-10-01,12.2,6.9,18.9,13104,0.0,1.02,2.6
2021-10-02,13.9,8.4,20.1,10125,0.0,1.12,2.5
2021-10-03,17.8,14.5,22.1,5082,0.1,1.62,3.5
2021-10-04,13.6,10.5,17.9,5085,1.2,1.25,2.0
2021-10-05,11.5,10.5,12.6,4921,17.3,1.23,2.2
2021-10-06,12.4,7.5,16.6,10516,0.0,1.04,2.5
2021-10-07,10.5,3.3,17.9,13229,0.0,0.82,1.2
2021-10-08,11.1,6.0,17.1,10082,0.0,0.95,1.8
2021-10-09,8.7,2.8,15.6,12899,0.0,0.77,2.0
2021-10-10,7.5,1.9,14.6,11788,0.0,0.72,1.4
2021-10-11,8.8,3.6,14.7,8355,2.5,0.8,2.1
2021-10-12,8.5,4.4,12.9,9165,0.4,0.83,2.5
2021-10-13,7.4,3.0,12.3,10719,1.6,0.75,1.9
2021-10-14,11.0,8.3,13.9,4302,1.4,1.07,2.6
2021-10-15,10.8,6.0,13.6,5647,1.2,0.92,2.8
2021-10-16,8.9,5.0,12.5,5779,0.1,0.86,1.7
2021-10-17,9.5,6.3,12.2,4226,0.8,0.93,1.6
2021-10-18,11.2,8.1,16.4,6176,0.0,1.08,1.8
2021-10-19,12.3,7.4,16.7,4794,0.0,1.03,2.6
2021-10-20,15.6,12.0,19.2,3937,0.2,1.38,3.8
2021-10-21,12.2,5.7,17.5,4705,3.8,0.93,5.4
2021-10-22,7.1,4.8,10.9,3660,4.3,0.84,4.3
2021-10-23,7.2,4.6,11.7,7615,0.0,0.83,2.3
2021-10-24,7.2,2.6,12.6,9793,0.0,0.74,2.0
2021-10-25,6.5,1.9,12.6,7457,0.0,0.71,1.9
2021-10-26,10.2,5.0,14.2,3661,0.0,0.87,2.4
2021-10-27,12.8,10.3,15.1,3855,0.0,1.22,2.6
2021-10-28,10.4,6.1,15.9,8925,0.0,0.95,2.1
2021-10-29,8.3,3.1,14.7,8606,0.0,0.78,2.3
2021-10-30,9.7,5.6,14.7,7854,0.0,0.9,2.4
2021-10-31,12.8,8.2,17.5,5509,0.0,1.08,2.7
2021-11-01,10.4,8.4,12.1,3036,0.3,1.07,2.6
2021-11-02,8.7,6.7,12.4,4672,0.0,0.96,1.7
2021-11-03,6.3,1.1,10.6,3700,0.0,0.66,1.6
2021-11-04,7.1,5.6,8.9,2870,41.2,0.88,2.9
2021-11-05,8.1,6.6,10.0,2933,0.0,0.94,2.5
2021-11-06,8.9,6.9,10.9,3398,0.0,0.97,3.0
2021-11-07,8.6,7.0,11.1,3908,2.2,0.96,4.0
2021-11-08,8.6,7.0,10.7,3843,0.4,0.97,2.2
2021-11-09,8.0,3.8,11.9,3947,0.0,0.79,2.0
2021-11-10,4.7,1.3,9.4,6077,0.0,0.67,1.5
2021-11-11,4.7,-0.5,8.0,2521,0.2,0.58,1.4
2021-11-12,6.6,2.8,9.2,2636,0.2,0.74,1.9
2021-11-13,4.9,2.5,8.4,4178,0.0,0.72,1.8
2021-11-14,5.7,3.4,7.1,2389,0.0,0.75,2.0
2021-11-15,5.5,4.9,6.2,2347,0.0,0.83,2.3
2021-11-16,5.6,4.5,6.9,2307,0.0,0.81,1.4
2021-11-17,5.4,3.7,7.6,2267,0.0,0.77,2.4
2021-11-18,8.1,5.4,10.2,2279,0.9,0.87,3.2
2021-11-19,11.5,9.4,13.0,2192,0.0,1.14,3.4
2021-11-20,10.8,9.4,11.9,2303,0.1,1.13,2.8
2021-11-21,7.6,3.5,9.7,2122,0.4,0.77,2.3
2021-11-22,3.3,0.7,5.9,5487,0.2,0.62,2.2
2021-11-23,5.3,0.7,7.2,2056,0.6,0.63,2.2
2021-11-24,6.8,5.7,7.6,2025,0.0,0.88,1.9
2021-11-25,4.8,3.7,6.3,2227,0.0,0.77,2.1
2021-11-26,4.3,1.7,6.1,2196,0.2,0.67,2.7
2021-11-27,1.8,0.0,3.7,1939,1.9,0.59,2.3
2021-11-28,1.6,-1.5,4.2,4352,0.0,0.54,1.4
2021-11-29,2.1,1.0,3.2,2335,0.4,0.63,2.4
2021-11-30,3.6,1.0,6.5,1863,4.0,0.64,5.1
2021-12-01,6.0,1.2,9.0,1840,2.7,0.66,5.2
2021-12-02,1.8,-2.1,5.3,4572,0.0,0.52,3.4
2021-12-03,0.8,-1.9,2.7,3013,0.4,0.52,3.7
2021-12-04,1.9,0.0,2.7,1779,4.1,0.59,2.7
2021-12-05,0.6,-0.2,1.1,1761,0.3,0.57,2.2
2021-12-06,0.3,-1.8,1.8,1786,0.0,0.52,2.0
2021-12-07,-0.3,-1.8,0.8,1855,0.0,0.51,2.9
2021-12-08,0.2,-0.7,1.3,1713,0.0,0.56,2.9
2021-12-09,-0.9,-2.4,-0.2,1700,1.5,0.49,2.0
2021-12-10,-0.1,-1.2,0.6,1687,0.0,0.54,1.9
2021-12-11,-0.2,-1.7,1.2,1676,0.0,0.52,2.0
2021-12-12,1.7,-1.2,5.7,1666,1.3,0.55,2.5
2021-12-13,7.6,4.8,9.8,1657,0.8,0.84,1.8
2021-12-14,7.6,6.7,8.3,1649,0.3,0.94,1.9
2021-12-15,8.7,7.3,9.9,1643,0.1,0.99,2.1
2021-12-16,7.3,4.2,9.7,2656,0.1,0.8,1.9
2021-12-17,5.6,4.3,6.7,1633,0.1,0.8,2.0
2021-12-18,6.2,4.3,8.1,1630,0.3,0.8,2.3
2021-12-19,6.0,0.4,7.6,1627,1.0,0.62,3.4
2021-12-20,0.9,-1.4,3.2,4103,0.0,0.53,1.8
2021-12-21,-0.2,-1.4,0.9,1627,0.0,0.53,1.3
2021-12-22,-1.5,-4.1,0.6,3700,0.0,0.44,1.7
2021-12-23,-0.8,-3.9,1.6,1630,10.7,0.45,2.4
2021-12-24,1.7,-5.1,5.2,1634,8.0,0.42,3.2
2021-12-25,-5.9,-9.6,-1.2,4454,0.0,0.29,2.0
2021-12-26,-6.7,-11.3,-1.7,4467,0.0,0.26,2.0
2021-12-27,-2.9,-7.8,-0.3,1652,0.0,0.34,2.5
2021-12-28,0.0,-3.1,2.6,1660,2.6,0.47,3.2
2021-12-29,4.0,1.2,5.4,1669,0.3,0.64,2.5
2021-12-30,9.0,3.4,12.7,1679,2.7,0.78,3.5
2021-12-31,12.7,11.2,14.1,1691,2.7,1.28,3.8
2022-01-01,11.9,9.6,12.7,1704,0.0,1.16,2.6
2022-01-02,10.3,7.6,12.2,1718,3.8,1.01,3.4
2022-01-03,8.9,6.2,10.8,2114,1.4,0.92,4.4
2022-01-04,6.0,2.6,7.3,1749,1.4,0.71,3.0
2022-01-05,3.7,2.4,4.9,2582,0.4,0.7,4.3
2022-01-06,0.9,-1.0,3.9,4550,0.0,0.55,2.5
2022-01-07,0.8,-1.4,2.2,1805,2.2,0.53,3.2
2022-01-08,1.3,-0.1,2.6,2001,0.0,0.58,3.2
2022-01-09,1.7,-0.6,4.4,1848,1.6,0.57,3.2
2022-01-10,3.2,0.1,4.4,1871,0.0,0.6,1.4
2022-01-11,-1.7,-2.7,0.3,1895,0.0,0.48,1.7
2022-01-12,1.1,-2.0,3.9,1921,0.0,0.51,1.8
2022-01-13,4.2,3.3,5.2,1948,0.0,0.75,2.8
2022-01-14,5.7,2.1,6.9,1976,0.0,0.69,2.6
2022-01-15,1.9,-1.1,4.1,3452,0.0,0.55,1.6
2022-01-16,2.2,-1.1,5.8,2035,0.3,0.55,3.1
2022-01-17,4.2,-0.2,6.6,2591,3.8,0.59,4.5
2022-01-18,3.3,-0.8,5.7,2100,0.0,0.57,2.0
2022-01-19,4.0,2.9,5.1,3155,0.8,0.73,3.4
2022-01-20,1.3,-1.6,4.3,3989,0.5,0.53,4.6
2022-01-21,0.4,-3.2,3.8,5637,0.9,0.48,3.3
2022-01-22,3.2,1.4,4.8,2846,1.0,0.65,2.8
2022-01-23,5.6,4.4,6.6,2282,1.1,0.81,1.8
2022-01-24,4.8,3.7,6.0,2322,0.3,0.76,1.6
2022-01-25,3.8,2.8,4.6,2363,0.3,0.72,1.8
2022-01-26,2.9,1.8,3.9,2405,0.1,0.67,2.9
2022-01-27,4.7,2.9,6.8,2449,1.1,0.73,4.8
2022-01-28,4.6,2.8,6.4,5460,1.6,0.72,4.1
2022-01-29,6.1,3.0,9.5,2540,3.1,0.74,5.5
2022-01-30,5.6,3.5,6.9,2918,0.0,0.76,5.7
2022-01-31,2.4,0.0,4.0,3250,0.4,0.59,3.4
2022-02-01,3.4,0.8,6.8,2685,4.9,0.63,4.8
2022-02-02,4.9,0.8,6.8,3423,0.3,0.63,4.5
2022-02-03,4.5,0.8,7.3,2787,3.5,0.63,2.5
2022-02-04,6.3,2.7,8.4,2840,1.1,0.72,3.9
2022-02-05,4.4,1.8,5.9,4262,1.3,0.67,4.5
2022-02-06,5.6,3.1,8.4,2950,6.3,0.75,5.8
2022-02-07,3.8,2.1,6.6,5322,0.1,0.69,4.8
2022-02-08,6.4,2.2,9.1,3063,0.8,0.7,4.0
2022-02-09,9.1,8.2,10.0,3122,0.0,1.04,3.1
2022-02-10,6.9,2.8,9.8,3245,2.2,0.73,2.6
2022-02-11,3.4,-0.5,5.7,5099,0.2,0.57,3.0
2022-02-12,0.8,-2.8,5.1,8879,0.0,0.5,2.3
2022-02-13,3.0,-0.9,7.3,9207,0.0,0.57,3.1
2022-02-14,7.7,2.7,13.0,8147,0.0,0.75,3.4
2022-02-15,7.1,4.5,9.0,3698,0.7,0.82,3.3
2022-02-16,7.8,5.0,13.4,3562,7.0,0.87,5.3
2022-02-17,7.8,4.9,14.0,4799,0.2,0.86,7.5
2022-02-18,6.6,3.6,11.3,4045,3.0,0.78,5.2
2022-02-19,5.6,2.1,8.2,4612,2.8,0.69,6.2
2022-02-20,5.4,2.3,9.1,4049,8.1,0.7,5.4
2022-02-21,5.5,2.6,10.8,5205,3.4,0.73,6.4
2022-02-22,5.5,3.5,7.7,6387,1.3,0.76,4.6
2022-02-23,6.0,1.8,9.7,8998,0.0,0.68,3.5
2022-02-24,5.6,1.2,10.4,4721,0.3,0.66,3.9
2022-02-25,4.2,2.3,6.4,6388,0.5,0.7,4.2
2022-02-26,4.2,-0.6,7.7,7022,0.0,0.58,2.0
2022-02-27,0.7,-3.1,6.4,7515,0.0,0.48,2.4
2022-02-28,1.4,-1.0,6.2,10047,0.0,0.56,2.2
2022-03-01,1.6,-3.2,7.8,12001,0.0,0.49,2.0
2022-03-02,1.2,-2.5,9.5,10643,0.0,0.53,1.3
2022-03-03,-0.8,-4.7,9.0,4658,0.0,0.46,1.7
2022-03-04,1.9,-0.6,6.3,5307,0.0,0.58,1.9
2022-03-05,0.5,-3.6,6.9,10333,0.0,0.48,1.9
2022-03-06,0.4,-1.5,4.5,4897,0.0,0.53,2.0
2022-03-07,2.5,-1.9,6.4,13885,0.0,0.53,2.0
2022-03-08,2.8,-3.9,9.6,14225,0.0,0.48,1.9
2022-03-09,4.2,-3.6,11.6,14398,0.0,0.5,1.5
2022-03-10,4.3,-0.7,14.7,14138,0.0,0.62,2.6
2022-03-11,3.1,-1.9,11.7,14830,0.0,0.55,4.0
2022-03-12,4.9,-0.7,13.5,15004,0.0,0.62,3.0
2022-03-13,6.6,-0.6,15.3,15356,0.0,0.63,2.7
2022-03-14,7.3,1.8,11.6,12746,0.7,0.7,2.3
2022-03-15,7.8,0.9,10.2,9632,0.0,0.65,1.5
2022-03-16,6.4,-0.1,13.5,12770,0.0,0.64,2.3
2022-03-17,7.2,3.8,10.2,5813,0.0,0.79,2.5
2022-03-18,7.2,1.2,13.3,15856,0.0,0.68,2.5
2022-03-19,5.7,-0.6,11.1,13867,0.0,0.6,3.5
2022-03-20,6.5,0.3,12.4,16669,0.0,0.64,3.7
2022-03-21,7.3,2.3,16.0,16937,0.0,0.75,2.2
2022-03-22,7.9,-0.9,17.9,17399,0.0,0.64,1.6
2022-03-23,8.2,-1.1,16.8,17379,0.0,0.63,1.3
2022-03-24,7.0,-2.2,16.9,17747,0.0,0.59,1.2
2022-03-25,8.7,-0.5,15.9,16443,0.0,0.63,1.7
2022-03-26,8.6,2.9,16.2,10653,0.0,0.78,2.4
2022-03-27,7.8,-1.2,13.1,15765,0.0,0.59,1.6
2022-03-28,8.4,3.4,12.2,16319,0.0,0.77,2.2
2022-03-29,7.5,0.3,11.3,15358,0.0,0.64,2.2
2022-03-30,4.3,-1.1,6.2,7849,0.0,0.55,1.9
2022-03-31,4.2,-0.4,4.8,13079,0.0,0.57,3.3
2022-04-01,3.1,-1.3,3.6,12067,0.0,0.54,3.9
2022-04-02,2.0,-2.5,6.7,8437,0.0,0.51,3.3
2022-04-03,2.3,-3.9,8.3,11359,0.0,0.47,2.4
2022-04-04,4.0,1.5,8.7,9044,9.9,0.67,5.0
2022-04-05,6.9,5.7,11.3,9776,3.8,0.89,4.0
2022-04-06,10.5,8.2,10.6,7633,0.0,1.05,4.2
2022-04-07,10.0,2.5,11.6,10615,8.0,0.73,5.9
2022-04-08,6.6,1.5,9.4,10608,1.2,0.67,4.2
2022-04-09,5.1,1.5,9.4,14398,1.7,0.67,4.0
2022-04-10,5.1,0.8,10.2,12771,0.2,0.65,3.2
2022-04-11,7.0,-1.0,14.0,20888,0.0,0.61,2.0
2022-04-12,10.2,6.1,21.6,21257,0.0,1.0,2.5
2022-04-13,13.6,10.6,20.2,16972,0.0,1.28,1.9
2022-04-14,11.8,5.8,18.5,9411,5.0,0.95,2.1
2022-04-15,7.5,3.3,10.5,8265,0.1,0.76,2.6
2022-04-16,6.5,2.8,14.1,23187,0.0,0.77,2.7
2022-04-17,7.8,1.6,17.5,23108,0.0,0.74,2.0
2022-04-18,8.8,5.2,19.3,23478,0.0,0.92,1.7
2022-04-19,8.3,2.0,17.1,21797,0.0,0.76,2.4
2022-04-20,9.1,2.6,16.6,11974,0.0,0.77,2.4
2022-04-21,9.4,3.1,16.8,8732,0.2,0.8,2.5
2022-04-22,9.4,5.8,17.5,9730,0.0,0.94,3.3
2022-04-23,11.2,7.8,18.1,21271,0.0,1.07,3.4
2022-04-24,10.4,5.3,16.6,15929,0.6,0.9,3.3
2022-04-25,9.3,5.6,11.4,18943,0.0,0.89,2.2
2022-04-26,10.8,1.9,14.5,21975,0.0,0.73,1.8
2022-04-27,11.0,0.3,14.8,20329,0.0,0.66,1.7
2022-04-28,10.4,0.1,15.1,19257,0.0,0.65,1.8
2022-04-29,11.5,1.6,14.3,19950,0.0,0.71,1.7
2022-04-30,12.0,2.4,13.4,19339,0.0,0.74,2.0
2022-05-01,10.5,6.7,14.5,9567,0.0,0.97,1.6
2022-05-02,12.4,4.5,19.4,23109,0.0,0.9,1.6
2022-05-03,12.5,1.7,16.1,21060,0.0,0.73,1.9
2022-05-04,13.1,5.8,17.2,16000,0.8,0.94,1.5
2022-05-05,13.9,4.3,19.9,20768,0.0,0.88,1.6
2022-05-06,14.0,5.0,22.4,21942,0.0,0.95,1.5
2022-05-07,16.6,8.6,22.6,20100,0.0,1.16,1.7
2022-05-08,14.2,4.7,19.1,25753,0.0,0.9,2.1
2022-05-09,14.0,2.6,24.8,27425,0.0,0.87,1.7
2022-05-10,19.1,13.6,25.8,22170,0.4,1.59,2.1
2022-05-11,20.7,13.1,24.6,16768,3.8,1.52,2.9
2022-05-12,16.0,9.2,21.0,19890,0.0,1.19,3.2
2022-05-13,13.9,9.4,19.6,15559,0.0,1.18,2.8
2022-05-14,15.3,8.2,22.7,19298,0.0,1.13,2.3
2022-05-15,14.6,5.3,25.1,28204,0.0,1.0,1.6
2022-05-16,18.5,13.4,27.3,25333,7.2,1.6,2.2
2022-05-17,16.3,13.3,23.5,12231,0.0,1.53,1.8
2022-05-18,18.1,15.5,30.6,26464,0.0,1.85,2.1
2022-05-19,21.4,12.9,28.6,25052,0.0,1.57,2.2
2022-05-20,19.8,11.4,22.7,20048,7.5,1.36,2.4
2022-05-21,15.1,7.8,19.9,18990,0.5,1.08,3.7
2022-05-22,14.0,7.0,21.5,21523,0.0,1.05,1.6
2022-05-23,17.9,12.9,26.9,25301,1.1,1.53,2.9
2022-05-24,17.3,9.3,17.6,17530,0.0,1.16,2.9
2022-05-25,15.9,8.7,20.1,21557,0.0,1.15,2.4
2022-05-26,16.9,13.7,20.6,14509,1.9,1.54,3.6
2022-05-27,14.2,9.9,17.9,20032,1.5,1.21,4.1
2022-05-28,11.5,8.5,16.0,17456,0.5,1.1,3.7
2022-05-29,11.8,8.2,13.4,15498,1.5,1.06,2.2
2022-05-30,11.4,7.4,15.1,14284,0.0,1.02,1.6
2022-05-31,14.7,7.6,19.2,22818,1.4,1.06,1.6
2022-06-01,14.3,10.0,19.2,21980,0.2,1.23,2.1
2022-06-02,13.7,8.2,23.3,22015,0.0,1.15,2.1
2022-06-03,17.4,9.1,26.8,27934,0.0,1.26,1.8
2022-06-04,19.2,11.9,26.5,27091,0.0,1.46,1.9
2022-06-05,20.4,13.1,27.4,28251,2.3,1.57,2.4
2022-06-06,19.8,13.7,23.5,18121,0.0,1.56,2.7
2022-06-07,18.8,12.5,22.9,24042,0.0,1.46,2.4
2022-06-08,19.9,13.5,25.2,18543,0.0,1.57,1.9
2022-06-09,18.6,11.8,24.6,16178,0.1,1.41,2.4
2022-06-10,19.2,11.7,26.3,28127,0.0,1.44,1.8
2022-06-11,21.3,13.7,27.6,18347,0.3,1.63,1.8
2022-06-12,19.5,12.1,26.2,21754,0.0,1.47,2.0
2022-06-13,15.3,10.7,22.3,21391,0.2,1.31,2.7
2022-06-14,14.4,9.3,23.9,22785,0.0,1.22,1.8
2022-06-15,17.7,9.0,28.2,29080,0.0,1.27,1.5
2022-06-16,17.9,10.2,27.2,25191,0.0,1.33,2.2
2022-06-17,19.6,11.8,31.9,24066,0.0,1.53,1.6
2022-06-18,25.4,17.1,32.1,28219,0.0,2.02,2.2
2022-06-19,21.9,13.5,23.9,24701,7.5,1.56,2.7
2022-06-20,14.6,9.8,23.6,14394,4.8,1.26,2.5
2022-06-21,17.6,8.4,26.1,26837,0.0,1.19,2.0
2022-06-22,20.4,9.7,29.8,30603,0.0,1.35,1.6
2022-06-23,22.6,10.8,35.8,30722,0.0,1.54,1.8
2022-06-24,24.9,19.4,27.7,26317,0.0,2.24,2.3
2022-06-25,22.9,17.8,31.5,18519,1.4,2.1,1.6
2022-06-26,25.7,17.8,27.4,25165,0.0,2.02,1.8
2022-06-27,23.1,14.9,26.6,24147,1.8,1.71,2.2
2022-06-28,21.3,13.6,28.2,22751,0.0,1.61,1.9
2022-06-29,21.1,12.8,30.1,18219,0.0,1.58,1.9
2022-06-30,23.5,15.9,33.2,23970,0.0,1.93,1.9
2022-07-01,18.5,13.7,24.4,14047,13.0,1.57,2.5
2022-07-02,20.1,12.1,28.0,28939,0.0,1.51,1.9
2022-07-03,22.9,13.7,27.9,26908,0.0,1.62,2.0
2022-07-04,19.7,11.7,25.8,26379,0.0,1.43,2.2
2022-07-05,19.1,9.6,24.1,27850,0.0,1.26,2.2
2022-07-06,16.8,11.6,23.7,15814,6.7,1.4,2.5
2022-07-07,15.7,14.6,20.6,12913,8.8,1.61,3.1
2022-07-08,17.0,13.4,25.5,15882,0.0,1.56,2.8
2022-07-09,16.4,13.7,24.7,15103,1.0,1.59,2.7
2022-07-10,15.9,12.8,20.2,15320,0.0,1.46,3.1
2022-07-11,17.0,12.2,23.1,26374,0.0,1.42,2.0
2022-07-12,19.9,9.5,29.8,29441,0.0,1.35,1.7
2022-07-13,23.5,13.2,32.3,15712,0.0,1.65,2.3
2022-07-14,18.4,9.6,24.4,24867,0.0,1.25,2.6
2022-07-15,16.2,10.7,23.4,14764,0.0,1.31,2.5
2022-07-16,17.3,9.7,24.2,20797,0.1,1.27,2.9
2022-07-17,16.9,7.6,27.6,24587,0.0,1.16,1.8
2022-07-18,21.5,13.2,34.5,23789,0.0,1.71,1.4
2022-07-19,26.1,17.9,40.3,28427,0.0,2.34,1.7
2022-07-20,30.1,19.9,34.4,27868,0.0,2.41,2.3
2022-07-21,23.2,16.5,25.4,17327,6.2,1.87,2.4
2022-07-22,19.4,13.5,21.5,14811,2.6,1.52,2.0
2022-07-23,18.2,11.5,24.8,21025,0.4,1.39,2.1
2022-07-24,20.5,15.8,31.7,29059,0.0,1.91,1.6
2022-07-25,25.6,19.6,30.4,22121,2.2,2.28,2.7
2022-07-26,19.3,12.8,22.2,18505,0.2,1.47,2.9
2022-07-27,16.2,9.0,22.3,19294,0.0,1.19,2.4
2022-07-28,16.6,7.4,24.6,27146,0.0,1.11,1.9
2022-07-29,21.0,13.7,24.0,20007,0.0,1.57,2.1
2022-07-30,21.9,11.4,28.4,21147,0.0,1.43,1.9
2022-07-31,21.8,17.7,24.7,23128,0.1,1.98,1.8
2022-08-01,20.5,17.4,25.7,13856,0.6,1.96,2.3
2022-08-02,21.1,13.6,27.8,23560,0.0,1.61,1.5
2022-08-03,26.6,18.3,34.6,26238,0.0,2.2,1.6
2022-08-04,29.0,18.6,37.4,25899,0.0,2.31,1.8
2022-08-05,21.1,14.1,27.4,12623,0.6,1.66,2.4
2022-08-06,16.8,10.4,23.5,23784,0.0,1.31,2.3
2022-08-07,17.6,8.2,25.1,23564,0.0,1.18,1.8
2022-08-08,19.4,9.8,27.9,25007,0.0,1.32,1.7
2022-08-09,20.9,13.5,27.5,21107,0.0,1.59,1.9
2022-08-10,20.8,11.0,29.0,26442,0.0,1.44,2.0
2022-08-11,22.6,12.9,31.1,26206,0.0,1.62,2.0
2022-08-12,23.3,12.6,30.6,25146,0.0,1.58,2.2
2022-08-13,22.9,15.6,29.6,13437,1.2,1.83,1.8
2022-08-14,25.5,18.1,32.7,21055,0.0,2.14,2.0
2022-08-15,23.6,19.1,31.5,17339,1.6,2.25,2.1
2022-08-16,23.5,16.7,31.7,21526,0.0,1.97,1.6
2022-08-17,25.1,15.6,32.8,19330,0.0,1.89,1.5
2022-08-18,24.7,17.2,33.0,13582,11.7,2.06,1.9
2022-08-19,20.8,19.8,22.6,8791,0.2,2.22,2.0
2022-08-20,20.3,18.2,23.1,8717,0.3,2.04,1.9
2022-08-21,19.3,14.3,24.4,18077,0.0,1.64,1.6
2022-08-22,19.3,12.2,25.4,16830,0.0,1.47,1.6
2022-08-23,20.5,14.0,27.5,20550,0.0,1.66,1.8
2022-08-24,20.1,13.1,27.6,14920,0.0,1.56,1.8
2022-08-25,21.7,15.7,28.5,14143,1.0,1.82,2.0
2022-08-26,20.2,17.4,28.0,12147,20.5,1.99,1.9
2022-08-27,20.0,18.2,23.5,8175,7.8,2.04,2.2
2022-08-28,17.1,13.6,23.0,14484,0.0,1.55,2.4
2022-08-29,16.8,11.6,23.4,12180,0.0,1.38,1.8
2022-08-30,16.5,11.6,22.3,11314,0.0,1.38,1.9
2022-08-31,16.4,10.7,22.7,20761,0.0,1.31,2.0
2022-09-01,16.3,10.2,22.2,19424,0.0,1.27,2.0
2022-09-02,16.1,9.7,22.8,14985,0.0,1.23,2.4
2022-09-03,16.6,10.4,22.7,13901,0.0,1.29,2.5
2022-09-04,18.4,12.6,24.9,18451,0.0,1.5,1.9
2022-09-05,18.9,13.2,25.0,19253,0.0,1.55,2.3
2022-09-06,18.1,13.3,24.2,13437,0.1,1.55,2.4
2022-09-07,19.3,13.4,25.7,14462,0.1,1.57,1.9
2022-09-08,15.8,13.6,18.2,7188,13.7,1.51,2.3
2022-09-09,16.9,12.3,23.4,13894,2.2,1.44,2.2
2022-09-10,16.1,11.3,21.0,12232,0.1,1.34,2.0
2022-09-11,15.5,11.7,21.7,9168,0.5,1.37,1.7
2022-09-12,15.1,8.8,20.9,13909,0.5,1.15,1.4
2022-09-13,15.9,12.5,21.0,7966,0.4,1.44,2.1
2022-09-14,14.8,11.4,19.2,9861,0.0,1.32,1.9
2022-09-15,13.9,10.7,19.0,9457,0.6,1.27,2.8
2022-09-16,13.0,9.4,18.9,13859,6.5,1.18,3.4
2022-09-17,12.0,9.2,16.4,10022,4.3,1.15,3.8
2022-09-18,10.3,7.9,14.4,12323,3.8,1.04,3.8
2022-09-19,10.9,7.9,17.3,8168,5.8,1.06,3.0
2022-09-20,10.0,6.6,15.5,10349,1.0,0.97,1.9
2022-09-21,10.5,5.0,17.4,15134,0.0,0.9,1.3
2022-09-22,10.1,3.1,17.3,14975,0.0,0.81,1.3
2022-09-23,11.2,4.2,17.7,14816,0.0,0.86,1.4
2022-09-24,12.4,8.9,15.9,5828,0.5,1.12,1.3
2022-09-25,13.3,10.0,18.6,9300,0.2,1.21,1.5
2022-09-26,12.8,7.7,17.8,9818,0.6,1.05,3.0
2022-09-27,11.0,8.1,13.9,6562,2.3,1.05,2.9
2022-09-28,9.5,7.4,13.3,10199,0.3,1.01,1.9
2022-09-29,10.2,6.5,15.5,8842,0.0,0.97,1.4
2022-09-30,10.4,3.7,17.5,13871,0.0,0.82,1.6
2022-10-01,10.4,7.0,13.9,5591,2.5,0.98,3.5
2022-10-02,12.3,9.9,16.1,9868,2.7,1.19,3.0
2022-10-03,12.7,10.0,16.3,8047,0.2,1.2,2.4
2022-10-04,13.3,10.4,18.1,8357,0.0,1.24,1.9
2022-10-05,14.3,9.3,19.8,10404,0.1,1.18,2.9
2022-10-06,14.4,7.2,18.0,12819,0.0,1.03,2.9
2022-10-07,11.2,5.1,18.1,13229,0.0,0.9,2.0
2022-10-08,11.0,7.3,16.5,7504,1.0,1.01,2.4
2022-10-09,10.3,4.2,16.0,12341,0.0,0.85,2.0
2022-10-10,11.7,4.6,18.0,11472,0.0,0.89,2.2
2022-10-11,9.7,4.2,16.1,11010,0.0,0.85,1.7
2022-10-12,8.6,1.3,15.9,12023,0.0,0.71,1.3
2022-10-13,10.3,4.7,16.9,6745,0.0,0.88,1.6
2022-10-14,12.4,6.7,17.6,6569,0.0,0.99,1.8
2022-10-15,14.9,11.8,18.4,5498,0.0,1.35,2.5
2022-10-16,15.7,11.1,20.9,8440,0.0,1.33,2.2
2022-10-17,18.1,11.5,25.2,9927,1.4,1.41,2.0
2022-10-18,14.5,10.4,18.1,5092,14.4,1.24,1.8
2022-10-19,10.6,5.2,14.6,6723,0.0,0.88,1.8
2022-10-20,8.9,3.3,14.3,10010,2.0,0.78,2.6
2022-10-21,12.2,8.1,16.6,4356,1.9,1.07,2.0
2022-10-22,14.9,11.6,19.9,7247,0.2,1.35,1.9
2022-10-23,13.9,8.7,18.0,6729,4.1,1.12,2.0
2022-10-24,15.3,11.5,19.8,4403,0.0,1.34,3.1
2022-10-25,13.4,8.2,16.6,5593,1.9,1.07,2.4
2022-10-26,12.1,6.3,18.2,8595,0.0,0.97,1.8
2022-10-27,14.6,9.1,20.7,8470,0.0,1.17,1.8
2022-10-28,16.9,11.7,23.1,7063,0.0,1.39,2.1
2022-10-29,16.4,13.0,19.9,5687,0.0,1.47,1.5
2022-10-30,15.1,9.6,21.8,7290,0.0,1.22,1.4
2022-10-31,12.1,8.7,14.1,3651,0.1,1.09,1.4
2022-11-01,12.7,8.8,17.9,3954,0.2,1.13,2.7
2022-11-02,10.3,5.2,15.4,5941,0.0,0.9,3.0
2022-11-03,8.6,4.4,12.1,4954,0.9,0.82,2.6
2022-11-04,9.3,7.3,11.1,2870,2.7,0.98,2.2
2022-11-05,8.2,5.2,12.5,7477,0.0,0.88,2.1
2022-11-06,7.4,3.9,11.5,7657,0.1,0.8,2.9
2022-11-07,11.0,7.1,14.6,5102,0.0,0.99,3.2
2022-11-08,11.6,7.3,16.3,6540,0.0,1.02,2.7
2022-11-09,12.5,10.2,16.4,3781,0.9,1.21,2.9
2022-11-10,11.6,8.8,14.2,5803,0.0,1.1,2.7
2022-11-11,9.3,6.7,13.6,3605,0.0,0.96,2.3
2022-11-12,6.5,1.5,12.4,5635,0.0,0.69,1.3
2022-11-13,7.2,2.0,10.7,3226,0.0,0.7,1.9
2022-11-14,6.9,4.3,10.8,6207,0.0,0.81,2.5
2022-11-15,7.5,3.5,13.0,6277,0.0,0.79,2.1
2022-11-16,5.7,4.6,6.9,2307,0.2,0.82,2.9
2022-11-17,3.9,1.8,5.6,2267,4.1,0.67,4.0
2022-11-18,-1.0,-5.8,2.2,2229,1.0,0.39,3.0
2022-11-19,-2.0,-6.5,1.8,3082,0.1,0.37,2.0
2022-11-20,-0.6,-3.9,1.2,2352,0.2,0.44,2.1
2022-11-21,-2.2,-3.7,-0.1,2460,0.0,0.45,2.4
2022-11-22,0.1,-1.9,2.1,2088,0.0,0.52,2.7
2022-11-23,2.9,0.2,6.6,3098,0.0,0.61,2.4
2022-11-24,1.9,-0.2,4.8,2025,0.1,0.58,2.2
2022-11-25,5.0,0.9,8.1,3900,4.1,0.64,1.8
2022-11-26,7.4,5.9,8.1,1966,0.0,0.89,1.7
2022-11-27,4.5,1.6,8.0,4674,0.0,0.67,2.2
2022-11-28,4.0,2.9,5.6,1912,0.0,0.72,2.4
2022-11-29,3.5,2.5,5.0,1887,1.0,0.71,1.7
2022-11-30,3.2,0.7,5.8,1863,0.0,0.63,1.8
2022-12-01,0.5,-0.4,1.2,1840,5.3,0.57,1.9
2022-12-02,0.4,-1.1,1.2,1819,0.3,0.54,2.4
2022-12-03,-1.0,-1.8,-0.5,1798,0.3,0.51,2.5
2022-12-04,0.8,-0.7,2.1,1779,1.5,0.56,2.5
2022-12-05,3.1,1.9,3.8,1761,1.4,0.68,1.9
2022-12-06,2.4,1.1,3.4,1744,1.2,0.63,1.8
2022-12-07,2.4,-0.3,4.3,1770,1.9,0.58,2.5
2022-12-08,1.2,-1.7,2.9,1713,1.8,0.52,1.8
2022-12-09,-1.2,-2.4,-0.2,1700,0.0,0.49,1.5
2022-12-10,-2.2,-3.6,-0.9,2686,0.0,0.45,1.5
2022-12-11,-2.3,-3.2,-1.7,1676,0.6,0.46,1.5
2022-12-12,-1.7,-2.8,-0.8,2326,0.0,0.48,1.5
2022-12-13,-3.6,-8.8,-1.0,2068,0.0,0.31,1.8
2022-12-14,-7.5,-12.5,-3.1,3862,0.0,0.23,1.7
2022-12-15,-7.6,-13.2,-2.7,3890,0.0,0.23,1.7
2022-12-16,-6.4,-11.7,-2.6,1719,0.0,0.25,1.4
2022-12-17,-3.8,-6.7,-2.4,1633,0.0,0.36,1.5
2022-12-18,-5.4,-7.2,-4.1,1630,0.0,0.34,2.4
2022-12-19,0.1,-5.2,4.3,1627,4.5,0.42,3.1
2022-12-20,5.8,3.6,7.8,1627,3.4,0.77,2.8
2022-12-21,6.5,3.7,8.3,1627,1.1,0.78,2.4
2022-12-22,6.8,4.4,8.7,1628,4.3,0.81,3.0
2022-12-23,6.0,4.9,7.2,1630,12.3,0.84,2.5
2022-12-24,6.5,4.6,9.1,1838,2.3,0.82,2.7
2022-12-25,5.1,0.3,9.1,2373,7.8,0.62,2.1
2022-12-26,9.2,3.7,10.9,1931,0.1,0.79,3.5
2022-12-27,4.2,2.6,6.3,2554,0.0,0.71,3.3
2022-12-28,6.7,3.9,9.7,1989,1.0,0.78,3.9
2022-12-29,10.2,7.6,12.7,2578,0.8,1.02,4.4
2022-12-30,7.7,4.2,10.4,3629,1.2,0.8,3.8
2022-12-31,14.1,10.1,17.0,1691,0.2,1.21,4.4
2023-01-01,13.6,8.7,16.2,1704,0.0,1.11,3.6
2023-01-02,12.6,8.6,15.7,1718,0.3,1.1,3.1
2023-01-03,4.9,1.6,8.9,4105,0.0,0.68,2.3
2023-01-04,7.1,2.5,11.2,1749,11.6,0.73,4.9
2023-01-05,8.0,2.0,10.7,2453,4.4,0.7,4.3
2023-01-06,7.0,2.9,11.0,1785,0.3,0.74,2.9
2023-01-07,8.2,5.8,10.5,2414,0.0,0.9,2.5
2023-01-08,7.0,5.2,8.9,1825,4.1,0.85,2.7
2023-01-09,6.3,4.3,8.3,2511,1.2,0.8,3.1
2023-01-10,5.9,4.1,7.5,2317,0.2,0.79,3.2
2023-01-11,6.7,4.7,9.0,1895,7.7,0.83,3.7
2023-01-12,8.6,5.5,10.5,1921,1.5,0.88,4.9
2023-01-13,9.1,7.5,10.4,3093,0.2,1.0,4.9
2023-01-14,7.4,6.2,9.4,2161,10.4,0.91,4.3
2023-01-15,6.7,5.0,10.4,2705,0.0,0.85,5.0
2023-01-16,4.7,2.8,7.0,4110,0.0,0.73,3.8
2023-01-17,2.6,-2.2,5.2,2591,0.3,0.51,3.1
2023-01-18,-1.8,-4.0,0.7,2148,0.0,0.44,2.1
2023-01-19,-0.4,-3.9,2.6,4810,0.0,0.45,2.8
2023-01-20,-0.1,-1.8,1.4,2464,0.0,0.51,1.6
2023-01-21,1.0,-1.1,3.1,2205,6.0,0.54,2.7
2023-01-22,1.2,0.3,1.9,2243,0.1,0.6,2.4
2023-01-23,1.4,0.6,2.1,2282,0.0,0.61,2.2
2023-01-24,0.1,-0.8,0.8,2322,0.0,0.55,2.0
2023-01-25,0.1,-0.8,1.0,2363,0.0,0.55,1.8
2023-01-26,-1.2,-1.7,-0.1,2405,0.1,0.52,1.6
2023-01-27,1.6,-0.8,3.7,2449,0.5,0.56,2.3
2023-01-28,0.2,-1.3,1.7,2548,0.0,0.54,1.9
2023-01-29,1.2,-0.7,3.2,3195,0.4,0.56,2.9
2023-01-30,4.2,1.3,6.9,2808,1.0,0.65,5.2
2023-01-31,4.4,2.4,6.8,2635,2.3,0.7,4.7
2023-02-01,4.3,0.9,6.9,2741,5.9,0.63,5.5
2023-02-02,4.0,-0.2,7.0,3824,4.2,0.59,4.1
2023-02-03,5.7,2.1,9.2,3251,3.3,0.7,5.6
2023-02-04,0.9,-4.3,4.3,6306,0.0,0.44,2.1
2023-02-05,-2.3,-5.2,1.3,4857,0.1,0.41,1.7
2023-02-06,-1.2,-4.8,1.9,2950,0.1,0.42,1.7
2023-02-07,-3.1,-7.0,1.9,8431,0.0,0.36,1.6
2023-02-08,-1.9,-5.7,1.8,8556,0.0,0.39,2.1
2023-02-09,-0.7,-4.6,3.0,7808,0.0,0.43,2.3
2023-02-10,3.1,0.3,6.6,4763,0.0,0.61,2.6
2023-02-11,6.0,3.2,7.8,3242,0.0,0.75,3.1
2023-02-12,7.0,5.4,9.7,3499,0.3,0.87,1.7
2023-02-13,6.5,5.3,7.8,3367,0.0,0.86,1.6
2023-02-14,4.5,-0.1,6.9,3431,0.0,0.59,1.4
2023-02-15,0.3,-2.0,4.2,6992,0.0,0.51,1.6
2023-02-16,5.2,-2.3,11.4,8121,0.6,0.54,2.3
2023-02-17,9.1,6.4,13.2,3629,1.3,0.94,5.0
2023-02-18,7.0,5.0,11.2,3697,8.1,0.85,4.5
2023-02-19,4.1,2.1,7.3,7503,0.0,0.69,3.3
2023-02-20,7.1,2.5,9.9,3835,0.3,0.72,4.6
2023-02-21,9.1,7.2,11.0,4050,1.5,0.98,2.8
2023-02-22,7.2,5.2,10.2,4123,0.0,0.86,1.6
2023-02-23,6.2,2.4,9.7,5158,1.0,0.71,1.8
2023-02-24,3.2,1.4,6.0,4123,3.7,0.65,3.3
2023-02-25,1.6,-0.9,4.3,4197,1.9,0.55,3.9
2023-02-26,0.4,-2.9,4.2,7786,0.0,0.49,3.1
2023-02-27,-0.2,-4.4,4.9,5815,0.0,0.44,2.4
2023-02-28,0.1,-4.7,6.0,12546,0.0,0.44,2.0
2023-03-01,0.7,-5.5,7.7,12238,0.0,0.42,2.0
2023-03-02,-1.0,-2.9,0.7,4579,0.0,0.48,1.9
2023-03-03,1.5,-1.6,6.0,6029,0.0,0.54,2.0
2023-03-04,4.4,1.9,6.7,4737,0.0,0.68,3.1
2023-03-05,1.9,0.1,5.0,5805,3.7,0.6,2.5
2023-03-06,0.9,-2.2,4.1,6810,1.6,0.51,2.3
2023-03-07,1.9,-2.2,5.0,5062,1.2,0.51,4.1
2023-03-08,1.1,-0.7,4.3,8454,2.9,0.56,2.4
2023-03-09,0.7,-0.1,1.9,5142,8.9,0.58,2.9
2023-03-10,1.9,0.1,4.5,5224,14.9,0.6,4.2
2023-03-11,1.0,0.1,3.3,9763,0.1,0.59,3.3
2023-03-12,2.7,-1.4,6.9,10241,2.3,0.55,2.6
2023-03-13,11.2,6.2,16.6,6899,2.8,0.95,4.4
2023-03-14,8.6,0.8,15.3,6906,6.4,0.68,4.5
2023-03-15,2.5,0.1,7.1,9722,0.1,0.6,2.8
2023-03-16,4.2,-1.8,9.8,14874,0.0,0.55,2.7
2023-03-17,8.5,3.5,13.9,8765,0.0,0.8,2.7
2023-03-18,11.5,5.9,18.4,10644,1.6,0.96,1.9
2023-03-19,10.7,6.7,15.9,9832,3.0,0.98,1.7
2023-03-20,9.5,7.6,11.6,6448,0.3,1.01,2.4
2023-03-21,9.4,6.8,12.3,6155,1.5,0.97,2.0
2023-03-22,12.1,8.1,17.3,10185,1.8,1.07,3.2
2023-03-23,11.9,8.9,17.4,7588,3.4,1.13,3.5
2023-03-24,12.0,7.6,16.3,8856,1.3,1.04,3.9
2023-03-25,9.6,7.0,13.3,10536,5.7,0.97,4.5
2023-03-26,7.5,2.9,10.6,8570,0.3,0.74,3.2
2023-03-27,3.2,0.1,7.3,13467,1.1,0.61,3.7
2023-03-28,3.3,-0.4,8.2,16319,0.0,0.59,2.7
2023-03-29,6.6,0.4,12.0,8872,0.3,0.64,2.5
2023-03-30,11.5,8.2,18.4,9992,4.4,1.09,3.5
2023-03-31,10.7,8.6,14.3,9893,3.6,1.09,3.2
2023-04-01,7.3,2.9,10.9,7102,0.9,0.74,4.2
2023-04-02,4.1,-0.2,8.6,11456,0.0,0.6,3.5
2023-04-03,1.8,-2.2,6.1,11463,0.0,0.52,2.8
2023-04-04,2.2,-3.3,7.6,15792,0.0,0.49,1.9
2023-04-05,3.5,-3.1,9.2,12427,0.0,0.5,1.3
2023-04-06,5.7,-1.0,11.9,20438,0.0,0.59,1.9
2023-04-07,4.2,-0.8,7.4,9435,2.0,0.57,2.2
2023-04-08,7.1,3.9,11.9,11796,0.0,0.8,2.0
2023-04-09,6.2,0.9,11.6,14181,0.0,0.66,1.7
2023-04-10,10.1,-0.2,17.5,19209,2.0,0.66,2.8
2023-04-11,8.6,2.2,12.4,11233,0.9,0.72,3.4
2023-04-12,8.2,0.5,14.7,15081,3.0,0.67,3.0
2023-04-13,8.6,3.5,13.1,10211,0.0,0.79,2.8
2023-04-14,7.1,4.0,9.4,8185,10.5,0.79,1.9
2023-04-15,9.6,7.5,11.5,8265,8.6,1.01,2.6
2023-04-16,9.2,6.7,12.2,8345,2.7,0.96,2.2
2023-04-17,7.9,4.8,12.7,16330,1.7,0.85,2.5
2023-04-18,8.5,4.0,13.9,9183,0.0,0.82,3.2
2023-04-19,7.0,1.8,13.1,18150,5.1,0.71,3.4
2023-04-20,9.7,5.4,16.5,11174,0.4,0.92,3.0
2023-04-21,14.4,7.5,20.4,22863,0.0,1.06,3.0
2023-04-22,15.7,9.0,22.5,22533,1.5,1.18,2.5
2023-04-23,14.2,11.1,17.9,14208,2.1,1.3,2.3
2023-04-24,12.5,8.4,17.1,15115,0.4,1.1,3.6
2023-04-25,7.9,3.1,10.7,11245,0.0,0.75,3.2
2023-04-26,6.3,1.6,11.2,16592,0.0,0.69,2.5
2023-04-27,7.4,3.6,12.0,18450,0.0,0.79,1.7
2023-04-28,10.3,1.4,16.7,17844,3.3,0.72,2.2
2023-04-29,11.5,6.6,15.8,10967,0.0,0.97,2.6
2023-04-30,8.5,2.9,14.3,25742,0.0,0.76,2.1
2023-05-01,12.4,2.8,19.6,22647,0.0,0.82,1.8
2023-05-02,10.5,7.2,13.6,13211,0.0,0.99,2.6
2023-05-03,8.9,3.0,14.8,23213,0.0,0.78,1.8
2023-05-04,11.9,2.5,18.9,23553,0.0,0.79,2.1
2023-05-05,14.3,7.3,20.7,21970,10.3,1.06,2.8
2023-05-06,8.6,7.2,10.4,9771,0.0,0.98,2.2
2023-05-07,11.6,7.6,17.1,19134,0.0,1.05,2.7
2023-05-08,12.5,5.7,18.9,27085,0.0,0.95,2.5
2023-05-09,14.0,7.2,19.9,26697,0.0,1.05,2.8
2023-05-10,15.6,9.8,22.8,22291,0.0,1.26,2.3
2023-05-11,17.2,8.2,23.6,24201,0.0,1.16,1.8
2023-05-12,17.7,11.6,22.8,26238,0.0,1.39,2.3
2023-05-13,16.6,9.0,22.9,24488,0.0,1.2,2.2
2023-05-14,15.5,7.8,22.3,17215,0.0,1.11,1.7
2023-05-15,14.6,6.4,22.7,18016,2.0,1.02,2.2
2023-05-16,11.7,6.7,16.5,17957,0.0,0.99,3.3
2023-05-17,10.2,5.2,15.5,26884,0.0,0.89,2.9
2023-05-18,10.9,3.4,17.2,22271,0.0,0.81,2.1
2023-05-19,13.2,5.3,19.4,18383,0.0,0.93,2.5
2023-05-20,14.2,6.9,19.7,17822,0.0,1.02,3.1
2023-05-21,20.4,10.7,27.1,22581,0.0,1.36,2.6
2023-05-22,21.1,15.5,26.7,25242,0.4,1.79,2.1
2023-05-23,14.5,9.8,19.8,10904,2.6,1.21,3.2
2023-05-24,11.7,9.0,16.5,14051,0.0,1.13,2.3
2023-05-25,12.7,6.9,19.6,21681,0.0,1.03,2.4
2023-05-26,12.9,5.6,19.4,28577,0.0,0.95,2.5
2023-05-27,14.5,4.9,21.8,28880,0.0,0.94,2.0
2023-05-28,16.8,6.2,24.5,27309,0.0,1.05,1.9
2023-05-29,15.6,9.0,21.9,24860,0.0,1.19,2.6
2023-05-30,15.3,5.1,22.9,28525,0.0,0.95,2.4
2023-05-31,17.3,6.4,25.5,30069,0.0,1.08,2.4
2023-06-01,15.3,9.9,21.8,24732,0.0,1.25,2.7
2023-06-02,13.6,8.6,20.0,21890,0.0,1.14,2.5
2023-06-03,13.9,3.7,21.5,30439,0.0,0.87,2.3
2023-06-04,16.1,5.6,23.7,30349,0.0,1.0,1.9
2023-06-05,18.9,8.3,26.7,30256,0.0,1.2,2.0
2023-06-06,19.3,10.9,25.6,18247,0.0,1.38,1.9
2023-06-07,22.1,15.8,28.8,22662,0.0,1.84,1.7
2023-06-08,21.7,15.2,30.1,21556,0.9,1.8,1.9
2023-06-09,21.1,13.0,29.2,28984,0.0,1.58,2.3
2023-06-10,20.1,12.1,29.0,21219,0.9,1.52,2.7
2023-06-11,21.2,10.7,28.5,29527,0.0,1.4,2.7
2023-06-12,21.0,12.7,26.6,29921,0.0,1.51,2.6
2023-06-13,18.2,10.6,25.0,25915,0.0,1.33,2.8
2023-06-14,17.9,9.3,25.6,21528,0.0,1.25,2.4
2023-06-15,18.5,10.6,24.4,18647,1.5,1.32,1.8
2023-06-16,16.0,13.0,22.0,15009,6.8,1.49,1.9
2023-06-17,16.7,12.2,21.5,16021,1.4,1.41,1.6
2023-06-18,20.1,11.2,27.4,28847,0.0,1.42,1.4
2023-06-19,22.4,17.2,29.1,16656,0.0,1.98,2.0
2023-06-20,21.3,17.6,25.6,17788,8.0,1.99,1.8
2023-06-21,23.4,18.7,29.3,22940,0.0,2.15,2.1
2023-06-22,23.0,16.5,29.5,20801,29.3,1.92,2.3
2023-06-23,17.3,16.1,19.0,11246,25.7,1.77,2.9
2023-06-24,19.3,13.9,26.0,27573,0.0,1.61,1.7
2023-06-25,22.2,16.0,28.1,18017,0.0,1.85,1.4
2023-06-26,22.3,15.8,30.9,23532,15.9,1.88,2.8
2023-06-27,16.8,13.2,21.3,22766,7.9,1.5,2.8
2023-06-28,18.1,12.5,23.8,24257,0.0,1.47,2.0
2023-06-29,20.1,12.5,26.4,13577,1.1,1.49,1.5
2023-06-30,18.2,14.5,20.4,11931,2.5,1.62,1.8
2023-07-01,18.8,14.1,24.2,19061,1.2,1.62,3.0
2023-07-02,18.1,13.2,22.7,20168,0.0,1.52,3.8
2023-07-03,17.8,12.3,22.6,16513,0.0,1.44,3.4
2023-07-04,18.0,12.6,22.7,21622,0.1,1.46,2.9
2023-07-05,18.8,12.3,25.5,19843,0.0,1.48,3.7
2023-07-06,17.9,12.3,24.1,21941,0.0,1.46,2.0
2023-07-07,20.7,9.9,28.2,30406,0.0,1.34,1.5
2023-07-08,23.0,11.5,31.0,30367,0.0,1.49,1.8
2023-07-09,24.8,14.5,32.5,27955,0.8,1.8,1.6
2023-07-10,22.7,15.1,28.9,22801,0.0,1.77,2.2
2023-07-11,23.2,12.1,30.6,29613,0.0,1.54,2.0
2023-07-12,23.4,14.7,28.6,23715,0.0,1.73,3.0
2023-07-13,18.9,13.5,26.3,21681,0.0,1.59,2.5
2023-07-14,20.4,12.8,27.0,25364,0.0,1.54,1.7
2023-07-15,25.5,16.9,36.5,22707,1.6,2.13,2.5
2023-07-16,23.4,16.5,29.3,24269,0.0,1.9,3.1
2023-07-17,20.8,14.1,27.8,22729,0.1,1.66,2.8
2023-07-18,18.8,12.0,26.1,25397,0.0,1.46,1.9
2023-07-19,18.8,12.2,25.6,15701,1.9,1.46,2.1
2023-07-20,17.4,10.8,23.7,18860,0.0,1.33,2.2
2023-07-21,15.0,8.8,22.9,12767,0.6,1.18,1.8
2023-07-22,17.3,12.2,22.4,21333,0.2,1.42,2.4
2023-07-23,19.7,13.9,26.8,12793,0.1,1.64,3.1
2023-07-24,20.4,14.7,28.1,18263,8.8,1.72,2.8
2023-07-25,17.3,13.1,23.7,17589,0.0,1.51,2.4
2023-07-26,15.4,10.5,21.4,20951,1.1,1.28,2.6
2023-07-27,15.6,10.0,19.4,14900,9.9,1.22,2.4
2023-07-28,19.2,16.8,22.7,13133,8.3,1.87,2.3
2023-07-29,19.5,15.1,23.7,17817,10.0,1.7,2.4
2023-07-30,18.5,14.0,24.9,18962,2.3,1.61,2.9
2023-07-31,17.2,14.2,21.0,10287,2.6,1.58,3.1
2023-08-01,18.0,15.9,22.4,14098,4.7,1.76,3.4
2023-08-02,18.6,15.2,23.5,13427,1.7,1.71,3.2
2023-08-03,18.6,16.7,23.1,13120,3.7,1.87,4.1
2023-08-04,18.6,13.8,24.3,18815,0.0,1.59,2.0
2023-08-05,17.3,12.7,21.4,19331,0.0,1.47,1.7
2023-08-06,16.3,13.9,19.7,9686,9.4,1.55,2.8
2023-08-07,16.1,13.5,20.9,13317,1.5,1.53,4.6
2023-08-08,15.1,11.9,20.2,14787,2.6,1.37,3.8
2023-08-09,14.9,10.7,20.2,18737,5.6,1.28,2.5
2023-08-10,15.7,10.3,22.8,20298,0.0,1.29,1.6
2023-08-11,18.6,10.2,25.2,18195,0.0,1.31,1.4
2023-08-12,21.3,15.9,28.6,12111,1.5,1.86,1.8
2023-08-13,21.5,15.6,26.9,17652,0.0,1.78,1.6
2023-08-14,23.2,15.4,30.9,20471,4.8,1.83,1.5
2023-08-15,23.7,18.0,30.9,20013,3.4,2.12,1.7
2023-08-16,22.5,19.0,27.3,15732,0.3,2.18,1.6
2023-08-17,20.7,17.7,25.5,10901,9.9,1.98,2.0
2023-08-18,23.7,17.0,30.3,22554,0.0,2.0,1.8
2023-08-19,25.2,17.8,32.3,21970,0.0,2.13,1.7
2023-08-20,23.6,18.0,28.6,22300,0.0,2.06,1.5
2023-08-21,21.7,17.3,26.8,20123,0.0,1.98,1.4
2023-08-22,20.9,15.8,26.1,12641,0.0,1.81,1.5
2023-08-23,19.9,13.6,26.5,22129,0.0,1.61,1.5
2023-08-24,22.2,14.7,28.6,19185,0.0,1.73,1.6
2023-08-25,22.5,18.2,28.7,15484,2.0,2.11,2.1
2023-08-26,19.1,12.3,24.4,14816,0.2,1.46,2.2
2023-08-27,16.7,11.9,20.8,8950,0.0,1.39,1.7
2023-08-28,16.1,11.2,20.7,13823,0.0,1.32,1.9
2023-08-29,15.0,13.1,18.0,8015,1.9,1.46,1.6
2023-08-30,16.0,12.1,21.0,9569,0.6,1.4,1.8
2023-08-31,14.0,11.6,20.0,14036,4.2,1.35,2.6
2023-09-01,15.1,9.8,21.0,15755,0.2,1.22,1.9
2023-09-02,15.9,9.6,21.7,16058,0.0,1.21,1.3
2023-09-03,16.6,12.4,22.0,14862,0.0,1.43,1.7
2023-09-04,17.8,10.9,25.5,20785,0.0,1.37,1.7
2023-09-05,20.5,12.1,28.4,20518,0.0,1.51,1.9
2023-09-06,21.1,12.0,29.6,20461,0.0,1.53,1.7
2023-09-07,21.4,12.5,29.6,20193,0.0,1.57,2.1
2023-09-08,21.6,14.8,29.8,19924,0.0,1.76,1.6
2023-09-09,21.3,13.1,30.9,19656,0.0,1.64,1.2
2023-09-10,20.9,12.0,30.8,19183,0.0,1.55,1.1
2023-09-11,21.6,13.0,30.9,18205,0.0,1.61,1.3
2023-09-12,20.9,14.2,29.5,15522,16.2,1.69,1.5
2023-09-13,17.7,12.8,23.2,8567,1.1,1.49,2.3
2023-09-14,14.0,9.0,20.6,16922,0.0,1.16,1.4
2023-09-15,15.8,7.0,23.6,18244,0.0,1.08,1.8
2023-09-16,18.2,12.3,25.7,16996,0.0,1.47,1.5
2023-09-17,19.6,10.9,27.5,15859,0.0,1.39,1.6
2023-09-18,20.6,16.0,25.9,10199,0.3,1.81,2.7
2023-09-19,17.6,14.9,20.9,12575,0.0,1.65,3.8
2023-09-20,18.8,14.5,25.4,14341,0.0,1.66,2.8
2023-09-21,20.8,13.2,29.0,14662,1.3,1.6,2.2
2023-09-22,16.7,12.6,20.6,6465,0.0,1.44,2.5
2023-09-23,14.7,11.8,19.3,10921,0.0,1.36,2.5
2023-09-24,14.2,9.7,20.7,12910,0.0,1.22,1.7
2023-09-25,14.7,7.2,22.6,14862,0.0,1.07,1.8
2023-09-26,16.5,7.5,24.7,15151,0.0,1.12,1.2
2023-09-27,18.8,9.3,27.0,13640,0.0,1.28,1.4
2023-09-28,18.9,13.2,26.3,13573,0.0,1.56,1.6
2023-09-29,18.6,14.4,24.2,6642,0.1,1.63,2.3
2023-09-30,14.4,11.0,20.1,11517,0.0,1.3,2.0
2023-10-01,15.7,11.7,20.2,6973,0.0,1.37,1.8
2023-10-02,19.6,15.0,25.3,11750,0.0,1.7,1.7
2023-10-03,17.4,12.7,23.7,6014,7.0,1.47,3.6
2023-10-04,14.2,11.5,18.0,7518,0.0,1.33,3.0
2023-10-05,13.2,11.3,16.9,6250,1.5,1.31,2.6
2023-10-06,15.2,12.1,17.9,4924,0.8,1.39,3.0
2023-10-07,15.5,10.4,19.1,4762,11.4,1.25,3.4
2023-10-08,12.0,9.5,15.4,10888,4.1,1.16,1.8
2023-10-09,10.5,8.9,12.0,4606,2.8,1.11,1.9
2023-10-10,14.6,10.9,17.3,5081,0.1,1.28,1.8
2023-10-11,18.7,13.9,23.8,9214,2.8,1.59,3.2
2023-10-12,14.6,12.2,19.9,4994,1.6,1.4,2.3
2023-10-13,18.1,12.8,22.9,5294,2.5,1.47,3.3
2023-10-14,13.6,7.9,20.3,8383,0.3,1.09,4.0
2023-10-15,8.0,5.2,11.5,9309,0.0,0.86,3.2
2023-10-16,6.9,3.4,11.6,8662,0.0,0.77,1.9
2023-10-17,6.4,0.2,11.9,4373,0.0,0.63,1.5
2023-10-18,5.9,-1.3,12.7,10222,0.8,0.59,2.3
2023-10-19,6.7,5.5,7.7,3865,4.1,0.87,2.9
2023-10-20,6.0,5.0,7.3,3796,7.2,0.84,4.0
2023-10-21,11.5,6.6,18.8,6101,0.4,0.99,2.7
2023-10-22,13.0,10.2,17.0,7385,0.0,1.23,2.4
2023-10-23,10.9,7.2,14.6,5161,1.3,1.0,1.6
2023-10-24,11.4,9.4,13.2,3527,10.6,1.15,2.0
2023-10-25,10.6,7.7,14.4,6325,11.9,1.04,2.3
2023-10-26,9.7,8.6,11.6,3398,1.6,1.08,2.3
2023-10-27,9.2,8.4,10.4,3335,9.1,1.06,2.3
2023-10-28,10.0,8.5,12.4,3338,5.1,1.07,2.6
2023-10-29,12.3,8.8,15.4,3213,3.0,1.11,3.3
2023-10-30,13.1,10.8,17.2,5221,2.1,1.27,2.5
2023-10-31,10.7,6.4,12.9,3280,1.1,0.94,3.2
2023-11-01,10.4,6.4,14.3,4688,0.0,0.95,2.7
2023-11-02,11.2,8.4,13.6,3342,0.2,1.08,3.7
2023-11-03,9.9,7.8,11.9,4118,0.0,1.03,3.1
2023-11-04,8.9,5.8,11.9,6114,2.8,0.9,3.6
2023-11-05,10.2,7.9,12.4,2933,5.5,1.03,4.0
2023-11-06,11.1,9.5,13.3,3973,0.0,1.15,4.1
2023-11-07,9.3,6.5,12.8,5045,0.2,0.94,3.4
2023-11-08,8.5,5.5,11.8,3563,0.3,0.88,3.5
2023-11-09,9.1,6.2,11.1,2615,0.2,0.92,3.3
2023-11-10,8.4,4.8,11.3,3006,0.0,0.85,3.1
2023-11-11,5.7,2.6,8.8,2955,1.2,0.72,2.6
2023-11-12,6.6,4.7,8.3,2529,1.3,0.83,1.8
2023-11-13,7.2,4.3,10.2,4813,5.3,0.81,3.1
2023-11-14,11.0,8.7,13.7,2441,2.5,1.09,4.7
2023-11-15,7.5,4.0,9.5,3536,2.4,0.79,3.4
2023-11-16,6.2,1.6,8.8,3176,0.1,0.67,2.7
2023-11-17,4.0,2.2,5.5,2267,0.0,0.69,2.4
2023-11-18,4.1,3.0,6.1,3179,10.6,0.73,2.2
2023-11-19,8.3,4.0,12.0,2785,14.7,0.81,3.8
2023-11-20,9.5,7.0,10.9,2156,20.7,0.97,2.9
2023-11-21,4.0,-0.9,7.4,2122,0.0,0.57,2.2
2023-11-22,-0.3,-3.0,2.3,4578,0.0,0.48,2.3
2023-11-23,8.0,1.9,11.4,2056,3.3,0.7,4.9
2023-11-24,4.1,0.1,7.5,3245,2.2,0.6,4.9
2023-11-25,0.9,-0.2,1.8,2134,1.9,0.58,3.4
2023-11-26,-0.1,-1.9,1.6,4083,0.2,0.51,2.2
2023-11-27,0.3,-1.0,2.3,1939,6.6,0.55,2.6
2023-11-28,-1.1,-3.4,0.8,3629,0.5,0.46,2.9
2023-11-29,-0.8,-2.9,1.0,1887,0.9,0.48,2.8
2023-11-30,-4.0,-7.9,0.0,2929,0.0,0.33,1.3
2023-12-01,-6.2,-9.5,-3.9,1840,0.0,0.29,1.6
2023-12-02,-3.9,-6.1,-1.7,1819,0.0,0.38,2.1
2023-12-03,-2.7,-6.2,-1.6,1798,0.0,0.37,2.1
2023-12-04,-2.7,-6.3,-0.2,1779,0.0,0.37,2.6
2023-12-05,-0.8,-2.2,0.3,1761,2.5,0.5,3.1
2023-12-06,0.7,0.1,1.2,1744,1.9,0.59,2.2
2023-12-07,0.9,0.4,1.9,1728,0.0,0.6,1.6
2023-12-08,0.9,0.4,1.5,1713,1.6,0.6,2.4
2023-12-09,3.1,0.9,5.9,1742,2.9,0.63,2.9
2023-12-10,6.0,3.2,8.4,1687,9.3,0.75,4.0
2023-12-11,7.9,5.8,9.2,1718,14.8,0.89,3.6
2023-12-12,6.0,3.7,7.9,1955,7.9,0.77,2.0
2023-12-13,4.7,3.2,5.8,1657,2.8,0.74,2.4
2023-12-14,3.0,2.2,3.7,1649,0.1,0.69,2.0
2023-12-15,3.5,0.3,6.6,1643,0.7,0.61,2.2
2023-12-16,7.6,6.2,8.8,2412,0.0,0.92,2.9
2023-12-17,8.7,6.1,10.1,2121,0.0,0.91,3.1
2023-12-18,6.7,5.4,7.7,1630,0.0,0.87,3.0
2023-12-19,6.6,5.9,7.4,1627,8.1,0.89,3.3
2023-12-20,5.5,3.9,7.1,1748,8.0,0.78,4.2
2023-12-21,7.4,4.2,10.2,1627,14.3,0.81,6.3
2023-12-22,3.4,0.1,4.9,3537,3.3,0.6,6.3
2023-12-23,2.1,0.4,3.2,1630,11.2,0.61,5.0
2023-12-24,7.8,0.4,12.9,1634,11.6,0.65,5.5
2023-12-25,10.1,8.6,11.4,1884,14.3,1.07,5.0
2023-12-26,8.5,4.4,10.0,2135,1.0,0.82,4.6
2023-12-27,4.0,2.0,5.3,3251,0.1,0.68,2.4
2023-12-28,8.7,4.8,10.9,3265,0.0,0.84,4.2
2023-12-29,9.6,6.5,11.5,1999,3.4,0.94,4.8
2023-12-30,6.5,4.6,7.9,1845,0.0,0.82,3.4
2023-12-31,6.2,3.4,8.6,1691,0.2,0.76,3.1
2024-01-01,6.3,4.0,8.7,1704,0.7,0.78,3.7
2024-01-02,5.1,2.3,7.9,1718,13.2,0.71,4.1
2024-01-03,9.4,7.5,10.9,1733,1.0,1.01,5.3
2024-01-04,3.8,-0.6,8.9,1749,1.5,0.59,4.0
2024-01-05,0.3,-0.6,1.0,1766,3.7,0.56,2.9
2024-01-06,-0.3,-1.8,1.0,1785,0.4,0.51,2.6
2024-01-07,-1.9,-6.2,-0.1,1805,0.2,0.38,3.5
2024-01-08,-6.6,-8.7,-3.9,4940,0.0,0.31,3.5
2024-01-09,-7.7,-10.8,-3.4,5119,0.0,0.26,2.3
2024-01-10,-7.0,-10.1,-2.5,5125,0.0,0.28,1.6
2024-01-11,-2.8,-8.2,0.4,1895,0.1,0.33,1.7
2024-01-12,-0.1,-1.5,1.6,1921,0.5,0.52,2.0
2024-01-13,2.1,1.2,3.3,1948,4.3,0.64,3.4
2024-01-14,2.3,1.4,3.5,2114,1.1,0.65,3.6
2024-01-15,1.1,-1.8,2.7,2145,3.9,0.52,4.3
2024-01-16,-1.0,-4.5,1.0,2035,0.1,0.43,2.6
2024-01-17,-3.1,-6.3,-1.2,3020,0.4,0.37,2.4
2024-01-18,-2.8,-4.9,-0.2,3833,0.0,0.41,2.3
2024-01-19,-0.3,-3.2,1.9,5199,0.0,0.47,3.1
2024-01-20,0.7,-4.1,3.1,3202,0.0,0.44,3.1
2024-01-21,-0.2,-5.2,3.3,2504,0.0,0.41,3.4
2024-01-22,6.5,2.2,9.9,2243,2.3,0.71,5.0
2024-01-23,5.8,4.0,8.0,2689,5.8,0.78,4.6
2024-01-24,9.0,4.9,11.4,3659,1.6,0.85,6.6
2024-01-25,6.5,2.0,8.5,3404,0.0,0.69,3.7
2024-01-26,4.8,0.5,9.8,2405,2.9,0.64,3.9
2024-01-27,4.8,1.8,7.3,3994,0.0,0.68,2.7
2024-01-28,2.5,-1.5,7.4,6862,0.0,0.54,2.0
2024-01-29,4.1,0.8,9.8,5869,0.0,0.64,2.0
2024-01-30,4.9,0.5,9.8,4300,0.0,0.64,2.2
2024-01-31,5.6,4.0,9.4,2859,1.2,0.79,2.9
2024-02-01,6.0,4.0,8.1,5459,0.2,0.79,3.7
2024-02-02,6.2,3.8,8.7,2735,0.1,0.78,3.9
2024-02-03,9.5,7.0,11.0,2787,8.5,0.97,4.4
2024-02-04,7.2,5.5,8.7,2840,8.7,0.87,4.8
2024-02-05,9.7,7.7,10.7,2894,1.0,1.02,5.5
2024-02-06,9.9,8.2,11.7,2950,9.6,1.05,5.7
2024-02-07,4.1,-1.1,10.1,4286,0.0,0.58,4.1
2024-02-08,0.9,-1.8,4.6,3063,7.5,0.53,2.3
2024-02-09,3.6,0.2,8.3,3122,7.2,0.62,3.0
2024-02-10,9.5,6.5,12.9,4826,0.6,0.95,2.1
2024-02-11,7.7,5.4,9.9,3242,9.8,0.87,2.9
2024-02-12,6.8,4.0,9.9,3888,0.4,0.79,2.5
2024-02-13,5.4,2.6,9.2,5467,0.0,0.72,2.6
2024-02-14,6.4,1.4,10.1,3431,5.2,0.67,2.7
2024-02-15,11.1,8.8,13.4,3496,0.0,1.09,2.1
2024-02-16,11.9,8.5,16.3,5671,2.4,1.1,2.6
2024-02-17,8.5,5.7,11.4,4386,0.0,0.89,2.4
2024-02-18,6.8,1.5,10.5,4393,4.9,0.68,2.5
2024-02-19,8.0,5.9,9.9,3906,2.3,0.9,3.7
2024-02-20,8.2,6.5,9.7,3907,1.5,0.93,3.2
2024-02-21,8.6,6.8,11.6,4483,0.2,0.95,3.2
2024-02-22,9.8,7.3,12.7,4342,5.6,1.0,4.1
2024-02-23,7.6,2.7,12.4,5158,0.0,0.74,4.1
2024-02-24,5.2,0.7,10.5,7410,0.1,0.65,2.5
2024-02-25,5.4,0.4,11.8,9183,0.1,0.64,2.3
2024-02-26,4.7,-1.4,10.9,7863,0.0,0.57,2.1
2024-02-27,3.4,1.4,5.4,4348,0.1,0.65,2.1
2024-02-28,2.6,-0.5,5.9,7235,0.0,0.58,1.7
2024-02-29,4.3,-1.7,10.8,12001,0.0,0.56,2.4
2024-03-01,6.9,4.0,11.4,5776,0.9,0.8,2.1
2024-03-02,8.8,6.2,13.4,6593,0.0,0.93,2.2
2024-03-03,9.6,5.3,14.7,7589,0.0,0.88,2.3
2024-03-04,8.3,3.7,14.1,10086,0.0,0.81,2.0
2024-03-05,4.5,-1.1,8.5,11718,0.0,0.57,2.3
2024-03-06,2.8,-3.4,8.4,8759,0.0,0.49,1.9
2024-03-07,5.3,0.5,9.6,13037,0.0,0.63,2.6
2024-03-08,3.5,-1.9,9.8,14140,0.0,0.55,3.2
2024-03-09,5.3,-0.3,10.6,9638,0.0,0.61,3.0
2024-03-10,7.9,2.8,13.3,10549,0.0,0.75,3.4
2024-03-11,9.9,4.5,13.8,6184,0.0,0.85,2.8
2024-03-12,8.1,2.6,13.8,9480,0.0,0.75,2.0
2024-03-13,9.5,3.5,14.6,14093,0.2,0.8,2.0
2024-03-14,11.1,6.7,15.5,6368,0.0,0.97,2.1
2024-03-15,11.8,6.4,18.5,9935,0.1,0.99,2.9
2024-03-16,8.9,3.2,13.7,8027,1.8,0.77,3.5
2024-03-17,4.2,0.3,9.7,13622,0.0,0.62,1.8
2024-03-18,2.6,-2.1,8.9,16401,0.0,0.53,2.0
2024-03-19,4.3,-1.3,10.6,14776,0.0,0.57,1.7
2024-03-20,10.2,2.8,18.2,11021,0.3,0.79,1.3
2024-03-21,9.9,6.0,14.7,7973,10.1,0.93,2.4
2024-03-22,9.2,6.1,13.2,6328,9.6,0.92,2.6
2024-03-23,5.8,2.6,9.6,9247,6.1,0.72,3.3
2024-03-24,5.0,2.6,9.4,8961,7.6,0.72,4.2
2024-03-25,5.8,1.3,9.9,8372,0.2,0.67,2.6
2024-03-26,7.4,0.0,13.4,12568,0.0,0.63,2.6
2024-03-27,11.5,5.6,18.2,14105,0.1,0.93,2.4
2024-03-28,9.3,6.9,14.2,9378,0.5,0.98,3.4
2024-03-29,9.7,4.7,14.5,7339,0.1,0.85,2.8
2024-03-30,13.9,6.6,21.0,12051,0.0,1.02,2.1
2024-03-31,12.9,9.0,18.6,12687,0.0,1.15,1.9
2024-04-01,12.0,7.3,20.1,8124,0.7,1.05,2.9
2024-04-02,11.1,8.1,14.7,11149,0.8,1.06,4.3
2024-04-03,10.1,7.5,12.2,7463,3.0,1.01,2.7
2024-04-04,11.7,8.8,15.3,11048,3.2,1.11,3.6
2024-04-05,14.4,10.0,18.2,11261,1.5,1.21,3.2
2024-04-06,17.1,11.5,23.4,16733,0.0,1.38,2.4
2024-04-07,18.0,13.2,23.3,14278,0.0,1.51,2.4
2024-04-08,18.7,13.9,26.2,15483,0.0,1.62,1.8
2024-04-09,17.0,11.3,25.6,14626,0.1,1.39,3.3
2024-04-10,11.6,6.3,15.0,12330,0.0,0.94,2.6
2024-04-11,12.4,5.4,17.0,13979,0.0,0.91,2.3
2024-04-12,15.6,12.7,19.8,9213,0.0,1.44,2.3
2024-04-13,17.4,11.3,22.5,17876,0.0,1.36,2.5
2024-04-14,14.3,7.2,19.0,17555,0.0,1.03,3.2
2024-04-15,9.5,5.4,14.0,11044,3.0,0.89,3.2
2024-04-16,6.5,2.3,10.8,10683,1.0,0.72,4.0
2024-04-17,6.3,1.1,11.7,15763,0.0,0.67,2.1
2024-04-18,6.5,0.2,12.9,18150,0.1,0.64,2.2
2024-04-19,6.1,4.4,9.8,9572,9.0,0.81,4.0
2024-04-20,6.1,1.8,9.3,13902,0.1,0.68,2.8
2024-04-21,4.2,-0.6,10.0,18265,0.0,0.59,2.5
2024-04-22,3.0,-2.4,8.1,13282,0.0,0.52,2.0
2024-04-23,4.7,-1.1,9.6,16161,0.0,0.57,2.0
2024-04-24,6.0,0.9,10.1,10545,1.7,0.65,2.5
2024-04-25,5.3,0.5,10.0,13080,5.8,0.63,2.3
2024-04-26,9.5,2.2,15.6,21855,0.0,0.75,2.1
2024-04-27,13.7,4.3,21.3,23852,0.0,0.91,2.1
2024-04-28,17.0,10.3,24.0,19359,0.2,1.29,2.7
2024-04-29,15.6,11.5,20.4,16968,0.0,1.35,1.8
2024-04-30,19.3,9.0,27.5,24312,0.0,1.25,2.1
2024-05-01,20.8,14.3,26.6,24898,0.0,1.66,3.0
2024-05-02,20.5,14.0,26.5,23571,0.0,1.64,3.3
2024-05-03,18.4,13.0,23.6,20076,0.3,1.5,2.8
2024-05-04,15.8,11.5,21.2,20407,2.0,1.36,1.6
2024-05-05,15.1,9.6,21.2,17001,0.5,1.21,2.6
2024-05-06,13.3,7.5,19.9,23845,0.0,1.06,1.9
2024-05-07,11.4,7.2,16.5,11346,0.0,1.01,2.1
2024-05-08,12.4,6.1,19.5,21479,0.0,0.98,1.8
2024-05-09,13.5,5.3,20.3,25331,0.0,0.95,1.5
2024-05-10,16.3,9.2,23.1,17865,0.0,1.22,1.6
2024-05-11,14.4,10.2,20.2,16105,0.0,1.25,1.8
2024-05-12,15.3,7.2,21.5,27913,0.0,1.06,2.4
2024-05-13,17.6,9.3,24.8,27998,0.0,1.25,2.4
2024-05-14,18.9,10.9,25.8,28204,0.0,1.36,3.1
2024-05-15,20.2,12.7,26.1,28038,0.0,1.5,3.1
2024-05-16,20.1,13.0,26.1,22082,0.0,1.54,3.3
2024-05-17,19.3,13.3,25.7,24614,0.0,1.57,3.4
2024-05-18,15.9,12.6,19.6,15543,0.4,1.44,2.1
2024-05-19,16.3,10.5,21.5,19429,3.8,1.28,1.8
2024-05-20,16.9,11.1,23.9,20971,0.4,1.35,1.6
2024-05-21,20.7,11.1,27.1,24623,1.7,1.4,2.9
2024-05-22,19.2,14.7,25.4,13386,27.4,1.67,2.7
2024-05-23,18.2,12.4,23.9,21755,0.0,1.45,1.9
2024-05-24,18.3,10.9,25.1,22303,15.9,1.35,1.7
2024-05-25,18.0,13.6,23.8,20360,4.3,1.55,1.6
2024-05-26,19.7,13.5,25.3,26761,0.0,1.57,1.7
2024-05-27,19.4,15.2,24.5,16208,6.2,1.73,1.8
2024-05-28,15.7,10.8,19.6,16122,3.2,1.29,2.2
2024-05-29,16.5,9.3,22.2,18157,0.2,1.21,2.4
2024-05-30,15.7,11.9,20.2,15193,12.1,1.37,1.8
2024-05-31,17.6,14.2,22.5,18227,0.0,1.61,2.2
2024-06-01,20.1,14.1,26.1,22390,2.2,1.65,2.6
2024-06-02,18.9,14.9,23.9,20420,0.0,1.68,2.9
2024-06-03,14.4,12.6,17.3,12305,0.0,1.41,2.3
2024-06-04,16.0,11.8,21.1,14837,0.0,1.38,1.6
2024-06-05,15.5,11.9,21.6,13857,3.0,1.39,2.5
2024-06-06,15.4,8.9,20.9,25046,2.0,1.16,1.9
2024-06-07,15.3,10.3,21.6,21054,0.0,1.26,1.8
2024-06-08,18.1,7.7,26.1,26724,0.0,1.15,2.4
2024-06-09,15.0,8.4,21.5,30262,0.0,1.14,2.5
2024-06-10,13.9,9.4,20.1,19227,2.1,1.18,2.4
2024-06-11,13.2,9.1,18.9,16980,0.0,1.15,3.1
2024-06-12,12.7,8.1,18.0,20637,1.5,1.08,2.3
2024-06-13,13.4,8.3,18.8,20397,0.0,1.11,1.8
2024-06-14,14.7,9.4,19.9,11231,0.4,1.19,2.4
2024-06-15,16.3,10.7,22.9,17775,5.2,1.31,3.2
2024-06-16,18.5,10.1,24.8,25826,0.6,1.29,2.4
2024-06-17,18.7,12.8,26.1,22939,0.2,1.53,1.9
2024-06-18,19.4,13.0,26.2,22564,5.2,1.54,1.6
2024-06-19,16.2,10.9,20.0,13640,1.0,1.29,2.2
2024-06-20,17.1,8.8,23.4,24951,0.1,1.18,1.7
2024-06-21,20.2,15.5,24.8,14391,4.1,1.76,2.1
2024-06-22,19.0,15.0,23.1,16146,4.9,1.68,2.9
2024-06-23,18.2,13.3,23.8,21668,0.0,1.54,1.9
2024-06-24,19.5,11.8,25.9,28065,0.0,1.44,1.7
2024-06-25,21.6,13.9,27.4,28681,0.0,1.65,2.2
2024-06-26,24.6,15.3,31.4,30549,0.0,1.84,1.9
2024-06-27,24.5,18.4,31.3,21245,0.0,2.17,1.8
2024-06-28,22.2,14.7,27.3,25369,0.3,1.7,2.5
2024-06-29,22.8,12.0,29.5,28109,1.1,1.52,1.8
2024-06-30,20.3,16.5,26.8,12542,3.3,1.89,2.8
2024-07-01,16.9,13.1,19.6,13402,5.4,1.48,2.3
2024-07-02,14.9,13.0,17.2,12004,4.2,1.45,2.7
2024-07-03,14.9,12.1,18.5,12485,0.0,1.38,2.2
2024-07-04,15.0,11.0,19.7,17591,0.5,1.3,3.2
2024-07-05,16.6,8.5,22.1,21065,0.0,1.15,2.8
2024-07-06,21.3,13.2,32.7,24783,2.5,1.68,3.2
2024-07-07,18.3,11.9,24.0,26121,0.0,1.42,2.4
2024-07-08,19.8,10.0,26.5,20593,0.0,1.31,1.6
2024-07-09,25.0,16.1,32.0,25544,0.0,1.94,2.0
2024-07-10,23.9,19.4,29.4,21017,15.2,2.25,1.9
2024-07-11,21.8,18.1,27.0,19732,0.6,2.06,1.6
2024-07-12,20.8,16.6,26.0,13225,3.0,1.89,2.3
2024-07-13,17.6,12.5,23.2,16418,0.1,1.46,2.5
2024-07-14,18.3,10.7,24.6,20845,0.1,1.34,1.9
2024-07-15,22.6,13.4,29.4,27988,0.7,1.63,1.8
2024-07-16,20.8,15.6,28.6,17280,1.2,1.82,2.6
2024-07-17,19.2,13.5,24.8,20573,0.0,1.57,2.4
2024-07-18,20.0,13.2,26.8,27809,0.0,1.56,1.4
2024-07-19,22.7,13.8,29.6,27992,0.0,1.66,1.4
2024-07-20,23.9,15.9,30.7,24597,0.0,1.9,1.6
2024-07-21,24.7,18.5,32.9,23794,9.3,2.21,1.8
2024-07-22,20.0,14.0,23.6,14390,0.1,1.6,2.5
2024-07-23,19.0,12.3,28.8,18999,7.5,1.54,2.2
2024-07-24,18.7,13.7,23.4,21141,0.0,1.56,2.5
2024-07-25,17.4,11.2,23.5,26332,0.0,1.35,1.4
2024-07-26,19.9,14.3,25.1,13557,7.0,1.64,1.8
2024-07-27,19.1,16.7,23.5,10696,35.1,1.87,1.3
2024-07-28,18.3,14.1,23.2,21466,3.5,1.6,2.5
2024-07-29,18.1,12.2,24.5,28551,0.0,1.46,1.7
2024-07-30,20.4,10.9,28.6,27247,0.0,1.41,1.4
2024-07-31,22.7,14.9,29.8,21955,0.0,1.77,1.5
2024-08-01,22.1,14.5,28.6,26937,0.0,1.73,1.7
2024-08-02,19.3,16.2,23.2,10713,0.0,1.8,1.8
2024-08-03,20.4,13.1,26.6,23017,4.9,1.55,1.5
2024-08-04,19.5,14.7,24.2,17414,3.6,1.67,2.3
2024-08-05,18.0,12.7,24.1,23067,0.0,1.5,1.5
2024-08-06,20.4,11.7,27.2,26663,0.0,1.44,1.5
2024-08-07,22.9,15.8,30.5,24057,2.4,1.88,1.8
2024-08-08,19.8,15.6,23.9,17315,0.0,1.75,1.8
2024-08-09,19.4,14.5,24.1,12381,2.1,1.65,2.7
2024-08-10,20.6,14.4,26.3,22790,0.0,1.67,2.3
2024-08-11,20.8,14.1,26.3,24559,0.0,1.63,1.8
2024-08-12,20.6,11.6,27.9,25963,0.0,1.46,1.6
2024-08-13,23.0,14.8,30.6,25022,0.0,1.76,2.1
2024-08-14,24.0,17.3,33.0,23153,1.2,2.07,1.8
2024-08-15,22.8,18.2,28.1,19092,0.0,2.09,1.7
2024-08-16,22.9,16.8,30.4,19445,0.2,1.97,1.9
2024-08-17,21.6,17.1,27.6,11856,3.0,1.95,1.5
2024-08-18,19.0,16.4,23.1,9479,0.0,1.83,1.7
2024-08-19,17.9,12.2,23.9,15908,0.0,1.45,1.7
2024-08-20,20.3,11.1,27.5,21715,0.0,1.4,1.8
2024-08-21,19.3,12.7,24.0,16150,0.0,1.49,3.2
2024-08-22,18.5,13.3,24.5,13110,0.0,1.54,2.3
2024-08-23,22.7,15.9,30.0,19185,0.0,1.88,3.2
2024-08-24,24.7,16.3,32.6,21405,0.0,1.96,2.6
2024-08-25,20.1,11.1,28.6,14037,0.0,1.44,2.8
2024-08-26,17.8,9.1,26.0,20683,0.0,1.24,1.6
2024-08-27,19.4,9.6,27.6,22084,0.0,1.3,1.7
2024-08-28,22.9,12.7,30.8,21934,0.0,1.6,1.8
2024-08-29,26.4,18.6,34.4,21019,0.0,2.24,1.6
2024-08-30,21.2,14.3,26.8,11758,2.0,1.67,1.9
