Date,TempMean,TempMin,TempMax,Radiation,Precipitation,VapPressure,Windspeed
2000-01-01,1.6,-0.9,2.3,1713,1.7,0.55,2.1
2000-01-02,3.8,2.1,4.3,1727,0.0,0.69,2.3
2000-01-03,6.0,3.7,6.8,1742,0.0,0.77,3.2
2000-01-04,5.2,4.4,6.3,1758,3.5,0.81,3.3
2000-01-05,2.4,-0.4,6.3,4055,0.0,0.58,3.1
2000-01-06,2.2,-1.6,5.1,4260,0.6,0.53,2.7
2000-01-07,4.0,2.1,7.3,2371,0.0,0.69,2.3
2000-01-08,4.2,-0.3,5.8,3518,1.5,0.59,2.9
2000-01-09,4.2,3.0,5.4,1857,0.0,0.73,1.7
2000-01-10,1.6,0.0,3.4,1880,0.0,0.59,1.7
2000-01-11,-0.2,-2.3,3.3,3807,0.0,0.5,2.2
2000-01-12,-1.2,-4.0,2.0,4519,0.0,0.44,2.7
2000-01-13,-3.9,-5.4,0.2,4840,0.0,0.4,2.6
2000-01-14,-1.0,-5.6,-0.5,1985,0.0,0.39,1.5
2000-01-15,-1.5,-2.6,0.3,2014,0.0,0.49,1.6
2000-01-16,2.5,-4.0,3.9,2045,1.0,0.45,2.5
2000-01-17,7.1,3.7,7.5,2077,1.5,0.77,5.4
2000-01-18,3.7,1.4,7.4,3387,2.3,0.66,5.4
2000-01-19,-0.2,-1.6,2.6,4966,0.2,0.52,2.8
2000-01-20,3.6,-3.4,4.4,2179,5.8,0.47,4.1
2000-01-21,-1.4,-4.0,4.4,4855,1.3,0.45,4.2
2000-01-22,-2.3,-3.9,-1.0,2253,4.0,0.44,2.6
2000-01-23,-6.6,-9.9,-1.2,5892,0.1,0.29,2.1
2000-01-24,-5.9,-8.6,-1.2,4051,0.0,0.32,1.4
2000-01-25,-5.5,-10.8,-1.9,3447,0.1,0.27,1.9
2000-01-26,1.6,-5.5,2.7,2415,0.3,0.4,2.8
2000-01-27,2.2,1.5,3.2,2459,0.0,0.65,3.4
2000-01-28,1.4,0.8,2.7,2504,0.4,0.63,4.2
2000-01-29,5.2,0.3,7.7,2550,8.6,0.61,6.5
2000-01-30,4.3,2.2,7.0,5258,4.4,0.7,5.8
2000-01-31,7.8,3.2,11.5,5118,1.5,0.77,5.9
2000-02-01,8.2,5.5,10.1,2695,1.4,0.88,3.6
2000-02-02,6.1,5.0,7.9,2745,4.0,0.84,3.8
2000-02-03,3.3,1.2,7.6,5249,0.7,0.65,3.9
2000-02-04,5.8,-1.0,7.6,3196,0.6,0.56,3.9
2000-02-05,6.5,4.8,8.3,2904,0.0,0.83,3.5
2000-02-06,7.8,5.0,13.5,5681,0.1,0.87,2.7
2000-02-07,7.3,4.9,10.4,3615,0.4,0.84,4.3
2000-02-08,8.7,5.8,9.8,3498,5.2,0.9,5.5
2000-02-09,5.1,3.3,9.5,3746,2.7,0.76,5.9
2000-02-10,6.6,4.2,9.1,4932,2.2,0.8,4.0
2000-02-11,3.5,0.9,8.8,5454,0.0,0.64,2.7
2000-02-12,2.6,-1.5,7.4,8982,0.2,0.54,3.4
2000-02-13,2.3,0.7,3.8,3764,6.3,0.62,3.9
2000-02-14,1.9,0.3,5.9,5920,0.4,0.61,2.9
2000-02-15,3.9,0.1,9.4,4232,0.2,0.62,3.2
2000-02-16,2.5,0.7,5.3,4173,0.9,0.62,3.9
2000-02-17,1.5,-1.9,5.0,5938,0.0,0.52,2.9
2000-02-18,1.9,-1.4,6.0,5897,0.3,0.54,3.0
2000-02-19,2.1,1.1,4.0,3775,2.1,0.63,2.6
2000-02-20,1.0,-0.1,3.2,4896,0.1,0.58,2.5
2000-02-21,-0.8,-2.6,2.9,6538,0.0,0.49,1.4
2000-02-22,0.0,-3.5,1.2,3987,1.6,0.46,1.7
2000-02-23,1.7,0.3,6.6,4857,0.0,0.61,1.5
2000-02-24,3.4,-1.6,6.6,4133,4.9,0.54,3.2
2000-02-25,2.6,0.7,4.3,4504,1.5,0.62,3.4
2000-02-26,4.7,2.0,6.6,4882,0.0,0.68,2.1
2000-02-27,5.5,-0.2,10.1,11335,0.0,0.61,2.7
2000-02-28,9.8,5.4,17.9,10184,2.3,0.93,4.4
2000-02-29,6.1,2.7,10.4,7301,2.0,0.73,4.0
2000-03-01,5.3,3.0,9.2,6077,0.0,0.74,4.1
2000-03-02,3.4,1.7,7.4,8626,4.6,0.67,4.3
2000-03-03,4.3,2.3,10.1,4906,1.7,0.71,6.1
2000-03-04,1.1,0.3,5.5,8059,0.3,0.6,4.6
2000-03-05,1.6,-0.3,4.5,6458,0.1,0.58,3.7
2000-03-06,6.1,0.4,9.2,5647,0.0,0.63,3.9
2000-03-07,9.4,6.1,13.4,5819,2.3,0.93,4.8
2000-03-08,10.5,8.6,11.6,5151,5.4,1.08,5.4
2000-03-09,7.9,4.8,12.5,5403,6.1,0.84,5.8
2000-03-10,2.7,-1.3,7.5,10719,3.1,0.56,3.0
2000-03-11,6.1,2.0,10.6,6265,3.0,0.7,4.8
2000-03-12,2.5,1.2,4.8,5483,0.0,0.64,1.7
2000-03-13,7.5,2.1,11.7,7331,1.5,0.71,2.0
2000-03-14,6.8,4.7,10.3,5652,7.9,0.83,3.9
2000-03-15,3.2,0.9,7.5,9596,7.9,0.64,4.8
2000-03-16,2.7,0.5,6.0,6546,5.5,0.62,3.9
2000-03-17,3.2,0.4,7.2,10747,0.0,0.62,3.4
2000-03-18,3.2,-1.1,9.1,15387,0.0,0.57,2.0
2000-03-19,4.7,0.1,10.5,14622,0.0,0.62,2.3
2000-03-20,5.3,1.0,6.6,6164,0.0,0.64,2.1
2000-03-21,5.2,3.8,7.9,7194,0.0,0.77,1.6
2000-03-22,6.9,-0.1,13.0,14898,0.0,0.63,1.6
2000-03-23,7.3,3.7,14.1,14092,0.0,0.81,1.5
2000-03-24,7.1,1.3,11.1,9020,0.2,0.68,2.7
2000-03-25,9.5,5.1,13.9,7470,0.0,0.88,2.1
2000-03-26,7.9,6.1,15.6,8935,3.0,0.94,2.0
2000-03-27,5.2,4.6,7.5,6767,0.6,0.82,1.9
2000-03-28,5.9,3.3,7.5,6853,5.1,0.75,3.0
2000-03-29,7.3,4.8,8.6,6938,0.0,0.83,3.8
2000-03-30,6.1,5.5,8.5,7024,2.2,0.88,3.7
2000-03-31,4.8,4.3,6.0,7110,0.5,0.79,1.9
2000-04-01,7.4,1.3,10.9,7297,0.0,0.67,1.5
2000-04-02,8.1,2.4,14.2,13962,0.0,0.74,1.8
2000-04-03,10.6,2.9,19.1,19467,0.0,0.81,2.6
2000-04-04,8.3,5.3,12.0,9322,1.4,0.87,2.2
2000-04-05,4.1,2.1,8.4,10569,0.0,0.7,3.2
2000-04-06,5.4,-1.2,11.4,20674,0.0,0.58,2.8
2000-04-07,5.2,1.1,8.4,8230,0.0,0.65,2.5
2000-04-08,5.8,0.8,8.2,7890,0.0,0.64,1.5
2000-04-09,5.3,3.3,10.7,18144,0.0,0.76,2.6
2000-04-10,5.9,-0.6,12.2,17850,0.0,0.6,2.0
2000-04-11,7.0,0.5,13.7,16901,0.0,0.66,1.8
2000-04-12,5.6,2.2,11.1,8764,6.0,0.71,2.9
2000-04-13,8.5,1.3,14.0,14748,0.7,0.69,3.5
2000-04-14,7.0,5.5,10.9,9150,3.9,0.88,2.6
2000-04-15,12.0,3.2,20.7,14087,15.7,0.83,2.4
2000-04-16,9.7,5.2,15.7,17848,0.0,0.89,2.7
2000-04-17,14.2,5.1,23.0,17189,0.0,0.96,2.8
2000-04-18,13.8,9.8,19.6,15515,0.9,1.2,1.9
2000-04-19,12.6,10.0,18.8,12590,2.6,1.22,1.7
2000-04-20,14.4,8.1,20.5,19894,0.0,1.1,1.5
2000-04-21,18.4,9.4,25.8,21032,0.0,1.26,1.9
2000-04-22,20.0,12.5,26.7,22630,0.0,1.51,2.1
2000-04-23,22.2,14.2,30.2,21158,0.0,1.71,1.9
2000-04-24,15.4,11.5,22.3,19330,0.0,1.38,2.6
2000-04-25,10.4,9.4,13.0,9106,0.0,1.14,1.7
2000-04-26,16.3,7.2,23.4,23691,0.0,1.09,2.3
2000-04-27,20.3,11.4,26.5,20804,0.0,1.42,2.2
2000-04-28,20.4,15.1,27.2,13722,0.0,1.76,2.8
2000-04-29,21.6,14.6,29.2,22875,2.2,1.74,2.3
2000-04-30,18.6,13.6,29.2,19250,2.9,1.65,1.4
2000-05-01,18.0,12.2,25.4,17122,0.6,1.47,1.8
2000-05-02,17.1,13.5,23.9,24832,0.0,1.56,2.3
2000-05-03,14.4,7.8,22.1,25055,0.0,1.12,1.7
2000-05-04,16.1,9.4,24.5,24333,0.0,1.23,1.5
2000-05-05,18.0,9.0,25.9,26086,0.0,1.23,1.9
2000-05-06,18.7,9.4,26.8,26305,0.0,1.27,2.2
2000-05-07,19.9,12.6,27.7,26165,0.0,1.53,2.3
2000-05-08,21.7,13.7,29.5,25189,0.0,1.65,1.9
2000-05-09,20.2,13.1,27.3,24921,0.0,1.57,1.4
2000-05-10,20.1,14.3,27.7,22618,1.9,1.68,1.3
2000-05-11,20.0,12.3,27.4,26411,0.0,1.5,1.9
2000-05-12,14.6,10.8,20.7,27455,0.0,1.29,2.6
2000-05-13,15.0,6.8,22.1,27900,0.0,1.04,1.8
2000-05-14,19.0,9.4,27.1,28223,0.0,1.29,1.5
2000-05-15,22.5,13.1,29.7,28183,0.0,1.62,1.3
2000-05-16,23.6,14.2,31.7,25000,0.0,1.73,1.5
2000-05-17,20.7,15.2,31.8,21804,1.4,1.83,2.6
2000-05-18,14.5,11.1,20.3,14237,0.1,1.31,2.3
2000-05-19,10.7,6.5,16.7,16713,17.6,0.98,2.4
2000-05-20,9.9,8.2,13.5,13851,2.2,1.05,2.2
2000-05-21,13.3,7.3,17.7,18519,1.4,1.04,1.5
2000-05-22,11.4,10.0,12.9,10658,9.4,1.18,2.2
2000-05-23,13.9,7.4,19.6,18985,0.0,1.06,1.8
2000-05-24,17.0,10.0,20.7,13421,0.0,1.23,2.1
2000-05-25,16.1,12.8,21.7,11874,1.2,1.47,3.2
2000-05-26,15.5,7.6,20.6,25845,0.0,1.08,2.2
2000-05-27,13.2,10.6,22.2,16474,2.9,1.31,3.4
2000-05-28,14.9,7.3,20.4,18471,0.0,1.06,3.8
2000-05-29,11.3,8.2,17.2,21817,1.2,1.08,3.6
2000-05-30,11.9,6.6,16.6,18668,0.6,0.97,1.9
2000-05-31,13.7,7.8,20.1,23855,0.0,1.09,1.5
2000-06-01,17.6,8.3,22.3,20331,0.0,1.14,2.1
2000-06-02,22.8,15.2,29.8,29452,0.0,1.81,2.3
2000-06-03,21.6,14.2,26.9,27152,13.7,1.65,1.6
2000-06-04,21.0,14.8,27.8,20913,0.0,1.73,2.1
2000-06-05,18.7,15.7,23.6,15035,0.8,1.76,1.7
2000-06-06,14.9,13.6,17.3,11612,0.0,1.5,2.9
2000-06-07,14.2,9.9,19.3,19633,0.0,1.21,3.0
2000-06-08,15.8,7.4,22.0,28149,0.0,1.08,1.8
2000-06-09,21.3,11.0,28.9,30880,0.0,1.43,2.6
2000-06-10,25.9,15.4,33.5,27080,0.0,1.9,1.9
2000-06-11,21.3,18.1,29.4,22414,2.7,2.1,2.2
2000-06-12,18.5,13.5,23.8,25633,0.0,1.55,2.3
2000-06-13,23.9,13.6,31.3,30575,0.0,1.69,2.1
2000-06-14,20.5,14.9,26.2,19121,2.8,1.71,1.8
2000-06-15,15.0,12.5,19.5,15677,0.6,1.43,2.9
2000-06-16,13.0,9.1,18.0,20491,0.0,1.14,3.2
2000-06-17,14.9,6.8,21.5,27153,0.0,1.05,1.7
2000-06-18,19.6,9.4,27.3,24566,0.0,1.27,1.5
2000-06-19,25.9,14.2,34.2,30730,0.0,1.78,1.5
2000-06-20,28.3,18.2,36.7,29496,0.0,2.27,1.5
2000-06-21,29.1,21.0,37.0,25794,0.0,2.63,1.9
2000-06-22,20.7,18.3,31.0,20736,4.8,2.14,2.4
2000-06-23,17.9,14.8,24.5,20975,0.0,1.69,2.7
2000-06-24,13.7,11.5,19.3,13699,1.2,1.33,2.5
2000-06-25,14.3,11.3,18.0,11966,0.2,1.31,3.1
2000-06-26,12.7,10.5,17.2,14419,0.3,1.24,3.5
2000-06-27,12.7,9.9,16.0,13914,0.6,1.18,3.3
2000-06-28,12.6,9.4,17.0,14147,0.1,1.17,2.7
2000-06-29,12.6,9.4,15.6,11549,0.0,1.15,2.5
2000-06-30,13.2,10.6,16.5,11410,0.2,1.25,2.5
2000-07-01,18.3,8.0,24.8,23559,0.9,1.16,2.1
2000-07-02,17.4,13.3,23.1,16656,0.0,1.52,1.4
2000-07-03,19.3,14.9,25.8,13932,1.4,1.71,1.9
2000-07-04,17.8,13.9,23.9,15013,0.0,1.59,1.8
2000-07-05,17.7,15.4,22.4,12045,8.0,1.72,2.9
2000-07-06,16.8,14.3,22.9,14348,0.1,1.61,2.2
2000-07-07,17.6,9.9,22.6,19586,0.0,1.25,1.9
2000-07-08,14.5,12.6,18.6,11721,0.0,1.42,2.6
2000-07-09,16.7,11.0,22.2,16705,0.5,1.34,2.8
2000-07-10,16.5,13.3,21.6,15204,3.5,1.52,3.2
2000-07-11,18.0,13.7,23.4,16390,0.0,1.56,3.0
2000-07-12,14.6,12.6,18.2,11839,0.0,1.42,3.4
2000-07-13,14.3,9.3,21.4,18627,0.4,1.19,2.9
2000-07-14,15.0,12.5,19.7,12741,4.9,1.42,2.6
2000-07-15,14.9,10.9,19.4,20120,0.0,1.3,2.1
2000-07-16,16.8,9.3,21.9,17399,0.0,1.2,1.7
2000-07-17,16.6,13.4,21.7,18322,0.0,1.53,2.0
2000-07-18,14.3,12.6,16.3,10759,0.2,1.41,2.5
2000-07-19,14.3,12.4,16.1,10716,0.2,1.39,3.2
2000-07-20,16.4,12.6,20.3,12002,0.7,1.44,3.0
2000-07-21,14.6,11.8,16.7,10507,3.7,1.35,2.6
2000-07-22,15.2,13.4,18.0,12148,5.2,1.49,1.7
2000-07-23,17.4,12.1,24.2,21122,0.0,1.44,1.2
2000-07-24,20.8,13.3,26.0,21657,0.1,1.56,1.7
2000-07-25,18.6,16.2,26.3,14752,2.8,1.84,2.4
2000-07-26,18.6,16.3,24.6,14095,0.2,1.83,2.0
2000-07-27,19.8,15.9,24.6,16187,1.6,1.79,1.7
2000-07-28,18.3,15.9,22.6,12902,1.6,1.77,2.2
2000-07-29,15.5,14.1,17.3,10103,9.3,1.56,2.4
2000-07-30,16.5,14.1,19.5,11949,0.0,1.57,2.3
2000-07-31,16.0,14.1,20.2,13192,0.0,1.57,1.7
2000-08-01,20.9,11.0,27.1,22710,0.0,1.4,1.5
2000-08-02,18.1,16.0,24.8,13769,5.6,1.81,2.1
2000-08-03,18.8,12.2,25.1,19470,0.0,1.45,1.8
2000-08-04,18.8,14.0,25.9,21970,0.5,1.63,1.4
2000-08-05,19.0,12.6,26.0,24923,0.0,1.49,1.6
2000-08-06,18.2,11.7,25.3,24236,0.4,1.43,2.0
2000-08-07,16.3,14.1,21.3,19237,0.0,1.57,2.4
2000-08-08,15.9,10.8,18.8,11357,0.9,1.28,1.8
2000-08-09,15.4,9.9,21.9,23802,0.0,1.25,1.6
2000-08-10,19.3,12.0,27.0,12138,1.7,1.47,2.0
2000-08-11,17.9,16.2,21.9,9527,0.1,1.79,1.9
2000-08-12,19.0,14.4,25.3,17150,0.0,1.65,1.2
2000-08-13,22.0,15.3,30.2,23464,0.0,1.81,1.1
2000-08-14,24.8,15.5,32.8,24600,0.0,1.89,1.3
2000-08-15,22.4,17.6,30.6,18109,11.5,2.05,1.9
2000-08-16,20.1,16.2,25.8,15625,8.6,1.83,1.9
2000-08-17,19.8,15.1,26.0,19928,3.1,1.73,2.0
2000-08-18,19.3,15.8,24.6,14979,15.8,1.78,1.5
2000-08-19,19.9,16.8,26.3,13872,3.8,1.89,1.7
2000-08-20,20.4,17.3,26.7,14780,20.4,1.97,1.7
2000-08-21,17.9,14.8,23.6,12013,0.5,1.68,2.0
2000-08-22,16.4,13.0,22.4,18004,2.4,1.49,1.4
2000-08-23,15.7,12.8,21.7,19426,0.0,1.47,1.6
2000-08-24,16.9,10.4,22.6,18970,0.0,1.28,2.2
2000-08-25,16.3,14.3,21.0,14915,0.0,1.61,1.9
2000-08-26,16.7,9.6,23.0,22840,0.0,1.24,2.8
2000-08-27,18.9,11.7,25.0,19556,0.2,1.41,2.4
2000-08-28,16.2,13.6,18.6,8021,26.3,1.52,1.7
2000-08-29,17.2,12.3,23.5,16391,0.2,1.45,1.3
2000-08-30,16.6,13.2,22.5,18607,0.3,1.51,1.3
2000-08-31,16.7,14.0,22.3,13387,0.8,1.59,1.3
2000-09-01,17.1,12.0,24.0,16328,1.9,1.43,1.8
2000-09-02,13.7,12.9,18.7,9916,26.7,1.46,2.9
2000-09-03,13.5,12.3,14.2,7530,5.3,1.37,3.6
2000-09-04,11.7,9.5,16.0,9413,2.0,1.16,2.2
2000-09-05,12.5,9.5,17.1,9214,4.1,1.18,1.6
2000-09-06,14.7,9.5,19.7,14742,7.6,1.18,2.4
2000-09-07,14.6,11.3,19.7,11767,0.0,1.33,2.3
2000-09-08,16.1,10.9,19.4,7111,0.4,1.3,2.1
2000-09-09,18.8,15.2,23.2,8831,0.1,1.71,1.5
2000-09-10,17.7,15.0,22.7,11325,0.0,1.67,1.2
2000-09-11,15.0,12.2,19.3,9330,0.0,1.39,1.3
2000-09-12,17.1,10.1,22.8,12865,0.0,1.26,1.9
2000-09-13,17.3,14.9,22.7,9516,0.4,1.67,2.2
2000-09-14,14.9,13.1,19.4,7183,0.9,1.47,1.4
2000-09-15,15.1,12.3,19.1,10940,0.0,1.4,2.1
2000-09-16,13.6,11.9,18.5,7767,6.6,1.36,3.0
2000-09-17,11.5,9.5,13.2,6346,0.0,1.15,2.0
2000-09-18,10.7,8.5,16.9,15379,0.0,1.09,2.1
2000-09-19,9.2,4.8,14.0,15223,0.0,0.86,3.0
2000-09-20,10.2,6.0,12.2,8774,0.0,0.92,3.1
2000-09-21,12.0,7.6,17.9,15642,0.0,1.05,2.8
2000-09-22,11.3,6.2,18.8,12384,0.0,0.98,1.6
2000-09-23,11.5,8.6,19.2,15765,0.0,1.12,2.3
2000-09-24,10.4,5.0,16.8,15686,0.0,0.89,2.4
2000-09-25,12.5,5.0,19.5,12500,1.6,0.91,1.5
2000-09-26,14.1,10.8,19.9,6992,0.0,1.28,1.5
2000-09-27,16.8,10.1,24.6,11951,0.3,1.3,1.8
2000-09-28,18.1,13.9,23.2,11032,0.0,1.57,2.2
2000-09-29,17.0,12.0,24.2,14321,0.0,1.44,2.2
2000-09-30,17.0,11.4,23.7,13901,0.0,1.37,2.0
2000-10-01,16.6,11.0,23.3,12310,4.2,1.34,1.6
2000-10-02,14.7,12.6,19.2,8085,0.0,1.44,1.9
2000-10-03,14.4,8.9,20.6,13246,0.0,1.16,1.5
2000-10-04,15.3,12.6,19.9,6969,0.0,1.44,1.2
2000-10-05,15.5,12.0,19.6,5416,1.1,1.38,1.2
2000-10-06,11.1,9.7,14.5,4772,1.6,1.17,2.1
2000-10-07,9.1,7.9,10.9,4693,7.5,1.03,1.3
2000-10-08,9.7,7.5,12.1,5320,0.3,1.0,1.9
2000-10-09,9.7,8.2,11.1,4538,0.2,1.05,1.9
2000-10-10,9.0,6.3,11.0,4538,1.0,0.93,3.7
2000-10-11,11.9,5.5,15.2,5371,1.6,0.91,3.6
2000-10-12,11.4,9.0,15.9,6636,0.0,1.12,2.2
2000-10-13,13.0,9.7,16.4,6684,0.0,1.18,1.4
2000-10-14,12.9,9.7,18.5,8345,0.0,1.2,1.3
2000-10-15,13.8,10.5,15.3,4089,0.0,1.23,2.4
2000-10-16,14.2,10.9,19.0,8036,0.0,1.3,2.7
2000-10-17,12.5,10.0,16.4,5649,0.0,1.21,1.8
2000-10-18,10.7,8.5,14.7,7172,0.0,1.09,1.4
2000-10-19,11.0,9.4,14.9,4430,0.0,1.15,1.7
2000-10-20,10.0,6.5,14.0,3943,0.0,0.95,1.8
2000-10-21,10.6,6.7,16.6,9225,0.0,0.99,2.2
2000-10-22,12.0,6.4,18.4,9763,0.0,0.98,1.5
2000-10-23,10.7,5.4,16.6,9625,0.7,0.91,2.1
2000-10-24,12.1,8.9,15.9,4976,0.0,1.12,3.5
2000-10-25,12.1,9.6,14.6,3408,0.1,1.16,3.9
2000-10-26,9.5,6.9,14.3,3792,1.9,0.98,3.4
2000-10-27,9.8,5.9,12.3,4040,0.6,0.91,3.0
2000-10-28,11.4,9.2,13.1,3222,0.3,1.12,2.6
2000-10-29,11.3,8.3,16.3,5872,0.0,1.08,4.0
2000-10-30,13.4,7.9,15.0,3104,0.0,1.05,5.3
2000-10-31,10.7,9.5,16.1,3046,0.0,1.16,3.9
2000-11-01,9.0,5.6,13.9,6493,0.0,0.9,3.5
2000-11-02,8.6,4.0,12.8,7334,0.0,0.81,3.2
2000-11-03,8.0,6.2,10.2,2938,1.7,0.92,2.3
2000-11-04,7.1,4.6,12.5,4716,0.0,0.84,2.2
2000-11-05,4.5,1.4,10.2,5602,0.0,0.67,2.3
2000-11-06,6.0,1.0,7.8,4176,2.4,0.64,3.4
2000-11-07,9.2,7.0,14.0,6372,0.0,0.99,2.7
2000-11-08,8.7,5.0,13.2,5516,0.0,0.86,3.3
2000-11-09,6.8,5.0,12.1,5110,0.1,0.86,3.2
2000-11-10,5.8,3.2,10.4,5886,0.0,0.75,3.1
2000-11-11,6.2,3.3,9.6,6170,0.0,0.76,3.0
2000-11-12,7.6,2.7,11.9,4626,0.0,0.74,3.2
2000-11-13,9.3,7.4,11.8,2450,0.1,1.0,2.2
2000-11-14,9.0,6.9,11.0,2408,8.1,0.96,1.4
2000-11-15,7.0,5.3,10.4,4678,0.0,0.86,2.1
2000-11-16,4.4,2.8,9.9,5407,0.2,0.74,2.5
2000-11-17,3.6,0.3,4.4,2239,2.6,0.61,1.7
2000-11-18,3.6,2.2,7.2,4583,0.0,0.69,3.0
2000-11-19,3.6,1.7,7.8,5675,0.4,0.67,3.5
2000-11-20,5.3,0.2,9.1,3986,0.0,0.62,2.5
2000-11-21,5.2,2.8,6.1,2098,4.6,0.72,1.9
2000-11-22,7.4,2.1,9.4,3324,0.0,0.7,3.0
2000-11-23,6.3,3.4,9.9,3787,0.0,0.76,2.4
2000-11-24,5.4,2.0,7.7,2735,0.0,0.69,2.2
2000-11-25,5.4,3.5,6.2,1976,0.4,0.75,1.9
2000-11-26,4.0,2.8,5.7,3248,0.0,0.72,2.9
2000-11-27,6.3,2.5,8.1,2366,0.0,0.72,2.5
2000-11-28,6.6,1.2,8.4,1897,0.8,0.65,2.5
2000-11-29,9.5,7.9,12.7,3532,0.0,1.04,2.3
2000-11-30,8.5,6.1,11.9,2326,0.0,0.92,1.8
2000-12-01,4.8,2.8,8.1,3462,0.0,0.73,2.3
2000-12-02,7.2,3.2,9.3,1850,0.2,0.75,1.9
2000-12-03,7.3,2.5,9.2,3483,0.0,0.72,2.2
2000-12-04,4.4,2.6,8.6,4000,0.0,0.72,2.3
2000-12-05,5.7,3.5,10.1,3677,0.0,0.77,2.4
2000-12-06,2.9,0.5,7.2,3566,0.0,0.62,2.4
2000-12-07,4.7,2.2,8.9,3996,0.0,0.71,2.6
2000-12-08,8.2,3.3,9.7,1709,0.5,0.76,3.0
2000-12-09,6.9,5.6,10.8,3988,0.0,0.88,2.7
2000-12-10,7.3,4.1,8.7,2460,2.1,0.8,3.6
2000-12-11,8.5,7.0,9.7,1675,2.5,0.97,3.9
2000-12-12,11.6,8.3,13.2,1666,1.0,1.06,3.3
2000-12-13,10.9,8.8,13.7,2545,0.5,1.09,5.4
2000-12-14,7.9,6.0,10.0,1933,0.9,0.91,4.3
2000-12-15,5.1,3.4,7.4,2649,2.7,0.75,4.5
2000-12-16,3.6,1.4,5.4,1642,2.8,0.65,4.7
2000-12-17,3.5,3.0,4.3,1639,1.8,0.73,2.3
2000-12-18,1.2,-0.2,3.5,2556,0.0,0.58,1.5
2000-12-19,1.0,-1.9,1.7,1636,0.0,0.51,1.4
2000-12-20,-1.2,-2.5,1.1,1636,0.0,0.49,3.1
2000-12-21,-1.5,-2.9,-0.3,3156,0.0,0.47,2.9
2000-12-22,-4.4,-6.2,-1.3,3280,0.0,0.37,2.4
2000-12-23,-3.3,-7.3,-0.5,4048,0.0,0.35,1.7
2000-12-24,-1.6,-2.9,-0.8,1648,6.6,0.48,1.6
2000-12-25,-0.8,-1.5,-0.2,1654,1.1,0.52,1.8
2000-12-26,-1.8,-2.3,-0.7,1661,7.4,0.49,1.8
2000-12-27,0.7,-2.1,1.3,1709,0.1,0.5,1.7
2000-12-28,0.3,-0.2,2.0,1678,0.0,0.58,2.4
2000-12-29,-1.6,-3.2,1.2,2954,0.0,0.47,2.8
2000-12-30,-0.8,-3.2,1.0,3299,0.8,0.47,2.3
2000-12-31,-0.5,-3.0,0.6,2537,0.3,0.47,2.4
2001-01-01,-0.9,-6.4,1.2,2743,2.2,0.38,3.2
2001-01-02,2.7,0.1,3.9,1934,0.0,0.6,2.9
2001-01-03,3.9,1.7,8.0,2951,0.2,0.68,3.1
2001-01-04,2.7,-0.6,3.9,2723,0.7,0.56,3.1
2001-01-05,4.8,3.1,5.6,2451,8.0,0.74,3.8
2001-01-06,6.4,4.0,9.7,2177,2.0,0.8,3.4
2001-01-07,3.9,2.0,7.2,3355,0.0,0.69,2.4
2001-01-08,1.7,-0.1,6.4,3733,0.0,0.6,2.0
2001-01-09,3.4,-0.8,4.6,1857,0.0,0.56,2.4
2001-01-10,2.1,0.9,4.2,1968,0.0,0.63,1.6
2001-01-11,-1.0,-3.5,2.4,5001,0.0,0.46,1.9
2001-01-12,-0.6,-3.4,-0.3,1930,0.0,0.46,1.8
2001-01-13,-2.2,-3.9,-0.7,1957,0.0,0.44,2.2
2001-01-14,-2.5,-3.1,-1.7,1985,0.0,0.47,2.2
2001-01-15,-1.8,-3.4,0.2,2244,0.0,0.46,2.4
2001-01-16,-3.0,-5.8,1.1,4734,0.0,0.39,1.8
2001-01-17,-3.8,-6.9,-0.4,5028,0.0,0.36,1.9
2001-01-18,-2.5,-7.2,0.1,4571,0.1,0.35,1.8
2001-01-19,-2.2,-4.3,0.8,2526,0.0,0.43,1.4
2001-01-20,-1.4,-5.9,0.6,2179,0.0,0.39,1.4
2001-01-21,-0.2,-3.7,0.4,2215,0.0,0.45,1.8
2001-01-22,-0.5,-1.8,0.3,2253,2.4,0.52,3.1
2001-01-23,1.7,-0.3,3.1,2291,2.0,0.58,3.2
2001-01-24,4.0,1.3,5.7,2331,3.1,0.65,3.6
2001-01-25,3.7,1.4,8.9,4215,0.3,0.66,2.4
2001-01-26,4.0,0.1,8.8,5314,0.0,0.61,2.5
2001-01-27,1.9,-1.5,4.2,3349,4.3,0.54,3.3
2001-01-28,2.5,0.9,3.1,2504,2.4,0.63,2.2
2001-01-29,2.1,1.5,3.0,2550,0.9,0.65,1.3
2001-01-30,0.5,-0.5,1.7,2597,0.4,0.56,1.0
2001-01-31,0.9,-0.7,2.7,2975,0.0,0.56,1.2
2001-02-01,-0.7,-1.8,1.0,2695,2.1,0.51,2.1
2001-02-02,-2.4,-3.7,-0.1,3590,0.4,0.45,2.2
2001-02-03,-5.0,-8.7,-3.4,4166,2.6,0.31,2.7
2001-02-04,-4.6,-5.1,-3.5,2850,8.2,0.4,3.3
2001-02-05,2.6,-5.9,5.2,3080,2.1,0.4,4.3
2001-02-06,10.0,4.2,11.8,3078,3.0,0.82,3.6
2001-02-07,9.2,8.1,11.3,3255,0.4,1.04,2.6
2001-02-08,9.8,6.5,13.1,3073,0.0,0.95,3.1
2001-02-09,3.3,2.1,9.1,3132,0.0,0.7,2.4
2001-02-10,0.2,-3.4,5.4,5677,0.0,0.47,1.3
2001-02-11,6.6,-2.0,9.5,3252,0.3,0.54,3.1
2001-02-12,9.8,7.0,11.6,3314,0.9,0.97,3.0
2001-02-13,3.5,1.3,9.8,3441,0.0,0.67,2.5
2001-02-14,1.8,-0.6,3.0,3441,0.0,0.56,2.0
2001-02-15,2.8,-0.4,8.4,7996,0.0,0.59,1.5
2001-02-16,3.7,-2.5,10.8,9587,1.9,0.53,1.5
2001-02-17,1.2,-1.3,4.4,5194,0.0,0.54,2.3
2001-02-18,3.5,-1.6,7.8,4459,0.0,0.54,2.9
2001-02-19,3.4,-0.6,4.3,3775,0.8,0.57,2.9
2001-02-20,4.6,1.1,7.6,9871,0.0,0.65,3.8
2001-02-21,4.1,2.1,9.1,4908,1.8,0.7,5.0
2001-02-22,2.2,0.1,4.9,5493,9.5,0.6,4.9
2001-02-23,-1.7,-3.9,1.8,4567,7.3,0.44,2.9
2001-02-24,-6.5,-8.4,-1.0,9121,0.6,0.32,1.6
2001-02-25,-2.1,-9.6,0.5,4355,0.2,0.3,2.2
2001-02-26,-2.2,-5.3,3.3,7057,0.3,0.41,2.2
2001-02-27,-1.9,-7.7,3.8,8225,0.0,0.35,2.5
2001-02-28,-1.1,-6.2,5.4,11411,0.0,0.4,2.1
2001-03-01,1.7,-2.6,7.6,9394,0.6,0.51,2.2
2001-03-02,0.5,-0.7,3.5,5215,0.0,0.56,2.1
2001-03-03,1.0,-1.7,5.6,9972,0.4,0.53,2.0
2001-03-04,0.0,-1.4,0.4,4746,3.3,0.53,2.5
2001-03-05,0.5,-0.9,4.8,5634,0.1,0.56,1.7
2001-03-06,-0.1,-4.0,6.1,12664,0.0,0.46,2.2
2001-03-07,2.4,-4.8,7.3,9606,0.0,0.44,2.4
2001-03-08,7.4,3.6,11.8,7151,2.4,0.78,2.1
2001-03-09,9.2,5.3,14.1,6244,0.4,0.89,2.7
2001-03-10,9.5,6.6,14.3,6847,1.0,0.96,2.7
2001-03-11,10.0,8.0,13.4,5402,0.2,1.04,2.8
2001-03-12,10.6,8.8,14.4,5486,1.4,1.11,3.0
2001-03-13,7.0,5.4,12.0,11512,0.2,0.87,3.6
2001-03-14,4.2,3.1,8.3,7155,5.4,0.74,3.9
2001-03-15,5.2,3.0,10.6,9567,0.0,0.74,2.3
2001-03-16,3.9,2.2,11.1,7442,0.1,0.71,1.7
2001-03-17,3.0,2.0,5.3,5822,0.6,0.68,2.5
2001-03-18,2.3,0.6,3.1,5907,4.1,0.62,3.3
2001-03-19,2.6,0.1,8.0,6821,4.0,0.61,5.0
2001-03-20,-0.8,-3.4,4.4,13229,0.0,0.47,2.1
2001-03-21,-0.2,-4.9,4.6,13374,0.0,0.43,2.5
2001-03-22,1.0,-0.8,2.9,6250,0.7,0.56,3.1
2001-03-23,0.9,0.4,2.0,6336,6.8,0.6,2.8
2001-03-24,1.0,0.4,2.7,6422,0.6,0.6,2.6
2001-03-25,-0.1,-0.4,0.5,6508,12.1,0.57,3.7
2001-03-26,1.0,-2.0,5.6,13602,0.0,0.52,2.9
2001-03-27,-0.7,-5.0,3.2,15799,0.0,0.42,2.7
2001-03-28,1.4,-4.0,6.3,15259,0.0,0.46,3.7
2001-03-29,4.5,0.2,8.5,7250,0.2,0.61,3.6
2001-03-30,6.2,2.0,8.4,6938,0.9,0.69,1.6
2001-03-31,9.6,2.9,15.2,14686,0.0,0.77,2.1
2001-04-01,12.1,7.4,17.0,9850,0.0,1.02,1.9
2001-04-02,14.4,8.5,20.6,18533,0.0,1.13,1.8
2001-04-03,11.9,7.6,20.9,13037,1.7,1.07,2.6
2001-04-04,11.1,4.8,20.3,14295,2.4,0.91,3.2
2001-04-05,8.1,5.1,13.0,13173,0.0,0.87,3.7
2001-04-06,8.4,5.6,11.5,7533,1.0,0.88,3.5
2001-04-07,9.4,7.4,15.3,8881,1.2,1.01,2.6
2001-04-08,9.4,6.2,15.0,12996,0.0,0.94,2.0
2001-04-09,7.3,3.0,12.4,16409,0.0,0.76,2.2
2001-04-10,8.4,3.5,12.3,10115,0.2,0.79,2.4
2001-04-11,9.9,4.6,14.4,8487,0.1,0.85,2.2
2001-04-12,4.4,0.3,10.8,13764,3.1,0.63,3.8
2001-04-13,2.0,0.1,4.2,8111,0.0,0.6,3.3
2001-04-14,2.1,-1.3,6.7,16277,0.1,0.55,2.3
2001-04-15,1.8,-0.9,4.0,8272,2.6,0.55,3.1
2001-04-16,5.9,2.9,9.4,9123,1.0,0.73,2.3
2001-04-17,5.4,3.7,8.0,8430,0.3,0.77,2.5
2001-04-18,5.0,2.3,9.3,9176,1.2,0.71,3.3
2001-04-19,3.9,0.6,8.9,15291,1.7,0.63,2.5
2001-04-20,5.6,-1.2,10.7,16406,0.1,0.57,1.5
2001-04-21,5.9,3.0,10.1,8963,0.1,0.75,2.7
2001-04-22,5.4,3.1,8.5,8813,0.1,0.74,2.0
2001-04-23,8.2,4.7,13.2,12067,0.0,0.84,1.8
2001-04-24,10.7,1.8,17.9,24122,0.0,0.76,2.0
2001-04-25,13.5,5.6,22.9,19101,9.2,0.98,2.5
2001-04-26,10.6,5.8,16.9,14731,0.3,0.94,3.1
2001-04-27,10.3,4.3,16.1,17125,2.8,0.85,1.9
2001-04-28,10.1,6.5,14.9,12137,0.5,0.96,2.7
2001-04-29,12.7,6.6,18.5,14418,0.0,0.99,2.1
2001-04-30,17.7,10.4,26.0,22991,0.0,1.34,1.6
2001-05-01,18.8,10.6,27.3,25081,0.0,1.37,2.3
2001-05-02,15.2,7.1,22.7,25193,0.0,1.07,2.4
2001-05-03,20.1,10.7,30.0,25301,2.5,1.41,2.5
2001-05-04,16.5,11.5,20.9,16117,0.0,1.36,2.4
2001-05-05,9.6,7.2,11.9,9712,9.0,0.99,3.3
2001-05-06,7.3,6.1,8.3,9775,1.3,0.91,3.1
2001-05-07,10.0,5.6,15.3,14101,0.0,0.91,2.4
2001-05-08,13.1,7.8,22.9,18684,2.9,1.12,2.0
2001-05-09,15.6,6.6,23.3,26855,0.0,1.05,2.5
2001-05-10,17.9,10.7,25.1,27068,0.0,1.34,2.3
2001-05-11,16.3,8.4,22.8,27757,0.0,1.14,2.1
2001-05-12,15.4,7.1,22.6,26171,0.0,1.07,1.8
2001-05-13,17.3,9.6,23.9,25776,0.0,1.25,1.7
2001-05-14,19.5,11.6,26.7,25497,0.0,1.44,1.7
2001-05-15,18.2,13.7,22.9,13416,2.9,1.57,2.0
2001-05-16,17.6,12.9,23.7,21069,0.4,1.5,2.6
2001-05-17,14.8,11.4,19.3,15459,1.6,1.33,2.7
2001-05-18,13.4,9.9,18.1,17934,0.2,1.2,3.3
2001-05-19,11.9,7.1,17.4,21504,0.5,1.02,3.0
2001-05-20,11.9,5.4,18.7,26174,0.0,0.93,2.2
2001-05-21,12.5,6.3,18.0,24781,0.0,0.97,2.4
2001-05-22,13.9,8.3,20.2,20951,0.0,1.13,2.3
2001-05-23,16.3,8.2,24.1,29039,0.0,1.17,1.8
2001-05-24,18.4,10.0,25.5,29221,0.0,1.3,1.7
2001-05-25,16.2,9.1,23.4,29280,0.0,1.21,1.8
2001-05-26,17.3,9.6,25.2,24696,0.0,1.28,1.3
2001-05-27,18.2,11.6,24.7,20834,0.4,1.41,2.4
2001-05-28,16.2,14.9,17.5,10847,11.0,1.64,3.2
2001-05-29,18.0,12.6,22.2,22633,0.0,1.45,4.2
2001-05-30,15.3,11.7,19.4,18509,0.1,1.36,2.3
2001-05-31,13.0,10.2,17.4,11925,9.3,1.23,2.4
2001-06-01,12.3,8.6,16.8,16126,0.6,1.11,2.9
2001-06-02,12.3,8.5,15.2,11615,6.2,1.09,3.2
2001-06-03,9.5,7.2,15.5,15081,2.7,1.0,4.3
2001-06-04,10.6,8.3,14.4,11299,2.8,1.07,3.5
2001-06-05,13.2,10.4,16.5,13167,0.0,1.22,1.8
2001-06-06,15.0,10.7,20.2,17126,0.0,1.28,1.8
2001-06-07,14.9,9.4,20.6,15181,0.8,1.19,3.2
2001-06-08,12.2,9.2,15.8,12986,0.2,1.14,1.8
2001-06-09,13.2,8.3,18.7,23717,0.3,1.11,1.4
2001-06-10,11.2,8.0,13.6,11173,1.8,1.04,1.6
2001-06-11,12.3,7.1,18.5,21783,0.2,1.02,2.4
2001-06-12,10.9,7.4,14.3,16007,2.2,1.01,2.6
2001-06-13,13.4,5.7,19.6,26002,0.0,0.96,1.4
2001-06-14,16.1,11.1,22.2,16400,0.8,1.34,1.4
2001-06-15,17.6,10.3,24.3,18505,1.6,1.31,1.8
2001-06-16,18.4,13.0,23.6,17403,0.0,1.5,1.9
2001-06-17,16.5,11.7,24.1,22094,10.5,1.4,2.2
2001-06-18,15.5,12.6,20.0,14331,0.1,1.44,3.0
2001-06-19,14.9,10.1,20.7,19758,0.0,1.25,2.7
2001-06-20,15.8,7.9,23.7,29374,0.0,1.14,1.6
2001-06-21,15.3,12.0,21.7,15197,1.2,1.4,2.3
2001-06-22,12.8,10.7,16.9,16427,6.2,1.25,2.9
2001-06-23,15.1,10.7,20.0,12972,0.6,1.29,2.7
2001-06-24,15.7,11.5,23.1,19127,0.0,1.38,1.9
2001-06-25,16.6,9.9,23.1,29220,0.0,1.25,1.7
2001-06-26,18.6,10.5,25.9,29084,0.0,1.34,1.5
2001-06-27,22.1,14.0,29.4,29316,0.0,1.68,1.9
2001-06-28,18.8,16.7,20.3,11576,2.8,1.84,1.9
2001-06-29,20.0,14.3,25.8,23744,0.0,1.66,1.5
2001-06-30,21.6,14.4,28.7,25939,10.0,1.7,1.6
2001-07-01,18.3,14.2,22.9,19770,0.0,1.61,2.7
2001-07-02,16.1,13.1,20.5,14342,0.0,1.49,2.0
2001-07-03,18.4,11.8,25.0,27342,0.0,1.43,1.8
2001-07-04,21.2,14.1,27.7,25595,0.0,1.65,2.6
2001-07-05,23.9,16.6,30.7,28878,0.0,1.95,2.1
2001-07-06,24.6,17.4,31.8,26514,0.0,2.07,2.3
2001-07-07,24.8,18.2,32.0,19863,2.9,2.16,2.7
2001-07-08,18.7,16.7,23.9,12239,4.4,1.87,2.9
2001-07-09,17.1,14.8,19.4,10987,12.5,1.63,2.6
2001-07-10,19.2,14.1,25.1,18661,0.3,1.63,2.3
2001-07-11,18.1,13.8,23.2,18992,5.3,1.57,3.6
2001-07-12,17.8,12.4,23.1,24447,1.0,1.45,3.2
2001-07-13,18.0,13.6,23.2,19645,1.7,1.56,2.6
2001-07-14,19.1,13.4,24.5,14850,1.0,1.55,2.1
2001-07-15,18.3,14.4,21.7,16028,3.6,1.61,2.1
2001-07-16,13.3,11.4,14.6,10757,12.3,1.31,1.7
2001-07-17,14.5,10.4,18.5,13390,0.0,1.25,1.4
2001-07-18,17.0,10.5,23.0,19656,0.0,1.31,2.4
2001-07-19,18.8,12.1,25.7,25663,0.2,1.46,2.4
2001-07-20,19.6,12.9,25.2,25481,0.0,1.53,2.3
2001-07-21,17.5,14.0,23.0,18770,0.0,1.59,2.2
2001-07-22,21.6,14.4,28.4,22213,0.0,1.71,1.4
2001-07-23,23.4,18.0,30.6,20704,0.0,2.1,1.4
2001-07-24,23.3,16.7,29.7,27139,0.0,1.94,1.4
2001-07-25,22.6,14.9,29.8,22498,0.0,1.77,1.7
2001-07-26,23.1,15.6,30.2,25787,0.0,1.85,1.4
2001-07-27,22.6,14.9,29.9,28103,0.0,1.77,1.2
2001-07-28,24.1,15.3,32.3,27421,12.2,1.84,1.3
2001-07-29,21.2,17.4,26.6,17196,0.1,1.97,1.7
2001-07-30,23.2,15.7,30.1,24509,0.0,1.85,2.1
2001-07-31,20.3,16.9,26.2,14563,13.3,1.92,1.8
2001-08-01,17.9,13.2,23.3,18646,0.0,1.51,1.9
2001-08-02,18.7,12.1,25.4,24248,0.0,1.47,2.1
2001-08-03,21.6,16.2,30.0,15540,3.1,1.89,2.8
2001-08-04,18.5,13.9,23.7,12993,3.0,1.58,2.1
2001-08-05,16.5,13.1,24.0,16918,3.4,1.53,2.8
2001-08-06,16.4,11.2,21.6,16838,2.7,1.33,2.4
2001-08-07,18.4,15.2,23.1,16055,3.6,1.71,2.8
2001-08-08,19.3,14.3,25.1,18188,0.3,1.64,3.5
2001-08-09,17.9,13.6,23.5,19842,0.4,1.56,2.6
2001-08-10,17.1,12.2,22.5,18124,0.0,1.43,2.5
2001-08-11,14.7,10.2,19.5,18031,0.6,1.25,2.1
2001-08-12,17.0,10.9,23.9,11139,4.1,1.35,2.5
2001-08-13,16.8,15.1,18.0,9227,2.5,1.66,2.5
2001-08-14,21.8,17.3,28.2,16482,0.0,2.0,1.6
2001-08-15,26.4,18.1,35.0,24600,0.0,2.19,1.7
2001-08-16,26.6,19.1,35.7,23792,0.0,2.34,2.4
2001-08-17,20.8,16.2,25.8,16532,0.0,1.83,1.6
2001-08-18,17.6,14.3,19.9,8870,0.5,1.58,2.0
2001-08-19,19.7,16.3,26.3,10820,7.4,1.85,1.9
2001-08-20,20.1,15.5,27.4,15104,0.0,1.79,1.6
2001-08-21,19.4,16.6,23.0,8647,0.2,1.86,1.3
2001-08-22,21.9,17.3,28.2,20009,0.0,2.0,1.5
2001-08-23,22.0,16.3,28.7,21100,0.0,1.88,1.5
2001-08-24,23.1,15.7,30.7,17004,0.0,1.86,1.2
2001-08-25,25.0,19.9,31.6,20286,0.0,2.34,1.1
2001-08-26,25.3,18.7,33.3,20698,0.0,2.25,1.4
2001-08-27,18.7,12.9,23.4,11547,8.3,1.51,2.9
2001-08-28,15.0,11.1,18.4,12099,0.0,1.31,3.2
2001-08-29,15.8,11.8,21.8,15763,0.0,1.38,1.9
2001-08-30,17.2,10.9,24.5,20884,0.0,1.36,1.9
2001-08-31,16.0,13.1,18.3,9136,0.0,1.46,1.7
2001-09-01,17.1,13.1,23.0,14446,0.0,1.51,2.3
2001-09-02,15.1,10.9,20.1,11485,0.3,1.3,2.5
2001-09-03,17.4,14.6,21.4,7822,3.5,1.62,2.2
2001-09-04,14.6,11.4,19.2,9611,1.0,1.32,2.3
2001-09-05,13.8,9.5,19.5,14587,0.6,1.19,2.4
2001-09-06,14.9,11.8,18.2,10655,0.1,1.35,2.1
2001-09-07,13.7,11.6,17.2,8710,10.6,1.33,2.9
2001-09-08,11.8,8.3,16.6,11665,5.1,1.09,4.9
2001-09-09,10.2,8.2,12.0,7111,28.4,1.05,5.2
2001-09-10,13.1,10.9,16.7,7227,2.6,1.27,4.9
2001-09-11,11.0,10.3,11.8,6941,11.2,1.2,3.6
2001-09-12,12.2,9.4,18.0,9528,1.9,1.17,2.8
2001-09-13,11.8,9.3,14.7,6968,9.3,1.14,3.1
2001-09-14,11.5,9.7,15.9,7955,0.4,1.17,2.1
2001-09-15,12.5,8.9,17.6,10574,2.2,1.14,2.8
2001-09-16,11.7,8.2,17.0,12479,0.1,1.07,1.9
2001-09-17,10.7,7.6,16.7,11013,0.0,1.05,1.6
2001-09-18,9.7,7.4,11.6,6346,9.7,0.99,1.8
2001-09-19,11.9,7.4,18.2,15473,0.0,1.05,3.1
2001-09-20,12.4,9.6,16.8,6642,3.9,1.18,3.2
2001-09-21,12.6,10.6,17.0,8404,3.5,1.25,2.4
2001-09-22,11.9,10.0,16.5,7842,1.1,1.2,1.7
2001-09-23,12.3,8.8,18.6,13749,0.0,1.13,1.7
2001-09-24,11.2,8.8,13.5,5837,7.6,1.1,2.1
2001-09-25,11.8,10.5,13.1,5753,0.2,1.22,1.4
2001-09-26,11.4,8.6,14.5,5935,0.0,1.09,1.3
2001-09-27,10.2,7.2,12.5,5585,21.0,0.99,1.8
2001-09-28,12.9,11.1,17.0,6984,0.0,1.29,1.4
2001-09-29,14.8,12.0,19.8,10601,0.1,1.39,1.7
2001-09-30,13.5,11.3,15.9,5337,2.7,1.31,2.0
2001-10-01,14.4,12.1,16.7,5254,8.0,1.37,3.3
2001-10-02,17.1,12.7,21.8,6180,2.7,1.47,3.1
2001-10-03,14.9,12.1,17.5,6505,11.8,1.38,2.4
2001-10-04,13.5,8.9,18.5,8881,0.0,1.14,2.6
2001-10-05,12.3,7.5,17.0,9905,0.0,1.04,1.6
2001-10-06,13.5,7.9,20.1,12197,0.0,1.09,1.8
2001-10-07,14.1,10.6,16.8,5091,1.4,1.24,2.0
2001-10-08,14.7,10.3,21.8,10863,1.9,1.28,2.8
2001-10-09,12.8,9.6,18.1,8686,0.0,1.18,2.9
2001-10-10,13.5,9.8,18.6,11045,0.1,1.21,2.9
2001-10-11,13.9,12.6,14.7,4461,2.7,1.41,2.3
2001-10-12,15.4,10.2,20.7,10983,0.0,1.25,1.7
2001-10-13,15.1,9.6,22.1,10012,0.0,1.23,1.4
2001-10-14,16.0,11.5,22.4,9578,0.0,1.36,1.4
2001-10-15,15.7,12.1,21.4,8198,0.0,1.41,1.3
2001-10-16,14.7,10.6,20.8,9242,0.0,1.29,1.4
2001-10-17,11.9,10.2,14.6,4232,0.0,1.21,1.8
2001-10-18,12.6,10.1,14.9,4017,0.0,1.2,2.1
2001-10-19,11.5,8.6,16.1,6331,0.0,1.11,1.9
2001-10-20,11.2,7.7,16.4,8452,0.0,1.05,2.5
2001-10-21,10.5,7.2,13.3,3943,3.5,0.99,2.2
2001-10-22,11.8,9.9,13.6,3669,1.0,1.18,2.0
2001-10-23,9.4,5.4,13.6,6147,0.0,0.88,1.9
2001-10-24,7.2,4.0,9.7,4397,0.2,0.8,2.3
2001-10-25,10.0,7.4,13.5,3995,0.0,1.01,1.8
2001-10-26,11.1,8.2,16.2,7802,0.0,1.07,2.1
2001-10-27,10.8,8.2,14.3,3792,1.5,1.06,2.6
2001-10-28,10.6,8.7,13.4,4797,0.0,1.09,2.4
2001-10-29,9.8,8.5,11.2,3222,3.8,1.07,3.1
2001-10-30,14.1,10.7,17.4,5380,0.0,1.26,4.0
2001-10-31,13.7,8.5,18.6,4929,0.0,1.11,4.2
2001-11-01,8.1,4.2,10.8,5510,0.0,0.81,3.8
2001-11-02,7.8,3.2,10.1,2990,0.0,0.75,2.0
2001-11-03,10.0,8.1,10.9,2934,0.0,1.04,2.1
2001-11-04,9.8,8.4,12.0,3459,0.5,1.06,2.3
2001-11-05,7.4,3.0,9.8,6261,0.1,0.74,2.8
2001-11-06,6.3,2.9,8.8,2774,1.1,0.74,4.1
2001-11-07,7.1,5.1,9.1,3003,1.1,0.85,3.6
2001-11-08,5.7,2.0,7.4,2674,6.5,0.69,4.0
2001-11-09,1.6,-1.5,4.7,2898,0.5,0.53,2.8
2001-11-10,0.0,-3.0,4.6,7051,0.0,0.48,2.4
2001-11-11,2.6,-0.9,5.0,2531,0.0,0.56,2.5
2001-11-12,6.4,4.7,8.5,2486,1.0,0.82,2.1
2001-11-13,2.3,-1.1,6.5,6135,0.0,0.56,1.9
2001-11-14,0.2,-2.3,4.2,4095,0.0,0.5,1.6
2001-11-15,0.6,-2.3,5.1,2662,0.0,0.51,2.5
2001-11-16,5.5,0.9,7.7,3020,0.0,0.64,1.7
2001-11-17,5.0,0.9,7.0,2277,0.3,0.64,1.7
2001-11-18,6.4,4.9,6.8,2239,0.0,0.83,1.5
2001-11-19,5.9,0.1,8.1,2202,0.0,0.61,1.7
2001-11-20,0.9,-1.5,2.6,3945,0.0,0.53,1.6
2001-11-21,6.8,2.5,9.5,3178,1.4,0.72,3.5
2001-11-22,5.4,0.3,8.1,2098,5.9,0.61,4.8
2001-11-23,1.5,-0.5,3.8,4861,0.0,0.57,3.3
2001-11-24,0.3,-2.0,2.6,4756,0.0,0.51,2.3
2001-11-25,1.4,-0.9,3.9,2004,0.2,0.55,1.7
2001-11-26,3.3,0.9,5.8,1976,3.4,0.63,1.9
2001-11-27,3.0,2.0,4.2,1948,1.5,0.68,1.7
2001-11-28,4.1,2.5,6.1,2144,0.5,0.7,2.8
2001-11-29,4.2,2.8,4.8,1897,9.5,0.72,2.7
2001-11-30,3.2,0.6,4.1,1873,0.0,0.61,2.8
2001-12-01,0.0,-1.4,2.5,4449,0.0,0.53,3.0
2001-12-02,0.1,-1.0,1.4,1828,0.0,0.55,1.8
2001-12-03,-0.5,-0.9,0.4,1808,0.0,0.55,2.1
2001-12-04,1.2,-1.1,5.3,2000,6.7,0.55,3.2
2001-12-05,5.8,4.2,8.0,1770,5.1,0.8,3.0
2001-12-06,4.7,4.4,5.1,1753,1.7,0.81,3.5
2001-12-07,4.5,2.4,5.1,1737,3.0,0.7,1.5
2001-12-08,0.7,-1.5,2.5,1723,0.0,0.53,1.9
2001-12-09,-2.4,-3.7,-1.0,2161,0.0,0.45,1.7
2001-12-10,0.0,-2.1,2.6,1697,0.3,0.51,1.5
2001-12-11,3.0,2.5,3.7,1685,0.7,0.7,1.4
2001-12-12,3.7,1.2,5.6,1675,0.5,0.65,2.2
2001-12-13,-4.9,-10.5,1.4,4133,0.0,0.29,3.5
2001-12-14,-7.9,-11.8,-3.5,3594,0.1,0.25,2.2
2001-12-15,-1.2,-4.3,1.0,1652,0.0,0.43,1.9
2001-12-16,0.3,-0.2,1.2,2248,1.1,0.58,2.3
2001-12-17,0.5,-0.1,1.5,1642,0.7,0.58,1.7
2001-12-18,0.4,-0.5,2.1,1639,0.0,0.57,1.9
2001-12-19,2.8,0.9,4.5,1637,2.9,0.63,3.6
2001-12-20,-2.8,-6.0,1.2,3793,0.6,0.39,3.1
2001-12-21,-0.6,-5.0,1.2,1636,9.7,0.41,5.1
2001-12-22,-1.9,-3.7,0.8,2077,0.8,0.45,2.8
2001-12-23,-5.6,-8.2,-3.6,3560,0.1,0.32,3.1
2001-12-24,-3.7,-6.2,0.2,1643,9.4,0.38,4.7
2001-12-25,1.4,0.1,2.8,1648,5.3,0.59,5.4
2001-12-26,1.4,0.6,2.2,1654,0.1,0.61,3.5
2001-12-27,0.6,-1.1,2.2,1822,4.3,0.54,4.3
2001-12-28,2.5,0.8,4.8,1669,3.2,0.63,5.4
2001-12-29,0.5,-2.7,3.9,2125,0.0,0.49,3.4
2001-12-30,-1.0,-4.1,0.5,1689,3.5,0.44,3.1
2001-12-31,-5.1,-8.0,-3.4,2233,0.1,0.32,2.4
2002-01-01,0.1,-6.1,2.3,1713,1.0,0.39,3.5
2002-01-02,0.2,-5.7,3.1,4337,0.0,0.4,3.1
2002-01-03,-6.2,-10.7,-2.3,3451,0.0,0.27,2.4
2002-01-04,-8.8,-13.3,-2.7,4778,0.0,0.22,1.7
2002-01-05,-7.2,-11.8,-0.9,4688,0.0,0.25,1.5
2002-01-06,0.4,-6.5,2.6,1794,1.3,0.38,2.1
2002-01-07,1.8,0.3,2.7,1814,0.1,0.6,1.5
2002-01-08,0.3,-0.8,0.7,1835,0.1,0.55,1.3
2002-01-09,-0.4,-1.7,0.0,1857,0.0,0.52,1.3
2002-01-10,-0.7,-1.8,-0.4,1880,0.0,0.51,1.4
2002-01-11,-3.0,-5.8,0.3,1905,0.8,0.39,1.8
2002-01-12,0.8,0.2,1.1,1930,1.6,0.6,1.6
2002-01-13,0.5,-1.1,1.0,1957,0.0,0.54,1.7
2002-01-14,-2.8,-5.1,0.4,3577,0.0,0.41,2.1
2002-01-15,-3.9,-6.6,-0.1,5182,0.0,0.37,2.4
2002-01-16,-3.6,-7.6,0.1,4224,0.1,0.34,1.7
2002-01-17,0.1,-2.0,3.1,2873,0.0,0.51,2.2
2002-01-18,0.5,-1.8,3.0,2346,0.9,0.52,2.5
2002-01-19,2.1,0.2,3.4,2143,0.9,0.59,3.4
2002-01-20,4.4,2.5,6.3,2952,5.6,0.71,4.5
2002-01-21,7.9,5.4,9.7,2215,0.5,0.87,4.4
2002-01-22,7.5,4.0,9.1,3588,0.0,0.79,3.8
2002-01-23,6.9,5.1,9.7,3842,0.0,0.85,3.8
2002-01-24,9.1,6.3,11.7,3040,0.6,0.93,4.9
2002-01-25,3.7,0.9,7.1,4829,0.6,0.64,3.9
2002-01-26,8.5,2.0,11.7,2881,2.7,0.71,5.7
2002-01-27,8.8,5.9,11.2,3402,6.0,0.9,5.4
2002-01-28,10.2,6.1,14.7,3511,2.4,0.94,6.2
2002-01-29,9.5,5.9,11.6,5071,0.0,0.91,4.8
2002-01-30,10.6,8.1,12.7,3357,0.0,1.04,3.0
2002-01-31,8.7,4.1,11.8,4184,1.0,0.8,4.0
2002-02-01,7.3,2.3,10.8,3307,0.0,0.72,3.9
2002-02-02,11.6,8.0,17.3,5449,0.0,1.07,3.4
2002-02-03,10.1,6.4,16.1,7358,0.0,0.96,2.6
2002-02-04,8.4,6.0,12.0,5563,0.0,0.91,4.3
2002-02-05,10.9,7.1,14.2,2963,2.1,0.99,4.0
2002-02-06,8.6,3.6,12.7,4734,0.1,0.79,2.7
2002-02-07,6.3,3.5,9.0,3675,1.9,0.76,3.0
2002-02-08,7.2,5.0,11.4,4710,3.0,0.85,4.2
2002-02-09,9.6,6.7,12.5,3132,4.0,0.96,4.8
2002-02-10,6.3,5.0,8.3,4248,3.1,0.85,4.7
2002-02-11,8.3,5.4,11.0,3252,8.4,0.87,5.7
2002-02-12,10.7,8.7,12.9,6753,0.7,1.08,6.2
2002-02-13,6.0,-0.1,9.2,5698,0.0,0.61,2.7
2002-02-14,0.9,-2.7,5.3,8921,0.0,0.49,3.2
2002-02-15,0.5,-3.3,7.1,9515,0.0,0.48,2.5
2002-02-16,1.1,-3.4,8.5,9653,0.0,0.49,1.9
2002-02-17,2.2,-2.2,9.0,9184,0.0,0.53,1.3
2002-02-18,2.5,-1.1,6.0,4528,0.5,0.55,2.9
2002-02-19,2.7,0.1,6.2,4814,4.9,0.6,5.2
2002-02-20,3.9,0.1,9.2,5316,4.1,0.61,5.2
2002-02-21,0.2,-3.8,2.7,6326,0.2,0.45,3.9
2002-02-22,0.3,-3.7,3.6,3987,9.6,0.46,5.4
2002-02-23,2.5,0.4,4.8,5873,1.1,0.61,5.7
2002-02-24,1.4,-0.1,5.3,5967,2.9,0.59,4.3
2002-02-25,1.9,-0.2,5.7,5394,9.6,0.58,3.2
2002-02-26,8.0,2.4,11.6,5482,6.4,0.72,6.3
2002-02-27,5.8,2.5,9.4,7998,1.5,0.72,5.1
2002-02-28,5.3,2.3,9.6,7884,1.6,0.71,4.5
2002-03-01,4.0,0.9,7.5,5441,1.1,0.64,2.9
2002-03-02,1.3,-1.7,5.9,11482,0.0,0.54,2.4
2002-03-03,2.9,-0.5,6.0,9734,0.0,0.58,2.8
2002-03-04,6.3,4.1,8.4,4746,0.0,0.8,2.4
2002-03-05,7.1,5.6,9.7,4826,0.0,0.88,1.7
2002-03-06,7.5,5.7,10.0,6866,2.0,0.89,4.1
2002-03-07,8.0,4.1,11.3,8534,4.8,0.81,6.3
2002-03-08,6.7,3.8,11.5,11234,0.0,0.79,2.9
2002-03-09,7.1,3.4,10.6,5151,1.0,0.77,3.3
2002-03-10,5.9,3.1,10.1,9226,0.5,0.75,4.0
2002-03-11,8.6,2.1,15.9,13378,0.0,0.74,2.6
2002-03-12,9.5,5.0,15.9,6958,0.0,0.88,1.3
2002-03-13,7.3,2.6,11.9,6270,7.0,0.73,2.0
2002-03-14,2.5,0.7,5.0,5567,0.0,0.62,3.4
2002-03-15,1.3,0.3,1.8,5652,0.8,0.6,3.3
2002-03-16,2.6,1.4,4.1,5737,0.0,0.65,2.2
2002-03-17,7.8,3.2,15.7,10711,0.0,0.79,2.0
2002-03-18,11.3,4.0,19.3,13396,8.3,0.87,2.8
2002-03-19,8.8,6.6,11.7,7006,1.0,0.95,4.6
2002-03-20,6.0,3.0,9.0,6078,3.1,0.74,3.6
2002-03-21,6.3,3.1,10.3,7288,0.8,0.75,3.5
2002-03-22,4.3,1.1,9.1,9553,0.0,0.65,3.8
2002-03-23,3.3,1.0,6.8,7668,0.8,0.64,3.0
2002-03-24,2.3,0.8,4.9,6518,0.0,0.63,2.5
2002-03-25,1.5,0.2,3.1,6508,0.0,0.59,1.7
2002-03-26,1.8,0.5,3.2,6594,0.0,0.61,1.3
2002-03-27,3.4,-0.1,8.3,13642,0.0,0.6,1.6
2002-03-28,5.1,-1.6,12.3,18024,0.0,0.57,1.8
2002-03-29,8.9,3.1,16.7,18090,0.0,0.8,1.9
2002-03-30,11.0,3.2,19.3,16251,0.0,0.83,1.3
2002-03-31,9.9,5.7,16.2,10855,0.0,0.92,1.4
2002-04-01,10.8,3.3,18.5,18882,0.0,0.83,1.3
2002-04-02,11.7,4.4,19.2,19452,0.0,0.89,2.4
2002-04-03,10.2,4.4,16.2,19616,0.0,0.86,4.1
2002-04-04,7.5,1.6,14.4,20605,0.0,0.71,3.4
2002-04-05,5.0,0.0,9.7,17856,0.0,0.62,3.7
2002-04-06,2.1,-1.4,6.1,8580,0.0,0.54,2.7
2002-04-07,3.4,-2.2,9.6,19621,0.0,0.53,1.9
2002-04-08,5.0,-1.5,11.9,19561,0.0,0.57,2.1
2002-04-09,6.3,-0.1,12.2,16409,0.2,0.63,2.4
2002-04-10,7.5,2.3,11.9,9686,0.0,0.72,3.6
2002-04-11,8.0,4.2,11.2,8594,0.0,0.81,2.7
2002-04-12,10.6,5.0,14.8,8138,0.0,0.87,2.3
2002-04-13,10.4,8.0,13.4,8111,0.2,1.04,2.3
2002-04-14,8.3,7.5,9.0,8192,7.6,0.99,2.2
2002-04-15,7.4,6.5,7.9,8272,12.6,0.94,2.4
2002-04-16,6.5,5.7,7.4,8351,1.8,0.89,1.9
2002-04-17,8.1,4.6,13.3,11421,3.0,0.84,1.4
2002-04-18,9.5,4.0,14.3,13627,0.0,0.82,1.4
2002-04-19,10.8,6.2,18.4,15291,4.5,0.97,1.6
2002-04-20,10.0,6.0,13.4,9560,0.0,0.91,1.5
2002-04-21,9.4,3.7,16.6,17528,0.0,0.82,1.5
2002-04-22,12.1,3.5,19.5,24765,0.0,0.84,1.3
2002-04-23,12.7,7.6,18.6,12976,1.0,1.05,2.3
2002-04-24,11.8,8.5,13.9,9417,0.0,1.08,1.7
2002-04-25,12.9,9.8,17.0,9720,0.1,1.2,1.5
2002-04-26,12.8,8.7,18.1,12435,7.6,1.12,2.7
2002-04-27,8.1,3.6,13.4,14706,2.8,0.79,4.3
2002-04-28,8.2,1.5,13.0,11905,0.6,0.7,3.4
2002-04-29,10.1,7.0,15.0,14070,1.7,0.99,4.4
2002-04-30,10.8,6.8,16.1,13688,0.4,0.99,3.4
2002-05-01,14.3,8.7,20.0,12252,6.3,1.14,3.0
2002-05-02,12.4,9.6,16.1,9987,0.0,1.16,1.7
2002-05-03,14.0,9.4,18.8,16739,0.1,1.17,2.2
2002-05-04,11.9,10.7,13.2,9649,4.4,1.23,2.6
2002-05-05,12.7,10.7,15.4,9830,2.1,1.24,2.0
2002-05-06,13.6,11.1,18.4,13675,0.1,1.31,1.8
2002-05-07,11.3,10.3,12.5,9836,0.2,1.2,2.0
2002-05-08,17.1,9.9,26.0,19990,0.0,1.31,2.6
2002-05-09,20.2,12.9,27.4,24951,0.0,1.54,2.7
2002-05-10,20.1,13.3,27.5,21940,0.0,1.59,2.5
2002-05-11,17.4,13.3,25.5,18555,15.6,1.56,1.8
2002-05-12,16.6,12.2,21.8,17310,0.6,1.41,1.8
2002-05-13,15.9,11.9,22.1,18818,0.0,1.4,1.6
2002-05-14,16.1,12.3,22.4,18887,4.0,1.43,3.4
2002-05-15,14.1,10.5,18.9,15824,0.0,1.26,2.5
2002-05-16,17.9,10.0,24.6,24324,0.0,1.27,2.0
2002-05-17,15.6,9.3,21.8,26087,0.0,1.19,1.8
2002-05-18,15.8,7.2,22.9,27247,0.3,1.09,2.1
2002-05-19,13.7,12.5,15.4,10482,6.9,1.39,1.7
2002-05-20,16.1,12.0,22.6,21080,0.0,1.41,1.6
2002-05-21,17.9,11.2,24.5,23931,0.0,1.37,2.5
2002-05-22,20.1,12.8,27.8,26544,0.0,1.54,2.5
2002-05-23,19.8,15.0,27.7,21005,20.0,1.73,1.9
2002-05-24,15.4,13.3,19.2,14110,0.5,1.48,2.5
2002-05-25,15.6,12.0,20.9,12811,6.6,1.39,2.3
2002-05-26,12.5,9.9,14.0,10897,3.6,1.18,1.9
2002-05-27,15.3,8.9,21.3,21078,0.0,1.18,1.6
2002-05-28,14.8,13.4,16.5,10847,8.3,1.49,1.8
2002-05-29,16.8,12.2,23.0,22266,0.0,1.44,2.4
2002-05-30,15.5,9.7,20.7,25860,0.0,1.22,1.8
2002-05-31,14.7,9.5,21.5,19894,1.3,1.22,2.2
2002-06-01,13.3,7.7,19.4,24959,0.0,1.07,1.9
2002-06-02,16.2,8.4,23.7,28679,0.0,1.17,1.9
2002-06-03,17.5,9.4,24.0,26996,0.0,1.23,2.3
2002-06-04,20.7,13.8,27.8,27275,0.0,1.65,1.8
2002-06-05,22.3,15.4,28.2,24110,0.0,1.78,3.5
2002-06-06,18.9,15.5,23.7,16634,10.3,1.74,2.8
2002-06-07,15.2,13.7,15.9,11120,6.1,1.52,2.9
2002-06-08,15.0,13.0,17.5,11139,0.0,1.45,1.7
2002-06-09,16.8,12.2,21.3,18176,0.0,1.4,1.2
2002-06-10,16.3,12.2,20.6,13883,4.5,1.4,2.4
2002-06-11,15.4,11.5,20.4,18087,0.0,1.35,2.5
2002-06-12,15.9,12.4,19.9,13666,8.5,1.41,2.2
2002-06-13,14.5,12.2,16.1,11706,0.9,1.38,3.2
2002-06-14,15.0,12.3,17.8,12826,0.1,1.39,2.2
2002-06-15,19.2,13.3,26.1,16902,0.0,1.57,2.5
2002-06-16,18.4,13.2,23.2,17033,0.0,1.53,1.9
2002-06-17,22.6,15.2,29.1,25546,0.0,1.78,1.5
2002-06-18,26.5,18.3,33.7,30112,0.0,2.2,2.3
2002-06-19,23.1,19.9,26.3,18402,1.1,2.27,1.9
2002-06-20,21.6,14.9,29.3,19142,2.7,1.76,2.4
2002-06-21,18.7,15.3,22.3,17292,0.0,1.71,1.6
2002-06-22,20.7,14.4,26.6,24438,0.0,1.67,1.7
2002-06-23,19.6,13.4,23.9,19873,0.0,1.55,2.6
2002-06-24,16.7,11.7,22.0,22823,0.0,1.39,2.4
2002-06-25,16.9,10.1,22.3,22938,0.0,1.26,2.0
2002-06-26,19.2,12.4,25.0,25882,0.0,1.47,1.8
2002-06-27,17.6,12.0,22.8,19836,1.0,1.42,2.9
2002-06-28,14.1,9.7,19.1,22161,1.5,1.2,3.8
2002-06-29,14.2,10.7,19.1,18207,0.2,1.28,3.3
2002-06-30,15.8,9.3,21.0,13886,0.2,1.19,2.8
2002-07-01,16.1,13.3,19.2,11164,2.7,1.48,3.1
2002-07-02,15.5,12.1,19.7,14096,5.6,1.39,3.2
2002-07-03,16.9,11.8,23.6,12848,0.4,1.4,3.0
2002-07-04,15.5,11.4,18.0,11600,0.6,1.31,3.7
2002-07-05,18.1,9.4,25.4,26547,0.0,1.26,1.9
2002-07-06,18.5,13.8,25.0,16705,0.1,1.59,1.6
2002-07-07,17.2,12.8,22.2,16677,0.3,1.47,1.7
2002-07-08,22.2,13.7,29.7,27668,0.0,1.66,1.9
2002-07-09,26.5,17.6,34.7,29098,0.0,2.15,1.9
2002-07-10,24.3,14.1,32.6,23675,24.9,1.76,2.2
2002-07-11,17.4,13.4,22.7,19847,0.4,1.53,2.1
2002-07-12,20.3,13.6,26.4,20784,0.0,1.6,1.4
2002-07-13,20.4,14.8,27.2,19523,0.6,1.72,2.1
2002-07-14,18.8,16.6,21.3,10829,15.7,1.84,2.0
2002-07-15,19.2,16.1,22.6,13228,0.1,1.78,2.4
2002-07-16,22.0,16.2,28.6,18174,0.0,1.87,2.4
2002-07-17,21.0,19.1,24.4,10840,8.0,2.16,2.8
2002-07-18,17.5,15.1,20.2,11406,1.2,1.67,3.5
2002-07-19,15.2,13.9,15.9,10637,0.6,1.53,2.4
2002-07-20,16.3,13.1,20.6,15194,0.0,1.48,1.6
2002-07-21,17.5,12.7,26.0,25054,1.8,1.52,2.4
2002-07-22,14.7,12.9,16.6,11351,4.7,1.44,3.6
2002-07-23,16.6,12.4,20.9,11666,3.4,1.43,2.8
2002-07-24,16.6,12.0,20.9,13421,1.8,1.39,3.2
2002-07-25,15.1,12.3,18.7,13007,0.4,1.4,2.6
2002-07-26,15.8,13.1,18.0,10794,0.2,1.46,2.1
2002-07-27,20.3,16.0,26.5,18764,0.0,1.82,1.3
2002-07-28,22.9,15.3,30.4,27660,0.0,1.82,1.8
2002-07-29,25.4,18.4,32.8,25308,0.0,2.2,1.5
2002-07-30,26.4,19.8,33.5,25581,0.0,2.36,1.8
2002-07-31,25.5,18.6,32.4,20860,0.0,2.21,1.8
2002-08-01,23.2,19.4,33.6,19595,16.4,2.31,2.0
2002-08-02,19.2,15.6,23.9,13482,0.0,1.75,1.9
2002-08-03,20.4,14.3,27.2,24747,0.0,1.68,1.4
2002-08-04,19.8,16.2,27.3,18999,36.7,1.86,1.5
2002-08-05,18.2,16.4,20.8,9987,6.0,1.82,1.5
2002-08-06,19.4,14.9,24.8,21291,0.0,1.69,1.3
2002-08-07,19.3,14.6,25.6,15120,2.9,1.68,1.6
2002-08-08,20.6,16.4,24.9,12477,0.3,1.86,1.2
2002-08-09,20.0,15.4,25.7,16007,0.0,1.74,1.4
2002-08-10,20.6,15.8,27.0,14763,0.0,1.82,1.6
2002-08-11,22.1,17.1,28.3,18031,6.1,1.97,1.7
2002-08-12,18.6,17.8,20.4,9296,80.6,1.97,3.5
2002-08-13,16.7,15.4,18.1,9227,15.2,1.68,3.5
2002-08-14,18.2,14.9,22.7,10302,0.0,1.67,1.9
2002-08-15,20.2,15.1,26.5,19923,0.0,1.73,1.3
2002-08-16,20.7,14.3,26.7,17313,0.0,1.67,1.3
2002-08-17,22.2,17.1,28.5,16758,0.0,1.96,1.4
2002-08-18,22.6,18.2,28.5,22524,0.0,2.09,2.0
2002-08-19,23.0,17.4,30.3,22510,0.0,2.02,1.8
2002-08-20,22.1,16.4,28.6,23166,0.0,1.91,2.0
2002-08-21,22.2,15.2,29.4,22363,0.0,1.78,1.8
2002-08-22,20.3,15.5,28.5,20453,12.4,1.81,1.3
2002-08-23,21.2,15.5,28.7,18225,0.0,1.79,1.3
2002-08-24,21.6,16.1,28.6,17885,0.0,1.87,1.5
2002-08-25,21.3,16.7,27.2,19628,0.0,1.9,1.5
2002-08-26,22.6,16.7,29.9,19388,0.0,1.96,1.8
2002-08-27,23.2,17.4,29.5,19908,0.0,2.02,1.9
2002-08-28,22.8,16.7,29.4,20096,0.0,1.95,1.6
2002-08-29,21.7,16.5,28.3,17591,0.0,1.92,1.2
2002-08-30,21.5,16.0,27.2,17782,0.0,1.84,1.3
2002-08-31,21.2,16.4,27.1,14989,0.0,1.88,2.2
2002-09-01,17.1,11.4,22.2,15822,0.0,1.37,2.5
2002-09-02,16.4,9.7,24.2,19696,0.0,1.27,1.9
2002-09-03,18.2,10.8,24.6,18081,0.0,1.34,2.4
2002-09-04,20.7,14.7,27.6,18563,0.0,1.72,1.8
2002-09-05,19.7,14.1,26.0,17070,0.0,1.64,1.3
2002-09-06,18.1,12.4,24.4,17752,0.0,1.46,1.7
2002-09-07,18.5,12.3,25.7,14333,0.0,1.47,1.7
2002-09-08,19.4,13.0,27.2,18269,0.0,1.56,1.7
2002-09-09,20.2,14.6,27.7,17812,0.0,1.69,2.4
2002-09-10,20.4,15.7,27.4,16454,0.0,1.82,2.1
2002-09-11,18.6,13.2,24.8,15410,0.0,1.53,1.9
2002-09-12,15.8,9.2,23.5,18731,0.0,1.22,2.4
2002-09-13,16.1,9.0,23.2,16304,0.0,1.2,1.7
2002-09-14,14.8,11.3,20.3,9809,0.8,1.34,2.4
2002-09-15,13.6,8.3,20.1,16580,0.0,1.12,2.3
2002-09-16,12.0,7.1,17.6,8632,0.7,1.01,1.7
2002-09-17,14.6,12.3,18.8,7672,0.0,1.4,2.0
2002-09-18,14.1,11.5,18.0,8051,0.0,1.33,2.1
2002-09-19,14.9,10.8,20.4,12747,0.0,1.29,1.2
2002-09-20,14.2,12.0,18.5,6642,0.0,1.38,1.7
2002-09-21,13.2,10.9,16.7,8404,0.4,1.27,1.6
2002-09-22,11.4,10.3,13.3,6006,27.8,1.21,1.9
2002-09-23,7.5,5.7,11.1,5921,6.3,0.89,3.2
2002-09-24,8.0,1.8,15.6,14862,0.0,0.73,2.9
2002-09-25,9.5,3.2,16.2,12912,2.0,0.8,1.9
2002-09-26,11.8,10.3,14.8,5846,3.0,1.22,2.3
2002-09-27,9.5,6.8,13.5,9191,0.0,0.96,2.0
2002-09-28,9.2,4.3,13.9,9162,0.0,0.83,1.4
2002-09-29,12.9,9.7,18.9,7319,0.0,1.2,1.4
2002-09-30,12.5,8.2,18.2,10984,0.0,1.1,1.3
2002-10-01,13.2,8.3,19.2,14155,0.0,1.11,1.0
2002-10-02,13.5,8.6,20.1,13569,0.0,1.13,1.1
2002-10-03,14.0,8.3,20.2,10247,0.4,1.13,1.7
2002-10-04,13.6,10.1,17.2,9952,0.5,1.22,2.8
2002-10-05,11.5,9.3,14.5,7540,9.5,1.14,2.9
2002-10-06,10.0,4.3,12.2,5012,7.6,0.82,3.4
2002-10-07,6.4,1.4,11.1,8847,0.0,0.68,1.7
2002-10-08,5.8,1.0,8.8,4693,0.3,0.65,2.0
2002-10-09,7.6,2.0,12.7,6885,0.0,0.72,2.8
2002-10-10,5.8,1.5,11.1,12905,0.0,0.68,3.4
2002-10-11,5.3,0.9,10.3,12740,0.0,0.66,3.2
2002-10-12,4.4,0.7,8.7,9466,0.0,0.64,2.9
2002-10-13,1.7,0.5,4.0,4310,7.3,0.61,2.3
2002-10-14,4.4,1.4,8.6,4236,3.1,0.66,2.6
2002-10-15,8.3,6.3,10.5,4162,0.0,0.92,1.9
2002-10-16,12.8,9.9,16.9,5613,3.1,1.2,2.4
2002-10-17,11.2,7.1,14.0,4089,0.0,0.99,3.5
2002-10-18,6.9,5.0,8.9,5294,3.5,0.85,3.0
2002-10-19,5.6,2.4,8.6,5489,2.0,0.71,2.7
2002-10-20,4.8,2.2,9.6,6996,0.3,0.71,1.9
2002-10-21,4.9,2.1,10.4,3737,2.7,0.7,2.5
2002-10-22,11.2,9.3,12.8,3669,4.4,1.13,2.6
2002-10-23,11.5,5.9,16.7,4406,2.6,0.93,4.3
2002-10-24,6.0,3.2,9.9,6581,0.4,0.76,3.1
2002-10-25,7.9,2.1,13.3,5499,9.5,0.73,3.7
2002-10-26,10.5,8.9,12.9,4571,1.0,1.1,5.5
2002-10-27,9.9,7.5,13.0,3409,9.4,1.01,6.1
2002-10-28,7.6,5.2,10.6,4924,0.8,0.87,5.4
2002-10-29,7.3,4.6,11.2,6588,1.9,0.83,2.1
2002-10-30,7.0,5.4,10.1,3840,0.2,0.87,1.5
2002-10-31,7.1,3.6,11.0,4199,0.0,0.78,1.2
2002-11-01,6.7,2.8,11.7,5210,14.0,0.74,1.7
2002-11-02,5.6,0.4,7.9,2990,1.3,0.62,2.9
2002-11-03,1.9,-0.6,4.8,3110,6.8,0.57,3.4
2002-11-04,0.9,-1.8,3.3,2880,0.0,0.52,2.4
2002-11-05,-1.0,-3.5,4.2,6719,0.0,0.47,1.7
2002-11-06,-1.6,-5.0,3.3,7356,0.0,0.42,2.4
2002-11-07,-0.9,-5.1,2.8,5350,1.5,0.41,2.2
2002-11-08,4.7,1.2,8.7,3943,12.2,0.65,3.4
2002-11-09,3.3,0.8,5.5,2625,2.7,0.63,4.2
2002-11-10,3.4,0.6,6.0,4302,0.1,0.62,1.9
2002-11-11,2.6,1.0,3.3,2531,3.7,0.63,2.7
2002-11-12,6.7,3.2,11.2,3538,0.0,0.76,2.6
2002-11-13,9.2,6.9,11.6,3378,0.0,0.97,2.8
2002-11-14,7.3,4.0,10.8,3375,0.0,0.8,2.3
2002-11-15,7.3,4.8,8.9,2357,1.3,0.83,1.2
2002-11-16,7.7,4.6,10.1,2316,1.7,0.82,2.0
2002-11-17,8.6,5.3,9.8,2277,0.3,0.86,2.9
2002-11-18,6.3,2.3,11.2,5187,0.0,0.72,1.4
2002-11-19,4.8,-0.7,7.0,2202,0.8,0.57,2.2
2002-11-20,-0.7,-2.8,3.3,4858,0.0,0.48,1.8
2002-11-21,0.5,-2.6,3.7,3844,0.0,0.49,2.6
2002-11-22,3.2,1.6,4.0,2098,5.6,0.66,2.1
2002-11-23,4.7,3.0,6.0,2065,0.3,0.73,1.6
2002-11-24,4.2,0.7,7.1,3603,0.0,0.63,1.6
2002-11-25,4.8,3.4,6.0,2004,1.2,0.75,2.0
2002-11-26,7.7,4.9,9.4,2021,0.8,0.84,1.9
2002-11-27,5.7,4.0,7.5,2710,0.0,0.79,1.9
2002-11-28,6.2,4.7,7.4,1922,0.0,0.82,2.3
2002-11-29,6.3,4.8,7.4,1897,10.4,0.83,1.4
2002-11-30,5.3,2.7,7.0,1873,6.8,0.71,1.9
2002-12-01,4.3,2.4,5.4,1850,0.0,0.7,2.1
2002-12-02,3.9,2.1,5.4,2430,0.0,0.68,2.5
2002-12-03,3.3,1.3,5.4,1808,0.0,0.65,1.7
2002-12-04,1.7,1.1,2.0,1788,0.0,0.64,1.5
2002-12-05,1.0,-1.4,2.4,1770,0.2,0.53,2.5
2002-12-06,-0.7,-2.7,0.2,1753,0.0,0.48,3.6
2002-12-07,-4.8,-6.8,-2.4,1904,0.0,0.36,4.1
2002-12-08,-6.2,-7.8,-2.6,4533,0.0,0.33,4.0
2002-12-09,-8.0,-10.4,-6.6,3313,0.0,0.27,3.5
2002-12-10,-9.5,-11.6,-6.4,4275,0.0,0.25,2.6
2002-12-11,-7.9,-11.8,-4.2,4211,0.0,0.24,2.7
2002-12-12,-7.9,-10.0,-4.5,4029,0.0,0.28,2.3
2002-12-13,-7.7,-11.1,-4.2,3607,0.0,0.26,1.6
2002-12-14,-5.1,-8.5,-2.1,3714,0.0,0.32,2.6
2002-12-15,-4.3,-7.3,-2.0,1652,0.0,0.34,3.3
2002-12-16,-0.5,-2.2,0.9,1646,0.9,0.5,2.8
2002-12-17,0.4,-0.6,1.2,1642,0.0,0.56,2.1
2002-12-18,-0.1,-2.8,0.7,1839,0.7,0.48,2.1
2002-12-19,-0.1,-1.0,0.8,1637,0.0,0.55,1.5
2002-12-20,-2.7,-5.6,-0.1,3713,0.0,0.39,1.7
2002-12-21,-1.0,-1.7,-0.6,1636,0.0,0.52,1.7
2002-12-22,-1.3,-3.3,-0.2,1637,1.1,0.46,2.9
2002-12-23,-3.0,-5.0,-0.9,3440,0.0,0.41,2.9
2002-12-24,-4.1,-5.3,-2.8,1643,0.9,0.4,3.1
2002-12-25,-2.5,-4.5,0.2,1648,0.0,0.42,2.2
2002-12-26,0.8,-0.4,2.7,2740,1.5,0.57,2.7
2002-12-27,2.2,0.7,3.5,1822,0.4,0.62,2.4
2002-12-28,3.3,1.5,5.8,1750,0.0,0.66,2.2
2002-12-29,5.3,2.7,7.3,1719,3.8,0.71,3.1
2002-12-30,1.5,-2.0,4.2,1689,10.9,0.51,3.6
2002-12-31,-4.7,-9.9,-1.8,4448,0.0,0.28,3.0
2003-01-01,-7.0,-13.0,1.7,1713,13.2,0.24,2.7
2003-01-02,5.4,1.6,7.3,1727,15.3,0.67,3.9
2003-01-03,0.5,-0.5,4.4,1742,0.8,0.57,3.4
2003-01-04,-2.1,-6.2,-0.3,2890,0.0,0.37,2.6
2003-01-05,-5.9,-9.5,-3.3,2156,1.4,0.29,2.2
2003-01-06,-4.2,-8.5,-2.4,1794,0.4,0.31,2.2
2003-01-07,-10.8,-14.3,-8.0,3998,0.0,0.2,1.8
2003-01-08,-11.6,-14.4,-9.0,3259,0.0,0.19,1.6
2003-01-09,-10.7,-15.4,-6.7,2466,0.0,0.19,1.6
2003-01-10,-5.9,-8.3,-3.6,1880,0.1,0.32,1.5
2003-01-11,-7.8,-11.0,-4.8,2347,0.1,0.26,2.0
2003-01-12,-1.2,-4.9,0.6,1930,3.8,0.41,2.7
2003-01-13,1.1,-1.0,3.4,1957,2.4,0.55,3.8
2003-01-14,5.6,3.1,6.9,1985,0.1,0.74,4.3
2003-01-15,5.3,3.4,6.8,2014,0.1,0.75,4.1
2003-01-16,4.9,3.0,6.7,2184,0.0,0.73,3.7
2003-01-17,2.8,0.1,6.4,5449,0.0,0.6,2.7
2003-01-18,1.3,-1.7,3.0,2109,0.0,0.53,2.5
2003-01-19,2.5,1.0,5.7,4727,1.6,0.64,3.0
2003-01-20,4.5,1.6,8.8,4838,0.2,0.67,3.1
2003-01-21,3.0,-0.5,5.5,2557,0.0,0.57,2.7
2003-01-22,1.9,-1.7,6.6,5021,0.0,0.54,2.7
2003-01-23,4.1,2.0,6.6,2291,3.8,0.68,2.4
2003-01-24,2.9,1.7,3.5,2331,0.0,0.66,2.1
2003-01-25,2.7,1.0,4.5,2373,1.3,0.64,2.5
2003-01-26,3.2,0.6,4.9,2415,1.5,0.62,2.9
2003-01-27,6.6,3.4,9.3,2459,4.8,0.76,3.8
2003-01-28,5.3,1.0,9.5,2769,6.6,0.65,5.5
2003-01-29,1.8,-0.1,4.4,2657,1.7,0.58,3.4
2003-01-30,0.1,-1.3,1.4,2814,1.6,0.54,2.7
2003-01-31,-2.5,-7.5,-0.2,2645,3.6,0.34,2.5
2003-02-01,-6.9,-9.6,-2.7,3974,0.0,0.29,2.2
2003-02-02,-3.5,-7.4,0.3,3196,2.2,0.35,3.5
2003-02-03,1.0,-1.1,3.9,4337,0.0,0.55,3.6
2003-02-04,0.3,-1.2,3.8,4293,2.4,0.54,2.4
2003-02-05,-1.1,-3.6,1.4,3839,0.0,0.45,2.4
2003-02-06,-2.5,-3.5,-1.1,3019,0.0,0.46,2.3
2003-02-07,-3.0,-7.0,0.3,3435,0.7,0.35,2.0
2003-02-08,-1.4,-5.4,1.4,3073,0.8,0.4,1.5
2003-02-09,-3.7,-7.3,1.6,6754,0.0,0.35,2.3
2003-02-10,-2.6,-6.0,-0.3,3192,0.0,0.38,1.7
2003-02-11,-2.5,-6.0,0.7,4888,0.0,0.38,1.9
2003-02-12,-5.0,-8.8,0.6,8918,0.0,0.31,2.2
2003-02-13,-5.5,-10.9,1.5,9307,0.0,0.28,2.0
2003-02-14,-3.8,-8.8,2.7,9052,0.1,0.32,1.6
2003-02-15,-1.3,-3.0,1.2,3506,0.1,0.47,2.3
2003-02-16,-3.8,-6.3,-0.8,9587,0.0,0.37,2.8
2003-02-17,-5.8,-9.2,-1.6,6750,0.0,0.3,2.0
2003-02-18,-5.3,-9.4,-2.4,3707,0.2,0.3,1.8
2003-02-19,-1.5,-2.7,-0.2,3775,0.0,0.48,2.2
2003-02-20,-1.6,-2.0,-0.7,3845,0.0,0.5,1.9
2003-02-21,-1.1,-2.6,0.9,3916,0.0,0.49,2.1
2003-02-22,0.5,-3.1,5.6,9508,0.0,0.48,2.2
2003-02-23,0.7,-4.6,7.4,11167,0.0,0.45,1.9
2003-02-24,1.5,-4.0,9.1,11395,0.0,0.47,1.4
2003-02-25,1.7,-4.7,10.6,11477,0.0,0.46,1.7
2003-02-26,1.1,-3.9,8.1,11633,0.0,0.47,1.8
2003-02-27,1.6,-3.6,9.9,11562,0.0,0.49,1.4
2003-02-28,0.3,-2.6,4.3,6811,0.0,0.49,1.7
2003-03-01,2.6,0.1,6.8,6449,0.0,0.6,1.8
2003-03-02,1.8,-0.6,5.9,6390,3.5,0.58,2.5
2003-03-03,-0.4,-1.5,0.8,4667,0.5,0.53,1.8
2003-03-04,-0.8,-2.6,2.7,6026,0.1,0.49,1.5
2003-03-05,0.3,-3.8,6.5,6443,0.0,0.46,2.2
2003-03-06,1.3,-2.5,5.8,8908,1.7,0.51,3.1
2003-03-07,2.6,0.1,6.7,4987,0.0,0.61,1.9
2003-03-08,5.0,-0.1,11.0,8068,2.3,0.61,3.5
2003-03-09,6.8,5.2,8.6,5151,3.4,0.85,3.4
2003-03-10,8.7,3.3,14.5,6932,0.0,0.79,2.8
2003-03-11,9.0,6.6,12.7,5402,6.4,0.95,3.2
2003-03-12,7.0,3.2,10.5,6438,4.0,0.75,3.4
2003-03-13,3.0,-0.6,7.2,15095,0.0,0.58,2.6
2003-03-14,2.7,-0.7,7.4,7155,0.0,0.57,2.5
2003-03-15,3.4,-1.4,9.8,14638,0.0,0.56,2.2
2003-03-16,4.3,-1.6,12.3,15431,0.0,0.57,1.7
2003-03-17,2.5,0.3,7.0,6999,0.0,0.61,2.0
2003-03-18,5.7,-1.0,14.2,15223,0.0,0.61,1.8
2003-03-19,3.7,0.7,5.3,5992,0.0,0.62,2.5
2003-03-20,2.6,-1.5,4.1,6078,0.0,0.53,2.1
2003-03-21,-0.4,-4.6,5.1,17213,0.0,0.44,2.7
2003-03-22,1.6,-5.1,9.2,17388,0.0,0.44,2.4
2003-03-23,6.7,-2.4,15.9,17752,0.0,0.57,1.5
2003-03-24,10.5,2.7,19.3,17735,0.1,0.8,1.7
2003-03-25,10.2,4.6,16.2,14140,0.0,0.86,1.6
2003-03-26,5.9,0.2,12.4,10390,0.0,0.64,1.4
2003-03-27,8.3,3.6,14.5,7465,0.1,0.81,1.3
2003-03-28,8.2,3.6,15.0,11704,0.0,0.81,1.4
2003-03-29,10.1,3.4,16.9,16698,0.0,0.81,1.4
2003-03-30,11.2,5.2,18.3,15650,0.0,0.91,2.3
2003-03-31,7.6,3.3,13.2,15593,0.0,0.78,2.6
2003-04-01,9.5,0.7,15.9,17258,2.0,0.69,3.2
2003-04-02,7.0,3.8,11.1,10157,2.3,0.79,3.8
2003-04-03,5.1,2.5,8.3,9336,4.3,0.71,3.2
2003-04-04,5.8,-1.2,11.1,18122,0.0,0.57,2.7
2003-04-05,5.5,-0.1,10.7,10571,0.0,0.62,4.4
2003-04-06,1.4,-2.7,5.9,15176,0.1,0.5,3.6
2003-04-07,-0.1,-2.7,3.2,7933,0.1,0.49,2.8
2003-04-08,0.4,-3.4,5.3,11619,0.0,0.47,1.8
2003-04-09,-0.9,-5.4,3.7,12682,1.1,0.41,2.1
2003-04-10,1.2,-2.7,5.0,12577,0.0,0.49,1.6
2003-04-11,4.1,-1.5,9.2,15267,0.0,0.56,1.9
2003-04-12,7.0,-0.1,13.3,20472,0.0,0.63,1.4
2003-04-13,9.7,2.7,16.4,21268,0.0,0.77,1.8
2003-04-14,11.4,3.2,18.8,22069,0.0,0.82,3.4
2003-04-15,13.7,5.9,21.1,22105,0.0,0.98,3.2
2003-04-16,13.6,7.3,20.0,22580,0.0,1.06,3.0
2003-04-17,13.5,6.8,20.8,22834,0.0,1.03,2.7
2003-04-18,6.1,3.5,8.4,8508,1.9,0.76,3.5
2003-04-19,9.4,4.2,14.8,13838,0.1,0.83,3.7
2003-04-20,14.5,7.5,21.5,22243,0.0,1.08,2.9
2003-04-21,14.8,8.1,21.6,22599,0.0,1.12,2.5
2003-04-22,14.8,7.4,22.4,23521,0.0,1.08,1.9
2003-04-23,12.6,5.1,20.2,22289,0.0,0.93,1.8
2003-04-24,12.9,4.3,21.0,21158,0.0,0.9,1.4
2003-04-25,15.1,6.8,22.6,19559,0.0,1.04,2.1
2003-04-26,15.1,10.1,22.0,9221,1.3,1.26,2.8
2003-04-27,13.7,8.5,18.7,18277,1.1,1.11,4.0
2003-04-28,14.0,7.7,19.1,15372,0.1,1.06,2.7
2003-04-29,15.6,10.9,22.2,12215,3.3,1.31,3.1
2003-04-30,15.7,8.6,22.6,13571,0.8,1.16,2.7
2003-05-01,14.3,10.0,18.9,18550,0.0,1.23,3.9
2003-05-02,15.1,7.3,20.8,20865,0.0,1.06,2.4
2003-05-03,13.2,7.7,16.0,13338,0.2,1.05,4.4
2003-05-04,14.9,5.8,22.8,25173,0.0,1.0,2.3
2003-05-05,20.7,9.4,31.0,23389,0.0,1.36,2.3
2003-05-06,17.5,10.4,22.7,16630,0.0,1.29,2.3
2003-05-07,14.4,9.9,20.4,20736,0.0,1.23,1.9
2003-05-08,18.5,8.5,27.4,22840,0.0,1.21,1.9
2003-05-09,14.5,12.0,17.7,11502,0.0,1.37,1.6
2003-05-10,14.5,10.5,18.7,13353,0.0,1.25,1.3
2003-05-11,16.7,10.4,23.3,21543,0.0,1.3,1.3
2003-05-12,16.4,12.4,22.6,15275,7.6,1.44,2.0
2003-05-13,12.4,6.6,16.7,14019,1.8,0.98,2.6
2003-05-14,10.5,5.3,16.4,19848,0.0,0.91,2.8
2003-05-15,10.0,5.8,14.9,21722,1.5,0.92,2.1
2003-05-16,10.1,4.7,16.2,17813,0.4,0.88,1.4
2003-05-17,13.4,5.8,21.5,16425,0.1,0.98,2.1
2003-05-18,14.4,9.1,20.8,18780,9.7,1.17,2.4
2003-05-19,14.5,12.0,18.8,12420,7.0,1.38,2.4
2003-05-20,14.0,9.2,19.4,21929,0.0,1.16,3.4
2003-05-21,12.7,7.2,17.9,17737,0.0,1.03,2.6
2003-05-22,14.2,8.7,19.3,19856,0.0,1.13,2.3
2003-05-23,16.0,12.9,19.8,11875,0.9,1.46,2.8
2003-05-24,21.2,12.0,30.0,24591,0.0,1.52,1.9
2003-05-25,21.2,15.0,28.5,28060,3.4,1.76,2.3
2003-05-26,16.5,13.1,21.3,16392,0.0,1.5,1.8
2003-05-27,17.9,11.5,24.1,23645,0.0,1.39,1.7
2003-05-28,18.2,12.3,24.5,23446,0.0,1.46,2.0
2003-05-29,18.8,10.7,26.7,28999,0.0,1.37,1.8
2003-05-30,20.8,12.0,29.1,29045,0.0,1.49,1.4
2003-05-31,19.8,13.3,26.3,17074,0.8,1.56,1.5
2003-06-01,20.4,12.8,27.5,29253,0.0,1.54,1.5
2003-06-02,22.5,14.2,30.5,28310,0.0,1.71,2.2
2003-06-03,24.2,16.4,32.4,23434,0.0,1.95,1.5
2003-06-04,25.9,18.3,33.6,26046,0.0,2.19,2.0
2003-06-05,23.7,17.5,32.2,24233,8.9,2.08,1.8
2003-06-06,19.5,14.9,24.8,25245,0.1,1.69,1.6
2003-06-07,22.1,13.4,29.2,27978,0.0,1.62,1.4
2003-06-08,24.9,16.8,33.2,26157,14.4,2.03,2.1
2003-06-09,17.8,12.7,22.8,26179,0.0,1.46,3.1
2003-06-10,20.4,11.2,27.8,26446,1.4,1.42,1.8
2003-06-11,21.3,15.6,26.2,21044,0.0,1.78,2.5
2003-06-12,21.8,13.4,29.0,26234,0.3,1.61,1.6
2003-06-13,19.4,13.9,24.6,26865,0.0,1.59,2.0
2003-06-14,18.1,12.2,24.1,21084,0.0,1.44,1.6
2003-06-15,17.9,11.0,23.5,22696,0.0,1.35,1.6
2003-06-16,18.1,12.2,23.6,24307,0.0,1.43,1.8
2003-06-17,19.2,12.7,25.3,26532,0.0,1.5,1.6
2003-06-18,17.1,14.4,21.5,14578,0.4,1.62,2.2
2003-06-19,18.2,13.4,23.1,14457,4.9,1.53,3.3
2003-06-20,15.7,12.2,20.9,20375,2.4,1.4,4.5
2003-06-21,14.3,11.0,19.2,13348,0.2,1.29,3.1
2003-06-22,16.6,9.6,22.8,24685,0.0,1.23,1.6
2003-06-23,20.4,14.2,28.7,17408,7.4,1.69,3.1
2003-06-24,18.1,13.6,23.7,23563,0.0,1.57,3.3
2003-06-25,15.8,11.7,20.9,18133,0.0,1.37,2.7
2003-06-26,16.1,11.1,22.6,15414,0.1,1.34,1.7
2003-06-27,18.7,11.3,24.9,27962,0.0,1.39,1.7
2003-06-28,20.7,12.6,28.0,30407,0.0,1.55,1.5
2003-06-29,22.2,15.1,29.1,18453,0.1,1.78,1.5
2003-06-30,21.1,15.0,26.8,24955,0.2,1.73,1.7
2003-07-01,19.1,16.4,22.7,14361,0.6,1.83,2.7
2003-07-02,18.1,14.1,23.7,18889,1.7,1.61,3.0
2003-07-03,17.3,12.8,23.8,21692,2.9,1.48,3.0
2003-07-04,16.9,14.2,20.4,13932,4.3,1.59,3.4
2003-07-05,15.3,13.7,17.8,11333,1.1,1.51,3.3
2003-07-06,15.9,13.6,18.8,11432,0.1,1.51,2.6
2003-07-07,17.0,13.3,23.0,16922,0.0,1.52,1.6
2003-07-08,18.2,13.0,23.9,18117,0.0,1.52,1.6
2003-07-09,17.2,14.6,22.1,14780,1.6,1.64,2.2
2003-07-10,16.7,12.7,22.1,16950,0.0,1.47,1.9
2003-07-11,20.8,11.9,28.6,28033,2.7,1.49,2.0
2003-07-12,17.9,13.4,23.8,19197,0.0,1.55,2.7
2003-07-13,17.8,12.0,23.5,21596,0.0,1.42,1.9
2003-07-14,20.7,13.3,28.0,29837,0.0,1.59,2.1
2003-07-15,22.5,14.9,29.3,26983,0.0,1.76,2.0
2003-07-16,25.3,17.7,32.3,26443,0.8,2.09,2.6
2003-07-17,22.2,17.7,30.4,16305,10.1,2.07,2.2
2003-07-18,21.6,17.0,27.3,20991,0.0,1.95,1.9
2003-07-19,24.3,16.4,31.2,28087,0.0,1.95,1.6
2003-07-20,26.1,18.1,33.5,27780,0.0,2.17,2.1
2003-07-21,25.1,19.6,33.4,19495,0.4,2.34,1.7
2003-07-22,23.9,18.6,29.3,26558,0.0,2.15,1.9
2003-07-23,23.1,17.8,28.7,22150,0.1,2.06,1.4
2003-07-24,22.0,17.5,28.9,18234,1.8,2.03,1.6
2003-07-25,21.3,17.2,27.9,19615,1.2,1.97,1.6
2003-07-26,20.0,16.8,25.7,12354,3.7,1.9,1.9
2003-07-27,23.9,18.2,34.0,18884,12.0,2.19,2.6
2003-07-28,20.5,16.7,26.3,17382,0.3,1.89,1.9
2003-07-29,20.5,15.7,26.4,19343,0.0,1.8,1.3
2003-07-30,21.6,15.2,28.1,22247,0.0,1.77,1.5
2003-07-31,21.6,16.0,28.3,16820,0.0,1.84,1.4
2003-08-01,24.6,16.9,31.6,23507,0.0,2.01,1.2
2003-08-02,26.3,21.0,32.0,17268,0.2,2.5,1.2
2003-08-03,25.9,19.6,33.0,19081,0.0,2.34,1.3
2003-08-04,25.3,18.7,31.8,25829,0.0,2.19,1.5
2003-08-05,23.2,16.1,30.3,24907,0.0,1.91,1.7
2003-08-06,22.5,15.8,29.3,25275,0.0,1.85,1.5
2003-08-07,23.3,15.8,30.9,26223,0.0,1.88,1.3
2003-08-08,25.2,17.0,33.1,25648,0.0,2.03,1.3
2003-08-09,26.1,16.9,34.0,25189,0.0,2.06,1.6
2003-08-10,23.8,18.1,30.3,26004,0.0,2.11,2.0
2003-08-11,22.3,14.5,29.2,26119,0.0,1.71,1.6
2003-08-12,26.2,17.2,33.4,21161,0.0,2.06,1.4
2003-08-13,27.3,20.1,35.8,24614,0.3,2.47,2.7
2003-08-14,20.2,16.1,24.4,13965,0.0,1.81,2.8
2003-08-15,19.0,14.0,24.7,20836,0.0,1.6,3.1
2003-08-16,17.9,12.5,23.8,19473,0.0,1.47,2.1
2003-08-17,19.6,11.0,27.4,24120,2.9,1.39,1.5
2003-08-18,22.1,14.0,31.6,15189,0.8,1.72,2.4
2003-08-19,20.8,15.9,26.1,13180,0.0,1.82,2.6
2003-08-20,18.5,13.2,25.1,20590,0.0,1.55,1.9
2003-08-21,19.6,12.3,26.4,19241,0.0,1.49,1.7
2003-08-22,20.8,15.4,26.3,18677,0.0,1.76,2.9
2003-08-23,18.5,14.5,22.7,13470,4.6,1.63,2.7
2003-08-24,17.5,13.1,22.8,14252,0.0,1.5,2.3
2003-08-25,18.8,11.8,26.2,20614,0.0,1.44,1.7
2003-08-26,18.2,11.3,25.9,16224,0.0,1.4,2.4
2003-08-27,16.2,12.4,20.7,10461,0.0,1.42,3.3
2003-08-28,16.7,12.8,21.5,12532,4.5,1.48,1.4
2003-08-29,16.1,11.8,23.5,10494,10.5,1.41,2.5
2003-08-30,15.8,11.4,20.7,14787,0.0,1.35,2.5
2003-08-31,13.7,9.5,19.1,17011,1.1,1.19,2.5
2003-09-01,12.4,8.7,17.9,13070,1.8,1.13,2.4
2003-09-02,12.4,7.9,18.9,19170,0.0,1.07,1.8
2003-09-03,12.1,7.0,15.4,10020,0.5,0.99,1.9
2003-09-04,15.3,12.1,20.2,8883,0.0,1.4,1.8
2003-09-05,16.1,10.5,23.3,18622,0.0,1.3,1.6
2003-09-06,17.2,9.9,25.4,18678,0.0,1.29,1.9
2003-09-07,17.3,11.1,23.8,11164,0.0,1.34,1.4
2003-09-08,18.5,11.7,25.8,16034,0.0,1.43,1.9
2003-09-09,15.3,12.4,21.3,10846,4.0,1.43,1.8
2003-09-10,14.3,12.1,19.4,11138,15.0,1.39,2.0
2003-09-11,12.0,10.0,15.0,7041,0.0,1.19,3.1
2003-09-12,14.4,11.0,18.9,8242,0.4,1.29,2.0
2003-09-13,14.4,11.4,19.6,8344,0.0,1.32,2.1
2003-09-14,16.4,13.0,21.8,12737,0.0,1.48,1.4
2003-09-15,16.0,10.8,22.3,16968,0.0,1.32,1.3
2003-09-16,16.4,11.4,23.0,14306,0.0,1.37,1.4
2003-09-17,16.1,11.5,22.0,13018,0.0,1.36,1.3
2003-09-18,19.4,11.0,28.1,16483,0.0,1.41,1.7
2003-09-19,20.7,12.8,29.2,17072,0.0,1.58,1.9
2003-09-20,21.5,13.6,30.4,16715,0.0,1.65,1.3
2003-09-21,20.2,14.2,28.9,16731,0.0,1.68,2.2
2003-09-22,20.8,11.8,30.1,16193,0.0,1.5,2.6
2003-09-23,14.4,8.3,20.2,8288,1.7,1.13,3.2
2003-09-24,10.4,5.7,17.5,14411,0.0,0.93,2.0
2003-09-25,11.3,5.9,18.2,15954,0.0,0.95,2.0
2003-09-26,13.4,5.2,21.4,15605,0.0,0.94,2.2
2003-09-27,13.3,8.7,18.8,9103,0.0,1.14,1.8
2003-09-28,12.2,6.5,18.6,10034,8.1,1.0,1.5
2003-09-29,11.9,9.8,17.4,8096,1.1,1.2,2.5
2003-09-30,9.9,7.2,14.0,7219,0.0,0.99,1.6
2003-10-01,11.6,5.5,18.2,13222,2.3,0.93,1.8
2003-10-02,11.5,8.8,14.3,6264,0.1,1.11,1.6
2003-10-03,10.9,4.5,16.3,6505,9.9,0.86,1.7
2003-10-04,12.0,6.2,15.9,7646,1.0,0.95,2.4
2003-10-05,8.2,5.4,13.6,8355,0.0,0.88,2.0
2003-10-06,7.8,4.9,11.9,8645,1.8,0.85,4.1
2003-10-07,8.4,7.0,10.8,5810,3.3,0.96,4.5
2003-10-08,8.7,6.2,13.3,6196,5.8,0.93,4.4
2003-10-09,9.8,7.3,13.3,7590,0.0,0.99,3.9
2003-10-10,12.5,10.6,14.8,4848,0.6,1.24,4.0
2003-10-11,11.4,8.4,14.8,5458,0.0,1.07,3.3
2003-10-12,8.6,4.8,14.4,9011,0.0,0.86,2.0
2003-10-13,7.1,1.7,14.6,10612,0.0,0.72,1.7
2003-10-14,6.3,0.4,12.0,8391,0.0,0.64,2.2
2003-10-15,6.9,1.6,11.9,9006,0.0,0.7,2.0
2003-10-16,5.5,-0.4,11.4,6847,0.0,0.61,2.0
2003-10-17,4.2,0.0,9.9,11194,0.0,0.61,2.2
2003-10-18,4.0,-1.3,12.0,10900,0.0,0.58,1.7
2003-10-19,4.3,-0.1,10.5,10329,0.0,0.61,1.2
2003-10-20,4.0,0.3,8.3,5817,0.0,0.62,1.8
2003-10-21,3.2,0.8,5.4,3737,2.6,0.63,1.8
2003-10-22,3.1,-1.4,7.2,5160,0.1,0.55,2.0
2003-10-23,0.2,-2.6,5.9,6415,0.0,0.5,2.6
2003-10-24,-1.0,-4.9,4.5,9824,0.0,0.42,1.8
2003-10-25,3.9,-0.5,7.2,3733,2.0,0.58,3.5
2003-10-26,4.2,0.7,5.7,3408,5.7,0.62,2.3
2003-10-27,0.5,-2.8,5.3,9475,0.0,0.49,1.4
2003-10-28,2.0,-2.0,8.2,9024,0.0,0.53,2.0
2003-10-29,3.4,-0.5,6.6,4344,4.7,0.58,2.1
2003-10-30,4.9,3.1,6.7,3163,4.4,0.73,1.9
2003-10-31,6.3,2.5,10.1,3834,0.0,0.72,2.7
2003-11-01,7.9,4.6,10.9,3106,0.0,0.83,2.5
2003-11-02,8.1,5.1,12.4,4712,0.8,0.87,3.1
2003-11-03,10.2,7.1,13.3,3814,0.2,0.99,4.2
2003-11-04,9.6,5.5,12.0,3691,0.0,0.89,2.9
2003-11-05,7.0,3.3,12.2,7120,0.0,0.77,1.8
2003-11-06,3.4,1.9,4.5,2774,0.0,0.67,2.2
2003-11-07,4.5,1.3,6.6,3338,0.0,0.65,3.5
2003-11-08,6.0,2.9,9.1,3833,0.0,0.73,3.9
2003-11-09,4.1,2.1,5.7,2625,0.0,0.68,2.3
2003-11-10,2.9,1.2,4.2,2577,0.0,0.64,2.6
2003-11-11,2.3,-0.8,6.9,6685,0.0,0.57,2.5
2003-11-12,1.2,-1.7,6.0,6591,0.0,0.53,2.3
2003-11-13,0.0,-2.9,4.5,6135,0.0,0.49,1.6
2003-11-14,0.1,-3.0,2.8,2399,0.0,0.48,2.0
2003-11-15,5.3,0.0,9.8,4034,0.0,0.61,2.6
2003-11-16,5.1,3.0,7.0,3673,12.1,0.73,1.9
2003-11-17,5.5,3.6,7.7,2277,5.7,0.76,3.4
2003-11-18,8.1,5.4,11.7,2239,3.5,0.87,3.7
2003-11-19,12.3,11.0,13.3,2202,0.6,1.26,4.1
2003-11-20,9.6,6.0,12.5,4185,0.0,0.92,2.1
2003-11-21,8.9,5.9,11.8,4129,0.0,0.9,2.1
2003-11-22,8.6,4.5,11.5,2098,0.0,0.82,2.0
2003-11-23,10.5,7.3,15.0,3324,0.0,1.01,2.2
2003-11-24,9.9,5.6,15.7,3280,0.0,0.92,2.1
2003-11-25,9.3,6.4,13.2,2324,5.1,0.94,1.6
2003-11-26,8.7,5.6,12.3,4691,0.9,0.89,2.2
2003-11-27,5.6,4.3,6.9,1948,0.0,0.8,1.4
2003-11-28,6.9,5.4,7.4,1922,2.1,0.87,2.1
2003-11-29,8.0,7.3,8.4,1897,1.4,0.99,1.7
2003-11-30,6.0,1.9,8.5,3227,0.0,0.69,2.6
2003-12-01,3.4,0.7,7.5,3236,0.0,0.63,2.6
2003-12-02,5.7,3.2,7.2,1828,0.0,0.74,2.4
2003-12-03,5.4,4.9,6.0,1808,0.0,0.83,1.7
2003-12-04,4.6,3.0,5.8,1788,0.0,0.73,2.0
2003-12-05,4.7,3.1,7.2,1770,1.3,0.74,2.4
2003-12-06,4.0,-0.3,8.1,3551,0.2,0.6,4.0
2003-12-07,-1.8,-4.4,2.4,4647,0.0,0.43,2.2
2003-12-08,-0.8,-4.0,1.3,1723,0.0,0.44,1.7
2003-12-09,-1.6,-4.3,2.6,4628,0.0,0.44,1.5
2003-12-10,0.6,-2.4,5.8,4520,0.0,0.51,2.1
2003-12-11,0.7,-1.7,3.8,3845,4.5,0.52,3.0
2003-12-12,1.7,-0.5,3.5,1716,1.1,0.57,2.3
2003-12-13,6.4,-0.4,10.5,1666,18.2,0.61,4.2
2003-12-14,6.7,1.9,10.2,1659,7.5,0.69,5.4
2003-12-15,1.2,0.2,2.5,2778,0.0,0.59,5.2
2003-12-16,0.9,-1.1,3.2,4334,1.4,0.55,3.3
2003-12-17,3.7,0.4,5.3,1642,0.2,0.61,2.5
2003-12-18,2.8,-0.2,6.2,4398,0.0,0.59,1.9
2003-12-19,2.6,-0.3,6.8,4234,0.0,0.59,2.1
2003-12-20,5.7,3.4,8.4,1636,1.7,0.75,2.9
2003-12-21,6.2,3.2,8.6,2475,4.7,0.74,6.0
2003-12-22,0.7,-3.6,3.5,1677,0.3,0.46,3.6
2003-12-23,-3.9,-7.8,0.8,4241,0.0,0.34,2.3
2003-12-24,-2.1,-5.5,1.2,4368,0.0,0.4,2.7
2003-12-25,2.4,0.3,3.9,1648,0.0,0.6,3.0
2003-12-26,4.1,2.6,6.2,1654,0.0,0.71,2.9
2003-12-27,5.2,2.9,7.8,1661,0.0,0.73,3.8
2003-12-28,4.9,2.3,6.9,1669,0.0,0.69,3.7
2003-12-29,3.8,1.6,5.5,2410,0.0,0.66,3.0
2003-12-30,1.8,-0.7,5.9,2546,0.0,0.57,1.3
2003-12-31,1.1,-2.2,2.4,2028,0.0,0.5,1.9
2004-01-01,-2.7,-5.4,-1.7,2084,0.0,0.39,1.8
2004-01-02,-2.5,-5.1,0.3,3343,0.0,0.41,2.5
2004-01-03,-4.4,-6.7,-0.8,2659,0.0,0.36,1.4
2004-01-04,-5.3,-6.9,-2.9,3855,0.3,0.35,2.4
2004-01-05,-7.1,-11.2,-3.5,4773,0.0,0.26,2.2
2004-01-06,-6.1,-12.0,0.2,2347,9.7,0.25,2.9
2004-01-07,2.5,0.1,3.7,1814,0.2,0.59,2.0
2004-01-08,1.7,-0.9,4.9,3820,0.0,0.56,2.5
2004-01-09,0.6,-1.5,2.4,1857,0.3,0.53,2.5
2004-01-10,1.7,-0.1,2.8,1880,1.0,0.58,2.3
2004-01-11,3.2,-0.1,7.2,1905,9.6,0.6,3.5
2004-01-12,3.2,1.1,6.5,4072,0.7,0.64,3.7
2004-01-13,3.4,0.9,6.2,1957,5.9,0.63,4.2
2004-01-14,4.9,1.6,6.3,2031,3.7,0.66,4.8
2004-01-15,2.1,0.9,3.1,2106,2.4,0.63,3.3
2004-01-16,2.9,0.6,4.9,2184,5.8,0.62,4.2
2004-01-17,4.3,0.9,5.9,2077,5.1,0.63,3.0
2004-01-18,-0.1,-3.4,1.6,3151,0.0,0.46,2.5
2004-01-19,-0.3,-3.0,1.6,2143,5.2,0.48,3.7
2004-01-20,0.3,-1.5,1.8,2179,0.1,0.53,2.8
2004-01-21,-1.8,-5.3,0.2,3584,0.0,0.4,1.6
2004-01-22,-5.6,-9.7,-3.1,2450,0.0,0.29,1.6
2004-01-23,-7.4,-11.8,-2.5,4292,0.0,0.25,1.9
2004-01-24,-7.5,-11.8,-3.3,5619,0.3,0.25,2.1
2004-01-25,-7.2,-9.0,-5.6,2373,0.5,0.3,1.7
2004-01-26,-4.6,-6.1,-3.4,2415,0.1,0.37,1.7
2004-01-27,-3.6,-6.6,-1.2,2668,0.0,0.36,1.6
2004-01-28,-2.8,-6.4,0.2,3829,0.0,0.37,2.6
2004-01-29,-1.1,-3.7,1.3,4159,1.2,0.45,3.6
2004-01-30,0.4,-1.5,1.7,3574,0.4,0.53,3.9
2004-01-31,2.8,-0.9,7.3,2700,4.4,0.57,4.7
2004-02-01,8.1,5.4,10.3,2695,11.6,0.87,5.0
2004-02-02,7.7,4.9,10.3,3421,6.6,0.85,3.9
2004-02-03,9.4,6.3,11.7,2797,4.1,0.93,3.3
2004-02-04,12.4,10.7,14.0,2908,0.0,1.24,3.8
2004-02-05,13.3,10.3,15.0,2904,3.0,1.21,4.3
2004-02-06,11.3,9.5,13.4,2959,5.0,1.14,3.5
2004-02-07,7.7,3.3,13.1,3974,2.4,0.78,5.3
2004-02-08,2.9,0.7,5.2,3740,3.7,0.63,5.3
2004-02-09,1.2,-1.5,4.4,5096,0.2,0.53,4.8
2004-02-10,0.3,-2.1,2.6,3192,9.3,0.51,3.3
2004-02-11,0.3,-5.0,2.8,4448,0.1,0.41,2.8
2004-02-12,-2.4,-6.0,-0.1,3442,0.2,0.38,1.4
2004-02-13,2.6,-0.3,5.0,3377,0.1,0.58,2.1
2004-02-14,4.1,2.2,6.4,3441,0.0,0.7,1.6
2004-02-15,2.1,0.1,4.3,3506,0.0,0.59,1.6
2004-02-16,0.4,-1.4,2.0,3572,0.0,0.53,1.8
2004-02-17,3.4,1.6,5.1,3639,0.1,0.66,2.3
2004-02-18,2.9,0.1,5.8,5281,0.0,0.6,2.4
2004-02-19,0.0,-3.3,3.4,7446,0.0,0.47,3.7
2004-02-20,-1.1,-5.4,4.2,10711,0.0,0.41,3.5
2004-02-21,0.4,-4.3,6.9,9515,0.0,0.45,2.6
2004-02-22,1.0,-1.6,5.3,6138,0.0,0.53,2.2
2004-02-23,0.2,-2.1,2.2,4060,0.0,0.51,2.7
2004-02-24,0.5,-5.0,5.0,10221,0.4,0.43,2.6
2004-02-25,0.5,-2.4,2.5,4504,1.5,0.5,2.9
2004-02-26,-0.9,-4.2,3.2,7732,0.0,0.44,2.4
2004-02-27,-1.5,-4.7,1.7,4964,0.0,0.42,1.4
2004-02-28,-0.5,-4.2,4.1,9648,0.0,0.44,1.3
2004-02-29,-1.1,-5.3,3.1,5751,0.0,0.41,1.9
2004-03-01,0.0,-2.6,3.6,7957,2.5,0.49,2.6
2004-03-02,3.2,1.2,5.2,4667,1.6,0.64,3.2
2004-03-03,2.9,-3.7,6.5,10906,0.0,0.47,2.7
2004-03-04,-1.3,-5.1,1.9,6524,0.0,0.41,1.9
2004-03-05,-1.2,-5.7,4.1,13644,0.0,0.4,3.0
2004-03-06,-1.1,-4.8,3.1,8864,0.1,0.42,2.2
2004-03-07,0.3,-2.5,3.5,6318,0.9,0.5,1.7
2004-03-08,1.0,-3.3,6.5,10787,0.0,0.48,2.0
2004-03-09,1.3,0.5,3.2,5403,0.7,0.61,2.6
2004-03-10,1.6,0.3,2.9,5316,0.3,0.6,2.7
2004-03-11,3.7,1.3,7.7,5832,0.0,0.65,2.3
2004-03-12,4.8,-0.2,10.5,10726,0.0,0.61,3.0
2004-03-13,6.9,2.3,11.6,6626,2.8,0.72,2.8
2004-03-14,8.6,4.8,15.3,10723,0.0,0.87,2.7
2004-03-15,10.3,6.4,14.6,7173,0.0,0.96,3.4
2004-03-16,11.4,7.3,14.6,5822,0.0,1.01,2.8
2004-03-17,13.7,7.5,21.3,14949,0.0,1.07,2.0
2004-03-18,12.2,7.0,17.7,12348,0.0,1.01,1.6
2004-03-19,12.6,8.4,16.3,7193,3.8,1.09,4.3
2004-03-20,9.8,6.4,14.1,7756,5.4,0.95,5.9
2004-03-21,9.9,5.6,13.5,12385,0.0,0.9,6.4
2004-03-22,6.6,2.4,11.8,9571,1.3,0.73,3.8
2004-03-23,5.8,-0.2,11.2,13229,0.0,0.62,1.8
2004-03-24,5.6,2.4,10.3,6991,0.0,0.72,3.0
2004-03-25,2.4,-0.9,4.8,6594,0.0,0.56,2.7
2004-03-26,0.7,-2.0,4.3,6877,0.0,0.52,2.1
2004-03-27,1.6,-2.8,7.6,14864,0.0,0.5,1.7
2004-03-28,4.8,-0.5,8.5,6853,0.0,0.59,1.7
2004-03-29,8.4,4.3,13.7,11244,0.0,0.83,1.7
2004-03-30,9.4,2.6,16.1,18416,0.0,0.77,2.7
2004-03-31,9.5,2.5,16.2,19288,0.0,0.76,2.5
2004-04-01,10.4,4.5,16.8,18022,0.0,0.87,3.2
2004-04-02,9.8,4.9,15.7,17868,0.0,0.87,3.5
2004-04-03,10.1,3.5,17.5,13778,0.5,0.82,2.7
2004-04-04,9.8,6.0,15.7,9322,3.0,0.94,3.3
2004-04-05,7.7,3.4,13.1,14548,0.5,0.78,3.3
2004-04-06,5.5,2.3,10.9,10355,8.6,0.72,3.1
2004-04-07,6.0,1.5,10.8,11831,3.4,0.68,2.6
2004-04-08,4.9,1.4,9.9,9913,3.2,0.67,2.4
2004-04-09,5.5,2.3,10.7,10115,1.3,0.71,2.3
2004-04-10,5.3,1.2,9.7,13330,0.4,0.66,2.4
2004-04-11,6.2,-0.2,13.0,20796,0.0,0.63,2.1
2004-04-12,6.0,0.9,9.6,8764,0.0,0.65,2.1
2004-04-13,8.7,4.9,12.1,10596,0.0,0.85,1.8
2004-04-14,9.9,2.8,16.7,22874,0.0,0.78,1.7
2004-04-15,11.7,2.5,19.5,22801,0.0,0.79,1.8
2004-04-16,13.6,6.6,20.7,22169,0.0,1.02,1.7
2004-04-17,13.2,6.4,19.9,20416,0.0,1.0,1.9
2004-04-18,14.0,6.0,21.5,18086,0.5,1.0,2.6
2004-04-19,10.6,5.6,14.8,9335,3.6,0.91,2.4
2004-04-20,10.9,4.4,18.0,14034,0.0,0.87,1.6
2004-04-21,14.4,6.8,21.4,12886,0.0,1.04,1.5
2004-04-22,16.4,10.3,22.2,22402,0.0,1.28,1.5
2004-04-23,10.3,7.1,13.5,8961,4.7,0.98,2.4
2004-04-24,8.8,5.9,12.7,9492,0.2,0.91,2.3
2004-04-25,11.3,3.9,18.0,20586,0.2,0.85,1.8
2004-04-26,12.1,9.4,15.2,9177,0.2,1.15,1.7
2004-04-27,12.9,9.5,18.3,12830,0.0,1.18,1.9
2004-04-28,14.0,6.9,20.5,24736,0.0,1.04,2.5
2004-04-29,14.8,7.6,21.2,22875,0.0,1.09,2.8
2004-04-30,17.2,10.4,24.1,24032,0.0,1.3,3.3
2004-05-01,17.9,12.0,24.8,17941,0.0,1.43,2.3
2004-05-02,13.5,11.9,15.2,9584,1.3,1.34,2.0
2004-05-03,16.0,11.1,22.1,17528,2.5,1.33,1.8
2004-05-04,16.0,10.2,22.2,16079,0.3,1.27,2.1
2004-05-05,16.1,11.4,21.4,18521,7.7,1.34,2.0
2004-05-06,14.3,10.3,21.6,13390,11.7,1.26,2.1
2004-05-07,12.1,6.9,17.7,12152,1.2,1.01,3.3
2004-05-08,10.5,4.8,14.2,14240,0.0,0.86,2.7
2004-05-09,10.5,8.3,12.7,10013,0.6,1.06,2.0
2004-05-10,14.9,9.9,20.2,15089,1.6,1.22,2.2
2004-05-11,14.4,11.2,19.0,15275,0.8,1.31,2.0
2004-05-12,10.3,9.0,11.5,10660,0.6,1.1,2.1
2004-05-13,9.2,3.7,11.4,10714,0.5,0.78,2.1
2004-05-14,9.6,2.8,15.9,16666,0.0,0.78,1.4
2004-05-15,11.0,5.9,14.1,10457,2.2,0.91,2.8
2004-05-16,13.4,8.7,17.8,21256,0.0,1.12,2.4
2004-05-17,15.2,12.1,19.4,11644,0.0,1.39,1.6
2004-05-18,16.4,9.9,21.5,20414,0.0,1.25,2.1
2004-05-19,15.6,7.3,22.9,21565,0.0,1.09,2.9
2004-05-20,13.7,8.9,18.9,19802,0.0,1.15,2.0
2004-05-21,11.5,7.2,14.0,12196,0.0,0.99,2.5
2004-05-22,9.0,4.2,14.8,23074,2.3,0.83,3.1
2004-05-23,7.7,4.3,14.4,16791,2.6,0.84,3.3
2004-05-24,8.9,3.7,12.4,13543,0.1,0.79,2.5
2004-05-25,10.5,6.5,15.6,12973,0.1,0.96,2.5
2004-05-26,10.1,5.8,15.4,15212,0.1,0.92,2.4
2004-05-27,10.3,5.7,16.5,14394,0.1,0.92,1.8
2004-05-28,13.4,5.9,20.8,28020,0.0,0.98,1.6
2004-05-29,15.5,7.4,22.4,29781,0.0,1.08,1.5
2004-05-30,17.9,10.1,25.1,28967,0.0,1.3,1.8
2004-05-31,19.4,11.7,25.3,23978,0.0,1.43,2.1
2004-06-01,16.3,11.9,24.3,20699,5.1,1.42,1.6
2004-06-02,15.4,11.8,20.0,13116,0.0,1.38,1.8
2004-06-03,19.1,12.4,25.5,25186,0.0,1.48,2.1
2004-06-04,15.9,12.5,22.3,17224,4.0,1.45,1.7
2004-06-05,14.7,11.8,18.7,13805,3.0,1.36,2.0
2004-06-06,16.3,10.3,21.5,28347,0.0,1.26,1.6
2004-06-07,18.2,11.1,24.6,20002,0.0,1.37,1.6
2004-06-08,20.5,14.3,26.9,24455,0.0,1.66,1.7
2004-06-09,15.7,12.8,19.3,15115,13.0,1.45,2.0
2004-06-10,19.2,15.2,23.6,16855,0.0,1.72,1.8
2004-06-11,19.1,13.9,25.2,16746,8.4,1.61,2.6
2004-06-12,15.3,11.5,19.7,22058,0.2,1.33,2.5
2004-06-13,14.2,11.5,18.3,14674,18.0,1.33,2.3
2004-06-14,15.8,9.8,21.1,20108,0.0,1.23,2.6
2004-06-15,18.0,11.5,24.3,18389,1.4,1.38,3.4
2004-06-16,13.6,9.3,18.1,22957,0.0,1.17,3.5
2004-06-17,12.9,8.4,19.6,12235,10.5,1.12,3.1
2004-06-18,14.4,10.9,19.3,14827,0.3,1.29,2.6
2004-06-19,13.6,7.8,17.7,18033,2.6,1.06,2.4
2004-06-20,13.9,6.4,19.9,23086,0.0,1.0,1.8
2004-06-21,15.7,10.5,20.3,26657,0.5,1.28,1.9
2004-06-22,16.2,9.2,21.3,19627,0.3,1.18,1.7
2004-06-23,16.8,12.4,22.1,17033,11.5,1.44,3.4
2004-06-24,16.3,12.2,21.0,18133,0.0,1.41,4.6
2004-06-25,13.9,10.0,17.7,17631,0.7,1.2,3.7
2004-06-26,14.9,11.0,19.7,18235,0.0,1.3,2.1
2004-06-27,16.9,11.0,21.3,11699,0.1,1.33,1.7
2004-06-28,16.8,11.9,22.1,22636,0.5,1.4,3.2
2004-06-29,15.2,10.8,20.1,21388,0.0,1.3,2.7
2004-06-30,17.4,11.4,22.8,16205,0.0,1.36,1.8
2004-07-01,17.1,12.1,22.8,18520,0.7,1.42,2.7
2004-07-02,15.8,11.0,22.1,22551,0.1,1.33,2.5
2004-07-03,13.8,9.6,20.1,19211,10.8,1.21,3.2
2004-07-04,16.2,10.3,21.6,19553,0.6,1.26,2.6
2004-07-05,15.6,11.3,19.1,18421,0.6,1.31,2.2
2004-07-06,15.1,10.0,20.8,25132,0.0,1.23,2.0
2004-07-07,18.8,10.7,25.5,27668,0.0,1.34,2.2
2004-07-08,18.8,15.3,25.1,16371,9.7,1.75,2.1
2004-07-09,18.8,15.6,23.9,16950,0.2,1.75,3.0
2004-07-10,15.7,12.5,20.6,16304,0.0,1.43,3.1
2004-07-11,15.7,10.3,20.9,22615,5.5,1.27,3.1
2004-07-12,13.5,12.2,16.7,11351,5.1,1.38,3.3
2004-07-13,13.8,11.7,17.1,11438,0.4,1.35,3.2
2004-07-14,15.2,11.9,20.1,15784,0.9,1.39,2.7
2004-07-15,17.2,13.1,22.3,13918,0.2,1.49,2.6
2004-07-16,17.2,14.8,20.5,12662,3.1,1.64,1.7
2004-07-17,21.5,14.3,28.4,22447,9.5,1.68,1.8
2004-07-18,22.2,17.2,29.8,24694,10.3,2.0,1.9
2004-07-19,20.0,15.7,25.3,19067,0.0,1.78,1.8
2004-07-20,21.2,14.7,28.9,19978,8.8,1.72,2.0
2004-07-21,20.1,15.6,25.3,17627,0.0,1.77,1.6
2004-07-22,17.0,15.2,20.0,15040,12.4,1.69,1.3
2004-07-23,20.9,13.8,28.2,23288,4.7,1.65,1.8
2004-07-24,20.1,13.5,25.9,19735,0.0,1.59,2.2
2004-07-25,17.5,12.3,23.9,18230,3.6,1.45,2.0
2004-07-26,14.7,11.8,19.7,12778,0.6,1.36,1.8
2004-07-27,15.4,10.9,21.5,17502,0.0,1.32,1.8
2004-07-28,17.4,11.4,24.2,22206,0.0,1.38,1.5
2004-07-29,19.0,11.0,26.2,28081,0.0,1.39,1.9
2004-07-30,21.7,14.4,28.7,27276,0.0,1.7,1.5
2004-07-31,22.6,15.2,29.9,23270,0.0,1.81,1.3
2004-08-01,20.6,15.1,26.8,22000,0.0,1.73,1.6
2004-08-02,20.5,13.7,26.8,23094,0.0,1.6,1.4
2004-08-03,20.4,14.5,26.0,20059,0.0,1.68,1.4
2004-08-04,22.5,16.0,30.2,24672,0.0,1.89,1.4
2004-08-05,24.3,17.7,30.9,23869,0.0,2.08,2.0
2004-08-06,23.1,16.6,30.0,25989,0.0,1.93,2.1
2004-08-07,23.0,16.5,29.8,24948,0.0,1.94,2.1
2004-08-08,23.6,16.6,30.8,24724,0.0,1.96,2.5
2004-08-09,23.6,16.8,30.8,23687,0.0,1.97,2.5
2004-08-10,24.5,17.7,31.6,24732,0.0,2.1,2.6
2004-08-11,24.7,18.6,31.0,17014,0.0,2.19,1.7
2004-08-12,24.8,17.4,31.8,24155,11.4,2.07,1.7
2004-08-13,19.1,15.6,23.8,15224,0.2,1.75,3.2
2004-08-14,18.1,14.5,23.2,13535,3.7,1.64,2.5
2004-08-15,18.8,12.6,25.5,23678,0.0,1.49,1.9
2004-08-16,21.5,14.5,27.8,17324,0.0,1.7,2.0
2004-08-17,21.6,16.2,26.7,14738,0.0,1.84,1.9
2004-08-18,21.7,17.1,27.6,15991,0.0,1.95,2.3
2004-08-19,22.8,18.4,29.6,15440,0.0,2.13,3.3
2004-08-20,18.9,14.8,24.6,12884,7.7,1.67,2.8
2004-08-21,16.9,12.9,21.9,13457,1.5,1.48,2.6
2004-08-22,15.5,11.2,20.8,20326,0.0,1.33,2.0
2004-08-23,16.4,10.8,21.7,16234,0.0,1.3,1.9
2004-08-24,17.7,13.0,24.2,10859,22.9,1.51,2.4
2004-08-25,16.5,13.0,21.6,10769,0.3,1.49,3.2
2004-08-26,15.7,12.9,20.9,11113,7.5,1.47,3.0
2004-08-27,15.9,13.9,19.1,10586,2.5,1.54,3.0
2004-08-28,17.3,14.1,23.4,11677,2.0,1.59,2.1
2004-08-29,16.5,13.6,21.5,12326,9.7,1.55,1.8
2004-08-30,14.9,11.7,18.6,9029,8.3,1.35,2.9
2004-08-31,13.6,10.3,17.5,11588,2.8,1.24,3.0
2004-09-01,14.0,10.9,18.5,15275,0.0,1.29,2.3
2004-09-02,16.0,9.4,23.1,20489,0.0,1.22,1.4
2004-09-03,18.2,11.6,26.7,20645,0.0,1.44,1.3
2004-09-04,19.4,13.0,26.8,20278,0.0,1.56,1.1
2004-09-05,19.3,13.2,26.5,20529,0.0,1.57,1.5
2004-09-06,19.6,13.5,26.9,19854,0.0,1.6,1.6
2004-09-07,18.7,11.7,25.8,18472,0.0,1.43,1.9
2004-09-08,15.3,9.0,22.5,18821,0.0,1.18,2.0
2004-09-09,13.5,7.0,20.2,19563,0.0,1.04,1.9
2004-09-10,15.2,7.0,23.3,19296,0.0,1.08,2.4
2004-09-11,17.6,13.8,24.6,10518,2.0,1.59,2.3
2004-09-12,16.5,11.3,21.0,12275,0.1,1.34,3.5
2004-09-13,15.1,9.4,21.4,10004,0.0,1.21,3.1
2004-09-14,18.3,13.9,24.2,11736,0.1,1.59,3.1
2004-09-15,15.4,10.6,20.1,14403,0.0,1.27,3.3
2004-09-16,12.5,8.7,18.5,13686,0.0,1.12,1.9
2004-09-17,13.6,7.4,20.3,17620,0.0,1.06,2.0
2004-09-18,15.4,7.6,23.7,17448,0.0,1.11,2.1
2004-09-19,15.1,10.2,20.4,10000,0.0,1.26,2.0
2004-09-20,14.7,10.0,19.0,8311,2.0,1.22,3.3
2004-09-21,12.3,9.4,15.5,7383,1.7,1.15,5.3
2004-09-22,11.5,8.8,15.6,8925,0.0,1.1,4.7
2004-09-23,10.7,8.4,15.2,6649,6.2,1.08,4.0
2004-09-24,11.9,8.4,16.0,7006,2.0,1.08,3.5
2004-09-25,12.4,9.3,17.4,7975,0.4,1.15,2.9
2004-09-26,10.6,8.5,14.8,6201,0.6,1.09,2.3
2004-09-27,12.2,9.9,16.1,5851,0.6,1.19,2.7
2004-09-28,12.8,9.3,14.9,6283,6.1,1.15,2.4
2004-09-29,13.1,9.9,16.6,5764,3.8,1.2,2.8
2004-09-30,10.6,7.1,15.1,8221,0.0,0.99,1.5
2004-10-01,10.7,6.7,16.4,7020,0.0,0.98,1.6
2004-10-02,11.3,5.7,16.4,6672,0.0,0.93,2.0
2004-10-03,13.3,9.0,19.2,13081,0.0,1.15,1.9
2004-10-04,13.9,6.9,20.1,9578,0.0,1.02,2.4
2004-10-05,18.5,12.5,24.8,12520,0.0,1.49,2.3
2004-10-06,14.4,10.9,17.3,6130,0.3,1.28,2.4
2004-10-07,12.0,7.9,18.1,12050,0.0,1.07,2.4
2004-10-08,8.8,5.5,12.6,5006,0.0,0.89,1.6
2004-10-09,7.3,3.9,12.0,7792,0.0,0.8,1.7
2004-10-10,6.4,1.6,12.7,9520,0.0,0.7,2.4
2004-10-11,5.7,1.3,11.9,12121,0.0,0.68,3.2
2004-10-12,5.0,-0.2,10.7,11962,0.0,0.61,3.4
2004-10-13,7.4,2.4,12.7,8762,0.0,0.74,2.6
2004-10-14,7.1,2.9,13.3,9519,0.0,0.76,2.6
2004-10-15,7.1,3.3,10.0,4089,6.4,0.76,2.4
2004-10-16,8.0,5.4,10.7,4232,4.0,0.87,2.0
2004-10-17,7.4,4.3,10.8,5436,1.9,0.81,3.0
2004-10-18,9.1,7.1,11.4,4296,2.6,0.98,3.8
2004-10-19,8.8,5.6,13.9,9770,0.0,0.9,1.7
2004-10-20,8.4,2.3,13.1,7302,1.2,0.74,2.7
2004-10-21,11.9,6.0,19.8,8006,0.4,0.97,3.3
2004-10-22,10.5,5.3,16.4,9696,0.0,0.91,2.8
2004-10-23,13.1,8.0,16.8,4066,0.2,1.06,3.3
2004-10-24,16.4,12.9,20.2,6611,0.3,1.47,2.7
2004-10-25,14.3,10.3,19.4,5993,0.0,1.24,3.1
2004-10-26,11.3,8.6,14.2,4239,0.0,1.09,1.7
2004-10-27,9.6,7.0,13.6,6248,0.0,0.99,1.8
2004-10-28,9.2,8.0,10.3,3222,0.1,1.03,2.1
2004-10-29,10.8,8.2,14.9,3532,3.4,1.07,1.6
2004-10-30,11.0,10.0,11.8,3104,2.2,1.19,1.4
2004-10-31,11.3,9.0,13.6,3166,0.0,1.11,1.7
2004-11-01,9.1,7.5,10.4,2990,0.0,1.0,2.0
2004-11-02,9.0,7.1,11.8,3931,0.0,0.98,2.4
2004-11-03,9.9,7.3,12.3,3749,0.0,0.99,1.7
2004-11-04,11.6,9.2,14.5,3056,0.0,1.13,1.6
2004-11-05,9.4,5.6,12.1,4641,0.4,0.89,3.1
2004-11-06,7.0,4.5,9.6,3785,1.2,0.82,2.9
2004-11-07,5.4,1.8,7.9,2950,1.7,0.68,2.0
2004-11-08,3.0,-0.9,4.9,3388,0.5,0.56,1.4
2004-11-09,4.4,2.4,7.0,2577,9.6,0.7,2.4
2004-11-10,3.7,0.8,6.9,3543,0.0,0.63,2.2
2004-11-11,2.5,0.1,3.8,2486,0.0,0.6,1.3
2004-11-12,3.9,1.7,6.5,2493,7.0,0.67,2.7
2004-11-13,4.2,-0.5,7.3,4609,0.5,0.58,3.1
2004-11-14,0.4,-1.6,2.2,2357,0.0,0.52,2.0
2004-11-15,3.5,0.0,6.3,3221,0.8,0.59,2.6
2004-11-16,6.8,5.1,8.9,2972,9.3,0.85,2.6
2004-11-17,8.6,5.6,11.3,2239,12.4,0.89,4.1
2004-11-18,7.4,2.3,11.5,2202,15.0,0.72,5.2
2004-11-19,1.0,-0.4,2.9,3272,1.2,0.57,3.9
2004-11-20,1.5,0.0,2.3,2131,0.1,0.59,3.9
2004-11-21,1.3,-1.4,4.8,3651,2.4,0.54,2.6
2004-11-22,5.0,0.4,10.0,2065,6.5,0.63,4.5
2004-11-23,5.1,0.1,9.9,4156,0.0,0.61,4.1
2004-11-24,-0.3,-2.4,3.1,5157,0.0,0.5,1.5
2004-11-25,0.7,-1.3,5.6,3831,0.0,0.54,1.8
2004-11-26,0.3,-2.8,2.7,2979,2.0,0.48,2.5
2004-11-27,5.2,2.0,7.2,1922,0.8,0.69,2.6
2004-11-28,5.2,3.5,6.1,1897,4.9,0.76,1.6
2004-11-29,5.0,2.1,6.4,1873,0.1,0.69,1.2
2004-11-30,3.1,1.8,4.0,1850,0.0,0.67,2.1
2004-12-01,4.0,2.6,5.2,1828,0.0,0.71,1.7
2004-12-02,2.8,0.1,4.8,1808,0.0,0.6,1.7
2004-12-03,2.4,0.4,3.7,1788,0.0,0.61,1.7
2004-12-04,3.2,-0.4,5.9,2654,0.0,0.58,2.2
2004-12-05,2.2,-0.5,6.4,1753,0.2,0.58,2.5
2004-12-06,6.7,5.8,7.8,1737,0.0,0.89,2.4
2004-12-07,6.5,4.2,7.2,1723,0.0,0.79,2.1
2004-12-08,4.4,3.0,5.5,1709,0.0,0.73,1.9
2004-12-09,3.6,-0.3,4.3,1697,0.0,0.58,1.9
2004-12-10,-0.5,-2.0,1.8,3804,0.0,0.51,1.5
2004-12-11,-1.0,-4.8,1.5,1675,0.1,0.42,1.4
2004-12-12,2.5,1.4,3.4,1666,0.1,0.65,1.2
2004-12-13,1.0,-1.5,2.1,1659,0.0,0.53,1.4
2004-12-14,-2.2,-4.4,-1.3,1652,0.0,0.42,1.9
2004-12-15,0.1,-4.6,4.9,4294,0.0,0.44,2.4
2004-12-16,1.9,-0.2,5.2,4245,0.9,0.59,2.9
2004-12-17,3.6,0.4,6.6,1639,3.3,0.62,3.8
2004-12-18,2.5,0.4,4.1,2396,4.5,0.61,4.2
2004-12-19,-0.2,-3.5,0.8,1955,1.6,0.46,2.5
2004-12-20,-1.0,-4.1,2.6,3993,0.0,0.44,2.4
2004-12-21,-0.9,-4.3,4.0,3836,0.0,0.44,1.6
2004-12-22,-2.8,-6.4,0.9,1680,1.8,0.37,3.8
2004-12-23,4.3,0.7,8.3,1643,3.5,0.63,4.9
2004-12-24,6.6,3.1,8.6,2090,1.7,0.74,5.0
2004-12-25,5.6,0.7,9.2,2137,0.5,0.64,3.3
2004-12-26,1.8,-0.4,3.7,1661,5.0,0.58,1.8
2004-12-27,2.3,0.1,3.9,1669,0.7,0.6,2.3
2004-12-28,0.6,-0.8,2.6,2532,0.4,0.56,2.9
2004-12-29,1.9,0.2,2.6,1689,0.5,0.6,2.3
2004-12-30,3.1,0.3,4.9,1700,0.0,0.6,3.1
2004-12-31,5.8,4.4,6.8,1713,3.5,0.8,2.8
2005-01-01,5.5,4.0,7.3,1878,0.4,0.78,2.7
2005-01-02,5.3,3.4,7.9,2017,5.5,0.76,5.4
2005-01-03,4.1,0.4,6.2,1784,4.7,0.62,5.0
2005-01-04,7.5,6.0,8.6,1758,0.8,0.9,5.2
2005-01-05,5.6,3.6,7.1,2831,2.2,0.76,3.5
2005-01-06,5.3,3.2,8.1,2262,0.2,0.75,4.1
2005-01-07,8.2,4.9,10.6,1814,0.0,0.85,5.0
2005-01-08,9.2,5.7,12.4,3474,0.6,0.9,5.8
2005-01-09,6.4,3.1,8.7,3075,0.0,0.75,4.3
2005-01-10,9.7,6.1,14.0,2801,0.0,0.93,3.9
2005-01-11,7.9,4.1,9.4,1905,0.0,0.8,3.1
2005-01-12,7.6,4.2,10.4,1930,0.0,0.8,3.5
2005-01-13,3.6,1.7,6.0,2272,0.3,0.67,3.8
2005-01-14,3.8,1.6,5.8,2258,0.0,0.67,2.5
2005-01-15,2.1,-0.9,3.8,2014,0.0,0.56,1.5
2005-01-16,0.0,-3.1,4.0,5476,0.0,0.48,2.0
2005-01-17,1.4,-2.0,6.2,3013,0.2,0.52,2.9
2005-01-18,4.2,1.5,5.5,2109,5.0,0.66,3.6
2005-01-19,2.4,-0.7,5.7,2957,3.3,0.57,3.7
2005-01-20,3.8,1.5,5.6,2179,13.1,0.66,6.3
2005-01-21,3.3,0.6,6.0,3095,7.7,0.62,5.8
2005-01-22,1.4,-0.3,4.4,4379,0.0,0.58,3.6
2005-01-23,0.4,-1.2,3.0,3842,2.6,0.54,3.0
2005-01-24,-0.6,-2.2,1.4,2483,1.5,0.5,3.5
2005-01-25,-1.7,-3.3,-0.9,2373,0.0,0.46,3.0
2005-01-26,-3.5,-5.0,-2.6,3865,0.0,0.4,2.9
2005-01-27,-2.6,-3.7,-1.7,2459,3.5,0.45,1.6
2005-01-28,-2.5,-3.8,-1.4,2504,0.0,0.44,1.1
2005-01-29,-3.9,-6.9,-2.8,2550,0.2,0.35,1.4
2005-01-30,-1.4,-5.5,2.4,2597,1.5,0.4,2.5
2005-01-31,3.5,0.6,5.8,2645,2.5,0.62,4.1
2005-02-01,1.6,-2.0,4.9,6478,0.0,0.52,3.4
2005-02-02,1.5,-1.1,3.7,2745,0.9,0.54,3.2
2005-02-03,2.6,0.1,5.3,3994,0.0,0.59,2.0
2005-02-04,1.5,-0.1,3.4,2850,0.9,0.58,1.6
2005-02-05,-0.8,-5.7,3.3,7871,0.0,0.4,2.6
2005-02-06,-3.4,-6.6,2.3,7751,0.0,0.37,2.3
2005-02-07,-4.1,-8.3,1.8,7987,0.0,0.33,2.2
2005-02-08,-3.1,-7.6,2.5,7682,0.0,0.35,1.8
2005-02-09,0.1,-3.4,3.7,7061,0.6,0.47,2.0
2005-02-10,3.9,1.5,5.3,3192,5.4,0.66,4.0
2005-02-11,3.4,0.7,7.7,7278,0.7,0.64,2.7
2005-02-12,4.2,-0.5,10.1,3314,12.1,0.59,5.3
2005-02-13,1.9,-0.2,4.0,3377,5.4,0.58,5.5
2005-02-14,-0.5,-1.4,0.4,3441,1.6,0.53,4.0
2005-02-15,0.0,-1.0,0.7,3506,0.8,0.54,3.5
2005-02-16,0.2,-0.7,2.4,4173,0.3,0.56,3.3
2005-02-17,-1.1,-3.1,0.2,3639,0.1,0.47,1.8
2005-02-18,-2.9,-5.7,0.6,7334,0.8,0.39,2.6
2005-02-19,-0.9,-3.4,1.2,3775,0.1,0.46,2.3
2005-02-20,0.6,-1.0,3.1,3845,0.1,0.55,1.6
2005-02-21,-0.2,-2.8,3.4,5404,0.0,0.49,2.5
2005-02-22,-2.0,-4.5,0.0,5493,0.6,0.42,3.4
2005-02-23,-0.1,-1.3,1.0,4060,4.1,0.53,2.5
2005-02-24,-2.1,-5.9,0.3,4133,1.1,0.39,1.7
2005-02-25,0.1,-0.6,1.5,4207,0.9,0.56,1.5
2005-02-26,-1.0,-6.6,0.9,4282,2.6,0.37,2.0
2005-02-27,-5.3,-9.7,-1.3,7998,0.2,0.29,3.6
2005-02-28,-6.1,-11.1,-0.7,8881,0.5,0.27,2.6
2005-03-01,-3.6,-6.1,-0.2,8231,3.2,0.38,3.2
2005-03-02,-2.4,-5.0,1.6,6939,0.0,0.42,2.2
2005-03-03,-2.6,-5.9,0.7,4667,0.1,0.38,2.1
2005-03-04,-2.6,-5.9,0.6,6506,0.0,0.39,1.5
2005-03-05,-3.4,-6.8,1.7,6766,0.0,0.36,2.2
2005-03-06,-3.5,-6.2,-0.1,6540,0.5,0.38,2.6
2005-03-07,-1.3,-6.0,2.0,5070,0.0,0.39,2.6
2005-03-08,1.7,-1.9,3.9,5569,0.0,0.52,3.0
2005-03-09,-0.4,-5.0,3.0,5824,0.0,0.42,2.5
2005-03-10,-1.4,-6.7,4.3,14492,0.0,0.38,2.0
2005-03-11,1.5,-0.2,3.2,5316,6.4,0.58,5.0
2005-03-12,1.9,0.6,4.2,5486,2.7,0.61,4.9
2005-03-13,1.4,-1.1,6.0,9590,1.3,0.55,3.0
2005-03-14,2.9,-0.2,7.3,9800,0.0,0.59,2.4
2005-03-15,5.4,-0.7,10.1,6986,0.0,0.59,2.6
2005-03-16,12.6,7.3,18.9,6904,0.5,1.04,3.5
2005-03-17,13.0,10.6,16.2,6093,0.8,1.25,4.7
2005-03-18,10.9,6.5,13.5,5907,2.0,0.96,3.9
2005-03-19,2.2,-2.7,6.7,8848,0.0,0.5,2.5
2005-03-20,0.6,-4.4,6.6,16851,0.0,0.45,2.0
2005-03-21,2.0,-2.9,8.3,16370,0.0,0.5,2.3
2005-03-22,4.8,-2.9,13.2,15783,0.0,0.53,2.7
2005-03-23,7.9,2.5,12.7,6526,1.2,0.74,1.7
2005-03-24,10.8,6.7,17.8,11216,0.0,1.0,1.7
2005-03-25,11.3,5.2,18.2,12401,0.4,0.91,1.6
2005-03-26,9.2,7.7,11.2,6594,0.4,1.01,1.5
2005-03-27,8.9,6.9,11.3,6680,0.0,0.97,2.3
2005-03-28,8.1,3.6,13.7,16938,0.0,0.79,2.2
2005-03-29,8.0,2.4,14.5,16399,0.0,0.75,2.4
2005-03-30,7.5,2.6,13.4,18955,0.0,0.75,3.0
2005-03-31,5.9,-0.3,12.3,19424,0.0,0.62,2.5
2005-04-01,6.8,-0.3,14.4,19592,0.0,0.64,2.4
2005-04-02,8.7,0.2,17.3,19861,0.0,0.67,2.3
2005-04-03,11.6,1.0,21.0,19102,0.0,0.75,1.9
2005-04-04,13.5,4.6,21.4,19674,0.0,0.92,1.9
2005-04-05,8.7,4.5,14.0,9322,1.1,0.84,2.5
2005-04-06,10.3,3.1,16.4,17898,0.0,0.79,2.8
2005-04-07,11.1,7.1,14.5,10882,4.9,1.0,3.9
2005-04-08,8.1,3.7,13.7,12678,1.0,0.8,2.5
2005-04-09,5.3,2.6,9.8,9700,0.2,0.72,2.7
2005-04-10,5.1,-0.7,10.0,10971,0.0,0.59,2.2
2005-04-11,8.9,4.8,14.3,13222,0.0,0.86,2.4
2005-04-12,10.9,5.1,15.6,12790,0.0,0.89,1.7
2005-04-13,12.2,9.1,16.7,12787,0.0,1.15,1.3
2005-04-14,14.1,7.3,20.2,13327,0.0,1.05,1.6
2005-04-15,15.8,10.5,22.6,17823,0.0,1.3,2.1
2005-04-16,15.7,9.1,23.1,20815,0.0,1.19,3.1
2005-04-17,14.6,8.5,21.4,18956,0.0,1.13,3.1
2005-04-18,13.1,6.5,19.7,21195,0.0,1.0,2.4
2005-04-19,10.4,5.8,16.8,19762,0.0,0.94,3.0
2005-04-20,6.4,0.0,13.1,23702,0.0,0.64,3.1
2005-04-21,4.7,-2.2,11.1,23951,0.0,0.54,1.7
2005-04-22,7.2,0.5,14.0,22503,0.0,0.66,1.4
2005-04-23,8.5,2.7,15.3,21948,0.0,0.77,2.0
2005-04-24,9.9,2.8,16.5,24236,0.0,0.77,2.5
2005-04-25,11.1,6.4,16.5,15212,0.0,0.97,3.0
2005-04-26,12.3,5.4,19.2,24030,0.0,0.94,2.3
2005-04-27,10.2,6.3,15.6,10790,9.1,0.95,2.6
2005-04-28,11.2,5.5,17.6,22306,0.0,0.92,1.9
2005-04-29,12.9,5.3,18.7,18823,0.0,0.93,1.6
2005-04-30,15.9,9.7,22.3,16013,0.0,1.23,1.2
2005-05-01,19.5,12.6,26.6,24032,0.0,1.51,1.5
2005-05-02,22.3,13.2,32.0,22151,0.0,1.66,2.2
2005-05-03,17.7,13.9,24.0,15449,4.1,1.6,1.8
2005-05-04,14.3,10.4,19.8,13530,0.3,1.25,2.6
2005-05-05,11.6,7.0,16.0,18201,0.7,1.0,3.1
2005-05-06,9.0,5.7,15.1,13321,6.2,0.92,3.4
2005-05-07,7.7,4.6,11.5,14338,9.4,0.83,3.0
2005-05-08,7.9,4.8,14.0,17853,1.3,0.86,3.2
2005-05-09,6.8,3.7,11.5,16858,3.6,0.79,2.6
2005-05-10,6.7,4.0,11.1,13830,4.3,0.8,2.4
2005-05-11,6.8,3.8,12.5,13058,3.7,0.8,2.4
2005-05-12,7.8,3.9,13.7,16951,0.0,0.81,2.2
2005-05-13,11.3,4.4,18.1,23976,0.0,0.87,2.0
2005-05-14,11.9,8.3,18.0,12036,19.0,1.09,2.3
2005-05-15,9.9,7.1,12.9,14740,2.2,0.99,2.7
2005-05-16,12.2,6.7,18.5,21671,1.7,1.0,2.2
2005-05-17,7.8,6.0,10.6,11473,2.1,0.91,1.9
2005-05-18,9.4,4.4,14.0,17087,0.0,0.84,2.1
2005-05-19,10.7,2.8,16.9,25986,0.0,0.79,1.9
2005-05-20,14.3,5.6,21.0,23991,0.0,0.97,2.3
2005-05-21,17.3,9.8,24.3,17859,5.5,1.27,2.0
2005-05-22,17.2,14.1,22.0,15114,0.3,1.59,1.8
2005-05-23,16.1,12.8,20.2,12849,1.2,1.46,2.0
2005-05-24,15.4,10.4,20.8,19107,0.0,1.26,1.9
2005-05-25,18.6,12.4,24.6,24278,0.0,1.47,1.9
2005-05-26,21.5,13.9,28.2,25917,0.0,1.65,2.0
2005-05-27,24.2,15.9,31.6,27800,0.0,1.9,1.4
2005-05-28,25.9,17.6,33.3,29318,0.0,2.1,2.1
2005-05-29,21.6,17.1,27.2,28142,11.4,1.95,1.9
2005-05-30,14.5,10.4,18.4,12751,1.3,1.25,2.5
2005-05-31,11.3,7.5,17.1,16951,1.7,1.03,3.1
2005-06-01,10.0,6.1,13.8,11587,0.0,0.93,2.2
2005-06-02,12.4,4.9,16.4,15175,0.2,0.89,1.9
2005-06-03,20.2,12.9,26.6,21837,0.0,1.54,2.1
2005-06-04,18.3,12.4,22.2,19779,0.0,1.44,3.8
2005-06-05,14.0,11.5,18.4,15380,5.2,1.34,3.2
2005-06-06,11.3,8.3,13.4,11714,1.9,1.07,3.0
2005-06-07,9.7,6.6,13.2,11981,3.5,0.96,3.3
2005-06-08,11.7,6.8,16.8,18894,0.1,0.99,2.1
2005-06-09,13.5,5.6,20.6,19530,1.1,0.97,1.8
2005-06-10,12.3,8.5,18.1,12158,4.2,1.12,2.3
2005-06-11,10.3,6.5,14.9,15130,0.3,0.96,2.6
2005-06-12,10.7,6.8,15.0,16377,0.4,0.98,2.0
2005-06-13,13.6,6.0,20.8,23907,0.2,0.98,2.5
2005-06-14,18.8,9.7,27.3,23673,0.2,1.3,1.7
2005-06-15,20.4,15.3,26.4,23683,0.0,1.76,1.4
2005-06-16,21.2,15.4,27.4,24677,0.0,1.78,1.8
2005-06-17,19.6,16.4,23.0,11861,0.3,1.82,2.6
2005-06-18,17.3,11.8,23.3,27523,0.0,1.4,2.5
2005-06-19,18.9,10.3,25.8,28141,0.0,1.33,1.5
2005-06-20,20.1,12.0,27.4,30854,0.0,1.47,1.6
2005-06-21,23.2,15.2,31.6,26907,3.7,1.82,1.8
2005-06-22,18.4,14.0,23.0,23452,0.0,1.59,2.1
2005-06-23,20.5,11.7,27.5,30841,0.0,1.46,1.4
2005-06-24,23.9,16.1,30.7,23439,0.0,1.91,1.5
2005-06-25,22.8,14.7,33.6,21583,3.7,1.82,2.3
2005-06-26,19.0,12.8,25.2,29577,0.0,1.5,1.7
2005-06-27,18.7,12.0,25.2,30793,0.0,1.45,1.7
2005-06-28,18.0,11.3,24.4,29668,0.0,1.38,2.0
2005-06-29,19.5,11.3,26.0,27804,0.0,1.41,1.7
2005-06-30,19.3,13.9,24.8,23848,0.0,1.6,2.1
2005-07-01,17.1,14.3,19.2,11164,5.4,1.58,2.1
2005-07-02,18.6,14.0,24.6,17169,0.0,1.62,1.5
2005-07-03,21.6,14.8,28.0,24271,0.0,1.72,1.3
2005-07-04,23.6,15.9,30.3,28173,4.2,1.87,2.8
2005-07-05,13.8,11.4,21.5,11087,17.4,1.35,2.2
2005-07-06,13.1,11.4,14.4,11064,3.7,1.3,2.0
2005-07-07,15.2,12.2,20.2,13246,5.5,1.4,1.9
2005-07-08,14.7,13.5,17.0,11259,9.8,1.5,1.3
2005-07-09,17.4,13.9,21.8,14413,0.1,1.58,1.5
2005-07-10,21.5,14.6,28.3,29422,0.0,1.71,2.3
2005-07-11,21.8,14.0,28.6,29132,0.0,1.65,2.3
2005-07-12,23.4,15.5,30.6,27865,0.0,1.85,1.9
2005-07-13,23.6,16.1,30.4,28548,0.0,1.91,1.7
2005-07-14,22.6,16.3,28.8,23745,0.0,1.89,1.2
2005-07-15,22.7,16.2,31.1,22723,1.2,1.91,2.3
2005-07-16,19.0,14.8,24.2,23524,0.0,1.67,2.4
2005-07-17,17.5,13.0,22.7,21650,0.0,1.49,2.2
2005-07-18,21.1,15.3,27.5,21112,0.0,1.76,1.6
2005-07-19,20.4,16.2,24.5,16696,0.0,1.82,3.3
2005-07-20,16.8,11.8,22.4,16404,3.3,1.39,3.9
2005-07-21,13.4,12.0,14.6,10914,35.7,1.35,4.4
2005-07-22,16.1,14.0,19.4,13162,4.8,1.56,3.0
2005-07-23,14.1,12.8,15.7,10581,0.0,1.44,2.5
2005-07-24,17.5,13.6,23.4,16309,0.0,1.55,2.0
2005-07-25,19.2,15.4,26.8,15410,13.0,1.77,2.2
2005-07-26,17.8,15.0,21.4,13793,4.7,1.66,2.1
2005-07-27,18.4,14.3,23.7,16609,5.1,1.62,1.4
2005-07-28,23.0,17.6,29.7,19892,0.9,2.04,1.6
2005-07-29,23.9,20.3,29.6,18031,23.8,2.38,1.7
2005-07-30,21.6,17.7,26.5,21057,2.8,2.0,2.6
2005-07-31,20.1,15.4,25.4,20860,0.0,1.75,2.9
2005-08-01,16.8,11.8,21.1,22559,0.0,1.38,2.5
2005-08-02,17.1,10.7,22.7,21764,0.0,1.31,1.8
2005-08-03,15.9,14.3,17.3,9874,6.6,1.57,1.8
2005-08-04,16.0,11.7,21.7,17939,0.2,1.37,2.6
2005-08-05,16.2,10.6,22.2,16214,9.6,1.31,2.2
2005-08-06,14.0,11.9,18.3,14377,4.5,1.36,2.8
2005-08-07,12.6,9.7,17.6,15354,2.1,1.19,2.3
2005-08-08,13.7,8.1,20.0,22151,0.7,1.09,2.1
2005-08-09,13.1,11.5,14.6,10195,1.2,1.31,2.7
2005-08-10,13.4,11.9,15.8,9779,4.0,1.36,3.2
2005-08-11,15.1,12.6,19.4,11213,0.0,1.43,3.0
2005-08-12,16.5,11.5,21.6,19664,7.9,1.36,2.2
2005-08-13,14.1,11.2,16.6,9687,0.0,1.29,2.2
2005-08-14,15.0,11.4,19.5,9730,1.6,1.34,2.1
2005-08-15,17.8,13.7,23.1,13992,0.0,1.56,2.0
2005-08-16,16.6,11.4,23.1,22769,0.0,1.38,1.8
2005-08-17,16.4,10.6,23.3,18570,0.0,1.3,1.6
2005-08-18,19.2,12.3,26.5,24442,0.0,1.49,2.1
2005-08-19,20.9,14.5,27.9,23185,0.0,1.7,2.0
2005-08-20,21.4,16.1,27.9,19023,9.2,1.84,1.5
2005-08-21,21.1,16.5,28.1,21471,0.0,1.9,2.0
2005-08-22,20.0,13.0,27.6,21342,0.2,1.56,2.2
2005-08-23,16.6,15.2,18.2,8494,6.8,1.66,2.0
2005-08-24,17.9,15.6,22.5,16344,0.0,1.73,1.8
2005-08-25,16.8,13.4,20.9,8777,1.3,1.5,2.8
2005-08-26,14.7,9.8,19.8,16552,0.1,1.21,2.9
2005-08-27,15.8,9.5,21.8,20777,0.0,1.22,1.7
2005-08-28,17.3,11.4,23.3,19015,0.0,1.37,1.5
2005-08-29,20.4,13.9,27.6,21784,0.0,1.64,1.8
2005-08-30,19.3,13.5,26.0,21526,0.0,1.57,1.4
2005-08-31,19.5,13.8,26.5,21374,0.0,1.61,2.1
2005-09-01,20.2,14.2,28.4,20903,0.0,1.67,2.2
2005-09-02,18.9,12.9,25.3,15591,0.0,1.53,1.6
2005-09-03,17.9,13.8,21.2,9078,0.0,1.56,1.9
2005-09-04,17.5,10.3,25.8,20229,0.0,1.33,1.7
2005-09-05,18.8,12.8,26.1,20175,0.0,1.53,1.9
2005-09-06,19.1,11.8,27.1,20221,0.0,1.47,1.6
2005-09-07,20.4,12.9,28.5,19547,0.0,1.56,1.5
2005-09-08,21.7,13.9,29.8,19082,0.0,1.68,1.6
2005-09-09,21.6,15.1,29.4,18821,0.0,1.77,1.7
2005-09-10,20.9,15.5,28.0,14949,5.0,1.8,1.9
2005-09-11,17.5,16.3,18.5,6941,3.5,1.79,1.9
2005-09-12,16.8,11.2,18.8,6856,0.2,1.31,2.2
2005-09-13,14.5,10.8,20.9,14240,0.0,1.3,1.4
2005-09-14,15.0,9.0,21.0,13225,0.2,1.16,2.8
2005-09-15,16.2,12.2,21.6,14643,15.6,1.42,2.8
2005-09-16,11.4,8.6,12.8,6516,5.1,1.08,2.8
2005-09-17,10.6,6.5,17.3,14641,0.0,0.97,1.8
2005-09-18,10.9,4.8,18.2,17051,0.0,0.9,2.0
2005-09-19,12.3,6.4,19.8,16226,0.0,1.0,1.7
2005-09-20,13.1,8.7,19.3,15316,0.0,1.13,1.1
2005-09-21,13.8,10.2,18.7,6368,0.0,1.24,1.4
2005-09-22,13.9,9.5,21.4,16285,0.0,1.21,1.5
2005-09-23,14.4,8.1,22.6,16024,0.0,1.13,1.6
2005-09-24,16.3,10.2,23.9,14501,0.0,1.28,1.2
2005-09-25,16.7,10.9,23.4,14791,0.0,1.34,1.4
2005-09-26,14.8,12.0,18.0,8419,4.0,1.37,1.6
2005-09-27,14.7,9.6,21.0,12532,0.6,1.22,2.1
2005-09-28,12.7,9.1,17.0,6984,3.1,1.14,2.3
2005-09-29,10.5,8.3,15.0,7060,7.1,1.08,2.8
2005-09-30,10.7,7.6,15.9,8502,0.0,1.04,2.3
2005-10-01,10.3,6.2,15.5,7204,8.9,0.95,2.4
2005-10-02,11.6,10.1,13.2,5173,0.0,1.2,1.5
2005-10-03,12.6,9.4,15.6,5175,0.0,1.15,1.7
2005-10-04,14.4,11.8,19.3,9870,0.0,1.36,2.6
2005-10-05,14.4,9.8,20.1,12106,0.0,1.21,2.3
2005-10-06,14.2,9.8,20.3,12843,0.0,1.22,1.9
2005-10-07,13.4,10.1,19.7,9966,0.0,1.24,2.1
2005-10-08,13.9,9.9,19.9,12287,0.0,1.22,1.7
2005-10-09,13.8,9.1,20.0,11504,0.0,1.17,1.5
2005-10-10,12.3,7.8,18.7,10813,0.0,1.08,1.7
2005-10-11,12.7,7.3,20.0,12050,0.0,1.06,2.2
2005-10-12,12.3,8.2,19.2,11817,0.0,1.09,2.1
2005-10-13,10.9,6.2,18.0,10987,0.0,0.96,1.4
2005-10-14,11.1,6.4,17.6,11359,0.0,0.98,1.0
2005-10-15,9.8,3.9,16.4,11207,0.0,0.83,1.6
2005-10-16,7.0,1.4,13.1,7137,0.0,0.69,2.0
2005-10-17,9.8,6.0,15.0,5237,0.0,0.94,2.5
2005-10-18,7.6,2.9,12.0,6997,0.0,0.75,2.5
2005-10-19,6.4,0.9,13.5,10259,0.0,0.67,2.4
2005-10-20,10.0,4.0,15.5,8105,0.2,0.82,2.2
2005-10-21,12.1,10.2,14.6,4765,1.2,1.21,2.3
2005-10-22,13.2,10.9,16.9,3805,11.9,1.28,3.3
2005-10-23,11.8,7.9,15.0,5411,4.7,1.05,2.5
2005-10-24,9.6,6.9,11.2,3537,4.7,0.96,2.2
2005-10-25,13.2,11.0,15.5,3472,3.8,1.28,4.1
2005-10-26,12.7,9.6,16.2,5799,0.0,1.17,3.4
2005-10-27,12.4,8.4,18.8,8645,0.0,1.11,1.7
2005-10-28,12.3,7.6,17.8,8961,0.0,1.05,2.3
2005-10-29,9.5,5.2,15.4,8708,0.0,0.9,2.1
2005-10-30,10.1,5.2,17.0,8212,0.0,0.9,2.0
2005-10-31,7.8,4.4,12.9,8275,0.0,0.83,2.4
2005-11-01,8.6,4.5,12.1,4128,0.1,0.83,2.1
2005-11-02,9.9,5.7,14.3,6790,0.0,0.9,2.2
2005-11-03,12.6,8.2,17.2,4753,0.5,1.08,2.7
2005-11-04,12.2,10.1,14.3,3749,4.6,1.2,2.1
2005-11-05,9.1,5.3,11.2,3685,3.5,0.87,2.6
2005-11-06,6.6,3.3,11.6,7469,0.0,0.77,2.3
2005-11-07,7.0,1.0,11.9,6076,0.0,0.67,2.2
2005-11-08,9.3,4.9,13.1,7145,0.0,0.85,2.2
2005-11-09,7.4,4.0,12.9,6116,0.0,0.81,1.9
2005-11-10,8.0,4.9,11.1,3601,0.1,0.84,2.2
2005-11-11,10.1,8.4,12.6,2904,0.1,1.06,2.8
2005-11-12,8.5,3.9,11.5,6117,0.0,0.8,2.4
2005-11-13,6.3,1.3,10.8,5563,0.0,0.67,1.5
2005-11-14,6.6,4.2,7.4,2707,0.0,0.8,2.2
2005-11-15,5.2,3.4,6.4,2611,5.0,0.75,3.3
2005-11-16,4.3,1.1,5.5,2869,4.5,0.64,2.6
2005-11-17,1.8,-0.9,3.4,2277,0.5,0.55,2.4
2005-11-18,1.1,0.1,1.6,2239,0.0,0.59,1.7
2005-11-19,0.4,-1.8,1.6,2202,0.4,0.52,1.7
2005-11-20,2.7,0.0,5.6,2166,1.5,0.59,2.4
2005-11-21,1.7,-0.6,5.1,3130,1.3,0.57,2.0
2005-11-22,2.0,0.0,3.4,2098,0.0,0.59,1.8
2005-11-23,4.1,3.0,4.7,2065,1.0,0.73,1.9
2005-11-24,2.0,-1.2,3.7,2034,0.0,0.54,2.7
2005-11-25,-0.7,-2.0,0.8,2690,1.7,0.51,4.2
2005-11-26,-0.4,-2.8,3.7,5370,0.0,0.48,3.1
2005-11-27,-1.0,-3.2,2.4,3697,0.0,0.47,1.9
2005-11-28,-0.7,-3.9,0.9,1966,1.1,0.44,2.1
2005-11-29,0.0,-3.7,2.5,2557,0.0,0.45,1.8
2005-11-30,1.8,-0.8,4.2,2091,0.0,0.56,2.2
2005-12-01,0.0,-3.0,4.7,4839,0.0,0.48,2.2
2005-12-02,-1.3,-3.3,1.4,3333,0.0,0.46,3.0
2005-12-03,-0.9,-2.5,0.5,1808,0.3,0.49,2.8
2005-12-04,2.7,-1.0,5.7,1831,1.9,0.56,2.8
2005-12-05,5.1,3.1,7.4,2065,0.0,0.74,2.4
2005-12-06,2.9,0.0,7.8,4262,0.0,0.6,1.5
2005-12-07,1.4,-0.3,3.2,1737,0.8,0.57,2.0
2005-12-08,2.6,0.3,4.0,1723,0.3,0.6,1.8
2005-12-09,2.0,-0.7,4.9,2860,0.0,0.56,1.6
2005-12-10,-0.5,-2.6,2.5,4152,0.1,0.49,1.8
2005-12-11,1.8,-1.2,3.8,1685,0.4,0.54,2.5
2005-12-12,4.1,-0.9,7.0,1675,0.0,0.57,2.2
2005-12-13,2.4,-1.4,4.5,1666,0.5,0.54,2.2
2005-12-14,4.8,3.2,5.5,1659,0.4,0.74,2.2
2005-12-15,5.7,4.2,7.9,2014,7.8,0.79,4.7
2005-12-16,2.9,-0.8,6.3,1687,8.5,0.57,5.7
2005-12-17,0.1,-1.3,0.7,1642,0.5,0.53,3.6
2005-12-18,0.1,-3.0,1.3,1719,1.1,0.48,3.3
2005-12-19,1.0,0.2,2.9,1637,2.8,0.6,3.2
2005-12-20,4.0,0.4,6.3,1636,2.4,0.61,3.3
2005-12-21,1.9,0.0,3.3,1756,2.1,0.59,2.1
2005-12-22,4.9,3.2,6.2,1797,0.8,0.74,2.9
2005-12-23,4.9,2.4,6.5,1640,4.3,0.7,2.5
2005-12-24,6.6,4.5,7.9,1643,1.3,0.81,3.2
2005-12-25,1.2,-1.5,4.6,3816,0.3,0.54,1.9
2005-12-26,-0.4,-1.2,0.2,1654,4.8,0.54,2.1
2005-12-27,-1.8,-4.0,-0.7,1661,0.4,0.44,2.9
2005-12-28,-3.6,-4.8,-2.1,1669,2.0,0.41,2.8
2005-12-29,-3.0,-5.0,-0.9,1678,6.9,0.41,3.1
2005-12-30,-4.6,-10.3,-0.9,3199,0.0,0.28,2.8
2005-12-31,-3.1,-10.1,2.8,1741,0.6,0.3,3.1
2006-01-01,2.0,-0.9,4.7,2043,0.0,0.56,2.0
2006-01-02,1.0,-0.5,3.0,1810,0.0,0.57,1.3
2006-01-03,0.4,-0.9,1.3,1742,0.0,0.55,1.3
2006-01-04,-0.1,-1.1,1.0,1758,0.0,0.54,2.1
2006-01-05,0.3,-0.8,1.1,1776,0.0,0.55,3.4
2006-01-06,-1.2,-2.3,-0.4,1794,0.0,0.49,3.0
2006-01-07,-1.9,-5.0,-1.0,1814,0.0,0.41,2.6
2006-01-08,-5.6,-7.9,-4.0,2568,0.0,0.32,2.4
2006-01-09,-7.1,-10.0,-3.6,4814,0.0,0.28,1.6
2006-01-10,-5.1,-8.5,-0.6,4862,0.0,0.32,2.0
2006-01-11,-1.2,-5.4,3.6,4824,1.3,0.41,2.7
2006-01-12,2.1,0.7,4.7,3358,0.0,0.62,1.6
2006-01-13,0.1,-2.2,1.2,1957,0.0,0.5,2.3
2006-01-14,-2.3,-5.5,1.3,4759,0.0,0.4,1.8
2006-01-15,-5.3,-7.7,-1.0,5274,0.0,0.34,2.0
2006-01-16,-5.9,-9.0,-0.9,5384,0.0,0.31,2.0
2006-01-17,-3.3,-7.1,0.1,4185,5.6,0.36,3.0
2006-01-18,-1.9,-3.6,0.4,2109,0.7,0.45,3.0
2006-01-19,-3.0,-4.1,-1.6,2191,3.2,0.43,1.8
2006-01-20,-0.7,-4.4,3.4,2179,6.4,0.43,2.9
2006-01-21,1.1,-7.1,3.6,2215,2.2,0.37,3.5
2006-01-22,-10.8,-15.7,-7.0,6060,0.0,0.18,2.4
2006-01-23,-15.3,-17.9,-12.1,5992,0.0,0.15,2.5
2006-01-24,-12.3,-17.6,-7.2,5821,0.0,0.16,2.1
2006-01-25,-5.3,-7.5,-2.3,2680,0.0,0.34,2.3
2006-01-26,-6.7,-9.7,-2.9,5728,0.0,0.29,2.6
2006-01-27,-8.4,-12.2,-3.1,6283,0.0,0.24,1.8
2006-01-28,-7.7,-11.7,-2.0,6479,0.0,0.25,1.7
2006-01-29,-5.0,-9.7,0.6,5447,0.0,0.3,1.5
2006-01-30,-2.9,-7.5,0.1,2977,0.0,0.34,1.8
2006-01-31,-0.1,-2.5,0.7,2645,0.0,0.49,2.0
2006-02-01,-2.4,-3.7,-1.0,2695,0.0,0.45,1.5
2006-02-02,-1.9,-3.5,-1.0,2745,0.1,0.45,1.5
2006-02-03,-0.3,-1.5,0.6,2797,0.3,0.53,1.4
2006-02-04,-1.8,-8.2,0.6,4409,1.7,0.33,1.7
2006-02-05,-6.3,-9.2,-1.5,6060,0.0,0.3,1.1
2006-02-06,-5.6,-10.4,0.4,4793,8.0,0.29,2.0
2006-02-07,2.9,0.1,4.7,3016,6.1,0.6,4.1
2006-02-08,2.7,1.5,4.0,3073,3.1,0.66,4.5
2006-02-09,1.4,0.0,3.6,4482,10.0,0.59,4.9
2006-02-10,0.1,-0.2,0.6,3192,0.5,0.58,3.5
2006-02-11,0.0,-0.9,2.1,3881,0.4,0.55,1.2
2006-02-12,-0.3,-2.6,2.8,4460,0.0,0.49,1.4
2006-02-13,0.0,-2.7,3.0,3441,0.0,0.49,1.5
2006-02-14,-1.7,-6.1,3.2,9248,0.0,0.39,1.8
2006-02-15,1.2,-3.1,4.5,4562,2.8,0.48,3.3
2006-02-16,2.8,1.0,5.5,4441,1.1,0.64,2.4
2006-02-17,3.2,1.1,6.0,4315,3.3,0.64,2.9
2006-02-18,4.6,2.6,9.2,6992,0.0,0.72,2.6
2006-02-19,3.5,-0.2,7.0,5368,0.0,0.59,2.0
2006-02-20,1.1,-0.9,3.6,3845,3.7,0.55,2.2
2006-02-21,1.3,0.1,2.8,3916,0.0,0.59,2.8
2006-02-22,0.2,-1.0,1.0,3987,0.0,0.54,2.8
2006-02-23,-1.2,-4.2,1.5,4060,0.0,0.43,1.7
2006-02-24,-0.6,-4.1,4.4,10955,0.0,0.45,3.8
2006-02-25,-2.0,-2.7,-1.2,4207,0.0,0.48,3.3
2006-02-26,-1.7,-5.9,2.2,5182,0.7,0.39,2.2
2006-02-27,-3.1,-7.8,2.8,10956,0.0,0.35,1.6
2006-02-28,-1.1,-5.9,2.8,4817,0.2,0.39,3.0
2006-03-01,0.2,-2.3,3.7,5906,1.2,0.51,3.4
2006-03-02,-0.3,-3.2,4.0,7566,0.0,0.47,3.4
2006-03-03,-0.4,-3.8,3.6,7359,0.0,0.46,2.5
2006-03-04,-1.0,-4.7,4.3,9066,0.0,0.43,2.1
2006-03-05,-0.1,-3.6,5.2,7574,1.9,0.47,2.5
2006-03-06,-2.2,-7.5,2.8,6948,1.6,0.35,2.7
2006-03-07,-0.5,-3.6,3.3,7957,0.0,0.46,2.1
2006-03-08,-1.2,-5.7,4.5,10067,0.1,0.4,2.7
2006-03-09,-0.6,-2.1,1.0,5151,2.5,0.5,3.1
2006-03-10,0.0,-0.9,1.2,5233,6.2,0.55,3.2
2006-03-11,-2.5,-4.9,-0.1,5316,3.6,0.41,3.4
2006-03-12,-3.2,-6.2,0.0,5746,0.3,0.38,2.7
2006-03-13,-4.3,-9.0,1.3,10027,0.0,0.31,2.0
2006-03-14,-3.4,-8.4,3.0,11828,0.0,0.34,1.9
2006-03-15,-1.1,-5.0,1.5,5652,0.0,0.41,2.5
2006-03-16,1.5,-0.5,5.9,7352,0.0,0.58,2.8
2006-03-17,1.2,-0.6,5.0,6546,0.0,0.57,2.6
2006-03-18,-0.6,-1.8,0.4,5907,0.0,0.51,2.3
2006-03-19,0.1,-2.3,2.5,6177,0.0,0.5,2.1
2006-03-20,2.2,0.0,4.8,6450,0.0,0.6,1.9
2006-03-21,0.9,-2.7,4.9,13186,0.0,0.49,1.6
2006-03-22,0.3,-3.8,6.1,14367,0.0,0.46,1.9
2006-03-23,0.9,-4.1,6.6,17467,0.0,0.46,1.9
2006-03-24,2.7,-3.7,9.4,15818,1.1,0.49,2.9
2006-03-25,3.0,0.7,5.6,6508,2.0,0.62,2.9
2006-03-26,7.9,3.0,15.3,7665,8.7,0.77,2.9
2006-03-27,12.5,9.1,19.4,9328,1.3,1.16,3.0
2006-03-28,10.8,6.8,16.4,11309,0.8,0.98,3.4
2006-03-29,7.8,2.7,12.6,9438,0.8,0.75,3.5
2006-03-30,7.7,1.6,11.3,8941,4.3,0.69,3.5
2006-03-31,11.1,7.1,15.1,8839,3.3,0.99,4.5
2006-04-01,10.7,6.7,15.1,10154,0.1,0.97,2.9
2006-04-02,10.0,4.3,16.6,14243,3.1,0.86,3.0
2006-04-03,7.0,2.0,13.3,9130,1.8,0.71,3.5
2006-04-04,3.9,1.0,9.0,11399,2.3,0.65,2.7
2006-04-05,3.9,-0.1,9.0,16711,0.0,0.61,2.8
2006-04-06,4.6,-1.3,10.0,12977,0.0,0.57,2.4
2006-04-07,7.5,2.8,13.1,11724,0.1,0.76,2.3
2006-04-08,9.7,3.8,16.4,16384,0.0,0.83,3.2
2006-04-09,7.4,2.9,12.6,17474,0.0,0.75,3.2
2006-04-10,5.5,1.8,9.1,8295,0.0,0.69,2.6
2006-04-11,4.2,0.3,7.9,8917,0.0,0.62,2.3
2006-04-12,5.3,2.6,7.4,8030,0.7,0.72,2.6
2006-04-13,7.4,3.1,11.9,10068,2.8,0.75,3.7
2006-04-14,7.9,3.7,13.0,11797,0.3,0.79,3.9
2006-04-15,9.1,2.8,14.6,19470,1.8,0.76,2.1
2006-04-16,11.0,7.7,16.6,8903,5.5,1.04,3.3
2006-04-17,9.5,5.9,13.2,10757,2.7,0.92,2.5
2006-04-18,9.8,4.9,15.7,14963,0.1,0.87,2.3
2006-04-19,10.9,5.6,15.6,15850,0.0,0.91,1.7
2006-04-20,13.2,7.2,19.0,20784,0.0,1.03,1.5
2006-04-21,14.5,7.8,20.9,14034,0.3,1.09,1.5
2006-04-22,11.5,9.1,14.7,10397,13.8,1.13,2.0
2006-04-23,10.7,7.4,16.0,12295,0.2,1.03,1.5
2006-04-24,10.9,7.6,15.3,12609,0.0,1.03,1.3
2006-04-25,14.7,6.2,22.3,24364,0.0,1.02,1.5
2006-04-26,16.2,10.9,23.5,12091,7.2,1.34,1.6
2006-04-27,13.1,9.3,14.1,9177,0.8,1.14,2.1
2006-04-28,10.5,6.8,15.2,16412,0.1,0.98,2.4
2006-04-29,6.6,3.5,8.4,9433,3.8,0.76,2.2
2006-04-30,7.2,3.0,13.1,13920,0.0,0.76,2.0
2006-05-01,10.2,3.7,16.1,21116,0.3,0.81,2.2
2006-05-02,13.0,7.9,18.9,16420,0.0,1.07,1.8
2006-05-03,16.4,7.1,24.3,25419,0.0,1.09,2.1
2006-05-04,17.7,10.6,24.6,25055,0.0,1.33,3.0
2006-05-05,17.1,9.9,23.9,24097,0.0,1.28,2.9
2006-05-06,16.6,10.0,24.5,21831,0.0,1.29,2.7
2006-05-07,17.8,11.0,25.4,24764,0.0,1.37,2.9
2006-05-08,17.9,10.7,24.9,21534,0.0,1.33,2.8
2006-05-09,18.0,10.2,25.0,26498,0.0,1.3,2.8
2006-05-10,16.5,7.3,24.7,27426,0.0,1.12,1.9
2006-05-11,16.6,7.0,25.3,27279,0.0,1.1,1.4
2006-05-12,19.1,11.0,26.4,25453,0.0,1.38,1.5
2006-05-13,16.3,10.8,22.8,17858,0.0,1.32,2.0
2006-05-14,12.4,6.3,16.6,14560,0.0,0.97,2.3
2006-05-15,12.4,4.2,18.9,21602,0.0,0.87,1.7
2006-05-16,17.9,12.0,24.2,20466,0.0,1.44,2.7
2006-05-17,14.1,10.3,18.9,16063,0.0,1.24,1.8
2006-05-18,13.9,9.8,17.7,12128,9.5,1.2,2.8
2006-05-19,13.7,9.8,17.3,12783,3.2,1.19,4.1
2006-05-20,13.1,9.0,19.1,17684,4.3,1.16,4.0
2006-05-21,13.0,8.9,16.9,12151,0.2,1.12,3.5
2006-05-22,16.5,10.4,25.1,19613,4.3,1.31,3.2
2006-05-23,13.5,6.8,18.2,18448,1.0,1.0,4.0
2006-05-24,12.1,5.2,17.9,23250,0.5,0.91,3.2
2006-05-25,11.0,7.3,14.4,13421,3.5,1.0,3.1
2006-05-26,11.6,7.2,15.1,17491,0.2,1.0,2.8
2006-05-27,12.5,9.4,18.2,11790,11.4,1.18,2.8
2006-05-28,12.2,8.6,16.3,17208,1.1,1.1,4.4
2006-05-29,11.5,8.5,16.3,15900,0.5,1.1,2.6
2006-05-30,9.8,6.2,13.6,15936,0.9,0.93,3.1
2006-05-31,10.4,8.1,15.4,14499,9.9,1.06,3.1
2006-06-01,9.9,6.4,13.6,18702,0.1,0.94,2.9
2006-06-02,12.7,5.3,19.3,26592,0.0,0.92,1.7
2006-06-03,11.3,7.6,15.2,16187,3.9,1.03,2.2
2006-06-04,11.3,7.5,15.1,13880,0.0,1.02,3.2
2006-06-05,10.8,5.6,14.9,13905,0.0,0.91,2.1
2006-06-06,12.3,8.5,18.8,17618,7.4,1.12,1.7
2006-06-07,14.6,7.4,20.7,26994,0.0,1.06,1.3
2006-06-08,16.7,10.3,23.0,25295,0.0,1.28,1.4
2006-06-09,18.0,11.2,24.1,28396,0.0,1.36,1.4
2006-06-10,18.6,12.1,24.6,29402,0.0,1.44,1.7
2006-06-11,20.3,12.1,27.2,30407,0.0,1.48,2.2
2006-06-12,22.9,15.3,30.2,30424,0.0,1.81,1.9
2006-06-13,24.1,16.5,31.0,30316,0.0,1.94,1.4
2006-06-14,24.4,16.3,31.7,28480,0.0,1.96,1.7
2006-06-15,22.2,16.8,28.0,18875,1.3,1.94,1.6
2006-06-16,20.8,16.6,26.6,16170,9.8,1.88,1.9
2006-06-17,15.7,12.6,19.7,13834,0.0,1.43,1.8
2006-06-18,18.9,12.0,25.2,27400,0.0,1.45,1.5
2006-06-19,21.4,14.3,30.2,22347,6.5,1.72,2.0
2006-06-20,22.7,16.9,28.9,22841,0.0,1.95,1.7
2006-06-21,23.0,17.6,28.8,22346,0.0,2.03,2.5
2006-06-22,20.1,13.7,25.5,20864,0.0,1.59,2.8
2006-06-23,17.0,11.6,22.0,21598,0.0,1.36,1.6
2006-06-24,20.7,13.2,27.1,26520,0.0,1.58,1.4
2006-06-25,24.6,16.7,32.4,23430,2.7,2.0,1.8
2006-06-26,23.3,19.0,28.1,23666,0.0,2.19,2.5
2006-06-27,21.5,17.6,27.2,24884,0.0,2.0,2.0
2006-06-28,17.6,12.5,21.6,21545,0.0,1.45,1.7
2006-06-29,18.1,11.6,24.1,23129,0.0,1.4,1.7
2006-06-30,16.5,13.6,20.1,11795,0.0,1.53,1.7
2006-07-01,21.1,13.0,29.0,25794,0.0,1.6,2.0
2006-07-02,22.5,15.0,29.4,30317,0.0,1.77,2.6
2006-07-03,22.9,14.8,30.2,30535,0.0,1.76,2.4
2006-07-04,23.8,15.3,31.5,30259,0.0,1.84,1.9
2006-07-05,25.7,17.0,33.2,30227,0.0,2.04,2.0
2006-07-06,25.3,17.7,33.6,25043,1.0,2.13,1.7
2006-07-07,23.6,18.6,32.7,23049,43.6,2.2,1.7
2006-07-08,20.1,16.7,25.8,14320,5.3,1.88,1.5
2006-07-09,22.9,16.0,29.9,24692,0.0,1.87,1.8
2006-07-10,23.3,18.0,28.2,24286,0.0,2.06,1.9
2006-07-11,25.0,18.0,31.7,25101,0.0,2.12,1.7
2006-07-12,23.7,18.2,29.2,27376,0.0,2.12,1.6
2006-07-13,24.4,19.1,32.6,23670,10.1,2.28,1.6
2006-07-14,20.0,13.9,24.8,23380,0.0,1.6,2.8
2006-07-15,19.2,11.6,26.4,25279,0.0,1.44,2.3
2006-07-16,19.9,11.7,26.9,27902,0.0,1.45,2.2
2006-07-17,22.0,14.1,30.0,29423,0.0,1.7,1.5
2006-07-18,25.1,17.3,33.0,29483,0.0,2.07,1.6
2006-07-19,26.0,17.2,33.5,29298,0.0,2.07,1.3
2006-07-20,28.7,20.1,36.4,27780,0.0,2.49,1.7
2006-07-21,26.9,20.1,32.6,26263,0.0,2.4,2.0
2006-07-22,25.0,17.2,32.4,27524,0.0,2.05,1.6
2006-07-23,25.3,19.4,32.6,17330,0.0,2.29,1.7
2006-07-24,24.7,18.1,31.6,26778,0.0,2.12,1.7
2006-07-25,24.9,18.4,31.2,25262,0.0,2.16,1.6
2006-07-26,26.4,18.9,34.0,27706,0.0,2.29,1.4
2006-07-27,27.9,19.5,35.9,25469,0.2,2.41,1.6
2006-07-28,24.9,19.5,32.7,15470,16.1,2.31,1.5
2006-07-29,22.0,18.6,27.8,15765,0.4,2.12,1.6
2006-07-30,24.2,17.8,30.2,25581,0.3,2.09,1.5
2006-07-31,22.3,17.6,26.6,16701,0.0,2.01,2.0
2006-08-01,21.0,14.4,26.7,20306,0.2,1.67,2.5
2006-08-02,18.3,13.7,24.0,20107,0.2,1.57,3.2
2006-08-03,17.7,13.2,23.6,18727,0.0,1.53,1.6
2006-08-04,18.5,13.3,25.2,16879,0.1,1.56,1.6
2006-08-05,17.4,13.6,22.9,10575,20.9,1.54,2.3
2006-08-06,18.7,16.7,23.3,10159,3.4,1.86,3.0
2006-08-07,20.4,15.5,26.6,18276,0.0,1.78,3.0
2006-08-08,19.7,16.4,24.7,18071,0.0,1.84,2.8
2006-08-09,17.7,15.0,23.0,13682,0.0,1.69,1.9
2006-08-10,15.9,13.7,20.5,12908,5.8,1.53,1.8
2006-08-11,15.6,11.6,19.7,15604,0.0,1.35,1.6
2006-08-12,16.7,12.0,21.6,20355,1.5,1.39,1.3
2006-08-13,14.4,12.2,16.3,9227,4.0,1.38,1.5
2006-08-14,16.6,10.3,23.1,20030,1.8,1.28,2.9
2006-08-15,16.3,12.6,20.9,10912,4.1,1.43,3.4
2006-08-16,18.0,12.0,25.4,17995,0.8,1.44,1.5
2006-08-17,20.1,14.8,26.1,17777,0.0,1.7,1.4
2006-08-18,19.8,15.8,24.9,11466,0.0,1.78,2.2
2006-08-19,21.2,13.7,28.3,21723,4.1,1.62,1.7
2006-08-20,18.1,14.1,25.5,18239,3.9,1.63,2.6
2006-08-21,16.8,14.1,21.4,11546,1.3,1.58,2.9
2006-08-22,16.0,12.4,20.3,14012,1.6,1.41,2.7
2006-08-23,16.4,14.0,20.4,9268,0.4,1.56,1.9
2006-08-24,17.9,12.5,24.2,18325,2.0,1.47,1.7
2006-08-25,16.2,13.7,22.6,11736,0.9,1.55,1.7
2006-08-26,15.1,12.7,19.0,8915,4.9,1.43,1.5
2006-08-27,15.8,13.1,19.6,12959,8.3,1.48,2.6
2006-08-28,15.2,11.8,20.8,14801,4.8,1.38,2.8
2006-08-29,12.4,10.8,14.8,8773,2.3,1.25,3.1
2006-08-30,13.3,10.8,16.8,8261,2.7,1.27,3.4
2006-08-31,16.0,13.4,20.3,14670,0.0,1.51,2.9
2006-09-01,18.0,14.6,22.2,8624,0.9,1.63,2.3
2006-09-02,20.6,15.6,25.7,15485,0.5,1.78,2.1
2006-09-03,19.0,17.0,21.1,7822,3.6,1.89,4.2
2006-09-04,18.3,14.9,20.5,13879,0.0,1.64,4.6
2006-09-05,16.9,13.2,21.7,15518,0.0,1.5,2.7
2006-09-06,19.6,15.7,24.7,11272,0.1,1.76,1.8
2006-09-07,19.1,13.2,27.9,15356,0.5,1.58,2.6
2006-09-08,15.3,10.4,20.8,14205,0.0,1.26,3.2
2006-09-09,13.9,8.8,18.8,10947,0.0,1.14,1.9
2006-09-10,16.3,11.0,23.6,19262,0.0,1.35,1.7
2006-09-11,17.9,10.5,26.6,19196,0.0,1.35,1.7
2006-09-12,18.2,11.0,26.9,17940,0.0,1.38,1.7
2006-09-13,18.3,11.4,26.2,18368,0.0,1.4,1.7
2006-09-14,18.6,11.2,26.7,18104,0.0,1.4,2.0
2006-09-15,20.6,13.5,27.6,17646,0.0,1.6,3.0
2006-09-16,20.8,16.7,26.3,12960,0.0,1.89,2.6
2006-09-17,20.1,15.9,26.9,11395,0.0,1.82,1.8
2006-09-18,19.7,13.7,27.3,15346,0.0,1.61,1.7
2006-09-19,17.6,15.6,20.4,7671,0.0,1.73,2.4
2006-09-20,16.2,12.2,21.1,15036,0.0,1.41,1.8
2006-09-21,16.7,8.7,25.3,16546,0.0,1.2,2.1
2006-09-22,18.6,11.4,27.1,16560,0.0,1.43,2.3
2006-09-23,17.8,12.0,25.3,16297,0.0,1.43,2.2
2006-09-24,19.3,12.7,27.8,16036,0.0,1.54,1.9
2006-09-25,19.1,13.5,26.3,15596,0.0,1.59,1.9
2006-09-26,18.5,12.7,25.8,14895,0.3,1.51,1.7
2006-09-27,15.7,12.6,18.3,5937,2.0,1.42,1.4
2006-09-28,16.0,12.3,21.7,9947,0.1,1.43,1.4
2006-09-29,17.8,12.2,24.5,13968,0.0,1.46,1.5
2006-09-30,18.2,13.5,24.4,12353,0.2,1.57,1.6
2006-10-01,16.1,13.8,20.6,6611,3.1,1.54,2.0
2006-10-02,16.0,13.4,19.1,6096,0.0,1.5,3.3
2006-10-03,14.0,11.8,16.9,5674,0.2,1.34,2.2
2006-10-04,13.6,10.8,16.6,5258,0.0,1.26,2.6
2006-10-05,12.5,8.8,17.2,7621,0.4,1.13,2.4
2006-10-06,13.4,8.6,18.0,5497,0.7,1.11,3.6
2006-10-07,13.4,10.2,18.2,6210,3.0,1.23,3.7
2006-10-08,12.4,9.0,17.0,8569,0.0,1.14,2.4
2006-10-09,13.3,6.0,20.8,12131,0.0,0.98,1.5
2006-10-10,12.7,8.0,19.2,10038,0.0,1.09,1.0
2006-10-11,13.1,8.5,19.8,8907,0.0,1.13,1.7
2006-10-12,12.2,7.7,18.9,10376,0.0,1.07,1.2
2006-10-13,12.6,10.8,15.1,4310,0.0,1.25,1.6
2006-10-14,10.8,8.4,12.3,4236,0.1,1.06,2.2
2006-10-15,9.9,7.8,12.1,4235,0.0,1.03,2.0
2006-10-16,10.3,5.6,16.3,7065,0.0,0.93,1.9
2006-10-17,7.6,2.3,15.5,10978,0.0,0.74,1.9
2006-10-18,9.2,2.0,16.1,9268,0.0,0.74,1.8
2006-10-19,10.6,4.9,17.2,6611,0.0,0.89,1.9
2006-10-20,11.1,7.7,15.2,4361,1.6,1.04,2.0
2006-10-21,13.8,9.8,19.6,7713,0.0,1.2,2.3
2006-10-22,13.9,10.6,19.0,7599,0.3,1.27,2.6
2006-10-23,15.6,12.5,19.6,5812,1.0,1.42,2.9
2006-10-24,15.9,12.5,19.8,5522,0.3,1.43,4.1
2006-10-25,12.3,7.5,16.7,8704,0.1,1.03,2.2
2006-10-26,15.3,7.4,22.1,7091,0.0,1.09,2.9
2006-10-27,15.5,10.0,18.5,8262,0.9,1.21,3.4
2006-10-28,10.9,8.1,14.3,4987,5.1,1.06,2.4
2006-10-29,11.9,6.6,15.4,3908,4.8,0.97,3.7
2006-10-30,7.6,4.3,10.0,3347,0.3,0.81,1.8
2006-10-31,11.5,9.3,14.3,3530,1.4,1.13,3.9
2006-11-01,4.8,-0.4,9.7,3046,2.1,0.6,5.3
2006-11-02,0.8,-1.9,5.6,7799,0.0,0.53,2.6
2006-11-03,0.7,-2.5,5.4,7627,0.0,0.51,1.8
2006-11-04,5.3,-0.9,8.6,2880,0.9,0.57,2.9
2006-11-05,9.9,8.4,11.0,2827,3.2,1.06,4.2
2006-11-06,11.2,8.8,13.7,3057,0.0,1.09,3.4
2006-11-07,8.1,4.0,11.2,3226,0.0,0.8,2.2
2006-11-08,6.7,3.0,11.9,6317,0.4,0.75,3.1
2006-11-09,8.8,5.8,11.5,3443,1.0,0.9,4.4
2006-11-10,5.9,3.4,9.7,5703,0.0,0.76,2.2
2006-11-11,6.1,3.9,8.3,2531,4.0,0.78,4.0
2006-11-12,6.6,5.2,7.9,2749,0.0,0.85,4.9
2006-11-13,6.9,4.0,9.9,2441,4.9,0.79,4.3
2006-11-14,10.0,7.3,12.1,2399,0.5,1.0,3.4
2006-11-15,12.0,9.2,15.7,5864,0.0,1.13,2.6
2006-11-16,12.3,8.4,18.1,6085,0.0,1.1,2.6
2006-11-17,11.7,8.9,16.3,2525,0.6,1.12,2.2
2006-11-18,10.9,9.0,15.0,3320,0.0,1.13,2.2
2006-11-19,8.7,5.9,11.7,2542,2.4,0.91,2.1
2006-11-20,6.2,4.4,8.5,3656,1.0,0.81,3.3
2006-11-21,7.4,4.9,9.0,2131,0.3,0.84,2.9
2006-11-22,4.8,2.0,9.3,4687,0.0,0.69,2.6
2006-11-23,5.8,1.7,9.3,2159,6.9,0.68,3.5
2006-11-24,10.2,8.0,12.6,4710,0.0,1.04,2.7
2006-11-25,10.6,8.2,12.7,2004,0.0,1.05,3.2
2006-11-26,11.3,7.9,13.6,2519,0.0,1.04,1.9
2006-11-27,7.6,3.5,12.4,4773,0.0,0.78,1.8
2006-11-28,6.4,3.5,10.7,4454,0.0,0.78,2.0
2006-11-29,7.0,3.4,9.1,1897,0.8,0.76,1.8
2006-11-30,6.0,1.2,10.6,4799,0.0,0.67,2.0
2006-12-01,4.2,-0.4,9.2,4709,0.0,0.6,2.5
2006-12-02,4.9,2.3,7.7,3763,0.0,0.7,2.9
2006-12-03,7.5,5.2,10.6,2960,2.9,0.87,3.5
2006-12-04,8.1,5.4,10.9,2551,1.4,0.87,4.1
2006-12-05,12.1,6.8,15.2,2233,0.2,0.98,4.4
2006-12-06,11.0,8.6,14.5,1753,0.4,1.09,3.7
2006-12-07,7.9,4.6,10.1,3732,0.8,0.82,4.3
2006-12-08,10.2,6.3,13.0,3128,0.0,0.93,4.0
2006-12-09,8.3,5.2,11.8,1709,0.0,0.86,2.6
2006-12-10,3.9,0.7,6.8,3170,0.0,0.63,2.2
2006-12-11,3.3,-0.1,6.4,2460,9.1,0.6,3.9
2006-12-12,5.4,3.1,7.3,2487,2.8,0.74,3.2
2006-12-13,6.9,4.5,8.9,2071,0.1,0.81,3.8
2006-12-14,8.8,6.7,10.4,1659,0.0,0.95,3.9
2006-12-15,5.9,2.6,9.6,3984,0.0,0.72,2.9
2006-12-16,7.0,3.8,10.2,2609,1.3,0.79,3.1
2006-12-17,4.6,1.8,6.1,2363,0.1,0.67,2.5
2006-12-18,3.5,1.3,5.3,1839,0.0,0.65,1.7
2006-12-19,3.2,1.5,5.6,2476,0.0,0.66,2.2
2006-12-20,4.9,2.1,6.4,1636,1.0,0.69,2.3
2006-12-21,6.2,5.5,7.0,1636,0.0,0.87,1.5
2006-12-22,5.9,4.6,6.5,1637,0.0,0.82,1.9
2006-12-23,4.7,3.7,5.6,1640,0.1,0.77,1.8
2006-12-24,3.6,2.3,5.2,1643,0.8,0.69,1.7
2006-12-25,5.3,2.3,7.9,2893,0.1,0.71,1.3
2006-12-26,1.5,-0.2,2.8,1654,0.0,0.58,1.5
2006-12-27,-0.3,-0.9,0.7,1661,0.0,0.55,1.8
2006-12-28,0.2,-0.7,1.2,1669,3.9,0.55,2.4
2006-12-29,2.3,0.3,4.2,1678,0.1,0.6,2.0
2006-12-30,3.4,0.2,6.5,1811,3.9,0.6,3.7
2006-12-31,8.6,6.1,10.8,2274,1.2,0.92,5.2
2007-01-01,8.1,4.8,10.8,2414,1.4,0.84,5.5
2007-01-02,4.6,2.7,5.8,1768,2.0,0.72,3.8
2007-01-03,5.4,3.9,6.9,1992,1.9,0.78,3.7
2007-01-04,6.9,4.9,8.6,1884,0.7,0.83,4.7
2007-01-05,7.3,6.4,8.0,1987,2.0,0.93,4.3
2007-01-06,7.8,6.0,9.1,1837,6.8,0.9,3.1
2007-01-07,6.3,4.3,9.1,1900,0.1,0.8,3.4
2007-01-08,7.1,4.2,9.6,2094,0.8,0.8,3.7
2007-01-09,11.0,6.6,13.7,1900,0.8,0.95,4.6
2007-01-10,11.9,7.1,13.2,2056,1.1,0.99,4.5
2007-01-11,6.7,4.8,7.9,1905,3.4,0.83,6.3
2007-01-12,8.0,5.9,10.5,3314,2.6,0.9,6.1
2007-01-13,11.4,9.7,12.4,1957,0.5,1.16,4.8
2007-01-14,8.1,3.2,11.6,3758,0.0,0.76,4.8
2007-01-15,3.8,0.8,7.6,4907,0.0,0.63,2.6
2007-01-16,4.0,0.0,6.9,2416,1.6,0.6,2.7
2007-01-17,7.5,4.2,10.4,2873,3.6,0.8,4.0
2007-01-18,8.8,5.7,13.1,2109,34.1,0.9,7.1
2007-01-19,7.0,5.5,9.4,2191,2.5,0.87,6.0
2007-01-20,8.9,5.9,13.7,2275,1.5,0.91,5.1
2007-01-21,5.5,3.4,8.4,2997,0.7,0.75,5.4
2007-01-22,2.6,-3.8,6.8,2945,0.1,0.47,3.2
2007-01-23,-3.5,-6.1,0.5,5842,0.0,0.38,2.8
2007-01-24,-2.5,-5.4,-0.4,2331,0.1,0.4,2.7
2007-01-25,-2.4,-7.3,0.5,3754,0.0,0.35,2.5
2007-01-26,-3.7,-8.5,1.5,2881,1.6,0.33,3.5
2007-01-27,0.6,-1.9,3.0,6545,0.3,0.52,4.1
2007-01-28,3.7,0.7,6.4,2504,2.7,0.63,5.3
2007-01-29,4.9,1.3,6.9,3140,1.2,0.65,3.8
2007-01-30,5.5,2.9,6.9,2597,1.2,0.73,2.9
2007-01-31,6.7,5.5,8.4,3689,0.6,0.87,4.1
2007-02-01,5.5,3.5,8.7,4586,0.2,0.76,2.5
2007-02-02,6.6,4.4,8.4,2745,2.9,0.8,2.6
2007-02-03,6.1,4.2,8.8,4736,0.0,0.8,3.4
2007-02-04,5.4,1.7,6.9,2850,0.0,0.67,2.3
2007-02-05,2.5,0.8,3.9,3313,0.2,0.63,2.7
2007-02-06,1.3,-1.1,4.0,3078,0.3,0.55,1.9
2007-02-07,0.2,-3.1,5.1,7268,4.0,0.48,1.6
2007-02-08,0.2,-0.2,0.9,3073,2.1,0.58,2.5
2007-02-09,1.0,-0.9,3.1,3132,0.7,0.55,2.7
2007-02-10,-2.5,-4.0,-0.8,3192,0.1,0.44,2.9
2007-02-11,-1.9,-4.6,1.3,3252,3.2,0.43,3.5
2007-02-12,5.2,1.1,8.9,5161,2.4,0.66,2.9
2007-02-13,6.3,4.7,7.8,3377,1.3,0.82,3.7
2007-02-14,7.0,5.4,9.8,4420,5.9,0.86,2.2
2007-02-15,4.5,3.3,5.5,3506,2.1,0.75,2.6
2007-02-16,3.8,2.8,4.6,3572,0.0,0.72,2.9
2007-02-17,4.4,1.2,9.1,8711,0.0,0.66,3.3
2007-02-18,4.3,-0.6,10.9,9934,0.0,0.59,1.9
2007-02-19,4.0,2.4,6.9,5437,0.0,0.71,1.2
2007-02-20,3.8,1.3,7.2,4966,0.0,0.66,1.2
2007-02-21,5.2,1.5,10.4,7885,4.5,0.68,2.3
2007-02-22,6.1,1.9,9.5,4848,0.0,0.69,1.9
2007-02-23,-0.5,-1.8,2.0,4060,0.0,0.51,2.6
2007-02-24,2.6,-2.0,7.9,8827,0.0,0.53,3.3
2007-02-25,7.1,4.1,11.8,5913,1.1,0.8,3.2
2007-02-26,5.9,3.8,9.0,4582,3.5,0.78,3.5
2007-02-27,4.0,1.7,7.9,5950,6.8,0.68,3.8
2007-02-28,7.4,2.3,12.1,5507,6.1,0.73,4.5
2007-03-01,7.4,4.8,11.6,5906,3.4,0.85,4.6
2007-03-02,5.9,4.3,8.1,4589,3.2,0.8,3.8
2007-03-03,3.2,0.8,4.8,4667,2.1,0.63,3.4
2007-03-04,5.3,1.3,10.7,7626,0.0,0.68,2.0
2007-03-05,5.7,0.5,10.2,5392,0.0,0.64,3.3
2007-03-06,8.1,3.4,13.6,7275,0.1,0.78,3.1
2007-03-07,10.0,5.5,14.7,5977,0.0,0.9,2.2
2007-03-08,6.3,2.5,11.0,6735,0.0,0.73,2.1
2007-03-09,7.6,1.8,14.3,11292,3.2,0.72,2.3
2007-03-10,6.4,3.9,11.1,9396,0.0,0.8,2.6
2007-03-11,9.4,4.4,16.1,13892,0.0,0.85,2.3
2007-03-12,11.7,5.7,19.2,15009,0.0,0.96,1.6
2007-03-13,12.3,6.0,20.2,14046,0.0,0.97,1.5
2007-03-14,7.6,3.0,12.7,11740,0.0,0.76,2.0
2007-03-15,7.8,2.5,14.1,14460,0.0,0.75,1.6
2007-03-16,8.1,3.1,13.8,9237,0.8,0.77,2.3
2007-03-17,8.0,5.3,11.0,7270,3.4,0.87,4.6
2007-03-18,7.3,1.5,11.6,5998,2.9,0.69,5.8
2007-03-19,3.2,-0.5,8.6,12808,0.1,0.59,3.1
2007-03-20,2.3,-1.7,5.9,6542,0.5,0.54,2.5
2007-03-21,2.2,0.4,3.6,6164,11.5,0.6,3.1
2007-03-22,1.5,0.4,3.4,6250,14.6,0.61,3.6
2007-03-23,5.9,1.2,11.6,13566,3.9,0.67,3.5
2007-03-24,11.0,7.9,15.5,15051,0.0,1.05,3.4
2007-03-25,10.7,5.3,16.8,17521,0.0,0.91,3.7
2007-03-26,10.4,5.3,16.9,17592,0.0,0.9,3.4
2007-03-27,10.5,3.4,17.8,18152,0.0,0.82,3.1
2007-03-28,11.0,4.3,17.8,18024,0.0,0.86,2.2
2007-03-29,10.3,5.5,16.5,17394,0.0,0.92,2.4
2007-03-30,8.9,3.0,15.3,16652,0.0,0.77,2.1
2007-03-31,11.4,6.2,18.2,15795,0.0,0.97,2.7
2007-04-01,11.5,4.7,18.5,18476,0.0,0.9,2.7
2007-04-02,12.1,5.9,19.1,18533,0.0,0.96,1.8
2007-04-03,6.0,2.5,10.4,11495,0.0,0.73,2.8
2007-04-04,5.8,0.6,11.3,20191,0.0,0.64,2.9
2007-04-05,7.0,1.9,11.6,8282,0.0,0.7,3.1
2007-04-06,8.9,5.4,13.2,8476,0.0,0.88,2.4
2007-04-07,7.8,2.1,13.7,20779,0.0,0.73,2.4
2007-04-08,9.0,4.8,11.8,9819,0.0,0.84,2.7
2007-04-09,10.9,7.9,15.5,9700,0.0,1.05,3.3
2007-04-10,11.3,6.5,16.2,9472,0.0,0.97,2.9
2007-04-11,11.9,5.9,17.4,11285,0.0,0.95,2.2
2007-04-12,13.4,5.8,21.3,21878,0.0,0.98,1.8
2007-04-13,15.7,7.8,24.2,22029,0.0,1.14,2.4
2007-04-14,16.6,8.9,25.5,22724,0.0,1.23,2.4
2007-04-15,16.1,8.4,24.1,21995,0.0,1.17,2.2
2007-04-16,17.5,8.0,26.6,22470,0.0,1.18,1.8
2007-04-17,14.2,7.2,20.7,17626,0.2,1.05,2.3
2007-04-18,8.8,4.2,14.3,15297,0.0,0.83,3.0
2007-04-19,10.7,1.5,18.5,21886,0.0,0.74,3.1
2007-04-20,6.9,3.7,10.0,9560,0.0,0.78,3.0
2007-04-21,7.0,0.8,13.5,22824,0.0,0.67,1.5
2007-04-22,10.8,1.6,18.8,24087,0.0,0.76,1.7
2007-04-23,15.6,5.3,24.6,22857,0.0,1.0,1.7
2007-04-24,16.2,12.5,22.0,15573,0.0,1.45,1.3
2007-04-25,17.5,10.5,25.7,21618,0.0,1.33,2.1
2007-04-26,17.7,8.7,25.8,24604,0.0,1.22,2.0
2007-04-27,19.6,11.4,28.4,24843,0.0,1.43,1.6
2007-04-28,18.5,10.3,27.4,24502,0.0,1.35,1.8
2007-04-29,10.7,4.1,17.2,26011,0.0,0.85,2.8
2007-04-30,10.3,1.1,19.2,21828,0.0,0.74,2.6
2007-05-01,9.7,1.7,16.9,26014,0.0,0.73,2.4
2007-05-02,13.4,6.9,20.9,20982,0.0,1.04,2.3
2007-05-03,14.6,7.0,22.0,25184,0.0,1.06,1.9
2007-05-04,15.0,6.9,23.2,27054,0.0,1.07,2.3
2007-05-05,16.7,8.0,24.4,26927,0.0,1.16,2.4
2007-05-06,17.7,9.9,25.5,25968,0.3,1.3,1.9
2007-05-07,13.1,10.9,14.9,9836,22.3,1.26,3.2
2007-05-08,11.0,7.6,16.5,13934,14.9,1.04,4.4
2007-05-09,12.2,7.7,17.5,17810,4.8,1.05,3.8
2007-05-10,13.5,9.1,17.9,10610,4.0,1.15,3.8
2007-05-11,12.9,9.1,17.8,12819,5.3,1.15,4.0
2007-05-12,11.3,7.1,17.4,12281,7.2,1.02,3.2
2007-05-13,15.7,9.0,22.2,20737,4.2,1.19,2.3
2007-05-14,17.6,11.9,23.6,19728,14.9,1.42,3.0
2007-05-15,11.4,7.4,14.4,11129,7.5,1.01,2.6
2007-05-16,12.4,5.7,18.9,22636,5.8,0.95,2.6
2007-05-17,10.7,7.1,14.7,17391,0.0,0.99,2.8
2007-05-18,12.7,5.2,19.0,28456,0.0,0.92,2.0
2007-05-19,17.6,9.2,25.5,22715,0.0,1.24,2.0
2007-05-20,21.4,15.2,28.0,24476,0.0,1.76,1.8
2007-05-21,23.8,15.3,31.1,28181,0.0,1.85,1.7
2007-05-22,22.4,16.4,28.1,25085,0.0,1.9,1.7
2007-05-23,17.9,13.6,21.7,17718,0.0,1.54,1.7
2007-05-24,20.1,12.8,26.9,22641,0.0,1.53,1.5
2007-05-25,23.0,16.4,31.6,25010,17.4,1.95,1.7
2007-05-26,19.5,15.6,27.9,16636,4.7,1.8,1.8
2007-05-27,18.7,14.2,23.8,15945,4.6,1.62,2.1
2007-05-28,17.6,13.6,23.2,14517,22.6,1.56,2.0
2007-05-29,17.9,10.8,26.2,15900,8.4,1.36,3.6
2007-05-30,13.2,9.5,18.4,18141,0.0,1.17,2.3
2007-05-31,15.2,9.3,20.9,20997,0.0,1.18,1.6
2007-06-01,17.5,10.9,24.1,22996,0.0,1.33,2.0
2007-06-02,17.0,13.2,21.9,14316,0.0,1.51,1.9
2007-06-03,15.7,13.6,18.8,11028,0.2,1.51,2.0
2007-06-04,16.4,14.7,18.4,11053,0.5,1.61,1.8
2007-06-05,17.1,14.8,22.5,15257,0.1,1.65,1.8
2007-06-06,20.4,14.3,26.5,21431,0.0,1.65,1.9
2007-06-07,22.7,17.1,31.0,23794,0.1,2.0,2.2
2007-06-08,24.1,17.0,31.3,29480,0.0,2.02,1.9
2007-06-09,24.0,17.4,32.2,24579,0.2,2.07,1.7
2007-06-10,22.9,15.6,30.7,29525,0.0,1.86,1.5
2007-06-11,23.9,17.1,31.5,29052,0.0,2.04,1.3
2007-06-12,22.3,16.5,31.8,22784,8.8,1.97,1.9
2007-06-13,19.9,16.0,25.0,19101,0.0,1.79,1.8
2007-06-14,22.6,16.9,28.1,20221,1.5,1.95,1.7
2007-06-15,22.1,17.4,29.2,18012,28.2,2.02,2.5
2007-06-16,18.0,14.5,23.7,18513,1.9,1.65,2.5
2007-06-17,19.1,13.1,25.3,22710,0.5,1.54,2.2
2007-06-18,17.9,14.1,23.4,16180,1.2,1.59,2.0
2007-06-19,19.7,13.3,26.1,28511,0.0,1.57,1.3
2007-06-20,22.0,15.2,29.8,23334,2.0,1.81,1.9
2007-06-21,18.1,13.2,22.9,12115,36.6,1.51,1.9
2007-06-22,17.3,12.8,23.1,19631,0.8,1.49,2.0
2007-06-23,15.8,13.0,19.9,16792,10.7,1.47,2.7
2007-06-24,18.4,12.9,23.8,21838,0.2,1.51,2.0
2007-06-25,19.8,14.2,28.5,20104,8.4,1.68,2.3
2007-06-26,15.1,12.0,19.3,17262,6.8,1.38,4.6
2007-06-27,13.2,10.7,16.4,17743,0.4,1.26,4.6
2007-06-28,14.4,10.5,18.8,17607,2.8,1.26,3.2
2007-06-29,15.5,8.6,21.1,20791,0.5,1.14,2.7
2007-06-30,16.3,13.2,20.1,17944,0.4,1.49,2.9
2007-07-01,18.8,12.7,24.9,16574,0.0,1.5,1.9
2007-07-02,18.5,15.0,22.6,11762,3.2,1.67,2.0
2007-07-03,16.9,13.2,22.9,20218,0.7,1.51,2.5
2007-07-04,14.8,12.6,18.1,11723,8.0,1.41,2.9
2007-07-05,14.9,12.4,18.4,13173,6.9,1.4,3.7
2007-07-06,16.3,13.2,21.4,17440,0.9,1.5,4.2
2007-07-07,15.8,12.3,20.6,13736,6.7,1.41,3.8
2007-07-08,17.2,11.4,23.3,26689,0.6,1.37,2.2
2007-07-09,15.3,12.8,19.6,11232,10.0,1.45,1.8
2007-07-10,13.9,10.5,19.7,17561,2.0,1.27,2.1
2007-07-11,13.7,9.5,19.4,18014,9.9,1.19,2.8
2007-07-12,14.7,12.9,18.5,11019,3.3,1.45,3.0
2007-07-13,18.1,13.5,24.4,14157,0.1,1.57,2.1
2007-07-14,23.6,15.4,30.9,28741,0.0,1.83,2.3
2007-07-15,26.2,18.4,34.3,28931,0.0,2.22,1.8
2007-07-16,29.0,21.9,37.7,26321,1.3,2.74,1.7
2007-07-17,24.2,18.8,28.0,22986,0.0,2.14,2.4
2007-07-18,22.9,17.8,28.3,22083,0.0,2.03,1.8
2007-07-19,21.8,16.2,28.1,21422,0.0,1.86,1.6
2007-07-20,22.2,18.4,27.0,18219,0.0,2.1,2.3
2007-07-21,21.5,17.0,27.4,21550,5.2,1.96,1.9
2007-07-22,16.5,13.0,20.7,14489,11.7,1.48,2.3
2007-07-23,18.5,12.5,24.3,22512,0.0,1.48,2.0
2007-07-24,18.0,13.3,24.4,13782,2.1,1.54,3.7
2007-07-25,16.9,13.3,22.3,18053,0.0,1.52,3.0
2007-07-26,20.8,12.9,26.8,22069,0.0,1.55,2.2
2007-07-27,19.9,14.2,24.2,21039,0.7,1.62,3.5
2007-07-28,16.6,13.5,20.7,12482,8.9,1.52,3.0
2007-07-29,14.4,11.7,17.2,11589,10.0,1.33,2.8
2007-07-30,13.6,11.4,16.9,13794,0.7,1.31,3.7
2007-07-31,14.6,12.1,19.1,15275,0.0,1.38,2.9
2007-08-01,15.9,10.9,21.3,22085,0.0,1.3,1.8
2007-08-02,17.9,10.9,25.4,19634,0.4,1.36,2.2
2007-08-03,16.9,12.1,21.9,17192,0.0,1.41,2.2
2007-08-04,17.6,10.8,24.2,22650,0.0,1.34,1.4
2007-08-05,20.4,14.1,27.0,26669,0.0,1.66,1.9
2007-08-06,20.7,13.6,27.8,26798,0.0,1.61,2.1
2007-08-07,22.5,15.5,30.0,22717,0.0,1.83,1.9
2007-08-08,20.9,16.8,28.0,18421,17.8,1.94,2.2
2007-08-09,22.9,15.8,30.4,24724,0.0,1.87,2.4
2007-08-10,20.7,18.1,25.3,12445,0.0,2.04,2.2
2007-08-11,18.9,16.6,21.9,9364,1.0,1.83,2.4
2007-08-12,16.1,14.1,18.7,9296,1.0,1.56,1.5
2007-08-13,18.3,13.3,26.0,19217,0.3,1.56,1.6
2007-08-14,19.5,13.3,25.9,21289,0.3,1.56,1.7
2007-08-15,22.0,17.1,28.1,15018,6.7,1.96,3.0
2007-08-16,20.1,13.6,24.4,12880,0.2,1.57,3.2
2007-08-17,16.0,11.0,22.0,16758,0.0,1.33,2.3
2007-08-18,16.3,10.3,21.8,17107,0.0,1.28,1.5
2007-08-19,19.0,12.0,26.0,20262,0.0,1.45,1.7
2007-08-20,20.8,16.2,28.5,17567,20.1,1.86,1.8
2007-08-21,18.6,15.9,23.0,12438,4.7,1.78,2.3
2007-08-22,18.8,15.9,25.0,14901,1.0,1.79,1.9
2007-08-23,20.5,15.4,26.0,18115,19.3,1.76,1.3
2007-08-24,19.4,16.0,24.7,17775,3.4,1.8,1.4
2007-08-25,19.2,14.7,24.7,19080,0.0,1.67,1.9
2007-08-26,18.7,12.9,24.4,15788,0.0,1.5,2.4
2007-08-27,14.9,11.2,20.0,10787,0.0,1.32,2.3
2007-08-28,14.3,9.5,18.6,16530,0.0,1.18,2.1
2007-08-29,12.6,7.5,19.1,18773,0.0,1.06,1.9
2007-08-30,13.7,8.3,19.4,14038,3.4,1.1,2.4
2007-08-31,14.6,12.6,17.0,8072,1.5,1.41,2.7
2007-09-01,14.6,11.6,19.1,9259,0.0,1.34,2.4
2007-09-02,15.9,11.2,21.8,10959,8.6,1.34,2.4
2007-09-03,13.4,8.8,17.1,11591,10.7,1.13,2.9
2007-09-04,9.4,6.9,13.8,11589,7.4,0.98,3.1
2007-09-05,11.7,6.4,18.7,18415,0.0,0.98,2.2
2007-09-06,12.2,6.3,17.5,12609,0.0,0.98,2.5
2007-09-07,14.4,10.5,19.1,10142,0.0,1.25,2.7
2007-09-08,15.1,13.6,17.3,7195,0.2,1.5,3.0
2007-09-09,14.2,11.2,19.1,14581,0.6,1.31,3.0
2007-09-10,11.7,10.0,14.6,7728,7.6,1.18,3.4
2007-09-11,13.6,10.3,17.7,10428,0.0,1.23,2.7
2007-09-12,13.9,11.2,16.9,10617,0.0,1.3,2.2
2007-09-13,12.0,9.2,14.6,6771,0.0,1.13,1.7
2007-09-14,14.0,8.4,20.0,13322,0.2,1.12,2.4
2007-09-15,12.8,9.8,17.1,12608,0.0,1.19,3.0
2007-09-16,14.1,8.6,20.9,16999,0.0,1.15,2.3
2007-09-17,18.1,12.4,24.7,13495,2.3,1.48,2.3
2007-09-18,12.1,7.4,16.1,8525,5.2,1.03,3.1
2007-09-19,9.6,6.3,15.0,11901,0.0,0.94,2.5
2007-09-20,12.4,6.0,18.9,14757,0.0,0.97,2.8
2007-09-21,14.7,9.4,20.7,14048,0.0,1.19,2.3
2007-09-22,15.3,10.2,22.1,15000,0.0,1.27,1.4
2007-09-23,16.0,10.1,24.2,15933,0.0,1.28,1.3
2007-09-24,17.1,10.9,24.8,15946,0.0,1.35,2.3
2007-09-25,12.9,10.2,15.7,6379,1.8,1.21,2.3
2007-09-26,12.1,7.1,18.3,12056,0.0,1.03,1.3
2007-09-27,12.9,10.5,14.4,5673,16.1,1.22,2.9
2007-09-28,13.6,10.6,16.6,6025,15.5,1.25,3.2
2007-09-29,11.8,9.8,14.1,5419,3.5,1.17,3.3
2007-09-30,12.9,11.1,16.2,5593,0.0,1.28,2.1
2007-10-01,13.0,8.8,18.0,7289,2.5,1.13,1.2
2007-10-02,12.1,10.1,14.4,5173,0.5,1.19,1.1
2007-10-03,11.2,8.1,15.5,10497,0.0,1.07,1.3
2007-10-04,11.1,7.2,14.3,5340,0.2,0.99,1.4
2007-10-05,12.1,8.3,15.0,7132,0.0,1.08,1.6
2007-10-06,9.8,6.5,14.3,7111,0.0,0.96,1.5
2007-10-07,9.2,4.9,16.3,10925,0.0,0.88,1.1
2007-10-08,9.2,4.9,16.1,9281,0.0,0.88,1.4
2007-10-09,9.0,6.6,12.2,4772,0.0,0.95,1.0
2007-10-10,8.1,3.6,13.9,12207,0.0,0.8,1.3
2007-10-11,9.2,6.7,11.5,4461,0.3,0.95,1.6
2007-10-12,11.4,8.0,15.7,5447,0.0,1.06,2.6
2007-10-13,8.0,3.8,13.1,9862,0.0,0.8,1.5
2007-10-14,6.9,1.7,13.5,11879,0.0,0.71,1.7
2007-10-15,9.3,1.6,17.3,11574,0.0,0.73,1.8
2007-10-16,12.0,8.4,17.6,6411,0.0,1.11,2.2
2007-10-17,13.7,9.3,18.3,8610,3.0,1.16,2.5
2007-10-18,8.9,5.8,12.1,6997,0.3,0.9,3.2
2007-10-19,5.9,1.6,10.6,8856,0.1,0.69,2.4
2007-10-20,5.1,0.0,10.6,7343,0.0,0.61,1.7
2007-10-21,4.9,0.3,8.6,5451,0.3,0.62,1.7
2007-10-22,3.1,-2.0,7.5,6651,0.0,0.53,2.2
2007-10-23,4.9,0.0,10.4,6147,0.0,0.62,2.6
2007-10-24,6.9,5.6,8.2,3537,0.0,0.88,2.9
2007-10-25,7.4,6.3,8.8,3472,0.0,0.92,2.3
2007-10-26,7.8,5.5,10.0,3408,0.1,0.87,1.9
2007-10-27,7.9,6.8,8.6,3345,0.8,0.95,1.1
2007-10-28,5.4,2.7,8.3,3788,0.0,0.73,2.0
2007-10-29,7.5,3.3,12.0,5903,0.1,0.77,1.9
2007-10-30,8.1,4.7,10.0,3163,0.4,0.83,1.8
2007-10-31,7.2,3.1,12.1,5842,0.0,0.76,2.0
2007-11-01,9.9,6.7,11.0,3046,0.3,0.95,2.1
2007-11-02,11.7,10.4,12.8,2990,1.6,1.22,1.4
2007-11-03,11.3,8.8,13.8,2934,1.0,1.1,2.3
2007-11-04,7.7,2.2,11.2,4039,0.0,0.72,2.1
2007-11-05,3.4,0.7,5.5,4830,5.7,0.63,1.8
2007-11-06,5.7,2.5,8.4,3736,3.3,0.72,4.1
2007-11-07,6.4,2.4,8.4,2891,4.9,0.71,4.9
2007-11-08,8.4,5.9,10.6,3612,5.8,0.9,3.9
2007-11-09,5.3,2.7,9.0,3007,2.5,0.73,5.5
2007-11-10,3.0,0.1,5.8,3655,4.9,0.6,4.3
2007-11-11,1.6,0.5,2.0,2531,7.1,0.61,4.1
2007-11-12,2.0,0.6,2.7,2538,5.5,0.61,3.7
2007-11-13,1.8,-0.6,5.4,5719,0.3,0.57,3.1
2007-11-14,1.5,-0.4,3.4,2450,0.2,0.57,2.8
2007-11-15,1.9,-1.6,5.3,3323,0.0,0.53,2.0
2007-11-16,0.5,-2.1,3.6,2316,0.7,0.51,1.9
2007-11-17,5.4,3.7,6.4,2277,1.6,0.76,1.6
2007-11-18,4.6,0.7,6.5,2239,0.1,0.63,1.9
2007-11-19,1.1,-0.8,4.4,3708,0.0,0.56,2.6
2007-11-20,0.9,-0.3,3.3,2406,0.0,0.58,2.2
2007-11-21,1.7,-1.1,5.7,5033,0.0,0.55,2.4
2007-11-22,5.2,2.4,7.8,2286,0.6,0.7,1.8
2007-11-23,5.7,3.1,7.9,2065,2.2,0.74,1.8
2007-11-24,2.4,-1.3,5.8,3280,1.5,0.55,2.3
2007-11-25,3.7,-0.1,7.3,2370,0.5,0.59,4.3
2007-11-26,1.9,-0.1,4.1,4103,0.0,0.58,4.4
2007-11-27,0.4,-1.9,3.5,2979,0.0,0.52,2.4
2007-11-28,0.4,-3.4,4.2,3210,0.0,0.47,2.0
2007-11-29,2.0,-0.6,4.0,2073,3.0,0.57,3.0
2007-11-30,5.3,3.4,6.9,1873,2.3,0.75,3.3
2007-12-01,6.6,4.5,8.7,2413,5.9,0.82,3.9
2007-12-02,6.8,3.7,9.7,2172,3.5,0.78,5.0
2007-12-03,7.0,4.4,9.2,1978,4.6,0.81,5.3
2007-12-04,5.5,4.3,7.2,2636,0.1,0.8,3.4
2007-12-05,7.8,4.7,10.6,1770,0.1,0.83,3.5
2007-12-06,9.3,7.7,11.1,2297,5.4,1.02,4.1
2007-12-07,9.3,5.2,13.9,2569,2.3,0.88,5.3
2007-12-08,6.0,3.6,8.1,2591,0.0,0.77,3.9
2007-12-09,5.5,3.7,8.0,1874,0.5,0.77,3.3
2007-12-10,3.9,0.3,7.5,3824,0.0,0.61,2.4
2007-12-11,4.1,2.6,5.5,1685,0.6,0.71,2.5
2007-12-12,5.4,4.6,6.1,1675,0.6,0.81,2.2
2007-12-13,3.8,2.0,4.8,1666,0.0,0.68,1.8
2007-12-14,1.9,-0.1,3.4,1900,0.1,0.58,1.8
2007-12-15,-1.3,-4.2,1.8,4305,0.0,0.43,2.2
2007-12-16,-1.6,-4.6,0.4,1646,0.0,0.42,2.2
2007-12-17,0.5,-0.7,1.7,1642,0.0,0.56,2.8
2007-12-18,-0.8,-1.2,-0.5,1639,0.0,0.53,1.9
2007-12-19,-0.8,-1.4,-0.4,1637,0.0,0.53,1.2
2007-12-20,-2.6,-4.5,-1.3,1636,0.0,0.42,1.2
2007-12-21,-4.9,-6.3,-4.3,1636,0.0,0.37,1.1
2007-12-22,-5.0,-6.2,-3.9,1637,0.0,0.37,1.2
2007-12-23,-2.9,-7.5,0.4,3720,0.0,0.35,1.3
2007-12-24,0.7,0.2,1.1,1643,0.0,0.6,1.5
2007-12-25,0.1,-2.1,2.6,3495,0.0,0.51,2.5
2007-12-26,-0.4,-3.3,1.2,2579,0.0,0.46,2.1
2007-12-27,0.6,-0.8,1.9,1661,0.0,0.56,2.5
2007-12-28,3.5,1.4,5.7,1669,0.0,0.65,3.0
2007-12-29,2.4,0.2,4.9,2776,0.0,0.6,3.5
2007-12-30,3.4,1.0,6.3,1974,1.5,0.64,2.6
2007-12-31,1.6,-1.4,3.0,1700,0.1,0.54,1.9
2008-01-01,0.3,0.0,0.8,1754,2.1,0.59,1.5
2008-01-02,-0.5,-3.6,0.6,1727,0.0,0.45,2.6
2008-01-03,-3.7,-5.2,-2.9,1742,0.0,0.4,4.1
2008-01-04,-5.9,-7.9,-4.6,2849,0.0,0.32,3.5
2008-01-05,-1.1,-4.7,0.9,1776,0.4,0.42,3.4
2008-01-06,1.1,-0.8,2.6,1794,2.7,0.56,2.4
2008-01-07,2.0,-0.6,4.3,2285,5.3,0.57,3.7
2008-01-08,3.9,1.0,7.0,3259,0.0,0.64,3.2
2008-01-09,2.7,0.2,5.7,2988,0.5,0.61,2.9
2008-01-10,3.7,1.0,6.5,3854,0.0,0.64,3.3
2008-01-11,7.2,2.5,10.0,2214,0.0,0.72,3.2
2008-01-12,4.1,1.1,7.4,2064,0.0,0.64,3.3
2008-01-13,2.7,-1.0,7.8,4930,0.0,0.57,2.3
2008-01-14,3.0,-1.3,7.3,3895,0.0,0.55,2.8
2008-01-15,5.5,2.7,8.8,4585,0.0,0.72,4.0
2008-01-16,6.7,3.5,9.3,2045,0.5,0.76,3.5
2008-01-17,5.8,2.7,10.1,3154,1.8,0.73,2.7
2008-01-18,6.5,4.1,8.2,2346,6.6,0.79,4.1
2008-01-19,9.0,4.6,11.3,2143,11.7,0.83,4.8
2008-01-20,8.3,4.6,11.3,2179,9.7,0.83,3.7
2008-01-21,9.3,6.9,10.7,2215,17.2,0.96,4.1
2008-01-22,3.1,-1.3,7.9,2302,0.0,0.56,3.8
2008-01-23,2.7,-1.3,7.2,4592,1.1,0.55,2.6
2008-01-24,7.0,4.4,8.8,2331,1.5,0.81,3.1
2008-01-25,5.6,1.7,8.0,6057,0.0,0.68,3.9
2008-01-26,7.9,5.7,9.5,2519,5.1,0.88,4.8
2008-01-27,6.3,3.2,8.2,2459,5.9,0.74,4.3
2008-01-28,5.8,2.5,8.4,2504,1.7,0.72,1.7
2008-01-29,6.1,4.6,7.5,2550,0.0,0.82,1.8
2008-01-30,4.1,2.4,5.5,2651,1.1,0.7,2.6
2008-01-31,2.7,0.0,4.3,3964,0.3,0.59,4.2
2008-02-01,5.5,3.0,7.7,3140,0.0,0.73,5.3
2008-02-02,2.3,-1.0,5.9,3815,1.2,0.56,3.8
2008-02-03,0.6,-1.6,5.3,7016,0.0,0.53,2.9
2008-02-04,2.7,-2.1,8.0,7352,0.0,0.53,2.8
2008-02-05,5.3,1.6,8.4,5534,0.6,0.67,3.6
2008-02-06,7.6,4.9,10.9,3255,2.6,0.85,4.5
2008-02-07,4.7,2.1,8.4,4813,0.0,0.7,2.9
2008-02-08,5.7,2.7,9.2,3073,0.0,0.72,1.8
2008-02-09,7.3,3.9,12.5,5465,0.0,0.8,1.6
2008-02-10,6.8,2.7,12.9,8163,0.0,0.75,1.5
2008-02-11,5.0,1.8,9.7,6712,0.0,0.68,1.4
2008-02-12,4.9,3.9,6.3,3314,0.0,0.78,1.5
2008-02-13,4.0,1.5,7.1,5182,0.0,0.66,1.3
2008-02-14,2.4,-1.6,3.8,3441,0.0,0.53,1.6
2008-02-15,-0.9,-4.9,3.9,8326,0.0,0.43,2.5
2008-02-16,-2.4,-6.4,2.7,7715,0.0,0.38,1.8
2008-02-17,-0.9,-6.1,3.6,7223,0.0,0.39,2.4
2008-02-18,3.2,2.1,4.9,3707,0.4,0.69,2.7
2008-02-19,4.3,3.4,5.2,3775,1.6,0.75,1.9
2008-02-20,5.0,1.4,9.7,8399,0.0,0.67,1.6
2008-02-21,6.0,2.4,10.0,5830,0.6,0.71,3.3
2008-02-22,9.6,7.0,10.8,3987,0.8,0.96,5.3
2008-02-23,8.2,5.1,10.8,8266,0.0,0.86,4.0
2008-02-24,8.5,5.4,13.7,9488,0.5,0.89,2.7
2008-02-25,6.4,3.1,10.6,7619,1.5,0.76,2.6
2008-02-26,9.2,4.0,14.2,4957,0.9,0.81,4.0
2008-02-27,6.8,3.5,9.3,5268,0.9,0.76,4.5
2008-02-28,6.0,3.0,10.4,8728,0.0,0.75,2.3
2008-02-29,6.0,2.0,11.4,6139,6.5,0.71,3.1
2008-03-01,6.4,3.8,8.6,4589,4.8,0.78,7.2
2008-03-02,7.0,4.0,9.8,5459,4.4,0.79,6.1
2008-03-03,5.9,2.2,10.3,6266,0.4,0.71,4.0
2008-03-04,2.6,0.6,8.6,6200,2.7,0.63,2.9
2008-03-05,1.1,-2.0,5.8,11847,0.3,0.52,3.1
2008-03-06,4.4,0.3,8.9,5482,0.0,0.62,3.4
2008-03-07,7.9,5.5,11.2,5485,0.2,0.88,2.0
2008-03-08,7.2,4.5,10.0,5487,0.2,0.82,2.0
2008-03-09,7.3,2.5,12.6,10840,0.0,0.73,2.9
2008-03-10,9.6,4.3,15.5,14492,0.0,0.84,3.8
2008-03-11,9.4,5.8,13.2,8949,1.3,0.9,4.7
2008-03-12,7.3,5.3,10.9,8105,2.0,0.87,6.1
2008-03-13,6.2,3.5,10.1,7948,2.8,0.77,5.5
2008-03-14,5.5,1.2,9.8,7609,0.9,0.67,3.6
2008-03-15,6.3,1.9,11.4,10584,0.0,0.7,1.7
2008-03-16,4.9,2.2,6.6,5822,5.1,0.69,2.8
2008-03-17,3.4,0.2,8.7,9469,1.2,0.62,3.8
2008-03-18,1.9,-1.1,7.2,12624,0.0,0.56,3.5
2008-03-19,1.1,-1.4,7.2,8957,1.5,0.55,2.7
2008-03-20,2.0,-2.4,6.8,11220,4.0,0.51,3.5
2008-03-21,3.6,0.7,7.1,7005,6.5,0.63,4.0
2008-03-22,2.1,0.3,4.8,6336,1.5,0.6,3.3
2008-03-23,-0.1,-3.5,3.4,10353,0.1,0.46,2.2
2008-03-24,1.0,-4.6,7.0,16169,0.0,0.45,2.5
2008-03-25,0.8,-1.1,5.4,10390,1.6,0.56,3.6
2008-03-26,1.7,-1.0,7.6,10504,0.6,0.56,3.0
2008-03-27,2.7,-1.7,8.7,11803,0.0,0.55,1.6
2008-03-28,6.5,-0.5,12.9,15902,2.2,0.61,2.8
2008-03-29,7.6,3.9,11.4,9742,0.2,0.8,3.8
2008-03-30,9.4,2.1,17.0,10351,0.0,0.75,3.3
2008-03-31,11.1,5.3,17.0,16040,0.0,0.91,2.1
2008-04-01,10.9,6.2,17.0,15060,1.0,0.95,2.3
2008-04-02,7.5,5.1,12.0,9336,4.1,0.87,3.4
2008-04-03,7.9,5.5,12.7,9020,1.2,0.89,2.5
2008-04-04,6.8,3.6,11.5,8490,0.0,0.78,1.8
2008-04-05,6.4,1.5,11.6,7533,6.1,0.69,2.3
2008-04-06,4.7,1.4,8.1,8565,0.1,0.66,1.9
2008-04-07,3.8,-0.7,8.4,8760,2.2,0.58,2.4
2008-04-08,5.7,2.3,11.2,14812,0.2,0.72,1.8
2008-04-09,3.8,2.4,5.8,7866,8.1,0.7,1.7
2008-04-10,4.1,2.9,5.5,7948,0.0,0.72,1.7
2008-04-11,5.9,3.7,7.9,8030,15.2,0.77,2.2
2008-04-12,8.8,4.7,14.7,15614,0.0,0.86,2.5
2008-04-13,10.2,5.6,16.4,15185,0.2,0.92,2.0
2008-04-14,9.8,6.3,15.1,12334,2.3,0.95,2.2
2008-04-15,7.1,5.0,8.9,8351,9.2,0.85,2.2
2008-04-16,6.9,3.3,11.7,13637,0.4,0.76,2.0
2008-04-17,5.0,3.9,6.2,8508,9.2,0.78,2.2
2008-04-18,6.5,4.3,8.9,8921,0.0,0.81,2.9
2008-04-19,6.5,2.8,10.9,14723,0.0,0.74,3.0
2008-04-20,8.5,3.1,14.1,15161,0.0,0.77,2.4
2008-04-21,11.3,4.5,17.0,21258,0.0,0.86,3.6
2008-04-22,12.3,6.6,18.1,21835,0.0,0.99,3.4
2008-04-23,11.4,4.6,18.5,20930,0.0,0.89,1.8
2008-04-24,13.5,5.7,20.4,23449,2.5,0.96,1.7
2008-04-25,11.2,7.9,14.4,13354,0.0,1.04,2.4
2008-04-26,12.5,5.7,19.2,24613,0.0,0.96,1.4
2008-04-27,14.7,6.7,21.4,22884,0.0,1.02,2.0
2008-04-28,16.5,8.3,23.5,23924,1.6,1.16,2.4
2008-04-29,13.9,9.7,18.2,9501,0.2,1.19,2.0
2008-04-30,13.7,8.4,18.7,13885,0.1,1.11,2.5
2008-05-01,12.8,8.5,18.6,15367,2.1,1.11,2.2
2008-05-02,11.7,6.5,18.1,20141,0.1,0.99,1.6
2008-05-03,12.5,6.6,19.5,19880,0.3,1.0,1.5
2008-05-04,13.4,5.9,20.0,22446,0.0,0.96,1.9
2008-05-05,15.2,8.6,22.5,20176,0.0,1.17,2.0
2008-05-06,15.4,7.2,22.6,25831,0.0,1.07,2.0
2008-05-07,16.7,9.6,23.7,26284,0.0,1.24,1.6
2008-05-08,16.9,9.1,24.1,26260,0.0,1.23,1.6
2008-05-09,16.7,9.1,24.5,27545,0.0,1.23,2.1
2008-05-10,17.8,11.1,25.3,25606,0.0,1.39,2.4
2008-05-11,18.4,11.6,26.3,25094,0.0,1.44,2.2
2008-05-12,18.6,10.0,26.4,27695,0.0,1.31,1.9
2008-05-13,15.0,8.8,21.6,22011,0.0,1.17,2.4
2008-05-14,15.0,6.6,22.9,25575,0.0,1.04,1.7
2008-05-15,16.7,10.7,23.6,23239,0.0,1.32,1.6
2008-05-16,15.9,11.0,22.0,15459,0.3,1.33,1.7
2008-05-17,15.8,9.9,22.0,13942,3.5,1.24,2.0
2008-05-18,11.9,7.7,17.2,14600,0.0,1.05,1.9
2008-05-19,11.2,6.2,16.4,16956,0.0,0.96,2.0
2008-05-20,12.5,6.1,19.8,21624,0.0,0.98,2.4
2008-05-21,12.7,5.6,19.4,21072,0.0,0.95,2.1
2008-05-22,14.3,4.8,21.2,23074,0.3,0.93,1.7
2008-05-23,15.6,10.8,21.5,14110,0.0,1.31,1.8
2008-05-24,15.9,9.4,23.2,22326,0.0,1.23,2.3
2008-05-25,16.3,8.8,23.4,25550,0.0,1.18,2.4
2008-05-26,16.1,11.3,20.8,12034,0.0,1.33,2.3
2008-05-27,15.3,11.2,20.0,18309,0.0,1.32,2.9
2008-05-28,18.4,11.7,24.9,25082,0.0,1.43,3.1
2008-05-29,19.9,13.6,26.7,25247,0.0,1.59,2.6
2008-05-30,22.9,15.1,31.2,26637,0.0,1.82,2.4
2008-05-31,23.9,17.3,31.7,27536,0.0,2.06,2.1
2008-06-01,23.4,16.2,30.9,26837,0.0,1.92,1.8
2008-06-02,24.4,16.6,31.9,29698,0.0,1.99,2.1
2008-06-03,23.7,16.9,31.8,22851,0.0,2.02,2.3
2008-06-04,21.9,15.6,29.2,29519,0.0,1.83,2.3
2008-06-05,20.3,13.5,26.2,28074,0.0,1.58,2.5
2008-06-06,19.7,12.4,25.8,22318,0.0,1.48,2.3
2008-06-07,22.1,16.3,28.7,21848,0.0,1.88,2.0
2008-06-08,22.4,13.1,30.0,27903,0.0,1.61,1.8
2008-06-09,22.2,13.2,30.0,30018,0.0,1.61,1.7
2008-06-10,21.7,13.7,29.0,29668,0.0,1.64,2.3
2008-06-11,16.2,11.7,20.3,19950,0.0,1.37,3.0
2008-06-12,14.7,9.4,19.5,20333,7.4,1.19,2.3
2008-06-13,12.0,8.8,17.0,15537,5.8,1.12,2.6
2008-06-14,12.6,7.9,18.3,18505,0.0,1.08,2.1
2008-06-15,13.2,8.4,19.6,18883,1.4,1.12,2.0
2008-06-16,13.7,8.8,19.3,18149,0.2,1.15,1.8
2008-06-17,15.6,7.8,22.5,27523,0.0,1.12,1.4
2008-06-18,19.1,10.6,25.4,23457,0.0,1.33,1.7
2008-06-19,20.3,13.3,27.0,20005,6.4,1.58,2.7
2008-06-20,18.2,13.9,23.1,22962,0.4,1.59,2.5
2008-06-21,17.5,13.3,23.7,20741,0.2,1.54,1.8
2008-06-22,22.8,12.9,32.8,25295,6.6,1.65,2.4
2008-06-23,19.1,11.9,23.6,28121,0.0,1.42,3.3
2008-06-24,15.9,9.0,22.3,30329,0.0,1.19,1.8
2008-06-25,19.0,11.4,25.9,17877,0.1,1.41,2.1
2008-06-26,20.5,15.5,26.0,29685,0.0,1.77,2.2
2008-06-27,17.3,11.9,20.9,15022,0.3,1.39,3.0
2008-06-28,16.0,10.4,21.2,13040,6.0,1.27,2.8
2008-06-29,20.1,14.2,26.7,25078,0.0,1.66,2.1
2008-06-30,19.5,13.8,25.3,24319,0.0,1.61,2.3
2008-07-01,20.6,12.3,28.2,27491,0.0,1.52,1.5
2008-07-02,24.1,14.3,32.4,30167,0.0,1.75,2.2
2008-07-03,26.0,17.9,34.9,27927,1.6,2.18,2.2
2008-07-04,16.5,14.8,20.8,11087,19.5,1.64,2.8
2008-07-05,18.4,13.9,24.4,22713,0.0,1.6,1.6
2008-07-06,21.0,13.2,27.5,21333,0.5,1.58,1.8
2008-07-07,18.8,12.5,23.8,19341,0.4,1.47,2.9
2008-07-08,17.4,12.1,23.1,17717,0.2,1.42,3.7
2008-07-09,16.2,11.8,22.0,18417,0.6,1.39,3.1
2008-07-10,16.0,10.9,19.1,10928,3.4,1.28,2.2
2008-07-11,19.7,16.5,27.5,15657,3.0,1.89,2.3
2008-07-12,19.5,14.1,25.3,21352,0.0,1.62,2.6
2008-07-13,15.8,12.7,18.5,12170,1.3,1.44,1.7
2008-07-14,16.2,10.9,21.6,18584,0.0,1.32,2.3
2008-07-15,19.0,14.0,23.6,14283,0.0,1.6,2.6
2008-07-16,17.5,13.6,23.2,15091,6.5,1.56,2.6
2008-07-17,15.9,11.1,20.9,18079,0.3,1.33,1.9
2008-07-18,16.3,13.1,20.3,11607,1.7,1.48,2.2
2008-07-19,16.9,13.2,23.2,17493,4.2,1.53,2.8
2008-07-20,16.1,12.5,21.4,19012,0.2,1.44,3.0
2008-07-21,14.0,11.2,16.9,12196,0.1,1.3,3.5
2008-07-22,15.8,11.7,21.6,13714,0.1,1.38,2.5
2008-07-23,17.8,11.7,24.1,24853,0.0,1.4,1.6
2008-07-24,20.1,11.7,28.2,22138,0.0,1.46,2.3
2008-07-25,23.1,17.6,32.0,24347,5.7,2.1,2.3
2008-07-26,23.9,17.8,32.7,21518,0.4,2.13,2.1
2008-07-27,25.2,17.7,32.8,28139,0.0,2.1,1.9
2008-07-28,25.8,18.6,33.4,28052,0.0,2.22,2.1
2008-07-29,25.4,17.6,33.4,26771,0.0,2.11,2.1
2008-07-30,21.5,18.1,25.4,11711,0.0,2.05,1.6
2008-07-31,24.0,16.3,32.0,27183,0.0,1.95,2.1
2008-08-01,24.5,17.5,35.0,21527,9.3,2.13,2.3
2008-08-02,19.4,16.3,23.1,13651,0.0,1.83,2.0
2008-08-03,21.4,18.0,26.5,18175,0.3,2.04,2.8
2008-08-04,19.1,15.0,23.8,16448,1.9,1.7,4.1
2008-08-05,18.4,12.9,23.8,19768,0.0,1.51,3.1
2008-08-06,19.1,11.7,26.0,18626,0.0,1.42,1.5
2008-08-07,24.8,15.8,33.7,25181,0.3,1.93,2.4
2008-08-08,20.9,15.4,26.5,16704,1.0,1.77,3.1
2008-08-09,17.0,11.4,22.9,19746,0.0,1.37,2.8
2008-08-10,16.4,11.1,20.5,9711,3.0,1.33,2.8
2008-08-11,20.2,14.3,27.0,19549,3.5,1.66,2.2
2008-08-12,19.7,16.6,23.4,10720,0.3,1.86,2.6
2008-08-13,20.7,16.7,25.5,20145,0.1,1.89,4.0
2008-08-14,19.5,15.0,25.7,21178,0.0,1.7,2.7
2008-08-15,14.7,12.1,16.3,9016,7.9,1.37,1.6
2008-08-16,15.7,10.7,22.5,16418,0.1,1.3,1.6
2008-08-17,18.3,13.3,25.1,19703,0.0,1.56,1.6
2008-08-18,18.4,12.4,23.5,11944,0.2,1.45,2.2
2008-08-19,21.4,16.8,28.1,14320,0.0,1.94,2.7
2008-08-20,18.7,15.1,23.7,14445,0.4,1.7,3.3
2008-08-21,19.2,14.2,25.4,17677,0.0,1.63,2.4
2008-08-22,19.0,12.8,24.8,11590,5.0,1.5,1.8
2008-08-23,15.5,9.8,20.4,14032,11.9,1.23,3.1
2008-08-24,13.8,9.8,16.8,8338,3.3,1.19,2.4
2008-08-25,15.5,11.6,19.8,10006,2.4,1.34,1.7
2008-08-26,17.9,13.5,22.9,14805,0.0,1.54,2.0
2008-08-27,19.3,15.6,24.5,14801,0.0,1.77,2.2
2008-08-28,17.3,15.4,19.6,8773,1.7,1.69,2.3
2008-08-29,17.6,13.0,21.7,9117,0.0,1.49,2.4
2008-08-30,16.2,11.5,23.2,17862,0.0,1.39,1.5
2008-08-31,17.5,10.1,25.7,21538,0.0,1.32,2.2
2008-09-01,17.7,12.1,25.0,15485,5.2,1.44,2.3
2008-09-02,18.2,12.2,23.8,17977,0.0,1.44,2.4
2008-09-03,17.4,11.3,22.5,11589,9.6,1.36,3.0
2008-09-04,13.9,9.1,18.9,14380,0.5,1.15,2.6
2008-09-05,15.7,10.0,20.6,10449,0.2,1.24,2.2
2008-09-06,19.3,16.9,23.4,7381,19.0,1.87,2.5
2008-09-07,17.0,14.0,19.9,7906,0.0,1.57,2.4
2008-09-08,15.9,11.9,20.8,11956,0.2,1.39,2.4
2008-09-09,16.6,10.6,23.5,17557,0.1,1.31,1.7
2008-09-10,17.9,12.6,24.5,12820,0.0,1.47,1.7
2008-09-11,18.1,14.1,24.1,12596,0.0,1.61,1.8
2008-09-12,14.1,9.2,18.9,10506,0.0,1.17,3.2
2008-09-13,11.4,5.4,17.0,14396,0.0,0.91,3.2
2008-09-14,10.9,7.3,13.3,6601,0.0,0.99,2.6
2008-09-15,11.8,8.9,16.2,7670,0.0,1.12,2.3
2008-09-16,9.4,5.6,11.9,9772,0.0,0.89,1.8
2008-09-17,10.7,7.7,15.6,10609,0.0,1.04,1.5
2008-09-18,11.4,8.3,15.5,7013,0.0,1.07,1.5
2008-09-19,11.1,6.4,14.8,6735,0.0,0.95,1.4
2008-09-20,12.1,9.4,16.9,7479,0.2,1.16,1.7
2008-09-21,12.5,9.7,17.8,9126,1.1,1.18,1.8
2008-09-22,11.5,8.0,15.8,7014,2.3,1.06,1.9
2008-09-23,11.9,10.9,12.8,5837,10.1,1.25,2.0
2008-09-24,12.8,9.6,18.3,10764,0.0,1.19,2.1
2008-09-25,11.5,7.8,18.4,12322,0.0,1.06,2.4
2008-09-26,11.3,7.3,18.1,12092,0.0,1.04,1.8
2008-09-27,11.4,7.5,17.3,13607,0.0,1.04,1.7
2008-09-28,12.0,7.4,18.8,14400,0.1,1.04,1.7
2008-09-29,11.7,9.0,16.2,8160,2.6,1.12,2.0
2008-09-30,10.1,8.0,13.0,6950,9.6,1.04,3.8
2008-10-01,11.3,8.7,15.1,5509,9.6,1.09,5.1
2008-10-02,10.6,7.1,14.7,10830,0.0,0.99,4.2
2008-10-03,8.1,3.7,13.7,8799,0.0,0.8,2.8
2008-10-04,6.3,1.7,12.0,6317,0.0,0.7,3.1
2008-10-05,8.4,3.7,11.6,5658,7.6,0.79,4.1
2008-10-06,11.1,9.4,13.0,4772,0.3,1.14,1.8
2008-10-07,11.9,8.2,17.2,8411,0.0,1.08,1.7
2008-10-08,11.2,7.5,16.3,6729,0.0,1.03,1.8
2008-10-09,11.6,8.4,14.1,4538,0.1,1.07,1.6
2008-10-10,11.0,6.3,16.5,10440,0.0,0.96,1.7
2008-10-11,12.7,7.5,19.7,12045,0.0,1.07,2.1
2008-10-12,11.5,8.3,16.0,5585,0.0,1.08,1.8
2008-10-13,13.3,6.6,20.5,10469,0.6,1.02,1.9
2008-10-14,14.3,10.8,17.4,6217,0.0,1.26,2.0
2008-10-15,12.6,9.4,16.5,4742,3.8,1.16,2.4
2008-10-16,11.1,6.1,14.5,5883,5.5,0.93,3.3
2008-10-17,8.5,6.0,11.3,5010,0.0,0.91,3.2
2008-10-18,8.2,4.9,14.1,8014,0.0,0.87,2.2
2008-10-19,10.6,6.6,14.6,5123,0.0,0.96,2.5
2008-10-20,11.0,6.3,16.8,10455,0.0,0.96,2.9
2008-10-21,13.4,9.3,20.8,7802,1.6,1.2,3.1
2008-10-22,9.3,6.5,11.0,3603,0.1,0.94,2.1
2008-10-23,7.6,3.8,12.8,9096,0.0,0.8,2.3
2008-10-24,6.6,1.6,12.5,9685,0.0,0.69,2.3
2008-10-25,8.9,6.0,11.7,3473,0.0,0.91,1.9
2008-10-26,10.5,4.9,14.2,5005,4.5,0.87,3.3
2008-10-27,9.7,5.7,12.7,3283,5.8,0.89,2.5
2008-10-28,6.4,3.9,9.5,4656,1.7,0.79,1.8
2008-10-29,5.8,4.7,7.3,3163,13.1,0.83,1.5
2008-10-30,3.7,2.4,5.6,3104,15.3,0.7,2.1
2008-10-31,4.8,2.4,8.7,5571,0.0,0.71,1.7
2008-11-01,5.9,3.1,10.3,5543,0.0,0.75,2.1
2008-11-02,5.3,2.4,7.8,2934,0.0,0.7,1.9
2008-11-03,7.7,6.3,8.3,2880,0.0,0.92,2.2
2008-11-04,9.4,8.4,9.9,2827,0.0,1.06,1.5
2008-11-05,10.1,9.1,10.8,2774,0.7,1.12,2.5
2008-11-06,11.3,10.8,11.7,2723,0.9,1.24,1.7
2008-11-07,11.0,9.8,11.6,2674,0.0,1.17,1.7
2008-11-08,9.3,6.7,11.0,2625,0.0,0.95,1.7
2008-11-09,9.5,6.0,12.8,4194,1.4,0.92,3.5
2008-11-10,12.9,8.7,15.7,2584,0.0,1.11,4.5
2008-11-11,11.9,6.4,15.2,2486,0.0,0.95,4.2
2008-11-12,6.5,3.6,10.2,4366,0.0,0.77,2.9
2008-11-13,5.5,2.3,10.4,5484,0.0,0.71,1.8
2008-11-14,5.8,1.2,9.3,2408,0.0,0.66,2.9
2008-11-15,9.9,8.4,10.9,2316,0.5,1.06,3.3
2008-11-16,8.4,4.9,11.0,3917,0.6,0.85,3.6
2008-11-17,4.0,0.1,7.6,5826,0.0,0.61,2.0
2008-11-18,3.4,-0.1,6.5,2299,4.0,0.59,3.2
2008-11-19,7.2,5.1,9.5,2166,1.4,0.85,4.2
2008-11-20,7.4,3.6,9.6,2131,14.6,0.77,5.7
2008-11-21,1.7,-0.1,4.2,2098,4.4,0.59,4.6
2008-11-22,0.0,-1.6,1.3,2764,3.2,0.52,4.3
2008-11-23,0.4,-1.8,2.4,3603,0.2,0.52,3.6
2008-11-24,-1.1,-3.2,1.4,2187,0.5,0.47,2.3
2008-11-25,0.5,-1.4,1.8,1976,0.0,0.53,2.2
2008-11-26,2.6,-1.3,5.4,2621,0.7,0.54,2.7
2008-11-27,5.5,3.4,7.7,2855,0.4,0.75,3.1
2008-11-28,2.6,-1.1,5.1,2822,0.0,0.55,2.3
2008-11-29,1.3,-0.9,2.4,1873,0.2,0.55,1.8
2008-11-30,0.3,-1.6,1.7,1850,0.0,0.52,1.9
2008-12-01,2.1,-1.7,4.8,1828,11.4,0.52,2.1
2008-12-02,3.9,2.2,5.5,2064,0.0,0.69,3.3
2008-12-03,0.9,-0.3,2.6,1958,5.1,0.57,2.9
2008-12-04,1.2,-1.5,4.8,1770,0.7,0.53,2.9
2008-12-05,4.6,2.3,6.3,2004,0.2,0.7,2.5
2008-12-06,3.6,1.3,5.5,2028,0.7,0.65,2.1
2008-12-07,4.1,2.3,4.9,1723,1.0,0.69,2.2
2008-12-08,3.4,-0.9,5.3,1709,0.0,0.56,2.5
2008-12-09,0.4,-1.5,2.4,2802,0.0,0.53,2.1
2008-12-10,1.6,0.5,2.2,1685,0.3,0.61,1.5
2008-12-11,1.6,0.4,1.9,1675,6.1,0.6,1.3
2008-12-12,0.7,0.2,1.0,1666,0.0,0.59,1.6
2008-12-13,1.9,0.5,2.9,1659,0.0,0.61,2.6
2008-12-14,3.5,1.9,4.4,1732,0.0,0.68,2.9
2008-12-15,3.0,2.1,3.3,1646,0.0,0.68,2.1
2008-12-16,3.2,2.4,3.6,1642,0.0,0.7,1.3
2008-12-17,3.2,1.7,3.7,1639,0.1,0.66,1.7
2008-12-18,2.2,0.5,3.3,1637,0.1,0.61,2.1
2008-12-19,3.0,-0.5,6.2,1756,1.3,0.58,3.0
2008-12-20,4.8,1.7,7.0,1636,1.3,0.67,4.6
2008-12-21,5.5,3.4,8.5,1877,0.5,0.76,3.6
2008-12-22,7.9,5.9,9.0,2200,1.0,0.89,4.4
2008-12-23,4.2,0.3,6.1,1884,1.2,0.61,2.3
2008-12-24,5.4,2.3,6.2,1648,4.0,0.69,2.5
2008-12-25,0.7,-2.3,5.2,3304,0.0,0.51,2.8
2008-12-26,-2.0,-5.1,0.5,3275,0.0,0.4,3.1
2008-12-27,-0.7,-2.7,1.4,2114,0.0,0.48,2.4
2008-12-28,-3.5,-5.3,-1.0,4198,0.0,0.4,2.5
2008-12-29,-3.9,-5.7,-3.0,2015,0.0,0.38,2.3
2008-12-30,-4.2,-6.6,0.1,4284,0.0,0.37,1.7
2008-12-31,-5.2,-7.7,-0.6,4392,0.0,0.34,1.3
2009-01-01,-3.2,-7.4,-1.3,1713,0.2,0.34,1.6
2009-01-02,-2.9,-8.9,0.2,2141,1.2,0.31,1.5
2009-01-03,-5.2,-10.4,-0.1,2409,1.0,0.28,2.6
2009-01-04,0.3,-0.4,1.0,1758,8.0,0.57,2.6
2009-01-05,-5.5,-12.0,0.3,4393,0.0,0.26,2.5
2009-01-06,-12.3,-18.6,-6.1,4855,0.0,0.15,2.1
2009-01-07,-10.2,-18.9,-3.7,1814,0.1,0.15,2.3
2009-01-08,-8.3,-11.9,-5.8,2741,0.0,0.24,2.1
2009-01-09,-5.5,-10.6,-2.0,2292,0.0,0.27,1.8
2009-01-10,-2.2,-6.6,-0.1,1880,0.0,0.37,1.5
2009-01-11,-5.5,-9.2,-0.8,5178,0.0,0.3,2.3
2009-01-12,-4.3,-6.9,0.3,5188,0.0,0.36,3.0
2009-01-13,-0.9,-5.3,2.5,2453,0.0,0.41,2.7
2009-01-14,-3.7,-8.3,0.3,3031,0.5,0.33,1.4
2009-01-15,1.2,-0.1,2.4,2014,0.0,0.59,1.3
2009-01-16,-0.2,-2.1,1.1,2045,0.0,0.5,2.2
2009-01-17,-0.3,-2.8,2.1,3013,0.5,0.48,2.4
2009-01-18,2.7,0.0,7.0,3861,2.5,0.6,3.6
2009-01-19,2.4,-0.3,5.1,4344,2.6,0.58,3.7
2009-01-20,3.5,-0.8,5.5,2179,0.0,0.56,2.5
2009-01-21,-0.2,-2.2,1.3,2215,0.0,0.5,1.3
2009-01-22,0.0,-3.0,4.6,5911,0.0,0.48,2.8
2009-01-23,0.0,-2.8,3.9,3642,2.8,0.49,4.4
2009-01-24,2.3,0.2,4.2,2483,0.7,0.6,2.7
2009-01-25,1.7,-1.4,6.4,5187,0.0,0.54,1.8
2009-01-26,-0.1,-1.3,0.9,2467,0.0,0.53,1.8
2009-01-27,0.3,-2.2,2.7,2668,0.0,0.5,1.4
2009-01-28,-2.3,-3.4,-1.2,2504,0.0,0.46,1.6
2009-01-29,-2.8,-4.2,-1.6,2550,0.0,0.43,2.2
2009-01-30,-1.2,-2.7,0.3,2597,0.0,0.48,2.4
2009-01-31,0.2,-2.0,2.2,2755,0.3,0.51,2.9
2009-02-01,-1.7,-4.0,-0.2,2695,0.1,0.44,3.9
2009-02-02,0.7,-0.4,1.8,2745,0.0,0.57,4.2
2009-02-03,1.2,0.0,2.4,2797,0.0,0.59,2.2
2009-02-04,0.8,-0.8,4.4,3543,0.4,0.56,1.2
2009-02-05,2.5,-0.9,6.5,5417,0.0,0.56,2.0
2009-02-06,2.2,-0.3,6.1,3433,0.3,0.58,1.8
2009-02-07,0.8,0.0,1.8,3016,0.0,0.59,1.5
2009-02-08,1.6,-1.3,4.4,4347,0.0,0.54,2.8
2009-02-09,0.7,-2.3,4.7,5833,0.1,0.51,2.5
2009-02-10,2.2,-0.4,5.5,3254,7.2,0.58,4.8
2009-02-11,0.2,-2.2,1.5,3252,1.2,0.5,4.0
2009-02-12,-1.6,-3.6,0.0,3314,0.0,0.45,2.7
2009-02-13,-2.2,-5.2,2.5,8082,0.0,0.41,2.1
2009-02-14,-3.0,-6.1,1.2,5137,0.0,0.38,2.3
2009-02-15,-1.3,-4.5,2.4,3836,4.3,0.43,2.4
2009-02-16,0.1,-0.8,1.5,3572,5.5,0.55,2.3
2009-02-17,-2.4,-6.3,0.6,8914,0.0,0.38,3.0
2009-02-18,-3.5,-6.0,0.2,5144,0.0,0.38,1.6
2009-02-19,-2.0,-4.6,1.2,3775,2.6,0.42,2.1
2009-02-20,0.7,-0.8,2.5,3845,2.4,0.56,2.2
2009-02-21,-0.7,-1.9,0.2,3916,3.5,0.51,1.7
2009-02-22,2.3,0.1,4.6,3987,1.9,0.59,3.4
2009-02-23,2.5,0.7,4.3,4060,0.7,0.62,3.8
2009-02-24,1.3,0.0,2.7,4133,0.0,0.59,2.0
2009-02-25,3.1,0.3,5.3,4207,1.8,0.61,2.7
2009-02-26,5.3,3.9,7.6,4507,6.7,0.78,4.1
2009-02-27,4.5,2.7,7.3,4737,0.1,0.71,3.5
2009-02-28,4.4,2.6,6.4,4510,1.6,0.71,1.6
2009-03-01,6.1,4.0,9.1,4588,0.0,0.79,1.8
2009-03-02,6.5,3.7,9.7,4589,3.4,0.78,2.1
2009-03-03,4.8,0.4,8.1,5221,0.0,0.62,2.0
2009-03-04,3.8,-0.8,9.5,5866,0.0,0.58,3.2
2009-03-05,7.6,2.3,13.7,5230,3.1,0.73,2.6
2009-03-06,4.7,3.8,7.3,4906,2.7,0.78,2.9
2009-03-07,3.6,1.4,4.3,4987,0.1,0.65,2.7
2009-03-08,3.9,-0.3,7.2,5069,1.4,0.59,3.2
2009-03-09,4.5,2.1,8.1,9862,1.3,0.69,4.0
2009-03-10,5.2,3.4,8.5,6338,1.5,0.76,3.5
2009-03-11,4.0,1.1,7.0,5659,0.6,0.65,3.1
2009-03-12,4.4,2.7,7.5,6179,7.1,0.72,2.9
2009-03-13,6.8,4.2,9.7,5658,0.0,0.8,2.7
2009-03-14,8.0,2.7,13.1,9888,1.9,0.75,2.0
2009-03-15,7.4,6.6,8.6,5652,2.3,0.94,3.0
2009-03-16,6.9,4.9,10.4,6455,0.5,0.84,1.6
2009-03-17,7.8,3.9,13.2,11074,0.0,0.8,3.1
2009-03-18,5.2,0.3,9.0,13396,0.0,0.62,2.6
2009-03-19,5.2,2.2,9.7,13913,0.0,0.71,2.5
2009-03-20,2.6,-1.4,7.2,14437,0.0,0.55,1.9
2009-03-21,3.9,-0.7,9.5,10846,0.0,0.58,2.0
2009-03-22,6.5,4.4,10.6,6816,0.5,0.81,4.1
2009-03-23,6.1,2.8,7.7,6336,4.8,0.73,5.6
2009-03-24,1.5,-3.0,5.6,9490,1.5,0.49,4.1
2009-03-25,1.3,-3.6,6.1,11725,0.0,0.47,3.2
2009-03-26,5.0,2.3,8.1,6886,1.2,0.7,3.4
2009-03-27,6.8,3.5,10.6,7857,0.3,0.77,3.7
2009-03-28,5.9,1.7,10.4,7162,2.3,0.68,3.0
2009-03-29,6.3,2.3,11.2,10632,0.0,0.72,2.0
2009-03-30,6.8,3.8,12.0,10543,0.0,0.79,1.8
2009-03-31,8.7,2.3,15.2,19122,0.0,0.75,2.0
2009-04-01,9.9,2.1,16.8,19085,0.0,0.75,2.5
2009-04-02,10.4,4.4,17.9,19657,0.0,0.87,3.1
2009-04-03,13.3,3.7,23.2,19924,0.0,0.89,1.9
2009-04-04,16.0,9.7,23.5,17708,0.0,1.25,2.0
2009-04-05,11.2,7.0,14.9,11196,0.0,0.98,1.7
2009-04-06,11.5,4.5,18.6,18212,0.0,0.88,1.8
2009-04-07,15.1,7.0,23.6,18568,0.0,1.08,2.1
2009-04-08,13.9,9.2,18.4,13419,0.2,1.16,2.4
2009-04-09,13.9,9.2,19.2,15344,0.0,1.17,1.7
2009-04-10,14.6,7.1,22.0,20607,0.0,1.06,2.4
2009-04-11,14.8,8.5,22.2,21295,0.0,1.15,2.3
2009-04-12,12.8,6.5,21.0,21770,0.0,1.02,2.0
2009-04-13,13.2,5.8,21.1,22138,0.0,0.98,1.7
2009-04-14,14.1,6.5,23.0,21304,0.0,1.04,1.5
2009-04-15,15.3,7.4,23.3,21995,0.0,1.09,2.3
2009-04-16,14.7,9.0,21.3,22139,0.0,1.18,3.2
2009-04-17,13.6,8.2,19.9,14967,1.3,1.11,3.3
2009-04-18,10.2,6.3,12.8,8619,0.1,0.94,2.5
2009-04-19,9.5,3.5,17.0,23339,0.0,0.82,2.5
2009-04-20,11.5,4.2,19.7,23926,0.0,0.87,2.1
2009-04-21,12.6,5.4,20.1,24064,0.0,0.94,1.8
2009-04-22,9.6,6.2,15.3,15036,0.7,0.94,2.5
2009-04-23,8.8,4.1,15.4,14339,0.0,0.83,2.0
2009-04-24,12.4,3.2,21.3,24464,0.0,0.84,2.5
2009-04-25,14.8,5.5,23.8,24364,0.0,1.0,2.6
2009-04-26,16.4,8.9,24.0,18864,0.0,1.2,2.1
2009-04-27,18.3,11.4,25.4,22424,0.0,1.4,2.5
2009-04-28,18.3,11.6,25.0,20342,0.0,1.41,2.6
2009-04-29,15.0,8.8,21.7,15577,0.0,1.17,1.8
2009-04-30,17.0,9.0,27.1,21828,0.0,1.25,1.8
2009-05-01,15.1,7.1,24.4,25315,0.0,1.1,1.9
2009-05-02,14.4,4.0,23.8,26362,0.0,0.92,1.7
2009-05-03,15.1,7.5,23.5,14980,2.0,1.1,1.9
2009-05-04,9.7,4.3,15.2,14000,0.2,0.84,2.8
2009-05-05,8.8,3.3,12.0,9712,6.0,0.77,3.1
2009-05-06,11.1,6.0,15.9,14857,2.7,0.93,4.2
2009-05-07,13.7,5.4,20.6,18011,0.0,0.95,2.4
2009-05-08,15.0,8.1,21.4,18921,5.6,1.12,2.8
2009-05-09,13.1,4.6,20.1,24237,13.5,0.9,2.1
2009-05-10,14.8,10.6,20.6,21463,0.0,1.28,1.8
2009-05-11,11.7,6.6,14.2,10070,0.9,0.96,2.2
2009-05-12,11.3,4.2,18.4,26411,0.0,0.87,2.8
2009-05-13,12.5,5.3,19.3,27575,0.0,0.92,2.5
2009-05-14,12.6,6.6,19.1,24175,0.0,1.0,2.9
2009-05-15,14.7,7.6,21.8,16666,2.1,1.1,3.0
2009-05-16,13.5,9.5,18.9,14678,0.3,1.18,2.3
2009-05-17,17.1,8.6,25.3,25724,4.4,1.19,2.3
2009-05-18,17.1,14.1,22.4,19264,0.0,1.6,2.0
2009-05-19,18.0,11.9,24.6,22231,0.4,1.44,1.5
2009-05-20,18.5,13.1,24.1,25082,0.0,1.51,1.6
2009-05-21,16.2,12.8,21.2,13851,10.2,1.46,2.0
2009-05-22,14.2,9.6,20.1,17425,0.8,1.21,2.5
2009-05-23,14.5,8.6,20.3,26726,0.0,1.14,2.1
2009-05-24,18.6,9.8,25.9,27028,0.0,1.3,2.0
2009-05-25,17.6,9.9,25.5,29402,0.0,1.3,1.6
2009-05-26,18.2,12.9,28.8,17980,18.9,1.58,3.2
2009-05-27,14.0,10.4,18.2,17901,0.0,1.24,3.5
2009-05-28,13.6,9.4,18.5,19165,1.7,1.17,3.7
2009-05-29,13.3,7.7,19.2,23858,0.0,1.06,3.1
2009-05-30,13.6,8.4,20.0,11526,10.7,1.12,2.9
2009-05-31,16.3,11.5,24.6,17319,6.0,1.4,2.4
2009-06-01,16.9,12.3,24.1,21156,4.5,1.46,2.2
2009-06-02,18.6,10.7,26.5,27206,0.0,1.35,2.9
2009-06-03,11.4,9.3,15.0,12379,1.1,1.14,3.9
2009-06-04,10.0,6.6,14.4,17444,1.0,0.97,3.1
2009-06-05,10.3,6.2,15.8,19438,0.0,0.95,2.2
2009-06-06,11.3,5.5,16.9,18356,6.6,0.92,2.4
2009-06-07,11.5,9.8,14.8,12350,2.2,1.17,2.4
2009-06-08,14.7,8.8,20.4,22956,0.0,1.15,2.3
2009-06-09,15.8,11.4,19.6,13743,0.2,1.32,2.3
2009-06-10,16.9,12.7,22.2,21766,0.3,1.47,2.8
2009-06-11,13.5,8.9,18.2,11927,13.6,1.13,4.0
2009-06-12,12.3,7.9,16.7,21798,0.5,1.05,4.2
2009-06-13,14.3,9.1,19.8,28097,0.0,1.16,2.9
2009-06-14,16.3,7.9,22.8,24412,0.0,1.11,1.9
2009-06-15,17.1,12.2,22.7,17149,12.6,1.42,2.0
2009-06-16,14.7,11.2,19.1,22088,0.0,1.31,2.5
2009-06-17,14.7,8.1,21.4,28135,0.0,1.12,1.7
2009-06-18,17.8,11.7,23.5,15934,0.1,1.39,2.6
2009-06-19,15.7,10.8,20.5,14457,0.5,1.3,2.7
2009-06-20,14.4,9.7,21.2,22101,0.1,1.23,2.3
2009-06-21,14.5,9.5,20.5,20620,7.1,1.21,1.8
2009-06-22,14.6,11.0,22.0,18275,5.6,1.33,2.3
2009-06-23,17.1,10.7,22.9,23077,0.0,1.31,3.1
2009-06-24,19.1,12.5,26.0,26889,3.0,1.49,3.0
2009-06-25,16.5,13.8,20.5,12960,7.4,1.54,2.4
2009-06-26,19.0,16.6,21.6,12336,0.0,1.83,2.5
2009-06-27,18.5,15.7,21.8,11956,0.0,1.74,2.3
2009-06-28,17.7,12.9,22.8,13545,0.0,1.49,1.8
2009-06-29,20.4,17.0,24.9,15008,0.0,1.91,1.4
2009-06-30,22.4,16.6,28.5,25201,0.0,1.91,1.4
2009-07-01,22.8,17.7,28.2,21491,1.1,2.02,1.5
2009-07-02,22.4,18.0,30.2,23190,3.9,2.1,1.6
2009-07-03,23.0,17.5,29.4,25008,0.0,2.04,1.6
2009-07-04,22.6,18.1,28.2,20316,0.1,2.07,2.1
2009-07-05,20.6,16.5,25.7,19062,0.0,1.86,1.7
2009-07-06,20.5,16.1,27.3,21242,0.0,1.86,1.9
2009-07-07,19.5,14.1,25.8,24397,0.1,1.63,2.6
2009-07-08,16.9,14.3,22.0,17872,6.2,1.6,3.4
2009-07-09,16.0,13.3,20.4,15025,1.1,1.49,3.3
2009-07-10,14.3,10.4,18.8,19884,7.7,1.25,3.6
2009-07-11,14.8,10.7,19.7,17281,0.0,1.27,2.7
2009-07-12,16.6,9.0,23.4,18831,2.2,1.21,2.0
2009-07-13,20.0,15.3,25.5,21962,0.0,1.75,1.9
2009-07-14,21.7,16.4,27.9,17165,0.0,1.88,1.7
2009-07-15,23.2,18.3,29.4,19436,0.0,2.11,2.1
2009-07-16,22.8,17.2,29.1,22308,0.0,1.98,1.6
2009-07-17,22.3,16.3,30.7,18492,9.7,1.91,2.4
2009-07-18,17.4,14.5,20.3,10800,0.4,1.61,3.1
2009-07-19,17.1,12.8,22.1,17060,2.9,1.47,2.9
2009-07-20,15.9,11.0,22.0,18461,3.8,1.33,3.1
2009-07-21,19.6,12.8,26.0,20341,1.2,1.52,2.0
2009-07-22,21.3,16.6,26.7,15334,0.4,1.89,2.3
2009-07-23,22.9,16.8,29.5,17571,0.1,1.96,2.5
2009-07-24,17.7,12.6,22.6,17272,13.4,1.47,2.7
2009-07-25,15.2,11.5,19.3,14930,6.6,1.33,3.3
2009-07-26,16.9,11.5,22.6,20749,0.0,1.37,2.0
2009-07-27,21.5,14.4,28.6,26188,0.0,1.69,2.3
2009-07-28,19.7,15.7,23.8,20131,0.0,1.75,2.2
2009-07-29,20.9,14.1,27.2,24711,0.0,1.64,1.9
2009-07-30,20.0,15.2,26.1,21652,0.0,1.74,3.4
2009-07-31,17.7,12.5,23.4,27276,0.0,1.47,1.9
2009-08-01,20.0,11.5,28.1,21966,0.0,1.44,1.8
2009-08-02,23.5,15.7,32.3,22947,0.6,1.89,2.2
2009-08-03,17.5,13.8,19.7,10582,4.2,1.55,1.8
2009-08-04,18.8,12.4,25.5,25005,0.0,1.48,1.5
2009-08-05,20.0,13.3,27.6,20443,0.0,1.59,1.6
2009-08-06,20.8,14.4,27.7,24806,0.0,1.69,2.0
2009-08-07,22.3,16.1,29.7,19912,0.0,1.89,2.1
2009-08-08,22.8,16.0,29.8,24365,0.0,1.86,1.8
2009-08-09,21.5,15.8,29.4,21818,0.0,1.86,1.5
2009-08-10,21.2,15.3,28.5,17081,2.0,1.77,1.6
2009-08-11,18.3,15.2,22.7,11213,1.9,1.7,2.4
2009-08-12,18.2,15.0,23.0,14941,1.6,1.69,2.7
2009-08-13,18.2,14.0,23.4,18528,0.0,1.59,2.5
2009-08-14,16.6,11.4,22.5,20946,0.0,1.36,1.7
2009-08-15,21.1,12.9,28.8,22204,0.0,1.58,2.1
2009-08-16,24.2,15.9,33.1,23451,0.0,1.92,2.3
2009-08-17,22.1,16.0,28.4,21062,0.0,1.85,2.4
2009-08-18,18.6,14.3,24.8,18010,0.0,1.64,2.1
2009-08-19,20.6,13.1,28.6,22960,0.0,1.6,1.7
2009-08-20,24.0,14.6,33.8,23949,0.3,1.83,2.5
2009-08-21,19.4,14.4,23.9,9539,14.6,1.64,2.0
2009-08-22,17.5,13.4,23.2,18899,0.0,1.53,1.7
2009-08-23,18.1,12.3,25.5,22648,0.0,1.48,2.0
2009-08-24,18.9,11.4,26.3,23170,0.0,1.41,2.5
2009-08-25,22.0,13.3,31.3,19518,0.0,1.65,1.8
2009-08-26,21.5,17.5,26.8,18079,0.0,1.99,1.7
2009-08-27,22.6,15.7,29.9,19800,0.0,1.86,1.9
2009-08-28,22.5,17.2,29.8,12856,0.0,2.0,3.0
2009-08-29,16.5,11.1,21.6,16085,0.5,1.33,3.0
2009-08-30,15.3,8.1,21.6,16498,0.0,1.12,2.4
2009-08-31,17.9,8.9,26.9,20204,0.0,1.24,2.0
2009-09-01,23.0,12.6,32.8,20268,6.1,1.64,2.6
2009-09-02,19.3,15.1,23.5,17065,2.9,1.71,2.2
2009-09-03,16.5,13.6,20.0,11695,13.7,1.52,3.8
2009-09-04,16.1,12.1,21.1,15961,3.6,1.41,4.0
2009-09-05,13.6,10.1,17.4,9930,2.1,1.21,4.1
2009-09-06,14.1,10.5,18.1,9214,0.0,1.26,2.5
2009-09-07,15.2,9.3,21.1,11368,0.0,1.19,1.7
2009-09-08,18.4,11.2,26.5,19590,0.0,1.39,1.7
2009-09-09,18.6,11.7,26.9,19225,0.0,1.45,1.9
2009-09-10,16.9,12.7,22.2,9132,0.0,1.47,2.4
2009-09-11,16.4,12.2,22.7,14613,0.0,1.42,2.4
2009-09-12,15.2,8.9,21.6,14971,0.1,1.17,2.2
2009-09-13,12.4,10.1,16.0,7361,3.7,1.21,2.7
2009-09-14,14.9,10.8,19.7,10004,0.0,1.29,2.7
2009-09-15,16.6,13.3,20.3,8539,0.0,1.51,2.6
2009-09-16,17.1,11.8,23.7,15268,0.0,1.4,2.6
2009-09-17,14.8,10.0,20.9,16741,0.0,1.24,2.1
2009-09-18,14.1,8.3,21.6,17241,0.0,1.14,1.8
2009-09-19,15.4,9.3,23.8,16790,0.0,1.24,1.6
2009-09-20,17.4,10.3,25.8,16249,0.0,1.33,1.3
2009-09-21,16.4,12.9,21.5,11735,0.0,1.48,1.6
2009-09-22,17.0,10.4,24.0,14633,0.0,1.32,2.1
2009-09-23,16.3,11.7,21.0,10745,0.0,1.37,2.3
2009-09-24,14.8,9.9,19.9,12426,0.0,1.22,1.9
2009-09-25,13.2,8.3,18.8,11211,0.0,1.11,1.7
2009-09-26,13.5,8.4,20.8,12943,0.0,1.12,1.5
2009-09-27,15.2,8.9,23.2,15170,0.0,1.2,1.3
2009-09-28,13.9,8.6,17.6,6286,0.1,1.11,2.4
2009-09-29,13.6,7.7,16.1,5419,3.4,1.04,2.7
2009-09-30,9.7,5.0,14.9,14150,0.5,0.87,1.8
2009-10-01,11.8,7.7,14.0,7882,11.4,1.03,3.1
2009-10-02,8.5,5.8,12.0,5593,1.8,0.91,2.4
2009-10-03,10.7,4.2,15.3,5923,0.8,0.83,3.9
2009-10-04,12.8,8.7,16.1,9622,0.0,1.11,4.6
2009-10-05,10.4,6.3,15.0,10883,0.4,0.94,2.0
2009-10-06,11.6,8.7,15.0,4851,4.3,1.1,2.4
2009-10-07,18.4,14.8,22.5,7649,8.2,1.65,2.7
2009-10-08,12.0,7.2,17.8,6117,16.8,1.02,2.6
2009-10-09,8.2,3.7,13.7,12757,0.0,0.8,2.0
2009-10-10,8.0,3.6,13.5,6784,9.4,0.79,2.3
2009-10-11,9.5,8.4,11.0,4538,6.8,1.06,2.7
2009-10-12,7.7,3.7,9.7,5371,4.3,0.78,3.6
2009-10-13,4.7,0.9,8.9,7686,1.2,0.65,2.7
2009-10-14,4.5,1.2,7.7,8539,0.2,0.65,2.9
2009-10-15,4.1,2.9,4.8,4162,5.4,0.73,3.0
2009-10-16,3.8,2.6,4.9,4089,4.8,0.71,3.8
2009-10-17,5.7,3.9,8.2,4519,0.5,0.79,2.8
2009-10-18,5.9,3.2,8.6,4868,0.1,0.74,1.6
2009-10-19,5.1,1.0,11.0,10680,0.0,0.66,1.8
2009-10-20,4.2,-0.5,9.2,7343,0.0,0.59,2.5
2009-10-21,6.2,3.7,8.0,3737,0.0,0.77,3.0
2009-10-22,6.2,3.5,8.2,3669,2.0,0.76,2.4
2009-10-23,6.5,5.7,7.0,3603,0.4,0.88,1.3
2009-10-24,7.4,4.9,9.7,3537,1.0,0.84,1.8
2009-10-25,9.7,6.9,13.7,4257,1.0,0.97,2.3
2009-10-26,9.7,7.0,12.4,3990,1.4,0.98,2.8
2009-10-27,10.9,9.3,12.8,3920,0.0,1.13,1.8
2009-10-28,10.1,8.7,11.5,3283,3.6,1.08,1.2
2009-10-29,7.8,2.5,10.2,3222,0.7,0.72,1.4
2009-10-30,3.6,0.2,8.8,7227,0.0,0.61,2.1
2009-10-31,1.6,-1.1,6.6,8275,0.0,0.55,2.0
2009-11-01,1.7,-2.2,6.5,7193,0.7,0.52,2.8
2009-11-02,4.4,1.9,6.3,2990,19.2,0.68,2.5
2009-11-03,4.3,3.4,4.6,2934,1.2,0.75,2.5
2009-11-04,4.0,1.4,6.5,2880,9.1,0.66,3.5
2009-11-05,7.4,5.1,10.6,4258,0.0,0.85,2.8
2009-11-06,7.5,3.5,11.9,4132,0.0,0.77,2.4
2009-11-07,4.9,1.7,10.6,6691,0.0,0.69,2.6
2009-11-08,3.9,0.5,6.4,2950,1.4,0.61,1.9
2009-11-09,5.2,4.6,5.9,2625,3.9,0.82,2.6
2009-11-10,5.9,4.2,7.3,2577,0.0,0.79,1.8
2009-11-11,4.4,1.0,6.3,2531,0.1,0.64,1.7
2009-11-12,7.0,5.6,9.9,4065,0.2,0.88,2.0
2009-11-13,8.2,5.3,10.6,2650,0.9,0.87,2.6
2009-11-14,11.4,8.8,13.9,3530,0.2,1.1,3.0
2009-11-15,10.4,8.1,13.9,4796,0.4,1.05,2.6
2009-11-16,8.2,5.2,10.9,2567,0.3,0.86,2.2
2009-11-17,10.4,8.1,12.7,2277,2.4,1.04,2.6
2009-11-18,9.4,6.1,12.0,3909,0.4,0.91,4.6
2009-11-19,10.8,5.8,13.4,3757,0.0,0.91,3.4
2009-11-20,9.5,4.8,14.6,4954,0.0,0.86,2.8
2009-11-21,11.3,7.6,14.6,3178,0.0,1.03,2.0
2009-11-22,10.7,8.0,13.9,2098,0.0,1.05,3.4
2009-11-23,9.7,7.7,11.7,2345,5.6,1.02,5.7
2009-11-24,10.2,8.7,11.6,2127,1.4,1.08,4.9
2009-11-25,12.1,10.3,14.2,3147,0.1,1.21,4.1
2009-11-26,9.3,5.8,11.5,3786,0.0,0.9,4.4
2009-11-27,7.9,5.6,10.5,1993,0.6,0.88,4.3
2009-11-28,7.6,5.3,9.7,3210,1.2,0.86,4.1
2009-11-29,9.0,4.4,11.7,2734,0.5,0.82,3.1
2009-11-30,4.8,2.3,6.7,1873,8.5,0.7,1.8
2009-12-01,5.4,0.3,6.4,1850,4.0,0.61,2.1
2009-12-02,0.6,-0.3,2.3,1828,0.0,0.57,2.1
2009-12-03,2.5,0.3,4.9,2960,0.0,0.6,3.0
2009-12-04,0.7,-0.3,1.9,1788,0.3,0.57,2.1
2009-12-05,2.1,-0.8,3.7,2780,2.9,0.56,2.9
2009-12-06,5.8,2.3,8.4,1753,6.5,0.7,2.9
2009-12-07,5.9,0.7,9.2,3940,0.0,0.64,2.3
2009-12-08,4.2,1.0,6.0,1723,1.2,0.64,2.7
2009-12-09,5.0,1.8,6.0,1709,0.0,0.68,1.9
2009-12-10,3.3,0.9,5.1,1697,14.8,0.63,2.8
2009-12-11,3.2,1.6,4.8,2704,0.0,0.66,3.0
2009-12-12,1.2,-1.1,2.7,1675,3.3,0.54,2.5
2009-12-13,-2.1,-3.6,-1.0,2879,0.0,0.45,2.4
2009-12-14,-0.8,-2.3,0.3,1981,0.0,0.5,2.2
2009-12-15,0.0,-0.8,0.8,1652,0.0,0.55,2.1
2009-12-16,-2.3,-5.3,-0.6,1646,0.1,0.4,1.9
2009-12-17,-3.5,-5.9,-1.9,1642,0.2,0.38,1.9
2009-12-18,-10.4,-13.2,-5.3,1959,0.6,0.22,2.5
2009-12-19,-12.8,-14.6,-10.7,2796,0.1,0.19,1.8
2009-12-20,-11.7,-15.3,-6.9,3593,2.1,0.18,3.2
2009-12-21,-3.2,-7.0,-0.2,1676,0.2,0.36,2.7
2009-12-22,-0.3,-4.3,3.8,1637,7.3,0.44,3.1
2009-12-23,0.4,-1.2,2.0,2360,0.5,0.54,2.2
2009-12-24,0.3,-0.7,1.1,1643,2.8,0.56,2.4
2009-12-25,3.2,0.8,6.0,1728,1.5,0.63,4.4
2009-12-26,3.6,0.2,6.5,2459,0.0,0.6,3.8
2009-12-27,0.9,-1.1,3.0,2387,0.7,0.54,3.0
2009-12-28,1.7,-0.1,3.3,1669,2.2,0.59,2.7
2009-12-29,-0.7,-1.8,0.4,1678,1.8,0.51,2.2
2009-12-30,-0.9,-1.5,0.0,1689,10.1,0.53,3.0
2009-12-31,-1.2,-2.2,-0.6,1700,4.8,0.5,2.7
2010-01-01,-1.8,-2.7,-1.0,1713,2.4,0.48,2.4
2010-01-02,-2.4,-4.4,-0.9,1727,1.6,0.43,2.5
2010-01-03,-4.3,-6.7,-3.1,2284,0.0,0.36,2.0
2010-01-04,-6.3,-7.9,-5.3,1758,0.0,0.32,2.0
2010-01-05,-7.0,-10.6,-4.8,2958,0.0,0.27,2.1
2010-01-06,-7.4,-10.5,-6.1,1794,0.0,0.26,1.4
2010-01-07,-6.7,-8.7,-4.5,1814,0.3,0.31,1.4
2010-01-08,-7.1,-12.2,-3.3,1835,1.5,0.24,3.0
2010-01-09,-2.6,-3.4,-2.1,1857,8.1,0.45,4.5
2010-01-10,-3.5,-5.0,-2.7,1880,2.7,0.41,3.2
2010-01-11,-4.2,-6.4,-2.9,1905,0.0,0.37,2.1
2010-01-12,-3.8,-5.6,-2.8,1930,0.0,0.39,2.0
2010-01-13,-2.7,-4.3,-1.9,1957,0.0,0.42,3.3
2010-01-14,-2.2,-4.0,-1.5,1985,0.0,0.44,2.7
2010-01-15,-2.9,-4.6,-1.9,2014,0.0,0.42,1.9
2010-01-16,-2.5,-3.8,-1.8,2045,0.0,0.44,3.2
2010-01-17,-1.7,-4.5,1.0,2077,2.2,0.43,3.0
2010-01-18,0.2,-0.3,0.5,2109,1.2,0.57,2.0
2010-01-19,0.9,0.0,1.8,2143,2.6,0.59,1.6
2010-01-20,-2.6,-6.9,0.2,2179,0.2,0.36,2.3
2010-01-21,-7.2,-10.1,-5.8,2215,0.0,0.28,2.1
2010-01-22,-7.5,-10.7,-6.0,2253,0.0,0.26,2.3
2010-01-23,-10.3,-14.1,-8.9,3542,0.0,0.2,2.6
2010-01-24,-12.0,-15.4,-9.0,2331,0.0,0.18,2.7
2010-01-25,-10.5,-12.8,-7.2,4778,0.0,0.22,2.2
2010-01-26,-12.6,-16.6,-8.5,6143,0.0,0.17,1.9
2010-01-27,-10.0,-16.8,-1.7,2564,4.3,0.18,2.9
2010-01-28,0.3,-1.9,2.5,2663,4.4,0.51,4.7
2010-01-29,0.2,-1.0,1.5,2603,5.1,0.54,3.6
2010-01-30,-2.7,-7.6,0.3,2868,0.2,0.34,3.4
2010-01-31,-4.5,-9.5,-1.0,5064,0.2,0.3,2.9
2010-02-01,-1.1,-3.4,1.5,4586,0.9,0.46,3.4
2010-02-02,-1.8,-7.0,0.9,2858,6.8,0.36,4.7
2010-02-03,0.7,-1.5,2.7,4964,0.2,0.53,4.0
2010-02-04,-0.3,-3.0,1.6,2850,1.9,0.48,2.1
2010-02-05,0.1,-2.5,2.9,6001,0.0,0.49,2.7
2010-02-06,-1.2,-6.3,0.9,2959,0.0,0.38,2.1
2010-02-07,-4.7,-6.7,-2.8,3016,0.0,0.36,2.0
2010-02-08,-4.4,-5.6,-2.7,3073,0.0,0.39,2.3
2010-02-09,-4.8,-6.1,-3.0,3869,0.0,0.37,2.1
2010-02-10,-5.5,-6.5,-3.8,3192,0.6,0.36,2.3
2010-02-11,-3.4,-5.1,-1.7,3252,4.0,0.4,3.4
2010-02-12,-1.2,-2.9,0.6,3314,2.0,0.48,2.9
2010-02-13,-2.9,-3.7,-1.5,3377,0.4,0.45,2.0
2010-02-14,-3.0,-4.6,-0.7,4746,0.0,0.42,1.1
2010-02-15,-2.9,-4.4,-0.2,4827,0.0,0.43,1.5
2010-02-16,-2.0,-3.7,0.5,3639,0.0,0.45,2.1
2010-02-17,-3.4,-7.8,1.0,9252,0.0,0.34,2.3
2010-02-18,0.9,-3.2,4.8,4049,0.1,0.48,2.2
2010-02-19,2.2,-1.7,6.2,3845,0.7,0.54,2.4
2010-02-20,1.5,-1.8,5.3,8119,0.0,0.53,3.4
2010-02-21,-0.5,-3.4,2.6,5404,0.0,0.47,2.5
2010-02-22,1.7,-2.6,6.9,5995,2.9,0.51,2.7
2010-02-23,2.6,0.0,5.5,4060,0.2,0.6,2.9
2010-02-24,0.3,-1.1,1.5,4133,1.7,0.54,2.5
2010-02-25,5.1,0.0,10.6,9548,0.0,0.61,3.1
2010-02-26,5.6,3.2,8.7,4357,0.2,0.75,3.6
2010-02-27,5.1,1.9,8.8,6557,0.1,0.69,3.6
2010-02-28,6.0,1.6,11.6,5277,4.2,0.69,4.6
2010-03-01,4.3,1.3,6.4,5596,0.6,0.65,5.0
2010-03-02,2.2,0.3,6.1,6469,0.1,0.61,2.8
2010-03-03,1.1,-1.8,4.2,6092,0.2,0.52,2.8
2010-03-04,-1.3,-4.1,3.1,8346,0.5,0.44,2.8
2010-03-05,-2.1,-4.3,0.6,9676,0.0,0.43,2.8
2010-03-06,-2.0,-4.4,0.9,9153,0.0,0.43,3.7
2010-03-07,-1.7,-7.1,3.2,10514,0.0,0.37,2.6
2010-03-08,-0.8,-4.3,2.9,7568,0.0,0.44,2.0
2010-03-09,-1.4,-6.2,3.5,13395,0.0,0.39,2.7
2010-03-10,-0.5,-5.4,5.8,12454,0.0,0.42,3.2
2010-03-11,-2.7,-4.4,-1.0,5316,0.5,0.42,2.3
2010-03-12,1.8,-1.7,5.0,5400,3.2,0.53,2.7
2010-03-13,3.4,1.9,5.7,5920,1.9,0.68,3.9
2010-03-14,3.4,-0.8,7.0,5656,8.3,0.57,4.6
2010-03-15,0.6,-2.2,4.4,7609,2.8,0.51,3.7
2010-03-16,1.9,0.2,4.1,6096,0.1,0.6,3.0
2010-03-17,5.3,0.5,10.3,6003,0.0,0.63,2.5
2010-03-18,9.6,3.2,16.6,14583,0.0,0.8,2.2
2010-03-19,11.6,6.1,16.6,7374,0.2,0.95,2.9
2010-03-20,12.4,10.2,16.4,6450,2.5,1.21,3.2
2010-03-21,10.3,4.3,13.8,6445,3.1,0.83,3.4
2010-03-22,8.3,3.2,14.2,16633,0.0,0.78,1.7
2010-03-23,9.8,5.2,14.9,13091,0.0,0.89,2.1
2010-03-24,9.8,2.9,17.0,12366,0.0,0.79,2.3
2010-03-25,13.0,4.4,21.7,17038,0.0,0.91,2.2
2010-03-26,15.5,6.6,23.9,13407,8.4,1.06,2.9
2010-03-27,7.5,5.1,12.2,7269,3.3,0.86,3.4
2010-03-28,7.6,5.0,12.7,8445,1.6,0.87,3.5
2010-03-29,7.6,3.5,10.5,7051,0.2,0.77,2.5
2010-03-30,9.8,3.0,18.1,10844,0.7,0.81,3.0
2010-03-31,9.7,4.4,12.6,8536,0.0,0.83,3.7
2010-04-01,6.6,2.2,11.3,16142,0.0,0.72,3.6
2010-04-02,6.5,0.1,12.7,17920,0.0,0.64,2.4
2010-04-03,7.7,0.1,15.1,14681,0.2,0.65,2.8
2010-04-04,10.2,6.0,15.1,9330,0.5,0.93,3.0
2010-04-05,6.9,4.7,9.2,8386,0.6,0.83,2.7
2010-04-06,8.3,3.5,13.3,11616,0.0,0.79,2.1
2010-04-07,9.4,1.6,17.3,20885,0.0,0.73,2.5
2010-04-08,11.5,3.0,20.5,18290,0.0,0.82,2.1
2010-04-09,8.6,3.4,12.6,11191,0.0,0.78,2.6
2010-04-10,7.9,3.9,13.6,13220,0.2,0.8,2.7
2010-04-11,6.1,4.1,9.1,8271,0.1,0.8,3.0
2010-04-12,9.1,3.9,16.3,14954,0.0,0.82,3.0
2010-04-13,8.9,2.3,15.7,14744,0.0,0.75,2.3
2010-04-14,7.5,3.5,12.5,12453,0.3,0.78,2.6
2010-04-15,8.5,5.4,12.6,8272,0.6,0.88,2.2
2010-04-16,7.8,2.3,14.0,14418,0.0,0.74,2.9
2010-04-17,8.5,1.2,17.0,22723,0.0,0.72,2.4
2010-04-18,13.3,4.7,21.4,23310,0.0,0.92,1.9
2010-04-19,9.6,3.5,14.8,20433,0.0,0.8,2.1
2010-04-20,8.8,1.9,17.3,20447,1.0,0.75,2.9
2010-04-21,5.7,1.9,9.8,15161,0.7,0.69,3.6
2010-04-22,6.3,2.9,11.1,14922,0.0,0.75,2.4
2010-04-23,7.9,0.7,14.2,23652,0.0,0.67,2.0
2010-04-24,10.9,3.0,17.7,18650,0.0,0.81,1.7
2010-04-25,14.2,5.5,22.9,23792,0.0,0.98,2.3
2010-04-26,12.0,7.5,18.5,15190,3.3,1.04,2.6
2010-04-27,11.7,7.8,15.9,11942,0.0,1.05,2.3
2010-04-28,14.2,6.2,21.2,22769,0.0,1.01,1.6
2010-04-29,18.4,9.8,25.7,18707,0.0,1.29,2.1
2010-04-30,18.4,12.2,24.9,16130,0.2,1.46,3.3
2010-05-01,13.5,8.3,18.3,12368,0.6,1.1,2.3
2010-05-02,11.8,7.3,16.4,10689,9.0,1.03,1.8
2010-05-03,9.2,7.2,11.4,9584,5.8,0.98,2.1
2010-05-04,7.9,2.6,10.9,9649,0.0,0.73,3.0
2010-05-05,8.0,0.5,15.0,26337,0.9,0.67,3.3
2010-05-06,7.1,6.4,8.3,9775,9.9,0.93,3.4
2010-05-07,9.3,7.0,12.9,10073,0.0,0.98,2.4
2010-05-08,10.3,7.0,14.3,12627,0.0,0.99,1.5
2010-05-09,12.2,7.6,17.4,14478,1.2,1.05,1.4
2010-05-10,9.2,6.5,11.6,10729,0.2,0.95,1.8
2010-05-11,9.4,6.2,11.9,10070,0.4,0.92,2.3
2010-05-12,12.8,6.9,18.2,12401,0.0,1.0,2.7
2010-05-13,9.1,6.4,11.3,10180,0.0,0.93,2.0
2010-05-14,9.2,7.4,10.9,10234,9.1,0.99,1.9
2010-05-15,6.9,5.0,7.8,10286,8.7,0.84,2.9
2010-05-16,11.2,6.6,16.6,20224,0.0,0.97,3.6
2010-05-17,11.9,4.8,17.5,21256,0.0,0.89,2.7
2010-05-18,10.4,7.7,13.6,11402,7.6,1.03,3.3
2010-05-19,11.1,7.7,14.3,10482,5.9,1.03,3.2
2010-05-20,14.2,11.7,18.5,12226,0.0,1.35,2.3
2010-05-21,15.4,9.8,22.3,20652,0.0,1.25,2.1
2010-05-22,15.3,10.4,20.4,22045,0.0,1.26,2.0
2010-05-23,17.3,13.9,22.7,16014,0.1,1.56,2.3
2010-05-24,15.3,10.3,19.9,16060,2.9,1.25,2.8
2010-05-25,12.1,6.2,16.7,20984,0.0,0.95,3.0
2010-05-26,11.2,4.6,16.4,23474,3.7,0.87,2.0
2010-05-27,11.8,9.1,16.4,11912,0.4,1.13,1.9
2010-05-28,12.9,8.7,17.7,14150,0.4,1.12,2.1
2010-05-29,14.0,6.8,20.4,26796,0.4,1.03,1.8
2010-05-30,14.3,10.9,19.0,14956,4.8,1.3,3.0
2010-05-31,10.8,9.2,12.6,10944,13.1,1.13,3.3
2010-06-01,9.9,8.6,11.1,10973,0.9,1.07,2.7
2010-06-02,12.3,9.3,16.2,11001,0.0,1.15,2.9
2010-06-03,17.3,10.1,24.8,29944,0.0,1.29,2.8
2010-06-04,16.0,9.2,22.4,30470,0.0,1.2,1.9
2010-06-05,19.2,10.4,26.8,29888,0.0,1.34,1.4
2010-06-06,22.0,13.9,28.9,25983,1.2,1.67,1.7
2010-06-07,18.4,12.6,22.6,16288,0.0,1.47,3.0
2010-06-08,19.1,10.9,26.3,26526,0.0,1.37,1.9
2010-06-09,23.0,16.5,28.7,21500,0.0,1.92,1.8
2010-06-10,24.6,18.7,30.3,23613,0.0,2.17,1.9
2010-06-11,23.7,17.4,29.2,25602,0.0,2.02,3.0
2010-06-12,15.4,11.5,18.5,11817,1.0,1.32,2.8
2010-06-13,13.1,9.3,17.3,12815,0.0,1.16,2.2
2010-06-14,15.6,10.2,21.3,20344,0.0,1.27,1.6
2010-06-15,15.6,9.6,21.0,19245,0.0,1.22,2.7
2010-06-16,16.3,8.5,23.5,30964,0.0,1.16,3.1
2010-06-17,18.6,11.0,25.8,30971,0.0,1.37,2.4
2010-06-18,17.3,10.9,25.2,26660,0.0,1.35,3.0
2010-06-19,13.1,9.5,17.5,14703,0.0,1.18,2.9
2010-06-20,13.4,8.4,18.9,21978,0.0,1.12,2.2
2010-06-21,13.6,9.2,18.7,15197,3.0,1.16,1.9
2010-06-22,15.7,8.3,22.3,24808,0.0,1.14,1.6
2010-06-23,17.1,10.8,22.8,19010,0.0,1.32,1.4
2010-06-24,20.1,12.3,26.8,27259,0.0,1.49,1.4
2010-06-25,21.3,15.0,27.3,25648,0.0,1.73,1.8
2010-06-26,19.6,13.8,25.1,26991,0.0,1.6,1.8
2010-06-27,19.7,12.3,27.7,30670,0.0,1.52,1.6
2010-06-28,22.5,13.8,30.2,30776,0.0,1.67,1.5
2010-06-29,24.6,15.7,32.8,29034,0.0,1.89,1.5
2010-06-30,22.5,17.5,28.4,25816,0.0,2.02,1.8
2010-07-01,22.7,16.8,28.8,21000,0.0,1.94,1.5
2010-07-02,25.3,18.0,32.8,26508,0.0,2.15,1.6
2010-07-03,26.5,18.9,33.8,29553,0.0,2.27,1.9
2010-07-04,25.2,18.3,32.6,23385,0.0,2.18,2.0
2010-07-05,24.5,18.1,30.6,24461,0.3,2.1,2.1
2010-07-06,18.8,14.1,23.5,17440,0.0,1.6,2.6
2010-07-07,18.4,11.5,25.0,28196,0.0,1.4,1.6
2010-07-08,23.3,14.2,31.4,28893,0.0,1.74,1.6
2010-07-09,26.9,17.9,35.1,29709,0.0,2.2,1.6
2010-07-10,29.0,19.7,38.0,27465,0.0,2.45,1.6
2010-07-11,29.2,21.5,38.5,26811,0.0,2.72,1.9
2010-07-12,29.4,21.5,38.2,26522,2.2,2.69,2.2
2010-07-13,23.6,19.0,29.2,21108,0.1,2.19,1.9
2010-07-14,26.7,18.5,34.7,26791,0.0,2.26,2.3
2010-07-15,25.0,19.2,30.5,23210,0.0,2.24,2.8
2010-07-16,26.9,18.0,35.3,28145,0.0,2.22,2.0
2010-07-17,23.2,18.2,29.5,18006,1.8,2.11,2.3
2010-07-18,19.3,14.8,25.6,17836,0.0,1.69,1.9
2010-07-19,20.8,14.1,28.4,26511,0.0,1.67,1.7
2010-07-20,22.6,14.8,30.6,27901,0.0,1.76,1.9
2010-07-21,26.1,17.6,33.9,27713,0.0,2.12,2.0
2010-07-22,24.9,18.9,31.2,18955,31.2,2.22,2.0
2010-07-23,18.2,15.0,21.6,11063,1.1,1.67,1.8
2010-07-24,18.2,14.6,20.5,10413,0.2,1.63,3.4
2010-07-25,17.8,13.2,23.6,21057,0.0,1.53,2.6
2010-07-26,18.8,12.8,24.9,18710,0.0,1.5,1.6
2010-07-27,20.8,14.2,27.3,21398,0.0,1.65,1.7
2010-07-28,18.8,14.0,26.0,18458,0.8,1.64,2.4
2010-07-29,17.7,11.8,24.0,22683,0.0,1.42,2.5
2010-07-30,18.0,12.6,24.5,21890,0.0,1.47,2.3
2010-07-31,20.4,12.8,27.5,17889,0.0,1.54,2.0
2010-08-01,23.8,18.4,30.4,18409,0.1,2.13,1.9
2010-08-02,21.5,17.5,27.7,14310,2.8,2.0,1.5
2010-08-03,17.0,14.0,20.0,9874,8.5,1.56,2.0
2010-08-04,18.2,12.5,23.6,21119,0.0,1.46,2.0
2010-08-05,20.2,13.4,27.0,17976,0.0,1.58,1.9
2010-08-06,18.9,14.8,25.9,12385,10.2,1.71,2.2
2010-08-07,19.9,16.1,26.6,12549,0.0,1.83,1.9
2010-08-08,20.5,16.3,26.1,13992,0.0,1.86,1.7
2010-08-09,19.5,14.2,25.2,18099,0.0,1.64,1.6
2010-08-10,20.9,15.4,27.2,19630,0.0,1.77,1.7
2010-08-11,20.6,15.3,25.6,11098,0.0,1.73,1.9
2010-08-12,18.7,15.5,23.1,12752,10.3,1.74,1.5
2010-08-13,19.8,16.5,24.4,15198,3.3,1.85,1.5
2010-08-14,16.6,14.7,17.9,9158,6.2,1.62,2.1
2010-08-15,19.5,15.9,25.9,11140,7.7,1.8,2.7
2010-08-16,18.6,15.2,23.7,16858,0.7,1.7,2.5
2010-08-17,16.7,14.4,20.1,13247,6.0,1.6,3.0
2010-08-18,16.9,13.3,22.4,13835,0.5,1.53,3.1
2010-08-19,17.5,13.0,22.7,20374,0.0,1.49,2.6
2010-08-20,19.5,12.9,26.2,21262,0.0,1.54,1.7
2010-08-21,23.3,15.5,30.3,22252,0.0,1.82,2.0
2010-08-22,23.4,18.3,30.3,18565,3.4,2.12,2.1
2010-08-23,20.0,17.2,23.4,10816,5.4,1.91,2.8
2010-08-24,19.1,14.8,23.1,18986,0.1,1.67,4.0
2010-08-25,16.7,13.5,20.5,15792,0.9,1.52,3.2
2010-08-26,15.3,12.8,17.4,8260,8.7,1.44,2.2
2010-08-27,16.6,13.9,18.9,8181,2.3,1.55,3.1
2010-08-28,13.5,10.6,17.8,12532,6.1,1.26,2.9
2010-08-29,12.4,9.9,16.9,8881,15.8,1.2,3.1
2010-08-30,12.3,9.5,16.6,10828,0.0,1.17,3.3
2010-08-31,14.3,9.7,19.6,18288,0.2,1.2,2.7
2010-09-01,13.7,9.7,19.4,11694,0.0,1.21,2.0
2010-09-02,13.1,9.4,18.0,8748,0.6,1.17,1.8
2010-09-03,12.7,7.8,18.6,15150,0.0,1.07,1.4
2010-09-04,12.1,8.0,19.0,10652,3.8,1.08,1.6
2010-09-05,12.5,7.8,18.9,17898,0.0,1.07,2.0
2010-09-06,12.0,7.2,19.1,18678,0.0,1.03,2.6
2010-09-07,12.9,7.9,18.8,12595,0.0,1.08,3.1
2010-09-08,14.7,10.5,19.9,11868,1.5,1.26,3.3
2010-09-09,14.2,12.6,16.2,7111,3.0,1.42,2.2
2010-09-10,15.5,12.2,21.2,11339,4.8,1.42,2.0
2010-09-11,16.4,10.7,22.7,16506,0.0,1.31,1.8
2010-09-12,17.8,11.6,24.4,15961,0.0,1.39,1.6
2010-09-13,15.0,11.0,19.3,9818,6.0,1.3,2.3
2010-09-14,13.1,10.6,15.1,6686,16.8,1.24,3.4
2010-09-15,14.1,11.4,17.6,13674,3.7,1.31,4.1
2010-09-16,12.9,8.7,16.9,12479,0.2,1.11,3.6
2010-09-17,12.0,9.9,15.2,9963,4.6,1.19,3.2
2010-09-18,11.3,8.2,14.8,12599,0.0,1.07,2.6
2010-09-19,11.5,7.3,16.9,13593,0.0,1.02,2.4
2010-09-20,14.2,11.0,18.0,6922,0.0,1.28,2.5
2010-09-21,14.4,10.1,18.3,12197,0.0,1.22,1.8
2010-09-22,13.9,8.0,20.9,16285,0.0,1.1,1.5
2010-09-23,15.9,9.2,23.9,15842,0.0,1.22,1.7
2010-09-24,17.8,12.5,24.9,14050,0.1,1.47,2.0
2010-09-25,12.7,9.6,15.8,5753,23.8,1.17,2.2
2010-09-26,10.4,9.6,11.1,5669,39.4,1.15,2.2
2010-09-27,12.7,10.1,14.9,5585,14.1,1.2,3.0
2010-09-28,10.7,8.9,12.2,5502,0.6,1.1,2.5
2010-09-29,9.5,6.5,13.9,6715,0.0,0.96,1.7
2010-09-30,8.2,4.7,11.9,7903,0.0,0.84,1.7
2010-10-01,7.4,2.5,13.7,14240,0.0,0.75,2.1
2010-10-02,8.6,4.1,13.2,5760,0.0,0.82,2.6
2010-10-03,11.8,7.1,18.3,12825,0.0,1.03,3.1
2010-10-04,12.5,8.0,17.7,11928,0.0,1.07,3.0
2010-10-05,13.6,11.4,16.7,5664,0.0,1.32,2.3
2010-10-06,14.3,11.3,18.9,10906,0.0,1.32,2.4
2010-10-07,13.7,11.1,16.9,5890,0.0,1.28,1.9
2010-10-08,11.7,8.2,16.3,9281,0.0,1.07,2.5
2010-10-09,9.3,4.9,15.9,10174,0.0,0.88,2.6
2010-10-10,7.9,3.1,15.5,12595,0.0,0.78,2.4
2010-10-11,5.5,1.4,9.7,5764,0.0,0.67,2.1
2010-10-12,5.6,3.3,8.9,6736,0.0,0.76,1.4
2010-10-13,7.1,2.7,13.1,11212,0.0,0.75,1.5
2010-10-14,7.0,1.5,11.1,6536,0.0,0.68,1.9
2010-10-15,8.7,5.8,10.7,4309,4.2,0.89,1.6
2010-10-16,6.7,5.3,8.6,4089,5.7,0.86,2.6
2010-10-17,6.0,2.1,11.2,8108,0.0,0.7,2.2
2010-10-18,4.6,0.3,10.2,10829,0.2,0.63,1.9
2010-10-19,5.1,1.9,7.6,3875,2.7,0.68,3.2
2010-10-20,6.3,4.2,8.8,4638,3.4,0.8,3.6
2010-10-21,4.7,1.8,6.9,4148,1.0,0.68,3.7
2010-10-22,6.3,3.6,8.7,3669,0.0,0.77,2.9
2010-10-23,6.3,1.6,11.2,8424,0.1,0.69,3.2
2010-10-24,8.3,4.1,11.3,4463,0.7,0.81,3.8
2010-10-25,4.9,1.8,9.1,7200,0.0,0.69,2.6
2010-10-26,4.9,2.2,9.0,6962,0.0,0.7,2.0
2010-10-27,6.5,1.9,10.0,4111,0.2,0.69,2.7
2010-10-28,8.8,7.1,11.9,4608,0.0,0.98,2.7
2010-10-29,8.9,5.5,13.5,8334,0.0,0.89,2.4
2010-10-30,10.2,6.6,16.1,6119,0.0,0.97,2.4
2010-10-31,7.7,4.8,12.0,3956,0.0,0.85,1.7
2010-11-01,7.3,4.8,10.8,3046,0.0,0.84,1.4
2010-11-02,8.1,6.5,9.7,2990,0.0,0.93,2.4
2010-11-03,11.1,7.9,14.3,3110,8.7,1.04,4.0
2010-11-04,13.1,8.6,15.9,2880,2.4,1.1,4.5
2010-11-05,13.7,10.1,16.2,2827,12.6,1.2,4.6
2010-11-06,8.1,3.7,10.2,2944,2.6,0.78,3.2
2010-11-07,3.7,1.9,5.8,2947,1.7,0.67,1.7
2010-11-08,3.1,2.4,3.5,2674,1.1,0.7,2.2
2010-11-09,3.3,1.6,5.3,2625,0.0,0.66,2.0
2010-11-10,5.3,-0.3,10.0,4194,3.1,0.6,2.1
2010-11-11,5.8,3.7,8.2,3969,5.3,0.77,4.3
2010-11-12,8.9,5.6,12.0,2907,2.8,0.89,6.1
2010-11-13,10.1,8.3,11.5,2441,4.0,1.05,4.4
2010-11-14,13.3,10.3,17.9,4661,0.0,1.24,2.9
2010-11-15,10.6,7.1,13.3,2865,3.9,0.99,2.4
2010-11-16,5.7,4.1,7.2,2316,15.6,0.79,2.3
2010-11-17,4.1,3.6,4.5,2277,0.3,0.76,2.4
2010-11-18,5.8,4.4,6.4,2239,7.3,0.8,1.8
2010-11-19,5.6,3.5,6.5,2396,0.0,0.75,1.8
2010-11-20,6.2,3.3,8.3,2166,0.0,0.75,1.5
2010-11-21,3.6,1.9,5.6,2892,0.9,0.68,2.3
2010-11-22,4.4,3.5,5.0,2098,7.2,0.75,3.1
2010-11-23,3.3,1.1,4.8,2065,4.2,0.64,3.8
2010-11-24,0.9,-1.0,1.8,2034,0.5,0.54,3.3
2010-11-25,-0.3,-3.2,1.2,3147,0.2,0.47,1.8
2010-11-26,-0.6,-3.5,0.6,1976,0.1,0.45,1.8
2010-11-27,-2.5,-4.8,-0.8,2172,0.0,0.41,1.4
2010-11-28,-2.6,-5.0,-0.3,2677,0.0,0.41,1.9
2010-11-29,-1.1,-2.2,-0.7,1897,0.0,0.5,3.1
2010-11-30,-3.9,-6.3,-2.0,4275,0.0,0.37,2.9
2010-12-01,-8.7,-10.4,-6.3,2023,6.5,0.27,4.4
2010-12-02,-9.7,-14.2,-7.8,1828,1.0,0.2,2.4
2010-12-03,-8.1,-14.0,-4.5,1893,0.0,0.21,1.8
2010-12-04,-6.7,-10.9,-3.5,3398,0.4,0.26,3.0
2010-12-05,-1.1,-6.2,0.9,1770,0.5,0.38,3.5
2010-12-06,0.1,-3.5,1.7,1753,0.0,0.46,1.7
2010-12-07,-3.0,-5.5,-0.9,1737,0.4,0.39,1.6
2010-12-08,-2.1,-3.2,-1.6,1723,9.0,0.46,2.0
2010-12-09,-1.5,-4.3,0.5,1709,0.8,0.43,4.2
2010-12-10,-2.2,-4.0,0.4,1697,6.0,0.44,3.4
2010-12-11,3.3,0.2,5.0,1685,4.4,0.6,5.3
2010-12-12,0.5,-3.4,3.3,1675,0.6,0.47,4.0
2010-12-13,-3.5,-6.0,-1.6,1747,0.7,0.38,2.6
2010-12-14,-2.1,-4.2,-0.3,1739,4.9,0.43,2.9
2010-12-15,-3.6,-7.7,-1.5,1652,1.0,0.33,3.0
2010-12-16,-4.7,-7.6,-3.1,1847,3.5,0.33,3.4
2010-12-17,-3.7,-5.8,-2.9,1642,3.1,0.38,2.1
2010-12-18,-7.7,-10.3,-4.8,4078,0.0,0.27,1.8
2010-12-19,-9.9,-14.0,-5.0,1836,6.2,0.21,2.4
2010-12-20,-5.7,-9.8,-3.8,1636,0.9,0.28,2.7
2010-12-21,-7.8,-13.1,-4.7,1636,0.0,0.22,1.6
2010-12-22,-3.4,-5.5,-1.0,1637,1.8,0.39,2.1
2010-12-23,0.2,-1.1,0.7,1640,0.3,0.54,2.8
2010-12-24,-0.5,-3.2,0.1,1643,9.4,0.47,3.9
2010-12-25,-5.1,-7.7,-3.0,1648,1.1,0.33,3.1
2010-12-26,-7.4,-10.0,-5.1,1654,1.5,0.28,2.0
2010-12-27,-3.5,-5.3,-1.5,1742,4.7,0.4,2.0
2010-12-28,-6.5,-8.2,-3.7,1669,0.0,0.32,1.9
2010-12-29,-9.0,-11.9,-7.0,1678,0.0,0.24,1.6
2010-12-30,-9.4,-13.4,-3.7,1689,0.6,0.22,1.5
2010-12-31,0.5,-3.8,1.3,1700,0.1,0.45,2.3
2011-01-01,2.4,0.8,3.5,1795,0.1,0.62,3.4
2011-01-02,0.2,-2.6,1.6,1768,0.0,0.49,2.6
2011-01-03,-2.0,-4.4,0.0,1909,1.0,0.43,1.9
2011-01-04,-2.0,-6.3,0.2,1758,0.0,0.38,2.1
2011-01-05,-6.1,-9.0,-2.8,4182,0.0,0.3,2.8
2011-01-06,0.3,-7.0,4.1,1794,5.7,0.37,3.5
2011-01-07,3.9,2.3,6.7,2071,0.9,0.7,2.5
2011-01-08,6.5,3.9,8.7,3000,0.1,0.78,3.2
2011-01-09,5.2,1.1,8.2,1857,1.1,0.65,2.6
2011-01-10,1.1,-2.8,4.7,4950,0.0,0.49,1.9
2011-01-11,0.3,-3.8,3.3,1905,0.6,0.45,2.7
2011-01-12,3.6,2.6,4.8,2511,3.8,0.71,3.4
2011-01-13,5.1,2.8,9.1,1957,6.8,0.73,3.2
2011-01-14,9.5,8.5,10.3,1985,5.5,1.06,3.6
2011-01-15,8.1,6.7,9.5,2887,0.9,0.94,3.7
2011-01-16,7.8,4.8,10.1,2833,0.0,0.84,2.7
2011-01-17,4.6,1.7,9.7,5356,0.0,0.68,2.1
2011-01-18,5.3,2.7,7.2,2109,1.5,0.72,2.2
2011-01-19,2.8,1.3,5.0,2430,0.6,0.65,2.2
2011-01-20,1.2,-0.8,2.0,2179,0.0,0.55,2.1
2011-01-21,-0.4,-1.0,-0.2,2215,0.2,0.54,2.1
2011-01-22,-0.4,-3.7,1.8,4379,0.0,0.45,1.8
2011-01-23,0.7,0.0,1.3,2291,2.0,0.58,1.8
2011-01-24,1.0,-0.2,2.8,2331,0.8,0.58,2.3
2011-01-25,2.2,0.5,4.0,2373,2.5,0.61,3.6
2011-01-26,0.6,-1.9,1.6,2415,1.0,0.51,2.3
2011-01-27,-1.1,-3.4,0.3,2616,0.0,0.46,2.6
2011-01-28,-1.9,-4.7,1.7,4041,0.0,0.42,2.5
2011-01-29,-2.7,-6.3,1.5,6788,0.0,0.38,1.7
2011-01-30,-3.1,-6.1,-0.3,2923,0.1,0.38,1.6
2011-01-31,-5.8,-8.0,-4.1,2645,0.0,0.32,1.5
2011-02-01,-4.9,-6.6,-3.5,2695,0.3,0.36,2.4
2011-02-02,-0.6,-3.5,0.9,2745,0.0,0.46,3.0
2011-02-03,1.1,-0.8,3.6,2797,0.5,0.56,3.3
2011-02-04,4.1,0.2,8.6,2850,1.1,0.62,5.4
2011-02-05,9.2,8.1,10.4,2904,7.9,1.04,6.1
2011-02-06,8.8,7.9,10.2,2959,1.3,1.03,4.2
2011-02-07,7.3,5.4,8.7,4513,0.0,0.87,3.7
2011-02-08,5.6,1.2,8.5,6469,0.0,0.66,3.4
2011-02-09,0.9,-1.0,3.7,5526,0.0,0.55,1.7
2011-02-10,2.4,-1.7,6.2,4248,4.3,0.54,2.5
2011-02-11,4.2,0.4,6.3,4070,2.3,0.61,3.4
2011-02-12,-0.5,-2.1,1.7,8217,0.0,0.5,2.9
2011-02-13,-0.1,-0.9,0.8,3377,0.1,0.55,2.5
2011-02-14,-0.4,-1.5,1.0,3506,0.0,0.52,3.3
2011-02-15,-1.4,-3.4,1.7,6081,0.0,0.46,3.2
2011-02-16,-0.5,-2.2,3.4,5577,0.0,0.51,2.7
2011-02-17,-1.4,-2.7,-0.2,3639,0.0,0.48,2.5
2011-02-18,-1.9,-2.4,-0.8,3707,0.0,0.49,2.1
2011-02-19,-2.6,-3.3,-1.8,3775,0.0,0.46,2.6
2011-02-20,-4.3,-7.8,-1.6,8399,0.0,0.33,3.4
2011-02-21,-6.2,-9.7,-3.0,8452,0.0,0.29,2.8
2011-02-22,-8.5,-12.0,-3.1,10584,0.0,0.24,2.4
2011-02-23,-9.2,-13.2,-4.1,10732,0.0,0.22,2.2
2011-02-24,-5.8,-10.8,1.3,7067,0.0,0.28,2.3
2011-02-25,-4.8,-10.5,2.3,10809,0.0,0.29,2.1
2011-02-26,-2.3,-9.1,6.0,11633,0.0,0.33,2.7
2011-02-27,-0.1,-5.3,5.4,8605,0.0,0.42,2.6
2011-02-28,3.5,-1.4,10.5,11948,0.0,0.56,2.1
2011-03-01,0.7,-3.8,7.6,12262,0.0,0.47,2.7
2011-03-02,0.5,-4.8,7.7,12344,0.0,0.44,3.6
2011-03-03,0.9,-4.3,8.1,12743,0.0,0.46,2.6
2011-03-04,0.1,-5.8,6.9,12746,0.0,0.41,1.8
2011-03-05,-0.2,-3.7,5.0,5715,0.0,0.46,2.4
2011-03-06,0.3,-4.2,7.3,13725,0.0,0.46,2.4
2011-03-07,-0.5,-5.8,5.9,13978,0.0,0.41,2.7
2011-03-08,2.0,-5.9,10.3,14149,0.0,0.43,2.5
2011-03-09,6.7,-0.1,14.6,9946,0.0,0.65,3.5
2011-03-10,7.5,2.7,11.9,9396,0.8,0.74,4.3
2011-03-11,6.7,2.2,10.8,7374,0.0,0.71,3.6
2011-03-12,6.9,1.4,13.6,11979,0.0,0.69,2.1
2011-03-13,10.5,2.5,17.2,9939,1.0,0.77,1.7
2011-03-14,9.0,6.9,11.4,5567,1.6,0.96,1.3
2011-03-15,8.7,5.5,12.5,6008,0.0,0.88,3.2
2011-03-16,4.8,2.8,7.0,5737,1.4,0.73,3.9
2011-03-17,4.0,3.0,5.8,5822,9.6,0.73,3.0
2011-03-18,3.3,1.6,4.9,5907,0.0,0.66,3.1
2011-03-19,5.0,2.2,10.2,14282,0.0,0.71,2.3
2011-03-20,2.7,-0.6,7.6,10443,0.0,0.58,1.6
2011-03-21,6.4,0.3,13.2,16557,0.0,0.64,1.9
2011-03-22,9.1,2.7,15.7,16161,0.0,0.77,2.1
2011-03-23,7.7,3.3,13.6,16135,0.0,0.78,2.1
2011-03-24,9.2,1.8,17.1,14188,0.0,0.74,2.3
2011-03-25,8.1,5.0,11.0,6508,0.2,0.85,2.4
2011-03-26,4.7,-0.7,9.2,10196,0.7,0.58,2.2
2011-03-27,2.5,-1.7,9.1,11779,0.0,0.55,1.5
2011-03-28,4.4,-1.7,11.8,15259,0.0,0.57,2.1
2011-03-29,6.5,-1.5,15.0,18786,0.0,0.6,1.7
2011-03-30,10.2,1.8,17.3,16251,0.1,0.75,1.8
2011-03-31,11.8,7.2,16.2,7327,0.8,1.01,3.4
2011-04-01,13.9,10.4,18.9,12793,0.0,1.26,3.4
2011-04-02,15.8,11.2,22.1,13937,0.0,1.34,2.1
2011-04-03,16.4,9.0,24.9,17251,6.9,1.22,1.9
2011-04-04,10.2,7.6,15.6,10571,4.5,1.03,2.6
2011-04-05,10.5,4.8,15.3,14422,0.0,0.87,3.1
2011-04-06,12.4,10.1,14.7,7533,0.0,1.19,3.1
2011-04-07,13.9,6.4,21.4,13725,0.1,1.02,4.0
2011-04-08,9.8,5.1,16.4,10454,0.0,0.89,4.3
2011-04-09,9.7,5.0,15.5,18326,0.0,0.88,3.1
2011-04-10,11.0,2.8,18.9,20928,0.0,0.81,1.7
2011-04-11,14.5,8.0,21.4,17850,0.0,1.1,1.8
2011-04-12,9.2,5.6,12.7,11059,1.9,0.89,4.8
2011-04-13,5.7,4.7,6.5,8111,9.8,0.82,4.2
2011-04-14,6.7,5.2,9.8,9066,0.4,0.86,1.9
2011-04-15,9.1,5.1,14.5,10248,0.0,0.87,1.6
2011-04-16,11.0,3.8,17.4,19271,0.0,0.84,1.5
2011-04-17,12.8,9.0,18.2,14856,0.0,1.15,1.7
2011-04-18,13.7,6.0,20.5,19303,0.0,0.99,1.6
2011-04-19,14.6,7.9,22.1,22668,0.0,1.12,1.9
2011-04-20,15.1,7.3,22.7,23028,0.0,1.08,1.5
2011-04-21,16.4,9.3,23.8,23726,0.0,1.24,1.6
2011-04-22,17.4,9.7,25.1,23634,0.0,1.27,2.2
2011-04-23,17.8,11.4,24.7,23652,0.0,1.38,2.5
2011-04-24,16.0,8.9,22.8,24236,0.0,1.19,2.3
2011-04-25,13.1,7.2,19.3,12695,0.0,1.04,2.3
2011-04-26,13.0,7.5,21.4,14272,11.1,1.08,2.1
2011-04-27,14.6,10.7,19.9,14821,0.4,1.28,2.1
2011-04-28,16.5,11.0,23.9,14448,0.0,1.35,2.5
2011-04-29,16.5,10.7,24.3,21026,0.7,1.34,3.5
2011-04-30,13.1,7.2,19.9,25665,0.0,1.05,3.6
2011-05-01,10.4,5.0,17.1,26014,0.0,0.89,3.0
2011-05-02,6.9,4.0,11.8,11039,0.3,0.8,3.1
2011-05-03,7.7,2.6,13.2,21431,0.0,0.74,2.6
2011-05-04,7.6,2.6,13.9,17763,0.0,0.76,1.9
2011-05-05,9.2,0.8,16.4,26219,0.0,0.69,1.5
2011-05-06,13.6,2.8,21.9,25850,0.0,0.84,1.9
2011-05-07,15.7,7.3,24.0,26779,0.0,1.1,2.6
2011-05-08,15.2,7.3,23.6,27115,0.0,1.1,3.1
2011-05-09,17.0,8.4,25.5,26855,0.0,1.2,2.9
2011-05-10,19.5,10.1,28.1,25399,0.0,1.34,1.6
2011-05-11,18.8,12.6,27.9,20467,3.7,1.54,1.8
2011-05-12,16.1,10.1,23.1,15873,2.6,1.28,2.0
2011-05-13,13.5,7.9,19.3,18698,0.0,1.07,2.2
2011-05-14,14.6,9.8,21.8,14200,0.4,1.24,2.4
2011-05-15,11.4,7.3,16.9,19796,0.1,1.02,2.9
2011-05-16,11.0,7.0,15.2,13472,1.4,1.0,3.3
2011-05-17,14.3,11.3,18.0,11232,0.2,1.31,3.0
2011-05-18,17.5,9.7,24.5,23618,0.0,1.26,2.0
2011-05-19,19.0,12.6,26.8,20898,0.2,1.52,1.7
2011-05-20,18.0,12.6,25.7,19018,1.3,1.5,1.5
2011-05-21,18.2,12.5,24.7,25388,0.0,1.48,1.5
2011-05-22,19.8,12.1,29.0,20829,1.3,1.52,2.5
2011-05-23,16.6,10.2,22.6,26848,0.0,1.28,2.4
2011-05-24,15.9,9.3,23.7,23494,0.0,1.23,3.3
2011-05-25,14.2,6.2,20.7,26840,0.0,1.0,2.3
2011-05-26,18.7,7.8,28.4,25062,0.0,1.21,3.4
2011-05-27,16.2,10.9,21.0,19367,0.0,1.31,3.4
2011-05-28,14.4,8.6,20.3,20633,0.1,1.14,2.5
2011-05-29,17.7,11.8,23.2,19450,0.0,1.4,2.8
2011-05-30,23.2,14.1,31.5,29781,0.0,1.71,2.1
2011-05-31,21.2,13.4,33.5,22469,5.0,1.71,2.8
2011-06-01,14.7,10.3,20.0,17353,0.0,1.26,2.9
2011-06-02,16.8,8.6,24.5,30152,0.0,1.19,2.6
2011-06-03,19.7,11.0,27.8,30312,0.0,1.41,2.8
2011-06-04,22.3,12.9,30.7,30101,0.0,1.59,2.4
2011-06-05,25.1,17.8,33.6,25708,0.0,2.14,2.3
2011-06-06,23.1,17.9,31.4,20939,4.9,2.09,2.1
2011-06-07,20.5,16.3,26.3,20226,1.1,1.85,1.7
2011-06-08,18.9,13.7,26.0,16309,9.2,1.6,2.7
2011-06-09,16.9,12.7,21.7,23470,0.0,1.46,2.6
2011-06-10,16.9,11.0,22.6,24845,0.0,1.34,1.5
2011-06-11,17.0,12.7,24.9,19812,5.8,1.5,1.9
2011-06-12,17.3,11.3,23.4,22907,0.0,1.37,1.4
2011-06-13,19.5,13.0,26.1,23291,0.0,1.54,2.1
2011-06-14,19.1,14.6,23.7,15661,1.4,1.65,1.9
2011-06-15,19.8,13.8,24.6,24176,0.1,1.59,1.4
2011-06-16,22.2,15.8,28.7,19252,0.3,1.83,2.2
2011-06-17,18.5,13.6,23.8,24683,0.8,1.55,2.6
2011-06-18,16.7,11.7,23.1,17413,1.6,1.39,3.5
2011-06-19,14.1,11.0,19.5,17292,4.6,1.31,4.3
2011-06-20,15.1,11.7,20.8,18526,1.3,1.36,3.0
2011-06-21,17.1,9.8,23.9,19388,0.1,1.25,2.4
2011-06-22,19.6,13.5,27.4,20371,9.6,1.61,2.5
2011-06-23,17.3,12.3,23.5,23447,0.5,1.45,3.0
2011-06-24,14.2,11.1,19.1,20729,4.1,1.31,2.9
2011-06-25,14.9,10.1,19.4,19488,0.1,1.24,2.5
2011-06-26,17.1,12.5,23.4,15291,0.0,1.47,1.8
2011-06-27,20.6,13.0,28.3,30301,0.0,1.58,1.9
2011-06-28,21.6,14.3,29.0,30899,0.0,1.69,2.3
2011-06-29,23.3,15.1,31.2,29896,0.0,1.82,2.3
2011-06-30,15.3,11.5,19.6,12164,0.6,1.35,3.1
2011-07-01,15.3,9.7,21.0,23950,0.0,1.22,2.7
2011-07-02,12.1,11.2,13.3,11147,19.8,1.29,3.5
2011-07-03,15.3,13.0,17.0,11129,2.0,1.44,3.5
2011-07-04,15.7,14.4,16.8,11109,18.1,1.58,2.2
2011-07-05,19.5,15.3,25.5,23234,0.0,1.75,1.4
2011-07-06,21.0,14.4,29.2,26637,4.7,1.71,2.1
2011-07-07,21.0,15.9,27.8,21333,2.2,1.83,1.8
2011-07-08,20.3,16.3,25.2,19586,0.0,1.85,2.4
2011-07-09,22.0,15.0,30.0,22367,0.1,1.78,2.3
2011-07-10,21.7,16.7,26.7,24531,13.4,1.89,1.7
2011-07-11,18.3,13.9,23.6,19114,0.3,1.58,1.7
2011-07-12,21.2,14.8,28.2,26400,0.1,1.73,2.2
2011-07-13,21.2,17.1,26.4,15132,7.5,1.94,2.9
2011-07-14,17.7,14.4,21.8,17896,0.0,1.62,3.8
2011-07-15,15.5,12.8,17.5,12376,0.0,1.44,3.3
2011-07-16,19.0,10.8,25.7,26078,0.0,1.36,2.4
2011-07-17,19.4,14.2,25.8,12783,14.0,1.63,3.1
2011-07-18,17.6,12.4,23.7,24267,0.0,1.46,3.3
2011-07-19,18.6,11.6,25.0,25905,0.0,1.41,2.0
2011-07-20,19.4,16.1,23.0,11563,0.0,1.79,2.8
2011-07-21,16.6,14.9,19.4,10552,17.2,1.64,2.7
2011-07-22,13.2,12.2,15.2,10507,9.9,1.37,3.9
2011-07-23,14.8,11.8,19.2,15884,0.0,1.35,3.7
2011-07-24,14.6,9.9,18.6,17272,0.0,1.21,3.5
2011-07-25,14.4,10.4,18.4,11326,0.0,1.25,1.9
2011-07-26,18.3,13.3,24.5,23028,0.0,1.54,1.4
2011-07-27,19.8,14.3,25.8,21758,0.0,1.66,1.5
2011-07-28,18.2,14.5,22.4,11406,2.5,1.64,1.9
2011-07-29,14.6,13.4,16.9,10158,54.9,1.49,2.8
2011-07-30,15.3,13.1,17.5,10103,20.3,1.46,3.3
2011-07-31,15.2,13.9,16.9,10047,1.0,1.53,2.4
2011-08-01,18.0,15.4,22.6,13192,0.4,1.73,1.5
2011-08-02,19.7,13.7,26.4,26614,0.0,1.6,1.9
2011-08-03,21.0,14.4,27.5,25337,0.0,1.67,2.2
2011-08-04,19.5,16.6,23.0,10638,18.2,1.86,1.9
2011-08-05,19.9,16.2,24.4,15626,3.8,1.81,1.9
2011-08-06,22.8,17.4,28.7,21291,0.6,2.01,1.9
2011-08-07,19.4,14.8,22.1,11380,0.3,1.65,2.8
2011-08-08,16.1,13.0,21.7,19004,5.1,1.49,3.5
2011-08-09,15.8,13.0,19.9,15425,1.0,1.47,4.4
2011-08-10,15.1,12.6,18.6,12445,0.1,1.42,3.3
2011-08-11,18.7,14.5,24.3,11675,1.3,1.64,3.3
2011-08-12,17.8,15.0,22.3,10909,2.6,1.67,2.4
2011-08-13,18.6,15.2,23.6,18414,0.0,1.72,1.7
2011-08-14,19.6,15.6,25.6,12133,10.8,1.77,2.3
2011-08-15,17.8,14.8,22.0,14220,0.8,1.64,2.0
2011-08-16,16.8,12.0,21.2,14812,0.0,1.39,1.4
2011-08-17,19.3,14.0,25.7,16192,0.0,1.62,1.6
2011-08-18,21.8,15.4,28.9,21057,1.1,1.81,1.7
2011-08-19,19.3,13.6,23.9,13967,0.0,1.56,3.3
2011-08-20,17.2,11.4,23.2,23502,0.0,1.36,1.8
2011-08-21,19.8,12.8,25.1,16230,0.0,1.52,1.8
2011-08-22,21.7,16.1,26.5,20009,0.0,1.83,1.9
2011-08-23,18.4,14.9,23.2,12032,2.2,1.68,2.1
2011-08-24,21.4,16.6,29.3,15353,20.9,1.94,1.8
2011-08-25,21.2,16.8,26.8,16778,0.0,1.9,1.6
2011-08-26,24.7,18.2,31.5,22007,0.0,2.15,2.7
2011-08-27,17.2,12.4,23.1,8181,5.3,1.45,3.2
2011-08-28,15.3,11.1,20.2,12640,0.0,1.31,2.9
2011-08-29,14.3,11.5,19.6,11462,0.3,1.35,3.2
2011-08-30,13.6,10.9,17.5,10721,0.2,1.27,2.6
2011-08-31,14.3,8.4,20.3,16266,0.0,1.13,1.8
2011-09-01,14.9,12.0,19.3,11905,0.0,1.38,1.4
2011-09-02,16.5,12.3,22.7,16012,0.0,1.45,1.3
2011-09-03,19.7,12.0,29.0,20698,0.0,1.51,1.5
2011-09-04,21.1,15.5,28.5,14191,5.4,1.81,1.8
2011-09-05,17.8,12.7,21.0,7757,0.9,1.44,2.9
2011-09-06,16.3,11.0,21.4,16826,4.0,1.31,3.7
2011-09-07,15.3,13.6,18.4,10039,1.2,1.51,4.3
2011-09-08,13.2,11.6,15.8,7398,12.8,1.33,3.7
2011-09-09,13.8,11.1,17.4,7111,7.1,1.29,2.0
2011-09-10,18.3,14.5,24.0,9333,0.0,1.65,1.8
2011-09-11,20.8,16.3,28.1,15510,13.0,1.87,2.3
2011-09-12,17.8,14.6,21.5,15565,0.0,1.63,3.9
2011-09-13,18.0,13.4,22.7,14535,0.0,1.53,3.9
2011-09-14,15.1,12.7,18.7,11663,0.0,1.43,3.5
2011-09-15,13.8,9.9,17.9,12317,0.0,1.21,2.6
2011-09-16,12.0,8.2,17.2,15172,0.0,1.08,1.6
2011-09-17,16.0,9.2,22.8,11681,2.8,1.2,2.3
2011-09-18,14.8,11.3,17.5,6346,8.9,1.3,2.3
2011-09-19,13.1,9.3,18.0,14157,0.0,1.16,2.2
2011-09-20,13.8,8.8,19.7,16435,0.0,1.15,2.1
2011-09-21,14.6,9.0,21.1,14603,0.0,1.17,2.1
2011-09-22,14.9,10.0,19.3,9952,0.0,1.23,2.7
2011-09-23,12.5,8.3,18.1,14022,0.0,1.09,1.8
2011-09-24,13.6,7.9,20.6,15675,0.0,1.1,1.5
2011-09-25,15.2,8.4,22.7,15775,0.0,1.16,1.2
2011-09-26,17.9,11.9,25.1,14984,0.0,1.44,1.5
2011-09-27,16.1,11.5,19.9,7960,3.0,1.34,1.2
2011-09-28,15.2,10.3,21.6,14217,0.0,1.26,1.5
2011-09-29,17.1,11.6,24.4,14573,0.0,1.39,1.4
2011-09-30,18.5,12.7,26.6,15005,0.0,1.51,1.4
2011-10-01,18.8,12.1,26.4,14663,0.0,1.48,1.1
2011-10-02,18.4,12.2,26.1,14325,0.0,1.46,1.1
2011-10-03,17.4,12.3,23.8,10663,0.0,1.45,1.9
2011-10-04,18.4,14.2,23.8,11105,0.0,1.62,2.8
2011-10-05,16.3,13.7,18.9,6072,0.1,1.52,3.0
2011-10-06,14.8,8.9,20.3,7596,6.5,1.16,4.2
2011-10-07,9.4,6.8,12.2,8208,0.9,0.96,3.8
2011-10-08,8.6,5.6,12.5,9677,1.1,0.9,3.8
2011-10-09,8.3,4.4,14.0,9469,5.1,0.84,2.6
2011-10-10,12.3,7.3,15.8,4538,7.9,1.01,4.0
2011-10-11,12.4,9.5,15.6,4461,15.2,1.15,4.3
2011-10-12,10.0,6.2,13.7,9466,0.0,0.93,3.2
2011-10-13,8.0,3.6,13.7,10612,0.0,0.79,1.9
2011-10-14,5.9,1.2,11.8,8911,0.0,0.68,1.7
2011-10-15,5.7,1.5,11.7,11648,0.0,0.69,2.0
2011-10-16,6.1,0.7,12.9,11419,0.0,0.66,2.0
2011-10-17,7.8,2.3,14.9,10261,0.0,0.75,2.0
2011-10-18,8.8,4.3,16.7,6784,1.5,0.86,3.6
2011-10-19,8.2,5.3,12.0,8365,0.0,0.87,3.2
2011-10-20,5.8,2.9,9.1,5470,0.0,0.73,2.5
2011-10-21,5.5,1.4,10.8,8810,0.0,0.68,1.9
2011-10-22,4.4,-0.3,10.8,10038,0.0,0.61,2.1
2011-10-23,4.3,-0.4,11.4,9763,0.0,0.61,2.4
2011-10-24,6.4,2.7,9.7,3934,0.0,0.73,3.7
2011-10-25,9.4,7.3,11.8,5041,0.2,0.99,3.5
2011-10-26,10.1,7.5,12.2,3408,0.4,1.01,2.0
2011-10-27,9.7,6.3,12.8,3409,0.0,0.94,2.1
2011-10-28,11.1,8.3,14.5,6311,0.0,1.07,1.5
2011-10-29,10.2,6.0,16.3,8147,0.0,0.95,1.5
2011-10-30,11.3,8.1,16.2,4579,0.0,1.07,1.8
2011-10-31,11.3,8.4,15.1,3773,0.0,1.09,1.6
2011-11-01,9.9,5.9,14.5,6773,0.0,0.92,2.1
2011-11-02,8.0,4.2,13.2,5721,0.0,0.82,2.0
2011-11-03,7.2,3.6,12.8,6982,0.0,0.79,2.6
2011-11-04,6.8,4.0,11.7,4850,0.0,0.8,2.4
2011-11-05,7.0,3.6,12.1,5689,0.0,0.78,2.1
2011-11-06,8.7,5.2,14.3,6733,0.0,0.88,1.9
2011-11-07,8.3,5.0,15.2,6970,0.0,0.88,2.4
2011-11-08,6.8,3.7,12.3,6869,0.0,0.79,2.1
2011-11-09,4.9,2.8,7.2,2625,0.0,0.72,1.6
2011-11-10,3.4,0.4,5.4,2577,0.0,0.61,2.5
2011-11-11,1.4,-1.9,4.4,4874,0.0,0.52,3.2
2011-11-12,0.7,-3.0,6.0,6644,0.0,0.49,2.1
2011-11-13,1.9,-1.9,7.9,6499,0.0,0.53,1.4
2011-11-14,0.8,-1.9,5.7,6101,0.0,0.52,1.4
2011-11-15,1.3,0.4,1.7,2357,0.0,0.6,1.9
2011-11-16,2.3,-0.6,6.0,4427,0.0,0.57,2.1
2011-11-17,-0.4,-2.7,0.5,2277,0.0,0.48,1.8
2011-11-18,1.5,-1.0,3.6,2239,0.0,0.55,1.4
2011-11-19,6.1,3.4,8.7,2250,0.0,0.76,1.4
2011-11-20,5.8,1.7,7.1,2166,0.0,0.67,1.4
2011-11-21,1.9,-1.0,7.3,4795,0.0,0.56,1.4
2011-11-22,1.4,0.1,4.5,3086,0.0,0.6,1.5
2011-11-23,0.5,-0.3,1.5,2065,0.0,0.58,1.5
2011-11-24,4.5,0.0,9.5,3464,0.0,0.61,2.1
2011-11-25,5.2,1.6,9.6,4883,0.1,0.68,3.0
2011-11-26,6.7,3.9,8.7,3514,0.0,0.78,3.7
2011-11-27,8.8,7.0,10.2,1948,1.3,0.97,5.1
2011-11-28,5.5,1.4,8.8,4988,0.0,0.67,2.4
2011-11-29,3.0,-1.6,7.5,5244,0.0,0.55,2.6
2011-11-30,5.6,1.4,9.6,4188,0.0,0.67,2.7
2011-12-01,4.7,0.9,10.1,2066,0.7,0.65,3.2
2011-12-02,8.3,3.1,12.7,1828,0.8,0.77,3.1
2011-12-03,4.7,1.3,7.3,2149,3.4,0.65,4.6
2011-12-04,6.6,3.8,8.6,1831,1.3,0.78,4.5
2011-12-05,4.2,1.6,6.8,2023,2.4,0.67,4.5
2011-12-06,3.4,1.6,5.4,1879,0.2,0.66,4.0
2011-12-07,3.4,0.7,5.4,1737,9.4,0.62,4.8
2011-12-08,4.8,3.5,6.4,2467,1.8,0.76,4.8
2011-12-09,5.9,3.5,8.7,2943,0.2,0.76,5.1
2011-12-10,3.2,1.3,4.9,2515,0.0,0.65,3.3
2011-12-11,1.4,-0.6,4.3,3926,0.0,0.57,2.5
2011-12-12,3.6,-1.1,7.0,1757,1.0,0.56,3.3
2011-12-13,4.6,1.7,7.8,1666,3.0,0.67,4.7
2011-12-14,5.9,3.7,10.2,1900,6.7,0.78,4.5
2011-12-15,4.5,3.0,6.3,2335,0.5,0.73,4.0
2011-12-16,3.2,0.6,6.8,1646,20.2,0.63,5.3
2011-12-17,3.3,1.4,4.5,1642,0.4,0.65,4.6
2011-12-18,3.0,1.4,4.0,1719,0.2,0.65,3.6
2011-12-19,2.3,1.2,3.3,1717,0.1,0.64,3.1
2011-12-20,1.1,-0.2,2.3,1955,2.6,0.58,3.1
2011-12-21,2.7,1.1,4.5,1796,0.4,0.64,2.8
2011-12-22,3.3,0.9,5.2,1637,1.4,0.63,2.2
2011-12-23,7.5,5.2,8.7,1640,1.1,0.85,2.8
2011-12-24,5.4,2.4,7.7,1643,3.2,0.7,4.1
2011-12-25,4.8,2.1,7.7,1648,0.7,0.7,3.8
2011-12-26,9.1,7.9,10.0,1654,0.2,1.02,3.4
2011-12-27,8.8,6.3,10.0,1661,0.0,0.93,2.5
2011-12-28,6.3,4.1,7.6,2519,0.0,0.79,3.1
2011-12-29,5.4,3.5,6.6,1963,2.2,0.76,5.0
2011-12-30,3.3,1.8,4.3,1852,4.1,0.67,4.2
2011-12-31,2.5,0.8,5.3,3504,0.4,0.63,2.5
2012-01-01,7.2,1.9,10.6,1713,2.0,0.69,3.3
2012-01-02,8.9,4.1,12.6,1727,5.4,0.81,3.4
2012-01-03,5.4,0.9,10.1,2951,2.7,0.65,5.4
2012-01-04,5.5,3.7,7.3,2932,5.4,0.77,5.7
2012-01-05,4.6,2.6,6.7,2451,4.9,0.71,7.0
2012-01-06,2.2,-0.6,3.9,1837,0.0,0.56,4.4
2012-01-07,4.4,2.1,6.5,1814,3.0,0.69,4.6
2012-01-08,4.6,3.0,5.6,1835,1.7,0.73,3.7
2012-01-09,3.9,2.1,7.1,1857,3.3,0.69,3.0
2012-01-10,5.6,3.9,7.0,3020,0.0,0.78,3.1
2012-01-11,7.1,4.8,8.3,1905,0.2,0.83,3.0
2012-01-12,7.6,3.0,10.4,1930,1.5,0.75,4.9
2012-01-13,3.1,1.6,4.1,2137,0.2,0.66,5.0
2012-01-14,1.7,-1.5,3.9,4531,0.0,0.54,3.2
2012-01-15,-0.7,-2.7,1.7,5045,0.0,0.48,1.7
2012-01-16,0.7,-1.4,2.6,2045,1.7,0.53,1.8
2012-01-17,2.6,-0.8,3.3,2077,0.1,0.55,1.9
2012-01-18,1.1,-2.3,5.2,4381,4.5,0.51,2.8
2012-01-19,4.0,2.2,4.7,2143,8.7,0.69,4.4
2012-01-20,2.1,0.4,2.9,2179,0.9,0.61,4.0
2012-01-21,2.5,0.7,4.6,2215,3.7,0.62,4.4
2012-01-22,4.2,1.2,6.2,2352,3.2,0.65,5.5
2012-01-23,1.2,0.0,2.8,2341,3.3,0.59,2.9
2012-01-24,0.6,-1.6,2.0,2331,0.0,0.52,1.9
2012-01-25,-1.9,-4.4,0.1,3140,0.0,0.43,1.7
2012-01-26,-3.0,-6.1,0.9,5728,0.0,0.38,3.1
2012-01-27,-2.8,-4.5,-1.7,2459,0.0,0.42,2.3
2012-01-28,-4.2,-5.6,-2.6,2504,1.5,0.39,1.8
2012-01-29,-5.0,-6.6,-3.6,4696,0.0,0.36,2.7
2012-01-30,-6.0,-9.2,-2.1,6398,0.0,0.3,2.9
2012-01-31,-8.0,-10.8,-5.7,6712,0.0,0.26,3.5
2012-02-01,-9.2,-12.2,-5.2,7257,0.0,0.24,3.6
2012-02-02,-11.4,-15.4,-7.3,7364,0.5,0.18,2.9
2012-02-03,-9.8,-12.8,-5.6,4964,0.1,0.22,2.0
2012-02-04,-11.9,-15.5,-7.2,6775,0.0,0.18,1.5
2012-02-05,-12.7,-16.1,-9.1,2904,0.0,0.17,1.9
2012-02-06,-15.0,-19.5,-10.2,7929,0.0,0.13,1.7
2012-02-07,-11.4,-18.6,-5.8,3974,0.0,0.15,2.7
2012-02-08,-7.3,-10.2,-3.4,7500,0.4,0.28,2.7
2012-02-09,-5.2,-10.4,-2.2,4175,0.8,0.27,2.7
2012-02-10,-9.6,-14.3,-5.2,7355,0.0,0.2,2.2
2012-02-11,-8.3,-12.9,-4.9,5265,0.0,0.22,2.0
2012-02-12,-8.1,-13.1,-3.2,6243,0.0,0.23,1.9
2012-02-13,-2.0,-3.9,0.0,3377,0.0,0.44,1.8
2012-02-14,-1.2,-4.5,1.8,4093,3.2,0.43,2.6
2012-02-15,1.9,0.2,4.1,5883,0.0,0.6,5.5
2012-02-16,0.6,-3.4,3.8,8785,7.1,0.47,2.7
2012-02-17,4.1,1.8,6.2,4112,0.4,0.67,3.4
2012-02-18,4.5,0.5,9.1,3707,1.8,0.63,3.1
2012-02-19,3.1,-0.3,5.8,4122,0.5,0.59,3.6
2012-02-20,0.5,-2.0,5.0,9730,0.0,0.52,2.6
2012-02-21,1.2,-0.7,4.2,3916,6.5,0.56,3.1
2012-02-22,5.9,3.0,10.1,7572,2.0,0.75,3.2
2012-02-23,7.0,3.7,10.9,6743,0.4,0.79,4.1
2012-02-24,9.4,5.1,11.7,4206,2.5,0.86,4.2
2012-02-25,5.4,2.8,8.8,7842,1.4,0.73,3.8
2012-02-26,3.4,-2.1,7.8,10133,0.2,0.53,2.6
2012-02-27,1.2,-3.4,5.7,8150,3.2,0.47,2.2
2012-02-28,7.2,4.3,10.1,4434,1.5,0.81,3.4
2012-02-29,9.3,8.2,10.7,4511,0.8,1.04,2.3
2012-03-01,9.1,7.6,10.5,4589,0.1,1.01,2.1
2012-03-02,6.3,1.2,8.6,4905,0.0,0.66,1.7
2012-03-03,3.5,-1.7,9.8,12506,0.0,0.55,2.3
2012-03-04,3.5,-0.5,9.6,8221,0.0,0.6,2.1
2012-03-05,2.9,-1.8,10.2,12909,0.0,0.55,3.1
2012-03-06,0.6,-3.4,6.5,12988,0.0,0.48,2.0
2012-03-07,1.9,-4.6,8.1,10984,0.8,0.45,2.7
2012-03-08,4.1,0.8,9.2,7338,1.7,0.64,3.1
2012-03-09,5.0,-0.8,10.9,12369,0.0,0.59,2.3
2012-03-10,8.4,5.6,11.8,5831,0.2,0.88,3.0
2012-03-11,7.6,6.7,10.2,6438,0.2,0.95,3.2
2012-03-12,7.7,6.3,10.0,5483,0.2,0.93,3.3
2012-03-13,7.3,6.1,8.5,5567,0.0,0.9,2.7
2012-03-14,7.3,6.2,8.9,5652,0.0,0.91,2.2
2012-03-15,6.8,3.3,10.2,8519,0.0,0.76,1.5
2012-03-16,11.0,1.3,21.6,15239,0.0,0.76,2.0
2012-03-17,12.5,6.6,20.4,15405,0.0,1.01,2.2
2012-03-18,9.8,5.1,17.9,11058,0.4,0.91,2.8
2012-03-19,6.9,2.7,11.8,15087,0.0,0.74,2.9
2012-03-20,7.8,0.8,13.9,11127,0.1,0.67,2.5
2012-03-21,10.3,8.5,13.0,6250,0.0,1.08,2.0
2012-03-22,12.0,7.9,17.8,16135,0.0,1.07,1.8
2012-03-23,11.7,4.8,19.2,17352,0.0,0.91,1.4
2012-03-24,12.2,4.8,19.9,16748,0.0,0.91,1.6
2012-03-25,8.0,2.3,15.5,14770,0.0,0.74,2.1
2012-03-26,9.0,2.1,16.0,17171,0.0,0.75,1.8
2012-03-27,10.3,4.7,17.3,13383,0.0,0.88,2.4
2012-03-28,12.3,5.9,20.3,15803,0.0,0.98,3.0
2012-03-29,8.1,6.8,9.7,7038,0.1,0.95,4.6
2012-03-30,8.0,6.6,10.7,8435,1.1,0.94,4.7
2012-03-31,5.3,1.9,8.3,11676,2.9,0.68,4.8
2012-04-01,5.0,-0.9,11.0,15264,0.7,0.58,3.3
2012-04-02,5.7,4.0,7.9,8514,0.0,0.79,2.7
2012-04-03,8.2,3.9,13.1,11192,2.9,0.81,2.1
2012-04-04,4.9,3.6,6.2,7449,3.9,0.77,2.9
2012-04-05,4.3,0.4,7.2,8999,0.0,0.62,2.5
2012-04-06,3.9,-1.6,9.3,13093,2.1,0.55,2.1
2012-04-07,2.6,-0.6,6.0,9395,1.3,0.57,3.2
2012-04-08,2.3,-1.7,7.4,16942,0.0,0.54,2.2
2012-04-09,5.8,-1.2,12.7,14504,0.1,0.59,3.3
2012-04-10,12.1,6.8,19.0,10962,0.0,1.02,3.3
2012-04-11,10.0,5.5,15.7,8896,0.1,0.91,2.3
2012-04-12,8.1,4.8,11.8,8872,2.7,0.84,1.7
2012-04-13,7.2,3.3,11.9,12890,0.2,0.77,1.7
2012-04-14,8.4,1.5,14.9,20019,0.0,0.71,1.9
2012-04-15,9.1,4.0,13.7,9895,0.0,0.81,3.1
2012-04-16,6.6,1.4,11.8,17626,0.0,0.68,3.4
2012-04-17,5.4,-0.6,11.8,19414,0.0,0.6,2.5
2012-04-18,8.7,2.1,14.7,15291,0.0,0.74,2.7
2012-04-19,11.5,3.4,18.4,17192,0.0,0.83,2.4
2012-04-20,12.2,6.6,18.1,17077,0.5,0.99,2.1
2012-04-21,11.0,5.0,17.3,17638,0.7,0.9,2.6
2012-04-22,9.4,4.6,14.6,15134,0.0,0.85,2.7
2012-04-23,9.4,3.1,16.0,15801,0.0,0.79,2.5
2012-04-24,10.7,4.8,18.3,14068,3.0,0.89,2.6
2012-04-25,11.6,7.1,16.9,14616,0.0,1.01,3.1
2012-04-26,15.0,10.0,20.0,9638,0.0,1.23,3.2
2012-04-27,17.4,11.8,24.5,16528,0.0,1.43,2.2
2012-04-28,21.5,11.1,31.6,24388,0.0,1.49,2.6
2012-04-29,21.6,15.0,28.7,16479,0.0,1.75,3.0
2012-04-30,17.8,10.7,24.9,20649,0.0,1.33,2.5
2012-05-01,19.0,9.0,29.1,24725,0.0,1.29,2.5
2012-05-02,20.8,13.1,28.6,25771,3.7,1.6,2.7
2012-05-03,16.4,12.9,21.9,12471,1.6,1.48,2.0
2012-05-04,16.2,12.7,20.6,18084,0.0,1.44,2.1
2012-05-05,9.9,4.8,14.0,9893,7.8,0.86,2.3
2012-05-06,7.5,4.8,10.6,10428,0.3,0.83,1.9
2012-05-07,10.1,6.7,14.8,11559,0.0,0.97,1.5
2012-05-08,14.4,8.2,21.0,18762,0.0,1.13,2.2
2012-05-09,16.5,10.3,21.9,13830,0.2,1.28,2.4
2012-05-10,20.3,13.0,25.7,17958,0.6,1.54,2.6
2012-05-11,20.8,12.3,29.0,16352,8.0,1.52,3.2
2012-05-12,10.6,5.5,14.7,17618,0.0,0.9,3.6
2012-05-13,8.1,4.1,13.2,10835,0.0,0.82,2.1
2012-05-14,11.2,2.8,18.1,27381,0.0,0.79,2.2
2012-05-15,11.6,5.9,19.4,18054,1.0,0.97,2.6
2012-05-16,9.3,5.3,14.9,15459,0.0,0.89,3.7
2012-05-17,8.8,3.2,14.7,20837,0.0,0.78,2.5
2012-05-18,11.8,3.9,18.5,22836,0.0,0.85,2.7
2012-05-19,16.4,9.0,24.4,15258,0.0,1.22,1.9
2012-05-20,20.6,11.5,28.8,28910,0.0,1.46,2.1
2012-05-21,22.2,15.0,28.8,18762,0.0,1.76,2.8
2012-05-22,24.2,16.0,31.9,26726,0.0,1.93,2.4
2012-05-23,23.4,15.6,31.9,27393,0.0,1.89,2.5
2012-05-24,19.4,12.2,26.5,29768,0.0,1.49,2.9
2012-05-25,17.3,8.7,24.9,29946,0.0,1.2,2.7
2012-05-26,17.9,10.6,24.4,26700,0.0,1.32,2.3
2012-05-27,19.2,13.4,26.2,27116,0.0,1.58,1.6
2012-05-28,19.8,14.2,26.1,25572,0.0,1.65,1.8
2012-05-29,17.1,11.1,23.0,25615,0.0,1.34,2.8
2012-05-30,13.4,9.1,17.2,15603,0.0,1.14,2.2
2012-05-31,13.6,10.9,17.4,12568,16.3,1.28,2.1
2012-06-01,12.1,7.2,15.5,13948,0.1,1.0,3.7
2012-06-02,10.8,5.8,16.0,19872,0.0,0.93,2.6
2012-06-03,10.1,6.6,13.8,11913,6.5,0.96,2.2
2012-06-04,11.6,8.2,15.7,14642,11.8,1.08,2.5
2012-06-05,11.2,7.8,15.9,16019,0.0,1.05,2.6
2012-06-06,12.0,7.1,17.4,17395,0.9,1.02,2.2
2012-06-07,16.6,10.3,21.2,16555,1.1,1.26,2.0
2012-06-08,19.6,14.1,25.2,20761,0.0,1.61,2.9
2012-06-09,17.5,11.4,23.5,23120,0.0,1.38,3.2
2012-06-10,16.5,10.4,22.7,25479,0.0,1.29,2.0
2012-06-11,17.4,11.1,22.3,18595,1.4,1.34,1.6
2012-06-12,16.9,12.8,21.7,18731,0.7,1.47,2.0
2012-06-13,15.9,12.1,20.7,16523,0.0,1.41,2.6
2012-06-14,13.9,11.0,18.2,13081,0.0,1.29,1.6
2012-06-15,17.7,10.2,23.0,21718,2.6,1.28,2.1
2012-06-16,17.5,15.1,21.0,11368,7.8,1.68,2.4
2012-06-17,18.5,13.1,24.2,22591,0.0,1.52,2.6
2012-06-18,21.4,12.3,32.3,28635,9.3,1.6,2.8
2012-06-19,18.5,11.6,24.6,25306,13.8,1.4,1.8
2012-06-20,15.6,13.4,17.0,11252,7.7,1.49,2.1
2012-06-21,14.7,13.1,16.9,11250,0.0,1.46,2.1
2012-06-22,19.0,13.7,25.1,22707,0.0,1.59,2.9
2012-06-23,17.6,12.4,24.0,23193,0.0,1.46,2.4
2012-06-24,17.6,12.7,24.5,16902,6.7,1.5,3.0
2012-06-25,14.3,12.0,18.5,17262,8.2,1.38,4.0
2012-06-26,14.3,10.8,17.2,12572,0.0,1.27,3.2
2012-06-27,14.1,9.8,18.4,16376,5.8,1.2,2.0
2012-06-28,19.3,14.6,25.4,18699,0.0,1.67,1.7
2012-06-29,23.9,15.6,31.5,21880,0.2,1.85,2.1
2012-06-30,23.3,18.7,29.1,22844,14.5,2.16,1.9
2012-07-01,20.6,15.5,24.9,17906,0.3,1.74,2.5
2012-07-02,17.7,13.0,22.4,20341,1.1,1.49,1.8
2012-07-03,18.6,15.2,23.3,13564,0.1,1.7,1.4
2012-07-04,20.7,15.7,26.9,22375,0.0,1.81,1.7
2012-07-05,21.7,16.4,28.0,17931,10.9,1.89,2.0
2012-07-06,22.4,17.8,29.4,20353,9.1,2.06,2.0
2012-07-07,19.4,16.5,24.4,14810,37.6,1.85,1.5
2012-07-08,20.3,14.5,27.2,23346,0.8,1.68,2.6
2012-07-09,19.2,15.0,24.8,23430,2.0,1.69,3.2
2012-07-10,19.8,15.2,24.8,21313,0.0,1.72,2.2
2012-07-11,17.2,13.9,21.5,15413,4.3,1.56,2.8
2012-07-12,14.3,10.4,18.0,18303,5.2,1.25,3.4
2012-07-13,14.1,9.5,17.7,11073,3.4,1.17,2.4
2012-07-14,16.0,12.8,19.9,15784,15.5,1.44,3.4
2012-07-15,15.8,12.5,20.3,17809,1.8,1.44,2.8
2012-07-16,14.8,12.2,20.5,18613,7.3,1.4,3.3
2012-07-17,15.5,12.7,20.8,16259,6.4,1.45,3.5
2012-07-18,16.8,14.0,22.0,12334,9.8,1.57,2.9
2012-07-19,16.1,12.8,21.1,15194,3.9,1.45,3.8
2012-07-20,15.6,11.6,20.5,21791,0.0,1.36,2.6
2012-07-21,14.6,10.3,19.0,18834,0.0,1.24,2.3
2012-07-22,15.9,10.9,22.3,22391,0.0,1.32,1.8
2012-07-23,19.1,11.5,26.0,27259,0.0,1.42,2.3
2012-07-24,21.8,14.0,29.1,28025,0.0,1.69,1.9
2012-07-25,24.8,16.8,33.6,27346,0.0,2.03,1.5
2012-07-26,25.1,19.5,31.3,24152,0.0,2.29,1.7
2012-07-27,24.6,16.7,32.0,26107,1.5,2.0,1.8
2012-07-28,22.7,18.6,28.7,16957,10.5,2.13,2.3
2012-07-29,18.1,15.0,22.8,14389,7.8,1.68,2.3
2012-07-30,17.4,12.7,22.4,19909,0.3,1.46,2.4
2012-07-31,17.5,11.2,23.1,18290,0.0,1.35,1.9
2012-08-01,20.3,13.3,27.3,26969,0.0,1.57,1.8
2012-08-02,22.0,16.1,30.1,20497,1.7,1.89,2.3
2012-08-03,19.3,16.6,23.9,14877,1.7,1.84,1.6
2012-08-04,21.3,15.9,27.3,22910,0.0,1.82,1.5
2012-08-05,18.9,15.7,23.7,14612,6.6,1.77,1.5
2012-08-06,20.2,16.9,24.6,14536,0.0,1.91,2.7
2012-08-07,18.0,15.0,22.3,19004,0.0,1.67,3.3
2012-08-08,17.0,13.6,23.0,16239,1.0,1.55,2.2
2012-08-09,16.1,12.7,21.8,15922,0.0,1.47,1.9
2012-08-10,14.9,11.2,19.9,12253,3.7,1.32,2.1
2012-08-11,15.9,11.8,22.2,18166,0.0,1.38,1.9
2012-08-12,16.0,11.0,22.6,19906,0.0,1.34,2.3
2012-08-13,16.6,10.9,23.6,22663,0.0,1.33,2.1
2012-08-14,17.8,11.6,24.7,23801,0.0,1.41,1.9
2012-08-15,17.5,11.3,24.7,23678,0.0,1.38,2.1
2012-08-16,17.1,13.2,22.9,13927,1.6,1.51,1.8
2012-08-17,19.0,13.3,25.4,22862,0.0,1.55,1.4
2012-08-18,21.1,13.8,28.6,22960,0.0,1.65,1.8
2012-08-19,26.1,16.0,36.6,23837,0.0,2.03,1.8
2012-08-20,27.5,21.9,36.0,18460,0.0,2.7,2.1
2012-08-21,22.2,18.2,27.2,16233,9.8,2.08,1.5
2012-08-22,20.2,15.2,25.1,19884,0.0,1.72,2.8
2012-08-23,18.5,12.8,24.5,22179,0.5,1.5,2.0
2012-08-24,16.2,12.3,19.9,8667,2.0,1.41,1.8
2012-08-25,19.3,14.5,25.2,16224,0.0,1.65,2.7
2012-08-26,18.1,14.8,23.4,15239,0.9,1.66,3.7
2012-08-27,16.4,13.0,21.7,17286,0.0,1.49,2.2
2012-08-28,17.2,9.5,23.3,15117,0.2,1.23,2.1
2012-08-29,20.1,13.8,27.6,20136,0.0,1.63,1.7
2012-08-30,19.5,16.0,23.6,9136,9.3,1.8,1.7
2012-08-31,16.4,13.4,19.3,7883,0.1,1.49,2.2
2012-09-01,15.2,11.1,20.8,19696,0.0,1.32,2.0
2012-09-02,15.8,9.7,21.4,16302,0.0,1.22,1.7
2012-09-03,17.5,13.1,23.7,17106,0.0,1.51,1.6
2012-09-04,17.9,12.1,24.3,19657,0.0,1.45,1.8
2012-09-05,16.2,13.2,20.4,10243,0.1,1.49,2.1
2012-09-06,14.7,11.2,19.8,17605,0.0,1.31,2.4
2012-09-07,15.8,11.4,19.2,7195,6.1,1.32,2.5
2012-09-08,16.7,13.6,21.6,10240,2.2,1.53,1.8
2012-09-09,18.3,13.0,25.0,16654,0.0,1.52,1.8
2012-09-10,21.6,14.8,29.6,17502,0.0,1.75,1.9
2012-09-11,20.7,14.4,28.2,14971,0.6,1.69,2.4
2012-09-12,13.5,9.8,17.7,10113,0.0,1.2,2.3
2012-09-13,12.4,7.1,18.3,16250,0.0,1.03,1.6
2012-09-14,14.3,7.4,20.2,13093,1.2,1.05,3.4
2012-09-15,14.4,11.0,18.7,8824,0.2,1.3,2.6
2012-09-16,16.0,9.7,22.1,15404,0.0,1.24,2.0
2012-09-17,16.5,11.3,23.3,14967,0.0,1.36,1.9
2012-09-18,17.3,12.2,24.7,14533,3.8,1.45,2.4
2012-09-19,11.9,7.9,16.2,14570,0.0,1.06,2.7
2012-09-20,10.3,5.8,16.2,13308,0.0,0.93,2.1
2012-09-21,12.0,6.2,17.7,11329,0.3,0.97,2.1
2012-09-22,11.4,7.2,15.9,10745,0.2,1.0,2.7
2012-09-23,10.5,4.8,17.1,13238,0.3,0.89,2.0
2012-09-24,13.1,9.1,16.1,5842,2.7,1.13,3.4
2012-09-25,15.3,10.2,22.2,10992,4.5,1.27,2.8
2012-09-26,16.5,12.4,22.8,7432,5.6,1.45,2.1
2012-09-27,14.1,11.8,16.5,7855,5.6,1.34,3.1
2012-09-28,13.3,9.2,17.4,10169,0.0,1.15,2.6
2012-09-29,12.5,8.2,18.9,7561,0.0,1.1,2.4
2012-09-30,11.3,7.0,17.0,13138,0.0,1.0,2.2
2012-10-01,11.9,6.3,18.2,10630,0.0,0.97,1.8
2012-10-02,12.9,7.0,19.5,13158,0.0,1.03,2.2
2012-10-03,14.8,10.2,20.7,10199,0.0,1.25,2.9
2012-10-04,13.0,8.3,16.4,4930,7.7,1.08,3.3
2012-10-05,11.1,6.8,16.7,5900,4.9,1.0,3.6
2012-10-06,11.4,6.4,17.7,5011,7.0,0.97,3.0
2012-10-07,8.7,6.1,13.8,6908,0.4,0.93,2.9
2012-10-08,9.0,4.0,14.3,7590,0.0,0.82,2.1
2012-10-09,7.4,2.6,12.8,10503,0.0,0.74,2.6
2012-10-10,6.9,4.0,9.8,4844,1.4,0.79,1.9
2012-10-11,7.9,4.3,12.5,6129,0.0,0.82,1.7
2012-10-12,7.6,2.0,13.5,8211,3.4,0.72,2.8
2012-10-13,9.5,6.1,13.8,10766,0.4,0.93,2.7
2012-10-14,8.8,5.9,13.3,8272,1.3,0.91,2.5
2012-10-15,8.8,4.4,12.8,4162,0.0,0.83,2.7
2012-10-16,8.0,2.5,13.7,10045,0.2,0.75,2.9
2012-10-17,10.3,4.5,14.7,8771,0.0,0.84,2.7
2012-10-18,13.6,9.7,19.2,8716,0.0,1.2,2.4
2012-10-19,14.0,7.8,21.9,10186,0.0,1.11,1.9
2012-10-20,14.9,8.3,23.2,9495,0.0,1.16,1.5
2012-10-21,14.8,11.3,21.0,9090,0.0,1.34,1.7
2012-10-22,12.9,11.5,13.9,3603,0.4,1.31,1.9
2012-10-23,11.5,10.8,12.4,3537,0.0,1.24,1.8
2012-10-24,11.4,9.0,13.9,4060,0.1,1.11,1.2
2012-10-25,9.6,6.0,12.3,3796,0.5,0.91,2.4
2012-10-26,3.7,0.3,7.4,8453,0.0,0.61,2.3
2012-10-27,3.2,-0.1,5.5,3283,0.0,0.59,2.8
2012-10-28,1.6,-1.5,7.6,7523,0.0,0.55,2.0
2012-10-29,2.0,-2.2,7.0,8705,1.3,0.52,2.8
2012-10-30,3.4,1.1,5.7,3104,3.0,0.64,2.4
2012-10-31,3.9,-0.1,9.1,6833,0.0,0.61,2.5
2012-11-01,5.0,1.4,7.2,2990,2.3,0.66,3.1
2012-11-02,7.1,5.2,10.3,5808,2.8,0.85,3.8
2012-11-03,6.7,3.9,9.3,3401,0.8,0.78,3.0
2012-11-04,7.3,4.1,10.6,3743,4.7,0.8,2.5
2012-11-05,7.6,6.0,10.6,3510,0.3,0.91,3.1
2012-11-06,5.6,4.0,7.8,5070,2.3,0.79,3.3
2012-11-07,8.9,5.1,10.9,2839,0.4,0.85,4.3
2012-11-08,8.9,7.9,10.3,2679,0.3,1.03,3.4
2012-11-09,8.7,6.1,10.9,2793,0.0,0.91,2.2
2012-11-10,7.2,3.9,10.8,3330,3.0,0.79,2.3
2012-11-11,9.1,6.4,12.1,2749,0.0,0.94,2.1
2012-11-12,6.5,3.5,9.2,3638,0.0,0.77,2.0
2012-11-13,4.5,1.2,9.9,6460,0.0,0.66,1.8
2012-11-14,2.2,-1.2,8.1,6321,0.0,0.56,1.7
2012-11-15,-1.4,-2.4,-0.5,2316,0.0,0.49,1.4
2012-11-16,0.2,-1.4,0.7,2277,0.0,0.53,1.8
2012-11-17,0.8,-0.8,2.2,2239,0.0,0.56,2.2
2012-11-18,3.7,-1.0,6.5,2202,1.0,0.56,1.6
2012-11-19,6.1,3.9,6.9,2166,0.0,0.78,1.7
2012-11-20,4.8,3.1,6.2,2131,0.0,0.74,2.0
2012-11-21,5.6,3.6,8.2,3275,0.0,0.77,2.6
2012-11-22,5.9,1.4,10.2,4023,0.0,0.67,2.4
2012-11-23,3.4,-0.8,6.2,3280,3.7,0.56,2.4
2012-11-24,6.5,5.7,7.7,2004,1.0,0.89,1.6
2012-11-25,7.7,5.6,11.4,1976,0.1,0.89,3.9
2012-11-26,6.6,2.8,9.9,3831,1.4,0.74,2.4
2012-11-27,7.8,5.8,9.1,1922,1.8,0.89,1.6
2012-11-28,6.1,5.4,6.7,1897,4.8,0.86,1.9
2012-11-29,3.9,1.8,5.5,1873,16.0,0.67,3.5
2012-11-30,1.5,-2.1,3.1,1850,0.2,0.51,2.0
2012-12-01,0.0,-2.5,1.6,1914,0.2,0.49,2.1
2012-12-02,0.1,-1.2,1.0,1808,0.0,0.54,2.5
2012-12-03,0.1,-1.4,1.1,3229,1.9,0.53,3.0
2012-12-04,2.0,-0.3,4.0,1770,2.2,0.58,3.6
2012-12-05,-1.9,-4.9,1.3,3927,0.3,0.42,2.7
2012-12-06,-3.2,-6.7,-0.9,1820,2.1,0.36,3.1
2012-12-07,-5.1,-7.3,-1.0,4285,0.0,0.35,2.4
2012-12-08,-5.5,-9.6,-2.7,2984,0.4,0.29,1.6
2012-12-09,-2.3,-4.7,1.1,1697,9.2,0.42,3.7
2012-12-10,-0.4,-3.8,1.2,1685,1.7,0.45,3.9
2012-12-11,-2.3,-4.2,-1.0,1675,0.1,0.43,3.0
2012-12-12,-4.3,-7.4,-2.9,3082,0.0,0.34,1.8
2012-12-13,-3.3,-5.1,-1.8,1780,0.3,0.4,2.0
2012-12-14,-2.2,-5.6,0.2,1813,5.9,0.39,3.1
2012-12-15,2.5,-0.3,4.3,1646,1.2,0.58,2.9
2012-12-16,3.9,2.4,5.3,1642,0.7,0.7,2.5
2012-12-17,3.4,1.1,4.9,2119,0.7,0.64,2.0
2012-12-18,2.6,1.6,3.7,1637,4.4,0.66,1.7
2012-12-19,1.9,1.2,2.6,1636,0.0,0.64,1.4
2012-12-20,1.1,-0.6,2.1,1636,0.0,0.56,3.0
2012-12-21,-2.6,-3.7,-0.3,1637,0.0,0.45,2.8
2012-12-22,-2.8,-3.7,-1.9,1640,2.9,0.44,2.6
2012-12-23,-0.2,-2.6,5.6,1643,9.5,0.5,4.0
2012-12-24,6.5,4.4,8.7,1648,0.0,0.81,2.9
2012-12-25,8.8,5.8,12.4,1654,1.3,0.9,3.6
2012-12-26,6.4,2.9,9.0,1742,1.4,0.73,4.3
2012-12-27,6.1,2.8,8.9,2762,0.5,0.73,4.3
2012-12-28,-0.4,-3.4,3.2,4198,0.0,0.47,2.8
2012-12-29,5.4,1.5,8.6,1689,0.0,0.67,3.3
2012-12-30,6.1,3.9,10.0,3012,0.4,0.78,4.3
2012-12-31,7.3,4.3,9.2,1713,0.0,0.81,4.3
2013-01-01,6.4,3.9,7.7,1713,1.4,0.78,3.4
2013-01-02,4.6,3.0,5.8,1768,2.3,0.73,3.1
2013-01-03,7.0,4.0,9.7,1742,1.0,0.8,4.1
2013-01-04,7.9,5.5,9.4,1758,14.1,0.87,4.0
2013-01-05,7.0,5.5,8.4,1776,1.2,0.87,3.1
2013-01-06,6.3,5.4,7.3,1794,5.5,0.86,3.1
2013-01-07,4.5,3.3,6.7,1814,6.4,0.75,1.8
2013-01-08,5.7,3.6,6.7,1835,3.3,0.76,2.2
2013-01-09,6.5,4.5,7.2,1857,6.9,0.81,2.4
2013-01-10,2.7,-0.7,4.8,1880,3.9,0.56,3.2
2013-01-11,-0.8,-2.5,0.2,2524,0.2,0.49,2.3
2013-01-12,-1.7,-3.6,-0.3,2377,0.3,0.45,1.7
2013-01-13,-2.5,-4.2,-0.6,2227,0.0,0.43,2.0
2013-01-14,-4.6,-6.9,-3.2,1985,0.6,0.35,1.7
2013-01-15,-4.2,-5.5,-3.1,2014,0.1,0.39,1.7
2013-01-16,-3.7,-4.9,-2.8,2045,0.0,0.41,1.8
2013-01-17,-1.0,-2.9,0.2,2077,0.0,0.47,2.3
2013-01-18,-3.1,-4.9,-1.5,2109,0.0,0.41,2.5
2013-01-19,-6.4,-8.2,-4.8,2670,0.0,0.32,3.2
2013-01-20,-4.9,-8.1,-3.1,2517,0.9,0.32,3.0
2013-01-21,-4.4,-6.8,-3.1,2215,4.0,0.35,2.8
2013-01-22,-7.0,-8.1,-6.3,2253,0.0,0.32,2.1
2013-01-23,-6.7,-7.4,-6.0,2291,0.0,0.34,1.4
2013-01-24,-5.4,-8.9,-3.8,2331,0.0,0.3,1.7
2013-01-25,-7.3,-11.9,-0.7,4471,0.0,0.25,1.7
2013-01-26,-9.2,-13.5,-4.6,5573,0.3,0.22,2.8
2013-01-27,-0.9,-4.7,1.6,2459,3.6,0.42,3.2
2013-01-28,2.1,-0.4,5.4,4571,2.0,0.58,2.9
2013-01-29,4.2,1.6,7.0,2550,9.5,0.67,4.4
2013-01-30,8.3,5.1,12.2,2597,4.7,0.86,5.4
2013-01-31,6.6,4.8,8.5,3250,0.0,0.83,6.2
2013-02-01,5.5,3.0,7.5,2695,8.1,0.74,3.5
2013-02-02,0.9,-2.7,3.6,2745,2.2,0.49,3.2
2013-02-03,-0.2,-4.3,3.2,2854,4.3,0.44,3.8
2013-02-04,2.8,0.3,6.6,3023,2.1,0.61,4.6
2013-02-05,2.4,-1.5,6.4,3898,0.3,0.54,4.2
2013-02-06,0.4,-2.5,4.7,7692,0.1,0.5,2.5
2013-02-07,0.2,-1.9,2.1,3375,2.1,0.52,2.3
2013-02-08,-0.8,-2.1,1.3,3255,2.7,0.5,2.0
2013-02-09,-1.3,-3.6,0.7,4298,0.9,0.46,1.6
2013-02-10,-4.2,-6.9,-1.6,3192,0.0,0.35,2.1
2013-02-11,-3.1,-8.0,0.0,4825,0.0,0.33,3.4
2013-02-12,-0.9,-3.7,2.8,5925,0.6,0.45,2.5
2013-02-13,-1.7,-2.9,0.1,3699,0.0,0.48,1.5
2013-02-14,-1.3,-2.5,0.9,3702,0.0,0.49,2.2
2013-02-15,-0.2,-1.4,1.2,3506,0.0,0.53,1.7
2013-02-16,1.0,-0.2,3.5,3572,0.0,0.58,1.2
2013-02-17,0.9,0.0,2.3,3639,0.0,0.59,1.3
2013-02-18,0.2,-0.5,1.7,3707,6.6,0.56,1.5
2013-02-19,0.1,-0.5,2.0,3775,1.5,0.56,2.8
2013-02-20,-1.2,-2.8,0.6,3915,0.2,0.48,2.9
2013-02-21,-2.9,-4.2,-0.7,5262,0.0,0.43,3.0
2013-02-22,-2.9,-3.6,-0.6,5134,0.0,0.45,3.3
2013-02-23,-2.5,-4.3,-0.3,4060,4.0,0.43,3.3
2013-02-24,0.4,-0.5,1.8,4133,3.6,0.57,2.5
2013-02-25,1.5,0.9,3.0,4207,0.0,0.63,2.4
2013-02-26,0.8,0.4,1.8,4282,0.0,0.6,2.3
2013-02-27,1.2,0.3,2.9,4357,0.0,0.6,2.0
2013-02-28,1.7,0.0,4.7,4434,0.2,0.59,1.8
2013-03-01,1.8,-1.7,5.8,6216,0.0,0.53,2.4
2013-03-02,0.8,-2.9,6.5,10777,0.1,0.5,2.3
2013-03-03,2.0,-0.7,6.1,6251,0.0,0.57,2.3
2013-03-04,2.5,-2.2,9.4,13066,0.0,0.54,2.0
2013-03-05,4.1,-2.7,12.8,13556,0.0,0.53,2.0
2013-03-06,5.2,-1.9,14.5,13236,0.0,0.58,1.7
2013-03-07,5.6,1.7,10.3,6555,0.4,0.69,2.7
2013-03-08,0.6,-0.1,3.2,5069,0.1,0.58,3.3
2013-03-09,0.0,-1.1,2.1,5151,5.2,0.54,3.2
2013-03-10,-2.6,-5.2,-0.5,5233,4.2,0.4,3.4
2013-03-11,-4.5,-5.5,-2.7,5316,0.8,0.39,3.0
2013-03-12,-3.9,-5.9,-0.3,5746,0.1,0.38,2.5
2013-03-13,-3.7,-6.8,0.7,13260,0.0,0.36,1.9
2013-03-14,-3.6,-7.9,1.0,8389,0.0,0.34,1.9
2013-03-15,-3.0,-5.9,1.6,14193,0.0,0.39,1.9
2013-03-16,-1.8,-9.0,4.9,15611,0.0,0.33,3.1
2013-03-17,0.0,-4.3,4.9,11798,0.0,0.45,3.9
2013-03-18,-0.1,-1.6,2.7,5907,5.3,0.53,3.2
2013-03-19,-1.5,-2.7,0.2,5992,4.8,0.48,3.1
2013-03-20,-1.0,-2.7,2.4,6635,5.5,0.48,2.5
2013-03-21,-1.1,-3.9,2.0,6538,0.8,0.45,2.3
2013-03-22,-2.2,-5.2,1.3,6816,0.0,0.41,3.4
2013-03-23,-6.1,-9.6,-1.6,17086,0.0,0.29,4.8
2013-03-24,-5.0,-11.4,1.2,17639,0.0,0.27,4.6
2013-03-25,-2.7,-6.9,2.3,16652,0.0,0.36,4.4
2013-03-26,-1.5,-5.6,3.6,15938,0.0,0.41,3.6
2013-03-27,-0.6,-4.5,3.0,10210,0.0,0.43,3.1
2013-03-28,-0.1,-2.3,3.1,8742,1.0,0.5,2.5
2013-03-29,0.0,-1.5,1.6,6853,4.1,0.52,2.1
2013-03-30,0.3,-1.0,2.9,7539,0.0,0.55,1.8
2013-03-31,0.2,-1.2,3.4,7528,0.1,0.54,2.2
2013-04-01,0.0,-3.2,3.9,7921,0.0,0.48,2.3
2013-04-02,0.1,-4.6,3.3,9442,0.0,0.43,2.9
2013-04-03,1.0,-0.8,2.8,8102,0.0,0.56,3.3
2013-04-04,1.5,-1.0,3.7,9123,0.0,0.55,3.2
2013-04-05,1.8,0.5,3.4,7449,0.0,0.61,2.7
2013-04-06,2.1,-1.0,4.9,7533,0.0,0.55,2.0
2013-04-07,3.5,-2.4,10.2,19411,0.0,0.53,2.0
2013-04-08,4.7,-0.7,10.5,16702,0.0,0.59,2.3
2013-04-09,4.8,1.2,10.2,9275,0.0,0.67,2.9
2013-04-10,5.9,2.9,9.6,8080,0.0,0.74,3.0
2013-04-11,9.1,4.6,14.9,9455,6.6,0.85,2.7
2013-04-12,10.4,7.4,14.5,10627,3.0,1.01,3.2
2013-04-13,10.1,5.5,14.4,10721,0.0,0.9,3.3
2013-04-14,11.7,2.9,19.5,13983,0.0,0.82,2.2
2013-04-15,16.4,8.0,24.6,19470,1.0,1.15,2.3
2013-04-16,15.6,10.0,20.5,11329,0.0,1.24,2.2
2013-04-17,16.7,12.6,21.7,13970,0.0,1.46,2.0
2013-04-18,17.6,11.9,26.3,17300,0.0,1.44,3.8
2013-04-19,12.6,7.7,17.0,12385,0.0,1.05,2.9
2013-04-20,8.3,3.5,13.7,23140,0.0,0.79,3.1
2013-04-21,11.3,4.4,17.8,21698,0.0,0.86,2.2
2013-04-22,12.5,7.3,20.0,17638,0.0,1.06,1.8
2013-04-23,13.1,7.6,19.0,13317,0.0,1.05,2.9
2013-04-24,13.8,7.8,19.9,22070,0.0,1.08,2.2
2013-04-25,16.2,12.8,21.2,15212,0.0,1.46,1.6
2013-04-26,18.0,7.1,26.1,16798,12.7,1.12,2.4
2013-04-27,7.6,5.8,9.9,9177,1.1,0.89,2.8
2013-04-28,9.4,5.6,15.4,18377,0.0,0.92,1.9
2013-04-29,11.4,7.7,17.4,13722,0.0,1.05,2.6
2013-04-30,11.1,6.5,14.8,12641,0.0,0.95,2.3
2013-05-01,12.0,6.5,18.0,18550,0.0,0.99,2.3
2013-05-02,12.6,8.9,15.7,9519,0.0,1.11,2.2
2013-05-03,13.1,7.3,18.8,20844,0.0,1.04,1.9
2013-05-04,13.6,5.2,21.3,24584,0.0,0.94,2.0
2013-05-05,15.5,8.1,22.6,24568,0.0,1.13,1.8
2013-05-06,16.9,9.8,24.3,18994,0.0,1.27,2.0
2013-05-07,17.9,13.9,23.7,11850,15.3,1.58,1.9
2013-05-08,18.1,13.7,24.6,18565,0.0,1.58,2.0
2013-05-09,16.9,13.3,23.3,13883,1.3,1.54,2.0
2013-05-10,15.4,10.0,19.2,11922,0.0,1.23,2.5
2013-05-11,13.3,9.3,17.9,15209,1.9,1.16,2.1
2013-05-12,11.0,6.4,18.4,15634,3.4,0.98,2.7
2013-05-13,11.0,5.4,16.3,18698,0.2,0.91,2.9
2013-05-14,12.4,9.1,15.7,13599,0.7,1.13,2.5
2013-05-15,17.7,7.6,26.5,26658,0.6,1.15,2.5
2013-05-16,20.1,12.6,26.5,23721,0.0,1.5,2.4
2013-05-17,21.6,15.1,28.3,23550,0.0,1.75,2.4
2013-05-18,14.0,9.0,19.2,11886,8.6,1.15,2.3
2013-05-19,15.3,7.9,23.0,27560,0.0,1.12,2.2
2013-05-20,14.6,10.3,18.0,11377,0.0,1.23,2.5
2013-05-21,13.2,8.8,18.2,16402,0.0,1.13,2.4
2013-05-22,9.8,5.8,12.7,10616,5.3,0.91,3.8
2013-05-23,9.7,4.0,16.3,25752,0.0,0.84,2.2
2013-05-24,10.6,5.7,14.5,18497,0.0,0.91,1.8
2013-05-25,9.1,7.7,11.6,10737,36.5,1.02,2.4
2013-05-26,11.1,8.7,14.2,10775,3.3,1.1,3.8
2013-05-27,11.9,7.9,17.1,17045,0.0,1.06,2.5
2013-05-28,12.6,10.1,18.1,12070,8.9,1.23,1.9
2013-05-29,13.7,9.6,20.6,14431,5.0,1.21,2.3
2013-05-30,15.4,11.7,21.3,12628,8.8,1.37,2.1
2013-05-31,15.9,13.6,23.0,13886,11.7,1.55,3.6
2013-06-01,16.5,13.7,22.6,12323,4.1,1.55,3.4
2013-06-02,12.2,10.4,16.0,11001,3.2,1.23,4.1
2013-06-03,13.5,9.9,18.3,16187,0.0,1.21,3.2
2013-06-04,14.1,8.6,21.4,19901,0.0,1.15,2.3
2013-06-05,15.4,7.4,22.7,30626,0.0,1.1,1.8
2013-06-06,17.0,8.1,24.7,28197,0.0,1.15,1.8
2013-06-07,18.9,10.4,25.8,30439,0.0,1.33,1.7
2013-06-08,19.2,14.3,25.5,22956,7.2,1.64,1.9
2013-06-09,18.5,12.7,25.6,22116,0.9,1.5,2.1
2013-06-10,17.3,12.6,23.4,24599,0.0,1.47,2.1
2013-06-11,17.8,10.7,24.1,26341,0.0,1.33,1.6
2013-06-12,19.6,12.2,25.5,24263,0.0,1.48,1.9
2013-06-13,21.6,15.2,27.1,19717,13.3,1.75,2.8
2013-06-14,15.7,11.9,20.7,17016,0.0,1.38,2.7
2013-06-15,18.1,12.2,23.6,21464,0.0,1.43,2.7
2013-06-16,17.2,12.8,21.3,19869,0.0,1.46,2.5
2013-06-17,20.4,13.6,27.1,25669,0.0,1.59,1.8
2013-06-18,23.7,17.6,30.7,28263,0.0,2.06,1.8
2013-06-19,26.7,18.3,34.5,28635,0.0,2.23,2.2
2013-06-20,26.0,17.7,33.0,25429,18.9,2.12,2.3
2013-06-21,20.3,16.6,25.0,23702,0.1,1.87,3.2
2013-06-22,20.0,14.7,25.1,25301,0.0,1.68,2.8
2013-06-23,19.2,15.1,24.5,20119,0.0,1.7,3.2
2013-06-24,17.5,13.9,22.4,17279,1.9,1.57,2.5
2013-06-25,12.9,11.8,15.3,11235,28.6,1.34,3.0
2013-06-26,12.6,9.4,15.4,12089,0.0,1.16,3.2
2013-06-27,13.4,7.8,19.1,18851,1.2,1.08,2.2
2013-06-28,14.8,10.9,21.1,16868,0.5,1.31,2.2
2013-06-29,14.6,9.9,20.3,11809,2.3,1.22,3.0
2013-06-30,12.6,8.0,16.3,17452,0.1,1.07,2.4
2013-07-01,18.5,12.6,26.4,21737,10.2,1.52,2.2
2013-07-02,18.2,13.7,23.9,24173,0.0,1.56,1.7
2013-07-03,21.0,14.0,28.3,21692,0.0,1.66,2.2
2013-07-04,19.4,16.7,23.6,14423,0.1,1.85,1.7
2013-07-05,20.1,15.8,24.9,18694,0.0,1.78,1.8
2013-07-06,19.0,13.6,25.2,27005,0.0,1.57,1.9
2013-07-07,19.4,12.4,26.7,29789,0.0,1.51,2.0
2013-07-08,20.7,13.1,27.6,29505,0.0,1.56,2.2
2013-07-09,21.5,15.6,27.9,28730,0.0,1.8,1.9
2013-07-10,18.2,13.6,22.8,23308,0.0,1.56,2.7
2013-07-11,17.2,13.6,22.4,15082,0.0,1.54,2.6
2013-07-12,17.3,12.7,23.0,14559,0.0,1.48,1.9
2013-07-13,19.0,12.2,25.3,27329,0.0,1.46,2.0
2013-07-14,16.3,13.4,18.6,10829,0.0,1.49,2.3
2013-07-15,17.3,11.0,24.1,21749,0.0,1.36,2.0
2013-07-16,20.0,12.7,27.4,26807,0.0,1.54,1.6
2013-07-17,21.7,14.8,28.5,25901,0.0,1.73,1.7
2013-07-18,22.1,15.2,28.9,26693,0.0,1.77,2.2
2013-07-19,21.3,15.1,27.9,27117,0.0,1.75,2.7
2013-07-20,21.6,15.6,28.1,27417,0.0,1.81,2.0
2013-07-21,22.3,14.2,30.0,29285,0.0,1.7,1.7
2013-07-22,24.5,17.3,32.1,28851,0.0,2.06,1.4
2013-07-23,23.3,17.1,30.8,28417,0.0,2.01,1.8
2013-07-24,22.8,14.1,31.1,25575,0.0,1.72,1.8
2013-07-25,24.7,19.8,31.1,24180,0.0,2.32,1.4
2013-07-26,26.3,20.5,32.5,21589,0.2,2.45,1.4
2013-07-27,27.2,21.2,34.6,24152,0.1,2.57,1.7
2013-07-28,27.5,20.5,35.1,18936,1.7,2.5,2.4
2013-07-29,21.1,17.2,24.4,10993,8.9,1.93,2.0
2013-07-30,19.9,16.7,24.7,19747,0.7,1.88,2.9
2013-07-31,20.1,16.4,25.9,15157,0.2,1.85,2.8
2013-08-01,22.8,16.4,30.1,21017,0.0,1.93,1.7
2013-08-02,26.7,18.2,35.4,26141,0.0,2.23,1.9
2013-08-03,25.8,20.1,33.6,20379,0.5,2.42,2.4
2013-08-04,22.1,17.1,28.9,15819,3.3,1.99,1.6
2013-08-05,21.4,15.1,28.2,23262,0.0,1.77,1.9
2013-08-06,24.0,17.7,31.1,21642,19.2,2.09,2.3
2013-08-07,21.2,17.8,26.4,12666,9.0,2.03,2.1
2013-08-08,20.7,16.1,24.4,14924,5.0,1.81,2.3
2013-08-09,17.3,13.8,21.8,14379,0.0,1.55,1.6
2013-08-10,17.9,13.3,26.0,20789,2.3,1.56,2.2
2013-08-11,16.5,13.2,21.4,14911,0.1,1.5,2.4
2013-08-12,16.8,12.2,23.7,14365,2.6,1.44,2.3
2013-08-13,15.8,11.9,21.7,18873,0.8,1.4,2.8
2013-08-14,14.8,10.7,20.9,18428,0.2,1.3,2.3
2013-08-15,17.3,9.9,24.0,22090,0.0,1.26,1.7
2013-08-16,21.4,15.0,27.6,23337,0.0,1.75,1.9
2013-08-17,20.5,13.8,27.3,17777,0.1,1.64,1.8
2013-08-18,19.8,15.6,27.2,10901,1.3,1.8,2.5
2013-08-19,18.0,14.8,21.1,10483,1.8,1.65,2.0
2013-08-20,16.7,13.1,22.6,13424,0.0,1.51,2.0
2013-08-21,16.8,12.6,22.9,11881,0.0,1.47,1.5
2013-08-22,17.8,12.4,24.5,19010,0.0,1.47,1.4
2013-08-23,18.4,13.7,24.7,18225,0.0,1.59,2.0
2013-08-24,18.4,12.2,25.5,22289,0.0,1.48,2.5
2013-08-25,19.2,13.9,25.6,20395,0.0,1.61,2.6
2013-08-26,18.0,13.3,24.4,22443,0.0,1.54,2.6
2013-08-27,16.8,11.9,23.1,10461,0.0,1.41,1.9
2013-08-28,17.7,13.0,24.6,14044,0.0,1.51,1.5
2013-08-29,18.2,11.0,25.8,19849,0.0,1.37,1.3
2013-08-30,19.7,13.4,25.7,17354,0.0,1.57,1.6
2013-08-31,18.4,12.2,25.0,12967,0.2,1.47,2.5
2013-09-01,14.4,9.6,19.1,11588,0.1,1.19,2.9
2013-09-02,14.7,13.2,16.6,7695,4.4,1.46,3.8
2013-09-03,16.8,15.8,18.8,7613,2.7,1.72,2.2
2013-09-04,16.9,13.3,20.7,7842,0.0,1.51,1.3
2013-09-05,17.8,12.4,24.9,19657,0.0,1.47,2.1
2013-09-06,18.5,12.3,26.8,20015,0.0,1.49,2.4
2013-09-07,18.9,11.8,27.6,19036,0.0,1.47,1.8
2013-09-08,18.3,12.8,24.8,11462,6.1,1.5,2.3
2013-09-09,13.5,10.4,15.7,7313,11.1,1.23,2.5
2013-09-10,11.8,9.0,18.0,7528,8.2,1.14,2.6
2013-09-11,11.5,9.1,14.3,7938,1.2,1.13,2.6
2013-09-12,13.0,9.7,17.9,9132,0.2,1.19,1.9
2013-09-13,14.9,10.9,20.3,15813,0.0,1.31,1.8
2013-09-14,15.9,11.4,23.3,14005,0.0,1.37,2.2
2013-09-15,14.8,12.3,17.8,7086,0.4,1.39,2.3
2013-09-16,13.0,10.0,17.4,6805,0.5,1.21,3.2
2013-09-17,10.8,6.6,16.7,14736,0.1,0.98,3.3
2013-09-18,9.6,6.9,12.3,6535,4.4,0.97,2.7
2013-09-19,10.7,8.0,14.7,7389,1.1,1.06,2.5
2013-09-20,12.3,9.7,16.2,6735,5.6,1.17,2.4
2013-09-21,13.6,10.8,17.4,10625,0.0,1.26,1.7
2013-09-22,14.2,10.6,17.5,7016,0.0,1.25,2.2
2013-09-23,16.2,15.1,18.0,6103,0.1,1.66,2.7
2013-09-24,13.2,9.3,15.3,5837,9.0,1.15,1.7
2013-09-25,10.3,7.8,13.3,5932,3.3,1.03,1.6
2013-09-26,9.1,6.2,13.2,7443,0.1,0.94,2.2
2013-09-27,9.6,5.1,15.1,11565,0.0,0.88,1.6
2013-09-28,9.7,5.6,16.0,13694,0.0,0.91,1.9
2013-09-29,8.7,3.9,15.3,14832,0.0,0.83,3.3
2013-09-30,8.7,4.7,15.0,14406,0.0,0.86,2.9
2013-10-01,8.1,3.6,14.6,12883,0.0,0.8,2.3
2013-10-02,7.1,2.5,14.1,13485,0.0,0.75,2.9
2013-10-03,6.6,1.3,12.8,13657,0.0,0.69,3.5
2013-10-04,8.1,1.6,15.4,12505,0.0,0.72,2.9
2013-10-05,10.3,7.5,13.1,4930,0.9,1.01,1.7
2013-10-06,12.3,9.3,15.3,4851,0.2,1.15,1.4
2013-10-07,14.0,11.9,17.1,4772,0.0,1.35,1.4
2013-10-08,12.7,8.6,15.3,4693,0.0,1.1,1.3
2013-10-09,12.8,9.4,16.4,4772,2.0,1.16,2.2
2013-10-10,9.8,7.9,12.0,4538,6.3,1.04,2.2
2013-10-11,12.8,8.2,16.9,4691,14.6,1.08,2.5
2013-10-12,11.8,9.6,13.8,4385,31.5,1.15,2.3
2013-10-13,7.8,4.6,11.3,6711,0.0,0.83,2.1
2013-10-14,9.1,3.0,15.2,7872,0.0,0.78,2.0
2013-10-15,10.3,7.3,12.9,4529,5.7,0.99,2.3
2013-10-16,8.4,6.0,10.9,5032,0.5,0.91,1.9
2013-10-17,10.8,6.3,15.3,6026,3.0,0.96,4.0
2013-10-18,9.1,2.9,13.0,7139,0.1,0.75,2.3
2013-10-19,7.8,1.7,12.9,8225,0.2,0.71,2.4
2013-10-20,15.2,11.2,18.7,5331,0.0,1.31,2.3
2013-10-21,14.5,11.8,18.3,7233,0.0,1.36,2.5
2013-10-22,14.8,9.3,21.1,9564,0.0,1.19,2.5
2013-10-23,16.1,12.8,19.2,4138,0.0,1.44,3.1
2013-10-24,13.2,8.6,17.4,7507,0.4,1.12,2.2
2013-10-25,11.9,6.4,15.4,3537,1.1,0.96,2.1
2013-10-26,15.5,12.8,19.1,4959,5.5,1.44,2.7
2013-10-27,15.3,10.4,18.9,5388,2.9,1.26,4.4
2013-10-28,14.8,11.2,20.4,3409,1.0,1.32,5.3
2013-10-29,11.6,7.5,15.8,6152,0.0,1.03,3.9
2013-10-30,8.4,5.1,13.3,6734,0.1,0.87,2.7
2013-10-31,6.7,2.3,12.3,8579,0.0,0.72,2.4
2013-11-01,8.5,4.7,11.5,3647,0.9,0.84,2.6
2013-11-02,10.2,7.0,12.5,2990,3.5,0.98,2.8
2013-11-03,9.3,6.2,11.1,3403,1.9,0.92,4.2
2013-11-04,8.6,6.1,11.4,2996,4.1,0.92,4.1
2013-11-05,7.3,4.3,11.1,3685,1.9,0.82,3.3
2013-11-06,6.9,4.2,10.3,3397,7.2,0.81,3.8
2013-11-07,10.8,7.5,14.1,2779,4.8,1.02,3.6
2013-11-08,9.0,7.0,11.1,3281,2.5,0.96,2.1
2013-11-09,8.7,4.5,12.2,4534,0.2,0.83,4.0
2013-11-10,6.0,2.9,7.7,3170,0.1,0.73,2.9
2013-11-11,5.3,2.1,7.9,3702,0.0,0.69,1.9
2013-11-12,4.4,1.0,7.1,4749,0.6,0.64,2.2
2013-11-13,6.3,2.6,9.8,3638,0.0,0.72,2.0
2013-11-14,3.8,0.7,8.0,5124,0.0,0.63,1.9
2013-11-15,3.9,2.6,4.9,2357,0.0,0.71,1.8
2013-11-16,2.4,-0.1,5.1,2467,0.0,0.59,2.2
2013-11-17,5.2,2.6,7.6,2277,0.1,0.71,1.6
2013-11-18,5.4,4.3,5.8,2239,0.0,0.8,1.9
2013-11-19,6.5,5.1,7.6,2202,3.8,0.85,2.0
2013-11-20,4.5,3.2,6.2,2166,8.3,0.74,2.2
2013-11-21,3.6,1.7,4.4,2131,4.5,0.66,2.0
2013-11-22,4.4,2.9,5.3,2098,1.1,0.72,2.6
2013-11-23,6.2,3.5,7.7,2065,0.0,0.76,2.4
2013-11-24,2.6,-1.9,5.5,2034,0.3,0.52,2.9
2013-11-25,0.0,-2.3,3.0,5476,0.0,0.5,2.3
2013-11-26,-0.8,-3.2,3.1,5189,0.0,0.47,1.6
2013-11-27,0.4,-3.4,4.3,2307,0.9,0.47,2.2
2013-11-28,6.5,4.3,8.8,2766,0.0,0.8,2.9
2013-11-29,5.2,3.8,6.5,1897,5.2,0.77,3.3
2013-11-30,4.3,2.5,5.4,1873,1.1,0.71,2.6
2013-12-01,5.7,3.2,7.5,1850,0.0,0.74,2.6
2013-12-02,1.3,-0.7,4.4,4107,0.0,0.57,1.8
2013-12-03,0.1,-2.0,2.7,3728,0.0,0.51,1.7
2013-12-04,1.1,-2.5,4.6,1788,1.5,0.5,2.9
2013-12-05,2.7,0.3,4.0,1770,5.0,0.6,5.3
2013-12-06,1.0,0.3,2.2,1753,3.9,0.6,6.9
2013-12-07,1.1,0.1,2.1,2153,0.4,0.59,3.8
2013-12-08,3.9,0.3,7.7,1723,4.6,0.61,3.5
2013-12-09,8.5,7.5,9.1,1709,5.7,1.0,3.4
2013-12-10,8.6,7.8,9.2,1697,0.9,1.02,1.8
2013-12-11,6.1,4.4,7.8,1685,0.0,0.81,1.9
2013-12-12,3.0,1.0,4.5,1675,0.0,0.64,2.0
2013-12-13,0.4,-0.9,1.3,2879,0.0,0.55,1.9
2013-12-14,1.3,-0.7,4.4,1659,0.0,0.57,2.5
2013-12-15,3.8,1.3,6.6,1652,0.6,0.65,3.0
2013-12-16,4.7,1.3,8.9,4455,0.0,0.66,2.8
2013-12-17,5.6,2.9,8.8,2603,0.0,0.74,1.9
2013-12-18,3.1,-0.1,6.4,2079,0.0,0.6,2.2
2013-12-19,3.9,1.4,6.6,1637,0.6,0.66,3.0
2013-12-20,4.1,1.3,6.4,1636,0.0,0.65,2.5
2013-12-21,4.3,1.4,7.0,1876,2.9,0.65,3.7
2013-12-22,7.9,4.5,10.7,1997,2.7,0.82,4.2
2013-12-23,6.3,3.9,8.3,3360,0.0,0.78,3.8
2013-12-24,8.7,7.4,10.3,1683,0.0,0.99,4.8
2013-12-25,8.1,6.3,9.4,1648,4.7,0.92,2.8
2013-12-26,6.2,4.9,7.6,2298,2.8,0.83,1.8
2013-12-27,6.3,4.8,7.9,3961,0.0,0.83,3.9
2013-12-28,8.2,6.6,10.1,1669,7.0,0.94,2.9
2013-12-29,5.4,2.1,7.1,2288,1.2,0.69,3.1
2013-12-30,2.1,-0.6,5.2,4505,0.0,0.57,2.8
2013-12-31,1.1,-1.0,5.0,3833,0.0,0.55,2.5
2014-01-01,1.1,-2.0,4.5,1795,0.0,0.51,2.7
2014-01-02,4.0,-0.2,6.9,1810,0.1,0.59,3.2
2014-01-03,6.2,2.7,8.6,3534,0.1,0.73,3.2
2014-01-04,6.0,3.8,8.6,2220,0.0,0.78,2.9
2014-01-05,5.1,1.0,7.4,1776,0.1,0.64,2.6
2014-01-06,4.8,0.7,8.5,2262,9.9,0.63,3.3
2014-01-07,8.7,6.3,10.9,4383,1.9,0.93,3.3
2014-01-08,7.9,4.3,10.7,2309,1.3,0.82,3.1
2014-01-09,8.4,4.2,12.3,1857,0.8,0.81,4.0
2014-01-10,6.4,4.0,7.6,1880,0.1,0.79,4.0
2014-01-11,5.1,2.4,8.2,4426,2.0,0.71,3.2
2014-01-12,3.9,0.2,5.6,3492,0.0,0.6,2.8
2014-01-13,1.8,-1.5,4.2,2137,0.0,0.54,2.2
2014-01-14,4.2,2.2,5.9,2076,0.0,0.69,1.5
2014-01-15,3.5,2.6,4.4,2014,0.1,0.71,2.3
2014-01-16,2.8,0.9,4.1,2045,6.4,0.63,2.8
2014-01-17,5.8,3.0,8.3,2685,0.0,0.74,2.3
2014-01-18,3.6,0.6,5.9,4050,0.0,0.62,2.5
2014-01-19,1.0,-2.6,4.5,2143,0.0,0.5,3.3
2014-01-20,-1.9,-3.1,-1.2,2179,0.5,0.47,2.6
2014-01-21,-2.4,-4.1,-1.4,2215,3.5,0.43,1.9
2014-01-22,-4.4,-5.4,-3.6,2253,0.1,0.39,2.0
2014-01-23,-4.6,-5.6,-3.1,2291,0.4,0.39,2.7
2014-01-24,-6.5,-12.4,-4.0,2331,0.6,0.23,2.8
2014-01-25,-11.9,-13.3,-9.2,4778,0.0,0.21,2.6
2014-01-26,-11.1,-13.4,-8.0,4020,0.1,0.21,3.6
2014-01-27,-3.7,-8.4,-1.9,2459,2.8,0.32,3.1
2014-01-28,-2.9,-5.7,-0.2,3087,0.0,0.39,2.7
2014-01-29,-5.8,-6.9,-5.0,2550,0.1,0.35,3.4
2014-01-30,-4.5,-6.0,-2.6,3194,0.0,0.38,2.9
2014-01-31,-1.6,-4.9,2.1,4129,0.0,0.42,2.1
2014-02-01,1.5,-3.1,6.6,5810,0.0,0.49,2.9
2014-02-02,2.3,1.3,3.4,2745,1.5,0.65,1.9
2014-02-03,1.5,-1.2,4.1,2968,0.0,0.54,2.3
2014-02-04,1.2,-2.2,6.1,7122,0.0,0.52,2.3
2014-02-05,0.9,-2.8,5.2,6995,0.0,0.49,2.8
2014-02-06,4.6,1.0,9.4,6627,0.5,0.65,3.3
2014-02-07,7.6,3.6,12.7,3315,0.0,0.79,4.5
2014-02-08,6.4,2.8,9.8,4953,1.1,0.73,3.7
2014-02-09,5.8,1.7,9.6,7367,0.0,0.68,4.2
2014-02-10,4.2,0.2,10.0,7666,0.0,0.62,2.6
2014-02-11,4.5,2.2,7.9,3441,0.0,0.69,3.1
2014-02-12,4.1,0.8,8.7,6625,0.0,0.64,3.2
2014-02-13,5.3,1.7,10.4,6664,2.2,0.68,3.7
2014-02-14,4.9,3.0,8.5,6312,0.0,0.74,3.5
2014-02-15,8.2,4.0,11.3,3572,0.0,0.8,4.3
2014-02-16,7.1,2.1,11.3,6111,0.0,0.71,4.2
2014-02-17,5.3,0.3,11.0,8643,0.0,0.63,2.0
2014-02-18,4.5,0.1,8.9,6376,0.0,0.61,1.8
2014-02-19,5.7,2.4,8.7,3775,0.0,0.71,2.3
2014-02-20,6.8,4.0,11.3,5386,0.0,0.8,2.6
2014-02-21,6.9,3.0,11.0,4412,1.9,0.75,3.0
2014-02-22,5.2,0.6,10.5,9508,0.0,0.64,2.9
2014-02-23,5.8,1.3,10.4,10805,0.0,0.67,2.5
2014-02-24,5.8,-0.9,12.9,11322,0.0,0.6,2.6
2014-02-25,6.2,-0.2,14.1,10957,0.0,0.63,2.4
2014-02-26,7.4,2.5,13.3,7207,0.0,0.75,1.7
2014-02-27,7.1,3.6,12.1,5116,0.2,0.78,2.1
2014-02-28,4.9,2.0,7.4,4434,0.1,0.69,2.0
2014-03-01,4.7,-0.6,11.7,11099,0.0,0.61,1.6
2014-03-02,5.2,0.6,10.8,8114,0.0,0.65,1.8
2014-03-03,5.1,0.6,11.2,10526,0.0,0.65,2.6
2014-03-04,5.9,2.2,11.4,4906,3.3,0.71,1.3
2014-03-05,6.5,3.3,11.2,6119,0.0,0.77,1.5
2014-03-06,6.1,1.3,11.0,8744,0.0,0.67,1.7
2014-03-07,3.9,-1.5,11.4,9771,0.0,0.57,2.0
2014-03-08,7.2,3.0,13.4,13649,0.0,0.77,1.9
2014-03-09,8.9,0.3,18.0,13395,0.0,0.69,2.4
2014-03-10,9.5,1.5,18.1,14237,0.0,0.74,1.9
2014-03-11,8.5,2.8,16.1,13721,0.0,0.77,2.3
2014-03-12,7.7,0.8,15.2,15009,0.0,0.69,1.7
2014-03-13,9.8,1.5,18.4,15007,0.0,0.74,1.3
2014-03-14,7.4,1.3,14.5,15002,1.0,0.7,1.9
2014-03-15,8.6,5.7,12.2,9033,2.5,0.9,5.2
2014-03-16,9.3,5.6,11.3,5737,0.3,0.89,5.6
2014-03-17,9.9,7.1,12.5,5822,0.2,0.98,4.0
2014-03-18,9.9,7.2,13.3,6364,3.0,0.99,3.1
2014-03-19,9.1,6.4,11.7,6084,1.6,0.93,4.5
2014-03-20,13.2,6.5,20.4,15551,0.0,1.01,3.2
2014-03-21,14.2,5.3,22.4,11595,0.2,0.97,3.7
2014-03-22,7.9,4.5,11.5,7288,2.2,0.82,2.7
2014-03-23,7.0,4.3,10.3,7002,0.0,0.81,2.2
2014-03-24,5.0,2.4,9.5,6710,4.8,0.72,1.7
2014-03-25,3.9,1.6,9.3,8730,2.4,0.68,1.7
2014-03-26,6.2,0.5,12.8,14965,0.0,0.65,2.3
2014-03-27,7.6,2.3,13.9,17759,0.0,0.74,3.0
2014-03-28,6.7,2.8,10.1,6767,0.0,0.73,2.5
2014-03-29,9.6,2.5,17.7,14709,0.0,0.77,2.1
2014-03-30,12.5,5.1,20.4,18053,0.0,0.93,1.3
2014-03-31,11.2,6.2,16.6,10351,0.0,0.95,1.3
2014-04-01,10.0,4.8,16.2,12793,0.1,0.88,1.7
2014-04-02,12.2,4.7,20.8,18329,0.0,0.91,1.8
2014-04-03,14.3,7.4,22.7,17251,0.0,1.1,2.0
2014-04-04,10.4,6.6,14.9,7572,0.0,0.96,2.5
2014-04-05,10.6,6.9,15.8,9322,0.2,0.99,1.7
2014-04-06,12.8,7.7,18.8,16223,1.5,1.06,2.0
2014-04-07,15.5,11.2,20.9,11092,0.0,1.33,2.1
2014-04-08,12.8,5.6,19.2,11513,4.2,0.94,4.2
2014-04-09,8.6,5.3,13.8,9488,1.7,0.89,3.9
2014-04-10,8.0,6.0,10.6,8295,0.0,0.91,2.1
2014-04-11,9.4,6.0,12.7,7948,1.0,0.91,1.6
2014-04-12,10.9,6.6,16.5,14629,0.9,0.98,1.6
2014-04-13,11.3,7.2,16.2,15179,2.4,1.01,3.2
2014-04-14,7.8,3.9,11.4,12235,1.4,0.8,4.8
2014-04-15,7.0,3.2,12.2,13102,0.8,0.77,3.4
2014-04-16,7.6,1.1,14.1,20264,0.0,0.68,1.7
2014-04-17,9.1,2.3,14.4,21283,3.4,0.74,2.7
2014-04-18,8.0,4.7,12.1,13627,0.8,0.84,2.7
2014-04-19,12.3,3.1,22.0,17639,0.0,0.85,2.8
2014-04-20,15.7,10.1,21.1,18763,0.8,1.25,3.1
2014-04-21,14.0,10.9,20.0,16739,0.5,1.29,2.3
2014-04-22,15.1,10.0,21.7,13565,0.3,1.24,1.7
2014-04-23,15.4,9.9,22.2,17292,0.0,1.25,1.7
2014-04-24,13.3,9.1,19.2,14319,0.0,1.17,2.1
2014-04-25,16.6,10.1,23.8,23563,0.0,1.28,2.4
2014-04-26,16.5,10.2,23.9,20931,0.0,1.28,1.9
2014-04-27,14.8,10.6,20.7,18623,0.0,1.28,2.3
2014-04-28,16.1,11.0,22.4,23115,0.0,1.33,1.7
2014-04-29,16.3,8.0,23.3,19867,0.0,1.14,1.4
2014-04-30,17.0,12.4,23.0,21014,0.1,1.44,1.6
2014-05-01,14.8,8.6,19.9,11668,10.0,1.14,2.0
2014-05-02,5.7,4.0,9.1,9519,6.1,0.79,2.6
2014-05-03,8.6,1.8,15.3,25653,0.0,0.73,2.5
2014-05-04,6.9,2.6,10.2,10237,0.0,0.72,2.0
2014-05-05,9.9,4.4,15.7,16315,0.0,0.85,1.5
2014-05-06,13.4,5.1,20.8,15803,0.1,0.93,2.6
2014-05-07,14.4,9.6,19.8,15997,0.0,1.19,3.0
2014-05-08,12.9,9.2,18.0,14290,4.5,1.16,3.2
2014-05-09,13.2,8.0,19.7,14716,6.1,1.09,3.7
2014-05-10,12.6,8.0,17.9,16215,5.2,1.08,3.2
2014-05-11,11.9,9.1,16.7,16524,0.6,1.15,4.3
2014-05-12,11.2,8.3,15.4,13958,2.1,1.08,3.8
2014-05-13,11.5,6.8,16.3,15459,0.2,0.99,2.9
2014-05-14,9.8,6.5,14.4,15401,1.3,0.95,3.1
2014-05-15,11.2,6.3,17.8,16425,0.0,0.97,2.5
2014-05-16,13.6,5.3,20.8,25771,0.0,0.95,2.6
2014-05-17,14.3,8.7,22.0,19323,5.5,1.17,2.1
2014-05-18,11.3,9.5,13.3,10919,8.6,1.15,1.8
2014-05-19,14.5,11.0,21.0,15327,0.0,1.31,1.7
2014-05-20,19.4,11.2,27.4,25325,0.0,1.42,1.7
2014-05-21,22.0,14.3,29.5,27574,0.0,1.7,2.1
2014-05-22,22.9,14.9,31.0,28489,0.0,1.79,2.3
2014-05-23,19.2,14.7,23.1,16622,0.3,1.66,2.0
2014-05-24,18.2,13.5,24.1,17522,0.0,1.55,1.8
2014-05-25,19.0,13.0,25.3,28426,0.0,1.53,1.8
2014-05-26,20.3,13.6,26.2,24207,0.0,1.59,2.4
2014-05-27,15.8,10.3,19.9,11423,14.6,1.25,3.0
2014-05-28,10.3,7.9,11.5,10847,19.1,1.03,3.2
2014-05-29,8.9,6.2,11.7,10881,0.0,0.92,2.2
2014-05-30,13.2,5.3,20.6,24757,0.0,0.95,2.0
2014-05-31,14.7,8.5,21.4,28231,0.0,1.13,2.4
2014-06-01,13.3,7.2,18.9,28395,0.0,1.04,1.7
2014-06-02,15.4,8.1,22.1,22909,0.0,1.12,1.4
2014-06-03,16.3,11.2,22.6,18643,0.0,1.34,1.3
2014-06-04,18.1,13.6,23.8,18918,0.4,1.55,2.0
2014-06-05,15.7,10.7,20.2,18823,1.4,1.28,2.9
2014-06-06,18.2,9.7,25.5,28074,0.0,1.27,1.9
2014-06-07,22.7,12.4,30.5,29085,0.0,1.57,1.6
2014-06-08,26.5,17.8,34.6,26895,2.4,2.15,1.8
2014-06-09,24.8,17.6,32.1,26179,0.3,2.07,2.0
2014-06-10,25.1,19.2,31.6,22135,0.0,2.27,2.0
2014-06-11,21.6,18.2,29.2,17964,3.7,2.12,2.2
2014-06-12,18.1,13.1,23.0,26604,0.0,1.51,2.3
2014-06-13,15.6,12.3,19.6,13801,0.3,1.41,2.8
2014-06-14,14.8,10.0,19.6,17509,9.5,1.23,2.5
2014-06-15,15.7,9.3,22.9,21957,0.0,1.21,2.2
2014-06-16,16.1,9.8,21.6,26280,0.0,1.23,2.4
2014-06-17,17.7,12.9,23.5,18765,0.0,1.49,2.1
2014-06-18,17.7,10.0,24.3,29002,0.0,1.28,2.4
2014-06-19,15.3,12.9,18.7,11991,0.2,1.46,3.3
2014-06-20,15.0,11.4,20.3,16430,0.1,1.34,3.4
2014-06-21,13.9,11.3,17.9,12978,1.6,1.31,2.8
2014-06-22,14.8,10.3,19.5,18645,0.2,1.25,2.9
2014-06-23,14.4,8.9,20.3,23570,0.0,1.16,2.5
2014-06-24,13.9,9.8,19.8,12843,20.7,1.21,1.8
2014-06-25,12.3,9.8,15.3,11482,11.8,1.18,2.1
2014-06-26,14.2,8.0,20.9,21695,0.0,1.1,1.4
2014-06-27,17.7,10.0,24.1,24145,0.6,1.27,1.6
2014-06-28,18.6,13.5,25.1,20068,0.1,1.56,1.9
2014-06-29,16.5,13.2,21.5,12424,0.5,1.51,2.3
2014-06-30,15.9,11.9,21.5,18313,0.7,1.39,2.3
2014-07-01,15.7,10.8,21.2,23089,0.0,1.3,1.9
2014-07-02,15.7,9.4,21.4,21224,0.0,1.21,2.0
2014-07-03,18.7,10.9,26.3,27464,0.0,1.37,2.0
2014-07-04,23.7,14.4,32.6,28664,0.0,1.77,2.0
2014-07-05,22.9,18.9,30.4,15995,0.0,2.22,2.5
2014-07-06,24.0,17.1,30.7,22591,0.1,2.01,2.3
2014-07-07,21.8,18.4,25.4,18147,17.9,2.06,2.2
2014-07-08,20.0,16.3,27.7,15545,16.1,1.87,2.7
2014-07-09,20.0,15.8,27.9,13924,12.6,1.83,3.2
2014-07-10,21.2,14.7,29.2,22330,0.7,1.75,2.3
2014-07-11,20.5,13.2,27.2,27422,0.2,1.56,2.3
2014-07-12,16.4,12.9,22.6,20296,2.7,1.48,2.0
2014-07-13,16.7,12.0,23.3,20621,9.5,1.43,2.1
2014-07-14,19.6,14.7,25.0,19480,0.4,1.67,2.6
2014-07-15,21.3,16.5,26.3,24670,0.0,1.88,1.9
2014-07-16,21.6,16.7,27.4,20120,0.0,1.92,1.3
2014-07-17,23.1,17.1,29.2,27237,0.0,1.98,1.3
2014-07-18,23.5,15.5,30.8,29119,0.0,1.86,1.5
2014-07-19,25.8,18.6,33.3,28571,0.0,2.21,2.0
2014-07-20,27.0,19.7,35.1,25723,0.0,2.38,2.2
2014-07-21,25.2,19.8,31.5,21791,0.0,2.32,2.5
2014-07-22,24.3,17.8,31.3,24627,0.0,2.08,2.7
2014-07-23,23.3,17.5,30.4,26971,0.0,2.06,2.6
2014-07-24,18.9,15.9,23.4,11376,9.6,1.78,2.3
2014-07-25,18.8,16.1,22.5,10845,13.1,1.8,1.8
2014-07-26,22.2,17.4,29.4,20389,0.0,2.01,1.6
2014-07-27,23.2,18.5,30.5,20680,1.3,2.18,1.7
2014-07-28,23.2,19.1,28.6,20251,8.6,2.21,1.7
2014-07-29,22.2,19.4,29.7,16957,40.6,2.25,1.9
2014-07-30,20.8,18.5,25.3,11294,0.6,2.09,2.4
2014-07-31,20.0,15.3,24.8,25850,0.0,1.73,1.9
2014-08-01,21.4,14.6,27.7,23033,0.0,1.69,1.7
2014-08-02,23.5,19.3,29.6,20226,4.9,2.23,2.0
2014-08-03,22.8,18.9,27.8,18727,2.4,2.16,1.7
2014-08-04,19.8,16.6,22.4,10167,0.9,1.84,1.6
2014-08-05,19.6,15.8,25.7,18681,0.2,1.78,1.7
2014-08-06,20.1,15.5,26.2,21057,0.0,1.78,1.5
2014-08-07,19.7,15.0,25.5,16172,0.0,1.71,1.5
2014-08-08,20.6,14.9,27.9,24132,0.0,1.74,1.5
2014-08-09,21.0,16.0,28.3,21121,0.1,1.84,3.0
2014-08-10,21.3,14.6,28.8,13720,3.9,1.71,2.7
2014-08-11,19.0,12.6,23.7,19070,0.1,1.47,3.1
2014-08-12,16.8,11.4,22.9,22313,1.3,1.37,2.9
2014-08-13,18.7,12.6,24.6,18988,5.5,1.48,2.3
2014-08-14,17.6,14.2,22.6,18428,0.2,1.59,2.6
2014-08-15,15.8,13.4,20.2,11825,1.6,1.5,2.3
2014-08-16,15.3,12.9,20.6,11857,1.0,1.47,2.8
2014-08-17,16.5,12.2,21.1,13134,0.0,1.41,3.6
2014-08-18,16.8,13.3,20.9,14738,0.2,1.5,3.9
2014-08-19,14.9,10.3,21.3,15766,2.2,1.27,2.9
2014-08-20,13.5,8.8,19.5,17231,0.0,1.14,2.6
2014-08-21,13.7,8.4,19.8,18906,0.3,1.13,2.0
2014-08-22,15.7,10.7,21.6,12346,0.0,1.3,2.5
2014-08-23,15.3,10.6,21.0,15682,0.0,1.28,2.4
2014-08-24,13.1,9.1,18.2,18325,0.8,1.15,2.6
2014-08-25,13.5,7.9,19.5,16011,0.3,1.08,1.9
2014-08-26,13.7,10.4,19.3,11206,0.0,1.26,1.9
2014-08-27,14.7,8.0,22.1,20234,0.0,1.12,1.7
2014-08-28,16.8,9.5,24.1,20852,0.0,1.24,1.5
2014-08-29,16.7,11.9,21.9,10601,0.1,1.39,1.9
2014-08-30,17.5,13.6,22.9,10935,1.4,1.54,2.0
2014-08-31,16.1,12.0,20.8,12009,0.0,1.39,1.8
2014-09-01,14.6,12.2,18.4,7777,5.5,1.4,1.9
2014-09-02,15.9,13.8,20.5,12854,0.1,1.54,1.8
2014-09-03,16.5,12.2,22.6,16302,0.0,1.44,2.5
2014-09-04,18.0,11.8,24.6,20124,0.0,1.41,2.3
2014-09-05,19.5,13.7,26.9,18933,0.0,1.61,1.5
2014-09-06,20.1,13.8,28.1,17032,1.5,1.64,1.3
2014-09-07,20.4,15.8,26.8,17094,0.0,1.81,1.3
2014-09-08,18.7,13.1,23.9,15120,0.0,1.52,1.7
2014-09-09,15.8,11.1,20.8,13471,0.0,1.32,2.2
2014-09-10,14.5,11.2,18.3,8029,9.9,1.3,2.2
2014-09-11,14.1,11.1,18.6,10428,0.3,1.3,2.1
2014-09-12,16.2,13.0,18.4,6856,0.2,1.46,2.8
2014-09-13,17.3,15.3,19.1,6771,0.2,1.68,2.2
2014-09-14,16.8,15.4,19.4,6686,3.3,1.7,2.0
2014-09-15,18.8,14.1,26.2,16774,0.0,1.63,1.9
2014-09-16,18.5,14.5,24.7,13826,0.0,1.64,2.1
2014-09-17,18.3,12.8,25.1,16836,0.0,1.52,2.2
2014-09-18,17.7,12.4,24.8,17146,0.0,1.46,1.9
2014-09-19,15.4,12.4,18.8,6731,1.3,1.41,1.6
2014-09-20,16.8,13.9,21.5,7202,3.4,1.56,1.4
2014-09-21,15.5,11.6,18.5,6183,0.5,1.35,2.7
2014-09-22,11.4,9.4,14.6,8025,4.2,1.15,3.7
2014-09-23,10.6,7.1,15.5,14295,0.0,1.0,2.0
2014-09-24,10.9,7.3,15.5,9898,0.0,1.02,2.2
2014-09-25,13.2,9.0,17.0,7722,0.6,1.14,2.9
2014-09-26,14.3,12.3,17.0,5669,1.3,1.38,2.6
2014-09-27,14.0,9.9,18.4,11653,0.0,1.2,1.7
2014-09-28,14.4,8.4,21.3,13258,0.0,1.13,1.5
2014-09-29,17.4,11.0,24.8,11810,0.2,1.36,1.4
2014-09-30,16.8,14.0,20.4,6791,0.0,1.56,1.4
2014-10-01,15.6,12.1,21.0,8560,0.0,1.4,1.2
2014-10-02,16.5,12.0,22.1,8531,0.0,1.4,1.1
2014-10-03,14.1,10.3,19.8,12077,0.0,1.25,1.5
2014-10-04,12.7,8.0,19.6,13493,0.0,1.09,2.2
2014-10-05,12.4,6.8,19.5,12677,0.0,1.01,1.8
2014-10-06,13.6,9.6,19.6,11632,0.0,1.2,2.4
2014-10-07,13.2,9.1,17.7,4851,0.7,1.15,3.3
2014-10-08,14.3,10.4,19.0,7620,4.4,1.25,2.7
2014-10-09,17.3,13.6,21.1,4850,1.5,1.54,2.6
2014-10-10,15.1,12.3,19.1,5390,3.4,1.4,1.9
2014-10-11,14.4,13.4,15.8,4461,8.8,1.48,1.4
2014-10-12,13.7,11.2,17.1,9087,0.1,1.3,1.8
2014-10-13,15.1,11.4,19.3,5810,0.1,1.33,2.0
2014-10-14,15.0,12.7,18.1,6313,1.0,1.44,1.7
2014-10-15,14.1,10.6,18.3,7171,0.0,1.27,1.7
2014-10-16,11.7,9.2,13.5,4089,4.1,1.13,1.9
2014-10-17,13.5,11.7,17.2,6026,0.0,1.33,1.9
2014-10-18,13.8,10.6,17.7,5791,0.0,1.26,2.0
2014-10-19,15.7,10.3,21.5,10610,1.3,1.26,2.8
2014-10-20,13.7,11.6,16.6,5401,2.8,1.33,3.2
2014-10-21,12.2,9.7,15.0,5040,6.5,1.18,3.6
2014-10-22,9.6,8.2,11.4,3669,9.0,1.05,4.7
2014-10-23,11.1,9.2,12.5,3603,0.1,1.12,2.5
2014-10-24,8.2,6.3,9.8,3537,0.0,0.92,2.2
2014-10-25,8.1,4.9,11.0,4257,0.7,0.85,2.0
2014-10-26,10.9,8.1,13.6,3796,0.0,1.06,2.0
2014-10-27,10.6,5.0,15.9,8006,0.0,0.88,2.3
2014-10-28,6.4,2.4,12.1,8961,0.0,0.73,2.2
2014-10-29,5.8,1.8,10.5,8209,0.6,0.69,1.9
2014-10-30,8.4,6.7,10.3,3163,0.0,0.95,1.2
2014-10-31,11.1,8.1,15.6,4868,0.0,1.07,1.6
2014-11-01,13.1,9.6,18.2,7674,0.0,1.18,1.6
2014-11-02,12.0,7.3,17.1,7859,0.2,1.03,2.1
2014-11-03,12.9,9.7,17.1,5163,0.0,1.18,3.3
2014-11-04,10.6,8.0,14.4,3285,0.0,1.04,2.4
2014-11-05,9.9,8.1,11.7,3113,0.1,1.04,1.8
2014-11-06,9.3,7.9,10.6,2944,0.0,1.03,1.7
2014-11-07,7.5,3.8,11.3,6914,0.0,0.79,2.3
2014-11-08,8.3,4.5,12.9,6593,0.0,0.84,2.4
2014-11-09,6.2,2.3,8.8,2952,0.0,0.7,2.0
2014-11-10,8.2,6.7,8.9,2685,0.4,0.94,1.8
2014-11-11,8.1,4.1,11.2,3276,0.0,0.81,2.2
2014-11-12,10.1,8.8,12.2,2486,0.0,1.1,1.9
2014-11-13,10.4,9.7,11.1,2441,0.2,1.16,1.2
2014-11-14,9.9,7.9,12.2,3016,0.0,1.03,2.6
2014-11-15,9.8,8.6,11.5,2357,0.0,1.08,2.7
2014-11-16,9.0,6.2,10.8,2316,0.1,0.92,2.7
2014-11-17,7.6,4.0,11.8,5606,0.8,0.8,2.0
2014-11-18,6.8,4.6,8.2,2239,2.2,0.82,2.7
2014-11-19,4.2,3.7,4.6,2202,1.1,0.76,1.8
2014-11-20,5.0,3.9,6.1,2166,0.0,0.78,1.3
2014-11-21,5.9,4.6,7.3,2131,0.0,0.81,1.5
2014-11-22,5.3,2.6,7.2,2710,0.0,0.71,2.2
2014-11-23,5.0,1.8,9.0,4535,0.0,0.68,2.4
2014-11-24,5.7,2.9,9.1,2403,3.2,0.73,2.3
2014-11-25,3.8,2.3,4.4,2004,0.2,0.69,1.9
2014-11-26,3.9,2.2,5.1,1976,0.0,0.69,2.8
2014-11-27,2.1,-0.4,4.4,4459,0.0,0.57,3.0
2014-11-28,1.1,-0.1,2.3,1922,0.0,0.58,3.7
2014-11-29,-0.6,-1.6,0.0,1897,0.0,0.52,3.3
2014-11-30,-1.1,-2.0,-0.2,1873,0.0,0.51,3.0
2014-12-01,-2.4,-2.8,-1.5,1850,0.0,0.48,3.5
2014-12-02,-2.5,-2.9,-1.9,1828,0.0,0.47,2.2
2014-12-03,-0.9,-2.4,0.3,1808,0.0,0.49,2.0
2014-12-04,2.1,0.3,4.7,1788,0.0,0.61,1.9
2014-12-05,2.6,2.0,3.5,1770,0.2,0.68,1.5
2014-12-06,3.5,1.1,5.3,3760,0.0,0.64,1.6
2014-12-07,2.7,0.3,5.1,2693,2.9,0.61,2.6
2014-12-08,3.0,-0.9,5.7,3830,0.0,0.56,2.7
2014-12-09,0.2,-1.7,4.2,4012,0.0,0.53,2.0
2014-12-10,1.4,-1.3,3.4,1697,1.3,0.54,4.0
2014-12-11,3.2,1.5,6.0,1726,3.5,0.66,4.6
2014-12-12,6.5,1.9,10.2,1675,3.2,0.69,5.1
2014-12-13,5.1,3.2,7.5,1788,0.0,0.74,2.7
2014-12-14,3.3,1.9,4.7,1860,0.0,0.68,2.1
2014-12-15,3.9,0.3,6.2,2416,0.5,0.61,2.9
2014-12-16,4.0,2.0,6.0,1646,0.3,0.68,2.5
2014-12-17,2.4,-0.1,6.4,1802,1.8,0.6,3.2
2014-12-18,8.9,6.4,11.8,1639,3.3,0.94,3.9
2014-12-19,9.9,4.1,12.1,1637,3.0,0.81,5.1
2014-12-20,5.1,0.9,7.4,1636,8.8,0.64,5.5
2014-12-21,5.5,3.9,7.0,1796,1.4,0.78,4.5
2014-12-22,9.5,6.5,11.7,1637,4.9,0.94,5.9
2014-12-23,10.6,9.6,11.4,1640,0.5,1.14,4.9
2014-12-24,8.1,3.5,11.1,1643,4.0,0.77,4.8
2014-12-25,4.1,1.8,6.2,1768,2.6,0.67,4.2
2014-12-26,-0.6,-4.4,2.0,1775,2.1,0.43,2.0
2014-12-27,-4.5,-6.5,-2.3,3396,0.0,0.36,3.3
2014-12-28,-5.3,-8.8,-2.4,2033,6.6,0.31,2.8
2014-12-29,-3.2,-4.8,-1.0,2857,0.1,0.41,2.6
2014-12-30,-1.3,-3.2,1.1,1689,1.1,0.47,2.3
2014-12-31,2.4,0.9,4.4,1700,1.3,0.63,2.2
2015-01-01,2.9,1.0,5.0,4021,0.2,0.63,2.9
2015-01-02,5.1,2.2,7.9,2017,1.4,0.69,5.0
2015-01-03,4.4,2.9,5.7,1742,0.1,0.73,4.1
2015-01-04,3.6,1.1,5.5,2513,0.5,0.64,3.8
2015-01-05,3.3,1.7,3.8,1776,1.4,0.66,2.8
2015-01-06,1.7,-0.3,3.1,1794,0.0,0.58,1.9
2015-01-07,2.1,-0.8,5.6,1900,0.4,0.56,2.6
2015-01-08,3.7,0.2,6.8,1835,8.7,0.61,4.1
2015-01-09,6.4,4.3,9.2,1857,12.8,0.81,6.2
2015-01-10,8.9,4.4,13.0,1880,3.2,0.83,7.0
2015-01-11,3.3,0.6,5.1,1949,5.3,0.61,5.8
2015-01-12,5.6,3.3,7.8,1930,2.3,0.75,5.4
2015-01-13,9.7,7.1,12.2,3263,3.1,0.98,4.3
2015-01-14,5.8,3.1,7.4,3395,0.2,0.74,4.1
2015-01-15,5.2,0.5,9.8,2014,1.1,0.64,4.2
2015-01-16,7.4,4.8,9.7,2323,3.4,0.84,2.8
2015-01-17,3.1,-0.9,5.2,2498,0.0,0.56,2.1
2015-01-18,0.3,-2.2,3.4,4855,0.0,0.51,2.1
2015-01-19,-0.6,-3.5,0.9,2287,0.0,0.46,1.4
2015-01-20,0.8,0.3,1.6,2179,2.2,0.6,1.2
2015-01-21,0.4,-1.3,1.6,2264,0.0,0.53,1.8
2015-01-22,0.1,-1.5,1.0,2253,0.2,0.52,2.1
2015-01-23,0.3,-0.4,1.0,2291,0.0,0.57,1.9
2015-01-24,0.0,-1.2,1.0,2483,0.2,0.54,2.4
2015-01-25,0.9,-0.2,1.5,2373,0.0,0.58,2.2
2015-01-26,2.4,0.9,4.6,2519,6.9,0.63,2.9
2015-01-27,3.0,-0.4,4.4,2459,0.8,0.57,3.3
2015-01-28,3.4,0.7,5.6,3193,3.6,0.62,4.2
2015-01-29,1.9,0.2,4.0,4159,3.9,0.6,4.1
2015-01-30,0.8,0.2,1.7,2597,4.8,0.6,2.7
2015-01-31,0.4,-0.7,1.7,3854,1.3,0.56,2.4
2015-02-01,0.4,-1.5,4.4,5031,0.0,0.53,2.4
2015-02-02,0.6,-1.7,2.5,2914,0.5,0.52,2.9
2015-02-03,0.0,-1.9,1.6,2797,4.1,0.51,2.0
2015-02-04,-1.1,-2.3,0.1,2850,0.0,0.5,1.8
2015-02-05,-1.2,-4.1,3.5,6878,0.0,0.44,2.6
2015-02-06,-3.6,-6.7,0.0,4793,0.0,0.36,3.1
2015-02-07,-1.3,-7.0,3.7,3076,0.0,0.37,3.0
2015-02-08,1.4,-1.3,3.8,6893,1.8,0.54,4.1
2015-02-09,3.8,0.0,5.6,3132,0.8,0.59,3.8
2015-02-10,4.8,3.8,5.6,3192,0.0,0.77,2.4
2015-02-11,4.7,2.3,5.9,3252,0.0,0.69,1.7
2015-02-12,1.0,-2.5,2.8,3696,0.0,0.5,1.7
2015-02-13,1.0,-1.8,6.0,6600,0.0,0.53,2.2
2015-02-14,0.4,-3.6,7.0,9182,0.0,0.48,2.2
2015-02-15,2.1,-2.3,8.0,8921,0.0,0.52,2.7
2015-02-16,0.6,-1.8,4.0,6044,0.0,0.52,2.5
2015-02-17,0.7,-3.2,5.4,7629,0.0,0.48,1.7
2015-02-18,2.9,-0.3,6.8,7881,0.0,0.59,2.1
2015-02-19,2.0,-1.6,8.2,9800,0.0,0.55,2.7
2015-02-20,3.2,-3.4,9.7,7278,0.0,0.5,3.2
2015-02-21,5.5,0.2,11.0,6680,0.1,0.63,3.0
2015-02-22,1.9,-0.9,5.5,4202,0.0,0.56,2.1
2015-02-23,1.8,-0.7,4.3,4060,4.0,0.56,3.3
2015-02-24,3.1,-0.3,7.9,7580,0.0,0.59,3.2
2015-02-25,3.4,-1.0,8.5,8584,0.0,0.57,2.0
2015-02-26,3.3,-2.5,10.0,11708,0.0,0.53,2.1
2015-02-27,3.8,-1.7,11.0,11335,0.9,0.56,2.1
2015-02-28,3.6,0.1,8.0,10798,0.0,0.61,2.4
2015-03-01,3.9,0.5,8.1,5131,2.7,0.63,3.8
2015-03-02,4.9,1.0,7.8,7409,1.8,0.64,4.7
2015-03-03,4.4,1.4,8.6,8863,1.4,0.66,4.1
2015-03-04,3.3,0.8,6.6,7466,1.3,0.63,3.6
2015-03-05,3.8,1.4,8.0,6281,0.1,0.66,2.7
2015-03-06,4.6,0.8,8.3,4906,0.0,0.64,2.1
2015-03-07,7.8,2.6,13.0,11091,0.0,0.75,2.5
2015-03-08,11.1,5.1,18.2,12150,0.0,0.91,2.3
2015-03-09,9.0,4.5,13.4,9946,0.0,0.83,1.6
2015-03-10,6.3,2.2,12.1,8206,0.6,0.72,2.1
2015-03-11,4.5,1.2,7.9,5402,0.3,0.65,2.4
2015-03-12,2.6,-0.2,5.0,5400,0.0,0.58,2.0
2015-03-13,2.2,-2.2,6.2,6095,0.3,0.51,2.7
2015-03-14,4.2,2.5,6.5,5567,1.2,0.71,2.7
2015-03-15,5.8,4.0,8.0,5652,0.1,0.78,3.2
2015-03-16,8.6,4.0,13.4,11661,0.0,0.81,3.3
2015-03-17,10.4,5.1,18.4,13247,0.0,0.91,2.6
2015-03-18,8.3,3.6,15.4,16227,0.0,0.81,2.0
2015-03-19,6.9,1.0,13.6,16400,0.0,0.68,1.6
2015-03-20,7.1,0.4,14.2,15458,0.0,0.66,1.5
2015-03-21,2.9,0.1,5.6,6164,3.0,0.6,2.6
2015-03-22,1.3,-1.8,5.9,17293,0.0,0.53,2.8
2015-03-23,4.9,-2.0,12.6,15945,0.0,0.56,1.8
2015-03-24,7.9,2.2,14.5,10257,0.0,0.73,1.4
2015-03-25,9.7,2.5,17.1,16169,0.0,0.78,2.4
2015-03-26,7.4,5.7,9.4,6594,0.9,0.88,2.5
2015-03-27,7.1,4.7,12.5,8641,1.1,0.84,3.1
2015-03-28,7.0,5.2,10.5,8643,0.4,0.86,2.8
2015-03-29,9.5,6.1,13.1,6853,4.7,0.92,5.0
2015-03-30,6.1,2.9,9.3,8741,7.2,0.74,5.8
2015-03-31,5.8,0.7,12.0,9242,3.0,0.65,7.0
2015-04-01,4.5,1.4,8.3,11270,2.0,0.66,5.7
2015-04-02,3.4,0.7,9.0,11281,0.6,0.64,4.5
2015-04-03,4.3,0.8,10.4,10467,0.2,0.65,2.6
2015-04-04,4.2,-1.7,11.0,17398,0.0,0.56,2.1
2015-04-05,4.6,-1.7,11.6,17440,0.0,0.56,2.1
2015-04-06,5.6,1.1,10.6,16013,0.0,0.66,2.1
2015-04-07,7.0,-0.8,13.6,15936,0.0,0.61,2.3
2015-04-08,8.4,6.3,10.6,7701,0.0,0.93,2.1
2015-04-09,10.7,5.2,17.6,15877,0.0,0.91,1.5
2015-04-10,13.6,5.5,21.0,19429,0.0,0.97,1.4
2015-04-11,14.6,6.9,23.1,17205,2.1,1.07,3.4
2015-04-12,10.1,5.1,16.2,17442,0.0,0.9,2.9
2015-04-13,9.5,3.8,12.9,14309,0.0,0.8,3.8
2015-04-14,10.0,1.0,15.7,15294,0.0,0.7,2.8
2015-04-15,16.2,9.5,23.8,19470,0.0,1.24,3.1
2015-04-16,10.6,4.4,15.9,19602,0.0,0.85,2.6
2015-04-17,7.2,3.1,12.5,13637,0.1,0.76,2.7
2015-04-18,6.7,0.6,13.1,18635,0.0,0.65,2.3
2015-04-19,9.6,2.2,16.6,21327,0.0,0.76,1.9
2015-04-20,11.6,3.7,20.5,23253,0.0,0.87,2.3
2015-04-21,13.6,4.4,22.3,24177,0.0,0.92,2.8
2015-04-22,9.0,5.3,15.3,14696,0.0,0.89,2.4
2015-04-23,11.7,3.4,19.9,24447,0.0,0.84,1.9
2015-04-24,14.0,5.7,21.9,23210,0.0,0.97,1.8
2015-04-25,15.8,9.1,23.8,17271,0.9,1.21,2.3
2015-04-26,13.4,9.9,18.9,14616,4.3,1.21,2.0
2015-04-27,10.0,7.2,13.0,9177,0.9,0.99,2.5
2015-04-28,7.9,4.1,11.8,11790,1.1,0.8,2.7
2015-04-29,8.9,1.4,15.3,22649,0.0,0.71,2.2
2015-04-30,9.9,4.7,17.8,14037,6.8,0.88,2.5
2015-05-01,9.6,4.8,15.5,21116,0.0,0.87,1.9
2015-05-02,9.6,3.2,16.3,21099,0.0,0.8,1.6
2015-05-03,13.5,4.4,21.2,20962,4.6,0.91,2.6
2015-05-04,17.1,12.5,23.1,21409,0.2,1.45,2.6
2015-05-05,18.1,12.6,24.6,12188,0.5,1.48,3.4
2015-05-06,15.7,9.8,21.8,18994,0.0,1.24,2.9
2015-05-07,12.4,8.3,17.9,21092,0.5,1.1,3.0
2015-05-08,14.0,6.8,20.5,15477,0.0,1.02,1.6
2015-05-09,15.7,11.1,22.4,16382,1.0,1.33,3.0
2015-05-10,11.3,6.9,15.4,14784,0.0,0.99,3.0
2015-05-11,14.5,5.3,22.5,23933,0.0,0.98,2.2
2015-05-12,18.2,9.0,27.9,18627,5.1,1.28,2.9
2015-05-13,13.1,7.0,19.3,21337,0.0,1.02,2.7
2015-05-14,9.8,5.7,13.0,13238,0.0,0.91,2.1
2015-05-15,11.2,4.6,17.6,25334,0.0,0.87,2.0
2015-05-16,10.9,5.0,17.0,18777,1.3,0.9,2.6
2015-05-17,10.8,6.5,16.6,18840,0.0,0.97,2.9
2015-05-18,14.8,6.9,22.8,18659,0.0,1.06,2.3
2015-05-19,15.2,8.9,20.3,18597,0.0,1.16,3.0
2015-05-20,13.0,7.6,17.6,12105,0.0,1.05,2.0
2015-05-21,11.8,5.9,18.1,21502,0.0,0.95,1.9
2015-05-22,14.2,5.6,21.0,21437,0.0,0.97,1.6
2015-05-23,15.7,8.1,21.7,13701,0.0,1.12,2.0
2015-05-24,14.2,5.5,21.9,28003,0.0,0.97,1.4
2015-05-25,16.8,11.8,23.8,21228,0.0,1.41,1.9
2015-05-26,12.6,7.7,17.0,18346,0.1,1.05,2.6
2015-05-27,10.7,6.6,15.0,12523,0.0,0.96,2.3
2015-05-28,13.3,5.5,21.5,16963,0.2,0.97,2.8
2015-05-29,15.2,9.9,20.3,20062,1.4,1.22,2.3
2015-05-30,12.3,6.5,18.7,21327,0.8,0.98,3.3
2015-05-31,15.2,4.4,23.0,24430,0.1,0.93,2.8
2015-06-01,13.5,9.6,18.1,11832,3.6,1.18,2.5
2015-06-02,18.0,10.3,25.3,22786,0.0,1.32,3.8
2015-06-03,18.6,10.4,23.0,22942,0.0,1.3,3.5
2015-06-04,15.9,8.5,23.5,29979,0.0,1.16,1.7
2015-06-05,21.0,10.5,30.6,30380,0.0,1.42,2.2
2015-06-06,23.5,15.7,32.3,24999,0.0,1.89,2.5
2015-06-07,18.4,14.0,24.5,22441,0.0,1.61,2.3
2015-06-08,16.0,10.7,22.5,23695,0.0,1.3,2.7
2015-06-09,15.2,8.2,22.0,21746,0.0,1.14,2.6
2015-06-10,16.8,11.6,23.0,20041,0.0,1.38,2.2
2015-06-11,18.4,9.6,25.8,26341,0.0,1.26,1.9
2015-06-12,21.0,15.1,28.0,25249,0.0,1.76,1.6
2015-06-13,21.3,15.4,30.8,20456,24.4,1.83,2.1
2015-06-14,17.3,14.7,21.0,20468,0.0,1.64,2.2
2015-06-15,15.1,9.7,20.6,25285,0.0,1.22,2.5
2015-06-16,12.2,8.2,16.1,16910,0.0,1.08,2.2
2015-06-17,15.2,7.2,22.6,26532,2.8,1.07,2.1
2015-06-18,15.5,12.1,21.2,13715,0.0,1.39,2.9
2015-06-19,13.6,11.0,19.1,14334,0.5,1.3,2.9
2015-06-20,12.2,10.5,16.9,14088,11.1,1.25,2.5
2015-06-21,14.5,10.2,19.3,17292,0.0,1.24,2.0
2015-06-22,14.5,11.2,19.0,13099,9.9,1.31,2.4
2015-06-23,11.6,10.1,14.6,11493,13.6,1.2,3.0
2015-06-24,12.6,10.0,16.4,12967,0.0,1.21,2.5
2015-06-25,17.3,10.4,23.6,19612,0.0,1.29,1.6
2015-06-26,18.3,14.1,23.3,14922,0.8,1.61,1.4
2015-06-27,18.4,15.3,23.7,12572,1.5,1.73,2.3
2015-06-28,17.6,12.6,23.4,22038,0.2,1.47,1.8
2015-06-29,20.9,14.5,27.8,21037,0.0,1.7,1.7
2015-06-30,21.0,15.8,26.4,26800,0.0,1.81,1.7
2015-07-01,21.2,13.7,28.4,30589,0.0,1.63,2.1
2015-07-02,23.8,15.7,31.5,30563,0.0,1.89,2.5
2015-07-03,26.3,17.5,34.4,28201,0.0,2.12,1.7
2015-07-04,28.9,20.4,38.1,24490,3.3,2.58,1.8
2015-07-05,27.1,19.8,36.0,23234,10.8,2.43,2.0
2015-07-06,21.1,16.3,25.7,22345,0.0,1.86,2.7
2015-07-07,23.4,14.8,33.0,27583,4.6,1.81,2.0
2015-07-08,19.3,15.9,23.4,17014,3.3,1.78,4.0
2015-07-09,15.1,11.8,18.5,18207,0.1,1.35,4.0
2015-07-10,14.9,10.7,20.1,20496,0.0,1.29,2.7
2015-07-11,17.4,9.7,24.2,24001,0.0,1.27,1.7
2015-07-12,18.3,14.5,24.9,14314,5.0,1.66,2.3
2015-07-13,17.0,14.7,20.4,11839,2.2,1.63,2.4
2015-07-14,17.5,15.1,22.2,11804,8.9,1.69,2.4
2015-07-15,18.8,14.0,24.5,25766,0.0,1.61,1.8
2015-07-16,21.3,16.6,27.6,21336,0.0,1.9,1.6
2015-07-17,24.4,16.0,32.8,23593,0.0,1.94,2.2
2015-07-18,23.2,17.5,27.8,22325,0.0,2.01,2.4
2015-07-19,18.0,14.9,21.8,13061,16.5,1.66,2.3
2015-07-20,19.6,14.3,25.4,27175,0.4,1.66,2.2
2015-07-21,22.5,17.0,28.0,19132,0.1,1.94,2.5
2015-07-22,24.1,18.6,30.2,17627,5.4,2.16,1.9
2015-07-23,19.7,14.5,23.9,18655,0.0,1.64,2.0
2015-07-24,20.8,14.7,26.9,22205,3.1,1.7,1.9
2015-07-25,20.6,12.8,27.2,17813,1.1,1.55,4.4
2015-07-26,16.6,13.1,21.7,19790,0.2,1.5,3.0
2015-07-27,16.4,12.4,22.7,12538,3.9,1.45,3.3
2015-07-28,16.9,14.0,20.5,13797,0.0,1.56,4.0
2015-07-29,16.1,12.4,21.9,20775,0.1,1.44,3.5
2015-07-30,15.7,11.8,20.3,15937,0.5,1.37,3.5
2015-07-31,14.9,10.7,20.1,18365,0.0,1.29,2.2
2015-08-01,18.6,9.9,27.2,24219,0.0,1.33,1.7
2015-08-02,22.6,15.0,30.4,25786,0.0,1.78,1.5
2015-08-03,24.0,13.9,32.7,26753,0.0,1.73,1.8
2015-08-04,26.0,18.3,35.7,23356,3.7,2.26,2.4
2015-08-05,20.8,16.3,26.7,22205,0.0,1.85,1.7
2015-08-06,25.4,16.0,35.0,25158,0.0,1.97,1.7
2015-08-07,28.0,21.1,38.0,17574,0.0,2.65,1.7
2015-08-08,24.7,19.1,33.7,20636,0.1,2.31,2.4
2015-08-09,22.7,16.5,29.9,24259,0.0,1.92,2.2
2015-08-10,25.5,17.0,33.9,22528,0.0,2.06,1.9
2015-08-11,26.0,19.3,33.5,24155,0.0,2.3,2.0
2015-08-12,23.0,17.6,29.9,18973,0.0,2.06,2.0
2015-08-13,24.1,18.3,30.8,21629,0.0,2.13,2.7
2015-08-14,27.1,20.1,35.0,22892,0.0,2.43,2.6
2015-08-15,23.5,19.9,30.9,17071,0.8,2.34,1.9
2015-08-16,22.5,18.3,32.0,17768,41.5,2.16,2.1
2015-08-17,22.3,18.8,28.5,13247,0.6,2.15,2.4
2015-08-18,17.3,16.0,20.1,8870,1.5,1.75,2.0
2015-08-19,16.7,14.8,20.3,10932,0.0,1.65,1.5
2015-08-20,19.2,13.9,25.8,22158,0.0,1.62,1.3
2015-08-21,20.0,13.4,27.8,22029,0.0,1.61,1.4
2015-08-22,20.4,14.2,27.8,22897,0.0,1.66,1.9
2015-08-23,19.6,14.2,25.9,19110,1.6,1.64,2.7
2015-08-24,20.7,14.8,27.8,15793,9.6,1.73,2.8
2015-08-25,17.6,13.9,22.1,11407,0.1,1.57,3.4
2015-08-26,19.9,13.6,26.5,20261,0.0,1.61,2.6
2015-08-27,20.8,16.5,28.0,12959,12.3,1.9,2.4
2015-08-28,16.3,13.1,20.4,12748,0.0,1.48,1.9
2015-08-29,18.1,12.1,24.4,19526,0.0,1.45,1.3
2015-08-30,22.6,15.1,30.7,18638,0.0,1.81,1.5
2015-08-31,26.4,18.8,34.9,20204,0.0,2.29,1.8
2015-09-01,21.5,14.9,28.5,17622,4.0,1.76,2.6
2015-09-02,15.9,12.4,20.6,17801,0.0,1.43,2.2
2015-09-03,14.5,10.1,19.4,9602,1.2,1.24,1.6
2015-09-04,14.5,10.0,20.2,17730,0.7,1.24,2.4
2015-09-05,13.8,10.5,19.4,11172,1.6,1.27,3.7
2015-09-06,12.4,10.3,17.0,8597,11.8,1.23,4.1
2015-09-07,12.6,8.0,18.1,15458,0.0,1.07,2.5
2015-09-08,13.4,7.2,20.1,17050,0.0,1.04,1.8
2015-09-09,12.7,7.1,19.1,13874,0.0,1.03,1.9
2015-09-10,13.2,8.1,20.3,12643,1.5,1.11,2.3
2015-09-11,13.7,10.5,17.7,8535,0.4,1.25,2.1
2015-09-12,16.0,11.8,23.1,12794,0.1,1.41,2.1
2015-09-13,18.4,14.1,24.5,11882,0.0,1.62,2.0
2015-09-14,16.7,12.4,20.6,10492,4.8,1.43,2.6
2015-09-15,15.0,10.6,19.8,12899,0.1,1.27,3.0
2015-09-16,16.6,10.8,24.1,9209,1.8,1.33,2.6
2015-09-17,18.0,12.9,24.5,8436,2.9,1.51,3.4
2015-09-18,15.0,10.1,20.3,13830,0.0,1.25,2.3
2015-09-19,14.5,10.0,21.0,11995,0.5,1.24,1.7
2015-09-20,12.4,9.7,17.5,8601,1.3,1.19,2.3
2015-09-21,12.5,9.0,17.4,8034,0.0,1.14,1.7
2015-09-22,14.0,9.6,18.9,6006,0.3,1.2,2.2
2015-09-23,12.7,9.7,17.4,7014,0.0,1.18,2.0
2015-09-24,13.0,7.8,19.5,13418,0.0,1.08,2.2
2015-09-25,13.4,8.3,20.1,11927,0.0,1.12,1.6
2015-09-26,12.4,7.7,18.5,12588,0.0,1.07,1.7
2015-09-27,11.2,6.5,17.9,13147,0.0,0.98,2.0
2015-09-28,11.4,5.7,19.5,13955,0.0,0.95,1.9
2015-09-29,11.1,5.6,18.5,12846,0.0,0.94,2.5
2015-09-30,11.1,6.7,17.8,12866,0.0,1.0,2.4
2015-10-01,10.8,5.4,17.8,14494,0.0,0.92,2.1
2015-10-02,11.5,4.9,19.5,13233,0.0,0.91,1.8
2015-10-03,13.8,6.5,21.2,13740,0.0,1.01,1.5
2015-10-04,14.4,10.3,19.5,10693,0.0,1.25,1.6
2015-10-05,13.0,7.8,19.6,12677,0.0,1.09,1.8
2015-10-06,13.7,9.5,17.8,5093,0.0,1.18,2.7
2015-10-07,12.6,8.8,14.2,4772,16.6,1.1,2.5
2015-10-08,7.7,6.5,9.3,4693,7.6,0.93,1.7
2015-10-09,8.4,5.6,11.3,4615,0.4,0.89,1.6
2015-10-10,6.3,2.7,11.8,12285,0.0,0.74,2.5
2015-10-11,4.5,0.7,10.2,12357,0.0,0.64,2.9
2015-10-12,3.8,-1.1,9.4,11817,0.0,0.57,2.3
2015-10-13,4.2,3.3,5.3,4310,0.0,0.74,2.0
2015-10-14,5.1,3.0,7.1,4236,9.5,0.73,2.0
2015-10-15,6.6,5.3,7.3,4162,9.5,0.86,2.3
2015-10-16,7.6,6.8,8.6,4089,12.5,0.95,1.6
2015-10-17,7.8,6.6,9.3,4017,0.0,0.94,1.2
2015-10-18,8.0,5.4,12.0,5294,3.0,0.87,1.2
2015-10-19,7.8,6.4,8.9,3875,1.6,0.92,1.2
2015-10-20,9.2,7.8,10.8,3806,3.0,1.02,1.3
2015-10-21,9.0,6.5,11.9,3874,0.0,0.94,1.7
2015-10-22,9.0,6.1,11.3,3669,0.9,0.91,2.7
2015-10-23,10.4,6.1,14.6,8156,0.0,0.94,2.1
2015-10-24,8.4,3.9,14.2,9162,0.0,0.81,1.8
2015-10-25,9.3,6.9,13.3,3864,0.0,0.97,1.7
2015-10-26,7.2,4.0,12.8,8772,0.0,0.81,1.8
2015-10-27,7.1,3.0,12.5,8453,0.0,0.76,2.0
2015-10-28,7.1,4.2,12.0,8015,0.0,0.81,2.1
2015-10-29,5.2,2.2,9.0,5030,0.0,0.7,1.3
2015-10-30,6.9,4.1,9.3,3224,0.0,0.8,1.7
2015-10-31,9.8,6.1,15.9,7788,0.0,0.95,2.3
2015-11-01,9.6,5.3,14.8,8035,0.0,0.89,1.5
2015-11-02,7.6,3.2,14.4,7977,0.0,0.78,1.3
2015-11-03,4.0,-0.2,10.5,7920,0.0,0.61,1.3
2015-11-04,3.3,-0.8,6.8,3575,0.1,0.57,1.5
2015-11-05,9.4,5.6,15.2,4830,0.3,0.91,1.4
2015-11-06,11.9,8.1,15.2,2944,1.4,1.07,2.1
2015-11-07,15.1,12.2,17.6,2779,0.2,1.39,2.8
2015-11-08,13.3,8.8,17.3,6207,0.5,1.12,2.7
2015-11-09,13.8,10.1,17.3,3279,0.1,1.22,4.2
2015-11-10,14.3,12.7,15.4,2577,0.4,1.42,4.5
2015-11-11,13.4,10.8,14.8,2531,0.9,1.25,3.2
2015-11-12,11.6,8.5,14.8,3012,0.0,1.09,2.6
2015-11-13,11.4,6.3,14.0,2910,2.1,0.94,3.4
2015-11-14,7.3,5.3,9.3,3324,4.7,0.87,4.5
2015-11-15,9.8,6.0,13.1,2357,23.0,0.92,4.5
2015-11-16,11.0,9.1,12.4,2316,2.2,1.12,3.5
2015-11-17,11.6,9.1,13.5,2277,4.4,1.12,4.0
2015-11-18,11.6,9.6,13.2,2730,0.8,1.15,5.9
2015-11-19,11.0,7.5,13.5,4097,0.9,1.01,5.6
2015-11-20,7.2,3.9,9.4,2743,0.4,0.78,3.3
2015-11-21,4.5,1.6,6.4,2417,3.1,0.67,2.6
2015-11-22,1.4,-0.6,3.5,2804,0.4,0.57,3.1
2015-11-23,0.3,-1.9,2.6,2159,0.3,0.51,2.3
2015-11-24,0.8,-1.8,3.2,3511,0.0,0.52,3.3
2015-11-25,2.9,1.2,3.9,2004,0.1,0.64,2.5
2015-11-26,3.9,1.0,6.0,1976,0.1,0.64,1.7
2015-11-27,1.8,-0.4,5.4,3338,0.0,0.58,2.2
2015-11-28,0.7,-1.8,3.6,2233,4.3,0.52,3.8
2015-11-29,5.5,1.0,9.2,1897,6.4,0.66,5.7
2015-11-30,6.1,2.9,9.2,3227,13.2,0.74,5.7
2015-12-01,5.7,3.3,9.5,2283,3.3,0.76,4.1
2015-12-02,9.2,5.2,11.0,1828,0.0,0.87,2.8
2015-12-03,7.9,4.3,11.1,3600,0.0,0.82,2.3
2015-12-04,6.7,4.7,9.2,1788,0.6,0.83,3.5
2015-12-05,6.3,4.0,8.3,2359,0.0,0.79,3.9
2015-12-06,8.4,5.8,10.5,3384,0.0,0.9,4.3
2015-12-07,10.4,8.4,12.2,1737,0.0,1.06,1.8
2015-12-08,8.3,4.1,11.3,3872,0.1,0.81,2.0
2015-12-09,6.1,2.4,9.1,1709,0.8,0.72,2.6
2015-12-10,2.6,0.2,5.7,4316,0.0,0.61,3.0
2015-12-11,4.2,1.6,6.9,1685,0.8,0.66,3.7
2015-12-12,5.0,3.6,7.2,3096,6.8,0.77,3.4
2015-12-13,4.8,0.6,10.4,1666,0.3,0.65,3.2
2015-12-14,1.2,-1.3,2.8,2626,0.0,0.53,1.6
2015-12-15,5.3,2.8,6.6,1652,0.0,0.72,1.6
2015-12-16,6.0,4.6,7.8,2689,0.9,0.82,2.4
2015-12-17,10.6,7.9,12.4,1642,1.3,1.03,2.7
2015-12-18,10.9,8.3,12.1,1639,1.8,1.05,2.6
2015-12-19,8.8,6.6,11.7,2995,0.0,0.95,2.4
2015-12-20,9.5,6.7,12.2,2435,1.0,0.96,2.6
2015-12-21,9.6,8.3,10.8,2315,2.2,1.05,4.0
2015-12-22,11.3,8.1,13.2,1637,0.0,1.05,4.4
2015-12-23,10.9,5.7,13.3,2440,0.0,0.9,3.9
2015-12-24,7.2,3.8,10.8,4008,1.1,0.79,2.9
2015-12-25,8.8,6.7,11.0,2893,0.3,0.95,3.2
2015-12-26,12.6,9.3,14.8,2097,0.0,1.14,4.0
2015-12-27,10.5,8.5,12.3,2589,0.0,1.07,3.1
2015-12-28,7.1,2.9,12.1,3977,0.0,0.75,2.1
2015-12-29,3.8,1.3,6.0,2979,0.0,0.65,2.7
2015-12-30,0.6,-2.3,2.6,3321,0.0,0.5,3.1
2015-12-31,0.0,-3.2,2.8,3792,1.4,0.47,2.9
2016-01-01,1.0,0.1,2.3,1713,0.0,0.59,1.6
2016-01-02,-2.7,-7.3,1.7,1727,0.0,0.35,3.6
2016-01-03,-9.3,-11.2,-7.1,3076,0.0,0.25,3.8
2016-01-04,-8.8,-11.3,-6.1,1758,0.0,0.25,3.3
2016-01-05,-7.7,-8.8,-6.5,1776,2.8,0.3,2.8
2016-01-06,-7.3,-8.8,-6.2,1794,1.3,0.3,2.3
2016-01-07,-5.4,-7.4,-1.8,1814,3.7,0.34,3.1
2016-01-08,2.5,-1.9,5.5,2611,0.0,0.52,3.6
2016-01-09,0.1,-2.6,4.2,4858,0.0,0.49,1.9
2016-01-10,0.6,-3.1,3.4,2275,4.1,0.47,2.8
2016-01-11,2.4,1.5,3.3,2568,4.9,0.65,2.4
2016-01-12,2.7,1.7,4.7,1930,4.1,0.66,3.4
2016-01-13,2.0,0.2,4.1,1957,2.5,0.6,3.9
2016-01-14,1.2,-0.8,4.3,4304,0.5,0.56,2.6
2016-01-15,-0.1,-1.1,1.6,2014,0.1,0.54,3.0
2016-01-16,-0.6,-1.3,0.2,2045,1.5,0.53,2.2
2016-01-17,-1.5,-2.8,-0.4,2077,0.2,0.48,2.2
2016-01-18,-4.7,-8.0,-1.2,5423,0.0,0.33,1.6
2016-01-19,-6.2,-10.0,-2.1,4918,0.2,0.28,2.0
2016-01-20,-1.9,-4.8,0.6,2179,0.8,0.42,1.9
2016-01-21,-4.2,-8.1,-1.9,2948,0.0,0.32,1.5
2016-01-22,-7.4,-11.8,-2.7,6109,0.2,0.25,2.0
2016-01-23,-1.0,-7.8,3.5,2291,3.5,0.35,2.6
2016-01-24,3.1,1.9,4.6,2331,2.9,0.67,2.2
2016-01-25,7.5,3.9,9.4,2373,0.4,0.78,2.4
2016-01-26,8.2,4.6,11.2,3606,1.1,0.83,3.3
2016-01-27,9.8,7.3,11.8,2511,0.1,0.99,4.5
2016-01-28,7.0,1.4,11.4,5366,0.7,0.68,3.7
2016-01-29,5.2,0.2,8.7,3086,0.0,0.62,4.3
2016-01-30,7.2,2.9,9.3,2597,4.8,0.74,5.1
2016-01-31,3.8,1.7,6.6,4679,0.3,0.67,4.1
2016-02-01,7.4,3.5,11.7,2695,3.4,0.78,4.9
2016-02-02,8.8,4.8,11.8,4829,1.6,0.84,5.7
2016-02-03,5.0,3.2,7.2,4850,0.0,0.74,4.4
2016-02-04,3.1,1.5,4.3,2850,2.7,0.66,3.8
2016-02-05,3.5,0.5,6.2,2904,1.2,0.62,2.6
2016-02-06,7.5,4.8,11.2,4616,0.0,0.84,2.9
2016-02-07,6.9,4.2,9.9,4873,0.4,0.81,3.5
2016-02-08,7.5,5.2,11.3,3134,0.8,0.87,5.5
2016-02-09,8.0,5.6,9.9,4298,3.0,0.88,5.1
2016-02-10,4.6,2.7,7.9,5553,1.0,0.72,4.2
2016-02-11,4.2,0.2,6.9,4133,0.5,0.61,3.3
2016-02-12,2.3,-0.6,7.1,6562,0.0,0.57,1.8
2016-02-13,1.3,-2.2,7.0,8727,0.4,0.52,2.3
2016-02-14,2.9,0.9,4.3,3441,0.1,0.63,3.1
2016-02-15,3.0,1.0,4.0,3506,0.2,0.63,2.7
2016-02-16,0.2,-2.2,1.6,3572,0.0,0.5,2.1
2016-02-17,-0.2,-3.9,3.4,7088,1.3,0.45,2.4
2016-02-18,2.0,-1.3,5.9,4733,0.0,0.55,1.7
2016-02-19,3.0,0.6,6.0,5784,0.0,0.62,1.9
2016-02-20,3.0,-1.1,5.5,3845,7.3,0.55,4.4
2016-02-21,8.2,5.2,11.4,4128,9.1,0.86,5.2
2016-02-22,6.6,3.3,11.1,3987,11.4,0.76,4.8
2016-02-23,4.2,1.7,7.7,6235,0.5,0.67,3.1
2016-02-24,2.6,-1.5,6.4,7507,0.2,0.54,2.7
2016-02-25,0.7,-1.8,6.1,6952,2.5,0.53,2.1
2016-02-26,1.7,-1.7,5.5,5557,0.0,0.53,1.9
2016-02-27,1.6,-3.4,6.4,10273,0.0,0.48,2.0
2016-02-28,2.8,-0.2,6.9,8114,0.0,0.59,2.4
2016-02-29,1.3,-0.8,3.8,4511,0.0,0.56,3.2
2016-03-01,0.8,-1.2,5.2,7252,0.1,0.55,2.7
2016-03-02,4.3,0.7,9.6,5063,0.2,0.64,3.5
2016-03-03,3.5,-0.3,7.8,5466,0.0,0.59,2.1
2016-03-04,3.7,-0.9,9.7,10565,0.0,0.58,2.7
2016-03-05,5.6,2.5,8.7,5560,4.2,0.71,1.8
2016-03-06,3.3,-0.1,4.9,5070,6.0,0.59,2.5
2016-03-07,2.9,0.1,7.4,6985,0.0,0.61,1.7
2016-03-08,2.6,-1.5,8.8,12049,0.0,0.55,1.6
2016-03-09,3.2,-2.3,9.9,13473,0.0,0.53,2.5
2016-03-10,5.1,2.8,8.7,5573,0.0,0.73,2.0
2016-03-11,4.0,2.8,6.1,5400,0.0,0.72,2.3
2016-03-12,3.1,1.0,4.6,5483,0.0,0.63,2.4
2016-03-13,2.0,-0.9,4.0,5567,0.0,0.55,2.9
2016-03-14,3.7,-1.3,8.0,13393,0.8,0.55,2.4
2016-03-15,4.6,3.0,6.5,5737,0.0,0.73,2.5
2016-03-16,4.9,1.2,10.1,15692,0.0,0.67,3.5
2016-03-17,5.7,-0.9,12.7,16227,0.0,0.6,1.8
2016-03-18,4.0,0.2,6.9,5992,0.1,0.61,2.1
2016-03-19,5.9,3.2,10.3,8771,0.1,0.76,2.1
2016-03-20,5.2,3.1,6.9,6164,1.3,0.74,2.9
2016-03-21,5.7,2.3,9.2,6533,1.0,0.71,3.0
2016-03-22,6.0,4.6,9.5,7002,4.5,0.82,2.5
2016-03-23,5.0,2.6,7.8,6710,0.0,0.72,2.3
2016-03-24,4.3,1.1,9.4,8923,0.2,0.65,1.9
2016-03-25,6.0,3.6,8.8,6594,4.8,0.77,2.6
2016-03-26,9.0,4.7,14.6,15014,0.0,0.86,2.5
2016-03-27,8.2,1.9,15.5,13482,0.1,0.73,3.2
2016-03-28,10.0,3.3,16.0,13814,2.0,0.8,3.7
2016-03-29,7.4,3.1,11.4,9442,2.8,0.76,3.8
2016-03-30,7.0,2.5,12.3,10452,0.5,0.74,2.8
2016-03-31,7.5,4.8,11.2,7211,0.1,0.84,2.1
2016-04-01,8.3,4.2,13.3,17103,0.0,0.82,2.2
2016-04-02,9.2,-0.5,17.5,18074,0.0,0.66,2.3
2016-04-03,12.9,5.2,19.8,15019,0.0,0.93,1.8
2016-04-04,15.5,10.0,20.8,10155,0.0,1.23,1.9
2016-04-05,15.9,8.7,23.3,14548,0.0,1.18,2.0
2016-04-06,11.7,7.6,16.6,16357,2.4,1.04,3.5
2016-04-07,9.7,4.9,13.2,11831,0.0,0.86,3.3
2016-04-08,8.7,3.4,15.3,18752,0.0,0.79,1.8
2016-04-09,9.1,2.7,14.6,14933,0.0,0.76,1.6
2016-04-10,8.0,4.2,10.4,8164,0.0,0.8,2.2
2016-04-11,9.4,5.0,13.2,8355,0.1,0.86,2.6
2016-04-12,11.0,8.8,15.7,10286,0.8,1.11,1.9
2016-04-13,12.4,6.8,18.2,14748,3.3,1.0,1.7
2016-04-14,9.1,5.7,12.3,10358,2.3,0.89,1.9
2016-04-15,8.5,2.7,13.7,12763,7.6,0.75,2.5
2016-04-16,10.3,6.6,15.5,11089,2.0,0.97,3.1
2016-04-17,8.5,3.6,13.0,13739,0.4,0.79,2.6
2016-04-18,8.1,1.2,14.2,18980,0.0,0.7,2.5
2016-04-19,10.1,6.6,14.6,15284,0.0,0.96,3.4
2016-04-20,9.0,4.7,14.5,15387,0.0,0.85,2.6
2016-04-21,9.1,2.1,16.0,24200,0.0,0.75,1.9
2016-04-22,8.7,3.8,14.2,21494,0.0,0.81,2.3
2016-04-23,6.8,2.6,11.3,16371,0.0,0.74,2.6
2016-04-24,4.2,1.0,10.1,15669,0.5,0.65,2.7
2016-04-25,5.3,0.8,11.7,17716,4.2,0.66,3.2
2016-04-26,5.1,1.5,10.6,14361,2.1,0.68,3.4
2016-04-27,4.7,1.5,10.0,13177,2.1,0.68,3.8
2016-04-28,5.4,1.7,10.7,17432,0.7,0.69,2.6
2016-04-29,9.0,0.1,15.3,22061,0.0,0.66,2.6
2016-04-30,12.4,4.6,20.3,17384,0.0,0.9,2.1
2016-05-01,13.2,5.1,19.9,25193,0.0,0.93,2.8
2016-05-02,13.5,5.4,20.6,25653,0.0,0.95,1.7
2016-05-03,13.0,7.5,21.0,20116,0.8,1.07,2.6
2016-05-04,9.5,6.0,14.8,13721,0.0,0.93,2.1
2016-05-05,13.5,5.5,21.0,26441,0.0,0.97,2.3
2016-05-06,16.9,8.7,24.8,26897,0.0,1.19,2.6
2016-05-07,18.4,10.5,26.2,26996,0.0,1.35,2.8
2016-05-08,18.1,10.7,26.0,26617,0.0,1.35,3.5
2016-05-09,18.8,11.4,26.3,26949,0.0,1.41,3.1
2016-05-10,18.6,11.2,26.2,27399,0.0,1.4,2.6
2016-05-11,19.0,11.4,26.4,24854,0.0,1.41,3.0
2016-05-12,19.2,13.6,25.9,22537,0.0,1.59,3.2
2016-05-13,17.0,10.0,24.3,25497,0.0,1.28,2.6
2016-05-14,10.5,6.7,16.7,15101,0.6,0.98,3.5
2016-05-15,8.2,5.5,12.9,17089,3.2,0.88,3.6
2016-05-16,9.5,5.2,15.0,17150,0.0,0.88,3.1
2016-05-17,9.5,5.7,12.8,10798,0.3,0.9,2.6
2016-05-18,14.3,8.2,20.0,16780,0.0,1.11,1.9
2016-05-19,17.2,11.5,23.6,17926,0.0,1.39,1.7
2016-05-20,17.5,12.6,23.4,18952,0.0,1.47,2.4
2016-05-21,18.9,14.0,24.9,19978,0.0,1.61,2.0
2016-05-22,22.0,12.8,30.1,25022,0.0,1.58,2.5
2016-05-23,19.8,14.3,25.9,19594,20.4,1.64,2.7
2016-05-24,15.4,12.8,18.8,11103,0.0,1.44,2.8
2016-05-25,13.5,11.6,15.6,10775,0.1,1.32,1.6
2016-05-26,13.9,11.4,17.1,11301,0.0,1.32,1.4
2016-05-27,15.9,10.0,20.9,15740,0.0,1.24,1.5
2016-05-28,18.6,11.1,25.6,22878,0.0,1.38,1.8
2016-05-29,21.9,15.0,28.7,24022,0.0,1.75,2.4
2016-05-30,21.5,15.6,27.8,20997,0.3,1.79,2.9
2016-05-31,19.6,14.9,27.6,22015,7.2,1.72,2.0
2016-06-01,18.7,15.9,23.6,15421,11.2,1.77,2.2
2016-06-02,19.8,15.5,25.7,19012,2.7,1.77,1.8
2016-06-03,21.5,14.6,28.1,28012,0.0,1.72,1.8
2016-06-04,22.3,13.7,28.2,27675,0.0,1.64,1.6
2016-06-05,21.9,14.8,29.3,24384,0.1,1.76,1.6
2016-06-06,20.4,13.9,27.4,30193,0.0,1.65,1.9
2016-06-07,20.2,11.3,27.5,28742,0.0,1.43,1.6
2016-06-08,20.6,13.3,24.9,28396,0.0,1.54,2.3
2016-06-09,17.7,14.8,23.9,16469,0.0,1.67,2.1
2016-06-10,16.4,11.4,22.9,24370,0.0,1.37,2.3
2016-06-11,17.6,11.8,23.9,28452,0.0,1.41,1.5
2016-06-12,17.0,13.7,22.6,12815,0.5,1.55,2.1
2016-06-13,15.6,14.5,22.8,12826,1.1,1.64,2.2
2016-06-14,17.0,15.1,22.4,18012,2.3,1.68,2.0
2016-06-15,15.1,13.3,21.4,12595,13.4,1.51,1.8
2016-06-16,17.2,11.4,22.1,21847,7.9,1.36,1.6
2016-06-17,15.5,13.7,21.1,13591,13.4,1.55,2.6
2016-06-18,16.2,12.5,22.4,22594,3.5,1.46,2.4
2016-06-19,16.5,11.2,20.3,23704,0.0,1.32,2.0
2016-06-20,17.4,9.0,23.9,27030,0.2,1.21,2.3
2016-06-21,18.8,15.8,25.2,17659,0.0,1.78,2.2
2016-06-22,21.7,15.9,28.2,20243,0.0,1.83,1.6
2016-06-23,25.8,17.4,33.5,30462,0.0,2.11,2.2
2016-06-24,27.3,18.9,35.3,28481,0.0,2.29,1.9
2016-06-25,25.0,17.3,30.9,25636,0.0,2.03,2.3
2016-06-26,19.2,13.2,24.4,22175,0.0,1.53,2.5
2016-06-27,18.8,12.7,25.0,25238,0.0,1.51,2.4
2016-06-28,18.9,13.5,22.8,22882,0.2,1.53,1.7
2016-06-29,19.2,13.9,24.9,22126,1.2,1.61,2.6
2016-06-30,20.3,14.1,24.5,19401,0.0,1.62,2.2
2016-07-01,22.2,16.4,27.2,24050,0.3,1.89,2.5
2016-07-02,18.1,11.9,25.0,15059,0.3,1.44,2.7
2016-07-03,16.0,10.3,22.4,25717,1.6,1.29,2.3
2016-07-04,17.6,9.6,23.9,24215,0.0,1.25,1.6
2016-07-05,19.9,14.8,26.7,20874,0.6,1.71,2.9
2016-07-06,16.0,11.5,21.0,19373,0.8,1.35,3.8
2016-07-07,16.8,9.7,23.0,26199,0.0,1.24,1.9
2016-07-08,19.9,13.5,26.8,15025,1.7,1.6,2.4
2016-07-09,18.8,15.3,24.3,17194,0.0,1.72,2.7
2016-07-10,24.8,19.0,32.5,25223,0.0,2.27,2.2
2016-07-11,24.3,18.4,29.9,18343,0.0,2.15,3.0
2016-07-12,21.5,14.4,27.0,14888,0.0,1.67,2.2
2016-07-13,16.7,13.7,22.0,13754,9.8,1.56,1.9
2016-07-14,15.2,15.0,17.7,10915,0.4,1.64,3.1
2016-07-15,15.0,11.4,18.7,12581,0.5,1.33,3.0
2016-07-16,18.4,9.7,24.9,23229,0.1,1.26,2.1
2016-07-17,19.7,18.6,23.7,14803,1.8,2.08,2.0
2016-07-18,18.9,15.5,22.4,11728,0.0,1.72,2.1
2016-07-19,19.5,13.8,25.4,17009,0.0,1.59,1.6
2016-07-20,22.2,14.5,28.7,20583,0.0,1.7,1.8
2016-07-21,23.3,20.3,29.2,20645,0.1,2.35,1.9
2016-07-22,23.8,16.4,31.8,26368,0.0,1.97,1.7
2016-07-23,22.8,13.4,29.2,23529,0.0,1.62,1.5
2016-07-24,23.2,19.9,30.5,23700,0.0,2.34,1.4
2016-07-25,24.7,18.6,31.7,22788,0.0,2.18,1.5
2016-07-26,23.4,17.5,29.5,19842,0.0,2.02,1.6
2016-07-27,20.2,17.8,26.6,12482,22.3,2.02,1.8
2016-07-28,20.7,15.2,26.0,20059,2.0,1.73,1.7
2016-07-29,20.7,17.0,25.6,19390,0.2,1.93,2.3
2016-07-30,20.6,16.1,25.9,15632,0.0,1.84,2.1
2016-07-31,19.4,14.9,25.9,14852,12.7,1.71,1.7
2016-08-01,16.9,13.4,21.9,18569,0.0,1.52,2.2
2016-08-02,15.7,11.8,18.8,11880,2.8,1.35,1.9
2016-08-03,18.9,14.7,22.8,9814,0.2,1.65,2.6
2016-08-04,19.1,16.8,23.4,11984,14.2,1.87,2.5
2016-08-05,17.8,14.2,22.1,11682,0.3,1.6,2.2
2016-08-06,17.5,13.4,22.6,15471,0.0,1.52,2.3
2016-08-07,18.8,12.4,24.8,22267,0.0,1.46,2.2
2016-08-08,21.1,16.7,28.2,17053,0.0,1.92,3.1
2016-08-09,16.6,12.6,21.2,14994,0.0,1.45,2.3
2016-08-10,13.5,9.8,18.1,15604,0.2,1.2,2.3
2016-08-11,13.6,7.8,19.1,17475,0.1,1.08,2.4
2016-08-12,15.9,12.6,19.6,9572,0.5,1.44,2.5
2016-08-13,21.1,15.7,27.8,22205,0.0,1.82,2.6
2016-08-14,18.6,15.4,22.7,14334,0.0,1.71,1.9
2016-08-15,16.9,11.9,22.5,18791,0.0,1.4,1.8
2016-08-16,15.7,10.0,23.2,15399,1.0,1.26,1.7
2016-08-17,15.6,9.5,22.7,20154,0.0,1.22,1.5
2016-08-18,16.3,10.8,22.0,11494,0.2,1.32,1.6
2016-08-19,19.2,11.7,27.0,23278,4.7,1.46,1.4
2016-08-20,19.7,15.5,26.0,11881,10.6,1.77,2.0
2016-08-21,17.3,13.6,23.4,16344,5.7,1.55,2.6
2016-08-22,18.6,13.1,24.1,15018,0.2,1.51,2.3
2016-08-23,19.4,15.6,23.5,12710,0.0,1.75,1.6
2016-08-24,21.6,15.8,28.6,22259,0.0,1.83,1.9
2016-08-25,22.2,14.6,30.8,23207,0.0,1.77,2.2
2016-08-26,24.6,14.8,34.6,22623,0.0,1.87,1.9
2016-08-27,24.1,16.4,32.8,22149,0.0,1.98,1.7
2016-08-28,24.7,17.4,34.9,18128,1.3,2.12,2.4
2016-08-29,19.5,13.8,24.9,12754,0.0,1.58,2.7
2016-08-30,17.1,11.2,24.1,20097,0.0,1.36,1.9
2016-08-31,19.3,12.6,26.6,21750,0.0,1.51,1.6
2016-09-01,19.8,13.0,27.1,18960,0.0,1.55,1.8
2016-09-02,19.6,12.8,26.4,20070,0.0,1.53,1.6
2016-09-03,20.7,16.1,26.7,18355,0.0,1.84,1.9
2016-09-04,18.1,15.3,22.7,9206,4.5,1.71,2.7
2016-09-05,17.2,13.8,23.4,10552,0.2,1.58,2.6
2016-09-06,16.9,11.6,23.2,19547,0.0,1.39,1.5
2016-09-07,18.9,10.8,26.8,19692,0.0,1.37,1.8
2016-09-08,22.0,14.3,30.9,19225,0.0,1.74,1.9
2016-09-09,21.4,16.8,28.0,17958,0.0,1.94,1.6
2016-09-10,21.0,15.5,28.2,14414,0.0,1.79,1.3
2016-09-11,22.7,16.2,30.5,18237,0.0,1.92,1.4
2016-09-12,23.6,17.0,32.4,18073,0.0,2.04,1.5
2016-09-13,23.7,17.3,31.9,17909,0.0,2.04,1.8
2016-09-14,22.3,16.7,29.7,17646,0.0,1.94,2.2
2016-09-15,19.9,14.8,27.0,17961,0.0,1.71,2.5
2016-09-16,19.9,13.7,28.5,14068,1.5,1.64,1.8
2016-09-17,17.5,14.6,19.9,6441,4.8,1.61,2.6
2016-09-18,15.8,12.1,21.3,12841,0.0,1.4,2.7
2016-09-19,15.5,9.4,21.0,12052,0.0,1.19,1.9
2016-09-20,14.1,8.2,19.3,9514,0.0,1.1,1.3
2016-09-21,15.5,11.2,21.3,14908,0.0,1.33,1.4
2016-09-22,14.2,7.8,20.8,15569,0.0,1.09,1.2
2016-09-23,16.2,11.0,23.1,12516,0.0,1.35,1.5
2016-09-24,15.3,10.8,21.4,13896,0.0,1.31,1.5
2016-09-25,15.3,8.9,23.8,14185,0.0,1.21,1.8
2016-09-26,14.6,8.7,21.9,12444,0.0,1.16,1.4
2016-09-27,15.3,8.3,22.4,15001,0.0,1.14,1.3
2016-09-28,16.6,11.3,21.0,5506,0.0,1.34,3.2
2016-09-29,20.2,15.0,25.6,9957,0.0,1.72,3.6
2016-09-30,15.5,10.5,20.7,7628,0.1,1.28,2.4
2016-10-01,12.6,9.3,14.8,5173,5.9,1.14,1.8
2016-10-02,12.7,8.3,17.6,11329,1.6,1.09,2.3
2016-10-03,12.0,6.6,18.0,11764,5.1,0.99,2.4
2016-10-04,12.6,6.6,17.1,13085,0.1,0.98,3.0
2016-10-05,8.8,5.6,12.6,6546,7.0,0.89,3.2
2016-10-06,10.2,8.6,11.3,4772,2.6,1.08,3.1
2016-10-07,10.0,7.3,12.6,5247,0.1,0.99,2.2
2016-10-08,9.3,6.4,12.7,5789,1.6,0.94,2.0
2016-10-09,7.8,5.3,10.0,4615,1.3,0.87,1.6
2016-10-10,8.0,5.7,12.0,6914,0.0,0.89,1.2
2016-10-11,7.9,6.3,10.0,4385,3.5,0.93,2.0
2016-10-12,7.2,6.3,8.2,4310,1.8,0.92,2.4
2016-10-13,7.0,5.6,7.7,4236,0.0,0.87,3.2
2016-10-14,7.8,3.6,11.9,7538,0.0,0.79,3.4
2016-10-15,8.9,6.5,11.4,4162,0.5,0.94,2.3
2016-10-16,9.7,8.3,12.5,4160,0.0,1.06,1.7
2016-10-17,8.0,6.8,8.8,3946,0.0,0.95,1.9
2016-10-18,9.3,6.8,12.5,3875,2.7,0.96,1.9
2016-10-19,9.0,6.8,11.2,4985,3.4,0.96,2.5
2016-10-20,7.6,4.6,11.3,4354,5.0,0.83,2.1
2016-10-21,7.3,6.1,8.8,3669,0.0,0.9,1.9
2016-10-22,6.9,5.1,9.3,4205,0.2,0.85,1.5
2016-10-23,6.8,5.1,9.3,4662,0.0,0.85,1.5
2016-10-24,7.5,4.8,9.5,3472,6.4,0.83,1.7
2016-10-25,8.5,5.2,9.8,3408,1.3,0.86,1.5
2016-10-26,6.8,5.6,8.3,3345,0.0,0.87,1.2
2016-10-27,8.4,4.4,11.4,3283,0.0,0.82,2.0
2016-10-28,10.7,7.3,12.6,3222,0.5,0.99,2.7
2016-10-29,9.2,6.9,11.8,3902,0.0,0.96,2.5
2016-10-30,7.7,3.4,11.9,6511,0.0,0.77,1.7
2016-10-31,7.8,2.9,10.9,3046,0.4,0.74,1.5
2016-11-01,9.6,6.5,11.8,3168,3.2,0.94,2.1
2016-11-02,6.1,3.0,9.1,3462,1.9,0.74,3.3
2016-11-03,3.3,0.6,7.3,5487,0.0,0.62,1.8
2016-11-04,5.3,2.8,7.6,2884,0.1,0.73,2.2
2016-11-05,6.3,3.0,9.5,2774,6.2,0.74,2.1
2016-11-06,5.3,3.6,7.5,3673,1.8,0.77,2.2
2016-11-07,4.3,1.5,5.6,2674,0.2,0.66,2.2
2016-11-08,2.8,0.9,5.5,2625,1.7,0.63,2.1
2016-11-09,0.5,-1.7,4.1,5919,0.0,0.52,2.1
2016-11-10,0.8,-1.3,4.9,3809,0.0,0.54,2.3
2016-11-11,0.4,-2.5,3.0,3170,0.0,0.49,2.2
2016-11-12,-1.3,-3.6,2.7,5042,0.0,0.46,1.6
2016-11-13,-1.8,-4.7,3.0,6101,0.0,0.43,2.0
2016-11-14,-0.3,-3.7,4.5,6169,0.0,0.46,2.1
2016-11-15,2.8,0.8,7.1,2316,4.2,0.63,3.0
2016-11-16,7.7,6.8,8.8,2327,2.4,0.95,2.9
2016-11-17,9.0,7.7,10.4,2337,1.1,1.02,3.6
2016-11-18,8.9,4.8,13.7,2493,6.4,0.86,4.1
2016-11-19,5.7,2.6,8.1,2166,2.5,0.72,2.8
2016-11-20,6.4,1.3,11.5,3368,0.0,0.68,3.8
2016-11-21,9.0,5.6,12.8,3698,0.0,0.9,2.5
2016-11-22,9.7,7.1,11.9,2159,0.0,0.98,1.9
2016-11-23,7.2,4.4,10.6,3787,0.0,0.81,1.3
2016-11-24,4.9,0.8,8.0,2918,0.0,0.64,2.4
2016-11-25,1.5,0.0,2.9,1976,0.0,0.59,2.3
2016-11-26,0.2,-0.7,3.3,1948,0.2,0.56,1.8
2016-11-27,3.8,-0.6,6.6,3832,0.1,0.58,2.5
2016-11-28,-0.5,-3.8,3.1,4231,0.0,0.45,2.4
2016-11-29,-2.8,-5.2,1.2,5061,0.0,0.41,2.1
2016-11-30,1.0,-3.5,4.3,1850,5.4,0.47,3.0
2016-12-01,6.2,4.2,8.2,1828,1.2,0.79,4.2
2016-12-02,3.7,-1.2,8.2,4325,0.0,0.56,2.9
2016-12-03,-1.0,-3.4,2.7,4881,0.0,0.46,1.4
2016-12-04,-1.5,-3.7,0.4,1896,0.0,0.45,1.5
2016-12-05,-3.6,-5.9,-0.7,4471,0.0,0.38,1.5
2016-12-06,0.2,-2.6,1.2,1737,0.3,0.49,1.5
2016-12-07,1.6,-0.3,5.0,2591,0.0,0.58,2.3
2016-12-08,6.9,4.0,11.0,3313,0.1,0.8,3.0
2016-12-09,7.5,5.1,9.3,1697,0.0,0.85,2.8
2016-12-10,9.0,7.7,11.3,1685,9.8,1.02,2.8
2016-12-11,7.1,5.3,8.4,1675,9.2,0.86,3.7
2016-12-12,3.2,-2.5,7.1,2435,0.2,0.51,2.3
2016-12-13,1.5,-2.7,4.5,1659,0.8,0.49,1.6
2016-12-14,4.5,1.1,6.0,1652,0.1,0.64,1.4
2016-12-15,2.1,-1.0,3.4,1646,0.0,0.55,2.4
2016-12-16,-0.4,-2.2,2.6,4365,0.0,0.5,2.2
2016-12-17,-1.0,-3.4,1.4,1639,0.5,0.46,1.6
2016-12-18,4.2,1.2,5.8,1637,1.3,0.64,1.7
2016-12-19,3.8,1.6,5.2,1636,0.0,0.66,1.8
2016-12-20,-0.1,-1.3,1.8,1636,0.0,0.53,2.4
2016-12-21,-0.7,-3.3,2.1,3716,0.0,0.46,2.4
2016-12-22,0.5,-2.5,2.9,1680,1.1,0.49,2.3
2016-12-23,2.3,0.6,4.6,1964,0.5,0.62,2.7
2016-12-24,4.4,0.4,6.7,1648,3.7,0.61,4.3
2016-12-25,7.6,4.5,10.2,1654,3.4,0.82,4.7
2016-12-26,8.3,4.2,11.0,1701,0.9,0.81,4.8
2016-12-27,6.3,4.5,7.5,1709,17.3,0.81,4.7
2016-12-28,6.1,5.1,7.3,1678,2.4,0.85,2.5
2016-12-29,3.4,-0.5,5.5,1934,0.0,0.57,1.7
2016-12-30,-0.1,-2.0,2.7,4653,0.0,0.51,1.8
2016-12-31,0.3,-3.1,3.8,4680,0.0,0.48,2.2
2017-01-01,1.9,-0.8,4.0,2249,1.1,0.56,2.5
2017-01-02,0.5,-1.3,2.5,1727,0.8,0.53,2.6
2017-01-03,2.4,0.4,3.9,1742,7.7,0.6,4.2
2017-01-04,2.4,-0.8,4.6,1968,2.5,0.56,5.5
2017-01-05,-3.2,-8.3,-0.5,2662,0.0,0.33,3.1
2017-01-06,-7.7,-10.2,-3.9,4812,0.0,0.27,1.6
2017-01-07,-5.5,-9.2,-2.5,1814,3.7,0.3,2.5
2017-01-08,-1.7,-2.9,-0.9,1835,0.1,0.47,1.5
2017-01-09,-1.1,-2.8,-0.1,1857,0.0,0.48,1.8
2017-01-10,-2.3,-5.8,0.7,4599,0.0,0.39,2.6
2017-01-11,-2.5,-6.7,3.2,1949,3.6,0.38,4.2
2017-01-12,2.8,1.5,4.8,1975,2.1,0.65,4.2
2017-01-13,1.1,-1.1,2.3,1957,4.9,0.55,4.7
2017-01-14,0.2,-1.3,2.0,2485,0.7,0.54,3.8
2017-01-15,0.1,-1.7,0.7,2014,1.5,0.52,2.8
2017-01-16,-2.5,-5.2,-1.3,2045,0.0,0.4,1.7
2017-01-17,-4.3,-7.9,0.3,5590,0.0,0.34,1.9
2017-01-18,-5.2,-8.7,-3.3,2109,0.0,0.31,2.3
2017-01-19,-3.1,-5.1,-0.9,2191,0.0,0.41,1.9
2017-01-20,-0.2,-2.1,1.1,2179,0.0,0.5,1.5
2017-01-21,1.0,-0.6,2.3,2215,0.0,0.56,1.3
2017-01-22,-0.4,-3.3,3.4,5219,0.0,0.47,1.3
2017-01-23,-3.3,-5.1,-2.0,2291,0.1,0.4,1.4
2017-01-24,-1.1,-2.3,-0.2,2331,0.0,0.5,1.5
2017-01-25,-0.1,-0.8,0.4,2373,0.0,0.55,1.9
2017-01-26,0.0,-3.2,2.6,4693,0.0,0.47,2.5
2017-01-27,-1.7,-4.6,3.4,6702,0.0,0.43,2.1
2017-01-28,-3.8,-7.0,-0.1,6532,0.0,0.35,1.9
2017-01-29,0.9,-3.6,6.4,5715,0.0,0.47,2.1
2017-01-30,0.3,-2.1,2.6,2597,6.5,0.51,2.7
2017-01-31,0.0,-0.6,0.3,2645,0.0,0.56,2.0
2017-02-01,-0.6,-3.4,0.4,2695,0.0,0.46,2.1
2017-02-02,-2.1,-5.8,0.5,4097,0.1,0.39,2.3
2017-02-03,1.2,-0.4,3.2,2797,0.5,0.57,2.0
2017-02-04,2.3,0.9,4.7,3254,0.0,0.63,2.3
2017-02-05,1.8,0.5,2.7,2904,0.3,0.61,2.0
2017-02-06,-0.7,-2.2,0.8,2959,0.2,0.5,2.0
2017-02-07,-0.9,-2.0,-0.2,3016,0.0,0.51,2.4
2017-02-08,-3.3,-4.9,-1.7,3255,0.0,0.41,2.7
2017-02-09,-3.8,-5.3,-1.2,4789,0.0,0.4,2.8
2017-02-10,-2.8,-5.9,0.5,6174,0.0,0.38,2.8
2017-02-11,-1.9,-3.1,-0.7,3252,0.0,0.47,2.8
2017-02-12,-1.4,-3.4,1.2,6371,0.0,0.46,3.2
2017-02-13,-2.7,-6.8,3.2,8985,0.0,0.37,3.0
2017-02-14,-2.3,-8.1,4.4,7943,0.0,0.34,2.0
2017-02-15,3.0,-3.4,10.6,9713,0.0,0.5,1.3
2017-02-16,5.8,-0.4,12.7,7983,0.3,0.62,1.9
2017-02-17,4.8,2.4,6.6,3639,1.6,0.71,2.4
2017-02-18,3.7,2.4,4.7,3707,0.1,0.7,1.8
2017-02-19,4.1,-0.5,9.0,4883,2.0,0.59,2.5
2017-02-20,6.9,4.3,9.9,3845,2.9,0.81,4.1
2017-02-21,7.3,3.1,10.2,5759,2.6,0.75,4.2
2017-02-22,7.3,3.0,11.7,3987,9.6,0.76,5.5
2017-02-23,6.7,4.1,8.6,4060,8.0,0.79,5.2
2017-02-24,3.1,0.1,7.3,6480,1.8,0.61,4.5
2017-02-25,3.4,-0.5,6.9,7100,0.4,0.58,2.8
2017-02-26,8.0,4.7,11.1,4582,1.6,0.84,3.5
2017-02-27,9.9,6.2,14.0,9136,0.0,0.93,3.4
2017-02-28,8.6,4.1,11.4,5891,0.3,0.8,4.2
2017-03-01,4.0,1.8,7.7,6914,3.2,0.68,4.0
2017-03-02,5.3,3.0,7.4,4667,2.4,0.73,4.7
2017-03-03,6.6,1.0,12.1,11476,0.0,0.67,2.6
2017-03-04,9.7,3.4,17.6,10186,0.8,0.82,2.5
2017-03-05,9.0,5.8,13.0,7008,0.0,0.91,3.3
2017-03-06,5.6,3.0,8.6,4906,3.4,0.74,2.8
2017-03-07,2.9,1.7,4.3,4987,0.0,0.66,2.4
2017-03-08,5.8,2.1,10.7,6818,4.1,0.71,2.9
2017-03-09,7.2,4.7,11.4,6749,2.9,0.84,3.0
2017-03-10,6.8,4.0,10.0,5828,0.2,0.8,3.0
2017-03-11,4.3,0.9,9.0,7889,0.0,0.65,1.7
2017-03-12,2.0,-1.1,7.3,12585,0.0,0.56,2.6
2017-03-13,4.1,-1.8,10.2,9939,0.0,0.55,1.7
2017-03-14,6.6,1.7,11.6,5744,0.0,0.7,2.3
2017-03-15,9.8,4.0,14.3,12325,0.0,0.82,2.7
2017-03-16,7.8,2.1,14.2,10135,0.0,0.73,1.9
2017-03-17,7.7,4.4,12.1,6455,4.1,0.82,3.6
2017-03-18,5.8,2.4,11.3,7460,1.7,0.72,5.2
2017-03-19,4.3,-0.6,10.0,6177,12.0,0.59,3.7
2017-03-20,11.0,9.2,13.9,6171,0.2,1.13,3.8
2017-03-21,9.3,4.9,12.5,6632,1.5,0.86,3.2
2017-03-22,7.0,2.5,12.1,12480,0.0,0.73,2.1
2017-03-23,6.3,5.3,8.3,6336,3.2,0.85,2.4
2017-03-24,7.7,1.1,14.3,17831,0.0,0.69,2.4
2017-03-25,7.4,2.2,13.5,14333,0.0,0.72,2.6
2017-03-26,7.7,1.5,14.3,15743,0.0,0.7,1.8
2017-03-27,11.3,4.2,18.7,18740,0.0,0.86,1.7
2017-03-28,13.8,4.8,22.6,18715,0.0,0.94,1.8
2017-03-29,10.9,7.5,14.7,7549,4.1,1.02,2.9
2017-03-30,13.2,10.0,18.6,10243,0.1,1.21,1.9
2017-03-31,16.5,10.0,23.4,17005,0.0,1.27,2.2
2017-04-01,16.3,9.1,23.1,18070,0.0,1.19,1.7
2017-04-02,13.3,8.6,18.5,13528,0.0,1.12,2.1
2017-04-03,8.6,5.7,10.5,7280,0.0,0.89,1.9
2017-04-04,9.5,6.4,12.8,8606,0.0,0.94,1.5
2017-04-05,9.9,5.9,14.7,9218,0.8,0.92,2.7
2017-04-06,8.8,4.3,14.0,16118,0.1,0.84,3.5
2017-04-07,9.3,6.5,12.3,7617,0.1,0.95,3.4
2017-04-08,10.9,7.8,15.3,9077,0.0,1.05,1.8
2017-04-09,13.4,8.4,19.6,18219,0.0,1.12,1.3
2017-04-10,12.3,5.5,21.8,17395,0.0,0.97,3.5
2017-04-11,7.2,3.5,10.5,12038,3.5,0.77,3.1
2017-04-12,9.1,6.4,15.1,8571,4.8,0.95,3.7
2017-04-13,8.9,5.4,14.0,14200,0.0,0.89,3.7
2017-04-14,8.7,3.3,14.1,14311,0.0,0.79,2.6
2017-04-15,7.9,4.4,11.1,8491,2.9,0.82,3.7
2017-04-16,5.8,3.5,9.5,12322,3.6,0.77,3.0
2017-04-17,5.7,2.5,11.4,16962,4.7,0.73,2.6
2017-04-18,4.8,2.3,9.7,12626,0.4,0.71,3.0
2017-04-19,3.1,-1.1,7.9,16186,0.3,0.56,2.7
2017-04-20,4.2,-2.5,9.9,18875,0.0,0.53,1.9
2017-04-21,9.9,3.9,16.7,10428,1.1,0.84,3.3
2017-04-22,7.0,4.1,11.7,14470,0.1,0.81,3.9
2017-04-23,5.3,2.4,10.4,12295,1.7,0.72,3.3
2017-04-24,8.6,0.3,15.5,18992,0.0,0.67,2.7
2017-04-25,7.6,2.4,12.7,14068,0.4,0.74,2.7
2017-04-26,6.6,0.9,12.4,17831,0.0,0.67,1.6
2017-04-27,7.0,0.9,13.4,18392,0.0,0.67,1.7
2017-04-28,8.5,2.4,13.5,16412,0.3,0.74,1.9
2017-04-29,7.6,3.6,13.0,15113,0.0,0.79,1.9
2017-04-30,8.4,0.8,15.5,25433,0.0,0.69,3.4
2017-05-01,11.3,3.9,18.3,17150,0.0,0.84,3.5
2017-05-02,9.8,8.3,11.6,9519,3.2,1.06,3.2
2017-05-03,12.0,8.2,17.8,14393,1.3,1.09,2.7
2017-05-04,8.8,7.4,11.6,9649,3.8,0.99,2.9
2017-05-05,10.1,8.2,12.4,9712,0.0,1.05,2.0
2017-05-06,12.6,9.3,17.7,12257,0.0,1.17,2.1
2017-05-07,12.6,7.8,19.5,16945,1.5,1.08,2.2
2017-05-08,7.6,1.8,10.3,10015,2.5,0.69,2.8
2017-05-09,5.9,1.7,11.5,12931,0.4,0.7,1.9
2017-05-10,8.5,4.1,14.1,17288,0.0,0.83,1.9
2017-05-11,12.7,4.1,21.2,25965,0.0,0.88,2.2
2017-05-12,16.1,8.7,25.8,23776,0.3,1.22,2.2
2017-05-13,15.6,12.9,20.9,11740,0.7,1.47,1.7
2017-05-14,16.1,11.7,22.2,23093,0.2,1.38,1.7
2017-05-15,15.9,11.6,21.6,21000,0.0,1.36,1.7
2017-05-16,16.4,11.2,20.0,13231,0.2,1.32,1.5
2017-05-17,20.3,13.3,27.1,25241,0.0,1.59,2.1
2017-05-18,21.8,13.5,29.7,27973,0.0,1.63,2.2
2017-05-19,22.7,14.4,31.1,26833,0.0,1.76,2.6
2017-05-20,15.8,11.5,20.0,16471,0.0,1.35,2.4
2017-05-21,16.3,9.4,22.8,26603,0.0,1.23,1.7
2017-05-22,17.2,10.1,24.2,26544,0.0,1.28,1.6
2017-05-23,18.4,11.3,26.6,23926,2.5,1.42,2.4
2017-05-24,13.1,9.8,18.1,12404,0.1,1.2,3.0
2017-05-25,13.9,8.3,19.2,19277,0.0,1.11,2.3
2017-05-26,17.4,11.7,25.2,21887,0.0,1.42,2.0
2017-05-27,20.4,12.2,28.2,30123,0.0,1.49,2.1
2017-05-28,23.4,13.2,32.6,26015,0.0,1.67,2.0
2017-05-29,24.0,17.2,30.9,26061,0.0,2.03,1.7
2017-05-30,22.5,18.1,31.9,18509,0.5,2.14,2.4
2017-05-31,18.9,11.2,24.9,24062,0.0,1.39,3.0
2017-06-01,15.9,8.7,24.0,30112,0.0,1.19,1.9
2017-06-02,18.8,10.2,26.6,30397,0.0,1.32,1.4
2017-06-03,17.4,12.0,23.1,17538,3.7,1.42,1.8
2017-06-04,16.2,12.3,18.3,14863,12.9,1.4,2.6
2017-06-05,16.1,12.5,23.1,19315,3.3,1.45,1.7
2017-06-06,17.5,12.2,26.2,18356,3.9,1.47,3.1
2017-06-07,14.2,10.1,19.3,20349,0.6,1.23,4.3
2017-06-08,16.3,11.1,21.4,14463,0.0,1.34,2.5
2017-06-09,20.1,13.3,29.6,24825,0.2,1.62,2.5
2017-06-10,18.5,12.6,24.5,24229,0.0,1.47,1.8
2017-06-11,22.4,14.8,29.4,25233,1.1,1.76,2.0
2017-06-12,19.6,15.8,23.6,19457,0.0,1.77,3.6
2017-06-13,16.6,12.7,20.1,14540,0.0,1.45,2.9
2017-06-14,17.1,10.5,23.3,28973,0.0,1.3,1.8
2017-06-15,21.1,12.8,28.5,25532,7.1,1.56,1.9
2017-06-16,16.8,12.9,21.6,18266,2.5,1.48,3.7
2017-06-17,16.7,12.2,23.1,18642,0.0,1.42,3.0
2017-06-18,19.6,11.9,26.6,30605,0.0,1.46,1.7
2017-06-19,24.1,16.2,31.5,28758,0.0,1.94,1.4
2017-06-20,23.6,16.8,29.8,25923,0.0,1.95,2.2
2017-06-21,18.7,11.9,25.4,29002,0.0,1.44,1.7
2017-06-22,19.4,13.7,28.9,19508,34.6,1.64,2.4
2017-06-23,19.6,16.4,24.0,16915,0.0,1.84,3.6
2017-06-24,19.6,17.2,23.1,11981,0.4,1.92,3.1
2017-06-25,17.8,15.0,22.6,12837,4.1,1.67,3.0
2017-06-26,16.6,12.8,21.3,16892,1.3,1.46,2.6
2017-06-27,17.4,10.5,23.9,26607,0.0,1.31,1.8
2017-06-28,19.8,13.9,27.4,21914,3.7,1.65,2.5
2017-06-29,18.2,16.2,20.9,11194,74.6,1.79,2.7
2017-06-30,16.2,13.7,19.9,11795,1.8,1.54,3.4
2017-07-01,15.9,13.5,19.4,11533,6.8,1.5,3.2
2017-07-02,15.9,12.3,19.9,13974,0.8,1.41,3.1
2017-07-03,17.3,10.6,23.2,26113,0.7,1.32,2.7
2017-07-04,17.1,13.4,22.0,25226,0.0,1.53,2.3
2017-07-05,16.5,13.3,21.5,15504,0.3,1.51,1.6
2017-07-06,20.1,13.4,26.5,22713,0.0,1.57,1.4
2017-07-07,20.3,15.7,28.5,17535,0.3,1.82,2.1
2017-07-08,20.0,16.3,25.8,16157,0.5,1.84,2.3
2017-07-09,18.8,13.8,25.1,21878,0.0,1.6,1.6
2017-07-10,18.4,15.4,22.2,12792,9.1,1.7,2.0
2017-07-11,18.5,14.1,24.5,18014,5.8,1.62,2.5
2017-07-12,16.9,12.6,21.7,13338,4.9,1.46,2.9
2017-07-13,15.0,11.3,19.2,23792,0.0,1.32,2.4
2017-07-14,16.6,11.4,22.2,17043,0.1,1.37,1.7
2017-07-15,17.6,13.1,23.1,23331,0.4,1.52,1.9
2017-07-16,17.7,12.4,22.6,16228,6.7,1.44,2.0
2017-07-17,18.6,14.2,23.8,24443,0.0,1.62,1.8
2017-07-18,19.0,12.5,25.3,28270,0.0,1.5,1.7
2017-07-19,22.5,14.4,29.6,27723,3.4,1.71,2.3
2017-07-20,22.3,17.7,29.0,20398,0.0,2.05,2.3
2017-07-21,21.6,17.3,27.6,26626,0.0,1.98,1.8
2017-07-22,20.7,17.5,27.1,16541,5.8,1.98,2.0
2017-07-23,19.8,16.4,25.0,15763,6.6,1.84,2.5
2017-07-24,19.2,14.3,24.6,18595,50.5,1.63,1.9
2017-07-25,16.1,14.4,18.2,10364,9.6,1.59,3.1
2017-07-26,15.8,14.8,16.7,10315,23.6,1.63,3.0
2017-07-27,17.6,13.2,23.0,18046,3.6,1.51,2.3
2017-07-28,18.3,14.3,23.2,23358,0.0,1.61,2.6
2017-07-29,20.2,14.5,26.4,16003,0.0,1.68,2.5
2017-07-30,24.5,18.1,32.3,23319,0.7,2.14,2.7
2017-07-31,23.6,18.6,29.9,21216,4.2,2.16,1.9
2017-08-01,23.4,17.9,30.2,19832,1.1,2.09,1.8
2017-08-02,22.3,17.5,27.3,18924,0.1,2.0,1.7
2017-08-03,21.9,17.7,28.4,12707,17.4,2.03,2.6
2017-08-04,20.6,16.6,25.2,20648,0.0,1.86,3.1
2017-08-05,18.1,15.2,23.0,15509,0.1,1.7,2.4
2017-08-06,17.4,13.5,22.6,24806,0.0,1.54,2.1
2017-08-07,18.7,11.9,25.3,25054,0.0,1.43,1.8
2017-08-08,20.7,13.1,27.2,23433,0.3,1.56,2.4
2017-08-09,21.6,16.9,27.3,23329,3.0,1.94,2.2
2017-08-10,20.1,15.0,25.5,13372,14.2,1.71,1.9
2017-08-11,16.6,14.1,20.1,9595,1.0,1.56,2.1
2017-08-12,15.2,12.8,18.8,10218,1.2,1.44,2.9
2017-08-13,17.5,13.3,21.8,14165,0.0,1.51,1.9
2017-08-14,18.8,13.3,25.2,21289,0.0,1.56,1.8
2017-08-15,21.3,13.7,28.4,21862,0.0,1.63,2.1
2017-08-16,19.5,16.5,23.7,13108,10.3,1.85,1.5
2017-08-17,20.5,14.4,26.2,17098,2.1,1.66,1.9
2017-08-18,20.9,16.1,26.6,14061,17.4,1.83,2.2
2017-08-19,17.1,13.8,21.7,17339,0.0,1.57,2.7
2017-08-20,15.5,11.0,21.6,18351,2.5,1.32,2.5
2017-08-21,15.4,12.2,20.2,11881,0.2,1.4,2.2
2017-08-22,14.4,10.8,19.5,15234,0.0,1.28,1.7
2017-08-23,15.6,9.4,22.1,20990,0.0,1.21,1.4
2017-08-24,16.9,10.3,21.5,13481,0.2,1.26,2.1
2017-08-25,18.3,14.7,23.0,15573,0.0,1.66,1.6
2017-08-26,19.1,13.5,24.3,10333,0.0,1.56,1.5
2017-08-27,18.7,13.7,23.1,18822,0.0,1.56,1.9
2017-08-28,17.6,12.1,23.5,22365,0.0,1.42,1.3
2017-08-29,19.9,11.7,27.2,22214,0.0,1.44,1.7
2017-08-30,22.5,14.4,29.9,19173,0.0,1.73,2.1
2017-08-31,20.5,14.4,26.8,13073,2.5,1.68,2.6
2017-09-01,14.7,11.5,18.6,9365,0.0,1.33,1.5
2017-09-02,14.8,10.4,21.0,16222,0.0,1.27,1.4
2017-09-03,13.7,8.7,20.4,16511,0.1,1.14,1.3
2017-09-04,14.6,9.2,21.4,19084,0.0,1.19,1.6
2017-09-05,16.3,9.6,23.1,18415,0.0,1.25,1.7
2017-09-06,15.9,12.4,22.0,9009,11.7,1.43,3.1
2017-09-07,13.6,11.1,17.2,8301,1.9,1.3,2.9
2017-09-08,14.0,10.6,17.3,7195,1.0,1.25,3.2
2017-09-09,15.3,13.6,18.6,7817,1.5,1.52,2.6
2017-09-10,15.3,11.7,20.6,13947,0.0,1.37,2.3
2017-09-11,14.4,10.7,19.1,11624,0.2,1.28,3.5
2017-09-12,13.3,9.9,18.5,11310,3.1,1.21,3.3
2017-09-13,13.5,9.1,19.3,12865,3.7,1.15,5.0
2017-09-14,12.5,10.0,15.4,8638,1.9,1.19,4.4
2017-09-15,12.7,8.9,17.4,11252,0.3,1.13,2.7
2017-09-16,11.8,6.3,18.0,14114,0.0,0.97,1.5
2017-09-17,12.0,6.8,19.0,14354,0.9,1.02,1.2
2017-09-18,11.7,7.2,17.6,15914,0.0,1.03,1.6
2017-09-19,11.7,5.7,18.4,13123,0.0,0.94,1.6
2017-09-20,12.0,7.7,17.3,12238,1.6,1.04,2.0
2017-09-21,13.1,10.0,17.5,7849,0.0,1.21,1.3
2017-09-22,13.8,10.6,19.4,11513,0.0,1.27,1.1
2017-09-23,12.5,8.2,17.2,9653,8.4,1.08,1.2
2017-09-24,14.0,12.0,16.4,6559,0.7,1.36,1.4
2017-09-25,13.8,12.7,15.6,5842,0.7,1.41,1.7
2017-09-26,14.4,12.1,19.2,9395,0.5,1.38,1.9
2017-09-27,14.8,12.3,19.5,6992,0.0,1.41,1.7
2017-09-28,15.4,11.8,19.5,10905,0.0,1.37,1.7
2017-09-29,15.7,10.7,21.9,13709,0.0,1.31,1.8
2017-09-30,13.9,8.5,20.8,13465,0.1,1.14,2.2
2017-10-01,12.3,10.4,14.4,5254,3.0,1.22,1.9
2017-10-02,12.2,9.4,15.2,5425,9.6,1.15,3.2
2017-10-03,12.2,9.9,15.7,7919,1.8,1.19,3.1
2017-10-04,11.8,9.8,13.6,5340,2.9,1.18,3.6
2017-10-05,10.6,8.3,14.6,5175,11.9,1.08,4.8
2017-10-06,10.4,8.4,13.8,5819,2.3,1.07,3.8
2017-10-07,10.1,8.4,12.5,5091,7.6,1.07,3.8
2017-10-08,9.8,4.5,14.0,8332,2.3,0.84,3.0
2017-10-09,8.0,3.8,13.9,8295,6.4,0.8,2.0
2017-10-10,11.4,9.0,13.5,4538,0.7,1.12,2.7
2017-10-11,14.1,12.2,16.4,4998,0.2,1.38,3.1
2017-10-12,13.2,9.4,16.1,7570,0.2,1.16,3.9
2017-10-13,12.0,8.7,16.5,8136,0.0,1.11,2.2
2017-10-14,15.3,11.6,19.5,5571,0.0,1.34,2.1
2017-10-15,15.8,11.8,21.7,11207,0.0,1.39,1.7
2017-10-16,15.8,10.6,22.6,10839,0.0,1.31,1.8
2017-10-17,16.3,12.6,22.4,10404,0.0,1.46,1.8
2017-10-18,13.7,10.5,19.2,8274,0.0,1.26,1.2
2017-10-19,10.6,8.5,12.2,3875,0.0,1.08,1.7
2017-10-20,12.2,8.5,15.9,5747,0.8,1.09,2.3
2017-10-21,11.2,9.4,13.2,3737,3.4,1.15,2.2
2017-10-22,11.5,9.6,14.9,6583,0.0,1.16,3.2
2017-10-23,9.6,7.5,11.9,3670,1.7,1.01,2.7
2017-10-24,11.5,8.0,14.6,4331,4.7,1.05,2.4
2017-10-25,14.3,11.6,17.5,3864,0.1,1.33,3.0
2017-10-26,12.3,10.1,15.2,3537,1.2,1.2,2.3
2017-10-27,10.3,7.5,12.1,4494,0.8,1.0,3.6
2017-10-28,9.9,8.4,11.2,3283,5.6,1.06,5.0
2017-10-29,7.6,4.4,12.0,3721,6.1,0.83,6.2
2017-10-30,5.4,2.2,9.2,8397,0.0,0.7,3.1
2017-10-31,7.0,3.8,9.1,3104,2.1,0.78,2.3
2017-11-01,9.5,7.7,10.9,3046,8.9,1.01,2.7
2017-11-02,9.3,7.9,11.1,3049,1.7,1.03,2.8
2017-11-03,8.5,5.2,11.6,5163,0.0,0.87,1.6
2017-11-04,8.0,3.7,11.9,5603,0.0,0.79,2.1
2017-11-05,9.8,7.3,13.0,3456,7.8,1.0,2.5
2017-11-06,6.3,3.6,9.2,5489,0.0,0.77,1.8
2017-11-07,6.0,2.5,9.2,3953,0.0,0.72,2.0
2017-11-08,7.3,5.5,9.5,4606,0.0,0.88,1.7
2017-11-09,6.1,5.2,7.5,2625,1.4,0.85,1.8
2017-11-10,6.7,4.4,8.2,2577,2.5,0.81,3.9
2017-11-11,5.2,3.5,7.4,2797,1.0,0.76,3.7
2017-11-12,3.8,1.3,6.3,3064,0.8,0.65,2.5
2017-11-13,4.3,1.1,6.8,2754,0.0,0.64,2.2
2017-11-14,3.9,-0.7,7.6,2861,0.0,0.58,2.2
2017-11-15,7.8,6.3,9.2,2357,0.9,0.92,1.8
2017-11-16,7.7,4.8,9.1,2316,0.5,0.84,1.9
2017-11-17,5.5,0.9,9.9,5159,0.0,0.65,1.8
2017-11-18,3.7,1.0,6.1,2337,1.3,0.64,3.5
2017-11-19,4.3,2.2,5.9,2299,3.2,0.69,4.4
2017-11-20,4.1,1.1,6.1,3079,1.1,0.64,3.3
2017-11-21,4.5,2.9,7.2,2131,6.1,0.72,2.8
2017-11-22,8.3,5.0,10.5,2098,0.2,0.85,3.2
2017-11-23,9.0,5.2,12.7,2764,0.0,0.87,3.5
2017-11-24,9.3,4.7,14.4,2357,2.7,0.86,2.5
2017-11-25,4.1,1.8,5.7,2004,15.0,0.67,2.3
2017-11-26,3.0,0.2,5.2,3152,0.2,0.6,3.6
2017-11-27,3.8,1.1,5.4,3024,3.6,0.64,4.3
2017-11-28,5.7,4.0,7.1,2499,0.0,0.78,3.5
2017-11-29,2.4,0.0,5.8,4672,0.2,0.6,1.7
2017-11-30,1.2,-1.0,4.4,3576,0.0,0.55,1.7
2017-12-01,1.4,-0.9,3.9,2196,0.0,0.55,1.4
2017-12-02,2.1,-1.4,3.5,1828,0.0,0.53,1.7
2017-12-03,0.1,-2.1,2.8,3002,0.8,0.51,2.7
2017-12-04,3.3,1.1,5.5,2212,1.9,0.64,3.3
2017-12-05,6.5,3.0,7.4,1770,0.6,0.73,3.7
2017-12-06,7.1,6.5,7.6,1753,0.0,0.93,4.0
2017-12-07,5.7,3.6,7.6,4356,2.6,0.76,4.2
2017-12-08,3.5,0.0,5.7,3459,1.0,0.6,3.9
2017-12-09,1.0,-1.1,2.7,1709,2.4,0.54,4.2
2017-12-10,0.0,-1.7,1.4,2842,4.8,0.52,4.1
2017-12-11,2.6,0.4,5.9,1685,2.8,0.62,3.0
2017-12-12,4.3,0.9,7.4,1675,0.9,0.64,4.0
2017-12-13,1.8,-0.6,4.1,3931,6.1,0.57,4.0
2017-12-14,3.2,1.8,4.6,1659,1.4,0.67,4.5
2017-12-15,1.6,0.3,3.3,1652,0.9,0.6,2.3
2017-12-16,2.0,0.6,3.0,1687,0.8,0.61,2.3
2017-12-17,1.6,0.6,2.9,1642,0.1,0.61,2.5
2017-12-18,0.3,-1.7,2.7,3639,0.0,0.52,1.7
2017-12-19,1.7,-0.9,3.4,1637,0.7,0.55,1.6
2017-12-20,3.0,1.1,4.8,1636,1.3,0.64,1.5
2017-12-21,6.1,4.5,7.6,1636,1.0,0.81,2.5
2017-12-22,5.5,4.1,6.9,1637,0.0,0.79,2.3
2017-12-23,6.9,3.6,9.4,1640,0.0,0.77,4.3
2017-12-24,9.8,9.1,10.3,1643,0.0,1.11,4.8
2017-12-25,8.2,2.6,10.1,1648,0.0,0.73,3.6
2017-12-26,4.4,1.3,9.9,2781,0.2,0.67,3.8
2017-12-27,2.5,-0.1,4.5,2387,0.0,0.59,2.6
2017-12-28,2.8,1.1,4.5,1669,0.0,0.64,3.3
2017-12-29,1.3,-2.1,3.9,2491,0.0,0.51,3.6
2017-12-30,2.9,-1.7,9.1,1689,2.6,0.55,4.0
2017-12-31,9.4,5.3,12.3,1700,1.2,0.87,4.1
2018-01-01,8.1,3.9,11.8,3073,3.4,0.8,4.4
2018-01-02,4.3,2.0,5.9,1727,2.7,0.68,3.4
2018-01-03,5.2,1.8,8.2,2450,13.7,0.68,5.8
2018-01-04,6.5,5.2,7.8,1800,1.3,0.85,4.2
2018-01-05,6.7,4.1,9.9,1818,0.0,0.8,3.6
2018-01-06,4.7,3.1,6.8,2049,0.0,0.74,1.9
2018-01-07,1.4,-2.1,4.1,1942,0.0,0.51,3.0
2018-01-08,-1.8,-4.2,1.6,4596,0.0,0.44,3.4
2018-01-09,1.5,-2.5,4.8,2292,0.0,0.5,3.1
2018-01-10,1.9,-0.2,5.2,2845,0.0,0.59,1.7
2018-01-11,1.4,0.0,2.8,1905,1.4,0.59,1.2
2018-01-12,1.8,0.8,2.5,1930,0.0,0.62,1.8
2018-01-13,0.3,-0.1,0.9,1957,0.0,0.58,2.9
2018-01-14,-1.5,-3.1,0.8,5032,0.0,0.47,2.9
2018-01-15,0.4,-2.5,3.3,4126,3.9,0.49,3.9
2018-01-16,2.6,0.4,5.3,2880,1.4,0.61,4.3
2018-01-17,1.1,-0.8,2.3,2123,2.6,0.56,4.3
2018-01-18,2.3,0.5,5.5,2109,5.8,0.61,5.3
2018-01-19,2.1,0.0,3.9,2143,1.9,0.59,2.8
2018-01-20,0.8,-0.8,3.1,2662,0.3,0.56,2.3
2018-01-21,-0.1,-1.1,0.5,2215,0.0,0.54,1.8
2018-01-22,0.1,-1.0,1.8,2302,0.2,0.54,2.5
2018-01-23,2.4,-0.3,5.6,2341,0.7,0.58,2.6
2018-01-24,8.6,4.9,10.9,3495,0.2,0.85,3.9
2018-01-25,8.9,7.1,10.8,2373,8.4,0.98,2.6
2018-01-26,6.6,5.5,7.3,2415,0.6,0.87,1.4
2018-01-27,5.3,4.1,7.4,3087,0.0,0.79,2.0
2018-01-28,7.5,5.4,9.5,2716,0.6,0.87,4.6
2018-01-29,9.6,4.9,11.1,2550,2.5,0.84,5.2
2018-01-30,4.5,1.6,6.8,3140,0.0,0.67,3.2
2018-01-31,5.3,0.5,9.1,2645,4.4,0.63,3.7
2018-02-01,3.1,0.2,6.2,5699,0.0,0.6,3.3
2018-02-02,1.9,-0.9,5.0,4041,0.6,0.56,2.9
2018-02-03,1.0,-1.0,2.7,2797,0.2,0.55,2.0
2018-02-04,-0.3,-3.6,2.8,6891,0.1,0.46,2.1
2018-02-05,-1.1,-4.8,2.7,4891,0.0,0.42,2.5
2018-02-06,-3.2,-6.6,0.5,8047,0.0,0.37,1.9
2018-02-07,-1.8,-5.1,2.1,4873,0.0,0.41,1.5
2018-02-08,-3.6,-7.7,1.6,8227,0.0,0.34,1.2
2018-02-09,-2.7,-7.7,2.0,6078,0.0,0.35,1.8
2018-02-10,0.4,-1.3,3.8,4062,0.0,0.54,1.8
2018-02-11,1.0,-0.5,3.7,4007,0.9,0.57,3.6
2018-02-12,1.0,-2.0,5.5,4842,0.1,0.52,3.1
2018-02-13,0.4,-3.1,5.2,7567,0.0,0.48,2.1
2018-02-14,-0.8,-4.1,4.7,8987,0.0,0.45,2.0
2018-02-15,-0.4,-3.5,2.9,5553,0.4,0.46,3.1
2018-02-16,2.3,-1.1,7.2,7983,0.0,0.56,2.3
2018-02-17,1.5,-1.4,4.3,3639,0.0,0.54,1.6
2018-02-18,2.1,0.4,3.7,3707,0.0,0.61,1.6
2018-02-19,1.0,-1.9,5.5,6615,0.0,0.52,1.4
2018-02-20,-0.2,-3.6,4.6,9871,0.0,0.47,1.7
2018-02-21,-0.6,-4.8,4.4,8665,0.0,0.43,2.1
2018-02-22,-0.4,-3.9,3.5,7716,0.0,0.45,2.9
2018-02-23,-3.2,-6.2,0.6,11022,0.0,0.38,3.2
2018-02-24,-2.8,-6.6,1.6,10295,0.0,0.37,4.0
2018-02-25,-5.1,-9.8,-0.8,10512,0.1,0.29,3.2
2018-02-26,-5.8,-10.5,-2.0,8557,0.0,0.27,3.2
2018-02-27,-7.8,-11.8,-2.4,9363,0.0,0.25,2.8
2018-02-28,-9.0,-12.1,-5.1,9648,0.0,0.24,3.7
2018-03-01,-8.4,-12.0,-3.5,12417,0.0,0.24,4.4
2018-03-02,-7.9,-13.2,-2.4,12344,0.0,0.23,3.5
2018-03-03,-6.8,-12.3,-1.1,12584,0.0,0.24,2.8
2018-03-04,-2.7,-9.4,4.8,11866,0.3,0.32,2.7
2018-03-05,2.5,-3.3,10.4,7493,0.0,0.5,2.4
2018-03-06,0.9,-3.4,6.0,5723,6.5,0.48,1.7
2018-03-07,1.0,0.0,1.9,4987,1.9,0.58,2.1
2018-03-08,4.3,0.3,9.8,7318,5.2,0.62,3.3
2018-03-09,4.6,1.2,9.2,7254,0.1,0.66,2.7
2018-03-10,5.8,0.0,10.3,5233,0.6,0.62,2.2
2018-03-11,11.1,5.1,17.0,12263,0.0,0.9,2.0
2018-03-12,8.3,5.6,10.3,5400,10.6,0.89,2.2
2018-03-13,8.4,3.5,11.9,6182,1.9,0.77,3.7
2018-03-14,4.1,2.5,6.1,5567,0.1,0.7,2.1
2018-03-15,3.3,1.8,5.6,5741,0.0,0.67,4.0
2018-03-16,-0.1,-2.7,2.2,5737,1.7,0.49,4.1
2018-03-17,-3.0,-5.2,-0.6,7995,0.0,0.4,5.5
2018-03-18,-2.3,-6.1,2.1,16319,0.0,0.38,5.2
2018-03-19,-1.3,-6.7,4.5,16769,0.0,0.38,2.6
2018-03-20,-1.3,-5.5,2.4,6450,2.6,0.4,2.7
2018-03-21,0.8,-5.2,6.9,15340,0.0,0.43,2.2
2018-03-22,2.2,0.4,4.1,6250,4.5,0.61,3.0
2018-03-23,3.0,1.1,4.1,6336,1.9,0.64,1.7
2018-03-24,3.1,-0.6,7.5,8819,0.0,0.58,1.8
2018-03-25,5.6,-0.9,11.9,16072,0.0,0.59,1.4
2018-03-26,5.5,1.7,10.1,9514,0.0,0.68,1.7
2018-03-27,3.8,-1.3,9.5,11779,0.5,0.57,1.9
2018-03-28,1.2,0.3,2.2,6767,7.7,0.6,3.3
2018-03-29,5.0,0.8,8.6,7449,0.1,0.64,3.1
2018-03-30,5.4,-0.1,12.5,15550,0.0,0.63,2.7
2018-03-31,3.0,0.9,5.1,7024,2.4,0.63,2.7
2018-04-01,1.6,0.6,3.0,7110,1.4,0.61,3.6
2018-04-02,5.1,-1.2,10.3,16490,1.1,0.57,2.4
2018-04-03,12.7,4.8,19.6,13756,0.0,0.91,2.8
2018-04-04,15.2,9.7,21.4,18122,3.3,1.22,2.8
2018-04-05,9.8,2.7,15.8,13173,1.4,0.77,4.1
2018-04-06,6.7,0.1,13.5,20724,0.0,0.64,2.6
2018-04-07,12.0,3.0,21.3,21306,0.0,0.84,2.9
2018-04-08,14.4,8.1,21.5,20726,0.0,1.11,2.1
2018-04-09,14.9,6.7,22.6,18326,0.0,1.04,1.7
2018-04-10,17.3,10.8,25.4,19215,0.6,1.36,3.0
2018-04-11,14.9,11.1,20.8,16344,0.2,1.32,3.0
2018-04-12,17.0,9.8,25.5,15495,0.0,1.28,3.2
2018-04-13,15.5,10.7,20.8,10286,11.6,1.29,2.7
2018-04-14,13.0,9.2,18.2,13218,8.5,1.16,2.4
2018-04-15,15.2,8.3,22.7,17823,0.0,1.14,1.5
2018-04-16,11.7,9.7,14.1,8461,1.4,1.17,1.7
2018-04-17,14.0,8.3,20.1,18956,0.0,1.12,1.5
2018-04-18,17.6,9.8,25.1,22753,0.0,1.28,1.6
2018-04-19,18.4,10.8,25.3,23004,0.0,1.36,1.9
2018-04-20,20.3,11.8,28.7,23702,0.0,1.49,1.9
2018-04-21,17.1,10.9,23.2,23163,0.0,1.33,1.8
2018-04-22,16.9,8.4,25.1,23181,0.3,1.18,1.8
2018-04-23,16.7,11.0,22.3,16383,0.2,1.32,2.8
2018-04-24,12.7,8.2,17.2,12153,0.4,1.08,2.8
2018-04-25,12.5,7.7,19.5,15212,1.6,1.08,3.6
2018-04-26,9.0,5.9,14.4,13928,3.1,0.92,3.2
2018-04-27,10.7,3.4,16.7,20926,0.0,0.8,2.0
2018-04-28,15.4,6.4,22.9,21035,0.0,1.03,2.0
2018-04-29,18.2,11.4,25.4,21837,0.0,1.4,2.2
2018-04-30,16.7,11.0,24.0,20084,0.0,1.35,3.9
2018-05-01,12.4,6.3,16.9,22749,0.0,0.96,3.7
2018-05-02,11.1,4.8,15.5,11624,0.0,0.87,2.0
2018-05-03,13.9,6.9,20.5,20844,0.0,1.04,2.3
2018-05-04,12.6,5.2,20.0,26231,0.0,0.93,2.3
2018-05-05,13.3,4.6,20.8,26927,0.0,0.91,2.6
2018-05-06,15.4,7.5,23.6,27150,0.0,1.11,2.4
2018-05-07,17.8,9.9,25.7,27252,0.0,1.29,2.4
2018-05-08,18.9,10.7,27.0,27115,0.0,1.38,2.5
2018-05-09,20.5,12.6,28.3,24475,0.1,1.54,2.1
2018-05-10,20.1,14.5,27.8,19316,1.6,1.7,2.5
2018-05-11,14.0,10.8,18.4,13058,0.0,1.28,1.8
2018-05-12,17.3,10.0,24.0,21501,0.0,1.28,1.9
2018-05-13,20.6,13.5,28.0,27575,0.0,1.62,2.7
2018-05-14,19.3,12.4,25.7,28020,0.0,1.49,2.8
2018-05-15,15.6,10.8,24.3,17629,13.6,1.34,2.3
2018-05-16,16.3,11.3,22.8,17089,0.0,1.36,2.3
2018-05-17,15.5,10.5,21.6,22584,0.0,1.29,3.1
2018-05-18,12.2,9.4,14.4,10435,0.0,1.14,2.2
2018-05-19,16.1,11.2,22.9,22836,0.0,1.36,1.6
2018-05-20,15.9,7.9,23.2,29206,0.0,1.13,2.5
2018-05-21,17.4,9.2,24.5,28667,0.0,1.23,2.8
2018-05-22,18.4,10.6,26.0,28489,0.0,1.35,2.0
2018-05-23,19.7,11.9,26.9,28065,0.0,1.46,2.2
2018-05-24,20.0,13.8,26.3,27637,0.0,1.62,2.5
2018-05-25,20.8,13.7,28.1,27084,0.0,1.64,2.2
2018-05-26,20.8,13.9,28.6,29091,0.0,1.65,1.8
2018-05-27,20.7,13.7,28.7,23278,0.7,1.65,1.9
2018-05-28,24.5,15.7,32.5,27116,0.0,1.9,2.1
2018-05-29,25.8,18.1,32.9,29612,0.0,2.16,2.5
2018-05-30,24.3,18.1,33.5,23410,0.0,2.17,1.8
2018-05-31,24.6,17.0,32.2,25166,0.0,2.02,1.9
2018-06-01,23.2,18.1,30.8,22996,14.7,2.12,2.1
2018-06-02,20.7,17.4,25.5,14807,1.3,1.97,2.0
2018-06-03,19.5,16.4,24.4,14959,0.3,1.85,1.7
2018-06-04,21.1,15.1,27.0,26415,0.0,1.74,2.0
2018-06-05,18.8,13.8,24.9,20298,0.0,1.58,2.0
2018-06-06,18.7,12.3,25.5,30534,0.0,1.48,2.3
2018-06-07,20.8,12.0,29.4,30070,0.0,1.51,1.9
2018-06-08,23.9,14.8,32.2,29850,0.0,1.82,1.7
2018-06-09,25.5,17.8,32.5,28765,0.0,2.11,1.8
2018-06-10,21.9,16.5,30.5,19672,5.8,1.94,1.8
2018-06-11,19.6,15.5,24.9,20551,0.0,1.74,2.2
2018-06-12,16.8,13.4,21.5,18964,0.0,1.52,2.4
2018-06-13,15.3,13.8,17.3,11952,0.0,1.53,2.6
2018-06-14,17.8,10.9,24.3,27001,0.0,1.35,1.9
2018-06-15,19.4,15.3,25.0,15053,0.0,1.74,1.4
2018-06-16,22.3,16.5,27.2,15924,0.0,1.89,1.5
2018-06-17,21.0,14.2,26.3,24190,0.0,1.64,2.3
2018-06-18,19.1,13.4,25.2,16427,0.0,1.57,2.2
2018-06-19,20.9,16.4,26.0,17292,0.0,1.86,2.3
2018-06-20,22.1,15.6,29.3,18033,0.0,1.84,1.9
2018-06-21,17.6,10.5,28.0,20374,1.2,1.36,3.6
2018-06-22,13.7,9.7,19.1,14824,3.0,1.2,3.7
2018-06-23,13.3,11.0,18.4,13835,2.3,1.29,3.3
2018-06-24,12.9,11.2,15.1,11365,2.8,1.29,2.4
2018-06-25,16.0,11.2,22.8,15916,0.0,1.35,2.3
2018-06-26,17.2,11.4,24.7,16646,0.0,1.38,1.9
2018-06-27,19.2,11.7,25.6,22914,0.0,1.42,2.3
2018-06-28,22.1,14.4,29.4,25238,0.0,1.72,2.4
2018-06-29,22.2,14.3,31.2,30019,0.0,1.73,2.4
2018-06-30,17.5,11.3,23.6,27661,0.0,1.36,2.5
2018-07-01,16.8,8.8,24.1,28007,0.0,1.2,2.7
2018-07-02,17.9,8.5,25.5,28474,0.0,1.2,2.1
2018-07-03,20.9,11.6,29.2,29921,0.0,1.46,1.8
2018-07-04,23.8,14.4,32.2,30382,0.0,1.77,1.6
2018-07-05,24.7,17.1,32.4,27037,0.0,2.04,2.2
2018-07-06,18.7,14.0,24.2,16092,0.0,1.59,2.8
2018-07-07,19.1,11.2,27.7,28318,0.0,1.41,2.8
2018-07-08,20.1,13.7,28.0,18729,0.0,1.63,2.4
2018-07-09,19.2,14.7,24.5,24080,0.0,1.66,2.6
2018-07-10,16.6,13.5,20.5,13281,0.0,1.52,2.1
2018-07-11,18.2,12.2,25.0,19114,30.9,1.47,1.9
2018-07-12,17.4,13.8,21.0,11019,7.1,1.54,2.2
2018-07-13,20.8,14.5,27.9,25499,0.1,1.7,2.1
2018-07-14,19.1,13.7,24.8,28010,0.0,1.57,1.9
2018-07-15,19.4,12.4,26.1,26861,0.0,1.49,1.6
2018-07-16,21.9,14.3,29.2,27659,0.0,1.7,1.5
2018-07-17,22.9,15.6,30.8,21043,0.0,1.86,2.0
2018-07-18,22.1,17.7,27.4,22932,0.0,2.01,2.6
2018-07-19,21.3,15.5,27.8,21907,0.0,1.79,2.0
2018-07-20,21.4,13.8,28.8,26933,0.0,1.66,1.6
2018-07-21,22.4,14.9,29.1,25175,0.0,1.75,1.7
2018-07-22,22.6,17.5,28.2,11714,0.0,2.01,1.8
2018-07-23,22.3,15.9,29.0,27935,0.0,1.86,1.6
2018-07-24,24.4,16.1,31.8,28222,0.0,1.93,1.4
2018-07-25,26.6,19.6,33.5,25982,0.0,2.35,1.6
2018-07-26,26.3,17.5,33.7,28305,0.0,2.1,2.0
2018-07-27,26.1,18.5,33.5,24392,0.0,2.23,2.2
2018-07-28,25.6,19.0,34.3,24553,6.1,2.28,2.4
2018-07-29,22.6,16.4,29.9,25069,0.0,1.92,1.8
2018-07-30,26.8,20.5,34.3,24152,0.0,2.46,1.5
2018-07-31,28.5,20.0,36.6,26563,6.0,2.46,1.9
2018-08-01,25.5,20.3,32.1,19002,0.0,2.4,2.0
2018-08-02,25.3,21.1,31.4,19634,0.0,2.52,1.8
2018-08-03,26.5,19.5,33.8,25573,0.0,2.33,1.6
2018-08-04,27.6,20.1,34.8,25476,1.3,2.45,1.8
2018-08-05,21.5,16.0,26.4,20795,0.0,1.81,2.5
2018-08-06,22.0,14.2,30.4,26916,0.0,1.73,1.7
2018-08-07,26.5,16.1,36.5,25288,0.0,2.02,1.9
2018-08-08,28.5,20.8,38.2,21918,0.1,2.61,2.5
2018-08-09,26.8,20.0,35.3,23562,3.7,2.46,2.6
2018-08-10,20.3,16.9,24.6,17892,0.0,1.91,3.2
2018-08-11,19.0,13.9,24.1,16528,0.0,1.58,2.9
2018-08-12,19.8,10.7,27.9,24271,0.0,1.39,1.8
2018-08-13,22.4,14.3,33.4,18873,0.0,1.8,2.1
2018-08-14,19.6,16.4,25.0,16025,1.9,1.84,2.8
2018-08-15,20.0,15.6,26.0,16387,0.0,1.77,1.9
2018-08-16,22.9,15.6,30.5,24474,0.0,1.84,1.7
2018-08-17,24.2,16.6,32.8,23553,0.0,1.99,1.9
2018-08-18,21.3,17.0,27.0,17784,0.0,1.93,1.8
2018-08-19,23.1,15.0,31.5,22960,0.0,1.8,1.8
2018-08-20,20.8,16.0,24.3,10625,0.0,1.8,2.3
2018-08-21,19.8,14.5,25.5,21359,0.0,1.67,1.5
2018-08-22,21.1,12.4,29.3,23563,0.0,1.54,1.5
2018-08-23,25.6,17.5,35.2,20547,0.1,2.15,1.9
2018-08-24,19.7,15.2,24.0,12160,0.0,1.72,2.7
2018-08-25,16.2,11.3,21.9,13161,0.4,1.35,2.6
2018-08-26,15.0,9.2,21.1,18188,0.0,1.19,2.1
2018-08-27,17.6,11.4,23.1,9267,0.1,1.38,3.1
2018-08-28,18.1,14.1,23.6,15773,0.0,1.61,1.6
2018-08-29,20.3,11.7,28.8,21354,0.3,1.47,2.0
2018-08-30,16.7,13.1,20.5,7940,2.9,1.49,2.7
2018-08-31,15.3,10.6,21.3,17117,0.0,1.3,2.0
2018-09-01,16.7,9.9,23.8,18045,0.0,1.27,1.9
2018-09-02,17.8,13.8,22.7,7906,0.1,1.56,2.1
2018-09-03,22.6,17.3,29.7,16930,0.0,2.0,2.0
2018-09-04,20.1,14.5,27.7,18147,0.0,1.69,1.7
2018-09-05,18.9,13.8,26.4,12724,0.0,1.61,1.6
2018-09-06,19.8,14.8,26.4,14872,0.6,1.72,1.8
2018-09-07,18.1,12.8,23.9,10142,0.3,1.49,2.2
2018-09-08,16.4,10.2,23.0,18066,0.0,1.28,2.1
2018-09-09,19.4,13.4,26.7,16903,0.0,1.59,1.6
2018-09-10,19.9,13.6,26.7,10837,0.0,1.59,1.8
2018-09-11,21.3,15.5,27.0,15809,0.0,1.78,2.7
2018-09-12,20.6,15.2,28.7,14872,0.2,1.78,2.3
2018-09-13,14.4,13.2,16.6,6771,0.8,1.46,1.6
2018-09-14,15.9,12.7,20.8,8833,0.0,1.45,1.5
2018-09-15,15.9,11.3,21.5,12705,0.0,1.35,2.2
2018-09-16,16.6,10.1,23.3,13633,0.0,1.27,1.6
2018-09-17,19.7,11.7,28.2,16741,0.0,1.46,1.5
2018-09-18,22.2,12.6,31.3,17051,0.0,1.6,2.2
2018-09-19,22.4,14.9,29.7,15849,0.0,1.76,2.2
2018-09-20,22.5,16.6,29.7,14850,0.0,1.94,2.2
2018-09-21,19.3,10.6,30.2,11180,2.2,1.42,3.8
2018-09-22,13.1,9.6,17.7,8759,0.8,1.18,3.4
2018-09-23,10.2,8.1,13.4,5921,15.4,1.05,3.1
2018-09-24,9.5,5.9,14.2,13148,0.3,0.92,3.7
2018-09-25,8.7,4.2,15.1,14612,0.0,0.84,2.1
2018-09-26,11.8,4.6,17.7,12322,0.0,0.88,2.7
2018-09-27,17.4,13.2,23.7,12972,0.0,1.53,2.2
2018-09-28,12.1,5.8,17.4,10992,0.0,0.95,2.6
2018-09-29,9.2,4.0,15.7,15005,0.0,0.83,2.0
2018-09-30,11.0,4.6,19.1,14749,0.0,0.89,1.8
2018-10-01,8.7,4.7,14.5,8391,0.7,0.85,2.5
2018-10-02,7.8,4.3,11.1,6768,0.9,0.82,3.9
2018-10-03,11.0,7.9,15.0,9166,0.0,1.05,3.9
2018-10-04,11.5,7.6,15.4,5505,0.0,1.03,1.9
2018-10-05,14.2,9.8,20.7,13085,0.0,1.22,1.9
2018-10-06,16.0,8.4,23.1,11794,0.0,1.16,1.7
2018-10-07,11.3,5.1,15.7,5651,0.0,0.89,2.1
2018-10-08,9.1,2.8,15.6,12841,0.0,0.77,1.5
2018-10-09,12.8,6.1,19.8,9156,0.0,0.98,1.5
2018-10-10,15.4,9.0,23.8,12285,0.0,1.21,2.0
2018-10-11,16.7,10.9,24.5,12280,0.0,1.36,2.3
2018-10-12,17.3,10.2,25.7,12121,0.0,1.32,1.9
2018-10-13,16.6,10.2,26.0,11962,0.0,1.31,2.1
2018-10-14,15.9,9.4,24.0,11582,0.0,1.23,2.3
2018-10-15,14.9,9.4,22.5,9960,0.0,1.21,1.7
2018-10-16,14.5,8.8,21.7,9387,0.0,1.17,1.2
2018-10-17,14.1,8.0,20.7,10619,0.0,1.11,1.1
2018-10-18,11.5,7.8,13.9,6287,0.0,1.03,1.8
2018-10-19,9.4,4.3,14.6,9067,0.0,0.83,1.4
2018-10-20,8.4,3.3,13.4,5956,0.0,0.77,1.6
2018-10-21,9.3,5.0,14.9,10181,0.0,0.87,1.6
2018-10-22,7.7,3.7,11.6,4279,2.3,0.79,2.2
2018-10-23,8.5,3.9,11.8,3603,6.0,0.8,4.7
2018-10-24,9.5,5.4,12.3,6449,1.4,0.88,4.4
2018-10-25,11.0,9.2,13.1,3668,0.4,1.12,3.8
2018-10-26,9.6,6.5,12.6,3408,0.0,0.95,2.8
2018-10-27,7.3,2.7,9.7,3920,0.0,0.73,2.6
2018-10-28,5.6,2.3,8.6,3662,0.1,0.71,3.2
2018-10-29,4.6,3.6,6.4,3222,0.1,0.76,3.6
2018-10-30,11.7,6.0,20.4,6919,0.1,0.98,4.3
2018-10-31,8.5,5.5,12.9,8397,0.0,0.88,2.8
2018-11-01,7.8,3.7,11.4,4549,0.0,0.78,1.9
2018-11-02,8.8,5.6,13.4,5721,0.0,0.89,2.1
2018-11-03,7.1,4.1,10.6,3110,0.0,0.8,1.6
2018-11-04,9.2,4.5,10.9,2880,0.0,0.83,1.9
2018-11-05,11.3,9.1,14.5,4086,0.0,1.12,2.1
2018-11-06,11.7,8.0,18.1,7412,0.0,1.07,1.9
2018-11-07,10.4,6.8,15.4,7194,0.0,0.99,1.8
2018-11-08,9.6,5.5,14.4,3391,0.2,0.9,1.5
2018-11-09,9.0,6.8,11.1,2625,0.0,0.96,1.8
2018-11-10,8.0,4.5,12.0,4194,0.3,0.83,2.7
2018-11-11,8.8,6.3,11.2,3596,1.3,0.93,2.8
2018-11-12,12.1,8.5,15.9,3117,1.0,1.09,2.2
2018-11-13,10.0,6.4,12.1,3066,9.3,0.94,2.6
2018-11-14,7.5,4.6,11.2,4867,0.0,0.83,1.9
2018-11-15,5.9,3.5,9.9,2357,0.0,0.77,1.9
2018-11-16,4.5,0.9,9.1,6437,0.0,0.64,2.4
2018-11-17,1.4,-2.7,5.8,6053,0.0,0.5,2.8
2018-11-18,1.3,-3.1,5.3,2877,0.1,0.48,2.5
2018-11-19,4.1,2.1,5.7,2445,0.3,0.68,4.0
2018-11-20,2.4,1.7,3.4,2166,0.0,0.66,4.4
2018-11-21,1.5,0.5,2.0,2131,0.0,0.61,2.9
2018-11-22,1.4,0.5,2.1,2098,0.0,0.6,2.1
2018-11-23,1.9,0.3,3.5,2065,0.0,0.6,1.9
2018-11-24,1.6,-0.4,2.9,2034,0.3,0.57,1.6
2018-11-25,4.4,2.5,6.5,2141,0.3,0.71,1.9
2018-11-26,2.8,-0.1,4.0,1976,0.0,0.59,2.4
2018-11-27,-0.2,-3.2,2.1,2038,0.0,0.47,1.6
2018-11-28,0.4,-1.8,3.2,4810,0.0,0.52,2.8
2018-11-29,0.4,-2.3,3.2,3879,0.0,0.5,3.6
2018-11-30,1.0,0.3,2.0,1873,1.6,0.6,2.7
2018-12-01,3.6,1.1,7.0,2673,0.0,0.65,2.5
2018-12-02,6.8,4.2,10.7,1828,2.9,0.8,3.4
2018-12-03,10.6,8.2,13.2,2448,1.2,1.06,3.4
2018-12-04,6.1,1.4,10.3,3398,0.0,0.68,3.2
2018-12-05,1.8,-0.1,6.8,4421,0.0,0.6,2.0
2018-12-06,5.1,1.3,9.5,1753,0.7,0.67,2.8
2018-12-07,10.5,9.1,12.3,1737,6.1,1.11,4.0
2018-12-08,6.9,4.7,9.0,1888,2.2,0.83,5.6
2018-12-09,7.1,5.6,8.4,1709,0.7,0.88,5.2
2018-12-10,4.5,3.5,6.0,2024,0.2,0.76,4.7
2018-12-11,4.1,2.1,4.9,1685,0.9,0.69,3.5
2018-12-12,2.4,1.2,3.9,1675,0.2,0.64,2.0
2018-12-13,2.0,0.5,3.2,1666,0.0,0.61,2.5
2018-12-14,0.3,-1.6,0.8,1659,0.0,0.52,2.3
2018-12-15,0.1,-0.6,0.9,1652,0.0,0.56,2.2
2018-12-16,-0.3,-1.2,0.5,1847,0.0,0.54,2.5
2018-12-17,0.8,-1.3,2.3,1722,0.3,0.54,1.8
2018-12-18,3.1,-0.5,6.5,2599,0.0,0.58,2.2
2018-12-19,1.7,-0.8,3.5,1637,0.0,0.56,2.6
2018-12-20,4.1,2.4,6.0,1676,1.3,0.7,2.5
2018-12-21,6.7,4.0,11.1,1636,6.2,0.8,4.2
2018-12-22,6.4,3.9,9.3,1637,6.0,0.78,3.9
2018-12-23,5.8,4.1,7.5,1640,3.5,0.79,2.9
2018-12-24,2.1,0.6,5.5,1643,0.2,0.62,3.0
2018-12-25,4.7,3.1,5.8,1648,0.0,0.73,3.1
2018-12-26,5.5,4.5,6.3,1654,0.2,0.81,2.7
2018-12-27,5.3,3.9,5.8,1661,0.1,0.78,2.2
2018-12-28,5.9,5.2,6.8,1669,0.8,0.85,2.1
2018-12-29,5.7,4.7,6.7,1678,4.5,0.83,3.1
2018-12-30,6.0,2.0,7.7,1770,0.2,0.69,3.9
2018-12-31,5.6,1.8,8.2,1700,0.3,0.68,2.1
2019-01-01,6.4,2.7,8.5,2414,2.0,0.72,5.1
2019-01-02,1.7,-2.5,3.8,2307,0.2,0.5,4.3
2019-01-03,-0.6,-2.4,1.5,1784,0.2,0.5,2.3
2019-01-04,1.8,-1.1,4.9,1758,2.7,0.55,3.2
2019-01-05,6.0,1.2,8.0,1902,0.7,0.65,3.9
2019-01-06,1.9,0.3,3.6,2049,1.3,0.6,2.3
2019-01-07,3.7,0.6,5.9,1814,5.9,0.62,3.0
2019-01-08,4.7,1.9,6.0,1835,6.7,0.68,5.7
2019-01-09,2.1,0.8,2.8,1857,2.6,0.62,4.6
2019-01-10,1.0,-0.3,2.2,2012,0.0,0.57,2.3
2019-01-11,2.3,-0.3,5.5,1905,1.8,0.59,3.1
2019-01-12,5.0,3.8,6.0,1930,3.6,0.77,4.1
2019-01-13,6.2,4.8,8.0,1957,5.7,0.83,5.1
2019-01-14,2.4,-0.1,5.7,3622,0.0,0.59,5.0
2019-01-15,3.9,0.9,6.5,2014,1.7,0.63,4.5
2019-01-16,6.0,2.3,7.1,2045,0.0,0.7,3.8
2019-01-17,4.3,0.8,7.1,2826,5.1,0.63,4.2
2019-01-18,0.3,-1.7,1.8,5517,0.0,0.52,2.4
2019-01-19,-0.1,-3.5,3.1,4918,0.0,0.46,1.6
2019-01-20,-2.6,-5.5,1.6,5709,0.0,0.4,1.3
2019-01-21,-3.3,-5.3,-1.5,3975,0.0,0.4,1.7
2019-01-22,-3.8,-6.5,0.1,5219,0.0,0.37,2.2
2019-01-23,-5.5,-7.1,-3.2,3392,0.0,0.34,2.3
2019-01-24,-3.5,-4.5,-3.1,2331,0.0,0.42,1.6
2019-01-25,-3.8,-5.9,-2.6,2987,1.2,0.38,2.1
2019-01-26,1.1,-3.2,4.1,2415,5.3,0.47,3.2
2019-01-27,3.9,2.0,6.3,2564,2.5,0.68,3.4
2019-01-28,2.6,0.3,5.3,4730,2.1,0.61,3.6
2019-01-29,0.9,-1.5,2.8,2657,0.0,0.53,2.6
2019-01-30,-0.4,-3.3,2.6,5583,0.0,0.47,2.9
2019-01-31,0.3,-2.8,4.6,4349,0.0,0.49,2.1
2019-02-01,-0.8,-3.9,2.1,2695,1.9,0.44,2.4
2019-02-02,0.4,0.2,0.9,2745,0.6,0.59,1.6
2019-02-03,0.7,-1.1,1.5,2797,0.0,0.54,2.7
2019-02-04,0.5,-2.4,5.5,7064,0.0,0.51,2.7
2019-02-05,1.9,-0.2,3.8,2904,0.0,0.58,2.5
2019-02-06,2.7,-0.1,6.7,6450,0.0,0.6,2.3
2019-02-07,2.3,-1.1,5.1,3196,0.2,0.55,3.1
2019-02-08,5.0,1.5,8.9,5438,0.0,0.67,3.8
2019-02-09,6.9,3.9,11.1,5280,1.3,0.8,5.0
2019-02-10,6.1,3.9,8.5,3192,12.7,0.79,4.3
2019-02-11,3.8,0.5,6.1,3756,0.7,0.61,4.8
2019-02-12,2.7,0.2,6.5,6116,0.0,0.6,3.2
2019-02-13,6.0,3.1,8.4,3377,0.4,0.75,2.7
2019-02-14,6.8,3.0,11.2,7877,0.0,0.75,1.8
2019-02-15,6.6,1.1,14.1,9845,0.0,0.68,1.6
2019-02-16,8.3,2.3,16.3,9987,0.0,0.76,1.9
2019-02-17,7.5,2.7,14.5,9523,0.0,0.75,1.6
2019-02-18,7.8,2.0,16.0,10140,0.0,0.74,1.7
2019-02-19,6.7,3.0,10.3,4052,1.8,0.74,2.9
2019-02-20,7.1,5.3,11.1,5246,0.1,0.87,2.3
2019-02-21,7.9,5.2,11.4,4270,2.9,0.86,2.6
2019-02-22,3.4,-2.7,8.8,8576,0.0,0.51,2.5
2019-02-23,-0.2,-4.1,5.4,9862,0.0,0.45,2.3
2019-02-24,3.9,-2.5,11.8,9854,0.0,0.54,1.5
2019-02-25,6.9,1.4,13.5,11180,0.0,0.69,1.6
2019-02-26,6.8,1.3,12.9,6532,0.0,0.69,1.5
2019-02-27,8.7,2.5,16.7,11790,0.0,0.76,1.6
2019-02-28,7.9,4.3,12.4,9341,0.2,0.82,3.1
2019-03-01,4.5,1.4,5.8,4511,0.1,0.66,2.6
2019-03-02,3.8,1.6,6.1,4589,0.2,0.67,2.4
2019-03-03,9.0,5.1,11.8,4667,1.0,0.86,4.2
2019-03-04,9.5,5.6,16.3,6506,2.7,0.93,5.7
2019-03-05,5.9,2.2,10.2,7413,1.3,0.71,4.6
2019-03-06,7.0,0.9,12.8,10133,1.1,0.67,3.1
2019-03-07,10.4,7.5,17.0,6967,0.4,1.04,4.5
2019-03-08,7.4,3.7,10.8,7901,1.9,0.78,4.9
2019-03-09,7.4,4.0,13.5,6749,5.3,0.81,5.6
2019-03-10,4.5,0.5,8.3,5743,14.9,0.62,4.7
2019-03-11,3.3,1.2,5.9,6603,0.5,0.65,4.4
2019-03-12,5.8,2.1,9.8,7910,0.4,0.7,3.9
2019-03-13,7.3,3.7,10.4,8105,1.2,0.78,5.6
2019-03-14,5.8,4.1,8.9,5920,8.6,0.79,5.1
2019-03-15,7.7,5.4,10.5,6008,0.4,0.87,5.4
2019-03-16,6.7,5.0,9.2,6096,5.3,0.84,4.7
2019-03-17,8.0,3.4,13.1,7542,1.1,0.78,4.5
2019-03-18,4.8,2.2,10.0,8190,1.7,0.71,4.2
2019-03-19,4.7,1.5,9.5,9032,0.1,0.67,2.1
2019-03-20,7.6,0.2,13.7,14344,0.0,0.65,2.0
2019-03-21,10.1,7.0,13.1,7568,0.0,0.98,2.1
2019-03-22,8.8,6.2,13.7,9270,0.0,0.93,1.6
2019-03-23,9.8,3.5,17.6,15849,0.0,0.83,2.1
2019-03-24,6.7,2.1,12.9,13229,0.2,0.73,1.9
2019-03-25,4.3,1.2,9.4,10469,2.1,0.66,3.5
2019-03-26,5.0,0.8,9.4,7665,1.4,0.64,3.1
2019-03-27,7.6,4.4,10.7,6779,3.6,0.82,2.3
2019-03-28,8.8,7.9,10.2,6767,1.2,1.03,2.0
2019-03-29,9.9,6.3,12.9,6853,0.0,0.94,1.8
2019-03-30,11.5,3.2,19.5,17953,0.0,0.83,1.8
2019-03-31,8.2,1.9,14.0,12972,0.0,0.72,2.4
2019-04-01,5.8,-0.8,13.0,19897,0.0,0.6,2.7
2019-04-02,8.7,0.7,16.3,18022,0.0,0.69,2.8
2019-04-03,13.1,7.5,19.5,14887,0.0,1.06,2.1
2019-04-04,14.1,7.2,22.1,18639,0.0,1.07,2.3
2019-04-05,9.6,6.0,14.5,11300,0.0,0.93,1.8
2019-04-06,14.8,6.7,23.4,19258,0.0,1.06,2.1
2019-04-07,14.0,7.3,21.1,20674,0.0,1.06,2.0
2019-04-08,12.5,5.1,21.4,19349,0.0,0.94,2.1
2019-04-09,7.5,2.8,13.8,18752,0.0,0.76,2.4
2019-04-10,6.0,0.6,12.0,15361,0.0,0.65,2.7
2019-04-11,4.5,2.3,8.1,12684,0.0,0.7,2.8
2019-04-12,3.5,2.3,5.5,8030,0.1,0.7,2.7
2019-04-13,4.8,2.1,8.0,8220,0.2,0.7,2.7
2019-04-14,5.9,2.7,10.9,10049,1.9,0.74,2.8
2019-04-15,7.8,1.0,14.9,22874,0.0,0.69,2.9
2019-04-16,9.3,1.5,17.1,22911,0.0,0.72,2.7
2019-04-17,11.3,3.1,19.5,23277,0.0,0.82,2.6
2019-04-18,14.7,6.7,22.5,23310,0.0,1.04,3.0
2019-04-19,15.6,8.1,24.3,23562,0.0,1.15,2.5
2019-04-20,13.7,4.4,22.8,23926,0.0,0.92,2.0
2019-04-21,14.6,6.9,22.8,24289,0.0,1.06,1.9
2019-04-22,13.6,6.6,20.4,24313,0.0,1.01,3.4
2019-04-23,14.8,9.7,21.1,19563,0.0,1.22,4.4
2019-04-24,17.4,12.0,24.6,21842,2.9,1.44,3.4
2019-04-25,18.4,11.3,26.3,23449,0.0,1.4,2.7
2019-04-26,17.8,9.9,24.9,19668,3.7,1.29,2.8
2019-04-27,12.8,9.0,19.7,11942,0.3,1.15,2.7
2019-04-28,10.3,7.9,14.2,13870,0.4,1.05,2.2
2019-04-29,10.3,5.1,17.3,13258,1.6,0.9,2.6
2019-04-30,11.4,1.6,19.4,25084,0.1,0.75,2.5
2019-05-01,13.3,7.8,18.9,21232,0.0,1.07,2.6
2019-05-02,10.2,6.8,14.3,9753,0.2,0.97,3.3
2019-05-03,8.6,5.6,12.9,16270,0.1,0.9,3.1
2019-05-04,6.8,1.8,11.9,14823,0.2,0.7,2.6
2019-05-05,6.8,0.4,13.4,19498,0.0,0.65,2.3
2019-05-06,8.1,2.0,13.6,16748,0.7,0.72,2.6
2019-05-07,8.7,5.1,14.8,18840,0.0,0.88,1.8
2019-05-08,11.8,1.9,19.3,18565,0.5,0.76,2.6
2019-05-09,14.0,10.5,19.4,15906,0.1,1.27,2.6
2019-05-10,13.0,8.9,18.2,14068,0.9,1.13,2.5
2019-05-11,10.9,7.2,15.0,12341,2.3,1.01,2.6
2019-05-12,11.5,5.5,17.7,25812,0.0,0.92,3.1
2019-05-13,10.3,3.4,17.7,25296,0.0,0.81,2.8
2019-05-14,9.0,3.0,14.9,20449,0.0,0.77,2.7
2019-05-15,8.8,0.9,15.4,12934,2.6,0.68,2.6
2019-05-16,9.3,6.3,11.5,10337,7.1,0.92,2.5
2019-05-17,13.4,5.7,20.1,17150,0.0,0.96,2.2
2019-05-18,17.5,9.9,25.0,28456,0.0,1.29,2.0
2019-05-19,19.2,12.1,27.2,22594,0.3,1.48,2.1
2019-05-20,18.3,13.2,26.9,18533,9.1,1.57,2.4
2019-05-21,18.2,12.7,24.5,22838,0.6,1.5,3.1
2019-05-22,12.5,10.9,15.3,10616,1.3,1.26,3.2
2019-05-23,14.1,7.4,20.3,25509,0.0,1.06,1.8
2019-05-24,17.7,10.0,24.5,26906,0.0,1.29,2.0
2019-05-25,13.3,8.6,17.2,14519,0.0,1.11,2.2
2019-05-26,16.3,7.8,22.2,19201,0.0,1.1,2.7
2019-05-27,17.9,13.9,21.7,11790,0.3,1.57,2.5
2019-05-28,15.2,9.3,20.5,17330,0.0,1.18,2.2
2019-05-29,12.8,8.3,19.2,24102,0.0,1.11,2.0
2019-05-30,16.2,6.2,24.4,24145,0.0,1.04,2.4
2019-05-31,19.0,12.5,24.8,17687,3.3,1.49,2.0
2019-06-01,21.1,13.9,28.4,24714,0.0,1.66,1.8
2019-06-02,23.9,15.0,32.3,26715,0.0,1.83,1.9
2019-06-03,26.2,18.4,34.8,28224,0.0,2.23,2.1
2019-06-04,24.2,16.5,31.8,25923,0.0,1.97,1.9
2019-06-05,27.0,18.2,35.0,29396,0.0,2.24,2.2
2019-06-06,21.6,14.6,31.9,20939,0.9,1.79,2.9
2019-06-07,19.8,13.0,26.6,27240,0.0,1.54,2.6
2019-06-08,18.3,13.1,23.6,21602,0.0,1.53,3.8
2019-06-09,19.8,11.2,27.4,25440,0.6,1.42,2.1
2019-06-10,22.0,15.9,29.4,18810,2.6,1.86,2.2
2019-06-11,22.9,16.3,30.1,24740,73.8,1.93,2.1
2019-06-12,21.7,15.6,33.7,23154,6.4,1.93,2.3
2019-06-13,19.7,14.5,26.1,23537,0.0,1.66,2.1
2019-06-14,23.2,14.5,31.0,24042,0.0,1.75,2.1
2019-06-15,25.2,17.2,31.7,23189,0.0,2.02,2.9
2019-06-16,18.2,14.5,21.3,17526,0.0,1.61,1.9
2019-06-17,21.4,15.1,27.8,24683,0.0,1.74,1.7
2019-06-18,23.7,16.2,30.6,29989,0.0,1.9,1.8
2019-06-19,25.5,17.4,33.6,27772,0.2,2.08,1.9
2019-06-20,21.5,17.1,26.6,21978,5.2,1.96,2.2
2019-06-21,20.1,15.2,25.5,21483,0.0,1.72,1.9
2019-06-22,20.5,14.1,27.2,26533,0.0,1.64,2.2
2019-06-23,21.9,14.3,28.8,29608,0.0,1.7,2.4
2019-06-24,23.4,15.9,30.4,30709,0.0,1.88,2.5
2019-06-25,27.0,18.2,34.3,30205,0.0,2.21,2.0
2019-06-26,29.1,18.8,37.3,30193,0.0,2.35,2.4
2019-06-27,19.8,13.9,26.7,28577,0.0,1.63,3.1
2019-06-28,18.5,11.7,25.2,22653,0.0,1.42,2.0
2019-06-29,23.7,14.9,32.4,30388,0.0,1.84,1.6
2019-06-30,29.0,17.8,38.7,29628,0.0,2.27,2.6
2019-07-01,22.5,16.3,28.4,21491,0.0,1.89,3.0
2019-07-02,17.8,12.8,23.4,24050,0.0,1.48,3.1
2019-07-03,15.8,10.1,20.7,21200,0.0,1.25,2.5
2019-07-04,17.2,9.6,24.5,27313,0.0,1.26,2.4
2019-07-05,18.6,15.3,22.6,11455,0.0,1.7,2.6
2019-07-06,18.1,12.5,24.1,12658,8.1,1.47,2.8
2019-07-07,14.8,11.2,20.7,14594,0.0,1.32,3.0
2019-07-08,14.1,11.1,19.9,12851,0.4,1.31,2.6
2019-07-09,14.4,9.8,18.6,15882,0.0,1.21,2.5
2019-07-10,16.3,9.5,23.1,22452,0.0,1.22,2.0
2019-07-11,18.7,11.1,24.9,20824,0.9,1.36,1.5
2019-07-12,17.9,15.5,23.9,13216,4.4,1.75,1.9
2019-07-13,18.9,14.4,27.3,17815,14.0,1.69,2.5
2019-07-14,16.7,14.3,20.6,14119,0.0,1.6,2.2
2019-07-15,15.4,13.2,18.1,10794,0.1,1.47,2.4
2019-07-16,16.4,12.6,21.5,13675,0.0,1.45,2.6
2019-07-17,17.0,11.4,24.1,19828,0.0,1.39,1.5
2019-07-18,20.3,13.1,28.1,23175,0.0,1.57,1.6
2019-07-19,20.4,16.0,24.8,13667,0.6,1.81,1.8
2019-07-20,22.9,15.9,30.3,23181,19.9,1.87,2.1
2019-07-21,21.1,16.1,26.7,24692,0.0,1.84,2.5
2019-07-22,20.4,14.9,25.4,16058,0.0,1.7,1.7
2019-07-23,23.9,16.7,31.2,28658,0.0,1.97,1.6
2019-07-24,25.8,18.3,33.7,28583,0.0,2.2,1.6
2019-07-25,26.8,19.3,35.1,27664,0.0,2.37,1.9
2019-07-26,24.9,17.7,31.9,28065,0.0,2.09,2.5
2019-07-27,23.7,18.5,29.7,25110,0.0,2.14,2.9
2019-07-28,25.0,18.1,31.9,24673,0.0,2.14,2.4
2019-07-29,25.3,19.6,34.1,17315,2.1,2.37,2.1
2019-07-30,22.1,18.9,26.2,10937,0.0,2.15,1.8
2019-07-31,19.3,14.6,23.8,13493,16.7,1.66,2.0
2019-08-01,19.2,14.3,25.4,16749,0.0,1.66,1.5
2019-08-02,19.2,14.6,26.0,19871,0.2,1.68,1.5
2019-08-03,20.0,14.7,26.8,21796,0.0,1.71,1.8
2019-08-04,19.4,15.1,24.9,18057,0.0,1.7,1.5
2019-08-05,20.3,14.3,25.0,12454,0.0,1.63,1.7
2019-08-06,22.1,15.9,28.8,17424,0.2,1.85,2.1
2019-08-07,21.3,16.4,25.8,13718,0.4,1.87,2.1
2019-08-08,20.8,14.5,28.0,21335,0.0,1.71,2.5
2019-08-09,22.0,14.2,29.1,21237,0.3,1.69,1.9
2019-08-10,23.4,19.5,28.6,17312,0.0,2.26,3.3
2019-08-11,23.3,16.3,29.8,21035,0.2,1.91,2.6
2019-08-12,20.3,16.7,24.3,14365,0.0,1.88,2.2
2019-08-13,18.1,12.0,23.8,19906,0.0,1.44,2.5
2019-08-14,17.0,11.9,23.5,21060,0.0,1.42,2.0
2019-08-15,18.1,13.0,23.3,9885,0.1,1.5,2.6
2019-08-16,18.4,14.1,24.1,15494,0.0,1.61,2.2
2019-08-17,20.5,14.5,28.4,12228,0.8,1.71,2.5
2019-08-18,20.0,16.2,27.3,11578,9.8,1.86,2.4
2019-08-19,19.1,15.2,25.2,19700,0.0,1.73,2.3
2019-08-20,19.6,13.9,25.4,16000,0.0,1.62,1.7
2019-08-21,18.6,13.0,24.8,22698,0.0,1.53,1.6
2019-08-22,20.0,12.6,27.5,22786,0.0,1.54,1.7
2019-08-23,21.2,14.0,29.2,23312,0.0,1.67,1.6
2019-08-24,22.4,15.7,30.4,20417,0.0,1.87,1.8
2019-08-25,24.6,18.1,32.9,20176,0.0,2.16,1.6
2019-08-26,24.1,18.4,33.0,14697,0.3,2.18,1.5
2019-08-27,24.7,19.1,34.0,16433,0.5,2.3,1.6
2019-08-28,25.0,19.8,34.6,16746,0.0,2.38,1.6
2019-08-29,24.0,17.3,31.2,20386,0.0,2.05,1.8
2019-08-30,24.3,19.0,30.7,16070,0.0,2.22,1.3
2019-08-31,26.2,18.6,34.6,20523,0.0,2.25,1.7
2019-09-01,22.9,15.5,30.0,15399,0.0,1.83,2.5
2019-09-02,16.8,12.4,23.2,18854,0.0,1.46,2.2
2019-09-03,16.2,10.7,21.8,10858,0.3,1.31,2.2
2019-09-04,19.8,13.3,27.8,17626,0.6,1.58,2.3
2019-09-05,17.2,11.6,22.4,15311,0.0,1.39,3.0
2019-09-06,14.7,8.2,21.3,19501,0.0,1.12,2.1
2019-09-07,14.6,8.8,21.5,10653,3.2,1.16,1.6
2019-09-08,15.6,11.4,21.1,13697,0.9,1.35,1.3
2019-09-09,13.5,11.7,14.8,7111,24.5,1.33,2.0
2019-09-10,14.5,10.1,19.7,16354,0.0,1.24,2.3
2019-09-11,15.8,8.6,22.6,16705,0.6,1.16,2.3
2019-09-12,17.4,14.1,22.4,9924,0.0,1.6,2.3
2019-09-13,17.1,11.5,23.3,9523,0.0,1.37,2.4
2019-09-14,13.8,8.2,19.5,17616,0.0,1.11,1.5
2019-09-15,16.5,9.2,23.5,15999,0.2,1.22,2.5
2019-09-16,13.4,11.4,15.0,6516,0.5,1.3,2.0
2019-09-17,11.6,8.5,15.6,8627,3.2,1.1,3.4
2019-09-18,11.3,7.1,16.8,13830,0.0,1.01,2.8
2019-09-19,10.9,6.4,17.0,15003,0.0,0.97,2.1
2019-09-20,11.2,5.9,17.0,11865,0.0,0.95,1.8
2019-09-21,14.2,7.2,22.1,16639,0.0,1.07,1.8
2019-09-22,15.9,7.8,25.3,16101,0.0,1.16,1.8
2019-09-23,16.1,8.9,23.7,14932,0.0,1.2,2.0
2019-09-24,15.6,13.2,19.7,6920,0.0,1.49,1.6
2019-09-25,14.1,11.0,16.9,5842,1.9,1.28,2.1
2019-09-26,15.0,9.5,20.7,11346,0.5,1.2,2.2
2019-09-27,14.7,11.3,17.1,6553,12.3,1.3,2.6
2019-09-28,14.0,11.1,18.9,8814,5.9,1.3,3.4
2019-09-29,14.1,11.8,17.1,5592,8.2,1.35,3.6
2019-09-30,14.1,10.2,17.3,6706,2.4,1.22,4.8
2019-10-01,13.5,10.4,17.2,5424,16.2,1.24,2.8
2019-10-02,10.0,7.1,13.6,8028,2.3,0.99,3.0
2019-10-03,9.3,7.0,12.3,6256,0.0,0.97,2.4
2019-10-04,8.5,5.4,11.5,5917,15.7,0.88,2.4
2019-10-05,8.4,3.7,12.2,6724,0.1,0.79,2.7
2019-10-06,6.0,2.3,11.7,10502,0.0,0.72,2.1
2019-10-07,6.6,2.1,12.3,11565,0.0,0.72,1.7
2019-10-08,9.9,4.8,13.5,4772,2.6,0.85,2.9
2019-10-09,12.0,8.9,15.9,7981,1.7,1.12,3.1
2019-10-10,10.8,8.4,14.8,9418,1.2,1.07,3.5
2019-10-11,12.8,9.1,15.6,4921,0.2,1.13,3.7
2019-10-12,15.9,13.6,19.5,8480,0.0,1.51,2.9
2019-10-13,18.9,13.8,24.4,8211,0.0,1.58,2.4
2019-10-14,18.0,13.7,22.6,11359,0.0,1.55,2.1
2019-10-15,15.7,11.5,22.1,10767,0.0,1.37,1.9
2019-10-16,11.9,9.6,14.6,4379,4.6,1.16,2.9
2019-10-17,14.1,11.5,17.4,4232,0.4,1.32,2.3
2019-10-18,14.0,8.8,18.9,8061,2.4,1.14,2.8
2019-10-19,12.1,8.5,16.1,4787,0.0,1.09,2.4
2019-10-20,14.8,11.2,20.2,7689,0.0,1.33,1.6
2019-10-21,14.3,10.9,18.4,5040,0.0,1.28,1.8
2019-10-22,12.8,8.4,17.7,7802,0.0,1.09,1.6
2019-10-23,12.1,7.6,17.4,8357,0.2,1.05,1.8
2019-10-24,13.3,10.4,17.0,5059,0.0,1.23,2.0
2019-10-25,13.5,10.5,18.6,7788,0.0,1.26,2.7
2019-10-26,13.6,9.8,17.4,8448,0.0,1.2,3.3
2019-10-27,11.3,5.7,16.3,3345,1.0,0.93,3.1
2019-10-28,7.6,4.5,12.1,7384,0.8,0.83,2.2
2019-10-29,5.0,0.8,9.5,6214,0.0,0.64,1.7
2019-10-30,3.3,-0.3,9.2,8582,0.0,0.6,1.7
2019-10-31,1.8,-1.0,7.1,8336,0.0,0.56,1.7
2019-11-01,2.8,-2.4,7.3,6592,1.7,0.51,2.5
2019-11-02,11.2,6.5,16.4,3405,1.5,0.98,3.1
2019-11-03,11.2,8.0,13.1,3052,5.6,1.05,2.3
2019-11-04,10.3,8.2,12.9,3691,3.7,1.06,2.5
2019-11-05,9.1,7.3,10.9,2884,0.7,0.99,2.1
2019-11-06,7.9,5.1,9.3,2774,2.1,0.85,1.8
2019-11-07,8.2,5.7,11.4,3785,0.0,0.89,2.1
2019-11-08,7.6,4.1,11.3,3170,2.6,0.81,1.6
2019-11-09,6.6,3.9,7.7,2625,2.4,0.78,1.9
2019-11-10,4.1,-0.2,8.5,6889,0.0,0.6,1.5
2019-11-11,1.4,-0.7,5.0,4075,0.0,0.57,2.6
2019-11-12,4.0,0.3,7.4,3854,0.0,0.61,2.9
2019-11-13,4.4,2.2,6.8,2441,0.0,0.69,2.3
2019-11-14,4.8,2.4,8.9,5689,0.0,0.71,2.4
2019-11-15,7.0,3.7,9.7,2458,1.6,0.78,2.9
2019-11-16,5.5,1.5,7.6,2316,1.5,0.66,2.1
2019-11-17,3.8,-0.2,6.6,2277,1.9,0.59,2.1
2019-11-18,7.3,3.4,10.5,2239,0.9,0.77,2.6
2019-11-19,5.8,3.6,8.2,5020,7.6,0.77,2.4
2019-11-20,5.1,4.2,5.8,2166,0.3,0.79,1.3
2019-11-21,7.9,5.7,9.0,2131,3.6,0.89,1.5
2019-11-22,7.9,5.7,9.9,2568,0.0,0.89,2.2
2019-11-23,6.4,2.8,8.3,2298,0.0,0.73,3.2
2019-11-24,4.5,2.7,7.4,3234,0.0,0.72,2.2
2019-11-25,4.5,3.4,5.1,2004,0.0,0.75,1.5
2019-11-26,6.3,3.9,8.2,1976,0.0,0.79,2.1
2019-11-27,6.4,3.8,7.8,1948,2.8,0.77,3.0
2019-11-28,9.7,7.5,12.4,2677,2.6,1.0,4.4
2019-11-29,5.1,-0.6,9.3,2425,0.0,0.59,3.6
2019-11-30,1.0,-2.0,4.1,4056,0.0,0.52,1.8
2019-12-01,1.7,-0.1,3.4,1850,0.0,0.58,1.6
2019-12-02,3.0,0.8,4.6,1828,0.1,0.63,2.3
2019-12-03,2.7,-0.7,5.4,3557,0.4,0.57,1.9
2019-12-04,3.8,0.2,6.6,3695,0.0,0.61,2.1
2019-12-05,0.5,-2.0,4.3,4758,0.0,0.52,2.3
2019-12-06,2.1,-1.1,6.0,1795,5.2,0.55,4.0
2019-12-07,7.8,5.7,9.7,1779,0.1,0.89,4.1
2019-12-08,9.0,7.2,11.4,1764,0.1,0.98,4.7
2019-12-09,7.0,4.3,9.8,3230,1.2,0.81,4.1
2019-12-10,2.8,0.4,5.4,4356,0.0,0.61,3.0
2019-12-11,3.1,0.5,4.3,1685,2.2,0.61,2.8
2019-12-12,2.1,0.4,4.1,1675,0.0,0.61,2.5
2019-12-13,0.7,-1.2,2.5,3365,0.8,0.54,3.5
2019-12-14,3.4,1.4,5.7,1699,5.4,0.65,4.5
2019-12-15,5.4,1.5,9.2,2496,1.5,0.67,4.1
2019-12-16,6.8,4.3,9.0,1646,0.1,0.8,2.3
2019-12-17,9.0,4.6,12.4,2002,0.0,0.84,2.4
2019-12-18,8.3,1.3,12.2,2279,0.0,0.68,2.3
2019-12-19,3.8,0.6,6.3,2196,0.0,0.62,2.3
2019-12-20,5.9,2.1,8.9,3713,2.7,0.69,2.8
2019-12-21,6.5,1.5,9.6,3354,0.0,0.68,2.3
2019-12-22,2.2,-0.2,4.5,1637,0.3,0.58,2.8
2019-12-23,6.7,3.8,8.4,1920,0.7,0.78,3.5
2019-12-24,6.1,3.9,8.1,2365,2.1,0.78,3.0
2019-12-25,5.4,4.4,6.1,1648,0.8,0.8,2.8
2019-12-26,4.7,3.4,6.1,1775,1.7,0.75,1.7
2019-12-27,3.0,0.4,3.9,1903,0.1,0.6,1.8
2019-12-28,0.8,-2.1,2.4,1831,0.0,0.51,1.6
2019-12-29,-0.3,-2.8,1.6,3833,0.0,0.48,1.9
2019-12-30,4.1,1.1,7.4,1852,0.0,0.64,2.7
2019-12-31,5.7,2.9,7.8,2233,0.0,0.73,2.5
2020-01-01,1.8,-1.7,4.9,3485,0.0,0.53,1.8
2020-01-02,0.5,-3.4,5.7,4669,0.0,0.47,2.2
2020-01-03,4.5,0.1,7.1,1742,3.8,0.6,3.6
2020-01-04,4.0,1.1,5.8,1758,2.3,0.64,4.2
2020-01-05,1.2,-1.7,4.0,2324,0.0,0.53,2.1
2020-01-06,4.6,0.9,7.2,2984,0.0,0.63,2.2
2020-01-07,2.4,-1.5,5.2,1814,0.4,0.54,2.6
2020-01-08,6.4,2.9,8.3,1835,3.4,0.73,2.9
2020-01-09,8.4,7.2,10.3,1857,6.0,0.98,2.7
2020-01-10,9.0,4.5,11.1,2582,1.0,0.82,3.4
2020-01-11,4.4,1.6,7.2,2789,0.0,0.66,2.7
2020-01-12,3.3,0.2,6.2,4563,0.0,0.6,3.6
2020-01-13,5.2,1.8,8.4,2858,0.0,0.68,2.6
2020-01-14,7.1,2.0,10.4,2031,0.0,0.7,4.0
2020-01-15,10.4,7.3,13.6,3208,0.0,1.01,3.9
2020-01-16,7.0,2.9,10.8,5476,0.0,0.75,2.3
2020-01-17,3.9,0.1,8.8,5262,0.1,0.61,2.6
2020-01-18,4.7,2.2,7.0,3671,0.1,0.7,2.9
2020-01-19,4.0,2.6,5.6,2430,0.0,0.71,1.9
2020-01-20,1.5,-1.1,4.5,3968,0.0,0.55,1.9
2020-01-21,1.7,-1.1,6.0,5931,0.0,0.55,2.3
2020-01-22,3.9,2.0,6.0,2253,0.0,0.68,2.1
2020-01-23,3.0,-0.5,7.1,2791,0.0,0.58,1.8
2020-01-24,-0.1,-2.8,3.4,5670,0.0,0.49,2.0
2020-01-25,0.5,-0.8,1.9,2373,0.1,0.56,1.9
2020-01-26,-0.2,-1.5,0.9,2415,0.0,0.53,1.9
2020-01-27,5.1,0.5,9.5,4187,3.9,0.63,2.9
2020-01-28,5.3,2.7,8.1,3564,5.0,0.72,4.5
2020-01-29,4.4,2.8,6.2,2764,1.9,0.72,4.4
2020-01-30,5.5,1.3,8.5,2651,1.7,0.66,4.1
2020-01-31,9.6,6.4,11.8,3415,0.0,0.94,4.6
2020-02-01,10.4,7.0,12.7,2695,9.2,0.98,4.5
2020-02-02,7.1,5.4,8.8,2745,3.3,0.86,3.9
2020-02-03,7.1,4.8,10.0,2968,2.4,0.84,3.7
2020-02-04,5.0,3.4,6.4,3023,2.0,0.75,4.1
2020-02-05,2.8,1.0,5.5,7462,0.0,0.64,3.0
2020-02-06,4.2,1.9,6.5,3078,0.3,0.68,2.3
2020-02-07,5.4,4.4,6.8,3016,0.0,0.8,1.9
2020-02-08,4.6,0.3,8.9,7621,0.0,0.62,2.3
2020-02-09,9.4,5.0,13.9,6692,7.8,0.87,5.2
2020-02-10,6.7,2.8,13.8,3627,6.3,0.76,7.0
2020-02-11,4.3,2.4,6.4,3252,0.1,0.7,6.6
2020-02-12,4.0,2.3,7.4,3696,0.0,0.7,5.6
2020-02-13,3.1,-0.1,5.6,5504,1.6,0.59,3.3
2020-02-14,3.5,1.0,5.9,3441,0.8,0.63,2.5
2020-02-15,5.7,1.2,10.8,7996,0.0,0.67,3.1
2020-02-16,11.8,7.0,16.5,3705,1.3,1.01,5.2
2020-02-17,9.3,5.6,11.7,4180,0.2,0.89,4.5
2020-02-18,6.6,4.1,8.6,4391,0.1,0.79,4.8
2020-02-19,5.0,3.6,7.4,4606,4.9,0.76,4.3
2020-02-20,4.7,0.5,7.5,4055,4.3,0.63,3.7
2020-02-21,5.8,3.9,8.0,5546,0.0,0.78,4.6
2020-02-22,8.1,5.1,12.3,4489,1.0,0.87,5.3
2020-02-23,6.5,2.9,8.1,4060,16.7,0.73,5.6
2020-02-24,5.0,2.7,7.7,4133,4.9,0.72,3.8
2020-02-25,7.2,2.6,10.3,6655,2.1,0.73,4.7
2020-02-26,2.0,0.5,4.0,4507,5.1,0.61,3.8
2020-02-27,3.3,1.4,6.3,5192,0.8,0.65,3.1
2020-02-28,3.3,0.3,8.6,6811,4.6,0.62,3.7
2020-02-29,6.7,0.9,12.1,7069,0.7,0.66,4.1
2020-03-01,6.7,3.9,11.4,8114,2.6,0.8,4.1
2020-03-02,5.9,2.9,10.0,7596,0.3,0.74,2.6
2020-03-03,4.1,1.3,6.4,4746,1.5,0.65,2.7
2020-03-04,3.9,0.2,9.1,8463,0.0,0.62,2.3
2020-03-05,5.0,-0.1,11.6,9969,2.0,0.62,2.6
2020-03-06,5.4,2.8,7.9,4987,2.4,0.73,3.9
2020-03-07,4.1,1.4,8.2,6485,0.0,0.66,3.1
2020-03-08,5.3,0.6,10.7,6917,0.1,0.64,3.1
2020-03-09,7.0,3.5,11.3,6338,1.5,0.78,2.6
2020-03-10,6.1,2.4,10.6,5316,8.9,0.72,4.5
2020-03-11,9.6,7.4,13.5,9295,1.0,1.01,4.4
2020-03-12,9.5,4.3,13.4,8017,1.4,0.83,5.3
2020-03-13,5.9,1.6,9.8,8036,0.2,0.68,4.6
2020-03-14,3.2,-1.0,8.8,15261,0.0,0.57,1.9
2020-03-15,5.7,-0.7,12.6,15431,0.0,0.6,3.2
2020-03-16,9.9,2.9,18.0,14696,0.0,0.8,2.0
2020-03-17,10.3,5.6,16.6,11387,0.0,0.92,2.0
2020-03-18,11.5,5.3,18.5,14835,0.0,0.92,2.4
2020-03-19,11.0,7.8,16.3,8214,0.0,1.05,1.5
2020-03-20,7.8,5.2,9.4,6164,0.1,0.86,2.3
2020-03-21,4.3,-0.3,8.5,14556,0.0,0.6,4.0
2020-03-22,1.7,-2.8,7.7,17372,0.0,0.5,3.8
2020-03-23,1.0,-3.7,7.3,17639,0.0,0.48,3.1
2020-03-24,2.0,-4.1,9.2,17908,0.0,0.48,2.9
2020-03-25,3.5,-3.5,11.2,18079,0.0,0.5,3.3
2020-03-26,5.6,-1.6,12.1,17857,0.0,0.57,3.4
2020-03-27,9.3,2.5,17.1,17728,0.0,0.78,2.9
2020-03-28,7.8,0.3,15.9,17991,0.0,0.67,2.6
2020-03-29,2.7,-2.7,6.0,8140,1.0,0.5,4.0
2020-03-30,0.2,-4.7,4.5,10250,0.9,0.43,2.7
2020-03-31,1.4,-2.3,5.7,13909,0.0,0.51,2.1
2020-04-01,3.8,-3.0,10.9,18533,0.0,0.52,2.3
2020-04-02,6.5,3.4,11.8,11597,0.2,0.77,2.9
2020-04-03,7.2,4.5,12.3,15433,0.0,0.83,3.0
2020-04-04,8.0,3.7,13.1,18064,0.0,0.79,1.7
2020-04-05,9.5,0.5,17.7,20619,0.0,0.69,2.9
2020-04-06,13.5,3.9,22.5,20885,0.0,0.9,2.4
2020-04-07,13.9,8.3,20.8,20938,0.0,1.12,2.0
2020-04-08,14.9,5.9,23.8,20988,0.0,1.01,1.7
2020-04-09,12.9,6.2,19.0,18037,0.0,0.98,2.0
2020-04-10,9.9,3.6,16.7,20972,0.0,0.82,1.8
2020-04-11,9.6,1.3,16.6,21878,0.0,0.72,1.5
2020-04-12,14.9,3.4,24.7,20942,2.7,0.89,1.9
2020-04-13,7.7,2.8,12.2,12562,0.2,0.75,3.9
2020-04-14,5.7,-0.8,11.8,22105,0.0,0.6,2.9
2020-04-15,9.1,3.2,16.4,18719,0.0,0.8,2.6
2020-04-16,11.6,3.9,19.3,22391,0.0,0.85,2.0
2020-04-17,11.4,4.8,18.3,22085,0.0,0.89,1.6
2020-04-18,11.0,3.6,18.9,23674,0.0,0.85,2.1
2020-04-19,9.5,4.3,14.7,23477,0.0,0.84,3.0
2020-04-20,9.9,2.3,17.1,24289,0.0,0.76,4.1
2020-04-21,11.5,4.2,18.2,24426,0.0,0.86,4.6
2020-04-22,12.8,4.8,19.9,24447,0.0,0.91,3.6
2020-04-23,14.9,6.7,22.5,24464,0.0,1.04,1.9
2020-04-24,15.1,6.9,22.6,19559,0.0,1.07,2.8
2020-04-25,11.1,7.3,16.6,12894,0.0,1.02,2.5
2020-04-26,12.8,5.5,19.6,23000,0.0,0.94,1.5
2020-04-27,15.1,5.0,23.6,22884,0.0,0.97,1.8
2020-04-28,17.0,10.2,23.9,19287,1.6,1.28,2.1
2020-04-29,11.7,8.2,18.4,12060,14.8,1.09,2.5
2020-04-30,13.0,8.6,18.4,14701,1.8,1.12,2.9
2020-05-01,12.5,7.9,18.0,14432,0.0,1.06,3.1
2020-05-02,9.4,5.2,16.3,14628,3.7,0.9,3.0
2020-05-03,10.2,5.7,15.2,13765,0.0,0.91,2.0
2020-05-04,8.7,3.9,11.7,10420,2.2,0.8,2.1
2020-05-05,7.2,2.8,13.4,21594,0.2,0.75,2.5
2020-05-06,11.2,3.4,17.5,25594,0.0,0.82,2.4
2020-05-07,11.1,5.7,17.5,17615,0.0,0.93,2.0
2020-05-08,15.0,7.5,22.8,25546,0.0,1.11,1.6
2020-05-09,16.9,9.2,24.4,25876,0.0,1.22,1.5
2020-05-10,17.0,9.9,24.7,18794,1.8,1.28,2.1
2020-05-11,6.7,0.6,14.8,10964,8.8,0.67,3.7
2020-05-12,6.5,-0.3,11.9,18818,0.1,0.62,2.4
2020-05-13,9.6,4.4,15.7,15522,0.0,0.85,2.0
2020-05-14,9.5,4.6,15.3,21361,0.0,0.85,2.5
2020-05-15,10.1,2.3,16.5,21913,0.0,0.75,2.6
2020-05-16,11.9,7.5,15.9,17995,0.2,1.02,2.4
2020-05-17,13.5,7.9,19.5,22772,0.0,1.08,2.5
2020-05-18,16.0,9.1,23.1,18597,0.0,1.19,2.3
2020-05-19,15.3,11.1,19.7,13317,0.0,1.3,2.3
2020-05-20,15.9,9.3,21.7,23324,0.0,1.21,1.6
2020-05-21,15.2,7.2,22.8,27760,0.0,1.08,1.5
2020-05-22,16.7,9.2,23.1,15770,4.4,1.22,2.1
2020-05-23,15.4,9.8,19.7,12892,0.4,1.21,2.8
2020-05-24,12.4,7.9,17.4,20618,6.2,1.07,3.5
2020-05-25,12.2,9.6,15.3,11508,0.1,1.16,3.1
2020-05-26,15.0,7.8,22.0,25845,0.0,1.11,1.6
2020-05-27,16.9,8.7,23.8,24180,0.0,1.18,1.9
2020-05-28,15.1,9.4,21.3,22144,0.0,1.21,2.7
2020-05-29,14.7,7.1,22.5,22185,0.0,1.06,2.1
2020-05-30,13.5,7.2,19.6,22223,0.0,1.04,2.5
2020-05-31,15.5,7.8,24.0,22015,0.0,1.13,2.7
2020-06-01,17.2,8.3,25.7,30275,0.0,1.19,2.4
2020-06-02,19.6,9.5,28.6,29821,0.0,1.3,1.7
2020-06-03,19.5,12.2,27.1,26415,0.0,1.48,1.9
2020-06-04,17.7,12.2,25.7,17716,13.4,1.46,2.2
2020-06-05,13.4,9.2,18.7,15281,2.1,1.16,3.4
2020-06-06,13.0,7.3,19.4,21825,0.3,1.05,3.2
2020-06-07,14.4,8.9,19.6,13355,0.0,1.15,2.3
2020-06-08,16.5,9.0,23.2,22731,0.0,1.2,1.5
2020-06-09,17.5,12.2,21.5,12282,0.0,1.41,1.9
2020-06-10,16.7,10.7,22.7,20797,2.4,1.31,2.1
2020-06-11,16.9,14.0,20.8,12803,2.1,1.56,2.0
2020-06-12,20.5,13.9,27.3,19101,0.0,1.64,2.5
2020-06-13,21.6,17.3,30.9,17263,20.1,2.03,2.4
2020-06-14,20.5,15.5,26.3,17642,0.0,1.76,2.7
2020-06-15,20.0,13.5,26.1,27019,0.0,1.58,2.0
2020-06-16,21.0,13.8,27.2,29245,0.0,1.63,1.4
2020-06-17,23.5,16.3,29.4,26413,0.0,1.9,1.7
2020-06-18,20.1,16.5,25.5,11498,7.0,1.88,2.2
2020-06-19,17.4,15.4,20.5,11253,0.5,1.71,2.3
2020-06-20,17.4,15.2,20.6,13717,0.4,1.68,2.5
2020-06-21,18.5,13.9,24.2,19755,0.3,1.59,2.0
2020-06-22,20.1,13.5,26.3,28869,0.0,1.59,2.2
2020-06-23,19.3,12.6,25.7,30832,0.0,1.5,1.8
2020-06-24,20.3,13.0,25.6,23800,0.0,1.53,2.1
2020-06-25,22.7,18.1,28.9,21695,0.0,2.09,2.4
2020-06-26,22.0,16.9,29.0,23529,1.7,1.96,2.0
2020-06-27,24.1,16.6,32.1,24253,0.0,1.97,2.1
2020-06-28,20.9,15.4,27.4,16115,9.6,1.78,2.5
2020-06-29,18.0,13.6,22.8,20035,0.4,1.56,2.5
2020-06-30,19.0,13.7,24.4,22721,0.0,1.57,3.5
2020-07-01,19.5,15.8,24.2,13482,8.9,1.78,2.8
2020-07-02,19.6,15.4,24.7,20341,0.2,1.75,2.3
2020-07-03,18.9,14.6,24.1,21666,0.0,1.66,2.4
2020-07-04,20.6,14.1,25.8,21516,0.0,1.63,3.3
2020-07-05,22.0,17.8,28.1,14743,1.6,2.04,4.0
2020-07-06,16.8,11.7,22.1,22681,1.3,1.37,4.0
2020-07-07,15.6,11.1,20.9,20198,0.2,1.33,2.5
2020-07-08,14.8,12.4,19.3,12210,0.6,1.42,2.0
2020-07-09,16.5,12.6,19.6,11080,9.7,1.44,2.1
2020-07-10,17.9,11.4,24.5,14838,3.1,1.39,2.9
2020-07-11,15.1,10.2,21.5,21517,0.0,1.26,2.2
2020-07-12,15.9,9.5,22.7,24036,0.0,1.22,1.9
2020-07-13,18.2,11.1,24.9,28375,0.0,1.36,1.6
2020-07-14,21.6,13.0,29.3,24183,0.0,1.59,1.7
2020-07-15,15.8,14.2,17.4,10757,6.6,1.57,1.7
2020-07-16,16.7,12.1,22.3,17763,0.4,1.42,1.7
2020-07-17,16.1,10.8,20.5,16623,0.9,1.3,1.5
2020-07-18,20.7,12.8,27.8,27238,0.0,1.54,1.3
2020-07-19,23.7,16.4,30.4,22939,0.0,1.92,1.5
2020-07-20,19.7,13.2,25.8,20824,0.0,1.55,2.2
2020-07-21,17.2,11.0,23.7,26438,0.0,1.34,2.1
2020-07-22,17.1,10.0,23.3,23235,2.3,1.27,1.8
2020-07-23,17.7,12.1,23.6,23048,0.0,1.43,1.6
2020-07-24,20.8,13.2,28.7,22138,0.0,1.61,2.4
2020-07-25,20.5,14.3,27.0,18230,0.0,1.66,1.9
2020-07-26,18.5,15.7,23.8,14813,7.4,1.75,2.5
2020-07-27,20.1,14.1,26.8,19294,0.4,1.64,1.9
2020-07-28,22.5,16.4,27.9,20655,0.0,1.88,3.3
2020-07-29,18.3,12.9,23.6,20223,0.0,1.5,2.8
2020-07-30,17.5,10.7,24.0,24068,0.0,1.32,1.8
2020-07-31,20.1,12.4,27.7,26827,0.0,1.52,1.6
2020-08-01,22.6,13.6,30.9,25431,0.0,1.69,2.0
2020-08-02,19.9,16.3,23.5,10700,2.4,1.83,1.9
2020-08-03,18.0,13.3,23.7,17115,0.0,1.54,1.9
2020-08-04,17.4,11.0,23.8,18093,0.0,1.34,1.8
2020-08-05,21.0,13.1,28.5,26798,0.0,1.59,1.9
2020-08-06,22.8,14.2,31.0,26690,0.0,1.74,1.7
2020-08-07,25.9,17.9,33.8,23783,0.0,2.16,1.6
2020-08-08,28.2,20.6,35.8,24956,0.0,2.53,1.4
2020-08-09,28.1,21.3,36.7,20673,0.0,2.66,1.7
2020-08-10,25.3,20.9,32.6,18031,0.0,2.51,2.0
2020-08-11,26.0,18.6,34.0,25308,0.0,2.24,2.3
2020-08-12,24.9,18.1,32.7,25303,0.0,2.14,2.3
2020-08-13,24.3,18.8,31.1,13392,0.4,2.21,2.0
2020-08-14,24.3,20.4,30.5,14790,0.0,2.4,1.7
2020-08-15,24.7,18.2,31.5,20496,0.0,2.15,1.4
2020-08-16,24.3,17.9,31.9,24346,0.0,2.1,1.8
2020-08-17,24.3,16.8,32.4,20380,0.8,2.0,1.8
2020-08-18,21.2,17.6,27.0,11607,0.5,2.01,1.8
2020-08-19,21.2,15.6,27.9,20143,0.0,1.8,1.5
2020-08-20,24.0,15.6,31.8,15895,0.0,1.88,1.9
2020-08-21,27.7,18.9,36.7,19010,0.8,2.34,2.2
2020-08-22,22.4,15.8,26.6,12585,5.2,1.79,2.7
2020-08-23,19.9,15.0,25.5,17775,0.0,1.71,3.0
2020-08-24,18.4,14.2,23.9,14476,0.0,1.63,2.3
2020-08-25,18.1,12.9,23.9,17097,0.2,1.49,2.2
2020-08-26,17.2,14.7,20.9,10027,7.1,1.64,5.1
2020-08-27,16.5,12.9,20.3,12856,0.4,1.47,2.7
2020-08-28,17.3,12.1,23.8,10601,0.1,1.44,2.4
2020-08-29,18.6,13.7,24.7,14038,0.0,1.59,2.1
2020-08-30,17.5,12.7,24.2,13073,19.8,1.48,1.8
2020-08-31,16.6,12.1,23.0,14128,1.7,1.41,1.8
2020-09-01,14.7,10.2,19.7,13485,0.0,1.24,1.7
2020-09-02,14.1,10.5,18.5,8241,2.6,1.26,1.5
2020-09-03,17.0,11.1,23.5,16273,7.8,1.35,2.2
2020-09-04,17.9,14.7,23.3,10861,0.2,1.65,2.3
2020-09-05,15.6,12.5,18.1,7363,0.4,1.41,2.3
2020-09-06,14.5,10.2,20.0,17094,0.0,1.25,1.9
2020-09-07,14.6,10.8,21.0,15018,0.0,1.3,1.7
2020-09-08,16.8,10.2,23.5,11552,0.0,1.28,2.4
2020-09-09,19.6,13.7,26.4,10938,1.4,1.6,2.4
2020-09-10,14.8,10.7,20.2,14613,0.0,1.28,1.8
2020-09-11,16.2,9.8,23.0,17742,0.0,1.25,1.4
2020-09-12,18.5,11.5,27.3,17582,0.0,1.45,2.1
2020-09-13,17.7,10.8,25.0,16152,0.0,1.34,1.9
2020-09-14,21.7,13.9,30.6,17452,0.0,1.7,1.5
2020-09-15,23.3,15.2,32.0,17576,0.0,1.85,1.3
2020-09-16,21.9,15.1,30.3,14832,0.0,1.81,1.9
2020-09-17,14.3,7.3,19.8,16862,0.0,1.05,2.7
2020-09-18,12.6,6.4,21.0,17542,0.0,1.02,2.2
2020-09-19,14.0,6.8,22.3,15969,0.0,1.05,1.8
2020-09-20,15.4,9.0,24.2,16731,0.0,1.21,1.7
2020-09-21,16.7,9.2,25.6,16377,0.0,1.25,1.2
2020-09-22,18.8,10.9,27.0,15842,0.0,1.39,1.2
2020-09-23,19.8,13.7,27.1,13689,0.0,1.62,1.9
2020-09-24,17.3,12.5,22.4,9601,12.8,1.46,2.8
2020-09-25,12.7,10.6,15.6,7177,3.4,1.24,2.6
2020-09-26,9.6,7.7,11.4,5585,22.0,1.02,3.0
2020-09-27,9.2,5.8,13.1,6286,0.2,0.91,2.1
2020-09-28,13.0,8.1,19.0,14573,0.0,1.1,1.5
2020-09-29,13.5,10.0,19.1,9444,0.0,1.22,1.6
2020-09-30,13.4,8.0,20.1,14409,0.0,1.1,1.4
2020-10-01,13.1,7.4,18.6,11050,0.0,1.05,2.0
2020-10-02,13.5,8.6,18.4,6089,0.0,1.12,2.9
2020-10-03,16.7,10.9,22.7,10281,0.0,1.32,3.3
2020-10-04,13.4,6.3,19.2,9252,0.0,0.99,2.9
2020-10-05,10.3,5.4,13.5,5093,1.7,0.89,2.7
2020-10-06,11.9,6.2,16.6,6610,0.6,0.95,3.5
2020-10-07,12.1,8.0,16.1,7066,3.5,1.06,3.2
2020-10-08,12.0,6.2,14.8,7042,5.4,0.95,3.5
2020-10-09,12.7,8.4,15.5,4925,2.8,1.09,2.2
2020-10-10,9.6,2.8,12.7,6531,0.0,0.75,2.6
2020-10-11,7.6,2.1,11.8,7040,0.0,0.71,2.0
2020-10-12,8.2,3.4,11.9,5810,0.0,0.77,1.6
2020-10-13,8.2,1.6,12.7,8094,0.6,0.7,1.6
2020-10-14,9.6,7.3,10.1,4162,15.7,0.98,3.4
2020-10-15,9.9,7.4,10.6,4089,2.0,0.99,2.7
2020-10-16,8.9,5.8,11.5,4447,0.5,0.9,2.1
2020-10-17,9.2,4.8,12.7,6145,0.0,0.85,1.4
2020-10-18,7.7,3.9,9.6,3875,2.5,0.79,2.3
2020-10-19,8.3,3.5,11.7,5262,0.0,0.78,1.7
2020-10-20,8.2,1.3,12.1,4560,3.6,0.68,2.4
2020-10-21,11.7,7.7,16.0,3669,0.3,1.05,2.9
2020-10-22,15.4,11.5,18.7,6013,0.0,1.34,3.0
2020-10-23,13.7,10.0,16.6,4000,5.5,1.2,2.0
2020-10-24,12.5,7.8,16.5,7265,0.0,1.06,2.8
2020-10-25,12.3,7.8,17.3,7091,0.0,1.06,2.8
2020-10-26,10.9,6.2,13.1,3601,0.7,0.93,2.4
2020-10-27,9.4,5.0,12.8,4734,0.1,0.86,3.1
2020-10-28,10.1,6.2,13.6,4594,2.2,0.93,3.4
2020-10-29,9.6,5.4,11.9,4764,2.6,0.88,3.5
2020-10-30,11.2,5.6,13.5,3104,14.6,0.9,3.3
2020-10-31,13.5,9.3,14.9,3046,2.3,1.15,2.2
2020-11-01,12.4,9.8,15.1,3465,7.6,1.19,2.9
2020-11-02,16.6,14.0,19.9,4518,6.3,1.57,4.0
2020-11-03,11.7,9.5,14.4,6125,0.0,1.16,2.7
2020-11-04,8.0,4.0,11.5,6719,0.0,0.8,2.3
2020-11-05,6.8,2.8,10.6,7073,0.0,0.74,2.2
2020-11-06,8.8,7.9,9.7,2723,0.0,1.02,1.8
2020-11-07,7.4,3.7,11.8,5655,0.0,0.78,1.7
2020-11-08,5.3,2.1,10.9,6607,0.0,0.71,1.4
2020-11-09,5.7,4.9,6.4,2577,0.0,0.83,1.8
2020-11-10,5.4,4.2,6.1,2531,0.0,0.79,1.8
2020-11-11,6.1,4.6,7.3,2486,0.0,0.81,1.6
2020-11-12,7.7,5.6,11.1,4314,0.0,0.88,2.3
2020-11-13,7.9,5.0,12.5,5998,0.3,0.86,2.0
2020-11-14,11.5,9.0,14.8,2865,0.0,1.12,2.0
2020-11-15,9.9,6.9,14.1,4477,1.1,0.98,3.1
2020-11-16,9.3,6.7,12.4,3320,0.1,0.96,3.5
2020-11-17,9.6,6.1,11.0,2779,0.3,0.91,3.0
2020-11-18,10.6,7.8,12.6,2202,0.0,1.03,2.7
2020-11-19,8.8,3.0,11.4,2599,1.1,0.75,4.0
2020-11-20,2.8,0.0,5.9,3368,0.1,0.59,2.2
2020-11-21,3.4,-0.9,6.7,2427,0.0,0.57,3.0
2020-11-22,7.5,5.4,10.1,2531,0.0,0.87,2.8
2020-11-23,5.5,2.2,8.7,3834,0.0,0.7,2.4
2020-11-24,2.7,0.0,7.9,4974,0.0,0.6,2.4
2020-11-25,1.2,-0.5,3.1,1976,0.0,0.57,2.2
2020-11-26,4.2,-0.2,7.1,1948,0.3,0.6,1.9
2020-11-27,6.0,2.5,8.8,2855,0.3,0.72,1.4
2020-11-28,3.4,0.7,4.8,1897,0.0,0.62,1.8
2020-11-29,1.6,-0.8,4.3,1916,0.3,0.56,1.8
2020-11-30,1.3,-0.4,2.5,1850,0.0,0.57,2.1
2020-12-01,2.4,-1.1,4.1,1828,0.0,0.55,2.0
2020-12-02,-1.1,-3.7,2.5,3984,0.0,0.45,1.8
2020-12-03,-0.8,-3.1,1.1,1788,0.0,0.47,3.0
2020-12-04,0.3,-3.3,3.9,1854,0.0,0.47,3.0
2020-12-05,3.0,-0.2,7.2,2548,0.0,0.59,2.0
2020-12-06,6.8,3.8,10.6,2527,0.0,0.79,1.9
2020-12-07,5.8,2.7,7.9,2260,0.0,0.72,2.4
2020-12-08,3.7,1.2,6.5,3683,0.5,0.65,1.8
2020-12-09,2.0,1.0,2.7,1697,0.1,0.63,1.8
2020-12-10,-0.1,-0.7,1.0,1685,0.0,0.56,1.6
2020-12-11,0.2,-0.8,1.4,1675,0.0,0.55,2.8
2020-12-12,0.9,-0.8,1.9,1707,0.1,0.56,2.2
2020-12-13,3.1,1.8,4.1,1659,0.0,0.67,1.8
2020-12-14,5.3,2.4,7.8,2255,0.0,0.7,2.6
2020-12-15,5.9,3.4,7.7,1646,0.6,0.75,2.2
2020-12-16,7.7,4.0,9.6,1962,0.0,0.79,1.9
2020-12-17,5.3,1.9,8.0,2639,1.1,0.68,2.6
2020-12-18,5.2,1.2,8.6,3994,0.0,0.66,2.3
2020-12-19,3.5,0.9,7.0,4352,0.0,0.64,2.7
2020-12-20,4.0,1.2,6.3,3074,1.4,0.65,2.3
2020-12-21,4.5,2.9,6.5,3796,5.3,0.72,2.7
2020-12-22,9.4,5.7,13.4,1800,1.5,0.91,3.8
2020-12-23,7.4,6.1,10.2,1643,4.7,0.91,2.2
2020-12-24,6.2,2.9,10.3,1809,1.3,0.74,3.4
2020-12-25,2.4,0.6,3.9,1654,0.2,0.61,2.4
2020-12-26,0.8,-1.3,2.5,1661,0.0,0.53,3.0
2020-12-27,1.6,0.6,2.5,1709,0.0,0.62,5.0
2020-12-28,2.3,0.5,4.4,2288,2.2,0.61,2.6
2020-12-29,1.8,-0.4,3.9,2423,0.0,0.57,2.6
2020-12-30,1.9,-0.6,4.9,3833,0.0,0.57,2.7
2020-12-31,2.4,0.4,4.5,2826,0.0,0.61,2.4
2021-01-01,1.9,0.7,3.0,1713,0.4,0.62,1.4
2021-01-02,0.9,-1.6,3.3,1727,0.1,0.53,1.6
2021-01-03,0.5,-1.5,1.4,1742,6.5,0.53,2.6
2021-01-04,0.7,0.3,0.8,1758,0.4,0.6,2.6
2021-01-05,1.5,0.5,2.6,1776,1.3,0.61,2.6
2021-01-06,1.7,0.2,3.0,1794,0.6,0.6,2.2
2021-01-07,0.9,0.1,1.6,1814,0.0,0.59,2.1
2021-01-08,0.5,-0.3,1.3,1835,0.6,0.57,2.1
2021-01-09,1.1,0.0,2.1,1857,0.1,0.59,1.6
2021-01-10,0.2,-1.6,1.4,2056,0.1,0.52,1.9
2021-01-11,0.5,-1.4,1.4,1905,2.3,0.53,3.2
2021-01-12,1.3,-0.2,3.2,1930,1.8,0.58,4.0
2021-01-13,1.3,-0.5,3.5,1957,4.8,0.57,4.2
2021-01-14,1.1,-0.5,3.0,2394,0.0,0.57,2.9
2021-01-15,-0.4,-3.0,1.1,2014,0.2,0.47,2.2
2021-01-16,-1.8,-3.2,-0.8,2045,0.0,0.47,2.1
2021-01-17,-2.9,-5.3,0.0,2077,0.0,0.4,1.6
2021-01-18,-1.2,-6.2,2.2,2109,5.8,0.39,2.9
2021-01-19,2.2,0.3,4.9,2143,7.0,0.6,3.8
2021-01-20,5.5,2.8,8.2,2420,0.2,0.72,3.6
2021-01-21,8.3,4.5,12.9,3633,1.0,0.84,4.4
2021-01-22,6.4,0.7,10.8,2450,0.5,0.65,3.5
2021-01-23,1.7,-0.5,2.8,2291,3.4,0.57,2.1
2021-01-24,0.8,-0.6,1.7,2331,0.9,0.56,2.4
2021-01-25,1.0,-0.1,3.0,2731,0.0,0.59,1.8
2021-01-26,0.5,-2.6,2.9,4331,0.0,0.49,3.0
2021-01-27,1.4,-1.4,4.9,5130,0.2,0.54,2.5
2021-01-28,1.7,-2.4,3.8,2504,0.1,0.5,2.6
2021-01-29,-1.2,-3.0,0.7,2550,6.6,0.47,3.5
2021-01-30,-1.2,-4.6,2.0,3085,0.0,0.43,2.6
2021-01-31,-4.9,-8.6,0.5,6877,0.0,0.32,2.1
2021-02-01,-4.4,-9.7,0.2,4030,0.1,0.3,2.2
2021-02-02,0.8,-1.2,2.7,2745,1.7,0.54,2.3
2021-02-03,4.6,0.9,9.1,3310,9.6,0.64,3.3
2021-02-04,0.7,0.0,2.2,2850,0.9,0.58,2.8
2021-02-05,-0.3,-1.3,0.9,2904,1.4,0.53,2.4
2021-02-06,-1.9,-4.3,-0.5,2959,0.0,0.43,3.9
2021-02-07,-6.1,-7.7,-4.1,3016,4.5,0.33,4.8
2021-02-08,-9.2,-12.7,-6.3,3073,4.5,0.23,3.6
2021-02-09,-9.2,-11.9,-7.2,3132,0.2,0.24,1.9
2021-02-10,-8.6,-12.2,-4.1,5429,0.1,0.24,2.3
2021-02-11,-5.3,-8.6,-1.6,4322,0.0,0.31,1.8
2021-02-12,-5.5,-10.2,-1.1,8536,0.0,0.28,2.3
2021-02-13,-7.6,-12.8,-1.2,8147,0.0,0.24,2.1
2021-02-14,-5.7,-9.6,-0.3,8204,0.0,0.29,2.0
2021-02-15,-5.1,-12.9,0.8,5883,4.6,0.24,2.7
2021-02-16,1.7,-1.6,4.7,3572,2.2,0.53,2.2
2021-02-17,4.4,2.4,6.8,3706,0.2,0.7,2.9
2021-02-18,6.4,3.4,10.6,7197,3.4,0.77,2.5
2021-02-19,5.5,1.3,9.7,9108,0.0,0.67,2.5
2021-02-20,6.4,-0.1,12.8,9170,0.0,0.63,2.2
2021-02-21,9.2,3.3,16.9,10579,0.0,0.81,2.2
2021-02-22,6.7,0.5,13.8,10871,0.0,0.66,2.0
2021-02-23,11.3,5.6,18.7,8194,0.0,0.94,2.0
2021-02-24,13.0,8.2,20.1,9561,0.0,1.1,2.2
2021-02-25,12.5,7.7,19.9,10290,1.3,1.08,2.1
2021-02-26,7.2,3.0,11.0,5107,0.6,0.75,2.4
2021-02-27,4.3,0.8,6.6,4357,0.0,0.63,2.3
2021-02-28,1.8,-0.5,3.6,5124,0.0,0.57,2.0
2021-03-01,3.5,-0.4,8.2,7921,0.0,0.59,1.6
2021-03-02,2.9,-2.2,11.0,8897,0.0,0.54,1.4
2021-03-03,7.2,-1.2,15.7,11080,0.0,0.61,1.6
2021-03-04,3.3,2.2,6.1,4746,0.0,0.69,2.4
2021-03-05,1.9,-2.0,6.9,12667,0.0,0.53,2.4
2021-03-06,1.1,-3.8,4.2,7275,0.0,0.46,2.3
2021-03-07,2.9,1.3,4.6,5070,0.5,0.65,2.5
2021-03-08,1.9,-2.4,6.8,14066,0.0,0.51,1.6
2021-03-09,1.3,-3.1,7.5,11460,0.0,0.49,1.6
2021-03-10,2.0,-3.2,9.1,13133,1.2,0.5,2.2
2021-03-11,6.4,2.5,13.2,7289,5.4,0.74,5.2
2021-03-12,6.7,3.5,10.8,8603,1.3,0.77,5.0
2021-03-13,5.2,2.4,10.9,6357,6.6,0.72,5.4
2021-03-14,4.5,2.7,8.1,6714,2.5,0.72,4.2
2021-03-15,4.2,1.0,8.6,6453,8.1,0.65,3.6
2021-03-16,4.3,0.9,8.5,7263,0.0,0.64,3.2
2021-03-17,1.9,-1.1,6.4,7542,0.6,0.56,2.0
2021-03-18,1.9,-1.4,7.7,8099,1.7,0.55,1.6
2021-03-19,0.7,-3.6,4.7,8203,0.3,0.46,2.5
2021-03-20,0.9,-3.4,4.6,10350,0.0,0.47,2.4
2021-03-21,5.3,1.2,10.5,8786,0.7,0.67,3.7
2021-03-22,4.7,-0.2,10.9,14745,0.3,0.61,2.4
2021-03-23,5.7,3.8,8.2,6336,0.0,0.77,2.0
2021-03-24,8.6,4.7,14.0,11503,0.0,0.86,1.8
2021-03-25,9.7,3.7,16.7,13657,0.4,0.82,1.7
2021-03-26,11.1,6.8,17.3,10487,0.0,0.99,2.2
2021-03-27,6.5,1.6,11.5,9524,2.3,0.68,4.0
2021-03-28,7.4,0.4,12.8,11309,0.0,0.65,3.1
2021-03-29,13.7,9.0,20.8,11527,0.0,1.17,2.9
2021-03-30,15.5,8.4,22.8,18855,0.0,1.14,1.7
2021-03-31,16.8,8.5,25.1,19223,0.0,1.18,1.3
2021-04-01,11.7,5.3,17.0,8429,0.1,0.91,2.5
2021-04-02,6.0,0.7,13.3,12609,0.0,0.66,3.1
2021-04-03,5.5,1.0,10.8,15504,0.0,0.66,2.8
2021-04-04,5.3,-0.6,11.7,18329,0.0,0.61,2.5
2021-04-05,3.3,-0.7,6.1,10571,3.4,0.57,4.8
2021-04-06,1.6,-1.8,7.2,14443,0.2,0.54,4.0
2021-04-07,3.3,0.9,7.2,9513,0.2,0.63,4.3
2021-04-08,4.2,1.6,8.4,9183,0.0,0.67,3.5
2021-04-09,7.7,0.3,14.3,16942,1.1,0.65,3.0
2021-04-10,7.1,5.1,9.3,7866,4.8,0.85,2.0
2021-04-11,10.9,3.3,21.1,14083,5.8,0.85,3.0
2021-04-12,4.6,0.9,8.2,8571,0.0,0.64,2.7
2021-04-13,4.2,-0.8,10.6,16266,0.0,0.58,2.6
2021-04-14,4.4,-0.6,10.3,15075,0.0,0.6,2.1
2021-04-15,3.9,-0.6,9.1,10358,0.0,0.58,2.3
2021-04-16,7.3,3.3,13.2,14969,0.0,0.78,2.4
2021-04-17,8.9,5.1,13.6,10867,0.2,0.88,2.1
2021-04-18,7.3,4.5,12.6,9509,7.3,0.83,1.6
2021-04-19,8.3,3.3,15.1,13950,0.1,0.8,1.7
2021-04-20,11.3,3.5,19.0,23253,0.0,0.84,1.6
2021-04-21,10.7,4.2,18.5,19894,0.0,0.87,2.6
2021-04-22,7.3,4.0,12.7,11302,0.2,0.81,3.6
2021-04-23,8.3,4.4,15.3,15475,0.0,0.85,2.6
2021-04-24,7.1,2.0,12.5,15003,0.0,0.71,2.3
2021-04-25,6.6,1.3,11.9,15898,0.0,0.68,2.4
2021-04-26,5.1,-0.5,10.4,19094,0.0,0.6,2.1
2021-04-27,7.1,-0.2,14.1,25419,0.0,0.63,2.5
2021-04-28,11.0,2.4,18.8,23809,1.1,0.78,2.2
2021-04-29,11.0,7.6,18.1,15461,6.1,1.05,3.0
2021-04-30,8.4,6.7,10.7,9501,0.0,0.95,1.9
2021-05-01,9.7,5.9,14.5,15284,0.0,0.92,1.7
2021-05-02,8.6,5.7,13.2,10104,2.4,0.9,2.7
2021-05-03,7.1,3.0,12.3,14393,0.7,0.75,2.8
2021-05-04,10.1,5.2,16.2,11531,1.7,0.9,5.1
2021-05-05,8.4,4.6,14.1,15843,1.0,0.85,5.1
2021-05-06,7.7,2.6,13.0,19585,0.8,0.75,3.1
2021-05-07,5.5,0.5,9.9,13153,7.9,0.63,3.0
2021-05-08,9.8,2.2,15.8,20228,0.0,0.75,2.4
2021-05-09,19.1,9.7,27.6,24713,0.0,1.3,3.0
2021-05-10,21.9,12.6,31.0,26114,0.0,1.58,2.6
2021-05-11,20.0,13.5,28.7,22260,14.3,1.62,2.3
2021-05-12,12.9,11.5,14.3,10126,8.5,1.31,2.5
2021-05-13,11.1,10.5,11.8,10180,7.0,1.22,2.2
2021-05-14,10.5,7.5,13.6,12036,2.5,1.01,2.2
2021-05-15,13.0,6.8,19.4,20157,0.7,1.02,2.3
2021-05-16,12.5,7.7,18.6,17210,0.8,1.07,2.4
2021-05-17,13.1,8.5,20.3,20169,1.1,1.13,2.6
2021-05-18,11.5,7.9,16.7,13942,0.4,1.05,2.5
2021-05-19,12.6,8.0,18.3,21262,0.0,1.08,2.2
2021-05-20,13.1,9.5,18.5,20109,0.0,1.18,2.3
2021-05-21,15.1,9.7,21.5,19923,0.6,1.22,3.6
2021-05-22,12.6,8.9,17.6,15236,0.4,1.14,4.2
2021-05-23,12.1,7.8,17.8,18813,0.1,1.07,3.0
2021-05-24,15.8,7.5,22.1,26906,0.9,1.09,2.7
2021-05-25,11.7,8.5,16.9,15617,3.3,1.09,3.7
2021-05-26,12.4,8.2,17.2,17980,0.0,1.08,3.4
2021-05-27,11.7,8.1,17.4,15701,1.5,1.07,3.1
2021-05-28,12.3,8.3,18.2,16352,0.5,1.1,2.1
2021-05-29,11.7,6.7,16.8,16512,0.0,0.98,2.1
2021-05-30,14.7,7.3,21.7,28800,0.0,1.07,2.1
2021-05-31,15.1,5.2,23.2,30315,0.0,0.97,1.8
2021-06-01,17.7,10.3,24.9,24101,0.0,1.32,1.9
2021-06-02,18.5,11.3,26.5,24505,0.0,1.42,2.2
2021-06-03,20.9,12.3,28.9,28592,0.4,1.52,2.0
2021-06-04,19.6,14.1,26.5,19901,0.3,1.65,1.6
2021-06-05,21.6,13.8,29.3,26815,0.0,1.67,1.9
2021-06-06,21.4,14.9,28.9,21677,0.0,1.76,1.9
2021-06-07,20.5,12.4,27.8,29947,0.0,1.53,1.8
2021-06-08,21.5,14.9,27.9,27757,0.0,1.74,1.6
2021-06-09,21.3,13.4,28.0,30243,0.0,1.6,1.4
2021-06-10,22.6,17.1,28.4,24475,0.0,1.98,1.5
2021-06-11,22.7,17.0,27.9,25972,0.0,1.94,1.7
2021-06-12,18.5,13.3,23.1,16253,1.3,1.52,3.2
2021-06-13,15.2,10.7,21.2,18238,0.0,1.29,2.7
2021-06-14,19.8,10.8,28.1,30082,0.0,1.4,1.8
2021-06-15,19.8,14.6,24.1,18505,0.0,1.66,1.7
2021-06-16,21.5,11.8,29.6,29855,0.0,1.49,1.7
2021-06-17,26.5,17.6,34.9,30231,0.0,2.17,2.1
2021-06-18,28.0,19.4,35.8,30605,0.0,2.4,1.8
2021-06-19,27.9,20.0,36.3,25922,1.9,2.47,1.9
2021-06-20,27.3,20.1,34.4,20745,0.7,2.42,2.4
2021-06-21,24.7,19.4,31.7,23949,0.0,2.29,2.7
2021-06-22,18.3,14.1,22.1,12483,0.1,1.58,2.3
2021-06-23,16.5,13.1,20.1,15437,0.0,1.49,1.8
2021-06-24,16.9,14.0,19.5,11242,1.7,1.57,1.6
2021-06-25,19.8,15.6,25.2,14931,0.0,1.77,1.6
2021-06-26,21.0,14.4,27.7,27114,0.0,1.69,1.3
2021-06-27,21.7,13.3,28.5,29193,0.0,1.6,1.6
2021-06-28,25.2,16.4,32.4,23761,0.0,1.95,1.8
2021-06-29,23.4,17.8,28.7,16608,23.6,2.06,1.9
2021-06-30,17.6,16.3,18.6,11180,33.8,1.8,2.6
2021-07-01,15.5,14.0,16.7,11164,6.9,1.54,2.8
2021-07-02,19.1,14.8,24.6,20609,0.0,1.67,2.1
2021-07-03,19.7,13.7,25.7,28201,0.0,1.58,1.5
2021-07-04,22.1,14.6,28.5,26822,0.0,1.72,1.6
2021-07-05,20.1,16.1,26.2,17713,1.2,1.83,2.0
2021-07-06,22.8,16.6,30.7,22468,7.6,1.95,2.7
2021-07-07,18.5,16.2,22.8,16432,5.9,1.8,1.7
2021-07-08,18.4,15.3,21.4,14565,4.1,1.69,1.5
2021-07-09,17.0,14.0,19.4,10987,20.4,1.56,2.3
2021-07-10,19.4,14.1,25.4,21474,0.0,1.63,1.9
2021-07-11,22.4,15.3,29.3,25711,0.0,1.8,1.8
2021-07-12,21.5,17.8,26.5,14559,0.0,2.01,1.8
2021-07-13,23.8,17.1,30.2,25133,2.3,2.0,2.0
2021-07-14,20.9,17.4,25.6,16312,0.0,1.95,2.2
2021-07-15,21.8,15.7,27.9,20166,0.0,1.83,1.7
2021-07-16,22.9,17.7,30.1,21822,6.4,2.08,2.1
2021-07-17,23.0,18.3,29.3,18978,0.0,2.13,2.7
2021-07-18,21.7,15.9,27.2,25237,0.0,1.81,2.6
2021-07-19,17.3,13.9,20.7,11970,0.0,1.55,2.2
2021-07-20,17.4,13.5,21.6,16767,0.0,1.53,1.8
2021-07-21,18.1,12.9,23.3,11760,0.0,1.5,1.7
2021-07-22,19.7,16.4,23.4,12438,0.0,1.83,1.5
2021-07-23,20.0,14.7,25.8,23837,0.0,1.7,1.3
2021-07-24,23.2,15.1,31.2,23409,0.0,1.82,2.0
2021-07-25,23.6,18.7,31.1,20096,0.2,2.2,1.8
2021-07-26,23.9,19.0,31.3,17151,0.0,2.23,1.6
2021-07-27,23.1,17.6,28.2,22356,0.0,2.01,2.0
2021-07-28,21.1,17.9,25.5,16187,0.0,2.02,2.5
2021-07-29,20.2,13.8,25.7,19701,0.0,1.61,3.4
2021-07-30,20.5,12.8,27.0,25462,0.0,1.54,2.5
2021-07-31,20.7,16.1,24.9,18721,0.0,1.82,3.3
2021-08-01,17.5,14.0,22.5,14852,11.6,1.58,2.2
2021-08-02,17.1,12.5,22.9,18806,0.0,1.46,2.4
2021-08-03,17.6,11.5,22.9,14241,1.7,1.37,1.5
2021-08-04,17.9,14.6,23.0,15348,0.5,1.65,1.4
2021-08-05,18.1,13.4,24.7,16683,4.3,1.56,1.7
2021-08-06,18.6,14.2,26.8,18479,16.9,1.65,2.4
2021-08-07,19.0,14.1,24.6,19444,4.9,1.62,2.2
2021-08-08,18.3,12.6,23.8,18421,1.7,1.48,3.1
2021-08-09,16.8,11.2,23.8,16355,2.2,1.37,2.3
2021-08-10,17.8,12.9,24.1,16965,4.1,1.5,2.0
2021-08-11,17.9,12.9,24.6,20342,0.0,1.51,1.5
2021-08-12,21.1,14.4,27.7,22544,0.0,1.69,1.3
2021-08-13,23.7,17.0,30.0,20940,0.0,1.98,2.0
2021-08-14,21.7,15.8,28.0,23922,0.0,1.84,2.1
2021-08-15,20.8,14.3,27.0,22090,0.0,1.66,1.8
2021-08-16,18.3,11.7,25.7,14812,2.2,1.43,3.5
2021-08-17,15.1,11.8,19.1,9510,0.3,1.37,3.8
2021-08-18,16.9,13.1,20.6,11917,0.2,1.48,3.2
2021-08-19,18.1,14.8,21.8,9583,0.2,1.65,2.6
2021-08-20,17.7,14.2,21.5,11409,0.8,1.59,1.7
2021-08-21,19.0,13.8,24.7,18906,0.0,1.59,1.3
2021-08-22,17.8,15.0,21.9,10347,12.9,1.67,2.1
2021-08-23,16.5,14.1,20.1,9821,0.1,1.56,2.5
2021-08-24,16.4,10.3,22.4,20858,0.0,1.29,2.1
2021-08-25,15.1,8.0,22.4,13380,7.3,1.12,2.4
2021-08-26,13.8,12.2,17.4,10442,16.0,1.38,2.8
2021-08-27,14.5,12.2,18.9,12524,1.6,1.39,2.5
2021-08-28,15.4,12.3,20.0,11235,0.8,1.41,2.1
2021-08-29,15.8,14.3,19.7,9526,12.6,1.59,2.2
2021-08-30,15.7,13.8,18.4,8047,3.5,1.53,2.4
2021-08-31,16.3,11.9,20.9,14670,0.0,1.39,2.3
2021-09-01,15.0,11.4,20.3,14128,0.0,1.34,1.8
2021-09-02,15.3,11.8,20.9,13485,0.0,1.37,1.6
2021-09-03,16.8,10.7,24.0,19547,0.0,1.32,1.8
2021-09-04,14.0,10.6,18.6,11069,0.0,1.27,1.5
2021-09-05,15.5,10.1,22.7,13759,0.0,1.26,1.6
2021-09-06,16.6,10.4,23.3,17958,0.0,1.3,1.2
2021-09-07,17.2,12.9,23.0,16378,0.0,1.48,1.1
2021-09-08,18.5,12.6,25.8,19387,0.0,1.51,1.6
2021-09-09,19.5,12.2,27.8,19326,0.0,1.5,1.7
2021-09-10,20.1,15.6,27.6,15852,8.8,1.8,1.6
2021-09-11,19.0,15.8,23.8,10130,3.4,1.78,1.9
2021-09-12,17.2,14.1,21.9,8440,0.3,1.59,1.8
2021-09-13,15.6,12.1,20.0,11980,0.0,1.39,1.5
2021-09-14,16.4,11.1,22.9,17909,0.0,1.34,1.5
2021-09-15,18.1,14.3,24.0,9023,9.6,1.64,1.9
2021-09-16,17.1,15.0,19.4,7574,0.8,1.66,2.5
2021-09-17,14.5,12.7,16.8,7099,0.0,1.42,2.0
2021-09-18,14.0,12.0,17.6,6725,0.9,1.37,1.8
2021-09-19,12.9,11.2,15.9,6543,0.0,1.29,2.1
2021-09-20,12.4,10.3,16.6,7761,0.0,1.23,1.5
2021-09-21,12.6,9.8,15.9,7849,0.1,1.18,1.8
2021-09-22,13.7,10.8,19.2,10136,0.0,1.28,1.9
2021-09-23,14.9,9.7,19.7,8379,0.5,1.21,3.5
2021-09-24,14.8,11.3,17.1,8364,0.0,1.3,2.9
2021-09-25,17.4,14.7,21.4,7453,0.0,1.65,1.7
2021-09-26,18.3,14.1,25.2,14096,0.4,1.61,1.6
2021-09-27,17.1,14.3,19.9,5585,0.2,1.58,1.9
2021-09-28,15.1,11.5,18.7,6809,0.3,1.34,1.6
2021-09-29,13.2,8.6,17.2,7233,16.3,1.11,2.7
2021-09-30,10.8,8.1,16.0,10043,0.0,1.07,3.1
2021-10-01,11.8,6.6,18.4,13138,0.0,0.99,2.6
2021-10-02,14.2,9.5,20.2,10798,0.0,1.19,2.5
2021-10-03,17.3,14.1,22.5,5757,0.2,1.58,3.5
2021-10-04,13.9,12.3,16.8,5011,1.2,1.39,2.0
2021-10-05,12.3,10.4,13.9,4930,9.2,1.23,2.2
2021-10-06,12.3,7.9,15.9,9049,0.0,1.05,2.5
2021-10-07,11.5,6.3,18.1,13083,0.0,0.97,1.2
2021-10-08,11.3,5.2,17.2,11812,0.0,0.91,1.8
2021-10-09,8.2,3.6,15.5,12679,0.0,0.8,2.0
2021-10-10,7.4,1.8,14.3,11975,0.0,0.72,1.4
2021-10-11,8.6,3.7,14.3,7527,1.3,0.8,2.1
2021-10-12,8.4,3.8,13.0,6357,0.1,0.8,2.5
2021-10-13,7.0,3.0,11.8,8886,1.8,0.75,1.9
2021-10-14,10.7,7.9,13.2,4236,1.1,1.03,2.6
2021-10-15,10.4,6.2,13.2,5189,1.1,0.94,2.8
2021-10-16,8.5,4.8,13.0,5903,0.1,0.85,1.7
2021-10-17,9.3,5.5,12.5,4232,0.7,0.88,1.6
2021-10-18,11.0,7.9,15.7,6784,0.0,1.05,1.8
2021-10-19,12.6,7.9,16.5,5489,0.0,1.06,2.6
2021-10-20,15.4,12.7,19.0,4638,1.1,1.43,3.8
2021-10-21,12.4,6.2,16.7,4628,1.4,0.95,5.4
2021-10-22,7.1,4.8,10.6,3873,3.8,0.83,4.3
2021-10-23,7.0,4.7,11.4,7955,0.0,0.84,2.3
2021-10-24,6.9,2.6,12.7,9559,0.0,0.74,2.0
2021-10-25,6.5,2.1,11.4,7330,0.0,0.71,1.9
2021-10-26,9.9,5.6,14.6,3796,0.0,0.9,2.4
2021-10-27,12.1,9.5,14.2,3601,0.0,1.15,2.6
2021-10-28,10.0,6.1,16.0,8835,0.0,0.94,2.1
2021-10-29,8.5,3.8,14.8,8583,0.0,0.81,2.3
2021-10-30,10.0,5.6,14.6,7535,0.0,0.9,2.4
2021-10-31,12.8,9.0,17.9,7728,0.0,1.14,2.7
2021-11-01,10.2,7.9,12.4,3046,0.7,1.03,2.6
2021-11-02,9.0,4.9,12.0,4177,0.0,0.85,1.7
2021-11-03,6.8,2.7,11.8,3755,0.0,0.74,1.6
2021-11-04,7.1,6.2,8.4,2880,46.2,0.91,2.9
2021-11-05,7.9,5.9,10.0,2884,0.0,0.89,2.5
2021-11-06,8.7,5.8,11.2,3566,0.0,0.9,3.0
2021-11-07,8.0,6.1,9.8,3226,1.5,0.92,4.0
2021-11-08,8.6,6.8,11.2,3005,0.7,0.96,2.2
2021-11-09,8.0,3.4,11.5,4370,0.0,0.77,2.0
2021-11-10,4.6,0.3,9.5,6188,0.0,0.63,1.5
2021-11-11,5.2,0.6,9.3,4288,0.3,0.63,1.4
2021-11-12,5.9,1.7,8.6,2486,0.1,0.68,1.9
2021-11-13,4.9,2.1,8.5,3898,0.0,0.69,1.8
2021-11-14,6.5,5.6,7.7,2399,0.0,0.87,2.0
2021-11-15,5.6,5.3,6.2,2357,0.0,0.86,2.3
2021-11-16,6.1,4.9,7.6,2316,0.0,0.83,1.4
2021-11-17,5.5,3.9,7.3,2277,0.0,0.78,2.4
2021-11-18,7.8,4.5,10.3,2239,1.9,0.82,3.2
2021-11-19,11.3,9.2,12.6,2202,0.0,1.13,3.4
2021-11-20,10.9,9.3,11.8,2214,0.0,1.12,2.8
2021-11-21,7.7,3.8,9.5,2131,0.4,0.79,2.3
2021-11-22,3.3,-0.9,6.4,4875,0.2,0.56,2.2
2021-11-23,4.8,-0.4,6.9,2065,0.5,0.59,2.2
2021-11-24,6.7,5.5,8.4,2173,0.2,0.87,1.9
2021-11-25,4.2,2.8,5.5,2233,0.0,0.72,2.1
2021-11-26,4.1,1.3,6.6,2971,0.0,0.65,2.7
2021-11-27,1.5,-0.6,3.5,2038,3.3,0.57,2.3
2021-11-28,1.3,-1.3,3.9,4721,0.0,0.54,1.4
2021-11-29,2.3,1.2,3.2,1985,0.3,0.64,2.4
2021-11-30,3.5,1.2,6.2,1873,4.1,0.65,5.1
2021-12-01,5.8,1.1,8.6,1850,2.8,0.65,5.2
2021-12-02,1.8,-2.8,5.7,4708,0.0,0.49,3.4
2021-12-03,0.6,-2.9,2.9,3472,0.4,0.48,3.7
2021-12-04,1.5,0.4,2.3,1788,3.6,0.6,2.7
2021-12-05,0.9,0.3,1.6,1770,0.3,0.6,2.2
2021-12-06,0.6,-1.1,2.0,1753,0.0,0.55,2.0
2021-12-07,-0.4,-1.8,0.5,1737,0.0,0.51,2.9
2021-12-08,0.0,-0.9,1.2,1723,0.0,0.55,2.9
2021-12-09,-1.0,-1.8,-0.2,1709,2.2,0.51,2.0
2021-12-10,-0.1,-1.1,0.6,1697,0.0,0.54,1.9
2021-12-11,-0.8,-2.0,0.1,1685,0.0,0.51,2.0
2021-12-12,0.9,-2.5,4.9,1675,0.8,0.5,2.5
2021-12-13,6.9,4.6,9.3,1666,1.2,0.82,1.8
2021-12-14,7.1,6.2,8.2,1659,0.8,0.92,1.9
2021-12-15,8.2,7.1,9.8,1652,0.1,0.98,2.1
2021-12-16,6.9,3.3,9.1,2288,0.1,0.75,1.9
2021-12-17,5.6,4.8,6.7,1642,0.1,0.83,2.0
2021-12-18,6.0,4.6,7.6,1639,0.5,0.81,2.3
2021-12-19,6.0,0.5,7.3,1637,1.4,0.62,3.4
2021-12-20,0.8,-1.3,2.8,3793,0.3,0.53,1.8
2021-12-21,0.2,-0.5,0.7,1636,0.0,0.57,1.3
2021-12-22,-1.1,-3.9,1.3,4156,0.0,0.45,1.7
2021-12-23,-1.1,-4.1,1.5,1640,9.7,0.44,2.4
2021-12-24,2.2,-4.6,6.0,1643,7.3,0.44,3.2
2021-12-25,-6.0,-8.5,-2.6,4459,0.0,0.31,2.0
2021-12-26,-7.4,-10.1,-3.2,4471,0.0,0.28,2.0
2021-12-27,-3.3,-8.4,-0.2,1661,0.0,0.32,2.5
2021-12-28,-0.3,-4.0,2.7,1669,2.8,0.45,3.2
2021-12-29,4.3,2.1,5.7,1678,0.2,0.68,2.5
2021-12-30,9.2,5.2,12.6,1689,3.0,0.87,3.5
2021-12-31,12.4,11.2,13.6,1700,3.5,1.29,3.8
2022-01-01,11.6,8.8,12.8,1713,0.1,1.1,2.6
2022-01-02,9.4,7.2,11.3,1727,3.5,0.98,3.4
2022-01-03,8.2,4.9,10.6,2034,1.5,0.85,4.4
2022-01-04,6.0,3.1,7.1,1758,1.2,0.74,3.0
2022-01-05,3.5,2.0,4.7,2620,0.3,0.68,4.3
2022-01-06,0.6,-2.2,3.7,4812,0.0,0.51,2.5
2022-01-07,0.4,-2.1,2.3,1942,1.7,0.5,3.2
2022-01-08,0.9,-0.8,2.7,2525,0.0,0.55,3.2
2022-01-09,1.4,-1.3,4.0,1857,1.1,0.54,3.2
2022-01-10,3.1,-0.9,4.9,1880,1.2,0.56,1.4
2022-01-11,-1.9,-2.8,-0.8,1905,0.0,0.48,1.7
2022-01-12,0.9,-2.1,3.7,1975,0.0,0.51,1.8
2022-01-13,4.1,3.0,4.8,1957,0.0,0.73,2.8
2022-01-14,5.3,3.6,6.7,1985,0.0,0.76,2.6
2022-01-15,2.1,0.2,4.2,2749,0.0,0.6,1.6
2022-01-16,1.9,-1.9,5.4,2045,0.3,0.52,3.1
2022-01-17,3.8,-0.7,6.9,2545,3.4,0.58,4.5
2022-01-18,2.6,-1.4,5.2,2204,0.0,0.54,2.0
2022-01-19,3.7,1.7,4.9,3148,0.5,0.67,3.4
2022-01-20,1.2,-1.9,4.2,4258,0.9,0.52,4.6
2022-01-21,0.0,-3.7,3.5,5980,1.9,0.46,3.3
2022-01-22,3.1,1.6,4.7,2796,1.2,0.66,2.8
2022-01-23,5.4,4.4,6.6,2291,1.5,0.81,1.8
2022-01-24,5.1,4.1,6.0,2331,0.5,0.79,1.6
2022-01-25,3.8,2.7,4.7,2373,1.3,0.71,1.8
2022-01-26,2.6,1.4,3.6,2415,0.4,0.65,2.9
2022-01-27,4.2,2.7,6.1,2459,1.1,0.72,4.8
2022-01-28,4.3,2.0,6.6,5207,0.9,0.68,4.1
2022-01-29,5.8,2.2,9.5,2550,3.9,0.7,5.5
2022-01-30,5.6,3.7,6.9,2705,0.0,0.77,5.7
2022-01-31,2.5,0.2,3.9,2645,0.2,0.6,3.4
2022-02-01,3.1,0.8,6.2,2695,4.2,0.63,4.8
2022-02-02,4.6,0.4,7.0,3027,0.5,0.62,4.5
2022-02-03,4.2,-0.1,6.7,2797,3.7,0.6,2.5
2022-02-04,6.1,3.0,8.2,2850,0.6,0.74,3.9
2022-02-05,4.3,3.0,6.1,3898,1.1,0.73,4.5
2022-02-06,5.1,3.3,7.7,3078,5.2,0.75,5.8
2022-02-07,3.6,1.9,7.2,4453,0.0,0.68,4.8
2022-02-08,6.0,1.7,9.3,3073,0.7,0.68,4.0
2022-02-09,8.7,7.9,9.9,3132,0.0,1.03,3.1
2022-02-10,7.0,3.0,10.4,3440,1.7,0.75,2.6
2022-02-11,3.1,-1.1,5.8,4007,0.1,0.55,3.0
2022-02-12,0.6,-2.9,5.5,8536,0.0,0.49,2.3
2022-02-13,3.4,-0.4,7.9,9049,0.0,0.59,3.1
2022-02-14,7.6,3.2,13.5,8073,0.0,0.78,3.4
2022-02-15,6.6,4.1,9.9,4959,0.6,0.8,3.3
2022-02-16,7.4,4.3,12.7,3572,7.6,0.83,5.3
2022-02-17,8.1,5.1,12.8,5262,0.2,0.87,7.5
2022-02-18,6.5,2.5,11.1,3912,1.9,0.73,5.2
2022-02-19,5.7,2.2,7.7,4676,2.8,0.7,6.2
2022-02-20,5.3,2.1,8.5,4125,7.2,0.69,5.4
2022-02-21,5.5,3.1,10.7,4554,2.8,0.75,6.4
2022-02-22,5.3,3.4,7.8,5780,1.2,0.75,4.6
2022-02-23,6.1,2.4,9.8,9137,0.0,0.72,3.5
2022-02-24,5.9,1.4,10.1,5013,0.2,0.67,3.9
2022-02-25,4.0,0.8,7.6,6358,0.2,0.63,4.2
2022-02-26,4.0,-0.4,7.2,4357,0.0,0.59,2.0
2022-02-27,1.6,-2.0,8.7,11335,0.0,0.54,2.4
2022-02-28,1.2,-2.1,6.5,9954,0.0,0.52,2.2
2022-03-01,1.4,-4.3,8.4,12107,0.0,0.46,2.0
2022-03-02,1.9,-2.4,10.1,10151,0.0,0.53,1.3
2022-03-03,-0.6,-3.8,9.6,6330,0.0,0.48,1.7
2022-03-04,1.7,-0.6,6.9,4746,0.0,0.58,1.9
2022-03-05,0.7,-3.2,7.5,9595,0.0,0.49,1.9
2022-03-06,0.5,-0.7,5.1,5070,0.0,0.57,2.0
2022-03-07,2.8,-2.1,7.0,13731,0.0,0.53,2.0
2022-03-08,4.1,-2.6,10.2,13983,0.0,0.52,1.9
2022-03-09,5.8,-0.5,12.2,14321,0.0,0.61,1.5
2022-03-10,3.9,-1.7,15.3,14152,0.0,0.59,2.6
2022-03-11,2.6,-3.0,12.3,14750,0.0,0.53,4.0
2022-03-12,4.2,-2.2,14.1,14922,0.0,0.56,3.0
2022-03-13,5.8,-2.3,15.9,15269,0.0,0.58,2.7
2022-03-14,6.7,0.0,12.2,12269,1.1,0.63,2.3
2022-03-15,8.0,3.1,10.8,9211,0.0,0.75,1.5
2022-03-16,7.4,2.3,14.1,14893,0.0,0.73,2.3
2022-03-17,6.9,2.4,10.8,5822,0.0,0.72,2.5
2022-03-18,8.4,3.5,13.9,15040,0.0,0.8,2.5
2022-03-19,6.3,0.8,11.7,14835,0.0,0.66,3.5
2022-03-20,6.4,0.1,13.0,16387,0.0,0.63,3.7
2022-03-21,6.9,0.2,16.6,16745,0.0,0.68,2.2
2022-03-22,9.2,-0.5,18.5,17293,0.0,0.67,1.6
2022-03-23,10.7,2.0,17.4,17276,0.0,0.75,1.3
2022-03-24,8.6,0.0,17.5,17543,0.0,0.68,1.2
2022-03-25,10.1,2.3,16.5,16748,0.0,0.75,1.7
2022-03-26,9.2,3.7,16.8,11266,0.0,0.83,2.4
2022-03-27,9.5,3.2,13.7,18054,0.0,0.77,1.6
2022-03-28,10.0,3.3,12.8,18320,0.0,0.78,2.2
2022-03-29,7.7,2.4,11.9,13118,0.0,0.73,2.2
2022-03-30,5.2,0.3,6.8,8440,0.0,0.61,1.9
2022-03-31,3.8,-1.0,5.4,12569,0.0,0.56,3.3
2022-04-01,3.8,-0.8,4.1,12590,0.0,0.56,3.9
2022-04-02,2.4,-2.0,7.4,9238,0.0,0.53,3.3
2022-04-03,2.4,-3.4,9.0,10878,0.0,0.5,2.4
2022-04-04,3.7,2.0,9.4,9123,9.0,0.7,5.0
2022-04-05,6.9,6.2,12.0,9010,3.1,0.93,4.0
2022-04-06,10.2,8.7,11.2,7638,0.0,1.08,4.2
2022-04-07,9.6,3.0,12.3,11197,7.8,0.75,5.9
2022-04-08,6.5,2.0,10.1,9925,1.3,0.7,4.2
2022-04-09,5.2,2.0,10.1,13215,1.0,0.7,4.0
2022-04-10,4.8,1.3,10.9,12470,0.3,0.67,3.2
2022-04-11,7.1,-0.5,14.7,19250,0.0,0.63,2.0
2022-04-12,10.1,6.6,22.3,21553,0.0,1.05,2.5
2022-04-13,14.1,11.1,20.9,17245,0.0,1.33,1.9
2022-04-14,12.2,6.3,19.2,11470,2.7,0.99,2.1
2022-04-15,7.7,3.8,11.2,8272,0.5,0.79,2.6
2022-04-16,7.0,3.3,14.8,20374,0.0,0.79,2.7
2022-04-17,8.2,2.1,18.2,23166,0.0,0.77,2.0
2022-04-18,9.6,5.7,20.0,23087,0.0,0.96,1.7
2022-04-19,9.1,2.5,17.8,19874,0.0,0.78,2.4
2022-04-20,9.6,3.1,17.3,11580,0.0,0.81,2.4
2022-04-21,9.2,3.6,17.5,8738,0.1,0.82,2.5
2022-04-22,9.9,6.3,18.2,11302,0.0,0.97,3.3
2022-04-23,11.5,8.3,18.8,22857,0.0,1.11,3.4
2022-04-24,11.5,5.8,17.3,16827,1.4,0.94,3.3
2022-04-25,9.5,6.1,12.1,18301,0.0,0.92,2.2
2022-04-26,11.5,2.4,15.2,21964,0.0,0.75,1.8
2022-04-27,12.0,0.8,15.5,22194,0.0,0.69,1.7
2022-04-28,11.5,0.6,15.8,21613,0.0,0.68,1.8
2022-04-29,13.4,2.1,15.0,21490,0.0,0.74,1.7
2022-04-30,12.8,2.9,14.1,17990,0.0,0.77,2.0
2022-05-01,11.6,7.4,15.1,13068,0.0,1.02,1.6
2022-05-02,13.5,5.2,20.0,24959,0.0,0.93,1.6
2022-05-03,13.2,2.4,16.7,21548,0.0,0.76,1.9
2022-05-04,14.1,6.5,17.8,13412,0.8,0.98,1.5
2022-05-05,14.2,5.0,20.5,19970,0.0,0.94,1.6
2022-05-06,14.6,5.7,23.0,22422,0.0,0.99,1.5
2022-05-07,17.2,9.3,23.2,23106,0.0,1.22,1.7
2022-05-08,15.0,5.4,19.7,24028,0.0,0.94,2.1
2022-05-09,14.7,3.3,25.4,27331,0.0,0.9,1.7
2022-05-10,19.0,14.3,26.4,22298,0.2,1.65,2.1
2022-05-11,21.0,13.8,25.2,17480,3.8,1.6,2.9
2022-05-12,15.7,9.9,21.6,19945,0.0,1.23,3.2
2022-05-13,14.4,10.1,20.2,18218,0.0,1.24,2.8
2022-05-14,15.6,8.9,23.3,20088,0.0,1.2,2.3
2022-05-15,15.1,6.0,25.7,27983,0.0,1.06,1.6
2022-05-16,18.9,14.1,27.9,24324,6.9,1.66,2.2
2022-05-17,16.2,14.0,24.1,11956,0.2,1.61,1.8
2022-05-18,18.1,16.2,31.2,26279,0.0,1.92,2.1
2022-05-19,21.3,13.6,29.2,25986,0.0,1.65,2.2
2022-05-20,20.2,12.1,23.3,21080,7.4,1.43,2.4
2022-05-21,15.2,8.5,20.5,18830,0.1,1.13,3.7
2022-05-22,14.3,7.7,22.1,22288,0.0,1.09,1.6
2022-05-23,17.3,13.6,27.5,23683,1.5,1.62,2.9
2022-05-24,17.2,10.0,18.2,17766,0.0,1.21,2.9
2022-05-25,15.5,9.4,20.7,19033,0.0,1.19,2.4
2022-05-26,16.9,14.4,21.2,14072,1.9,1.6,3.6
2022-05-27,14.3,10.6,18.5,18389,2.0,1.26,4.1
2022-05-28,11.1,9.2,16.6,14884,0.0,1.14,3.7
2022-05-29,11.3,8.9,14.0,14921,1.6,1.11,2.2
2022-05-30,11.8,8.1,15.7,14221,0.0,1.06,1.6
2022-05-31,13.9,8.3,19.8,21488,1.4,1.11,1.6
2022-06-01,14.3,10.9,19.7,21279,0.2,1.3,2.1
2022-06-02,14.2,9.1,23.8,23646,0.0,1.21,2.1
2022-06-03,18.8,10.0,27.3,28715,0.0,1.34,1.8
2022-06-04,19.5,12.8,27.0,19164,0.0,1.54,1.9
2022-06-05,20.7,14.0,27.9,28044,3.6,1.66,2.4
2022-06-06,19.1,14.6,24.0,19217,3.6,1.65,2.7
2022-06-07,18.7,13.4,23.4,21087,0.0,1.55,2.4
2022-06-08,20.1,14.4,25.7,16801,0.0,1.66,1.9
2022-06-09,18.2,12.7,25.1,14605,0.1,1.49,2.4
2022-06-10,19.2,12.6,26.8,29033,0.0,1.52,1.8
2022-06-11,21.7,14.6,28.1,16116,0.0,1.72,1.8
2022-06-12,21.1,13.0,26.7,23524,0.0,1.55,2.0
2022-06-13,16.3,11.6,22.8,22428,0.0,1.39,2.7
2022-06-14,15.4,10.2,24.4,25275,0.0,1.29,1.8
2022-06-15,19.1,9.9,28.7,28737,0.0,1.34,1.5
2022-06-16,19.2,11.1,27.7,27142,0.0,1.41,2.2
2022-06-17,20.2,12.7,32.4,25423,0.0,1.61,1.6
2022-06-18,26.5,18.0,32.6,28756,0.0,2.13,2.2
2022-06-19,22.4,14.4,25.3,24443,10.2,1.65,2.7
2022-06-20,14.4,10.7,24.1,15197,5.1,1.33,2.5
2022-06-21,17.6,9.3,26.6,25674,0.0,1.26,2.0
2022-06-22,21.3,10.6,30.3,30724,0.0,1.43,1.6
2022-06-23,23.0,11.7,36.3,30841,0.0,1.63,1.8
2022-06-24,24.2,20.3,28.2,24425,0.2,2.36,2.3
2022-06-25,22.2,18.7,32.0,16902,0.9,2.21,1.6
2022-06-26,25.3,18.7,27.9,24404,0.0,2.13,1.8
2022-06-27,23.6,15.8,26.7,25253,2.0,1.8,2.2
2022-06-28,21.4,14.5,28.7,24499,0.0,1.7,1.9
2022-06-29,21.0,13.7,30.6,18699,0.0,1.67,1.9
2022-06-30,23.9,16.8,33.7,23971,0.0,2.04,1.9
2022-07-01,18.4,14.4,24.7,14238,28.7,1.64,2.5
2022-07-02,19.8,12.8,28.3,30317,0.0,1.57,1.9
2022-07-03,22.9,14.4,28.2,26113,0.0,1.69,2.0
2022-07-04,20.5,12.4,26.1,27804,0.0,1.49,2.2
2022-07-05,19.8,10.3,24.4,26547,0.2,1.31,2.2
2022-07-06,16.9,12.3,24.0,16582,5.9,1.46,2.5
2022-07-07,15.4,15.3,20.9,11898,4.1,1.68,3.1
2022-07-08,16.7,14.1,25.8,16157,0.0,1.63,2.8
2022-07-09,16.2,14.4,25.0,14658,2.6,1.66,2.7
2022-07-10,15.9,13.5,20.5,14504,0.0,1.52,3.1
2022-07-11,17.2,12.9,23.4,26567,0.0,1.51,2.0
2022-07-12,20.1,10.2,30.1,28841,0.0,1.38,1.7
2022-07-13,23.5,13.9,32.6,15254,0.0,1.72,2.3
2022-07-14,19.3,10.3,24.7,26304,0.0,1.31,2.6
2022-07-15,16.4,11.4,23.7,15784,0.0,1.37,2.5
2022-07-16,17.8,10.4,24.5,20971,0.0,1.32,2.9
2022-07-17,17.2,8.3,27.9,25901,0.0,1.21,1.8
2022-07-18,22.0,13.9,34.8,23539,0.0,1.79,1.4
2022-07-19,26.9,18.6,40.6,28208,0.0,2.39,1.7
2022-07-20,29.4,20.6,34.7,27417,0.0,2.51,2.3
2022-07-21,23.6,17.2,25.7,16957,1.5,1.95,2.4
2022-07-22,20.3,14.2,21.8,17869,5.2,1.59,2.0
2022-07-23,18.5,12.2,25.1,20343,0.4,1.45,2.1
2022-07-24,20.7,16.5,32.0,28944,0.0,1.96,1.6
2022-07-25,25.4,20.3,30.7,22979,1.4,2.38,2.7
2022-07-26,19.9,13.5,22.5,17271,0.0,1.54,2.9
2022-07-27,16.8,9.7,22.6,17687,0.0,1.24,2.4
2022-07-28,17.5,8.1,24.9,26704,0.0,1.16,1.9
2022-07-29,21.9,14.4,24.3,21371,0.0,1.64,2.1
2022-07-30,22.1,12.1,28.7,21890,0.0,1.5,1.9
2022-07-31,22.5,18.4,25.0,23236,0.0,2.06,1.8
2022-08-01,20.9,17.3,25.0,12481,0.2,1.95,2.3
2022-08-02,21.8,14.3,28.4,23302,0.0,1.68,1.5
2022-08-03,27.1,19.2,34.8,26045,0.0,2.34,1.6
2022-08-04,29.3,21.0,37.8,25240,0.0,2.62,1.8
2022-08-05,22.0,15.2,29.3,13277,0.2,1.8,2.4
2022-08-06,17.5,12.2,23.8,22580,0.0,1.44,2.3
2022-08-07,18.6,11.7,26.1,23184,0.0,1.43,1.8
2022-08-08,21.0,12.9,28.8,24365,0.0,1.58,1.7
2022-08-09,21.6,15.6,28.4,20423,0.0,1.81,1.9
2022-08-10,21.6,13.6,29.5,26352,0.0,1.65,2.0
2022-08-11,23.2,15.8,31.1,25657,0.0,1.89,2.0
2022-08-12,23.4,16.0,31.2,23004,0.0,1.91,2.2
2022-08-13,23.0,18.1,29.0,11983,2.3,2.1,1.8
2022-08-14,25.1,18.6,33.1,22091,0.0,2.23,2.0
2022-08-15,23.4,18.1,32.5,19125,0.8,2.16,2.1
2022-08-16,23.8,16.6,31.4,21973,0.0,1.98,1.6
2022-08-17,26.2,19.4,33.2,20835,0.0,2.31,1.5
2022-08-18,25.5,20.2,34.2,15076,6.8,2.44,1.9
2022-08-19,20.5,19.1,22.5,9471,0.3,2.15,2.0
2022-08-20,20.0,18.5,21.3,8722,0.5,2.05,1.9
2022-08-21,19.7,15.1,25.6,16787,0.0,1.72,1.6
2022-08-22,19.7,13.8,25.7,11569,0.0,1.61,1.6
2022-08-23,20.8,16.4,27.8,17562,0.0,1.88,1.8
2022-08-24,20.9,15.1,28.7,15463,0.0,1.78,1.8
2022-08-25,22.5,17.4,29.8,17217,0.0,2.01,2.0
2022-08-26,21.1,18.4,29.3,13060,21.8,2.14,1.9
2022-08-27,19.9,17.8,25.2,8941,6.2,1.99,2.2
2022-08-28,17.2,13.0,22.6,13072,0.0,1.51,2.4
2022-08-29,16.8,11.6,23.2,13182,0.0,1.39,1.8
2022-08-30,17.5,13.3,24.4,14038,0.0,1.54,1.9
2022-08-31,17.1,12.0,23.0,17650,0.0,1.41,2.0
2022-09-01,16.6,11.7,22.5,19103,0.0,1.39,2.0
2022-09-02,15.8,10.6,23.6,14854,0.0,1.32,2.4
2022-09-03,16.4,10.1,23.2,15569,0.0,1.26,2.5
2022-09-04,18.0,12.7,25.2,18667,0.0,1.5,1.9
2022-09-05,18.9,13.2,25.5,19864,0.0,1.55,2.3
2022-09-06,18.3,13.4,24.7,13638,0.0,1.56,2.4
2022-09-07,19.3,13.0,26.7,13720,0.0,1.55,1.9
2022-09-08,16.2,13.7,17.9,7398,12.3,1.52,2.3
2022-09-09,17.0,12.6,23.4,13672,0.0,1.47,2.2
2022-09-10,16.4,11.7,22.6,16153,0.0,1.38,2.0
2022-09-11,15.4,12.7,21.9,9034,4.7,1.45,1.7
2022-09-12,15.6,11.1,21.1,14971,0.5,1.32,1.4
2022-09-13,15.6,12.1,20.4,8246,0.8,1.39,2.1
2022-09-14,14.6,11.3,18.8,9126,0.0,1.32,1.9
2022-09-15,13.8,11.2,18.5,9992,0.9,1.31,2.8
2022-09-16,13.1,9.9,18.4,13922,6.9,1.2,3.4
2022-09-17,12.1,9.4,16.6,11013,2.9,1.17,3.8
2022-09-18,10.2,8.3,15.3,11935,5.7,1.08,3.8
2022-09-19,10.5,8.2,16.6,7765,8.2,1.07,3.0
2022-09-20,9.8,7.6,15.0,8787,4.1,1.03,1.9
2022-09-21,10.9,6.2,17.6,14141,0.0,0.96,1.3
2022-09-22,10.6,5.9,17.9,13440,0.0,0.95,1.3
2022-09-23,11.4,5.6,18.4,14022,0.0,0.94,1.4
2022-09-24,12.5,8.4,17.2,6018,0.1,1.09,1.3
2022-09-25,13.7,10.5,18.9,8437,0.1,1.26,1.5
2022-09-26,12.8,8.9,17.0,9927,0.7,1.12,3.0
2022-09-27,10.6,7.8,13.5,6377,2.5,1.03,2.9
2022-09-28,8.5,6.6,11.1,7681,0.5,0.94,1.9
2022-09-29,9.5,6.1,15.8,9564,0.0,0.94,1.4
2022-09-30,10.4,4.9,17.9,12609,0.0,0.89,1.6
2022-10-01,10.3,7.5,12.9,5424,1.8,1.01,3.5
2022-10-02,11.9,9.1,16.6,10211,3.0,1.14,3.0
2022-10-03,12.7,9.5,16.5,6505,0.2,1.16,2.4
2022-10-04,13.3,9.7,17.8,9128,0.0,1.18,1.9
2022-10-05,14.1,9.3,19.9,10394,0.0,1.19,2.9
2022-10-06,14.1,8.5,18.1,12036,0.0,1.12,2.9
2022-10-07,12.0,6.0,18.5,13243,0.0,0.97,2.0
2022-10-08,10.9,7.3,15.9,7936,2.1,1.02,2.4
2022-10-09,9.6,5.3,16.3,12679,0.0,0.91,2.0
2022-10-10,10.8,3.8,17.4,11355,0.0,0.84,2.2
2022-10-11,10.4,6.8,15.8,10977,0.0,0.99,1.7
2022-10-12,9.5,4.5,16.3,11969,0.0,0.86,1.3
2022-10-13,10.7,4.9,17.0,7161,0.0,0.88,1.6
2022-10-14,12.6,8.3,17.2,5720,0.0,1.09,1.8
2022-10-15,14.8,11.5,18.2,6070,0.0,1.33,2.5
2022-10-16,15.7,12.8,20.2,7500,0.0,1.46,2.2
2022-10-17,17.6,11.9,24.7,10045,0.9,1.42,2.0
2022-10-18,14.0,8.8,16.6,4513,11.4,1.12,1.8
2022-10-19,10.1,4.9,14.7,6190,0.0,0.86,1.8
2022-10-20,8.2,2.7,14.3,10186,2.1,0.76,2.6
2022-10-21,11.9,7.9,15.9,4560,1.9,1.05,2.0
2022-10-22,14.2,11.6,18.4,6583,0.0,1.34,1.9
2022-10-23,13.8,10.0,18.2,6616,3.3,1.21,2.0
2022-10-24,14.9,11.6,18.6,4397,0.1,1.33,3.1
2022-10-25,13.1,9.0,17.0,4976,1.0,1.14,2.4
2022-10-26,12.2,6.8,18.5,8836,0.0,1.01,1.8
2022-10-27,14.4,10.1,20.7,8709,0.0,1.25,1.8
2022-10-28,16.5,12.1,22.9,7384,0.0,1.43,2.1
2022-10-29,16.4,13.3,21.4,6401,0.0,1.51,1.5
2022-10-30,16.1,12.0,22.0,7473,0.0,1.4,1.4
2022-10-31,12.9,10.8,16.8,6450,0.0,1.27,1.4
2022-11-01,13.0,8.8,16.8,3948,0.2,1.11,2.7
2022-11-02,9.9,5.9,15.1,5424,0.0,0.93,3.0
2022-11-03,8.5,4.7,12.4,5163,0.2,0.84,2.6
2022-11-04,9.2,6.3,10.8,2880,3.1,0.92,2.2
2022-11-05,8.0,4.7,12.1,6719,0.0,0.84,2.1
2022-11-06,7.0,3.8,11.4,7525,0.1,0.8,2.9
2022-11-07,10.6,6.4,14.6,5294,0.0,0.96,3.2
2022-11-08,11.8,7.7,16.1,6593,0.1,1.04,2.7
2022-11-09,12.0,10.3,15.4,4152,0.9,1.22,2.9
2022-11-10,11.1,7.8,14.5,5757,0.0,1.04,2.7
2022-11-11,9.3,6.8,12.9,3117,0.0,0.97,2.3
2022-11-12,7.9,4.9,13.2,5907,0.0,0.86,1.3
2022-11-13,7.9,4.8,11.1,3898,0.0,0.84,1.9
2022-11-14,6.6,4.0,10.6,5895,0.0,0.79,2.5
2022-11-15,7.6,3.6,13.3,6270,0.0,0.79,2.1
2022-11-16,5.7,4.5,6.3,2316,0.2,0.81,2.9
2022-11-17,4.0,1.8,5.3,2277,1.7,0.67,4.0
2022-11-18,-1.0,-4.7,2.0,2239,1.1,0.42,3.0
2022-11-19,-1.8,-6.1,1.3,3951,0.1,0.38,2.0
2022-11-20,-0.7,-3.0,1.6,2406,0.2,0.48,2.1
2022-11-21,-1.5,-2.9,0.2,2369,0.0,0.47,2.4
2022-11-22,0.1,-2.8,1.8,2098,0.0,0.48,2.7
2022-11-23,2.4,-0.5,7.7,3417,0.0,0.58,2.4
2022-11-24,2.1,-0.9,5.0,2034,0.0,0.56,2.2
2022-11-25,5.2,1.4,7.6,4106,3.6,0.66,1.8
2022-11-26,7.4,6.2,8.0,1976,0.4,0.91,1.7
2022-11-27,4.1,1.0,7.7,4638,0.0,0.64,2.2
2022-11-28,3.7,1.5,5.3,1922,0.0,0.66,2.4
2022-11-29,3.8,2.4,4.8,1897,0.6,0.7,1.7
2022-11-30,3.4,0.2,6.2,1873,0.0,0.6,1.8
2022-12-01,0.4,-0.1,1.0,1850,3.7,0.58,1.9
2022-12-02,0.3,-1.2,1.1,1828,0.2,0.54,2.4
2022-12-03,-1.0,-2.0,-0.2,1808,0.4,0.51,2.5
2022-12-04,1.0,-0.4,2.7,1788,0.9,0.57,2.5
2022-12-05,3.2,2.2,3.9,1770,0.6,0.69,1.9
2022-12-06,2.3,1.5,3.3,1753,2.1,0.65,1.8
2022-12-07,1.9,-0.7,4.3,1779,1.4,0.56,2.5
2022-12-08,1.2,-0.9,3.2,1723,2.0,0.55,1.8
2022-12-09,-1.1,-2.1,0.2,1709,0.0,0.5,1.5
2022-12-10,-1.7,-3.2,-0.7,1697,0.0,0.46,1.5
2022-12-11,-2.5,-3.2,-1.9,1685,0.4,0.46,1.5
2022-12-12,-1.8,-2.7,-0.8,2122,0.1,0.48,1.5
2022-12-13,-3.0,-8.1,-0.2,1949,0.0,0.33,1.8
2022-12-14,-7.3,-9.5,-4.0,2747,0.0,0.29,1.7
2022-12-15,-7.0,-11.6,-2.8,3863,0.0,0.25,1.7
2022-12-16,-5.1,-8.5,-2.6,2208,0.0,0.31,1.4
2022-12-17,-3.8,-7.0,-2.6,1642,0.0,0.35,1.5
2022-12-18,-5.5,-7.0,-3.9,1639,0.0,0.35,2.4
2022-12-19,-0.3,-5.7,4.2,1637,4.9,0.4,3.1
2022-12-20,6.1,3.6,8.7,1676,3.7,0.77,2.8
2022-12-21,6.6,4.7,8.0,1676,0.9,0.83,2.4
2022-12-22,7.1,5.0,9.2,1637,4.4,0.84,3.0
2022-12-23,6.4,5.3,7.7,1640,13.8,0.85,2.5
2022-12-24,6.5,4.5,9.0,1723,2.7,0.82,2.7
2022-12-25,5.2,0.7,9.2,2531,8.0,0.64,2.1
2022-12-26,8.8,4.0,10.5,1815,0.2,0.79,3.5
2022-12-27,3.4,1.2,6.4,2912,0.0,0.65,3.3
2022-12-28,6.3,3.1,9.1,2074,1.0,0.75,3.9
2022-12-29,9.3,6.9,12.5,2735,1.5,0.97,4.4
2022-12-30,7.0,3.6,9.2,3811,1.3,0.77,3.8
2022-12-31,14.4,7.9,17.6,1987,0.0,1.06,4.4
2023-01-01,14.2,11.7,15.9,1713,0.0,1.34,3.6
2023-01-02,12.9,8.2,15.6,1727,0.4,1.07,3.1
2023-01-03,5.2,1.9,9.0,3534,0.0,0.68,2.3
2023-01-04,7.1,3.3,10.4,1758,9.8,0.76,4.9
2023-01-05,8.2,3.9,10.0,2282,7.0,0.78,4.3
2023-01-06,7.1,4.0,10.4,1794,0.8,0.8,2.9
2023-01-07,8.2,5.8,10.6,2242,0.1,0.89,2.5
2023-01-08,7.0,5.4,8.2,1835,3.5,0.86,2.7
2023-01-09,6.2,4.2,9.2,2683,1.3,0.81,3.1
2023-01-10,5.8,3.5,8.5,2626,0.0,0.76,3.2
2023-01-11,6.5,4.0,8.2,1905,7.3,0.79,3.7
2023-01-12,8.3,4.6,10.7,1975,1.8,0.83,4.9
2023-01-13,8.7,6.1,9.9,2993,0.2,0.91,4.9
2023-01-14,7.3,5.6,8.5,2576,12.3,0.88,4.3
2023-01-15,6.1,3.7,9.5,2841,0.0,0.77,5.0
2023-01-16,4.6,2.2,7.3,4039,0.0,0.7,3.8
2023-01-17,2.8,-1.6,5.2,2826,0.2,0.54,3.1
2023-01-18,0.0,-3.3,1.8,2109,0.0,0.46,2.1
2023-01-19,-0.6,-4.2,2.8,4966,0.0,0.44,2.8
2023-01-20,0.5,-1.6,2.5,2711,0.0,0.52,1.6
2023-01-21,1.0,-1.0,3.3,2215,5.7,0.55,2.7
2023-01-22,1.6,1.0,2.1,2253,0.2,0.63,2.4
2023-01-23,1.9,0.9,2.8,2291,0.0,0.63,2.2
2023-01-24,0.8,-0.3,1.5,2331,0.0,0.58,2.0
2023-01-25,0.6,-0.4,1.4,2373,0.0,0.57,1.8
2023-01-26,-0.7,-1.5,-0.2,2415,0.0,0.52,1.6
2023-01-27,1.5,-0.4,3.4,2459,0.5,0.57,2.3
2023-01-28,0.3,-2.1,1.7,2504,0.0,0.5,1.9
2023-01-29,1.0,-1.0,3.3,2871,0.2,0.55,2.9
2023-01-30,3.9,1.1,7.3,3085,2.6,0.65,5.2
2023-01-31,4.4,2.3,6.4,2645,2.4,0.7,4.7
2023-02-01,4.3,2.0,6.4,2750,5.5,0.68,5.5
2023-02-02,3.8,1.1,7.1,3815,3.9,0.64,4.1
2023-02-03,5.4,1.5,8.4,3253,3.0,0.67,5.6
2023-02-04,0.9,-3.8,4.7,6256,0.0,0.46,2.1
2023-02-05,-2.4,-5.0,1.3,4833,0.4,0.41,1.7
2023-02-06,-2.3,-4.9,0.2,2959,0.5,0.41,1.7
2023-02-07,-2.8,-7.9,2.8,8346,0.0,0.34,1.6
2023-02-08,-2.5,-6.5,2.7,8470,0.0,0.37,2.1
2023-02-09,-1.2,-4.8,3.8,7736,0.0,0.42,2.3
2023-02-10,2.3,-0.8,6.2,4745,0.0,0.56,2.6
2023-02-11,5.6,2.1,7.6,3252,0.0,0.69,3.1
2023-02-12,6.8,5.0,9.1,3505,0.6,0.84,1.7
2023-02-13,6.4,5.2,7.8,3377,0.0,0.85,1.6
2023-02-14,4.8,0.7,6.6,3441,0.0,0.63,1.4
2023-02-15,3.1,-1.8,10.4,6940,0.0,0.55,1.6
2023-02-16,6.0,-0.2,12.5,8049,0.5,0.63,2.3
2023-02-17,9.1,6.5,12.9,3639,1.5,0.95,5.0
2023-02-18,7.0,4.8,10.5,3707,9.8,0.84,4.5
2023-02-19,3.8,0.6,7.2,7446,0.0,0.63,3.3
2023-02-20,6.9,0.5,10.8,3845,0.1,0.64,4.6
2023-02-21,9.1,6.6,11.1,4057,2.2,0.94,2.8
2023-02-22,6.9,4.2,10.2,4131,0.0,0.81,1.6
2023-02-23,6.0,2.3,10.5,5148,1.4,0.72,1.8
2023-02-24,3.3,1.8,6.1,4133,4.2,0.67,3.3
2023-02-25,1.5,-1.1,3.6,4207,3.2,0.55,3.9
2023-02-26,0.5,-2.4,4.4,7732,0.0,0.51,3.1
2023-02-27,0.0,-4.1,4.8,5798,0.0,0.45,2.4
2023-02-28,1.5,-1.7,6.1,12408,0.0,0.53,2.0
2023-03-01,2.0,-3.3,8.1,12649,0.0,0.49,2.0
2023-03-02,0.3,-2.1,4.5,11874,0.0,0.51,1.9
2023-03-03,1.0,-1.7,4.5,4667,0.0,0.52,2.0
2023-03-04,4.2,1.0,7.0,4746,0.0,0.64,3.1
2023-03-05,2.1,0.5,5.6,5715,3.3,0.62,2.5
2023-03-06,0.3,-2.0,2.1,6213,2.0,0.51,2.3
2023-03-07,1.3,-1.2,3.7,4987,1.1,0.54,4.1
2023-03-08,0.7,-2.0,4.0,7568,2.9,0.52,2.4
2023-03-09,0.8,0.2,1.7,5151,8.5,0.6,2.9
2023-03-10,3.7,0.5,9.6,5573,13.5,0.63,4.2
2023-03-11,0.7,-0.8,3.2,7803,0.0,0.56,3.3
2023-03-12,2.6,-1.6,6.0,9901,1.5,0.54,2.6
2023-03-13,11.0,5.8,16.6,6619,2.4,0.93,4.4
2023-03-14,8.6,0.7,15.4,6978,7.1,0.68,4.5
2023-03-15,2.3,-0.9,7.5,10367,0.0,0.57,2.8
2023-03-16,4.0,-2.0,10.4,15072,0.0,0.55,2.7
2023-03-17,8.5,3.1,14.7,9806,0.0,0.78,2.7
2023-03-18,12.5,6.8,19.8,11021,0.8,1.02,1.9
2023-03-19,10.7,6.9,16.7,7650,1.9,1.0,1.7
2023-03-20,9.7,7.7,12.3,6171,0.2,1.02,2.4
2023-03-21,9.5,6.5,12.9,6164,0.9,0.95,2.0
2023-03-22,12.4,7.8,18.0,11064,1.3,1.06,3.2
2023-03-23,12.1,9.4,17.1,8143,2.8,1.16,3.5
2023-03-24,12.0,7.6,16.9,7668,0.9,1.04,3.9
2023-03-25,9.4,7.1,14.0,10662,4.8,0.99,4.5
2023-03-26,8.0,4.3,11.9,8152,0.5,0.82,3.2
2023-03-27,3.2,0.2,8.2,12857,1.0,0.61,3.7
2023-03-28,3.6,-0.3,9.0,15555,0.0,0.6,2.7
2023-03-29,7.0,0.8,11.7,9040,0.2,0.66,2.5
2023-03-30,11.3,8.0,19.9,10043,6.5,1.09,3.5
2023-03-31,10.3,8.0,14.9,10049,3.8,1.05,3.2
2023-04-01,7.7,3.1,11.7,7110,6.6,0.76,4.2
2023-04-02,4.4,0.5,9.2,10872,0.0,0.63,3.5
2023-04-03,2.3,-1.4,6.7,11083,0.0,0.54,2.8
2023-04-04,2.5,-2.8,7.6,16053,0.0,0.5,1.9
2023-04-05,3.6,-1.4,9.5,12340,0.0,0.56,1.3
2023-04-06,5.4,-1.6,12.5,19991,0.0,0.58,1.9
2023-04-07,4.7,1.2,7.8,9618,2.5,0.66,2.2
2023-04-08,7.4,3.2,13.3,10454,0.0,0.77,2.0
2023-04-09,7.1,1.2,14.4,19178,0.0,0.69,1.7
2023-04-10,10.8,3.7,17.5,18252,1.9,0.82,2.8
2023-04-11,8.8,2.9,13.5,12254,1.7,0.76,3.4
2023-04-12,8.5,0.5,16.3,16144,2.6,0.68,3.0
2023-04-13,9.2,4.4,14.4,9960,0.0,0.84,2.8
2023-04-14,7.5,6.2,8.7,8192,11.4,0.91,1.9
2023-04-15,9.3,7.3,10.7,8272,6.3,0.99,2.6
2023-04-16,9.0,7.1,10.7,8351,2.3,0.98,2.2
2023-04-17,7.6,5.1,12.6,11200,2.6,0.86,2.5
2023-04-18,9.0,5.2,13.7,10845,0.0,0.88,3.2
2023-04-19,7.4,2.8,13.8,17080,5.9,0.76,3.4
2023-04-20,9.5,5.0,16.3,12366,0.0,0.89,3.0
2023-04-21,14.2,6.9,21.8,22824,0.0,1.05,3.0
2023-04-22,15.7,7.1,23.8,23181,1.5,1.09,2.5
2023-04-23,13.7,9.9,18.8,14566,1.6,1.22,2.3
2023-04-24,12.7,7.5,19.5,14547,0.3,1.06,3.6
2023-04-25,8.0,3.5,11.7,10750,0.0,0.78,3.2
2023-04-26,6.7,1.7,11.8,16798,0.0,0.7,2.5
2023-04-27,8.1,5.2,13.6,16319,0.0,0.88,1.7
2023-04-28,10.7,3.3,17.1,16412,3.1,0.8,2.2
2023-04-29,11.6,7.6,15.1,9896,0.1,1.02,2.6
2023-04-30,9.3,3.8,14.9,26131,0.0,0.81,2.1
2023-05-01,12.9,3.1,20.7,22282,0.0,0.83,1.8
2023-05-02,10.9,7.4,14.8,13145,0.0,1.02,2.6
2023-05-03,9.7,3.2,15.7,26005,0.0,0.79,1.8
2023-05-04,12.8,4.5,20.3,24702,0.0,0.9,2.1
2023-05-05,15.0,7.3,22.6,21503,11.6,1.07,2.8
2023-05-06,8.7,7.6,9.9,9775,0.0,1.01,2.2
2023-05-07,11.1,5.7,16.9,15760,0.0,0.92,2.7
2023-05-08,12.0,3.8,19.6,27353,0.0,0.86,2.5
2023-05-09,13.9,6.1,20.9,26974,0.0,0.99,2.8
2023-05-10,15.8,8.2,23.4,21344,0.0,1.15,2.3
2023-05-11,17.3,10.6,24.1,21065,0.0,1.33,1.8
2023-05-12,17.9,11.9,24.3,26171,0.0,1.42,2.3
2023-05-13,16.9,10.7,23.7,24216,0.0,1.33,2.2
2023-05-14,15.7,9.9,22.2,16483,0.0,1.25,1.7
2023-05-15,14.9,9.0,23.0,17870,2.9,1.19,2.2
2023-05-16,11.7,7.1,16.8,16125,0.0,1.01,3.3
2023-05-17,10.9,6.2,16.9,25604,0.0,0.96,2.9
2023-05-18,11.6,4.3,18.0,22046,0.0,0.87,2.1
2023-05-19,13.7,6.6,20.0,19324,0.0,1.01,2.5
2023-05-20,15.0,8.6,20.6,18169,0.0,1.13,3.1
2023-05-21,20.9,12.5,28.6,23445,0.0,1.53,2.6
2023-05-22,20.8,15.1,27.9,25206,0.0,1.75,2.1
2023-05-23,14.6,8.9,18.4,10779,1.2,1.14,3.2
2023-05-24,11.2,8.3,15.5,14476,0.0,1.07,2.3
2023-05-25,14.1,7.7,20.4,27938,0.0,1.09,2.4
2023-05-26,14.2,7.6,20.5,28603,0.0,1.07,2.5
2023-05-27,15.1,6.6,22.8,28900,0.0,1.05,2.0
2023-05-28,17.7,9.7,25.0,28829,0.0,1.27,1.9
2023-05-29,16.6,9.8,22.5,24837,0.0,1.24,2.6
2023-05-30,16.3,7.8,23.4,28678,0.0,1.12,2.4
2023-05-31,18.0,8.7,25.8,29825,0.0,1.22,2.4
2023-06-01,16.4,10.6,23.2,25327,0.0,1.32,2.7
2023-06-02,14.1,7.3,21.7,21681,0.0,1.07,2.5
2023-06-03,14.3,5.6,22.3,29698,0.0,0.97,2.3
2023-06-04,17.2,9.0,25.0,30101,0.0,1.23,1.9
2023-06-05,19.7,11.0,27.4,28167,0.0,1.39,2.0
2023-06-06,19.6,14.4,24.1,15281,0.0,1.65,1.9
2023-06-07,22.8,16.3,30.0,19733,0.0,1.92,1.7
2023-06-08,23.2,15.5,31.1,23941,0.0,1.85,1.9
2023-06-09,22.8,14.7,30.5,29627,0.0,1.75,2.3
2023-06-10,20.6,13.0,29.9,25461,2.5,1.6,2.7
2023-06-11,21.5,13.6,29.2,27573,0.0,1.65,2.7
2023-06-12,20.6,13.3,27.5,28699,0.0,1.59,2.6
2023-06-13,18.9,11.9,25.9,26002,0.0,1.44,2.8
2023-06-14,18.0,10.3,25.9,18126,0.0,1.33,2.4
2023-06-15,18.9,13.3,24.3,19245,1.7,1.55,1.8
2023-06-16,16.0,12.6,21.2,15184,9.2,1.45,1.9
2023-06-17,16.5,12.4,21.8,15067,0.8,1.44,1.6
2023-06-18,20.6,13.2,27.7,28016,0.0,1.57,1.4
2023-06-19,22.3,16.3,29.9,16060,0.0,1.91,2.0
2023-06-20,21.9,18.3,26.9,17910,10.7,2.09,1.8
2023-06-21,23.7,19.3,29.3,22469,0.0,2.24,2.1
2023-06-22,23.4,17.5,30.4,21480,28.9,2.06,2.3
2023-06-23,17.2,15.2,18.5,11247,36.6,1.68,2.9
2023-06-24,19.6,13.7,25.9,27505,0.0,1.6,1.7
2023-06-25,22.4,16.6,28.4,18749,0.0,1.93,1.4
2023-06-26,22.6,15.9,32.4,22927,4.0,1.9,2.8
2023-06-27,16.3,12.8,20.9,22544,7.7,1.46,2.8
2023-06-28,18.1,12.4,24.1,23391,0.0,1.47,2.0
2023-06-29,20.6,13.7,27.0,14024,0.9,1.62,1.5
2023-06-30,18.5,15.5,21.8,12041,1.0,1.73,1.8
2023-07-01,19.1,14.7,25.6,20016,0.7,1.68,3.0
2023-07-02,18.4,13.8,23.6,20978,0.0,1.57,3.8
2023-07-03,17.8,12.8,22.6,15182,0.0,1.48,3.4
2023-07-04,18.8,14.1,24.1,22403,0.0,1.61,2.9
2023-07-05,18.6,13.3,24.3,19062,0.0,1.55,3.7
2023-07-06,18.1,11.8,23.9,23694,0.0,1.41,2.0
2023-07-07,21.5,13.8,29.2,30279,0.0,1.66,1.5
2023-07-08,24.3,15.8,32.3,30118,0.0,1.89,1.8
2023-07-09,25.2,16.6,33.4,28119,1.0,2.0,1.6
2023-07-10,22.9,16.7,29.9,22452,0.0,1.96,2.2
2023-07-11,23.5,15.4,30.9,29377,0.0,1.83,2.0
2023-07-12,23.5,16.2,28.9,22982,0.0,1.89,3.0
2023-07-13,19.9,14.6,26.6,23426,0.0,1.7,2.5
2023-07-14,20.1,12.9,27.4,23989,0.0,1.54,1.7
2023-07-15,25.3,15.8,36.1,23453,2.0,1.98,2.5
2023-07-16,23.0,18.4,28.8,23038,0.0,2.13,3.1
2023-07-17,21.5,14.3,28.0,22500,0.1,1.68,2.8
2023-07-18,19.2,12.0,25.9,26936,0.0,1.45,1.9
2023-07-19,20.2,14.4,27.3,16939,3.4,1.69,2.1
2023-07-20,17.3,13.0,23.0,18461,0.0,1.51,2.2
2023-07-21,15.9,10.9,22.1,13936,2.7,1.33,1.8
2023-07-22,17.7,12.5,23.2,22817,0.1,1.46,2.4
2023-07-23,20.5,14.2,28.1,13955,0.0,1.68,3.1
2023-07-24,21.1,14.6,28.5,17753,10.7,1.72,2.8
2023-07-25,17.3,13.9,22.0,16972,0.0,1.57,2.4
2023-07-26,15.9,11.2,21.7,21829,0.6,1.33,2.6
2023-07-27,15.2,9.8,19.3,14334,9.9,1.21,2.4
2023-07-28,18.9,16.2,24.3,14514,7.5,1.83,2.3
2023-07-29,19.1,15.5,24.5,18389,11.7,1.74,2.4
2023-07-30,18.4,14.1,24.8,20819,1.7,1.61,2.9
2023-07-31,17.5,14.0,21.5,10523,1.9,1.58,3.1
2023-08-01,17.7,15.3,22.6,14378,2.5,1.7,3.4
2023-08-02,18.6,15.0,22.6,14783,2.5,1.67,3.2
2023-08-03,18.3,15.6,23.6,15894,3.9,1.76,4.1
2023-08-04,18.6,14.3,23.5,20059,0.0,1.63,2.0
2023-08-05,17.4,12.8,22.4,17741,0.0,1.47,1.7
2023-08-06,16.1,13.6,18.9,9690,14.9,1.52,2.8
2023-08-07,16.0,13.1,20.2,14886,0.7,1.47,4.6
2023-08-08,14.8,12.0,19.9,14924,5.1,1.38,3.8
2023-08-09,15.2,11.8,20.6,19029,1.1,1.37,2.5
2023-08-10,16.3,11.1,22.2,20673,0.0,1.34,1.6
2023-08-11,19.4,13.2,25.9,21266,0.0,1.55,1.4
2023-08-12,21.3,15.8,29.2,12983,0.7,1.84,1.8
2023-08-13,21.7,16.8,26.8,18643,0.0,1.9,1.6
2023-08-14,23.0,15.9,31.4,20717,5.4,1.89,1.5
2023-08-15,23.6,18.3,31.6,19809,1.0,2.16,1.7
2023-08-16,22.7,18.3,28.3,15040,0.1,2.11,1.6
2023-08-17,21.5,17.3,26.9,13813,9.3,1.96,2.0
2023-08-18,24.0,18.6,30.5,23539,0.0,2.18,1.8
2023-08-19,24.8,18.8,33.0,22398,0.0,2.23,1.7
2023-08-20,24.4,19.9,29.8,21822,0.0,2.31,1.5
2023-08-21,23.0,19.0,28.5,18460,0.0,2.19,1.4
2023-08-22,21.8,17.7,27.3,11458,0.0,2.01,1.5
2023-08-23,21.2,15.5,27.7,22759,0.0,1.78,1.5
2023-08-24,22.2,17.0,29.0,18876,0.0,1.96,1.6
2023-08-25,23.4,18.2,29.0,15463,1.0,2.1,2.1
2023-08-26,20.1,14.9,26.6,12624,0.2,1.71,2.2
2023-08-27,17.6,14.6,21.3,8398,0.2,1.64,1.7
2023-08-28,16.3,12.5,20.2,12748,0.1,1.43,1.9
2023-08-29,15.5,13.4,17.9,8021,6.2,1.49,1.6
2023-08-30,16.4,13.0,21.5,10615,0.8,1.48,1.8
2023-08-31,14.1,10.4,18.5,12435,5.5,1.25,2.6
2023-09-01,15.2,8.3,21.9,16669,0.2,1.14,1.9
2023-09-02,17.0,12.3,22.3,13801,0.0,1.42,1.3
2023-09-03,17.2,13.4,21.8,14627,0.0,1.51,1.7
2023-09-04,18.5,12.3,26.2,20853,0.0,1.47,1.7
2023-09-05,20.7,13.8,28.5,20796,0.0,1.64,1.9
2023-09-06,21.3,13.8,29.8,20529,0.0,1.67,1.7
2023-09-07,21.4,14.5,30.0,20263,0.0,1.74,2.1
2023-09-08,21.2,13.5,30.0,19895,0.0,1.65,1.6
2023-09-09,22.5,14.4,31.3,19528,0.0,1.74,1.2
2023-09-10,22.6,15.0,30.6,19262,0.0,1.8,1.1
2023-09-11,23.2,15.4,31.3,18897,0.0,1.83,1.3
2023-09-12,22.4,17.9,29.4,16653,5.3,2.06,1.5
2023-09-13,18.3,14.0,23.4,9425,0.3,1.59,2.3
2023-09-14,14.9,10.2,20.8,15664,0.0,1.26,1.4
2023-09-15,16.2,9.8,23.8,18227,0.0,1.27,1.8
2023-09-16,18.3,11.4,26.4,17769,0.0,1.41,1.5
2023-09-17,20.3,13.6,28.5,16741,0.0,1.63,1.6
2023-09-18,19.6,15.0,25.8,10135,0.8,1.71,2.7
2023-09-19,17.6,15.0,21.0,14063,0.0,1.66,3.8
2023-09-20,18.5,13.7,25.5,13264,0.0,1.59,2.8
2023-09-21,20.7,13.6,29.1,14881,3.1,1.65,2.2
2023-09-22,16.2,13.2,19.4,6190,0.1,1.49,2.5
2023-09-23,14.1,10.7,19.0,10654,0.0,1.27,2.5
2023-09-24,14.3,9.9,21.0,12245,0.0,1.24,1.7
2023-09-25,14.7,8.1,22.8,15149,0.0,1.14,1.8
2023-09-26,17.3,11.2,24.8,13919,0.0,1.38,1.2
2023-09-27,19.5,13.2,27.4,14203,0.0,1.58,1.4
2023-09-28,19.9,14.0,27.6,14130,0.0,1.64,1.6
2023-09-29,19.2,14.3,23.1,7837,0.1,1.63,2.3
2023-09-30,14.9,11.4,20.0,10813,0.0,1.35,2.0
2023-10-01,16.2,12.4,21.1,7204,0.0,1.42,1.8
2023-10-02,19.8,13.8,26.5,12226,0.0,1.61,1.7
2023-10-03,17.6,11.9,24.3,6256,12.4,1.42,3.6
2023-10-04,13.6,10.9,17.6,7893,0.0,1.28,3.0
2023-10-05,12.7,10.7,17.0,5746,2.4,1.26,2.6
2023-10-06,14.7,11.6,18.4,6142,1.0,1.34,3.0
2023-10-07,15.8,10.9,18.5,4772,11.6,1.29,3.4
2023-10-08,11.9,9.5,15.7,10705,3.9,1.16,1.8
2023-10-09,10.2,8.6,11.5,4615,2.6,1.08,1.9
2023-10-10,14.3,10.7,16.9,4848,0.2,1.25,1.8
2023-10-11,17.7,13.2,22.9,9520,3.0,1.51,3.2
2023-10-12,14.7,11.7,19.9,4461,1.9,1.37,2.3
2023-10-13,17.4,12.8,21.6,5585,2.1,1.46,3.3
2023-10-14,13.9,7.7,20.5,8168,0.4,1.07,4.0
2023-10-15,8.0,5.3,11.5,8712,0.0,0.87,3.2
2023-10-16,7.1,4.0,11.4,7645,0.0,0.8,1.9
2023-10-17,7.4,4.5,11.4,4089,0.0,0.82,1.5
2023-10-18,6.8,1.6,12.4,10261,0.4,0.69,2.3
2023-10-19,6.6,5.3,7.5,3875,4.2,0.86,2.9
2023-10-20,6.1,4.9,7.2,3806,6.1,0.84,4.0
2023-10-21,11.5,6.8,18.1,6548,0.3,1.0,2.7
2023-10-22,12.6,9.7,16.6,6989,0.0,1.18,2.4
2023-10-23,10.8,8.2,15.9,5612,0.6,1.07,1.6
2023-10-24,11.3,8.9,13.3,3537,11.4,1.11,2.0
2023-10-25,10.9,8.3,14.8,7200,11.4,1.07,2.3
2023-10-26,9.9,9.2,11.0,3408,1.0,1.11,2.3
2023-10-27,9.6,8.8,10.4,3345,6.1,1.09,2.3
2023-10-28,10.5,8.1,13.2,3599,7.1,1.05,2.6
2023-10-29,11.5,8.2,14.7,3285,3.9,1.06,3.3
2023-10-30,12.4,10.7,15.4,3840,1.7,1.24,2.5
2023-10-31,10.9,7.1,13.1,3469,1.1,0.98,3.2
2023-11-01,10.3,6.7,14.9,5390,0.0,0.98,2.7
2023-11-02,10.8,7.2,13.4,3524,1.0,1.0,3.7
2023-11-03,9.7,7.7,11.5,3931,0.0,1.01,3.1
2023-11-04,8.3,5.3,11.8,6357,1.6,0.88,3.6
2023-11-05,10.1,7.8,13.0,3170,4.8,1.04,4.0
2023-11-06,10.7,8.3,13.0,4301,0.0,1.06,4.1
2023-11-07,9.1,6.6,13.3,4958,0.4,0.95,3.4
2023-11-08,8.3,6.0,11.4,3502,0.7,0.91,3.5
2023-11-09,9.5,6.2,11.8,2625,0.0,0.92,3.3
2023-11-10,8.3,4.8,11.0,2954,0.0,0.84,3.1
2023-11-11,5.7,2.7,8.6,2584,1.1,0.73,2.6
2023-11-12,6.3,4.7,8.1,2486,2.6,0.82,1.8
2023-11-13,6.8,3.8,9.6,4990,5.6,0.78,3.1
2023-11-14,10.5,7.8,13.1,2913,2.2,1.03,4.7
2023-11-15,7.7,4.9,10.0,3475,1.6,0.84,3.4
2023-11-16,5.9,0.8,9.2,3170,0.2,0.64,2.7
2023-11-17,4.0,0.7,5.4,2277,0.4,0.62,2.4
2023-11-18,4.1,2.8,6.1,2337,8.9,0.72,2.2
2023-11-19,7.9,3.7,11.4,2931,13.3,0.78,3.8
2023-11-20,9.5,8.3,11.0,2166,23.8,1.06,2.9
2023-11-21,4.0,-1.1,8.6,2131,0.0,0.56,2.2
2023-11-22,-0.7,-3.4,2.1,4828,0.0,0.46,2.3
2023-11-23,7.2,0.6,11.3,2065,2.2,0.64,4.9
2023-11-24,4.3,0.4,7.5,3326,1.8,0.62,4.9
2023-11-25,0.9,0.0,2.8,2461,3.1,0.59,3.4
2023-11-26,0.1,-1.6,1.9,4012,0.0,0.52,2.2
2023-11-27,0.3,-0.8,1.6,1948,6.3,0.56,2.6
2023-11-28,-1.6,-3.7,-0.3,2944,0.5,0.45,2.9
2023-11-29,-1.3,-4.4,0.7,1897,1.4,0.43,2.8
2023-11-30,-2.3,-4.7,1.5,2834,0.0,0.42,1.3
2023-12-01,-4.6,-6.3,-2.0,1893,0.0,0.37,1.6
2023-12-02,-4.1,-6.6,-1.6,1828,0.0,0.36,2.1
2023-12-03,-2.5,-5.1,-1.0,1808,0.0,0.4,2.1
2023-12-04,-2.8,-6.0,-0.6,1788,0.0,0.38,2.6
2023-12-05,-1.0,-2.8,0.3,1770,1.8,0.48,3.1
2023-12-06,0.7,0.2,1.2,1753,1.8,0.59,2.2
2023-12-07,1.0,0.5,1.7,1737,0.1,0.61,1.6
2023-12-08,0.8,0.3,1.2,1723,1.6,0.6,2.4
2023-12-09,2.7,0.9,5.3,1832,4.1,0.63,2.9
2023-12-10,5.4,2.7,7.3,1738,8.1,0.71,4.0
2023-12-11,7.7,5.7,9.4,1726,14.6,0.88,3.6
2023-12-12,5.7,3.0,8.0,2487,7.9,0.73,2.0
2023-12-13,4.9,3.6,5.9,1666,4.5,0.76,2.4
2023-12-14,3.2,2.2,4.3,1659,0.0,0.69,2.0
2023-12-15,3.3,0.0,6.1,1652,0.3,0.6,2.2
2023-12-16,7.3,5.9,8.6,2328,0.0,0.89,2.9
2023-12-17,7.5,4.6,9.7,2523,0.0,0.82,3.1
2023-12-18,5.9,3.6,7.9,1679,0.0,0.76,3.0
2023-12-19,6.2,4.9,7.1,1637,8.2,0.83,3.3
2023-12-20,5.2,3.8,6.6,1636,7.3,0.77,4.2
2023-12-21,6.8,4.0,9.5,1636,11.3,0.79,6.3
2023-12-22,3.3,0.6,4.7,2956,3.4,0.62,6.3
2023-12-23,1.9,0.6,2.6,1640,11.3,0.61,5.0
2023-12-24,7.3,0.6,12.4,1643,10.6,0.65,5.5
2023-12-25,9.8,8.6,11.2,1889,11.9,1.08,5.0
2023-12-26,8.3,4.5,10.4,2861,1.5,0.82,4.6
2023-12-27,3.5,1.1,5.3,3356,0.0,0.64,2.4
2023-12-28,8.0,4.3,10.3,2762,0.0,0.81,4.2
2023-12-29,9.2,7.2,11.6,2288,2.2,0.99,4.8
2023-12-30,6.4,4.5,8.5,1729,0.0,0.81,3.4
2023-12-31,6.3,3.9,8.7,1700,0.5,0.78,3.1
2024-01-01,6.2,3.9,8.4,1754,0.8,0.78,3.7
2024-01-02,5.0,2.5,8.4,1727,11.2,0.72,4.1
2024-01-03,9.1,7.4,11.5,1867,0.5,1.0,5.3
2024-01-04,3.9,-1.1,8.7,1758,1.3,0.57,4.0
2024-01-05,0.5,-0.3,1.3,1776,4.0,0.57,2.9
2024-01-06,0.0,-1.6,1.2,1794,0.3,0.52,2.6
2024-01-07,-2.0,-7.3,-0.4,1814,0.0,0.35,3.5
2024-01-08,-7.1,-9.8,-3.8,4984,0.0,0.28,3.5
2024-01-09,-8.3,-11.3,-4.0,5119,0.0,0.25,2.3
2024-01-10,-6.7,-10.3,-1.3,5169,0.0,0.28,1.6
2024-01-11,-4.2,-9.4,0.0,1905,0.2,0.3,1.7
2024-01-12,-0.2,-1.2,1.1,1930,0.6,0.54,2.0
2024-01-13,1.8,0.7,2.9,1957,2.2,0.62,3.4
2024-01-14,2.2,1.0,3.5,2213,0.5,0.63,3.6
2024-01-15,1.1,-0.9,2.6,2014,3.6,0.55,4.3
2024-01-16,-0.9,-3.8,0.7,2045,0.0,0.45,2.6
2024-01-17,-2.5,-5.4,-0.2,3013,1.1,0.4,2.4
2024-01-18,-2.5,-5.3,-0.5,3151,0.0,0.4,2.3
2024-01-19,-1.3,-5.4,2.1,5396,0.0,0.4,3.1
2024-01-20,0.0,-4.1,2.9,4645,0.0,0.45,3.1
2024-01-21,-0.3,-4.9,3.4,2997,0.0,0.42,3.4
2024-01-22,6.3,2.4,10.0,2253,2.1,0.71,5.0
2024-01-23,5.6,3.1,8.6,2691,4.5,0.74,4.6
2024-01-24,8.7,4.4,11.1,3141,2.6,0.82,6.6
2024-01-25,6.8,1.6,9.2,3038,0.0,0.68,3.7
2024-01-26,5.1,0.8,9.5,2415,2.8,0.64,3.9
2024-01-27,4.4,1.1,7.3,4030,0.0,0.65,2.7
2024-01-28,2.6,-1.5,8.0,6851,0.0,0.55,2.0
2024-01-29,4.6,-0.5,9.9,6144,0.0,0.6,2.0
2024-01-30,5.4,1.8,8.8,3574,0.0,0.69,2.2
2024-01-31,5.6,3.7,8.8,2645,1.1,0.77,2.9
2024-02-01,5.9,4.0,8.8,5588,0.1,0.79,3.7
2024-02-02,6.2,3.5,8.5,2745,0.0,0.76,3.9
2024-02-03,9.3,6.7,11.1,2797,7.7,0.96,4.4
2024-02-04,7.1,4.9,8.5,2908,11.1,0.84,4.8
2024-02-05,9.7,8.0,10.3,2904,1.1,1.03,5.5
2024-02-06,10.1,8.5,11.6,2959,9.6,1.08,5.7
2024-02-07,3.8,-0.3,8.7,3196,0.5,0.59,4.1
2024-02-08,1.4,-0.8,4.5,3316,6.5,0.56,2.3
2024-02-09,4.3,0.5,9.7,3132,6.8,0.63,3.0
2024-02-10,10.0,8.7,13.9,4683,0.6,1.1,2.1
2024-02-11,8.0,6.4,9.2,3252,10.8,0.92,2.9
2024-02-12,7.1,3.8,10.1,3887,0.4,0.78,2.5
2024-02-13,4.9,1.5,9.7,6278,0.0,0.68,2.6
2024-02-14,6.3,2.0,9.7,3441,4.7,0.7,2.7
2024-02-15,11.2,8.9,13.6,3506,0.0,1.11,2.1
2024-02-16,11.9,8.5,16.6,4507,1.8,1.09,2.6
2024-02-17,8.7,5.6,11.3,4653,0.0,0.89,2.4
2024-02-18,6.9,2.1,11.0,5075,5.2,0.71,2.5
2024-02-19,7.7,6.0,8.8,3775,4.7,0.9,3.7
2024-02-20,7.7,6.7,9.3,4055,2.2,0.95,3.2
2024-02-21,8.3,6.5,12.1,4625,0.1,0.94,3.2
2024-02-22,9.7,7.8,11.9,4274,5.6,1.03,4.1
2024-02-23,7.6,3.0,11.3,6163,0.0,0.75,4.1
2024-02-24,5.5,0.5,11.5,8241,0.0,0.65,2.5
2024-02-25,5.8,0.8,12.8,8584,0.0,0.67,2.3
2024-02-26,6.4,0.9,12.5,8632,0.0,0.66,2.1
2024-02-27,4.3,2.3,5.9,4357,0.0,0.69,2.1
2024-02-28,2.9,-0.9,5.8,6964,0.0,0.56,1.7
2024-02-29,4.3,-2.1,11.4,11641,0.0,0.55,2.4
2024-03-01,7.4,4.1,10.8,5529,0.5,0.8,2.1
2024-03-02,8.8,6.4,14.2,6488,0.0,0.95,2.2
2024-03-03,9.5,6.1,15.1,8106,0.0,0.94,2.3
2024-03-04,9.0,5.2,14.0,10161,0.0,0.88,2.0
2024-03-05,5.3,0.0,9.3,9724,0.0,0.61,2.3
2024-03-06,4.2,-0.7,9.6,10184,0.0,0.59,1.9
2024-03-07,5.0,-0.2,9.7,13400,0.0,0.6,2.6
2024-03-08,3.4,-2.2,10.0,14068,0.0,0.53,3.2
2024-03-09,4.7,-0.8,10.9,9396,0.0,0.59,3.0
2024-03-10,7.8,1.8,12.6,9947,0.0,0.7,3.4
2024-03-11,10.4,7.3,14.3,6006,0.0,1.01,2.8
2024-03-12,9.7,5.4,15.6,9939,0.0,0.91,2.0
2024-03-13,9.6,4.5,14.9,13151,0.4,0.85,2.0
2024-03-14,11.2,8.2,15.6,6542,0.0,1.07,2.1
2024-03-15,12.4,7.4,19.5,10494,0.0,1.05,2.9
2024-03-16,8.8,2.8,14.8,7814,1.7,0.77,3.5
2024-03-17,4.5,-0.1,9.6,13031,0.0,0.61,1.8
2024-03-18,2.5,-2.5,8.9,16216,0.0,0.52,2.0
2024-03-19,4.3,-2.8,11.3,15273,0.0,0.52,1.7
2024-03-20,10.9,3.1,18.7,12718,0.4,0.82,1.3
2024-03-21,10.4,6.0,15.1,7666,8.3,0.93,2.4
2024-03-22,9.4,6.1,13.7,6431,7.0,0.93,2.6
2024-03-23,5.6,2.0,9.8,9202,5.1,0.7,3.3
2024-03-24,4.9,1.2,8.8,9696,4.6,0.66,4.2
2024-03-25,6.3,2.5,10.8,8152,0.1,0.73,2.6
2024-03-26,7.1,0.2,14.8,14524,0.0,0.66,2.6
2024-03-27,11.8,4.4,19.1,14469,0.0,0.88,2.4
2024-03-28,10.0,7.2,15.9,10134,0.3,1.0,3.4
2024-03-29,10.4,5.1,16.2,8040,0.5,0.9,2.8
2024-03-30,15.2,7.6,24.4,11863,0.0,1.13,2.1
2024-03-31,14.1,9.5,19.5,12894,0.0,1.19,1.9
2024-04-01,12.6,8.7,20.8,9340,1.7,1.15,2.9
2024-04-02,11.1,7.5,15.7,12420,2.0,1.03,4.3
2024-04-03,10.5,8.2,13.0,7675,2.4,1.06,2.7
2024-04-04,11.5,8.0,15.2,11820,2.8,1.05,3.6
2024-04-05,14.3,9.0,18.9,11930,0.4,1.15,3.2
2024-04-06,17.7,11.3,24.7,16462,0.0,1.38,2.4
2024-04-07,19.5,13.6,24.7,13843,0.0,1.56,2.4
2024-04-08,20.3,14.6,27.8,13853,0.0,1.7,1.8
2024-04-09,18.2,10.9,27.4,13541,0.1,1.39,3.3
2024-04-10,11.7,7.0,15.3,10424,0.0,0.99,2.6
2024-04-11,12.5,5.1,18.2,14305,0.0,0.91,2.3
2024-04-12,16.1,12.5,21.6,11156,0.0,1.45,2.3
2024-04-13,17.7,11.6,23.5,19446,0.0,1.38,2.5
2024-04-14,14.9,9.0,17.5,15188,0.0,1.13,3.2
2024-04-15,10.4,5.6,15.5,11109,2.2,0.91,3.2
2024-04-16,7.1,3.0,11.6,10757,2.0,0.75,4.0
2024-04-17,6.9,2.6,12.8,14851,0.3,0.74,2.1
2024-04-18,7.0,0.3,12.9,18197,0.0,0.64,2.2
2024-04-19,6.4,4.6,9.7,9784,9.9,0.82,4.0
2024-04-20,6.6,2.7,10.9,14373,0.0,0.74,2.8
2024-04-21,5.0,-0.4,10.7,16846,0.0,0.6,2.5
2024-04-22,3.0,-2.0,7.7,15475,0.0,0.53,2.0
2024-04-23,5.2,-1.4,12.0,19220,0.0,0.58,2.0
2024-04-24,6.7,2.9,10.8,9492,0.1,0.75,2.5
2024-04-25,5.4,1.4,10.5,12780,1.7,0.67,2.3
2024-04-26,9.8,3.1,16.0,18738,0.0,0.79,2.1
2024-04-27,14.3,5.2,22.1,23000,0.0,0.96,2.1
2024-04-28,17.4,9.0,25.2,20910,0.0,1.22,2.7
2024-04-29,16.6,12.1,22.2,17642,0.0,1.41,1.8
2024-04-30,19.9,10.8,28.9,24965,0.0,1.4,2.1
2024-05-01,20.4,12.8,28.2,24608,0.0,1.56,3.0
2024-05-02,20.2,13.1,27.4,21431,0.0,1.57,3.3
2024-05-03,18.0,11.9,23.3,18587,1.5,1.4,2.8
2024-05-04,15.9,11.0,21.8,22328,0.0,1.31,1.6
2024-05-05,15.7,9.5,22.0,16394,0.0,1.23,2.6
2024-05-06,13.9,7.5,20.3,25001,0.0,1.06,1.9
2024-05-07,11.5,8.2,16.4,11321,0.0,1.08,2.1
2024-05-08,13.1,6.5,20.5,23761,0.0,1.01,1.8
2024-05-09,14.3,6.7,21.3,25876,0.0,1.04,1.5
2024-05-10,17.3,10.7,23.6,20109,0.0,1.32,1.6
2024-05-11,15.5,10.4,20.8,17310,0.0,1.26,1.8
2024-05-12,15.7,8.8,23.0,28175,0.0,1.18,2.4
2024-05-13,17.5,8.8,25.8,28501,0.0,1.22,2.4
2024-05-14,18.8,10.6,26.9,28344,0.0,1.37,3.1
2024-05-15,20.3,12.0,27.5,28424,0.0,1.47,3.1
2024-05-16,20.2,13.1,27.7,21256,0.0,1.57,3.3
2024-05-17,19.7,13.2,26.9,24586,0.0,1.57,3.4
2024-05-18,16.3,11.9,20.2,14600,0.0,1.37,2.1
2024-05-19,16.0,12.0,21.5,16592,3.1,1.41,1.8
2024-05-20,16.5,12.2,22.3,20166,5.4,1.42,1.6
2024-05-21,20.7,12.4,27.7,23626,0.0,1.52,2.9
2024-05-22,19.7,14.8,25.6,13823,18.3,1.69,2.7
2024-05-23,18.7,14.6,24.4,23128,0.0,1.65,1.9
2024-05-24,19.0,13.8,26.1,22814,20.1,1.61,1.7
2024-05-25,18.6,14.3,25.5,17858,4.8,1.64,1.6
2024-05-26,19.6,12.9,26.1,26334,0.3,1.53,1.7
2024-05-27,20.2,16.2,25.5,17942,1.4,1.84,1.8
2024-05-28,16.2,11.4,20.3,15288,3.2,1.34,2.2
2024-05-29,16.8,10.3,23.0,17161,0.5,1.28,2.4
2024-05-30,16.1,13.0,19.4,13764,6.5,1.46,1.8
2024-05-31,17.8,13.5,22.9,18457,0.0,1.54,2.2
2024-06-01,20.8,14.7,27.9,21804,0.1,1.71,2.6
2024-06-02,19.1,15.0,25.0,20731,0.6,1.71,2.9
2024-06-03,14.3,11.6,16.9,11299,0.0,1.33,2.3
2024-06-04,16.4,12.7,21.3,15380,0.0,1.46,1.6
2024-06-05,16.3,12.3,21.0,13067,3.7,1.41,2.5
2024-06-06,15.6,10.3,22.1,23917,1.7,1.27,1.9
2024-06-07,16.0,10.5,21.5,25049,0.0,1.28,1.8
2024-06-08,19.1,10.5,26.8,26302,0.0,1.34,2.4
2024-06-09,16.1,10.3,22.0,28786,0.0,1.27,2.5
2024-06-10,14.6,9.7,19.4,18333,1.9,1.21,2.4
2024-06-11,13.2,9.0,18.5,17116,0.0,1.15,3.1
2024-06-12,13.0,8.3,18.5,22675,0.7,1.1,2.3
2024-06-13,14.2,8.6,20.2,23919,0.0,1.13,1.8
2024-06-14,14.4,10.1,20.9,11971,1.9,1.24,2.4
2024-06-15,16.7,11.5,23.1,17526,3.7,1.38,3.2
2024-06-16,19.0,11.9,25.1,24560,0.0,1.44,2.4
2024-06-17,19.0,14.7,24.7,20002,1.3,1.67,1.9
2024-06-18,19.8,14.5,27.8,20251,9.5,1.7,1.6
2024-06-19,16.0,11.7,18.4,14458,1.1,1.34,2.2
2024-06-20,17.5,10.3,24.0,25921,0.0,1.29,1.7
2024-06-21,20.2,15.5,26.8,16427,1.9,1.77,2.1
2024-06-22,19.0,14.7,23.1,16915,8.5,1.66,2.9
2024-06-23,18.8,14.8,23.6,19497,0.0,1.68,1.9
2024-06-24,19.6,13.5,25.7,26140,0.0,1.58,1.7
2024-06-25,21.5,14.4,28.0,29700,0.0,1.68,2.2
2024-06-26,24.7,16.7,31.6,29932,0.0,2.0,1.9
2024-06-27,24.0,19.7,30.2,18961,2.4,2.31,1.8
2024-06-28,22.8,16.6,28.7,25343,1.8,1.92,2.5
2024-06-29,23.3,14.6,30.7,27046,2.1,1.76,1.8
2024-06-30,21.4,16.6,27.5,13254,2.6,1.89,2.8
2024-07-01,17.0,13.4,19.9,14342,8.0,1.51,2.3
2024-07-02,15.1,12.8,18.6,13094,2.4,1.45,2.7
2024-07-03,15.1,12.0,19.1,14423,0.0,1.37,2.2
2024-07-04,15.4,10.9,19.7,16854,0.7,1.3,3.2
2024-07-05,16.6,9.2,23.4,21610,0.0,1.21,2.8
2024-07-06,21.9,14.4,32.0,23662,0.2,1.76,3.2
2024-07-07,19.0,13.6,24.3,27179,0.0,1.56,2.4
2024-07-08,21.1,13.6,27.4,22122,0.0,1.61,1.6
2024-07-09,25.1,17.1,32.5,27955,0.0,2.05,2.0
2024-07-10,23.3,19.0,30.5,20091,31.2,2.23,1.9
2024-07-11,22.0,18.6,27.2,21639,0.2,2.13,1.6
2024-07-12,20.2,17.5,24.0,11473,16.8,1.97,2.3
2024-07-13,17.7,13.5,22.8,19115,0.0,1.53,2.5
2024-07-14,19.0,14.1,24.8,19436,0.6,1.61,1.9
2024-07-15,22.6,15.3,29.8,27780,0.0,1.81,1.8
2024-07-16,21.5,16.4,28.6,16427,1.9,1.91,2.6
2024-07-17,19.3,13.7,24.6,20020,0.0,1.58,2.4
2024-07-18,20.4,14.1,27.0,27965,0.0,1.66,1.4
2024-07-19,22.9,16.2,30.1,25965,0.0,1.89,1.4
2024-07-20,23.9,17.8,31.1,23000,0.0,2.1,1.6
2024-07-21,23.9,18.0,33.7,23058,0.3,2.15,1.8
2024-07-22,20.0,14.6,23.5,14317,0.2,1.64,2.5
2024-07-23,19.4,13.8,28.3,17392,3.3,1.65,2.2
2024-07-24,19.0,14.1,23.9,20096,0.3,1.6,2.5
2024-07-25,17.7,11.0,24.2,26866,0.0,1.34,1.4
2024-07-26,19.8,13.7,24.8,14574,2.2,1.57,1.8
2024-07-27,19.9,17.1,24.0,11048,27.6,1.92,1.3
2024-07-28,18.2,13.9,22.9,20059,2.9,1.58,2.5
2024-07-29,18.3,11.9,24.8,28081,0.0,1.42,1.7
2024-07-30,21.0,13.2,28.8,27395,0.0,1.59,1.4
2024-07-31,23.6,17.1,30.5,22085,0.0,1.99,1.5
2024-08-01,23.1,16.6,29.2,25904,0.0,1.93,1.7
2024-08-02,19.6,17.6,22.6,9992,0.0,1.95,1.8
2024-08-03,20.6,14.0,26.1,24063,5.1,1.62,1.5
2024-08-04,19.6,15.7,25.8,17153,5.5,1.79,2.3
2024-08-05,18.4,13.0,24.2,22111,0.0,1.51,1.5
2024-08-06,20.5,13.7,26.9,25755,0.0,1.61,1.5
2024-08-07,22.3,14.7,30.3,22501,3.1,1.77,1.8
2024-08-08,20.2,15.8,25.2,17750,0.0,1.78,1.8
2024-08-09,19.9,14.9,25.1,14299,1.2,1.71,2.7
2024-08-10,20.9,13.9,27.3,23692,0.0,1.64,2.3
2024-08-11,21.3,15.8,26.7,23811,0.0,1.8,1.8
2024-08-12,21.5,14.5,29.1,25533,0.0,1.73,1.6
2024-08-13,23.0,14.6,31.7,24494,0.0,1.77,2.1
2024-08-14,24.4,17.2,34.0,22204,1.4,2.08,1.8
2024-08-15,23.5,18.9,29.1,19359,0.0,2.17,1.7
2024-08-16,23.9,17.8,31.0,20722,0.0,2.09,1.9
2024-08-17,23.4,19.0,29.5,15415,0.0,2.21,1.5
2024-08-18,20.2,17.0,24.0,9358,0.0,1.89,1.7
2024-08-19,18.8,14.4,24.1,18911,0.0,1.65,1.7
2024-08-20,20.9,12.9,28.4,22363,0.0,1.58,1.8
2024-08-21,19.7,12.4,23.8,15456,0.0,1.45,3.2
2024-08-22,18.7,12.6,25.5,14244,0.0,1.49,2.3
2024-08-23,23.3,15.8,31.0,19537,0.0,1.89,3.2
2024-08-24,25.6,17.4,33.4,22916,0.2,2.1,2.6
2024-08-25,20.7,14.6,26.3,13170,0.0,1.68,2.8
2024-08-26,19.4,12.2,26.6,17085,0.0,1.47,1.6
2024-08-27,19.6,12.1,27.8,22257,0.0,1.49,1.7
2024-08-28,22.6,14.1,31.5,21676,0.0,1.71,1.8
2024-08-29,27.0,18.9,35.5,20670,0.0,2.31,1.6
2024-08-30,22.8,16.0,29.6,17756,0.0,1.88,1.9
